tree
version=v4
num_class=1
num_tree_per_iteration=1
label_index=0
max_feature_idx=19
objective=regression
feature_names=Column_0 Column_1 Column_2 Column_3 Column_4 Column_5 Column_6 Column_7 Column_8 Column_9 Column_10 Column_11 Column_12 Column_13 Column_14 Column_15 Column_16 Column_17 Column_18 Column_19
feature_infos=[-1.0861599988792043:10.189684088524064] [-0.87211385860224899:11.937365132084347] [-1.1451834008242658:5.7735940410984616] [-1.5161527034601343:7.4702656961611247] [-1.7995320204727738:8.1067334823600259] [-0.12998344982768556:9.384805077558898] [-0.17993539843104003:7.3037413999508525] [-0.13963741347625905:7.16140449113957] [-0.8941060383049958:5.5672904573520032] [-0.61929944551693439:7.1105282759992914] [-0.70084555892747435:10.744894513645539] [-0.64842227833460198:14.121548039223825] [-1.2306950701898065:7.1544964219350451] [-3.1013147831740477:1.3213894575782994] [-1.089970558897295:7.1175041042410019] [-1.7581739567645498:1.2975866069475663] [-1.1016251089872955:3.4246090469881452] [-0.47873882628142322:10.064167742187557] none none
tree_sizes=2614 2777 2792 2786 2796 2788 2787 2794 2790 2789 2804 2803 2794 2811 2798 2802 2804 2822 2821 2813 2815 2825 2813 2816 2819 2831 2839 2827 2820 2826 2811 2825 2818 2840 2821 2835 2845 2850 2857 2856 2852 2848 2839 2840 2836 2852 2844 2855 2855 2871 2851 2862 2866 2869 2868 2854 2864 2860 2883 2854 2874 2868 2862 2867 2878 2884 2875 2864 2870 2869 2885 2890 2897 2875 2876 2880 2879 2875 2885 2891 2870 2896 2895 2911 2892 2881 2882 2893 2891 2878 2887 2882 2896 2889 2901 2905 2885 2891 2896 2895

Tree=0
num_leaves=31
num_cat=0
split_feature=3 0 3 10 2 10 0 4 0 13 10 10 1 10 4 2 15 0 4 15 3 3 12 4 0 3 12 15 3 10
split_gain=359.058 111.68 87.0093 33.4673 28.5707 21.563 18.5962 18.5689 11.4574 9.33629 6.97551 6.14581 5.88556 5.96531 5.0543 3.28959 3.16629 2.86095 2.80958 2.73721 2.63848 3.00537 2.25619 2.19732 1.94423 1.94172 2.03237 1.90719 1.75231 1.60716
threshold=-0.3195013475654967 -0.89837204004824489 0.46544516292089827 0.49474733638504975 -0.95925924973237553 -0.27885159331801973 1.2078739375719867 -1.3656285082275821 -0.37626290120970746 -0.54561571977517043 -0.26116933206766385 -0.50933925045552553 -0.74450939785583337 0.72310199347662119 -0.88287817739755947 2.2910719004159881 1.0794053026985215 2.7031891007481614 -0.33527103393148966 0.06993480047622376 -0.70075617521241784 -0.52709949497209974 -1.023960759407941 -1.1511272613985399 -0.69322553040097845 0.24508319227975625 0.96402982538736748 0.087963787802125146 -0.12066044210904817 -0.38117376943458953
decision_type=2 2 2 2 2 2 2 2 2 2 2 2 2 2 2 2 2 2 2 2 2 2 2 2 2 2 2 2 2 2
left_child=1 7 5 4 23 11 10 -1 9 20 -4 -2 -7 28 -11 27 25 -8 -10 22 -6 -22 -16 -3 -21 26 29 -12 -14 -13
right_child=2 3 6 -5 8 12 17 -9 18 14 15 16 13 -15 19 -17 -18 -19 -20 24 21 -23 -24 -25 -26 -27 -28 -29 -30 -31
leaf_value=9.1828729308084114 9.2935208454774436 9.2661318114996263 9.335682239569719 9.3410425252359968 9.2572552510840858 9.360984474097009 9.3768468660192195 9.240603957250034 9.3012662132336708 9.2749112249143462 9.3461001521301732 9.3122552946617034 9.3162806464591164 9.3541095815687694 9.3025110992534117 9.3761325356676775 9.3311390136090147 9.4004327806575265 9.3211207074949023 9.2939149110260768 9.2914789094981991 9.2650345843504311 9.280971044209176 9.2476723943160302 9.3120927543290879 9.3263375182601074 9.3227884272677866 9.3585190330867949 9.3307524567225251 9.2988336697267115
leaf_weight=26 38 28 46 29 24 20 36 30 49 30 43 54 26 26 20 21 28 20 28 24 21 22 31 38 38 22 25 110 107 38
leaf_count=26 38 28 46 29 24 20 36 30 49 30 43 54 26 26 20 21 28 20 28 24 21 22 31 38 38 22 25 110 107 38
internal_value=9.31484 9.27974 9.33813 9.28941 9.28517 9.32274 9.35955 9.2138 9.29199 9.28594 9.353 9.31167 9.33542 9.33221 9.29315 9.35758 9.3158 9.38527 9.30849 9.298 9.27054 9.27795 9.28942 9.2555 9.30506 9.31271 9.31015 9.35503 9.32792 9.30671
internal_weight=1098 438 660 382 353 384 276 56 287 210 220 205 179 159 143 174 167 56 77 113 67 43 51 66 62 139 117 153 133 92
internal_count=1098 438 660 382 353 384 276 56 287 210 220 205 179 159 143 174 167 56 77 113 67 43 51 66 62 139 117 153 133 92
is_linear=0
shrinkage=1


Tree=1
num_leaves=31
num_cat=0
split_feature=3 0 3 10 2 10 0 4 10 13 4 10 4 1 10 3 3 2 3 4 0 15 1 15 3 15 8 1 11 3
split_gain=324.05 100.791 78.5259 30.2043 25.785 19.4606 16.783 16.7584 10.6727 8.82626 7.06359 6.2954 5.97056 5.31172 5.38369 3.76733 2.9987 2.96886 2.72415 2.67325 2.50303 2.21999 2.09818 1.72124 1.58146 1.43017 1.43757 1.28943 3.23297 1.66894
threshold=-0.3195013475654967 -0.89837204004824489 0.46544516292089827 0.49474733638504975 -0.95925924973237553 -0.27885159331801973 1.2078739375719867 -1.3656285082275821 -0.22215707035796264 -0.528135426403889 -0.88287817739755947 -0.26116933206766385 -0.45060833801473704 -0.74450939785583337 0.72310199347662119 0.13959563074946416 -0.70075617521241784 2.2910719004159881 -0.68713379884551085 1.7878502180031897 -0.4236044034359997 0.06993480047622376 -0.85308116536435008 0.087963787802125146 -0.12066044210904817 0.26428117232831416 0.51932444511997289 -0.42766162599349683 -0.49032468422614545 0.67539002222264077
decision_type=2 2 2 2 2 2 2 2 2 2 2 2 2 2 2 2 2 2 2 2 2 2 2 2 2 2 2 2 2 2
left_child=1 7 5 4 22 12 11 -1 9 16 -11 -4 -2 -7 24 -14 -6 23 -10 -8 21 -12 -3 -13 -15 26 -26 28 -25 -29
right_child=2 3 6 -5 8 13 19 -9 18 10 20 17 15 14 -16 -17 -18 -19 -20 -21 -22 -23 -24 27 25 -27 -28 29 -30 -31
leaf_value=-0.12536856302848229 -0.028269708600072635 -0.04565490882981707 0.019800278819773511 0.024892550437101004 -0.053259391597072991 0.043837402760982518 0.058766496347056496 -0.070524088597546025 -0.015829874992370607 -0.042492999191637397 -0.025981031341308899 0.029697295468907026 -0.0048005208611315081 0.0013687652786477256 0.037306254306951392 0.010828067176043989 -0.03296384187236142 0.058228061312720895 0.0056548218145811317 0.081565607488155376 0.00064919671124738206 -0.010721066332637119 -0.063787073336350614 0.04915640007704497 5.5225542746484285e-05 0.02033093676791858 0.017361114329348008 0.033614628165960315 0.02138043703003363 0.050805944421639049
leaf_weight=26 21 27 46 29 28 20 36 30 25 27 44 43 129 26 26 55 52 21 36 20 23 52 39 20 24 59 24 20 22 48
leaf_count=26 21 27 46 29 28 20 36 30 25 27 44 43 129 26 26 55 52 21 36 20 23 52 39 20 24 59 24 20 22 48
internal_value=-7.65712e-11 -0.0333434 0.0221279 -0.0241599 -0.0281897 0.00750632 0.0424709 -0.0959876 -0.0217094 -0.0267187 -0.0194044 0.0362503 -0.00301165 0.019552 0.0164973 -0.000128932 -0.0400673 0.0405991 -0.00315038 0.066909 -0.0141658 -0.0177152 -0.0563694 0.0381795 0.0124294 0.015117 0.00870817 0.0414952 0.0346071 0.0457497
internal_weight=1098 438 660 382 353 384 276 56 287 226 146 220 205 179 159 184 80 174 61 56 119 96 66 153 133 107 48 110 42 68
internal_count=1098 438 660 382 353 384 276 56 287 226 146 220 205 179 159 184 80 174 61 56 119 96 66 153 133 107 48 110 42 68
is_linear=0
shrinkage=0.05


Tree=2
num_leaves=31
num_cat=0
split_feature=3 0 3 10 2 10 0 4 10 13 4 10 10 1 10 15 3 2 0 3 0 4 15 12 3 15 3 9 2 1
split_gain=292.455 90.9637 70.8696 27.2594 23.271 17.5632 15.1467 15.1244 9.63208 7.9657 6.37489 5.68159 5.42344 4.79382 4.85878 2.83334 2.70633 2.67939 2.58493 2.45855 2.25899 2.04014 2.00354 1.65111 2.11377 1.55342 1.44039 1.28796 1.17398 1.16371
threshold=-0.3195013475654967 -0.89837204004824489 0.46544516292089827 0.49474733638504975 -0.95925924973237553 -0.27885159331801973 1.2078739375719867 -1.3656285082275821 -0.22215707035796264 -0.528135426403889 -0.88287817739755947 -0.26116933206766385 -0.50933925045552553 -0.74450939785583337 0.72310199347662119 1.0794053026985215 -0.70075617521241784 2.2910719004159881 2.7031891007481614 -0.68713379884551085 -0.4236044034359997 -1.1511272613985399 0.06993480047622376 1.0360121041456998 0.17542591480695893 0.087963787802125146 -0.10131437819302065 -0.068060824970651676 -0.2841061112051429 -0.42766162599349683
decision_type=2 2 2 2 2 2 2 2 2 2 2 2 2 2 2 2 2 2 2 2 2 2 2 2 2 2 2 2 2 2
left_child=1 7 5 4 21 12 11 -1 9 16 -11 -4 -2 -7 26 23 -6 25 -8 -10 22 -3 -12 24 28 -13 -15 -18 -14 -27
right_child=2 3 6 -5 8 13 18 -9 19 10 20 17 15 14 -16 -17 27 -19 -20 -21 -22 -23 -24 -25 -26 29 -28 -29 -30 -31
leaf_value=-0.1191001363671743 -0.019909992064104268 -0.043309926627469915 0.01881026521972988 0.023647922283873479 -0.050596422499178777 0.04164553163573146 0.055556697067287233 -0.066997885157664624 -0.015038381412625312 -0.040368348829172278 -0.024681979771280154 0.028212431008212791 -0.0024832768161304115 0.0027499956925484269 0.035440941036750488 0.015529070609773044 -0.021362064797431232 0.055316655834515893 0.077975982427597054 0.0053720807113374278 0.00061673677485922116 -0.061096882231925664 -0.010185012866098148 0.0094559617143554191 0.0071199528764580092 0.032876733034139592 0.014797001494211147 -0.037536640450707641 -0.014308640677048718 0.043462191056460146
leaf_weight=26 38 28 46 29 28 20 36 30 25 27 44 43 41 33 26 28 20 21 20 36 23 38 52 26 29 42 100 32 43 68
leaf_count=26 38 28 46 29 28 20 36 30 25 27 44 43 41 33 26 28 20 21 20 36 23 38 52 26 29 42 100 32 43 68
internal_value=-1.57367e-10 -0.0316762 0.0210215 -0.0229519 -0.0267802 0.00713101 0.0403474 -0.0911882 -0.0206239 -0.0253828 -0.0184342 0.0344378 -0.00286106 0.0185744 0.0156724 0.00101833 -0.0380639 0.0385692 0.0635636 -0.00299286 -0.0134575 -0.0535509 -0.0168295 -0.00190469 -0.00451865 0.0362705 0.0118079 -0.0313156 -0.00853674 0.0394205
internal_weight=1098 438 660 382 353 384 276 56 287 226 146 220 205 179 159 167 80 174 56 61 119 66 96 139 113 153 133 52 84 110
internal_count=1098 438 660 382 353 384 276 56 287 226 146 220 205 179 159 167 80 174 56 61 119 66 96 139 113 153 133 52 84 110
is_linear=0
shrinkage=0.05


Tree=3
num_leaves=31
num_cat=0
split_feature=3 0 3 0 2 10 4 3 16 10 10 4 10 3 1 10 0 3 2 4 3 17 15 11 1 1 3 17 10 0
split_gain=263.94 82.0947 64.0917 24.6029 20.5925 17.7253 13.6498 12.6143 8.92113 6.79573 5.68909 5.68756 5.6722 5.01447 4.86916 4.29216 4.23333 3.77085 2.51659 2.46519 2.39675 3.58328 2.38493 2.50414 4.64385 2.22529 1.83029 1.58287 1.40823 1.30265
threshold=-0.3195013475654967 -0.89837204004824489 0.57442417385615396 0.18665010383339622 -0.95925924973237553 -0.27885159331801973 -1.3656285082275821 2.5018187191470145 -0.050711765793255766 1.5087570103958425 1.0157248693435246 -0.45060833801473704 -0.567208469093054 -0.70075617521241784 -0.73151975687874804 0.78440256001413111 -0.19771780709911949 0.13959563074946416 -0.21436313471260895 -0.60303001607375939 -0.60087782748026386 2.0669653657063365 -0.51554892353101767 -0.51063801942270104 -0.52100883549701071 -0.85308116536435008 -0.42378693471047352 -0.44587958798628685 0.18561689494526171 -0.32238376296168908
decision_type=2 2 2 2 2 2 2 2 2 2 2 2 2 2 2 2 2 2 2 2 2 2 2 2 2 2 2 2 2 2
left_child=1 6 5 4 25 11 -1 9 12 16 14 -2 -6 -10 -7 -5 -4 29 -16 -15 21 -14 -18 -24 -25 -3 -22 -21 -20 -13
right_child=2 3 7 15 8 10 -8 -9 13 -11 -12 17 20 19 18 -17 22 -19 28 27 26 -23 23 24 -26 -27 -28 -29 -30 -31
leaf_value=-0.11314512863755227 -0.026701196132316474 -0.04054789071281751 0.014077017933130265 -0.0017869610246270895 -0.036718389487359671 0.03760048628530719 -0.063647989674160882 0.07473520686229071 -0.046746526060230803 0.06005504363112979 0.041512348627050721 -0.0010375074580382638 -0.021295068266929368 -0.0094433053481307906 0.004331107735554925 0.030578029936268215 0.020368211077792304 0.01062123298993356 0.013000951040100071 -0.03364657435414134 0.0061309810224417097 0.0036761248728726065 0.051005307524915666 0.013729891855092276 0.039711535431836781 -0.059321434136578123 -0.01235034081619233 -0.017746584481843141 0.025627456076087102 -0.01214671831128087
leaf_weight=26 21 27 25 20 20 22 30 24 33 27 24 92 51 22 59 21 21 64 63 49 37 20 31 21 95 38 21 23 34 37
leaf_count=26 21 27 25 20 20 22 30 24 33 27 24 92 51 22 59 21 21 64 63 49 37 20 31 21 95 38 21 23 34 37
internal_value=4.94951e-11 -0.0300924 0.0199704 -0.0218043 -0.0262043 0.00803748 -0.0866288 0.0403151 -0.0202415 0.0365601 0.0186606 -0.00198993 -0.0119423 -0.0299783 0.0155794 0.0147902 0.0332733 0.000698858 0.0124739 -0.0240916 -0.00810106 -0.0142609 0.0361299 0.0383816 0.035008 -0.0515232 -0.000560532 -0.0285674 0.0174267 -0.00422387
internal_weight=1098 438 660 382 341 416 56 244 276 220 202 214 149 127 178 41 193 193 156 94 129 71 168 147 116 65 58 72 97 129
internal_count=1098 438 660 382 341 416 56 244 276 220 202 214 149 127 178 41 193 193 156 94 129 71 168 147 116 65 58 72 97 129
is_linear=0
shrinkage=0.05


Tree=4
num_leaves=31
num_cat=0
split_feature=3 0 3 10 2 10 3 4 0 10 13 4 10 1 10 15 11 3 12 16 15 1 4 4 15 3 3 17 2 3
split_gain=238.206 74.0905 57.8798 22.5573 20.4559 14.2793 12.5592 12.319 8.37618 7.25147 6.61295 4.88207 4.86235 3.94405 3.9958 3.91042 2.85629 2.74886 5.94407 2.54843 2.46724 2.29049 2.21857 2.02916 1.86134 3.01386 1.79957 1.51546 1.27447 1.25339
threshold=-0.3195013475654967 -0.89837204004824489 0.46544516292089827 0.43746546558625704 -0.95925924973237553 -0.27885159331801973 2.5018187191470145 -1.3656285082275821 -0.37626290120970746 1.5087570103958425 -1.2010473073271346 -0.028467270378602052 -0.54121059896796775 -0.74450939785583337 0.72310199347662119 -0.51554892353101767 -0.51063801942270104 -0.78987399035222505 -0.98217053445477409 -1.0020729724520019 1.0794053026985215 -0.42766162599349683 -0.33527103393148966 0.3476042225387288 0.1261607948485266 -0.52252054493280331 -0.61306928195989074 -0.42652692602003833 -0.095954297473442016 -0.10131437819302065
decision_type=2 2 2 2 2 2 2 2 2 2 2 2 2 2 2 2 2 2 2 2 2 2 2 2 2 2 2 2 2 2
left_child=1 7 5 4 19 12 9 -1 10 11 -6 -4 -2 -7 29 -13 -17 18 -12 -3 23 -18 -10 -14 25 -19 -26 -23 -25 -15
right_child=2 3 6 -5 8 13 -8 -9 22 -11 17 15 20 14 -16 16 21 24 -20 -21 -22 27 -24 28 26 -27 -28 -29 -30 -31
leaf_value=-0.10748787086743575 -0.026010828837752343 -0.040803867166063622 0.0076712728520347316 0.020170001373175653 -0.04267421162834293 0.037663670480251314 0.070998446891705189 -0.060465590644162154 -0.010934241945209096 0.056218187510967257 -0.011661051993258299 0.013989109054207803 -0.0069152837106958038 0.0021507832137021153 0.032032025318879352 0.048896680628099751 0.021633352888257882 -0.011181527824903077 -0.04549571817947759 -0.060846894696868707 0.01233344233619529 0.026425493533412614 0.006708860004852925 -0.0011806728543653604 -0.023829577676951888 -0.037999748336151246 -0.006436651063569148 0.039697234085025762 0.014772473648190499 0.013388592311181127
leaf_weight=26 20 35 22 31 38 20 24 30 49 30 25 25 100 33 26 31 38 22 27 29 33 30 28 31 20 20 58 76 21 100
leaf_count=26 20 35 22 31 38 20 24 30 49 30 25 25 100 33 26 31 38 22 27 29 33 30 28 31 20 20 58 76 21 100
internal_value=4.53733e-11 -0.0285878 0.0189719 -0.0207141 -0.024325 0.0064188 0.036437 -0.0822974 -0.018625 0.0331455 -0.0237973 0.0300275 -0.00259083 0.0167371 0.0141048 0.0324867 0.0351293 -0.0196268 -0.0292291 -0.0498859 -5.89388e-05 0.0321654 -0.00451857 -0.00274939 -0.0154659 -0.0239521 -0.0108964 0.0359411 0.00526194 0.0106003
internal_weight=1098 438 660 382 351 384 276 56 287 252 210 222 205 179 159 200 175 172 52 64 185 144 77 152 120 42 78 106 52 133
internal_count=1098 438 660 382 351 384 276 56 287 252 210 222 205 179 159 200 175 172 52 64 185 144 77 152 120 42 78 106 52 133
is_linear=0
shrinkage=0.05


Tree=5
num_leaves=31
num_cat=0
split_feature=3 0 3 0 2 10 1 3 16 10 0 4 10 3 1 4 10 3 15 12 17 1 15 4 16 1 2 17 10 0
split_gain=214.981 66.8667 52.4514 20.4234 18.0142 14.4207 11.8931 10.2661 7.69162 5.35374 5.02581 5.01571 4.7514 4.06244 4.05233 3.93546 3.85389 3.1025 3.05183 2.59523 2.81305 2.57821 2.30346 2.20759 2.1981 2.38048 2.16409 1.42455 1.21416 1.18345
threshold=-0.3195013475654967 -0.89837204004824489 0.57442417385615396 0.1072967286731349 -0.95925924973237553 -0.27885159331801973 -0.84019056833739691 2.5695299428531109 -0.050711765793255766 1.4112881822098775 -0.63123070605702425 -0.45060833801473704 1.0157248693435246 -0.70075617521241784 -0.73151975687874804 0.17574183741751592 0.78440256001413111 0.13959563074946416 -0.50378424536072597 -0.41716189835729883 1.8741938571341497 -0.85308116536435008 0.83463888154518096 -0.60303001607375939 -0.72112983185154089 -0.42766162599349683 -0.21436313471260895 -0.44587958798628685 0.18561689494526171 -0.32238376296168908
decision_type=2 2 2 2 2 2 2 2 2 2 2 2 2 2 2 2 2 2 2 2 2 2 2 2 2 2 2 2 2 2
left_child=1 6 5 4 21 11 -1 9 10 15 22 -2 14 -10 -7 -4 -5 29 -17 20 -12 -3 -6 -15 -20 -26 -16 -25 -28 -13
right_child=2 3 7 16 8 12 -8 -9 13 -11 19 17 -14 23 26 18 -18 -19 24 -21 -22 -23 -24 27 25 -27 28 -29 -30 -31
leaf_value=-0.059647399395266004 -0.025022195638822659 -0.036331835968626873 0.013087161523955211 -0.0023509657820281779 -0.034348782621324063 0.034083500470627436 -0.10682764395394109 0.07075109466910362 -0.042510883329492627 0.053814851865172389 -0.015370337186636879 -0.00071943019992550428 0.037693845216805744 -0.0082520978440615272 0.0036101480767375526 0.015504492650784197 0.026920915608802304 0.0097088938287924979 0.045881248731166127 0.010162741663710525 0.0053883053061629963 -0.056771159223798252 -0.012662627644992123 -0.031281843878484025 0.019305745381172058 0.036475618814583867 0.011644532580652999 -0.01614783699421779 0.023368763433331077 -0.011308170591537665
leaf_weight=34 21 27 28 23 25 22 22 20 33 28 51 92 24 22 59 21 22 64 40 24 24 36 24 48 27 80 63 23 34 37
leaf_count=34 21 27 28 23 25 22 22 20 33 28 51 92 24 22 59 21 22 64 40 24 24 36 24 48 27 80 63 23 34 37
internal_value=5.86848e-11 -0.0271584 0.0180233 -0.0196784 -0.0239031 0.00722823 -0.0781825 0.036428 -0.0183599 0.0333634 -0.0106303 -0.00181629 0.0168101 -0.0274392 0.0139943 0.0304418 0.0119597 0.000708701 0.0333342 -0.0041481 -0.00872757 -0.0480114 -0.023727 -0.0220911 0.0358813 0.032143 0.0111612 -0.0263793 0.0157541 -0.00375651
internal_weight=1098 438 660 382 337 416 56 244 274 224 148 214 202 126 178 196 45 193 168 99 75 63 49 93 147 107 156 71 97 129
internal_count=1098 438 660 382 337 416 56 244 274 224 148 214 202 126 178 196 45 193 168 99 75 63 49 93 147 107 156 71 97 129
is_linear=0
shrinkage=0.05


Tree=6
num_leaves=31
num_cat=0
split_feature=3 0 3 10 2 10 4 3 10 13 4 10 10 10 1 0 15 16 3 17 16 2 17 4 15 8 17 0 15 3
split_gain=194.02 60.3472 47.3374 18.6063 16.7614 13.0147 11.3905 9.37778 7.19475 5.55629 5.12906 5.0142 4.82195 4.28813 3.65723 3.49075 2.27633 2.1591 2.07018 1.97808 2.24209 1.95309 1.71312 1.56245 1.746 1.78181 1.54378 1.51792 1.61813 1.38361
threshold=-0.3195013475654967 -0.89837204004824489 0.57442417385615396 0.43746546558625704 -0.95925924973237553 -0.27885159331801973 -1.3656285082275821 2.5018187191470145 -0.22215707035796264 -0.46703601608336215 -0.88287817739755947 1.5087570103958425 -0.50933925045552553 1.0157248693435246 -0.73151975687874804 -0.19771780709911949 0.29957520683918915 -1.0020729724520019 -0.68713379884551085 -0.46094231768575705 1.7881905954961159 -0.21436313471260895 -0.42652692602003833 0.31966841659221984 0.84166713084171862 -0.28835011683715206 -0.45456459745453842 -0.4236044034359997 0.06993480047622376 0.072800197051227089
decision_type=2 2 2 2 2 2 2 2 2 2 2 2 2 2 2 2 2 2 2 2 2 2 2 2 2 2 2 2 2 2
left_child=1 6 5 4 17 12 -1 11 9 19 -11 15 -2 14 -7 -4 29 -3 -10 20 -6 -16 -17 -24 25 -25 -21 28 -12 -14
right_child=2 3 7 -5 8 13 -8 -9 18 10 27 -13 16 -15 21 22 -18 -19 -20 26 -22 -23 23 24 -26 -27 -28 -29 -30 -31
leaf_value=-0.098495988691082378 -0.017877952303541333 -0.036752179971829592 0.011114153789356353 0.018436917902961855 -0.049767385330051185 0.03237932629205964 -0.053280435887475809 0.064284315208593998 -0.012629569932818413 -0.034508872477993092 -0.02024367345120693 0.051550639337963534 -0.008634569158523597 0.035809152495736879 0.0034296405276725605 0.019601494691300174 0.0079201412556066334 -0.055200780992364064 0.0060995514698637034 -0.013794325806555294 -0.026926655739191032 0.014966353929371179 0.020767214761248657 0.020724702130870097 0.042810851525591345 0.036932228858106188 -0.03320452835410833 0.0011959493160247803 -0.0069532708112834676 0.0035869901604019109
leaf_weight=26 38 35 25 31 22 22 30 24 25 27 43 27 55 24 59 27 81 29 36 21 21 97 21 28 49 43 20 23 49 40
leaf_count=26 38 35 25 31 22 22 30 24 25 27 43 27 55 24 59 27 81 29 36 21 21 97 21 28 49 43 20 23 49 40
internal_value=2.65062e-12 -0.0258005 0.0171221 -0.0186945 -0.0219739 0.00686682 -0.0742734 0.0346066 -0.0168143 -0.0209271 -0.0148973 0.031369 -0.00172548 0.0159696 0.0132946 0.0285457 0.00176199 -0.0451117 -0.00157632 -0.0311204 -0.0386126 0.0106031 0.0311396 0.0333491 0.0355509 0.0305405 -0.0232627 -0.0102929 -0.0131651 -0.00348865
internal_weight=1098 438 660 382 351 416 56 244 287 226 142 220 214 202 178 193 176 64 61 84 43 156 168 141 120 71 41 115 92 95
internal_count=1098 438 660 382 351 416 56 244 287 226 142 220 214 202 178 193 176 64 61 84 43 156 168 141 120 71 41 115 92 95
is_linear=0
shrinkage=0.05


Tree=7
num_leaves=31
num_cat=0
split_feature=3 0 0 0 17 2 3 3 0 10 4 2 11 14 3 10 10 2 4 14 8 2 15 15 10 13 17 14 0 15
split_gain=175.644 80.7244 23.9262 20.0856 17.6514 16.563 6.43467 6.2218 6.0119 5.41883 6.27017 4.49821 4.27625 4.09169 3.86611 3.85749 3.27577 3.22613 2.93184 2.31658 2.23631 3.95693 2.17526 2.16346 2.5179 2.09205 1.97617 1.91548 1.5788 2.2648
threshold=0.029471882304384366 -0.8095503644427251 0.40960603574674409 -0.14068256870268167 -0.46326571564713276 -0.85935714827009713 0.57442417385615396 2.5018187191470145 -0.90648772614418072 1.0157248693435246 -0.78845188595263449 -1.0853792268785794 -0.63201560397032452 -0.094496646852490943 -0.31343423876342891 -0.22215707035796264 2.2647973310251328 -0.27056877670167806 0.17574183741751592 0.47505964654997218 -0.69218739781571448 -0.14102162626345779 -0.033655482633617104 0.21829197584444693 -0.04972411012284892 0.86772448251516499 -0.44835224755956532 -0.56023618742918546 -0.43329813960614522 0.29499156599362103
decision_type=2 2 2 2 2 2 2 2 2 2 2 2 2 2 2 2 2 2 2 2 2 2 2 2 2 2 2 2 2 2
left_child=1 4 6 5 -1 12 23 16 11 10 -5 -6 -3 -14 15 19 25 -12 -8 28 -16 26 -20 -2 27 -4 -22 -25 29 -7
right_child=2 3 7 9 8 14 18 -9 -10 -11 17 -13 13 -15 20 -17 -18 -19 22 -21 21 -23 -24 24 -26 -27 -28 -29 -30 -31
leaf_value=-0.1019651909917593 0.0028930303334008633 -0.020601976946229117 0.027584596175659934 -0.021948140588673681 -0.045672883664850485 -0.023408851579297337 0.0077640000958522056 0.062510841955309329 -0.032245498036424958 0.028647403534420808 0.0018243042925900933 -0.078436226437333972 -0.063337745778262608 -0.033499493161043913 0.010343441100912574 0.002971978908261428 0.052214576303958898 0.022296097184772847 0.014189003401881325 -0.027749220102478558 -0.011581504356116058 -0.022461582630358894 0.031793835937876151 -0.0020725168101489544 0.027582029953598975 0.043193550886852401 0.0060964660909904045 0.014619246036428111 -0.0021624262063679369 -0.0090775597162599513
leaf_weight=20 82 25 92 22 22 60 23 23 31 23 67 20 20 27 23 26 22 27 23 43 25 29 74 25 25 28 43 55 22 51
leaf_count=20 82 25 92 22 22 60 23 23 31 23 67 20 20 27 23 26 22 27 23 43 25 29 74 25 25 28 43 55 22 51
internal_value=6.7294e-11 -0.0173648 0.0230304 -0.00986476 -0.0603488 -0.0156299 0.0147775 0.0383859 -0.0489471 0.00647665 0.00208072 -0.0612745 -0.0373096 -0.0461966 -0.0107822 -0.015005 0.0344783 0.0077045 0.0238139 -0.0176607 -0.00367397 -0.00699769 0.0276195 0.00897874 0.0137314 0.0312267 -0.000402788 0.00940307 -0.0143989 -0.0168242
internal_weight=1098 626 472 533 93 394 307 165 73 139 116 42 72 47 322 202 142 94 120 176 120 97 97 187 105 120 68 80 133 111
internal_count=1098 626 472 533 93 394 307 165 73 139 116 42 72 47 322 202 142 94 120 176 120 97 97 187 105 120 68 80 133 111
is_linear=0
shrinkage=0.05


Tree=8
num_leaves=31
num_cat=0
split_feature=3 0 0 0 3 1 3 3 10 4 2 1 10 3 4 17 9 10 2 15 4 15 15 10 13 14 9 16 14 3
split_gain=158.519 72.9013 21.8898 21.5934 17.5609 14.0857 5.80729 5.61518 4.89049 5.65883 4.74464 7.40513 3.81585 3.68268 3.44691 3.23669 3.0902 2.95638 2.91159 2.66058 2.64598 1.96317 1.95252 2.27241 1.88808 1.72872 1.56899 1.55453 1.41326 1.32305
threshold=0.029471882304384366 -0.89837204004824489 -0.14068256870268167 0.40960603574674409 -0.70075617521241784 -0.84019056833739691 0.57442417385615396 2.5018187191470145 1.0157248693435246 -0.78845188595263449 -0.95925924973237553 -0.65248026257873792 -0.16162932992405216 -0.36019676603974399 -1.1511272613985399 -0.45414193805319342 -0.10078080185736647 2.2647973310251328 -0.27056877670167806 0.1261607948485266 0.17574183741751592 -0.033655482633617104 0.21829197584444693 -0.04972411012284892 0.86772448251516499 -0.56023618742918546 -0.1023349905635489 -0.37847954099092512 -0.10553977178274117 -0.12066044210904817
decision_type=2 2 2 2 2 2 2 2 2 2 2 2 2 2 2 2 2 2 2 2 2 2 2 2 2 2 2 2 2 2
left_child=1 5 4 6 10 -1 22 17 9 -4 14 -12 13 19 -3 -15 -13 24 -11 -6 -8 -22 26 25 27 -24 -2 -5 -27 -17
right_child=3 2 8 7 12 -7 20 -9 -10 18 11 16 -14 15 -16 29 -18 -19 -20 -21 21 -23 23 -25 -26 28 -28 -29 -30 -31
leaf_value=-0.049963485876865249 -0.0035230713523924356 -0.027578746341168883 -0.02085073387080973 0.018628641023324469 -0.024729689712015293 -0.10062671867401705 0.0073757998568117211 0.059385300978370338 0.027215033044795629 0.0017330888262602378 -0.0093641239555275185 -0.052327923076227315 0.0098566202883375812 -0.018927678087493405 -0.05219215286726301 0.003814113913892558 -0.026397164448819777 0.049603848159313207 0.021181291988533406 -0.010074099025223405 0.013479553193420821 0.030204144172445949 -0.0019688913412392139 0.02620292802900076 0.041033872899632638 0.021477338222080266 0.01037581810425665 0.03178069227076364 0.0054235694929957393 -0.0082369336250445093
leaf_weight=34 45 25 22 39 60 23 23 23 23 67 47 20 24 32 33 62 27 22 27 64 23 74 25 25 28 29 37 53 26 36
leaf_count=34 45 25 22 39 60 23 23 23 23 67 47 20 24 32 33 62 27 22 27 64 23 74 25 25 28 29 37 53 26 36
internal_value=-1.48673e-11 -0.0164966 -0.0110961 0.0218789 -0.0166719 -0.0704065 0.0140386 0.0364666 0.00615282 0.00197669 -0.0303369 -0.0233978 -0.00920038 -0.011001 -0.0415829 -0.00512108 -0.0374315 0.0327544 0.00731927 -0.0171655 0.0226232 0.0262385 0.00852981 0.0130448 0.0296654 0.00893292 0.00274838 0.0262054 0.0138883 -0.000612802
internal_weight=1098 626 569 472 430 57 307 165 139 116 152 94 278 254 58 130 47 142 94 124 120 97 187 105 120 80 82 92 55 98
internal_count=1098 626 569 472 430 57 307 165 139 116 152 94 278 254 58 130 47 142 94 124 120 97 187 105 120 80 82 92 55 98
is_linear=0
shrinkage=0.05


Tree=9
num_leaves=31
num_cat=0
split_feature=3 0 0 0 2 17 12 10 0 0 15 2 0 4 4 12 10 12 2 2 15 15 16 12 3 17 0 0 0 10
split_gain=143.063 66.2193 19.488 16.6426 17.4461 15.177 5.43852 5.26349 5.24862 5.02732 5.81462 3.43705 3.24603 3.03007 2.71893 2.64144 2.55204 2.51379 2.34637 2.3428 2.21515 2.19201 2.10394 2.99038 2.03077 2.01303 1.87791 1.59175 1.54173 1.51822
threshold=0.029471882304384366 -0.8095503644427251 0.40960603574674409 0.1072967286731349 -0.95925924973237553 -0.46326571564713276 -0.82808686273478427 -0.2388501141957112 2.5850607809073174 -0.45426366202064611 -1.3001154482641033 0.23888053315656121 -0.92339540551071364 1.7878502180031897 -0.068002153647930483 -0.75799636186413888 1.0157248693435246 0.96402982538736748 -0.46934482763862978 -0.68302908239585292 -1.2438894538918004 -0.72807707073719541 1.0000000180025095e-35 -0.49808060924430048 0.3434161443736477 -0.26281173519908269 -0.2849614326304295 -0.23063142293263697 -0.64205162085160528 1.0157248693435246
decision_type=2 2 2 2 2 2 2 2 2 2 2 2 2 2 2 2 2 2 2 2 2 2 2 2 2 2 2 2 2 2
left_child=1 5 7 4 15 -1 12 14 13 10 -6 -9 -7 29 -2 -3 19 18 20 -5 -11 -16 23 -12 -23 -13 -22 -20 -25 -4
right_child=2 3 8 16 9 6 -8 11 -10 17 22 25 -14 -15 21 -17 -18 -19 27 -21 26 24 -24 28 -26 -27 -28 -29 -30 -31
leaf_value=-0.093192207938991495 -0.0073472992949453857 -0.053392730750467465 0.02375740378913356 -0.0077073387335985901 -0.036965185716748242 -0.066196503505731627 -0.02255505965579124 0.009341075603375569 0.055746280848979951 0.0013088792054490612 -0.015635808474487728 0.03079448736633264 -0.041137511176722395 0.046277605111782368 -0.0021289771631488514 -0.029913845732808114 0.025854280975751032 0.010778309710855995 -0.0055718433987666767 0.013251529122935608 -0.02961793181486428 0.006928457633162347 -0.01641565587020059 -0.006167038267345301 0.021615227303727596 0.01651455333070239 -0.0099664058986931089 0.0090840556935290803 0.010915938729420305 0.036598668829537932
leaf_weight=20 28 23 82 20 25 24 21 52 25 22 45 62 28 26 29 25 23 28 44 40 20 52 102 28 43 41 31 32 25 32
leaf_count=20 28 23 82 20 25 24 21 52 25 22 45 62 28 26 29 25 23 28 44 40 20 52 102 28 43 41 31 32 25 32
internal_value=-8.98958e-12 -0.0156717 0.020785 -0.00887886 -0.0126733 -0.0546029 -0.0440304 0.0133367 0.0346433 -0.00927144 -0.0142307 0.0198199 -0.0527032 0.0308749 0.00672546 -0.0411641 0.0116935 -0.00296723 -0.00555029 0.00626524 -0.0119524 0.00990318 -0.0113889 -0.00615704 0.0135762 0.0251102 -0.0176729 0.000599061 0.00189097 0.027362
internal_weight=1098 626 472 533 450 93 73 307 165 402 225 155 52 140 152 48 83 177 149 60 73 124 200 98 95 103 51 76 53 114
internal_count=1098 626 472 533 450 93 73 307 165 402 225 155 52 140 152 48 83 177 149 60 73 124 200 98 95 103 51 76 53 114
is_linear=0
shrinkage=0.05


Tree=10
num_leaves=31
num_cat=0
split_feature=3 0 0 0 2 17 3 16 0 12 10 0 4 2 10 4 3 4 14 4 15 10 12 17 17 17 10 11 9 9
split_gain=129.136 61.9251 15.1078 14.6933 16.5278 13.6972 4.98732 5.13317 4.9429 4.90827 3.82303 2.92955 2.74817 2.71233 2.50685 2.45643 2.45332 2.51243 2.40791 2.28194 2.25183 2.00422 2.18323 2.73272 1.81523 1.57612 1.73538 1.61613 1.76203 1.40547
threshold=0.083904150896520993 -0.8095503644427251 0.40960603574674409 0.1072967286731349 -0.95925924973237553 -0.46326571564713276 -0.31343423876342891 -0.064149187530766746 2.5850607809073174 -0.82808686273478427 -0.2388501141957112 -0.92339540551071364 1.8422515243200754 0.23888053315656121 1.0157248693435246 -0.068002153647930483 -0.76348779075077922 -0.56251492908700962 -0.087809677068532085 -0.42888048894523007 -0.72807707073719541 -0.50043629374205978 -0.41716189835729883 1.8741938571341497 -0.26281173519908269 -0.43945501160518807 -0.46358794512243701 -0.19709955890830014 -0.57936668960940485 0.02066155469598974
decision_type=2 2 2 2 2 2 2 2 2 2 2 2 2 2 2 2 2 2 2 2 2 2 2 2 2 2 2 2 2 2
left_child=1 5 10 4 18 -1 7 21 12 11 15 -7 -4 -12 19 -2 -9 -18 -3 -5 -17 -6 23 -23 -15 26 -8 28 -27 -22
right_child=2 3 8 14 6 9 25 16 -10 -11 13 -13 -14 24 -16 20 17 -19 -20 -21 29 22 -24 -25 -26 27 -28 -29 -30 -31
leaf_value=-0.088532599024474634 -0.007728080019693483 -0.048570599154170072 0.0261446963144659 -0.0059082359373569494 -0.017630074653841026 -0.062886678117016953 -0.015755785429369538 -0.035461201339161828 0.053890275085965791 -0.021427307179155402 0.0093075076781926648 -0.03908063610683063 0.044732222659513356 0.029293214530516112 0.02481348403186227 -0.001868812272463132 -0.0039293880840497357 -0.021481370008705807 -0.025855410220101478 0.013542243759883077 0.010492070435014156 -0.012306401336687048 0.0099929908218865226 0.0087438750923389489 0.015688825587219582 0.011421117875725032 -0.0010105193361856178 0.014980160258710386 -0.0066104458822380937 0.024954001473573351
leaf_weight=20 22 28 116 25 28 24 31 21 24 21 47 28 24 61 24 27 28 75 20 38 56 58 26 21 41 20 56 22 42 24
leaf_count=20 22 28 116 25 28 24 31 21 24 21 47 28 24 61 24 27 28 75 20 38 56 58 26 21 41 20 56 22 42 24
internal_value=-5.79105e-11 -0.0140751 0.0208898 -0.00783147 -0.0112848 -0.0518727 -0.00816462 -0.0125673 0.0329252 -0.0418289 0.0137898 -0.050068 0.0293311 0.0192455 0.0110623 0.00748819 -0.0198856 -0.01671 -0.0391059 0.0058238 0.0106168 -0.00574417 -0.00257459 -0.00671076 0.0238248 -0.00154779 -0.00626458 0.00333747 -0.000793812 0.0148306
internal_weight=1098 656 442 563 476 93 428 257 164 73 278 52 140 149 87 129 124 103 48 63 107 133 105 79 102 171 87 84 62 80
internal_count=1098 656 442 563 476 93 428 257 164 73 278 52 140 149 87 129 124 103 48 63 107 133 105 79 102 171 87 84 62 80
is_linear=0
shrinkage=0.05


Tree=11
num_leaves=31
num_cat=0
split_feature=3 0 0 0 3 1 3 3 1 2 14 10 4 0 10 2 0 11 11 11 10 4 13 15 10 3 15 16 14 9
split_gain=116.683 54.9913 15.9055 15.8455 13.2229 12.2293 4.57387 4.49946 4.09737 3.73723 4.65681 3.60383 4.50097 3.5982 3.10204 2.87411 2.48923 2.42575 2.37887 2.54416 2.29845 2.15409 1.64922 1.54822 1.77603 1.54592 1.5244 1.45415 1.44752 1.42288
threshold=0.029471882304384366 -0.89837204004824489 -0.14068256870268167 0.40960603574674409 -0.70075617521241784 -0.84019056833739691 2.5018187191470145 0.57442417385615396 -0.85032416181993364 -0.87409399342576777 -0.0097000350296743681 1.0157248693435246 -0.78845188595263449 -0.69322553040097845 -0.16162932992405216 -0.33191517862877179 -0.55706235256916636 -0.58692508750316086 0.10787451988090772 -0.055348292909775498 2.2647973310251328 0.17574183741751592 0.86772448251516499 0.21829197584444693 -0.04972411012284892 -0.12066044210904817 -0.033655482633617104 -0.37847954099092512 -0.56023618742918546 -0.1023349905635489
decision_type=2 2 2 2 2 2 2 2 2 2 2 2 2 2 2 2 2 2 2 2 2 2 2 2 2 2 2 2 2 2
left_child=1 5 4 7 8 -1 20 23 13 10 -10 12 -4 -3 15 18 -11 -14 19 -6 22 -9 27 29 28 -17 -23 -5 -25 -2
right_child=3 2 11 6 14 -7 -8 21 9 16 -12 -13 17 -15 -16 25 -18 -19 -20 -21 -22 26 -24 24 -26 -27 -28 -29 -30 -31
leaf_value=-0.041926764609182585 -0.0039145716621230044 -0.029444600474865485 -0.018703062302136624 0.014631470350118784 -0.014900267508738999 -0.089133537301550742 0.051952044730601103 0.0058538969039269124 -0.060903508141636857 -0.03156854937680894 -0.027567580084062439 0.023320892785230411 0.020950862866911023 -0.0034703183608750503 0.0094498977200904236 0.0003172509807700408 -0.0095681696292012931 0.001980340799006323 -0.027857357843850669 0.0037546153747193192 0.042773665149103517 0.011630176236529066 0.035818358630474126 -0.0023846412021666769 0.022858924791216852 -0.012159363918989483 0.026367712968557673 0.027351817670541834 0.012125655455853451 0.0093213225538666174
leaf_weight=34 45 24 22 39 89 23 23 23 20 36 22 23 22 30 24 80 20 72 26 23 22 23 28 25 25 36 74 53 55 37
leaf_count=34 45 24 22 39 89 23 23 23 20 36 22 23 22 30 24 80 20 72 26 23 22 23 28 25 25 36 74 53 55 37
internal_value=1.06582e-11 -0.0141533 -0.00946286 0.0187711 -0.0142158 -0.0609751 0.0312673 0.0120549 -0.0260735 -0.0321672 -0.0434418 0.00524041 0.00165548 -0.0150144 -0.00773244 -0.00935597 -0.0237113 0.00642025 -0.0142323 -0.0110694 0.027917 0.0196112 0.0251932 0.00720589 0.0112264 -0.0035548 0.0228732 0.0219595 0.00759119 0.00205772
internal_weight=1098 626 569 472 430 57 165 307 152 98 42 139 116 54 278 254 56 94 138 112 142 120 120 187 105 116 97 92 80 82
internal_count=1098 626 569 472 430 57 165 307 152 98 42 139 116 54 278 254 56 94 138 112 142 120 120 187 105 116 97 92 80 82
is_linear=0
shrinkage=0.05


Tree=12
num_leaves=31
num_cat=0
split_feature=3 0 0 3 0 1 0 1 10 4 2 14 0 0 14 10 3 12 4 15 0 11 17 17 11 15 3 10 15 8
split_gain=105.333 51.0466 14.0696 13.1986 12.2841 11.0369 4.28912 3.69788 3.42948 4.0647 3.37285 4.20277 3.24738 3.23002 3.76921 2.97014 3.20309 2.40241 2.31087 2.25355 2.24653 2.19009 2.18121 2.01163 2.34785 1.61013 1.37157 1.2468 1.24269 1.50859
threshold=0.083904150896520993 -0.89837204004824489 -0.14068256870268167 -0.70075617521241784 0.40960603574674409 -0.84019056833739691 2.5850607809073174 -0.85032416181993364 1.0157248693435246 -0.78845188595263449 -0.87409399342576777 -0.0097000350296743681 -0.69322553040097845 -0.19771780709911949 0.30952581901287696 -0.16162932992405216 -0.36019676603974399 -0.39882491973915074 1.8422515243200754 0.1261607948485266 -0.55706235256916636 -0.58692508750316086 -0.44691407087819085 -0.26281173519908269 -0.50885675707304989 0.24701612514334095 -0.14927887985465102 1.0157248693435246 0.17383065964243569 0.51932444511997289
decision_type=2 2 2 2 2 2 2 2 2 2 2 2 2 2 2 2 2 2 2 2 2 2 2 2 2 2 2 2 2 2
left_child=1 5 3 7 13 -1 18 12 9 -4 11 -9 -3 17 23 16 19 -2 27 -5 -12 -11 -18 25 -25 -15 -24 -6 29 -23
right_child=4 2 8 15 6 -7 -8 10 -10 21 20 -13 -14 14 -16 -17 22 -19 -20 -21 -22 28 26 24 -26 -27 -28 -29 -30 -31
leaf_value=-0.039830426060978107 -0.0078853563675656928 -0.027972369466442618 -0.017767909375569699 -0.021138352010748349 0.020249750928459914 -0.084676862054544944 0.049248505135377249 -0.057858332470059393 0.022366238928710425 0.019903319803151218 -0.02999012209604391 -0.02618920139714398 -0.0032968024785319967 0.01562004292011261 0.0039650931976042518 0.009458272104473928 -0.010151710209549603 0.0097952206167448552 0.040493796362231181 -0.0076503228337969631 -0.0090897610690444716 -0.0085762399645960517 0.008543002789857139 0.023032248123652406 0.0010278152190783825 0.031013630027004149 -0.0041677059130796066 0.031847738492069767 0.011507422007465115 0.0087298176257172601
leaf_weight=34 25 24 22 60 84 23 24 20 24 22 36 22 30 25 43 26 66 83 24 64 20 34 41 27 22 53 44 32 24 20
leaf_count=34 25 24 22 60 84 23 24 20 24 22 36 22 30 25 43 26 66 83 24 64 20 34 41 27 22 53 44 32 24 20
internal_value=5.5186e-11 -0.0127119 -0.00840934 -0.0127597 0.0188665 -0.0579264 0.029719 -0.0247698 0.00508871 0.00168985 -0.0305589 -0.0412697 -0.0142637 0.0124643 0.01676 -0.0066948 -0.008222 0.00570249 0.0263711 -0.0141768 -0.0225257 0.00597055 -0.00333198 0.0210922 0.0131527 0.0260798 0.00196334 0.0234492 0.0020408 -0.00216659
internal_weight=1098 656 599 453 442 57 164 152 146 122 98 42 54 278 170 301 275 108 140 124 56 100 151 127 49 78 85 116 78 54
internal_count=1098 656 599 453 442 57 164 152 146 122 98 42 54 278 170 301 275 108 140 124 56 100 151 127 49 78 85 116 78 54
is_linear=0
shrinkage=0.05


Tree=13
num_leaves=31
num_cat=0
split_feature=3 0 3 0 2 1 10 16 10 0 4 4 9 4 3 10 15 17 0 15 17 11 13 4 4 2 3 2 14 17
split_gain=95.2625 42.7363 15.2109 12.4536 11.8778 9.96082 5.07015 4.82555 4.51171 3.75739 2.43531 2.22612 2.18098 2.11964 2.10091 2.06832 2.05679 2.00316 1.9579 1.81223 1.78976 1.77082 1.97701 1.44474 1.43364 1.30357 1.27121 1.26116 1.64246 1.13684
threshold=-0.069032780415980627 -0.89837204004824489 0.66451501587931172 0.1072967286731349 -0.95925924973237553 -0.84019056833739691 1.0463906091343516 1.6868727887791228 -0.27885159331801973 -0.63821921352852462 1.3702834343816876 -1.1511272613985399 -0.0074409484021073745 -0.87258603836463511 1.595930690747702 0.72310199347662119 -0.38155382281224143 -0.46094231768575705 0.67178778379044846 -0.033655482633617104 -0.12193049032057872 -0.076597365097691578 1.1098351782230731 -0.068002153647930483 -0.44391027927902432 -0.035807406198554041 -0.28304145787759866 -0.64207436155625686 -0.62680874481792204 -0.45588371349728046
decision_type=2 2 2 2 2 2 2 2 2 2 2 2 2 2 2 2 2 2 2 2 2 2 2 2 2 2 2 2 2 2
left_child=1 5 8 4 11 -1 10 9 23 13 14 -3 -9 -6 19 20 -5 -11 -12 -4 -10 22 27 -2 -23 -25 -26 -19 -29 -15
right_child=2 3 6 16 7 -7 -8 12 15 17 18 -13 -14 29 -16 -17 -18 21 -20 -21 -22 24 -24 25 26 -27 -28 28 -30 -31
leaf_value=-0.037838904734920055 -0.0088692399573379339 -0.021783196507021787 0.0093093302225461232 0.00089777031856955918 -0.028071351580321792 -0.080443019225545559 0.041908139171890728 -0.036853652745485306 0.0083705801283940669 -0.01830507422247055 0.022635169721075467 -0.040775646031316781 -0.014891597920303376 -0.020057975749174756 0.0035713776591278258 0.025503670970598857 0.017960357996880224 -0.017856176019887683 0.040955662131309516 0.02485380674650272 0.023143025018274786 0.015597458132542669 0.0051578061495508474 -0.0033475544689664325 -0.0094753812355477182 0.0083780775182983932 0.0073695640894584358 0.0030213108379393821 -0.010526646622606824 -0.0067301127826794984
leaf_weight=34 28 27 25 33 25 23 39 20 114 22 35 36 26 24 21 30 38 27 25 75 25 20 35 38 21 63 24 35 62 48
leaf_count=34 28 27 25 33 25 23 39 20 114 22 35 36 26 24 21 30 38 27 25 75 25 20 35 38 21 63 24 35 62 48
internal_value=-4.75919e-11 -0.0139181 0.015584 -0.00943748 -0.0124954 -0.05503 0.0255559 -0.00923355 0.00822216 -0.00719416 0.0220325 -0.032636 -0.0244403 -0.015528 0.0179485 0.0135972 0.0100299 -0.00390803 0.0302687 0.0209677 0.0110275 -0.00249404 -0.00533648 0.00118041 0.00445901 0.00396645 -0.00049141 -0.00829857 -0.00563821 -0.0111727
internal_weight=1098 580 518 523 452 57 220 389 298 343 181 63 46 97 121 169 71 246 60 100 139 224 159 129 65 101 45 124 97 72
internal_count=1098 580 518 523 452 57 220 389 298 343 181 63 46 97 121 169 71 246 60 100 139 224 159 129 65 101 45 124 97 72
is_linear=0
shrinkage=0.05


Tree=14
num_leaves=31
num_cat=0
split_feature=3 0 0 0 1 3 3 14 4 3 3 12 15 3 2 0 10 16 13 0 15 1 8 9 15 13 16 9 9 8
split_gain=86.0817 40.3797 12.0329 11.8182 8.98964 7.29201 6.4233 3.94464 3.7616 4.42786 3.73574 3.21772 2.83461 2.73228 2.71161 1.8886 1.75507 1.74483 3.26388 2.06535 1.67308 1.5972 2.53292 3.26524 1.45388 1.40508 1.30594 1.1519 1.18386 0.933765
threshold=0.029471882304384366 -0.89837204004824489 -0.30457434069560768 0.40960603574674409 -0.84019056833739691 -0.70075617521241784 -1.0767452103141479 -0.83796876191074465 -0.37121183690360637 0.67539002222264077 2.5018187191470145 0.18857575871617163 0.29499156599362103 -1.231227537264912 -0.87409399342576777 0.18665010383339622 2.2647973310251328 -0.72802041783801974 0.51255191925288723 -0.57036306033750572 0.21829197584444693 0.33154062105946019 1.0000000180025095e-35 -0.29023020594111865 -0.0089038220675490068 0.86772448251516499 -0.37847954099092512 -0.1023349905635489 -0.44973866087156716 -0.69218739781571448
decision_type=2 2 2 2 2 2 2 2 2 2 2 2 2 2 2 2 2 2 2 2 2 2 2 2 2 2 2 2 2 2
left_child=1 4 5 8 -1 7 -4 13 -2 20 16 14 21 -3 -9 29 25 -14 19 -19 27 22 23 -7 -17 26 -5 28 -10 -8
right_child=3 2 6 10 -6 12 15 11 9 -11 -12 -13 17 -15 -16 24 -18 18 -20 -21 -22 -23 -24 -25 -26 -27 -28 -29 -30 -31
leaf_value=-0.035946960046010855 -0.0095978592268445295 -0.025472272474032182 -0.022338137410891554 0.011577519819809076 -0.076420866511762151 -0.0078255711041171766 0.010360707601775295 -0.051517770176922731 0.0054978030594065794 0.020536613220963437 0.045608578201221384 -0.018311062176144335 -0.01634833590083179 -0.0040740862169436048 -0.026399094363053641 0.004993638658197597 0.036869263987649573 -0.011135135370736514 0.017643073273357006 0.0043195092418180734 0.011532235245949608 -0.025499769207090142 0.0010644716467579892 -0.033286257432773712 0.02045064545397101 0.031314056286854401 0.02363218217067457 0.0083976054441575933 -0.010973410365598587 -0.00095404194613696422
leaf_weight=34 22 26 24 39 23 34 23 22 20 97 23 32 21 35 21 32 22 52 20 37 106 24 29 20 29 28 53 38 24 88
leaf_count=34 22 26 24 39 23 34 23 22 20 97 23 32 21 35 21 32 22 52 20 37 106 24 29 20 29 28 53 38 24 88
internal_value=5.69781e-11 -0.0121565 -0.00813723 0.0161228 -0.0522785 -0.013408 0.00189332 -0.0226368 0.0103225 0.0118603 0.0269148 -0.0303163 -0.00811214 -0.0131946 -0.0392505 0.00527445 0.0238869 -0.00315122 -0.000608658 -0.00471017 0.00738362 -0.0141394 -0.0108545 -0.0172555 0.0123421 0.0215069 0.0185221 0.00202077 -0.0034865 0.00139046
internal_weight=1098 626 569 472 57 373 196 136 307 285 165 75 237 61 43 172 142 130 109 89 188 107 83 54 61 120 92 82 44 111
internal_count=1098 626 569 472 57 373 196 136 307 285 165 75 237 61 43 172 142 130 109 89 188 107 83 54 61 120 92 82 44 111
is_linear=0
shrinkage=0.05


Tree=15
num_leaves=31
num_cat=0
split_feature=3 0 17 0 0 2 12 0 3 16 10 0 2 14 1 8 2 4 3 4 10 12 11 15 10 2 9 9 17 9
split_gain=77.7462 37.9338 10.038 9.16899 8.95031 10.5278 4.82875 3.49632 3.16727 3.55739 2.60782 2.2194 2.07153 2.02972 1.95129 2.00744 1.85919 1.84752 1.81963 2.21898 1.80778 2.04171 2.03755 1.7851 1.71012 1.82295 1.21448 1.176 1.17596 1.43142
threshold=0.083904150896520993 -0.8095503644427251 -0.46326571564713276 0.40960603574674409 0.1072967286731349 -0.95925924973237553 -0.82808686273478427 2.5850607809073174 -0.31343423876342891 -0.050711765793255766 -0.2388501141957112 -0.92339540551071364 -1.039797822094761 0.30952581901287696 -0.46375939346951817 -0.69218739781571448 0.66967621596302396 -0.068002153647930483 -0.76348779075077922 -0.56251492908700962 -0.50043629374205978 -0.41716189835729883 -0.63201560397032452 -0.72807707073719541 1.0157248693435246 -0.30843904157845936 0.02066155469598974 -0.33282212676893402 -0.43945501160518807 -0.035527388837476616
decision_type=2 2 2 2 2 2 2 2 2 2 2 2 2 2 2 2 2 2 2 2 2 2 2 2 2 2 2 2 2 2
left_child=1 2 -1 10 5 12 11 16 9 20 17 -4 -3 14 15 -12 -5 -2 -11 -20 -7 22 -22 -19 25 -6 27 -25 29 -10
right_child=3 4 6 7 24 8 -8 -9 28 18 13 -13 -14 -15 -16 -17 -18 23 19 -21 21 -23 -24 26 -26 -27 -28 -29 -30 -31
leaf_value=-0.071887557804584501 -0.0077232684706607622 -0.04322407778119669 -0.051235478596451382 0.016192036867511299 -0.0014155002505800058 -0.014863120093415942 -0.011670397787487933 0.043217202431211875 -0.016064647898416631 -0.029800928430631757 0.023707448977612608 -0.030514777026006152 -0.022155160509386665 0.0040248279983643442 0.024974665248633496 0.0049919771294011494 0.027773947825098969 -0.0029303888980023291 -0.0013363226117300137 -0.017924596244443414 0.0073365948203465217 0.010733570303353999 -0.010339220925691605 0.013733466682777577 0.020069401724322235 0.016856166413053871 0.021348479727748781 -0.0011025043823544613 0.0032533870052984209 -0.0013094405142160563
leaf_weight=20 22 20 24 63 43 31 21 24 22 20 23 28 28 32 56 38 77 27 28 72 23 27 56 34 24 20 24 22 84 65
leaf_count=20 22 20 24 63 43 31 21 24 22 20 23 28 28 32 56 38 77 27 28 72 23 27 56 34 24 20 24 22 84 65
internal_value=-1.91017e-11 -0.0109211 -0.0405042 0.0162087 -0.0060344 -0.0087296 -0.0319061 0.0255848 -0.0062394 -0.0097479 0.0106775 -0.0400782 -0.0309339 0.0151835 0.0182355 0.0120486 0.0225621 0.00547298 -0.0160334 -0.0132799 -0.00424237 -0.0011363 -0.0051931 0.00818622 0.00871175 0.00438503 0.0119381 0.00790505 -0.000966382 -0.00504064
internal_weight=1098 656 93 442 563 476 73 164 428 257 278 52 48 149 117 61 140 129 120 100 137 106 79 107 87 63 80 56 171 87
internal_count=1098 656 93 442 563 476 73 164 428 257 278 52 48 149 117 61 140 129 120 100 137 106 79 107 87 63 80 56 171 87
is_linear=0
shrinkage=0.05


Tree=16
num_leaves=31
num_cat=0
split_feature=3 0 17 0 10 4 12 15 3 3 0 15 14 0 14 12 0 12 3 0 9 1 4 17 10 11 8 1 0 11
split_gain=70.1659 34.2352 9.05931 8.27501 8.13391 10.9476 4.35794 3.65459 3.50717 3.23934 3.12132 4.8202 3.33278 2.38924 2.85108 2.12488 2.003 2.00048 2.03004 1.94832 2.17511 3.17004 1.75861 1.72572 1.53631 1.4899 1.89403 1.57514 1.44483 1.28787
threshold=0.083904150896520993 -0.8095503644427251 -0.46326571564713276 0.40960603574674409 -0.18237198254466194 -1.037913732036372 -0.82808686273478427 0.99964995198563511 -1.0767452103141479 2.5018187191470145 -0.63821921352852462 -0.98705277851179718 -0.62680874481792204 -0.19771780709911949 0.30952581901287696 -0.23629319214967756 -0.92339540551071364 0.96402982538736748 -0.3853237543803833 -0.30457434069560768 -0.0074409484021073745 0.33154062105946019 -0.81818473204774922 -0.24719404367604186 2.2647973310251328 -0.58692508750316086 0.51932444511997289 0.022980730142770512 -0.68330635850594579 -0.51745490577077258
decision_type=2 2 2 2 2 2 2 2 2 2 2 2 2 2 2 2 2 2 2 2 2 2 2 2 2 2 2 2 2 2
left_child=1 2 -1 13 5 -3 16 10 -6 24 11 -7 -12 15 23 -2 -4 19 -19 20 -14 -22 -10 -15 -5 -24 27 -27 -9 -25
right_child=3 4 6 9 8 7 -8 28 22 -11 12 -13 17 14 -16 -17 -18 18 -20 -21 21 -23 25 29 -26 26 -28 -29 -30 -31
leaf_value=-0.06829318002797663 -0.0060185801210429742 -0.036681684180546334 -0.048673703707754618 0.019284102304663975 -0.013867680394711594 -0.037921432905237785 -0.011086877623650557 -0.0058119622192212518 0.020166770776822454 0.041704446628041895 0.0027523831747796224 -0.0092574322654400028 -0.024656539138474425 0.021923697445393974 0.0027102217771286189 0.0090820091420224548 -0.028989038297108246 -0.011719531285449523 0.0097600630823184154 -0.0040778526989743115 0.003558056858246741 -0.023311152066924565 0.016155370612713424 0.017650506294739899 0.033943590951994777 -0.011105618102363114 0.010510120415002914 0.005729055202391465 0.010690754813711262 0.00069554526624935015
leaf_weight=20 34 34 24 120 24 22 21 21 21 23 69 44 48 82 43 74 28 22 22 40 23 21 22 24 21 33 37 24 36 21
leaf_count=20 34 34 24 120 24 22 21 21 21 23 69 44 48 82 43 74 28 22 22 40 23 21 22 24 21 33 37 24 36 21
internal_value=6.23532e-11 -0.0103751 -0.038479 0.0153983 -0.00573268 -0.00953602 -0.0303108 -0.007028 0.00376387 0.0243055 -0.00916116 -0.0188121 -0.00656131 0.0101437 0.0138382 0.00432812 -0.0380743 -0.0102127 -0.000979734 -0.0132904 -0.0172958 -0.00926588 0.0068526 0.017606 0.0214674 0.00444228 0.00170092 -0.00401733 0.00461081 0.00973819
internal_weight=1098 656 93 442 563 402 73 368 161 164 311 66 245 278 170 108 52 176 44 132 92 44 137 127 141 116 94 57 57 45
internal_count=1098 656 93 442 563 402 73 368 161 164 311 66 245 278 170 108 52 176 44 132 92 44 137 127 141 116 94 57 57 45
is_linear=0
shrinkage=0.05


Tree=17
num_leaves=31
num_cat=0
split_feature=3 0 10 4 4 0 17 10 3 2 4 15 3 10 17 17 16 11 0 10 15 13 10 17 12 11 9 0 9 4
split_gain=63.3588 32.0773 9.45126 8.29672 7.86172 7.31507 3.78312 3.45784 4.5524 2.98968 2.62935 2.49257 2.4139 2.30317 2.18841 5.77726 2.14991 1.87886 1.64557 1.62408 1.53371 1.37756 1.70963 1.36116 1.36557 1.31347 1.10354 1.08886 1.20223 1.95306
threshold=0.13089562567480087 -0.89837204004824489 -0.18237198254466194 -1.3656285082275821 -0.87258603836463511 0.35099274727609653 -0.46455645609362967 1.2241406129622296 -0.97852673197123907 2.9525163457751549 -0.12861141684181829 0.29499156599362103 0.67539002222264077 -0.50933925045552553 0.76893670247691071 -0.43346173812638594 -0.58438430642900607 -0.59760920532677619 -0.21011677196791034 2.2647973310251328 0.44671007798192769 0.098512252108162793 -0.014514152842857076 0.32110965234269023 -0.5919402802479109 0.086732448740571483 -0.10745125229938725 -0.63821921352852462 -0.0074409484021073745 -0.40976651645551343
decision_type=2 2 2 2 2 2 2 2 2 2 2 2 2 2 2 2 2 2 2 2 2 2 2 2 2 2 2 2 2 2
left_child=1 3 4 -1 14 10 20 8 -4 19 -2 18 16 -13 15 -3 -12 -10 25 23 -6 -19 -23 24 -7 27 -18 -8 29 -29
right_child=5 2 7 -5 6 9 11 -9 17 -11 12 13 -14 -15 -16 -17 26 21 -20 -21 -22 22 -24 -25 -26 -27 -28 28 -30 -31
leaf_value=-0.066038443411413877 -0.0044060810230023761 -0.015962808440919175 -0.018907158704435767 -0.02773893177359095 -0.03101986674591899 0.0052500789630271147 -0.018061053569221663 0.022742562962784655 0.018472929902019954 0.041728574335575107 0.020029041122783114 -0.0085700490095830979 0.018253545149292966 0.0051944470933237832 -0.012448233850942604 -0.048606862629885263 -0.001029228176191157 0.0066776281092589835 0.00075870117626005882 0.033997166241031322 -0.011438567331060768 0.0058190115727484231 -0.013715917513278934 0.030598769869123188 0.019505221684951158 -0.022809975058771671 0.0094241064237430699 0.0011273303601358618 0.0030343553672234221 -0.015045796830340156
leaf_weight=26 28 33 24 31 20 21 27 21 21 20 27 47 88 86 29 23 51 68 38 21 20 21 24 21 84 20 50 28 24 56
leaf_count=26 28 33 24 31 20 21 27 21 21 20 27 47 88 86 29 23 51 68 38 21 20 21 24 21 84 20 50 28 24 56
internal_value=3.08002e-12 -0.00928998 -0.00604018 -0.0452089 -0.00989836 0.0155285 -0.00671702 0.00368072 0.00114719 0.0235915 0.01001 -0.00493639 0.0118788 0.000330302 -0.0235968 -0.0293702 0.00749608 0.00473901 -0.00856576 0.0211238 -0.0212292 0.00218669 -0.00459962 0.0189783 0.0166542 -0.0108518 0.00414569 -0.00908017 -0.00683495 -0.00965475
internal_weight=1098 687 630 57 451 411 366 179 158 167 244 326 216 133 85 56 128 134 193 147 40 113 45 126 105 155 101 135 108 84
internal_count=1098 687 630 57 451 411 366 179 158 167 244 326 216 133 85 56 128 134 193 147 40 113 45 126 105 155 101 135 108 84
is_linear=0
shrinkage=0.05


Tree=18
num_leaves=31
num_cat=0
split_feature=3 17 0 3 17 0 2 0 11 10 10 16 10 4 15 15 17 15 15 13 17 4 3 17 9 15 11 11 4 16
split_gain=57.2335 28.3193 12.2663 9.6427 7.90559 5.2749 8.00326 3.88414 3.7346 3.5559 2.846 2.83166 2.34117 1.79734 1.72622 1.69432 1.58295 1.57866 1.56622 1.38286 1.51197 1.72354 1.88242 1.65265 1.46927 1.47973 1.09334 2.21194 1.02948 0.99623
threshold=-0.069032780415980627 -0.47247665456644111 -0.68758963727880074 0.66451501587931172 -0.43610513814706836 0.1072967286731349 -0.99678679727995523 -0.90648772614418072 -0.22767355396393893 1.0463906091343516 -0.27885159331801973 1.8155901511297654 -0.58764199127222394 0.19060826046507331 -0.50378424536072597 -1.2706273588242816 -0.41142293251306022 1.1137826090402827 -0.38155382281224143 1.1098351782230731 -0.23373249449773162 -0.80527871643503468 -0.32568293011854693 0.021531203184926236 -0.37363776923673414 0.17383065964243569 -0.25925051919291026 -0.45411412310766802 -0.068002153647930483 -0.75925249794527749
decision_type=2 2 2 2 2 2 2 2 2 2 2 2 2 2 2 2 2 2 2 2 2 2 2 2 2 2 2 2 2 2
left_child=1 -1 4 10 8 6 -4 -6 12 13 28 17 -3 -5 -15 -9 -12 19 -7 20 21 -8 24 -22 -23 -26 27 -18 -2 -16
right_child=3 2 5 9 7 18 11 15 -10 -11 16 -13 -14 14 29 -17 26 -19 -20 -21 23 22 -24 -25 25 -27 -28 -29 -30 -31
leaf_value=-0.069250457976013424 -0.0078582396069707874 0.012121517173099249 -0.032835072810175246 0.0049029308944367449 -0.043349138627859898 0.00030238117994458387 0.010174581516330364 -0.030822171429517094 -0.025107264594130575 0.033713303406078081 0.0049376561197975316 -0.019592980864191697 -0.010459757184920211 0.0053999907453544443 0.028691248423561001 -0.013108828234382803 0.018802762634004468 0.008819297406500063 0.015191763095361622 0.0045348108005829352 -0.024608557685278358 -0.00043769363799820777 0.0001745391966154178 -0.0047495133328166877 -0.022885926984405766 -0.0060291557643643544 0.021020232726586985 -0.0012775101325435876 0.0029768853754930124 0.018696779826560112
leaf_weight=20 28 22 27 26 35 33 20 27 21 39 73 28 24 20 33 27 32 26 38 39 20 23 75 22 30 23 40 24 101 102
leaf_count=20 28 22 27 26 35 33 20 27 21 39 73 28 24 20 33 27 32 26 38 39 20 23 75 22 30 23 40 24 101 102
internal_value=8.75633e-11 -0.0107881 -0.00870016 0.0120793 -0.0206088 -0.00410178 -0.00673989 -0.0303748 -0.00763602 0.020019 0.00621786 -0.00443738 0.000339983 0.0170683 0.0191089 -0.0219655 0.0104869 -0.00291091 0.00827135 -0.00412118 -0.00570607 -0.00361832 -0.0054452 -0.0142062 -0.010991 -0.0155707 0.0147066 0.0101969 0.000625075 0.0211399
internal_weight=1098 580 560 518 156 404 333 89 67 220 298 306 46 181 155 54 169 278 71 252 213 171 151 42 76 53 96 56 129 135
internal_count=1098 580 560 518 156 404 333 89 67 220 298 306 46 181 155 54 169 278 71 252 213 171 151 42 76 53 96 56 129 135
is_linear=0
shrinkage=0.05


Tree=19
num_leaves=31
num_cat=0
split_feature=3 17 0 17 0 2 4 16 10 11 17 2 3 17 4 15 10 2 12 17 15 10 12 17 17 12 4 4 9 12
split_gain=51.8542 27.1329 13.2863 7.45584 6.01737 5.0244 3.87145 5.71435 3.652 3.59226 2.82731 2.62785 2.62687 2.90771 2.30743 2.25638 2.09523 2.01165 1.86465 2.05472 1.4924 1.41208 1.39082 1.3459 1.21289 1.20857 2.49173 1.5544 1.42776 1.17168
threshold=0.13089562567480087 -0.47247665456644111 -0.68758963727880074 -0.43733480579145018 0.35099274727609653 -1.039797822094761 -0.82962044208433183 -1.0062200495231355 1.0157248693435246 -0.22767355396393893 1.5706379191622173 2.7655640426956598 -0.3195013475654967 1.7213049159332525 -0.12861141684181829 1.1058376315746312 -0.58764199127222394 0.30433954303407468 -0.88655434404907274 -0.25598543343091879 -1.5436595651919591 2.2647973310251328 1.0360121041456998 -0.39717401263740471 0.32110965234269023 -0.53355580586033169 -0.68471365919220661 -0.77031811718033927 -0.30462749409164552 -0.5919402802479109
decision_type=2 2 2 2 2 2 2 2 2 2 2 2 2 2 2 2 2 2 2 2 2 2 2 2 2 2 2 2 2 2
left_child=1 -1 3 9 14 -4 7 10 12 16 -5 21 13 15 -2 20 -3 -16 -14 22 -7 24 23 -20 29 27 -27 -22 -28 -6
right_child=4 2 5 6 11 8 -8 -9 -10 -11 -12 -13 18 -15 17 -17 -18 -19 19 -21 25 -23 -24 -25 -26 26 28 -29 -30 -31
leaf_value=-0.06578793476335705 -0.0044617751746305395 0.012979757093957493 -0.027263760223286228 -0.014048636690885933 0.0037907394487410786 -0.023155952859669926 -0.010597571657727595 -0.056064269438918152 0.017754235628830353 -0.023228390544483609 -0.038195564276115465 0.037463182718916375 0.01358041740259742 0.0070509949432952072 0.0055480019580996173 0.0074213543045334521 -0.0084434932693839074 0.015232179508918626 -0.0028628041820290186 -0.01521337962753716 -0.024990649241954089 0.03090784792743978 0.010760259765083902 0.010590178847566925 0.027838985559840997 0.0075826073048153413 -0.00056857717464919454 -0.0081210993489043582 -0.014650491255128552 0.017272286851475218
leaf_weight=20 28 21 20 27 20 20 23 21 23 22 22 22 27 35 99 20 25 117 120 21 22 21 32 22 21 27 27 36 54 83
leaf_count=20 28 21 20 27 20 20 23 21 23 22 22 22 27 35 99 20 25 117 120 21 22 21 32 22 21 27 27 36 54 83
internal_value=1.53577e-11 -0.00840433 -0.00668368 -0.0191941 0.0140481 -0.0027031 -0.0283947 -0.0342424 -0.00169238 -0.00661084 -0.0248901 0.021361 -0.00265841 -0.00627307 0.00904298 -0.00853686 0.00133669 0.0107936 0.00126561 -0.000439514 -0.0102528 0.0189179 0.00134354 -0.000778539 0.0168874 -0.0086982 -0.00557174 -0.0145199 -0.00995652 0.0146545
internal_weight=1098 687 667 161 411 506 93 70 486 68 49 167 463 241 244 206 46 216 222 195 186 145 174 142 124 166 108 58 81 103
internal_count=1098 687 667 161 411 506 93 70 486 68 49 167 463 241 244 206 46 216 222 195 186 145 174 142 124 166 108 58 81 103
is_linear=0
shrinkage=0.05


Tree=20
num_leaves=31
num_cat=0
split_feature=3 2 10 2 0 13 13 11 10 3 17 11 0 4 3 16 10 10 15 17 9 17 2 3 4 1 0 14 12 8
split_gain=46.7984 25.0392 9.11739 6.28623 5.43068 4.68519 5.78499 5.59994 3.42668 3.06837 3.46505 2.72676 2.40244 2.08245 1.87847 1.78283 1.66116 2.35337 2.07365 1.68367 1.40869 3.05084 1.38838 1.36256 1.33381 1.18631 2.26884 1.04254 1.05536 1.02684
threshold=0.13089562567480087 -1.0562482538964397 -0.50309481553844193 -1.0853792268785794 0.35099274727609653 0.93579780807709823 -1.2338598439026394 -0.64405080142199755 1.0157248693435246 -0.60087782748026386 2.0669653657063365 -0.60151319555336624 2.5850607809073174 -0.12861141684181829 0.69467884926317713 -0.58438430642900607 -0.29814133286386252 -0.34652024694918931 0.28704658852796955 -0.44587958798628685 -0.38545964848487829 -0.45642586878813146 0.66967621596302396 -0.26266513020272947 -0.38852876924471719 -0.84019056833739691 -0.52076720086234241 -0.10553977178274117 -0.48064719036240983 0.51932444511997289
decision_type=2 2 2 2 2 2 2 2 2 2 2 2 2 2 2 2 2 2 2 2 2 2 2 2 2 2 2 2 2 2
left_child=1 3 5 -1 13 6 -3 -7 9 10 25 -11 22 -2 15 -15 17 18 23 -20 -8 -22 -6 -13 -23 -4 -27 28 -16 -18
right_child=4 2 8 -5 12 7 20 -9 -10 11 -12 16 -14 14 27 -17 29 -19 19 -21 21 24 -24 -25 -26 26 -28 -29 -30 -31
leaf_value=-0.027593267642922942 -0.0042386864145685524 -0.031106050022774275 -0.023669280894100669 -0.063547855112701654 0.012123982898974945 -0.010955291707068682 0.0042357207629187361 -0.047923542186617853 0.016356128275394441 0.017047487605701794 0.008679769657876181 -0.014488504581865581 0.034931599623329632 0.017897853006919227 0.011912323201075197 0.0034635432903175646 -0.0005515346588457333 -0.016879773693653989 -0.0026841016852163844 0.015167908523231743 0.0025507273632242827 -0.02667450328313169 0.022085394509592404 0.00013116609305143355 -0.008632548889145256 -0.02120377592434506 -0.0045452535524964331 0.0078488421544467123 0.025445074423709337 0.0084786115977913135
leaf_weight=31 28 27 20 20 61 20 29 21 25 22 23 34 24 27 25 103 85 32 28 25 33 21 82 30 20 31 60 27 34 50
leaf_count=31 28 27 20 20 61 20 29 21 25 22 23 34 24 27 25 103 85 32 28 25 33 21 82 30 20 31 60 27 34 50
internal_value=2.31691e-11 -0.00798411 -0.00528104 -0.0416931 0.0133457 -0.015153 -0.0105051 -0.0298902 -0.00165069 -0.0026738 -0.00898346 8.9251e-05 0.020293 0.00859083 0.0102539 0.00646144 -0.00122442 -0.00486432 -0.00157805 0.00573666 -0.00510491 -0.00876543 0.0178361 -0.00763553 -0.0178735 -0.0126434 -0.0102201 0.0159867 0.0197109 0.00279296
internal_weight=1098 687 636 51 411 171 130 41 465 440 134 306 167 244 216 130 284 149 117 53 103 74 143 64 41 111 91 86 59 135
internal_count=1098 687 636 51 411 171 130 41 465 440 134 306 167 244 216 130 284 149 117 53 103 74 143 64 41 111 91 86 59 135
is_linear=0
shrinkage=0.05


Tree=21
num_leaves=31
num_cat=0
split_feature=0 2 3 17 0 9 13 2 3 15 17 17 11 4 8 1 4 17 10 4 12 13 4 14 15 2 17 4 15 12
split_gain=42.3585 21.9642 9.03039 6.33428 6.21908 5.58612 4.26754 3.56215 3.37181 2.86541 2.64325 1.76164 3.04346 2.45606 1.60928 2.00802 1.50352 1.29927 2.12458 1.21168 1.11934 1.54077 1.27831 1.30906 1.3844 1.11271 1.04975 1.76184 0.993828 0.981176
threshold=-0.29172450437704273 -1.0562482538964397 0.13089562567480087 0.76893670247691071 -0.80120924262190218 -0.14169641328853047 -1.8340551474483793 2.9525163457751549 -1.0946603523428953 0.99964995198563511 -0.43799727423096557 0.32110965234269023 -0.27379332537731632 0.141598074594005 -0.28835011683715206 -0.51061168389236589 -0.47462332909156052 1.3891213916479976 1.0157248693435246 0.37586676305771155 0.17607910589125828 -1.2474846421981616 -0.89578419301027412 -0.62680874481792204 0.079102082167360019 -0.083616473622182955 -0.44470842908567515 -0.56251492908700962 0.33364693712457932 -1.0630828167882624
decision_type=2 2 2 2 2 2 2 2 2 2 2 2 2 2 2 2 2 2 2 2 2 2 2 2 2 2 2 2 2 2
left_child=1 3 8 -1 5 -3 -6 10 -2 19 -4 12 13 -12 15 -15 -11 18 25 20 22 -22 -8 24 29 -10 27 -23 -29 -24
right_child=2 4 7 -5 6 -7 9 -9 17 16 11 -13 -14 14 -16 -17 -18 -19 -20 -21 21 26 23 -25 -26 -27 -28 28 -30 -31
leaf_value=-0.064291597725823532 -0.016800729305991396 -0.035404780307812071 0.0032199418130506464 -0.026863663815535035 -0.027379963835701349 -0.0052467750917587971 -0.018878554075490685 0.035169149339199068 -0.0012773324868997889 -0.0070128360530361533 -0.0079499405453680085 0.028081518054008488 0.019158352206855554 -0.0059537681496956135 0.018204118777066468 0.015661837625139879 0.0074378490266907545 0.015581544717064216 0.017830595821142197 0.0022970091588305013 0.0084372593830762937 0.0012803801477117383 -7.0930137299001229e-05 -0.013206170416228345 0.0066786485918176666 0.0098349492186335513 0.0019602130822561408 -0.023606254528498367 -0.0080325141642242671 -0.015066020780553422
leaf_weight=20 22 34 53 26 20 28 32 20 136 24 20 25 134 22 44 21 72 21 20 38 22 23 20 58 24 27 27 21 20 24
leaf_count=20 22 34 53 26 20 28 32 20 136 24 20 25 134 22 44 21 72 21 20 38 22 23 20 58 24 27 27 21 20 24
internal_value=-7.70271e-12 -0.0101111 0.00953846 -0.0431367 -0.00699167 -0.021785 -0.00483358 0.0146997 0.00179661 -0.00372018 0.0134163 0.015448 0.0141374 0.00784952 0.0114816 0.00460269 0.00382518 0.00380221 0.00245048 -0.00606436 -0.00723681 -0.00343706 -0.00995435 -0.00768788 -0.00298111 0.000563352 -0.00630777 -0.00979583 -0.0160093 -0.00825007
internal_weight=1098 533 565 46 487 62 425 339 226 405 319 266 241 107 87 43 96 204 183 309 271 113 158 126 68 163 91 64 41 44
internal_count=1098 533 565 46 487 62 425 339 226 405 319 266 241 107 87 43 96 204 183 309 271 113 158 126 68 163 91 64 41 44
is_linear=0
shrinkage=0.05


Tree=22
num_leaves=31
num_cat=0
split_feature=0 2 3 17 0 9 13 0 3 17 15 4 17 16 0 12 9 8 17 1 8 15 11 10 17 10 10 10 10 16
split_gain=38.2285 19.8227 8.14992 5.71669 5.61272 5.04148 3.85146 3.38851 3.04306 2.67864 2.59508 1.70575 1.51265 1.55 1.50857 1.49293 1.46073 1.94716 2.96751 2.45463 1.22325 1.40452 1.47549 1.34541 1.17259 1.91743 1.07579 2.47154 1.99939 1.72305
threshold=-0.29172450437704273 -1.0562482538964397 0.13089562567480087 0.76893670247691071 -0.80120924262190218 -0.14169641328853047 -1.8340551474483793 2.5850607809073174 -1.0946603523428953 -0.43799727423096557 1.0794053026985215 0.37586676305771155 0.32110965234269023 -0.86933626605331182 -0.69322553040097845 0.17607910589125828 -0.36720327908316025 1.0000000180025095e-35 -0.45414193805319342 0.23696232443265347 -0.28835011683715206 0.86183515056221871 -0.31641881113348908 -0.098535806826191438 1.3891213916479976 1.0157248693435246 -0.41035568310650555 -0.50309481553844193 -0.34098681204741715 -0.59792918525510552
decision_type=2 2 2 2 2 2 2 2 2 2 2 2 2 2 2 2 2 2 2 2 2 2 2 2 2 2 2 2 2 2
left_child=1 3 8 -1 5 -3 -6 9 -2 -4 11 15 13 -11 -12 26 -17 18 -18 -19 21 22 -15 -23 25 -10 27 -8 -28 -29
right_child=2 4 7 -5 6 -7 10 -9 24 12 14 -13 -14 20 -16 16 17 19 -20 -21 -22 23 -24 -25 -26 -27 28 29 -30 -31
leaf_value=-0.061077015893533829 -0.015960693015420642 -0.033634541655876947 0.0022156091200975845 -0.025520480166261014 -0.026010965229943395 -0.0049844364502600264 -0.014674940617987887 0.032074938303170104 0.00053518464284566197 0.0006910172650929202 -0.0077768158912658696 0.0037948904581190574 0.025620484884296149 -0.0064483805350027991 0.0079264689236879359 0.0082995815027970821 0.00012764056168851397 0.011788141356709485 -0.026149557624012235 -0.010635729970248498 0.017688829118797426 0.0073568778197196406 0.012757672478910537 0.024843324805525216 0.014802467385085212 0.016939065996557475 -0.027321290110491891 0.010827417729888112 -0.0089288892452087671 -0.0083238997496664531
leaf_weight=20 22 34 52 26 20 28 48 24 163 22 20 42 28 20 65 24 21 26 22 23 129 22 20 22 21 20 22 24 45 23
leaf_count=20 22 34 52 26 20 28 48 24 163 22 20 42 28 20 65 24 21 26 22 23 129 22 20 22 21 20 22 24 45 23
internal_value=1.41437e-11 -0.00960557 0.00906154 -0.0409798 -0.00664209 -0.0206958 -0.0045919 0.0139647 0.00170678 0.0125849 -0.00353417 -0.00559694 0.0146351 0.0133262 0.00423158 -0.00701585 -0.00268578 -0.00555152 -0.0133165 0.00126265 0.0146312 0.0099356 0.00315465 0.0161001 0.0036121 0.00232796 -0.0101164 -0.00669462 -0.0149682 0.0014555
internal_weight=1098 533 565 46 487 62 425 339 226 315 405 320 263 235 85 278 116 92 43 49 213 84 40 44 204 183 162 95 67 47
internal_count=1098 533 565 46 487 62 425 339 226 315 405 320 263 235 85 278 116 92 43 49 213 84 40 44 204 183 162 95 67 47
is_linear=0
shrinkage=0.05


Tree=23
num_leaves=31
num_cat=0
split_feature=3 17 0 9 0 10 2 0 10 15 4 0 0 9 4 2 13 8 17 14 13 16 13 9 10 14 10 9 17 12
split_gain=34.5504 22.0075 8.74611 5.53591 3.99305 3.70499 5.65043 3.13346 2.27696 2.88203 2.12897 1.96324 1.86662 1.8534 1.76141 1.50111 1.16591 1.35727 1.61908 2.11628 1.21916 1.9613 1.12096 1.11421 1.07183 1.03374 1.5108 1.00272 1.20427 0.984055
threshold=0.13089562567480087 -0.47247665456644111 -0.68758963727880074 0.12153785781948294 0.35099274727609653 1.2241406129622296 -0.99678679727995523 -0.90648772614418072 -0.18237198254466194 1.1137826090402827 1.8422515243200754 -0.74687923292410963 -0.79489704232506331 1.7327719984304053 -0.12861141684181829 0.30433954303407468 1.1098351782230731 0.51932444511997289 -0.19198244209879814 -0.34359632323176753 -0.758920524145694 1.8155901511297654 -0.38078548025699738 -0.43951010523864059 1.0157248693435246 -0.10553977178274117 -0.098535806826191438 -0.081969840759357288 -0.41741579726228911 0.95253311268087593
decision_type=2 2 2 2 2 2 2 2 2 2 2 2 2 2 2 2 2 2 2 2 2 2 2 2 2 2 2 2 2 2
left_child=1 -1 3 7 14 6 -4 -3 9 13 24 12 -9 16 -2 27 17 18 19 23 21 -21 -22 -8 -6 26 -17 28 -16 -10
right_child=4 2 5 -5 10 -7 8 11 29 -11 -12 -13 -14 -15 15 25 -18 -19 -20 20 22 -23 -24 -25 -26 -27 -28 -29 -30 -31
leaf_value=-0.058540562004782262 -0.0044093632937542036 -0.032137742354289484 -0.023624426279322156 0.0031545197125524282 0.011607519279817468 0.018480293097950164 0.01097655997145921 -0.016010713974308029 0.0019673382405502103 0.01079838509981831 0.029248800543287108 -0.024779183801376461 0.0028607488423585893 -0.019792043133860543 -0.010020666918717325 0.011318172059691279 0.0038709546237982611 0.0034975209067959119 -0.020443118709538664 0.0037804762213740368 -0.02157809544803092 -0.014349028616785432 -0.0082536767678041204 -0.0050028253253549338 0.021041090839232009 0.0043744656382062076 0.025812857180833815 0.0096809778521035582 0.0056195610522991046 0.013699795376686825
leaf_weight=20 28 38 31 32 91 21 24 38 120 30 31 33 20 21 20 64 37 34 21 35 27 26 38 20 45 28 25 47 32 21
leaf_count=20 28 38 31 32 91 21 24 38 120 30 31 33 20 21 20 64 37 34 21 35 27 26 38 20 45 28 25 47 32 21
internal_value=-1.58096e-11 -0.00686022 -0.00531059 -0.0154608 0.0114671 -0.00208096 -0.00297124 -0.0200786 -0.001561 -0.00393761 0.0174242 -0.0150429 -0.00950331 -0.00549973 0.00738986 0.00891939 -0.00435416 -0.00570673 -0.00734519 -0.00572721 -0.00902386 -0.00394685 -0.0137884 0.0037132 0.0147289 0.0127536 0.0153897 0.00438807 -0.000395911 0.00371473
internal_weight=1098 687 667 161 411 506 485 129 454 313 167 91 58 283 244 216 262 225 191 170 126 61 65 44 136 117 89 99 52 141
internal_count=1098 687 667 161 411 506 485 129 454 313 167 91 58 283 244 216 262 225 191 170 126 61 65 44 136 117 89 99 52 141
is_linear=0
shrinkage=0.05


Tree=24
num_leaves=31
num_cat=0
split_feature=0 2 3 17 10 10 3 13 13 11 2 13 2 11 10 12 3 4 10 10 2 15 0 9 15 10 15 2 9 17
split_gain=31.324 16.6907 6.71174 5.01016 4.85412 4.18716 5.42246 3.63999 4.77145 4.60223 2.44806 3.34107 2.35945 1.88989 1.44809 1.41053 1.32068 1.29495 1.25471 1.24569 1.16179 1.95481 1.13871 1.05064 1.0453 2.20114 2.18192 2.163 1.97011 1.1119
threshold=-0.29172450437704273 -1.0608749378406619 0.57442417385615396 1.1433786039718088 -0.50933925045552553 1.6972956666299692 -1.0638096764531355 0.93579780807709823 -1.2338598439026394 -0.64405080142199755 -0.035807406198554041 0.68062960403879769 2.9525163457751549 -0.57492224248679535 1.0463906091343516 -0.84801659098367033 1.8711255881094189 -0.98792334244788249 0.097205588693482323 -0.38117376943458953 -0.21436313471260895 -0.090187053062291175 -0.68758963727880074 -0.38545964848487829 -1.2706273588242816 -0.38117376943458953 -0.49278350733136245 -0.66040973866854458 0.16061475221521382 -0.44835224755956532
decision_type=2 2 2 2 2 2 2 2 2 2 2 2 2 2 2 2 2 2 2 2 2 2 2 2 2 2 2 2 2 2
left_child=1 3 5 -1 7 6 -2 8 -3 -9 22 19 14 -8 16 -15 18 -10 -4 -12 21 -17 -6 -19 27 26 -26 -24 -27 -28
right_child=2 4 12 -5 10 -7 13 9 17 -11 11 -13 -14 15 -16 20 -18 23 -20 -21 -22 -23 24 -25 25 28 29 -29 -30 -31
leaf_value=-0.05725539458915592 -0.021711614503609866 -0.028006669012113263 0.0095728944211838432 -0.022288029011161555 -0.015946547448149193 0.024790516199374741 0.01398239251135326 -0.0087695564539171759 0.0073752005444839598 -0.042283198224114527 0.014962137792673375 -0.010169750965874771 0.031210081223398446 -0.0096889855631161481 0.022513342781790666 0.0047506954241544018 -0.00072061166167259217 0.0013433785764155565 0.018991845830089667 0.0008566803648136557 0.0073352924707621621 -0.0086762604116257733 0.011594180528212476 -0.010629997520070327 -0.012318043829873206 -0.018800388590392212 -0.0018986448769768079 -0.00980155777097458 -0.0003177276280309473 0.012087518328593838
leaf_weight=20 22 26 99 21 23 22 41 20 20 21 45 29 20 22 35 80 20 27 55 24 108 41 27 57 28 46 30 21 21 27
leaf_count=20 22 26 99 21 23 22 41 20 20 21 45 29 20 22 35 80 20 27 55 24 108 41 27 57 28 46 30 21 21 27
internal_value=2.05662e-11 -0.00869497 0.00820252 -0.0393453 -0.00614078 0.00370356 0.00222613 -0.0129453 -0.00884852 -0.0259351 -0.00251595 0.00407075 0.0148036 0.00402966 0.0132336 0.00240392 0.011367 -0.00405899 0.0129368 0.0100559 0.00356568 0.000201066 -0.00541055 -0.00678141 -0.00419891 -0.00623021 -0.000888254 0.00223355 -0.0130073 0.00472638
internal_weight=1098 533 565 41 492 336 314 171 130 41 321 98 229 292 209 251 174 104 154 69 229 121 223 84 200 152 85 48 67 57
internal_count=1098 533 565 41 492 336 314 171 130 41 321 98 229 292 209 251 174 104 154 69 229 121 223 84 200 152 85 48 67 57
is_linear=0
shrinkage=0.05


Tree=25
num_leaves=31
num_cat=0
split_feature=0 2 3 17 10 10 3 14 13 16 15 16 10 4 11 14 0 10 2 15 2 14 9 0 15 10 15 10 13 3
split_gain=28.2699 15.0634 6.06965 4.52167 4.38085 3.56664 5.03434 3.33216 4.98921 4.0422 2.23567 2.46425 2.14637 1.98596 1.91891 1.47694 1.43225 1.37944 1.29924 1.29557 1.29426 1.28331 1.39125 1.22278 1.20422 1.70894 2.68528 1.87313 1.13213 0.978449
threshold=-0.29172450437704273 -1.0608749378406619 0.64265052944167111 1.1433786039718088 -0.50933925045552553 1.6972956666299692 -0.97852673197123907 -0.74676704865974008 -1.2338598439026394 -0.89384164485378326 0.21829197584444693 -0.7908447892651892 1.0463906091343516 -0.86703155063258064 -0.57492224248679535 -0.27340214866337764 -0.50070342134738988 -0.26116933206766385 -0.21436313471260895 -0.090187053062291175 -0.92910012476263104 -0.67046334394992779 -0.43443841862764465 -0.58434007528050624 -1.3679533327785125 -0.38117376943458953 -0.49278350733136245 -0.31644185499709793 0.057966827199800154 -0.3195013475654967
decision_type=2 2 2 2 2 2 2 2 2 2 2 2 2 2 2 2 2 2 2 2 2 2 2 2 2 2 2 2 2 2
left_child=1 3 5 -1 7 6 -2 9 -9 -3 20 -12 17 -10 -8 21 -17 -4 19 29 -6 -13 -23 -22 -25 26 -26 -27 -15 -16
right_child=2 4 12 -5 10 -7 14 8 13 -11 11 15 -14 28 18 16 -18 -19 -20 -21 23 22 -24 24 25 27 -28 -29 -30 -31
leaf_value=-0.054392625503242024 -0.018766225638011329 -0.011612308796278999 -0.00039277939591556791 -0.021173627754407273 0.0037603588559879707 0.022710595308276623 0.014514803800445336 -0.026606335777502793 0.01133287200196223 -0.038963160596110602 -0.013245358492207268 -0.00099978135898709302 0.024796517442446205 -0.011811222483378811 -0.005056897295510461 -0.0094390598325324922 0.0054641841861762502 0.013544830186749349 0.0062565548677137863 -0.0080925845008875657 -0.019833073904737833 0.023727280424819107 0.0065678853714079763 0.0030382157034742146 -0.013773546858619042 -0.02761386757483706 0.0096802024196064023 -0.006691576179582626 0.0013832113994606612 0.0060697642215076959
leaf_weight=20 26 35 20 21 26 23 39 26 22 22 23 20 40 37 29 28 38 158 126 42 20 21 27 26 26 20 23 23 29 62
leaf_count=20 26 35 20 21 26 23 39 26 22 22 23 20 40 37 29 28 38 158 126 42 20 21 27 26 26 20 23 23 29 62
internal_value=3.22978e-11 -0.00826023 0.00779239 -0.037378 -0.00583374 0.00368476 0.00233416 -0.012298 -0.00736266 -0.0221688 -0.00239015 0.0018746 0.0143307 -0.00167703 0.00417513 0.00446982 -0.000858404 0.0119788 0.0026182 -0.000828671 -0.00647286 0.00964133 0.0140751 -0.00840086 -0.0064632 -0.00914838 -0.00276464 -0.0164229 -0.00601367 0.00252391
internal_weight=1098 533 565 41 492 347 324 171 114 57 321 157 218 88 298 134 66 178 259 133 164 68 48 138 118 92 49 43 66 91
internal_count=1098 533 565 41 492 347 324 171 114 57 321 157 218 88 298 134 66 178 259 133 164 68 48 138 118 92 49 43 66 91
is_linear=0
shrinkage=0.05


Tree=26
num_leaves=31
num_cat=0
split_feature=0 17 3 14 17 14 10 3 2 10 0 2 11 10 11 11 13 12 10 14 15 12 11 11 15 10 9 12 14 2
split_gain=25.5136 13.8662 5.47786 4.48628 3.63856 3.62723 3.2189 4.5435 3.17815 2.56435 2.11119 2.03219 1.73182 1.51439 2.19718 2.18216 1.44409 2.79899 1.38001 1.29683 1.2145 1.65165 1.1526 2.05646 1.10687 1.64878 0.964772 0.888974 1.2091 0.800854
threshold=-0.29172450437704273 -0.47209146841674438 0.64265052944167111 -0.96442032266462985 1.0089268529156221 -1.0498204235677018 1.6972956666299692 -0.97852673197123907 -0.34202533984022021 -0.58337599118035488 -0.68758963727880074 2.9525163457751549 -0.57492224248679535 -0.22215707035796264 0.10787451988090772 -0.055348292909775498 0.73552658072486621 -0.72024438654257483 -0.26116933206766385 -0.42303362119476035 0.58788621602542745 1.1814760839582485 -0.33125009190175475 -0.51063801942270104 0.0613786708978298 -0.50933925045552553 -0.56730779885516969 1.0360121041456998 -0.27340214866337764 -0.50515878854020124
decision_type=2 2 2 2 2 2 2 2 2 2 2 2 2 2 2 2 2 2 2 2 2 2 2 2 2 2 2 2 2 2
left_child=1 -1 6 4 -3 -6 7 -2 9 -5 -11 18 -9 14 15 19 24 -18 -4 -12 21 26 23 -20 -10 -26 -14 28 -27 -28
right_child=2 3 11 8 5 -7 -8 12 16 10 13 -13 20 -15 -16 -17 17 -19 22 -21 -22 -23 -24 -25 25 27 29 -29 -30 -31
leaf_value=-0.044986931382057567 -0.017827913953134648 -0.03416268450462006 -0.00037314022425562145 0.0055767596121235148 -0.026115479478713774 -0.0009580142403903761 0.021575066079031271 0.013789063575080571 -0.0072767210006713864 -0.020924225885813177 -0.0033123021373259172 0.028803561106324194 -0.010188797493228104 0.0047214268041508543 -0.023765980974649607 0.0065428712919432044 0.0053501320362556726 -0.020785797343012835 0.01782041396945715 -0.016024935465464567 0.0077029584924905347 0.012758223339915276 0.016718260334433851 0.0006171073416848423 -0.0046406785850054942 0.0097849900385578326 -0.0059248012760163924 0.015631958268582821 -0.0028831715034621378 0.0026900771718662512
leaf_weight=24 26 22 20 29 23 38 23 39 25 38 35 20 27 21 23 24 20 21 32 47 78 23 108 38 39 48 38 25 31 93
leaf_count=24 26 22 20 29 23 38 23 39 25 38 35 20 27 21 23 24 20 21 32 47 78 23 108 38 39 48 38 25 31 93
internal_value=-5.68558e-12 -0.00784721 0.00740277 -0.00609603 -0.0167306 -0.0104436 0.00350052 0.00221745 -0.00402404 -0.00826238 -0.0103971 0.0136141 0.00396638 -0.00773027 -0.0097573 -0.00671768 0.000376539 -0.00803656 0.0120799 -0.0105988 0.00248729 0.000239648 0.0134791 0.00848148 0.00242974 0.00412667 -0.00158268 0.00741442 0.00481394 0.000191105
internal_weight=1098 533 565 509 83 61 347 324 426 217 188 218 298 150 129 106 209 41 198 82 259 181 178 70 168 143 158 104 79 131
internal_count=1098 533 565 509 83 61 347 324 426 217 188 218 298 150 129 106 209 41 198 82 259 181 178 70 168 143 158 104 79 131
is_linear=0
shrinkage=0.05


Tree=27
num_leaves=31
num_cat=0
split_feature=10 17 3 14 0 10 2 13 13 4 0 10 4 12 4 16 15 2 0 10 3 4 0 4 0 13 16 1 2 11
split_gain=23.1494 13.1773 10.9824 3.18945 2.72341 2.63101 3.12515 2.1755 1.94598 1.91769 1.83766 1.82676 1.89075 1.5529 2.05645 1.58767 1.19381 1.58455 1.2142 1.62518 1.40685 1.76605 1.11368 1.0773 1.18402 0.876881 0.813785 1.19119 1.05496 0.811441
threshold=-0.50933925045552553 -0.47131529259551469 0.13089562567480087 -0.93173313373964495 2.5850607809073174 1.2241406129622296 -0.99678679727995523 1.2357567421387727 1.3170689044966746 1.3702834343816876 -0.63821921352852462 -0.58764199127222394 -0.66576305398872682 1.2904161505510678 -0.36598408374402575 0.10000760772023461 -1.4495421398296258 -0.64207436155625686 -0.55120102372210156 -0.27885159331801973 -0.32568293011854693 1.0000000180025095e-35 0.67178778379044846 -0.71248609785247863 -0.23063142293263697 0.10707071302727462 -0.94269652592773012 -0.37531121555436137 -0.37646843142498515 0.3273946515790172
decision_type=2 2 2 2 2 2 2 2 2 2 2 2 2 2 2 2 2 2 2 2 2 2 2 2 2 2 2 2 2 2
left_child=1 -1 5 7 9 6 -2 -3 -9 13 -8 -5 -13 14 -4 29 -12 23 -19 20 -20 -22 -11 -18 -25 -14 -21 -28 -29 -16
right_child=2 3 4 11 -6 -7 10 8 -10 22 16 12 25 -15 15 -17 17 18 19 26 21 -23 -24 24 -26 -27 27 28 -30 -31
leaf_value=-0.052641426381610693 -0.016969759318539324 -0.032235692741106388 -0.0097082921257242577 0.0053475740193216891 0.025884146697353574 0.015717097442774549 -0.011721330029448789 -0.0019087491650134328 -0.023965383365284653 0.010913927861574023 0.0086070776238505332 -0.020881860961134618 -0.010151745593420377 0.018516673681397849 0.0082470238123278257 0.0011371384195915264 -0.00042449851082920125 0.012574724764563144 -0.012044333016428238 0.013123611975461245 0.0087911901355255395 -0.0056719992452511393 0.023669808564175453 -0.01929907018605333 -0.0031172591261565685 0.0011798774432991781 -0.0067123491682910506 -0.0016096854524221271 0.010265836175531149 0.018290869924543509
leaf_weight=21 34 23 20 27 24 21 38 20 20 44 35 26 38 26 160 82 33 20 39 20 32 62 28 26 20 31 28 32 45 23
leaf_count=21 34 23 20 27 24 21 38 20 20 44 35 26 38 26 160 82 33 20 39 20 32 62 28 26 20 31 28 32 45 23
internal_value=1.30358e-11 -0.0151073 0.00348891 -0.0108467 0.00954524 -0.00159341 -0.00237686 -0.0199826 -0.0129371 0.0085214 -0.00122301 -0.00612897 -0.00939072 0.00681906 0.00575191 0.00691871 -0.000205314 -0.00106927 0.00070647 -0.000213549 -0.00406071 -0.00074836 0.0158745 -0.00731809 -0.0122635 -0.00506073 0.00387983 0.00211911 0.00533055 0.00950937
internal_weight=1098 206 892 185 407 485 464 63 40 383 430 122 95 311 285 265 392 357 278 258 133 94 72 79 46 69 125 105 77 183
internal_count=1098 206 892 185 407 485 464 63 40 383 430 122 95 311 285 265 392 357 278 258 133 94 72 79 46 69 125 105 77 183
is_linear=0
shrinkage=0.05


Tree=28
num_leaves=31
num_cat=0
split_feature=0 3 17 10 4 15 1 2 10 4 15 15 10 17 12 16 1 15 3 2 4 3 3 2 4 0 2 3 9 10
split_gain=21.0312 12.8963 7.63108 2.99735 4.50121 2.88096 3.37349 2.5945 1.95198 1.95312 1.74449 1.24759 1.2466 1.07681 1.06473 1.14707 1.45428 0.979602 0.847477 1.88705 0.824831 0.792736 1.30047 1.06427 0.768807 0.734515 1.09281 1.08565 0.714061 0.740232
threshold=-0.8095503644427251 0.13089562567480087 -0.46326571564713276 -0.098535806826191438 -1.037913732036372 -0.61745853833081676 -0.86639262307625231 2.9525163457751549 0.11102371942584084 -0.068002153647930483 -1.577731295477349 0.99964995198563511 1.2241406129622296 -0.42020928823604192 0.1977557578187922 -0.60970376116472647 -0.42766162599349683 1.1874264386257447 1.8711255881094189 0.65493937080735343 0.37586676305771155 -0.73051935046784477 -0.18470850578370732 -0.23955285840892956 -0.0086998287439378381 -0.21011677196791034 -0.56650519046729497 -0.07761831173966148 -0.18575248618148274 -0.37183803010310795
decision_type=2 2 2 2 2 2 2 2 2 2 2 2 2 2 2 2 2 2 2 2 2 2 2 2 2 2 2 2 2 2
left_child=2 3 -1 4 -2 6 -4 8 9 -3 -6 20 21 28 15 -15 -17 -13 19 24 25 -5 -23 -24 -10 27 -27 -12 -11 -30
right_child=1 7 5 12 10 -7 -8 -9 18 13 11 17 -14 14 -16 16 -18 -19 -20 -21 -22 22 23 -25 -26 26 -28 -29 29 -31
leaf_value=-0.050111209996975964 -0.021573624620860859 -0.0072212768602184958 -0.021528145865778683 -0.0048788297815587035 -0.014549250439590506 -0.031420783754438165 0.0037054300361957686 0.026479224152863023 0.016177827734141972 -0.0053141999270089647 -0.0044322891849049818 0.01143142568309688 0.014931242451781318 0.013566711052720035 0.018339995477747704 -0.0057416147310976632 0.010253531088431677 -0.0012443580717912744 0.0028256817441433667 0.021298118800041267 0.0036596766863820247 0.010191099693377814 -0.010426513040438295 0.0050479742102324966 0.0057437738649208439 -0.0072866592378843398 0.0079213141601670676 -0.016093885439278727 0.012526803871151061 0.0010564936557784677
leaf_weight=20 36 28 27 33 31 20 26 20 26 22 215 27 21 42 28 27 30 35 20 52 36 45 20 25 55 21 27 22 22 39
leaf_count=20 36 28 27 33 31 20 26 20 26 22 215 27 21 42 28 27 30 35 20 52 36 45 20 25 55 21 27 22 22 39
internal_value=-4.42442e-11 0.00210503 -0.0227479 -0.00260633 -0.00461552 -0.0152512 -0.00914941 0.00891416 0.00801569 0.00518315 -0.0031409 -0.00221751 0.00367238 0.00683707 0.00973153 0.00729681 0.00267688 0.00427574 0.0124219 0.0138649 -0.00347166 0.00175014 0.00418076 -0.00182958 0.00909298 -0.00437246 0.00126783 -0.0055148 0.0024082 0.00519333
internal_weight=1098 1005 93 594 450 73 53 411 391 238 414 383 144 210 127 99 57 62 153 133 321 123 90 45 81 285 48 237 83 61
internal_count=1098 1005 93 594 450 73 53 411 391 238 414 383 144 210 127 99 57 62 153 133 321 123 90 45 81 285 48 237 83 61
is_linear=0
shrinkage=0.05


Tree=29
num_leaves=31
num_cat=0
split_feature=10 17 3 14 16 17 3 10 2 1 13 0 12 17 0 17 10 3 9 17 8 12 14 10 10 10 15 9 14 12
split_gain=19.1302 11.2102 8.89426 2.8519 4.23735 3.14762 2.38698 2.13312 2.60276 2.08268 1.64117 1.77366 1.65475 2.18579 1.37431 1.54177 1.268 1.23297 1.13792 1.0632 1.35904 1.37958 1.28486 1.00835 0.943553 2.22729 1.14698 0.90325 1.0287 0.86437
threshold=-0.50933925045552553 -0.47131529259551469 0.13089562567480087 -0.74676704865974008 -0.89384164485378326 1.9149966103117866 2.5695299428531109 1.2241406129622296 -0.99678679727995523 -0.23966208380988593 1.1021689922892415 -0.63821921352852462 0.95253311268087593 -0.45202235284050879 -0.19771780709911949 -0.4421821874343857 -0.43038733571180382 -0.66469694365295828 0.12153785781948294 0.32110965234269023 -0.28835011683715206 -0.6613405352424101 -0.10553977178274117 -0.31845120286645662 -0.27885159331801973 -0.34652024694918931 0.8395280984471204 -0.56621514504001935 0.67108752376766978 -0.87207116599515522
decision_type=2 2 2 2 2 2 2 2 2 2 2 2 2 2 2 2 2 2 2 2 2 2 2 2 2 2 2 2 2 2
left_child=1 -1 7 4 5 -3 14 8 -2 -5 11 -10 24 -14 16 -16 -4 -12 -11 20 21 -17 -23 -18 25 26 27 -13 -29 -26
right_child=2 3 6 9 -6 -7 -8 -9 10 18 17 12 13 -15 15 19 23 -19 -20 -21 -22 22 -24 -25 29 -27 -28 28 -30 -31
leaf_value=-0.048352826794698128 -0.015425048516515424 -0.0022081632015490257 0.011030430557827155 0.0060096980702570258 -0.035394120135937228 -0.025824195935967423 0.025465574725531043 0.014184680297261193 -0.013149133462267107 -0.015777155048580786 0.0010171022598764725 -0.013112077106118456 -0.0030250124109443277 0.015603940765703879 -0.002170086650249477 -0.0059530057357219252 -0.0058512853826721053 0.016122719357636841 -0.0025443734106374905 0.020401448518037796 0.012365464526153501 0.013955755422238071 -0.00074804212781600656 0.0073096821084618572 -0.0083818640074004302 -0.015789754245764551 0.0089365860912948847 0.0023361152042634787 -0.01108113973401487 0.0023484122291134273
leaf_weight=21 34 43 30 34 22 21 20 21 34 33 35 22 32 31 26 23 43 22 32 25 155 39 24 22 23 39 20 50 20 102
leaf_count=21 34 43 30 34 22 21 20 21 34 33 35 22 32 31 26 23 43 22 32 25 155 39 24 22 23 39 20 50 20 102
internal_value=-1.9991e-11 -0.0137334 0.00317161 -0.0098036 -0.0164643 -0.00995717 0.00862186 -0.0014021 -0.00210754 -0.00401754 -0.00105453 -0.00226205 -0.00117013 0.00614162 0.00775138 0.0094509 0.00252759 0.00684734 -0.00926255 0.0105868 0.00956867 0.00452793 0.00835431 -0.0013968 -0.00283912 -0.00549902 -0.00191563 -0.00427481 -0.00149739 0.000374041
internal_weight=1098 206 892 185 86 64 407 485 464 99 430 373 339 63 387 292 95 57 65 266 241 86 63 65 276 151 112 92 70 125
internal_count=1098 206 892 185 86 64 407 485 464 99 430 373 339 63 387 292 95 57 65 266 241 86 63 65 276 151 112 92 70 125
is_linear=0
shrinkage=0.05


Tree=30
num_leaves=31
num_cat=0
split_feature=0 3 17 15 1 10 4 4 0 15 10 3 13 14 3 15 15 4 10 3 15 14 9 4 9 12 12 9 0 14
split_gain=17.6694 10.4062 6.47898 2.50567 2.9218 2.41712 3.82513 2.28583 1.559 1.4954 1.4685 1.47565 1.20917 1.52196 1.41174 1.12202 1.07825 1.26183 1.13929 1.04267 0.84143 0.747785 0.911936 0.692931 0.739953 1.25787 1.33684 0.894568 1.17501 1.27428
threshold=-0.8095503644427251 0.13089562567480087 -0.46326571564713276 -0.61745853833081676 -0.86639262307625231 -0.091054850143348562 -1.037913732036372 1.3702834343816876 0.67178778379044846 -1.577731295477349 1.0157248693435246 1.595930690747702 0.19987168549765247 -0.56771108706875828 -0.73051935046784477 0.99964995198563511 0.21829197584444693 0.56913026267595768 0.18561689494526171 -0.20748878222920719 1.1874264386257447 -0.65083503420630329 -0.43443841862764465 0.37586676305771155 -0.5421062479816966 -0.45773417990657922 -1.023960759407941 0.18877218412998295 -0.34086949240243181 -0.38929844322712531
decision_type=2 2 2 2 2 2 2 2 2 2 2 2 2 2 2 2 2 2 2 2 2 2 2 2 2 2 2 2 2 2
left_child=2 5 -1 4 -4 6 -2 10 -9 -8 11 16 19 14 -14 23 -3 18 21 -7 -17 -18 -23 24 25 26 -11 28 29 -26
right_child=1 7 3 -5 -6 12 9 8 -10 15 -12 -13 13 -15 -16 20 17 -19 -20 -21 -22 22 -24 -25 27 -27 -28 -29 -30 -31
leaf_value=-0.046063959849998358 -0.019726185172071888 0.0016027874726940818 -0.019772796017221279 -0.029022720640059563 0.0037107942939306111 0.013472010548680259 -0.013301869522735116 0.0094256045466119612 0.023565496194808345 0.0025915586327513061 0.014518763737388606 -0.0078648158703886334 -0.0050302920937538151 -0.012948668971657754 0.011772937808185816 0.01090611958945239 -0.0047340732961893084 0.014036886408194123 0.015546260197602569 0.0013960613643355442 -0.00084174188652208883 0.012020300765489711 3.057683152811868e-05 0.0034696311275992128 -0.0045825488892240595 0.0067542883236647441 -0.012335174707695844 -0.0024377997494255655 -0.00059854394445816683 -0.019026489742100239
leaf_weight=20 36 94 27 20 26 39 31 44 35 30 46 21 25 20 25 27 25 61 21 33 35 29 35 36 26 38 30 99 27 37
leaf_count=20 36 94 27 20 26 39 31 44 35 30 46 21 25 20 25 27 25 61 21 33 35 29 35 36 26 38 30 99 27 37
internal_value=-6.01294e-11 0.00192947 -0.0208507 -0.013943 -0.00825254 -0.00230268 -0.00409041 0.00804601 0.0156901 -0.00273731 0.00622709 0.00489346 0.00338783 -0.00129153 0.00337132 -0.00188666 0.00590449 0.00826917 0.00507071 0.0079372 0.00427426 0.00259896 0.00546342 -0.00306925 -0.00388946 -0.00036373 -0.00487181 -0.00571762 -0.00932541 -0.0130655
internal_weight=1098 1005 93 73 53 594 452 411 79 416 332 286 142 70 50 385 265 171 110 72 62 89 64 323 287 98 60 189 90 63
internal_count=1098 1005 93 73 53 594 452 411 79 416 332 286 142 70 50 385 265 171 110 72 62 89 64 323 287 98 60 189 90 63
is_linear=0
shrinkage=0.05


Tree=31
num_leaves=31
num_cat=0
split_feature=4 17 3 0 12 12 15 15 12 4 0 16 10 12 15 9 11 2 2 9 15 0 14 0 9 9 16 4 15 3
split_gain=16.0539 10.8225 6.33167 5.01843 4.04708 2.08985 5.29643 4.046 2.70628 2.30658 1.99027 1.73051 1.60541 1.59603 1.5551 1.76462 1.33503 1.19977 1.12168 1.09917 1.07193 1.01138 0.989995 1.42848 1.03376 0.977554 0.948355 0.813344 0.781357 0.887682
threshold=-0.36598408374402575 -0.47247665456644111 0.66451501587931172 0.47881480328708564 1.3649776905481288 -0.46828327624460103 0.11271544836819335 0.16787192654319694 -1.1939860881917237 -0.81818473204774922 -0.31066110526755958 -0.92240102255111833 -0.34287250774019984 -0.98217053445477409 0.29499156599362103 -0.55180980784543954 -0.076597365097691578 2.9525163457751549 -0.76048319879542381 -0.27098931440354662 -1.664514895486773 -0.21011677196791034 -0.054080016513176822 -0.39294514485135329 -0.29866089409197311 -0.31891950488717286 -0.48727782419875748 0.085726462700987119 0.86183515056221871 1.595930690747702
decision_type=2 2 2 2 2 2 2 2 2 2 2 2 2 2 2 2 2 2 2 2 2 2 2 2 2 2 2 2 2 2
left_child=1 -1 11 4 5 6 8 12 -3 -9 13 21 18 20 15 27 19 28 -7 -11 -10 -2 24 -24 -17 -16 -27 -13 29 -4
right_child=2 3 17 -5 -6 7 -8 9 10 16 -12 14 -14 -15 25 22 -18 -19 -20 -21 -22 -23 23 -25 -26 26 -28 -29 -30 -31
leaf_value=-0.043730102209374316 0.0019511876035143028 -0.0220401428118027 0.010177361453672124 0.011767568977342713 0.010768676856187759 -0.012456695322433244 -0.029303658077827633 0.016569286034930322 -0.0020268886441564458 0.00049214844591915607 -0.017601531262819967 -0.018951240191236139 -0.0028403191547840836 -0.0093446925463568833 0.0078380088637037808 0.0007158732704931137 0.007371229242364114 0.023538880073465409 -0.028647182970307768 -0.015886194658066548 0.012721613201905381 0.016065435206207138 -0.0073614055483505652 0.0053486326278778182 -0.0121083829117318 -0.009187891655601561 0.0027491413023924892 -0.0050194963622330266 0.014768979046493769 -0.001160840725614911
leaf_weight=20 22 29 97 36 27 23 39 21 28 20 24 20 20 36 82 33 22 20 20 21 22 30 29 93 30 20 99 22 72 21
leaf_count=20 22 29 97 36 27 23 39 21 28 20 24 20 20 36 82 33 22 20 20 21 22 30 29 93 30 20 99 22 72 21
internal_value=-2.26045e-11 -0.00786236 0.00464905 -0.00601351 -0.00783203 -0.00937732 -0.013021 -0.0049653 -0.00845243 0.00221851 -0.00487021 0.00148099 -0.0145437 -0.00131728 0.000434543 -0.00240149 -0.00256508 0.0118903 -0.0199872 -0.00789676 0.00446245 0.010094 -0.000301003 0.00232739 -0.00539092 0.00363743 0.000742917 -0.0116537 0.0106642 0.00815955
internal_weight=1098 408 690 388 352 325 178 147 139 84 110 480 63 86 428 227 63 210 43 41 50 52 185 122 63 201 119 42 190 118
internal_count=1098 408 690 388 352 325 178 147 139 84 110 480 63 86 428 227 63 210 43 41 50 52 185 122 63 201 119 42 190 118
is_linear=0
shrinkage=0.05


Tree=32
num_leaves=31
num_cat=0
split_feature=0 3 1 15 12 0 11 2 4 12 4 13 3 16 12 15 3 9 17 12 0 4 0 0 12 17 3 9 16 11
split_gain=14.955 8.37684 5.74469 14.8152 2.38016 2.08706 2.0283 2.7969 1.37787 1.42923 1.6053 1.33083 2.46412 1.26816 1.23635 1.09208 1.37796 1.28622 1.52312 1.13481 0.987273 0.852327 0.76623 0.75229 0.749606 1.26415 0.633036 1.36518 1.25504 0.779221
threshold=-0.8095503644427251 0.13089562567480087 -0.84019056833739691 0.43051454699425346 -1.2215608598661343 2.5850607809073174 1.2357260337251181 -0.95925924973237553 1.3702834343816876 1.2904161505510678 -0.36598408374402575 1.1098351782230731 -0.90137142380909385 0.10000760772023461 1.729851623342147 -0.72807707073719541 -0.20228022655950748 -0.59224899546598664 -0.23373249449773162 1.2141702566474868 -0.62108609843710449 -0.29148860122000192 0.67178778379044846 -0.36634372931467479 -0.039382106902245931 -0.14163115156945069 0.67539002222264077 -0.49915413925022095 -0.70694626697336538 -0.40736397142692482
decision_type=2 2 2 2 2 2 2 2 2 2 2 2 2 2 2 2 2 2 2 2 2 2 2 2 2 2 2 2 2 2
left_child=2 6 4 -4 -1 8 7 20 9 10 -3 12 -9 26 15 16 21 24 19 -19 -2 -14 -10 -13 25 -17 29 28 -28 -12
right_child=1 5 3 -5 -6 -7 -8 11 22 -11 13 23 14 -15 -16 17 -18 18 -20 -21 -22 -23 -24 -25 -26 -27 27 -29 -30 -31
leaf_value=-0.020676294905133549 -0.0055702927776358352 -0.0097275388613343242 -0.064078864175826311 -0.005811010201189978 0.0017448077582481224 0.021570511461080365 0.0098355902139754866 -0.019266188018012883 0.008501260837709362 0.016177897148120863 0.0095699734743769707 -0.00031711703476806484 -0.0071444105407273452 -5.2757306311409488e-05 0.0098214527084068831 -0.0083647067912600258 0.0021417433324341594 -0.00043538167903100518 -0.015712542244277539 -0.012662306649699098 -0.01941980477422476 -0.019756195261808381 0.019081861976883375 0.0107896123434447 0.0099604605297957151 0.0084001958997839184 0.011951478250356841 0.017501645003396429 -0.0036885539211494768 0.00035172864758911042
leaf_weight=20 22 20 20 24 29 24 34 21 44 26 41 30 37 86 22 22 26 197 21 21 31 21 28 31 35 23 29 38 23 52
leaf_count=20 22 20 20 24 29 24 34 21 44 26 41 30 37 86 22 22 26 197 21 21 31 21 28 31 35 23 29 38 23 52
internal_value=1.66724e-12 0.00177509 -0.0191825 -0.0322964 -0.00740666 0.00726291 -0.00202203 -0.00274196 0.00637561 0.00494925 0.00393906 -0.00159948 -0.00254686 0.00495517 -0.00172073 -0.00235083 -0.00742307 -0.00101519 -0.00285206 -0.0016132 -0.013671 -0.0117107 0.0126159 0.00532729 0.00447246 0.000204021 0.00730862 0.010298 0.00503377 0.00441569
internal_weight=1098 1005 93 44 49 411 594 560 387 315 289 507 446 269 425 403 84 319 239 218 53 58 72 61 80 45 183 90 52 93
internal_count=1098 1005 93 44 49 411 594 560 387 315 289 507 446 269 425 403 84 319 239 218 53 58 72 61 80 45 183 90 52 93
is_linear=0
shrinkage=0.05


Tree=33
num_leaves=31
num_cat=0
split_feature=3 3 10 0 9 0 10 14 0 4 12 4 12 15 3 10 10 12 2 16 4 0 4 4 10 0 12 14 9 13
split_gain=13.687 8.90198 3.90241 2.86427 5.62112 1.88358 1.76603 1.63159 1.36127 1.24353 1.28988 1.44878 1.19737 1.29388 1.18399 1.35753 1.11897 1.07244 0.919613 0.884927 1.01632 0.903275 1.03581 0.956705 1.99011 1.18554 1.41533 1.03391 1.2131 0.872756
threshold=-1.3518828708003736 0.13089562567480087 -0.65299216659259518 -0.80120924262190218 -0.14169641328853047 2.5850607809073174 1.2241406129622296 1.7969372850816347 -0.078913180083614656 1.3702834343816876 1.2904161505510678 -0.36598408374402575 0.75030475002089203 0.84884816816644226 -0.78987399035222505 -0.46358794512243701 0.17297345989037435 -0.22351641909086392 -0.27056877670167806 -0.96578181407682762 -0.80527871643503468 -0.75386774039560989 0.37586676305771155 0.0278944433731265 -0.38117376943458953 -0.63821921352852462 0.96402982538736748 0.51356202278899854 -0.012044580644509273 0.77076532665039899
decision_type=2 2 2 2 2 2 2 2 2 2 2 2 2 2 2 2 2 2 2 2 2 2 2 2 2 2 2 2 2 2
left_child=2 3 -1 4 -2 9 7 8 14 10 11 -3 13 29 15 -5 17 -15 -10 -16 -21 -22 23 25 -25 -23 27 28 -27 -13
right_child=1 5 -4 6 -6 -7 -8 -9 18 -11 -12 12 -14 16 19 -17 -18 -19 -20 20 21 22 -24 24 -26 26 -28 -29 -30 -31
leaf_value=-0.010542099543381483 -0.027727930872671065 -0.0092411617282778021 -0.040173894344712607 -0.00048852265398535472 0.0028971605299939886 0.020491985730283584 0.012783732460368248 -0.012948317197151483 0.00046641541478623235 0.011985142175884297 0.015369002341937561 0.00072576007504332148 -0.0052795438613328673 0.0016606912630178581 0.0089415927045047288 -0.013276568344052959 0.018317115145425004 0.014641877283485464 0.010392639998878753 0.0087308448872395941 0.0073480518091292614 -0.010682796603823836 0.0052053902475651531 -0.0032211919582914566 -0.021943638998676431 -0.0041625181148968998 0.0092270341284316163 -0.010942273537418055 0.0087356165767862246 0.0099777349002772228
leaf_weight=20 31 20 25 36 29 24 21 32 70 72 26 112 27 41 20 49 30 26 35 21 21 37 31 40 22 61 29 31 26 33
leaf_count=20 31 20 25 36 29 24 21 32 70 72 26 112 27 41 20 49 30 26 35 21 21 37 31 40 22 61 29 31 26 33
internal_value=2.22871e-11 0.00115403 -0.0270042 -0.00252432 -0.0129258 0.00689976 -0.001452 -0.00198489 -0.0013217 0.00605683 0.00470179 0.00374211 0.00470741 0.00582166 -0.00258389 -0.00786045 0.0102917 0.00669817 0.00377516 -0.00126085 -0.00190051 -0.00264969 -0.00340765 -0.00449303 -0.00986464 -0.00268303 -0.000669483 -0.00310168 -0.000307903 0.00283138
internal_weight=1098 1053 45 642 60 411 582 561 529 387 315 289 269 242 424 85 97 67 105 339 319 298 277 246 62 184 147 118 87 145
internal_count=1098 1053 45 642 60 411 582 561 529 387 315 289 269 242 424 85 97 67 105 339 319 298 277 246 62 184 147 118 87 145
is_linear=0
shrinkage=0.05


Tree=34
num_leaves=31
num_cat=0
split_feature=17 3 0 9 2 0 0 10 2 9 10 10 4 8 13 15 9 9 0 1 9 3 2 3 13 16 14 14 11 11
split_gain=12.7248 9.00495 2.75219 4.17503 1.7492 1.62122 1.85904 1.52397 2.68075 1.5391 1.30015 1.23506 1.47084 0.97807 1.29584 1.28522 0.789135 0.912712 1.03327 0.775801 0.762434 0.758522 1.46058 0.735976 0.7351 1.53426 1.14135 1.5303 1.33803 1.13577
threshold=-0.47247665456644111 0.13089562567480087 -0.68758963727880074 0.12153785781948294 2.9525163457751549 -0.90648772614418072 -0.74687923292410963 1.2241406129622296 -0.99678679727995523 2.0795367255389019 -0.55632707755437338 0.11102371942584084 -0.068002153647930483 0.51932444511997289 1.1021689922892415 1.0972815019962374 -0.43443841862764465 -0.1056362497409864 -0.23063142293263697 -0.0070529083814368648 -0.52324494633423824 1.8711255881094189 0.65493937080735343 -0.66469694365295828 -0.758920524145694 1.8155901511297654 -0.30108376104933426 -0.75282710556973043 -0.50706212616051827 -0.38435619871899485
decision_type=2 2 2 2 2 2 2 2 2 2 2 2 2 2 2 2 2 2 2 2 2 2 2 2 2 2 2 2 2 2
left_child=-1 2 3 5 11 -2 10 8 -4 13 -7 12 -3 14 15 24 20 18 -18 -15 -14 22 -13 -16 25 -10 27 -26 -29 -30
right_child=1 4 7 -5 -6 6 -8 -9 9 -11 -12 21 16 19 23 -17 17 -19 -20 -21 -22 -23 -24 -25 26 -27 -28 28 29 -31
leaf_value=-0.03951745992526412 -0.021232263346839891 -0.00720059690065682 -0.015839088672111114 0.0076182175223948436 0.020977325495332481 0.0018855392510120413 -0.018410376371519471 0.012144545572144646 0.0057320051821686015 -0.013542462605983019 -0.013864221423864365 0.0064888631077023393 0.0053083739306072986 0.010507725712211272 0.0012852872476765984 0.0065371661311062592 -0.010768856658515605 0.0061977701838797257 0.0033074159902753311 0.00087899183809685599 0.015296582866395856 0.00024327624589204789 0.01722662879351097 0.012776727415621282 -0.010912821652187456 -0.008834155796673791 -0.0099606835304897421 0.012597315723542125 -0.011179730063304305 0.0056708694715052847
leaf_weight=20 38 28 31 32 20 38 33 21 48 22 20 81 56 35 38 34 22 71 32 52 29 20 52 22 31 29 81 22 20 20
leaf_count=20 38 28 31 32 20 38 33 21 48 22 20 81 56 35 38 34 22 71 32 52 29 20 52 22 31 29 81 22 20 20
internal_value=1.89671e-11 0.000733163 -0.00285407 -0.00854795 0.00655477 -0.0125582 -0.008936 -0.00104238 -0.00161336 -0.000641998 -0.00354541 0.00581705 0.00356394 1.49703e-05 -0.00117974 -0.00258575 0.00499921 0.00247171 -0.00242736 0.00475262 0.00871612 0.00932188 0.0106871 0.00549882 -0.00382153 0.000246048 -0.00562155 -0.0018423 0.00269296 -0.00275443
internal_weight=1098 1078 667 161 411 129 91 506 485 454 58 391 238 432 345 285 210 125 54 87 85 153 133 60 251 77 174 93 62 40
internal_count=1098 1078 667 161 411 129 91 506 485 454 58 391 238 432 345 285 210 125 54 87 85 153 133 60 251 77 174 93 62 40
is_linear=0
shrinkage=0.05


Tree=35
num_leaves=31
num_cat=0
split_feature=17 3 0 9 0 4 4 11 2 9 15 8 13 3 4 12 4 12 15 10 15 13 8 16 12 4 0 14 14 16
split_gain=11.4841 8.12696 2.48385 3.76797 1.64238 1.58866 2.96079 1.38937 2.58555 1.35533 1.19021 1.17978 1.32919 1.08946 1.07257 1.1702 1.24437 1.04818 1.16468 0.923453 0.796513 0.761193 1.29646 0.819766 0.721131 0.720706 0.662619 0.647686 2.42872 1.42719
threshold=-0.47247665456644111 0.13089562567480087 -0.68758963727880074 0.12153785781948294 2.5850607809073174 -0.47462332909156052 -1.1828205149284974 1.2357260337251181 -0.99678679727995523 1.7327719984304053 -0.15985839391492745 0.51932444511997289 1.1021689922892415 -1.4052848756336687 1.3702834343816876 1.2904161505510678 -0.36598408374402575 0.75030475002089203 0.84884816816644226 0.25671689647641299 1.0972815019962374 0.77076532665039899 -0.28835011683715206 0.20395277148676291 -0.22351641909086392 -0.12452723468589592 0.67178778379044846 -0.75657020055912627 -0.65083503420630329 -0.53124200206387939
decision_type=2 2 2 2 2 2 2 2 2 2 2 2 2 2 2 2 2 2 2 2 2 2 2 2 2 2 2 2 2 2
left_child=-1 2 3 5 14 6 13 8 -4 11 -8 12 20 -2 15 16 -3 18 21 24 27 22 -18 -24 -20 -13 -16 -10 -29 -30
right_child=1 4 7 -5 -6 -7 10 -9 9 -11 -12 25 -14 -15 26 -17 17 -19 19 -21 -22 -23 23 -25 -26 -27 -28 28 29 -31
leaf_value=-0.037541587464511396 -0.011877632936970755 -0.0087651615636423243 -0.015897953373690446 0.007237306736351457 0.018919204981648365 -1.8372903982906237e-05 -0.027297777413494057 0.0087716485428459504 -0.010656232919929357 -0.011584174936568296 -0.013552870393531131 0.011352722716401331 0.005292490732279562 0.0042464293353259566 0.0071192792722616681 0.014341793055287922 -0.0077469150912400121 -0.0051821049490374414 0.0024613955886601362 0.017724672578537139 0.0054090939962339627 0.0090414642963106886 0.010997538082301618 0.00022308493909590387 0.012663974771918407 0.0013925892846600619 0.016958549745114789 0.013468818490703902 -0.014662005916109373 -0.0026712817649346362
leaf_weight=20 22 20 30 32 24 23 36 34 29 27 28 32 63 20 44 26 34 27 43 25 27 33 27 51 29 42 28 21 29 172
leaf_count=20 22 20 30 32 24 23 36 34 29 27 28 32 63 20 44 26 34 27 43 25 27 33 27 51 29 42 28 21 29 172
internal_value=-3.10305e-11 0.000696504 -0.00271136 -0.00812055 0.00622703 -0.0119303 -0.0145149 -0.000990259 -0.00169345 -0.000729341 -0.0212844 -2.31226e-05 -0.00126502 -0.00419951 0.00543992 0.00418147 0.00326739 0.004162 0.00520453 0.00944549 -0.00275107 0.00236748 0.000401033 0.0039527 0.00657077 0.00569967 0.0109457 -0.00362886 -0.00271087 -0.00440129
internal_weight=1098 1078 667 161 411 129 106 506 472 442 64 415 341 42 387 315 289 269 242 97 278 145 112 78 72 74 72 251 222 201
internal_count=1098 1078 667 161 411 129 106 506 472 442 64 415 341 42 387 315 289 269 242 97 278 145 112 78 72 74 72 251 222 201
is_linear=0
shrinkage=0.05


Tree=36
num_leaves=31
num_cat=0
split_feature=3 0 17 10 14 0 4 15 14 2 15 17 16 0 10 12 12 14 4 17 0 0 3 8 11 16 0 3 12 0
split_gain=10.868 6.51577 3.78665 2.68138 2.67311 5.5122 2.42551 2.83289 2.36926 1.55576 1.54483 1.69944 1.1984 1.20409 3.06275 1.30792 1.11256 1.50976 1.09411 1.04892 0.935753 1.01966 0.920418 0.821247 0.844044 1.05635 0.825853 0.793955 0.900762 0.770543
threshold=-1.3518828708003736 -0.14902369052350459 0.82364852650742848 2.3636572461975764 -0.74676704865974008 -0.82690891525903221 -1.1511272613985399 -1.5085183187092697 1.7969372850816347 -0.95925924973237553 -0.033655482633617104 0.3805157481202775 -0.070470101994010062 -0.59696447587418422 -0.567208469093054 0.96402982538736748 -0.062621795880365302 -0.63558247466941686 -0.14805212390400871 0.032595381245974844 -0.36634372931467479 -0.51017172179264836 -0.065255146633561051 0.51932444511997289 -0.58692508750316086 -0.48727782419875748 0.051614104626019716 0.64265052944167111 0.32256459174165047 0.1072967286731349
decision_type=2 2 2 2 2 2 2 2 2 2 2 2 2 2 2 2 2 2 2 2 2 2 2 2 2 2 2 2 2 2
left_child=2 4 -1 8 5 -2 -6 -8 10 -7 23 19 16 14 -14 -15 17 -9 -17 27 21 -11 -19 24 -3 -26 -27 28 -12 -25
right_child=1 3 -4 -5 6 9 7 12 -10 20 11 -13 13 15 -16 18 -18 22 -20 -21 -22 -23 -24 29 25 26 -28 -29 -30 -31
leaf_value=-0.040279168460983783 -0.031248051213862545 0.0061765178527322514 -0.0110901783592999 0.019440091016440422 0.015749087688428434 -0.016102558107155822 -0.019645826644264161 0.011288413977890741 -0.0078406470155136451 -3.297614577390692e-05 0.0077185971668321572 0.020959636050721875 0.002832332137040794 -0.0031456097864520417 -0.018093557769639623 0.014658420380543581 0.0087915501990273853 -0.010658164074023565 0.00077632294254726731 -0.0039522721598457015 0.0060903177796197798 -0.011312612997029316 0.0023319589048624036 0.0010155932086965314 -0.012032310113310815 -0.006505967336504357 0.0062808825434850796 0.010580624751829809 -0.0031714441986488446 0.014262702300523719
leaf_weight=20 22 31 25 32 22 23 20 20 36 51 59 23 34 128 36 22 57 30 40 21 28 33 25 23 25 23 28 112 28 21
leaf_count=20 22 31 25 32 22 23 20 20 36 51 59 23 34 128 36 22 57 30 40 21 28 33 25 23 25 23 28 112 28 21
internal_value=-3.23323e-11 0.00102834 -0.0240631 0.00547681 -0.00244915 -0.00804003 -0.000426647 -0.0012904 0.00443768 -0.00425798 0.00555956 0.00802757 -0.000353898 -0.00232373 -0.00792955 -0.00025842 0.00352607 -0.000475702 0.00570223 0.00667559 -0.00182562 -0.00446426 -0.00475356 0.00158786 -0.000776712 -0.0036129 0.000514264 0.00779712 0.00421376 0.00733808
internal_weight=1098 1053 45 462 591 157 434 412 430 135 394 243 392 260 70 190 132 75 62 220 112 84 55 151 107 76 51 199 87 44
internal_count=1098 1053 45 462 591 157 434 412 430 135 394 243 392 260 70 190 132 75 62 220 112 84 55 151 107 76 51 199 87 44
is_linear=0
shrinkage=0.05


Tree=37
num_leaves=31
num_cat=0
split_feature=17 0 10 3 12 16 6 17 12 15 4 4 15 11 10 12 3 2 10 11 9 9 17 16 16 17 10 2 3 15
split_gain=10.1409 6.65011 2.68429 2.88305 1.98401 1.85313 1.59833 1.73111 1.53761 4.2328 7.60214 2.48831 2.58215 1.32866 1.1588 1.08287 1.04271 0.922292 0.92191 0.796842 0.888175 1.19717 0.750685 0.703964 1.2919 0.630905 0.571217 0.528431 0.93169 0.625331
threshold=-0.47247665456644111 -0.29172450437704273 2.3636572461975764 -1.0638096764531355 -1.1939860881917237 1.6868727887791228 1.0000000180025095e-35 -0.43799727423096557 -0.49808060924430048 -0.7965261073643467 -0.82962044208433183 -1.0539237260875878 -0.92593756723755483 0.12797725296198334 -0.50933925045552553 -1.0466925889217846 -0.087749238701604892 -0.58141339428756633 -0.54770233823820325 -0.40736397142692482 -0.21180918054676587 -0.46494534526821923 -0.11332327616802119 -0.97767985251609868 -0.54300290830846387 -0.44835224755956532 -0.52090072896537365 2.7655640426956598 1.8275110889851203 1.2216509569393204
decision_type=2 2 2 2 2 2 2 2 2 2 2 2 2 2 2 2 2 2 2 2 2 2 2 2 2 2 2 2 2 2
left_child=-1 4 3 -3 -2 8 7 -5 9 15 -11 -10 -13 14 18 26 23 -7 -14 -16 21 -21 -12 -9 -25 -22 -6 28 29 -18
right_child=1 2 -4 6 5 17 -8 16 11 10 22 12 13 -15 19 -17 27 -19 -20 20 25 -23 -24 24 -26 -27 -28 -29 -30 -31
leaf_value=-0.035277821362833493 -0.016917292028665543 -0.014164510911161249 0.018468086257053075 -0.00044692004180472831 0.0027865920554507864 -0.0057137428938100737 -0.0088610728398304094 0.0081959708178016757 0.017439348027110099 -0.039404684101187054 -0.0089297197169798895 -0.015209623647388072 0.0014828448253188364 -0.0084619980474764656 0.013194706495851277 -0.0039738269387594154 0.009052024887796507 -0.020061870553209224 -0.010250990570057184 0.0066442118785546532 0.0013463376477981608 -0.0090158872736188084 0.0022557260759640484 -0.010979860595596786 0.0044824971365077159 0.012000684337831583 0.014461914571875241 0.015642905381641217 -0.0029742540267761798 0.00039466218617947206
leaf_weight=20 26 22 32 115 22 24 22 28 20 21 40 28 47 33 25 31 224 21 26 23 24 26 24 22 35 33 20 21 20 23
leaf_count=20 26 22 32 115 22 24 22 28 20 21 40 28 47 33 25 31 224 21 26 23 24 26 24 22 35 33 20 21 20 23
internal_value=-9.46935e-12 0.000654505 0.00440352 0.00355753 -0.0034592 -0.00274217 0.00432201 0.00491633 -0.00176016 -0.00571642 -0.0133006 0.000433143 -0.000850345 0.00084611 0.00235183 0.00311445 0.00656988 -0.0124095 -0.00269633 0.00516493 0.00327112 -0.00166523 -0.00473518 0.00170374 -0.00148543 0.00751464 0.00834627 0.00800607 0.00740541 0.00824587
internal_weight=1098 1078 564 532 514 488 510 488 443 158 85 285 265 237 204 73 373 45 73 131 106 49 64 85 57 57 42 288 267 247
internal_count=1098 1078 564 532 514 488 510 488 443 158 85 285 265 237 204 73 373 45 73 131 106 49 64 85 57 57 42 288 267 247
is_linear=0
shrinkage=0.05


Tree=38
num_leaves=31
num_cat=0
split_feature=3 0 10 14 0 4 15 10 14 2 15 17 14 3 8 17 10 17 1 10 0 12 9 2 0 0 15 8 11 16
split_gain=9.39347 5.27673 3.5906 2.41157 4.80135 2.20204 2.41694 2.1783 1.98971 1.36587 1.31721 1.50139 1.05901 1.25614 1.23889 1.24416 0.949419 0.929531 0.847416 0.962136 1.33366 1.01512 1.12552 0.817715 0.811835 0.963177 0.775525 0.739289 0.767497 0.933509
threshold=-1.3518828708003736 -0.14902369052350459 -0.65299216659259518 -0.74676704865974008 -0.82690891525903221 -1.1511272613985399 -1.5085183187092697 2.3636572461975764 1.7969372850816347 -0.95925924973237553 -0.033655482633617104 0.3805157481202775 -0.63558247466941686 0.083904150896520993 1.0000000180025095e-35 -0.44587958798628685 -0.42680142259110226 0.032595381245974844 0.57001456066585099 -0.567208469093054 -0.69322553040097845 0.26479555694628426 -0.33693951221730922 -0.58278426360437285 -0.36634372931467479 -0.51017172179264836 0.19736001598301897 0.51932444511997289 -0.58692508750316086 -0.48727782419875748
decision_type=2 2 2 2 2 2 2 2 2 2 2 2 2 2 2 2 2 2 2 2 2 2 2 2 2 2 2 2 2 2
left_child=2 3 -1 4 -2 -5 -7 8 10 -6 27 17 -8 14 18 23 -15 -12 19 -14 -21 26 -23 -16 25 -11 -22 28 -3 -30
right_child=1 7 -4 5 9 6 12 -9 -10 24 11 -13 13 16 15 -17 -18 -19 -20 20 21 22 -24 -25 -26 -27 -28 -29 29 -31
leaf_value=-0.0065805009379982949 -0.029143671005625617 0.0057702860487024157 -0.035003808591514828 0.015160189270549877 -0.01505215811016767 -0.018029763121157887 0.007608294495656036 0.01754468188737519 -0.007229262957763341 0.00017422656722677251 0.0071147385284412272 0.01948487654976223 0.0021978607313940302 0.012022674450865732 0.0051723296241834764 0.0088817959814961704 0.00076583962628631787 -0.0039458235880980887 0.0030549081945791842 -0.020208499527403289 -0.0047399962320923807 0.0067761102455931354 -0.0082756142942579814 -0.0074371966481622731 0.0056983402264969693 -0.010788550572187612 -0.017611684709787367 0.0068390747098336846 -0.011479432569118217 0.00031510307835917192
leaf_weight=20 22 31 25 22 23 20 39 32 36 51 199 23 24 26 20 37 67 21 25 21 22 23 27 36 28 33 25 44 25 51
leaf_count=20 22 31 25 22 23 20 39 32 36 51 199 23 24 26 20 37 67 21 25 21 22 23 27 36 28 33 25 44 25 51
internal_value=-6.13089e-12 0.000956035 -0.0223712 -0.0021734 -0.00748372 -0.00025238 -0.00107538 0.00495927 0.00402268 -0.00395395 0.00505078 0.00732972 -0.000210362 -0.00107418 -0.00285802 0.00176703 0.00391291 0.00605896 -0.00543365 -0.00692812 -0.00878425 -0.00631096 -0.00135182 -0.00293379 -0.00167485 -0.00413258 -0.0115866 0.00138333 -0.000860156 -0.00356468
internal_weight=1098 1053 45 591 157 434 412 462 430 135 394 243 392 353 260 93 93 220 167 142 118 97 50 56 112 84 47 151 107 76
internal_count=1098 1053 45 591 157 434 412 462 430 135 394 243 392 353 260 93 93 220 167 142 118 97 50 56 112 84 47 151 107 76
is_linear=0
shrinkage=0.05


Tree=39
num_leaves=31
num_cat=0
split_feature=17 3 10 10 0 15 1 11 3 15 10 13 10 4 14 4 4 12 14 2 2 14 0 8 3 9 2 3 11 11
split_gain=9.08734 5.3631 1.63083 1.83944 3.91901 2.17127 1.41142 1.65925 1.34533 1.28818 1.5461 1.41942 1.2587 2.77049 1.31699 0.948415 0.929362 0.761845 0.757772 1.07566 1.05647 0.853715 0.742373 0.72057 1.58628 1.59524 1.29543 0.911382 0.947613 1.08893
threshold=-0.47247665456644111 0.13089562567480087 -0.50309481553844193 -0.65299216659259518 -0.90648772614418072 -1.2706273588242816 -0.85779346972625714 -0.62527521722612744 2.5018187191470145 -0.61745853833081676 -0.55632707755437338 -0.14117947895129576 -0.22215707035796264 -0.87258603836463511 -0.34110461983440804 -0.65971846439796178 -0.33527103393148966 -0.53355580586033169 -0.050084346423053684 -0.53634606549755059 -0.65132772944470119 0.67108752376766978 0.2885470514823682 -0.28835011683715206 1.595930690747702 -0.60859334805613852 0.68098588782667824 0.92047832307598354 -0.19709955890830014 -0.39881273200380718
decision_type=2 2 2 2 2 2 2 2 2 2 2 2 2 2 2 2 2 2 2 2 2 2 2 2 2 2 2 2 2 2
left_child=-1 2 3 -2 -5 -6 -4 -8 23 -7 -11 -12 13 -9 17 22 -17 -15 -16 20 -20 -21 -14 24 25 -3 -27 28 29 -25
right_child=1 8 6 4 5 9 7 12 -10 10 11 -13 15 14 18 16 -18 -19 19 21 -22 -23 -24 27 -26 26 -28 -29 -30 -31
leaf_value=-0.033395014069974423 0.0079463910311460498 0.0094014936158600907 0.012100918249537547 -0.027436323235319422 -0.01616561689385862 0.0089625673287588633 -0.013421852098634611 -0.017889440735733068 0.016599482669577507 0.0020385209205566451 -0.02080353183671832 -0.0030860271900354959 0.0037102004967718609 -0.0011087252349326654 -0.010856024498740832 -0.0066528147888473338 0.0029156432855183254 0.0088795411766373691 -0.00079029314608002705 0.0062948754826170766 -0.01635010801255703 -0.0062090798048302538 0.015048164586451921 0.0047956510101357713 -0.010714485158942725 -0.0069106136304548094 0.0080666065470061509 0.010718105617293937 0.0067852002631374588 -0.0092934608459472653
leaf_weight=20 21 64 21 22 33 23 26 27 24 48 20 26 42 35 30 36 86 42 24 43 20 20 22 32 22 42 22 74 107 24
leaf_count=20 21 64 21 22 33 23 26 27 24 48 20 26 42 35 30 36 86 42 24 43 20 20 22 32 22 42 22 74 107 24
internal_value=-1.28237e-11 0.000619574 -0.00214881 -0.00602337 -0.00772898 -0.00483856 -0.000571199 -0.00115865 0.00511231 -0.00164375 -0.00423892 -0.0107893 -0.000411942 -0.00279681 -0.000892601 0.00267813 9.21639e-05 0.00433942 -0.00383323 -0.00186422 -0.00786294 0.00232537 0.00760763 0.00439992 0.00168798 0.00381965 -0.00176219 0.00611635 0.0040272 -0.00124254
internal_weight=1098 1078 667 193 172 150 474 453 411 117 94 46 427 241 214 186 122 77 137 107 44 63 64 387 150 128 64 237 163 56
internal_count=1098 1078 667 193 172 150 474 453 411 117 94 46 427 241 214 186 122 77 137 107 44 63 64 387 150 128 64 237 163 56
is_linear=0
shrinkage=0.05


Tree=40
num_leaves=31
num_cat=0
split_feature=4 1 3 4 0 9 2 4 3 0 15 12 16 11 12 13 10 12 3 8 4 2 14 4 3 8 10 14 14 9
split_gain=8.35128 6.16603 4.12281 1.9448 2.77204 3.14935 1.56853 1.25487 1.05829 0.985873 1.38642 1.25079 1.01519 0.992207 1.13874 1.26507 1.04778 0.977221 0.916711 0.89743 0.87128 1.01353 0.966893 1.08744 0.690148 0.691542 0.614954 0.608052 1.03791 0.726633
threshold=-1.3136777112042497 -0.84019056833739691 0.13089562567480087 -1.1828205149284974 -0.8095503644427251 -0.12393044889798081 -0.98393489743489371 1.8422515243200754 1.595930690747702 -0.37626290120970746 -1.1493136644449105 -0.52183622126268803 -0.97767985251609868 0.3273946515790172 -0.56301746712119483 0.51255191925288723 -0.41035568310650555 1.1814760839582485 0.66451501587931172 0.51932444511997289 -0.62312419228089744 -0.48853699807392176 0.06152188975719327 -0.012947378186097092 -0.25030196509662905 -0.28835011683715206 -0.014514152842857076 -0.56771108706875828 -0.42303362119476035 -0.1023349905635489
decision_type=2 2 2 2 2 2 2 2 2 2 2 2 2 2 2 2 2 2 2 2 2 2 2 2 2 2 2 2 2 2
left_child=1 -1 3 -2 5 -5 -6 8 18 10 11 -8 26 14 16 19 -12 20 27 24 -14 -22 23 -23 25 -16 -11 -4 -29 -30
right_child=2 -3 7 4 6 -7 9 -9 -10 12 13 -13 17 -15 15 -17 -18 -19 -20 -21 21 22 -24 -25 -26 -27 -28 28 29 -31
leaf_value=-0.00093952813388212871 0.010860570329629506 -0.036169481539615876 -0.0027563722988287378 -0.025952616289258004 -0.01373111182668557 0.00066698219627141957 -0.00051143446355126796 0.013389402009451238 -0.0047307973458373459 0.014781463456650577 -1.0591577137670209e-05 -0.016653937821586928 0.0072727171083291371 -0.01173330631107092 0.0041219818344888368 0.012099569576989431 -0.013621122296899558 0.010396979651635602 0.0077022757112087383 0.0083065325325285943 -0.0086721500300842788 0.0044949811132391918 0.0049014314055697205 -0.01036722790740896 -0.0079286613360498893 -0.0054108923638705167 0.0028194441309262238 0.013066783010099942 -0.0023331100043370106 0.0054764725247343242
leaf_weight=23 30 27 43 25 24 20 20 39 32 21 31 30 27 20 52 26 26 21 150 27 46 20 54 32 33 30 22 26 53 68
leaf_count=23 30 27 43 25 24 20 20 39 32 21 31 30 27 20 52 26 26 21 150 27 46 20 54 32 33 30 22 26 53 68
internal_value=2.34813e-11 -0.0199637 0.000952467 -0.00156659 -0.00218078 -0.0141217 -0.00122466 0.00485669 0.00396213 -0.000666747 -0.00260934 -0.0101969 0.00169154 -0.00106085 -0.000112186 0.00195974 -0.0062189 0.000193033 0.00478029 0.000103147 -0.00100408 -0.0024743 0.000215336 -0.00465099 -0.00182287 0.000634345 0.00866136 0.00247346 0.00400328 0.00205575
internal_weight=1098 50 1048 637 607 45 562 411 372 538 295 50 243 245 225 168 57 200 340 142 179 152 106 52 115 82 43 190 147 121
internal_count=1098 50 1048 637 607 45 562 411 372 538 295 50 243 245 225 168 57 200 340 142 179 152 106 52 115 82 43 190 147 121
is_linear=0
shrinkage=0.05


Tree=41
num_leaves=31
num_cat=0
split_feature=17 0 12 10 2 1 12 15 14 16 9 0 15 10 1 9 4 3 9 8 0 14 14 16 17 0 2 2 3 15
split_gain=7.91904 4.41948 1.97212 1.96261 2.15915 1.54575 3.90871 2.53581 1.37752 1.14826 1.05543 1.93476 1.09764 1.46848 0.975658 0.966097 0.958737 2.05582 1.08706 0.903611 1.24771 0.809591 1.04908 1.21098 0.886434 0.797847 0.754946 0.725764 1.19233 0.691651
threshold=-0.47247665456644111 -0.19771780709911949 -1.1939860881917237 2.3636572461975764 -0.21436313471260895 -0.85779346972625714 -0.96406797019737711 -0.40340251084278306 1.0222387699487105 -1.0375547832210437 0.02066155469598974 -0.80120924262190218 -1.2067619630426982 -0.38117376943458953 -0.80014946965474743 -0.43951010523864059 -0.68471365919220661 -0.24188814439942183 0.42871182496836074 -0.69218739781571448 -0.30727956939425299 1.7969372850816347 0.51356202278899854 -0.99731987744468376 -0.28877958576566592 0.22226894836555899 -0.17992004312784404 2.7655640426956598 1.8275110889851203 0.7886496850613135
decision_type=2 2 2 2 2 2 2 2 2 2 2 2 2 2 2 2 2 2 2 2 2 2 2 2 2 2 2 2 2 2
left_child=-1 2 -2 4 21 9 7 -7 10 -4 11 -8 -13 15 -6 -14 -12 18 -18 -15 -21 22 23 -3 -25 -24 -19 28 29 -16
right_child=1 3 5 -5 14 6 8 -9 -10 -11 16 12 13 19 27 -17 17 26 -20 20 -22 -23 25 24 -26 -27 -28 -29 -30 -31
leaf_value=-0.031174496673047544 -0.015076995371230717 0.0059458992510501834 0.014824277302250267 0.016034093004418538 0.016262460164725781 -0.0049643516191281382 -0.017324321552878247 -0.030142783687915654 -0.011441275615605616 -2.4924439688523614e-05 0.011587335378862917 -0.0089242515584024105 0.0074809083512619792 0.0020713151715296722 0.002796758803981845 -0.00079849496962399119 0.0027565458953507584 0.014069667804869825 -0.011427100955375604 -0.015247597823326943 0.00043721606156655723 -0.0099516202770173548 0.00025537759065628055 -0.0025809810962527991 -0.01617045177124618 0.012797846556419419 0.0030002311359397897 0.013806654823323092 -0.0075919847690965984 0.0080703841221772803
leaf_weight=20 29 21 23 32 20 20 20 20 31 30 26 39 69 28 143 72 22 24 35 32 21 25 32 28 21 21 43 21 20 110
leaf_count=20 29 21 23 32 20 20 20 20 31 30 26 39 69 28 143 72 22 24 35 32 21 25 32 28 21 21 43 21 20 110
internal_value=5.80274e-11 0.000578377 -0.00236607 0.00405926 0.00322983 -0.00170189 -0.00255928 -0.0175536 -0.00126108 0.00641907 -0.000528858 -0.0023366 -0.00118812 0.000170929 0.00557652 0.00325313 0.00285765 0.00102724 -0.00595271 -0.00519438 -0.00903286 -0.00174896 -8.17578e-05 -0.00409976 -0.00840504 0.00522504 0.0069654 0.00484959 0.00416058 0.00508964
internal_weight=1098 1078 584 494 462 555 502 40 462 53 431 281 261 222 314 141 150 124 57 81 53 148 123 70 49 53 67 294 273 253
internal_count=1098 1078 584 494 462 555 502 40 462 53 431 281 261 222 314 141 150 124 57 81 53 148 123 70 49 53 67 294 273 253
is_linear=0
shrinkage=0.05


Tree=42
num_leaves=31
num_cat=0
split_feature=3 10 17 10 3 12 15 12 4 11 15 15 9 4 9 9 14 14 12 2 10 0 4 4 3 16 1 13 10 4
split_gain=7.51424 3.48211 3.1264 1.9055 2.01751 1.93155 1.48306 2.91111 4.33554 1.26733 1.15146 1.0758 1.66526 1.02204 1.04313 1.28972 1.00983 1.83432 1.09075 0.982507 0.910488 0.831079 0.813191 0.740811 0.810164 0.668389 0.526199 0.524634 0.904159 1.09363
threshold=-1.3518828708003736 -0.31845120286645662 0.82364852650742848 1.6972956666299692 -0.51147382796300056 1.1814760839582485 0.28704658852796955 -0.48064719036240983 -0.32187491646006428 -0.59868937639305064 0.56741262024855621 -0.36856684041646498 -0.56873508719706301 -0.80527871643503468 -0.43951010523864059 -0.11002499330717337 0.99867655882604511 0.27567878202992141 -0.97173453017983535 -0.26457122344064932 -0.38210116075890893 -0.68758963727880074 -0.65971846439796178 1.8422515243200754 1.595930690747702 -0.24412767008585481 -0.78437592933436406 -0.27824489245794792 0.18561689494526171 0.62124442698552695
decision_type=2 2 2 2 2 2 2 2 2 2 2 2 2 2 2 2 2 2 2 2 2 2 2 2 2 2 2 2 2 2
left_child=2 6 -1 4 22 9 11 8 -8 -6 -11 16 -13 -9 25 -16 17 18 -2 -17 -14 -20 26 24 27 -15 -3 -12 29 -29
right_child=1 3 -4 -5 5 -7 7 13 -10 10 23 12 20 14 15 19 -18 -19 21 -21 -22 -23 -24 -25 -26 -27 -28 28 -30 -31
leaf_value=-0.034743413347750905 0.0030720154540865002 -0.006398437891832808 -0.0082209572941064832 0.0129757216918127 0.014138607828256987 0.014792850739200062 -0.027878610696643592 0.014044984840300112 0.003952134380360013 -0.00045255239231904091 -0.0021378330327570436 -0.022329348507337272 -0.00029505642380558348 0.015108563307495344 -0.0090534467911047318 -0.0053265905832750315 -0.013191273773000355 0.0089896931679862915 -0.014101073762466169 0.0072418816574402927 -0.013814946059137585 -0.0039222100020672845 -0.0096533348097612992 0.014167971353017492 -0.0047288835595321399 0.0028940668620634825 0.0033662610007701697 -0.00015936896801075162 0.013135911368236348 0.011732535372520315
leaf_weight=20 37 22 25 48 24 38 20 21 23 190 20 20 33 21 31 23 21 33 29 48 20 65 38 20 23 24 37 58 37 29
leaf_count=20 37 22 25 48 24 38 20 21 23 190 20 20 33 21 31 23 21 33 29 48 20 65 38 20 23 24 37 58 37 29
internal_value=2.51001e-11 0.000855073 -0.0200087 0.00343173 0.00257705 0.00401899 -0.00235339 0.000755691 -0.0108529 0.00299803 0.00228881 -0.00489608 -0.0100359 0.00372693 0.00225292 -0.000544687 -0.00286793 -0.00154604 -0.00420008 0.0031704 -0.0053969 -0.0070625 -0.00394887 0.00507416 0.00398508 0.00859417 -0.000274813 0.00537689 0.00658894 0.0038046
internal_weight=1098 1053 45 584 536 439 469 211 43 401 377 258 73 168 147 102 185 164 131 71 53 94 97 187 167 45 59 144 124 87
internal_count=1098 1053 45 584 536 439 469 211 43 401 377 258 73 168 147 102 185 164 131 71 53 94 97 187 167 45 59 144 124 87
is_linear=0
shrinkage=0.05


Tree=43
num_leaves=31
num_cat=0
split_feature=17 4 9 17 3 9 4 14 2 16 4 10 0 10 14 13 0 15 9 15 15 14 9 12 12 2 2 2 17 16
split_gain=6.89296 3.64088 2.42953 2.54547 2.28625 2.08881 1.51587 1.2045 1.1921 1.09625 0.983053 0.847377 2.05383 2.1892 1.251 1.11812 0.956679 0.663765 1.35861 0.782281 1.31949 0.909926 1.58783 0.879457 0.983351 0.662811 0.645198 0.703258 0.623868 0.598684
threshold=-0.47247665456644111 -0.36598408374402575 -0.15904567541814169 -0.4475782910444514 0.66451501587931172 -0.38545964848487829 -0.57068329339885437 0.9699148617359824 -0.68302908239585292 -0.92240102255111833 -1.3136777112042497 -0.41035568310650555 -0.68758963727880074 -0.57577138232093605 -0.76667024349945245 1.1259561647785752 -0.15263066212169832 0.29499156599362103 -0.55180980784543954 -0.33663414252567331 -0.54075894818164272 0.12646066501841363 -0.29023020594111865 0.077700743276683096 0.62422137508790121 2.9525163457751549 0.81224662491090671 -0.3259176253677431 -0.45588371349728046 -0.14462737525954331
decision_type=2 2 2 2 2 2 2 2 2 2 2 2 2 2 2 2 2 2 2 2 2 2 2 2 2 2 2 2 2 2
left_child=-1 2 5 6 9 10 7 -4 -5 -3 -2 12 13 -12 15 -13 -16 18 29 20 21 22 -20 -21 -25 -6 27 -19 -23 -11
right_child=1 4 3 8 25 -7 -8 -9 -10 17 11 14 -14 -15 16 -17 -18 26 19 23 -22 28 -24 24 -26 -27 -28 -29 -30 -31
leaf_value=-0.029084802269935608 -0.012501085796119535 0.0076701760435333626 0.0068337409654149516 0.020021701079200618 0.00615852085089213 -0.0191972823580727 -0.012028390724444763 -0.0069235323211894592 0.0037415931163274729 -0.016250089071691037 0.0029075683364945073 -0.02090453715728862 0.0099236073931131298 -0.017451830985753435 -0.007476553127456171 -0.005392587374752531 0.0065225639178053199 -0.0045640108318856128 0.0044830762071623688 0.0038913795076634576 0.013858300851037106 -0.0017323520754209975 -0.014738321431319824 -0.015156266078702175 -0.00084316414334656062 0.01572787464596331 -0.0062190916034437363 0.0043262923254280706 0.0095191641577652523 -0.0042973611371549354
leaf_weight=20 34 52 41 22 190 28 30 26 23 20 31 21 34 23 26 26 23 26 21 23 21 22 22 24 24 20 21 154 28 22
leaf_count=20 34 52 41 22 190 28 30 26 23 20 31 21 34 23 26 26 23 26 21 23 21 22 22 24 24 20 21 154 28 22
internal_value=3.96268e-12 0.000539607 -0.0033354 0.00187221 0.0027186 -0.00634142 -0.00268742 0.0014951 0.0117008 0.000814907 -0.00469021 -0.0032469 0.000297104 -0.00576403 -0.00649556 -0.0123235 -0.000905539 -1.79762e-05 -0.00187083 -2.77508e-05 0.00253816 -1.79959e-05 -0.00535113 -0.00414767 -0.00799972 0.00706989 0.00207455 0.00304214 0.0045685 -0.00998914
internal_weight=1098 1078 388 142 690 246 97 67 45 480 218 184 88 54 96 47 49 428 227 185 114 93 43 71 48 210 201 180 50 42
internal_count=1098 1078 388 142 690 246 97 67 45 480 218 184 88 54 96 47 49 428 227 185 114 93 43 71 48 210 201 180 50 42
is_linear=0
shrinkage=0.05


Tree=44
num_leaves=31
num_cat=0
split_feature=3 0 10 10 14 11 4 15 0 9 4 14 4 1 4 12 15 16 10 4 17 16 1 0 15 4 4 4 12 15
split_gain=6.47806 2.93078 2.85488 1.80838 1.47005 2.18275 1.56838 2.11101 1.97611 1.36635 1.36203 1.86564 1.73453 1.15607 0.957877 0.99544 1.13255 1.60748 0.916265 0.761195 1.20489 1.19352 1.17915 0.976541 0.719253 0.624395 0.58306 0.666591 0.554818 0.523291
threshold=-1.3518828708003736 -0.45426366202064611 -0.65299216659259518 1.6972956666299692 -0.96442032266462985 -0.64405080142199755 -1.1511272613985399 -0.17880410940994249 -0.68758963727880074 -0.48492219263865083 -0.36598408374402575 -0.76667024349945245 -0.56251492908700962 1.330253045561139 -0.29148860122000192 -0.88880685794536907 0.29957520683918915 -0.50842480907766563 0.24200228746387903 0.067919428501165627 -0.45642586878813146 0.020086389214557288 -0.47651855584397462 -0.70246839512134984 -1.3560358665800352 0.56913026267595768 0.9816326604241159 1.4085113793611208 1.1814760839582485 0.8395280984471204
decision_type=2 2 2 2 2 2 2 2 2 2 2 2 2 2 2 2 2 2 2 2 2 2 2 2 2 2 2 2 2 2
left_child=2 4 -1 10 5 -2 -6 8 -8 29 11 -3 13 -13 -12 18 17 -17 -16 20 23 22 -22 -11 -10 -18 -27 -28 -19 -9
right_child=1 3 -4 -5 6 -7 7 9 24 19 14 12 -14 -15 15 16 25 28 -20 -21 21 -23 -24 -25 -26 26 27 -29 -30 -31
leaf_value=-0.0044976894371211535 0.00046508267521858218 -0.012738792626469425 -0.02984228263422847 0.012015975220219844 0.011794469095766544 -0.02212027311514881 -0.02010046291958403 0.013799030329391827 -0.012347858774010094 0.010363484981935471 0.013915532059036196 0.0082603275480990623 -0.0087299463832203085 -0.00537042152247436 0.012598511661318215 -0.012678030978888276 0.001980416799301938 -0.00021003500518024232 -0.00030860399827361109 0.0048825438351680836 -0.012199479341506959 -0.018661951045505703 0.0045561234865869795 -0.004743247422511164 -0.0012197980920801749 0.011887200300513608 -0.0032854771090205757 0.0080442941722434925 0.0081050717939987124 0.0033578168104092285
leaf_weight=20 20 33 25 48 20 23 27 20 20 20 20 60 34 21 44 25 122 157 20 30 21 20 21 23 53 41 20 37 23 30
leaf_count=20 20 33 25 48 20 23 27 20 20 20 20 60 34 21 44 25 122 157 20 30 21 20 21 23 53 41 20 37 23 30
internal_value=3.73075e-12 0.000793932 -0.018578 0.00264722 -0.00296057 -0.0116155 -0.00174037 -0.00269018 -0.00854319 0.000473605 0.00196274 -0.00225917 0.000748023 0.00472643 0.00319033 0.00275167 0.00187625 -0.000797608 0.00856504 -0.00214147 -0.00414833 -0.00860886 -0.00382168 0.00228314 -0.00426858 0.0043678 0.00733984 0.00406894 0.000852451 0.0075343
internal_weight=1098 1053 45 705 348 43 305 285 100 185 657 148 115 81 509 489 425 205 64 135 105 62 42 43 73 220 98 57 180 50
internal_count=1098 1053 45 705 348 43 305 285 100 185 657 148 115 81 509 489 425 205 64 135 105 62 42 43 73 220 98 57 180 50
is_linear=0
shrinkage=0.05


Tree=45
num_leaves=31
num_cat=0
split_feature=17 0 10 3 6 16 17 16 14 17 13 13 4 15 15 11 2 12 12 4 4 4 15 9 10 14 16 9 4 16
split_gain=6.14053 2.98074 1.52558 2.02701 1.3769 1.26428 1.46562 1.85528 2.63436 1.26059 0.958484 1.71717 1.75805 1.64722 1.02158 0.935234 0.90982 0.710456 0.886389 0.844413 1.44035 0.763437 0.82184 0.665771 0.833852 0.755495 1.30734 0.753664 0.614371 0.532117
threshold=-0.47247665456644111 -0.29172450437704273 2.3636572461975764 -1.0638096764531355 1.0000000180025095e-35 1.6868727887791228 2.3342555628137638 -1.0375547832210437 -0.96442032266462985 -0.43799727423096557 1.1098351782230731 0.73552658072486621 -1.073691167722252 -0.95221710808547899 0.56741262024855621 0.12797725296198334 -0.58141339428756633 1.2141702566474868 0.80971723038184484 -0.3553652101386276 -0.52461371868005013 -0.21568618040608298 0.60881817588685549 0.73247492278584059 -0.50933925045552553 -0.34110461983440804 0.11440664922668685 -0.1821237471288967 0.021686486496124514 -0.41959836709465298
decision_type=2 2 2 2 2 2 2 2 2 2 2 2 2 2 2 2 2 2 2 2 2 2 2 2 2 2 2 2 2 2
left_child=-1 5 3 -3 9 6 7 -2 -9 -5 11 12 -10 -14 -13 23 -7 18 19 20 -11 -21 -23 24 27 28 -27 -15 -26 -24
right_child=1 2 -4 4 -6 16 -8 8 10 17 -12 14 13 15 -16 -17 -18 -19 -20 21 -22 22 29 -25 25 26 -28 -29 -30 -31
leaf_value=-0.027451495677232741 0.01171923491970769 -0.012478423351421953 0.013622239297546912 -0.0010025923782149735 -0.0092133820437910879 -0.0035999728211512172 -0.011983001628710379 -0.016110578365874845 0.014146856781603261 0.006899649575352669 0.010176892138551922 -0.0026235948170402219 -0.011398005284624355 0.0021537916424373789 -0.015197443996633715 -0.0068498774609692843 -0.017850757053210622 0.014152771532535552 -0.0057578084179840524 0.015265749601115073 -0.01086284009118875 0.0027464156473965343 0.0062805592240248289 0.0091225065098240448 0.013434349581599237 -0.0091728086322546004 0.0059855473721682128 -0.0087191970142371511 0.0030429856147913435 0.013546191067434848
leaf_weight=20 28 22 32 115 22 24 31 29 22 25 20 35 31 30 30 34 21 20 20 21 21 141 90 29 25 25 33 34 33 35
leaf_count=20 28 22 32 115 22 24 31 29 22 25 20 35 31 30 30 34 21 20 20 21 21 141 90 29 25 25 33 34 33 35
internal_value=3.9758e-11 0.000509304 0.00301925 0.00238148 0.00302249 -0.0022448 -0.00147668 -0.000733079 -0.00158348 0.00357411 -0.000477744 -0.00106803 0.000547942 -0.000543942 -0.00842691 0.000840733 -0.0102503 0.00498516 0.00446574 0.00507977 -0.00120931 0.00608778 0.0053632 0.00209184 0.000959118 0.0034869 -0.000548227 -0.00362248 0.00752202 0.00831494
internal_weight=1098 1078 564 532 510 514 469 438 410 488 381 361 296 274 65 243 45 373 353 333 46 287 266 209 180 116 58 64 58 125
internal_count=1098 1078 564 532 510 514 469 438 410 488 381 361 296 274 65 243 45 373 353 333 46 287 266 209 180 116 58 64 58 125
is_linear=0
shrinkage=0.05


Tree=46
num_leaves=31
num_cat=0
split_feature=4 1 4 4 0 9 16 2 1 1 3 12 0 14 14 16 14 9 10 12 8 2 9 9 11 10 4 11 2 3
split_gain=5.91823 5.66759 2.32076 1.72939 2.40321 2.61916 1.43131 1.39159 1.10418 1.37578 1.12437 1.07839 0.722592 0.67856 0.628326 0.522281 1.32832 0.762682 0.676495 0.522132 0.468714 1.09539 1.05061 1.36571 1.04774 1.09589 1.31447 0.692534 0.875856 0.63787
threshold=-1.3136777112042497 -0.84019056833739691 0.56913026267595768 -1.1828205149284974 -0.8095503644427251 -0.12393044889798081 -0.72112983185154089 -0.98393489743489371 -0.42766162599349683 -0.20657860466095532 0.3434161443736477 1.9474268070064176 0.20310691175015497 1.0496057436276447 0.80682063222187883 -0.36562228262881502 -0.037268817121437418 0.64767515212042492 0.33727628951562172 -0.40787015883094574 -0.69218739781571448 -0.17529335918362191 -0.56873508719706301 -0.48492219263865083 -0.18551056081489842 -0.37635133454812891 -0.21568618040608298 -0.016489705659728644 -0.43952841999808706 -0.22929603179135657
decision_type=2 2 2 2 2 2 2 2 2 2 2 2 2 2 2 2 2 2 2 2 2 2 2 2 2 2 2 2 2 2
left_child=1 -1 3 -2 5 -5 -4 -6 19 -10 -11 12 13 14 20 16 -14 18 -17 -8 21 -9 -22 -24 25 26 -25 29 -29 -26
right_child=2 -3 6 4 7 -7 8 11 9 10 -12 -13 15 -15 -16 17 -18 -19 -20 -21 22 -23 23 24 27 -27 -28 28 -30 -31
leaf_value=0.0014331930600430655 0.011314316454033057 -0.032342808886810591 0.01154966513713589 -0.022925188384950161 -0.012075884942896666 0.001350550437346101 -0.01015173013904132 -0.0017322122968815188 0.016759423046771967 -0.0070382228931007186 0.0053925276068226575 0.010583686881485241 0.0050488132547417824 -0.00654307759239101 0.0077756111023270279 0.0040124158537946644 -0.0077634229084651458 -0.00075967728917021311 0.017017172283958642 0.0011365374616746392 -0.01051979776530061 0.0074799004318192603 0.0087704411707818508 -0.0089855396470358197 -0.0011209046902755898 -0.013320039418723548 0.003111643509622267 -0.01095504164814801 0.0011746734952675585 0.0085767746203764088
leaf_weight=23 30 27 64 25 24 20 20 91 21 23 87 24 55 51 22 20 32 24 20 21 32 50 32 43 30 33 47 22 46 39
leaf_count=23 30 27 64 25 24 20 20 91 21 23 87 24 55 51 22 20 32 24 20 21 32 50 32 43 30 33 47 22 46 39
internal_value=-8.44276e-11 -0.0168058 0.000801806 -0.000466672 -0.000918628 -0.012136 0.00516623 -0.000233716 0.002791 0.0050322 0.00279337 0.000164899 -0.00019802 -0.00105586 -0.000481218 0.00285838 0.000336267 0.00628687 0.0105148 -0.00436993 -0.000871864 0.00153449 -0.00191908 -0.000976531 -0.00217616 -0.00552595 -0.00266812 0.000831322 -0.00274965 0.00436039
internal_weight=1098 50 1048 812 782 45 236 737 172 131 110 713 689 538 487 151 87 64 40 41 465 141 324 292 260 123 90 137 68 69
internal_count=1098 50 1048 812 782 45 236 737 172 131 110 713 689 538 487 151 87 64 40 41 465 141 324 292 260 123 90 137 68 69
is_linear=0
shrinkage=0.05


Tree=47
num_leaves=31
num_cat=0
split_feature=0 1 0 4 0 14 12 17 4 2 16 9 12 0 13 9 9 12 16 14 12 8 12 1 17 17 17 17 12 11
split_gain=5.69286 5.71867 2.0326 1.17314 1.11849 1.25678 0.813707 1.24581 0.935313 2.34394 0.895925 1.20529 1.79746 2.81867 0.906925 1.0443 0.868876 0.82272 0.800238 1.18703 0.707854 0.709385 0.727362 0.582807 1.31254 0.775309 0.557146 2.46416 0.859738 0.857144
threshold=-0.89837204004824489 -0.84019056833739691 0.16433196706957273 0.93719675856768059 2.7031891007481614 2.0033650076818446 1.3174749583600331 -0.4475782910444514 -1.1828205149284974 -0.96679903097481168 -0.064149187530766746 -0.012044580644509273 0.14352372966842489 -0.61026518364252336 0.29671584040136884 -0.42598891719191329 -0.21180918054676587 0.40764715824220249 -0.38759628318743505 -0.10553977178274117 0.25838991120461346 0.92316172609853531 0.82279472958573463 -0.78945939302042478 0.10648585867763498 -0.17123521125815785 -0.23962220799899367 -0.14163115156945069 -1.0873315363442486 -0.49032468422614545
decision_type=2 2 2 2 2 2 2 2 2 2 2 2 2 2 2 2 2 2 2 2 2 2 2 2 2 2 2 2 2 2
left_child=1 -1 3 6 5 18 8 -8 -2 -10 14 12 -12 -14 -11 26 -17 -15 19 23 -13 22 -22 -4 25 -25 29 -28 -29 -16
right_child=2 -3 4 -5 -6 -7 7 -9 9 10 11 20 13 17 15 16 -18 -19 -20 -21 21 -23 -24 24 -26 -27 27 28 -30 -31
leaf_value=-0.0023600689683328656 0.0071232719475339198 -0.034641413868445423 0.010368070897335808 0.0068434768961742531 0.013667042686700307 -0.0075874626093233631 -0.0018050813214167171 0.011955672618933023 -0.015024006523361262 0.0085429490893147893 0.0022628103240600063 -0.0045425845596359154 -0.027481610791292046 -0.012690075493797108 0.013711430570692757 -0.011229094034060836 0.0004741413269898501 -0.0012749907903765378 0.0078399210106581459 -0.0066495381055339687 0.0093686532965512031 -0.0046924290899187336 -0.0016416573974614341 0.0013318807297550582 -0.0076218618720304224 0.012930973663926124 -0.01579590610821139 -0.0038690507302389428 0.0058451629928785616 0.0015634151672030677
leaf_weight=34 29 23 30 50 29 24 38 29 33 32 36 61 20 27 20 35 29 38 100 31 40 25 24 34 24 25 22 34 69 53
leaf_count=34 29 23 30 50 29 24 38 29 33 32 36 61 20 27 20 35 29 38 100 31 40 25 24 34 24 25 22 34 69 53
internal_value=-2.87115e-11 -0.0153859 0.000842454 -0.000553471 0.00433932 0.00332997 -0.00108639 0.00415107 -0.00164606 -0.00207133 -0.0013148 -0.00338862 -0.00710126 -0.0110672 0.000596784 -0.00037374 -0.00592607 -0.00601664 0.00440382 0.00201764 -0.000393747 0.00244984 0.00523979 0.00439536 0.00223655 0.00624675 0.00142095 -0.000605931 0.00263853 0.00489164
internal_weight=1098 57 1041 744 297 268 694 67 627 598 565 271 121 85 294 262 64 65 244 144 150 89 64 113 83 59 198 125 103 73
internal_count=1098 57 1041 744 297 268 694 67 627 598 565 271 121 85 294 262 64 65 244 144 150 89 64 113 83 59 198 125 103 73
is_linear=0
shrinkage=0.05


Tree=48
num_leaves=31
num_cat=0
split_feature=3 17 10 10 6 3 12 17 14 0 0 15 10 17 16 4 4 4 4 13 16 16 16 8 9 0 11 13 2 15
split_gain=5.42498 2.53427 1.98822 1.32695 1.24692 1.45536 1.28964 1.06272 1.01093 3.29901 2.12819 1.8929 1.2039 0.978196 0.9501 1.00355 0.861861 0.828254 0.651006 0.952284 1.34002 1.17235 1.30536 0.64118 0.580245 0.564728 0.561826 0.551179 0.457791 0.446354
threshold=-1.3518828708003736 1.0089268529156221 -0.31845120286645662 2.3636572461975764 1.0000000180025095e-35 -0.51147382796300056 1.2904161505510678 -0.42768667023248674 -0.74676704865974008 -0.82690891525903221 -0.81879322916309649 -1.4568759651825347 -0.34652024694918931 2.0669653657063365 -0.30703801743948922 -0.068002153647930483 -0.012947378186097092 -0.65971846439796178 0.085726462700987119 -1.2569785481451474 1.1287819855486438 0.25806907058383227 -0.01012173968612776 -0.69218739781571448 -0.25716988162926352 -0.29578234742501058 -0.14070934613116623 -0.88956311293049839 -0.43952841999808706 -0.74411981369668401
decision_type=2 2 2 2 2 2 2 2 2 2 2 2 2 2 2 2 2 2 2 2 2 2 2 2 2 2 2 2 2 2
left_child=1 -1 8 4 5 17 7 28 9 -2 -10 -12 14 16 15 -13 23 25 19 -16 21 22 -21 -11 -20 -4 -23 -26 -7 -9
right_child=2 -3 3 -5 -6 6 -8 29 10 13 11 12 -14 -15 18 -17 -18 -19 24 20 -22 26 -24 -25 27 -27 -28 -29 -30 -31
leaf_value=-0.02968592124414586 -0.023154084397141228 -0.005901797333111366 0.0064133391305804255 0.012572398205520585 -0.0088110620267689236 -0.0076934963803399689 0.013182295022039292 -0.0024487541190215522 0.014362999298812254 -0.0026468983220043953 -0.014888991900564483 0.013976124026812614 -0.010808000102639199 0.0075559180684980345 0.0048355652622002017 -0.0010504866810515524 0.0031885748538188641 -0.0087356047312680037 -0.0027382149293511508 -4.6902301686781428e-06 -0.016457377700135112 0.007912380669066417 -0.016030983108794316 -0.013861614745110273 0.0002522133163769137 -0.0037617997212025032 -0.0030599196418188515 0.01074742125186684 0.00041887733718192388 0.0051149692756028674
leaf_weight=21 22 24 25 32 25 22 34 21 23 26 24 25 25 22 34 20 25 38 28 27 20 28 24 25 22 30 20 29 83 274
leaf_count=21 22 24 25 32 25 22 34 21 23 26 24 25 25 22 34 20 25 38 28 27 20 28 24 25 22 30 20 29 83 274
internal_value=1.10147e-11 -0.0170011 0.000726541 0.00267355 0.0020997 0.00261729 0.00383361 0.00303897 -0.00169788 -0.00565671 -0.000336676 -0.00137377 -0.000299712 -0.00172873 0.000648689 0.00729763 -0.00441639 -0.00305885 -0.000640976 -0.00254418 -0.00465269 -0.0022679 -0.00754648 -0.00814431 0.00304499 0.000863263 0.00334059 0.00622008 -0.00128086 0.00457653
internal_weight=1098 45 1053 584 552 527 434 400 469 120 349 326 302 98 277 45 76 93 232 153 119 99 51 51 79 55 48 51 105 295
internal_count=1098 45 1053 584 552 527 434 400 469 120 349 326 302 98 277 45 76 93 232 153 119 99 51 51 79 55 48 51 105 295
is_linear=0
shrinkage=0.05


Tree=49
num_leaves=31
num_cat=0
split_feature=17 0 10 0 0 3 16 6 17 4 4 2 17 14 14 16 14 14 2 2 10 12 11 11 13 9 9 10 16 4
split_gain=4.92611 2.04142 1.25324 3.13309 1.25022 1.57439 1.21673 0.996911 0.930985 0.819453 0.960802 0.79269 0.772134 0.759202 0.687606 1.42641 0.631655 0.749146 0.564207 0.931722 0.746545 0.653563 0.650267 1.38079 0.959682 0.61656 1.45503 0.807589 0.551153 0.681248
threshold=-0.47247665456644111 -0.29172450437704273 -0.65299216659259518 -0.90648772614418072 2.7031891007481614 -0.95740632491498412 1.6868727887791228 1.0000000180025095e-35 -0.4108854144412451 -1.1828205149284974 -1.037913732036372 -0.58141339428756633 -0.39506510136818668 -0.026088958286297318 -0.53653662843376881 -0.69942899429336236 2.0033650076818446 0.066192019131501814 -0.92910012476263104 -0.67480386649501345 -0.38117376943458953 -0.22137088558990656 0.12797725296198334 -0.1718936568375716 0.85795258470287949 -0.30462749409164552 -0.11002499330717337 -0.43656994454059955 -0.72802041783801974 -0.12452723468589592
decision_type=2 2 2 2 2 2 2 2 2 2 2 2 2 2 2 2 2 2 2 2 2 2 2 2 2 2 2 2 2 2
left_child=-1 2 -2 -4 5 -3 9 8 16 -5 -11 -8 -10 14 15 -14 17 -7 -12 21 25 -20 23 24 -22 28 -27 -28 -21 -30
right_child=1 4 3 6 -6 7 11 -9 12 10 18 -13 13 -15 -16 -17 -18 -19 19 20 22 -23 -24 -25 -26 26 27 -29 29 -31
leaf_value=-0.024587553888559342 0.010139391181014833 -0.010015849948215944 -0.020351061022476011 0.0081590462252497682 0.012644500574418183 -0.0062751599897940954 -0.0030614872104100261 -0.0078127367337318988 0.012052087330569825 -0.011093106500439993 0.0068515826302852183 -0.016363352490589022 0.0050297503548288915 -0.0025974907128042297 0.0085836050052303641 -0.0091318901694778885 -0.0078069085033521772 0.0027908894487086089 -0.0026738259154532491 -0.0026792830211066067 -0.012646685340614231 -0.014422745637129992 -0.011530298797325009 0.0082428686573014897 0.0018039114389102905 -0.011299720157582599 -0.00051869060896309234 0.010718543738836335 0.011348958350906803 0.0019357650162419304
leaf_weight=20 21 26 23 25 29 27 24 22 33 23 24 21 116 38 85 21 21 146 29 21 27 20 21 24 20 26 67 21 37 40
leaf_count=20 21 26 23 25 29 27 24 22 33 23 24 21 116 38 85 21 21 146 29 21 27 20 21 24 20 26 67 21 37 40
internal_value=-1.8683e-11 0.00045617 -0.00182304 -0.0023326 0.00253333 0.00198524 -0.00145085 0.00259827 0.00306858 -0.000623038 -0.00117192 -0.00926902 0.00484745 0.00393301 0.00505085 0.00285899 0.000381935 0.00137596 -0.000566647 -0.001071 -3.96979e-05 -0.0074693 -0.00380098 -0.00151484 -0.0064975 0.00159255 -0.000907505 0.00216292 0.00450079 0.00645899
internal_weight=1098 1078 514 493 564 535 470 509 487 425 400 45 293 260 222 137 194 173 377 353 304 49 92 71 47 212 114 88 98 77
internal_count=1098 1078 514 493 564 535 470 509 487 425 400 45 293 260 222 137 194 173 377 353 304 49 92 71 47 212 114 88 98 77
is_linear=0
shrinkage=0.05


Tree=50
num_leaves=31
num_cat=0
split_feature=3 17 4 14 0 12 11 16 1 15 8 12 4 16 15 11 1 13 17 4 15 2 13 9 14 14 15 10 1 9
split_gain=4.82507 2.30806 1.68288 1.73012 2.99494 1.47889 1.43548 1.28128 1.60705 1.15808 1.50963 1.25385 1.51283 1.09712 1.39202 1.0897 2.37089 1.38592 1.81004 1.04249 0.88392 0.791698 0.720866 0.669263 0.61784 1.07858 0.592323 0.482964 0.404194 0.379449
threshold=-1.3518828708003736 0.82364852650742848 0.81924557790464292 -0.75282710556973043 -0.82690891525903221 1.9474268070064176 -0.50706212616051827 -0.72112983185154089 -0.42766162599349683 -0.0089038220675490068 0.92316172609853531 -0.6613405352424101 -0.86703155063258064 0.020086389214557288 -0.3587884066125861 -0.63470873291329932 -0.84019056833739691 1.0395330663942772 -0.26866915003682945 -0.0023285045806989593 -0.7077562629885098 -0.46420406770060524 -0.54561571977517043 -0.15247560078491013 0.99867655882604511 0.12646066501841363 -0.10347961151443884 0.19971324307491603 0.30588619268668843 0.34086078909309531
decision_type=2 2 2 2 2 2 2 2 2 2 2 2 2 2 2 2 2 2 2 2 2 2 2 2 2 2 2 2 2 2
left_child=1 -1 3 4 -2 6 19 27 -9 10 13 -11 -13 -8 20 -6 -17 18 -18 -5 24 22 -14 -10 25 -15 -19 -4 -22 -23
right_child=2 -3 7 5 15 -7 9 8 23 11 -12 12 21 14 -16 16 17 26 -20 -21 28 29 -24 -25 -26 -27 -28 -29 -30 -31
leaf_value=-0.02869375778362155 -0.021732598915696146 -0.0059052962362766276 0.017086077900603413 0.013257353124208749 0.0044454481655164906 0.011846166038885712 -0.013440181798068808 -0.0080092619663836174 0.010503283904399724 -0.010667840987443925 0.0048478582360762731 0.012941512415806454 -0.01170021795800754 -0.0073614162107508985 -0.013588131343324981 -0.018677916420468441 0.00079714019044206056 -0.001595139482312582 -0.018755164307076484 -0.00037015998817008477 0.0094830096318301842 0.0011567973622018427 0.00086577090062201021 0.0015671051382510502 -0.010132387677315689 0.0064477011847954534 0.0092847375777261026 0.0073378657672071345 -0.00021489790773817469 0.0054567017508602217
leaf_weight=20 22 25 24 36 46 30 32 28 40 20 49 30 21 31 27 24 29 22 20 23 22 209 25 44 28 26 29 27 21 68
leaf_count=20 22 25 24 36 46 30 32 28 40 20 49 30 21 31 27 24 29 22 20 23 22 209 25 44 28 26 29 27 21 68
internal_value=2.32672e-11 -0.0160335 0.000685192 -0.000170231 -0.00437353 0.000985979 0.000498246 0.00535591 0.00236451 -0.00022319 -0.00296431 0.00151114 0.00220117 -0.00501135 -0.0032712 -0.00212707 -0.00456526 -0.00117822 -0.00718339 0.00794493 -0.00109498 0.00120361 -0.00487088 0.00582243 -0.00405024 -0.00106252 0.00459146 0.0119253 0.00474682 0.00221237
internal_weight=1098 45 1053 890 192 698 668 163 112 609 236 373 353 187 155 170 124 100 49 59 128 323 46 84 85 57 51 51 43 277
internal_count=1098 45 1053 890 192 698 668 163 112 609 236 373 353 187 155 170 124 100 49 59 128 323 46 84 85 57 51 51 43 277
is_linear=0
shrinkage=0.05


Tree=51
num_leaves=31
num_cat=0
split_feature=4 1 3 4 0 9 2 12 15 15 2 3 4 9 2 9 11 9 12 13 14 16 17 2 16 4 17 8 13 12
split_gain=4.40931 5.08664 1.51781 1.63571 1.64327 2.19056 1.0838 0.761009 0.626435 1.3871 0.569204 0.669989 1.58241 0.433532 1.18108 0.92098 0.978884 0.787413 1.29911 0.815307 0.922373 0.738021 0.615356 0.574444 1.01764 0.73606 0.674507 0.617314 0.433968 0.423982
threshold=-1.3136777112042497 -0.84019056833739691 0.66451501587931172 -1.1828205149284974 -0.8095503644427251 -0.12393044889798081 -0.98393489743489371 1.9474268070064176 -1.6747516933752087 -1.5085183187092697 2.9525163457751549 1.595930690747702 1.6592801637347538 -0.61198048956314632 -0.068022835143508278 -0.56873508719706301 -0.49627032063319249 -0.11002499330717337 0.26479555694628426 -0.079971573226365639 -0.28534702298814135 -0.01012173968612776 -0.40888826448878351 -0.26457122344064932 1.4879375773389971 -0.33527103393148966 -0.44919264684203419 0.51932444511997289 0.79558324114967816 1.0000000180025095e-35
decision_type=2 2 2 2 2 2 2 2 2 2 2 2 2 2 2 2 2 2 2 2 2 2 2 2 2 2 2 2 2 2
left_child=1 -1 3 -2 5 -5 -6 8 -8 -10 11 -4 -13 14 29 -15 -17 18 19 -18 -21 -20 23 24 26 -25 -19 -26 -16 -11
right_child=2 -3 10 4 6 -7 7 -9 9 13 -12 12 -14 15 28 16 17 22 21 20 -22 -23 -24 25 27 -27 -28 -29 -30 -31
leaf_value=0.0027729211618071018 0.011172931942467889 -0.029225217909724627 0.0050262871965242083 -0.0198680574297905 -0.010619528104628746 0.0023327292921021584 0.0085907244123518463 0.0085794609434042997 -0.013360338183119894 -0.00278775437051847 0.012426098166033626 -0.012153430469334127 0.0077363233081996444 -0.0088052848085873967 0.0040661458753877217 0.007420775031026167 0.0080561461943117058 -0.0088179763997546772 -0.0033316842830655256 0.00097482573872656334 -0.010343626645152216 -0.015476170430313156 0.0089869571450565539 0.011291278428619817 -0.00064133037850561169 0.00079999561386080687 -0.00040652775417336011 0.010625774138607085 0.013208304911851885 0.0036806580010115319
leaf_weight=23 30 27 160 25 24 20 20 26 20 76 20 20 20 33 27 39 22 52 22 54 27 29 21 21 31 82 44 20 25 38
leaf_count=23 30 27 160 25 24 20 20 26 20 76 20 20 20 33 27 39 22 52 22 54 27 29 21 21 31 82 44 20 25 38
internal_value=2.73544e-12 -0.0145061 0.000692084 -0.000288746 -0.000719637 -0.010001 -0.000164971 0.000179212 -0.000131466 -0.000386874 0.00438357 0.00357932 -0.00220855 4.48233e-06 0.0022168 -0.000734442 -0.000160438 -0.000856125 -0.00371109 -0.000479632 -0.00279799 -0.0102374 0.000766254 7.57149e-05 -0.00193053 0.002939 -0.00496273 0.00377714 0.00846141 -0.000631617
internal_weight=1098 50 1048 828 798 45 753 729 703 683 220 200 40 663 166 497 464 425 154 103 81 51 271 250 147 103 96 51 52 114
internal_count=1098 50 1048 828 798 45 753 729 703 683 220 200 40 663 166 497 464 425 154 103 81 51 271 250 147 103 96 51 52 114
is_linear=0
shrinkage=0.05


Tree=52
num_leaves=31
num_cat=0
split_feature=17 10 4 12 10 0 1 14 11 15 9 10 16 13 4 3 16 14 4 15 9 3 14 10 13 12 9 16 2 16
split_gain=4.26402 1.63787 1.67424 1.75142 1.71091 2.67948 1.54458 1.24755 1.76515 1.28003 1.30857 1.16473 0.896516 1.82841 0.871783 0.829035 0.765973 0.6834 0.60272 0.601225 1.03798 0.571645 0.77153 0.995787 0.825997 0.569988 0.547924 0.661344 0.562415 0.514636
threshold=-0.47247665456644111 1.6972956666299692 -0.36598408374402575 1.3649776905481288 -0.65299216659259518 -0.90648772614418072 -0.85032416181993364 -0.75282710556973043 -0.47199484712741507 0.83463888154518096 -0.044009148591644058 -0.24441446214162738 0.22076822156018544 -1.135228107891042 -0.58440614544275349 0.66451501587931172 -0.92240102255111833 -1.0184168758325169 -0.29982033281808351 0.29499156599362103 -0.55180980784543954 -0.37210203614191473 -0.054080016513176822 -0.13952650336110731 -0.051511107901905967 -0.99923627850239394 -0.27098931440354662 -0.36562228262881502 0.51768108046209627 -0.66478545411890144
decision_type=2 2 2 2 2 2 2 2 2 2 2 2 2 2 2 2 2 2 2 2 2 2 2 2 2 2 2 2 2 2
left_child=-1 2 3 4 -2 -6 17 14 -9 11 -11 12 -10 -14 -8 16 25 -7 -18 20 -20 -22 24 -24 -23 -4 28 -28 -21 -3
right_child=1 29 15 -5 5 6 7 8 9 10 -12 -13 13 -15 -16 -17 18 -19 19 26 21 22 23 -25 -26 -27 27 -29 -30 -31
leaf_value=-0.022875610776245597 0.010191222847927185 0.015323016127305373 0.0015958243659858048 0.008947882416347662 -0.02180873164463611 -0.0023204975362334933 -0.016166849039857174 0.0075298165450945051 -0.021108162173602202 -0.0051185707145027428 0.0099919002786602665 -0.0014955283627165732 -0.017856068814095731 0.0026136956224218012 -0.0037049245777661388 0.0043713185490058684 0.0065341496250281728 0.0094399055605754265 -0.01024749349500682 0.0065462365025950936 -0.0085265667093071072 -0.011327650219202042 0.0068066035184251557 -0.0037454704530925178 0.0011763251162067588 0.012268610205501318 -0.0091685877722089328 0.00091579481350992061 -0.0027209182185205551 0.0048866484495293768
leaf_weight=20 21 21 29 30 21 21 36 33 21 38 23 37 24 20 23 185 30 30 37 64 22 25 59 36 28 22 21 72 22 27
leaf_count=20 21 21 29 30 21 21 36 33 21 38 23 37 24 20 23 185 30 30 37 64 22 25 59 36 28 22 21 72 22 27
internal_value=-5.4404e-11 0.000424408 3.67894e-06 -0.00264384 -0.00364312 -0.00453157 -0.00334588 -0.00493453 -0.00301574 -0.00515073 0.00057882 -0.00857723 -0.0126084 -0.00855163 -0.0113088 0.00153859 0.000416414 0.00459739 -0.000292603 -0.00082318 -0.00265818 -0.00100639 0.000111476 0.00280792 -0.00472178 0.00619977 0.00129886 -0.00136132 0.00417557 0.00945256
internal_weight=1098 1078 1030 378 348 327 306 255 196 163 61 102 65 44 59 652 467 51 416 386 207 170 148 95 53 51 179 93 86 48
internal_count=1098 1078 1030 378 348 327 306 255 196 163 61 102 65 44 59 652 467 51 416 386 207 170 148 95 53 51 179 93 86 48
is_linear=0
shrinkage=0.05


Tree=53
num_leaves=31
num_cat=0
split_feature=3 17 10 10 17 0 16 4 3 2 10 1 11 10 12 15 14 0 17 10 9 9 2 0 15 9 0 2 2 4
split_gain=4.13581 1.95674 1.40788 1.12988 1.98611 1.66859 1.49602 0.756177 0.726874 0.718513 0.766926 0.750362 1.7582 0.642794 0.624979 0.571955 1.10202 0.85836 0.75359 0.928164 0.814464 1.21386 0.581922 0.552195 1.29741 0.681491 0.612069 0.511306 0.476851 0.623438
threshold=-1.3518828708003736 0.82364852650742848 2.3636572461975764 -0.50933925045552553 -0.46838640468606579 -0.84607095187443637 1.1481046150577681 1.3444714031562583 1.595930690747702 0.68098588782667824 -0.098535806826191438 -0.85779346972625714 -0.62527521722612744 -0.54770233823820325 1.9474268070064176 -0.0089038220675490068 1.0222387699487105 -0.56472716721532801 0.069851146483339968 -0.44850237958017541 -0.11002499330717337 0.93381411591083829 0.083458224363617037 -0.29172450437704273 1.0030112886057185 -0.41604579230284405 -0.0079009267441762735 0.049015132778852104 -0.095954297473442016 0.53008548126533983
decision_type=2 2 2 2 2 2 2 2 2 2 2 2 2 2 2 2 2 2 2 2 2 2 2 2 2 2 2 2 2 2
left_child=1 -1 3 4 -2 -6 13 8 9 11 -11 -5 -13 -7 15 17 18 -14 19 -17 23 27 28 24 -21 26 -25 -22 29 -19
right_child=2 -3 -4 7 5 6 -8 -9 -10 10 -12 12 14 -15 -16 16 -18 22 -20 20 21 -23 -24 25 -26 -27 -28 -29 -30 -31
leaf_value=-0.026501171495765447 0.0098592762369662523 -0.0055186539739370353 0.01096141337256995 0.0090954517216786084 -0.018351045195859943 0.0023715977085616868 -0.015513576797786213 0.0057062777560911611 -0.0083872834686189897 -7.0211204254756813e-06 0.0087417524223300548 -0.012581605133083132 -0.011487510100705549 -0.0058472059726810618 0.0080433246106482482 0.0098133322878685945 -0.0051240684725344186 0.00039810214663595366 0.012320041668135674 -0.012397921139684817 0.013317407030162626 -0.0051536224062808536 -0.008328479773405454 0.011455042813904585 0.0035879969459281049 -0.0055312769568484771 -0.00091497525572776801 0.003755961136926932 0.0073893291596323256 -0.007369312328131249
leaf_weight=20 24 25 32 23 22 61 21 79 22 46 55 27 20 39 26 34 50 186 20 30 29 22 23 20 22 23 20 27 20 30
leaf_count=20 24 25 32 23 22 61 21 79 22 46 55 27 20 39 26 34 50 186 20 30 29 22 23 20 22 23 20 27 20 30
internal_value=2.94325e-11 -0.0148442 0.000634368 0.0003107 -0.00345065 -0.00568449 -0.00338148 0.00104623 0.00057121 0.000832945 0.00475716 0.000225053 -9.93019e-05 -0.000833736 0.000460536 0.000118257 0.00164534 -0.00150735 0.00301567 0.0021959 0.000853971 0.0047979 -0.000736683 -0.00182104 -0.00563465 0.0013267 0.00527003 0.00870742 3.19582e-06 -0.000680705
internal_weight=1098 45 1053 1021 167 143 121 854 775 753 101 652 629 100 602 576 297 279 247 227 193 78 259 115 52 63 40 56 236 216
internal_count=1098 45 1053 1021 167 143 121 854 775 753 101 652 629 100 602 576 297 279 247 227 193 78 259 115 52 63 40 56 236 216
is_linear=0
shrinkage=0.05


Tree=54
num_leaves=31
num_cat=0
split_feature=17 4 9 4 0 17 16 9 16 2 4 2 9 10 2 4 17 17 4 0 10 15 12 3 10 11 11 1 12 16
split_gain=3.86409 1.37537 1.09992 1.93978 1.54174 1.14022 1.01858 0.957108 0.89806 0.882938 0.775917 1.37256 1.15941 0.750924 0.649734 0.713064 0.714608 0.646647 0.613984 0.649567 1.04606 0.708611 0.828839 0.627841 0.792234 0.64694 1.14301 0.61125 0.773685 0.599557
threshold=-0.47247665456644111 0.56913026267595768 -0.11002499330717337 -1.112245847274159 -0.90648772614418072 -0.45818992292152733 -0.72112983185154089 1.9581742557187287 -0.48727782419875748 0.66967621596302396 -1.1828205149284974 -0.98393489743489371 -0.30462749409164552 1.0157248693435246 -0.48853699807392176 -0.19085435289807504 -0.44919264684203419 -0.45030509576984251 -0.82962044208433183 0.78157498181046903 0.37121881198571044 -1.4110395567268532 -1.0873315363442486 -0.15402954052042109 -0.44850237958017541 -0.53701412599861043 -0.49032468422614545 -0.48018213439008101 -0.074791600061036065 -0.83691654094788948
decision_type=2 2 2 2 2 2 2 2 2 2 2 2 2 2 2 2 2 2 2 2 2 2 2 2 2 2 2 2 2 2
left_child=-1 2 4 -4 -2 -6 -3 13 -8 -10 -7 -12 18 14 15 16 -5 -16 -13 20 21 -20 -23 24 -24 -25 -27 -28 -29 -26
right_child=1 6 3 7 5 10 8 -9 9 -11 11 12 -14 -15 17 -17 -18 -19 19 -21 -22 22 23 25 29 26 27 28 -30 -31
leaf_value=-0.021776424422860149 -0.011951951454910967 0.0091624425476766191 0.016826782557182014 -0.0036168545676763496 -0.011409677436145453 0.0083044563136670906 -0.0064196197972965566 -0.0074282493471400819 0.00059839817877218595 0.0089037887684147183 -0.012036140234623519 -0.0052777410059781302 -0.0068103025340921402 0.0096272596778968975 0.0063223329389750565 -0.010441030680455946 0.0078231218596920369 -8.5237381410681545e-05 0.009516585672584673 -0.0055313302359233305 0.012942429108633883 -0.0087419641119512639 0.011332553030987239 -0.0092252592919976461 0.0065914974803285261 0.01065230371261185 -0.0093150156380778001 0.0066617796591554703 -0.0057875160283098618 -0.0028351662516895985
leaf_weight=20 36 64 20 43 26 23 28 32 96 48 27 38 60 27 70 22 20 90 24 30 21 22 29 20 31 22 22 26 24 37
leaf_count=20 36 64 20 43 26 23 28 32 96 48 27 38 60 27 70 22 20 90 24 30 21 22 29 20 31 22 22 26 24 37
internal_value=3.31301e-11 0.000404015 -0.000541504 0.0017435 -0.00197074 -0.00122525 0.00377744 0.000751181 0.00177371 0.00336686 -0.00064456 -0.00111991 -0.000393956 0.00171347 0.000841335 -0.00269135 1.4884e-05 0.00271807 0.000718706 0.00145853 0.00221283 0.00133609 0.000493464 0.0014564 0.00441319 -0.00105946 0.000677939 -0.00236978 0.000686118 0.00146228
internal_weight=1098 1078 842 324 518 482 236 304 172 144 456 433 406 272 245 85 63 160 346 308 278 257 233 211 97 114 94 72 50 68
internal_count=1098 1078 842 324 518 482 236 304 172 144 456 433 406 272 245 85 63 160 346 308 278 257 233 211 97 114 94 72 50 68
is_linear=0
shrinkage=0.05


Tree=55
num_leaves=31
num_cat=0
split_feature=2 2 3 0 14 15 17 3 13 14 14 11 15 0 14 9 15 1 14 16 3 12 15 13 11 1 14 9 9 12
split_gain=3.54066 4.43974 1.21655 1.35522 1.87875 1.03016 1.25839 0.991467 0.896102 1.67385 0.977334 1.04822 0.895061 0.864493 0.786211 0.657194 0.704157 1.012 0.890318 1.38723 0.883667 1.02701 0.594972 0.46761 0.466344 0.674112 0.487116 0.891634 0.889298 0.708876
threshold=-1.0562482538964397 -1.0853792268785794 -1.2890940183865209 -0.45426366202064611 -0.96442032266462985 -1.2438894538918004 -0.46717406239327591 -1.0946603523428953 -0.61979952969620122 0.30952581901287696 -0.74676704865974008 -0.46412568220845113 -1.4953785482853077 3.1067190482960809 -0.83796876191074465 1.7327719984304053 -0.0089038220675490068 -0.78945939302042478 -0.53653662843376881 -0.64843186728332958 -0.54884950765875795 1.2662234044591776 -0.098895970668870722 0.9665155578485235 1.09331354323088 0.59082938906385063 -0.10553977178274117 -0.37123529994594945 -0.37123529994594945 -0.46828327624460103
decision_type=2 2 2 2 2 2 2 2 2 2 2 2 2 2 2 2 2 2 2 2 2 2 2 2 2 2 2 2 2 2
left_child=1 -1 -2 4 -4 -6 -7 -5 9 -8 14 -12 -9 15 -10 16 20 -18 19 23 -14 22 -22 -19 25 26 27 29 -28 -20
right_child=2 -3 3 7 5 6 8 12 10 -11 11 -13 13 -15 -16 -17 17 18 24 -21 21 -23 -24 -25 -26 -27 28 -29 -30 -31
leaf_value=-0.001015251141882712 0.01199893335123425 -0.031231329068541525 -0.0142050362067918 -0.0093515069014392799 -0.0090085353463008593 0.010681081436574459 -0.015576366997427411 0.010864485243197393 0.00086694559082388888 0.0020296644643638976 0.013348027039319277 0.00092954707694594308 -0.0080869879190097835 0.011552683689764568 -0.011672680248506368 -0.0072493868160315549 0.01238703950523184 0.0044309468474239113 0.00387768377399733 -0.012721656084708547 0.00050472983076408696 0.011382202596869321 -0.0084738995879888538 -0.0044637578872921456 -0.0012645708953552858 0.011018365181927734 -0.0061764236299260977 -0.00036204950761442123 0.0044132024773650544 0.014407172680578449
leaf_weight=31 23 20 30 20 36 25 27 27 25 27 20 113 34 21 25 22 26 45 31 23 152 20 21 22 41 34 31 38 55 33
leaf_count=31 23 20 30 20 36 25 27 27 25 27 20 113 34 21 25 22 26 45 31 23 152 20 21 22 41 34 31 38 55 33
internal_value=1.73563e-11 -0.0128647 0.000626647 0.000371215 -0.00227846 -0.0010778 1.19163e-05 0.00161991 -0.00111352 -0.00677335 0.00055659 0.00279699 0.00194451 0.00157342 -0.00540287 0.00123972 0.0015479 0.00286695 0.00216576 -0.00212676 -0.00065439 0.00065498 -0.000585162 0.0015103 0.00363468 0.0045395 0.00336779 0.00570477 0.000596012 0.00930695
internal_weight=1098 51 1047 1024 328 298 262 696 237 54 183 133 676 649 50 628 606 379 353 90 227 193 173 67 263 222 188 102 86 64
internal_count=1098 51 1047 1024 328 298 262 696 237 54 183 133 676 649 50 628 606 379 353 90 227 193 173 67 263 222 188 102 86 64
is_linear=0
shrinkage=0.05


Tree=56
num_leaves=31
num_cat=0
split_feature=17 0 4 12 10 0 1 14 13 6 11 1 3 4 11 16 13 14 4 4 15 11 1 1 11 10 4 3 15 9
split_gain=3.49317 1.18079 1.06684 1.48962 1.68706 2.14883 1.42471 1.1102 1.51522 1.03599 0.906136 1.27126 0.785022 0.719161 0.678458 0.817487 1.32274 0.607654 0.597989 0.690852 0.566806 0.550827 1.03334 1.48474 0.539298 0.6249 0.529348 0.456635 0.44766 0.568693
threshold=-0.47247665456644111 2.5850607809073174 -0.36598408374402575 1.3649776905481288 -0.65299216659259518 -0.90648772614418072 -0.85032416181993364 -0.75282710556973043 -1.135228107891042 1.0000000180025095e-35 -0.47199484712741507 -0.41654142357604756 0.66451501587931172 -0.58440614544275349 0.3273946515790172 0.29926506909378447 -0.051511107901905967 -1.0184168758325169 -0.20621087780434308 -0.083685413126672339 -0.51554892353101767 -0.12801392065337591 0.56027786267779844 0.22095509165853969 0.30303496278385567 -0.50043629374205978 0.53841721286342148 1.7745097422802638 0.56741262024855621 -0.46494534526821923
decision_type=2 2 2 2 2 2 2 2 2 2 2 2 2 2 2 2 2 2 2 2 2 2 2 2 2 2 2 2 2 2
left_child=-1 2 3 4 -2 -6 17 13 -9 12 -10 -12 18 -8 15 16 -13 -7 24 -20 -14 28 23 -23 25 -4 -24 -22 -21 -30
right_child=1 -3 9 -5 5 6 7 8 10 -11 11 14 20 -15 -16 -17 -18 -19 19 21 27 22 26 -25 -26 -27 -28 -29 29 -31
leaf_value=-0.020704899728298188 0.010818175261928922 0.0096962461135152618 -0.00014214399068251902 0.0088677283007137734 -0.019274499604389782 -0.001632804929145745 -0.014691272988501522 -0.011449886152618811 0.0070378471328171365 -0.0093714731787754735 -0.011891770643975449 -0.015268702633191078 -0.0034846974350512027 -0.0033726403570693477 0.0076622521058501052 0.0052495910786092281 0.0010927383291224639 0.009456721731306364 -0.0058276662213385712 0.00053213494706084942 0.0069456543155075592 0.001288956476815252 0.0060261021035590348 -0.012973846975915335 -0.0028621330996975304 0.010068402560915105 -0.0038570774486288428 0.00073044974392709829 0.010844884738968365 0.001436491838992677
leaf_weight=20 21 33 23 29 21 21 36 38 33 22 27 21 20 23 24 26 30 30 49 127 122 36 42 37 20 43 20 39 29 36
leaf_count=20 21 33 23 29 21 21 36 38 33 22 27 21 20 23 24 26 30 30 49 127 122 36 42 37 20 43 20 39 29 36
internal_value=-4.33483e-11 0.000384135 9.00687e-05 -0.00202333 -0.00292316 -0.00379761 -0.00274578 -0.00425526 -0.00246936 0.00129772 -0.000349727 -0.00225434 0.00166277 -0.0102789 0.000322008 -0.00196586 -0.00564433 0.00489045 0.000569253 -0.000291049 0.00445394 0.000538597 -0.0019087 -0.00594014 0.00433057 0.00651018 0.00283798 0.00544011 0.00225936 0.00563408
internal_weight=1098 1078 1045 380 351 330 309 258 199 665 161 128 643 59 101 77 51 51 462 376 181 327 135 73 86 66 62 161 192 65
internal_count=1098 1078 1045 380 351 330 309 258 199 665 161 128 643 59 101 77 51 51 462 376 181 327 135 73 86 66 62 161 192 65
is_linear=0
shrinkage=0.05


Tree=57
num_leaves=31
num_cat=0
split_feature=3 17 3 0 14 10 0 15 3 15 2 10 4 9 9 4 16 16 13 1 15 11 3 17 16 2 9 12 15 14
split_gain=3.27139 1.84549 1.15383 1.1376 1.42616 0.92167 1.10532 1.18891 0.774235 0.827156 0.720312 0.667193 0.734646 0.6169 0.556967 0.644419 0.546798 0.541306 0.655209 0.793579 0.740316 0.706234 1.00099 0.607608 1.33798 0.780235 0.706286 0.698982 0.581287 0.542662
threshold=-1.3518828708003736 0.82364852650742848 -1.3047769222711114 -0.45426366202064611 -0.96442032266462985 -0.5907332956866217 -0.78407612753048217 -1.2438894538918004 -1.0946603523428953 -1.4953785482853077 2.9525163457751549 -0.37635133454812891 -0.6941889617939464 1.7327719984304053 -0.3294761161214102 -0.36304347259176167 0.76968798361591328 1.6653762598235307 -0.48667196675945651 0.22917517014981312 0.29499156599362103 -0.57293530025818973 1.595930690747702 -0.14163115156945069 -0.48727782419875748 -0.64584425217747488 -0.61198048956314632 0.0061437249724158585 1.2025524534161198 -0.54164748049393585
decision_type=2 2 2 2 2 2 2 2 2 2 2 2 2 2 2 2 2 2 2 2 2 2 2 2 2 2 2 2 2 2
left_child=1 -1 -2 4 -4 -6 -7 -8 -5 -10 13 12 -9 17 -14 -16 -17 18 19 -11 23 -22 28 24 -20 -25 -27 -26 29 -23
right_child=2 -3 3 8 5 6 7 11 9 10 -12 -13 14 -15 15 16 -18 -19 20 -21 21 22 -24 25 27 26 -28 -29 -30 -31
leaf_value=-0.024522829651832584 0.01245912560611032 -0.0041454943045973773 -0.011775301580372103 -0.0073468895279802382 0.0075020195370347339 -0.01212041918382359 -0.0095586780246401989 0.0089914949471130972 0.010366574444223835 0.013089515841177977 0.010776438126340509 -0.0052153251815314702 0.0044860737425131865 -0.0068996896562368978 -0.0090289820761730276 0.0050740128866340398 -0.0040989184082718564 -0.0038333766860887408 -0.015284831576387992 0.0031156687789608457 0.011576610296324362 0.00028906433320739062 -0.0081180526874959479 -0.0070696120709180833 0.0042341352629591709 0.009185318507705674 -0.0019562774337828158 -0.0062165095747332092 -0.0021095137415534778 0.0063096415475779851
leaf_weight=20 20 25 34 24 29 24 34 30 27 24 20 41 52 23 24 33 32 45 22 118 20 57 23 20 32 33 25 32 46 109
leaf_count=20 20 25 34 24 29 24 34 30 27 24 20 41 52 23 24 33 32 45 22 118 20 57 23 20 32 33 25 32 46 109
internal_value=3.1993e-12 -0.0132021 0.000564192 0.000333893 -0.00207181 -0.000968404 -0.00187819 -0.000878948 0.00147832 0.00179164 0.0014349 0.000513084 0.00188656 0.00113788 0.000374874 -0.00202717 0.000558108 0.00144293 0.00186616 0.00480139 0.000871411 0.00255689 0.00178925 -0.0017493 -0.0046477 0.00144636 0.00438291 -0.000991187 0.0028641 0.00424233
internal_weight=1098 45 1053 1033 333 299 270 246 700 676 649 212 171 629 141 89 65 606 561 142 419 255 235 164 86 78 58 64 212 166
internal_count=1098 45 1053 1033 333 299 270 246 700 676 649 212 171 629 141 89 65 606 561 142 419 255 235 164 86 78 58 64 212 166
is_linear=0
shrinkage=0.05


Tree=58
num_leaves=31
num_cat=0
split_feature=17 10 10 0 14 4 2 0 16 11 17 2 15 14 14 4 17 15 10 3 3 17 9 9 2 4 11 11 2 2
split_gain=3.12557 1.06639 0.995675 2.15089 0.807307 0.892679 1.44517 1.04069 0.702693 0.526198 0.991009 0.723935 0.665782 0.546346 0.819551 0.627161 0.579271 0.435917 0.429684 0.420026 0.529146 0.456994 1.01912 1.71067 0.668114 0.658711 0.824071 0.734767 0.528177 0.492066
threshold=-0.47247665456644111 2.3636572461975764 -0.65299216659259518 -0.90648772614418072 1.7969372850816347 -1.1828205149284974 -0.98393489743489371 -0.29172450437704273 1.6868727887791228 -0.57293530025818973 0.10648585867763498 2.2910719004159881 -0.018835043899613362 -0.53653662843376881 -0.46165997358838418 0.3417230002342006 -0.29844549963473821 -0.90286657498152845 -0.27885159331801973 -1.0946603523428953 -0.78987399035222505 -0.21675559547740145 -0.30462749409164552 -0.11002499330717337 -0.015929801104858862 -0.68471365919220661 0.019812930550211581 -0.1718936568375716 -0.49333504068274464 0.23888053315656121
decision_type=2 2 2 2 2 2 2 2 2 2 2 2 2 2 2 2 2 2 2 2 2 2 2 2 2 2 2 2 2 2
left_child=-1 2 -2 -4 5 -5 -7 8 19 12 11 13 -9 15 -15 -11 18 -10 -16 -8 -21 22 28 -24 25 -25 27 -27 -22 -26
right_child=1 -3 3 4 -6 6 7 9 17 10 -12 -13 -14 14 16 -17 -18 -19 -20 20 21 -23 23 24 29 26 -28 -29 -30 -31
leaf_value=-0.019585177246481181 0.010865734198263713 0.0093543920542288102 -0.015250257965501236 0.0091537809641710644 -0.0064878936932790416 -0.010740657010244141 0.0063056865263552897 0.0026703235579700006 -0.0023163186106830835 -0.0082635450758971277 -0.0083303697950517144 0.010368580063804984 0.013452413938516242 0.011700799079103904 -0.0014160507652712497 0.0022275028894815983 -0.0050132421327048343 -0.012755632946573316 0.0034839749101173278 -0.0066309609223861952 0.010681080278785279 -0.0056182742113176374 -0.011403527087914929 0.0063635980227263649 0.011573462942615152 -0.0057245420259905274 -0.011975440065461126 0.0062424085102975374 0.002292252882237568 0.00048218768090009691
leaf_weight=20 21 32 23 29 43 29 21 41 20 28 24 25 22 22 57 29 29 20 208 37 24 36 38 20 20 29 22 23 86 20
leaf_count=20 21 32 23 29 43 29 21 41 20 28 24 25 22 22 57 29 29 20 208 37 24 36 38 20 20 29 22 23 86 20
internal_value=-7.50259e-12 0.000363361 8.83011e-05 -0.000132505 0.000214509 0.000515034 0.000245654 0.000599265 -0.00123555 0.00217304 0.0015367 0.0021317 0.0064355 0.00157963 0.00239236 -0.00292599 0.00169581 -0.00753598 0.00243001 -0.000565291 -0.000971743 -0.000313281 0.000363953 -0.0020398 0.000615589 -0.00168749 -0.00386346 -0.000431468 0.00412254 0.00602783
internal_weight=1098 1078 1046 1025 1002 959 930 901 416 485 422 398 63 373 316 57 294 40 265 376 355 318 282 172 134 94 74 52 110 40
internal_count=1098 1078 1046 1025 1002 959 930 901 416 485 422 398 63 373 316 57 294 40 265 376 355 318 282 172 134 94 74 52 110 40
is_linear=0
shrinkage=0.05


Tree=59
num_leaves=31
num_cat=0
split_feature=4 1 4 0 15 10 15 9 0 11 1 1 17 2 1 16 13 1 2 12 1 15 4 11 15 15 4 9 4 4
split_gain=3.03368 4.34997 1.4466 1.30803 1.78722 2.08489 1.84535 0.905398 0.788757 0.524158 2.12276 0.665582 0.579716 0.592437 0.575122 0.692056 0.639399 1.05655 1.4387 0.82135 0.587839 0.567758 0.684778 0.603091 1.08829 0.585978 1.03115 0.438762 0.715397 0.414088
threshold=-1.3136777112042497 -0.84019056833739691 -1.1828205149284974 -0.68758963727880074 -0.24190556505059774 -0.57577138232093605 1.1982743886269229 1.9581742557187287 3.1067190482960809 -0.63470873291329932 -0.84019056833739691 -0.80904188152328949 0.10648585867763498 2.2910719004159881 0.57001456066585099 1.8155901511297654 -0.99395626425523287 0.22095509165853969 0.11258919734575652 1.2662234044591776 0.79207994586180297 0.29499156599362103 -0.61136174767184104 -0.14409291127170618 -0.046336888973022357 0.4774204716472345 -0.61136174767184104 -0.29407460458657403 0.085726462700987119 -0.63635694246608587
decision_type=2 2 2 2 2 2 2 2 2 2 2 2 2 2 2 2 2 2 2 2 2 2 2 2 2 2 2 2 2 2
left_child=1 -1 -2 4 5 -4 29 8 9 -5 -11 -12 13 14 15 16 -13 19 -19 21 -16 22 -18 24 27 -23 -27 28 -24 -6
right_child=2 -3 3 7 6 -7 -8 -9 -10 10 11 12 -14 -15 20 -17 17 18 -20 -21 -22 25 23 -25 -26 26 -28 -29 -30 -31
leaf_value=0.0039465632613586345 0.011395306875929238 -0.025643945671617985 -0.0027824065397278625 0.0070670798886567354 0.010957962127091984 -0.023964287247508764 -0.0096890340759900623 -0.0074793069413112067 0.011031419951468707 -0.013613217763602734 0.0081365957291740353 0.0073069736565230421 -0.0050542799469370115 0.0086148280343667678 0.0078260230902090396 -0.0090159751940518621 0.0064235142385587101 -0.012767501287162303 0.0025940526000879432 0.0084907841473592059 0.0014614843573097303 0.0099982404522597802 -0.0068551116541999847 0.0027908862488151623 -0.015205607622523199 -0.0097548961092252286 0.002189952488071167 -0.0086911965161561976 0.0047833544224680918 0.0014611463274129413
leaf_weight=23 30 27 26 34 24 21 29 31 20 25 33 32 39 26 53 20 20 35 27 33 115 20 23 29 22 20 187 21 31 22
leaf_count=23 30 27 26 34 24 21 29 31 20 25 33 32 39 26 53 20 20 35 27 33 115 20 23 29 22 20 187 21 31 22
internal_value=1.51357e-11 -0.0120323 0.000574061 0.000255163 -0.00460195 -0.0122467 0.000188724 0.000916512 0.0012174 0.000985118 0.000730141 0.00118635 0.000881762 0.001206 0.000926015 0.000104324 0.000469136 1.59116e-06 -0.00607779 0.00092997 0.00346934 0.000261051 -0.00217134 -0.00353561 -0.00542703 0.0018255 0.00103586 -0.00255865 -0.00017377 0.00641601
internal_weight=1098 50 1048 1018 122 47 75 896 865 845 811 786 753 714 688 520 500 468 62 406 168 373 146 126 97 227 207 75 54 46
internal_count=1098 50 1048 1018 122 47 75 896 865 845 811 786 753 714 688 520 500 468 62 406 168 373 146 126 97 227 207 75 54 46
is_linear=0
shrinkage=0.05


Tree=60
num_leaves=31
num_cat=0
split_feature=3 17 3 10 3 14 3 14 11 15 6 12 17 14 14 16 13 9 17 17 2 8 15 16 14 16 13 0 0 0
split_gain=2.9165 1.55578 1.15446 1.02364 0.867924 0.724967 0.717816 0.650528 0.570114 1.00668 1.03661 0.631107 0.973754 0.742045 1.27636 1.19881 0.634788 0.849534 0.596216 0.702573 0.568044 0.520063 0.539552 0.906306 0.472266 0.434859 0.431466 0.40763 1.84541 0.614164
threshold=-1.3518828708003736 0.82364852650742848 -1.3047769222711114 -0.6162674701495483 -1.231227537264912 -0.9981796187426214 2.5018187191470145 -0.91686049771006572 -0.56796821331930436 -1.577731295477349 1.0000000180025095e-35 -0.60527336614899385 -0.4108854144412451 -0.050084346423053684 -0.4961233378519912 -0.70694626697336538 -0.26781136456356802 -0.42598891719191329 -0.46838640468606579 -0.46455645609362967 -0.79972433298901169 -0.28835011683715206 1.0428889639621619 -0.43432730704536743 -0.7213769556058417 -0.35332188323743169 0.94156675880460317 -0.59696447587418422 -0.54804492357368217 -0.70427188092044657
decision_type=2 2 2 2 2 2 2 2 2 2 2 2 2 2 2 2 2 2 2 2 2 2 2 2 2 2 2 2 2 2
left_child=1 -1 -2 -4 -5 -6 7 -7 24 -10 11 13 18 14 15 26 -14 21 -13 -20 -21 22 23 -18 -9 -19 -11 29 -29 -22
right_child=2 -3 3 4 5 6 -8 8 9 10 -12 12 16 -15 -16 -17 17 25 19 20 27 -23 -24 -25 -26 -27 -28 28 -30 -31
leaf_value=-0.02285967353731394 0.012430895958095789 -0.0041500566527247432 -0.010899350338149816 -0.0090784496812494064 0.0079212406698121306 -0.0066185717844884058 0.009217607173258844 0.0022181020328594795 -0.0099631826781357343 0.0051279120594263077 -0.0082441220370431736 0.0083408048731230568 0.01177290818525944 -0.011366665579844268 0.0097796634262935691 -0.013105300859509348 -0.0064117781521583154 -0.0038205650977842093 -0.009206334624572524 0.0081806357905623468 0.00061785299673347788 0.012440003646322742 0.0096984607046814997 0.0081100298047420537 0.010745094682682645 0.0037360635219198289 -0.0043613004315968444 0.015164314759895207 -0.00052181823575908007 -0.0092869080009003145
leaf_weight=20 20 25 20 23 34 33 23 62 24 25 33 21 25 20 22 24 22 45 21 21 34 26 27 21 22 33 23 20 300 29
leaf_count=20 20 25 20 23 34 33 23 62 24 25 33 21 25 20 22 24 22 45 21 21 34 26 27 21 22 33 23 20 300 29
internal_value=4.2622e-11 -0.0124654 0.000532711 0.000302349 0.000523508 0.000746584 0.000491419 0.000276304 0.000529116 0.000125355 0.000431068 0.00080825 0.00141439 -0.00262123 -0.000760497 -0.0039811 0.0043228 0.00325238 0.000116692 -0.000289676 0.000173814 0.00640156 0.00415871 0.000680268 0.00445136 -0.00062353 0.000580998 -0.000265202 0.000458565 -0.00394148
internal_weight=1098 45 1053 1033 1013 990 956 933 900 816 792 759 645 114 94 72 199 174 446 425 404 96 70 43 84 78 48 383 320 63
internal_count=1098 45 1053 1033 1013 990 956 933 900 816 792 759 645 114 94 72 199 174 446 425 404 96 70 43 84 78 48 383 320 63
is_linear=0
shrinkage=0.05


Tree=61
num_leaves=31
num_cat=0
split_feature=17 1 3 0 11 10 9 0 2 2 16 6 3 8 4 15 2 4 1 2 4 9 1 14 2 3 3 2 8 16
split_gain=2.67869 0.991021 2.08553 1.18362 1.51417 1.79488 0.775344 0.693438 1.02904 0.468512 0.466781 0.40477 0.56594 0.513741 0.592314 0.439462 0.474487 0.464848 0.480047 0.421203 0.621871 0.596936 1.06798 0.702489 0.51057 0.720278 0.572828 0.775934 0.804475 0.396621
threshold=-0.47247665456644111 -0.86782046678797109 -1.3047769222711114 -0.68758963727880074 -0.54462781659310988 -0.567208469093054 1.9581742557187287 3.1067190482960809 -0.98393489743489371 -0.91813317022817864 -1.0356929581578589 1.0000000180025095e-35 0.66451501587931172 0.51932444511997289 -0.21568618040608298 -0.50378424536072597 1.4411329239959181 1.7878502180031897 -0.5403467490006838 -0.53634606549755059 -0.098551836174229732 -0.61198048956314632 -0.65874355945015184 -0.34359632323176753 0.25910085557945806 0.37632734778109095 0.21446146389196122 -0.25000573694957962 -0.28835011683715206 0.18635561947471255
decision_type=2 2 2 2 2 2 2 2 2 2 2 2 2 2 2 2 2 2 2 2 2 2 2 2 2 2 2 2 2 2
left_child=-1 -2 10 4 -4 -6 7 8 -5 -10 -3 12 13 19 -15 -14 -17 18 -18 20 29 23 -23 -21 26 -26 27 28 -24 -11
right_child=1 2 3 6 5 -7 -8 -9 9 11 -12 -13 15 14 -16 16 17 -19 -20 21 -22 22 24 -25 25 -27 -28 -29 -30 -31
leaf_value=-0.018131120121106507 -0.01068991577718407 0.017145097143948081 -0.01503050277458021 -0.010416620038449766 0.0048758989385310186 -0.0094988118427304126 -0.0065830327464001526 0.010209721121937037 0.0086207954492419966 -0.0037613758276815396 0.0063425442262087023 -0.0049261834970193699 -0.0033797240317133925 0.0081901514399214653 0.00078336939493373753 0.0067832432340623611 -0.0070574205229058861 0.007910806663511764 0.0024298746281419883 0.0067761643861348813 -0.010233340074773879 -0.0097652687908460697 0.0073963593681004233 -0.0017120731218407553 -0.010370285692624749 0.0018795271093646688 -0.0033760858104066103 0.0074807590106502177 -0.0043137389965440063 0.0030847600318820163
leaf_weight=20 20 20 27 20 49 39 35 20 20 56 20 29 21 40 83 90 20 21 40 65 24 30 22 39 24 24 43 59 44 34
leaf_count=20 20 20 27 20 49 39 35 20 20 56 20 29 21 40 83 90 20 21 40 65 24 30 22 39 24 24 43 59 44 34
internal_value=-1.75471e-11 0.000336384 0.000544821 0.000104782 -0.00467268 -0.00149471 0.000713207 0.00100741 0.000790375 0.00106108 0.0117438 0.000873953 0.00108988 0.000319118 0.00319208 0.00344631 0.00428459 0.00150831 -0.000732557 -0.000442464 -0.00308206 0.000417292 -0.000925316 0.00359308 0.000302455 -0.00424538 0.00160184 0.00331424 -0.000410373 -0.00117506
internal_weight=1098 1078 1058 1018 115 88 903 868 848 828 40 808 779 587 123 192 171 81 60 464 114 350 246 104 216 48 168 125 66 90
internal_count=1098 1078 1058 1018 115 88 903 868 848 828 40 808 779 587 123 192 171 81 60 464 114 350 246 104 216 48 168 125 66 90
is_linear=0
shrinkage=0.05


Tree=62
num_leaves=31
num_cat=0
split_feature=3 10 17 10 13 10 16 17 2 4 3 10 9 3 0 1 8 9 9 11 16 3 4 9 1 1 17 16 16 2
split_gain=2.67033 1.5175 1.20077 1.05916 0.869137 1.89354 1.77787 1.01555 0.799464 0.571866 0.611536 0.509355 0.495555 0.591934 0.661727 0.71458 0.468982 0.735526 1.60978 0.569616 0.62379 0.729811 0.555367 0.56079 0.546336 0.855205 0.751759 0.937744 0.656402 0.51497
threshold=-1.3518828708003736 -0.65299216659259518 -0.47209146841674438 -0.50309481553844193 0.29671584040136884 -0.567208469093054 -0.89384164485378326 -0.45818992292152733 -1.0171784783674527 1.3444714031562583 1.595930690747702 0.048672109387435596 1.9581742557187287 -0.78987399035222505 -0.069670315363243307 -0.84932664013537085 0.92316172609853531 -0.61198048956314632 -0.56873508719706301 -0.49032468422614545 -0.77413700784698158 0.76044401920257243 0.141598074594005 0.66510011074589992 0.57001456066585099 0.70402190335988024 -0.44889002953997709 0.28861085390573515 0.045772535491718933 -0.43952841999808706
decision_type=2 2 2 2 2 2 2 2 2 2 2 2 2 2 2 2 2 2 2 2 2 2 2 2 2 2 2 2 2 2
left_child=1 -1 -2 4 5 -4 -6 -7 -5 10 12 -11 13 14 15 -10 17 -15 -19 -20 -21 24 23 -18 26 -26 -22 28 -28 -27
right_child=2 -3 3 8 6 7 -8 -9 9 11 -12 -13 -14 16 -16 -17 22 18 19 20 21 -23 -24 -25 25 29 27 -29 -30 -31
leaf_value=-0.0016621905192732813 0.012346022602702891 -0.020140231074765327 0.0081462736277339558 0.0097743396563455473 0.0010071346155283128 -0.014587827932766893 -0.014761621719345641 -0.00044452349655330184 0.00033756367862224578 5.555199259626014e-05 -0.0077570619102081536 0.0079872211169761918 -0.0065449330722913146 0.0039253673007235276 0.0037607243639372645 -0.012036775548144111 0.014556631451705472 -0.010993019561988837 0.0067983931251519338 -0.0086482879985123867 -0.0089697296452186503 0.0066849797032773502 0.00078560658561235136 0.0038177419243560686 0.011311633688059044 -0.0057436513165012 -0.0013122930034943341 0.0051829860347313616 -0.011326464572921396 0.0032065717731085091
leaf_weight=20 21 25 39 25 33 22 39 30 20 35 23 48 24 129 21 28 20 33 33 20 32 41 55 31 22 25 90 49 20 45
leaf_count=20 21 25 39 25 33 22 39 30 20 35 23 48 24 129 21 28 20 33 33 20 32 41 55 31 22 25 90 49 20 45
internal_value=1.1951e-11 -0.0119278 0.000509734 0.000268879 -0.00342964 -0.000182014 -0.00753428 -0.00642823 0.000962617 0.000701606 0.00027178 0.00464254 0.000522002 0.000759546 -0.00364208 -0.0068808 0.00123042 0.000632519 -0.000403523 0.000523409 -7.8552e-05 0.000450444 0.00427067 0.00802907 -0.000452793 0.00271261 -0.00197749 -0.000570247 -0.00313305 1.00635e-05
internal_weight=1098 45 1053 1032 163 91 72 52 869 844 761 83 738 714 69 48 645 539 410 377 344 324 106 51 283 92 191 159 110 70
internal_count=1098 45 1053 1032 163 91 72 52 869 844 761 83 738 714 69 48 645 539 410 377 344 324 106 51 283 92 191 159 110 70
is_linear=0
shrinkage=0.05


Tree=63
num_leaves=31
num_cat=0
split_feature=17 10 0 0 17 4 1 14 1 13 13 11 12 6 10 15 4 9 9 15 14 10 4 3 13 17 1 2 4 1
split_gain=2.51351 0.938969 1.78403 0.754485 0.59077 0.896674 0.52571 0.870333 0.793916 0.501448 1.01375 0.668926 1.22534 0.741704 0.666462 0.66197 0.654938 0.662672 0.756443 0.562436 1.14342 0.731475 0.963892 0.758541 0.542619 0.888852 0.467612 0.44743 0.442207 0.415269
threshold=-0.47247665456644111 -0.65299216659259518 -0.90648772614418072 2.7031891007481614 -0.46455645609362967 -0.66576305398872682 -0.85779346972625714 -1.023919461039591 -0.84019056833739691 1.0279863168012007 0.94156675880460317 -0.51063801942270104 -0.72024438654257483 1.0000000180025095e-35 -0.24123041859479757 0.34357815895664373 -0.54813860789816293 -0.43038414818333287 -0.52324494633423824 -0.72807707073719541 0.12646066501841363 -0.37635133454812891 0.15319715191682451 0.3434161443736477 0.14761131615893361 -0.42922899417194932 0.56027786267779844 0.1456614196137149 -0.083685413126672339 0.70402190335988024
decision_type=2 2 2 2 2 2 2 2 2 2 2 2 2 2 2 2 2 2 2 2 2 2 2 2 2 2 2 2 2 2
left_child=-1 -2 -3 4 5 -4 7 -6 -8 10 11 15 -13 14 19 -10 29 18 -18 20 -14 23 -23 -21 25 -19 -22 -24 -12 -16
right_child=1 2 3 -5 6 -7 8 -9 9 -11 28 12 13 -15 16 -17 17 24 -20 21 26 22 27 -25 -26 -27 -28 -29 -30 -31
leaf_value=-0.017563197296112776 0.010795061822448458 -0.013655202368112363 -0.012929284248855852 0.008375164811852678 -0.0025276926858350639 0.0015151484107429332 -0.0067995383857916564 0.01103034219062277 -0.00074659120873548095 0.0043725619867664616 -0.012856307178735732 -0.0096126829093742764 -0.010140848202239041 -0.0074087401286565841 0.012661302508786321 0.010034815284556577 0.0019993813566358417 -0.0022749309354930165 0.011978974043657739 0.0010853429108833761 0.0071473382052499798 -0.0095068194386031899 0.0070587318344041711 0.01121929046210079 -0.0063722256340795497 0.0055464939774537928 -0.0036648347484879197 -0.0035175334638915959 -0.002467871647483359 0.0029060106864199041
leaf_weight=20 21 23 21 29 20 22 39 29 24 76 20 31 41 28 24 35 59 84 28 153 20 36 20 21 29 64 20 20 21 20
leaf_count=20 21 23 21 29 20 22 39 29 24 76 20 31 41 28 24 35 59 84 28 153 20 36 20 21 29 64 20 20 21 20
internal_value=5.74241e-12 0.000325848 0.00011785 0.000424214 0.000194784 -0.00553911 0.00045108 0.00549645 0.000180299 0.000491756 0.000122156 0.000536898 0.000104773 0.000556409 0.000905429 0.00564916 0.00257939 0.00163811 0.0052112 -0.000652217 -0.00427314 0.000520964 -0.00357134 0.00230841 -0.000118153 0.00110731 0.00174125 0.0017706 -0.0075354 0.00822708
internal_weight=1098 1078 1057 1034 1005 43 962 49 913 874 798 757 698 667 639 59 308 264 87 331 81 250 76 174 177 148 40 40 41 44
internal_count=1098 1078 1057 1034 1005 43 962 49 913 874 798 757 698 667 639 59 308 264 87 331 81 250 76 174 177 148 40 40 41 44
is_linear=0
shrinkage=0.05


Tree=64
num_leaves=31
num_cat=0
split_feature=2 4 17 10 11 13 10 13 1 11 9 0 9 16 1 2 12 16 16 10 0 13 1 14 4 2 11 1 11 9
split_gain=2.39629 1.9866 1.35082 0.766088 0.690979 2.65216 1.24423 0.690783 0.676134 1.00651 0.611793 0.513518 0.496547 1.16997 0.377446 0.61078 0.581428 0.861369 1.85614 0.872829 0.815711 0.644155 1.12503 0.737479 0.678302 0.712284 0.65401 0.41508 0.795522 0.816139
threshold=-1.0608749378406619 -1.4783519357310393 -0.47209146841674438 -0.50309481553844193 -0.64405080142199755 0.93579780807709823 -0.5907332956866217 -1.082318035202444 -0.85779346972625714 -0.62527521722612744 1.9581742557187287 3.1067190482960809 -0.45622384873366945 0.25806907058383227 -0.80904188152328949 -0.43078912810344522 -0.53355580586033169 -0.70694626697336538 -0.55144703471582568 0.50590694532102609 -0.34921061422325467 0.46356216523080912 -0.41654142357604756 -0.67046334394992779 -0.80527871643503468 0.66967621596302396 -0.3634223260950023 0.51322559191447648 0.078954368275657841 0.12153785781948294
decision_type=2 2 2 2 2 2 2 2 2 2 2 2 2 2 2 2 2 2 2 2 2 2 2 2 2 2 2 2 2 2
left_child=1 -1 -2 4 -4 6 -6 -8 -5 -10 11 14 -9 -14 15 -11 17 19 -19 20 -16 22 -18 -23 -24 27 -25 28 29 -26
right_child=2 -3 3 8 5 -7 7 12 9 10 -12 -13 13 -15 16 -17 21 18 -20 -21 -22 23 24 26 25 -27 -28 -29 -30 -31
leaf_value=-0.00031758866018869662 0.013358635213226082 -0.021118742037409297 0.0054102598086253487 0.0099259979361750097 0.0098356247569123915 -0.020094108429144733 -0.011859649345278741 0.0047382014115219528 -0.0088736995433767642 -0.00059965376742184169 -0.0064627344806299173 0.0091010371968150133 -0.010008119063123185 0.0040817463161567083 -0.0046843068304889164 0.011609335704928354 -0.0085389908123761418 -0.019055675468407571 -0.00032066776512716064 -0.0082396994142428705 0.005120465820846797 -0.00086737491475450334 0.0090009979604344283 0.013963691070675849 -0.0019976099474694245 0.0057799976799287837 0.0030137226982042196 0.0021852911918256012 -0.0071888021314921585 0.0060596960744905204
leaf_weight=22 20 24 22 20 21 22 20 23 27 20 27 20 34 26 29 21 30 20 39 23 79 29 28 30 110 64 25 133 46 44
leaf_count=22 20 24 22 20 21 22 20 23 27 20 27 20 34 26 29 21 30 20 39 23 79 29 28 30 110 64 25 133 46 44
internal_value=-1.92921e-11 -0.0111704 0.000488438 0.000239016 -0.00285037 -0.00409512 -0.00125659 -0.00351811 0.000839729 0.000624414 0.000938305 0.00119125 -0.0015081 -0.00390251 0.000985803 0.00565373 0.000723272 -0.00165506 -0.00667152 0.000604266 0.0024877 0.00156164 0.000818959 0.00558452 0.00147952 0.000949038 0.00898643 2.05657e-05 -0.00141898 0.000304477
internal_weight=1098 46 1052 1032 168 146 124 103 864 844 817 790 83 60 770 41 729 190 59 131 108 539 455 84 425 397 55 333 200 154
internal_count=1098 46 1052 1032 168 146 124 103 864 844 817 790 83 60 770 41 729 190 59 131 108 539 455 84 425 397 55 333 200 154
is_linear=0
shrinkage=0.05


Tree=65
num_leaves=31
num_cat=0
split_feature=17 10 0 4 15 12 14 0 13 3 3 4 17 4 12 17 13 17 17 11 15 4 16 12 12 17 16 0 0 15
split_gain=2.36211 0.88921 1.49854 0.673785 1.01009 1.13109 0.897659 1.06348 0.686057 0.466276 0.497717 0.531806 0.737515 0.627891 0.486287 0.895695 0.475523 0.508357 1.21567 0.703047 0.6375 0.48291 0.418167 0.388212 0.37954 0.534123 0.515224 0.378128 0.895229 0.527776
threshold=-0.47247665456644111 -0.65299216659259518 -0.90648772614418072 -1.1828205149284974 -1.577731295477349 -0.91112017630238518 -0.9981796187426214 -0.80120924262190218 1.1499380107746695 2.5018187191470145 1.8711255881094189 0.81924557790464292 -0.17498629848290173 1.0255784604218405 1.5081036643690451 -0.44835224755956532 1.1072827030120489 -0.23962220799899367 -0.14163115156945069 -0.50706212616051827 -0.12670339179865095 0.74376989166319774 0.58144759933475865 -0.11753203952847922 -0.6613405352424101 -0.40685026151593673 -0.17686319197320186 -0.74687923292410963 -0.69322553040097845 0.89835148929857855
decision_type=2 2 2 2 2 2 2 2 2 2 2 2 2 2 2 2 2 2 2 2 2 2 2 2 2 2 2 2 2 2
left_child=-1 -2 -3 -4 5 -5 -6 -8 9 10 11 14 13 -13 16 -16 17 19 -19 -9 -20 24 23 -15 -21 27 -27 -26 -29 -30
right_child=1 2 3 4 6 -7 7 8 -10 -11 -12 12 -14 22 15 -17 -18 18 20 21 -22 -23 -24 -25 25 26 -28 28 29 -31
leaf_value=-0.017026008116081359 0.010503922172245526 -0.012509539010732072 0.0069286921956135256 0.0011065702885389328 0.0091971863960397648 -0.012999720573425294 -0.01012415110259705 0.0094605262205004689 -0.0083869961755616337 0.0077832392730709651 -0.0072258636355400085 0.0087330929934978496 0.011292775770506034 0.00087539986042039749 -0.0019791326912430426 0.011415869559949408 0.0074607804138213402 -0.011321269403047422 -0.0051098105774144646 -0.006343133492572677 0.0043584767365246078 -0.0073424037789333284 0.0040541356301868553 -0.0088581561297178275 0.0062862877361476418 0.0019140840993564136 0.010659929883799383 -0.010786883883355629 -0.0013816700719610749 0.0031902753582743436
leaf_weight=20 21 23 38 27 29 30 24 20 21 23 20 24 26 21 24 26 20 34 32 21 40 22 28 20 20 85 21 21 230 87
leaf_count=20 21 23 38 27 29 30 24 20 21 23 20 24 26 21 24 26 20 34 32 21 40 22 28 20 20 85 21 21 230 87
internal_value=3.84672e-12 0.000315881 0.00011347 0.000394253 0.000144947 -0.00631779 0.000537254 0.000261278 0.000542599 0.000759386 0.000567523 0.000757144 0.00384826 0.00176699 0.000233897 0.00498627 -0.000129991 -0.000369825 -0.00352923 0.000265652 0.000150349 -9.7065e-05 -0.000655999 -0.00387268 0.000231589 0.000529152 0.00364675 -0.000393936 -0.000789215 -0.000126909
internal_weight=1098 1078 1057 1034 996 57 939 910 886 865 842 822 119 93 703 50 653 633 106 527 72 507 69 41 485 464 106 358 338 317
internal_count=1098 1078 1057 1034 996 57 939 910 886 865 842 822 119 93 703 50 653 633 106 527 72 507 69 41 485 464 106 358 338 317
is_linear=0
shrinkage=0.05


Tree=66
num_leaves=31
num_cat=0
split_feature=4 1 4 2 17 13 17 15 17 17 11 2 2 4 6 4 2 11 10 3 2 10 0 4 10 4 14 15 2 4
split_gain=2.26914 3.78336 1.35085 0.952899 0.627644 2.24598 0.760733 0.710679 0.805901 0.679118 0.669 0.486755 0.685455 0.435452 1.14146 0.992698 0.717805 0.645348 0.628957 0.481914 0.630265 0.573249 0.593089 0.836027 0.609936 0.743061 0.46085 0.413641 0.596433 0.405394
threshold=-1.3136777112042497 -0.84019056833739691 -1.1828205149284974 -0.98393489743489371 -0.14163115156945069 0.91790261430560882 -0.0631684822684275 -1.577731295477349 -0.46838640468606579 -0.46455645609362967 -0.52215237052203345 1.0081095785496446 0.15817060212957476 -0.56251492908700962 1.0000000180025095e-35 -0.36598408374402575 -0.38897761394084501 -0.037619790795356524 -0.43289129228746609 0.67539002222264077 0.74353180040597755 -0.38117376943458953 -0.29172450437704273 0.0278944433731265 -0.13952650336110731 0.076414527385484141 0.67108752376766978 -0.29202003829547646 -0.90528127038311712 0.6694377764254108
decision_type=2 2 2 2 2 2 2 2 2 2 2 2 2 2 2 2 2 2 2 2 2 2 2 2 2 2 2 2 2 2
left_child=1 -1 -2 -4 5 7 -6 -5 -9 -10 11 12 27 17 15 16 -15 18 -11 20 21 -17 23 -23 29 26 -26 28 -8 -24
right_child=2 -3 3 4 6 -7 10 8 9 13 -12 -13 -14 14 -16 19 -18 -19 -20 -21 -22 22 24 -25 25 -27 -28 -29 -30 -31
leaf_value=0.0044956267406435118 0.01095344219201555 -0.023100477512235998 -0.0076885399031075274 -0.0087726474739611149 0.011782052578531545 -0.016276329458646831 0.0087221969943493596 0.0090344596654176722 -0.008217759612623764 0.004071670842490026 -0.0066889702901244165 0.0092680018527272097 -0.0056607225746847694 -0.012190523729659617 -0.011450593880865546 0.0031326195304174683 -0.00088304730597883469 0.0080084721004176473 -0.006873710462380023 0.0035784669008783322 -0.0082507882533328879 0.0013825249301589793 0.0062449320380647596 -0.011482847057881633 0.0074302453966811309 -0.0079476103821070881 -0.0023048254661262035 0.0082868512137793011 -0.0014942449755035343 -0.0019861896256250992
leaf_weight=23 30 27 37 21 22 21 20 27 23 35 20 26 25 25 21 141 32 45 21 143 21 23 52 28 20 35 31 32 50 21
leaf_count=23 30 27 37 21 22 21 20 27 23 35 20 26 25 25 21 141 32 45 21 143 21 23 52 28 20 35 31 32 50 21
internal_value=-1.06499e-11 -0.0104063 0.000496482 0.00018832 0.000485409 -0.00014453 0.00302455 0.000298304 0.000554339 0.000235004 0.00191088 0.00303504 0.001759 0.000515138 -1.74657e-06 0.000418578 -0.00584247 0.00354992 -3.28471e-05 0.00111155 0.000163244 0.000666647 -0.000989077 -0.00568082 0.00051582 -0.00233734 0.00151285 0.00357756 0.00142474 0.00387708
internal_weight=1098 50 1048 1018 981 786 195 765 744 717 173 153 127 694 593 572 57 101 56 515 372 351 210 51 159 86 51 102 70 73
internal_count=1098 50 1048 1018 981 786 195 765 744 717 173 153 127 694 593 572 57 101 56 515 372 351 210 51 159 86 51 102 70 73
is_linear=0
shrinkage=0.05


Tree=67
num_leaves=31
num_cat=0
split_feature=3 17 17 10 2 14 13 16 4 2 2 14 14 0 9 0 6 17 1 1 2 4 11 13 8 4 0 9 12 17
split_gain=2.188 1.40754 1.21249 0.775383 0.992522 1.1458 1.58939 1.11579 1.07842 0.601913 0.441212 0.391221 0.99007 0.410652 0.533619 0.4691 0.421873 0.45234 0.723749 0.807024 0.750988 0.68052 0.599783 0.46082 0.467173 0.75462 0.577686 0.675493 0.631248 1.11939
threshold=-1.3518828708003736 0.82364852650742848 -0.47209146841674438 -0.50933925045552553 -0.13502407300242908 0.20530551010159251 0.29671584040136884 -0.89384164485378326 -0.61136174767184104 -1.0171784783674527 2.9525163457751549 -0.9981796187426214 -0.91686049771006572 -0.63821921352852462 1.9581742557187287 -0.54804492357368217 1.0000000180025095e-35 -0.44030279810724465 0.44063753870290362 0.76029485554757492 -0.021070561042883476 -0.078130925394617926 -0.063133822956167054 -1.1126535583390347 0.92316172609853531 -0.034348492683130248 1.3492221370762023 -0.43443841862764465 -0.50511495092289438 -0.15188305133590738
decision_type=2 2 2 2 2 2 2 2 2 2 2 2 2 2 2 2 2 2 2 2 2 2 2 2 2 2 2 2 2 2
left_child=1 -1 -2 4 5 6 8 -8 -4 -5 11 -11 -13 -14 15 -15 17 18 20 -20 22 -21 -17 -19 26 -26 27 28 29 -25
right_child=2 -3 3 9 -6 -7 7 -9 -10 10 -12 12 13 14 -16 16 -18 23 19 21 -22 -23 -24 24 25 -27 -28 -29 -30 -31
leaf_value=-0.020683580418117346 0.012355352909348551 -0.002887622930109501 0.016441939695782604 0.008285459260850286 -0.011765202046027063 -0.010331532462603515 0.0019862354540362442 -0.012588285376356603 0.0010722937723621727 0.0068169322188781668 0.0079015737469308091 -0.0090341988418783468 -0.0046066650718047811 0.0070460812154886955 -0.0067073539304344553 -0.0035753608182338735 -0.0056176349213346846 0.0085305053779544931 0.0079532257859682431 -0.0059128650850275672 0.0018109846860170364 0.0034400057274143435 -0.015673942559078568 -0.0051953674866429848 0.012892071923918344 0.0015067505628563638 -0.0057654538477260259 -0.0013422301197149663 0.0065425404534879619 0.0041243745313425152
leaf_weight=20 21 25 21 26 27 27 29 24 25 23 20 28 37 31 23 21 25 24 32 41 23 37 20 48 22 43 31 144 82 98
leaf_count=20 21 25 21 26 27 27 29 24 25 23 20 28 37 31 23 21 25 24 32 41 23 37 20 48 22 43 31 144 82 98
internal_value=-9.51838e-12 -0.0107969 0.000461408 0.00021938 -0.00306563 -0.00120144 0.00128859 -0.00461355 0.00808887 0.000791174 0.000562743 0.00038654 0.000203949 0.000534727 0.000790071 0.00102891 0.000758963 0.000998325 -0.00119283 0.00126687 -0.00542045 -0.00147625 -0.00947711 0.00177325 0.00142672 0.00536024 0.000792281 0.00133876 0.00303201 0.00106035
internal_weight=1098 45 1053 1032 153 126 99 53 46 879 853 833 810 782 745 722 691 666 174 110 64 78 41 492 468 65 403 372 228 146
internal_count=1098 45 1053 1032 153 126 99 53 46 879 853 833 810 782 745 722 691 666 174 110 64 78 41 492 468 65 403 372 228 146
is_linear=0
shrinkage=0.05


Tree=68
num_leaves=31
num_cat=0
split_feature=17 1 3 0 9 4 17 9 2 2 16 2 8 4 9 4 3 0 10 4 15 4 15 16 4 4 9 1 13 13
split_gain=2.18016 0.837474 2.29675 0.785374 1.25134 1.52949 0.625772 0.535114 0.520186 0.543366 0.450476 0.373251 0.333069 0.488509 0.570481 0.455942 0.687356 0.52417 0.610784 0.460548 0.502653 0.66952 0.511017 0.95544 0.578303 0.421355 0.418106 0.375235 0.323414 1.08463
threshold=-0.47247665456644111 -0.86782046678797109 -1.3047769222711114 -0.68758963727880074 -0.12393044889798081 -0.66576305398872682 -0.45588371349728046 1.9581742557187287 -0.98393489743489371 -0.90528127038311712 -1.0356929581578589 2.9525163457751549 0.92316172609853531 0.141598074594005 0.88669161048776857 1.3444714031562583 1.5352023658515328 0.84717677775261702 0.57045338149365388 0.81924557790464292 1.1137826090402827 -0.0023285045806989593 0.84594519563091564 -0.36562228262881502 0.6694377764254108 0.44235724855612751 -0.41006081466311733 0.37736464051877 -0.99395626425523287 -0.61979952969620122
decision_type=2 2 2 2 2 2 2 2 2 2 2 2 2 2 2 2 2 2 2 2 2 2 2 2 2 2 2 2 2 2
left_child=-1 -2 10 4 5 -4 -6 8 -5 -10 -3 12 15 14 -14 16 17 18 19 20 22 -22 24 -24 25 28 -21 -19 -11 -30
right_child=1 2 3 7 6 -7 -8 -9 9 11 -12 -13 13 -15 -16 -17 -18 27 -20 26 21 -23 23 -25 -26 -27 -28 -29 29 -31
leaf_value=-0.016357141439802946 -0.0098327028565108783 0.017553626075387001 -0.01487244582784019 -0.0070002718296434206 0.0073385778883541079 0.0003747365501677168 -0.0041696169679718356 -0.0055325272439845979 0.0087212004719979374 0.0025333453999844061 0.006941419756039977 0.0075064950529485953 0.012150947060668842 0.00027493860600798421 0.0013586741876982465 0.0043412143281117707 -0.0093411986902356154 -0.0093930808759372063 0.0088549375489708933 0.0095189715852029635 0.0080475967114743523 -0.0014082153379503224 -0.01005644757782974 0.0016007338141207585 -0.0074877239018678668 0.0056713049585917314 -0.00026958761503919959 -0.00011992923449724914 -0.010784025812776796 0.00010117736559102789
leaf_weight=20 20 20 38 21 27 29 21 35 22 79 20 20 25 66 24 60 20 24 21 24 39 36 39 32 25 34 20 20 26 191
leaf_count=20 20 20 38 21 27 29 21 35 22 79 20 20 25 66 24 60 20 24 21 24 39 36 39 32 25 34 20 20 26 191
internal_value=-2.34645e-11 0.000303472 0.000495082 3.32966e-05 -0.00385831 -0.00827292 0.00230374 0.000528906 0.000773318 0.000966052 0.0122475 0.000759248 0.000591615 0.00308285 0.00686494 0.000176409 -0.00022024 7.88083e-05 0.000487466 0.000165049 -0.000265692 0.00350881 -0.000930216 -0.00480251 -0.000155758 0.000399694 0.00506963 -0.00517801 -0.000205829 -0.00120304
internal_weight=1098 1078 1058 1018 115 67 48 903 868 847 40 825 805 115 49 690 630 610 566 545 501 75 426 71 355 330 44 44 296 217
internal_count=1098 1078 1058 1018 115 67 48 903 868 847 40 825 805 115 49 690 630 610 566 545 501 75 426 71 355 330 44 44 296 217
is_linear=0
shrinkage=0.05


Tree=69
num_leaves=31
num_cat=0
split_feature=3 17 17 10 2 14 13 14 4 10 14 1 11 3 3 1 17 11 2 2 2 17 16 17 4 9 16 1 8 12
split_gain=2.022 1.30305 1.2205 0.646881 0.896511 1.03327 1.37716 1.01605 0.979654 0.563607 0.738339 0.392978 1.04716 0.40909 0.631637 0.737374 0.348814 0.51416 0.45569 0.303091 0.924503 0.633775 1.45497 0.538008 0.472746 0.410377 0.600172 0.461904 0.376622 0.372815
threshold=-1.3518828708003736 0.82364852650742848 -0.47209146841674438 -0.50933925045552553 -0.13502407300242908 0.20530551010159251 0.29671584040136884 -0.9981796187426214 -0.61136174767184104 3.0877025661378483 2.1387279507555466 -0.85779346972625714 -0.62527521722612744 -1.0225418892239759 -0.78987399035222505 -0.81192630127026411 0.10648585867763498 -0.57293530025818973 2.2910719004159881 -0.59820654341844681 -0.53634606549755059 -0.25598543343091879 -0.6567406798790566 -0.43507082946502967 -0.17598792985051764 -0.43443841862764465 -0.69942899429336236 -0.27616057039623582 1.0000000180025095e-35 -0.4371950593771376
decision_type=2 2 2 2 2 2 2 2 2 2 2 2 2 2 2 2 2 2 2 2 2 2 2 2 2 2 2 2 2 2
left_child=1 -1 -2 4 5 6 8 -8 -4 10 11 -5 -13 -14 -15 -16 18 -18 19 23 -21 25 24 28 -23 26 -22 29 -17 -28
right_child=2 -3 3 9 -6 -7 7 -9 -10 -11 -12 12 13 14 15 16 17 -19 -20 20 21 22 -24 -25 -26 -27 27 -29 -30 -31
leaf_value=-0.019891860364004973 0.012376727842326676 -0.0027692081928253173 0.015627935304794283 0.0072336048839370844 -0.011067845630976889 -0.0096981607187815299 0.004388450396557649 -0.0097655931254848841 0.00097901096753776084 0.0090204649697989223 -0.0077674953710251994 -0.0088949705008417364 0.0071126368328875214 -0.0070811560153961192 0.0094400939866900457 -0.0047398628853261475 0.001836161958053708 -0.0095013810857199135 0.0072177851805463435 -0.0090829949364997446 -0.0039565370930358763 -0.0060647056041662362 -0.014954741843976081 0.0091736648763929094 0.0028239072475116701 0.00059629156528932814 0.0037885392882994248 0.0022324897021599958 0.0047404188324104658 0.012474777543296418
leaf_weight=20 21 25 21 23 27 27 21 32 25 20 26 28 26 25 25 20 20 20 28 25 20 21 20 28 52 326 21 53 22 30
leaf_count=20 21 25 21 23 27 27 21 32 25 20 26 28 26 25 25 20 20 20 28 25 20 21 20 28 52 326 21 53 22 30
internal_value=-1.30278e-12 -0.0103793 0.000443559 0.000200733 -0.00279975 -0.00102802 0.00133657 -0.00415739 0.00766656 0.000723001 0.000529812 0.000788792 0.000605791 0.000945972 0.00073389 0.00100116 0.000702334 -0.00383261 0.000974703 0.000700712 0.000318133 0.000750966 -0.00300656 0.00380507 0.000266909 0.00152752 0.00397576 0.0055012 0.000225999 0.00889809
internal_weight=1098 45 1053 1032 153 126 99 53 46 879 859 833 810 782 756 731 706 40 666 638 568 543 93 70 73 450 124 104 42 51
internal_count=1098 45 1053 1032 153 126 99 53 46 879 859 833 810 782 756 731 706 40 666 638 568 543 93 70 73 450 124 104 42 51
is_linear=0
shrinkage=0.05


Tree=70
num_leaves=31
num_cat=0
split_feature=17 10 0 4 15 1 14 0 1 1 17 17 17 0 12 1 14 4 17 10 2 3 15 10 4 11 14 14 12 15
split_gain=2.04331 0.900949 1.27569 0.660289 0.818362 0.993448 0.747267 0.898605 0.570527 0.424206 0.464651 0.643032 0.692775 0.609891 0.667997 0.52971 0.447107 0.428831 0.388189 0.319416 0.544899 0.690352 0.586943 0.536179 0.514603 0.496949 0.636505 0.826438 0.703191 0.886141
threshold=-0.47247665456644111 -0.65299216659259518 -0.90648772614418072 -1.1828205149284974 -1.577731295477349 -0.85032416181993364 -0.9981796187426214 -0.8095503644427251 -0.84019056833739691 -0.81192630127026411 0.10648585867763498 -0.14163115156945069 -0.26281173519908269 0.37736872708788793 -0.61847705768837813 -0.57569668753536474 -0.7213769556058417 1.1118363875549209 -0.0631684822684275 -0.24123041859479757 0.25910085557945806 0.38142142969980825 0.89835148929857855 -0.5265887290878658 -0.62312419228089744 0.10787451988090772 0.066192019131501814 -0.39606951728904805 0.15265154663494085 -0.48789429042942306
decision_type=2 2 2 2 2 2 2 2 2 2 2 2 2 2 2 2 2 2 2 2 2 2 2 2 2 2 2 2 2 2
left_child=-1 -2 -3 -4 5 -5 -6 -8 -9 -10 11 12 15 14 -14 16 -11 -12 -13 20 22 -22 25 -24 -21 26 27 -17 -28 -30
right_child=1 2 3 4 6 -7 7 8 9 10 17 18 13 -15 -16 19 -18 -19 -20 24 21 -23 23 -25 -26 -27 28 -29 29 -31
leaf_value=-0.015835435618646445 0.010548859639536768 -0.011556617255606083 0.0068177806161417581 0.0010029634311130005 0.0083567055199166834 -0.012200928144638652 -0.010277626919560134 -0.006338834557682276 0.0072296130781372391 0.00097785683115944274 -0.0099480413587298248 0.010957118335433981 -0.013295530278235674 0.0023113939322435976 -0.0010358640161575751 0.0041804752305545142 0.011423685330720176 0.00040607648901641369 0.0027241116684929628 0.0076701030746335165 -0.011500637941450502 -0.00012342246559758982 -0.00097868142277002333 0.0085529770824602277 0.00094044155247045662 -0.0055184021245741344 -0.0028237843644563802 -0.005462798726854518 0.014427176132322412 0.0011818241365420233
leaf_weight=20 21 23 38 28 29 29 20 30 24 20 20 22 25 22 20 33 21 20 41 32 24 30 25 36 253 46 27 68 23 28
leaf_count=20 21 23 38 28 29 29 20 30 24 20 20 22 25 22 20 33 21 20 41 32 24 30 25 36 253 46 27 68 23 28
internal_value=-5.49209e-12 0.000293793 9.00498e-05 0.000349115 0.000102318 -0.00571481 0.000455435 0.000203636 0.00043917 0.000675612 0.000487459 0.000751702 0.000335075 -0.00451127 -0.00784679 0.000822619 0.00632816 -0.00477098 0.00559913 0.000461456 -0.000573427 -0.00517996 0.000296339 0.00464656 0.00169605 -0.000883054 0.000308153 -0.00231203 0.00370095 0.00715522
internal_weight=1098 1078 1057 1034 996 57 939 910 890 860 836 796 733 67 45 666 41 40 63 625 340 54 286 61 285 225 179 101 78 51
internal_count=1098 1078 1057 1034 996 57 939 910 890 860 836 796 733 67 45 666 41 40 63 625 340 54 286 61 285 225 179 101 78 51
is_linear=0
shrinkage=0.05


Tree=71
num_leaves=31
num_cat=0
split_feature=2 4 17 10 4 2 11 1 1 17 6 15 16 17 11 12 4 15 15 16 9 11 9 12 11 14 14 4 3 15
split_gain=1.87027 2.18687 1.24066 0.657981 0.76217 1.00347 0.518061 1.00404 0.812498 0.60742 0.562004 0.608919 0.43338 0.554126 0.411311 0.542183 0.630761 0.781552 0.919272 0.405947 0.639941 0.706125 0.389686 1.03513 1.19731 1.00429 0.831561 0.790356 0.875883 0.617558
threshold=-1.0720132510397153 -1.4783519357310393 -0.47209146841674438 -0.6162674701495483 -1.1828205149284974 -0.98393489743489371 -0.51063801942270104 -0.60779941806242543 -0.6677442157396557 -0.18840809643283293 1.0000000180025095e-35 -1.5085183187092697 -0.73786286065219209 -0.4108854144412451 -0.53130335626580316 -0.70113953413335373 -0.67360468372809779 -0.29202003829547646 -1.2570292243157624 0.045772535491718933 -0.29866089409197311 -0.10658298756728023 -0.12393044889798081 0.2437514655641865 -0.055348292909775498 -0.21097973010512011 0.76792893739848556 -0.25963198040380753 0.029471882304384366 -0.090187053062291175
decision_type=2 2 2 2 2 2 2 2 2 2 2 2 2 2 2 2 2 2 2 2 2 2 2 2 2 2 2 2 2 2
left_child=1 -1 -2 -4 -5 -6 14 8 -8 10 11 -9 -13 22 15 16 -7 18 -18 20 -15 -22 23 -14 25 -25 27 -24 29 -29
right_child=2 -3 3 4 5 6 7 9 -10 -11 -12 12 13 19 -16 -17 17 -19 -20 -21 21 -23 26 24 -26 -27 -28 28 -30 -31
leaf_value=0.00079152679869106844 0.012438172691534939 -0.022310425247997048 -0.0081999963918781803 0.0083413539763443692 -0.0092128864905264753 0.0090916243518757486 -0.00044324681739849243 -0.0080893506606419877 -0.01346495494991541 0.0082413854378619762 -0.0068306860064381155 -0.0064936377374189246 0.0027580051637086712 0.0045233514358794004 0.0093944350071251403 -0.0040813664196321046 0.0051369543895935232 0.0051719736557446815 -0.00759229983700238 0.0089954793095015553 -0.009119459688240154 0.0032819974459319689 0.0073280054176799378 -0.0026395043334923687 0.00071895088916883263 -0.017422159367965328 -0.0028544333021272906 0.0020731465972494332 0.0038653077321828574 -0.0093475556386442022
leaf_weight=21 21 20 23 29 28 34 23 21 25 23 29 21 61 96 20 32 23 66 37 26 22 24 65 20 39 27 96 20 77 29
leaf_count=21 21 20 23 29 28 34 23 21 25 23 29 21 61 96 20 32 23 66 37 26 22 24 65 20 39 27 96 20 77 29
internal_value=2.59761e-13 -0.0104777 0.00040642 0.000162534 0.000352403 0.000116957 0.000390216 -0.000231101 -0.00722539 0.000251264 -2.18014e-05 0.00028481 0.000567085 0.000813389 0.00257069 0.00185988 0.00304813 0.00141734 -0.00271275 0.00325157 0.00219987 -0.00264913 -0.000130423 -0.00222388 -0.00575755 -0.0111317 0.000941837 0.00284991 0.000539782 -0.00468604
internal_weight=1098 41 1057 1036 1013 984 956 744 48 696 673 644 623 602 212 192 160 126 60 168 142 46 434 147 86 47 287 191 126 49
internal_count=1098 41 1057 1036 1013 984 956 744 48 696 673 644 623 602 212 192 160 126 60 168 142 46 434 147 86 47 287 191 126 49
is_linear=0
shrinkage=0.05


Tree=72
num_leaves=31
num_cat=0
split_feature=17 2 0 4 15 12 14 0 12 4 3 4 4 9 12 3 4 4 12 12 12 17 17 9 1 11 17 11 12 1
split_gain=1.94092 0.886176 1.0513 0.513203 0.755031 1.02708 0.664382 0.785294 0.515064 0.304764 0.499379 0.358067 0.710725 0.558832 0.395589 0.76198 0.362833 0.256876 0.302606 0.37989 0.467338 0.494396 0.732435 0.289802 0.770589 0.663162 0.673004 0.635628 0.613422 0.581692
threshold=-0.47247665456644111 -1.0853792268785794 -0.90648772614418072 -1.1828205149284974 -1.577731295477349 -0.91112017630238518 -0.9981796187426214 -0.8095503644427251 -1.0873315363442486 2.1550998774637287 1.595930690747702 0.81924557790464292 1.5403487793542947 0.042467442928963109 1.5081036643690451 -0.22929603179135657 0.74376989166319774 0.62124442698552695 -1.0154122959890317 -0.94789075413556556 -0.88655434404907274 -0.22226187472439429 -0.12193049032057872 -0.48034742312063489 0.22917517014981312 -0.10110303286476101 -0.41013789387613969 -0.016489705659728644 0.69776146557608199 0.51322559191447648
decision_type=2 2 2 2 2 2 2 2 2 2 2 2 2 2 2 2 2 2 2 2 2 2 2 2 2 2 2 2 2 2
left_child=-1 -2 -3 -4 5 -5 -6 -8 -9 10 11 14 13 -13 16 -16 17 18 -10 -20 -21 23 -23 24 -22 28 27 -27 -25 -29
right_child=1 2 3 4 6 -7 7 8 9 -11 -12 12 -14 -15 15 -17 -18 -19 19 20 21 22 -24 25 -26 26 -28 29 -30 -31
leaf_value=-0.015433596153743566 0.0089083623911800063 -0.010766840120777488 0.0065122025349410254 0.0014569090450768946 0.0078657618499007719 -0.012094534782628561 -0.0096200433606281888 -0.006535549784222475 0.0060232140729203822 0.0062854255083948374 -0.005149152997489039 0.0083046904626188061 -0.0047380692347706787 -0.00066154255345463758 -0.0015750845819711688 0.010769792328588665 -0.0063294772524386646 0.0047179985387871669 -0.0061388859238762127 0.0068694583062703417 0.0048613621100185465 -0.012088604856814657 -0.00027710629227970326 -0.0015114675203221851 -0.0056909154338592831 0.0072645961273727676 0.0086237549158145813 -0.0062117201288063558 -0.010074356647208333 0.00081013187699689531
leaf_weight=20 29 22 32 27 29 29 20 26 20 23 38 57 21 25 25 25 22 30 26 24 81 21 35 128 22 28 28 39 25 121
leaf_count=20 29 22 32 27 29 29 20 26 20 23 38 57 21 25 25 25 22 30 26 24 81 21 35 128 22 28 28 39 25 121
internal_value=-2.51226e-11 0.000286338 4.79784e-05 0.000279649 7.92054e-05 -0.0055608 0.000415564 0.00017814 0.000398324 0.000606982 0.000451686 0.000716732 0.00346922 0.00557108 0.000311723 0.00459735 -1.79409e-05 0.000203164 -2.33328e-05 -0.000232556 4.56408e-05 -0.000264533 -0.00470642 0.000262471 0.00260748 -0.000392098 0.00139186 0.000314774 -0.00291063 -0.000901445
internal_weight=1098 1078 1049 1027 995 56 939 910 890 864 841 803 103 82 700 50 650 628 598 578 552 528 56 472 103 369 216 188 153 160
internal_count=1098 1078 1049 1027 995 56 939 910 890 864 841 803 103 82 700 50 650 628 598 578 552 528 56 472 103 369 216 188 153 160
is_linear=0
shrinkage=0.05


Tree=73
num_leaves=31
num_cat=0
split_feature=4 1 4 2 17 0 15 9 2 2 3 4 13 13 12 3 12 4 1 2 2 11 14 4 15 11 4 17 14 8
split_gain=1.83928 3.419 1.16201 0.680011 0.574416 0.884777 1.21304 1.07034 0.546174 0.315777 0.311958 0.356365 0.687425 0.732294 0.438982 1.13895 1.06261 0.704815 0.419913 0.408134 0.505438 0.336415 0.306063 0.558685 0.467534 0.395585 0.76448 0.387095 0.637533 0.667792
threshold=-1.3136777112042497 -0.84019056833739691 -1.1828205149284974 -0.98393489743489371 -0.46838640468606579 -0.68758963727880074 -0.24190556505059774 -0.20053895549214068 -0.90528127038311712 2.9525163457751549 1.8711255881094189 0.81924557790464292 0.54382305736669345 0.14761131615893361 0.95253311268087593 -0.42035272218100111 0.69776146557608199 -0.17598792985051764 -0.62638915473011714 1.492883240705366 0.88884394798747335 -0.092358674914058067 -0.93173313373964495 -0.012947378186097092 0.98956594212538518 -0.56544395983020845 -0.12093315438868425 -0.45030509576984251 -0.21821351502696715 -0.28835011683715206
decision_type=2 2 2 2 2 2 2 2 2 2 2 2 2 2 2 2 2 2 2 2 2 2 2 2 2 2 2 2 2 2
left_child=1 -1 -2 -4 -5 6 -6 -8 -7 10 11 14 13 -13 16 -16 19 -17 -14 20 22 -19 -10 24 25 -24 -27 -25 -29 -30
right_child=2 -3 3 4 5 8 7 -9 9 -11 -12 12 18 -15 15 17 -18 21 -20 -21 -22 -23 23 27 -26 26 -28 28 29 -31
leaf_value=0.0047972665856713843 0.010145572802672784 -0.021436377542300357 -0.0064928992066179986 0.0072242058576860784 -0.013870846228208392 0.0084700832863084299 0.0062539431571575071 -0.0065753497686740527 -0.0044888938828888869 0.0066964461375027904 -0.0051618869774974884 0.0028833547575843775 0.0036322093731723723 -0.0082890619616955517 -0.0073972414779875963 0.013814433643128725 -0.0088148930834399328 0.008069894387418489 0.012850802744339621 -0.0059230663028925108 0.0060115018406429813 0.00043748060152644201 0.0057996059220065087 0.0037584809453359673 0.0067364644791398729 -0.0016674288005698616 0.0078681231103837485 0.00023743847333308724 -0.013570051245568766 -0.0030621778972326191
leaf_weight=23 30 27 37 30 25 22 29 37 36 20 25 55 30 20 21 20 36 22 21 27 37 42 34 28 42 132 25 90 21 54
leaf_count=23 30 27 37 30 25 22 29 37 36 20 25 55 30 20 21 20 36 22 21 27 37 42 34 28 42 132 25 90 21 54
internal_value=1.46129e-11 -0.0093689 0.00044699 0.000161177 0.000412146 0.000197254 -0.00449115 -0.000938236 0.000693353 0.000489191 0.000337424 0.000510795 0.0029495 -9.59564e-05 5.01106e-05 0.0030177 -0.000504332 0.00562143 0.0074281 6.44514e-05 0.000388425 0.00306112 -6.19077e-05 0.000312204 0.00196017 0.00090989 -0.000149029 -0.00167731 -0.00259975 -0.00600438
internal_weight=1098 50 1048 1018 981 951 91 66 860 838 818 793 126 75 667 105 562 84 51 526 499 64 462 426 233 191 157 193 165 75
internal_count=1098 50 1048 1018 981 951 91 66 860 838 818 793 126 75 667 105 562 84 51 526 499 64 462 426 233 191 157 193 165 75
is_linear=0
shrinkage=0.05


Tree=74
num_leaves=31
num_cat=0
split_feature=17 2 0 4 4 17 2 13 15 17 9 4 15 13 4 10 10 6 2 3 11 11 1 1 2 3 3 3 13 0
split_gain=1.74052 0.802699 0.931681 0.487608 0.718987 0.457198 0.801888 0.995618 0.444814 0.870689 1.10479 0.730283 1.37833 1.177 0.950307 0.707587 1.11902 0.682842 0.717713 0.467257 0.440707 0.563601 0.421806 0.71142 0.59246 0.530885 0.686172 0.449084 0.389433 0.385564
threshold=-0.47247665456644111 -1.0853792268785794 -0.90648772614418072 -1.1828205149284974 -1.0539237260875878 -0.46094231768575705 -0.44758227723432559 -1.4047943757576669 -0.90286657498152845 2.0669653657063365 -0.05059805358455282 -0.56251492908700962 0.4774204716472345 0.61959178276757321 -0.47462332909156052 -0.41415798753621497 -0.15856893855379825 1.0000000180025095e-35 -0.62819430972359036 0.66451501587931172 -0.57492224248679535 -0.53130335626580316 0.22917517014981312 0.46644518908061672 0.56274840925211211 -0.26266513020272947 -0.11442162268050675 0.10605482171161761 0.12346828695229704 -0.20718610754437797
decision_type=2 2 2 2 2 2 2 2 2 2 2 2 2 2 2 2 2 2 2 2 2 2 2 2 2 2 2 2 2 2
left_child=-1 -2 -3 -4 -5 6 7 -6 9 10 15 12 -10 -14 -13 -7 -17 18 -16 20 -20 -22 24 -24 25 28 -27 -25 -23 -12
right_child=1 2 3 4 5 8 -8 -9 11 -11 29 14 13 -15 17 16 -18 -19 19 -21 21 22 23 27 -26 26 -28 -29 -30 -31
leaf_value=-0.014615127859869972 0.0084770446322087589 -0.010136684186925943 0.0063375353969604481 -0.0086705080314498882 -0.00048446157209885619 -0.012820995523924789 0.0034584719317186127 -0.015210239021954211 0.010748419796716637 0.006127283645087276 0.0079667429090477526 -0.0099879684303665461 0.0051831753778969871 -0.010278995810076595 -0.0075022155024192256 0.0023715046775417731 -0.011729733645915986 -0.0078175015811046411 0.0059172911466756732 0.003543219950757277 -0.0081958861276507384 -0.0060477883879987843 -0.0071518854881148968 0.0051072134149061253 -0.0044313601756584831 0.012047542758286 0.0028132638348465971 -0.0026943826200201727 0.0032756737976645436 -0.0010573231004949275
leaf_weight=20 29 22 32 23 24 31 26 22 52 29 20 21 32 20 23 34 24 22 34 188 20 24 42 35 32 25 103 39 21 29
leaf_count=20 29 22 32 23 24 31 26 22 52 29 20 21 32 20 23 34 24 22 34 188 20 24 42 35 32 25 103 39 21 29
internal_value=-9.0585e-13 0.000271153 4.42977e-05 0.000262391 6.70092e-05 0.000273761 -0.00356017 -0.00752722 0.000580475 -0.00174832 -0.00340334 0.00111105 0.0049923 -0.000763814 0.000469313 -0.00672285 -0.00346349 0.000830502 0.00115517 0.00150885 0.000488949 -5.2293e-05 0.000455096 -0.00195438 0.0018185 0.00297455 0.00461683 0.000995561 -0.00169684 0.00262597
internal_weight=1098 1078 1049 1027 995 972 72 46 900 167 138 733 104 52 629 89 58 608 586 563 375 341 321 116 205 173 128 74 45 49
internal_count=1098 1078 1049 1027 995 972 72 46 900 167 138 733 104 52 629 89 58 608 586 563 375 341 321 116 205 173 128 74 45 49
is_linear=0
shrinkage=0.05


Tree=75
num_leaves=31
num_cat=0
split_feature=2 4 17 2 2 2 4 14 2 9 4 2 6 17 2 2 15 3 17 12 1 13 17 9 9 9 8 17 17 1
split_gain=1.80039 1.95654 1.3194 0.465705 0.871821 0.798453 1.12893 3.99914 0.501242 0.44417 0.414244 0.513797 0.611978 0.564906 1.43826 0.824919 0.445766 0.384272 0.377512 0.353407 0.495917 0.577289 0.505782 0.489044 0.485902 0.718051 0.638625 0.368974 0.374313 0.505975
threshold=-1.0720132510397153 -1.4783519357310393 -0.47209146841674438 -1.0171784783674527 -0.96679903097481168 -0.90528127038311712 -0.88287817739755947 -0.58552479246143285 -1.039797822094761 1.9581742557187287 -0.81818473204774922 -0.49573406198715614 1.0000000180025095e-35 -0.44587958798628685 -0.58706823021939347 -0.70907559941517762 -0.38155382281224143 -0.58771334611728654 -0.46065488642172631 -0.88655434404907274 -0.62638915473011714 0.77076532665039899 -0.11332327616802119 -0.61117218744338186 -0.43443841862764465 -0.46494534526821923 -0.28835011683715206 -0.45030509576984251 -0.440889927930674 -0.41654142357604756
decision_type=2 2 2 2 2 2 2 2 2 2 2 2 2 2 2 2 2 2 2 2 2 2 2 2 2 2 2 2 2 2
left_child=1 -1 -2 8 -5 -6 7 -7 -4 10 -8 13 18 14 17 -15 -17 -12 -13 23 21 -21 -23 -20 25 -22 -26 -28 -29 -30
right_child=2 -3 3 4 5 6 9 -9 -10 -11 11 12 -14 15 -16 16 -18 -19 19 20 24 22 -24 -25 26 -27 27 28 29 -31
leaf_value=0.00037918131621111011 0.012806458705814467 -0.021472365129739046 0.0002075932292348665 -0.0092922014482319359 0.008808359854783003 -0.024703445695340637 0.0076378193823620688 0.0041609644439692299 0.011030627267900855 -0.0062345752343535427 0.0046391581185162073 0.0075310329734550223 -0.0074324073486163149 -0.0066083749625249766 -0.016177923003719612 -0.0002952642348963161 0.0075702023765658061 -0.0051622714754194022 0.0075527597860329688 -0.0099603470430751767 0.002187452386463369 -0.0066976380534470087 0.0029712437596907349 -0.00046084444461898374 -0.0053474957351167893 0.012380159310996534 0.0047655990490039707 -0.0037897366690837469 -0.0041352981927856389 0.0024829433651239142
leaf_weight=21 21 20 23 25 26 20 20 30 20 25 20 23 21 32 22 43 31 20 45 22 127 21 38 33 46 20 53 48 36 146
leaf_count=21 21 20 23 25 26 20 20 30 20 25 20 23 21 32 22 43 31 20 45 22 127 21 38 33 46 20 53 48 36 146
internal_value=-8.04199e-12 -0.0102801 0.000398755 0.000147248 -7.33518e-05 0.000164738 -7.3833e-05 -0.0073848 0.00524156 0.000335975 0.000525437 0.000357494 0.000970047 -0.00211824 -0.0059093 9.9169e-05 0.00299973 -0.000261557 0.00123821 0.00101028 0.000568873 -0.00304779 -0.000470223 0.00416239 0.00118431 0.00357422 0.000116485 0.00100462 0.000137964 0.00117384
internal_weight=1098 41 1057 1036 993 968 942 50 43 892 867 847 679 168 62 106 74 40 658 635 557 81 59 78 476 147 329 283 230 182
internal_count=1098 41 1057 1036 993 968 942 50 43 892 867 847 679 168 62 106 74 40 658 635 557 81 59 78 476 147 329 283 230 182
is_linear=0
shrinkage=0.05


Tree=76
num_leaves=31
num_cat=0
split_feature=17 2 0 4 4 17 2 13 8 15 17 9 10 10 17 4 14 2 4 11 0 11 14 15 9 9 15 17 3 17
split_gain=1.66421 0.798328 0.800841 0.471392 0.618596 0.419766 0.682223 0.883534 0.424061 0.334346 0.791993 1.00277 0.629841 1.00279 0.523524 0.3396 1.0443 0.835145 0.819086 0.49416 0.334652 0.306511 0.467603 0.344774 0.654019 0.780162 0.648723 0.610384 0.418837 0.538926
threshold=-0.47247665456644111 -1.0853792268785794 -0.90648772614418072 -1.1828205149284974 -1.0539237260875878 -0.46094231768575705 -0.44758227723432559 -1.4047943757576669 2.5385108500127855 -0.90286657498152845 2.0669653657063365 -0.05059805358455282 -0.41415798753621497 -0.15856893855379825 1.1851526772964751 -0.56251492908700962 -0.76667024349945245 -0.45032401586793874 -0.36598408374402575 -0.076597365097691578 -0.20718610754437797 1.5339660843006035 1.2245606252857897 0.29499156599362103 0.47377732278784684 -0.27098931440354662 0.11271544836819335 0.10648585867763498 0.30844441344852097 -0.43875505590174874
decision_type=2 2 2 2 2 2 2 2 2 2 2 2 2 2 2 2 2 2 2 2 2 2 2 2 2 2 2 2 2 2
left_child=-1 -2 -3 -4 -5 6 7 -6 9 10 11 12 -7 -14 15 16 -11 -18 19 -17 -13 22 23 26 25 27 -20 -25 29 -27
right_child=1 2 3 4 5 8 -8 -9 -10 14 -12 20 13 -15 -16 18 17 -19 21 -21 -22 -23 -24 24 -26 28 -28 -29 -30 -31
leaf_value=-0.014291164231253789 0.0084486589734924251 -0.0094001686475663031 0.0062143804454535718 -0.0080555929923835003 -0.00045745362682888911 -0.012137102335691452 0.0030409476110854977 -0.014329597921195356 0.0077339461666997532 -0.0067760738451033836 0.0058685219782436716 0.0074986613189685167 0.0022150357609943432 -0.011133821401745082 0.0068973665070884375 -0.0094417610260493622 0.012173226669256111 0.0013950474977652292 0.00024889197616659585 0.00046304795076139275 -0.0009085286890381369 -0.0048319458457020429 0.0076182652041316039 0.003475285501209477 0.01011951184787211 -0.0010482817685798459 -0.0077397570216787923 -0.005710126699414105 0.00083586352670358293 -0.011994537366130813
leaf_weight=20 29 22 32 23 24 31 26 22 20 20 29 20 34 24 34 34 32 41 141 20 29 24 25 189 21 23 31 20 36 22
leaf_count=20 29 22 32 23 24 31 26 22 20 20 29 20 34 24 34 34 32 41 141 20 29 24 25 189 21 23 31 20 36 22
internal_value=-8.07379e-12 0.000265142 3.89058e-05 0.000241106 4.90007e-05 0.000240776 -0.00343285 -0.00709196 0.000534666 0.000371046 -0.00164274 -0.00322119 -0.00638372 -0.00330863 0.000842719 0.00053954 0.00334644 0.00611973 9.40773e-05 -0.00577331 0.00252298 0.000689639 0.000950502 0.000605379 0.00159883 0.000981818 -0.00119092 0.0025963 -0.00318394 -0.00639978
internal_weight=1098 1078 1049 1027 995 972 72 46 900 880 167 138 89 58 713 679 93 73 586 54 49 532 508 483 311 290 172 209 81 45
internal_count=1098 1078 1049 1027 995 972 72 46 900 880 167 138 89 58 713 679 93 73 586 54 49 532 508 483 311 290 172 209 81 45
is_linear=0
shrinkage=0.05


Tree=77
num_leaves=31
num_cat=0
split_feature=4 1 4 17 0 4 9 17 4 1 2 17 10 9 1 3 1 2 13 11 14 9 13 11 9 13 17 4 14 13
split_gain=1.72481 3.06885 1.53377 0.632866 0.979735 1.07345 0.931432 2.70438 0.313309 0.707347 0.491421 0.464258 0.365172 0.257576 0.353021 0.536462 0.453064 1.00484 0.823379 0.409851 1.25327 0.558614 0.619825 0.506844 0.85885 0.907082 0.483467 0.583143 0.452477 0.404234
threshold=-1.2806775193843971 -0.84019056833739691 -1.1828205149284974 -0.46838640468606579 -0.68758963727880074 -0.47462332909156052 -0.12393044889798081 -0.38217618204281817 -0.81818473204774922 -0.72164071267397667 -0.67480386649501345 1.2312263302460471 -0.15856893855379825 1.7986248468160977 0.57001456066585099 -0.20748878222920719 0.22917517014981312 0.11258919734575652 -0.81692794535091284 -0.28248268376046881 -0.10553977178274117 -0.29407460458657403 0.31285222923287526 -0.38968515596629122 -0.56873508719706301 0.77494796614953032 -0.44999369393408767 0.24419273035077466 -0.7269705436357955 -0.14117947895129576
decision_type=2 2 2 2 2 2 2 2 2 2 2 2 2 2 2 2 2 2 2 2 2 2 2 2 2 2 2 2 2 2
left_child=1 -1 -2 -4 5 6 7 -5 9 -6 12 13 -10 14 16 -16 19 18 -18 20 21 22 -12 24 25 -24 -21 -28 -27 -29
right_child=2 -3 3 4 8 -7 -8 -9 10 -11 11 -13 -14 -15 15 -17 17 -19 -20 26 -22 -23 23 -25 -26 28 27 29 -30 -31
leaf_value=0.0043081990345381202 0.01269030798226595 -0.019411467479076239 0.007308942296852668 -0.02436386963919453 -0.0020418525801907325 0.0028356539044419632 0.00077379637725905265 -0.0015752859677498543 -0.00098443974507972615 0.0083875237703535752 0.0096126740518957393 0.0062935516542090815 -0.0086877135708928101 -0.0052807987644337123 0.0095075064164120704 0.0013128942446078823 -0.0023280249464071611 0.00395041186362505 -0.014651781405605699 -0.0048885832127416508 -0.011337953271344306 -0.0060518752395485841 -0.009456909443596723 -0.0059957695935197453 0.0053877799599370982 -0.0021779105299774139 0.0065802597094679607 0.0050457192976803835 0.0052140256679440678 -0.0022687573848730502
leaf_weight=25 25 30 30 23 29 34 22 30 40 37 20 34 25 20 24 119 33 30 23 20 25 30 27 27 77 47 74 30 37 51
leaf_count=25 25 30 30 23 29 34 22 30 40 37 20 34 25 20 24 119 33 30 23 20 25 30 27 27 77 47 74 30 37 51
internal_value=4.19925e-12 -0.0086298 0.000455071 0.000154599 -6.26386e-05 -0.00453387 -0.00787472 -0.0114647 0.000491814 0.00380492 0.000222854 0.000585228 -0.00394724 0.000313403 0.000474619 0.00268821 -9.98705e-05 -0.00343376 -0.00738957 0.00051672 -0.000636406 0.000373174 0.00119339 0.000410204 0.00133021 -0.0014845 0.00242761 0.00337164 0.00107806 0.000440308
internal_weight=1098 55 1043 1018 988 109 75 53 879 66 813 748 65 714 694 143 551 86 56 465 290 265 235 215 188 111 175 155 84 81
internal_count=1098 55 1043 1018 988 109 75 53 879 66 813 748 65 714 694 143 551 86 56 465 290 265 235 215 188 111 175 155 84 81
is_linear=0
shrinkage=0.05


Tree=78
num_leaves=31
num_cat=0
split_feature=3 17 17 3 14 16 10 17 12 3 3 10 10 15 14 4 9 4 15 15 0 15 2 11 14 3 3 4 4 0
split_gain=1.66986 1.25535 1.08224 0.718152 0.570991 3.00495 0.68077 0.582134 0.287406 0.271592 0.469348 0.28102 0.735579 0.656443 0.621066 0.541493 0.519499 0.96938 0.657121 0.486583 0.870584 0.468592 0.378118 0.436169 0.401204 0.453851 0.393908 0.370988 0.54553 0.462785
threshold=-1.3518828708003736 -0.47209146841674438 0.82364852650742848 -1.2890940183865209 -0.91686049771006572 -0.98574672872862157 -0.5907332956866217 -0.4657453391572326 -1.1239997542263824 2.5018187191470145 1.8711255881094189 -0.31845120286645662 -0.38117376943458953 -1.2368612045952625 -0.73526055052247752 -0.80527871643503468 -0.43951010523864059 -0.40976651645551343 -0.557260055225688 0.21829197584444693 -0.26534852456525132 -1.4953785482853077 0.61107155266954338 0.3273946515790172 -0.16380753024057285 1.2838752455696485 0.82517892538312609 -0.5324553484194211 -0.31844420344908947 0.87783603633726337
decision_type=2 2 2 2 2 2 2 2 2 2 2 2 2 2 2 2 2 2 2 2 2 2 2 2 2 2 2 2 2 2
left_child=2 -2 -1 -3 5 8 -6 -8 -5 10 11 12 13 -9 -15 -16 -17 -18 -19 20 -14 -13 27 24 25 26 -24 -23 -29 -30
right_child=1 3 -4 4 6 -7 7 9 -10 -11 -12 21 19 14 15 16 17 18 -20 -21 -22 22 23 -25 -26 -27 -28 28 29 -31
leaf_value=-0.018101523374207319 0.012505419200308444 0.0088929693174103035 -0.0024969070190563798 -0.0011149473269196116 0.0087971774982693405 -0.020320083733115876 -0.0074372272416949273 -0.0067164626421539909 0.0061219485031197909 0.0056618756968932959 -0.0074135573999956255 0.0080569182380871938 -0.014633389130234721 -0.0046395465382374828 0.0098973479926247488 0.0064782634641543579 -0.0090525460836943239 -0.0054220002286298127 0.0041165182206203193 -0.00048773664953734942 -0.00063762779580429202 0.0029953347954463651 0.0051101505532860757 0.0095141568729145976 -0.0036095847411511035 0.0087910638264104453 -0.0038577269083665067 -0.0063294192950706929 0.00095104070372326532 -0.0050029921685703672
leaf_weight=20 21 23 25 34 23 21 25 28 23 23 20 23 25 36 22 41 24 23 84 34 20 77 25 22 26 27 24 40 200 39
leaf_count=20 21 23 25 34 23 21 25 28 23 23 20 23 25 36 22 41 24 23 84 34 20 77 25 22 26 27 24 40 200 39
internal_value=-2.09969e-11 0.000403089 -0.00943229 0.000156821 -4.23181e-05 -0.0041516 0.000301962 8.67743e-05 0.0018052 0.000299798 0.000156394 0.000336631 -0.000780665 0.000511962 0.00139194 0.00251119 0.00156645 2.91635e-05 0.00206618 -0.00500216 -0.00841305 0.0010852 0.000751135 0.00312895 0.00175174 0.00358588 0.000717721 -7.70914e-05 -0.000925037 -2.05379e-05
internal_weight=1098 1053 45 1032 1009 78 931 908 57 883 860 840 337 258 230 194 172 131 107 79 45 503 480 124 102 76 49 356 279 239
internal_count=1098 1053 45 1032 1009 78 931 908 57 883 860 840 337 258 230 194 172 131 107 79 45 503 480 124 102 76 49 356 279 239
is_linear=0
shrinkage=0.05


Tree=79
num_leaves=31
num_cat=0
split_feature=17 2 0 4 2 11 1 12 3 4 6 17 17 12 1 17 4 15 16 17 4 13 3 1 9 9 12 15 15 4
split_gain=1.57454 0.795522 0.720477 0.431175 0.593392 0.447163 0.810814 0.807516 0.67194 0.669822 0.46132 0.387104 0.93767 0.398397 0.54572 0.386365 0.371179 0.814597 0.364405 0.388146 0.709704 0.553857 0.41385 0.579329 1.12693 0.552278 0.534488 0.49224 0.392495 0.363716
threshold=-0.47247665456644111 -1.0853792268785794 -0.90648772614418072 -1.1828205149284974 -0.98393489743489371 -0.51063801942270104 -0.60779941806242543 -0.61166587340842793 -0.70075617521241784 -0.68471365919220661 1.0000000180025095e-35 -0.23962220799899367 -0.14163115156945069 -1.0873315363442486 -0.83558424754080451 -0.21675559547740145 -0.64664908149901013 -0.018835043899613362 -0.73786286065219209 -0.44030279810724465 -0.52020280195165391 0.10707071302727462 -0.52011659616217265 0.27803418143019665 0.18877218412998295 1.7327719984304053 0.61130328571109005 -0.31050738970593472 -0.033655482633617104 -0.42087549191962226
decision_type=2 2 2 2 2 2 2 2 2 2 2 2 2 2 2 2 2 2 2 2 2 2 2 2 2 2 2 2 2 2
left_child=-1 -2 -3 -4 -5 11 7 -7 9 -8 15 -6 -13 14 -14 18 -15 -18 -10 21 -21 22 29 24 -24 26 27 -25 -28 -20
right_child=1 2 3 4 5 6 8 -9 10 -11 -12 12 13 16 -16 -17 17 -19 19 20 -22 -23 23 25 -26 -27 28 -29 -30 -31
leaf_value=-0.013900809560436756 0.0084270231168845616 -0.0089208897605369038 0.005936633051896934 -0.0066582215455127883 0.0082704149341831616 -0.014270517192780972 -0.00043070441147742366 -0.0011160830933866757 -0.0060903836693614729 -0.012601722455583515 -0.0057510654464879608 -0.0087070429569575929 -0.0048018949586107881 0.010255686299536717 0.0055087350220197721 0.0066595144190446098 -0.0021072553237900141 0.0073382575272116814 0.0078778419710163559 0.010229616631598522 0.0012827967370234044 0.0071714838368019881 -0.012566019897260985 0.002274518823509829 0.0010719059076758899 -0.0081919125351123511 0.00025010301421085992 -0.0058843721145469896 0.0092018872089684022 -0.0013216657997955654
leaf_weight=20 29 22 32 32 24 20 26 28 20 20 28 20 33 22 21 27 42 50 21 24 290 21 33 36 28 20 24 38 25 22
leaf_count=20 29 22 32 32 24 20 26 28 20 20 28 20 33 22 21 27 42 50 21 24 290 21 33 36 28 20 24 38 25 22
internal_value=-2.77918e-11 0.0002579 3.20615e-05 0.000223848 4.01204e-05 0.000262703 -0.000309747 -0.0065971 0.000119545 -0.00572245 0.000528574 0.00229058 0.0015272 0.00274556 -0.000792206 0.000808113 0.00442134 0.00302618 0.000545674 0.000773718 0.00196663 -0.000623948 -0.00128672 -0.00222636 -0.00630599 -0.000486098 0.00076688 -0.00191518 0.00481734 0.00317112
internal_weight=1098 1078 1049 1027 995 963 751 48 703 46 657 212 188 168 54 629 114 92 602 582 314 268 247 204 61 143 123 74 49 43
internal_count=1098 1078 1049 1027 995 963 751 48 703 46 657 212 188 168 54 629 114 92 602 582 314 268 247 204 61 143 123 74 49 43
is_linear=0
shrinkage=0.05


Tree=80
num_leaves=31
num_cat=0
split_feature=2 4 17 2 2 2 4 14 0 17 0 10 2 3 4 4 6 3 10 1 9 3 0 11 4 0 11 11 10 1
split_gain=1.61638 1.82225 1.24963 0.450518 0.776761 0.757255 0.991975 3.43035 0.434433 0.394295 0.43692 0.486655 0.227207 0.310718 0.312734 0.804342 0.541109 0.635177 0.352497 0.375138 0.523754 0.315182 0.504926 0.326761 0.561261 0.521115 0.364713 0.358953 0.291088 0.349695
threshold=-1.0720132510397153 -1.4783519357310393 -0.47209146841674438 -1.0171784783674527 -0.96679903097481168 -0.90528127038311712 -0.88287817739755947 -0.58552479246143285 -0.68330635850594579 -0.4657453391572326 -0.76378691229064255 -0.54414733816164573 2.9525163457751549 1.8711255881094189 -0.56251492908700962 -0.50468290975914898 1.0000000180025095e-35 1.4937628679959001 0.08143993618005313 -0.6677442157396557 -0.21180918054676587 -0.49109750028813143 -0.26219242441683183 1.850418960332658 -0.20621087780434308 -0.17246900591176365 1.0169774434578727 -0.15750711656895452 0.86106690949119857 0.22917517014981312
decision_type=2 2 2 2 2 2 2 2 2 2 2 2 2 2 2 2 2 2 2 2 2 2 2 2 2 2 2 2 2 2
left_child=1 -1 -2 8 -5 -6 7 -7 -4 -8 -11 -12 13 14 18 -16 17 21 19 -13 -21 22 -17 24 25 27 28 -23 29 -26
right_child=2 -3 3 4 5 6 9 -9 -10 10 11 12 -14 -15 15 16 -18 -19 -20 20 -22 23 -24 -25 26 -27 -28 -29 -30 -31
leaf_value=0.00054633867527757371 0.012453005570430487 -0.020541918836534025 0.0098301190133813932 -0.0087856623586267234 0.0085585000924766064 -0.022984524110797794 -0.0064774998951525921 0.0037485233911623557 -0.00024584493599832057 0.0066005090617441715 -0.0061129553745308055 0.0070948857913858123 0.0057418992905877535 -0.0051398048028349881 -0.00971693324041553 -0.0065870783578075871 -0.0070738359840343823 0.0085444453274831182 0.008981664940005258 -0.0065427860975350166 0.004137812483046825 0.0040396981476806112 0.0032735653361305596 -0.0050583277424068561 0.0013040163846089604 0.00031967438335414047 0.006664120161440224 0.01339927620387503 -0.0058260822994634512 -0.0018405056411884434
leaf_weight=21 21 20 23 25 26 20 21 30 20 28 29 21 20 25 20 37 23 25 21 22 24 20 20 23 291 32 22 21 20 127
leaf_count=21 21 20 23 25 26 20 21 30 20 28 29 21 20 25 20 37 23 25 21 22 24 20 20 23 291 32 22 21 20 127
internal_value=3.9436e-11 -0.00974062 0.000377829 0.000133062 -8.3911e-05 0.000140824 -9.15107e-05 -0.0069447 0.00514362 0.000292636 0.000455866 0.000251773 0.000478527 0.000345948 0.000524288 0.000161827 0.00046073 0.000732353 0.00332925 0.00155759 -0.0009703 0.000413752 -0.0031272 0.000776763 0.00102856 0.00510148 0.000382203 0.00883363 6.66733e-05 0.000348623
internal_weight=1098 41 1057 1036 993 968 942 50 43 892 871 843 814 794 769 681 661 638 88 67 46 613 57 556 533 73 460 41 438 418
internal_count=1098 41 1057 1036 993 968 942 50 43 892 871 843 814 794 769 681 661 638 88 67 46 613 57 556 533 73 460 41 438 418
is_linear=0
shrinkage=0.05


Tree=81
num_leaves=31
num_cat=0
split_feature=17 2 0 14 14 0 0 1 1 1 15 17 17 12 16 4 10 4 14 1 9 17 14 0 0 1 15 13 2 15
split_gain=1.508 0.787128 0.638279 0.432542 0.954173 0.619354 0.433165 0.375008 1.23812 0.520671 0.401354 0.384407 0.43228 0.582351 0.644 0.55006 0.490786 0.415647 0.338929 1.09548 0.617088 0.315938 0.834102 0.453855 0.733883 0.345256 0.398164 0.475291 0.337302 0.507253
threshold=-0.47247665456644111 -1.0853792268785794 -0.90648772614418072 -0.99066966052995242 -1.023919461039591 -0.80120924262190218 -0.76378691229064255 -0.84019056833739691 -0.85032416181993364 -0.80904188152328949 -1.577731295477349 0.10648585867763498 -0.14163115156945069 -0.61166587340842793 -0.4783516914482015 -0.86703155063258064 -0.54414733816164573 0.24419273035077466 -0.35478329849720935 -0.37531121555436137 -0.50979509926377842 -0.40685026151593673 -0.19560459728430354 -0.54804492357368217 -0.50453582867047075 0.031519567486483741 0.90369907028507457 -0.68367841487937009 0.083458224363617037 0.56741262024855621
decision_type=2 2 2 2 2 2 2 2 2 2 2 2 2 2 2 2 2 2 2 2 2 2 2 2 2 2 2 2 2 2
left_child=-1 -2 -3 4 -4 -5 -7 8 -8 -9 -11 12 13 14 17 -15 -17 -12 20 -20 -18 22 -21 -24 -25 -26 27 -27 -23 -30
right_child=1 2 3 5 -6 6 7 9 -10 10 11 -13 -14 15 -16 16 18 -19 19 21 -22 28 23 24 25 26 -28 -29 29 -31
leaf_value=-0.01360391040914692 0.0083783045924943067 -0.0083990290432914404 -0.0004563564328210695 -0.0076489888310719003 0.013234038033988328 0.0071072907441041685 0.003813148116958993 0.0064866276297834702 -0.013569631171412766 -0.0062515673935413371 -0.0099457241695474936 -0.0046025773289147765 0.0044646298863970845 0.0066800776736012524 0.0029570611116165918 -0.0060014120193469965 0.0079751979664433748 -0.00099920400884002448 -0.01097150375135243 -0.0093921289880476572 0.00049843723274861586 0.0081016627433709801 0.0065463565788897024 -0.0086908151891649434 0.0055774244392523542 0.00017407796148097878 0.0044602917109775103 -0.006240809196938894 -0.0052797623490914705 0.0046035773951459578
leaf_weight=20 29 22 35 26 20 22 21 32 20 25 37 40 61 35 24 30 40 20 22 23 89 25 28 23 31 165 41 35 20 37
leaf_count=20 29 22 35 26 20 22 21 32 20 25 37 40 61 35 24 30 40 20 22 23 89 25 28 23 31 165 41 35 20 37
internal_value=-1.135e-11 0.000252392 2.77477e-05 0.000208263 0.00452197 -3.58254e-05 0.000173416 8.32362e-06 -0.00466626 0.000225377 -1.00641e-05 0.000178843 0.000422173 8.20487e-05 -0.00391366 0.000584614 0.0002343 -0.00680659 0.000557394 -9.03055e-05 0.00281681 0.000469008 -0.000192321 0.000462774 -0.000114651 0.000610539 -2.83548e-05 -0.000948527 0.0032595 0.00113574
internal_weight=1098 1078 1049 1027 55 972 946 924 41 883 851 826 786 725 81 644 609 57 579 450 129 428 346 323 295 272 241 200 82 57
internal_count=1098 1078 1049 1027 55 972 946 924 41 883 851 826 786 725 81 644 609 57 579 450 129 428 346 323 295 272 241 200 82 57
is_linear=0
shrinkage=0.05


Tree=82
num_leaves=31
num_cat=0
split_feature=2 4 17 13 2 3 2 4 4 17 17 17 15 15 16 3 13 3 13 1 13 13 17 4 12 17 16 16 15 3
split_gain=1.52486 1.61011 1.2349 0.405404 0.458323 0.734942 0.343223 0.733783 0.575361 0.442227 0.459256 0.569144 0.557295 0.505326 0.376012 0.384711 0.370005 0.849274 0.770185 0.648777 0.546263 0.487486 0.343222 0.696964 0.669854 0.424426 0.541255 0.805245 0.504973 0.541441
threshold=-1.0720132510397153 -1.4783519357310393 -0.47209146841674438 -1.9852174641930591 -1.0171784783674527 -1.1554459141145557 -0.79972433298901169 -0.89578419301027412 -0.68471365919220661 1.2312263302460471 0.10648585867763498 -0.14163115156945069 0.55641188221919258 0.55641188221919258 -0.77413700784698158 -0.68713379884551085 0.51255191925288723 -0.14927887985465102 0.29671584040136884 -0.30740428931221292 0.73114720550907097 0.37906959463522022 -0.44030279810724465 0.1061473734805989 0.057973191798800922 -0.44397800494121936 -0.0042580039145496814 0.8396621493174482 -0.52945263409590793 -0.24188814439942183
decision_type=2 2 2 2 2 2 2 2 2 2 2 2 2 2 2 2 2 2 2 2 2 2 2 2 2 2 2 2 2 2
left_child=1 -1 -2 -4 -5 -6 8 -8 -7 10 11 14 -13 -12 -9 -16 18 -18 19 -17 -19 -20 25 24 -24 26 -21 -28 29 -29
right_child=2 -3 3 4 5 6 7 9 -10 -11 13 12 -14 -15 15 16 17 20 21 22 -22 -23 23 -25 -26 -27 27 28 -30 -31
leaf_value=0.00020882684205259595 0.012370769672894053 -0.019613958541303874 -0.0061661855578422553 0.005392680223476852 -0.0073936991666414542 0.0078851899067457348 -0.0077506767304871107 -0.0044762865428558804 -0.0026919419819023461 0.0054032865321127386 -0.00040810356637643235 0.00073443095316179103 0.010589615234102194 -0.010453501113113904 -0.0063603215074787547 0.0078137570495406799 0.011475627533703422 0.0038615870125660746 -0.0099059844839161845 0.0076276141405105594 -0.0044656799279994544 -0.0013459736218628211 0.00083755884043057449 -0.00038251128021834623 0.010990335141788378 -0.0061438736532415661 -0.0049710323024651434 -0.0072626735064356285 0.0051626095794037813 0.002889960887039016
leaf_weight=21 21 20 25 42 32 36 29 44 20 41 31 32 26 21 21 30 24 54 29 20 31 39 32 126 33 35 76 24 54 29
leaf_count=21 21 20 25 42 32 36 29 44 20 41 31 32 26 21 21 30 24 54 29 20 31 39 32 126 33 35 76 24 54 29
internal_value=-1.1069e-11 -0.00946082 0.000366976 0.000123656 0.000279191 5.75539e-05 0.000312026 7.07606e-05 0.00410764 0.000336983 8.08569e-05 0.000392292 0.00515227 -0.0044649 -1.54365e-06 0.000298135 0.000517989 0.00316977 -3.04809e-05 0.000705236 0.000824584 -0.00499657 0.000208136 0.00178684 0.00599205 -0.00105881 -0.000182072 -0.00103559 0.00175968 -0.00170746
internal_weight=1098 41 1057 1036 1011 969 937 881 56 852 811 759 58 52 701 657 636 109 527 459 85 68 429 191 65 238 203 183 107 53
internal_count=1098 41 1057 1036 1011 969 937 881 56 852 811 759 58 52 701 657 636 109 527 459 85 68 429 191 65 238 203 183 107 53
is_linear=0
shrinkage=0.05


Tree=83
num_leaves=31
num_cat=0
split_feature=17 2 0 4 2 2 15 14 1 1 0 0 17 17 16 17 0 4 6 9 16 15 9 17 15 2 2 4 8 14
split_gain=1.44604 0.777824 0.559995 0.409466 0.537403 0.412976 0.443241 0.332725 0.664977 0.415034 0.387083 0.449485 0.359364 0.397624 0.71236 0.289566 0.285552 0.428158 0.304262 0.272275 0.557442 0.361781 0.49901 0.608853 0.781336 0.53231 0.497968 0.402053 0.347577 0.383184
threshold=-0.47247665456644111 -1.0853792268785794 -0.90648772614418072 -1.1828205149284974 -0.98393489743489371 -0.92910012476263104 -1.577731295477349 -0.9981796187426214 -0.84019056833739691 -0.81192630127026411 -0.80120924262190218 -0.76378691229064255 0.10648585867763498 -0.14163115156945069 -0.77413700784698158 -0.0631684822684275 -0.69322553040097845 -0.80527871643503468 1.0000000180025095e-35 -0.31686892400674738 -0.46035279967988391 1.0428889639621619 -0.10745125229938725 -0.42528727249213666 -1.0426676207713574 -0.46420406770060524 0.065465564580530877 0.11219196307136399 -0.28835011683715206 -0.53653662843376881
decision_type=2 2 2 2 2 2 2 2 2 2 2 2 2 2 2 2 2 2 2 2 2 2 2 2 2 2 2 2 2 2
left_child=-1 -2 -3 -4 -5 -6 -7 -8 -9 -10 -11 -12 13 14 -13 -15 -16 -18 19 28 -21 22 26 24 -24 -26 -22 -23 29 -19
right_child=1 2 3 4 5 6 7 8 9 10 11 12 -14 15 16 -17 17 18 -20 20 21 27 23 -25 25 -27 -28 -29 -30 -31
leaf_value=-0.013321519307792188 0.0083248972057782377 -0.0078692712699359457 0.0057600362550147112 -0.0063606295210774993 0.0069974802889522505 -0.0065012188442051411 0.0057147255443312506 -0.008504027262626385 0.0069253078135459323 -0.0062796494574286045 0.0077008909918367873 -0.0063825261926778211 -0.0045071912207640709 0.0087868436070328414 -0.0044401216593667357 0.0016761677816691922 0.0064634914011306444 -0.003463803860358894 -0.0049477543789320268 -0.0071830506962551575 -0.00086155902749548367 0.0090639412727044986 0.0059877340267929765 0.0061800888972356922 -0.0071534915815573185 -0.00040972977417410108 -0.011047002216801048 6.7908444476348387e-05 0.0053233371067203973 0.0021697858802792506
leaf_weight=20 29 22 32 32 22 25 27 22 23 23 20 41 40 22 29 41 30 40 26 27 30 23 36 40 40 109 20 27 57 123
leaf_count=20 29 22 32 32 22 25 27 22 23 23 20 41 40 22 29 41 30 40 26 27 30 23 36 40 40 109 20 27 57 123
internal_value=2.98301e-11 0.000247153 2.38402e-05 0.000192923 1.38806e-05 0.000225702 6.73823e-05 0.000246656 8.05846e-05 0.000298418 0.000117827 0.00029705 0.000112185 0.000354991 1.16254e-05 0.00415926 0.000410652 0.000634652 0.000342236 0.00058269 -0.000279725 0.000293782 -0.000417546 0.000586497 -0.000622929 -0.00222014 -0.00493574 0.00420608 0.00196255 0.00078731
internal_weight=1098 1078 1049 1027 995 963 941 916 889 867 844 821 801 761 698 63 657 628 598 572 352 325 275 225 185 149 50 50 220 163
internal_count=1098 1078 1049 1027 995 963 941 916 889 867 844 821 801 761 698 63 657 628 598 572 352 325 275 225 185 149 50 50 220 163
is_linear=0
shrinkage=0.05


Tree=84
num_leaves=31
num_cat=0
split_feature=4 1 4 17 0 15 10 2 11 1 16 3 3 4 2 3 3 12 12 6 15 3 10 14 4 2 4 4 1 4
split_gain=1.49988 2.68119 1.42886 0.591311 0.815071 0.967018 1.75032 0.953184 0.291979 1.22853 0.450189 0.207256 0.556128 0.20118 0.229692 0.44626 0.609593 0.405538 0.542891 0.539684 0.453734 0.577298 0.466983 0.455006 0.445056 0.546253 0.443643 0.436471 0.647707 0.383743
threshold=-1.2806775193843971 -0.84019056833739691 -1.1828205149284974 -0.46838640468606579 -0.68758963727880074 -0.24190556505059774 -0.57577138232093605 -0.23012813185588446 -0.63470873291329932 -0.84019056833739691 -1.0090550463328885 2.285062671661819 1.7745097422802638 -0.81818473204774922 -0.67480386649501345 -0.52709949497209974 -0.46104814065524841 1.0360121041456998 0.85965489691060093 1.0000000180025095e-35 0.52952118925852598 -0.3195013475654967 -0.43038733571180382 0.46658957602341228 0.64672972363848247 1.4411329239959181 -0.059507054763611976 -0.0023285045806989593 1.0000000180025095e-35 0.021686486496124514
decision_type=2 2 2 2 2 2 2 2 2 2 2 2 2 2 2 2 2 2 2 2 2 2 2 2 2 2 2 2 2 2
left_child=1 -1 -2 -4 5 6 -5 -7 -6 -10 -11 12 13 -12 -15 -16 -17 18 19 20 21 -18 -23 27 25 -22 -25 -24 -29 -19
right_child=2 -3 3 4 8 7 -8 -9 9 10 11 -13 -14 14 15 16 17 29 -20 -21 24 22 23 26 -26 -27 -28 28 -30 -31
leaf_value=0.0040457983529195189 0.012233707899227739 -0.018125153843623894 0.0070498233532998713 -0.00058159608312922972 0.0049730579341378291 0.0044919163174927243 -0.020806362894363703 -0.0078054936674351871 -0.010671422522515059 0.0066987421620508724 0.0037500742303077567 0.0046611252344316905 -0.0078203823594819935 -0.0035537643480653826 0.0062036802148213617 -0.0082246529426248296 -0.0073772682422964739 0.0092193723899190849 -0.0063712132425280295 -0.0073089493184604441 0.0021680205073271409 0.0064199554071260184 0.0037217070227083954 -0.0039028493827208879 0.0063052670392035343 -0.0064565813390626801 0.0048368258665333376 -0.0017285284610989039 -0.011093906762350041 0.0015484786764968055
leaf_weight=25 25 30 30 23 34 40 20 26 25 29 43 27 21 38 32 21 29 23 32 22 146 26 23 20 54 21 53 80 24 56
leaf_count=25 25 30 30 23 34 40 20 26 25 29 43 27 21 38 32 21 29 23 32 22 146 26 23 20 54 21 53 80 24 56
internal_value=8.55621e-12 -0.00804745 0.000424362 0.000134349 -7.56354e-05 -0.00415385 -0.00998846 -0.000352518 0.000430082 0.000247288 0.000580176 0.000355854 0.000203704 0.000430495 0.000226578 0.000443577 0.000151 0.000439816 -5.83254e-05 0.000347322 0.000701183 -0.000735937 0.000116269 -0.00070321 0.0023594 0.00108349 0.00244239 -0.00251131 -0.00388977 0.00378178
internal_weight=1098 55 1043 1018 988 109 43 66 879 845 820 791 764 743 700 662 630 609 530 498 476 255 226 200 221 167 73 127 104 79
internal_count=1098 55 1043 1018 988 109 43 66 879 845 820 791 764 743 700 662 630 609 530 498 476 255 226 200 221 167 73 127 104 79
is_linear=0
shrinkage=0.05


Tree=85
num_leaves=31
num_cat=0
split_feature=3 17 17 3 14 16 10 17 12 4 14 11 12 4 6 4 10 10 3 4 4 8 10 16 15 15 2 4 0 4
split_gain=1.44169 1.14758 0.933244 0.669214 0.520323 2.59534 0.689319 0.479056 0.276211 0.251663 0.785874 0.404945 0.691537 0.497334 0.442822 0.406749 0.389056 0.449032 0.385347 0.292496 0.544646 0.344629 0.304359 0.278543 0.249945 0.246122 0.199733 0.190952 0.329589 0.223911
threshold=-1.3518828708003736 -0.47209146841674438 0.82364852650742848 -1.2890940183865209 -0.91686049771006572 -0.98574672872862157 -0.5907332956866217 -0.4657453391572326 -1.1239997542263824 -0.88287817739755947 -0.61603749343819658 -0.51063801942270104 -0.69026884617173312 -0.78845188595263449 1.0000000180025095e-35 -0.61136174767184104 -0.35638150803111857 0.19971324307491603 0.66451501587931172 0.76549774073270471 1.1374850514941133 1.0000000180025095e-35 0.048672109387435596 -0.13813161372253882 1.015998271001495 0.66290513786455996 0.74353180040597755 0.6694377764254108 -0.10596546707006736 0.4603276500421859
decision_type=2 2 2 2 2 2 2 2 2 2 2 2 2 2 2 2 2 2 2 2 2 2 2 2 2 2 2 2 2 2
left_child=2 -2 -1 -3 5 8 -6 -8 -5 10 -9 15 -13 -14 18 -11 -17 25 26 21 -21 24 -22 -12 -20 -18 27 29 -29 -15
right_child=1 3 -4 4 6 -7 7 9 -10 11 23 12 13 14 -16 16 17 -19 19 20 22 -23 -24 -25 -26 -27 -28 28 -30 -31
leaf_value=-0.016814587218686939 0.01194573980620979 0.0085723137827185183 -0.0023239021366462114 -0.0013026495217619575 0.0088238812416144043 -0.019002039899073897 -0.0067664816915057602 -0.010433621651662346 0.0057918969946710967 0.0095683877542614947 0.0049416401221052467 -0.0068505359959921677 0.0079340076273573309 -0.00014992319025129499 -0.0064088028613477942 -0.0035397804521310793 0.0029743123101070527 -0.0012375857349428716 -0.0011654607941057871 0.011126261398844097 -0.0019846690138085529 -0.0048118989418625187 0.0052984205860411755 -0.0030230549197377905 0.0062127961602527655 0.009554533857024379 -0.0051097726094580832 0.00029467120766639714 -0.0079917307884898037 0.0038055438967421655
leaf_weight=20 21 23 25 34 23 21 25 22 23 20 23 35 21 339 25 26 30 33 22 23 26 23 32 21 24 27 21 30 20 40
leaf_count=20 21 23 25 34 23 21 25 22 23 20 23 35 21 339 25 26 30 33 22 23 26 23 32 21 24 27 21 30 20 40
internal_value=-7.79217e-12 0.000374539 -0.00876421 0.000139078 -5.31561e-05 -0.00397589 0.000275494 5.89599e-05 0.00156006 0.000252206 -0.00271767 0.000492122 -5.33217e-06 0.000365538 0.000111237 0.00298305 0.00184765 0.00340402 0.000382906 0.00257764 0.00461546 0.00018541 0.00203359 0.00114031 0.00268406 0.00609126 -0.000348671 -0.00011561 -0.00301989 0.00026754
internal_weight=1098 1053 45 1032 1009 78 931 908 57 883 66 817 681 646 625 136 116 90 600 150 81 69 58 44 46 57 450 429 50 379
internal_count=1098 1053 45 1032 1009 78 931 908 57 883 66 817 681 646 625 136 116 90 600 150 81 69 58 44 46 57 450 429 50 379
is_linear=0
shrinkage=0.05


Tree=86
num_leaves=31
num_cat=0
split_feature=17 2 0 4 4 17 4 8 6 12 15 16 16 16 3 16 2 3 9 8 15 13 2 12 12 16 15 9 13 16
split_gain=1.37261 0.767648 0.519401 0.388118 0.486888 0.35468 0.684139 0.361535 0.297116 0.261722 0.871079 0.442178 0.74667 0.688006 0.512049 0.453791 0.435972 0.430723 0.414194 0.471743 0.873855 0.464484 0.405871 0.400708 0.723842 0.384996 0.359107 0.321209 0.488913 0.369581
threshold=-0.47247665456644111 -1.0853792268785794 -0.90648772614418072 -1.1828205149284974 -1.0539237260875878 -0.46094231768575705 -0.5324553484194211 2.5385108500127855 3.5619030007599064 -0.88655434404907274 -1.577731295477349 -0.48727782419875748 -0.30703801743948922 -0.36562228262881502 1.572520808671799 -0.43432730704536743 0.85474357373191012 0.092947577224131508 -0.29866089409197311 -0.28835011683715206 1.0428889639621619 0.80442162477024814 -0.23955285840892956 -1.0154122959890317 -1.1239997542263824 -0.24001340037714855 1.0503755773432564 -0.44973866087156716 -0.090481739322419444 0.41057878469131065
decision_type=2 2 2 2 2 2 2 2 2 2 2 2 2 2 2 2 2 2 2 2 2 2 2 2 2 2 2 2 2 2
left_child=-1 -2 -3 -4 -5 6 -6 8 9 16 -11 14 13 15 18 -13 17 22 19 20 21 -12 23 24 -7 -14 -21 28 -27 -29
right_child=1 2 3 4 5 7 -8 -9 -10 10 11 12 25 -15 -16 -17 -18 -19 -20 26 -22 -23 -24 -25 -26 27 -28 29 -30 -31
leaf_value=-0.012978873150423171 0.0082655271386791931 -0.0075826975612223839 0.0056018379112174445 -0.0071827480630220278 -0.0083518480142468921 -0.0028459744560050556 0.0014110170997140049 0.0070951374899595986 0.0063212550897151238 -0.01028845958367345 -0.010122273430073013 0.0079686740820761777 -0.006701472299173475 0.012733831924750753 -0.0080331880470802045 -0.0018924097430759242 0.0086997287835748425 -0.0058183740729873534 -0.0060262296499786318 0.0065036155656577116 0.0043640912792673623 -0.0008943066503852605 0.0077725336141884335 -0.0040451434891550777 0.0079816154161976138 0.00013544664755967017 -0.0017370227538049223 -0.002207548835668368 0.0092985852815521252 0.0012331517982120451
leaf_weight=20 29 22 32 23 34 29 38 20 20 21 30 20 20 23 29 28 21 20 32 39 33 25 25 31 33 37 20 135 24 185
leaf_count=20 29 22 32 23 34 29 38 20 20 21 30 20 20 23 29 28 21 20 32 39 33 25 25 31 33 37 20 135 24 185
internal_value=1.84695e-11 0.000240795 1.89487e-05 0.000181788 7.4751e-06 0.000177614 -0.00319922 0.000447761 0.000296685 0.000156578 -0.000258835 5.09032e-05 0.000897301 0.00562344 -0.00186977 0.00221638 0.00198806 0.000966713 -0.000871227 0.00025095 -0.00206831 -0.00592774 0.00211673 0.000596351 0.0029171 6.0504e-05 0.00371018 0.000415463 0.00374062 -0.000218394
internal_weight=1098 1078 1049 1027 995 972 72 900 880 860 701 680 472 71 208 48 159 138 179 147 88 55 118 93 62 401 59 381 61 320
internal_count=1098 1078 1049 1027 995 972 72 900 880 860 701 680 472 71 208 48 159 138 179 147 88 55 118 93 62 401 59 381 61 320
is_linear=0
shrinkage=0.05


Tree=87
num_leaves=31
num_cat=0
split_feature=2 4 17 10 4 2 2 3 12 3 6 13 17 12 12 4 2 17 10 11 9 12 15 4 13 15 17 14 0 0
split_gain=1.37534 1.49323 1.17448 0.832384 0.483064 0.597508 0.459934 0.38425 0.688878 0.420639 0.39369 0.354973 0.343747 0.442805 0.446546 0.413113 0.466328 0.70575 0.573534 0.347038 0.780614 0.658427 0.43068 1.01585 0.377457 0.35221 0.343309 0.497752 0.340133 0.302692
threshold=-1.0720132510397153 -1.4783519357310393 -0.46838640468606579 -0.6162674701495483 -1.1828205149284974 -0.98393489743489371 -0.90528127038311712 -0.58771334611728654 0.15793126669668042 -0.52709949497209974 1.0000000180025095e-35 0.41326354035547824 -0.44030279810724465 1.2904161505510678 0.85965489691060093 -0.47462332909156052 -0.095954297473442016 -0.45268216364563896 -0.42136072682176201 -0.32071862001202356 -0.29407460458657403 -0.050536570439022245 0.83463888154518096 -0.087279493423884011 0.7557627875625007 0.56741262024855621 -0.45642586878813146 0.56810872642664567 -0.30727956939425299 -0.52076720086234241
decision_type=2 2 2 2 2 2 2 2 2 2 2 2 2 2 2 2 2 2 2 2 2 2 2 2 2 2 2 2 2 2
left_child=1 -1 -2 -4 -5 -6 -7 8 11 -9 12 -8 15 14 19 -11 17 26 -18 20 21 22 25 -24 -25 -14 27 -17 -19 -13
right_child=2 -3 3 4 5 6 7 9 -10 10 -12 29 13 -15 -16 16 18 28 -20 -21 -22 -23 23 24 -26 -27 -28 -29 -30 -31
leaf_value=0.00032704343043622519 0.00922450460663337 -0.018762731151655318 -0.0098161017655261935 0.0066013578517193881 -0.0071454285993240779 0.0062555872624920272 0.0056876327469944955 0.0062623907113447787 -0.008487473963427224 -0.0063756842801178052 -0.0055924604181200269 -0.0065155275773418984 0.00041990124864415049 0.0070412900019437077 -0.0055929001402826271 -0.0071140015586501071 0.0096716816029088076 -0.011014667401226082 -0.00025400400789844438 0.0027837634136238577 -0.0079070287856406393 0.0078449386366022129 -0.011301704060286284 -0.004162459878716618 0.0039326507326525951 0.0068228690195138806 0.0060664032545426627 0.0032357284082816201 -0.0026813747016713025 0.00075188788560856328
leaf_weight=21 36 20 21 29 28 31 20 30 35 33 28 23 105 30 26 21 22 24 43 190 28 30 25 24 36 27 23 26 25 38
leaf_count=21 36 20 21 29 28 31 20 30 35 33 28 23 105 30 26 21 22 24 43 190 28 30 25 24 36 27 23 26 25 38
internal_value=1.71336e-11 -0.00898504 0.000348521 3.55578e-05 0.000242443 5.25266e-05 0.000266252 6.26668e-05 -0.00262581 0.000454455 0.000226991 -9.29968e-05 0.000447783 0.0011442 0.000783894 -0.00122427 -0.000300377 -0.00216071 0.00310546 0.00114045 5.06267e-06 0.00090198 -5.78761e-05 -0.00283372 0.000694606 0.0017296 0.00106089 -0.00138862 -0.00676299 -0.00198829
internal_weight=1098 41 1057 1021 1000 971 943 912 116 796 766 81 738 521 491 217 184 119 65 465 275 247 217 85 60 132 70 47 49 61
internal_count=1098 41 1057 1021 1000 971 943 912 116 796 766 81 738 521 491 217 184 119 65 465 275 247 217 85 60 132 70 47 49 61
is_linear=0
shrinkage=0.05


Tree=88
num_leaves=31
num_cat=0
split_feature=17 2 0 10 0 14 4 2 3 4 9 11 14 15 17 2 15 4 4 16 15 9 11 14 2 3 3 0 2 4
split_gain=1.30098 0.745952 0.85805 0.376127 0.302255 0.43077 0.593268 0.905718 0.37793 0.489196 1.17446 1.1552 0.457097 0.427413 0.442526 0.35612 0.408277 0.405108 0.602865 0.371807 0.455109 0.510118 0.461775 0.339869 0.315391 0.518434 0.514657 0.634502 0.280075 0.375463
threshold=-0.47131529259551469 -1.0853792268785794 -0.90648772614418072 -0.5907332956866217 2.8210919848641178 2.1387279507555466 -1.1828205149284974 -0.98393489743489371 -1.1049057530558211 -0.66576305398872682 -0.21180918054676587 -0.50706212616051827 1.5099591972303652 -1.4953785482853077 -0.46326571564713276 -0.64207436155625686 -1.1337292855699788 -0.56251492908700962 -0.46547476106229441 -0.95359266023441991 0.29499156599362103 -0.54874363223813039 -0.38200117137059325 0.58843088407707256 -0.29918567369001509 0.072800197051227089 -0.27085000339797188 -0.15826655524387595 1.0000000180025095e-35 0.81924557790464292
decision_type=2 2 2 2 2 2 2 2 2 2 2 2 2 2 2 2 2 2 2 2 2 2 2 2 2 2 2 2 2 2
left_child=-1 -2 -3 -4 5 6 -5 -8 -9 10 11 -10 13 -11 -15 16 -16 -17 -19 -20 21 22 -21 -12 26 -26 -23 -28 -27 -30
right_child=1 2 3 4 -6 -7 7 8 9 12 23 -13 -14 14 15 17 -18 18 19 20 -22 24 -24 -25 25 28 27 -29 29 -31
leaf_value=-0.010269036870449782 0.0081979457931271923 -0.0099365202953950287 0.0063312109932303438 0.0084630088426084042 0.0055496960878372199 -0.0064966233670711512 -0.0092357385787181553 0.0067032136452987549 -0.00032394254723420513 0.0067203814163804059 0.0068747219746001067 -0.014723374754345667 0.0077713151329330031 0.0070544482166455553 0.00085189705248922109 0.0063013312657578639 -0.007675962788925972 -0.0086091871466487651 0.0046398248438808054 -0.010385103783859262 0.0010748666246206717 -0.0035556107504113067 -0.00050936763524077843 -0.0018352461335737081 -0.009119587496894857 0.0035353013659241029 0.0094027922038609785 -0.0013826346998102963 -0.0080625845002941787 0.0009071585023775697
leaf_weight=30 29 21 25 21 25 25 26 22 26 25 24 30 21 22 25 26 32 20 44 29 325 31 20 21 23 27 30 25 20 28
leaf_count=30 29 21 25 21 25 25 26 22 26 25 24 30 21 22 25 26 32 20 44 29 325 31 20 21 23 27 30 25 20 28
internal_value=3.35304e-12 0.000288456 6.76907e-05 0.000274064 0.000121568 -1.86209e-05 0.000153118 -3.61526e-05 0.0002308 6.78785e-05 -0.00320466 -0.00803792 0.000495468 0.000292286 7.1237e-05 -0.000146679 -0.00393567 0.000186612 -6.89869e-05 0.000214741 -0.000134191 -0.00182064 -0.00635419 0.00281007 -0.000613341 -0.00255254 0.00159644 0.00450033 -0.000538642 -0.00283023
internal_weight=1098 1068 1039 1018 993 968 943 922 896 874 101 56 773 752 727 705 57 648 622 602 558 233 49 45 184 98 86 55 75 48
internal_count=1098 1068 1039 1018 993 968 943 922 896 874 101 56 773 752 727 705 57 648 622 602 558 233 49 45 184 98 86 55 75 48
is_linear=0
shrinkage=0.05


Tree=89
num_leaves=31
num_cat=0
split_feature=4 1 17 4 4 16 11 3 15 1 15 14 16 0 4 2 12 1 12 2 10 6 17 3 0 3 2 1 13 12
split_gain=1.35829 4.21809 1.18942 0.436111 0.366614 1.08907 0.964585 1.9271 0.806178 0.892536 0.612618 0.549147 0.490113 0.427015 0.385404 0.371362 0.36942 0.365558 0.295122 0.372306 0.333288 0.324405 0.286801 0.319928 0.31025 0.265029 0.309126 0.340647 0.507262 0.358337
threshold=-1.3656285082275821 -0.84019056833739691 -0.47209146841674438 -1.1828205149284974 -0.36598408374402575 1.268906822710741 -0.10110303286476101 -0.28304145787759866 -0.24190556505059774 -0.85032416181993364 0.35106477233773836 -1.0120550710016183 -0.20003024551246096 -0.49506752822521233 -0.29148860122000192 -0.43695804002907473 -0.2298589273204677 0.33154062105946019 -0.88880685794536907 0.85474357373191012 -0.014514152842857076 1.0000000180025095e-35 0.10648585867763498 0.66451501587931172 -0.64768751397378299 -0.42035272218100111 0.56274840925211211 0.22917517014981312 -0.50151869250622816 0.95253311268087593
decision_type=2 2 2 2 2 2 2 2 2 2 2 2 2 2 2 2 2 2 2 2 2 2 2 2 2 2 2 2 2 2
left_child=1 -1 -2 -4 5 6 7 8 9 11 -10 -5 -8 -11 15 -6 -12 -14 19 20 -16 22 23 24 -20 -26 27 29 -29 -27
right_child=2 -3 3 4 14 -7 12 -9 10 13 16 -13 17 -15 18 -17 -18 -19 21 -21 -22 -23 -24 -25 25 26 -28 28 -30 -31
leaf_value=0.00785811609433343 0.012440543381380849 -0.022826370920908327 0.0059705047687936214 -0.0040978383992544632 0.010135875418782234 -0.011270811376520076 0.010055062795678776 -0.013882313455424964 0.010124298530475547 -0.013574885251000524 -0.0048639450594782831 0.0067334958747960628 0.006934834995190613 -0.004261591899557971 0.004040351225172773 0.001073421835182951 0.003798526615719311 -0.0014960996406443883 0.0050359230934797477 0.0088735598228162245 -0.0040939836861798541 -0.0060653361195529051 -0.0056027916614853207 0.0022209320237743671 -0.0061534815522133034 0.00069806710124664412 -0.0049146492992128647 -0.00050107745298494898 -0.0091893086442723874 0.0078528588241897537
leaf_weight=21 20 24 31 22 20 26 24 31 24 20 20 25 20 32 34 26 32 36 24 21 20 22 21 160 22 140 35 105 20 20
leaf_count=21 20 24 31 22 20 26 24 31 24 20 20 25 20 32 34 26 32 36 24 21 20 22 21 160 22 140 35 105 20 20
internal_value=-1.42895e-11 -0.00850694 0.000363545 0.000129721 -5.09821e-05 -0.00147327 -0.000582586 -0.00239213 -0.000356723 -0.00333014 0.00351654 0.00166351 0.00407698 -0.00784363 0.00059214 0.00501362 0.000466807 0.00151495 0.00027632 0.00322449 0.00102763 -0.000112279 0.000127149 0.000355911 -0.000459399 -0.000845035 -0.00048008 6.45167e-05 -0.00189119 0.00159242
internal_weight=1098 45 1053 1033 1002 312 286 206 175 99 76 47 80 52 690 46 52 56 644 75 54 569 547 526 366 342 320 285 125 160
internal_count=1098 45 1053 1033 1002 312 286 206 175 99 76 47 80 52 690 46 52 56 644 75 54 569 547 526 366 342 320 285 125 160
is_linear=0
shrinkage=0.05


Tree=90
num_leaves=31
num_cat=0
split_feature=2 4 17 10 4 3 17 2 4 0 10 6 10 2 3 4 4 10 3 0 1 11 4 0 0 4 10 4 1 10
split_gain=1.28391 1.35416 1.08731 0.710258 0.431947 0.501256 0.356499 0.383242 0.408786 0.417386 0.296916 0.252062 0.186728 0.195503 0.381846 0.189753 0.491059 0.389645 0.326762 0.612526 0.277588 0.407072 0.396107 0.506083 0.663752 0.549701 0.372537 0.361313 0.352629 0.319228
threshold=-1.0720132510397153 -1.4783519357310393 -0.46838640468606579 -0.6162674701495483 -1.1828205149284974 -1.231227537264912 -0.46455645609362967 -0.90528127038311712 -0.88287817739755947 -0.76378691229064255 -0.54414733816164573 3.5619030007599064 -0.52090072896537365 2.9525163457751549 1.8711255881094189 -0.56251492908700962 -0.49112342500148681 0.08143993618005313 -0.49109750028813143 -0.36634372931467479 -0.78945939302042478 -0.53701412599861043 0.049622292442633449 -0.086352559004889154 -0.49709644974919626 -0.06310113506082364 0.25671689647641299 0.19060826046507331 0.37045325184935973 -0.35010616006989087
decision_type=2 2 2 2 2 2 2 2 2 2 2 2 2 2 2 2 2 2 2 2 2 2 2 2 2 2 2 2 2 2
left_child=1 -1 -2 -4 -5 -6 -7 -8 -9 -10 -11 12 -12 14 15 17 -17 -14 19 -18 -20 -22 23 24 -23 26 -25 28 -24 -26
right_child=2 -3 3 4 5 6 7 8 9 10 11 -13 13 -15 -16 16 18 -19 20 -21 21 22 27 25 29 -27 -28 -29 -30 -31
leaf_value=0.00018659720108622597 0.0088770109296698752 -0.017992470343597234 -0.009064687404870278 0.006239784281732965 -0.0077865453134290871 -0.0058046147149677079 0.0053537377515002283 -0.0053004474089847825 0.0071686178063497547 -0.0048702316042701053 0.0047642009586773143 0.0057733077422848778 0.00036680285561958262 0.004970264884177596 -0.0062434435666849225 -0.007828853416722268 -0.0097409527910792323 0.0083154717548972086 0.0044340719071375885 0.0013628396912719366 -0.0050474105203258141 -0.0011948791574686766 -0.00092215734912315384 -0.0074232489418742872 0.012636651034252003 0.0068012493529490056 0.00061892665560460761 0.00027102271519588228 -0.0092605497646478154 0.0048014795336012656
leaf_weight=21 36 20 21 29 20 24 37 33 22 28 22 21 58 20 24 20 23 21 41 27 35 25 32 24 26 21 36 284 21 26
leaf_count=21 36 20 21 29 20 24 37 33 22 28 22 21 58 20 24 20 23 21 41 27 35 25 32 24 26 21 36 284 21 26
internal_value=1.51881e-12 -0.00868124 0.000336737 3.56107e-05 0.000226717 4.71299e-05 0.000211876 0.000367643 0.000160356 0.000370632 0.000191523 0.000367148 0.000222708 9.19323e-05 -3.92056e-05 0.000167602 -0.000117357 0.00247974 0.000131 -0.0037449 0.000470397 0.000163773 0.00053224 0.00259791 0.00550025 -0.000161116 -0.00259794 -0.000436232 -0.00422605 0.00871907
internal_weight=1098 41 1057 1021 1000 971 951 927 890 857 835 807 786 764 744 720 641 79 621 50 571 530 495 158 77 81 60 337 53 52
internal_count=1098 41 1057 1021 1000 971 951 927 890 857 835 807 786 764 744 720 641 79 621 50 571 530 495 158 77 81 60 337 53 52
is_linear=0
shrinkage=0.05


Tree=91
num_leaves=31
num_cat=0
split_feature=17 3 12 10 14 16 10 0 12 1 2 8 14 16 14 12 1 1 8 11 16 16 16 10 14 13 12 1 1 4
split_gain=1.3083 0.748319 2.88875 0.647204 0.483529 2.21153 0.449109 0.428692 0.229588 0.213976 0.330893 0.291396 0.564091 0.667442 0.28777 0.457101 0.291742 0.465451 0.426128 0.392463 0.48655 0.557784 0.784573 0.931603 0.428015 0.765584 0.98958 0.777786 0.775557 0.709108
threshold=-0.47131529259551469 -1.2890940183865209 -1.1768314756384728 -0.57577138232093605 -0.91686049771006572 -0.98574672872862157 -0.5907332956866217 -0.79489704232506331 -1.1239997542263824 1.528581482320549 -0.47757004353946919 1.3269990070770978 -0.14327101657401226 0.37394964548024318 -0.83796876191074465 -1.0060340427698342 0.57001456066585099 0.79207994586180297 1.0000000180025095e-35 0.086732448740571483 1.8155901511297654 0.28861085390573515 -0.01012173968612776 -0.39731037847774647 -0.7213769556058417 0.7557627875625007 -0.57096140221120717 -0.53216197756238948 -0.46375939346951817 -0.58440614544275349
decision_type=2 2 2 2 2 2 2 2 2 2 2 2 2 2 2 2 2 2 2 2 2 2 2 2 2 2 2 2 2 2
left_child=-1 2 -2 -4 5 8 -6 -8 -3 11 -11 14 -13 -14 15 -9 19 18 -18 20 21 22 24 -24 29 26 -26 -28 -29 -16
right_child=1 4 3 -5 6 -7 7 9 -10 10 -12 12 13 -15 16 -17 17 -19 -20 -21 -22 -23 23 -25 25 -27 27 28 -30 -31
leaf_value=-0.010297877634099374 -0.0091460210154764351 -0.0013253010816269501 0.019729226262134036 0.0073015827188183642 0.0075021799853337671 -0.01769625015468115 -0.0071331047592684636 -0.0013928869285155087 0.0051428324826385671 -0.0074988266283815552 0.00032656637419547357 -0.0025789828867548042 0.01204096804229686 0.00091576709944222654 -0.010462275139339594 0.0089426136142877945 0.0094526902021419626 -0.00064126893485081391 0.00022801138804338521 -0.0043269142691717772 -0.0075481189459207509 0.0033504860022583525 -0.01490375511813909 -0.0006661310326308012 -0.0076429748239043435 0.0054835820570588115 0.0093434147471562045 -0.0088439510076899416 0.0014477682478807082 -6.1400313126413445e-05
leaf_weight=30 22 34 20 22 21 21 20 20 23 22 35 27 26 28 23 23 31 64 21 61 21 111 20 27 39 73 25 22 109 57
leaf_count=30 22 34 20 22 21 21 20 20 23 22 35 27 26 28 23 23 31 64 21 61 21 111 20 27 39 73 25 22 109 57
internal_value=-9.22947e-12 0.000289266 0.00553136 0.0132195 -4.4891e-05 -0.00382559 0.00027357 0.000105834 0.00128465 0.000269426 -0.00269376 0.000473414 0.0033219 0.00627235 0.000164541 0.0041354 -7.79972e-05 0.00221362 0.00572734 -0.000530086 -9.06047e-05 0.000218897 -0.000661119 -0.00672469 0.000157812 0.00111586 -0.000519235 0.0012617 -0.000280612 -0.00305165
internal_weight=1098 1068 64 42 1004 78 926 905 57 885 57 828 81 54 747 43 704 116 52 588 527 506 395 47 348 268 195 156 131 80
internal_count=1098 1068 64 42 1004 78 926 905 57 885 57 828 81 54 747 43 704 116 52 588 527 506 395 47 348 268 195 156 131 80
is_linear=0
shrinkage=0.05


Tree=92
num_leaves=31
num_cat=0
split_feature=4 1 4 17 0 15 10 9 4 1 11 1 17 17 16 13 16 13 14 14 12 13 17 15 15 15 2 15 16 4
split_gain=1.24552 2.19944 1.19767 0.491405 0.590162 0.766819 1.56034 0.845082 0.341151 0.35998 0.35513 0.408189 0.427774 0.358935 0.377728 0.901959 0.522892 0.650914 0.466219 0.388485 0.384347 0.325936 0.271703 0.255908 0.229529 0.423667 0.451275 0.419488 0.497044 0.373592
threshold=-1.2806775193843971 -0.84019056833739691 -1.1828205149284974 -0.46838640468606579 -0.68758963727880074 -0.24190556505059774 -0.57577138232093605 -0.20053895549214068 -0.8420363558383358 -0.72164071267397667 -0.62590646370151182 -0.78945939302042478 0.10648585867763498 -0.14163115156945069 -0.48727782419875748 0.46356216523080912 -0.30703801743948922 0.29671584040136884 -0.7213769556058417 -0.35478329849720935 -0.41716189835729883 0.7557627875625007 -0.39865899232451485 -0.12670339179865095 0.99964995198563511 -0.22265427349921144 -0.46420406770060524 -0.0089038220675490068 0.12548133914122428 0.74376989166319774
decision_type=2 2 2 2 2 2 2 2 2 2 2 2 2 2 2 2 2 2 2 2 2 2 2 2 2 2 2 2 2 2
left_child=1 -1 -2 -4 5 6 -5 -7 9 -6 -10 23 13 14 15 -13 22 19 -17 -18 21 -20 -16 -12 25 29 -27 -28 -29 -21
right_child=2 -3 3 4 8 7 -8 -9 10 -11 11 12 -14 -15 16 18 17 -19 20 24 -22 -23 -24 -25 -26 26 27 28 -30 -31
leaf_value=0.0036196557674556974 0.011198582693934441 -0.01646095909100647 0.0064254464088783908 0.00014558671366261399 0.00012788290257082768 0.0062353010899547879 -0.018950093997409569 -0.0051643504923590267 -0.0046793107534884608 0.0082926243974792754 0.00053235592887453413 -0.008880261824417271 -0.0057239176885735613 0.0044052152143677281 0.00097085691615939138 -0.005388825383658211 0.0054415939388693206 -0.00834754395552657 -0.0038635540564428087 0.0024205924314276801 0.0066636288582750634 0.0035958683635625571 0.0077560289400733177 0.007493233661197367 0.0032780050592338471 -0.0080165989464148889 -0.0069332098327577118 -0.0055812881958055578 0.0020778136030802953 -0.0039176884938829709
leaf_weight=25 25 30 30 23 27 29 20 37 37 27 23 38 31 49 25 30 36 22 32 137 28 27 36 31 47 28 25 28 87 28
leaf_count=25 25 30 30 23 27 29 20 37 37 27 23 38 31 49 25 30 36 22 32 137 28 27 36 31 47 28 25 28 87 28
internal_value=-1.25109e-12 -0.00733341 0.000386709 0.000121191 -7.02334e-05 -0.00354046 -0.00873613 -0.000155413 0.000360091 0.00421025 0.00010808 0.000332869 2.42049e-05 0.000277678 -3.15714e-05 -0.0021876 0.000638138 3.41147e-05 -1.39183e-05 0.000477375 0.0018395 -0.00044992 0.00497522 0.00452842 7.08111e-06 -0.000454581 -0.00222203 -0.00106312 0.000212989 0.00134501
internal_weight=1098 55 1043 1018 988 109 43 66 879 54 825 788 734 703 654 155 499 438 117 416 87 59 61 54 380 333 168 140 115 165
internal_count=1098 55 1043 1018 988 109 43 66 879 54 825 788 734 703 654 155 499 438 117 416 87 59 61 54 380 333 168 140 115 165
is_linear=0
shrinkage=0.05


Tree=93
num_leaves=31
num_cat=0
split_feature=17 1 3 16 0 3 12 12 12 2 4 9 0 12 4 0 10 11 3 0 1 10 1 9 3 2 9 2 4 17
split_gain=1.21092 0.726476 2.47691 0.48335 0.467419 0.325328 0.293047 0.78818 0.513481 0.407948 0.501747 1.47412 0.539035 0.336645 0.275562 0.460361 0.342782 0.27098 0.360863 0.368277 0.691068 0.44299 0.392877 0.33546 0.269335 0.332907 0.319262 0.294928 0.328826 0.333338
threshold=-0.47131529259551469 -0.86782046678797109 -1.2890940183865209 -1.030741372965881 -0.84607095187443637 -1.2157163440067953 -0.88655434404907274 -0.82808686273478427 -0.94597356767825902 -0.73889200705572045 -0.67360468372809779 -0.21180918054676587 -0.75386774039560989 -0.10349729090258837 -0.74483282052738364 -0.36634372931467479 0.26889663586914064 -0.55115550691193749 2.1514145673898533 0.84717677775261702 0.29175291117381347 0.22642211321531372 1.2820839369931341 1.0000000180025095e-35 -0.49109750028813143 -0.59820654341844681 -0.21502729131007989 -0.50515878854020124 -0.47462332909156052 -0.45030509576984251
decision_type=2 2 2 2 2 2 2 2 2 2 2 2 2 2 2 2 2 2 2 2 2 2 2 2 2 2 2 2 2 2
left_child=-1 -2 3 -3 -4 -6 8 -8 14 13 11 -11 -12 -9 -7 -16 -17 -14 19 21 -21 24 -22 -23 26 -26 -19 -27 -29 -30
right_child=1 2 4 -5 5 6 7 9 -10 10 12 -13 17 -15 15 16 -18 18 -20 20 22 23 -24 -25 25 27 -28 28 29 -31
leaf_value=-0.009907212850715344 -0.0091614625323563816 0.017002463361005422 -0.0074374921597717778 0.0066359682309584146 -0.0059103146110745996 0.0056982588410998385 -0.0092589738900246826 0.0092361942643211011 0.0085165731216504895 -0.01289978237889175 0.0077204417842237846 0.0030520754850779973 -0.0056555154644662431 0.0012703384997116195 -0.0055655953618858403 0.004682493708529618 -0.0025899907645697776 0.00074255718383938081 0.0065623051010160931 -0.011398399192839862 0.0049865376146044586 0.007421631627302203 -0.0045021001346564537 -3.1658686482562467e-05 0.0063232704597924435 -0.0056322429045710873 -0.0078110462054610252 -0.0058950536884367468 0.003442176089037019 -0.00023325634867710581
leaf_weight=30 20 23 21 22 22 24 23 21 27 28 23 30 21 36 29 43 26 20 21 20 20 36 24 26 21 23 24 21 78 295
leaf_count=30 20 23 21 22 22 24 23 21 27 28 23 30 21 36 29 43 26 20 21 20 20 36 24 26 21 23 24 21 78 295
internal_value=1.23506e-11 0.000278293 0.000458441 0.0119344 -5.6433e-05 0.00010141 0.000239179 -0.000135264 0.00227725 0.000131037 -0.000186641 -0.00464882 0.000197915 0.00420513 0.000896421 -0.000279539 0.00194214 -6.82667e-05 0.000118271 -0.000104302 -0.00369199 0.000317779 -0.000189083 0.00429606 -0.00019395 0.000180662 -0.00392304 -0.000128678 0.000192596 0.000535333
internal_weight=1098 1068 1048 45 1003 982 960 811 149 788 731 58 673 57 122 98 69 650 629 608 64 544 44 62 482 438 44 417 394 373
internal_count=1098 1068 1048 45 1003 982 960 811 149 788 731 58 673 57 122 98 69 650 629 608 64 544 44 62 482 438 44 417 394 373
is_linear=0
shrinkage=0.05


Tree=94
num_leaves=31
num_cat=0
split_feature=3 17 17 3 14 16 0 17 12 4 2 11 12 17 2 14 11 0 15 11 4 12 13 16 16 15 17 1 1 9
split_gain=1.23707 1.11511 0.788076 0.620473 0.397373 2.01007 0.631325 0.481994 0.216041 0.208636 0.404121 0.329674 0.382493 0.356953 0.31196 0.246754 0.551599 0.50533 0.527038 0.307827 0.635989 0.324711 0.320917 0.374422 0.40054 0.305666 0.432517 0.272432 0.619807 0.447567
threshold=-1.3518828708003736 -0.47209146841674438 0.82364852650742848 -1.2890940183865209 -0.91686049771006572 -0.98574672872862157 -0.81879322916309649 -0.4657453391572326 -1.1239997542263824 -1.0539237260875878 -0.90528127038311712 -0.56544395983020845 -1.0060340427698342 0.047553310068128858 2.2910719004159881 -0.53653662843376881 -0.44996424573527283 -0.010606155442821544 -0.10347961151443884 -0.31128208562695991 0.067919428501165627 -0.23629319214967756 0.35321306721445495 -0.36562228262881502 -0.27847685309150161 0.88047529000086266 -0.35728267727630086 0.22917517014981312 0.42323025093410699 0.27665596517100882
decision_type=2 2 2 2 2 2 2 2 2 2 2 2 2 2 2 2 2 2 2 2 2 2 2 2 2 2 2 2 2 2
left_child=2 -2 -1 -3 5 8 -6 -8 -5 -9 -11 12 -12 14 15 17 -17 18 -13 20 -18 -22 23 -21 -25 -20 -27 29 -29 -26
right_child=1 3 -4 4 6 -7 7 9 -10 10 11 13 -14 -15 -16 16 19 -19 25 22 21 -23 -24 24 27 26 -28 28 -30 -31
leaf_value=-0.015516264935722574 0.011753257061354817 0.0082351583734397663 -0.0022002159915864468 -0.0011581940973615823 0.0080551334097981458 -0.016722148790999893 -0.0068454629527404907 -0.0037055505333806978 0.0051162083592751761 0.007369801135500894 -0.00062698445467771413 -0.0078417599853128194 0.0065068725507617707 -0.0064151394096287817 0.005655038343563016 0.0082696657982610534 -0.0081579907310449281 -0.0080379999941214923 0.0046960572427552612 -0.0047067850089562756 0.0057285951683297759 -0.0030741251370107587 0.0049549719583041772 0.0074472658336162574 0.00020927665004437076 0.0022420547084149086 -0.0070762589434161778 -0.005405496311856009 0.00059355142525005663 0.0064660625577044606
leaf_weight=20 21 23 25 34 25 21 25 33 23 20 34 20 42 22 24 21 33 28 36 37 20 22 37 20 107 33 20 57 176 39
leaf_count=20 21 23 25 34 25 21 25 33 23 20 34 20 42 22 24 21 33 28 36 37 20 22 37 20 107 33 20 57 176 39
internal_value=1.6418e-11 0.000346943 -0.00811846 0.000114838 -7.02639e-05 -0.00349835 0.000216944 6.58137e-07 0.00137358 0.000194929 0.000346717 0.000177077 0.00331541 -0.000140095 4.90163e-05 -0.000141557 0.000317117 -0.00204656 -0.000507473 1.23659e-05 -0.00296363 0.00111765 0.000484247 0.000104851 0.000551043 0.00114068 -0.00127429 0.000187126 -0.000874027 0.00188061
internal_weight=1098 1053 45 1032 1009 78 931 906 57 881 848 828 76 752 730 706 569 137 109 548 75 42 473 436 399 89 53 379 233 146
internal_count=1098 1053 45 1032 1009 78 931 906 57 881 848 828 76 752 730 706 569 137 109 548 75 42 473 436 399 89 53 379 233 146
is_linear=0
shrinkage=0.05


Tree=95
num_leaves=31
num_cat=0
split_feature=17 4 12 13 1 14 10 4 0 12 11 2 10 15 6 0 17 9 9 9 14 14 4 13 11 13 12 11 0 17
split_gain=1.15782 0.73026 0.526798 0.917234 0.290807 1.64572 0.395728 0.423919 0.406484 0.362667 0.331644 0.483595 0.403827 0.328263 0.294758 0.229409 0.322351 0.305993 0.413804 0.331078 0.265143 0.731555 0.498303 0.271481 0.27731 0.32745 0.237724 0.565544 0.547696 0.690624
threshold=-0.47131529259551469 -1.419866447258231 -1.1939860881917237 1.2357567421387727 -0.84932664013537085 -0.91686049771006572 -0.5907332956866217 -1.0539237260875878 -0.78407612753048217 -1.073780386869726 -0.56796821331930436 -0.064767020516092691 -0.040110153394071514 -1.5085183187092697 1.0000000180025095e-35 2.7031891007481614 0.032595381245974844 -0.43443841862764465 -0.46326449241074752 -0.40611318549872405 -0.53653662843376881 -0.36893039358972063 -0.06310113506082364 -0.8811378561512998 -0.082961528378688518 0.29671584040136884 0.23168740086582959 -0.17604442684661389 -0.47207308428672751 -0.42940677635058538
decision_type=2 2 2 2 2 2 2 2 2 2 2 2 2 2 2 2 2 2 2 2 2 2 2 2 2 2 2 2 2 2
left_child=-1 -2 -3 4 9 -6 -7 -8 -9 -4 11 12 -10 -12 15 16 17 18 20 -19 22 -22 -15 -23 25 -25 -21 -28 -29 -30
right_child=1 2 3 -5 5 6 7 8 10 -11 13 -13 -14 14 -16 -17 -18 19 -20 26 21 23 -24 24 -26 -27 27 28 29 -31
leaf_value=-0.0096875638095662003 0.0078340370883984902 -0.0067189584818801709 0.0089580284687690442 0.010834816412534566 -0.013384452664657778 0.0069414975476406876 -0.0056533890819991939 -0.0068382775830104952 0.012266944399161732 0.00014245735198658492 -0.0061072979297023267 -0.0007725113522610628 0.0024502351917114785 -0.0066861873438868388 -0.004541759816328845 0.0055869859687629198 -0.0058177695742675237 -0.0064008985468674276 0.0085082278925586834 0.0012679261329764154 0.0097693282844764848 0.0058524136478081343 0.0020822109459617804 0.0048192865486877661 -0.0052983104595509568 -0.0026989684872595326 -0.0066497982504140395 0.0052306398251676005 -0.0030857528027679239 0.0052930542748541604
leaf_weight=30 31 28 20 20 23 21 32 20 20 28 21 36 22 26 31 21 21 21 22 204 28 20 43 30 23 28 38 40 119 31
leaf_count=30 31 28 20 20 23 21 32 20 20 28 21 36 22 26 31 21 21 21 22 204 28 20 43 30 23 28 38 40 119 31
internal_value=-3.64195e-11 0.000272123 4.60672e-05 0.000233798 1.94199e-05 -0.000174222 0.000156753 -2.08716e-06 0.000206978 0.00381561 0.00037373 0.00347992 0.00712486 5.78464e-05 0.000231396 0.000438344 0.000282549 0.000472901 0.00200278 -0.000270085 0.00127995 0.00261811 -0.00122182 0.00063559 -0.000652514 0.00118978 2.79405e-05 -0.00108152 3.21352e-05 -0.00135413
internal_weight=1098 1068 1037 1009 989 941 918 897 865 48 845 78 42 767 746 715 694 673 220 453 198 129 69 101 81 58 432 228 190 150
internal_count=1098 1068 1037 1009 989 941 918 897 865 48 845 78 42 767 746 715 694 673 220 453 198 129 69 101 81 58 432 228 190 150
is_linear=0
shrinkage=0.05


Tree=96
num_leaves=31
num_cat=0
split_feature=3 17 0 13 2 2 11 17 17 12 0 15 0 2 2 16 10 16 4 2 13 16 12 10 10 15 12 9 17 2
split_gain=1.15964 1.11315 0.897886 0.730917 0.592029 0.580787 0.345186 0.688567 0.561286 0.476035 0.498414 0.996521 0.601417 0.3667 0.551928 0.362837 0.333737 0.624172 0.320418 0.395988 0.24596 0.612791 0.935776 0.356134 0.496418 0.605203 0.512844 0.415088 0.346066 0.408526
threshold=-1.3518828708003736 -0.46838640468606579 -0.84607095187443637 1.2505779383515254 -1.0171784783674527 -0.96679903097481168 -0.51063801942270104 -0.23962220799899367 -0.14163115156945069 -0.72024438654257483 -0.59696447587418422 -0.29202003829547646 -0.55120102372210156 0.94813404593935735 0.21985972138587015 -0.81166324297890236 -0.567208469093054 -0.029452532965436196 -0.81818473204774922 -0.7853302051625427 0.51255191925288723 -0.48727782419875748 -0.13639147852828495 -0.26116933206766385 -0.37635133454812891 -0.50378424536072597 0.75961719910146785 -0.27098931440354662 -0.4108854144412451 0.083458224363617037
decision_type=2 2 2 2 2 2 2 2 2 2 2 2 2 2 2 2 2 2 2 2 2 2 2 2 2 2 2 2 2 2
left_child=3 -2 -3 -1 -4 -6 7 -7 -9 15 11 -11 -12 14 18 -8 -13 -18 -10 -20 21 22 -14 24 25 -23 27 -26 -25 -30
right_child=1 2 4 -5 5 6 9 8 13 10 12 16 20 -15 -16 -17 17 -19 19 -21 -22 23 -24 28 26 -27 -28 -29 29 -31
leaf_value=-0.014984776266792324 0.0089764841780480414 -0.0095262386981630701 0.0067449217818006321 -0.0021607221961021427 -0.0079990813995457506 0.0099787935876520361 -0.00083503661444410686 -0.0069333947432460271 0.0078080031666017714 -0.013245374253019691 0.0077141414562772433 0.0038901178524471248 0.0019783215085044503 0.0067413890406896829 -0.0062642368272898472 -0.010359179778024556 0.0014608507735594627 -0.0097034966728339611 -0.0045469294501041682 0.0029683260153979063 0.0026667927808756401 -0.0040667913795914504 -0.01280974445095205 0.00017915099049691652 -0.001452130262358961 0.0035850908985457239 0.0018789839804715788 -0.010216727296688728 0.009848823835668357 0.0020794596516225286
leaf_weight=20 36 24 34 25 22 24 20 20 21 20 28 26 20 32 23 20 31 21 24 65 86 40 23 152 22 73 24 35 23 64
leaf_count=20 36 24 34 25 22 24 20 20 21 20 28 26 20 32 23 20 31 21 24 65 86 40 23 152 22 73 24 35 23 64
internal_value=8.66662e-12 0.00033591 3.00493e-05 -0.0078603 0.000261017 3.11393e-05 0.000219682 0.00201078 0.000977092 -0.00029452 1.37697e-05 -0.00328828 0.000562246 0.00193594 0.000779741 -0.00559711 -0.000735179 -0.00304783 0.00225257 0.00094174 0.000205924 -0.000238687 -0.00593157 0.000326657 -0.00126493 0.00087646 -0.00425231 -0.0068339 0.00161857 0.00413343
internal_weight=1098 1053 1017 45 993 959 937 209 185 728 688 98 590 165 133 40 78 52 110 89 562 476 43 433 194 113 81 57 239 87
internal_count=1098 1053 1017 45 993 959 937 209 185 728 688 98 590 165 133 40 78 52 110 89 562 476 43 433 194 113 81 57 239 87
is_linear=0
shrinkage=0.05


Tree=97
num_leaves=31
num_cat=0
split_feature=17 2 0 14 12 0 0 1 1 16 9 14 9 1 17 12 1 3 15 2 1 2 14 9 4 9 15 2 9 15
split_gain=1.11161 0.728615 0.715669 0.326323 0.795746 0.372209 0.328167 0.265462 0.934422 0.306098 0.187762 0.398728 0.560856 0.451222 0.383558 0.378216 0.339293 0.375592 0.622359 0.37412 0.301967 0.785716 0.63298 0.650337 1.00061 0.454158 0.444739 0.375761 0.673848 0.392633
threshold=-0.47131529259551469 -1.0853792268785794 -0.90648772614418072 -0.99066966052995242 -1.1768314756384728 -0.80120924262190218 -0.76378691229064255 -0.84019056833739691 -0.85032416181993364 -1.0090550463328885 0.18877218412998295 1.0222387699487105 -0.12832634562384851 0.57001456066585099 -0.41569983525770349 -0.1696771273884943 0.12239584761482784 -0.15402954052042109 0.21829197584444693 -0.29918567369001509 0.22095509165853969 0.13023913979964105 0.41580254087677043 -0.29866089409197311 -0.78110035807197431 -0.23007843691973182 0.95274402733265429 -0.31477931216868976 -0.56621514504001935 0.30950642867125361
decision_type=2 2 2 2 2 2 2 2 2 2 2 2 2 2 2 2 2 2 2 2 2 2 2 2 2 2 2 2 2 2
left_child=-1 -2 -3 4 -4 -5 -7 8 -8 -9 11 13 -13 20 15 -12 -17 18 -18 -19 22 -22 23 24 -11 -25 -27 28 -26 -29
right_child=1 2 3 5 -6 6 7 9 -10 10 14 12 -14 -15 -16 16 17 19 -20 -21 21 -23 -24 25 27 26 -28 29 -30 -31
leaf_value=-0.0094922677753493199 0.0080836738427651333 -0.0090881053690931631 -0.0026054068729281427 -0.0059981936924159533 0.0094729556275221227 0.00621812247925184 0.0034727266823340744 0.0061864834400780855 -0.011628382051712835 -0.0090157372746616608 -0.0042094062383779716 -0.00047305052394222005 -0.011146560271736236 0.0056706143289127139 0.0077126329454282926 0.0060414781920639258 -0.0064519898708615651 0.0061721474883961493 0.0039687736385056512 -0.00025972803414333614 -0.008832604539202293 0.0038006318407133224 0.0079519430408254276 -0.0094917474728491574 -1.6821273452331945e-05 0.00054934742332149586 -0.0082241356052691113 -0.0024684805487116758 0.010787615818143996 0.0017743359763812217
leaf_weight=30 29 21 25 25 30 22 21 21 20 25 34 32 20 33 21 34 38 40 23 52 32 20 24 27 31 52 20 76 27 193
leaf_count=30 29 21 25 25 30 22 21 21 20 25 34 32 20 33 21 34 38 40 23 52 32 20 24 27 31 52 20 76 27 193
internal_value=-1.85315e-11 0.000266637 4.84518e-05 0.000236927 0.00398279 2.29888e-05 0.000183468 3.85309e-05 -0.00389367 0.000222783 7.61341e-05 -0.000390071 -0.00457825 -1.16888e-06 0.00125513 0.000641523 0.00152351 0.000519518 -0.00252285 0.00253674 -0.000356328 -0.00397367 3.96755e-05 -0.000381376 0.000625548 -0.00396155 -0.00188773 0.00136265 0.00501283 0.000575622
internal_weight=1098 1068 1039 1018 55 963 938 916 41 875 854 612 52 560 242 221 187 153 61 92 527 52 475 451 352 99 72 327 58 269
internal_count=1098 1068 1039 1018 55 963 938 916 41 875 854 612 52 560 242 221 187 153 61 92 527 52 475 451 352 99 72 327 58 269
is_linear=0
shrinkage=0.05


Tree=98
num_leaves=31
num_cat=0
split_feature=3 0 3 10 16 9 10 12 4 6 0 2 15 3 13 0 0 4 0 1 17 14 16 14 12 12 3 4 10 0
split_gain=1.11429 0.463807 0.640213 0.479169 0.748827 0.714578 0.649745 1.03111 0.585133 0.328527 0.331862 0.460038 0.756904 0.285419 0.504594 0.237737 0.335213 0.285686 0.284713 0.261596 0.519836 0.378936 0.76266 0.533283 0.430366 0.471681 0.473163 0.525161 0.45215 0.343082
threshold=-1.4052848756336687 -0.92339540551071364 -1.2890940183865209 -0.55632707755437338 0.60606864679511263 -0.38545964848487829 -0.50933925045552553 -0.18834985829646447 -0.32187491646006428 3.5619030007599064 2.8210919848641178 -0.98393489743489371 -1.664514895486773 -0.78987399035222505 1.1146282533385323 -0.51670935781437444 -0.63821921352852462 -0.44391027927902432 -0.49146055662701865 -0.78945939302042478 0.10648585867763498 -0.53653662843376881 -0.64843186728332958 -0.46165997358838418 0.28609280945213916 0.34372352794573308 -0.3195013475654967 -0.16340864881027678 -0.35261011664555314 -0.35191584292189998
decision_type=2 2 2 2 2 2 2 2 2 2 2 2 2 2 2 2 2 2 2 2 2 2 2 2 2 2 2 2 2 2
left_child=-1 -2 -3 4 5 -4 7 -5 -9 10 11 -8 -13 14 -14 16 -15 -18 -17 -20 21 22 -21 -23 28 -26 -27 -28 29 -25
right_child=1 2 3 6 -6 -7 9 8 -10 -11 -12 12 13 15 -16 18 17 -19 19 20 -22 23 -24 24 25 26 27 -29 -30 -31
leaf_value=-0.0095037199417129167 -0.0070903088898852558 0.0073778566133114514 0.0075325076645683681 0.0039426859002560377 0.011106574625708163 -0.0045782449045057953 -0.0073803959918829314 -0.015348932829995951 -0.0038051011243268201 0.0062820205168629241 0.0058897240785881879 0.0097213408385869119 -0.008253197628073394 -0.0017726365485470051 0.0017418091306867806 -0.0050309536320253699 0.0097762611962389206 0.0021114043741216585 0.0033635198556887058 0.00064413427682002153 -0.0074797310206728687 0.0073408652263294381 -0.0083246605691352973 0.010659148374741729 -0.0082680724034814735 -0.0068222197274175975 0.0078123669694399548 -0.0007638766581462618 0.00062051880787765488 0.0016108385135885327
leaf_weight=30 21 32 21 22 25 29 21 21 23 22 24 20 28 27 23 29 20 31 54 63 24 28 38 22 23 26 21 119 191 20
leaf_count=30 21 32 21 22 25 29 21 21 23 22 24 20 28 27 23 29 20 31 54 63 24 28 38 22 23 26 21 119 191 20
internal_value=-5.37281e-12 0.000266958 0.000414525 0.000194992 0.00404104 0.000508271 -0.000111874 -0.00489554 -0.00931466 0.000249364 9.35917e-05 -7.44122e-05 0.000115706 -0.000128401 -0.00374565 0.00012225 0.00273228 0.00511723 -0.000187145 3.61784e-05 -0.000276302 3.74587e-05 -0.00273026 0.000658659 0.000215289 -0.00155759 -0.000627827 0.00052256 0.00165338 0.00635043
internal_weight=1098 1068 1047 1015 75 50 940 66 44 874 852 828 807 787 51 736 78 51 658 629 575 551 101 450 422 189 166 140 233 42
internal_count=1098 1068 1047 1015 75 50 940 66 44 874 852 828 807 787 51 736 78 51 658 629 575 551 101 450 422 189 166 140 233 42
is_linear=0
shrinkage=0.05


Tree=99
num_leaves=31
num_cat=0
split_feature=2 4 17 10 4 3 17 0 6 0 8 9 9 4 3 10 10 3 13 2 9 2 2 14 4 10 16 9 4 10
split_gain=1.02962 1.27751 1.10193 0.592834 0.385889 0.488025 0.262754 0.363181 0.246304 0.308535 0.161887 0.435 0.717307 0.407649 0.515023 0.396873 0.477718 0.393989 0.368639 0.353615 0.481003 0.978296 1.03532 0.648629 0.426592 0.338552 0.324747 0.347101 0.321375 0.296209
threshold=-1.0720132510397153 -1.4783519357310393 -0.46838640468606579 -0.6162674701495483 -1.1828205149284974 -1.231227537264912 -0.46455645609362967 -0.76378691229064255 3.5619030007599064 3.1067190482960809 -0.28835011683715206 -0.29866089409197311 -0.21949229395486672 -0.61136174767184104 -0.32568293011854693 -0.37183803010310795 -0.44269072728110742 1.595930690747702 -0.55439282471168883 -0.70907559941517762 -0.61198048956314632 -0.083616473622182955 0.68098588782667824 -0.4961233378519912 -0.12452723468589592 -0.29814133286386252 -0.86933626605331182 -0.43443841862764465 0.71109643441581882 -0.13952650336110731
decision_type=2 2 2 2 2 2 2 2 2 2 2 2 2 2 2 2 2 2 2 2 2 2 2 2 2 2 2 2 2 2
left_child=1 -1 -2 -4 -5 -6 -7 -8 9 10 17 26 -13 -14 18 16 -16 19 -15 -9 24 -22 23 -23 -21 -17 -12 -28 -26 -27
right_child=2 -3 3 4 5 6 7 8 -10 -11 11 12 13 14 15 25 -18 -19 -20 20 21 22 -24 -25 28 29 27 -29 -30 -31
leaf_value=0.00083905726316429313 0.0088990145776834759 -0.016818055119365457 -0.0083156639177884382 0.0058564504989872465 -0.0077263302681967617 -0.0049994014513989292 0.0053715312141267698 -0.0039740490887699457 0.0053313335022804418 0.0061129760835319756 -0.0012525589330559315 -0.0081303267224159623 0.0050770619553268739 -0.010490926066413523 -8.2617955790324652e-05 -0.0061498167030513287 0.0088853215143360476 -0.005828271187036424 -0.00089094294613460082 0.0056416591847919979 0.0027364555270723363 -0.016605229752603919 0.0034028295586308976 -0.0051939567733136236 -0.0016338271947045414 0.0036327954630778975 0.0077289346637288954 0.0015495796213570506 0.0045515566505491736 -0.0013079567183895847
leaf_weight=21 36 20 21 29 20 24 34 58 22 20 33 28 38 20 33 25 27 37 20 57 63 20 22 33 70 43 44 47 30 103
leaf_count=21 36 20 21 29 20 24 34 58 22 20 33 28 38 20 33 25 27 37 20 57 63 20 22 33 70 43 44 47 30 103
internal_value=-2.06371e-11 -0.00777417 0.000301552 -1.59025e-06 0.000173005 3.26285e-06 0.00016582 0.000299547 0.000106437 -2.55349e-05 -0.000169801 0.000464497 -0.000467168 0.000227228 -0.000452822 0.00045421 0.00395295 -0.000919574 -0.00569093 -0.000405064 0.000296634 -0.00185686 -0.00571524 -0.0095001 0.00218951 -0.00077342 0.00299652 0.0045374 0.000221788 0.000147196
internal_weight=1098 41 1057 1021 1000 971 951 927 893 871 851 461 337 309 271 231 60 390 40 353 295 138 75 53 157 171 124 91 100 146
internal_count=1098 41 1057 1021 1000 971 951 927 893 871 851 461 337 309 271 231 60 390 40 353 295 138 75 53 157 171 124 91 100 146
is_linear=0
shrinkage=0.05


end of trees

feature_importances:
Column_4=336
Column_0=288
Column_3=272
Column_10=268
Column_17=261
Column_2=249
Column_15=218
Column_9=173
Column_12=168
Column_14=161
Column_1=153
Column_16=144
Column_11=126
Column_13=112
Column_8=46
Column_6=25

parameters:
[boosting: gbdt]
[objective: regression]
[metric: rmse]
[tree_learner: serial]
[device_type: cpu]
[data_sample_strategy: bagging]
[data: ]
[valid: ]
[num_iterations: 100]
[learning_rate: 0.05]
[num_leaves: 31]
[num_threads: 0]
[seed: 0]
[deterministic: 0]
[force_col_wise: 0]
[force_row_wise: 0]
[histogram_pool_size: -1]
[max_depth: -1]
[min_data_in_leaf: 20]
[min_sum_hessian_in_leaf: 0.001]
[bagging_fraction: 1]
[pos_bagging_fraction: 1]
[neg_bagging_fraction: 1]
[bagging_freq: 0]
[bagging_seed: 3]
[bagging_by_query: 0]
[feature_fraction: 1]
[feature_fraction_bynode: 1]
[feature_fraction_seed: 2]
[extra_trees: 0]
[extra_seed: 6]
[early_stopping_round: 0]
[early_stopping_min_delta: 0]
[first_metric_only: 0]
[max_delta_step: 0]
[lambda_l1: 0]
[lambda_l2: 0]
[linear_lambda: 0]
[min_gain_to_split: 0]
[drop_rate: 0.1]
[max_drop: 50]
[skip_drop: 0.5]
[xgboost_dart_mode: 0]
[uniform_drop: 0]
[drop_seed: 4]
[top_rate: 0.2]
[other_rate: 0.1]
[min_data_per_group: 100]
[max_cat_threshold: 32]
[cat_l2: 10]
[cat_smooth: 10]
[max_cat_to_onehot: 4]
[top_k: 20]
[monotone_constraints: ]
[monotone_constraints_method: basic]
[monotone_penalty: 0]
[feature_contri: ]
[forcedsplits_filename: ]
[refit_decay_rate: 0.9]
[cegb_tradeoff: 1]
[cegb_penalty_split: 0]
[cegb_penalty_feature_lazy: ]
[cegb_penalty_feature_coupled: ]
[path_smooth: 0]
[interaction_constraints: ]
[verbosity: -1]
[saved_feature_importance_type: 0]
[use_quantized_grad: 0]
[num_grad_quant_bins: 4]
[quant_train_renew_leaf: 0]
[stochastic_rounding: 1]
[linear_tree: 0]
[max_bin: 255]
[max_bin_by_feature: ]
[min_data_in_bin: 3]
[bin_construct_sample_cnt: 200000]
[data_random_seed: 1]
[is_enable_sparse: 1]
[enable_bundle: 1]
[use_missing: 1]
[zero_as_missing: 0]
[feature_pre_filter: 1]
[pre_partition: 0]
[two_round: 0]
[header: 0]
[label_column: ]
[weight_column: ]
[group_column: ]
[ignore_column: ]
[categorical_feature: ]
[forcedbins_filename: ]
[precise_float_parser: 0]
[parser_config_file: ]
[objective_seed: 5]
[num_class: 1]
[is_unbalance: 0]
[scale_pos_weight: 1]
[sigmoid: 1]
[boost_from_average: 1]
[reg_sqrt: 0]
[alpha: 0.9]
[fair_c: 1]
[poisson_max_delta_step: 0.7]
[tweedie_variance_power: 1.5]
[lambdarank_truncation_level: 30]
[lambdarank_norm: 1]
[label_gain: ]
[lambdarank_position_bias_regularization: 0]
[eval_at: ]
[multi_error_top_k: 1]
[auc_mu_weights: ]
[num_machines: 1]
[local_listen_port: 12400]
[time_out: 120]
[machine_list_filename: ]
[machines: ]
[gpu_platform_id: -1]
[gpu_device_id: -1]
[gpu_use_dp: 0]
[num_gpu: 1]

end of parameters

pandas_categorical:null
