철도역명,구분,노선_열차종류,행정동코드_500m,행정동명_500m,행정동코드_1000m,행정동명_1000m,행정동코드명_500m,행정동코드명_1000m,대표ID
4.19민주묘지역,지하철,우이신설선,"[1130562000, 1130564500, 1132066000]","[서울특별시 강북구 수유2동, 서울특별시 강북구 우이동, 서울특별시 도봉구 쌍문1동]","[1130562000, 1130564500, 1130566000, 1132066000, 1132071000]","[서울특별시 강북구 수유2동, 서울특별시 강북구 우이동, 서울특별시 강북구 인수동, 서울특별시 도봉구 방학3동, 서울특별시 도봉구 쌍문1동]","[1130562000:서울특별시 강북구 수유2동, 1130564500:서울특별시 강북구 우이동, 1132066000:서울특별시 도봉구 쌍문1동]","[1130562000:서울특별시 강북구 수유2동, 1130564500:서울특별시 강북구 우이동, 1130566000:서울특별시 강북구 인수동, 1132066000:서울특별시 도봉구 쌍문1동, 1132071000:서울특별시 도봉구 방학3동]",ST000003
가능역,지하철,1호선,"[4115051000, 4115052000, 4115058000, 4115059000]","[경기도 의정부시 가능1동, 경기도 의정부시 의정부1동, 경기도 의정부시 의정부2동, 경기도 의정부시 자금동]","[4115051000, 4115052000, 4115058000, 4115059000, 4115060000, 4115062000]","[경기도 의정부시 가능1동, 경기도 의정부시 가능2동, 경기도 의정부시 녹양동, 경기도 의정부시 의정부1동, 경기도 의정부시 의정부2동, 경기도 의정부시 자금동]","[4115051000:경기도 의정부시 의정부1동, 4115052000:경기도 의정부시 의정부2동, 4115058000:경기도 의정부시 자금동, 4115059000:경기도 의정부시 가능1동]","[4115051000:경기도 의정부시 의정부1동, 4115052000:경기도 의정부시 의정부2동, 4115058000:경기도 의정부시 자금동, 4115059000:경기도 의정부시 가능1동, 4115060000:경기도 의정부시 가능2동, 4115062000:경기도 의정부시 녹양동]",ST000467
가락시장역,지하철,3호선,"[1171062000, 1171063100, 1171064100, 1171064200]","[서울특별시 송파구 가락1동, 서울특별시 송파구 가락본동, 서울특별시 송파구 문정1동, 서울특별시 송파구 문정2동]","[1168075000, 1171059000, 1171062000, 1171063100, 1171063200, 1171064100, 1171064200]","[서울특별시 강남구 수서동, 서울특별시 송파구 가락1동, 서울특별시 송파구 가락2동, 서울특별시 송파구 가락본동, 서울특별시 송파구 문정1동, 서울특별시 송파구 문정2동, 서울특별시 송파구 송파2동]","[1171062000:서울특별시 송파구 가락본동, 1171063100:서울특별시 송파구 가락1동, 1171064100:서울특별시 송파구 문정1동, 1171064200:서울특별시 송파구 문정2동]","[1168075000:서울특별시 강남구 수서동, 1171059000:서울특별시 송파구 송파2동, 1171062000:서울특별시 송파구 가락본동, 1171063100:서울특별시 송파구 가락1동, 1171063200:서울특별시 송파구 가락2동, 1171064100:서울특별시 송파구 문정1동, 1171064200:서울특별시 송파구 문정2동]",ST000178
가락시장역,지하철,8호선,"[1171062000, 1171063100, 1171064100, 1171064200]","[서울특별시 송파구 가락1동, 서울특별시 송파구 가락본동, 서울특별시 송파구 문정1동, 서울특별시 송파구 문정2동]","[1168075000, 1171059000, 1171062000, 1171063100, 1171063200, 1171064100, 1171064200]","[서울특별시 강남구 수서동, 서울특별시 송파구 가락1동, 서울특별시 송파구 가락2동, 서울특별시 송파구 가락본동, 서울특별시 송파구 문정1동, 서울특별시 송파구 문정2동, 서울특별시 송파구 송파2동]","[1171062000:서울특별시 송파구 가락본동, 1171063100:서울특별시 송파구 가락1동, 1171064100:서울특별시 송파구 문정1동, 1171064200:서울특별시 송파구 문정2동]","[1168075000:서울특별시 강남구 수서동, 1171059000:서울특별시 송파구 송파2동, 1171062000:서울특별시 송파구 가락본동, 1171063100:서울특별시 송파구 가락1동, 1171063200:서울특별시 송파구 가락2동, 1171064100:서울특별시 송파구 문정1동, 1171064200:서울특별시 송파구 문정2동]",ST000178
가산디지털단지역,지하철,1호선,"[1153059500, 1154551000]","[서울특별시 구로구 가리봉동, 서울특별시 금천구 가산동]","[1153052000, 1153053000, 1153054000, 1153055000, 1153059500, 1154551000, 4121059000, 4121060000, 4121061000, 4121063400]","[경기도 광명시 철산1동, 경기도 광명시 철산2동, 경기도 광명시 철산3동, 경기도 광명시 하안4동, 서울특별시 구로구 가리봉동, 서울특별시 구로구 구로1동, 서울특별시 구로구 구로2동, 서울특별시 구로구 구로3동, 서울특별시 구로구 구로4동, 서울특별시 금천구 가산동]","[1153059500:서울특별시 구로구 가리봉동, 1154551000:서울특별시 금천구 가산동]","[1153052000:서울특별시 구로구 구로1동, 1153053000:서울특별시 구로구 구로2동, 1153054000:서울특별시 구로구 구로3동, 1153055000:서울특별시 구로구 구로4동, 1153059500:서울특별시 구로구 가리봉동, 1154551000:서울특별시 금천구 가산동, 4121059000:경기도 광명시 철산1동, 4121060000:경기도 광명시 철산2동, 4121061000:경기도 광명시 철산3동, 4121063400:경기도 광명시 하안4동]",ST000305
가산디지털단지역,지하철,7호선,"[1153059500, 1154551000]","[서울특별시 구로구 가리봉동, 서울특별시 금천구 가산동]","[1153052000, 1153053000, 1153054000, 1153055000, 1153059500, 1154551000, 4121059000, 4121060000, 4121061000, 4121063400]","[경기도 광명시 철산1동, 경기도 광명시 철산2동, 경기도 광명시 철산3동, 경기도 광명시 하안4동, 서울특별시 구로구 가리봉동, 서울특별시 구로구 구로1동, 서울특별시 구로구 구로2동, 서울특별시 구로구 구로3동, 서울특별시 구로구 구로4동, 서울특별시 금천구 가산동]","[1153059500:서울특별시 구로구 가리봉동, 1154551000:서울특별시 금천구 가산동]","[1153052000:서울특별시 구로구 구로1동, 1153053000:서울특별시 구로구 구로2동, 1153054000:서울특별시 구로구 구로3동, 1153055000:서울특별시 구로구 구로4동, 1153059500:서울특별시 구로구 가리봉동, 1154551000:서울특별시 금천구 가산동, 4121059000:경기도 광명시 철산1동, 4121060000:경기도 광명시 철산2동, 4121061000:경기도 광명시 철산3동, 4121063400:경기도 광명시 하안4동]",ST000305
가양역,지하철,9호선,"[1150052000, 1150053500, 1150060400, 1150060500]","[서울특별시 강서구 가양2동, 서울특별시 강서구 가양3동, 서울특별시 강서구 등촌1동, 서울특별시 강서구 등촌3동]","[1144074000, 1150051000, 1150052000, 1150053000, 1150053500, 1150059100, 1150060300, 1150060400, 1150060500, 1150061500]","[서울특별시 강서구 가양1동, 서울특별시 강서구 가양2동, 서울특별시 강서구 가양3동, 서울특별시 강서구 등촌1동, 서울특별시 강서구 등촌2동, 서울특별시 강서구 등촌3동, 서울특별시 강서구 염창동, 서울특별시 강서구 우장산동, 서울특별시 강서구 화곡6동, 서울특별시 마포구 상암동]","[1150052000:서울특별시 강서구 등촌1동, 1150053500:서울특별시 강서구 등촌3동, 1150060400:서울특별시 강서구 가양2동, 1150060500:서울특별시 강서구 가양3동]","[1144074000:서울특별시 마포구 상암동, 1150051000:서울특별시 강서구 염창동, 1150052000:서울특별시 강서구 등촌1동, 1150053000:서울특별시 강서구 등촌2동, 1150053500:서울특별시 강서구 등촌3동, 1150059100:서울특별시 강서구 화곡6동, 1150060300:서울특별시 강서구 가양1동, 1150060400:서울특별시 강서구 가양2동, 1150060500:서울특별시 강서구 가양3동, 1150061500:서울특별시 강서구 우장산동]",ST000020
가오리역,지하철,우이신설선,"[1130562000, 1130563000, 1130564500, 1130566000]","[서울특별시 강북구 수유2동, 서울특별시 강북구 수유3동, 서울특별시 강북구 우이동, 서울특별시 강북구 인수동]","[1130553500, 1130559000, 1130561000, 1130562000, 1130563000, 1130564500, 1130566000, 1132066000, 1132068000]","[서울특별시 강북구 미아동, 서울특별시 강북구 번1동, 서울특별시 강북구 수유1동, 서울특별시 강북구 수유2동, 서울특별시 강북구 수유3동, 서울특별시 강북구 우이동, 서울특별시 강북구 인수동, 서울특별시 도봉구 쌍문1동, 서울특별시 도봉구 쌍문3동]","[1130562000:서울특별시 강북구 수유2동, 1130563000:서울특별시 강북구 수유3동, 1130564500:서울특별시 강북구 우이동, 1130566000:서울특별시 강북구 인수동]","[1130553500:서울특별시 강북구 미아동, 1130559000:서울특별시 강북구 번1동, 1130561000:서울특별시 강북구 수유1동, 1130562000:서울특별시 강북구 수유2동, 1130563000:서울특별시 강북구 수유3동, 1130564500:서울특별시 강북구 우이동, 1130566000:서울특별시 강북구 인수동, 1132066000:서울특별시 도봉구 쌍문1동, 1132068000:서울특별시 도봉구 쌍문3동]",ST000004
가재울역,지하철,인천2호선,"[2826059000, 2826060000, 2826061000]","[인천광역시 서구 가좌2동, 인천광역시 서구 가좌3동, 인천광역시 서구 가좌4동]","[2823768000, 2826058000, 2826059000, 2826060000, 2826061000]","[인천광역시 부평구 십정1동, 인천광역시 서구 가좌1동, 인천광역시 서구 가좌2동, 인천광역시 서구 가좌3동, 인천광역시 서구 가좌4동]","[2826059000:인천광역시 서구 가좌2동, 2826060000:인천광역시 서구 가좌3동, 2826061000:인천광역시 서구 가좌4동]","[2823768000:인천광역시 부평구 십정1동, 2826058000:인천광역시 서구 가좌1동, 2826059000:인천광역시 서구 가좌2동, 2826060000:인천광역시 서구 가좌3동, 2826061000:인천광역시 서구 가좌4동]",ST000082
가정역,지하철,인천2호선,"[2826054200, 2826054300, 2826057500]","[인천광역시 서구 가정1동, 인천광역시 서구 가정2동, 인천광역시 서구 신현원창동]","[2826053600, 2826054200, 2826054300, 2826054400, 2826057500]","[인천광역시 서구 가정1동, 인천광역시 서구 가정2동, 인천광역시 서구 가정3동, 인천광역시 서구 신현원창동, 인천광역시 서구 청라1동]","[2826054200:인천광역시 서구 가정1동, 2826054300:인천광역시 서구 가정2동, 2826057500:인천광역시 서구 신현원창동]","[2826053600:인천광역시 서구 청라1동, 2826054200:인천광역시 서구 가정1동, 2826054300:인천광역시 서구 가정2동, 2826054400:인천광역시 서구 가정3동, 2826057500:인천광역시 서구 신현원창동]",ST000430
가정중앙시장역,지하철,인천2호선,"[2826054200, 2826054300, 2826054400, 2826055000, 2826056100, 2826057500]","[인천광역시 서구 가정1동, 인천광역시 서구 가정2동, 인천광역시 서구 가정3동, 인천광역시 서구 석남1동, 인천광역시 서구 석남3동, 인천광역시 서구 신현원창동]","[2823757000, 2823759100, 2826054200, 2826054300, 2826054400, 2826055000, 2826056100, 2826057500]","[인천광역시 부평구 산곡1동, 인천광역시 부평구 청천1동, 인천광역시 서구 가정1동, 인천광역시 서구 가정2동, 인천광역시 서구 가정3동, 인천광역시 서구 석남1동, 인천광역시 서구 석남3동, 인천광역시 서구 신현원창동]","[2826054200:인천광역시 서구 가정1동, 2826054300:인천광역시 서구 가정2동, 2826054400:인천광역시 서구 가정3동, 2826055000:인천광역시 서구 석남1동, 2826056100:인천광역시 서구 석남3동, 2826057500:인천광역시 서구 신현원창동]","[2823757000:인천광역시 부평구 산곡1동, 2823759100:인천광역시 부평구 청천1동, 2826054200:인천광역시 서구 가정1동, 2826054300:인천광역시 서구 가정2동, 2826054400:인천광역시 서구 가정3동, 2826055000:인천광역시 서구 석남1동, 2826056100:인천광역시 서구 석남3동, 2826057500:인천광역시 서구 신현원창동]",ST000078
가좌역,지하철,경의중앙선,"[1141061500, 1141069000, 1141071000, 1144071000, 1144072000, 1144073000]","[서울특별시 마포구 성산1동, 서울특별시 마포구 성산2동, 서울특별시 마포구 연남동, 서울특별시 서대문구 남가좌1동, 서울특별시 서대문구 북가좌1동, 서울특별시 서대문구 연희동]","[1141061500, 1141069000, 1141070000, 1141071000, 1141072000, 1144071000, 1144072000, 1144073000]","[서울특별시 마포구 성산1동, 서울특별시 마포구 성산2동, 서울특별시 마포구 연남동, 서울특별시 서대문구 남가좌1동, 서울특별시 서대문구 남가좌2동, 서울특별시 서대문구 북가좌1동, 서울특별시 서대문구 북가좌2동, 서울특별시 서대문구 연희동]","[1141061500:서울특별시 서대문구 연희동, 1141069000:서울특별시 서대문구 남가좌1동, 1141071000:서울특별시 서대문구 북가좌1동, 1144071000:서울특별시 마포구 연남동, 1144072000:서울특별시 마포구 성산1동, 1144073000:서울특별시 마포구 성산2동]","[1141061500:서울특별시 서대문구 연희동, 1141069000:서울특별시 서대문구 남가좌1동, 1141070000:서울특별시 서대문구 남가좌2동, 1141071000:서울특별시 서대문구 북가좌1동, 1141072000:서울특별시 서대문구 북가좌2동, 1144071000:서울특별시 마포구 연남동, 1144072000:서울특별시 마포구 성산1동, 1144073000:서울특별시 마포구 성산2동]",ST000625
가천대역,지하철,수인분당선,"[4113154000, 4113156000, 4113162000]","[경기도 성남시수정구 복정동, 경기도 성남시수정구 태평1동, 경기도 성남시수정구 태평3동]","[4113154000, 4113155000, 4113156000, 4113156100, 4113157000, 4113158000, 4113162000, 4113163000]","[경기도 성남시수정구 복정동, 경기도 성남시수정구 수진1동, 경기도 성남시수정구 수진2동, 경기도 성남시수정구 신촌동, 경기도 성남시수정구 태평1동, 경기도 성남시수정구 태평2동, 경기도 성남시수정구 태평3동, 경기도 성남시수정구 태평4동]","[4113154000:경기도 성남시수정구 태평1동, 4113156000:경기도 성남시수정구 태평3동, 4113162000:경기도 성남시수정구 복정동]","[4113154000:경기도 성남시수정구 태평1동, 4113155000:경기도 성남시수정구 태평2동, 4113156000:경기도 성남시수정구 태평3동, 4113156100:경기도 성남시수정구 태평4동, 4113157000:경기도 성남시수정구 수진1동, 4113158000:경기도 성남시수정구 수진2동, 4113162000:경기도 성남시수정구 복정동, 4113163000:경기도 성남시수정구 신촌동]",ST000505
가평역,지하철,경춘선,[4182025000],[경기도 가평군 가평읍],[4182025000],[경기도 가평군 가평읍],[4182025000:경기도 가평군 가평읍],[4182025000:경기도 가평군 가평읍],ST000595
간석역,지하철,1호선,"[2817070000, 2817071000, 2820053000, 2820055100]","[인천광역시 남구 주안5동, 인천광역시 남구 주안6동, 인천광역시 남동구 간석1동, 인천광역시 남동구 간석4동]","[2817066000, 2817069000, 2817070000, 2817071000, 2820053000, 2820055100, 2823768000, 2823769000]","[인천광역시 남구 주안1동, 인천광역시 남구 주안4동, 인천광역시 남구 주안5동, 인천광역시 남구 주안6동, 인천광역시 남동구 간석1동, 인천광역시 남동구 간석4동, 인천광역시 부평구 십정1동, 인천광역시 부평구 십정2동]","[2817070000:인천광역시 남구 주안5동, 2817071000:인천광역시 남구 주안6동, 2820053000:인천광역시 남동구 간석1동, 2820055100:인천광역시 남동구 간석4동]","[2817066000:인천광역시 남구 주안1동, 2817069000:인천광역시 남구 주안4동, 2817070000:인천광역시 남구 주안5동, 2817071000:인천광역시 남구 주안6동, 2820053000:인천광역시 남동구 간석1동, 2820055100:인천광역시 남동구 간석4동, 2823768000:인천광역시 부평구 십정1동, 2823769000:인천광역시 부평구 십정2동]",ST000512
간석오거리역,지하철,인천1호선,"[2820053000, 2820054000, 2820055000, 2820055100, 2823769000]","[인천광역시 남동구 간석1동, 인천광역시 남동구 간석2동, 인천광역시 남동구 간석3동, 인천광역시 남동구 간석4동, 인천광역시 부평구 십정2동]","[2820052000, 2820053000, 2820054000, 2820055000, 2820055100, 2823769000]","[인천광역시 남동구 간석1동, 인천광역시 남동구 간석2동, 인천광역시 남동구 간석3동, 인천광역시 남동구 간석4동, 인천광역시 남동구 구월2동, 인천광역시 부평구 십정2동]","[2820053000:인천광역시 남동구 간석1동, 2820054000:인천광역시 남동구 간석2동, 2820055000:인천광역시 남동구 간석3동, 2820055100:인천광역시 남동구 간석4동, 2823769000:인천광역시 부평구 십정2동]","[2820052000:인천광역시 남동구 구월2동, 2820053000:인천광역시 남동구 간석1동, 2820054000:인천광역시 남동구 간석2동, 2820055000:인천광역시 남동구 간석3동, 2820055100:인천광역시 남동구 간석4동, 2823769000:인천광역시 부평구 십정2동]",ST000054
갈매역,지하철,경춘선,"[1135060000, 4131051000]","[경기도 구리시 갈매동, 서울특별시 노원구 공릉2동]","[1135060000, 4131051000, 4136057000]","[경기도 구리시 갈매동, 경기도 남양주시 별내동, 서울특별시 노원구 공릉2동]","[1135060000:서울특별시 노원구 공릉2동, 4131051000:경기도 구리시 갈매동]","[1135060000:서울특별시 노원구 공릉2동, 4131051000:경기도 구리시 갈매동, 4136057000:경기도 남양주시 별내동]",ST000605
갈산역,지하철,인천1호선,"[2823759200, 2823764100, 2823764200]","[인천광역시 부평구 갈산1동, 인천광역시 부평구 갈산2동, 인천광역시 부평구 청천2동]","[2823759200, 2823764100, 2823764200, 2823764600, 2823764800, 2824560200, 2824562100, 2824562200]","[인천광역시 계양구 작전1동, 인천광역시 계양구 작전2동, 인천광역시 계양구 효성2동, 인천광역시 부평구 갈산1동, 인천광역시 부평구 갈산2동, 인천광역시 부평구 삼산1동, 인천광역시 부평구 삼산2동, 인천광역시 부평구 청천2동]","[2823759200:인천광역시 부평구 청천2동, 2823764100:인천광역시 부평구 갈산1동, 2823764200:인천광역시 부평구 갈산2동]","[2823759200:인천광역시 부평구 청천2동, 2823764100:인천광역시 부평구 갈산1동, 2823764200:인천광역시 부평구 갈산2동, 2823764600:인천광역시 부평구 삼산1동, 2823764800:인천광역시 부평구 삼산2동, 2824560200:인천광역시 계양구 효성2동, 2824562100:인천광역시 계양구 작전1동, 2824562200:인천광역시 계양구 작전2동]",ST000050
강남구청역,지하철,7호선,"[1168053100, 1168056500, 1168059000]","[서울특별시 강남구 논현2동, 서울특별시 강남구 삼성2동, 서울특별시 강남구 청담동]","[1168052100, 1168053100, 1168054500, 1168056500, 1168058000, 1168059000, 1168064000]","[서울특별시 강남구 논현1동, 서울특별시 강남구 논현2동, 서울특별시 강남구 삼성1동, 서울특별시 강남구 삼성2동, 서울특별시 강남구 압구정동, 서울특별시 강남구 역삼1동, 서울특별시 강남구 청담동]","[1168053100:서울특별시 강남구 논현2동, 1168056500:서울특별시 강남구 청담동, 1168059000:서울특별시 강남구 삼성2동]","[1168052100:서울특별시 강남구 논현1동, 1168053100:서울특별시 강남구 논현2동, 1168054500:서울특별시 강남구 압구정동, 1168056500:서울특별시 강남구 청담동, 1168058000:서울특별시 강남구 삼성1동, 1168059000:서울특별시 강남구 삼성2동, 1168064000:서울특별시 강남구 역삼1동]",ST000292
강남구청역,지하철,수인분당선,"[1168053100, 1168056500, 1168059000]","[서울특별시 강남구 논현2동, 서울특별시 강남구 삼성2동, 서울특별시 강남구 청담동]","[1168052100, 1168053100, 1168054500, 1168056500, 1168058000, 1168059000, 1168064000]","[서울특별시 강남구 논현1동, 서울특별시 강남구 논현2동, 서울특별시 강남구 삼성1동, 서울특별시 강남구 삼성2동, 서울특별시 강남구 압구정동, 서울특별시 강남구 역삼1동, 서울특별시 강남구 청담동]","[1168053100:서울특별시 강남구 논현2동, 1168056500:서울특별시 강남구 청담동, 1168059000:서울특별시 강남구 삼성2동]","[1168052100:서울특별시 강남구 논현1동, 1168053100:서울특별시 강남구 논현2동, 1168054500:서울특별시 강남구 압구정동, 1168056500:서울특별시 강남구 청담동, 1168058000:서울특별시 강남구 삼성1동, 1168059000:서울특별시 강남구 삼성2동, 1168064000:서울특별시 강남구 역삼1동]",ST000292
강남대역,지하철,에버라인,"[4146352000, 4146353000]","[경기도 용인시기흥구 구갈동, 경기도 용인시기흥구 상갈동]","[4146352000, 4146353000, 4146358600]","[경기도 용인시기흥구 구갈동, 경기도 용인시기흥구 상갈동, 경기도 용인시기흥구 상하동]","[4146352000:경기도 용인시기흥구 구갈동, 4146353000:경기도 용인시기흥구 상갈동]","[4146352000:경기도 용인시기흥구 구갈동, 4146353000:경기도 용인시기흥구 상갈동, 4146358600:경기도 용인시기흥구 상하동]",ST000399
강남역,지하철,2호선,"[1165052000, 1165053100, 1168064000]","[서울특별시 강남구 역삼1동, 서울특별시 서초구 서초2동, 서울특별시 서초구 서초4동]","[1165051000, 1165052000, 1165053100, 1165056000, 1168052100, 1168064000, 1168065000]","[서울특별시 강남구 논현1동, 서울특별시 강남구 역삼1동, 서울특별시 강남구 역삼2동, 서울특별시 서초구 반포1동, 서울특별시 서초구 서초1동, 서울특별시 서초구 서초2동, 서울특별시 서초구 서초4동]","[1165052000:서울특별시 서초구 서초2동, 1165053100:서울특별시 서초구 서초4동, 1168064000:서울특별시 강남구 역삼1동]","[1165051000:서울특별시 서초구 서초1동, 1165052000:서울특별시 서초구 서초2동, 1165053100:서울특별시 서초구 서초4동, 1165056000:서울특별시 서초구 반포1동, 1168052100:서울특별시 강남구 논현1동, 1168064000:서울특별시 강남구 역삼1동, 1168065000:서울특별시 강남구 역삼2동]",ST000123
강남역,지하철,신분당선,"[1165052000, 1165053100, 1168064000]","[서울특별시 강남구 역삼1동, 서울특별시 서초구 서초2동, 서울특별시 서초구 서초4동]","[1165051000, 1165052000, 1165053100, 1165056000, 1168052100, 1168064000, 1168065000]","[서울특별시 강남구 논현1동, 서울특별시 강남구 역삼1동, 서울특별시 강남구 역삼2동, 서울특별시 서초구 반포1동, 서울특별시 서초구 서초1동, 서울특별시 서초구 서초2동, 서울특별시 서초구 서초4동]","[1165052000:서울특별시 서초구 서초2동, 1165053100:서울특별시 서초구 서초4동, 1168064000:서울특별시 강남구 역삼1동]","[1165051000:서울특별시 서초구 서초1동, 1165052000:서울특별시 서초구 서초2동, 1165053100:서울특별시 서초구 서초4동, 1165056000:서울특별시 서초구 반포1동, 1168052100:서울특별시 강남구 논현1동, 1168064000:서울특별시 강남구 역삼1동, 1168065000:서울특별시 강남구 역삼2동]",ST000123
강동구청역,지하철,8호선,"[1171051000, 1171052000, 1171056600, 1174064000, 1174065000]","[서울특별시 강동구 성내1동, 서울특별시 강동구 성내2동, 서울특별시 송파구 오륜동, 서울특별시 송파구 풍납1동, 서울특별시 송파구 풍납2동]","[1171051000, 1171052000, 1171056600, 1171069000, 1174061000, 1174062000, 1174064000, 1174065000, 1174066000]","[서울특별시 강동구 성내1동, 서울특별시 강동구 성내2동, 서울특별시 강동구 성내3동, 서울특별시 강동구 천호2동, 서울특별시 강동구 천호3동, 서울특별시 송파구 오륜동, 서울특별시 송파구 잠실4동, 서울특별시 송파구 풍납1동, 서울특별시 송파구 풍납2동]","[1171051000:서울특별시 송파구 풍납1동, 1171052000:서울특별시 송파구 풍납2동, 1171056600:서울특별시 송파구 오륜동, 1174064000:서울특별시 강동구 성내1동, 1174065000:서울특별시 강동구 성내2동]","[1171051000:서울특별시 송파구 풍납1동, 1171052000:서울특별시 송파구 풍납2동, 1171056600:서울특별시 송파구 오륜동, 1171069000:서울특별시 송파구 잠실4동, 1174061000:서울특별시 강동구 천호2동, 1174062000:서울특별시 강동구 천호3동, 1174064000:서울특별시 강동구 성내1동, 1174065000:서울특별시 강동구 성내2동, 1174066000:서울특별시 강동구 성내3동]",ST000311
강동역,지하철,5호선,"[1174062000, 1174065000, 1174066000, 1174068500]","[서울특별시 강동구 길동, 서울특별시 강동구 성내2동, 서울특별시 강동구 성내3동, 서울특별시 강동구 천호3동]","[1171051000, 1174060000, 1174061000, 1174062000, 1174064000, 1174065000, 1174066000, 1174068500, 1174069000, 1174070000]","[서울특별시 강동구 길동, 서울특별시 강동구 둔촌1동, 서울특별시 강동구 둔촌2동, 서울특별시 강동구 성내1동, 서울특별시 강동구 성내2동, 서울특별시 강동구 성내3동, 서울특별시 강동구 천호1동, 서울특별시 강동구 천호2동, 서울특별시 강동구 천호3동, 서울특별시 송파구 풍납1동]","[1174062000:서울특별시 강동구 천호3동, 1174065000:서울특별시 강동구 성내2동, 1174066000:서울특별시 강동구 성내3동, 1174068500:서울특별시 강동구 길동]","[1171051000:서울특별시 송파구 풍납1동, 1174060000:서울특별시 강동구 천호1동, 1174061000:서울특별시 강동구 천호2동, 1174062000:서울특별시 강동구 천호3동, 1174064000:서울특별시 강동구 성내1동, 1174065000:서울특별시 강동구 성내2동, 1174066000:서울특별시 강동구 성내3동, 1174068500:서울특별시 강동구 길동, 1174069000:서울특별시 강동구 둔촌1동, 1174070000:서울특별시 강동구 둔촌2동]",ST000228
강매역,지하철,경의중앙선,"[4128165000, 4128165500]","[경기도 고양시덕양구 행신2동, 경기도 고양시덕양구 행신3동]","[4128153000, 4128164000, 4128165000, 4128165500]","[경기도 고양시덕양구 행신1동, 경기도 고양시덕양구 행신2동, 경기도 고양시덕양구 행신3동, 경기도 고양시덕양구 흥도동]","[4128165000:경기도 고양시덕양구 행신2동, 4128165500:경기도 고양시덕양구 행신3동]","[4128153000:경기도 고양시덕양구 흥도동, 4128164000:경기도 고양시덕양구 행신1동, 4128165000:경기도 고양시덕양구 행신2동, 4128165500:경기도 고양시덕양구 행신3동]",ST000622
강변역,지하철,2호선,"[1121583000, 1121587000]","[서울특별시 광진구 구의3동, 서울특별시 광진구 자양2동]","[1121581000, 1121582000, 1121583000, 1121585000, 1121586000, 1121587000, 1171051000, 1171052000, 1171069000, 1171071000]","[서울특별시 광진구 광장동, 서울특별시 광진구 구의1동, 서울특별시 광진구 구의2동, 서울특별시 광진구 구의3동, 서울특별시 광진구 자양1동, 서울특별시 광진구 자양2동, 서울특별시 송파구 잠실4동, 서울특별시 송파구 잠실6동, 서울특별시 송파구 풍납1동, 서울특별시 송파구 풍납2동]","[1121583000:서울특별시 광진구 자양2동, 1121587000:서울특별시 광진구 구의3동]","[1121581000:서울특별시 광진구 광장동, 1121582000:서울특별시 광진구 자양1동, 1121583000:서울특별시 광진구 자양2동, 1121585000:서울특별시 광진구 구의1동, 1121586000:서울특별시 광진구 구의2동, 1121587000:서울특별시 광진구 구의3동, 1171051000:서울특별시 송파구 풍납1동, 1171052000:서울특별시 송파구 풍납2동, 1171069000:서울특별시 송파구 잠실4동, 1171071000:서울특별시 송파구 잠실6동]",ST000115
강일역,지하철,5호선,"[1174051500, 1174052000, 1174056000, 4145057000]","[경기도 하남시 풍산동, 서울특별시 강동구 강일동, 서울특별시 강동구 고덕2동, 서울특별시 강동구 상일동]","[1174051500, 1174052000, 1174056000, 4145057000, 4145061000]","[경기도 하남시 미사1동, 경기도 하남시 풍산동, 서울특별시 강동구 강일동, 서울특별시 강동구 고덕2동, 서울특별시 강동구 상일동]","[1174051500:서울특별시 강동구 강일동, 1174052000:서울특별시 강동구 상일동, 1174056000:서울특별시 강동구 고덕2동, 4145057000:경기도 하남시 풍산동]","[1174051500:서울특별시 강동구 강일동, 1174052000:서울특별시 강동구 상일동, 1174056000:서울특별시 강동구 고덕2동, 4145057000:경기도 하남시 풍산동, 4145061000:경기도 하남시 미사1동]",ST000240
개롱역,지하철,5호선,"[1171053100, 1171057000, 1171063200]","[서울특별시 송파구 가락2동, 서울특별시 송파구 거여1동, 서울특별시 송파구 오금동]","[1171053100, 1171053200, 1171055000, 1171057000, 1171062000, 1171063200, 1171064100, 1171064600, 1171064700, 4145058000]","[경기도 하남시 감북동, 서울특별시 송파구 가락2동, 서울특별시 송파구 가락본동, 서울특별시 송파구 거여1동, 서울특별시 송파구 거여2동, 서울특별시 송파구 마천2동, 서울특별시 송파구 문정1동, 서울특별시 송파구 오금동, 서울특별시 송파구 위례동, 서울특별시 송파구 장지동]","[1171053100:서울특별시 송파구 거여1동, 1171057000:서울특별시 송파구 오금동, 1171063200:서울특별시 송파구 가락2동]","[1171053100:서울특별시 송파구 거여1동, 1171053200:서울특별시 송파구 거여2동, 1171055000:서울특별시 송파구 마천2동, 1171057000:서울특별시 송파구 오금동, 1171062000:서울특별시 송파구 가락본동, 1171063200:서울특별시 송파구 가락2동, 1171064100:서울특별시 송파구 문정1동, 1171064600:서울특별시 송파구 장지동, 1171064700:서울특별시 송파구 위례동, 4145058000:경기도 하남시 감북동]",ST000237
개봉역,지하철,1호선,"[1153072000, 1153074000, 1153075000, 1153076000]","[서울특별시 구로구 개봉1동, 서울특별시 구로구 개봉2동, 서울특별시 구로구 개봉3동, 서울특별시 구로구 고척1동]","[1153052000, 1153053000, 1153072000, 1153073000, 1153074000, 1153075000, 1153076000, 1153077000, 1153078000, 4121051000, 4121059000, 4121060000]","[경기도 광명시 광명1동, 경기도 광명시 철산1동, 경기도 광명시 철산2동, 서울특별시 구로구 개봉1동, 서울특별시 구로구 개봉2동, 서울특별시 구로구 개봉3동, 서울특별시 구로구 고척1동, 서울특별시 구로구 고척2동, 서울특별시 구로구 구로1동, 서울특별시 구로구 구로2동, 서울특별시 구로구 오류1동, 서울특별시 구로구 오류2동]","[1153072000:서울특별시 구로구 고척1동, 1153074000:서울특별시 구로구 개봉1동, 1153075000:서울특별시 구로구 개봉2동, 1153076000:서울특별시 구로구 개봉3동]","[1153052000:서울특별시 구로구 구로1동, 1153053000:서울특별시 구로구 구로2동, 1153072000:서울특별시 구로구 고척1동, 1153073000:서울특별시 구로구 고척2동, 1153074000:서울특별시 구로구 개봉1동, 1153075000:서울특별시 구로구 개봉2동, 1153076000:서울특별시 구로구 개봉3동, 1153077000:서울특별시 구로구 오류1동, 1153078000:서울특별시 구로구 오류2동, 4121051000:경기도 광명시 광명1동, 4121059000:경기도 광명시 철산1동, 4121060000:경기도 광명시 철산2동]",ST000523
개포동역,지하철,수인분당선,"[1168060000, 1168061000, 1168067000]","[서울특별시 강남구 개포2동, 서울특별시 강남구 대치1동, 서울특별시 강남구 대치2동]","[1168060000, 1168061000, 1168065600, 1168066000, 1168067000, 1168074000]","[서울특별시 강남구 개포1동, 서울특별시 강남구 개포2동, 서울특별시 강남구 대치1동, 서울특별시 강남구 대치2동, 서울특별시 강남구 도곡2동, 서울특별시 강남구 일원2동]","[1168060000:서울특별시 강남구 대치1동, 1168061000:서울특별시 강남구 대치2동, 1168067000:서울특별시 강남구 개포2동]","[1168060000:서울특별시 강남구 대치1동, 1168061000:서울특별시 강남구 대치2동, 1168065600:서울특별시 강남구 도곡2동, 1168066000:서울특별시 강남구 개포1동, 1168067000:서울특별시 강남구 개포2동, 1168074000:서울특별시 강남구 일원2동]",ST000647
개화산역,지하철,5호선,"[1150063000, 1150064000, 1150064100]","[서울특별시 강서구 방화1동, 서울특별시 강서구 방화2동, 서울특별시 강서구 방화3동]","[1150062000, 1150063000, 1150064000, 1150064100]","[서울특별시 강서구 공항동, 서울특별시 강서구 방화1동, 서울특별시 강서구 방화2동, 서울특별시 강서구 방화3동]","[1150063000:서울특별시 강서구 방화1동, 1150064000:서울특별시 강서구 방화2동, 1150064100:서울특별시 강서구 방화3동]","[1150062000:서울특별시 강서구 공항동, 1150063000:서울특별시 강서구 방화1동, 1150064000:서울특별시 강서구 방화2동, 1150064100:서울특별시 강서구 방화3동]",ST000200
개화역,지하철,9호선,"[1150062000, 1150064000, 2824573000]","[서울특별시 강서구 공항동, 서울특별시 강서구 방화2동, 인천광역시 계양구 계양3동]","[1150062000, 1150063000, 1150064000, 1150064100, 2824573000, 4157025300]","[경기도 김포시 고촌읍, 서울특별시 강서구 공항동, 서울특별시 강서구 방화1동, 서울특별시 강서구 방화2동, 서울특별시 강서구 방화3동, 인천광역시 계양구 계양3동]","[1150062000:서울특별시 강서구 공항동, 1150064000:서울특별시 강서구 방화2동, 2824573000:인천광역시 계양구 계양3동]","[1150062000:서울특별시 강서구 공항동, 1150063000:서울특별시 강서구 방화1동, 1150064000:서울특별시 강서구 방화2동, 1150064100:서울특별시 강서구 방화3동, 2824573000:인천광역시 계양구 계양3동, 4157025300:경기도 김포시 고촌읍]",ST000014
거여역,지하철,5호선,"[1171053100, 1171053200, 1171057000, 1171063200, 1171064700]","[서울특별시 송파구 가락2동, 서울특별시 송파구 거여1동, 서울특별시 송파구 거여2동, 서울특별시 송파구 오금동, 서울특별시 송파구 위례동]","[1171053100, 1171053200, 1171054000, 1171055000, 1171057000, 1171063200, 1171064100, 1171064600, 1171064700]","[서울특별시 송파구 가락2동, 서울특별시 송파구 거여1동, 서울특별시 송파구 거여2동, 서울특별시 송파구 마천1동, 서울특별시 송파구 마천2동, 서울특별시 송파구 문정1동, 서울특별시 송파구 오금동, 서울특별시 송파구 위례동, 서울특별시 송파구 장지동]","[1171053100:서울특별시 송파구 거여1동, 1171053200:서울특별시 송파구 거여2동, 1171057000:서울특별시 송파구 오금동, 1171063200:서울특별시 송파구 가락2동, 1171064700:서울특별시 송파구 위례동]","[1171053100:서울특별시 송파구 거여1동, 1171053200:서울특별시 송파구 거여2동, 1171054000:서울특별시 송파구 마천1동, 1171055000:서울특별시 송파구 마천2동, 1171057000:서울특별시 송파구 오금동, 1171063200:서울특별시 송파구 가락2동, 1171064100:서울특별시 송파구 문정1동, 1171064600:서울특별시 송파구 장지동, 1171064700:서울특별시 송파구 위례동]",ST000238
건대입구역,지하철,2호선,"[1121571000, 1121584000, 1121584700]","[서울특별시 광진구 자양3동, 서울특별시 광진구 자양4동, 서울특별시 광진구 화양동]","[1120067000, 1120069000, 1120072000, 1121571000, 1121573000, 1121578000, 1121582000, 1121583000, 1121584000, 1121584700]","[서울특별시 광진구 군자동, 서울특별시 광진구 능동, 서울특별시 광진구 자양1동, 서울특별시 광진구 자양2동, 서울특별시 광진구 자양3동, 서울특별시 광진구 자양4동, 서울특별시 광진구 화양동, 서울특별시 성동구 성수2가1동, 서울특별시 성동구 성수2가3동, 서울특별시 성동구 송정동]","[1121571000:서울특별시 광진구 화양동, 1121584000:서울특별시 광진구 자양3동, 1121584700:서울특별시 광진구 자양4동]","[1120067000:서울특별시 성동구 성수2가1동, 1120069000:서울특별시 성동구 성수2가3동, 1120072000:서울특별시 성동구 송정동, 1121571000:서울특별시 광진구 화양동, 1121573000:서울특별시 광진구 군자동, 1121578000:서울특별시 광진구 능동, 1121582000:서울특별시 광진구 자양1동, 1121583000:서울특별시 광진구 자양2동, 1121584000:서울특별시 광진구 자양3동, 1121584700:서울특별시 광진구 자양4동]",ST000113
건대입구역,지하철,7호선,"[1121571000, 1121584000, 1121584700]","[서울특별시 광진구 자양3동, 서울특별시 광진구 자양4동, 서울특별시 광진구 화양동]","[1120067000, 1120069000, 1120072000, 1121571000, 1121573000, 1121578000, 1121582000, 1121583000, 1121584000, 1121584700]","[서울특별시 광진구 군자동, 서울특별시 광진구 능동, 서울특별시 광진구 자양1동, 서울특별시 광진구 자양2동, 서울특별시 광진구 자양3동, 서울특별시 광진구 자양4동, 서울특별시 광진구 화양동, 서울특별시 성동구 성수2가1동, 서울특별시 성동구 성수2가3동, 서울특별시 성동구 송정동]","[1121571000:서울특별시 광진구 화양동, 1121584000:서울특별시 광진구 자양3동, 1121584700:서울특별시 광진구 자양4동]","[1120067000:서울특별시 성동구 성수2가1동, 1120069000:서울특별시 성동구 성수2가3동, 1120072000:서울특별시 성동구 송정동, 1121571000:서울특별시 광진구 화양동, 1121573000:서울특별시 광진구 군자동, 1121578000:서울특별시 광진구 능동, 1121582000:서울특별시 광진구 자양1동, 1121583000:서울특별시 광진구 자양2동, 1121584000:서울특별시 광진구 자양3동, 1121584700:서울특별시 광진구 자양4동]",ST000113
걸포북변역,지하철,김포골드라인,[4157051000],[경기도 김포시 김포1동],"[4157051000, 4157056000, 4157058000]","[경기도 김포시 김포1동, 경기도 김포시 운양동, 경기도 김포시 장기동]",[4157051000:경기도 김포시 김포1동],"[4157051000:경기도 김포시 김포1동, 4157056000:경기도 김포시 장기동, 4157058000:경기도 김포시 운양동]",ST000353
검단사거리역,지하철,인천2호선,"[2826063000, 2826067000]","[인천광역시 서구 검단1동, 인천광역시 서구 검단5동]","[2826063000, 2826066000, 2826067000]","[인천광역시 서구 검단1동, 인천광역시 서구 검단4동, 인천광역시 서구 검단5동]","[2826063000:인천광역시 서구 검단1동, 2826067000:인천광역시 서구 검단5동]","[2826063000:인천광역시 서구 검단1동, 2826066000:인천광역시 서구 검단4동, 2826067000:인천광역시 서구 검단5동]",ST000070
검단오류역,지하철,인천2호선,[2826067000],[인천광역시 서구 검단5동],"[2826067000, 4157025600]","[경기도 김포시 양촌읍, 인천광역시 서구 검단5동]",[2826067000:인천광역시 서구 검단5동],"[2826067000:인천광역시 서구 검단5동, 4157025600:경기도 김포시 양촌읍]",ST000068
검단호수공원역,지하철,인천1호선,[2826064000],[인천광역시 서구 검단2동],"[2826063000, 2826064000, 2826065000, 2826066000]","[인천광역시 서구 검단1동, 인천광역시 서구 검단2동, 인천광역시 서구 검단3동, 인천광역시 서구 검단4동]",[2826064000:인천광역시 서구 검단2동],"[2826063000:인천광역시 서구 검단1동, 2826064000:인천광역시 서구 검단2동, 2826065000:인천광역시 서구 검단3동, 2826066000:인천광역시 서구 검단4동]",ST000436
검바위역,지하철,인천2호선,"[2826051500, 2826053000]","[인천광역시 서구 검암경서동, 인천광역시 서구 연희동]","[2826051500, 2826053000]","[인천광역시 서구 검암경서동, 인천광역시 서구 연희동]","[2826051500:인천광역시 서구 검암경서동, 2826053000:인천광역시 서구 연희동]","[2826051500:인천광역시 서구 검암경서동, 2826053000:인천광역시 서구 연희동]",ST000075
검암역,지하철,공항철도,[2826051500],[인천광역시 서구 검암경서동],[2826051500],[인천광역시 서구 검암경서동],[2826051500:인천광역시 서구 검암경서동],[2826051500:인천광역시 서구 검암경서동],ST000074
검암역,지하철,인천2호선,[2826051500],[인천광역시 서구 검암경서동],[2826051500],[인천광역시 서구 검암경서동],[2826051500:인천광역시 서구 검암경서동],[2826051500:인천광역시 서구 검암경서동],ST000074
경기광주역,지하철,경강선,"[4161025000, 4161051000]","[경기도 광주시 경안동, 경기도 광주시 오포읍]","[4161025000, 4161051000, 4161053000]","[경기도 광주시 경안동, 경기도 광주시 광남동, 경기도 광주시 오포읍]","[4161025000:경기도 광주시 오포읍, 4161051000:경기도 광주시 경안동]","[4161025000:경기도 광주시 오포읍, 4161051000:경기도 광주시 경안동, 4161053000:경기도 광주시 광남동]",ST000572
경기도청북부청사역,지하철,의정부,"[4115056800, 4115058000]","[경기도 의정부시 신곡2동, 경기도 의정부시 자금동]","[4115056800, 4115057300, 4115058000]","[경기도 의정부시 송산1동, 경기도 의정부시 신곡2동, 경기도 의정부시 자금동]","[4115056800:경기도 의정부시 신곡2동, 4115058000:경기도 의정부시 자금동]","[4115056800:경기도 의정부시 신곡2동, 4115057300:경기도 의정부시 송산1동, 4115058000:경기도 의정부시 자금동]",ST000376
경마공원역,지하철,4호선,"[4129055000, 4129056000]","[경기도 과천시 과천동, 경기도 과천시 문원동]","[4129051000, 4129054000, 4129055000, 4129056000]","[경기도 과천시 과천동, 경기도 과천시 문원동, 경기도 과천시 부림동, 경기도 과천시 중앙동]","[4129055000:경기도 과천시 과천동, 4129056000:경기도 과천시 문원동]","[4129051000:경기도 과천시 중앙동, 4129054000:경기도 과천시 부림동, 4129055000:경기도 과천시 과천동, 4129056000:경기도 과천시 문원동]",ST000580
경마공원역,지하철,과천선,"[4129055000, 4129056000]","[경기도 과천시 과천동, 경기도 과천시 문원동]","[4129051000, 4129054000, 4129055000, 4129056000]","[경기도 과천시 과천동, 경기도 과천시 문원동, 경기도 과천시 부림동, 경기도 과천시 중앙동]","[4129055000:경기도 과천시 과천동, 4129056000:경기도 과천시 문원동]","[4129051000:경기도 과천시 중앙동, 4129054000:경기도 과천시 부림동, 4129055000:경기도 과천시 과천동, 4129056000:경기도 과천시 문원동]",ST000580
경마공원역,지하철,안산과천선,"[4129055000, 4129056000]","[경기도 과천시 과천동, 경기도 과천시 문원동]","[4129051000, 4129054000, 4129055000, 4129056000]","[경기도 과천시 과천동, 경기도 과천시 문원동, 경기도 과천시 부림동, 경기도 과천시 중앙동]","[4129055000:경기도 과천시 과천동, 4129056000:경기도 과천시 문원동]","[4129051000:경기도 과천시 중앙동, 4129054000:경기도 과천시 부림동, 4129055000:경기도 과천시 과천동, 4129056000:경기도 과천시 문원동]",ST000580
경복궁역,지하철,3호선,"[1111051500, 1111053000, 1111061500]","[서울특별시 종로구 사직동, 서울특별시 종로구 종로1·2·3·4가동, 서울특별시 종로구 청운효자동]","[1111051500, 1111053000, 1111054000, 1111057000, 1111058000, 1111060000, 1111061500, 1114052000, 1114055000]","[서울특별시 종로구 가회동, 서울특별시 종로구 교남동, 서울특별시 종로구 무악동, 서울특별시 종로구 사직동, 서울특별시 종로구 삼청동, 서울특별시 종로구 종로1·2·3·4가동, 서울특별시 종로구 청운효자동, 서울특별시 중구 명동, 서울특별시 중구 소공동]","[1111051500:서울특별시 종로구 청운효자동, 1111053000:서울특별시 종로구 사직동, 1111061500:서울특별시 종로구 종로1·2·3·4가동]","[1111051500:서울특별시 종로구 청운효자동, 1111053000:서울특별시 종로구 사직동, 1111054000:서울특별시 종로구 삼청동, 1111057000:서울특별시 종로구 무악동, 1111058000:서울특별시 종로구 교남동, 1111060000:서울특별시 종로구 가회동, 1111061500:서울특별시 종로구 종로1·2·3·4가동, 1114052000:서울특별시 중구 소공동, 1114055000:서울특별시 중구 명동]",ST000159
경인교대입구역,지하철,인천1호선,"[2824561100, 2824561300, 2824562200]","[인천광역시 계양구 계산1동, 인천광역시 계양구 계산3동, 인천광역시 계양구 작전2동]","[2824560100, 2824561100, 2824561200, 2824561300, 2824562100, 2824562200]","[인천광역시 계양구 계산1동, 인천광역시 계양구 계산2동, 인천광역시 계양구 계산3동, 인천광역시 계양구 작전1동, 인천광역시 계양구 작전2동, 인천광역시 계양구 효성1동]","[2824561100:인천광역시 계양구 계산1동, 2824561300:인천광역시 계양구 계산3동, 2824562200:인천광역시 계양구 작전2동]","[2824560100:인천광역시 계양구 효성1동, 2824561100:인천광역시 계양구 계산1동, 2824561200:인천광역시 계양구 계산2동, 2824561300:인천광역시 계양구 계산3동, 2824562100:인천광역시 계양구 작전1동, 2824562200:인천광역시 계양구 작전2동]",ST000048
경전철의정부역,지하철,의정부,"[4115051000, 4115052000, 4115053000, 4115060000]","[경기도 의정부시 가능2동, 경기도 의정부시 의정부1동, 경기도 의정부시 의정부2동, 경기도 의정부시 의정부3동]","[4115051000, 4115052000, 4115053000, 4115055500, 4115056700, 4115060000]","[경기도 의정부시 가능2동, 경기도 의정부시 신곡1동, 경기도 의정부시 의정부1동, 경기도 의정부시 의정부2동, 경기도 의정부시 의정부3동, 경기도 의정부시 호원2동]","[4115051000:경기도 의정부시 의정부1동, 4115052000:경기도 의정부시 의정부2동, 4115053000:경기도 의정부시 의정부3동, 4115060000:경기도 의정부시 가능2동]","[4115051000:경기도 의정부시 의정부1동, 4115052000:경기도 의정부시 의정부2동, 4115053000:경기도 의정부시 의정부3동, 4115055500:경기도 의정부시 호원2동, 4115056700:경기도 의정부시 신곡1동, 4115060000:경기도 의정부시 가능2동]",ST000382
경찰병원역,지하철,3호선,"[1171062000, 1171063200, 1171064100]","[서울특별시 송파구 가락2동, 서울특별시 송파구 가락본동, 서울특별시 송파구 문정1동]","[1171057000, 1171059000, 1171062000, 1171063100, 1171063200, 1171064100, 1171064200]","[서울특별시 송파구 가락1동, 서울특별시 송파구 가락2동, 서울특별시 송파구 가락본동, 서울특별시 송파구 문정1동, 서울특별시 송파구 문정2동, 서울특별시 송파구 송파2동, 서울특별시 송파구 오금동]","[1171062000:서울특별시 송파구 가락본동, 1171063200:서울특별시 송파구 가락2동, 1171064100:서울특별시 송파구 문정1동]","[1171057000:서울특별시 송파구 오금동, 1171059000:서울특별시 송파구 송파2동, 1171062000:서울특별시 송파구 가락본동, 1171063100:서울특별시 송파구 가락1동, 1171063200:서울특별시 송파구 가락2동, 1171064100:서울특별시 송파구 문정1동, 1171064200:서울특별시 송파구 문정2동]",ST000179
계산역,지하철,인천1호선,"[2824561100, 2824561200, 2824561300, 2824572000]","[인천광역시 계양구 계산1동, 인천광역시 계양구 계산2동, 인천광역시 계양구 계산3동, 인천광역시 계양구 계양2동]","[2824561100, 2824561200, 2824561300, 2824561400, 2824562100, 2824562200, 2824572000]","[인천광역시 계양구 계산1동, 인천광역시 계양구 계산2동, 인천광역시 계양구 계산3동, 인천광역시 계양구 계산4동, 인천광역시 계양구 계양2동, 인천광역시 계양구 작전1동, 인천광역시 계양구 작전2동]","[2824561100:인천광역시 계양구 계산1동, 2824561200:인천광역시 계양구 계산2동, 2824561300:인천광역시 계양구 계산3동, 2824572000:인천광역시 계양구 계양2동]","[2824561100:인천광역시 계양구 계산1동, 2824561200:인천광역시 계양구 계산2동, 2824561300:인천광역시 계양구 계산3동, 2824561400:인천광역시 계양구 계산4동, 2824562100:인천광역시 계양구 작전1동, 2824562200:인천광역시 계양구 작전2동, 2824572000:인천광역시 계양구 계양2동]",ST000047
계양역,지하철,공항철도,"[2824571000, 2824573000]","[인천광역시 계양구 계양1동, 인천광역시 계양구 계양3동]","[2824571000, 2824573000]","[인천광역시 계양구 계양1동, 인천광역시 계양구 계양3동]","[2824571000:인천광역시 계양구 계양1동, 2824573000:인천광역시 계양구 계양3동]","[2824571000:인천광역시 계양구 계양1동, 2824573000:인천광역시 계양구 계양3동]",ST000043
계양역,지하철,인천1호선,"[2824571000, 2824573000]","[인천광역시 계양구 계양1동, 인천광역시 계양구 계양3동]","[2824571000, 2824573000]","[인천광역시 계양구 계양1동, 인천광역시 계양구 계양3동]","[2824571000:인천광역시 계양구 계양1동, 2824573000:인천광역시 계양구 계양3동]","[2824571000:인천광역시 계양구 계양1동, 2824573000:인천광역시 계양구 계양3동]",ST000043
고덕역,지하철,5호선,"[1174052000, 1174053000, 1174054000, 1174055000, 1174056000]","[서울특별시 강동구 고덕1동, 서울특별시 강동구 고덕2동, 서울특별시 강동구 명일1동, 서울특별시 강동구 명일2동, 서울특별시 강동구 상일동]","[1174052000, 1174053000, 1174054000, 1174055000, 1174056000, 1174057000, 1174059000]","[서울특별시 강동구 고덕1동, 서울특별시 강동구 고덕2동, 서울특별시 강동구 명일1동, 서울특별시 강동구 명일2동, 서울특별시 강동구 상일동, 서울특별시 강동구 암사1동, 서울특별시 강동구 암사3동]","[1174052000:서울특별시 강동구 상일동, 1174053000:서울특별시 강동구 명일1동, 1174054000:서울특별시 강동구 명일2동, 1174055000:서울특별시 강동구 고덕1동, 1174056000:서울특별시 강동구 고덕2동]","[1174052000:서울특별시 강동구 상일동, 1174053000:서울특별시 강동구 명일1동, 1174054000:서울특별시 강동구 명일2동, 1174055000:서울특별시 강동구 고덕1동, 1174056000:서울특별시 강동구 고덕2동, 1174057000:서울특별시 강동구 암사1동, 1174059000:서울특별시 강동구 암사3동]",ST000232
고려대역,지하철,6호선,"[1123054500, 1123070500, 1129060000, 1129070500]","[서울특별시 동대문구 제기동, 서울특별시 동대문구 청량리동, 서울특별시 성북구 안암동, 서울특별시 성북구 종암동]","[1123054500, 1123070500, 1129060000, 1129070500, 1129072500]","[서울특별시 동대문구 제기동, 서울특별시 동대문구 청량리동, 서울특별시 성북구 안암동, 서울특별시 성북구 월곡2동, 서울특별시 성북구 종암동]","[1123054500:서울특별시 동대문구 제기동, 1123070500:서울특별시 동대문구 청량리동, 1129060000:서울특별시 성북구 안암동, 1129070500:서울특별시 성북구 종암동]","[1123054500:서울특별시 동대문구 제기동, 1123070500:서울특별시 동대문구 청량리동, 1129060000:서울특별시 성북구 안암동, 1129070500:서울특별시 성북구 종암동, 1129072500:서울특별시 성북구 월곡2동]",ST000265
고색역,지하철,수인분당선,[4111355000],[경기도 수원시권선구 평동],"[4111355000, 4111356000]","[경기도 수원시권선구 서둔동, 경기도 수원시권선구 평동]",[4111355000:경기도 수원시권선구 평동],"[4111355000:경기도 수원시권선구 평동, 4111356000:경기도 수원시권선구 서둔동]",ST000488
고속터미널역,지하철,3호선,"[1165056000, 1165057000, 1165058000, 1165058100]","[서울특별시 서초구 반포1동, 서울특별시 서초구 반포2동, 서울특별시 서초구 반포3동, 서울특별시 서초구 반포4동]","[1165053000, 1165053100, 1165054000, 1165055000, 1165056000, 1165057000, 1165058000, 1165058100]","[서울특별시 서초구 반포1동, 서울특별시 서초구 반포2동, 서울특별시 서초구 반포3동, 서울특별시 서초구 반포4동, 서울특별시 서초구 반포본동, 서울특별시 서초구 서초3동, 서울특별시 서초구 서초4동, 서울특별시 서초구 잠원동]","[1165056000:서울특별시 서초구 반포1동, 1165057000:서울특별시 서초구 반포2동, 1165058000:서울특별시 서초구 반포3동, 1165058100:서울특별시 서초구 반포4동]","[1165053000:서울특별시 서초구 서초3동, 1165053100:서울특별시 서초구 서초4동, 1165054000:서울특별시 서초구 잠원동, 1165055000:서울특별시 서초구 반포본동, 1165056000:서울특별시 서초구 반포1동, 1165057000:서울특별시 서초구 반포2동, 1165058000:서울특별시 서초구 반포3동, 1165058100:서울특별시 서초구 반포4동]",ST000036
고속터미널역,지하철,7호선,"[1165056000, 1165057000, 1165058000, 1165058100]","[서울특별시 서초구 반포1동, 서울특별시 서초구 반포2동, 서울특별시 서초구 반포3동, 서울특별시 서초구 반포4동]","[1165053000, 1165053100, 1165054000, 1165055000, 1165056000, 1165057000, 1165058000, 1165058100]","[서울특별시 서초구 반포1동, 서울특별시 서초구 반포2동, 서울특별시 서초구 반포3동, 서울특별시 서초구 반포4동, 서울특별시 서초구 반포본동, 서울특별시 서초구 서초3동, 서울특별시 서초구 서초4동, 서울특별시 서초구 잠원동]","[1165056000:서울특별시 서초구 반포1동, 1165057000:서울특별시 서초구 반포2동, 1165058000:서울특별시 서초구 반포3동, 1165058100:서울특별시 서초구 반포4동]","[1165053000:서울특별시 서초구 서초3동, 1165053100:서울특별시 서초구 서초4동, 1165054000:서울특별시 서초구 잠원동, 1165055000:서울특별시 서초구 반포본동, 1165056000:서울특별시 서초구 반포1동, 1165057000:서울특별시 서초구 반포2동, 1165058000:서울특별시 서초구 반포3동, 1165058100:서울특별시 서초구 반포4동]",ST000036
고속터미널역,지하철,9호선,"[1165056000, 1165057000, 1165058000, 1165058100]","[서울특별시 서초구 반포1동, 서울특별시 서초구 반포2동, 서울특별시 서초구 반포3동, 서울특별시 서초구 반포4동]","[1165053000, 1165053100, 1165054000, 1165055000, 1165056000, 1165057000, 1165058000, 1165058100]","[서울특별시 서초구 반포1동, 서울특별시 서초구 반포2동, 서울특별시 서초구 반포3동, 서울특별시 서초구 반포4동, 서울특별시 서초구 반포본동, 서울특별시 서초구 서초3동, 서울특별시 서초구 서초4동, 서울특별시 서초구 잠원동]","[1165056000:서울특별시 서초구 반포1동, 1165057000:서울특별시 서초구 반포2동, 1165058000:서울특별시 서초구 반포3동, 1165058100:서울특별시 서초구 반포4동]","[1165053000:서울특별시 서초구 서초3동, 1165053100:서울특별시 서초구 서초4동, 1165054000:서울특별시 서초구 잠원동, 1165055000:서울특별시 서초구 반포본동, 1165056000:서울특별시 서초구 반포1동, 1165057000:서울특별시 서초구 반포2동, 1165058000:서울특별시 서초구 반포3동, 1165058100:서울특별시 서초구 반포4동]",ST000036
고잔역,지하철,4호선,"[4127352000, 4127353500, 4127357000]","[경기도 안산시단원구 고잔1동, 경기도 안산시단원구 초지동, 경기도 안산시단원구 호수동]","[4127352000, 4127353000, 4127353500, 4127357000]","[경기도 안산시단원구 고잔1동, 경기도 안산시단원구 고잔2동, 경기도 안산시단원구 초지동, 경기도 안산시단원구 호수동]","[4127352000:경기도 안산시단원구 고잔1동, 4127353500:경기도 안산시단원구 호수동, 4127357000:경기도 안산시단원구 초지동]","[4127352000:경기도 안산시단원구 고잔1동, 4127353000:경기도 안산시단원구 고잔2동, 4127353500:경기도 안산시단원구 호수동, 4127357000:경기도 안산시단원구 초지동]",ST000529
고잔역,지하철,수인분당선,"[4127352000, 4127353500, 4127357000]","[경기도 안산시단원구 고잔1동, 경기도 안산시단원구 초지동, 경기도 안산시단원구 호수동]","[4127352000, 4127353000, 4127353500, 4127357000]","[경기도 안산시단원구 고잔1동, 경기도 안산시단원구 고잔2동, 경기도 안산시단원구 초지동, 경기도 안산시단원구 호수동]","[4127352000:경기도 안산시단원구 고잔1동, 4127353500:경기도 안산시단원구 호수동, 4127357000:경기도 안산시단원구 초지동]","[4127352000:경기도 안산시단원구 고잔1동, 4127353000:경기도 안산시단원구 고잔2동, 4127353500:경기도 안산시단원구 호수동, 4127357000:경기도 안산시단원구 초지동]",ST000529
고잔역,지하철,안산과천선,"[4127352000, 4127353500, 4127357000]","[경기도 안산시단원구 고잔1동, 경기도 안산시단원구 초지동, 경기도 안산시단원구 호수동]","[4127352000, 4127353000, 4127353500, 4127357000]","[경기도 안산시단원구 고잔1동, 경기도 안산시단원구 고잔2동, 경기도 안산시단원구 초지동, 경기도 안산시단원구 호수동]","[4127352000:경기도 안산시단원구 고잔1동, 4127353500:경기도 안산시단원구 호수동, 4127357000:경기도 안산시단원구 초지동]","[4127352000:경기도 안산시단원구 고잔1동, 4127353000:경기도 안산시단원구 고잔2동, 4127353500:경기도 안산시단원구 호수동, 4127357000:경기도 안산시단원구 초지동]",ST000529
고잔역,지하철,안산선,"[4127352000, 4127353500, 4127357000]","[경기도 안산시단원구 고잔1동, 경기도 안산시단원구 초지동, 경기도 안산시단원구 호수동]","[4127352000, 4127353000, 4127353500, 4127357000]","[경기도 안산시단원구 고잔1동, 경기도 안산시단원구 고잔2동, 경기도 안산시단원구 초지동, 경기도 안산시단원구 호수동]","[4127352000:경기도 안산시단원구 고잔1동, 4127353500:경기도 안산시단원구 호수동, 4127357000:경기도 안산시단원구 초지동]","[4127352000:경기도 안산시단원구 고잔1동, 4127353000:경기도 안산시단원구 고잔2동, 4127353500:경기도 안산시단원구 호수동, 4127357000:경기도 안산시단원구 초지동]",ST000529
고진역,지하철,에버라인,"[4146151000, 4146153000]","[경기도 용인시처인구 유림동, 경기도 용인시처인구 중앙동]","[4146151000, 4146153000, 4146154000]","[경기도 용인시처인구 동부동, 경기도 용인시처인구 유림동, 경기도 용인시처인구 중앙동]","[4146151000:경기도 용인시처인구 중앙동, 4146153000:경기도 용인시처인구 유림동]","[4146151000:경기도 용인시처인구 중앙동, 4146153000:경기도 용인시처인구 유림동, 4146154000:경기도 용인시처인구 동부동]",ST000389
고촌역,지하철,김포골드라인,[4157025300],[경기도 김포시 고촌읍],[4157025300],[경기도 김포시 고촌읍],[4157025300:경기도 김포시 고촌읍],[4157025300:경기도 김포시 고촌읍],ST000350
곡산역,지하철,경의중앙선,"[4128161000, 4128554000, 4128555100]","[경기도 고양시덕양구 능곡동, 경기도 고양시일산동구 백석1동, 경기도 고양시일산동구 풍산동]","[4128161000, 4128554000, 4128555100, 4128558000]","[경기도 고양시덕양구 능곡동, 경기도 고양시일산동구 백석1동, 경기도 고양시일산동구 장항1동, 경기도 고양시일산동구 풍산동]","[4128161000:경기도 고양시덕양구 능곡동, 4128554000:경기도 고양시일산동구 풍산동, 4128555100:경기도 고양시일산동구 백석1동]","[4128161000:경기도 고양시덕양구 능곡동, 4128554000:경기도 고양시일산동구 풍산동, 4128555100:경기도 고양시일산동구 백석1동, 4128558000:경기도 고양시일산동구 장항1동]",ST000619
곡산역,지하철,서해선,"[4128161000, 4128554000, 4128555100]","[경기도 고양시덕양구 능곡동, 경기도 고양시일산동구 백석1동, 경기도 고양시일산동구 풍산동]","[4128161000, 4128554000, 4128555100, 4128558000]","[경기도 고양시덕양구 능곡동, 경기도 고양시일산동구 백석1동, 경기도 고양시일산동구 장항1동, 경기도 고양시일산동구 풍산동]","[4128161000:경기도 고양시덕양구 능곡동, 4128554000:경기도 고양시일산동구 풍산동, 4128555100:경기도 고양시일산동구 백석1동]","[4128161000:경기도 고양시덕양구 능곡동, 4128554000:경기도 고양시일산동구 풍산동, 4128555100:경기도 고양시일산동구 백석1동, 4128558000:경기도 고양시일산동구 장항1동]",ST000619
곤제역,지하철,의정부,"[4115056800, 4115057300, 4115057600, 4115058000]","[경기도 의정부시 송산1동, 경기도 의정부시 송산2동, 경기도 의정부시 신곡2동, 경기도 의정부시 자금동]","[4115056800, 4115057300, 4115057600, 4115058000]","[경기도 의정부시 송산1동, 경기도 의정부시 송산2동, 경기도 의정부시 신곡2동, 경기도 의정부시 자금동]","[4115056800:경기도 의정부시 신곡2동, 4115057300:경기도 의정부시 송산1동, 4115057600:경기도 의정부시 송산2동, 4115058000:경기도 의정부시 자금동]","[4115056800:경기도 의정부시 신곡2동, 4115057300:경기도 의정부시 송산1동, 4115057600:경기도 의정부시 송산2동, 4115058000:경기도 의정부시 자금동]",ST000374
곤지암역,지하철,경강선,[4161025900],[경기도 광주시 곤지암읍],"[4161025900, 4161033000]","[경기도 광주시 곤지암읍, 경기도 광주시 도척면]",[4161025900:경기도 광주시 곤지암읍],"[4161025900:경기도 광주시 곤지암읍, 4161033000:경기도 광주시 도척면]",ST000570
공덕역,지하철,5호선,"[1117058000, 1117059000, 1144055500, 1144056500, 1144058500, 1144059000, 1144061000]","[서울특별시 마포구 공덕동, 서울특별시 마포구 도화동, 서울특별시 마포구 아현동, 서울특별시 마포구 염리동, 서울특별시 마포구 용강동, 서울특별시 용산구 용문동, 서울특별시 용산구 효창동]","[1117057000, 1117058000, 1117059000, 1144055500, 1144056500, 1144058500, 1144059000, 1144060000, 1144061000]","[서울특별시 마포구 공덕동, 서울특별시 마포구 대흥동, 서울특별시 마포구 도화동, 서울특별시 마포구 아현동, 서울특별시 마포구 염리동, 서울특별시 마포구 용강동, 서울특별시 용산구 용문동, 서울특별시 용산구 원효로2동, 서울특별시 용산구 효창동]","[1117058000:서울특별시 용산구 효창동, 1117059000:서울특별시 용산구 용문동, 1144055500:서울특별시 마포구 아현동, 1144056500:서울특별시 마포구 공덕동, 1144058500:서울특별시 마포구 도화동, 1144059000:서울특별시 마포구 용강동, 1144061000:서울특별시 마포구 염리동]","[1117057000:서울특별시 용산구 원효로2동, 1117058000:서울특별시 용산구 효창동, 1117059000:서울특별시 용산구 용문동, 1144055500:서울특별시 마포구 아현동, 1144056500:서울특별시 마포구 공덕동, 1144058500:서울특별시 마포구 도화동, 1144059000:서울특별시 마포구 용강동, 1144060000:서울특별시 마포구 대흥동, 1144061000:서울특별시 마포구 염리동]",ST000214
공덕역,지하철,6호선,"[1117058000, 1117059000, 1144055500, 1144056500, 1144058500, 1144059000, 1144061000]","[서울특별시 마포구 공덕동, 서울특별시 마포구 도화동, 서울특별시 마포구 아현동, 서울특별시 마포구 염리동, 서울특별시 마포구 용강동, 서울특별시 용산구 용문동, 서울특별시 용산구 효창동]","[1117057000, 1117058000, 1117059000, 1144055500, 1144056500, 1144058500, 1144059000, 1144060000, 1144061000]","[서울특별시 마포구 공덕동, 서울특별시 마포구 대흥동, 서울특별시 마포구 도화동, 서울특별시 마포구 아현동, 서울특별시 마포구 염리동, 서울특별시 마포구 용강동, 서울특별시 용산구 용문동, 서울특별시 용산구 원효로2동, 서울특별시 용산구 효창동]","[1117058000:서울특별시 용산구 효창동, 1117059000:서울특별시 용산구 용문동, 1144055500:서울특별시 마포구 아현동, 1144056500:서울특별시 마포구 공덕동, 1144058500:서울특별시 마포구 도화동, 1144059000:서울특별시 마포구 용강동, 1144061000:서울특별시 마포구 염리동]","[1117057000:서울특별시 용산구 원효로2동, 1117058000:서울특별시 용산구 효창동, 1117059000:서울특별시 용산구 용문동, 1144055500:서울특별시 마포구 아현동, 1144056500:서울특별시 마포구 공덕동, 1144058500:서울특별시 마포구 도화동, 1144059000:서울특별시 마포구 용강동, 1144060000:서울특별시 마포구 대흥동, 1144061000:서울특별시 마포구 염리동]",ST000214
공덕역,지하철,경의중앙선,"[1117058000, 1117059000, 1144055500, 1144056500, 1144058500, 1144059000, 1144061000]","[서울특별시 마포구 공덕동, 서울특별시 마포구 도화동, 서울특별시 마포구 아현동, 서울특별시 마포구 염리동, 서울특별시 마포구 용강동, 서울특별시 용산구 용문동, 서울특별시 용산구 효창동]","[1117057000, 1117058000, 1117059000, 1144055500, 1144056500, 1144058500, 1144059000, 1144060000, 1144061000]","[서울특별시 마포구 공덕동, 서울특별시 마포구 대흥동, 서울특별시 마포구 도화동, 서울특별시 마포구 아현동, 서울특별시 마포구 염리동, 서울특별시 마포구 용강동, 서울특별시 용산구 용문동, 서울특별시 용산구 원효로2동, 서울특별시 용산구 효창동]","[1117058000:서울특별시 용산구 효창동, 1117059000:서울특별시 용산구 용문동, 1144055500:서울특별시 마포구 아현동, 1144056500:서울특별시 마포구 공덕동, 1144058500:서울특별시 마포구 도화동, 1144059000:서울특별시 마포구 용강동, 1144061000:서울특별시 마포구 염리동]","[1117057000:서울특별시 용산구 원효로2동, 1117058000:서울특별시 용산구 효창동, 1117059000:서울특별시 용산구 용문동, 1144055500:서울특별시 마포구 아현동, 1144056500:서울특별시 마포구 공덕동, 1144058500:서울특별시 마포구 도화동, 1144059000:서울특별시 마포구 용강동, 1144060000:서울특별시 마포구 대흥동, 1144061000:서울특별시 마포구 염리동]",ST000214
공덕역,지하철,공항철도,"[1117058000, 1117059000, 1144055500, 1144056500, 1144058500, 1144059000, 1144061000]","[서울특별시 마포구 공덕동, 서울특별시 마포구 도화동, 서울특별시 마포구 아현동, 서울특별시 마포구 염리동, 서울특별시 마포구 용강동, 서울특별시 용산구 용문동, 서울특별시 용산구 효창동]","[1117057000, 1117058000, 1117059000, 1144055500, 1144056500, 1144058500, 1144059000, 1144060000, 1144061000]","[서울특별시 마포구 공덕동, 서울특별시 마포구 대흥동, 서울특별시 마포구 도화동, 서울특별시 마포구 아현동, 서울특별시 마포구 염리동, 서울특별시 마포구 용강동, 서울특별시 용산구 용문동, 서울특별시 용산구 원효로2동, 서울특별시 용산구 효창동]","[1117058000:서울특별시 용산구 효창동, 1117059000:서울특별시 용산구 용문동, 1144055500:서울특별시 마포구 아현동, 1144056500:서울특별시 마포구 공덕동, 1144058500:서울특별시 마포구 도화동, 1144059000:서울특별시 마포구 용강동, 1144061000:서울특별시 마포구 염리동]","[1117057000:서울특별시 용산구 원효로2동, 1117058000:서울특별시 용산구 효창동, 1117059000:서울특별시 용산구 용문동, 1144055500:서울특별시 마포구 아현동, 1144056500:서울특별시 마포구 공덕동, 1144058500:서울특별시 마포구 도화동, 1144059000:서울특별시 마포구 용강동, 1144060000:서울특별시 마포구 대흥동, 1144061000:서울특별시 마포구 염리동]",ST000214
공릉역,지하철,7호선,"[1135058000, 1135059500, 1135060000]","[서울특별시 노원구 공릉1동, 서울특별시 노원구 공릉2동, 서울특별시 노원구 월계3동]","[1126062000, 1126063000, 1135056000, 1135058000, 1135059500, 1135060000, 1135061100, 1135061200]","[서울특별시 노원구 공릉1동, 서울특별시 노원구 공릉2동, 서울특별시 노원구 월계1동, 서울특별시 노원구 월계3동, 서울특별시 노원구 하계1동, 서울특별시 노원구 하계2동, 서울특별시 중랑구 묵1동, 서울특별시 중랑구 묵2동]","[1135058000:서울특별시 노원구 월계3동, 1135059500:서울특별시 노원구 공릉1동, 1135060000:서울특별시 노원구 공릉2동]","[1126062000:서울특별시 중랑구 묵1동, 1126063000:서울특별시 중랑구 묵2동, 1135056000:서울특별시 노원구 월계1동, 1135058000:서울특별시 노원구 월계3동, 1135059500:서울특별시 노원구 공릉1동, 1135060000:서울특별시 노원구 공릉2동, 1135061100:서울특별시 노원구 하계1동, 1135061200:서울특별시 노원구 하계2동]",ST000281
공항시장역,지하철,9호선,"[1150062000, 1150063000, 1150064000]","[서울특별시 강서구 공항동, 서울특별시 강서구 방화1동, 서울특별시 강서구 방화2동]","[1150062000, 1150063000, 1150064000]","[서울특별시 강서구 공항동, 서울특별시 강서구 방화1동, 서울특별시 강서구 방화2동]","[1150062000:서울특별시 강서구 공항동, 1150063000:서울특별시 강서구 방화1동, 1150064000:서울특별시 강서구 방화2동]","[1150062000:서울특별시 강서구 공항동, 1150063000:서울특별시 강서구 방화1동, 1150064000:서울특별시 강서구 방화2동]",ST000016
공항화물청사역,지하철,공항철도,[2811062800],[인천광역시 중구 운서동],[2811062800],[인천광역시 중구 운서동],[2811062800:인천광역시 중구 운서동],[2811062800:인천광역시 중구 운서동],ST000331
과천역,지하철,4호선,"[4129051000, 4129053000, 4129054000]","[경기도 과천시 별양동, 경기도 과천시 부림동, 경기도 과천시 중앙동]","[4129051000, 4129053000, 4129054000, 4129055000, 4129056000]","[경기도 과천시 과천동, 경기도 과천시 문원동, 경기도 과천시 별양동, 경기도 과천시 부림동, 경기도 과천시 중앙동]","[4129051000:경기도 과천시 중앙동, 4129053000:경기도 과천시 별양동, 4129054000:경기도 과천시 부림동]","[4129051000:경기도 과천시 중앙동, 4129053000:경기도 과천시 별양동, 4129054000:경기도 과천시 부림동, 4129055000:경기도 과천시 과천동, 4129056000:경기도 과천시 문원동]",ST000578
과천역,지하철,과천선,"[4129051000, 4129053000, 4129054000]","[경기도 과천시 별양동, 경기도 과천시 부림동, 경기도 과천시 중앙동]","[4129051000, 4129053000, 4129054000, 4129055000, 4129056000]","[경기도 과천시 과천동, 경기도 과천시 문원동, 경기도 과천시 별양동, 경기도 과천시 부림동, 경기도 과천시 중앙동]","[4129051000:경기도 과천시 중앙동, 4129053000:경기도 과천시 별양동, 4129054000:경기도 과천시 부림동]","[4129051000:경기도 과천시 중앙동, 4129053000:경기도 과천시 별양동, 4129054000:경기도 과천시 부림동, 4129055000:경기도 과천시 과천동, 4129056000:경기도 과천시 문원동]",ST000578
과천역,지하철,안산과천선,"[4129051000, 4129053000, 4129054000]","[경기도 과천시 별양동, 경기도 과천시 부림동, 경기도 과천시 중앙동]","[4129051000, 4129053000, 4129054000, 4129055000, 4129056000]","[경기도 과천시 과천동, 경기도 과천시 문원동, 경기도 과천시 별양동, 경기도 과천시 부림동, 경기도 과천시 중앙동]","[4129051000:경기도 과천시 중앙동, 4129053000:경기도 과천시 별양동, 4129054000:경기도 과천시 부림동]","[4129051000:경기도 과천시 중앙동, 4129053000:경기도 과천시 별양동, 4129054000:경기도 과천시 부림동, 4129055000:경기도 과천시 과천동, 4129056000:경기도 과천시 문원동]",ST000578
관악산역,지하철,신림선,"[1162059500, 1162066500, 1162073500]","[서울특별시 관악구 대학동, 서울특별시 관악구 서림동, 서울특별시 관악구 청룡동]","[1162058500, 1162059500, 1162066500, 1162073500]","[서울특별시 관악구 낙성대동, 서울특별시 관악구 대학동, 서울특별시 관악구 서림동, 서울특별시 관악구 청룡동]","[1162059500:서울특별시 관악구 청룡동, 1162066500:서울특별시 관악구 서림동, 1162073500:서울특별시 관악구 대학동]","[1162058500:서울특별시 관악구 낙성대동, 1162059500:서울특별시 관악구 청룡동, 1162066500:서울특별시 관악구 서림동, 1162073500:서울특별시 관악구 대학동]",ST000401
관악역,지하철,1호선,"[4117159000, 4117160000]","[경기도 안양시만안구 석수1동, 경기도 안양시만안구 석수2동]","[4117152000, 4117159000, 4117160000]","[경기도 안양시만안구 석수1동, 경기도 안양시만안구 석수2동, 경기도 안양시만안구 안양2동]","[4117159000:경기도 안양시만안구 석수1동, 4117160000:경기도 안양시만안구 석수2동]","[4117152000:경기도 안양시만안구 안양2동, 4117159000:경기도 안양시만안구 석수1동, 4117160000:경기도 안양시만안구 석수2동]",ST000561
광교역,지하철,신분당선,[4111760000],[경기도 수원시영통구 광교1동],[4111760000],[경기도 수원시영통구 광교1동],[4111760000:경기도 수원시영통구 광교1동],[4111760000:경기도 수원시영통구 광교1동],ST000340
광교중앙역,지하철,신분당선,"[4111755000, 4111760000, 4111761000]","[경기도 수원시영통구 광교1동, 경기도 수원시영통구 광교2동, 경기도 수원시영통구 원천동]","[4111571000, 4111572000, 4111755000, 4111760000, 4111761000]","[경기도 수원시영통구 광교1동, 경기도 수원시영통구 광교2동, 경기도 수원시영통구 원천동, 경기도 수원시팔달구 우만1동, 경기도 수원시팔달구 우만2동]","[4111755000:경기도 수원시영통구 원천동, 4111760000:경기도 수원시영통구 광교1동, 4111761000:경기도 수원시영통구 광교2동]","[4111571000:경기도 수원시팔달구 우만1동, 4111572000:경기도 수원시팔달구 우만2동, 4111755000:경기도 수원시영통구 원천동, 4111760000:경기도 수원시영통구 광교1동, 4111761000:경기도 수원시영통구 광교2동]",ST000339
광나루역,지하철,5호선,"[1121581000, 1121586000]","[서울특별시 광진구 광장동, 서울특별시 광진구 구의2동]","[1121581000, 1121586000, 1121587000, 1171051000, 1174058000, 1174061000]","[서울특별시 강동구 암사2동, 서울특별시 강동구 천호2동, 서울특별시 광진구 광장동, 서울특별시 광진구 구의2동, 서울특별시 광진구 구의3동, 서울특별시 송파구 풍납1동]","[1121581000:서울특별시 광진구 광장동, 1121586000:서울특별시 광진구 구의2동]","[1121581000:서울특별시 광진구 광장동, 1121586000:서울특별시 광진구 구의2동, 1121587000:서울특별시 광진구 구의3동, 1171051000:서울특별시 송파구 풍납1동, 1174058000:서울특별시 강동구 암사2동, 1174061000:서울특별시 강동구 천호2동]",ST000226
광명사거리역,지하철,7호선,"[1153076000, 4121052000, 4121054000, 4121055000, 4121056000, 4121058000]","[경기도 광명시 광명2동, 경기도 광명시 광명3동, 경기도 광명시 광명4동, 경기도 광명시 광명5동, 경기도 광명시 광명7동, 서울특별시 구로구 개봉3동]","[1153076000, 1153078000, 4121051000, 4121052000, 4121054000, 4121055000, 4121056000, 4121057000, 4121058000, 4121060000, 4121061000, 4121062000]","[경기도 광명시 광명1동, 경기도 광명시 광명2동, 경기도 광명시 광명3동, 경기도 광명시 광명4동, 경기도 광명시 광명5동, 경기도 광명시 광명6동, 경기도 광명시 광명7동, 경기도 광명시 철산2동, 경기도 광명시 철산3동, 경기도 광명시 철산4동, 서울특별시 구로구 개봉3동, 서울특별시 구로구 오류2동]","[1153076000:서울특별시 구로구 개봉3동, 4121052000:경기도 광명시 광명2동, 4121054000:경기도 광명시 광명3동, 4121055000:경기도 광명시 광명4동, 4121056000:경기도 광명시 광명5동, 4121058000:경기도 광명시 광명7동]","[1153076000:서울특별시 구로구 개봉3동, 1153078000:서울특별시 구로구 오류2동, 4121051000:경기도 광명시 광명1동, 4121052000:경기도 광명시 광명2동, 4121054000:경기도 광명시 광명3동, 4121055000:경기도 광명시 광명4동, 4121056000:경기도 광명시 광명5동, 4121057000:경기도 광명시 광명6동, 4121058000:경기도 광명시 광명7동, 4121060000:경기도 광명시 철산2동, 4121061000:경기도 광명시 철산3동, 4121062000:경기도 광명시 철산4동]",ST000307
광명역,고속철도,KTX,"[4117160000, 4117163000, 4121065000]","[경기도 광명시 소하2동, 경기도 안양시만안구 박달2동, 경기도 안양시만안구 석수2동]","[4117160000, 4117161000, 4117163000, 4121065000]","[경기도 광명시 소하2동, 경기도 안양시만안구 박달2동, 경기도 안양시만안구 석수2동, 경기도 안양시만안구 석수3동]","[4117160000:경기도 안양시만안구 석수2동, 4117163000:경기도 안양시만안구 박달2동, 4121065000:경기도 광명시 소하2동]","[4117160000:경기도 안양시만안구 석수2동, 4117161000:경기도 안양시만안구 석수3동, 4117163000:경기도 안양시만안구 박달2동, 4121065000:경기도 광명시 소하2동]",ST000536
광명역,고속철도,KTX-산천,"[4117160000, 4117163000, 4121065000]","[경기도 광명시 소하2동, 경기도 안양시만안구 박달2동, 경기도 안양시만안구 석수2동]","[4117160000, 4117161000, 4117163000, 4121065000]","[경기도 광명시 소하2동, 경기도 안양시만안구 박달2동, 경기도 안양시만안구 석수2동, 경기도 안양시만안구 석수3동]","[4117160000:경기도 안양시만안구 석수2동, 4117163000:경기도 안양시만안구 박달2동, 4121065000:경기도 광명시 소하2동]","[4117160000:경기도 안양시만안구 석수2동, 4117161000:경기도 안양시만안구 석수3동, 4117163000:경기도 안양시만안구 박달2동, 4121065000:경기도 광명시 소하2동]",ST000536
광명역,지하철,1호선,"[4117160000, 4117163000, 4121065000]","[경기도 광명시 소하2동, 경기도 안양시만안구 박달2동, 경기도 안양시만안구 석수2동]","[4117160000, 4117161000, 4117163000, 4121065000]","[경기도 광명시 소하2동, 경기도 안양시만안구 박달2동, 경기도 안양시만안구 석수2동, 경기도 안양시만안구 석수3동]","[4117160000:경기도 안양시만안구 석수2동, 4117163000:경기도 안양시만안구 박달2동, 4121065000:경기도 광명시 소하2동]","[4117160000:경기도 안양시만안구 석수2동, 4117161000:경기도 안양시만안구 석수3동, 4117163000:경기도 안양시만안구 박달2동, 4121065000:경기도 광명시 소하2동]",ST000536
광운대역,지하철,1호선,"[1135056000, 1135058000]","[서울특별시 노원구 월계1동, 서울특별시 노원구 월계3동]","[1129078000, 1135056000, 1135057000, 1135058000, 1135059500, 1135061200]","[서울특별시 노원구 공릉1동, 서울특별시 노원구 월계1동, 서울특별시 노원구 월계2동, 서울특별시 노원구 월계3동, 서울특별시 노원구 하계2동, 서울특별시 성북구 장위3동]","[1135056000:서울특별시 노원구 월계1동, 1135058000:서울특별시 노원구 월계3동]","[1129078000:서울특별시 성북구 장위3동, 1135056000:서울특별시 노원구 월계1동, 1135057000:서울특별시 노원구 월계2동, 1135058000:서울특별시 노원구 월계3동, 1135059500:서울특별시 노원구 공릉1동, 1135061200:서울특별시 노원구 하계2동]",ST000652
광운대역,지하철,경의중앙선,"[1135056000, 1135058000]","[서울특별시 노원구 월계1동, 서울특별시 노원구 월계3동]","[1129078000, 1135056000, 1135057000, 1135058000, 1135059500, 1135061200]","[서울특별시 노원구 공릉1동, 서울특별시 노원구 월계1동, 서울특별시 노원구 월계2동, 서울특별시 노원구 월계3동, 서울특별시 노원구 하계2동, 서울특별시 성북구 장위3동]","[1135056000:서울특별시 노원구 월계1동, 1135058000:서울특별시 노원구 월계3동]","[1129078000:서울특별시 성북구 장위3동, 1135056000:서울특별시 노원구 월계1동, 1135057000:서울특별시 노원구 월계2동, 1135058000:서울특별시 노원구 월계3동, 1135059500:서울특별시 노원구 공릉1동, 1135061200:서울특별시 노원구 하계2동]",ST000652
광운대역,지하철,경춘선,"[1135056000, 1135058000]","[서울특별시 노원구 월계1동, 서울특별시 노원구 월계3동]","[1129078000, 1135056000, 1135057000, 1135058000, 1135059500, 1135061200]","[서울특별시 노원구 공릉1동, 서울특별시 노원구 월계1동, 서울특별시 노원구 월계2동, 서울특별시 노원구 월계3동, 서울특별시 노원구 하계2동, 서울특별시 성북구 장위3동]","[1135056000:서울특별시 노원구 월계1동, 1135058000:서울특별시 노원구 월계3동]","[1129078000:서울특별시 성북구 장위3동, 1135056000:서울특별시 노원구 월계1동, 1135057000:서울특별시 노원구 월계2동, 1135058000:서울특별시 노원구 월계3동, 1135059500:서울특별시 노원구 공릉1동, 1135061200:서울특별시 노원구 하계2동]",ST000652
광화문역,지하철,5호선,"[1111053000, 1111061500, 1114052000, 1114055000]","[서울특별시 종로구 사직동, 서울특별시 종로구 종로1·2·3·4가동, 서울특별시 중구 명동, 서울특별시 중구 소공동]","[1111051500, 1111053000, 1111054000, 1111058000, 1111061500, 1114052000, 1114055000]","[서울특별시 종로구 교남동, 서울특별시 종로구 사직동, 서울특별시 종로구 삼청동, 서울특별시 종로구 종로1·2·3·4가동, 서울특별시 종로구 청운효자동, 서울특별시 중구 명동, 서울특별시 중구 소공동]","[1111053000:서울특별시 종로구 사직동, 1111061500:서울특별시 종로구 종로1·2·3·4가동, 1114052000:서울특별시 중구 소공동, 1114055000:서울특별시 중구 명동]","[1111051500:서울특별시 종로구 청운효자동, 1111053000:서울특별시 종로구 사직동, 1111054000:서울특별시 종로구 삼청동, 1111058000:서울특별시 종로구 교남동, 1111061500:서울특별시 종로구 종로1·2·3·4가동, 1114052000:서울특별시 중구 소공동, 1114055000:서울특별시 중구 명동]",ST000217
광흥창역,지하철,6호선,"[1144063000, 1144065500]","[서울특별시 마포구 서강동, 서울특별시 마포구 신수동]","[1141058500, 1144059000, 1144060000, 1144063000, 1144065500, 1144066000]","[서울특별시 마포구 대흥동, 서울특별시 마포구 서강동, 서울특별시 마포구 서교동, 서울특별시 마포구 신수동, 서울특별시 마포구 용강동, 서울특별시 서대문구 신촌동]","[1144063000:서울특별시 마포구 신수동, 1144065500:서울특별시 마포구 서강동]","[1141058500:서울특별시 서대문구 신촌동, 1144059000:서울특별시 마포구 용강동, 1144060000:서울특별시 마포구 대흥동, 1144063000:서울특별시 마포구 신수동, 1144065500:서울특별시 마포구 서강동, 1144066000:서울특별시 마포구 서교동]",ST000256
교대역,지하철,2호선,"[1165051000, 1165053000, 1165053100]","[서울특별시 서초구 서초1동, 서울특별시 서초구 서초3동, 서울특별시 서초구 서초4동]","[1165051000, 1165052000, 1165053000, 1165053100, 1165056000, 1165058100]","[서울특별시 서초구 반포1동, 서울특별시 서초구 반포4동, 서울특별시 서초구 서초1동, 서울특별시 서초구 서초2동, 서울특별시 서초구 서초3동, 서울특별시 서초구 서초4동]","[1165051000:서울특별시 서초구 서초1동, 1165053000:서울특별시 서초구 서초3동, 1165053100:서울특별시 서초구 서초4동]","[1165051000:서울특별시 서초구 서초1동, 1165052000:서울특별시 서초구 서초2동, 1165053000:서울특별시 서초구 서초3동, 1165053100:서울특별시 서초구 서초4동, 1165056000:서울특별시 서초구 반포1동, 1165058100:서울특별시 서초구 반포4동]",ST000124
교대역,지하철,3호선,"[1165051000, 1165053000, 1165053100]","[서울특별시 서초구 서초1동, 서울특별시 서초구 서초3동, 서울특별시 서초구 서초4동]","[1165051000, 1165052000, 1165053000, 1165053100, 1165056000, 1165058100]","[서울특별시 서초구 반포1동, 서울특별시 서초구 반포4동, 서울특별시 서초구 서초1동, 서울특별시 서초구 서초2동, 서울특별시 서초구 서초3동, 서울특별시 서초구 서초4동]","[1165051000:서울특별시 서초구 서초1동, 1165053000:서울특별시 서초구 서초3동, 1165053100:서울특별시 서초구 서초4동]","[1165051000:서울특별시 서초구 서초1동, 1165052000:서울특별시 서초구 서초2동, 1165053000:서울특별시 서초구 서초3동, 1165053100:서울특별시 서초구 서초4동, 1165056000:서울특별시 서초구 반포1동, 1165058100:서울특별시 서초구 반포4동]",ST000124
구래역,지하철,김포골드라인,[4157057000],[경기도 김포시 구래동],"[4157025600, 4157057000]","[경기도 김포시 구래동, 경기도 김포시 양촌읍]",[4157057000:경기도 김포시 구래동],"[4157025600:경기도 김포시 양촌읍, 4157057000:경기도 김포시 구래동]",ST000357
구로디지털단지역,지하철,2호선,"[1153054000, 1156071000, 1159067000, 1162072500]","[서울특별시 관악구 조원동, 서울특별시 구로구 구로3동, 서울특별시 동작구 신대방1동, 서울특별시 영등포구 대림2동]","[1153054000, 1153059500, 1154551000, 1154561000, 1154563000, 1156070000, 1156071000, 1159067000, 1162068500, 1162072500, 1162076500]","[서울특별시 관악구 미성동, 서울특별시 관악구 신사동, 서울특별시 관악구 조원동, 서울특별시 구로구 가리봉동, 서울특별시 구로구 구로3동, 서울특별시 금천구 가산동, 서울특별시 금천구 독산1동, 서울특별시 금천구 독산3동, 서울특별시 동작구 신대방1동, 서울특별시 영등포구 대림1동, 서울특별시 영등포구 대림2동]","[1153054000:서울특별시 구로구 구로3동, 1156071000:서울특별시 영등포구 대림2동, 1159067000:서울특별시 동작구 신대방1동, 1162072500:서울특별시 관악구 조원동]","[1153054000:서울특별시 구로구 구로3동, 1153059500:서울특별시 구로구 가리봉동, 1154551000:서울특별시 금천구 가산동, 1154561000:서울특별시 금천구 독산1동, 1154563000:서울특별시 금천구 독산3동, 1156070000:서울특별시 영등포구 대림1동, 1156071000:서울특별시 영등포구 대림2동, 1159067000:서울특별시 동작구 신대방1동, 1162068500:서울특별시 관악구 신사동, 1162072500:서울특별시 관악구 조원동, 1162076500:서울특별시 관악구 미성동]",ST000133
구로역,지하철,1호선,"[1153051000, 1153052000, 1153053000, 1153056000]","[서울특별시 구로구 구로1동, 서울특별시 구로구 구로2동, 서울특별시 구로구 구로5동, 서울특별시 구로구 신도림동]","[1147068000, 1153051000, 1153052000, 1153053000, 1153055000, 1153056000]","[서울특별시 구로구 구로1동, 서울특별시 구로구 구로2동, 서울특별시 구로구 구로4동, 서울특별시 구로구 구로5동, 서울특별시 구로구 신도림동, 서울특별시 양천구 신정7동]","[1153051000:서울특별시 구로구 신도림동, 1153052000:서울특별시 구로구 구로1동, 1153053000:서울특별시 구로구 구로2동, 1153056000:서울특별시 구로구 구로5동]","[1147068000:서울특별시 양천구 신정7동, 1153051000:서울특별시 구로구 신도림동, 1153052000:서울특별시 구로구 구로1동, 1153053000:서울특별시 구로구 구로2동, 1153055000:서울특별시 구로구 구로4동, 1153056000:서울특별시 구로구 구로5동]",ST000564
구룡역,지하철,수인분당선,"[1168060000, 1168065600, 1168066000, 1168067000]","[서울특별시 강남구 개포1동, 서울특별시 강남구 개포2동, 서울특별시 강남구 대치1동, 서울특별시 강남구 도곡2동]","[1168060000, 1168061000, 1168065500, 1168065600, 1168066000, 1168067000, 1168069000]","[서울특별시 강남구 개포1동, 서울특별시 강남구 개포2동, 서울특별시 강남구 개포4동, 서울특별시 강남구 대치1동, 서울특별시 강남구 대치2동, 서울특별시 강남구 도곡1동, 서울특별시 강남구 도곡2동]","[1168060000:서울특별시 강남구 대치1동, 1168065600:서울특별시 강남구 도곡2동, 1168066000:서울특별시 강남구 개포1동, 1168067000:서울특별시 강남구 개포2동]","[1168060000:서울특별시 강남구 대치1동, 1168061000:서울특별시 강남구 대치2동, 1168065500:서울특별시 강남구 도곡1동, 1168065600:서울특별시 강남구 도곡2동, 1168066000:서울특별시 강남구 개포1동, 1168067000:서울특별시 강남구 개포2동, 1168069000:서울특별시 강남구 개포4동]",ST000648
구리역,지하철,8호선,"[4131052000, 4131053000, 4131054100, 4131057000]","[경기도 구리시 교문1동, 경기도 구리시 동구동, 경기도 구리시 수택1동, 경기도 구리시 인창동]","[4131052000, 4131053000, 4131054100, 4131054200, 4131057000, 4131058000, 4136056000]","[경기도 구리시 교문1동, 경기도 구리시 교문2동, 경기도 구리시 동구동, 경기도 구리시 수택1동, 경기도 구리시 수택2동, 경기도 구리시 인창동, 경기도 남양주시 도농동]","[4131052000:경기도 구리시 동구동, 4131053000:경기도 구리시 인창동, 4131054100:경기도 구리시 교문1동, 4131057000:경기도 구리시 수택1동]","[4131052000:경기도 구리시 동구동, 4131053000:경기도 구리시 인창동, 4131054100:경기도 구리시 교문1동, 4131054200:경기도 구리시 교문2동, 4131057000:경기도 구리시 수택1동, 4131058000:경기도 구리시 수택2동, 4136056000:경기도 남양주시 도농동]",ST000439
구리역,지하철,경의중앙선,"[4131052000, 4131053000, 4131054100, 4131057000]","[경기도 구리시 교문1동, 경기도 구리시 동구동, 경기도 구리시 수택1동, 경기도 구리시 인창동]","[4131052000, 4131053000, 4131054100, 4131054200, 4131057000, 4131058000, 4136056000]","[경기도 구리시 교문1동, 경기도 구리시 교문2동, 경기도 구리시 동구동, 경기도 구리시 수택1동, 경기도 구리시 수택2동, 경기도 구리시 인창동, 경기도 남양주시 도농동]","[4131052000:경기도 구리시 동구동, 4131053000:경기도 구리시 인창동, 4131054100:경기도 구리시 교문1동, 4131057000:경기도 구리시 수택1동]","[4131052000:경기도 구리시 동구동, 4131053000:경기도 구리시 인창동, 4131054100:경기도 구리시 교문1동, 4131054200:경기도 구리시 교문2동, 4131057000:경기도 구리시 수택1동, 4131058000:경기도 구리시 수택2동, 4136056000:경기도 남양주시 도농동]",ST000439
구리역,지하철,별내선,"[4131052000, 4131053000, 4131054100, 4131057000]","[경기도 구리시 교문1동, 경기도 구리시 동구동, 경기도 구리시 수택1동, 경기도 구리시 인창동]","[4131052000, 4131053000, 4131054100, 4131054200, 4131057000, 4131058000, 4136056000]","[경기도 구리시 교문1동, 경기도 구리시 교문2동, 경기도 구리시 동구동, 경기도 구리시 수택1동, 경기도 구리시 수택2동, 경기도 구리시 인창동, 경기도 남양주시 도농동]","[4131052000:경기도 구리시 동구동, 4131053000:경기도 구리시 인창동, 4131054100:경기도 구리시 교문1동, 4131057000:경기도 구리시 수택1동]","[4131052000:경기도 구리시 동구동, 4131053000:경기도 구리시 인창동, 4131054100:경기도 구리시 교문1동, 4131054200:경기도 구리시 교문2동, 4131057000:경기도 구리시 수택1동, 4131058000:경기도 구리시 수택2동, 4136056000:경기도 남양주시 도농동]",ST000439
구반포역,지하철,9호선,"[1159063000, 1165055000, 1165057000, 1165058100, 1165059000]","[서울특별시 동작구 사당2동, 서울특별시 서초구 반포2동, 서울특별시 서초구 반포4동, 서울특별시 서초구 반포본동, 서울특별시 서초구 방배본동]","[1159063000, 1165055000, 1165057000, 1165058100, 1165059000, 1165062100]","[서울특별시 동작구 사당2동, 서울특별시 서초구 반포2동, 서울특별시 서초구 반포4동, 서울특별시 서초구 반포본동, 서울특별시 서초구 방배4동, 서울특별시 서초구 방배본동]","[1159063000:서울특별시 동작구 사당2동, 1165055000:서울특별시 서초구 반포본동, 1165057000:서울특별시 서초구 반포2동, 1165058100:서울특별시 서초구 반포4동, 1165059000:서울특별시 서초구 방배본동]","[1159063000:서울특별시 동작구 사당2동, 1165055000:서울특별시 서초구 반포본동, 1165057000:서울특별시 서초구 반포2동, 1165058100:서울특별시 서초구 반포4동, 1165059000:서울특별시 서초구 방배본동, 1165062100:서울특별시 서초구 방배4동]",ST000034
구산역,지하철,6호선,"[1138055200, 1138056000, 1138057000, 1138062500]","[서울특별시 은평구 갈현2동, 서울특별시 은평구 구산동, 서울특별시 은평구 대조동, 서울특별시 은평구 역촌동]","[1138051000, 1138052000, 1138053000, 1138055100, 1138055200, 1138056000, 1138057000, 1138062500]","[서울특별시 은평구 갈현1동, 서울특별시 은평구 갈현2동, 서울특별시 은평구 구산동, 서울특별시 은평구 녹번동, 서울특별시 은평구 대조동, 서울특별시 은평구 불광1동, 서울특별시 은평구 불광2동, 서울특별시 은평구 역촌동]","[1138055200:서울특별시 은평구 갈현2동, 1138056000:서울특별시 은평구 구산동, 1138057000:서울특별시 은평구 대조동, 1138062500:서울특별시 은평구 역촌동]","[1138051000:서울특별시 은평구 녹번동, 1138052000:서울특별시 은평구 불광1동, 1138053000:서울특별시 은평구 불광2동, 1138055100:서울특별시 은평구 갈현1동, 1138055200:서울특별시 은평구 갈현2동, 1138056000:서울특별시 은평구 구산동, 1138057000:서울특별시 은평구 대조동, 1138062500:서울특별시 은평구 역촌동]",ST000248
구성역,광역급행철도,GTXA,"[4146357000, 4146359000]","[경기도 용인시기흥구 마북동, 경기도 용인시기흥구 보정동]","[4146351000, 4146356000, 4146357000, 4146359000]","[경기도 용인시기흥구 신갈동, 경기도 용인시기흥구 구성동, 경기도 용인시기흥구 마북동, 경기도 용인시기흥구 보정동]","[4146357000:경기도 용인시기흥구 마북동, 4146359000:경기도 용인시기흥구 보정동]","[4146351000:경기도 용인시기흥구 신갈동, 4146356000:경기도 용인시기흥구 구성동, 4146357000:경기도 용인시기흥구 마북동, 4146359000:경기도 용인시기흥구 보정동]",GTX_구성_GTXA
구성역,지하철,수인분당선,"[4146357000, 4146359000]","[경기도 용인시기흥구 마북동, 경기도 용인시기흥구 보정동]","[4146351000, 4146356000, 4146357000, 4146359000]","[경기도 용인시기흥구 구성동, 경기도 용인시기흥구 마북동, 경기도 용인시기흥구 보정동, 경기도 용인시기흥구 신갈동]","[4146357000:경기도 용인시기흥구 마북동, 4146359000:경기도 용인시기흥구 보정동]","[4146351000:경기도 용인시기흥구 신갈동, 4146356000:경기도 용인시기흥구 구성동, 4146357000:경기도 용인시기흥구 마북동, 4146359000:경기도 용인시기흥구 보정동]",ST000345
구의역,지하철,2호선,"[1121571000, 1121582000, 1121583000, 1121585000, 1121587000]","[서울특별시 광진구 구의1동, 서울특별시 광진구 구의3동, 서울특별시 광진구 자양1동, 서울특별시 광진구 자양2동, 서울특별시 광진구 화양동]","[1121571000, 1121578000, 1121582000, 1121583000, 1121584000, 1121585000, 1121586000, 1121587000]","[서울특별시 광진구 구의1동, 서울특별시 광진구 구의2동, 서울특별시 광진구 구의3동, 서울특별시 광진구 능동, 서울특별시 광진구 자양1동, 서울특별시 광진구 자양2동, 서울특별시 광진구 자양3동, 서울특별시 광진구 화양동]","[1121571000:서울특별시 광진구 화양동, 1121582000:서울특별시 광진구 자양1동, 1121583000:서울특별시 광진구 자양2동, 1121585000:서울특별시 광진구 구의1동, 1121587000:서울특별시 광진구 구의3동]","[1121571000:서울특별시 광진구 화양동, 1121578000:서울특별시 광진구 능동, 1121582000:서울특별시 광진구 자양1동, 1121583000:서울특별시 광진구 자양2동, 1121584000:서울특별시 광진구 자양3동, 1121585000:서울특별시 광진구 구의1동, 1121586000:서울특별시 광진구 구의2동, 1121587000:서울특별시 광진구 구의3동]",ST000114
구일역,지하철,1호선,"[1153052000, 1153053000, 1153072000, 1153075000, 4121051000, 4121059000]","[경기도 광명시 광명1동, 경기도 광명시 철산1동, 서울특별시 구로구 개봉2동, 서울특별시 구로구 고척1동, 서울특별시 구로구 구로1동, 서울특별시 구로구 구로2동]","[1153052000, 1153053000, 1153072000, 1153074000, 1153075000, 1153076000, 4121051000, 4121059000, 4121060000]","[경기도 광명시 광명1동, 경기도 광명시 철산1동, 경기도 광명시 철산2동, 서울특별시 구로구 개봉1동, 서울특별시 구로구 개봉2동, 서울특별시 구로구 개봉3동, 서울특별시 구로구 고척1동, 서울특별시 구로구 구로1동, 서울특별시 구로구 구로2동]","[1153052000:서울특별시 구로구 구로1동, 1153053000:서울특별시 구로구 구로2동, 1153072000:서울특별시 구로구 고척1동, 1153075000:서울특별시 구로구 개봉2동, 4121051000:경기도 광명시 광명1동, 4121059000:경기도 광명시 철산1동]","[1153052000:서울특별시 구로구 구로1동, 1153053000:서울특별시 구로구 구로2동, 1153072000:서울특별시 구로구 고척1동, 1153074000:서울특별시 구로구 개봉1동, 1153075000:서울특별시 구로구 개봉2동, 1153076000:서울특별시 구로구 개봉3동, 4121051000:경기도 광명시 광명1동, 4121059000:경기도 광명시 철산1동, 4121060000:경기도 광명시 철산2동]",ST000514
구파발역,지하철,3호선,[1138069000],[서울특별시 은평구 진관동],"[1138053000, 1138055100, 1138069000, 4128156000, 4128158000]","[경기도 고양시덕양구 창릉동, 경기도 고양시덕양구 효자동, 서울특별시 은평구 갈현1동, 서울특별시 은평구 불광2동, 서울특별시 은평구 진관동]",[1138069000:서울특별시 은평구 진관동],"[1138053000:서울특별시 은평구 불광2동, 1138055100:서울특별시 은평구 갈현1동, 1138069000:서울특별시 은평구 진관동, 4128156000:경기도 고양시덕양구 효자동, 4128158000:경기도 고양시덕양구 창릉동]",ST000152
국수역,지하철,경의중앙선,[4183033000],[경기도 양평군 양서면],[4183033000],[경기도 양평군 양서면],[4183033000:경기도 양평군 양서면],[4183033000:경기도 양평군 양서면],ST000634
국제업무지구역,지하철,인천1호선,[2818583000],[인천광역시 연수구 송도2동],[2818583000],[인천광역시 연수구 송도2동],[2818583000:인천광역시 연수구 송도2동],[2818583000:인천광역시 연수구 송도2동],ST000067
국회의사당역,지하철,9호선,[1156054000],[서울특별시 영등포구 여의동],"[1156053500, 1156054000, 1156056000]","[서울특별시 영등포구 당산2동, 서울특별시 영등포구 여의동, 서울특별시 영등포구 영등포동]",[1156054000:서울특별시 영등포구 여의동],"[1156053500:서울특별시 영등포구 영등포동, 1156054000:서울특별시 영등포구 여의동, 1156056000:서울특별시 영등포구 당산2동]",ST000027
군자역,지하철,5호선,"[1121573000, 1121574000, 1121575000, 1121578000]","[서울특별시 광진구 군자동, 서울특별시 광진구 능동, 서울특별시 광진구 중곡1동, 서울특별시 광진구 중곡2동]","[1120072000, 1120079000, 1121573000, 1121574000, 1121575000, 1121576000, 1121577000, 1121578000, 1123065000]","[서울특별시 광진구 군자동, 서울특별시 광진구 능동, 서울특별시 광진구 중곡1동, 서울특별시 광진구 중곡2동, 서울특별시 광진구 중곡3동, 서울특별시 광진구 중곡4동, 서울특별시 동대문구 장안1동, 서울특별시 성동구 송정동, 서울특별시 성동구 용답동]","[1121573000:서울특별시 광진구 군자동, 1121574000:서울특별시 광진구 중곡1동, 1121575000:서울특별시 광진구 중곡2동, 1121578000:서울특별시 광진구 능동]","[1120072000:서울특별시 성동구 송정동, 1120079000:서울특별시 성동구 용답동, 1121573000:서울특별시 광진구 군자동, 1121574000:서울특별시 광진구 중곡1동, 1121575000:서울특별시 광진구 중곡2동, 1121576000:서울특별시 광진구 중곡3동, 1121577000:서울특별시 광진구 중곡4동, 1121578000:서울특별시 광진구 능동, 1123065000:서울특별시 동대문구 장안1동]",ST000224
군자역,지하철,7호선,"[1121573000, 1121574000, 1121575000, 1121578000]","[서울특별시 광진구 군자동, 서울특별시 광진구 능동, 서울특별시 광진구 중곡1동, 서울특별시 광진구 중곡2동]","[1120072000, 1120079000, 1121573000, 1121574000, 1121575000, 1121576000, 1121577000, 1121578000, 1123065000]","[서울특별시 광진구 군자동, 서울특별시 광진구 능동, 서울특별시 광진구 중곡1동, 서울특별시 광진구 중곡2동, 서울특별시 광진구 중곡3동, 서울특별시 광진구 중곡4동, 서울특별시 동대문구 장안1동, 서울특별시 성동구 송정동, 서울특별시 성동구 용답동]","[1121573000:서울특별시 광진구 군자동, 1121574000:서울특별시 광진구 중곡1동, 1121575000:서울특별시 광진구 중곡2동, 1121578000:서울특별시 광진구 능동]","[1120072000:서울특별시 성동구 송정동, 1120079000:서울특별시 성동구 용답동, 1121573000:서울특별시 광진구 군자동, 1121574000:서울특별시 광진구 중곡1동, 1121575000:서울특별시 광진구 중곡2동, 1121576000:서울특별시 광진구 중곡3동, 1121577000:서울특별시 광진구 중곡4동, 1121578000:서울특별시 광진구 능동, 1123065000:서울특별시 동대문구 장안1동]",ST000224
군포역,지하철,1호선,"[4141051000, 4141052000]","[경기도 군포시 군포1동, 경기도 군포시 군포2동]","[4141051000, 4141052000, 4141056000, 4141057000]","[경기도 군포시 군포1동, 경기도 군포시 군포2동, 경기도 군포시 금정동, 경기도 군포시 재궁동]","[4141051000:경기도 군포시 군포1동, 4141052000:경기도 군포시 군포2동]","[4141051000:경기도 군포시 군포1동, 4141052000:경기도 군포시 군포2동, 4141056000:경기도 군포시 금정동, 4141057000:경기도 군포시 재궁동]",ST000557
굴포천역,지하철,7호선,"[2823754000, 2823755000, 2823764200, 2823764800, 2823766100]","[인천광역시 부평구 갈산2동, 인천광역시 부평구 부개3동, 인천광역시 부평구 부평4동, 인천광역시 부평구 부평5동, 인천광역시 부평구 삼산2동]","[2823751000, 2823754000, 2823755000, 2823759200, 2823764100, 2823764200, 2823764800, 2823766100, 4119069000, 4119070000]","[경기도 부천시 상2동, 경기도 부천시 상3동, 인천광역시 부평구 갈산1동, 인천광역시 부평구 갈산2동, 인천광역시 부평구 부개3동, 인천광역시 부평구 부평1동, 인천광역시 부평구 부평4동, 인천광역시 부평구 부평5동, 인천광역시 부평구 삼산2동, 인천광역시 부평구 청천2동]","[2823754000:인천광역시 부평구 부평4동, 2823755000:인천광역시 부평구 부평5동, 2823764200:인천광역시 부평구 갈산2동, 2823764800:인천광역시 부평구 삼산2동, 2823766100:인천광역시 부평구 부개3동]","[2823751000:인천광역시 부평구 부평1동, 2823754000:인천광역시 부평구 부평4동, 2823755000:인천광역시 부평구 부평5동, 2823759200:인천광역시 부평구 청천2동, 2823764100:인천광역시 부평구 갈산1동, 2823764200:인천광역시 부평구 갈산2동, 2823764800:인천광역시 부평구 삼산2동, 2823766100:인천광역시 부평구 부개3동, 4119069000:경기도 부천시 상2동, 4119070000:경기도 부천시 상3동]",ST000422
굽은다리역,지하철,5호선,"[1174053000, 1174060000, 1174062000, 1174068500]","[서울특별시 강동구 길동, 서울특별시 강동구 명일1동, 서울특별시 강동구 천호1동, 서울특별시 강동구 천호3동]","[1174053000, 1174054000, 1174057000, 1174060000, 1174061000, 1174062000, 1174068500]","[서울특별시 강동구 길동, 서울특별시 강동구 명일1동, 서울특별시 강동구 명일2동, 서울특별시 강동구 암사1동, 서울특별시 강동구 천호1동, 서울특별시 강동구 천호2동, 서울특별시 강동구 천호3동]","[1174053000:서울특별시 강동구 명일1동, 1174060000:서울특별시 강동구 천호1동, 1174062000:서울특별시 강동구 천호3동, 1174068500:서울특별시 강동구 길동]","[1174053000:서울특별시 강동구 명일1동, 1174054000:서울특별시 강동구 명일2동, 1174057000:서울특별시 강동구 암사1동, 1174060000:서울특별시 강동구 천호1동, 1174061000:서울특별시 강동구 천호2동, 1174062000:서울특별시 강동구 천호3동, 1174068500:서울특별시 강동구 길동]",ST000230
귤현역,지하철,인천1호선,"[2824571000, 2824573000]","[인천광역시 계양구 계양1동, 인천광역시 계양구 계양3동]","[2824571000, 2824572000, 2824573000]","[인천광역시 계양구 계양1동, 인천광역시 계양구 계양2동, 인천광역시 계양구 계양3동]","[2824571000:인천광역시 계양구 계양1동, 2824573000:인천광역시 계양구 계양3동]","[2824571000:인천광역시 계양구 계양1동, 2824572000:인천광역시 계양구 계양2동, 2824573000:인천광역시 계양구 계양3동]",ST000044
금곡역,지하철,경춘선,"[4136025900, 4136053000]","[경기도 남양주시 금곡동, 경기도 남양주시 진건읍]","[4136025900, 4136052000, 4136053000]","[경기도 남양주시 금곡동, 경기도 남양주시 진건읍, 경기도 남양주시 평내동]","[4136025900:경기도 남양주시 진건읍, 4136053000:경기도 남양주시 금곡동]","[4136025900:경기도 남양주시 진건읍, 4136052000:경기도 남양주시 평내동, 4136053000:경기도 남양주시 금곡동]",ST000602
금릉역,지하철,경의중앙선,"[4148052000, 4148054000, 4148055000]","[경기도 파주시 교하동, 경기도 파주시 금촌2동, 경기도 파주시 운정1동]","[4148051000, 4148052000, 4148054000, 4148055000]","[경기도 파주시 교하동, 경기도 파주시 금촌1동, 경기도 파주시 금촌2동, 경기도 파주시 운정1동]","[4148052000:경기도 파주시 금촌2동, 4148054000:경기도 파주시 교하동, 4148055000:경기도 파주시 운정1동]","[4148051000:경기도 파주시 금촌1동, 4148052000:경기도 파주시 금촌2동, 4148054000:경기도 파주시 교하동, 4148055000:경기도 파주시 운정1동]",ST000612
금정역,지하철,1호선,"[4117358000, 4117359000, 4141054000, 4141056000]","[경기도 군포시 금정동, 경기도 군포시 산본1동, 경기도 안양시동안구 호계1동, 경기도 안양시동안구 호계2동]","[4117157000, 4117158000, 4117358000, 4117359000, 4117360000, 4141054000, 4141055000, 4141056000]","[경기도 군포시 금정동, 경기도 군포시 산본1동, 경기도 군포시 산본2동, 경기도 안양시동안구 호계1동, 경기도 안양시동안구 호계2동, 경기도 안양시동안구 호계3동, 경기도 안양시만안구 안양7동, 경기도 안양시만안구 안양8동]","[4117358000:경기도 안양시동안구 호계1동, 4117359000:경기도 안양시동안구 호계2동, 4141054000:경기도 군포시 산본1동, 4141056000:경기도 군포시 금정동]","[4117157000:경기도 안양시만안구 안양7동, 4117158000:경기도 안양시만안구 안양8동, 4117358000:경기도 안양시동안구 호계1동, 4117359000:경기도 안양시동안구 호계2동, 4117360000:경기도 안양시동안구 호계3동, 4141054000:경기도 군포시 산본1동, 4141055000:경기도 군포시 산본2동, 4141056000:경기도 군포시 금정동]",ST000558
금정역,지하철,4호선,"[4117358000, 4117359000, 4141054000, 4141056000]","[경기도 군포시 금정동, 경기도 군포시 산본1동, 경기도 안양시동안구 호계1동, 경기도 안양시동안구 호계2동]","[4117157000, 4117158000, 4117358000, 4117359000, 4117360000, 4141054000, 4141055000, 4141056000]","[경기도 군포시 금정동, 경기도 군포시 산본1동, 경기도 군포시 산본2동, 경기도 안양시동안구 호계1동, 경기도 안양시동안구 호계2동, 경기도 안양시동안구 호계3동, 경기도 안양시만안구 안양7동, 경기도 안양시만안구 안양8동]","[4117358000:경기도 안양시동안구 호계1동, 4117359000:경기도 안양시동안구 호계2동, 4141054000:경기도 군포시 산본1동, 4141056000:경기도 군포시 금정동]","[4117157000:경기도 안양시만안구 안양7동, 4117158000:경기도 안양시만안구 안양8동, 4117358000:경기도 안양시동안구 호계1동, 4117359000:경기도 안양시동안구 호계2동, 4117360000:경기도 안양시동안구 호계3동, 4141054000:경기도 군포시 산본1동, 4141055000:경기도 군포시 산본2동, 4141056000:경기도 군포시 금정동]",ST000558
금정역,지하철,과천선,"[4117358000, 4117359000, 4141054000, 4141056000]","[경기도 군포시 금정동, 경기도 군포시 산본1동, 경기도 안양시동안구 호계1동, 경기도 안양시동안구 호계2동]","[4117157000, 4117158000, 4117358000, 4117359000, 4117360000, 4141054000, 4141055000, 4141056000]","[경기도 군포시 금정동, 경기도 군포시 산본1동, 경기도 군포시 산본2동, 경기도 안양시동안구 호계1동, 경기도 안양시동안구 호계2동, 경기도 안양시동안구 호계3동, 경기도 안양시만안구 안양7동, 경기도 안양시만안구 안양8동]","[4117358000:경기도 안양시동안구 호계1동, 4117359000:경기도 안양시동안구 호계2동, 4141054000:경기도 군포시 산본1동, 4141056000:경기도 군포시 금정동]","[4117157000:경기도 안양시만안구 안양7동, 4117158000:경기도 안양시만안구 안양8동, 4117358000:경기도 안양시동안구 호계1동, 4117359000:경기도 안양시동안구 호계2동, 4117360000:경기도 안양시동안구 호계3동, 4141054000:경기도 군포시 산본1동, 4141055000:경기도 군포시 산본2동, 4141056000:경기도 군포시 금정동]",ST000558
금정역,지하철,안산과천선,"[4117358000, 4117359000, 4141054000, 4141056000]","[경기도 군포시 금정동, 경기도 군포시 산본1동, 경기도 안양시동안구 호계1동, 경기도 안양시동안구 호계2동]","[4117157000, 4117158000, 4117358000, 4117359000, 4117360000, 4141054000, 4141055000, 4141056000]","[경기도 군포시 금정동, 경기도 군포시 산본1동, 경기도 군포시 산본2동, 경기도 안양시동안구 호계1동, 경기도 안양시동안구 호계2동, 경기도 안양시동안구 호계3동, 경기도 안양시만안구 안양7동, 경기도 안양시만안구 안양8동]","[4117358000:경기도 안양시동안구 호계1동, 4117359000:경기도 안양시동안구 호계2동, 4141054000:경기도 군포시 산본1동, 4141056000:경기도 군포시 금정동]","[4117157000:경기도 안양시만안구 안양7동, 4117158000:경기도 안양시만안구 안양8동, 4117358000:경기도 안양시동안구 호계1동, 4117359000:경기도 안양시동안구 호계2동, 4117360000:경기도 안양시동안구 호계3동, 4141054000:경기도 군포시 산본1동, 4141055000:경기도 군포시 산본2동, 4141056000:경기도 군포시 금정동]",ST000558
금천구청역,지하철,1호선,"[1154561000, 1154567000, 4121064000]","[경기도 광명시 소하1동, 서울특별시 금천구 독산1동, 서울특별시 금천구 시흥1동]","[1154561000, 1154562000, 1154567000, 1154570000, 4121063300, 4121064000]","[경기도 광명시 소하1동, 경기도 광명시 하안3동, 서울특별시 금천구 독산1동, 서울특별시 금천구 독산2동, 서울특별시 금천구 시흥1동, 서울특별시 금천구 시흥4동]","[1154561000:서울특별시 금천구 독산1동, 1154567000:서울특별시 금천구 시흥1동, 4121064000:경기도 광명시 소하1동]","[1154561000:서울특별시 금천구 독산1동, 1154562000:서울특별시 금천구 독산2동, 1154567000:서울특별시 금천구 시흥1동, 1154570000:서울특별시 금천구 시흥4동, 4121063300:경기도 광명시 하안3동, 4121064000:경기도 광명시 소하1동]",ST000563
금촌역,지하철,경의중앙선,"[4148051000, 4148053000]","[경기도 파주시 금촌1동, 경기도 파주시 금촌3동]","[4148031000, 4148051000, 4148052000, 4148053000]","[경기도 파주시 금촌1동, 경기도 파주시 금촌2동, 경기도 파주시 금촌3동, 경기도 파주시 월롱면]","[4148051000:경기도 파주시 금촌1동, 4148053000:경기도 파주시 금촌3동]","[4148031000:경기도 파주시 월롱면, 4148051000:경기도 파주시 금촌1동, 4148052000:경기도 파주시 금촌2동, 4148053000:경기도 파주시 금촌3동]",ST000611
금호역,지하철,3호선,"[1114063500, 1120061500, 1120062000, 1120064500]","[서울특별시 성동구 금호2·3가동, 서울특별시 성동구 금호4가동, 서울특별시 성동구 옥수동, 서울특별시 중구 약수동]","[1114062500, 1114063500, 1114064500, 1117068500, 1120059000, 1120061500, 1120062000, 1120064500]","[서울특별시 성동구 금호1가동, 서울특별시 성동구 금호2·3가동, 서울특별시 성동구 금호4가동, 서울특별시 성동구 옥수동, 서울특별시 용산구 한남동, 서울특별시 중구 다산동, 서울특별시 중구 약수동, 서울특별시 중구 청구동]","[1114063500:서울특별시 중구 약수동, 1120061500:서울특별시 성동구 금호2·3가동, 1120062000:서울특별시 성동구 금호4가동, 1120064500:서울특별시 성동구 옥수동]","[1114062500:서울특별시 중구 다산동, 1114063500:서울특별시 중구 약수동, 1114064500:서울특별시 중구 청구동, 1117068500:서울특별시 용산구 한남동, 1120059000:서울특별시 성동구 금호1가동, 1120061500:서울특별시 성동구 금호2·3가동, 1120062000:서울특별시 성동구 금호4가동, 1120064500:서울특별시 성동구 옥수동]",ST000164
기흥역,지하철,수인분당선,"[4146351000, 4146352000, 4146353000]","[경기도 용인시기흥구 구갈동, 경기도 용인시기흥구 상갈동, 경기도 용인시기흥구 신갈동]","[4146351000, 4146352000, 4146353000]","[경기도 용인시기흥구 구갈동, 경기도 용인시기흥구 상갈동, 경기도 용인시기흥구 신갈동]","[4146351000:경기도 용인시기흥구 신갈동, 4146352000:경기도 용인시기흥구 구갈동, 4146353000:경기도 용인시기흥구 상갈동]","[4146351000:경기도 용인시기흥구 신갈동, 4146352000:경기도 용인시기흥구 구갈동, 4146353000:경기도 용인시기흥구 상갈동]",ST000400
기흥역,지하철,에버라인,"[4146351000, 4146352000, 4146353000]","[경기도 용인시기흥구 구갈동, 경기도 용인시기흥구 상갈동, 경기도 용인시기흥구 신갈동]","[4146351000, 4146352000, 4146353000]","[경기도 용인시기흥구 구갈동, 경기도 용인시기흥구 상갈동, 경기도 용인시기흥구 신갈동]","[4146351000:경기도 용인시기흥구 신갈동, 4146352000:경기도 용인시기흥구 구갈동, 4146353000:경기도 용인시기흥구 상갈동]","[4146351000:경기도 용인시기흥구 신갈동, 4146352000:경기도 용인시기흥구 구갈동, 4146353000:경기도 용인시기흥구 상갈동]",ST000400
길동역,지하철,5호선,"[1174060000, 1174062000, 1174066000, 1174068500, 1174070000]","[서울특별시 강동구 길동, 서울특별시 강동구 둔촌2동, 서울특별시 강동구 성내3동, 서울특별시 강동구 천호1동, 서울특별시 강동구 천호3동]","[1174053000, 1174060000, 1174061000, 1174062000, 1174065000, 1174066000, 1174068500, 1174070000]","[서울특별시 강동구 길동, 서울특별시 강동구 둔촌2동, 서울특별시 강동구 명일1동, 서울특별시 강동구 성내2동, 서울특별시 강동구 성내3동, 서울특별시 강동구 천호1동, 서울특별시 강동구 천호2동, 서울특별시 강동구 천호3동]","[1174060000:서울특별시 강동구 천호1동, 1174062000:서울특별시 강동구 천호3동, 1174066000:서울특별시 강동구 성내3동, 1174068500:서울특별시 강동구 길동, 1174070000:서울특별시 강동구 둔촌2동]","[1174053000:서울특별시 강동구 명일1동, 1174060000:서울특별시 강동구 천호1동, 1174061000:서울특별시 강동구 천호2동, 1174062000:서울특별시 강동구 천호3동, 1174065000:서울특별시 강동구 성내2동, 1174066000:서울특별시 강동구 성내3동, 1174068500:서울특별시 강동구 길동, 1174070000:서울특별시 강동구 둔촌2동]",ST000229
길음역,지하철,4호선,"[1129058000, 1129062000, 1129066000, 1129068500, 1129070500]","[서울특별시 성북구 길음1동, 서울특별시 성북구 길음2동, 서울특별시 성북구 돈암1동, 서울특별시 성북구 정릉1동, 서울특별시 성북구 종암동]","[1129057500, 1129058000, 1129059000, 1129062000, 1129063000, 1129066000, 1129068500, 1129070500, 1129071500, 1130554500, 1130555500, 1130557500]","[서울특별시 강북구 삼각산동, 서울특별시 강북구 송중동, 서울특별시 강북구 송천동, 서울특별시 성북구 길음1동, 서울특별시 성북구 길음2동, 서울특별시 성북구 돈암1동, 서울특별시 성북구 돈암2동, 서울특별시 성북구 동선동, 서울특별시 성북구 월곡1동, 서울특별시 성북구 정릉1동, 서울특별시 성북구 정릉2동, 서울특별시 성북구 종암동]","[1129058000:서울특별시 성북구 돈암1동, 1129062000:서울특별시 성북구 정릉1동, 1129066000:서울특별시 성북구 길음1동, 1129068500:서울특별시 성북구 길음2동, 1129070500:서울특별시 성북구 종암동]","[1129057500:서울특별시 성북구 동선동, 1129058000:서울특별시 성북구 돈암1동, 1129059000:서울특별시 성북구 돈암2동, 1129062000:서울특별시 성북구 정릉1동, 1129063000:서울특별시 성북구 정릉2동, 1129066000:서울특별시 성북구 길음1동, 1129068500:서울특별시 성북구 길음2동, 1129070500:서울특별시 성북구 종암동, 1129071500:서울특별시 성북구 월곡1동, 1130554500:서울특별시 강북구 송중동, 1130555500:서울특별시 강북구 송천동, 1130557500:서울특별시 강북구 삼각산동]",ST000188
김량장역,지하철,에버라인,"[4146151000, 4146152000]","[경기도 용인시처인구 역삼동, 경기도 용인시처인구 중앙동]","[4146151000, 4146152000, 4146153000, 4146154000]","[경기도 용인시처인구 동부동, 경기도 용인시처인구 역삼동, 경기도 용인시처인구 유림동, 경기도 용인시처인구 중앙동]","[4146151000:경기도 용인시처인구 중앙동, 4146152000:경기도 용인시처인구 역삼동]","[4146151000:경기도 용인시처인구 중앙동, 4146152000:경기도 용인시처인구 역삼동, 4146153000:경기도 용인시처인구 유림동, 4146154000:경기도 용인시처인구 동부동]",ST000391
김포공항역,지하철,5호선,"[1150062000, 1150064000]","[서울특별시 강서구 공항동, 서울특별시 강서구 방화2동]","[1150062000, 1150063000, 1150064000]","[서울특별시 강서구 공항동, 서울특별시 강서구 방화1동, 서울특별시 강서구 방화2동]","[1150062000:서울특별시 강서구 공항동, 1150064000:서울특별시 강서구 방화2동]","[1150062000:서울특별시 강서구 공항동, 1150063000:서울특별시 강서구 방화1동, 1150064000:서울특별시 강서구 방화2동]",ST000015
김포공항역,지하철,9호선,"[1150062000, 1150064000]","[서울특별시 강서구 공항동, 서울특별시 강서구 방화2동]","[1150062000, 1150063000, 1150064000]","[서울특별시 강서구 공항동, 서울특별시 강서구 방화1동, 서울특별시 강서구 방화2동]","[1150062000:서울특별시 강서구 공항동, 1150064000:서울특별시 강서구 방화2동]","[1150062000:서울특별시 강서구 공항동, 1150063000:서울특별시 강서구 방화1동, 1150064000:서울특별시 강서구 방화2동]",ST000015
김포공항역,지하철,공항철도,"[1150062000, 1150064000]","[서울특별시 강서구 공항동, 서울특별시 강서구 방화2동]","[1150062000, 1150063000, 1150064000]","[서울특별시 강서구 공항동, 서울특별시 강서구 방화1동, 서울특별시 강서구 방화2동]","[1150062000:서울특별시 강서구 공항동, 1150064000:서울특별시 강서구 방화2동]","[1150062000:서울특별시 강서구 공항동, 1150063000:서울특별시 강서구 방화1동, 1150064000:서울특별시 강서구 방화2동]",ST000015
김포공항역,지하철,김포골드라인,"[1150062000, 1150064000]","[서울특별시 강서구 공항동, 서울특별시 강서구 방화2동]","[1150062000, 1150063000, 1150064000]","[서울특별시 강서구 공항동, 서울특별시 강서구 방화1동, 서울특별시 강서구 방화2동]","[1150062000:서울특별시 강서구 공항동, 1150064000:서울특별시 강서구 방화2동]","[1150062000:서울특별시 강서구 공항동, 1150063000:서울특별시 강서구 방화1동, 1150064000:서울특별시 강서구 방화2동]",ST000015
김포공항역,지하철,서해선,"[1150062000, 1150064000]","[서울특별시 강서구 공항동, 서울특별시 강서구 방화2동]","[1150062000, 1150063000, 1150064000]","[서울특별시 강서구 공항동, 서울특별시 강서구 방화1동, 서울특별시 강서구 방화2동]","[1150062000:서울특별시 강서구 공항동, 1150064000:서울특별시 강서구 방화2동]","[1150062000:서울특별시 강서구 공항동, 1150063000:서울특별시 강서구 방화1동, 1150064000:서울특별시 강서구 방화2동]",ST000015
까치산역,지하철,2호선,"[1147057000, 1147065000, 1150054000, 1150055000, 1150059300]","[서울특별시 강서구 화곡1동, 서울특별시 강서구 화곡2동, 서울특별시 강서구 화곡8동, 서울특별시 양천구 신월2동, 서울특별시 양천구 신정4동]","[1147056000, 1147057000, 1147059000, 1147065000, 1150054000, 1150055000, 1150057000, 1150059000, 1150059300]","[서울특별시 강서구 화곡1동, 서울특별시 강서구 화곡2동, 서울특별시 강서구 화곡4동, 서울특별시 강서구 화곡8동, 서울특별시 강서구 화곡본동, 서울특별시 양천구 신월1동, 서울특별시 양천구 신월2동, 서울특별시 양천구 신월4동, 서울특별시 양천구 신정4동]","[1147057000:서울특별시 양천구 신월2동, 1147065000:서울특별시 양천구 신정4동, 1150054000:서울특별시 강서구 화곡1동, 1150055000:서울특별시 강서구 화곡2동, 1150059300:서울특별시 강서구 화곡8동]","[1147056000:서울특별시 양천구 신월1동, 1147057000:서울특별시 양천구 신월2동, 1147059000:서울특별시 양천구 신월4동, 1147065000:서울특별시 양천구 신정4동, 1150054000:서울특별시 강서구 화곡1동, 1150055000:서울특별시 강서구 화곡2동, 1150057000:서울특별시 강서구 화곡4동, 1150059000:서울특별시 강서구 화곡본동, 1150059300:서울특별시 강서구 화곡8동]",ST000150
까치산역,지하철,5호선,"[1147057000, 1147065000, 1150054000, 1150055000, 1150059300]","[서울특별시 강서구 화곡1동, 서울특별시 강서구 화곡2동, 서울특별시 강서구 화곡8동, 서울특별시 양천구 신월2동, 서울특별시 양천구 신정4동]","[1147056000, 1147057000, 1147059000, 1147065000, 1150054000, 1150055000, 1150057000, 1150059000, 1150059300]","[서울특별시 강서구 화곡1동, 서울특별시 강서구 화곡2동, 서울특별시 강서구 화곡4동, 서울특별시 강서구 화곡8동, 서울특별시 강서구 화곡본동, 서울특별시 양천구 신월1동, 서울특별시 양천구 신월2동, 서울특별시 양천구 신월4동, 서울특별시 양천구 신정4동]","[1147057000:서울특별시 양천구 신월2동, 1147065000:서울특별시 양천구 신정4동, 1150054000:서울특별시 강서구 화곡1동, 1150055000:서울특별시 강서구 화곡2동, 1150059300:서울특별시 강서구 화곡8동]","[1147056000:서울특별시 양천구 신월1동, 1147057000:서울특별시 양천구 신월2동, 1147059000:서울특별시 양천구 신월4동, 1147065000:서울특별시 양천구 신정4동, 1150054000:서울특별시 강서구 화곡1동, 1150055000:서울특별시 강서구 화곡2동, 1150057000:서울특별시 강서구 화곡4동, 1150059000:서울특별시 강서구 화곡본동, 1150059300:서울특별시 강서구 화곡8동]",ST000150
까치울역,지하철,7호선,"[4119059000, 4119080000]","[경기도 부천시 성곡동, 경기도 부천시 춘의동]","[1153079000, 4119057000, 4119059000, 4119080000]","[경기도 부천시 성곡동, 경기도 부천시 역곡1동, 경기도 부천시 춘의동, 서울특별시 구로구 수궁동]","[4119059000:경기도 부천시 춘의동, 4119080000:경기도 부천시 성곡동]","[1153079000:서울특별시 구로구 수궁동, 4119057000:경기도 부천시 역곡1동, 4119059000:경기도 부천시 춘의동, 4119080000:경기도 부천시 성곡동]",ST000429
낙성대역,지하철,2호선,"[1159065000, 1159065100, 1162057500, 1162058500, 1162062500]","[서울특별시 관악구 낙성대동, 서울특별시 관악구 인헌동, 서울특별시 관악구 행운동, 서울특별시 동작구 사당4동, 서울특별시 동작구 사당5동]","[1159062000, 1159065000, 1159065100, 1162054500, 1162057500, 1162058500, 1162059500, 1162062500, 1162063000]","[서울특별시 관악구 낙성대동, 서울특별시 관악구 남현동, 서울특별시 관악구 인헌동, 서울특별시 관악구 청룡동, 서울특별시 관악구 청림동, 서울특별시 관악구 행운동, 서울특별시 동작구 사당1동, 서울특별시 동작구 사당4동, 서울특별시 동작구 사당5동]","[1159065000:서울특별시 동작구 사당4동, 1159065100:서울특별시 동작구 사당5동, 1162057500:서울특별시 관악구 행운동, 1162058500:서울특별시 관악구 낙성대동, 1162062500:서울특별시 관악구 인헌동]","[1159062000:서울특별시 동작구 사당1동, 1159065000:서울특별시 동작구 사당4동, 1159065100:서울특별시 동작구 사당5동, 1162054500:서울특별시 관악구 청림동, 1162057500:서울특별시 관악구 행운동, 1162058500:서울특별시 관악구 낙성대동, 1162059500:서울특별시 관악구 청룡동, 1162062500:서울특별시 관악구 인헌동, 1162063000:서울특별시 관악구 남현동]",ST000128
남구로역,지하철,7호선,"[1153053000, 1153054000, 1153055000, 1153059500, 1154551000]","[서울특별시 구로구 가리봉동, 서울특별시 구로구 구로2동, 서울특별시 구로구 구로3동, 서울특별시 구로구 구로4동, 서울특별시 금천구 가산동]","[1153052000, 1153053000, 1153054000, 1153055000, 1153059500, 1154551000, 1156071000, 1156072000]","[서울특별시 구로구 가리봉동, 서울특별시 구로구 구로1동, 서울특별시 구로구 구로2동, 서울특별시 구로구 구로3동, 서울특별시 구로구 구로4동, 서울특별시 금천구 가산동, 서울특별시 영등포구 대림2동, 서울특별시 영등포구 대림3동]","[1153053000:서울특별시 구로구 구로2동, 1153054000:서울특별시 구로구 구로3동, 1153055000:서울특별시 구로구 구로4동, 1153059500:서울특별시 구로구 가리봉동, 1154551000:서울특별시 금천구 가산동]","[1153052000:서울특별시 구로구 구로1동, 1153053000:서울특별시 구로구 구로2동, 1153054000:서울특별시 구로구 구로3동, 1153055000:서울특별시 구로구 구로4동, 1153059500:서울특별시 구로구 가리봉동, 1154551000:서울특별시 금천구 가산동, 1156071000:서울특별시 영등포구 대림2동, 1156072000:서울특별시 영등포구 대림3동]",ST000304
남동구청역,지하철,인천2호선,"[2820056000, 2820058100, 2820058300, 2820065000]","[인천광역시 남동구 만수1동, 인천광역시 남동구 만수4동, 인천광역시 남동구 만수6동, 인천광역시 남동구 장수서창동]","[2820052200, 2820056000, 2820058100, 2820058200, 2820058300, 2820065000, 2820066000]","[인천광역시 남동구 구월4동, 인천광역시 남동구 남촌도림동, 인천광역시 남동구 만수1동, 인천광역시 남동구 만수4동, 인천광역시 남동구 만수5동, 인천광역시 남동구 만수6동, 인천광역시 남동구 장수서창동]","[2820056000:인천광역시 남동구 만수1동, 2820058100:인천광역시 남동구 만수4동, 2820058300:인천광역시 남동구 만수6동, 2820065000:인천광역시 남동구 장수서창동]","[2820052200:인천광역시 남동구 구월4동, 2820056000:인천광역시 남동구 만수1동, 2820058100:인천광역시 남동구 만수4동, 2820058200:인천광역시 남동구 만수5동, 2820058300:인천광역시 남동구 만수6동, 2820065000:인천광역시 남동구 장수서창동, 2820066000:인천광역시 남동구 남촌도림동]",ST000091
남동인더스파크역,지하철,수인분당선,"[2820070000, 2820071000]","[인천광역시 남동구 논현2동, 인천광역시 남동구 논현고잔동]","[2818576200, 2818579500, 2820066000, 2820070000, 2820071000]","[인천광역시 남동구 남촌도림동, 인천광역시 남동구 논현2동, 인천광역시 남동구 논현고잔동, 인천광역시 연수구 동춘3동, 인천광역시 연수구 연수2동]","[2820070000:인천광역시 남동구 논현2동, 2820071000:인천광역시 남동구 논현고잔동]","[2818576200:인천광역시 연수구 연수2동, 2818579500:인천광역시 연수구 동춘3동, 2820066000:인천광역시 남동구 남촌도림동, 2820070000:인천광역시 남동구 논현2동, 2820071000:인천광역시 남동구 논현고잔동]",ST000478
남부터미널역,지하철,3호선,"[1165051000, 1165053000]","[서울특별시 서초구 서초1동, 서울특별시 서초구 서초3동]","[1165051000, 1165052000, 1165053000, 1165065100]","[서울특별시 서초구 서초1동, 서울특별시 서초구 서초2동, 서울특별시 서초구 서초3동, 서울특별시 서초구 양재1동]","[1165051000:서울특별시 서초구 서초1동, 1165053000:서울특별시 서초구 서초3동]","[1165051000:서울특별시 서초구 서초1동, 1165052000:서울특별시 서초구 서초2동, 1165053000:서울특별시 서초구 서초3동, 1165065100:서울특별시 서초구 양재1동]",ST000169
남성역,지하철,7호선,"[1159062000, 1159064000, 1159065000, 1159065100]","[서울특별시 동작구 사당1동, 서울특별시 동작구 사당3동, 서울특별시 동작구 사당4동, 서울특별시 동작구 사당5동]","[1159062000, 1159063000, 1159064000, 1159065000, 1159065100, 1162054500, 1162057500, 1162063000, 1165061000, 1165062100]","[서울특별시 관악구 남현동, 서울특별시 관악구 청림동, 서울특별시 관악구 행운동, 서울특별시 동작구 사당1동, 서울특별시 동작구 사당2동, 서울특별시 동작구 사당3동, 서울특별시 동작구 사당4동, 서울특별시 동작구 사당5동, 서울특별시 서초구 방배2동, 서울특별시 서초구 방배4동]","[1159062000:서울특별시 동작구 사당1동, 1159064000:서울특별시 동작구 사당3동, 1159065000:서울특별시 동작구 사당4동, 1159065100:서울특별시 동작구 사당5동]","[1159062000:서울특별시 동작구 사당1동, 1159063000:서울특별시 동작구 사당2동, 1159064000:서울특별시 동작구 사당3동, 1159065000:서울특별시 동작구 사당4동, 1159065100:서울특별시 동작구 사당5동, 1162054500:서울특별시 관악구 청림동, 1162057500:서울특별시 관악구 행운동, 1162063000:서울특별시 관악구 남현동, 1165061000:서울특별시 서초구 방배2동, 1165062100:서울특별시 서초구 방배4동]",ST000297
남영역,지하철,1호선,"[1117052000, 1117053000, 1117055500, 1117056000, 1117062500]","[서울특별시 용산구 남영동, 서울특별시 용산구 용산2가동, 서울특별시 용산구 원효로1동, 서울특별시 용산구 청파동, 서울특별시 용산구 한강로동]","[1117051000, 1117052000, 1117053000, 1117055500, 1117056000, 1117058000, 1117059000, 1117062500]","[서울특별시 용산구 남영동, 서울특별시 용산구 용문동, 서울특별시 용산구 용산2가동, 서울특별시 용산구 원효로1동, 서울특별시 용산구 청파동, 서울특별시 용산구 한강로동, 서울특별시 용산구 효창동, 서울특별시 용산구 후암동]","[1117052000:서울특별시 용산구 용산2가동, 1117053000:서울특별시 용산구 남영동, 1117055500:서울특별시 용산구 청파동, 1117056000:서울특별시 용산구 원효로1동, 1117062500:서울특별시 용산구 한강로동]","[1117051000:서울특별시 용산구 후암동, 1117052000:서울특별시 용산구 용산2가동, 1117053000:서울특별시 용산구 남영동, 1117055500:서울특별시 용산구 청파동, 1117056000:서울특별시 용산구 원효로1동, 1117058000:서울특별시 용산구 효창동, 1117059000:서울특별시 용산구 용문동, 1117062500:서울특별시 용산구 한강로동]",ST000661
남위례역,지하철,8호선,"[4113162000, 4113162500]","[경기도 성남시수정구 복정동, 경기도 성남시수정구 위례동]","[1171064700, 4113152000, 4113162000, 4113162500]","[경기도 성남시수정구 복정동, 경기도 성남시수정구 신흥2동, 경기도 성남시수정구 위례동, 서울특별시 송파구 위례동]","[4113162000:경기도 성남시수정구 복정동, 4113162500:경기도 성남시수정구 위례동]","[1171064700:서울특별시 송파구 위례동, 4113152000:경기도 성남시수정구 신흥2동, 4113162000:경기도 성남시수정구 복정동, 4113162500:경기도 성남시수정구 위례동]",ST000319
남태령역,지하철,4호선,"[1162063000, 1165061000]","[서울특별시 관악구 남현동, 서울특별시 서초구 방배2동]","[1162063000, 1165061000, 1165062000, 4129055000]","[경기도 과천시 과천동, 서울특별시 관악구 남현동, 서울특별시 서초구 방배2동, 서울특별시 서초구 방배3동]","[1162063000:서울특별시 관악구 남현동, 1165061000:서울특별시 서초구 방배2동]","[1162063000:서울특별시 관악구 남현동, 1165061000:서울특별시 서초구 방배2동, 1165062000:서울특별시 서초구 방배3동, 4129055000:경기도 과천시 과천동]",ST000198
남한산성입구역,지하철,8호선,"[4113159000, 4113160000, 4113161000, 4113354000, 4113355000, 4113356000]","[경기도 성남시수정구 단대동, 경기도 성남시수정구 산성동, 경기도 성남시수정구 양지동, 경기도 성남시중원구 금광2동, 경기도 성남시중원구 은행1동, 경기도 성남시중원구 은행2동]","[4113152000, 4113159000, 4113160000, 4113161000, 4113352500, 4113353000, 4113354000, 4113355000, 4113356000]","[경기도 성남시수정구 단대동, 경기도 성남시수정구 산성동, 경기도 성남시수정구 신흥2동, 경기도 성남시수정구 양지동, 경기도 성남시중원구 금광1동, 경기도 성남시중원구 금광2동, 경기도 성남시중원구 은행1동, 경기도 성남시중원구 은행2동, 경기도 성남시중원구 중앙동]","[4113159000:경기도 성남시수정구 단대동, 4113160000:경기도 성남시수정구 산성동, 4113161000:경기도 성남시수정구 양지동, 4113354000:경기도 성남시중원구 금광2동, 4113355000:경기도 성남시중원구 은행1동, 4113356000:경기도 성남시중원구 은행2동]","[4113152000:경기도 성남시수정구 신흥2동, 4113159000:경기도 성남시수정구 단대동, 4113160000:경기도 성남시수정구 산성동, 4113161000:경기도 성남시수정구 양지동, 4113352500:경기도 성남시중원구 중앙동, 4113353000:경기도 성남시중원구 금광1동, 4113354000:경기도 성남시중원구 금광2동, 4113355000:경기도 성남시중원구 은행1동, 4113356000:경기도 성남시중원구 은행2동]",ST000321
내방역,지하철,7호선,"[1165060000, 1165061000, 1165062100]","[서울특별시 서초구 방배1동, 서울특별시 서초구 방배2동, 서울특별시 서초구 방배4동]","[1159063000, 1165053000, 1165058100, 1165059000, 1165060000, 1165061000, 1165062000, 1165062100]","[서울특별시 동작구 사당2동, 서울특별시 서초구 반포4동, 서울특별시 서초구 방배1동, 서울특별시 서초구 방배2동, 서울특별시 서초구 방배3동, 서울특별시 서초구 방배4동, 서울특별시 서초구 방배본동, 서울특별시 서초구 서초3동]","[1165060000:서울특별시 서초구 방배1동, 1165061000:서울특별시 서초구 방배2동, 1165062100:서울특별시 서초구 방배4동]","[1159063000:서울특별시 동작구 사당2동, 1165053000:서울특별시 서초구 서초3동, 1165058100:서울특별시 서초구 반포4동, 1165059000:서울특별시 서초구 방배본동, 1165060000:서울특별시 서초구 방배1동, 1165061000:서울특별시 서초구 방배2동, 1165062000:서울특별시 서초구 방배3동, 1165062100:서울특별시 서초구 방배4동]",ST000296
노들역,지하철,9호선,"[1117063000, 1117064000, 1159051000, 1159060500]","[서울특별시 동작구 노량진1동, 서울특별시 동작구 흑석동, 서울특별시 용산구 이촌1동, 서울특별시 용산구 이촌2동]","[1117063000, 1117064000, 1156054000, 1159051000, 1159052000, 1159053000, 1159054000, 1159060500]","[서울특별시 동작구 노량진1동, 서울특별시 동작구 노량진2동, 서울특별시 동작구 상도1동, 서울특별시 동작구 상도2동, 서울특별시 동작구 흑석동, 서울특별시 영등포구 여의동, 서울특별시 용산구 이촌1동, 서울특별시 용산구 이촌2동]","[1117063000:서울특별시 용산구 이촌1동, 1117064000:서울특별시 용산구 이촌2동, 1159051000:서울특별시 동작구 노량진1동, 1159060500:서울특별시 동작구 흑석동]","[1117063000:서울특별시 용산구 이촌1동, 1117064000:서울특별시 용산구 이촌2동, 1156054000:서울특별시 영등포구 여의동, 1159051000:서울특별시 동작구 노량진1동, 1159052000:서울특별시 동작구 노량진2동, 1159053000:서울특별시 동작구 상도1동, 1159054000:서울특별시 동작구 상도2동, 1159060500:서울특별시 동작구 흑석동]",ST000031
노량진역,지하철,1호선,"[1156054000, 1159051000, 1159052000]","[서울특별시 동작구 노량진1동, 서울특별시 동작구 노량진2동, 서울특별시 영등포구 여의동]","[1156054000, 1159051000, 1159052000, 1159054000, 1159066000]","[서울특별시 동작구 노량진1동, 서울특별시 동작구 노량진2동, 서울특별시 동작구 대방동, 서울특별시 동작구 상도2동, 서울특별시 영등포구 여의동]","[1156054000:서울특별시 영등포구 여의동, 1159051000:서울특별시 동작구 노량진1동, 1159052000:서울특별시 동작구 노량진2동]","[1156054000:서울특별시 영등포구 여의동, 1159051000:서울특별시 동작구 노량진1동, 1159052000:서울특별시 동작구 노량진2동, 1159054000:서울특별시 동작구 상도2동, 1159066000:서울특별시 동작구 대방동]",ST000030
노량진역,지하철,9호선,"[1156054000, 1159051000, 1159052000]","[서울특별시 동작구 노량진1동, 서울특별시 동작구 노량진2동, 서울특별시 영등포구 여의동]","[1156054000, 1159051000, 1159052000, 1159054000, 1159066000]","[서울특별시 동작구 노량진1동, 서울특별시 동작구 노량진2동, 서울특별시 동작구 대방동, 서울특별시 동작구 상도2동, 서울특별시 영등포구 여의동]","[1156054000:서울특별시 영등포구 여의동, 1159051000:서울특별시 동작구 노량진1동, 1159052000:서울특별시 동작구 노량진2동]","[1156054000:서울특별시 영등포구 여의동, 1159051000:서울특별시 동작구 노량진1동, 1159052000:서울특별시 동작구 노량진2동, 1159054000:서울특별시 동작구 상도2동, 1159066000:서울특별시 동작구 대방동]",ST000030
노원역,지하철,4호선,"[1135064000, 1135069500, 1135072000]","[서울특별시 노원구 상계10동, 서울특별시 노원구 상계2동, 서울특별시 노원구 상계6·7동]","[1132051400, 1135062100, 1135062400, 1135062500, 1135064000, 1135067000, 1135069500, 1135070000, 1135071000, 1135072000]","[서울특별시 노원구 상계10동, 서울특별시 노원구 상계2동, 서울특별시 노원구 상계5동, 서울특별시 노원구 상계6·7동, 서울특별시 노원구 상계8동, 서울특별시 노원구 상계9동, 서울특별시 노원구 중계1동, 서울특별시 노원구 중계2·3동, 서울특별시 노원구 중계4동, 서울특별시 도봉구 창4동]","[1135064000:서울특별시 노원구 상계2동, 1135069500:서울특별시 노원구 상계6·7동, 1135072000:서울특별시 노원구 상계10동]","[1132051400:서울특별시 도봉구 창4동, 1135062100:서울특별시 노원구 중계1동, 1135062400:서울특별시 노원구 중계4동, 1135062500:서울특별시 노원구 중계2·3동, 1135064000:서울특별시 노원구 상계2동, 1135067000:서울특별시 노원구 상계5동, 1135069500:서울특별시 노원구 상계6·7동, 1135070000:서울특별시 노원구 상계8동, 1135071000:서울특별시 노원구 상계9동, 1135072000:서울특별시 노원구 상계10동]",ST000278
노원역,지하철,7호선,"[1135064000, 1135069500, 1135072000]","[서울특별시 노원구 상계10동, 서울특별시 노원구 상계2동, 서울특별시 노원구 상계6·7동]","[1132051400, 1135062100, 1135062400, 1135062500, 1135064000, 1135067000, 1135069500, 1135070000, 1135071000, 1135072000]","[서울특별시 노원구 상계10동, 서울특별시 노원구 상계2동, 서울특별시 노원구 상계5동, 서울특별시 노원구 상계6·7동, 서울특별시 노원구 상계8동, 서울특별시 노원구 상계9동, 서울특별시 노원구 중계1동, 서울특별시 노원구 중계2·3동, 서울특별시 노원구 중계4동, 서울특별시 도봉구 창4동]","[1135064000:서울특별시 노원구 상계2동, 1135069500:서울특별시 노원구 상계6·7동, 1135072000:서울특별시 노원구 상계10동]","[1132051400:서울특별시 도봉구 창4동, 1135062100:서울특별시 노원구 중계1동, 1135062400:서울특별시 노원구 중계4동, 1135062500:서울특별시 노원구 중계2·3동, 1135064000:서울특별시 노원구 상계2동, 1135067000:서울특별시 노원구 상계5동, 1135069500:서울특별시 노원구 상계6·7동, 1135070000:서울특별시 노원구 상계8동, 1135071000:서울특별시 노원구 상계9동, 1135072000:서울특별시 노원구 상계10동]",ST000278
녹번역,지하철,3호선,"[1138051000, 1138058000, 1141066000, 1141068500]","[서울특별시 서대문구 홍은1동, 서울특별시 서대문구 홍은2동, 서울특별시 은평구 녹번동, 서울특별시 은평구 응암1동]","[1138051000, 1138052000, 1138057000, 1138058000, 1141066000, 1141068500]","[서울특별시 서대문구 홍은1동, 서울특별시 서대문구 홍은2동, 서울특별시 은평구 녹번동, 서울특별시 은평구 대조동, 서울특별시 은평구 불광1동, 서울특별시 은평구 응암1동]","[1138051000:서울특별시 은평구 녹번동, 1138058000:서울특별시 은평구 응암1동, 1141066000:서울특별시 서대문구 홍은1동, 1141068500:서울특별시 서대문구 홍은2동]","[1138051000:서울특별시 은평구 녹번동, 1138052000:서울특별시 은평구 불광1동, 1138057000:서울특별시 은평구 대조동, 1138058000:서울특별시 은평구 응암1동, 1141066000:서울특별시 서대문구 홍은1동, 1141068500:서울특별시 서대문구 홍은2동]",ST000155
녹사평역,지하철,6호선,"[1117052000, 1117065000, 1117066000, 1117069000]","[서울특별시 용산구 서빙고동, 서울특별시 용산구 용산2가동, 서울특별시 용산구 이태원1동, 서울특별시 용산구 이태원2동]","[1117052000, 1117053000, 1117062500, 1117065000, 1117066000, 1117068500, 1117069000, 1117070000]","[서울특별시 용산구 남영동, 서울특별시 용산구 보광동, 서울특별시 용산구 서빙고동, 서울특별시 용산구 용산2가동, 서울특별시 용산구 이태원1동, 서울특별시 용산구 이태원2동, 서울특별시 용산구 한강로동, 서울특별시 용산구 한남동]","[1117052000:서울특별시 용산구 용산2가동, 1117065000:서울특별시 용산구 이태원1동, 1117066000:서울특별시 용산구 이태원2동, 1117069000:서울특별시 용산구 서빙고동]","[1117052000:서울특별시 용산구 용산2가동, 1117053000:서울특별시 용산구 남영동, 1117062500:서울특별시 용산구 한강로동, 1117065000:서울특별시 용산구 이태원1동, 1117066000:서울특별시 용산구 이태원2동, 1117068500:서울특별시 용산구 한남동, 1117069000:서울특별시 용산구 서빙고동, 1117070000:서울특별시 용산구 보광동]",ST000259
녹양역,지하철,1호선,"[4115051000, 4115059000, 4115062000]","[경기도 의정부시 가능1동, 경기도 의정부시 녹양동, 경기도 의정부시 의정부1동]","[4115051000, 4115058000, 4115059000, 4115062000, 4163051000]","[경기도 양주시 양주1동, 경기도 의정부시 가능1동, 경기도 의정부시 녹양동, 경기도 의정부시 의정부1동, 경기도 의정부시 자금동]","[4115051000:경기도 의정부시 의정부1동, 4115059000:경기도 의정부시 가능1동, 4115062000:경기도 의정부시 녹양동]","[4115051000:경기도 의정부시 의정부1동, 4115058000:경기도 의정부시 자금동, 4115059000:경기도 의정부시 가능1동, 4115062000:경기도 의정부시 녹양동, 4163051000:경기도 양주시 양주1동]",ST000466
녹천역,지하철,1호선,"[1132051100, 1132051400, 1135057000, 1135069500]","[서울특별시 노원구 상계6·7동, 서울특별시 노원구 월계2동, 서울특별시 도봉구 창1동, 서울특별시 도봉구 창4동]","[1132051100, 1132051200, 1132051300, 1132051400, 1132051500, 1135057000, 1135061200, 1135062500, 1135069500]","[서울특별시 노원구 상계6·7동, 서울특별시 노원구 월계2동, 서울특별시 노원구 중계2·3동, 서울특별시 노원구 하계2동, 서울특별시 도봉구 창1동, 서울특별시 도봉구 창2동, 서울특별시 도봉구 창3동, 서울특별시 도봉구 창4동, 서울특별시 도봉구 창5동]","[1132051100:서울특별시 도봉구 창1동, 1132051400:서울특별시 도봉구 창4동, 1135057000:서울특별시 노원구 월계2동, 1135069500:서울특별시 노원구 상계6·7동]","[1132051100:서울특별시 도봉구 창1동, 1132051200:서울특별시 도봉구 창2동, 1132051300:서울특별시 도봉구 창3동, 1132051400:서울특별시 도봉구 창4동, 1132051500:서울특별시 도봉구 창5동, 1135057000:서울특별시 노원구 월계2동, 1135061200:서울특별시 노원구 하계2동, 1135062500:서울특별시 노원구 중계2·3동, 1135069500:서울특별시 노원구 상계6·7동]",ST000650
논현역,지하철,7호선,"[1165054000, 1165056000, 1168052100]","[서울특별시 강남구 논현1동, 서울특별시 서초구 반포1동, 서울특별시 서초구 잠원동]","[1165053100, 1165054000, 1165056000, 1165058000, 1168051000, 1168052100, 1168053100, 1168064000]","[서울특별시 강남구 논현1동, 서울특별시 강남구 논현2동, 서울특별시 강남구 신사동, 서울특별시 강남구 역삼1동, 서울특별시 서초구 반포1동, 서울특별시 서초구 반포3동, 서울특별시 서초구 서초4동, 서울특별시 서초구 잠원동]","[1165054000:서울특별시 서초구 잠원동, 1165056000:서울특별시 서초구 반포1동, 1168052100:서울특별시 강남구 논현1동]","[1165053100:서울특별시 서초구 서초4동, 1165054000:서울특별시 서초구 잠원동, 1165056000:서울특별시 서초구 반포1동, 1165058000:서울특별시 서초구 반포3동, 1168051000:서울특별시 강남구 신사동, 1168052100:서울특별시 강남구 논현1동, 1168053100:서울특별시 강남구 논현2동, 1168064000:서울특별시 강남구 역삼1동]",ST000294
논현역,지하철,신분당선,"[1165054000, 1165056000, 1168052100]","[서울특별시 강남구 논현1동, 서울특별시 서초구 반포1동, 서울특별시 서초구 잠원동]","[1165053100, 1165054000, 1165056000, 1165058000, 1168051000, 1168052100, 1168053100, 1168064000]","[서울특별시 강남구 논현1동, 서울특별시 강남구 논현2동, 서울특별시 강남구 신사동, 서울특별시 강남구 역삼1동, 서울특별시 서초구 반포1동, 서울특별시 서초구 반포3동, 서울특별시 서초구 서초4동, 서울특별시 서초구 잠원동]","[1165054000:서울특별시 서초구 잠원동, 1165056000:서울특별시 서초구 반포1동, 1168052100:서울특별시 강남구 논현1동]","[1165053100:서울특별시 서초구 서초4동, 1165054000:서울특별시 서초구 잠원동, 1165056000:서울특별시 서초구 반포1동, 1165058000:서울특별시 서초구 반포3동, 1168051000:서울특별시 강남구 신사동, 1168052100:서울특별시 강남구 논현1동, 1168053100:서울특별시 강남구 논현2동, 1168064000:서울특별시 강남구 역삼1동]",ST000294
능곡역,지하철,경의중앙선,"[4128161000, 4128163000, 4128165000]","[경기도 고양시덕양구 능곡동, 경기도 고양시덕양구 행신2동, 경기도 고양시덕양구 행주동]","[4128161000, 4128163000, 4128164000, 4128165000]","[경기도 고양시덕양구 능곡동, 경기도 고양시덕양구 행신1동, 경기도 고양시덕양구 행신2동, 경기도 고양시덕양구 행주동]","[4128161000:경기도 고양시덕양구 능곡동, 4128163000:경기도 고양시덕양구 행주동, 4128165000:경기도 고양시덕양구 행신2동]","[4128161000:경기도 고양시덕양구 능곡동, 4128163000:경기도 고양시덕양구 행주동, 4128164000:경기도 고양시덕양구 행신1동, 4128165000:경기도 고양시덕양구 행신2동]",ST000620
능곡역,지하철,서해선,"[4128161000, 4128163000, 4128165000]","[경기도 고양시덕양구 능곡동, 경기도 고양시덕양구 행신2동, 경기도 고양시덕양구 행주동]","[4128161000, 4128163000, 4128164000, 4128165000]","[경기도 고양시덕양구 능곡동, 경기도 고양시덕양구 행신1동, 경기도 고양시덕양구 행신2동, 경기도 고양시덕양구 행주동]","[4128161000:경기도 고양시덕양구 능곡동, 4128163000:경기도 고양시덕양구 행주동, 4128165000:경기도 고양시덕양구 행신2동]","[4128161000:경기도 고양시덕양구 능곡동, 4128163000:경기도 고양시덕양구 행주동, 4128164000:경기도 고양시덕양구 행신1동, 4128165000:경기도 고양시덕양구 행신2동]",ST000620
능길역,지하철,수인분당선,"[4127354000, 4139058100, 4139058900]","[경기도 시흥시 군자동, 경기도 시흥시 정왕본동, 경기도 안산시단원구 원곡본동]","[4127354000, 4139058100, 4139058900, 4139059100]","[경기도 시흥시 군자동, 경기도 시흥시 정왕1동, 경기도 시흥시 정왕본동, 경기도 안산시단원구 원곡본동]","[4127354000:경기도 안산시단원구 원곡본동, 4139058100:경기도 시흥시 군자동, 4139058900:경기도 시흥시 정왕본동]","[4127354000:경기도 안산시단원구 원곡본동, 4139058100:경기도 시흥시 군자동, 4139058900:경기도 시흥시 정왕본동, 4139059100:경기도 시흥시 정왕1동]",ST000754
능길역,지하철,안산과천선,"[4127354000, 4139058100, 4139058900]","[경기도 시흥시 군자동, 경기도 시흥시 정왕본동, 경기도 안산시단원구 원곡본동]","[4127354000, 4139058100, 4139058900, 4139059100]","[경기도 시흥시 군자동, 경기도 시흥시 정왕1동, 경기도 시흥시 정왕본동, 경기도 안산시단원구 원곡본동]","[4127354000:경기도 안산시단원구 원곡본동, 4139058100:경기도 시흥시 군자동, 4139058900:경기도 시흥시 정왕본동]","[4127354000:경기도 안산시단원구 원곡본동, 4139058100:경기도 시흥시 군자동, 4139058900:경기도 시흥시 정왕본동, 4139059100:경기도 시흥시 정왕1동]",ST000754
다산역,지하철,8호선,"[4136025900, 4136055000, 4136056000]","[경기도 남양주시 도농동, 경기도 남양주시 지금동, 경기도 남양주시 진건읍]","[4131052000, 4136025900, 4136055000, 4136056000]","[경기도 구리시 동구동, 경기도 남양주시 도농동, 경기도 남양주시 지금동, 경기도 남양주시 진건읍]","[4136025900:경기도 남양주시 진건읍, 4136055000:경기도 남양주시 지금동, 4136056000:경기도 남양주시 도농동]","[4131052000:경기도 구리시 동구동, 4136025900:경기도 남양주시 진건읍, 4136055000:경기도 남양주시 지금동, 4136056000:경기도 남양주시 도농동]",ST000441
다산역,지하철,별내선,"[4136025900, 4136055000, 4136056000]","[경기도 남양주시 도농동, 경기도 남양주시 지금동, 경기도 남양주시 진건읍]","[4131052000, 4136025900, 4136055000, 4136056000]","[경기도 구리시 동구동, 경기도 남양주시 도농동, 경기도 남양주시 지금동, 경기도 남양주시 진건읍]","[4136025900:경기도 남양주시 진건읍, 4136055000:경기도 남양주시 지금동, 4136056000:경기도 남양주시 도농동]","[4131052000:경기도 구리시 동구동, 4136025900:경기도 남양주시 진건읍, 4136055000:경기도 남양주시 지금동, 4136056000:경기도 남양주시 도농동]",ST000441
단대오거리역,지하철,8호선,"[4113152000, 4113153000, 4113159000, 4113352500, 4113353000, 4113354000]","[경기도 성남시수정구 단대동, 경기도 성남시수정구 신흥2동, 경기도 성남시수정구 신흥3동, 경기도 성남시중원구 금광1동, 경기도 성남시중원구 금광2동, 경기도 성남시중원구 중앙동]","[4113152000, 4113153000, 4113159000, 4113160000, 4113352500, 4113353000, 4113354000, 4113355000, 4113357000, 4113358000, 4113359000]","[경기도 성남시수정구 단대동, 경기도 성남시수정구 산성동, 경기도 성남시수정구 신흥2동, 경기도 성남시수정구 신흥3동, 경기도 성남시중원구 금광1동, 경기도 성남시중원구 금광2동, 경기도 성남시중원구 상대원1동, 경기도 성남시중원구 상대원2동, 경기도 성남시중원구 상대원3동, 경기도 성남시중원구 은행1동, 경기도 성남시중원구 중앙동]","[4113152000:경기도 성남시수정구 신흥2동, 4113153000:경기도 성남시수정구 신흥3동, 4113159000:경기도 성남시수정구 단대동, 4113352500:경기도 성남시중원구 중앙동, 4113353000:경기도 성남시중원구 금광1동, 4113354000:경기도 성남시중원구 금광2동]","[4113152000:경기도 성남시수정구 신흥2동, 4113153000:경기도 성남시수정구 신흥3동, 4113159000:경기도 성남시수정구 단대동, 4113160000:경기도 성남시수정구 산성동, 4113352500:경기도 성남시중원구 중앙동, 4113353000:경기도 성남시중원구 금광1동, 4113354000:경기도 성남시중원구 금광2동, 4113355000:경기도 성남시중원구 은행1동, 4113357000:경기도 성남시중원구 상대원1동, 4113358000:경기도 성남시중원구 상대원2동, 4113359000:경기도 성남시중원구 상대원3동]",ST000322
달미역,지하철,서해선,"[4127359000, 4127360000]","[경기도 안산시단원구 선부2동, 경기도 안산시단원구 선부3동]","[4127351000, 4127359000, 4127360000, 4139064000]","[경기도 시흥시 능곡동, 경기도 안산시단원구 선부2동, 경기도 안산시단원구 선부3동, 경기도 안산시단원구 와동]","[4127359000:경기도 안산시단원구 선부2동, 4127360000:경기도 안산시단원구 선부3동]","[4127351000:경기도 안산시단원구 와동, 4127359000:경기도 안산시단원구 선부2동, 4127360000:경기도 안산시단원구 선부3동, 4139064000:경기도 시흥시 능곡동]",ST000363
달월역,지하철,수인분당선,"[4139058200, 4139058900, 4139059400]","[경기도 시흥시 월곶동, 경기도 시흥시 정왕4동, 경기도 시흥시 정왕본동]","[4139058200, 4139058900, 4139059400]","[경기도 시흥시 월곶동, 경기도 시흥시 정왕4동, 경기도 시흥시 정왕본동]","[4139058200:경기도 시흥시 월곶동, 4139058900:경기도 시흥시 정왕본동, 4139059400:경기도 시흥시 정왕4동]","[4139058200:경기도 시흥시 월곶동, 4139058900:경기도 시흥시 정왕본동, 4139059400:경기도 시흥시 정왕4동]",ST000483
답십리역,지하철,5호선,"[1120054000, 1120055000, 1120079000, 1123060000, 1123061000]","[서울특별시 동대문구 답십리1동, 서울특별시 동대문구 답십리2동, 서울특별시 성동구 마장동, 서울특별시 성동구 사근동, 서울특별시 성동구 용답동]","[1120054000, 1120055000, 1120079000, 1123056000, 1123060000, 1123061000, 1123065000]","[서울특별시 동대문구 답십리1동, 서울특별시 동대문구 답십리2동, 서울특별시 동대문구 장안1동, 서울특별시 동대문구 전농1동, 서울특별시 성동구 마장동, 서울특별시 성동구 사근동, 서울특별시 성동구 용답동]","[1120054000:서울특별시 성동구 마장동, 1120055000:서울특별시 성동구 사근동, 1120079000:서울특별시 성동구 용답동, 1123060000:서울특별시 동대문구 답십리1동, 1123061000:서울특별시 동대문구 답십리2동]","[1120054000:서울특별시 성동구 마장동, 1120055000:서울특별시 성동구 사근동, 1120079000:서울특별시 성동구 용답동, 1123056000:서울특별시 동대문구 전농1동, 1123060000:서울특별시 동대문구 답십리1동, 1123061000:서울특별시 동대문구 답십리2동, 1123065000:서울특별시 동대문구 장안1동]",ST000222
당고개역,지하철,4호선,[1135066500],[서울특별시 노원구 상계3·4동],"[1135062400, 1135063000, 1135066500, 1135067000, 1135071000]","[서울특별시 노원구 상계1동, 서울특별시 노원구 상계3·4동, 서울특별시 노원구 상계5동, 서울특별시 노원구 상계9동, 서울특별시 노원구 중계4동]",[1135066500:서울특별시 노원구 상계3·4동],"[1135062400:서울특별시 노원구 중계4동, 1135063000:서울특별시 노원구 상계1동, 1135066500:서울특별시 노원구 상계3·4동, 1135067000:서울특별시 노원구 상계5동, 1135071000:서울특별시 노원구 상계9동]",ST000181
당곡역,지하철,신림선,"[1159055000, 1159068000, 1162052500, 1162069500]","[서울특별시 관악구 보라매동, 서울특별시 관악구 신림동, 서울특별시 동작구 상도3동, 서울특별시 동작구 신대방2동]","[1159055000, 1159066000, 1159068000, 1162052500, 1162060500, 1162064500, 1162065500, 1162068500, 1162069500, 1162076500]","[서울특별시 관악구 미성동, 서울특별시 관악구 보라매동, 서울특별시 관악구 서원동, 서울특별시 관악구 신림동, 서울특별시 관악구 신사동, 서울특별시 관악구 신원동, 서울특별시 관악구 은천동, 서울특별시 동작구 대방동, 서울특별시 동작구 상도3동, 서울특별시 동작구 신대방2동]","[1159055000:서울특별시 동작구 상도3동, 1159068000:서울특별시 동작구 신대방2동, 1162052500:서울특별시 관악구 보라매동, 1162069500:서울특별시 관악구 신림동]","[1159055000:서울특별시 동작구 상도3동, 1159066000:서울특별시 동작구 대방동, 1159068000:서울특별시 동작구 신대방2동, 1162052500:서울특별시 관악구 보라매동, 1162060500:서울특별시 관악구 은천동, 1162064500:서울특별시 관악구 서원동, 1162065500:서울특별시 관악구 신원동, 1162068500:서울특별시 관악구 신사동, 1162069500:서울특별시 관악구 신림동, 1162076500:서울특별시 관악구 미성동]",ST000404
당산역,지하철,2호선,"[1156053500, 1156056000, 1156062000]","[서울특별시 영등포구 당산2동, 서울특별시 영등포구 양평2동, 서울특별시 영등포구 영등포동]","[1144068000, 1147055000, 1156053500, 1156054000, 1156055000, 1156056000, 1156061000, 1156062000]","[서울특별시 마포구 합정동, 서울특별시 양천구 목5동, 서울특별시 영등포구 당산1동, 서울특별시 영등포구 당산2동, 서울특별시 영등포구 양평1동, 서울특별시 영등포구 양평2동, 서울특별시 영등포구 여의동, 서울특별시 영등포구 영등포동]","[1156053500:서울특별시 영등포구 영등포동, 1156056000:서울특별시 영등포구 당산2동, 1156062000:서울특별시 영등포구 양평2동]","[1144068000:서울특별시 마포구 합정동, 1147055000:서울특별시 양천구 목5동, 1156053500:서울특별시 영등포구 영등포동, 1156054000:서울특별시 영등포구 여의동, 1156055000:서울특별시 영등포구 당산1동, 1156056000:서울특별시 영등포구 당산2동, 1156061000:서울특별시 영등포구 양평1동, 1156062000:서울특별시 영등포구 양평2동]",ST000026
당산역,지하철,9호선,"[1156053500, 1156056000, 1156062000]","[서울특별시 영등포구 당산2동, 서울특별시 영등포구 양평2동, 서울특별시 영등포구 영등포동]","[1144068000, 1147055000, 1156053500, 1156054000, 1156055000, 1156056000, 1156061000, 1156062000]","[서울특별시 마포구 합정동, 서울특별시 양천구 목5동, 서울특별시 영등포구 당산1동, 서울특별시 영등포구 당산2동, 서울특별시 영등포구 양평1동, 서울특별시 영등포구 양평2동, 서울특별시 영등포구 여의동, 서울특별시 영등포구 영등포동]","[1156053500:서울특별시 영등포구 영등포동, 1156056000:서울특별시 영등포구 당산2동, 1156062000:서울특별시 영등포구 양평2동]","[1144068000:서울특별시 마포구 합정동, 1147055000:서울특별시 양천구 목5동, 1156053500:서울특별시 영등포구 영등포동, 1156054000:서울특별시 영등포구 여의동, 1156055000:서울특별시 영등포구 당산1동, 1156056000:서울특별시 영등포구 당산2동, 1156061000:서울특별시 영등포구 양평1동, 1156062000:서울특별시 영등포구 양평2동]",ST000026
당정역,지하철,1호선,"[4141051000, 4141052000, 4143052000]","[경기도 군포시 군포1동, 경기도 군포시 군포2동, 경기도 의왕시 부곡동]","[4141051000, 4141052000, 4143051000, 4143052000]","[경기도 군포시 군포1동, 경기도 군포시 군포2동, 경기도 의왕시 고천동, 경기도 의왕시 부곡동]","[4141051000:경기도 군포시 군포1동, 4141052000:경기도 군포시 군포2동, 4143052000:경기도 의왕시 부곡동]","[4141051000:경기도 군포시 군포1동, 4141052000:경기도 군포시 군포2동, 4143051000:경기도 의왕시 고천동, 4143052000:경기도 의왕시 부곡동]",ST000538
대곡역,광역급행철도,GTXA,[4128161000],[경기도 고양시덕양구 능곡동],[4128161000],[경기도 고양시덕양구 능곡동],[4128161000:경기도 고양시덕양구 능곡동],[4128161000:경기도 고양시덕양구 능곡동],GTX_대곡_GTXA
대곡역,지하철,3호선,[4128161000],[경기도 고양시덕양구 능곡동],[4128161000],[경기도 고양시덕양구 능곡동],[4128161000:경기도 고양시덕양구 능곡동],[4128161000:경기도 고양시덕양구 능곡동],ST000347
대곡역,지하철,경의중앙선,[4128161000],[경기도 고양시덕양구 능곡동],[4128161000],[경기도 고양시덕양구 능곡동],[4128161000:경기도 고양시덕양구 능곡동],[4128161000:경기도 고양시덕양구 능곡동],ST000347
대곡역,지하철,서해선,[4128161000],[경기도 고양시덕양구 능곡동],[4128161000],[경기도 고양시덕양구 능곡동],[4128161000:경기도 고양시덕양구 능곡동],[4128161000:경기도 고양시덕양구 능곡동],ST000347
대곡역,지하철,일산선,[4128161000],[경기도 고양시덕양구 능곡동],[4128161000],[경기도 고양시덕양구 능곡동],[4128161000:경기도 고양시덕양구 능곡동],[4128161000:경기도 고양시덕양구 능곡동],ST000347
대공원역,지하철,4호선,"[4129054000, 4129055000, 4129056000]","[경기도 과천시 과천동, 경기도 과천시 문원동, 경기도 과천시 부림동]","[4129051000, 4129053000, 4129054000, 4129055000, 4129056000]","[경기도 과천시 과천동, 경기도 과천시 문원동, 경기도 과천시 별양동, 경기도 과천시 부림동, 경기도 과천시 중앙동]","[4129054000:경기도 과천시 부림동, 4129055000:경기도 과천시 과천동, 4129056000:경기도 과천시 문원동]","[4129051000:경기도 과천시 중앙동, 4129053000:경기도 과천시 별양동, 4129054000:경기도 과천시 부림동, 4129055000:경기도 과천시 과천동, 4129056000:경기도 과천시 문원동]",ST000579
대공원역,지하철,과천선,"[4129054000, 4129055000, 4129056000]","[경기도 과천시 과천동, 경기도 과천시 문원동, 경기도 과천시 부림동]","[4129051000, 4129053000, 4129054000, 4129055000, 4129056000]","[경기도 과천시 과천동, 경기도 과천시 문원동, 경기도 과천시 별양동, 경기도 과천시 부림동, 경기도 과천시 중앙동]","[4129054000:경기도 과천시 부림동, 4129055000:경기도 과천시 과천동, 4129056000:경기도 과천시 문원동]","[4129051000:경기도 과천시 중앙동, 4129053000:경기도 과천시 별양동, 4129054000:경기도 과천시 부림동, 4129055000:경기도 과천시 과천동, 4129056000:경기도 과천시 문원동]",ST000579
대공원역,지하철,안산과천선,"[4129054000, 4129055000, 4129056000]","[경기도 과천시 과천동, 경기도 과천시 문원동, 경기도 과천시 부림동]","[4129051000, 4129053000, 4129054000, 4129055000, 4129056000]","[경기도 과천시 과천동, 경기도 과천시 문원동, 경기도 과천시 별양동, 경기도 과천시 부림동, 경기도 과천시 중앙동]","[4129054000:경기도 과천시 부림동, 4129055000:경기도 과천시 과천동, 4129056000:경기도 과천시 문원동]","[4129051000:경기도 과천시 중앙동, 4129053000:경기도 과천시 별양동, 4129054000:경기도 과천시 부림동, 4129055000:경기도 과천시 과천동, 4129056000:경기도 과천시 문원동]",ST000579
대림역,지하철,2호선,"[1153053000, 1153054000, 1153055000, 1156070000, 1156071000, 1156072000]","[서울특별시 구로구 구로2동, 서울특별시 구로구 구로3동, 서울특별시 구로구 구로4동, 서울특별시 영등포구 대림1동, 서울특별시 영등포구 대림2동, 서울특별시 영등포구 대림3동]","[1153053000, 1153054000, 1153055000, 1153056000, 1156067000, 1156070000, 1156071000, 1156072000]","[서울특별시 구로구 구로2동, 서울특별시 구로구 구로3동, 서울특별시 구로구 구로4동, 서울특별시 구로구 구로5동, 서울특별시 영등포구 대림1동, 서울특별시 영등포구 대림2동, 서울특별시 영등포구 대림3동, 서울특별시 영등포구 신길5동]","[1153053000:서울특별시 구로구 구로2동, 1153054000:서울특별시 구로구 구로3동, 1153055000:서울특별시 구로구 구로4동, 1156070000:서울특별시 영등포구 대림1동, 1156071000:서울특별시 영등포구 대림2동, 1156072000:서울특별시 영등포구 대림3동]","[1153053000:서울특별시 구로구 구로2동, 1153054000:서울특별시 구로구 구로3동, 1153055000:서울특별시 구로구 구로4동, 1153056000:서울특별시 구로구 구로5동, 1156067000:서울특별시 영등포구 신길5동, 1156070000:서울특별시 영등포구 대림1동, 1156071000:서울특별시 영등포구 대림2동, 1156072000:서울특별시 영등포구 대림3동]",ST000134
대림역,지하철,7호선,"[1153053000, 1153054000, 1153055000, 1156070000, 1156071000, 1156072000]","[서울특별시 구로구 구로2동, 서울특별시 구로구 구로3동, 서울특별시 구로구 구로4동, 서울특별시 영등포구 대림1동, 서울특별시 영등포구 대림2동, 서울특별시 영등포구 대림3동]","[1153053000, 1153054000, 1153055000, 1153056000, 1156067000, 1156070000, 1156071000, 1156072000]","[서울특별시 구로구 구로2동, 서울특별시 구로구 구로3동, 서울특별시 구로구 구로4동, 서울특별시 구로구 구로5동, 서울특별시 영등포구 대림1동, 서울특별시 영등포구 대림2동, 서울특별시 영등포구 대림3동, 서울특별시 영등포구 신길5동]","[1153053000:서울특별시 구로구 구로2동, 1153054000:서울특별시 구로구 구로3동, 1153055000:서울특별시 구로구 구로4동, 1156070000:서울특별시 영등포구 대림1동, 1156071000:서울특별시 영등포구 대림2동, 1156072000:서울특별시 영등포구 대림3동]","[1153053000:서울특별시 구로구 구로2동, 1153054000:서울특별시 구로구 구로3동, 1153055000:서울특별시 구로구 구로4동, 1153056000:서울특별시 구로구 구로5동, 1156067000:서울특별시 영등포구 신길5동, 1156070000:서울특별시 영등포구 대림1동, 1156071000:서울특별시 영등포구 대림2동, 1156072000:서울특별시 영등포구 대림3동]",ST000134
대모산입구역,지하철,수인분당선,"[1168061000, 1168067000, 1168074000]","[서울특별시 강남구 개포2동, 서울특별시 강남구 대치2동, 서울특별시 강남구 일원2동]","[1168060000, 1168061000, 1168066000, 1168067000, 1168072000, 1168073000, 1168074000]","[서울특별시 강남구 개포1동, 서울특별시 강남구 개포2동, 서울특별시 강남구 대치1동, 서울특별시 강남구 대치2동, 서울특별시 강남구 일원1동, 서울특별시 강남구 일원2동, 서울특별시 강남구 일원본동]","[1168061000:서울특별시 강남구 대치2동, 1168067000:서울특별시 강남구 개포2동, 1168074000:서울특별시 강남구 일원2동]","[1168060000:서울특별시 강남구 대치1동, 1168061000:서울특별시 강남구 대치2동, 1168066000:서울특별시 강남구 개포1동, 1168067000:서울특별시 강남구 개포2동, 1168072000:서울특별시 강남구 일원본동, 1168073000:서울특별시 강남구 일원1동, 1168074000:서울특별시 강남구 일원2동]",ST000646
대방역,지하철,1호선,"[1156054000, 1156063000, 1156069000, 1159066000]","[서울특별시 동작구 대방동, 서울특별시 영등포구 신길1동, 서울특별시 영등포구 신길7동, 서울특별시 영등포구 여의동]","[1156051500, 1156053500, 1156054000, 1156063000, 1156069000, 1159052000, 1159066000]","[서울특별시 동작구 노량진2동, 서울특별시 동작구 대방동, 서울특별시 영등포구 신길1동, 서울특별시 영등포구 신길7동, 서울특별시 영등포구 여의동, 서울특별시 영등포구 영등포동, 서울특별시 영등포구 영등포본동]","[1156054000:서울특별시 영등포구 여의동, 1156063000:서울특별시 영등포구 신길1동, 1156069000:서울특별시 영등포구 신길7동, 1159066000:서울특별시 동작구 대방동]","[1156051500:서울특별시 영등포구 영등포본동, 1156053500:서울특별시 영등포구 영등포동, 1156054000:서울특별시 영등포구 여의동, 1156063000:서울특별시 영등포구 신길1동, 1156069000:서울특별시 영등포구 신길7동, 1159052000:서울특별시 동작구 노량진2동, 1159066000:서울특별시 동작구 대방동]",ST000408
대방역,지하철,신림선,"[1156054000, 1156063000, 1156069000, 1159066000]","[서울특별시 동작구 대방동, 서울특별시 영등포구 신길1동, 서울특별시 영등포구 신길7동, 서울특별시 영등포구 여의동]","[1156051500, 1156053500, 1156054000, 1156063000, 1156069000, 1159052000, 1159066000]","[서울특별시 동작구 노량진2동, 서울특별시 동작구 대방동, 서울특별시 영등포구 신길1동, 서울특별시 영등포구 신길7동, 서울특별시 영등포구 여의동, 서울특별시 영등포구 영등포동, 서울특별시 영등포구 영등포본동]","[1156054000:서울특별시 영등포구 여의동, 1156063000:서울특별시 영등포구 신길1동, 1156069000:서울특별시 영등포구 신길7동, 1159066000:서울특별시 동작구 대방동]","[1156051500:서울특별시 영등포구 영등포본동, 1156053500:서울특별시 영등포구 영등포동, 1156054000:서울특별시 영등포구 여의동, 1156063000:서울특별시 영등포구 신길1동, 1156069000:서울특별시 영등포구 신길7동, 1159052000:서울특별시 동작구 노량진2동, 1159066000:서울특별시 동작구 대방동]",ST000408
대성리역,지하철,경춘선,"[4136025600, 4182032500]","[경기도 가평군 청평면, 경기도 남양주시 화도읍]","[4136025600, 4182032500]","[경기도 가평군 청평면, 경기도 남양주시 화도읍]","[4136025600:경기도 남양주시 화도읍, 4182032500:경기도 가평군 청평면]","[4136025600:경기도 남양주시 화도읍, 4182032500:경기도 가평군 청평면]",ST000598
대야미역,지하철,4호선,[4141061000],[경기도 군포시 대야동],"[4141052000, 4141061000]","[경기도 군포시 군포2동, 경기도 군포시 대야동]",[4141061000:경기도 군포시 대야동],"[4141052000:경기도 군포시 군포2동, 4141061000:경기도 군포시 대야동]",ST000534
대야미역,지하철,안산과천선,[4141061000],[경기도 군포시 대야동],"[4141052000, 4141061000]","[경기도 군포시 군포2동, 경기도 군포시 대야동]",[4141061000:경기도 군포시 대야동],"[4141052000:경기도 군포시 군포2동, 4141061000:경기도 군포시 대야동]",ST000534
대야미역,지하철,안산선,[4141061000],[경기도 군포시 대야동],"[4141052000, 4141061000]","[경기도 군포시 군포2동, 경기도 군포시 대야동]",[4141061000:경기도 군포시 대야동],"[4141052000:경기도 군포시 군포2동, 4141061000:경기도 군포시 대야동]",ST000534
대청역,지하철,3호선,"[1168067000, 1168073000, 1168074000]","[서울특별시 강남구 개포2동, 서울특별시 강남구 일원1동, 서울특별시 강남구 일원2동]","[1168061000, 1168066000, 1168067000, 1168072000, 1168073000, 1168074000, 1171061000, 1171065000]","[서울특별시 강남구 개포1동, 서울특별시 강남구 개포2동, 서울특별시 강남구 대치2동, 서울특별시 강남구 일원1동, 서울특별시 강남구 일원2동, 서울특별시 강남구 일원본동, 서울특별시 송파구 삼전동, 서울특별시 송파구 잠실본동]","[1168067000:서울특별시 강남구 개포2동, 1168073000:서울특별시 강남구 일원1동, 1168074000:서울특별시 강남구 일원2동]","[1168061000:서울특별시 강남구 대치2동, 1168066000:서울특별시 강남구 개포1동, 1168067000:서울특별시 강남구 개포2동, 1168072000:서울특별시 강남구 일원본동, 1168073000:서울특별시 강남구 일원1동, 1168074000:서울특별시 강남구 일원2동, 1171061000:서울특별시 송파구 삼전동, 1171065000:서울특별시 송파구 잠실본동]",ST000175
대치역,지하철,3호선,"[1168060000, 1168061000]","[서울특별시 강남구 대치1동, 서울특별시 강남구 대치2동]","[1168060000, 1168061000, 1168063000, 1168065000, 1168065600, 1168066000, 1168067000, 1168074000]","[서울특별시 강남구 개포1동, 서울특별시 강남구 개포2동, 서울특별시 강남구 대치1동, 서울특별시 강남구 대치2동, 서울특별시 강남구 대치4동, 서울특별시 강남구 도곡2동, 서울특별시 강남구 역삼2동, 서울특별시 강남구 일원2동]","[1168060000:서울특별시 강남구 대치1동, 1168061000:서울특별시 강남구 대치2동]","[1168060000:서울특별시 강남구 대치1동, 1168061000:서울특별시 강남구 대치2동, 1168063000:서울특별시 강남구 대치4동, 1168065000:서울특별시 강남구 역삼2동, 1168065600:서울특별시 강남구 도곡2동, 1168066000:서울특별시 강남구 개포1동, 1168067000:서울특별시 강남구 개포2동, 1168074000:서울특별시 강남구 일원2동]",ST000173
대화역,지하철,3호선,[4128757000],[경기도 고양시일산서구 대화동],"[4128756000, 4128757000, 4128758000]","[경기도 고양시일산서구 대화동, 경기도 고양시일산서구 송포동, 경기도 고양시일산서구 주엽2동]",[4128757000:경기도 고양시일산서구 대화동],"[4128756000:경기도 고양시일산서구 주엽2동, 4128757000:경기도 고양시일산서구 대화동, 4128758000:경기도 고양시일산서구 송포동]",ST000446
대화역,지하철,일산선,[4128757000],[경기도 고양시일산서구 대화동],"[4128756000, 4128757000, 4128758000]","[경기도 고양시일산서구 대화동, 경기도 고양시일산서구 송포동, 경기도 고양시일산서구 주엽2동]",[4128757000:경기도 고양시일산서구 대화동],"[4128756000:경기도 고양시일산서구 주엽2동, 4128757000:경기도 고양시일산서구 대화동, 4128758000:경기도 고양시일산서구 송포동]",ST000446
대흥역,지하철,6호선,"[1144059000, 1144060000, 1144061000, 1144063000]","[서울특별시 마포구 대흥동, 서울특별시 마포구 신수동, 서울특별시 마포구 염리동, 서울특별시 마포구 용강동]","[1141058500, 1144055500, 1144056500, 1144058500, 1144059000, 1144060000, 1144061000, 1144063000, 1144065500, 1144066000]","[서울특별시 마포구 공덕동, 서울특별시 마포구 대흥동, 서울특별시 마포구 도화동, 서울특별시 마포구 서강동, 서울특별시 마포구 서교동, 서울특별시 마포구 신수동, 서울특별시 마포구 아현동, 서울특별시 마포구 염리동, 서울특별시 마포구 용강동, 서울특별시 서대문구 신촌동]","[1144059000:서울특별시 마포구 용강동, 1144060000:서울특별시 마포구 대흥동, 1144061000:서울특별시 마포구 염리동, 1144063000:서울특별시 마포구 신수동]","[1141058500:서울특별시 서대문구 신촌동, 1144055500:서울특별시 마포구 아현동, 1144056500:서울특별시 마포구 공덕동, 1144058500:서울특별시 마포구 도화동, 1144059000:서울특별시 마포구 용강동, 1144060000:서울특별시 마포구 대흥동, 1144061000:서울특별시 마포구 염리동, 1144063000:서울특별시 마포구 신수동, 1144065500:서울특별시 마포구 서강동, 1144066000:서울특별시 마포구 서교동]",ST000257
덕계역,지하철,1호선,[4163054000],[경기도 양주시 회천2동],"[4163054000, 4163055000]","[경기도 양주시 회천2동, 경기도 양주시 회천3동]",[4163054000:경기도 양주시 회천2동],"[4163054000:경기도 양주시 회천2동, 4163055000:경기도 양주시 회천3동]",ST000464
덕소역,일반철도,ITX-마음,"[4136025000, 4136054000, 4145061000, 4145062000]","[경기도 남양주시 양정동, 경기도 남양주시 와부읍, 경기도 하남시 미사1동, 경기도 하남시 미사2동]","[4136025000, 4136054000, 4145061000, 4145062000]","[경기도 남양주시 양정동, 경기도 남양주시 와부읍, 경기도 하남시 미사1동, 경기도 하남시 미사2동]","[4136025000:경기도 남양주시 와부읍, 4136054000:경기도 남양주시 양정동, 4145061000:경기도 하남시 미사1동, 4145062000:경기도 하남시 미사2동]","[4136025000:경기도 남양주시 와부읍, 4136054000:경기도 남양주시 양정동, 4145061000:경기도 하남시 미사1동, 4145062000:경기도 하남시 미사2동]",ST000640
덕소역,일반철도,ITX-새마을,"[4136025000, 4136054000, 4145061000, 4145062000]","[경기도 남양주시 양정동, 경기도 남양주시 와부읍, 경기도 하남시 미사1동, 경기도 하남시 미사2동]","[4136025000, 4136054000, 4145061000, 4145062000]","[경기도 남양주시 양정동, 경기도 남양주시 와부읍, 경기도 하남시 미사1동, 경기도 하남시 미사2동]","[4136025000:경기도 남양주시 와부읍, 4136054000:경기도 남양주시 양정동, 4145061000:경기도 하남시 미사1동, 4145062000:경기도 하남시 미사2동]","[4136025000:경기도 남양주시 와부읍, 4136054000:경기도 남양주시 양정동, 4145061000:경기도 하남시 미사1동, 4145062000:경기도 하남시 미사2동]",ST000640
덕소역,일반철도,무궁화,"[4136025000, 4136054000, 4145061000, 4145062000]","[경기도 남양주시 양정동, 경기도 남양주시 와부읍, 경기도 하남시 미사1동, 경기도 하남시 미사2동]","[4136025000, 4136054000, 4145061000, 4145062000]","[경기도 남양주시 양정동, 경기도 남양주시 와부읍, 경기도 하남시 미사1동, 경기도 하남시 미사2동]","[4136025000:경기도 남양주시 와부읍, 4136054000:경기도 남양주시 양정동, 4145061000:경기도 하남시 미사1동, 4145062000:경기도 하남시 미사2동]","[4136025000:경기도 남양주시 와부읍, 4136054000:경기도 남양주시 양정동, 4145061000:경기도 하남시 미사1동, 4145062000:경기도 하남시 미사2동]",ST000640
덕소역,준고속철도,KTX-이음,"[4136025000, 4136054000, 4145061000, 4145062000]","[경기도 남양주시 양정동, 경기도 남양주시 와부읍, 경기도 하남시 미사1동, 경기도 하남시 미사2동]","[4136025000, 4136054000, 4145061000, 4145062000]","[경기도 남양주시 양정동, 경기도 남양주시 와부읍, 경기도 하남시 미사1동, 경기도 하남시 미사2동]","[4136025000:경기도 남양주시 와부읍, 4136054000:경기도 남양주시 양정동, 4145061000:경기도 하남시 미사1동, 4145062000:경기도 하남시 미사2동]","[4136025000:경기도 남양주시 와부읍, 4136054000:경기도 남양주시 양정동, 4145061000:경기도 하남시 미사1동, 4145062000:경기도 하남시 미사2동]",ST000640
덕소역,지하철,경의중앙선,"[4136025000, 4136054000, 4145061000, 4145062000]","[경기도 남양주시 양정동, 경기도 남양주시 와부읍, 경기도 하남시 미사1동, 경기도 하남시 미사2동]","[4136025000, 4136054000, 4145061000, 4145062000]","[경기도 남양주시 양정동, 경기도 남양주시 와부읍, 경기도 하남시 미사1동, 경기도 하남시 미사2동]","[4136025000:경기도 남양주시 와부읍, 4136054000:경기도 남양주시 양정동, 4145061000:경기도 하남시 미사1동, 4145062000:경기도 하남시 미사2동]","[4136025000:경기도 남양주시 와부읍, 4136054000:경기도 남양주시 양정동, 4145061000:경기도 하남시 미사1동, 4145062000:경기도 하남시 미사2동]",ST000640
덕정역,지하철,1호선,"[4163053000, 4163054000, 4163055000]","[경기도 양주시 회천1동, 경기도 양주시 회천2동, 경기도 양주시 회천3동]","[4163053000, 4163054000, 4163055000]","[경기도 양주시 회천1동, 경기도 양주시 회천2동, 경기도 양주시 회천3동]","[4163053000:경기도 양주시 회천1동, 4163054000:경기도 양주시 회천2동, 4163055000:경기도 양주시 회천3동]","[4163053000:경기도 양주시 회천1동, 4163054000:경기도 양주시 회천2동, 4163055000:경기도 양주시 회천3동]",ST000463
도곡역,지하철,3호선,"[1168060000, 1168065600, 1168066000, 1168067000]","[서울특별시 강남구 개포1동, 서울특별시 강남구 개포2동, 서울특별시 강남구 대치1동, 서울특별시 강남구 도곡2동]","[1168060000, 1168061000, 1168063000, 1168065000, 1168065500, 1168065600, 1168066000, 1168067000, 1168069000]","[서울특별시 강남구 개포1동, 서울특별시 강남구 개포2동, 서울특별시 강남구 개포4동, 서울특별시 강남구 대치1동, 서울특별시 강남구 대치2동, 서울특별시 강남구 대치4동, 서울특별시 강남구 도곡1동, 서울특별시 강남구 도곡2동, 서울특별시 강남구 역삼2동]","[1168060000:서울특별시 강남구 대치1동, 1168065600:서울특별시 강남구 도곡2동, 1168066000:서울특별시 강남구 개포1동, 1168067000:서울특별시 강남구 개포2동]","[1168060000:서울특별시 강남구 대치1동, 1168061000:서울특별시 강남구 대치2동, 1168063000:서울특별시 강남구 대치4동, 1168065000:서울특별시 강남구 역삼2동, 1168065500:서울특별시 강남구 도곡1동, 1168065600:서울특별시 강남구 도곡2동, 1168066000:서울특별시 강남구 개포1동, 1168067000:서울특별시 강남구 개포2동, 1168069000:서울특별시 강남구 개포4동]",ST000172
도곡역,지하철,수인분당선,"[1168060000, 1168065600, 1168066000, 1168067000]","[서울특별시 강남구 개포1동, 서울특별시 강남구 개포2동, 서울특별시 강남구 대치1동, 서울특별시 강남구 도곡2동]","[1168060000, 1168061000, 1168063000, 1168065000, 1168065500, 1168065600, 1168066000, 1168067000, 1168069000]","[서울특별시 강남구 개포1동, 서울특별시 강남구 개포2동, 서울특별시 강남구 개포4동, 서울특별시 강남구 대치1동, 서울특별시 강남구 대치2동, 서울특별시 강남구 대치4동, 서울특별시 강남구 도곡1동, 서울특별시 강남구 도곡2동, 서울특별시 강남구 역삼2동]","[1168060000:서울특별시 강남구 대치1동, 1168065600:서울특별시 강남구 도곡2동, 1168066000:서울특별시 강남구 개포1동, 1168067000:서울특별시 강남구 개포2동]","[1168060000:서울특별시 강남구 대치1동, 1168061000:서울특별시 강남구 대치2동, 1168063000:서울특별시 강남구 대치4동, 1168065000:서울특별시 강남구 역삼2동, 1168065500:서울특별시 강남구 도곡1동, 1168065600:서울특별시 강남구 도곡2동, 1168066000:서울특별시 강남구 개포1동, 1168067000:서울특별시 강남구 개포2동, 1168069000:서울특별시 강남구 개포4동]",ST000172
도농역,지하철,경의중앙선,"[4136055000, 4136056000]","[경기도 남양주시 도농동, 경기도 남양주시 지금동]","[4136054000, 4136055000, 4136056000]","[경기도 남양주시 도농동, 경기도 남양주시 양정동, 경기도 남양주시 지금동]","[4136055000:경기도 남양주시 지금동, 4136056000:경기도 남양주시 도농동]","[4136054000:경기도 남양주시 양정동, 4136055000:경기도 남양주시 지금동, 4136056000:경기도 남양주시 도농동]",ST000642
도라산역,지하철,경의중앙선,[4148039000],[경기도 파주시 장단면],"[4148038000, 4148039000]","[경기도 파주시 군내면, 경기도 파주시 장단면]",[4148039000:경기도 파주시 장단면],"[4148038000:경기도 파주시 군내면, 4148039000:경기도 파주시 장단면]",ST000745
도림천역,지하철,2호선,"[1147063000, 1147067000, 1153051000, 1156060500]","[서울특별시 구로구 신도림동, 서울특별시 양천구 신정2동, 서울특별시 양천구 신정6동, 서울특별시 영등포구 문래동]","[1147051000, 1147063000, 1147067000, 1153051000, 1153056000, 1156060500, 1156061000]","[서울특별시 구로구 구로5동, 서울특별시 구로구 신도림동, 서울특별시 양천구 목1동, 서울특별시 양천구 신정2동, 서울특별시 양천구 신정6동, 서울특별시 영등포구 문래동, 서울특별시 영등포구 양평1동]","[1147063000:서울특별시 양천구 신정2동, 1147067000:서울특별시 양천구 신정6동, 1153051000:서울특별시 구로구 신도림동, 1156060500:서울특별시 영등포구 문래동]","[1147051000:서울특별시 양천구 목1동, 1147063000:서울특별시 양천구 신정2동, 1147067000:서울특별시 양천구 신정6동, 1153051000:서울특별시 구로구 신도림동, 1153056000:서울특별시 구로구 구로5동, 1156060500:서울특별시 영등포구 문래동, 1156061000:서울특별시 영등포구 양평1동]",ST000147
도봉산역,지하철,1호선,"[1132052100, 1132052200, 1135063000, 4115054500, 4115056100]","[경기도 의정부시 장암동, 경기도 의정부시 호원1동, 서울특별시 노원구 상계1동, 서울특별시 도봉구 도봉1동, 서울특별시 도봉구 도봉2동]","[1132052100, 1132052200, 1135063000, 4115054500, 4115056100]","[경기도 의정부시 장암동, 경기도 의정부시 호원1동, 서울특별시 노원구 상계1동, 서울특별시 도봉구 도봉1동, 서울특별시 도봉구 도봉2동]","[1132052100:서울특별시 도봉구 도봉1동, 1132052200:서울특별시 도봉구 도봉2동, 1135063000:서울특별시 노원구 상계1동, 4115054500:경기도 의정부시 호원1동, 4115056100:경기도 의정부시 장암동]","[1132052100:서울특별시 도봉구 도봉1동, 1132052200:서울특별시 도봉구 도봉2동, 1135063000:서울특별시 노원구 상계1동, 4115054500:경기도 의정부시 호원1동, 4115056100:경기도 의정부시 장암동]",ST000275
도봉산역,지하철,7호선,"[1132052100, 1132052200, 1135063000, 4115054500, 4115056100]","[경기도 의정부시 장암동, 경기도 의정부시 호원1동, 서울특별시 노원구 상계1동, 서울특별시 도봉구 도봉1동, 서울특별시 도봉구 도봉2동]","[1132052100, 1132052200, 1135063000, 4115054500, 4115056100]","[경기도 의정부시 장암동, 경기도 의정부시 호원1동, 서울특별시 노원구 상계1동, 서울특별시 도봉구 도봉1동, 서울특별시 도봉구 도봉2동]","[1132052100:서울특별시 도봉구 도봉1동, 1132052200:서울특별시 도봉구 도봉2동, 1135063000:서울특별시 노원구 상계1동, 4115054500:경기도 의정부시 호원1동, 4115056100:경기도 의정부시 장암동]","[1132052100:서울특별시 도봉구 도봉1동, 1132052200:서울특별시 도봉구 도봉2동, 1135063000:서울특별시 노원구 상계1동, 4115054500:경기도 의정부시 호원1동, 4115056100:경기도 의정부시 장암동]",ST000275
도봉역,지하철,1호선,"[1132052100, 1132052200, 1135063000]","[서울특별시 노원구 상계1동, 서울특별시 도봉구 도봉1동, 서울특별시 도봉구 도봉2동]","[1132052100, 1132052200, 1132070000, 1135063000, 1135070000, 4115056100]","[경기도 의정부시 장암동, 서울특별시 노원구 상계1동, 서울특별시 노원구 상계8동, 서울특별시 도봉구 도봉1동, 서울특별시 도봉구 도봉2동, 서울특별시 도봉구 방학2동]","[1132052100:서울특별시 도봉구 도봉1동, 1132052200:서울특별시 도봉구 도봉2동, 1135063000:서울특별시 노원구 상계1동]","[1132052100:서울특별시 도봉구 도봉1동, 1132052200:서울특별시 도봉구 도봉2동, 1132070000:서울특별시 도봉구 방학2동, 1135063000:서울특별시 노원구 상계1동, 1135070000:서울특별시 노원구 상계8동, 4115056100:경기도 의정부시 장암동]",ST000470
도심역,지하철,경의중앙선,[4136025000],[경기도 남양주시 와부읍],"[4136025000, 4145061000]","[경기도 남양주시 와부읍, 경기도 하남시 미사1동]",[4136025000:경기도 남양주시 와부읍],"[4136025000:경기도 남양주시 와부읍, 4145061000:경기도 하남시 미사1동]",ST000639
도원역,지하철,1호선,"[2811056000, 2811057000, 2814060500, 2814064000, 2817053500]","[인천광역시 남구 숭의1·3동, 인천광역시 동구 금창동, 인천광역시 동구 송림3·5동, 인천광역시 중구 도원동, 인천광역시 중구 율목동]","[2811054000, 2811056000, 2811057000, 2811058500, 2814055500, 2814058000, 2814059000, 2814060500, 2814063000, 2814064000, 2817052000, 2817053500, 2817054000, 2817064500]","[인천광역시 남구 도화2·3동, 인천광역시 남구 숭의1·3동, 인천광역시 남구 숭의2동, 인천광역시 남구 숭의4동, 인천광역시 동구 금창동, 인천광역시 동구 송림1동, 인천광역시 동구 송림2동, 인천광역시 동구 송림3·5동, 인천광역시 동구 송림6동, 인천광역시 동구 송현1·2동, 인천광역시 중구 도원동, 인천광역시 중구 동인천동, 인천광역시 중구 신흥동, 인천광역시 중구 율목동]","[2811056000:인천광역시 중구 도원동, 2811057000:인천광역시 중구 율목동, 2814060500:인천광역시 동구 송림3·5동, 2814064000:인천광역시 동구 금창동, 2817053500:인천광역시 남구 숭의1·3동]","[2811054000:인천광역시 중구 신흥동, 2811056000:인천광역시 중구 도원동, 2811057000:인천광역시 중구 율목동, 2811058500:인천광역시 중구 동인천동, 2814055500:인천광역시 동구 송현1·2동, 2814058000:인천광역시 동구 송림1동, 2814059000:인천광역시 동구 송림2동, 2814060500:인천광역시 동구 송림3·5동, 2814063000:인천광역시 동구 송림6동, 2814064000:인천광역시 동구 금창동, 2817052000:인천광역시 남구 숭의2동, 2817053500:인천광역시 남구 숭의1·3동, 2817054000:인천광역시 남구 숭의4동, 2817064500:인천광역시 남구 도화2·3동]",ST000511
도화역,지하철,1호선,"[2817063000, 2817064500, 2817066000, 2817070000]","[인천광역시 남구 도화1동, 인천광역시 남구 도화2·3동, 인천광역시 남구 주안1동, 인천광역시 남구 주안5동]","[2817054000, 2817055500, 2817063000, 2817064500, 2817066000, 2817067000, 2817070000]","[인천광역시 남구 도화1동, 인천광역시 남구 도화2·3동, 인천광역시 남구 숭의4동, 인천광역시 남구 용현1·4동, 인천광역시 남구 주안1동, 인천광역시 남구 주안2동, 인천광역시 남구 주안5동]","[2817063000:인천광역시 남구 도화1동, 2817064500:인천광역시 남구 도화2·3동, 2817066000:인천광역시 남구 주안1동, 2817070000:인천광역시 남구 주안5동]","[2817054000:인천광역시 남구 숭의4동, 2817055500:인천광역시 남구 용현1·4동, 2817063000:인천광역시 남구 도화1동, 2817064500:인천광역시 남구 도화2·3동, 2817066000:인천광역시 남구 주안1동, 2817067000:인천광역시 남구 주안2동, 2817070000:인천광역시 남구 주안5동]",ST000509
독립문역,지하철,3호선,"[1111053000, 1111057000, 1111058000, 1141052000]","[서울특별시 서대문구 천연동, 서울특별시 종로구 교남동, 서울특별시 종로구 무악동, 서울특별시 종로구 사직동]","[1111051500, 1111053000, 1111057000, 1111058000, 1141052000, 1141056500, 1141058500, 1141062000, 1141065500]","[서울특별시 서대문구 신촌동, 서울특별시 서대문구 천연동, 서울특별시 서대문구 충현동, 서울특별시 서대문구 홍제1동, 서울특별시 서대문구 홍제2동, 서울특별시 종로구 교남동, 서울특별시 종로구 무악동, 서울특별시 종로구 사직동, 서울특별시 종로구 청운효자동]","[1111053000:서울특별시 종로구 사직동, 1111057000:서울특별시 종로구 무악동, 1111058000:서울특별시 종로구 교남동, 1141052000:서울특별시 서대문구 천연동]","[1111051500:서울특별시 종로구 청운효자동, 1111053000:서울특별시 종로구 사직동, 1111057000:서울특별시 종로구 무악동, 1111058000:서울특별시 종로구 교남동, 1141052000:서울특별시 서대문구 천연동, 1141056500:서울특별시 서대문구 충현동, 1141058500:서울특별시 서대문구 신촌동, 1141062000:서울특별시 서대문구 홍제1동, 1141065500:서울특별시 서대문구 홍제2동]",ST000158
독바위역,지하철,6호선,"[1138052000, 1138053000]","[서울특별시 은평구 불광1동, 서울특별시 은평구 불광2동]","[1138051000, 1138052000, 1138053000, 1138057000, 1138069000]","[서울특별시 은평구 녹번동, 서울특별시 은평구 대조동, 서울특별시 은평구 불광1동, 서울특별시 은평구 불광2동, 서울특별시 은평구 진관동]","[1138052000:서울특별시 은평구 불광1동, 1138053000:서울특별시 은평구 불광2동]","[1138051000:서울특별시 은평구 녹번동, 1138052000:서울특별시 은평구 불광1동, 1138053000:서울특별시 은평구 불광2동, 1138057000:서울특별시 은평구 대조동, 1138069000:서울특별시 은평구 진관동]",ST000247
독산역,지하철,1호선,"[1154551000, 1154561000, 4121063300, 4121063400]","[경기도 광명시 하안3동, 경기도 광명시 하안4동, 서울특별시 금천구 가산동, 서울특별시 금천구 독산1동]","[1154551000, 1154561000, 1154562000, 1154563000, 1154564000, 1154567000, 4121063200, 4121063300, 4121063400]","[경기도 광명시 하안2동, 경기도 광명시 하안3동, 경기도 광명시 하안4동, 서울특별시 금천구 가산동, 서울특별시 금천구 독산1동, 서울특별시 금천구 독산2동, 서울특별시 금천구 독산3동, 서울특별시 금천구 독산4동, 서울특별시 금천구 시흥1동]","[1154551000:서울특별시 금천구 가산동, 1154561000:서울특별시 금천구 독산1동, 4121063300:경기도 광명시 하안3동, 4121063400:경기도 광명시 하안4동]","[1154551000:서울특별시 금천구 가산동, 1154561000:서울특별시 금천구 독산1동, 1154562000:서울특별시 금천구 독산2동, 1154563000:서울특별시 금천구 독산3동, 1154564000:서울특별시 금천구 독산4동, 1154567000:서울특별시 금천구 시흥1동, 4121063200:경기도 광명시 하안2동, 4121063300:경기도 광명시 하안3동, 4121063400:경기도 광명시 하안4동]",ST000553
독정역,지하철,인천2호선,"[2826051500, 2826066000]","[인천광역시 서구 검단4동, 인천광역시 서구 검암경서동]","[2824571000, 2826051500, 2826066000, 2826067000]","[인천광역시 계양구 계양1동, 인천광역시 서구 검단4동, 인천광역시 서구 검단5동, 인천광역시 서구 검암경서동]","[2826051500:인천광역시 서구 검암경서동, 2826066000:인천광역시 서구 검단4동]","[2824571000:인천광역시 계양구 계양1동, 2826051500:인천광역시 서구 검암경서동, 2826066000:인천광역시 서구 검단4동, 2826067000:인천광역시 서구 검단5동]",ST000073
돌곶이역,지하철,6호선,"[1129072500, 1129077000, 1129078000, 1129081000]","[서울특별시 성북구 석관동, 서울특별시 성북구 월곡2동, 서울특별시 성북구 장위2동, 서울특별시 성북구 장위3동]","[1123074000, 1123075000, 1129072500, 1129076000, 1129077000, 1129078000, 1129081000, 1135056000, 1135058000]","[서울특별시 노원구 월계1동, 서울특별시 노원구 월계3동, 서울특별시 동대문구 이문1동, 서울특별시 동대문구 이문2동, 서울특별시 성북구 석관동, 서울특별시 성북구 월곡2동, 서울특별시 성북구 장위1동, 서울특별시 성북구 장위2동, 서울특별시 성북구 장위3동]","[1129072500:서울특별시 성북구 월곡2동, 1129077000:서울특별시 성북구 장위2동, 1129078000:서울특별시 성북구 장위3동, 1129081000:서울특별시 성북구 석관동]","[1123074000:서울특별시 동대문구 이문1동, 1123075000:서울특별시 동대문구 이문2동, 1129072500:서울특별시 성북구 월곡2동, 1129076000:서울특별시 성북구 장위1동, 1129077000:서울특별시 성북구 장위2동, 1129078000:서울특별시 성북구 장위3동, 1129081000:서울특별시 성북구 석관동, 1135056000:서울특별시 노원구 월계1동, 1135058000:서울특별시 노원구 월계3동]",ST000268
동구릉역,지하철,8호선,"[4131052000, 4131053000]","[경기도 구리시 동구동, 경기도 구리시 인창동]","[4131052000, 4131053000]","[경기도 구리시 동구동, 경기도 구리시 인창동]","[4131052000:경기도 구리시 동구동, 4131053000:경기도 구리시 인창동]","[4131052000:경기도 구리시 동구동, 4131053000:경기도 구리시 인창동]",ST000440
동구릉역,지하철,별내선,"[4131052000, 4131053000]","[경기도 구리시 동구동, 경기도 구리시 인창동]","[4131052000, 4131053000]","[경기도 구리시 동구동, 경기도 구리시 인창동]","[4131052000:경기도 구리시 동구동, 4131053000:경기도 구리시 인창동]","[4131052000:경기도 구리시 동구동, 4131053000:경기도 구리시 인창동]",ST000440
동대문역,지하철,1호선,"[1111063000, 1111067000, 1111068000, 1114059000, 1114060500, 1114061500]","[서울특별시 종로구 종로5·6가동, 서울특별시 종로구 창신1동, 서울특별시 종로구 창신2동, 서울특별시 중구 광희동, 서울특별시 중구 신당동, 서울특별시 중구 을지로동]","[1111061500, 1111063000, 1111064000, 1111067000, 1111068000, 1111069000, 1111070000, 1111071000, 1114058000, 1114059000, 1114060500, 1114061500, 1114062500, 1114065000, 1114066500, 1114067000]","[서울특별시 종로구 숭인1동, 서울특별시 종로구 숭인2동, 서울특별시 종로구 이화동, 서울특별시 종로구 종로1·2·3·4가동, 서울특별시 종로구 종로5·6가동, 서울특별시 종로구 창신1동, 서울특별시 종로구 창신2동, 서울특별시 종로구 창신3동, 서울특별시 중구 광희동, 서울특별시 중구 다산동, 서울특별시 중구 동화동, 서울특별시 중구 신당5동, 서울특별시 중구 신당동, 서울특별시 중구 을지로동, 서울특별시 중구 장충동, 서울특별시 중구 황학동]","[1111063000:서울특별시 종로구 종로5·6가동, 1111067000:서울특별시 종로구 창신1동, 1111068000:서울특별시 종로구 창신2동, 1114059000:서울특별시 중구 광희동, 1114060500:서울특별시 중구 을지로동, 1114061500:서울특별시 중구 신당동]","[1111061500:서울특별시 종로구 종로1·2·3·4가동, 1111063000:서울특별시 종로구 종로5·6가동, 1111064000:서울특별시 종로구 이화동, 1111067000:서울특별시 종로구 창신1동, 1111068000:서울특별시 종로구 창신2동, 1111069000:서울특별시 종로구 창신3동, 1111070000:서울특별시 종로구 숭인1동, 1111071000:서울특별시 종로구 숭인2동, 1114058000:서울특별시 중구 장충동, 1114059000:서울특별시 중구 광희동, 1114060500:서울특별시 중구 을지로동, 1114061500:서울특별시 중구 신당동, 1114062500:서울특별시 중구 다산동, 1114065000:서울특별시 중구 신당5동, 1114066500:서울특별시 중구 동화동, 1114067000:서울특별시 중구 황학동]",ST000099
동대문역,지하철,4호선,"[1111063000, 1111067000, 1111068000, 1114059000, 1114060500, 1114061500]","[서울특별시 종로구 종로5·6가동, 서울특별시 종로구 창신1동, 서울특별시 종로구 창신2동, 서울특별시 중구 광희동, 서울특별시 중구 신당동, 서울특별시 중구 을지로동]","[1111061500, 1111063000, 1111064000, 1111067000, 1111068000, 1111069000, 1111070000, 1111071000, 1114058000, 1114059000, 1114060500, 1114061500, 1114062500, 1114065000, 1114066500, 1114067000]","[서울특별시 종로구 숭인1동, 서울특별시 종로구 숭인2동, 서울특별시 종로구 이화동, 서울특별시 종로구 종로1·2·3·4가동, 서울특별시 종로구 종로5·6가동, 서울특별시 종로구 창신1동, 서울특별시 종로구 창신2동, 서울특별시 종로구 창신3동, 서울특별시 중구 광희동, 서울특별시 중구 다산동, 서울특별시 중구 동화동, 서울특별시 중구 신당5동, 서울특별시 중구 신당동, 서울특별시 중구 을지로동, 서울특별시 중구 장충동, 서울특별시 중구 황학동]","[1111063000:서울특별시 종로구 종로5·6가동, 1111067000:서울특별시 종로구 창신1동, 1111068000:서울특별시 종로구 창신2동, 1114059000:서울특별시 중구 광희동, 1114060500:서울특별시 중구 을지로동, 1114061500:서울특별시 중구 신당동]","[1111061500:서울특별시 종로구 종로1·2·3·4가동, 1111063000:서울특별시 종로구 종로5·6가동, 1111064000:서울특별시 종로구 이화동, 1111067000:서울특별시 종로구 창신1동, 1111068000:서울특별시 종로구 창신2동, 1111069000:서울특별시 종로구 창신3동, 1111070000:서울특별시 종로구 숭인1동, 1111071000:서울특별시 종로구 숭인2동, 1114058000:서울특별시 중구 장충동, 1114059000:서울특별시 중구 광희동, 1114060500:서울특별시 중구 을지로동, 1114061500:서울특별시 중구 신당동, 1114062500:서울특별시 중구 다산동, 1114065000:서울특별시 중구 신당5동, 1114066500:서울특별시 중구 동화동, 1114067000:서울특별시 중구 황학동]",ST000099
동대문역사문화공원역,지하철,2호선,"[1111063000, 1111067000, 1114058000, 1114059000, 1114060500, 1114061500, 1114062500]","[서울특별시 종로구 종로5·6가동, 서울특별시 종로구 창신1동, 서울특별시 중구 광희동, 서울특별시 중구 다산동, 서울특별시 중구 신당동, 서울특별시 중구 을지로동, 서울특별시 중구 장충동]","[1111061500, 1111063000, 1111067000, 1111068000, 1114057000, 1114058000, 1114059000, 1114060500, 1114061500, 1114062500, 1114064500, 1114065000, 1114066500, 1114067000]","[서울특별시 종로구 종로1·2·3·4가동, 서울특별시 종로구 종로5·6가동, 서울특별시 종로구 창신1동, 서울특별시 종로구 창신2동, 서울특별시 중구 광희동, 서울특별시 중구 다산동, 서울특별시 중구 동화동, 서울특별시 중구 신당5동, 서울특별시 중구 신당동, 서울특별시 중구 을지로동, 서울특별시 중구 장충동, 서울특별시 중구 청구동, 서울특별시 중구 필동, 서울특별시 중구 황학동]","[1111063000:서울특별시 종로구 종로5·6가동, 1111067000:서울특별시 종로구 창신1동, 1114058000:서울특별시 중구 장충동, 1114059000:서울특별시 중구 광희동, 1114060500:서울특별시 중구 을지로동, 1114061500:서울특별시 중구 신당동, 1114062500:서울특별시 중구 다산동]","[1111061500:서울특별시 종로구 종로1·2·3·4가동, 1111063000:서울특별시 종로구 종로5·6가동, 1111067000:서울특별시 종로구 창신1동, 1111068000:서울특별시 종로구 창신2동, 1114057000:서울특별시 중구 필동, 1114058000:서울특별시 중구 장충동, 1114059000:서울특별시 중구 광희동, 1114060500:서울특별시 중구 을지로동, 1114061500:서울특별시 중구 신당동, 1114062500:서울특별시 중구 다산동, 1114064500:서울특별시 중구 청구동, 1114065000:서울특별시 중구 신당5동, 1114066500:서울특별시 중구 동화동, 1114067000:서울특별시 중구 황학동]",ST000106
동대문역사문화공원역,지하철,4호선,"[1111063000, 1111067000, 1114058000, 1114059000, 1114060500, 1114061500, 1114062500]","[서울특별시 종로구 종로5·6가동, 서울특별시 종로구 창신1동, 서울특별시 중구 광희동, 서울특별시 중구 다산동, 서울특별시 중구 신당동, 서울특별시 중구 을지로동, 서울특별시 중구 장충동]","[1111061500, 1111063000, 1111067000, 1111068000, 1114057000, 1114058000, 1114059000, 1114060500, 1114061500, 1114062500, 1114064500, 1114065000, 1114066500, 1114067000]","[서울특별시 종로구 종로1·2·3·4가동, 서울특별시 종로구 종로5·6가동, 서울특별시 종로구 창신1동, 서울특별시 종로구 창신2동, 서울특별시 중구 광희동, 서울특별시 중구 다산동, 서울특별시 중구 동화동, 서울특별시 중구 신당5동, 서울특별시 중구 신당동, 서울특별시 중구 을지로동, 서울특별시 중구 장충동, 서울특별시 중구 청구동, 서울특별시 중구 필동, 서울특별시 중구 황학동]","[1111063000:서울특별시 종로구 종로5·6가동, 1111067000:서울특별시 종로구 창신1동, 1114058000:서울특별시 중구 장충동, 1114059000:서울특별시 중구 광희동, 1114060500:서울특별시 중구 을지로동, 1114061500:서울특별시 중구 신당동, 1114062500:서울특별시 중구 다산동]","[1111061500:서울특별시 종로구 종로1·2·3·4가동, 1111063000:서울특별시 종로구 종로5·6가동, 1111067000:서울특별시 종로구 창신1동, 1111068000:서울특별시 종로구 창신2동, 1114057000:서울특별시 중구 필동, 1114058000:서울특별시 중구 장충동, 1114059000:서울특별시 중구 광희동, 1114060500:서울특별시 중구 을지로동, 1114061500:서울특별시 중구 신당동, 1114062500:서울특별시 중구 다산동, 1114064500:서울특별시 중구 청구동, 1114065000:서울특별시 중구 신당5동, 1114066500:서울특별시 중구 동화동, 1114067000:서울특별시 중구 황학동]",ST000106
동대문역사문화공원역,지하철,5호선,"[1111063000, 1111067000, 1114058000, 1114059000, 1114060500, 1114061500, 1114062500]","[서울특별시 종로구 종로5·6가동, 서울특별시 종로구 창신1동, 서울특별시 중구 광희동, 서울특별시 중구 다산동, 서울특별시 중구 신당동, 서울특별시 중구 을지로동, 서울특별시 중구 장충동]","[1111061500, 1111063000, 1111067000, 1111068000, 1114057000, 1114058000, 1114059000, 1114060500, 1114061500, 1114062500, 1114064500, 1114065000, 1114066500, 1114067000]","[서울특별시 종로구 종로1·2·3·4가동, 서울특별시 종로구 종로5·6가동, 서울특별시 종로구 창신1동, 서울특별시 종로구 창신2동, 서울특별시 중구 광희동, 서울특별시 중구 다산동, 서울특별시 중구 동화동, 서울특별시 중구 신당5동, 서울특별시 중구 신당동, 서울특별시 중구 을지로동, 서울특별시 중구 장충동, 서울특별시 중구 청구동, 서울특별시 중구 필동, 서울특별시 중구 황학동]","[1111063000:서울특별시 종로구 종로5·6가동, 1111067000:서울특별시 종로구 창신1동, 1114058000:서울특별시 중구 장충동, 1114059000:서울특별시 중구 광희동, 1114060500:서울특별시 중구 을지로동, 1114061500:서울특별시 중구 신당동, 1114062500:서울특별시 중구 다산동]","[1111061500:서울특별시 종로구 종로1·2·3·4가동, 1111063000:서울특별시 종로구 종로5·6가동, 1111067000:서울특별시 종로구 창신1동, 1111068000:서울특별시 종로구 창신2동, 1114057000:서울특별시 중구 필동, 1114058000:서울특별시 중구 장충동, 1114059000:서울특별시 중구 광희동, 1114060500:서울특별시 중구 을지로동, 1114061500:서울특별시 중구 신당동, 1114062500:서울특별시 중구 다산동, 1114064500:서울특별시 중구 청구동, 1114065000:서울특별시 중구 신당5동, 1114066500:서울특별시 중구 동화동, 1114067000:서울특별시 중구 황학동]",ST000106
동대입구역,지하철,3호선,"[1114057000, 1114058000, 1114059000, 1114062500]","[서울특별시 중구 광희동, 서울특별시 중구 다산동, 서울특별시 중구 장충동, 서울특별시 중구 필동]","[1114057000, 1114058000, 1114059000, 1114060500, 1114061500, 1114062500, 1114063500, 1114064500, 1114066500, 1117068500]","[서울특별시 용산구 한남동, 서울특별시 중구 광희동, 서울특별시 중구 다산동, 서울특별시 중구 동화동, 서울특별시 중구 신당동, 서울특별시 중구 약수동, 서울특별시 중구 을지로동, 서울특별시 중구 장충동, 서울특별시 중구 청구동, 서울특별시 중구 필동]","[1114057000:서울특별시 중구 필동, 1114058000:서울특별시 중구 장충동, 1114059000:서울특별시 중구 광희동, 1114062500:서울특별시 중구 다산동]","[1114057000:서울특별시 중구 필동, 1114058000:서울특별시 중구 장충동, 1114059000:서울특별시 중구 광희동, 1114060500:서울특별시 중구 을지로동, 1114061500:서울특별시 중구 신당동, 1114062500:서울특별시 중구 다산동, 1114063500:서울특별시 중구 약수동, 1114064500:서울특별시 중구 청구동, 1114066500:서울특별시 중구 동화동, 1117068500:서울특별시 용산구 한남동]",ST000162
동두천역,지하철,1호선,"[4125055000, 4125058000]","[경기도 동두천시 보산동, 경기도 동두천시 소요동]","[4125055000, 4125058000, 4125060000]","[경기도 동두천시 보산동, 경기도 동두천시 상패동, 경기도 동두천시 소요동]","[4125055000:경기도 동두천시 보산동, 4125058000:경기도 동두천시 소요동]","[4125055000:경기도 동두천시 보산동, 4125058000:경기도 동두천시 소요동, 4125060000:경기도 동두천시 상패동]",ST000459
동두천중앙역,지하철,1호선,"[4125051000, 4125052000, 4125053500, 4125056500]","[경기도 동두천시 불현동, 경기도 동두천시 생연1동, 경기도 동두천시 생연2동, 경기도 동두천시 중앙동]","[4125051000, 4125052000, 4125053500, 4125056500, 4125056600, 4125060000]","[경기도 동두천시 불현동, 경기도 동두천시 상패동, 경기도 동두천시 생연1동, 경기도 동두천시 생연2동, 경기도 동두천시 송내동, 경기도 동두천시 중앙동]","[4125051000:경기도 동두천시 생연1동, 4125052000:경기도 동두천시 생연2동, 4125053500:경기도 동두천시 중앙동, 4125056500:경기도 동두천시 불현동]","[4125051000:경기도 동두천시 생연1동, 4125052000:경기도 동두천시 생연2동, 4125053500:경기도 동두천시 중앙동, 4125056500:경기도 동두천시 불현동, 4125056600:경기도 동두천시 송내동, 4125060000:경기도 동두천시 상패동]",ST000461
동막역,지하철,인천1호선,"[2818579000, 2820071000]","[인천광역시 남동구 논현고잔동, 인천광역시 연수구 동춘2동]","[2818578000, 2818579000, 2818579500, 2818582000, 2818584000, 2820071000]","[인천광역시 남동구 논현고잔동, 인천광역시 연수구 동춘1동, 인천광역시 연수구 동춘2동, 인천광역시 연수구 동춘3동, 인천광역시 연수구 송도1동, 인천광역시 연수구 송도3동]","[2818579000:인천광역시 연수구 동춘2동, 2820071000:인천광역시 남동구 논현고잔동]","[2818578000:인천광역시 연수구 동춘1동, 2818579000:인천광역시 연수구 동춘2동, 2818579500:인천광역시 연수구 동춘3동, 2818582000:인천광역시 연수구 송도1동, 2818584000:인천광역시 연수구 송도3동, 2820071000:인천광역시 남동구 논현고잔동]",ST000061
동묘앞역,지하철,1호선,"[1111067000, 1111068000, 1111069000, 1111070000, 1111071000, 1114061500, 1114067000]","[서울특별시 종로구 숭인1동, 서울특별시 종로구 숭인2동, 서울특별시 종로구 창신1동, 서울특별시 종로구 창신2동, 서울특별시 종로구 창신3동, 서울특별시 중구 신당동, 서울특별시 중구 황학동]","[1111063000, 1111064000, 1111067000, 1111068000, 1111069000, 1111070000, 1111071000, 1114059000, 1114060500, 1114061500, 1114065000, 1114067000, 1120053500, 1123053600, 1129055500, 1129060000, 1129061000]","[서울특별시 동대문구 용신동, 서울특별시 성동구 왕십리도선동, 서울특별시 성북구 보문동, 서울특별시 성북구 삼선동, 서울특별시 성북구 안암동, 서울특별시 종로구 숭인1동, 서울특별시 종로구 숭인2동, 서울특별시 종로구 이화동, 서울특별시 종로구 종로5·6가동, 서울특별시 종로구 창신1동, 서울특별시 종로구 창신2동, 서울특별시 종로구 창신3동, 서울특별시 중구 광희동, 서울특별시 중구 신당5동, 서울특별시 중구 신당동, 서울특별시 중구 을지로동, 서울특별시 중구 황학동]","[1111067000:서울특별시 종로구 창신1동, 1111068000:서울특별시 종로구 창신2동, 1111069000:서울특별시 종로구 창신3동, 1111070000:서울특별시 종로구 숭인1동, 1111071000:서울특별시 종로구 숭인2동, 1114061500:서울특별시 중구 신당동, 1114067000:서울특별시 중구 황학동]","[1111063000:서울특별시 종로구 종로5·6가동, 1111064000:서울특별시 종로구 이화동, 1111067000:서울특별시 종로구 창신1동, 1111068000:서울특별시 종로구 창신2동, 1111069000:서울특별시 종로구 창신3동, 1111070000:서울특별시 종로구 숭인1동, 1111071000:서울특별시 종로구 숭인2동, 1114059000:서울특별시 중구 광희동, 1114060500:서울특별시 중구 을지로동, 1114061500:서울특별시 중구 신당동, 1114065000:서울특별시 중구 신당5동, 1114067000:서울특별시 중구 황학동, 1120053500:서울특별시 성동구 왕십리도선동, 1123053600:서울특별시 동대문구 용신동, 1129055500:서울특별시 성북구 삼선동, 1129060000:서울특별시 성북구 안암동, 1129061000:서울특별시 성북구 보문동]",ST000100
동묘앞역,지하철,6호선,"[1111067000, 1111068000, 1111069000, 1111070000, 1111071000, 1114061500, 1114067000]","[서울특별시 종로구 숭인1동, 서울특별시 종로구 숭인2동, 서울특별시 종로구 창신1동, 서울특별시 종로구 창신2동, 서울특별시 종로구 창신3동, 서울특별시 중구 신당동, 서울특별시 중구 황학동]","[1111063000, 1111064000, 1111067000, 1111068000, 1111069000, 1111070000, 1111071000, 1114059000, 1114060500, 1114061500, 1114065000, 1114067000, 1120053500, 1123053600, 1129055500, 1129060000, 1129061000]","[서울특별시 동대문구 용신동, 서울특별시 성동구 왕십리도선동, 서울특별시 성북구 보문동, 서울특별시 성북구 삼선동, 서울특별시 성북구 안암동, 서울특별시 종로구 숭인1동, 서울특별시 종로구 숭인2동, 서울특별시 종로구 이화동, 서울특별시 종로구 종로5·6가동, 서울특별시 종로구 창신1동, 서울특별시 종로구 창신2동, 서울특별시 종로구 창신3동, 서울특별시 중구 광희동, 서울특별시 중구 신당5동, 서울특별시 중구 신당동, 서울특별시 중구 을지로동, 서울특별시 중구 황학동]","[1111067000:서울특별시 종로구 창신1동, 1111068000:서울특별시 종로구 창신2동, 1111069000:서울특별시 종로구 창신3동, 1111070000:서울특별시 종로구 숭인1동, 1111071000:서울특별시 종로구 숭인2동, 1114061500:서울특별시 중구 신당동, 1114067000:서울특별시 중구 황학동]","[1111063000:서울특별시 종로구 종로5·6가동, 1111064000:서울특별시 종로구 이화동, 1111067000:서울특별시 종로구 창신1동, 1111068000:서울특별시 종로구 창신2동, 1111069000:서울특별시 종로구 창신3동, 1111070000:서울특별시 종로구 숭인1동, 1111071000:서울특별시 종로구 숭인2동, 1114059000:서울특별시 중구 광희동, 1114060500:서울특별시 중구 을지로동, 1114061500:서울특별시 중구 신당동, 1114065000:서울특별시 중구 신당5동, 1114067000:서울특별시 중구 황학동, 1120053500:서울특별시 성동구 왕십리도선동, 1123053600:서울특별시 동대문구 용신동, 1129055500:서울특별시 성북구 삼선동, 1129060000:서울특별시 성북구 안암동, 1129061000:서울특별시 성북구 보문동]",ST000100
동백역,지하철,에버라인,"[4146358500, 4146358600]","[경기도 용인시기흥구 동백동, 경기도 용인시기흥구 상하동]","[4146358500, 4146358600]","[경기도 용인시기흥구 동백동, 경기도 용인시기흥구 상하동]","[4146358500:경기도 용인시기흥구 동백동, 4146358600:경기도 용인시기흥구 상하동]","[4146358500:경기도 용인시기흥구 동백동, 4146358600:경기도 용인시기흥구 상하동]",ST000396
동수역,지하철,인천1호선,"[2823751000, 2823752000, 2823753000, 2823756000]","[인천광역시 부평구 부평1동, 인천광역시 부평구 부평2동, 인천광역시 부평구 부평3동, 인천광역시 부평구 부평6동]","[2820055000, 2823751000, 2823752000, 2823753000, 2823755000, 2823756000, 2823758100]","[인천광역시 남동구 간석3동, 인천광역시 부평구 부평1동, 인천광역시 부평구 부평2동, 인천광역시 부평구 부평3동, 인천광역시 부평구 부평5동, 인천광역시 부평구 부평6동, 인천광역시 부평구 산곡3동]","[2823751000:인천광역시 부평구 부평1동, 2823752000:인천광역시 부평구 부평2동, 2823753000:인천광역시 부평구 부평3동, 2823756000:인천광역시 부평구 부평6동]","[2820055000:인천광역시 남동구 간석3동, 2823751000:인천광역시 부평구 부평1동, 2823752000:인천광역시 부평구 부평2동, 2823753000:인천광역시 부평구 부평3동, 2823755000:인천광역시 부평구 부평5동, 2823756000:인천광역시 부평구 부평6동, 2823758100:인천광역시 부평구 산곡3동]",ST000052
동암역,지하철,1호선,"[2820055000, 2820055100, 2823769000]","[인천광역시 남동구 간석3동, 인천광역시 남동구 간석4동, 인천광역시 부평구 십정2동]","[2820053000, 2820054000, 2820055000, 2820055100, 2823753000, 2823768000, 2823769000]","[인천광역시 남동구 간석1동, 인천광역시 남동구 간석2동, 인천광역시 남동구 간석3동, 인천광역시 남동구 간석4동, 인천광역시 부평구 부평3동, 인천광역시 부평구 십정1동, 인천광역시 부평구 십정2동]","[2820055000:인천광역시 남동구 간석3동, 2820055100:인천광역시 남동구 간석4동, 2823769000:인천광역시 부평구 십정2동]","[2820053000:인천광역시 남동구 간석1동, 2820054000:인천광역시 남동구 간석2동, 2820055000:인천광역시 남동구 간석3동, 2820055100:인천광역시 남동구 간석4동, 2823753000:인천광역시 부평구 부평3동, 2823768000:인천광역시 부평구 십정1동, 2823769000:인천광역시 부평구 십정2동]",ST000517
동오역,지하철,의정부,"[4115051000, 4115056800, 4115058000]","[경기도 의정부시 신곡2동, 경기도 의정부시 의정부1동, 경기도 의정부시 자금동]","[4115051000, 4115053000, 4115056700, 4115056800, 4115058000]","[경기도 의정부시 신곡1동, 경기도 의정부시 신곡2동, 경기도 의정부시 의정부1동, 경기도 의정부시 의정부3동, 경기도 의정부시 자금동]","[4115051000:경기도 의정부시 의정부1동, 4115056800:경기도 의정부시 신곡2동, 4115058000:경기도 의정부시 자금동]","[4115051000:경기도 의정부시 의정부1동, 4115053000:경기도 의정부시 의정부3동, 4115056700:경기도 의정부시 신곡1동, 4115056800:경기도 의정부시 신곡2동, 4115058000:경기도 의정부시 자금동]",ST000378
동인천역,지하철,1호선,"[2811053000, 2811057000, 2811058500, 2814052500, 2814053000, 2814055500, 2814058000, 2814064000]","[인천광역시 동구 금창동, 인천광역시 동구 송림1동, 인천광역시 동구 송현1·2동, 인천광역시 동구 화수1·화평동, 인천광역시 동구 화수2동, 인천광역시 중구 동인천동, 인천광역시 중구 신포동, 인천광역시 중구 율목동]","[2811053000, 2811054000, 2811056000, 2811057000, 2811058500, 2811060000, 2811061000, 2814051000, 2814052500, 2814053000, 2814055500, 2814057000, 2814058000, 2814059000, 2814064000]","[인천광역시 동구 금창동, 인천광역시 동구 만석동, 인천광역시 동구 송림1동, 인천광역시 동구 송림2동, 인천광역시 동구 송현1·2동, 인천광역시 동구 송현3동, 인천광역시 동구 화수1·화평동, 인천광역시 동구 화수2동, 인천광역시 중구 도원동, 인천광역시 중구 동인천동, 인천광역시 중구 북성동, 인천광역시 중구 송월동, 인천광역시 중구 신포동, 인천광역시 중구 신흥동, 인천광역시 중구 율목동]","[2811053000:인천광역시 중구 신포동, 2811057000:인천광역시 중구 율목동, 2811058500:인천광역시 중구 동인천동, 2814052500:인천광역시 동구 화수1·화평동, 2814053000:인천광역시 동구 화수2동, 2814055500:인천광역시 동구 송현1·2동, 2814058000:인천광역시 동구 송림1동, 2814064000:인천광역시 동구 금창동]","[2811053000:인천광역시 중구 신포동, 2811054000:인천광역시 중구 신흥동, 2811056000:인천광역시 중구 도원동, 2811057000:인천광역시 중구 율목동, 2811058500:인천광역시 중구 동인천동, 2811060000:인천광역시 중구 북성동, 2811061000:인천광역시 중구 송월동, 2814051000:인천광역시 동구 만석동, 2814052500:인천광역시 동구 화수1·화평동, 2814053000:인천광역시 동구 화수2동, 2814055500:인천광역시 동구 송현1·2동, 2814057000:인천광역시 동구 송현3동, 2814058000:인천광역시 동구 송림1동, 2814059000:인천광역시 동구 송림2동, 2814064000:인천광역시 동구 금창동]",ST000515
동작역,지하철,4호선,"[1159063000, 1165055000]","[서울특별시 동작구 사당2동, 서울특별시 서초구 반포본동]","[1117063000, 1159060500, 1159063000, 1165055000, 1165057000, 1165059000]","[서울특별시 동작구 사당2동, 서울특별시 동작구 흑석동, 서울특별시 서초구 반포2동, 서울특별시 서초구 반포본동, 서울특별시 서초구 방배본동, 서울특별시 용산구 이촌1동]","[1159063000:서울특별시 동작구 사당2동, 1165055000:서울특별시 서초구 반포본동]","[1117063000:서울특별시 용산구 이촌1동, 1159060500:서울특별시 동작구 흑석동, 1159063000:서울특별시 동작구 사당2동, 1165055000:서울특별시 서초구 반포본동, 1165057000:서울특별시 서초구 반포2동, 1165059000:서울특별시 서초구 방배본동]",ST000033
동작역,지하철,9호선,"[1159063000, 1165055000]","[서울특별시 동작구 사당2동, 서울특별시 서초구 반포본동]","[1117063000, 1159060500, 1159063000, 1165055000, 1165057000, 1165059000]","[서울특별시 동작구 사당2동, 서울특별시 동작구 흑석동, 서울특별시 서초구 반포2동, 서울특별시 서초구 반포본동, 서울특별시 서초구 방배본동, 서울특별시 용산구 이촌1동]","[1159063000:서울특별시 동작구 사당2동, 1165055000:서울특별시 서초구 반포본동]","[1117063000:서울특별시 용산구 이촌1동, 1159060500:서울특별시 동작구 흑석동, 1159063000:서울특별시 동작구 사당2동, 1165055000:서울특별시 서초구 반포본동, 1165057000:서울특별시 서초구 반포2동, 1165059000:서울특별시 서초구 방배본동]",ST000033
동천역,지하철,신분당선,"[4113566500, 4113567000, 4146555000, 4146556000]","[경기도 성남시분당구 구미1동, 경기도 성남시분당구 구미동, 경기도 용인시수지구 동천동, 경기도 용인시수지구 죽전2동]","[4113566200, 4113566500, 4113567000, 4146551000, 4146554000, 4146555000, 4146556000]","[경기도 성남시분당구 구미1동, 경기도 성남시분당구 구미동, 경기도 성남시분당구 금곡동, 경기도 용인시수지구 동천동, 경기도 용인시수지구 죽전1동, 경기도 용인시수지구 죽전2동, 경기도 용인시수지구 풍덕천1동]","[4113566500:경기도 성남시분당구 구미1동, 4113567000:경기도 성남시분당구 구미동, 4146555000:경기도 용인시수지구 죽전2동, 4146556000:경기도 용인시수지구 동천동]","[4113566200:경기도 성남시분당구 금곡동, 4113566500:경기도 성남시분당구 구미1동, 4113567000:경기도 성남시분당구 구미동, 4146551000:경기도 용인시수지구 풍덕천1동, 4146554000:경기도 용인시수지구 죽전1동, 4146555000:경기도 용인시수지구 죽전2동, 4146556000:경기도 용인시수지구 동천동]",ST000410
동춘역,지하철,인천1호선,"[2818576200, 2818579000, 2818579500, 2820071000]","[인천광역시 남동구 논현고잔동, 인천광역시 연수구 동춘2동, 인천광역시 연수구 동춘3동, 인천광역시 연수구 연수2동]","[2818576200, 2818579000, 2818579500, 2820070000, 2820071000]","[인천광역시 남동구 논현2동, 인천광역시 남동구 논현고잔동, 인천광역시 연수구 동춘2동, 인천광역시 연수구 동춘3동, 인천광역시 연수구 연수2동]","[2818576200:인천광역시 연수구 연수2동, 2818579000:인천광역시 연수구 동춘2동, 2818579500:인천광역시 연수구 동춘3동, 2820071000:인천광역시 남동구 논현고잔동]","[2818576200:인천광역시 연수구 연수2동, 2818579000:인천광역시 연수구 동춘2동, 2818579500:인천광역시 연수구 동춘3동, 2820070000:인천광역시 남동구 논현2동, 2820071000:인천광역시 남동구 논현고잔동]",ST000060
동탄역,광역급행철도,GTXA,[4159058800],[경기도 화성시 동탄4동],"[4159058500, 4159058800]","[경기도 화성시 동탄1동, 경기도 화성시 동탄4동]",[4159058800:경기도 화성시 동탄4동],"[4159058500:경기도 화성시 동탄1동, 4159058800:경기도 화성시 동탄4동]",GTX_동탄_GTXA
둔전역,지하철,에버라인,"[4146125000, 4146153000]","[경기도 용인시처인구 유림동, 경기도 용인시처인구 포곡읍]","[4146125000, 4146153000]","[경기도 용인시처인구 유림동, 경기도 용인시처인구 포곡읍]","[4146125000:경기도 용인시처인구 포곡읍, 4146153000:경기도 용인시처인구 유림동]","[4146125000:경기도 용인시처인구 포곡읍, 4146153000:경기도 용인시처인구 유림동]",ST000387
둔촌동역,지하철,5호선,"[1174064000, 1174065000, 1174066000, 1174069000, 1174070000]","[서울특별시 강동구 둔촌1동, 서울특별시 강동구 둔촌2동, 서울특별시 강동구 성내1동, 서울특별시 강동구 성내2동, 서울특별시 강동구 성내3동]","[1171056600, 1174062000, 1174064000, 1174065000, 1174066000, 1174068500, 1174069000, 1174070000]","[서울특별시 강동구 길동, 서울특별시 강동구 둔촌1동, 서울특별시 강동구 둔촌2동, 서울특별시 강동구 성내1동, 서울특별시 강동구 성내2동, 서울특별시 강동구 성내3동, 서울특별시 강동구 천호3동, 서울특별시 송파구 오륜동]","[1174064000:서울특별시 강동구 성내1동, 1174065000:서울특별시 강동구 성내2동, 1174066000:서울특별시 강동구 성내3동, 1174069000:서울특별시 강동구 둔촌1동, 1174070000:서울특별시 강동구 둔촌2동]","[1171056600:서울특별시 송파구 오륜동, 1174062000:서울특별시 강동구 천호3동, 1174064000:서울특별시 강동구 성내1동, 1174065000:서울특별시 강동구 성내2동, 1174066000:서울특별시 강동구 성내3동, 1174068500:서울특별시 강동구 길동, 1174069000:서울특별시 강동구 둔촌1동, 1174070000:서울특별시 강동구 둔촌2동]",ST000234
둔촌오륜역,지하철,9호선,"[1171056600, 1174066000, 1174069000]","[서울특별시 강동구 둔촌1동, 서울특별시 강동구 성내3동, 서울특별시 송파구 오륜동]","[1171056600, 1174066000, 1174069000, 1174070000, 4145058000]","[경기도 하남시 감북동, 서울특별시 강동구 둔촌1동, 서울특별시 강동구 둔촌2동, 서울특별시 강동구 성내3동, 서울특별시 송파구 오륜동]","[1171056600:서울특별시 송파구 오륜동, 1174066000:서울특별시 강동구 성내3동, 1174069000:서울특별시 강동구 둔촌1동]","[1171056600:서울특별시 송파구 오륜동, 1174066000:서울특별시 강동구 성내3동, 1174069000:서울특별시 강동구 둔촌1동, 1174070000:서울특별시 강동구 둔촌2동, 4145058000:경기도 하남시 감북동]",ST000415
등촌역,지하철,9호선,"[1147053000, 1150051000, 1150052000, 1150053000]","[서울특별시 강서구 등촌1동, 서울특별시 강서구 등촌2동, 서울특별시 강서구 염창동, 서울특별시 양천구 목3동]","[1147052000, 1147053000, 1150051000, 1150052000, 1150053000, 1150059100, 1150060500]","[서울특별시 강서구 가양3동, 서울특별시 강서구 등촌1동, 서울특별시 강서구 등촌2동, 서울특별시 강서구 염창동, 서울특별시 강서구 화곡6동, 서울특별시 양천구 목2동, 서울특별시 양천구 목3동]","[1147053000:서울특별시 양천구 목3동, 1150051000:서울특별시 강서구 염창동, 1150052000:서울특별시 강서구 등촌1동, 1150053000:서울특별시 강서구 등촌2동]","[1147052000:서울특별시 양천구 목2동, 1147053000:서울특별시 양천구 목3동, 1150051000:서울특별시 강서구 염창동, 1150052000:서울특별시 강서구 등촌1동, 1150053000:서울특별시 강서구 등촌2동, 1150059100:서울특별시 강서구 화곡6동, 1150060500:서울특별시 강서구 가양3동]",ST000022
디지털미디어시티역,지하철,6호선,"[1138064000, 1138065000, 1144074000]","[서울특별시 마포구 상암동, 서울특별시 은평구 수색동, 서울특별시 은평구 증산동]","[1138064000, 1138065000, 1141071000, 1141072000, 1144073000, 1144074000]","[서울특별시 마포구 상암동, 서울특별시 마포구 성산2동, 서울특별시 서대문구 북가좌1동, 서울특별시 서대문구 북가좌2동, 서울특별시 은평구 수색동, 서울특별시 은평구 증산동]","[1138064000:서울특별시 은평구 증산동, 1138065000:서울특별시 은평구 수색동, 1144074000:서울특별시 마포구 상암동]","[1138064000:서울특별시 은평구 증산동, 1138065000:서울특별시 은평구 수색동, 1141071000:서울특별시 서대문구 북가좌1동, 1141072000:서울특별시 서대문구 북가좌2동, 1144073000:서울특별시 마포구 성산2동, 1144074000:서울특별시 마포구 상암동]",ST000251
디지털미디어시티역,지하철,경의중앙선,"[1138064000, 1138065000, 1144074000]","[서울특별시 마포구 상암동, 서울특별시 은평구 수색동, 서울특별시 은평구 증산동]","[1138064000, 1138065000, 1141071000, 1141072000, 1144073000, 1144074000]","[서울특별시 마포구 상암동, 서울특별시 마포구 성산2동, 서울특별시 서대문구 북가좌1동, 서울특별시 서대문구 북가좌2동, 서울특별시 은평구 수색동, 서울특별시 은평구 증산동]","[1138064000:서울특별시 은평구 증산동, 1138065000:서울특별시 은평구 수색동, 1144074000:서울특별시 마포구 상암동]","[1138064000:서울특별시 은평구 증산동, 1138065000:서울특별시 은평구 수색동, 1141071000:서울특별시 서대문구 북가좌1동, 1141072000:서울특별시 서대문구 북가좌2동, 1144073000:서울특별시 마포구 성산2동, 1144074000:서울특별시 마포구 상암동]",ST000251
디지털미디어시티역,지하철,공항철도,"[1138064000, 1138065000, 1144074000]","[서울특별시 마포구 상암동, 서울특별시 은평구 수색동, 서울특별시 은평구 증산동]","[1138064000, 1138065000, 1141071000, 1141072000, 1144073000, 1144074000]","[서울특별시 마포구 상암동, 서울특별시 마포구 성산2동, 서울특별시 서대문구 북가좌1동, 서울특별시 서대문구 북가좌2동, 서울특별시 은평구 수색동, 서울특별시 은평구 증산동]","[1138064000:서울특별시 은평구 증산동, 1138065000:서울특별시 은평구 수색동, 1144074000:서울특별시 마포구 상암동]","[1138064000:서울특별시 은평구 증산동, 1138065000:서울특별시 은평구 수색동, 1141071000:서울특별시 서대문구 북가좌1동, 1141072000:서울특별시 서대문구 북가좌2동, 1144073000:서울특별시 마포구 성산2동, 1144074000:서울특별시 마포구 상암동]",ST000251
뚝섬역,지하철,2호선,"[1120065000, 1120066000, 1120069000]","[서울특별시 성동구 성수1가1동, 서울특별시 성동구 성수1가2동, 서울특별시 성동구 성수2가3동]","[1120055000, 1120058000, 1120065000, 1120066000, 1120067000, 1120069000, 1120072000, 1120079000]","[서울특별시 성동구 사근동, 서울특별시 성동구 성수1가1동, 서울특별시 성동구 성수1가2동, 서울특별시 성동구 성수2가1동, 서울특별시 성동구 성수2가3동, 서울특별시 성동구 송정동, 서울특별시 성동구 용답동, 서울특별시 성동구 응봉동]","[1120065000:서울특별시 성동구 성수1가1동, 1120066000:서울특별시 성동구 성수1가2동, 1120069000:서울특별시 성동구 성수2가3동]","[1120055000:서울특별시 성동구 사근동, 1120058000:서울특별시 성동구 응봉동, 1120065000:서울특별시 성동구 성수1가1동, 1120066000:서울특별시 성동구 성수1가2동, 1120067000:서울특별시 성동구 성수2가1동, 1120069000:서울특별시 성동구 성수2가3동, 1120072000:서울특별시 성동구 송정동, 1120079000:서울특별시 성동구 용답동]",ST000111
뚝섬유원지역,지하철,7호선,"[1121584000, 1121584700]","[서울특별시 광진구 자양3동, 서울특별시 광진구 자양4동]","[1120067000, 1121571000, 1121582000, 1121583000, 1121584000, 1121584700, 1168056500, 1168058000, 1171067000]","[서울특별시 강남구 삼성1동, 서울특별시 강남구 청담동, 서울특별시 광진구 자양1동, 서울특별시 광진구 자양2동, 서울특별시 광진구 자양3동, 서울특별시 광진구 자양4동, 서울특별시 광진구 화양동, 서울특별시 성동구 성수2가1동, 서울특별시 송파구 잠실2동]","[1121584000:서울특별시 광진구 자양3동, 1121584700:서울특별시 광진구 자양4동]","[1120067000:서울특별시 성동구 성수2가1동, 1121571000:서울특별시 광진구 화양동, 1121582000:서울특별시 광진구 자양1동, 1121583000:서울특별시 광진구 자양2동, 1121584000:서울특별시 광진구 자양3동, 1121584700:서울특별시 광진구 자양4동, 1168056500:서울특별시 강남구 청담동, 1168058000:서울특별시 강남구 삼성1동, 1171067000:서울특별시 송파구 잠실2동]",ST000290
마곡나루역,지하철,9호선,"[1150060300, 1150062000, 1150063000]","[서울특별시 강서구 가양1동, 서울특별시 강서구 공항동, 서울특별시 강서구 방화1동]","[1150060300, 1150061100, 1150062000, 1150063000]","[서울특별시 강서구 가양1동, 서울특별시 강서구 공항동, 서울특별시 강서구 발산1동, 서울특별시 강서구 방화1동]","[1150060300:서울특별시 강서구 가양1동, 1150062000:서울특별시 강서구 공항동, 1150063000:서울특별시 강서구 방화1동]","[1150060300:서울특별시 강서구 가양1동, 1150061100:서울특별시 강서구 발산1동, 1150062000:서울특별시 강서구 공항동, 1150063000:서울특별시 강서구 방화1동]",ST000018
마곡나루역,지하철,공항철도,"[1150060300, 1150062000, 1150063000]","[서울특별시 강서구 가양1동, 서울특별시 강서구 공항동, 서울특별시 강서구 방화1동]","[1150060300, 1150061100, 1150062000, 1150063000]","[서울특별시 강서구 가양1동, 서울특별시 강서구 공항동, 서울특별시 강서구 발산1동, 서울특별시 강서구 방화1동]","[1150060300:서울특별시 강서구 가양1동, 1150062000:서울특별시 강서구 공항동, 1150063000:서울특별시 강서구 방화1동]","[1150060300:서울특별시 강서구 가양1동, 1150061100:서울특별시 강서구 발산1동, 1150062000:서울특별시 강서구 공항동, 1150063000:서울특별시 강서구 방화1동]",ST000018
마곡역,지하철,5호선,"[1150060300, 1150061100, 1150062000, 1150063000]","[서울특별시 강서구 가양1동, 서울특별시 강서구 공항동, 서울특별시 강서구 발산1동, 서울특별시 강서구 방화1동]","[1150060300, 1150061100, 1150062000, 1150063000]","[서울특별시 강서구 가양1동, 서울특별시 강서구 공항동, 서울특별시 강서구 발산1동, 서울특별시 강서구 방화1동]","[1150060300:서울특별시 강서구 가양1동, 1150061100:서울특별시 강서구 발산1동, 1150062000:서울특별시 강서구 공항동, 1150063000:서울특별시 강서구 방화1동]","[1150060300:서울특별시 강서구 가양1동, 1150061100:서울특별시 강서구 발산1동, 1150062000:서울특별시 강서구 공항동, 1150063000:서울특별시 강서구 방화1동]",ST000202
마두역,지하철,일산선,"[4128556000, 4128557000, 4128559000]","[경기도 고양시일산동구 마두1동, 경기도 고양시일산동구 마두2동, 경기도 고양시일산동구 장항2동]","[4128555100, 4128555200, 4128556000, 4128557000, 4128558000, 4128559000]","[경기도 고양시일산동구 마두1동, 경기도 고양시일산동구 마두2동, 경기도 고양시일산동구 백석1동, 경기도 고양시일산동구 백석2동, 경기도 고양시일산동구 장항1동, 경기도 고양시일산동구 장항2동]","[4128556000:경기도 고양시일산동구 마두1동, 4128557000:경기도 고양시일산동구 마두2동, 4128559000:경기도 고양시일산동구 장항2동]","[4128555100:경기도 고양시일산동구 백석1동, 4128555200:경기도 고양시일산동구 백석2동, 4128556000:경기도 고양시일산동구 마두1동, 4128557000:경기도 고양시일산동구 마두2동, 4128558000:경기도 고양시일산동구 장항1동, 4128559000:경기도 고양시일산동구 장항2동]",ST000449
마들역,지하철,7호선,"[1135070000, 1135071000, 1135072000]","[서울특별시 노원구 상계10동, 서울특별시 노원구 상계8동, 서울특별시 노원구 상계9동]","[1132051400, 1132052200, 1132069000, 1135063000, 1135064000, 1135066500, 1135067000, 1135070000, 1135071000, 1135072000]","[서울특별시 노원구 상계10동, 서울특별시 노원구 상계1동, 서울특별시 노원구 상계2동, 서울특별시 노원구 상계3·4동, 서울특별시 노원구 상계5동, 서울특별시 노원구 상계8동, 서울특별시 노원구 상계9동, 서울특별시 도봉구 도봉2동, 서울특별시 도봉구 방학1동, 서울특별시 도봉구 창4동]","[1135070000:서울특별시 노원구 상계8동, 1135071000:서울특별시 노원구 상계9동, 1135072000:서울특별시 노원구 상계10동]","[1132051400:서울특별시 도봉구 창4동, 1132052200:서울특별시 도봉구 도봉2동, 1132069000:서울특별시 도봉구 방학1동, 1135063000:서울특별시 노원구 상계1동, 1135064000:서울특별시 노원구 상계2동, 1135066500:서울특별시 노원구 상계3·4동, 1135067000:서울특별시 노원구 상계5동, 1135070000:서울특별시 노원구 상계8동, 1135071000:서울특별시 노원구 상계9동, 1135072000:서울특별시 노원구 상계10동]",ST000277
마산역,지하철,김포골드라인,[4157057000],[경기도 김포시 구래동],"[2826064000, 4157025600, 4157052000, 4157057000]","[경기도 김포시 구래동, 경기도 김포시 김포2동, 경기도 김포시 양촌읍, 인천광역시 서구 검단2동]",[4157057000:경기도 김포시 구래동],"[2826064000:인천광역시 서구 검단2동, 4157025600:경기도 김포시 양촌읍, 4157052000:경기도 김포시 김포2동, 4157057000:경기도 김포시 구래동]",ST000356
마석역,지하철,경춘선,[4136025600],[경기도 남양주시 화도읍],[4136025600],[경기도 남양주시 화도읍],[4136025600:경기도 남양주시 화도읍],[4136025600:경기도 남양주시 화도읍],ST000599
마장역,지하철,5호선,"[1120054000, 1120055000, 1120056000, 1120079000]","[서울특별시 성동구 마장동, 서울특별시 성동구 사근동, 서울특별시 성동구 용답동, 서울특별시 성동구 행당1동]","[1120052000, 1120053500, 1120054000, 1120055000, 1120056000, 1120079000, 1123053600, 1123056000, 1123060000]","[서울특별시 동대문구 답십리1동, 서울특별시 동대문구 용신동, 서울특별시 동대문구 전농1동, 서울특별시 성동구 마장동, 서울특별시 성동구 사근동, 서울특별시 성동구 왕십리2동, 서울특별시 성동구 왕십리도선동, 서울특별시 성동구 용답동, 서울특별시 성동구 행당1동]","[1120054000:서울특별시 성동구 마장동, 1120055000:서울특별시 성동구 사근동, 1120056000:서울특별시 성동구 행당1동, 1120079000:서울특별시 성동구 용답동]","[1120052000:서울특별시 성동구 왕십리2동, 1120053500:서울특별시 성동구 왕십리도선동, 1120054000:서울특별시 성동구 마장동, 1120055000:서울특별시 성동구 사근동, 1120056000:서울특별시 성동구 행당1동, 1120079000:서울특별시 성동구 용답동, 1123053600:서울특별시 동대문구 용신동, 1123056000:서울특별시 동대문구 전농1동, 1123060000:서울특별시 동대문구 답십리1동]",ST000221
마전역,지하철,인천2호선,"[2826063000, 2826066000, 2826067000]","[인천광역시 서구 검단1동, 인천광역시 서구 검단4동, 인천광역시 서구 검단5동]","[2826063000, 2826064000, 2826066000, 2826067000]","[인천광역시 서구 검단1동, 인천광역시 서구 검단2동, 인천광역시 서구 검단4동, 인천광역시 서구 검단5동]","[2826063000:인천광역시 서구 검단1동, 2826066000:인천광역시 서구 검단4동, 2826067000:인천광역시 서구 검단5동]","[2826063000:인천광역시 서구 검단1동, 2826064000:인천광역시 서구 검단2동, 2826066000:인천광역시 서구 검단4동, 2826067000:인천광역시 서구 검단5동]",ST000071
마천역,지하철,5호선,"[1171053200, 1171054000, 1171055000, 1171064700]","[서울특별시 송파구 거여2동, 서울특별시 송파구 마천1동, 서울특별시 송파구 마천2동, 서울특별시 송파구 위례동]","[1171053100, 1171053200, 1171054000, 1171055000, 1171064700, 4145058000, 4145058500]","[경기도 하남시 감북동, 경기도 하남시 위례동, 서울특별시 송파구 거여1동, 서울특별시 송파구 거여2동, 서울특별시 송파구 마천1동, 서울특별시 송파구 마천2동, 서울특별시 송파구 위례동]","[1171053200:서울특별시 송파구 거여2동, 1171054000:서울특별시 송파구 마천1동, 1171055000:서울특별시 송파구 마천2동, 1171064700:서울특별시 송파구 위례동]","[1171053100:서울특별시 송파구 거여1동, 1171053200:서울특별시 송파구 거여2동, 1171054000:서울특별시 송파구 마천1동, 1171055000:서울특별시 송파구 마천2동, 1171064700:서울특별시 송파구 위례동, 4145058000:경기도 하남시 감북동, 4145058500:경기도 하남시 위례동]",ST000239
마포구청역,지하철,6호선,"[1144070000, 1144072000, 1144073000]","[서울특별시 마포구 망원2동, 서울특별시 마포구 성산1동, 서울특별시 마포구 성산2동]","[1144066000, 1144069000, 1144070000, 1144072000, 1144073000, 1144074000]","[서울특별시 마포구 망원1동, 서울특별시 마포구 망원2동, 서울특별시 마포구 상암동, 서울특별시 마포구 서교동, 서울특별시 마포구 성산1동, 서울특별시 마포구 성산2동]","[1144070000:서울특별시 마포구 망원2동, 1144072000:서울특별시 마포구 성산1동, 1144073000:서울특별시 마포구 성산2동]","[1144066000:서울특별시 마포구 서교동, 1144069000:서울특별시 마포구 망원1동, 1144070000:서울특별시 마포구 망원2동, 1144072000:서울특별시 마포구 성산1동, 1144073000:서울특별시 마포구 성산2동, 1144074000:서울특별시 마포구 상암동]",ST000253
마포역,지하철,5호선,"[1117057000, 1144058500, 1144059000, 1144061000]","[서울특별시 마포구 도화동, 서울특별시 마포구 염리동, 서울특별시 마포구 용강동, 서울특별시 용산구 원효로2동]","[1117057000, 1117058000, 1117059000, 1144055500, 1144056500, 1144058500, 1144059000, 1144060000, 1144061000, 1144063000, 1156054000]","[서울특별시 마포구 공덕동, 서울특별시 마포구 대흥동, 서울특별시 마포구 도화동, 서울특별시 마포구 신수동, 서울특별시 마포구 아현동, 서울특별시 마포구 염리동, 서울특별시 마포구 용강동, 서울특별시 영등포구 여의동, 서울특별시 용산구 용문동, 서울특별시 용산구 원효로2동, 서울특별시 용산구 효창동]","[1117057000:서울특별시 용산구 원효로2동, 1144058500:서울특별시 마포구 도화동, 1144059000:서울특별시 마포구 용강동, 1144061000:서울특별시 마포구 염리동]","[1117057000:서울특별시 용산구 원효로2동, 1117058000:서울특별시 용산구 효창동, 1117059000:서울특별시 용산구 용문동, 1144055500:서울특별시 마포구 아현동, 1144056500:서울특별시 마포구 공덕동, 1144058500:서울특별시 마포구 도화동, 1144059000:서울특별시 마포구 용강동, 1144060000:서울특별시 마포구 대흥동, 1144061000:서울특별시 마포구 염리동, 1144063000:서울특별시 마포구 신수동, 1156054000:서울특별시 영등포구 여의동]",ST000213
만수역,지하철,인천2호선,"[2820056000, 2820057000, 2820058100, 2820058200]","[인천광역시 남동구 만수1동, 인천광역시 남동구 만수2동, 인천광역시 남동구 만수4동, 인천광역시 남동구 만수5동]","[2820052000, 2820052200, 2820056000, 2820057000, 2820058000, 2820058100, 2820058200, 2820058300, 2820065000, 2820066000]","[인천광역시 남동구 구월2동, 인천광역시 남동구 구월4동, 인천광역시 남동구 남촌도림동, 인천광역시 남동구 만수1동, 인천광역시 남동구 만수2동, 인천광역시 남동구 만수3동, 인천광역시 남동구 만수4동, 인천광역시 남동구 만수5동, 인천광역시 남동구 만수6동, 인천광역시 남동구 장수서창동]","[2820056000:인천광역시 남동구 만수1동, 2820057000:인천광역시 남동구 만수2동, 2820058100:인천광역시 남동구 만수4동, 2820058200:인천광역시 남동구 만수5동]","[2820052000:인천광역시 남동구 구월2동, 2820052200:인천광역시 남동구 구월4동, 2820056000:인천광역시 남동구 만수1동, 2820057000:인천광역시 남동구 만수2동, 2820058000:인천광역시 남동구 만수3동, 2820058100:인천광역시 남동구 만수4동, 2820058200:인천광역시 남동구 만수5동, 2820058300:인천광역시 남동구 만수6동, 2820065000:인천광역시 남동구 장수서창동, 2820066000:인천광역시 남동구 남촌도림동]",ST000090
망우역,지하철,경의중앙선,"[1126058000, 1126059000, 1126065500, 1126068000, 1126069000]","[서울특별시 중랑구 망우본동, 서울특별시 중랑구 상봉1동, 서울특별시 중랑구 상봉2동, 서울특별시 중랑구 신내1동, 서울특별시 중랑구 신내2동]","[1126052000, 1126056500, 1126058000, 1126059000, 1126060000, 1126065500, 1126066000, 1126068000, 1126069000]","[서울특별시 중랑구 망우3동, 서울특별시 중랑구 망우본동, 서울특별시 중랑구 면목2동, 서울특별시 중랑구 면목본동, 서울특별시 중랑구 상봉1동, 서울특별시 중랑구 상봉2동, 서울특별시 중랑구 신내1동, 서울특별시 중랑구 신내2동, 서울특별시 중랑구 중화1동]","[1126058000:서울특별시 중랑구 상봉1동, 1126059000:서울특별시 중랑구 상봉2동, 1126065500:서울특별시 중랑구 망우본동, 1126068000:서울특별시 중랑구 신내1동, 1126069000:서울특별시 중랑구 신내2동]","[1126052000:서울특별시 중랑구 면목2동, 1126056500:서울특별시 중랑구 면목본동, 1126058000:서울특별시 중랑구 상봉1동, 1126059000:서울특별시 중랑구 상봉2동, 1126060000:서울특별시 중랑구 중화1동, 1126065500:서울특별시 중랑구 망우본동, 1126066000:서울특별시 중랑구 망우3동, 1126068000:서울특별시 중랑구 신내1동, 1126069000:서울특별시 중랑구 신내2동]",ST000644
망우역,지하철,경춘선,"[1126058000, 1126059000, 1126065500, 1126068000, 1126069000]","[서울특별시 중랑구 망우본동, 서울특별시 중랑구 상봉1동, 서울특별시 중랑구 상봉2동, 서울특별시 중랑구 신내1동, 서울특별시 중랑구 신내2동]","[1126052000, 1126056500, 1126058000, 1126059000, 1126060000, 1126065500, 1126066000, 1126068000, 1126069000]","[서울특별시 중랑구 망우3동, 서울특별시 중랑구 망우본동, 서울특별시 중랑구 면목2동, 서울특별시 중랑구 면목본동, 서울특별시 중랑구 상봉1동, 서울특별시 중랑구 상봉2동, 서울특별시 중랑구 신내1동, 서울특별시 중랑구 신내2동, 서울특별시 중랑구 중화1동]","[1126058000:서울특별시 중랑구 상봉1동, 1126059000:서울특별시 중랑구 상봉2동, 1126065500:서울특별시 중랑구 망우본동, 1126068000:서울특별시 중랑구 신내1동, 1126069000:서울특별시 중랑구 신내2동]","[1126052000:서울특별시 중랑구 면목2동, 1126056500:서울특별시 중랑구 면목본동, 1126058000:서울특별시 중랑구 상봉1동, 1126059000:서울특별시 중랑구 상봉2동, 1126060000:서울특별시 중랑구 중화1동, 1126065500:서울특별시 중랑구 망우본동, 1126066000:서울특별시 중랑구 망우3동, 1126068000:서울특별시 중랑구 신내1동, 1126069000:서울특별시 중랑구 신내2동]",ST000644
망원역,지하철,6호선,"[1144066000, 1144068000, 1144069000, 1144070000, 1144072000]","[서울특별시 마포구 망원1동, 서울특별시 마포구 망원2동, 서울특별시 마포구 서교동, 서울특별시 마포구 성산1동, 서울특별시 마포구 합정동]","[1144066000, 1144068000, 1144069000, 1144070000, 1144071000, 1144072000, 1144073000]","[서울특별시 마포구 망원1동, 서울특별시 마포구 망원2동, 서울특별시 마포구 서교동, 서울특별시 마포구 성산1동, 서울특별시 마포구 성산2동, 서울특별시 마포구 연남동, 서울특별시 마포구 합정동]","[1144066000:서울특별시 마포구 서교동, 1144068000:서울특별시 마포구 합정동, 1144069000:서울특별시 마포구 망원1동, 1144070000:서울특별시 마포구 망원2동, 1144072000:서울특별시 마포구 성산1동]","[1144066000:서울특별시 마포구 서교동, 1144068000:서울특별시 마포구 합정동, 1144069000:서울특별시 마포구 망원1동, 1144070000:서울특별시 마포구 망원2동, 1144071000:서울특별시 마포구 연남동, 1144072000:서울특별시 마포구 성산1동, 1144073000:서울특별시 마포구 성산2동]",ST000254
망월사역,지하철,1호선,"[4115054500, 4115056100]","[경기도 의정부시 장암동, 경기도 의정부시 호원1동]","[4115054500, 4115055500, 4115056100]","[경기도 의정부시 장암동, 경기도 의정부시 호원1동, 경기도 의정부시 호원2동]","[4115054500:경기도 의정부시 호원1동, 4115056100:경기도 의정부시 장암동]","[4115054500:경기도 의정부시 호원1동, 4115055500:경기도 의정부시 호원2동, 4115056100:경기도 의정부시 장암동]",ST000469
망포역,지하철,수인분당선,"[4111753000, 4111758000, 4111759000]","[경기도 수원시영통구 매탄3동, 경기도 수원시영통구 영통2동, 경기도 수원시영통구 태장동]","[4111753000, 4111758000, 4111759000, 4146355000, 4159055000]","[경기도 수원시영통구 매탄3동, 경기도 수원시영통구 영통2동, 경기도 수원시영통구 태장동, 경기도 용인시기흥구 서농동, 경기도 화성시 반월동]","[4111753000:경기도 수원시영통구 매탄3동, 4111758000:경기도 수원시영통구 영통2동, 4111759000:경기도 수원시영통구 태장동]","[4111753000:경기도 수원시영통구 매탄3동, 4111758000:경기도 수원시영통구 영통2동, 4111759000:경기도 수원시영통구 태장동, 4146355000:경기도 용인시기흥구 서농동, 4159055000:경기도 화성시 반월동]",ST000492
매교역,지하철,수인분당선,"[4111352000, 4111354000, 4111367000, 4111565000, 4111573000]","[경기도 수원시권선구 권선1동, 경기도 수원시권선구 세류1동, 경기도 수원시권선구 세류3동, 경기도 수원시팔달구 매교동, 경기도 수원시팔달구 인계동]","[4111352000, 4111353000, 4111354000, 4111367000, 4111565000, 4111566000, 4111567000, 4111573000, 4111574000]","[경기도 수원시권선구 권선1동, 경기도 수원시권선구 세류1동, 경기도 수원시권선구 세류2동, 경기도 수원시권선구 세류3동, 경기도 수원시팔달구 고등동, 경기도 수원시팔달구 매교동, 경기도 수원시팔달구 매산동, 경기도 수원시팔달구 인계동, 경기도 수원시팔달구 행궁동]","[4111352000:경기도 수원시권선구 세류1동, 4111354000:경기도 수원시권선구 세류3동, 4111367000:경기도 수원시권선구 권선1동, 4111565000:경기도 수원시팔달구 매교동, 4111573000:경기도 수원시팔달구 인계동]","[4111352000:경기도 수원시권선구 세류1동, 4111353000:경기도 수원시권선구 세류2동, 4111354000:경기도 수원시권선구 세류3동, 4111367000:경기도 수원시권선구 권선1동, 4111565000:경기도 수원시팔달구 매교동, 4111566000:경기도 수원시팔달구 매산동, 4111567000:경기도 수원시팔달구 고등동, 4111573000:경기도 수원시팔달구 인계동, 4111574000:경기도 수원시팔달구 행궁동]",ST000489
매봉역,지하철,3호선,"[1168065500, 1168065600, 1168066000, 1168069000]","[서울특별시 강남구 개포1동, 서울특별시 강남구 개포4동, 서울특별시 강남구 도곡1동, 서울특별시 강남구 도곡2동]","[1165065100, 1165065200, 1168060000, 1168064000, 1168065000, 1168065500, 1168065600, 1168066000, 1168067000, 1168069000]","[서울특별시 강남구 개포1동, 서울특별시 강남구 개포2동, 서울특별시 강남구 개포4동, 서울특별시 강남구 대치1동, 서울특별시 강남구 도곡1동, 서울특별시 강남구 도곡2동, 서울특별시 강남구 역삼1동, 서울특별시 강남구 역삼2동, 서울특별시 서초구 양재1동, 서울특별시 서초구 양재2동]","[1168065500:서울특별시 강남구 도곡1동, 1168065600:서울특별시 강남구 도곡2동, 1168066000:서울특별시 강남구 개포1동, 1168069000:서울특별시 강남구 개포4동]","[1165065100:서울특별시 서초구 양재1동, 1165065200:서울특별시 서초구 양재2동, 1168060000:서울특별시 강남구 대치1동, 1168064000:서울특별시 강남구 역삼1동, 1168065000:서울특별시 강남구 역삼2동, 1168065500:서울특별시 강남구 도곡1동, 1168065600:서울특별시 강남구 도곡2동, 1168066000:서울특별시 강남구 개포1동, 1168067000:서울특별시 강남구 개포2동, 1168069000:서울특별시 강남구 개포4동]",ST000171
매탄권선역,지하철,수인분당선,"[4111367000, 4111369000, 4111753000, 4111759000]","[경기도 수원시권선구 곡선동, 경기도 수원시권선구 권선1동, 경기도 수원시영통구 매탄3동, 경기도 수원시영통구 태장동]","[4111367000, 4111368000, 4111369000, 4111573000, 4111753000, 4111759000, 4159052000]","[경기도 수원시권선구 곡선동, 경기도 수원시권선구 권선1동, 경기도 수원시권선구 권선2동, 경기도 수원시영통구 매탄3동, 경기도 수원시영통구 태장동, 경기도 수원시팔달구 인계동, 경기도 화성시 진안동]","[4111367000:경기도 수원시권선구 권선1동, 4111369000:경기도 수원시권선구 곡선동, 4111753000:경기도 수원시영통구 매탄3동, 4111759000:경기도 수원시영통구 태장동]","[4111367000:경기도 수원시권선구 권선1동, 4111368000:경기도 수원시권선구 권선2동, 4111369000:경기도 수원시권선구 곡선동, 4111573000:경기도 수원시팔달구 인계동, 4111753000:경기도 수원시영통구 매탄3동, 4111759000:경기도 수원시영통구 태장동, 4159052000:경기도 화성시 진안동]",ST000491
먹골역,지하철,7호선,"[1126062000, 1126063000]","[서울특별시 중랑구 묵1동, 서울특별시 중랑구 묵2동]","[1123075000, 1126058000, 1126060000, 1126061000, 1126062000, 1126063000, 1126069000, 1129081000, 1135058000, 1135059500]","[서울특별시 노원구 공릉1동, 서울특별시 노원구 월계3동, 서울특별시 동대문구 이문2동, 서울특별시 성북구 석관동, 서울특별시 중랑구 묵1동, 서울특별시 중랑구 묵2동, 서울특별시 중랑구 상봉1동, 서울특별시 중랑구 신내2동, 서울특별시 중랑구 중화1동, 서울특별시 중랑구 중화2동]","[1126062000:서울특별시 중랑구 묵1동, 1126063000:서울특별시 중랑구 묵2동]","[1123075000:서울특별시 동대문구 이문2동, 1126058000:서울특별시 중랑구 상봉1동, 1126060000:서울특별시 중랑구 중화1동, 1126061000:서울특별시 중랑구 중화2동, 1126062000:서울특별시 중랑구 묵1동, 1126063000:서울특별시 중랑구 묵2동, 1126069000:서울특별시 중랑구 신내2동, 1129081000:서울특별시 성북구 석관동, 1135058000:서울특별시 노원구 월계3동, 1135059500:서울특별시 노원구 공릉1동]",ST000282
면목역,지하철,7호선,"[1126052000, 1126055000, 1126056500, 1126057500, 1126059000]","[서울특별시 중랑구 면목2동, 서울특별시 중랑구 면목3·8동, 서울특별시 중랑구 면목5동, 서울특별시 중랑구 면목본동, 서울특별시 중랑구 상봉2동]","[1126052000, 1126055000, 1126056500, 1126057000, 1126057500, 1126058000, 1126059000, 1126060000, 1126061000, 1126065500, 1126066000]","[서울특별시 중랑구 망우3동, 서울특별시 중랑구 망우본동, 서울특별시 중랑구 면목2동, 서울특별시 중랑구 면목3·8동, 서울특별시 중랑구 면목5동, 서울특별시 중랑구 면목7동, 서울특별시 중랑구 면목본동, 서울특별시 중랑구 상봉1동, 서울특별시 중랑구 상봉2동, 서울특별시 중랑구 중화1동, 서울특별시 중랑구 중화2동]","[1126052000:서울특별시 중랑구 면목2동, 1126055000:서울특별시 중랑구 면목5동, 1126056500:서울특별시 중랑구 면목본동, 1126057500:서울특별시 중랑구 면목3·8동, 1126059000:서울특별시 중랑구 상봉2동]","[1126052000:서울특별시 중랑구 면목2동, 1126055000:서울특별시 중랑구 면목5동, 1126056500:서울특별시 중랑구 면목본동, 1126057000:서울특별시 중랑구 면목7동, 1126057500:서울특별시 중랑구 면목3·8동, 1126058000:서울특별시 중랑구 상봉1동, 1126059000:서울특별시 중랑구 상봉2동, 1126060000:서울특별시 중랑구 중화1동, 1126061000:서울특별시 중랑구 중화2동, 1126065500:서울특별시 중랑구 망우본동, 1126066000:서울특별시 중랑구 망우3동]",ST000285
명동역,지하철,4호선,"[1114055000, 1114057000, 1114059000, 1114060500]","[서울특별시 중구 광희동, 서울특별시 중구 명동, 서울특별시 중구 을지로동, 서울특별시 중구 필동]","[1111061500, 1114052000, 1114054000, 1114055000, 1114057000, 1114059000, 1114060500, 1117051000]","[서울특별시 용산구 후암동, 서울특별시 종로구 종로1·2·3·4가동, 서울특별시 중구 광희동, 서울특별시 중구 명동, 서울특별시 중구 소공동, 서울특별시 중구 을지로동, 서울특별시 중구 필동, 서울특별시 중구 회현동]","[1114055000:서울특별시 중구 명동, 1114057000:서울특별시 중구 필동, 1114059000:서울특별시 중구 광희동, 1114060500:서울특별시 중구 을지로동]","[1111061500:서울특별시 종로구 종로1·2·3·4가동, 1114052000:서울특별시 중구 소공동, 1114054000:서울특별시 중구 회현동, 1114055000:서울특별시 중구 명동, 1114057000:서울특별시 중구 필동, 1114059000:서울특별시 중구 광희동, 1114060500:서울특별시 중구 을지로동, 1117051000:서울특별시 용산구 후암동]",ST000191
명일역,지하철,5호선,"[1174053000, 1174054000, 1174055000, 1174057000, 1174059000, 1174060000]","[서울특별시 강동구 고덕1동, 서울특별시 강동구 명일1동, 서울특별시 강동구 명일2동, 서울특별시 강동구 암사1동, 서울특별시 강동구 암사3동, 서울특별시 강동구 천호1동]","[1174053000, 1174054000, 1174055000, 1174057000, 1174059000, 1174060000, 1174061000, 1174068500]","[서울특별시 강동구 고덕1동, 서울특별시 강동구 길동, 서울특별시 강동구 명일1동, 서울특별시 강동구 명일2동, 서울특별시 강동구 암사1동, 서울특별시 강동구 암사3동, 서울특별시 강동구 천호1동, 서울특별시 강동구 천호2동]","[1174053000:서울특별시 강동구 명일1동, 1174054000:서울특별시 강동구 명일2동, 1174055000:서울특별시 강동구 고덕1동, 1174057000:서울특별시 강동구 암사1동, 1174059000:서울특별시 강동구 암사3동, 1174060000:서울특별시 강동구 천호1동]","[1174053000:서울특별시 강동구 명일1동, 1174054000:서울특별시 강동구 명일2동, 1174055000:서울특별시 강동구 고덕1동, 1174057000:서울특별시 강동구 암사1동, 1174059000:서울특별시 강동구 암사3동, 1174060000:서울특별시 강동구 천호1동, 1174061000:서울특별시 강동구 천호2동, 1174068500:서울특별시 강동구 길동]",ST000231
명지대역,지하철,에버라인,"[4146151000, 4146152000]","[경기도 용인시처인구 역삼동, 경기도 용인시처인구 중앙동]","[4146151000, 4146152000]","[경기도 용인시처인구 역삼동, 경기도 용인시처인구 중앙동]","[4146151000:경기도 용인시처인구 중앙동, 4146152000:경기도 용인시처인구 역삼동]","[4146151000:경기도 용인시처인구 중앙동, 4146152000:경기도 용인시처인구 역삼동]",ST000392
명학역,지하철,1호선,"[4117156000, 4117157000, 4117158000, 4117359000]","[경기도 안양시동안구 호계2동, 경기도 안양시만안구 안양6동, 경기도 안양시만안구 안양7동, 경기도 안양시만안구 안양8동]","[4117156000, 4117157000, 4117158000, 4117352000, 4117359000, 4141054000, 4141055000]","[경기도 군포시 산본1동, 경기도 군포시 산본2동, 경기도 안양시동안구 비산2동, 경기도 안양시동안구 호계2동, 경기도 안양시만안구 안양6동, 경기도 안양시만안구 안양7동, 경기도 안양시만안구 안양8동]","[4117156000:경기도 안양시만안구 안양6동, 4117157000:경기도 안양시만안구 안양7동, 4117158000:경기도 안양시만안구 안양8동, 4117359000:경기도 안양시동안구 호계2동]","[4117156000:경기도 안양시만안구 안양6동, 4117157000:경기도 안양시만안구 안양7동, 4117158000:경기도 안양시만안구 안양8동, 4117352000:경기도 안양시동안구 비산2동, 4117359000:경기도 안양시동안구 호계2동, 4141054000:경기도 군포시 산본1동, 4141055000:경기도 군포시 산본2동]",ST000559
모란역,지하철,8호선,"[4113157000, 4113158000, 4113351000, 4113366000]","[경기도 성남시수정구 수진1동, 경기도 성남시수정구 수진2동, 경기도 성남시중원구 성남동, 경기도 성남시중원구 하대원동]","[4113151000, 4113154000, 4113156000, 4113157000, 4113158000, 4113351000, 4113366000, 4113367000]","[경기도 성남시수정구 수진1동, 경기도 성남시수정구 수진2동, 경기도 성남시수정구 신흥1동, 경기도 성남시수정구 태평1동, 경기도 성남시수정구 태평3동, 경기도 성남시중원구 도촌동, 경기도 성남시중원구 성남동, 경기도 성남시중원구 하대원동]","[4113157000:경기도 성남시수정구 수진1동, 4113158000:경기도 성남시수정구 수진2동, 4113351000:경기도 성남시중원구 성남동, 4113366000:경기도 성남시중원구 하대원동]","[4113151000:경기도 성남시수정구 신흥1동, 4113154000:경기도 성남시수정구 태평1동, 4113156000:경기도 성남시수정구 태평3동, 4113157000:경기도 성남시수정구 수진1동, 4113158000:경기도 성남시수정구 수진2동, 4113351000:경기도 성남시중원구 성남동, 4113366000:경기도 성남시중원구 하대원동, 4113367000:경기도 성남시중원구 도촌동]",ST000325
모란역,지하철,수인분당선,"[4113157000, 4113158000, 4113351000, 4113366000]","[경기도 성남시수정구 수진1동, 경기도 성남시수정구 수진2동, 경기도 성남시중원구 성남동, 경기도 성남시중원구 하대원동]","[4113151000, 4113154000, 4113156000, 4113157000, 4113158000, 4113351000, 4113366000, 4113367000]","[경기도 성남시수정구 수진1동, 경기도 성남시수정구 수진2동, 경기도 성남시수정구 신흥1동, 경기도 성남시수정구 태평1동, 경기도 성남시수정구 태평3동, 경기도 성남시중원구 도촌동, 경기도 성남시중원구 성남동, 경기도 성남시중원구 하대원동]","[4113157000:경기도 성남시수정구 수진1동, 4113158000:경기도 성남시수정구 수진2동, 4113351000:경기도 성남시중원구 성남동, 4113366000:경기도 성남시중원구 하대원동]","[4113151000:경기도 성남시수정구 신흥1동, 4113154000:경기도 성남시수정구 태평1동, 4113156000:경기도 성남시수정구 태평3동, 4113157000:경기도 성남시수정구 수진1동, 4113158000:경기도 성남시수정구 수진2동, 4113351000:경기도 성남시중원구 성남동, 4113366000:경기도 성남시중원구 하대원동, 4113367000:경기도 성남시중원구 도촌동]",ST000325
모래내시장역,지하철,인천2호선,"[2820051000, 2820052000, 2820052200, 2820058200]","[인천광역시 남동구 구월1동, 인천광역시 남동구 구월2동, 인천광역시 남동구 구월4동, 인천광역시 남동구 만수5동]","[2820051000, 2820052000, 2820052200, 2820053000, 2820054000, 2820055000, 2820056000, 2820057000, 2820058000, 2820058100, 2820058200]","[인천광역시 남동구 간석1동, 인천광역시 남동구 간석2동, 인천광역시 남동구 간석3동, 인천광역시 남동구 구월1동, 인천광역시 남동구 구월2동, 인천광역시 남동구 구월4동, 인천광역시 남동구 만수1동, 인천광역시 남동구 만수2동, 인천광역시 남동구 만수3동, 인천광역시 남동구 만수4동, 인천광역시 남동구 만수5동]","[2820051000:인천광역시 남동구 구월1동, 2820052000:인천광역시 남동구 구월2동, 2820052200:인천광역시 남동구 구월4동, 2820058200:인천광역시 남동구 만수5동]","[2820051000:인천광역시 남동구 구월1동, 2820052000:인천광역시 남동구 구월2동, 2820052200:인천광역시 남동구 구월4동, 2820053000:인천광역시 남동구 간석1동, 2820054000:인천광역시 남동구 간석2동, 2820055000:인천광역시 남동구 간석3동, 2820056000:인천광역시 남동구 만수1동, 2820057000:인천광역시 남동구 만수2동, 2820058000:인천광역시 남동구 만수3동, 2820058100:인천광역시 남동구 만수4동, 2820058200:인천광역시 남동구 만수5동]",ST000089
목동역,지하철,5호선,"[1147051000, 1147054000, 1147062000, 1147065000, 1147067000, 1150057000]","[서울특별시 강서구 화곡4동, 서울특별시 양천구 목1동, 서울특별시 양천구 목4동, 서울특별시 양천구 신정1동, 서울특별시 양천구 신정4동, 서울특별시 양천구 신정6동]","[1147051000, 1147054000, 1147055000, 1147062000, 1147063000, 1147065000, 1147067000, 1150055000, 1150057000]","[서울특별시 강서구 화곡2동, 서울특별시 강서구 화곡4동, 서울특별시 양천구 목1동, 서울특별시 양천구 목4동, 서울특별시 양천구 목5동, 서울특별시 양천구 신정1동, 서울특별시 양천구 신정2동, 서울특별시 양천구 신정4동, 서울특별시 양천구 신정6동]","[1147051000:서울특별시 양천구 목1동, 1147054000:서울특별시 양천구 목4동, 1147062000:서울특별시 양천구 신정1동, 1147065000:서울특별시 양천구 신정4동, 1147067000:서울특별시 양천구 신정6동, 1150057000:서울특별시 강서구 화곡4동]","[1147051000:서울특별시 양천구 목1동, 1147054000:서울특별시 양천구 목4동, 1147055000:서울특별시 양천구 목5동, 1147062000:서울특별시 양천구 신정1동, 1147063000:서울특별시 양천구 신정2동, 1147065000:서울특별시 양천구 신정4동, 1147067000:서울특별시 양천구 신정6동, 1150055000:서울특별시 강서구 화곡2동, 1150057000:서울특별시 강서구 화곡4동]",ST000207
몽촌토성역,지하철,8호선,"[1171056200, 1171056600, 1171069000]","[서울특별시 송파구 방이2동, 서울특별시 송파구 오륜동, 서울특별시 송파구 잠실4동]","[1171052000, 1171056100, 1171056200, 1171056600, 1171058000, 1171069000, 1171071000]","[서울특별시 송파구 방이1동, 서울특별시 송파구 방이2동, 서울특별시 송파구 송파1동, 서울특별시 송파구 오륜동, 서울특별시 송파구 잠실4동, 서울특별시 송파구 잠실6동, 서울특별시 송파구 풍납2동]","[1171056200:서울특별시 송파구 방이2동, 1171056600:서울특별시 송파구 오륜동, 1171069000:서울특별시 송파구 잠실4동]","[1171052000:서울특별시 송파구 풍납2동, 1171056100:서울특별시 송파구 방이1동, 1171056200:서울특별시 송파구 방이2동, 1171056600:서울특별시 송파구 오륜동, 1171058000:서울특별시 송파구 송파1동, 1171069000:서울특별시 송파구 잠실4동, 1171071000:서울특별시 송파구 잠실6동]",ST000312
무악재역,지하철,3호선,"[1141062000, 1141065500]","[서울특별시 서대문구 홍제1동, 서울특별시 서대문구 홍제2동]","[1111051500, 1111055000, 1111057000, 1141052000, 1141058500, 1141061500, 1141062000, 1141064000, 1141065500]","[서울특별시 서대문구 신촌동, 서울특별시 서대문구 연희동, 서울특별시 서대문구 천연동, 서울특별시 서대문구 홍제1동, 서울특별시 서대문구 홍제2동, 서울특별시 서대문구 홍제3동, 서울특별시 종로구 무악동, 서울특별시 종로구 부암동, 서울특별시 종로구 청운효자동]","[1141062000:서울특별시 서대문구 홍제1동, 1141065500:서울특별시 서대문구 홍제2동]","[1111051500:서울특별시 종로구 청운효자동, 1111055000:서울특별시 종로구 부암동, 1111057000:서울특별시 종로구 무악동, 1141052000:서울특별시 서대문구 천연동, 1141058500:서울특별시 서대문구 신촌동, 1141061500:서울특별시 서대문구 연희동, 1141062000:서울특별시 서대문구 홍제1동, 1141064000:서울특별시 서대문구 홍제3동, 1141065500:서울특별시 서대문구 홍제2동]",ST000157
문래역,지하철,2호선,"[1156055000, 1156060500, 1156061000]","[서울특별시 영등포구 당산1동, 서울특별시 영등포구 문래동, 서울특별시 영등포구 양평1동]","[1153051000, 1156051500, 1156053500, 1156055000, 1156058500, 1156060500, 1156061000]","[서울특별시 구로구 신도림동, 서울특별시 영등포구 당산1동, 서울특별시 영등포구 도림동, 서울특별시 영등포구 문래동, 서울특별시 영등포구 양평1동, 서울특별시 영등포구 영등포동, 서울특별시 영등포구 영등포본동]","[1156055000:서울특별시 영등포구 당산1동, 1156060500:서울특별시 영등포구 문래동, 1156061000:서울특별시 영등포구 양평1동]","[1153051000:서울특별시 구로구 신도림동, 1156051500:서울특별시 영등포구 영등포본동, 1156053500:서울특별시 영등포구 영등포동, 1156055000:서울특별시 영등포구 당산1동, 1156058500:서울특별시 영등포구 도림동, 1156060500:서울특별시 영등포구 문래동, 1156061000:서울특별시 영등포구 양평1동]",ST000136
문산역,지하철,경의중앙선,"[4148025000, 4148025300]","[경기도 파주시 문산읍, 경기도 파주시 파주읍]","[4148025000, 4148025300]","[경기도 파주시 문산읍, 경기도 파주시 파주읍]","[4148025000:경기도 파주시 문산읍, 4148025300:경기도 파주시 파주읍]","[4148025000:경기도 파주시 문산읍, 4148025300:경기도 파주시 파주읍]",ST000608
문정역,지하철,8호선,"[1171062000, 1171064100, 1171064200, 1171064600]","[서울특별시 송파구 가락본동, 서울특별시 송파구 문정1동, 서울특별시 송파구 문정2동, 서울특별시 송파구 장지동]","[1168075000, 1171062000, 1171063100, 1171063200, 1171064100, 1171064200, 1171064600]","[서울특별시 강남구 수서동, 서울특별시 송파구 가락1동, 서울특별시 송파구 가락2동, 서울특별시 송파구 가락본동, 서울특별시 송파구 문정1동, 서울특별시 송파구 문정2동, 서울특별시 송파구 장지동]","[1171062000:서울특별시 송파구 가락본동, 1171064100:서울특별시 송파구 문정1동, 1171064200:서울특별시 송파구 문정2동, 1171064600:서울특별시 송파구 장지동]","[1168075000:서울특별시 강남구 수서동, 1171062000:서울특별시 송파구 가락본동, 1171063100:서울특별시 송파구 가락1동, 1171063200:서울특별시 송파구 가락2동, 1171064100:서울특별시 송파구 문정1동, 1171064200:서울특별시 송파구 문정2동, 1171064600:서울특별시 송파구 장지동]",ST000316
문학경기장역,지하철,인천1호선,"[2817073500, 2817074000, 2818575000]","[인천광역시 남구 관교동, 인천광역시 남구 문학동, 인천광역시 연수구 선학동]","[2817073500, 2817074000, 2818575000, 2820051000, 2820052100, 2820066000]","[인천광역시 남구 관교동, 인천광역시 남구 문학동, 인천광역시 남동구 구월1동, 인천광역시 남동구 구월3동, 인천광역시 남동구 남촌도림동, 인천광역시 연수구 선학동]","[2817073500:인천광역시 남구 관교동, 2817074000:인천광역시 남구 문학동, 2818575000:인천광역시 연수구 선학동]","[2817073500:인천광역시 남구 관교동, 2817074000:인천광역시 남구 문학동, 2818575000:인천광역시 연수구 선학동, 2820051000:인천광역시 남동구 구월1동, 2820052100:인천광역시 남동구 구월3동, 2820066000:인천광역시 남동구 남촌도림동]",ST000057
미금역,지하철,수인분당선,"[4113566200, 4113566500]","[경기도 성남시분당구 구미1동, 경기도 성남시분당구 금곡동]","[4113554500, 4113555000, 4113557000, 4113566200, 4113566500, 4113567000]","[경기도 성남시분당구 구미1동, 경기도 성남시분당구 구미동, 경기도 성남시분당구 금곡동, 경기도 성남시분당구 정자1동, 경기도 성남시분당구 정자3동, 경기도 성남시분당구 정자동]","[4113566200:경기도 성남시분당구 금곡동, 4113566500:경기도 성남시분당구 구미1동]","[4113554500:경기도 성남시분당구 정자동, 4113555000:경기도 성남시분당구 정자1동, 4113557000:경기도 성남시분당구 정자3동, 4113566200:경기도 성남시분당구 금곡동, 4113566500:경기도 성남시분당구 구미1동, 4113567000:경기도 성남시분당구 구미동]",ST000341
미금역,지하철,신분당선,"[4113566200, 4113566500]","[경기도 성남시분당구 구미1동, 경기도 성남시분당구 금곡동]","[4113554500, 4113555000, 4113557000, 4113566200, 4113566500, 4113567000]","[경기도 성남시분당구 구미1동, 경기도 성남시분당구 구미동, 경기도 성남시분당구 금곡동, 경기도 성남시분당구 정자1동, 경기도 성남시분당구 정자3동, 경기도 성남시분당구 정자동]","[4113566200:경기도 성남시분당구 금곡동, 4113566500:경기도 성남시분당구 구미1동]","[4113554500:경기도 성남시분당구 정자동, 4113555000:경기도 성남시분당구 정자1동, 4113557000:경기도 성남시분당구 정자3동, 4113566200:경기도 성남시분당구 금곡동, 4113566500:경기도 성남시분당구 구미1동, 4113567000:경기도 성남시분당구 구미동]",ST000341
미사역,지하철,5호선,"[4145057000, 4145061000]","[경기도 하남시 미사1동, 경기도 하남시 풍산동]","[4145056000, 4145057000, 4145061000, 4145062000]","[경기도 하남시 덕풍3동, 경기도 하남시 미사1동, 경기도 하남시 미사2동, 경기도 하남시 풍산동]","[4145057000:경기도 하남시 풍산동, 4145061000:경기도 하남시 미사1동]","[4145056000:경기도 하남시 덕풍3동, 4145057000:경기도 하남시 풍산동, 4145061000:경기도 하남시 미사1동, 4145062000:경기도 하남시 미사2동]",ST000241
미아사거리역,지하철,4호선,"[1129068500, 1129071500, 1130554500, 1130555500]","[서울특별시 강북구 송중동, 서울특별시 강북구 송천동, 서울특별시 성북구 길음2동, 서울특별시 성북구 월곡1동]","[1129066000, 1129068500, 1129071500, 1129076000, 1130554500, 1130555500, 1130557500, 1130560000, 1130560600]","[서울특별시 강북구 번2동, 서울특별시 강북구 번3동, 서울특별시 강북구 삼각산동, 서울특별시 강북구 송중동, 서울특별시 강북구 송천동, 서울특별시 성북구 길음1동, 서울특별시 성북구 길음2동, 서울특별시 성북구 월곡1동, 서울특별시 성북구 장위1동]","[1129068500:서울특별시 성북구 길음2동, 1129071500:서울특별시 성북구 월곡1동, 1130554500:서울특별시 강북구 송중동, 1130555500:서울특별시 강북구 송천동]","[1129066000:서울특별시 성북구 길음1동, 1129068500:서울특별시 성북구 길음2동, 1129071500:서울특별시 성북구 월곡1동, 1129076000:서울특별시 성북구 장위1동, 1130554500:서울특별시 강북구 송중동, 1130555500:서울특별시 강북구 송천동, 1130557500:서울특별시 강북구 삼각산동, 1130560000:서울특별시 강북구 번2동, 1130560600:서울특별시 강북구 번3동]",ST000187
미아역,지하철,4호선,"[1130553400, 1130553500, 1130554500, 1130555500]","[서울특별시 강북구 미아동, 서울특별시 강북구 삼양동, 서울특별시 강북구 송중동, 서울특별시 강북구 송천동]","[1130553400, 1130553500, 1130554500, 1130555500, 1130557500, 1130559000, 1130560000, 1130560600, 1130561000, 1130566000]","[서울특별시 강북구 미아동, 서울특별시 강북구 번1동, 서울특별시 강북구 번2동, 서울특별시 강북구 번3동, 서울특별시 강북구 삼각산동, 서울특별시 강북구 삼양동, 서울특별시 강북구 송중동, 서울특별시 강북구 송천동, 서울특별시 강북구 수유1동, 서울특별시 강북구 인수동]","[1130553400:서울특별시 강북구 삼양동, 1130553500:서울특별시 강북구 미아동, 1130554500:서울특별시 강북구 송중동, 1130555500:서울특별시 강북구 송천동]","[1130553400:서울특별시 강북구 삼양동, 1130553500:서울특별시 강북구 미아동, 1130554500:서울특별시 강북구 송중동, 1130555500:서울특별시 강북구 송천동, 1130557500:서울특별시 강북구 삼각산동, 1130559000:서울특별시 강북구 번1동, 1130560000:서울특별시 강북구 번2동, 1130560600:서울특별시 강북구 번3동, 1130561000:서울특별시 강북구 수유1동, 1130566000:서울특별시 강북구 인수동]",ST000186
박촌역,지하철,인천1호선,"[2824571000, 2824572000]","[인천광역시 계양구 계양1동, 인천광역시 계양구 계양2동]","[2824571000, 2824572000, 2824573000]","[인천광역시 계양구 계양1동, 인천광역시 계양구 계양2동, 인천광역시 계양구 계양3동]","[2824571000:인천광역시 계양구 계양1동, 2824572000:인천광역시 계양구 계양2동]","[2824571000:인천광역시 계양구 계양1동, 2824572000:인천광역시 계양구 계양2동, 2824573000:인천광역시 계양구 계양3동]",ST000045
반월역,지하철,4호선,[4127160000],[경기도 안산시상록구 반월동],"[4127160000, 4141061000]","[경기도 군포시 대야동, 경기도 안산시상록구 반월동]",[4127160000:경기도 안산시상록구 반월동],"[4127160000:경기도 안산시상록구 반월동, 4141061000:경기도 군포시 대야동]",ST000533
반월역,지하철,안산과천선,[4127160000],[경기도 안산시상록구 반월동],"[4127160000, 4141061000]","[경기도 군포시 대야동, 경기도 안산시상록구 반월동]",[4127160000:경기도 안산시상록구 반월동],"[4127160000:경기도 안산시상록구 반월동, 4141061000:경기도 군포시 대야동]",ST000533
반월역,지하철,안산선,[4127160000],[경기도 안산시상록구 반월동],"[4127160000, 4141061000]","[경기도 군포시 대야동, 경기도 안산시상록구 반월동]",[4127160000:경기도 안산시상록구 반월동],"[4127160000:경기도 안산시상록구 반월동, 4141061000:경기도 군포시 대야동]",ST000533
반포역,지하철,7호선,"[1165054000, 1165056000, 1165058000, 1165058100]","[서울특별시 서초구 반포1동, 서울특별시 서초구 반포3동, 서울특별시 서초구 반포4동, 서울특별시 서초구 잠원동]","[1165053100, 1165054000, 1165056000, 1165057000, 1165058000, 1165058100, 1168052100]","[서울특별시 강남구 논현1동, 서울특별시 서초구 반포1동, 서울특별시 서초구 반포2동, 서울특별시 서초구 반포3동, 서울특별시 서초구 반포4동, 서울특별시 서초구 서초4동, 서울특별시 서초구 잠원동]","[1165054000:서울특별시 서초구 잠원동, 1165056000:서울특별시 서초구 반포1동, 1165058000:서울특별시 서초구 반포3동, 1165058100:서울특별시 서초구 반포4동]","[1165053100:서울특별시 서초구 서초4동, 1165054000:서울특별시 서초구 잠원동, 1165056000:서울특별시 서초구 반포1동, 1165057000:서울특별시 서초구 반포2동, 1165058000:서울특별시 서초구 반포3동, 1165058100:서울특별시 서초구 반포4동, 1168052100:서울특별시 강남구 논현1동]",ST000295
발곡역,지하철,의정부,"[4115053000, 4115054500, 4115055500, 4115056100, 4115056700]","[경기도 의정부시 신곡1동, 경기도 의정부시 의정부3동, 경기도 의정부시 장암동, 경기도 의정부시 호원1동, 경기도 의정부시 호원2동]","[4115052000, 4115053000, 4115054500, 4115055500, 4115056100, 4115056700]","[경기도 의정부시 신곡1동, 경기도 의정부시 의정부2동, 경기도 의정부시 의정부3동, 경기도 의정부시 장암동, 경기도 의정부시 호원1동, 경기도 의정부시 호원2동]","[4115053000:경기도 의정부시 의정부3동, 4115054500:경기도 의정부시 호원1동, 4115055500:경기도 의정부시 호원2동, 4115056100:경기도 의정부시 장암동, 4115056700:경기도 의정부시 신곡1동]","[4115052000:경기도 의정부시 의정부2동, 4115053000:경기도 의정부시 의정부3동, 4115054500:경기도 의정부시 호원1동, 4115055500:경기도 의정부시 호원2동, 4115056100:경기도 의정부시 장암동, 4115056700:경기도 의정부시 신곡1동]",ST000385
발산역,지하철,5호선,"[1150060300, 1150061100, 1150062000, 1150063000]","[서울특별시 강서구 가양1동, 서울특별시 강서구 공항동, 서울특별시 강서구 발산1동, 서울특별시 강서구 방화1동]","[1150060300, 1150061100, 1150062000, 1150063000]","[서울특별시 강서구 가양1동, 서울특별시 강서구 공항동, 서울특별시 강서구 발산1동, 서울특별시 강서구 방화1동]","[1150060300:서울특별시 강서구 가양1동, 1150061100:서울특별시 강서구 발산1동, 1150062000:서울특별시 강서구 공항동, 1150063000:서울특별시 강서구 방화1동]","[1150060300:서울특별시 강서구 가양1동, 1150061100:서울특별시 강서구 발산1동, 1150062000:서울특별시 강서구 공항동, 1150063000:서울특별시 강서구 방화1동]",ST000203
방배역,지하철,2호선,"[1165053000, 1165060000, 1165061000, 1165062000]","[서울특별시 서초구 방배1동, 서울특별시 서초구 방배2동, 서울특별시 서초구 방배3동, 서울특별시 서초구 서초3동]","[1165053000, 1165060000, 1165061000, 1165062000, 1165062100]","[서울특별시 서초구 방배1동, 서울특별시 서초구 방배2동, 서울특별시 서초구 방배3동, 서울특별시 서초구 방배4동, 서울특별시 서초구 서초3동]","[1165053000:서울특별시 서초구 서초3동, 1165060000:서울특별시 서초구 방배1동, 1165061000:서울특별시 서초구 방배2동, 1165062000:서울특별시 서초구 방배3동]","[1165053000:서울특별시 서초구 서초3동, 1165060000:서울특별시 서초구 방배1동, 1165061000:서울특별시 서초구 방배2동, 1165062000:서울특별시 서초구 방배3동, 1165062100:서울특별시 서초구 방배4동]",ST000126
방이역,지하철,5호선,"[1171056100, 1171056600, 1171057000, 1171059000, 1171062000]","[서울특별시 송파구 가락본동, 서울특별시 송파구 방이1동, 서울특별시 송파구 송파2동, 서울특별시 송파구 오금동, 서울특별시 송파구 오륜동]","[1171056100, 1171056200, 1171056600, 1171057000, 1171058000, 1171059000, 1171062000, 1171063200]","[서울특별시 송파구 가락2동, 서울특별시 송파구 가락본동, 서울특별시 송파구 방이1동, 서울특별시 송파구 방이2동, 서울특별시 송파구 송파1동, 서울특별시 송파구 송파2동, 서울특별시 송파구 오금동, 서울특별시 송파구 오륜동]","[1171056100:서울특별시 송파구 방이1동, 1171056600:서울특별시 송파구 오륜동, 1171057000:서울특별시 송파구 오금동, 1171059000:서울특별시 송파구 송파2동, 1171062000:서울특별시 송파구 가락본동]","[1171056100:서울특별시 송파구 방이1동, 1171056200:서울특별시 송파구 방이2동, 1171056600:서울특별시 송파구 오륜동, 1171057000:서울특별시 송파구 오금동, 1171058000:서울특별시 송파구 송파1동, 1171059000:서울특별시 송파구 송파2동, 1171062000:서울특별시 송파구 가락본동, 1171063200:서울특별시 송파구 가락2동]",ST000236
방학역,지하철,1호선,"[1132052100, 1132052200, 1132069000, 1132070000, 1135070000]","[서울특별시 노원구 상계8동, 서울특별시 도봉구 도봉1동, 서울특별시 도봉구 도봉2동, 서울특별시 도봉구 방학1동, 서울특별시 도봉구 방학2동]","[1132051400, 1132051500, 1132052100, 1132052200, 1132067000, 1132069000, 1132070000, 1135063000, 1135070000, 1135072000]","[서울특별시 노원구 상계10동, 서울특별시 노원구 상계1동, 서울특별시 노원구 상계8동, 서울특별시 도봉구 도봉1동, 서울특별시 도봉구 도봉2동, 서울특별시 도봉구 방학1동, 서울특별시 도봉구 방학2동, 서울특별시 도봉구 쌍문2동, 서울특별시 도봉구 창4동, 서울특별시 도봉구 창5동]","[1132052100:서울특별시 도봉구 도봉1동, 1132052200:서울특별시 도봉구 도봉2동, 1132069000:서울특별시 도봉구 방학1동, 1132070000:서울특별시 도봉구 방학2동, 1135070000:서울특별시 노원구 상계8동]","[1132051400:서울특별시 도봉구 창4동, 1132051500:서울특별시 도봉구 창5동, 1132052100:서울특별시 도봉구 도봉1동, 1132052200:서울특별시 도봉구 도봉2동, 1132067000:서울특별시 도봉구 쌍문2동, 1132069000:서울특별시 도봉구 방학1동, 1132070000:서울특별시 도봉구 방학2동, 1135063000:서울특별시 노원구 상계1동, 1135070000:서울특별시 노원구 상계8동, 1135072000:서울특별시 노원구 상계10동]",ST000471
방화역,지하철,5호선,"[1150063000, 1150064100]","[서울특별시 강서구 방화1동, 서울특별시 강서구 방화3동]","[1150060300, 1150063000, 1150064000, 1150064100]","[서울특별시 강서구 가양1동, 서울특별시 강서구 방화1동, 서울특별시 강서구 방화2동, 서울특별시 강서구 방화3동]","[1150063000:서울특별시 강서구 방화1동, 1150064100:서울특별시 강서구 방화3동]","[1150060300:서울특별시 강서구 가양1동, 1150063000:서울특별시 강서구 방화1동, 1150064000:서울특별시 강서구 방화2동, 1150064100:서울특별시 강서구 방화3동]",ST000199
백마역,지하철,경의중앙선,"[4128554000, 4128555100, 4128556000]","[경기도 고양시일산동구 마두1동, 경기도 고양시일산동구 백석1동, 경기도 고양시일산동구 풍산동]","[4128554000, 4128555100, 4128556000, 4128557000]","[경기도 고양시일산동구 마두1동, 경기도 고양시일산동구 마두2동, 경기도 고양시일산동구 백석1동, 경기도 고양시일산동구 풍산동]","[4128554000:경기도 고양시일산동구 풍산동, 4128555100:경기도 고양시일산동구 백석1동, 4128556000:경기도 고양시일산동구 마두1동]","[4128554000:경기도 고양시일산동구 풍산동, 4128555100:경기도 고양시일산동구 백석1동, 4128556000:경기도 고양시일산동구 마두1동, 4128557000:경기도 고양시일산동구 마두2동]",ST000618
백마역,지하철,서해선,"[4128554000, 4128555100, 4128556000]","[경기도 고양시일산동구 마두1동, 경기도 고양시일산동구 백석1동, 경기도 고양시일산동구 풍산동]","[4128554000, 4128555100, 4128556000, 4128557000]","[경기도 고양시일산동구 마두1동, 경기도 고양시일산동구 마두2동, 경기도 고양시일산동구 백석1동, 경기도 고양시일산동구 풍산동]","[4128554000:경기도 고양시일산동구 풍산동, 4128555100:경기도 고양시일산동구 백석1동, 4128556000:경기도 고양시일산동구 마두1동]","[4128554000:경기도 고양시일산동구 풍산동, 4128555100:경기도 고양시일산동구 백석1동, 4128556000:경기도 고양시일산동구 마두1동, 4128557000:경기도 고양시일산동구 마두2동]",ST000618
백석역,지하철,3호선,"[4128555100, 4128555200]","[경기도 고양시일산동구 백석1동, 경기도 고양시일산동구 백석2동]","[4128161000, 4128555100, 4128555200, 4128557000, 4128558000, 4128559000]","[경기도 고양시덕양구 능곡동, 경기도 고양시일산동구 마두2동, 경기도 고양시일산동구 백석1동, 경기도 고양시일산동구 백석2동, 경기도 고양시일산동구 장항1동, 경기도 고양시일산동구 장항2동]","[4128555100:경기도 고양시일산동구 백석1동, 4128555200:경기도 고양시일산동구 백석2동]","[4128161000:경기도 고양시덕양구 능곡동, 4128555100:경기도 고양시일산동구 백석1동, 4128555200:경기도 고양시일산동구 백석2동, 4128557000:경기도 고양시일산동구 마두2동, 4128558000:경기도 고양시일산동구 장항1동, 4128559000:경기도 고양시일산동구 장항2동]",ST000450
백석역,지하철,일산선,"[4128555100, 4128555200]","[경기도 고양시일산동구 백석1동, 경기도 고양시일산동구 백석2동]","[4128161000, 4128555100, 4128555200, 4128557000, 4128558000, 4128559000]","[경기도 고양시덕양구 능곡동, 경기도 고양시일산동구 마두2동, 경기도 고양시일산동구 백석1동, 경기도 고양시일산동구 백석2동, 경기도 고양시일산동구 장항1동, 경기도 고양시일산동구 장항2동]","[4128555100:경기도 고양시일산동구 백석1동, 4128555200:경기도 고양시일산동구 백석2동]","[4128161000:경기도 고양시덕양구 능곡동, 4128555100:경기도 고양시일산동구 백석1동, 4128555200:경기도 고양시일산동구 백석2동, 4128557000:경기도 고양시일산동구 마두2동, 4128558000:경기도 고양시일산동구 장항1동, 4128559000:경기도 고양시일산동구 장항2동]",ST000450
백운역,지하철,1호선,"[2823752000, 2823753000, 2823758100, 2823768000, 2823769000]","[인천광역시 부평구 부평2동, 인천광역시 부평구 부평3동, 인천광역시 부평구 산곡3동, 인천광역시 부평구 십정1동, 인천광역시 부평구 십정2동]","[2820055000, 2823752000, 2823753000, 2823758100, 2823768000, 2823769000, 2826061000]","[인천광역시 남동구 간석3동, 인천광역시 부평구 부평2동, 인천광역시 부평구 부평3동, 인천광역시 부평구 산곡3동, 인천광역시 부평구 십정1동, 인천광역시 부평구 십정2동, 인천광역시 서구 가좌4동]","[2823752000:인천광역시 부평구 부평2동, 2823753000:인천광역시 부평구 부평3동, 2823758100:인천광역시 부평구 산곡3동, 2823768000:인천광역시 부평구 십정1동, 2823769000:인천광역시 부평구 십정2동]","[2820055000:인천광역시 남동구 간석3동, 2823752000:인천광역시 부평구 부평2동, 2823753000:인천광역시 부평구 부평3동, 2823758100:인천광역시 부평구 산곡3동, 2823768000:인천광역시 부평구 십정1동, 2823769000:인천광역시 부평구 십정2동, 2826061000:인천광역시 서구 가좌4동]",ST000518
버티고개역,지하철,6호선,"[1114058000, 1114062500, 1114063500, 1117068500, 1120064500]","[서울특별시 성동구 옥수동, 서울특별시 용산구 한남동, 서울특별시 중구 다산동, 서울특별시 중구 약수동, 서울특별시 중구 장충동]","[1114057000, 1114058000, 1114062500, 1114063500, 1114064500, 1117066000, 1117068500, 1120061500, 1120062000, 1120064500]","[서울특별시 성동구 금호2·3가동, 서울특별시 성동구 금호4가동, 서울특별시 성동구 옥수동, 서울특별시 용산구 이태원2동, 서울특별시 용산구 한남동, 서울특별시 중구 다산동, 서울특별시 중구 약수동, 서울특별시 중구 장충동, 서울특별시 중구 청구동, 서울특별시 중구 필동]","[1114058000:서울특별시 중구 장충동, 1114062500:서울특별시 중구 다산동, 1114063500:서울특별시 중구 약수동, 1117068500:서울특별시 용산구 한남동, 1120064500:서울특별시 성동구 옥수동]","[1114057000:서울특별시 중구 필동, 1114058000:서울특별시 중구 장충동, 1114062500:서울특별시 중구 다산동, 1114063500:서울특별시 중구 약수동, 1114064500:서울특별시 중구 청구동, 1117066000:서울특별시 용산구 이태원2동, 1117068500:서울특별시 용산구 한남동, 1120061500:서울특별시 성동구 금호2·3가동, 1120062000:서울특별시 성동구 금호4가동, 1120064500:서울특별시 성동구 옥수동]",ST000262
범계역,지하철,4호선,"[4117354000, 4117354600, 4117356600, 4117357600, 4117359000, 4117361000]","[경기도 안양시동안구 달안동, 경기도 안양시동안구 범계동, 경기도 안양시동안구 부림동, 경기도 안양시동안구 부흥동, 경기도 안양시동안구 평안동, 경기도 안양시동안구 호계2동]","[4117157000, 4117352000, 4117354000, 4117354600, 4117356600, 4117357600, 4117357800, 4117359000, 4117361000, 4117362000]","[경기도 안양시동안구 귀인동, 경기도 안양시동안구 달안동, 경기도 안양시동안구 범계동, 경기도 안양시동안구 부림동, 경기도 안양시동안구 부흥동, 경기도 안양시동안구 비산2동, 경기도 안양시동안구 신촌동, 경기도 안양시동안구 평안동, 경기도 안양시동안구 호계2동, 경기도 안양시만안구 안양7동]","[4117354000:경기도 안양시동안구 부흥동, 4117354600:경기도 안양시동안구 달안동, 4117356600:경기도 안양시동안구 부림동, 4117357600:경기도 안양시동안구 평안동, 4117359000:경기도 안양시동안구 호계2동, 4117361000:경기도 안양시동안구 범계동]","[4117157000:경기도 안양시만안구 안양7동, 4117352000:경기도 안양시동안구 비산2동, 4117354000:경기도 안양시동안구 부흥동, 4117354600:경기도 안양시동안구 달안동, 4117356600:경기도 안양시동안구 부림동, 4117357600:경기도 안양시동안구 평안동, 4117357800:경기도 안양시동안구 귀인동, 4117359000:경기도 안양시동안구 호계2동, 4117361000:경기도 안양시동안구 범계동, 4117362000:경기도 안양시동안구 신촌동]",ST000574
범계역,지하철,과천선,"[4117354000, 4117354600, 4117356600, 4117357600, 4117359000, 4117361000]","[경기도 안양시동안구 달안동, 경기도 안양시동안구 범계동, 경기도 안양시동안구 부림동, 경기도 안양시동안구 부흥동, 경기도 안양시동안구 평안동, 경기도 안양시동안구 호계2동]","[4117157000, 4117352000, 4117354000, 4117354600, 4117356600, 4117357600, 4117357800, 4117359000, 4117361000, 4117362000]","[경기도 안양시동안구 귀인동, 경기도 안양시동안구 달안동, 경기도 안양시동안구 범계동, 경기도 안양시동안구 부림동, 경기도 안양시동안구 부흥동, 경기도 안양시동안구 비산2동, 경기도 안양시동안구 신촌동, 경기도 안양시동안구 평안동, 경기도 안양시동안구 호계2동, 경기도 안양시만안구 안양7동]","[4117354000:경기도 안양시동안구 부흥동, 4117354600:경기도 안양시동안구 달안동, 4117356600:경기도 안양시동안구 부림동, 4117357600:경기도 안양시동안구 평안동, 4117359000:경기도 안양시동안구 호계2동, 4117361000:경기도 안양시동안구 범계동]","[4117157000:경기도 안양시만안구 안양7동, 4117352000:경기도 안양시동안구 비산2동, 4117354000:경기도 안양시동안구 부흥동, 4117354600:경기도 안양시동안구 달안동, 4117356600:경기도 안양시동안구 부림동, 4117357600:경기도 안양시동안구 평안동, 4117357800:경기도 안양시동안구 귀인동, 4117359000:경기도 안양시동안구 호계2동, 4117361000:경기도 안양시동안구 범계동, 4117362000:경기도 안양시동안구 신촌동]",ST000574
범계역,지하철,안산과천선,"[4117354000, 4117354600, 4117356600, 4117357600, 4117359000, 4117361000]","[경기도 안양시동안구 달안동, 경기도 안양시동안구 범계동, 경기도 안양시동안구 부림동, 경기도 안양시동안구 부흥동, 경기도 안양시동안구 평안동, 경기도 안양시동안구 호계2동]","[4117157000, 4117352000, 4117354000, 4117354600, 4117356600, 4117357600, 4117357800, 4117359000, 4117361000, 4117362000]","[경기도 안양시동안구 귀인동, 경기도 안양시동안구 달안동, 경기도 안양시동안구 범계동, 경기도 안양시동안구 부림동, 경기도 안양시동안구 부흥동, 경기도 안양시동안구 비산2동, 경기도 안양시동안구 신촌동, 경기도 안양시동안구 평안동, 경기도 안양시동안구 호계2동, 경기도 안양시만안구 안양7동]","[4117354000:경기도 안양시동안구 부흥동, 4117354600:경기도 안양시동안구 달안동, 4117356600:경기도 안양시동안구 부림동, 4117357600:경기도 안양시동안구 평안동, 4117359000:경기도 안양시동안구 호계2동, 4117361000:경기도 안양시동안구 범계동]","[4117157000:경기도 안양시만안구 안양7동, 4117352000:경기도 안양시동안구 비산2동, 4117354000:경기도 안양시동안구 부흥동, 4117354600:경기도 안양시동안구 달안동, 4117356600:경기도 안양시동안구 부림동, 4117357600:경기도 안양시동안구 평안동, 4117357800:경기도 안양시동안구 귀인동, 4117359000:경기도 안양시동안구 호계2동, 4117361000:경기도 안양시동안구 범계동, 4117362000:경기도 안양시동안구 신촌동]",ST000574
범골역,지하철,의정부,"[4115052000, 4115053000, 4115055500]","[경기도 의정부시 의정부2동, 경기도 의정부시 의정부3동, 경기도 의정부시 호원2동]","[4115052000, 4115053000, 4115054500, 4115055500, 4115056100, 4115056700]","[경기도 의정부시 신곡1동, 경기도 의정부시 의정부2동, 경기도 의정부시 의정부3동, 경기도 의정부시 장암동, 경기도 의정부시 호원1동, 경기도 의정부시 호원2동]","[4115052000:경기도 의정부시 의정부2동, 4115053000:경기도 의정부시 의정부3동, 4115055500:경기도 의정부시 호원2동]","[4115052000:경기도 의정부시 의정부2동, 4115053000:경기도 의정부시 의정부3동, 4115054500:경기도 의정부시 호원1동, 4115055500:경기도 의정부시 호원2동, 4115056100:경기도 의정부시 장암동, 4115056700:경기도 의정부시 신곡1동]",ST000383
별내별가람역,지하철,진접선,[4136057000],[경기도 남양주시 별내동],[4136057000],[경기도 남양주시 별내동],[4136057000:경기도 남양주시 별내동],[4136057000:경기도 남양주시 별내동],ST000663
별내역,지하철,8호선,"[4131051000, 4131052000, 4136037000, 4136057000]","[경기도 구리시 갈매동, 경기도 구리시 동구동, 경기도 남양주시 별내동, 경기도 남양주시 퇴계원면]","[4131051000, 4131052000, 4136037000, 4136057000]","[경기도 구리시 갈매동, 경기도 구리시 동구동, 경기도 남양주시 별내동, 경기도 남양주시 퇴계원면]","[4131051000:경기도 구리시 갈매동, 4131052000:경기도 구리시 동구동, 4136037000:경기도 남양주시 퇴계원면, 4136057000:경기도 남양주시 별내동]","[4131051000:경기도 구리시 갈매동, 4131052000:경기도 구리시 동구동, 4136037000:경기도 남양주시 퇴계원면, 4136057000:경기도 남양주시 별내동]",ST000442
별내역,지하철,경춘선,"[4131051000, 4131052000, 4136037000, 4136057000]","[경기도 구리시 갈매동, 경기도 구리시 동구동, 경기도 남양주시 별내동, 경기도 남양주시 퇴계원면]","[4131051000, 4131052000, 4136037000, 4136057000]","[경기도 구리시 갈매동, 경기도 구리시 동구동, 경기도 남양주시 별내동, 경기도 남양주시 퇴계원면]","[4131051000:경기도 구리시 갈매동, 4131052000:경기도 구리시 동구동, 4136037000:경기도 남양주시 퇴계원면, 4136057000:경기도 남양주시 별내동]","[4131051000:경기도 구리시 갈매동, 4131052000:경기도 구리시 동구동, 4136037000:경기도 남양주시 퇴계원면, 4136057000:경기도 남양주시 별내동]",ST000442
별내역,지하철,별내선,"[4131051000, 4131052000, 4136037000, 4136057000]","[경기도 구리시 갈매동, 경기도 구리시 동구동, 경기도 남양주시 별내동, 경기도 남양주시 퇴계원면]","[4131051000, 4131052000, 4136037000, 4136057000]","[경기도 구리시 갈매동, 경기도 구리시 동구동, 경기도 남양주시 별내동, 경기도 남양주시 퇴계원면]","[4131051000:경기도 구리시 갈매동, 4131052000:경기도 구리시 동구동, 4136037000:경기도 남양주시 퇴계원면, 4136057000:경기도 남양주시 별내동]","[4131051000:경기도 구리시 갈매동, 4131052000:경기도 구리시 동구동, 4136037000:경기도 남양주시 퇴계원면, 4136057000:경기도 남양주시 별내동]",ST000442
병점역,지하철,1호선,"[4159052000, 4159053000]","[경기도 화성시 병점1동, 경기도 화성시 진안동]","[4137055000, 4159052000, 4159053000, 4159054000, 4159057000]","[경기도 오산시 세마동, 경기도 화성시 병점1동, 경기도 화성시 병점2동, 경기도 화성시 진안동, 경기도 화성시 화산동]","[4159052000:경기도 화성시 진안동, 4159053000:경기도 화성시 병점1동]","[4137055000:경기도 오산시 세마동, 4159052000:경기도 화성시 진안동, 4159053000:경기도 화성시 병점1동, 4159054000:경기도 화성시 병점2동, 4159057000:경기도 화성시 화산동]",ST000551
보라매공원역,지하철,신림선,"[1156068000, 1159066000, 1159067000, 1159068000]","[서울특별시 동작구 대방동, 서울특별시 동작구 신대방1동, 서울특별시 동작구 신대방2동, 서울특별시 영등포구 신길6동]","[1156067000, 1156068000, 1156069000, 1156070000, 1159055000, 1159066000, 1159067000, 1159068000, 1162052500, 1162068500, 1162069500, 1162072500]","[서울특별시 관악구 보라매동, 서울특별시 관악구 신림동, 서울특별시 관악구 신사동, 서울특별시 관악구 조원동, 서울특별시 동작구 대방동, 서울특별시 동작구 상도3동, 서울특별시 동작구 신대방1동, 서울특별시 동작구 신대방2동, 서울특별시 영등포구 대림1동, 서울특별시 영등포구 신길5동, 서울특별시 영등포구 신길6동, 서울특별시 영등포구 신길7동]","[1156068000:서울특별시 영등포구 신길6동, 1159066000:서울특별시 동작구 대방동, 1159067000:서울특별시 동작구 신대방1동, 1159068000:서울특별시 동작구 신대방2동]","[1156067000:서울특별시 영등포구 신길5동, 1156068000:서울특별시 영등포구 신길6동, 1156069000:서울특별시 영등포구 신길7동, 1156070000:서울특별시 영등포구 대림1동, 1159055000:서울특별시 동작구 상도3동, 1159066000:서울특별시 동작구 대방동, 1159067000:서울특별시 동작구 신대방1동, 1159068000:서울특별시 동작구 신대방2동, 1162052500:서울특별시 관악구 보라매동, 1162068500:서울특별시 관악구 신사동, 1162069500:서울특별시 관악구 신림동, 1162072500:서울특별시 관악구 조원동]",ST000406
보라매병원역,지하철,신림선,"[1159068000, 1162052500, 1162069500]","[서울특별시 관악구 보라매동, 서울특별시 관악구 신림동, 서울특별시 동작구 신대방2동]","[1156068000, 1156069000, 1159055000, 1159066000, 1159067000, 1159068000, 1162052500, 1162068500, 1162069500]","[서울특별시 관악구 보라매동, 서울특별시 관악구 신림동, 서울특별시 관악구 신사동, 서울특별시 동작구 대방동, 서울특별시 동작구 상도3동, 서울특별시 동작구 신대방1동, 서울특별시 동작구 신대방2동, 서울특별시 영등포구 신길6동, 서울특별시 영등포구 신길7동]","[1159068000:서울특별시 동작구 신대방2동, 1162052500:서울특별시 관악구 보라매동, 1162069500:서울특별시 관악구 신림동]","[1156068000:서울특별시 영등포구 신길6동, 1156069000:서울특별시 영등포구 신길7동, 1159055000:서울특별시 동작구 상도3동, 1159066000:서울특별시 동작구 대방동, 1159067000:서울특별시 동작구 신대방1동, 1159068000:서울특별시 동작구 신대방2동, 1162052500:서울특별시 관악구 보라매동, 1162068500:서울특별시 관악구 신사동, 1162069500:서울특별시 관악구 신림동]",ST000405
보라매역,지하철,7호선,"[1156068000, 1156069000, 1159066000, 1159068000]","[서울특별시 동작구 대방동, 서울특별시 동작구 신대방2동, 서울특별시 영등포구 신길6동, 서울특별시 영등포구 신길7동]","[1156063000, 1156065000, 1156066000, 1156067000, 1156068000, 1156069000, 1159055000, 1159066000, 1159067000, 1159068000, 1162052500]","[서울특별시 관악구 보라매동, 서울특별시 동작구 대방동, 서울특별시 동작구 상도3동, 서울특별시 동작구 신대방1동, 서울특별시 동작구 신대방2동, 서울특별시 영등포구 신길1동, 서울특별시 영등포구 신길3동, 서울특별시 영등포구 신길4동, 서울특별시 영등포구 신길5동, 서울특별시 영등포구 신길6동, 서울특별시 영등포구 신길7동]","[1156068000:서울특별시 영등포구 신길6동, 1156069000:서울특별시 영등포구 신길7동, 1159066000:서울특별시 동작구 대방동, 1159068000:서울특별시 동작구 신대방2동]","[1156063000:서울특별시 영등포구 신길1동, 1156065000:서울특별시 영등포구 신길3동, 1156066000:서울특별시 영등포구 신길4동, 1156067000:서울특별시 영등포구 신길5동, 1156068000:서울특별시 영등포구 신길6동, 1156069000:서울특별시 영등포구 신길7동, 1159055000:서울특별시 동작구 상도3동, 1159066000:서울특별시 동작구 대방동, 1159067000:서울특별시 동작구 신대방1동, 1159068000:서울특별시 동작구 신대방2동, 1162052500:서울특별시 관악구 보라매동]",ST000302
보라매역,지하철,신림선,"[1156068000, 1156069000, 1159066000, 1159068000]","[서울특별시 동작구 대방동, 서울특별시 동작구 신대방2동, 서울특별시 영등포구 신길6동, 서울특별시 영등포구 신길7동]","[1156063000, 1156065000, 1156066000, 1156067000, 1156068000, 1156069000, 1159055000, 1159066000, 1159067000, 1159068000, 1162052500]","[서울특별시 관악구 보라매동, 서울특별시 동작구 대방동, 서울특별시 동작구 상도3동, 서울특별시 동작구 신대방1동, 서울특별시 동작구 신대방2동, 서울특별시 영등포구 신길1동, 서울특별시 영등포구 신길3동, 서울특별시 영등포구 신길4동, 서울특별시 영등포구 신길5동, 서울특별시 영등포구 신길6동, 서울특별시 영등포구 신길7동]","[1156068000:서울특별시 영등포구 신길6동, 1156069000:서울특별시 영등포구 신길7동, 1159066000:서울특별시 동작구 대방동, 1159068000:서울특별시 동작구 신대방2동]","[1156063000:서울특별시 영등포구 신길1동, 1156065000:서울특별시 영등포구 신길3동, 1156066000:서울특별시 영등포구 신길4동, 1156067000:서울특별시 영등포구 신길5동, 1156068000:서울특별시 영등포구 신길6동, 1156069000:서울특별시 영등포구 신길7동, 1159055000:서울특별시 동작구 상도3동, 1159066000:서울특별시 동작구 대방동, 1159067000:서울특별시 동작구 신대방1동, 1159068000:서울특별시 동작구 신대방2동, 1162052500:서울특별시 관악구 보라매동]",ST000302
보문역,지하철,6호선,"[1111070000, 1129055500, 1129057500, 1129060000, 1129061000]","[서울특별시 성북구 동선동, 서울특별시 성북구 보문동, 서울특별시 성북구 삼선동, 서울특별시 성북구 안암동, 서울특별시 종로구 숭인1동]","[1111068000, 1111069000, 1111070000, 1111071000, 1123053600, 1123054500, 1129052500, 1129055500, 1129057500, 1129060000, 1129061000]","[서울특별시 동대문구 용신동, 서울특별시 동대문구 제기동, 서울특별시 성북구 동선동, 서울특별시 성북구 보문동, 서울특별시 성북구 삼선동, 서울특별시 성북구 성북동, 서울특별시 성북구 안암동, 서울특별시 종로구 숭인1동, 서울특별시 종로구 숭인2동, 서울특별시 종로구 창신2동, 서울특별시 종로구 창신3동]","[1111070000:서울특별시 종로구 숭인1동, 1129055500:서울특별시 성북구 삼선동, 1129057500:서울특별시 성북구 동선동, 1129060000:서울특별시 성북구 안암동, 1129061000:서울특별시 성북구 보문동]","[1111068000:서울특별시 종로구 창신2동, 1111069000:서울특별시 종로구 창신3동, 1111070000:서울특별시 종로구 숭인1동, 1111071000:서울특별시 종로구 숭인2동, 1123053600:서울특별시 동대문구 용신동, 1123054500:서울특별시 동대문구 제기동, 1129052500:서울특별시 성북구 성북동, 1129055500:서울특별시 성북구 삼선동, 1129057500:서울특별시 성북구 동선동, 1129060000:서울특별시 성북구 안암동, 1129061000:서울특별시 성북구 보문동]",ST000012
보문역,지하철,우이신설선,"[1111070000, 1129055500, 1129057500, 1129060000, 1129061000]","[서울특별시 성북구 동선동, 서울특별시 성북구 보문동, 서울특별시 성북구 삼선동, 서울특별시 성북구 안암동, 서울특별시 종로구 숭인1동]","[1111068000, 1111069000, 1111070000, 1111071000, 1123053600, 1123054500, 1129052500, 1129055500, 1129057500, 1129060000, 1129061000]","[서울특별시 동대문구 용신동, 서울특별시 동대문구 제기동, 서울특별시 성북구 동선동, 서울특별시 성북구 보문동, 서울특별시 성북구 삼선동, 서울특별시 성북구 성북동, 서울특별시 성북구 안암동, 서울특별시 종로구 숭인1동, 서울특별시 종로구 숭인2동, 서울특별시 종로구 창신2동, 서울특별시 종로구 창신3동]","[1111070000:서울특별시 종로구 숭인1동, 1129055500:서울특별시 성북구 삼선동, 1129057500:서울특별시 성북구 동선동, 1129060000:서울특별시 성북구 안암동, 1129061000:서울특별시 성북구 보문동]","[1111068000:서울특별시 종로구 창신2동, 1111069000:서울특별시 종로구 창신3동, 1111070000:서울특별시 종로구 숭인1동, 1111071000:서울특별시 종로구 숭인2동, 1123053600:서울특별시 동대문구 용신동, 1123054500:서울특별시 동대문구 제기동, 1129052500:서울특별시 성북구 성북동, 1129055500:서울특별시 성북구 삼선동, 1129057500:서울특별시 성북구 동선동, 1129060000:서울특별시 성북구 안암동, 1129061000:서울특별시 성북구 보문동]",ST000012
보산역,지하철,1호선,"[4125051000, 4125053500, 4125055000, 4125060000]","[경기도 동두천시 보산동, 경기도 동두천시 상패동, 경기도 동두천시 생연1동, 경기도 동두천시 중앙동]","[4125051000, 4125053500, 4125055000, 4125058000, 4125060000]","[경기도 동두천시 보산동, 경기도 동두천시 상패동, 경기도 동두천시 생연1동, 경기도 동두천시 소요동, 경기도 동두천시 중앙동]","[4125051000:경기도 동두천시 생연1동, 4125053500:경기도 동두천시 중앙동, 4125055000:경기도 동두천시 보산동, 4125060000:경기도 동두천시 상패동]","[4125051000:경기도 동두천시 생연1동, 4125053500:경기도 동두천시 중앙동, 4125055000:경기도 동두천시 보산동, 4125058000:경기도 동두천시 소요동, 4125060000:경기도 동두천시 상패동]",ST000460
보정역,지하철,수인분당선,[4146359000],[경기도 용인시기흥구 보정동],"[4146359000, 4146552000, 4146554000]","[경기도 용인시기흥구 보정동, 경기도 용인시수지구 죽전1동, 경기도 용인시수지구 풍덕천2동]",[4146359000:경기도 용인시기흥구 보정동],"[4146359000:경기도 용인시기흥구 보정동, 4146552000:경기도 용인시수지구 풍덕천2동, 4146554000:경기도 용인시수지구 죽전1동]",ST000498
보평역,지하철,에버라인,[4146153000],[경기도 용인시처인구 유림동],"[4146125000, 4146153000]","[경기도 용인시처인구 유림동, 경기도 용인시처인구 포곡읍]",[4146153000:경기도 용인시처인구 유림동],"[4146125000:경기도 용인시처인구 포곡읍, 4146153000:경기도 용인시처인구 유림동]",ST000388
복정역,지하철,8호선,"[1171064200, 1171064600, 1171064700, 4113162000, 4113162500]","[경기도 성남시수정구 복정동, 경기도 성남시수정구 위례동, 서울특별시 송파구 문정2동, 서울특별시 송파구 위례동, 서울특별시 송파구 장지동]","[1168070000, 1171064200, 1171064600, 1171064700, 4113162000, 4113162500]","[경기도 성남시수정구 복정동, 경기도 성남시수정구 위례동, 서울특별시 강남구 세곡동, 서울특별시 송파구 문정2동, 서울특별시 송파구 위례동, 서울특별시 송파구 장지동]","[1171064200:서울특별시 송파구 문정2동, 1171064600:서울특별시 송파구 장지동, 1171064700:서울특별시 송파구 위례동, 4113162000:경기도 성남시수정구 복정동, 4113162500:경기도 성남시수정구 위례동]","[1168070000:서울특별시 강남구 세곡동, 1171064200:서울특별시 송파구 문정2동, 1171064600:서울특별시 송파구 장지동, 1171064700:서울특별시 송파구 위례동, 4113162000:경기도 성남시수정구 복정동, 4113162500:경기도 성남시수정구 위례동]",ST000318
복정역,지하철,수인분당선,"[1171064200, 1171064600, 1171064700, 4113162000, 4113162500]","[경기도 성남시수정구 복정동, 경기도 성남시수정구 위례동, 서울특별시 송파구 문정2동, 서울특별시 송파구 위례동, 서울특별시 송파구 장지동]","[1168070000, 1171064200, 1171064600, 1171064700, 4113162000, 4113162500]","[경기도 성남시수정구 복정동, 경기도 성남시수정구 위례동, 서울특별시 강남구 세곡동, 서울특별시 송파구 문정2동, 서울특별시 송파구 위례동, 서울특별시 송파구 장지동]","[1171064200:서울특별시 송파구 문정2동, 1171064600:서울특별시 송파구 장지동, 1171064700:서울특별시 송파구 위례동, 4113162000:경기도 성남시수정구 복정동, 4113162500:경기도 성남시수정구 위례동]","[1168070000:서울특별시 강남구 세곡동, 1171064200:서울특별시 송파구 문정2동, 1171064600:서울특별시 송파구 장지동, 1171064700:서울특별시 송파구 위례동, 4113162000:경기도 성남시수정구 복정동, 4113162500:경기도 성남시수정구 위례동]",ST000318
봉은사역,지하철,9호선,[1168058000],[서울특별시 강남구 삼성1동],"[1168056500, 1168058000, 1168059000, 1168061000, 1168063000, 1171067000, 1171072000]","[서울특별시 강남구 대치2동, 서울특별시 강남구 대치4동, 서울특별시 강남구 삼성1동, 서울특별시 강남구 삼성2동, 서울특별시 강남구 청담동, 서울특별시 송파구 잠실2동, 서울특별시 송파구 잠실7동]",[1168058000:서울특별시 강남구 삼성1동],"[1168056500:서울특별시 강남구 청담동, 1168058000:서울특별시 강남구 삼성1동, 1168059000:서울특별시 강남구 삼성2동, 1168061000:서울특별시 강남구 대치2동, 1168063000:서울특별시 강남구 대치4동, 1171067000:서울특별시 송파구 잠실2동, 1171072000:서울특별시 송파구 잠실7동]",ST000042
봉천역,지하철,2호선,"[1162052500, 1162059500, 1162060500, 1162061500, 1162064500]","[서울특별시 관악구 보라매동, 서울특별시 관악구 서원동, 서울특별시 관악구 은천동, 서울특별시 관악구 중앙동, 서울특별시 관악구 청룡동]","[1159055000, 1162052500, 1162056500, 1162057500, 1162058500, 1162059500, 1162060500, 1162061500, 1162064500, 1162065500, 1162066500, 1162069500]","[서울특별시 관악구 낙성대동, 서울특별시 관악구 보라매동, 서울특별시 관악구 서림동, 서울특별시 관악구 서원동, 서울특별시 관악구 성현동, 서울특별시 관악구 신림동, 서울특별시 관악구 신원동, 서울특별시 관악구 은천동, 서울특별시 관악구 중앙동, 서울특별시 관악구 청룡동, 서울특별시 관악구 행운동, 서울특별시 동작구 상도3동]","[1162052500:서울특별시 관악구 보라매동, 1162059500:서울특별시 관악구 청룡동, 1162060500:서울특별시 관악구 은천동, 1162061500:서울특별시 관악구 중앙동, 1162064500:서울특별시 관악구 서원동]","[1159055000:서울특별시 동작구 상도3동, 1162052500:서울특별시 관악구 보라매동, 1162056500:서울특별시 관악구 성현동, 1162057500:서울특별시 관악구 행운동, 1162058500:서울특별시 관악구 낙성대동, 1162059500:서울특별시 관악구 청룡동, 1162060500:서울특별시 관악구 은천동, 1162061500:서울특별시 관악구 중앙동, 1162064500:서울특별시 관악구 서원동, 1162065500:서울특별시 관악구 신원동, 1162066500:서울특별시 관악구 서림동, 1162069500:서울특별시 관악구 신림동]",ST000130
봉화산역,지하철,6호선,"[1126062000, 1126068000, 1126069000, 1135060000]","[서울특별시 노원구 공릉2동, 서울특별시 중랑구 묵1동, 서울특별시 중랑구 신내1동, 서울특별시 중랑구 신내2동]","[1126058000, 1126060000, 1126062000, 1126068000, 1126069000, 1135059500, 1135060000]","[서울특별시 노원구 공릉1동, 서울특별시 노원구 공릉2동, 서울특별시 중랑구 묵1동, 서울특별시 중랑구 상봉1동, 서울특별시 중랑구 신내1동, 서울특별시 중랑구 신내2동, 서울특별시 중랑구 중화1동]","[1126062000:서울특별시 중랑구 묵1동, 1126068000:서울특별시 중랑구 신내1동, 1126069000:서울특별시 중랑구 신내2동, 1135060000:서울특별시 노원구 공릉2동]","[1126058000:서울특별시 중랑구 상봉1동, 1126060000:서울특별시 중랑구 중화1동, 1126062000:서울특별시 중랑구 묵1동, 1126068000:서울특별시 중랑구 신내1동, 1126069000:서울특별시 중랑구 신내2동, 1135059500:서울특별시 노원구 공릉1동, 1135060000:서울특별시 노원구 공릉2동]",ST000272
부개역,지하철,1호선,"[2823765000, 2823766000, 2823767000, 4119069000, 4119073000]","[경기도 부천시 상2동, 경기도 부천시 송내1동, 인천광역시 부평구 부개1동, 인천광역시 부평구 부개2동, 인천광역시 부평구 일신동]","[2823751000, 2823755000, 2823756000, 2823765000, 2823766000, 2823766100, 2823767000, 4119063000, 4119069000, 4119073000]","[경기도 부천시 상1동, 경기도 부천시 상2동, 경기도 부천시 송내1동, 인천광역시 부평구 부개1동, 인천광역시 부평구 부개2동, 인천광역시 부평구 부개3동, 인천광역시 부평구 부평1동, 인천광역시 부평구 부평5동, 인천광역시 부평구 부평6동, 인천광역시 부평구 일신동]","[2823765000:인천광역시 부평구 부개1동, 2823766000:인천광역시 부평구 부개2동, 2823767000:인천광역시 부평구 일신동, 4119069000:경기도 부천시 상2동, 4119073000:경기도 부천시 송내1동]","[2823751000:인천광역시 부평구 부평1동, 2823755000:인천광역시 부평구 부평5동, 2823756000:인천광역시 부평구 부평6동, 2823765000:인천광역시 부평구 부개1동, 2823766000:인천광역시 부평구 부개2동, 2823766100:인천광역시 부평구 부개3동, 2823767000:인천광역시 부평구 일신동, 4119063000:경기도 부천시 상1동, 4119069000:경기도 부천시 상2동, 4119073000:경기도 부천시 송내1동]",ST000513
부발역,준고속철도,KTX-이음,[4150025300],[경기도 이천시 부발읍],[4150025300],[경기도 이천시 부발읍],[4150025300:경기도 이천시 부발읍],[4150025300:경기도 이천시 부발읍],ST000567
부발역,지하철,경강선,[4150025300],[경기도 이천시 부발읍],[4150025300],[경기도 이천시 부발읍],[4150025300:경기도 이천시 부발읍],[4150025300:경기도 이천시 부발읍],ST000567
부천시청역,지하철,7호선,"[4119064000, 4119066000, 4119068000, 4119069000, 4119070000]","[경기도 부천시 상2동, 경기도 부천시 상3동, 경기도 부천시 중1동, 경기도 부천시 중3동, 경기도 부천시 중4동]","[4119061000, 4119062000, 4119064000, 4119065000, 4119066000, 4119067000, 4119068000, 4119069000, 4119070000]","[경기도 부천시 상2동, 경기도 부천시 상3동, 경기도 부천시 상동, 경기도 부천시 약대동, 경기도 부천시 중1동, 경기도 부천시 중2동, 경기도 부천시 중3동, 경기도 부천시 중4동, 경기도 부천시 중동]","[4119064000:경기도 부천시 중4동, 4119066000:경기도 부천시 중1동, 4119068000:경기도 부천시 중3동, 4119069000:경기도 부천시 상2동, 4119070000:경기도 부천시 상3동]","[4119061000:경기도 부천시 중동, 4119062000:경기도 부천시 상동, 4119064000:경기도 부천시 중4동, 4119065000:경기도 부천시 약대동, 4119066000:경기도 부천시 중1동, 4119067000:경기도 부천시 중2동, 4119068000:경기도 부천시 중3동, 4119069000:경기도 부천시 상2동, 4119070000:경기도 부천시 상3동]",ST000425
부천역,지하철,1호선,"[4119051000, 4119052000, 4119071000, 4119072000]","[경기도 부천시 심곡1동, 경기도 부천시 심곡2동, 경기도 부천시 심곡본1동, 경기도 부천시 심곡본동]","[4119051000, 4119052000, 4119053000, 4119054000, 4119055000, 4119061000, 4119071000, 4119072000, 4119074000, 4119075000]","[경기도 부천시 소사동, 경기도 부천시 소사본동, 경기도 부천시 송내2동, 경기도 부천시 심곡1동, 경기도 부천시 심곡2동, 경기도 부천시 심곡3동, 경기도 부천시 심곡본1동, 경기도 부천시 심곡본동, 경기도 부천시 원미2동, 경기도 부천시 중동]","[4119051000:경기도 부천시 심곡2동, 4119052000:경기도 부천시 심곡1동, 4119071000:경기도 부천시 심곡본동, 4119072000:경기도 부천시 심곡본1동]","[4119051000:경기도 부천시 심곡2동, 4119052000:경기도 부천시 심곡1동, 4119053000:경기도 부천시 심곡3동, 4119054000:경기도 부천시 원미2동, 4119055000:경기도 부천시 소사동, 4119061000:경기도 부천시 중동, 4119071000:경기도 부천시 심곡본동, 4119072000:경기도 부천시 심곡본1동, 4119074000:경기도 부천시 송내2동, 4119075000:경기도 부천시 소사본동]",ST000520
부천종합운동장역,지하철,7호선,"[4119059000, 4119080000]","[경기도 부천시 성곡동, 경기도 부천시 춘의동]","[4119056000, 4119059000, 4119060000, 4119080000]","[경기도 부천시 도당동, 경기도 부천시 성곡동, 경기도 부천시 원미1동, 경기도 부천시 춘의동]","[4119059000:경기도 부천시 춘의동, 4119080000:경기도 부천시 성곡동]","[4119056000:경기도 부천시 원미1동, 4119059000:경기도 부천시 춘의동, 4119060000:경기도 부천시 도당동, 4119080000:경기도 부천시 성곡동]",ST000428
부천종합운동장역,지하철,서해선,"[4119059000, 4119080000]","[경기도 부천시 성곡동, 경기도 부천시 춘의동]","[4119056000, 4119059000, 4119060000, 4119080000]","[경기도 부천시 도당동, 경기도 부천시 성곡동, 경기도 부천시 원미1동, 경기도 부천시 춘의동]","[4119059000:경기도 부천시 춘의동, 4119080000:경기도 부천시 성곡동]","[4119056000:경기도 부천시 원미1동, 4119059000:경기도 부천시 춘의동, 4119060000:경기도 부천시 도당동, 4119080000:경기도 부천시 성곡동]",ST000428
부평구청역,지하철,7호선,"[2823751000, 2823754000, 2823759200, 2823764100, 2823764200]","[인천광역시 부평구 갈산1동, 인천광역시 부평구 갈산2동, 인천광역시 부평구 부평1동, 인천광역시 부평구 부평4동, 인천광역시 부평구 청천2동]","[2823751000, 2823754000, 2823755000, 2823758200, 2823759200, 2823764100, 2823764200, 2823764800, 2823766100]","[인천광역시 부평구 갈산1동, 인천광역시 부평구 갈산2동, 인천광역시 부평구 부개3동, 인천광역시 부평구 부평1동, 인천광역시 부평구 부평4동, 인천광역시 부평구 부평5동, 인천광역시 부평구 산곡4동, 인천광역시 부평구 삼산2동, 인천광역시 부평구 청천2동]","[2823751000:인천광역시 부평구 부평1동, 2823754000:인천광역시 부평구 부평4동, 2823759200:인천광역시 부평구 청천2동, 2823764100:인천광역시 부평구 갈산1동, 2823764200:인천광역시 부평구 갈산2동]","[2823751000:인천광역시 부평구 부평1동, 2823754000:인천광역시 부평구 부평4동, 2823755000:인천광역시 부평구 부평5동, 2823758200:인천광역시 부평구 산곡4동, 2823759200:인천광역시 부평구 청천2동, 2823764100:인천광역시 부평구 갈산1동, 2823764200:인천광역시 부평구 갈산2동, 2823764800:인천광역시 부평구 삼산2동, 2823766100:인천광역시 부평구 부개3동]",ST000421
부평구청역,지하철,인천1호선,"[2823751000, 2823754000, 2823759200, 2823764100, 2823764200]","[인천광역시 부평구 갈산1동, 인천광역시 부평구 갈산2동, 인천광역시 부평구 부평1동, 인천광역시 부평구 부평4동, 인천광역시 부평구 청천2동]","[2823751000, 2823754000, 2823755000, 2823758200, 2823759200, 2823764100, 2823764200, 2823764800, 2823766100]","[인천광역시 부평구 갈산1동, 인천광역시 부평구 갈산2동, 인천광역시 부평구 부개3동, 인천광역시 부평구 부평1동, 인천광역시 부평구 부평4동, 인천광역시 부평구 부평5동, 인천광역시 부평구 산곡4동, 인천광역시 부평구 삼산2동, 인천광역시 부평구 청천2동]","[2823751000:인천광역시 부평구 부평1동, 2823754000:인천광역시 부평구 부평4동, 2823759200:인천광역시 부평구 청천2동, 2823764100:인천광역시 부평구 갈산1동, 2823764200:인천광역시 부평구 갈산2동]","[2823751000:인천광역시 부평구 부평1동, 2823754000:인천광역시 부평구 부평4동, 2823755000:인천광역시 부평구 부평5동, 2823758200:인천광역시 부평구 산곡4동, 2823759200:인천광역시 부평구 청천2동, 2823764100:인천광역시 부평구 갈산1동, 2823764200:인천광역시 부평구 갈산2동, 2823764800:인천광역시 부평구 삼산2동, 2823766100:인천광역시 부평구 부개3동]",ST000421
부평삼거리역,지하철,인천1호선,"[2820055000, 2823752000, 2823753000, 2823769000]","[인천광역시 남동구 간석3동, 인천광역시 부평구 부평2동, 인천광역시 부평구 부평3동, 인천광역시 부평구 십정2동]","[2820055000, 2823752000, 2823753000, 2823768000, 2823769000]","[인천광역시 남동구 간석3동, 인천광역시 부평구 부평2동, 인천광역시 부평구 부평3동, 인천광역시 부평구 십정1동, 인천광역시 부평구 십정2동]","[2820055000:인천광역시 남동구 간석3동, 2823752000:인천광역시 부평구 부평2동, 2823753000:인천광역시 부평구 부평3동, 2823769000:인천광역시 부평구 십정2동]","[2820055000:인천광역시 남동구 간석3동, 2823752000:인천광역시 부평구 부평2동, 2823753000:인천광역시 부평구 부평3동, 2823768000:인천광역시 부평구 십정1동, 2823769000:인천광역시 부평구 십정2동]",ST000053
부평시장역,지하철,인천1호선,"[2823751000, 2823754000]","[인천광역시 부평구 부평1동, 인천광역시 부평구 부평4동]","[2823751000, 2823752000, 2823753000, 2823754000, 2823755000, 2823756000, 2823758100, 2823758200, 2823759200, 2823764100, 2823764200]","[인천광역시 부평구 갈산1동, 인천광역시 부평구 갈산2동, 인천광역시 부평구 부평1동, 인천광역시 부평구 부평2동, 인천광역시 부평구 부평3동, 인천광역시 부평구 부평4동, 인천광역시 부평구 부평5동, 인천광역시 부평구 부평6동, 인천광역시 부평구 산곡3동, 인천광역시 부평구 산곡4동, 인천광역시 부평구 청천2동]","[2823751000:인천광역시 부평구 부평1동, 2823754000:인천광역시 부평구 부평4동]","[2823751000:인천광역시 부평구 부평1동, 2823752000:인천광역시 부평구 부평2동, 2823753000:인천광역시 부평구 부평3동, 2823754000:인천광역시 부평구 부평4동, 2823755000:인천광역시 부평구 부평5동, 2823756000:인천광역시 부평구 부평6동, 2823758100:인천광역시 부평구 산곡3동, 2823758200:인천광역시 부평구 산곡4동, 2823759200:인천광역시 부평구 청천2동, 2823764100:인천광역시 부평구 갈산1동, 2823764200:인천광역시 부평구 갈산2동]",ST000051
부평역,지하철,1호선,"[2823751000, 2823752000, 2823754000, 2823755000, 2823756000]","[인천광역시 부평구 부평1동, 인천광역시 부평구 부평2동, 인천광역시 부평구 부평4동, 인천광역시 부평구 부평5동, 인천광역시 부평구 부평6동]","[2823751000, 2823752000, 2823753000, 2823754000, 2823755000, 2823756000, 2823758100, 2823765000, 2823766000]","[인천광역시 부평구 부개1동, 인천광역시 부평구 부개2동, 인천광역시 부평구 부평1동, 인천광역시 부평구 부평2동, 인천광역시 부평구 부평3동, 인천광역시 부평구 부평4동, 인천광역시 부평구 부평5동, 인천광역시 부평구 부평6동, 인천광역시 부평구 산곡3동]","[2823751000:인천광역시 부평구 부평1동, 2823752000:인천광역시 부평구 부평2동, 2823754000:인천광역시 부평구 부평4동, 2823755000:인천광역시 부평구 부평5동, 2823756000:인천광역시 부평구 부평6동]","[2823751000:인천광역시 부평구 부평1동, 2823752000:인천광역시 부평구 부평2동, 2823753000:인천광역시 부평구 부평3동, 2823754000:인천광역시 부평구 부평4동, 2823755000:인천광역시 부평구 부평5동, 2823756000:인천광역시 부평구 부평6동, 2823758100:인천광역시 부평구 산곡3동, 2823765000:인천광역시 부평구 부개1동, 2823766000:인천광역시 부평구 부개2동]",ST000433
부평역,지하철,인천1호선,"[2823751000, 2823752000, 2823754000, 2823755000, 2823756000]","[인천광역시 부평구 부평1동, 인천광역시 부평구 부평2동, 인천광역시 부평구 부평4동, 인천광역시 부평구 부평5동, 인천광역시 부평구 부평6동]","[2823751000, 2823752000, 2823753000, 2823754000, 2823755000, 2823756000, 2823758100, 2823765000, 2823766000]","[인천광역시 부평구 부개1동, 인천광역시 부평구 부개2동, 인천광역시 부평구 부평1동, 인천광역시 부평구 부평2동, 인천광역시 부평구 부평3동, 인천광역시 부평구 부평4동, 인천광역시 부평구 부평5동, 인천광역시 부평구 부평6동, 인천광역시 부평구 산곡3동]","[2823751000:인천광역시 부평구 부평1동, 2823752000:인천광역시 부평구 부평2동, 2823754000:인천광역시 부평구 부평4동, 2823755000:인천광역시 부평구 부평5동, 2823756000:인천광역시 부평구 부평6동]","[2823751000:인천광역시 부평구 부평1동, 2823752000:인천광역시 부평구 부평2동, 2823753000:인천광역시 부평구 부평3동, 2823754000:인천광역시 부평구 부평4동, 2823755000:인천광역시 부평구 부평5동, 2823756000:인천광역시 부평구 부평6동, 2823758100:인천광역시 부평구 산곡3동, 2823765000:인천광역시 부평구 부개1동, 2823766000:인천광역시 부평구 부개2동]",ST000433
북한산보국문역,지하철,우이신설선,"[1129062000, 1129063000, 1129064000, 1129065000]","[서울특별시 성북구 정릉1동, 서울특별시 성북구 정릉2동, 서울특별시 성북구 정릉3동, 서울특별시 성북구 정릉4동]","[1129062000, 1129063000, 1129064000, 1129065000, 1129066000, 1130553400, 1130557500]","[서울특별시 강북구 삼각산동, 서울특별시 강북구 삼양동, 서울특별시 성북구 길음1동, 서울특별시 성북구 정릉1동, 서울특별시 성북구 정릉2동, 서울특별시 성북구 정릉3동, 서울특별시 성북구 정릉4동]","[1129062000:서울특별시 성북구 정릉1동, 1129063000:서울특별시 성북구 정릉2동, 1129064000:서울특별시 성북구 정릉3동, 1129065000:서울특별시 성북구 정릉4동]","[1129062000:서울특별시 성북구 정릉1동, 1129063000:서울특별시 성북구 정릉2동, 1129064000:서울특별시 성북구 정릉3동, 1129065000:서울특별시 성북구 정릉4동, 1129066000:서울특별시 성북구 길음1동, 1130553400:서울특별시 강북구 삼양동, 1130557500:서울특별시 강북구 삼각산동]",ST000009
북한산우이역,지하철,우이신설선,"[1130564500, 1132066000, 1132071000]","[서울특별시 강북구 우이동, 서울특별시 도봉구 방학3동, 서울특별시 도봉구 쌍문1동]","[1130564500, 1132052100, 1132066000, 1132071000]","[서울특별시 강북구 우이동, 서울특별시 도봉구 도봉1동, 서울특별시 도봉구 방학3동, 서울특별시 도봉구 쌍문1동]","[1130564500:서울특별시 강북구 우이동, 1132066000:서울특별시 도봉구 쌍문1동, 1132071000:서울특별시 도봉구 방학3동]","[1130564500:서울특별시 강북구 우이동, 1132052100:서울특별시 도봉구 도봉1동, 1132066000:서울특별시 도봉구 쌍문1동, 1132071000:서울특별시 도봉구 방학3동]",ST000001
불광역,지하철,3호선,"[1138051000, 1138052000, 1138057000]","[서울특별시 은평구 녹번동, 서울특별시 은평구 대조동, 서울특별시 은평구 불광1동]","[1138051000, 1138052000, 1138057000, 1138058000, 1138062500]","[서울특별시 은평구 녹번동, 서울특별시 은평구 대조동, 서울특별시 은평구 불광1동, 서울특별시 은평구 역촌동, 서울특별시 은평구 응암1동]","[1138051000:서울특별시 은평구 녹번동, 1138052000:서울특별시 은평구 불광1동, 1138057000:서울특별시 은평구 대조동]","[1138051000:서울특별시 은평구 녹번동, 1138052000:서울특별시 은평구 불광1동, 1138057000:서울특별시 은평구 대조동, 1138058000:서울특별시 은평구 응암1동, 1138062500:서울특별시 은평구 역촌동]",ST000154
불광역,지하철,6호선,"[1138051000, 1138052000, 1138057000]","[서울특별시 은평구 녹번동, 서울특별시 은평구 대조동, 서울특별시 은평구 불광1동]","[1138051000, 1138052000, 1138057000, 1138058000, 1138062500]","[서울특별시 은평구 녹번동, 서울특별시 은평구 대조동, 서울특별시 은평구 불광1동, 서울특별시 은평구 역촌동, 서울특별시 은평구 응암1동]","[1138051000:서울특별시 은평구 녹번동, 1138052000:서울특별시 은평구 불광1동, 1138057000:서울특별시 은평구 대조동]","[1138051000:서울특별시 은평구 녹번동, 1138052000:서울특별시 은평구 불광1동, 1138057000:서울특별시 은평구 대조동, 1138058000:서울특별시 은평구 응암1동, 1138062500:서울특별시 은평구 역촌동]",ST000154
불암산역,지하철,4호선,[1135066500],[서울특별시 노원구 상계3·4동],"[1135062400, 1135063000, 1135066500, 1135067000, 1135071000]","[서울특별시 노원구 상계1동, 서울특별시 노원구 상계3·4동, 서울특별시 노원구 상계5동, 서울특별시 노원구 상계9동, 서울특별시 노원구 중계4동]",[1135066500:서울특별시 노원구 상계3·4동],"[1135062400:서울특별시 노원구 중계4동, 1135063000:서울특별시 노원구 상계1동, 1135066500:서울특별시 노원구 상계3·4동, 1135067000:서울특별시 노원구 상계5동, 1135071000:서울특별시 노원구 상계9동]",ST000662
사가정역,지하철,7호선,"[1126054000, 1126055000, 1126056500, 1126057000, 1126057500]","[서울특별시 중랑구 면목3·8동, 서울특별시 중랑구 면목4동, 서울특별시 중랑구 면목5동, 서울특별시 중랑구 면목7동, 서울특별시 중랑구 면목본동]","[1123066000, 1123073000, 1126052000, 1126054000, 1126055000, 1126056500, 1126057000, 1126057500]","[서울특별시 동대문구 장안2동, 서울특별시 동대문구 휘경2동, 서울특별시 중랑구 면목2동, 서울특별시 중랑구 면목3·8동, 서울특별시 중랑구 면목4동, 서울특별시 중랑구 면목5동, 서울특별시 중랑구 면목7동, 서울특별시 중랑구 면목본동]","[1126054000:서울특별시 중랑구 면목4동, 1126055000:서울특별시 중랑구 면목5동, 1126056500:서울특별시 중랑구 면목본동, 1126057000:서울특별시 중랑구 면목7동, 1126057500:서울특별시 중랑구 면목3·8동]","[1123066000:서울특별시 동대문구 장안2동, 1123073000:서울특별시 동대문구 휘경2동, 1126052000:서울특별시 중랑구 면목2동, 1126054000:서울특별시 중랑구 면목4동, 1126055000:서울특별시 중랑구 면목5동, 1126056500:서울특별시 중랑구 면목본동, 1126057000:서울특별시 중랑구 면목7동, 1126057500:서울특별시 중랑구 면목3·8동]",ST000286
사당역,지하철,2호선,"[1159062000, 1162063000, 1165061000, 1165062000]","[서울특별시 관악구 남현동, 서울특별시 동작구 사당1동, 서울특별시 서초구 방배2동, 서울특별시 서초구 방배3동]","[1159062000, 1159063000, 1159064000, 1159065000, 1162057500, 1162062500, 1162063000, 1165061000, 1165062000, 1165062100]","[서울특별시 관악구 남현동, 서울특별시 관악구 인헌동, 서울특별시 관악구 행운동, 서울특별시 동작구 사당1동, 서울특별시 동작구 사당2동, 서울특별시 동작구 사당3동, 서울특별시 동작구 사당4동, 서울특별시 서초구 방배2동, 서울특별시 서초구 방배3동, 서울특별시 서초구 방배4동]","[1159062000:서울특별시 동작구 사당1동, 1162063000:서울특별시 관악구 남현동, 1165061000:서울특별시 서초구 방배2동, 1165062000:서울특별시 서초구 방배3동]","[1159062000:서울특별시 동작구 사당1동, 1159063000:서울특별시 동작구 사당2동, 1159064000:서울특별시 동작구 사당3동, 1159065000:서울특별시 동작구 사당4동, 1162057500:서울특별시 관악구 행운동, 1162062500:서울특별시 관악구 인헌동, 1162063000:서울특별시 관악구 남현동, 1165061000:서울특별시 서초구 방배2동, 1165062000:서울특별시 서초구 방배3동, 1165062100:서울특별시 서초구 방배4동]",ST000127
사당역,지하철,4호선,"[1159062000, 1162063000, 1165061000, 1165062000]","[서울특별시 관악구 남현동, 서울특별시 동작구 사당1동, 서울특별시 서초구 방배2동, 서울특별시 서초구 방배3동]","[1159062000, 1159063000, 1159064000, 1159065000, 1162057500, 1162062500, 1162063000, 1165061000, 1165062000, 1165062100]","[서울특별시 관악구 남현동, 서울특별시 관악구 인헌동, 서울특별시 관악구 행운동, 서울특별시 동작구 사당1동, 서울특별시 동작구 사당2동, 서울특별시 동작구 사당3동, 서울특별시 동작구 사당4동, 서울특별시 서초구 방배2동, 서울특별시 서초구 방배3동, 서울특별시 서초구 방배4동]","[1159062000:서울특별시 동작구 사당1동, 1162063000:서울특별시 관악구 남현동, 1165061000:서울특별시 서초구 방배2동, 1165062000:서울특별시 서초구 방배3동]","[1159062000:서울특별시 동작구 사당1동, 1159063000:서울특별시 동작구 사당2동, 1159064000:서울특별시 동작구 사당3동, 1159065000:서울특별시 동작구 사당4동, 1162057500:서울특별시 관악구 행운동, 1162062500:서울특별시 관악구 인헌동, 1162063000:서울특별시 관악구 남현동, 1165061000:서울특별시 서초구 방배2동, 1165062000:서울특별시 서초구 방배3동, 1165062100:서울특별시 서초구 방배4동]",ST000127
사릉역,지하철,경춘선,[4136025900],[경기도 남양주시 진건읍],[4136025900],[경기도 남양주시 진건읍],[4136025900:경기도 남양주시 진건읍],[4136025900:경기도 남양주시 진건읍],ST000603
사리역,지하철,수인분당선,"[4127152000, 4127153000, 4127154000, 4127155000]","[경기도 안산시상록구 본오1동, 경기도 안산시상록구 본오2동, 경기도 안산시상록구 사1동, 경기도 안산시상록구 사2동]","[4127152000, 4127153000, 4127154000, 4127155000, 4127156000]","[경기도 안산시상록구 본오1동, 경기도 안산시상록구 본오2동, 경기도 안산시상록구 본오3동, 경기도 안산시상록구 사1동, 경기도 안산시상록구 사2동]","[4127152000:경기도 안산시상록구 사1동, 4127153000:경기도 안산시상록구 사2동, 4127154000:경기도 안산시상록구 본오1동, 4127155000:경기도 안산시상록구 본오2동]","[4127152000:경기도 안산시상록구 사1동, 4127153000:경기도 안산시상록구 사2동, 4127154000:경기도 안산시상록구 본오1동, 4127155000:경기도 안산시상록구 본오2동, 4127156000:경기도 안산시상록구 본오3동]",ST000484
사우역,지하철,김포골드라인,"[4157051000, 4157054000]","[경기도 김포시 김포1동, 경기도 김포시 사우동]","[4157051000, 4157054000, 4157055000]","[경기도 김포시 김포1동, 경기도 김포시 사우동, 경기도 김포시 풍무동]","[4157051000:경기도 김포시 김포1동, 4157054000:경기도 김포시 사우동]","[4157051000:경기도 김포시 김포1동, 4157054000:경기도 김포시 사우동, 4157055000:경기도 김포시 풍무동]",ST000352
사평역,지하철,9호선,"[1165053100, 1165056000, 1165058100]","[서울특별시 서초구 반포1동, 서울특별시 서초구 반포4동, 서울특별시 서초구 서초4동]","[1165053000, 1165053100, 1165054000, 1165056000, 1165058000, 1165058100, 1168052100, 1168064000]","[서울특별시 강남구 논현1동, 서울특별시 강남구 역삼1동, 서울특별시 서초구 반포1동, 서울특별시 서초구 반포3동, 서울특별시 서초구 반포4동, 서울특별시 서초구 서초3동, 서울특별시 서초구 서초4동, 서울특별시 서초구 잠원동]","[1165053100:서울특별시 서초구 서초4동, 1165056000:서울특별시 서초구 반포1동, 1165058100:서울특별시 서초구 반포4동]","[1165053000:서울특별시 서초구 서초3동, 1165053100:서울특별시 서초구 서초4동, 1165054000:서울특별시 서초구 잠원동, 1165056000:서울특별시 서초구 반포1동, 1165058000:서울특별시 서초구 반포3동, 1165058100:서울특별시 서초구 반포4동, 1168052100:서울특별시 강남구 논현1동, 1168064000:서울특별시 강남구 역삼1동]",ST000037
산곡역,지하철,7호선,"[2823757000, 2823758000, 2823759100, 2823759200]","[인천광역시 부평구 산곡1동, 인천광역시 부평구 산곡2동, 인천광역시 부평구 청천1동, 인천광역시 부평구 청천2동]","[2823757000, 2823758000, 2823758200, 2823759100, 2823759200]","[인천광역시 부평구 산곡1동, 인천광역시 부평구 산곡2동, 인천광역시 부평구 산곡4동, 인천광역시 부평구 청천1동, 인천광역시 부평구 청천2동]","[2823757000:인천광역시 부평구 산곡1동, 2823758000:인천광역시 부평구 산곡2동, 2823759100:인천광역시 부평구 청천1동, 2823759200:인천광역시 부평구 청천2동]","[2823757000:인천광역시 부평구 산곡1동, 2823758000:인천광역시 부평구 산곡2동, 2823758200:인천광역시 부평구 산곡4동, 2823759100:인천광역시 부평구 청천1동, 2823759200:인천광역시 부평구 청천2동]",ST000420
산본역,지하철,4호선,"[4141058000, 4141059000, 4141062000]","[경기도 군포시 광정동, 경기도 군포시 수리동, 경기도 군포시 오금동]","[4141052000, 4141057000, 4141058000, 4141059000, 4141060000, 4141062000]","[경기도 군포시 광정동, 경기도 군포시 군포2동, 경기도 군포시 궁내동, 경기도 군포시 수리동, 경기도 군포시 오금동, 경기도 군포시 재궁동]","[4141058000:경기도 군포시 오금동, 4141059000:경기도 군포시 수리동, 4141062000:경기도 군포시 광정동]","[4141052000:경기도 군포시 군포2동, 4141057000:경기도 군포시 재궁동, 4141058000:경기도 군포시 오금동, 4141059000:경기도 군포시 수리동, 4141060000:경기도 군포시 궁내동, 4141062000:경기도 군포시 광정동]",ST000741
산본역,지하철,안산과천선,"[4141055000, 4141057000, 4141058000, 4141060000, 4141062000]","[경기도 군포시 광정동, 경기도 군포시 궁내동, 경기도 군포시 산본2동, 경기도 군포시 오금동, 경기도 군포시 재궁동]","[4141051000, 4141052000, 4141055000, 4141056000, 4141057000, 4141058000, 4141059000, 4141060000, 4141062000]","[경기도 군포시 광정동, 경기도 군포시 군포1동, 경기도 군포시 군포2동, 경기도 군포시 궁내동, 경기도 군포시 금정동, 경기도 군포시 산본2동, 경기도 군포시 수리동, 경기도 군포시 오금동, 경기도 군포시 재궁동]","[4141055000:경기도 군포시 산본2동, 4141057000:경기도 군포시 재궁동, 4141058000:경기도 군포시 오금동, 4141060000:경기도 군포시 궁내동, 4141062000:경기도 군포시 광정동]","[4141051000:경기도 군포시 군포1동, 4141052000:경기도 군포시 군포2동, 4141055000:경기도 군포시 산본2동, 4141056000:경기도 군포시 금정동, 4141057000:경기도 군포시 재궁동, 4141058000:경기도 군포시 오금동, 4141059000:경기도 군포시 수리동, 4141060000:경기도 군포시 궁내동, 4141062000:경기도 군포시 광정동]",ST000535
산본역,지하철,안산선,"[4141055000, 4141057000, 4141058000, 4141060000, 4141062000]","[경기도 군포시 광정동, 경기도 군포시 궁내동, 경기도 군포시 산본2동, 경기도 군포시 오금동, 경기도 군포시 재궁동]","[4141051000, 4141052000, 4141055000, 4141056000, 4141057000, 4141058000, 4141059000, 4141060000, 4141062000]","[경기도 군포시 광정동, 경기도 군포시 군포1동, 경기도 군포시 군포2동, 경기도 군포시 궁내동, 경기도 군포시 금정동, 경기도 군포시 산본2동, 경기도 군포시 수리동, 경기도 군포시 오금동, 경기도 군포시 재궁동]","[4141055000:경기도 군포시 산본2동, 4141057000:경기도 군포시 재궁동, 4141058000:경기도 군포시 오금동, 4141060000:경기도 군포시 궁내동, 4141062000:경기도 군포시 광정동]","[4141051000:경기도 군포시 군포1동, 4141052000:경기도 군포시 군포2동, 4141055000:경기도 군포시 산본2동, 4141056000:경기도 군포시 금정동, 4141057000:경기도 군포시 재궁동, 4141058000:경기도 군포시 오금동, 4141059000:경기도 군포시 수리동, 4141060000:경기도 군포시 궁내동, 4141062000:경기도 군포시 광정동]",ST000535
산성역,지하철,8호선,"[4113152000, 4113159000, 4113160000, 4113162000, 4113162500]","[경기도 성남시수정구 단대동, 경기도 성남시수정구 복정동, 경기도 성남시수정구 산성동, 경기도 성남시수정구 신흥2동, 경기도 성남시수정구 위례동]","[4113152000, 4113156100, 4113159000, 4113160000, 4113161000, 4113162000, 4113162500]","[경기도 성남시수정구 단대동, 경기도 성남시수정구 복정동, 경기도 성남시수정구 산성동, 경기도 성남시수정구 신흥2동, 경기도 성남시수정구 양지동, 경기도 성남시수정구 위례동, 경기도 성남시수정구 태평4동]","[4113152000:경기도 성남시수정구 신흥2동, 4113159000:경기도 성남시수정구 단대동, 4113160000:경기도 성남시수정구 산성동, 4113162000:경기도 성남시수정구 복정동, 4113162500:경기도 성남시수정구 위례동]","[4113152000:경기도 성남시수정구 신흥2동, 4113156100:경기도 성남시수정구 태평4동, 4113159000:경기도 성남시수정구 단대동, 4113160000:경기도 성남시수정구 산성동, 4113161000:경기도 성남시수정구 양지동, 4113162000:경기도 성남시수정구 복정동, 4113162500:경기도 성남시수정구 위례동]",ST000320
삼가역,지하철,에버라인,[4146152000],[경기도 용인시처인구 역삼동],[4146152000],[경기도 용인시처인구 역삼동],[4146152000:경기도 용인시처인구 역삼동],[4146152000:경기도 용인시처인구 역삼동],ST000394
삼각지역,지하철,4호선,"[1117052000, 1117053000, 1117056000, 1117062500]","[서울특별시 용산구 남영동, 서울특별시 용산구 용산2가동, 서울특별시 용산구 원효로1동, 서울특별시 용산구 한강로동]","[1117052000, 1117053000, 1117055500, 1117056000, 1117058000, 1117059000, 1117062500, 1117069000]","[서울특별시 용산구 남영동, 서울특별시 용산구 서빙고동, 서울특별시 용산구 용문동, 서울특별시 용산구 용산2가동, 서울특별시 용산구 원효로1동, 서울특별시 용산구 청파동, 서울특별시 용산구 한강로동, 서울특별시 용산구 효창동]","[1117052000:서울특별시 용산구 용산2가동, 1117053000:서울특별시 용산구 남영동, 1117056000:서울특별시 용산구 원효로1동, 1117062500:서울특별시 용산구 한강로동]","[1117052000:서울특별시 용산구 용산2가동, 1117053000:서울특별시 용산구 남영동, 1117055500:서울특별시 용산구 청파동, 1117056000:서울특별시 용산구 원효로1동, 1117058000:서울특별시 용산구 효창동, 1117059000:서울특별시 용산구 용문동, 1117062500:서울특별시 용산구 한강로동, 1117069000:서울특별시 용산구 서빙고동]",ST000194
삼각지역,지하철,6호선,"[1117052000, 1117053000, 1117056000, 1117062500]","[서울특별시 용산구 남영동, 서울특별시 용산구 용산2가동, 서울특별시 용산구 원효로1동, 서울특별시 용산구 한강로동]","[1117052000, 1117053000, 1117055500, 1117056000, 1117058000, 1117059000, 1117062500, 1117069000]","[서울특별시 용산구 남영동, 서울특별시 용산구 서빙고동, 서울특별시 용산구 용문동, 서울특별시 용산구 용산2가동, 서울특별시 용산구 원효로1동, 서울특별시 용산구 청파동, 서울특별시 용산구 한강로동, 서울특별시 용산구 효창동]","[1117052000:서울특별시 용산구 용산2가동, 1117053000:서울특별시 용산구 남영동, 1117056000:서울특별시 용산구 원효로1동, 1117062500:서울특별시 용산구 한강로동]","[1117052000:서울특별시 용산구 용산2가동, 1117053000:서울특별시 용산구 남영동, 1117055500:서울특별시 용산구 청파동, 1117056000:서울특별시 용산구 원효로1동, 1117058000:서울특별시 용산구 효창동, 1117059000:서울특별시 용산구 용문동, 1117062500:서울특별시 용산구 한강로동, 1117069000:서울특별시 용산구 서빙고동]",ST000194
삼동역,지하철,경강선,[4161053000],[경기도 광주시 광남동],[4161053000],[경기도 광주시 광남동],[4161053000:경기도 광주시 광남동],[4161053000:경기도 광주시 광남동],ST000573
삼산체육관역,지하철,7호선,"[2823764800, 2823766100, 4119069000, 4119070000]","[경기도 부천시 상2동, 경기도 부천시 상3동, 인천광역시 부평구 부개3동, 인천광역시 부평구 삼산2동]","[2823754000, 2823755000, 2823764200, 2823764800, 2823766100, 4119069000, 4119070000]","[경기도 부천시 상2동, 경기도 부천시 상3동, 인천광역시 부평구 갈산2동, 인천광역시 부평구 부개3동, 인천광역시 부평구 부평4동, 인천광역시 부평구 부평5동, 인천광역시 부평구 삼산2동]","[2823764800:인천광역시 부평구 삼산2동, 2823766100:인천광역시 부평구 부개3동, 4119069000:경기도 부천시 상2동, 4119070000:경기도 부천시 상3동]","[2823754000:인천광역시 부평구 부평4동, 2823755000:인천광역시 부평구 부평5동, 2823764200:인천광역시 부평구 갈산2동, 2823764800:인천광역시 부평구 삼산2동, 2823766100:인천광역시 부평구 부개3동, 4119069000:경기도 부천시 상2동, 4119070000:경기도 부천시 상3동]",ST000423
삼성역,광역급행철도,GTXA,"[1168058000, 1168061000, 1171067000]","[서울특별시 강남구 삼성1동, 서울특별시 강남구 대치2동, 서울특별시 송파구 잠실2동]","[1168058000, 1168059000, 1168061000, 1168063000, 1171067000, 1171072000]","[서울특별시 강남구 삼성1동, 서울특별시 강남구 삼성2동, 서울특별시 강남구 대치2동, 서울특별시 강남구 대치4동, 서울특별시 송파구 잠실2동, 서울특별시 송파구 잠실7동]","[1168058000:서울특별시 강남구 삼성1동, 1168061000:서울특별시 강남구 대치2동, 1171067000:서울특별시 송파구 잠실2동]","[1168058000:서울특별시 강남구 삼성1동, 1168059000:서울특별시 강남구 삼성2동, 1168061000:서울특별시 강남구 대치2동, 1168063000:서울특별시 강남구 대치4동, 1171067000:서울특별시 송파구 잠실2동, 1171072000:서울특별시 송파구 잠실7동]",GTX_삼성_GTXA
삼성역,지하철,2호선,"[1168058000, 1168061000, 1171067000]","[서울특별시 강남구 대치2동, 서울특별시 강남구 삼성1동, 서울특별시 송파구 잠실2동]","[1168058000, 1168059000, 1168061000, 1168063000, 1171067000, 1171072000]","[서울특별시 강남구 대치2동, 서울특별시 강남구 대치4동, 서울특별시 강남구 삼성1동, 서울특별시 강남구 삼성2동, 서울특별시 송파구 잠실2동, 서울특별시 송파구 잠실7동]","[1168058000:서울특별시 강남구 삼성1동, 1168061000:서울특별시 강남구 대치2동, 1171067000:서울특별시 송파구 잠실2동]","[1168058000:서울특별시 강남구 삼성1동, 1168059000:서울특별시 강남구 삼성2동, 1168061000:서울특별시 강남구 대치2동, 1168063000:서울특별시 강남구 대치4동, 1171067000:서울특별시 송파구 잠실2동, 1171072000:서울특별시 송파구 잠실7동]",ST000120
삼성중앙역,지하철,9호선,"[1168058000, 1168059000]","[서울특별시 강남구 삼성1동, 서울특별시 강남구 삼성2동]","[1168053100, 1168056500, 1168058000, 1168059000, 1168061000, 1168063000, 1168064000]","[서울특별시 강남구 논현2동, 서울특별시 강남구 대치2동, 서울특별시 강남구 대치4동, 서울특별시 강남구 삼성1동, 서울특별시 강남구 삼성2동, 서울특별시 강남구 역삼1동, 서울특별시 강남구 청담동]","[1168058000:서울특별시 강남구 삼성1동, 1168059000:서울특별시 강남구 삼성2동]","[1168053100:서울특별시 강남구 논현2동, 1168056500:서울특별시 강남구 청담동, 1168058000:서울특별시 강남구 삼성1동, 1168059000:서울특별시 강남구 삼성2동, 1168061000:서울특별시 강남구 대치2동, 1168063000:서울특별시 강남구 대치4동, 1168064000:서울특별시 강남구 역삼1동]",ST000041
삼송역,지하철,3호선,"[4128156000, 4128157000, 4128158000]","[경기도 고양시덕양구 신도동, 경기도 고양시덕양구 창릉동, 경기도 고양시덕양구 효자동]","[1138069000, 4128152000, 4128153000, 4128156000, 4128157000, 4128158000]","[경기도 고양시덕양구 신도동, 경기도 고양시덕양구 원신동, 경기도 고양시덕양구 창릉동, 경기도 고양시덕양구 효자동, 경기도 고양시덕양구 흥도동, 서울특별시 은평구 진관동]","[4128156000:경기도 고양시덕양구 효자동, 4128157000:경기도 고양시덕양구 신도동, 4128158000:경기도 고양시덕양구 창릉동]","[1138069000:서울특별시 은평구 진관동, 4128152000:경기도 고양시덕양구 원신동, 4128153000:경기도 고양시덕양구 흥도동, 4128156000:경기도 고양시덕양구 효자동, 4128157000:경기도 고양시덕양구 신도동, 4128158000:경기도 고양시덕양구 창릉동]",ST000453
삼송역,지하철,일산선,"[4128156000, 4128157000, 4128158000]","[경기도 고양시덕양구 신도동, 경기도 고양시덕양구 창릉동, 경기도 고양시덕양구 효자동]","[1138069000, 4128152000, 4128153000, 4128156000, 4128157000, 4128158000]","[경기도 고양시덕양구 신도동, 경기도 고양시덕양구 원신동, 경기도 고양시덕양구 창릉동, 경기도 고양시덕양구 효자동, 경기도 고양시덕양구 흥도동, 서울특별시 은평구 진관동]","[4128156000:경기도 고양시덕양구 효자동, 4128157000:경기도 고양시덕양구 신도동, 4128158000:경기도 고양시덕양구 창릉동]","[1138069000:서울특별시 은평구 진관동, 4128152000:경기도 고양시덕양구 원신동, 4128153000:경기도 고양시덕양구 흥도동, 4128156000:경기도 고양시덕양구 효자동, 4128157000:경기도 고양시덕양구 신도동, 4128158000:경기도 고양시덕양구 창릉동]",ST000453
삼양사거리역,지하철,우이신설선,"[1130553400, 1130553500, 1130555500, 1130557500]","[서울특별시 강북구 미아동, 서울특별시 강북구 삼각산동, 서울특별시 강북구 삼양동, 서울특별시 강북구 송천동]","[1129065000, 1129066000, 1130553400, 1130553500, 1130554500, 1130555500, 1130557500, 1130561000]","[서울특별시 강북구 미아동, 서울특별시 강북구 삼각산동, 서울특별시 강북구 삼양동, 서울특별시 강북구 송중동, 서울특별시 강북구 송천동, 서울특별시 강북구 수유1동, 서울특별시 성북구 길음1동, 서울특별시 성북구 정릉4동]","[1130553400:서울특별시 강북구 삼양동, 1130553500:서울특별시 강북구 미아동, 1130555500:서울특별시 강북구 송천동, 1130557500:서울특별시 강북구 삼각산동]","[1129065000:서울특별시 성북구 정릉4동, 1129066000:서울특별시 성북구 길음1동, 1130553400:서울특별시 강북구 삼양동, 1130553500:서울특별시 강북구 미아동, 1130554500:서울특별시 강북구 송중동, 1130555500:서울특별시 강북구 송천동, 1130557500:서울특별시 강북구 삼각산동, 1130561000:서울특별시 강북구 수유1동]",ST000007
삼양역,지하철,우이신설선,"[1130553400, 1130553500, 1130555500, 1130561000]","[서울특별시 강북구 미아동, 서울특별시 강북구 삼양동, 서울특별시 강북구 송천동, 서울특별시 강북구 수유1동]","[1129065000, 1130553400, 1130553500, 1130554500, 1130555500, 1130557500, 1130559000, 1130561000, 1130563000, 1130566000]","[서울특별시 강북구 미아동, 서울특별시 강북구 번1동, 서울특별시 강북구 삼각산동, 서울특별시 강북구 삼양동, 서울특별시 강북구 송중동, 서울특별시 강북구 송천동, 서울특별시 강북구 수유1동, 서울특별시 강북구 수유3동, 서울특별시 강북구 인수동, 서울특별시 성북구 정릉4동]","[1130553400:서울특별시 강북구 삼양동, 1130553500:서울특별시 강북구 미아동, 1130555500:서울특별시 강북구 송천동, 1130561000:서울특별시 강북구 수유1동]","[1129065000:서울특별시 성북구 정릉4동, 1130553400:서울특별시 강북구 삼양동, 1130553500:서울특별시 강북구 미아동, 1130554500:서울특별시 강북구 송중동, 1130555500:서울특별시 강북구 송천동, 1130557500:서울특별시 강북구 삼각산동, 1130559000:서울특별시 강북구 번1동, 1130561000:서울특별시 강북구 수유1동, 1130563000:서울특별시 강북구 수유3동, 1130566000:서울특별시 강북구 인수동]",ST000006
삼전역,지하철,9호선,"[1171061000, 1171065000, 1171068000]","[서울특별시 송파구 삼전동, 서울특별시 송파구 잠실3동, 서울특별시 송파구 잠실본동]","[1168073000, 1168074000, 1171060000, 1171061000, 1171065000, 1171067000, 1171068000, 1171072000]","[서울특별시 강남구 일원1동, 서울특별시 강남구 일원2동, 서울특별시 송파구 삼전동, 서울특별시 송파구 석촌동, 서울특별시 송파구 잠실2동, 서울특별시 송파구 잠실3동, 서울특별시 송파구 잠실7동, 서울특별시 송파구 잠실본동]","[1171061000:서울특별시 송파구 삼전동, 1171065000:서울특별시 송파구 잠실본동, 1171068000:서울특별시 송파구 잠실3동]","[1168073000:서울특별시 강남구 일원1동, 1168074000:서울특별시 강남구 일원2동, 1171060000:서울특별시 송파구 석촌동, 1171061000:서울특별시 송파구 삼전동, 1171065000:서울특별시 송파구 잠실본동, 1171067000:서울특별시 송파구 잠실2동, 1171068000:서울특별시 송파구 잠실3동, 1171072000:서울특별시 송파구 잠실7동]",ST000419
상갈역,지하철,수인분당선,[4146353000],[경기도 용인시기흥구 상갈동],"[4146351000, 4146351500, 4146353000]","[경기도 용인시기흥구 상갈동, 경기도 용인시기흥구 신갈동, 경기도 용인시기흥구 영덕동]",[4146353000:경기도 용인시기흥구 상갈동],"[4146351000:경기도 용인시기흥구 신갈동, 4146351500:경기도 용인시기흥구 영덕동, 4146353000:경기도 용인시기흥구 상갈동]",ST000495
상계역,지하철,4호선,"[1135062400, 1135064000, 1135066500, 1135067000]","[서울특별시 노원구 상계2동, 서울특별시 노원구 상계3·4동, 서울특별시 노원구 상계5동, 서울특별시 노원구 중계4동]","[1135061900, 1135062100, 1135062400, 1135064000, 1135066500, 1135067000, 1135069500, 1135071000, 1135072000]","[서울특별시 노원구 상계10동, 서울특별시 노원구 상계2동, 서울특별시 노원구 상계3·4동, 서울특별시 노원구 상계5동, 서울특별시 노원구 상계6·7동, 서울특별시 노원구 상계9동, 서울특별시 노원구 중계1동, 서울특별시 노원구 중계4동, 서울특별시 노원구 중계본동]","[1135062400:서울특별시 노원구 중계4동, 1135064000:서울특별시 노원구 상계2동, 1135066500:서울특별시 노원구 상계3·4동, 1135067000:서울특별시 노원구 상계5동]","[1135061900:서울특별시 노원구 중계본동, 1135062100:서울특별시 노원구 중계1동, 1135062400:서울특별시 노원구 중계4동, 1135064000:서울특별시 노원구 상계2동, 1135066500:서울특별시 노원구 상계3·4동, 1135067000:서울특별시 노원구 상계5동, 1135069500:서울특별시 노원구 상계6·7동, 1135071000:서울특별시 노원구 상계9동, 1135072000:서울특별시 노원구 상계10동]",ST000182
상도역,지하철,7호선,"[1159051000, 1159053000, 1159054000, 1159056000]","[서울특별시 동작구 노량진1동, 서울특별시 동작구 상도1동, 서울특별시 동작구 상도2동, 서울특별시 동작구 상도4동]","[1159051000, 1159052000, 1159053000, 1159054000, 1159056000, 1159060500, 1162056500]","[서울특별시 관악구 성현동, 서울특별시 동작구 노량진1동, 서울특별시 동작구 노량진2동, 서울특별시 동작구 상도1동, 서울특별시 동작구 상도2동, 서울특별시 동작구 상도4동, 서울특별시 동작구 흑석동]","[1159051000:서울특별시 동작구 노량진1동, 1159053000:서울특별시 동작구 상도1동, 1159054000:서울특별시 동작구 상도2동, 1159056000:서울특별시 동작구 상도4동]","[1159051000:서울특별시 동작구 노량진1동, 1159052000:서울특별시 동작구 노량진2동, 1159053000:서울특별시 동작구 상도1동, 1159054000:서울특별시 동작구 상도2동, 1159056000:서울특별시 동작구 상도4동, 1159060500:서울특별시 동작구 흑석동, 1162056500:서울특별시 관악구 성현동]",ST000299
상동역,지하철,7호선,"[4119064000, 4119066000, 4119069000, 4119070000]","[경기도 부천시 상2동, 경기도 부천시 상3동, 경기도 부천시 중1동, 경기도 부천시 중4동]","[2823764800, 2823766100, 4119062000, 4119063000, 4119064000, 4119066000, 4119068000, 4119069000, 4119070000]","[경기도 부천시 상1동, 경기도 부천시 상2동, 경기도 부천시 상3동, 경기도 부천시 상동, 경기도 부천시 중1동, 경기도 부천시 중3동, 경기도 부천시 중4동, 인천광역시 부평구 부개3동, 인천광역시 부평구 삼산2동]","[4119064000:경기도 부천시 중4동, 4119066000:경기도 부천시 중1동, 4119069000:경기도 부천시 상2동, 4119070000:경기도 부천시 상3동]","[2823764800:인천광역시 부평구 삼산2동, 2823766100:인천광역시 부평구 부개3동, 4119062000:경기도 부천시 상동, 4119063000:경기도 부천시 상1동, 4119064000:경기도 부천시 중4동, 4119066000:경기도 부천시 중1동, 4119068000:경기도 부천시 중3동, 4119069000:경기도 부천시 상2동, 4119070000:경기도 부천시 상3동]",ST000424
상록수역,지하철,4호선,"[4127151000, 4127151500, 4127156000]","[경기도 안산시상록구 본오3동, 경기도 안산시상록구 이동, 경기도 안산시상록구 일동]","[4127151000, 4127151500, 4127152000, 4127154000, 4127155000, 4127156000]","[경기도 안산시상록구 본오1동, 경기도 안산시상록구 본오2동, 경기도 안산시상록구 본오3동, 경기도 안산시상록구 사1동, 경기도 안산시상록구 이동, 경기도 안산시상록구 일동]","[4127151000:경기도 안산시상록구 일동, 4127151500:경기도 안산시상록구 이동, 4127156000:경기도 안산시상록구 본오3동]","[4127151000:경기도 안산시상록구 일동, 4127151500:경기도 안산시상록구 이동, 4127152000:경기도 안산시상록구 사1동, 4127154000:경기도 안산시상록구 본오1동, 4127155000:경기도 안산시상록구 본오2동, 4127156000:경기도 안산시상록구 본오3동]",ST000532
상록수역,지하철,안산과천선,"[4127151000, 4127151500, 4127156000]","[경기도 안산시상록구 본오3동, 경기도 안산시상록구 이동, 경기도 안산시상록구 일동]","[4127151000, 4127151500, 4127152000, 4127154000, 4127155000, 4127156000]","[경기도 안산시상록구 본오1동, 경기도 안산시상록구 본오2동, 경기도 안산시상록구 본오3동, 경기도 안산시상록구 사1동, 경기도 안산시상록구 이동, 경기도 안산시상록구 일동]","[4127151000:경기도 안산시상록구 일동, 4127151500:경기도 안산시상록구 이동, 4127156000:경기도 안산시상록구 본오3동]","[4127151000:경기도 안산시상록구 일동, 4127151500:경기도 안산시상록구 이동, 4127152000:경기도 안산시상록구 사1동, 4127154000:경기도 안산시상록구 본오1동, 4127155000:경기도 안산시상록구 본오2동, 4127156000:경기도 안산시상록구 본오3동]",ST000532
상록수역,지하철,안산선,"[4127151000, 4127151500, 4127156000]","[경기도 안산시상록구 본오3동, 경기도 안산시상록구 이동, 경기도 안산시상록구 일동]","[4127151000, 4127151500, 4127152000, 4127154000, 4127155000, 4127156000]","[경기도 안산시상록구 본오1동, 경기도 안산시상록구 본오2동, 경기도 안산시상록구 본오3동, 경기도 안산시상록구 사1동, 경기도 안산시상록구 이동, 경기도 안산시상록구 일동]","[4127151000:경기도 안산시상록구 일동, 4127151500:경기도 안산시상록구 이동, 4127156000:경기도 안산시상록구 본오3동]","[4127151000:경기도 안산시상록구 일동, 4127151500:경기도 안산시상록구 이동, 4127152000:경기도 안산시상록구 사1동, 4127154000:경기도 안산시상록구 본오1동, 4127155000:경기도 안산시상록구 본오2동, 4127156000:경기도 안산시상록구 본오3동]",ST000532
상봉역,준고속철도,KTX-이음,"[1126052000, 1126056500, 1126058000, 1126059000, 1126060000, 1126061000]","[서울특별시 중랑구 면목2동, 서울특별시 중랑구 면목본동, 서울특별시 중랑구 상봉1동, 서울특별시 중랑구 상봉2동, 서울특별시 중랑구 중화1동, 서울특별시 중랑구 중화2동]","[1126052000, 1126055000, 1126056500, 1126057500, 1126058000, 1126059000, 1126060000, 1126061000, 1126065500, 1126066000, 1126068000]","[서울특별시 중랑구 망우3동, 서울특별시 중랑구 망우본동, 서울특별시 중랑구 면목2동, 서울특별시 중랑구 면목3·8동, 서울특별시 중랑구 면목5동, 서울특별시 중랑구 면목본동, 서울특별시 중랑구 상봉1동, 서울특별시 중랑구 상봉2동, 서울특별시 중랑구 신내1동, 서울특별시 중랑구 중화1동, 서울특별시 중랑구 중화2동]","[1126052000:서울특별시 중랑구 면목2동, 1126056500:서울특별시 중랑구 면목본동, 1126058000:서울특별시 중랑구 상봉1동, 1126059000:서울특별시 중랑구 상봉2동, 1126060000:서울특별시 중랑구 중화1동, 1126061000:서울특별시 중랑구 중화2동]","[1126052000:서울특별시 중랑구 면목2동, 1126055000:서울특별시 중랑구 면목5동, 1126056500:서울특별시 중랑구 면목본동, 1126057500:서울특별시 중랑구 면목3·8동, 1126058000:서울특별시 중랑구 상봉1동, 1126059000:서울특별시 중랑구 상봉2동, 1126060000:서울특별시 중랑구 중화1동, 1126061000:서울특별시 중랑구 중화2동, 1126065500:서울특별시 중랑구 망우본동, 1126066000:서울특별시 중랑구 망우3동, 1126068000:서울특별시 중랑구 신내1동]",ST000284
상봉역,지하철,7호선,"[1126052000, 1126056500, 1126058000, 1126059000, 1126060000, 1126061000]","[서울특별시 중랑구 면목2동, 서울특별시 중랑구 면목본동, 서울특별시 중랑구 상봉1동, 서울특별시 중랑구 상봉2동, 서울특별시 중랑구 중화1동, 서울특별시 중랑구 중화2동]","[1126052000, 1126055000, 1126056500, 1126057500, 1126058000, 1126059000, 1126060000, 1126061000, 1126065500, 1126066000, 1126068000]","[서울특별시 중랑구 망우3동, 서울특별시 중랑구 망우본동, 서울특별시 중랑구 면목2동, 서울특별시 중랑구 면목3·8동, 서울특별시 중랑구 면목5동, 서울특별시 중랑구 면목본동, 서울특별시 중랑구 상봉1동, 서울특별시 중랑구 상봉2동, 서울특별시 중랑구 신내1동, 서울특별시 중랑구 중화1동, 서울특별시 중랑구 중화2동]","[1126052000:서울특별시 중랑구 면목2동, 1126056500:서울특별시 중랑구 면목본동, 1126058000:서울특별시 중랑구 상봉1동, 1126059000:서울특별시 중랑구 상봉2동, 1126060000:서울특별시 중랑구 중화1동, 1126061000:서울특별시 중랑구 중화2동]","[1126052000:서울특별시 중랑구 면목2동, 1126055000:서울특별시 중랑구 면목5동, 1126056500:서울특별시 중랑구 면목본동, 1126057500:서울특별시 중랑구 면목3·8동, 1126058000:서울특별시 중랑구 상봉1동, 1126059000:서울특별시 중랑구 상봉2동, 1126060000:서울특별시 중랑구 중화1동, 1126061000:서울특별시 중랑구 중화2동, 1126065500:서울특별시 중랑구 망우본동, 1126066000:서울특별시 중랑구 망우3동, 1126068000:서울특별시 중랑구 신내1동]",ST000284
상봉역,지하철,경의중앙선,"[1126052000, 1126056500, 1126058000, 1126059000, 1126060000, 1126061000]","[서울특별시 중랑구 면목2동, 서울특별시 중랑구 면목본동, 서울특별시 중랑구 상봉1동, 서울특별시 중랑구 상봉2동, 서울특별시 중랑구 중화1동, 서울특별시 중랑구 중화2동]","[1126052000, 1126055000, 1126056500, 1126057500, 1126058000, 1126059000, 1126060000, 1126061000, 1126065500, 1126066000, 1126068000]","[서울특별시 중랑구 망우3동, 서울특별시 중랑구 망우본동, 서울특별시 중랑구 면목2동, 서울특별시 중랑구 면목3·8동, 서울특별시 중랑구 면목5동, 서울특별시 중랑구 면목본동, 서울특별시 중랑구 상봉1동, 서울특별시 중랑구 상봉2동, 서울특별시 중랑구 신내1동, 서울특별시 중랑구 중화1동, 서울특별시 중랑구 중화2동]","[1126052000:서울특별시 중랑구 면목2동, 1126056500:서울특별시 중랑구 면목본동, 1126058000:서울특별시 중랑구 상봉1동, 1126059000:서울특별시 중랑구 상봉2동, 1126060000:서울특별시 중랑구 중화1동, 1126061000:서울특별시 중랑구 중화2동]","[1126052000:서울특별시 중랑구 면목2동, 1126055000:서울특별시 중랑구 면목5동, 1126056500:서울특별시 중랑구 면목본동, 1126057500:서울특별시 중랑구 면목3·8동, 1126058000:서울특별시 중랑구 상봉1동, 1126059000:서울특별시 중랑구 상봉2동, 1126060000:서울특별시 중랑구 중화1동, 1126061000:서울특별시 중랑구 중화2동, 1126065500:서울특별시 중랑구 망우본동, 1126066000:서울특별시 중랑구 망우3동, 1126068000:서울특별시 중랑구 신내1동]",ST000284
상봉역,지하철,경춘선,"[1126052000, 1126056500, 1126058000, 1126059000, 1126060000, 1126061000]","[서울특별시 중랑구 면목2동, 서울특별시 중랑구 면목본동, 서울특별시 중랑구 상봉1동, 서울특별시 중랑구 상봉2동, 서울특별시 중랑구 중화1동, 서울특별시 중랑구 중화2동]","[1126052000, 1126055000, 1126056500, 1126057500, 1126058000, 1126059000, 1126060000, 1126061000, 1126065500, 1126066000, 1126068000]","[서울특별시 중랑구 망우3동, 서울특별시 중랑구 망우본동, 서울특별시 중랑구 면목2동, 서울특별시 중랑구 면목3·8동, 서울특별시 중랑구 면목5동, 서울특별시 중랑구 면목본동, 서울특별시 중랑구 상봉1동, 서울특별시 중랑구 상봉2동, 서울특별시 중랑구 신내1동, 서울특별시 중랑구 중화1동, 서울특별시 중랑구 중화2동]","[1126052000:서울특별시 중랑구 면목2동, 1126056500:서울특별시 중랑구 면목본동, 1126058000:서울특별시 중랑구 상봉1동, 1126059000:서울특별시 중랑구 상봉2동, 1126060000:서울특별시 중랑구 중화1동, 1126061000:서울특별시 중랑구 중화2동]","[1126052000:서울특별시 중랑구 면목2동, 1126055000:서울특별시 중랑구 면목5동, 1126056500:서울특별시 중랑구 면목본동, 1126057500:서울특별시 중랑구 면목3·8동, 1126058000:서울특별시 중랑구 상봉1동, 1126059000:서울특별시 중랑구 상봉2동, 1126060000:서울특별시 중랑구 중화1동, 1126061000:서울특별시 중랑구 중화2동, 1126065500:서울특별시 중랑구 망우본동, 1126066000:서울특별시 중랑구 망우3동, 1126068000:서울특별시 중랑구 신내1동]",ST000284
상수역,지하철,6호선,"[1144065500, 1144066000, 1144068000]","[서울특별시 마포구 서강동, 서울특별시 마포구 서교동, 서울특별시 마포구 합정동]","[1144063000, 1144065500, 1144066000, 1144068000]","[서울특별시 마포구 서강동, 서울특별시 마포구 서교동, 서울특별시 마포구 신수동, 서울특별시 마포구 합정동]","[1144065500:서울특별시 마포구 서강동, 1144066000:서울특별시 마포구 서교동, 1144068000:서울특별시 마포구 합정동]","[1144063000:서울특별시 마포구 신수동, 1144065500:서울특별시 마포구 서강동, 1144066000:서울특별시 마포구 서교동, 1144068000:서울특별시 마포구 합정동]",ST000255
상왕십리역,지하철,2호선,"[1114065000, 1114067000, 1120052000, 1120053500, 1120056000, 1120057000]","[서울특별시 성동구 왕십리2동, 서울특별시 성동구 왕십리도선동, 서울특별시 성동구 행당1동, 서울특별시 성동구 행당2동, 서울특별시 중구 신당5동, 서울특별시 중구 황학동]","[1111071000, 1114061500, 1114065000, 1114066500, 1114067000, 1120052000, 1120053500, 1120054000, 1120055000, 1120056000, 1120057000, 1120059000, 1123053600]","[서울특별시 동대문구 용신동, 서울특별시 성동구 금호1가동, 서울특별시 성동구 마장동, 서울특별시 성동구 사근동, 서울특별시 성동구 왕십리2동, 서울특별시 성동구 왕십리도선동, 서울특별시 성동구 행당1동, 서울특별시 성동구 행당2동, 서울특별시 종로구 숭인2동, 서울특별시 중구 동화동, 서울특별시 중구 신당5동, 서울특별시 중구 신당동, 서울특별시 중구 황학동]","[1114065000:서울특별시 중구 신당5동, 1114067000:서울특별시 중구 황학동, 1120052000:서울특별시 성동구 왕십리2동, 1120053500:서울특별시 성동구 왕십리도선동, 1120056000:서울특별시 성동구 행당1동, 1120057000:서울특별시 성동구 행당2동]","[1111071000:서울특별시 종로구 숭인2동, 1114061500:서울특별시 중구 신당동, 1114065000:서울특별시 중구 신당5동, 1114066500:서울특별시 중구 동화동, 1114067000:서울특별시 중구 황학동, 1120052000:서울특별시 성동구 왕십리2동, 1120053500:서울특별시 성동구 왕십리도선동, 1120054000:서울특별시 성동구 마장동, 1120055000:서울특별시 성동구 사근동, 1120056000:서울특별시 성동구 행당1동, 1120057000:서울특별시 성동구 행당2동, 1120059000:서울특별시 성동구 금호1가동, 1123053600:서울특별시 동대문구 용신동]",ST000108
상월곡역,지하철,6호선,"[1129072500, 1129077000, 1129081000]","[서울특별시 성북구 석관동, 서울특별시 성북구 월곡2동, 서울특별시 성북구 장위2동]","[1123071000, 1123074000, 1129070500, 1129071500, 1129072500, 1129076000, 1129077000, 1129081000]","[서울특별시 동대문구 이문1동, 서울특별시 동대문구 회기동, 서울특별시 성북구 석관동, 서울특별시 성북구 월곡1동, 서울특별시 성북구 월곡2동, 서울특별시 성북구 장위1동, 서울특별시 성북구 장위2동, 서울특별시 성북구 종암동]","[1129072500:서울특별시 성북구 월곡2동, 1129077000:서울특별시 성북구 장위2동, 1129081000:서울특별시 성북구 석관동]","[1123071000:서울특별시 동대문구 회기동, 1123074000:서울특별시 동대문구 이문1동, 1129070500:서울특별시 성북구 종암동, 1129071500:서울특별시 성북구 월곡1동, 1129072500:서울특별시 성북구 월곡2동, 1129076000:서울특별시 성북구 장위1동, 1129077000:서울특별시 성북구 장위2동, 1129081000:서울특별시 성북구 석관동]",ST000267
상일동역,지하철,5호선,"[1174051500, 1174052000, 1174056000]","[서울특별시 강동구 강일동, 서울특별시 강동구 고덕2동, 서울특별시 강동구 상일동]","[1174051500, 1174052000, 1174054000, 1174055000, 1174056000]","[서울특별시 강동구 강일동, 서울특별시 강동구 고덕1동, 서울특별시 강동구 고덕2동, 서울특별시 강동구 명일2동, 서울특별시 강동구 상일동]","[1174051500:서울특별시 강동구 강일동, 1174052000:서울특별시 강동구 상일동, 1174056000:서울특별시 강동구 고덕2동]","[1174051500:서울특별시 강동구 강일동, 1174052000:서울특별시 강동구 상일동, 1174054000:서울특별시 강동구 명일2동, 1174055000:서울특별시 강동구 고덕1동, 1174056000:서울특별시 강동구 고덕2동]",ST000233
상천역,지하철,경춘선,[4182032500],[경기도 가평군 청평면],[4182032500],[경기도 가평군 청평면],[4182032500:경기도 가평군 청평면],[4182032500:경기도 가평군 청평면],ST000596
상현역,지하철,신분당선,"[4111761000, 4146557000]","[경기도 수원시영통구 광교2동, 경기도 용인시수지구 상현1동]","[4111760000, 4111761000, 4146557000, 4146558000]","[경기도 수원시영통구 광교1동, 경기도 수원시영통구 광교2동, 경기도 용인시수지구 상현1동, 경기도 용인시수지구 상현2동]","[4111761000:경기도 수원시영통구 광교2동, 4146557000:경기도 용인시수지구 상현1동]","[4111760000:경기도 수원시영통구 광교1동, 4111761000:경기도 수원시영통구 광교2동, 4146557000:경기도 용인시수지구 상현1동, 4146558000:경기도 용인시수지구 상현2동]",ST000409
새말역,지하철,의정부,"[4115056800, 4115058000]","[경기도 의정부시 신곡2동, 경기도 의정부시 자금동]","[4115051000, 4115056800, 4115057300, 4115058000]","[경기도 의정부시 송산1동, 경기도 의정부시 신곡2동, 경기도 의정부시 의정부1동, 경기도 의정부시 자금동]","[4115056800:경기도 의정부시 신곡2동, 4115058000:경기도 의정부시 자금동]","[4115051000:경기도 의정부시 의정부1동, 4115056800:경기도 의정부시 신곡2동, 4115057300:경기도 의정부시 송산1동, 4115058000:경기도 의정부시 자금동]",ST000377
새절역,지하철,6호선,"[1138059000, 1138060000, 1138063100, 1138063200, 1138064000, 1141072000]","[서울특별시 서대문구 북가좌2동, 서울특별시 은평구 신사1동, 서울특별시 은평구 신사2동, 서울특별시 은평구 응암2동, 서울특별시 은평구 응암3동, 서울특별시 은평구 증산동]","[1138058000, 1138059000, 1138060000, 1138062500, 1138063100, 1138063200, 1138064000, 1138065000, 1141072000]","[서울특별시 서대문구 북가좌2동, 서울특별시 은평구 수색동, 서울특별시 은평구 신사1동, 서울특별시 은평구 신사2동, 서울특별시 은평구 역촌동, 서울특별시 은평구 응암1동, 서울특별시 은평구 응암2동, 서울특별시 은평구 응암3동, 서울특별시 은평구 증산동]","[1138059000:서울특별시 은평구 응암2동, 1138060000:서울특별시 은평구 응암3동, 1138063100:서울특별시 은평구 신사1동, 1138063200:서울특별시 은평구 신사2동, 1138064000:서울특별시 은평구 증산동, 1141072000:서울특별시 서대문구 북가좌2동]","[1138058000:서울특별시 은평구 응암1동, 1138059000:서울특별시 은평구 응암2동, 1138060000:서울특별시 은평구 응암3동, 1138062500:서울특별시 은평구 역촌동, 1138063100:서울특별시 은평구 신사1동, 1138063200:서울특별시 은평구 신사2동, 1138064000:서울특별시 은평구 증산동, 1138065000:서울특별시 은평구 수색동, 1141072000:서울특별시 서대문구 북가좌2동]",ST000249
샛강역,지하철,9호선,"[1156054000, 1156063000, 1156069000, 1159052000, 1159066000]","[서울특별시 동작구 노량진2동, 서울특별시 동작구 대방동, 서울특별시 영등포구 신길1동, 서울특별시 영등포구 신길7동, 서울특별시 영등포구 여의동]","[1156051500, 1156054000, 1156063000, 1156069000, 1159051000, 1159052000, 1159066000]","[서울특별시 동작구 노량진1동, 서울특별시 동작구 노량진2동, 서울특별시 동작구 대방동, 서울특별시 영등포구 신길1동, 서울특별시 영등포구 신길7동, 서울특별시 영등포구 여의동, 서울특별시 영등포구 영등포본동]","[1156054000:서울특별시 영등포구 여의동, 1156063000:서울특별시 영등포구 신길1동, 1156069000:서울특별시 영등포구 신길7동, 1159052000:서울특별시 동작구 노량진2동, 1159066000:서울특별시 동작구 대방동]","[1156051500:서울특별시 영등포구 영등포본동, 1156054000:서울특별시 영등포구 여의동, 1156063000:서울특별시 영등포구 신길1동, 1156069000:서울특별시 영등포구 신길7동, 1159051000:서울특별시 동작구 노량진1동, 1159052000:서울특별시 동작구 노량진2동, 1159066000:서울특별시 동작구 대방동]",ST000029
샛강역,지하철,신림선,"[1156054000, 1156063000, 1156069000, 1159052000, 1159066000]","[서울특별시 동작구 노량진2동, 서울특별시 동작구 대방동, 서울특별시 영등포구 신길1동, 서울특별시 영등포구 신길7동, 서울특별시 영등포구 여의동]","[1156051500, 1156054000, 1156063000, 1156069000, 1159051000, 1159052000, 1159066000]","[서울특별시 동작구 노량진1동, 서울특별시 동작구 노량진2동, 서울특별시 동작구 대방동, 서울특별시 영등포구 신길1동, 서울특별시 영등포구 신길7동, 서울특별시 영등포구 여의동, 서울특별시 영등포구 영등포본동]","[1156054000:서울특별시 영등포구 여의동, 1156063000:서울특별시 영등포구 신길1동, 1156069000:서울특별시 영등포구 신길7동, 1159052000:서울특별시 동작구 노량진2동, 1159066000:서울특별시 동작구 대방동]","[1156051500:서울특별시 영등포구 영등포본동, 1156054000:서울특별시 영등포구 여의동, 1156063000:서울특별시 영등포구 신길1동, 1156069000:서울특별시 영등포구 신길7동, 1159051000:서울특별시 동작구 노량진1동, 1159052000:서울특별시 동작구 노량진2동, 1159066000:서울특별시 동작구 대방동]",ST000029
서강대역,지하철,경의중앙선,"[1141058500, 1144060000, 1144063000, 1144065500, 1144066000]","[서울특별시 마포구 대흥동, 서울특별시 마포구 서강동, 서울특별시 마포구 서교동, 서울특별시 마포구 신수동, 서울특별시 서대문구 신촌동]","[1141058500, 1144059000, 1144060000, 1144061000, 1144063000, 1144065500, 1144066000]","[서울특별시 마포구 대흥동, 서울특별시 마포구 서강동, 서울특별시 마포구 서교동, 서울특별시 마포구 신수동, 서울특별시 마포구 염리동, 서울특별시 마포구 용강동, 서울특별시 서대문구 신촌동]","[1141058500:서울특별시 서대문구 신촌동, 1144060000:서울특별시 마포구 대흥동, 1144063000:서울특별시 마포구 신수동, 1144065500:서울특별시 마포구 서강동, 1144066000:서울특별시 마포구 서교동]","[1141058500:서울특별시 서대문구 신촌동, 1144059000:서울특별시 마포구 용강동, 1144060000:서울특별시 마포구 대흥동, 1144061000:서울특별시 마포구 염리동, 1144063000:서울특별시 마포구 신수동, 1144065500:서울특별시 마포구 서강동, 1144066000:서울특별시 마포구 서교동]",ST000626
서구청역,지하철,인천2호선,[2826053000],[인천광역시 서구 연희동],"[2826053000, 2826054200, 2826054300]","[인천광역시 서구 가정1동, 인천광역시 서구 가정2동, 인천광역시 서구 연희동]",[2826053000:인천광역시 서구 연희동],"[2826053000:인천광역시 서구 연희동, 2826054200:인천광역시 서구 가정1동, 2826054300:인천광역시 서구 가정2동]",ST000077
서대문역,지하철,5호선,"[1111053000, 1111058000, 1114052000, 1114068000, 1141052000, 1141056500]","[서울특별시 서대문구 천연동, 서울특별시 서대문구 충현동, 서울특별시 종로구 교남동, 서울특별시 종로구 사직동, 서울특별시 중구 소공동, 서울특별시 중구 중림동]","[1111053000, 1111057000, 1111058000, 1111061500, 1114052000, 1114054000, 1114055000, 1114068000, 1141052000, 1141055500, 1141056500, 1144056500]","[서울특별시 마포구 공덕동, 서울특별시 서대문구 북아현동, 서울특별시 서대문구 천연동, 서울특별시 서대문구 충현동, 서울특별시 종로구 교남동, 서울특별시 종로구 무악동, 서울특별시 종로구 사직동, 서울특별시 종로구 종로1·2·3·4가동, 서울특별시 중구 명동, 서울특별시 중구 소공동, 서울특별시 중구 중림동, 서울특별시 중구 회현동]","[1111053000:서울특별시 종로구 사직동, 1111058000:서울특별시 종로구 교남동, 1114052000:서울특별시 중구 소공동, 1114068000:서울특별시 중구 중림동, 1141052000:서울특별시 서대문구 천연동, 1141056500:서울특별시 서대문구 충현동]","[1111053000:서울특별시 종로구 사직동, 1111057000:서울특별시 종로구 무악동, 1111058000:서울특별시 종로구 교남동, 1111061500:서울특별시 종로구 종로1·2·3·4가동, 1114052000:서울특별시 중구 소공동, 1114054000:서울특별시 중구 회현동, 1114055000:서울특별시 중구 명동, 1114068000:서울특별시 중구 중림동, 1141052000:서울특별시 서대문구 천연동, 1141055500:서울특별시 서대문구 북아현동, 1141056500:서울특별시 서대문구 충현동, 1144056500:서울특별시 마포구 공덕동]",ST000216
서동탄역,지하철,1호선,"[4137055000, 4159052000, 4159058700]","[경기도 오산시 세마동, 경기도 화성시 동탄3동, 경기도 화성시 진안동]","[4137055000, 4159052000, 4159053000, 4159054000, 4159058500, 4159058700]","[경기도 오산시 세마동, 경기도 화성시 동탄1동, 경기도 화성시 동탄3동, 경기도 화성시 병점1동, 경기도 화성시 병점2동, 경기도 화성시 진안동]","[4137055000:경기도 오산시 세마동, 4159052000:경기도 화성시 진안동, 4159058700:경기도 화성시 동탄3동]","[4137055000:경기도 오산시 세마동, 4159052000:경기도 화성시 진안동, 4159053000:경기도 화성시 병점1동, 4159054000:경기도 화성시 병점2동, 4159058500:경기도 화성시 동탄1동, 4159058700:경기도 화성시 동탄3동]",ST000537
서부여성회관역,지하철,인천2호선,"[2826056000, 2826056100, 2826058000, 2826060000]","[인천광역시 서구 가좌1동, 인천광역시 서구 가좌3동, 인천광역시 서구 석남2동, 인천광역시 서구 석남3동]","[2826055000, 2826056000, 2826056100, 2826058000, 2826059000, 2826060000]","[인천광역시 서구 가좌1동, 인천광역시 서구 가좌2동, 인천광역시 서구 가좌3동, 인천광역시 서구 석남1동, 인천광역시 서구 석남2동, 인천광역시 서구 석남3동]","[2826056000:인천광역시 서구 석남2동, 2826056100:인천광역시 서구 석남3동, 2826058000:인천광역시 서구 가좌1동, 2826060000:인천광역시 서구 가좌3동]","[2826055000:인천광역시 서구 석남1동, 2826056000:인천광역시 서구 석남2동, 2826056100:인천광역시 서구 석남3동, 2826058000:인천광역시 서구 가좌1동, 2826059000:인천광역시 서구 가좌2동, 2826060000:인천광역시 서구 가좌3동]",ST000080
서빙고역,지하철,경의중앙선,[1117069000],[서울특별시 용산구 서빙고동],"[1117063000, 1117069000, 1117070000, 1165055000, 1165057000, 1165058000]","[서울특별시 서초구 반포2동, 서울특별시 서초구 반포3동, 서울특별시 서초구 반포본동, 서울특별시 용산구 보광동, 서울특별시 용산구 서빙고동, 서울특별시 용산구 이촌1동]",[1117069000:서울특별시 용산구 서빙고동],"[1117063000:서울특별시 용산구 이촌1동, 1117069000:서울특별시 용산구 서빙고동, 1117070000:서울특별시 용산구 보광동, 1165055000:서울특별시 서초구 반포본동, 1165057000:서울특별시 서초구 반포2동, 1165058000:서울특별시 서초구 반포3동]",ST000658
서울대벤처타운역,지하철,신림선,"[1162064500, 1162065500, 1162066500, 1162073500, 1162074500]","[서울특별시 관악구 대학동, 서울특별시 관악구 삼성동, 서울특별시 관악구 서림동, 서울특별시 관악구 서원동, 서울특별시 관악구 신원동]","[1162059500, 1162064500, 1162065500, 1162066500, 1162073500, 1162074500, 1162077500]","[서울특별시 관악구 난곡동, 서울특별시 관악구 대학동, 서울특별시 관악구 삼성동, 서울특별시 관악구 서림동, 서울특별시 관악구 서원동, 서울특별시 관악구 신원동, 서울특별시 관악구 청룡동]","[1162064500:서울특별시 관악구 서원동, 1162065500:서울특별시 관악구 신원동, 1162066500:서울특별시 관악구 서림동, 1162073500:서울특별시 관악구 대학동, 1162074500:서울특별시 관악구 삼성동]","[1162059500:서울특별시 관악구 청룡동, 1162064500:서울특별시 관악구 서원동, 1162065500:서울특별시 관악구 신원동, 1162066500:서울특별시 관악구 서림동, 1162073500:서울특별시 관악구 대학동, 1162074500:서울특별시 관악구 삼성동, 1162077500:서울특별시 관악구 난곡동]",ST000402
서울대입구역,지하철,2호선,"[1162057500, 1162058500, 1162059500, 1162061500]","[서울특별시 관악구 낙성대동, 서울특별시 관악구 중앙동, 서울특별시 관악구 청룡동, 서울특별시 관악구 행운동]","[1159065100, 1162054500, 1162056500, 1162057500, 1162058500, 1162059500, 1162060500, 1162061500, 1162062500]","[서울특별시 관악구 낙성대동, 서울특별시 관악구 성현동, 서울특별시 관악구 은천동, 서울특별시 관악구 인헌동, 서울특별시 관악구 중앙동, 서울특별시 관악구 청룡동, 서울특별시 관악구 청림동, 서울특별시 관악구 행운동, 서울특별시 동작구 사당5동]","[1162057500:서울특별시 관악구 행운동, 1162058500:서울특별시 관악구 낙성대동, 1162059500:서울특별시 관악구 청룡동, 1162061500:서울특별시 관악구 중앙동]","[1159065100:서울특별시 동작구 사당5동, 1162054500:서울특별시 관악구 청림동, 1162056500:서울특별시 관악구 성현동, 1162057500:서울특별시 관악구 행운동, 1162058500:서울특별시 관악구 낙성대동, 1162059500:서울특별시 관악구 청룡동, 1162060500:서울특별시 관악구 은천동, 1162061500:서울특별시 관악구 중앙동, 1162062500:서울특별시 관악구 인헌동]",ST000129
서울숲역,지하철,수인분당선,"[1120065000, 1120066000, 1120069000]","[서울특별시 성동구 성수1가1동, 서울특별시 성동구 성수1가2동, 서울특별시 성동구 성수2가3동]","[1120058000, 1120065000, 1120066000, 1120067000, 1120069000]","[서울특별시 성동구 성수1가1동, 서울특별시 성동구 성수1가2동, 서울특별시 성동구 성수2가1동, 서울특별시 성동구 성수2가3동, 서울특별시 성동구 응봉동]","[1120065000:서울특별시 성동구 성수1가1동, 1120066000:서울특별시 성동구 성수1가2동, 1120069000:서울특별시 성동구 성수2가3동]","[1120058000:서울특별시 성동구 응봉동, 1120065000:서울특별시 성동구 성수1가1동, 1120066000:서울특별시 성동구 성수1가2동, 1120067000:서울특별시 성동구 성수2가1동, 1120069000:서울특별시 성동구 성수2가3동]",ST000507
서울역,고속철도,KTX,"[1114054000, 1114068000, 1117051000, 1117053000, 1117055500]","[서울특별시 용산구 남영동, 서울특별시 용산구 청파동, 서울특별시 용산구 후암동, 서울특별시 중구 중림동, 서울특별시 중구 회현동]","[1114052000, 1114054000, 1114055000, 1114068000, 1117051000, 1117052000, 1117053000, 1117055500, 1117058000, 1144056500]","[서울특별시 마포구 공덕동, 서울특별시 용산구 남영동, 서울특별시 용산구 용산2가동, 서울특별시 용산구 청파동, 서울특별시 용산구 효창동, 서울특별시 용산구 후암동, 서울특별시 중구 명동, 서울특별시 중구 소공동, 서울특별시 중구 중림동, 서울특별시 중구 회현동]","[1114054000:서울특별시 중구 회현동, 1114068000:서울특별시 중구 중림동, 1117051000:서울특별시 용산구 후암동, 1117053000:서울특별시 용산구 남영동, 1117055500:서울특별시 용산구 청파동]","[1114052000:서울특별시 중구 소공동, 1114054000:서울특별시 중구 회현동, 1114055000:서울특별시 중구 명동, 1114068000:서울특별시 중구 중림동, 1117051000:서울특별시 용산구 후암동, 1117052000:서울특별시 용산구 용산2가동, 1117053000:서울특별시 용산구 남영동, 1117055500:서울특별시 용산구 청파동, 1117058000:서울특별시 용산구 효창동, 1144056500:서울특별시 마포구 공덕동]",ST000094
서울역,고속철도,KTX-산천,"[1114054000, 1114068000, 1117051000, 1117053000, 1117055500]","[서울특별시 용산구 남영동, 서울특별시 용산구 청파동, 서울특별시 용산구 후암동, 서울특별시 중구 중림동, 서울특별시 중구 회현동]","[1114052000, 1114054000, 1114055000, 1114068000, 1117051000, 1117052000, 1117053000, 1117055500, 1117058000, 1144056500]","[서울특별시 마포구 공덕동, 서울특별시 용산구 남영동, 서울특별시 용산구 용산2가동, 서울특별시 용산구 청파동, 서울특별시 용산구 효창동, 서울특별시 용산구 후암동, 서울특별시 중구 명동, 서울특별시 중구 소공동, 서울특별시 중구 중림동, 서울특별시 중구 회현동]","[1114054000:서울특별시 중구 회현동, 1114068000:서울특별시 중구 중림동, 1117051000:서울특별시 용산구 후암동, 1117053000:서울특별시 용산구 남영동, 1117055500:서울특별시 용산구 청파동]","[1114052000:서울특별시 중구 소공동, 1114054000:서울특별시 중구 회현동, 1114055000:서울특별시 중구 명동, 1114068000:서울특별시 중구 중림동, 1117051000:서울특별시 용산구 후암동, 1117052000:서울특별시 용산구 용산2가동, 1117053000:서울특별시 용산구 남영동, 1117055500:서울특별시 용산구 청파동, 1117058000:서울특별시 용산구 효창동, 1144056500:서울특별시 마포구 공덕동]",ST000094
서울역,고속철도,KTX-청룡,"[1114054000, 1114068000, 1117051000, 1117053000, 1117055500]","[서울특별시 용산구 남영동, 서울특별시 용산구 청파동, 서울특별시 용산구 후암동, 서울특별시 중구 중림동, 서울특별시 중구 회현동]","[1114052000, 1114054000, 1114055000, 1114068000, 1117051000, 1117052000, 1117053000, 1117055500, 1117058000, 1144056500]","[서울특별시 마포구 공덕동, 서울특별시 용산구 남영동, 서울특별시 용산구 용산2가동, 서울특별시 용산구 청파동, 서울특별시 용산구 효창동, 서울특별시 용산구 후암동, 서울특별시 중구 명동, 서울특별시 중구 소공동, 서울특별시 중구 중림동, 서울특별시 중구 회현동]","[1114054000:서울특별시 중구 회현동, 1114068000:서울특별시 중구 중림동, 1117051000:서울특별시 용산구 후암동, 1117053000:서울특별시 용산구 남영동, 1117055500:서울특별시 용산구 청파동]","[1114052000:서울특별시 중구 소공동, 1114054000:서울특별시 중구 회현동, 1114055000:서울특별시 중구 명동, 1114068000:서울특별시 중구 중림동, 1117051000:서울특별시 용산구 후암동, 1117052000:서울특별시 용산구 용산2가동, 1117053000:서울특별시 용산구 남영동, 1117055500:서울특별시 용산구 청파동, 1117058000:서울특별시 용산구 효창동, 1144056500:서울특별시 마포구 공덕동]",ST000094
서울역,광역급행철도,GTXA,"[1114052000, 1114054000, 1114068000, 1117051000, 1117053000, 1117055500]","[서울특별시 중구 소공동, 서울특별시 중구 회현동, 서울특별시 중구 중림동, 서울특별시 용산구 후암동, 서울특별시 용산구 남영동, 서울특별시 용산구 청파동]","[1114052000, 1114054000, 1114055000, 1114068000, 1117051000, 1117053000, 1117055500, 1141056500, 1144056500]","[서울특별시 중구 소공동, 서울특별시 중구 회현동, 서울특별시 중구 명동, 서울특별시 중구 중림동, 서울특별시 용산구 후암동, 서울특별시 용산구 남영동, 서울특별시 용산구 청파동, 서울특별시 서대문구 충현동, 서울특별시 마포구 공덕동]","[1114052000:서울특별시 중구 소공동, 1114054000:서울특별시 중구 회현동, 1114068000:서울특별시 중구 중림동, 1117051000:서울특별시 용산구 후암동, 1117053000:서울특별시 용산구 남영동, 1117055500:서울특별시 용산구 청파동]","[1114052000:서울특별시 중구 소공동, 1114054000:서울특별시 중구 회현동, 1114055000:서울특별시 중구 명동, 1114068000:서울특별시 중구 중림동, 1117051000:서울특별시 용산구 후암동, 1117053000:서울특별시 용산구 남영동, 1117055500:서울특별시 용산구 청파동, 1141056500:서울특별시 서대문구 충현동, 1144056500:서울특별시 마포구 공덕동]",GTX_서울_GTXA
서울역,일반철도,ITX-마음,"[1114054000, 1114068000, 1117051000, 1117053000, 1117055500]","[서울특별시 용산구 남영동, 서울특별시 용산구 청파동, 서울특별시 용산구 후암동, 서울특별시 중구 중림동, 서울특별시 중구 회현동]","[1114052000, 1114054000, 1114055000, 1114068000, 1117051000, 1117052000, 1117053000, 1117055500, 1117058000, 1144056500]","[서울특별시 마포구 공덕동, 서울특별시 용산구 남영동, 서울특별시 용산구 용산2가동, 서울특별시 용산구 청파동, 서울특별시 용산구 효창동, 서울특별시 용산구 후암동, 서울특별시 중구 명동, 서울특별시 중구 소공동, 서울특별시 중구 중림동, 서울특별시 중구 회현동]","[1114054000:서울특별시 중구 회현동, 1114068000:서울특별시 중구 중림동, 1117051000:서울특별시 용산구 후암동, 1117053000:서울특별시 용산구 남영동, 1117055500:서울특별시 용산구 청파동]","[1114052000:서울특별시 중구 소공동, 1114054000:서울특별시 중구 회현동, 1114055000:서울특별시 중구 명동, 1114068000:서울특별시 중구 중림동, 1117051000:서울특별시 용산구 후암동, 1117052000:서울특별시 용산구 용산2가동, 1117053000:서울특별시 용산구 남영동, 1117055500:서울특별시 용산구 청파동, 1117058000:서울특별시 용산구 효창동, 1144056500:서울특별시 마포구 공덕동]",ST000094
서울역,일반철도,ITX-새마을,"[1114054000, 1114068000, 1117051000, 1117053000, 1117055500]","[서울특별시 용산구 남영동, 서울특별시 용산구 청파동, 서울특별시 용산구 후암동, 서울특별시 중구 중림동, 서울특별시 중구 회현동]","[1114052000, 1114054000, 1114055000, 1114068000, 1117051000, 1117052000, 1117053000, 1117055500, 1117058000, 1144056500]","[서울특별시 마포구 공덕동, 서울특별시 용산구 남영동, 서울특별시 용산구 용산2가동, 서울특별시 용산구 청파동, 서울특별시 용산구 효창동, 서울특별시 용산구 후암동, 서울특별시 중구 명동, 서울특별시 중구 소공동, 서울특별시 중구 중림동, 서울특별시 중구 회현동]","[1114054000:서울특별시 중구 회현동, 1114068000:서울특별시 중구 중림동, 1117051000:서울특별시 용산구 후암동, 1117053000:서울특별시 용산구 남영동, 1117055500:서울특별시 용산구 청파동]","[1114052000:서울특별시 중구 소공동, 1114054000:서울특별시 중구 회현동, 1114055000:서울특별시 중구 명동, 1114068000:서울특별시 중구 중림동, 1117051000:서울특별시 용산구 후암동, 1117052000:서울특별시 용산구 용산2가동, 1117053000:서울특별시 용산구 남영동, 1117055500:서울특별시 용산구 청파동, 1117058000:서울특별시 용산구 효창동, 1144056500:서울특별시 마포구 공덕동]",ST000094
서울역,일반철도,누리로,"[1114054000, 1114068000, 1117051000, 1117053000, 1117055500]","[서울특별시 용산구 남영동, 서울특별시 용산구 청파동, 서울특별시 용산구 후암동, 서울특별시 중구 중림동, 서울특별시 중구 회현동]","[1114052000, 1114054000, 1114055000, 1114068000, 1117051000, 1117052000, 1117053000, 1117055500, 1117058000, 1144056500]","[서울특별시 마포구 공덕동, 서울특별시 용산구 남영동, 서울특별시 용산구 용산2가동, 서울특별시 용산구 청파동, 서울특별시 용산구 효창동, 서울특별시 용산구 후암동, 서울특별시 중구 명동, 서울특별시 중구 소공동, 서울특별시 중구 중림동, 서울특별시 중구 회현동]","[1114054000:서울특별시 중구 회현동, 1114068000:서울특별시 중구 중림동, 1117051000:서울특별시 용산구 후암동, 1117053000:서울특별시 용산구 남영동, 1117055500:서울특별시 용산구 청파동]","[1114052000:서울특별시 중구 소공동, 1114054000:서울특별시 중구 회현동, 1114055000:서울특별시 중구 명동, 1114068000:서울특별시 중구 중림동, 1117051000:서울특별시 용산구 후암동, 1117052000:서울특별시 용산구 용산2가동, 1117053000:서울특별시 용산구 남영동, 1117055500:서울특별시 용산구 청파동, 1117058000:서울특별시 용산구 효창동, 1144056500:서울특별시 마포구 공덕동]",ST000094
서울역,일반철도,무궁화,"[1114054000, 1114068000, 1117051000, 1117053000, 1117055500]","[서울특별시 용산구 남영동, 서울특별시 용산구 청파동, 서울특별시 용산구 후암동, 서울특별시 중구 중림동, 서울특별시 중구 회현동]","[1114052000, 1114054000, 1114055000, 1114068000, 1117051000, 1117052000, 1117053000, 1117055500, 1117058000, 1144056500]","[서울특별시 마포구 공덕동, 서울특별시 용산구 남영동, 서울특별시 용산구 용산2가동, 서울특별시 용산구 청파동, 서울특별시 용산구 효창동, 서울특별시 용산구 후암동, 서울특별시 중구 명동, 서울특별시 중구 소공동, 서울특별시 중구 중림동, 서울특별시 중구 회현동]","[1114054000:서울특별시 중구 회현동, 1114068000:서울특별시 중구 중림동, 1117051000:서울특별시 용산구 후암동, 1117053000:서울특별시 용산구 남영동, 1117055500:서울특별시 용산구 청파동]","[1114052000:서울특별시 중구 소공동, 1114054000:서울특별시 중구 회현동, 1114055000:서울특별시 중구 명동, 1114068000:서울특별시 중구 중림동, 1117051000:서울특별시 용산구 후암동, 1117052000:서울특별시 용산구 용산2가동, 1117053000:서울특별시 용산구 남영동, 1117055500:서울특별시 용산구 청파동, 1117058000:서울특별시 용산구 효창동, 1144056500:서울특별시 마포구 공덕동]",ST000094
서울역,준고속철도,KTX-이음,"[1114054000, 1114068000, 1117051000, 1117053000, 1117055500]","[서울특별시 용산구 남영동, 서울특별시 용산구 청파동, 서울특별시 용산구 후암동, 서울특별시 중구 중림동, 서울특별시 중구 회현동]","[1114052000, 1114054000, 1114055000, 1114068000, 1117051000, 1117052000, 1117053000, 1117055500, 1117058000, 1144056500]","[서울특별시 마포구 공덕동, 서울특별시 용산구 남영동, 서울특별시 용산구 용산2가동, 서울특별시 용산구 청파동, 서울특별시 용산구 효창동, 서울특별시 용산구 후암동, 서울특별시 중구 명동, 서울특별시 중구 소공동, 서울특별시 중구 중림동, 서울특별시 중구 회현동]","[1114054000:서울특별시 중구 회현동, 1114068000:서울특별시 중구 중림동, 1117051000:서울특별시 용산구 후암동, 1117053000:서울특별시 용산구 남영동, 1117055500:서울특별시 용산구 청파동]","[1114052000:서울특별시 중구 소공동, 1114054000:서울특별시 중구 회현동, 1114055000:서울특별시 중구 명동, 1114068000:서울특별시 중구 중림동, 1117051000:서울특별시 용산구 후암동, 1117052000:서울특별시 용산구 용산2가동, 1117053000:서울특별시 용산구 남영동, 1117055500:서울특별시 용산구 청파동, 1117058000:서울특별시 용산구 효창동, 1144056500:서울특별시 마포구 공덕동]",ST000094
서울역,지하철,1호선,"[1114054000, 1114068000, 1117051000, 1117053000, 1117055500]","[서울특별시 용산구 남영동, 서울특별시 용산구 청파동, 서울특별시 용산구 후암동, 서울특별시 중구 중림동, 서울특별시 중구 회현동]","[1114052000, 1114054000, 1114055000, 1114068000, 1117051000, 1117052000, 1117053000, 1117055500, 1117058000, 1144056500]","[서울특별시 마포구 공덕동, 서울특별시 용산구 남영동, 서울특별시 용산구 용산2가동, 서울특별시 용산구 청파동, 서울특별시 용산구 효창동, 서울특별시 용산구 후암동, 서울특별시 중구 명동, 서울특별시 중구 소공동, 서울특별시 중구 중림동, 서울특별시 중구 회현동]","[1114054000:서울특별시 중구 회현동, 1114068000:서울특별시 중구 중림동, 1117051000:서울특별시 용산구 후암동, 1117053000:서울특별시 용산구 남영동, 1117055500:서울특별시 용산구 청파동]","[1114052000:서울특별시 중구 소공동, 1114054000:서울특별시 중구 회현동, 1114055000:서울특별시 중구 명동, 1114068000:서울특별시 중구 중림동, 1117051000:서울특별시 용산구 후암동, 1117052000:서울특별시 용산구 용산2가동, 1117053000:서울특별시 용산구 남영동, 1117055500:서울특별시 용산구 청파동, 1117058000:서울특별시 용산구 효창동, 1144056500:서울특별시 마포구 공덕동]",ST000094
서울역,지하철,4호선,"[1114054000, 1114068000, 1117051000, 1117053000, 1117055500]","[서울특별시 용산구 남영동, 서울특별시 용산구 청파동, 서울특별시 용산구 후암동, 서울특별시 중구 중림동, 서울특별시 중구 회현동]","[1114052000, 1114054000, 1114055000, 1114068000, 1117051000, 1117052000, 1117053000, 1117055500, 1117058000, 1144056500]","[서울특별시 마포구 공덕동, 서울특별시 용산구 남영동, 서울특별시 용산구 용산2가동, 서울특별시 용산구 청파동, 서울특별시 용산구 효창동, 서울특별시 용산구 후암동, 서울특별시 중구 명동, 서울특별시 중구 소공동, 서울특별시 중구 중림동, 서울특별시 중구 회현동]","[1114054000:서울특별시 중구 회현동, 1114068000:서울특별시 중구 중림동, 1117051000:서울특별시 용산구 후암동, 1117053000:서울특별시 용산구 남영동, 1117055500:서울특별시 용산구 청파동]","[1114052000:서울특별시 중구 소공동, 1114054000:서울특별시 중구 회현동, 1114055000:서울특별시 중구 명동, 1114068000:서울특별시 중구 중림동, 1117051000:서울특별시 용산구 후암동, 1117052000:서울특별시 용산구 용산2가동, 1117053000:서울특별시 용산구 남영동, 1117055500:서울특별시 용산구 청파동, 1117058000:서울특별시 용산구 효창동, 1144056500:서울특별시 마포구 공덕동]",ST000094
서울역,지하철,경의중앙선,"[1114054000, 1114068000, 1117051000, 1117053000, 1117055500]","[서울특별시 용산구 남영동, 서울특별시 용산구 청파동, 서울특별시 용산구 후암동, 서울특별시 중구 중림동, 서울특별시 중구 회현동]","[1114052000, 1114054000, 1114055000, 1114068000, 1117051000, 1117052000, 1117053000, 1117055500, 1117058000, 1144056500]","[서울특별시 마포구 공덕동, 서울특별시 용산구 남영동, 서울특별시 용산구 용산2가동, 서울특별시 용산구 청파동, 서울특별시 용산구 효창동, 서울특별시 용산구 후암동, 서울특별시 중구 명동, 서울특별시 중구 소공동, 서울특별시 중구 중림동, 서울특별시 중구 회현동]","[1114054000:서울특별시 중구 회현동, 1114068000:서울특별시 중구 중림동, 1117051000:서울특별시 용산구 후암동, 1117053000:서울특별시 용산구 남영동, 1117055500:서울특별시 용산구 청파동]","[1114052000:서울특별시 중구 소공동, 1114054000:서울특별시 중구 회현동, 1114055000:서울특별시 중구 명동, 1114068000:서울특별시 중구 중림동, 1117051000:서울특별시 용산구 후암동, 1117052000:서울특별시 용산구 용산2가동, 1117053000:서울특별시 용산구 남영동, 1117055500:서울특별시 용산구 청파동, 1117058000:서울특별시 용산구 효창동, 1144056500:서울특별시 마포구 공덕동]",ST000094
서울역,지하철,공항철도,"[1114054000, 1114068000, 1117051000, 1117053000, 1117055500]","[서울특별시 용산구 남영동, 서울특별시 용산구 청파동, 서울특별시 용산구 후암동, 서울특별시 중구 중림동, 서울특별시 중구 회현동]","[1114052000, 1114054000, 1114055000, 1114068000, 1117051000, 1117052000, 1117053000, 1117055500, 1117058000, 1144056500]","[서울특별시 마포구 공덕동, 서울특별시 용산구 남영동, 서울특별시 용산구 용산2가동, 서울특별시 용산구 청파동, 서울특별시 용산구 효창동, 서울특별시 용산구 후암동, 서울특별시 중구 명동, 서울특별시 중구 소공동, 서울특별시 중구 중림동, 서울특별시 중구 회현동]","[1114054000:서울특별시 중구 회현동, 1114068000:서울특별시 중구 중림동, 1117051000:서울특별시 용산구 후암동, 1117053000:서울특별시 용산구 남영동, 1117055500:서울특별시 용산구 청파동]","[1114052000:서울특별시 중구 소공동, 1114054000:서울특별시 중구 회현동, 1114055000:서울특별시 중구 명동, 1114068000:서울특별시 중구 중림동, 1117051000:서울특별시 용산구 후암동, 1117052000:서울특별시 용산구 용산2가동, 1117053000:서울특별시 용산구 남영동, 1117055500:서울특별시 용산구 청파동, 1117058000:서울특별시 용산구 효창동, 1144056500:서울특별시 마포구 공덕동]",ST000094
서울지방병무청역,지하철,신림선,"[1156063000, 1156069000, 1159066000]","[서울특별시 동작구 대방동, 서울특별시 영등포구 신길1동, 서울특별시 영등포구 신길7동]","[1156051500, 1156063000, 1156066000, 1156068000, 1156069000, 1159054000, 1159055000, 1159066000, 1159068000]","[서울특별시 동작구 대방동, 서울특별시 동작구 상도2동, 서울특별시 동작구 상도3동, 서울특별시 동작구 신대방2동, 서울특별시 영등포구 신길1동, 서울특별시 영등포구 신길4동, 서울특별시 영등포구 신길6동, 서울특별시 영등포구 신길7동, 서울특별시 영등포구 영등포본동]","[1156063000:서울특별시 영등포구 신길1동, 1156069000:서울특별시 영등포구 신길7동, 1159066000:서울특별시 동작구 대방동]","[1156051500:서울특별시 영등포구 영등포본동, 1156063000:서울특별시 영등포구 신길1동, 1156066000:서울특별시 영등포구 신길4동, 1156068000:서울특별시 영등포구 신길6동, 1156069000:서울특별시 영등포구 신길7동, 1159054000:서울특별시 동작구 상도2동, 1159055000:서울특별시 동작구 상도3동, 1159066000:서울특별시 동작구 대방동, 1159068000:서울특별시 동작구 신대방2동]",ST000407
서원역,지하철,신림선,"[1162059500, 1162064500, 1162065500, 1162066500, 1162074500]","[서울특별시 관악구 삼성동, 서울특별시 관악구 서림동, 서울특별시 관악구 서원동, 서울특별시 관악구 신원동, 서울특별시 관악구 청룡동]","[1162052500, 1162059500, 1162060500, 1162064500, 1162065500, 1162066500, 1162068500, 1162069500, 1162073500, 1162074500, 1162076500, 1162077500]","[서울특별시 관악구 난곡동, 서울특별시 관악구 대학동, 서울특별시 관악구 미성동, 서울특별시 관악구 보라매동, 서울특별시 관악구 삼성동, 서울특별시 관악구 서림동, 서울특별시 관악구 서원동, 서울특별시 관악구 신림동, 서울특별시 관악구 신사동, 서울특별시 관악구 신원동, 서울특별시 관악구 은천동, 서울특별시 관악구 청룡동]","[1162059500:서울특별시 관악구 청룡동, 1162064500:서울특별시 관악구 서원동, 1162065500:서울특별시 관악구 신원동, 1162066500:서울특별시 관악구 서림동, 1162074500:서울특별시 관악구 삼성동]","[1162052500:서울특별시 관악구 보라매동, 1162059500:서울특별시 관악구 청룡동, 1162060500:서울특별시 관악구 은천동, 1162064500:서울특별시 관악구 서원동, 1162065500:서울특별시 관악구 신원동, 1162066500:서울특별시 관악구 서림동, 1162068500:서울특별시 관악구 신사동, 1162069500:서울특별시 관악구 신림동, 1162073500:서울특별시 관악구 대학동, 1162074500:서울특별시 관악구 삼성동, 1162076500:서울특별시 관악구 미성동, 1162077500:서울특별시 관악구 난곡동]",ST000403
서정리역,일반철도,ITX-새마을,[4122051000],[경기도 평택시 중앙동],"[4122033000, 4122051000, 4122052000]","[경기도 평택시 고덕면, 경기도 평택시 서정동, 경기도 평택시 중앙동]",[4122051000:경기도 평택시 중앙동],"[4122033000:경기도 평택시 고덕면, 4122051000:경기도 평택시 중앙동, 4122052000:경기도 평택시 서정동]",ST000545
서정리역,일반철도,무궁화,[4122051000],[경기도 평택시 중앙동],"[4122033000, 4122051000, 4122052000]","[경기도 평택시 고덕면, 경기도 평택시 서정동, 경기도 평택시 중앙동]",[4122051000:경기도 평택시 중앙동],"[4122033000:경기도 평택시 고덕면, 4122051000:경기도 평택시 중앙동, 4122052000:경기도 평택시 서정동]",ST000545
서정리역,지하철,1호선,[4122051000],[경기도 평택시 중앙동],"[4122033000, 4122051000, 4122052000]","[경기도 평택시 고덕면, 경기도 평택시 서정동, 경기도 평택시 중앙동]",[4122051000:경기도 평택시 중앙동],"[4122033000:경기도 평택시 고덕면, 4122051000:경기도 평택시 중앙동, 4122052000:경기도 평택시 서정동]",ST000545
서초역,지하철,2호선,"[1165053000, 1165058100]","[서울특별시 서초구 반포4동, 서울특별시 서초구 서초3동]","[1165051000, 1165053000, 1165053100, 1165056000, 1165058100, 1165060000, 1165062100]","[서울특별시 서초구 반포1동, 서울특별시 서초구 반포4동, 서울특별시 서초구 방배1동, 서울특별시 서초구 방배4동, 서울특별시 서초구 서초1동, 서울특별시 서초구 서초3동, 서울특별시 서초구 서초4동]","[1165053000:서울특별시 서초구 서초3동, 1165058100:서울특별시 서초구 반포4동]","[1165051000:서울특별시 서초구 서초1동, 1165053000:서울특별시 서초구 서초3동, 1165053100:서울특별시 서초구 서초4동, 1165056000:서울특별시 서초구 반포1동, 1165058100:서울특별시 서초구 반포4동, 1165060000:서울특별시 서초구 방배1동, 1165062100:서울특별시 서초구 방배4동]",ST000125
서현역,지하철,수인분당선,"[4113552000, 4113553000, 4113558000, 4113560000]","[경기도 성남시분당구 서현1동, 경기도 성남시분당구 수내1동, 경기도 성남시분당구 수내2동, 경기도 성남시분당구 이매1동]","[4113552000, 4113553000, 4113558000, 4113560000, 4113561000, 4113565700]","[경기도 성남시분당구 백현동, 경기도 성남시분당구 서현1동, 경기도 성남시분당구 수내1동, 경기도 성남시분당구 수내2동, 경기도 성남시분당구 이매1동, 경기도 성남시분당구 이매2동]","[4113552000:경기도 성남시분당구 수내1동, 4113553000:경기도 성남시분당구 수내2동, 4113558000:경기도 성남시분당구 서현1동, 4113560000:경기도 성남시분당구 이매1동]","[4113552000:경기도 성남시분당구 수내1동, 4113553000:경기도 성남시분당구 수내2동, 4113558000:경기도 성남시분당구 서현1동, 4113560000:경기도 성남시분당구 이매1동, 4113561000:경기도 성남시분당구 이매2동, 4113565700:경기도 성남시분당구 백현동]",ST000502
석계역,지하철,1호선,"[1129078000, 1129081000, 1135056000, 1135058000]","[서울특별시 노원구 월계1동, 서울특별시 노원구 월계3동, 서울특별시 성북구 석관동, 서울특별시 성북구 장위3동]","[1123075000, 1126062000, 1126063000, 1129077000, 1129078000, 1129081000, 1135056000, 1135058000, 1135059500]","[서울특별시 노원구 공릉1동, 서울특별시 노원구 월계1동, 서울특별시 노원구 월계3동, 서울특별시 동대문구 이문2동, 서울특별시 성북구 석관동, 서울특별시 성북구 장위2동, 서울특별시 성북구 장위3동, 서울특별시 중랑구 묵1동, 서울특별시 중랑구 묵2동]","[1129078000:서울특별시 성북구 장위3동, 1129081000:서울특별시 성북구 석관동, 1135056000:서울특별시 노원구 월계1동, 1135058000:서울특별시 노원구 월계3동]","[1123075000:서울특별시 동대문구 이문2동, 1126062000:서울특별시 중랑구 묵1동, 1126063000:서울특별시 중랑구 묵2동, 1129077000:서울특별시 성북구 장위2동, 1129078000:서울특별시 성북구 장위3동, 1129081000:서울특별시 성북구 석관동, 1135056000:서울특별시 노원구 월계1동, 1135058000:서울특별시 노원구 월계3동, 1135059500:서울특별시 노원구 공릉1동]",ST000269
석계역,지하철,6호선,"[1129078000, 1129081000, 1135056000, 1135058000]","[서울특별시 노원구 월계1동, 서울특별시 노원구 월계3동, 서울특별시 성북구 석관동, 서울특별시 성북구 장위3동]","[1123075000, 1126062000, 1126063000, 1129077000, 1129078000, 1129081000, 1135056000, 1135058000, 1135059500]","[서울특별시 노원구 공릉1동, 서울특별시 노원구 월계1동, 서울특별시 노원구 월계3동, 서울특별시 동대문구 이문2동, 서울특별시 성북구 석관동, 서울특별시 성북구 장위2동, 서울특별시 성북구 장위3동, 서울특별시 중랑구 묵1동, 서울특별시 중랑구 묵2동]","[1129078000:서울특별시 성북구 장위3동, 1129081000:서울특별시 성북구 석관동, 1135056000:서울특별시 노원구 월계1동, 1135058000:서울특별시 노원구 월계3동]","[1123075000:서울특별시 동대문구 이문2동, 1126062000:서울특별시 중랑구 묵1동, 1126063000:서울특별시 중랑구 묵2동, 1129077000:서울특별시 성북구 장위2동, 1129078000:서울특별시 성북구 장위3동, 1129081000:서울특별시 성북구 석관동, 1135056000:서울특별시 노원구 월계1동, 1135058000:서울특별시 노원구 월계3동, 1135059500:서울특별시 노원구 공릉1동]",ST000269
석남역,지하철,7호선,"[2826055000, 2826056000, 2826056100]","[인천광역시 서구 석남1동, 인천광역시 서구 석남2동, 인천광역시 서구 석남3동]","[2826054200, 2826054400, 2826055000, 2826056000, 2826056100, 2826057500, 2826058000, 2826060000]","[인천광역시 서구 가정1동, 인천광역시 서구 가정3동, 인천광역시 서구 가좌1동, 인천광역시 서구 가좌3동, 인천광역시 서구 석남1동, 인천광역시 서구 석남2동, 인천광역시 서구 석남3동, 인천광역시 서구 신현원창동]","[2826055000:인천광역시 서구 석남1동, 2826056000:인천광역시 서구 석남2동, 2826056100:인천광역시 서구 석남3동]","[2826054200:인천광역시 서구 가정1동, 2826054400:인천광역시 서구 가정3동, 2826055000:인천광역시 서구 석남1동, 2826056000:인천광역시 서구 석남2동, 2826056100:인천광역시 서구 석남3동, 2826057500:인천광역시 서구 신현원창동, 2826058000:인천광역시 서구 가좌1동, 2826060000:인천광역시 서구 가좌3동]",ST000079
석남역,지하철,인천2호선,"[2826055000, 2826056000, 2826056100]","[인천광역시 서구 석남1동, 인천광역시 서구 석남2동, 인천광역시 서구 석남3동]","[2826054200, 2826054400, 2826055000, 2826056000, 2826056100, 2826057500, 2826058000, 2826060000]","[인천광역시 서구 가정1동, 인천광역시 서구 가정3동, 인천광역시 서구 가좌1동, 인천광역시 서구 가좌3동, 인천광역시 서구 석남1동, 인천광역시 서구 석남2동, 인천광역시 서구 석남3동, 인천광역시 서구 신현원창동]","[2826055000:인천광역시 서구 석남1동, 2826056000:인천광역시 서구 석남2동, 2826056100:인천광역시 서구 석남3동]","[2826054200:인천광역시 서구 가정1동, 2826054400:인천광역시 서구 가정3동, 2826055000:인천광역시 서구 석남1동, 2826056000:인천광역시 서구 석남2동, 2826056100:인천광역시 서구 석남3동, 2826057500:인천광역시 서구 신현원창동, 2826058000:인천광역시 서구 가좌1동, 2826060000:인천광역시 서구 가좌3동]",ST000079
석바위시장역,지하철,인천2호선,"[2817069000, 2817071000, 2820052100, 2820053000]","[인천광역시 남구 주안4동, 인천광역시 남구 주안6동, 인천광역시 남동구 간석1동, 인천광역시 남동구 구월3동]","[2817066000, 2817069000, 2817070000, 2817071000, 2817073000, 2820051000, 2820052100, 2820053000, 2820055100]","[인천광역시 남구 주안1동, 인천광역시 남구 주안4동, 인천광역시 남구 주안5동, 인천광역시 남구 주안6동, 인천광역시 남구 주안8동, 인천광역시 남동구 간석1동, 인천광역시 남동구 간석4동, 인천광역시 남동구 구월1동, 인천광역시 남동구 구월3동]","[2817069000:인천광역시 남구 주안4동, 2817071000:인천광역시 남구 주안6동, 2820052100:인천광역시 남동구 구월3동, 2820053000:인천광역시 남동구 간석1동]","[2817066000:인천광역시 남구 주안1동, 2817069000:인천광역시 남구 주안4동, 2817070000:인천광역시 남구 주안5동, 2817071000:인천광역시 남구 주안6동, 2817073000:인천광역시 남구 주안8동, 2820051000:인천광역시 남동구 구월1동, 2820052100:인천광역시 남동구 구월3동, 2820053000:인천광역시 남동구 간석1동, 2820055100:인천광역시 남동구 간석4동]",ST000086
석수역,지하철,1호선,"[1154569000, 4117159000, 4117160000, 4121064000]","[경기도 광명시 소하1동, 경기도 안양시만안구 석수1동, 경기도 안양시만안구 석수2동, 서울특별시 금천구 시흥3동]","[1154569000, 4117159000, 4117160000, 4121064000, 4121065000]","[경기도 광명시 소하1동, 경기도 광명시 소하2동, 경기도 안양시만안구 석수1동, 경기도 안양시만안구 석수2동, 서울특별시 금천구 시흥3동]","[1154569000:서울특별시 금천구 시흥3동, 4117159000:경기도 안양시만안구 석수1동, 4117160000:경기도 안양시만안구 석수2동, 4121064000:경기도 광명시 소하1동]","[1154569000:서울특별시 금천구 시흥3동, 4117159000:경기도 안양시만안구 석수1동, 4117160000:경기도 안양시만안구 석수2동, 4121064000:경기도 광명시 소하1동, 4121065000:경기도 광명시 소하2동]",ST000562
석천사거리역,지하철,인천2호선,"[2820051000, 2820052000, 2820053000, 2820054000]","[인천광역시 남동구 간석1동, 인천광역시 남동구 간석2동, 인천광역시 남동구 구월1동, 인천광역시 남동구 구월2동]","[2820051000, 2820052000, 2820052100, 2820052200, 2820053000, 2820054000, 2820055000, 2820058200]","[인천광역시 남동구 간석1동, 인천광역시 남동구 간석2동, 인천광역시 남동구 간석3동, 인천광역시 남동구 구월1동, 인천광역시 남동구 구월2동, 인천광역시 남동구 구월3동, 인천광역시 남동구 구월4동, 인천광역시 남동구 만수5동]","[2820051000:인천광역시 남동구 구월1동, 2820052000:인천광역시 남동구 구월2동, 2820053000:인천광역시 남동구 간석1동, 2820054000:인천광역시 남동구 간석2동]","[2820051000:인천광역시 남동구 구월1동, 2820052000:인천광역시 남동구 구월2동, 2820052100:인천광역시 남동구 구월3동, 2820052200:인천광역시 남동구 구월4동, 2820053000:인천광역시 남동구 간석1동, 2820054000:인천광역시 남동구 간석2동, 2820055000:인천광역시 남동구 간석3동, 2820058200:인천광역시 남동구 만수5동]",ST000088
석촌고분역,지하철,9호선,"[1171060000, 1171061000, 1171068000]","[서울특별시 송파구 삼전동, 서울특별시 송파구 석촌동, 서울특별시 송파구 잠실3동]","[1168073000, 1168074000, 1171058000, 1171060000, 1171061000, 1171063100, 1171065000, 1171068000, 1171071000]","[서울특별시 강남구 일원1동, 서울특별시 강남구 일원2동, 서울특별시 송파구 가락1동, 서울특별시 송파구 삼전동, 서울특별시 송파구 석촌동, 서울특별시 송파구 송파1동, 서울특별시 송파구 잠실3동, 서울특별시 송파구 잠실6동, 서울특별시 송파구 잠실본동]","[1171060000:서울특별시 송파구 석촌동, 1171061000:서울특별시 송파구 삼전동, 1171068000:서울특별시 송파구 잠실3동]","[1168073000:서울특별시 강남구 일원1동, 1168074000:서울특별시 강남구 일원2동, 1171058000:서울특별시 송파구 송파1동, 1171060000:서울특별시 송파구 석촌동, 1171061000:서울특별시 송파구 삼전동, 1171063100:서울특별시 송파구 가락1동, 1171065000:서울특별시 송파구 잠실본동, 1171068000:서울특별시 송파구 잠실3동, 1171071000:서울특별시 송파구 잠실6동]",ST000418
석촌역,지하철,8호선,"[1171058000, 1171059000, 1171060000, 1171068000, 1171071000]","[서울특별시 송파구 석촌동, 서울특별시 송파구 송파1동, 서울특별시 송파구 송파2동, 서울특별시 송파구 잠실3동, 서울특별시 송파구 잠실6동]","[1171056100, 1171056200, 1171058000, 1171059000, 1171060000, 1171061000, 1171063100, 1171068000, 1171071000]","[서울특별시 송파구 가락1동, 서울특별시 송파구 방이1동, 서울특별시 송파구 방이2동, 서울특별시 송파구 삼전동, 서울특별시 송파구 석촌동, 서울특별시 송파구 송파1동, 서울특별시 송파구 송파2동, 서울특별시 송파구 잠실3동, 서울특별시 송파구 잠실6동]","[1171058000:서울특별시 송파구 송파1동, 1171059000:서울특별시 송파구 송파2동, 1171060000:서울특별시 송파구 석촌동, 1171068000:서울특별시 송파구 잠실3동, 1171071000:서울특별시 송파구 잠실6동]","[1171056100:서울특별시 송파구 방이1동, 1171056200:서울특별시 송파구 방이2동, 1171058000:서울특별시 송파구 송파1동, 1171059000:서울특별시 송파구 송파2동, 1171060000:서울특별시 송파구 석촌동, 1171061000:서울특별시 송파구 삼전동, 1171063100:서울특별시 송파구 가락1동, 1171068000:서울특별시 송파구 잠실3동, 1171071000:서울특별시 송파구 잠실6동]",ST000314
석촌역,지하철,9호선,"[1171058000, 1171059000, 1171060000, 1171068000, 1171071000]","[서울특별시 송파구 석촌동, 서울특별시 송파구 송파1동, 서울특별시 송파구 송파2동, 서울특별시 송파구 잠실3동, 서울특별시 송파구 잠실6동]","[1171056100, 1171056200, 1171058000, 1171059000, 1171060000, 1171061000, 1171063100, 1171068000, 1171071000]","[서울특별시 송파구 가락1동, 서울특별시 송파구 방이1동, 서울특별시 송파구 방이2동, 서울특별시 송파구 삼전동, 서울특별시 송파구 석촌동, 서울특별시 송파구 송파1동, 서울특별시 송파구 송파2동, 서울특별시 송파구 잠실3동, 서울특별시 송파구 잠실6동]","[1171058000:서울특별시 송파구 송파1동, 1171059000:서울특별시 송파구 송파2동, 1171060000:서울특별시 송파구 석촌동, 1171068000:서울특별시 송파구 잠실3동, 1171071000:서울특별시 송파구 잠실6동]","[1171056100:서울특별시 송파구 방이1동, 1171056200:서울특별시 송파구 방이2동, 1171058000:서울특별시 송파구 송파1동, 1171059000:서울특별시 송파구 송파2동, 1171060000:서울특별시 송파구 석촌동, 1171061000:서울특별시 송파구 삼전동, 1171063100:서울특별시 송파구 가락1동, 1171068000:서울특별시 송파구 잠실3동, 1171071000:서울특별시 송파구 잠실6동]",ST000314
선릉역,지하철,2호선,"[1168059000, 1168063000, 1168064000, 1168065000]","[서울특별시 강남구 대치4동, 서울특별시 강남구 삼성2동, 서울특별시 강남구 역삼1동, 서울특별시 강남구 역삼2동]","[1168053100, 1168058000, 1168059000, 1168060000, 1168061000, 1168063000, 1168064000, 1168065000, 1168065600]","[서울특별시 강남구 논현2동, 서울특별시 강남구 대치1동, 서울특별시 강남구 대치2동, 서울특별시 강남구 대치4동, 서울특별시 강남구 도곡2동, 서울특별시 강남구 삼성1동, 서울특별시 강남구 삼성2동, 서울특별시 강남구 역삼1동, 서울특별시 강남구 역삼2동]","[1168059000:서울특별시 강남구 삼성2동, 1168063000:서울특별시 강남구 대치4동, 1168064000:서울특별시 강남구 역삼1동, 1168065000:서울특별시 강남구 역삼2동]","[1168053100:서울특별시 강남구 논현2동, 1168058000:서울특별시 강남구 삼성1동, 1168059000:서울특별시 강남구 삼성2동, 1168060000:서울특별시 강남구 대치1동, 1168061000:서울특별시 강남구 대치2동, 1168063000:서울특별시 강남구 대치4동, 1168064000:서울특별시 강남구 역삼1동, 1168065000:서울특별시 강남구 역삼2동, 1168065600:서울특별시 강남구 도곡2동]",ST000121
선릉역,지하철,수인분당선,"[1168059000, 1168063000, 1168064000, 1168065000]","[서울특별시 강남구 대치4동, 서울특별시 강남구 삼성2동, 서울특별시 강남구 역삼1동, 서울특별시 강남구 역삼2동]","[1168053100, 1168058000, 1168059000, 1168060000, 1168061000, 1168063000, 1168064000, 1168065000, 1168065600]","[서울특별시 강남구 논현2동, 서울특별시 강남구 대치1동, 서울특별시 강남구 대치2동, 서울특별시 강남구 대치4동, 서울특별시 강남구 도곡2동, 서울특별시 강남구 삼성1동, 서울특별시 강남구 삼성2동, 서울특별시 강남구 역삼1동, 서울특별시 강남구 역삼2동]","[1168059000:서울특별시 강남구 삼성2동, 1168063000:서울특별시 강남구 대치4동, 1168064000:서울특별시 강남구 역삼1동, 1168065000:서울특별시 강남구 역삼2동]","[1168053100:서울특별시 강남구 논현2동, 1168058000:서울특별시 강남구 삼성1동, 1168059000:서울특별시 강남구 삼성2동, 1168060000:서울특별시 강남구 대치1동, 1168061000:서울특별시 강남구 대치2동, 1168063000:서울특별시 강남구 대치4동, 1168064000:서울특별시 강남구 역삼1동, 1168065000:서울특별시 강남구 역삼2동, 1168065600:서울특별시 강남구 도곡2동]",ST000121
선바위역,지하철,4호선,[4129055000],[경기도 과천시 과천동],"[1165065100, 4129051000, 4129055000]","[경기도 과천시 과천동, 경기도 과천시 중앙동, 서울특별시 서초구 양재1동]",[4129055000:경기도 과천시 과천동],"[1165065100:서울특별시 서초구 양재1동, 4129051000:경기도 과천시 중앙동, 4129055000:경기도 과천시 과천동]",ST000581
선바위역,지하철,과천선,[4129055000],[경기도 과천시 과천동],"[1165065100, 4129051000, 4129055000]","[경기도 과천시 과천동, 경기도 과천시 중앙동, 서울특별시 서초구 양재1동]",[4129055000:경기도 과천시 과천동],"[1165065100:서울특별시 서초구 양재1동, 4129051000:경기도 과천시 중앙동, 4129055000:경기도 과천시 과천동]",ST000581
선바위역,지하철,안산과천선,[4129055000],[경기도 과천시 과천동],"[1165065100, 4129051000, 4129055000]","[경기도 과천시 과천동, 경기도 과천시 중앙동, 서울특별시 서초구 양재1동]",[4129055000:경기도 과천시 과천동],"[1165065100:서울특별시 서초구 양재1동, 4129051000:경기도 과천시 중앙동, 4129055000:경기도 과천시 과천동]",ST000581
선부역,지하철,서해선,"[4127358000, 4127359000, 4127360000]","[경기도 안산시단원구 선부1동, 경기도 안산시단원구 선부2동, 경기도 안산시단원구 선부3동]","[4127351000, 4127352000, 4127354000, 4127356000, 4127357000, 4127358000, 4127359000, 4127360000]","[경기도 안산시단원구 고잔1동, 경기도 안산시단원구 선부1동, 경기도 안산시단원구 선부2동, 경기도 안산시단원구 선부3동, 경기도 안산시단원구 와동, 경기도 안산시단원구 원곡2동, 경기도 안산시단원구 원곡본동, 경기도 안산시단원구 초지동]","[4127358000:경기도 안산시단원구 선부1동, 4127359000:경기도 안산시단원구 선부2동, 4127360000:경기도 안산시단원구 선부3동]","[4127351000:경기도 안산시단원구 와동, 4127352000:경기도 안산시단원구 고잔1동, 4127354000:경기도 안산시단원구 원곡본동, 4127356000:경기도 안산시단원구 원곡2동, 4127357000:경기도 안산시단원구 초지동, 4127358000:경기도 안산시단원구 선부1동, 4127359000:경기도 안산시단원구 선부2동, 4127360000:경기도 안산시단원구 선부3동]",ST000362
선유도역,지하철,9호선,"[1147055000, 1156062000]","[서울특별시 양천구 목5동, 서울특별시 영등포구 양평2동]","[1144068000, 1144069000, 1147051000, 1147055000, 1150051000, 1156055000, 1156056000, 1156061000, 1156062000]","[서울특별시 강서구 염창동, 서울특별시 마포구 망원1동, 서울특별시 마포구 합정동, 서울특별시 양천구 목1동, 서울특별시 양천구 목5동, 서울특별시 영등포구 당산1동, 서울특별시 영등포구 당산2동, 서울특별시 영등포구 양평1동, 서울특별시 영등포구 양평2동]","[1147055000:서울특별시 양천구 목5동, 1156062000:서울특별시 영등포구 양평2동]","[1144068000:서울특별시 마포구 합정동, 1144069000:서울특별시 마포구 망원1동, 1147051000:서울특별시 양천구 목1동, 1147055000:서울특별시 양천구 목5동, 1150051000:서울특별시 강서구 염창동, 1156055000:서울특별시 영등포구 당산1동, 1156056000:서울특별시 영등포구 당산2동, 1156061000:서울특별시 영등포구 양평1동, 1156062000:서울특별시 영등포구 양평2동]",ST000025
선정릉역,지하철,9호선,"[1168053100, 1168059000, 1168064000]","[서울특별시 강남구 논현2동, 서울특별시 강남구 삼성2동, 서울특별시 강남구 역삼1동]","[1168052100, 1168053100, 1168056500, 1168058000, 1168059000, 1168063000, 1168064000, 1168065000]","[서울특별시 강남구 논현1동, 서울특별시 강남구 논현2동, 서울특별시 강남구 대치4동, 서울특별시 강남구 삼성1동, 서울특별시 강남구 삼성2동, 서울특별시 강남구 역삼1동, 서울특별시 강남구 역삼2동, 서울특별시 강남구 청담동]","[1168053100:서울특별시 강남구 논현2동, 1168059000:서울특별시 강남구 삼성2동, 1168064000:서울특별시 강남구 역삼1동]","[1168052100:서울특별시 강남구 논현1동, 1168053100:서울특별시 강남구 논현2동, 1168056500:서울특별시 강남구 청담동, 1168058000:서울특별시 강남구 삼성1동, 1168059000:서울특별시 강남구 삼성2동, 1168063000:서울특별시 강남구 대치4동, 1168064000:서울특별시 강남구 역삼1동, 1168065000:서울특별시 강남구 역삼2동]",ST000040
선정릉역,지하철,수인분당선,"[1168053100, 1168059000, 1168064000]","[서울특별시 강남구 논현2동, 서울특별시 강남구 삼성2동, 서울특별시 강남구 역삼1동]","[1168052100, 1168053100, 1168056500, 1168058000, 1168059000, 1168063000, 1168064000, 1168065000]","[서울특별시 강남구 논현1동, 서울특별시 강남구 논현2동, 서울특별시 강남구 대치4동, 서울특별시 강남구 삼성1동, 서울특별시 강남구 삼성2동, 서울특별시 강남구 역삼1동, 서울특별시 강남구 역삼2동, 서울특별시 강남구 청담동]","[1168053100:서울특별시 강남구 논현2동, 1168059000:서울특별시 강남구 삼성2동, 1168064000:서울특별시 강남구 역삼1동]","[1168052100:서울특별시 강남구 논현1동, 1168053100:서울특별시 강남구 논현2동, 1168056500:서울특별시 강남구 청담동, 1168058000:서울특별시 강남구 삼성1동, 1168059000:서울특별시 강남구 삼성2동, 1168063000:서울특별시 강남구 대치4동, 1168064000:서울특별시 강남구 역삼1동, 1168065000:서울특별시 강남구 역삼2동]",ST000040
선학역,지하철,인천1호선,"[2818575000, 2818576300]","[인천광역시 연수구 선학동, 인천광역시 연수구 연수3동]","[2817074000, 2818575000, 2818576100, 2818576200, 2818576300, 2820066000]","[인천광역시 남구 문학동, 인천광역시 남동구 남촌도림동, 인천광역시 연수구 선학동, 인천광역시 연수구 연수1동, 인천광역시 연수구 연수2동, 인천광역시 연수구 연수3동]","[2818575000:인천광역시 연수구 선학동, 2818576300:인천광역시 연수구 연수3동]","[2817074000:인천광역시 남구 문학동, 2818575000:인천광역시 연수구 선학동, 2818576100:인천광역시 연수구 연수1동, 2818576200:인천광역시 연수구 연수2동, 2818576300:인천광역시 연수구 연수3동, 2820066000:인천광역시 남동구 남촌도림동]",ST000058
성균관대역,지하철,1호선,"[4111156600, 4111157300]","[경기도 수원시장안구 율천동, 경기도 수원시장안구 정자3동]","[4111156000, 4111156600, 4111157300, 4111370000, 4143052000]","[경기도 수원시권선구 입북동, 경기도 수원시장안구 율천동, 경기도 수원시장안구 정자3동, 경기도 수원시장안구 파장동, 경기도 의왕시 부곡동]","[4111156600:경기도 수원시장안구 율천동, 4111157300:경기도 수원시장안구 정자3동]","[4111156000:경기도 수원시장안구 파장동, 4111156600:경기도 수원시장안구 율천동, 4111157300:경기도 수원시장안구 정자3동, 4111370000:경기도 수원시권선구 입북동, 4143052000:경기도 의왕시 부곡동]",ST000555
성남역,광역급행철도,GTXA,"[4113558000, 4113560000, 4113561000, 4113565500, 4113565700]","[경기도 성남시분당구 서현1동, 경기도 성남시분당구 이매1동, 경기도 성남시분당구 이매2동, 경기도 성남시분당구 삼평동, 경기도 성남시분당구 백현동]","[4113552000, 4113558000, 4113560000, 4113561000, 4113564000, 4113565500, 4113565700]","[경기도 성남시분당구 수내1동, 경기도 성남시분당구 서현1동, 경기도 성남시분당구 이매1동, 경기도 성남시분당구 이매2동, 경기도 성남시분당구 야탑3동, 경기도 성남시분당구 삼평동, 경기도 성남시분당구 백현동]","[4113558000:경기도 성남시분당구 서현1동, 4113560000:경기도 성남시분당구 이매1동, 4113561000:경기도 성남시분당구 이매2동, 4113565500:경기도 성남시분당구 삼평동, 4113565700:경기도 성남시분당구 백현동]","[4113552000:경기도 성남시분당구 수내1동, 4113558000:경기도 성남시분당구 서현1동, 4113560000:경기도 성남시분당구 이매1동, 4113561000:경기도 성남시분당구 이매2동, 4113564000:경기도 성남시분당구 야탑3동, 4113565500:경기도 성남시분당구 삼평동, 4113565700:경기도 성남시분당구 백현동]",GTX_성남_GTXA
성남역,지하철,경강선,"[4113558000, 4113560000, 4113561000, 4113565500, 4113565700]","[경기도 성남시분당구 백현동, 경기도 성남시분당구 삼평동, 경기도 성남시분당구 서현1동, 경기도 성남시분당구 이매1동, 경기도 성남시분당구 이매2동]","[4113552000, 4113558000, 4113560000, 4113561000, 4113564000, 4113565500, 4113565700]","[경기도 성남시분당구 백현동, 경기도 성남시분당구 삼평동, 경기도 성남시분당구 서현1동, 경기도 성남시분당구 수내1동, 경기도 성남시분당구 야탑3동, 경기도 성남시분당구 이매1동, 경기도 성남시분당구 이매2동]","[4113558000:경기도 성남시분당구 서현1동, 4113560000:경기도 성남시분당구 이매1동, 4113561000:경기도 성남시분당구 이매2동, 4113565500:경기도 성남시분당구 삼평동, 4113565700:경기도 성남시분당구 백현동]","[4113552000:경기도 성남시분당구 수내1동, 4113558000:경기도 성남시분당구 서현1동, 4113560000:경기도 성남시분당구 이매1동, 4113561000:경기도 성남시분당구 이매2동, 4113564000:경기도 성남시분당구 야탑3동, 4113565500:경기도 성남시분당구 삼평동, 4113565700:경기도 성남시분당구 백현동]",ST000346
성복역,지하철,신분당선,"[4146552000, 4146553000, 4146557000, 4146558000, 4146559000]","[경기도 용인시수지구 상현1동, 경기도 용인시수지구 상현2동, 경기도 용인시수지구 성복동, 경기도 용인시수지구 신봉동, 경기도 용인시수지구 풍덕천2동]","[4146552000, 4146553000, 4146557000, 4146558000, 4146559000]","[경기도 용인시수지구 상현1동, 경기도 용인시수지구 상현2동, 경기도 용인시수지구 성복동, 경기도 용인시수지구 신봉동, 경기도 용인시수지구 풍덕천2동]","[4146552000:경기도 용인시수지구 풍덕천2동, 4146553000:경기도 용인시수지구 신봉동, 4146557000:경기도 용인시수지구 상현1동, 4146558000:경기도 용인시수지구 상현2동, 4146559000:경기도 용인시수지구 성복동]","[4146552000:경기도 용인시수지구 풍덕천2동, 4146553000:경기도 용인시수지구 신봉동, 4146557000:경기도 용인시수지구 상현1동, 4146558000:경기도 용인시수지구 상현2동, 4146559000:경기도 용인시수지구 성복동]",ST000338
성수역,지하철,2호선,"[1120065000, 1120067000, 1120069000, 1120072000]","[서울특별시 성동구 성수1가1동, 서울특별시 성동구 성수2가1동, 서울특별시 성동구 성수2가3동, 서울특별시 성동구 송정동]","[1120065000, 1120066000, 1120067000, 1120069000, 1120072000, 1120079000, 1121571000, 1121584700]","[서울특별시 광진구 자양4동, 서울특별시 광진구 화양동, 서울특별시 성동구 성수1가1동, 서울특별시 성동구 성수1가2동, 서울특별시 성동구 성수2가1동, 서울특별시 성동구 성수2가3동, 서울특별시 성동구 송정동, 서울특별시 성동구 용답동]","[1120065000:서울특별시 성동구 성수1가1동, 1120067000:서울특별시 성동구 성수2가1동, 1120069000:서울특별시 성동구 성수2가3동, 1120072000:서울특별시 성동구 송정동]","[1120065000:서울특별시 성동구 성수1가1동, 1120066000:서울특별시 성동구 성수1가2동, 1120067000:서울특별시 성동구 성수2가1동, 1120069000:서울특별시 성동구 성수2가3동, 1120072000:서울특별시 성동구 송정동, 1120079000:서울특별시 성동구 용답동, 1121571000:서울특별시 광진구 화양동, 1121584700:서울특별시 광진구 자양4동]",ST000112
성신여대입구역,지하철,4호선,"[1129052500, 1129055500, 1129057500, 1129059000, 1129060000, 1129061000]","[서울특별시 성북구 돈암2동, 서울특별시 성북구 동선동, 서울특별시 성북구 보문동, 서울특별시 성북구 삼선동, 서울특별시 성북구 성북동, 서울특별시 성북구 안암동]","[1129052500, 1129055500, 1129057500, 1129058000, 1129059000, 1129060000, 1129061000, 1129062000, 1129063000, 1129070500]","[서울특별시 성북구 돈암1동, 서울특별시 성북구 돈암2동, 서울특별시 성북구 동선동, 서울특별시 성북구 보문동, 서울특별시 성북구 삼선동, 서울특별시 성북구 성북동, 서울특별시 성북구 안암동, 서울특별시 성북구 정릉1동, 서울특별시 성북구 정릉2동, 서울특별시 성북구 종암동]","[1129052500:서울특별시 성북구 성북동, 1129055500:서울특별시 성북구 삼선동, 1129057500:서울특별시 성북구 동선동, 1129059000:서울특별시 성북구 돈암2동, 1129060000:서울특별시 성북구 안암동, 1129061000:서울특별시 성북구 보문동]","[1129052500:서울특별시 성북구 성북동, 1129055500:서울특별시 성북구 삼선동, 1129057500:서울특별시 성북구 동선동, 1129058000:서울특별시 성북구 돈암1동, 1129059000:서울특별시 성북구 돈암2동, 1129060000:서울특별시 성북구 안암동, 1129061000:서울특별시 성북구 보문동, 1129062000:서울특별시 성북구 정릉1동, 1129063000:서울특별시 성북구 정릉2동, 1129070500:서울특별시 성북구 종암동]",ST000011
성신여대입구역,지하철,우이신설선,"[1129052500, 1129055500, 1129057500, 1129059000, 1129060000, 1129061000]","[서울특별시 성북구 돈암2동, 서울특별시 성북구 동선동, 서울특별시 성북구 보문동, 서울특별시 성북구 삼선동, 서울특별시 성북구 성북동, 서울특별시 성북구 안암동]","[1129052500, 1129055500, 1129057500, 1129058000, 1129059000, 1129060000, 1129061000, 1129062000, 1129063000, 1129070500]","[서울특별시 성북구 돈암1동, 서울특별시 성북구 돈암2동, 서울특별시 성북구 동선동, 서울특별시 성북구 보문동, 서울특별시 성북구 삼선동, 서울특별시 성북구 성북동, 서울특별시 성북구 안암동, 서울특별시 성북구 정릉1동, 서울특별시 성북구 정릉2동, 서울특별시 성북구 종암동]","[1129052500:서울특별시 성북구 성북동, 1129055500:서울특별시 성북구 삼선동, 1129057500:서울특별시 성북구 동선동, 1129059000:서울특별시 성북구 돈암2동, 1129060000:서울특별시 성북구 안암동, 1129061000:서울특별시 성북구 보문동]","[1129052500:서울특별시 성북구 성북동, 1129055500:서울특별시 성북구 삼선동, 1129057500:서울특별시 성북구 동선동, 1129058000:서울특별시 성북구 돈암1동, 1129059000:서울특별시 성북구 돈암2동, 1129060000:서울특별시 성북구 안암동, 1129061000:서울특별시 성북구 보문동, 1129062000:서울특별시 성북구 정릉1동, 1129063000:서울특별시 성북구 정릉2동, 1129070500:서울특별시 성북구 종암동]",ST000011
세류역,지하철,1호선,"[4111353000, 4111368000]","[경기도 수원시권선구 권선2동, 경기도 수원시권선구 세류2동]","[4111353000, 4111368000, 4111369000]","[경기도 수원시권선구 곡선동, 경기도 수원시권선구 권선2동, 경기도 수원시권선구 세류2동]","[4111353000:경기도 수원시권선구 세류2동, 4111368000:경기도 수원시권선구 권선2동]","[4111353000:경기도 수원시권선구 세류2동, 4111368000:경기도 수원시권선구 권선2동, 4111369000:경기도 수원시권선구 곡선동]",ST000552
세마역,지하철,1호선,[4137055000],[경기도 오산시 세마동],"[4137054000, 4137055000]","[경기도 오산시 세마동, 경기도 오산시 신장동]",[4137055000:경기도 오산시 세마동],"[4137054000:경기도 오산시 신장동, 4137055000:경기도 오산시 세마동]",ST000550
세종대왕릉역,지하철,경강선,[4167034000],[경기도 여주시 능서면],[4167034000],[경기도 여주시 능서면],[4167034000:경기도 여주시 능서면],[4167034000:경기도 여주시 능서면],ST000566
센트럴파크역,지하철,인천1호선,[2818583000],[인천광역시 연수구 송도2동],"[2818582000, 2818583000]","[인천광역시 연수구 송도1동, 인천광역시 연수구 송도2동]",[2818583000:인천광역시 연수구 송도2동],"[2818582000:인천광역시 연수구 송도1동, 2818583000:인천광역시 연수구 송도2동]",ST000066
소래포구역,지하철,수인분당선,"[2820069000, 2820071000]","[인천광역시 남동구 논현1동, 인천광역시 남동구 논현고잔동]","[2820069000, 2820070000, 2820071000, 4139053100, 4139058200]","[경기도 시흥시 신현동, 경기도 시흥시 월곶동, 인천광역시 남동구 논현1동, 인천광역시 남동구 논현2동, 인천광역시 남동구 논현고잔동]","[2820069000:인천광역시 남동구 논현1동, 2820071000:인천광역시 남동구 논현고잔동]","[2820069000:인천광역시 남동구 논현1동, 2820070000:인천광역시 남동구 논현2동, 2820071000:인천광역시 남동구 논현고잔동, 4139053100:경기도 시흥시 신현동, 4139058200:경기도 시흥시 월곶동]",ST000481
소사역,지하철,1호선,"[4119051000, 4119055000, 4119058000, 4119071000, 4119075000, 4119076000]","[경기도 부천시 소사동, 경기도 부천시 소사본3동, 경기도 부천시 소사본동, 경기도 부천시 심곡2동, 경기도 부천시 심곡본동, 경기도 부천시 역곡2동]","[4119051000, 4119054000, 4119055000, 4119056000, 4119058000, 4119071000, 4119075000, 4119076000, 4119077000]","[경기도 부천시 괴안동, 경기도 부천시 소사동, 경기도 부천시 소사본3동, 경기도 부천시 소사본동, 경기도 부천시 심곡2동, 경기도 부천시 심곡본동, 경기도 부천시 역곡2동, 경기도 부천시 원미1동, 경기도 부천시 원미2동]","[4119051000:경기도 부천시 심곡2동, 4119055000:경기도 부천시 소사동, 4119058000:경기도 부천시 역곡2동, 4119071000:경기도 부천시 심곡본동, 4119075000:경기도 부천시 소사본동, 4119076000:경기도 부천시 소사본3동]","[4119051000:경기도 부천시 심곡2동, 4119054000:경기도 부천시 원미2동, 4119055000:경기도 부천시 소사동, 4119056000:경기도 부천시 원미1동, 4119058000:경기도 부천시 역곡2동, 4119071000:경기도 부천시 심곡본동, 4119075000:경기도 부천시 소사본동, 4119076000:경기도 부천시 소사본3동, 4119077000:경기도 부천시 괴안동]",ST000370
소사역,지하철,서해선,"[4119051000, 4119055000, 4119058000, 4119071000, 4119075000, 4119076000]","[경기도 부천시 소사동, 경기도 부천시 소사본3동, 경기도 부천시 소사본동, 경기도 부천시 심곡2동, 경기도 부천시 심곡본동, 경기도 부천시 역곡2동]","[4119051000, 4119054000, 4119055000, 4119056000, 4119058000, 4119071000, 4119075000, 4119076000, 4119077000]","[경기도 부천시 괴안동, 경기도 부천시 소사동, 경기도 부천시 소사본3동, 경기도 부천시 소사본동, 경기도 부천시 심곡2동, 경기도 부천시 심곡본동, 경기도 부천시 역곡2동, 경기도 부천시 원미1동, 경기도 부천시 원미2동]","[4119051000:경기도 부천시 심곡2동, 4119055000:경기도 부천시 소사동, 4119058000:경기도 부천시 역곡2동, 4119071000:경기도 부천시 심곡본동, 4119075000:경기도 부천시 소사본동, 4119076000:경기도 부천시 소사본3동]","[4119051000:경기도 부천시 심곡2동, 4119054000:경기도 부천시 원미2동, 4119055000:경기도 부천시 소사동, 4119056000:경기도 부천시 원미1동, 4119058000:경기도 부천시 역곡2동, 4119071000:경기도 부천시 심곡본동, 4119075000:경기도 부천시 소사본동, 4119076000:경기도 부천시 소사본3동, 4119077000:경기도 부천시 괴안동]",ST000370
소새울역,지하철,서해선,"[4119075000, 4119076000, 4139051000]","[경기도 부천시 소사본3동, 경기도 부천시 소사본동, 경기도 시흥시 대야동]","[4119075000, 4119076000, 4119077000, 4119078000, 4139051000]","[경기도 부천시 괴안동, 경기도 부천시 범박동, 경기도 부천시 소사본3동, 경기도 부천시 소사본동, 경기도 시흥시 대야동]","[4119075000:경기도 부천시 소사본동, 4119076000:경기도 부천시 소사본3동, 4139051000:경기도 시흥시 대야동]","[4119075000:경기도 부천시 소사본동, 4119076000:경기도 부천시 소사본3동, 4119077000:경기도 부천시 괴안동, 4119078000:경기도 부천시 범박동, 4139051000:경기도 시흥시 대야동]",ST000369
소요산역,지하철,1호선,[4125058000],[경기도 동두천시 소요동],[4125058000],[경기도 동두천시 소요동],[4125058000:경기도 동두천시 소요동],[4125058000:경기도 동두천시 소요동],ST000458
솔밭공원역,지하철,우이신설선,"[1130564500, 1132066000, 1132071000]","[서울특별시 강북구 우이동, 서울특별시 도봉구 방학3동, 서울특별시 도봉구 쌍문1동]","[1130562000, 1130564500, 1132066000, 1132071000]","[서울특별시 강북구 수유2동, 서울특별시 강북구 우이동, 서울특별시 도봉구 방학3동, 서울특별시 도봉구 쌍문1동]","[1130564500:서울특별시 강북구 우이동, 1132066000:서울특별시 도봉구 쌍문1동, 1132071000:서울특별시 도봉구 방학3동]","[1130562000:서울특별시 강북구 수유2동, 1130564500:서울특별시 강북구 우이동, 1132066000:서울특별시 도봉구 쌍문1동, 1132071000:서울특별시 도봉구 방학3동]",ST000002
솔샘역,지하철,우이신설선,"[1129065000, 1130553400, 1130557500]","[서울특별시 강북구 삼각산동, 서울특별시 강북구 삼양동, 서울특별시 성북구 정릉4동]","[1129062000, 1129063000, 1129064000, 1129065000, 1129066000, 1130553400, 1130553500, 1130555500, 1130557500, 1130561000]","[서울특별시 강북구 미아동, 서울특별시 강북구 삼각산동, 서울특별시 강북구 삼양동, 서울특별시 강북구 송천동, 서울특별시 강북구 수유1동, 서울특별시 성북구 길음1동, 서울특별시 성북구 정릉1동, 서울특별시 성북구 정릉2동, 서울특별시 성북구 정릉3동, 서울특별시 성북구 정릉4동]","[1129065000:서울특별시 성북구 정릉4동, 1130553400:서울특별시 강북구 삼양동, 1130557500:서울특별시 강북구 삼각산동]","[1129062000:서울특별시 성북구 정릉1동, 1129063000:서울특별시 성북구 정릉2동, 1129064000:서울특별시 성북구 정릉3동, 1129065000:서울특별시 성북구 정릉4동, 1129066000:서울특별시 성북구 길음1동, 1130553400:서울특별시 강북구 삼양동, 1130553500:서울특별시 강북구 미아동, 1130555500:서울특별시 강북구 송천동, 1130557500:서울특별시 강북구 삼각산동, 1130561000:서울특별시 강북구 수유1동]",ST000008
송내역,지하철,1호선,"[2823767000, 4119062000, 4119063000, 4119069000, 4119073000]","[경기도 부천시 상1동, 경기도 부천시 상2동, 경기도 부천시 상동, 경기도 부천시 송내1동, 인천광역시 부평구 일신동]","[2823765000, 2823766000, 2823767000, 4119061000, 4119062000, 4119063000, 4119069000, 4119073000]","[경기도 부천시 상1동, 경기도 부천시 상2동, 경기도 부천시 상동, 경기도 부천시 송내1동, 경기도 부천시 중동, 인천광역시 부평구 부개1동, 인천광역시 부평구 부개2동, 인천광역시 부평구 일신동]","[2823767000:인천광역시 부평구 일신동, 4119062000:경기도 부천시 상동, 4119063000:경기도 부천시 상1동, 4119069000:경기도 부천시 상2동, 4119073000:경기도 부천시 송내1동]","[2823765000:인천광역시 부평구 부개1동, 2823766000:인천광역시 부평구 부개2동, 2823767000:인천광역시 부평구 일신동, 4119061000:경기도 부천시 중동, 4119062000:경기도 부천시 상동, 4119063000:경기도 부천시 상1동, 4119069000:경기도 부천시 상2동, 4119073000:경기도 부천시 송내1동]",ST000519
송도달빛축제공원역,지하철,인천1호선,[2818583000],[인천광역시 연수구 송도2동],[2818583000],[인천광역시 연수구 송도2동],[2818583000:인천광역시 연수구 송도2동],[2818583000:인천광역시 연수구 송도2동],ST000431
송도역,지하철,수인분당선,"[2818576100, 2818576200, 2818576300, 2818576600]","[인천광역시 연수구 연수1동, 인천광역시 연수구 연수2동, 인천광역시 연수구 연수3동, 인천광역시 연수구 청학동]","[2818576100, 2818576200, 2818576300, 2818576600, 2818578000, 2818579500]","[인천광역시 연수구 동춘1동, 인천광역시 연수구 동춘3동, 인천광역시 연수구 연수1동, 인천광역시 연수구 연수2동, 인천광역시 연수구 연수3동, 인천광역시 연수구 청학동]","[2818576100:인천광역시 연수구 연수1동, 2818576200:인천광역시 연수구 연수2동, 2818576300:인천광역시 연수구 연수3동, 2818576600:인천광역시 연수구 청학동]","[2818576100:인천광역시 연수구 연수1동, 2818576200:인천광역시 연수구 연수2동, 2818576300:인천광역시 연수구 연수3동, 2818576600:인천광역시 연수구 청학동, 2818578000:인천광역시 연수구 동춘1동, 2818579500:인천광역시 연수구 동춘3동]",ST000740
송산역,지하철,의정부,"[4115057300, 4115057600]","[경기도 의정부시 송산1동, 경기도 의정부시 송산2동]","[4115057300, 4115057600]","[경기도 의정부시 송산1동, 경기도 의정부시 송산2동]","[4115057300:경기도 의정부시 송산1동, 4115057600:경기도 의정부시 송산2동]","[4115057300:경기도 의정부시 송산1동, 4115057600:경기도 의정부시 송산2동]",ST000372
송정역,지하철,5호선,"[1150062000, 1150063000, 1150064000]","[서울특별시 강서구 공항동, 서울특별시 강서구 방화1동, 서울특별시 강서구 방화2동]","[1150062000, 1150063000, 1150064000]","[서울특별시 강서구 공항동, 서울특별시 강서구 방화1동, 서울특별시 강서구 방화2동]","[1150062000:서울특별시 강서구 공항동, 1150063000:서울특별시 강서구 방화1동, 1150064000:서울특별시 강서구 방화2동]","[1150062000:서울특별시 강서구 공항동, 1150063000:서울특별시 강서구 방화1동, 1150064000:서울특별시 강서구 방화2동]",ST000201
송탄역,지하철,1호선,"[4122052000, 4122055000, 4122058000]","[경기도 평택시 서정동, 경기도 평택시 신장2동, 경기도 평택시 지산동]","[4122032000, 4122052000, 4122055000, 4122056000, 4122057000, 4122058000]","[경기도 평택시 서정동, 경기도 평택시 서탄면, 경기도 평택시 송북동, 경기도 평택시 신장1동, 경기도 평택시 신장2동, 경기도 평택시 지산동]","[4122052000:경기도 평택시 서정동, 4122055000:경기도 평택시 지산동, 4122058000:경기도 평택시 신장2동]","[4122032000:경기도 평택시 서탄면, 4122052000:경기도 평택시 서정동, 4122055000:경기도 평택시 지산동, 4122056000:경기도 평택시 송북동, 4122057000:경기도 평택시 신장1동, 4122058000:경기도 평택시 신장2동]",ST000546
송파나루역,지하철,9호선,"[1171056100, 1171056200, 1171058000, 1171059000, 1171071000]","[서울특별시 송파구 방이1동, 서울특별시 송파구 방이2동, 서울특별시 송파구 송파1동, 서울특별시 송파구 송파2동, 서울특별시 송파구 잠실6동]","[1171056100, 1171056200, 1171056600, 1171058000, 1171059000, 1171060000, 1171068000, 1171069000, 1171071000]","[서울특별시 송파구 방이1동, 서울특별시 송파구 방이2동, 서울특별시 송파구 석촌동, 서울특별시 송파구 송파1동, 서울특별시 송파구 송파2동, 서울특별시 송파구 오륜동, 서울특별시 송파구 잠실3동, 서울특별시 송파구 잠실4동, 서울특별시 송파구 잠실6동]","[1171056100:서울특별시 송파구 방이1동, 1171056200:서울특별시 송파구 방이2동, 1171058000:서울특별시 송파구 송파1동, 1171059000:서울특별시 송파구 송파2동, 1171071000:서울특별시 송파구 잠실6동]","[1171056100:서울특별시 송파구 방이1동, 1171056200:서울특별시 송파구 방이2동, 1171056600:서울특별시 송파구 오륜동, 1171058000:서울특별시 송파구 송파1동, 1171059000:서울특별시 송파구 송파2동, 1171060000:서울특별시 송파구 석촌동, 1171068000:서울특별시 송파구 잠실3동, 1171069000:서울특별시 송파구 잠실4동, 1171071000:서울특별시 송파구 잠실6동]",ST000417
송파역,지하철,8호선,"[1171058000, 1171059000, 1171060000, 1171062000, 1171063100]","[서울특별시 송파구 가락1동, 서울특별시 송파구 가락본동, 서울특별시 송파구 석촌동, 서울특별시 송파구 송파1동, 서울특별시 송파구 송파2동]","[1171056100, 1171056200, 1171058000, 1171059000, 1171060000, 1171062000, 1171063100, 1171064200]","[서울특별시 송파구 가락1동, 서울특별시 송파구 가락본동, 서울특별시 송파구 문정2동, 서울특별시 송파구 방이1동, 서울특별시 송파구 방이2동, 서울특별시 송파구 석촌동, 서울특별시 송파구 송파1동, 서울특별시 송파구 송파2동]","[1171058000:서울특별시 송파구 송파1동, 1171059000:서울특별시 송파구 송파2동, 1171060000:서울특별시 송파구 석촌동, 1171062000:서울특별시 송파구 가락본동, 1171063100:서울특별시 송파구 가락1동]","[1171056100:서울특별시 송파구 방이1동, 1171056200:서울특별시 송파구 방이2동, 1171058000:서울특별시 송파구 송파1동, 1171059000:서울특별시 송파구 송파2동, 1171060000:서울특별시 송파구 석촌동, 1171062000:서울특별시 송파구 가락본동, 1171063100:서울특별시 송파구 가락1동, 1171064200:서울특별시 송파구 문정2동]",ST000315
수내역,지하철,수인분당선,"[4113552000, 4113553000, 4113554500, 4113555000, 4113565700]","[경기도 성남시분당구 백현동, 경기도 성남시분당구 수내1동, 경기도 성남시분당구 수내2동, 경기도 성남시분당구 정자1동, 경기도 성남시분당구 정자동]","[4113552000, 4113553000, 4113554500, 4113555000, 4113556000, 4113558000, 4113565000, 4113565700, 4113566200]","[경기도 성남시분당구 금곡동, 경기도 성남시분당구 백현동, 경기도 성남시분당구 서현1동, 경기도 성남시분당구 수내1동, 경기도 성남시분당구 수내2동, 경기도 성남시분당구 정자1동, 경기도 성남시분당구 정자2동, 경기도 성남시분당구 정자동, 경기도 성남시분당구 판교동]","[4113552000:경기도 성남시분당구 수내1동, 4113553000:경기도 성남시분당구 수내2동, 4113554500:경기도 성남시분당구 정자동, 4113555000:경기도 성남시분당구 정자1동, 4113565700:경기도 성남시분당구 백현동]","[4113552000:경기도 성남시분당구 수내1동, 4113553000:경기도 성남시분당구 수내2동, 4113554500:경기도 성남시분당구 정자동, 4113555000:경기도 성남시분당구 정자1동, 4113556000:경기도 성남시분당구 정자2동, 4113558000:경기도 성남시분당구 서현1동, 4113565000:경기도 성남시분당구 판교동, 4113565700:경기도 성남시분당구 백현동, 4113566200:경기도 성남시분당구 금곡동]",ST000501
수락산역,지하철,7호선,"[1132052200, 1135063000]","[서울특별시 노원구 상계1동, 서울특별시 도봉구 도봉2동]","[1132052100, 1132052200, 1135063000, 1135070000, 1135071000]","[서울특별시 노원구 상계1동, 서울특별시 노원구 상계8동, 서울특별시 노원구 상계9동, 서울특별시 도봉구 도봉1동, 서울특별시 도봉구 도봉2동]","[1132052200:서울특별시 도봉구 도봉2동, 1135063000:서울특별시 노원구 상계1동]","[1132052100:서울특별시 도봉구 도봉1동, 1132052200:서울특별시 도봉구 도봉2동, 1135063000:서울특별시 노원구 상계1동, 1135070000:서울특별시 노원구 상계8동, 1135071000:서울특별시 노원구 상계9동]",ST000276
수리산역,지하철,4호선,"[4141058000, 4141059000, 4141062000]","[경기도 군포시 광정동, 경기도 군포시 수리동, 경기도 군포시 오금동]","[4141052000, 4141057000, 4141058000, 4141059000, 4141060000, 4141062000]","[경기도 군포시 광정동, 경기도 군포시 군포2동, 경기도 군포시 궁내동, 경기도 군포시 수리동, 경기도 군포시 오금동, 경기도 군포시 재궁동]","[4141058000:경기도 군포시 오금동, 4141059000:경기도 군포시 수리동, 4141062000:경기도 군포시 광정동]","[4141052000:경기도 군포시 군포2동, 4141057000:경기도 군포시 재궁동, 4141058000:경기도 군포시 오금동, 4141059000:경기도 군포시 수리동, 4141060000:경기도 군포시 궁내동, 4141062000:경기도 군포시 광정동]",ST000524
수리산역,지하철,안산과천선,"[4141058000, 4141059000, 4141062000]","[경기도 군포시 광정동, 경기도 군포시 수리동, 경기도 군포시 오금동]","[4141052000, 4141057000, 4141058000, 4141059000, 4141060000, 4141062000]","[경기도 군포시 광정동, 경기도 군포시 군포2동, 경기도 군포시 궁내동, 경기도 군포시 수리동, 경기도 군포시 오금동, 경기도 군포시 재궁동]","[4141058000:경기도 군포시 오금동, 4141059000:경기도 군포시 수리동, 4141062000:경기도 군포시 광정동]","[4141052000:경기도 군포시 군포2동, 4141057000:경기도 군포시 재궁동, 4141058000:경기도 군포시 오금동, 4141059000:경기도 군포시 수리동, 4141060000:경기도 군포시 궁내동, 4141062000:경기도 군포시 광정동]",ST000524
수리산역,지하철,안산선,"[4141058000, 4141059000, 4141062000]","[경기도 군포시 광정동, 경기도 군포시 수리동, 경기도 군포시 오금동]","[4141052000, 4141057000, 4141058000, 4141059000, 4141060000, 4141062000]","[경기도 군포시 광정동, 경기도 군포시 군포2동, 경기도 군포시 궁내동, 경기도 군포시 수리동, 경기도 군포시 오금동, 경기도 군포시 재궁동]","[4141058000:경기도 군포시 오금동, 4141059000:경기도 군포시 수리동, 4141062000:경기도 군포시 광정동]","[4141052000:경기도 군포시 군포2동, 4141057000:경기도 군포시 재궁동, 4141058000:경기도 군포시 오금동, 4141059000:경기도 군포시 수리동, 4141060000:경기도 군포시 궁내동, 4141062000:경기도 군포시 광정동]",ST000524
수색역,지하철,경의중앙선,"[1138064000, 1138065000, 1144074000]","[서울특별시 마포구 상암동, 서울특별시 은평구 수색동, 서울특별시 은평구 증산동]","[1138064000, 1138065000, 1141071000, 1141072000, 1144073000, 1144074000, 4128166000]","[경기도 고양시덕양구 화전동, 서울특별시 마포구 상암동, 서울특별시 마포구 성산2동, 서울특별시 서대문구 북가좌1동, 서울특별시 서대문구 북가좌2동, 서울특별시 은평구 수색동, 서울특별시 은평구 증산동]","[1138064000:서울특별시 은평구 증산동, 1138065000:서울특별시 은평구 수색동, 1144074000:서울특별시 마포구 상암동]","[1138064000:서울특별시 은평구 증산동, 1138065000:서울특별시 은평구 수색동, 1141071000:서울특별시 서대문구 북가좌1동, 1141072000:서울특별시 서대문구 북가좌2동, 1144073000:서울특별시 마포구 성산2동, 1144074000:서울특별시 마포구 상암동, 4128166000:경기도 고양시덕양구 화전동]",ST000624
수서역,광역급행철도,GTXA,"[1168070000, 1168075000]","[서울특별시 강남구 세곡동, 서울특별시 강남구 수서동]","[1168070000, 1168072000, 1168073000, 1168075000, 1171063100, 1171064200]","[서울특별시 강남구 세곡동, 서울특별시 강남구 일원본동, 서울특별시 강남구 일원1동, 서울특별시 강남구 수서동, 서울특별시 송파구 가락1동, 서울특별시 송파구 문정2동]","[1168070000:서울특별시 강남구 세곡동, 1168075000:서울특별시 강남구 수서동]","[1168070000:서울특별시 강남구 세곡동, 1168072000:서울특별시 강남구 일원본동, 1168073000:서울특별시 강남구 일원1동, 1168075000:서울특별시 강남구 수서동, 1171063100:서울특별시 송파구 가락1동, 1171064200:서울특별시 송파구 문정2동]",GTX_수서_GTXA
수서역,지하철,3호선,"[1168070000, 1168075000]","[서울특별시 강남구 세곡동, 서울특별시 강남구 수서동]","[1168070000, 1168072000, 1168073000, 1168075000, 1171063100, 1171064200]","[서울특별시 강남구 세곡동, 서울특별시 강남구 수서동, 서울특별시 강남구 일원1동, 서울특별시 강남구 일원본동, 서울특별시 송파구 가락1동, 서울특별시 송파구 문정2동]","[1168070000:서울특별시 강남구 세곡동, 1168075000:서울특별시 강남구 수서동]","[1168070000:서울특별시 강남구 세곡동, 1168072000:서울특별시 강남구 일원본동, 1168073000:서울특별시 강남구 일원1동, 1168075000:서울특별시 강남구 수서동, 1171063100:서울특별시 송파구 가락1동, 1171064200:서울특별시 송파구 문정2동]",ST000177
수서역,지하철,수인분당선,"[1168070000, 1168075000]","[서울특별시 강남구 세곡동, 서울특별시 강남구 수서동]","[1168070000, 1168072000, 1168073000, 1168075000, 1171063100, 1171064200]","[서울특별시 강남구 세곡동, 서울특별시 강남구 수서동, 서울특별시 강남구 일원1동, 서울특별시 강남구 일원본동, 서울특별시 송파구 가락1동, 서울특별시 송파구 문정2동]","[1168070000:서울특별시 강남구 세곡동, 1168075000:서울특별시 강남구 수서동]","[1168070000:서울특별시 강남구 세곡동, 1168072000:서울특별시 강남구 일원본동, 1168073000:서울특별시 강남구 일원1동, 1168075000:서울특별시 강남구 수서동, 1171063100:서울특별시 송파구 가락1동, 1171064200:서울특별시 송파구 문정2동]",ST000177
수원시청역,지하철,수인분당선,"[4111367000, 4111573000]","[경기도 수원시권선구 권선1동, 경기도 수원시팔달구 인계동]","[4111354000, 4111367000, 4111368000, 4111565000, 4111573000, 4111751000, 4111753000, 4111754000]","[경기도 수원시권선구 권선1동, 경기도 수원시권선구 권선2동, 경기도 수원시권선구 세류3동, 경기도 수원시영통구 매탄1동, 경기도 수원시영통구 매탄3동, 경기도 수원시영통구 매탄4동, 경기도 수원시팔달구 매교동, 경기도 수원시팔달구 인계동]","[4111367000:경기도 수원시권선구 권선1동, 4111573000:경기도 수원시팔달구 인계동]","[4111354000:경기도 수원시권선구 세류3동, 4111367000:경기도 수원시권선구 권선1동, 4111368000:경기도 수원시권선구 권선2동, 4111565000:경기도 수원시팔달구 매교동, 4111573000:경기도 수원시팔달구 인계동, 4111751000:경기도 수원시영통구 매탄1동, 4111753000:경기도 수원시영통구 매탄3동, 4111754000:경기도 수원시영통구 매탄4동]",ST000490
수원역,고속철도,KTX,"[4111352000, 4111355000, 4111356000, 4111566000, 4111567000]","[경기도 수원시권선구 서둔동, 경기도 수원시권선구 세류1동, 경기도 수원시권선구 평동, 경기도 수원시팔달구 고등동, 경기도 수원시팔달구 매산동]","[4111352000, 4111354000, 4111355000, 4111356000, 4111565000, 4111566000, 4111567000, 4111568000]","[경기도 수원시권선구 서둔동, 경기도 수원시권선구 세류1동, 경기도 수원시권선구 세류3동, 경기도 수원시권선구 평동, 경기도 수원시팔달구 고등동, 경기도 수원시팔달구 매교동, 경기도 수원시팔달구 매산동, 경기도 수원시팔달구 화서1동]","[4111352000:경기도 수원시권선구 세류1동, 4111355000:경기도 수원시권선구 평동, 4111356000:경기도 수원시권선구 서둔동, 4111566000:경기도 수원시팔달구 매산동, 4111567000:경기도 수원시팔달구 고등동]","[4111352000:경기도 수원시권선구 세류1동, 4111354000:경기도 수원시권선구 세류3동, 4111355000:경기도 수원시권선구 평동, 4111356000:경기도 수원시권선구 서둔동, 4111565000:경기도 수원시팔달구 매교동, 4111566000:경기도 수원시팔달구 매산동, 4111567000:경기도 수원시팔달구 고등동, 4111568000:경기도 수원시팔달구 화서1동]",ST000508
수원역,일반철도,ITX-마음,"[4111352000, 4111355000, 4111356000, 4111566000, 4111567000]","[경기도 수원시권선구 서둔동, 경기도 수원시권선구 세류1동, 경기도 수원시권선구 평동, 경기도 수원시팔달구 고등동, 경기도 수원시팔달구 매산동]","[4111352000, 4111354000, 4111355000, 4111356000, 4111565000, 4111566000, 4111567000, 4111568000]","[경기도 수원시권선구 서둔동, 경기도 수원시권선구 세류1동, 경기도 수원시권선구 세류3동, 경기도 수원시권선구 평동, 경기도 수원시팔달구 고등동, 경기도 수원시팔달구 매교동, 경기도 수원시팔달구 매산동, 경기도 수원시팔달구 화서1동]","[4111352000:경기도 수원시권선구 세류1동, 4111355000:경기도 수원시권선구 평동, 4111356000:경기도 수원시권선구 서둔동, 4111566000:경기도 수원시팔달구 매산동, 4111567000:경기도 수원시팔달구 고등동]","[4111352000:경기도 수원시권선구 세류1동, 4111354000:경기도 수원시권선구 세류3동, 4111355000:경기도 수원시권선구 평동, 4111356000:경기도 수원시권선구 서둔동, 4111565000:경기도 수원시팔달구 매교동, 4111566000:경기도 수원시팔달구 매산동, 4111567000:경기도 수원시팔달구 고등동, 4111568000:경기도 수원시팔달구 화서1동]",ST000508
수원역,일반철도,ITX-새마을,"[4111352000, 4111355000, 4111356000, 4111566000, 4111567000]","[경기도 수원시권선구 서둔동, 경기도 수원시권선구 세류1동, 경기도 수원시권선구 평동, 경기도 수원시팔달구 고등동, 경기도 수원시팔달구 매산동]","[4111352000, 4111354000, 4111355000, 4111356000, 4111565000, 4111566000, 4111567000, 4111568000]","[경기도 수원시권선구 서둔동, 경기도 수원시권선구 세류1동, 경기도 수원시권선구 세류3동, 경기도 수원시권선구 평동, 경기도 수원시팔달구 고등동, 경기도 수원시팔달구 매교동, 경기도 수원시팔달구 매산동, 경기도 수원시팔달구 화서1동]","[4111352000:경기도 수원시권선구 세류1동, 4111355000:경기도 수원시권선구 평동, 4111356000:경기도 수원시권선구 서둔동, 4111566000:경기도 수원시팔달구 매산동, 4111567000:경기도 수원시팔달구 고등동]","[4111352000:경기도 수원시권선구 세류1동, 4111354000:경기도 수원시권선구 세류3동, 4111355000:경기도 수원시권선구 평동, 4111356000:경기도 수원시권선구 서둔동, 4111565000:경기도 수원시팔달구 매교동, 4111566000:경기도 수원시팔달구 매산동, 4111567000:경기도 수원시팔달구 고등동, 4111568000:경기도 수원시팔달구 화서1동]",ST000508
수원역,일반철도,누리로,"[4111352000, 4111355000, 4111356000, 4111566000, 4111567000]","[경기도 수원시권선구 서둔동, 경기도 수원시권선구 세류1동, 경기도 수원시권선구 평동, 경기도 수원시팔달구 고등동, 경기도 수원시팔달구 매산동]","[4111352000, 4111354000, 4111355000, 4111356000, 4111565000, 4111566000, 4111567000, 4111568000]","[경기도 수원시권선구 서둔동, 경기도 수원시권선구 세류1동, 경기도 수원시권선구 세류3동, 경기도 수원시권선구 평동, 경기도 수원시팔달구 고등동, 경기도 수원시팔달구 매교동, 경기도 수원시팔달구 매산동, 경기도 수원시팔달구 화서1동]","[4111352000:경기도 수원시권선구 세류1동, 4111355000:경기도 수원시권선구 평동, 4111356000:경기도 수원시권선구 서둔동, 4111566000:경기도 수원시팔달구 매산동, 4111567000:경기도 수원시팔달구 고등동]","[4111352000:경기도 수원시권선구 세류1동, 4111354000:경기도 수원시권선구 세류3동, 4111355000:경기도 수원시권선구 평동, 4111356000:경기도 수원시권선구 서둔동, 4111565000:경기도 수원시팔달구 매교동, 4111566000:경기도 수원시팔달구 매산동, 4111567000:경기도 수원시팔달구 고등동, 4111568000:경기도 수원시팔달구 화서1동]",ST000508
수원역,일반철도,무궁화,"[4111352000, 4111355000, 4111356000, 4111566000, 4111567000]","[경기도 수원시권선구 서둔동, 경기도 수원시권선구 세류1동, 경기도 수원시권선구 평동, 경기도 수원시팔달구 고등동, 경기도 수원시팔달구 매산동]","[4111352000, 4111354000, 4111355000, 4111356000, 4111565000, 4111566000, 4111567000, 4111568000]","[경기도 수원시권선구 서둔동, 경기도 수원시권선구 세류1동, 경기도 수원시권선구 세류3동, 경기도 수원시권선구 평동, 경기도 수원시팔달구 고등동, 경기도 수원시팔달구 매교동, 경기도 수원시팔달구 매산동, 경기도 수원시팔달구 화서1동]","[4111352000:경기도 수원시권선구 세류1동, 4111355000:경기도 수원시권선구 평동, 4111356000:경기도 수원시권선구 서둔동, 4111566000:경기도 수원시팔달구 매산동, 4111567000:경기도 수원시팔달구 고등동]","[4111352000:경기도 수원시권선구 세류1동, 4111354000:경기도 수원시권선구 세류3동, 4111355000:경기도 수원시권선구 평동, 4111356000:경기도 수원시권선구 서둔동, 4111565000:경기도 수원시팔달구 매교동, 4111566000:경기도 수원시팔달구 매산동, 4111567000:경기도 수원시팔달구 고등동, 4111568000:경기도 수원시팔달구 화서1동]",ST000508
수원역,일반철도,새마을,"[4111352000, 4111355000, 4111356000, 4111566000, 4111567000]","[경기도 수원시권선구 서둔동, 경기도 수원시권선구 세류1동, 경기도 수원시권선구 평동, 경기도 수원시팔달구 고등동, 경기도 수원시팔달구 매산동]","[4111352000, 4111354000, 4111355000, 4111356000, 4111565000, 4111566000, 4111567000, 4111568000]","[경기도 수원시권선구 서둔동, 경기도 수원시권선구 세류1동, 경기도 수원시권선구 세류3동, 경기도 수원시권선구 평동, 경기도 수원시팔달구 고등동, 경기도 수원시팔달구 매교동, 경기도 수원시팔달구 매산동, 경기도 수원시팔달구 화서1동]","[4111352000:경기도 수원시권선구 세류1동, 4111355000:경기도 수원시권선구 평동, 4111356000:경기도 수원시권선구 서둔동, 4111566000:경기도 수원시팔달구 매산동, 4111567000:경기도 수원시팔달구 고등동]","[4111352000:경기도 수원시권선구 세류1동, 4111354000:경기도 수원시권선구 세류3동, 4111355000:경기도 수원시권선구 평동, 4111356000:경기도 수원시권선구 서둔동, 4111565000:경기도 수원시팔달구 매교동, 4111566000:경기도 수원시팔달구 매산동, 4111567000:경기도 수원시팔달구 고등동, 4111568000:경기도 수원시팔달구 화서1동]",ST000508
수원역,지하철,1호선,"[4111352000, 4111355000, 4111356000, 4111566000, 4111567000]","[경기도 수원시권선구 서둔동, 경기도 수원시권선구 세류1동, 경기도 수원시권선구 평동, 경기도 수원시팔달구 고등동, 경기도 수원시팔달구 매산동]","[4111352000, 4111354000, 4111355000, 4111356000, 4111565000, 4111566000, 4111567000, 4111568000]","[경기도 수원시권선구 서둔동, 경기도 수원시권선구 세류1동, 경기도 수원시권선구 세류3동, 경기도 수원시권선구 평동, 경기도 수원시팔달구 고등동, 경기도 수원시팔달구 매교동, 경기도 수원시팔달구 매산동, 경기도 수원시팔달구 화서1동]","[4111352000:경기도 수원시권선구 세류1동, 4111355000:경기도 수원시권선구 평동, 4111356000:경기도 수원시권선구 서둔동, 4111566000:경기도 수원시팔달구 매산동, 4111567000:경기도 수원시팔달구 고등동]","[4111352000:경기도 수원시권선구 세류1동, 4111354000:경기도 수원시권선구 세류3동, 4111355000:경기도 수원시권선구 평동, 4111356000:경기도 수원시권선구 서둔동, 4111565000:경기도 수원시팔달구 매교동, 4111566000:경기도 수원시팔달구 매산동, 4111567000:경기도 수원시팔달구 고등동, 4111568000:경기도 수원시팔달구 화서1동]",ST000508
수원역,지하철,수인분당선,"[4111352000, 4111355000, 4111356000, 4111566000, 4111567000]","[경기도 수원시권선구 서둔동, 경기도 수원시권선구 세류1동, 경기도 수원시권선구 평동, 경기도 수원시팔달구 고등동, 경기도 수원시팔달구 매산동]","[4111352000, 4111354000, 4111355000, 4111356000, 4111565000, 4111566000, 4111567000, 4111568000]","[경기도 수원시권선구 서둔동, 경기도 수원시권선구 세류1동, 경기도 수원시권선구 세류3동, 경기도 수원시권선구 평동, 경기도 수원시팔달구 고등동, 경기도 수원시팔달구 매교동, 경기도 수원시팔달구 매산동, 경기도 수원시팔달구 화서1동]","[4111352000:경기도 수원시권선구 세류1동, 4111355000:경기도 수원시권선구 평동, 4111356000:경기도 수원시권선구 서둔동, 4111566000:경기도 수원시팔달구 매산동, 4111567000:경기도 수원시팔달구 고등동]","[4111352000:경기도 수원시권선구 세류1동, 4111354000:경기도 수원시권선구 세류3동, 4111355000:경기도 수원시권선구 평동, 4111356000:경기도 수원시권선구 서둔동, 4111565000:경기도 수원시팔달구 매교동, 4111566000:경기도 수원시팔달구 매산동, 4111567000:경기도 수원시팔달구 고등동, 4111568000:경기도 수원시팔달구 화서1동]",ST000508
수유역,지하철,4호선,"[1130553500, 1130559000, 1130560000, 1130561000, 1130563000, 1130566000]","[서울특별시 강북구 미아동, 서울특별시 강북구 번1동, 서울특별시 강북구 번2동, 서울특별시 강북구 수유1동, 서울특별시 강북구 수유3동, 서울특별시 강북구 인수동]","[1130553400, 1130553500, 1130559000, 1130560000, 1130561000, 1130562000, 1130563000, 1130566000, 1132051200, 1132068000]","[서울특별시 강북구 미아동, 서울특별시 강북구 번1동, 서울특별시 강북구 번2동, 서울특별시 강북구 삼양동, 서울특별시 강북구 수유1동, 서울특별시 강북구 수유2동, 서울특별시 강북구 수유3동, 서울특별시 강북구 인수동, 서울특별시 도봉구 쌍문3동, 서울특별시 도봉구 창2동]","[1130553500:서울특별시 강북구 미아동, 1130559000:서울특별시 강북구 번1동, 1130560000:서울특별시 강북구 번2동, 1130561000:서울특별시 강북구 수유1동, 1130563000:서울특별시 강북구 수유3동, 1130566000:서울특별시 강북구 인수동]","[1130553400:서울특별시 강북구 삼양동, 1130553500:서울특별시 강북구 미아동, 1130559000:서울특별시 강북구 번1동, 1130560000:서울특별시 강북구 번2동, 1130561000:서울특별시 강북구 수유1동, 1130562000:서울특별시 강북구 수유2동, 1130563000:서울특별시 강북구 수유3동, 1130566000:서울특별시 강북구 인수동, 1132051200:서울특별시 도봉구 창2동, 1132068000:서울특별시 도봉구 쌍문3동]",ST000185
수지구청역,지하철,신분당선,"[4146359000, 4146551000, 4146552000]","[경기도 용인시기흥구 보정동, 경기도 용인시수지구 풍덕천1동, 경기도 용인시수지구 풍덕천2동]","[4146359000, 4146551000, 4146552000, 4146553000, 4146555000, 4146556000, 4146558000]","[경기도 용인시기흥구 보정동, 경기도 용인시수지구 동천동, 경기도 용인시수지구 상현2동, 경기도 용인시수지구 신봉동, 경기도 용인시수지구 죽전2동, 경기도 용인시수지구 풍덕천1동, 경기도 용인시수지구 풍덕천2동]","[4146359000:경기도 용인시기흥구 보정동, 4146551000:경기도 용인시수지구 풍덕천1동, 4146552000:경기도 용인시수지구 풍덕천2동]","[4146359000:경기도 용인시기흥구 보정동, 4146551000:경기도 용인시수지구 풍덕천1동, 4146552000:경기도 용인시수지구 풍덕천2동, 4146553000:경기도 용인시수지구 신봉동, 4146555000:경기도 용인시수지구 죽전2동, 4146556000:경기도 용인시수지구 동천동, 4146558000:경기도 용인시수지구 상현2동]",ST000343
수진역,지하철,8호선,"[4113151000, 4113153000, 4113157000, 4113351000, 4113352500]","[경기도 성남시수정구 수진1동, 경기도 성남시수정구 신흥1동, 경기도 성남시수정구 신흥3동, 경기도 성남시중원구 성남동, 경기도 성남시중원구 중앙동]","[4113151000, 4113153000, 4113154000, 4113155000, 4113156000, 4113156100, 4113157000, 4113158000, 4113351000, 4113352500, 4113366000]","[경기도 성남시수정구 수진1동, 경기도 성남시수정구 수진2동, 경기도 성남시수정구 신흥1동, 경기도 성남시수정구 신흥3동, 경기도 성남시수정구 태평1동, 경기도 성남시수정구 태평2동, 경기도 성남시수정구 태평3동, 경기도 성남시수정구 태평4동, 경기도 성남시중원구 성남동, 경기도 성남시중원구 중앙동, 경기도 성남시중원구 하대원동]","[4113151000:경기도 성남시수정구 신흥1동, 4113153000:경기도 성남시수정구 신흥3동, 4113157000:경기도 성남시수정구 수진1동, 4113351000:경기도 성남시중원구 성남동, 4113352500:경기도 성남시중원구 중앙동]","[4113151000:경기도 성남시수정구 신흥1동, 4113153000:경기도 성남시수정구 신흥3동, 4113154000:경기도 성남시수정구 태평1동, 4113155000:경기도 성남시수정구 태평2동, 4113156000:경기도 성남시수정구 태평3동, 4113156100:경기도 성남시수정구 태평4동, 4113157000:경기도 성남시수정구 수진1동, 4113158000:경기도 성남시수정구 수진2동, 4113351000:경기도 성남시중원구 성남동, 4113352500:경기도 성남시중원구 중앙동, 4113366000:경기도 성남시중원구 하대원동]",ST000324
숙대입구역,지하철,4호선,"[1117051000, 1117052000, 1117053000, 1117055500, 1117056000]","[서울특별시 용산구 남영동, 서울특별시 용산구 용산2가동, 서울특별시 용산구 원효로1동, 서울특별시 용산구 청파동, 서울특별시 용산구 후암동]","[1114054000, 1117051000, 1117052000, 1117053000, 1117055500, 1117056000, 1117058000, 1117062500, 1144056500]","[서울특별시 마포구 공덕동, 서울특별시 용산구 남영동, 서울특별시 용산구 용산2가동, 서울특별시 용산구 원효로1동, 서울특별시 용산구 청파동, 서울특별시 용산구 한강로동, 서울특별시 용산구 효창동, 서울특별시 용산구 후암동, 서울특별시 중구 회현동]","[1117051000:서울특별시 용산구 후암동, 1117052000:서울특별시 용산구 용산2가동, 1117053000:서울특별시 용산구 남영동, 1117055500:서울특별시 용산구 청파동, 1117056000:서울특별시 용산구 원효로1동]","[1114054000:서울특별시 중구 회현동, 1117051000:서울특별시 용산구 후암동, 1117052000:서울특별시 용산구 용산2가동, 1117053000:서울특별시 용산구 남영동, 1117055500:서울특별시 용산구 청파동, 1117056000:서울특별시 용산구 원효로1동, 1117058000:서울특별시 용산구 효창동, 1117062500:서울특별시 용산구 한강로동, 1144056500:서울특별시 마포구 공덕동]",ST000193
숭실대입구역,지하철,7호선,"[1159053000, 1159056000, 1159060500, 1162056500]","[서울특별시 관악구 성현동, 서울특별시 동작구 상도1동, 서울특별시 동작구 상도4동, 서울특별시 동작구 흑석동]","[1159053000, 1159054000, 1159056000, 1159060500, 1159063000, 1159064000, 1159065100, 1162054500, 1162056500, 1162060500]","[서울특별시 관악구 성현동, 서울특별시 관악구 은천동, 서울특별시 관악구 청림동, 서울특별시 동작구 사당2동, 서울특별시 동작구 사당3동, 서울특별시 동작구 사당5동, 서울특별시 동작구 상도1동, 서울특별시 동작구 상도2동, 서울특별시 동작구 상도4동, 서울특별시 동작구 흑석동]","[1159053000:서울특별시 동작구 상도1동, 1159056000:서울특별시 동작구 상도4동, 1159060500:서울특별시 동작구 흑석동, 1162056500:서울특별시 관악구 성현동]","[1159053000:서울특별시 동작구 상도1동, 1159054000:서울특별시 동작구 상도2동, 1159056000:서울특별시 동작구 상도4동, 1159060500:서울특별시 동작구 흑석동, 1159063000:서울특별시 동작구 사당2동, 1159064000:서울특별시 동작구 사당3동, 1159065100:서울특별시 동작구 사당5동, 1162054500:서울특별시 관악구 청림동, 1162056500:서울특별시 관악구 성현동, 1162060500:서울특별시 관악구 은천동]",ST000298
숭의역,지하철,수인분당선,"[2811054000, 2811056000, 2817052000, 2817053500, 2817056000, 2817059000]","[인천광역시 남구 숭의1·3동, 인천광역시 남구 숭의2동, 인천광역시 남구 용현2동, 인천광역시 남구 용현5동, 인천광역시 중구 도원동, 인천광역시 중구 신흥동]","[2811052000, 2811053000, 2811054000, 2811056000, 2811057000, 2814064000, 2817052000, 2817053500, 2817056000, 2817059000]","[인천광역시 남구 숭의1·3동, 인천광역시 남구 숭의2동, 인천광역시 남구 용현2동, 인천광역시 남구 용현5동, 인천광역시 동구 금창동, 인천광역시 중구 도원동, 인천광역시 중구 신포동, 인천광역시 중구 신흥동, 인천광역시 중구 연안동, 인천광역시 중구 율목동]","[2811054000:인천광역시 중구 신흥동, 2811056000:인천광역시 중구 도원동, 2817052000:인천광역시 남구 숭의2동, 2817053500:인천광역시 남구 숭의1·3동, 2817056000:인천광역시 남구 용현2동, 2817059000:인천광역시 남구 용현5동]","[2811052000:인천광역시 중구 연안동, 2811053000:인천광역시 중구 신포동, 2811054000:인천광역시 중구 신흥동, 2811056000:인천광역시 중구 도원동, 2811057000:인천광역시 중구 율목동, 2814064000:인천광역시 동구 금창동, 2817052000:인천광역시 남구 숭의2동, 2817053500:인천광역시 남구 숭의1·3동, 2817056000:인천광역시 남구 용현2동, 2817059000:인천광역시 남구 용현5동]",ST000474
시민공원역,지하철,인천2호선,"[2817063000, 2817066000, 2817067000, 2817069000]","[인천광역시 남구 도화1동, 인천광역시 남구 주안1동, 인천광역시 남구 주안2동, 인천광역시 남구 주안4동]","[2817063000, 2817064500, 2817066000, 2817067000, 2817068000, 2817069000, 2817070000, 2817071000, 2817072000, 2817073000]","[인천광역시 남구 도화1동, 인천광역시 남구 도화2·3동, 인천광역시 남구 주안1동, 인천광역시 남구 주안2동, 인천광역시 남구 주안3동, 인천광역시 남구 주안4동, 인천광역시 남구 주안5동, 인천광역시 남구 주안6동, 인천광역시 남구 주안7동, 인천광역시 남구 주안8동]","[2817063000:인천광역시 남구 도화1동, 2817066000:인천광역시 남구 주안1동, 2817067000:인천광역시 남구 주안2동, 2817069000:인천광역시 남구 주안4동]","[2817063000:인천광역시 남구 도화1동, 2817064500:인천광역시 남구 도화2·3동, 2817066000:인천광역시 남구 주안1동, 2817067000:인천광역시 남구 주안2동, 2817068000:인천광역시 남구 주안3동, 2817069000:인천광역시 남구 주안4동, 2817070000:인천광역시 남구 주안5동, 2817071000:인천광역시 남구 주안6동, 2817072000:인천광역시 남구 주안7동, 2817073000:인천광역시 남구 주안8동]",ST000085
시우역,지하철,서해선,"[4127355000, 4127357000]","[경기도 안산시단원구 원곡1동, 경기도 안산시단원구 초지동]","[4127355000, 4127357000]","[경기도 안산시단원구 원곡1동, 경기도 안산시단원구 초지동]","[4127355000:경기도 안산시단원구 원곡1동, 4127357000:경기도 안산시단원구 초지동]","[4127355000:경기도 안산시단원구 원곡1동, 4127357000:경기도 안산시단원구 초지동]",ST000706
시청.용인대역,지하철,에버라인,[4146152000],[경기도 용인시처인구 역삼동],[4146152000],[경기도 용인시처인구 역삼동],[4146152000:경기도 용인시처인구 역삼동],[4146152000:경기도 용인시처인구 역삼동],ST000393
시청·용인대역,지하철,에버라인,[4146152000],[경기도 용인시처인구 역삼동],[4146152000],[경기도 용인시처인구 역삼동],[4146152000:경기도 용인시처인구 역삼동],[4146152000:경기도 용인시처인구 역삼동],ST000733
시청역,지하철,1호선,"[1114052000, 1114054000, 1114055000]","[서울특별시 중구 명동, 서울특별시 중구 소공동, 서울특별시 중구 회현동]","[1111053000, 1111058000, 1111061500, 1114052000, 1114054000, 1114055000, 1114068000, 1117051000, 1141052000, 1141056500]","[서울특별시 서대문구 천연동, 서울특별시 서대문구 충현동, 서울특별시 용산구 후암동, 서울특별시 종로구 교남동, 서울특별시 종로구 사직동, 서울특별시 종로구 종로1·2·3·4가동, 서울특별시 중구 명동, 서울특별시 중구 소공동, 서울특별시 중구 중림동, 서울특별시 중구 회현동]","[1114052000:서울특별시 중구 소공동, 1114054000:서울특별시 중구 회현동, 1114055000:서울특별시 중구 명동]","[1111053000:서울특별시 종로구 사직동, 1111058000:서울특별시 종로구 교남동, 1111061500:서울특별시 종로구 종로1·2·3·4가동, 1114052000:서울특별시 중구 소공동, 1114054000:서울특별시 중구 회현동, 1114055000:서울특별시 중구 명동, 1114068000:서울특별시 중구 중림동, 1117051000:서울특별시 용산구 후암동, 1141052000:서울특별시 서대문구 천연동, 1141056500:서울특별시 서대문구 충현동]",ST000095
시청역,지하철,2호선,"[1114052000, 1114054000, 1114055000]","[서울특별시 중구 명동, 서울특별시 중구 소공동, 서울특별시 중구 회현동]","[1111053000, 1111058000, 1111061500, 1114052000, 1114054000, 1114055000, 1114068000, 1117051000, 1141052000, 1141056500]","[서울특별시 서대문구 천연동, 서울특별시 서대문구 충현동, 서울특별시 용산구 후암동, 서울특별시 종로구 교남동, 서울특별시 종로구 사직동, 서울특별시 종로구 종로1·2·3·4가동, 서울특별시 중구 명동, 서울특별시 중구 소공동, 서울특별시 중구 중림동, 서울특별시 중구 회현동]","[1114052000:서울특별시 중구 소공동, 1114054000:서울특별시 중구 회현동, 1114055000:서울특별시 중구 명동]","[1111053000:서울특별시 종로구 사직동, 1111058000:서울특별시 종로구 교남동, 1111061500:서울특별시 종로구 종로1·2·3·4가동, 1114052000:서울특별시 중구 소공동, 1114054000:서울특별시 중구 회현동, 1114055000:서울특별시 중구 명동, 1114068000:서울특별시 중구 중림동, 1117051000:서울특별시 용산구 후암동, 1141052000:서울특별시 서대문구 천연동, 1141056500:서울특별시 서대문구 충현동]",ST000095
시흥능곡역,지하철,서해선,"[4139063000, 4139064000]","[경기도 시흥시 능곡동, 경기도 시흥시 연성동]","[4139057000, 4139063000, 4139064000]","[경기도 시흥시 능곡동, 경기도 시흥시 목감동, 경기도 시흥시 연성동]","[4139063000:경기도 시흥시 연성동, 4139064000:경기도 시흥시 능곡동]","[4139057000:경기도 시흥시 목감동, 4139063000:경기도 시흥시 연성동, 4139064000:경기도 시흥시 능곡동]",ST000364
시흥대야역,지하철,서해선,[4139051000],[경기도 시흥시 대야동],"[4139051000, 4139052000, 4139054000]","[경기도 시흥시 대야동, 경기도 시흥시 신천동, 경기도 시흥시 은행동]",[4139051000:경기도 시흥시 대야동],"[4139051000:경기도 시흥시 대야동, 4139052000:경기도 시흥시 신천동, 4139054000:경기도 시흥시 은행동]",ST000368
시흥시청역,지하철,서해선,[4139063000],[경기도 시흥시 연성동],"[4139063000, 4139064000]","[경기도 시흥시 능곡동, 경기도 시흥시 연성동]",[4139063000:경기도 시흥시 연성동],"[4139063000:경기도 시흥시 연성동, 4139064000:경기도 시흥시 능곡동]",ST000365
신갈역,지하철,수인분당선,"[4146351000, 4146352000, 4146357000]","[경기도 용인시기흥구 구갈동, 경기도 용인시기흥구 마북동, 경기도 용인시기흥구 신갈동]","[4146351000, 4146352000, 4146356000, 4146357000]","[경기도 용인시기흥구 구갈동, 경기도 용인시기흥구 구성동, 경기도 용인시기흥구 마북동, 경기도 용인시기흥구 신갈동]","[4146351000:경기도 용인시기흥구 신갈동, 4146352000:경기도 용인시기흥구 구갈동, 4146357000:경기도 용인시기흥구 마북동]","[4146351000:경기도 용인시기흥구 신갈동, 4146352000:경기도 용인시기흥구 구갈동, 4146356000:경기도 용인시기흥구 구성동, 4146357000:경기도 용인시기흥구 마북동]",ST000496
신검단중앙역,지하철,인천1호선,"[2826064000, 2826065000]","[인천광역시 서구 검단2동, 인천광역시 서구 검단3동]","[2826064000, 2826065000, 4157055000]","[경기도 김포시 풍무동, 인천광역시 서구 검단2동, 인천광역시 서구 검단3동]","[2826064000:인천광역시 서구 검단2동, 2826065000:인천광역시 서구 검단3동]","[2826064000:인천광역시 서구 검단2동, 2826065000:인천광역시 서구 검단3동, 4157055000:경기도 김포시 풍무동]",ST000435
신금호역,지하철,5호선,"[1114063500, 1114064500, 1114066500, 1120052000, 1120057000, 1120059000, 1120061500]","[서울특별시 성동구 금호1가동, 서울특별시 성동구 금호2·3가동, 서울특별시 성동구 왕십리2동, 서울특별시 성동구 행당2동, 서울특별시 중구 동화동, 서울특별시 중구 약수동, 서울특별시 중구 청구동]","[1114061500, 1114062500, 1114063500, 1114064500, 1114065000, 1114066500, 1120052000, 1120056000, 1120057000, 1120058000, 1120059000, 1120061500, 1120062000, 1120064500]","[서울특별시 성동구 금호1가동, 서울특별시 성동구 금호2·3가동, 서울특별시 성동구 금호4가동, 서울특별시 성동구 옥수동, 서울특별시 성동구 왕십리2동, 서울특별시 성동구 응봉동, 서울특별시 성동구 행당1동, 서울특별시 성동구 행당2동, 서울특별시 중구 다산동, 서울특별시 중구 동화동, 서울특별시 중구 신당5동, 서울특별시 중구 신당동, 서울특별시 중구 약수동, 서울특별시 중구 청구동]","[1114063500:서울특별시 중구 약수동, 1114064500:서울특별시 중구 청구동, 1114066500:서울특별시 중구 동화동, 1120052000:서울특별시 성동구 왕십리2동, 1120057000:서울특별시 성동구 행당2동, 1120059000:서울특별시 성동구 금호1가동, 1120061500:서울특별시 성동구 금호2·3가동]","[1114061500:서울특별시 중구 신당동, 1114062500:서울특별시 중구 다산동, 1114063500:서울특별시 중구 약수동, 1114064500:서울특별시 중구 청구동, 1114065000:서울특별시 중구 신당5동, 1114066500:서울특별시 중구 동화동, 1120052000:서울특별시 성동구 왕십리2동, 1120056000:서울특별시 성동구 행당1동, 1120057000:서울특별시 성동구 행당2동, 1120058000:서울특별시 성동구 응봉동, 1120059000:서울특별시 성동구 금호1가동, 1120061500:서울특별시 성동구 금호2·3가동, 1120062000:서울특별시 성동구 금호4가동, 1120064500:서울특별시 성동구 옥수동]",ST000219
신길역,지하철,1호선,"[1156051500, 1156053500, 1156054000, 1156063000]","[서울특별시 영등포구 신길1동, 서울특별시 영등포구 여의동, 서울특별시 영등포구 영등포동, 서울특별시 영등포구 영등포본동]","[1156051500, 1156053500, 1156054000, 1156056000, 1156058500, 1156063000, 1156065000, 1156066000, 1156069000, 1159066000]","[서울특별시 동작구 대방동, 서울특별시 영등포구 당산2동, 서울특별시 영등포구 도림동, 서울특별시 영등포구 신길1동, 서울특별시 영등포구 신길3동, 서울특별시 영등포구 신길4동, 서울특별시 영등포구 신길7동, 서울특별시 영등포구 여의동, 서울특별시 영등포구 영등포동, 서울특별시 영등포구 영등포본동]","[1156051500:서울특별시 영등포구 영등포본동, 1156053500:서울특별시 영등포구 영등포동, 1156054000:서울특별시 영등포구 여의동, 1156063000:서울특별시 영등포구 신길1동]","[1156051500:서울특별시 영등포구 영등포본동, 1156053500:서울특별시 영등포구 영등포동, 1156054000:서울특별시 영등포구 여의동, 1156056000:서울특별시 영등포구 당산2동, 1156058500:서울특별시 영등포구 도림동, 1156063000:서울특별시 영등포구 신길1동, 1156065000:서울특별시 영등포구 신길3동, 1156066000:서울특별시 영등포구 신길4동, 1156069000:서울특별시 영등포구 신길7동, 1159066000:서울특별시 동작구 대방동]",ST000211
신길역,지하철,5호선,"[1156051500, 1156053500, 1156054000, 1156063000]","[서울특별시 영등포구 신길1동, 서울특별시 영등포구 여의동, 서울특별시 영등포구 영등포동, 서울특별시 영등포구 영등포본동]","[1156051500, 1156053500, 1156054000, 1156056000, 1156058500, 1156063000, 1156065000, 1156066000, 1156069000, 1159066000]","[서울특별시 동작구 대방동, 서울특별시 영등포구 당산2동, 서울특별시 영등포구 도림동, 서울특별시 영등포구 신길1동, 서울특별시 영등포구 신길3동, 서울특별시 영등포구 신길4동, 서울특별시 영등포구 신길7동, 서울특별시 영등포구 여의동, 서울특별시 영등포구 영등포동, 서울특별시 영등포구 영등포본동]","[1156051500:서울특별시 영등포구 영등포본동, 1156053500:서울특별시 영등포구 영등포동, 1156054000:서울특별시 영등포구 여의동, 1156063000:서울특별시 영등포구 신길1동]","[1156051500:서울특별시 영등포구 영등포본동, 1156053500:서울특별시 영등포구 영등포동, 1156054000:서울특별시 영등포구 여의동, 1156056000:서울특별시 영등포구 당산2동, 1156058500:서울특별시 영등포구 도림동, 1156063000:서울특별시 영등포구 신길1동, 1156065000:서울특별시 영등포구 신길3동, 1156066000:서울특별시 영등포구 신길4동, 1156069000:서울특별시 영등포구 신길7동, 1159066000:서울특별시 동작구 대방동]",ST000211
신길온천역,지하철,4호선,"[4127354000, 4139058100, 4139058900]","[경기도 시흥시 군자동, 경기도 시흥시 정왕본동, 경기도 안산시단원구 원곡본동]","[4127354000, 4139058100, 4139058900, 4139059100]","[경기도 시흥시 군자동, 경기도 시흥시 정왕1동, 경기도 시흥시 정왕본동, 경기도 안산시단원구 원곡본동]","[4127354000:경기도 안산시단원구 원곡본동, 4139058100:경기도 시흥시 군자동, 4139058900:경기도 시흥시 정왕본동]","[4127354000:경기도 안산시단원구 원곡본동, 4139058100:경기도 시흥시 군자동, 4139058900:경기도 시흥시 정왕본동, 4139059100:경기도 시흥시 정왕1동]",ST000527
신길온천역,지하철,수인분당선,"[4127354000, 4139058100, 4139058900]","[경기도 시흥시 군자동, 경기도 시흥시 정왕본동, 경기도 안산시단원구 원곡본동]","[4127354000, 4139058100, 4139058900, 4139059100]","[경기도 시흥시 군자동, 경기도 시흥시 정왕1동, 경기도 시흥시 정왕본동, 경기도 안산시단원구 원곡본동]","[4127354000:경기도 안산시단원구 원곡본동, 4139058100:경기도 시흥시 군자동, 4139058900:경기도 시흥시 정왕본동]","[4127354000:경기도 안산시단원구 원곡본동, 4139058100:경기도 시흥시 군자동, 4139058900:경기도 시흥시 정왕본동, 4139059100:경기도 시흥시 정왕1동]",ST000527
신길온천역,지하철,안산선,"[4127354000, 4139058100, 4139058900]","[경기도 시흥시 군자동, 경기도 시흥시 정왕본동, 경기도 안산시단원구 원곡본동]","[4127354000, 4139058100, 4139058900, 4139059100]","[경기도 시흥시 군자동, 경기도 시흥시 정왕1동, 경기도 시흥시 정왕본동, 경기도 안산시단원구 원곡본동]","[4127354000:경기도 안산시단원구 원곡본동, 4139058100:경기도 시흥시 군자동, 4139058900:경기도 시흥시 정왕본동]","[4127354000:경기도 안산시단원구 원곡본동, 4139058100:경기도 시흥시 군자동, 4139058900:경기도 시흥시 정왕본동, 4139059100:경기도 시흥시 정왕1동]",ST000527
신내역,지하철,6호선,"[1126065500, 1126068000]","[서울특별시 중랑구 망우본동, 서울특별시 중랑구 신내1동]","[1126065500, 1126068000, 1126069000, 1135060000, 4131051000]","[경기도 구리시 갈매동, 서울특별시 노원구 공릉2동, 서울특별시 중랑구 망우본동, 서울특별시 중랑구 신내1동, 서울특별시 중랑구 신내2동]","[1126065500:서울특별시 중랑구 망우본동, 1126068000:서울특별시 중랑구 신내1동]","[1126065500:서울특별시 중랑구 망우본동, 1126068000:서울특별시 중랑구 신내1동, 1126069000:서울특별시 중랑구 신내2동, 1135060000:서울특별시 노원구 공릉2동, 4131051000:경기도 구리시 갈매동]",ST000273
신내역,지하철,경춘선,"[1126065500, 1126068000]","[서울특별시 중랑구 망우본동, 서울특별시 중랑구 신내1동]","[1126065500, 1126068000, 1126069000, 1135060000, 4131051000]","[경기도 구리시 갈매동, 서울특별시 노원구 공릉2동, 서울특별시 중랑구 망우본동, 서울특별시 중랑구 신내1동, 서울특별시 중랑구 신내2동]","[1126065500:서울특별시 중랑구 망우본동, 1126068000:서울특별시 중랑구 신내1동]","[1126065500:서울특별시 중랑구 망우본동, 1126068000:서울특별시 중랑구 신내1동, 1126069000:서울특별시 중랑구 신내2동, 1135060000:서울특별시 노원구 공릉2동, 4131051000:경기도 구리시 갈매동]",ST000273
신논현역,지하철,9호선,"[1165053100, 1165056000, 1168052100, 1168064000]","[서울특별시 강남구 논현1동, 서울특별시 강남구 역삼1동, 서울특별시 서초구 반포1동, 서울특별시 서초구 서초4동]","[1165051000, 1165052000, 1165053100, 1165054000, 1165056000, 1168052100, 1168053100, 1168064000]","[서울특별시 강남구 논현1동, 서울특별시 강남구 논현2동, 서울특별시 강남구 역삼1동, 서울특별시 서초구 반포1동, 서울특별시 서초구 서초1동, 서울특별시 서초구 서초2동, 서울특별시 서초구 서초4동, 서울특별시 서초구 잠원동]","[1165053100:서울특별시 서초구 서초4동, 1165056000:서울특별시 서초구 반포1동, 1168052100:서울특별시 강남구 논현1동, 1168064000:서울특별시 강남구 역삼1동]","[1165051000:서울특별시 서초구 서초1동, 1165052000:서울특별시 서초구 서초2동, 1165053100:서울특별시 서초구 서초4동, 1165054000:서울특별시 서초구 잠원동, 1165056000:서울특별시 서초구 반포1동, 1168052100:서울특별시 강남구 논현1동, 1168053100:서울특별시 강남구 논현2동, 1168064000:서울특별시 강남구 역삼1동]",ST000038
신논현역,지하철,신분당선,"[1165053100, 1165056000, 1168052100, 1168064000]","[서울특별시 강남구 논현1동, 서울특별시 강남구 역삼1동, 서울특별시 서초구 반포1동, 서울특별시 서초구 서초4동]","[1165051000, 1165052000, 1165053100, 1165054000, 1165056000, 1168052100, 1168053100, 1168064000]","[서울특별시 강남구 논현1동, 서울특별시 강남구 논현2동, 서울특별시 강남구 역삼1동, 서울특별시 서초구 반포1동, 서울특별시 서초구 서초1동, 서울특별시 서초구 서초2동, 서울특별시 서초구 서초4동, 서울특별시 서초구 잠원동]","[1165053100:서울특별시 서초구 서초4동, 1165056000:서울특별시 서초구 반포1동, 1168052100:서울특별시 강남구 논현1동, 1168064000:서울특별시 강남구 역삼1동]","[1165051000:서울특별시 서초구 서초1동, 1165052000:서울특별시 서초구 서초2동, 1165053100:서울특별시 서초구 서초4동, 1165054000:서울특별시 서초구 잠원동, 1165056000:서울특별시 서초구 반포1동, 1168052100:서울특별시 강남구 논현1동, 1168053100:서울특별시 강남구 논현2동, 1168064000:서울특별시 강남구 역삼1동]",ST000038
신답역,지하철,2호선,"[1120055000, 1120079000, 1123060000, 1123061000, 1123065000]","[서울특별시 동대문구 답십리1동, 서울특별시 동대문구 답십리2동, 서울특별시 동대문구 장안1동, 서울특별시 성동구 사근동, 서울특별시 성동구 용답동]","[1120054000, 1120055000, 1120079000, 1123060000, 1123061000, 1123065000]","[서울특별시 동대문구 답십리1동, 서울특별시 동대문구 답십리2동, 서울특별시 동대문구 장안1동, 서울특별시 성동구 마장동, 서울특별시 성동구 사근동, 서울특별시 성동구 용답동]","[1120055000:서울특별시 성동구 사근동, 1120079000:서울특별시 성동구 용답동, 1123060000:서울특별시 동대문구 답십리1동, 1123061000:서울특별시 동대문구 답십리2동, 1123065000:서울특별시 동대문구 장안1동]","[1120054000:서울특별시 성동구 마장동, 1120055000:서울특별시 성동구 사근동, 1120079000:서울특별시 성동구 용답동, 1123060000:서울특별시 동대문구 답십리1동, 1123061000:서울특별시 동대문구 답십리2동, 1123065000:서울특별시 동대문구 장안1동]",ST000145
신당역,지하철,2호선,"[1114061500, 1114065000, 1114066500, 1114067000, 1120053500]","[서울특별시 성동구 왕십리도선동, 서울특별시 중구 동화동, 서울특별시 중구 신당5동, 서울특별시 중구 신당동, 서울특별시 중구 황학동]","[1111063000, 1111067000, 1111070000, 1111071000, 1114058000, 1114059000, 1114061500, 1114062500, 1114064500, 1114065000, 1114066500, 1114067000, 1120052000, 1120053500, 1120057000, 1120059000, 1120061500, 1123053600]","[서울특별시 동대문구 용신동, 서울특별시 성동구 금호1가동, 서울특별시 성동구 금호2·3가동, 서울특별시 성동구 왕십리2동, 서울특별시 성동구 왕십리도선동, 서울특별시 성동구 행당2동, 서울특별시 종로구 숭인1동, 서울특별시 종로구 숭인2동, 서울특별시 종로구 종로5·6가동, 서울특별시 종로구 창신1동, 서울특별시 중구 광희동, 서울특별시 중구 다산동, 서울특별시 중구 동화동, 서울특별시 중구 신당5동, 서울특별시 중구 신당동, 서울특별시 중구 장충동, 서울특별시 중구 청구동, 서울특별시 중구 황학동]","[1114061500:서울특별시 중구 신당동, 1114065000:서울특별시 중구 신당5동, 1114066500:서울특별시 중구 동화동, 1114067000:서울특별시 중구 황학동, 1120053500:서울특별시 성동구 왕십리도선동]","[1111063000:서울특별시 종로구 종로5·6가동, 1111067000:서울특별시 종로구 창신1동, 1111070000:서울특별시 종로구 숭인1동, 1111071000:서울특별시 종로구 숭인2동, 1114058000:서울특별시 중구 장충동, 1114059000:서울특별시 중구 광희동, 1114061500:서울특별시 중구 신당동, 1114062500:서울특별시 중구 다산동, 1114064500:서울특별시 중구 청구동, 1114065000:서울특별시 중구 신당5동, 1114066500:서울특별시 중구 동화동, 1114067000:서울특별시 중구 황학동, 1120052000:서울특별시 성동구 왕십리2동, 1120053500:서울특별시 성동구 왕십리도선동, 1120057000:서울특별시 성동구 행당2동, 1120059000:서울특별시 성동구 금호1가동, 1120061500:서울특별시 성동구 금호2·3가동, 1123053600:서울특별시 동대문구 용신동]",ST000107
신당역,지하철,6호선,"[1114061500, 1114065000, 1114066500, 1114067000, 1120053500]","[서울특별시 성동구 왕십리도선동, 서울특별시 중구 동화동, 서울특별시 중구 신당5동, 서울특별시 중구 신당동, 서울특별시 중구 황학동]","[1111063000, 1111067000, 1111070000, 1111071000, 1114058000, 1114059000, 1114061500, 1114062500, 1114064500, 1114065000, 1114066500, 1114067000, 1120052000, 1120053500, 1120057000, 1120059000, 1120061500, 1123053600]","[서울특별시 동대문구 용신동, 서울특별시 성동구 금호1가동, 서울특별시 성동구 금호2·3가동, 서울특별시 성동구 왕십리2동, 서울특별시 성동구 왕십리도선동, 서울특별시 성동구 행당2동, 서울특별시 종로구 숭인1동, 서울특별시 종로구 숭인2동, 서울특별시 종로구 종로5·6가동, 서울특별시 종로구 창신1동, 서울특별시 중구 광희동, 서울특별시 중구 다산동, 서울특별시 중구 동화동, 서울특별시 중구 신당5동, 서울특별시 중구 신당동, 서울특별시 중구 장충동, 서울특별시 중구 청구동, 서울특별시 중구 황학동]","[1114061500:서울특별시 중구 신당동, 1114065000:서울특별시 중구 신당5동, 1114066500:서울특별시 중구 동화동, 1114067000:서울특별시 중구 황학동, 1120053500:서울특별시 성동구 왕십리도선동]","[1111063000:서울특별시 종로구 종로5·6가동, 1111067000:서울특별시 종로구 창신1동, 1111070000:서울특별시 종로구 숭인1동, 1111071000:서울특별시 종로구 숭인2동, 1114058000:서울특별시 중구 장충동, 1114059000:서울특별시 중구 광희동, 1114061500:서울특별시 중구 신당동, 1114062500:서울특별시 중구 다산동, 1114064500:서울특별시 중구 청구동, 1114065000:서울특별시 중구 신당5동, 1114066500:서울특별시 중구 동화동, 1114067000:서울특별시 중구 황학동, 1120052000:서울특별시 성동구 왕십리2동, 1120053500:서울특별시 성동구 왕십리도선동, 1120057000:서울특별시 성동구 행당2동, 1120059000:서울특별시 성동구 금호1가동, 1120061500:서울특별시 성동구 금호2·3가동, 1123053600:서울특별시 동대문구 용신동]",ST000107
신대방삼거리역,지하철,7호선,"[1159055000, 1159056000, 1159066000, 1159068000]","[서울특별시 동작구 대방동, 서울특별시 동작구 상도3동, 서울특별시 동작구 상도4동, 서울특별시 동작구 신대방2동]","[1156068000, 1156069000, 1159054000, 1159055000, 1159056000, 1159066000, 1159068000, 1162052500]","[서울특별시 관악구 보라매동, 서울특별시 동작구 대방동, 서울특별시 동작구 상도2동, 서울특별시 동작구 상도3동, 서울특별시 동작구 상도4동, 서울특별시 동작구 신대방2동, 서울특별시 영등포구 신길6동, 서울특별시 영등포구 신길7동]","[1159055000:서울특별시 동작구 상도3동, 1159056000:서울특별시 동작구 상도4동, 1159066000:서울특별시 동작구 대방동, 1159068000:서울특별시 동작구 신대방2동]","[1156068000:서울특별시 영등포구 신길6동, 1156069000:서울특별시 영등포구 신길7동, 1159054000:서울특별시 동작구 상도2동, 1159055000:서울특별시 동작구 상도3동, 1159056000:서울특별시 동작구 상도4동, 1159066000:서울특별시 동작구 대방동, 1159068000:서울특별시 동작구 신대방2동, 1162052500:서울특별시 관악구 보라매동]",ST000301
신대방역,지하철,2호선,"[1159067000, 1159068000, 1162068500, 1162072500]","[서울특별시 관악구 신사동, 서울특별시 관악구 조원동, 서울특별시 동작구 신대방1동, 서울특별시 동작구 신대방2동]","[1153054000, 1154563000, 1156068000, 1156070000, 1156071000, 1159067000, 1159068000, 1162065500, 1162068500, 1162069500, 1162072500, 1162076500]","[서울특별시 관악구 미성동, 서울특별시 관악구 신림동, 서울특별시 관악구 신사동, 서울특별시 관악구 신원동, 서울특별시 관악구 조원동, 서울특별시 구로구 구로3동, 서울특별시 금천구 독산3동, 서울특별시 동작구 신대방1동, 서울특별시 동작구 신대방2동, 서울특별시 영등포구 대림1동, 서울특별시 영등포구 대림2동, 서울특별시 영등포구 신길6동]","[1159067000:서울특별시 동작구 신대방1동, 1159068000:서울특별시 동작구 신대방2동, 1162068500:서울특별시 관악구 신사동, 1162072500:서울특별시 관악구 조원동]","[1153054000:서울특별시 구로구 구로3동, 1154563000:서울특별시 금천구 독산3동, 1156068000:서울특별시 영등포구 신길6동, 1156070000:서울특별시 영등포구 대림1동, 1156071000:서울특별시 영등포구 대림2동, 1159067000:서울특별시 동작구 신대방1동, 1159068000:서울특별시 동작구 신대방2동, 1162065500:서울특별시 관악구 신원동, 1162068500:서울특별시 관악구 신사동, 1162069500:서울특별시 관악구 신림동, 1162072500:서울특별시 관악구 조원동, 1162076500:서울특별시 관악구 미성동]",ST000132
신도림역,지하철,1호선,"[1153051000, 1153056000, 1156058500, 1156060500, 1156072000]","[서울특별시 구로구 구로5동, 서울특별시 구로구 신도림동, 서울특별시 영등포구 대림3동, 서울특별시 영등포구 도림동, 서울특별시 영등포구 문래동]","[1153051000, 1153056000, 1156051500, 1156058500, 1156060500, 1156065000, 1156072000]","[서울특별시 구로구 구로5동, 서울특별시 구로구 신도림동, 서울특별시 영등포구 대림3동, 서울특별시 영등포구 도림동, 서울특별시 영등포구 문래동, 서울특별시 영등포구 신길3동, 서울특별시 영등포구 영등포본동]","[1153051000:서울특별시 구로구 신도림동, 1153056000:서울특별시 구로구 구로5동, 1156058500:서울특별시 영등포구 도림동, 1156060500:서울특별시 영등포구 문래동, 1156072000:서울특별시 영등포구 대림3동]","[1153051000:서울특별시 구로구 신도림동, 1153056000:서울특별시 구로구 구로5동, 1156051500:서울특별시 영등포구 영등포본동, 1156058500:서울특별시 영등포구 도림동, 1156060500:서울특별시 영등포구 문래동, 1156065000:서울특별시 영등포구 신길3동, 1156072000:서울특별시 영등포구 대림3동]",ST000135
신도림역,지하철,2호선,"[1153051000, 1153056000, 1156058500, 1156060500, 1156072000]","[서울특별시 구로구 구로5동, 서울특별시 구로구 신도림동, 서울특별시 영등포구 대림3동, 서울특별시 영등포구 도림동, 서울특별시 영등포구 문래동]","[1153051000, 1153056000, 1156051500, 1156058500, 1156060500, 1156065000, 1156072000]","[서울특별시 구로구 구로5동, 서울특별시 구로구 신도림동, 서울특별시 영등포구 대림3동, 서울특별시 영등포구 도림동, 서울특별시 영등포구 문래동, 서울특별시 영등포구 신길3동, 서울특별시 영등포구 영등포본동]","[1153051000:서울특별시 구로구 신도림동, 1153056000:서울특별시 구로구 구로5동, 1156058500:서울특별시 영등포구 도림동, 1156060500:서울특별시 영등포구 문래동, 1156072000:서울특별시 영등포구 대림3동]","[1153051000:서울특별시 구로구 신도림동, 1153056000:서울특별시 구로구 구로5동, 1156051500:서울특별시 영등포구 영등포본동, 1156058500:서울특별시 영등포구 도림동, 1156060500:서울특별시 영등포구 문래동, 1156065000:서울특별시 영등포구 신길3동, 1156072000:서울특별시 영등포구 대림3동]",ST000135
신둔도예촌역,지하철,경강선,[4150031000],[경기도 이천시 신둔면],[4150031000],[경기도 이천시 신둔면],[4150031000:경기도 이천시 신둔면],[4150031000:경기도 이천시 신둔면],ST000569
신림역,지하철,2호선,"[1162052500, 1162060500, 1162064500, 1162065500, 1162068500, 1162069500]","[서울특별시 관악구 보라매동, 서울특별시 관악구 서원동, 서울특별시 관악구 신림동, 서울특별시 관악구 신사동, 서울특별시 관악구 신원동, 서울특별시 관악구 은천동]","[1159055000, 1159068000, 1162052500, 1162059500, 1162060500, 1162064500, 1162065500, 1162068500, 1162069500, 1162076500, 1162077500]","[서울특별시 관악구 난곡동, 서울특별시 관악구 미성동, 서울특별시 관악구 보라매동, 서울특별시 관악구 서원동, 서울특별시 관악구 신림동, 서울특별시 관악구 신사동, 서울특별시 관악구 신원동, 서울특별시 관악구 은천동, 서울특별시 관악구 청룡동, 서울특별시 동작구 상도3동, 서울특별시 동작구 신대방2동]","[1162052500:서울특별시 관악구 보라매동, 1162060500:서울특별시 관악구 은천동, 1162064500:서울특별시 관악구 서원동, 1162065500:서울특별시 관악구 신원동, 1162068500:서울특별시 관악구 신사동, 1162069500:서울특별시 관악구 신림동]","[1159055000:서울특별시 동작구 상도3동, 1159068000:서울특별시 동작구 신대방2동, 1162052500:서울특별시 관악구 보라매동, 1162059500:서울특별시 관악구 청룡동, 1162060500:서울특별시 관악구 은천동, 1162064500:서울특별시 관악구 서원동, 1162065500:서울특별시 관악구 신원동, 1162068500:서울특별시 관악구 신사동, 1162069500:서울특별시 관악구 신림동, 1162076500:서울특별시 관악구 미성동, 1162077500:서울특별시 관악구 난곡동]",ST000131
신림역,지하철,신림선,"[1162052500, 1162060500, 1162064500, 1162065500, 1162068500, 1162069500]","[서울특별시 관악구 보라매동, 서울특별시 관악구 서원동, 서울특별시 관악구 신림동, 서울특별시 관악구 신사동, 서울특별시 관악구 신원동, 서울특별시 관악구 은천동]","[1159055000, 1159068000, 1162052500, 1162059500, 1162060500, 1162064500, 1162065500, 1162068500, 1162069500, 1162076500, 1162077500]","[서울특별시 관악구 난곡동, 서울특별시 관악구 미성동, 서울특별시 관악구 보라매동, 서울특별시 관악구 서원동, 서울특별시 관악구 신림동, 서울특별시 관악구 신사동, 서울특별시 관악구 신원동, 서울특별시 관악구 은천동, 서울특별시 관악구 청룡동, 서울특별시 동작구 상도3동, 서울특별시 동작구 신대방2동]","[1162052500:서울특별시 관악구 보라매동, 1162060500:서울특별시 관악구 은천동, 1162064500:서울특별시 관악구 서원동, 1162065500:서울특별시 관악구 신원동, 1162068500:서울특별시 관악구 신사동, 1162069500:서울특별시 관악구 신림동]","[1159055000:서울특별시 동작구 상도3동, 1159068000:서울특별시 동작구 신대방2동, 1162052500:서울특별시 관악구 보라매동, 1162059500:서울특별시 관악구 청룡동, 1162060500:서울특별시 관악구 은천동, 1162064500:서울특별시 관악구 서원동, 1162065500:서울특별시 관악구 신원동, 1162068500:서울특별시 관악구 신사동, 1162069500:서울특별시 관악구 신림동, 1162076500:서울특별시 관악구 미성동, 1162077500:서울특별시 관악구 난곡동]",ST000131
신목동역,지하철,9호선,"[1147052000, 1147055000, 1150051000, 1156062000]","[서울특별시 강서구 염창동, 서울특별시 양천구 목2동, 서울특별시 양천구 목5동, 서울특별시 영등포구 양평2동]","[1144069000, 1144070000, 1147052000, 1147055000, 1150051000, 1156062000]","[서울특별시 강서구 염창동, 서울특별시 마포구 망원1동, 서울특별시 마포구 망원2동, 서울특별시 양천구 목2동, 서울특별시 양천구 목5동, 서울특별시 영등포구 양평2동]","[1147052000:서울특별시 양천구 목2동, 1147055000:서울특별시 양천구 목5동, 1150051000:서울특별시 강서구 염창동, 1156062000:서울특별시 영등포구 양평2동]","[1144069000:서울특별시 마포구 망원1동, 1144070000:서울특별시 마포구 망원2동, 1147052000:서울특별시 양천구 목2동, 1147055000:서울특별시 양천구 목5동, 1150051000:서울특별시 강서구 염창동, 1156062000:서울특별시 영등포구 양평2동]",ST000024
신반포역,지하철,9호선,"[1165055000, 1165057000, 1165058000, 1165058100]","[서울특별시 서초구 반포2동, 서울특별시 서초구 반포3동, 서울특별시 서초구 반포4동, 서울특별시 서초구 반포본동]","[1159063000, 1165055000, 1165057000, 1165058000, 1165058100, 1165059000]","[서울특별시 동작구 사당2동, 서울특별시 서초구 반포2동, 서울특별시 서초구 반포3동, 서울특별시 서초구 반포4동, 서울특별시 서초구 반포본동, 서울특별시 서초구 방배본동]","[1165055000:서울특별시 서초구 반포본동, 1165057000:서울특별시 서초구 반포2동, 1165058000:서울특별시 서초구 반포3동, 1165058100:서울특별시 서초구 반포4동]","[1159063000:서울특별시 동작구 사당2동, 1165055000:서울특별시 서초구 반포본동, 1165057000:서울특별시 서초구 반포2동, 1165058000:서울특별시 서초구 반포3동, 1165058100:서울특별시 서초구 반포4동, 1165059000:서울특별시 서초구 방배본동]",ST000035
신방화역,지하철,9호선,"[1150062000, 1150063000, 1150064000]","[서울특별시 강서구 공항동, 서울특별시 강서구 방화1동, 서울특별시 강서구 방화2동]","[1150060300, 1150062000, 1150063000, 1150064000, 1150064100]","[서울특별시 강서구 가양1동, 서울특별시 강서구 공항동, 서울특별시 강서구 방화1동, 서울특별시 강서구 방화2동, 서울특별시 강서구 방화3동]","[1150062000:서울특별시 강서구 공항동, 1150063000:서울특별시 강서구 방화1동, 1150064000:서울특별시 강서구 방화2동]","[1150060300:서울특별시 강서구 가양1동, 1150062000:서울특별시 강서구 공항동, 1150063000:서울특별시 강서구 방화1동, 1150064000:서울특별시 강서구 방화2동, 1150064100:서울특별시 강서구 방화3동]",ST000017
신사역,지하철,3호선,"[1165054000, 1168051000, 1168052100]","[서울특별시 강남구 논현1동, 서울특별시 강남구 신사동, 서울특별시 서초구 잠원동]","[1165054000, 1165056000, 1168051000, 1168052100, 1168053100, 1168054500]","[서울특별시 강남구 논현1동, 서울특별시 강남구 논현2동, 서울특별시 강남구 신사동, 서울특별시 강남구 압구정동, 서울특별시 서초구 반포1동, 서울특별시 서초구 잠원동]","[1165054000:서울특별시 서초구 잠원동, 1168051000:서울특별시 강남구 신사동, 1168052100:서울특별시 강남구 논현1동]","[1165054000:서울특별시 서초구 잠원동, 1165056000:서울특별시 서초구 반포1동, 1168051000:서울특별시 강남구 신사동, 1168052100:서울특별시 강남구 논현1동, 1168053100:서울특별시 강남구 논현2동, 1168054500:서울특별시 강남구 압구정동]",ST000167
신사역,지하철,신분당선,"[1165054000, 1168051000, 1168052100]","[서울특별시 강남구 논현1동, 서울특별시 강남구 신사동, 서울특별시 서초구 잠원동]","[1165054000, 1165056000, 1168051000, 1168052100, 1168053100, 1168054500]","[서울특별시 강남구 논현1동, 서울특별시 강남구 논현2동, 서울특별시 강남구 신사동, 서울특별시 강남구 압구정동, 서울특별시 서초구 반포1동, 서울특별시 서초구 잠원동]","[1165054000:서울특별시 서초구 잠원동, 1168051000:서울특별시 강남구 신사동, 1168052100:서울특별시 강남구 논현1동]","[1165054000:서울특별시 서초구 잠원동, 1165056000:서울특별시 서초구 반포1동, 1168051000:서울특별시 강남구 신사동, 1168052100:서울특별시 강남구 논현1동, 1168053100:서울특별시 강남구 논현2동, 1168054500:서울특별시 강남구 압구정동]",ST000167
신설동역,지하철,1호선,"[1111071000, 1123053600, 1129060000, 1129061000]","[서울특별시 동대문구 용신동, 서울특별시 성북구 보문동, 서울특별시 성북구 안암동, 서울특별시 종로구 숭인2동]","[1111067000, 1111069000, 1111070000, 1111071000, 1114061500, 1114067000, 1120053500, 1120054000, 1123053600, 1123054500, 1129060000, 1129061000]","[서울특별시 동대문구 용신동, 서울특별시 동대문구 제기동, 서울특별시 성동구 마장동, 서울특별시 성동구 왕십리도선동, 서울특별시 성북구 보문동, 서울특별시 성북구 안암동, 서울특별시 종로구 숭인1동, 서울특별시 종로구 숭인2동, 서울특별시 종로구 창신1동, 서울특별시 종로구 창신3동, 서울특별시 중구 신당동, 서울특별시 중구 황학동]","[1111071000:서울특별시 종로구 숭인2동, 1123053600:서울특별시 동대문구 용신동, 1129060000:서울특별시 성북구 안암동, 1129061000:서울특별시 성북구 보문동]","[1111067000:서울특별시 종로구 창신1동, 1111069000:서울특별시 종로구 창신3동, 1111070000:서울특별시 종로구 숭인1동, 1111071000:서울특별시 종로구 숭인2동, 1114061500:서울특별시 중구 신당동, 1114067000:서울특별시 중구 황학동, 1120053500:서울특별시 성동구 왕십리도선동, 1120054000:서울특별시 성동구 마장동, 1123053600:서울특별시 동대문구 용신동, 1123054500:서울특별시 동대문구 제기동, 1129060000:서울특별시 성북구 안암동, 1129061000:서울특별시 성북구 보문동]",ST000013
신설동역,지하철,2호선,"[1111071000, 1123053600, 1129060000, 1129061000]","[서울특별시 동대문구 용신동, 서울특별시 성북구 보문동, 서울특별시 성북구 안암동, 서울특별시 종로구 숭인2동]","[1111067000, 1111069000, 1111070000, 1111071000, 1114061500, 1114067000, 1120053500, 1120054000, 1123053600, 1123054500, 1129060000, 1129061000]","[서울특별시 동대문구 용신동, 서울특별시 동대문구 제기동, 서울특별시 성동구 마장동, 서울특별시 성동구 왕십리도선동, 서울특별시 성북구 보문동, 서울특별시 성북구 안암동, 서울특별시 종로구 숭인1동, 서울특별시 종로구 숭인2동, 서울특별시 종로구 창신1동, 서울특별시 종로구 창신3동, 서울특별시 중구 신당동, 서울특별시 중구 황학동]","[1111071000:서울특별시 종로구 숭인2동, 1123053600:서울특별시 동대문구 용신동, 1129060000:서울특별시 성북구 안암동, 1129061000:서울특별시 성북구 보문동]","[1111067000:서울특별시 종로구 창신1동, 1111069000:서울특별시 종로구 창신3동, 1111070000:서울특별시 종로구 숭인1동, 1111071000:서울특별시 종로구 숭인2동, 1114061500:서울특별시 중구 신당동, 1114067000:서울특별시 중구 황학동, 1120053500:서울특별시 성동구 왕십리도선동, 1120054000:서울특별시 성동구 마장동, 1123053600:서울특별시 동대문구 용신동, 1123054500:서울특별시 동대문구 제기동, 1129060000:서울특별시 성북구 안암동, 1129061000:서울특별시 성북구 보문동]",ST000013
신설동역,지하철,우이신설선,"[1111071000, 1123053600, 1129060000, 1129061000]","[서울특별시 동대문구 용신동, 서울특별시 성북구 보문동, 서울특별시 성북구 안암동, 서울특별시 종로구 숭인2동]","[1111067000, 1111069000, 1111070000, 1111071000, 1114061500, 1114067000, 1120053500, 1120054000, 1123053600, 1123054500, 1129060000, 1129061000]","[서울특별시 동대문구 용신동, 서울특별시 동대문구 제기동, 서울특별시 성동구 마장동, 서울특별시 성동구 왕십리도선동, 서울특별시 성북구 보문동, 서울특별시 성북구 안암동, 서울특별시 종로구 숭인1동, 서울특별시 종로구 숭인2동, 서울특별시 종로구 창신1동, 서울특별시 종로구 창신3동, 서울특별시 중구 신당동, 서울특별시 중구 황학동]","[1111071000:서울특별시 종로구 숭인2동, 1123053600:서울특별시 동대문구 용신동, 1129060000:서울특별시 성북구 안암동, 1129061000:서울특별시 성북구 보문동]","[1111067000:서울특별시 종로구 창신1동, 1111069000:서울특별시 종로구 창신3동, 1111070000:서울특별시 종로구 숭인1동, 1111071000:서울특별시 종로구 숭인2동, 1114061500:서울특별시 중구 신당동, 1114067000:서울특별시 중구 황학동, 1120053500:서울특별시 성동구 왕십리도선동, 1120054000:서울특별시 성동구 마장동, 1123053600:서울특별시 동대문구 용신동, 1123054500:서울특별시 동대문구 제기동, 1129060000:서울특별시 성북구 안암동, 1129061000:서울특별시 성북구 보문동]",ST000013
신연수역,지하철,인천1호선,"[2818575000, 2818576200, 2818576300, 2820066000, 2820070000]","[인천광역시 남동구 남촌도림동, 인천광역시 남동구 논현2동, 인천광역시 연수구 선학동, 인천광역시 연수구 연수2동, 인천광역시 연수구 연수3동]","[2818575000, 2818576100, 2818576200, 2818576300, 2820066000, 2820070000, 2820071000]","[인천광역시 남동구 남촌도림동, 인천광역시 남동구 논현2동, 인천광역시 남동구 논현고잔동, 인천광역시 연수구 선학동, 인천광역시 연수구 연수1동, 인천광역시 연수구 연수2동, 인천광역시 연수구 연수3동]","[2818575000:인천광역시 연수구 선학동, 2818576200:인천광역시 연수구 연수2동, 2818576300:인천광역시 연수구 연수3동, 2820066000:인천광역시 남동구 남촌도림동, 2820070000:인천광역시 남동구 논현2동]","[2818575000:인천광역시 연수구 선학동, 2818576100:인천광역시 연수구 연수1동, 2818576200:인천광역시 연수구 연수2동, 2818576300:인천광역시 연수구 연수3동, 2820066000:인천광역시 남동구 남촌도림동, 2820070000:인천광역시 남동구 논현2동, 2820071000:인천광역시 남동구 논현고잔동]",ST000059
신용산역,지하철,4호선,[1117062500],[서울특별시 용산구 한강로동],"[1117053000, 1117056000, 1117057000, 1117062500, 1117063000, 1117064000, 1117069000]","[서울특별시 용산구 남영동, 서울특별시 용산구 서빙고동, 서울특별시 용산구 원효로1동, 서울특별시 용산구 원효로2동, 서울특별시 용산구 이촌1동, 서울특별시 용산구 이촌2동, 서울특별시 용산구 한강로동]",[1117062500:서울특별시 용산구 한강로동],"[1117053000:서울특별시 용산구 남영동, 1117056000:서울특별시 용산구 원효로1동, 1117057000:서울특별시 용산구 원효로2동, 1117062500:서울특별시 용산구 한강로동, 1117063000:서울특별시 용산구 이촌1동, 1117064000:서울특별시 용산구 이촌2동, 1117069000:서울특별시 용산구 서빙고동]",ST000195
신원역,지하철,경의중앙선,"[4161035000, 4183033000]","[경기도 광주시 남종면, 경기도 양평군 양서면]","[4161035000, 4183033000]","[경기도 광주시 남종면, 경기도 양평군 양서면]","[4161035000:경기도 광주시 남종면, 4183033000:경기도 양평군 양서면]","[4161035000:경기도 광주시 남종면, 4183033000:경기도 양평군 양서면]",ST000635
신이문역,지하철,1호선,"[1123074000, 1123075000, 1126061000, 1129081000]","[서울특별시 동대문구 이문1동, 서울특별시 동대문구 이문2동, 서울특별시 성북구 석관동, 서울특별시 중랑구 중화2동]","[1123072000, 1123074000, 1123075000, 1126061000, 1126063000, 1129081000]","[서울특별시 동대문구 이문1동, 서울특별시 동대문구 이문2동, 서울특별시 동대문구 휘경1동, 서울특별시 성북구 석관동, 서울특별시 중랑구 묵2동, 서울특별시 중랑구 중화2동]","[1123074000:서울특별시 동대문구 이문1동, 1123075000:서울특별시 동대문구 이문2동, 1126061000:서울특별시 중랑구 중화2동, 1129081000:서울특별시 성북구 석관동]","[1123072000:서울특별시 동대문구 휘경1동, 1123074000:서울특별시 동대문구 이문1동, 1123075000:서울특별시 동대문구 이문2동, 1126061000:서울특별시 중랑구 중화2동, 1126063000:서울특별시 중랑구 묵2동, 1129081000:서울특별시 성북구 석관동]",ST000653
신정네거리역,지하철,2호선,"[1147057000, 1147062000, 1147064000, 1147065000]","[서울특별시 양천구 신월2동, 서울특별시 양천구 신정1동, 서울특별시 양천구 신정3동, 서울특별시 양천구 신정4동]","[1147057000, 1147059000, 1147061000, 1147062000, 1147064000, 1147065000, 1147067000, 1147068000, 1150054000, 1150055000, 1150059300]","[서울특별시 강서구 화곡1동, 서울특별시 강서구 화곡2동, 서울특별시 강서구 화곡8동, 서울특별시 양천구 신월2동, 서울특별시 양천구 신월4동, 서울특별시 양천구 신월6동, 서울특별시 양천구 신정1동, 서울특별시 양천구 신정3동, 서울특별시 양천구 신정4동, 서울특별시 양천구 신정6동, 서울특별시 양천구 신정7동]","[1147057000:서울특별시 양천구 신월2동, 1147062000:서울특별시 양천구 신정1동, 1147064000:서울특별시 양천구 신정3동, 1147065000:서울특별시 양천구 신정4동]","[1147057000:서울특별시 양천구 신월2동, 1147059000:서울특별시 양천구 신월4동, 1147061000:서울특별시 양천구 신월6동, 1147062000:서울특별시 양천구 신정1동, 1147064000:서울특별시 양천구 신정3동, 1147065000:서울특별시 양천구 신정4동, 1147067000:서울특별시 양천구 신정6동, 1147068000:서울특별시 양천구 신정7동, 1150054000:서울특별시 강서구 화곡1동, 1150055000:서울특별시 강서구 화곡2동, 1150059300:서울특별시 강서구 화곡8동]",ST000149
신정역,지하철,5호선,"[1147057000, 1147062000, 1147065000, 1150055000, 1150057000]","[서울특별시 강서구 화곡2동, 서울특별시 강서구 화곡4동, 서울특별시 양천구 신월2동, 서울특별시 양천구 신정1동, 서울특별시 양천구 신정4동]","[1147051000, 1147054000, 1147057000, 1147062000, 1147064000, 1147065000, 1147067000, 1150054000, 1150055000, 1150057000, 1150059300]","[서울특별시 강서구 화곡1동, 서울특별시 강서구 화곡2동, 서울특별시 강서구 화곡4동, 서울특별시 강서구 화곡8동, 서울특별시 양천구 목1동, 서울특별시 양천구 목4동, 서울특별시 양천구 신월2동, 서울특별시 양천구 신정1동, 서울특별시 양천구 신정3동, 서울특별시 양천구 신정4동, 서울특별시 양천구 신정6동]","[1147057000:서울특별시 양천구 신월2동, 1147062000:서울특별시 양천구 신정1동, 1147065000:서울특별시 양천구 신정4동, 1150055000:서울특별시 강서구 화곡2동, 1150057000:서울특별시 강서구 화곡4동]","[1147051000:서울특별시 양천구 목1동, 1147054000:서울특별시 양천구 목4동, 1147057000:서울특별시 양천구 신월2동, 1147062000:서울특별시 양천구 신정1동, 1147064000:서울특별시 양천구 신정3동, 1147065000:서울특별시 양천구 신정4동, 1147067000:서울특별시 양천구 신정6동, 1150054000:서울특별시 강서구 화곡1동, 1150055000:서울특별시 강서구 화곡2동, 1150057000:서울특별시 강서구 화곡4동, 1150059300:서울특별시 강서구 화곡8동]",ST000206
신중동역,지하철,7호선,"[4119059000, 4119060000, 4119066000, 4119067000, 4119068000]","[경기도 부천시 도당동, 경기도 부천시 중1동, 경기도 부천시 중2동, 경기도 부천시 중3동, 경기도 부천시 춘의동]","[4119052000, 4119059000, 4119060000, 4119064000, 4119065000, 4119066000, 4119067000, 4119068000]","[경기도 부천시 도당동, 경기도 부천시 심곡1동, 경기도 부천시 약대동, 경기도 부천시 중1동, 경기도 부천시 중2동, 경기도 부천시 중3동, 경기도 부천시 중4동, 경기도 부천시 춘의동]","[4119059000:경기도 부천시 춘의동, 4119060000:경기도 부천시 도당동, 4119066000:경기도 부천시 중1동, 4119067000:경기도 부천시 중2동, 4119068000:경기도 부천시 중3동]","[4119052000:경기도 부천시 심곡1동, 4119059000:경기도 부천시 춘의동, 4119060000:경기도 부천시 도당동, 4119064000:경기도 부천시 중4동, 4119065000:경기도 부천시 약대동, 4119066000:경기도 부천시 중1동, 4119067000:경기도 부천시 중2동, 4119068000:경기도 부천시 중3동]",ST000426
신천역,지하철,서해선,"[4139051000, 4139052000]","[경기도 시흥시 대야동, 경기도 시흥시 신천동]","[4139051000, 4139052000, 4139053100, 4139054000]","[경기도 시흥시 대야동, 경기도 시흥시 신천동, 경기도 시흥시 신현동, 경기도 시흥시 은행동]","[4139051000:경기도 시흥시 대야동, 4139052000:경기도 시흥시 신천동]","[4139051000:경기도 시흥시 대야동, 4139052000:경기도 시흥시 신천동, 4139053100:경기도 시흥시 신현동, 4139054000:경기도 시흥시 은행동]",ST000367
신촌역,지하철,2호선,"[1141058500, 1144060000, 1144063000, 1144065500, 1144066000]","[서울특별시 마포구 대흥동, 서울특별시 마포구 서강동, 서울특별시 마포구 서교동, 서울특별시 마포구 신수동, 서울특별시 서대문구 신촌동]","[1141058500, 1141061500, 1144060000, 1144061000, 1144063000, 1144065500, 1144066000]","[서울특별시 마포구 대흥동, 서울특별시 마포구 서강동, 서울특별시 마포구 서교동, 서울특별시 마포구 신수동, 서울특별시 마포구 염리동, 서울특별시 서대문구 신촌동, 서울특별시 서대문구 연희동]","[1141058500:서울특별시 서대문구 신촌동, 1144060000:서울특별시 마포구 대흥동, 1144063000:서울특별시 마포구 신수동, 1144065500:서울특별시 마포구 서강동, 1144066000:서울특별시 마포구 서교동]","[1141058500:서울특별시 서대문구 신촌동, 1141061500:서울특별시 서대문구 연희동, 1144060000:서울특별시 마포구 대흥동, 1144061000:서울특별시 마포구 염리동, 1144063000:서울특별시 마포구 신수동, 1144065500:서울특별시 마포구 서강동, 1144066000:서울특별시 마포구 서교동]",ST000140
신촌역,지하철,경의중앙선,"[1141058500, 1144060000]","[서울특별시 마포구 대흥동, 서울특별시 서대문구 신촌동]","[1141055500, 1141056500, 1141058500, 1141061500, 1144055500, 1144060000, 1144061000, 1144066000]","[서울특별시 마포구 대흥동, 서울특별시 마포구 서교동, 서울특별시 마포구 아현동, 서울특별시 마포구 염리동, 서울특별시 서대문구 북아현동, 서울특별시 서대문구 신촌동, 서울특별시 서대문구 연희동, 서울특별시 서대문구 충현동]","[1141058500:서울특별시 서대문구 신촌동, 1144060000:서울특별시 마포구 대흥동]","[1141055500:서울특별시 서대문구 북아현동, 1141056500:서울특별시 서대문구 충현동, 1141058500:서울특별시 서대문구 신촌동, 1141061500:서울특별시 서대문구 연희동, 1144055500:서울특별시 마포구 아현동, 1144060000:서울특별시 마포구 대흥동, 1144061000:서울특별시 마포구 염리동, 1144066000:서울특별시 마포구 서교동]",ST000627
신포역,지하철,수인분당선,"[2811053000, 2811058500]","[인천광역시 중구 동인천동, 인천광역시 중구 신포동]","[2811052000, 2811053000, 2811054000, 2811057000, 2811058500, 2811060000, 2811061000]","[인천광역시 중구 동인천동, 인천광역시 중구 북성동, 인천광역시 중구 송월동, 인천광역시 중구 신포동, 인천광역시 중구 신흥동, 인천광역시 중구 연안동, 인천광역시 중구 율목동]","[2811053000:인천광역시 중구 신포동, 2811058500:인천광역시 중구 동인천동]","[2811052000:인천광역시 중구 연안동, 2811053000:인천광역시 중구 신포동, 2811054000:인천광역시 중구 신흥동, 2811057000:인천광역시 중구 율목동, 2811058500:인천광역시 중구 동인천동, 2811060000:인천광역시 중구 북성동, 2811061000:인천광역시 중구 송월동]",ST000473
신풍역,지하철,7호선,"[1156065000, 1156066000, 1156067000, 1156068000, 1156069000, 1156070000, 1159067000]","[서울특별시 동작구 신대방1동, 서울특별시 영등포구 대림1동, 서울특별시 영등포구 신길3동, 서울특별시 영등포구 신길4동, 서울특별시 영등포구 신길5동, 서울특별시 영등포구 신길6동, 서울특별시 영등포구 신길7동]","[1156063000, 1156065000, 1156066000, 1156067000, 1156068000, 1156069000, 1156070000, 1156072000, 1159066000, 1159067000, 1159068000]","[서울특별시 동작구 대방동, 서울특별시 동작구 신대방1동, 서울특별시 동작구 신대방2동, 서울특별시 영등포구 대림1동, 서울특별시 영등포구 대림3동, 서울특별시 영등포구 신길1동, 서울특별시 영등포구 신길3동, 서울특별시 영등포구 신길4동, 서울특별시 영등포구 신길5동, 서울특별시 영등포구 신길6동, 서울특별시 영등포구 신길7동]","[1156065000:서울특별시 영등포구 신길3동, 1156066000:서울특별시 영등포구 신길4동, 1156067000:서울특별시 영등포구 신길5동, 1156068000:서울특별시 영등포구 신길6동, 1156069000:서울특별시 영등포구 신길7동, 1156070000:서울특별시 영등포구 대림1동, 1159067000:서울특별시 동작구 신대방1동]","[1156063000:서울특별시 영등포구 신길1동, 1156065000:서울특별시 영등포구 신길3동, 1156066000:서울특별시 영등포구 신길4동, 1156067000:서울특별시 영등포구 신길5동, 1156068000:서울특별시 영등포구 신길6동, 1156069000:서울특별시 영등포구 신길7동, 1156070000:서울특별시 영등포구 대림1동, 1156072000:서울특별시 영등포구 대림3동, 1159066000:서울특별시 동작구 대방동, 1159067000:서울특별시 동작구 신대방1동, 1159068000:서울특별시 동작구 신대방2동]",ST000303
신현역,지하철,서해선,"[4139053100, 4139055000, 4139063000]","[경기도 시흥시 매화동, 경기도 시흥시 신현동, 경기도 시흥시 연성동]","[4139053100, 4139055000, 4139063000]","[경기도 시흥시 매화동, 경기도 시흥시 신현동, 경기도 시흥시 연성동]","[4139053100:경기도 시흥시 신현동, 4139055000:경기도 시흥시 매화동, 4139063000:경기도 시흥시 연성동]","[4139053100:경기도 시흥시 신현동, 4139055000:경기도 시흥시 매화동, 4139063000:경기도 시흥시 연성동]",ST000366
신흥역,지하철,8호선,"[4113151000, 4113152000, 4113153000, 4113351000, 4113352500]","[경기도 성남시수정구 신흥1동, 경기도 성남시수정구 신흥2동, 경기도 성남시수정구 신흥3동, 경기도 성남시중원구 성남동, 경기도 성남시중원구 중앙동]","[4113151000, 4113152000, 4113153000, 4113155000, 4113156100, 4113157000, 4113159000, 4113351000, 4113352500, 4113353000, 4113354000, 4113358000, 4113366000]","[경기도 성남시수정구 단대동, 경기도 성남시수정구 수진1동, 경기도 성남시수정구 신흥1동, 경기도 성남시수정구 신흥2동, 경기도 성남시수정구 신흥3동, 경기도 성남시수정구 태평2동, 경기도 성남시수정구 태평4동, 경기도 성남시중원구 금광1동, 경기도 성남시중원구 금광2동, 경기도 성남시중원구 상대원2동, 경기도 성남시중원구 성남동, 경기도 성남시중원구 중앙동, 경기도 성남시중원구 하대원동]","[4113151000:경기도 성남시수정구 신흥1동, 4113152000:경기도 성남시수정구 신흥2동, 4113153000:경기도 성남시수정구 신흥3동, 4113351000:경기도 성남시중원구 성남동, 4113352500:경기도 성남시중원구 중앙동]","[4113151000:경기도 성남시수정구 신흥1동, 4113152000:경기도 성남시수정구 신흥2동, 4113153000:경기도 성남시수정구 신흥3동, 4113155000:경기도 성남시수정구 태평2동, 4113156100:경기도 성남시수정구 태평4동, 4113157000:경기도 성남시수정구 수진1동, 4113159000:경기도 성남시수정구 단대동, 4113351000:경기도 성남시중원구 성남동, 4113352500:경기도 성남시중원구 중앙동, 4113353000:경기도 성남시중원구 금광1동, 4113354000:경기도 성남시중원구 금광2동, 4113358000:경기도 성남시중원구 상대원2동, 4113366000:경기도 성남시중원구 하대원동]",ST000323
쌍문역,지하철,4호선,"[1132051100, 1132051200, 1132051500, 1132067000, 1132068000, 1132068100]","[서울특별시 도봉구 쌍문2동, 서울특별시 도봉구 쌍문3동, 서울특별시 도봉구 쌍문4동, 서울특별시 도봉구 창1동, 서울특별시 도봉구 창2동, 서울특별시 도봉구 창5동]","[1130559000, 1130562000, 1130563000, 1132051100, 1132051200, 1132051300, 1132051500, 1132066000, 1132067000, 1132068000, 1132068100]","[서울특별시 강북구 번1동, 서울특별시 강북구 수유2동, 서울특별시 강북구 수유3동, 서울특별시 도봉구 쌍문1동, 서울특별시 도봉구 쌍문2동, 서울특별시 도봉구 쌍문3동, 서울특별시 도봉구 쌍문4동, 서울특별시 도봉구 창1동, 서울특별시 도봉구 창2동, 서울특별시 도봉구 창3동, 서울특별시 도봉구 창5동]","[1132051100:서울특별시 도봉구 창1동, 1132051200:서울특별시 도봉구 창2동, 1132051500:서울특별시 도봉구 창5동, 1132067000:서울특별시 도봉구 쌍문2동, 1132068000:서울특별시 도봉구 쌍문3동, 1132068100:서울특별시 도봉구 쌍문4동]","[1130559000:서울특별시 강북구 번1동, 1130562000:서울특별시 강북구 수유2동, 1130563000:서울특별시 강북구 수유3동, 1132051100:서울특별시 도봉구 창1동, 1132051200:서울특별시 도봉구 창2동, 1132051300:서울특별시 도봉구 창3동, 1132051500:서울특별시 도봉구 창5동, 1132066000:서울특별시 도봉구 쌍문1동, 1132067000:서울특별시 도봉구 쌍문2동, 1132068000:서울특별시 도봉구 쌍문3동, 1132068100:서울특별시 도봉구 쌍문4동]",ST000184
아라역,지하철,인천1호선,[2826065000],[인천광역시 서구 검단3동],"[2824571000, 2826065000, 4157025300, 4157055000]","[경기도 김포시 고촌읍, 경기도 김포시 풍무동, 인천광역시 계양구 계양1동, 인천광역시 서구 검단3동]",[2826065000:인천광역시 서구 검단3동],"[2824571000:인천광역시 계양구 계양1동, 2826065000:인천광역시 서구 검단3동, 4157025300:경기도 김포시 고촌읍, 4157055000:경기도 김포시 풍무동]",ST000434
아시아드경기장역,지하철,인천2호선,"[2826051500, 2826053000]","[인천광역시 서구 검암경서동, 인천광역시 서구 연희동]","[2826051500, 2826053000]","[인천광역시 서구 검암경서동, 인천광역시 서구 연희동]","[2826051500:인천광역시 서구 검암경서동, 2826053000:인천광역시 서구 연희동]","[2826051500:인천광역시 서구 검암경서동, 2826053000:인천광역시 서구 연희동]",ST000076
아신역,지하철,경의중앙선,[4183034000],[경기도 양평군 옥천면],"[4183032000, 4183034000]","[경기도 양평군 강하면, 경기도 양평군 옥천면]",[4183034000:경기도 양평군 옥천면],"[4183032000:경기도 양평군 강하면, 4183034000:경기도 양평군 옥천면]",ST000633
아차산역,지하철,5호선,"[1121575000, 1121577000, 1121578000, 1121586000]","[서울특별시 광진구 구의2동, 서울특별시 광진구 능동, 서울특별시 광진구 중곡2동, 서울특별시 광진구 중곡4동]","[1121575000, 1121577000, 1121578000, 1121581000, 1121585000, 1121586000, 1121587000]","[서울특별시 광진구 광장동, 서울특별시 광진구 구의1동, 서울특별시 광진구 구의2동, 서울특별시 광진구 구의3동, 서울특별시 광진구 능동, 서울특별시 광진구 중곡2동, 서울특별시 광진구 중곡4동]","[1121575000:서울특별시 광진구 중곡2동, 1121577000:서울특별시 광진구 중곡4동, 1121578000:서울특별시 광진구 능동, 1121586000:서울특별시 광진구 구의2동]","[1121575000:서울특별시 광진구 중곡2동, 1121577000:서울특별시 광진구 중곡4동, 1121578000:서울특별시 광진구 능동, 1121581000:서울특별시 광진구 광장동, 1121585000:서울특별시 광진구 구의1동, 1121586000:서울특별시 광진구 구의2동, 1121587000:서울특별시 광진구 구의3동]",ST000225
아현역,지하철,2호선,"[1141055500, 1141056500, 1144055500, 1144056500]","[서울특별시 마포구 공덕동, 서울특별시 마포구 아현동, 서울특별시 서대문구 북아현동, 서울특별시 서대문구 충현동]","[1114068000, 1117055500, 1141052000, 1141055500, 1141056500, 1141058500, 1144055500, 1144056500, 1144060000, 1144061000]","[서울특별시 마포구 공덕동, 서울특별시 마포구 대흥동, 서울특별시 마포구 아현동, 서울특별시 마포구 염리동, 서울특별시 서대문구 북아현동, 서울특별시 서대문구 신촌동, 서울특별시 서대문구 천연동, 서울특별시 서대문구 충현동, 서울특별시 용산구 청파동, 서울특별시 중구 중림동]","[1141055500:서울특별시 서대문구 북아현동, 1141056500:서울특별시 서대문구 충현동, 1144055500:서울특별시 마포구 아현동, 1144056500:서울특별시 마포구 공덕동]","[1114068000:서울특별시 중구 중림동, 1117055500:서울특별시 용산구 청파동, 1141052000:서울특별시 서대문구 천연동, 1141055500:서울특별시 서대문구 북아현동, 1141056500:서울특별시 서대문구 충현동, 1141058500:서울특별시 서대문구 신촌동, 1144055500:서울특별시 마포구 아현동, 1144056500:서울특별시 마포구 공덕동, 1144060000:서울특별시 마포구 대흥동, 1144061000:서울특별시 마포구 염리동]",ST000142
안국역,지하철,3호선,"[1111054000, 1111060000, 1111061500]","[서울특별시 종로구 가회동, 서울특별시 종로구 삼청동, 서울특별시 종로구 종로1·2·3·4가동]","[1111051500, 1111053000, 1111054000, 1111060000, 1111061500, 1114055000]","[서울특별시 종로구 가회동, 서울특별시 종로구 사직동, 서울특별시 종로구 삼청동, 서울특별시 종로구 종로1·2·3·4가동, 서울특별시 종로구 청운효자동, 서울특별시 중구 명동]","[1111054000:서울특별시 종로구 삼청동, 1111060000:서울특별시 종로구 가회동, 1111061500:서울특별시 종로구 종로1·2·3·4가동]","[1111051500:서울특별시 종로구 청운효자동, 1111053000:서울특별시 종로구 사직동, 1111054000:서울특별시 종로구 삼청동, 1111060000:서울특별시 종로구 가회동, 1111061500:서울특별시 종로구 종로1·2·3·4가동, 1114055000:서울특별시 중구 명동]",ST000160
안산역,지하철,4호선,"[4127354000, 4127355000, 4127357000]","[경기도 안산시단원구 원곡1동, 경기도 안산시단원구 원곡본동, 경기도 안산시단원구 초지동]","[4127354000, 4127355000, 4127356000, 4127357000]","[경기도 안산시단원구 원곡1동, 경기도 안산시단원구 원곡2동, 경기도 안산시단원구 원곡본동, 경기도 안산시단원구 초지동]","[4127354000:경기도 안산시단원구 원곡본동, 4127355000:경기도 안산시단원구 원곡1동, 4127357000:경기도 안산시단원구 초지동]","[4127354000:경기도 안산시단원구 원곡본동, 4127355000:경기도 안산시단원구 원곡1동, 4127356000:경기도 안산시단원구 원곡2동, 4127357000:경기도 안산시단원구 초지동]",ST000528
안산역,지하철,수인분당선,"[4127354000, 4127355000, 4127357000]","[경기도 안산시단원구 원곡1동, 경기도 안산시단원구 원곡본동, 경기도 안산시단원구 초지동]","[4127354000, 4127355000, 4127356000, 4127357000]","[경기도 안산시단원구 원곡1동, 경기도 안산시단원구 원곡2동, 경기도 안산시단원구 원곡본동, 경기도 안산시단원구 초지동]","[4127354000:경기도 안산시단원구 원곡본동, 4127355000:경기도 안산시단원구 원곡1동, 4127357000:경기도 안산시단원구 초지동]","[4127354000:경기도 안산시단원구 원곡본동, 4127355000:경기도 안산시단원구 원곡1동, 4127356000:경기도 안산시단원구 원곡2동, 4127357000:경기도 안산시단원구 초지동]",ST000528
안산역,지하철,안산과천선,"[4127354000, 4127355000, 4127357000]","[경기도 안산시단원구 원곡1동, 경기도 안산시단원구 원곡본동, 경기도 안산시단원구 초지동]","[4127354000, 4127355000, 4127356000, 4127357000]","[경기도 안산시단원구 원곡1동, 경기도 안산시단원구 원곡2동, 경기도 안산시단원구 원곡본동, 경기도 안산시단원구 초지동]","[4127354000:경기도 안산시단원구 원곡본동, 4127355000:경기도 안산시단원구 원곡1동, 4127357000:경기도 안산시단원구 초지동]","[4127354000:경기도 안산시단원구 원곡본동, 4127355000:경기도 안산시단원구 원곡1동, 4127356000:경기도 안산시단원구 원곡2동, 4127357000:경기도 안산시단원구 초지동]",ST000528
안산역,지하철,안산선,"[4127354000, 4127355000, 4127357000]","[경기도 안산시단원구 원곡1동, 경기도 안산시단원구 원곡본동, 경기도 안산시단원구 초지동]","[4127354000, 4127355000, 4127356000, 4127357000]","[경기도 안산시단원구 원곡1동, 경기도 안산시단원구 원곡2동, 경기도 안산시단원구 원곡본동, 경기도 안산시단원구 초지동]","[4127354000:경기도 안산시단원구 원곡본동, 4127355000:경기도 안산시단원구 원곡1동, 4127357000:경기도 안산시단원구 초지동]","[4127354000:경기도 안산시단원구 원곡본동, 4127355000:경기도 안산시단원구 원곡1동, 4127356000:경기도 안산시단원구 원곡2동, 4127357000:경기도 안산시단원구 초지동]",ST000528
안암역,지하철,6호선,"[1123053600, 1123054500, 1129060000]","[서울특별시 동대문구 용신동, 서울특별시 동대문구 제기동, 서울특별시 성북구 안암동]","[1123053600, 1123054500, 1123070500, 1129055500, 1129057500, 1129058000, 1129060000, 1129061000, 1129070500]","[서울특별시 동대문구 용신동, 서울특별시 동대문구 제기동, 서울특별시 동대문구 청량리동, 서울특별시 성북구 돈암1동, 서울특별시 성북구 동선동, 서울특별시 성북구 보문동, 서울특별시 성북구 삼선동, 서울특별시 성북구 안암동, 서울특별시 성북구 종암동]","[1123053600:서울특별시 동대문구 용신동, 1123054500:서울특별시 동대문구 제기동, 1129060000:서울특별시 성북구 안암동]","[1123053600:서울특별시 동대문구 용신동, 1123054500:서울특별시 동대문구 제기동, 1123070500:서울특별시 동대문구 청량리동, 1129055500:서울특별시 성북구 삼선동, 1129057500:서울특별시 성북구 동선동, 1129058000:서울특별시 성북구 돈암1동, 1129060000:서울특별시 성북구 안암동, 1129061000:서울특별시 성북구 보문동, 1129070500:서울특별시 성북구 종암동]",ST000264
안양역,일반철도,ITX-새마을,"[4117151000, 4117152000, 4117153000, 4117154000, 4117351000]","[경기도 안양시동안구 비산1동, 경기도 안양시만안구 안양1동, 경기도 안양시만안구 안양2동, 경기도 안양시만안구 안양3동, 경기도 안양시만안구 안양4동]","[4117151000, 4117152000, 4117153000, 4117154000, 4117155000, 4117157000, 4117162100, 4117351000, 4117352000]","[경기도 안양시동안구 비산1동, 경기도 안양시동안구 비산2동, 경기도 안양시만안구 박달1동, 경기도 안양시만안구 안양1동, 경기도 안양시만안구 안양2동, 경기도 안양시만안구 안양3동, 경기도 안양시만안구 안양4동, 경기도 안양시만안구 안양5동, 경기도 안양시만안구 안양7동]","[4117151000:경기도 안양시만안구 안양1동, 4117152000:경기도 안양시만안구 안양2동, 4117153000:경기도 안양시만안구 안양3동, 4117154000:경기도 안양시만안구 안양4동, 4117351000:경기도 안양시동안구 비산1동]","[4117151000:경기도 안양시만안구 안양1동, 4117152000:경기도 안양시만안구 안양2동, 4117153000:경기도 안양시만안구 안양3동, 4117154000:경기도 안양시만안구 안양4동, 4117155000:경기도 안양시만안구 안양5동, 4117157000:경기도 안양시만안구 안양7동, 4117162100:경기도 안양시만안구 박달1동, 4117351000:경기도 안양시동안구 비산1동, 4117352000:경기도 안양시동안구 비산2동]",ST000560
안양역,일반철도,무궁화,"[4117151000, 4117152000, 4117153000, 4117154000, 4117351000]","[경기도 안양시동안구 비산1동, 경기도 안양시만안구 안양1동, 경기도 안양시만안구 안양2동, 경기도 안양시만안구 안양3동, 경기도 안양시만안구 안양4동]","[4117151000, 4117152000, 4117153000, 4117154000, 4117155000, 4117157000, 4117162100, 4117351000, 4117352000]","[경기도 안양시동안구 비산1동, 경기도 안양시동안구 비산2동, 경기도 안양시만안구 박달1동, 경기도 안양시만안구 안양1동, 경기도 안양시만안구 안양2동, 경기도 안양시만안구 안양3동, 경기도 안양시만안구 안양4동, 경기도 안양시만안구 안양5동, 경기도 안양시만안구 안양7동]","[4117151000:경기도 안양시만안구 안양1동, 4117152000:경기도 안양시만안구 안양2동, 4117153000:경기도 안양시만안구 안양3동, 4117154000:경기도 안양시만안구 안양4동, 4117351000:경기도 안양시동안구 비산1동]","[4117151000:경기도 안양시만안구 안양1동, 4117152000:경기도 안양시만안구 안양2동, 4117153000:경기도 안양시만안구 안양3동, 4117154000:경기도 안양시만안구 안양4동, 4117155000:경기도 안양시만안구 안양5동, 4117157000:경기도 안양시만안구 안양7동, 4117162100:경기도 안양시만안구 박달1동, 4117351000:경기도 안양시동안구 비산1동, 4117352000:경기도 안양시동안구 비산2동]",ST000560
안양역,지하철,1호선,"[4117151000, 4117152000, 4117153000, 4117154000, 4117351000]","[경기도 안양시동안구 비산1동, 경기도 안양시만안구 안양1동, 경기도 안양시만안구 안양2동, 경기도 안양시만안구 안양3동, 경기도 안양시만안구 안양4동]","[4117151000, 4117152000, 4117153000, 4117154000, 4117155000, 4117157000, 4117162100, 4117351000, 4117352000]","[경기도 안양시동안구 비산1동, 경기도 안양시동안구 비산2동, 경기도 안양시만안구 박달1동, 경기도 안양시만안구 안양1동, 경기도 안양시만안구 안양2동, 경기도 안양시만안구 안양3동, 경기도 안양시만안구 안양4동, 경기도 안양시만안구 안양5동, 경기도 안양시만안구 안양7동]","[4117151000:경기도 안양시만안구 안양1동, 4117152000:경기도 안양시만안구 안양2동, 4117153000:경기도 안양시만안구 안양3동, 4117154000:경기도 안양시만안구 안양4동, 4117351000:경기도 안양시동안구 비산1동]","[4117151000:경기도 안양시만안구 안양1동, 4117152000:경기도 안양시만안구 안양2동, 4117153000:경기도 안양시만안구 안양3동, 4117154000:경기도 안양시만안구 안양4동, 4117155000:경기도 안양시만안구 안양5동, 4117157000:경기도 안양시만안구 안양7동, 4117162100:경기도 안양시만안구 박달1동, 4117351000:경기도 안양시동안구 비산1동, 4117352000:경기도 안양시동안구 비산2동]",ST000560
암사역,지하철,8호선,"[1174057000, 1174058000, 1174061000]","[서울특별시 강동구 암사1동, 서울특별시 강동구 암사2동, 서울특별시 강동구 천호2동]","[1174057000, 1174058000, 1174059000, 1174060000, 1174061000, 1174062000]","[서울특별시 강동구 암사1동, 서울특별시 강동구 암사2동, 서울특별시 강동구 암사3동, 서울특별시 강동구 천호1동, 서울특별시 강동구 천호2동, 서울특별시 강동구 천호3동]","[1174057000:서울특별시 강동구 암사1동, 1174058000:서울특별시 강동구 암사2동, 1174061000:서울특별시 강동구 천호2동]","[1174057000:서울특별시 강동구 암사1동, 1174058000:서울특별시 강동구 암사2동, 1174059000:서울특별시 강동구 암사3동, 1174060000:서울특별시 강동구 천호1동, 1174061000:서울특별시 강동구 천호2동, 1174062000:서울특별시 강동구 천호3동]",ST000310
암사역사공원역,지하철,8호선,"[1174057000, 1174059000]","[서울특별시 강동구 암사1동, 서울특별시 강동구 암사3동]","[1174053000, 1174055000, 1174057000, 1174058000, 1174059000, 1174060000]","[서울특별시 강동구 고덕1동, 서울특별시 강동구 명일1동, 서울특별시 강동구 암사1동, 서울특별시 강동구 암사2동, 서울특별시 강동구 암사3동, 서울특별시 강동구 천호1동]","[1174057000:서울특별시 강동구 암사1동, 1174059000:서울특별시 강동구 암사3동]","[1174053000:서울특별시 강동구 명일1동, 1174055000:서울특별시 강동구 고덕1동, 1174057000:서울특별시 강동구 암사1동, 1174058000:서울특별시 강동구 암사2동, 1174059000:서울특별시 강동구 암사3동, 1174060000:서울특별시 강동구 천호1동]",ST000437
압구정로데오역,지하철,수인분당선,"[1168054500, 1168056500]","[서울특별시 강남구 압구정동, 서울특별시 강남구 청담동]","[1120065000, 1120067000, 1168053100, 1168054500, 1168056500]","[서울특별시 강남구 논현2동, 서울특별시 강남구 압구정동, 서울특별시 강남구 청담동, 서울특별시 성동구 성수1가1동, 서울특별시 성동구 성수2가1동]","[1168054500:서울특별시 강남구 압구정동, 1168056500:서울특별시 강남구 청담동]","[1120065000:서울특별시 성동구 성수1가1동, 1120067000:서울특별시 성동구 성수2가1동, 1168053100:서울특별시 강남구 논현2동, 1168054500:서울특별시 강남구 압구정동, 1168056500:서울특별시 강남구 청담동]",ST000506
압구정역,지하철,3호선,"[1168051000, 1168054500]","[서울특별시 강남구 신사동, 서울특별시 강남구 압구정동]","[1168051000, 1168052100, 1168053100, 1168054500, 1168056500]","[서울특별시 강남구 논현1동, 서울특별시 강남구 논현2동, 서울특별시 강남구 신사동, 서울특별시 강남구 압구정동, 서울특별시 강남구 청담동]","[1168051000:서울특별시 강남구 신사동, 1168054500:서울특별시 강남구 압구정동]","[1168051000:서울특별시 강남구 신사동, 1168052100:서울특별시 강남구 논현1동, 1168053100:서울특별시 강남구 논현2동, 1168054500:서울특별시 강남구 압구정동, 1168056500:서울특별시 강남구 청담동]",ST000166
애오개역,지하철,5호선,"[1114068000, 1141055500, 1144055500, 1144056500]","[서울특별시 마포구 공덕동, 서울특별시 마포구 아현동, 서울특별시 서대문구 북아현동, 서울특별시 중구 중림동]","[1114068000, 1117055500, 1117058000, 1141055500, 1141056500, 1141058500, 1144055500, 1144056500, 1144060000, 1144061000]","[서울특별시 마포구 공덕동, 서울특별시 마포구 대흥동, 서울특별시 마포구 아현동, 서울특별시 마포구 염리동, 서울특별시 서대문구 북아현동, 서울특별시 서대문구 신촌동, 서울특별시 서대문구 충현동, 서울특별시 용산구 청파동, 서울특별시 용산구 효창동, 서울특별시 중구 중림동]","[1114068000:서울특별시 중구 중림동, 1141055500:서울특별시 서대문구 북아현동, 1144055500:서울특별시 마포구 아현동, 1144056500:서울특별시 마포구 공덕동]","[1114068000:서울특별시 중구 중림동, 1117055500:서울특별시 용산구 청파동, 1117058000:서울특별시 용산구 효창동, 1141055500:서울특별시 서대문구 북아현동, 1141056500:서울특별시 서대문구 충현동, 1141058500:서울특별시 서대문구 신촌동, 1144055500:서울특별시 마포구 아현동, 1144056500:서울특별시 마포구 공덕동, 1144060000:서울특별시 마포구 대흥동, 1144061000:서울특별시 마포구 염리동]",ST000215
야당역,지하철,경의중앙선,"[4148055000, 4148057000]","[경기도 파주시 운정1동, 경기도 파주시 운정3동]","[4128754000, 4128759000, 4148055000, 4148057000]","[경기도 고양시일산서구 송산동, 경기도 고양시일산서구 탄현동, 경기도 파주시 운정1동, 경기도 파주시 운정3동]","[4148055000:경기도 파주시 운정1동, 4148057000:경기도 파주시 운정3동]","[4128754000:경기도 고양시일산서구 탄현동, 4128759000:경기도 고양시일산서구 송산동, 4148055000:경기도 파주시 운정1동, 4148057000:경기도 파주시 운정3동]",ST000614
야목역,지하철,수인분당선,[4159031000],[경기도 화성시 매송면],"[4159031000, 4159032000]","[경기도 화성시 매송면, 경기도 화성시 비봉면]",[4159031000:경기도 화성시 매송면],"[4159031000:경기도 화성시 매송면, 4159032000:경기도 화성시 비봉면]",ST000743
야탑역,지하철,수인분당선,"[4113562000, 4113563000, 4113564000]","[경기도 성남시분당구 야탑1동, 경기도 성남시분당구 야탑2동, 경기도 성남시분당구 야탑3동]","[4113165000, 4113367000, 4113560000, 4113561000, 4113562000, 4113563000, 4113564000, 4113565500]","[경기도 성남시분당구 삼평동, 경기도 성남시분당구 야탑1동, 경기도 성남시분당구 야탑2동, 경기도 성남시분당구 야탑3동, 경기도 성남시분당구 이매1동, 경기도 성남시분당구 이매2동, 경기도 성남시수정구 시흥동, 경기도 성남시중원구 도촌동]","[4113562000:경기도 성남시분당구 야탑1동, 4113563000:경기도 성남시분당구 야탑2동, 4113564000:경기도 성남시분당구 야탑3동]","[4113165000:경기도 성남시수정구 시흥동, 4113367000:경기도 성남시중원구 도촌동, 4113560000:경기도 성남시분당구 이매1동, 4113561000:경기도 성남시분당구 이매2동, 4113562000:경기도 성남시분당구 야탑1동, 4113563000:경기도 성남시분당구 야탑2동, 4113564000:경기도 성남시분당구 야탑3동, 4113565500:경기도 성남시분당구 삼평동]",ST000503
약수역,지하철,3호선,"[1114058000, 1114062500, 1114063500, 1114064500]","[서울특별시 중구 다산동, 서울특별시 중구 약수동, 서울특별시 중구 장충동, 서울특별시 중구 청구동]","[1114057000, 1114058000, 1114059000, 1114061500, 1114062500, 1114063500, 1114064500, 1114066500, 1117068500, 1120059000, 1120061500, 1120062000, 1120064500]","[서울특별시 성동구 금호1가동, 서울특별시 성동구 금호2·3가동, 서울특별시 성동구 금호4가동, 서울특별시 성동구 옥수동, 서울특별시 용산구 한남동, 서울특별시 중구 광희동, 서울특별시 중구 다산동, 서울특별시 중구 동화동, 서울특별시 중구 신당동, 서울특별시 중구 약수동, 서울특별시 중구 장충동, 서울특별시 중구 청구동, 서울특별시 중구 필동]","[1114058000:서울특별시 중구 장충동, 1114062500:서울특별시 중구 다산동, 1114063500:서울특별시 중구 약수동, 1114064500:서울특별시 중구 청구동]","[1114057000:서울특별시 중구 필동, 1114058000:서울특별시 중구 장충동, 1114059000:서울특별시 중구 광희동, 1114061500:서울특별시 중구 신당동, 1114062500:서울특별시 중구 다산동, 1114063500:서울특별시 중구 약수동, 1114064500:서울특별시 중구 청구동, 1114066500:서울특별시 중구 동화동, 1117068500:서울특별시 용산구 한남동, 1120059000:서울특별시 성동구 금호1가동, 1120061500:서울특별시 성동구 금호2·3가동, 1120062000:서울특별시 성동구 금호4가동, 1120064500:서울특별시 성동구 옥수동]",ST000163
약수역,지하철,6호선,"[1114058000, 1114062500, 1114063500, 1114064500]","[서울특별시 중구 다산동, 서울특별시 중구 약수동, 서울특별시 중구 장충동, 서울특별시 중구 청구동]","[1114057000, 1114058000, 1114059000, 1114061500, 1114062500, 1114063500, 1114064500, 1114066500, 1117068500, 1120059000, 1120061500, 1120062000, 1120064500]","[서울특별시 성동구 금호1가동, 서울특별시 성동구 금호2·3가동, 서울특별시 성동구 금호4가동, 서울특별시 성동구 옥수동, 서울특별시 용산구 한남동, 서울특별시 중구 광희동, 서울특별시 중구 다산동, 서울특별시 중구 동화동, 서울특별시 중구 신당동, 서울특별시 중구 약수동, 서울특별시 중구 장충동, 서울특별시 중구 청구동, 서울특별시 중구 필동]","[1114058000:서울특별시 중구 장충동, 1114062500:서울특별시 중구 다산동, 1114063500:서울특별시 중구 약수동, 1114064500:서울특별시 중구 청구동]","[1114057000:서울특별시 중구 필동, 1114058000:서울특별시 중구 장충동, 1114059000:서울특별시 중구 광희동, 1114061500:서울특별시 중구 신당동, 1114062500:서울특별시 중구 다산동, 1114063500:서울특별시 중구 약수동, 1114064500:서울특별시 중구 청구동, 1114066500:서울특별시 중구 동화동, 1117068500:서울특별시 용산구 한남동, 1120059000:서울특별시 성동구 금호1가동, 1120061500:서울특별시 성동구 금호2·3가동, 1120062000:서울특별시 성동구 금호4가동, 1120064500:서울특별시 성동구 옥수동]",ST000163
양수역,지하철,경의중앙선,[4183033000],[경기도 양평군 양서면],[4183033000],[경기도 양평군 양서면],[4183033000:경기도 양평군 양서면],[4183033000:경기도 양평군 양서면],ST000636
양원역,일반철도,무궁화,"[1126065500, 1126068000]","[서울특별시 중랑구 망우본동, 서울특별시 중랑구 신내1동]","[1126065500, 1126068000, 4131053000, 4131054100]","[경기도 구리시 교문1동, 경기도 구리시 인창동, 서울특별시 중랑구 망우본동, 서울특별시 중랑구 신내1동]","[1126065500:서울특별시 중랑구 망우본동, 1126068000:서울특별시 중랑구 신내1동]","[1126065500:서울특별시 중랑구 망우본동, 1126068000:서울특별시 중랑구 신내1동, 4131053000:경기도 구리시 인창동, 4131054100:경기도 구리시 교문1동]",ST000643
양원역,지하철,경의중앙선,"[1126065500, 1126068000]","[서울특별시 중랑구 망우본동, 서울특별시 중랑구 신내1동]","[1126065500, 1126068000, 4131053000, 4131054100]","[경기도 구리시 교문1동, 경기도 구리시 인창동, 서울특별시 중랑구 망우본동, 서울특별시 중랑구 신내1동]","[1126065500:서울특별시 중랑구 망우본동, 1126068000:서울특별시 중랑구 신내1동]","[1126065500:서울특별시 중랑구 망우본동, 1126068000:서울특별시 중랑구 신내1동, 4131053000:경기도 구리시 인창동, 4131054100:경기도 구리시 교문1동]",ST000643
양재시민의숲역,지하철,신분당선,"[1165065100, 1165065200]","[서울특별시 서초구 양재1동, 서울특별시 서초구 양재2동]","[1165065100, 1165065200, 1165066000, 1168069000, 4129055000]","[경기도 과천시 과천동, 서울특별시 강남구 개포4동, 서울특별시 서초구 내곡동, 서울특별시 서초구 양재1동, 서울특별시 서초구 양재2동]","[1165065100:서울특별시 서초구 양재1동, 1165065200:서울특별시 서초구 양재2동]","[1165065100:서울특별시 서초구 양재1동, 1165065200:서울특별시 서초구 양재2동, 1165066000:서울특별시 서초구 내곡동, 1168069000:서울특별시 강남구 개포4동, 4129055000:경기도 과천시 과천동]",ST000334
양재역,지하철,3호선,"[1165052000, 1165065100, 1168065500]","[서울특별시 강남구 도곡1동, 서울특별시 서초구 서초2동, 서울특별시 서초구 양재1동]","[1165051000, 1165052000, 1165065100, 1165065200, 1168064000, 1168065500, 1168065600, 1168069000]","[서울특별시 강남구 개포4동, 서울특별시 강남구 도곡1동, 서울특별시 강남구 도곡2동, 서울특별시 강남구 역삼1동, 서울특별시 서초구 서초1동, 서울특별시 서초구 서초2동, 서울특별시 서초구 양재1동, 서울특별시 서초구 양재2동]","[1165052000:서울특별시 서초구 서초2동, 1165065100:서울특별시 서초구 양재1동, 1168065500:서울특별시 강남구 도곡1동]","[1165051000:서울특별시 서초구 서초1동, 1165052000:서울특별시 서초구 서초2동, 1165065100:서울특별시 서초구 양재1동, 1165065200:서울특별시 서초구 양재2동, 1168064000:서울특별시 강남구 역삼1동, 1168065500:서울특별시 강남구 도곡1동, 1168065600:서울특별시 강남구 도곡2동, 1168069000:서울특별시 강남구 개포4동]",ST000170
양재역,지하철,신분당선,"[1165052000, 1165065100, 1168065500]","[서울특별시 강남구 도곡1동, 서울특별시 서초구 서초2동, 서울특별시 서초구 양재1동]","[1165051000, 1165052000, 1165065100, 1165065200, 1168064000, 1168065500, 1168065600, 1168069000]","[서울특별시 강남구 개포4동, 서울특별시 강남구 도곡1동, 서울특별시 강남구 도곡2동, 서울특별시 강남구 역삼1동, 서울특별시 서초구 서초1동, 서울특별시 서초구 서초2동, 서울특별시 서초구 양재1동, 서울특별시 서초구 양재2동]","[1165052000:서울특별시 서초구 서초2동, 1165065100:서울특별시 서초구 양재1동, 1168065500:서울특별시 강남구 도곡1동]","[1165051000:서울특별시 서초구 서초1동, 1165052000:서울특별시 서초구 서초2동, 1165065100:서울특별시 서초구 양재1동, 1165065200:서울특별시 서초구 양재2동, 1168064000:서울특별시 강남구 역삼1동, 1168065500:서울특별시 강남구 도곡1동, 1168065600:서울특별시 강남구 도곡2동, 1168069000:서울특별시 강남구 개포4동]",ST000170
양정역,지하철,경의중앙선,[4136054000],[경기도 남양주시 양정동],[4136054000],[경기도 남양주시 양정동],[4136054000:경기도 남양주시 양정동],[4136054000:경기도 남양주시 양정동],ST000641
양주역,지하철,1호선,[4163051000],[경기도 양주시 양주1동],"[4115062000, 4163051000]","[경기도 양주시 양주1동, 경기도 의정부시 녹양동]",[4163051000:경기도 양주시 양주1동],"[4115062000:경기도 의정부시 녹양동, 4163051000:경기도 양주시 양주1동]",ST000465
양천구청역,지하철,2호선,"[1147067000, 1147068000]","[서울특별시 양천구 신정6동, 서울특별시 양천구 신정7동]","[1147062000, 1147063000, 1147064000, 1147067000, 1147068000, 1153051000, 1153053000, 1153072000, 1153073000]","[서울특별시 구로구 고척1동, 서울특별시 구로구 고척2동, 서울특별시 구로구 구로2동, 서울특별시 구로구 신도림동, 서울특별시 양천구 신정1동, 서울특별시 양천구 신정2동, 서울특별시 양천구 신정3동, 서울특별시 양천구 신정6동, 서울특별시 양천구 신정7동]","[1147067000:서울특별시 양천구 신정6동, 1147068000:서울특별시 양천구 신정7동]","[1147062000:서울특별시 양천구 신정1동, 1147063000:서울특별시 양천구 신정2동, 1147064000:서울특별시 양천구 신정3동, 1147067000:서울특별시 양천구 신정6동, 1147068000:서울특별시 양천구 신정7동, 1153051000:서울특별시 구로구 신도림동, 1153053000:서울특별시 구로구 구로2동, 1153072000:서울특별시 구로구 고척1동, 1153073000:서울특별시 구로구 고척2동]",ST000148
양천향교역,지하철,9호선,"[1150053500, 1150060300]","[서울특별시 강서구 가양1동, 서울특별시 강서구 등촌3동]","[1150053500, 1150060300, 1150060400]","[서울특별시 강서구 가양1동, 서울특별시 강서구 가양2동, 서울특별시 강서구 등촌3동]","[1150053500:서울특별시 강서구 등촌3동, 1150060300:서울특별시 강서구 가양1동]","[1150053500:서울특별시 강서구 등촌3동, 1150060300:서울특별시 강서구 가양1동, 1150060400:서울특별시 강서구 가양2동]",ST000019
양촌역,지하철,김포골드라인,"[4157025600, 4157057000]","[경기도 김포시 구래동, 경기도 김포시 양촌읍]","[4157025600, 4157034000, 4157057000]","[경기도 김포시 구래동, 경기도 김포시 대곶면, 경기도 김포시 양촌읍]","[4157025600:경기도 김포시 양촌읍, 4157057000:경기도 김포시 구래동]","[4157025600:경기도 김포시 양촌읍, 4157034000:경기도 김포시 대곶면, 4157057000:경기도 김포시 구래동]",ST000358
양평역,일반철도,ITX-마음,[4183025000],[경기도 양평군 양평읍],"[4183025000, 4183031000]","[경기도 양평군 강상면, 경기도 양평군 양평읍]",[4183025000:경기도 양평군 양평읍],"[4183025000:경기도 양평군 양평읍, 4183031000:경기도 양평군 강상면]",ST000631
양평역,일반철도,ITX-새마을,[4183025000],[경기도 양평군 양평읍],"[4183025000, 4183031000]","[경기도 양평군 강상면, 경기도 양평군 양평읍]",[4183025000:경기도 양평군 양평읍],"[4183025000:경기도 양평군 양평읍, 4183031000:경기도 양평군 강상면]",ST000631
양평역,일반철도,무궁화,[4183025000],[경기도 양평군 양평읍],"[4183025000, 4183031000]","[경기도 양평군 강상면, 경기도 양평군 양평읍]",[4183025000:경기도 양평군 양평읍],"[4183025000:경기도 양평군 양평읍, 4183031000:경기도 양평군 강상면]",ST000631
양평역,준고속철도,KTX-이음,[4183025000],[경기도 양평군 양평읍],"[4183025000, 4183031000]","[경기도 양평군 강상면, 경기도 양평군 양평읍]",[4183025000:경기도 양평군 양평읍],"[4183025000:경기도 양평군 양평읍, 4183031000:경기도 양평군 강상면]",ST000631
양평역,지하철,5호선,"[1147051000, 1156060500, 1156061000]","[서울특별시 양천구 목1동, 서울특별시 영등포구 문래동, 서울특별시 영등포구 양평1동]","[1147051000, 1147055000, 1147063000, 1156055000, 1156056000, 1156060500, 1156061000, 1156062000]","[서울특별시 양천구 목1동, 서울특별시 양천구 목5동, 서울특별시 양천구 신정2동, 서울특별시 영등포구 당산1동, 서울특별시 영등포구 당산2동, 서울특별시 영등포구 문래동, 서울특별시 영등포구 양평1동, 서울특별시 영등포구 양평2동]","[1147051000:서울특별시 양천구 목1동, 1156060500:서울특별시 영등포구 문래동, 1156061000:서울특별시 영등포구 양평1동]","[1147051000:서울특별시 양천구 목1동, 1147055000:서울특별시 양천구 목5동, 1147063000:서울특별시 양천구 신정2동, 1156055000:서울특별시 영등포구 당산1동, 1156056000:서울특별시 영등포구 당산2동, 1156060500:서울특별시 영등포구 문래동, 1156061000:서울특별시 영등포구 양평1동, 1156062000:서울특별시 영등포구 양평2동]",ST000209
양평역,지하철,경의중앙선,[4183025000],[경기도 양평군 양평읍],"[4183025000, 4183031000]","[경기도 양평군 강상면, 경기도 양평군 양평읍]",[4183025000:경기도 양평군 양평읍],"[4183025000:경기도 양평군 양평읍, 4183031000:경기도 양평군 강상면]",ST000631
어룡역,지하철,의정부,"[4115057300, 4115057600]","[경기도 의정부시 송산1동, 경기도 의정부시 송산2동]","[4115056700, 4115056800, 4115057300, 4115057600, 4115058000]","[경기도 의정부시 송산1동, 경기도 의정부시 송산2동, 경기도 의정부시 신곡1동, 경기도 의정부시 신곡2동, 경기도 의정부시 자금동]","[4115057300:경기도 의정부시 송산1동, 4115057600:경기도 의정부시 송산2동]","[4115056700:경기도 의정부시 신곡1동, 4115056800:경기도 의정부시 신곡2동, 4115057300:경기도 의정부시 송산1동, 4115057600:경기도 의정부시 송산2동, 4115058000:경기도 의정부시 자금동]",ST000373
어린이대공원역,지하철,7호선,"[1121571000, 1121573000, 1121578000]","[서울특별시 광진구 군자동, 서울특별시 광진구 능동, 서울특별시 광진구 화양동]","[1120069000, 1120072000, 1120079000, 1121571000, 1121573000, 1121578000, 1121582000, 1121584000, 1121584700, 1121585000, 1121586000]","[서울특별시 광진구 구의1동, 서울특별시 광진구 구의2동, 서울특별시 광진구 군자동, 서울특별시 광진구 능동, 서울특별시 광진구 자양1동, 서울특별시 광진구 자양3동, 서울특별시 광진구 자양4동, 서울특별시 광진구 화양동, 서울특별시 성동구 성수2가3동, 서울특별시 성동구 송정동, 서울특별시 성동구 용답동]","[1121571000:서울특별시 광진구 화양동, 1121573000:서울특별시 광진구 군자동, 1121578000:서울특별시 광진구 능동]","[1120069000:서울특별시 성동구 성수2가3동, 1120072000:서울특별시 성동구 송정동, 1120079000:서울특별시 성동구 용답동, 1121571000:서울특별시 광진구 화양동, 1121573000:서울특별시 광진구 군자동, 1121578000:서울특별시 광진구 능동, 1121582000:서울특별시 광진구 자양1동, 1121584000:서울특별시 광진구 자양3동, 1121584700:서울특별시 광진구 자양4동, 1121585000:서울특별시 광진구 구의1동, 1121586000:서울특별시 광진구 구의2동]",ST000289
어정역,지하철,에버라인,"[4146358500, 4146358600]","[경기도 용인시기흥구 동백동, 경기도 용인시기흥구 상하동]","[4146352000, 4146356000, 4146358500, 4146358600]","[경기도 용인시기흥구 구갈동, 경기도 용인시기흥구 구성동, 경기도 용인시기흥구 동백동, 경기도 용인시기흥구 상하동]","[4146358500:경기도 용인시기흥구 동백동, 4146358600:경기도 용인시기흥구 상하동]","[4146352000:경기도 용인시기흥구 구갈동, 4146356000:경기도 용인시기흥구 구성동, 4146358500:경기도 용인시기흥구 동백동, 4146358600:경기도 용인시기흥구 상하동]",ST000397
어천역,지하철,수인분당선,[4159031000],[경기도 화성시 매송면],"[4159031000, 4159032000]","[경기도 화성시 매송면, 경기도 화성시 비봉면]",[4159031000:경기도 화성시 매송면],"[4159031000:경기도 화성시 매송면, 4159032000:경기도 화성시 비봉면]",ST000486
언주역,지하철,9호선,"[1168052100, 1168053100, 1168064000]","[서울특별시 강남구 논현1동, 서울특별시 강남구 논현2동, 서울특별시 강남구 역삼1동]","[1165053100, 1165056000, 1168052100, 1168053100, 1168059000, 1168064000, 1168065000]","[서울특별시 강남구 논현1동, 서울특별시 강남구 논현2동, 서울특별시 강남구 삼성2동, 서울특별시 강남구 역삼1동, 서울특별시 강남구 역삼2동, 서울특별시 서초구 반포1동, 서울특별시 서초구 서초4동]","[1168052100:서울특별시 강남구 논현1동, 1168053100:서울특별시 강남구 논현2동, 1168064000:서울특별시 강남구 역삼1동]","[1165053100:서울특별시 서초구 서초4동, 1165056000:서울특별시 서초구 반포1동, 1168052100:서울특별시 강남구 논현1동, 1168053100:서울특별시 강남구 논현2동, 1168059000:서울특별시 강남구 삼성2동, 1168064000:서울특별시 강남구 역삼1동, 1168065000:서울특별시 강남구 역삼2동]",ST000039
여의나루역,지하철,5호선,[1156054000],[서울특별시 영등포구 여의동],"[1117057000, 1144058500, 1144059000, 1156054000]","[서울특별시 마포구 도화동, 서울특별시 마포구 용강동, 서울특별시 영등포구 여의동, 서울특별시 용산구 원효로2동]",[1156054000:서울특별시 영등포구 여의동],"[1117057000:서울특별시 용산구 원효로2동, 1144058500:서울특별시 마포구 도화동, 1144059000:서울특별시 마포구 용강동, 1156054000:서울특별시 영등포구 여의동]",ST000212
여의도역,지하철,5호선,[1156054000],[서울특별시 영등포구 여의동],"[1156051500, 1156053500, 1156054000, 1156063000, 1156069000, 1159066000]","[서울특별시 동작구 대방동, 서울특별시 영등포구 신길1동, 서울특별시 영등포구 신길7동, 서울특별시 영등포구 여의동, 서울특별시 영등포구 영등포동, 서울특별시 영등포구 영등포본동]",[1156054000:서울특별시 영등포구 여의동],"[1156051500:서울특별시 영등포구 영등포본동, 1156053500:서울특별시 영등포구 영등포동, 1156054000:서울특별시 영등포구 여의동, 1156063000:서울특별시 영등포구 신길1동, 1156069000:서울특별시 영등포구 신길7동, 1159066000:서울특별시 동작구 대방동]",ST000028
여의도역,지하철,9호선,[1156054000],[서울특별시 영등포구 여의동],"[1156051500, 1156053500, 1156054000, 1156063000, 1156069000, 1159066000]","[서울특별시 동작구 대방동, 서울특별시 영등포구 신길1동, 서울특별시 영등포구 신길7동, 서울특별시 영등포구 여의동, 서울특별시 영등포구 영등포동, 서울특별시 영등포구 영등포본동]",[1156054000:서울특별시 영등포구 여의동],"[1156051500:서울특별시 영등포구 영등포본동, 1156053500:서울특별시 영등포구 영등포동, 1156054000:서울특별시 영등포구 여의동, 1156063000:서울특별시 영등포구 신길1동, 1156069000:서울특별시 영등포구 신길7동, 1159066000:서울특별시 동작구 대방동]",ST000028
여주역,지하철,경강선,"[4167051000, 4167052000]","[경기도 여주시 여흥동, 경기도 여주시 중앙동]","[4167051000, 4167052000]","[경기도 여주시 여흥동, 경기도 여주시 중앙동]","[4167051000:경기도 여주시 여흥동, 4167052000:경기도 여주시 중앙동]","[4167051000:경기도 여주시 여흥동, 4167052000:경기도 여주시 중앙동]",ST000565
역곡역,지하철,1호선,"[4119057000, 4119058000, 4119077000, 4119079000]","[경기도 부천시 괴안동, 경기도 부천시 역곡1동, 경기도 부천시 역곡2동, 경기도 부천시 역곡3동]","[1153078000, 1153079000, 4119055000, 4119057000, 4119058000, 4119075000, 4119077000, 4119078000, 4119079000]","[경기도 부천시 괴안동, 경기도 부천시 범박동, 경기도 부천시 소사동, 경기도 부천시 소사본동, 경기도 부천시 역곡1동, 경기도 부천시 역곡2동, 경기도 부천시 역곡3동, 서울특별시 구로구 수궁동, 서울특별시 구로구 오류2동]","[4119057000:경기도 부천시 역곡1동, 4119058000:경기도 부천시 역곡2동, 4119077000:경기도 부천시 괴안동, 4119079000:경기도 부천시 역곡3동]","[1153078000:서울특별시 구로구 오류2동, 1153079000:서울특별시 구로구 수궁동, 4119055000:경기도 부천시 소사동, 4119057000:경기도 부천시 역곡1동, 4119058000:경기도 부천시 역곡2동, 4119075000:경기도 부천시 소사본동, 4119077000:경기도 부천시 괴안동, 4119078000:경기도 부천시 범박동, 4119079000:경기도 부천시 역곡3동]",ST000521
역삼역,지하철,2호선,"[1168064000, 1168065000]","[서울특별시 강남구 역삼1동, 서울특별시 강남구 역삼2동]","[1165052000, 1165053100, 1168052100, 1168053100, 1168064000, 1168065000, 1168065500]","[서울특별시 강남구 논현1동, 서울특별시 강남구 논현2동, 서울특별시 강남구 도곡1동, 서울특별시 강남구 역삼1동, 서울특별시 강남구 역삼2동, 서울특별시 서초구 서초2동, 서울특별시 서초구 서초4동]","[1168064000:서울특별시 강남구 역삼1동, 1168065000:서울특별시 강남구 역삼2동]","[1165052000:서울특별시 서초구 서초2동, 1165053100:서울특별시 서초구 서초4동, 1168052100:서울특별시 강남구 논현1동, 1168053100:서울특별시 강남구 논현2동, 1168064000:서울특별시 강남구 역삼1동, 1168065000:서울특별시 강남구 역삼2동, 1168065500:서울특별시 강남구 도곡1동]",ST000122
역촌역,지하철,6호선,"[1138051000, 1138057000, 1138058000, 1138062500]","[서울특별시 은평구 녹번동, 서울특별시 은평구 대조동, 서울특별시 은평구 역촌동, 서울특별시 은평구 응암1동]","[1138051000, 1138052000, 1138055200, 1138056000, 1138057000, 1138058000, 1138062500, 1138063100]","[서울특별시 은평구 갈현2동, 서울특별시 은평구 구산동, 서울특별시 은평구 녹번동, 서울특별시 은평구 대조동, 서울특별시 은평구 불광1동, 서울특별시 은평구 신사1동, 서울특별시 은평구 역촌동, 서울특별시 은평구 응암1동]","[1138051000:서울특별시 은평구 녹번동, 1138057000:서울특별시 은평구 대조동, 1138058000:서울특별시 은평구 응암1동, 1138062500:서울특별시 은평구 역촌동]","[1138051000:서울특별시 은평구 녹번동, 1138052000:서울특별시 은평구 불광1동, 1138055200:서울특별시 은평구 갈현2동, 1138056000:서울특별시 은평구 구산동, 1138057000:서울특별시 은평구 대조동, 1138058000:서울특별시 은평구 응암1동, 1138062500:서울특별시 은평구 역촌동, 1138063100:서울특별시 은평구 신사1동]",ST000246
연수역,지하철,수인분당선,"[2818576100, 2818576200, 2818576300, 2818576600]","[인천광역시 연수구 연수1동, 인천광역시 연수구 연수2동, 인천광역시 연수구 연수3동, 인천광역시 연수구 청학동]","[2818576100, 2818576200, 2818576300, 2818576600, 2818578000, 2818579500]","[인천광역시 연수구 동춘1동, 인천광역시 연수구 동춘3동, 인천광역시 연수구 연수1동, 인천광역시 연수구 연수2동, 인천광역시 연수구 연수3동, 인천광역시 연수구 청학동]","[2818576100:인천광역시 연수구 연수1동, 2818576200:인천광역시 연수구 연수2동, 2818576300:인천광역시 연수구 연수3동, 2818576600:인천광역시 연수구 청학동]","[2818576100:인천광역시 연수구 연수1동, 2818576200:인천광역시 연수구 연수2동, 2818576300:인천광역시 연수구 연수3동, 2818576600:인천광역시 연수구 청학동, 2818578000:인천광역시 연수구 동춘1동, 2818579500:인천광역시 연수구 동춘3동]",ST000477
연신내역,광역급행철도,GTXA,"[1138052000, 1138053000, 1138055100, 1138055200, 1138057000]","[서울특별시 은평구 불광1동, 서울특별시 은평구 불광2동, 서울특별시 은평구 갈현1동, 서울특별시 은평구 갈현2동, 서울특별시 은평구 대조동]","[1138052000, 1138053000, 1138055100, 1138055200, 1138056000, 1138057000, 1138062500]","[서울특별시 은평구 불광1동, 서울특별시 은평구 불광2동, 서울특별시 은평구 갈현1동, 서울특별시 은평구 갈현2동, 서울특별시 은평구 구산동, 서울특별시 은평구 대조동, 서울특별시 은평구 역촌동]","[1138052000:서울특별시 은평구 불광1동, 1138053000:서울특별시 은평구 불광2동, 1138055100:서울특별시 은평구 갈현1동, 1138055200:서울특별시 은평구 갈현2동, 1138057000:서울특별시 은평구 대조동]","[1138052000:서울특별시 은평구 불광1동, 1138053000:서울특별시 은평구 불광2동, 1138055100:서울특별시 은평구 갈현1동, 1138055200:서울특별시 은평구 갈현2동, 1138056000:서울특별시 은평구 구산동, 1138057000:서울특별시 은평구 대조동, 1138062500:서울특별시 은평구 역촌동]",GTX_연신내_GTXA
연신내역,지하철,3호선,"[1138052000, 1138053000, 1138055100, 1138055200, 1138057000]","[서울특별시 은평구 갈현1동, 서울특별시 은평구 갈현2동, 서울특별시 은평구 대조동, 서울특별시 은평구 불광1동, 서울특별시 은평구 불광2동]","[1138052000, 1138053000, 1138055100, 1138055200, 1138056000, 1138057000, 1138062500]","[서울특별시 은평구 갈현1동, 서울특별시 은평구 갈현2동, 서울특별시 은평구 구산동, 서울특별시 은평구 대조동, 서울특별시 은평구 불광1동, 서울특별시 은평구 불광2동, 서울특별시 은평구 역촌동]","[1138052000:서울특별시 은평구 불광1동, 1138053000:서울특별시 은평구 불광2동, 1138055100:서울특별시 은평구 갈현1동, 1138055200:서울특별시 은평구 갈현2동, 1138057000:서울특별시 은평구 대조동]","[1138052000:서울특별시 은평구 불광1동, 1138053000:서울특별시 은평구 불광2동, 1138055100:서울특별시 은평구 갈현1동, 1138055200:서울특별시 은평구 갈현2동, 1138056000:서울특별시 은평구 구산동, 1138057000:서울특별시 은평구 대조동, 1138062500:서울특별시 은평구 역촌동]",ST000153
연신내역,지하철,6호선,"[1138052000, 1138053000, 1138055100, 1138055200, 1138057000]","[서울특별시 은평구 갈현1동, 서울특별시 은평구 갈현2동, 서울특별시 은평구 대조동, 서울특별시 은평구 불광1동, 서울특별시 은평구 불광2동]","[1138052000, 1138053000, 1138055100, 1138055200, 1138056000, 1138057000, 1138062500]","[서울특별시 은평구 갈현1동, 서울특별시 은평구 갈현2동, 서울특별시 은평구 구산동, 서울특별시 은평구 대조동, 서울특별시 은평구 불광1동, 서울특별시 은평구 불광2동, 서울특별시 은평구 역촌동]","[1138052000:서울특별시 은평구 불광1동, 1138053000:서울특별시 은평구 불광2동, 1138055100:서울특별시 은평구 갈현1동, 1138055200:서울특별시 은평구 갈현2동, 1138057000:서울특별시 은평구 대조동]","[1138052000:서울특별시 은평구 불광1동, 1138053000:서울특별시 은평구 불광2동, 1138055100:서울특별시 은평구 갈현1동, 1138055200:서울특별시 은평구 갈현2동, 1138056000:서울특별시 은평구 구산동, 1138057000:서울특별시 은평구 대조동, 1138062500:서울특별시 은평구 역촌동]",ST000153
연천역,지하철,1호선,[4180025000],[경기도 연천군 연천읍],[4180025000],[경기도 연천군 연천읍],[4180025000:경기도 연천군 연천읍],[4180025000:경기도 연천군 연천읍],ST000455
염창역,지하철,9호선,"[1147052000, 1147053000, 1150051000]","[서울특별시 강서구 염창동, 서울특별시 양천구 목2동, 서울특별시 양천구 목3동]","[1147052000, 1147053000, 1147054000, 1147055000, 1150051000, 1150052000, 1156062000]","[서울특별시 강서구 등촌1동, 서울특별시 강서구 염창동, 서울특별시 양천구 목2동, 서울특별시 양천구 목3동, 서울특별시 양천구 목4동, 서울특별시 양천구 목5동, 서울특별시 영등포구 양평2동]","[1147052000:서울특별시 양천구 목2동, 1147053000:서울특별시 양천구 목3동, 1150051000:서울특별시 강서구 염창동]","[1147052000:서울특별시 양천구 목2동, 1147053000:서울특별시 양천구 목3동, 1147054000:서울특별시 양천구 목4동, 1147055000:서울특별시 양천구 목5동, 1150051000:서울특별시 강서구 염창동, 1150052000:서울특별시 강서구 등촌1동, 1156062000:서울특별시 영등포구 양평2동]",ST000023
영등포구청역,지하철,2호선,"[1156055000, 1156056000, 1156061000, 1156062000]","[서울특별시 영등포구 당산1동, 서울특별시 영등포구 당산2동, 서울특별시 영등포구 양평1동, 서울특별시 영등포구 양평2동]","[1147051000, 1147055000, 1156053500, 1156055000, 1156056000, 1156060500, 1156061000, 1156062000]","[서울특별시 양천구 목1동, 서울특별시 양천구 목5동, 서울특별시 영등포구 당산1동, 서울특별시 영등포구 당산2동, 서울특별시 영등포구 문래동, 서울특별시 영등포구 양평1동, 서울특별시 영등포구 양평2동, 서울특별시 영등포구 영등포동]","[1156055000:서울특별시 영등포구 당산1동, 1156056000:서울특별시 영등포구 당산2동, 1156061000:서울특별시 영등포구 양평1동, 1156062000:서울특별시 영등포구 양평2동]","[1147051000:서울특별시 양천구 목1동, 1147055000:서울특별시 양천구 목5동, 1156053500:서울특별시 영등포구 영등포동, 1156055000:서울특별시 영등포구 당산1동, 1156056000:서울특별시 영등포구 당산2동, 1156060500:서울특별시 영등포구 문래동, 1156061000:서울특별시 영등포구 양평1동, 1156062000:서울특별시 영등포구 양평2동]",ST000137
영등포구청역,지하철,5호선,"[1156055000, 1156056000, 1156061000, 1156062000]","[서울특별시 영등포구 당산1동, 서울특별시 영등포구 당산2동, 서울특별시 영등포구 양평1동, 서울특별시 영등포구 양평2동]","[1147051000, 1147055000, 1156053500, 1156055000, 1156056000, 1156060500, 1156061000, 1156062000]","[서울특별시 양천구 목1동, 서울특별시 양천구 목5동, 서울특별시 영등포구 당산1동, 서울특별시 영등포구 당산2동, 서울특별시 영등포구 문래동, 서울특별시 영등포구 양평1동, 서울특별시 영등포구 양평2동, 서울특별시 영등포구 영등포동]","[1156055000:서울특별시 영등포구 당산1동, 1156056000:서울특별시 영등포구 당산2동, 1156061000:서울특별시 영등포구 양평1동, 1156062000:서울특별시 영등포구 양평2동]","[1147051000:서울특별시 양천구 목1동, 1147055000:서울특별시 양천구 목5동, 1156053500:서울특별시 영등포구 영등포동, 1156055000:서울특별시 영등포구 당산1동, 1156056000:서울특별시 영등포구 당산2동, 1156060500:서울특별시 영등포구 문래동, 1156061000:서울특별시 영등포구 양평1동, 1156062000:서울특별시 영등포구 양평2동]",ST000137
영등포시장역,지하철,5호선,"[1156053500, 1156055000, 1156056000]","[서울특별시 영등포구 당산1동, 서울특별시 영등포구 당산2동, 서울특별시 영등포구 영등포동]","[1156051500, 1156053500, 1156054000, 1156055000, 1156056000, 1156060500]","[서울특별시 영등포구 당산1동, 서울특별시 영등포구 당산2동, 서울특별시 영등포구 문래동, 서울특별시 영등포구 여의동, 서울특별시 영등포구 영등포동, 서울특별시 영등포구 영등포본동]","[1156053500:서울특별시 영등포구 영등포동, 1156055000:서울특별시 영등포구 당산1동, 1156056000:서울특별시 영등포구 당산2동]","[1156051500:서울특별시 영등포구 영등포본동, 1156053500:서울특별시 영등포구 영등포동, 1156054000:서울특별시 영등포구 여의동, 1156055000:서울특별시 영등포구 당산1동, 1156056000:서울특별시 영등포구 당산2동, 1156060500:서울특별시 영등포구 문래동]",ST000210
영등포역,고속철도,KTX,"[1156051500, 1156053500, 1156058500, 1156060500]","[서울특별시 영등포구 도림동, 서울특별시 영등포구 문래동, 서울특별시 영등포구 영등포동, 서울특별시 영등포구 영등포본동]","[1156051500, 1156053500, 1156054000, 1156055000, 1156058500, 1156060500, 1156063000, 1156065000, 1156066000]","[서울특별시 영등포구 당산1동, 서울특별시 영등포구 도림동, 서울특별시 영등포구 문래동, 서울특별시 영등포구 신길1동, 서울특별시 영등포구 신길3동, 서울특별시 영등포구 신길4동, 서울특별시 영등포구 여의동, 서울특별시 영등포구 영등포동, 서울특별시 영등포구 영등포본동]","[1156051500:서울특별시 영등포구 영등포본동, 1156053500:서울특별시 영등포구 영등포동, 1156058500:서울특별시 영등포구 도림동, 1156060500:서울특별시 영등포구 문래동]","[1156051500:서울특별시 영등포구 영등포본동, 1156053500:서울특별시 영등포구 영등포동, 1156054000:서울특별시 영등포구 여의동, 1156055000:서울특별시 영등포구 당산1동, 1156058500:서울특별시 영등포구 도림동, 1156060500:서울특별시 영등포구 문래동, 1156063000:서울특별시 영등포구 신길1동, 1156065000:서울특별시 영등포구 신길3동, 1156066000:서울특별시 영등포구 신길4동]",ST000659
영등포역,일반철도,ITX-마음,"[1156051500, 1156053500, 1156058500, 1156060500]","[서울특별시 영등포구 도림동, 서울특별시 영등포구 문래동, 서울특별시 영등포구 영등포동, 서울특별시 영등포구 영등포본동]","[1156051500, 1156053500, 1156054000, 1156055000, 1156058500, 1156060500, 1156063000, 1156065000, 1156066000]","[서울특별시 영등포구 당산1동, 서울특별시 영등포구 도림동, 서울특별시 영등포구 문래동, 서울특별시 영등포구 신길1동, 서울특별시 영등포구 신길3동, 서울특별시 영등포구 신길4동, 서울특별시 영등포구 여의동, 서울특별시 영등포구 영등포동, 서울특별시 영등포구 영등포본동]","[1156051500:서울특별시 영등포구 영등포본동, 1156053500:서울특별시 영등포구 영등포동, 1156058500:서울특별시 영등포구 도림동, 1156060500:서울특별시 영등포구 문래동]","[1156051500:서울특별시 영등포구 영등포본동, 1156053500:서울특별시 영등포구 영등포동, 1156054000:서울특별시 영등포구 여의동, 1156055000:서울특별시 영등포구 당산1동, 1156058500:서울특별시 영등포구 도림동, 1156060500:서울특별시 영등포구 문래동, 1156063000:서울특별시 영등포구 신길1동, 1156065000:서울특별시 영등포구 신길3동, 1156066000:서울특별시 영등포구 신길4동]",ST000659
영등포역,일반철도,ITX-새마을,"[1156051500, 1156053500, 1156058500, 1156060500]","[서울특별시 영등포구 도림동, 서울특별시 영등포구 문래동, 서울특별시 영등포구 영등포동, 서울특별시 영등포구 영등포본동]","[1156051500, 1156053500, 1156054000, 1156055000, 1156058500, 1156060500, 1156063000, 1156065000, 1156066000]","[서울특별시 영등포구 당산1동, 서울특별시 영등포구 도림동, 서울특별시 영등포구 문래동, 서울특별시 영등포구 신길1동, 서울특별시 영등포구 신길3동, 서울특별시 영등포구 신길4동, 서울특별시 영등포구 여의동, 서울특별시 영등포구 영등포동, 서울특별시 영등포구 영등포본동]","[1156051500:서울특별시 영등포구 영등포본동, 1156053500:서울특별시 영등포구 영등포동, 1156058500:서울특별시 영등포구 도림동, 1156060500:서울특별시 영등포구 문래동]","[1156051500:서울특별시 영등포구 영등포본동, 1156053500:서울특별시 영등포구 영등포동, 1156054000:서울특별시 영등포구 여의동, 1156055000:서울특별시 영등포구 당산1동, 1156058500:서울특별시 영등포구 도림동, 1156060500:서울특별시 영등포구 문래동, 1156063000:서울특별시 영등포구 신길1동, 1156065000:서울특별시 영등포구 신길3동, 1156066000:서울특별시 영등포구 신길4동]",ST000659
영등포역,일반철도,누리로,"[1156051500, 1156053500, 1156058500, 1156060500]","[서울특별시 영등포구 도림동, 서울특별시 영등포구 문래동, 서울특별시 영등포구 영등포동, 서울특별시 영등포구 영등포본동]","[1156051500, 1156053500, 1156054000, 1156055000, 1156058500, 1156060500, 1156063000, 1156065000, 1156066000]","[서울특별시 영등포구 당산1동, 서울특별시 영등포구 도림동, 서울특별시 영등포구 문래동, 서울특별시 영등포구 신길1동, 서울특별시 영등포구 신길3동, 서울특별시 영등포구 신길4동, 서울특별시 영등포구 여의동, 서울특별시 영등포구 영등포동, 서울특별시 영등포구 영등포본동]","[1156051500:서울특별시 영등포구 영등포본동, 1156053500:서울특별시 영등포구 영등포동, 1156058500:서울특별시 영등포구 도림동, 1156060500:서울특별시 영등포구 문래동]","[1156051500:서울특별시 영등포구 영등포본동, 1156053500:서울특별시 영등포구 영등포동, 1156054000:서울특별시 영등포구 여의동, 1156055000:서울특별시 영등포구 당산1동, 1156058500:서울특별시 영등포구 도림동, 1156060500:서울특별시 영등포구 문래동, 1156063000:서울특별시 영등포구 신길1동, 1156065000:서울특별시 영등포구 신길3동, 1156066000:서울특별시 영등포구 신길4동]",ST000659
영등포역,일반철도,무궁화,"[1156051500, 1156053500, 1156058500, 1156060500]","[서울특별시 영등포구 도림동, 서울특별시 영등포구 문래동, 서울특별시 영등포구 영등포동, 서울특별시 영등포구 영등포본동]","[1156051500, 1156053500, 1156054000, 1156055000, 1156058500, 1156060500, 1156063000, 1156065000, 1156066000]","[서울특별시 영등포구 당산1동, 서울특별시 영등포구 도림동, 서울특별시 영등포구 문래동, 서울특별시 영등포구 신길1동, 서울특별시 영등포구 신길3동, 서울특별시 영등포구 신길4동, 서울특별시 영등포구 여의동, 서울특별시 영등포구 영등포동, 서울특별시 영등포구 영등포본동]","[1156051500:서울특별시 영등포구 영등포본동, 1156053500:서울특별시 영등포구 영등포동, 1156058500:서울특별시 영등포구 도림동, 1156060500:서울특별시 영등포구 문래동]","[1156051500:서울특별시 영등포구 영등포본동, 1156053500:서울특별시 영등포구 영등포동, 1156054000:서울특별시 영등포구 여의동, 1156055000:서울특별시 영등포구 당산1동, 1156058500:서울특별시 영등포구 도림동, 1156060500:서울특별시 영등포구 문래동, 1156063000:서울특별시 영등포구 신길1동, 1156065000:서울특별시 영등포구 신길3동, 1156066000:서울특별시 영등포구 신길4동]",ST000659
영등포역,일반철도,새마을,"[1156051500, 1156053500, 1156058500, 1156060500]","[서울특별시 영등포구 도림동, 서울특별시 영등포구 문래동, 서울특별시 영등포구 영등포동, 서울특별시 영등포구 영등포본동]","[1156051500, 1156053500, 1156054000, 1156055000, 1156058500, 1156060500, 1156063000, 1156065000, 1156066000]","[서울특별시 영등포구 당산1동, 서울특별시 영등포구 도림동, 서울특별시 영등포구 문래동, 서울특별시 영등포구 신길1동, 서울특별시 영등포구 신길3동, 서울특별시 영등포구 신길4동, 서울특별시 영등포구 여의동, 서울특별시 영등포구 영등포동, 서울특별시 영등포구 영등포본동]","[1156051500:서울특별시 영등포구 영등포본동, 1156053500:서울특별시 영등포구 영등포동, 1156058500:서울특별시 영등포구 도림동, 1156060500:서울특별시 영등포구 문래동]","[1156051500:서울특별시 영등포구 영등포본동, 1156053500:서울특별시 영등포구 영등포동, 1156054000:서울특별시 영등포구 여의동, 1156055000:서울특별시 영등포구 당산1동, 1156058500:서울특별시 영등포구 도림동, 1156060500:서울특별시 영등포구 문래동, 1156063000:서울특별시 영등포구 신길1동, 1156065000:서울특별시 영등포구 신길3동, 1156066000:서울특별시 영등포구 신길4동]",ST000659
영등포역,지하철,1호선,"[1156051500, 1156053500, 1156058500, 1156060500]","[서울특별시 영등포구 도림동, 서울특별시 영등포구 문래동, 서울특별시 영등포구 영등포동, 서울특별시 영등포구 영등포본동]","[1156051500, 1156053500, 1156054000, 1156055000, 1156058500, 1156060500, 1156063000, 1156065000, 1156066000]","[서울특별시 영등포구 당산1동, 서울특별시 영등포구 도림동, 서울특별시 영등포구 문래동, 서울특별시 영등포구 신길1동, 서울특별시 영등포구 신길3동, 서울특별시 영등포구 신길4동, 서울특별시 영등포구 여의동, 서울특별시 영등포구 영등포동, 서울특별시 영등포구 영등포본동]","[1156051500:서울특별시 영등포구 영등포본동, 1156053500:서울특별시 영등포구 영등포동, 1156058500:서울특별시 영등포구 도림동, 1156060500:서울특별시 영등포구 문래동]","[1156051500:서울특별시 영등포구 영등포본동, 1156053500:서울특별시 영등포구 영등포동, 1156054000:서울특별시 영등포구 여의동, 1156055000:서울특별시 영등포구 당산1동, 1156058500:서울특별시 영등포구 도림동, 1156060500:서울특별시 영등포구 문래동, 1156063000:서울특별시 영등포구 신길1동, 1156065000:서울특별시 영등포구 신길3동, 1156066000:서울특별시 영등포구 신길4동]",ST000659
영종역,지하철,공항철도,[2811062000],[인천광역시 중구 영종동],[2811062000],[인천광역시 중구 영종동],[2811062000:인천광역시 중구 영종동],[2811062000:인천광역시 중구 영종동],ST000329
영통역,지하철,수인분당선,"[4111757000, 4111758000]","[경기도 수원시영통구 영통1동, 경기도 수원시영통구 영통2동]","[4111753000, 4111755000, 4111757000, 4111758000, 4111759000, 4146351500, 4146355000]","[경기도 수원시영통구 매탄3동, 경기도 수원시영통구 영통1동, 경기도 수원시영통구 영통2동, 경기도 수원시영통구 원천동, 경기도 수원시영통구 태장동, 경기도 용인시기흥구 서농동, 경기도 용인시기흥구 영덕동]","[4111757000:경기도 수원시영통구 영통1동, 4111758000:경기도 수원시영통구 영통2동]","[4111753000:경기도 수원시영통구 매탄3동, 4111755000:경기도 수원시영통구 원천동, 4111757000:경기도 수원시영통구 영통1동, 4111758000:경기도 수원시영통구 영통2동, 4111759000:경기도 수원시영통구 태장동, 4146351500:경기도 용인시기흥구 영덕동, 4146355000:경기도 용인시기흥구 서농동]",ST000493
예술회관역,지하철,인천1호선,"[2820051000, 2820052100]","[인천광역시 남동구 구월1동, 인천광역시 남동구 구월3동]","[2817069000, 2817071000, 2817073000, 2817073500, 2820051000, 2820052000, 2820052100, 2820053000]","[인천광역시 남구 관교동, 인천광역시 남구 주안4동, 인천광역시 남구 주안6동, 인천광역시 남구 주안8동, 인천광역시 남동구 간석1동, 인천광역시 남동구 구월1동, 인천광역시 남동구 구월2동, 인천광역시 남동구 구월3동]","[2820051000:인천광역시 남동구 구월1동, 2820052100:인천광역시 남동구 구월3동]","[2817069000:인천광역시 남구 주안4동, 2817071000:인천광역시 남구 주안6동, 2817073000:인천광역시 남구 주안8동, 2817073500:인천광역시 남구 관교동, 2820051000:인천광역시 남동구 구월1동, 2820052000:인천광역시 남동구 구월2동, 2820052100:인천광역시 남동구 구월3동, 2820053000:인천광역시 남동구 간석1동]",ST000055
오금역,지하철,3호선,"[1171057000, 1171062000, 1171063200]","[서울특별시 송파구 가락2동, 서울특별시 송파구 가락본동, 서울특별시 송파구 오금동]","[1171056100, 1171056600, 1171057000, 1171059000, 1171062000, 1171063200]","[서울특별시 송파구 가락2동, 서울특별시 송파구 가락본동, 서울특별시 송파구 방이1동, 서울특별시 송파구 송파2동, 서울특별시 송파구 오금동, 서울특별시 송파구 오륜동]","[1171057000:서울특별시 송파구 오금동, 1171062000:서울특별시 송파구 가락본동, 1171063200:서울특별시 송파구 가락2동]","[1171056100:서울특별시 송파구 방이1동, 1171056600:서울특별시 송파구 오륜동, 1171057000:서울특별시 송파구 오금동, 1171059000:서울특별시 송파구 송파2동, 1171062000:서울특별시 송파구 가락본동, 1171063200:서울특별시 송파구 가락2동]",ST000180
오금역,지하철,5호선,"[1171057000, 1171062000, 1171063200]","[서울특별시 송파구 가락2동, 서울특별시 송파구 가락본동, 서울특별시 송파구 오금동]","[1171056100, 1171056600, 1171057000, 1171059000, 1171062000, 1171063200]","[서울특별시 송파구 가락2동, 서울특별시 송파구 가락본동, 서울특별시 송파구 방이1동, 서울특별시 송파구 송파2동, 서울특별시 송파구 오금동, 서울특별시 송파구 오륜동]","[1171057000:서울특별시 송파구 오금동, 1171062000:서울특별시 송파구 가락본동, 1171063200:서울특별시 송파구 가락2동]","[1171056100:서울특별시 송파구 방이1동, 1171056600:서울특별시 송파구 오륜동, 1171057000:서울특별시 송파구 오금동, 1171059000:서울특별시 송파구 송파2동, 1171062000:서울특별시 송파구 가락본동, 1171063200:서울특별시 송파구 가락2동]",ST000180
오남역,지하철,진접선,"[4136025300, 4136026200]","[경기도 남양주시 오남읍, 경기도 남양주시 진접읍]","[4136025300, 4136026200]","[경기도 남양주시 오남읍, 경기도 남양주시 진접읍]","[4136025300:경기도 남양주시 진접읍, 4136026200:경기도 남양주시 오남읍]","[4136025300:경기도 남양주시 진접읍, 4136026200:경기도 남양주시 오남읍]",ST000664
오류동역,지하철,1호선,"[1153074000, 1153075000, 1153077000, 1153078000]","[서울특별시 구로구 개봉1동, 서울특별시 구로구 개봉2동, 서울특별시 구로구 오류1동, 서울특별시 구로구 오류2동]","[1147064000, 1153073000, 1153074000, 1153075000, 1153076000, 1153077000, 1153078000, 1153079000]","[서울특별시 구로구 개봉1동, 서울특별시 구로구 개봉2동, 서울특별시 구로구 개봉3동, 서울특별시 구로구 고척2동, 서울특별시 구로구 수궁동, 서울특별시 구로구 오류1동, 서울특별시 구로구 오류2동, 서울특별시 양천구 신정3동]","[1153074000:서울특별시 구로구 개봉1동, 1153075000:서울특별시 구로구 개봉2동, 1153077000:서울특별시 구로구 오류1동, 1153078000:서울특별시 구로구 오류2동]","[1147064000:서울특별시 양천구 신정3동, 1153073000:서울특별시 구로구 고척2동, 1153074000:서울특별시 구로구 개봉1동, 1153075000:서울특별시 구로구 개봉2동, 1153076000:서울특별시 구로구 개봉3동, 1153077000:서울특별시 구로구 오류1동, 1153078000:서울특별시 구로구 오류2동, 1153079000:서울특별시 구로구 수궁동]",ST000522
오리역,지하철,수인분당선,"[4113566500, 4113567000, 4146555000]","[경기도 성남시분당구 구미1동, 경기도 성남시분당구 구미동, 경기도 용인시수지구 죽전2동]","[4113566200, 4113566500, 4113567000, 4146551000, 4146554000, 4146555000, 4146556000]","[경기도 성남시분당구 구미1동, 경기도 성남시분당구 구미동, 경기도 성남시분당구 금곡동, 경기도 용인시수지구 동천동, 경기도 용인시수지구 죽전1동, 경기도 용인시수지구 죽전2동, 경기도 용인시수지구 풍덕천1동]","[4113566500:경기도 성남시분당구 구미1동, 4113567000:경기도 성남시분당구 구미동, 4146555000:경기도 용인시수지구 죽전2동]","[4113566200:경기도 성남시분당구 금곡동, 4113566500:경기도 성남시분당구 구미1동, 4113567000:경기도 성남시분당구 구미동, 4146551000:경기도 용인시수지구 풍덕천1동, 4146554000:경기도 용인시수지구 죽전1동, 4146555000:경기도 용인시수지구 죽전2동, 4146556000:경기도 용인시수지구 동천동]",ST000500
오목교역,지하철,5호선,"[1147051000, 1147063000, 1147067000, 1156061000]","[서울특별시 양천구 목1동, 서울특별시 양천구 신정2동, 서울특별시 양천구 신정6동, 서울특별시 영등포구 양평1동]","[1147051000, 1147054000, 1147055000, 1147062000, 1147063000, 1147065000, 1147067000, 1153051000, 1156060500, 1156061000]","[서울특별시 구로구 신도림동, 서울특별시 양천구 목1동, 서울특별시 양천구 목4동, 서울특별시 양천구 목5동, 서울특별시 양천구 신정1동, 서울특별시 양천구 신정2동, 서울특별시 양천구 신정4동, 서울특별시 양천구 신정6동, 서울특별시 영등포구 문래동, 서울특별시 영등포구 양평1동]","[1147051000:서울특별시 양천구 목1동, 1147063000:서울특별시 양천구 신정2동, 1147067000:서울특별시 양천구 신정6동, 1156061000:서울특별시 영등포구 양평1동]","[1147051000:서울특별시 양천구 목1동, 1147054000:서울특별시 양천구 목4동, 1147055000:서울특별시 양천구 목5동, 1147062000:서울특별시 양천구 신정1동, 1147063000:서울특별시 양천구 신정2동, 1147065000:서울특별시 양천구 신정4동, 1147067000:서울특별시 양천구 신정6동, 1153051000:서울특별시 구로구 신도림동, 1156060500:서울특별시 영등포구 문래동, 1156061000:서울특별시 영등포구 양평1동]",ST000208
오목천역,지하철,수인분당선,[4111355000],[경기도 수원시권선구 평동],"[4111355000, 4159025300, 4159031000]","[경기도 수원시권선구 평동, 경기도 화성시 매송면, 경기도 화성시 봉담읍]",[4111355000:경기도 수원시권선구 평동],"[4111355000:경기도 수원시권선구 평동, 4159025300:경기도 화성시 봉담읍, 4159031000:경기도 화성시 매송면]",ST000487
오빈역,지하철,경의중앙선,[4183025000],[경기도 양평군 양평읍],"[4183025000, 4183031000, 4183034000]","[경기도 양평군 강상면, 경기도 양평군 양평읍, 경기도 양평군 옥천면]",[4183025000:경기도 양평군 양평읍],"[4183025000:경기도 양평군 양평읍, 4183031000:경기도 양평군 강상면, 4183034000:경기도 양평군 옥천면]",ST000632
오산대역,지하철,1호선,[4137054000],[경기도 오산시 신장동],"[4137053000, 4137054000, 4159042000]","[경기도 오산시 남촌동, 경기도 오산시 신장동, 경기도 화성시 동탄면]",[4137054000:경기도 오산시 신장동],"[4137053000:경기도 오산시 남촌동, 4137054000:경기도 오산시 신장동, 4159042000:경기도 화성시 동탄면]",ST000549
오산역,일반철도,ITX-새마을,"[4137051000, 4137053000, 4137056000, 4137057000]","[경기도 오산시 남촌동, 경기도 오산시 대원동, 경기도 오산시 중앙동, 경기도 오산시 초평동]","[4137051000, 4137053000, 4137056000, 4137057000]","[경기도 오산시 남촌동, 경기도 오산시 대원동, 경기도 오산시 중앙동, 경기도 오산시 초평동]","[4137051000:경기도 오산시 중앙동, 4137053000:경기도 오산시 남촌동, 4137056000:경기도 오산시 초평동, 4137057000:경기도 오산시 대원동]","[4137051000:경기도 오산시 중앙동, 4137053000:경기도 오산시 남촌동, 4137056000:경기도 오산시 초평동, 4137057000:경기도 오산시 대원동]",ST000548
오산역,일반철도,무궁화,"[4137051000, 4137053000, 4137056000, 4137057000]","[경기도 오산시 남촌동, 경기도 오산시 대원동, 경기도 오산시 중앙동, 경기도 오산시 초평동]","[4137051000, 4137053000, 4137056000, 4137057000]","[경기도 오산시 남촌동, 경기도 오산시 대원동, 경기도 오산시 중앙동, 경기도 오산시 초평동]","[4137051000:경기도 오산시 중앙동, 4137053000:경기도 오산시 남촌동, 4137056000:경기도 오산시 초평동, 4137057000:경기도 오산시 대원동]","[4137051000:경기도 오산시 중앙동, 4137053000:경기도 오산시 남촌동, 4137056000:경기도 오산시 초평동, 4137057000:경기도 오산시 대원동]",ST000548
오산역,지하철,1호선,"[4137051000, 4137053000, 4137056000, 4137057000]","[경기도 오산시 남촌동, 경기도 오산시 대원동, 경기도 오산시 중앙동, 경기도 오산시 초평동]","[4137051000, 4137053000, 4137056000, 4137057000]","[경기도 오산시 남촌동, 경기도 오산시 대원동, 경기도 오산시 중앙동, 경기도 오산시 초평동]","[4137051000:경기도 오산시 중앙동, 4137053000:경기도 오산시 남촌동, 4137056000:경기도 오산시 초평동, 4137057000:경기도 오산시 대원동]","[4137051000:경기도 오산시 중앙동, 4137053000:경기도 오산시 남촌동, 4137056000:경기도 오산시 초평동, 4137057000:경기도 오산시 대원동]",ST000548
오이도역,지하철,4호선,"[4139058900, 4139059200, 4139059400]","[경기도 시흥시 정왕2동, 경기도 시흥시 정왕4동, 경기도 시흥시 정왕본동]","[4139058900, 4139059200, 4139059400]","[경기도 시흥시 정왕2동, 경기도 시흥시 정왕4동, 경기도 시흥시 정왕본동]","[4139058900:경기도 시흥시 정왕본동, 4139059200:경기도 시흥시 정왕2동, 4139059400:경기도 시흥시 정왕4동]","[4139058900:경기도 시흥시 정왕본동, 4139059200:경기도 시흥시 정왕2동, 4139059400:경기도 시흥시 정왕4동]",ST000525
오이도역,지하철,수인분당선,"[4139058900, 4139059200, 4139059400]","[경기도 시흥시 정왕2동, 경기도 시흥시 정왕4동, 경기도 시흥시 정왕본동]","[4139058900, 4139059200, 4139059400]","[경기도 시흥시 정왕2동, 경기도 시흥시 정왕4동, 경기도 시흥시 정왕본동]","[4139058900:경기도 시흥시 정왕본동, 4139059200:경기도 시흥시 정왕2동, 4139059400:경기도 시흥시 정왕4동]","[4139058900:경기도 시흥시 정왕본동, 4139059200:경기도 시흥시 정왕2동, 4139059400:경기도 시흥시 정왕4동]",ST000525
오이도역,지하철,안산과천선,"[4139058900, 4139059200, 4139059400]","[경기도 시흥시 정왕2동, 경기도 시흥시 정왕4동, 경기도 시흥시 정왕본동]","[4139058900, 4139059200, 4139059400]","[경기도 시흥시 정왕2동, 경기도 시흥시 정왕4동, 경기도 시흥시 정왕본동]","[4139058900:경기도 시흥시 정왕본동, 4139059200:경기도 시흥시 정왕2동, 4139059400:경기도 시흥시 정왕4동]","[4139058900:경기도 시흥시 정왕본동, 4139059200:경기도 시흥시 정왕2동, 4139059400:경기도 시흥시 정왕4동]",ST000525
오이도역,지하철,안산선,"[4139058900, 4139059200, 4139059400]","[경기도 시흥시 정왕2동, 경기도 시흥시 정왕4동, 경기도 시흥시 정왕본동]","[4139058900, 4139059200, 4139059400]","[경기도 시흥시 정왕2동, 경기도 시흥시 정왕4동, 경기도 시흥시 정왕본동]","[4139058900:경기도 시흥시 정왕본동, 4139059200:경기도 시흥시 정왕2동, 4139059400:경기도 시흥시 정왕4동]","[4139058900:경기도 시흥시 정왕본동, 4139059200:경기도 시흥시 정왕2동, 4139059400:경기도 시흥시 정왕4동]",ST000525
옥수역,지하철,3호선,"[1117068500, 1120062000, 1120064500]","[서울특별시 성동구 금호4가동, 서울특별시 성동구 옥수동, 서울특별시 용산구 한남동]","[1114063500, 1117068500, 1120061500, 1120062000, 1120064500, 1168051000, 1168054500]","[서울특별시 강남구 신사동, 서울특별시 강남구 압구정동, 서울특별시 성동구 금호2·3가동, 서울특별시 성동구 금호4가동, 서울특별시 성동구 옥수동, 서울특별시 용산구 한남동, 서울특별시 중구 약수동]","[1117068500:서울특별시 용산구 한남동, 1120062000:서울특별시 성동구 금호4가동, 1120064500:서울특별시 성동구 옥수동]","[1114063500:서울특별시 중구 약수동, 1117068500:서울특별시 용산구 한남동, 1120061500:서울특별시 성동구 금호2·3가동, 1120062000:서울특별시 성동구 금호4가동, 1120064500:서울특별시 성동구 옥수동, 1168051000:서울특별시 강남구 신사동, 1168054500:서울특별시 강남구 압구정동]",ST000165
옥수역,지하철,경의중앙선,"[1117068500, 1120062000, 1120064500]","[서울특별시 성동구 금호4가동, 서울특별시 성동구 옥수동, 서울특별시 용산구 한남동]","[1114063500, 1117068500, 1120061500, 1120062000, 1120064500, 1168051000, 1168054500]","[서울특별시 강남구 신사동, 서울특별시 강남구 압구정동, 서울특별시 성동구 금호2·3가동, 서울특별시 성동구 금호4가동, 서울특별시 성동구 옥수동, 서울특별시 용산구 한남동, 서울특별시 중구 약수동]","[1117068500:서울특별시 용산구 한남동, 1120062000:서울특별시 성동구 금호4가동, 1120064500:서울특별시 성동구 옥수동]","[1114063500:서울특별시 중구 약수동, 1117068500:서울특별시 용산구 한남동, 1120061500:서울특별시 성동구 금호2·3가동, 1120062000:서울특별시 성동구 금호4가동, 1120064500:서울특별시 성동구 옥수동, 1168051000:서울특별시 강남구 신사동, 1168054500:서울특별시 강남구 압구정동]",ST000165
온수역,지하철,1호선,"[1153078000, 1153079000, 4119057000, 4119079000]","[경기도 부천시 역곡1동, 경기도 부천시 역곡3동, 서울특별시 구로구 수궁동, 서울특별시 구로구 오류2동]","[1153078000, 1153079000, 4119057000, 4119059000, 4119079000]","[경기도 부천시 역곡1동, 경기도 부천시 역곡3동, 경기도 부천시 춘의동, 서울특별시 구로구 수궁동, 서울특별시 구로구 오류2동]","[1153078000:서울특별시 구로구 오류2동, 1153079000:서울특별시 구로구 수궁동, 4119057000:경기도 부천시 역곡1동, 4119079000:경기도 부천시 역곡3동]","[1153078000:서울특별시 구로구 오류2동, 1153079000:서울특별시 구로구 수궁동, 4119057000:경기도 부천시 역곡1동, 4119059000:경기도 부천시 춘의동, 4119079000:경기도 부천시 역곡3동]",ST000309
온수역,지하철,7호선,"[1153078000, 1153079000, 4119057000, 4119079000]","[경기도 부천시 역곡1동, 경기도 부천시 역곡3동, 서울특별시 구로구 수궁동, 서울특별시 구로구 오류2동]","[1153078000, 1153079000, 4119057000, 4119059000, 4119079000]","[경기도 부천시 역곡1동, 경기도 부천시 역곡3동, 경기도 부천시 춘의동, 서울특별시 구로구 수궁동, 서울특별시 구로구 오류2동]","[1153078000:서울특별시 구로구 오류2동, 1153079000:서울특별시 구로구 수궁동, 4119057000:경기도 부천시 역곡1동, 4119079000:경기도 부천시 역곡3동]","[1153078000:서울특별시 구로구 오류2동, 1153079000:서울특별시 구로구 수궁동, 4119057000:경기도 부천시 역곡1동, 4119059000:경기도 부천시 춘의동, 4119079000:경기도 부천시 역곡3동]",ST000309
올림픽공원역,지하철,5호선,[1171056600],[서울특별시 송파구 오륜동],"[1171056100, 1171056200, 1171056600, 1171057000, 1174064000, 1174066000, 1174069000, 4145058000]","[경기도 하남시 감북동, 서울특별시 강동구 둔촌1동, 서울특별시 강동구 성내1동, 서울특별시 강동구 성내3동, 서울특별시 송파구 방이1동, 서울특별시 송파구 방이2동, 서울특별시 송파구 오금동, 서울특별시 송파구 오륜동]",[1171056600:서울특별시 송파구 오륜동],"[1171056100:서울특별시 송파구 방이1동, 1171056200:서울특별시 송파구 방이2동, 1171056600:서울특별시 송파구 오륜동, 1171057000:서울특별시 송파구 오금동, 1174064000:서울특별시 강동구 성내1동, 1174066000:서울특별시 강동구 성내3동, 1174069000:서울특별시 강동구 둔촌1동, 4145058000:경기도 하남시 감북동]",ST000235
올림픽공원역,지하철,9호선,[1171056600],[서울특별시 송파구 오륜동],"[1171056100, 1171056200, 1171056600, 1171057000, 1174064000, 1174066000, 1174069000, 4145058000]","[경기도 하남시 감북동, 서울특별시 강동구 둔촌1동, 서울특별시 강동구 성내1동, 서울특별시 강동구 성내3동, 서울특별시 송파구 방이1동, 서울특별시 송파구 방이2동, 서울특별시 송파구 오금동, 서울특별시 송파구 오륜동]",[1171056600:서울특별시 송파구 오륜동],"[1171056100:서울특별시 송파구 방이1동, 1171056200:서울특별시 송파구 방이2동, 1171056600:서울특별시 송파구 오륜동, 1171057000:서울특별시 송파구 오금동, 1174064000:서울특별시 강동구 성내1동, 1174066000:서울특별시 강동구 성내3동, 1174069000:서울특별시 강동구 둔촌1동, 4145058000:경기도 하남시 감북동]",ST000235
완정역,지하철,인천2호선,[2826066000],[인천광역시 서구 검단4동],"[2826051500, 2826063000, 2826064000, 2826066000, 2826067000]","[인천광역시 서구 검단1동, 인천광역시 서구 검단2동, 인천광역시 서구 검단4동, 인천광역시 서구 검단5동, 인천광역시 서구 검암경서동]",[2826066000:인천광역시 서구 검단4동],"[2826051500:인천광역시 서구 검암경서동, 2826063000:인천광역시 서구 검단1동, 2826064000:인천광역시 서구 검단2동, 2826066000:인천광역시 서구 검단4동, 2826067000:인천광역시 서구 검단5동]",ST000072
왕길역,지하철,인천2호선,[2826067000],[인천광역시 서구 검단5동],[2826067000],[인천광역시 서구 검단5동],[2826067000:인천광역시 서구 검단5동],[2826067000:인천광역시 서구 검단5동],ST000069
왕십리역,지하철,2호선,"[1120052000, 1120053500, 1120054000, 1120055000, 1120056000, 1120057000]","[서울특별시 성동구 마장동, 서울특별시 성동구 사근동, 서울특별시 성동구 왕십리2동, 서울특별시 성동구 왕십리도선동, 서울특별시 성동구 행당1동, 서울특별시 성동구 행당2동]","[1114065000, 1120052000, 1120053500, 1120054000, 1120055000, 1120056000, 1120057000, 1120058000, 1120059000, 1120066000]","[서울특별시 성동구 금호1가동, 서울특별시 성동구 마장동, 서울특별시 성동구 사근동, 서울특별시 성동구 성수1가2동, 서울특별시 성동구 왕십리2동, 서울특별시 성동구 왕십리도선동, 서울특별시 성동구 응봉동, 서울특별시 성동구 행당1동, 서울특별시 성동구 행당2동, 서울특별시 중구 신당5동]","[1120052000:서울특별시 성동구 왕십리2동, 1120053500:서울특별시 성동구 왕십리도선동, 1120054000:서울특별시 성동구 마장동, 1120055000:서울특별시 성동구 사근동, 1120056000:서울특별시 성동구 행당1동, 1120057000:서울특별시 성동구 행당2동]","[1114065000:서울특별시 중구 신당5동, 1120052000:서울특별시 성동구 왕십리2동, 1120053500:서울특별시 성동구 왕십리도선동, 1120054000:서울특별시 성동구 마장동, 1120055000:서울특별시 성동구 사근동, 1120056000:서울특별시 성동구 행당1동, 1120057000:서울특별시 성동구 행당2동, 1120058000:서울특별시 성동구 응봉동, 1120059000:서울특별시 성동구 금호1가동, 1120066000:서울특별시 성동구 성수1가2동]",ST000109
왕십리역,지하철,5호선,"[1120052000, 1120053500, 1120054000, 1120055000, 1120056000, 1120057000]","[서울특별시 성동구 마장동, 서울특별시 성동구 사근동, 서울특별시 성동구 왕십리2동, 서울특별시 성동구 왕십리도선동, 서울특별시 성동구 행당1동, 서울특별시 성동구 행당2동]","[1114065000, 1120052000, 1120053500, 1120054000, 1120055000, 1120056000, 1120057000, 1120058000, 1120059000, 1120066000]","[서울특별시 성동구 금호1가동, 서울특별시 성동구 마장동, 서울특별시 성동구 사근동, 서울특별시 성동구 성수1가2동, 서울특별시 성동구 왕십리2동, 서울특별시 성동구 왕십리도선동, 서울특별시 성동구 응봉동, 서울특별시 성동구 행당1동, 서울특별시 성동구 행당2동, 서울특별시 중구 신당5동]","[1120052000:서울특별시 성동구 왕십리2동, 1120053500:서울특별시 성동구 왕십리도선동, 1120054000:서울특별시 성동구 마장동, 1120055000:서울특별시 성동구 사근동, 1120056000:서울특별시 성동구 행당1동, 1120057000:서울특별시 성동구 행당2동]","[1114065000:서울특별시 중구 신당5동, 1120052000:서울특별시 성동구 왕십리2동, 1120053500:서울특별시 성동구 왕십리도선동, 1120054000:서울특별시 성동구 마장동, 1120055000:서울특별시 성동구 사근동, 1120056000:서울특별시 성동구 행당1동, 1120057000:서울특별시 성동구 행당2동, 1120058000:서울특별시 성동구 응봉동, 1120059000:서울특별시 성동구 금호1가동, 1120066000:서울특별시 성동구 성수1가2동]",ST000109
왕십리역,지하철,경의중앙선,"[1120052000, 1120053500, 1120054000, 1120055000, 1120056000, 1120057000]","[서울특별시 성동구 마장동, 서울특별시 성동구 사근동, 서울특별시 성동구 왕십리2동, 서울특별시 성동구 왕십리도선동, 서울특별시 성동구 행당1동, 서울특별시 성동구 행당2동]","[1114065000, 1120052000, 1120053500, 1120054000, 1120055000, 1120056000, 1120057000, 1120058000, 1120059000, 1120066000]","[서울특별시 성동구 금호1가동, 서울특별시 성동구 마장동, 서울특별시 성동구 사근동, 서울특별시 성동구 성수1가2동, 서울특별시 성동구 왕십리2동, 서울특별시 성동구 왕십리도선동, 서울특별시 성동구 응봉동, 서울특별시 성동구 행당1동, 서울특별시 성동구 행당2동, 서울특별시 중구 신당5동]","[1120052000:서울특별시 성동구 왕십리2동, 1120053500:서울특별시 성동구 왕십리도선동, 1120054000:서울특별시 성동구 마장동, 1120055000:서울특별시 성동구 사근동, 1120056000:서울특별시 성동구 행당1동, 1120057000:서울특별시 성동구 행당2동]","[1114065000:서울특별시 중구 신당5동, 1120052000:서울특별시 성동구 왕십리2동, 1120053500:서울특별시 성동구 왕십리도선동, 1120054000:서울특별시 성동구 마장동, 1120055000:서울특별시 성동구 사근동, 1120056000:서울특별시 성동구 행당1동, 1120057000:서울특별시 성동구 행당2동, 1120058000:서울특별시 성동구 응봉동, 1120059000:서울특별시 성동구 금호1가동, 1120066000:서울특별시 성동구 성수1가2동]",ST000109
왕십리역,지하철,수인분당선,"[1120052000, 1120053500, 1120054000, 1120055000, 1120056000, 1120057000]","[서울특별시 성동구 마장동, 서울특별시 성동구 사근동, 서울특별시 성동구 왕십리2동, 서울특별시 성동구 왕십리도선동, 서울특별시 성동구 행당1동, 서울특별시 성동구 행당2동]","[1114065000, 1120052000, 1120053500, 1120054000, 1120055000, 1120056000, 1120057000, 1120058000, 1120059000, 1120066000]","[서울특별시 성동구 금호1가동, 서울특별시 성동구 마장동, 서울특별시 성동구 사근동, 서울특별시 성동구 성수1가2동, 서울특별시 성동구 왕십리2동, 서울특별시 성동구 왕십리도선동, 서울특별시 성동구 응봉동, 서울특별시 성동구 행당1동, 서울특별시 성동구 행당2동, 서울특별시 중구 신당5동]","[1120052000:서울특별시 성동구 왕십리2동, 1120053500:서울특별시 성동구 왕십리도선동, 1120054000:서울특별시 성동구 마장동, 1120055000:서울특별시 성동구 사근동, 1120056000:서울특별시 성동구 행당1동, 1120057000:서울특별시 성동구 행당2동]","[1114065000:서울특별시 중구 신당5동, 1120052000:서울특별시 성동구 왕십리2동, 1120053500:서울특별시 성동구 왕십리도선동, 1120054000:서울특별시 성동구 마장동, 1120055000:서울특별시 성동구 사근동, 1120056000:서울특별시 성동구 행당1동, 1120057000:서울특별시 성동구 행당2동, 1120058000:서울특별시 성동구 응봉동, 1120059000:서울특별시 성동구 금호1가동, 1120066000:서울특별시 성동구 성수1가2동]",ST000109
외대앞역,지하철,1호선,"[1123072000, 1123074000, 1123075000]","[서울특별시 동대문구 이문1동, 서울특별시 동대문구 이문2동, 서울특별시 동대문구 휘경1동]","[1123071000, 1123072000, 1123073000, 1123074000, 1123075000, 1126052000, 1126059000, 1126061000, 1129081000]","[서울특별시 동대문구 이문1동, 서울특별시 동대문구 이문2동, 서울특별시 동대문구 회기동, 서울특별시 동대문구 휘경1동, 서울특별시 동대문구 휘경2동, 서울특별시 성북구 석관동, 서울특별시 중랑구 면목2동, 서울특별시 중랑구 상봉2동, 서울특별시 중랑구 중화2동]","[1123072000:서울특별시 동대문구 휘경1동, 1123074000:서울특별시 동대문구 이문1동, 1123075000:서울특별시 동대문구 이문2동]","[1123071000:서울특별시 동대문구 회기동, 1123072000:서울특별시 동대문구 휘경1동, 1123073000:서울특별시 동대문구 휘경2동, 1123074000:서울특별시 동대문구 이문1동, 1123075000:서울특별시 동대문구 이문2동, 1126052000:서울특별시 중랑구 면목2동, 1126059000:서울특별시 중랑구 상봉2동, 1126061000:서울특별시 중랑구 중화2동, 1129081000:서울특별시 성북구 석관동]",ST000654
용답역,지하철,2호선,"[1111053000, 1111061500, 1114052000, 1114055000]","[서울특별시 종로구 사직동, 서울특별시 종로구 종로1·2·3·4가동, 서울특별시 중구 명동, 서울특별시 중구 소공동]","[1111053000, 1111058000, 1111061500, 1114052000, 1114054000, 1114055000, 1114060500, 1114068000, 1141056500]","[서울특별시 서대문구 충현동, 서울특별시 종로구 교남동, 서울특별시 종로구 사직동, 서울특별시 종로구 종로1·2·3·4가동, 서울특별시 중구 명동, 서울특별시 중구 소공동, 서울특별시 중구 을지로동, 서울특별시 중구 중림동, 서울특별시 중구 회현동]","[1111053000:서울특별시 종로구 사직동, 1111061500:서울특별시 종로구 종로1·2·3·4가동, 1114052000:서울특별시 중구 소공동, 1114055000:서울특별시 중구 명동]","[1111053000:서울특별시 종로구 사직동, 1111058000:서울특별시 종로구 교남동, 1111061500:서울특별시 종로구 종로1·2·3·4가동, 1114052000:서울특별시 중구 소공동, 1114054000:서울특별시 중구 회현동, 1114055000:서울특별시 중구 명동, 1114060500:서울특별시 중구 을지로동, 1114068000:서울특별시 중구 중림동, 1141056500:서울특별시 서대문구 충현동]",ST000146
용두역,지하철,2호선,"[1120054000, 1120079000, 1123053600, 1123054500, 1123060000]","[서울특별시 동대문구 답십리1동, 서울특별시 동대문구 용신동, 서울특별시 동대문구 제기동, 서울특별시 성동구 마장동, 서울특별시 성동구 용답동]","[1120053500, 1120054000, 1120056000, 1120079000, 1123053600, 1123054500, 1123056000, 1123060000, 1123070500]","[서울특별시 동대문구 답십리1동, 서울특별시 동대문구 용신동, 서울특별시 동대문구 전농1동, 서울특별시 동대문구 제기동, 서울특별시 동대문구 청량리동, 서울특별시 성동구 마장동, 서울특별시 성동구 왕십리도선동, 서울특별시 성동구 용답동, 서울특별시 성동구 행당1동]","[1120054000:서울특별시 성동구 마장동, 1120079000:서울특별시 성동구 용답동, 1123053600:서울특별시 동대문구 용신동, 1123054500:서울특별시 동대문구 제기동, 1123060000:서울특별시 동대문구 답십리1동]","[1120053500:서울특별시 성동구 왕십리도선동, 1120054000:서울특별시 성동구 마장동, 1120056000:서울특별시 성동구 행당1동, 1120079000:서울특별시 성동구 용답동, 1123053600:서울특별시 동대문구 용신동, 1123054500:서울특별시 동대문구 제기동, 1123056000:서울특별시 동대문구 전농1동, 1123060000:서울특별시 동대문구 답십리1동, 1123070500:서울특별시 동대문구 청량리동]",ST000144
용마산역,지하철,7호선,"[1121576000, 1121577000, 1126054000, 1126057000]","[서울특별시 광진구 중곡3동, 서울특별시 광진구 중곡4동, 서울특별시 중랑구 면목4동, 서울특별시 중랑구 면목7동]","[1121576000, 1121577000, 1123065000, 1123066000, 1126054000, 1126055000, 1126057000, 1126057500]","[서울특별시 광진구 중곡3동, 서울특별시 광진구 중곡4동, 서울특별시 동대문구 장안1동, 서울특별시 동대문구 장안2동, 서울특별시 중랑구 면목3·8동, 서울특별시 중랑구 면목4동, 서울특별시 중랑구 면목5동, 서울특별시 중랑구 면목7동]","[1121576000:서울특별시 광진구 중곡3동, 1121577000:서울특별시 광진구 중곡4동, 1126054000:서울특별시 중랑구 면목4동, 1126057000:서울특별시 중랑구 면목7동]","[1121576000:서울특별시 광진구 중곡3동, 1121577000:서울특별시 광진구 중곡4동, 1123065000:서울특별시 동대문구 장안1동, 1123066000:서울특별시 동대문구 장안2동, 1126054000:서울특별시 중랑구 면목4동, 1126055000:서울특별시 중랑구 면목5동, 1126057000:서울특별시 중랑구 면목7동, 1126057500:서울특별시 중랑구 면목3·8동]",ST000287
용문역,일반철도,ITX-마음,[4183040000],[경기도 양평군 용문면],[4183040000],[경기도 양평군 용문면],[4183040000:경기도 양평군 용문면],[4183040000:경기도 양평군 용문면],ST000629
용문역,일반철도,ITX-새마을,[4183040000],[경기도 양평군 용문면],[4183040000],[경기도 양평군 용문면],[4183040000:경기도 양평군 용문면],[4183040000:경기도 양평군 용문면],ST000629
용문역,일반철도,무궁화,[4183040000],[경기도 양평군 용문면],[4183040000],[경기도 양평군 용문면],[4183040000:경기도 양평군 용문면],[4183040000:경기도 양평군 용문면],ST000629
용문역,지하철,경의중앙선,[4183040000],[경기도 양평군 용문면],[4183040000],[경기도 양평군 용문면],[4183040000:경기도 양평군 용문면],[4183040000:경기도 양평군 용문면],ST000629
용산역,고속철도,KTX,"[1117056000, 1117057000, 1117062500]","[서울특별시 용산구 원효로1동, 서울특별시 용산구 원효로2동, 서울특별시 용산구 한강로동]","[1117056000, 1117057000, 1117058000, 1117059000, 1117062500, 1117063000, 1117064000]","[서울특별시 용산구 용문동, 서울특별시 용산구 원효로1동, 서울특별시 용산구 원효로2동, 서울특별시 용산구 이촌1동, 서울특별시 용산구 이촌2동, 서울특별시 용산구 한강로동, 서울특별시 용산구 효창동]","[1117056000:서울특별시 용산구 원효로1동, 1117057000:서울특별시 용산구 원효로2동, 1117062500:서울특별시 용산구 한강로동]","[1117056000:서울특별시 용산구 원효로1동, 1117057000:서울특별시 용산구 원효로2동, 1117058000:서울특별시 용산구 효창동, 1117059000:서울특별시 용산구 용문동, 1117062500:서울특별시 용산구 한강로동, 1117063000:서울특별시 용산구 이촌1동, 1117064000:서울특별시 용산구 이촌2동]",ST000660
용산역,고속철도,KTX-산천,"[1117056000, 1117057000, 1117062500]","[서울특별시 용산구 원효로1동, 서울특별시 용산구 원효로2동, 서울특별시 용산구 한강로동]","[1117056000, 1117057000, 1117058000, 1117059000, 1117062500, 1117063000, 1117064000]","[서울특별시 용산구 용문동, 서울특별시 용산구 원효로1동, 서울특별시 용산구 원효로2동, 서울특별시 용산구 이촌1동, 서울특별시 용산구 이촌2동, 서울특별시 용산구 한강로동, 서울특별시 용산구 효창동]","[1117056000:서울특별시 용산구 원효로1동, 1117057000:서울특별시 용산구 원효로2동, 1117062500:서울특별시 용산구 한강로동]","[1117056000:서울특별시 용산구 원효로1동, 1117057000:서울특별시 용산구 원효로2동, 1117058000:서울특별시 용산구 효창동, 1117059000:서울특별시 용산구 용문동, 1117062500:서울특별시 용산구 한강로동, 1117063000:서울특별시 용산구 이촌1동, 1117064000:서울특별시 용산구 이촌2동]",ST000660
용산역,고속철도,KTX-청룡,"[1117056000, 1117057000, 1117062500]","[서울특별시 용산구 원효로1동, 서울특별시 용산구 원효로2동, 서울특별시 용산구 한강로동]","[1117056000, 1117057000, 1117058000, 1117059000, 1117062500, 1117063000, 1117064000]","[서울특별시 용산구 용문동, 서울특별시 용산구 원효로1동, 서울특별시 용산구 원효로2동, 서울특별시 용산구 이촌1동, 서울특별시 용산구 이촌2동, 서울특별시 용산구 한강로동, 서울특별시 용산구 효창동]","[1117056000:서울특별시 용산구 원효로1동, 1117057000:서울특별시 용산구 원효로2동, 1117062500:서울특별시 용산구 한강로동]","[1117056000:서울특별시 용산구 원효로1동, 1117057000:서울특별시 용산구 원효로2동, 1117058000:서울특별시 용산구 효창동, 1117059000:서울특별시 용산구 용문동, 1117062500:서울특별시 용산구 한강로동, 1117063000:서울특별시 용산구 이촌1동, 1117064000:서울특별시 용산구 이촌2동]",ST000660
용산역,일반철도,ITX-마음,"[1117056000, 1117057000, 1117062500]","[서울특별시 용산구 원효로1동, 서울특별시 용산구 원효로2동, 서울특별시 용산구 한강로동]","[1117056000, 1117057000, 1117058000, 1117059000, 1117062500, 1117063000, 1117064000]","[서울특별시 용산구 용문동, 서울특별시 용산구 원효로1동, 서울특별시 용산구 원효로2동, 서울특별시 용산구 이촌1동, 서울특별시 용산구 이촌2동, 서울특별시 용산구 한강로동, 서울특별시 용산구 효창동]","[1117056000:서울특별시 용산구 원효로1동, 1117057000:서울특별시 용산구 원효로2동, 1117062500:서울특별시 용산구 한강로동]","[1117056000:서울특별시 용산구 원효로1동, 1117057000:서울특별시 용산구 원효로2동, 1117058000:서울특별시 용산구 효창동, 1117059000:서울특별시 용산구 용문동, 1117062500:서울특별시 용산구 한강로동, 1117063000:서울특별시 용산구 이촌1동, 1117064000:서울특별시 용산구 이촌2동]",ST000660
용산역,일반철도,ITX-새마을,"[1117056000, 1117057000, 1117062500]","[서울특별시 용산구 원효로1동, 서울특별시 용산구 원효로2동, 서울특별시 용산구 한강로동]","[1117056000, 1117057000, 1117058000, 1117059000, 1117062500, 1117063000, 1117064000]","[서울특별시 용산구 용문동, 서울특별시 용산구 원효로1동, 서울특별시 용산구 원효로2동, 서울특별시 용산구 이촌1동, 서울특별시 용산구 이촌2동, 서울특별시 용산구 한강로동, 서울특별시 용산구 효창동]","[1117056000:서울특별시 용산구 원효로1동, 1117057000:서울특별시 용산구 원효로2동, 1117062500:서울특별시 용산구 한강로동]","[1117056000:서울특별시 용산구 원효로1동, 1117057000:서울특별시 용산구 원효로2동, 1117058000:서울특별시 용산구 효창동, 1117059000:서울특별시 용산구 용문동, 1117062500:서울특별시 용산구 한강로동, 1117063000:서울특별시 용산구 이촌1동, 1117064000:서울특별시 용산구 이촌2동]",ST000660
용산역,일반철도,무궁화,"[1117056000, 1117057000, 1117062500]","[서울특별시 용산구 원효로1동, 서울특별시 용산구 원효로2동, 서울특별시 용산구 한강로동]","[1117056000, 1117057000, 1117058000, 1117059000, 1117062500, 1117063000, 1117064000]","[서울특별시 용산구 용문동, 서울특별시 용산구 원효로1동, 서울특별시 용산구 원효로2동, 서울특별시 용산구 이촌1동, 서울특별시 용산구 이촌2동, 서울특별시 용산구 한강로동, 서울특별시 용산구 효창동]","[1117056000:서울특별시 용산구 원효로1동, 1117057000:서울특별시 용산구 원효로2동, 1117062500:서울특별시 용산구 한강로동]","[1117056000:서울특별시 용산구 원효로1동, 1117057000:서울특별시 용산구 원효로2동, 1117058000:서울특별시 용산구 효창동, 1117059000:서울특별시 용산구 용문동, 1117062500:서울특별시 용산구 한강로동, 1117063000:서울특별시 용산구 이촌1동, 1117064000:서울특별시 용산구 이촌2동]",ST000660
용산역,일반철도,새마을,"[1117056000, 1117057000, 1117062500]","[서울특별시 용산구 원효로1동, 서울특별시 용산구 원효로2동, 서울특별시 용산구 한강로동]","[1117056000, 1117057000, 1117058000, 1117059000, 1117062500, 1117063000, 1117064000]","[서울특별시 용산구 용문동, 서울특별시 용산구 원효로1동, 서울특별시 용산구 원효로2동, 서울특별시 용산구 이촌1동, 서울특별시 용산구 이촌2동, 서울특별시 용산구 한강로동, 서울특별시 용산구 효창동]","[1117056000:서울특별시 용산구 원효로1동, 1117057000:서울특별시 용산구 원효로2동, 1117062500:서울특별시 용산구 한강로동]","[1117056000:서울특별시 용산구 원효로1동, 1117057000:서울특별시 용산구 원효로2동, 1117058000:서울특별시 용산구 효창동, 1117059000:서울특별시 용산구 용문동, 1117062500:서울특별시 용산구 한강로동, 1117063000:서울특별시 용산구 이촌1동, 1117064000:서울특별시 용산구 이촌2동]",ST000660
용산역,지하철,1호선,"[1117056000, 1117057000, 1117062500]","[서울특별시 용산구 원효로1동, 서울특별시 용산구 원효로2동, 서울특별시 용산구 한강로동]","[1117056000, 1117057000, 1117058000, 1117059000, 1117062500, 1117063000, 1117064000]","[서울특별시 용산구 용문동, 서울특별시 용산구 원효로1동, 서울특별시 용산구 원효로2동, 서울특별시 용산구 이촌1동, 서울특별시 용산구 이촌2동, 서울특별시 용산구 한강로동, 서울특별시 용산구 효창동]","[1117056000:서울특별시 용산구 원효로1동, 1117057000:서울특별시 용산구 원효로2동, 1117062500:서울특별시 용산구 한강로동]","[1117056000:서울특별시 용산구 원효로1동, 1117057000:서울특별시 용산구 원효로2동, 1117058000:서울특별시 용산구 효창동, 1117059000:서울특별시 용산구 용문동, 1117062500:서울특별시 용산구 한강로동, 1117063000:서울특별시 용산구 이촌1동, 1117064000:서울특별시 용산구 이촌2동]",ST000660
용산역,지하철,경의중앙선,"[1117056000, 1117057000, 1117062500]","[서울특별시 용산구 원효로1동, 서울특별시 용산구 원효로2동, 서울특별시 용산구 한강로동]","[1117056000, 1117057000, 1117058000, 1117059000, 1117062500, 1117063000, 1117064000]","[서울특별시 용산구 용문동, 서울특별시 용산구 원효로1동, 서울특별시 용산구 원효로2동, 서울특별시 용산구 이촌1동, 서울특별시 용산구 이촌2동, 서울특별시 용산구 한강로동, 서울특별시 용산구 효창동]","[1117056000:서울특별시 용산구 원효로1동, 1117057000:서울특별시 용산구 원효로2동, 1117062500:서울특별시 용산구 한강로동]","[1117056000:서울특별시 용산구 원효로1동, 1117057000:서울특별시 용산구 원효로2동, 1117058000:서울특별시 용산구 효창동, 1117059000:서울특별시 용산구 용문동, 1117062500:서울특별시 용산구 한강로동, 1117063000:서울특별시 용산구 이촌1동, 1117064000:서울특별시 용산구 이촌2동]",ST000660
용유역,지하철,자기부상,"[2811062800, 2811063000]","[인천광역시 중구 용유동, 인천광역시 중구 운서동]","[2811062800, 2811063000]","[인천광역시 중구 용유동, 인천광역시 중구 운서동]","[2811062800:인천광역시 중구 운서동, 2811063000:인천광역시 중구 용유동]","[2811062800:인천광역시 중구 운서동, 2811063000:인천광역시 중구 용유동]",ST000753
용유역,지하철,자기부상철도,"[2811062800, 2811063000]","[인천광역시 중구 용유동, 인천광역시 중구 운서동]","[2811062800, 2811063000]","[인천광역시 중구 용유동, 인천광역시 중구 운서동]","[2811062800:인천광역시 중구 운서동, 2811063000:인천광역시 중구 용유동]","[2811062800:인천광역시 중구 운서동, 2811063000:인천광역시 중구 용유동]",ST000753
용인중앙시장역,지하철,에버라인,"[4146151000, 4146153000, 4146154000]","[경기도 용인시처인구 동부동, 경기도 용인시처인구 유림동, 경기도 용인시처인구 중앙동]","[4146151000, 4146152000, 4146153000, 4146154000]","[경기도 용인시처인구 동부동, 경기도 용인시처인구 역삼동, 경기도 용인시처인구 유림동, 경기도 용인시처인구 중앙동]","[4146151000:경기도 용인시처인구 중앙동, 4146153000:경기도 용인시처인구 유림동, 4146154000:경기도 용인시처인구 동부동]","[4146151000:경기도 용인시처인구 중앙동, 4146152000:경기도 용인시처인구 역삼동, 4146153000:경기도 용인시처인구 유림동, 4146154000:경기도 용인시처인구 동부동]",ST000734
우장산역,지하철,5호선,"[1150056000, 1150061100, 1150061500]","[서울특별시 강서구 발산1동, 서울특별시 강서구 우장산동, 서울특별시 강서구 화곡3동]","[1147060000, 1150054000, 1150056000, 1150059000, 1150059100, 1150061100, 1150061500]","[서울특별시 강서구 발산1동, 서울특별시 강서구 우장산동, 서울특별시 강서구 화곡1동, 서울특별시 강서구 화곡3동, 서울특별시 강서구 화곡6동, 서울특별시 강서구 화곡본동, 서울특별시 양천구 신월5동]","[1150056000:서울특별시 강서구 화곡3동, 1150061100:서울특별시 강서구 발산1동, 1150061500:서울특별시 강서구 우장산동]","[1147060000:서울특별시 양천구 신월5동, 1150054000:서울특별시 강서구 화곡1동, 1150056000:서울특별시 강서구 화곡3동, 1150059000:서울특별시 강서구 화곡본동, 1150059100:서울특별시 강서구 화곡6동, 1150061100:서울특별시 강서구 발산1동, 1150061500:서울특별시 강서구 우장산동]",ST000204
운길산역,지하철,경의중앙선,[4136036000],[경기도 남양주시 조안면],"[4136036000, 4183033000]","[경기도 남양주시 조안면, 경기도 양평군 양서면]",[4136036000:경기도 남양주시 조안면],"[4136036000:경기도 남양주시 조안면, 4183033000:경기도 양평군 양서면]",ST000637
운동장.송담대역,지하철,에버라인,"[4146151000, 4146153000, 4146154000]","[경기도 용인시처인구 동부동, 경기도 용인시처인구 유림동, 경기도 용인시처인구 중앙동]","[4146151000, 4146152000, 4146153000, 4146154000]","[경기도 용인시처인구 동부동, 경기도 용인시처인구 역삼동, 경기도 용인시처인구 유림동, 경기도 용인시처인구 중앙동]","[4146151000:경기도 용인시처인구 중앙동, 4146153000:경기도 용인시처인구 유림동, 4146154000:경기도 용인시처인구 동부동]","[4146151000:경기도 용인시처인구 중앙동, 4146152000:경기도 용인시처인구 역삼동, 4146153000:경기도 용인시처인구 유림동, 4146154000:경기도 용인시처인구 동부동]",ST000390
운서역,지하철,공항철도,[2811062800],[인천광역시 중구 운서동],[2811062800],[인천광역시 중구 운서동],[2811062800:인천광역시 중구 운서동],[2811062800:인천광역시 중구 운서동],ST000330
운양역,지하철,김포골드라인,"[4157056000, 4157058000]","[경기도 김포시 운양동, 경기도 김포시 장기동]","[4157052000, 4157056000, 4157058000]","[경기도 김포시 김포2동, 경기도 김포시 운양동, 경기도 김포시 장기동]","[4157056000:경기도 김포시 장기동, 4157058000:경기도 김포시 운양동]","[4157052000:경기도 김포시 김포2동, 4157056000:경기도 김포시 장기동, 4157058000:경기도 김포시 운양동]",ST000354
운연역,지하철,인천2호선,[2820065000],[인천광역시 남동구 장수서창동],"[2820058300, 2820065000, 4139052000]","[경기도 시흥시 신천동, 인천광역시 남동구 만수6동, 인천광역시 남동구 장수서창동]",[2820065000:인천광역시 남동구 장수서창동],"[2820058300:인천광역시 남동구 만수6동, 2820065000:인천광역시 남동구 장수서창동, 4139052000:경기도 시흥시 신천동]",ST000093
운정역,광역급행철도,GTXA,"[4148054000, 4148056000, 4148057000]","[경기도 파주시 교하동, 경기도 파주시 운정2동, 경기도 파주시 운정3동]","[4148054000, 4148056000, 4148057000]","[경기도 파주시 교하동, 경기도 파주시 운정2동, 경기도 파주시 운정3동]","[4148054000:경기도 파주시 교하동, 4148056000:경기도 파주시 운정2동, 4148057000:경기도 파주시 운정3동]","[4148054000:경기도 파주시 교하동, 4148056000:경기도 파주시 운정2동, 4148057000:경기도 파주시 운정3동]",GTX_운정_GTXA
운정역,지하철,경의중앙선,"[4148055000, 4148057000]","[경기도 파주시 운정1동, 경기도 파주시 운정3동]","[4148055000, 4148057000]","[경기도 파주시 운정1동, 경기도 파주시 운정3동]","[4148055000:경기도 파주시 운정1동, 4148057000:경기도 파주시 운정3동]","[4148055000:경기도 파주시 운정1동, 4148057000:경기도 파주시 운정3동]",ST000613
운정중앙역,광역급행철도,GTXA,"[4148054000, 4148056000, 4148057000]","[경기도 파주시 교하동, 경기도 파주시 운정2동, 경기도 파주시 운정3동]","[4148054000, 4148056000, 4148057000]","[경기도 파주시 교하동, 경기도 파주시 운정2동, 경기도 파주시 운정3동]","[4148054000:경기도 파주시 교하동, 4148056000:경기도 파주시 운정2동, 4148057000:경기도 파주시 운정3동]","[4148054000:경기도 파주시 교하동, 4148056000:경기도 파주시 운정2동, 4148057000:경기도 파주시 운정3동]",GTX_운정중앙_GTXA
운천역,지하철,경의중앙선,[4148025000],[경기도 파주시 문산읍],[4148025000],[경기도 파주시 문산읍],[4148025000:경기도 파주시 문산읍],[4148025000:경기도 파주시 문산읍],ST000606
워터파크역,지하철,자기부상,"[2811062800, 2811063000]","[인천광역시 중구 용유동, 인천광역시 중구 운서동]","[2811062800, 2811063000]","[인천광역시 중구 용유동, 인천광역시 중구 운서동]","[2811062800:인천광역시 중구 운서동, 2811063000:인천광역시 중구 용유동]","[2811062800:인천광역시 중구 운서동, 2811063000:인천광역시 중구 용유동]",ST000752
워터파크역,지하철,자기부상철도,"[2811062800, 2811063000]","[인천광역시 중구 용유동, 인천광역시 중구 운서동]","[2811062800, 2811063000]","[인천광역시 중구 용유동, 인천광역시 중구 운서동]","[2811062800:인천광역시 중구 운서동, 2811063000:인천광역시 중구 용유동]","[2811062800:인천광역시 중구 운서동, 2811063000:인천광역시 중구 용유동]",ST000752
원곡역,지하철,서해선,"[4127355000, 4127357000]","[경기도 안산시단원구 원곡1동, 경기도 안산시단원구 초지동]","[4127355000, 4127357000]","[경기도 안산시단원구 원곡1동, 경기도 안산시단원구 초지동]","[4127355000:경기도 안산시단원구 원곡1동, 4127357000:경기도 안산시단원구 초지동]","[4127355000:경기도 안산시단원구 원곡1동, 4127357000:경기도 안산시단원구 초지동]",ST000360
원당역,지하철,3호선,"[4128154000, 4128155000, 4128162100]","[경기도 고양시덕양구 성사1동, 경기도 고양시덕양구 성사2동, 경기도 고양시덕양구 화정1동]","[4128151000, 4128152000, 4128153000, 4128154000, 4128155000, 4128162100]","[경기도 고양시덕양구 성사1동, 경기도 고양시덕양구 성사2동, 경기도 고양시덕양구 원신동, 경기도 고양시덕양구 주교동, 경기도 고양시덕양구 화정1동, 경기도 고양시덕양구 흥도동]","[4128154000:경기도 고양시덕양구 성사1동, 4128155000:경기도 고양시덕양구 성사2동, 4128162100:경기도 고양시덕양구 화정1동]","[4128151000:경기도 고양시덕양구 주교동, 4128152000:경기도 고양시덕양구 원신동, 4128153000:경기도 고양시덕양구 흥도동, 4128154000:경기도 고양시덕양구 성사1동, 4128155000:경기도 고양시덕양구 성사2동, 4128162100:경기도 고양시덕양구 화정1동]",ST000452
원당역,지하철,일산선,"[4128154000, 4128155000, 4128162100]","[경기도 고양시덕양구 성사1동, 경기도 고양시덕양구 성사2동, 경기도 고양시덕양구 화정1동]","[4128151000, 4128152000, 4128153000, 4128154000, 4128155000, 4128162100]","[경기도 고양시덕양구 성사1동, 경기도 고양시덕양구 성사2동, 경기도 고양시덕양구 원신동, 경기도 고양시덕양구 주교동, 경기도 고양시덕양구 화정1동, 경기도 고양시덕양구 흥도동]","[4128154000:경기도 고양시덕양구 성사1동, 4128155000:경기도 고양시덕양구 성사2동, 4128162100:경기도 고양시덕양구 화정1동]","[4128151000:경기도 고양시덕양구 주교동, 4128152000:경기도 고양시덕양구 원신동, 4128153000:경기도 고양시덕양구 흥도동, 4128154000:경기도 고양시덕양구 성사1동, 4128155000:경기도 고양시덕양구 성사2동, 4128162100:경기도 고양시덕양구 화정1동]",ST000452
원덕역,지하철,경의중앙선,"[4183025000, 4183041000]","[경기도 양평군 개군면, 경기도 양평군 양평읍]","[4183025000, 4183040000, 4183041000]","[경기도 양평군 개군면, 경기도 양평군 양평읍, 경기도 양평군 용문면]","[4183025000:경기도 양평군 양평읍, 4183041000:경기도 양평군 개군면]","[4183025000:경기도 양평군 양평읍, 4183040000:경기도 양평군 용문면, 4183041000:경기도 양평군 개군면]",ST000630
원시역,지하철,서해선,[4127357000],[경기도 안산시단원구 초지동],[4127357000],[경기도 안산시단원구 초지동],[4127357000:경기도 안산시단원구 초지동],[4127357000:경기도 안산시단원구 초지동],ST000359
원인재역,지하철,수인분당선,"[2818576200, 2818576300, 2820070000, 2820071000]","[인천광역시 남동구 논현2동, 인천광역시 남동구 논현고잔동, 인천광역시 연수구 연수2동, 인천광역시 연수구 연수3동]","[2818575000, 2818576100, 2818576200, 2818576300, 2818576600, 2818579500, 2820066000, 2820070000, 2820071000]","[인천광역시 남동구 남촌도림동, 인천광역시 남동구 논현2동, 인천광역시 남동구 논현고잔동, 인천광역시 연수구 동춘3동, 인천광역시 연수구 선학동, 인천광역시 연수구 연수1동, 인천광역시 연수구 연수2동, 인천광역시 연수구 연수3동, 인천광역시 연수구 청학동]","[2818576200:인천광역시 연수구 연수2동, 2818576300:인천광역시 연수구 연수3동, 2820070000:인천광역시 남동구 논현2동, 2820071000:인천광역시 남동구 논현고잔동]","[2818575000:인천광역시 연수구 선학동, 2818576100:인천광역시 연수구 연수1동, 2818576200:인천광역시 연수구 연수2동, 2818576300:인천광역시 연수구 연수3동, 2818576600:인천광역시 연수구 청학동, 2818579500:인천광역시 연수구 동춘3동, 2820066000:인천광역시 남동구 남촌도림동, 2820070000:인천광역시 남동구 논현2동, 2820071000:인천광역시 남동구 논현고잔동]",ST000432
원인재역,지하철,인천1호선,"[2818576200, 2818576300, 2820070000, 2820071000]","[인천광역시 남동구 논현2동, 인천광역시 남동구 논현고잔동, 인천광역시 연수구 연수2동, 인천광역시 연수구 연수3동]","[2818575000, 2818576100, 2818576200, 2818576300, 2818576600, 2818579500, 2820066000, 2820070000, 2820071000]","[인천광역시 남동구 남촌도림동, 인천광역시 남동구 논현2동, 인천광역시 남동구 논현고잔동, 인천광역시 연수구 동춘3동, 인천광역시 연수구 선학동, 인천광역시 연수구 연수1동, 인천광역시 연수구 연수2동, 인천광역시 연수구 연수3동, 인천광역시 연수구 청학동]","[2818576200:인천광역시 연수구 연수2동, 2818576300:인천광역시 연수구 연수3동, 2820070000:인천광역시 남동구 논현2동, 2820071000:인천광역시 남동구 논현고잔동]","[2818575000:인천광역시 연수구 선학동, 2818576100:인천광역시 연수구 연수1동, 2818576200:인천광역시 연수구 연수2동, 2818576300:인천광역시 연수구 연수3동, 2818576600:인천광역시 연수구 청학동, 2818579500:인천광역시 연수구 동춘3동, 2820066000:인천광역시 남동구 남촌도림동, 2820070000:인천광역시 남동구 논현2동, 2820071000:인천광역시 남동구 논현고잔동]",ST000432
원종역,지하철,서해선,"[4119080000, 4119084000, 4119085000]","[경기도 부천시 성곡동, 경기도 부천시 원종1동, 경기도 부천시 원종2동]","[4119060000, 4119080000, 4119081000, 4119082000, 4119083000, 4119084000, 4119085000]","[경기도 부천시 고강1동, 경기도 부천시 고강본동, 경기도 부천시 도당동, 경기도 부천시 성곡동, 경기도 부천시 오정동, 경기도 부천시 원종1동, 경기도 부천시 원종2동]","[4119080000:경기도 부천시 성곡동, 4119084000:경기도 부천시 원종1동, 4119085000:경기도 부천시 원종2동]","[4119060000:경기도 부천시 도당동, 4119080000:경기도 부천시 성곡동, 4119081000:경기도 부천시 고강본동, 4119082000:경기도 부천시 고강1동, 4119083000:경기도 부천시 오정동, 4119084000:경기도 부천시 원종1동, 4119085000:경기도 부천시 원종2동]",ST000445
원흥역,지하철,일산선,"[4128153000, 4128157000]","[경기도 고양시덕양구 신도동, 경기도 고양시덕양구 흥도동]","[4128152000, 4128153000, 4128157000, 4128158000]","[경기도 고양시덕양구 신도동, 경기도 고양시덕양구 원신동, 경기도 고양시덕양구 창릉동, 경기도 고양시덕양구 흥도동]","[4128153000:경기도 고양시덕양구 흥도동, 4128157000:경기도 고양시덕양구 신도동]","[4128152000:경기도 고양시덕양구 원신동, 4128153000:경기도 고양시덕양구 흥도동, 4128157000:경기도 고양시덕양구 신도동, 4128158000:경기도 고양시덕양구 창릉동]",ST000454
월계역,지하철,1호선,"[1135056000, 1135057000, 1135058000, 1135061200]","[서울특별시 노원구 월계1동, 서울특별시 노원구 월계2동, 서울특별시 노원구 월계3동, 서울특별시 노원구 하계2동]","[1132051400, 1135056000, 1135057000, 1135058000, 1135059500, 1135061100, 1135061200, 1135062500, 1135069500]","[서울특별시 노원구 공릉1동, 서울특별시 노원구 상계6·7동, 서울특별시 노원구 월계1동, 서울특별시 노원구 월계2동, 서울특별시 노원구 월계3동, 서울특별시 노원구 중계2·3동, 서울특별시 노원구 하계1동, 서울특별시 노원구 하계2동, 서울특별시 도봉구 창4동]","[1135056000:서울특별시 노원구 월계1동, 1135057000:서울특별시 노원구 월계2동, 1135058000:서울특별시 노원구 월계3동, 1135061200:서울특별시 노원구 하계2동]","[1132051400:서울특별시 도봉구 창4동, 1135056000:서울특별시 노원구 월계1동, 1135057000:서울특별시 노원구 월계2동, 1135058000:서울특별시 노원구 월계3동, 1135059500:서울특별시 노원구 공릉1동, 1135061100:서울특별시 노원구 하계1동, 1135061200:서울특별시 노원구 하계2동, 1135062500:서울특별시 노원구 중계2·3동, 1135069500:서울특별시 노원구 상계6·7동]",ST000651
월곡역,지하철,6호선,"[1129070500, 1129071500, 1129072500]","[서울특별시 성북구 월곡1동, 서울특별시 성북구 월곡2동, 서울특별시 성북구 종암동]","[1123070500, 1123071000, 1123074000, 1129068500, 1129070500, 1129071500, 1129072500, 1129077000, 1129081000]","[서울특별시 동대문구 이문1동, 서울특별시 동대문구 청량리동, 서울특별시 동대문구 회기동, 서울특별시 성북구 길음2동, 서울특별시 성북구 석관동, 서울특별시 성북구 월곡1동, 서울특별시 성북구 월곡2동, 서울특별시 성북구 장위2동, 서울특별시 성북구 종암동]","[1129070500:서울특별시 성북구 종암동, 1129071500:서울특별시 성북구 월곡1동, 1129072500:서울특별시 성북구 월곡2동]","[1123070500:서울특별시 동대문구 청량리동, 1123071000:서울특별시 동대문구 회기동, 1123074000:서울특별시 동대문구 이문1동, 1129068500:서울특별시 성북구 길음2동, 1129070500:서울특별시 성북구 종암동, 1129071500:서울특별시 성북구 월곡1동, 1129072500:서울특별시 성북구 월곡2동, 1129077000:서울특별시 성북구 장위2동, 1129081000:서울특별시 성북구 석관동]",ST000266
월곶역,지하철,수인분당선,[4139058200],[경기도 시흥시 월곶동],"[2820069000, 2820071000, 4139053100, 4139058200, 4139059400]","[경기도 시흥시 신현동, 경기도 시흥시 월곶동, 경기도 시흥시 정왕4동, 인천광역시 남동구 논현1동, 인천광역시 남동구 논현고잔동]",[4139058200:경기도 시흥시 월곶동],"[2820069000:인천광역시 남동구 논현1동, 2820071000:인천광역시 남동구 논현고잔동, 4139053100:경기도 시흥시 신현동, 4139058200:경기도 시흥시 월곶동, 4139059400:경기도 시흥시 정왕4동]",ST000482
월드컵경기장역,지하철,6호선,"[1144073000, 1144074000]","[서울특별시 마포구 상암동, 서울특별시 마포구 성산2동]","[1138064000, 1138065000, 1141071000, 1144070000, 1144072000, 1144073000, 1144074000]","[서울특별시 마포구 망원2동, 서울특별시 마포구 상암동, 서울특별시 마포구 성산1동, 서울특별시 마포구 성산2동, 서울특별시 서대문구 북가좌1동, 서울특별시 은평구 수색동, 서울특별시 은평구 증산동]","[1144073000:서울특별시 마포구 성산2동, 1144074000:서울특별시 마포구 상암동]","[1138064000:서울특별시 은평구 증산동, 1138065000:서울특별시 은평구 수색동, 1141071000:서울특별시 서대문구 북가좌1동, 1144070000:서울특별시 마포구 망원2동, 1144072000:서울특별시 마포구 성산1동, 1144073000:서울특별시 마포구 성산2동, 1144074000:서울특별시 마포구 상암동]",ST000252
월롱역,지하철,경의중앙선,[4148031000],[경기도 파주시 월롱면],"[4148025300, 4148031000]","[경기도 파주시 월롱면, 경기도 파주시 파주읍]",[4148031000:경기도 파주시 월롱면],"[4148025300:경기도 파주시 파주읍, 4148031000:경기도 파주시 월롱면]",ST000610
을지로3가역,지하철,2호선,"[1111061500, 1114055000, 1114057000, 1114059000, 1114060500]","[서울특별시 종로구 종로1·2·3·4가동, 서울특별시 중구 광희동, 서울특별시 중구 명동, 서울특별시 중구 을지로동, 서울특별시 중구 필동]","[1111061500, 1111063000, 1114052000, 1114055000, 1114057000, 1114058000, 1114059000, 1114060500]","[서울특별시 종로구 종로1·2·3·4가동, 서울특별시 종로구 종로5·6가동, 서울특별시 중구 광희동, 서울특별시 중구 명동, 서울특별시 중구 소공동, 서울특별시 중구 을지로동, 서울특별시 중구 장충동, 서울특별시 중구 필동]","[1111061500:서울특별시 종로구 종로1·2·3·4가동, 1114055000:서울특별시 중구 명동, 1114057000:서울특별시 중구 필동, 1114059000:서울특별시 중구 광희동, 1114060500:서울특별시 중구 을지로동]","[1111061500:서울특별시 종로구 종로1·2·3·4가동, 1111063000:서울특별시 종로구 종로5·6가동, 1114052000:서울특별시 중구 소공동, 1114055000:서울특별시 중구 명동, 1114057000:서울특별시 중구 필동, 1114058000:서울특별시 중구 장충동, 1114059000:서울특별시 중구 광희동, 1114060500:서울특별시 중구 을지로동]",ST000104
을지로3가역,지하철,3호선,"[1111061500, 1114055000, 1114057000, 1114059000, 1114060500]","[서울특별시 종로구 종로1·2·3·4가동, 서울특별시 중구 광희동, 서울특별시 중구 명동, 서울특별시 중구 을지로동, 서울특별시 중구 필동]","[1111061500, 1111063000, 1114052000, 1114055000, 1114057000, 1114058000, 1114059000, 1114060500]","[서울특별시 종로구 종로1·2·3·4가동, 서울특별시 종로구 종로5·6가동, 서울특별시 중구 광희동, 서울특별시 중구 명동, 서울특별시 중구 소공동, 서울특별시 중구 을지로동, 서울특별시 중구 장충동, 서울특별시 중구 필동]","[1111061500:서울특별시 종로구 종로1·2·3·4가동, 1114055000:서울특별시 중구 명동, 1114057000:서울특별시 중구 필동, 1114059000:서울특별시 중구 광희동, 1114060500:서울특별시 중구 을지로동]","[1111061500:서울특별시 종로구 종로1·2·3·4가동, 1111063000:서울특별시 종로구 종로5·6가동, 1114052000:서울특별시 중구 소공동, 1114055000:서울특별시 중구 명동, 1114057000:서울특별시 중구 필동, 1114058000:서울특별시 중구 장충동, 1114059000:서울특별시 중구 광희동, 1114060500:서울특별시 중구 을지로동]",ST000104
을지로4가역,지하철,2호선,"[1111061500, 1111063000, 1114057000, 1114058000, 1114059000, 1114060500]","[서울특별시 종로구 종로1·2·3·4가동, 서울특별시 종로구 종로5·6가동, 서울특별시 중구 광희동, 서울특별시 중구 을지로동, 서울특별시 중구 장충동, 서울특별시 중구 필동]","[1111061500, 1111063000, 1114055000, 1114057000, 1114058000, 1114059000, 1114060500]","[서울특별시 종로구 종로1·2·3·4가동, 서울특별시 종로구 종로5·6가동, 서울특별시 중구 광희동, 서울특별시 중구 명동, 서울특별시 중구 을지로동, 서울특별시 중구 장충동, 서울특별시 중구 필동]","[1111061500:서울특별시 종로구 종로1·2·3·4가동, 1111063000:서울특별시 종로구 종로5·6가동, 1114057000:서울특별시 중구 필동, 1114058000:서울특별시 중구 장충동, 1114059000:서울특별시 중구 광희동, 1114060500:서울특별시 중구 을지로동]","[1111061500:서울특별시 종로구 종로1·2·3·4가동, 1111063000:서울특별시 종로구 종로5·6가동, 1114055000:서울특별시 중구 명동, 1114057000:서울특별시 중구 필동, 1114058000:서울특별시 중구 장충동, 1114059000:서울특별시 중구 광희동, 1114060500:서울특별시 중구 을지로동]",ST000105
을지로4가역,지하철,5호선,"[1111061500, 1111063000, 1114057000, 1114058000, 1114059000, 1114060500]","[서울특별시 종로구 종로1·2·3·4가동, 서울특별시 종로구 종로5·6가동, 서울특별시 중구 광희동, 서울특별시 중구 을지로동, 서울특별시 중구 장충동, 서울특별시 중구 필동]","[1111061500, 1111063000, 1114055000, 1114057000, 1114058000, 1114059000, 1114060500]","[서울특별시 종로구 종로1·2·3·4가동, 서울특별시 종로구 종로5·6가동, 서울특별시 중구 광희동, 서울특별시 중구 명동, 서울특별시 중구 을지로동, 서울특별시 중구 장충동, 서울특별시 중구 필동]","[1111061500:서울특별시 종로구 종로1·2·3·4가동, 1111063000:서울특별시 종로구 종로5·6가동, 1114057000:서울특별시 중구 필동, 1114058000:서울특별시 중구 장충동, 1114059000:서울특별시 중구 광희동, 1114060500:서울특별시 중구 을지로동]","[1111061500:서울특별시 종로구 종로1·2·3·4가동, 1111063000:서울특별시 종로구 종로5·6가동, 1114055000:서울특별시 중구 명동, 1114057000:서울특별시 중구 필동, 1114058000:서울특별시 중구 장충동, 1114059000:서울특별시 중구 광희동, 1114060500:서울특별시 중구 을지로동]",ST000105
을지로입구역,지하철,2호선,"[1111061500, 1114052000, 1114054000, 1114055000]","[서울특별시 종로구 종로1·2·3·4가동, 서울특별시 중구 명동, 서울특별시 중구 소공동, 서울특별시 중구 회현동]","[1111053000, 1111061500, 1114052000, 1114054000, 1114055000, 1114057000, 1114060500]","[서울특별시 종로구 사직동, 서울특별시 종로구 종로1·2·3·4가동, 서울특별시 중구 명동, 서울특별시 중구 소공동, 서울특별시 중구 을지로동, 서울특별시 중구 필동, 서울특별시 중구 회현동]","[1111061500:서울특별시 종로구 종로1·2·3·4가동, 1114052000:서울특별시 중구 소공동, 1114054000:서울특별시 중구 회현동, 1114055000:서울특별시 중구 명동]","[1111053000:서울특별시 종로구 사직동, 1111061500:서울특별시 종로구 종로1·2·3·4가동, 1114052000:서울특별시 중구 소공동, 1114054000:서울특별시 중구 회현동, 1114055000:서울특별시 중구 명동, 1114057000:서울특별시 중구 필동, 1114060500:서울특별시 중구 을지로동]",ST000103
응봉역,지하철,경의중앙선,"[1120056000, 1120057000, 1120058000, 1120062000, 1120065000, 1120066000]","[서울특별시 성동구 금호4가동, 서울특별시 성동구 성수1가1동, 서울특별시 성동구 성수1가2동, 서울특별시 성동구 응봉동, 서울특별시 성동구 행당1동, 서울특별시 성동구 행당2동]","[1120055000, 1120056000, 1120057000, 1120058000, 1120059000, 1120061500, 1120062000, 1120065000, 1120066000]","[서울특별시 성동구 금호1가동, 서울특별시 성동구 금호2·3가동, 서울특별시 성동구 금호4가동, 서울특별시 성동구 사근동, 서울특별시 성동구 성수1가1동, 서울특별시 성동구 성수1가2동, 서울특별시 성동구 응봉동, 서울특별시 성동구 행당1동, 서울특별시 성동구 행당2동]","[1120056000:서울특별시 성동구 행당1동, 1120057000:서울특별시 성동구 행당2동, 1120058000:서울특별시 성동구 응봉동, 1120062000:서울특별시 성동구 금호4가동, 1120065000:서울특별시 성동구 성수1가1동, 1120066000:서울특별시 성동구 성수1가2동]","[1120055000:서울특별시 성동구 사근동, 1120056000:서울특별시 성동구 행당1동, 1120057000:서울특별시 성동구 행당2동, 1120058000:서울특별시 성동구 응봉동, 1120059000:서울특별시 성동구 금호1가동, 1120061500:서울특별시 성동구 금호2·3가동, 1120062000:서울특별시 성동구 금호4가동, 1120065000:서울특별시 성동구 성수1가1동, 1120066000:서울특별시 성동구 성수1가2동]",ST000656
응암역,지하철,6호선,"[1138058000, 1138059000, 1138060000, 1138062500, 1138063100]","[서울특별시 은평구 신사1동, 서울특별시 은평구 역촌동, 서울특별시 은평구 응암1동, 서울특별시 은평구 응암2동, 서울특별시 은평구 응암3동]","[1138051000, 1138056000, 1138058000, 1138059000, 1138060000, 1138062500, 1138063100, 1138063200]","[서울특별시 은평구 구산동, 서울특별시 은평구 녹번동, 서울특별시 은평구 신사1동, 서울특별시 은평구 신사2동, 서울특별시 은평구 역촌동, 서울특별시 은평구 응암1동, 서울특별시 은평구 응암2동, 서울특별시 은평구 응암3동]","[1138058000:서울특별시 은평구 응암1동, 1138059000:서울특별시 은평구 응암2동, 1138060000:서울특별시 은평구 응암3동, 1138062500:서울특별시 은평구 역촌동, 1138063100:서울특별시 은평구 신사1동]","[1138051000:서울특별시 은평구 녹번동, 1138056000:서울특별시 은평구 구산동, 1138058000:서울특별시 은평구 응암1동, 1138059000:서울특별시 은평구 응암2동, 1138060000:서울특별시 은평구 응암3동, 1138062500:서울특별시 은평구 역촌동, 1138063100:서울특별시 은평구 신사1동, 1138063200:서울특별시 은평구 신사2동]",ST000245
의왕역,지하철,1호선,"[4141052000, 4143052000]","[경기도 군포시 군포2동, 경기도 의왕시 부곡동]","[4141052000, 4143052000]","[경기도 군포시 군포2동, 경기도 의왕시 부곡동]","[4141052000:경기도 군포시 군포2동, 4143052000:경기도 의왕시 부곡동]","[4141052000:경기도 군포시 군포2동, 4143052000:경기도 의왕시 부곡동]",ST000556
의정부시청역,지하철,의정부,"[4115052000, 4115060000, 4115061000]","[경기도 의정부시 가능2동, 경기도 의정부시 가능3동, 경기도 의정부시 의정부2동]","[4115051000, 4115052000, 4115053000, 4115055500, 4115059000, 4115060000, 4115061000]","[경기도 의정부시 가능1동, 경기도 의정부시 가능2동, 경기도 의정부시 가능3동, 경기도 의정부시 의정부1동, 경기도 의정부시 의정부2동, 경기도 의정부시 의정부3동, 경기도 의정부시 호원2동]","[4115052000:경기도 의정부시 의정부2동, 4115060000:경기도 의정부시 가능2동, 4115061000:경기도 의정부시 가능3동]","[4115051000:경기도 의정부시 의정부1동, 4115052000:경기도 의정부시 의정부2동, 4115053000:경기도 의정부시 의정부3동, 4115055500:경기도 의정부시 호원2동, 4115059000:경기도 의정부시 가능1동, 4115060000:경기도 의정부시 가능2동, 4115061000:경기도 의정부시 가능3동]",ST000381
의정부역,지하철,1호선,"[4115051000, 4115052000, 4115053000]","[경기도 의정부시 의정부1동, 경기도 의정부시 의정부2동, 경기도 의정부시 의정부3동]","[4115051000, 4115052000, 4115053000, 4115055500, 4115056700, 4115056800, 4115058000, 4115059000, 4115060000]","[경기도 의정부시 가능1동, 경기도 의정부시 가능2동, 경기도 의정부시 신곡1동, 경기도 의정부시 신곡2동, 경기도 의정부시 의정부1동, 경기도 의정부시 의정부2동, 경기도 의정부시 의정부3동, 경기도 의정부시 자금동, 경기도 의정부시 호원2동]","[4115051000:경기도 의정부시 의정부1동, 4115052000:경기도 의정부시 의정부2동, 4115053000:경기도 의정부시 의정부3동]","[4115051000:경기도 의정부시 의정부1동, 4115052000:경기도 의정부시 의정부2동, 4115053000:경기도 의정부시 의정부3동, 4115055500:경기도 의정부시 호원2동, 4115056700:경기도 의정부시 신곡1동, 4115056800:경기도 의정부시 신곡2동, 4115058000:경기도 의정부시 자금동, 4115059000:경기도 의정부시 가능1동, 4115060000:경기도 의정부시 가능2동]",ST000468
의정부중앙역,지하철,의정부,"[4115051000, 4115052000, 4115056800, 4115058000]","[경기도 의정부시 신곡2동, 경기도 의정부시 의정부1동, 경기도 의정부시 의정부2동, 경기도 의정부시 자금동]","[4115051000, 4115052000, 4115053000, 4115056700, 4115056800, 4115058000, 4115059000, 4115060000]","[경기도 의정부시 가능1동, 경기도 의정부시 가능2동, 경기도 의정부시 신곡1동, 경기도 의정부시 신곡2동, 경기도 의정부시 의정부1동, 경기도 의정부시 의정부2동, 경기도 의정부시 의정부3동, 경기도 의정부시 자금동]","[4115051000:경기도 의정부시 의정부1동, 4115052000:경기도 의정부시 의정부2동, 4115056800:경기도 의정부시 신곡2동, 4115058000:경기도 의정부시 자금동]","[4115051000:경기도 의정부시 의정부1동, 4115052000:경기도 의정부시 의정부2동, 4115053000:경기도 의정부시 의정부3동, 4115056700:경기도 의정부시 신곡1동, 4115056800:경기도 의정부시 신곡2동, 4115058000:경기도 의정부시 자금동, 4115059000:경기도 의정부시 가능1동, 4115060000:경기도 의정부시 가능2동]",ST000379
이대역,지하철,2호선,"[1141055500, 1141056500, 1141058500, 1144055500, 1144060000, 1144061000]","[서울특별시 마포구 대흥동, 서울특별시 마포구 아현동, 서울특별시 마포구 염리동, 서울특별시 서대문구 북아현동, 서울특별시 서대문구 신촌동, 서울특별시 서대문구 충현동]","[1141055500, 1141056500, 1141058500, 1144055500, 1144060000, 1144061000, 1144066000]","[서울특별시 마포구 대흥동, 서울특별시 마포구 서교동, 서울특별시 마포구 아현동, 서울특별시 마포구 염리동, 서울특별시 서대문구 북아현동, 서울특별시 서대문구 신촌동, 서울특별시 서대문구 충현동]","[1141055500:서울특별시 서대문구 북아현동, 1141056500:서울특별시 서대문구 충현동, 1141058500:서울특별시 서대문구 신촌동, 1144055500:서울특별시 마포구 아현동, 1144060000:서울특별시 마포구 대흥동, 1144061000:서울특별시 마포구 염리동]","[1141055500:서울특별시 서대문구 북아현동, 1141056500:서울특별시 서대문구 충현동, 1141058500:서울특별시 서대문구 신촌동, 1144055500:서울특별시 마포구 아현동, 1144060000:서울특별시 마포구 대흥동, 1144061000:서울특별시 마포구 염리동, 1144066000:서울특별시 마포구 서교동]",ST000141
이매역,지하철,경강선,"[4113560000, 4113561000, 4113564000]","[경기도 성남시분당구 야탑3동, 경기도 성남시분당구 이매1동, 경기도 성남시분당구 이매2동]","[4113558000, 4113560000, 4113561000, 4113564000, 4113565500, 4113565700]","[경기도 성남시분당구 백현동, 경기도 성남시분당구 삼평동, 경기도 성남시분당구 서현1동, 경기도 성남시분당구 야탑3동, 경기도 성남시분당구 이매1동, 경기도 성남시분당구 이매2동]","[4113560000:경기도 성남시분당구 이매1동, 4113561000:경기도 성남시분당구 이매2동, 4113564000:경기도 성남시분당구 야탑3동]","[4113558000:경기도 성남시분당구 서현1동, 4113560000:경기도 성남시분당구 이매1동, 4113561000:경기도 성남시분당구 이매2동, 4113564000:경기도 성남시분당구 야탑3동, 4113565500:경기도 성남시분당구 삼평동, 4113565700:경기도 성남시분당구 백현동]",ST000499
이매역,지하철,수인분당선,"[4113560000, 4113561000, 4113564000]","[경기도 성남시분당구 야탑3동, 경기도 성남시분당구 이매1동, 경기도 성남시분당구 이매2동]","[4113558000, 4113560000, 4113561000, 4113564000, 4113565500, 4113565700]","[경기도 성남시분당구 백현동, 경기도 성남시분당구 삼평동, 경기도 성남시분당구 서현1동, 경기도 성남시분당구 야탑3동, 경기도 성남시분당구 이매1동, 경기도 성남시분당구 이매2동]","[4113560000:경기도 성남시분당구 이매1동, 4113561000:경기도 성남시분당구 이매2동, 4113564000:경기도 성남시분당구 야탑3동]","[4113558000:경기도 성남시분당구 서현1동, 4113560000:경기도 성남시분당구 이매1동, 4113561000:경기도 성남시분당구 이매2동, 4113564000:경기도 성남시분당구 야탑3동, 4113565500:경기도 성남시분당구 삼평동, 4113565700:경기도 성남시분당구 백현동]",ST000499
이수역,지하철,7호선,"[1159062000, 1159063000, 1159064000, 1165061000, 1165062100]","[서울특별시 동작구 사당1동, 서울특별시 동작구 사당2동, 서울특별시 동작구 사당3동, 서울특별시 서초구 방배2동, 서울특별시 서초구 방배4동]","[1159062000, 1159063000, 1159064000, 1159065000, 1159065100, 1162063000, 1165059000, 1165060000, 1165061000, 1165062000, 1165062100]","[서울특별시 관악구 남현동, 서울특별시 동작구 사당1동, 서울특별시 동작구 사당2동, 서울특별시 동작구 사당3동, 서울특별시 동작구 사당4동, 서울특별시 동작구 사당5동, 서울특별시 서초구 방배1동, 서울특별시 서초구 방배2동, 서울특별시 서초구 방배3동, 서울특별시 서초구 방배4동, 서울특별시 서초구 방배본동]","[1159062000:서울특별시 동작구 사당1동, 1159063000:서울특별시 동작구 사당2동, 1159064000:서울특별시 동작구 사당3동, 1165061000:서울특별시 서초구 방배2동, 1165062100:서울특별시 서초구 방배4동]","[1159062000:서울특별시 동작구 사당1동, 1159063000:서울특별시 동작구 사당2동, 1159064000:서울특별시 동작구 사당3동, 1159065000:서울특별시 동작구 사당4동, 1159065100:서울특별시 동작구 사당5동, 1162063000:서울특별시 관악구 남현동, 1165059000:서울특별시 서초구 방배본동, 1165060000:서울특별시 서초구 방배1동, 1165061000:서울특별시 서초구 방배2동, 1165062000:서울특별시 서초구 방배3동, 1165062100:서울특별시 서초구 방배4동]",ST000443
이천역,지하철,경강선,[4150052000],[경기도 이천시 중리동],[4150052000],[경기도 이천시 중리동],[4150052000:경기도 이천시 중리동],[4150052000:경기도 이천시 중리동],ST000568
이촌역,지하철,4호선,"[1117062500, 1117063000, 1117069000]","[서울특별시 용산구 서빙고동, 서울특별시 용산구 이촌1동, 서울특별시 용산구 한강로동]","[1117062500, 1117063000, 1117069000]","[서울특별시 용산구 서빙고동, 서울특별시 용산구 이촌1동, 서울특별시 용산구 한강로동]","[1117062500:서울특별시 용산구 한강로동, 1117063000:서울특별시 용산구 이촌1동, 1117069000:서울특별시 용산구 서빙고동]","[1117062500:서울특별시 용산구 한강로동, 1117063000:서울특별시 용산구 이촌1동, 1117069000:서울특별시 용산구 서빙고동]",ST000196
이촌역,지하철,경의중앙선,"[1117062500, 1117063000, 1117069000]","[서울특별시 용산구 서빙고동, 서울특별시 용산구 이촌1동, 서울특별시 용산구 한강로동]","[1117062500, 1117063000, 1117069000]","[서울특별시 용산구 서빙고동, 서울특별시 용산구 이촌1동, 서울특별시 용산구 한강로동]","[1117062500:서울특별시 용산구 한강로동, 1117063000:서울특별시 용산구 이촌1동, 1117069000:서울특별시 용산구 서빙고동]","[1117062500:서울특별시 용산구 한강로동, 1117063000:서울특별시 용산구 이촌1동, 1117069000:서울특별시 용산구 서빙고동]",ST000196
이태원역,지하철,6호선,"[1117052000, 1117065000, 1117066000, 1117068500, 1117070000]","[서울특별시 용산구 보광동, 서울특별시 용산구 용산2가동, 서울특별시 용산구 이태원1동, 서울특별시 용산구 이태원2동, 서울특별시 용산구 한남동]","[1117052000, 1117065000, 1117066000, 1117068500, 1117069000, 1117070000]","[서울특별시 용산구 보광동, 서울특별시 용산구 서빙고동, 서울특별시 용산구 용산2가동, 서울특별시 용산구 이태원1동, 서울특별시 용산구 이태원2동, 서울특별시 용산구 한남동]","[1117052000:서울특별시 용산구 용산2가동, 1117065000:서울특별시 용산구 이태원1동, 1117066000:서울특별시 용산구 이태원2동, 1117068500:서울특별시 용산구 한남동, 1117070000:서울특별시 용산구 보광동]","[1117052000:서울특별시 용산구 용산2가동, 1117065000:서울특별시 용산구 이태원1동, 1117066000:서울특별시 용산구 이태원2동, 1117068500:서울특별시 용산구 한남동, 1117069000:서울특별시 용산구 서빙고동, 1117070000:서울특별시 용산구 보광동]",ST000260
인덕원역,지하철,4호선,"[4117355000, 4117356000, 4129052000]","[경기도 과천시 갈현동, 경기도 안양시동안구 관양1동, 경기도 안양시동안구 관양2동]","[4117355000, 4117356000, 4117357000, 4117357600, 4129052000, 4143055000, 4143056000]","[경기도 과천시 갈현동, 경기도 안양시동안구 관양1동, 경기도 안양시동안구 관양2동, 경기도 안양시동안구 평안동, 경기도 안양시동안구 평촌동, 경기도 의왕시 내손2동, 경기도 의왕시 청계동]","[4117355000:경기도 안양시동안구 관양1동, 4117356000:경기도 안양시동안구 관양2동, 4129052000:경기도 과천시 갈현동]","[4117355000:경기도 안양시동안구 관양1동, 4117356000:경기도 안양시동안구 관양2동, 4117357000:경기도 안양시동안구 평촌동, 4117357600:경기도 안양시동안구 평안동, 4129052000:경기도 과천시 갈현동, 4143055000:경기도 의왕시 내손2동, 4143056000:경기도 의왕시 청계동]",ST000576
인덕원역,지하철,과천선,"[4117355000, 4117356000, 4129052000]","[경기도 과천시 갈현동, 경기도 안양시동안구 관양1동, 경기도 안양시동안구 관양2동]","[4117355000, 4117356000, 4117357000, 4117357600, 4129052000, 4143055000, 4143056000]","[경기도 과천시 갈현동, 경기도 안양시동안구 관양1동, 경기도 안양시동안구 관양2동, 경기도 안양시동안구 평안동, 경기도 안양시동안구 평촌동, 경기도 의왕시 내손2동, 경기도 의왕시 청계동]","[4117355000:경기도 안양시동안구 관양1동, 4117356000:경기도 안양시동안구 관양2동, 4129052000:경기도 과천시 갈현동]","[4117355000:경기도 안양시동안구 관양1동, 4117356000:경기도 안양시동안구 관양2동, 4117357000:경기도 안양시동안구 평촌동, 4117357600:경기도 안양시동안구 평안동, 4129052000:경기도 과천시 갈현동, 4143055000:경기도 의왕시 내손2동, 4143056000:경기도 의왕시 청계동]",ST000576
인덕원역,지하철,안산과천선,"[4117355000, 4117356000, 4129052000]","[경기도 과천시 갈현동, 경기도 안양시동안구 관양1동, 경기도 안양시동안구 관양2동]","[4117355000, 4117356000, 4117357000, 4117357600, 4129052000, 4143055000, 4143056000]","[경기도 과천시 갈현동, 경기도 안양시동안구 관양1동, 경기도 안양시동안구 관양2동, 경기도 안양시동안구 평안동, 경기도 안양시동안구 평촌동, 경기도 의왕시 내손2동, 경기도 의왕시 청계동]","[4117355000:경기도 안양시동안구 관양1동, 4117356000:경기도 안양시동안구 관양2동, 4129052000:경기도 과천시 갈현동]","[4117355000:경기도 안양시동안구 관양1동, 4117356000:경기도 안양시동안구 관양2동, 4117357000:경기도 안양시동안구 평촌동, 4117357600:경기도 안양시동안구 평안동, 4129052000:경기도 과천시 갈현동, 4143055000:경기도 의왕시 내손2동, 4143056000:경기도 의왕시 청계동]",ST000576
인천가좌역,지하철,인천2호선,"[2826058000, 2826059000, 2826060000]","[인천광역시 서구 가좌1동, 인천광역시 서구 가좌2동, 인천광역시 서구 가좌3동]","[2826056100, 2826058000, 2826059000, 2826060000, 2826061000]","[인천광역시 서구 가좌1동, 인천광역시 서구 가좌2동, 인천광역시 서구 가좌3동, 인천광역시 서구 가좌4동, 인천광역시 서구 석남3동]","[2826058000:인천광역시 서구 가좌1동, 2826059000:인천광역시 서구 가좌2동, 2826060000:인천광역시 서구 가좌3동]","[2826056100:인천광역시 서구 석남3동, 2826058000:인천광역시 서구 가좌1동, 2826059000:인천광역시 서구 가좌2동, 2826060000:인천광역시 서구 가좌3동, 2826061000:인천광역시 서구 가좌4동]",ST000081
인천공항1터미널역,지하철,공항철도,[2811062800],[인천광역시 중구 운서동],[2811062800],[인천광역시 중구 운서동],[2811062800:인천광역시 중구 운서동],[2811062800:인천광역시 중구 운서동],ST000332
인천공항1터미널역,지하철,자기부상,[2811062800],[인천광역시 중구 운서동],[2811062800],[인천광역시 중구 운서동],[2811062800:인천광역시 중구 운서동],[2811062800:인천광역시 중구 운서동],ST000413
인천공항2터미널역,지하철,공항철도,[2811062800],[인천광역시 중구 운서동],[2811062800],[인천광역시 중구 운서동],[2811062800:인천광역시 중구 운서동],[2811062800:인천광역시 중구 운서동],ST000333
인천국제공항역,지하철,자기부상철도,[2811062800],[인천광역시 중구 운서동],[2811062800],[인천광역시 중구 운서동],[2811062800:인천광역시 중구 운서동],[2811062800:인천광역시 중구 운서동],ST000758
인천논현역,지하철,수인분당선,"[2820069000, 2820070000, 2820071000]","[인천광역시 남동구 논현1동, 인천광역시 남동구 논현2동, 인천광역시 남동구 논현고잔동]","[2820066000, 2820069000, 2820070000, 2820071000]","[인천광역시 남동구 남촌도림동, 인천광역시 남동구 논현1동, 인천광역시 남동구 논현2동, 인천광역시 남동구 논현고잔동]","[2820069000:인천광역시 남동구 논현1동, 2820070000:인천광역시 남동구 논현2동, 2820071000:인천광역시 남동구 논현고잔동]","[2820066000:인천광역시 남동구 남촌도림동, 2820069000:인천광역시 남동구 논현1동, 2820070000:인천광역시 남동구 논현2동, 2820071000:인천광역시 남동구 논현고잔동]",ST000480
인천대공원역,지하철,인천2호선,"[2820058300, 2820065000]","[인천광역시 남동구 만수6동, 인천광역시 남동구 장수서창동]","[2820056000, 2820058100, 2820058300, 2820065000]","[인천광역시 남동구 만수1동, 인천광역시 남동구 만수4동, 인천광역시 남동구 만수6동, 인천광역시 남동구 장수서창동]","[2820058300:인천광역시 남동구 만수6동, 2820065000:인천광역시 남동구 장수서창동]","[2820056000:인천광역시 남동구 만수1동, 2820058100:인천광역시 남동구 만수4동, 2820058300:인천광역시 남동구 만수6동, 2820065000:인천광역시 남동구 장수서창동]",ST000092
인천대입구역,지하철,인천1호선,"[2818582000, 2818583000]","[인천광역시 연수구 송도1동, 인천광역시 연수구 송도2동]","[2818582000, 2818583000]","[인천광역시 연수구 송도1동, 인천광역시 연수구 송도2동]","[2818582000:인천광역시 연수구 송도1동, 2818583000:인천광역시 연수구 송도2동]","[2818582000:인천광역시 연수구 송도1동, 2818583000:인천광역시 연수구 송도2동]",ST000065
인천시청역,지하철,인천1호선,"[2820051000, 2820052100, 2820053000, 2820054000]","[인천광역시 남동구 간석1동, 인천광역시 남동구 간석2동, 인천광역시 남동구 구월1동, 인천광역시 남동구 구월3동]","[2817069000, 2817071000, 2820051000, 2820052000, 2820052100, 2820053000, 2820054000, 2820055000, 2820055100]","[인천광역시 남구 주안4동, 인천광역시 남구 주안6동, 인천광역시 남동구 간석1동, 인천광역시 남동구 간석2동, 인천광역시 남동구 간석3동, 인천광역시 남동구 간석4동, 인천광역시 남동구 구월1동, 인천광역시 남동구 구월2동, 인천광역시 남동구 구월3동]","[2820051000:인천광역시 남동구 구월1동, 2820052100:인천광역시 남동구 구월3동, 2820053000:인천광역시 남동구 간석1동, 2820054000:인천광역시 남동구 간석2동]","[2817069000:인천광역시 남구 주안4동, 2817071000:인천광역시 남구 주안6동, 2820051000:인천광역시 남동구 구월1동, 2820052000:인천광역시 남동구 구월2동, 2820052100:인천광역시 남동구 구월3동, 2820053000:인천광역시 남동구 간석1동, 2820054000:인천광역시 남동구 간석2동, 2820055000:인천광역시 남동구 간석3동, 2820055100:인천광역시 남동구 간석4동]",ST000087
인천시청역,지하철,인천2호선,"[2820051000, 2820052100, 2820053000, 2820054000]","[인천광역시 남동구 간석1동, 인천광역시 남동구 간석2동, 인천광역시 남동구 구월1동, 인천광역시 남동구 구월3동]","[2817069000, 2817071000, 2820051000, 2820052000, 2820052100, 2820053000, 2820054000, 2820055000, 2820055100]","[인천광역시 남구 주안4동, 인천광역시 남구 주안6동, 인천광역시 남동구 간석1동, 인천광역시 남동구 간석2동, 인천광역시 남동구 간석3동, 인천광역시 남동구 간석4동, 인천광역시 남동구 구월1동, 인천광역시 남동구 구월2동, 인천광역시 남동구 구월3동]","[2820051000:인천광역시 남동구 구월1동, 2820052100:인천광역시 남동구 구월3동, 2820053000:인천광역시 남동구 간석1동, 2820054000:인천광역시 남동구 간석2동]","[2817069000:인천광역시 남구 주안4동, 2817071000:인천광역시 남구 주안6동, 2820051000:인천광역시 남동구 구월1동, 2820052000:인천광역시 남동구 구월2동, 2820052100:인천광역시 남동구 구월3동, 2820053000:인천광역시 남동구 간석1동, 2820054000:인천광역시 남동구 간석2동, 2820055000:인천광역시 남동구 간석3동, 2820055100:인천광역시 남동구 간석4동]",ST000087
인천역,지하철,1호선,"[2811053000, 2811060000, 2811061000]","[인천광역시 중구 북성동, 인천광역시 중구 송월동, 인천광역시 중구 신포동]","[2811053000, 2811058500, 2811060000, 2811061000, 2814051000]","[인천광역시 동구 만석동, 인천광역시 중구 동인천동, 인천광역시 중구 북성동, 인천광역시 중구 송월동, 인천광역시 중구 신포동]","[2811053000:인천광역시 중구 신포동, 2811060000:인천광역시 중구 북성동, 2811061000:인천광역시 중구 송월동]","[2811053000:인천광역시 중구 신포동, 2811058500:인천광역시 중구 동인천동, 2811060000:인천광역시 중구 북성동, 2811061000:인천광역시 중구 송월동, 2814051000:인천광역시 동구 만석동]",ST000472
인천역,지하철,수인분당선,"[2811053000, 2811060000, 2811061000]","[인천광역시 중구 북성동, 인천광역시 중구 송월동, 인천광역시 중구 신포동]","[2811053000, 2811058500, 2811060000, 2811061000, 2814051000]","[인천광역시 동구 만석동, 인천광역시 중구 동인천동, 인천광역시 중구 북성동, 인천광역시 중구 송월동, 인천광역시 중구 신포동]","[2811053000:인천광역시 중구 신포동, 2811060000:인천광역시 중구 북성동, 2811061000:인천광역시 중구 송월동]","[2811053000:인천광역시 중구 신포동, 2811058500:인천광역시 중구 동인천동, 2811060000:인천광역시 중구 북성동, 2811061000:인천광역시 중구 송월동, 2814051000:인천광역시 동구 만석동]",ST000472
인천터미널역,지하철,인천1호선,"[2817073500, 2817074000, 2818575000, 2820051000, 2820052100]","[인천광역시 남구 관교동, 인천광역시 남구 문학동, 인천광역시 남동구 구월1동, 인천광역시 남동구 구월3동, 인천광역시 연수구 선학동]","[2817073000, 2817073500, 2817074000, 2818575000, 2820051000, 2820052100]","[인천광역시 남구 관교동, 인천광역시 남구 문학동, 인천광역시 남구 주안8동, 인천광역시 남동구 구월1동, 인천광역시 남동구 구월3동, 인천광역시 연수구 선학동]","[2817073500:인천광역시 남구 관교동, 2817074000:인천광역시 남구 문학동, 2818575000:인천광역시 연수구 선학동, 2820051000:인천광역시 남동구 구월1동, 2820052100:인천광역시 남동구 구월3동]","[2817073000:인천광역시 남구 주안8동, 2817073500:인천광역시 남구 관교동, 2817074000:인천광역시 남구 문학동, 2818575000:인천광역시 연수구 선학동, 2820051000:인천광역시 남동구 구월1동, 2820052100:인천광역시 남동구 구월3동]",ST000056
인하대역,지하철,수인분당선,"[2817055500, 2817056000, 2817057000, 2817059000, 2817060000]","[인천광역시 남구 용현1·4동, 인천광역시 남구 용현2동, 인천광역시 남구 용현3동, 인천광역시 남구 용현5동, 인천광역시 남구 학익1동]","[2817055500, 2817056000, 2817057000, 2817059000, 2817060000, 2817061000]","[인천광역시 남구 용현1·4동, 인천광역시 남구 용현2동, 인천광역시 남구 용현3동, 인천광역시 남구 용현5동, 인천광역시 남구 학익1동, 인천광역시 남구 학익2동]","[2817055500:인천광역시 남구 용현1·4동, 2817056000:인천광역시 남구 용현2동, 2817057000:인천광역시 남구 용현3동, 2817059000:인천광역시 남구 용현5동, 2817060000:인천광역시 남구 학익1동]","[2817055500:인천광역시 남구 용현1·4동, 2817056000:인천광역시 남구 용현2동, 2817057000:인천광역시 남구 용현3동, 2817059000:인천광역시 남구 용현5동, 2817060000:인천광역시 남구 학익1동, 2817061000:인천광역시 남구 학익2동]",ST000475
일산역,지하철,경의중앙선,"[4128751000, 4128752000, 4128753000]","[경기도 고양시일산서구 일산1동, 경기도 고양시일산서구 일산2동, 경기도 고양시일산서구 일산3동]","[4128552000, 4128553000, 4128751000, 4128752000, 4128753000, 4128754000, 4128755000, 4128756000, 4128757000, 4128759000]","[경기도 고양시일산동구 정발산동, 경기도 고양시일산동구 중산동, 경기도 고양시일산서구 대화동, 경기도 고양시일산서구 송산동, 경기도 고양시일산서구 일산1동, 경기도 고양시일산서구 일산2동, 경기도 고양시일산서구 일산3동, 경기도 고양시일산서구 주엽1동, 경기도 고양시일산서구 주엽2동, 경기도 고양시일산서구 탄현동]","[4128751000:경기도 고양시일산서구 일산1동, 4128752000:경기도 고양시일산서구 일산2동, 4128753000:경기도 고양시일산서구 일산3동]","[4128552000:경기도 고양시일산동구 중산동, 4128553000:경기도 고양시일산동구 정발산동, 4128751000:경기도 고양시일산서구 일산1동, 4128752000:경기도 고양시일산서구 일산2동, 4128753000:경기도 고양시일산서구 일산3동, 4128754000:경기도 고양시일산서구 탄현동, 4128755000:경기도 고양시일산서구 주엽1동, 4128756000:경기도 고양시일산서구 주엽2동, 4128757000:경기도 고양시일산서구 대화동, 4128759000:경기도 고양시일산서구 송산동]",ST000616
일산역,지하철,서해선,"[4128751000, 4128752000, 4128753000]","[경기도 고양시일산서구 일산1동, 경기도 고양시일산서구 일산2동, 경기도 고양시일산서구 일산3동]","[4128552000, 4128553000, 4128751000, 4128752000, 4128753000, 4128754000, 4128755000, 4128756000, 4128757000, 4128759000]","[경기도 고양시일산동구 정발산동, 경기도 고양시일산동구 중산동, 경기도 고양시일산서구 대화동, 경기도 고양시일산서구 송산동, 경기도 고양시일산서구 일산1동, 경기도 고양시일산서구 일산2동, 경기도 고양시일산서구 일산3동, 경기도 고양시일산서구 주엽1동, 경기도 고양시일산서구 주엽2동, 경기도 고양시일산서구 탄현동]","[4128751000:경기도 고양시일산서구 일산1동, 4128752000:경기도 고양시일산서구 일산2동, 4128753000:경기도 고양시일산서구 일산3동]","[4128552000:경기도 고양시일산동구 중산동, 4128553000:경기도 고양시일산동구 정발산동, 4128751000:경기도 고양시일산서구 일산1동, 4128752000:경기도 고양시일산서구 일산2동, 4128753000:경기도 고양시일산서구 일산3동, 4128754000:경기도 고양시일산서구 탄현동, 4128755000:경기도 고양시일산서구 주엽1동, 4128756000:경기도 고양시일산서구 주엽2동, 4128757000:경기도 고양시일산서구 대화동, 4128759000:경기도 고양시일산서구 송산동]",ST000616
일원역,지하철,3호선,[1168072000],[서울특별시 강남구 일원본동],"[1165066000, 1168066000, 1168067000, 1168070000, 1168072000, 1168073000, 1168074000, 1168075000]","[서울특별시 강남구 개포1동, 서울특별시 강남구 개포2동, 서울특별시 강남구 세곡동, 서울특별시 강남구 수서동, 서울특별시 강남구 일원1동, 서울특별시 강남구 일원2동, 서울특별시 강남구 일원본동, 서울특별시 서초구 내곡동]",[1168072000:서울특별시 강남구 일원본동],"[1165066000:서울특별시 서초구 내곡동, 1168066000:서울특별시 강남구 개포1동, 1168067000:서울특별시 강남구 개포2동, 1168070000:서울특별시 강남구 세곡동, 1168072000:서울특별시 강남구 일원본동, 1168073000:서울특별시 강남구 일원1동, 1168074000:서울특별시 강남구 일원2동, 1168075000:서울특별시 강남구 수서동]",ST000176
임진강역,지하철,경의중앙선,[4148025000],[경기도 파주시 문산읍],[4148025000],[경기도 파주시 문산읍],[4148025000:경기도 파주시 문산읍],[4148025000:경기도 파주시 문산읍],ST000607
임학역,지하철,인천1호선,"[2824561200, 2824561300, 2824561400, 2824572000]","[인천광역시 계양구 계산2동, 인천광역시 계양구 계산3동, 인천광역시 계양구 계산4동, 인천광역시 계양구 계양2동]","[2824561100, 2824561200, 2824561300, 2824561400, 2824564000, 2824571000, 2824572000]","[인천광역시 계양구 계산1동, 인천광역시 계양구 계산2동, 인천광역시 계양구 계산3동, 인천광역시 계양구 계산4동, 인천광역시 계양구 계양1동, 인천광역시 계양구 계양2동, 인천광역시 계양구 작전서운동]","[2824561200:인천광역시 계양구 계산2동, 2824561300:인천광역시 계양구 계산3동, 2824561400:인천광역시 계양구 계산4동, 2824572000:인천광역시 계양구 계양2동]","[2824561100:인천광역시 계양구 계산1동, 2824561200:인천광역시 계양구 계산2동, 2824561300:인천광역시 계양구 계산3동, 2824561400:인천광역시 계양구 계산4동, 2824564000:인천광역시 계양구 작전서운동, 2824571000:인천광역시 계양구 계양1동, 2824572000:인천광역시 계양구 계양2동]",ST000046
자양역,지하철,7호선,"[1121584000, 1121584700]","[서울특별시 광진구 자양3동, 서울특별시 광진구 자양4동]","[1120067000, 1121571000, 1121582000, 1121583000, 1121584000, 1121584700, 1168056500, 1168058000, 1171067000]","[서울특별시 강남구 삼성1동, 서울특별시 강남구 청담동, 서울특별시 광진구 자양1동, 서울특별시 광진구 자양2동, 서울특별시 광진구 자양3동, 서울특별시 광진구 자양4동, 서울특별시 광진구 화양동, 서울특별시 성동구 성수2가1동, 서울특별시 송파구 잠실2동]","[1121584000:서울특별시 광진구 자양3동, 1121584700:서울특별시 광진구 자양4동]","[1120067000:서울특별시 성동구 성수2가1동, 1121571000:서울특별시 광진구 화양동, 1121582000:서울특별시 광진구 자양1동, 1121583000:서울특별시 광진구 자양2동, 1121584000:서울특별시 광진구 자양3동, 1121584700:서울특별시 광진구 자양4동, 1168056500:서울특별시 강남구 청담동, 1168058000:서울특별시 강남구 삼성1동, 1171067000:서울특별시 송파구 잠실2동]",ST000704
작전역,지하철,인천1호선,"[2824560100, 2824560200, 2824562100, 2824562200]","[인천광역시 계양구 작전1동, 인천광역시 계양구 작전2동, 인천광역시 계양구 효성1동, 인천광역시 계양구 효성2동]","[2823759200, 2823764100, 2824560100, 2824560200, 2824561100, 2824561300, 2824562100, 2824562200, 2824564000]","[인천광역시 계양구 계산1동, 인천광역시 계양구 계산3동, 인천광역시 계양구 작전1동, 인천광역시 계양구 작전2동, 인천광역시 계양구 작전서운동, 인천광역시 계양구 효성1동, 인천광역시 계양구 효성2동, 인천광역시 부평구 갈산1동, 인천광역시 부평구 청천2동]","[2824560100:인천광역시 계양구 효성1동, 2824560200:인천광역시 계양구 효성2동, 2824562100:인천광역시 계양구 작전1동, 2824562200:인천광역시 계양구 작전2동]","[2823759200:인천광역시 부평구 청천2동, 2823764100:인천광역시 부평구 갈산1동, 2824560100:인천광역시 계양구 효성1동, 2824560200:인천광역시 계양구 효성2동, 2824561100:인천광역시 계양구 계산1동, 2824561300:인천광역시 계양구 계산3동, 2824562100:인천광역시 계양구 작전1동, 2824562200:인천광역시 계양구 작전2동, 2824564000:인천광역시 계양구 작전서운동]",ST000049
잠실나루역,지하철,2호선,"[1171052000, 1171069000, 1171071000]","[서울특별시 송파구 잠실4동, 서울특별시 송파구 잠실6동, 서울특별시 송파구 풍납2동]","[1121587000, 1171052000, 1171056200, 1171056600, 1171068000, 1171069000, 1171071000]","[서울특별시 광진구 구의3동, 서울특별시 송파구 방이2동, 서울특별시 송파구 오륜동, 서울특별시 송파구 잠실3동, 서울특별시 송파구 잠실4동, 서울특별시 송파구 잠실6동, 서울특별시 송파구 풍납2동]","[1171052000:서울특별시 송파구 풍납2동, 1171069000:서울특별시 송파구 잠실4동, 1171071000:서울특별시 송파구 잠실6동]","[1121587000:서울특별시 광진구 구의3동, 1171052000:서울특별시 송파구 풍납2동, 1171056200:서울특별시 송파구 방이2동, 1171056600:서울특별시 송파구 오륜동, 1171068000:서울특별시 송파구 잠실3동, 1171069000:서울특별시 송파구 잠실4동, 1171071000:서울특별시 송파구 잠실6동]",ST000116
잠실새내역,지하철,2호선,"[1171052000, 1171069000, 1171071000]","[서울특별시 송파구 잠실4동, 서울특별시 송파구 잠실6동, 서울특별시 송파구 풍납2동]","[1121587000, 1171052000, 1171056200, 1171056600, 1171068000, 1171069000, 1171071000]","[서울특별시 광진구 구의3동, 서울특별시 송파구 방이2동, 서울특별시 송파구 오륜동, 서울특별시 송파구 잠실3동, 서울특별시 송파구 잠실4동, 서울특별시 송파구 잠실6동, 서울특별시 송파구 풍납2동]","[1171052000:서울특별시 송파구 풍납2동, 1171069000:서울특별시 송파구 잠실4동, 1171071000:서울특별시 송파구 잠실6동]","[1121587000:서울특별시 광진구 구의3동, 1171052000:서울특별시 송파구 풍납2동, 1171056200:서울특별시 송파구 방이2동, 1171056600:서울특별시 송파구 오륜동, 1171068000:서울특별시 송파구 잠실3동, 1171069000:서울특별시 송파구 잠실4동, 1171071000:서울특별시 송파구 잠실6동]",ST000118
잠실역,지하철,2호선,"[1171068000, 1171071000]","[서울특별시 송파구 잠실3동, 서울특별시 송파구 잠실6동]","[1171056200, 1171058000, 1171060000, 1171061000, 1171067000, 1171068000, 1171069000, 1171071000]","[서울특별시 송파구 방이2동, 서울특별시 송파구 삼전동, 서울특별시 송파구 석촌동, 서울특별시 송파구 송파1동, 서울특별시 송파구 잠실2동, 서울특별시 송파구 잠실3동, 서울특별시 송파구 잠실4동, 서울특별시 송파구 잠실6동]","[1171068000:서울특별시 송파구 잠실3동, 1171071000:서울특별시 송파구 잠실6동]","[1171056200:서울특별시 송파구 방이2동, 1171058000:서울특별시 송파구 송파1동, 1171060000:서울특별시 송파구 석촌동, 1171061000:서울특별시 송파구 삼전동, 1171067000:서울특별시 송파구 잠실2동, 1171068000:서울특별시 송파구 잠실3동, 1171069000:서울특별시 송파구 잠실4동, 1171071000:서울특별시 송파구 잠실6동]",ST000117
잠실역,지하철,8호선,"[1171056200, 1171058000, 1171068000, 1171069000, 1171071000]","[서울특별시 송파구 방이2동, 서울특별시 송파구 송파1동, 서울특별시 송파구 잠실3동, 서울특별시 송파구 잠실4동, 서울특별시 송파구 잠실6동]","[1171056200, 1171056600, 1171058000, 1171060000, 1171068000, 1171069000, 1171071000]","[서울특별시 송파구 방이2동, 서울특별시 송파구 석촌동, 서울특별시 송파구 송파1동, 서울특별시 송파구 오륜동, 서울특별시 송파구 잠실3동, 서울특별시 송파구 잠실4동, 서울특별시 송파구 잠실6동]","[1171056200:서울특별시 송파구 방이2동, 1171058000:서울특별시 송파구 송파1동, 1171068000:서울특별시 송파구 잠실3동, 1171069000:서울특별시 송파구 잠실4동, 1171071000:서울특별시 송파구 잠실6동]","[1171056200:서울특별시 송파구 방이2동, 1171056600:서울특별시 송파구 오륜동, 1171058000:서울특별시 송파구 송파1동, 1171060000:서울특별시 송파구 석촌동, 1171068000:서울특별시 송파구 잠실3동, 1171069000:서울특별시 송파구 잠실4동, 1171071000:서울특별시 송파구 잠실6동]",ST000313
잠원역,지하철,3호선,"[1165054000, 1165056000, 1165058000]","[서울특별시 서초구 반포1동, 서울특별시 서초구 반포3동, 서울특별시 서초구 잠원동]","[1165054000, 1165056000, 1165058000, 1165058100, 1168051000, 1168052100]","[서울특별시 강남구 논현1동, 서울특별시 강남구 신사동, 서울특별시 서초구 반포1동, 서울특별시 서초구 반포3동, 서울특별시 서초구 반포4동, 서울특별시 서초구 잠원동]","[1165054000:서울특별시 서초구 잠원동, 1165056000:서울특별시 서초구 반포1동, 1165058000:서울특별시 서초구 반포3동]","[1165054000:서울특별시 서초구 잠원동, 1165056000:서울특별시 서초구 반포1동, 1165058000:서울특별시 서초구 반포3동, 1165058100:서울특별시 서초구 반포4동, 1168051000:서울특별시 강남구 신사동, 1168052100:서울특별시 강남구 논현1동]",ST000168
장기역,지하철,김포골드라인,"[4157052000, 4157056000]","[경기도 김포시 김포2동, 경기도 김포시 장기동]","[2826064000, 4157052000, 4157056000, 4157058000]","[경기도 김포시 김포2동, 경기도 김포시 운양동, 경기도 김포시 장기동, 인천광역시 서구 검단2동]","[4157052000:경기도 김포시 김포2동, 4157056000:경기도 김포시 장기동]","[2826064000:인천광역시 서구 검단2동, 4157052000:경기도 김포시 김포2동, 4157056000:경기도 김포시 장기동, 4157058000:경기도 김포시 운양동]",ST000355
장기주차장역,지하철,자기부상,[2811062800],[인천광역시 중구 운서동],[2811062800],[인천광역시 중구 운서동],[2811062800:인천광역시 중구 운서동],[2811062800:인천광역시 중구 운서동],ST000749
장기주차장역,지하철,자기부상철도,[2811062800],[인천광역시 중구 운서동],[2811062800],[인천광역시 중구 운서동],[2811062800:인천광역시 중구 운서동],[2811062800:인천광역시 중구 운서동],ST000749
장승배기역,지하철,7호선,"[1159051000, 1159052000, 1159054000, 1159055000, 1159056000, 1159066000]","[서울특별시 동작구 노량진1동, 서울특별시 동작구 노량진2동, 서울특별시 동작구 대방동, 서울특별시 동작구 상도2동, 서울특별시 동작구 상도3동, 서울특별시 동작구 상도4동]","[1159051000, 1159052000, 1159053000, 1159054000, 1159055000, 1159056000, 1159066000]","[서울특별시 동작구 노량진1동, 서울특별시 동작구 노량진2동, 서울특별시 동작구 대방동, 서울특별시 동작구 상도1동, 서울특별시 동작구 상도2동, 서울특별시 동작구 상도3동, 서울특별시 동작구 상도4동]","[1159051000:서울특별시 동작구 노량진1동, 1159052000:서울특별시 동작구 노량진2동, 1159054000:서울특별시 동작구 상도2동, 1159055000:서울특별시 동작구 상도3동, 1159056000:서울특별시 동작구 상도4동, 1159066000:서울특별시 동작구 대방동]","[1159051000:서울특별시 동작구 노량진1동, 1159052000:서울특별시 동작구 노량진2동, 1159053000:서울특별시 동작구 상도1동, 1159054000:서울특별시 동작구 상도2동, 1159055000:서울특별시 동작구 상도3동, 1159056000:서울특별시 동작구 상도4동, 1159066000:서울특별시 동작구 대방동]",ST000300
장암역,지하철,7호선,"[4115054500, 4115056100]","[경기도 의정부시 장암동, 경기도 의정부시 호원1동]","[1132052200, 4115054500, 4115056100]","[경기도 의정부시 장암동, 경기도 의정부시 호원1동, 서울특별시 도봉구 도봉2동]","[4115054500:경기도 의정부시 호원1동, 4115056100:경기도 의정부시 장암동]","[1132052200:서울특별시 도봉구 도봉2동, 4115054500:경기도 의정부시 호원1동, 4115056100:경기도 의정부시 장암동]",ST000274
장자호수공원역,지하철,8호선,"[4131054200, 4131059000]","[경기도 구리시 교문2동, 경기도 구리시 수택3동]","[4131054100, 4131054200, 4131058000, 4131059000]","[경기도 구리시 교문1동, 경기도 구리시 교문2동, 경기도 구리시 수택2동, 경기도 구리시 수택3동]","[4131054200:경기도 구리시 교문2동, 4131059000:경기도 구리시 수택3동]","[4131054100:경기도 구리시 교문1동, 4131054200:경기도 구리시 교문2동, 4131058000:경기도 구리시 수택2동, 4131059000:경기도 구리시 수택3동]",ST000438
장자호수공원역,지하철,별내선,"[4131054200, 4131059000]","[경기도 구리시 교문2동, 경기도 구리시 수택3동]","[4131054100, 4131054200, 4131058000, 4131059000]","[경기도 구리시 교문1동, 경기도 구리시 교문2동, 경기도 구리시 수택2동, 경기도 구리시 수택3동]","[4131054200:경기도 구리시 교문2동, 4131059000:경기도 구리시 수택3동]","[4131054100:경기도 구리시 교문1동, 4131054200:경기도 구리시 교문2동, 4131058000:경기도 구리시 수택2동, 4131059000:경기도 구리시 수택3동]",ST000438
장지역,지하철,8호선,"[1171064100, 1171064200, 1171064600, 1171064700]","[서울특별시 송파구 문정1동, 서울특별시 송파구 문정2동, 서울특별시 송파구 위례동, 서울특별시 송파구 장지동]","[1168070000, 1171064100, 1171064200, 1171064600, 1171064700, 4113162500]","[경기도 성남시수정구 위례동, 서울특별시 강남구 세곡동, 서울특별시 송파구 문정1동, 서울특별시 송파구 문정2동, 서울특별시 송파구 위례동, 서울특별시 송파구 장지동]","[1171064100:서울특별시 송파구 문정1동, 1171064200:서울특별시 송파구 문정2동, 1171064600:서울특별시 송파구 장지동, 1171064700:서울특별시 송파구 위례동]","[1168070000:서울특별시 강남구 세곡동, 1171064100:서울특별시 송파구 문정1동, 1171064200:서울특별시 송파구 문정2동, 1171064600:서울특별시 송파구 장지동, 1171064700:서울특별시 송파구 위례동, 4113162500:경기도 성남시수정구 위례동]",ST000317
장한평역,지하철,5호선,"[1120079000, 1123065000]","[서울특별시 동대문구 장안1동, 서울특별시 성동구 용답동]","[1120072000, 1120079000, 1121573000, 1121574000, 1123060000, 1123061000, 1123065000, 1123066000]","[서울특별시 광진구 군자동, 서울특별시 광진구 중곡1동, 서울특별시 동대문구 답십리1동, 서울특별시 동대문구 답십리2동, 서울특별시 동대문구 장안1동, 서울특별시 동대문구 장안2동, 서울특별시 성동구 송정동, 서울특별시 성동구 용답동]","[1120079000:서울특별시 성동구 용답동, 1123065000:서울특별시 동대문구 장안1동]","[1120072000:서울특별시 성동구 송정동, 1120079000:서울특별시 성동구 용답동, 1121573000:서울특별시 광진구 군자동, 1121574000:서울특별시 광진구 중곡1동, 1123060000:서울특별시 동대문구 답십리1동, 1123061000:서울특별시 동대문구 답십리2동, 1123065000:서울특별시 동대문구 장안1동, 1123066000:서울특별시 동대문구 장안2동]",ST000223
전곡역,지하철,1호선,"[4180025300, 4180032000]","[경기도 연천군 전곡읍, 경기도 연천군 청산면]","[4180025300, 4180032000]","[경기도 연천군 전곡읍, 경기도 연천군 청산면]","[4180025300:경기도 연천군 전곡읍, 4180032000:경기도 연천군 청산면]","[4180025300:경기도 연천군 전곡읍, 4180032000:경기도 연천군 청산면]",ST000456
전대.에버랜드역,지하철,에버라인,[4146125000],[경기도 용인시처인구 포곡읍],[4146125000],[경기도 용인시처인구 포곡읍],[4146125000:경기도 용인시처인구 포곡읍],[4146125000:경기도 용인시처인구 포곡읍],ST000386
전대·에버랜드역,지하철,에버라인,[4146125000],[경기도 용인시처인구 포곡읍],[4146125000],[경기도 용인시처인구 포곡읍],[4146125000:경기도 용인시처인구 포곡읍],[4146125000:경기도 용인시처인구 포곡읍],ST000735
정릉역,지하철,우이신설선,"[1129057500, 1129059000, 1129062000, 1129063000, 1129066000]","[서울특별시 성북구 길음1동, 서울특별시 성북구 돈암2동, 서울특별시 성북구 동선동, 서울특별시 성북구 정릉1동, 서울특별시 성북구 정릉2동]","[1129052500, 1129057500, 1129058000, 1129059000, 1129062000, 1129063000, 1129064000, 1129065000, 1129066000]","[서울특별시 성북구 길음1동, 서울특별시 성북구 돈암1동, 서울특별시 성북구 돈암2동, 서울특별시 성북구 동선동, 서울특별시 성북구 성북동, 서울특별시 성북구 정릉1동, 서울특별시 성북구 정릉2동, 서울특별시 성북구 정릉3동, 서울특별시 성북구 정릉4동]","[1129057500:서울특별시 성북구 동선동, 1129059000:서울특별시 성북구 돈암2동, 1129062000:서울특별시 성북구 정릉1동, 1129063000:서울특별시 성북구 정릉2동, 1129066000:서울특별시 성북구 길음1동]","[1129052500:서울특별시 성북구 성북동, 1129057500:서울특별시 성북구 동선동, 1129058000:서울특별시 성북구 돈암1동, 1129059000:서울특별시 성북구 돈암2동, 1129062000:서울특별시 성북구 정릉1동, 1129063000:서울특별시 성북구 정릉2동, 1129064000:서울특별시 성북구 정릉3동, 1129065000:서울특별시 성북구 정릉4동, 1129066000:서울특별시 성북구 길음1동]",ST000010
정발산역,지하철,3호선,"[4128553000, 4128556000, 4128559000]","[경기도 고양시일산동구 마두1동, 경기도 고양시일산동구 장항2동, 경기도 고양시일산동구 정발산동]","[4128553000, 4128556000, 4128557000, 4128559000, 4128755000]","[경기도 고양시일산동구 마두1동, 경기도 고양시일산동구 마두2동, 경기도 고양시일산동구 장항2동, 경기도 고양시일산동구 정발산동, 경기도 고양시일산서구 주엽1동]","[4128553000:경기도 고양시일산동구 정발산동, 4128556000:경기도 고양시일산동구 마두1동, 4128559000:경기도 고양시일산동구 장항2동]","[4128553000:경기도 고양시일산동구 정발산동, 4128556000:경기도 고양시일산동구 마두1동, 4128557000:경기도 고양시일산동구 마두2동, 4128559000:경기도 고양시일산동구 장항2동, 4128755000:경기도 고양시일산서구 주엽1동]",ST000448
정발산역,지하철,일산선,"[4128553000, 4128556000, 4128559000]","[경기도 고양시일산동구 마두1동, 경기도 고양시일산동구 장항2동, 경기도 고양시일산동구 정발산동]","[4128553000, 4128556000, 4128557000, 4128559000, 4128755000]","[경기도 고양시일산동구 마두1동, 경기도 고양시일산동구 마두2동, 경기도 고양시일산동구 장항2동, 경기도 고양시일산동구 정발산동, 경기도 고양시일산서구 주엽1동]","[4128553000:경기도 고양시일산동구 정발산동, 4128556000:경기도 고양시일산동구 마두1동, 4128559000:경기도 고양시일산동구 장항2동]","[4128553000:경기도 고양시일산동구 정발산동, 4128556000:경기도 고양시일산동구 마두1동, 4128557000:경기도 고양시일산동구 마두2동, 4128559000:경기도 고양시일산동구 장항2동, 4128755000:경기도 고양시일산서구 주엽1동]",ST000448
정부과천청사역,지하철,4호선,"[4129051000, 4129052000, 4129053000]","[경기도 과천시 갈현동, 경기도 과천시 별양동, 경기도 과천시 중앙동]","[4129051000, 4129052000, 4129053000, 4129054000, 4129056000]","[경기도 과천시 갈현동, 경기도 과천시 문원동, 경기도 과천시 별양동, 경기도 과천시 부림동, 경기도 과천시 중앙동]","[4129051000:경기도 과천시 중앙동, 4129052000:경기도 과천시 갈현동, 4129053000:경기도 과천시 별양동]","[4129051000:경기도 과천시 중앙동, 4129052000:경기도 과천시 갈현동, 4129053000:경기도 과천시 별양동, 4129054000:경기도 과천시 부림동, 4129056000:경기도 과천시 문원동]",ST000577
정부과천청사역,지하철,과천선,"[4129051000, 4129052000, 4129053000]","[경기도 과천시 갈현동, 경기도 과천시 별양동, 경기도 과천시 중앙동]","[4129051000, 4129052000, 4129053000, 4129054000, 4129056000]","[경기도 과천시 갈현동, 경기도 과천시 문원동, 경기도 과천시 별양동, 경기도 과천시 부림동, 경기도 과천시 중앙동]","[4129051000:경기도 과천시 중앙동, 4129052000:경기도 과천시 갈현동, 4129053000:경기도 과천시 별양동]","[4129051000:경기도 과천시 중앙동, 4129052000:경기도 과천시 갈현동, 4129053000:경기도 과천시 별양동, 4129054000:경기도 과천시 부림동, 4129056000:경기도 과천시 문원동]",ST000577
정부과천청사역,지하철,안산과천선,"[4129051000, 4129052000, 4129053000]","[경기도 과천시 갈현동, 경기도 과천시 별양동, 경기도 과천시 중앙동]","[4129051000, 4129052000, 4129053000, 4129054000, 4129056000]","[경기도 과천시 갈현동, 경기도 과천시 문원동, 경기도 과천시 별양동, 경기도 과천시 부림동, 경기도 과천시 중앙동]","[4129051000:경기도 과천시 중앙동, 4129052000:경기도 과천시 갈현동, 4129053000:경기도 과천시 별양동]","[4129051000:경기도 과천시 중앙동, 4129052000:경기도 과천시 갈현동, 4129053000:경기도 과천시 별양동, 4129054000:경기도 과천시 부림동, 4129056000:경기도 과천시 문원동]",ST000577
정왕역,지하철,4호선,"[4139058900, 4139059100, 4139059200]","[경기도 시흥시 정왕1동, 경기도 시흥시 정왕2동, 경기도 시흥시 정왕본동]","[4139058900, 4139059100, 4139059200]","[경기도 시흥시 정왕1동, 경기도 시흥시 정왕2동, 경기도 시흥시 정왕본동]","[4139058900:경기도 시흥시 정왕본동, 4139059100:경기도 시흥시 정왕1동, 4139059200:경기도 시흥시 정왕2동]","[4139058900:경기도 시흥시 정왕본동, 4139059100:경기도 시흥시 정왕1동, 4139059200:경기도 시흥시 정왕2동]",ST000526
정왕역,지하철,수인분당선,"[4139058900, 4139059100, 4139059200]","[경기도 시흥시 정왕1동, 경기도 시흥시 정왕2동, 경기도 시흥시 정왕본동]","[4139058900, 4139059100, 4139059200]","[경기도 시흥시 정왕1동, 경기도 시흥시 정왕2동, 경기도 시흥시 정왕본동]","[4139058900:경기도 시흥시 정왕본동, 4139059100:경기도 시흥시 정왕1동, 4139059200:경기도 시흥시 정왕2동]","[4139058900:경기도 시흥시 정왕본동, 4139059100:경기도 시흥시 정왕1동, 4139059200:경기도 시흥시 정왕2동]",ST000526
정왕역,지하철,안산과천선,"[4139058900, 4139059100, 4139059200]","[경기도 시흥시 정왕1동, 경기도 시흥시 정왕2동, 경기도 시흥시 정왕본동]","[4139058900, 4139059100, 4139059200]","[경기도 시흥시 정왕1동, 경기도 시흥시 정왕2동, 경기도 시흥시 정왕본동]","[4139058900:경기도 시흥시 정왕본동, 4139059100:경기도 시흥시 정왕1동, 4139059200:경기도 시흥시 정왕2동]","[4139058900:경기도 시흥시 정왕본동, 4139059100:경기도 시흥시 정왕1동, 4139059200:경기도 시흥시 정왕2동]",ST000526
정왕역,지하철,안산선,"[4139058900, 4139059100, 4139059200]","[경기도 시흥시 정왕1동, 경기도 시흥시 정왕2동, 경기도 시흥시 정왕본동]","[4139058900, 4139059100, 4139059200]","[경기도 시흥시 정왕1동, 경기도 시흥시 정왕2동, 경기도 시흥시 정왕본동]","[4139058900:경기도 시흥시 정왕본동, 4139059100:경기도 시흥시 정왕1동, 4139059200:경기도 시흥시 정왕2동]","[4139058900:경기도 시흥시 정왕본동, 4139059100:경기도 시흥시 정왕1동, 4139059200:경기도 시흥시 정왕2동]",ST000526
정자역,지하철,수인분당선,"[4113554500, 4113555000, 4113566200]","[경기도 성남시분당구 금곡동, 경기도 성남시분당구 정자1동, 경기도 성남시분당구 정자동]","[4113552000, 4113553000, 4113554500, 4113555000, 4113556000, 4113557000, 4113565000, 4113566200]","[경기도 성남시분당구 금곡동, 경기도 성남시분당구 수내1동, 경기도 성남시분당구 수내2동, 경기도 성남시분당구 정자1동, 경기도 성남시분당구 정자2동, 경기도 성남시분당구 정자3동, 경기도 성남시분당구 정자동, 경기도 성남시분당구 판교동]","[4113554500:경기도 성남시분당구 정자동, 4113555000:경기도 성남시분당구 정자1동, 4113566200:경기도 성남시분당구 금곡동]","[4113552000:경기도 성남시분당구 수내1동, 4113553000:경기도 성남시분당구 수내2동, 4113554500:경기도 성남시분당구 정자동, 4113555000:경기도 성남시분당구 정자1동, 4113556000:경기도 성남시분당구 정자2동, 4113557000:경기도 성남시분당구 정자3동, 4113565000:경기도 성남시분당구 판교동, 4113566200:경기도 성남시분당구 금곡동]",ST000337
정자역,지하철,신분당선,"[4113554500, 4113555000, 4113566200]","[경기도 성남시분당구 금곡동, 경기도 성남시분당구 정자1동, 경기도 성남시분당구 정자동]","[4113552000, 4113553000, 4113554500, 4113555000, 4113556000, 4113557000, 4113565000, 4113566200]","[경기도 성남시분당구 금곡동, 경기도 성남시분당구 수내1동, 경기도 성남시분당구 수내2동, 경기도 성남시분당구 정자1동, 경기도 성남시분당구 정자2동, 경기도 성남시분당구 정자3동, 경기도 성남시분당구 정자동, 경기도 성남시분당구 판교동]","[4113554500:경기도 성남시분당구 정자동, 4113555000:경기도 성남시분당구 정자1동, 4113566200:경기도 성남시분당구 금곡동]","[4113552000:경기도 성남시분당구 수내1동, 4113553000:경기도 성남시분당구 수내2동, 4113554500:경기도 성남시분당구 정자동, 4113555000:경기도 성남시분당구 정자1동, 4113556000:경기도 성남시분당구 정자2동, 4113557000:경기도 성남시분당구 정자3동, 4113565000:경기도 성남시분당구 판교동, 4113566200:경기도 성남시분당구 금곡동]",ST000337
제기동역,지하철,1호선,"[1123053600, 1123054500]","[서울특별시 동대문구 용신동, 서울특별시 동대문구 제기동]","[1120053500, 1120054000, 1120079000, 1123053600, 1123054500, 1123056000, 1123060000, 1123070500, 1129060000, 1129061000]","[서울특별시 동대문구 답십리1동, 서울특별시 동대문구 용신동, 서울특별시 동대문구 전농1동, 서울특별시 동대문구 제기동, 서울특별시 동대문구 청량리동, 서울특별시 성동구 마장동, 서울특별시 성동구 왕십리도선동, 서울특별시 성동구 용답동, 서울특별시 성북구 보문동, 서울특별시 성북구 안암동]","[1123053600:서울특별시 동대문구 용신동, 1123054500:서울특별시 동대문구 제기동]","[1120053500:서울특별시 성동구 왕십리도선동, 1120054000:서울특별시 성동구 마장동, 1120079000:서울특별시 성동구 용답동, 1123053600:서울특별시 동대문구 용신동, 1123054500:서울특별시 동대문구 제기동, 1123056000:서울특별시 동대문구 전농1동, 1123060000:서울특별시 동대문구 답십리1동, 1123070500:서울특별시 동대문구 청량리동, 1129060000:서울특별시 성북구 안암동, 1129061000:서울특별시 성북구 보문동]",ST000101
제물포역,지하철,1호선,"[2817053500, 2817054000, 2817063000, 2817064500]","[인천광역시 남구 도화1동, 인천광역시 남구 도화2·3동, 인천광역시 남구 숭의1·3동, 인천광역시 남구 숭의4동]","[2814060500, 2817052000, 2817053500, 2817054000, 2817055500, 2817057000, 2817063000, 2817064500, 2817067000]","[인천광역시 남구 도화1동, 인천광역시 남구 도화2·3동, 인천광역시 남구 숭의1·3동, 인천광역시 남구 숭의2동, 인천광역시 남구 숭의4동, 인천광역시 남구 용현1·4동, 인천광역시 남구 용현3동, 인천광역시 남구 주안2동, 인천광역시 동구 송림3·5동]","[2817053500:인천광역시 남구 숭의1·3동, 2817054000:인천광역시 남구 숭의4동, 2817063000:인천광역시 남구 도화1동, 2817064500:인천광역시 남구 도화2·3동]","[2814060500:인천광역시 동구 송림3·5동, 2817052000:인천광역시 남구 숭의2동, 2817053500:인천광역시 남구 숭의1·3동, 2817054000:인천광역시 남구 숭의4동, 2817055500:인천광역시 남구 용현1·4동, 2817057000:인천광역시 남구 용현3동, 2817063000:인천광역시 남구 도화1동, 2817064500:인천광역시 남구 도화2·3동, 2817067000:인천광역시 남구 주안2동]",ST000516
종각역,지하철,1호선,"[1111061500, 1114052000, 1114055000]","[서울특별시 종로구 종로1·2·3·4가동, 서울특별시 중구 명동, 서울특별시 중구 소공동]","[1111051500, 1111053000, 1111054000, 1111060000, 1111061500, 1114052000, 1114054000, 1114055000, 1114060500]","[서울특별시 종로구 가회동, 서울특별시 종로구 사직동, 서울특별시 종로구 삼청동, 서울특별시 종로구 종로1·2·3·4가동, 서울특별시 종로구 청운효자동, 서울특별시 중구 명동, 서울특별시 중구 소공동, 서울특별시 중구 을지로동, 서울특별시 중구 회현동]","[1111061500:서울특별시 종로구 종로1·2·3·4가동, 1114052000:서울특별시 중구 소공동, 1114055000:서울특별시 중구 명동]","[1111051500:서울특별시 종로구 청운효자동, 1111053000:서울특별시 종로구 사직동, 1111054000:서울특별시 종로구 삼청동, 1111060000:서울특별시 종로구 가회동, 1111061500:서울특별시 종로구 종로1·2·3·4가동, 1114052000:서울특별시 중구 소공동, 1114054000:서울특별시 중구 회현동, 1114055000:서울특별시 중구 명동, 1114060500:서울특별시 중구 을지로동]",ST000096
종로3가역,지하철,1호선,"[1111061500, 1114055000, 1114060500]","[서울특별시 종로구 종로1·2·3·4가동, 서울특별시 중구 명동, 서울특별시 중구 을지로동]","[1111054000, 1111060000, 1111061500, 1111063000, 1111064000, 1114052000, 1114055000, 1114057000, 1114059000, 1114060500]","[서울특별시 종로구 가회동, 서울특별시 종로구 삼청동, 서울특별시 종로구 이화동, 서울특별시 종로구 종로1·2·3·4가동, 서울특별시 종로구 종로5·6가동, 서울특별시 중구 광희동, 서울특별시 중구 명동, 서울특별시 중구 소공동, 서울특별시 중구 을지로동, 서울특별시 중구 필동]","[1111061500:서울특별시 종로구 종로1·2·3·4가동, 1114055000:서울특별시 중구 명동, 1114060500:서울특별시 중구 을지로동]","[1111054000:서울특별시 종로구 삼청동, 1111060000:서울특별시 종로구 가회동, 1111061500:서울특별시 종로구 종로1·2·3·4가동, 1111063000:서울특별시 종로구 종로5·6가동, 1111064000:서울특별시 종로구 이화동, 1114052000:서울특별시 중구 소공동, 1114055000:서울특별시 중구 명동, 1114057000:서울특별시 중구 필동, 1114059000:서울특별시 중구 광희동, 1114060500:서울특별시 중구 을지로동]",ST000097
종로3가역,지하철,3호선,"[1111061500, 1114055000, 1114060500]","[서울특별시 종로구 종로1·2·3·4가동, 서울특별시 중구 명동, 서울특별시 중구 을지로동]","[1111054000, 1111060000, 1111061500, 1111063000, 1111064000, 1114052000, 1114055000, 1114057000, 1114059000, 1114060500]","[서울특별시 종로구 가회동, 서울특별시 종로구 삼청동, 서울특별시 종로구 이화동, 서울특별시 종로구 종로1·2·3·4가동, 서울특별시 종로구 종로5·6가동, 서울특별시 중구 광희동, 서울특별시 중구 명동, 서울특별시 중구 소공동, 서울특별시 중구 을지로동, 서울특별시 중구 필동]","[1111061500:서울특별시 종로구 종로1·2·3·4가동, 1114055000:서울특별시 중구 명동, 1114060500:서울특별시 중구 을지로동]","[1111054000:서울특별시 종로구 삼청동, 1111060000:서울특별시 종로구 가회동, 1111061500:서울특별시 종로구 종로1·2·3·4가동, 1111063000:서울특별시 종로구 종로5·6가동, 1111064000:서울특별시 종로구 이화동, 1114052000:서울특별시 중구 소공동, 1114055000:서울특별시 중구 명동, 1114057000:서울특별시 중구 필동, 1114059000:서울특별시 중구 광희동, 1114060500:서울특별시 중구 을지로동]",ST000097
종로3가역,지하철,5호선,"[1111061500, 1114055000, 1114060500]","[서울특별시 종로구 종로1·2·3·4가동, 서울특별시 중구 명동, 서울특별시 중구 을지로동]","[1111054000, 1111060000, 1111061500, 1111063000, 1111064000, 1114052000, 1114055000, 1114057000, 1114059000, 1114060500]","[서울특별시 종로구 가회동, 서울특별시 종로구 삼청동, 서울특별시 종로구 이화동, 서울특별시 종로구 종로1·2·3·4가동, 서울특별시 종로구 종로5·6가동, 서울특별시 중구 광희동, 서울특별시 중구 명동, 서울특별시 중구 소공동, 서울특별시 중구 을지로동, 서울특별시 중구 필동]","[1111061500:서울특별시 종로구 종로1·2·3·4가동, 1114055000:서울특별시 중구 명동, 1114060500:서울특별시 중구 을지로동]","[1111054000:서울특별시 종로구 삼청동, 1111060000:서울특별시 종로구 가회동, 1111061500:서울특별시 종로구 종로1·2·3·4가동, 1111063000:서울특별시 종로구 종로5·6가동, 1111064000:서울특별시 종로구 이화동, 1114052000:서울특별시 중구 소공동, 1114055000:서울특별시 중구 명동, 1114057000:서울특별시 중구 필동, 1114059000:서울특별시 중구 광희동, 1114060500:서울특별시 중구 을지로동]",ST000097
종로5가역,지하철,1호선,"[1111061500, 1111063000, 1114059000, 1114060500]","[서울특별시 종로구 종로1·2·3·4가동, 서울특별시 종로구 종로5·6가동, 서울특별시 중구 광희동, 서울특별시 중구 을지로동]","[1111061500, 1111063000, 1111064000, 1111067000, 1111068000, 1114057000, 1114058000, 1114059000, 1114060500, 1114061500]","[서울특별시 종로구 이화동, 서울특별시 종로구 종로1·2·3·4가동, 서울특별시 종로구 종로5·6가동, 서울특별시 종로구 창신1동, 서울특별시 종로구 창신2동, 서울특별시 중구 광희동, 서울특별시 중구 신당동, 서울특별시 중구 을지로동, 서울특별시 중구 장충동, 서울특별시 중구 필동]","[1111061500:서울특별시 종로구 종로1·2·3·4가동, 1111063000:서울특별시 종로구 종로5·6가동, 1114059000:서울특별시 중구 광희동, 1114060500:서울특별시 중구 을지로동]","[1111061500:서울특별시 종로구 종로1·2·3·4가동, 1111063000:서울특별시 종로구 종로5·6가동, 1111064000:서울특별시 종로구 이화동, 1111067000:서울특별시 종로구 창신1동, 1111068000:서울특별시 종로구 창신2동, 1114057000:서울특별시 중구 필동, 1114058000:서울특별시 중구 장충동, 1114059000:서울특별시 중구 광희동, 1114060500:서울특별시 중구 을지로동, 1114061500:서울특별시 중구 신당동]",ST000098
종합운동장역,지하철,2호선,"[1168058000, 1168061000, 1171065000, 1171067000, 1171072000]","[서울특별시 강남구 대치2동, 서울특별시 강남구 삼성1동, 서울특별시 송파구 잠실2동, 서울특별시 송파구 잠실7동, 서울특별시 송파구 잠실본동]","[1168058000, 1168061000, 1171065000, 1171067000, 1171072000]","[서울특별시 강남구 대치2동, 서울특별시 강남구 삼성1동, 서울특별시 송파구 잠실2동, 서울특별시 송파구 잠실7동, 서울특별시 송파구 잠실본동]","[1168058000:서울특별시 강남구 삼성1동, 1168061000:서울특별시 강남구 대치2동, 1171065000:서울특별시 송파구 잠실본동, 1171067000:서울특별시 송파구 잠실2동, 1171072000:서울특별시 송파구 잠실7동]","[1168058000:서울특별시 강남구 삼성1동, 1168061000:서울특별시 강남구 대치2동, 1171065000:서울특별시 송파구 잠실본동, 1171067000:서울특별시 송파구 잠실2동, 1171072000:서울특별시 송파구 잠실7동]",ST000119
종합운동장역,지하철,9호선,"[1168058000, 1168061000, 1171065000, 1171067000, 1171072000]","[서울특별시 강남구 대치2동, 서울특별시 강남구 삼성1동, 서울특별시 송파구 잠실2동, 서울특별시 송파구 잠실7동, 서울특별시 송파구 잠실본동]","[1168058000, 1168061000, 1171065000, 1171067000, 1171072000]","[서울특별시 강남구 대치2동, 서울특별시 강남구 삼성1동, 서울특별시 송파구 잠실2동, 서울특별시 송파구 잠실7동, 서울특별시 송파구 잠실본동]","[1168058000:서울특별시 강남구 삼성1동, 1168061000:서울특별시 강남구 대치2동, 1171065000:서울특별시 송파구 잠실본동, 1171067000:서울특별시 송파구 잠실2동, 1171072000:서울특별시 송파구 잠실7동]","[1168058000:서울특별시 강남구 삼성1동, 1168061000:서울특별시 강남구 대치2동, 1171065000:서울특별시 송파구 잠실본동, 1171067000:서울특별시 송파구 잠실2동, 1171072000:서울특별시 송파구 잠실7동]",ST000119
주안국가산단역,지하철,인천2호선,"[2817070000, 2820055100, 2823768000, 2826060000]","[인천광역시 남구 주안5동, 인천광역시 남동구 간석4동, 인천광역시 부평구 십정1동, 인천광역시 서구 가좌3동]","[2817064500, 2817066000, 2817070000, 2820055100, 2823768000, 2826058000, 2826060000, 2826061000]","[인천광역시 남구 도화2·3동, 인천광역시 남구 주안1동, 인천광역시 남구 주안5동, 인천광역시 남동구 간석4동, 인천광역시 부평구 십정1동, 인천광역시 서구 가좌1동, 인천광역시 서구 가좌3동, 인천광역시 서구 가좌4동]","[2817070000:인천광역시 남구 주안5동, 2820055100:인천광역시 남동구 간석4동, 2823768000:인천광역시 부평구 십정1동, 2826060000:인천광역시 서구 가좌3동]","[2817064500:인천광역시 남구 도화2·3동, 2817066000:인천광역시 남구 주안1동, 2817070000:인천광역시 남구 주안5동, 2820055100:인천광역시 남동구 간석4동, 2823768000:인천광역시 부평구 십정1동, 2826058000:인천광역시 서구 가좌1동, 2826060000:인천광역시 서구 가좌3동, 2826061000:인천광역시 서구 가좌4동]",ST000083
주안역,지하철,1호선,"[2817063000, 2817066000, 2817070000, 2817071000]","[인천광역시 남구 도화1동, 인천광역시 남구 주안1동, 인천광역시 남구 주안5동, 인천광역시 남구 주안6동]","[2817063000, 2817064500, 2817066000, 2817067000, 2817069000, 2817070000, 2817071000, 2820055100, 2823768000, 2826060000]","[인천광역시 남구 도화1동, 인천광역시 남구 도화2·3동, 인천광역시 남구 주안1동, 인천광역시 남구 주안2동, 인천광역시 남구 주안4동, 인천광역시 남구 주안5동, 인천광역시 남구 주안6동, 인천광역시 남동구 간석4동, 인천광역시 부평구 십정1동, 인천광역시 서구 가좌3동]","[2817063000:인천광역시 남구 도화1동, 2817066000:인천광역시 남구 주안1동, 2817070000:인천광역시 남구 주안5동, 2817071000:인천광역시 남구 주안6동]","[2817063000:인천광역시 남구 도화1동, 2817064500:인천광역시 남구 도화2·3동, 2817066000:인천광역시 남구 주안1동, 2817067000:인천광역시 남구 주안2동, 2817069000:인천광역시 남구 주안4동, 2817070000:인천광역시 남구 주안5동, 2817071000:인천광역시 남구 주안6동, 2820055100:인천광역시 남동구 간석4동, 2823768000:인천광역시 부평구 십정1동, 2826060000:인천광역시 서구 가좌3동]",ST000084
주안역,지하철,인천2호선,"[2817063000, 2817066000, 2817070000, 2817071000]","[인천광역시 남구 도화1동, 인천광역시 남구 주안1동, 인천광역시 남구 주안5동, 인천광역시 남구 주안6동]","[2817063000, 2817064500, 2817066000, 2817067000, 2817069000, 2817070000, 2817071000, 2820055100, 2823768000, 2826060000]","[인천광역시 남구 도화1동, 인천광역시 남구 도화2·3동, 인천광역시 남구 주안1동, 인천광역시 남구 주안2동, 인천광역시 남구 주안4동, 인천광역시 남구 주안5동, 인천광역시 남구 주안6동, 인천광역시 남동구 간석4동, 인천광역시 부평구 십정1동, 인천광역시 서구 가좌3동]","[2817063000:인천광역시 남구 도화1동, 2817066000:인천광역시 남구 주안1동, 2817070000:인천광역시 남구 주안5동, 2817071000:인천광역시 남구 주안6동]","[2817063000:인천광역시 남구 도화1동, 2817064500:인천광역시 남구 도화2·3동, 2817066000:인천광역시 남구 주안1동, 2817067000:인천광역시 남구 주안2동, 2817069000:인천광역시 남구 주안4동, 2817070000:인천광역시 남구 주안5동, 2817071000:인천광역시 남구 주안6동, 2820055100:인천광역시 남동구 간석4동, 2823768000:인천광역시 부평구 십정1동, 2826060000:인천광역시 서구 가좌3동]",ST000084
주엽역,지하철,3호선,"[4128755000, 4128756000]","[경기도 고양시일산서구 주엽1동, 경기도 고양시일산서구 주엽2동]","[4128553000, 4128558000, 4128559000, 4128753000, 4128755000, 4128756000, 4128757000, 4128758000]","[경기도 고양시일산동구 장항1동, 경기도 고양시일산동구 장항2동, 경기도 고양시일산동구 정발산동, 경기도 고양시일산서구 대화동, 경기도 고양시일산서구 송포동, 경기도 고양시일산서구 일산3동, 경기도 고양시일산서구 주엽1동, 경기도 고양시일산서구 주엽2동]","[4128755000:경기도 고양시일산서구 주엽1동, 4128756000:경기도 고양시일산서구 주엽2동]","[4128553000:경기도 고양시일산동구 정발산동, 4128558000:경기도 고양시일산동구 장항1동, 4128559000:경기도 고양시일산동구 장항2동, 4128753000:경기도 고양시일산서구 일산3동, 4128755000:경기도 고양시일산서구 주엽1동, 4128756000:경기도 고양시일산서구 주엽2동, 4128757000:경기도 고양시일산서구 대화동, 4128758000:경기도 고양시일산서구 송포동]",ST000447
주엽역,지하철,일산선,"[4128755000, 4128756000]","[경기도 고양시일산서구 주엽1동, 경기도 고양시일산서구 주엽2동]","[4128553000, 4128558000, 4128559000, 4128753000, 4128755000, 4128756000, 4128757000, 4128758000]","[경기도 고양시일산동구 장항1동, 경기도 고양시일산동구 장항2동, 경기도 고양시일산동구 정발산동, 경기도 고양시일산서구 대화동, 경기도 고양시일산서구 송포동, 경기도 고양시일산서구 일산3동, 경기도 고양시일산서구 주엽1동, 경기도 고양시일산서구 주엽2동]","[4128755000:경기도 고양시일산서구 주엽1동, 4128756000:경기도 고양시일산서구 주엽2동]","[4128553000:경기도 고양시일산동구 정발산동, 4128558000:경기도 고양시일산동구 장항1동, 4128559000:경기도 고양시일산동구 장항2동, 4128753000:경기도 고양시일산서구 일산3동, 4128755000:경기도 고양시일산서구 주엽1동, 4128756000:경기도 고양시일산서구 주엽2동, 4128757000:경기도 고양시일산서구 대화동, 4128758000:경기도 고양시일산서구 송포동]",ST000447
죽전역,지하철,수인분당선,"[4146359000, 4146551000, 4146554000, 4146555000]","[경기도 용인시기흥구 보정동, 경기도 용인시수지구 죽전1동, 경기도 용인시수지구 죽전2동, 경기도 용인시수지구 풍덕천1동]","[4146359000, 4146551000, 4146552000, 4146554000, 4146555000]","[경기도 용인시기흥구 보정동, 경기도 용인시수지구 죽전1동, 경기도 용인시수지구 죽전2동, 경기도 용인시수지구 풍덕천1동, 경기도 용인시수지구 풍덕천2동]","[4146359000:경기도 용인시기흥구 보정동, 4146551000:경기도 용인시수지구 풍덕천1동, 4146554000:경기도 용인시수지구 죽전1동, 4146555000:경기도 용인시수지구 죽전2동]","[4146359000:경기도 용인시기흥구 보정동, 4146551000:경기도 용인시수지구 풍덕천1동, 4146552000:경기도 용인시수지구 풍덕천2동, 4146554000:경기도 용인시수지구 죽전1동, 4146555000:경기도 용인시수지구 죽전2동]",ST000497
중계역,지하철,7호선,"[1135062500, 1135069500]","[서울특별시 노원구 상계6·7동, 서울특별시 노원구 중계2·3동]","[1132051400, 1135057000, 1135061100, 1135061200, 1135062100, 1135062500, 1135064000, 1135069500]","[서울특별시 노원구 상계2동, 서울특별시 노원구 상계6·7동, 서울특별시 노원구 월계2동, 서울특별시 노원구 중계1동, 서울특별시 노원구 중계2·3동, 서울특별시 노원구 하계1동, 서울특별시 노원구 하계2동, 서울특별시 도봉구 창4동]","[1135062500:서울특별시 노원구 중계2·3동, 1135069500:서울특별시 노원구 상계6·7동]","[1132051400:서울특별시 도봉구 창4동, 1135057000:서울특별시 노원구 월계2동, 1135061100:서울특별시 노원구 하계1동, 1135061200:서울특별시 노원구 하계2동, 1135062100:서울특별시 노원구 중계1동, 1135062500:서울특별시 노원구 중계2·3동, 1135064000:서울특별시 노원구 상계2동, 1135069500:서울특별시 노원구 상계6·7동]",ST000279
중곡역,지하철,7호선,"[1121574000, 1121575000, 1121576000, 1121577000]","[서울특별시 광진구 중곡1동, 서울특별시 광진구 중곡2동, 서울특별시 광진구 중곡3동, 서울특별시 광진구 중곡4동]","[1121574000, 1121575000, 1121576000, 1121577000, 1121578000, 1123065000, 1123066000, 1126054000]","[서울특별시 광진구 능동, 서울특별시 광진구 중곡1동, 서울특별시 광진구 중곡2동, 서울특별시 광진구 중곡3동, 서울특별시 광진구 중곡4동, 서울특별시 동대문구 장안1동, 서울특별시 동대문구 장안2동, 서울특별시 중랑구 면목4동]","[1121574000:서울특별시 광진구 중곡1동, 1121575000:서울특별시 광진구 중곡2동, 1121576000:서울특별시 광진구 중곡3동, 1121577000:서울특별시 광진구 중곡4동]","[1121574000:서울특별시 광진구 중곡1동, 1121575000:서울특별시 광진구 중곡2동, 1121576000:서울특별시 광진구 중곡3동, 1121577000:서울특별시 광진구 중곡4동, 1121578000:서울특별시 광진구 능동, 1123065000:서울특별시 동대문구 장안1동, 1123066000:서울특별시 동대문구 장안2동, 1126054000:서울특별시 중랑구 면목4동]",ST000288
중동역,지하철,1호선,"[4119061000, 4119062000, 4119073000, 4119074000]","[경기도 부천시 상동, 경기도 부천시 송내1동, 경기도 부천시 송내2동, 경기도 부천시 중동]","[2823767000, 4119053000, 4119061000, 4119062000, 4119063000, 4119067000, 4119072000, 4119073000, 4119074000]","[경기도 부천시 상1동, 경기도 부천시 상동, 경기도 부천시 송내1동, 경기도 부천시 송내2동, 경기도 부천시 심곡3동, 경기도 부천시 심곡본1동, 경기도 부천시 중2동, 경기도 부천시 중동, 인천광역시 부평구 일신동]","[4119061000:경기도 부천시 중동, 4119062000:경기도 부천시 상동, 4119073000:경기도 부천시 송내1동, 4119074000:경기도 부천시 송내2동]","[2823767000:인천광역시 부평구 일신동, 4119053000:경기도 부천시 심곡3동, 4119061000:경기도 부천시 중동, 4119062000:경기도 부천시 상동, 4119063000:경기도 부천시 상1동, 4119067000:경기도 부천시 중2동, 4119072000:경기도 부천시 심곡본1동, 4119073000:경기도 부천시 송내1동, 4119074000:경기도 부천시 송내2동]",ST000510
중랑역,지하철,경의중앙선,"[1126052000, 1126058000, 1126059000, 1126060000, 1126061000]","[서울특별시 중랑구 면목2동, 서울특별시 중랑구 상봉1동, 서울특별시 중랑구 상봉2동, 서울특별시 중랑구 중화1동, 서울특별시 중랑구 중화2동]","[1123072000, 1123073000, 1123074000, 1123075000, 1126052000, 1126055000, 1126056500, 1126058000, 1126059000, 1126060000, 1126061000]","[서울특별시 동대문구 이문1동, 서울특별시 동대문구 이문2동, 서울특별시 동대문구 휘경1동, 서울특별시 동대문구 휘경2동, 서울특별시 중랑구 면목2동, 서울특별시 중랑구 면목5동, 서울특별시 중랑구 면목본동, 서울특별시 중랑구 상봉1동, 서울특별시 중랑구 상봉2동, 서울특별시 중랑구 중화1동, 서울특별시 중랑구 중화2동]","[1126052000:서울특별시 중랑구 면목2동, 1126058000:서울특별시 중랑구 상봉1동, 1126059000:서울특별시 중랑구 상봉2동, 1126060000:서울특별시 중랑구 중화1동, 1126061000:서울특별시 중랑구 중화2동]","[1123072000:서울특별시 동대문구 휘경1동, 1123073000:서울특별시 동대문구 휘경2동, 1123074000:서울특별시 동대문구 이문1동, 1123075000:서울특별시 동대문구 이문2동, 1126052000:서울특별시 중랑구 면목2동, 1126055000:서울특별시 중랑구 면목5동, 1126056500:서울특별시 중랑구 면목본동, 1126058000:서울특별시 중랑구 상봉1동, 1126059000:서울특별시 중랑구 상봉2동, 1126060000:서울특별시 중랑구 중화1동, 1126061000:서울특별시 중랑구 중화2동]",ST000645
중랑역,지하철,경춘선,"[1126052000, 1126058000, 1126059000, 1126060000, 1126061000]","[서울특별시 중랑구 면목2동, 서울특별시 중랑구 상봉1동, 서울특별시 중랑구 상봉2동, 서울특별시 중랑구 중화1동, 서울특별시 중랑구 중화2동]","[1123072000, 1123073000, 1123074000, 1123075000, 1126052000, 1126055000, 1126056500, 1126058000, 1126059000, 1126060000, 1126061000]","[서울특별시 동대문구 이문1동, 서울특별시 동대문구 이문2동, 서울특별시 동대문구 휘경1동, 서울특별시 동대문구 휘경2동, 서울특별시 중랑구 면목2동, 서울특별시 중랑구 면목5동, 서울특별시 중랑구 면목본동, 서울특별시 중랑구 상봉1동, 서울특별시 중랑구 상봉2동, 서울특별시 중랑구 중화1동, 서울특별시 중랑구 중화2동]","[1126052000:서울특별시 중랑구 면목2동, 1126058000:서울특별시 중랑구 상봉1동, 1126059000:서울특별시 중랑구 상봉2동, 1126060000:서울특별시 중랑구 중화1동, 1126061000:서울특별시 중랑구 중화2동]","[1123072000:서울특별시 동대문구 휘경1동, 1123073000:서울특별시 동대문구 휘경2동, 1123074000:서울특별시 동대문구 이문1동, 1123075000:서울특별시 동대문구 이문2동, 1126052000:서울특별시 중랑구 면목2동, 1126055000:서울특별시 중랑구 면목5동, 1126056500:서울특별시 중랑구 면목본동, 1126058000:서울특별시 중랑구 상봉1동, 1126059000:서울특별시 중랑구 상봉2동, 1126060000:서울특별시 중랑구 중화1동, 1126061000:서울특별시 중랑구 중화2동]",ST000645
중앙보훈병원역,지하철,9호선,"[1174069000, 1174070000, 4145058000]","[경기도 하남시 감북동, 서울특별시 강동구 둔촌1동, 서울특별시 강동구 둔촌2동]","[1174068500, 1174069000, 1174070000, 4145058000, 4145060000]","[경기도 하남시 감북동, 경기도 하남시 초이동, 서울특별시 강동구 길동, 서울특별시 강동구 둔촌1동, 서울특별시 강동구 둔촌2동]","[1174069000:서울특별시 강동구 둔촌1동, 1174070000:서울특별시 강동구 둔촌2동, 4145058000:경기도 하남시 감북동]","[1174068500:서울특별시 강동구 길동, 1174069000:서울특별시 강동구 둔촌1동, 1174070000:서울특별시 강동구 둔촌2동, 4145058000:경기도 하남시 감북동, 4145060000:경기도 하남시 초이동]",ST000414
중앙역,지하철,4호선,"[4127151500, 4127159000, 4127353000, 4127353500]","[경기도 안산시단원구 고잔2동, 경기도 안산시단원구 호수동, 경기도 안산시상록구 성포동, 경기도 안산시상록구 이동]","[4127151500, 4127159000, 4127352000, 4127353000, 4127353500]","[경기도 안산시단원구 고잔1동, 경기도 안산시단원구 고잔2동, 경기도 안산시단원구 호수동, 경기도 안산시상록구 성포동, 경기도 안산시상록구 이동]","[4127151500:경기도 안산시상록구 이동, 4127159000:경기도 안산시상록구 성포동, 4127353000:경기도 안산시단원구 고잔2동, 4127353500:경기도 안산시단원구 호수동]","[4127151500:경기도 안산시상록구 이동, 4127159000:경기도 안산시상록구 성포동, 4127352000:경기도 안산시단원구 고잔1동, 4127353000:경기도 안산시단원구 고잔2동, 4127353500:경기도 안산시단원구 호수동]",ST000530
중앙역,지하철,수인분당선,"[4127151500, 4127159000, 4127353000, 4127353500]","[경기도 안산시단원구 고잔2동, 경기도 안산시단원구 호수동, 경기도 안산시상록구 성포동, 경기도 안산시상록구 이동]","[4127151500, 4127159000, 4127352000, 4127353000, 4127353500]","[경기도 안산시단원구 고잔1동, 경기도 안산시단원구 고잔2동, 경기도 안산시단원구 호수동, 경기도 안산시상록구 성포동, 경기도 안산시상록구 이동]","[4127151500:경기도 안산시상록구 이동, 4127159000:경기도 안산시상록구 성포동, 4127353000:경기도 안산시단원구 고잔2동, 4127353500:경기도 안산시단원구 호수동]","[4127151500:경기도 안산시상록구 이동, 4127159000:경기도 안산시상록구 성포동, 4127352000:경기도 안산시단원구 고잔1동, 4127353000:경기도 안산시단원구 고잔2동, 4127353500:경기도 안산시단원구 호수동]",ST000530
중앙역,지하철,안산과천선,"[4127151500, 4127159000, 4127353000, 4127353500]","[경기도 안산시단원구 고잔2동, 경기도 안산시단원구 호수동, 경기도 안산시상록구 성포동, 경기도 안산시상록구 이동]","[4127151500, 4127159000, 4127352000, 4127353000, 4127353500]","[경기도 안산시단원구 고잔1동, 경기도 안산시단원구 고잔2동, 경기도 안산시단원구 호수동, 경기도 안산시상록구 성포동, 경기도 안산시상록구 이동]","[4127151500:경기도 안산시상록구 이동, 4127159000:경기도 안산시상록구 성포동, 4127353000:경기도 안산시단원구 고잔2동, 4127353500:경기도 안산시단원구 호수동]","[4127151500:경기도 안산시상록구 이동, 4127159000:경기도 안산시상록구 성포동, 4127352000:경기도 안산시단원구 고잔1동, 4127353000:경기도 안산시단원구 고잔2동, 4127353500:경기도 안산시단원구 호수동]",ST000530
중앙역,지하철,안산선,"[4127151500, 4127159000, 4127353000, 4127353500]","[경기도 안산시단원구 고잔2동, 경기도 안산시단원구 호수동, 경기도 안산시상록구 성포동, 경기도 안산시상록구 이동]","[4127151500, 4127159000, 4127352000, 4127353000, 4127353500]","[경기도 안산시단원구 고잔1동, 경기도 안산시단원구 고잔2동, 경기도 안산시단원구 호수동, 경기도 안산시상록구 성포동, 경기도 안산시상록구 이동]","[4127151500:경기도 안산시상록구 이동, 4127159000:경기도 안산시상록구 성포동, 4127353000:경기도 안산시단원구 고잔2동, 4127353500:경기도 안산시단원구 호수동]","[4127151500:경기도 안산시상록구 이동, 4127159000:경기도 안산시상록구 성포동, 4127352000:경기도 안산시단원구 고잔1동, 4127353000:경기도 안산시단원구 고잔2동, 4127353500:경기도 안산시단원구 호수동]",ST000530
중화역,지하철,7호선,"[1126060000, 1126061000, 1126062000, 1126063000]","[서울특별시 중랑구 묵1동, 서울특별시 중랑구 묵2동, 서울특별시 중랑구 중화1동, 서울특별시 중랑구 중화2동]","[1123074000, 1123075000, 1126058000, 1126059000, 1126060000, 1126061000, 1126062000, 1126063000, 1126069000, 1129081000]","[서울특별시 동대문구 이문1동, 서울특별시 동대문구 이문2동, 서울특별시 성북구 석관동, 서울특별시 중랑구 묵1동, 서울특별시 중랑구 묵2동, 서울특별시 중랑구 상봉1동, 서울특별시 중랑구 상봉2동, 서울특별시 중랑구 신내2동, 서울특별시 중랑구 중화1동, 서울특별시 중랑구 중화2동]","[1126060000:서울특별시 중랑구 중화1동, 1126061000:서울특별시 중랑구 중화2동, 1126062000:서울특별시 중랑구 묵1동, 1126063000:서울특별시 중랑구 묵2동]","[1123074000:서울특별시 동대문구 이문1동, 1123075000:서울특별시 동대문구 이문2동, 1126058000:서울특별시 중랑구 상봉1동, 1126059000:서울특별시 중랑구 상봉2동, 1126060000:서울특별시 중랑구 중화1동, 1126061000:서울특별시 중랑구 중화2동, 1126062000:서울특별시 중랑구 묵1동, 1126063000:서울특별시 중랑구 묵2동, 1126069000:서울특별시 중랑구 신내2동, 1129081000:서울특별시 성북구 석관동]",ST000283
증미역,지하철,9호선,"[1150051000, 1150052000, 1150060500]","[서울특별시 강서구 가양3동, 서울특별시 강서구 등촌1동, 서울특별시 강서구 염창동]","[1144074000, 1147053000, 1150051000, 1150052000, 1150053000, 1150053500, 1150059100, 1150060400, 1150060500]","[서울특별시 강서구 가양2동, 서울특별시 강서구 가양3동, 서울특별시 강서구 등촌1동, 서울특별시 강서구 등촌2동, 서울특별시 강서구 등촌3동, 서울특별시 강서구 염창동, 서울특별시 강서구 화곡6동, 서울특별시 마포구 상암동, 서울특별시 양천구 목3동]","[1150051000:서울특별시 강서구 염창동, 1150052000:서울특별시 강서구 등촌1동, 1150060500:서울특별시 강서구 가양3동]","[1144074000:서울특별시 마포구 상암동, 1147053000:서울특별시 양천구 목3동, 1150051000:서울특별시 강서구 염창동, 1150052000:서울특별시 강서구 등촌1동, 1150053000:서울특별시 강서구 등촌2동, 1150053500:서울특별시 강서구 등촌3동, 1150059100:서울특별시 강서구 화곡6동, 1150060400:서울특별시 강서구 가양2동, 1150060500:서울특별시 강서구 가양3동]",ST000021
증산역,지하철,6호선,"[1138060000, 1138064000, 1141072000]","[서울특별시 서대문구 북가좌2동, 서울특별시 은평구 응암3동, 서울특별시 은평구 증산동]","[1138059000, 1138060000, 1138063200, 1138064000, 1138065000, 1141070000, 1141071000, 1141072000, 1144074000]","[서울특별시 마포구 상암동, 서울특별시 서대문구 남가좌2동, 서울특별시 서대문구 북가좌1동, 서울특별시 서대문구 북가좌2동, 서울특별시 은평구 수색동, 서울특별시 은평구 신사2동, 서울특별시 은평구 응암2동, 서울특별시 은평구 응암3동, 서울특별시 은평구 증산동]","[1138060000:서울특별시 은평구 응암3동, 1138064000:서울특별시 은평구 증산동, 1141072000:서울특별시 서대문구 북가좌2동]","[1138059000:서울특별시 은평구 응암2동, 1138060000:서울특별시 은평구 응암3동, 1138063200:서울특별시 은평구 신사2동, 1138064000:서울특별시 은평구 증산동, 1138065000:서울특별시 은평구 수색동, 1141070000:서울특별시 서대문구 남가좌2동, 1141071000:서울특별시 서대문구 북가좌1동, 1141072000:서울특별시 서대문구 북가좌2동, 1144074000:서울특별시 마포구 상암동]",ST000250
지석역,지하철,에버라인,"[4146352000, 4146358600]","[경기도 용인시기흥구 구갈동, 경기도 용인시기흥구 상하동]","[4146352000, 4146353000, 4146358500, 4146358600]","[경기도 용인시기흥구 구갈동, 경기도 용인시기흥구 동백동, 경기도 용인시기흥구 상갈동, 경기도 용인시기흥구 상하동]","[4146352000:경기도 용인시기흥구 구갈동, 4146358600:경기도 용인시기흥구 상하동]","[4146352000:경기도 용인시기흥구 구갈동, 4146353000:경기도 용인시기흥구 상갈동, 4146358500:경기도 용인시기흥구 동백동, 4146358600:경기도 용인시기흥구 상하동]",ST000398
지식정보단지역,지하철,인천1호선,[2818582000],[인천광역시 연수구 송도1동],"[2818582000, 2818583000, 2818584000]","[인천광역시 연수구 송도1동, 인천광역시 연수구 송도2동, 인천광역시 연수구 송도3동]",[2818582000:인천광역시 연수구 송도1동],"[2818582000:인천광역시 연수구 송도1동, 2818583000:인천광역시 연수구 송도2동, 2818584000:인천광역시 연수구 송도3동]",ST000064
지축역,지하철,3호선,"[1138069000, 4128156000, 4128158000]","[경기도 고양시덕양구 창릉동, 경기도 고양시덕양구 효자동, 서울특별시 은평구 진관동]","[1138069000, 4128156000, 4128157000, 4128158000]","[경기도 고양시덕양구 신도동, 경기도 고양시덕양구 창릉동, 경기도 고양시덕양구 효자동, 서울특별시 은평구 진관동]","[1138069000:서울특별시 은평구 진관동, 4128156000:경기도 고양시덕양구 효자동, 4128158000:경기도 고양시덕양구 창릉동]","[1138069000:서울특별시 은평구 진관동, 4128156000:경기도 고양시덕양구 효자동, 4128157000:경기도 고양시덕양구 신도동, 4128158000:경기도 고양시덕양구 창릉동]",ST000151
지축역,지하철,일산선,"[1138069000, 4128156000, 4128158000]","[경기도 고양시덕양구 창릉동, 경기도 고양시덕양구 효자동, 서울특별시 은평구 진관동]","[1138069000, 4128156000, 4128157000, 4128158000]","[경기도 고양시덕양구 신도동, 경기도 고양시덕양구 창릉동, 경기도 고양시덕양구 효자동, 서울특별시 은평구 진관동]","[1138069000:서울특별시 은평구 진관동, 4128156000:경기도 고양시덕양구 효자동, 4128158000:경기도 고양시덕양구 창릉동]","[1138069000:서울특별시 은평구 진관동, 4128156000:경기도 고양시덕양구 효자동, 4128157000:경기도 고양시덕양구 신도동, 4128158000:경기도 고양시덕양구 창릉동]",ST000151
지평역,일반철도,ITX-새마을,[4183039500],[경기도 양평군 지평면],"[4183039500, 4183040000]","[경기도 양평군 용문면, 경기도 양평군 지평면]",[4183039500:경기도 양평군 지평면],"[4183039500:경기도 양평군 지평면, 4183040000:경기도 양평군 용문면]",ST000628
지평역,일반철도,무궁화,[4183039500],[경기도 양평군 지평면],"[4183039500, 4183040000]","[경기도 양평군 용문면, 경기도 양평군 지평면]",[4183039500:경기도 양평군 지평면],"[4183039500:경기도 양평군 지평면, 4183040000:경기도 양평군 용문면]",ST000628
지평역,지하철,경의중앙선,[4183039500],[경기도 양평군 지평면],"[4183039500, 4183040000]","[경기도 양평군 용문면, 경기도 양평군 지평면]",[4183039500:경기도 양평군 지평면],"[4183039500:경기도 양평군 지평면, 4183040000:경기도 양평군 용문면]",ST000628
지행역,지하철,1호선,"[4125052000, 4125056500, 4125056600]","[경기도 동두천시 불현동, 경기도 동두천시 생연2동, 경기도 동두천시 송내동]","[4125052000, 4125056500, 4125056600, 4125060000, 4163031000]","[경기도 동두천시 불현동, 경기도 동두천시 상패동, 경기도 동두천시 생연2동, 경기도 동두천시 송내동, 경기도 양주시 은현면]","[4125052000:경기도 동두천시 생연2동, 4125056500:경기도 동두천시 불현동, 4125056600:경기도 동두천시 송내동]","[4125052000:경기도 동두천시 생연2동, 4125056500:경기도 동두천시 불현동, 4125056600:경기도 동두천시 송내동, 4125060000:경기도 동두천시 상패동, 4163031000:경기도 양주시 은현면]",ST000462
진위역,지하철,1호선,[4122031000],[경기도 평택시 진위면],[4122031000],[경기도 평택시 진위면],[4122031000:경기도 평택시 진위면],[4122031000:경기도 평택시 진위면],ST000547
진접역,지하철,진접선,[4136025300],[경기도 남양주시 진접읍],"[4136025300, 4136026200]","[경기도 남양주시 오남읍, 경기도 남양주시 진접읍]",[4136025300:경기도 남양주시 진접읍],"[4136025300:경기도 남양주시 진접읍, 4136026200:경기도 남양주시 오남읍]",ST000665
창동역,지하철,1호선,"[1132051100, 1132051400, 1132051500]","[서울특별시 도봉구 창1동, 서울특별시 도봉구 창4동, 서울특별시 도봉구 창5동]","[1132051100, 1132051200, 1132051400, 1132051500, 1132067000, 1132068000, 1132069000, 1135057000, 1135069500, 1135072000]","[서울특별시 노원구 상계10동, 서울특별시 노원구 상계6·7동, 서울특별시 노원구 월계2동, 서울특별시 도봉구 방학1동, 서울특별시 도봉구 쌍문2동, 서울특별시 도봉구 쌍문3동, 서울특별시 도봉구 창1동, 서울특별시 도봉구 창2동, 서울특별시 도봉구 창4동, 서울특별시 도봉구 창5동]","[1132051100:서울특별시 도봉구 창1동, 1132051400:서울특별시 도봉구 창4동, 1132051500:서울특별시 도봉구 창5동]","[1132051100:서울특별시 도봉구 창1동, 1132051200:서울특별시 도봉구 창2동, 1132051400:서울특별시 도봉구 창4동, 1132051500:서울특별시 도봉구 창5동, 1132067000:서울특별시 도봉구 쌍문2동, 1132068000:서울특별시 도봉구 쌍문3동, 1132069000:서울특별시 도봉구 방학1동, 1135057000:서울특별시 노원구 월계2동, 1135069500:서울특별시 노원구 상계6·7동, 1135072000:서울특별시 노원구 상계10동]",ST000183
창동역,지하철,4호선,"[1132051100, 1132051400, 1132051500]","[서울특별시 도봉구 창1동, 서울특별시 도봉구 창4동, 서울특별시 도봉구 창5동]","[1132051100, 1132051200, 1132051400, 1132051500, 1132067000, 1132068000, 1132069000, 1135057000, 1135069500, 1135072000]","[서울특별시 노원구 상계10동, 서울특별시 노원구 상계6·7동, 서울특별시 노원구 월계2동, 서울특별시 도봉구 방학1동, 서울특별시 도봉구 쌍문2동, 서울특별시 도봉구 쌍문3동, 서울특별시 도봉구 창1동, 서울특별시 도봉구 창2동, 서울특별시 도봉구 창4동, 서울특별시 도봉구 창5동]","[1132051100:서울특별시 도봉구 창1동, 1132051400:서울특별시 도봉구 창4동, 1132051500:서울특별시 도봉구 창5동]","[1132051100:서울특별시 도봉구 창1동, 1132051200:서울특별시 도봉구 창2동, 1132051400:서울특별시 도봉구 창4동, 1132051500:서울특별시 도봉구 창5동, 1132067000:서울특별시 도봉구 쌍문2동, 1132068000:서울특별시 도봉구 쌍문3동, 1132069000:서울특별시 도봉구 방학1동, 1135057000:서울특별시 노원구 월계2동, 1135069500:서울특별시 노원구 상계6·7동, 1135072000:서울특별시 노원구 상계10동]",ST000183
창신역,지하철,6호선,"[1111067000, 1111068000, 1111069000, 1111070000, 1111071000, 1129055500, 1129061000]","[서울특별시 성북구 보문동, 서울특별시 성북구 삼선동, 서울특별시 종로구 숭인1동, 서울특별시 종로구 숭인2동, 서울특별시 종로구 창신1동, 서울특별시 종로구 창신2동, 서울특별시 종로구 창신3동]","[1111063000, 1111064000, 1111065000, 1111067000, 1111068000, 1111069000, 1111070000, 1111071000, 1123053600, 1129055500, 1129060000, 1129061000]","[서울특별시 동대문구 용신동, 서울특별시 성북구 보문동, 서울특별시 성북구 삼선동, 서울특별시 성북구 안암동, 서울특별시 종로구 숭인1동, 서울특별시 종로구 숭인2동, 서울특별시 종로구 이화동, 서울특별시 종로구 종로5·6가동, 서울특별시 종로구 창신1동, 서울특별시 종로구 창신2동, 서울특별시 종로구 창신3동, 서울특별시 종로구 혜화동]","[1111067000:서울특별시 종로구 창신1동, 1111068000:서울특별시 종로구 창신2동, 1111069000:서울특별시 종로구 창신3동, 1111070000:서울특별시 종로구 숭인1동, 1111071000:서울특별시 종로구 숭인2동, 1129055500:서울특별시 성북구 삼선동, 1129061000:서울특별시 성북구 보문동]","[1111063000:서울특별시 종로구 종로5·6가동, 1111064000:서울특별시 종로구 이화동, 1111065000:서울특별시 종로구 혜화동, 1111067000:서울특별시 종로구 창신1동, 1111068000:서울특별시 종로구 창신2동, 1111069000:서울특별시 종로구 창신3동, 1111070000:서울특별시 종로구 숭인1동, 1111071000:서울특별시 종로구 숭인2동, 1123053600:서울특별시 동대문구 용신동, 1129055500:서울특별시 성북구 삼선동, 1129060000:서울특별시 성북구 안암동, 1129061000:서울특별시 성북구 보문동]",ST000263
천마산역,지하철,경춘선,[4136025600],[경기도 남양주시 화도읍],[4136025600],[경기도 남양주시 화도읍],[4136025600:경기도 남양주시 화도읍],[4136025600:경기도 남양주시 화도읍],ST000600
천왕역,지하철,7호선,[1153078000],[서울특별시 구로구 오류2동],"[1153075000, 1153076000, 1153077000, 1153078000, 1153079000, 4121054000, 4121056000]","[경기도 광명시 광명3동, 경기도 광명시 광명5동, 서울특별시 구로구 개봉2동, 서울특별시 구로구 개봉3동, 서울특별시 구로구 수궁동, 서울특별시 구로구 오류1동, 서울특별시 구로구 오류2동]",[1153078000:서울특별시 구로구 오류2동],"[1153075000:서울특별시 구로구 개봉2동, 1153076000:서울특별시 구로구 개봉3동, 1153077000:서울특별시 구로구 오류1동, 1153078000:서울특별시 구로구 오류2동, 1153079000:서울특별시 구로구 수궁동, 4121054000:경기도 광명시 광명3동, 4121056000:경기도 광명시 광명5동]",ST000308
천호역,지하철,5호선,"[1171051000, 1174061000, 1174062000, 1174065000]","[서울특별시 강동구 성내2동, 서울특별시 강동구 천호2동, 서울특별시 강동구 천호3동, 서울특별시 송파구 풍납1동]","[1171051000, 1171052000, 1174060000, 1174061000, 1174062000, 1174064000, 1174065000]","[서울특별시 강동구 성내1동, 서울특별시 강동구 성내2동, 서울특별시 강동구 천호1동, 서울특별시 강동구 천호2동, 서울특별시 강동구 천호3동, 서울특별시 송파구 풍납1동, 서울특별시 송파구 풍납2동]","[1171051000:서울특별시 송파구 풍납1동, 1174061000:서울특별시 강동구 천호2동, 1174062000:서울특별시 강동구 천호3동, 1174065000:서울특별시 강동구 성내2동]","[1171051000:서울특별시 송파구 풍납1동, 1171052000:서울특별시 송파구 풍납2동, 1174060000:서울특별시 강동구 천호1동, 1174061000:서울특별시 강동구 천호2동, 1174062000:서울특별시 강동구 천호3동, 1174064000:서울특별시 강동구 성내1동, 1174065000:서울특별시 강동구 성내2동]",ST000227
천호역,지하철,8호선,"[1171051000, 1174061000, 1174062000, 1174065000]","[서울특별시 강동구 성내2동, 서울특별시 강동구 천호2동, 서울특별시 강동구 천호3동, 서울특별시 송파구 풍납1동]","[1171051000, 1171052000, 1174060000, 1174061000, 1174062000, 1174064000, 1174065000]","[서울특별시 강동구 성내1동, 서울특별시 강동구 성내2동, 서울특별시 강동구 천호1동, 서울특별시 강동구 천호2동, 서울특별시 강동구 천호3동, 서울특별시 송파구 풍납1동, 서울특별시 송파구 풍납2동]","[1171051000:서울특별시 송파구 풍납1동, 1174061000:서울특별시 강동구 천호2동, 1174062000:서울특별시 강동구 천호3동, 1174065000:서울특별시 강동구 성내2동]","[1171051000:서울특별시 송파구 풍납1동, 1171052000:서울특별시 송파구 풍납2동, 1174060000:서울특별시 강동구 천호1동, 1174061000:서울특별시 강동구 천호2동, 1174062000:서울특별시 강동구 천호3동, 1174064000:서울특별시 강동구 성내1동, 1174065000:서울특별시 강동구 성내2동]",ST000227
철산역,지하철,7호선,"[4121060000, 4121061000, 4121062000]","[경기도 광명시 철산2동, 경기도 광명시 철산3동, 경기도 광명시 철산4동]","[1154551000, 4121051000, 4121052000, 4121054000, 4121055000, 4121058000, 4121060000, 4121061000, 4121062000, 4121063100, 4121063200]","[경기도 광명시 광명1동, 경기도 광명시 광명2동, 경기도 광명시 광명3동, 경기도 광명시 광명4동, 경기도 광명시 광명7동, 경기도 광명시 철산2동, 경기도 광명시 철산3동, 경기도 광명시 철산4동, 경기도 광명시 하안1동, 경기도 광명시 하안2동, 서울특별시 금천구 가산동]","[4121060000:경기도 광명시 철산2동, 4121061000:경기도 광명시 철산3동, 4121062000:경기도 광명시 철산4동]","[1154551000:서울특별시 금천구 가산동, 4121051000:경기도 광명시 광명1동, 4121052000:경기도 광명시 광명2동, 4121054000:경기도 광명시 광명3동, 4121055000:경기도 광명시 광명4동, 4121058000:경기도 광명시 광명7동, 4121060000:경기도 광명시 철산2동, 4121061000:경기도 광명시 철산3동, 4121062000:경기도 광명시 철산4동, 4121063100:경기도 광명시 하안1동, 4121063200:경기도 광명시 하안2동]",ST000306
청계산입구역,지하철,신분당선,"[1165065200, 1165066000]","[서울특별시 서초구 내곡동, 서울특별시 서초구 양재2동]","[1165065200, 1165066000]","[서울특별시 서초구 내곡동, 서울특별시 서초구 양재2동]","[1165065200:서울특별시 서초구 양재2동, 1165066000:서울특별시 서초구 내곡동]","[1165065200:서울특별시 서초구 양재2동, 1165066000:서울특별시 서초구 내곡동]",ST000335
청구역,지하철,5호선,"[1114058000, 1114059000, 1114061500, 1114062500, 1114064500, 1114065000, 1114066500]","[서울특별시 중구 광희동, 서울특별시 중구 다산동, 서울특별시 중구 동화동, 서울특별시 중구 신당5동, 서울특별시 중구 신당동, 서울특별시 중구 장충동, 서울특별시 중구 청구동]","[1114057000, 1114058000, 1114059000, 1114061500, 1114062500, 1114063500, 1114064500, 1114065000, 1114066500, 1114067000, 1120052000, 1120057000, 1120059000, 1120061500]","[서울특별시 성동구 금호1가동, 서울특별시 성동구 금호2·3가동, 서울특별시 성동구 왕십리2동, 서울특별시 성동구 행당2동, 서울특별시 중구 광희동, 서울특별시 중구 다산동, 서울특별시 중구 동화동, 서울특별시 중구 신당5동, 서울특별시 중구 신당동, 서울특별시 중구 약수동, 서울특별시 중구 장충동, 서울특별시 중구 청구동, 서울특별시 중구 필동, 서울특별시 중구 황학동]","[1114058000:서울특별시 중구 장충동, 1114059000:서울특별시 중구 광희동, 1114061500:서울특별시 중구 신당동, 1114062500:서울특별시 중구 다산동, 1114064500:서울특별시 중구 청구동, 1114065000:서울특별시 중구 신당5동, 1114066500:서울특별시 중구 동화동]","[1114057000:서울특별시 중구 필동, 1114058000:서울특별시 중구 장충동, 1114059000:서울특별시 중구 광희동, 1114061500:서울특별시 중구 신당동, 1114062500:서울특별시 중구 다산동, 1114063500:서울특별시 중구 약수동, 1114064500:서울특별시 중구 청구동, 1114065000:서울특별시 중구 신당5동, 1114066500:서울특별시 중구 동화동, 1114067000:서울특별시 중구 황학동, 1120052000:서울특별시 성동구 왕십리2동, 1120057000:서울특별시 성동구 행당2동, 1120059000:서울특별시 성동구 금호1가동, 1120061500:서울특별시 성동구 금호2·3가동]",ST000218
청구역,지하철,6호선,"[1114058000, 1114059000, 1114061500, 1114062500, 1114064500, 1114065000, 1114066500]","[서울특별시 중구 광희동, 서울특별시 중구 다산동, 서울특별시 중구 동화동, 서울특별시 중구 신당5동, 서울특별시 중구 신당동, 서울특별시 중구 장충동, 서울특별시 중구 청구동]","[1114057000, 1114058000, 1114059000, 1114061500, 1114062500, 1114063500, 1114064500, 1114065000, 1114066500, 1114067000, 1120052000, 1120057000, 1120059000, 1120061500]","[서울특별시 성동구 금호1가동, 서울특별시 성동구 금호2·3가동, 서울특별시 성동구 왕십리2동, 서울특별시 성동구 행당2동, 서울특별시 중구 광희동, 서울특별시 중구 다산동, 서울특별시 중구 동화동, 서울특별시 중구 신당5동, 서울특별시 중구 신당동, 서울특별시 중구 약수동, 서울특별시 중구 장충동, 서울특별시 중구 청구동, 서울특별시 중구 필동, 서울특별시 중구 황학동]","[1114058000:서울특별시 중구 장충동, 1114059000:서울특별시 중구 광희동, 1114061500:서울특별시 중구 신당동, 1114062500:서울특별시 중구 다산동, 1114064500:서울특별시 중구 청구동, 1114065000:서울특별시 중구 신당5동, 1114066500:서울특별시 중구 동화동]","[1114057000:서울특별시 중구 필동, 1114058000:서울특별시 중구 장충동, 1114059000:서울특별시 중구 광희동, 1114061500:서울특별시 중구 신당동, 1114062500:서울특별시 중구 다산동, 1114063500:서울특별시 중구 약수동, 1114064500:서울특별시 중구 청구동, 1114065000:서울특별시 중구 신당5동, 1114066500:서울특별시 중구 동화동, 1114067000:서울특별시 중구 황학동, 1120052000:서울특별시 성동구 왕십리2동, 1120057000:서울특별시 성동구 행당2동, 1120059000:서울특별시 성동구 금호1가동, 1120061500:서울특별시 성동구 금호2·3가동]",ST000218
청담역,지하철,7호선,"[1168056500, 1168058000, 1168059000]","[서울특별시 강남구 삼성1동, 서울특별시 강남구 삼성2동, 서울특별시 강남구 청담동]","[1168053100, 1168056500, 1168058000, 1168059000]","[서울특별시 강남구 논현2동, 서울특별시 강남구 삼성1동, 서울특별시 강남구 삼성2동, 서울특별시 강남구 청담동]","[1168056500:서울특별시 강남구 청담동, 1168058000:서울특별시 강남구 삼성1동, 1168059000:서울특별시 강남구 삼성2동]","[1168053100:서울특별시 강남구 논현2동, 1168056500:서울특별시 강남구 청담동, 1168058000:서울특별시 강남구 삼성1동, 1168059000:서울특별시 강남구 삼성2동]",ST000291
청라국제도시역,지하철,공항철도,"[2826051500, 2826053900]","[인천광역시 서구 검암경서동, 인천광역시 서구 청라3동]","[2826051500, 2826053700, 2826053900]","[인천광역시 서구 검암경서동, 인천광역시 서구 청라2동, 인천광역시 서구 청라3동]","[2826051500:인천광역시 서구 검암경서동, 2826053900:인천광역시 서구 청라3동]","[2826051500:인천광역시 서구 검암경서동, 2826053700:인천광역시 서구 청라2동, 2826053900:인천광역시 서구 청라3동]",ST000328
청량리역,일반철도,ITX-마음,"[1123053600, 1123054500, 1123056000, 1123060000, 1123070500]","[서울특별시 동대문구 답십리1동, 서울특별시 동대문구 용신동, 서울특별시 동대문구 전농1동, 서울특별시 동대문구 제기동, 서울특별시 동대문구 청량리동]","[1120054000, 1120079000, 1123053600, 1123054500, 1123056000, 1123057000, 1123060000, 1123070500, 1123073000]","[서울특별시 동대문구 답십리1동, 서울특별시 동대문구 용신동, 서울특별시 동대문구 전농1동, 서울특별시 동대문구 전농2동, 서울특별시 동대문구 제기동, 서울특별시 동대문구 청량리동, 서울특별시 동대문구 휘경2동, 서울특별시 성동구 마장동, 서울특별시 성동구 용답동]","[1123053600:서울특별시 동대문구 용신동, 1123054500:서울특별시 동대문구 제기동, 1123056000:서울특별시 동대문구 전농1동, 1123060000:서울특별시 동대문구 답십리1동, 1123070500:서울특별시 동대문구 청량리동]","[1120054000:서울특별시 성동구 마장동, 1120079000:서울특별시 성동구 용답동, 1123053600:서울특별시 동대문구 용신동, 1123054500:서울특별시 동대문구 제기동, 1123056000:서울특별시 동대문구 전농1동, 1123057000:서울특별시 동대문구 전농2동, 1123060000:서울특별시 동대문구 답십리1동, 1123070500:서울특별시 동대문구 청량리동, 1123073000:서울특별시 동대문구 휘경2동]",ST000102
청량리역,일반철도,ITX-새마을,"[1123053600, 1123054500, 1123056000, 1123060000, 1123070500]","[서울특별시 동대문구 답십리1동, 서울특별시 동대문구 용신동, 서울특별시 동대문구 전농1동, 서울특별시 동대문구 제기동, 서울특별시 동대문구 청량리동]","[1120054000, 1120079000, 1123053600, 1123054500, 1123056000, 1123057000, 1123060000, 1123070500, 1123073000]","[서울특별시 동대문구 답십리1동, 서울특별시 동대문구 용신동, 서울특별시 동대문구 전농1동, 서울특별시 동대문구 전농2동, 서울특별시 동대문구 제기동, 서울특별시 동대문구 청량리동, 서울특별시 동대문구 휘경2동, 서울특별시 성동구 마장동, 서울특별시 성동구 용답동]","[1123053600:서울특별시 동대문구 용신동, 1123054500:서울특별시 동대문구 제기동, 1123056000:서울특별시 동대문구 전농1동, 1123060000:서울특별시 동대문구 답십리1동, 1123070500:서울특별시 동대문구 청량리동]","[1120054000:서울특별시 성동구 마장동, 1120079000:서울특별시 성동구 용답동, 1123053600:서울특별시 동대문구 용신동, 1123054500:서울특별시 동대문구 제기동, 1123056000:서울특별시 동대문구 전농1동, 1123057000:서울특별시 동대문구 전농2동, 1123060000:서울특별시 동대문구 답십리1동, 1123070500:서울특별시 동대문구 청량리동, 1123073000:서울특별시 동대문구 휘경2동]",ST000102
청량리역,일반철도,무궁화,"[1123053600, 1123054500, 1123056000, 1123060000, 1123070500]","[서울특별시 동대문구 답십리1동, 서울특별시 동대문구 용신동, 서울특별시 동대문구 전농1동, 서울특별시 동대문구 제기동, 서울특별시 동대문구 청량리동]","[1120054000, 1120079000, 1123053600, 1123054500, 1123056000, 1123057000, 1123060000, 1123070500, 1123073000]","[서울특별시 동대문구 답십리1동, 서울특별시 동대문구 용신동, 서울특별시 동대문구 전농1동, 서울특별시 동대문구 전농2동, 서울특별시 동대문구 제기동, 서울특별시 동대문구 청량리동, 서울특별시 동대문구 휘경2동, 서울특별시 성동구 마장동, 서울특별시 성동구 용답동]","[1123053600:서울특별시 동대문구 용신동, 1123054500:서울특별시 동대문구 제기동, 1123056000:서울특별시 동대문구 전농1동, 1123060000:서울특별시 동대문구 답십리1동, 1123070500:서울특별시 동대문구 청량리동]","[1120054000:서울특별시 성동구 마장동, 1120079000:서울특별시 성동구 용답동, 1123053600:서울특별시 동대문구 용신동, 1123054500:서울특별시 동대문구 제기동, 1123056000:서울특별시 동대문구 전농1동, 1123057000:서울특별시 동대문구 전농2동, 1123060000:서울특별시 동대문구 답십리1동, 1123070500:서울특별시 동대문구 청량리동, 1123073000:서울특별시 동대문구 휘경2동]",ST000102
청량리역,준고속철도,KTX-이음,"[1123053600, 1123054500, 1123056000, 1123060000, 1123070500]","[서울특별시 동대문구 답십리1동, 서울특별시 동대문구 용신동, 서울특별시 동대문구 전농1동, 서울특별시 동대문구 제기동, 서울특별시 동대문구 청량리동]","[1120054000, 1120079000, 1123053600, 1123054500, 1123056000, 1123057000, 1123060000, 1123070500, 1123073000]","[서울특별시 동대문구 답십리1동, 서울특별시 동대문구 용신동, 서울특별시 동대문구 전농1동, 서울특별시 동대문구 전농2동, 서울특별시 동대문구 제기동, 서울특별시 동대문구 청량리동, 서울특별시 동대문구 휘경2동, 서울특별시 성동구 마장동, 서울특별시 성동구 용답동]","[1123053600:서울특별시 동대문구 용신동, 1123054500:서울특별시 동대문구 제기동, 1123056000:서울특별시 동대문구 전농1동, 1123060000:서울특별시 동대문구 답십리1동, 1123070500:서울특별시 동대문구 청량리동]","[1120054000:서울특별시 성동구 마장동, 1120079000:서울특별시 성동구 용답동, 1123053600:서울특별시 동대문구 용신동, 1123054500:서울특별시 동대문구 제기동, 1123056000:서울특별시 동대문구 전농1동, 1123057000:서울특별시 동대문구 전농2동, 1123060000:서울특별시 동대문구 답십리1동, 1123070500:서울특별시 동대문구 청량리동, 1123073000:서울특별시 동대문구 휘경2동]",ST000102
청량리역,지하철,1호선,"[1123053600, 1123054500, 1123056000, 1123060000, 1123070500]","[서울특별시 동대문구 답십리1동, 서울특별시 동대문구 용신동, 서울특별시 동대문구 전농1동, 서울특별시 동대문구 제기동, 서울특별시 동대문구 청량리동]","[1120054000, 1120079000, 1123053600, 1123054500, 1123056000, 1123057000, 1123060000, 1123070500, 1123073000]","[서울특별시 동대문구 답십리1동, 서울특별시 동대문구 용신동, 서울특별시 동대문구 전농1동, 서울특별시 동대문구 전농2동, 서울특별시 동대문구 제기동, 서울특별시 동대문구 청량리동, 서울특별시 동대문구 휘경2동, 서울특별시 성동구 마장동, 서울특별시 성동구 용답동]","[1123053600:서울특별시 동대문구 용신동, 1123054500:서울특별시 동대문구 제기동, 1123056000:서울특별시 동대문구 전농1동, 1123060000:서울특별시 동대문구 답십리1동, 1123070500:서울특별시 동대문구 청량리동]","[1120054000:서울특별시 성동구 마장동, 1120079000:서울특별시 성동구 용답동, 1123053600:서울특별시 동대문구 용신동, 1123054500:서울특별시 동대문구 제기동, 1123056000:서울특별시 동대문구 전농1동, 1123057000:서울특별시 동대문구 전농2동, 1123060000:서울특별시 동대문구 답십리1동, 1123070500:서울특별시 동대문구 청량리동, 1123073000:서울특별시 동대문구 휘경2동]",ST000102
청량리역,지하철,경의중앙선,"[1123053600, 1123054500, 1123056000, 1123060000, 1123070500]","[서울특별시 동대문구 답십리1동, 서울특별시 동대문구 용신동, 서울특별시 동대문구 전농1동, 서울특별시 동대문구 제기동, 서울특별시 동대문구 청량리동]","[1120054000, 1120079000, 1123053600, 1123054500, 1123056000, 1123057000, 1123060000, 1123070500, 1123073000]","[서울특별시 동대문구 답십리1동, 서울특별시 동대문구 용신동, 서울특별시 동대문구 전농1동, 서울특별시 동대문구 전농2동, 서울특별시 동대문구 제기동, 서울특별시 동대문구 청량리동, 서울특별시 동대문구 휘경2동, 서울특별시 성동구 마장동, 서울특별시 성동구 용답동]","[1123053600:서울특별시 동대문구 용신동, 1123054500:서울특별시 동대문구 제기동, 1123056000:서울특별시 동대문구 전농1동, 1123060000:서울특별시 동대문구 답십리1동, 1123070500:서울특별시 동대문구 청량리동]","[1120054000:서울특별시 성동구 마장동, 1120079000:서울특별시 성동구 용답동, 1123053600:서울특별시 동대문구 용신동, 1123054500:서울특별시 동대문구 제기동, 1123056000:서울특별시 동대문구 전농1동, 1123057000:서울특별시 동대문구 전농2동, 1123060000:서울특별시 동대문구 답십리1동, 1123070500:서울특별시 동대문구 청량리동, 1123073000:서울특별시 동대문구 휘경2동]",ST000102
청량리역,지하철,경춘선,"[1123053600, 1123054500, 1123056000, 1123060000, 1123070500]","[서울특별시 동대문구 답십리1동, 서울특별시 동대문구 용신동, 서울특별시 동대문구 전농1동, 서울특별시 동대문구 제기동, 서울특별시 동대문구 청량리동]","[1120054000, 1120079000, 1123053600, 1123054500, 1123056000, 1123057000, 1123060000, 1123070500, 1123073000]","[서울특별시 동대문구 답십리1동, 서울특별시 동대문구 용신동, 서울특별시 동대문구 전농1동, 서울특별시 동대문구 전농2동, 서울특별시 동대문구 제기동, 서울특별시 동대문구 청량리동, 서울특별시 동대문구 휘경2동, 서울특별시 성동구 마장동, 서울특별시 성동구 용답동]","[1123053600:서울특별시 동대문구 용신동, 1123054500:서울특별시 동대문구 제기동, 1123056000:서울특별시 동대문구 전농1동, 1123060000:서울특별시 동대문구 답십리1동, 1123070500:서울특별시 동대문구 청량리동]","[1120054000:서울특별시 성동구 마장동, 1120079000:서울특별시 성동구 용답동, 1123053600:서울특별시 동대문구 용신동, 1123054500:서울특별시 동대문구 제기동, 1123056000:서울특별시 동대문구 전농1동, 1123057000:서울특별시 동대문구 전농2동, 1123060000:서울특별시 동대문구 답십리1동, 1123070500:서울특별시 동대문구 청량리동, 1123073000:서울특별시 동대문구 휘경2동]",ST000102
청명역,지하철,수인분당선,"[4111757000, 4111758000, 4146351500]","[경기도 수원시영통구 영통1동, 경기도 수원시영통구 영통2동, 경기도 용인시기흥구 영덕동]","[4111755000, 4111757000, 4111758000, 4146351500]","[경기도 수원시영통구 영통1동, 경기도 수원시영통구 영통2동, 경기도 수원시영통구 원천동, 경기도 용인시기흥구 영덕동]","[4111757000:경기도 수원시영통구 영통1동, 4111758000:경기도 수원시영통구 영통2동, 4146351500:경기도 용인시기흥구 영덕동]","[4111755000:경기도 수원시영통구 원천동, 4111757000:경기도 수원시영통구 영통1동, 4111758000:경기도 수원시영통구 영통2동, 4146351500:경기도 용인시기흥구 영덕동]",ST000494
청산역,지하철,1호선,"[4115051000, 4115052000, 4115053000]","[경기도 의정부시 의정부1동, 경기도 의정부시 의정부2동, 경기도 의정부시 의정부3동]","[4115051000, 4115052000, 4115053000, 4115055500, 4115056700, 4115056800, 4115058000, 4115059000, 4115060000]","[경기도 의정부시 가능1동, 경기도 의정부시 가능2동, 경기도 의정부시 신곡1동, 경기도 의정부시 신곡2동, 경기도 의정부시 의정부1동, 경기도 의정부시 의정부2동, 경기도 의정부시 의정부3동, 경기도 의정부시 자금동, 경기도 의정부시 호원2동]","[4115051000:경기도 의정부시 의정부1동, 4115052000:경기도 의정부시 의정부2동, 4115053000:경기도 의정부시 의정부3동]","[4115051000:경기도 의정부시 의정부1동, 4115052000:경기도 의정부시 의정부2동, 4115053000:경기도 의정부시 의정부3동, 4115055500:경기도 의정부시 호원2동, 4115056700:경기도 의정부시 신곡1동, 4115056800:경기도 의정부시 신곡2동, 4115058000:경기도 의정부시 자금동, 4115059000:경기도 의정부시 가능1동, 4115060000:경기도 의정부시 가능2동]",ST000738
청평역,지하철,경춘선,[4182032500],[경기도 가평군 청평면],[4182032500],[경기도 가평군 청평면],[4182032500:경기도 가평군 청평면],[4182032500:경기도 가평군 청평면],ST000597
초 월역,지하철,경강선,[4161025300],[경기도 광주시 초월읍],[4161025300],[경기도 광주시 초월읍],[4161025300:경기도 광주시 초월읍],[4161025300:경기도 광주시 초월읍],ST000746
초당역,지하철,에버라인,"[4146358500, 4146358600]","[경기도 용인시기흥구 동백동, 경기도 용인시기흥구 상하동]","[4146152000, 4146358500, 4146358600]","[경기도 용인시기흥구 동백동, 경기도 용인시기흥구 상하동, 경기도 용인시처인구 역삼동]","[4146358500:경기도 용인시기흥구 동백동, 4146358600:경기도 용인시기흥구 상하동]","[4146152000:경기도 용인시처인구 역삼동, 4146358500:경기도 용인시기흥구 동백동, 4146358600:경기도 용인시기흥구 상하동]",ST000395
초월역,지하철,경강선,[4161025300],[경기도 광주시 초월읍],[4161025300],[경기도 광주시 초월읍],[4161025300:경기도 광주시 초월읍],[4161025300:경기도 광주시 초월읍],ST000571
초지역,지하철,4호선,"[4127355000, 4127357000]","[경기도 안산시단원구 원곡1동, 경기도 안산시단원구 초지동]","[4127355000, 4127356000, 4127357000, 4127358000]","[경기도 안산시단원구 선부1동, 경기도 안산시단원구 원곡1동, 경기도 안산시단원구 원곡2동, 경기도 안산시단원구 초지동]","[4127355000:경기도 안산시단원구 원곡1동, 4127357000:경기도 안산시단원구 초지동]","[4127355000:경기도 안산시단원구 원곡1동, 4127356000:경기도 안산시단원구 원곡2동, 4127357000:경기도 안산시단원구 초지동, 4127358000:경기도 안산시단원구 선부1동]",ST000361
초지역,지하철,서해선,"[4127355000, 4127357000]","[경기도 안산시단원구 원곡1동, 경기도 안산시단원구 초지동]","[4127355000, 4127356000, 4127357000, 4127358000]","[경기도 안산시단원구 선부1동, 경기도 안산시단원구 원곡1동, 경기도 안산시단원구 원곡2동, 경기도 안산시단원구 초지동]","[4127355000:경기도 안산시단원구 원곡1동, 4127357000:경기도 안산시단원구 초지동]","[4127355000:경기도 안산시단원구 원곡1동, 4127356000:경기도 안산시단원구 원곡2동, 4127357000:경기도 안산시단원구 초지동, 4127358000:경기도 안산시단원구 선부1동]",ST000361
초지역,지하철,수인분당선,"[4127355000, 4127357000]","[경기도 안산시단원구 원곡1동, 경기도 안산시단원구 초지동]","[4127355000, 4127356000, 4127357000, 4127358000]","[경기도 안산시단원구 선부1동, 경기도 안산시단원구 원곡1동, 경기도 안산시단원구 원곡2동, 경기도 안산시단원구 초지동]","[4127355000:경기도 안산시단원구 원곡1동, 4127357000:경기도 안산시단원구 초지동]","[4127355000:경기도 안산시단원구 원곡1동, 4127356000:경기도 안산시단원구 원곡2동, 4127357000:경기도 안산시단원구 초지동, 4127358000:경기도 안산시단원구 선부1동]",ST000361
초지역,지하철,안산과천선,"[4127355000, 4127357000]","[경기도 안산시단원구 원곡1동, 경기도 안산시단원구 초지동]","[4127355000, 4127356000, 4127357000, 4127358000]","[경기도 안산시단원구 선부1동, 경기도 안산시단원구 원곡1동, 경기도 안산시단원구 원곡2동, 경기도 안산시단원구 초지동]","[4127355000:경기도 안산시단원구 원곡1동, 4127357000:경기도 안산시단원구 초지동]","[4127355000:경기도 안산시단원구 원곡1동, 4127356000:경기도 안산시단원구 원곡2동, 4127357000:경기도 안산시단원구 초지동, 4127358000:경기도 안산시단원구 선부1동]",ST000361
초지역,지하철,안산선,"[4127355000, 4127357000]","[경기도 안산시단원구 원곡1동, 경기도 안산시단원구 초지동]","[4127355000, 4127356000, 4127357000, 4127358000]","[경기도 안산시단원구 선부1동, 경기도 안산시단원구 원곡1동, 경기도 안산시단원구 원곡2동, 경기도 안산시단원구 초지동]","[4127355000:경기도 안산시단원구 원곡1동, 4127357000:경기도 안산시단원구 초지동]","[4127355000:경기도 안산시단원구 원곡1동, 4127356000:경기도 안산시단원구 원곡2동, 4127357000:경기도 안산시단원구 초지동, 4127358000:경기도 안산시단원구 선부1동]",ST000361
총신대입구역,지하철,4호선,"[1159062000, 1159063000, 1159064000, 1165059000, 1165061000, 1165062100]","[서울특별시 동작구 사당1동, 서울특별시 동작구 사당2동, 서울특별시 동작구 사당3동, 서울특별시 서초구 방배2동, 서울특별시 서초구 방배4동, 서울특별시 서초구 방배본동]","[1159062000, 1159063000, 1159064000, 1159065000, 1165059000, 1165060000, 1165061000, 1165062100]","[서울특별시 동작구 사당1동, 서울특별시 동작구 사당2동, 서울특별시 동작구 사당3동, 서울특별시 동작구 사당4동, 서울특별시 서초구 방배1동, 서울특별시 서초구 방배2동, 서울특별시 서초구 방배4동, 서울특별시 서초구 방배본동]","[1159062000:서울특별시 동작구 사당1동, 1159063000:서울특별시 동작구 사당2동, 1159064000:서울특별시 동작구 사당3동, 1165059000:서울특별시 서초구 방배본동, 1165061000:서울특별시 서초구 방배2동, 1165062100:서울특별시 서초구 방배4동]","[1159062000:서울특별시 동작구 사당1동, 1159063000:서울특별시 동작구 사당2동, 1159064000:서울특별시 동작구 사당3동, 1159065000:서울특별시 동작구 사당4동, 1165059000:서울특별시 서초구 방배본동, 1165060000:서울특별시 서초구 방배1동, 1165061000:서울특별시 서초구 방배2동, 1165062100:서울특별시 서초구 방배4동]",ST000197
총신대입구역,지하철,7호선,"[1159062000, 1159063000, 1159064000, 1165059000, 1165061000, 1165062100]","[서울특별시 동작구 사당1동, 서울특별시 동작구 사당2동, 서울특별시 동작구 사당3동, 서울특별시 서초구 방배2동, 서울특별시 서초구 방배4동, 서울특별시 서초구 방배본동]","[1159062000, 1159063000, 1159064000, 1159065000, 1165059000, 1165060000, 1165061000, 1165062100]","[서울특별시 동작구 사당1동, 서울특별시 동작구 사당2동, 서울특별시 동작구 사당3동, 서울특별시 동작구 사당4동, 서울특별시 서초구 방배1동, 서울특별시 서초구 방배2동, 서울특별시 서초구 방배4동, 서울특별시 서초구 방배본동]","[1159062000:서울특별시 동작구 사당1동, 1159063000:서울특별시 동작구 사당2동, 1159064000:서울특별시 동작구 사당3동, 1165059000:서울특별시 서초구 방배본동, 1165061000:서울특별시 서초구 방배2동, 1165062100:서울특별시 서초구 방배4동]","[1159062000:서울특별시 동작구 사당1동, 1159063000:서울특별시 동작구 사당2동, 1159064000:서울특별시 동작구 사당3동, 1159065000:서울특별시 동작구 사당4동, 1165059000:서울특별시 서초구 방배본동, 1165060000:서울특별시 서초구 방배1동, 1165061000:서울특별시 서초구 방배2동, 1165062100:서울특별시 서초구 방배4동]",ST000197
춘의역,지하철,7호선,"[4119056000, 4119059000, 4119060000, 4119067000, 4119068000, 4119080000]","[경기도 부천시 도당동, 경기도 부천시 성곡동, 경기도 부천시 원미1동, 경기도 부천시 중2동, 경기도 부천시 중3동, 경기도 부천시 춘의동]","[4119052000, 4119056000, 4119059000, 4119060000, 4119065000, 4119066000, 4119067000, 4119068000, 4119080000]","[경기도 부천시 도당동, 경기도 부천시 성곡동, 경기도 부천시 심곡1동, 경기도 부천시 약대동, 경기도 부천시 원미1동, 경기도 부천시 중1동, 경기도 부천시 중2동, 경기도 부천시 중3동, 경기도 부천시 춘의동]","[4119056000:경기도 부천시 원미1동, 4119059000:경기도 부천시 춘의동, 4119060000:경기도 부천시 도당동, 4119067000:경기도 부천시 중2동, 4119068000:경기도 부천시 중3동, 4119080000:경기도 부천시 성곡동]","[4119052000:경기도 부천시 심곡1동, 4119056000:경기도 부천시 원미1동, 4119059000:경기도 부천시 춘의동, 4119060000:경기도 부천시 도당동, 4119065000:경기도 부천시 약대동, 4119066000:경기도 부천시 중1동, 4119067000:경기도 부천시 중2동, 4119068000:경기도 부천시 중3동, 4119080000:경기도 부천시 성곡동]",ST000427
충무로역,지하철,3호선,"[1114055000, 1114057000, 1114058000, 1114059000, 1114060500]","[서울특별시 중구 광희동, 서울특별시 중구 명동, 서울특별시 중구 을지로동, 서울특별시 중구 장충동, 서울특별시 중구 필동]","[1111061500, 1114055000, 1114057000, 1114058000, 1114059000, 1114060500]","[서울특별시 종로구 종로1·2·3·4가동, 서울특별시 중구 광희동, 서울특별시 중구 명동, 서울특별시 중구 을지로동, 서울특별시 중구 장충동, 서울특별시 중구 필동]","[1114055000:서울특별시 중구 명동, 1114057000:서울특별시 중구 필동, 1114058000:서울특별시 중구 장충동, 1114059000:서울특별시 중구 광희동, 1114060500:서울특별시 중구 을지로동]","[1111061500:서울특별시 종로구 종로1·2·3·4가동, 1114055000:서울특별시 중구 명동, 1114057000:서울특별시 중구 필동, 1114058000:서울특별시 중구 장충동, 1114059000:서울특별시 중구 광희동, 1114060500:서울특별시 중구 을지로동]",ST000161
충무로역,지하철,4호선,"[1114055000, 1114057000, 1114058000, 1114059000, 1114060500]","[서울특별시 중구 광희동, 서울특별시 중구 명동, 서울특별시 중구 을지로동, 서울특별시 중구 장충동, 서울특별시 중구 필동]","[1111061500, 1114055000, 1114057000, 1114058000, 1114059000, 1114060500]","[서울특별시 종로구 종로1·2·3·4가동, 서울특별시 중구 광희동, 서울특별시 중구 명동, 서울특별시 중구 을지로동, 서울특별시 중구 장충동, 서울특별시 중구 필동]","[1114055000:서울특별시 중구 명동, 1114057000:서울특별시 중구 필동, 1114058000:서울특별시 중구 장충동, 1114059000:서울특별시 중구 광희동, 1114060500:서울특별시 중구 을지로동]","[1111061500:서울특별시 종로구 종로1·2·3·4가동, 1114055000:서울특별시 중구 명동, 1114057000:서울특별시 중구 필동, 1114058000:서울특별시 중구 장충동, 1114059000:서울특별시 중구 광희동, 1114060500:서울특별시 중구 을지로동]",ST000161
충정로역,지하철,2호선,"[1114054000, 1114068000, 1141055500, 1141056500, 1144056500]","[서울특별시 마포구 공덕동, 서울특별시 서대문구 북아현동, 서울특별시 서대문구 충현동, 서울특별시 중구 중림동, 서울특별시 중구 회현동]","[1111058000, 1114052000, 1114054000, 1114068000, 1117053000, 1117055500, 1141052000, 1141055500, 1141056500, 1144055500, 1144056500]","[서울특별시 마포구 공덕동, 서울특별시 마포구 아현동, 서울특별시 서대문구 북아현동, 서울특별시 서대문구 천연동, 서울특별시 서대문구 충현동, 서울특별시 용산구 남영동, 서울특별시 용산구 청파동, 서울특별시 종로구 교남동, 서울특별시 중구 소공동, 서울특별시 중구 중림동, 서울특별시 중구 회현동]","[1114054000:서울특별시 중구 회현동, 1114068000:서울특별시 중구 중림동, 1141055500:서울특별시 서대문구 북아현동, 1141056500:서울특별시 서대문구 충현동, 1144056500:서울특별시 마포구 공덕동]","[1111058000:서울특별시 종로구 교남동, 1114052000:서울특별시 중구 소공동, 1114054000:서울특별시 중구 회현동, 1114068000:서울특별시 중구 중림동, 1117053000:서울특별시 용산구 남영동, 1117055500:서울특별시 용산구 청파동, 1141052000:서울특별시 서대문구 천연동, 1141055500:서울특별시 서대문구 북아현동, 1141056500:서울특별시 서대문구 충현동, 1144055500:서울특별시 마포구 아현동, 1144056500:서울특별시 마포구 공덕동]",ST000143
충정로역,지하철,5호선,"[1114054000, 1114068000, 1141055500, 1141056500, 1144056500]","[서울특별시 마포구 공덕동, 서울특별시 서대문구 북아현동, 서울특별시 서대문구 충현동, 서울특별시 중구 중림동, 서울특별시 중구 회현동]","[1111058000, 1114052000, 1114054000, 1114068000, 1117053000, 1117055500, 1141052000, 1141055500, 1141056500, 1144055500, 1144056500]","[서울특별시 마포구 공덕동, 서울특별시 마포구 아현동, 서울특별시 서대문구 북아현동, 서울특별시 서대문구 천연동, 서울특별시 서대문구 충현동, 서울특별시 용산구 남영동, 서울특별시 용산구 청파동, 서울특별시 종로구 교남동, 서울특별시 중구 소공동, 서울특별시 중구 중림동, 서울특별시 중구 회현동]","[1114054000:서울특별시 중구 회현동, 1114068000:서울특별시 중구 중림동, 1141055500:서울특별시 서대문구 북아현동, 1141056500:서울특별시 서대문구 충현동, 1144056500:서울특별시 마포구 공덕동]","[1111058000:서울특별시 종로구 교남동, 1114052000:서울특별시 중구 소공동, 1114054000:서울특별시 중구 회현동, 1114068000:서울특별시 중구 중림동, 1117053000:서울특별시 용산구 남영동, 1117055500:서울특별시 용산구 청파동, 1141052000:서울특별시 서대문구 천연동, 1141055500:서울특별시 서대문구 북아현동, 1141056500:서울특별시 서대문구 충현동, 1144055500:서울특별시 마포구 아현동, 1144056500:서울특별시 마포구 공덕동]",ST000143
캠퍼스타운역,지하철,인천1호선,"[2818582000, 2818584000]","[인천광역시 연수구 송도1동, 인천광역시 연수구 송도3동]","[2818578000, 2818579000, 2818582000, 2818584000, 2820071000]","[인천광역시 남동구 논현고잔동, 인천광역시 연수구 동춘1동, 인천광역시 연수구 동춘2동, 인천광역시 연수구 송도1동, 인천광역시 연수구 송도3동]","[2818582000:인천광역시 연수구 송도1동, 2818584000:인천광역시 연수구 송도3동]","[2818578000:인천광역시 연수구 동춘1동, 2818579000:인천광역시 연수구 동춘2동, 2818582000:인천광역시 연수구 송도1동, 2818584000:인천광역시 연수구 송도3동, 2820071000:인천광역시 남동구 논현고잔동]",ST000062
킨텍스역,광역급행철도,GTXA,"[4128558000, 4128757000, 4128758000]","[경기도 고양시일산동구 장항1동, 경기도 고양시일산서구 대화동, 경기도 고양시일산서구 송포동]","[4128558000, 4128559000, 4128755000, 4128756000, 4128757000, 4128758000]","[경기도 고양시일산동구 장항1동, 경기도 고양시일산동구 장항2동, 경기도 고양시일산서구 주엽1동, 경기도 고양시일산서구 주엽2동, 경기도 고양시일산서구 대화동, 경기도 고양시일산서구 송포동]","[4128558000:경기도 고양시일산동구 장항1동, 4128757000:경기도 고양시일산서구 대화동, 4128758000:경기도 고양시일산서구 송포동]","[4128558000:경기도 고양시일산동구 장항1동, 4128559000:경기도 고양시일산동구 장항2동, 4128755000:경기도 고양시일산서구 주엽1동, 4128756000:경기도 고양시일산서구 주엽2동, 4128757000:경기도 고양시일산서구 대화동, 4128758000:경기도 고양시일산서구 송포동]",GTX_킨텍스_GTXA
탄현역,지하철,경의중앙선,"[4128754000, 4128759000]","[경기도 고양시일산서구 송산동, 경기도 고양시일산서구 탄현동]","[4128751000, 4128753000, 4128754000, 4128757000, 4128758000, 4128759000]","[경기도 고양시일산서구 대화동, 경기도 고양시일산서구 송산동, 경기도 고양시일산서구 송포동, 경기도 고양시일산서구 일산1동, 경기도 고양시일산서구 일산3동, 경기도 고양시일산서구 탄현동]","[4128754000:경기도 고양시일산서구 탄현동, 4128759000:경기도 고양시일산서구 송산동]","[4128751000:경기도 고양시일산서구 일산1동, 4128753000:경기도 고양시일산서구 일산3동, 4128754000:경기도 고양시일산서구 탄현동, 4128757000:경기도 고양시일산서구 대화동, 4128758000:경기도 고양시일산서구 송포동, 4128759000:경기도 고양시일산서구 송산동]",ST000615
탑석역,지하철,의정부,"[4115057300, 4115057600]","[경기도 의정부시 송산1동, 경기도 의정부시 송산2동]","[4115057300, 4115057600]","[경기도 의정부시 송산1동, 경기도 의정부시 송산2동]","[4115057300:경기도 의정부시 송산1동, 4115057600:경기도 의정부시 송산2동]","[4115057300:경기도 의정부시 송산1동, 4115057600:경기도 의정부시 송산2동]",ST000371
태릉입구역,지하철,6호선,"[1126062000, 1126063000, 1129081000, 1135058000, 1135059500]","[서울특별시 노원구 공릉1동, 서울특별시 노원구 월계3동, 서울특별시 성북구 석관동, 서울특별시 중랑구 묵1동, 서울특별시 중랑구 묵2동]","[1126062000, 1126063000, 1129081000, 1135056000, 1135058000, 1135059500, 1135060000]","[서울특별시 노원구 공릉1동, 서울특별시 노원구 공릉2동, 서울특별시 노원구 월계1동, 서울특별시 노원구 월계3동, 서울특별시 성북구 석관동, 서울특별시 중랑구 묵1동, 서울특별시 중랑구 묵2동]","[1126062000:서울특별시 중랑구 묵1동, 1126063000:서울특별시 중랑구 묵2동, 1129081000:서울특별시 성북구 석관동, 1135058000:서울특별시 노원구 월계3동, 1135059500:서울특별시 노원구 공릉1동]","[1126062000:서울특별시 중랑구 묵1동, 1126063000:서울특별시 중랑구 묵2동, 1129081000:서울특별시 성북구 석관동, 1135056000:서울특별시 노원구 월계1동, 1135058000:서울특별시 노원구 월계3동, 1135059500:서울특별시 노원구 공릉1동, 1135060000:서울특별시 노원구 공릉2동]",ST000270
태릉입구역,지하철,7호선,"[1126062000, 1126063000, 1129081000, 1135058000, 1135059500]","[서울특별시 노원구 공릉1동, 서울특별시 노원구 월계3동, 서울특별시 성북구 석관동, 서울특별시 중랑구 묵1동, 서울특별시 중랑구 묵2동]","[1126062000, 1126063000, 1129081000, 1135056000, 1135058000, 1135059500, 1135060000]","[서울특별시 노원구 공릉1동, 서울특별시 노원구 공릉2동, 서울특별시 노원구 월계1동, 서울특별시 노원구 월계3동, 서울특별시 성북구 석관동, 서울특별시 중랑구 묵1동, 서울특별시 중랑구 묵2동]","[1126062000:서울특별시 중랑구 묵1동, 1126063000:서울특별시 중랑구 묵2동, 1129081000:서울특별시 성북구 석관동, 1135058000:서울특별시 노원구 월계3동, 1135059500:서울특별시 노원구 공릉1동]","[1126062000:서울특별시 중랑구 묵1동, 1126063000:서울특별시 중랑구 묵2동, 1129081000:서울특별시 성북구 석관동, 1135056000:서울특별시 노원구 월계1동, 1135058000:서울특별시 노원구 월계3동, 1135059500:서울특별시 노원구 공릉1동, 1135060000:서울특별시 노원구 공릉2동]",ST000270
태평역,지하철,수인분당선,"[4113154000, 4113156000, 4113157000, 4113158000]","[경기도 성남시수정구 수진1동, 경기도 성남시수정구 수진2동, 경기도 성남시수정구 태평1동, 경기도 성남시수정구 태평3동]","[4113151000, 4113154000, 4113155000, 4113156000, 4113157000, 4113158000, 4113163000, 4113164000, 4113351000]","[경기도 성남시수정구 고등동, 경기도 성남시수정구 수진1동, 경기도 성남시수정구 수진2동, 경기도 성남시수정구 신촌동, 경기도 성남시수정구 신흥1동, 경기도 성남시수정구 태평1동, 경기도 성남시수정구 태평2동, 경기도 성남시수정구 태평3동, 경기도 성남시중원구 성남동]","[4113154000:경기도 성남시수정구 태평1동, 4113156000:경기도 성남시수정구 태평3동, 4113157000:경기도 성남시수정구 수진1동, 4113158000:경기도 성남시수정구 수진2동]","[4113151000:경기도 성남시수정구 신흥1동, 4113154000:경기도 성남시수정구 태평1동, 4113155000:경기도 성남시수정구 태평2동, 4113156000:경기도 성남시수정구 태평3동, 4113157000:경기도 성남시수정구 수진1동, 4113158000:경기도 성남시수정구 수진2동, 4113163000:경기도 성남시수정구 신촌동, 4113164000:경기도 성남시수정구 고등동, 4113351000:경기도 성남시중원구 성남동]",ST000504
테크노파크역,지하철,인천1호선,"[2818582000, 2818584000]","[인천광역시 연수구 송도1동, 인천광역시 연수구 송도3동]","[2818582000, 2818584000]","[인천광역시 연수구 송도1동, 인천광역시 연수구 송도3동]","[2818582000:인천광역시 연수구 송도1동, 2818584000:인천광역시 연수구 송도3동]","[2818582000:인천광역시 연수구 송도1동, 2818584000:인천광역시 연수구 송도3동]",ST000063
퇴계원역,지하철,경춘선,"[4131052000, 4136037000]","[경기도 구리시 동구동, 경기도 남양주시 퇴계원면]","[4131052000, 4136025900, 4136037000, 4136057000]","[경기도 구리시 동구동, 경기도 남양주시 별내동, 경기도 남양주시 진건읍, 경기도 남양주시 퇴계원면]","[4131052000:경기도 구리시 동구동, 4136037000:경기도 남양주시 퇴계원면]","[4131052000:경기도 구리시 동구동, 4136025900:경기도 남양주시 진건읍, 4136037000:경기도 남양주시 퇴계원면, 4136057000:경기도 남양주시 별내동]",ST000604
파라다이스시티역,지하철,자기부상,[2811062800],[인천광역시 중구 운서동],[2811062800],[인천광역시 중구 운서동],[2811062800:인천광역시 중구 운서동],[2811062800:인천광역시 중구 운서동],ST000751
파라다이스시티역,지하철,자기부상철도,[2811062800],[인천광역시 중구 운서동],[2811062800],[인천광역시 중구 운서동],[2811062800:인천광역시 중구 운서동],[2811062800:인천광역시 중구 운서동],ST000751
파주역,지하철,경의중앙선,[4148025300],[경기도 파주시 파주읍],"[4148025300, 4148031000]","[경기도 파주시 월롱면, 경기도 파주시 파주읍]",[4148025300:경기도 파주시 파주읍],"[4148025300:경기도 파주시 파주읍, 4148031000:경기도 파주시 월롱면]",ST000609
판교역,일반철도,무궁화,"[4113565500, 4113565700]","[경기도 성남시분당구 백현동, 경기도 성남시분당구 삼평동]","[4113558000, 4113561000, 4113565000, 4113565500, 4113565700]","[경기도 성남시분당구 백현동, 경기도 성남시분당구 삼평동, 경기도 성남시분당구 서현1동, 경기도 성남시분당구 이매2동, 경기도 성남시분당구 판교동]","[4113565500:경기도 성남시분당구 삼평동, 4113565700:경기도 성남시분당구 백현동]","[4113558000:경기도 성남시분당구 서현1동, 4113561000:경기도 성남시분당구 이매2동, 4113565000:경기도 성남시분당구 판교동, 4113565500:경기도 성남시분당구 삼평동, 4113565700:경기도 성남시분당구 백현동]",ST000411
판교역,일반철도,새마을,"[4113565500, 4113565700]","[경기도 성남시분당구 백현동, 경기도 성남시분당구 삼평동]","[4113558000, 4113561000, 4113565000, 4113565500, 4113565700]","[경기도 성남시분당구 백현동, 경기도 성남시분당구 삼평동, 경기도 성남시분당구 서현1동, 경기도 성남시분당구 이매2동, 경기도 성남시분당구 판교동]","[4113565500:경기도 성남시분당구 삼평동, 4113565700:경기도 성남시분당구 백현동]","[4113558000:경기도 성남시분당구 서현1동, 4113561000:경기도 성남시분당구 이매2동, 4113565000:경기도 성남시분당구 판교동, 4113565500:경기도 성남시분당구 삼평동, 4113565700:경기도 성남시분당구 백현동]",ST000411
판교역,준고속철도,KTX-이음,"[4113565500, 4113565700]","[경기도 성남시분당구 백현동, 경기도 성남시분당구 삼평동]","[4113558000, 4113561000, 4113565000, 4113565500, 4113565700]","[경기도 성남시분당구 백현동, 경기도 성남시분당구 삼평동, 경기도 성남시분당구 서현1동, 경기도 성남시분당구 이매2동, 경기도 성남시분당구 판교동]","[4113565500:경기도 성남시분당구 삼평동, 4113565700:경기도 성남시분당구 백현동]","[4113558000:경기도 성남시분당구 서현1동, 4113561000:경기도 성남시분당구 이매2동, 4113565000:경기도 성남시분당구 판교동, 4113565500:경기도 성남시분당구 삼평동, 4113565700:경기도 성남시분당구 백현동]",ST000411
판교역,지하철,경강선,"[4113565500, 4113565700]","[경기도 성남시분당구 백현동, 경기도 성남시분당구 삼평동]","[4113558000, 4113561000, 4113565000, 4113565500, 4113565700]","[경기도 성남시분당구 백현동, 경기도 성남시분당구 삼평동, 경기도 성남시분당구 서현1동, 경기도 성남시분당구 이매2동, 경기도 성남시분당구 판교동]","[4113565500:경기도 성남시분당구 삼평동, 4113565700:경기도 성남시분당구 백현동]","[4113558000:경기도 성남시분당구 서현1동, 4113561000:경기도 성남시분당구 이매2동, 4113565000:경기도 성남시분당구 판교동, 4113565500:경기도 성남시분당구 삼평동, 4113565700:경기도 성남시분당구 백현동]",ST000411
판교역,지하철,신분당선,"[4113565500, 4113565700]","[경기도 성남시분당구 백현동, 경기도 성남시분당구 삼평동]","[4113558000, 4113561000, 4113565000, 4113565500, 4113565700]","[경기도 성남시분당구 백현동, 경기도 성남시분당구 삼평동, 경기도 성남시분당구 서현1동, 경기도 성남시분당구 이매2동, 경기도 성남시분당구 판교동]","[4113565500:경기도 성남시분당구 삼평동, 4113565700:경기도 성남시분당구 백현동]","[4113558000:경기도 성남시분당구 서현1동, 4113561000:경기도 성남시분당구 이매2동, 4113565000:경기도 성남시분당구 판교동, 4113565500:경기도 성남시분당구 삼평동, 4113565700:경기도 성남시분당구 백현동]",ST000411
팔당역,지하철,경의중앙선,"[4136025000, 4145051000]","[경기도 남양주시 와부읍, 경기도 하남시 천현동]","[4136025000, 4145051000, 4145053000]","[경기도 남양주시 와부읍, 경기도 하남시 신장2동, 경기도 하남시 천현동]","[4136025000:경기도 남양주시 와부읍, 4145051000:경기도 하남시 천현동]","[4136025000:경기도 남양주시 와부읍, 4145051000:경기도 하남시 천현동, 4145053000:경기도 하남시 신장2동]",ST000638
평내호평역,지하철,경춘선,"[4136051000, 4136052000]","[경기도 남양주시 평내동, 경기도 남양주시 호평동]","[4136051000, 4136052000]","[경기도 남양주시 평내동, 경기도 남양주시 호평동]","[4136051000:경기도 남양주시 호평동, 4136052000:경기도 남양주시 평내동]","[4136051000:경기도 남양주시 호평동, 4136052000:경기도 남양주시 평내동]",ST000601
평촌역,지하철,4호선,"[4117356000, 4117356600, 4117357600]","[경기도 안양시동안구 관양2동, 경기도 안양시동안구 부림동, 경기도 안양시동안구 평안동]","[4117354600, 4117355000, 4117356000, 4117356600, 4117357000, 4117357600, 4117357800, 4117361000]","[경기도 안양시동안구 관양1동, 경기도 안양시동안구 관양2동, 경기도 안양시동안구 귀인동, 경기도 안양시동안구 달안동, 경기도 안양시동안구 범계동, 경기도 안양시동안구 부림동, 경기도 안양시동안구 평안동, 경기도 안양시동안구 평촌동]","[4117356000:경기도 안양시동안구 관양2동, 4117356600:경기도 안양시동안구 부림동, 4117357600:경기도 안양시동안구 평안동]","[4117354600:경기도 안양시동안구 달안동, 4117355000:경기도 안양시동안구 관양1동, 4117356000:경기도 안양시동안구 관양2동, 4117356600:경기도 안양시동안구 부림동, 4117357000:경기도 안양시동안구 평촌동, 4117357600:경기도 안양시동안구 평안동, 4117357800:경기도 안양시동안구 귀인동, 4117361000:경기도 안양시동안구 범계동]",ST000575
평촌역,지하철,과천선,"[4117356000, 4117356600, 4117357600]","[경기도 안양시동안구 관양2동, 경기도 안양시동안구 부림동, 경기도 안양시동안구 평안동]","[4117354600, 4117355000, 4117356000, 4117356600, 4117357000, 4117357600, 4117357800, 4117361000]","[경기도 안양시동안구 관양1동, 경기도 안양시동안구 관양2동, 경기도 안양시동안구 귀인동, 경기도 안양시동안구 달안동, 경기도 안양시동안구 범계동, 경기도 안양시동안구 부림동, 경기도 안양시동안구 평안동, 경기도 안양시동안구 평촌동]","[4117356000:경기도 안양시동안구 관양2동, 4117356600:경기도 안양시동안구 부림동, 4117357600:경기도 안양시동안구 평안동]","[4117354600:경기도 안양시동안구 달안동, 4117355000:경기도 안양시동안구 관양1동, 4117356000:경기도 안양시동안구 관양2동, 4117356600:경기도 안양시동안구 부림동, 4117357000:경기도 안양시동안구 평촌동, 4117357600:경기도 안양시동안구 평안동, 4117357800:경기도 안양시동안구 귀인동, 4117361000:경기도 안양시동안구 범계동]",ST000575
평촌역,지하철,안산과천선,"[4117356000, 4117356600, 4117357600]","[경기도 안양시동안구 관양2동, 경기도 안양시동안구 부림동, 경기도 안양시동안구 평안동]","[4117354600, 4117355000, 4117356000, 4117356600, 4117357000, 4117357600, 4117357800, 4117361000]","[경기도 안양시동안구 관양1동, 경기도 안양시동안구 관양2동, 경기도 안양시동안구 귀인동, 경기도 안양시동안구 달안동, 경기도 안양시동안구 범계동, 경기도 안양시동안구 부림동, 경기도 안양시동안구 평안동, 경기도 안양시동안구 평촌동]","[4117356000:경기도 안양시동안구 관양2동, 4117356600:경기도 안양시동안구 부림동, 4117357600:경기도 안양시동안구 평안동]","[4117354600:경기도 안양시동안구 달안동, 4117355000:경기도 안양시동안구 관양1동, 4117356000:경기도 안양시동안구 관양2동, 4117356600:경기도 안양시동안구 부림동, 4117357000:경기도 안양시동안구 평촌동, 4117357600:경기도 안양시동안구 평안동, 4117357800:경기도 안양시동안구 귀인동, 4117361000:경기도 안양시동안구 범계동]",ST000575
평택역,일반철도,ITX-마음,"[4122059000, 4122060000, 4122061000, 4122062000]","[경기도 평택시 비전1동, 경기도 평택시 신평동, 경기도 평택시 원평동, 경기도 평택시 통복동]","[4122025000, 4122059000, 4122060000, 4122061000, 4122062000, 4122063000, 4122064000]","[경기도 평택시 비전1동, 경기도 평택시 비전2동, 경기도 평택시 세교동, 경기도 평택시 신평동, 경기도 평택시 원평동, 경기도 평택시 통복동, 경기도 평택시 팽성읍]","[4122059000:경기도 평택시 신평동, 4122060000:경기도 평택시 원평동, 4122061000:경기도 평택시 통복동, 4122062000:경기도 평택시 비전1동]","[4122025000:경기도 평택시 팽성읍, 4122059000:경기도 평택시 신평동, 4122060000:경기도 평택시 원평동, 4122061000:경기도 평택시 통복동, 4122062000:경기도 평택시 비전1동, 4122063000:경기도 평택시 비전2동, 4122064000:경기도 평택시 세교동]",ST000543
평택역,일반철도,ITX-새마을,"[4122059000, 4122060000, 4122061000, 4122062000]","[경기도 평택시 비전1동, 경기도 평택시 신평동, 경기도 평택시 원평동, 경기도 평택시 통복동]","[4122025000, 4122059000, 4122060000, 4122061000, 4122062000, 4122063000, 4122064000]","[경기도 평택시 비전1동, 경기도 평택시 비전2동, 경기도 평택시 세교동, 경기도 평택시 신평동, 경기도 평택시 원평동, 경기도 평택시 통복동, 경기도 평택시 팽성읍]","[4122059000:경기도 평택시 신평동, 4122060000:경기도 평택시 원평동, 4122061000:경기도 평택시 통복동, 4122062000:경기도 평택시 비전1동]","[4122025000:경기도 평택시 팽성읍, 4122059000:경기도 평택시 신평동, 4122060000:경기도 평택시 원평동, 4122061000:경기도 평택시 통복동, 4122062000:경기도 평택시 비전1동, 4122063000:경기도 평택시 비전2동, 4122064000:경기도 평택시 세교동]",ST000543
평택역,일반철도,무궁화,"[4122059000, 4122060000, 4122061000, 4122062000]","[경기도 평택시 비전1동, 경기도 평택시 신평동, 경기도 평택시 원평동, 경기도 평택시 통복동]","[4122025000, 4122059000, 4122060000, 4122061000, 4122062000, 4122063000, 4122064000]","[경기도 평택시 비전1동, 경기도 평택시 비전2동, 경기도 평택시 세교동, 경기도 평택시 신평동, 경기도 평택시 원평동, 경기도 평택시 통복동, 경기도 평택시 팽성읍]","[4122059000:경기도 평택시 신평동, 4122060000:경기도 평택시 원평동, 4122061000:경기도 평택시 통복동, 4122062000:경기도 평택시 비전1동]","[4122025000:경기도 평택시 팽성읍, 4122059000:경기도 평택시 신평동, 4122060000:경기도 평택시 원평동, 4122061000:경기도 평택시 통복동, 4122062000:경기도 평택시 비전1동, 4122063000:경기도 평택시 비전2동, 4122064000:경기도 평택시 세교동]",ST000543
평택역,일반철도,새마을,"[4122059000, 4122060000, 4122061000, 4122062000]","[경기도 평택시 비전1동, 경기도 평택시 신평동, 경기도 평택시 원평동, 경기도 평택시 통복동]","[4122025000, 4122059000, 4122060000, 4122061000, 4122062000, 4122063000, 4122064000]","[경기도 평택시 비전1동, 경기도 평택시 비전2동, 경기도 평택시 세교동, 경기도 평택시 신평동, 경기도 평택시 원평동, 경기도 평택시 통복동, 경기도 평택시 팽성읍]","[4122059000:경기도 평택시 신평동, 4122060000:경기도 평택시 원평동, 4122061000:경기도 평택시 통복동, 4122062000:경기도 평택시 비전1동]","[4122025000:경기도 평택시 팽성읍, 4122059000:경기도 평택시 신평동, 4122060000:경기도 평택시 원평동, 4122061000:경기도 평택시 통복동, 4122062000:경기도 평택시 비전1동, 4122063000:경기도 평택시 비전2동, 4122064000:경기도 평택시 세교동]",ST000543
평택역,지하철,1호선,"[4122059000, 4122060000, 4122061000, 4122062000]","[경기도 평택시 비전1동, 경기도 평택시 신평동, 경기도 평택시 원평동, 경기도 평택시 통복동]","[4122025000, 4122059000, 4122060000, 4122061000, 4122062000, 4122063000, 4122064000]","[경기도 평택시 비전1동, 경기도 평택시 비전2동, 경기도 평택시 세교동, 경기도 평택시 신평동, 경기도 평택시 원평동, 경기도 평택시 통복동, 경기도 평택시 팽성읍]","[4122059000:경기도 평택시 신평동, 4122060000:경기도 평택시 원평동, 4122061000:경기도 평택시 통복동, 4122062000:경기도 평택시 비전1동]","[4122025000:경기도 평택시 팽성읍, 4122059000:경기도 평택시 신평동, 4122060000:경기도 평택시 원평동, 4122061000:경기도 평택시 통복동, 4122062000:경기도 평택시 비전1동, 4122063000:경기도 평택시 비전2동, 4122064000:경기도 평택시 세교동]",ST000543
평택지제역,지하철,1호선,[4122064000],[경기도 평택시 세교동],"[4122053500, 4122064000]","[경기도 평택시 세교동, 경기도 평택시 송탄동]",[4122064000:경기도 평택시 세교동],"[4122053500:경기도 평택시 송탄동, 4122064000:경기도 평택시 세교동]",ST000748
풍무역,지하철,김포골드라인,"[4157054000, 4157055000]","[경기도 김포시 사우동, 경기도 김포시 풍무동]","[4157025300, 4157054000, 4157055000]","[경기도 김포시 고촌읍, 경기도 김포시 사우동, 경기도 김포시 풍무동]","[4157054000:경기도 김포시 사우동, 4157055000:경기도 김포시 풍무동]","[4157025300:경기도 김포시 고촌읍, 4157054000:경기도 김포시 사우동, 4157055000:경기도 김포시 풍무동]",ST000351
풍산역,지하철,경의중앙선,"[4128552000, 4128553000, 4128554000, 4128556000]","[경기도 고양시일산동구 마두1동, 경기도 고양시일산동구 정발산동, 경기도 고양시일산동구 중산동, 경기도 고양시일산동구 풍산동]","[4128552000, 4128553000, 4128554000, 4128556000]","[경기도 고양시일산동구 마두1동, 경기도 고양시일산동구 정발산동, 경기도 고양시일산동구 중산동, 경기도 고양시일산동구 풍산동]","[4128552000:경기도 고양시일산동구 중산동, 4128553000:경기도 고양시일산동구 정발산동, 4128554000:경기도 고양시일산동구 풍산동, 4128556000:경기도 고양시일산동구 마두1동]","[4128552000:경기도 고양시일산동구 중산동, 4128553000:경기도 고양시일산동구 정발산동, 4128554000:경기도 고양시일산동구 풍산동, 4128556000:경기도 고양시일산동구 마두1동]",ST000617
풍산역,지하철,서해선,"[4128552000, 4128553000, 4128554000, 4128556000]","[경기도 고양시일산동구 마두1동, 경기도 고양시일산동구 정발산동, 경기도 고양시일산동구 중산동, 경기도 고양시일산동구 풍산동]","[4128552000, 4128553000, 4128554000, 4128556000]","[경기도 고양시일산동구 마두1동, 경기도 고양시일산동구 정발산동, 경기도 고양시일산동구 중산동, 경기도 고양시일산동구 풍산동]","[4128552000:경기도 고양시일산동구 중산동, 4128553000:경기도 고양시일산동구 정발산동, 4128554000:경기도 고양시일산동구 풍산동, 4128556000:경기도 고양시일산동구 마두1동]","[4128552000:경기도 고양시일산동구 중산동, 4128553000:경기도 고양시일산동구 정발산동, 4128554000:경기도 고양시일산동구 풍산동, 4128556000:경기도 고양시일산동구 마두1동]",ST000617
하계역,지하철,7호선,"[1135061100, 1135061200, 1135062500]","[서울특별시 노원구 중계2·3동, 서울특별시 노원구 하계1동, 서울특별시 노원구 하계2동]","[1135057000, 1135058000, 1135059500, 1135060000, 1135061100, 1135061200, 1135062500, 1135069500]","[서울특별시 노원구 공릉1동, 서울특별시 노원구 공릉2동, 서울특별시 노원구 상계6·7동, 서울특별시 노원구 월계2동, 서울특별시 노원구 월계3동, 서울특별시 노원구 중계2·3동, 서울특별시 노원구 하계1동, 서울특별시 노원구 하계2동]","[1135061100:서울특별시 노원구 하계1동, 1135061200:서울특별시 노원구 하계2동, 1135062500:서울특별시 노원구 중계2·3동]","[1135057000:서울특별시 노원구 월계2동, 1135058000:서울특별시 노원구 월계3동, 1135059500:서울특별시 노원구 공릉1동, 1135060000:서울특별시 노원구 공릉2동, 1135061100:서울특별시 노원구 하계1동, 1135061200:서울특별시 노원구 하계2동, 1135062500:서울특별시 노원구 중계2·3동, 1135069500:서울특별시 노원구 상계6·7동]",ST000280
하남검단산역,지하철,5호선,"[4145051000, 4145053000]","[경기도 하남시 신장2동, 경기도 하남시 천현동]","[4145051000, 4145053000]","[경기도 하남시 신장2동, 경기도 하남시 천현동]","[4145051000:경기도 하남시 천현동, 4145053000:경기도 하남시 신장2동]","[4145051000:경기도 하남시 천현동, 4145053000:경기도 하남시 신장2동]",ST000244
하남시청역,지하철,5호선,"[4145052000, 4145053000, 4145054000, 4145055000, 4145056000]","[경기도 하남시 덕풍1동, 경기도 하남시 덕풍2동, 경기도 하남시 덕풍3동, 경기도 하남시 신장1동, 경기도 하남시 신장2동]","[4145051000, 4145052000, 4145053000, 4145054000, 4145055000, 4145056000, 4145057000]","[경기도 하남시 덕풍1동, 경기도 하남시 덕풍2동, 경기도 하남시 덕풍3동, 경기도 하남시 신장1동, 경기도 하남시 신장2동, 경기도 하남시 천현동, 경기도 하남시 풍산동]","[4145052000:경기도 하남시 신장1동, 4145053000:경기도 하남시 신장2동, 4145054000:경기도 하남시 덕풍1동, 4145055000:경기도 하남시 덕풍2동, 4145056000:경기도 하남시 덕풍3동]","[4145051000:경기도 하남시 천현동, 4145052000:경기도 하남시 신장1동, 4145053000:경기도 하남시 신장2동, 4145054000:경기도 하남시 덕풍1동, 4145055000:경기도 하남시 덕풍2동, 4145056000:경기도 하남시 덕풍3동, 4145057000:경기도 하남시 풍산동]",ST000243
하남풍산역,지하철,5호선,"[4145056000, 4145057000]","[경기도 하남시 덕풍3동, 경기도 하남시 풍산동]","[4145053000, 4145055000, 4145056000, 4145057000, 4145061000]","[경기도 하남시 덕풍2동, 경기도 하남시 덕풍3동, 경기도 하남시 미사1동, 경기도 하남시 신장2동, 경기도 하남시 풍산동]","[4145056000:경기도 하남시 덕풍3동, 4145057000:경기도 하남시 풍산동]","[4145053000:경기도 하남시 신장2동, 4145055000:경기도 하남시 덕풍2동, 4145056000:경기도 하남시 덕풍3동, 4145057000:경기도 하남시 풍산동, 4145061000:경기도 하남시 미사1동]",ST000242
학동역,지하철,7호선,"[1168052100, 1168053100]","[서울특별시 강남구 논현1동, 서울특별시 강남구 논현2동]","[1165054000, 1165056000, 1168051000, 1168052100, 1168053100, 1168054500, 1168056500, 1168059000, 1168064000]","[서울특별시 강남구 논현1동, 서울특별시 강남구 논현2동, 서울특별시 강남구 삼성2동, 서울특별시 강남구 신사동, 서울특별시 강남구 압구정동, 서울특별시 강남구 역삼1동, 서울특별시 강남구 청담동, 서울특별시 서초구 반포1동, 서울특별시 서초구 잠원동]","[1168052100:서울특별시 강남구 논현1동, 1168053100:서울특별시 강남구 논현2동]","[1165054000:서울특별시 서초구 잠원동, 1165056000:서울특별시 서초구 반포1동, 1168051000:서울특별시 강남구 신사동, 1168052100:서울특별시 강남구 논현1동, 1168053100:서울특별시 강남구 논현2동, 1168054500:서울특별시 강남구 압구정동, 1168056500:서울특별시 강남구 청담동, 1168059000:서울특별시 강남구 삼성2동, 1168064000:서울특별시 강남구 역삼1동]",ST000293
학여울역,지하철,3호선,"[1168061000, 1168067000, 1168074000]","[서울특별시 강남구 개포2동, 서울특별시 강남구 대치2동, 서울특별시 강남구 일원2동]","[1168060000, 1168061000, 1168063000, 1168067000, 1168073000, 1168074000, 1171065000, 1171072000]","[서울특별시 강남구 개포2동, 서울특별시 강남구 대치1동, 서울특별시 강남구 대치2동, 서울특별시 강남구 대치4동, 서울특별시 강남구 일원1동, 서울특별시 강남구 일원2동, 서울특별시 송파구 잠실7동, 서울특별시 송파구 잠실본동]","[1168061000:서울특별시 강남구 대치2동, 1168067000:서울특별시 강남구 개포2동, 1168074000:서울특별시 강남구 일원2동]","[1168060000:서울특별시 강남구 대치1동, 1168061000:서울특별시 강남구 대치2동, 1168063000:서울특별시 강남구 대치4동, 1168067000:서울특별시 강남구 개포2동, 1168073000:서울특별시 강남구 일원1동, 1168074000:서울특별시 강남구 일원2동, 1171065000:서울특별시 송파구 잠실본동, 1171072000:서울특별시 송파구 잠실7동]",ST000174
한강진역,지하철,6호선,"[1117066000, 1117068500]","[서울특별시 용산구 이태원2동, 서울특별시 용산구 한남동]","[1114062500, 1114063500, 1117065000, 1117066000, 1117068500, 1117070000, 1120064500]","[서울특별시 성동구 옥수동, 서울특별시 용산구 보광동, 서울특별시 용산구 이태원1동, 서울특별시 용산구 이태원2동, 서울특별시 용산구 한남동, 서울특별시 중구 다산동, 서울특별시 중구 약수동]","[1117066000:서울특별시 용산구 이태원2동, 1117068500:서울특별시 용산구 한남동]","[1114062500:서울특별시 중구 다산동, 1114063500:서울특별시 중구 약수동, 1117065000:서울특별시 용산구 이태원1동, 1117066000:서울특별시 용산구 이태원2동, 1117068500:서울특별시 용산구 한남동, 1117070000:서울특별시 용산구 보광동, 1120064500:서울특별시 성동구 옥수동]",ST000261
한국항공대역,지하철,경의중앙선,"[4128162100, 4128162200]","[경기도 고양시덕양구 화정1동, 경기도 고양시덕양구 화정2동]","[4128151000, 4128153000, 4128161000, 4128162100, 4128162200, 4128165500]","[경기도 고양시덕양구 능곡동, 경기도 고양시덕양구 주교동, 경기도 고양시덕양구 행신3동, 경기도 고양시덕양구 화정1동, 경기도 고양시덕양구 화정2동, 경기도 고양시덕양구 흥도동]","[4128162100:경기도 고양시덕양구 화정1동, 4128162200:경기도 고양시덕양구 화정2동]","[4128151000:경기도 고양시덕양구 주교동, 4128153000:경기도 고양시덕양구 흥도동, 4128161000:경기도 고양시덕양구 능곡동, 4128162100:경기도 고양시덕양구 화정1동, 4128162200:경기도 고양시덕양구 화정2동, 4128165500:경기도 고양시덕양구 행신3동]",ST000744
한남역,지하철,경의중앙선,"[1117068500, 1117070000, 1165054000, 1168051000]","[서울특별시 강남구 신사동, 서울특별시 서초구 잠원동, 서울특별시 용산구 보광동, 서울특별시 용산구 한남동]","[1117068500, 1117070000, 1165054000, 1168051000]","[서울특별시 강남구 신사동, 서울특별시 서초구 잠원동, 서울특별시 용산구 보광동, 서울특별시 용산구 한남동]","[1117068500:서울특별시 용산구 한남동, 1117070000:서울특별시 용산구 보광동, 1165054000:서울특별시 서초구 잠원동, 1168051000:서울특별시 강남구 신사동]","[1117068500:서울특별시 용산구 한남동, 1117070000:서울특별시 용산구 보광동, 1165054000:서울특별시 서초구 잠원동, 1168051000:서울특별시 강남구 신사동]",ST000657
한대앞역,지하철,4호선,"[4127151500, 4127152000]","[경기도 안산시상록구 사1동, 경기도 안산시상록구 이동]","[4127151000, 4127151500, 4127152000, 4127153500, 4127156000, 4127157000, 4127159000]","[경기도 안산시상록구 본오3동, 경기도 안산시상록구 부곡동, 경기도 안산시상록구 사1동, 경기도 안산시상록구 사3동, 경기도 안산시상록구 성포동, 경기도 안산시상록구 이동, 경기도 안산시상록구 일동]","[4127151500:경기도 안산시상록구 이동, 4127152000:경기도 안산시상록구 사1동]","[4127151000:경기도 안산시상록구 일동, 4127151500:경기도 안산시상록구 이동, 4127152000:경기도 안산시상록구 사1동, 4127153500:경기도 안산시상록구 사3동, 4127156000:경기도 안산시상록구 본오3동, 4127157000:경기도 안산시상록구 부곡동, 4127159000:경기도 안산시상록구 성포동]",ST000531
한대앞역,지하철,수인분당선,"[4127151500, 4127152000]","[경기도 안산시상록구 사1동, 경기도 안산시상록구 이동]","[4127151000, 4127151500, 4127152000, 4127153500, 4127156000, 4127157000, 4127159000]","[경기도 안산시상록구 본오3동, 경기도 안산시상록구 부곡동, 경기도 안산시상록구 사1동, 경기도 안산시상록구 사3동, 경기도 안산시상록구 성포동, 경기도 안산시상록구 이동, 경기도 안산시상록구 일동]","[4127151500:경기도 안산시상록구 이동, 4127152000:경기도 안산시상록구 사1동]","[4127151000:경기도 안산시상록구 일동, 4127151500:경기도 안산시상록구 이동, 4127152000:경기도 안산시상록구 사1동, 4127153500:경기도 안산시상록구 사3동, 4127156000:경기도 안산시상록구 본오3동, 4127157000:경기도 안산시상록구 부곡동, 4127159000:경기도 안산시상록구 성포동]",ST000531
한대앞역,지하철,안산과천선,"[4127151500, 4127152000]","[경기도 안산시상록구 사1동, 경기도 안산시상록구 이동]","[4127151000, 4127151500, 4127152000, 4127153500, 4127156000, 4127157000, 4127159000]","[경기도 안산시상록구 본오3동, 경기도 안산시상록구 부곡동, 경기도 안산시상록구 사1동, 경기도 안산시상록구 사3동, 경기도 안산시상록구 성포동, 경기도 안산시상록구 이동, 경기도 안산시상록구 일동]","[4127151500:경기도 안산시상록구 이동, 4127152000:경기도 안산시상록구 사1동]","[4127151000:경기도 안산시상록구 일동, 4127151500:경기도 안산시상록구 이동, 4127152000:경기도 안산시상록구 사1동, 4127153500:경기도 안산시상록구 사3동, 4127156000:경기도 안산시상록구 본오3동, 4127157000:경기도 안산시상록구 부곡동, 4127159000:경기도 안산시상록구 성포동]",ST000531
한대앞역,지하철,안산선,"[4127151500, 4127152000]","[경기도 안산시상록구 사1동, 경기도 안산시상록구 이동]","[4127151000, 4127151500, 4127152000, 4127153500, 4127156000, 4127157000, 4127159000]","[경기도 안산시상록구 본오3동, 경기도 안산시상록구 부곡동, 경기도 안산시상록구 사1동, 경기도 안산시상록구 사3동, 경기도 안산시상록구 성포동, 경기도 안산시상록구 이동, 경기도 안산시상록구 일동]","[4127151500:경기도 안산시상록구 이동, 4127152000:경기도 안산시상록구 사1동]","[4127151000:경기도 안산시상록구 일동, 4127151500:경기도 안산시상록구 이동, 4127152000:경기도 안산시상록구 사1동, 4127153500:경기도 안산시상록구 사3동, 4127156000:경기도 안산시상록구 본오3동, 4127157000:경기도 안산시상록구 부곡동, 4127159000:경기도 안산시상록구 성포동]",ST000531
한성대입구역,지하철,4호선,"[1111064000, 1111065000, 1129052500, 1129055500, 1129059000]","[서울특별시 성북구 돈암2동, 서울특별시 성북구 삼선동, 서울특별시 성북구 성북동, 서울특별시 종로구 이화동, 서울특별시 종로구 혜화동]","[1111064000, 1111065000, 1111068000, 1111069000, 1129052500, 1129055500, 1129057500, 1129059000, 1129061000, 1129063000]","[서울특별시 성북구 돈암2동, 서울특별시 성북구 동선동, 서울특별시 성북구 보문동, 서울특별시 성북구 삼선동, 서울특별시 성북구 성북동, 서울특별시 성북구 정릉2동, 서울특별시 종로구 이화동, 서울특별시 종로구 창신2동, 서울특별시 종로구 창신3동, 서울특별시 종로구 혜화동]","[1111064000:서울특별시 종로구 이화동, 1111065000:서울특별시 종로구 혜화동, 1129052500:서울특별시 성북구 성북동, 1129055500:서울특별시 성북구 삼선동, 1129059000:서울특별시 성북구 돈암2동]","[1111064000:서울특별시 종로구 이화동, 1111065000:서울특별시 종로구 혜화동, 1111068000:서울특별시 종로구 창신2동, 1111069000:서울특별시 종로구 창신3동, 1129052500:서울특별시 성북구 성북동, 1129055500:서울특별시 성북구 삼선동, 1129057500:서울특별시 성북구 동선동, 1129059000:서울특별시 성북구 돈암2동, 1129061000:서울특별시 성북구 보문동, 1129063000:서울특별시 성북구 정릉2동]",ST000189
한성백제역,지하철,9호선,"[1171056100, 1171056200, 1171056600, 1171069000]","[서울특별시 송파구 방이1동, 서울특별시 송파구 방이2동, 서울특별시 송파구 오륜동, 서울특별시 송파구 잠실4동]","[1171052000, 1171056100, 1171056200, 1171056600, 1171058000, 1171059000, 1171069000, 1171071000]","[서울특별시 송파구 방이1동, 서울특별시 송파구 방이2동, 서울특별시 송파구 송파1동, 서울특별시 송파구 송파2동, 서울특별시 송파구 오륜동, 서울특별시 송파구 잠실4동, 서울특별시 송파구 잠실6동, 서울특별시 송파구 풍납2동]","[1171056100:서울특별시 송파구 방이1동, 1171056200:서울특별시 송파구 방이2동, 1171056600:서울특별시 송파구 오륜동, 1171069000:서울특별시 송파구 잠실4동]","[1171052000:서울특별시 송파구 풍납2동, 1171056100:서울특별시 송파구 방이1동, 1171056200:서울특별시 송파구 방이2동, 1171056600:서울특별시 송파구 오륜동, 1171058000:서울특별시 송파구 송파1동, 1171059000:서울특별시 송파구 송파2동, 1171069000:서울특별시 송파구 잠실4동, 1171071000:서울특별시 송파구 잠실6동]",ST000416
한양대역,지하철,2호선,"[1120055000, 1120056000, 1120058000, 1120066000]","[서울특별시 성동구 사근동, 서울특별시 성동구 성수1가2동, 서울특별시 성동구 응봉동, 서울특별시 성동구 행당1동]","[1120053500, 1120054000, 1120055000, 1120056000, 1120057000, 1120058000, 1120066000, 1120069000, 1120072000, 1120079000]","[서울특별시 성동구 마장동, 서울특별시 성동구 사근동, 서울특별시 성동구 성수1가2동, 서울특별시 성동구 성수2가3동, 서울특별시 성동구 송정동, 서울특별시 성동구 왕십리도선동, 서울특별시 성동구 용답동, 서울특별시 성동구 응봉동, 서울특별시 성동구 행당1동, 서울특별시 성동구 행당2동]","[1120055000:서울특별시 성동구 사근동, 1120056000:서울특별시 성동구 행당1동, 1120058000:서울특별시 성동구 응봉동, 1120066000:서울특별시 성동구 성수1가2동]","[1120053500:서울특별시 성동구 왕십리도선동, 1120054000:서울특별시 성동구 마장동, 1120055000:서울특별시 성동구 사근동, 1120056000:서울특별시 성동구 행당1동, 1120057000:서울특별시 성동구 행당2동, 1120058000:서울특별시 성동구 응봉동, 1120066000:서울특별시 성동구 성수1가2동, 1120069000:서울특별시 성동구 성수2가3동, 1120072000:서울특별시 성동구 송정동, 1120079000:서울특별시 성동구 용답동]",ST000110
한티역,지하철,수인분당선,"[1168060000, 1168063000, 1168065000, 1168065600]","[서울특별시 강남구 대치1동, 서울특별시 강남구 대치4동, 서울특별시 강남구 도곡2동, 서울특별시 강남구 역삼2동]","[1168059000, 1168060000, 1168061000, 1168063000, 1168064000, 1168065000, 1168065500, 1168065600, 1168067000]","[서울특별시 강남구 개포2동, 서울특별시 강남구 대치1동, 서울특별시 강남구 대치2동, 서울특별시 강남구 대치4동, 서울특별시 강남구 도곡1동, 서울특별시 강남구 도곡2동, 서울특별시 강남구 삼성2동, 서울특별시 강남구 역삼1동, 서울특별시 강남구 역삼2동]","[1168060000:서울특별시 강남구 대치1동, 1168063000:서울특별시 강남구 대치4동, 1168065000:서울특별시 강남구 역삼2동, 1168065600:서울특별시 강남구 도곡2동]","[1168059000:서울특별시 강남구 삼성2동, 1168060000:서울특별시 강남구 대치1동, 1168061000:서울특별시 강남구 대치2동, 1168063000:서울특별시 강남구 대치4동, 1168064000:서울특별시 강남구 역삼1동, 1168065000:서울특별시 강남구 역삼2동, 1168065500:서울특별시 강남구 도곡1동, 1168065600:서울특별시 강남구 도곡2동, 1168067000:서울특별시 강남구 개포2동]",ST000649
합동청사역,지하철,자기부상,[2811062800],[인천광역시 중구 운서동],[2811062800],[인천광역시 중구 운서동],[2811062800:인천광역시 중구 운서동],[2811062800:인천광역시 중구 운서동],ST000750
합동청사역,지하철,자기부상철도,[2811062800],[인천광역시 중구 운서동],[2811062800],[인천광역시 중구 운서동],[2811062800:인천광역시 중구 운서동],[2811062800:인천광역시 중구 운서동],ST000750
합정역,지하철,2호선,"[1144066000, 1144068000]","[서울특별시 마포구 서교동, 서울특별시 마포구 합정동]","[1144065500, 1144066000, 1144068000, 1144069000, 1144071000, 1144072000]","[서울특별시 마포구 망원1동, 서울특별시 마포구 서강동, 서울특별시 마포구 서교동, 서울특별시 마포구 성산1동, 서울특별시 마포구 연남동, 서울특별시 마포구 합정동]","[1144066000:서울특별시 마포구 서교동, 1144068000:서울특별시 마포구 합정동]","[1144065500:서울특별시 마포구 서강동, 1144066000:서울특별시 마포구 서교동, 1144068000:서울특별시 마포구 합정동, 1144069000:서울특별시 마포구 망원1동, 1144071000:서울특별시 마포구 연남동, 1144072000:서울특별시 마포구 성산1동]",ST000138
합정역,지하철,6호선,"[1144066000, 1144068000]","[서울특별시 마포구 서교동, 서울특별시 마포구 합정동]","[1144065500, 1144066000, 1144068000, 1144069000, 1144071000, 1144072000]","[서울특별시 마포구 망원1동, 서울특별시 마포구 서강동, 서울특별시 마포구 서교동, 서울특별시 마포구 성산1동, 서울특별시 마포구 연남동, 서울특별시 마포구 합정동]","[1144066000:서울특별시 마포구 서교동, 1144068000:서울특별시 마포구 합정동]","[1144065500:서울특별시 마포구 서강동, 1144066000:서울특별시 마포구 서교동, 1144068000:서울특별시 마포구 합정동, 1144069000:서울특별시 마포구 망원1동, 1144071000:서울특별시 마포구 연남동, 1144072000:서울특별시 마포구 성산1동]",ST000138
행당역,지하철,5호선,"[1120052000, 1120056000, 1120057000, 1120058000, 1120059000]","[서울특별시 성동구 금호1가동, 서울특별시 성동구 왕십리2동, 서울특별시 성동구 응봉동, 서울특별시 성동구 행당1동, 서울특별시 성동구 행당2동]","[1114064500, 1114065000, 1114066500, 1120052000, 1120053500, 1120055000, 1120056000, 1120057000, 1120058000, 1120059000, 1120061500, 1120062000]","[서울특별시 성동구 금호1가동, 서울특별시 성동구 금호2·3가동, 서울특별시 성동구 금호4가동, 서울특별시 성동구 사근동, 서울특별시 성동구 왕십리2동, 서울특별시 성동구 왕십리도선동, 서울특별시 성동구 응봉동, 서울특별시 성동구 행당1동, 서울특별시 성동구 행당2동, 서울특별시 중구 동화동, 서울특별시 중구 신당5동, 서울특별시 중구 청구동]","[1120052000:서울특별시 성동구 왕십리2동, 1120056000:서울특별시 성동구 행당1동, 1120057000:서울특별시 성동구 행당2동, 1120058000:서울특별시 성동구 응봉동, 1120059000:서울특별시 성동구 금호1가동]","[1114064500:서울특별시 중구 청구동, 1114065000:서울특별시 중구 신당5동, 1114066500:서울특별시 중구 동화동, 1120052000:서울특별시 성동구 왕십리2동, 1120053500:서울특별시 성동구 왕십리도선동, 1120055000:서울특별시 성동구 사근동, 1120056000:서울특별시 성동구 행당1동, 1120057000:서울특별시 성동구 행당2동, 1120058000:서울특별시 성동구 응봉동, 1120059000:서울특별시 성동구 금호1가동, 1120061500:서울특별시 성동구 금호2·3가동, 1120062000:서울특별시 성동구 금호4가동]",ST000220
행신역,고속철도,KTX,"[4128163000, 4128165000]","[경기도 고양시덕양구 행신2동, 경기도 고양시덕양구 행주동]","[4128163000, 4128164000, 4128165000, 4128165500]","[경기도 고양시덕양구 행신1동, 경기도 고양시덕양구 행신2동, 경기도 고양시덕양구 행신3동, 경기도 고양시덕양구 행주동]","[4128163000:경기도 고양시덕양구 행주동, 4128165000:경기도 고양시덕양구 행신2동]","[4128163000:경기도 고양시덕양구 행주동, 4128164000:경기도 고양시덕양구 행신1동, 4128165000:경기도 고양시덕양구 행신2동, 4128165500:경기도 고양시덕양구 행신3동]",ST000621
행신역,고속철도,KTX-산천,"[4128163000, 4128165000]","[경기도 고양시덕양구 행신2동, 경기도 고양시덕양구 행주동]","[4128163000, 4128164000, 4128165000, 4128165500]","[경기도 고양시덕양구 행신1동, 경기도 고양시덕양구 행신2동, 경기도 고양시덕양구 행신3동, 경기도 고양시덕양구 행주동]","[4128163000:경기도 고양시덕양구 행주동, 4128165000:경기도 고양시덕양구 행신2동]","[4128163000:경기도 고양시덕양구 행주동, 4128164000:경기도 고양시덕양구 행신1동, 4128165000:경기도 고양시덕양구 행신2동, 4128165500:경기도 고양시덕양구 행신3동]",ST000621
행신역,고속철도,KTX-청룡,"[4128163000, 4128165000]","[경기도 고양시덕양구 행신2동, 경기도 고양시덕양구 행주동]","[4128163000, 4128164000, 4128165000, 4128165500]","[경기도 고양시덕양구 행신1동, 경기도 고양시덕양구 행신2동, 경기도 고양시덕양구 행신3동, 경기도 고양시덕양구 행주동]","[4128163000:경기도 고양시덕양구 행주동, 4128165000:경기도 고양시덕양구 행신2동]","[4128163000:경기도 고양시덕양구 행주동, 4128164000:경기도 고양시덕양구 행신1동, 4128165000:경기도 고양시덕양구 행신2동, 4128165500:경기도 고양시덕양구 행신3동]",ST000621
행신역,준고속철도,KTX-이음,"[4128163000, 4128165000]","[경기도 고양시덕양구 행신2동, 경기도 고양시덕양구 행주동]","[4128163000, 4128164000, 4128165000, 4128165500]","[경기도 고양시덕양구 행신1동, 경기도 고양시덕양구 행신2동, 경기도 고양시덕양구 행신3동, 경기도 고양시덕양구 행주동]","[4128163000:경기도 고양시덕양구 행주동, 4128165000:경기도 고양시덕양구 행신2동]","[4128163000:경기도 고양시덕양구 행주동, 4128164000:경기도 고양시덕양구 행신1동, 4128165000:경기도 고양시덕양구 행신2동, 4128165500:경기도 고양시덕양구 행신3동]",ST000621
행신역,지하철,경의중앙선,"[4128163000, 4128165000]","[경기도 고양시덕양구 행신2동, 경기도 고양시덕양구 행주동]","[4128163000, 4128164000, 4128165000, 4128165500]","[경기도 고양시덕양구 행신1동, 경기도 고양시덕양구 행신2동, 경기도 고양시덕양구 행신3동, 경기도 고양시덕양구 행주동]","[4128163000:경기도 고양시덕양구 행주동, 4128165000:경기도 고양시덕양구 행신2동]","[4128163000:경기도 고양시덕양구 행주동, 4128164000:경기도 고양시덕양구 행신1동, 4128165000:경기도 고양시덕양구 행신2동, 4128165500:경기도 고양시덕양구 행신3동]",ST000621
혜화역,지하철,4호선,"[1111061500, 1111064000, 1111065000]","[서울특별시 종로구 이화동, 서울특별시 종로구 종로1·2·3·4가동, 서울특별시 종로구 혜화동]","[1111061500, 1111063000, 1111064000, 1111065000, 1111068000, 1111069000, 1129052500, 1129055500]","[서울특별시 성북구 삼선동, 서울특별시 성북구 성북동, 서울특별시 종로구 이화동, 서울특별시 종로구 종로1·2·3·4가동, 서울특별시 종로구 종로5·6가동, 서울특별시 종로구 창신2동, 서울특별시 종로구 창신3동, 서울특별시 종로구 혜화동]","[1111061500:서울특별시 종로구 종로1·2·3·4가동, 1111064000:서울특별시 종로구 이화동, 1111065000:서울특별시 종로구 혜화동]","[1111061500:서울특별시 종로구 종로1·2·3·4가동, 1111063000:서울특별시 종로구 종로5·6가동, 1111064000:서울특별시 종로구 이화동, 1111065000:서울특별시 종로구 혜화동, 1111068000:서울특별시 종로구 창신2동, 1111069000:서울특별시 종로구 창신3동, 1129052500:서울특별시 성북구 성북동, 1129055500:서울특별시 성북구 삼선동]",ST000190
호구포역,지하철,수인분당선,"[2820070000, 2820071000]","[인천광역시 남동구 논현2동, 인천광역시 남동구 논현고잔동]","[2820066000, 2820070000, 2820071000]","[인천광역시 남동구 남촌도림동, 인천광역시 남동구 논현2동, 인천광역시 남동구 논현고잔동]","[2820070000:인천광역시 남동구 논현2동, 2820071000:인천광역시 남동구 논현고잔동]","[2820066000:인천광역시 남동구 남촌도림동, 2820070000:인천광역시 남동구 논현2동, 2820071000:인천광역시 남동구 논현고잔동]",ST000479
홍대입구역,지하철,2호선,"[1141058500, 1141061500, 1144065500, 1144066000, 1144071000]","[서울특별시 마포구 서강동, 서울특별시 마포구 서교동, 서울특별시 마포구 연남동, 서울특별시 서대문구 신촌동, 서울특별시 서대문구 연희동]","[1141058500, 1141061500, 1144060000, 1144063000, 1144065500, 1144066000, 1144071000, 1144072000]","[서울특별시 마포구 대흥동, 서울특별시 마포구 서강동, 서울특별시 마포구 서교동, 서울특별시 마포구 성산1동, 서울특별시 마포구 신수동, 서울특별시 마포구 연남동, 서울특별시 서대문구 신촌동, 서울특별시 서대문구 연희동]","[1141058500:서울특별시 서대문구 신촌동, 1141061500:서울특별시 서대문구 연희동, 1144065500:서울특별시 마포구 서강동, 1144066000:서울특별시 마포구 서교동, 1144071000:서울특별시 마포구 연남동]","[1141058500:서울특별시 서대문구 신촌동, 1141061500:서울특별시 서대문구 연희동, 1144060000:서울특별시 마포구 대흥동, 1144063000:서울특별시 마포구 신수동, 1144065500:서울특별시 마포구 서강동, 1144066000:서울특별시 마포구 서교동, 1144071000:서울특별시 마포구 연남동, 1144072000:서울특별시 마포구 성산1동]",ST000139
홍대입구역,지하철,경의중앙선,"[1141058500, 1141061500, 1144065500, 1144066000, 1144071000]","[서울특별시 마포구 서강동, 서울특별시 마포구 서교동, 서울특별시 마포구 연남동, 서울특별시 서대문구 신촌동, 서울특별시 서대문구 연희동]","[1141058500, 1141061500, 1144060000, 1144063000, 1144065500, 1144066000, 1144071000, 1144072000]","[서울특별시 마포구 대흥동, 서울특별시 마포구 서강동, 서울특별시 마포구 서교동, 서울특별시 마포구 성산1동, 서울특별시 마포구 신수동, 서울특별시 마포구 연남동, 서울특별시 서대문구 신촌동, 서울특별시 서대문구 연희동]","[1141058500:서울특별시 서대문구 신촌동, 1141061500:서울특별시 서대문구 연희동, 1144065500:서울특별시 마포구 서강동, 1144066000:서울특별시 마포구 서교동, 1144071000:서울특별시 마포구 연남동]","[1141058500:서울특별시 서대문구 신촌동, 1141061500:서울특별시 서대문구 연희동, 1144060000:서울특별시 마포구 대흥동, 1144063000:서울특별시 마포구 신수동, 1144065500:서울특별시 마포구 서강동, 1144066000:서울특별시 마포구 서교동, 1144071000:서울특별시 마포구 연남동, 1144072000:서울특별시 마포구 성산1동]",ST000139
홍대입구역,지하철,공항철도,"[1141058500, 1141061500, 1144065500, 1144066000, 1144071000]","[서울특별시 마포구 서강동, 서울특별시 마포구 서교동, 서울특별시 마포구 연남동, 서울특별시 서대문구 신촌동, 서울특별시 서대문구 연희동]","[1141058500, 1141061500, 1144060000, 1144063000, 1144065500, 1144066000, 1144071000, 1144072000]","[서울특별시 마포구 대흥동, 서울특별시 마포구 서강동, 서울특별시 마포구 서교동, 서울특별시 마포구 성산1동, 서울특별시 마포구 신수동, 서울특별시 마포구 연남동, 서울특별시 서대문구 신촌동, 서울특별시 서대문구 연희동]","[1141058500:서울특별시 서대문구 신촌동, 1141061500:서울특별시 서대문구 연희동, 1144065500:서울특별시 마포구 서강동, 1144066000:서울특별시 마포구 서교동, 1144071000:서울특별시 마포구 연남동]","[1141058500:서울특별시 서대문구 신촌동, 1141061500:서울특별시 서대문구 연희동, 1144060000:서울특별시 마포구 대흥동, 1144063000:서울특별시 마포구 신수동, 1144065500:서울특별시 마포구 서강동, 1144066000:서울특별시 마포구 서교동, 1144071000:서울특별시 마포구 연남동, 1144072000:서울특별시 마포구 성산1동]",ST000139
홍제역,지하철,3호선,"[1141062000, 1141064000, 1141065500, 1141066000, 1141068500]","[서울특별시 서대문구 홍은1동, 서울특별시 서대문구 홍은2동, 서울특별시 서대문구 홍제1동, 서울특별시 서대문구 홍제2동, 서울특별시 서대문구 홍제3동]","[1141061500, 1141062000, 1141064000, 1141065500, 1141066000, 1141068500]","[서울특별시 서대문구 연희동, 서울특별시 서대문구 홍은1동, 서울특별시 서대문구 홍은2동, 서울특별시 서대문구 홍제1동, 서울특별시 서대문구 홍제2동, 서울특별시 서대문구 홍제3동]","[1141062000:서울특별시 서대문구 홍제1동, 1141064000:서울특별시 서대문구 홍제3동, 1141065500:서울특별시 서대문구 홍제2동, 1141066000:서울특별시 서대문구 홍은1동, 1141068500:서울특별시 서대문구 홍은2동]","[1141061500:서울특별시 서대문구 연희동, 1141062000:서울특별시 서대문구 홍제1동, 1141064000:서울특별시 서대문구 홍제3동, 1141065500:서울특별시 서대문구 홍제2동, 1141066000:서울특별시 서대문구 홍은1동, 1141068500:서울특별시 서대문구 홍은2동]",ST000156
화계역,지하철,우이신설선,"[1130561000, 1130563000, 1130566000]","[서울특별시 강북구 수유1동, 서울특별시 강북구 수유3동, 서울특별시 강북구 인수동]","[1130553400, 1130553500, 1130559000, 1130560000, 1130561000, 1130562000, 1130563000, 1130566000]","[서울특별시 강북구 미아동, 서울특별시 강북구 번1동, 서울특별시 강북구 번2동, 서울특별시 강북구 삼양동, 서울특별시 강북구 수유1동, 서울특별시 강북구 수유2동, 서울특별시 강북구 수유3동, 서울특별시 강북구 인수동]","[1130561000:서울특별시 강북구 수유1동, 1130563000:서울특별시 강북구 수유3동, 1130566000:서울특별시 강북구 인수동]","[1130553400:서울특별시 강북구 삼양동, 1130553500:서울특별시 강북구 미아동, 1130559000:서울특별시 강북구 번1동, 1130560000:서울특별시 강북구 번2동, 1130561000:서울특별시 강북구 수유1동, 1130562000:서울특별시 강북구 수유2동, 1130563000:서울특별시 강북구 수유3동, 1130566000:서울특별시 강북구 인수동]",ST000005
화곡역,지하철,5호선,"[1150054000, 1150056000, 1150059000, 1150061500]","[서울특별시 강서구 우장산동, 서울특별시 강서구 화곡1동, 서울특별시 강서구 화곡3동, 서울특별시 강서구 화곡본동]","[1147056000, 1147060000, 1150054000, 1150056000, 1150059000, 1150059100, 1150059300, 1150061100, 1150061500]","[서울특별시 강서구 발산1동, 서울특별시 강서구 우장산동, 서울특별시 강서구 화곡1동, 서울특별시 강서구 화곡3동, 서울특별시 강서구 화곡6동, 서울특별시 강서구 화곡8동, 서울특별시 강서구 화곡본동, 서울특별시 양천구 신월1동, 서울특별시 양천구 신월5동]","[1150054000:서울특별시 강서구 화곡1동, 1150056000:서울특별시 강서구 화곡3동, 1150059000:서울특별시 강서구 화곡본동, 1150061500:서울특별시 강서구 우장산동]","[1147056000:서울특별시 양천구 신월1동, 1147060000:서울특별시 양천구 신월5동, 1150054000:서울특별시 강서구 화곡1동, 1150056000:서울특별시 강서구 화곡3동, 1150059000:서울특별시 강서구 화곡본동, 1150059100:서울특별시 강서구 화곡6동, 1150059300:서울특별시 강서구 화곡8동, 1150061100:서울특별시 강서구 발산1동, 1150061500:서울특별시 강서구 우장산동]",ST000205
화랑대역,지하철,6호선,"[1126062000, 1126068000, 1135059500, 1135060000]","[서울특별시 노원구 공릉1동, 서울특별시 노원구 공릉2동, 서울특별시 중랑구 묵1동, 서울특별시 중랑구 신내1동]","[1126062000, 1126063000, 1126068000, 1126069000, 1135059500, 1135060000]","[서울특별시 노원구 공릉1동, 서울특별시 노원구 공릉2동, 서울특별시 중랑구 묵1동, 서울특별시 중랑구 묵2동, 서울특별시 중랑구 신내1동, 서울특별시 중랑구 신내2동]","[1126062000:서울특별시 중랑구 묵1동, 1126068000:서울특별시 중랑구 신내1동, 1135059500:서울특별시 노원구 공릉1동, 1135060000:서울특별시 노원구 공릉2동]","[1126062000:서울특별시 중랑구 묵1동, 1126063000:서울특별시 중랑구 묵2동, 1126068000:서울특별시 중랑구 신내1동, 1126069000:서울특별시 중랑구 신내2동, 1135059500:서울특별시 노원구 공릉1동, 1135060000:서울특별시 노원구 공릉2동]",ST000271
화서역,지하철,1호선,"[4111157200, 4111356000, 4111569000]","[경기도 수원시권선구 서둔동, 경기도 수원시장안구 정자2동, 경기도 수원시팔달구 화서2동]","[4111156600, 4111157200, 4111157300, 4111356000, 4111365000, 4111568000, 4111569000]","[경기도 수원시권선구 구운동, 경기도 수원시권선구 서둔동, 경기도 수원시장안구 율천동, 경기도 수원시장안구 정자2동, 경기도 수원시장안구 정자3동, 경기도 수원시팔달구 화서1동, 경기도 수원시팔달구 화서2동]","[4111157200:경기도 수원시장안구 정자2동, 4111356000:경기도 수원시권선구 서둔동, 4111569000:경기도 수원시팔달구 화서2동]","[4111156600:경기도 수원시장안구 율천동, 4111157200:경기도 수원시장안구 정자2동, 4111157300:경기도 수원시장안구 정자3동, 4111356000:경기도 수원시권선구 서둔동, 4111365000:경기도 수원시권선구 구운동, 4111568000:경기도 수원시팔달구 화서1동, 4111569000:경기도 수원시팔달구 화서2동]",ST000554
화전역,지하철,경의중앙선,"[4128166000, 4128167000]","[경기도 고양시덕양구 대덕동, 경기도 고양시덕양구 화전동]","[4128166000, 4128167000]","[경기도 고양시덕양구 대덕동, 경기도 고양시덕양구 화전동]","[4128166000:경기도 고양시덕양구 화전동, 4128167000:경기도 고양시덕양구 대덕동]","[4128166000:경기도 고양시덕양구 화전동, 4128167000:경기도 고양시덕양구 대덕동]",ST000623
화정역,지하철,3호선,"[4128162100, 4128162200]","[경기도 고양시덕양구 화정1동, 경기도 고양시덕양구 화정2동]","[4128151000, 4128153000, 4128161000, 4128162100, 4128162200, 4128165500]","[경기도 고양시덕양구 능곡동, 경기도 고양시덕양구 주교동, 경기도 고양시덕양구 행신3동, 경기도 고양시덕양구 화정1동, 경기도 고양시덕양구 화정2동, 경기도 고양시덕양구 흥도동]","[4128162100:경기도 고양시덕양구 화정1동, 4128162200:경기도 고양시덕양구 화정2동]","[4128151000:경기도 고양시덕양구 주교동, 4128153000:경기도 고양시덕양구 흥도동, 4128161000:경기도 고양시덕양구 능곡동, 4128162100:경기도 고양시덕양구 화정1동, 4128162200:경기도 고양시덕양구 화정2동, 4128165500:경기도 고양시덕양구 행신3동]",ST000737
화정역,지하철,일산선,"[4128162100, 4128162200]","[경기도 고양시덕양구 화정1동, 경기도 고양시덕양구 화정2동]","[4128161000, 4128162100, 4128162200, 4128163000, 4128164000, 4128165500]","[경기도 고양시덕양구 능곡동, 경기도 고양시덕양구 행신1동, 경기도 고양시덕양구 행신3동, 경기도 고양시덕양구 행주동, 경기도 고양시덕양구 화정1동, 경기도 고양시덕양구 화정2동]","[4128162100:경기도 고양시덕양구 화정1동, 4128162200:경기도 고양시덕양구 화정2동]","[4128161000:경기도 고양시덕양구 능곡동, 4128162100:경기도 고양시덕양구 화정1동, 4128162200:경기도 고양시덕양구 화정2동, 4128163000:경기도 고양시덕양구 행주동, 4128164000:경기도 고양시덕양구 행신1동, 4128165500:경기도 고양시덕양구 행신3동]",ST000451
회기역,지하철,1호선,"[1123056000, 1123057000, 1123071000, 1123072000, 1123073000, 1123074000]","[서울특별시 동대문구 이문1동, 서울특별시 동대문구 전농1동, 서울특별시 동대문구 전농2동, 서울특별시 동대문구 회기동, 서울특별시 동대문구 휘경1동, 서울특별시 동대문구 휘경2동]","[1123056000, 1123057000, 1123070500, 1123071000, 1123072000, 1123073000, 1123074000]","[서울특별시 동대문구 이문1동, 서울특별시 동대문구 전농1동, 서울특별시 동대문구 전농2동, 서울특별시 동대문구 청량리동, 서울특별시 동대문구 회기동, 서울특별시 동대문구 휘경1동, 서울특별시 동대문구 휘경2동]","[1123056000:서울특별시 동대문구 전농1동, 1123057000:서울특별시 동대문구 전농2동, 1123071000:서울특별시 동대문구 회기동, 1123072000:서울특별시 동대문구 휘경1동, 1123073000:서울특별시 동대문구 휘경2동, 1123074000:서울특별시 동대문구 이문1동]","[1123056000:서울특별시 동대문구 전농1동, 1123057000:서울특별시 동대문구 전농2동, 1123070500:서울특별시 동대문구 청량리동, 1123071000:서울특별시 동대문구 회기동, 1123072000:서울특별시 동대문구 휘경1동, 1123073000:서울특별시 동대문구 휘경2동, 1123074000:서울특별시 동대문구 이문1동]",ST000655
회기역,지하철,경의중앙선,"[1123056000, 1123057000, 1123071000, 1123072000, 1123073000, 1123074000]","[서울특별시 동대문구 이문1동, 서울특별시 동대문구 전농1동, 서울특별시 동대문구 전농2동, 서울특별시 동대문구 회기동, 서울특별시 동대문구 휘경1동, 서울특별시 동대문구 휘경2동]","[1123056000, 1123057000, 1123070500, 1123071000, 1123072000, 1123073000, 1123074000]","[서울특별시 동대문구 이문1동, 서울특별시 동대문구 전농1동, 서울특별시 동대문구 전농2동, 서울특별시 동대문구 청량리동, 서울특별시 동대문구 회기동, 서울특별시 동대문구 휘경1동, 서울특별시 동대문구 휘경2동]","[1123056000:서울특별시 동대문구 전농1동, 1123057000:서울특별시 동대문구 전농2동, 1123071000:서울특별시 동대문구 회기동, 1123072000:서울특별시 동대문구 휘경1동, 1123073000:서울특별시 동대문구 휘경2동, 1123074000:서울특별시 동대문구 이문1동]","[1123056000:서울특별시 동대문구 전농1동, 1123057000:서울특별시 동대문구 전농2동, 1123070500:서울특별시 동대문구 청량리동, 1123071000:서울특별시 동대문구 회기동, 1123072000:서울특별시 동대문구 휘경1동, 1123073000:서울특별시 동대문구 휘경2동, 1123074000:서울특별시 동대문구 이문1동]",ST000655
회기역,지하철,경춘선,"[1123056000, 1123057000, 1123071000, 1123072000, 1123073000, 1123074000]","[서울특별시 동대문구 이문1동, 서울특별시 동대문구 전농1동, 서울특별시 동대문구 전농2동, 서울특별시 동대문구 회기동, 서울특별시 동대문구 휘경1동, 서울특별시 동대문구 휘경2동]","[1123056000, 1123057000, 1123070500, 1123071000, 1123072000, 1123073000, 1123074000]","[서울특별시 동대문구 이문1동, 서울특별시 동대문구 전농1동, 서울특별시 동대문구 전농2동, 서울특별시 동대문구 청량리동, 서울특별시 동대문구 회기동, 서울특별시 동대문구 휘경1동, 서울특별시 동대문구 휘경2동]","[1123056000:서울특별시 동대문구 전농1동, 1123057000:서울특별시 동대문구 전농2동, 1123071000:서울특별시 동대문구 회기동, 1123072000:서울특별시 동대문구 휘경1동, 1123073000:서울특별시 동대문구 휘경2동, 1123074000:서울특별시 동대문구 이문1동]","[1123056000:서울특별시 동대문구 전농1동, 1123057000:서울특별시 동대문구 전농2동, 1123070500:서울특별시 동대문구 청량리동, 1123071000:서울특별시 동대문구 회기동, 1123072000:서울특별시 동대문구 휘경1동, 1123073000:서울특별시 동대문구 휘경2동, 1123074000:서울특별시 동대문구 이문1동]",ST000655
회룡역,지하철,1호선,"[4115053000, 4115054500, 4115055500, 4115056100, 4115056700]","[경기도 의정부시 신곡1동, 경기도 의정부시 의정부3동, 경기도 의정부시 장암동, 경기도 의정부시 호원1동, 경기도 의정부시 호원2동]","[4115052000, 4115053000, 4115054500, 4115055500, 4115056100, 4115056700]","[경기도 의정부시 신곡1동, 경기도 의정부시 의정부2동, 경기도 의정부시 의정부3동, 경기도 의정부시 장암동, 경기도 의정부시 호원1동, 경기도 의정부시 호원2동]","[4115053000:경기도 의정부시 의정부3동, 4115054500:경기도 의정부시 호원1동, 4115055500:경기도 의정부시 호원2동, 4115056100:경기도 의정부시 장암동, 4115056700:경기도 의정부시 신곡1동]","[4115052000:경기도 의정부시 의정부2동, 4115053000:경기도 의정부시 의정부3동, 4115054500:경기도 의정부시 호원1동, 4115055500:경기도 의정부시 호원2동, 4115056100:경기도 의정부시 장암동, 4115056700:경기도 의정부시 신곡1동]",ST000384
회룡역,지하철,의정부,"[4115053000, 4115054500, 4115055500, 4115056100, 4115056700]","[경기도 의정부시 신곡1동, 경기도 의정부시 의정부3동, 경기도 의정부시 장암동, 경기도 의정부시 호원1동, 경기도 의정부시 호원2동]","[4115052000, 4115053000, 4115054500, 4115055500, 4115056100, 4115056700]","[경기도 의정부시 신곡1동, 경기도 의정부시 의정부2동, 경기도 의정부시 의정부3동, 경기도 의정부시 장암동, 경기도 의정부시 호원1동, 경기도 의정부시 호원2동]","[4115053000:경기도 의정부시 의정부3동, 4115054500:경기도 의정부시 호원1동, 4115055500:경기도 의정부시 호원2동, 4115056100:경기도 의정부시 장암동, 4115056700:경기도 의정부시 신곡1동]","[4115052000:경기도 의정부시 의정부2동, 4115053000:경기도 의정부시 의정부3동, 4115054500:경기도 의정부시 호원1동, 4115055500:경기도 의정부시 호원2동, 4115056100:경기도 의정부시 장암동, 4115056700:경기도 의정부시 신곡1동]",ST000384
회현역,지하철,4호선,"[1114052000, 1114054000, 1114055000]","[서울특별시 중구 명동, 서울특별시 중구 소공동, 서울특별시 중구 회현동]","[1114052000, 1114054000, 1114055000, 1114057000, 1114060500, 1114068000, 1117051000, 1117053000, 1141056500]","[서울특별시 서대문구 충현동, 서울특별시 용산구 남영동, 서울특별시 용산구 후암동, 서울특별시 중구 명동, 서울특별시 중구 소공동, 서울특별시 중구 을지로동, 서울특별시 중구 중림동, 서울특별시 중구 필동, 서울특별시 중구 회현동]","[1114052000:서울특별시 중구 소공동, 1114054000:서울특별시 중구 회현동, 1114055000:서울특별시 중구 명동]","[1114052000:서울특별시 중구 소공동, 1114054000:서울특별시 중구 회현동, 1114055000:서울특별시 중구 명동, 1114057000:서울특별시 중구 필동, 1114060500:서울특별시 중구 을지로동, 1114068000:서울특별시 중구 중림동, 1117051000:서울특별시 용산구 후암동, 1117053000:서울특별시 용산구 남영동, 1141056500:서울특별시 서대문구 충현동]",ST000192
효자역,지하철,의정부,"[4115056800, 4115057300, 4115058000]","[경기도 의정부시 송산1동, 경기도 의정부시 신곡2동, 경기도 의정부시 자금동]","[4115056800, 4115057300, 4115057600, 4115058000]","[경기도 의정부시 송산1동, 경기도 의정부시 송산2동, 경기도 의정부시 신곡2동, 경기도 의정부시 자금동]","[4115056800:경기도 의정부시 신곡2동, 4115057300:경기도 의정부시 송산1동, 4115058000:경기도 의정부시 자금동]","[4115056800:경기도 의정부시 신곡2동, 4115057300:경기도 의정부시 송산1동, 4115057600:경기도 의정부시 송산2동, 4115058000:경기도 의정부시 자금동]",ST000375
효창공원앞역,지하철,6호선,"[1117055500, 1117056000, 1117057000, 1117058000, 1117059000, 1117062500]","[서울특별시 용산구 용문동, 서울특별시 용산구 원효로1동, 서울특별시 용산구 원효로2동, 서울특별시 용산구 청파동, 서울특별시 용산구 한강로동, 서울특별시 용산구 효창동]","[1117053000, 1117055500, 1117056000, 1117057000, 1117058000, 1117059000, 1117062500, 1144056500, 1144058500]","[서울특별시 마포구 공덕동, 서울특별시 마포구 도화동, 서울특별시 용산구 남영동, 서울특별시 용산구 용문동, 서울특별시 용산구 원효로1동, 서울특별시 용산구 원효로2동, 서울특별시 용산구 청파동, 서울특별시 용산구 한강로동, 서울특별시 용산구 효창동]","[1117055500:서울특별시 용산구 청파동, 1117056000:서울특별시 용산구 원효로1동, 1117057000:서울특별시 용산구 원효로2동, 1117058000:서울특별시 용산구 효창동, 1117059000:서울특별시 용산구 용문동, 1117062500:서울특별시 용산구 한강로동]","[1117053000:서울특별시 용산구 남영동, 1117055500:서울특별시 용산구 청파동, 1117056000:서울특별시 용산구 원효로1동, 1117057000:서울특별시 용산구 원효로2동, 1117058000:서울특별시 용산구 효창동, 1117059000:서울특별시 용산구 용문동, 1117062500:서울특별시 용산구 한강로동, 1144056500:서울특별시 마포구 공덕동, 1144058500:서울특별시 마포구 도화동]",ST000258
효창공원앞역,지하철,경의중앙선,"[1117055500, 1117056000, 1117057000, 1117058000, 1117059000, 1117062500]","[서울특별시 용산구 용문동, 서울특별시 용산구 원효로1동, 서울특별시 용산구 원효로2동, 서울특별시 용산구 청파동, 서울특별시 용산구 한강로동, 서울특별시 용산구 효창동]","[1117053000, 1117055500, 1117056000, 1117057000, 1117058000, 1117059000, 1117062500, 1144056500, 1144058500]","[서울특별시 마포구 공덕동, 서울특별시 마포구 도화동, 서울특별시 용산구 남영동, 서울특별시 용산구 용문동, 서울특별시 용산구 원효로1동, 서울특별시 용산구 원효로2동, 서울특별시 용산구 청파동, 서울특별시 용산구 한강로동, 서울특별시 용산구 효창동]","[1117055500:서울특별시 용산구 청파동, 1117056000:서울특별시 용산구 원효로1동, 1117057000:서울특별시 용산구 원효로2동, 1117058000:서울특별시 용산구 효창동, 1117059000:서울특별시 용산구 용문동, 1117062500:서울특별시 용산구 한강로동]","[1117053000:서울특별시 용산구 남영동, 1117055500:서울특별시 용산구 청파동, 1117056000:서울특별시 용산구 원효로1동, 1117057000:서울특별시 용산구 원효로2동, 1117058000:서울특별시 용산구 효창동, 1117059000:서울특별시 용산구 용문동, 1117062500:서울특별시 용산구 한강로동, 1144056500:서울특별시 마포구 공덕동, 1144058500:서울특별시 마포구 도화동]",ST000258
흑석역,지하철,9호선,"[1117063000, 1159051000, 1159060500]","[서울특별시 동작구 노량진1동, 서울특별시 동작구 흑석동, 서울특별시 용산구 이촌1동]","[1117063000, 1117064000, 1159051000, 1159053000, 1159060500, 1159063000]","[서울특별시 동작구 노량진1동, 서울특별시 동작구 사당2동, 서울특별시 동작구 상도1동, 서울특별시 동작구 흑석동, 서울특별시 용산구 이촌1동, 서울특별시 용산구 이촌2동]","[1117063000:서울특별시 용산구 이촌1동, 1159051000:서울특별시 동작구 노량진1동, 1159060500:서울특별시 동작구 흑석동]","[1117063000:서울특별시 용산구 이촌1동, 1117064000:서울특별시 용산구 이촌2동, 1159051000:서울특별시 동작구 노량진1동, 1159053000:서울특별시 동작구 상도1동, 1159060500:서울특별시 동작구 흑석동, 1159063000:서울특별시 동작구 사당2동]",ST000032
흥선역,지하철,의정부,"[4115052000, 4115059000, 4115060000]","[경기도 의정부시 가능1동, 경기도 의정부시 가능2동, 경기도 의정부시 의정부2동]","[4115051000, 4115052000, 4115053000, 4115059000, 4115060000, 4115061000]","[경기도 의정부시 가능1동, 경기도 의정부시 가능2동, 경기도 의정부시 가능3동, 경기도 의정부시 의정부1동, 경기도 의정부시 의정부2동, 경기도 의정부시 의정부3동]","[4115052000:경기도 의정부시 의정부2동, 4115059000:경기도 의정부시 가능1동, 4115060000:경기도 의정부시 가능2동]","[4115051000:경기도 의정부시 의정부1동, 4115052000:경기도 의정부시 의정부2동, 4115053000:경기도 의정부시 의정부3동, 4115059000:경기도 의정부시 가능1동, 4115060000:경기도 의정부시 가능2동, 4115061000:경기도 의정부시 가능3동]",ST000380
