시군구,행정동코드,행정동명,행정동총면적_m2,주거용지비율,상업업무용지비율,공공시설용지비율
서울_종로구,11010530,사직동,1157671.2996191066,9.168483713512767,12.58037655219366,2.5210998310166377
서울_종로구,11010540,삼청동,1476086.244918536,4.139636608127883,4.268350745238117,1.6338256690173247
서울_종로구,11010550,부암동,2273044.4091353468,8.225045558757389,2.190655582872993,2.096652083970634
서울_종로구,11010560,평창동,8940655.329911664,4.803285419579791,0.7657532388125766,0.4736663363121697
서울_종로구,11010570,무악동,369245.4822686503,7.147563369387297,2.919003591673484,2.3624504108347524
서울_종로구,11010580,교남동,346667.13479939464,15.764483741761255,8.100110599266191,4.165433365674306
서울_종로구,11010600,가회동,539599.8544892247,17.414913365347747,10.203017028739463,4.109892871629805
서울_종로구,11010610,종로1·2·3·4가동,2415326.730085671,1.7796112622854712,21.688719150253,0.964531899910496
서울_종로구,11010630,종로5·6가동,602712.8344987278,7.392420472680321,29.245416769560663,2.8533965377225687
서울_종로구,11010640,이화동,781806.2194507818,10.220077539615966,12.475704684534762,8.861895893515202
서울_종로구,11010670,창신1동,304915.0810513392,13.191554794111369,25.071075724852204,4.157565328375156
서울_종로구,11010680,창신2동,257320.96135152745,29.63861056374473,12.139633095179487,1.9318738562078053
서울_종로구,11010690,창신3동,216671.8870710232,18.350931419050863,5.653647351246437,3.41286993391121
서울_종로구,11010700,숭인1동,239215.32115701263,23.797794170604167,8.524258820719417,1.8382555795117188
서울_종로구,11010710,숭인2동,351640.31189976155,17.280618215788074,23.250955474580408,2.838765385107826
서울_종로구,11010720,청운효자동,2568560.056117465,7.364078428646762,3.5276484279119296,2.3233599087552728
서울_종로구,11010730,혜화동,1131570.126434548,17.061551562988214,7.627284755204207,7.489593086260005
서울_중구,11020520,소공동,943090.0451435072,1.3303807375355354,22.0534761542169,2.686253699842476
서울_중구,11020540,회현동,897156.106999932,3.901961735745703,18.862476376128164,1.085226930987087
서울_중구,11020550,명동,968876.2596072336,2.163342593720772,31.892053672161108,3.2905623581199923
서울_중구,11020570,필동,1463586.7173389706,2.87302168383506,10.308809679348435,4.028769853909783
서울_중구,11020580,장충동,1017158.9421082004,5.424994692459099,11.498358873218011,1.063478068700618
서울_중구,11020590,광희동,736648.8912997656,3.118857407219069,36.46787409137971,0.8711701171110047
서울_중구,11020600,을지로동,611191.8241216319,0.9361734867777648,43.31118257793366,1.05837301429628
서울_중구,11020650,신당5동,319464.4409896149,16.753696092781446,14.13217977131634,3.685916396476245
서울_중구,11020670,황학동,328391.1913211211,9.607153395094713,32.33959212343392,0.6194955383758399
서울_중구,11020680,중림동,484023.16386115225,11.073081642976067,12.844267641974568,3.557092142840245
서울_중구,11020690,신당동,534537.9543277827,10.832981593187816,25.71174523792672,4.860491431027436
서울_중구,11020700,다산동,523575.8824797477,27.184819259856045,11.22872161993293,3.807369441082177
서울_중구,11020710,약수동,485866.1432877514,13.083303490519585,7.5551310241491185,1.2283623437038715
서울_중구,11020720,청구동,342312.10888944694,17.27114835846222,9.175480867404524,4.407018364340472
서울_중구,11020730,동화동,326798.3838419116,11.9401815470339,11.627744586832828,3.2114715166112897
서울_용산구,11030510,후암동,865244.0803748902,21.674043482147063,5.142871992061927,2.6631241073752383
서울_용산구,11030520,용산2가동,1965379.646328625,5.5045553182518,1.5281863414429178,1.118336797542414
서울_용산구,11030530,남영동,1176908.797605099,4.99666053379922,8.091336818180633,0.7140750291200192
서울_용산구,11030570,원효로2동,708448.6920712206,10.752539765678089,10.044050640106985,2.7773084579362712
서울_용산구,11030580,효창동,445853.9028966531,14.505998568654013,4.180895137123014,2.54423373134956
서울_용산구,11030590,용문동,277325.00179992145,22.71204192644746,10.5042447291685,1.1841375259347453
서울_용산구,11030630,이촌1동,2870622.4573845994,3.4900636969925256,1.0277952709423646,0.720134828807773
서울_용산구,11030640,이촌2동,1204647.7115449945,2.540333986136832,1.491506473293843,0.461217691498073
서울_용산구,11030650,이태원1동,582461.1004865179,17.763118593409388,15.732821156712696,1.1817058136193554
서울_용산구,11030660,이태원2동,873587.4397270826,16.52568383593838,5.709252225392434,0.8073884941925232
서울_용산구,11030690,서빙고동,2819832.46527736,4.139163315817066,1.424736725758356,0.4832627414830167
서울_용산구,11030700,보광동,714558.4725689037,23.03973597851204,5.280245257731391,2.5702886384884427
서울_용산구,11030710,청파동,885524.0864885414,21.66788829467936,9.776848328028825,6.83161531149293
서울_용산구,11030720,원효로1동,588618.2441152311,14.075691936292452,16.844882381299257,1.772897209254835
서울_용산구,11030730,한강로동,2867675.943997137,4.20622464578896,9.161125534946189,1.044720458827025
서울_용산구,11030740,한남동,3029614.718166791,10.832671709203098,6.485232545027392,0.8975517873874316
서울_성동구,11040520,왕십리2동,372143.4604807907,18.89710578576536,7.61601119464618,2.1634625093688724
서울_성동구,11040540,마장동,1034489.291812161,10.772673246722434,14.35645056461348,3.311861812378301
서울_성동구,11040550,사근동,1168326.7093078103,6.948837170303144,4.61531577278212,10.839002997433274
서울_성동구,11040560,행당1동,573130.4000000659,9.285650151307252,10.32370892183263,2.354463464333024
서울_성동구,11040570,행당2동,457322.1761841619,14.596370472755924,3.5772771629744247,3.487846531107789
서울_성동구,11040580,응봉동,553164.5845739627,10.960089650509843,2.020367004050708,1.7058094186609374
서울_성동구,11040590,금호1가동,445096.9507123839,10.66698426135301,4.487869518463097,3.0570107681802674
서울_성동구,11040620,금호4가동,831211.830733361,8.234000317662446,2.732980245180653,1.6312700550777406
서울_성동구,11040650,성수1가1동,1884441.4977924544,4.847735368141818,5.0097376007869165,12.658301420871132
서울_성동구,11040660,성수1가2동,929378.449226402,7.900587053409004,10.89543295143871,2.5768628032107133
서울_성동구,11040670,성수2가1동,1184060.9126513745,9.729921737301414,13.140093642042585,2.027222320471044
서울_성동구,11040680,성수2가3동,1053696.7254850871,3.994258319388027,31.27483400130433,1.3640148320016106
서울_성동구,11040690,송정동,681394.466015134,11.644212448897015,5.268690232653111,1.2458779318877198
서울_성동구,11040700,용답동,2375334.161802022,3.344467538709492,7.409071885235546,4.778252896566284
서울_성동구,11040710,왕십리도선동,709747.3358944025,14.0738241282594,10.844767830017725,3.031861029755316
서울_성동구,11040720,금호2·3가동,630718.9454332939,19.81756488931824,5.692012064322785,2.2443790402441897
서울_성동구,11040730,옥수동,1920719.090109008,5.0244149957843165,1.428347638789639,1.2417565153020649
서울_광진구,11050530,화양동,1135446.812010598,12.825389829593837,9.780902410952068,9.00394415271564
서울_광진구,11050540,군자동,737460.1372972513,21.25785257265508,9.960494410457173,7.066679977656516
서울_광진구,11050550,중곡1동,614033.6009455529,18.721074883459373,13.680945837036065,1.7721843792660823
서울_광진구,11050560,중곡2동,545123.0428054762,28.165672426898748,12.794681114292796,2.391655357313434
서울_광진구,11050570,중곡3동,601404.2505817785,20.226503815679457,10.93161069073599,3.3195787749139534
서울_광진구,11050580,중곡4동,2311686.975970048,9.807160700476192,2.5456921971902444,1.2099480749063165
서울_광진구,11050590,능동,1091266.620928269,9.917742423334545,3.769733653742507,0.833175545740582
서울_광진구,11050600,구의1동,594547.3377039409,26.466262533475053,12.128180938713715,2.295850031810833
서울_광진구,11050610,구의2동,1386971.8853216723,14.1277567350382,4.207775349455798,10.580601849865989
서울_광진구,11050620,구의3동,1026770.2186114228,11.56886983972397,9.610457784507553,1.3650412649682115
서울_광진구,11050630,광장동,2391913.4431120986,5.046589923701295,3.946926433433705,4.13399752059441
서울_광진구,11050640,자양1동,568431.369456211,26.602618117228456,11.964727977823951,2.1803766541652783
서울_광진구,11050650,자양2동,1656250.4546226012,9.201955730066771,4.64349379730419,2.143534142657677
서울_광진구,11050660,자양3동,1195503.3965950874,8.4265051515704,4.798802959918649,2.6633565212141144
서울_광진구,11050670,자양4동,1179121.316773601,12.86938379989771,7.444330326940854,1.2691951140545084
서울_동대문구,11060710,회기동,766332.5189408528,10.432773563016054,9.118081565755949,6.589171432681212
서울_동대문구,11060720,휘경1동,521397.6276853318,12.161444699682647,8.90504085307405,0.8920171420897349
서울_동대문구,11060730,휘경2동,1112757.5054327354,12.753344167961348,5.470974992440477,4.2304582059190015
서울_동대문구,11060800,청량리동,1203482.1013895755,11.058870257106197,9.263556146864104,3.676542233735689
서울_동대문구,11060810,용신동,1617172.3870440316,12.473569435125157,17.07720731802596,2.0543778494513054
서울_동대문구,11060820,제기동,1180807.747504301,16.291278346343184,20.08403459641699,2.5260551597108187
서울_동대문구,11060830,전농1동,1125837.1944873373,17.11187425463476,11.029820250974808,5.220013153769673
서울_동대문구,11060840,전농2동,976821.1385074372,8.213191488406455,3.441000452713137,9.160002231763368
서울_동대문구,11060860,답십리2동,875076.2664751676,12.012774532152031,11.213332448168616,1.5852601019521264
서울_동대문구,11060870,장안1동,1341140.8014898573,13.73337334075092,15.014979600709005,2.1076318145367745
서울_동대문구,11060880,장안2동,995877.0812284732,15.068528193789785,13.732742071719668,2.7975726544396387
서울_동대문구,11060890,이문1동,1038808.7971404,12.902719055634632,4.799357347384299,5.128466524405822
서울_동대문구,11060900,이문2동,723336.1432560202,12.810572717159996,9.808290950172363,1.8687649470673893
서울_동대문구,11060910,답십리1동,787641.347694006,15.618002836738762,9.664233705745866,2.7545946956395206
서울_중랑구,11070520,면목2동,762536.3752363183,20.531257321978973,10.511117899938478,2.382616928719004
서울_중랑구,11070540,면목4동,842818.455418721,13.20220338212795,4.798591453437553,2.351213400798057
서울_중랑구,11070550,면목5동,704395.2091784383,11.325138269279442,7.111440923769301,0.786586958924024
서울_중랑구,11070570,면목7동,1234524.0150640404,10.494277361467429,4.233787383149711,0.9216208719962158
서울_중랑구,11070590,상봉1동,853561.8367980008,13.752896306231769,4.604280096686042,2.786321236882116
서울_중랑구,11070600,상봉2동,676924.9459255502,16.403348216646506,16.850363440992666,1.1665640178487329
서울_중랑구,11070610,중화1동,641000.9120395957,19.233904005591093,4.881041743746703,4.231912227367291
서울_중랑구,11070620,중화2동,1016175.9160013152,18.85209003457373,6.835906747200449,1.989803581403592
서울_중랑구,11070640,묵1동,1237485.180428794,15.292632975855172,4.255150894234272,2.705577335444342
서울_중랑구,11070650,묵2동,668690.7559510663,18.065597264589265,6.678577498735981,2.7570175710215543
서울_중랑구,11070680,망우3동,961818.5318018144,13.850505926389442,4.196412052345498,1.9561631797850447
서울_중랑구,11070690,신내1동,2604936.6339994743,5.4754667071178975,4.726381142466036,1.0360404105210614
서울_중랑구,11070700,신내2동,910579.9236387472,5.458857541427184,3.3632633017340194,2.6769944869773203
서울_중랑구,11070710,면목본동,848365.78313685,29.141772010141327,9.723761636063758,2.7087237581089245
서울_중랑구,11070720,면목3·8동,1613531.430220525,10.423584819508529,4.688036661220445,2.319361571354545
서울_중랑구,11070730,망우본동,2945831.542387538,7.051761116404236,5.864877128926129,2.1533005013327235
서울_성북구,11080580,돈암1동,488925.34809077566,11.095543156974486,2.5897272934811384,2.756512531128955
서울_성북구,11080590,돈암2동,518117.1719194885,14.23838528624071,2.2456980900704786,3.774425044516599
서울_성북구,11080600,안암동,1378526.3863605345,9.069868282236484,7.088490873680119,11.048804608578838
서울_성북구,11080610,보문동,552588.386634134,17.816342342219734,9.907636515233277,2.972274605870041
서울_성북구,11080620,정릉1동,411654.233031389,20.7431554513967,7.683109851090101,1.4061200720597384
서울_성북구,11080630,정릉2동,1094064.485333524,17.476598295985575,3.7810712093957872,1.7309923790768278
서울_성북구,11080640,정릉3동,3324627.606889553,6.5328668957861895,1.496834792007424,2.7671799828442345
서울_성북구,11080650,정릉4동,3568232.306668583,4.734637027611602,1.2228144538744998,1.2252755088807177
서울_성북구,11080660,길음1동,796710.2780428466,12.685117447656571,3.667915796555283,4.779751925757304
서울_성북구,11080680,길음2동,587556.5427815143,14.920478480439613,11.57629747976935,1.143726313068348
서울_성북구,11080710,월곡1동,801148.5144281337,14.062696187922905,7.718590675677441,3.731568603070587
서울_성북구,11080720,월곡2동,1363862.6449986238,8.434293912037965,5.190249343374352,2.389881074890389
서울_성북구,11080760,장위1동,708007.1947546556,29.782624200128176,5.592245426672425,2.0847118216708087
서울_성북구,11080770,장위2동,679375.7924119356,21.05747467356701,7.510795696867621,2.2705957329307083
서울_성북구,11080780,장위3동,652103.7834481776,16.41035999613815,5.360369064914216,2.1313858741037475
서울_성북구,11080810,성북동,2877749.923628326,12.906276932941852,2.7480695366612307,1.7314031083797987
서울_성북구,11080820,삼선동,925528.3519526154,18.977874640417348,9.001543057943548,4.815646035421562
서울_성북구,11080830,동선동,724236.3137330249,16.838221963636055,13.1039976209446,6.483988068399032
서울_성북구,11080840,종암동,1403462.327063302,14.907868664561944,6.677419290018386,3.195755167643329
서울_성북구,11080850,석관동,1703758.6633156778,13.71530794316904,5.474183108551004,3.9774585244295655
서울_강북구,11090600,번1동,626560.6523036485,24.744013379880386,13.145114506012831,2.7149723763940754
서울_강북구,11090610,번2동,973558.5116256434,10.863768256883942,3.424302833868357,1.790709140469602
서울_강북구,11090620,번3동,1080354.8515131683,4.45323175630265,2.87732423310334,1.523617762583542
서울_강북구,11090630,수유1동,1648718.7929156155,11.052829216892258,4.011218461993173,2.4153985717772035
서울_강북구,11090640,수유2동,581177.02928687,24.75881480604317,9.462752879794497,2.642537786163321
서울_강북구,11090650,수유3동,745080.9524737196,25.915099930871584,14.725169038155986,2.121055223671195
서울_강북구,11090690,삼양동,923394.3216598168,21.18397065433228,5.185458181705592,2.9992743621079043
서울_강북구,11090700,미아동,840567.7338097914,20.65726805736381,9.352659596012938,4.010190990332415
서울_강북구,11090710,송중동,1074979.9840741851,22.830877074568555,9.786968420833384,2.6987730537599184
서울_강북구,11090720,송천동,929209.3075045171,27.45931710550702,11.40052905439012,3.314460148234624
서울_강북구,11090730,삼각산동,621441.3168800542,11.72598313451065,3.7695898868235695,2.998527726975925
서울_강북구,11090740,우이동,10579790.15684463,2.085497872162538,1.015975491510574,0.2451849561195684
서울_강북구,11090750,인수동,2995754.95050948,9.53974910005094,3.123227378393476,1.8644041230998936
서울_도봉구,11100510,쌍문1동,1174885.560468361,15.842038545104051,3.1520086175567315,5.296168327509238
서울_도봉구,11100520,쌍문2동,540781.8048788009,23.112380261386235,8.887883653262193,3.709125712192167
서울_도봉구,11100530,쌍문3동,504422.9298473836,24.23466598121623,10.505956122026683,2.6246276061508977
서울_도봉구,11100540,쌍문4동,554447.0182321169,11.768072372339232,2.334799615933359,3.826085693104292
서울_도봉구,11100550,방학1동,1040065.5393087548,14.962419150449357,9.835101892975256,4.301884209538561
서울_도봉구,11100560,방학2동,1091985.6081384963,15.977851667125382,4.10904289078741,1.8934767490512607
서울_도봉구,11100570,방학3동,1949549.809847569,4.63884471028735,1.5535135734975096,1.2917363062146132
서울_도봉구,11100590,창1동,1121318.0350163437,9.809905644202004,3.6002266453782608,2.305456213512074
서울_도봉구,11100600,창2동,653945.3199284887,25.29214716209066,10.40687181000013,2.0633379664853977
서울_도봉구,11100610,창3동,654987.2585619986,17.428023223730584,5.918990029053468,2.912755238143709
서울_도봉구,11100620,창4동,1139307.1425799911,5.769063779887103,6.335551144423275,2.6961255247785787
서울_도봉구,11100630,창5동,700942.9110056368,12.591791728634409,11.013933855967643,3.097632535486685
서울_도봉구,11100640,도봉1동,8445069.216864066,2.251522123305125,1.1259367353086132,0.6594454183692203
서울_도봉구,11100650,도봉2동,1118179.2149436572,9.053288898208129,5.886224031775676,3.466968762667557
서울_노원구,11110510,월계1동,1140714.9239171862,10.679102675973663,5.787521174299962,3.888570717088587
서울_노원구,11110520,월계2동,2003257.4518270672,4.444101614958358,1.4412630219019094,2.929174496483354
서울_노원구,11110530,월계3동,1133290.9990217355,6.44587974130955,6.73367727432963,2.0948729467462126
서울_노원구,11110560,공릉2동,6978055.84259063,2.4771496082790145,1.1944903358407308,2.909648252509953
서울_노원구,11110580,하계1동,1525890.4777610328,6.078836690444744,3.336446477733096,6.695748297924537
서울_노원구,11110590,하계2동,499641.4303040422,11.02973854146162,1.958281559446084,3.456255115580125
서울_노원구,11110600,중계본동,2181556.3382772817,6.521974014626096,1.761908988370026,1.561156304519286
서울_노원구,11110610,중계1동,622972.9598422882,9.45892893670072,5.020124691710212,4.067624412785388
서울_노원구,11110640,중계4동,1518104.798449378,3.624250555943992,2.2080976423586587,2.177078512191866
서울_노원구,11110650,상계1동,5398483.701445269,2.723548759999715,1.8222964270719144,1.4316589784451583
서울_노원구,11110660,상계2동,622648.9470855747,13.75778334254137,14.761341324190516,4.134994295682208
서울_노원구,11110690,상계5동,906196.8807098538,13.400286033058324,5.434379384180177,2.1207948878417686
서울_노원구,11110720,상계8동,665840.2223766204,8.097118866907255,1.9803423651498115,4.483360360108374
서울_노원구,11110730,상계9동,718895.6152777761,7.040533131555675,2.0979945261141784,3.3978782574749107
서울_노원구,11110740,상계10동,808596.8881865293,5.452732241118033,1.7253132875095305,2.6233019228358976
서울_노원구,11110760,상계3·4동,5207882.552876804,3.892329847352189,0.945027047554705,0.7130987538191891
서울_노원구,11110770,상계6·7동,1449188.0867129304,6.971445655540194,5.559904828290225,4.455133758359127
서울_노원구,11110780,중계2·3동,918380.4956780896,8.844448896923508,4.561262497058807,4.7747499534071824
서울_노원구,11110790,공릉1동,1262293.2058036237,12.802901590812471,8.732059068582519,2.539966490413067
서울_은평구,11120510,녹번동,1792888.489674982,13.402160208540051,5.478039127273439,1.6930304203935704
서울_은평구,11120520,불광1동,3122614.023352136,8.327404471204444,2.506389857078788,0.9248388348989202
서울_은평구,11120550,갈현1동,960364.3933502928,23.794549794955323,6.441881779671876,1.312582568520579
서울_은평구,11120560,갈현2동,984441.1117190326,22.665915148721176,6.851330399545678,3.885986250781986
서울_은평구,11120570,구산동,1388754.7637064273,16.216243957773973,2.574465528977586,3.7738106773822007
서울_은평구,11120580,대조동,851064.6931701804,22.643960438433155,10.658308938264751,2.5878534840094183
서울_은평구,11120590,응암1동,1109043.8321867322,15.444328566311308,6.10480792198246,2.541785069437016
서울_은평구,11120600,응암2동,754690.319204595,16.409028929852813,3.979994380156816,1.0399235321870428
서울_은평구,11120650,신사1동,807720.0252850907,22.38585563172346,5.181863617649981,1.803489928995396
서울_은평구,11120660,신사2동,1045454.2596176866,14.620552294167949,2.6018113505809946,2.781744231929399
서울_은평구,11120670,증산동,807136.3723603964,17.95512441301311,5.739482703385292,1.9796655594826296
서울_은평구,11120680,수색동,1288994.080472962,5.077715289340566,3.912991480768203,0.951664293692391
서울_은평구,11120710,진관동,11556755.591425097,2.804914416100408,1.2649376268277388,0.7771772584382051
서울_은평구,11120720,불광2동,1395058.3164333142,18.9030373231552,3.6555730809897815,2.73486379394214
서울_은평구,11120730,응암3동,752218.7382589733,24.47994969087337,11.1045655099249,3.223450398836161
서울_은평구,11120740,역촌동,1156690.8217913862,29.63868614429097,7.841630218642185,2.177990085928293
서울_서대문구,11130520,천연동,982085.8037135936,7.820380860198512,4.310538707990881,3.191697446628298
서울_서대문구,11130620,홍제1동,1234716.3205751714,12.12305157700129,3.1834141910063103,1.517110295664139
서울_서대문구,11130640,홍제3동,1191622.6020923266,10.51749038850068,3.8945099924366207,1.9916590354530608
서울_서대문구,11130650,홍제2동,699457.7423128673,9.249663885213591,2.811000522216038,0.912807222305684
서울_서대문구,11130660,홍은1동,1613942.233830091,9.50665278792919,1.908503410848263,1.008438758618675
서울_서대문구,11130680,홍은2동,2073551.3296412888,12.337773061028908,3.1181906153161703,1.8925013714524703
서울_서대문구,11130690,남가좌1동,475186.4455984536,9.77503041859725,5.237623615571773,2.379760028676766
서울_서대문구,11130700,남가좌2동,783220.5066193886,19.95098967435463,6.9793591294272845,4.3041981712264334
서울_서대문구,11130710,북가좌1동,577555.0412676766,15.583876083629544,3.740830543373488,2.822681543123582
서울_서대문구,11130720,북가좌2동,824237.078308568,30.71267035271274,6.479789247230864,1.5582948179838
서울_서대문구,11130730,충현동,1115171.262562828,16.504758364591293,8.152002656547126,4.319782901985068
서울_서대문구,11130740,북아현동,458603.463849287,18.79075154450988,7.68392203441204,4.338740864420019
서울_서대문구,11130750,신촌동,2718268.2848514514,5.778155438266022,8.521381640335173,8.025158135190761
서울_서대문구,11130760,연희동,2927088.2460902976,15.777386245725324,4.10925786787364,2.162543991898369
서울_마포구,11140590,용강동,790015.9806621224,9.325521875123632,9.36949365733262,1.7455952360680045
서울_마포구,11140600,대흥동,847570.4840706903,10.427699642597087,9.6535946210724,6.605879716931326
서울_마포구,11140610,염리동,501459.5502321295,15.285165619826564,7.432469941528638,5.147768405271659
서울_마포구,11140630,신수동,797289.6461760341,13.26051045589424,6.139744708327815,2.6714882507545705
서울_마포구,11140660,서교동,1677742.208858603,13.804856736156385,22.718522638795623,1.2704933207403564
서울_마포구,11140680,합정동,1711131.480088621,8.680374885084182,5.296643421630511,1.2463557627814392
서울_마포구,11140690,망원1동,1100198.2831516492,14.02065092255898,5.65209044086113,0.6566479950021352
서울_마포구,11140700,망원2동,675915.0220603489,17.125268917923396,7.899173134870033,1.519135471402987
서울_마포구,11140710,연남동,646962.683424097,26.5412372921656,10.275834803539537,1.8560508031309373
서울_마포구,11140720,성산1동,858622.7767544005,20.289526550386245,7.503786902534869,3.1383977065127104
서울_마포구,11140730,성산2동,1977273.225923417,7.500124820674767,4.633447974110359,1.9532858793273755
서울_마포구,11140740,상암동,8396291.145079477,1.2732965452355325,2.9088370424747425,0.7507074622815395
서울_마포구,11140750,도화동,624554.4931728917,14.210631404437429,10.810126601123038,1.7820226291793404
서울_마포구,11140760,서강동,1477486.1303479704,9.551228836794202,5.264766966521655,2.896138191672708
서울_마포구,11140770,공덕동,1018450.1657506932,17.638950167251284,10.216825422994733,2.090039276518605
서울_마포구,11140780,아현동,743782.7088935665,10.428381756468823,8.019669931746416,3.411484387273086
서울_양천구,11150510,목1동,1432068.1548850827,5.675076424947573,8.55874345837938,2.09863382624081
서울_양천구,11150520,목2동,1020612.2424162788,20.858571656998883,4.86330787818454,1.264922774620913
서울_양천구,11150530,목3동,531463.9500147799,26.821875329979296,9.636515975415108,2.832884042924223
서울_양천구,11150540,목4동,577073.8617576781,26.42238347951704,8.963230121053783,3.3571235875481285
서울_양천구,11150570,신월1동,621951.4510105938,25.952080841795016,11.314724130376584,2.151300655771537
서울_양천구,11150580,신월2동,606373.1224224624,19.91689144315244,6.750168444074396,3.805453949456857
서울_양천구,11150590,신월3동,917379.760310372,13.328234306470128,5.717070599616338,4.14416448307835
서울_양천구,11150600,신월4동,469534.5188639525,20.205466360428847,7.097239821509098,3.5146855624149653
서울_양천구,11150610,신월5동,637843.5041681058,16.735883907335104,7.960281569710935,3.327503734257363
서울_양천구,11150620,신월6동,443965.829853491,11.51922462554634,6.084179036573543,2.698432388562028
서울_양천구,11150630,신월7동,1229742.6291137673,9.397942310592509,3.154548114276648,2.124571691066626
서울_양천구,11150640,신정1동,747026.4143278865,10.537520797715215,7.512120918022777,2.156715346638224
서울_양천구,11150650,신정2동,525516.3905447104,11.534518827759358,8.686610565681455,3.5723946463456584
서울_양천구,11150660,신정3동,2754548.01680671,7.79254419481831,3.132133638592103,1.8954275919803567
서울_양천구,11150690,신정6동,940200.9858627926,6.512262518430322,3.640849603836463,2.030341544159327
서울_양천구,11150700,신정7동,1233234.5357700682,6.423179857743184,5.684702605820409,2.640516607721555
서울_양천구,11150710,목5동,1765073.5205782815,8.696450952902467,4.080019968092743,3.4111339818272857
서울_양천구,11150720,신정4동,996421.2101886552,24.34687090562661,12.477886658387504,2.9021483195427327
서울_강서구,11160510,염창동,1733196.0007027274,7.521611093702941,6.08455981230645,1.520461677337235
서울_강서구,11160520,등촌1동,650269.1672525492,13.82598839442981,17.4685995134094,1.8718474390484408
서울_강서구,11160530,등촌2동,910005.5269936752,15.382481732618976,4.143125676715425,3.2913736794378314
서울_강서구,11160540,등촌3동,1059596.5790403178,6.883329996528127,10.735555184259155,5.419110141433933
서울_강서구,11160550,화곡본동,972031.8907713532,26.267240233114432,6.097427372553939,2.3729533445071933
서울_강서구,11160570,화곡2동,454291.5865664552,31.860610938309,9.180794342095975,3.254711469823984
서울_강서구,11160580,화곡3동,521482.3815115427,25.659235693947167,8.260902888765164,2.3176477609339097
서울_강서구,11160590,화곡4동,851431.6652886255,19.81866593627939,7.728098901255518,2.2919202930768634
서울_강서구,11160610,화곡6동,1037160.7448248954,15.027018811328617,8.490758341427512,2.0158531763571763
서울_강서구,11160630,화곡8동,592893.632388941,32.04391052701339,7.335406805483662,1.8625704585905083
서울_강서구,11160640,가양1동,4967111.377800222,1.731368712113658,9.566450360974926,3.9300408340906094
서울_강서구,11160650,가양2동,823278.047801683,3.961692665797388,2.5714505583590936,3.1022718732929326
서울_강서구,11160660,가양3동,472283.6424196507,8.0815649932082,8.896850087394158,3.634530848589216
서울_강서구,11160670,발산1동,2885594.7091239244,5.943144663234111,9.923912934405204,2.1165760192563834
서울_강서구,11160690,공항동,10853939.253527034,1.7326555109487516,1.404666525108981,0.544443821464104
서울_강서구,11160700,방화1동,1474547.8069130369,15.85445130295826,7.292504444356247,2.994306818120494
서울_강서구,11160710,방화2동,6153142.828359423,3.157410689404537,3.0571654774924246,0.9671557863585936
서울_강서구,11160720,방화3동,2557074.204477931,3.0967045352251104,1.6715605981502284,1.5175655299904447
서울_강서구,11160730,화곡1동,1196882.0128629426,27.86893254600568,11.597887796159842,2.1871955233861207
서울_강서구,11160740,우장산동,1260677.9668300026,15.2675991189809,4.993604473051118,2.487057120202942
서울_구로구,11170510,신도림동,1391772.8367334749,7.529319290193635,8.408680239807174,2.3133324406842446
서울_구로구,11170520,구로1동,1008158.1865774865,5.366033408301248,4.601231588398115,1.7390396352633526
서울_구로구,11170540,구로3동,1039355.177661106,7.889234897065438,22.044340787980307,2.7043057683666096
서울_구로구,11170550,구로4동,524117.755468053,18.66090649205403,17.018598465494232,3.538765215394281
서울_구로구,11170560,구로5동,1011733.617569924,12.750024574035663,12.00028375004071,2.649506509996684
서울_구로구,11170610,고척1동,1150403.1187430983,10.472050317937516,8.906773377302915,3.5587078829631698
서울_구로구,11170620,고척2동,1024829.7435687426,17.792178439902795,5.199514452680865,3.5763516252907586
서울_구로구,11170640,개봉2동,781957.1267328948,18.36664268298924,5.043213336654707,1.60179834659571
서울_구로구,11170650,개봉3동,827818.8890789909,15.876119492892595,4.694753424778607,2.618801855176049
서울_구로구,11170670,오류1동,726889.7278929004,16.717699101195276,8.458110356389257,1.8639909158322383
서울_구로구,11170690,수궁동,2659440.627180626,7.128008194226136,2.258457664590034,2.70738935043467
서울_구로구,11170700,가리봉동,410698.9724840274,25.80450710977702,12.590746009455264,3.842632273867234
서울_구로구,11170710,구로2동,1702114.6044065831,14.558069646353369,15.538363992571004,1.5803700163482883
서울_구로구,11170720,개봉1동,1319364.5862149764,15.274610614215328,6.669322608080311,2.0444814904965805
서울_구로구,11170730,오류2동,3058811.871726517,7.195597514606579,4.060191883642379,1.8842318980185409
서울_구로구,11170740,항동,1445902.4570771274,5.883314312278014,2.243275267992275,1.564953185660254
서울_금천구,11180510,가산동,2511019.6922600977,4.3972332931471,20.50240003478851,0.4214874017666217
서울_금천구,11180520,독산1동,2060413.4735964928,7.606261974312141,11.352768821126428,1.821847069596852
서울_금천구,11180530,독산2동,616721.2892122008,27.74186266150428,8.351592738805024,3.064265803894377
서울_금천구,11180540,독산3동,934299.236753367,21.019996416037017,10.301243120761386,3.8508126100825657
서울_금천구,11180550,독산4동,590611.9944669963,22.624959288759293,8.669346418954683,1.7605513991186146
서울_금천구,11180570,시흥1동,1522242.0314234912,13.56169944475325,11.080871448570049,2.510108892914243
서울_금천구,11180580,시흥2동,1307917.9447543644,4.346851964246213,1.1906496192098213,2.215728809436423
서울_금천구,11180590,시흥3동,1260466.14764501,7.816022236784802,9.371685305267563,1.874852636904936
서울_금천구,11180600,시흥4동,821105.9386114429,18.62110382666717,3.371254844424059,2.1194385722866302
서울_금천구,11180610,시흥5동,1385952.4856133447,11.335289327935175,3.0939949246114185,1.2010616566200736
서울_영등포구,11190540,여의동,8431315.760253912,1.2272782173346637,5.004587009668249,0.8527955366052131
서울_영등포구,11190550,당산1동,744759.1147104842,10.428958730123052,23.020001655846244,1.5132208015943396
서울_영등포구,11190560,당산2동,1580150.6576499194,6.930689112220796,7.795221052754969,1.4508514866444042
서울_영등포구,11190610,양평1동,974200.448288198,5.5214132945734695,14.084292857975052,1.4478851750672876
서울_영등포구,11190620,양평2동,2872495.765241954,2.735130220525561,5.389906038331203,1.4043916909007006
서울_영등포구,11190630,신길1동,722392.3817793673,20.577474339233813,8.416063411176316,2.1761402912109857
서울_영등포구,11190650,신길3동,519701.8126124086,19.60660654292557,8.767446590054659,2.802798308324398
서울_영등포구,11190660,신길4동,322364.478602302,21.63788156133014,6.821349881233256,3.648305703590513
서울_영등포구,11190670,신길5동,494289.8647848298,17.284616729538822,5.005192495388746,4.228032834703507
서울_영등포구,11190680,신길6동,617898.9496416408,16.91249835701324,9.08235631955092,3.422963529111743
서울_영등포구,11190690,신길7동,646693.3288146224,10.235362962930155,7.734628763552546,3.94575664415442
서울_영등포구,11190700,대림1동,498611.8130900599,22.614953088118305,11.107123189426272,3.190049107581594
서울_영등포구,11190710,대림2동,572120.0235324813,24.626695422009,11.493274135862675,1.925339647196865
서울_영등포구,11190720,대림3동,921021.5398362548,13.74200805469599,12.956270398864472,2.957372853189423
서울_영등포구,11190730,영등포본동,845748.9302889162,16.123761954898427,6.7716872405706745,2.2540661759741525
서울_영등포구,11190740,영등포동,1371086.5816971257,4.707968960907282,28.05306962434478,1.5231495274506326
서울_영등포구,11190750,도림동,585455.3412494983,21.51231418348606,9.257311824498844,2.079083971777019
서울_영등포구,11190760,문래동,1785402.7320093953,4.96205412061979,15.74634493482521,1.7377441942799432
서울_동작구,11200520,노량진2동,600124.1255213493,25.85310318229366,12.393908803440636,1.4229541852954648
서울_동작구,11200530,상도1동,1481755.498568926,16.71578052819955,5.488743947486633,4.174641692316094
서울_동작구,11200540,상도2동,778079.182985511,20.584724988747308,6.631323435091921,1.9948924467345923
서울_동작구,11200550,상도3동,636728.6622762942,31.273021754503034,5.9349445492601545,1.972974128299175
서울_동작구,11200560,상도4동,938866.7184147204,26.427219902765227,3.66987382667527,2.3651769850036
서울_동작구,11200630,사당1동,634697.5965846108,27.85278993726565,12.594523101265468,2.1999620481615043
서울_동작구,11200650,사당3동,907007.0835460091,13.71967451184771,3.526897788423204,2.7295198058931143
서울_동작구,11200660,사당4동,435822.36383206456,23.986564881059103,5.300295251837742,1.5725136781165734
서울_동작구,11200670,사당5동,681690.2713847598,11.34605821930513,2.8626390872386,3.196506937978413
서울_동작구,11200680,대방동,1543763.0700794023,12.603446216219607,6.986014960452403,4.5495051891238605
서울_동작구,11200690,신대방1동,674784.6244719744,17.94632127741421,6.508624124102476,3.722769953837396
서울_동작구,11200700,신대방2동,976657.310568742,11.591797656796471,8.518429074480334,3.236909417211949
서울_동작구,11200710,흑석동,1707033.866053747,12.175566104563906,4.599364219772284,4.291586313829017
서울_동작구,11200720,노량진1동,1612248.6330196003,9.631226500729944,7.254597602429523,1.6974305108158516
서울_동작구,11200730,사당2동,2761137.42801799,5.223833566235895,3.20055555935919,0.8703474564333666
서울_관악구,11210520,보라매동,749326.924434749,24.699465207900985,6.850088285487402,3.4826181867278887
서울_관악구,11210540,청림동,296933.9104723308,21.721157064364803,5.83958361352305,1.972219557658421
서울_관악구,11210570,행운동,717700.2657625523,22.12139075302648,8.003077256437248,4.306828146772016
서울_관악구,11210580,낙성대동,2261134.373164907,4.724162479818669,3.066244155191339,2.6594526881864207
서울_관악구,11210610,중앙동,384442.6728190986,25.30610868945152,12.795993715370155,2.292826518656857
서울_관악구,11210620,인헌동,1088265.8195931085,16.085055247411066,3.740345045718521,1.548350210490884
서울_관악구,11210630,남현동,3278571.494441279,3.929692881641668,1.4267310440700234,0.4458852120359223
서울_관악구,11210640,서원동,647053.8801459006,26.53715217783752,7.450951959578127,2.1908134899994223
서울_관악구,11210650,신원동,544575.0226685876,26.536531591013024,5.995299401738011,2.335628973653921
서울_관악구,11210660,서림동,940554.7989477152,16.413246004938895,6.380301004973848,1.6865011009193274
서울_관악구,11210680,신사동,640559.5204267779,27.19391328823176,10.15880855942307,2.314494248997608
서울_관악구,11210690,신림동,540840.5042011158,17.416278899367175,17.934192366063012,2.880342896013819
서울_관악구,11210710,난향동,820791.9469069774,9.482306425309377,1.7206401832869171,1.4578718954480083
서울_관악구,11210720,조원동,666117.3511987159,17.3132807092058,14.53271191337966,2.207153337407388
서울_관악구,11210730,대학동,8398948.30479121,1.8130888189968977,1.1721977005664197,3.3925561695239623
서울_관악구,11210780,은천동,775637.1496100364,20.980833293668766,8.685850468616312,2.867652771059954
서울_관악구,11210790,성현동,677719.138262707,14.66751482488034,3.945274688885685,3.424109943588709
서울_관악구,11210800,청룡동,1194718.0123688118,14.18087979488516,8.828540134549618,3.102940578164099
서울_관악구,11210810,난곡동,971656.5980450248,22.176339652334345,3.6181020452293646,2.724493213696658
서울_관악구,11210820,삼성동,2602463.717896752,6.468167701774048,2.0306233124450603,1.1333515636618563
서울_관악구,11210830,미성동,1358429.7106797148,14.045841250374504,5.179962913080465,2.940274914749549
서울_서초구,11220510,서초1동,1381640.311498347,10.583168242176209,11.821674118561498,3.004139768004632
서울_서초구,11220520,서초2동,1229992.4989059705,5.912752618356936,14.340232731818189,1.9230400832190075
서울_서초구,11220530,서초3동,2996312.161498385,6.935587703176373,12.11235430521302,1.883810307984144
서울_서초구,11220540,서초4동,879108.4600329077,9.727118261072317,12.53332253389669,1.6973773780980168
서울_서초구,11220550,잠원동,1755541.6450200342,5.367549521905001,6.284752525372153,0.8801499895069463
서울_서초구,11220560,반포본동,971806.9766001288,7.994391272003589,2.1304876961886947,2.2528568195796463
서울_서초구,11220570,반포1동,991618.4379388732,14.26554562565622,7.415364073507337,2.334086778975045
서울_서초구,11220580,반포2동,1394982.7278886442,2.7015782868408853,1.7231254093082244,1.7217956145740998
서울_서초구,11220590,반포3동,1250766.2395342449,5.11664974575917,3.012319071673629,1.0536373854857084
서울_서초구,11220600,반포4동,1426067.0123753326,11.560737014341296,12.07311896482933,2.794272541225992
서울_서초구,11220610,방배본동,677002.2395720058,19.676141514817505,11.100729497100266,1.6721563336124297
서울_서초구,11220620,방배1동,688726.8297166858,18.862212418701898,10.588627358074778,1.4373320445397426
서울_서초구,11220630,방배2동,1902603.3492622387,8.273212775425451,4.785349763996936,1.3260667289740695
서울_서초구,11220640,방배3동,2373348.9591862126,6.43831158127148,2.784928900375232,1.6493896411001048
서울_서초구,11220650,방배4동,948814.6546252748,18.855425993445944,9.326706503792105,2.162165874806149
서울_서초구,11220660,양재1동,5760998.857359762,4.392470873199889,4.078991544707934,1.0826427221725323
서울_서초구,11220670,양재2동,7556516.713944547,1.885820618960346,4.69418907439278,0.3671775753166457
서울_서초구,11220680,내곡동,12699154.071999604,1.2771870027259975,1.052434067447056,0.2598275129604702
서울_강남구,11230510,신사동,2057678.206892152,4.518558294617091,9.322796240237466,0.9809682585994458
서울_강남구,11230520,논현1동,1257791.475688569,18.09183667797381,19.49502253017484,1.1305772416394144
서울_강남구,11230530,논현2동,1457417.316169823,12.825801439129506,21.24508342138155,1.050931790775962
서울_강남구,11230580,삼성1동,1943143.862840983,5.573507256677171,14.846512761072846,1.8681554645359428
서울_강남구,11230590,삼성2동,1241325.8824145892,12.595662038509875,12.72537080548089,1.1063945601817944
서울_강남구,11230600,대치1동,809204.8117973416,8.237975680215087,5.509603743761423,2.824962604599751
서울_강남구,11230630,대치4동,700546.9238886284,19.107072858368728,20.54549655191812,2.056965742474027
서울_강남구,11230640,역삼1동,2360341.2453272543,13.84351070733572,23.229574973983063,1.601631162568238
서울_강남구,11230650,역삼2동,1134166.177711371,14.55904291941894,13.795118511448468,2.6990764373422467
서울_강남구,11230660,도곡1동,1049811.171380735,9.260368566313687,9.454334486741043,1.9032805283028569
서울_강남구,11230670,도곡2동,990008.6658603408,8.330388232520631,8.256555099265777,3.365156407976328
서울_강남구,11230680,개포1동,1448844.283505292,1.5845415240011758,1.572749740495193,0.6081347400794531
서울_강남구,11230710,개포4동,1664191.8829674898,7.714438681080937,5.624659999087365,1.5925681581945943
서울_강남구,11230720,일원본동,2352816.255382805,4.484270304016577,2.7219509423182275,1.7443130271034823
서울_강남구,11230730,일원1동,952738.114469984,9.687027247003968,4.577930763222897,2.8935949318994494
서울_강남구,11230740,일원2동,1299292.829807386,3.4096821055609507,3.089998645762662,1.1073118039094751
서울_강남구,11230750,수서동,1628146.9985285865,2.901515860921186,3.1471549347938903,1.2019939697503796
서울_강남구,11230760,세곡동,6362857.325298201,4.16048502905108,2.0979677332083035,0.8237731708133075
서울_강남구,11230770,압구정동,2343278.206528037,5.75448911884852,10.391950681751018,1.192345415529453
서울_강남구,11230780,청담동,2327443.094732763,7.965236662272132,11.526591639812665,1.2181268021771263
서울_강남구,11230790,대치2동,1835962.384347916,7.0530989973331,10.663381329977264,1.8343231832217304
서울_강남구,11230800,개포2동,2241622.2462875303,5.617054506771939,1.5863028394936678,2.393621015104875
서울_송파구,11240510,풍납1동,1074461.5398369725,7.824256627258655,2.647119897239305,0.8361580377028851
서울_송파구,11240520,풍납2동,2562572.8603888704,4.162471933012721,4.137310953744762,1.4089188975778129
서울_송파구,11240530,거여1동,521901.4918714052,13.048053944197676,5.876688637904489,3.9115520598225775
서울_송파구,11240540,거여2동,509222.9393000823,18.14323539292562,5.650990852487267,2.6868753029404338
서울_송파구,11240550,마천1동,574808.4673787202,23.189935047403104,6.60647361693274,2.3400601841426405
서울_송파구,11240560,마천2동,889992.5591763463,14.256420585689856,5.871313662831429,2.4651391022946227
서울_송파구,11240570,방이1동,608786.9865979014,14.255944505788994,10.30046154424734,3.9560994888154033
서울_송파구,11240580,방이2동,769245.3185692355,21.26325276800388,16.595090495903612,1.6489643501708804
서울_송파구,11240590,오륜동,3082692.303196935,2.173308058427476,2.207428533565042,2.187207148363504
서울_송파구,11240600,오금동,1647585.9291789583,11.251417481684031,6.445769102723157,3.244005814459023
서울_송파구,11240610,송파1동,686394.2890659347,24.83029147299498,12.18367216719982,2.2523144972581464
서울_송파구,11240620,송파2동,630534.1082963527,13.538622224752649,5.040179538290468,5.199283268968074
서울_송파구,11240630,석촌동,946183.8649987913,23.80606128292241,12.709485210852842,2.458069938833661
서울_송파구,11240640,삼전동,952604.6672405044,22.815953514452705,8.337165060878192,3.3943064103227982
서울_송파구,11240650,가락본동,1013951.7007396684,10.805578051013148,13.662036571307434,2.6329566560807334
서울_송파구,11240660,가락1동,1392151.4367168166,3.9405485663221,20.24495395389888,1.507000928011573
서울_송파구,11240670,가락2동,931587.0443693649,14.588333552078648,7.725302492553224,3.336516779964301
서울_송파구,11240680,문정1동,612070.7633651552,16.59168471809542,10.27409841923686,2.697709520647199
서울_송파구,11240690,문정2동,2240295.8369222027,2.820516457259035,13.7071312094463,1.9149802655838937
서울_송파구,11240710,잠실본동,1028207.016197756,17.038909738962335,12.846549110093196,1.8563262733042671
서울_송파구,11240750,잠실4동,779600.6155107062,4.682920728532774,1.9604702677167307,2.1415338768417613
서울_송파구,11240770,잠실6동,1506838.6477410188,3.328295570247388,6.396433778981907,1.0545151827368762
서울_송파구,11240780,잠실7동,722932.201466048,5.102681800514938,0.9460063588095092,2.6767048486336096
서울_송파구,11240790,잠실2동,2684789.4768274776,2.612075775313336,0.8249088101543739,0.963999051995246
서울_송파구,11240800,잠실3동,1541455.1008072468,5.112979759920918,3.241387622523304,0.9921587575945132
서울_송파구,11240810,장지동,1277361.5867775297,9.16631670187212,5.200121219550004,3.181344156268381
서울_송파구,11240820,위례동,2638595.697643987,5.293743716400128,1.860825372338804,0.981627984307476
서울_강동구,11250530,명일1동,634446.9055101952,13.740778793093902,9.630189105213928,2.89327506180072
서울_강동구,11250540,명일2동,913614.1562303422,5.576157072905129,5.502368283215727,1.6871261841908052
서울_강동구,11250550,고덕1동,1517309.4039229369,6.640541897921995,2.090889929511873,2.916859110715427
서울_강동구,11250560,고덕2동,2473375.273047397,3.7430577183957583,1.92262871737981,1.5204160324325404
서울_강동구,11250580,암사2동,2172643.04444782,2.471163420241459,1.3221524977720758,0.48835531861435
서울_강동구,11250590,암사3동,1797967.1122820256,4.009253104217589,1.421218380413774,8.184817609523027
서울_강동구,11250610,천호1동,668477.5722608304,26.071257190845635,7.615990787632362,4.245055103975218
서울_강동구,11250630,천호3동,561435.1753777919,23.15926303715545,11.30734665477313,2.180756937824155
서울_강동구,11250650,성내1동,663160.2397709946,14.989443737084985,13.2820936424232,3.343607680520892
서울_강동구,11250660,성내2동,624661.8694407982,23.74647188392652,12.269187396237202,1.7750118588931985
서울_강동구,11250670,성내3동,646853.1167711924,20.65836022791003,15.16372808933718,1.9779870969268472
서울_강동구,11250700,둔촌1동,911467.3177781738,0.1100326055225094,1.2084929308115748,1.5540033495597116
서울_강동구,11250710,둔촌2동,1549245.6166016578,8.158218900149942,6.069468481287178,2.1692156268568814
서울_강동구,11250720,암사1동,734907.5996205076,28.64591739781892,9.426133907343862,2.3992543092662264
서울_강동구,11250730,천호2동,1849418.510686828,12.388139504362352,7.467967861569813,1.0850879098485338
서울_강동구,11250740,길동,1630343.8778385457,14.02173799635319,9.407553442798203,2.2213352554234795
서울_강동구,11250750,강일동,2270383.504523997,5.3435911498779065,1.7008861411548684,1.6089841681123622
서울_강동구,11250760,상일1동,1802631.9229180743,7.278729256953058,3.410953973427645,2.166443975967048
서울_강동구,11250770,상일2동,1115524.997319787,3.8525096740467655,3.3787500247308087,1.1165423955978886
인천_중구,23010520,연안동,5698090.115403967,0.5019756404082387,11.747157487361577,1.6717556053504063
인천_중구,23010530,신포동,1588044.2088715592,3.387703792013498,11.607982925242617,2.108668973730886
인천_중구,23010540,신흥동,3537977.359700358,2.1449439585300025,16.016906137390855,1.6721560540375582
인천_중구,23010560,도원동,232792.84223327812,15.778542661532931,7.216192608008871,6.166701002044568
인천_중구,23010570,율목동,182903.3319367831,20.44626601745754,8.413240649186909,5.3025965879805055
인천_중구,23010580,동인천동,625879.0301520402,11.144194758437832,16.200173637233874,6.302132972853347
인천_중구,23010630,용유동,39118641.5994845,0.374025400012574,0.9711010240996518,1.9968366792618983
인천_중구,23010640,운서동,52798107.177146405,0.5682278320471693,1.4948466218351608,1.4740384646893212
인천_중구,23010650,영종동,36071554.059427045,1.0475160210100678,0.9727121976034654,1.0797437254348832
인천_중구,23010660,영종1동,5663059.356636861,2.115668997344318,2.2397052780665727,1.783528337515664
인천_중구,23010670,개항동,2873187.2803907464,3.353825714238982,4.511504994355953,1.1868810941248231
인천_동구,23020510,만석동,1133537.4401429596,4.145841197290625,6.83454381543048,0.4653118275802201
인천_동구,23020520,화수1·화평동,286759.69380430743,21.840729894391785,11.104005882413242,2.9220192031034373
인천_동구,23020530,화수2동,592632.7255822535,8.245699256006898,2.4749993242685298,2.349547442367607
인천_동구,23020550,송현1·2동,333197.6428421549,9.373494906276148,11.001624655097634,2.744213751275111
인천_동구,23020570,송현3동,2234804.8119994327,1.2303715364501209,3.609869643159864,0.1879889026101278
인천_동구,23020580,송림1동,196111.37048963632,12.830924772711697,4.949037783858896,3.5447935258840886
인천_동구,23020590,송림2동,198130.5825075146,23.28365112974865,16.210729710871753,5.206563914483363
인천_동구,23020600,송림3·5동,519703.88010948943,15.839247137987488,7.887115738455066,6.60248420725492
인천_동구,23020610,송림4동,799350.0774285874,3.899264302454602,18.062300720841133,0.521335321477704
인천_동구,23020630,송림6동,558277.8169435218,8.994108427500528,17.159491559440944,0.8744971719817418
인천_동구,23020640,금창동,289178.2917787917,18.56037069252901,11.775503587962902,6.466738744056675
인천_연수구,23040510,옥련1동,2166690.579468958,5.97476274018181,6.742139176252559,1.6576521038998555
인천_연수구,23040520,선학동,2434373.368987671,3.841181986291829,2.3207622625700406,0.9360799141532228
인천_연수구,23040530,연수1동,1637775.205098864,7.988018690523742,5.120950692854988,1.8514137584813355
인천_연수구,23040540,연수2동,970401.0710977404,4.50739684192836,9.001329673274224,2.3768906509532624
인천_연수구,23040550,연수3동,863711.7870426993,5.77053647345241,2.860302400616602,5.198770365478636
인천_연수구,23040560,청학동,2387927.8221725584,7.158285775429264,4.0678750312130605,1.837830529104036
인천_연수구,23040570,동춘1동,3820176.295370271,3.380632553899779,3.3835992896708618,1.2620137006882592
인천_연수구,23040580,동춘2동,1279195.168934035,6.898465141391581,3.1946740684153423,1.895856753451399
인천_연수구,23040590,동춘3동,707320.0973082,7.966846434827192,8.314656359435944,2.523185969692112
인천_연수구,23040600,옥련2동,1992795.9507442869,3.701340556379086,2.2194161362579785,2.251472140610915
인천_연수구,23040640,송도1동,5835537.738022011,2.2945661219036606,6.791274112012922,3.9873624012203353
인천_연수구,23040650,송도3동,22050487.95766972,0.4764649144898213,2.091994734538165,2.409155149519879
인천_연수구,23040660,송도2동,3602732.2341179075,3.479398885965184,3.721430041814704,2.026801748405008
인천_연수구,23040680,송도4동,6956440.124734939,0.6981677802928503,1.4817324978027235,1.4063255321158412
인천_연수구,23040690,송도5동,6442297.419701075,1.275692019663751,1.458711388712346,1.477341407247707
인천_남동구,23050510,구월1동,1677118.483588371,7.73617817336108,8.608470886819081,2.741471246695403
인천_남동구,23050520,구월2동,814005.0698888053,15.908404107071004,4.765053387120731,3.964142329172175
인천_남동구,23050530,구월3동,1837133.8089600943,8.931769455084307,17.948609734275813,1.9454780700962253
인천_남동구,23050540,구월4동,1041376.9139981732,10.340064407819332,8.771024105316929,2.3048340201438573
인천_남동구,23050550,간석1동,946362.0933608314,15.680660588038233,8.473309205388539,2.9702976583315865
인천_남동구,23050560,간석2동,594520.7376861617,16.02000580127594,14.700213648224686,4.149882541696777
인천_남동구,23050570,간석3동,1649515.8052685305,8.416549608056838,7.104833555892469,1.947299794608752
인천_남동구,23050580,간석4동,1064968.446689233,13.74031287746341,13.555194803091414,2.686909049745502
인천_남동구,23050590,만수1동,756337.3383250276,11.273623485551967,7.0212417699542495,5.727944880256886
인천_남동구,23050600,만수2동,851791.5745541562,11.962032145119895,6.177962814301341,3.631860046028107
인천_남동구,23050610,만수3동,1267308.4882980315,6.325250280093532,1.9993993420187688,1.697049547627234
인천_남동구,23050620,만수4동,968085.9056776034,9.9784814412232,1.831423311960445,2.4996531656778096
인천_남동구,23050630,만수5동,543834.570694839,20.75873458607628,11.081701767817066,4.0681449341672975
인천_남동구,23050640,만수6동,1720844.001208112,4.471951575856539,5.347753471187442,2.258734055779988
인천_남동구,23050670,남촌도림동,9842225.403807843,1.3713606360866488,2.541633369493967,0.3951503157954143
인천_남동구,23050720,논현1동,3814666.731441589,3.155128576762397,3.4118335922004057,0.986395776922547
인천_남동구,23050730,논현2동,3262346.0117779886,3.425651141480935,4.403834000284821,1.1726295167010037
인천_남동구,23050740,논현고잔동,10973645.463893823,1.09955877825202,3.6252502329419984,1.6040977471991709
인천_남동구,23050750,장수서창동,11426856.629676295,1.1719009194916858,1.4346033377671137,0.2106516904596384
인천_남동구,23050760,서창2동,2512021.179023965,5.012051536460225,3.313585940646352,2.0288794367717577
인천_부평구,23060510,부평1동,1095934.247552803,11.085598054772312,13.438310165572108,2.6704081239605384
인천_부평구,23060520,부평2동,2340698.1616515056,4.349557710553161,1.850357973318258,1.0767113313860397
인천_부평구,23060530,부평3동,975076.5696862468,11.873452292848826,5.690194607374142,2.831550418630324
인천_부평구,23060540,부평4동,1052968.3716851927,18.11537165158954,17.057352147847357,3.4526241470645465
인천_부평구,23060550,부평5동,808586.6766168202,20.87819757557596,19.05316473666929,2.508168307501626
인천_부평구,23060560,부평6동,705636.0939341272,12.895866971261928,8.264257386854824,3.7596737825656064
인천_부평구,23060570,산곡1동,2296474.418341861,7.19840221522953,1.8900318324461705,1.8354475298801551
인천_부평구,23060580,산곡2동,813066.4694772119,12.64074023529395,8.518884010383877,2.942241420447856
인천_부평구,23060590,산곡3동,1638378.2652149687,7.231730306573852,2.71118762000905,1.6811764311063675
인천_부평구,23060600,산곡4동,691381.2548464547,7.535085459351596,3.9698443646353776,2.601227289646302
인천_부평구,23060610,청천1동,2085520.817996633,2.439666282313618,5.550396259311117,0.4288778880891666
인천_부평구,23060620,청천2동,2817946.364087336,5.309236768922236,7.497444026107136,1.0233593912962804
인천_부평구,23060630,갈산1동,1100270.7575942655,9.5762359443671,7.347321493482157,2.2080775201361496
인천_부평구,23060640,갈산2동,673671.2985539924,7.741325360529723,6.083477882294202,3.684287265690105
인천_부평구,23060650,삼산1동,1967936.7251757188,5.784004882310358,4.885296780712648,1.7933268139610068
인천_부평구,23060660,부개1동,927861.0711410766,14.625441609462412,6.039938695404098,1.9302334304774689
인천_부평구,23060670,부개2동,722207.6394129527,12.749214438367648,5.802689009630424,4.419483337152251
인천_부평구,23060680,부개3동,869757.6074790589,11.139435437503362,5.313164301094797,5.674447130476599
인천_부평구,23060690,일신동,4327179.893256089,1.7514143290749236,2.6573448854812134,0.8705911967709782
인천_부평구,23060700,십정1동,1739827.5583999243,7.266486424132151,5.592608943039498,1.560123302505238
인천_부평구,23060710,십정2동,1089932.3724940124,17.75567292160354,10.165824361369914,3.084487025134073
인천_부평구,23060720,삼산2동,1351600.3472381204,5.859606619055368,6.036247922456757,2.9434521247344008
인천_계양구,23070510,효성1동,2081340.301196318,6.455033128121264,3.135378956873411,2.04307908898014
인천_계양구,23070520,효성2동,2908541.4803740107,4.549717076800225,3.627866555951373,0.8864905679681404
인천_계양구,23070530,계산1동,1456386.3806299174,9.563262350406186,8.667229855918691,3.3022142562668644
인천_계양구,23070540,계산2동,1582885.061048987,7.884848305810179,3.9644065871506498,2.653815218832112
인천_계양구,23070550,계산3동,521934.6267364881,14.000149617528828,6.050495340179643,4.382814552985522
인천_계양구,23070560,작전1동,831423.8624097704,13.03227074446434,6.756502386554901,4.657997107246448
인천_계양구,23070570,작전2동,967317.6369148648,12.571591437350712,12.187763004823324,1.945274170226979
인천_계양구,23070580,작전서운동,3276346.7321984195,3.36216325120023,7.196983276159384,1.3817694897720274
인천_계양구,23070610,계양2동,4156051.4950590273,4.458343017798576,2.418621280218064,1.0909224931567831
인천_계양구,23070620,계산4동,850271.049002766,5.667193465240687,13.024846403085837,4.141562217938253
인천_계양구,23070630,계양1동,17059703.82925015,1.0208119667261215,0.9095886526081796,0.4141093763460812
인천_계양구,23070640,계양3동,9811156.760748075,1.5046497529247809,1.7119438539062928,1.0301431172788822
인천_서구,23080510,검암경서동,14995076.185170509,2.161549932151198,1.7294636991879615,0.677932746053389
인천_서구,23080530,연희동,9447146.793453284,2.204983937724892,2.2962039624439803,0.9417996889971012
인천_서구,23080540,가정1동,2434775.880984493,6.523588450811947,3.871848649028108,0.6815339428011427
인천_서구,23080550,가정2동,1282108.1081720043,3.879721450860443,0.3982161289894491,0.3409715085874917
인천_서구,23080560,가정3동,588929.4525350941,11.365255231719129,1.1721810670045592,2.2828568420738904
인천_서구,23080580,석남1동,1146365.032019579,14.17206422711594,9.326131723495944,1.8205021631570832
인천_서구,23080590,석남2동,2721862.5582637764,4.550980697007253,7.921830020944204,0.92562835719419
인천_서구,23080600,석남3동,1449821.494738116,7.87766287317652,1.4996722905663218,2.370333854438611
인천_서구,23080620,가좌1동,4342249.085896852,2.370527572966081,8.190681307160013,0.3299593654121487
인천_서구,23080630,가좌2동,723919.4464038014,8.455768689585916,3.512009710502257,3.925313258333539
인천_서구,23080640,가좌3동,1940273.52476485,5.898869490110061,5.928569176793902,1.4231459857774555
인천_서구,23080650,가좌4동,1898898.0198047769,3.532466510951799,4.69976978289807,1.6593217651560273
인천_서구,23080730,신현원창동,10077340.6571345,1.5709132996162274,6.283770916802621,0.9415164070636324
인천_서구,23080740,청라1동,2468432.7649937603,3.0362705712570204,6.2319176249474815,1.5589619416154372
인천_서구,23080780,청라2동,4919153.608087285,2.83925897751992,3.420732366058523,0.8215822516632195
인천_서구,23080790,청라3동,13193758.12190356,1.4131118928003488,1.5260057422976168,1.1635805339688536
인천_서구,23080800,검단동,8023444.208917703,2.950542591353853,2.3794992151056755,0.6578789365817959
인천_서구,23080810,불로대곡동,10778818.16820961,1.043312417239309,1.0839253173583057,0.2486604726474496
인천_서구,23080840,오류왕길동,30001742.756051823,0.5173816626256773,2.5759962890431205,1.197905429435128
인천_서구,23080850,당하동,2337751.830600193,5.6326358516359445,3.026864852884988,1.1483529874314522
인천_서구,23080860,마전동,1212445.5446917498,7.535659489244429,4.389950237517867,2.021855048515038
인천_서구,23080870,원당동,2617157.2762236046,5.403155618941293,1.9110778781572089,1.2532387502039342
인천_서구,23080880,아라동,3959671.7114068153,3.8711659110068304,1.7633786620463965,0.8321284750728235
인천_미추홀구,23090520,숭의2동,531473.4413861771,23.91874821351213,13.100945350714454,2.3063545010200874
인천_미추홀구,23090540,숭의4동,792683.9645430506,22.727117224666127,4.792341054412573,2.901438193080928
인천_미추홀구,23090560,용현2동,665065.2343473,11.77982755513183,5.934871973644295,1.375048132028562
인천_미추홀구,23090570,용현3동,431558.8466091296,27.65983339912177,12.072822176743715,1.7289022135699863
인천_미추홀구,23090590,용현5동,1957900.9924714027,9.203252683831074,7.034739842921317,2.166511680230466
인천_미추홀구,23090600,학익1동,5110100.169570089,3.382920689618159,3.82426348687878,2.0706504473652174
인천_미추홀구,23090610,학익2동,836011.7468903657,11.961760210545036,7.299450566680794,3.5593054661207533
인천_미추홀구,23090620,도화1동,1003167.2694083796,19.64456702692753,8.885447253608644,2.1560689619390327
인천_미추홀구,23090650,주안1동,647514.0515765405,16.489918515569947,23.169721993604742,2.3523502181467943
인천_미추홀구,23090660,주안2동,1008387.524117816,23.00779635441738,5.831440338226258,2.935213333858349
인천_미추홀구,23090670,주안3동,459175.30140411615,20.946116075762365,6.881948217298016,2.986735561762979
인천_미추홀구,23090680,주안4동,980424.8298038936,22.84192387006112,9.974840178951888,2.0783963104030336
인천_미추홀구,23090690,주안5동,1163641.8821710022,12.15538922490422,7.842862477920197,3.2449546205108564
인천_미추홀구,23090700,주안6동,658445.183844534,15.532207994683066,16.671159429915757,3.075933747068012
인천_미추홀구,23090710,주안7동,483672.2261900338,21.753006178461685,13.25844615070496,2.856505287008103
인천_미추홀구,23090720,주안8동,776416.6453795775,17.36187726675736,7.824369356111872,3.048372872914117
인천_미추홀구,23090730,관교동,899128.9866761123,8.06256076727985,7.288592875354382,4.165305466557736
인천_미추홀구,23090740,문학동,1712652.002670394,7.39371060719258,2.6390065374991774,1.2962069267955152
인천_미추홀구,23090750,숭의1·3동,716628.8402033298,15.676129249756832,13.373042505213007,0.9179131112357494
인천_미추홀구,23090760,용현1·4동,1258625.0061182696,20.85793688509752,6.847209393601446,5.312568640832665
인천_미추홀구,23090770,도화2·3동,2873388.406609047,7.498406783906315,6.496450527942353,3.393312233904279
인천_강화군,23310110,강화읍,25001807.38348573,0.0,0.0,0.0
인천_강화군,23310310,선원면,21402707.9287831,0.0,0.0,0.0
인천_강화군,23310320,불은면,31610837.52908328,0.0565469628077831,0.0292541365705853,0.0065271960149446
인천_강화군,23310330,길상면,35365733.26261098,1.016683768277865,0.8451420381158129,0.4298868134991374
인천_강화군,23310340,화도면,42404012.36930039,0.7381563082418019,0.7307464454644421,0.356929265533875
인천_강화군,23310350,양도면,35616561.03078054,0.1013302559014881,0.0569179720148263,0.092710776259704
인천_강화군,23310360,내가면,29864424.76334425,0.0,0.0,0.0
인천_강화군,23310370,하점면,36369521.83549997,0.0,0.0,0.0
인천_강화군,23310380,양사면,27285312.176475134,0.0,0.0,0.0
인천_강화군,23310390,송해면,22294620.57216245,0.0,0.0,0.0
인천_강화군,23310400,교동면,47026965.10923379,0.0,0.0,0.0
인천_강화군,23310410,삼산면,45594610.00837289,0.0,0.0,0.0
인천_강화군,23310420,서도면,13133662.466184698,0.0,0.0,0.0
인천_옹진군,23320310,북도면,19219096.668513216,0.5622687206468321,0.4492591488798695,0.4161833000158341
인천_옹진군,23320320,연평면,7290845.820422568,0.0,0.0,0.0
인천_옹진군,23320330,백령면,51352952.29440467,0.0,0.0,0.0
인천_옹진군,23320340,대청면,15839095.692613175,0.0,0.0,0.0
인천_옹진군,23320350,덕적면,41503866.91762053,0.2406141417897914,0.1517664036245346,0.1827415620387336
인천_옹진군,23320360,자월면,20182449.54706636,0.3165209391998101,0.3684314546164235,0.096479054516425
인천_옹진군,23320370,영흥면,29845537.197176334,0.9051473996625816,0.9572840909415508,0.6745635167492249
경기_수원,31011540,파장동,8638370.87660329,2.21447286658335,1.9415024142216044,0.8426509771773024
경기_수원,31011550,율천동,2996941.749676557,7.49823710431863,2.945141039602194,3.8062948764704174
경기_수원,31011560,정자1동,1147008.1895737827,7.640074270708157,4.236912328764117,1.6020059810625609
경기_수원,31011570,정자2동,1215190.39647067,15.557769835560556,8.034163519096102,3.207329470179443
경기_수원,31011580,영화동,1281458.5679208382,17.893252911247714,12.236386501175788,3.489834790923452
경기_수원,31011590,송죽동,1675128.4984900448,8.711601353225289,5.691111385758325,2.4980418386342707
경기_수원,31011600,조원1동,1634290.3934578649,13.28613493929537,5.748231819125402,2.228496696470498
경기_수원,31011610,연무동,11566580.688624931,1.8019641889534983,0.8232197860020453,0.3553885636320363
경기_수원,31011620,정자3동,1907339.2233128096,6.090543748944839,4.354312709689975,4.579326652562997
경기_수원,31011630,조원2동,1255613.1540954723,3.585815907454547,3.840714967548839,3.1035301815906213
경기_수원,31012520,세류1동,786327.9041242163,9.478706087926412,3.800938690774451,2.1463084857828005
경기_수원,31012530,세류2동,4152129.6459888727,6.315645313870383,3.044671827329722,0.5102436490741438
경기_수원,31012540,세류3동,876174.141686351,21.669922642299262,8.22598107880736,2.448988301268911
경기_수원,31012550,평동,10857218.625844011,2.422393191442214,4.655922895412161,0.6568467409317917
경기_수원,31012560,서둔동,5441480.286954768,6.385386950936238,5.37600888600078,1.685880388778605
경기_수원,31012570,구운동,1941000.114314264,7.213047040827564,7.990615800770401,1.3824296260557103
경기_수원,31012600,권선1동,1219242.0335503058,12.245783281397804,18.9131200275999,2.300444983574756
경기_수원,31012610,곡선동,3596028.8383278945,4.9108005187481805,3.8194704121850354,1.0329397842679051
경기_수원,31012620,입북동,6947168.782964286,0.9713828038757476,1.1758998304266892,0.3490508491435522
경기_수원,31012640,권선2동,2457543.2492936,7.830036632670106,4.656166417483129,1.872560255817296
경기_수원,31012650,금곡동,4095864.759618282,3.2518558841375493,2.8469519228860025,1.5745390490965054
경기_수원,31012660,호매실동,4748119.36203412,2.9781895568658494,2.277553272994792,1.149592160811923
경기_수원,31013530,지동,792689.9859670645,25.74715209209145,9.962529938259063,2.4021236358787506
경기_수원,31013540,우만1동,1304417.9340975764,12.27508024533438,6.6755948458809335,2.6397733000576538
경기_수원,31013550,우만2동,806373.9123451172,9.16957457668188,7.109493357817192,2.889522560724353
경기_수원,31013560,인계동,2919529.8222320825,8.126476962069713,15.58156387238284,1.3097042640140224
경기_수원,31013670,매교동,723059.4262438224,9.02902283522757,11.437529447782197,3.247210859392847
경기_수원,31013680,매산동,831471.8674998013,10.776205535947572,22.4478474217757,1.411106094317935
경기_수원,31013690,고등동,1013302.870482598,16.905178626541257,5.461899308946148,2.171350370699329
경기_수원,31013700,화서1동,954281.7774610998,21.91419856559977,8.20502394340708,2.561201212327397
경기_수원,31013710,화서2동,1952811.108734876,4.416492146857219,2.567375456693868,3.2910200079281395
경기_수원,31013720,행궁동,1560870.4584030416,10.882434630096933,13.332444298074073,3.697673392980056
경기_수원,31014510,매탄1동,600865.9147399903,16.255599009926193,6.508583780152505,2.08943983267816
경기_수원,31014520,매탄2동,607867.9924610977,15.589261942474286,10.744016768863393,3.93198638524161
경기_수원,31014530,매탄3동,3182368.1889605806,4.433271080314852,4.932850732574615,2.024820273610085
경기_수원,31014540,매탄4동,744992.8615347812,13.59330564231444,7.182077146010281,2.110159723876152
경기_수원,31014600,원천동,3236457.808396089,4.596698351288513,7.775233715667736,3.5419126654845443
경기_수원,31014620,광교1동,7966171.854025573,2.303172303806557,3.956666509428095,1.7082661341997492
경기_수원,31014630,광교2동,4142007.101563594,1.5266209482912352,3.691679198935849,0.6485502371482922
경기_수원,31014640,영통1동,1687406.7071286,4.962287591431244,2.6916344190091985,2.684115146477354
경기_수원,31014650,영통2동,1368287.5199494923,7.253707152031708,10.062245268119948,1.5530716167440497
경기_수원,31014660,영통3동,1697975.628317635,5.754811829335556,11.329556404059296,2.118968352810746
경기_수원,31014670,망포1동,1026629.8954054178,9.916661422390971,4.923522050156428,1.5914783728210549
경기_수원,31014680,망포2동,1418998.8999447024,5.998636066245002,3.365895720607711,1.746807028456837
경기_성남,31021510,신흥1동,322595.9436582764,32.00575108803555,19.43923853829032,1.6762304242351058
경기_성남,31021520,신흥2동,1140282.7340541172,5.421370684284288,2.00965227787644,1.512663527266261
경기_성남,31021530,신흥3동,321158.54014481086,23.63686370017432,22.526643392860617,1.6036226470071977
경기_성남,31021540,태평1동,1341075.285343589,8.545841457698575,4.278052454518695,1.5448778780487529
경기_성남,31021550,태평2동,482254.4131303171,24.550485897406134,12.47448756437834,2.679610689020281
경기_성남,31021560,태평3동,371118.3766184005,26.23255976735706,12.408806573454804,4.964203669084688
경기_성남,31021570,태평4동,404262.6538805044,25.02028079144665,6.536426518858534,3.219470251551277
경기_성남,31021580,수진1동,333161.68894740375,33.944195753303546,15.668751694919584,1.7220532983650436
경기_성남,31021590,수진2동,923875.4457980378,12.059186488925745,7.530524950183032,3.280268774162552
경기_성남,31021600,단대동,802478.6311713601,8.806612778433061,4.554472123910382,3.4280536407873266
경기_성남,31021610,산성동,584530.4312580619,16.98122826185163,4.902330411476251,6.298982693067622
경기_성남,31021620,양지동,1259358.8899351556,5.173904143992727,1.724110662272281,1.7214381420907927
경기_성남,31021640,신촌동,4979344.64251297,1.5585276325236057,0.6073188704102689,0.3589821833731205
경기_성남,31021650,고등동,12312881.271767534,0.6733273204840754,0.588224412680332,0.36481493206108
경기_성남,31021660,시흥동,12939262.702320512,0.6460605495596891,1.2366909267021708,0.5877438538197216
경기_성남,31021670,복정동,3556491.412175281,1.6620282391490655,2.7075302989313466,2.7796243850284617
경기_성남,31021680,위례동,3163805.103331231,5.497511011398777,3.561621950536856,1.5099444154129291
경기_성남,31022510,성남동,1999238.5482690777,8.66841743498913,9.446316673893412,2.4915984962742805
경기_성남,31022530,금광1동,605703.1643668589,10.169945886290368,4.932456339670067,3.75816561708078
경기_성남,31022540,금광2동,1093936.1946973717,13.830986327570502,6.1690769058119255,4.197201531809227
경기_성남,31022550,은행1동,272917.98311842635,17.195128016347418,2.2571248236540025,2.421996809273633
경기_성남,31022560,은행2동,2405438.6022241386,5.086418080807379,1.642151520571581,0.8029549348408235
경기_성남,31022570,상대원1동,6785851.562659184,2.145266178432538,4.052092606286602,0.4950584561111492
경기_성남,31022580,상대원2동,513822.1354737034,23.258285057483054,10.345287857872547,2.2164576269229657
경기_성남,31022590,상대원3동,305658.1345080642,32.57625216872351,12.516666924768186,3.4206876081430964
경기_성남,31022600,하대원동,2337584.1676375675,4.305485129868071,3.1104441744869296,1.3788205040817991
경기_성남,31022610,도촌동,9391862.55162816,1.3051748982854785,1.4152204687888537,0.649316315388914
경기_성남,31022620,중앙동,678680.8426891365,12.459727086020925,9.923286868375648,1.2994449572277145
경기_성남,31023510,분당동,3383924.964477343,5.182116873859317,0.9201699893366408,0.7352931802495567
경기_성남,31023520,수내3동,1049032.4147462875,5.7524394609087,2.6722692380062854,1.5142817972165297
경기_성남,31023530,수내1동,1021721.971303848,4.034625037975151,10.499920136044004,1.6941980943996495
경기_성남,31023540,수내2동,822699.8582144559,3.3063150315137344,1.4214154303926307,1.093852023499
경기_성남,31023550,정자2동,501934.4775881498,7.250887717639936,1.935541388814842,1.9012913530033253
경기_성남,31023560,정자3동,1968712.9082825368,3.0834649351956545,2.9491041345880102,1.5107939963032762
경기_성남,31023580,서현1동,7484774.903812579,1.458506215580468,3.151819060578956,0.3273237132619549
경기_성남,31023590,서현2동,780059.3665657,8.17674236023738,3.703272153239021,3.8016775119985593
경기_성남,31023600,이매1동,2882911.0894002933,3.888415558928988,1.5404302770752625,1.183315861505126
경기_성남,31023610,이매2동,635513.413085204,7.358684224328295,2.434268378434307,2.274945657899828
경기_성남,31023620,야탑1동,1151192.631858954,4.2082989441114655,12.307890071984204,1.4115904471294505
경기_성남,31023630,야탑3동,5104612.582942959,2.7324734163375366,2.55520124303245,1.195098917540906
경기_성남,31023640,야탑2동,622753.1162588327,8.090620961043339,4.309806474591685,2.233337599394526
경기_성남,31023670,구미동,3755051.8651012057,4.728915180692362,4.963153522090392,0.8930156407175708
경기_성남,31023680,운중동,17571575.008125495,1.539102360619795,0.5904684458662169,2.1484924522033726
경기_성남,31023710,금곡동,5758613.115250431,2.192709601033014,2.229226296621687,0.4236175387062747
경기_성남,31023720,구미1동,3544160.8244720898,2.3651871166061897,2.16351831182285,1.1130239739444705
경기_성남,31023740,삼평동,2794522.036088597,2.952436119390948,10.396011894015414,1.689003323372703
경기_성남,31023750,판교동,4572927.3405391015,4.14309557536321,1.744513088925213,1.6733653029571167
경기_성남,31023760,백현동,1931244.924967585,4.333584386514902,6.27909640720437,1.3391902370647957
경기_성남,31023770,정자1동,1455773.3504959438,6.359144452656558,11.185308438863135,1.2004758878547148
경기_성남,31023780,정자동,973853.451224718,6.993071643844304,8.279205866002911,2.3138503857356216
경기_의정부,31030520,의정부2동,2318580.949201283,9.16881995236343,8.465704888999364,1.2278601801597246
경기_의정부,31030550,호원1동,6222574.511163914,2.86244992989656,1.7832808128752622,1.152284499643431
경기_의정부,31030560,장암동,8956291.095410803,0.7049006228725888,0.7826624017271435,0.531242721798958
경기_의정부,31030570,신곡1동,2955287.483939297,6.815787952439642,2.626381167009411,1.3297078439154433
경기_의정부,31030580,신곡2동,2434329.366097703,6.116518463370533,3.9379542445244913,2.3766001182300664
경기_의정부,31030590,송산1동,16084116.053745732,1.4649001944530962,1.5855327929501375,0.7034130870887182
경기_의정부,31030600,자금동,11844592.492936922,1.621187530926619,1.618220705266741,0.5795281457004189
경기_의정부,31030640,녹양동,3824332.491088906,3.6769231172640513,2.379606780063255,1.178588051257938
경기_의정부,31030650,호원2동,4492905.412638145,2.6801857950590726,1.94726023645692,0.680226576417468
경기_의정부,31030670,흥선동,6628067.555966498,2.8627522332134743,1.200702636047044,0.9384673764419732
경기_의정부,31030680,가능동,3307758.7089761966,6.639658940057484,3.827044997567445,1.5034396746771694
경기_의정부,31030690,의정부1동,1942528.5463804388,12.67388186918185,16.900148467659818,1.741802446598442
경기_의정부,31030700,송산2동,1448551.7300953765,7.778146812703957,3.939341054981117,4.224528010944427
경기_의정부,31030710,송산3동,9298812.27386127,1.760632881670102,1.7214343212666336,0.6074215293912265
경기_안양,31041510,안양1동,606235.3065838999,4.143371685519012,18.752921552355254,1.523737750296443
경기_안양,31041520,안양2동,1707895.1018713666,9.362940836207516,5.085103917311729,2.087571551749956
경기_안양,31041530,안양3동,727658.7357754287,14.056532909348826,6.16002331866844,7.05231944399184
경기_안양,31041540,안양4동,309922.4087719449,12.358257284542429,22.81939172859412,3.094195710392631
경기_안양,31041550,안양5동,643676.972246775,10.22824928575952,8.792019343197516,4.758298242066443
경기_안양,31041560,안양6동,1439898.6015935575,9.037312103702783,8.114231164794866,2.357464723841392
경기_안양,31041570,안양7동,1053472.7085000111,4.045150934101894,11.737138884801803,1.1472720730944028
경기_안양,31041580,안양8동,1168551.1458183138,8.225264733240687,3.738158302942376,2.676801423089444
경기_안양,31041590,안양9동,6524845.63726193,1.6808930619912177,0.5610558649094273,0.37320460658792
경기_안양,31041600,석수1동,10361544.636829369,0.9521719769776918,0.702846633900844,0.6829989818406407
경기_안양,31041610,석수2동,3310775.949978688,5.517796411320719,3.3358311100934444,1.7376884714946923
경기_안양,31041620,석수3동,788396.0647614873,9.360195369827942,2.827176248172605,2.864043533954966
경기_안양,31041630,박달1동,450832.8374302368,23.11232449133041,11.079691391144276,1.866113047493736
경기_안양,31041640,박달2동,7421677.838494126,1.1386203043469427,0.7833834305863787,0.8137779235168582
경기_안양,31042510,비산1동,2096925.7574221413,2.967299984107581,0.9358248976059096,2.31143629027756
경기_안양,31042520,비산2동,476533.6440440459,7.708540599829234,7.513405231905709,2.12628285290248
경기_안양,31042530,비산3동,5331645.434964789,1.935549838227502,1.1388682379101478,0.3092983550061273
경기_안양,31042540,부흥동,483248.1295732203,7.848235568416767,5.277246576196548,3.0050187944464435
경기_안양,31042550,달안동,433439.2231034867,5.30455065818519,7.361328421464236,2.613514884669111
경기_안양,31042560,관양1동,3237305.156229086,6.5231334569077,4.113134674895249,1.1311959190896912
경기_안양,31042570,관양2동,1659422.4341558293,5.395619081197723,19.421778753209924,1.51093438789413
경기_안양,31042580,부림동,947004.679160144,5.219827092398345,11.294030884903677,3.214139008777023
경기_안양,31042590,평촌동,532978.6172584533,6.774134505974053,11.287234042850486,4.006857427787764
경기_안양,31042600,평안동,830754.9086658291,6.011018922397686,2.784838065738323,2.44956527630218
경기_안양,31042610,귀인동,714894.2610288577,5.760526306271947,12.527217827819184,2.1613833729501963
경기_안양,31042620,호계1동,1005344.3914934322,4.348412858848091,16.796935652674456,2.138862018143636
경기_안양,31042630,호계2동,1660282.343669018,4.2340794705885925,6.091171801012976,1.766099984277756
경기_안양,31042640,호계3동,849204.5748954281,7.782818242878761,7.053832306056491,2.2964160976149195
경기_안양,31042650,범계동,572320.697661908,6.774185650807013,10.645645471786388,2.6520805800477465
경기_안양,31042660,신촌동,399996.3210393138,8.194573288130611,8.223040221047064,2.43162499847437
경기_안양,31042670,갈산동,729279.9237565736,5.699438091265024,3.4817619846635366,3.2987983870578894
경기_부천,31050870,심곡동,2414685.7687038905,21.08226861971012,13.872773376201922,3.172795063149329
경기_부천,31050880,부천동,8290427.23719149,7.283738051630129,9.461619348276914,1.7376869424306565
경기_부천,31050890,중동,1547389.317271524,15.000842771804129,9.493248830454384,3.76489531523176
경기_부천,31050900,신중동,4513084.830732864,8.705546695444557,8.13409561999989,3.010770213883697
경기_부천,31050910,상동,3843843.412491541,6.41882648319093,8.353038756821153,2.336395806493199
경기_부천,31050920,대산동,4103605.344254728,12.654434644837432,7.535011331131293,2.776711746142247
경기_부천,31050930,소사본동,3004492.353152009,11.531233733577425,5.7252139594505325,2.2250567640834262
경기_부천,31050940,범안동,5771928.666759537,7.35112390057385,4.191048578244637,1.9173603906732288
경기_부천,31050950,성곡동,8127988.359296896,8.018814852124668,2.666617377575036,1.3410897820786445
경기_부천,31050960,오정동,11934979.98501722,5.058388511566608,8.275196024658058,1.527310232786934
경기_광명,31060510,광명1동,308356.7989895262,0.0,0.2518442173533211,0.6352118293491681
경기_광명,31060520,광명2동,258032.07931314115,6.829898823692279,6.701928617551001,0.5585773433117013
경기_광명,31060530,광명3동,318956.623788273,24.79685122232204,16.292059738054636,3.07591262703324
경기_광명,31060540,광명4동,288854.7005857609,27.643162153586548,13.376651300721868,2.339948316369369
경기_광명,31060550,광명5동,394350.21402113343,24.4393239199616,7.220094555295861,2.6365839390372074
경기_광명,31060560,광명6동,2434452.0110425763,2.302085299442295,4.466274758090273,0.9937924965558506
경기_광명,31060570,광명7동,2319457.103179876,4.346924132678668,2.96615654870794,1.1846536911826997
경기_광명,31060580,철산1동,567950.8496320697,4.249616161224282,6.800152488181367,2.4123992538889176
경기_광명,31060590,철산2동,616325.9769709153,6.79501833355896,3.877092219904952,2.8810654057690224
경기_광명,31060600,철산3동,1331751.1236274985,6.684159205876836,6.935699831600796,2.481350140678836
경기_광명,31060610,철산4동,334733.0474534434,17.128788341228574,3.317655846351061,1.5480478082250544
경기_광명,31060620,하안1동,3901667.494165787,2.3783453165211315,2.51924442268098,0.9464759579785664
경기_광명,31060630,하안2동,441226.4608370776,6.897464598674858,3.676147243169563,1.6354384452062751
경기_광명,31060640,하안3동,575990.42698209,9.50141198340358,4.772415579526119,2.5661667300689506
경기_광명,31060650,하안4동,430501.0519822368,6.190037151157149,1.9927943978781395,3.4909547286352893
경기_광명,31060660,소하1동,3752034.835242617,3.8118112725222977,3.808978738740641,1.4097733799314691
경기_광명,31060680,학온동,12903436.666816885,0.3873356460961143,2.26974714220792,0.3125604982684394
경기_광명,31060690,소하2동,3896418.116031254,4.517533066027255,1.852936726843905,1.1952624381607757
경기_광명,31060700,일직동,3447343.056049382,1.1851195408993174,6.724642625777309,0.3988681788846313
경기_평택,31070110,팽성읍,56797989.7559421,1.9216673486596847,0.9357046731766148,0.3420584720717082
경기_평택,31070120,안중읍,28530525.93872324,1.6428508433653717,1.5696766201942096,0.4943852277550726
경기_평택,31070130,포승읍,61863195.10628928,0.9603811523504138,2.0590359519393218,0.5827343740006933
경기_평택,31070140,청북읍,52444802.14521099,0.8201493985070595,1.1925930088404415,0.5162363985077505
경기_평택,31070310,진위면,33941669.80238631,0.9005377475152785,1.5939456082061725,0.3707214769769335
경기_평택,31070320,서탄면,28532791.44279113,0.7439127238478779,1.4182487995069115,0.153287190816602
경기_평택,31070330,고덕면,22166968.635808773,1.3612144250784488,1.547906625132842,0.474521193390125
경기_평택,31070340,오성면,32484469.62688517,0.9672078242453256,0.9249588118939278,0.575856210547437
경기_평택,31070370,현덕면,46364926.56278703,0.716220063696577,0.4472839649677309,0.6173795111294388
경기_평택,31070510,중앙동,5337704.38682919,4.4122641151589255,5.23132191255738,1.7764907632997389
경기_평택,31070520,서정동,1671222.3475269992,16.835175847713863,10.18354401415365,2.241052036306077
경기_평택,31070530,송탄동,19538256.779246148,1.1610220220425769,2.1385779609851228,0.4810726486489936
경기_평택,31070550,지산동,697791.0964309606,14.908193955802664,10.196253454436752,1.5849181696508736
경기_평택,31070560,송북동,7126161.7971124975,3.411547795512213,2.5594814221293025,0.8995166669642144
경기_평택,31070570,신장1동,1587158.1716914338,9.382625544298536,3.7472598468176472,0.363883703811853
경기_평택,31070580,신장2동,631884.7695876426,14.505595427766483,10.423119811882934,2.815478325659145
경기_평택,31070590,신평동,6412777.236376514,3.344688132102066,5.614430191282638,1.3469883427592249
경기_평택,31070600,원평동,5237884.397213382,2.9054925555351745,2.2678146503973364,1.2403459251403248
경기_평택,31070610,통복동,608438.4366349566,7.310143696739975,15.756885114821404,1.6896960145025393
경기_평택,31070640,세교동,7078127.026437909,3.0170006572200267,4.017618974058751,0.8435840065856228
경기_평택,31070650,비전2동,4762760.535869962,6.08497312527276,4.041697016442647,1.9410625846916547
경기_평택,31070660,용이동,2623334.096596649,6.971410614843794,3.310243100293498,1.5015112746271075
경기_평택,31070670,비전1동,12995108.404032234,2.980823900758657,3.1071424453667658,0.7639774355636673
경기_평택,31070680,동삭동,3025073.301162406,6.140295927212186,2.9009138044578746,0.8383490475996005
경기_평택,31070690,고덕동,16596320.658826916,1.2104864249515974,1.6236884418960305,0.7128993059483545
경기_동두천,31080510,생연1동,1972691.7404053167,5.28225285654522,1.7474692502038565,1.6780999354370174
경기_동두천,31080520,생연2동,750818.0804053679,12.070178931166284,12.033337820864338,1.95887923614994
경기_동두천,31080530,중앙동,647989.828711127,15.579340530914084,16.247881112445107,1.9114053378648688
경기_동두천,31080550,보산동,13718082.798416955,0.5490072631606842,0.2664686716550484,0.0407772176903104
경기_동두천,31080560,불현동,33787800.487222806,0.8616207886806256,0.6544699155446928,0.1803695225020309
경기_동두천,31080580,소요동,31381321.95058916,0.7924769695293417,0.5329045807880471,0.3123274203593914
경기_동두천,31080600,상패동,8073517.429096348,1.622870374244444,1.7702985741879618,0.5307078773226079
경기_동두천,31080610,송내동,5515096.370530403,2.7987332670321114,2.57991287680378,0.5159938247131108
경기_안산,31091510,일동,2451566.34823851,8.663825081385525,3.3786374459712136,2.4869412929376185
경기_안산,31091540,본오1동,6480080.741650555,4.549596853859501,2.690391645779772,0.9235721751079432
경기_안산,31091550,본오2동,833758.0973854952,17.445419539917257,9.800133711049556,2.8124226138049218
경기_안산,31091560,본오3동,1079246.0526396604,10.628423225720576,7.494139485381616,2.1073281100317445
경기_안산,31091570,부곡동,5696645.879550396,3.362106135348654,1.9550875413756648,0.4752850538096991
경기_안산,31091580,월피동,6068362.114442612,4.414683105279357,2.6667998476955,0.8145584633746986
경기_안산,31091620,성포동,1702889.0893406998,4.815073705551564,3.782333997646698,1.2250366063399707
경기_안산,31091710,반월동,13249490.769170202,0.932635400896775,1.341467112543526,0.2741994586734819
경기_안산,31091730,안산동,8368012.046855886,1.0702382155098755,2.167666804898578,0.2482725242944634
경기_안산,31091740,이동,2367990.25163991,7.745907333771328,8.472119716437392,1.5918073337021394
경기_안산,31091760,사동,2242757.232016328,9.907671751275885,6.924522115954443,2.11182627063986
경기_안산,31091770,사이동,3009518.4726089,6.108778433385771,5.388380640585663,2.08903394658736
경기_안산,31091780,해양동,4802691.5838426445,2.332496973150726,1.562730237471789,3.481819875463844
경기_안산,31092590,와동,3218874.0851568715,9.714068695922832,3.3829533891605417,1.5927341079019866
경기_안산,31092660,초지동,25841583.711265445,0.5965659642389547,2.730508580839712,1.2660053007812122
경기_안산,31092680,선부1동,842892.5791978077,8.937836679257492,3.4882506332461825,1.6545360288629178
경기_안산,31092690,선부2동,3088152.508239043,4.628184343213731,3.456250805437297,1.4290853797603589
경기_안산,31092700,선부3동,4809990.115192764,3.5618429896048727,2.331300121309538,0.4917493785098187
경기_안산,31092720,대부동,60841170.12847084,0.7986077516377921,0.7022961792333463,0.8982283044274094
경기_안산,31092730,호수동,2643358.912006483,4.965281822870792,9.471908040457604,3.2928126537329647
경기_안산,31092740,고잔동,1458657.919291807,10.940841714305906,5.678574415060584,1.7811165139824152
경기_안산,31092750,중앙동,1997253.028427801,4.172476357538613,8.01607269792748,2.482324915782148
경기_안산,31092760,원곡동,1319410.0762492467,9.359748878892454,15.304935622243592,1.8235193420991875
경기_안산,31092770,신길동,6836323.076745618,1.7847614757905563,2.5779705681676988,0.749552039086443
경기_안산,31092780,백운동,1464646.8808238264,5.606647273724144,3.1982371584796714,2.429147570854281
경기_고양,31101510,주교동,5516699.25004629,2.2309081204496524,1.7018902942954928,0.3944946163613573
경기_고양,31101520,원신동,12891863.970162855,0.8425510140944465,0.9166469175681649,0.4284527502278582
경기_고양,31101530,흥도동,11187182.629569177,1.8331200349187464,3.144567811126268,0.4694443855872273
경기_고양,31101540,성사1동,2307299.4587504547,4.601289577995516,4.143196075107817,0.9328954499842966
경기_고양,31101550,성사2동,992869.0401328844,3.614738015031422,2.498437079483004,0.9091685110992894
경기_고양,31101560,효자동,25754622.17111166,0.4845174849366107,0.5256247917738326,0.1274763040192588
경기_고양,31101580,창릉동,11293678.501337515,1.435839580765052,2.710268869396815,0.3373259412144471
경기_고양,31101590,고양동,23881391.302259468,1.1056327470303495,1.1149844107776683,0.4326024249292103
경기_고양,31101600,관산동,16395973.584354255,2.4317481947663,1.5311768766136125,0.429745456838242
경기_고양,31101610,능곡동,12502541.856006294,1.1517985790108032,1.2305250628215394,0.4905944085893943
경기_고양,31101620,화정1동,2265709.5384957483,5.169906751462952,4.555139900107051,1.7279388567950902
경기_고양,31101630,화정2동,1981279.7373723043,3.596123192472347,5.132590610149959,1.6080057832295789
경기_고양,31101640,행주동,6388128.941087868,2.5625693473433286,4.308323938129223,0.4827052116829899
경기_고양,31101650,행신1동,667293.8919663568,10.173796840505808,5.066535274096105,3.4204107376582784
경기_고양,31101660,행신2동,4308221.873790417,2.419421844046452,3.381162928866868,1.0061535861949369
경기_고양,31101670,화전동,7269567.719382455,2.4446154959292485,2.1854819853183054,0.5932762659066224
경기_고양,31101680,대덕동,10760792.633057412,0.6946275687422134,1.73031359974477,0.9965562354388476
경기_고양,31101690,행신3동,1958709.42104043,9.072783892848978,3.8392998234094176,2.133178598065605
경기_고양,31101700,삼송동,6811129.538707413,3.71143590821493,1.7921510025038414,0.5841156009857325
경기_고양,31103510,식사동,6845061.577791738,2.572632469132455,4.889504282333261,0.9775444607915732
경기_고양,31103520,중산동,2833388.34247244,6.8187367861145525,4.040039813815979,2.183193983838111
경기_고양,31103530,정발산동,1546361.9668160642,17.330822743115565,9.04292263459437,1.946493116277734
경기_고양,31103540,풍산동,5680856.430007671,3.3623899601245952,3.3940387072355973,1.420087185180289
경기_고양,31103550,백석1동,1755655.648362261,6.114183886004044,10.151285917857694,2.107431583910514
경기_고양,31103560,마두1동,2211077.059167193,7.729980316548511,5.061029006290327,1.626294016687889
경기_고양,31103570,마두2동,622195.0623871656,8.256760160639034,6.295803810517063,2.545623068897873
경기_고양,31103580,장항1동,10223704.87705315,0.5258968328578199,3.097574025001137,0.1032135278553645
경기_고양,31103590,장항2동,2407266.8632306256,1.847351657217058,12.191366690850222,1.5611996332958864
경기_고양,31103600,고봉동,25027231.668295603,1.879761603304074,5.623919671053098,0.5282976191065093
경기_고양,31103610,백석2동,788834.5545114302,6.645669201831109,16.355259199314208,1.960735952087032
경기_고양,31104510,일산1동,644100.387355673,13.299606785727963,5.986150571520535,3.944086892939316
경기_고양,31104520,일산2동,814880.7026241097,11.333545967030364,11.342693939997412,2.22659796462778
경기_고양,31104530,일산3동,1141579.7849185208,8.407853797334143,3.815801547362549,1.916113763281253
경기_고양,31104540,탄현동,2179312.421755307,5.8901563981717,4.830541852038655,3.095613733500336
경기_고양,31104550,주엽1동,934560.818515886,8.745330094037277,5.6339032148977095,3.3061368316339927
경기_고양,31104560,주엽2동,996999.4394281284,8.891612846520319,5.486300985890305,2.256457075670053
경기_고양,31104570,대화동,3768359.8539777,4.891450408589894,5.899143671342463,2.085937584808466
경기_고양,31104580,송포동,12749789.06251876,0.6602000529557914,1.068830205228062,0.4547699439545054
경기_고양,31104590,송산동,18063314.993837405,0.4174367945895075,1.001083045691119,0.1548966578331086
경기_과천,31110510,중앙동,6983400.036643137,1.0905772627290695,0.7408659736194577,1.029196732856036
경기_과천,31110520,갈현동,4370952.972979629,1.654655976540808,1.2726292093324492,0.5837479873203001
경기_과천,31110530,별양동,649557.9839413852,10.97182758408321,4.99794065060613,3.4620895270102
경기_과천,31110540,부림동,405785.0824893809,17.25641563414829,1.9727182453695176,1.6796897306062546
경기_과천,31110550,과천동,10769909.597997682,1.0252465992754165,1.8633894192842737,0.1873891299117075
경기_과천,31110560,문원동,12641479.392425992,0.6610794287851395,0.3803865534512736,0.1209870560752808
경기_구리,31120510,갈매동,3971435.3114339816,2.881828579152966,4.840174910961834,0.9700980114237604
경기_구리,31120520,동구동,7304144.475657723,1.7722875661699458,5.101509458950787,0.6047886573782745
경기_구리,31120530,인창동,2212655.1128936154,4.72227235025235,3.6492244694130886,0.8170984989710669
경기_구리,31120540,교문1동,10023777.969848042,2.048918135071449,1.7737200730353786,0.5177412632249243
경기_구리,31120550,교문2동,1169033.2033285357,6.439037834304395,3.945026164788916,1.7492165528328305
경기_구리,31120560,수택1동,1191295.3724487612,8.732848463164531,11.72618385629043,4.310027627710737
경기_구리,31120570,수택2동,629838.727452768,24.84189179497818,12.038175783200252,1.7674546271805258
경기_구리,31120580,수택3동,6667483.202102998,1.257981301282903,3.153635622851399,1.8607596872832888
경기_남양주,31130110,와부읍,50052291.79388465,0.7943152824359611,1.5788943116372969,0.3237557586405408
경기_남양주,31130120,진접읍,66123833.81500085,1.0340917703771095,1.866554143322302,0.3143575799891305
경기_남양주,31130130,화도읍,71537880.12995307,1.3701010702561025,2.1015409822656115,0.3185125651509086
경기_남양주,31130140,진건읍,31214818.805936053,0.830569692691348,4.397808795557224,0.1910203590437564
경기_남양주,31130150,오남읍,25287998.713085897,1.2289516542800103,1.991870611827002,0.3381713455433514
경기_남양주,31130160,퇴계원읍,3284472.055399278,4.992432931823343,2.808131176973188,1.2761315534770037
경기_남양주,31130310,별내면,22274364.76527045,0.5002261254098154,1.1053013806246332,0.1550354201016324
경기_남양주,31130340,수동면,72845402.61633646,0.6530030464112266,0.6709972750901917,0.1091161894737942
경기_남양주,31130350,조안면,50941816.95653141,0.4117224447393973,0.2657448940510713,0.1769771072981306
경기_남양주,31130510,호평동,9208547.765184514,2.4733565612652595,1.4211474317577977,0.7492903451325373
경기_남양주,31130520,평내동,7334524.270252626,1.883470970125066,2.0692849194506606,0.879776356679358
경기_남양주,31130530,금곡동,6984659.768390747,2.2663091682559253,2.905132351207941,0.7256288841077205
경기_남양주,31130540,양정동,12408121.86118376,0.919233154217636,5.311066814368851,1.290690765455582
경기_남양주,31130570,별내동,18687403.08888513,1.8823792788770144,2.3745208403981266,0.5516213104220847
경기_남양주,31130580,다산1동,5585416.082591418,4.87296659137203,4.938801653180004,1.842799440452672
경기_남양주,31130590,다산2동,5552584.705423176,2.9394819561682044,3.96304574062532,1.999841993013956
경기_오산,31140510,중앙동,3678489.271312928,4.613224641443292,7.240603860978037,1.0799813748631757
경기_오산,31140520,대원동,6047955.915547781,5.191153347939532,7.437786345407342,1.4009386848204295
경기_오산,31140530,남촌동,5770153.261223569,3.507495659135328,5.613864049408531,1.2332483089966295
경기_오산,31140540,신장동,6939521.1494193375,4.36649835841612,3.43193854278852,1.005978683419671
경기_오산,31140550,세마동,13717010.100566063,1.5798826485127355,2.3486146342875687,0.745426628587197
경기_오산,31140560,초평동,6477042.213960169,1.3250923014750535,2.129208172685271,0.274899561321306
경기_시흥,31150510,대야동,9381360.13270634,2.138473727659796,3.797568054567211,0.6226614928214764
경기_시흥,31150520,신천동,3439565.8405913743,6.40030123891899,6.388895240202204,1.4237659076861369
경기_시흥,31150530,신현동,12757822.62265514,0.5372790119269244,1.7200289512710818,0.2041183594881095
경기_시흥,31150540,은행동,6407948.842261272,2.831682796661267,3.084237334510892,0.8648559211576223
경기_시흥,31150550,매화동,11173052.41986564,0.746369241871158,1.7102479241965132,0.2613762707917057
경기_시흥,31150560,목감동,17614454.373798065,0.9018259061358448,2.022709194982132,0.3118456166835024
경기_시흥,31150590,과림동,7624906.903240635,0.4451795271932438,3.882134819117934,0.2278606569849243
경기_시흥,31150610,정왕2동,11678653.81957262,1.6306937620712132,3.5636057294271835,2.704079971764325
경기_시흥,31150620,정왕3동,6094967.920780696,2.228141575044684,5.02227702496178,0.6363956129196732
경기_시흥,31150640,정왕본동,8277897.139132119,2.1893504313971817,3.086293948451857,0.6006371306573783
경기_시흥,31150650,정왕1동,6655329.097356514,3.0154860316825367,4.7762852973901495,1.24251966476229
경기_시흥,31150670,능곡동,4331445.1214245455,2.5161284817312493,2.022766061503977,0.9119377543914586
경기_시흥,31150680,군자동,8145644.823762882,1.5983311972936578,1.593562236508075,0.4498993006840411
경기_시흥,31150690,월곶동,8548915.704632135,0.6426962120275777,2.3978194567480573,0.4275242490023987
경기_시흥,31150700,연성동,9248500.327866564,0.7778829412555308,1.5024052230949332,0.9662391607544116
경기_시흥,31150710,장곡동,4111005.132079381,2.588350246049322,1.7454002996295737,1.098560282142094
경기_시흥,31150720,정왕4동,1028042.1268792076,10.249005182180785,2.517695139533596,2.96833085968052
경기_시흥,31150740,배곧1동,2588328.185516085,3.2826216190206043,3.5745570469624086,3.283795859495412
경기_시흥,31150750,배곧2동,2427945.5857183835,2.7064730735680462,6.526819906438752,5.4715092347982335
경기_군포,31160510,군포1동,3302647.5062295035,6.156255404313034,12.000956166698735,1.378901301469553
경기_군포,31160520,군포2동,3277973.365860605,4.665475383430239,3.256091748986108,1.410648782671292
경기_군포,31160540,산본1동,689156.7705761178,15.25232553542956,14.705395179058083,1.8962196147233183
경기_군포,31160550,산본2동,1404890.240411012,4.881258643198586,2.8183383983664987,1.9621044119102105
경기_군포,31160560,금정동,1189880.7143153383,9.91488247643701,11.866513986037871,2.287571586163781
경기_군포,31160570,재궁동,852421.7628292328,8.282871378009677,4.802952642992983,2.719291897058566
경기_군포,31160580,오금동,1087914.7205396448,4.112885344808028,0.9712601971593522,1.7370612032685824
경기_군포,31160590,수리동,2991276.860139703,1.2095805575019971,0.5212686408774769,1.051168199096271
경기_군포,31160600,궁내동,1688826.8821707182,2.822420400239968,0.8970852127012316,1.8179713909950184
경기_군포,31160610,광정동,1488958.514004805,4.330913871260668,4.712831050020453,3.1932842560130217
경기_군포,31160630,대야동,12849888.277737863,0.5380107562829368,0.5528361044956327,0.1661405498286112
경기_군포,31160640,송부동,5553131.341210722,1.2440659366040496,5.923764487842361,0.5300182289774181
경기_의왕,31170510,고천동,8873287.37462324,0.8764238141967475,1.8351431546723311,0.675486049493209
경기_의왕,31170520,부곡동,11208847.828714851,1.9803918225833184,3.0005057747389983,0.9581516615661588
경기_의왕,31170530,오전동,6738431.608879212,2.057907926941254,2.3356051009074696,0.9281851596338418
경기_의왕,31170540,내손1동,1994722.677601508,3.359359798948685,2.563744828527012,3.447827132287371
경기_의왕,31170550,내손2동,1409711.5794499232,6.141353836536522,3.858434589908814,2.732113941503917
경기_의왕,31170560,청계동,23638158.13714876,0.8963473564058552,1.1544472991952646,0.2994044619165715
경기_하남,31180510,천현동,34509633.489702605,0.3558245231396977,1.7827376576496785,0.599991707982212
경기_하남,31180520,신장1동,207611.89902107976,16.349731884168463,25.276116539542915,1.6944778406146217
경기_하남,31180530,신장2동,4336345.137991096,3.300244712815651,4.452451632517927,1.543236429245754
경기_하남,31180540,덕풍1동,937983.6764991533,7.592829370448663,5.039439880878035,1.977339612351675
경기_하남,31180550,덕풍2동,486010.3568148008,21.9505856510828,8.572617797858273,2.098945381053116
경기_하남,31180560,덕풍3동,2167794.388933908,7.219582057425285,8.1054101510373,1.5978556892391431
경기_하남,31180590,춘궁동,14492956.246925466,0.5993684263219937,4.351988821088265,0.2226344170595271
경기_하남,31180600,초이동,6148395.408656247,0.7409989825030685,6.913278882984127,0.7220785975471752
경기_하남,31180610,풍산동,2676723.1204991126,2.465574305087203,7.876299412279426,1.6590006175459058
경기_하남,31180620,미사1동,6648267.66985813,1.65638971710737,4.0084664858354095,2.020325918746225
경기_하남,31180630,미사2동,5142285.232921716,2.241338604469599,2.5197284828967272,1.2493540445607791
경기_하남,31180650,위례동,4774159.197031717,2.221486512852483,0.9220597670946686,0.6976948165731536
경기_하남,31180660,감북동,4506469.426701163,0.9297086335663648,6.002357908581367,0.3298291176189842
경기_하남,31180670,감일동,5726937.36428339,1.618762377167794,2.0952792560997886,0.6884365262122222
경기_용인,31191110,포곡읍,41755865.99520572,1.0566061614891482,1.7478794772311148,0.2334458096774085
경기_용인,31191120,모현읍,50248863.02394304,0.9861010345780346,1.7755021813611165,0.2758280585875983
경기_용인,31191130,이동읍,75854419.87225857,0.5882026714346659,0.7476944348532286,0.2096521998074624
경기_용인,31191140,남사읍,58739003.53951234,0.684364039436613,1.1323939351953394,0.3262268324819392
경기_용인,31191340,원삼면,59940611.91746452,0.8484918203272861,0.9683650031859312,0.247684495371057
경기_용인,31191350,백암면,65662069.23332119,0.7014486364633088,1.1426376039932222,0.2403116139166908
경기_용인,31191360,양지면,57646834.31175304,1.0328829014903718,1.3103950616310769,0.2162603421401169
경기_용인,31191510,중앙동,7981369.663017593,3.1207269288137804,3.3264095258629127,1.421900409964937
경기_용인,31191530,유림동,13648710.17328235,2.2098349380857982,1.8778508212982887,0.6253493803104301
경기_용인,31191540,동부동,23542090.90171641,0.9343146143484276,0.7699895433722469,0.3497704370349561
경기_용인,31191550,역북동,6040955.100098998,3.063787691295444,2.397565319452005,0.742715013676683
경기_용인,31191560,삼가동,6436545.280696667,1.3416343519675924,1.590687458332974,0.9046362398895724
경기_용인,31192520,구갈동,4242986.590265271,4.108254201018801,3.0762766978128204,1.5007907521146957
경기_용인,31192540,기흥동,11733247.378768804,1.5629231035994329,4.199056645012194,0.8173042866349779
경기_용인,31192550,서농동,4232600.771490539,3.3747716111702264,3.228069187278955,2.103794623835689
경기_용인,31192560,구성동,6907461.005244673,2.9426405721209177,2.0463085418153595,1.1671625153948335
경기_용인,31192570,마북동,5376911.936709468,2.596373840115449,2.805931387870684,2.5210005103548467
경기_용인,31192590,보정동,6803372.9756962,3.312663772093512,3.860507907885314,0.8440206137763325
경기_용인,31192600,상하동,5514446.80534509,2.1757918783436576,2.7138183565851337,0.7958812040330718
경기_용인,31192610,신갈동,4846720.197604426,3.878305398216989,5.172789575305823,1.2495719005038828
경기_용인,31192630,영덕1동,3617278.079594159,5.782286276551772,4.523460954028472,1.1547140108028728
경기_용인,31192640,영덕2동,5909208.583644731,1.8809921528050515,2.867848370021084,1.5531980438093511
경기_용인,31192650,상갈동,2005161.300450495,3.227489267763954,3.279190711927745,2.19911822293582
경기_용인,31192660,보라동,10149303.402139,1.98993721540692,1.9990702929896595,0.6179150143002818
경기_용인,31192670,동백1동,4011537.127583181,4.006449603406943,1.6235253884114385,0.9849859179909862
경기_용인,31192680,동백2동,4661160.567013601,4.826233122268505,2.3139103174792623,0.8534738683063234
경기_용인,31192690,동백3동,1686235.1944846672,5.505870366212518,5.271675928000511,1.2918781387371767
경기_용인,31193510,풍덕천1동,1904963.2366430787,6.974285854479373,7.154244189492065,1.5204839140352149
경기_용인,31193520,풍덕천2동,1484197.9987261407,8.157516725873206,5.09300640989736,3.5123812624190176
경기_용인,31193530,신봉동,6658876.25306837,3.3637124366069027,1.537535406110291,0.902682033995537
경기_용인,31193550,죽전2동,1106248.387983261,6.748768411260185,8.228657850114333,2.0958939657594766
경기_용인,31193560,동천동,16607758.037398234,2.4340832846071225,1.5922046755474026,0.3788861462053747
경기_용인,31193580,상현2동,1565368.033152674,6.907498112244904,2.3978298958156548,1.474037816953766
경기_용인,31193590,성복동,4973966.243602308,4.904665482902624,2.321326516241949,0.7540081171602455
경기_용인,31193600,죽전1동,2351347.889596552,4.550872222160171,2.886052643670374,1.362925821999848
경기_용인,31193610,죽전3동,2081491.0049192389,4.53948915432344,2.7069385891357984,3.181185754359407
경기_용인,31193620,상현1동,672032.8992040915,9.96421276848736,3.1118706051588534,3.69563052934136
경기_용인,31193630,상현3동,2700834.9963586945,2.822698366604231,2.92198379870704,1.3494883238683677
경기_파주,31200110,문산읍,47799684.03299502,0.0,0.0,0.0
경기_파주,31200120,파주읍,32119020.85675943,0.1044445113254141,0.2841842160081133,0.0527322611480188
경기_파주,31200130,법원읍,71569150.41941084,0.2612095007482319,0.3137412315772005,0.044277363825015
경기_파주,31200150,조리읍,27396206.715742268,1.3151290041900523,2.0861036573255114,0.3505350045016818
경기_파주,31200310,월롱면,27158558.26363144,0.0099097463428942,0.1199507374792039,0.0027520741908071
경기_파주,31200320,탄현면,61697503.60622701,0.0,0.0,0.0
경기_파주,31200350,광탄면,65677077.74454588,0.6938186403380076,1.2188174938238492,0.2139644714700305
경기_파주,31200360,파평면,42091800.54973947,0.0,0.0,0.0
경기_파주,31200370,적성면,88939658.54823273,0.0028636649362229,0.0042511544256096,0.00038947279088
경기_파주,31200390,장단면,144426763.16790932,0.0,0.0,0.0
경기_파주,31200520,금촌2동,2756472.00054026,0.0063584591069994,0.0420983721190933,0.0634291983575292
경기_파주,31200530,금촌1동,4507337.554079176,0.0,0.0,0.0
경기_파주,31200540,금촌3동,16959650.093190353,0.0,0.0,0.0
경기_파주,31200550,교하동,36931341.640256986,0.0,0.0,0.0
경기_파주,31200560,운정1동,9692443.526183516,1.0994590518693832,2.7656004860750585,0.1302433608128799
경기_파주,31200570,운정2동,3187423.0586534487,0.0114602640469987,0.0,0.0
경기_파주,31200580,운정3동,5861651.273156567,5.686245459439803,3.3647944751957994,0.8276664753775429
경기_이천,31210110,장호원읍,60421749.99044691,0.8797513992725418,0.6019534150449604,0.5181653406402922
경기_이천,31210120,부발읍,41927821.03279995,1.2913977023900105,1.6384805778836824,0.3451845758165401
경기_이천,31210310,신둔면,36431345.06992825,1.2239252238408749,1.252444192926547,0.1746029050082715
경기_이천,31210320,백사면,32531668.95217036,1.3465241763158478,1.2046750790773186,0.2500680290979306
경기_이천,31210330,호법면,37936513.73536746,0.7164184943146448,1.6332626020233216,0.3771416405480314
경기_이천,31210340,마장면,51444305.15880255,0.8390630106427054,2.1799410667240324,0.2713429756510921
경기_이천,31210350,대월면,31383807.1282714,1.0528298043441175,1.556450859967757,0.3852340662053743
경기_이천,31210360,모가면,41067977.05867023,0.7233650449018876,0.7981401634164803,0.2869657749042907
경기_이천,31210370,설성면,51753283.86745597,0.5874295869991134,0.6276460657806615,0.5418896370552108
경기_이천,31210380,율면,36770354.881481096,0.6277318293393815,0.2905003790604667,0.5208656813174368
경기_이천,31210510,창전동,1133956.134643103,15.358765326980532,14.236530527733889,2.06106921549196
경기_이천,31210520,중리동,22011566.870611835,1.1986293984024947,1.364601906401936,0.2891036538981798
경기_이천,31210530,관고동,7757836.099715007,1.640788424949727,1.8717296893364297,0.4061334008280488
경기_이천,31210540,증포동,8929579.49987252,3.462441635156861,2.6430341835880395,1.315090578091731
경기_안성,31220110,공도읍,31907036.193342377,1.870782665984146,2.128575224895274,0.659703267097973
경기_안성,31220310,보개면,53011028.09773208,0.6181041917239856,0.6297306947408869,0.4263196445091466
경기_안성,31220320,금광면,71388246.01541582,0.4270321679220443,0.2815582853241499,0.2200481763861511
경기_안성,31220330,서운면,36334081.27170009,0.6640975492355875,0.5857693663191571,0.1981207787290723
경기_안성,31220340,미양면,33575947.09699911,0.8359383321149152,1.3464834338022944,0.3625515495106521
경기_안성,31220350,대덕면,31033049.184960887,1.1648186042992577,1.360847417158651,0.5575157094543715
경기_안성,31220360,양성면,53118291.48539022,0.6579697978831254,0.8780217146019578,0.1974211754864518
경기_안성,31220380,원곡면,38084662.38264991,0.6484046441627412,1.7568259171146554,0.1614777016583848
경기_안성,31220390,일죽면,55412334.599525385,0.8182182838776343,1.3713282330053012,0.5408690525439347
경기_안성,31220400,죽산면,57191281.01059364,0.598939653074045,0.6773731769035853,0.2240924025948027
경기_안성,31220410,삼죽면,39199112.81029733,0.6490000299553979,0.6326675430991864,0.4665532228589752
경기_안성,31220420,고삼면,27751075.68435294,0.4918830278388726,0.4285481976730059,0.1398723893693867
경기_안성,31220510,안성1동,6531805.811059074,3.226564377059144,2.54734643921695,0.8773363820731723
경기_안성,31220520,안성2동,10121451.683984298,2.184734561779539,2.7564472059949487,0.8758456986180225
경기_안성,31220530,안성3동,8237833.871643173,2.3078529428366483,2.539266209988486,0.7488994364541437
경기_김포,31230110,통진읍,29391739.486798048,0.0,0.0,0.0
경기_김포,31230120,고촌읍,24931944.62972297,1.2209315818709594,2.886133231357592,0.6420909049533711
경기_김포,31230130,양촌읍,36346070.76273342,0.3720216154641503,1.3390318335812166,0.1984742581295202
경기_김포,31230340,대곶면,43210782.23574104,0.4738297630457545,0.8229741501177267,0.1372295416383503
경기_김포,31230350,월곶면,51950885.21737623,0.0,0.0,0.0
경기_김포,31230360,하성면,56226262.849546544,0.0,0.0,0.0
경기_김포,31230530,사우동,3294231.3390382547,4.320361586426012,5.303813920991225,1.1750070131506962
경기_김포,31230540,풍무동,4423828.458886347,4.496428378100803,4.730051493338396,1.6628847232628283
경기_김포,31230560,장기동,3688192.728419128,5.433080294407346,4.221281455081565,0.9953142268190892
경기_김포,31230600,운양동,7932758.967544997,1.2371733239569722,0.6969473782638458,0.1606572122379836
경기_김포,31230610,김포본동,11751214.622364266,2.413491906108984,2.9904504047953524,0.983907108241087
경기_김포,31230620,장기본동,2528918.42993254,3.99793338163166,2.024630192934607,1.0287224846839595
경기_김포,31230630,구래동,2118932.2965271124,4.546285049311641,7.931772033124964,1.913840698701015
경기_김포,31230640,마산동,3032802.478590331,5.1576411912519005,1.9860422284679515,1.1055178763193407
경기_화성,31240120,봉담읍,42759959.70879833,1.302301142988191,1.7426622304188448,0.7618237363849748
경기_화성,31240130,우정읍,91273926.43156806,0.7524572738945863,0.6705976423480612,1.042932861808609
경기_화성,31240140,향남읍,49966088.56104591,1.5536352123719066,1.7999017528497758,0.3953913125100351
경기_화성,31240150,남양읍,74344481.71977885,0.9743833043327002,1.3374952714184691,0.5338838076370342
경기_화성,31240310,매송면,27488618.78498768,0.585378134765135,0.7557969063613519,0.1700616195101614
경기_화성,31240330,비봉면,38708786.88427781,0.6324536481193984,0.6768944478217066,0.140304007741475
경기_화성,31240350,마도면,32194627.280707043,0.9264032185690012,1.059350593649186,0.2038107493943673
경기_화성,31240360,송산면,108619262.61807492,0.488067597516649,0.4565941522718453,0.5050790819833197
경기_화성,31240370,서신면,47534348.43311581,0.9002231071867545,0.9103709591560476,0.5713031428165167
경기_화성,31240380,팔탄면,50883744.05840203,0.6877469609118084,1.614501566184288,0.2797129501696363
경기_화성,31240390,장안면,68045875.90997118,0.7339189636461024,1.0180314153757437,0.4813696314294236
경기_화성,31240420,양감면,31042737.174984105,0.6418657985213977,1.8308021897560165,0.1833866490448948
경기_화성,31240430,정남면,40612366.71149052,0.9689472621757064,2.3469613638447493,0.2747117997194566
경기_화성,31240520,진안동,6982087.673292674,3.4632097337381302,5.138687495392126,1.119340010098587
경기_화성,31240530,병점1동,1510402.7468653468,8.71558779191527,5.1552335920936585,1.592288569502064
경기_화성,31240540,병점2동,995095.6259670424,6.934794806701433,4.145081253244489,3.2503958906034214
경기_화성,31240550,반월동,3967704.527482923,2.633356986304144,6.255490271899252,1.1016514051134516
경기_화성,31240560,기배동,4245985.61697042,2.328856216009678,2.453979643289904,0.8541415103196972
경기_화성,31240570,화산동,11598504.046685126,1.906388409583784,2.75552237437092,0.8445691539079265
경기_화성,31240600,동탄2동,2384234.5617707144,7.542354907103338,3.7902570357817216,1.8948167825108264
경기_화성,31240610,동탄1동,4856516.49437475,3.459077466000565,5.757925945347163,1.7195969002870275
경기_화성,31240620,동탄3동,1867731.413527176,5.936393853480122,7.637835713701559,2.087474066365208
경기_화성,31240640,동탄4동,4242156.614721621,3.252672279345049,1.3580473422021873,1.0319280417123404
경기_화성,31240650,동탄5동,11391996.081340097,1.5477740570420897,3.1184150201763563,0.7171895290244777
경기_화성,31240670,새솔동,3127836.661510595,2.844548747249924,2.115935578383961,0.853305068694288
경기_화성,31240690,동탄7동,14731362.747332282,1.837178358980441,2.290715404720961,0.8254550614423181
경기_화성,31240700,동탄6동,9494185.934319016,1.5976703755181374,4.103567669008915,0.6114894453490543
경기_화성,31240710,동탄8동,6542727.842816354,2.162845325817823,1.738809300140234,0.524107028317661
경기_광주,31250110,오포읍,46776670.83624439,2.7419780101450395,3.0214705957130694,0.2847355034354068
경기_광주,31250120,초월읍,55776945.89500146,1.114686505200465,2.1387153815349245,0.2559875397893884
경기_광주,31250140,곤지암읍,76152628.51920323,0.6913032713862194,1.378315174665222,0.226992351918582
경기_광주,31250340,도척면,52128742.93137072,0.6913931636480918,1.4202309415016512,0.1257153586912648
경기_광주,31250350,퇴촌면,60218497.92393492,0.7409550325008081,0.2986900333988933,0.0792428020028196
경기_광주,31250360,남종면,48341779.07163794,0.2125269893321465,0.0957955315048739,0.0210508474029691
경기_광주,31250380,남한산성면,33587833.17142107,0.2913998711218056,0.4106911910997876,0.1865261297999588
경기_광주,31250540,경안동,3190224.36132478,6.64845336913358,6.133540850514826,1.7776225370917826
경기_광주,31250550,송정동,5083702.133135453,3.7264489379234544,2.3331464496117125,0.89476390056145
경기_광주,31250560,쌍령동,3324910.7710484536,3.572121510299834,1.9490460005148424,0.5174740014783348
경기_광주,31250570,탄벌동,16709886.624188678,2.531002319262869,1.2548518459335487,0.2731459634334701
경기_광주,31250580,광남1동,26058620.7519572,1.5100829227365409,2.488145813812689,0.2134847036842882
경기_광주,31250590,광남2동,2297851.575231949,4.793047033595794,1.5265447822406648,1.0074160634315583
경기_양주,31260110,백석읍,41108469.20294999,0.9149102994167552,1.4592483323534884,0.2024171254302514
경기_양주,31260310,은현면,34576470.83642273,0.7991596618735007,1.871909021835117,0.3873600555650695
경기_양주,31260320,남면,36438624.18264695,0.7865775243621809,1.3091410831774617,0.2208490616264369
경기_양주,31260330,광적면,48417051.22427618,0.6069103181863666,1.2575658089755153,0.1008332809814703
경기_양주,31260340,장흥면,63881310.76560409,0.4243229031607913,0.6742932779738156,0.261759348411628
경기_양주,31260510,양주1동,23657375.11723606,0.6507349283388972,0.9873926335035512,0.127062311920413
경기_양주,31260520,양주2동,19084782.972793147,1.5579892500756671,2.951627341245658,0.4821565537684247
경기_양주,31260530,회천1동,10544542.357231855,1.221890080554773,2.537633769722812,0.7258942502689296
경기_양주,31260540,회천2동,11170678.395072106,2.091944739302408,2.425865579472653,0.4163288175078822
경기_양주,31260550,회천3동,3567698.4039103044,2.842865702495132,3.816715429915675,1.5897933322116726
경기_양주,31260560,회천4동,17814533.74866533,1.5489524707328677,1.9817658037928223,0.6004024652042301
경기_포천,31270110,소흘읍,46074496.0069859,1.2174495820863716,2.5034916185143463,0.3125781467772909
경기_포천,31270310,군내면,36159274.90583915,0.7980205007208205,1.6842487054588142,0.207245763665968
경기_포천,31270320,내촌면,52660735.22120598,0.3368053594411382,1.040727722784762,0.0996684796918504
경기_포천,31270330,가산면,35747574.29975138,0.6560175899311415,2.672625263267892,0.1698703210766555
경기_포천,31270340,신북면,95574184.99914709,0.4257004648304161,0.4916577742795487,0.1362247943469811
경기_포천,31270350,창수면,71451601.13740869,0.2100703764819606,0.2608364496809848,0.2798718630044198
경기_포천,31270360,영중면,61127861.02468781,0.4428607495833826,0.5224050872964947,0.219152476640869
경기_포천,31270370,일동면,83219570.7492473,0.4902990811959768,0.431365212831401,0.1805313206772045
경기_포천,31270380,이동면,112694214.1778765,0.2345618095322099,0.2616054109424093,0.0833823726476864
경기_포천,31270390,영북면,81783769.88924664,0.3839997183527026,0.4341941607619083,0.1360312603155103
경기_포천,31270400,관인면,70004903.25559357,0.2694741435356348,0.2331614128874762,0.1866194339553023
경기_포천,31270410,화현면,43455300.94997643,0.3412974086539933,0.4544226347195155,0.1060016126948041
경기_포천,31270510,포천동,11332308.01571159,2.4463767027098395,2.546593654543358,0.5892795802171024
경기_포천,31270520,선단동,23872168.08500635,1.201557885812249,2.2078171869693883,0.5465181729522037
경기_여주,31280110,가남읍,75084134.9240513,0.7468001761327373,0.7361895333287173,0.3026248221322805
경기_여주,31280310,점동면,71684320.30807908,0.4970246411274555,0.2520424897461137,0.1886285968065352
경기_여주,31280330,흥천면,44058936.82933983,0.8529045708988585,0.5815439525054785,0.2043257666314777
경기_여주,31280340,금사면,41666524.29606764,0.5191726129905663,0.2694842162840136,0.1091229459136951
경기_여주,31280350,산북면,32597466.84717549,0.588995368761604,0.3632493826205388,0.1325435510138613
경기_여주,31280360,대신면,75751818.46525638,0.6404524206578014,0.5679022341477845,0.7935219673468644
경기_여주,31280370,북내면,65595505.67386849,0.4885472624360108,0.285509903461452,0.4833030547925475
경기_여주,31280380,강천면,74215231.08394997,0.4048988741751165,0.1905864299413984,0.5050942184800584
경기_여주,31280390,세종대왕면,52933667.48191298,0.7476436577162653,0.5215404399292,1.0968223011835403
경기_여주,31280510,여흥동,38700475.81773424,1.3062448521296086,1.4142521454131198,0.3575469421626919
경기_여주,31280520,중앙동,17769836.58037476,1.4672199482930035,1.9429070816131977,0.7501306249537579
경기_여주,31280530,오학동,16812255.61051394,1.4479362088453105,1.5085955079839015,0.4115969150963888
경기_연천,31350110,연천읍,87721770.99344125,0.0395528709413383,0.0525594035911102,0.0580996404063985
경기_연천,31350120,전곡읍,55113426.51886343,0.3067297910933366,0.3771442784560835,0.0942723224062018
경기_연천,31350310,군남면,45523460.997264855,0.0,0.0054607264838219,0.0036045034692265
경기_연천,31350320,청산면,43664948.74003079,0.4698494923919406,0.477111385836043,0.2284426766719787
경기_연천,31350330,백학면,68985443.00602137,0.0,0.0,0.0
경기_연천,31350340,미산면,41453107.53143159,0.0,0.0,0.0
경기_연천,31350350,왕징면,84932051.29074292,0.0,0.0,0.0
경기_연천,31350360,신서면,149605619.70684728,0.0,0.0001074294618119,0.0014095205190791
경기_연천,31350370,중면,83428424.969106,0.0,0.0,0.0
경기_연천,31350380,장남면,35953528.30034178,0.0,0.0,0.0
경기_가평,31370110,가평읍,144997889.77140915,0.3953160265258905,0.3837695135405804,0.141865043562816
경기_가평,31370310,설악면,140914336.17954838,0.4106058232865984,0.3327109581102507,0.1032769112620149
경기_가평,31370320,청평면,112013999.19042546,0.3699506807939907,0.4169566021435367,0.2165833981328825
경기_가평,31370330,상면,99857425.6204852,0.4298284102979502,0.3780391996631648,0.1209387185233787
경기_가평,31370350,북면,229667839.92966127,0.1237282166784808,0.1479229386762062,0.0508470854184672
경기_가평,31370360,조종면,112619096.41471532,0.3185038245458677,0.2660704398945234,0.1629581701015512
경기_양평,31380110,양평읍,42300814.91700124,1.8533163758860407,1.2789701010859993,0.2924247203288941
경기_양평,31380310,강상면,37875273.72880264,1.1564211878021582,0.3766772658814126,0.0932025793050057
경기_양평,31380320,강하면,41130162.65789634,0.9869869245070244,0.3569650083919697,0.0946899053289662
경기_양평,31380330,양서면,59595327.50033295,1.001207261175525,0.3401437311905673,0.1572919030199584
경기_양평,31380340,옥천면,66268283.32538516,0.7147478901074374,0.2690038659896914,0.0737967734219334
경기_양평,31380350,서종면,92731916.32775109,0.725079933692683,0.2816459613365504,0.0782520577280813
경기_양평,31380360,단월면,107606229.15607291,0.2877874675701578,0.1860693751930914,0.0871002750802261
경기_양평,31380370,청운면,96373398.9395313,0.3188437770943304,0.1729764048704672,0.1366124931587893
경기_양평,31380380,양동면,120078338.66148064,0.3382568207257334,0.1596871120523039,0.1133912961236649
경기_양평,31380390,지평면,77621861.9340839,0.6878125799155854,0.3380001953137343,0.1485235561760709
경기_양평,31380400,용문면,102248843.60855743,0.7579047222527413,0.4116353003981647,0.141348942078285
경기_양평,31380410,개군면,32258729.86476684,1.0839733423654458,0.505624050783295,0.4424020701517198
