dong_code,dong_name,station_count_준고속철도,행정동전체면적_m2,상업업무지역비율_pct,공공시설지역비율_pct,주거지역비율_pct,station_count_고속철도,pop_0_19,pop_20_59,pop_60_plus,worker_count,business_count,아파트비율_퍼센트,station_count_지하철,station_count_일반철도,worker_density,business_density,station_density_지하철,기타지역비율_pct
11010530,사직동,0,1158554.8,16.68,21.77,31.31,0,1123,5344,2531,57319,4855,59.92,6,0,0.04947456952360411,0.004190565694396237,5.178865945700808e-06,30.239999999999995
11010540,삼청동,0,1477215.88,0.74,9.15,22.16,0,249,1188,811,5068,992,0.0,1,0,0.0034307781743895768,0.0006715335337400276,6.769491267540602e-07,67.95
11010550,부암동,0,2274776.33,0.46,0.0,33.64,0,1196,5294,2595,3959,894,4.06,0,0,0.0017403908893243126,0.00039300567190096876,0.0,65.9
11010560,평창동,0,8947475.94,1.16,0.12,16.12,0,2534,9706,5147,4246,1300,17.64,0,0,0.00047454723862551726,0.0001452923716941056,0.0,82.6
11010570,무악동,0,369526.45,0.0,0.0,50.31,0,1471,4371,2119,1424,362,95.16,1,0,0.003853580711100556,0.0009796321751533717,2.7061662297054465e-06,49.69
11010580,교남동,0,346931.28,11.07,6.0,60.02,0,1527,5870,2318,7053,566,65.34,2,0,0.020329674510170148,0.0016314470115917062,5.764830429652672e-06,22.909999999999997
11010600,가회동,0,540013.34,5.93,9.45,53.61,0,462,2232,1166,8964,959,0.0,1,0,0.01659958992834141,0.0017758820550289392,1.8518061053482161e-06,31.010000000000005
11010610,종로1·2·3·4가동,0,2417179.04,34.4,1.6,11.63,0,374,3886,2423,111951,16483,60.86,15,0,0.046314732234123974,0.006819105960778068,6.205580865841838e-06,52.37
11010630,종로5·6가동,0,603176.73,54.98,2.54,20.0,0,359,3497,1528,20911,7290,32.33,8,0,0.03466811459993379,0.012086010015471155,1.326311112808906e-05,22.480000000000004
11010640,이화동,0,782407.76,9.85,26.4,40.09,0,487,4510,1902,18513,1761,7.4,3,0,0.023661575135404313,0.0022507445478013826,3.834317798639493e-06,23.659999999999997
11010670,창신1동,0,305150.31,39.45,0.0,38.1,0,280,2483,1758,5212,2331,51.94,8,0,0.0170801071767851,0.007638858370891418,2.6216588145487493e-05,22.44999999999999
11010680,창신2동,0,257519.3,0.0,0.51,92.75,0,495,4317,2698,1921,1011,13.61,5,0,0.007459635063955998,0.003925919338708753,1.941602046839146e-05,6.739999999999995
11010690,창신3동,0,216839.02,0.0,0.0,91.14,0,708,3708,1929,1152,382,80.14,3,0,0.00531269694885576,0.0017616755507490454,1.3835148304311876e-05,8.86
11010700,숭인1동,0,239400.01,0.53,0.0,71.09,0,533,3426,1823,1892,689,40.6,5,0,0.007903090730534927,0.002878028284005584,2.0885546328052135e-05,28.379999999999995
11010710,숭인2동,0,351912.03,41.6,0.0,38.76,0,487,6829,2505,5611,2239,52.75,6,0,0.015944325631154343,0.006362385508493063,1.704971552074961e-05,19.64
11010720,청운효자동,0,2570520.17,2.21,0.0,24.81,0,1680,6719,2950,5330,1462,5.93,1,0,0.0020735102809869275,0.0005687564785746507,3.89026319134508e-07,72.98
11010730,혜화동,0,1132439.61,2.69,0.58,51.67,0,1693,10547,3629,8696,2246,17.4,2,0,0.007678996675083812,0.0019833287180586754,1.7660985913256238e-06,45.059999999999995
11020520,소공동,0,943810.48,37.38,23.78,1.11,0,289,1501,395,68391,4702,96.49,8,0,0.07246264101589059,0.004981932389593916,8.47627799165277e-06,37.73
11020540,회현동,1,897841.9,37.79,10.83,16.12,3,365,2274,1755,48793,8489,67.66,10,4,0.054344757133139535,0.009454894007403142,1.1137818361883781e-05,35.260000000000005
11020550,명동,0,969618.23,57.98,7.31,10.4,0,170,1481,944,140423,8437,46.02,15,0,0.14482297841961136,0.008701362803289071,1.5470006169175782e-05,24.310000000000002
11020570,필동,0,1464710.15,5.87,8.68,17.99,0,336,2488,1188,26509,3505,46.24,8,0,0.018098461323435913,0.002392964915260586,5.461831475630439e-06,67.46000000000001
11020580,장충동,0,1017941.33,7.72,24.93,20.03,0,390,3009,1149,7456,950,8.01,13,0,0.00732458716449479,0.0009332561435448028,1.277087354324467e-05,47.32
11020590,광희동,0,737215.76,42.41,15.61,18.52,0,307,3911,1572,33150,8662,75.61,16,0,0.044966483081629094,0.011749613166005165,2.170327991873501e-05,23.460000000000008
11020600,을지로동,0,611661.31,64.74,3.58,10.48,0,205,2115,708,31160,8714,90.3,16,0,0.05094322542566991,0.014246446288808974,2.6158267227558362e-05,21.200000000000003
11020650,신당5동,0,319711.38,12.78,3.65,57.45,0,966,6445,2750,4180,1574,67.33,5,0,0.01307429219400716,0.004923190409896476,1.5639105495223875e-05,26.120000000000005
11020670,황학동,0,328644.97,5.33,0.0,63.93,0,1106,8648,2943,5479,2417,72.45,8,0,0.01667148594981778,0.007354440872551482,2.434237773289692e-05,30.739999999999995
11020680,중림동,1,484392.13,13.21,11.65,45.87,3,1648,7373,3127,7672,1248,81.33,9,4,0.015838407613768653,0.0025764250132929195,1.8579988076631632e-05,29.27000000000001
11020690,신당동,0,534950.31,35.1,3.04,29.39,0,464,4781,2172,22759,11624,34.32,11,0,0.04254413835104527,0.021729120971595864,2.0562657492047014e-05,32.47
11020700,다산동,0,523979.23,3.42,0.0,71.07,0,1128,8160,4032,8772,2049,11.2,9,0,0.01674112158955726,0.00391046034393557,1.7176253340859023e-05,25.510000000000005
11020710,약수동,0,486240.61,0.55,0.0,63.82,0,1715,8907,5486,4279,1215,81.68,5,0,0.008800169940375812,0.0024987629066502946,1.0282974924486809e-05,35.629999999999995
11020720,청구동,0,342576.27,1.19,0.0,70.69,0,1364,7513,4094,4672,1235,78.35,5,0,0.013637838954413338,0.0036050366242937654,1.4595289976897835e-05,28.120000000000005
11020730,동화동,0,327050.79,8.92,0.0,61.99,0,1333,5632,2973,4177,1255,82.66,5,0,0.012771716588338719,0.003837324471717762,1.5288145305648454e-05,29.090000000000003
11030510,후암동,1,865906.04,2.96,5.63,53.31,3,1794,9892,4312,4775,1277,11.09,5,4,0.005514455124882666,0.001474755852246108,5.774298560086562e-06,38.099999999999994
11030520,용산2가동,0,1966884.87,0.0,0.88,14.13,0,696,5431,2785,2067,734,10.37,2,0,0.001050900350862677,0.0003731789344621214,1.0168363336842545e-06,84.99
11030530,남영동,1,1177807.87,11.21,14.53,17.78,3,353,4071,2405,18878,1919,25.21,8,4,0.01602808104843086,0.0016292979940639271,6.792279287395215e-06,56.48
11030570,원효로2동,0,708986.84,9.09,6.38,47.7,3,1710,8428,3498,5282,1262,64.98,5,4,0.007450067761378335,0.0017800048305299998,7.0523170781695715e-06,36.83
11030580,효창동,0,446193.32,0.0,29.56,56.7,0,1428,6916,2341,2158,703,49.68,6,0,0.004836468640883362,0.0015755502569698814,1.344708611923085e-05,13.739999999999995
11030590,용문동,0,277535.99,0.0,0.13,87.04,0,1266,6995,3146,2096,850,52.39,6,0,0.0075521736835805625,0.0030626658545054764,2.1618817796509245e-05,12.829999999999998
11030630,이촌1동,0,2872813.45,0.0,9.57,19.0,0,4807,14024,6102,4075,1469,99.75,6,0,0.001418470106364134,0.0005113454199383835,2.0885449418858417e-06,71.43
11030640,이촌2동,0,1205563.14,0.25,12.03,12.15,0,868,4529,2471,1085,478,84.42,1,0,0.0008999943379083405,0.0003964952014010938,8.294878690399452e-07,75.57
11030650,이태원1동,0,582908.09,11.66,0.0,64.04,0,443,3682,1895,7749,1838,32.25,2,0,0.013293690948545702,0.0031531557573141055,3.4310726412558275e-06,24.299999999999997
11030660,이태원2동,0,874257.67,2.16,0.21,50.94,0,767,5431,2465,3032,1064,23.37,3,0,0.003468085101232591,0.001217032502543363,3.4314826199530915e-06,46.690000000000005
11030690,서빙고동,0,2821993.99,3.06,16.66,15.85,0,2031,7294,3107,4650,721,61.78,5,0,0.001647771049995582,0.0002554931025907128,1.7717968279522386e-06,64.43
11030700,보광동,0,715107.87,0.0,0.0,59.16,0,801,6762,3584,1821,882,22.14,2,0,0.002546468968345343,0.0012333803569909898,2.7967808548548518e-06,40.84
11030710,청파동,1,886199.22,2.28,2.54,66.9,3,1459,12679,4705,10412,2255,1.19,8,4,0.011749051189508506,0.0025445745709125702,9.02731555090934e-06,28.28
11030720,원효로1동,0,589066.96,17.12,0.0,60.35,3,2038,11901,3068,9884,2212,66.05,9,4,0.01677907720343407,0.003755090932213291,1.5278398910451907e-05,22.53
11030730,한강로동,0,2869863.08,11.59,5.02,19.2,3,2208,14078,4730,53052,6011,81.55,10,4,0.018485899334199293,0.0020945250112695464,3.4844867929954185e-06,64.19
11030740,한남동,0,3031946.65,5.83,3.79,36.65,0,2040,11005,4710,21222,3387,54.34,6,0,0.006999463529455575,0.001117104088882576,1.978926641067451e-06,53.730000000000004
11040520,왕십리2동,0,372431.54,1.19,0.0,84.16,0,2113,9953,4029,2409,1117,81.3,7,0,0.00646830287234888,0.0029992089283577,1.8795400625339214e-05,14.650000000000006
11040540,마장동,0,1035292.65,10.84,5.95,55.88,0,2387,13279,5907,12105,3557,63.24,7,0,0.01169234612057091,0.0034357435068872967,6.761373221313207e-06,27.33
11040550,사근동,0,1169235.04,0.12,1.24,32.29,0,987,8867,2093,11029,1205,40.19,9,0,0.009432662914297943,0.0010305883408948248,7.697340305438525e-06,66.35
11040560,행당1동,0,573574.98,3.7,2.73,74.11,0,1828,8626,3231,9568,1543,80.32,9,0,0.016681341295314497,0.0026901452360650366,1.5691061001027434e-05,19.460000000000008
11040570,행당2동,0,457676.35,0.0,0.0,75.43,0,3435,13558,5858,2131,930,95.74,8,0,0.004656128724924149,0.0020320036199809755,1.7479601032094414e-05,24.569999999999993
11040580,응봉동,0,553593.41,0.0,0.0,51.48,0,2460,8812,3669,1006,553,73.28,2,0,0.0018172181637455328,0.0009989280760947113,3.6127597688777986e-06,48.52
11040590,금호1가동,0,445441.26,0.0,0.0,70.23,0,2104,8632,4009,2109,870,85.05,3,0,0.004734631003766139,0.0019531194752378097,6.7348947421993436e-06,29.769999999999996
11040620,금호4가동,0,831854.66,0.0,0.0,37.31,0,2115,8371,3668,2271,943,85.6,4,0,0.0027300442122578233,0.0011336114892818703,4.80853229812034e-06,62.69
11040650,성수1가1동,0,1885905.37,0.0,23.91,26.47,0,1721,9794,3877,15977,2863,69.16,4,0,0.008471793046495901,0.0015181037423870418,2.1209971950919202e-06,49.620000000000005
11040660,성수1가2동,0,930100.68,1.17,0.51,42.43,0,1339,7648,2956,28072,4557,66.72,4,0,0.030181678826101045,0.00489946959285204,4.300609693089348e-06,55.89
11040670,성수2가1동,0,1184983.65,3.02,5.78,31.33,0,1299,8743,4563,17452,3164,46.49,1,0,0.014727629364213358,0.0026700790344012758,8.438935001268254e-07,59.870000000000005
11040680,성수2가3동,0,1054518.46,26.1,0.0,24.71,0,944,6387,2716,62482,7704,67.17,3,0,0.059251689154315494,0.007305704254742911,2.844900410725433e-06,49.19
11040690,송정동,0,681926.68,0.0,0.0,39.69,0,857,6009,2854,2756,913,34.92,1,0,0.004041490208242893,0.0013388536139788685,1.4664333121345768e-06,60.31
11040700,용답동,0,2377186.4,6.57,8.21,11.89,0,821,8046,3172,11442,2317,24.56,5,0,0.004813253180294094,0.0009746816656826966,2.1033268573213136e-06,73.33
11040710,왕십리도선동,0,710297.02,5.86,2.37,74.79,0,3606,16714,5949,10293,3148,86.54,10,0,0.0144911209114394,0.004431948764132053,1.4078617421003982e-05,16.97999999999999
11040720,금호2·3가동,0,631206.23,0.0,2.3,77.37,0,2832,13347,5774,2969,1422,68.77,2,0,0.0047036924840760256,0.002252829475364132,3.1685365335641804e-06,20.33
11040730,옥수동,0,1922203.17,0.0,0.0,29.33,0,3896,15232,6274,4729,1361,95.95,4,0,0.002460197794791587,0.0007080416998755234,2.080945480897938e-06,70.67
11050530,화양동,0,1136335.58,4.52,0.0,41.21,0,916,19028,3249,16150,2999,28.52,4,0,0.014212350897133639,0.002639185160402711,3.520086909506784e-06,54.269999999999996
11050540,군자동,0,738037.47,0.45,0.0,67.46,0,1578,12833,4659,9773,2286,16.8,3,0,0.013241875104075112,0.003097403713078451,4.0648342691318256e-06,32.09
11050550,중곡1동,0,614514.79,2.78,2.74,56.76,0,1235,10124,3880,6454,1977,10.82,3,0,0.010502595063488992,0.003217172364505382,4.881900401373873e-06,37.72
11050560,중곡2동,0,545550.94,0.0,0.0,75.64,0,2070,13139,5312,7667,2133,5.88,4,0,0.014053683052694336,0.003909809045441114,7.332037591075693e-06,24.36
11050570,중곡3동,0,601876.05,0.85,6.82,62.27,0,1442,9782,4503,5696,1537,11.74,2,0,0.00946374257607586,0.0025536819416131663,3.322943320251355e-06,30.060000000000002
11050580,중곡4동,0,2313505.98,0.34,0.0,25.05,0,2677,16666,8251,4421,1692,4.16,3,0,0.0019109524843246312,0.0007313575217094042,1.2967331945202203e-06,74.61
11050590,능동,0,1092122.62,0.0,0.0,13.4,0,924,7760,2413,6811,1146,1.39,4,0,0.006236479196756893,0.001049332720523183,3.6625923927510754e-06,86.6
11050600,구의1동,0,595014.14,1.25,0.0,77.3,0,2022,16006,5099,6825,2280,16.86,1,0,0.011470315646423625,0.0038318417104536064,1.6806323291463187e-06,21.450000000000003
11050610,구의2동,0,1388063.3,0.74,7.56,42.56,0,3452,15328,6830,5372,1652,20.31,2,0,0.003870140504371305,0.0011901474522005577,1.4408564796616922e-06,49.14
11050620,구의3동,0,1027578.03,7.29,4.4,47.73,0,3858,17322,6660,15629,3261,66.32,2,0,0.01520955055826554,0.003173481628415377,1.9463242124595997e-06,40.58
11050630,광장동,0,2393800.15,8.2,0.13,22.12,0,7792,20057,6122,12054,2088,87.85,1,0,0.005035508081136032,0.000872253266418785,4.1774581725037596e-07,69.55
11050640,자양1동,0,568877.08,2.02,2.8,83.03,0,2101,14218,5514,10177,2067,16.51,1,0,0.017889629161753372,0.0036334738604052487,1.757848989068819e-06,12.150000000000006
11050650,자양2동,0,1657549.85,0.28,19.57,28.52,0,2885,14363,6380,5573,1871,38.85,2,0,0.0033621914900275112,0.0011287744980874705,1.2066002117450246e-06,51.629999999999995
11050660,자양3동,0,1196438.64,0.0,15.38,34.09,0,4368,16089,6764,7030,1809,82.56,4,0,0.005875771447787111,0.0015119872758245923,3.343255446820547e-06,50.529999999999994
11050670,자양4동,0,1180042.06,2.81,6.22,41.4,0,1692,12336,5855,5834,2084,41.86,4,0,0.004943891576161752,0.0017660387460954902,3.389709685404012e-06,49.57
11060710,회기동,0,766929.29,3.35,4.97,36.51,0,1011,7323,2060,11644,1318,52.14,3,0,0.015182625245474942,0.001718541744549637,3.911703515666852e-06,55.17
11060720,휘경1동,0,521804.76,9.06,0.0,65.01,0,1425,9274,3013,4043,1326,70.63,4,0,0.007748108698591632,0.002541180344875712,7.66570239781512e-06,25.929999999999993
11060730,휘경2동,0,1113627.07,1.25,6.92,43.75,0,2811,15554,5799,5215,1197,64.92,3,0,0.004682896223017613,0.001074866112934244,2.6939000324166515e-06,48.08
11060800,청량리동,1,1204417.83,1.76,20.33,43.24,0,1544,9619,7579,7852,1796,63.34,4,3,0.006519332248622395,0.0014911768617582553,3.3211065963435532e-06,34.67
11060810,용신동,1,1618425.76,10.8,1.87,57.5,0,3883,25161,9366,28958,6720,65.02,9,3,0.01789269592435372,0.004152183044811693,5.56095943501566e-06,29.83
11060820,제기동,1,1181724.03,5.87,0.59,68.65,0,1962,13427,7625,11403,4980,40.15,7,3,0.0096494610504819,0.004214181884714537,5.923548833936096e-06,24.89
11060830,전농1동,1,1126713.76,6.52,0.0,67.12,0,4034,19379,8744,7609,2708,55.62,6,3,0.0067532680171869626,0.0024034498344778937,5.325221198990902e-06,26.36
11060840,전농2동,0,977583.58,1.3,0.0,38.29,0,2542,9914,5502,4972,1234,85.04,3,0,0.005086010139357231,0.001262296160894373,3.0687913149782165e-06,60.410000000000004
11060860,답십리2동,0,875759.26,7.86,0.0,66.4,0,3298,15810,8405,8740,2603,84.26,2,0,0.009979911602533555,0.002972278020754559,2.2837326321587086e-06,25.739999999999995
11060870,장안1동,0,1342189.45,12.6,1.52,52.31,0,4601,22705,10080,22014,5980,58.19,2,0,0.016401559407158196,0.004455406798165077,1.4901026080819655e-06,33.56999999999999
11060880,장안2동,0,996656.47,13.38,2.1,60.71,0,5336,19287,8069,11387,3477,61.59,0,0,0.011425200500515237,0.0034886644542277577,0.0,23.810000000000002
11060890,이문1동,0,1039619.54,0.0,0.0,69.44,0,1697,11662,4405,6706,1503,46.15,5,0,0.006450436666413076,0.0014457211914134884,4.8094517345758095e-06,30.560000000000002
11060900,이문2동,0,723901.66,1.5,16.87,43.13,0,2578,11081,5741,2188,916,77.4,2,0,0.003022509991163406,0.0012653652431013163,2.762806207644795e-06,38.5
11060910,답십리1동,1,788254.72,6.54,6.72,64.53,0,4187,17373,6283,9453,3471,81.92,6,3,0.011992316392193728,0.004403398941849618,7.61175270846952e-06,22.209999999999994
11070520,면목2동,1,763134.02,6.9,0.0,60.27,0,2281,14007,7315,5735,2198,35.5,6,0,0.0075150626883661266,0.002880228036447907,7.862314931158981e-06,32.83
11070540,면목4동,0,843480.2,0.0,0.0,40.01,0,1945,10529,5681,5016,2463,52.11,2,0,0.0059467904521535095,0.002920044833264373,2.3711285694391983e-06,59.99
11070550,면목5동,0,704947.41,13.28,0.0,39.79,0,2168,8723,3707,3117,1067,48.79,2,0,0.004421606428706198,0.0015135880845137996,2.837091067504779e-06,46.93
11070570,면목7동,0,1235495.07,1.32,0.0,35.36,0,2096,12443,6686,4536,1767,49.43,2,0,0.003671402751905182,0.001430195913275233,1.618784282145142e-06,63.32
11070590,상봉1동,1,854232.74,6.45,6.31,47.79,0,3235,13510,6449,6508,1750,66.99,7,0,0.007618532626042658,0.0020486220183734867,8.194488073493947e-06,39.45
11070600,상봉2동,1,677456.3,23.37,4.29,44.35,0,1389,14225,4690,9495,3249,39.73,8,0,0.014015664183593603,0.004795881298841034,1.1808879775539635e-05,27.989999999999995
11070610,중화1동,1,641503.96,6.76,0.0,51.54,0,2064,10888,5754,3586,1391,36.93,6,0,0.005589988875429702,0.0021683420317129714,9.35302098510268e-06,41.7
11070620,중화2동,1,1016971.83,13.25,0.55,48.33,0,1853,14167,7833,6025,2237,13.51,7,0,0.005924451220975075,0.0021996676151570527,6.883179841796767e-06,37.870000000000005
11070640,묵1동,0,1238456.26,9.1,0.0,45.24,0,4659,19911,9130,6227,2120,60.58,6,0,0.005028033852362068,0.0017118085381415745,4.844741145683701e-06,45.66
11070650,묵2동,0,669214.47,6.92,0.08,50.32,0,1816,10723,5522,4536,1788,30.57,6,0,0.0067780961160810215,0.002671789209777969,8.965735603281775e-06,42.68
11070680,망우3동,0,962576.96,0.42,0.0,35.84,0,1424,8925,5310,3717,1309,1.55,0,0,0.003861509421502656,0.001359891265199617,0.0,63.739999999999995
11070690,신내1동,0,2606991.46,0.5,3.23,24.43,0,6093,20597,11076,15285,3047,87.59,7,1,0.005863080195875045,0.0011687801999889604,2.68508743023391e-06,71.84
11070700,신내2동,0,911296.04,1.55,1.49,33.64,0,2438,10939,6310,6553,1594,99.85,3,0,0.007190857539475418,0.0017491571673926164,3.292014744151725e-06,63.32
11070710,면목본동,1,849032.56,9.76,0.0,73.14,0,2819,20438,9534,7104,3015,12.3,5,0,0.008367170276622052,0.0035511005608129904,5.889055656406286e-06,17.099999999999994
11070720,면목3·8동,0,1614802.35,2.25,0.64,32.2,0,2142,14415,7835,7438,2413,32.44,2,0,0.004606136472339131,0.0014943005253770262,1.2385416704326782e-06,64.91
11070730,망우본동,0,2948157.11,1.83,0.56,25.49,0,4652,21288,10521,12164,3913,60.39,5,1,0.004125967357268399,0.0013272698346753736,1.6959747440268e-06,72.12
11080580,돈암1동,0,489303.57,0.07,1.68,51.49,0,1739,8136,4390,2164,625,92.68,1,0,0.004422612326241098,0.0012773256487526275,2.043721038004204e-06,46.76
11080590,돈암2동,0,518516.7,0.0,2.14,76.53,0,4249,13659,5518,2852,940,94.46,4,0,0.0055003050045350456,0.0018128635007934582,7.714312769333864e-06,21.33
11080600,안암동,0,1379593.47,0.11,2.46,30.6,0,1093,10841,2981,14041,1839,35.17,9,0,0.010177635879864104,0.0013330013804622241,6.5236609158020755e-06,66.83
11080610,보문동,0,553015.27,6.27,0.0,67.76,0,1935,10426,3809,5597,1587,60.1,10,0,0.010120877855504409,0.002869721843252724,1.80826833223234e-05,25.97
11080620,정릉1동,0,411972.1,0.0,0.22,82.84,0,2847,10338,4592,2333,1084,78.01,3,0,0.005663004848977322,0.00263124614500275,7.282046526760379e-06,16.939999999999998
11080630,정릉2동,0,1094907.52,0.0,0.0,51.37,0,2836,13028,6685,3403,1332,38.21,2,0,0.003108025050342991,0.0012165411011039859,1.8266382899459248e-06,48.63
11080640,정릉3동,0,3327180.65,1.59,0.0,20.26,0,1345,9013,4577,5881,896,13.49,1,0,0.0017675625758349863,0.0002692970698772569,3.0055476548800993e-07,78.15
11080650,정릉4동,0,3570972.76,1.09,0.0,17.28,0,3161,13748,7118,5112,1474,56.91,2,0,0.001431542703782956,0.00041277268102035935,5.600714803532692e-07,81.63
11080660,길음1동,0,797325.9,2.43,2.98,77.25,0,7905,20125,6722,4178,1576,96.76,2,0,0.005240015406432426,0.00197660705613631,2.5083845890054696e-06,17.340000000000003
11080680,길음2동,0,588011.39,20.89,0.0,63.99,0,4068,12929,4682,5598,1539,93.36,2,0,0.009520223749245398,0.0026172962397443137,3.40129465853712e-06,15.120000000000005
11080710,월곡1동,0,801770.14,4.91,3.78,67.34,0,4028,14516,7035,5543,1668,74.75,2,0,0.006913452775792904,0.002080396758077316,2.4944805252725616e-06,23.97
11080720,월곡2동,0,1364923.18,1.81,11.78,36.06,0,2134,11495,5280,10384,1938,59.32,3,0,0.007607754159412783,0.0014198601272093579,2.197925893512938e-06,50.349999999999994
11080760,장위1동,0,708557.66,0.0,0.0,85.63,0,3197,13789,6385,3227,1481,23.16,0,0,0.0045543223679981905,0.0020901615825860923,0.0,14.370000000000005
11080770,장위2동,0,679904.93,4.03,0.0,79.43,0,1255,7448,4416,3532,1360,8.98,2,0,0.005194843932000981,0.002000279656716119,2.9415877304648814e-06,16.539999999999992
11080780,장위3동,0,652611.89,2.06,0.0,77.47,0,2783,9344,3400,2000,754,85.19,3,0,0.0030646085837776477,0.0011553574360841732,4.596912875666471e-06,20.47
11080810,성북동,0,2879959.41,1.06,0.68,42.76,0,1678,9981,4266,7480,1764,10.83,3,0,0.0025972588273298013,0.000612508632541413,1.041681347859546e-06,55.5
11080820,삼선동,0,926242.04,6.93,1.7,61.55,0,2474,14047,5677,10727,2472,44.49,7,0,0.011581206139039195,0.0026688488464346872,7.557419872590134e-06,29.820000000000007
11080830,동선동,0,724795.74,4.62,0.1,54.78,0,1238,10766,3002,10928,2601,26.28,5,0,0.015077351309831412,0.003588597250811814,6.8984952918335525e-06,40.5
11080840,종암동,0,1404550.54,4.9,0.8,54.4,0,5501,22123,10059,8511,2698,65.65,3,0,0.006059589710413271,0.0019208991938309253,2.1359145965503247e-06,39.9
11080850,석관동,0,1705088.72,0.61,6.2,46.15,0,3633,19439,10718,9303,2576,45.55,7,0,0.0054560210802083306,0.0015107718265738642,4.1053582243855006e-06,47.04
11090600,번1동,0,627046.16,6.78,0.0,72.24,0,1341,10779,5254,9154,2252,24.88,2,0,0.014598606265053937,0.0035914421355583864,3.189557846854695e-06,20.980000000000004
11090610,번2동,0,974313.64,3.53,0.0,42.45,0,1331,7875,5669,3306,717,39.8,1,0,0.0033931578746717213,0.0007359026606592934,1.0263635434578709e-06,54.019999999999996
11090620,번3동,0,1081194.33,3.81,0.0,24.01,0,1794,8200,6360,2933,832,94.81,0,0,0.00271274082613148,0.0007695193887969285,0.0,72.18
11090630,수유1동,0,1649989.82,3.76,0.0,32.38,0,1918,11372,6570,5823,1753,10.14,3,0,0.003529112682625344,0.001062430797293874,1.8181930358708624e-06,63.86
11090640,수유2동,0,581626.13,9.47,0.0,78.79,0,2065,11202,7255,4118,1659,36.42,2,0,0.007080149579815472,0.0028523477787551887,3.438635055762735e-06,11.739999999999995
11090650,수유3동,0,745657.28,11.08,0.0,71.74,0,1594,14392,7009,8885,2992,15.97,3,0,0.011915661843844459,0.004012567274820779,4.023296064325647e-06,17.180000000000007
11090690,삼양동,0,924107.03,2.71,0.0,69.59,0,2574,12641,7193,3522,1301,39.32,4,0,0.003811246842221174,0.0014078455825467767,4.328502944033133e-06,27.700000000000003
11090700,미아동,0,841218.37,8.06,0.73,54.93,0,1701,12396,6756,6790,2088,17.62,4,0,0.008071625920293781,0.0024821141268885735,4.755007905916808e-06,36.28
11090710,송중동,0,1075813.38,3.99,2.64,67.26,0,3127,16570,8926,8670,2670,35.53,2,0,0.00805901856316326,0.0024818430869257098,1.8590584920791833e-06,26.11
11090720,송천동,0,929928.26,5.94,0.84,73.55,0,2087,13633,9035,6849,2304,18.23,4,0,0.00736508426996976,0.0024776104771514567,4.301407078387946e-06,19.67
11090730,삼각산동,0,621921.15,0.0,0.0,92.24,0,6041,17641,6924,3210,1465,99.29,2,0,0.00516142601027218,0.002355604082569702,3.2158417509483985e-06,7.760000000000005
11090740,우이동,0,10587928.05,0.54,0.84,6.87,0,2069,10840,6906,5267,1385,12.72,4,0,0.0004974533237402407,0.0001308093513157838,3.777887402621915e-07,91.75
11090750,인수동,0,2998060.8,2.14,2.79,29.96,0,3074,15778,10221,6251,1932,7.74,3,0,0.0020850144199807924,0.0006444165508563255,1.0006468180998842e-06,65.11
11100510,쌍문1동,0,1175793.51,2.8,0.88,50.77,0,2289,11569,6785,4217,1118,28.13,3,0,0.003586514098010402,0.0009508472282607611,2.551468412148733e-06,45.55
11100520,쌍문2동,0,541201.52,13.36,0.0,72.09,0,1922,10071,5917,4733,1370,44.36,1,0,0.008745356073487278,0.002531404568070478,1.8477405606353851e-06,14.549999999999997
11100530,쌍문3동,0,504813.81,9.25,5.38,65.93,0,1590,9766,5096,4645,1227,37.04,1,0,0.009201412298740374,0.0024305991152969724,1.980928374325161e-06,19.439999999999998
11100540,쌍문4동,0,554876.65,0.0,0.0,52.74,0,2733,10152,5174,1992,796,88.59,1,0,0.003589987071836777,0.001434553066858471,1.8022023452995869e-06,47.26
11100550,방학1동,0,1040874.09,6.22,0.0,43.81,0,3236,15430,9089,13212,2545,54.32,1,0,0.012693177903845285,0.0024450603818714995,9.607309948414537e-07,49.97
11100560,방학2동,0,1092832.29,0.0,0.0,47.54,0,1901,9974,6670,3233,1292,4.49,1,0,0.0029583679303348694,0.001182249107947,9.150534891230651e-07,52.46
11100570,방학3동,0,1951057.98,0.97,0.0,28.04,0,4026,13778,8278,2995,1125,95.51,2,0,0.001535064580697212,0.000576610234819487,1.0250848619013102e-06,70.99000000000001
11100590,창1동,0,1122189.71,3.58,2.38,43.08,0,3064,13906,7072,3287,1383,80.91,4,0,0.0029290947606093348,0.001232411942173018,3.5644597025973044e-06,50.96
11100600,창2동,0,654452.82,4.21,0.0,62.36,0,3397,16574,8212,4298,1667,33.77,1,0,0.006567318328514999,0.0025471660431909036,1.5279940271091204e-06,33.43000000000001
11100610,창3동,0,655496.18,0.0,0.0,54.04,0,1413,7335,4445,2107,1028,28.69,0,0,0.003214358930311167,0.0015682776366207308,0.0,45.96
11100620,창4동,0,1140194.42,11.18,8.24,36.19,0,3711,15405,7057,8554,1779,99.16,3,0,0.007502229312721051,0.001560260222975304,2.6311302242416594e-06,44.39
11100630,창5동,0,701487.72,10.62,0.0,49.21,0,2882,14012,6987,7116,1847,79.97,3,0,0.01014415476852333,0.002632975528030156,4.276625113205452e-06,40.17
11100640,도봉1동,0,8451608.1,0.96,0.39,8.83,0,1629,10215,8202,7132,1767,15.78,4,0,0.0008438630750036269,0.00020907263790401133,4.732827117238514e-07,89.82
11100650,도봉2동,0,1119049.45,4.22,9.12,41.17,0,2821,13636,9527,7747,1681,90.28,5,0,0.006922839736823758,0.0015021677549503986,4.468077795807253e-06,45.489999999999995
11110510,월계1동,0,1141604.81,5.49,0.0,42.88,0,2382,12130,6039,6394,1588,61.21,6,0,0.005600887403359829,0.001391024272213858,5.255759214913821e-06,51.629999999999995
11110520,월계2동,0,2004817.61,2.61,0.0,27.84,0,3246,13638,8607,3696,988,94.61,2,0,0.0018435592253110567,0.0004928129097963538,9.97596983393429e-07,69.55
11110530,월계3동,0,1134176.52,0.0,0.01,44.06,0,3605,16109,9004,4438,1148,99.35,9,0,0.00391297114840719,0.001012188120408169,7.935272720969966e-06,55.93
11110560,공릉2동,0,6983547.66,1.78,20.16,10.98,0,7058,25309,9099,12302,2402,84.94,4,0,0.0017615688470840026,0.0003439512575756604,5.727747836397343e-07,67.08
11110580,하계1동,0,1527085.8,3.51,4.17,31.81,0,3724,15333,7083,8724,1468,88.61,1,0,0.00571284206816858,0.0009613081334332274,6.548420527474301e-07,60.510000000000005
11110590,하계2동,0,500031.86,0.0,0.0,61.1,0,3682,12345,5283,1545,719,100.0,2,0,0.003089803117683545,0.0014379083764494945,3.9997451361599286e-06,38.9
11110600,중계본동,0,2183269.89,1.33,0.76,29.37,0,5337,13457,4272,6001,1547,81.99,0,0,0.002748629488025648,0.000708570207961286,0.0,68.53999999999999
11110610,중계1동,0,623460.83,8.02,2.34,55.69,0,6898,15285,4143,4220,1273,99.93,0,0,0.006768669011543699,0.0020418283534822577,0.0,33.95
11110640,중계4동,0,1519296.26,4.12,0.0,16.81,0,2801,10573,5745,4143,1279,94.99,1,0,0.0027269204229942163,0.000841837127928941,6.581994745339648e-07,79.07
11110650,상계1동,0,5402703.05,0.71,0.5,13.81,0,4727,20735,11382,9184,2603,80.94,3,0,0.0016998898356967817,0.00048179586697721287,5.552776031239487e-07,84.98
11110660,상계2동,0,623135.79,22.89,0.0,55.96,0,2262,11292,5548,10794,3198,64.89,3,0,0.01732206715301456,0.005132107722377299,4.814359964706659e-06,21.150000000000006
11110690,상계5동,0,906905.94,3.04,0.1,45.94,0,2537,12852,7623,5867,2527,55.68,3,0,0.006469248619030225,0.0027863970104464596,3.3079505466321245e-06,50.92
11110720,상계8동,0,666359.13,1.96,4.82,57.38,0,3642,13791,4410,2054,733,100.0,2,0,0.0030824219366052297,0.0011000074389151088,3.001384553656504e-06,35.84
11110730,상계9동,0,719457.06,2.73,0.18,48.84,0,2761,11547,5357,2626,841,100.0,1,0,0.0036499746071898998,0.00116893703147247,1.3899370172086443e-06,48.25
11110740,상계10동,0,809227.78,13.31,2.52,35.19,0,2697,11122,4366,2382,665,100.0,3,0,0.002943546994853,0.0008217710963800357,3.7072380287821156e-06,48.980000000000004
11110760,상계3·4동,0,5211971.8,2.02,0.0,14.25,0,3585,14837,9069,5383,1713,63.24,3,0,0.0010328144906673656,0.0003286663983862525,5.755978955976401e-07,83.73
11110770,상계6·7동,0,1450319.22,8.13,12.37,36.24,0,4529,19015,7856,15738,2525,100.0,5,0,0.010851404148040929,0.001740996027055747,3.447516885258905e-06,43.26
11110780,중계2·3동,0,919098.32,4.26,3.58,48.51,0,4195,17844,10461,5458,1758,99.58,3,0,0.005938428872267568,0.0019127442208586266,3.2640686362775197e-06,43.650000000000006
11110790,공릉1동,0,1263281.38,13.16,1.07,45.63,0,3929,21951,10104,13451,3539,67.48,6,0,0.010647667426154516,0.00280143446741215,4.749535689311359e-06,40.14
11120510,녹번동,0,1794244.69,1.23,5.4,44.01,0,4215,21361,10535,10719,2606,40.8,4,0,0.005974101559102432,0.0014524217429817089,2.2293503345843573e-06,49.36
11120520,불광1동,0,3124978.64,0.76,2.21,29.38,0,4221,21613,11605,6853,2257,55.51,5,0,0.00219297498941563,0.00072224493668628,1.6000109363896322e-06,67.65
11120550,갈현1동,0,961087.28,7.23,0.0,58.06,0,1417,8626,4439,4635,1574,19.98,2,0,0.004822662932290367,0.0016377284693473654,2.080976454062726e-06,34.709999999999994
11120560,갈현2동,0,985181.66,5.47,0.84,58.05,0,3291,16408,7742,6370,2117,16.3,3,0,0.00646581260956009,0.00214884227542209,3.0451236779717853e-06,35.64
11120570,구산동,0,1389798.06,2.71,0.14,49.42,0,3817,18214,9422,6221,1733,27.3,1,0,0.004476189871753913,0.0012469437466242617,7.195289940128458e-07,47.73
11120580,대조동,0,851706.63,8.23,0.0,72.23,0,2348,17650,7371,7897,3175,32.57,6,0,0.009271971969863943,0.00372780942184602,7.044679222386179e-06,19.539999999999992
11120590,응암1동,0,1109881.13,5.68,3.54,49.97,0,4868,19951,7839,8179,2515,58.12,3,0,0.00736925764286695,0.002266008432792564,2.702992166352959e-06,40.81
11120600,응암2동,0,755259.48,0.0,2.11,74.89,0,5323,16139,5882,2969,1257,81.77,2,0,0.0039310992825415305,0.001664328662227923,2.648096519057952e-06,23.0
11120650,신사1동,0,808326.97,0.0,0.0,67.8,0,2997,15674,7801,5376,1735,31.87,2,0,0.006650774005392265,0.0021464086494337015,2.4742462817679557e-06,32.2
11120660,신사2동,0,1046239.37,0.0,0.0,57.53,0,2189,10978,5767,3442,1146,37.29,1,0,0.0032898781088376568,0.001095351630658906,9.558042152346476e-07,42.47
11120670,증산동,0,807742.44,3.3,0.0,60.54,0,2404,10657,5197,4121,1234,56.01,6,0,0.005101873810108308,0.0015277147007215853,7.428110376279993e-06,36.160000000000004
11120680,수색동,0,1289959.17,6.68,0.0,38.83,0,3210,12695,4536,2820,755,90.07,4,0,0.0021861157047150096,0.0005852898429290185,3.1008733400212903e-06,54.49
11120710,진관동,0,11565506.04,1.02,0.52,13.54,0,10417,31126,12839,13796,3028,96.92,2,0,0.0011928574462953694,0.0002618130144521875,1.7292801482971435e-07,84.92
11120720,불광2동,0,1396112.11,1.24,0.86,49.71,0,2246,15607,8885,4616,1734,10.49,3,0,0.0033063247334534874,0.0012420205996118603,2.1488245668025265e-06,48.19
11120730,응암3동,0,752785.25,4.28,0.0,72.52,0,1975,13444,8025,5664,2203,14.83,3,0,0.007524058155927949,0.0029264654162269193,3.9852002944533625e-06,23.200000000000003
11120740,역촌동,0,1157561.37,2.63,1.0,78.51,0,4875,26083,12846,8363,3172,12.82,3,0,0.007224670947621336,0.0027402434827041586,2.5916552484591664e-06,17.86
11130520,천연동,0,982832.72,2.67,12.24,35.11,0,2274,9566,4746,3110,1068,85.34,2,0,0.003164322815756843,0.0010866549090766265,2.0349342866603493e-06,49.980000000000004
11130620,홍제1동,0,1235652.51,0.0,0.0,45.28,0,3208,14494,7000,4828,1478,65.87,2,0,0.003907247353838117,0.0011961291609305586,1.6185780256164526e-06,54.72
11130640,홍제3동,0,1192527.84,0.87,0.0,41.37,0,2105,10072,5513,4003,1415,59.17,1,0,0.0033567350511216846,0.0011865551080032935,8.385548466454371e-07,57.760000000000005
11130650,홍제2동,0,699989.18,0.0,0.0,37.2,0,1524,7519,4140,1994,760,82.34,2,0,0.0028486154599868443,0.0010857310679989976,2.857187021049994e-06,62.8
11130660,홍은1동,0,1615166.85,1.37,0.0,36.68,0,2754,12700,6722,2738,1227,72.92,2,0,0.001695180903436105,0.0007596738380263334,1.2382621646721001e-06,61.95
11130680,홍은2동,0,2075118.74,2.81,2.15,36.46,0,3667,16974,7883,6424,1941,35.24,2,0,0.003095726464293336,0.0009353681611446709,9.638002690826077e-07,58.58
11130690,남가좌1동,0,475544.18,7.54,0.0,69.69,0,3809,9586,3299,2825,926,97.58,1,0,0.005940562662212782,0.0019472428407819595,2.102854039721339e-06,22.769999999999996
11130700,남가좌2동,0,783810.91,1.7,0.0,75.95,0,4682,17371,7028,5530,1785,67.39,0,0,0.007055273063154285,0.0022773349760814464,0.0,22.349999999999994
11130710,북가좌1동,0,577988.94,2.31,0.0,71.41,0,3067,9973,4528,3269,877,79.09,4,0,0.005655817566238278,0.0015173300720682074,6.9205476491138315e-06,26.28
11130720,북가좌2동,0,824857.15,2.53,0.0,78.31,0,3322,17908,9444,4951,2042,18.77,2,0,0.0060022514200670715,0.002475580165578057,2.424662258156765e-06,19.159999999999997
11130730,충현동,0,1116019.72,16.62,1.73,47.94,0,2308,12313,5061,23250,2540,48.4,5,0,0.020832965209424497,0.0022759454465349775,4.480207571919247e-06,33.71000000000001
11130740,북아현동,0,458952.09,8.9,0.0,63.99,0,2248,9743,3450,2760,1017,79.37,5,0,0.00601369959975531,0.0022159175699098367,1.0894383332890054e-05,27.11
11130750,신촌동,0,2720327.74,5.94,0.0,20.73,0,1345,15940,2955,36521,4969,28.93,7,0,0.013425220594877933,0.0018266181412323992,2.5732193577433676e-06,73.33
11130760,연희동,0,2929301.07,2.7,0.18,46.57,0,3333,22326,8331,12974,3139,29.98,4,0,0.004429042863783103,0.0010715866771554773,1.3655134465186075e-06,50.55
11140590,용강동,0,790614.56,12.49,2.23,45.9,0,4036,12837,4373,18811,3282,83.56,6,0,0.023792883348571357,0.004151201060550273,7.589033017459367e-06,39.38
11140600,대흥동,0,848212.58,6.63,0.0,40.46,0,1412,10124,2875,9443,1910,57.2,5,0,0.011132822387388634,0.0022517940018968855,5.894748696065145e-06,52.91
11140610,염리동,0,501840.02,5.58,2.52,65.88,0,2971,10779,3091,5196,1025,72.82,9,0,0.01035389724377992,0.002042483578690227,1.793400215435321e-05,26.02000000000001
11140630,신수동,0,797892.61,0.0,2.76,64.74,0,3232,13945,4915,6817,2068,69.9,4,0,0.008543756283084966,0.002591827489133007,5.0132059751121996e-06,32.5
11140660,서교동,0,1679006.65,12.82,0.0,62.66,0,1637,17804,4620,65165,12668,29.96,9,0,0.03881163901263398,0.007544937359196612,5.360312301292194e-06,24.52000000000001
11140680,합정동,0,1712417.12,1.43,7.57,29.05,0,1359,11255,3724,14003,3760,17.75,4,0,0.008177330065421342,0.002195726704705009,2.3358794730904355e-06,61.95
11140690,망원1동,0,1101022.99,1.14,6.84,37.17,0,1832,12535,4792,6576,2715,21.63,1,0,0.005972627329008156,0.0024658885642118524,9.082462483284908e-07,54.85
11140700,망원2동,0,676421.76,4.52,2.98,49.34,0,2215,11184,4523,4873,1851,42.84,2,0,0.0072040852144200085,0.0027364583894708464,2.9567351588015632e-06,43.16
11140710,연남동,0,647450.36,1.53,0.0,74.4,0,1136,9860,3231,9158,3042,15.54,4,0,0.014144713735055384,0.004698429698846744,6.1780798143941405e-06,24.069999999999993
11140720,성산1동,0,859268.41,10.3,2.24,48.29,0,1967,12229,4370,13021,2510,10.37,3,0,0.015153588620636553,0.0029210895812762268,3.4913421290154103e-06,39.17
11140730,성산2동,0,1978756.33,6.7,10.74,37.16,0,4754,24915,9029,12736,3261,75.67,6,0,0.006436366017808588,0.0016480048354329305,3.0322076088922366e-06,45.400000000000006
11140740,상암동,0,8402553.65,0.0,1.27,7.32,0,5608,17893,6160,48844,3648,90.72,5,0,0.005812994719759018,0.0004341537289673429,5.950571943083099e-07,91.41
11140750,도화동,0,625028.52,8.37,0.7,66.65,0,2723,12367,5550,20594,2893,83.36,5,0,0.032948896475428854,0.004628588788162361,7.999634960529487e-06,24.28
11140760,서강동,0,1478601.04,1.16,2.83,43.71,0,3263,16280,5029,10953,2581,70.13,7,0,0.007407677732950819,0.001745568906121251,4.734204704706996e-06,52.3
11140770,공덕동,0,1019224.92,3.7,1.34,72.55,0,4001,23384,9096,20775,3352,63.75,8,0,0.02038313584384904,0.003288773590786136,7.849101648654263e-06,22.409999999999997
11140780,아현동,0,744347.78,5.76,3.88,66.38,0,4957,18284,5541,14420,2322,96.64,9,0,0.019372664750617344,0.003119509538899686,1.2091122243797233e-05,23.980000000000004
11150510,목1동,0,1433134.56,15.16,19.42,24.15,0,7465,17363,5445,22047,3688,95.24,3,0,0.015383761312577767,0.0025733801297585525,2.093313554575829e-06,41.27
11150520,목2동,0,1021372.28,2.61,17.59,60.49,0,3551,18391,6930,5053,1886,27.35,2,0,0.0049472656531764575,0.0018465353298814167,1.9581498726208023e-06,19.310000000000002
11150530,목3동,0,531858.84,8.89,0.0,72.76,0,2381,13250,5593,4993,1798,30.91,2,0,0.009387829296785069,0.003380596249873734,3.7603962734969233e-06,18.349999999999994
11150540,목4동,0,577502.78,8.94,0.0,69.08,0,3984,15199,5275,4587,1895,37.65,1,0,0.007942818907158459,0.003281369485298731,1.7315933959360059e-06,21.980000000000004
11150570,신월1동,0,622409.85,16.25,0.0,58.53,0,1841,10919,6672,4824,1865,21.49,0,0,0.007750520014942718,0.002996417874765375,0.0,25.22
11150580,신월2동,0,606821.39,15.6,0.0,56.18,0,2991,11662,6120,4424,1286,55.23,4,0,0.007290448347457059,0.0021192397321043803,6.591725449780343e-06,28.22
11150590,신월3동,0,918054.67,5.04,2.54,39.2,0,1565,8011,4710,5029,1183,25.16,0,0,0.005477887280879712,0.0012885942838100416,0.0,53.22
11150600,신월4동,0,469881.05,7.47,0.0,61.06,0,2650,9602,5192,3339,1225,55.56,0,0,0.007106053755368384,0.002607042782367856,0.0,31.47
11150610,신월5동,0,638313.02,12.34,0.0,43.92,0,1823,8154,4010,3740,1112,30.91,0,0,0.005859194286748856,0.0017420919911403016,0.0,43.739999999999995
11150620,신월6동,0,444293.67,6.92,0.0,50.29,0,2650,8066,3156,2854,994,86.89,0,0,0.0064236791848413305,0.0022372589732769037,0.0,42.79
11150630,신월7동,0,1230648.01,6.48,2.02,32.13,0,1856,10315,6493,5395,1338,39.71,0,0,0.004383869275469077,0.0010872320835176319,0.0,59.37
11150640,신정1동,0,747580.56,10.68,3.96,62.2,0,4413,11056,4248,5868,1503,89.97,3,0,0.007849321282406684,0.0020104856658925093,4.012945440903212e-06,23.159999999999997
11150650,신정2동,0,525907.74,17.33,8.62,43.16,0,3950,10557,4267,4036,1456,87.37,2,0,0.007674349877267935,0.002768546437389027,3.802948403006905e-06,30.890000000000015
11150660,신정3동,0,2756581.47,6.22,0.82,20.26,0,8456,28788,12317,8930,2582,89.65,1,0,0.0032395197084335056,0.0009366674005795422,3.627681644382425e-07,72.7
11150690,신정6동,0,940900.23,7.34,5.1,53.18,0,5301,13802,4858,6671,995,100.0,4,0,0.007090018460224098,0.0010574978815654293,4.2512477650871525e-06,34.379999999999995
11150700,신정7동,0,1234150.66,2.52,5.2,40.29,0,4860,15501,7912,7130,1448,98.16,1,0,0.0057772525114091235,0.0011732765268612077,8.102738445174087e-07,51.99
11150710,목5동,0,1766389.8,3.36,13.6,51.96,0,10213,22727,7765,10499,2284,100.0,2,0,0.005943761677032194,0.0012930328288733718,1.1322529149504131e-06,31.08
11150720,신정4동,0,997159.99,29.74,0.0,42.18,0,3163,19589,9000,16820,4149,19.01,5,0,0.01686790501876366,0.004160816761168277,5.0142404930926455e-06,28.08
11160510,염창동,0,1734485.94,15.41,0.0,25.68,0,7798,26080,7481,16080,2956,90.07,4,0,0.009270758343482042,0.0017042513472221963,2.3061587919109557e-06,58.91
11160520,등촌1동,0,650751.62,34.43,0.52,28.45,0,2378,17903,4653,19441,2881,72.36,3,0,0.029874685520877003,0.004427188364057747,4.610053832757112e-06,36.599999999999994
11160530,등촌2동,0,910680.73,6.41,14.23,32.24,0,2376,11804,5170,3858,1108,39.91,1,0,0.00423639138598841,0.001216672279853592,1.0980796749581155e-06,47.12
11160540,등촌3동,0,1060380.03,20.84,5.23,35.59,0,3052,15918,10437,22632,3186,97.97,2,0,0.02134329142334618,0.0030045831775707375,1.8861162445516242e-06,38.339999999999996
11160550,화곡본동,0,972750.88,0.11,3.21,65.99,0,3602,21542,7809,4602,1851,9.27,1,0,0.0047309132220499156,0.0019028510156484993,1.0280124341699078e-06,30.690000000000012
11160570,화곡2동,0,454628.14,6.84,0.0,71.02,0,2092,10475,4486,2582,1132,5.6,3,0,0.005679366877605082,0.002489947058655675,6.598799625412566e-06,22.14
11160580,화곡3동,0,521866.74,9.16,0.0,77.24,0,2563,12315,6230,4628,1554,54.84,2,0,0.008868164313194817,0.0029777716816561683,3.832395986687475e-06,13.600000000000009
11160590,화곡4동,0,852063.14,7.19,0.0,46.35,0,2041,11751,5929,4053,1752,10.51,2,0,0.004756689744791018,0.0020561856483774644,2.347243890841854e-06,46.46
11160610,화곡6동,0,1037928.57,6.84,13.33,40.84,0,2819,16721,6411,13049,2190,41.61,0,0,0.012572156097287387,0.0021099717873445767,0.0,38.989999999999995
11160630,화곡8동,0,593332.24,9.2,0.01,68.55,0,2350,14516,6624,3613,1581,8.3,2,0,0.006089337063394882,0.0026646116515990333,3.3707927281455197e-06,22.24000000000001
11160640,가양1동,0,4970773.28,5.8,0.46,7.72,0,3023,25252,5598,77654,9365,85.29,0,0,0.015622116645771416,0.0018840127023417893,0.0,86.02
11160650,가양2동,0,823888.07,3.43,4.85,24.02,0,815,6515,6128,3368,766,100.0,1,0,0.00408793393495687,0.0009297379436392406,1.2137571065786431e-06,67.7
11160660,가양3동,0,472634.19,2.27,7.57,46.36,0,1026,7837,5253,7209,1006,100.0,2,0,0.015252811058479438,0.002128496036181206,4.231602457616712e-06,43.8
11160670,발산1동,0,2887716.6,11.58,2.41,15.68,0,7198,20542,7913,35989,6432,76.14,3,0,0.012462788072719937,0.002227365386193966,1.0388831092322602e-06,70.33
11160690,공항동,0,10861857.22,0.51,4.81,8.67,0,5075,17823,6563,34783,2480,49.33,12,0,0.0032023068703132865,0.00022832191123183597,1.1047834414443676e-06,86.01
11160700,방화1동,0,1475630.04,3.69,1.48,45.19,0,7404,23936,10659,12672,3289,74.17,9,0,0.008587518318557762,0.0022288784524728913,6.0990897148847745e-06,49.64
11160710,방화2동,0,6157643.3,1.25,1.98,10.57,0,2252,13265,7181,11494,2292,54.1,10,0,0.0018666232258015554,0.0003722203265649178,1.62399793440191e-06,86.2
11160720,방화3동,0,2558951.1,2.1,2.95,15.48,0,2420,11828,7744,4612,1042,91.68,0,0,0.0018023009505660256,0.0004071980898720292,0.0,79.47
11160730,화곡1동,0,1197765.63,8.73,0.0,69.09,0,4174,33650,12950,10246,3869,32.51,3,0,0.00855426115367366,0.0032301811832484277,2.504663621024886e-06,22.179999999999993
11160740,우장산동,0,1261608.82,6.35,3.2,58.05,0,8548,25758,9402,7141,2370,72.11,2,0,0.005660233098198693,0.0018785537659614761,1.5852774396299377e-06,32.400000000000006
11170510,신도림동,0,1392811.21,3.83,2.01,28.24,0,6565,21914,7519,17291,3437,95.21,4,0,0.012414460679043397,0.002467671121038237,2.8718895793287597e-06,65.92
11170520,구로1동,0,1008908.98,0.0,0.0,28.62,0,3467,12505,4538,2888,1023,98.44,2,0,0.0028624980619870936,0.0010139665919019379,1.9823393781074054e-06,71.38
11170540,구로3동,0,1040133.06,5.69,3.18,30.0,0,2277,15891,5126,90351,9883,74.77,4,0,0.08686484784853521,0.009501668949840883,3.845661823268595e-06,61.129999999999995
11170550,구로4동,0,524509.57,5.3,0.0,71.28,0,1481,10727,6445,6628,2347,72.3,3,0,0.012636566383095042,0.004474656201135193,5.7196287189627525e-06,23.42
11170560,구로5동,0,1012489.65,17.18,7.78,44.39,0,2923,18850,7348,24272,4204,77.52,3,0,0.023972590731925283,0.004152141209501231,2.962993251309157e-06,30.650000000000006
11170610,고척1동,0,1151257.3,13.89,0.0,35.16,0,3506,16085,6793,10524,2934,82.52,2,0,0.00914131011365451,0.0025485180419481507,1.7372311124390937e-06,50.95
11170620,고척2동,0,1025588.7,1.6,8.99,53.61,0,3307,14473,8023,4489,1990,54.46,1,0,0.004376998303468272,0.0019403489917357677,9.75049744590838e-07,35.8
11170640,개봉2동,0,782536.63,0.0,6.02,62.68,0,3680,16319,9731,3818,1495,59.67,3,0,0.004879004833232165,0.0019104536997595826,3.833686354032607e-06,31.299999999999997
11170650,개봉3동,0,828431.68,0.0,0.0,45.85,0,2153,10904,6520,8404,1216,29.02,2,0,0.010144469607799831,0.001467833774760185,2.4142002874345148e-06,54.15
11170670,오류1동,0,727426.37,7.21,0.0,51.16,0,2052,14667,5937,5032,1707,59.88,1,0,0.0069175386093451975,0.0023466292540048196,1.374709580553497e-06,41.63
11170690,수궁동,0,2661396.05,0.53,3.79,23.63,0,2939,12713,7068,5938,1494,17.77,2,0,0.002231159845592199,0.0005613595165568786,7.514852965955538e-07,72.05
11170700,가리봉동,0,411005.81,0.0,0.0,82.63,0,401,5517,2848,3895,1056,4.38,3,0,0.009476751678778537,0.0025693067452606253,7.2991668899449576e-06,17.370000000000005
11170710,구로2동,0,1703383.69,14.89,6.46,42.79,0,1786,12515,8138,29446,8862,26.29,5,0,0.01728676878421158,0.005202585918823712,2.935333964581196e-06,35.86
11170720,개봉1동,0,1320340.53,2.67,0.15,47.34,0,4130,19034,9967,5687,2226,54.92,3,0,0.0043072221678728045,0.0016859287050615198,2.272141111942749e-06,49.839999999999996
11170730,오류2동,0,3061068.07,1.79,2.88,26.91,0,6046,20649,10593,7863,2059,70.55,4,0,0.0025687112537730377,0.0006726410366932068,1.3067334369950592e-06,68.42
11170740,항동,0,1446965.1,0.0,0.0,13.94,0,3939,9531,2865,3866,1123,88.11,2,0,0.0026717990641054725,0.0007761071777005809,1.3822033440793961e-06,86.06
11180510,가산동,0,2512893.57,6.16,0.0,14.37,0,1187,19105,4403,183549,25031,50.3,4,0,0.07304288657130416,0.00996102672183621,1.5917904553291853e-06,79.47
11180520,독산1동,0,2061954.43,7.58,8.34,18.35,0,5298,31385,9654,24359,5105,78.67,2,0,0.011813549148068158,0.002475806412450755,9.699535406271322e-07,65.72999999999999
11180530,독산2동,0,617183.74,8.34,0.2,63.47,0,1697,10437,5682,3556,1343,4.67,0,0,0.005761655353950809,0.002176013256568036,0.0,27.99000000000001
11180540,독산3동,0,935000.19,12.95,0.0,51.98,0,1840,14330,7423,6229,2320,22.77,0,0,0.0066620307317086,0.0024812829182154364,0.0,35.07000000000001
11180550,독산4동,0,591055.03,9.67,8.7,53.17,0,1273,8539,4719,2856,1220,10.86,0,0,0.0048320373822919324,0.0020641056044804476,0.0,28.460000000000008
11180570,시흥1동,0,1523382.66,13.93,0.15,41.44,0,3415,19055,9650,15999,3850,47.54,1,0,0.010502285748673927,0.002527270462678581,6.56433886410021e-07,44.480000000000004
11180580,시흥2동,0,1308902.91,0.0,1.86,25.19,0,3157,10996,6417,2379,823,95.21,0,0,0.0018175526861513543,0.0006287708535950251,0.0,72.95
11180590,시흥3동,0,1261411.99,13.63,3.33,21.32,0,1026,5590,3615,8821,3463,11.65,1,0,0.006992957154252252,0.0027453362005640572,7.927624027040303e-07,61.72
11180600,시흥4동,0,821722.67,4.24,3.0,45.82,0,2039,10711,6646,1940,905,26.03,0,0,0.002360893852394739,0.0011013448125862058,0.0,46.94
11180610,시흥5동,0,1386994.22,2.23,0.0,31.36,0,1879,9838,6475,3650,1259,25.48,0,0,0.0026315899138885266,0.0009077182744070287,0.0,66.41
11190540,여의동,0,8437681.44,7.51,17.75,6.26,0,5270,19159,8921,185171,17285,100.0,12,0,0.021945720671789258,0.0020485485406023475,1.4221916394115227e-06,68.48
11190550,당산1동,0,745316.88,32.73,6.7,40.14,0,1867,14205,4944,27681,5679,70.62,4,0,0.03713990752447281,0.0076195778632087395,5.366844770705222e-06,20.430000000000007
11190560,당산2동,0,1581335.82,6.45,10.22,34.95,0,4696,24849,7142,28858,4050,84.1,6,0,0.018249128132579395,0.002561125820810401,3.794260475274668e-06,48.379999999999995
11190610,양평1동,0,974928.18,12.67,1.53,26.43,0,2154,12583,3409,24405,2903,78.54,5,0,0.0250326131713104,0.0029776552360710543,5.128582907459618e-06,59.370000000000005
11190620,양평2동,0,2874643.85,11.06,16.51,11.17,0,2860,15521,4152,22988,3153,63.08,6,0,0.007996816718676308,0.0010968315257519749,2.0872150823063273e-06,61.26
11190630,신길1동,0,722936.51,9.44,1.99,58.4,0,1594,12561,5167,4321,1342,41.5,7,0,0.0059770117294812375,0.0018563179220004214,9.682731336812929e-06,30.17
11190650,신길3동,0,520091.89,13.14,0.0,66.75,0,2044,9244,4710,2808,1155,67.08,1,0,0.005399045926184331,0.002220761411945478,1.922737153199548e-06,20.11
11190660,신길4동,0,322606.88,4.45,0.0,77.24,0,1571,7011,3604,1371,545,71.63,1,0,0.004249754375844379,0.0016893626074654896,3.099747903606403e-06,18.310000000000002
11190670,신길5동,0,494660.84,2.06,7.54,70.71,0,1380,5513,3051,1939,611,53.99,1,0,0.003919857492581788,0.0012351897514014817,2.021587154503243e-06,19.690000000000012
11190680,신길6동,0,618363.64,6.2,0.0,69.86,0,2026,10840,4856,4565,1465,71.62,4,0,0.0073823874895460806,0.0023691561165794105,6.468685642537639e-06,23.939999999999998
11190690,신길7동,0,647180.43,11.24,11.56,50.6,0,3668,12049,4085,3141,850,91.29,8,0,0.004853360599843024,0.00131338952877,1.2361313211952943e-05,26.599999999999994
11190700,대림1동,0,498985.99,7.35,0.0,75.78,0,1441,7767,4523,5072,1257,51.89,3,0,0.010164614040362844,0.002519108802984246,6.01219284721777e-06,16.870000000000005
11190710,대림2동,0,572548.83,11.09,0.0,61.75,0,831,7002,3923,4649,1920,38.24,3,0,0.008119831455980449,0.0033534257680108543,5.23972776251696e-06,27.159999999999997
11190720,대림3동,0,921711.3,13.48,0.0,52.2,0,2129,12431,6999,8768,2685,55.44,4,0,0.009512740052015065,0.002913059653245945,4.339753673364536e-06,34.31999999999999
11190730,영등포본동,0,846384.36,2.73,6.6,58.66,1,2251,12350,6191,4961,1571,57.39,3,5,0.00586140320449847,0.0018561307063630508,3.5444889364030253e-06,32.010000000000005
11190740,영등포동,0,1372116.25,38.08,2.82,22.46,1,1911,23525,5121,45833,14591,69.31,6,5,0.0334031464168331,0.010633938633037587,4.372807333166029e-06,36.64
11190750,도림동,0,585894.19,11.32,0.0,60.53,1,1606,11125,4848,3140,1422,39.72,3,5,0.005359329472009967,0.002427059397833813,5.120378476442644e-06,28.150000000000006
11190760,문래동,0,1786737.86,18.05,11.13,22.7,1,5831,19534,6749,50398,7117,96.02,7,5,0.028206711867468866,0.003983236802269453,3.917754336923729e-06,48.120000000000005
11200520,노량진2동,0,600578.26,21.15,0.0,57.61,0,556,6460,3170,6801,1843,15.46,5,0,0.0113240862229791,0.0030687091470299192,8.325309677237979e-06,21.24000000000001
11200530,상도1동,0,1482881.14,3.15,0.62,61.59,0,5209,28371,10614,9253,2518,60.42,3,0,0.006239879751884633,0.0016980457381655144,2.0230886475363554e-06,34.64
11200540,상도2동,0,778668.57,9.86,0.0,78.63,0,4169,16985,6339,5159,1649,75.82,2,0,0.006625411887285686,0.002117717426271389,2.568486872372819e-06,11.510000000000005
11200550,상도3동,0,637209.87,6.11,0.0,74.81,0,2285,14928,6717,3441,1368,12.88,3,0,0.005400104678143167,0.002146859401249594,4.708025002740338e-06,19.08
11200560,상도4동,0,939577.66,1.98,0.0,72.27,0,2929,16992,7767,3282,1362,15.94,4,0,0.003493058785545273,0.0014495874667619323,4.25723191413196e-06,25.75
11200630,사당1동,0,635182.65,3.36,0.0,75.87,0,1391,15547,5581,10847,2455,11.39,6,0,0.0170769777792722,0.0038650300035137134,9.446101841581377e-06,20.769999999999996
11200650,사당3동,0,907699.14,3.2,0.0,49.99,0,3300,13717,6678,4734,1304,68.73,4,0,0.005215384471938407,0.0014365993560219018,4.4067464908647295e-06,46.809999999999995
11200660,사당4동,0,436154.87,0.0,0.0,67.91,0,1228,8616,3980,1880,871,23.35,2,0,0.004310395525233723,0.0019969970757864747,4.5855271545039605e-06,32.09
11200670,사당5동,0,682209.62,0.0,0.0,39.0,0,1743,8829,3577,1930,797,59.49,2,0,0.0028290424869290317,0.0011682626228406417,2.9316502455223128e-06,61.0
11200680,대방동,0,1544928.38,10.28,6.69,42.1,0,5174,22343,8121,12000,2222,61.08,10,0,0.007767350354404343,0.001438254373957204,6.472791962003619e-06,40.93
11200690,신대방1동,0,675291.7,6.88,2.44,57.02,0,3512,13914,5871,4189,1347,71.82,4,0,0.0062032452049062175,0.0019946935524012117,5.923366154123865e-06,33.66
11200700,신대방2동,0,977393.31,13.63,38.58,32.57,0,3211,13934,4878,17213,1749,62.53,7,0,0.017611129341394704,0.0017894536233137358,7.161907011547256e-06,15.219999999999999
11200710,흑석동,0,1708333.59,0.0,2.01,53.96,0,4509,18182,7270,10586,1696,83.46,3,0,0.00619668199577931,0.0009927803386398741,1.756097297122419e-06,44.03
11200720,노량진1동,0,1613472.12,9.76,3.56,43.75,0,3389,20147,8486,7175,2169,78.08,6,0,0.004446931503195438,0.0013443058439624954,3.718688365041481e-06,42.93
11200730,사당2동,0,2763246.32,1.95,1.89,20.14,0,3460,16558,8132,6229,2118,78.39,6,0,0.0022542326230176463,0.0007664897568713075,2.1713590846212676e-06,76.02
11210520,보라매동,0,749893.17,6.64,0.0,64.3,0,2229,15014,6585,7212,1827,22.46,5,0,0.009617369898040046,0.00243634703323893,6.667616401858046e-06,29.060000000000002
11210540,청림동,0,297159.82,0.0,0.0,62.31,0,2129,8570,4025,1493,695,82.79,0,0,0.005024232414563172,0.002338808793115475,0.0,37.69
11210570,행운동,0,718246.43,3.07,0.0,68.28,0,2080,20486,6299,6632,1960,49.39,2,0,0.009233599671226578,0.0027288684191200383,2.784559611346978e-06,28.650000000000006
11210580,낙성대동,0,2262854.67,2.05,2.46,13.97,0,1294,13159,2825,8617,1832,42.69,2,0,0.0038080218381686525,0.0008095968443222666,8.838393496967976e-07,81.52
11210610,중앙동,0,384734.5,11.15,0.0,65.24,0,859,10978,3344,5124,1576,28.15,2,0,0.01331827532978409,0.004096331366069424,5.1983900584637355e-06,23.61
11210620,인헌동,0,1089095.4,1.33,0.0,40.33,0,2134,17464,5856,4469,1449,18.72,1,0,0.004103405450026661,0.0013304619595186017,9.18193208777503e-07,58.34
11210630,남현동,0,3281077.09,1.04,1.5,13.45,0,1420,11976,4291,6669,1453,39.88,3,0,0.0020325642516310625,0.00044284238380865704,9.143338963702486e-07,84.01
11210640,서원동,0,647542.9,11.55,0.0,61.57,0,1249,16816,4859,8251,1794,18.81,5,0,0.012742012922808018,0.0027704728134186865,7.721496135503585e-06,26.879999999999995
11210650,신원동,0,544985.89,2.94,0.0,65.32,0,1079,11945,4544,2624,1110,17.11,4,0,0.004814803553816507,0.0020367499789391477,7.339639563744675e-06,31.74000000000001
11210660,서림동,0,941267.09,3.27,0.0,47.53,0,1538,16476,5335,2893,1233,33.58,3,0,0.003073516572187035,0.0013099363752183248,3.1871931270518853e-06,49.199999999999996
11210680,신사동,0,641041.84,9.63,0.02,63.64,0,1440,15640,5205,4368,1787,6.57,3,0,0.0068139078097177895,0.0027876495549372,4.679881737443536e-06,26.709999999999994
11210690,신림동,0,541248.63,23.4,3.11,47.84,0,685,19377,2778,5851,2181,30.52,5,0,0.010810189025128616,0.004029571400411128,9.23789867127723e-06,25.650000000000006
11210710,난향동,0,821409.89,2.08,0.0,36.14,0,2213,8387,4130,1917,617,78.61,0,0,0.0023337922069293104,0.0007511475178275349,0.0,61.78
11210720,조원동,0,666617.47,16.34,2.98,51.13,0,1502,13678,4463,6434,2053,44.74,2,0,0.009651712247960563,0.003079727268427578,3.0002214012933056e-06,29.549999999999997
11210730,대학동,0,8405319.65,0.36,0.28,5.84,0,1463,18122,4696,16255,2076,49.59,2,0,0.001933894328454321,0.00024698644268663,2.3794454979444124e-07,93.52
11210780,은천동,0,776224.67,11.35,0.0,66.33,0,4078,19660,8657,7517,2181,56.91,3,0,0.009684051912319611,0.0028097535214539142,3.8648604146546275e-06,22.320000000000007
11210790,성현동,0,678233.66,0.0,4.99,73.23,0,4165,16281,7821,2976,1180,82.98,1,0,0.004387868334278958,0.0017398133852315762,1.4744181230776069e-06,21.78
11210800,청룡동,0,1195623.79,12.05,1.9,42.82,0,2502,26674,6607,12886,2594,55.0,6,0,0.010777637671371713,0.002169578776931416,5.018300948954701e-06,43.23
11210810,난곡동,0,972388.64,2.34,0.0,53.34,0,2434,14759,8141,2790,1181,11.66,0,0,0.0028692231533796074,0.0012145349620578194,0.0,44.31999999999999
11210820,삼성동,0,2604428.79,0.67,0.48,23.69,0,1728,10478,7776,2516,1014,67.27,2,0,0.0009660467622116631,0.00038933681116161623,7.679227044607814e-07,75.16
11210830,미성동,0,1359451.7,5.38,0.75,43.11,0,3338,17390,8830,5347,1848,41.47,0,0,0.003933203364239177,0.0013593715760452586,0.0,50.76
11220510,서초1동,0,1382707.51,13.68,7.43,41.66,0,2982,12668,4515,38516,5279,67.21,3,0,0.027855493458425955,0.0038178717926843552,2.1696562564980235e-06,37.230000000000004
11220520,서초2동,0,1230944.41,21.6,8.31,33.04,0,4295,15981,4404,76349,8269,92.47,4,0,0.06202473432523224,0.006717606362039391,3.249537483148816e-06,37.05
11220530,서초3동,0,2998620.44,19.52,22.63,20.64,0,4237,20577,7202,93255,11147,63.11,5,0,0.031099301117179408,0.00371737611445176,1.6674334414872879e-06,37.21
11220540,서초4동,0,879787.48,21.34,0.63,53.43,0,6586,17588,6110,29297,4180,99.14,7,0,0.033300087425280255,0.004751147402043603,7.956466941221345e-06,24.599999999999994
11220550,잠원동,0,1756895.34,3.36,9.21,42.6,0,5122,16422,5268,17138,3235,88.25,7,0,0.009754707414673006,0.0018413162846579048,3.984301079630706e-06,44.83
11220560,반포본동,0,972551.61,1.64,12.84,42.58,0,44,137,49,949,229,100.0,4,0,0.0009757836913048164,0.0002354630825171791,4.112892271042429e-06,42.94
11220570,반포1동,0,992383.8,5.22,0.0,65.66,0,6966,20891,5951,11439,2510,72.77,9,0,0.011526790340475865,0.0025292633756966885,9.069071865047886e-06,29.120000000000005
11220580,반포2동,0,1396053.87,2.1,9.17,29.16,0,5942,12842,4521,2617,569,100.0,5,0,0.0018745694963628115,0.00040757739527338163,3.581523684300366e-06,59.57
11220590,반포3동,0,1251728.58,5.5,12.18,33.18,0,5158,13886,4728,7367,1410,99.91,6,0,0.005885461207525632,0.001126442283509046,4.793371419187429e-06,49.14
11220600,반포4동,0,1427164.01,20.13,23.74,35.55,0,3522,10729,4222,28826,4063,61.9,8,0,0.020198099025631973,0.002846904750612041,5.605522521510296e-06,20.580000000000013
11220610,방배본동,0,677520.99,7.28,0.09,67.68,0,3931,11863,4620,9270,2240,60.21,3,0,0.01368223292958522,0.003306170632391682,4.427907096953146e-06,24.94999999999999
11220620,방배1동,0,689255.66,7.45,14.93,58.18,0,2232,10050,4230,23145,2676,35.19,2,0,0.03357970248610538,0.0038824490755160076,2.9016809234050876e-06,19.439999999999998
11220630,방배2동,0,1904061.32,2.67,4.9,37.44,0,2442,10560,5047,16664,2634,41.25,8,0,0.008751818980237717,0.0013833588090462162,4.201545357771348e-06,54.99
11220640,방배3동,0,2375172.0,3.1,1.13,25.63,0,2689,8847,4346,12585,1906,83.33,3,0,0.005298563640842437,0.0008024682001943334,1.2630664221316895e-06,70.14
11220650,방배4동,0,949542.25,4.88,11.01,62.44,0,3885,13756,5141,13760,3228,47.9,4,0,0.014491192993102822,0.0033995327748354586,4.21255610264617e-06,21.67
11220660,양재1동,0,5765451.1,3.9,2.93,11.77,0,7160,24082,10746,49549,5382,74.04,4,0,0.008594123710443761,0.0009334915701549642,6.937878633630355e-07,81.4
11220670,양재2동,0,7562389.88,10.96,6.65,4.94,0,2440,14082,4774,51197,7134,12.42,2,0,0.006769949819081835,0.0009433525794349243,2.644666609012964e-07,77.45
11220680,내곡동,0,12709085.01,1.52,4.55,4.82,0,2991,9352,4853,10233,1325,87.19,1,0,0.0008051720475502546,0.00010425612850621396,7.868387057072751e-08,89.11
11230510,신사동,0,2059267.86,6.4,10.34,28.89,0,2347,8997,4098,27934,5847,76.84,4,0,0.013565015286483588,0.002839358644664908,1.9424379303334417e-06,54.37
11230520,논현1동,0,1258764.65,11.13,0.0,63.4,0,1369,15495,4176,49670,8020,31.87,8,0,0.03945932228046395,0.006371326045687959,6.3554374520578135e-06,25.47
11230530,논현2동,0,1458547.67,24.73,4.74,47.98,0,2080,13911,4416,68183,8291,51.1,7,0,0.04674718653489915,0.005684421682249957,4.799294629809396e-06,22.55000000000001
11230580,삼성1동,0,1944660.09,12.41,23.75,20.17,0,1776,7241,3133,71426,7462,70.17,6,0,0.03672929802330273,0.0038371744441783795,3.0853721073532935e-06,43.67
11230590,삼성2동,0,1242291.61,15.32,21.99,44.08,0,5524,19649,5420,48075,5954,72.92,8,0,0.03869864338825649,0.004792755543082249,6.439711848279811e-06,18.61
11230600,대치1동,0,809835.92,9.69,4.8,47.28,0,6873,13070,3946,7798,1377,99.19,6,0,0.00962911104252292,0.001700344435182619,7.40890821430335e-06,38.230000000000004
11230630,대치4동,0,701092.72,31.83,0.0,46.96,0,2807,12811,3020,32608,5484,31.33,3,0,0.04651025330791468,0.007822075231250126,4.279034590399413e-06,21.210000000000008
11230640,역삼1동,0,2362171.48,32.99,4.25,40.38,0,2143,26570,5418,171515,19243,29.24,10,0,0.0726090385272427,0.008146317980233398,4.233392911829444e-06,22.379999999999995
11230650,역삼2동,0,1135047.65,22.17,1.76,51.58,0,7985,23169,5244,42557,5600,76.7,4,0,0.03749358011500668,0.004933713575769848,3.5240811255498916e-06,24.489999999999995
11230660,도곡1동,0,1050626.28,9.25,34.53,30.68,0,3805,12242,4519,19183,2286,86.7,3,0,0.01825863331708913,0.0021758450587950656,2.8554397097048108e-06,25.539999999999992
11230670,도곡2동,0,990779.0,8.55,8.44,43.37,0,7205,18218,7226,21716,2793,95.26,5,0,0.021918106863166073,0.002818993943121332,5.046534090800809e-06,39.64
11230680,개포1동,0,1449975.08,1.95,1.03,38.16,0,2228,6320,3338,1116,254,98.72,3,0,0.0007696684000888507,0.00017517542439298214,2.069001075507663e-06,58.86000000000001
11230710,개포4동,0,1665487.9,11.95,7.0,23.99,0,3689,14201,5313,10653,2827,46.27,1,0,0.006396323863977659,0.0016974005034698998,6.004246563388396e-07,57.06
11230720,일원본동,0,2354662.64,0.0,6.89,17.25,0,5025,12730,5050,10089,707,94.78,1,0,0.004284690226349008,0.0003002553265961689,4.2468928797195044e-07,75.86
11230730,일원1동,0,953486.66,5.07,10.1,27.6,0,1575,8215,4768,5804,1234,58.11,1,0,0.0060871328812708595,0.0012941974458112063,1.048782370997736e-06,57.23
11230740,일원2동,0,1300311.08,1.95,11.64,29.47,0,2624,9388,4820,9337,749,100.0,0,0,0.007180589432436577,0.0005760160099491268,0.0,56.94
11230750,수서동,0,1629429.58,2.08,6.84,15.21,0,1013,6456,6558,17682,1812,99.21,2,0,0.010851650305680275,0.0011120456030931263,1.2274234029725455e-06,75.87
11230760,세곡동,0,6367874.51,1.18,0.24,6.27,0,8709,26701,10121,9536,2437,92.54,4,0,0.0014975169477680279,0.00038270226528006333,6.281530821174614e-07,92.31
11230770,압구정동,0,2345094.88,4.5,3.41,41.99,0,4479,14073,7028,38685,5746,90.71,2,0,0.016496134262949328,0.0024502206921263236,8.528439582757827e-07,50.099999999999994
11230780,청담동,0,2329254.63,10.73,3.42,37.39,0,3864,15262,5503,43007,6336,74.56,4,0,0.018463846522359544,0.0027201834949117597,1.7172875599190404e-06,48.46
11230790,대치2동,0,1837396.61,15.99,6.36,35.41,0,8923,21347,7965,58795,5599,92.44,7,0,0.03199907939292432,0.0030472462883065444,3.809738170770818e-06,42.24
11230800,개포2동,0,2243374.71,1.14,7.31,30.8,0,8770,25034,7880,4240,1294,97.43,8,0,0.0018900097166474252,0.0005768095691843793,3.5660560691460855e-06,60.75
11240510,풍납1동,0,1075311.08,1.26,9.63,30.92,0,1231,6493,4064,2105,724,51.85,3,0,0.001957573058747264,0.0006732935365952585,2.789890345007977e-06,58.19
11240520,풍납2동,0,2564595.77,2.26,8.32,18.53,0,3440,14382,5886,16221,1621,74.07,4,0,0.006324973389446381,0.0006320684214470491,1.5596999912326934e-06,70.89
11240530,거여1동,0,522316.8,4.21,9.18,46.99,0,1339,7002,3686,3457,1081,44.52,2,0,0.006618588565280332,0.0020696251776303265,3.829093760648153e-06,39.62
11240540,거여2동,0,509628.67,8.19,0.0,76.87,0,3522,13578,6461,4829,1257,89.14,2,0,0.00947552656310573,0.0024665017373832893,3.924425994245488e-06,14.939999999999998
11240550,마천1동,0,575267.44,0.0,0.0,60.67,0,2021,9699,6262,2867,1167,44.6,1,0,0.00498376894049516,0.0020286216789528605,1.7383219185542935e-06,39.33
11240560,마천2동,0,890702.3,4.43,0.0,41.0,0,1633,9590,6361,4307,1411,25.26,1,0,0.004835510136160696,0.001584143209222833,1.1227095742188753e-06,54.57
11240570,방이1동,0,609269.2,17.3,6.5,45.36,0,2338,9168,3618,7796,1771,43.14,5,0,0.012795657485840486,0.002906761083558684,8.206553030939256e-06,30.840000000000003
11240580,방이2동,0,769853.37,33.64,1.37,47.14,0,2027,18675,5538,22550,4894,16.55,4,0,0.029291292184259826,0.0063570547206105365,5.195794622485113e-06,17.849999999999994
11240590,오륜동,0,3085137.89,0.72,0.0,11.12,0,3619,9576,4601,5009,780,100.0,7,0,0.0016235903154344143,0.0002528250042002083,2.2689423453864844e-06,88.16
11240600,오금동,0,1648894.59,11.13,1.42,35.57,0,5217,21655,10541,18895,3230,55.63,5,0,0.011459192185162913,0.001958888105746293,3.03233452901903e-06,51.879999999999995
11240610,송파1동,0,686936.38,15.78,0.0,67.04,0,2097,15935,5334,13205,2926,14.47,5,0,0.019223031978314747,0.004259491977928735,7.278694425715542e-06,17.179999999999993
11240620,송파2동,0,631032.88,3.7,0.0,46.32,0,2983,10881,4684,3904,1186,69.79,7,0,0.006186682380065732,0.0018794583255015262,1.1092924349503105e-05,49.98
11240630,석촌동,0,946929.69,26.14,6.82,44.93,0,2813,20809,7144,14722,3546,9.21,4,0,0.015547088823294294,0.003744734205094523,4.224178460343511e-06,22.11
11240640,삼전동,0,953353.62,7.39,1.36,54.95,0,2820,19893,6362,10704,2555,3.96,2,0,0.011227733104834409,0.002680012900116958,2.0978574560602407e-06,36.3
11240650,가락본동,0,1014754.65,23.75,4.02,31.06,0,2967,15709,6511,27038,4737,58.59,8,0,0.026644864351923446,0.004668123471967651,7.883679074465107e-06,41.17
11240660,가락1동,0,1393250.31,34.0,1.17,29.13,0,5719,15857,5892,12851,3808,100.0,3,0,0.009223755349394297,0.0027331772134848243,2.1532383509596832e-06,35.7
11240670,가락2동,0,932326.39,9.06,8.54,55.08,0,5255,18817,7139,11767,3166,61.24,5,0,0.012621116516796,0.003395806483570675,5.362928748532336e-06,27.319999999999993
11240680,문정1동,0,612556.07,11.94,0.0,56.59,0,2439,11969,5113,7514,1783,50.47,5,0,0.012266632179283334,0.0029107539493827767,8.162518085762134e-06,31.47
11240690,문정2동,0,2242068.76,2.62,1.59,15.04,0,2902,19918,5969,97117,11426,100.0,6,0,0.04331579911026763,0.005096186256102618,2.6760999069329343e-06,80.75
11240710,잠실본동,0,1029013.59,20.68,1.56,44.58,0,2449,19326,5975,22363,4282,17.5,3,0,0.02173246322216471,0.004161266713647959,2.9154133911592422e-06,33.18000000000001
11240750,잠실4동,0,780216.16,0.0,0.03,63.2,0,4931,11834,4444,1645,582,100.0,5,0,0.0021083900645930175,0.0007459471231569217,6.408480439492454e-06,36.769999999999996
11240770,잠실6동,0,1508025.59,7.28,11.84,15.3,0,2947,9127,4432,63129,3034,100.0,7,0,0.04186202171780213,0.0020119021985428513,4.64183104475938e-06,65.58
11240780,잠실7동,0,723498.1,0.0,19.26,34.08,0,1435,4931,3053,1213,339,100.0,2,0,0.0016765766212561365,0.00046855686282426236,2.764347273299483e-06,46.66
11240790,잠실2동,0,2686893.95,0.0,27.73,17.12,0,9111,20260,5533,3929,1188,100.0,2,0,0.0014622832434400238,0.0004421462186833159,7.443539035072658e-07,55.15
11240800,잠실3동,0,1542667.75,10.69,2.51,36.25,0,6580,18570,8662,8305,1842,100.0,6,0,0.005383531223716944,0.0011940354622620843,3.889366326586594e-06,50.55
11240810,장지동,0,1278375.5,14.8,0.0,31.97,0,4332,16948,7221,10313,1654,78.18,4,0,0.008067269749709163,0.0012938295516356983,3.1289711043184965e-06,53.230000000000004
11240820,위례동,0,2640695.0,0.46,0.0,2.64,0,12600,26303,6008,6902,1648,99.37,5,0,0.002613705861515193,0.0006240781309442246,1.8934409312628173e-06,96.9
11250530,명일1동,0,634952.36,8.42,0.0,73.86,0,4367,14515,6396,7309,2558,81.9,3,0,0.011511099824693762,0.004028648700446934,4.7247639176469125e-06,17.72
11250540,명일2동,0,914343.46,7.73,0.0,40.32,0,3313,9526,4197,5589,1474,90.0,3,0,0.006112582683031248,0.0016120856816582679,3.281042771353327e-06,51.95
11250550,고덕1동,0,1518519.7,3.33,0.0,31.03,0,6081,13144,4760,2811,999,87.16,2,0,0.0018511449011701913,0.0006578775369153402,1.3170721459766569e-06,65.64
11250560,고덕2동,0,2475353.8,1.38,7.97,17.24,0,4758,13124,4891,5860,1320,82.98,3,0,0.0023673383578445744,0.0005332571044974127,1.211947964766847e-06,73.41
11250580,암사2동,0,2174364.73,1.62,0.0,10.49,0,2127,8986,3761,3514,1052,78.54,1,0,0.0016161042126468998,0.00048381947401950445,4.599044429843198e-07,87.89
11250590,암사3동,0,1799397.05,0.93,0.0,17.27,0,3442,9535,4195,2782,1210,85.25,1,0,0.0015460734472052954,0.0006724474734429933,5.557417135892507e-07,81.8
11250610,천호1동,0,669009.18,4.03,0.0,73.06,0,2646,15157,8168,5465,2066,31.85,3,0,0.00816879672700203,0.0030881489548007673,4.484243400001115e-06,22.909999999999997
11250630,천호3동,0,561881.09,13.48,0.0,74.4,0,2198,16672,7184,9135,2299,55.65,5,0,0.016257888301308417,0.004091613049229124,8.898679967875434e-06,12.11999999999999
11250650,성내1동,0,663685.94,17.99,2.63,49.91,0,2900,11664,4827,19343,2788,49.81,2,0,0.029144809063920436,0.004200782074663195,3.0134735112361513e-06,29.47
11250660,성내2동,0,625157.32,1.91,0.0,79.28,0,1878,14862,6765,6560,2361,38.88,5,0,0.01049335869552814,0.003776649371972856,7.99798681061596e-06,18.810000000000002
11250670,성내3동,0,647366.91,21.04,0.0,54.69,0,2471,13741,6225,9030,2951,40.58,4,0,0.013948813046160349,0.004558465924608991,6.178876210923742e-06,24.27000000000001
11250700,둔촌1동,0,912192.44,4.16,0.0,53.0,0,5,34,13,205,22,0.0,3,0,0.00022473328105827395,2.41177179672294e-05,3.288779722804009e-06,42.84
11250710,둔촌2동,0,1550480.18,3.79,2.7,33.03,0,3369,14256,6672,9432,1830,61.34,3,0,0.006083276730399202,0.0011802795183026443,1.934884456233843e-06,60.48
11250720,암사1동,0,735491.49,3.11,0.0,76.52,0,4032,20083,9614,6285,2332,26.89,2,0,0.008545306214099836,0.0031706689087161203,2.7192700760858665e-06,20.370000000000005
11250730,천호2동,0,1850883.41,9.57,0.0,32.19,0,3076,20476,9234,14701,4229,34.94,3,0,0.007942693699934656,0.0022848548844992627,1.6208476362018888e-06,58.24
11250740,길동,0,1631642.7,13.92,0.3,42.19,0,4622,27129,12924,19527,5177,63.79,3,0,0.011967693662270743,0.0031728760224087487,1.8386378341174901e-06,43.59
11250750,강일동,0,2272204.27,0.0,0.03,12.15,0,6789,18514,8796,4894,1330,99.77,2,0,0.00215385564783683,0.0005853346979205116,8.802025532639272e-07,87.82
11250760,상일1동,0,1804074.54,5.24,0.0,42.41,0,9335,22059,7923,7003,1638,87.88,3,0,0.0038817686546151146,0.0009079447460030784,1.6629024652071033e-06,52.35
11250770,상일2동,0,1116420.44,5.01,0.0,2.36,0,2344,6733,2659,17923,468,98.73,2,0,0.016053987689296927,0.0004191969111527625,1.791439791251122e-06,92.63
23010520,연안동,0,5702041.92,0.0,0.82,0.0,0,422,2674,2337,12289,2357,93.83,0,0,0.002155192854137847,0.0004133606930753442,0.0,99.18
23010530,신포동,0,1589150.25,8.43,3.63,6.66,0,510,2401,1750,10357,1858,38.82,4,0,0.006517319554859477,0.001169178307707725,2.5170684773040364e-06,81.28
23010540,신흥동,0,3540442.82,12.31,0.36,5.93,0,1901,7967,4242,14790,2369,73.39,1,0,0.004177443543618147,0.000669125338392927,2.8245054385518236e-07,81.4
23010560,도원동,0,232955.67,7.25,17.79,48.82,0,289,1730,1650,952,338,10.17,2,0,0.004086614418782482,0.0014509198251559654,8.585324409206897e-06,26.14
23010570,율목동,0,183031.1,8.93,14.84,52.8,0,198,1448,1305,856,218,0.0,2,0,0.004676800827581935,0.0011910544163701658,1.0927104737340971e-05,23.430000000000007
23010580,동인천동,0,626315.51,26.57,0.0,35.34,0,375,2634,2373,3822,1395,14.32,4,0,0.0061023556640629525,0.002227311918201941,6.386557471546784e-06,38.089999999999996
23010630,용유동,0,39144255.64,0.0,0.0,0.0,0,148,1511,1958,2774,982,0.0,4,0,7.086608123324864e-05,2.5086694942700133e-05,1.0218613011283149e-07,100.0
23010640,운서동,0,52833221.33,0.0,0.0,0.0,0,5014,26575,5031,54243,3786,79.07,12,0,0.0010266835645168057,7.165945790720696e-05,2.271298190402756e-07,100.0
23010650,영종동,0,36096066.13,0.0,0.0,0.0,0,3301,14328,5295,4991,1949,56.03,1,0,0.00013826991512104196,5.3994803560591214e-05,2.7703849954125817e-08,100.0
23010660,영종1동,0,5666940.43,0.0,0.0,0.0,0,13868,32264,6528,7659,3298,99.69,0,0,0.0013515229416283957,0.000581971884252572,0.0,100.0
23010670,개항동,0,2875179.71,0.0,0.0,2.01,0,546,3564,2821,4042,865,24.14,2,0,0.0014058251683982362,0.00030085075968938006,6.956086929234221e-07,97.99
23020510,만석동,0,1134326.29,0.0,0.0,8.04,0,806,3345,2277,3267,653,59.02,0,0,0.0028801236723264155,0.0005756721022433882,0.0,91.96000000000001
23020520,화수1·화평동,0,286959.76,1.78,0.0,78.38,0,570,2660,2347,1215,436,33.41,1,0,0.004234043128408176,0.0015193767934040864,3.484809159183684e-06,19.840000000000003
23020530,화수2동,0,593046.36,0.0,0.0,29.93,0,672,3357,3039,3832,331,69.03,1,0,0.0064615521793867595,0.0005581351177914972,1.6862088150800522e-06,70.07
23020550,송현1·2동,0,333430.46,0.0,0.0,85.87,0,1374,5364,3134,1690,785,89.97,1,0,0.005068523133577282,0.0023543139999160747,2.9991261145427705e-06,14.129999999999995
23020570,송현3동,0,2236368.64,2.98,0.75,8.27,0,200,1391,1302,7186,1663,98.42,0,0,0.0032132448431971693,0.0007436162224098098,0.0,88.0
23020580,송림1동,0,196248.51,0.0,0.0,83.2,0,916,4083,1494,794,190,98.8,1,0,0.0040458905902497865,0.0009681602168104022,5.095580088475802e-06,16.799999999999997
23020590,송림2동,0,198269.3,2.34,0.0,77.68,0,84,584,759,1661,305,7.88,0,0,0.008377494649530842,0.0015383117809192695,0.0,19.97999999999999
23020600,송림3·5동,0,520068.26,5.37,0.0,50.08,0,755,3035,1830,1711,382,75.15,1,0,0.0032899527457551443,0.0007345189648617564,1.922824515344912e-06,44.550000000000004
23020610,송림4동,0,799912.22,0.57,12.37,21.02,0,1018,3703,1333,7589,3300,92.49,0,0,0.009487290992885604,0.004125452665242126,0.0,66.03999999999999
23020630,송림6동,0,558669.25,7.17,0.0,31.25,0,909,2950,1917,4314,874,69.69,0,0,0.0077219213334594325,0.0015644319066860325,0.0,61.58
23020640,금창동,0,289380.6,0.0,0.0,68.69,0,179,999,1096,1583,425,0.0,2,0,0.005470304505365242,0.0014686540838788553,6.911313335900495e-06,31.310000000000002
23040510,옥련1동,0,2168209.69,9.35,3.25,24.96,0,2574,10126,5146,6831,2451,65.47,0,0,0.003150525537946699,0.0011304257200274277,0.0,62.44
23040520,선학동,0,2436102.63,2.46,0.0,20.19,0,2010,10180,5675,3789,1194,81.11,4,0,0.0015553531913326847,0.000490127133927481,1.6419669478307572e-06,77.35
23040530,연수1동,0,1638933.05,2.53,0.0,40.54,0,1783,10670,4929,4128,1800,75.39,2,0,0.002518711792391283,0.001098275490868292,1.220306100964769e-06,56.93
23040540,연수2동,0,971087.79,11.71,1.17,32.25,0,2511,11930,5428,10438,2023,94.72,6,0,0.010748770716077598,0.002083230806536212,6.178638081669437e-06,54.87
23040550,연수3동,0,864323.77,2.63,7.77,43.75,0,1720,8391,5049,2718,476,100.0,6,0,0.003144654924818918,0.0005507195526908774,6.941843101145514e-06,45.85
23040560,청학동,0,2389609.79,5.84,0.87,27.87,0,2379,13209,7561,7416,2048,54.2,2,0,0.0031034355613219033,0.0008570436933100402,8.369567317480861e-07,65.42
23040570,동춘1동,0,3822861.77,23.83,2.62,18.75,0,4486,14498,5339,4682,1436,96.35,2,0,0.0012247369331347161,0.0003756348218670338,5.23168275580827e-07,54.8
23040580,동춘2동,0,1280097.15,3.38,4.03,40.61,0,2728,10462,4201,4624,1222,100.0,2,0,0.003612225837674803,0.0009546150462021214,1.562381417679413e-06,51.980000000000004
23040590,동춘3동,0,707819.84,0.0,3.06,54.49,0,3767,10229,3924,4628,905,100.0,1,0,0.006538386943116227,0.0012785739376664185,1.4127888813993575e-06,42.449999999999996
23040600,옥련2동,0,1994192.01,0.65,1.09,26.06,0,3093,11102,5042,3571,1262,82.61,0,0,0.0017907001843729645,0.0006328377576809525,0.0,72.2
23040640,송도1동,0,5839624.81,0.0,0.0,0.0,0,7937,23486,6420,37096,4312,100.0,4,0,0.006352462907618971,0.0007384036030206223,6.849755130061431e-07,100.0
23040650,송도3동,0,22065947.16,0.0,0.0,0.0,0,12085,30874,5599,36076,5890,100.0,2,0,0.001634917356522105,0.00026692713244027053,9.063739641435331e-08,100.0
23040660,송도2동,0,3605251.25,0.0,0.0,0.0,0,10730,21702,4244,13970,3932,100.0,4,0,0.0038749033094326647,0.0010906313394909977,1.1094927156571695e-06,100.0
23040680,송도4동,0,6961280.55,0.0,0.0,0.0,0,8915,20589,3509,11017,2640,99.94,4,0,0.0015826111188672284,0.00037924056946623245,5.746069234336855e-07,100.0
23040690,송도5동,0,6446776.38,0.0,0.0,0.0,0,11724,29426,5034,3943,1601,100.0,1,0,0.0006116235103526089,0.00024834117171557867,1.5511628464433396e-07,100.0
23050510,구월1동,0,1678314.71,9.15,1.09,17.38,0,5327,18571,7313,16141,3742,68.75,2,0,0.009617385764260999,0.0022296175905993838,1.1916716144304563e-06,72.38
23050520,구월2동,0,814586.2,6.04,0.41,65.88,0,7343,20479,7829,4678,1334,84.83,0,0,0.005742793089230548,0.001637641295646334,0.0,27.67
23050530,구월3동,0,1838440.44,28.72,9.23,24.94,0,2800,20484,5605,37329,6312,40.23,6,0,0.020304710007247748,0.0034333448408944193,3.263635780317889e-06,37.11
23050540,구월4동,0,1042121.75,10.89,0.0,26.1,0,1154,7693,4659,5322,1860,8.65,1,0,0.005106888902327325,0.0017848202477130449,9.595807783403468e-07,63.01
23050550,간석1동,0,947035.27,6.56,1.47,53.48,0,1822,9907,5167,6065,1831,61.41,5,0,0.006404196540574416,0.0019334021213176845,5.2796344110258995e-06,38.49
23050560,간석2동,0,594944.72,12.43,0.0,69.01,0,3142,11821,5835,4747,1554,73.23,0,0,0.007978892559833478,0.002612007381078834,0.0,18.560000000000002
23050570,간석3동,0,1650693.51,4.19,0.63,29.75,0,2946,15152,7793,8331,2644,41.46,4,0,0.005046969621846717,0.0016017510119028591,2.4232239211843557e-06,65.43
23050580,간석4동,0,1065724.93,16.1,0.0,44.18,0,3551,16823,7845,7474,2245,63.47,4,0,0.0070130666830979255,0.002106547324532358,3.753313718543177e-06,39.72
23050590,만수1동,0,756880.16,8.97,0.88,38.26,0,1468,8800,5678,7327,1404,61.57,2,0,0.009680528552767449,0.0018549832247967105,2.6424262461491604e-06,51.89
23050600,만수2동,0,852403.03,2.61,0.0,54.92,0,3474,13121,6383,3450,1508,79.94,1,0,0.00404738120177673,0.0017691161890664665,1.1731539715294871e-06,42.47
23050610,만수3동,0,1268216.69,0.14,1.29,22.27,0,2439,9472,4665,2011,907,49.87,0,0,0.0015856911644839993,0.0007151774670248569,0.0,76.3
23050620,만수4동,0,968781.18,0.0,0.0,52.97,0,2550,10836,5897,1701,655,91.33,2,0,0.0017558144554195838,0.0006761072711933142,2.0644496830330203e-06,47.03
23050630,만수5동,0,544223.95,10.67,0.0,65.88,0,1311,8009,5261,4056,1539,23.97,2,0,0.007452814231945272,0.0028278799563520155,3.674957708059799e-06,23.450000000000003
23050640,만수6동,0,1722080.55,4.86,3.06,25.22,0,2829,12652,7214,8863,2032,89.02,2,0,0.005146681437142143,0.001179968033428053,1.1613858596732807e-06,66.86
23050670,남촌도림동,0,9849260.79,0.34,0.75,6.26,0,2507,11372,6191,19596,3241,48.94,3,0,0.001989590936598614,0.0003290602278789604,3.0459138649703216e-07,92.65
23050720,논현1동,0,3817406.29,1.35,0.0,9.03,0,5529,18305,6988,7435,2762,92.45,2,0,0.001947657502282924,0.0007235279114062456,5.23915938744566e-07,89.62
23050730,논현2동,0,3264669.77,0.71,3.12,17.98,0,4638,18931,7844,22643,4264,96.69,6,0,0.006935770413290727,0.0013061045374849472,1.8378581671927023e-06,78.19
23050740,논현고잔동,0,10981448.56,0.74,0.43,2.46,0,8876,24104,7008,66665,9579,94.28,8,0,0.006070692735634805,0.0008722892929520107,7.285013408096968e-07,96.37
23050750,장수서창동,0,11435113.25,0.26,3.8,8.12,0,3203,10336,5439,5349,1468,63.21,3,0,0.000467769744212662,0.00012837651607855446,2.623498284984083e-07,87.82
23050760,서창2동,0,2513830.01,0.0,0.0,1.3,0,8820,21759,7445,7149,2060,98.72,0,0,0.002843867712428002,0.000819466706896305,0.0,98.7
23060510,부평1동,0,1096717.86,12.36,0.0,50.32,0,4134,21882,9025,15012,4446,83.03,6,0,0.013688114826417722,0.004053914103267599,5.470869235178946e-06,37.32
23060520,부평2동,0,2342372.04,1.16,1.4,18.28,0,1724,8603,4318,1868,767,15.84,5,0,0.0007974821967188547,0.0003274458484386304,2.1345883209819452e-06,79.16
23060530,부평3동,0,975771.57,1.92,1.51,42.4,0,1788,8670,4521,3537,1184,43.61,3,0,0.0036248237894077524,0.0012133987465815037,3.0744900673517834e-06,54.17
23060540,부평4동,0,1053722.45,18.85,0.0,51.46,0,3990,21971,8555,20261,4458,45.2,6,0,0.01922802347032439,0.004230715593046055,5.694099048514207e-06,29.689999999999998
23060550,부평5동,0,809166.4,16.81,0.0,55.51,0,4843,21592,7091,12255,3770,55.38,3,0,0.01514521611358127,0.004659115850526429,3.7075192444507397e-06,27.680000000000007
23060560,부평6동,0,706141.51,0.82,0.0,60.85,0,1755,8765,4192,5430,1221,51.52,3,0,0.0076896768183520375,0.001729115174071425,4.2484402311337226e-06,38.33
23060570,산곡1동,0,2298105.96,0.01,0.0,25.6,0,2276,8938,3577,2216,606,91.99,1,0,0.0009642723349407079,0.0002636954128944355,4.351409453703556e-07,74.39
23060580,산곡2동,0,813645.53,1.04,0.0,52.2,0,5401,16917,7286,4413,1469,91.43,1,0,0.005423737779209286,0.0018054545202035898,1.229036433086174e-06,46.76
23060590,산곡3동,0,1639545.0,0.63,0.0,36.43,0,2540,10829,7217,2573,1062,73.66,1,0,0.0015693378345725836,0.0006477406841492747,6.099253146415016e-07,62.94
23060600,산곡4동,0,691874.52,6.66,0.0,39.49,0,2422,9573,4650,2354,948,94.12,0,0,0.0034023510505430616,0.001370190652470188,0.0,53.849999999999994
23060610,청천1동,0,2087001.79,5.67,0.0,27.9,0,2993,10829,3333,6127,1567,57.19,1,0,0.0029357904862988365,0.0007508378802073244,4.791562732656825e-07,66.43
23060620,청천2동,0,2819957.74,3.26,0.0,20.23,0,4869,19889,8695,33854,4465,73.01,4,0,0.01200514444584547,0.0015833570612246715,1.4184609731016093e-06,76.50999999999999
23060630,갈산1동,0,1101058.95,0.8,0.0,41.39,0,1660,9333,4397,9002,2414,40.73,3,0,0.00817576570257046,0.002192434837370039,2.724649756466494e-06,57.81
23060640,갈산2동,0,674153.88,5.22,2.51,49.59,0,2071,9722,5843,2813,1185,96.03,4,0,0.004172637855259802,0.0017577589258737523,5.933363462864986e-06,42.68
23060650,삼산1동,0,1969354.13,6.34,0.0,31.5,0,4960,19194,8522,5536,2041,85.75,0,0,0.0028110739026768585,0.0010363803893358866,0.0,62.16
23060660,부개1동,0,928527.18,0.0,0.0,52.41,0,1648,8627,5573,3771,1321,35.01,1,0,0.004061270451942384,0.0014226831787366452,1.076974397226832e-06,47.59
23060670,부개2동,0,722726.45,1.59,0.0,53.81,0,2775,11326,5010,3402,1250,67.12,1,0,0.00470717516973805,0.0017295617172758857,1.3836493738207085e-06,44.599999999999994
23060680,부개3동,0,870382.5,0.0,0.0,66.66,0,3884,17465,7265,4417,1682,91.69,2,0,0.00507478034076886,0.0019324837068537973,2.2978403173053476e-06,33.34
23060690,일신동,0,4330297.02,2.62,2.23,10.58,0,1647,6458,3634,6281,1313,59.99,2,0,0.0014504778704499805,0.00030321245723624016,4.618620826142272e-07,84.57
23060700,십정1동,0,1741062.94,13.04,0.0,29.27,0,3340,15366,5840,6628,1539,78.26,3,0,0.0038068698423745274,0.0008839427711850328,1.7230853239474325e-06,57.69
23060710,십정2동,0,1090707.91,5.92,0.42,57.61,0,2059,11968,7201,5855,2275,31.46,5,0,0.005368073290993479,0.0020858013214364074,4.584178728431664e-06,36.05
23060720,삼산2동,0,1352571.68,0.0,0.0,4.28,0,5434,16572,5691,10976,2530,98.61,2,0,0.008114911883944554,0.0018705108478844499,1.4786647018849407e-06,95.72
23070510,효성1동,0,2082824.02,0.57,0.0,43.89,0,3565,15463,7595,4903,1557,71.03,1,0,0.002354015487096437,0.0007475427520720279,4.801173744842825e-07,55.54
23070520,효성2동,0,2910609.15,3.23,1.85,15.72,0,3633,15680,8014,7523,1966,66.87,1,0,0.002584682316405881,0.0006754599806000216,3.435706920651178e-07,79.2
23070530,계산1동,0,1457427.38,13.07,3.61,24.32,0,1565,10530,5829,8566,2692,36.83,2,0,0.005877479809622642,0.0018470903160756657,1.3722810669209998e-06,59.0
23070540,계산2동,0,1584017.19,4.74,8.36,21.49,0,1210,8551,4947,5361,1334,46.62,2,0,0.003384432968158733,0.0008421625777884256,1.2626125604024372e-06,65.41
23070550,계산3동,0,522309.07,9.5,0.0,59.42,0,1851,11158,4984,8130,998,90.17,3,0,0.015565496497781179,0.0019107460645492764,5.7437256449377045e-06,31.08
23070560,작전1동,0,832020.0,18.8,0.0,40.65,0,3572,15663,6873,4671,1611,84.6,1,0,0.005614047739169563,0.0019362515323918146,1.2018941852214865e-06,40.55
23070570,작전2동,0,968009.87,23.66,0.0,41.64,0,1876,10599,5836,7843,2094,68.79,2,0,0.008102190114981967,0.002163201083867428,2.066094635976531e-06,34.7
23070580,작전서운동,0,3278707.23,8.11,0.74,13.77,0,5258,20863,7098,17010,3092,81.28,0,0,0.005188020401549582,0.0009430546197290599,0.0,77.38
23070610,계양2동,0,4159040.58,2.91,0.8,14.31,0,3515,19351,9306,6386,2350,54.28,3,0,0.0015354502744439789,0.0005650341598721188,7.213202040920666e-07,81.98
23070620,계산4동,0,850882.36,12.39,8.0,28.61,0,3465,14066,4972,17698,4207,98.45,1,0,0.02079958503287341,0.00494427925377435,1.1752505951448418e-06,51.0
23070630,계양1동,0,17071926.7,0.07,0.45,5.77,0,2475,11169,5726,4482,1351,54.94,3,0,0.00026253627248747357,7.913576620494797e-05,1.7572709001838925e-07,93.71000000000001
23070640,계양3동,0,9818259.34,0.0,2.46,7.49,0,4633,14095,5280,4523,1606,49.86,4,0,0.00046067228857649963,0.00016357278254562423,4.0740419064912636e-07,90.05
23080510,검암경서동,0,15005648.17,0.89,0.43,2.81,0,9826,35429,8859,20557,4855,58.11,5,0,0.0013699508189912665,0.00032354483758343137,3.3320786568839483e-07,95.87
23080530,연희동,0,9453836.13,3.91,7.34,5.44,0,4365,23056,10387,19078,3946,43.0,0,0,0.0020180167857404797,0.0004173966996819338,0.0,83.31
23080540,가정1동,0,2436494.26,6.69,0.0,19.91,0,8565,25205,7456,8056,2774,82.55,0,0,0.0033063898947855255,0.001138521048676148,0.0,73.4
23080550,가정2동,0,1283015.46,3.12,0.1,23.7,0,3140,11099,2671,944,372,99.91,2,0,0.0007357666602027089,0.00028994194660530477,1.5588276699209934e-06,73.08
23080560,가정3동,0,589346.24,0.0,4.37,31.9,0,894,5363,2565,777,304,30.75,1,0,0.0013184100402283316,0.0005158258072450615,1.6967954185692814e-06,63.730000000000004
23080580,석남1동,0,1147173.39,12.75,0.0,40.15,0,2169,11980,6544,5201,2015,44.9,3,0,0.004533752303960487,0.0017564912310094947,2.6151234208578085e-06,47.1
23080590,석남2동,0,2723776.28,16.05,0.0,15.67,0,1238,6677,4154,14365,3433,44.04,3,0,0.005273928004082355,0.0012603825156989018,1.1014120440130223e-06,68.28
23080600,석남3동,0,1450847.43,0.4,0.0,21.79,0,1321,7336,3985,1596,644,33.91,4,0,0.0011000467499115323,0.0004438785131221973,2.7570093982745175e-06,77.81
23080620,가좌1동,0,4345305.47,1.8,0.39,5.85,0,1310,7608,3649,25358,4349,23.98,2,0,0.005835723213250103,0.001000850234814445,4.602668359689331e-07,91.96000000000001
23080630,가좌2동,0,724432.27,5.82,0.0,45.68,0,2603,10617,5325,2778,1055,88.25,2,0,0.003834727020045163,0.001456312817187778,2.7607825918251714e-06,48.5
23080640,가좌3동,0,1941645.91,5.53,0.71,18.02,0,1534,8690,5353,13756,2194,53.42,4,0,0.0070847109295685915,0.001129969161055066,2.0601078597175316e-06,75.74000000000001
23080650,가좌4동,0,1900243.97,7.92,0.64,18.47,0,1547,6833,3473,6817,1212,79.47,1,0,0.0035874340914046556,0.0006378128383133992,5.262482164301974e-07,72.97
23080730,신현원창동,0,10084374.51,0.19,0.08,6.29,0,4814,17224,7700,19682,3809,65.54,2,0,0.0019517323538969281,0.00037771306452562747,1.9832662878741268e-07,93.44
23080740,청라1동,0,2470167.51,0.0,0.12,0.12,0,7372,19431,3505,13310,3836,96.7,0,0,0.005388298544962288,0.0015529311208471327,0.0,99.76
23080780,청라2동,0,4922596.98,0.04,0.0,0.0,0,11924,29224,6390,8636,3277,96.74,0,0,0.0017543585296683087,0.0006657055235899776,0.0,99.96
23080790,청라3동,0,13202934.97,0.0,0.0,0.0,0,9088,22384,3916,9978,2255,83.05,1,0,0.0007557410547476506,0.00017079535763238647,7.574073509196739e-08,100.0
23080800,검단동,0,8029081.32,2.02,0.0,6.83,0,5288,20169,6976,8992,2886,74.61,2,0,0.0011199288737542392,0.0003594433640630265,2.4909450039017777e-07,91.15
23080810,불로대곡동,0,10786442.49,0.15,0.14,5.09,0,4077,13987,5149,4268,1578,89.08,0,0,0.0003956818945591062,0.00014629475857878856,0.0,94.62
23080840,오류왕길동,0,30022641.71,0.36,0.19,2.51,0,4291,14342,5632,33111,5699,81.69,5,0,0.001102867639690757,0.00018982340245228546,1.6654097425187355e-07,96.94
23080850,당하동,0,2339405.81,2.95,0.0,7.52,0,5283,18037,5361,5570,1499,76.91,3,0,0.002380946467759773,0.0006407609973378634,1.2823769126174719e-06,89.53
23080860,마전동,0,1213302.17,8.28,0.0,19.28,0,4307,13213,4140,4629,1545,85.19,2,0,0.0038152078801291915,0.0012733843540288618,1.6483939857978793e-06,72.44
23080870,원당동,0,2619018.12,0.0,0.83,6.91,0,4683,14214,3859,4904,1744,80.34,0,0,0.0018724574536281846,0.000665898409283759,0.0,92.26
23080880,아라동,0,3962497.88,0.0,0.0,8.1,0,18118,41419,6015,6574,2295,99.95,1,0,0.0016590545153763992,0.0005791801205945903,2.523660656185578e-07,91.9
23090520,숭의2동,0,531845.98,6.53,2.52,61.78,0,1746,7804,4250,6864,1747,30.57,1,0,0.012905992069115463,0.0032847855688730642,1.8802435998128586e-06,29.17
23090540,숭의4동,0,793241.04,0.2,0.0,67.16,0,1977,8363,4695,2025,870,17.61,1,0,0.002552817993348493,0.0010967662489941674,1.260650860912836e-06,32.64
23090560,용현2동,0,665530.79,5.89,0.0,68.41,0,2971,11472,5061,3339,1311,85.07,2,0,0.005017048121770338,0.0019698562706321992,3.005120168775285e-06,25.700000000000003
23090570,용현3동,0,431861.75,6.71,0.0,71.1,0,523,3744,2886,2080,852,7.98,1,0,0.004816356160164304,0.0019728535809903783,2.3155558462328384e-06,22.190000000000012
23090590,용현5동,0,1959270.15,1.65,0.0,34.19,0,7909,27283,10706,8584,3075,78.64,2,0,0.004381223283555965,0.001569461975411765,1.020788276690579e-06,64.16
23090600,학익1동,0,5113685.63,1.51,1.45,13.37,0,4908,16793,7694,8761,2116,86.67,1,0,0.0017132457162766317,0.0004137915689580359,1.9555367153026272e-07,83.67
23090610,학익2동,0,836601.32,3.49,14.32,56.15,0,2271,9835,5714,7511,1642,74.35,0,0,0.008977992049917182,0.001962703094922649,0.0,26.039999999999992
23090620,도화1동,0,1003874.58,11.53,0.0,59.44,0,2699,12361,6051,4951,1640,45.75,5,0,0.00493189099374414,0.001633670214045726,4.980701872090629e-06,29.03
23090650,주안1동,0,647972.02,26.83,0.0,52.56,0,1855,13944,4057,11401,2970,61.69,4,0,0.017594895532409026,0.004583531245614841,6.173106054700123e-06,20.61
23090660,주안2동,0,1009098.99,4.44,0.0,70.35,0,2795,12547,6527,3324,1288,38.5,1,0,0.0032940276750916776,0.001276386174945271,9.90983055081732e-07,25.210000000000008
23090670,주안3동,0,459499.22,5.45,1.49,73.06,0,1650,7124,3457,2391,625,45.92,0,0,0.005203490878500219,0.0013601764111512492,0.0,20.0
23090680,주안4동,0,981119.41,4.6,1.31,69.1,0,2291,9879,5532,5832,1525,50.93,2,0,0.005944230580394447,0.0015543469881861337,2.038487853358864e-06,24.99000000000001
23090690,주안5동,0,1164464.91,5.12,1.26,42.17,0,2062,11800,5957,10355,2186,54.71,5,0,0.00889249638266135,0.0018772570828100156,4.293817664249807e-06,51.449999999999996
23090700,주안6동,0,658912.17,23.84,2.73,47.07,0,3150,12261,5619,8499,2192,63.6,4,0,0.012898532440023099,0.0033266952710354902,6.070611808458924e-06,26.36
23090710,주안7동,0,484014.01,5.06,0.0,73.31,0,1135,6024,4449,2939,1275,42.82,0,0,0.00607213828364034,0.002634221269697664,0.0,21.629999999999995
23090720,주안8동,0,776966.42,8.85,0.0,58.11,0,2432,10917,6123,4815,1315,60.52,0,0,0.006197179023435824,0.0016924798371377172,0.0,33.040000000000006
23090730,관교동,0,899767.2,9.4,0.01,40.1,0,1867,7785,4670,5471,1443,82.04,2,0,0.006080461701581471,0.0016037481695086936,2.222797185736235e-06,50.489999999999995
23090740,문학동,0,1713864.7,1.19,16.83,32.53,0,1740,9054,3274,3239,1008,5.85,2,0,0.001889880805632499,0.0005881444433706573,1.166953260656066e-06,49.45
23090750,숭의1·3동,0,717130.91,24.78,10.23,41.18,0,2130,9689,3914,7742,3196,70.04,3,0,0.010795797380832521,0.004456647950031095,4.183336623934069e-06,23.810000000000002
23090760,용현1·4동,0,1259509.97,0.81,2.96,50.45,0,1380,10307,5566,7329,1681,8.55,1,0,0.005818929722280651,0.001334646044911144,7.939595746050826e-07,45.779999999999994
23090770,도화2·3동,0,2875410.76,2.99,0.09,24.25,0,5204,18277,7835,17181,3298,60.41,2,0,0.005975146312640302,0.0011469665641748279,6.955527981654505e-07,72.67
23310110,강화읍,0,25018609.54,0.0,0.0,0.0,0,3342,10644,8313,10028,2922,12.89,0,0,0.000400821635749306,0.00011679306139404389,0.0,100.0
23310310,선원면,0,21417078.74,0.0,0.0,0.0,0,1070,3586,3275,2441,824,41.53,0,0,0.00011397446073912416,3.8473967902105e-05,0.0,100.0
23310320,불은면,0,31632031.28,0.0,0.0,0.0,0,371,1768,2928,2398,545,0.0,0,0,7.580923206520179e-05,1.7229370923909498e-05,0.0,100.0
23310330,길상면,0,35389541.24,0.0,0.0,0.0,0,656,2937,3639,3052,1248,2.45,0,0,8.624016850915069e-05,3.526465606140893e-05,0.0,100.0
23310340,화도면,0,42431956.99,0.0,0.0,0.0,0,320,1614,2618,1699,826,0.0,0,0,4.004057603093832e-05,1.9466460153946467e-05,0.0,100.0
23310350,양도면,0,35640101.54,0.0,0.0,0.0,0,320,1453,2442,1064,389,0.0,0,0,2.9854011465302394e-05,1.091467148496488e-05,0.0,100.0
23310360,내가면,0,29883953.74,0.0,0.0,0.0,0,184,995,1850,956,407,0.0,0,0,3.199041225659722e-05,1.3619349151082706e-05,0.0,100.0
23310370,하점면,0,36393361.27,0.0,0.0,0.0,0,237,1310,2462,915,342,0.73,0,0,2.5141948093538887e-05,9.397318303814535e-06,0.0,100.0
23310380,양사면,0,27303213.38,0.0,0.0,0.0,0,141,583,1189,426,171,0.0,0,0,1.5602559086026672e-05,6.262999069743101e-06,0.0,100.0
23310390,송해면,0,22309485.59,0.0,0.0,0.0,0,267,1141,1844,697,267,0.0,0,0,3.1242316062729425e-05,1.1968003427186164e-05,0.0,100.0
23310400,교동면,0,47056587.79,0.0,0.0,0.0,0,141,869,1745,697,292,0.0,0,0,1.4811953707956093e-05,6.20529481021977e-06,0.0,100.0
23310410,삼산면,0,45623778.95,0.0,0.0,0.0,0,111,677,1312,840,406,0.0,0,0,1.8411451644993906e-05,8.898868295080388e-06,0.0,100.0
23310420,서도면,0,13141759.75,0.0,0.0,0.0,0,24,112,242,118,47,0.0,0,0,8.979010592543378e-06,3.576385574996091e-06,0.0,100.0
23320310,북도면,0,19231663.53,0.0,0.0,0.0,0,71,412,679,625,276,0.0,0,0,3.249848870456372e-05,1.4351332611935338e-05,0.0,100.0
23320320,연평면,0,7294644.65,0.0,0.0,0.0,0,177,1279,629,475,176,20.18,0,0,6.511626306558317e-05,2.412728905166871e-05,0.0,100.0
23320330,백령면,0,51369920.2,0.0,0.0,0.0,0,516,2706,1653,1396,517,10.06,0,0,2.7175436414240883e-05,1.0064255462867146e-05,0.0,100.0
23320340,대청면,0,15844398.63,0.0,0.0,0.0,0,85,589,527,407,141,0.0,0,0,2.5687311301870664e-05,8.899043964530132e-06,0.0,100.0
23320350,덕적면,0,41528404.03,0.0,0.0,0.0,0,134,659,1147,553,191,0.0,0,0,1.33161871474854e-05,4.599261745334016e-06,0.0,100.0
23320360,자월면,0,20195000.04,0.0,0.0,0.0,0,30,358,590,387,211,0.0,0,0,1.916315915985551e-05,1.0448130704727424e-05,0.0,100.0
23320370,영흥면,0,29865381.98,0.0,0.0,0.0,0,631,3087,2858,3805,1101,3.03,0,0,0.0001274050337794717,3.686542501739773e-05,0.0,100.0
31011540,파장동,0,8644987.94,1.74,5.94,9.55,0,3303,14757,6798,12695,2275,55.54,0,0,0.0014684809380989506,0.0002631582618491621,0.0,82.77
31011550,율천동,0,2999227.06,0.49,0.73,25.64,0,5788,27153,7451,11720,2832,69.38,1,0,0.003907673465696499,0.0009442432811307582,3.3341923768741463e-07,73.14
31011560,정자1동,0,1147886.74,3.5,0.03,43.08,0,4825,16609,6127,4087,1372,93.35,0,0,0.0035604557989444108,0.0011952398718257234,0.0,53.39
31011570,정자2동,0,1216123.24,9.9,23.01,44.11,0,6874,23020,7831,9611,2525,75.1,1,0,0.00790298193785111,0.002076269835924883,8.222850835346071e-07,22.97999999999999
31011580,영화동,0,1282446.03,18.9,6.31,40.67,0,1615,10376,6633,8050,2651,14.3,0,0,0.006277067269596701,0.0020671435194659447,0.0,34.120000000000005
31011590,송죽동,0,1676416.56,8.5,2.04,21.94,0,2389,11137,4980,8761,2562,41.03,0,0,0.005226028070223631,0.0015282597780975852,0.0,67.52
31011600,조원1동,0,1635550.71,5.61,16.67,36.07,0,3776,16862,7944,5877,1913,49.53,0,0,0.0035932851020951022,0.0011696366173741587,0.0,41.65
31011610,연무동,0,11575515.7,0.81,0.77,5.31,0,1662,9933,5654,6925,1389,36.19,0,0,0.0005982454846477395,0.00011999465388818919,0.0,93.11
31011620,정자3동,0,1908798.4,0.62,7.56,33.83,0,8369,25119,6153,10069,2454,97.79,1,0,0.00527504633278572,0.0012856255537447767,5.23889793702028e-07,57.99
31011630,조원2동,0,1256580.68,5.07,3.63,20.73,0,2781,10230,4700,3613,894,99.56,0,0,0.0028752630511327355,0.000711454516388781,0.0,70.57
31012520,세류1동,0,786932.52,0.0,0.0,41.59,1,1238,5973,2475,1990,642,69.11,3,5,0.0025288064089341636,0.000815825987203886,3.8122709682424577e-06,58.41
31012530,세류2동,0,4155323.63,0.83,0.09,21.42,0,2285,14187,6424,5728,1998,18.77,1,0,0.0013784726558076091,0.0004808289745641765,2.406551424245128e-07,77.66
31012540,세류3동,0,876849.49,4.82,0.0,70.13,0,1902,10549,5351,5303,1987,26.46,1,0,0.006047788201301825,0.002266067349799496,1.1404465776545021e-06,25.05000000000001
31012550,평동,0,10865513.36,2.44,10.68,11.91,1,6131,24853,9978,40776,5560,78.73,4,5,0.0037527909311744173,0.0005117107508664352,3.6813723083916197e-07,74.97
31012560,서둔동,0,5445639.82,0.67,23.39,16.98,1,4594,23322,9698,12768,3656,32.97,3,5,0.002344628073469713,0.0006713628004860017,5.508994533528461e-07,58.959999999999994
31012570,구운동,0,1942479.62,0.26,0.0,26.48,0,2708,14048,6394,6290,1978,63.79,0,0,0.00323812921134669,0.0010182861017557635,0.0,73.25999999999999
31012600,권선1동,0,1220184.58,25.2,0.0,43.03,0,2290,16749,5138,14568,3339,49.29,3,0,0.011939177267656182,0.0027364712312399776,2.458644412614535e-06,31.769999999999996
31012610,곡선동,0,3598806.36,0.0,0.3,5.1,0,4967,24871,5211,9459,3028,86.72,1,0,0.002628371480363205,0.0008413900880156237,2.7786991017689026e-07,94.6
31012620,입북동,0,6952434.82,0.0,5.22,7.67,0,3441,12470,3737,2641,1102,93.24,0,0,0.0003798669197730359,0.00015850562120025958,0.0,87.11
31012640,권선2동,0,2459441.9,2.87,0.5,20.87,0,9276,28768,8461,7667,2292,97.45,2,0,0.003117373905018381,0.0009319187413984778,8.131926190213593e-07,75.75999999999999
31012650,금곡동,0,4098966.06,0.0,1.53,10.08,0,8585,26795,8647,9852,3107,96.39,0,0,0.0024035329533750676,0.0007579960298554949,0.0,88.39
31012660,호매실동,0,4751722.35,0.0,0.02,6.05,0,10417,26791,7443,8028,2921,92.66,0,0,0.0016894926531183176,0.0006147244693271805,0.0,93.93
31013530,지동,0,793302.54,3.65,6.12,73.19,0,800,5217,3824,5181,1014,13.76,0,0,0.006530925767532133,0.0012782008740161326,0.0,17.040000000000006
31013540,우만1동,0,1305428.0,4.64,32.14,35.06,0,1662,11456,5620,5754,1746,43.79,0,0,0.004407749795435614,0.0013374923779684708,0.0,28.159999999999997
31013550,우만2동,0,806999.14,11.37,33.13,28.35,0,2400,10986,3416,4981,1168,87.0,0,0,0.00617224945238266,0.0014473373540218725,0.0,27.150000000000006
31013560,인계동,0,2921788.54,24.86,9.71,29.04,0,5719,31613,8276,47946,9130,71.39,2,0,0.01640981177913577,0.00312479834696345,6.845122337269332e-07,36.39
31013670,매교동,0,723616.73,13.0,0.91,57.53,0,4121,13911,3422,3702,1292,84.11,1,0,0.005115967951637658,0.0017854755790156279,1.3819470425817554e-06,28.560000000000002
31013680,매산동,0,832111.27,22.29,7.17,33.13,1,777,6129,2972,11681,3091,45.54,2,5,0.014037786076205436,0.0037146474412765177,2.4035247112756503e-06,37.41
31013690,고등동,0,1014081.57,2.07,0.59,66.88,1,2968,12266,4669,2968,1260,65.4,2,5,0.002926786254453606,0.0012425035985887951,1.9722279342679286e-06,30.460000000000008
31013700,화서1동,0,955014.87,9.86,3.64,61.52,0,2943,12087,6184,4875,1915,41.75,0,0,0.005104632559228061,0.0020052043796762536,0.0,24.97999999999999
31013710,화서2동,0,1954307.25,2.25,7.64,23.36,0,3861,15143,5338,5476,1367,94.23,1,0,0.00280201590613348,0.000699480595997894,5.116902677380351e-07,66.75
31013720,행궁동,0,1562074.03,22.63,0.75,33.93,0,565,5274,3594,8073,3009,1.49,0,0,0.00516812893941289,0.0019262851453850345,0.0,42.69
31014510,매탄1동,0,601331.98,3.75,0.0,75.42,0,1829,7355,2520,1827,771,73.29,0,0,0.00303825517473662,0.0012821536615883601,0.0,20.83
31014520,매탄2동,0,608340.8,10.3,1.79,50.24,0,1905,8553,3472,4052,1136,62.91,0,0,0.006660740163956441,0.001867374340141786,0.0,37.67
31014530,매탄3동,0,3184842.52,0.66,0.0,11.4,0,5950,23103,5459,45811,2546,89.87,2,0,0.014384070707476035,0.000799411582834559,6.279745348268336e-07,87.94
31014540,매탄4동,0,745572.01,0.24,0.0,52.64,0,2622,13116,4555,2401,1113,89.29,0,0,0.003220346214402277,0.0014928135512826883,0.0,47.12
31014600,원천동,0,3238978.58,3.2,4.58,15.92,0,9262,29818,6367,24527,4348,90.39,1,0,0.007572448966280065,0.0013423985039093948,3.0873930632690773e-07,76.3
31014620,광교1동,0,7972362.98,0.05,1.84,3.25,0,11212,35845,6015,32061,5300,87.6,2,0,0.004021517846137982,0.0006647966247007674,2.5086665083047826e-07,94.86
31014630,광교2동,0,4145245.92,0.0,1.68,2.68,0,5848,17790,5074,13110,3411,98.42,2,0,0.003162659164976242,0.000822870359399997,4.824804218117836e-07,95.64
31014640,영통1동,0,1688727.53,2.39,3.14,32.16,0,6636,21431,5128,3750,1331,98.78,1,0,0.002220606896825916,0.0007881674079134117,5.921618391535775e-07,62.31
31014650,영통2동,0,1369352.44,3.78,0.28,25.1,0,3767,19084,2542,16848,3206,95.53,3,0,0.012303625792551232,0.002341252628853232,2.1908165585027123e-06,70.84
31014660,영통3동,0,1699302.91,14.37,4.24,32.32,0,5712,21478,4434,16347,4225,94.42,2,0,0.009619826991235954,0.002486313637852322,1.1769532013502116e-06,49.07
31014670,망포1동,0,1027429.72,0.05,0.0,34.97,0,7042,20244,4398,3837,1370,93.61,1,0,0.003734562009713574,0.0013334245382610364,9.733025826722893e-07,64.98
31014680,망포2동,0,1420101.38,1.23,6.34,2.59,0,9202,21052,3208,4411,1376,96.39,1,0,0.003106116268944784,0.0009689449072926826,7.041750779743333e-07,89.84
31021510,신흥1동,0,322852.53,24.03,0.0,62.8,0,958,7502,4205,4156,1366,8.04,2,0,0.012872750292126476,0.004231033902561301,6.194778773881846e-06,13.170000000000002
31021520,신흥2동,0,1141191.37,9.94,7.54,38.09,0,4822,17673,6400,3537,1233,95.33,3,0,0.003099392523419631,0.0010804498109630773,2.6288316568444704e-06,44.42999999999999
31021530,신흥3동,0,321414.37,33.59,0.0,50.56,0,846,6536,3445,4380,1487,8.53,3,0,0.013627268749258868,0.004626426627887657,9.333745718670457e-06,15.849999999999994
31021540,태평1동,0,1342137.62,4.09,1.78,20.37,0,1017,8722,4637,4917,1654,17.19,2,0,0.0036635587339868794,0.0012323624458031928,1.4901601521199428e-06,73.75999999999999
31021550,태평2동,0,482637.62,5.91,9.77,60.9,0,1405,8674,4351,4028,1088,16.38,0,0,0.0083458061141536,0.0022542793078945177,0.0,23.42
31021560,태평3동,0,371412.97,7.05,0.0,64.21,0,1168,7212,4062,2617,1165,17.87,2,0,0.007046065192417862,0.003136670213667103,5.384841568527216e-06,28.74000000000001
31021570,태평4동,0,404584.23,6.58,4.72,57.79,0,1319,7075,3514,2193,731,25.36,0,0,0.005420379335956313,0.0018067931119854377,0.0,30.909999999999997
31021580,수진1동,0,333426.38,12.08,0.0,73.11,0,764,6513,4287,2831,1400,3.1,4,0,0.00849062992530793,0.00419882793904313,1.1996651254408944e-05,14.810000000000002
31021590,수진2동,0,924607.7,13.85,0.0,20.55,0,1449,8456,5110,5155,1390,46.13,3,0,0.005575337518759845,0.0015033402814890755,3.24461931256635e-06,65.6
31021600,단대동,0,803119.52,6.87,5.69,30.97,0,1897,8442,4235,3604,1008,57.08,3,0,0.004487501436841088,0.0012551058402707595,3.735434048424879e-06,56.47
31021610,산성동,0,584996.76,5.53,7.67,36.92,0,599,2653,1471,971,301,0.0,2,0,0.0016598382527510096,0.0005145327642410442,3.4188223537610907e-06,49.879999999999995
31021620,양지동,0,1260366.86,3.85,3.53,11.12,0,1139,5374,2818,1976,588,21.13,1,0,0.001567797490315099,0.0004665308321382987,7.934197825481271e-07,81.5
31021640,신촌동,0,4983271.31,0.0,0.0,6.88,0,879,2864,832,1239,300,61.48,0,0,0.00024863185705165103,6.02014181723126e-05,0.0,93.12
31021650,고등동,0,12322533.77,0.0,0.0,3.55,0,2111,7466,2299,5291,1340,88.68,0,0,0.00042937597889786155,0.00010874386915954158,0.0,96.45
31021660,시흥동,0,12949411.37,0.11,3.93,2.95,0,263,2228,906,16814,1438,21.84,0,0,0.001298437397621033,0.00011104751860229842,0.0,93.01
31021670,복정동,0,3559313.69,1.18,0.92,4.22,0,936,7589,1832,9923,1484,0.0,5,0,0.002787897011677024,0.00041693431072545637,1.4047651978620497e-06,93.68
31021680,위례동,0,3166325.65,0.0,0.61,7.31,0,9186,26773,9028,17883,4511,95.74,4,0,0.005647871374172622,0.0014246797387962142,1.2632939381921652e-06,92.08
31022510,성남동,0,2000825.67,16.89,5.91,19.45,0,2856,20378,9196,14022,4578,41.06,4,0,0.0070081068081908,0.002288055410633111,1.9991746707148197e-06,57.75
31022530,금광1동,0,606187.92,7.91,1.79,53.39,0,3348,12311,3908,2528,893,90.22,1,0,0.004170323948320014,0.0014731405402886757,1.6496534605696259e-06,36.91
31022540,금광2동,0,1094812.06,5.47,1.01,37.42,0,2811,14776,7104,5112,2030,41.36,2,0,0.004669294563628854,0.001854199523506763,1.8267975601051853e-06,56.1
31022550,은행1동,0,273136.46,0.0,0.0,46.49,0,1274,5893,2509,707,331,33.4,1,0,0.002588449744036792,0.0012118484657371684,3.6611736124989983e-06,53.51
31022560,은행2동,0,2407367.88,0.88,1.41,17.52,0,2383,12916,6876,2649,1284,27.17,1,0,0.0011003719132403628,0.000533362603473245,4.153914357268263e-07,80.19
31022570,상대원1동,0,6791300.5,1.08,0.29,7.05,0,2737,14443,7156,46392,6318,54.1,0,0,0.0068310922186305394,0.0009303078254291202,0.0,91.58
31022580,상대원2동,0,514232.54,8.37,0.0,48.75,0,316,1819,1034,4436,852,9.99,0,0,0.008626447482132763,0.001656837974476356,0.0,42.88
31022590,상대원3동,0,305902.58,8.65,0.0,73.66,0,1071,6654,4033,1828,1010,1.58,0,0,0.005975758687423434,0.003301704745239425,0.0,17.689999999999998
31022600,하대원동,0,2339445.8,6.89,0.61,11.57,0,2587,11299,5707,5958,1802,65.09,2,0,0.0025467570139793504,0.0007702678984878801,8.549033279554718e-07,80.93
31022610,도촌동,0,9399368.92,0.3,0.6,2.56,0,4956,15474,6098,9026,2051,93.03,0,0,0.0009602772352923452,0.0002182061388859517,0.0,96.54
31022620,중앙동,0,679222.17,17.38,0.0,44.74,0,2573,10037,4315,1729,932,74.48,3,0,0.0025455588411882144,0.001372157802190524,4.416816959840742e-06,37.879999999999995
31023510,분당동,0,3386618.59,1.25,1.36,19.38,0,4293,14913,5682,3475,893,70.02,0,0,0.0010260972435014418,0.0002636848455961978,0.0,78.01
31023520,수내3동,0,1049864.37,1.52,1.52,24.42,0,3118,8204,2114,2333,734,87.85,0,0,0.0022221918055736834,0.0006991379276858481,0.0,72.53999999999999
31023530,수내1동,0,1022529.66,12.95,7.13,25.35,0,3311,11123,3404,23859,3498,100.0,2,0,0.0233333084927499,0.003420927662837468,1.955933483612046e-06,54.57
31023540,수내2동,0,823351.32,1.12,4.87,23.2,0,2982,5750,1623,1889,695,100.0,2,0,0.002294281862543267,0.0008441111140643571,2.429096731120452e-06,70.81
31023550,정자2동,0,502331.51,0.0,0.0,70.22,0,1907,8973,3734,1381,537,100.0,0,0,0.0027491805162142987,0.0010690151609030257,0.0,29.78
31023560,정자3동,0,1970271.79,3.39,5.48,15.38,0,3295,10260,3342,7681,670,93.45,0,0,0.003898446924401742,0.0003400546073882525,0.0,75.75
31023580,서현1동,0,7490739.68,4.72,1.96,7.51,0,6061,19059,5901,37303,5423,90.68,1,0,0.0049798820401605794,0.000723960547510678,1.334981647631713e-07,85.81
31023590,서현2동,0,780679.23,6.38,0.0,49.53,0,3268,10708,3783,3221,1190,89.11,0,0,0.004125894318923716,0.0015243136415769086,0.0,44.089999999999996
31023600,이매1동,0,2885199.91,3.77,0.88,16.41,0,4818,14769,5258,5363,1299,88.45,3,0,0.0018587966751951728,0.00045022876768199317,1.039789301805989e-06,78.94
31023610,이매2동,0,636016.57,0.0,0.0,49.86,0,2549,7368,3229,2299,740,100.0,2,0,0.0036146856990909113,0.0011634916995768919,3.1445721610186267e-06,50.14
31023620,야탑1동,0,1152104.97,10.13,16.85,28.58,0,2286,10132,4390,25254,3727,96.27,1,0,0.021919877665123516,0.0032349482877134456,8.679764657132936e-07,44.44
31023630,야탑3동,0,5108682.39,2.0,1.1,13.05,0,3487,16195,7156,13664,2619,68.13,3,0,0.0026746622625669347,0.0005126566500045962,5.872355670155741e-07,83.85
31023640,야탑2동,0,623246.83,2.99,0.0,58.5,0,2697,8709,4468,8635,891,97.72,1,0,0.013854863890541493,0.0014296101594061922,1.6045007400742899e-06,38.51
31023670,구미동,0,3758023.76,5.51,2.72,20.84,0,4070,16732,7871,23169,2632,86.16,2,0,0.006165208492438682,0.0007003681104967245,5.321946128394563e-07,70.93
31023680,운중동,0,17585271.72,1.16,0.87,1.71,0,7517,20947,6092,8594,2206,79.48,0,0,0.0004887044190634271,0.00012544588648521297,0.0,96.26
31023710,금곡동,0,5763143.06,1.19,0.18,8.92,0,3797,16026,7260,14262,2668,85.23,4,0,0.002474691301516165,0.0004629418309104704,6.940657135089512e-07,89.71000000000001
31023720,구미1동,0,3546946.85,1.08,0.0,14.55,0,2480,10294,3721,10208,2271,75.48,4,0,0.002877968131936124,0.000640268968223642,1.1277304592226192e-06,84.37
31023740,삼평동,0,2796727.21,0.78,0.55,4.68,0,5053,14477,4409,96004,4677,100.0,2,0,0.03432726640495507,0.0016723118305068004,7.151215867037846e-07,93.99
31023750,판교동,0,4576521.94,2.39,2.53,5.19,0,6499,15721,4292,6261,1474,81.81,0,0,0.0013680694820369023,0.0003220786482227111,0.0,89.89
31023760,백현동,0,1932769.41,0.0,0.0,4.97,0,5002,16272,5574,26195,2420,97.02,2,0,0.013553091157348393,0.001252089352959844,1.0347845892230114e-06,95.03
31023770,정자1동,0,1456921.56,3.47,0.32,4.7,0,5048,19526,5674,34858,4184,100.0,3,0,0.023925790486456072,0.0028718086922752944,2.059136251631425e-06,91.51
31023780,정자동,0,974622.46,15.35,0.0,35.34,0,2171,8988,3125,4832,1646,76.93,3,0,0.004957817204366932,0.001688859089070358,3.078114986154966e-06,49.309999999999995
31030520,의정부2동,0,2320381.05,8.41,2.0,29.06,0,3171,18630,7773,20008,4664,41.04,7,0,0.008622721686127273,0.002010014691328349,3.016745891787831e-06,60.53
31030550,호원1동,0,6227405.2,1.15,0.42,12.54,0,4352,19051,11080,7528,2065,67.67,7,0,0.0012088501965454106,0.0003315987853169863,1.1240636790406316e-06,85.89
31030560,장암동,0,8963288.56,1.12,0.0,6.05,0,2920,10239,5848,3460,932,98.14,7,0,0.00038601903495965765,0.00010397969380994247,7.809633655253189e-07,92.83
31030570,신곡1동,0,2957597.22,2.52,0.65,29.05,0,5135,22868,11416,5211,1932,85.23,3,0,0.001761903197887906,0.0006532329645594769,1.014336901489871e-06,67.78
31030580,신곡2동,0,2436233.75,0.63,0.55,22.74,0,7161,26244,11996,10920,3679,92.8,6,0,0.004482328512177937,0.0015101178201742335,2.4628178638340315e-06,76.08
31030590,송산1동,0,16096788.51,0.06,0.16,7.63,0,10706,35009,11578,15262,3703,91.04,0,0,0.0009481394372864578,0.00023004588758169001,0.0,92.15
31030600,자금동,0,11853900.16,0.77,1.4,6.69,0,3601,14913,7288,13391,2350,69.58,7,0,0.0011296703885844692,0.00019824698776592508,5.90522942281479e-07,91.14
31030640,녹양동,0,3827297.28,0.42,6.92,15.7,0,2884,11393,5875,5173,1411,78.86,1,0,0.0013516065310679197,0.00036866746865200743,2.612809841615928e-07,76.96000000000001
31030650,호원2동,0,4496387.8,0.83,0.0,12.51,0,4742,18372,9906,6004,1995,85.69,4,0,0.001335294077611955,0.000443689487814099,8.896029830859128e-07,86.66
31030670,흥선동,0,6633189.78,0.03,0.0,10.84,0,2610,11038,5720,5153,1406,38.2,4,0,0.0007768509828452747,0.00021196438615960728,6.030281256318841e-07,89.13
31030680,가능동,0,3310318.11,1.77,8.72,21.92,0,2956,13883,7421,6449,2125,37.57,3,0,0.0019481511400668736,0.0006419322643265788,9.062573143434053e-07,67.59
31030690,의정부1동,0,1944041.14,13.77,2.26,47.26,0,3973,25474,9519,19314,6524,68.81,10,0,0.009934974935715943,0.0033558960588490638,5.143924063226646e-06,36.71
31030700,송산2동,0,1449692.05,2.6,0.91,40.37,0,5804,19339,6869,5786,1941,95.22,3,0,0.0039911924742638185,0.0013389050453760927,2.0694050160372373e-06,56.120000000000005
31030710,송산3동,0,9306172.38,0.0,0.0,2.43,0,10624,27092,7740,12952,3703,98.13,2,0,0.0013917644624573439,0.00039790795278563497,2.149111276184904e-07,97.57
31041510,안양1동,0,606692.36,31.53,0.0,25.69,0,1636,7319,2928,7022,2230,95.5,1,2,0.011574235086600165,0.003675668505143601,1.64828184087157e-06,42.78
31041520,안양2동,0,1709180.92,8.67,3.96,26.91,0,2717,13779,6487,6827,2038,56.51,1,2,0.003994310912363834,0.0011923840104581065,5.850755694102584e-07,60.46
31041530,안양3동,0,728205.6,3.32,0.0,43.89,0,1716,8886,5085,4954,1346,37.91,1,2,0.006803023761327804,0.00184837908412338,1.3732385468970133e-06,52.79
31041540,안양4동,0,310155.68,24.89,0.0,44.96,0,603,3855,2280,5280,1708,57.3,1,2,0.017023708867204248,0.005506911883557737,3.2241872854553496e-06,30.150000000000006
31041550,안양5동,0,644161.87,6.18,0.0,52.16,0,1049,5563,3400,4870,978,43.99,0,0,0.007560211534911866,0.0015182519263128964,0.0,41.660000000000004
31041560,안양6동,0,1440984.12,10.59,7.58,20.47,0,3396,16803,6358,10395,2729,64.3,1,0,0.007213819955162213,0.0018938446039093485,6.939701736567785e-07,61.36
31041570,안양7동,0,1054269.24,10.66,0.0,23.58,0,2741,9157,3108,20688,3650,94.4,1,0,0.019623070857880447,0.0034621137196086445,9.485243067420943e-07,65.76
31041580,안양8동,0,1169433.17,2.08,4.15,23.71,0,757,4764,2818,4543,872,14.57,1,0,0.003884788046469686,0.0007456603954482866,8.551151323948241e-07,70.06
31041590,안양9동,0,6529738.06,0.03,0.0,6.4,0,1812,8987,5725,2086,794,59.62,0,0,0.00031946151297787366,0.00012159752699157799,0.0,93.57
31041600,석수1동,0,10369360.64,0.57,0.35,4.9,0,2498,10695,5671,6013,1279,76.71,2,0,0.0005798814612348366,0.00012334415248949876,1.9287592257935692e-07,94.18
31041610,석수2동,0,3313257.13,2.4,0.99,18.38,2,3888,17515,8694,9633,2044,62.37,3,0,0.0029074109319040162,0.0006169155968869313,9.05453420088451e-07,78.23
31041620,석수3동,0,788986.56,1.3,9.04,33.35,0,1755,7161,3619,1674,678,39.08,0,0,0.002121709145436879,0.0008593302273633238,0.0,56.31
31041630,박달1동,0,451171.36,7.21,4.97,64.56,0,1401,7980,4799,3309,1397,41.68,0,0,0.007334242137902232,0.0030963844867480865,0.0,23.25999999999999
31041640,박달2동,0,7427220.98,0.39,0.66,5.4,2,3885,12457,4917,5879,1206,85.06,1,0,0.0007915477425302195,0.00016237567230676045,1.346398609508793e-07,93.55
31042510,비산1동,0,2098510.5,1.28,0.87,20.25,0,5081,17303,6416,3276,995,99.39,1,2,0.0015611072710784097,0.00047414582867002977,4.7652847102515556e-07,77.6
31042520,비산2동,0,476894.19,6.52,0.0,47.45,0,2537,8663,3347,2489,700,98.78,0,0,0.005219187090427351,0.0014678308410201468,0.0,46.03
31042530,비산3동,0,5335692.5,1.32,3.03,8.37,0,1279,6515,3644,5538,1284,54.28,0,0,0.0010379158843935668,0.00024064355282797756,0.0,87.28
31042540,부흥동,0,483614.38,0.87,12.64,52.32,0,3146,9469,3902,5364,1354,100.0,1,0,0.011091481605425143,0.002799751322473088,2.0677631628309363e-06,34.17
31042550,달안동,0,433768.11,5.12,18.41,38.24,0,1023,6440,2489,5628,1062,100.0,1,0,0.012974674417329234,0.0024483127631847275,2.3053792497031335e-06,38.23
31042560,관양1동,0,3239770.22,1.75,0.03,18.49,0,3800,19767,10249,10085,3095,47.99,0,0,0.0031128750853104854,0.0009553146642574073,0.0,79.73
31042570,관양2동,0,1660688.25,4.28,1.05,19.26,0,2295,11479,4601,57742,8060,61.69,0,0,0.034769921446516104,0.004853409422238921,0.0,75.41
31042580,부림동,0,947724.6,4.74,18.5,29.16,0,3842,17213,4792,16927,3615,100.0,2,0,0.01786067387068078,0.0038143992463230947,2.110317701976816e-06,47.599999999999994
31042590,평촌동,0,533385.6,0.0,0.86,49.12,0,2562,8541,2944,11654,1833,95.29,0,0,0.021849108786929212,0.0034365382191900848,0.0,50.02
31042600,평안동,0,831387.37,0.0,17.82,41.6,0,5568,13808,3569,4418,831,100.0,2,0,0.005314009040030113,0.0009995340679640162,2.405617492091495e-06,40.58
31042610,귀인동,0,715438.98,13.59,1.53,47.53,0,4485,9244,2499,5106,1600,94.63,0,0,0.007136876998131457,0.0022363891886036684,0.0,37.35
31042620,호계1동,0,1006107.86,0.0,0.0,40.63,0,4812,13347,3091,22980,5301,96.84,2,0,0.02284049346336644,0.005268818792397976,1.9878584389352864e-06,59.37
31042630,호계2동,0,1661540.89,6.56,0.27,21.85,0,2590,11432,4825,9983,2051,88.87,4,0,0.006008278255457148,0.0012343963439790254,2.407403888793809e-06,71.32
31042640,호계3동,0,849850.45,1.72,0.0,47.98,0,3626,13958,5576,5220,1499,93.38,0,0,0.006142257146464508,0.001763839743783582,0.0,50.300000000000004
31042650,범계동,0,572755.32,10.37,5.32,47.6,0,3110,9254,2962,12289,2649,100.0,1,0,0.021455933398899625,0.004625011601732045,1.7459462445194585e-06,36.71
31042660,신촌동,0,400300.32,4.37,0.0,60.84,0,2241,7276,2869,3139,988,96.42,0,0,0.0078416125171261,0.002468146915234338,0.0,34.78999999999999
31042670,갈산동,0,729835.25,0.0,9.62,41.67,0,2032,5830,2653,1846,679,89.7,0,0,0.0025293379567165424,0.0009303469515766696,0.0,48.71
31050870,심곡동,0,17155775.75,2.45,1.74,15.94,0,5750,36110,17333,24149,7173,26.0,0,0,0.001407630896550156,0.000418109918462639,0.0,79.87
31050880,부천동,0,17155775.75,2.45,1.74,15.94,0,10676,49845,24479,60159,13002,37.91,0,0,0.0035066324529198245,0.0007578788735328638,0.0,79.87
31050890,중동,0,17155775.75,2.45,1.74,15.94,0,5622,23311,10989,20977,4502,58.76,0,0,0.0012227368966388928,0.00026241891160167305,0.0,79.87
31050900,신중동,0,17155775.75,2.45,1.74,15.94,0,18824,78534,30332,53817,12687,93.21,0,0,0.00313696103191187,0.0007395177102377668,0.0,79.87
31050910,상동,0,17155775.75,2.45,1.74,15.94,0,15384,50940,16167,31197,8652,96.4,0,0,0.0018184546391020423,0.0005043199518386662,0.0,79.87
31050920,대산동,0,17155775.75,2.45,1.74,15.94,0,9196,44098,23073,19428,6492,52.59,0,0,0.001132446604752844,0.0003784148321008577,0.0,79.87
31050930,소사본동,0,17155775.75,2.45,1.74,15.94,0,6834,30212,16684,11862,3844,58.92,0,0,0.0006914289492267983,0.00022406448160747027,0.0,79.87
31050940,범안동,0,17155775.75,2.45,1.74,15.94,0,19019,58049,22895,20049,7127,81.15,0,0,0.001168644326677464,0.000415428605727482,0.0,79.87
31050950,성곡동,0,17155775.75,2.45,1.74,15.94,0,9012,45499,23047,14144,5163,34.35,0,0,0.0008244453766535015,0.00030094820981773387,0.0,79.87
31050960,오정동,0,17155775.75,2.45,1.74,15.94,0,9564,46762,21728,52553,12390,39.38,0,0,0.0030632832211023374,0.000722205756273818,0.0,79.87
31060510,광명1동,0,308585.62,2.54,0.0,70.56,0,4,32,14,56,30,66.19,0,0,0.00018147313539167918,9.721775110268528e-05,0.0,26.89999999999999
31060520,광명2동,0,258223.36,4.83,0.0,74.1,0,242,1542,1137,777,291,3.85,1,0,0.0030090228861165383,0.0011269313511710587,3.872616327048312e-06,21.070000000000007
31060530,광명3동,0,319192.97,2.53,0.0,69.35,0,850,5155,3723,3680,1448,0.0,1,0,0.011529075968949785,0.0045364407616954585,3.132901078518963e-06,28.120000000000005
31060540,광명4동,0,289068.66,0.0,0.0,82.9,0,790,4044,2858,2231,843,61.57,1,0,0.0077178895834741175,0.0029162621778882477,3.4593857388947184e-06,17.099999999999994
31060550,광명5동,0,394641.84,0.0,0.0,69.97,0,1632,6684,3687,1942,667,37.9,1,0,0.00492091766030381,0.0016901401026893107,2.5339431824427447e-06,30.03
31060560,광명6동,0,2436247.68,0.71,0.0,19.97,0,2496,7840,3408,4771,1265,73.24,0,0,0.001958339473916058,0.0005192411306861901,0.0,79.32
31060570,광명7동,0,2321173.46,0.52,0.0,18.24,0,3456,12990,5603,3750,1177,68.44,1,0,0.001615562156213799,0.0005070711087636377,4.308165749903464e-07,81.24000000000001
31060580,철산1동,0,568373.17,2.27,0.1,31.87,0,1932,6426,2174,2139,457,99.68,1,0,0.00376337257432888,0.0008040492129351558,1.7594074681294438e-06,65.75999999999999
31060590,철산2동,0,616783.92,0.0,0.0,65.99,0,452,3097,1828,1820,556,2.19,1,0,0.0029507902864434146,0.0009014502193750211,1.6213133441996782e-06,34.010000000000005
31060600,철산3동,0,1332741.69,6.21,6.26,46.87,0,7584,21509,7679,14209,2295,99.29,1,0,0.010661480845469301,0.0017220141136147543,7.503329471088254e-07,40.660000000000004
31060610,철산4동,0,334981.53,0.0,0.0,64.51,0,1612,5960,1817,743,386,99.51,1,0,0.002218032737440239,0.0011523023373511874,2.985239215935719e-06,35.489999999999995
31060620,하안1동,0,3904565.93,1.69,4.3,17.03,0,4855,14586,5877,7667,1702,92.92,0,0,0.0019635985503721185,0.0004358999260119142,0.0,76.97999999999999
31060630,하안2동,0,441554.91,6.28,0.0,55.27,0,1557,8149,3496,2065,669,100.0,0,0,0.004676655050564908,0.0015151003529433045,0.0,38.449999999999996
31060640,하안3동,0,576420.07,7.69,0.0,60.52,0,2637,11039,5413,4943,1533,100.0,1,0,0.008575343325422808,0.0026595187776397257,1.7348459084407864e-06,31.789999999999992
31060650,하안4동,0,430821.96,0.0,2.71,44.58,0,1889,7530,2416,1250,456,100.0,1,0,0.002901430558393508,0.0010584418677019518,2.3211444467148066e-06,52.71
31060660,소하1동,0,3754836.94,0.37,0.0,9.64,0,6261,17372,6578,23983,3052,94.4,2,0,0.0063872280962315574,0.0008128182524996337,5.326462991478596e-07,89.99
31060680,학온동,0,12912992.76,0.66,0.0,4.89,0,126,851,927,6326,1744,0.0,0,0,0.0004898941800378661,0.0001350577695203981,0.0,94.45
31060690,소하2동,0,3899319.9,2.01,0.4,11.44,0,3959,15055,7623,4432,1414,61.21,0,0,0.0011366084634370814,0.0003626273391922457,0.0,86.15
31060700,일직동,0,3449914.18,0.0,0.29,4.58,2,4470,14781,2493,20617,3835,97.23,1,0,0.005976090686389259,0.0011116218548917305,2.8986228289223745e-07,95.13
31070110,팽성읍,0,56841957.48,0.31,0.35,5.93,0,3277,15314,9749,11356,2857,33.65,0,0,0.00019978200089245068,5.026216771307957e-05,0.0,93.41
31070120,안중읍,0,28552059.0,1.06,0.52,6.37,0,8181,26407,8150,13694,3913,75.15,0,0,0.00047961514789512043,0.00013704790957452944,0.0,92.05
31070130,포승읍,0,61908938.41,0.9,0.04,3.86,0,3058,15267,5314,28233,3380,61.64,0,0,0.00045604077093066474,5.459631657087971e-05,0.0,95.2
31070140,청북읍,0,52484366.58,0.11,0.18,3.09,0,6609,15494,4532,23651,3240,76.07,0,0,0.0004506294262682039,6.173266843300412e-05,0.0,96.62
31070310,진위면,0,33968295.13,0.28,0.19,4.25,0,1059,6318,3755,25097,2074,44.31,1,0,0.0007388360205875487,6.105693535875108e-05,2.943921666285009e-08,95.28
31070320,서탄면,0,28554805.47,0.1,0.23,3.82,0,289,1684,1593,12814,1679,0.0,0,0,0.0004487510872192089,5.8799209883022614e-05,0.0,95.85
31070330,고덕면,0,22184075.2,0.14,0.13,6.81,0,1692,7839,3233,8226,1549,65.59,0,0,0.0003708065324263007,6.982486247609285e-05,0.0,92.92
31070340,오성면,0,32509332.4,0.22,0.15,5.29,0,643,3164,2651,4696,898,5.41,0,0,0.00014445082852573607,2.762283731177832e-05,0.0,94.34
31070370,현덕면,0,46399871.38,0.2,0.1,3.93,0,526,2695,2585,1466,573,34.43,0,0,3.1594915166760186e-05,1.2349172162724139e-05,0.0,95.77
31070510,중앙동,0,5341866.85,1.77,1.06,15.44,0,6272,27767,9236,12654,3162,83.24,1,2,0.0023688347829142003,0.0005919278950193378,1.8720047280813976e-07,81.73
31070520,서정동,0,1672522.6,2.45,2.4,59.26,0,2827,14561,6487,7262,2512,36.54,1,0,0.0043419443180956595,0.001501922903753277,5.978992451247122e-07,35.89
31070530,송탄동,0,19553607.39,0.22,0.13,5.02,0,4356,14067,3480,18953,2600,87.35,0,0,0.0009692840621154718,0.0001329677919854496,0.0,94.63
31070550,지산동,0,698334.53,2.37,0.0,56.25,0,1326,8876,2495,2428,833,56.17,1,0,0.003476843684022372,0.0011928380513964727,1.4319784530569902e-06,41.38
31070560,송북동,0,7131737.13,0.64,0.0,11.59,0,3161,12607,5607,5219,1719,64.47,1,0,0.0007317992664141677,0.0002410352441015433,1.4021829208932128e-07,87.77
31070570,신장1동,0,1588391.5,0.0,0.0,22.02,0,1011,4438,1609,1773,569,30.02,0,0,0.0011162235506730158,0.0003582240272605449,0.0,77.98
31070580,신장2동,0,632375.77,0.0,0.0,55.21,0,376,2879,1853,2471,868,18.23,1,0,0.003907486841187678,0.0013726016099356148,1.581338260294487e-06,44.79
31070590,신평동,0,6417828.23,2.74,1.6,14.24,0,2103,12974,5486,16647,5063,56.36,1,4,0.002593868112916768,0.0007888961528021623,1.558159495955288e-07,81.42
31070600,원평동,0,5241974.93,0.25,0.19,11.56,0,1473,8441,3382,4076,1052,69.02,1,4,0.0007775695333194248,0.00020068772057213813,1.907677952206636e-07,88.0
31070610,통복동,0,608915.44,11.79,0.68,37.9,0,253,2081,1484,2828,1248,61.71,1,4,0.004644323027764836,0.002049545664303577,1.6422641540894045e-06,49.63
31070640,세교동,0,7083657.03,1.77,0.17,13.5,0,7248,23901,6483,12931,2514,89.45,1,0,0.001825469520223475,0.0003549014286475768,1.41170019350667e-07,84.56
31070650,비전2동,0,4766524.53,2.92,2.1,23.84,0,12029,35254,10374,11871,3257,86.93,0,0,0.0024904938441542217,0.0006833070887381265,0.0,71.14
31070660,용이동,0,2625417.8,2.97,0.77,6.36,0,6198,16871,2813,4150,1311,72.18,0,0,0.0015807007935971916,0.0004993490940737152,0.0,89.9
31070670,비전1동,0,13005389.09,0.86,0.26,6.74,0,11019,32050,8534,17666,5424,84.98,0,0,0.001358359975063723,0.0004170578798112552,0.0,92.14
31070680,동삭동,0,3027451.57,0.0,0.9,14.08,0,9894,27701,3949,6150,1979,94.25,0,0,0.0020314115214664476,0.000653685105850748,0.0,85.02
31070690,고덕동,0,16609179.77,0.08,0.21,6.76,0,9759,29939,2960,25947,3034,93.44,1,2,0.001562208390738875,0.0001826700681196958,6.020766912316935e-08,92.95
31080510,생연1동,0,1974235.42,0.0,0.0,0.0,0,822,3201,2367,1978,375,45.59,2,0,0.001001906854649574,0.00018994695171566748,1.0130504091502267e-06,100.0
31080520,생연2동,0,751403.38,0.0,0.0,0.0,0,1643,5575,3775,2675,1075,75.44,2,0,0.0035600052796733494,0.0014306563273453648,2.661686190409981e-06,100.0
31080530,중앙동,0,648495.38,0.0,0.0,0.0,0,274,2020,2229,3017,1146,8.86,2,0,0.004652307623152962,0.0017671675625234654,3.0840620637407773e-06,100.0
31080550,보산동,0,13728874.5,0.0,0.0,0.0,0,264,1323,1120,779,384,17.56,2,0,5.6741723438394935e-05,2.797024621353486e-05,1.4567836569549406e-07,100.0
31080560,불현동,0,33814506.09,0.07,0.02,0.26,0,3667,13687,8031,5692,1687,59.77,2,0,0.00016833012390743207,4.988983117214299e-05,5.914621360064373e-08,99.65
31080580,소요동,0,31405818.79,0.0,0.0,0.0,0,829,4131,3579,5431,868,18.5,2,0,0.0001729297375213656,2.763819041954434e-05,6.368246640448005e-08,100.0
31080600,상패동,0,8079781.1,0.0,0.0,0.0,0,449,2485,2052,2717,629,37.42,1,0,0.00033627148636448056,7.784864369645133e-05,1.2376572924714044e-07,100.0
31080610,송내동,0,5519409.76,0.53,0.0,0.0,0,4361,14367,6375,7970,2326,88.58,1,0,0.0014439949825333425,0.0004214218731960546,1.81178793291511e-07,99.47
31091510,일동,0,2453387.95,1.61,7.04,20.78,0,3382,14588,5474,5012,1537,0.11,1,0,0.002042889303332386,0.0006264806183603107,4.075996215746979e-07,70.57
31091540,본오1동,0,6484897.09,0.6,1.14,13.34,0,5288,22723,7578,10390,4547,1.43,1,0,0.0016021842530093225,0.0007011676418126457,1.542044516852091e-07,84.92
31091550,본오2동,0,834377.53,2.59,5.76,55.2,0,3459,15442,6027,5082,2028,53.36,1,0,0.006090768048294747,0.0024305544277728745,1.1984982385467824e-06,36.449999999999996
31091560,본오3동,0,1080047.36,8.08,9.92,33.89,0,2019,11849,4759,5376,1977,62.24,1,0,0.004977559502529799,0.0018304752858075547,9.258853241312872e-07,48.11
31091570,부곡동,0,5700877.98,0.46,3.13,11.05,0,3021,12899,4888,4374,1612,0.24,0,0,0.0007672502402853266,0.0002827634630406828,0.0,85.36
31091580,월피동,0,6072845.6,1.0,1.11,15.45,0,4789,23301,8374,8389,2907,38.79,0,0,0.001381395239158754,0.0004786882775342112,0.0,82.44
31091620,성포동,0,1704147.49,3.43,9.18,28.25,0,3457,15174,6465,4151,1108,96.36,2,0,0.002435822030859337,0.0006501784654763058,1.173607338404884e-06,59.14
31091710,반월동,0,13259427.32,0.0,0.07,6.36,0,1996,9030,5805,9199,1740,62.45,1,0,0.0006937705360862494,0.00013122738697576627,7.54180384918197e-08,93.57
31091730,안산동,0,8374241.71,0.07,0.0,7.02,0,1041,4651,2982,4720,1340,22.73,0,0,0.0005636331220721791,0.00016001448804591525,0.0,92.91
31091740,이동,0,2369742.96,4.37,5.57,16.43,0,2143,15255,5407,11987,3929,10.04,5,0,0.005058354514512163,0.0016579857251621164,2.1099334756453505e-06,73.63
31091760,사동,0,2244415.21,1.7,0.16,31.87,0,3593,19768,6738,7351,2283,31.27,3,0,0.0032752406806079554,0.0010171914669878878,1.3366510735714687e-06,66.27
31091770,사이동,0,3011739.72,1.05,13.53,23.0,0,4998,19455,6658,5545,1867,55.71,1,0,0.0018411285554189882,0.0006199074865585665,3.3203400458412775e-07,62.42
31091780,해양동,0,4806224.34,0.0,5.25,3.6,0,8751,25809,5831,9531,1869,90.3,0,0,0.001983053500157708,0.0003888707367322166,0.0,91.15
31092590,와동,0,3221239.33,1.63,2.28,24.84,0,5506,23482,7709,5241,2348,4.44,0,0,0.0016270135382904722,0.0007289119992188568,0.0,71.25
31092660,초지동,0,25860308.01,0.38,1.94,1.23,0,7381,29423,9034,114603,12691,96.71,10,0,0.004431617750091743,0.0004907520821131586,3.8669299670093654e-07,96.45
31092680,선부1동,0,843508.84,4.73,5.14,40.87,0,2356,10772,3944,3653,1075,88.75,1,0,0.004330719284408084,0.0012744383330793021,1.1855240307714438e-06,49.260000000000005
31092690,선부2동,0,3090406.44,2.93,1.07,16.88,0,1879,9271,3584,6012,2253,45.41,2,0,0.001945375185013058,0.0007290303213297438,6.471640668706115e-07,79.12
31092700,선부3동,0,4813520.95,1.18,0.86,13.59,0,4857,21433,6832,6037,2153,74.96,2,0,0.0012541754908093749,0.0004472817345887998,4.154962699385042e-07,84.37
31092720,대부동,0,60883058.18,0.09,0.34,0.22,0,628,4066,4511,4827,1970,0.0,0,0,7.928313958422132e-05,3.235711310978164e-05,0.0,99.35
31092730,호수동,0,2645303.17,0.0,0.76,10.79,0,7647,27019,8106,28720,9278,96.88,4,0,0.010856978635039186,0.0035073484601634247,1.5121140160221706e-06,88.45
31092740,고잔동,0,1459729.35,5.1,10.37,31.8,0,2386,13349,4661,9280,1475,15.15,2,0,0.006357342886841609,0.0010104612885874324,1.3701170014744847e-06,52.730000000000004
31092750,중앙동,0,1998724.02,11.37,4.77,25.21,0,2997,15961,4591,19681,5482,91.83,2,0,0.009846782148493683,0.002742749846961149,1.0006383972860814e-06,58.65
31092760,원곡동,0,1320370.9,5.21,5.79,33.34,0,517,2990,2106,13552,4980,0.0,2,0,0.010263782699162305,0.003771667491280127,1.5147259001125008e-06,55.66
31092770,신길동,0,6841270.42,1.45,0.27,5.92,0,3404,12826,4992,17726,3270,87.05,5,0,0.0025910392239653773,0.0004779813980800397,7.308584068502136e-07,92.36
31092780,백운동,0,1465715.27,2.71,1.58,30.42,0,3774,15125,5322,3437,1449,86.94,7,0,0.0023449301991488093,0.000988595827339722,4.775825252848899e-06,65.28999999999999
31101510,주교동,0,5520761.04,0.0,0.0,0.0,0,1097,6190,3674,4833,1149,36.44,0,0,0.0008754227841006584,0.0002081234800189647,0.0,100.0
31101520,원신동,0,12901447.01,0.37,0.0,2.23,0,4715,12689,5486,5618,1671,94.25,0,0,0.0004354550304040388,0.0001295203552518955,0.0,97.4
31101530,흥도동,0,11195493.58,0.19,0.03,2.75,0,6158,17754,5669,14397,2946,92.47,0,0,0.0012859638476061847,0.00026314159165435994,0.0,97.03
31101540,성사1동,0,2309005.94,0.0,0.0,0.0,0,2570,12305,6329,7556,2326,75.65,1,0,0.003272403881285501,0.0010073599031061506,4.330868027111568e-07,100.0
31101550,성사2동,0,993602.4,0.0,0.0,0.0,0,1308,5874,3558,2040,648,96.79,1,0,0.002053135137334077,0.0006521723377414128,1.0064387928108222e-06,100.0
31101560,효자동,0,25774227.64,1.24,0.11,3.09,0,5329,14763,3842,4868,1329,91.82,1,0,0.00018887083904090603,5.1563135802252284e-05,3.879844680380157e-08,95.56
31101580,창릉동,0,11302131.13,2.58,0.97,8.25,0,4237,14869,4207,12293,3023,51.32,2,0,0.0010876709762603083,0.000267471679918239,1.7695777698858022e-07,88.2
31101590,고양동,0,23899326.38,1.01,0.36,4.6,0,4295,15613,8522,8150,2278,57.9,0,0,0.00034101379555270085,9.531649402074264e-05,0.0,94.03
31101600,관산동,0,16408160.7,0.0,0.0,0.75,0,4013,18967,12072,8355,2870,19.87,0,0,0.000509197840803382,0.00017491296266974342,0.0,99.25
31101610,능곡동,0,12511678.65,0.45,0.0,3.45,0,2461,10756,4985,4688,1464,72.13,7,0,0.0003746899301954381,0.00011701067785966752,5.59477284848137e-07,96.1
31101620,화정1동,0,2267379.79,0.0,0.0,0.0,0,4569,21582,9848,12168,2939,95.33,3,0,0.005366546907409073,0.0012962098422810047,1.3231131428523357e-06,100.0
31101630,화정2동,0,1982741.57,0.92,0.0,4.82,0,5139,19353,6957,10245,2860,99.92,2,0,0.005167087912494985,0.0014424471868946468,1.008704326499753e-06,94.26
31101640,행주동,1,6392821.17,3.64,8.61,10.02,3,1346,9578,5398,6344,1823,35.01,3,0,0.0009923631259640064,0.00028516361579955605,4.6927638365258816e-07,77.73
31101650,행신1동,0,667785.86,5.63,0.0,52.27,0,2741,12210,5755,3738,1302,93.28,0,0,0.005597602800310903,0.00194972681808582,0.0,42.099999999999994
31101660,행신2동,1,4311403.81,1.52,15.58,12.63,3,4049,18948,7382,8454,2587,96.55,4,0,0.0019608462516018405,0.0006000365806593282,9.277720613209559e-07,70.27
31101670,화전동,0,7274995.9,0.61,0.0,16.07,0,5807,17160,4980,7777,2634,86.89,1,0,0.0010690040388874047,0.00036206205971832633,1.3745712214059466e-07,83.32
31101680,대덕동,0,10768770.68,0.96,1.16,7.42,0,4014,10015,1985,5934,1308,88.57,1,0,0.0005510378274667179,0.00012146233204018653,9.286111012246677e-08,90.46000000000001
31101690,행신3동,0,1960157.94,3.69,0.3,24.46,0,3270,14046,5648,7525,2291,86.67,0,0,0.0038389763632830577,0.00116878336854239,0.0,71.55
31101700,삼송동,0,6816244.16,0.5,0.2,12.31,0,7637,32091,10767,11953,3823,75.47,0,0,0.0017536050234418926,0.0005608660591164022,0.0,86.99
31103510,식사동,0,6850086.62,0.0,0.0,0.0,0,9044,24847,6929,13657,3881,82.58,0,0,0.00199369741692114,0.000566562178741374,0.0,100.0
31103520,중산동,0,2835451.54,0.0,0.0,0.0,0,6525,25772,12265,10424,3539,90.63,0,0,0.003676310405207361,0.0012481257217986236,0.0,100.0
31103530,정발산동,0,1547485.88,0.0,0.0,0.0,0,2755,13174,5988,6873,2594,0.0,3,0,0.004441397552496948,0.0016762673142990082,1.9386283511553683e-06,100.0
31103540,풍산동,0,5685010.51,0.0,0.0,0.0,0,6485,21737,8940,9790,2991,81.28,6,0,0.0017220724540019858,0.0005261203993789519,1.055407019817356e-06,100.0
31103550,백석1동,0,1756936.33,0.0,0.0,0.0,0,4029,18282,6737,14788,3370,86.47,5,0,0.008416924248994173,0.0019181116255822534,2.845862945967735e-06,100.0
31103560,마두1동,0,2212686.44,0.0,0.0,0.0,0,4082,13600,5344,10058,1944,72.71,5,0,0.0045456056575076875,0.0008785700336244724,2.2596965885403097e-06,100.0
31103570,마두2동,0,622647.73,0.0,0.0,0.0,0,3017,8928,3612,4228,1513,100.0,0,0,0.006790356402539357,0.0024299454203032277,0.0,100.0
31103580,장항1동,0,10231101.36,0.0,0.0,0.0,0,2174,6636,2053,11193,2611,93.1,0,0,0.0010940171156694572,0.0002552022414913743,0.0,100.0
31103590,장항2동,0,2409012.13,0.0,0.0,0.0,0,2110,18727,5694,38978,10057,100.0,1,0,0.01618007627044958,0.004174740290725831,4.15107913962994e-07,100.0
31103600,고봉동,0,25045596.17,0.0,0.0,0.0,0,2433,12426,7155,27113,6157,20.56,0,0,0.00108254560266629,0.0002458316407485836,0.0,100.0
31103610,백석2동,0,789408.75,0.0,0.0,0.0,0,1778,13420,4899,11170,3121,87.61,1,0,0.014149830490045243,0.003953591849546213,1.266770858553737e-06,100.0
31104510,일산1동,0,644567.33,0.0,0.0,0.0,0,3727,14928,6995,3208,1328,94.1,2,0,0.0049769820011669385,0.002060296788512997,3.1028566092063207e-06,100.0
31104520,일산2동,0,815472.5,0.0,0.0,0.0,0,2217,11154,5774,4163,1726,81.55,2,0,0.005105015803658554,0.0021165643231118576,2.4525658436985607e-06,100.0
31104530,일산3동,0,1142407.32,0.0,0.0,0.0,0,7422,20079,6435,4465,1737,100.0,2,0,0.003908413331911174,0.0015204734507345376,1.7506890624462148e-06,100.0
31104540,탄현동,0,2180892.8,0.0,0.0,0.0,0,8562,30419,10329,9336,3488,98.34,0,0,0.004280815636585711,0.0015993450021862636,0.0,100.0
31104550,주엽1동,0,935237.87,0.0,0.0,0.0,0,4201,15539,7100,5365,1894,100.0,1,0,0.0057365085098004375,0.002025153237197023,1.0692466933458412e-06,100.0
31104560,주엽2동,0,997720.35,0.0,0.0,0.0,0,4463,15275,7547,7712,2466,100.0,1,0,0.007729620830047923,0.002471634461475386,1.00228485866804e-06,100.0
31104570,대화동,0,3771077.62,0.0,0.0,0.0,0,4449,22031,8096,20149,4308,59.6,1,0,0.005343035076521859,0.001142379031696668,2.651761912016407e-07,100.0
31104580,송포동,0,12758921.39,0.0,0.0,0.0,0,3269,12490,4811,5873,1660,80.84,0,0,0.0004603053675523426,0.00013010504173963713,0.0,100.0
31104590,송산동,0,18076219.47,0.0,0.0,0.0,0,9188,29376,10996,19923,5818,72.47,0,0,0.0011021663038034014,0.0003218593362208598,0.0,100.0
31110510,중앙동,0,6988738.41,0.19,8.05,4.55,0,1797,6396,3150,12774,872,86.88,2,0,0.0018277977011850587,0.0001247721618469838,2.86174683135284e-07,87.21000000000001
31110520,갈현동,0,4374294.82,0.0,0.66,10.86,0,3405,6999,1006,12950,1207,97.65,0,0,0.0029604771815472638,0.000275930189816799,0.0,88.48
31110530,별양동,0,650056.54,12.1,9.53,49.31,0,2732,8508,3418,8023,1214,85.18,2,0,0.012342003358471835,0.0018675298612968723,3.0766554551843038e-06,29.060000000000002
31110540,부림동,0,406096.8,0.0,0.15,67.49,0,2599,8703,3357,1081,431,86.18,2,0,0.0026619269099716638,0.001061323310081209,4.924934153509091e-06,32.36
31110550,과천동,0,10778203.54,1.26,8.22,5.74,0,812,3777,2078,10784,2099,0.0,4,0,0.0010005377946304766,0.00019474488417371756,3.7111936002614114e-07,84.78
31110560,문원동,0,12651238.39,0.12,1.78,1.62,0,992,3967,1890,2448,482,0.0,2,0,0.00019349884371264818,3.8099037038192983e-05,1.5808729061490865e-07,96.48
31120510,갈매동,0,3974578.93,5.19,0.0,12.02,0,6446,17777,5982,8577,3676,97.36,2,0,0.0021579644412743917,0.0009248778461145696,5.031979576249018e-07,82.78999999999999
31120520,동구동,0,7309951.88,5.99,0.0,9.93,0,5472,21628,8774,15004,4070,92.24,3,0,0.0020525442911642636,0.0005567752109463178,4.1039941838794927e-07,84.08
31120530,인창동,0,2214410.61,6.13,0.0,33.51,0,3838,14425,5540,8812,1860,81.09,1,0,0.0039793884477279514,0.0008399526228749421,4.515874316531947e-07,60.36
31120540,교문1동,0,10031711.16,1.3,4.26,6.87,0,1456,8717,4862,10642,2566,19.2,1,0,0.0010608359660934845,0.0002557888638409962,9.968389081878262e-08,87.57
31120550,교문2동,0,1169961.94,1.14,0.0,36.24,0,3749,12306,5142,2524,1089,93.72,0,0,0.002157335135174078,0.0009307995095897666,0.0,62.62
31120560,수택1동,0,1192245.41,7.82,0.21,37.62,0,1631,9133,4379,6497,2491,72.85,1,0,0.005449381432255215,0.002089334946551907,8.387534911890434e-07,54.35
31120570,수택2동,0,630340.28,6.72,0.0,71.03,0,2813,14401,7412,4326,2101,49.65,0,0,0.0068629597967805114,0.003333120326637969,0.0,22.25
31120580,수택3동,0,6672799.15,0.69,3.35,9.84,0,3156,12923,5131,9107,2071,93.61,0,0,0.0013647945630112892,0.0003103645042271198,0.0,86.12
31130110,와부읍,1,50093139.91,1.59,0.13,3.7,0,9516,32276,15794,14360,4784,86.3,3,3,0.0002866659990928314,9.550209886212432e-05,5.98884399219007e-08,94.58
31130120,진접읍,0,66177141.06,0.51,0.14,3.64,0,18001,54356,23653,33698,9325,77.07,2,0,0.0005092090631331802,0.00014090968347429833,3.0221916026659155e-08,95.71
31130130,화도읍,0,71597209.89,1.58,0.24,4.8,0,10474,37325,16914,31030,9081,57.85,0,0,0.00043339677688096105,0.0001268345514294556,0.0,93.38
31130140,진건읍,0,31239928.07,0.87,0.86,4.18,0,2181,11383,7415,15421,4346,57.51,2,0,0.0004936310981715735,0.0001391168376015601,6.40206339629821e-08,94.09
31130150,오남읍,0,25308565.59,0.67,0.11,4.51,0,8576,30520,12633,13388,4458,83.92,1,0,0.0005289908648668978,0.00017614589748854426,3.9512314376075426e-08,94.71
31130160,퇴계원읍,0,3287087.8,4.67,0.41,15.37,0,3490,15148,8823,4106,1618,68.88,2,0,0.0012491300049811596,0.0004922290180369011,6.084413078330051e-07,79.55
31130310,별내면,0,22292034.91,0.58,0.09,3.42,0,2522,10128,5855,4594,1509,86.75,0,0,0.00020608257696281973,6.769233971199282e-05,0.0,95.91
31130340,수동면,0,72905660.18,0.25,0.38,1.91,0,787,3974,4046,7342,1815,0.0,0,0,0.00010070548681504295,2.489518640279256e-05,0.0,97.46
31130350,조안면,0,50983894.55,0.47,0.43,1.57,0,354,1808,1712,1153,393,0.0,1,0,2.2614984794247618e-05,7.708316586417444e-06,1.9614037115566017e-08,97.53
31130510,호평동,0,9216068.32,0.4,0.87,5.45,0,11997,33179,11165,10781,3575,88.84,1,0,0.0011698046960646122,0.00038790945074028275,1.0850614006721197e-07,93.28
31130520,평내동,0,7340493.96,0.15,0.0,7.45,0,7588,22827,7454,8402,2736,93.18,1,0,0.001144609619703107,0.000372726960188967,1.362306141041546e-07,92.4
31130530,금곡동,0,6990313.9,3.69,1.29,9.3,0,1401,9301,7001,7533,1990,50.75,1,0,0.0010776340101106509,0.0002846796336280626,1.4305509227540834e-07,85.72
31130540,양정동,1,12418117.06,1.39,0.5,5.64,0,178,1485,1248,6315,1753,20.14,2,3,0.0005085312023942956,0.00014116471857437849,1.6105501263477292e-07,92.47
31130570,별내동,0,18702183.9,0.7,0.46,4.52,0,15061,48163,17167,23651,7796,93.87,2,0,0.0012646116692279642,0.0004168497134709403,1.06939382624664e-07,94.32
31130580,다산1동,0,5589878.13,2.39,0.0,15.42,0,23705,60630,17456,21438,7012,94.81,1,0,0.0038351462234761905,0.0012544101744106282,1.7889477672712897e-07,82.19
31130590,다산2동,0,5557033.46,1.88,0.93,8.23,0,8091,21724,6369,12268,3185,93.66,1,0,0.00220765271403961,0.0005731475296883076,1.7995212863055185e-07,88.96
31140510,중앙동,0,3681372.39,5.49,6.83,17.79,0,7129,20974,6584,10491,2805,83.8,1,2,0.002849752453315787,0.0007619441074779127,2.716378279778655e-07,69.89
31140520,대원동,0,6052691.83,7.41,0.61,13.8,0,11618,40821,11257,19894,5358,83.33,0,0,0.0032868020640606666,0.0008852259706060647,0.0,78.18
31140530,남촌동,0,5774636.92,0.42,2.12,7.0,0,2647,17235,3558,14972,3169,64.2,1,2,0.0025927171192564043,0.0005487790910314951,1.7317106059687443e-07,90.46000000000001
31140540,신장동,0,6944926.24,1.39,5.89,10.55,0,12680,35544,11342,12602,3753,83.97,0,0,0.0018145621082912833,0.0005403945082064106,0.0,82.17
31140550,세마동,0,13727618.42,0.14,0.13,3.81,0,6729,19844,5190,15543,2888,84.33,2,0,0.0011322430099997402,0.00021037880800870164,1.456916952968848e-07,95.92
31140560,초평동,0,6482070.52,1.01,1.23,7.09,0,2818,10341,3345,5578,1117,96.53,1,2,0.0008605275093476453,0.00017232148224118318,1.5427169403865996e-07,90.67
31150510,대야동,0,9388209.11,1.68,1.48,13.34,0,6228,26075,10174,17353,5420,75.86,3,0,0.0018483823481837119,0.0005773199059042078,3.195497634156132e-07,83.5
31150520,신천동,0,3442063.75,4.88,0.21,28.67,0,3617,20413,9815,12344,4425,41.08,1,0,0.003586220621266569,0.0012855659631484584,2.905233815024765e-07,66.24
31150530,신현동,0,12767073.55,0.0,0.26,6.76,0,908,5136,3219,7938,2463,73.09,1,0,0.0006217556410955102,0.00019291813353719347,7.832648539877932e-08,92.98
31150540,은행동,0,6412636.56,1.04,0.0,11.45,0,12224,33297,9626,12280,3899,89.82,0,0,0.001914968965585795,0.0006080182407833075,0.0,87.51
31150550,매화동,0,11181259.01,0.11,0.14,6.01,0,1485,6578,3486,7160,1969,51.19,1,0,0.0006403572257462262,0.00017609823708021223,8.943536672433327e-08,93.74
31150560,목감동,0,17627489.27,2.78,0.4,5.12,0,8633,24270,8383,10688,3666,89.6,0,0,0.0006063257129978067,0.00020797062723147076,0.0,91.7
31150590,과림동,0,7630524.35,0.15,0.0,8.24,0,85,757,964,7920,2618,6.49,0,0,0.001037936534464977,0.0003430956877814785,0.0,91.61
31150610,정왕2동,0,11686960.93,0.72,3.19,6.39,0,4792,17864,5038,36830,6809,80.95,0,0,0.0031513752994097232,0.000582615107620983,0.0,89.7
31150620,정왕3동,0,6099305.3,1.11,5.26,9.66,0,3184,14211,4526,23004,4683,70.66,0,0,0.0037715770679592454,0.0007677923582530493,0.0,83.97
31150640,정왕본동,0,8283861.52,0.33,0.93,8.51,0,1911,13406,3320,9321,3537,38.11,5,0,0.001125199881418195,0.0004269747860289836,6.035832429021537e-07,90.23
31150650,정왕1동,0,6660101.26,3.11,5.81,11.48,0,2990,15192,3747,42727,8312,80.56,2,0,0.006415367924891858,0.0012480290727572992,3.002957345421798e-07,79.6
31150670,능곡동,0,4334613.29,0.24,0.23,7.23,0,4977,15573,4548,5651,1846,96.9,1,0,0.0013036918455964417,0.0004258742075687544,2.3070108752370228e-07,92.3
31150680,군자동,0,8151557.25,0.25,0.04,8.88,0,3254,12808,5554,4736,1559,50.81,3,0,0.0005809932819884434,0.000191251800384287,3.6802783909740926e-07,90.83
31150690,월곶동,0,8555086.34,0.84,0.0,4.15,0,2759,10750,3792,5704,1790,95.25,2,0,0.0006667378648563507,0.0002092322542238548,2.3377905499872046e-07,95.01
31150700,연성동,0,9255261.31,0.5,0.5,4.45,0,4136,15285,4735,8710,2346,94.83,1,0,0.0009410863408664351,0.00025347744611626367,1.080466522234713e-07,94.55
31150710,장곡동,0,4113993.72,1.29,0.52,6.35,0,10576,28157,6120,6578,1964,98.86,0,0,0.0015989329220424794,0.0004773949922303785,0.0,91.84
31150720,정왕4동,0,1028778.74,3.66,1.27,49.2,0,3555,12983,3464,2803,1105,100.0,2,0,0.002724589740231951,0.0010740890699094921,1.9440526152208e-06,45.87
31150740,배곧1동,0,2590182.55,0.0,0.0,0.0,0,9849,21785,3651,5511,2035,98.87,1,0,0.0021276492654846756,0.0007856589104085129,3.860731746479179e-07,100.0
31150750,배곧2동,0,2429678.3,0.0,0.0,0.0,0,8305,24163,2984,12002,4186,100.0,0,0,0.004939748607850926,0.0017228618290671533,0.0,100.0
31160510,군포1동,0,3305154.08,0.79,0.14,24.07,0,3881,19789,8528,38642,7009,51.33,2,0,0.011691436787686183,0.0021206273082369563,6.051155109821533e-07,75.0
31160520,군포2동,0,3280452.73,0.63,0.0,17.23,0,7273,24932,9811,8251,2485,83.95,2,0,0.0025152016136427754,0.0007575173930314261,6.096719461017514e-07,82.14
31160540,산본1동,0,689678.25,0.0,0.0,62.98,0,1125,8715,5154,7691,2173,50.07,2,0,0.011151576840198288,0.0031507445681642023,2.8999029619550873e-06,37.02
31160550,산본2동,0,1405950.55,0.0,3.01,34.6,0,4230,14633,6694,5373,1467,96.5,0,0,0.0038216137829042303,0.0010434221886321433,0.0,62.39
31160560,금정동,0,1190782.27,1.53,0.87,41.55,0,2099,12216,5183,10857,2670,37.37,2,0,0.009117535819464983,0.0022422235090698633,1.6795681715879127e-06,56.050000000000004
31160570,재궁동,0,853066.3,0.0,17.28,38.84,0,1959,10493,5099,5762,1220,83.53,0,0,0.006754457420170572,0.0014301350316917908,0.0,43.879999999999995
31160580,오금동,0,1088735.61,0.0,0.36,31.6,0,3156,12590,4744,1829,660,100.0,2,0,0.0016799303551605154,0.0006062077826166978,1.8369932806566599e-06,68.03999999999999
31160590,수리동,0,2993526.66,0.78,0.8,9.5,0,2058,8805,4607,1593,556,100.0,2,0,0.0005321482588682469,0.00018573410667341197,6.68108297386374e-07,88.92
31160600,궁내동,0,1690097.26,0.94,0.66,20.95,0,4168,11644,4086,2003,720,100.0,0,0,0.001185138895490635,0.0004260109858977819,0.0,77.45
31160610,광정동,0,1490081.07,7.44,2.8,27.94,0,3646,14268,5870,13012,3456,97.68,2,0,0.008732410780785689,0.0023193368935133215,1.3422088504128019e-06,61.82
31160630,대야동,0,12859511.2,0.14,0.0,4.74,0,1380,5236,2683,2494,778,63.19,1,0,0.00019394205278953843,6.049996674830028e-05,7.776345340398493e-08,95.12
31160640,송부동,0,5557320.79,5.4,0.5,5.12,0,4371,12133,3970,14020,1878,94.74,2,0,0.0025227984004815335,0.0003379326245438174,3.598856491414456e-07,88.98
31170510,고천동,0,8880079.7,0.54,0.99,5.85,0,1894,8297,3350,10239,1584,90.57,0,0,0.001153030191833579,0.00017837677740642534,0.0,92.62
31170520,부곡동,0,11217354.69,0.44,3.58,9.02,0,4373,17034,7557,16683,2660,68.47,2,0,0.0014872490405298156,0.0002371325569627351,1.7829515561107903e-07,86.96000000000001
31170530,오전동,0,6743586.89,0.71,0.12,12.59,0,5936,21261,9993,9780,2408,95.28,0,0,0.0014502667733825995,0.00035707999900872183,0.0,86.58
31170540,내손1동,0,1996246.31,0.0,0.0,7.61,0,3017,11787,5330,4562,1481,95.23,0,0,0.002285289133472285,0.0007418924170698058,0.0,92.39
31170550,내손2동,0,1410789.89,0.41,7.34,41.67,0,3972,12887,4843,2810,1080,90.74,0,0,0.001991791988231559,0.0007655285933416667,0.0,50.58
31170560,청계동,0,23656370.72,0.22,0.75,2.51,0,5830,22085,9424,17565,3434,81.87,0,0,0.0007425061184530075,0.00014516174271378467,0.0,96.52
31180510,천현동,0,34537733.76,0.82,0.51,2.95,0,555,3434,2418,11390,2282,0.0,2,0,0.0003297842319112458,6.607266174025135e-05,5.7907679001096714e-08,95.72
31180520,신장1동,0,207779.73,11.95,0.0,63.59,0,585,4296,2038,2555,1052,41.88,1,0,0.012296675907111022,0.0050630540329866126,4.812789004740126e-06,24.459999999999994
31180530,신장2동,0,4339862.57,4.75,2.09,14.45,0,7306,25223,13244,12697,3340,94.22,2,0,0.0029256686807874526,0.0007696096238347714,4.608440861286056e-07,78.71000000000001
31180540,덕풍1동,0,938740.27,1.32,0.0,26.29,0,1611,7974,4883,1784,818,81.42,1,0,0.0019004191649102215,0.0008713805363769961,1.0652573794339806e-06,72.39
31180550,덕풍2동,0,486402.5,4.8,0.0,60.78,0,1897,10042,6084,2533,1169,66.0,1,0,0.005207621260063268,0.0024033593576841534,2.055910485615187e-06,34.42
31180560,덕풍3동,0,2169545.79,7.71,9.39,12.01,0,3968,14348,6794,15718,3714,81.35,2,0,0.007244834412979848,0.0017118790564834684,9.218519421020293e-07,70.89
31180590,춘궁동,0,14504635.01,1.49,0.0,6.53,0,115,971,767,5529,1514,0.0,0,0,0.0003811884956901227,0.00010438042728790844,0.0,91.98
31180600,초이동,0,6153325.95,1.38,0.0,8.12,0,275,1750,1184,7897,1724,27.85,0,0,0.0012833709873580103,0.00028017368395659236,0.0,90.5
31180610,풍산동,0,2678878.19,6.02,0.0,13.66,0,7152,17884,4813,19249,5008,98.22,0,0,0.007185470422575707,0.0018694392371686394,0.0,80.32
31180620,미사1동,1,6653638.85,3.72,10.35,2.81,0,8986,37372,7571,15839,5077,98.15,2,3,0.002380501911367822,0.0007630411139601257,3.005873996297521e-07,83.12
31180630,미사2동,1,5146423.44,0.89,1.39,3.31,0,10906,26908,9087,10371,3842,97.86,1,3,0.002015185909377843,0.0007465378713556719,1.9430970102958665e-07,94.41
31180650,위례동,0,4777976.5,0.0,0.0,2.32,0,8714,21267,5112,3479,1251,99.38,0,0,0.0007281325054639174,0.00026182631915359607,0.0,97.68
31180660,감북동,0,4510073.93,5.57,1.25,13.64,0,213,1641,958,6234,1206,0.0,1,0,0.0013822389824962756,0.00026740138159937575,2.2172585538920043e-07,79.53999999999999
31180670,감일동,0,5731516.78,1.38,0.4,10.88,0,10175,23800,5540,5333,1768,97.78,1,0,0.0009304692291227481,0.00030846982881849215,1.7447388507833266e-07,87.34
31191110,포곡읍,0,41789682.79,0.16,0.21,3.78,0,5181,19921,7778,15327,3962,35.88,3,0,0.00036676516730258565,9.480808983185518e-05,7.178805388580654e-08,95.85
31191120,모현읍,0,50289567.34,0.75,0.2,3.73,0,3816,15072,7399,17413,4605,16.42,0,0,0.00034625471884198035,9.15696881793671e-05,0.0,95.32
31191130,이동읍,0,75915739.37,0.3,0.27,2.16,0,2861,11054,6151,16470,3561,45.84,0,0,0.00021695105832699512,4.6907268895108054e-05,0.0,97.27
31191140,남사읍,0,58785863.92,0.47,0.32,2.82,0,5236,12888,5757,16550,2706,75.21,0,0,0.00028153026759153535,4.603147456813865e-05,0.0,96.39
31191340,원삼면,0,59990250.49,0.28,0.76,3.26,0,845,3641,3428,6514,1502,1.35,0,0,0.00010858431073037038,2.5037401706634375e-05,0.0,95.7
31191350,백암면,0,65717288.21,0.54,0.36,3.01,0,566,3720,3759,8196,1465,7.77,0,0,0.0001247160408355315,2.2292459714989464e-05,0.0,96.09
31191360,양지면,0,57694305.65,0.89,0.5,3.33,0,2790,11523,5533,13259,2772,9.43,0,0,0.0002298147078921939,4.804633609451403e-05,0.0,95.28
31191510,중앙동,0,7987806.45,4.27,1.35,9.72,0,3317,15302,6229,15070,3673,62.18,5,0,0.0018866255829197182,0.00045982586370697575,6.259540752885594e-07,84.66
31191530,유림동,0,13659749.2,0.54,0.37,6.73,0,6973,22741,7419,10230,2337,69.69,5,0,0.0007489156535899291,0.00017108659652391634,3.660389313733769e-07,92.36
31191540,동부동,0,23561306.84,0.73,2.1,3.93,0,1523,7272,3971,8043,2462,44.25,2,0,0.00034136476616577127,0.00010449335500436762,8.488493501573325e-08,93.24
31191550,역북동,0,6045810.59,1.73,0.98,9.94,0,6856,22876,5731,8463,2656,77.07,4,0,0.0013998122954735177,0.0004393124727375237,6.616151697854273e-07,87.35
31191560,삼가동,0,6441692.87,1.9,0.39,3.74,0,2057,7541,2761,7168,957,76.15,3,0,0.0011127509716229102,0.0001485634318977574,4.6571608745378494e-07,93.97
31192520,구갈동,0,4246345.47,1.71,1.3,7.86,0,6730,27008,7277,21693,8416,87.06,5,0,0.005108628149359905,0.0019819395429407165,1.1774830934771368e-06,89.13
31192540,기흥동,0,11742514.28,2.17,4.07,4.4,0,3378,12288,5627,16165,3552,71.34,0,0,0.0013766217025189117,0.0003024905838136205,0.0,89.36
31192550,서농동,0,4235915.14,1.97,1.74,4.52,0,5147,16363,3730,25559,2098,86.4,0,0,0.006033879139500341,0.000495288486821539,0.0,91.77
31192560,구성동,0,6912953.71,0.53,11.07,8.84,0,7236,21773,10294,9102,2462,90.5,0,0,0.0013166586066995136,0.0003561429894192708,0.0,79.56
31192570,마북동,0,5381173.49,3.57,8.96,11.84,0,5023,17895,8531,12425,1802,91.16,2,0,0.0023089759181833982,0.00033487119553854996,3.7166614377197553e-07,75.63
31192590,보정동,0,6808738.4,2.97,1.52,7.01,0,6994,20194,8138,15584,3658,88.48,4,0,0.0022888234331307415,0.0005372507776175726,5.874803473128186e-07,88.5
31192600,상하동,0,5518833.78,2.21,3.03,6.79,0,3879,13823,5918,5883,1559,86.5,4,0,0.001065986082296782,0.00028248721779715845,7.247908089728247e-07,87.97
31192610,신갈동,0,4850536.86,2.32,1.47,15.4,0,5989,22731,8521,9949,2497,82.68,3,0,0.0020511131627560684,0.0005147883774652631,6.184882388449296e-07,80.81
31192630,영덕1동,0,3620111.78,1.56,3.55,7.12,0,6302,19575,5476,18607,3411,90.8,0,0,0.005139896536550758,0.0009422360985744417,0.0,87.77
31192640,영덕2동,0,5913849.95,1.19,2.08,4.5,0,3358,11932,3909,10563,1653,89.02,1,0,0.0017861460959086625,0.00027951334815270464,1.6909458448439482e-07,92.23
31192650,상갈동,0,2006743.88,3.07,7.16,14.36,0,1790,8099,3007,3761,909,84.96,4,0,0.001874180376212862,0.0004529726035568975,1.9932787835287017e-06,75.41
31192660,보라동,0,10157352.69,0.65,1.0,3.24,0,6418,19013,7475,9953,2349,85.21,2,0,0.0009798813040910763,0.0002312610452436389,1.969016988025874e-07,95.11
31192670,동백1동,0,4014744.74,0.0,0.73,6.72,0,7756,19079,5188,3766,1425,88.24,0,0,0.000938042202899958,0.0003549416195253426,0.0,92.55
31192680,동백2동,0,4664885.17,0.42,1.73,5.43,0,6330,15959,4605,14005,4182,81.63,3,0,0.0030022175229599446,0.0008964850896835764,6.431026468318339e-07,92.42
31192690,동백3동,0,1687577.93,12.72,1.66,2.23,0,6336,15110,5452,5312,1294,91.65,2,0,0.0031477064884159293,0.0007667794043693924,1.185130454975877e-06,83.39
31193510,풍덕천1동,0,1906460.57,11.43,7.31,24.71,0,5591,21890,7708,9006,3170,90.33,2,0,0.004723937196326468,0.0016627671454979905,1.0490644451091422e-06,56.55
31193520,풍덕천2동,0,1485363.92,6.79,5.19,39.49,0,9692,25886,5872,7794,2091,98.56,2,0,0.005247198949027608,0.0014077358227375838,1.346471375167464e-06,48.53
31193530,신봉동,0,6664064.67,0.3,0.36,7.76,0,8927,23852,8538,6187,2203,87.51,0,0,0.0009284123588780713,0.0003305790248276049,0.0,91.58
31193550,죽전2동,0,1107120.98,7.71,1.08,23.51,0,2656,11496,3851,6260,1613,94.6,3,0,0.005654305277408307,0.001456932014769904,2.7097309636142046e-06,67.7
31193560,동천동,0,16620698.66,3.41,0.49,3.78,0,10740,30408,9645,15519,3902,81.35,2,0,0.0009337152617620866,0.0002347675076612966,1.2033188501347852e-07,92.32
31193580,상현2동,0,1566596.62,0.25,0.0,18.54,0,6953,19071,7086,4621,1768,97.1,1,0,0.0029497063513200367,0.0011285610969776726,6.383264123176882e-07,81.21000000000001
31193590,성복동,0,4977844.58,0.78,0.43,11.51,0,11836,30131,12729,8828,2833,94.1,1,0,0.0017734583428842743,0.0005691218266188434,2.0089016117855393e-07,87.28
31193600,죽전1동,0,2353212.49,1.12,0.0,16.3,0,5365,16608,6460,11067,2548,96.52,1,0,0.004702932713039004,0.0010827751470880438,4.2495099964208944e-07,82.58
31193610,죽전3동,0,2083139.83,3.21,0.0,7.27,0,5049,16308,5227,7393,2414,91.4,1,0,0.0035489696339609184,0.0011588276337591854,4.800445873070361e-07,89.52
31193620,상현1동,0,672559.33,1.75,0.0,40.25,0,4451,11587,4050,2220,779,99.2,1,0,0.003300824032828438,0.0011582621268348436,1.4868576724452421e-06,58.0
31193630,상현3동,0,2702945.32,1.18,0.0,8.85,0,5631,17285,4843,13144,2545,100.0,1,0,0.004862843470304228,0.0009415654771701354,3.6996678867195893e-07,89.97
31200110,문산읍,0,17155775.75,2.45,1.74,15.94,0,8699,26207,11993,14332,4128,78.57,3,0,0.0008354037852232736,0.00024061867327670065,1.7486822185806733e-07,79.87
31200120,파주읍,0,17155775.75,2.45,1.74,15.94,0,1392,7467,5252,9210,1818,20.78,2,0,0.0005368454411042667,0.0001059701424459888,1.165788145720449e-07,79.87
31200130,법원읍,0,17155775.75,2.45,1.74,15.94,0,768,4712,4376,6699,1466,16.88,0,0,0.0003904807394090644,8.545227108130891e-05,0.0,79.87
31200150,조리읍,0,17155775.75,2.45,1.74,15.94,0,3750,15240,9386,14664,4201,65.52,0,0,0.0008547558684422332,0.00024487380000858027,0.0,79.87
31200310,월롱면,0,17155775.75,2.45,1.74,15.94,0,336,6015,2404,33378,2723,0.0,1,0,0.0019455838363928572,0.0001587220560398391,5.828940728602245e-08,79.87
31200320,탄현면,0,17155775.75,2.45,1.74,15.94,0,1379,7149,4535,19419,4128,25.63,0,0,0.0011319220000872699,0.00024061867327670065,0.0,79.87
31200350,광탄면,0,17155775.75,2.45,1.74,15.94,0,928,5088,4670,14586,3266,8.88,0,0,0.0008502092946739234,0.0001903732041961493,0.0,79.87
31200360,파평면,0,17155775.75,2.45,1.74,15.94,0,221,1538,1899,2289,579,2.25,0,0,0.00013342445327770537,3.3749566818606996e-05,0.0,79.87
31200370,적성면,0,17155775.75,2.45,1.74,15.94,0,861,3372,2745,3189,1039,23.54,0,0,0.0001858849198351256,6.056269417017732e-05,0.0,79.87
31200390,장단면,0,17155775.75,2.45,1.74,15.94,0,67,324,328,214,68,0.0,1,0,1.2473933159208804e-05,3.963679695449526e-06,5.828940728602245e-08,79.87
31200520,금촌2동,0,17155775.75,2.45,1.74,15.94,0,6255,18448,6803,8816,2916,98.47,1,0,0.0005138794146335739,0.00016997191164604144,5.828940728602245e-08,79.87
31200530,금촌1동,0,17155775.75,2.45,1.74,15.94,0,2116,12946,6532,15301,4409,52.22,1,0,0.0008918862208834294,0.000256997996724073,5.828940728602245e-08,79.87
31200540,금촌3동,0,17155775.75,2.45,1.74,15.94,0,4184,15085,6452,7349,1903,82.91,1,0,0.00042836885414497896,0.00011092474206530071,5.828940728602245e-08,79.87
31200550,교하동,0,17155775.75,2.45,1.74,15.94,0,700,4000,2715,41469,9604,89.13,0,0,0.0024172034307440647,0.0005598114675749596,0.0,79.87
31200560,운정1동,0,17155775.75,2.45,1.74,15.94,0,10088,29115,8395,18284,6442,64.73,0,0,0.0010657635228176344,0.0003755003617365566,0.0,79.87
31200570,운정2동,0,17155775.75,2.45,1.74,15.94,0,16387,38950,9523,8588,3516,96.13,0,0,0.0005005894297723608,0.00020494555601765493,0.0,79.87
31200580,운정3동,0,17155775.75,2.45,1.74,15.94,0,15944,42181,11331,13743,5115,90.94,0,0,0.0008010713243318065,0.0002981503182680048,0.0,79.87
31210110,장호원읍,0,60475093.59,0.19,0.18,3.45,0,1980,6874,5268,4665,1669,38.02,0,0,7.713919438680489e-05,2.75981383561795e-05,0.0,96.18
31210120,부발읍,1,41964114.36,0.4,0.33,5.66,0,6765,22717,7013,45107,3453,65.52,1,0,0.0010748946019217085,8.22845913147773e-05,2.382988453946635e-08,93.61
31210310,신둔면,0,36462204.0,0.48,0.0,5.22,0,1892,7774,4345,8045,1987,18.22,1,0,0.00022063943254768125,5.449478588840804e-05,2.7425659732465042e-08,94.3
31210320,백사면,0,32559676.85,0.29,0.06,5.65,0,1448,6140,3844,6073,1261,22.37,0,0,0.00018651905017288693,3.872888560316325e-05,0.0,94.0
31210330,호법면,0,37968655.36,0.22,0.33,2.79,0,709,2976,2239,8547,1471,13.63,0,0,0.000225106733935119,3.8742483399854924e-05,0.0,96.66
31210340,마장면,0,51487484.63,0.73,0.63,3.17,0,2893,9415,3392,14102,2225,53.62,0,0,0.0002738918030534455,4.321438532079962e-05,0.0,95.47
31210350,대월면,0,31410916.6,0.25,1.31,3.96,0,2032,9106,3196,8102,1236,50.2,0,0,0.00025793580312130784,3.934937702517113e-05,0.0,94.48
31210360,모가면,0,41103125.44,0.19,0.11,3.18,0,279,1795,2078,4677,758,0.0,0,0,0.00011378696753428351,1.8441420010901626e-05,0.0,96.52
31210370,설성면,0,51798240.55,0.09,0.58,2.58,0,306,1824,2371,3229,922,4.54,0,0,6.233802472272154e-05,1.7799832392180008e-05,0.0,96.75
31210380,율면,0,36802465.11,0.08,0.0,3.07,0,140,902,1540,1175,406,0.0,0,0,3.192720912818442e-05,1.1031869707270533e-05,0.0,96.85
31210510,창전동,0,1134924.22,12.21,3.39,44.72,0,1986,9434,4598,9109,3037,34.57,0,0,0.008026086534587955,0.002675949588927832,0.0,39.68
31210520,중리동,0,22030381.16,0.95,0.18,4.58,0,1730,9942,3972,13571,2563,47.27,1,0,0.0006160129460054172,0.0001163393398137119,4.539186102758951e-08,94.29
31210530,관고동,0,7764423.97,1.98,0.21,6.54,0,1136,5630,2843,5958,1447,37.7,0,0,0.000767346041768547,0.0001863628268612097,0.0,91.27
31210540,증포동,0,8937218.94,1.55,0.0,11.48,0,14086,35601,7887,10838,3635,87.38,0,0,0.0012126814921676152,0.0004067260771387047,0.0,86.97
31220110,공도읍,0,31932585.72,0.34,1.25,7.39,0,12237,37121,11992,17826,4786,85.09,0,0,0.0005582385390366196,0.00014987824794285095,0.0,91.02
31220310,보개면,0,53054924.32,0.26,0.37,2.64,0,402,2176,2532,4774,864,9.81,0,0,8.998222240794821e-05,1.6285010507010315e-05,0.0,96.73
31220320,금광면,0,71447774.44,0.05,0.07,1.76,0,851,3503,2987,2052,627,52.41,0,0,2.8720278778213445e-05,8.775640737787441e-06,0.0,98.12
31220330,서운면,0,36363832.37,0.05,0.0,3.26,0,163,1253,1665,5331,763,0.0,0,0,0.00014660170979108862,2.0982386901256916e-05,0.0,96.69
31220340,미양면,0,33603155.7,0.18,0.2,4.34,0,396,2599,2538,11665,1345,31.51,0,0,0.0003471400157812121,4.002600267687358e-05,0.0,95.28
31220350,대덕면,0,31058292.06,0.42,0.08,5.55,0,2090,9320,3797,9889,1939,56.93,0,0,0.00031840128172189056,6.243099254310303e-05,0.0,93.95
31220360,양성면,0,53161313.16,0.22,0.57,2.64,0,362,2197,2572,6835,1294,0.0,0,0,0.00012857093991315384,2.434100896088092e-05,0.0,96.57
31220380,원곡면,0,38114968.19,0.23,0.23,2.86,0,666,3746,2083,12315,1783,44.4,0,0,0.0003231014109367087,4.6779522184340365e-05,0.0,96.68
31220390,일죽면,0,55459885.54,0.16,0.23,3.92,0,638,3082,3559,5301,1489,16.87,0,0,9.5582598997175e-05,2.684823427783316e-05,0.0,95.69
31220400,죽산면,0,57239836.24,0.17,0.07,3.02,0,557,3165,3112,6089,1194,17.01,0,0,0.00010637696401625723,2.085959846204814e-05,0.0,96.74
31220410,삼죽면,0,39231973.82,0.31,0.21,2.71,0,276,1729,1734,3244,731,0.0,0,0,8.268765713606334e-05,1.863276121037679e-05,0.0,96.77
31220420,고삼면,0,27773829.46,0.04,0.08,2.61,0,123,802,962,1794,354,0.0,0,0,6.459318123858582e-05,1.2745811682530312e-05,0.0,97.27
31220510,안성1동,0,6537175.1,0.89,1.74,13.75,0,1464,6223,4115,7483,1548,46.88,0,0,0.0011446840394390772,0.00023679953134460665,0.0,83.62
31220520,안성2동,0,10129740.12,3.42,0.51,7.49,0,4561,15987,5617,11118,2920,84.79,0,0,0.0010975602402709048,0.00028826010987507126,0.0,88.58
31220530,안성3동,0,8244575.32,1.4,0.0,10.94,0,3842,12858,5380,11102,2341,79.62,0,0,0.001346582397404374,0.0002839442796184147,0.0,87.66
31230110,통진읍,0,29412106.03,0.0,0.0,0.0,0,4781,19365,10443,23607,5755,65.47,0,0,0.0008026286854777796,0.00019566772927202193,0.0,100.0
31230120,고촌읍,0,24949986.57,0.27,0.07,5.34,0,11172,27927,9298,18396,5416,88.95,1,0,0.0007373150261376124,0.0002170742651424934,4.0080181894847375e-08,94.32
31230130,양촌읍,0,36371421.52,0.0,0.04,0.13,0,4471,16783,8971,37925,7880,76.02,2,0,0.0010427142634261706,0.00021665361623726367,5.498822747138672e-08,99.83
31230340,대곶면,0,43240481.68,0.0,0.0,0.0,0,721,4722,4143,32338,7391,0.0,0,0,0.0007478640094555145,0.00017092779064523805,0.0,100.0
31230350,월곶면,0,51986446.42,0.0,0.0,0.0,0,294,2281,2629,10626,1968,0.0,0,0,0.00020439942969269713,3.785602085782307e-05,0.0,100.0
31230360,하성면,0,56265681.65,0.0,0.0,0.0,0,614,3503,3801,11427,3005,2.66,0,0,0.00020309004823010032,5.340733306479841e-05,0.0,100.0
31230530,사우동,0,3296592.25,6.53,2.56,13.9,0,3122,12543,5748,10906,3213,68.14,2,0,0.0033082647694651704,0.0009746428300285707,6.066871024142986e-07,77.00999999999999
31230540,풍무동,0,4426995.52,2.59,0.0,10.01,0,12180,36031,12053,11452,4349,95.24,1,0,0.002586856017413393,0.000982381838956588,2.2588683351496622e-07,87.4
31230560,장기동,0,3690802.96,0.0,0.0,0.2,0,10016,23903,6851,11456,4407,90.05,1,0,0.0031039316170833895,0.0011940491128217962,2.7094375149121766e-07,99.8
31230600,운양동,0,7938383.91,0.0,0.0,0.0,0,12387,29258,7662,9736,3600,85.73,1,0,0.001226446101671056,0.00045349280669841846,1.25970224082894e-07,100.0
31230610,김포본동,0,11759603.73,2.26,0.4,6.48,0,10804,34199,13561,12840,4188,92.13,2,0,0.0010918735269312583,0.0003561344494383263,1.7007375808898104e-07,90.86
31230620,장기본동,0,2530700.89,0.0,0.0,0.0,0,9768,22910,6576,8092,2492,96.4,1,0,0.0031975331545278053,0.0009847074420518153,3.9514744865642676e-07,100.0
31230630,구래동,0,2120411.26,0.0,0.0,0.0,0,10045,29164,5991,15116,6330,99.4,2,0,0.007128805758147461,0.002985269942383794,9.432132519380075e-07,100.0
31230640,마산동,0,3034927.36,0.0,0.0,0.0,0,8547,20789,6145,3976,1782,93.73,2,0,0.0013100807789966015,0.0005871639708681951,6.589943556320933e-07,100.0
31240120,봉담읍,0,42792284.34,0.52,0.62,3.87,0,19612,57940,17233,34557,10022,89.4,0,0,0.000807552121439094,0.00023420109850573259,0.0,94.99
31240130,우정읍,0,91339995.37,0.2,0.26,3.13,0,1980,9365,6066,28374,3067,23.46,0,0,0.000310641574756595,3.3577842735549334e-05,0.0,96.41
31240140,향남읍,0,50003727.8,0.38,0.06,3.41,0,18815,53241,13212,50522,10879,83.55,0,0,0.0010103646712513682,0.0002175637793148259,0.0,96.15
31240150,남양읍,0,74398934.61,0.4,0.32,2.77,0,9779,35993,11544,46657,6683,79.99,0,0,0.0006271191952488327,8.98265551117292e-05,0.0,96.51
31240310,매송면,0,27509230.81,0.13,0.1,3.77,0,557,3332,2780,3865,908,28.35,2,0,0.0001404982940705711,3.300710246211606e-05,7.270286885928648e-08,96.0
31240330,비봉면,0,38737547.77,0.18,0.28,3.16,0,547,3890,3059,8345,1946,55.13,1,0,0.00021542406477419222,5.023549790899677e-05,2.581474712692537e-08,96.38
31240350,마도면,0,32217868.06,0.22,0.28,2.52,0,488,3588,2729,19965,2951,4.22,0,0,0.0006196871860922818,9.159513579555843e-05,0.0,96.98
31240360,송산면,0,108696793.17,0.14,0.13,1.81,0,1003,5066,4686,9943,2525,13.22,0,0,9.147463977569602e-05,2.322975615343784e-05,0.0,97.92
31240370,서신면,0,47568020.06,0.43,0.17,2.41,0,414,3144,3589,9733,2100,0.0,0,0,0.0002046122581457294,4.414730731593873e-05,0.0,96.99
31240380,팔탄면,0,50921639.22,0.51,0.07,3.05,0,667,5223,3917,38340,7455,17.3,0,0,0.0007529215592284791,0.00014640141429442648,0.0,96.37
31240390,장안면,0,68095987.73,0.04,0.0,3.46,0,810,4880,4260,24354,3951,13.1,0,0,0.0003576422166979914,5.8021039589955e-05,0.0,96.5
31240420,양감면,0,31066316.28,0.0,0.22,2.48,0,214,2011,1734,17823,2710,2.11,0,0,0.000573708187329195,8.72327435146787e-05,0.0,97.3
31240430,정남면,0,40643430.34,0.38,0.26,3.41,0,895,5903,4170,31890,6417,27.79,0,0,0.0007846286529758539,0.0001578852952695533,0.0,95.95
31240520,진안동,0,6987499.62,1.82,0.41,9.11,0,9416,33838,7116,16369,4691,79.88,2,0,0.002342611934192359,0.0006713417180827391,2.862254180698099e-07,88.66
31240530,병점1동,0,1511572.48,5.37,2.88,23.98,0,6850,24042,5684,7911,2283,91.29,1,0,0.005233622670841205,0.0015103476877171623,6.615627191051959e-07,67.77
31240540,병점2동,0,995868.42,0.0,0.0,7.72,0,5120,14048,3756,4601,1599,98.75,0,0,0.004620088264224504,0.0016056338044979311,0.0,92.28
31240550,반월동,0,3970797.21,2.86,0.01,7.75,0,9280,23261,4724,67487,2728,98.46,0,0,0.016995831423944726,0.0006870156937561487,0.0,89.38
31240560,기배동,0,4249236.27,0.6,0.0,13.5,0,3140,9783,3126,5993,1488,88.53,0,0,0.0014103710924000697,0.0003501805749192898,0.0,85.9
31240570,화산동,0,11607420.04,0.57,0.73,7.32,0,4146,16834,6224,13082,2712,75.49,0,0,0.0011270377013072003,0.00023364365127236868,0.0,91.38
31240600,동탄2동,0,2386099.25,0.0,0.0,1.71,0,9427,20820,4162,5213,1591,86.6,0,0,0.002184737286170369,0.0006667786346244114,0.0,98.29
31240610,동탄1동,0,4860314.23,0.0,0.0,4.6,0,11543,34118,4714,34768,6279,93.08,0,0,0.00715344694903162,0.0012918917795953042,0.0,95.4
31240620,동탄3동,0,1869185.71,0.0,0.0,2.39,0,9569,26871,4456,7241,2331,96.6,1,0,0.0038738793910216983,0.0012470670985321888,5.349923202626293e-07,97.61
31240640,동탄4동,0,4245504.84,0.0,0.0,0.89,0,17108,32527,3805,6247,2134,99.83,0,0,0.0014714386711157975,0.0005026492915257102,0.0,99.11
31240650,동탄5동,0,11401013.05,0.35,0.3,2.23,0,10548,30820,5529,44753,10334,95.57,0,0,0.003925352931681869,0.0009064106807588414,0.0,97.12
31240670,새솔동,0,3130129.8,0.0,0.0,0.0,0,7318,15873,2564,3830,1593,90.77,0,0,0.0012235914306134412,0.0005089245819757732,0.0,100.0
31240690,동탄7동,0,14743041.73,0.0,1.06,2.48,0,14957,36234,5689,20803,5136,96.88,0,0,0.0014110385347180245,0.0003483677313037434,0.0,96.46
31240700,동탄6동,0,9501636.43,1.31,0.12,4.96,0,10179,29388,3773,30607,4585,90.75,0,0,0.0032212345973721694,0.0004825484571814094,0.0,93.61
31240710,동탄8동,0,6547891.05,1.16,0.0,3.0,0,9379,21164,3114,5295,1673,94.2,0,0,0.0008086573157004367,0.00025550211315709736,0.0,95.84
31250110,오포읍,0,46814511.49,1.4,0.56,5.6,0,19356,69676,25686,35575,11663,39.4,0,0,0.00075991394265839,0.00024913215216373306,0.0,92.44
31250120,초월읍,0,55823132.28,1.39,0.05,3.64,0,8436,29989,11981,27951,7181,53.33,2,0,0.0005007064071538874,0.0001286384283128355,3.582744139056831e-08,94.92
31250140,곤지암읍,0,76216727.87,0.55,0.21,3.89,0,2671,12550,6975,20820,4732,37.97,1,0,0.00027316837893525363,6.208610802697504e-05,1.3120479295641385e-08,95.35
31250340,도척면,0,52171945.1,0.84,0.27,3.52,0,905,4895,3525,13862,2798,11.8,0,0,0.0002656983551874002,5.363035621225983e-05,0.0,95.37
31250350,퇴촌면,0,60268701.21,1.07,0.25,2.47,0,2104,7568,6106,3291,1560,0.0,0,0,5.4605457458462695e-05,2.5884081931085324e-05,0.0,96.21
31250360,남종면,0,48381904.7,0.25,0.1,1.27,0,65,537,821,538,183,0.0,1,0,1.1119859859504225e-05,3.782405862991214e-06,2.066888449721975e-08,98.38
31250380,남한산성면,0,33615152.85,0.54,0.39,1.98,0,251,1002,1063,1439,477,0.0,0,0,4.2808075465870505e-05,1.4190029185003635e-05,0.0,97.09
31250540,경안동,0,3192830.27,5.61,2.6,21.82,0,5199,17392,6464,12962,3987,55.64,1,0,0.004059720969746194,0.0012487353422603051,3.1320174122405444e-07,69.97
31250550,송정동,0,5087864.54,4.15,2.44,9.65,0,3053,12387,5762,9247,2220,44.44,0,0,0.0018174619090746912,0.00043633237137945437,0.0,83.75999999999999
31250560,쌍령동,0,3327638.38,1.18,1.74,4.56,0,3156,10743,3965,2573,985,60.15,0,0,0.0007732210373148382,0.0002960057216304375,0.0,92.52
31250570,탄벌동,0,16723454.15,2.08,0.2,5.05,0,6270,24299,10219,8362,3008,34.21,0,0,0.0005000163198937582,0.00017986714784028041,0.0,92.67
31250580,광남1동,0,26079667.74,1.5,0.14,4.03,0,4596,19635,8410,18531,4750,26.66,1,0,0.0007105535310011161,0.00018213422223599922,3.834404678652615e-08,94.33
31250590,광남2동,0,2299717.61,0.0,0.0,7.96,0,8811,19722,5132,4169,1758,93.38,0,0,0.0018128312719151078,0.0007644416829039961,0.0,92.04
31260110,백석읍,0,41139927.2,0.06,0.91,1.21,0,3148,13139,8857,11000,2882,64.26,0,0,0.0002673801522915025,7.005359990037365e-05,0.0,97.82
31260310,은현면,0,34603242.86,0.12,0.04,2.88,0,355,2566,2534,12237,2655,7.89,0,0,0.00035363737582358093,7.672691287175022e-05,0.0,96.96
31260320,남면,0,36466535.98,0.0,0.0,0.29,0,584,3128,2731,8122,1628,15.52,0,0,0.00022272474699687046,4.464367004566672e-05,0.0,99.71
31260330,광적면,0,48453881.73,0.0,0.0,0.13,0,1192,5723,4209,13110,3252,40.24,0,0,0.00027056655797053097,6.71153658672896e-05,0.0,99.87
31260340,장흥면,0,63930008.84,0.95,0.19,2.07,0,954,5599,5254,6124,1593,47.48,0,0,9.579225955256479e-05,2.4917875484525755e-05,0.0,96.79
31260510,양주1동,0,23675734.59,0.32,1.86,5.06,0,404,2129,2247,5292,1106,31.48,1,0,0.000223519991740107,4.671449562822342e-05,4.2237337819370176e-08,92.76
31260520,양주2동,0,19099784.1,0.41,0.49,6.76,0,10210,28607,11801,14078,4510,93.77,0,0,0.000737076394491424,0.00023612832356558622,0.0,92.34
31260530,회천1동,0,10552808.5,0.93,0.0,8.67,0,1170,5173,2701,6339,1659,62.98,1,0,0.0006006931709216549,0.00015720933436804313,9.476150353709653e-08,90.4
31260540,회천2동,0,11179375.98,0.83,0.9,8.98,0,5883,21668,9040,8798,2479,79.95,2,0,0.0007869848921560405,0.00022174761851043696,1.7890086204956593e-07,89.28999999999999
31260550,회천3동,0,3570491.82,0.0,0.32,17.33,0,4394,15200,5875,4490,1582,93.03,1,0,0.0012575298380007002,0.00044307621463632687,2.800734605792205e-07,82.35
31260560,회천4동,0,17828575.08,0.22,0.0,7.06,0,20192,50206,11153,14632,5221,95.99,0,0,0.000820704960117979,0.0002928444913050826,0.0,92.72
31270110,소흘읍,0,46111255.88,1.14,0.27,6.68,0,6559,24685,12161,22919,6457,67.35,0,0,0.0004970369937361816,0.00014003088566492974,0.0,91.91
31270310,군내면,0,36188682.84,0.24,0.3,4.61,0,1021,4544,3051,10733,2254,53.25,0,0,0.000296584433521677,6.228466534592937e-05,0.0,94.85
31270320,내촌면,0,52703613.88,0.85,0.72,2.92,0,207,2045,2073,8139,1791,2.16,0,0,0.00015442963775747924,3.3982489399636974e-05,0.0,95.51
31270330,가산면,0,35776451.11,0.12,0.04,6.2,0,485,3556,3196,16409,3793,1.42,0,0,0.0004586536531961628,0.00010601945923414258,0.0,93.64
31270340,신북면,0,95650871.47,0.14,0.04,2.73,0,1231,5951,4539,8058,1572,37.44,0,0,8.424387437522171e-05,1.6434769237757323e-05,0.0,97.09
31270350,창수면,0,71509021.89,0.0,0.02,0.53,0,99,764,1200,1687,398,2.55,0,0,2.359142882131462e-05,5.565731280902916e-06,0.0,99.45
31270360,영중면,0,61177848.64,0.1,0.0,1.68,0,342,1874,2414,3810,915,3.16,0,0,6.227744330172931e-05,1.4956393863801132e-05,0.0,98.22
31270370,일동면,0,83288757.18,0.81,0.11,2.6,0,1016,4154,3933,3430,1134,15.21,0,0,4.118202883717934e-05,1.3615283003312355e-05,0.0,96.48
31270380,이동면,0,112789217.2,0.01,0.0,0.01,0,659,2764,2291,1944,645,21.09,0,0,1.7235690150705536e-05,5.718631762965572e-06,0.0,99.98
31270390,영북면,0,81851166.75,0.0,0.0,0.0,0,882,3608,3263,2994,1072,21.97,0,0,3.657858670658026e-05,1.3096942200886454e-05,0.0,100.0
31270400,관인면,0,70061812.04,0.0,0.0,0.0,0,123,935,1506,710,270,1.77,0,0,1.0133908606225346e-05,3.85373989250823e-06,0.0,100.0
31270410,화현면,0,43491103.12,0.31,0.07,2.67,0,296,1163,1116,2472,441,19.14,0,0,5.6839211302107616e-05,1.0140004928895412e-05,0.0,96.95
31270510,포천동,0,11341422.68,1.8,0.2,9.66,0,2689,10761,5792,8928,2505,49.76,0,0,0.0007872028273609963,0.0002208717610371075,0.0,88.34
31270520,선단동,0,23891207.76,0.35,0.25,5.68,0,1536,8330,4509,11649,2413,8.3,0,0,0.0004875852287174252,0.00010099949840287983,0.0,93.72
31280110,가남읍,0,75150187.92,0.22,0.6,2.93,0,1786,7473,5209,9518,1813,39.28,0,0,0.00012665304323830802,2.4125022839992905e-05,0.0,96.25
31280310,점동면,0,71748818.97,0.11,0.11,2.36,0,431,1883,2422,2712,587,0.0,0,0,3.7798531584660344e-05,8.181319336355317e-06,0.0,97.42
31280330,흥천면,0,44097300.5,0.16,0.0,4.25,0,379,1972,2668,2073,613,0.0,0,0,4.700968033178199e-05,1.390107768614682e-05,0.0,95.59
31280340,금사면,0,41702519.41,0.08,0.05,2.44,0,189,1081,1648,961,338,0.0,0,0,2.3044171277798817e-05,8.105025902077003e-06,0.0,97.43
31280350,산북면,0,32625279.41,0.2,0.05,2.24,0,254,953,1270,1459,363,0.0,0,0,4.4719923518949346e-05,1.112634149237739e-05,0.0,97.51
31280360,대신면,0,75818785.16,0.22,0.0,3.61,0,489,2524,3650,3171,1020,2.38,0,0,4.1823408187137746e-05,1.3453130353478557e-05,0.0,96.17
31280370,북내면,0,65654587.28,0.04,0.19,2.43,0,394,2032,2303,3034,799,0.0,0,0,4.621154630156009e-05,1.2169751316725942e-05,0.0,97.34
31280380,강천면,0,74282612.08,0.09,0.23,1.58,0,333,1868,2110,2514,568,0.0,0,0,3.384372102171318e-05,7.646473166401388e-06,0.0,98.1
31280390,세종대왕면,0,52980210.93,0.03,0.03,3.26,0,537,2411,2967,3017,667,2.83,1,0,5.694579064597602e-05,1.2589606350966525e-05,1.8874972040429574e-08,96.68
31280510,여흥동,0,38735045.88,0.61,0.6,4.14,0,2766,11615,6536,14511,3768,45.24,1,0,0.0003746219907664726,9.72762498248273e-05,2.5816414497034845e-08,94.65
31280520,중앙동,0,17785599.08,0.79,0.95,5.55,0,4564,14171,5520,8986,2291,69.13,1,0,0.0005052402204488998,0.0001288120793510382,5.622526379355662e-08,92.71
31280530,오학동,0,16827268.83,1.31,0.4,4.7,0,3394,10396,4214,5118,1688,60.6,0,0,0.0003041491790321008,0.00010031336737127514,0.0,93.59
31350110,연천읍,0,17155775.75,2.45,1.74,15.94,0,1061,3947,2819,3858,1035,46.55,0,0,0.0002248805333094746,6.032953654103323e-05,0.0,79.87
31350120,전곡읍,0,17155775.75,2.45,1.74,15.94,0,2855,9293,5907,7264,2407,48.71,0,0,0.00042341425452566703,0.00014030260333745603,0.0,79.87
31350310,군남면,0,17155775.75,2.45,1.74,15.94,0,189,1157,1628,1181,429,2.44,0,0,6.883979000479251e-05,2.5006155725703627e-05,0.0,79.87
31350320,청산면,0,17155775.75,2.45,1.74,15.94,0,278,1888,2010,1952,470,16.15,0,0,0.00011378092302231582,2.7396021424430548e-05,0.0,79.87
31350330,백학면,0,17155775.75,2.45,1.74,15.94,0,187,972,1349,1590,390,0.0,0,0,9.268015758477569e-05,2.2732868841548754e-05,0.0,79.87
31350340,미산면,0,17155775.75,2.45,1.74,15.94,0,100,619,986,488,263,0.0,0,0,2.8445230755578954e-05,1.5330114116223904e-05,0.0,79.87
31350350,왕징면,0,17155775.75,2.45,1.74,15.94,0,53,317,616,232,112,0.0,0,0,1.3523142490357208e-05,6.5284136160345135e-06,0.0,79.87
31350360,신서면,0,17155775.75,2.45,1.74,15.94,0,126,878,1471,577,352,11.33,0,0,3.363298800403495e-05,2.05178713646799e-05,0.0,79.87
31350370,중면,0,17155775.75,2.45,1.74,15.94,0,12,70,82,43,33,0.0,0,0,2.506444513298965e-06,1.9235504404387405e-06,0.0,79.87
31350380,장남면,0,17155775.75,2.45,1.74,15.94,0,42,254,418,277,92,0.0,0,0,1.614616581822822e-05,5.362625470314065e-06,0.0,79.87
31370110,가평읍,0,145122903.69,0.37,0.21,1.66,0,2837,10512,7307,10408,2905,45.35,0,0,7.171852089062402e-05,2.001751567902217e-05,0.0,97.76
31370310,설악면,0,141036128.39,0.35,0.06,0.99,0,1164,4238,4243,5890,1619,6.64,0,0,4.176234889057835e-05,1.1479328158547768e-05,0.0,98.6
31370320,청평면,0,112109327.81,1.06,0.36,1.31,0,1289,6381,5827,6540,2123,31.01,0,0,5.833591305696917e-05,1.8936872082560483e-05,0.0,97.27
31370330,상면,0,99940676.28,0.47,0.2,1.12,0,332,2306,2852,3452,1034,1.32,0,0,3.454049070398841e-05,1.0346137713767096e-05,0.0,98.21
31370350,북면,0,229866156.43,0.07,0.06,0.64,0,263,1365,2033,1940,836,2.95,0,0,8.439693907661843e-06,3.6368990241264444e-06,0.0,99.23
31370360,조종면,0,112713723.38,0.23,0.16,1.23,0,1227,4639,3487,3565,1145,9.91,0,0,3.1628801649828736e-05,1.0158479071263367e-05,0.0,98.38
31380110,양평읍,0,42337493.14,1.43,0.18,6.89,0,5908,19100,10605,15813,5060,53.52,0,0,0.0003734987319090066,0.00011951581505467484,0.0,91.5
31380310,강상면,0,37907777.18,0.54,0.41,2.8,0,1621,4735,3676,2434,927,32.6,0,0,6.420846013845221e-05,2.4454084859632372e-05,0.0,96.25
31380320,강하면,0,41165018.47,0.59,0.0,3.06,0,360,1923,2597,1398,610,0.0,0,0,3.396087386717649e-05,1.4818407052201473e-05,0.0,96.35
31380330,양서면,0,59645476.64,0.44,0.26,3.11,0,1648,6372,5880,3638,1361,13.74,0,0,6.099372835860014e-05,2.2818159509635732e-05,0.0,96.19
31380340,옥천면,0,66325395.48,0.52,0.13,1.49,0,968,3676,3461,2169,930,2.8,0,0,3.270240583267568e-05,1.4021778434480582e-05,0.0,97.86
31380350,서종면,0,92810418.62,0.28,0.13,1.65,0,1404,4555,4072,2612,1267,0.0,0,0,2.814339207642417e-05,1.3651484594498249e-05,0.0,97.94
31380360,단월면,0,107702041.17,0.04,0.0,0.86,0,328,1487,2113,1111,420,0.0,0,0,1.0315496233226096e-05,3.8996475409135555e-06,0.0,99.1
31380370,청운면,0,96461356.04,0.09,0.03,1.22,0,223,1328,2230,1178,372,0.0,0,0,1.221214430690143e-05,3.85646662323203e-06,0.0,98.66
31380380,양동면,0,120187710.68,0.02,0.03,1.36,0,306,1644,2622,1277,421,1.0,0,0,1.0625046377660929e-05,3.502853974154464e-06,0.0,98.59
31380390,지평면,0,77691210.42,0.0,0.09,2.37,0,542,2518,3773,1669,606,0.0,0,0,2.148248162150059e-05,7.800110163348926e-06,0.0,97.54
31380400,용문면,0,102338955.81,0.18,0.12,2.79,0,2706,8525,7218,5205,1973,25.68,0,0,5.08603977713332e-05,1.9279071047615832e-05,0.0,96.91
31380410,개군면,0,32286919.34,0.16,0.13,3.89,0,464,2072,2578,1338,493,1.08,0,0,4.144093110617551e-05,1.526934158097498e-05,0.0,95.82
