dong_code,dong_name,station_count_지하철,행정동전체면적_m2,주거용지면적_m2,상업업무용지면적_m2,공공시설용지면적_m2,주거지역비율_pct,상업업무지역비율_pct,공공시설지역비율_pct,station_count_고속철도,pop_0_19,pop_20_59,pop_60_plus,worker_count,business_count,station_count_준고속철도,station_count_일반철도,아파트비율_퍼센트,worker_density,business_density,station_density_지하철,기타지역비율_pct
11010720,청운효자동,1,2568560.056117465,30049972.660224803,5212989.332289485,7672431.564635447,11.699151276862558,2.0295376469293993,2.9870555474699687,0,2159,7625,2950,5615,987,0,0,5.92,0.0021860497233090023,0.0003842619905442538,3.8932319204078403e-07,83.28425552873807
11010530,사직동,5,1157671.2996191066,15940930.746589435,13317513.813309878,5088245.032983554,13.769824605511316,11.503709056008873,4.395241580799033,0,1386,5706,2443,47503,3555,0,0,43.36,0.04103323630396551,0.003070819844232941,4.3190152520857124e-06,70.33122475768079
11010540,삼청동,1,1476086.244918536,10401732.92393675,6263799.066602838,4090375.422352549,7.046832771286216,4.243518350073463,2.7710951419226144,0,316,1565,877,4600,724,0,0,0.0,0.0031163490722879183,0.0004904862452905333,6.774671896278083e-07,85.93855373671771
11010550,부암동,0,2273044.4091353468,25893270.41780395,4657772.424031173,5107304.779051215,11.391449420758834,2.0491339303850045,2.2469005702330316,0,1554,6005,2541,3419,564,0,0,3.9,0.0015041501108575025,0.0002481253765790089,0.0,84.31251607862313
11010560,평창동,0,8940655.329911664,56659384.43036306,7858702.394842112,4970990.137786259,6.337274208614736,0.8789850525330292,0.5559984088812172,0,2937,11054,4668,3418,732,0,0,15.75,0.0003822985982426802,8.187319307011173e-05,0.0,92.22774232997102
11010570,무악동,1,369245.48226865026,3887658.6776226694,1296617.798018032,673794.3223125166,10.528656041332804,3.5115332760514524,1.8247869091659925,0,1779,4941,1975,1226,229,0,0,94.4,0.0033202843605133177,0.0006201836203568922,2.708225416405643e-06,84.13502377344975
11010580,교남동,2,346667.13479939464,10700320.7638642,5621562.696615504,1880176.911584801,30.86626821448228,16.216024342395553,5.423579921046742,0,1768,6573,2221,4557,389,0,0,63.78,0.013145174556294586,0.0011221138692996695,5.769222978404471e-06,47.49412752207543
11010600,가회동,1,539599.8544892247,14507264.971425015,5361537.909534793,2700124.808875415,26.885227730754902,9.936136685229329,5.003939097484197,0,574,2585,1224,12789,744,0,0,0.0,0.02370089593865592,0.0013787994822394248,1.8532251105368615e-06,58.17469648653157
11010610,종로1·2·3·4가동,15,2415326.730085671,7725003.568787651,61376151.7140197,4799735.48447583,3.1983265338655227,25.411117655226175,1.9871992574294843,0,449,4113,2665,108741,15466,0,0,33.17,0.04502123818076272,0.006403274475162784,6.210339915132662e-06,69.40335655347882
11010630,종로5·6가동,8,602712.8344987278,8522708.340886867,21527570.114579864,1950577.1513311183,14.14057881806208,35.7177894386208,3.236329209669809,0,394,3429,1520,24522,7223,0,0,9.99,0.04068604249980494,0.01198414831482306,1.3273319468168972e-05,46.90530253364731
11010640,이화동,2,781806.2194507818,13324684.881197996,11567791.234371282,5647895.165966493,17.043462369177075,14.796238436805536,7.224162491229776,0,736,5230,1881,17222,1169,0,0,6.96,0.022028476585768474,0.001495255436578989,2.5581786767818458e-06,60.936136702787614
11010730,혜화동,2,1131570.126434548,29991294.262525085,10688685.346062038,9275074.03718179,26.504141070800735,9.445888589990352,8.196640950929414,0,2204,11182,3539,8684,1632,0,0,17.28,0.007674292381052492,0.001442243800768962,1.7674556381972573e-06,55.8533293882795
11010670,창신1동,8,304915.0810513392,5816436.4179367535,10146599.317073729,1443617.4484563763,19.075594417573026,33.276803764800746,4.734490152073886,0,440,3016,1787,5881,2152,0,0,49.69,0.019287337246585483,0.007057702729918714,2.6236813122374402e-05,42.913111665552336
11010680,창신2동,5,257320.96135152745,12967217.859525174,2868611.730612096,549656.3190479183,50.39316576239039,11.14799088090329,2.136072849102371,0,851,5262,2437,2171,820,0,0,13.64,0.008436934125043224,0.0031866817054516097,1.9430986008851277e-05,36.32277050760395
11010690,창신3동,3,216671.88707102317,5615190.268063427,623790.5571900329,1338747.7233483032,25.915638359778608,2.878963974618266,6.178686775868958,0,992,4330,1784,854,240,0,0,80.62,0.003941443495531341,0.0011076656193530702,1.3845820241913377e-05,65.02671088973418
11010700,숭인1동,5,239215.32115701263,8710055.927947901,1866657.863137088,691928.4403715262,36.41094510928471,7.803253797075474,2.8924921573788676,0,732,3810,1647,1509,457,0,0,36.58,0.006308124381993341,0.0019104127518694213,2.0901671245836118e-05,52.89330893626095
11010710,숭인2동,6,351640.31189976155,9912820.582607016,9982704.9842402,1101290.6597486525,28.19022804596067,28.388966356866003,3.1318669176433493,0,688,6313,2433,6852,1713,0,0,29.03,0.019485820504443103,0.004871455126110776,1.7062890108969442e-05,40.28893867952998
11020520,소공동,8,943090.0451435072,1353487.5287231244,21019359.63970928,4521164.020210606,1.4351625655397182,22.287754756769623,4.793989761097133,0,287,1369,394,64145,3849,0,0,60.44,0.06801577466503646,0.004081264583143274,8.48275309564723e-06,71.48309291659353
11020540,회현동,10,897156.106999932,3335208.213932594,26069950.328649692,986073.4344336014,3.717533869423737,29.05843266878823,1.0991102069527308,3,430,2795,2020,45209,8559,1,4,67.11,0.050391453222866506,0.009540145726172098,1.1146332195550998e-05,66.1249232548353
11020550,명동,15,968876.2596072336,2372650.519258704,32852764.892761923,3159666.7704728055,2.448868465639294,33.90811217325099,3.26116646903257,0,234,1680,1022,110383,6959,0,0,32.63,0.11392889329707404,0.007182547751504654,1.5481853178986894e-05,60.38185289207715
11020570,필동,8,1463586.7173389706,5537146.87680314,18222481.58412982,6789374.424176019,3.7832721568220697,12.450565018286817,4.63886037208657,0,386,2433,1176,22422,2884,0,0,29.45,0.01531989853024459,0.0019705016216762733,5.466023915884253e-06,79.12730245280454
11020580,장충동,13,1017158.9421082004,9354340.231802102,8582323.267105695,1640621.0228962975,9.196537379314544,8.437543939118955,1.612944599883168,0,512,3100,1096,9166,804,0,0,9.09,0.009011374349137711,0.0007904369383271568,1.2780696763996317e-05,80.75297408168333
11020590,광희동,16,736648.8912997656,4638160.202422347,31171925.438364506,1155977.4363084286,6.296296997391304,42.3158519703516,1.5692380046466738,0,343,2947,1615,36390,8432,0,0,42.79,0.04939938202485908,0.011446430042143768,2.1719981104637134e-05,49.818613027610425
11020600,을지로동,16,611191.8241216319,528563.9359819288,34184847.47629666,2184799.824277504,0.8648085840178721,55.93145413131968,3.574654859654523,0,88,1027,687,35329,8807,0,0,27.37,0.05780345646834311,0.014409551391680991,2.6178360652537283e-05,39.62908242500792
11020690,신당동,11,534537.9543277827,9169447.992614057,15707591.496693589,3577821.104087247,17.153969925569175,29.385362385439844,6.69329665951709,0,586,5059,1881,29863,11433,0,0,23.44,0.05586694033166654,0.021388565409099673,2.057852002974691e-05,46.76737102947389
11020700,다산동,9,523575.8824797477,21926105.36294592,8858400.696943207,2111660.0220921757,41.87760761458305,16.919038850659543,4.033149907690517,0,1554,9270,3702,9642,1324,0,0,10.32,0.01841566871672857,0.0025287643000361567,1.7189485423206505e-05,37.17020362706689
11020710,약수동,5,485866.1432877514,9205943.89768337,4013250.321439358,1004668.5604279906,18.94749001317263,8.259991721758093,2.067788781555379,0,2315,10127,5083,4027,736,0,0,80.83,0.008288291035607619,0.0015148205120951595,1.0290900218037768e-05,70.7247294835139
11020720,청구동,5,342312.10888944694,9397306.90430139,2455533.555667067,1677602.2419496754,27.452452484923175,7.173376260727328,4.900797250182796,0,1838,8739,3720,4328,790,0,0,76.19,0.012643432374959705,0.0023078353919173213,1.4606553113400769e-05,60.4733740041667
11020650,신당5동,5,319464.4409896149,8147911.234471506,5955933.7379028285,1635221.575162778,25.50490818080244,18.643495092765093,5.118634080517072,0,1265,6866,2423,4006,1142,0,0,63.03,0.012539736777793149,0.0035747327509335434,1.565119418096998e-05,50.73296264591539
11020730,동화동,5,326798.38384191156,5711902.410621271,4820838.596887508,1097475.3590522076,17.478367987842923,14.751721046514064,3.358264340692426,0,1709,6577,2544,3987,947,0,0,81.45,0.012200182733482261,0.002897811148384174,1.5299953264963958e-05,64.41164662495059
11020670,황학동,5,328391.1913211211,5019498.776224171,13504972.5018698,692090.3404887959,15.28512003026231,41.124649073378485,2.107517980931551,0,1294,8647,2709,5602,1906,0,0,50.88,0.01705892285749964,0.005804053367796201,1.5225743357282791e-05,41.482712915427655
11020680,중림동,8,484023.16386115225,6993501.418009729,5060398.005896233,1414194.6299514542,14.448691591991448,10.454867419006144,2.9217498986414885,3,1856,7946,2820,7478,964,1,4,73.12,0.0154496738135257,0.001991640218807004,1.6528134595908747e-05,72.17469109036092
11030510,후암동,5,865244.0803748902,29177250.192889515,5838908.077255607,3087191.3522637677,33.72140977866926,6.748278560571882,3.5680005472284297,3,2419,11243,4234,3551,821,1,4,11.19,0.00410404425814782,0.0009488652030243201,5.778716218174909e-06,55.962311113530426
11030520,용산2가동,6,1965379.646328625,17173080.83806475,3460619.0713317143,2415942.2895423896,8.73779316385232,1.760789106469191,1.229249674003405,0,1099,6406,2897,2003,534,0,0,9.69,0.0010191415199254043,0.00027170323097362254,3.0528452918384554e-06,88.27216805567508
11030530,남영동,8,1176908.797605099,9018210.438621264,15018688.649287574,1588859.749711864,7.662624713973157,12.761132111382992,1.350027931599328,3,502,4888,2381,20308,1605,1,4,16.52,0.01725537275373619,0.0013637420361309132,6.797468092864365e-06,78.22621524304452
11030710,청파동,8,885524.0864885414,31283533.912616603,11625537.725757424,7239585.086542839,35.32770524251732,13.12842632192801,8.175480709113968,3,2039,13135,4657,8433,1576,1,4,1.21,0.009523174048652928,0.001779737021306417,9.034198077697548e-06,43.3683877264407
11030720,원효로1동,8,588618.2441152311,10930061.969152603,15485890.979257816,1650152.118478404,18.56901663926828,26.30888718465582,2.803433524149077,3,2262,10897,2832,10019,1710,0,4,54.34,0.017021218930938223,0.002905108730602292,1.3591151956034114e-05,52.31866265192682
11030570,원효로2동,5,708448.6920712206,11354743.739243528,7788506.058561984,3178136.0109660607,16.027616207529157,10.993747529960862,4.486049655444295,3,2400,8800,3362,6759,870,0,4,68.46,0.009540563876466455,0.0012280352970152118,7.057674120777079e-06,68.49258660706569
11030580,효창동,6,445853.9028966531,10196723.611724582,3133723.843848775,1370545.2230803529,22.87010059904788,7.028589014225044,3.073978301358593,0,1596,6560,2022,2115,351,0,0,46.22,0.004743706371552858,0.0007872533978321765,1.3457323039866265e-05,67.02733208536849
11030590,용문동,6,277325.00179992145,9503198.310856553,4105463.3220321266,498830.9726695942,34.26736950934095,14.803798054219609,1.798723409112173,0,1779,7776,2889,1715,556,0,0,54.22,0.0061840800101227835,0.0020048679216491355,2.1635265341537434e-05,49.130109027327265
11030730,한강로동,10,2867675.9439971372,13893487.959276572,33458321.992731832,4010304.832189744,4.844859820496664,11.667399889715444,1.3984511885258355,3,1827,11866,4297,41402,4875,0,4,46.24,0.014437475087281673,0.0016999828764431226,3.48714436193461e-06,82.08928910126205
11030630,이촌1동,4,2870622.4573845994,11811922.048371606,2374710.7870603586,2097604.679849876,4.114759855649339,0.8272459448477729,0.7307142304463773,0,5873,16365,6104,3590,790,0,0,99.47,0.0012505998449055238,0.0002752016371797671,1.3934260110367954e-06,94.3272799690565
11030640,이촌2동,1,1204647.7115449945,3591371.0708273584,1927177.5840053365,605768.0906223434,2.981262518833265,1.599785203205738,0.502859122062689,0,1125,5253,2522,767,281,0,0,84.08,0.0006367006657987454,0.00023326321654426003,8.301182083425624e-07,94.91609315589831
11030650,이태원1동,2,582461.1004865179,17520141.436809137,10276589.599900909,1405296.0620936248,30.07950474662586,17.643392136087858,2.412686548371745,0,581,4144,2136,6984,1519,0,0,32.21,0.011990500299584818,0.002607899478102712,3.433705698621082e-06,49.864416568914535
11030660,이태원2동,3,873587.4397270826,24176603.201563336,4645669.334397704,1535938.436532944,27.675081053267373,5.3179213930194065,1.7581965658901717,0,973,5735,2546,2155,664,0,0,23.12,0.0024668394965117347,0.0007600841882523396,3.434115308369004e-06,65.24880098782305
11030740,한남동,6,3029614.718166791,46560203.71928124,20743861.193474684,4828226.935785997,15.368358042389843,6.847029448690664,1.5936768813651458,0,2331,13240,5063,17852,2020,0,0,40.07,0.005892498439782883,0.0006667514479252422,1.9804498453225014e-06,76.19093562755435
11030690,서빙고동,4,2819832.46527736,16354195.678261427,4025020.84087302,2592965.3493034807,5.799704727015696,1.4273971558367449,0.9195458883577452,0,2380,8101,2848,4641,372,0,0,61.55,0.0016458424594835107,0.0001319227310768942,1.4185239900741313e-06,91.85335222878982
11030700,보광동,2,714558.4725689037,27126259.66986488,5554123.915361022,2004908.436443178,37.96226720585017,7.772805345647129,2.8058003836066026,0,1337,9079,3869,1988,752,0,0,15.62,0.0027821376084523008,0.0010523981295553974,2.798931195626057e-06,51.4591270648961
11040520,왕십리2동,7,372143.4604807907,9925096.085046804,4054897.5021229456,936775.120948779,26.670080598014753,10.896060075553178,2.5172419253008305,0,2554,11102,3674,2650,717,0,0,77.84,0.007120909760190663,0.0019266763388893229,1.88099503099376e-05,59.91661740113124
11040710,왕십리도선동,7,709747.3358944025,12014183.00558627,10231549.50483352,2766194.9763427046,16.92740838603692,14.415763170058296,3.897436223352397,0,4169,17872,5229,9902,2063,0,0,76.64,0.013951443702683688,0.0029066681840675067,9.862664705997357e-06,64.75939222055239
11040540,마장동,7,1034489.291812161,16082285.29648547,19607785.21205921,4154687.4418179146,15.546110939740531,18.95407266875753,4.016172496614212,0,3124,14864,5316,11518,2669,0,0,60.38,0.011133996350713372,0.0025800170394212527,6.766623932539816e-06,61.48364389488773
11040550,사근동,8,1168326.7093078103,12609906.853063852,7891872.554204893,10511823.619914796,10.793134105899838,6.7548507547863315,8.99733228400013,0,1262,8458,1982,10779,1009,0,0,38.93,0.009226015218203727,0.0008636282916010354,6.8473997351915585e-06,73.4546828553137
11040560,행당1동,9,573130.4000000659,10779917.934980648,9774642.071136124,2637243.443807116,18.80883989922609,17.054830927019403,4.601471922980901,0,2202,10321,3470,8551,1288,0,0,66.39,0.014919815804308791,0.002247307070044407,1.5703232632297874e-05,59.53485725077361
11040570,행당2동,8,457322.1761841619,7533452.634575476,1723597.1901903066,1933756.6925836103,16.47296594587572,3.768890467048378,4.228434117756175,0,4282,15152,5120,1937,514,0,0,95.72,0.004235526070744538,0.0011239341251227117,1.749313813420563e-05,75.52970946931973
11040580,응봉동,3,553164.5845739627,7635520.875758067,1796457.9604054647,1305470.7428920737,13.803343685928132,3.24760118507779,2.3600042000113284,0,3079,9652,3389,927,268,0,0,73.49,0.0016758122732987333,0.0004844851016656532,5.423340690287163e-06,80.58905092898274
11040590,금호1가동,2,445096.9507123839,6185388.16916795,2060031.78645418,1477897.7035727105,13.896721061036589,4.628276565716908,3.3203950312562567,0,2516,9804,3533,2006,464,0,0,84.13,0.004506883268340302,0.0010424695097257727,4.4934030591628135e-06,78.15460734199024
11040720,금호2·3가동,2,630718.9454332939,18184885.824803244,3930245.228635496,1732311.672468139,28.831995544878577,6.231373351145303,2.7465667315226567,0,3480,15018,5466,2535,878,0,0,67.59,0.004019222854037313,0.001392062195599511,3.170984500226677e-06,62.19006437245346
11040620,금호4가동,4,831211.830733361,8928918.971758911,2691750.426050098,2208153.1994411293,10.742049910287143,3.2383446992991214,2.6565468846767035,0,2486,9354,3238,1939,579,0,0,84.08,0.0023327386934157727,0.0006965733385702591,4.812251043663275e-06,83.36305850573703
11040730,옥수동,4,1920719.090109008,11067835.952990266,3642902.03442373,2592012.627197613,5.762339745559631,1.896634470487291,1.3495011532636492,0,4425,16910,5611,4126,805,0,0,94.32,0.0021481537936629516,0.0004191138642507698,2.0825533627367444e-06,90.99152463068943
11040650,성수1가1동,4,1884441.4977924544,11457243.89355478,8442036.018612327,5811331.72535239,6.079914875031392,4.479861024341601,3.0838483084564445,0,2345,11134,3352,10606,1682,0,0,63.27,0.005628192762878662,0.0008925721504018394,2.12264482854183e-06,86.35637579217057
11040660,성수1가2동,4,929378.449226402,12650664.787146294,12699936.254555136,2700728.916128337,13.611962702251684,13.664978206807287,2.9059517340609475,0,1898,9442,2998,21371,2736,0,0,51.99,0.022994938195047335,0.002943902994789645,4.3039517467684875e-06,69.81710735688009
11040670,성수2가1동,1,1184060.9126513745,15607807.876784565,17771470.44371042,3601316.8291712496,13.181592019480846,15.00891571863154,3.041496253015484,0,1919,10917,4236,18235,2367,0,0,43.25,0.015400390136191384,0.0019990525611387443,8.445511453902596e-07,68.76799600887213
11040680,성수2가3동,3,1053696.7254850871,5808459.379204123,36073884.70733894,1579513.6551608157,5.512458413050587,34.23554789043471,1.4990211290954327,0,1208,7495,2639,52912,5468,0,0,50.65,0.05021558738842897,0.005189348953733172,2.8471190309435837e-06,58.75297256741927
11040690,송정동,0,681394.466015134,12458656.180903511,4955615.508000787,1249781.1730449686,18.284058357214192,7.272755731319252,1.8341522207449372,0,1255,7121,2584,2591,593,0,0,32.36,0.0038024963940702567,0.0008702741650650955,0.0,72.60903369072162
11040700,용답동,5,2375334.161802022,15494518.128122538,23365317.725518085,34933419.4281333,6.523089836070807,9.836644503016888,14.70673894641899,0,1214,7948,3070,13189,1774,0,0,13.97,0.005552481925296263,0.0007468422879274828,2.1049669896490493e-06,68.93352671449331
11050530,화양동,4,1135446.812010598,22576582.98467878,14668100.21019018,11313060.024436723,19.88343508992833,12.918350780532442,9.963531452789116,0,1277,17629,3151,14945,2369,0,0,18.53,0.01316221934993542,0.002086403321512011,3.522842248226275e-06,57.23468267675011
11050540,군자동,0,737460.1372972513,25170140.78457172,10519550.203029012,5466047.325927249,34.130849264366795,14.264567901368276,7.411990220868068,0,2101,13600,4165,9904,1476,0,0,16.45,0.013429878442193892,0.0020014641135579748,0.0,44.19259261339686
11050550,중곡1동,3,614033.6009455529,17767311.60452891,11595579.839902332,2148456.607976315,28.935406103459083,18.88427574980628,3.49892351927956,0,1667,10580,3585,6146,1446,0,0,3.86,0.010009224235344217,0.002354919987684305,4.885726115527604e-06,48.68139462745508
11050560,중곡2동,4,545123.0428054762,24568182.18255413,10847175.07334626,1840570.8305110624,45.069058273732026,19.898581093767863,3.3764318988215263,0,2852,14724,4649,6790,1505,0,0,5.67,0.012455903468931896,0.0027608445833199563,7.337792912478289e-06,31.655928733678593
11050570,중곡3동,2,601404.2505817785,18823521.586506043,9713744.577962888,2384219.8486670298,31.299282584545743,16.151772403613933,3.964421346142158,0,1943,11071,4048,4369,1127,0,0,11.71,0.0072646643180538355,0.0018739475134920286,3.3255501570399794e-06,48.58452366569817
11050580,중곡4동,3,2311686.975970048,36570858.73041892,10348735.66832338,3540481.935091151,15.81998735580226,4.476702847703142,1.5315576770966002,0,3867,19080,7168,4453,1226,0,0,4.27,0.0019262988658367705,0.0005303486210455604,1.2977535588390547e-06,78.171752119398
11050590,능동,4,1091266.620928269,18017167.39281397,5019605.945479219,1422867.3050788278,16.51032575108725,4.599797931333562,1.3038677054636636,0,1191,8134,2270,5658,737,0,0,0.79,0.00518480075486526,0.0006753619929896954,3.6654653622235847e-06,77.58600861211552
11050630,광장동,1,2391913.4431120986,14941349.84674478,9446037.214605696,7844261.672993686,6.246609754951967,3.949155117551217,3.2794922807857056,0,9176,21488,5229,16050,1334,0,0,84.64,0.0067101090326455864,0.0005577124890684868,4.1807532913679666e-07,86.5247428467111
11050640,자양1동,1,568431.369456211,25894999.648672532,5284076.688086453,1680088.1356017515,45.55519107512477,9.29589211999587,2.9556569638459704,0,2773,15415,4857,8826,1619,0,0,14.84,0.015526940408457948,0.0028481890461469995,1.7592273293063616e-06,42.193259841033395
11050650,자양2동,2,1656250.4546226012,22130939.050982084,7923483.15085428,5853824.330861448,13.36207274039657,4.7839885137781,3.534383531502378,0,3863,16833,5764,5878,1216,0,0,38.95,0.0035489801578976114,0.0007341884777141027,1.2075468383455636e-06,78.31955521432295
11050660,자양3동,4,1195503.3965950874,12354301.329231478,6491978.675051811,3073367.6167083015,10.333974260899431,5.43033059842541,2.5707728020359943,0,5320,18011,5859,6010,1149,0,0,81.08,0.00502717099513628,0.0009611014098854551,3.3458708786264758e-06,81.66492233863917
11050670,자양4동,4,1179121.316773601,22952792.66548328,12974283.748408437,1906556.9793128544,19.46601451349248,11.003349327878857,1.6169302956287115,0,1756,11554,5144,6012,1658,0,0,28.81,0.00509871199377473,0.0014061318173117935,3.392356615951251e-06,67.91370586299996
11050600,구의1동,1,594547.3377039409,25229655.31201306,5863544.538675518,1725585.081934868,42.43506565759167,9.86219963799638,2.9023510366707512,0,2304,15655,4360,6875,1646,0,0,4.26,0.011563419031417515,0.002768492760103742,1.6819518591152747e-06,44.8003836677412
11050610,구의2동,2,1386971.8853216723,28794983.39084412,7399422.869668996,7850076.12285651,20.76104331715842,5.334947988475549,5.659866797542105,0,4395,16991,6058,5643,1040,0,0,17.94,0.004068575621235874,0.0007498349541175454,1.441990296379895e-06,68.24414189682392
11050620,구의3동,2,1026770.2186114228,15931366.072994586,9809017.387756577,2086318.0308706788,15.515999377679409,9.553274150298238,2.031923007751589,0,4745,19289,5759,16460,2611,0,0,62.49,0.01603085062410533,0.0025429253329003047,1.9478554828803557e-06,72.89880346427077
11060810,용신동,9,1617172.3870440316,31788666.2650415,38226337.06156935,4184907.488031904,19.656943514319337,23.637762657722487,2.58779306495663,0,2945,19927,7736,28388,5015,1,3,39.9,0.017554096413749564,0.003101091782265537,5.565269399878331e-06,54.117500763001544
11060820,제기동,7,1180807.747504301,28087352.05058616,32696424.512815315,3288182.786110976,23.786558065824224,27.689879730143137,2.7846893730674807,0,2558,14786,7590,13355,4487,1,3,37.6,0.011310054518284955,0.003799941192328311,5.928145385847599e-06,45.738872830965164
11060830,전농1동,6,1125837.1944873373,29664220.54008235,21262198.688511085,2856715.2878972185,26.348588130977756,18.88567795825316,2.537414203301443,0,4086,18683,7769,7608,2068,1,3,46.55,0.006757637815827192,0.001836855284323164,5.329367362639741e-06,52.22831970746764
11060840,전농2동,3,976821.1385074372,11829457.93133031,4251392.533933101,9973114.866112398,12.110157596922484,4.352273273313006,10.209765609035768,0,3182,11360,4958,4681,748,0,0,83.93,0.004792074838905055,0.0007657491945099298,3.0711866089970442e-06,73.32780352072874
11060910,답십리1동,6,787641.347694006,17241543.649328753,10077588.540789284,2723389.825727135,21.890094647528574,12.794641330465508,3.4576521835737295,0,4882,18738,5732,7660,1590,1,3,75.82,0.009725238552202838,0.002018685286945498,7.6176803280962184e-06,61.85761183843219
11060860,답십리2동,2,875076.2664751676,14634598.61993172,13560564.941602984,1514980.4521913442,16.723797891217306,15.496437809044153,1.7312553319423565,0,4211,18345,7602,7259,1902,0,0,80.87,0.008295276969579473,0.0021735248376002422,2.2855150763409486e-06,66.04850896779618
11060870,장안1동,2,1341140.8014898573,22106914.187008604,28323041.408637587,3173761.508840553,16.483663879624196,21.118618848351986,2.3664640620245536,0,5419,24172,8912,20112,4020,0,0,51.36,0.014996188302904405,0.002997448139303685,1.491267730996858e-06,60.031253209999264
11060880,장안2동,0,995877.0812284732,20079722.55311144,20046397.704651468,3241447.529055641,20.16285235557577,20.12938954265626,3.254867081645381,0,5876,19742,7106,11143,2711,0,0,57.35,0.011189131881760508,0.0027222235063674716,0.0,56.45289102012259
11060800,청량리동,4,1203482.1013895755,20547285.904169414,11246570.869473057,8003426.530809195,17.073196086958767,9.34502545279854,6.650224811460183,0,2211,11614,7332,8132,1476,1,3,58.3,0.006757059361782767,0.0012264411728961345,3.3236888154366783e-06,66.93155364878251
11060710,회기동,3,766332.5189408528,12636821.201985538,8206439.285844232,4939849.688014156,16.489997344039207,10.708718582354225,6.446091697689557,0,1254,7030,2037,10776,992,0,0,45.89,0.014061780928666421,0.0012944772347101975,3.914749701744549e-06,66.35519237591701
11060720,휘경1동,4,521397.6276853318,13585640.780712407,6857908.75349954,887405.597585097,26.056199835476555,13.152934323741016,1.7019747510639889,0,1628,9494,3420,3477,849,0,0,51.11,0.006668614921339295,0.0016283158090932013,7.671688146493293e-06,59.08889108971844
11060730,휘경2동,3,1112757.5054327354,20572039.88299429,6855633.318952576,4745025.263571918,18.4874420370628,6.160940982632616,4.2642042317446744,0,3553,15372,5405,4334,625,0,0,60.44,0.003894828818319784,0.0005616677460659586,2.696005181116602e-06,71.08741274855991
11060890,이문1동,5,1038808.7971404,42385891.44197986,8824563.25769526,5982946.585128419,40.80239940079291,8.494886914692326,5.759430033320939,0,2198,12155,4492,6099,1070,0,0,34.04,0.005871147815392421,0.0010300259325249862,4.813205292172833e-06,44.94328365119382
11060900,이문2동,2,723336.1432560202,13659120.879060816,9295630.431054983,1380494.155814274,18.883503895679464,12.851052056118334,1.9085098521416717,0,3339,12139,5204,2126,521,0,0,74.86,0.0029391590891624016,0.0007202736996489234,2.764966217462278e-06,66.35693419606054
11070520,면목2동,6,762536.3752363183,23480396.029436655,11640006.67574642,2131109.1506233383,30.792493042918544,15.264854312214355,2.794763921869149,0,3222,16080,6295,5974,1730,1,0,36.94,0.007834380357357049,0.002268744228026062,7.86847709141987e-06,51.14788872299795
11070540,면목4동,2,842818.455418721,15821392.141161237,5662995.598359191,2627518.3778155623,18.772004859932743,6.719116746851202,3.117537781621291,0,2529,12082,5144,3561,894,0,0,52.8,0.004225109188180517,0.0010607266538144853,2.3729902769898997e-06,71.39134061159476
11070550,면목5동,2,704395.2091784383,10475069.406824645,6307277.1086727325,1316999.5774299318,14.871011713782236,8.95417377416456,1.8696884366462347,0,1206,6040,2454,2889,669,0,0,8.85,0.004101390756658513,0.0009497509228814624,2.83931516556491e-06,74.30512607540697
11070710,면목본동,5,848365.78313685,39469574.42520662,13586840.146069491,2861690.7100055977,46.5242413234384,16.01530898126498,3.373180256545045,0,4031,22829,8481,7328,2219,1,0,9.17,0.008637783542870143,0.002615617041706993,5.893684185910304e-06,34.087269438751576
11070570,면목7동,2,1234524.0150640404,19523319.775896367,7856531.43764023,1610721.231841938,15.81445118739436,6.364016691269206,1.3047305780911702,0,2565,13453,5854,4105,1247,0,0,46.12,0.003325168202381063,0.0010101059070326884,1.6200575894670224e-06,76.51680154324526
11070720,면목3·8동,2,1613531.430220525,26377767.421195656,10996038.396348018,3718768.81850308,16.347848530964498,6.814889496664571,2.3047390021989393,0,2969,16185,6987,7338,1790,0,0,30.6,0.00454778869659305,0.0011093679159037285,1.2395172244734397e-06,74.532522970172
11070590,상봉1동,7,853561.8367980008,15406994.700966569,5877248.051819305,3488257.654075933,18.05023846750625,6.885556263699477,4.086707610032763,0,4147,15797,5390,6369,904,1,0,67.87,0.0074616738065723005,0.001059091399142936,8.200928975664327e-06,70.97749765876151
11070600,상봉2동,8,676924.9459255502,17169698.22941256,15076280.286291558,891133.5471413634,25.364256898431577,22.271716202862,1.3164436508140924,0,1752,13573,4186,9150,2003,1,0,24.67,0.013517008133529724,0.002958969102891807,1.1818149187785551e-05,51.047583247892334
11070610,중화1동,6,641000.9120395957,18269137.38802772,4195375.820652848,3332939.043409381,28.500953812838265,6.5450387696073875,5.1995854932629175,0,2885,12847,4994,3345,844,1,0,37.41,0.005218401311324796,0.001316690794247572,9.360361096546719e-06,59.75442192429143
11070620,중화2동,7,1016175.9160013152,32299891.31294811,12076154.964156536,2340477.81444152,31.7857280460348,11.8839216458471,2.3032211033414125,0,2565,16914,7241,6462,1802,1,0,13.23,0.006359135163687589,0.001773315005410869,6.888571053205373e-06,54.027129204776685
11070640,묵1동,6,1237485.180428794,26805823.376663577,5971698.820363814,4160028.005382869,21.66153082122183,4.8256729977926645,3.3616790497171056,0,5938,21926,7972,5386,1205,0,0,58.91,0.004352375353772078,0.0009737490347744809,4.848542911740154e-06,70.15111713126839
11070650,묵2동,4,668690.7559510663,18391871.13709908,6555480.027678375,2327966.297477878,27.50429996739026,9.803455437864756,3.481379511769765,0,2532,12237,4895,4087,1210,0,0,31.2,0.006111943321432667,0.001809506097121,5.981838337590083e-06,59.21086508297522
11070730,망우본동,5,2945831.542387538,28111537.149410732,21502013.027807377,6403361.986081223,9.542818978245744,7.299131915187662,2.1737027029357643,0,3640,18715,8356,10522,2347,0,1,41.24,0.0035718267825445337,0.0007967190133655218,1.6973136202929736e-06,80.98434640363084
11070680,망우3동,0,961818.5318018144,21255362.18784727,5775140.794151386,2300046.643881937,22.099139790983983,6.004397506598855,2.391351973197235,0,2198,10715,4661,3515,901,0,0,1.67,0.00365453553216391,0.0009367671449444333,0.0,69.50511072921992
11070690,신내1동,7,2604936.6339994743,18180611.405196317,9330172.712637696,4258517.113435257,6.979291230314044,3.5817273214483794,1.6347872181815677,0,7630,23648,9439,10867,1366,0,1,87.56,0.0041716945656653836,0.000524388955249739,2.6872054807819713e-06,87.80419423005601
11070700,신내2동,3,910579.9236387472,5740712.859805123,2677211.6181424647,3182034.1005013804,6.304457973183501,2.940117115084332,3.4945137904926877,0,3435,12908,5473,6176,826,0,0,95.74,0.006782490849625155,0.0009071142230878203,3.294603715815328e-06,87.26091112123947
11080810,성북동,3,2877749.923628326,54694003.13342846,7269543.174035693,6380288.648421882,19.00582211273909,2.526120534083832,2.2171101790448433,0,2159,10745,4150,5246,1103,0,0,10.54,0.0018229520073681407,0.00038328556311991216,1.0424811326924174e-06,76.25094717413224
11080820,삼선동,6,925528.3519526154,32750592.92694037,7253430.517660037,5571748.614018383,35.385834326787986,7.8370700393534705,6.020073401601901,0,3453,16247,5637,8778,1693,0,0,39.47,0.009484312372912123,0.0018292254325974282,6.482783576836722e-06,50.757022232256645
11080830,동선동,5,724236.3137330249,22283179.782135684,9567975.128904888,5510421.845871876,30.767830001893454,13.21112314789552,7.608596450333726,0,1649,10756,3020,9907,1981,0,0,21.19,0.013679236751880442,0.002735295044461003,6.903823938568912e-06,48.4124503998773
11080580,돈암1동,1,488925.34809077566,7057284.184078682,1119479.086313814,1629965.691602267,14.43427756739747,2.2896728318245576,3.333772114633013,0,2419,9417,3982,2012,282,0,0,91.94,0.0041151476555993435,0.0005767751684289339,2.045302015705439e-06,79.94227748614496
11080590,돈암2동,4,518117.1719194885,9031111.285485445,834377.5517180875,1793799.35777957,17.430634950830793,1.610403200162112,3.4621499826651427,0,5225,14889,4814,2376,320,0,0,94.67,0.004585835268018011,0.0006176209115175773,7.720261393969716e-06,77.49681186634194
11080600,안암동,9,1378526.3863605345,21513557.18773049,8940066.820037112,13128219.366554547,15.606199054723003,6.48523445651258,9.523371838543136,0,1463,10947,2996,13244,1330,0,0,27.73,0.009607360534367124,0.0009647983623307366,6.528710722538819e-06,68.38519465022128
11080610,보문동,8,552588.386634134,18078592.66070536,5332377.949246566,2173625.315879678,32.71620087932667,9.649819066460234,3.933534197342486,0,2092,10753,3436,5199,1032,0,0,51.48,0.009408449626626243,0.0018675745363874365,1.4477321987499508e-05,53.70044585687061
11080620,정릉1동,3,411654.233031389,13239061.48803678,2203454.7883124533,812188.9372753174,32.16063488657795,5.352683420953521,1.972988183054557,0,3421,11365,4155,1833,614,0,0,77.18,0.004452766066456808,0.0014915430249888052,7.287669503202632e-06,60.51369350941397
11080630,정릉2동,2,1094064.485333524,29003459.69050157,3733788.5873889993,2778980.804743054,26.509826504111327,3.412768294229713,2.54005211027016,0,3617,13875,6057,2722,665,0,0,39.29,0.0024879703495222427,0.0006078252323410328,1.8280458115519785e-06,67.53735309138881
11080640,정릉3동,1,3324627.606889553,31693439.68188711,4095554.045224227,9132198.574277692,9.53292922678302,1.231883545915669,2.7468335266642305,0,1804,9449,4382,4611,564,0,0,14.39,0.0013869222497072623,0.00016964305982105748,3.0078556705861256e-07,86.48835370063708
11080650,정릉4동,2,3568232.306668583,24220452.97891735,3821794.952713573,5001099.501390859,6.787801605196033,1.0710611373511507,1.401562194267572,0,4235,15549,6607,3910,708,0,0,57.81,0.001095780673439265,0.00019841757462787718,5.605016232425909e-07,90.73957506318524
11080660,길음1동,2,796710.2780428466,12613988.14300264,3147412.3444397706,3991175.8682161984,15.832591207420403,3.9505105320989777,5.009569950598221,0,9206,21510,6165,3751,843,0,0,96.13,0.004708110467919924,0.0010581010729022915,2.5103228301359233e-06,75.2073283098824
11080680,길음2동,2,587556.5427815143,12677203.106533086,7507595.763873507,740246.5269575778,21.57614150038861,12.77765664617106,1.259872834456448,0,2784,10162,3540,4743,921,0,0,85.93,0.008072414575567042,0.0015675087126496405,3.4039277147657776e-06,64.38632901898389
11080840,종암동,3,1403462.327063302,29928684.676460877,12192142.28661863,4683533.182171529,21.324893514659312,8.68718885538615,3.3371278244223808,0,6795,24326,9069,8428,1776,0,0,65.28,0.006005148722142942,0.001265441875952286,2.1375707364058883e-06,66.65078980553216
11080710,월곡1동,2,801148.5144281337,15729821.885350034,7708650.060250469,3462896.962538802,19.634089812396528,9.621998819723164,4.32241575709673,0,5014,15870,6441,5131,1087,0,0,74.26,0.006404555344646059,0.0013568021164744235,2.4964160376714324e-06,66.42149561078358
11080720,월곡2동,3,1363862.6449986238,19367211.33708874,8262152.601132819,7476049.407567826,14.200265259928932,6.057906660491575,5.481526629520211,0,2761,12319,4867,8819,1422,0,0,58.2,0.006466193668603804,0.0010426269868187559,2.1996349932885145e-06,74.26030145005927
11080760,장위1동,0,708007.1947546556,35002489.36887425,6518795.702677241,1887830.7006498843,49.43804191284186,9.207244998316982,2.666400447108551,0,2705,12415,5268,2068,716,0,0,1.58,0.002920874272594661,0.001011289158209757,0.0,38.68831264173261
11080770,장위2동,2,679375.7924119356,30720488.656494334,11495768.16885481,2104158.6194840237,45.21869780998488,16.92107416433292,3.097193987459858,0,1561,7938,4233,3048,938,0,0,5.85,0.004486471307925258,0.0013806791623470775,2.9438788109745786e-06,34.763034038222344
11080780,장위3동,3,652103.7834481776,17310307.779921725,6519050.375751972,1537354.0480329143,26.545326402476498,9.99695223554862,2.3575297169780756,0,3206,10592,3568,2188,454,0,0,70.39,0.003355294134925574,0.0006962081980147215,4.6004947005378076e-06,61.10019164499681
11080850,석관동,7,1703758.6633156778,35036162.459591225,14979879.562749708,7246208.796279827,20.564040678981783,8.792254375744406,4.253072311414112,0,4527,21569,9474,9602,1779,0,0,45.77,0.005635774717797901,0.001044161968648455,4.108563114412133e-06,66.3906326338597
11090690,삼양동,4,923394.3216598168,35213462.16213787,5454007.559104217,3080317.044827318,38.13480474824784,5.906477255892745,3.335863100490369,0,3601,14911,6833,3262,812,0,0,33.14,0.0035326186477962897,0.0008793642985930678,4.331843835433831e-06,52.622854895369045
11090700,미아동,4,840567.7338097914,25572099.67549006,10178197.804959685,3764054.427947054,30.422414098132233,12.10871818601458,4.477990620561705,0,2368,13823,6098,6657,1573,0,0,16.42,0.007919647319495121,0.0018713542486954826,4.758688490007585e-06,52.99087709529148
11090710,송중동,2,1074979.9840741851,34883163.76094265,12452414.404099723,3872238.47780679,32.45005886410564,11.58385699136922,3.6021493750339113,0,3807,18577,8165,8372,1878,0,0,33.4,0.00778805198603992,0.0017470092725493274,1.8604997577735116e-06,52.36393476949122
11090720,송천동,4,929209.3075045171,42034092.29104205,12016131.43257947,3675406.505918272,45.23640901093504,12.93156594056292,3.955412926059617,0,3078,16659,8404,7758,1826,0,0,17.36,0.008349033890707984,0.0019651116118113918,4.304735184690891e-06,37.876612122442424
11090730,삼각산동,2,621441.3168800542,8785051.18833867,1677746.207340946,2099447.780460343,14.136574041204751,2.6997661110852267,3.3783524259388154,0,7425,19333,6009,2070,605,0,0,99.12,0.003330966164849039,0.0009735432510790669,3.2183247969555933e-06,79.78530742177121
11090600,강북구 번제1동,0,626560.6523036485,22679105.908781555,10749204.586092522,2142535.100777836,36.19618599635688,17.155888335105924,3.4195174767206806,0,1955,12343,4906,9468,1730,0,0,17.51,0.015111067005306353,0.0027611053991529353,0.0,43.22840819181651
11090610,강북구 번제2동,0,973558.5116256434,15462905.275630958,2962550.2160219066,2730546.9605012997,15.882872052354688,3.043011981966091,2.8047076040060968,0,2003,9662,5302,3442,425,0,0,39.83,0.0035354834443563233,0.0004365428424902491,0.0,78.26940836167313
11090620,강북구 번제3동,0,1080354.8515131683,6310254.364707637,2498798.4255766138,2774611.9726857273,5.840908990105759,2.3129422912080626,2.5682413225613288,0,2560,9742,5863,2758,480,0,0,94.59,0.0025528649185140944,0.00044429846297562196,0.0,89.27790739612485
11090630,강북구 수유제1동,0,1648718.7929156155,29186219.896256022,9343578.19652668,4726701.278595683,17.702363812231884,5.667175164542995,2.8668935532886866,0,2596,12970,6002,5161,1285,0,0,8.01,0.003130309439150577,0.0007793930690386537,0.0,73.76356746993643
11090640,강북구 수유제2동,0,581177.02928687,21963176.19743356,8004990.371131798,2140288.9432761306,37.79085388901786,13.773755616174777,3.682679864175568,0,2693,12804,6301,3584,1067,0,0,36.75,0.006166795691041092,0.0018359294091352804,0.0,44.752710630631796
11090650,강북구 수유제3동,0,745080.9524737196,29740601.05377793,15207251.223583262,2047531.4228747075,39.91593256415575,20.410199956251937,2.748065718331362,0,2178,15224,6282,8988,2386,0,0,3.81,0.012063118739029089,0.0032023365944952613,0.0,36.92580176126095
11090740,우이동,4,10579790.15684463,31812600.249076176,10758110.19384293,4408566.684051385,3.0069216664467495,1.016854780137859,0.4166969872459378,0,2699,12213,6335,4032,794,0,0,12.81,0.00038110396711296516,7.504874749198769e-05,3.7807933245333846e-07,95.55952656616945
11090750,인수동,3,2995754.9505094797,43723876.628933825,11492626.706854694,6716878.402053578,14.59527810226862,3.8363040024018566,2.2421321212909144,0,4117,18659,9454,5377,1178,0,0,6.7,0.0017948731083854504,0.00039322308381589373,1.001417021602446e-06,79.32628577403861
11100590,창1동,4,1121318.0350163437,13960787.28384448,4739530.728302036,2888873.735501526,12.45033687845839,4.22674975367979,2.5763196927974312,0,4105,15748,6248,3255,835,0,0,78.29,0.0029028338957586895,0.000744659386469587,3.567230593866285e-06,80.74659367506439
11100600,창2동,1,653945.3199284887,21868817.898182463,8287272.485533571,1880225.8739632787,33.44135546466469,12.672730017304527,2.8752035019822273,0,4491,18646,7080,4097,1079,0,0,30.13,0.006265049806282537,0.0016499850478347224,1.529179840439965e-06,51.01071101604856
11100610,창3동,0,654987.2585619986,17004269.39355083,5789468.256756175,2110932.01352795,25.961221644040993,8.839054777136807,3.2228596601442696,0,2021,8743,3914,1954,699,0,0,28.77,0.002983264139000361,0.001067196332221726,0.0,61.97686391867793
11100620,창4동,3,1139307.1425799911,6802821.39580284,7012460.133590482,3441011.519163983,5.971016191821348,6.155021654398287,3.0202667836977843,0,4806,16995,5973,7302,1091,0,0,97.16,0.006409158449933295,0.0009575995438067961,2.633179313859201e-06,84.85369537008258
11100630,창5동,3,700942.9110056368,9681924.276470011,8877025.465885315,2590282.2469450836,13.812714451422924,12.664405797541376,3.6954254137884464,0,3847,15686,6151,6455,1253,0,0,76.09,0.00920902387135491,0.0017875920853303955,4.279949126888417e-06,69.82745433724725
11100640,도봉1동,4,8445069.216864066,26921491.679390892,11922168.985837176,6121971.539631182,3.187835527224694,1.411731352305514,0.724916680067718,0,2282,12381,7478,5483,1343,0,0,16.27,0.0006492545956928848,0.00015902770782701885,4.736491670201604e-07,94.67551644040208
11100650,도봉2동,5,1118179.2149436572,12667219.24891523,7527537.2350186845,5335264.256858769,11.328433832096858,6.731959541385307,4.77138564691314,0,3696,16014,8854,5950,1057,0,0,82.89,0.005321150599500811,0.0009452867535583795,4.471555125630934e-06,77.1682209796047
11100510,쌍문1동,3,1174885.560468361,25825526.859497853,4833776.864462768,6406562.8313750755,21.981312672872296,4.114253359736425,5.452924988559003,0,3065,12983,6064,3540,622,0,0,27.29,0.0030130594153856736,0.0005294132645112681,2.553440182530232e-06,68.45150897883228
11100520,쌍문2동,1,540781.8048788009,15681686.83763821,5729359.252213441,1699645.9076285714,28.998177631277304,10.594585839472716,3.14294211139277,0,2675,11783,5367,5325,1033,0,0,45.01,0.009846854964166115,0.0019101974043161684,1.8491746411579558e-06,57.26429441785721
11100530,쌍문3동,1,504422.9298473836,17090925.88661535,6307145.893660427,1885620.6348511628,33.88213515945106,12.50368593586476,3.7381739077992937,0,2044,10451,4591,4050,834,0,0,37.49,0.008028976797595351,0.0016533744812825982,1.9824634068136667e-06,49.87600499688489
11100540,쌍문4동,1,554447.0182321169,6970067.475833005,891923.5970209537,1852643.1363336907,12.571205627649377,1.608672366685095,3.341425015217756,0,3476,11880,4410,1907,425,0,0,89.4,0.003439462991515716,0.000766529507810267,1.8035988419065107e-06,82.47869699044777
11100550,방학1동,1,1040065.5393087548,19579039.318414204,12730742.773632642,5246502.1072928645,18.824813031904476,12.240327452915812,5.0443956741224,0,4117,17689,7955,13315,2012,0,0,51.85,0.012802077846672387,0.001934493475591802,9.614778705724662e-07,63.89046384105731
11100560,방학2동,1,1091985.6081384963,24771517.17124191,6691969.501551697,2359682.0471533895,22.684838505765494,6.128257965743223,2.1609094749663695,0,2664,12329,5957,2620,930,0,0,4.07,0.002399299020471809,0.000851659575969001,9.157629849129042e-07,69.02599405352491
11100570,방학3동,2,1949549.809847569,9500348.298594847,2945427.1437587948,2362337.9339716043,4.873098522852134,1.510824257416173,1.2117351000928314,0,5107,16596,7000,2797,526,0,0,95.26,0.0014346901966071563,0.00026980587894721636,1.0258778667194539e-06,92.40434211963887
11110510,월계1동,6,1140714.9239171862,16752250.387502886,8368810.17259762,4666908.549235056,14.685746663133049,7.33646066789355,4.091213721662386,0,3214,14152,5834,6586,1249,0,0,57.07,0.005773572223747285,0.0010949273773854175,5.259859298889115e-06,73.88657894731102
11110520,월계2동,2,2003257.4518270672,9671800.993433438,2281343.5672407034,6344068.576829183,4.828036947828293,1.1388169629220688,3.1668763148955654,0,4094,15382,7664,2794,469,0,0,94.29,0.001394728369754866,0.00023411868483000437,9.9837392251601e-07,90.86626977435407
11110530,월계3동,9,1133290.9990217355,7882789.162315897,6573989.034977686,2430184.8102195463,6.955662022481758,5.80079524204498,2.144360814933939,0,4823,18380,8193,3634,569,0,0,99.44,0.0032065903665561865,0.0005020775780326005,7.94147311475115e-06,85.09918192053932
11110790,공릉1동,4,1262293.2058036237,22493108.54525639,14959994.965481983,3949016.4496772382,17.819242345471096,11.851442197977994,3.1284462528364356,0,5283,24040,9000,11480,2373,0,0,64.83,0.00909455897182022,0.001879911885028692,3.1688358786830037e-06,67.20086920371448
11110560,공릉2동,4,6978055.84259063,23469989.8366122,10648688.56478454,20901763.421085957,3.3633995436612727,1.526025128631125,2.995356284412608,0,7899,25116,7428,11043,1436,0,0,83.73,0.0015825324773962282,0.00020578797768187846,5.732255645734776e-07,92.115219043295
11110580,하계1동,1,1525890.4777610328,10811977.274977656,5992222.150569539,10322868.811128167,7.085683692608312,3.9270329279215614,6.765144000554419,0,4900,17697,6090,7861,950,0,0,88.11,0.005151745891673085,0.0006225872786018866,6.553550301072491e-07,82.2221393789157
11110590,하계2동,2,499641.4303040422,5632640.120045038,562142.077473208,1886810.0496515068,11.273364814077686,1.1250910020234568,3.77632825305008,0,4628,14192,4438,1037,231,0,0,100.0,0.0020754884144579626,0.00046233155616180266,4.002870616119503e-06,83.82521593084877
11110600,중계본동,0,2181556.3382772817,20805087.312412128,4843338.890188338,3791259.2974845623,9.536809546179937,2.2201300994192965,1.7378690758352917,0,6315,15496,3993,5404,1007,0,0,76.49,0.002477130617787587,0.00046159706367729456,0.0,86.50519127856548
11110610,중계1동,0,622972.9598422882,6487088.660129652,2890045.2767261057,2834598.112383041,10.413114337694406,4.639118329401889,4.550114202550056,0,7956,16545,3478,4036,881,0,0,97.79,0.006478611850114599,0.0014141865807608923,0.0,80.39765313035365
11110640,중계4동,1,1518104.798449378,6331474.595150379,3318099.989215288,3441210.292535707,4.17064395133819,2.1856857264429044,2.2667804594588112,0,3789,12166,5304,3711,847,0,0,94.0,0.0024444952705281234,0.0005579324963991703,6.587160524193273e-07,91.3768898627601
11110780,중계2·3동,2,918380.4956780896,9081306.388150008,2549524.292265025,5058127.305709712,9.888392045439502,2.7761089268153225,5.507659765765197,0,5869,21097,9643,4833,1062,0,0,95.01,0.005262524653661021,0.0011563834434487905,2.177746597831997e-06,81.82783926197997
11110650,상계1동,4,5398483.701445269,17184348.036515456,10579418.985323371,7598423.590108002,3.1831804978710787,1.9597019404710023,1.4075107030653384,0,6163,23913,9879,7919,1584,0,0,78.61,0.0014668933793141352,0.00029341572330263794,7.409487962187827e-07,93.44960685859257
11110660,상계2동,3,622648.9470855747,10798965.12549596,12819469.684879247,3231843.7105356306,17.343585299617935,20.58859931408088,5.19047486655664,0,3115,13147,4782,10394,2518,0,0,62.42,0.016693194533587724,0.004044012298977669,4.818124264071886e-06,56.87734051974454
11110760,상계3·4동,3,5207882.552876804,30191293.344756223,8414929.72000196,3939095.795297563,5.797230071572702,1.6158063540341558,0.7563718565660875,0,3344,14362,7991,3470,879,0,0,52.31,0.0006662976679603747,0.00016878260810869434,5.760498570262605e-07,91.83059171782705
11110690,상계5동,1,906196.8807098538,17595524.304102376,8126552.310625179,2437464.149501521,19.416889065342204,8.967755775388879,2.6897732726603243,0,3472,14980,6883,4741,1372,0,0,56.06,0.005231754931923735,0.0015140197778104544,1.103512957587795e-06,68.9255818866086
11110770,상계6·7동,4,1449188.0867129304,10306800.52786238,6580717.756920966,9077925.314289138,7.112120657326419,4.540968710174431,6.26414569476611,0,6130,21484,6878,15493,1650,0,0,99.01,0.010690813802530312,0.0011385685647824833,2.7601662176545053e-06,82.08276493773305
11110720,상계8동,2,665840.2223766204,5595261.224834074,985227.697643437,3103284.494894083,8.403309137532423,1.4796758509523638,4.660704461225484,0,5091,14886,3927,1605,392,0,0,99.86,0.0024104882012790994,0.0005887298285990074,3.0037236153010583e-06,85.45631055028973
11110730,상계9동,1,718895.6152777761,5268233.700171444,1269773.784642572,2333738.91789837,7.328231788054286,1.7662839467339644,3.246283421824224,0,3944,13145,4736,2269,447,0,0,100.0,0.0031562301281970015,0.0006217870724125428,1.3910225333613934e-06,87.65920084338752
11110740,상계10동,3,808596.8881865293,3847272.991215894,3722468.471090435,2307155.270567348,4.757961658551912,4.603614638486868,2.853282401001681,0,2584,10591,3380,1985,312,0,0,98.81,0.00245486969956969,0.00038585357494495885,3.710130528316912e-06,87.78514130195954
11120510,녹번동,4,1792888.489674982,37786410.97027455,8778275.935234994,6053251.580478999,21.075717306392292,4.89616391972394,3.376256591159411,0,5246,23319,9394,9117,1540,0,0,40.88,0.005085090373691838,0.0008589491253137469,2.2310366891266152e-06,70.65186218272436
11120520,불광1동,5,3122614.023352136,41552495.26256053,6221912.519002139,4608995.829661702,13.306958513544943,1.992533330239418,1.4760056142686282,0,5564,24497,10549,6746,1357,0,0,53.15,0.0021603694691464123,0.00043457180101270107,1.6012225534734747e-06,83.224502541947
11120720,불광2동,3,1395058.3164333142,42129349.1573856,5435120.010578777,4315626.402111787,30.198987856719786,3.895980509599423,3.0935096771763377,0,3362,17861,8026,3712,1056,0,0,10.03,0.0026608206669551295,0.0007569576035303386,2.1504477373020986e-06,62.81152195650445
11120550,갈현1동,2,960364.3933502928,35352292.20549742,8085591.455112769,1638535.3858484912,36.81133166773154,8.419295333207497,1.7061600754817194,0,3023,15006,6259,4731,1317,0,0,12.71,0.004926255109736358,0.0013713544661853273,2.0825428491804513e-06,53.06321292357924
11120560,갈현2동,3,984441.1117190326,32667674.137536913,10812489.603693364,4569681.057437626,33.18397997468083,10.983378766874717,4.64190392197055,0,4451,18445,6875,5759,1353,0,0,14.74,0.005850019804521497,0.001374383885313003,3.047414379851448e-06,51.1907373364739
11120570,구산동,1,1388754.7637064273,32978533.1377276,6238087.091551854,5184028.433969595,23.74683709434175,4.4918564850882055,3.732860955330959,0,5083,20025,8462,5114,820,0,0,25.47,0.0036824356132644292,0.0005904570205077888,7.200695372046205e-07,68.02844546523909
11120580,대조동,6,851064.6931701804,38726680.77790373,14028887.04532711,2837924.190203806,45.5038037515673,16.483925555729602,3.3345575406643375,0,3232,17435,6855,7682,2228,0,0,18.64,0.009026340842897157,0.002617897344177931,7.0499928478759365e-06,34.67771315203876
11120590,응암1동,3,1109043.8321867322,21065146.62059408,9645165.848661937,3274168.555096051,18.993971211272463,8.696830160124778,2.9522445011395835,0,4143,15412,5783,7617,1447,0,0,30.81,0.006868078410311945,0.0013047275121073104,2.705032851639206e-06,69.35695412746318
11120600,응암2동,2,754690.319204595,13231674.527838916,3145442.2766559925,813345.944744922,17.532588124072433,4.16785825472245,1.07772144951077,0,5047,15325,4869,1942,547,0,0,76.95,0.0025732409049860827,0.0007248006050604466,2.6500936199650696e-06,77.22183217169434
11120730,응암3동,3,752218.7382589733,23179267.69672067,9968993.125610434,2784336.940402687,30.81453109021133,13.252784886326928,3.7014990438115056,0,2937,15240,7523,4919,1545,0,0,12.4,0.006539321276839952,0.0020539238407639208,3.988201632551302e-06,52.23118497965024
11120740,역촌동,3,1156690.8217913862,53174722.526082784,14546014.472426804,3422732.7080697124,45.97142254810167,12.575542399393427,2.959073110625076,0,7041,29660,11370,7240,2027,0,0,11.73,0.006259235280111153,0.0017524129713791861,2.5936057790515825e-06,38.493961941879824
11120650,신사1동,2,807720.0252850907,24494672.544192217,5550955.658648652,1747743.7442660655,30.32569674813577,6.872375928391031,2.1637989520554313,0,4087,17374,6859,3768,1029,0,0,31.65,0.004664982768779823,0.0012739562816014962,2.4761055035986317e-06,60.63812837141777
11120660,신사2동,1,1045454.2596176866,21645557.411691185,3536629.424753657,2414781.5756024504,20.704451880665516,3.382863852931233,2.309791703833618,0,3172,13103,5452,2596,586,0,0,36.58,0.002483131113669672,0.0005605218923768983,9.56522000643171e-07,73.60289256256964
11120670,증산동,6,807136.3723603964,19379793.554629464,6053360.757797269,1723511.6303739543,24.010556602665584,7.499799247176496,2.1353412996786436,0,2191,9459,4377,3422,746,0,0,37.77,0.004239680080269803,0.0009242552132908455,7.433688042553717e-06,66.35430285047929
11120680,수색동,4,1288994.080472962,17699947.0896902,7488582.120775667,1735851.6208095956,13.731596876841884,5.809632669552626,1.3466715224733004,0,1061,5233,2584,2245,428,0,0,69.56,0.0017416682000268304,0.0003320418661966519,3.103195011183662e-06,79.11209893113218
11120710,진관동,2,11556755.591425097,35345536.756514974,11912813.55104605,10896618.07404392,3.05843075739533,1.0308095084995257,0.9428786468521506,0,12750,33921,11090,12063,1630,0,0,81.14,0.0010438050631563142,0.0001410430450919997,1.7305895103312846e-07,94.96788108725299
11130520,천연동,2,982085.8037135936,10213308.990464935,3776258.735615462,2874632.242403018,10.399609638837068,3.8451413525540943,2.9270683188099,0,2999,10936,4458,3001,847,0,0,83.03,0.003055741146671362,0.0008624501003767556,2.036481937135196e-06,82.82818068979894
11130740,북아현동,5,458603.463849287,10893720.2888145,4315043.867057821,1885053.6501256437,23.754116895188897,9.409095672412745,4.110421744972117,0,2669,11125,3300,2343,785,0,0,76.04,0.005108988886134757,0.0017117184274928656,1.0902665143266659e-05,62.72636568742624
11130730,충현동,5,1115171.262562828,28586284.073173333,9867816.718131244,3862906.7883104854,25.63398558843584,8.848700687868828,3.4639583335683852,0,2037,11042,4570,24158,1728,0,0,25.75,0.021663040297742898,0.0015495377777340728,4.483616255017572e-06,62.053355390126946
11130750,신촌동,0,2718268.2848514514,23565282.992030624,22888962.2383426,22311324.342205513,8.66922633183664,8.42042059126384,8.207918426059548,0,1820,13916,2967,37600,3855,0,0,20.09,0.013832335906430387,0.0014181823116832218,0.0,74.70243465083998
11130760,연희동,0,2927088.2460902976,63301389.48898032,13931903.676134383,7452432.488012786,21.626061179922328,4.759645936450049,2.5460224842783528,0,4601,24756,8697,10515,2115,0,0,26.18,0.003592307137992484,0.0007225610648458491,0.0,71.06827039934927
11130620,홍제1동,2,1234716.3205751714,21803107.710351888,5546238.356076155,1768507.9599397662,17.658394359115043,4.491913052135356,1.4323192546089754,0,3721,14815,6165,4680,1004,0,0,61.46,0.003790344326040818,0.0008131422443044831,1.619805267538811e-06,76.41737333414062
11130640,홍제3동,1,1191622.6020923266,17870780.689190507,6392422.494124023,2893747.9161976376,14.997013868159144,5.364468987832055,2.4284097256267305,0,2111,9359,4775,3860,1109,0,0,51.17,0.003239280618872094,0.0009306637840230965,8.391918701741177e-07,77.21010741838208
11130650,홍제2동,2,699457.7423128673,9033329.364412311,1761829.5018408769,631082.6162514033,12.914760703830632,2.51885052557301,0.9022455226024508,0,2069,8652,3723,1627,522,0,0,82.2,0.002326087626962005,0.0007462924039792051,2.859357869652127e-06,83.6641432479939
11130660,홍은1동,2,1613942.233830091,23795473.35311785,3860119.551117687,1496095.172914086,14.743695811620317,2.391733402971388,0.9269818594211152,0,3280,13124,6152,2167,732,0,0,64.7,0.001342675068886453,0.00045354783129897714,1.2392017248605933e-06,81.93758892598717
11130680,홍은2동,2,2073551.3296412888,38351232.65998671,9488598.126929898,4089542.339773153,18.495434432588283,4.57601313808391,1.972240706710944,0,3851,16772,6948,5166,971,0,0,27.72,0.0024913779206366554,0.0004682787380832738,9.645288117060221e-07,74.95631172261686
11130690,남가좌1동,1,475186.4455984536,4634553.101449608,4622850.996869446,1112861.6649413905,9.753125629694289,9.728499286311482,2.3419474087478305,0,3737,9793,3072,2127,614,0,0,94.03,0.004476137776355296,0.001292124398064011,2.104437130397412e-06,78.1764276752464
11130700,남가좌2동,0,783220.5066193886,17656368.87223332,6526255.526790611,2794308.3574841074,22.54329237170185,8.332590211356775,3.5677160312683447,0,3985,15070,5884,5074,1113,0,0,59.12,0.006478379916067445,0.001421055744300959,0.0,65.55640138567303
11130710,북가좌1동,1,577555.0412676766,10208281.810414948,2043457.406471103,1496129.9401988343,17.674993863803476,3.5381171671290663,2.5904543001044127,0,3597,11313,4100,3012,520,0,0,78.53,0.005215087367840829,0.0009003470887374606,1.731436709110501e-06,76.19643466896304
11130720,북가좌2동,2,824237.078308568,31407516.220399827,6473779.74743971,1226398.6442034326,38.10495432315635,7.854269017749933,1.4879197702682192,0,4533,20342,8561,5713,1404,0,0,19.2,0.006931258190488639,0.0017033934009182653,2.4264863260943948e-06,52.5528568888255
11140780,아현동,7,743782.7088935665,12300142.608468609,6885888.303345618,3668777.5252925023,16.537279586353932,9.257930066146471,4.932593190758748,0,4271,16099,4486,10869,1552,0,0,89.48,0.014613138850757011,0.002086630922474458,9.411350810129642e-06,69.27219715674084
11140770,공덕동,8,1018450.1657506932,29214622.84647758,13524897.889319347,2871222.0276341233,28.685372960731627,13.279881867710465,2.8192071877348694,0,5026,26166,8584,18018,2577,0,0,49.81,0.017691587282075927,0.0025303152639532503,7.855072608314321e-06,55.21553798382304
11140750,도화동,5,624554.4931728917,12123155.99119404,7200013.359490708,1404695.5130151594,19.410885877396225,11.528238829750237,2.249116015287886,0,3340,13797,5174,16669,1995,0,0,76.85,0.026689424512904316,0.003194276915426487,8.005706554953602e-06,66.81175927756566
11140590,용강동,6,790015.9806621224,8977566.347161928,8615331.697717223,1002715.468547166,11.36377816007939,10.905262562532728,1.2692344118238943,0,4316,13556,4048,18743,2496,0,0,74.63,0.023724836533121782,0.0031594297597328054,7.594783076280782e-06,76.46172486556398
11140600,대흥동,5,847570.4840706903,12416508.455899063,8591027.158078363,5252662.840247133,14.649529082543514,10.13606221492942,6.197316847349113,0,1112,7865,2571,10045,1517,0,0,38.09,0.011851521718450612,0.0017898216472762149,5.89921439445028e-06,69.01709185517795
11140610,염리동,7,501459.55023212946,10087289.487546433,4140331.674066283,2682772.719886141,20.11585876244046,8.256561615288195,5.349928461117681,0,2145,7900,2450,4337,680,0,0,58.39,0.008648753419704305,0.0013560415783718993,1.3959251542063669e-05,66.27765116115367
11140630,신수동,4,797289.6461760341,13193321.105393777,6470223.200281319,1675494.784693431,16.54771408191699,8.115273077123033,2.101488201595807,0,3769,14933,4651,5450,1110,0,0,67.61,0.006835658817433501,0.0013922167499726946,5.0169972971989e-06,73.23552463936417
11140760,서강동,7,1477486.1303479704,18703529.5688443,7911867.957143034,5300677.357918233,12.659022094805948,5.354952438896783,3.5876325665878452,0,3830,16858,4477,12679,1736,0,0,62.7,0.008581468035119956,0.0011749687285249816,4.73777713114912e-06,78.39839289970942
11140660,서교동,9,1677742.208858603,35316152.3759122,43257538.64897411,2468317.71037235,21.049808599581212,25.783185533850855,1.471213931043429,0,2296,17228,4628,57098,9476,0,0,16.42,0.03403264202222368,0.00564806675895113,5.364352134926147e-06,51.695791935524504
11140680,합정동,4,1711131.480088621,21526486.55387781,9830624.287204877,2441185.667265204,12.58026446498602,5.745101648586198,1.4266499656348868,0,2361,12627,3733,11061,2286,0,0,16.65,0.006464143830351657,0.0013359581227903343,2.337634510569264e-06,80.2479839207929
11140690,망원1동,1,1100198.2831516492,21671512.83720885,7212358.207692987,1178800.2476459828,19.69782462769185,6.555507600895656,1.0714434531466173,0,2650,14189,4638,4849,1455,0,0,21.24,0.004407387353909867,0.001322488884293433,9.089270682429093e-07,72.67522431826588
11140700,망원2동,2,675915.0220603489,15500321.19402127,6426515.5392862195,1483599.056540879,22.932351979354777,9.507874998393556,2.194949081052405,0,3037,12005,4140,4331,1174,0,0,39.22,0.006407610215162864,0.0017369047316096056,2.9589518426058017e-06,65.36482394119926
11140710,연남동,4,646962.683424097,26625540.38700034,7022762.431853669,1308184.3449824508,41.15467718490769,10.85497295560416,2.0220398772596746,0,1591,10870,3388,6835,1839,0,0,15.78,0.01056475153052046,0.0028425132501283287,6.182736813764717e-06,45.968309982228476
11140720,성산1동,3,858622.7767544005,24163789.005233083,8691319.810467929,1566967.194307593,28.14249710049896,10.122396057697388,1.8249774368096068,0,2648,13070,4051,11025,1404,0,0,9.99,0.012840330233896389,0.001635176748153336,3.4939674105840513e-06,59.910129404994045
11140730,성산2동,3,1977273.225923417,18051328.539219253,8111809.2547295345,5013007.196257317,9.129405234721167,4.102523186162699,2.535313344930449,0,6589,26404,8243,11411,1486,0,0,60.14,0.0057710790043258575,0.0007515400403495069,1.5172409966679144e-06,84.23275823418568
11140740,상암동,5,8396291.145079477,13669973.54909189,16615820.896880507,11457582.531391509,1.6280966575465856,1.9789476817532663,1.3646004329073385,0,7306,19452,5467,41630,2348,0,0,73.7,0.004958141550909304,0.00027964728228525214,5.955010270128879e-07,95.02835522779282
11150510,목1동,3,1432068.1548850827,8531056.083086222,10491032.14634496,4136694.363206398,5.957157872678764,7.325791101881474,2.888615565603685,0,8264,19107,4569,21601,2807,0,0,75.1,0.015083779306287659,0.001960102241227233,2.0948723632638756e-06,83.82843545983607
11150520,목2동,2,1020612.2424162788,30149127.190188356,7374159.401133697,1344984.805555669,29.54023667089365,7.225231184446233,1.3178215483398912,0,4673,20468,6050,4345,1018,0,0,27.18,0.0042572485605999865,0.0009974405143131845,1.9596080831300285e-06,61.91671059632023
11150530,목3동,2,531463.9500147799,20797192.569216,7365929.064408671,1497239.4660118276,39.131897033914775,13.859696531070124,2.817198543702145,0,3108,15005,4791,4587,1129,0,0,30.45,0.008630877032743477,0.002124320943964985,3.7631903347475376e-06,44.191207891312956
11150540,목4동,1,577073.8617576781,21893808.086839005,8189154.01700859,1330761.111999549,37.939351507195006,14.190824710143149,2.306049884058612,0,5191,16923,4555,3791,1193,0,0,37.75,0.006569349698819324,0.002067326349430613,1.73288042701644e-06,45.56377389860323
11150710,목5동,2,1765073.5205782815,16872496.150676653,6513458.383630523,7529957.612582516,9.559089722873871,3.690190979408356,4.266087233644249,0,11335,25190,6360,10652,1517,0,0,94.57,0.006034876097653878,0.0008594542846546125,1.133097277066068e-06,82.48463206407352
11150570,신월1동,0,621951.4510105938,22080569.088217337,10422821.033350078,1536078.1222498273,35.502078260833954,16.75825503166572,2.469771747865354,0,2586,13035,5809,4870,1452,0,0,20.9,0.007830193163804913,0.0023345873662925535,0.0,45.26989495963497
11150580,신월2동,4,606373.1224224624,15856321.31215301,6028941.768473643,2362584.6909504975,26.14944615092265,9.94262698252192,3.896255628072637,0,3514,12893,5524,3603,835,0,0,52.09,0.00594188605449164,0.0013770399265890978,6.596598450726217e-06,60.01167123848279
11150590,신월3동,0,917379.760310372,15971435.038697906,5585068.953763221,3486868.63509418,17.40984020978878,6.08806646428918,3.800899895496372,0,2275,9936,4264,3768,707,0,0,24.7,0.004107350263193206,0.0007706732049038207,0.0,72.70119343042566
11150600,신월4동,0,469534.5188639525,12541617.459685603,4810804.77379447,1342301.4761183674,26.71074640056344,10.24590222979623,2.858791893226702,0,3443,11045,4444,3917,828,0,0,55.45,0.008342304649706759,0.0017634486213829962,0.0,60.184559476413625
11150610,신월5동,0,637843.5041681058,13465822.30326921,6364792.342142035,1657111.4736174184,21.111483013112643,9.97861121191974,2.5979906713617344,0,2489,9514,3405,4668,813,0,0,31.05,0.0073184095619425625,0.0012746073208781713,0.0,66.31191510360588
11150620,신월6동,0,443965.829853491,4498463.580211752,2429667.6044612075,1113063.213157471,10.132454521773102,5.4726455080180365,2.5070920740111524,0,1114,3783,1676,2188,395,0,0,64.56,0.004928307209302027,0.0008897081113685105,0.0,81.8878078961977
11150630,신월7동,0,1229742.6291137673,18074451.659438837,5462707.827977271,2630297.5127296387,14.697751571371048,4.44215537353052,2.138900815876573,0,2796,12645,6019,5040,958,0,0,39.18,0.004098418547620137,0.0007790247953611293,0.0,78.72119223922186
11150640,신정1동,3,747026.4143278865,9368492.280644184,5448610.980155242,2129484.9152810643,12.541045538628229,7.293732692246843,2.8506152854005857,0,5073,12620,3719,5273,1126,0,0,89.51,0.007058652677862307,0.001507309485164604,4.015922251770704e-06,77.31460648372433
11150650,신정2동,2,525516.3905447104,7020585.250622579,5572300.55365716,1950500.1650373049,13.359403011855772,10.603476226272097,3.711587688093923,0,4382,12349,3769,3711,996,0,0,85.55,0.007061625606163953,0.0018952786590512795,3.8057804398620067e-06,72.32553307377822
11150660,신정3동,1,2754548.01680671,25493594.373974115,8549130.043809526,5314080.989017772,9.255091658749992,3.1036416833714715,1.9292025249130615,0,9378,28639,9701,8791,1321,0,0,86.07,0.0031914491765365222,0.00047957051100042613,3.630359659352204e-07,85.71206413296548
11150720,신정4동,5,996421.2101886552,32448002.30453697,15990448.21886082,2162229.0855058935,32.564543962681704,16.04788020904664,2.169995041651625,0,4506,22069,8188,15141,2792,0,0,18.52,0.015195381074818107,0.002802027868759802,5.017958217693055e-06,49.21758078662003
11150690,신정6동,4,940200.9858627926,6673395.23113024,1493918.866255893,3074051.721740189,7.097839006205973,1.5889356517585131,3.269568707077274,0,5929,15420,3930,6868,666,0,0,92.07,0.007304821100165521,0.000708359180650879,4.254409493398673e-06,88.04365663495824
11150700,신정7동,1,1233234.5357700682,8710608.187524056,7881800.071091158,3323642.2010700656,7.063221094505673,6.3911606774534,2.695060918801374,0,5683,18242,6770,4231,804,0,0,94.11,0.0034308153698629027,0.0006519441166083134,8.108757669257629e-07,83.85055730923955
11160510,염창동,4,1733196.0007027274,13042925.59378653,10430208.49039808,2859562.138928618,7.525361002736132,6.017904776014446,1.6498781082861969,0,8998,27050,6407,16915,1933,0,0,82.86,0.009759427089056395,0.00111528067177925,2.3078751614676668e-06,84.80685611296323
11160520,등촌1동,3,650269.1672525492,8827222.42673928,14377926.06059357,1381955.047612201,13.574720856034366,22.11073011710168,2.125204634030391,0,2937,16591,3968,15596,1645,0,0,45.01,0.02398391433143722,0.0025297216642225077,4.613474159676306e-06,62.18934439283356
11160530,등촌2동,1,910005.5269936752,19252831.360253137,4690942.039667448,2435578.2645015744,21.156829040211917,5.154850053674511,2.67644337562194,0,3301,13836,4599,3390,586,0,0,38.09,0.0037252520994702806,0.000643952132828786,1.0988944246225017e-06,71.01187753049163
11160540,등촌3동,2,1059596.5790403178,8557320.820162784,11279243.123444086,6047260.2294001905,8.076017787744458,10.644846677081343,5.707134534991823,0,4228,19057,9025,18959,2240,0,0,92.54,0.017892658748476082,0.0021140121101633222,1.8875108126458234e-06,75.57200100018238
11160730,화곡1동,3,1196882.0128629426,46888228.29418483,20884693.54904162,2051575.847818956,39.1753136819461,17.449250071931,1.7141003254878773,0,5950,35712,11758,10395,2607,0,0,28.43,0.008685066604893077,0.0021781595612271527,2.5065127286848707e-06,41.661335920635025
11160570,화곡2동,3,454291.5865664552,22722178.10749274,6165150.972512112,1287914.14094852,50.01672665617124,13.570911623322027,2.834994481589678,0,3036,12009,4118,2555,678,0,0,5.67,0.005624141136432878,0.0014924335383567481,6.60368822281747e-06,33.57736723891706
11160580,화곡3동,2,521482.3815115427,17722905.13800294,5930429.725255542,774483.9684591648,33.98562591248474,11.372253283161545,1.4851584558126094,0,3169,13587,5780,4000,1052,0,0,50.02,0.007670441306816725,0.0020173260636927987,3.835220653408363e-06,53.1569623485411
11160590,화곡4동,2,851431.6652886255,25699304.88193119,10967947.725789296,1445809.812682176,30.183637665413137,12.881770989890642,1.6980926028773702,0,2805,13572,5297,3772,1253,0,0,10.01,0.004430185244140566,0.0014716389477487089,2.3489847529907563e-06,55.23649874181885
11160550,화곡본동,1,972031.8907713532,38010254.47430693,8705768.427362224,2009741.4715026831,39.10391709899971,8.95625803023169,2.0675674230275085,0,5280,23276,6929,3899,1104,0,0,7.65,0.004011185267662204,0.001135765205308816,1.0287728308956665e-06,49.87225744774109
11160610,화곡6동,0,1037160.7448248954,20705876.681074604,10423968.423442611,2440934.0954173706,19.963999586747175,10.05048491803698,2.353477132254437,0,3203,16025,5672,10677,1579,0,0,33.16,0.010294450549899728,0.001522425533229528,0.0,67.63203836296141
11160630,화곡8동,2,592893.632388941,28649449.59429212,6331215.005813707,645152.3489377663,48.321398694830215,10.678500594286024,1.088141807727399,0,3386,16578,6032,3942,1057,0,0,8.12,0.006648747405247122,0.0017827818384947257,3.373286354767693e-06,39.91195890315636
11160640,가양1동,5,4967111.377800222,9759023.741952091,35116642.92177665,32848962.276723675,1.9647281890171868,7.069831991029103,6.6132928735073895,0,3971,25122,4713,56169,5561,0,0,37.0,0.011308182105786083,0.001119564184697545,1.0066212773759622e-06,84.35214694644633
11160650,가양2동,1,823278.047801683,3359792.1463973536,1704476.3988177006,2022329.9711471633,4.080993238394575,2.0703532705250596,2.456436165821728,0,1101,8489,5462,3283,533,0,0,88.08,0.00398771716156697,0.0006474118937298796,1.214656461031669e-06,91.39221732525864
11160660,가양3동,2,472283.6424196507,3439030.5960976165,4061809.0010308926,1911035.953467936,7.281705922480041,8.600359267623642,4.046373369353057,0,1547,9701,4838,7178,708,0,0,96.33,0.01519849377605578,0.001499099135336792,4.23474332016043e-06,80.07156144054326
11160670,발산1동,3,2885594.7091239244,20505983.78674326,21151182.66548197,8387749.425230012,7.106328453509309,7.329921488490508,2.906766289357579,0,9041,22643,6664,19413,3000,0,0,74.31,0.006727556000345791,0.0010396470406963051,1.039647040696305e-06,82.6569837686426
11160740,우장산동,2,1260677.9668300026,26601005.004397485,9235089.930753184,3011914.9650324793,21.100555180865253,7.325494831939501,2.3891231894898532,0,9793,26709,8076,7719,1402,0,0,70.74,0.006122895936182921,0.0011121000262376546,1.5864479689552847e-06,69.1848267977054
11160690,공항동,13,10853939.253527034,25601975.121201903,18935054.379046667,5864714.730729778,2.358772656008963,1.7445329236473883,0.5403305282756226,0,4523,17347,5502,35996,1806,0,0,37.49,0.0033163996185320258,0.0001663912021077019,1.197721831340047e-06,95.35636389206803
11160700,방화1동,9,1474547.8069130369,29779610.606457148,13576213.179210398,3928036.526304664,20.19575795836739,9.207034940177474,2.6638922847323623,0,9044,27085,9227,10531,2153,0,0,69.95,0.007141850505325569,0.001460108644759847,6.103566095141023e-06,67.93331481672277
11160710,방화2동,10,6153142.828359423,26847138.667776138,21110260.22702354,5459971.182673538,4.363158700630103,3.430809395440613,0.8873467323899742,0,2866,14285,6565,12485,1785,0,0,45.57,0.0020290444002757715,0.0002900956551455548,1.6251857431123521e-06,91.31868517153931
11160720,방화3동,2,2557074.204477931,11479959.805046508,2344123.44606194,4751017.753633044,4.489490287353758,0.9167209312725172,1.8579897858705443,0,3231,14165,6915,4453,609,0,0,84.22,0.001741443401284375,0.00023816281863511888,7.821439035636089e-07,92.73579899550319
11170510,신도림동,4,1391772.8367334749,11459857.757592568,15179082.239630643,3627852.305618715,8.234000158020857,10.906292922957402,2.6066411197774015,0,7431,22800,6618,14957,2620,0,0,84.21,0.010746725043863465,0.001882491115525993,2.8740322374442644e-06,78.25306579924434
11170520,구로1동,2,1008158.1865774865,5735870.235307289,5073439.570577467,1503743.6903652272,5.689454603130809,5.032384439391273,1.491575142061945,0,4118,13705,3798,3427,552,0,0,81.96,0.0033992681362833036,0.000547533122622814,1.9838156616768623e-06,87.78658581541598
11170710,구로2동,5,1702114.6044065831,31712790.362573743,29066934.05668206,3177046.373364792,18.63140723924987,17.076954737025957,1.8665290604638352,0,2614,15077,7622,27882,7402,0,0,24.26,0.016380800639188942,0.004348708354181069,2.9375225305195006e-06,62.425108963260335
11170540,구로3동,4,1039355.177661106,9252253.917711915,25951665.88194694,2558908.179412973,8.901917377784713,24.96900620666248,2.462015136318814,0,3059,16581,4640,92259,7763,0,0,59.4,0.0887656135092584,0.007469054050795836,3.848540023596978e-06,63.66706127923399
11170550,구로4동,3,524117.755468053,11895841.469240716,10353587.760281026,2517612.0162930195,22.69688699749805,19.754315995333833,4.803523616643584,0,2254,12773,5884,5895,1984,0,0,63.28,0.011247472420817172,0.0037854088690248127,5.723904539856067e-06,52.74527339052453
11170560,구로5동,3,1011733.617569924,15885610.665015835,13726087.28841694,3976566.31341058,15.701376715316997,13.566898489926167,3.9304479403994375,0,3810,19630,6372,25206,3154,0,0,56.86,0.024913672494438786,0.0031174213698111535,2.965207390435466e-06,66.8012768543574
11170700,가리봉동,3,410698.9724840274,14585689.522161556,7172367.541723087,1088654.3677659235,35.51430731356118,17.463806881089848,2.650735552566455,0,634,5841,2875,3116,930,0,0,3.88,0.0075870654875946015,0.0022644322539996727,7.3046201741924925e-06,44.37115025278251
11170610,고척1동,2,1150403.1187430983,15495793.94810962,14095108.179267429,4383808.220679487,13.46988172723309,12.25232090353457,3.810671363155836,0,3584,14144,5978,9875,2298,0,0,71.81,0.00858394752154648,0.0019975606485583604,1.7385210170220718e-06,70.4671260060765
11170620,고척2동,0,1024829.7435687426,24596462.247766063,7157908.423204152,3026794.114143421,24.000535115339577,6.984485440750696,2.9534604485651252,0,4505,16897,6932,3899,1182,0,0,56.33,0.0038045343867407194,0.001153362309599264,0.0,66.0615189953446
11170720,개봉1동,2,1319364.5862149764,29061139.22720663,12903612.995411376,2457739.2791321953,22.02661760884298,9.780172311907778,1.8628204097724153,0,4736,19446,8538,5167,1381,0,0,51.07,0.003916279134628015,0.0010467159831471433,1.51588122106755e-06,66.33038966947683
11170640,개봉2동,3,781957.1267328948,21144132.20879324,5928402.395498214,1382162.9752267362,27.040014709164183,7.581492888577855,1.7675687425493125,0,5093,18885,8545,3059,910,0,0,59.6,0.003911979180676731,0.0011637466670205378,3.8365274736940805e-06,63.61092365970865
11170650,개봉3동,2,827818.8890789909,20068181.55434571,6108462.587186488,2272147.661805,24.24223682147798,7.378984301726432,2.7447400533864728,0,2996,12774,5730,7162,791,0,0,31.87,0.008651650855517121,0.000955523014062279,2.4159873933306674e-06,65.63403882340911
11170670,오류1동,1,726889.7278929004,17795377.196646508,9360505.592000213,1388834.505062691,24.481536213521057,12.87747677922804,1.9106536408055024,0,2644,14592,5327,4614,1008,0,0,47.46,0.006347592795555847,0.0013867302856350875,1.3757244897173488e-06,60.7303333664454
11170730,오류2동,4,4504714.3288036445,32353495.11573743,13740970.773046171,8192642.003793526,7.18214136440697,3.050353423120502,1.8186818088349936,0,10775,30902,10982,7673,1169,0,0,72.51,0.0017033266573467161,0.00025950591195599,8.879586380016766e-07,87.94882340363753
11170690,수궁동,2,2659440.627180626,25755858.799824804,8267498.947191979,8209506.214949132,9.684690282831983,3.108736048736936,3.086929684026201,0,3827,14699,5997,5889,948,0,0,17.41,0.0022143754366199214,0.00035646593885476063,7.52037845685149e-07,84.11964398440487
11180510,가산동,4,2511019.6922600977,11834934.952374374,54439314.91908545,860457.8256051088,4.713198780899279,21.68016248016206,0.342672671288625,0,1564,15769,3694,170646,16423,0,0,31.84,0.06795884577302011,0.006540370850358692,1.5929783475269298e-06,73.26396606765003
11180520,독산1동,2,2060413.4735964937,15105639.492713088,26037054.298014753,3955191.080124108,7.331363188159456,12.636810344948165,1.9196103747177704,0,5678,27788,7955,24871,3667,0,0,65.63,0.012070878160424011,0.001779739866281004,9.706789562481614e-07,78.1122160921746
11180530,독산2동,0,616721.2892122008,25112230.69294132,7967999.280453572,1617490.4717806776,40.7189294940988,12.91993550381873,2.6227252084111745,0,2352,12208,4884,3312,952,0,0,4.3,0.005370335122007937,0.0015436470519781269,0.0,43.738409793671295
11180540,독산3동,0,934299.236753367,27982531.990342222,14167226.096176792,4397007.15301794,29.95028882564415,15.16347818650376,4.706208653554371,0,2697,16046,6418,6254,1841,0,0,19.93,0.006693786908855167,0.001970460776975114,0.0,50.18002433429772
11180550,독산4동,0,590611.9944669963,18727305.99475,6913450.767515026,1023713.83853559,31.708306248759214,11.705571224902297,1.733310274979178,0,1814,10108,4074,2993,857,0,0,11.32,0.0050676248162728,0.0014510372427483426,0.0,54.85281225135931
11180570,시흥1동,1,1522242.0314234912,28763497.925529487,21609589.583144933,4911043.45014008,18.895482670802313,14.195896011974654,3.226190939917502,0,4562,21297,8476,15424,2774,0,0,42.11,0.010132422887755411,0.0018223120520379612,6.569257577642254e-07,63.682430377305536
11180580,시흥2동,0,1307917.9447543644,6717022.147823496,1801512.1216556055,2874706.790384019,5.135660210767272,1.3773892535696812,2.1979259493407346,0,4012,12921,5608,1748,390,0,0,95.23,0.0013364752788944424,0.00029818384368926346,0.0,91.28902458632231
11180590,시흥3동,1,1260466.14764501,12378457.878234778,11767792.286418814,2516750.0363589623,9.820539727593678,9.33606373198134,1.9966819744117117,0,1387,6717,3256,9900,2984,0,0,10.79,0.007854237115703669,0.002367378136692904,7.933572844145119e-07,78.84671456601328
11180600,시흥4동,0,821105.9386114429,21982072.806705706,3853138.659636744,1952311.703395098,26.77129925997026,4.692620621101238,2.3776611659837905,0,2902,12790,5668,1762,581,0,0,27.81,0.0021458863188326548,0.0007075822651769424,0.0,66.15841895294471
11180610,시흥5동,0,1385952.4856133447,23664562.873479377,5861258.057615886,1763680.2806529244,17.074584532388762,4.2290468962375884,1.2725402197842437,0,2583,11804,5778,3340,911,0,0,29.72,0.0024098950250071556,0.0006573096909525505,0.0,77.4238283515894
11190730,영등포본동,3,845748.9302889162,19588114.164350636,10377205.521877496,2588493.2939165737,23.16067270420211,12.269841734629852,3.060593045068728,1,3023,13294,5633,5223,1266,0,5,54.22,0.0061755916122223364,0.0014968981392061032,3.5471519886400554e-06,61.50889251609931
11190740,영등포동,6,1371086.5816971257,8298490.516114608,47747027.7895193,3006640.901696152,6.052491962865517,34.824225126919565,2.1928891594683564,1,2196,19179,5075,34349,5849,0,5,37.98,0.025052393086097025,0.004265959625042403,4.376091254958868e-06,56.93039375074656
11190540,여의동,10,8431315.760253912,9588486.707886243,26141799.06742422,11598870.728747075,1.1372467809932294,3.100559842706798,1.375689282499102,0,5979,20044,8199,160524,8097,0,0,81.52,0.01903902125888064,0.0009603483288053907,1.1860545001919115e-06,94.38650409380087
11190550,당산1동,4,744759.1147104842,9507832.426853348,20883562.453726612,2297931.218754175,12.766318986977955,28.040694019360657,3.085469077672809,0,2377,13923,4689,19152,3025,0,0,58.67,0.025715697359659635,0.00406171598334223,5.370864110204602e-06,56.10751791598858
11190560,당산2동,5,1580150.6576499194,12540231.410825262,15564465.16906863,2593504.756864194,7.936098592950455,9.849988096841916,1.6413022038806009,0,4997,24535,6351,22840,2182,0,0,61.11,0.014454317940685649,0.0013808809871530684,3.1642552409557024e-06,80.57261110632703
11190750,도림동,3,585455.3412494983,17998719.56462226,6990144.353263944,1440628.0128354616,30.74311274743654,11.939671330601143,2.460696677155298,1,2151,12022,4463,2814,860,0,5,27.12,0.004806515205662318,0.0014689421026544398,5.1242166371666504e-06,54.85651924480702
11190760,문래동,6,1785402.7320093953,8294736.388346144,40569630.22567877,3373207.6491971626,4.645862941528475,22.7229574024564,1.8893259143838992,1,6249,19157,6329,44563,5195,0,5,70.89,0.024959634709193386,0.002909707656896072,3.360586321727898e-06,70.74185374163122
11190610,양평1동,5,974200.448288198,6445251.587971059,17576647.349516183,2224316.985675745,6.61593987078967,18.04212611521657,2.2832231185934795,0,2444,12118,3338,22882,1881,0,0,40.98,0.023487979337283093,0.0019308141392111486,5.132413979827614e-06,73.05871089540028
11190620,양평2동,6,2872495.765241954,8220677.095618798,19985334.144899365,8714469.669981884,2.8618587345163102,6.957480803532524,3.033762408087607,0,3522,15300,3719,19787,2044,0,0,56.54,0.006888434872336332,0.0007115763318873737,2.0887759253054024e-06,87.14689805386355
11190630,신길1동,4,722392.3817793673,24520474.992947403,8825189.996655263,1934964.0067189897,33.943429653216405,12.21661553921349,2.678549851194257,0,1678,11500,4486,5178,991,0,0,25.92,0.007167849676340834,0.0013718306352363395,5.537156953527102e-06,51.16140495637585
11190650,신길3동,1,519701.8126124086,14395060.812910317,6677592.051716536,1553262.7469630078,27.698692718715012,12.84889120965344,2.988757609205078,0,2515,10476,4344,2303,765,0,0,67.41,0.004431387276444336,0.001471997944628709,1.9241803197760906e-06,56.463658462426466
11190660,신길4동,1,322364.478602302,9005932.49864388,2771922.3735710275,1426908.1934009104,27.937111860746956,8.598721501790282,4.4263815901418635,0,971,5349,2657,1368,338,0,0,51.37,0.004243643734846022,0.0010485026186973358,3.102078753542414e-06,59.037785047320895
11190670,신길5동,1,494289.86478482984,12827278.196148396,4146542.008065182,1755714.7171607264,25.950922950306214,8.388887378603686,3.55199416829032,0,1102,5322,2631,2476,446,0,0,26.03,0.005009206492687726,0.0009023045620915694,2.0231043993084514e-06,62.10819550279978
11190680,신길6동,2,617898.9496416408,14496407.039484177,7488128.417078431,1966881.8553111253,23.460805440584696,12.118694199789912,3.18317721117967,0,2312,11405,4481,4769,1096,0,0,66.94,0.007718090478529974,0.0017737528128473163,3.23677520592576e-06,61.237323148445725
11190690,신길7동,4,646693.3288146224,7159603.902942288,4814108.509579659,3046338.370575516,11.071095964552034,7.444190770305048,4.710638311608071,0,3199,10543,3113,2873,561,0,0,89.09,0.0044426003361156255,0.0008674900064604476,6.1853119890228e-06,76.77407495353485
11190700,대림1동,3,498611.8130900599,16079876.212858874,7987643.013162185,1702230.09302959,32.24928850603567,16.019762876575584,3.413938555687871,0,1365,7748,3772,4431,977,0,0,39.56,0.008886672725322696,0.001959440138262305,6.016704621071561e-06,48.31701006170088
11190710,대림2동,3,572120.0235324813,20390828.532905813,9131306.920782674,1163904.068864627,35.64082306891703,15.960474280208892,2.0343704484913,0,1207,7752,3714,4461,1305,0,0,33.26,0.007797314927693246,0.002280989908235751,5.2436549614614964e-06,46.364332202382776
11190720,대림3동,4,921021.5398362548,16221310.074545523,15979511.64189075,3132866.8181830016,17.612302615017512,17.349769740164483,3.4015130837656447,0,3019,14666,6045,9931,2012,0,0,56.32,0.01078259255658426,0.0021845308854946664,4.343003748498343e-06,61.63641456105236
11200720,노량진1동,6,1612248.6330196003,22112851.005954552,17478921.39857072,2968147.2556480183,13.715534039274775,10.841331194577744,1.8409984631768233,0,4207,20183,7812,8051,1691,0,0,75.37,0.004993646659120589,0.0010488456714163354,3.72151036575873e-06,73.60213630297065
11200520,노량진2동,4,600124.1255213493,23694381.575690743,8923718.97404397,1351991.3870344304,39.482467989612296,14.86978875627041,2.252852917485874,0,1026,8060,3698,7727,1654,0,0,3.52,0.012875669667768352,0.0027560964967631493,6.665287779354654e-06,43.39489033663142
11200530,상도1동,2,1481755.498568926,33691323.31084812,10128924.26579056,7161634.956891652,22.737437683468745,6.835759526840317,4.83320963803295,0,6688,29543,9588,8612,1556,0,0,60.66,0.0058120249989011795,0.0010501057708186526,1.3497503480959545e-06,65.59359315165798
11200540,상도2동,2,778079.182985511,21157647.567199275,8131032.804588702,2034251.536111286,27.192152199750165,10.450135387750263,2.614453105281403,0,4451,18256,6165,5174,1275,0,0,66.17,0.006649708812515359,0.0016386507027361969,2.570432474880309e-06,59.74325930721817
11200550,상도3동,2,636728.6622762942,30461994.027584452,5412267.9426148,1812849.0838895948,47.841405346326546,8.500116711043027,2.8471296979292404,0,3241,16446,5939,3277,811,0,0,12.94,0.005146619265156549,0.001273697962783632,3.1410553952740613e-06,40.811348244701186
11200560,상도4동,4,938866.7184147204,40181645.62481216,5136625.037265181,3066449.8510785433,42.79802962092319,5.471090769878806,3.2661183860646954,0,3967,18727,6774,2848,751,0,0,8.39,0.0030334444113414983,0.0007999005452659639,4.2604556339065984e-06,48.46476122313331
11200710,흑석동,3,1707033.866053747,32652566.765228298,8588244.36468187,7294386.6541540995,19.1282477838083,5.031091963357371,4.273135289938314,0,4710,20332,7735,10195,1428,0,0,71.58,0.005972347826647793,0.0008365387637521382,1.7574343776305423e-06,71.56752496289602
11200630,사당1동,6,634697.5965846108,26230912.867754627,11822779.219477378,1496146.1192992304,41.32820576114757,18.62742081126078,2.3572582082399314,0,1911,16186,5266,9688,1663,0,0,9.1,0.015263962006441702,0.0026201454187358125,9.453320813238048e-06,37.68711521935172
11200730,사당2동,6,2761137.42801799,18860656.03382895,9565515.275229927,3834134.956623224,6.830755992963224,3.464338709897639,1.3886070710270502,0,3682,16944,7170,6591,1512,0,0,75.11,0.002387059743240417,0.0005476004144711744,2.1730175177427557e-06,88.31629822611208
11200650,사당3동,4,907007.0835460091,17586651.22896937,4779127.998529763,2583999.629190278,19.389761720727797,5.269118714977859,2.84892993237489,0,3962,15660,6122,3899,803,0,0,66.7,0.004298753637858695,0.0008853293591178591,4.410108887262063e-06,72.49218963191944
11200660,사당4동,2,435822.36383206456,15086430.597763931,3274731.7899375497,947028.7205425956,34.616008378076685,7.513914066143247,2.172969537899882,0,1629,9498,3587,1840,546,0,0,23.79,0.00422190358424743,0.0012528039983690743,4.589025635051554e-06,55.69710801788018
11200670,사당5동,2,681690.2713847598,9700380.13490799,2549684.353183986,1858958.236093845,14.229893753952226,3.7402387274863904,2.7269836671097383,0,1854,8068,2838,1541,414,0,0,47.91,0.0022605574183229365,0.0006073139332807889,2.933883735655985e-06,79.30288385145164
11200680,대방동,5,1543763.0700794023,27407175.1182983,12327218.8242103,7677228.618567925,17.75348539519645,7.985175356977713,4.973061454419332,0,7009,25026,7690,11511,1513,0,0,57.05,0.007456455088884446,0.0009800726739190484,3.2388389752777542e-06,69.28827779340651
11200690,신대방1동,3,674784.6244719744,17123056.606479853,6023518.793250051,2262116.371194168,25.37558798094846,8.926579792720549,3.352353164484588,0,4358,14394,5142,4113,938,0,0,64.85,0.006095278183253672,0.0013900731670050922,4.445863007478973e-06,62.345479061846405
11200700,신대방2동,3,976657.310568742,16216767.047737774,8102360.032370086,3540689.221796618,16.604357405868573,8.296011246413336,3.625313795823378,0,3352,12962,4105,18988,1134,0,0,55.39,0.019441824470395046,0.00116110327308974,3.0717017806606877e-06,71.47431755189471
11210520,보라매동,2,749326.924434749,30226941.167747132,7376056.840161086,3141214.5379345124,40.33878962850384,9.843576414560545,4.192048137472268,0,2977,16077,6093,6422,1232,0,0,21.06,0.008570357997957568,0.0016441421758772539,2.6690619738267105e-06,45.625585819463346
11210540,청림동,0,296933.9104723308,8385950.582986536,2003598.5299378857,749894.8746505678,28.24180831905342,6.747624502539217,2.525460542575669,0,2721,9718,3705,1303,369,0,0,83.03,0.004388181861355763,0.001242700772709345,0.0,62.4851066358317
11210790,성현동,1,677719.138262707,15638871.12342658,2920277.0204840936,3274271.788208128,23.07574073164866,4.308978241296315,4.831310794323339,0,5399,18231,7338,2764,634,0,0,78.55,0.004078385637809443,0.0009354907722037578,1.4755374955895233e-06,67.78397023273169
11210570,행운동,2,717700.2657625523,22564100.998635035,8103458.786309664,3199226.30897104,31.439449133630752,11.290867752013144,4.457607808702538,0,2757,20866,5903,6763,1290,0,0,44.94,0.009423153818565361,0.0017974077223050888,2.7866786392326957e-06,52.812075305653565
11210580,낙성대동,2,2261134.373164907,17659506.02350032,7810805.060532321,4972359.69623369,7.810020595451092,3.454374562268737,2.1990553747028683,0,1687,12528,2661,7803,1245,0,0,30.98,0.0034509227282426566,0.000550608586013342,8.845117847603887e-07,86.5365494675773
11210800,청룡동,2,1194718.0123688118,25183708.298444506,13191281.494388482,5139822.13390628,21.079207007611636,11.041334739930504,4.302121572366155,0,2999,24242,5834,10256,1757,0,0,28.42,0.008584452476429315,0.001470639918202643,1.674035194311489e-06,63.577336680091705
11210780,은천동,2,775637.1496100364,25228263.223105595,9479291.814718269,2533252.64057007,32.52585727203692,12.221296800293963,3.2660279898193405,0,5102,21704,7865,6473,1370,0,0,55.19,0.008345397075386278,0.001766289818210907,2.578525282059718e-06,51.98681793784977
11210610,중앙동,0,384442.6728190986,15498012.852267887,6327880.681197897,1180148.7446421178,40.31293596681593,16.45988109175256,3.0697652161976374,0,1173,11060,3225,5433,882,0,0,19.66,0.014132146049289392,0.0022942302255610607,0.0,40.15741772523387
11210620,인헌동,1,1088265.8195931085,26279378.75693808,6156544.290456971,2171849.6497235764,24.14794095689201,5.657206336553729,1.9956977519845371,0,3075,18295,5333,3458,933,0,0,18.46,0.0031775324904177687,0.0008573273029380505,9.188931435563242e-07,68.19915495456972
11210630,남현동,3,3278571.494441279,18116498.313444886,6298192.656939669,1806090.157405343,5.525729222059325,1.921017329534545,0.5508771611256656,0,2054,12882,3844,4892,807,0,0,33.54,0.0014921132597777171,0.00024614378590364223,9.150326613518298e-07,92.00237628728047
11210640,서원동,2,647053.8801459006,27354473.73950448,7280259.663850415,1490646.8564311315,42.27541875390109,11.251396347718105,2.3037445600280053,0,1723,16905,4566,7352,1172,0,0,12.26,0.011362268623176505,0.001811286565065678,3.0909327048902354e-06,44.1694403383528
11210650,신원동,1,544575.0226685876,23749440.67768896,4228822.408485297,1756452.887193758,43.61096210639498,7.765362406382039,3.2253643925617275,0,1621,12545,4344,2297,755,0,0,17.26,0.004217967964637459,0.0013864021825430045,1.8362942815139133e-06,45.39831109466125
11210660,서림동,0,940554.7989477152,23682882.21364213,8604225.513081366,1731239.667457627,25.179694197656893,9.14803212179418,1.840657949323658,0,2100,16814,4813,2882,752,0,0,32.84,0.0030641489503787723,0.0007995281091897421,0.0,63.83161573122527
11210680,신사동,0,640559.5204267779,27951706.45264234,10716754.003258394,1948775.0604610993,43.63639218728541,16.730301652714914,3.0423012980319335,0,2177,16011,4674,4268,1271,0,0,6.73,0.006662924933329821,0.001984202809339785,0.0,36.59100486196775
11210690,신림동,1,540840.5042011158,15010983.70971208,15164917.89205995,1850588.1122619675,27.75491774952219,28.039538041738005,3.4216892002116244,0,941,18015,2689,6599,1648,0,0,15.98,0.01220137905467246,0.003047109059266588,1.8489739437297257e-06,40.78385500852818
11210710,난향동,0,820791.9469069774,10067881.162629982,1815801.9954776417,943137.9495808908,12.26605743461443,2.2122561049973744,1.14905848325505,0,2883,9546,3846,1785,296,0,0,78.48,0.0021747289391723912,0.00036062731988516965,0.0,84.37262797713315
11210720,조원동,2,666117.3511987159,17261991.933362905,14426420.173139531,2308435.367983704,25.91434062226269,21.657475439092487,3.4655085381420316,0,1651,12046,3833,6559,1600,0,0,25.94,0.009846613345378622,0.0024019791664286927,3.002473958035866e-06,48.96267540050279
11210730,대학동,0,8398948.30479121,20240602.09932136,13263565.256164968,33978490.069896095,2.4098972115086164,1.5791935817248357,4.045564853698759,0,1868,17680,4001,14922,1532,0,0,41.76,0.0017766510113498286,0.00018240378966545622,0.0,91.96534435306779
11210820,삼성동,0,2602463.7178967516,25913379.14725483,6929049.758471619,3043280.2936860695,9.957248959534928,2.6624961995902523,1.1693843309929313,0,2793,14367,7881,2370,762,0,0,59.5,0.0009106755201591321,0.0002927994710385058,0.0,86.21087050988189
11210830,미성동,0,1358429.7106797148,28359592.35766878,9871960.1681504,4995306.18023381,20.876746242158195,7.267185111264084,3.677265110562341,0,4517,19659,7891,5266,1234,0,0,39.81,0.003876534765517088,0.0009084018041488961,0.0,68.17880353601538
11210810,난곡동,0,971656.5980450248,32707217.060689893,4927358.680347561,2916516.6148668146,33.66129260738504,5.071090640727823,3.0015919417774266,0,3579,17459,7308,2192,694,0,0,12.0,0.0022559410437676744,0.0007142441078352034,0.0,58.266024810109705
11220510,서초1동,3,1381640.311498347,21917110.890347652,21476571.771730673,4117697.3629639354,15.86310902189819,15.544256774355391,2.9802961948167375,0,3601,13509,4248,32003,3791,0,0,63.09,0.02316304738174734,0.0027438400345031456,2.1713321296516583e-06,65.61233800892968
11220520,서초2동,4,1229992.4989059705,6562844.490856326,18091159.69278597,4933932.588007804,5.335678466896112,14.70834961097514,4.0113517703533486,0,3184,12201,3123,52997,5042,0,0,67.4,0.04308725463505497,0.004099211990677721,3.252052352778834e-06,75.9446201517754
11220530,서초3동,5,2996312.161498385,28556747.536894538,42912418.485011384,8966566.995817816,9.530631655753112,14.3217449224489,2.992534326374675,0,4506,19634,6491,81070,7664,0,0,51.21,0.027056593448924308,0.0025578109312021204,1.6687179874752873e-06,73.1550890954233
11220540,서초4동,7,879108.4600329077,9833999.855171816,13808624.690501897,1707332.816584398,11.186332861366957,15.707532481242415,1.9421185146147808,0,7338,18727,5622,28520,3003,0,0,89.11,0.03244195829785097,0.003415960756256889,7.962612485447294e-06,71.16401614277585
11220550,잠원동,6,1755541.6450200342,16003523.651439045,13003906.687920185,1601032.8232261976,9.116003426541562,7.40734731346791,0.9119879484305408,0,6837,22185,5892,18024,2160,0,0,89.68,0.010266916795181831,0.001230389496093695,3.4177486002602636e-06,82.56466131155999
11220560,반포본동,4,971806.9766001288,10626109.016817346,1816948.2291675976,1927459.5742240075,10.934382313237592,1.8696595856146243,1.983376967478906,0,2624,6947,2551,2319,658,0,0,99.47,0.0023862763448037486,0.0006770891914104643,4.116043716780937e-06,85.21258113366888
11220570,반포1동,10,991618.4379388732,17274387.826336928,9803182.771697031,2169179.056558032,17.420397973077808,9.886043256792826,2.187513839563911,0,6757,21044,5067,10224,1706,0,0,69.91,0.01031041740323826,0.00172041980535255,1.0084524064200175e-05,70.50604493056545
11220580,반포2동,5,1394982.7278886442,8128188.412582052,1155212.010460107,2222547.874705851,5.826730503598674,0.8281192213817307,1.5932440096012916,0,4691,8915,2602,2143,301,0,0,99.89,0.0015362197374501863,0.00021577328090177604,3.5842737691324926e-06,91.7519062654183
11220590,반포3동,6,1250766.2395342449,8337769.990675395,3632064.149078426,1039145.8210442972,6.666129710840436,2.903871270486897,0.8308073788682128,0,4645,12127,3557,7491,961,0,0,98.32,0.005989128714194889,0.0007683290207370562,4.797059442687135e-06,89.59919163980446
11220600,반포4동,8,1426067.0123753326,24166922.37337816,18122943.305948,4920031.31036071,16.946554519289002,12.708339193514805,3.450070205442622,0,3978,11742,3945,29857,3269,0,0,62.75,0.020936603778569447,0.0022923186439409026,5.609834552317902e-06,66.89503608175357
11220610,방배본동,3,677002.2395720058,18099961.977570456,11356148.678490551,976284.1746938156,26.735453621265822,16.774167077600506,1.4420693428001254,0,4474,12715,4194,10468,1594,0,0,60.71,0.015462282674963003,0.0023544973809601667,4.431299964165935e-06,55.04830995833355
11220620,방배1동,2,688726.8297166858,19260057.985506512,10269134.74705283,977297.4014130046,27.96472731203069,14.91031611368637,1.4189913318971834,0,2598,10948,3842,16275,1850,0,0,34.66,0.023630559022157695,0.0026861157721039465,2.9039089428150777e-06,55.70596524238576
11220630,방배2동,8,1902603.3492622387,34347702.14122253,14033268.151689928,3052077.418481348,18.05300203772969,7.3758243709239375,1.6041585439575907,0,2974,12760,5069,17719,1763,0,0,37.81,0.009313028912083889,0.0009266250901294596,4.2047650147678255e-06,72.96701504738878
11220640,방배3동,3,2373348.9591862126,20225299.997485343,7912978.185310675,3926896.1190812727,8.521839959185904,3.3340980704430088,1.6545801677759806,0,3606,13227,5457,13752,1112,0,0,63.35,0.005794343872911727,0.00046853624103242007,1.264036621490342e-06,86.48948180259511
11220650,방배4동,4,948814.6546252748,29862263.104043044,14946330.905294804,2434000.6109332694,31.47323131917356,15.752634966623395,2.5653067214634815,0,4386,14818,4581,14582,2096,0,0,47.3,0.015368649639591975,0.0022090721193652983,4.215786487338355e-06,50.20882699273956
11220660,양재1동,3,5760998.857359762,33284231.34433075,31572204.535949387,6268205.526841644,5.777510492266398,5.480335149800529,1.088041445943687,0,8972,27098,9499,43808,3421,0,0,71.94,0.007604236884018573,0.0005938206350490216,5.207430298588322e-07,87.65411291198939
11220670,양재2동,2,7556516.713944547,18818688.952387925,49503749.28981252,3622118.6675467375,2.4903920238356037,6.551133434067569,0.479337081444232,0,3274,15435,4191,48135,4862,0,0,12.78,0.006369998482384028,0.000643418149399629,2.64672212834072e-07,90.4791374606526
11220680,내곡동,1,12699154.071999604,22106326.59210753,27042179.89386755,3231411.421932318,1.740771587365006,2.1294473427559177,0.2544587933661869,0,3519,10548,4351,8753,742,0,0,77.41,0.0006892585089027795,5.8429088724535855e-05,7.87454025937141e-08,95.87532227651289
11230510,신사동,5,2057678.2068921516,13864863.567047166,24618917.463752933,1952226.1140503527,6.738110711678378,11.964415709556706,0.9487519027569086,0,2826,10547,3881,26120,4112,0,0,71.37,0.012693918763577632,0.0019983688344498937,2.429923193640435e-06,80.34872167600801
11230520,논현1동,0,1257791.475688569,33381752.043359984,33464292.733312916,1291617.8866034509,26.539973189979985,26.6055966987637,1.0268934967112604,0,1707,17248,4194,41787,5263,0,0,20.44,0.03322251804639698,0.004184318387972032,0.0,45.82753661454505
11230530,논현2동,0,1457417.316169823,28132400.87197186,40691610.34966117,2226090.100320002,19.30291383246731,27.920356028567763,1.5274211961267865,0,2561,14803,4233,62226,5565,0,0,40.17,0.04269607566013183,0.0038183984355194553,0.0,51.24930894283814
11230770,압구정동,2,2343278.206528037,16777420.38698278,31997677.29232381,3002406.3985423306,7.159807290591145,13.655091061395472,1.2812846507845534,0,5168,15807,6567,29487,3911,0,0,86.8,0.012583653071038519,0.0016690293065022431,8.53505142675655e-07,77.90381699722883
11230780,청담동,4,2327443.094732763,27319425.28317414,34595058.95452192,2461666.350969634,11.737956276998023,14.863976280586195,1.0576698337074844,0,5000,18912,5950,38135,4200,0,0,72.06,0.016384933357184748,0.001804555397933026,1.7186241885076438e-06,72.3403976087083
11230580,삼성1동,6,1943143.862840983,14121528.31098072,31667315.782907456,3699946.0238462975,7.267361198019723,16.296948665760702,1.9041029820801705,0,2389,9135,3135,63506,4045,0,0,62.29,0.03268208865751397,0.0020816780874192047,3.0877796105105633e-06,74.5315871541394
11230590,삼성2동,8,1241325.8824145892,22302847.73892928,20261360.625460528,1992474.8788984409,17.9669561836143,16.322354115463014,1.6051182909541364,0,6053,19810,4577,37492,3623,0,0,65.24,0.030203188808703218,0.002918653394162268,6.44472181984492e-06,64.10557140996855
11230600,대치1동,6,809204.8117973416,7521353.367255327,4212765.520812895,2596628.9171892437,9.294746221972524,5.206055944546145,3.208864899631303,0,7697,14285,3274,6447,1064,0,0,97.44,0.007967080652425637,0.0013148710740159577,7.4146865076087835e-06,82.29033293385002
11230790,대치2동,7,1835962.3843479156,17863591.650034256,23628758.741916332,4144020.091038802,9.729824424686631,12.86995798136062,2.2571377967041775,0,8671,23205,6618,64458,3859,0,0,88.23,0.03510856243524981,0.0021018949151017565,3.812714279790696e-06,75.14307979724856
11230630,대치4동,3,700546.9238886284,18165007.94013502,19721592.058112327,1344210.8097376614,25.929751913410527,28.151707452572627,1.918801958726981,0,3463,14193,2870,31890,3647,0,0,27.36,0.045521575946016996,0.005205932501571778,4.282368386266886e-06,43.99973867528986
11230640,역삼1동,10,2360341.2453272543,45876329.18173376,75491045.55240285,2640262.309515161,19.436312131796495,31.98310655370353,1.1185934723388256,0,2682,28040,5281,155835,15391,0,0,18.22,0.06602223314440014,0.006520667310459542,4.236675531453149e-06,47.46198784216115
11230650,역삼2동,4,1134166.177711371,20877494.10869141,21539432.71505726,2652110.3271027864,18.407791132354177,18.991425717280325,2.338378959999026,0,8582,23508,4915,38374,3728,0,0,69.58,0.03383454801755451,0.003286996273764612,3.5268200362281247e-06,60.26240419036647
11230660,도곡1동,3,1049811.171380735,11743881.491972726,12539815.98322134,2039018.7598652844,11.186660813036417,11.94483000855163,1.9422719203716623,0,4216,13972,4279,17023,1553,0,0,81.02,0.016215297059040453,0.0014793136540380558,2.857656768908028e-06,74.92623725804029
11230670,도곡2동,5,990008.6658603408,7797229.848346779,10214179.514573015,2969459.2028152673,7.875920804764676,10.317262733954609,2.99942748504604,0,7845,20132,6347,19893,1822,0,0,89.93,0.020093763505101826,0.0018403879307442581,5.050460841778974e-06,78.80738897623468
11230680,개포1동,4,1448844.283505292,9231965.507562269,8003165.4675623,1195559.6938441906,6.37195150139028,5.523827203983353,0.8251816343932338,0,1005,3722,2168,830,128,0,0,89.98,0.0005728703970768987,8.834627810342532e-05,2.7608211907320413e-06,87.27903966023314
11230800,개포2동,7,2241622.2462875303,7797431.601636411,3569035.2660285067,5871885.922177877,3.4784770781741443,1.5921662411850952,2.61948057122587,0,4257,13331,4413,3009,690,0,0,90.91,0.0013423314320554862,0.00030781279099976257,3.122738459417881e-06,92.30987610941489
11230710,개포4동,1,1664191.8829674898,14446272.427652543,13907979.705466865,3028298.4356757696,8.68065309986538,8.357197176486023,1.819681051607994,0,2866,11717,3653,10429,1788,0,0,22.71,0.006266705243953569,0.001074395337634383,6.008922469990957e-07,81.14246867204061
11230760,세곡동,2,6362857.325298201,30235449.56373634,14842299.239118615,4818097.0073188925,4.7518666564347845,2.332646872358248,0.7572222291017798,0,9576,26501,8791,6799,1075,0,0,72.69,0.0010685450973349734,0.00016894925424843307,3.1432419395057313e-07,92.15826424210519
11230720,일원본동,1,2352816.255382805,10731687.74991769,4590254.116313679,4152529.938504114,4.561209454994876,1.9509615788364405,1.764918925990884,0,5866,14236,4263,9714,459,0,0,94.47,0.0041286691970675105,0.00019508535736606828,4.250225650676869e-07,91.7229100401778
11230730,일원1동,1,952738.114469984,11180271.875239125,4848195.333798543,2865868.25389064,11.734884650289027,5.088696736453787,3.0080335932450297,0,2114,9715,4452,5582,817,0,0,64.28,0.0058589027930794225,0.0008575284095209401,1.0496063764026195e-06,80.16838502001215
11230740,일원2동,3,1299292.829807386,4278441.6036546305,1829245.12184628,1988997.196566661,3.2929001880883844,1.4078774852605451,1.5308305802484266,0,3195,10542,4351,9447,505,0,0,93.93,0.0072708782679326905,0.0003886729676411568,2.3089483226207335e-06,93.76839174640264
11230750,수서동,2,1628146.9985285865,5375474.42578119,4504104.201713925,2323300.0362320216,3.301590354334833,2.766398983497462,1.4269596285419373,0,1416,8478,5963,17972,1421,0,0,93.76,0.01103831534629953,0.0008727713168869149,1.228390312296854e-06,92.50505103362576
11240510,풍납1동,3,1074461.5398369725,15106826.660908395,4393487.316483147,1182472.1461064136,14.05990452036147,4.089013104321788,1.1005253350304465,0,1776,8796,4109,2345,586,0,0,47.78,0.002182488542432129,0.000545389460923338,2.7920962163310816e-06,80.7505570402863
11240520,풍납2동,3,2562572.8603888704,14985247.859445956,11005335.311708402,4112162.940191996,5.847735333141687,4.294642888724867,1.6047008862678642,0,4155,15649,5292,16145,980,0,0,70.05,0.006300308666145396,0.0003824281506858153,1.1706984204667815e-06,88.25292089186559
11240530,거여1동,2,521901.4918714052,8661509.478187893,3670831.4772563023,1645879.839355734,16.596061925651785,7.033571534914835,3.153621641229708,0,1857,8027,3230,3469,646,0,0,44.36,0.006646848215540801,0.0012377814780165342,3.832140798812799e-06,73.21674489820367
11240540,거여2동,2,509222.9393000823,8710878.711912457,3276482.265330181,999814.246086756,17.10621819960704,6.434278608567098,1.963411639430428,0,2583,9868,4391,4356,639,0,0,81.35,0.008554210079187911,0.0012548531314511193,3.927552837092705e-06,74.49609155239543
11240550,마천1동,1,574808.4673787202,18196809.112871964,4780680.467962069,1525302.57436505,31.65716955398076,8.316997294356582,2.6535840387335217,0,2909,11777,5873,2115,698,0,0,43.15,0.0036794865072328686,0.0012143175328834714,1.73970993249781e-06,57.37224911292913
11240560,마천2동,1,889992.5591763463,17958527.63932962,7290612.089152274,2071548.8210388883,20.17828964317358,8.191767463650992,2.327602404851594,0,2596,11803,5661,3922,1036,0,0,24.69,0.004406778415749444,0.0011640546758583436,1.1236048994771656e-06,69.30234048832384
11240570,방이1동,3,608786.9865979014,11505734.310297428,8550074.595960233,4885351.384728554,18.899441945359563,14.04444376142272,8.024730311712931,0,2953,10336,3105,8372,1235,0,0,43.32,0.013751936529799898,0.0020286241775325934,4.927832010200632e-06,59.03138398150479
11240580,방이2동,4,769245.3185692355,23790757.36167213,17900818.854007043,1432624.3457727383,30.92739960500761,23.27062436636186,1.8623764242561271,0,2716,17758,5031,19629,2956,0,0,11.5,0.025517217363446497,0.003842727318067545,5.199901648264608e-06,43.9395996043744
11240590,오륜동,7,3082692.303196935,6855641.406569886,3165515.6651909756,6481808.140293926,2.22391362234245,1.026867216656086,2.102645188938223,0,4341,10804,3708,5717,489,0,0,99.89,0.001854547725717739,0.00015862757353086836,2.2707423613825734e-06,94.64657397206324
11240600,오금동,0,1647585.9291789583,23530523.50701,14568762.504393678,5762037.740697956,14.281818684101028,8.842490243682605,3.497260833958052,0,6612,25263,8983,16323,2046,0,0,56.38,0.009907222264294992,0.0012418168690037097,0.0,73.37843023825832
11240610,송파1동,5,686394.2890659347,24408588.209830463,12461167.304506969,1870634.0047766543,35.56059337708998,18.154532319120086,2.7253053158735736,0,2908,17691,4964,14149,1977,0,0,13.88,0.02061351649508657,0.0028802687193996857,7.2844428917543895e-06,43.559568987916364
11240620,송파2동,5,630534.1082963527,10423603.754005829,4363071.100254032,3222663.0654853787,16.531387623374545,6.919643272023244,5.11100513530145,0,3701,12701,4289,4084,771,0,0,72.06,0.0064770484993584825,0.0012227728680228671,7.929785136335066e-06,71.43796396930077
11240630,석촌동,4,946183.8649987913,31860972.754277095,17609289.658316534,3211304.659823714,33.67313049067667,18.61085388339298,3.3939541548067047,0,4006,23175,6393,15110,2459,0,0,8.69,0.015969412033737872,0.0025988606347426488,4.227508149235704e-06,44.32206147112365
11240640,삼전동,2,952604.6672405044,31456757.45621775,11482029.652563913,3524420.5896025184,33.02183847927322,12.053299807804786,3.699772540283709,0,4039,22388,5774,11201,1811,0,0,4.33,0.011758287970947447,0.0019011034296389452,2.0995068245598512e-06,51.225089172638285
11240650,가락본동,8,1013951.7007396684,14191327.413620312,18192806.907576285,2824128.6339642527,13.996058592601472,17.94247881265429,2.785269388969984,0,3787,18211,5513,25302,3343,0,0,55.26,0.024953851333641322,0.003297001225530114,7.889922166988008e-06,65.27619320577426
11240660,가락1동,3,1392151.4367168166,5748529.329343679,25703286.371514473,1629899.1816695728,4.129241386914584,18.46299597415341,1.170777214807499,0,5436,17588,4600,11354,2959,0,0,99.95,0.008155721928280426,0.0021254871574583217,2.154937976470079e-06,76.2369854241245
11240670,가락2동,5,931587.0443693649,15725906.240103783,9315588.683907256,2718778.4935296075,16.880769580420036,9.999697548620825,2.9184374234938795,0,6516,21011,6174,9595,1720,0,0,61.66,0.010299627992779045,0.0018463116360166708,5.367184988420555e-06,70.20109544746526
11240680,문정1동,5,612070.7633651552,12417857.83563977,8403096.572552854,1324111.054551537,20.288271518421475,13.728962524451854,2.1633300164046316,0,3091,13619,4385,6080,1181,0,0,47.3,0.009933491948664438,0.001929515459107352,8.168990089362201e-06,63.819435940722045
11240690,문정2동,6,2240295.8369222027,7002178.530006989,26281684.17669501,5753480.621744127,3.1255597651901312,11.731345362316842,2.5681789551724834,0,3359,21092,5337,59054,6330,0,0,38.25,0.02635991150207504,0.002825519690590561,2.678217716199584e-06,82.57491591732054
11240810,장지동,4,1277361.5867775297,16397280.145029854,7255615.194461482,4842264.548919998,12.836835172408914,5.680157654314328,3.790833072674313,0,5919,20433,6481,8925,1033,0,0,71.18,0.006987058396241363,0.0008086981874865354,3.131454743413496e-06,77.69217410060244
11240820,위례동,0,2638595.697643987,8622121.151192073,3094162.361588497,1620533.913372116,3.2676931743998523,1.172654971108794,0.6141652981618584,0,8254,16799,3185,3782,588,0,0,99.72,0.0014333381970427035,0.00022284581170309615,0.0,94.9454865563295
11240710,잠실본동,3,1028207.016197756,24923610.92613015,19144166.05532688,2694157.559967752,24.239876341532927,18.6189801798093,2.6202481771915687,0,3406,20236,5401,19077,2927,0,0,11.52,0.018553656704619653,0.0028467030022761297,2.9177003781443077e-06,54.520895301466204
11240790,잠실2동,3,2684789.4768274776,8104541.703122552,1582362.5695500104,2821841.9728677655,3.018687972771484,0.5893805019750872,1.051047762673086,0,10470,21428,4812,4541,735,0,0,100.0,0.0016913802885390582,0.00027376448184897773,1.1174060483631743e-06,95.34088376258035
11240800,잠실3동,6,1541455.1008072468,10680526.199263694,4768871.5169291925,1839299.9320804777,6.928859746657813,3.0937466257899926,1.193223163695947,0,7496,20675,7672,9473,1480,0,0,97.48,0.006145492006207392,0.0009601317607080059,3.892426056924348e-06,88.78417046385624
11240750,잠실4동,5,779600.6155107062,7528888.233809103,1448080.1613935705,1748557.0290151204,9.657365687015302,1.8574641073685556,2.2428882099710292,0,5418,12861,3878,1660,337,0,0,99.3,0.002129295394272185,0.0004322726191986303,6.413540344193328e-06,86.24228199564511
11240770,잠실6동,7,1506838.6477410188,5697334.228393582,5422331.617664965,2090879.380819914,3.7809849362005385,3.5984819116458606,1.3875934121775158,0,3224,10033,3992,48702,2051,0,0,95.25,0.03232064698678158,0.0013611278175411487,4.645487431881054e-06,91.23293973997609
11240780,잠실7동,2,722932.201466048,4482164.022519705,837452.733054818,1494308.6080102318,6.199978384460173,1.158411164085002,2.067010716883125,0,1779,5614,2785,1278,190,0,0,100.0,0.0017678006283170697,0.0002628185597654485,2.7665111554257743e-06,90.5745997345717
11250750,강일동,1,3385908.501843784,11931600.505869651,5226193.875780347,4542836.713182041,3.523899272343698,1.5435130255098275,1.341689153947384,0,7284,17958,6731,3409,433,0,0,93.0,0.00100681988250231,0.00012788295955514824,2.953417079795571e-07,93.59089854819909
11250760,강동구 상일동,0,1802631.9229180743,9097565.270646077,5423098.436952252,3908589.190760639,5.046823566687462,3.008433595347307,2.1682680424484393,0,0,0,0,4940,682,0,0,45.39,0.002740437433270235,0.0003783356942288057,0.0,89.77647479551679
11250530,명일1동,3,634446.9055101952,10241207.667542612,8497184.817001643,2434608.4722819035,16.141945966789876,13.393058967114936,3.837371498130478,0,4957,16115,5594,6441,1537,0,0,82.32,0.010152149760615353,0.002422582546509206,4.7285280673569405e-06,66.62762356796472
11250540,명일2동,2,913614.1562303422,6556313.661687843,5638909.811377635,1987842.8993685355,7.176239134406376,6.172091109713434,2.175801333432225,0,3839,10248,3648,3928,971,0,0,83.76,0.004299407986588455,0.0010628119029983173,2.1891079361448345e-06,84.47586842244797
11250550,고덕1동,2,1517309.4039229369,13831423.298420915,2615404.8084790716,4706281.404443808,9.115756656262974,1.7237122512501784,3.1017282251569283,0,6799,15881,4285,2503,565,0,0,90.89,0.0016496305852399694,0.0003723696686618389,1.3181227209268632e-06,86.05880286732992
11250560,고덕2동,2,2473375.273047397,9839880.692714432,9175029.27037608,4866374.653012808,3.97832096081033,3.709517666145222,1.9675035592221493,0,3759,11587,3899,3149,538,0,0,69.8,0.0012731590043380064,0.00021751652725749362,8.086116254925413e-07,90.3446578138223
11250720,암사1동,2,734907.5996205076,30798914.858604353,10754602.067271804,2151413.404938738,41.90855404748615,14.633951360450318,2.9274610931356366,0,5302,22560,8506,5241,1513,0,0,28.12,0.007131508781015517,0.002058762218217225,2.7214305594411435e-06,40.53003349892789
11250580,암사2동,1,2172643.04444782,6812111.961894069,3901276.3986266614,1580222.544399077,3.1354032036244477,1.7956361532081195,0.7273272746930651,0,2309,9256,3162,3532,659,0,0,74.28,0.0016256697155152815,0.0003033171977702635,4.602688888774863e-07,94.34163336847436
11250590,암사3동,1,1797967.1122820256,8358732.141993842,2091370.3233426537,2351721.477078585,4.648990565452961,1.163186083358462,1.3079891511996125,0,4105,10817,3714,2063,454,0,0,85.43,0.0011474069719607462,0.00025250739954928684,5.561836994477683e-07,92.87983419998896
11250610,천호1동,3,668477.5722608304,24963927.1259177,7566575.128230117,3567258.772730173,37.344449779351955,11.319115916842977,5.336392604265681,0,3582,17221,7283,4994,1196,0,0,33.29,0.007470706882558964,0.0017891400543733522,4.487809500936502e-06,46.00004169953939
11250730,천호2동,3,1849418.510686828,31916899.79356317,20579700.14717556,3208429.835117021,17.257802714275865,11.127659871606223,1.7348316871368883,0,3989,22619,8493,13879,3110,0,0,25.75,0.007504520972254484,0.0016816096421724508,1.6221314876261584e-06,69.87970572698103
11250630,천호3동,5,561435.1753777919,20748084.88002467,7770051.494488518,1759679.758725908,36.955441678664336,13.839623584788788,3.1342527791241666,0,3036,17533,6883,7233,1589,0,0,48.93,0.012883054566369229,0.0028302466066584685,8.905747660976931e-06,46.07068195742271
11250650,성내1동,2,663160.2397709946,12968695.686618792,11723095.216593318,3797085.1004693015,19.555900533326906,17.677620752175354,5.725742999581108,0,3492,12652,4290,17603,1874,0,0,49.51,0.026544112484507974,0.002825863023119238,3.0158623512478525e-06,57.040735714916636
11250660,성내2동,5,624661.8694407982,22904633.68002245,12147324.828835554,1491400.7629908489,36.66725119707858,19.446240315116285,2.3875328973192516,0,2522,15896,5988,6594,1660,0,0,27.06,0.010556110949748598,0.0026574376973889403,8.00433041382211e-06,41.498975590485884
11250670,성내3동,4,646853.1167711924,19413330.880012896,14077978.62885239,1899074.852038673,30.01196156697172,21.76379500051495,2.935867205089809,0,3412,14980,5249,8914,2236,0,0,39.85,0.013780562802815238,0.003456735295837432,6.183784071265532e-06,45.28837622742352
11250740,길동,3,1630343.8778385457,30981640.16238503,22187376.645895675,4740654.836653287,19.00313215115049,13.609016445850026,2.9077637552994555,0,5985,29029,11036,19549,3349,0,0,54.21,0.011990721875066926,0.002054167863297311,1.840102594772151e-06,64.48008764770003
11250700,둔촌1동,3,911467.3177781738,8607699.756882397,770317.6660372341,1659398.4081482028,9.443783215249937,0.84514019429132,1.820579164805616,0,15,134,119,283,17,0,0,0.0,0.0003104883680160319,1.8651244721811102e-05,3.29139612737843e-06,87.89049742565312
11250710,둔촌2동,3,1549245.6166016578,17055972.37954836,12296776.424491333,3893019.5965792104,11.009211319868974,7.937267204579788,2.512848546971351,0,4391,16887,6346,9229,1319,0,0,61.93,0.00595709285928765,0.0008513821087225497,1.9364263276479524e-06,78.54067292857988
23010520,연안동,0,5698090.115403967,3026936.796714349,80666788.57537684,4920613.696265304,0.5312195376713087,14.156811658226635,0.863554909909749,0,676,3684,2211,12702,2009,0,0,84.19,0.002229167974307686,0.0003525742765221336,0.0,84.4484138941923
23010530,신포동,4,1588044.2088715592,7630131.661075032,28304999.852472063,6114518.464737876,4.804735043552025,17.823811008753452,3.850345242644575,0,620,2836,1816,9234,1567,0,0,26.81,0.00581469958352318,0.0009867483482110485,2.518821565312185e-06,73.52110870504995
23010540,신흥동,1,3537977.359700358,10788408.226623314,59683663.74196134,6683831.928293945,3.049315224430101,16.86943065882596,1.8891675239154213,0,2124,7685,3616,15073,1800,0,0,61.98,0.004260343825725887,0.0005087652681156104,2.8264737117533915e-07,78.19208659282852
23010560,도원동,2,232792.84223327815,5524104.810346415,2162702.4840045245,1462268.6727715947,23.72970215643827,9.29024476550406,6.281415952240824,0,486,2237,1445,1043,247,0,0,10.25,0.004480378305231661,0.0010610291863779678,8.591329444356015e-06,60.698637125816845
23010570,율목동,2,182903.3319367831,5608647.242916935,2242032.4164846567,979051.1566928136,30.66454385235285,12.258018444735445,5.352833905897369,0,358,1943,1241,735,158,0,0,0.0,0.004018516186538652,0.0008638442958817783,1.0934737922554156e-05,51.72460379701434
23010580,동인천동,2,625879.0301520402,10120580.837904248,13601834.006375331,3040572.5316945612,16.170186809814876,21.732368958057503,4.858083407836714,0,541,3308,2226,3884,1264,0,0,8.21,0.0062056720433570555,0.0020195595939246445,3.195505686589627e-06,57.23936082429091
23010670,중구 북성동,0,2873187.2803907464,15649222.920623306,12700330.40278119,4470796.045145963,5.446642141091147,4.420293271329663,1.5560405949374612,0,0,0,0,3765,673,0,0,22.2,0.0013103914338207933,0.0002342346440800515,0.0,88.57702399264173
23010670,중구 송월동,0,2873187.2803907464,15649222.920623306,12700330.40278119,4470796.045145963,5.446642141091147,4.420293271329663,1.5560405949374612,0,0,0,0,3765,673,0,0,22.2,0.0013103914338207933,0.0002342346440800515,0.0,88.57702399264173
23010650,영종동,1,41734613.416063905,49491157.6581114,30720932.203531142,42163346.32293631,1.185853985628676,0.7361019951776161,1.0102728376227723,0,2190,9529,3548,3576,942,0,0,82.27,8.568427277255476e-05,2.2571192659884392e-05,2.3960926390535447e-08,97.06777118157093
23010640,운서동,16,52798107.177146405,30253834.781038716,59401666.217637375,86427278.38835387,0.5730098368779033,1.125071889761785,1.6369389549965498,0,5133,20387,3127,47190,2324,0,0,53.72,0.0008937820411186482,4.401672946725447e-05,3.0304116672808584e-07,96.66497931836376
23010630,용유동,4,39118641.5994845,24632878.92100859,23694040.284033474,81196163.01781702,0.6296966845938023,0.605696908564067,2.0756386136600153,0,220,2135,1876,2449,742,0,0,0.0,6.260442336094938e-05,1.896793880515494e-05,1.0225303938088915e-07,96.68896779318212
23020510,만석동,0,1133537.4401429596,5888580.117015553,7704017.226861426,815008.480209857,5.194870419342211,6.796438259586564,0.7189956426203882,0,1190,4176,1939,3182,469,0,0,58.71,0.0028071415087715327,0.0004137490155920329,0.0,87.28969567845084
23020520,화수1·화평동,1,286759.69380430743,9517864.87797291,4426228.546651295,814648.1346387753,33.19108327848947,15.435323172272158,2.8408739172204345,0,847,3470,2183,1194,375,0,0,31.96,0.004163765081898784,0.0013077151639129345,3.487240437101159e-06,48.53271963201794
23020530,화수2동,1,592632.7255822535,6666184.039628842,1705157.355364577,1169086.4618882712,11.248423773897075,2.877258176536375,1.9726998044862605,0,1125,4363,2674,3621,234,0,0,67.87,0.006110023702085161,0.0003948482591239789,1.6873857227520467e-06,83.90161824508029
23020550,송현1·2동,1,333197.6428421549,4143148.2274505766,5008405.019025709,712808.8986976346,12.43450641520085,15.031333884310614,2.1392975430961023,0,1905,6256,2744,1577,641,0,0,85.86,0.004732926639279198,0.0019237831171705555,3.0012217116545327e-06,70.39486215739242
23020570,송현3동,0,2234804.8119994327,3557994.6547353803,4959197.647156912,578988.793917224,1.592082957594904,2.21907417620066,0.2590780146921265,0,398,2109,1377,8583,1463,0,0,86.35,0.003840603865660449,0.0006546433013469925,0.0,95.92976485151232
23020580,송림1동,1,196111.37048963632,6520736.789700004,1705883.2085615664,894849.7327897915,33.25017194780452,8.69854309978276,4.562967106678196,0,238,907,602,455,96,0,0,53.27,0.0023201102457281733,0.0004895177661316585,5.099143397204776e-06,53.48831784573453
23020590,송림2동,0,198130.5825075146,7722874.771755531,3616927.293151225,1142237.244448538,38.97871128230606,18.255270071767157,5.76507286251589,0,289,1448,1349,1985,327,0,0,3.74,0.010018645151989736,0.0016504266824688381,0.0,37.0009457834109
23020600,송림3·5동,1,519703.88010948943,12401571.282793324,5130428.342643851,3754448.389993974,23.86276446537325,9.871829976645529,7.2242069641715965,0,1349,4667,2436,2074,412,0,0,53.51,0.003990734107128755,0.0007927591379638606,1.924172664960827e-06,59.041198593809625
23020610,송림4동,0,799350.0774285874,4041887.303338318,15627212.201262262,217008.38335809932,5.056467019232151,19.549897651268285,0.271481031260032,0,800,2519,903,7271,2116,0,0,71.61,0.009096139733042834,0.0026471505535852887,0.0,75.12215429823954
23020630,송림6동,0,558277.8169435218,7556113.20681631,8616802.989035359,564018.3731231996,13.534682872023776,15.434614680215883,1.01028261558216,0,1226,3887,1852,3171,807,0,0,59.34,0.005679967757457923,0.0014455168654268508,0.0,70.02041983217818
23020640,금창동,2,289178.29177879175,8507452.359244633,4341487.54447007,1894708.8439167915,29.41940180541784,15.01318621728048,6.552043835178879,0,360,1523,1316,1564,374,0,0,0.0,0.005408428102695566,0.0012933197636880703,6.916148468920162e-06,49.015368142122796
23090520,남구 숭의2동,0,531473.4413861771,17505178.01175674,8372002.006117384,2552278.4528720607,32.93707013110595,15.752437194757496,4.802269039474984,0,2159,8660,3726,5828,742,0,0,21.59,0.010965740799182522,0.0013961186810215222,0.0,46.508223634661576
23090750,"남구 숭의1,3동",0,716628.8402033298,15341077.913414828,14329995.059114909,933256.1187265818,21.4072851283268,19.99639737503314,1.3022865762167597,0,1926,8735,3367,4536,996,0,0,38.08,0.006329636410739066,0.0013898407991834456,0.0,57.294030920423296
23090540,남구 숭의4동,0,792683.9645430506,31345099.10792654,5916110.972912265,2437976.642634416,39.542996339021045,7.463391764614107,3.0755972767025863,0,2534,9982,4670,1851,616,0,0,13.35,0.0023351046353557482,0.0007771066749752246,0.0,49.91801461966226
23090760,"남구 용현1,4동",0,1258625.0061182696,40961620.33805283,12188244.99082434,7388018.901699974,32.54473742293006,9.683777877903566,5.869912695033283,0,1762,10658,5020,7367,1378,0,0,9.08,0.005853212802963499,0.0010948455602665537,0.0,51.90157200413309
23090560,남구 용현2동,0,665065.2343473,10200421.25172556,4975898.889787118,546508.2982792413,15.337474769277827,7.481820779085682,0.8217363802147749,0,2807,11172,4196,2002,571,0,0,78.73,0.003010231021825514,0.0008585623943368474,0.0,76.35896807142171
23090570,남구 용현3동,0,431558.8466091296,18310139.0528723,6172340.028242757,963074.7573591664,42.42790802862654,14.302429614733752,2.231618619166994,0,719,4218,2782,1902,671,0,0,7.69,0.004407278439314677,0.0015548285135542318,0.0,41.03804373747271
23090590,남구 용현5동,0,1957900.9924714027,23527744.932838745,13581317.87120872,4288683.868281763,12.016820576376716,6.936672448419063,2.190449815783728,0,9550,28946,8732,6580,1897,0,0,74.17,0.003360741950317235,0.000968894753761671,0.0,78.85605715942049
23090600,남구 학익1동,0,5110100.169570089,26401434.931957796,21203412.193369493,10655524.62316552,5.166520039895605,4.149314394976591,2.0851889923054023,0,6148,19523,6995,9236,1550,0,0,74.32,0.0018074009693549603,0.0003033208642810945,0.0,88.59897657282241
23090610,남구 학익2동,0,836011.7468903657,13086234.077727664,7419054.880260822,3493292.877967181,15.653170097673028,8.874342864028865,4.17852128389446,0,3268,11666,4856,7367,1160,0,0,68.18,0.00881207713565535,0.0013875403118447408,0.0,71.29396575440364
23090620,남구 도화1동,0,1003167.2694083796,28968339.67075402,11793718.364643265,2698422.557324665,28.876878815871027,11.756482417532062,2.689902910125912,0,3525,14830,5602,4741,1007,0,0,31.83,0.004726031385322965,0.0010038206296182715,0.0,56.676735856471
23090770,"남구 도화2,3동",0,2873388.406609047,30378246.290044498,23342735.651200913,9893729.362443296,10.572272867869811,8.123766211873953,3.4432272851407224,0,4313,16462,6182,14903,2188,0,0,47.23,0.0051865595217374435,0.0007614703236637942,0.0,77.86073363511551
23090650,남구 주안1동,0,647514.0515765405,11973720.82512639,21053351.48665591,1700508.5109083648,18.49183163820657,32.514122952847245,2.6262109783842327,0,2353,14848,3255,11246,2044,0,0,37.75,0.01736796286110707,0.0031566882525433794,0.0,46.36783443056195
23090660,남구 주안2동,0,1008387.524117816,46450734.396002725,10684032.324167604,2999892.5978663377,46.06436839511672,10.59516512118145,2.9749402150634325,0,2323,10628,5526,3511,1061,0,0,7.14,0.0034817963491136678,0.0010521748579919116,0.0,40.36552626863839
23090670,남구 주안3동,0,459175.30140411615,20747683.421426386,5551660.683141435,1236785.7389376482,45.18466772490128,12.090503705589049,2.6934936072468845,0,1282,5224,2603,1521,412,0,0,6.88,0.0033124603943543917,0.0008972608037304468,0.0,40.03133496226279
23090680,남구 주안4동,0,980424.8298038936,43137478.114089705,13619935.464049382,2318740.6212040163,43.9987613560523,13.891871207274164,2.3650366154719022,0,1633,8124,5016,5787,1087,0,0,2.98,0.005902543289421283,0.0011087030509073672,0.0,39.744330821201636
23090690,남구 주안5동,0,1163641.8821710022,18648800.53767595,9233081.893400611,3398003.5736367893,16.026236957785464,7.93464212217464,2.920145472331356,0,2242,11057,4631,10357,1696,0,0,41.16,0.00890050466436287,0.0014574930878400527,0.0,73.11897544770854
23090700,남구 주안6동,0,658445.183844534,13735329.192129651,14418849.206566043,2321216.72657541,20.860247032154938,21.898328912328243,3.5252998784534726,0,4128,14270,4840,7406,1736,0,0,50.98,0.011247709272691954,0.002636514082823823,0.0,53.71612417706335
23090710,남구 주안7동,0,483672.2261900338,14824242.47126858,7574485.788346094,1947742.0051625425,30.649356462002363,15.660369519274598,4.0269874921395195,0,1753,7690,3988,3281,1062,0,0,37.18,0.006783519545410215,0.0021957018461522854,0.0,49.66328652658352
23090720,남구 주안8동,0,776416.6453795775,17197724.762326095,7512407.656959068,2394511.088741331,22.150123731464316,9.675742659131648,3.0840542935174877,0,3519,13392,5145,4202,876,0,0,58.35,0.005412042651264374,0.0011282602005015685,0.0,65.09007931588656
23090730,남구 관교동,0,899128.9866761123,9181315.853722118,8013715.082152375,4224013.442522751,10.211344523174011,8.912753565845282,4.697894857264058,0,2491,9582,3878,5051,1173,0,0,81.44,0.0056176589508211625,0.0013045959115646848,0.0,76.17800705371664
23090740,남구 문학동,0,1712652.002670394,14487575.097463837,5376501.304677793,2467052.7082517603,8.459147027460675,3.1392841606436495,1.4404868615486934,0,2041,9092,2617,3010,677,0,0,6.52,0.0017575082359342035,0.00039529338064035074,0.0,86.96108195034698
23040510,옥련1동,0,2166690.579468958,16036777.90823994,14438992.60366344,3347649.3725014157,7.401508115741405,6.664076883189452,1.545051888914338,0,3598,12636,4157,6828,1901,0,0,63.3,0.003151349834936738,0.0008773749320759723,0.0,84.3893631121548
23040600,옥련2동,0,1992795.9507442869,9640386.87515318,5552032.176053871,4791001.443630996,4.837618659126944,2.7860515141955453,2.404160567388553,0,4048,13452,4021,3358,765,0,0,80.49,0.0016850696624152483,0.0003838827551362909,0.0,89.97216925928896
23040520,선학동,4,2434373.368987671,11352400.221198585,7722887.930586878,2234739.640841786,4.6633767711316425,3.172433624591623,0.91799379228795,0,2185,11285,4480,3838,940,0,0,78.24,0.001576586422147831,0.00038613633059378876,1.6431333216756967e-06,91.24619581198878
23040530,연수1동,2,1637775.205098864,17450178.83072313,12814987.536996055,2375377.8895279584,10.654807067780558,7.824631547174072,1.4503686965907931,0,2899,13999,4102,3877,1326,0,0,74.32,0.002367235740232307,0.0008096349217302138,1.2211688110561294e-06,80.07019268845457
23040540,연수2동,6,970401.0710977404,4821796.835095158,12991093.412410118,2071983.18705614,4.968870066930808,13.38734446955452,2.135182296029686,0,3447,14299,4435,6356,1560,0,0,86.11,0.006549869110041733,0.0016075827268195568,6.183010487767527e-06,79.50860316748498
23040550,연수3동,6,863711.7870426993,4987376.16607703,2128063.2003249843,4688411.68470805,5.774352325506088,2.463858004776516,5.428213155178661,0,2608,10573,4189,2589,259,0,0,100.0,0.0029975276924662747,0.00029986854860902475,6.946761743838412e-06,86.33357651453873
23040560,청학동,2,2387927.8221725584,21838108.074528575,11790606.982402204,4594277.0755739175,9.145212795695,4.937589349612336,1.9239597750463004,0,3376,16407,6157,6975,1470,0,0,54.66,0.0029209425574785054,0.0006155964959847172,8.375462530404316e-07,83.99323807964636
23040570,동춘1동,0,3820176.295370271,15603140.374139205,9965695.323724631,3837396.1136276745,4.084403223235766,2.6087003722320903,1.0045075977981102,0,5195,16828,3985,4072,807,0,0,95.36,0.0010659193935432401,0.00021124679533138376,0.0,92.30238880673403
23040580,동춘2동,2,1279195.168934035,8869183.073533066,3927906.4964520847,2154122.732871394,6.933408825272406,3.070607669449881,1.6839672203159148,0,3742,12383,3136,4648,867,0,0,99.48,0.0036335346730842367,0.0006777699142779762,1.563483077919207e-06,88.3120162849618
23040590,동춘3동,1,707320.0973082,5646939.369594877,5102554.670376948,1991777.2513189928,7.983569802533606,7.213925759773254,2.8159489019171997,0,4646,11534,3097,4197,645,0,0,100.0,0.005933664285679004,0.0009118926529099254,1.4137870587750783e-06,81.98655553577595
23040640,송도1동,4,5835537.738022011,12649164.963207452,31903464.131345134,23748448.6178638,2.16760914436224,5.467099274069471,4.069624717380968,0,8752,22760,4756,29935,2156,0,0,87.01,0.005129775753981388,0.0003694603816797686,6.854552535802756e-07,88.29566686418733
23040660,송도2동,4,17001469.77855392,15829838.337684626,23750190.79819146,23820625.151281327,0.9310864615747976,1.3969492701243127,1.401092109185128,0,11196,22263,3193,8633,1603,0,0,92.3,0.0005077796280227963,9.428596591226022e-05,2.3527377644980713e-07,96.27087215911577
23040650,송도3동,2,22050487.95766972,8081703.658621366,25978208.703330606,57877143.46947997,0.3665090620278244,1.178123983160868,2.624755677996179,0,13090,31172,3843,26155,3090,0,0,85.64,0.0011861415516154492,0.00014013295333556637,9.070094067026949e-08,95.83061127681513
23050510,구월1동,6,1677118.483588371,16592839.499679005,18121814.665195692,4542444.405235019,9.893659668085515,10.805327615507622,2.708481511405194,0,6677,20459,5549,15856,2482,0,0,61.86,0.009454311162309702,0.0014799192926874798,3.577564768785205e-06,76.59253120500168
23050520,구월2동,2,814005.0698888053,18092695.687538847,5071193.81278137,4107069.5421920754,22.226760442671868,6.229929026700172,5.045508552855954,0,8569,22199,6238,3776,808,0,0,83.1,0.004638791746677231,0.0009926228102000007,2.4569871539603975e-06,66.49780197777201
23050530,구월3동,5,1837133.8089600943,22604011.54575816,38458222.2843093,6540542.6332812,12.303954908190988,20.933816631505188,3.5601884856625987,0,3488,20688,4603,33045,4358,0,0,23.46,0.017987258107521942,0.0023721734251045735,2.721630822745036e-06,63.202039974641224
23050540,구월4동,1,1041376.9139981732,15097629.68905954,12151697.356737752,3104568.2926688464,14.49775723478927,11.668875306716345,2.9812148233144837,0,2013,9801,4014,5486,1499,0,0,8.39,0.0052680253673810015,0.0014394403984148963,9.602671103501643e-07,70.85215263517989
23050550,간석1동,6,946362.0933608314,22943260.205488257,11038879.68258906,3064117.7335373904,24.24363820829877,11.664541257550272,3.2377857852016647,0,3226,14742,5749,5732,1257,0,0,41.73,0.006056878271173441,0.0013282442405556554,6.340067974012675e-06,60.854034748949296
23050560,간석2동,4,594520.7376861617,12121878.891279316,12279877.305291131,2270878.7702189684,20.38932895504525,20.655086571216444,3.8196796617340714,0,3975,13838,4906,4603,1193,0,0,66.61,0.007742370800785135,0.0020066583457172857,6.728108451692492e-06,55.135904812004235
23050570,간석3동,3,1649515.8052685305,20771387.978857253,10354230.12168068,3788589.2758065406,12.592415248470932,6.277133016009555,2.296788708362684,0,4111,18383,6621,7465,1839,0,0,34.24,0.004525570458986593,0.0011148726154154515,1.8187155227005734e-06,78.83366302715683
23050580,간석4동,4,1064968.446689233,17926481.615694594,17235175.53763207,2811955.5342132673,16.8328758203347,16.183742899813296,2.6404120638081405,0,4425,18666,6258,6658,1485,0,0,53.1,0.006251828418612616,0.001394407510008972,3.7559798249399916e-06,64.34296921604385
23050590,만수1동,2,756337.3383250276,11134102.402108464,6815132.908730805,4281820.507137902,14.721079917548252,9.010705360419582,5.661257603148817,0,1995,9592,4593,6497,1031,0,0,57.33,0.008590082322660746,0.0013631483568821347,2.644322709761658e-06,70.60695711888334
23050600,만수2동,1,851791.5745541562,13183033.733468818,6157178.920412406,3090297.091659819,15.476830397587657,7.228504136866099,3.627996782284843,0,4595,15539,5287,3248,948,0,0,75.68,0.003813139384082231,0.0011129483177678432,1.1739961157888641e-06,73.6666686832614
23050610,만수3동,0,1267308.4882980315,11463880.404391456,3419482.9883917263,1955006.4755217584,9.04584835519188,2.698224639041138,1.5426445049281494,0,3204,11321,3857,1642,517,0,0,45.38,0.0012956592772389733,0.0004079511853426,0.0,86.71328250083883
23050620,만수4동,2,968085.9056776034,11343344.85031535,1571483.536525581,2630066.100659452,11.717291599628933,1.6232893458206423,2.71676933341836,0,3796,13536,4852,1449,301,0,0,90.82,0.001496767994954763,0.0003109228202079943,2.0659323601860085e-06,83.94264972113206
23050630,만수5동,2,543834.570694839,18210167.967095245,8374604.559912844,1806888.597995237,33.484756115869445,15.399176534902692,3.3224967579509275,0,1901,9837,4459,4066,1139,0,0,23.92,0.0074765383059967015,0.0020943868988023222,3.6775889355615845e-06,47.79357059127693
23050640,만수6동,2,1720844.001208112,8517190.61556571,9853781.63928334,4933065.612393168,4.949426333581805,5.7261330093637355,2.8666547397265107,0,4218,15721,5623,10633,1465,0,0,86.42,0.006178944745992869,0.0008513264415385642,1.1622203980048657e-06,86.45778591732795
23050750,장수서창동,3,13938877.80870026,29193954.231265843,28577689.182281688,5724657.868461667,2.0944264403439843,2.050214484586721,0.4106971843090908,0,4138,12266,4398,4352,870,0,0,86.59,0.00031222025615867586,6.241535451701471e-05,2.15225360403499e-07,95.4446618907602
23050670,남촌도림동,1,9842225.403807843,17726922.046407446,19154911.700946104,4010836.60543673,1.801109131228503,1.946197218114441,0.4075131833380878,0,3579,13570,4820,18893,2349,0,0,47.3,0.0019195861936540611,0.00023866553585419944,1.0160303782639397e-07,95.84518046731897
23050720,논현1동,9,3814666.731441589,14881087.78203738,13817879.094938137,3655081.6975232023,3.901019100668255,3.622303091655995,0.9581654060096416,0,6804,20248,5256,6807,1937,0,0,88.89,0.0017844284911908263,0.0005077769924249493,2.359314884782935e-06,91.5185124016661
23050730,논현2동,12,3262346.0117779886,13252305.468319936,10690402.458784996,5746124.23325558,4.062201072625459,3.2769063797002618,1.7613472674297734,0,6333,20961,6093,19585,2526,0,0,80.38,0.006003348488858201,0.00077428941959948,3.6783345349143942e-06,90.89954528024451
23050740,논현고잔동,8,10973645.463893823,14310982.380605532,20276314.35685441,18355939.77265504,1.3041229031585195,1.8477282160763084,1.672729434630534,0,10654,25865,5280,66722,7273,0,0,80.8,0.006080203722589007,0.000662769726243066,7.290193606413485e-07,95.17541944613464
23060510,부평1동,6,1095934.247552803,16029193.806207184,16971150.45837423,3140572.0201324243,14.62605429294688,15.48555535724012,2.8656573395212828,0,5714,24583,7608,14325,2925,0,0,60.6,0.013071039646636372,0.002668955739365542,5.474781003826753e-06,67.02273301029172
23060520,부평2동,5,2340698.1616515056,21687307.698978662,3932023.811626024,3551195.581419165,9.265315816575404,1.6798508564862291,1.5171522922518037,0,2636,12231,4629,1715,508,0,0,5.41,0.0007326873785309575,0.00021702926431121073,2.1361148062127043e-06,87.53768103468656
23060530,부평3동,3,975076.5696862468,20293451.563504457,7432637.474566957,2918776.111962564,20.812162033628123,7.622619295383724,2.9933814458301944,0,1634,8080,3734,3590,878,0,0,16.99,0.0036817621421447416,0.0009004421060732822,3.0766814558312606e-06,68.57183722515796
23060540,부평4동,6,1052968.3716851927,24834059.564313952,23108328.29299183,4395467.530686222,23.58481055282696,21.945890222712745,4.174358555187772,0,5433,24837,7183,13716,3034,0,0,31.0,0.013026032280455267,0.0028813780941164538,5.698176850592855e-06,50.29494066927252
23060550,부평5동,3,808586.6766168202,22709569.039990634,22183779.44062995,2072221.282473511,28.085509812020355,27.43525225205088,2.562769511790401,0,5341,22933,6013,11844,2443,0,0,26.28,0.01464778030898258,0.0030213211157416784,3.7101773832276036e-06,41.916468424138365
23060560,부평6동,3,705636.0939341272,14543323.966193903,7696469.133772675,3060177.7810444795,20.6102325139161,10.907136412003265,4.336764810290663,0,1948,9485,3648,4606,837,0,0,28.91,0.006527443875858066,0.0011861638133072517,4.251483201818106e-06,64.14586626378997
23060570,산곡1동,1,2296474.418341861,26826158.132399816,6557448.418592497,4831327.9461049065,11.681453064811098,2.855441526462644,2.103802205466457,0,1703,8003,3862,2398,626,0,0,57.94,0.0010442093240128501,0.0002725917584787507,4.3545009341653466e-07,83.3593032032598
23060580,산곡2동,1,813066.4694772119,11530775.008504594,5949599.5453745285,4021603.716806772,14.181835608002244,7.317482356885312,4.946217643672596,0,6863,20200,5762,3921,884,0,0,90.8,0.004822483950756095,0.0010872419822668677,1.229911744645778e-06,73.55446439143985
23060590,산곡3동,1,1638378.2652149687,15336484.545172837,5314679.313272698,2784422.2543411124,9.360771484087383,3.243865855712733,1.699499018912933,0,3599,13326,6286,2442,612,0,0,73.63,0.0014904982883575328,0.0003735401115785463,6.103596594420691e-07,85.69586364128695
23060600,산곡4동,0,691381.2548464547,5597952.977757353,3546820.7940109456,1896976.0723674211,8.096767071014348,5.1300505605964695,2.743748198363739,0,3311,11487,3783,2083,533,0,0,93.99,0.0030128094815536684,0.0007709205250446977,0.0,84.02943417002544
23060610,청천1동,1,2085520.817996633,19970984.21655206,10398872.52757754,1444966.6821003582,9.576017675880282,4.986223315462645,0.6928565131698873,0,962,4715,1910,7351,1311,0,0,13.83,0.0035247790079727796,0.0006286199536732844,4.794965321687906e-07,84.74490249548718
23060620,청천2동,4,2817946.364087336,17305796.80233107,22356806.93777874,3297723.977244105,6.1412797003096955,7.93372337483065,1.1702578939298431,0,6073,22313,6846,29207,2853,0,0,67.6,0.010364640140819637,0.001012439426225166,1.4194734331933628e-06,84.75473903092981
23060630,갈산1동,3,1100270.7575942655,14463863.220912164,9834410.31265697,5539883.339718089,13.14573083132492,8.938172940413178,5.035018245718905,0,2433,10961,3697,5589,1015,0,0,35.74,0.005079658767056132,0.0009225002055040211,2.7266015926227227e-06,72.88107798254299
23060640,갈산2동,4,673671.2985539924,5858884.674751091,4791821.65342316,3041611.8964397,8.696948626617973,7.1129965959787915,4.514979193812167,0,2986,12187,4856,2752,768,0,0,95.75,0.004085078295403417,0.0011400218498800233,5.937613801458454e-06,79.67507558359107
23060650,삼산1동,0,1967936.7251757188,14975583.246398138,9666416.99466314,3921260.266939536,7.609789001250005,4.911955181790724,1.992574363176948,0,6767,22212,6810,5312,1255,0,0,83.61,0.0026992737784791807,0.000637723756022472,0.0,85.48568145378232
23060720,삼산2동,2,1351600.3472381204,7487398.0777297905,6427720.918732738,4598901.344882896,5.539653857761762,4.75563722062312,3.4025600498552384,0,7268,18554,4419,11723,1515,0,0,95.26,0.008673421861623676,0.0011208934675731356,1.4797273499315323e-06,86.30214887175988
23060660,부개1동,1,927861.0711410766,18280489.334372617,8645744.047507498,1066330.237889694,19.701752668523323,9.31792950088425,1.149234805786527,0,2244,10293,4825,3378,1015,0,0,31.58,0.003640631237831063,0.0010939137674359175,1.0777475541240567e-06,69.8310830248059
23060670,부개2동,1,722207.6394129527,14857394.287862888,7530705.75995036,3111461.223163322,20.57219209137657,10.427341596762536,4.308264068893645,0,2938,11204,3888,2953,718,0,0,57.7,0.00408885179109911,0.0009941739200843755,1.384643342735899e-06,64.69220224296726
23060680,부개3동,2,869757.6074790589,11129772.269629754,5223329.995284467,5137228.56221744,12.796406922945742,6.0055007859304395,5.906506040352316,0,5892,21607,5773,3965,1005,0,0,91.42,0.004558741384794243,0.0011554943484787426,2.2994912407537168e-06,75.2915862507715
23060690,일신동,2,4327179.893256089,9411705.301140709,14066478.762143824,1721920.3643005984,2.1750205753656915,3.25072659541297,0.3979313101783015,0,2321,8006,3041,6616,1067,0,0,60.14,0.00152894036374493,0.00024658092021097945,4.6219478952386033e-07,94.17632151904304
23060700,십정1동,2,1739827.5583999243,14757853.440212954,8607086.543242125,2469763.7071329886,8.482365605120878,4.947091740033044,1.4195451125077982,0,1869,7919,3456,5990,1067,0,0,44.1,0.0034428699390613307,0.0006132791694454824,1.1495392117066211e-06,85.15099754233827
23060710,십정2동,4,1089932.3724940124,28228788.0475936,15661877.38797744,3401482.0521712285,25.899577588469764,14.36958639198826,3.12081936275355,0,3022,15285,6170,6094,1833,0,0,29.2,0.005591172584405062,0.0016817557182826515,3.6699524676108053e-06,56.610016656788424
23070510,효성1동,1,2081340.301196318,31970897.655309673,10460091.307635965,5691035.408911214,15.360725796225328,5.025651644579066,2.734312791445064,0,4006,16256,5823,4264,1083,0,0,63.37,0.0020486798807137115,0.0005203377839617611,4.804596343137223e-07,76.87930976775054
23070520,효성2동,1,2908541.4803740107,17287668.10027981,9488153.854100147,2837815.457697643,5.943758484082814,3.2621690005535218,0.9756833371111926,0,5154,19520,6105,7186,1327,0,0,65.19,0.002470654122853095,0.0004562424187344916,3.438149349920811e-07,89.81838917825247
23070530,계산1동,2,1456386.3806299174,19520444.638582308,15780788.86240052,5392029.086180943,13.4033419278058,10.835578437347786,3.70233418678962,0,2408,13536,4750,7724,2022,0,0,33.67,0.005303537648165986,0.0013883678307342858,1.373261949292073e-06,72.0587454480568
23070540,계산2동,2,1582885.061048987,16731718.034800664,6946075.258018805,4981241.287862285,10.570393546902553,4.388237294636921,3.146938088202808,0,1750,10259,3823,4757,969,0,0,42.21,0.003005271903202786,0.0006121733181003782,1.2635156204342172e-06,81.89443107025772
23070550,계산3동,3,521934.6267364881,8065144.679107387,3447598.8840818456,2881233.3941108454,15.452403933298106,6.605422801010008,5.520295543766459,0,2920,14129,3538,2632,571,0,0,89.87,0.0050427771317008326,0.0010940067409578934,5.747846274734992e-06,72.42187772192543
23070620,계산4동,1,850271.049002766,5452867.503670815,11242914.911726784,5154510.530143521,6.41309322487949,13.222742236035147,6.062196914959,0,4436,16457,3221,16300,2319,0,0,80.42,0.01917035752178747,0.0027273655885291497,1.1760955534838937e-06,74.30196762412636
23070560,작전1동,1,831423.8624097704,12363885.735203795,7168321.233896082,4152657.742385197,14.870737170531449,8.621741037260666,4.994633820527205,0,5121,18978,5361,5056,910,0,0,78.19,0.006081134098418889,0.0010945079172391592,1.202755953010065e-06,71.51288797168068
23070570,작전2동,2,967317.6369148648,21420494.793807626,15546626.280861992,3062658.6538826195,22.144220239926092,16.07189374779308,3.1661354419739265,0,2590,12977,4792,8161,1681,0,0,50.82,0.00843673234982471,0.0017377952554901775,2.067573177263745e-06,58.6177505703069
23070580,작전서운동,0,3276346.7321984195,13199285.189155718,19954311.527395666,4279876.749534242,4.028659439319792,6.090415074599378,1.3062954257782284,0,5885,20639,4709,12894,1861,0,0,75.9,0.003935480904155955,0.0005680106997544774,0.0,88.5746300603026
23070630,계양1동,3,17059703.82925015,24192858.23996982,14878949.214837003,8291223.469733774,1.418128853942314,0.8721692570844004,0.4860121578147122,0,3619,13816,4504,3610,821,0,0,53.39,0.00021160976979027425,4.812510276947788e-05,1.7585299428554646e-07,97.22368973115857
23070610,계양2동,3,4156051.4950590273,25141309.7822621,13155540.147945968,5533219.637677942,6.049325859448964,3.165393923435764,1.3313645522092732,0,5206,23130,7209,6108,1648,0,0,50.93,0.0014696641769830988,0.0003965302167105676,7.218389867304022e-07,89.45391566490599
23070640,계양3동,3,9811156.760748075,16854222.637453116,15125008.676110543,10738764.452852428,1.717862944039641,1.5416131904671864,1.0945462104749435,0,6156,16538,4150,4241,828,0,0,49.76,0.00043226299440681973,8.439371831380494e-05,3.0577434171668457e-07,95.64597765501823
23080510,검암경서동,6,14995076.185170509,44018233.620905645,23827999.788066417,11912460.930403337,2.935512502726582,1.5890549333541428,0.7944248354125903,0,9624,30771,5985,16658,2226,0,0,40.69,0.0011108979903992047,0.0001484487289367649,4.0013134484303207e-07,94.68100772850669
23080530,연희동,7,9447146.793453284,27668500.691583943,28357724.87333637,15699419.96079998,2.9287679440693943,3.0017237472151703,1.6618160280603895,0,6555,27736,8199,15938,2519,0,0,41.75,0.0016870702179654813,0.00026664135268258547,7.409644576332268e-07,92.40769228065504
23080740,청라1동,0,2468432.7649937603,7192900.317606538,14801328.743726218,3807241.7968843407,2.9139543193613053,5.9962454532415155,1.542372087616478,0,8509,20232,2644,8613,1763,0,0,79.71,0.0034892584971772077,0.0007142183595174059,0.0,89.5474281397807
23080780,청라2동,0,4919153.608087285,13282154.428289307,16626714.792432668,3619904.0736911823,2.7000893825419303,3.379995039207087,0.7358794544939429,0,13373,30674,4723,6461,1438,0,0,82.37,0.0013134373338870174,0.0002923267119841404,0.0,93.18403612375704
23080790,청라3동,1,13193758.12190356,7765304.161746465,14065655.946453275,17534089.10883441,0.5885589299120869,1.0660841146619355,1.3289685127488633,0,7738,16685,2396,5970,673,0,0,86.68,0.0004524866944532207,5.100896907320227e-05,7.579341615631838e-08,97.01638844267711
23080540,가정1동,2,2434775.880984493,16267036.720865564,9540070.866050662,1656767.0467961973,6.681122828557035,3.918254218204744,0.6804597744439169,0,5573,17780,4826,5184,1245,0,0,71.45,0.002129148740327827,0.0005113406986319724,8.214308411758591e-07,88.72016317879431
23080550,가정2동,2,1282108.1081720043,2911243.3943832032,232492.5891304773,915460.3638804244,2.270669201627604,0.181336181908996,0.7140274350075387,0,853,4573,1358,197,69,0,0,99.78,0.00015365318941734237,5.381761456749555e-05,1.5599308570288564e-06,96.83396718145586
23080560,가정3동,1,588929.4525350941,10265195.780586934,925366.62508977,1304673.1524019688,17.43026390750127,1.5712690562620957,2.215330116002687,0,1389,6668,2076,540,141,0,0,30.9,0.0009169179732247343,0.0002394174707864584,1.697996246712471e-06,78.78313692023394
23080580,석남1동,3,1146365.032019579,21827937.481528245,13499524.649099551,2684841.9190132474,19.04100079105993,11.775938965372236,2.3420479899699105,0,3010,14750,5247,4575,1455,0,0,41.6,0.0039908753949867105,0.0012692292239793802,2.6169674721224334e-06,66.84101225359792
23080590,석남2동,3,2721862.5582637764,17890347.064284015,16092482.597237464,6047921.3672138,6.57283263990226,5.912305361774971,2.2219789712937055,0,1821,8419,3623,14472,2651,0,0,41.98,0.005316947380759093,0.0009739654164173823,1.1021864387974904e-06,85.29288302702906
23080600,석남3동,4,1449821.494738116,17226975.8605024,2835770.530553804,3791809.301463675,11.88213578224962,1.955944604798424,2.6153628672394578,0,2122,9698,3403,1605,422,0,0,36.84,0.001107032835293178,0.0002910703155724119,2.7589603371792595e-06,83.54655674571251
23080730,신현원창동,2,10077340.6571345,19270112.938733928,28425698.880882666,25100786.64471992,1.9122220429346288,2.8207539913576305,2.4908145411308693,0,6144,20656,6038,14831,2253,0,0,64.35,0.0014717176390663456,0.00022357088805990673,1.984650581978755e-07,92.77620942457688
23080620,가좌1동,2,4342249.085896852,13532828.427645072,46321904.709297955,1085247.2270904817,3.116548166616745,10.667721679013397,0.2499274467269151,0,1510,7644,2812,26027,3599,0,0,21.43,0.005993898434908513,0.0008288331527734943,4.6059080454209185e-07,85.96580270764295
23080630,가좌2동,2,723919.4464038014,7165340.088829001,3076831.003624411,2450353.6901324443,9.897979843508974,4.25023946919663,3.3848430268105267,0,3650,13169,4216,2592,733,0,0,87.05,0.003580508871312155,0.001012543596709803,2.7627383266297492e-06,82.46693766048386
23080640,가좌3동,4,1940273.52476485,14738549.223952517,9229512.588105112,2451072.874813952,7.596119328453313,4.756810042658123,1.2632615162395766,0,2163,10128,4435,12284,1332,0,0,52.05,0.0063310661322482555,0.0006865011468702928,2.0615650056164946e-06,86.38380911264899
23080650,가좌4동,1,1898898.0198047769,10890814.553191692,8223777.683835283,3303688.154021673,5.735334093566205,4.330815872187153,1.7397923003581417,0,1635,6978,2456,6850,911,0,0,70.76,0.0036073553863983517,0.0004797519353297662,5.266212242917302e-07,88.1940577338885
23080800,서구 검단1동,0,8023444.208917704,27805343.4396833,17893707.786202382,5410855.855692216,3.4655121560861466,2.230177878761133,0.6743806917331447,0,6558,21366,5319,7208,1734,0,0,74.55,0.0008983673111329973,0.00021611666447067388,0.0,93.62992927341958
23080810,서구 검단2동,0,10778818.16820961,13040745.981491745,8277058.106598415,3726271.567429116,1.2098493339421317,0.7679003372568494,0.3457031660872761,0,5088,14000,3902,3673,990,0,0,90.38,0.0003407609204160726,9.184680403264685e-05,0.0,97.67654716271375
23080870,서구 검단3동,0,6576828.987630419,15158523.988709398,7759140.257320369,3502205.5256808875,2.3048377899469905,1.1797691975743354,0.5325067038032724,0,6334,15245,3080,3799,960,0,0,77.11,0.0005776339946103684,0.00014596700048064059,0.0,95.9828863086754
23080850,서구 검단4동,0,3550197.375291943,24226847.35355243,14111306.98462039,3918337.639765581,6.824084633198791,3.974795058671907,1.1036957176059443,0,6620,18706,3319,4309,841,0,0,76.53,0.0012137353348230452,0.00023688823777818078,0.0,88.09742459052336
23080840,서구 검단5동,0,30001742.756051823,17421713.389989093,61993206.70148472,49534088.656671666,0.5806900462965559,2.0663201869824617,1.651040376535455,0,5233,15451,4210,31698,3726,0,0,71.06,0.0010565386236969668,0.00012419278540901313,0.0,95.70194939018553
23310110,강화읍,0,25001807.38348573,0.0,0.0,0.0,0.0,0.0,0.0,0,3768,11767,7331,9012,2231,0,0,12.78,0.00036045394085985275,8.923354883026316e-05,0.0,100.0
23310310,선원면,0,21402707.9287831,0.0,0.0,0.0,0.0,0.0,0.0,0,1224,3870,2656,2094,431,0,0,36.16,9.783808698257935e-05,2.0137638724685627e-05,0.0,100.0
23310320,불은면,0,31610837.52908328,2486398.9590710984,476756.29762879707,217371.6439583212,0.0786565353348676,0.0150820520712291,0.0068764911324583,0,408,2017,2486,1675,260,0,0,0.0,5.2988156307418324e-05,8.225027247718665e-06,0.0,99.89938492146145
23310330,길상면,0,35365733.26261098,39621546.305938765,25216096.77587204,22009905.100967173,1.1203371922681744,0.7130093016488014,0.6223511594551405,0,712,3317,2880,2445,803,0,0,2.93,6.913471811382427e-05,2.270559453799627e-05,0.0,97.54430234662789
23310340,화도면,0,42404012.36930039,36007269.04934893,18775727.13173857,17710691.72804526,0.8491476876234815,0.442781852061995,0.4176654693381664,0,359,1838,2301,1531,580,0,0,0.0,3.610507389409335e-05,1.3677950920035364e-05,0.0,98.29040499097636
23310350,양도면,0,35616561.03078054,3760281.1606940934,1850093.9688635569,2652719.6345437057,0.1055767612556525,0.0519447671341618,0.0744799485905215,0,392,1715,2087,936,189,0,0,0.0,2.6279909483423384e-05,5.306520184152799e-06,0.0,99.76799852301967
23310360,내가면,0,29864424.763344254,0.0,0.0,0.0,0.0,0.0,0.0,0,201,1255,1660,862,284,0,0,0.0,2.8863773765290618e-05,9.509642400629392e-06,0.0,100.0
23310370,하점면,0,36369521.83549997,0.0,0.0,0.0,0.0,0.0,0.0,0,275,1539,2285,658,166,0,0,0.75,1.809207178955955e-05,4.564261272138124e-06,0.0,100.0
23310380,양사면,0,27285312.176475137,0.0,0.0,0.0,0.0,0.0,0.0,0,126,680,1047,347,58,0,0,0.0,1.2717464904031754e-05,2.125685776466403e-06,0.0,100.0
23310390,송해면,0,22294620.57216245,0.0,0.0,0.0,0.0,0.0,0.0,0,259,1262,1631,597,135,0,0,0.0,2.677776004607854e-05,6.055272372228815e-06,0.0,100.0
23310400,교동면,0,47026965.10923379,0.0,0.0,0.0,0.0,0.0,0.0,0,196,1112,1632,530,180,0,0,0.0,1.127012978126078e-05,3.827591246465925e-06,0.0,100.0
23310410,삼산면,0,45594610.00837289,0.0,0.0,0.0,0.0,0.0,0.0,0,169,867,1205,748,285,0,0,0.0,1.640544792163975e-05,6.250738847148836e-06,0.0,100.0
23310420,서도면,0,13133662.466184698,33392.83886845455,204071.0227351275,0.0,0.0025425382260608,0.015538013350088,0.0,0,21,139,225,102,32,0,0,0.0,7.766302831562955e-06,2.4364871628432803e-06,0.0,99.98191944842385
23320310,북도면,0,19219096.668513216,13036746.22923866,5493320.752900441,9422996.086748036,0.6783225275408941,0.2858261679853137,0.4902933914779563,0,91,528,550,867,233,0,0,0.0,4.5111381401185274e-05,1.2123358554182432e-05,0.0,98.54555791299583
23320330,백령면,0,51352952.29440467,0.0,0.0,0.0,0.0,0.0,0.0,0,686,3145,1450,1544,449,0,0,21.31,3.0066431062190964e-05,8.743411623655274e-06,0.0,100.0
23320340,대청면,0,15839095.692613175,0.0,0.0,0.0,0.0,0.0,0.0,0,125,690,443,388,119,0,0,0.0,2.449634799420432e-05,7.513055183789469e-06,0.0,100.0
23320350,덕적면,0,41503866.91762053,13986209.404065575,4483622.266062743,8731871.106549248,0.3369856941722148,0.108029024740324,0.2103869290994213,0,142,806,975,436,142,0,0,1.52,1.0505045249525664e-05,3.42136794824001e-06,0.0,99.34459835198804
23320370,영흥면,0,29845537.197176337,29923760.937958088,16845389.481078036,18534335.746932957,1.0026209526826393,0.56441904093694,0.621008615944312,0,733,3330,2204,3697,776,0,0,3.57,0.0001238711159921267,2.600053719499332e-05,0.0,97.8119513904361
23320360,자월면,0,20182449.54706636,9336557.352059435,2774378.3825404155,1760325.9213840151,0.4626077389806511,0.137464898701738,0.0872206278667442,0,66,425,441,440,189,0,0,0.0,2.1801119778532463e-05,9.364571904869627e-06,0.0,99.31270673445087
23320320,연평면,0,7290845.820422568,0.0,0.0,0.0,0.0,0.0,0.0,0,247,1356,509,392,118,0,0,12.48,5.3766052616477154e-05,1.6184679103939552e-05,0.0,100.0
31011540,파장동,0,8638370.87660329,25156154.981124382,17480024.448898822,10317402.261523306,2.912141113234546,2.023532526977144,1.1943689856460795,0,3562,14868,5557,13859,1499,0,0,47.9,0.0016043534363082913,0.00017352809012382775,0.0,93.86995737414223
31011550,율천동,1,2996941.749676557,27671694.217436474,12298018.031164642,12291524.401078662,9.23331066425396,4.103522543436788,4.101355791251271,0,8028,29783,6173,9533,1773,0,0,71.44,0.003180909338994338,0.0005916030901119229,3.3367348568072357e-07,82.56181100105798
31011560,정자1동,0,1147008.1895737827,15013012.924894018,7043684.8795722695,1695056.8620253757,13.08884545146335,6.140919431612459,1.4778071137009428,0,6521,19056,5098,4235,824,0,0,90.01,0.0036922142653024676,0.0007183906858581425,0.0,79.29242800322325
31011570,정자2동,0,1215190.39647067,24457868.17735548,12891679.04724125,3515508.504485094,20.126778691133115,10.608772982968851,2.8929692949313437,0,5535,18870,6011,6726,1335,0,0,65.67,0.0055349351175579264,0.001098593277124566,0.0,66.3714790309667
31011620,정자3동,0,1907339.2233128096,12027923.120925251,9405639.26173438,8200496.809697171,6.306126867162232,4.931288124719609,4.299443281753486,0,11304,27580,4581,9205,1596,0,0,96.98,0.004826094848489408,0.0008367677760118517,0.0,84.46314172636468
31011580,영화동,0,1281458.5679208382,31839997.306446977,22475485.232045665,5144196.462501661,24.84668494441241,17.538987053254523,4.014329133440577,0,2301,12629,5712,8385,2048,0,0,13.04,0.006543325090517127,0.0015981788652807483,0.0,53.59999886889249
31011590,송죽동,0,1675128.4984900448,18348855.865801487,12544146.997180777,3782120.779900353,10.953700496613294,7.488468501663023,2.257809346154366,0,3089,12718,4100,7991,1336,0,0,41.19,0.004770380306439391,0.0007975507557756257,0.0,79.30002165556931
31011600,조원1동,0,1634290.3934578649,31045874.001567584,10819977.13589106,5430167.395851325,18.996546835155833,6.620596424725923,3.322645361918861,0,4727,18137,6453,6568,1259,0,0,45.8,0.0040188696123111285,0.0007703649272076295,0.0,71.06021137819938
31011630,조원2동,0,1255613.1540954723,4479574.316396725,3657079.1697828406,4321646.307291073,3.5676388876506744,2.912584308195906,3.441861287606796,0,3737,12120,3604,4002,592,0,0,98.26,0.0031872874116639187,0.0004714827955284957,0.0,90.07791551654662
31011610,연무동,0,11566580.688624931,31358443.938174736,11141563.41617799,4397094.80888468,2.7111248157386707,0.9632547177174908,0.3801551147444094,0,1894,9705,4924,5521,949,0,0,21.17,0.00047732343279503623,8.204671938462043e-05,0.0,95.94546535179943
31012520,세류1동,3,786327.9041242163,10455616.860544194,2621832.70290065,1336227.2175802728,13.296764372350848,3.334274021244042,1.6993257018756247,1,1582,6701,2298,1448,300,0,5,71.29,0.0018414709593630862,0.0003815202263873797,3.815202263873797e-06,81.66963590452949
31012530,세류2동,1,4152129.6459888727,35993177.84839473,17272028.811136924,2007839.952612624,8.668606454320523,4.159799978264747,0.4835687042075576,0,2958,15535,5572,5409,1448,0,0,20.44,0.0013027049878397434,0.00034873670223552384,2.408402639748093e-07,86.68802486320718
31012540,세류3동,1,876174.141686351,33053814.50472584,11850536.552236293,1683040.0640756872,37.725165503181785,13.52532103883807,1.920896753282836,0,2778,12548,4831,5607,1224,0,0,26.43,0.006399412780140201,0.0013969825651670422,1.1413256251364725e-06,46.82861670469731
31012550,평동,4,10857218.625844011,38324306.31519644,36183826.33116844,10002371.728831496,3.529845684784413,3.3326975884079713,0.9212646510610296,1,7030,26150,7790,33690,3486,0,5,76.94,0.0031030046608599075,0.00032107670667134574,3.684184815505975e-07,92.21619207574659
31012560,서둔동,3,5441480.286954768,46856694.05616092,28444798.67937643,20076126.19808788,8.611019719853378,5.22740085038424,3.689460429769036,1,6083,24807,8013,12922,2252,0,5,31.51,0.0023747214578641487,0.00041385797269076485,5.513205675276619e-07,82.47211899999334
31012570,구운동,0,1941000.1143142637,17594463.18701561,19112814.0764417,2580289.2269747546,9.064637893249976,9.846889722205953,1.329360677490916,0,3791,16329,5166,6302,1491,0,0,64.76,0.0032467798190697,0.0007681606966412128,0.0,79.75911170705315
31012650,금곡동,0,4095864.759618282,13146474.746882567,11812824.473880025,4927010.574041386,3.20969453788991,2.8840855758579615,1.2029231586495457,0,10381,28830,6589,7131,1691,0,0,90.03,0.0017410242814382304,0.00041285542839882873,0.0,92.70329672760258
31012660,호매실동,0,4748119.36203412,13381221.42123516,8676754.807587236,5062437.918835471,2.8182150449357226,1.8274087372289791,1.066198537322932,0,11624,28647,5509,4407,937,0,0,92.63,0.0009281569530936848,0.000197341290004262,0.0,94.28817768051236
31012600,권선1동,3,1219242.0335503058,18329746.296501305,28382089.85889171,2590458.7711778465,15.033722421074176,23.278470621822336,2.124646870674808,0,3305,17453,4076,12749,2590,0,0,40.53,0.01045649645359722,0.0021242705949342535,2.4605450906574363e-06,59.56316008642868
31012640,권선2동,1,2457543.2492936,19831535.888658028,10736502.587518148,4578697.79201472,8.069658954876353,4.368794970588723,1.86311992406678,0,11708,32495,6131,7022,1458,0,0,97.61,0.0028573250956986577,0.0005932754186170099,4.0691043800892305e-07,85.69842615046815
31012610,곡선동,1,3596028.8383278945,12071155.078409435,18790786.31074008,3482506.119547338,3.3568015222098055,5.225427035083942,0.9684310877680996,0,4329,20531,3003,7363,1703,0,0,77.55,0.0020475364161437653,0.000473577959621463,2.780845329544704e-07,90.44934035493816
31012620,입북동,0,6947168.782964286,7439944.477915142,9457288.987669846,3499964.235640208,1.070931873162378,1.3613155636668606,0.503797207896079,0,3890,10561,2730,2328,593,0,0,88.89,0.0003351005384676022,8.535851344986603e-05,0.0,97.06395535527469
31013670,매교동,1,723059.4262438224,17998496.93343447,13197773.100567725,2302065.3289153925,24.892140645940778,18.252681068177253,3.1837844101891486,0,573,3778,1595,3655,761,0,0,27.85,0.005054909551399653,0.0010524722759548935,1.3830121891654319e-06,53.67139387569282
31013680,매산동,2,831471.8674998013,13648274.240148315,20906817.026017778,2576947.5905016265,16.414595338250066,25.144346842285405,3.0992601087639833,1,1000,6999,2660,15328,2740,0,5,37.81,0.018434778852958984,0.0032953610423478354,2.4053730236115586e-06,55.34179771070055
31013690,고등동,0,1013302.870482598,18660819.14385383,6956502.726710193,1724048.909247461,18.41583566714499,6.865176177184885,1.701415203162665,0,1047,5481,2735,1937,557,0,0,6.53,0.0019115706235573618,0.0005496875773471608,0.0,73.01757295250746
31013700,화서1동,0,954281.7774610998,29765437.491083626,10491443.013214247,2538056.7235104353,31.191455389911788,10.994072464767273,2.659651251292909,0,3923,14278,5393,4034,1275,0,0,42.15,0.004227262948151778,0.0013360833561957156,0.0,55.154820894028035
31013710,화서2동,1,1952811.1087348757,9540567.206516247,6792833.955432455,5623113.20008693,4.8855555787456995,3.4784900214097907,2.8794967290665667,0,5418,17652,4201,4775,892,0,0,94.0,0.0024451929726418964,0.00045677740975844425,5.120822979354757e-07,88.75645767077795
31013530,지동,0,792689.9859670645,31440710.07920358,10658873.414989524,1904596.3217248132,39.66331180637611,13.446459023934723,2.402700116617781,0,1281,6733,3822,5819,872,0,0,13.43,0.007340826934791587,0.0011000517420756597,0.0,44.487529053071384
31013540,우만1동,0,1304417.9340975764,21559630.971233837,13098126.587291555,3743253.4693974745,16.528162031250545,10.041357332573869,2.869673416432392,0,2649,13430,5023,5528,1259,0,0,45.63,0.004237905548103343,0.0009651814553296146,0.0,70.5608072197432
31013550,우만2동,0,806373.9123451172,8112020.193223231,6907594.489854965,2183911.1639855094,10.059874295327395,8.566242513682173,2.7083107855438966,0,3274,11373,2768,5120,768,0,0,85.41,0.006349411757439413,0.000952411763615912,0.0,78.66557240544654
31013560,인계동,2,2919529.8222320825,35367653.79224726,54494606.51655501,5160727.3113010395,12.11416082237771,18.665541999804606,1.7676569946305545,0,5290,26301,6262,43808,5715,0,0,50.58,0.015005155852923332,0.001957506978165103,6.850418121312697e-07,67.45264018318713
31013720,행궁동,0,1560870.4584030416,25718819.00207372,28751697.383469783,7052941.284317416,16.47722837190933,18.4202969751162,4.518594894500998,0,793,6543,3591,7995,2524,0,0,1.23,0.005122141915690189,0.0016170464284180157,0.0,60.58387975847347
31014510,매탄1동,0,600865.9147399903,11787150.805417277,4733843.005185856,1294972.2162275438,19.616940346030233,7.878368349841092,2.155176694933529,0,3422,12407,3132,2006,621,0,0,83.05,0.0033385152173836677,0.001033508449648683,0.0,70.34951460919515
31014520,매탄2동,0,607867.9924610977,12368552.466684503,8836786.554081945,2494174.8945575836,20.34743171228261,14.53734472562722,4.1031522065495265,0,2684,9883,2821,4166,897,0,0,62.38,0.00685346169168149,0.0014756493368790918,0.0,61.01207135554064
31014530,매탄3동,2,3182368.1889605806,16060465.774597071,24076314.570184655,4560413.763044769,5.046702587811724,7.565533948492748,1.4330251851009996,0,7766,24647,4155,52113,1865,0,0,89.66,0.016375540762571944,0.0005860415543568145,6.284627928759405e-07,85.95473827859453
31014540,매탄4동,0,744992.8615347812,11830392.071876405,5972098.5551928915,1528316.2784484914,15.87987306013144,8.016316482401724,2.051450902898537,0,4098,14826,3588,2327,697,0,0,88.91,0.0031235198618881333,0.000935579434351538,0.0,74.0523595545683
31014600,원천동,1,3236457.808396089,15519012.679538095,27229805.77281279,12297693.484801378,4.795061019883633,8.413459215248423,3.7997385453004937,0,8226,25860,4459,20221,2137,0,0,81.22,0.006247879996297114,0.0006602897755841418,3.089797733196733e-07,82.99174121956744
31014640,영통1동,3,4753669.855395727,33283944.822370216,42827196.93593247,10730411.04912389,7.00173672864361,9.009291397744166,2.2572899203221213,0,9078,23687,3744,3368,710,0,0,91.7,0.0007085052396245007,0.00014935828982583002,6.310913654612536e-07,81.7316819532901
31014640,영통2동,3,4753669.855395727,33283944.822370216,42827196.93593247,10730411.04912389,7.00173672864361,9.009291397744166,2.2572899203221213,0,9078,23687,3744,3368,710,0,0,91.7,0.0007085052396245007,0.00014935828982583002,6.310913654612536e-07,81.7316819532901
31014670,수원시 영통구 태장동,0,2445628.7953501204,18441434.871328123,9590333.071404934,3964194.204455733,7.540569896130952,3.921418119396965,1.620930458454228,0,7933,20941,3128,3143,762,0,0,93.93,0.001285150062823492,0.0003115763117631247,0.0,86.91708152601785
31014620,광교1동,2,7966171.854025573,19916257.31341443,23104565.487236124,13575314.735173,2.5001038991331925,2.900334804547383,1.7041202454492543,0,12955,34797,4379,24835,3182,0,0,58.63,0.0031175576494020616,0.0003994390352485347,2.5106161863515694e-07,92.89544105087018
31014630,광교2동,2,4142007.101563594,5945323.299747924,8518680.417157877,2731157.3859704905,1.43537255102812,2.05665519355148,0.6593801794640786,0,6528,17519,3932,5295,882,0,0,86.38,0.0012783657464006692,0.00021294024330979986,4.82857694580045e-07,95.84859207595632
31021510,신흥1동,2,322595.9436582764,13228208.518282425,7117932.359964641,685996.8242556865,41.00550170678826,22.064543897379615,2.1264893057129015,0,1351,8653,3667,4111,1154,0,0,7.53,0.012743495634983303,0.003577230348521219,6.199705976639894e-06,34.80346509011923
31021520,신흥2동,3,1140282.7340541172,15124206.449675892,5450005.676039535,2258705.6494305828,13.263558236915395,4.779521353149666,1.9808294749847415,0,1707,5956,2262,3096,654,0,0,72.1,0.002715116091397306,0.0005735419650432294,2.6309264451524284e-06,79.9760909349502
31021530,신흥3동,3,321158.54014481086,9963121.169638876,7803105.885319859,1358903.039621271,31.02243884016439,24.296741048210727,4.2312530098328995,0,1123,7141,2854,4026,1166,0,0,7.38,0.012535864679355286,0.0036306056175181975,9.341180834094848e-06,40.449567101791985
31021540,태평1동,2,1341075.285343589,15857640.492567588,6749329.541802035,2000509.2280395024,11.824571421062908,5.0327745321716435,1.4917203007935258,0,1486,10159,4252,4761,965,0,0,15.64,0.0035501362615482923,0.0007195718320508511,1.4913405845613493e-06,81.65093374597193
31021550,태평2동,0,482254.4131303171,17103224.22197315,5571606.436661697,1481408.6928909596,35.46514817968381,11.55325132329294,3.0718406147392705,0,2104,10060,3971,3006,715,0,0,16.43,0.006233224451852495,0.0014826199211824798,0.0,49.90975988228398
31021560,태평3동,2,371118.3766184005,13545884.726477576,5327015.91085766,1817135.58679896,36.500172397569045,14.353953472735522,4.8963772782058035,0,1737,8555,3530,2254,795,0,0,17.02,0.006073533788538103,0.002142173629941345,5.3891160501669055e-06,44.249496851489624
31021570,태평4동,0,404262.6538805044,14007182.62900319,3187520.4066797374,1711282.879397191,34.648717843581856,7.884775840861949,4.233096634009204,0,2145,8514,3292,2083,488,0,0,24.65,0.005152590722773481,0.001207135992661286,0.0,53.23340968154699
31021580,수진1동,4,333161.68894740375,14836473.07047609,5477898.295643227,736159.2065460744,44.532350395241046,16.442161501072302,2.2096154238859436,0,1198,7733,3870,2370,804,0,0,2.96,0.007113663060769917,0.002413242658590301,1.2006182381046273e-05,36.815872679800705
31021590,수진2동,3,923875.4457980378,13721647.321052372,7724087.259687365,3226893.933964485,14.85226973339431,8.360528786448423,3.4927802753509853,0,2098,10227,4375,5744,1066,0,0,43.36,0.006217288300130324,0.001153835189404409,3.2471909645527456e-06,73.29442120480628
31021600,단대동,3,802478.6311713601,8522248.603258293,3577767.768247502,3096430.546647689,10.61990721275476,4.458396310223382,3.8585831776329025,0,2581,9939,3763,3701,634,0,0,56.21,0.0046119608126531835,0.0007900521900086784,3.738417302880181e-06,81.06311329938896
31021610,산성동,2,584530.4312580619,12921999.776243418,2966156.2459844984,3865579.8621106385,22.106633094246103,5.074425705434287,6.613137067630341,0,1809,8048,3334,1939,521,0,0,1.49,0.003317192563941615,0.0008913137317243843,3.421549833874796e-06,66.20580413268927
31021620,양지동,1,1259358.8899351556,8807829.330699915,2238790.646426733,2102288.424592117,6.993899357119264,1.7777225096985725,1.6693322621483726,0,1688,6103,2380,1764,416,0,0,21.08,0.001400712707143252,0.0003303268062197239,7.94054822643567e-07,89.55904587103379
31021670,복정동,5,3556491.412175281,9063517.69790933,13414044.209299468,9941448.854196832,2.54844357753299,3.771707184046016,2.795296741098069,0,1331,8551,1697,9455,1244,0,0,0.0,0.002658519002071873,0.00034978293374694975,1.405879958789991e-06,90.88455249732293
31021680,위례동,0,3163805.103331231,16311004.401251756,12166039.06917722,4048411.276262553,5.155502272904733,3.8453819599593424,1.2796019805391623,0,9304,28445,7713,9584,2010,0,0,88.21,0.003029263714720774,0.0006353109418393944,0.0,89.71951378659676
31021640,신촌동,0,4979344.64251297,9623359.597959485,3980222.908735299,1742064.3000439368,1.9326558591258265,0.7993467402823848,0.3498581490364069,0,1033,2973,789,994,210,0,0,57.53,0.00019962466375823167,4.217422473765458e-05,0.0,96.91813925155539
31021650,고등동,2,12312881.271767534,4924565.820017463,14253820.980724135,3790405.782845066,0.3999523516326843,1.1576348919571753,0.3078406831986732,1,846,3748,1242,1028,227,0,5,83.14,8.348980042196037e-05,1.843597733053016e-05,1.6243151833066221e-07,98.13457207321147
31021660,시흥동,0,12939262.702320512,10284826.682938503,46971138.70155731,3757405.4917533626,0.7948541520139347,3.630124821032775,0.2903879129897806,0,392,1928,1021,7007,718,0,0,0.0,0.0005415300826018439,5.549002416271213e-05,0.0,95.28463311396351
31022510,성남동,4,1999238.5482690777,23811926.54162063,25527974.21648747,5567155.985541552,11.910497905433436,12.768848539154748,2.7846381765505397,0,3751,21864,7787,13009,3309,0,0,29.92,0.0065069773745599305,0.001655130150850858,2.0007617417357e-06,72.53601537886128
31022620,중앙동,0,678680.8426891365,13090190.104372108,9538235.843543556,1003293.3765492458,19.287696485589397,14.054081452704944,1.4782992438299825,0,1901,8683,3870,3203,1195,0,0,46.92,0.004719449553433041,0.001760768721933339,0.0,65.17992281787568
31022530,금광1동,1,605703.1643668589,14901079.525246046,5896042.020177338,2089604.146343401,24.60129053613602,9.734210364148364,3.4498815084244487,0,927,4584,1699,2074,504,0,0,56.65,0.0034241194729991375,0.0008320907494655571,1.6509737092570577e-06,62.214617591291166
31022540,금광2동,2,1093936.1946973717,19686463.25772084,8612304.407701189,4170978.196288005,17.99598857149702,7.872766665412064,3.812816704032607,0,3535,15932,5892,5409,1443,0,0,32.56,0.004944529695762474,0.0013190897302616474,1.8282601944028376e-06,70.3184280590583
31022550,은행1동,1,272917.98311842635,5256956.329982028,620235.1783054722,547225.0223316081,19.262037150922723,2.272606484990532,2.0050896466362667,0,1911,6874,2287,543,140,0,0,33.48,0.001989608723381492,0.0005129746248129077,3.664104462949341e-06,76.46026671745048
31022560,은행2동,1,2405438.6022241386,20035583.306267165,4259248.043742217,1814601.4877399048,8.329284849649325,1.770674187985506,0.7543744770962232,0,3726,15484,6140,2709,854,0,0,27.37,0.0011261979405684758,0.0003550288081378658,4.157245996930512e-07,89.14566648526895
31022570,상대원1동,0,6785851.5626591835,18527057.436828777,23869333.02739053,4576066.922324196,2.7302479675179554,3.51751475949421,0.6743541145970727,0,3776,16869,5916,42407,4215,0,0,50.36,0.006249326205909432,0.0006211453287878948,0.0,93.07788315839076
31022580,상대원2동,0,513822.13547370344,16310269.528425746,6498505.14158489,963133.4790793296,31.74302623881504,12.647382611482437,1.8744491772262724,0,1697,8887,3835,5931,1131,0,0,3.62,0.011542904811636145,0.0022011507910909595,0.0,53.73514197247625
31022590,상대원3동,0,305658.1345080642,13528813.32722224,5212517.636564178,578918.7977559388,44.26125726703115,17.053423573867477,1.8940074952942736,0,1649,8150,3178,1952,771,0,0,1.56,0.006386219699592644,0.0025224259161813157,0.0,36.7913116638071
31022600,하대원동,2,2337584.1676375675,12061367.429412048,9322124.877550237,3679627.6260180394,5.159757495107279,3.9879312183105062,1.5741155663869768,0,3420,13489,4579,6205,1163,0,0,63.74,0.002654449874309516,0.0004975221923967715,8.555841657726078e-07,89.27819572019524
31022610,도촌동,0,9391862.55162816,11553490.806930369,14035020.988632474,5779562.090940159,1.230159698719981,1.4943810039255083,0.6153797565892,0,5782,17071,4896,9120,1129,0,0,84.92,0.0009710533932813209,0.00012021044747967228,0.0,96.66007954076531
31023510,분당동,0,3383924.964477343,22955109.021390863,3828585.55308601,1857221.174979508,6.783575068112169,1.1314037968561592,0.5488363939731629,0,5256,16670,4930,3024,411,0,0,69.54,0.0008936368364356238,0.00012145659384095284,0.0,91.5361847410585
31023530,수내1동,2,1021721.971303848,4153327.03463176,10228987.85018536,1601010.296190741,4.06502664255285,10.011517944682998,1.5669725631402904,0,3580,11510,3033,19868,2680,0,0,60.44,0.019445603165850915,0.00262302277453596,1.9574796824895225e-06,84.35648284962386
31023540,수내2동,2,822699.8582144559,3217245.74172045,1122536.2064938375,1023046.8148263288,3.910594744361558,1.364454114444763,1.2435237524492777,0,3199,6095,1540,1925,554,0,0,100.0,0.0023398569730576097,0.000673392604194242,2.431020231748166e-06,93.48142738874441
31023520,수내3동,0,1049032.4147462875,9121967.55377888,2986299.516021855,1478199.1697271136,8.695601227903966,2.8467180556514102,1.4091072391548756,0,3609,8942,1768,2304,529,0,0,87.53,0.0021963096350414183,0.000504274217420534,0.0,87.04857347728975
31023780,정자동,3,973853.451224718,8308045.634099661,11837917.820933836,1477260.2271506735,8.531104576003159,12.155748697143776,1.516922515695633,0,3591,13111,3400,4948,1198,0,0,83.34,0.00508084660348699,0.0012301645575944653,3.08054563671402e-06,77.79622421115744
31023770,정자1동,3,1455773.3504959438,2552484.27307511,10458780.396851389,3983350.607309855,1.75335279506631,7.1843466520996255,2.736243664546292,0,5470,20581,4981,28251,2709,0,0,47.4,0.01940618022041794,0.0018608665964784325,2.0607603504744547e-06,88.32605688828778
31023550,정자2동,1,501934.47758814984,3841612.0078607257,737368.685561408,757956.5392533026,7.653612531898769,1.4690536683284747,1.510070682722109,0,2493,10415,3473,1028,242,0,0,100.0,0.0020480760853870245,0.00048213464266892996,1.9922919118550823e-06,89.36726311705064
31023560,정자3동,1,1968712.9082825372,7690006.245026131,4997618.464825961,3556495.5255692936,3.9061085101203137,2.5385206973553984,1.8065079527882528,0,3237,9914,2721,4364,384,0,0,88.85,0.0022166766833387063,0.00019505129385931786,5.079460777586403e-07,91.74886283973603
31023580,서현1동,1,7484774.903812579,12078079.307449795,21643351.103166413,3675310.157668948,1.613686378370242,2.8916502341495627,0.4910381681347326,0,7040,20334,5218,32737,3806,0,0,72.46,0.004373812228244935,0.0005084989260072768,1.3360455228777637e-07,95.00362521934547
31023590,서현2동,0,780059.3665657,7671271.45803931,4740751.034220297,2006052.4657953423,9.834214915991527,6.077423382648416,2.5716664035805588,0,3862,12092,3093,3232,808,0,0,88.98,0.004143274394855118,0.0010358185987137795,0.0,81.5166952977795
31023600,이매1동,3,2882911.0894002933,12228010.02151405,4591216.039066676,2962322.1159575204,4.241549476316918,1.592562481703779,1.0275454303288092,0,5644,16126,4579,4605,797,0,0,89.33,0.0015973437463664424,0.0002764566701094581,1.040614818479767e-06,93.1383426116505
31023610,이매2동,2,635513.413085204,4907516.455178169,1391305.2932631162,1384060.422093743,7.722128839663393,2.189261885927469,2.177861857194477,0,2999,8192,2912,2791,452,0,0,99.73,0.004391724773214017,0.0007112359718712775,3.1470618224392807e-06,87.91074741721467
31023620,야탑1동,1,1151192.631858954,5353102.203239991,15618882.633789243,2045483.598079508,4.650049049215824,13.567566540595177,1.776838681443302,0,2774,11350,3726,23160,2648,0,0,74.67,0.02011826636033961,0.00230022320043952,8.686643506191542e-07,80.0055457287457
31023640,야탑2동,1,622753.1162588327,5269008.648594894,2878822.754754144,1108625.084598804,8.460830642242751,4.622735205322728,1.780199979180883,0,3149,9957,3996,2858,534,0,0,92.1,0.004589298592552119,0.0008574826621493462,1.6057727755605734e-06,85.13623417325364
31023630,야탑3동,3,5104612.582942959,14691093.571211176,12928975.159421174,7077682.31292039,2.878003635437761,2.5328024310058885,1.3865268319422388,0,4730,19205,6001,12383,1667,0,0,61.54,0.0024258452132789633,0.00032656738839829057,5.8770375836525e-07,93.20266710161411
31023750,판교동,0,4572927.3405391015,20907014.097262755,10189035.613421476,6388801.042910081,4.571910406693239,2.228121038157648,1.3970921834408387,0,6522,14181,3240,5692,864,0,0,76.99,0.0012447169124092238,0.00018893805557300937,0.0,91.80287637170828
31023740,삼평동,2,2794522.0360885975,8222508.31302991,26183249.326027997,5173593.506359376,2.94236660396448,9.369491092893956,1.8513339453213575,0,5997,15247,3643,87620,3068,0,0,88.83,0.03135419898936469,0.0010978621604584668,7.156858933888311e-07,85.8368083578202
31023760,백현동,3,1931244.924967585,9698593.359290725,9516108.503272636,2450485.0811823476,5.021938560927746,4.927447772287277,1.268862923341263,0,6523,17567,4179,12686,1519,0,0,88.56,0.0065688198508261405,0.000786539283730483,1.5534021403498675e-06,88.78175074344371
31023710,금곡동,0,5758613.115250431,13150261.202811977,10537566.36783023,3201700.0851924564,2.283581296334421,1.829879201282646,0.5559845784245259,0,4507,18121,6462,13145,1817,0,0,66.97,0.0022826676730835606,0.0003155273611253579,0.0,95.3305549239584
31023720,구미1동,4,3544160.8244720898,10294643.585908815,8451581.456278222,3825490.802259256,2.9046773258214724,2.3846495333735604,1.0793784457648223,0,3244,11665,3195,9234,1641,0,0,61.07,0.002605412242078312,0.000463015106048355,1.128616955632797e-06,93.63129469504014
31023670,구미동,2,3755051.8651012057,20887758.28738088,18209651.565831818,4329017.410458142,5.562575175461103,4.84937418177073,1.1528515626351985,0,5255,19776,6878,20061,1782,0,0,73.9,0.005342402906971804,0.0004745606889100122,5.326158124691495e-07,88.43519908013297
31023680,운중동,0,17571575.008125495,25571967.803516604,9828437.214171125,12232434.697262596,1.455303112651629,0.5593372938752634,0.6961490186056766,0,4575,13002,3728,6677,1033,0,0,67.15,0.0003799887031702397,5.87881279578939e-05,0.0,97.28921057486743
31030690,의정부1동,6,1942528.5463804388,41852224.86688386,49517421.16533568,4969899.897291031,21.54523028496448,25.49121929641791,2.55846942715543,0,2002,13070,5383,19333,5417,0,0,43.08,0.009952492093835186,0.002788633407764196,3.088757697357426e-06,50.405080991462185
31030520,의정부2동,7,2318580.949201283,31487488.46649036,23745319.19543468,5360102.397713387,13.58049995077262,10.241315578657968,2.311803001555699,0,4337,20975,6881,17907,2918,0,0,33.07,0.007723258489677259,0.0012585284119550032,3.0190880341621048e-06,73.86638146901372
31030690,의정부시 의정부3동,6,1942528.5463804388,41852224.86688386,49517421.16533568,4969899.897291031,21.54523028496448,25.49121929641791,2.55846942715543,0,2002,13070,5383,19333,5417,0,0,43.08,0.009952492093835186,0.002788633407764196,3.088757697357426e-06,50.405080991462185
31030550,호원1동,7,6222574.511163914,24172500.43898287,13190676.880633406,6925577.204380502,3.884646201602732,2.119810193830227,1.1129761792253885,0,5487,21390,9643,6693,1291,0,0,64.81,0.0010755998161181262,0.00020747039632578826,1.124936308505436e-06,92.88256742534165
31030650,호원2동,4,4492905.412638145,15414566.44727989,10562633.364209509,3426564.4567424865,3.4308682314833696,2.3509583207555975,0.7626611606609532,0,6474,20939,8586,5159,1245,0,0,85.79,0.00114825475414566,0.0002771035411729689,8.902925017605427e-07,93.45551228710008
31030560,장암동,7,8956291.095410803,6631401.0552345775,13729885.23424616,8364230.234711777,0.7404182138109047,1.532987828106809,0.933894415177908,0,3475,11062,5069,3112,583,0,0,97.36,0.0003474652584250094,6.509390927435105e-05,7.815735247349182e-07,96.79269954290437
31030570,신곡1동,3,2955287.4839392975,25859577.101363573,10562759.722346472,3980895.979518272,8.750274632129406,3.5741902538248747,1.347041870258887,0,7638,27967,9723,4874,1254,0,0,82.2,0.0016492473326103056,0.00042432420088086236,1.0151296671790966e-06,86.32849324378684
31030580,신곡2동,6,2434329.366097703,15650819.378828691,10354958.747915076,6875559.508446325,6.4292119204548674,4.253721329630246,2.8244162865553544,0,8432,27211,9030,8893,1660,0,0,90.62,0.0036531621907101223,0.0006819126545124034,2.4647445343821807e-06,86.49265046335952
31030590,송산1동,5,16084116.053745732,26514331.063473184,19288192.530737367,10783627.690754876,1.6484792185578905,1.1992074955369063,0.6704519946710745,0,4897,17585,6542,11545,1615,0,0,74.65,0.0007177889018839911,0.000100409621181693,3.108657002529195e-07,96.48186129123413
31030700,송산2동,4,10747364.003956648,23911258.687810782,24653490.29789558,10619142.564297063,2.224848686525165,2.293910422017844,0.9880694987522168,0,19793,49680,11305,5229,1176,0,0,97.08,0.00048653790809263326,0.00010942218013328297,3.7218428616762917e-07,94.49317139270477
31030600,자금동,7,11844592.492936922,25767615.21427716,17618608.654388662,7632224.258303253,2.1754750304531547,1.487481199956424,0.6443635999173837,0,4932,17058,6203,11529,1646,0,0,67.97,0.0009733555634662106,0.00013896636806881625,5.909869844967885e-07,95.69268016967304
31030680,의정부시 가능1동,0,3307758.7089761966,29718114.16250798,16288499.3943105,6072811.7796453945,8.984365782746652,4.924331194445573,1.835929496055964,0,3754,16365,6460,6277,1548,0,0,37.05,0.001897659579263523,0.00046799060517762204,0.0,84.25537352675181
31030670,의정부시 가능2동,0,6628067.555966498,30518678.20610794,11863732.61181929,7414660.0220147725,4.6044609455791425,1.7899233089650264,1.1186759880472543,0,2986,11720,5072,4863,1070,0,0,20.65,0.000733698013626167,0.00016143468529302872,0.0,92.48693975740858
31030670,의정부시 가능3동,0,6628067.555966498,30518678.20610794,11863732.61181929,7414660.0220147725,4.6044609455791425,1.7899233089650264,1.1186759880472543,0,2986,11720,5072,4863,1070,0,0,20.65,0.000733698013626167,0.00016143468529302872,0.0,92.48693975740858
31030640,녹양동,1,3824332.491088906,16207615.931232875,11412236.53394948,2950090.492779315,4.238024797529586,2.984112014460349,0.7714001069868621,0,4051,13734,4899,4821,978,0,0,75.67,0.0012606121489752336,0.00025573090265459,2.614835405466155e-07,92.0064630810232
31041510,안양1동,1,606235.3065838999,4876795.568711273,15233695.025557715,1499507.392280931,8.044393844680092,25.128353396965093,2.473474203821229,0,2445,9507,2910,7964,2103,0,2,89.92,0.01313681323634102,0.0034689500547495184,1.6495245148594952e-06,64.35377855453359
31041520,안양2동,1,1707895.1018713666,23025816.314750288,14303335.129347991,4043376.6166986935,13.481985099389624,8.37483233816621,2.367461919803098,0,2865,13599,5212,6456,1459,0,2,40.29,0.003780091641979804,0.0008542679221884346,5.855160535904282e-07,75.77572064264106
31041530,안양3동,1,727658.7357754287,14083416.869477794,6760288.407305027,5125356.041860914,19.354425607863853,9.290465536843907,7.043626070673204,0,2311,10361,4127,4566,999,0,2,38.95,0.006274919513020755,0.0013728963192088774,1.374270589798676e-06,64.31148278461905
31041540,안양4동,1,309922.4087719449,4923609.226845579,8554649.601566758,1761585.5847458097,15.88658673103111,27.60255263717204,5.683956806240704,0,834,4426,2013,5313,1584,0,2,46.43,0.017143000471895917,0.005110956662428596,3.2266140545635074e-06,50.82690382555615
31041550,안양5동,0,643676.972246775,12908558.921536507,7338576.362065461,3469682.9890523544,20.054405358760576,11.40102361662858,5.390410312398337,0,1583,7876,3756,5763,895,0,0,32.88,0.008953248676575352,0.001390448996275367,0.0,63.15416071221251
31041560,안양6동,1,1439898.6015935575,15782588.241999837,14245474.564239824,3136579.4389815484,10.9609025417019,9.893387318019576,2.1783335545365823,0,2367,12542,4709,9762,1724,0,0,40.74,0.006779644059052805,0.0011973065312238307,6.94493347577628e-07,76.96737658574195
31041570,안양7동,1,1053472.7085000111,4430898.240836667,8204037.280228851,1173245.335399635,4.205992433487536,7.787612544714313,1.1136931464225228,0,3215,10343,2568,13518,1607,0,0,92.29,0.012831846416903677,0.0015254310690904136,9.492414866772953e-07,86.89270187537562
31041580,안양8동,1,1168551.1458183138,13009499.58465471,6310226.980642439,3311434.259068602,11.13301683987859,5.4000434668381665,2.8337948843049303,0,1300,6980,2905,5006,752,0,0,11.43,0.004283937436432493,0.0006435319520969307,8.557605745969823e-07,80.63314480897832
31041590,안양9동,0,6524845.63726193,14064879.69953712,3778664.759798587,2717307.138695698,2.1555881137196176,0.5791194106140197,0.4164553906344951,0,2471,10648,4567,1254,390,0,0,60.74,0.00019218845467190295,5.9771528964945895e-05,0.0,96.84883708503187
31041600,석수1동,2,10361544.636829369,12851121.303530129,8853262.140429357,7937288.774259582,1.240270804591406,0.8544345897001756,0.7660333524064604,0,3211,12228,4750,4964,791,0,0,77.51,0.0004790791502601867,7.633996935048503e-05,1.9302141428694065e-07,97.13926125330195
31041610,석수2동,3,3310775.949978688,24956888.00469193,13877691.546766602,3480493.9190134075,7.538078197303741,4.1916734192949345,1.0512622936734248,2,5068,20123,7252,9599,1362,0,0,60.25,0.002899320323996191,0.0004113839234589866,9.061319899977679e-07,87.2189860897279
31041620,석수3동,0,788396.0647614873,11171122.715248289,2865995.03825602,2503568.4289491037,14.16942982665429,3.635222404519569,3.175521214335977,0,2528,8604,2975,1728,418,0,0,38.65,0.0021917917620515423,0.0005301903683666347,0.0,79.01982655449017
31041630,박달1동,0,450832.83743023674,15116892.263985792,7162384.933214223,1425661.4531748325,33.53103635962415,15.88700808494801,3.1622839660508175,0,2072,9577,4015,4031,1048,0,0,42.1,0.008941229797916743,0.0023245866604358094,0.0,47.41967158937702
31041640,박달2동,1,7421677.838494126,11182772.68180564,6388347.012600219,6041397.755933686,1.5067715043899896,0.8607685689973883,0.8140204799241864,2,4638,14713,4041,7816,692,0,0,84.87,0.0010531311342362648,9.32403716596079e-05,1.347404214734218e-07,96.81843944668843
31042510,비산1동,1,2096925.7574221413,6621818.036656837,2799931.662911209,6055574.270449246,3.1578695684473725,1.3352555058283555,2.8878343684869776,0,4372,13631,4212,2555,456,0,2,95.2,0.0012184503866883721,0.00021746120404301278,4.768886053574841e-07,92.6190405572373
31042520,비산2동,0,476533.6440440459,3615520.071000746,4068371.654248301,1073384.9013272517,7.587124468942143,8.537427955186018,2.2524850338332856,0,2032,7039,2192,2122,420,0,0,98.15,0.004452990940885874,0.0008813648422111532,0.0,81.62296254203855
31042530,비산3동,0,5331645.434964789,19867094.30869996,7383341.719662201,2172839.780195999,3.726259472997226,1.3848148399446147,0.4075364363028669,0,3352,14670,5336,6079,1012,0,0,44.72,0.0011401733431339372,0.00018981007127019978,0.0,94.48138925075529
31042540,부흥동,1,483248.1295732203,3815093.2049607,1952257.04962131,2142413.102389004,7.894687990473946,4.039864678515036,4.433360361438072,0,3965,10721,3276,5358,902,0,0,99.44,0.011087471781051761,0.0018665359362651525,2.069330306280657e-06,83.63208696957295
31042550,달안동,1,433439.2231034867,2410545.874911678,2584764.935859658,1777413.8614964415,5.561439173990359,5.9633849409206015,4.100722239140945,0,1686,7569,2074,6586,771,0,0,96.72,0.015194748534042101,0.0017787961007814245,2.3071285353844676e-06,84.3744536459481
31042560,관양1동,1,3237305.156229086,29582182.11112064,17777644.96767652,3568686.657379498,9.137903497975731,5.491494965641261,1.1023633810092883,0,5660,23778,8224,9885,2187,0,0,45.86,0.0030534656212279415,0.000675561893133587,3.0889889946666073e-07,84.26823815537372
31042570,관양2동,2,1659422.4341558293,12515354.956589064,35021200.35177476,2893603.040136668,7.541994551228178,21.10445154346158,1.74374106350363,0,2870,12695,3855,53502,5492,0,0,57.23,0.032241338250253784,0.0033095852429889314,1.2052386172574403e-06,69.60981284180662
31042580,부림동,0,947004.679160144,4251442.377479334,9553863.455715684,5355179.916869821,4.489357308402899,10.088507127745745,5.654861094898803,0,5102,18738,3592,16282,2565,0,0,64.78,0.01719315686409052,0.002708539943274302,0.0,79.76727446895255
31042590,평촌동,0,532978.6172584533,4939127.607081221,9571747.465583429,2013114.667485908,9.267027695195749,17.958970877328596,3.77710212436103,0,3334,10023,2345,8447,1211,0,0,93.59,0.015848665830707,0.002272136181009374,0.0,68.99689930311462
31042600,평안동,2,830754.9086658291,5237055.275784793,2197964.8572596074,2032773.2351573291,6.3039715097144216,2.645744050780852,2.4468988554300695,0,6403,14888,3047,3712,425,0,0,100.0,0.004468225178370229,0.0005115828935364622,2.407448910759822e-06,88.60338558407466
31042610,귀인동,0,714894.2610288577,4597874.524340792,10174129.269546269,1722545.6894200288,6.4315448801108674,14.231656098209433,2.4095111449642705,0,4893,10022,2116,5351,1279,0,0,94.12,0.00748502301896245,0.0017890757692492943,0.0,76.92728787671543
31042620,호계1동,2,1005344.3914934322,6413475.954936114,23173831.69678409,980248.8702281824,6.379382039829097,23.050640052171097,0.9750378860442336,0,1708,5247,1153,16812,3266,0,0,80.26,0.016722627730442363,0.0032486380066395885,1.9893680383585968e-06,69.59494002195558
31042630,호계2동,4,1660282.343669018,11860005.753714915,11166150.32690023,4413631.359172893,7.1433667887509875,6.725452673443737,2.65836192018962,0,3794,15600,4814,9824,1260,0,0,75.17,0.005917065875814235,0.000758907064691158,2.409228776797327e-06,83.47281861761566
31042640,호계3동,0,849204.5748954281,7854062.188048003,9271990.065599678,1227456.2980224,9.248728068869813,10.918441020812258,1.445418847600474,0,3875,14153,4234,4341,996,0,0,89.61,0.00511184245619901,0.0011728622636199527,0.0,78.38741206271746
31042650,범계동,1,572320.697661908,4012108.3442262462,6399345.753811702,1708158.8984304802,7.010245061233753,11.181398436147497,2.9846184235670536,0,3616,9742,2449,14017,2201,0,0,94.57,0.02449151333687301,0.0038457459409615108,1.7472721221996868e-06,78.8237380790517
31042660,신촌동,7,399996.3210393138,3695627.049180659,4090542.223608213,1007763.6430787012,9.239152599149614,10.226449615785771,2.5194322799275266,0,2654,8456,2293,3071,710,0,0,96.23,0.007677570613509192,0.0017750163254938217,1.750016095557289e-05,78.01496550513708
31042670,갈산동,0,729279.9237565736,5946933.634843287,3202684.8680593283,2499737.5897777164,8.154528105216722,4.391571416860164,3.4276791508278297,0,2315,6714,2280,1818,409,0,0,89.54,0.002492869940269879,0.0005608271757812874,0.0,84.02622132709529
31050870,부천시 심곡2동,0,2414685.7687038905,67050601.11103587,46201642.40233496,8445708.751695992,27.76783711572791,19.13360446362932,3.4976429898906973,0,7657,42486,15550,22886,5374,0,0,18.62,0.009477837777703696,0.0022255483796810127,0.0,49.60091543075207
31050870,부천시 심곡1동,0,2414685.7687038905,67050601.11103587,46201642.40233496,8445708.751695992,27.76783711572791,19.13360446362932,3.4976429898906973,0,7657,42486,15550,22886,5374,0,0,18.62,0.009477837777703696,0.0022255483796810127,0.0,49.60091543075207
31050870,부천시 심곡3동,0,2414685.7687038905,67050601.11103587,46201642.40233496,8445708.751695992,27.76783711572791,19.13360446362932,3.4976429898906973,0,7657,42486,15550,22886,5374,0,0,18.62,0.009477837777703696,0.0022255483796810127,0.0,49.60091543075207
31050870,부천시 원미2동,0,2414685.7687038905,67050601.11103587,46201642.40233496,8445708.751695992,27.76783711572791,19.13360446362932,3.4976429898906973,0,7657,42486,15550,22886,5374,0,0,18.62,0.009477837777703696,0.0022255483796810127,0.0,49.60091543075207
31050870,부천시 소사동,0,2414685.7687038905,67050601.11103587,46201642.40233496,8445708.751695992,27.76783711572791,19.13360446362932,3.4976429898906973,0,7657,42486,15550,22886,5374,0,0,18.62,0.009477837777703696,0.0022255483796810127,0.0,49.60091543075207
31050880,부천시 원미1동,0,8290427.23719149,75804870.54271245,75539924.9193531,14851450.085423272,9.14366272978623,9.111704711727668,1.7913974347182655,0,13911,57654,20329,55619,9754,0,0,34.64,0.006708821923003176,0.001176537676638792,0.0,79.95323512376784
31050880,부천시 역곡1동,0,8290427.23719149,75804870.54271245,75539924.9193531,14851450.085423272,9.14366272978623,9.111704711727668,1.7913974347182655,0,13911,57654,20329,55619,9754,0,0,34.64,0.006708821923003176,0.001176537676638792,0.0,79.95323512376784
31050880,부천시 역곡2동,0,8290427.23719149,75804870.54271245,75539924.9193531,14851450.085423272,9.14366272978623,9.111704711727668,1.7913974347182655,0,13911,57654,20329,55619,9754,0,0,34.64,0.006708821923003176,0.001176537676638792,0.0,79.95323512376784
31050880,부천시 춘의동,0,8290427.23719149,75804870.54271245,75539924.9193531,14851450.085423272,9.14366272978623,9.111704711727668,1.7913974347182655,0,13911,57654,20329,55619,9754,0,0,34.64,0.006708821923003176,0.001176537676638792,0.0,79.95323512376784
31050880,부천시 도당동,0,8290427.23719149,75804870.54271245,75539924.9193531,14851450.085423272,9.14366272978623,9.111704711727668,1.7913974347182655,0,13911,57654,20329,55619,9754,0,0,34.64,0.006708821923003176,0.001176537676638792,0.0,79.95323512376784
31050890,중동,1,1547389.317271524,30180850.929833937,17904989.959186167,7031623.5137342885,19.504368159301457,11.571095754207237,4.544185122159812,0,6942,26493,8801,18383,3160,0,0,51.0,0.011880009636033625,0.002042149292817617,6.462497762081067e-07,64.3803509643315
31050890,부천시 상동,1,1547389.317271524,30180850.929833937,17904989.959186167,7031623.5137342885,19.504368159301457,11.571095754207237,4.544185122159812,0,6942,26493,8801,18383,3160,0,0,51.0,0.011880009636033625,0.002042149292817617,6.462497762081067e-07,64.3803509643315
31050910,부천시 상1동,0,3843843.412491541,29058236.698564805,35408783.219999574,8337379.19811138,7.559682739451019,9.211817293318916,2.169021550414088,0,19218,57156,12195,31425,6063,0,0,88.58,0.008175411073665166,0.0015773275207520098,0.0,81.05947841681598
31050900,부천시 중4동,0,4513084.830732864,48186478.06366302,37146692.34145567,15369954.67783488,10.67706011983785,8.230887238922904,3.4056427597304895,0,22196,85319,23104,50811,7712,0,0,75.67,0.011258596260783424,0.001708809005198909,0.0,77.68640988150875
31050900,부천시 약대동,0,4513084.830732864,48186478.06366302,37146692.34145567,15369954.67783488,10.67706011983785,8.230887238922904,3.4056427597304895,0,22196,85319,23104,50811,7712,0,0,75.67,0.011258596260783424,0.001708809005198909,0.0,77.68640988150875
31050900,부천시 중1동,0,4513084.830732864,48186478.06366302,37146692.34145567,15369954.67783488,10.67706011983785,8.230887238922904,3.4056427597304895,0,22196,85319,23104,50811,7712,0,0,75.67,0.011258596260783424,0.001708809005198909,0.0,77.68640988150875
31050900,부천시 중2동,0,4513084.830732864,48186478.06366302,37146692.34145567,15369954.67783488,10.67706011983785,8.230887238922904,3.4056427597304895,0,22196,85319,23104,50811,7712,0,0,75.67,0.011258596260783424,0.001708809005198909,0.0,77.68640988150875
31050900,부천시 중3동,0,4513084.830732864,48186478.06366302,37146692.34145567,15369954.67783488,10.67706011983785,8.230887238922904,3.4056427597304895,0,22196,85319,23104,50811,7712,0,0,75.67,0.011258596260783424,0.001708809005198909,0.0,77.68640988150875
31050910,부천시 상2동,0,3843843.412491541,29058236.698564805,35408783.219999574,8337379.19811138,7.559682739451019,9.211817293318916,2.169021550414088,0,19218,57156,12195,31425,6063,0,0,88.58,0.008175411073665166,0.0015773275207520098,0.0,81.05947841681598
31050910,부천시 상3동,0,3843843.412491541,29058236.698564805,35408783.219999574,8337379.19811138,7.559682739451019,9.211817293318916,2.169021550414088,0,19218,57156,12195,31425,6063,0,0,88.58,0.008175411073665166,0.0015773275207520098,0.0,81.05947841681598
31050920,부천시 심곡본동,0,4103605.344254727,64960454.75361018,37458763.74854781,13570194.678406147,15.83009312641587,9.128256887810164,3.3068956539412753,0,12015,52044,19685,21629,4910,0,0,47.85,0.0052707310244219955,0.0011965088228726246,0.0,71.73475433183269
31050920,부천시 심곡본1동,0,4103605.344254727,64960454.75361018,37458763.74854781,13570194.678406147,15.83009312641587,9.128256887810164,3.3068956539412753,0,12015,52044,19685,21629,4910,0,0,47.85,0.0052707310244219955,0.0011965088228726246,0.0,71.73475433183269
31050920,부천시 송내1동,0,4103605.344254727,64960454.75361018,37458763.74854781,13570194.678406147,15.83009312641587,9.128256887810164,3.3068956539412753,0,12015,52044,19685,21629,4910,0,0,47.85,0.0052707310244219955,0.0011965088228726246,0.0,71.73475433183269
31050920,부천시 송내2동,0,4103605.344254727,64960454.75361018,37458763.74854781,13570194.678406147,15.83009312641587,9.128256887810164,3.3068956539412753,0,12015,52044,19685,21629,4910,0,0,47.85,0.0052707310244219955,0.0011965088228726246,0.0,71.73475433183269
31050930,소사본동,3,3004492.353152009,46516990.252651185,21473300.55027097,7382906.05134023,15.482479162860995,7.147064470889187,2.4572890137646155,0,8603,34961,13700,10544,2523,0,0,51.0,0.0035094114947249603,0.0008397425266683492,9.98504787952853e-07,74.9131673524852
31050930,부천시 소사본3동,3,3004492.353152009,46516990.252651185,21473300.55027097,7382906.05134023,15.482479162860995,7.147064470889187,2.4572890137646155,0,8603,34961,13700,10544,2523,0,0,51.0,0.0035094114947249603,0.0008397425266683492,9.98504787952853e-07,74.9131673524852
31050940,부천시 괴안동,0,5771928.666759537,52929441.9225753,30983338.074489817,8203149.808510275,9.170148312364857,5.367935028879075,1.4212146895979691,0,19879,58721,18394,13238,3233,0,0,74.99,0.0022935141378677354,0.0005601247324162553,0.0,84.0407019691581
31050940,부천시 범박동,0,5771928.666759537,52929441.9225753,30983338.074489817,8203149.808510275,9.170148312364857,5.367935028879075,1.4212146895979691,0,19879,58721,18394,13238,3233,0,0,74.99,0.0022935141378677354,0.0005601247324162553,0.0,84.0407019691581
31050940,부천시 역곡3동,0,5771928.666759537,52929441.9225753,30983338.074489817,8203149.808510275,9.170148312364857,5.367935028879075,1.4212146895979691,0,19879,58721,18394,13238,3233,0,0,74.99,0.0022935141378677354,0.0005601247324162553,0.0,84.0407019691581
31050950,성곡동,5,8127988.359296896,78543595.24958229,22044778.773188792,11909080.514028292,9.663349869312144,2.7122059971916292,1.4651940907871177,0,13011,54470,19016,13825,3426,0,0,30.84,0.001700912869070461,0.00042150650918158403,6.151583613274724e-07,86.1592500427091
31050950,부천시 고강본동,5,8127988.359296896,78543595.24958229,22044778.773188792,11909080.514028292,9.663349869312144,2.7122059971916292,1.4651940907871177,0,13011,54470,19016,13825,3426,0,0,30.84,0.001700912869070461,0.00042150650918158403,6.151583613274724e-07,86.1592500427091
31050950,부천시 고강1동,5,8127988.359296896,78543595.24958229,22044778.773188792,11909080.514028292,9.663349869312144,2.7122059971916292,1.4651940907871177,0,13011,54470,19016,13825,3426,0,0,30.84,0.001700912869070461,0.00042150650918158403,6.151583613274724e-07,86.1592500427091
31050960,오정동,0,11934979.98501722,68450521.88456595,81135469.65634775,28198403.808446173,5.735285854730924,6.798123646474695,2.3626687136338327,0,13123,55637,17726,53772,9529,0,0,36.08,0.004505411828713457,0.0007984093825003819,0.0,85.10392178516055
31050960,부천시 원종1동,0,11934979.98501722,68450521.88456595,81135469.65634775,28198403.808446173,5.735285854730924,6.798123646474695,2.3626687136338327,0,13123,55637,17726,53772,9529,0,0,36.08,0.004505411828713457,0.0007984093825003819,0.0,85.10392178516055
31050960,부천시 원종2동,0,11934979.98501722,68450521.88456595,81135469.65634775,28198403.808446173,5.735285854730924,6.798123646474695,2.3626687136338327,0,13123,55637,17726,53772,9529,0,0,36.08,0.004505411828713457,0.0007984093825003819,0.0,85.10392178516055
31050960,부천시 신흥동,0,11934979.98501722,68450521.88456595,81135469.65634775,28198403.808446173,5.735285854730924,6.798123646474695,2.3626687136338327,0,13123,55637,17726,53772,9529,0,0,36.08,0.004505411828713457,0.0007984093825003819,0.0,85.10392178516055
31060510,광명1동,1,308356.7989895262,17668347.89575664,2628217.321250829,533942.6014973633,57.29838924795937,8.52329940466174,1.7315739534431327,0,999,4569,1899,474,168,0,0,0.67,0.0015371803103998633,0.0005448234011543819,3.2429964354427496e-06,32.44673739393576
31060520,광명2동,1,258032.07931314115,11997665.81979023,4908725.963336645,364388.7845690937,46.496799358153325,19.023704247949496,1.4121840413760367,0,1120,5723,2707,1383,480,0,0,1.12,0.005359798687154819,0.001860233817667616,3.875487120140867e-06,33.06731235252114
31060530,광명3동,1,318956.623788273,11986687.857906513,6788612.930494846,1565033.2284882453,37.5809340954882,21.283812356256952,4.906727472532854,0,1055,6016,2861,4102,1222,0,0,0.0,0.012860682907762237,0.0038312419583826068,3.135222551867927e-06,36.22852607572199
31060540,광명4동,1,288854.7005857609,11638050.619644908,5485941.939319708,534852.5939489997,40.29032796088971,18.992046617884046,1.851631954973854,0,1720,8545,4006,3162,906,0,0,34.5,0.010946680090295903,0.0031365250353599266,3.4619481626489258e-06,38.86599346625239
31060550,광명5동,1,394350.21402113343,14083004.444245834,3595117.033879373,1363657.151928558,35.71192291400942,9.11655910420454,3.457985068712246,0,2376,8827,3650,1853,525,0,0,31.26,0.004698869010512844,0.001331303956027654,2.535817059100293e-06,51.71353291307379
31060560,광명6동,0,2434452.0110425763,12008587.449018372,14084653.880154422,3160882.701463222,4.932768193641897,5.7855541272808,1.2983959786948296,0,2189,6703,2482,4791,962,0,0,53.99,0.001967999360122334,0.00039516079825457846,0.0,87.98328170038248
31060570,광명7동,1,2319457.103179876,16248694.2739902,9531143.81081489,3294608.0823745155,7.005386843203065,4.1092132282800575,1.4204220797434663,0,2684,10377,4316,3416,721,0,0,40.96,0.0014727584292471211,0.00031084860289437187,4.311353715594617e-07,87.46497784877342
31060580,철산1동,1,567950.8496320697,5668040.669267828,4336335.552569211,1375203.8019655058,9.97980841641438,7.635054257561864,2.421342978633435,0,2801,8215,2145,1775,299,0,0,82.62,0.00312527043690247,0.0005264540059908949,1.760715739099983e-06,79.96379434739032
31060590,철산2동,1,616325.9769709153,14583336.547741791,3667922.147496641,2036418.3278370048,23.661726249825072,5.951269757480516,3.30412542052094,0,1657,9085,3061,2115,542,0,0,71.59,0.0034316255991032026,0.0008794047634581257,1.6225180137603795e-06,67.08287857217347
31060600,철산3동,1,1331751.1236274985,10235992.39124355,9041607.984608969,4312867.9887520755,7.686115077839904,6.7892625162432205,3.2384939740125342,0,7564,20270,5662,13879,1848,0,0,91.96,0.010421616887464217,0.0013876466610010713,7.508910503252552e-07,82.28612843190434
31060610,철산4동,1,334733.0474534434,7615894.642656488,1226602.9245934524,2014448.164903244,22.75214443448626,3.664421346876589,6.018073746313993,0,2472,8788,2541,899,303,0,0,76.36,0.0026857222697683615,0.0009051989407561886,2.9874552500204244e-06,67.56536047232316
31060620,하안1동,0,3901667.494165787,11720789.708028354,11873926.33423469,3041123.3700523847,3.0040462765098765,3.043295296687871,0.7794419628530148,0,5946,16169,4702,5610,956,0,0,91.33,0.0014378467689454126,0.0002450234422659206,0.0,93.17321646394925
31060630,하안2동,0,441226.4608370776,3277979.575245619,950053.8614310283,1019954.4883883478,7.429245220304249,2.1532114362058508,2.3116349061507555,0,2429,9270,2869,2096,407,0,0,100.0,0.004750395060115041,0.0009224288117685219,0.0,88.10590843733914
31060640,하안3동,1,575990.42698209,5465135.395177042,3574792.8055929635,1063825.2115898903,9.488239976160187,6.206340657991733,1.8469494660941117,0,3838,12686,4752,4777,1156,0,0,99.78,0.008293540614808867,0.002006977800024922,1.7361399654194825e-06,82.45846989975396
31060650,하안4동,1,430501.05198223674,3048458.7913788348,746246.8031187848,1220939.74052607,7.081187786515838,1.7334378155005676,2.8360900278971863,0,2812,8368,1867,1232,238,0,0,99.85,0.002861781624687451,0.0005528441774964393,2.3228746953631904e-06,88.34928437008641
31060660,소하1동,2,3752034.835242617,17475901.82286059,12940434.915130883,4959484.684240122,4.657713105089162,3.44891118642669,1.3218120038907977,0,7652,19133,5640,21310,2084,0,0,83.88,0.00567958479483713,0.0005554319433336733,5.330440914910493e-07,90.57156370459336
31060690,소하2동,1,7343761.172080636,26833750.10711581,24035927.82262523,5652678.842542758,3.6539519026206655,3.272972426446075,0.7697253097000212,2,9300,29848,7901,4756,1076,0,0,57.8,0.0006476245466798116,0.00014651892603605494,1.361700056097165e-07,92.30335036123324
31060680,학온동,0,12903436.666816885,8767147.703902986,39329456.25315387,3161886.3761548507,0.6794428438160988,3.047983050460924,0.245042189751364,0,173,1168,944,7678,1517,0,0,0.0,0.0005950352761244741,0.00011756557878104028,0.0,96.02753191597161
31070110,팽성읍,0,56797989.7559421,126533567.33009309,63206247.209055014,24993472.488851532,2.2277824950108447,1.112825427108404,0.4400414978813006,0,3322,15210,8949,10330,1843,0,0,30.45,0.00018187263395034992,3.2448331497627774e-05,0.0,96.21935057999946
31070120,안중읍,0,28530525.938723236,50822465.10934331,46739080.885487005,15059260.084431011,1.78133642606161,1.638213083974386,0.5278297398644074,0,10408,26949,6389,12860,2836,0,0,72.81,0.00045074528340682205,9.940230355690103e-05,0.0,96.05262075009959
31070130,포승읍,0,61863195.10628928,71361616.95222473,103606584.71083295,31028966.64902646,1.1535391411584204,1.674769376732368,0.5015739422400431,0,4240,15538,4326,28471,2570,0,0,55.85,0.0004602251783322603,4.1543279418141584e-05,0.0,96.67011753986917
31070140,청북읍,0,52444802.14521099,53671159.44771765,52921439.920373954,24189573.07671208,1.0233837721250445,1.0090883701657074,0.4612387136047372,0,7127,14853,3651,20088,1963,0,0,68.9,0.00038303128581505217,3.742982945315349e-05,0.0,97.50628914410451
31070310,진위면,1,33941669.80238631,39019058.64885018,38663851.909189805,12386799.820748068,1.1495916045387635,1.1391263934360558,0.3649437370897173,0,1412,6839,3213,21935,1197,0,0,42.87,0.0006462557713778527,3.526638515337542e-05,2.946231006965365e-08,97.34633826493547
31070320,서탄면,0,28532791.44279113,29647951.021946553,19389996.730983622,4252943.157719773,1.0390834377839036,0.6795688662240071,0.1490545769504192,0,341,1933,1413,11133,1168,0,0,0.0,0.0003901826437948774,4.0935356862698e-05,0.0,98.13229311904168
31070330,고덕면,0,38763289.29463569,39568286.307021834,50688641.01715337,14248173.025786888,1.020766994417513,1.3076455053097875,0.3675687302356624,0,2801,9144,2893,3519,610,0,0,54.78,9.078176965972993e-05,1.573653864519331e-05,0.0,97.30401877003703
31070340,오성면,0,32484469.626885172,39681724.16943154,27657800.539288715,21660674.74628142,1.2215598599950572,0.8514161030475389,0.6668009358033157,0,871,3663,2299,4021,541,0,0,4.72,0.00012378222720529984,1.6654112140777723e-05,0.0,97.26022310115408
31070370,현덕면,0,46364926.56278703,44528043.080134794,22962003.902008492,28351702.756716017,0.9603820469732708,0.4952451260957681,0.611490297915653,0,494,2629,2413,1406,384,0,0,13.96,3.032464632712622e-05,8.282122467721529e-06,0.0,97.9328825290153
31070510,중앙동,0,5337704.38682919,28956006.18428124,29631639.845014285,10071944.74915618,5.424805138278231,5.551382710164784,1.8869431536914536,0,8664,28180,7268,10531,2398,0,0,80.81,0.001972945528037402,0.0004492568014655483,0.0,87.13686899786553
31070520,서정동,1,1671222.3475269992,43126278.38148193,21657230.492383357,3726323.328620772,25.805230791281776,12.958916283300525,2.229699318067892,0,4119,16518,5893,7801,1982,0,0,26.82,0.004667840883947547,0.0011859582914990432,5.983644255797393e-07,59.00615360734981
31070530,송탄동,0,19538256.779246148,30907136.91291573,37827271.47550829,8616850.20409748,1.5818779158305356,1.936061743015325,0.4410245141854435,0,3806,11305,2531,17489,1110,0,0,76.85,0.0008951156798475568,5.681161899655715e-05,0.0,96.0410358269687
31070550,지산동,1,697791.0964309606,12982978.696106266,9145557.156378545,1201124.8549027853,18.605824526152865,13.106440026472026,1.72132442079909,0,1751,8122,2069,2441,618,0,0,49.44,0.0034981816369543356,0.0008856518851445225,1.4330936652823988e-06,66.56641102657602
31070560,송북동,0,7126161.7971124975,25083616.58084307,17544550.25324693,7266291.206172255,3.5199336325772013,2.461991567516182,1.0196640790722065,0,4034,13550,4491,4335,1273,0,0,65.0,0.0006083218601281896,0.00017863753816451796,0.0,92.99841072083441
31070570,신장1동,0,1587158.1716914338,15778532.208487468,5714159.336459214,730919.9768979921,9.941373512680398,3.6002456707699375,0.4605211943804259,0,1027,4101,1584,1339,315,0,0,21.46,0.0008436462249786936,0.0001984679319404694,0.0,85.99785962216924
31070580,신장2동,0,631884.7695876426,15650749.151510658,8972606.816268668,2089804.6420967164,24.76835952498756,14.199751676439424,3.3072559154424432,0,505,3129,2105,1812,729,0,0,14.24,0.002867611449400505,0.001153691361265435,0.0,57.724632883130575
31070590,신평동,1,6412777.236376514,25698352.431268577,41534703.97598967,8225652.061658114,4.007367086680406,6.476866799673601,1.2826973023478905,0,3074,14639,5128,16623,3630,0,4,56.26,0.002592168632598061,0.0005660573985640956,1.5593867729038446e-07,88.2330688112981
31070600,원평동,1,5237884.397213382,20453421.074992917,11067002.36245218,7339205.215630391,3.904901201308373,2.112876406424693,1.401177395120621,0,1422,6768,2738,3224,696,0,4,57.74,0.0006155156844830429,0.000132878075806513,1.9091677558407037e-07,92.58104499714631
31070610,통복동,1,608438.4366349566,6613592.671248755,14244486.940901022,1057461.4059326537,10.869781185794311,23.411550098119875,1.7379924446934576,0,370,2410,1348,3272,1065,0,4,40.15,0.0053777010177766225,0.0017503825134266818,1.6435516557997013e-06,63.980676271392355
31070670,비전1동,1,16020181.70519464,56608983.656001434,38707538.55026819,10654728.454699293,3.53360434342924,2.4161735030581477,0.6650816233404164,0,18078,48167,7796,14106,2424,0,4,87.32,0.0008805143574256238,0.00015130914521478182,6.242126452755026e-08,93.3851405301722
31070650,비전2동,0,7386094.632466611,47579036.50206002,26641792.494556814,12785932.978749918,6.4417041575557015,3.607020194061567,1.731081662905802,0,11852,32808,7485,10457,2064,0,0,82.85,0.0014157684839320413,0.0002794440232223136,0.0,88.22019398547693
31070640,세교동,1,7078127.026437909,23146936.630058046,24978792.814686257,5170820.234388565,3.270206446366479,3.529011661049112,0.7305350999035117,0,5027,16828,4359,10648,1302,0,0,82.04,0.0015043527701909015,0.00018394696720403398,1.4128031275271427e-07,92.4702467926809
31080510,생연1동,2,1972691.7404053172,15082063.747684028,3350695.0514105563,4710103.198625251,7.645423478371338,1.6985396059508564,2.3876529222236687,0,1067,3849,2064,1968,241,0,0,45.55,0.0009976216555687867,0.00012216809908134025,1.0138431459032385e-06,88.26838399345414
31080520,생연2동,2,750818.0804053679,11605906.64657504,10980294.2906232,1745481.9100398992,15.457681360455506,14.62444042995731,2.32477341128694,0,2072,6352,3221,2458,865,0,0,68.93,0.0032737623987959697,0.0011520766781767753,2.663761105611041e-06,67.59310479830025
31080530,중앙동,0,647989.828711127,16766681.916895084,13705442.44810232,997669.9921893968,25.874915274896463,21.150706138957297,1.539638352308392,0,407,2720,2131,2892,1029,0,0,2.64,0.004463033016594801,0.0015879878886846648,0.0,51.43474023383785
31080550,보산동,2,13718082.798416955,10519879.423213009,4810808.819800582,3071388.605481648,0.7668622195826799,0.3506910470285062,0.2238934296151122,0,372,1650,1104,833,302,0,0,16.47,6.0722770976095844e-05,2.2014738096975923e-05,1.4579296752964187e-07,98.6585533037737
31080560,불현동,2,33787800.487222806,33328086.59774872,19288597.172896933,5876693.241913043,0.986394086538781,0.5708746025119661,0.1739294407203385,0,5073,16104,6897,4490,1013,0,0,61.31,0.00013288820033421854,2.9981235398343738e-05,5.9192962286957035e-08,98.26880187022891
31080610,송내동,1,5515096.370530403,13739158.3074946,14573100.858560184,2556227.8299944354,2.491190975539248,2.642401851113736,0.4634964936702629,0,5572,15271,5129,7252,1517,0,0,87.01,0.001314936224639245,0.00027506318984800535,1.813204942966416e-07,94.40291067967675
31080580,소요동,2,31381321.95058916,33514331.102081288,24170156.80204355,10671053.044162264,1.0679706595805816,0.7702083691725986,0.340044726635932,0,899,4508,3268,6094,572,0,0,19.18,0.00019419194671254592,1.8227402940527776e-05,6.373217811373348e-08,97.82177624461089
31080600,상패동,1,8073517.429096348,20621646.50312518,11292539.583961545,4572912.789025773,2.5542332303397677,1.3987137184177103,0.5664089821055369,0,465,2636,1937,2665,409,0,0,30.77,0.0003300915646001135,5.06594558804677e-05,1.2386175031899194e-07,95.48064406913699
31091510,일동,1,2451566.34823851,31947576.92680925,12111373.755463,7170820.567889877,13.031495945342902,4.940259424006703,2.924995512783991,0,4733,16870,4470,4949,906,0,0,0.35,0.002018709386974474,0.00036955964934307404,4.079024827186248e-07,79.1032491178664
31091740,이동,5,2367990.25163991,24625625.09231187,27534781.983698424,4832597.80884411,10.399377731921753,11.627911882082156,2.040801394979299,0,3183,17618,4408,10806,2551,0,0,9.76,0.004563363380601276,0.0010772848402659499,2.1114951788826927e-06,75.9319089910168
31091760,안산시 상록구 사1동,0,2242757.2320163273,29616730.331796236,20000860.59698917,7915623.94547405,13.205499868200013,8.91797842025354,3.5294163061766572,0,5470,23732,5472,6812,1490,0,0,32.51,0.0030373327539536545,0.0006643608049605028,0.0,74.34710540536979
31091770,안산시 상록구 사2동,0,3009518.4726088997,21853205.77273572,18085292.42758979,10336227.11547624,7.261362896301333,6.009364153166988,3.4345119358964906,0,6655,21313,4915,5705,1303,0,0,54.03,0.0018956520958103565,0.00043295962854353977,0.0,83.29476101463518
31091780,안산시 상록구 사3동,0,4802691.5838426445,9993241.857828984,9044887.559690854,13804246.370112106,2.0807586086619723,1.883295523310289,2.8742729215743847,0,3887,11984,2548,6009,752,0,0,81.16,0.0012511734087200482,0.00015657886559452094,0.0,93.16167294645335
31091540,본오1동,1,6480080.741650555,41453826.727227494,27829510.3807883,7418338.103589994,6.397115773694619,4.29462401632048,1.1447909986535836,0,7520,26043,6131,8500,1954,0,0,1.53,0.001311712050955376,0.0003015394526549182,1.5431906481827953e-07,88.16346921133132
31091550,본오2동,1,833758.0973854952,18934632.63254224,11684350.35619796,2745825.8475604947,22.709983497512766,14.014077215966877,3.293312360228795,0,5071,18075,4762,4168,1118,0,0,55.14,0.004999051898890164,0.0013409165122262963,1.1993886513652024e-06,59.98262692629156
31091560,본오3동,1,1079246.0526396604,14717408.305778338,10222704.366436215,2424348.0701853028,13.636749719660266,9.472079459019696,2.246334896713999,0,3158,14096,3776,5847,1449,0,0,59.56,0.005417670961728339,0.001342603937667926,9.265727658163741e-07,74.64483592460604
31091570,부곡동,0,5696645.8795503955,27326590.41505552,16653969.576671263,3541704.2221018956,4.796961403753651,2.923469341223237,0.6217174626942797,0,4033,14842,3822,3806,966,0,0,0.26,0.0006681124437901177,0.000169573468392342,0.0,91.65785179232883
31091580,월피동,0,6068362.114442612,35939193.09932138,20810249.861027904,5973433.704114684,5.922387692353862,3.429302580922094,0.9843568316231492,0,6938,26883,6394,7075,1830,0,0,39.48,0.001165882962578971,0.00030156407371300596,0.0,89.66395289510089
31091620,성포동,2,1702889.0893406998,8329185.226529581,6202297.903636507,1951676.986184711,4.8912082875311365,3.6422207074201314,1.1460975341267432,0,4904,18272,4785,4607,848,0,0,95.64,0.0027054022653680973,0.0004979772348669735,1.1744746105353146e-06,90.320473470922
31091710,반월동,0,13249490.769170202,16244211.413142784,15100834.563002365,4667287.885222022,1.2260253390976277,1.139729430065342,0.3522616805833911,0,2713,10906,4930,8122,1087,0,0,60.05,0.0006130046913872856,8.204088888672488e-05,0.0,97.28198355025364
31091730,안산동,0,8368012.046855886,11461136.69112982,18262760.12992486,3278766.9043289307,1.369636734143579,2.18244907245165,0.3918214847170138,0,1383,5562,2356,3947,898,0,0,21.18,0.00047167714122475367,0.0001073134210336531,0.0,96.05609270868776
31092590,와동,0,3218874.0851568715,42537699.555344544,20025125.40801008,6072525.739330262,13.215086527148662,6.221158354827091,1.8865372110491605,0,7181,26612,5985,4599,1625,0,0,0.4,0.001428760454219998,0.000504834907177103,0.0,78.67721790697509
31092740,안산시 단원구 고잔1동,0,1458657.919291807,17915999.311078977,7959233.642677016,4166791.886588611,12.282522909673965,5.456545731120634,2.856592921122747,0,3501,15255,3792,8813,768,0,0,12.84,0.006041855244729608,0.0005265113840862746,0.0,79.40433843808265
31092750,안산시 단원구 고잔2동,0,1997253.028427801,9402162.312648628,15577172.854895703,6448621.227871593,4.707546905085846,7.799298653289691,3.2287452496431177,0,4311,17898,3856,18776,3235,0,0,68.97,0.009400912018987446,0.0016197246688018953,0.0,84.26440919198134
31092730,호수동,4,2643358.912006483,13149666.17568806,26849755.791602712,10458440.409047548,4.9746048922681485,10.157438579243856,3.9564965474585914,0,9558,30852,5670,26771,4958,0,0,89.47,0.010127644747106165,0.0018756438928748409,1.5132262145016868e-06,80.9114599810294
31092760,안산시 단원구 원곡본동,0,8155733.152994865,30972535.586780127,44832273.25050205,9006604.35273234,3.797639648791931,5.497025516834032,1.1043279842260445,0,635,4145,1866,13475,3922,0,0,44.54,0.0016522119774155838,0.00048088871060659885,0.0,89.601006850148
31092780,안산시 단원구 원곡1동,0,1464646.8808238264,9777993.671595529,7178718.999476335,1952302.087466436,6.67600757535199,4.901330889694374,1.332950701651934,0,3434,12319,3345,2715,776,0,0,80.01,0.0018536891284364357,0.0005298205391037474,0.0,87.0897108333017
31092780,안산시 단원구 원곡2동,0,1464646.8808238264,9777993.671595529,7178718.999476335,1952302.087466436,6.67600757535199,4.901330889694374,1.332950701651934,0,3434,12319,3345,2715,776,0,0,80.01,0.0018536891284364357,0.0005298205391037474,0.0,87.0897108333017
31092660,초지동,10,25841583.711265445,15418258.2017776,34753116.47978674,33568803.26141473,0.5966452510825072,1.3448524234463377,1.2990226774213014,0,9575,31628,6741,123256,9805,0,0,84.26,0.004769676710882847,0.00037942720963041405,3.869731867724773e-07,96.75947964804985
31092680,선부1동,1,842892.5791978077,6040771.922384397,2901974.8235948174,1126449.319602216,7.166716223950485,3.442876227901622,1.336409107640114,0,1660,7382,2345,3349,415,0,0,78.55,0.003973222783794771,0.0004923521813301971,1.186390798386017e-06,88.05399844050778
31092690,선부2동,2,3088152.508239043,21608997.654906586,17285689.830878794,5049651.364537584,6.997386818576742,5.59742104211544,1.6351690374958348,0,2983,12259,3145,5532,1289,0,0,30.03,0.001791362306499752,0.0004174016654154339,6.476364087128532e-07,85.77002310181199
31092700,선부3동,2,4809990.1151927635,21830419.041880235,14115536.39428347,2334926.263941493,4.538557984334936,2.9346289818139843,0.4854326532951553,0,6836,24800,5077,5895,1353,0,0,74.05,0.0012255742441897926,0.0002812895593534842,4.1580127029339867e-07,92.04138038055592
31092720,대부동,0,60841170.12847084,56810706.453498386,27900208.75379555,54010164.11758687,0.9337543366364944,0.4585744931414386,0.8877239540847133,0,714,4279,3557,3804,1170,0,0,0.0,6.252345232622803e-05,1.923039937478622e-05,0.0,97.71994721613736
31101510,주교동,0,5516699.25004629,15744781.377156878,10450999.403397929,4029243.2004253864,2.8540220634693405,1.8944297902972027,0.73037209711796,0,2030,9508,4210,4898,924,0,0,38.16,0.0008878497409388455,0.0001674914578659643,0.0,94.5211760491155
31101520,원신동,0,12891863.970162855,14717332.616663145,11652334.534199947,7092887.58615573,1.141598503577542,0.9038518061599397,0.5501832475561041,0,5207,14359,4376,4226,916,0,0,94.68,0.00032780364497930216,7.105256478964524e-05,0.0,97.40436644270642
31101530,흥도동,0,11187182.629569177,23604286.47266359,29415235.801186357,6373095.253931552,2.10994021052936,2.629369410975563,0.5696783064117175,0,9443,27391,7731,7120,1285,0,0,90.73,0.0006364426358048854,0.00011486359368107833,0.0,94.69101207208335
31101540,성사1동,1,2307299.4587504547,14004002.98978172,14590076.208789334,3422249.0219975263,6.069434522975078,6.323442825531958,1.483227072679541,0,3409,13513,5140,6395,1644,0,0,66.88,0.0027716384952630167,0.0007125212957329788,4.334071141928095e-07,86.12389557881342
31101550,성사2동,1,992869.0401328844,4218648.400198799,2027567.4170831048,1054343.177543304,4.248947474114189,2.042129762462668,1.0619156554646842,0,1869,6873,2987,1748,363,0,0,96.45,0.0017605544430597255,0.00036560712976583544,1.0071821756634586e-06,92.64700710795846
31101560,효자동,2,25754622.17111166,7515191.620057789,14866716.571835088,2173814.0823444906,0.2917997231769682,0.5772445999425582,0.0844048135477136,0,744,3319,978,1559,204,0,0,58.89,6.0532823570135214e-05,7.920908279863749e-06,7.765596352807597e-08,99.04655086333275
31101700,고양시 덕양구 신도동,0,6811129.538707413,26023096.867453165,21851655.21423303,5201984.974652791,3.820672726831109,3.2082278115620664,0.7637477668116707,0,3631,13648,4600,6215,1420,0,0,38.27,0.0009124771397565185,0.00020848230707228583,0.0,92.20735169479515
31101580,창릉동,2,11293678.501337515,18222622.481347885,29293087.76701952,8701412.765332209,1.6135241037001162,2.5937596650684123,0.7704675464510254,0,3898,12619,3335,10659,1973,0,0,31.57,0.0009438023225761395,0.00017469950112043562,1.7709021907798847e-07,95.02224868478045
31101590,고양동,0,23881391.302259468,31336682.115866713,31051019.78014477,12077200.43788467,1.3121799194715211,1.3002182070190762,0.5057159478284676,0,5922,17791,7455,7104,1414,0,0,56.93,0.00029747010591149695,5.9209280652992215e-05,0.0,96.88188592568093
31101600,관산동,0,16395973.584354255,46637553.51899604,23834539.186351344,8929948.202816805,2.8444516136266285,1.4536824583015484,0.544642753714738,0,5262,21610,9739,7622,1670,0,0,20.77,0.0004648702293146283,0.00010185427485639324,0.0,95.15722317435709
31101610,능곡동,0,12502541.856006294,19554109.55373908,16105393.133838195,9173238.500051398,1.564010725094687,1.288169503395909,0.7337098812146364,0,2318,9705,3974,4127,881,0,0,64.24,0.00033009287611495287,7.046567091283584e-05,0.0,96.41410989029477
31101620,화정1동,3,2265709.5384957483,13418685.670788815,10976085.354377644,4640710.79876211,5.922509237303984,4.844436220922164,2.0482373048767646,0,6223,24617,7843,11945,1912,0,0,89.77,0.005272079142094186,0.000843885753008295,1.324088524594605e-06,87.18481723689709
31101630,화정2동,2,1981279.7373723043,6628721.073011062,9194749.033011658,4327411.597126256,3.345676507953633,4.640813136869962,2.1841497268152232,0,6961,21435,5528,9657,1973,0,0,88.72,0.00487412242592203,0.0009958210154648612,1.0094485711757336e-06,89.82936062836119
31101640,행주동,3,6388128.941087868,20829806.12667877,19126226.1526433,14599771.414808037,3.2607053362219003,2.9940263149081328,2.2854534636744144,3,2245,12665,5040,6613,1329,1,0,28.03,0.0010352013963674763,0.00020804213757332163,4.696210780436154e-07,91.45981488519556
31101650,행신1동,0,667293.8919663568,7745446.310425766,4238084.234839969,1659954.0473869503,11.607248925359968,6.35115094842445,2.4875906513926864,0,3882,14121,4633,3138,745,0,0,90.95,0.0047025756383083815,0.0011164496018291092,0.0,79.55400947482289
31101660,행신2동,4,4308221.873790417,12058480.853005651,14678316.21058046,3784444.2029120577,2.7989461096153994,3.4070474178402352,0.8784237009554166,3,5676,21394,5988,8534,1727,1,0,91.01,0.0019808636254083855,0.0004008614343895338,9.284572886845021e-07,92.91558277158894
31101690,행신3동,1,1958709.42104043,18991370.324116927,7677419.714428349,3820875.2120263497,9.695858977402102,3.9196317901765374,1.9507105908526092,0,8438,29822,8933,6997,1351,0,0,86.41,0.003572250138179047,0.000689739879474045,5.10540251276125e-07,84.43379864156876
31101670,화전동,1,7269567.719382455,17905518.15914169,11721638.709310524,2801377.3020413253,2.4630788033518383,1.6124258225228103,0.385356792890472,0,3955,12058,3369,2696,549,0,0,81.8,0.0003708611163780884,7.552030893604249e-05,1.3755976126783696e-07,95.53913858123488
31101680,대덕동,1,10760792.633057412,11343745.487043958,15735530.580776276,24471404.36749908,1.054173783834074,1.4623021851045015,2.27412656316063,0,307,1606,824,3173,478,0,0,24.97,0.00029486675454088015,4.44205195936151e-05,9.29299573088182e-08,95.2093974679008
31103510,식사동,0,6845061.577791738,18100733.153431863,30677872.334400546,6134589.2638607435,2.644349206756337,4.481752572384809,0.8962065854548239,0,8119,21406,4672,11239,1774,0,0,80.88,0.0016419136442026511,0.0002591649439287751,0.0,91.97769163540403
31103520,중산동,2,2833388.34247244,21915351.61938597,10726366.294172063,5877263.215120058,7.73467981457933,3.785702839735743,2.07428792129197,0,8434,29709,9521,8384,1682,0,0,89.49,0.002959001374536064,0.0005936355333933277,7.058686485057404e-07,86.40532942439296
31103530,정발산동,3,1546361.9668160642,40069012.78616065,19812696.66462697,4380981.48714885,25.911794034007535,12.81245729641231,2.8330892644554786,0,3743,15656,4950,6072,1715,0,0,0.0,0.003926635632705639,0.0011090546953376435,1.940037367937569e-06,58.44265940512467
31103540,풍산동,0,5680856.430007671,21066828.466245156,23473059.220266636,10847143.521113554,3.7083895229185906,4.1319578323219375,1.9094204641075407,0,8311,24408,6948,8073,1438,0,0,82.32,0.0014210885452662087,0.0002531308470324301,0.0,90.25023218065193
31103550,백석1동,5,1755655.648362261,11466241.682143826,18102002.0545756,7907078.265265373,6.531031123808334,10.310679130877288,4.503775141008649,0,5224,20850,5282,14863,2248,0,0,75.42,0.008465783147042579,0.0012804333253415676,2.8479388908842695e-06,78.65451460430573
31103610,백석2동,1,788834.5545114302,6419136.013513571,9184647.615589734,3193374.1865064777,8.137493441180837,11.64331299010894,4.048217928896782,0,2438,14534,3919,10019,2083,0,0,30.47,0.012701015621809725,0.0026406044056522266,1.2676929455843622e-06,76.17097563981343
31103560,마두1동,5,2211077.0591671932,22222471.53017974,11894809.856060348,5446789.565034887,10.050518790398865,5.37964509502014,2.463410102534568,0,4963,15579,4396,9516,1387,0,0,72.51,0.0043037848728534065,0.0006272960927540641,2.261341358161731e-06,82.10642601204643
31103570,마두2동,0,622195.0623871656,5327984.488366789,3743859.0550480816,1663678.7204295476,8.563205995118313,6.0171789867378225,2.673886086537779,0,3601,10028,3061,4662,1127,0,0,98.08,0.007492827059794485,0.0018113290640043723,0.0,82.74572893160608
31103580,장항1동,0,10223704.87705315,9228327.344012257,33411644.24744752,2338860.28786043,0.9026402321848126,3.268056409026352,0.2287683688043405,0,1962,5842,1605,11401,2039,0,0,53.94,0.0011151534729428767,0.0001994384642865122,0.0,95.6005349899845
31103590,장항2동,1,2407266.8632306256,2980321.0460460763,30098314.505976822,4205972.611698824,1.2380517887603015,12.503106724770834,1.7471983168722225,0,2850,18987,4232,35812,6685,0,0,26.25,0.014876622341650329,0.0027770082752689726,4.154088669063534e-07,84.51164316959664
31103600,고봉동,0,25027231.668295603,60193641.93683479,111182725.14716892,10605329.381423377,2.405125853894894,4.442469971140067,0.4237515967400487,0,3084,13734,5623,24456,3958,0,0,19.02,0.0009771755951326808,0.00015814773493356027,0.0,92.728652578225
31104510,일산1동,2,644100.387355673,9459503.48315793,3959175.4620263698,2529717.713333106,14.686380677387143,6.146829810614767,3.9275208694078816,0,5150,17503,5635,2815,754,0,0,94.24,0.0043704367443608595,0.0011706249752213456,3.105106035069882e-06,75.2392686425902
31104520,일산2동,2,814880.7026241097,11630379.026220102,11666709.165002758,2302090.9002913036,14.272492879960852,14.317076263351408,2.825064936349607,0,2763,12050,4405,3535,1215,0,0,77.74,0.004338058305434254,0.001491015796634404,2.4543469903446983e-06,68.58536592033813
31104530,일산3동,2,1141579.7849185208,10014452.004391346,3868676.17731492,2413835.4265407366,8.772450368071398,3.3888793656161695,2.114469315618638,0,8796,22660,5193,4205,1084,0,0,99.93,0.0036834919954922755,0.0009495613134634071,1.751958142921415e-06,85.7242009506938
31104540,탄현동,1,2179312.421755307,12851525.05930062,9660160.54670038,6055288.096319496,5.897054929347615,4.432664380869125,2.7785314468323548,0,11005,34084,7843,7559,1397,0,0,95.46,0.0034685251754206898,0.0006410278700969313,4.588603221882114e-07,86.89174924295091
31104550,주엽1동,1,934560.818515886,8156969.599753987,5069192.655539495,2326736.204001205,8.728131372667141,5.424144213096311,2.4896573426822455,0,5561,16983,5845,5308,1328,0,0,97.38,0.0056796731628151135,0.001420988312023073,1.0700213192944825e-06,83.3580670715543
31104560,주엽2동,1,996999.4394281284,8566531.400498126,5109985.534110023,1827738.1551544976,8.592313156576925,5.125364500747436,1.8332388995152045,0,5568,17667,6415,6664,1584,0,0,98.57,0.006684055914570605,0.0015887671921788473,1.0030095910219997e-06,84.44908344316043
31104570,대화동,1,3768359.8539777,25102619.30405588,24575035.922276735,8347989.8900067,6.661417772392081,6.521414322025669,2.215284689755667,0,5381,23174,6236,17611,2852,0,0,46.61,0.004673385951016312,0.0007568279332405044,2.6536743802261723e-07,84.60188321582658
31104580,송포동,0,12749789.06251876,8909079.875499532,14462746.308083314,6994306.045660962,0.6987629231992576,1.1343518106193793,0.5485820989950727,0,4110,13708,3728,5187,930,0,0,59.76,0.0004068302600585318,7.294238323779344e-05,0.0,97.6183031671863
31104590,송산동,1,18063314.993837405,8489428.263319787,20224842.692797568,2849680.404614999,0.4699817428980281,1.119663954246361,0.1577606549842714,0,11330,31324,8406,16823,3528,0,0,70.22,0.0009313351400742404,0.00019531298663626705,5.536082387649293e-08,98.25259364787134
31110510,중앙동,0,6983400.036643137,7387202.234780524,1930579.1198332335,9591252.15820946,1.0578231514761527,0.2764526032739272,1.373435877635888,0,1079,3965,1692,8872,428,0,0,73.66,0.001270441325634267,6.128819740435824e-05,0.0,97.29228836761403
31110520,갈현동,2,4370952.972979629,5519019.321741129,4700910.035918867,2574632.1638670815,1.2626581333312483,1.0754885868090935,0.5890322270184444,0,2712,6393,1778,1872,311,0,0,93.09,0.00042828188991463707,7.115153192492102e-05,4.575661217036721e-07,97.07282105284122
31110530,별양동,2,649557.9839413852,6752240.839957904,3082026.5915299794,2390047.676076803,10.395131777130482,4.744805956858341,3.679498574668395,0,1893,6570,2327,9684,999,0,0,86.04,0.014908599754390487,0.0015379689337707658,3.0790168844259575e-06,81.18056369134278
31110540,부림동,4,405785.0824893809,7309596.132366216,630355.5996611553,534338.7654576742,18.01346685177246,1.5534223086617562,1.316802387558585,0,2255,7398,2206,660,145,0,0,84.87,0.0016264767446225845,0.0003573320120761739,9.857434815894452e-06,79.1163084520072
31110550,과천동,3,10769909.597997682,15212546.01389907,90780706.75163466,3173173.0593828163,1.4125045224824684,8.429105734416973,0.2946332121462529,0,1349,6185,2321,10947,1310,0,0,7.04,0.0010164430722821552,0.00012163518997804177,2.785538701787216e-07,89.8637565309543
31110560,문원동,2,12641479.392425992,10608843.730674364,8074623.294899156,2393232.3344543925,0.8392090356948682,0.6387403755716267,0.1893158435149823,0,1585,4805,1776,2554,259,0,0,0.0,0.00020203331593675512,2.0488108389827554e-05,1.5820933119557958e-07,98.33273474521852
31120510,갈매동,2,3971435.3114339816,11749840.147880072,21849759.942578163,2474320.285706782,2.958587821901979,5.501728777923563,0.6230292304102442,0,6994,19474,4870,5994,1425,0,0,90.25,0.001509278014104334,0.0003588123406904698,5.035962676357471e-07,90.91665416976421
31120520,동구동,3,7304144.475657723,17471561.803079225,39207233.579947434,5430847.503944001,2.3920066013625707,5.36780641601656,0.7435295840660332,0,7465,24688,6859,15415,2962,0,0,91.04,0.002110445658810823,0.0004055231943819434,4.107257201707732e-07,91.49665739855483
31120530,인창동,1,2212655.1128936154,15359196.930096198,10234864.638318565,2295157.9329743003,6.941523258909564,4.625603230561246,1.03728679612106,0,4318,14806,4546,7167,1257,0,0,73.31,0.003239094948961528,0.0005680957654310925,4.51945716333407e-07,87.39558671440813
31120540,교문1동,1,10023777.969848042,26531529.557791147,18437765.177433737,5847765.452035778,2.6468592618071884,1.8394027913323032,0.5833893637335253,0,1985,10270,4262,10665,1545,0,0,17.73,0.00106397009511485,0.00015413350182395154,9.97627843520722e-08,94.93034858312699
31120550,교문2동,0,1169033.2033285357,8663834.708962442,4605555.205058626,2028012.2308173424,7.411110894279389,3.9396273706729934,1.7347772715463294,0,4709,13727,4208,2112,628,0,0,93.51,0.0018066210557309502,0.0005371960336169681,0.0,86.91448446350128
31120560,수택1동,1,1191295.3724487612,15386004.879480377,18979587.293495823,5032570.169706905,12.915356875645164,15.931890387924891,4.224452042789548,0,2424,12368,4791,9338,2381,0,0,50.23,0.007838526209269944,0.0019986646931111304,8.394223826590216e-07,66.9283006936404
31120570,수택2동,0,629838.727452768,19010477.3214447,9404589.967970056,1429407.9858686605,30.183087340989697,14.931742933631073,2.2694825255499276,0,3343,15082,5753,4646,1510,0,0,41.92,0.007376491469039814,0.0023974391128390267,0.0,52.6156871998293
31120580,수택3동,0,6667483.202102998,9557830.473799724,18828678.429436337,12621796.27612391,1.433498995660773,2.8239558854077895,1.8930375815784364,0,4223,14176,3924,9368,1441,0,0,92.26,0.0014050279117360474,0.0002161235291216529,0.0,93.849507537353
31130110,와부읍,3,50052291.79388465,59928149.33289052,84462514.25345793,17988122.95569052,1.1973107960705307,1.687485452240121,0.3593865997138676,0,12523,37583,14232,13498,2980,1,3,79.13,0.0002696779611127912,5.95377333024239e-05,5.993731540512474e-08,96.75581715197548
31130120,진접읍,0,66123833.815000854,81020381.5509317,114287188.66022226,21782938.60141915,1.2252825778010383,1.728381161019358,0.3294264313585138,0,20852,54686,18355,28193,5587,0,0,74.54,0.0004263666876738153,8.449298350773618e-05,0.0,96.71690982982109
31130130,화도읍,3,71537880.12995307,114483042.37649268,131497423.89789702,24624385.65764657,1.600313598453393,1.838150972030813,0.3442146400328724,0,20837,60675,19711,27352,6098,0,0,56.55,0.0003823428923293442,8.524155299153045e-05,4.193582469245512e-08,96.21732078948293
31130140,진건읍,2,31214818.805936053,38570433.85889454,124878468.03933951,10169168.835759597,1.2356449703805323,4.000614862309938,0.3257801654714634,0,3345,14945,6662,15123,3218,0,0,51.74,0.00048448142832465356,0.00010309206085755043,6.407213229182749e-08,94.43796000183806
31130150,오남읍,0,25287998.713085897,34725701.54242586,40350538.04599361,9141866.6233742,1.3732087673848303,1.595639833100483,0.36151008733813,0,11437,31903,10308,11113,2523,0,0,84.43,0.0004394574725379478,9.977064727915436e-05,0.0,96.66964131217655
31130310,별내면,0,22274364.76527045,15035468.398870228,24545574.961352807,4844896.589217555,0.6750122195319841,1.1019652061918086,0.2175099779622707,0,3465,11546,5104,3526,935,0,0,81.43,0.00015829856595937834,4.197650572093555e-05,0.0,98.00551259631393
31130340,수동면,0,72845402.61633646,55029103.61225134,33701039.461794205,8432677.042616332,0.755423151438666,0.4626378364505921,0.1157612799126077,0,999,4587,3492,7106,1163,0,0,0.0,9.754905244226652e-05,1.5965317758282574e-05,0.0,98.66617773219814
31130350,조안면,1,50941816.95653141,27297726.387088403,12285793.934149332,4698825.420726777,0.5358608706552717,0.2411730611146592,0.0922390621586245,0,468,2238,1569,1038,302,0,0,0.0,2.0376187227195298e-05,5.928331929299595e-06,1.963023817648873e-08,99.13072700607144
31130160,남양주시 퇴계원면,0,3284472.055399278,24859034.198965393,10711095.43433865,4752965.895584606,7.568654499008485,3.2611315467674307,1.4471019437572317,0,4781,18276,7305,3647,1027,0,0,67.76,0.0011103763218181946,0.00031268343364608883,0.0,87.72311201046685
31130510,호평동,1,9208547.765184514,21055122.737374738,15513799.67113069,6006789.060094218,2.28647592153233,1.6847172938370305,0.6523057938413005,0,12620,29979,8110,9430,1910,0,0,87.44,0.0010240485514602538,0.00020741598444210866,1.0859475625241291e-07,95.37650099078934
31130520,평내동,1,7334524.270252626,17924308.098757755,19109272.704996813,5403459.4879969,2.4438269529566066,2.6053867982276953,0.7367157417301431,0,8359,20604,5622,7301,1597,0,0,91.15,0.0009954292508924474,0.00021773736661761928,1.3634149443808346e-07,94.21407050708555
31130530,금곡동,5,6984659.768390747,21862363.615168072,20968965.174046226,5357501.944037438,3.1300541959261565,3.002145540279829,0.7670383557239178,0,2229,11511,5768,8137,1412,0,0,46.28,0.0011649815839008435,0.00020215730569841353,7.158544819348921e-07,93.1007619080701
31130540,양정동,2,12408121.86118376,17962079.958279815,63050618.633514896,20235284.83248302,1.4476066691825829,5.081399049662439,1.6308096470091027,0,393,2546,1723,6736,1347,1,3,22.46,0.0005428702325262256,0.00010855792803040763,1.6118474837477005e-07,91.84018463414587
31130590,남양주시 지금동,0,5552584.705423176,10721677.075278588,14414730.620521773,13271986.499770075,1.9309344465842708,2.596039751801173,2.3902357557566667,0,7511,19659,4733,7150,1193,0,0,90.71,0.0012876885953678043,0.00021485489430402667,0.0,93.08279004585789
31130580,남양주시 도농동,0,5585416.082591418,22812628.695297424,13184299.93684193,6182895.30238697,4.084320372550158,2.3604866212088753,1.1069713000715866,0,17893,45383,11221,8860,2153,0,0,91.31,0.0015862739443170434,0.0003854681492228662,0.0,92.44822170616938
31130570,별내동,1,18687403.088885132,34772369.546529084,37835382.63201331,10350142.414984716,1.860738454730018,2.0246463594782194,0.5538566469484869,0,15004,43490,12078,13721,2840,0,0,90.72,0.0007342379213810407,0.00015197403226602693,5.351198319226301e-08,95.56075853884327
31140510,중앙동,0,3678489.271312928,20694918.936238054,24122368.478915498,6654192.411994926,5.625928855530308,6.557683521612049,1.8089470761511584,0,8485,22074,5086,9479,1947,0,0,80.49,0.0025768730858880505,0.0005292933746412105,0.0,86.00744054670649
31140530,남촌동,1,5770153.261223569,22494315.75057642,30829903.187291708,6445102.992557734,3.89839138272845,5.342995548224691,1.1169725830109132,0,2257,14877,2676,16303,1733,0,2,41.63,0.0028254015555411217,0.0003003386429339854,1.7330562200460784e-07,89.64164048603595
31140540,신장동,1,6939521.1494193375,27543100.363024127,19576395.15658315,6504208.505020249,3.969020307017695,2.821000863758618,0.9372705068511084,0,14265,36201,8950,10193,2045,0,0,82.91,0.0014688333359771097,0.0002946889210314127,1.4410216187355144e-07,92.27270832237258
31140550,세마동,2,13717010.100566063,22136887.71176811,19717808.92229778,10613177.89617107,1.6138274703796114,1.437471342350625,0.7737238522360711,0,7406,19995,3763,11662,1426,0,0,83.35,0.000850185274669313,0.0001039585149784291,1.458043688337014e-07,96.17497733503369
31140560,초평동,1,6477042.213960169,9508197.657894028,9265462.924933257,1549617.3132832972,1.4679845126531237,1.4305083429845673,0.2392476785072296,0,3629,10226,2405,4249,578,0,2,94.37,0.0006560093109838685,8.92382635322843e-05,1.5439145939841573e-07,96.86225946585508
31140520,대원동,1,6047955.915547781,33249922.96730209,43792199.36105332,8221936.324879801,5.497712521651301,7.240826482956751,1.3594570528768672,0,14203,41375,8506,18219,3537,0,2,80.49,0.0030124227514842475,0.000584825691421032,1.6534512056008824e-07,85.90200394251508
31150510,대야동,0,9381360.13270634,19631479.182490863,42125716.6647354,5721522.494440136,2.092604793418965,4.490363451443682,0.6098819801718439,0,5149,21173,6598,16017,3383,0,0,63.77,0.0017073217287696567,0.0003606086912922363,0.0,92.80714977496551
31150520,신천동,1,3439565.8405913743,28858706.09499041,27972529.66457178,6412032.731955321,8.39021767061992,8.132575726406907,1.8641982823195156,0,5762,24361,7456,11292,3138,0,0,39.0,0.003282972480627295,0.0009123244459979145,2.9073436774949474e-07,81.61300832065365
31150530,신현동,1,12757822.62265514,8455185.199029053,15912148.136449397,4056100.695363263,0.6627451602920446,1.247246384206099,0.3179304819742911,0,1388,6363,2610,7238,1697,0,0,68.73,0.0005673381903853405,0.00013301642844486361,7.838328134641344e-08,97.77207797352756
31150540,은행동,0,6407948.842261272,17592264.258316837,10737974.064700129,4674567.242094131,2.7453815083999302,1.6757271833822651,0.7294950938535497,0,11118,30759,6381,8477,1819,0,0,87.34,0.001322888214100561,0.0002838661863216846,0.0,94.84939621436425
31150550,매화동,1,11173052.41986564,12159166.353218868,16250604.137225954,3973932.530777206,1.0882582392256497,1.4544462449967968,0.3556711614197362,0,2123,7638,2798,4834,1032,0,0,49.79,0.00043264810889107096,9.236509068588854e-05,8.950105686617107e-08,97.10162435435782
31150560,목감동,0,17614454.373798065,17610267.053217206,31950517.6686723,4817936.063819653,0.9997622792910869,1.8138806340887563,0.2735217317310976,0,9985,26604,6603,8292,1921,0,0,86.7,0.00047074975040554463,0.00010905816094175726,0.0,96.91283535488905
31150680,군자동,6,8145644.823762882,17129764.055925664,13680144.949179502,4787129.861020487,2.102935301813536,1.679442848928436,0.5876919463828367,0,4223,14358,4487,4205,1146,0,0,43.99,0.0005162267801964311,0.00014068867778956244,7.365899360710075e-07,95.62992990287519
31150690,월곶동,2,8548915.704632135,7152163.072342157,23135980.93107874,2582533.121976787,0.8366163990208533,2.706305890762587,0.30208896791174,0,2985,9575,2707,4660,1011,0,0,90.46,0.0005450983681438781,0.00011826061162949802,2.3394779748664296e-07,96.15498874230482
31150640,정왕본동,8,8277897.139132119,22760857.182314266,33457559.77738737,5623063.472057899,2.74959410581666,4.041794578386748,0.6792864634033662,0,2437,15774,2482,8704,2387,0,0,30.71,0.00105147477115209,0.00028835825812730225,9.66429017603024e-07,92.52932485239323
31150650,정왕1동,2,6655329.097356514,25642425.71040529,31783269.691564787,9345510.736423671,3.8529162623363615,4.7756120285906,1.404214667631642,0,3646,16240,2979,42747,6422,0,0,62.28,0.006422973135455437,0.0009649410128405459,3.005110597447979e-07,89.9672570414414
31150610,정왕2동,4,11678653.81957262,18765086.17370109,22586885.769272584,29555912.645926338,1.6067850339267782,1.9340316202727508,2.5307636567146687,0,6563,21769,3652,33374,4473,0,0,91.9,0.002857692377527185,0.000383006472244235,3.4250522892397495e-07,93.9284196890858
31150620,정왕3동,0,6094967.920780696,15061753.484818574,19372518.16799864,11250887.684418043,2.471178467316582,3.178444648075726,1.84593058251518,0,4143,15745,3281,23236,3349,0,0,61.24,0.0038123252332041167,0.0005494696680151742,0.0,92.50444630209252
31150720,정왕4동,3,6044315.898113676,24883073.461909033,21446945.512402557,17960759.015772853,4.11677249855101,3.5482833581043915,2.9715122965988736,0,4756,14450,2511,2302,647,0,0,85.51,0.00038085368779527305,0.00010704271763837605,4.963340848765504e-07,89.36343184674573
31150590,과림동,0,7624906.903240635,4163253.0483871177,49460122.00607976,2106492.528687607,0.5460070662131898,6.486652576054258,0.2762646882668605,0,111,1032,851,7783,2134,0,0,4.12,0.0010207337740323055,0.0002798722695342336,0.0,92.69107566946569
31150700,연성동,3,9248500.327866564,8304285.367460039,16125090.837707529,6179887.253769184,0.8979061548431242,1.743535737261227,0.6682042530883227,0,5277,15726,3461,7478,1320,0,0,93.0,0.0008085635221809992,0.00014272584237482198,3.243769144882318e-07,96.69035385480733
31150710,장곡동,0,4111005.132079381,4423469.788890236,5535950.02334557,3248592.9071248816,1.0760068758787484,1.346617152128302,0.7902186455023266,0,4679,11187,1641,2932,661,0,0,97.23,0.0007132075747397176,0.0001607879286844998,0.0,96.78715732649063
31150670,능곡동,8,4331445.1214245455,8915168.548066014,6833772.015376262,3287354.399074641,2.0582434495058206,1.5777117852825848,0.7589509521463084,0,3805,10815,2698,3456,684,0,0,95.52,0.0007978861334056095,0.00015791496390319356,1.8469586421426147e-06,95.60509381306528
31160510,군포1동,2,3302647.5062295035,25127239.953932267,74980355.75424951,4770361.878819228,7.608211262793528,22.70310580006508,1.4444053959198793,0,4976,21209,6730,36957,4948,0,0,46.93,0.011190113365165143,0.001498191977997054,6.055747687942822e-07,68.2442775412215
31160520,군포2동,3,8831104.707071327,23665655.299303412,41158331.2169991,16824930.098266613,2.6798068966789197,4.66060958195212,1.905189741980343,0,11539,33719,8832,7922,1463,0,0,85.75,0.0008970565136259397,0.00016566443820181136,3.397083490126002e-07,90.75439377938862
31160540,산본1동,2,689156.7705761178,13642231.520102013,13052087.150420995,1871087.5679988924,19.79554159889839,18.939213409323074,2.7150390852791157,0,1814,10252,4436,8379,1813,0,0,48.49,0.012158336618928931,0.0026307511982477804,2.9020972953643467e-06,58.55020590649942
31160550,산본2동,0,1404890.240411012,8236765.946364865,4113057.9319197377,2292059.365669791,5.862924881558813,2.9276720797180777,1.631486431992887,0,5448,17192,5277,5122,642,0,0,95.25,0.0036458364167047375,0.0004569752010004767,0.0,89.57791660673023
31160560,금정동,2,1189880.7143153383,14541140.632472716,26513075.05339635,1971570.379210352,12.220670910562443,22.28212856500668,1.6569479238469724,0,2199,11361,4016,12910,1947,0,0,25.45,0.010849827083145861,0.0016362984764434541,1.680840756490451e-06,63.84025260058391
31160570,재궁동,0,852421.7628292328,9207688.023240283,2950156.6408558846,4341481.510322811,10.801798387548764,3.4609119211881203,5.093114347424923,0,2982,12455,4311,5317,770,0,0,81.85,0.006237522587750718,0.0009033087065202281,0.0,80.64417534383819
31160580,오금동,7,1087914.7205396448,4683617.22076389,638465.1914584002,2095258.3485674057,4.305132683966853,0.5868706245115413,1.9259398820599487,0,4547,14263,3930,1359,256,0,0,100.0,0.00124917879529509,0.00023531256188045847,6.434327863918786e-06,93.18205680946166
31160590,수리동,2,2991276.860139703,4023238.3085730462,1736746.6984692768,2322489.603148294,1.3449902823054458,0.5806037955270261,0.7764208101552411,0,3005,10427,3941,1735,248,0,0,100.0,0.0005800198647988636,8.290773859949175e-05,6.686107951571914e-07,97.29798511201228
31160600,궁내동,0,1688826.8821707182,4921634.924002831,973231.6939362606,2940343.0495002717,2.914232936461109,0.5762767659674662,1.7410565171256207,0,5296,12777,3329,1894,360,0,0,99.86,0.0011214885433102233,0.00021316572100933497,0.0,94.7684337804458
31160630,대야동,4,12849888.277737863,9236970.95661971,5956550.164275151,2728007.1002819207,0.7188366744497343,0.4635487901163108,0.2122981181873877,0,4001,12668,3229,2205,431,0,0,57.72,0.00017159682266019354,3.354114764922604e-05,3.1128675312506765e-07,98.60531641724657
31160610,광정동,2,1488958.514004805,7514799.504382644,8424015.363987816,4351246.808591449,5.047017384097777,5.657656197102502,2.922342541893956,0,4864,15844,4983,13734,2583,0,0,83.96,0.009223897019781869,0.0017347696229864983,1.3432207688629488e-06,86.37298387690576
31170510,고천동,0,8873287.37462324,10134345.84561839,21759949.6067793,6807144.5178545695,1.1421185202004902,2.452298532448153,0.7671502376134415,0,1843,6906,3202,10863,1279,0,0,70.83,0.0012242362431599933,0.00014414049111678462,0.0,95.63843270973791
31170520,부곡동,2,11208847.828714851,27146237.12599632,31582685.460472543,8240293.285592801,2.4218579412286276,2.8176567246781556,0.735159707002427,0,4656,17192,6384,12709,1584,0,0,59.8,0.0011338364294170107,0.00014131693321241208,1.7843047122779303e-07,94.0253256270908
31170530,오전동,0,6738431.608879212,16055479.695332592,23047219.948463105,3689906.115436309,2.382673094756402,3.420264727194656,0.5475912392691097,0,7200,23349,7992,9535,1615,0,0,88.44,0.0014150177004722594,0.0002396700142907917,0.0,93.64947093877983
31170540,내손1동,0,1994722.6776015072,7727724.12381959,6006871.27127764,3417562.514039303,3.874084458252389,3.011381651558911,1.7133020807426955,0,3821,13557,3932,4443,936,0,0,87.73,0.0022273772940307043,0.00046923816052503697,0.0,91.401231809446
31170550,내손2동,0,1409711.5794499232,22883586.745100595,8700829.552303767,5004462.360555119,16.232814625832816,6.172063618643805,3.5499902487201576,0,5206,18947,5657,2726,803,0,0,68.86,0.001933728884488813,0.0005696200639194852,0.0,74.04513150680322
31170560,청계동,0,23638158.13714876,16104035.761544757,21701891.19345646,5721194.93966357,0.6812728668667426,0.9180872328352292,0.2420321797692171,0,5537,19518,6254,13557,1745,0,0,79.27,0.000573521842156079,7.38213184747627e-05,0.0,98.1586077205288
31180510,천현동,1,34509633.489702605,17854896.498992875,59972249.50275043,8004880.021537851,0.517388760570889,1.7378408124979263,0.2319607371062472,0,828,4555,2352,12216,1873,0,0,0.0,0.0003539881118598845,5.427469986194856e-05,2.897741583659827e-08,97.51280968982493
31180520,신장1동,0,207611.89902107976,4759780.003634647,7154875.035892205,352420.33994936605,22.926335273063344,34.46274066962674,1.6974958642114402,0,719,4033,1617,2370,851,0,0,34.25,0.01141553066592396,0.004098994344599701,0.0,40.913428193098476
31180530,신장2동,1,4336345.137991096,16474231.461092217,19343165.55207861,8027751.65361277,3.7991052226816646,4.460707101612244,1.8512713813485329,0,8108,26766,10890,11424,2129,0,0,90.72,0.002634476647139316,0.0004909664549859597,2.3060895020477204e-07,89.88891629435756
31180540,덕풍1동,0,937983.6764991533,9456884.012831548,6039962.130642084,2240454.5836362755,10.0821413525314,6.439304096618292,2.3885858994885165,0,2223,10018,4221,1604,472,0,0,77.89,0.0017100510810268324,0.0005032070512747287,0.0,81.0899686513618
31180550,덕풍2동,0,486010.3568148008,15104520.789294964,4887725.790825909,1493623.2241803417,31.07859858848789,10.056834637967246,3.073233323604875,0,2501,11878,5209,2464,728,0,0,65.25,0.00506985080749675,0.0014979104658513125,0.0,55.79133344993999
31180560,덕풍3동,0,2167794.3889339077,21419178.242495947,15197509.251345512,3848522.664833152,9.880631831061068,7.010586118741383,1.7753172000439597,0,4918,15100,5544,9413,1565,0,0,72.23,0.0043422014781511475,0.0007219319359722242,0.0,81.33346485015359
31180610,풍산동,6,2676723.1204991126,5532916.236655389,14304023.280643972,4169075.044917258,2.067048397453861,5.343856139284509,1.5575294332795524,0,7330,17216,3650,10156,1533,0,0,94.02,0.0037941914582739246,0.0005727151935342582,2.241546745730952e-06,91.03156602998207
31180660,감북동,1,10233406.790984552,8462624.748664893,30068538.94427911,2968882.533300752,0.8269606516688376,2.9382726161896495,0.2901167317922203,0,1045,3813,1425,5630,877,0,0,52.21,0.000550158917258564,8.569971055697348e-05,9.77191682519652e-08,95.9446500003493
31180650,위례동,7,4774159.197031717,5719453.532018685,4030102.772667963,1906510.3806371992,1.1980022651055906,0.8441492221653684,0.3993395071162587,0,4342,12336,2543,1554,288,0,0,74.48,0.00032550234205908513,6.0324758373884504e-05,1.466226766031915e-06,97.55850900561278
31180590,춘궁동,0,14492956.246925466,12078794.140209489,59879402.86294949,3168348.2702743933,0.833425143525972,4.131621033193438,0.2186129742126646,0,361,2351,1379,6777,1220,0,0,0.0,0.0004676064623760246,8.417882309262949e-05,0.0,94.81634084906793
31180600,초이동,0,6148395.408656247,7102591.348832905,42498503.266654976,4786451.454444878,1.1551943030263243,6.912129172242546,0.7784879039669593,0,386,2215,1137,6679,1222,0,0,22.04,0.0010862996857010625,0.00019875104295952965,0.0,91.15418862076417
31180620,미사1동,1,6648267.66985813,9184911.662523149,16316290.871352114,12971251.53209002,1.381549618431526,2.4542169000395098,1.9510723960316747,0,8331,27688,5157,6412,1446,1,3,65.66,0.00096446176935099,0.00021750026801022017,1.5041512310526982e-07,94.21316108549729
31180630,미사2동,1,5142285.232921716,13385082.150526714,8782494.825979264,6121228.5408768365,2.6029443222700523,1.7078972534919603,1.190371257838397,0,12187,28615,7468,4651,927,1,3,98.01,0.0009044616915091611,0.0001802700468778741,1.944660699869192e-07,94.4987871663996
31191110,포곡읍,3,41755865.99520572,57903373.93027192,60515202.147079885,18346058.688551113,1.386712322932548,1.4492622941655204,0.4393648233917014,0,6350,20411,6189,13068,2125,0,0,36.56,0.00031296201595956116,5.0891053253295644e-05,7.184619282818209e-08,96.72466055951023
31191120,용인시 처인구 모현면,0,50248863.02394304,66947768.67557366,77025976.13804494,18333379.1206654,1.3323240496739952,1.5328899302924108,0.3648516208601525,0,4450,15310,5977,14878,2625,0,0,17.59,0.0002960863013538801,5.223998797243818e-05,0.0,96.76993439917344
31191140,용인시 처인구 남사면,0,58739003.53951234,48506106.66163779,42532557.05744437,16026726.8250219,0.8257904243984813,0.7240939494118882,0.2728464199131519,0,0,0,0,14215,1375,0,0,71.88,0.00024200274338047776,2.3408636802543575e-05,0.0,98.17726920627648
31191130,용인시 처인구 이동면,0,75854419.87225857,52773477.06350122,58778715.77992438,14898205.404734474,0.6957205282483677,0.7748884755681967,0.1964052382158292,0,3564,11602,5010,12815,1707,0,0,44.2,0.0001689420342490155,2.250363265416071e-05,0.0,98.3329857579676
31191340,원삼면,0,59940611.91746452,72418711.3214972,44925795.622048765,12432647.142895265,1.2081743746829687,0.74950512156782,0.2074160864426017,0,930,4294,2999,5568,827,0,0,1.69,9.289194457450572e-05,1.3796989612628634e-05,0.0,97.8349044173066
31191350,백암면,0,65662069.23332119,62773336.49172917,56956275.3520149,14330801.557172712,0.9560060659781022,0.8674151761746733,0.2182508368149375,0,785,4359,3323,6775,979,0,0,7.25,0.00010317981262401176,1.4909673292827679e-05,0.0,97.95832792103229
31191360,양지면,0,57646834.311753035,78028233.36476602,55223523.4547869,12157049.380549513,1.3535562584892475,0.9579628112124784,0.2108884126195796,0,3363,10873,4209,11336,1678,0,0,4.6,0.0001966456638137864,2.9108276630163512e-05,0.0,97.47759251767869
31191510,중앙동,0,7981369.663017593,31496418.02245954,31200993.078148205,11526937.404261105,3.946242230628795,3.909227913940744,1.4442304881168735,0,3932,15470,4863,14177,2733,0,0,55.63,0.001776261543889223,0.00034242243065876044,0.0,90.70029936731359
31191550,용인시 처인구 역삼동,0,12477500.380795663,31306239.05268999,24940412.38741702,12767764.789889447,2.5090152752769264,1.9988308255877305,1.0232630254646622,0,0,0,0,6364,1472,0,0,73.07,0.0005100380529572928,0.00011797234662997093,0.0,94.46889087367069
31191530,유림동,5,13648710.17328235,37107607.11080185,27206480.287449364,7572261.122372526,2.71876291896364,1.9933370950103877,0.5547968288751118,0,7961,22185,5562,7706,1141,0,0,55.66,0.00056459547474889,8.359764296502511e-05,3.663349823182521e-07,94.73310315715086
31191540,동부동,2,23542090.90171641,32150563.769103516,20617651.532061618,8313865.91466688,1.365663054455349,0.8757782653263997,0.3531490023284521,0,2041,8087,3153,6143,1122,0,0,44.56,0.00026093689067989775,4.765931814143664e-05,8.495422128598333e-08,97.40540967788979
31192610,신갈동,3,4846720.197604426,20629379.561199367,24363638.873229716,5471965.376340939,4.256358675583498,5.026830078879292,1.1290037702291027,0,7466,24360,7127,10067,1605,0,0,81.49,0.002077074720540917,0.00033115177574929685,6.189752817743866e-07,89.58780747530811
31192630,용인시 기흥구 영덕동,0,9526486.66323889,29646602.287955724,32355360.499175254,13007383.919001764,3.1120184529682886,3.396358137363394,1.3653915004358397,0,0,0,0,14772,1895,0,0,88.83,0.0015506241201163023,0.00019891908391689634,0.0,92.12623190923247
31192520,구갈동,5,4242986.590265271,19750467.47799751,14420530.010974064,6075957.941058417,4.654850317771736,3.398674425240758,1.432000269573925,0,8106,28194,5798,12715,2572,0,0,76.63,0.0029967099187025933,0.0006061767920490027,1.178415225600705e-06,90.51447498741358
31192650,상갈동,4,12154464.702589495,30012328.953579094,23392623.055217206,11508288.418877844,2.4692431701401873,1.924611542146602,0.9468363025831994,0,10189,27918,8726,3325,583,0,0,85.07,0.0002735620269059547,4.796591328907416e-05,3.2909717522520867e-07,94.65930898513001
31192540,기흥동,0,11733247.378768804,21790113.58652747,33648170.017988965,10553633.234853024,1.857125558091997,2.867762771189415,0.8994639671494287,0,4216,12420,4412,12131,1248,0,0,75.7,0.0010338996194643084,0.00010636441555448495,0.0,94.37564770356916
31192550,서농동,0,4232600.771490539,15900449.668577002,15192826.550855206,7761603.03020676,3.7566618084269616,3.5894778107090284,1.8337668609065292,0,5803,16835,2727,24574,940,0,0,88.27,0.0058058865758057404,0.00022208567515493596,0.0,90.82009351995748
31192560,구성동,0,6907461.005244673,23919455.372399963,11082499.366745088,9087141.84768046,3.462843344933613,1.604424456154064,1.3155545635047097,0,8705,22266,8590,7501,1248,0,0,90.03,0.001085927230612494,0.00018067420128041494,0.0,93.61717763540761
31192570,마북동,2,5376911.936709468,14882318.726401936,18525915.795078736,7655915.2165272515,2.7678189454427873,3.4454564279912905,1.4238498429290762,0,6058,18650,7611,10000,944,0,0,88.77,0.001859803567119819,0.0001755654567361109,3.7196071342396376e-07,92.36287478363684
31192670,용인시 기흥구 동백동,0,10358932.88908145,56570663.743253,26246756.12429079,9500582.99463674,5.46105128288646,2.533731650289526,0.91713915867247,0,0,0,0,3554,722,0,0,85.17,0.00034308553188355583,6.969829882383999e-05,0.0,91.08807790815155
31192600,상하동,4,5514446.80534509,13533429.876989972,14089812.186148437,4428937.638819827,2.454177246550311,2.5550726452726575,0.8031517566779153,0,5169,15045,4660,4755,630,0,0,85.61,0.000862280509330947,0.00011424536716687625,7.253674105833412e-07,94.18759835149912
31192590,보정동,4,6803372.9756962,23980015.02384776,28996685.006739404,3994176.32408115,3.524724443230139,4.262104269503485,0.5870876605397957,0,8073,20590,7375,14571,2115,0,0,85.86,0.0021417317633519147,0.0003108752096279802,5.879436588708845e-07,91.62608362672658
31193510,풍덕천1동,2,1904963.2366430787,14019715.08949888,15590649.06703156,3691875.699587439,7.359572520782283,8.184225693775257,1.938029894001132,0,6863,23134,6010,9123,2020,0,0,88.05,0.004789068799053905,0.001060387917799944,1.0498890275246969e-06,82.51817189144133
31193520,풍덕천2동,2,1484197.9987261407,13549226.607290717,6124435.140983492,6614310.559948107,9.128988597828432,4.1264273002928045,4.456487992589294,0,10835,26103,5132,7327,1225,0,0,94.68,0.004936672873996097,0.0008253615764494635,1.3475291044072875e-06,82.28809610928947
31193530,신봉동,1,6658876.25306837,22934394.4987424,9422218.82840144,5350540.388951765,3.4441839173951263,1.4149863235646911,0.8035200213378749,0,9036,21748,7131,5147,1056,0,0,87.19,0.0007729532438180638,0.00015858531678101327,1.5017548937595955e-07,94.33730973770231
31193600,죽전1동,1,4432838.89451579,22614217.21876796,13923481.659238052,9222868.611412195,5.101520212418675,3.1409852671307035,2.0805783451373623,0,12940,34597,9619,8086,1156,0,0,91.54,0.0018241132133147405,0.000260780963961395,2.2558906917075693e-07,89.67691617531327
31193550,죽전2동,3,1106248.387983261,9065902.664345345,11253380.894977914,1928150.2984604065,8.195178192189623,10.17256252503411,1.742963261601229,0,3329,12122,3234,6396,1296,0,0,94.38,0.005781703340243839,0.0011715271308561626,2.7118683584633393e-06,79.88929602117504
31193560,동천동,1,16607758.037398234,41925096.672312096,25391809.74419763,6981038.1416552765,2.524428437475,1.5289125532187426,0.4203480160257034,0,10386,27994,7562,13021,1983,0,0,77.73,0.0007840311720986528,0.00011940202859009511,6.021282329303838e-08,95.52631099328056
31193620,상현1동,2,3372867.895562786,15719129.902001323,6974397.508522157,5153885.130560502,4.660464147641478,2.067794448071151,1.5280423930450266,0,11303,29610,7996,1791,302,0,0,86.28,0.0005310021191019251,8.95380457670471e-05,5.929671905102457e-07,91.74369901124234
31193580,상현2동,1,1565368.033152674,11859428.352267586,3778929.6729859984,2031544.25062816,7.57612785051099,2.414083840319122,1.297806143732602,0,7796,19886,6459,3610,891,0,0,97.47,0.00230616693552017,0.0005691952187114879,6.38827405961266e-07,88.71198216543729
31193590,성복동,1,4973966.2436023075,21098014.34426722,6478744.962362984,3039234.021724614,4.241688284757508,1.3025309471482998,0.6110282766059751,0,10630,26859,10720,7196,1279,0,0,93.87,0.0014467327777387482,0.0002571388580778014,2.0104680068631853e-07,93.84475249148822
31200110,문산읍,3,47799684.03299502,0.0,0.0,0.0,0.0,0.0,0.0,0,10144,28277,10358,13393,2493,0,0,74.29,0.0002801901366283576,5.215515647087997e-05,6.27619211442599e-08,100.0
31200120,파주읍,2,32119020.85675943,4796134.642930316,6780711.518183416,550809.5051117741,0.1493238123390979,0.2111120245048323,0.0171490129655013,0,1371,7166,4679,8214,1129,0,0,14.91,0.00025573631390039125,3.5150511126557305e-05,6.226839880701028e-08,99.62241515019056
31200130,법원읍,0,71569150.41941084,25221925.20398296,23275863.168398265,2323656.2814105134,0.3524133660407728,0.3252220130041593,0.0324672888778668,0,1246,5967,3911,6097,993,0,0,13.29,8.519033639870528e-05,1.3874693134970369e-05,0.0,99.2898973320772
31200150,조리읍,0,27396206.715742268,48742705.75061372,47363628.231466435,10415664.528016992,1.7791771779341057,1.728838912733513,0.3801863752923136,0,4886,17731,7903,12731,2417,0,0,63.16,0.0004646993699562039,8.822389263876717e-05,0.0,96.11179753404006
31200310,월롱면,1,27158558.263631433,200678.79633688103,983405.2291094142,90974.43520144447,0.0073891549908087,0.0362097729770255,0.0033497520125459,0,500,7055,1992,29970,1476,0,0,0.0,0.0011035195502304108,5.434750938071693e-05,3.6820805813493854e-08,99.95305132001963
31200320,탄현면,0,61697503.60622701,0.0,0.0,0.0,0.0,0.0,0.0,0,1840,7912,3829,16092,2521,0,0,22.77,0.00026082092563585116,4.086064836738632e-05,0.0,100.0
31200350,광탄면,0,65677077.74454588,59473671.30328706,56240259.35046844,14649376.814577328,0.9055468566158308,0.8563148861345142,0.223051593001089,0,1226,6260,4151,13655,2177,0,0,8.21,0.0002079111992940626,3.314702899034597e-05,0.0,98.01508666424857
31200360,파평면,0,42091800.54973947,0.0,0.0,0.0,0.0,0.0,0.0,0,340,1853,1753,1987,369,0,0,0.93,4.720634361201796e-05,8.76655299085789e-06,0.0,100.0
31200370,적성면,0,88939658.54823273,377177.54844894866,88295.24936361538,130017.66509252538,0.0042408252359593,0.0009927545349832,0.0014618637761243,0,1126,3952,2489,2893,685,0,0,6.26,3.252767153845971e-05,7.701851021031766e-06,0.0,99.99330455645293
31200390,파주시 군내면,1,144426763.16790932,0.0,0.0,0.0,0.0,0.0,0.0,0,0,0,0,198,38,0,0,0.0,1.3709370455792404e-06,2.631091299596522e-07,6.9239244726224265e-09,100.0
31200390,장단면,1,144426763.16790932,0.0,0.0,0.0,0.0,0.0,0.0,0,0,0,0,198,38,0,0,0.0,1.3709370455792404e-06,2.631091299596522e-07,6.9239244726224265e-09,100.0
31200390,파주시 진동면,1,144426763.16790932,0.0,0.0,0.0,0.0,0.0,0.0,0,0,0,0,198,38,0,0,0.0,1.3709370455792404e-06,2.631091299596522e-07,6.9239244726224265e-09,100.0
31200390,파주시 진서면,1,144426763.16790932,0.0,0.0,0.0,0.0,0.0,0.0,0,0,0,0,198,38,0,0,0.0,1.3709370455792404e-06,2.631091299596522e-07,6.9239244726224265e-09,100.0
31200530,금촌1동,1,4507337.554079176,0.0,0.0,0.0,0.0,0.0,0.0,0,2872,14112,5596,12878,2968,0,0,44.09,0.002857119052092457,0.0006584818563915525,2.2186046374378454e-07,100.0
31200520,금촌2동,1,2756472.00054026,98159.02970728764,15670.6713454886,236769.1898167645,0.0356103851909429,0.0056850464443017,0.0858957354801204,0,8246,20612,5138,7907,1359,0,0,97.05,0.0028685217910508673,0.0004930215143591917,3.6278257127240006e-07,99.87280883288463
31200540,금촌3동,1,16959650.093190353,0.0,0.0,0.0,0.0,0.0,0.0,0,5422,16763,5421,5450,1037,0,0,79.8,0.0003213509695099826,6.114512942786274e-05,5.8963480644033505e-08,100.0
31200550,교하동,1,36931341.640256986,0.0,0.0,0.0,0.0,0.0,0.0,0,9842,24571,6827,31733,4358,0,0,70.75,0.0008592430870532164,0.00011800275339167167,2.707727246252218e-08,100.0
31200560,운정1동,3,9692443.526183516,10687355.468248012,13035034.35812132,2254062.6156845363,1.1026482062419871,1.3448656495039677,0.2325587566845584,0,11305,27348,6474,11629,2479,0,0,94.72,0.0011998006455826132,0.00025576625680619983,3.095194717299716e-07,97.31992738756949
31200570,운정2동,0,3187423.0586534487,36824.2305171943,0.0,0.0,0.0115529786412322,0.0,0.0,0,16128,36958,7218,6001,1434,0,0,97.4,0.0018827121124349087,0.0004498932126698316,0.0,99.98844702135877
31200580,운정3동,2,5861651.273156567,29078587.857610382,17524754.9766513,3754168.398475015,4.960818462670372,2.9897300538682536,0.6404625972321537,0,17400,44962,10176,9135,1745,0,0,65.64,0.0015584345731753356,0.0002976976825605868,3.412007823043975e-07,91.40898888622922
31210110,장호원읍,0,60421749.99044691,83824491.83538775,35379397.83933354,20827729.08615224,1.3873231385823974,0.5855407671066671,0.3447058234732567,0,2516,7873,4500,4204,1152,0,0,34.82,6.957759417203217e-05,1.9065982037626326e-05,0.0,97.68243027083768
31210120,부발읍,1,41927821.03279995,78592797.6049169,52498772.99547374,16648546.218972811,1.8744784648702373,1.252122616970822,0.3970763519036376,0,8329,22151,5531,39543,2027,1,0,62.31,0.0009431207972638563,4.8344987887965926e-05,2.3850512031556943e-08,96.4763225662553
31210310,신둔면,1,36431345.06992825,59757615.52472251,40927418.91826483,9239221.419421395,1.6402802424675944,1.1234122385464105,0.2536063766431666,0,2077,7857,3341,6325,1121,0,0,19.06,0.00017361423213602803,3.077020620149999e-05,2.7448890456289017e-08,96.98270114234283
31210320,백사면,0,32531668.952170357,53846906.768022195,25309097.32041541,7165868.759555129,1.6552150105545012,0.7779833662277235,0.2202736284477362,0,1672,6339,3032,4508,658,0,0,24.73,0.00013857266304493924,2.0226444605938335e-05,0.0,97.34652799477004
31210330,호법면,0,37936513.73536746,37315750.545201786,49970132.17113529,12579711.204420868,0.9836367887018844,1.3172041194852633,0.3315990312703155,0,644,3155,1895,7392,873,0,0,13.23,0.00019485185306067373,2.301213037364288e-05,0.0,97.36756006054253
31210340,마장면,0,51444305.15880255,56493251.53885481,91718028.03749268,13837314.314421965,1.0981439318592554,1.782860663670544,0.2689766004557316,0,2361,7497,2657,16707,1427,0,0,30.78,0.00032475897863571486,2.7738736009646565e-05,0.0,96.85001880401447
31210350,대월면,0,31383807.128271397,45723879.40133142,31088826.88351298,7465886.722151775,1.4569258348564758,0.9906008775942072,0.2378897719973017,0,2597,9043,2755,5673,721,0,0,49.11,0.00018076200815317266,2.297363086170236e-05,0.0,97.31458351555202
31210360,모가면,0,41067977.05867023,44365513.4368345,34042386.0451304,9032995.366024954,1.0802945899539529,0.8289277554747101,0.2199522843095072,0,427,2216,1839,4195,456,0,0,0.0,0.00010214771460512771,1.1103541802130687e-05,0.0,97.87082537026183
31210370,설성면,0,51753283.86745597,48325616.96650996,24944788.00252701,14148309.212018223,0.933769093576274,0.4819943033259972,0.2733799317595595,0,460,2328,2098,2092,335,0,0,6.47,4.0422555704047e-05,6.473019197349783e-06,0.0,98.31085667133817
31210380,율면,0,36770354.881481096,33332492.72536855,14982683.913377345,6065086.187351725,0.9065045151945492,0.407466394101167,0.1649450000387765,0,208,1102,1411,873,158,0,0,0.0,2.3741951983156888e-05,4.2969397632746714e-06,0.0,98.52108409066551
31210510,창전동,0,1133956.134643103,22474583.13066477,20783792.318757538,2500796.0465381416,19.81962303836235,18.328568172788223,2.205372827164282,0,2691,10912,3862,8331,2275,0,0,33.46,0.0073468450369542715,0.002006250445213176,0.0,59.64643596168514
31210540,증포동,0,8929579.49987252,30713636.5159507,20818960.55260509,12970886.346593931,3.4395389521297357,2.3314603507256195,1.452575269281057,0,15242,33057,5306,8462,1658,0,0,87.35,0.000947637008003717,0.0001856750365481166,0.0,92.77642542786359
31210520,중리동,1,22011566.870611835,35898186.409940824,30334093.935746018,8162565.888224592,1.630878284174733,1.378097893441915,0.3708307516773205,0,1985,9470,3091,11133,1834,0,0,31.96,0.0005057795324356883,8.33198295596023e-05,4.543065951995764e-08,96.62019307070604
31210530,관고동,0,7757836.099715008,15648418.083048636,14027009.719861075,3457542.381092946,2.017111199812986,1.8081085420683705,0.4456838655330656,0,1466,6431,2410,5399,887,0,0,39.62,0.0006959414881414391,0.00011433600666446684,0.0,95.72909639258557
31220110,공도읍,0,31907036.193342377,70340744.810865,53440685.10587022,21241811.54525588,2.20455276336641,1.6748871559879004,0.6657406666209923,0,13941,34840,8742,14926,2637,0,0,79.83,0.00046779650449356794,8.264634747082531e-05,0.0,95.4548194140247
31220310,보개면,0,53011028.09773208,40851041.696840845,40968391.68206666,16985636.637622643,0.7706140243408811,0.7728277143868365,0.3204170386265216,0,515,2674,2327,3949,517,0,0,8.63,7.449393346453888e-05,9.752687668059409e-06,0.0,98.13614122264576
31220320,금광면,0,71388246.01541582,38666647.128219314,18387271.455987334,12846852.366812466,0.5416388451380288,0.2575672114428575,0.1799575291993905,0,1200,3969,2471,1527,327,0,0,49.98,2.1390075891065323e-05,4.5805859963185075e-06,0.0,99.02083641421973
31220330,서운면,0,36334081.27170009,30640117.338514395,23212054.847039465,3880498.733395206,0.8432886223100785,0.6388507438364455,0.1068005188951248,0,264,1672,1520,4792,488,0,0,0.0,0.00013188719329835035,1.3430916178963892e-05,0.0,98.41106011495835
31220340,미양면,0,33575947.09699911,40484208.536297165,49051777.90786195,6664104.553136739,1.205750307484714,1.460920157103953,0.1984785279141791,0,530,2879,2273,11475,816,0,0,20.92,0.0003417625113253224,2.430311191646737e-05,0.0,97.13485100749715
31220350,대덕면,0,31033049.184960887,46697215.75701794,43724277.41910255,10816739.274905588,1.5047575724414526,1.4089584674229187,0.3485554774342816,0,2643,9785,3059,8337,1166,0,0,52.27,0.0002686490763543003,3.757284671094088e-05,0.0,96.73772848270134
31220360,양성면,0,53118291.48539022,42828929.710523725,40112436.58679243,9370189.828160418,0.8062934351400118,0.7551529890193296,0.1764023195425556,0,433,2539,2251,5696,706,0,0,0.0,0.00010723236460957274,1.3291090135947746e-05,0.0,98.2621512562981
31220380,원곡면,0,38084662.38264991,28900181.427270725,51210319.503256455,3840596.980044233,0.7588404260198108,1.344644176932133,0.100843666183946,0,773,3693,1627,10294,1140,0,0,38.16,0.0002702925365746946,2.993330985964172e-05,0.0,97.79567173086411
31220390,일죽면,0,55412334.599525385,61947964.17667641,72353050.66189957,10011607.034001589,1.117945392923528,1.3057210309727554,0.1806747018756242,0,771,3670,3191,4749,812,0,0,15.21,8.570294022659386e-05,1.465377710338897e-05,0.0,97.39565887422809
31220400,죽산면,0,57191281.01059364,49235657.31097762,35805056.95632915,11140145.198033432,0.8608944657465816,0.6260579641448654,0.1947874746147044,0,676,3555,2670,4996,783,0,0,15.33,8.735597300353718e-05,1.3690898090826585e-05,0.0,98.31826009549386
31220410,삼죽면,0,39199112.81029733,32378930.061307173,24188007.53046272,9850450.514915967,0.8260118084305585,0.6170549738592221,0.2512926902857945,0,354,1728,1498,2695,385,0,0,0.0,6.875155601203696e-05,9.821650858862422e-06,0.0,98.30564052742443
31220420,고삼면,0,27751075.68435294,16680458.95009984,13526132.702233735,3431936.3574314737,0.6010743201390527,0.48740931184373,0.1236685884348088,0,138,900,882,1723,191,0,0,0.0,6.208768336035596e-05,6.8826160892791585e-06,0.0,98.7878477795824
31220510,안성1동,0,6531805.811059074,27386693.37175627,18347281.803775173,6774491.927979868,4.192821122359081,2.808914155517481,1.0371545211141917,0,1905,7230,3546,5708,1121,0,0,45.25,0.000873877785883803,0.00017162175858019326,0.0,91.96111020100925
31220520,안성2동,0,10121451.683984298,26912484.32386592,29083913.024618898,8372997.294185652,2.6589549764339586,2.8734922551317306,0.8272526071961281,0,4674,13454,4041,9152,1999,0,0,79.06,0.0009042181186788299,0.00019750131329097258,0.0,93.64030016123819
31220530,안성3동,0,8237833.871643173,23633386.39295783,22777129.76544701,6007602.722384975,2.8688835877487486,2.7649416242602296,0.7292697104592932,0,4388,13244,4270,9555,1460,0,0,73.95,0.0011598922907245395,0.0001772310564581714,0.0,93.63690507753174
31230110,통진읍,0,29391739.486798048,0.0,0.0,0.0,0.0,0.0,0.0,0,4189,15631,6817,20008,3670,0,0,46.79,0.0006807354838246383,0.00012486501527571084,0.0,100.0
31230120,고촌읍,1,24931944.629722975,31554363.475075968,58582761.70470864,16742247.949050888,1.2656198280441382,2.3497068750452925,0.6715179340279529,0,5340,15518,6207,13224,2471,0,0,72.87,0.000530403873279484,9.910979816043595e-05,4.01091858196827e-08,95.71315536288262
31230130,양촌읍,1,36346070.76273342,16654661.93627956,25547415.634123027,6682038.922309784,0.4582245504610645,0.702893465455899,0.1838448773714779,0,4325,14995,6696,30970,4734,0,0,60.68,0.0008520866038632663,0.00013024791678039078,2.751329040565923e-08,98.65503710671156
31230340,대곶면,0,43210782.23574104,28680439.2609444,22419568.724596873,7835423.237863853,0.6637333965507775,0.5188420011071431,0.1813302799083077,0,918,5441,3441,29134,4871,0,0,0.0,0.0006742298679308698,0.0001127264943602412,0.0,98.63609432243378
31230350,월곶면,0,51950885.217376225,0.0,0.0,0.0,0.0,0.0,0.0,0,423,2800,2336,9780,1279,0,0,0.0,0.0001882547325050577,2.4619407246827077e-05,0.0,100.0
31230360,하성면,0,56226262.849546544,0.0,0.0,0.0,0.0,0.0,0.0,0,756,4236,3228,10364,1912,0,0,0.34,0.0001843266735996796,3.400546120441793e-05,0.0,100.0
31230610,김포시 김포1동,0,11751214.622364266,33434256.71861845,35517817.93644647,11192883.647492455,2.8451745451902655,3.022480575654785,0.9524873817035708,0,10031,31005,10075,11399,2654,0,0,85.48,0.0009700273857900909,0.00022584899393691564,0.0,93.17985749745138
31230620,김포시 김포2동,0,2528918.42993254,9477434.403381728,4612349.340043771,2803086.062876718,3.747623605097671,1.8238426694398395,1.1084129996836205,0,10470,22077,5119,6454,1261,0,0,98.15,0.002552079151143931,0.0004986321365962964,0.0,93.32012072577886
31230530,사우동,2,3294231.3390382547,19726304.62328528,21101936.520372342,4455597.432887178,5.988135802582808,6.405723930285061,1.3525453965804302,0,4001,14585,4576,10775,2083,0,0,65.95,0.003270869253254398,0.0006323174621372539,6.071219031562687e-07,86.2535948705517
31230540,풍무동,1,4423828.458886347,21188969.14305431,18710861.31775158,6875590.194287799,4.78973570968627,4.229563033839211,1.5542171804778022,0,14502,37044,9966,9535,2039,0,0,92.8,0.002155372905752043,0.0004609129894943278,2.26048548059994e-07,89.42648407599671
31230560,장기동,2,3688192.728419128,17284344.616739985,15528929.44754982,3719222.877720108,4.686399515826979,4.2104441364716845,1.008413375218133,0,11382,24762,5450,6320,1439,0,0,93.57,0.0017135763950957652,0.0003901639924909504,5.422710111062548e-07,90.0947429724832
31230630,구래동,3,5151734.775117444,21642084.891645145,14301794.864634303,4987691.791752393,4.200931499069995,2.776112414348479,0.968157719578778,0,10016,25037,4218,7355,1795,0,0,92.66,0.0014276744283323577,0.00034842632207431436,5.823281148874334e-07,92.05479836700275
31230600,운양동,1,7932758.967544997,8132017.296984741,5410918.998639347,1526725.3552464803,1.025118414697202,0.6820979965201059,0.1924583063083998,0,13041,30094,6042,6869,1484,0,0,80.31,0.0008659030266889775,0.00018707236739065987,1.2605954675920476e-07,98.10032528247429
31240120,봉담읍,0,42759959.70879833,54539418.925762,70683329.20241752,28903760.237939104,1.2754787258262996,1.6530260945936686,0.6759538698066603,0,18275,47715,12002,28761,5287,0,0,82.23,0.0006726152268584899,0.00012364370864715538,0.0,96.39554130977338
31240130,우정읍,0,91273926.43156806,79222160.7040461,46496973.32030767,84139334.92955525,0.8679604767900757,0.5094222976719253,0.9218331917893122,0,2512,9829,5090,27369,1866,0,0,23.26,0.0002998556221914777,2.0443954510917365e-05,0.0,97.70078403374869
31240140,향남읍,0,49966088.56104591,89058712.73692328,71404229.38772817,19825947.57538399,1.7823831182646224,1.429053813177517,0.3967880645922825,0,20777,52389,9946,43294,6480,0,0,78.48,0.0008664676633052241,0.00012968795810546155,0.0,96.39177500396558
31240150,남양읍,0,74344481.71977885,77588300.10759537,64538595.38107593,74756900.40070736,1.0436322684990018,0.8681020283971644,1.0055474013859296,0,7519,24688,6960,38166,3856,0,0,64.4,0.0005133669522890905,5.1866660588658306e-05,0.0,97.0827183017179
31240310,매송면,2,27488618.784987677,22025900.20754151,20846212.113129072,6366627.912185582,0.8012734426500354,0.758357932647885,0.2316095967565522,0,891,4155,2339,2493,629,0,0,28.78,9.069207949293516e-05,2.288219735301092e-05,7.275738427030498e-08,98.20875902794553
31240330,비봉면,0,38708786.88427781,31525930.263278585,21785519.968176745,11222889.551880552,0.8144386016933881,0.5628055467949908,0.289931316768775,0,590,3093,2166,7929,1232,0,0,16.27,0.00020483721238028364,3.182739887154868e-05,0.0,98.33282453474284
31240350,마도면,0,32194627.280707043,36870483.50490928,29742681.724414337,9441612.034415172,1.1452371597109403,0.9238399148120574,0.2932666979522125,0,709,3915,2192,17528,1981,0,0,3.95,0.0005444386682028273,6.15320060309106e-05,0.0,97.63765622752479
31240360,송산면,0,111747099.27958553,67811616.80312747,40234949.29874793,51429705.69110242,0.6068311145461259,0.3600536350217211,0.4602330263842279,0,1323,5606,4019,7067,1532,0,0,60.94,6.324101516333856e-05,1.3709528120876563e-05,0.0,98.57288222404793
31240370,서신면,0,47534348.43311581,46387992.01862949,37253258.40698305,22821653.33041527,0.9758836199027884,0.7837124023988888,0.4801086810420248,0,513,3599,2979,7429,1408,0,0,0.0,0.00015628698498837247,2.962068580746109e-05,0.0,97.7602952966563
31240380,팔탄면,0,50883744.05840203,43191802.97402237,56415672.35782054,9767536.998477854,0.8488330364300394,1.1087170058293905,0.1919579067779902,0,813,5924,3145,36388,5166,0,0,11.38,0.0007151203330916131,0.00010152554800349767,0.0,97.85049205096259
31240390,장안면,0,68045875.90997118,63401418.36328487,48080794.633808784,23520613.64448983,0.931745201533871,0.7065938088213104,0.3456581803077828,0,1091,5505,3669,22025,2636,0,0,9.92,0.0003236786903755516,3.8738571070599494e-05,0.0,98.01600280933704
31240420,양감면,0,31042737.174984105,28177919.91586736,38872829.40615265,5651665.001303527,0.9077137675402744,1.2522358832931282,0.1820607818648782,0,289,2275,1494,15935,1734,0,0,1.97,0.0005133245792782777,5.585847633941221e-05,0.0,97.65798956730171
31240430,정남면,0,40612366.71149052,49639304.962349534,48500392.80609607,11038849.103765436,1.222270677180333,1.194227195638263,0.2718100420540672,0,1284,6596,3448,29325,4687,0,0,21.49,0.0007220706985218818,0.00011540819655488697,0.0,97.31169208512733
31240700,화성시 동탄면,0,30768276.52446765,37030686.64595331,56100264.14090239,8054512.799815788,1.2035346411589107,1.8233151309690732,0.2617797845586395,0,7093,19385,2170,22543,2134,0,0,91.52,0.0007326702222682494,6.935715097016566e-05,0.0,96.71137044331337
31240520,진안동,2,6982087.673292674,24306043.553999048,27111963.42992064,7569820.832873609,3.481199992227624,3.8830740458369153,1.084177281506946,0,8804,29305,5180,15508,3143,0,0,76.93,0.0022211121838669767,0.00045015189540198013,2.864472767432263e-07,91.55154868042851
31240530,병점1동,1,1510402.7468653468,10544809.486487191,6632241.446156807,2528776.043391991,6.981455448470042,4.391041700580326,1.6742395686449534,0,6209,18312,3750,5294,1236,0,0,79.38,0.003505025405278154,0.0008183247829474497,6.620750671095871e-07,86.95326328230468
31240540,병점2동,0,995095.6259670424,6938761.864123698,4263108.139722878,3678309.522505745,6.972959867430379,4.284119062004672,3.6964382382156815,0,6813,14844,2965,4189,912,0,0,97.69,0.004209645676903662,0.0009164948334533635,0.0,85.04648283234927
31240550,반월동,1,3967704.527482923,10661233.996136248,20509930.898724925,3640970.1912778593,2.687003006975331,5.169218311660986,0.9176515453855276,0,8425,20076,3141,56867,1689,0,0,96.97,0.014332468460279375,0.00042568694021861297,2.5203489651782887e-07,91.22612713597816
31240560,기배동,0,4245985.61697042,11315990.817440962,9693701.892293427,3025389.0309257577,2.665103426684499,2.283027491555669,0.7125292697256997,0,3470,8256,2153,5462,907,0,0,84.89,0.0012863915455004209,0.0002136135356588945,0.0,94.33933981203413
31240570,화산동,0,11598504.046685126,27006464.362382565,26735021.8755958,6579762.242605354,2.3284437590984903,2.3050405266045253,0.5672940420696635,0,4378,14547,4630,10497,1555,0,0,64.32,0.0009050305071877792,0.0001340690138779648,0.0,94.79922167222732
31240610,동탄1동,0,4856516.49437475,11354554.820473252,25682671.311441515,8533995.093598144,2.3380039651106115,5.288290761740328,1.75722559647084,0,13742,33208,3451,31469,4132,0,0,76.11,0.006479747373736999,0.0008508156010131011,0.0,90.61647967667822
31240600,동탄2동,0,2384234.5617707144,14610566.988209557,5760109.913317269,4794910.088228726,6.127990602299899,2.4159157851647666,2.011089917540521,0,11185,21384,3191,5115,932,0,0,84.94,0.002145342610997031,0.0003909011365492147,0.0,89.44500369499481
31240620,동탄3동,1,1867731.413527176,10582646.24934372,8372017.030297603,3961185.4213363375,5.666042864995557,4.48245233209801,2.1208538832977664,0,11751,26739,3408,8240,1349,0,0,76.92,0.004411769240629088,0.0007222665904864854,5.354088884258602e-07,87.73065091960866
31240640,동탄4동,0,15634152.69606172,25898665.62075469,28714422.172083247,10441630.92235751,1.6565442415871137,1.8366471615258355,0.6678731572698393,0,18512,32338,2840,5249,1045,0,0,96.45,0.0003357393331151792,6.68408464670151e-05,0.0,95.83893543961722
31250110,오포읍,1,46776670.83624439,144108880.23930523,130910645.96421768,14296366.159477117,3.0807853073554785,2.798631104434713,0.3056302619210714,0,20014,68721,19292,29842,5815,0,0,31.53,0.0006379675908203128,0.00012431410564372761,2.137817809866339e-08,93.81495332628873
31250120,초월읍,2,55776945.89500146,73389154.0741351,85347552.50566298,15738589.135686615,1.315761429682581,1.5301582246243342,0.2821701490310005,0,8448,26327,8740,25360,4329,0,0,42.07,0.0004546681356081228,7.761271131891024e-05,3.5857108486445016e-08,96.87191019666209
31250140,곤지암읍,1,76152628.51920323,64930531.206107005,83948967.7701131,14598198.817035217,0.8526367699800884,1.102377808914946,0.191696584883528,0,3402,13875,5622,19986,3090,0,0,35.57,0.00026244662053861415,4.057640635766625e-05,1.3131523093095874e-08,97.85328883622144
31250340,도척면,0,52128742.93137072,44420011.71120681,72037133.13280155,7215421.528439573,0.852121290737574,1.381908119818675,0.1384154138905464,0,1153,5101,2865,11480,1759,0,0,11.11,0.00022022399456498717,3.374338035190003e-05,0.0,97.6275551755532
31250350,퇴촌면,0,60218497.92393492,57950472.06100827,18374902.128637698,6133549.778996711,0.9623367247420964,0.3051371715024839,0.1018549115380512,0,2231,7417,4743,2355,732,0,0,0.0,3.9107584566030364e-05,1.2155733291861668e-05,0.0,98.63067119221736
31250360,남종면,1,48341779.07163794,15238379.503800835,3466470.2964599263,1421241.2643723392,0.3152217356589007,0.0717075449648418,0.0293998543633695,0,117,640,747,388,98,0,0,0.0,8.026183716262087e-06,2.0272319695713518e-06,2.0686040505830117e-08,99.58367086501289
31250380,남한산성면,0,33587833.17142107,13610924.840033555,11295556.4412086,7068620.259111045,0.4052337872040731,0.3362990516107382,0.2104518092320862,0,391,1366,967,1279,322,0,0,0.0,3.807926499670374e-05,9.586804791977017e-06,0.0,99.0480153519531
31250540,경안동,1,6515135.132373233,45454948.288470514,32437049.53338401,8040731.672373111,6.9768235600529875,4.978722447705906,1.234161918210921,0,8342,27303,7870,10928,2524,0,0,51.69,0.0016773251479747194,0.0003874056253191977,1.5348875805039526e-07,86.81029207403019
31250550,송정동,1,21793588.75732413,72143007.47141153,33430478.7035724,10034782.73414151,3.3102858035332323,1.5339593251862882,0.4604465490232369,0,11013,38106,11653,7745,1387,0,0,33.46,0.00035537974430180065,6.364257008994157e-05,4.588505413838614e-08,94.69530832225725
31250580,광주시 광남동,0,28356472.327189147,54878226.60741354,70750473.03645961,6641836.67975313,1.9352980855377568,2.4950378954092134,0.2342264793418859,0,0,0,0,18053,3059,0,0,56.56,0.0006366447769556937,0.00010787660625422184,0.0,95.33543753971114
31260110,백석읍,0,41108469.20294999,45857828.246044226,53669928.75658855,8534226.51491853,1.1155323741112066,1.305568652815151,0.2076026346976234,0,4270,15266,7226,9921,1979,0,0,62.2,0.00024133713058051902,4.8140931500740566e-05,0.0,97.37129633837601
31260310,은현면,0,34576470.83642273,37742577.11046696,48954504.238246985,11661302.92965553,1.0915682311541486,1.4158328786603198,0.3372612255549099,0,547,3373,2301,11329,1750,0,0,6.65,0.00032765055906350043,5.0612452852072176e-05,0.0,97.15533766463062
31260320,남면,0,36438624.182646945,37298724.37930466,35528990.342482276,8504812.14448893,1.023604079900122,0.9750365481527192,0.2334010225484625,0,882,3913,2455,9247,1313,0,0,14.14,0.00025376918606057395,3.603319360847125e-05,0.0,97.7679583493987
31260330,광적면,0,48417051.22427618,34947666.963719726,57478625.64759621,4909182.718569739,0.7218049443332696,1.1871566771248676,0.1013936742208763,0,1672,7024,3579,13328,2258,0,0,34.86,0.0002752749220157923,4.66364626284258e-05,0.0,97.98964470432098
31260340,장흥면,0,63881310.76560409,33541931.30061971,45988576.00944501,17256155.200420618,0.5250664223796712,0.7199065807867996,0.2701283833034924,0,1110,5216,3995,5884,1150,0,0,37.92,9.210831664974583e-05,1.800213530713931e-05,0.0,98.48489861353004
31260510,양주1동,1,23657375.11723606,21583501.66458745,17104022.50018783,3747894.596717418,0.9123371277510136,0.7229890220460827,0.1584239408702115,0,541,2915,2113,4695,866,0,0,29.22,0.0001984581965129926,3.660592080516541e-05,4.227011640319332e-08,98.2062499093327
31260520,양주2동,0,19084782.972793147,29273960.071759023,46936126.06923553,8105968.943829383,1.5338901214381817,2.459348169489098,0.4247346671631046,0,12972,29115,9210,11677,2619,0,0,92.71,0.0006118487182505748,0.00013722975020110092,0.0,95.58202704190961
31260530,회천1동,1,10544542.357231855,16980666.745858315,22679377.026239578,6793198.5122977095,1.6103749381036263,2.1508166270189224,0.6442383445535378,0,1470,6132,2358,6377,1231,0,0,57.93,0.000604767830025393,0.00011674285694860575,9.483578956019963e-08,95.59457009032391
31260540,회천2동,2,11170678.395072106,25106134.482398875,33177492.75866707,4497759.023067411,2.2475031143564506,2.970051735918131,0.4026397380710179,0,4951,16601,5911,8525,1604,0,0,63.31,0.0007631586640031758,0.00014359020493385266,1.7904015577787115e-07,94.3798054116544
31260550,회천3동,1,3567698.4039103044,10776021.912181012,8987966.268439313,4915907.9161736965,3.0204408254829413,2.5192617903431054,1.37789335297673,0,6512,17079,4771,4077,985,0,0,92.95,0.0011427535454006028,0.0002760883596319828,2.80292750895414e-07,93.08240403119723
31260560,회천4동,0,17814533.74866533,14589455.513891904,25453753.109373026,6143488.265774924,0.8189636461849557,1.4288194947162187,0.3448582125386917,0,8819,22652,5363,6246,1400,0,0,95.55,0.0003506126002576097,7.858751846952507e-05,0.0,97.40735864656014
31270110,소흘읍,0,46074496.0069859,66458751.00136755,111372781.78718849,11760522.959338598,1.442419489326393,2.417232773860444,0.2552501704534206,0,8513,27170,9085,19865,4454,0,0,62.18,0.0004311495886354073,9.666953273506691e-05,0.0,95.88509756635975
31270310,군내면,0,36159274.90583915,34854647.58066632,42662612.57011138,6871074.619378804,0.9639199810126128,1.1798525463026373,0.1900224669126104,0,1228,5003,2514,8212,1073,0,0,34.66,0.00022710632393437791,2.967426760613584e-05,0.0,97.66620500577214
31270320,내촌면,0,52660735.22120598,23901736.075777795,36482645.33167875,4708548.841011255,0.4538815490398393,0.692786478928375,0.0894128959884929,0,361,2529,1772,8279,1402,0,0,1.2,0.00015721390833648203,2.662325153856116e-05,0.0,98.7639190760433
31270330,가산면,0,35747574.29975138,31999606.7493612,71739119.55998452,6249526.4276327435,0.8951546329000498,2.006824825607355,0.1748237901466844,0,681,4413,2681,16278,2821,0,0,0.85,0.0004553595682745013,7.891444539269985e-05,0.0,96.92319675134591
31270340,신북면,0,95574184.99914709,53991601.72392507,46128507.53672074,13850498.180843888,0.5649182540704574,0.4826460988093426,0.1449188207146887,0,1790,7069,3734,7923,1041,0,0,34.82,8.289895435749598e-05,1.0892062537694473e-05,0.0,98.80751682640552
31270350,창수면,0,71451601.13740869,18349260.866176143,22467344.847231697,9539887.96057135,0.2568068535075743,0.3144414469316749,0.1335153839621477,0,154,961,1088,1473,199,0,0,2.87,2.0615353281825907e-05,2.7851020387531264e-06,0.0,99.2952363155986
31270360,영중면,0,61127861.02468781,37303849.70598471,34632867.75412041,9406048.075738482,0.6102593658711327,0.5665643648177575,0.1538749748161423,0,504,2373,2069,3422,571,0,0,1.63,5.5981019826906614e-05,9.341076072812296e-06,0.0,98.66930129449497
31270370,일동면,0,83219570.7492473,62316897.239934735,35327561.80411104,12996277.89635482,0.7488250261192122,0.4245102622622043,0.1561685283803554,0,1278,4711,3501,3486,924,0,0,12.0,4.188918506325162e-05,1.1103157486645007e-05,0.0,98.67049618323823
31270380,이동면,0,112694214.1778765,37454621.53911576,28611414.354621228,10619369.141760698,0.3323562066815373,0.2538853885565144,0.0942317156140695,0,926,3184,1993,1925,511,0,0,19.5,1.708162228241292e-05,4.534394278604157e-06,0.0,99.31952668914788
31270390,영북면,0,81783769.88924664,47581794.26935747,35452886.251230456,7721984.463507444,0.5817999626795607,0.4334953781079244,0.0944195220392105,0,1143,4325,3139,2723,853,0,0,21.72,3.3295114711478976e-05,1.0429942287510673e-05,0.0,98.89028513717331
31270400,관인면,0,70004903.25559357,27353854.237248924,18449702.66710585,6548738.826243626,0.3907419761352685,0.2635487202909843,0.0935468591726161,0,224,1213,1398,648,183,0,0,1.51,9.25649447202301e-06,2.6141026055250166e-06,0.0,99.25216244440114
31270410,화현면,0,43455300.94997643,20741157.74928309,19544710.837484095,5424224.892558885,0.4772986792372989,0.4497658607860751,0.1248230888747723,0,372,1388,998,2391,290,0,0,21.37,5.5022055945530085e-05,6.673524142285122e-06,0.0,98.94811237110186
31270510,포천동,0,11332308.01571159,33561502.4690172,27433169.787707012,6816861.235799521,2.961576972889028,2.4207928119913884,0.601542177140644,0,3261,10826,4387,7657,1751,0,0,42.71,0.0006756787751777709,0.00015451397875620697,0.0,94.01608803797895
31270520,선단동,0,23872168.08500635,28868821.92592731,44242381.04697552,10104857.33586886,1.2093087575090955,1.853303851138821,0.423290306095638,0,2038,8986,3396,11639,1733,0,0,8.62,0.00048755521319009804,7.259499823510954e-05,0.0,96.51409708525645
31280110,가남읍,0,75084134.9240513,86446266.12948352,55381054.54427936,14262080.089003256,1.1513253261414702,0.737586636648316,0.1899479843968311,0,2432,8615,4484,8665,1162,0,0,38.76,0.00011540387338501828,1.5475972403161136e-05,0.0,97.92114005281339
31280310,점동면,0,71684320.30807908,48244211.88002208,19207921.78251488,9822979.05981586,0.6730092671965362,0.2679515087813434,0.1370310692435871,0,474,2089,2044,2593,357,0,0,0.0,3.6172484984940254e-05,4.980168584505851e-06,0.0,98.92200815477854
31280330,흥천면,0,44058936.829339825,48018089.967713214,25034823.8839244,8162558.582264174,1.089860387546549,0.5682121650119608,0.1852645381317632,0,478,2346,2212,1347,296,0,0,0.0,3.057268506539852e-05,6.718273778290988e-06,0.0,98.15666290930973
31280340,금사면,0,41666524.29606764,29186928.182320785,11005068.620603234,4083877.73877541,0.7004886698714958,0.2641225493733313,0.0980134006320473,0,236,1327,1408,697,203,0,0,0.0,1.6728057158000422e-05,4.8720166471651156e-06,0.0,98.93737538012313
31280390,여주시 능서면,0,52933667.48191298,55820017.63004085,31204722.478672393,54569761.13765192,1.0545276812553015,0.5895061491693316,1.030908375209369,0,0,0,0,2508,384,0,0,3.19,4.7380053552051543e-05,7.25436226634282e-06,0.0,97.325057794366
31280360,대신면,0,75751818.46525638,67394217.87877993,38527691.64589174,37327530.17172336,0.8896712876891574,0.5086041817406997,0.4927608462474555,0,714,3255,3207,1745,404,0,0,3.08,2.303575063085931e-05,5.333205303648803e-06,0.0,98.10896368432269
31280370,북내면,0,65595505.67386849,47503558.78022469,18780567.325655416,14551656.710710784,0.7241892305306039,0.2863087513804638,0.2218392336673117,0,546,2376,2031,2369,321,0,0,0.0,3.611527917442956e-05,4.893627950608649e-06,0.0,98.76766278442162
31280380,강천면,0,74215231.08394997,40163863.609577656,11381663.858096048,31352854.07430424,0.5411808738309464,0.1533602158460096,0.4224584848201694,0,400,2013,1724,1943,239,0,0,0.0,2.618060971610904e-05,3.2203632126351316e-06,0.0,98.88300042550287
31280350,산북면,0,32597466.84717549,25487439.794298004,9165782.583259184,3975763.357253934,0.7818840621508737,0.2811808238422484,0.1219654084132745,0,286,1170,1130,901,186,0,0,0.0,2.7640184564764537e-05,5.705964849107884e-06,0.0,98.8149697055936
31280510,여흥동,1,38700475.81773424,66597124.04611497,48815476.69735585,14109465.46706186,1.7208347607859973,1.2613663182659496,0.3645811884461712,0,3814,13008,5256,12386,2315,0,0,46.19,0.00032004774458925376,5.981838597804961e-05,2.5839475584470673e-08,96.65321773250189
31280520,중앙동,17,17769836.58037476,33091078.48948305,36568576.08688242,15790030.80145115,1.8622049977673556,2.057901653821017,0.8885861572238581,0,3833,10967,3858,7723,1655,0,4,51.9,0.0004346128882538536,9.313535284994532e-05,9.566773404526104e-07,95.19130719118778
31280530,오학동,0,16812255.61051394,30528515.33974159,21168977.55032527,6550102.840911265,1.815848869240952,1.2591396443607932,0.3896028583347855,0,3713,10209,2963,3885,1022,0,0,56.02,0.00023108142595501066,6.07889877287055e-05,0.0,96.53540862806346
31350110,연천읍,0,87721770.99344125,4245011.835774197,5475103.590697114,5681077.331526722,0.0483917707964604,0.0624144215135199,0.0647624559694706,0,1233,4282,2521,3232,613,0,0,30.55,3.684376139922301e-05,6.988003012909562e-06,0.0,99.82443135172055
31350120,전곡읍,0,55113426.51886343,21883014.815451372,22320638.70946868,5395068.264673673,0.3970541517312767,0.4049945742681975,0.0978902711270751,0,3632,10488,5061,6836,1848,0,0,44.36,0.00012403511143802739,3.353084931794538e-05,0.0,99.10006100287345
31350310,군남면,0,45523460.997264855,0.0,577493.1441444412,164089.07697657458,0.0,0.0126856159767628,0.0036044947677953,0,315,1490,1523,900,182,0,0,2.31,1.9770025834676238e-05,3.997938557678973e-06,0.0,99.98370988925544
31350320,청산면,0,43664948.74003079,27603991.254911296,27261452.10131682,7409223.308896055,0.632177342500914,0.6243326257778082,0.1696835453307996,0,352,1948,1712,1962,341,0,0,12.3,4.493306545899697e-05,7.809467544096823e-06,0.0,98.57380648639048
31350330,백학면,0,68985443.00602137,0.0,0.0,0.0,0.0,0.0,0.0,0,258,1238,1178,1078,218,0,0,0.0,1.5626485139854083e-05,3.1600869763341285e-06,0.0,100.0
31350340,미산면,0,41453107.531431586,0.0,0.0,0.0,0.0,0.0,0.0,0,116,772,869,375,124,0,0,0.0,9.04636642055286e-06,2.991331829729479e-06,0.0,100.0
31350350,왕징면,0,84932051.29074292,0.0,0.0,0.0,0.0,0.0,0.0,0,79,405,561,204,55,0,0,0.0,2.4019200867012468e-06,6.475764939635715e-07,0.0,100.0
31350360,신서면,0,149605619.70684728,0.0,0.0,210224.28683003777,0.0,0.0,0.0014051897732316,0,197,1235,1421,482,220,0,0,10.8,3.221804106987748e-06,1.4705329948906733e-06,0.0,99.99859481022676
31350370,중면,0,83428424.969106,0.0,0.0,0.0,0.0,0.0,0.0,0,21,109,72,41,15,0,0,0.0,4.914392188894565e-07,1.7979483617906945e-07,0.0,100.0
31350380,장남면,0,35953528.30034178,0.0,0.0,0.0,0.0,0.0,0.0,0,65,323,348,193,38,0,0,0.0,5.3680406103039305e-06,1.0569199129095823e-06,0.0,100.0
31370110,가평읍,1,144997889.77140915,74110194.43020193,42141118.938846506,15459082.016129903,0.5111122275437078,0.2906326361389291,0.1066159103453252,0,3017,10479,6136,9638,2096,0,0,31.09,6.646993287415254e-05,1.445538278732348e-05,6.896652093188683e-09,99.09163922597203
31370310,설악면,0,140914336.17954838,67644214.9692779,34337329.03731146,15143452.879288385,0.4800378499678548,0.2436751998998879,0.1074656652392919,0,1375,4592,3459,5198,1014,0,0,5.74,3.688765913339372e-05,7.195861169923284e-06,0.0,99.16882128489297
31370320,청평면,3,112013999.19042546,50293647.37853468,39695661.79404248,22693326.74875699,0.4489943019803689,0.3543812566370322,0.2025936660843436,0,1757,7403,5001,5589,1453,0,0,30.23,4.989554913130205e-05,1.297159293035997e-05,2.6782366683468624e-08,98.99403077529826
31370330,상면,0,99857425.6204852,44467772.818913065,26097315.5298453,9695851.692562437,0.4453126299081232,0.2613457674047185,0.097096952302898,0,494,2632,2379,2664,630,0,0,1.4,2.6678036044354304e-05,6.308995010489194e-06,0.0,99.19624465038426
31370360,조종면,0,112619096.41471532,45520830.246750824,23394442.197145145,19086086.34898574,0.4042017002083038,0.2077306863748582,0.1694746890767262,0,1443,5105,3170,3084,842,0,0,13.61,2.738434331459222e-05,7.4765295301188875e-06,0.0,99.21859292434011
31370350,북면,0,229667839.92966127,34849539.713655174,15461312.428545056,11379100.378134636,0.151738875257103,0.0673203197856534,0.0495459023850253,0,378,1720,1875,1967,660,0,0,3.13,8.56454260466913e-06,2.873715363030822e-06,0.0,99.73139490257222
31380110,양평읍,3,42300814.91700124,98678698.72571164,49129093.641259775,16513420.397869024,2.332784815595867,1.1614219191203847,0.3903806683221147,0,5732,17109,7699,12993,2592,1,3,38.06,0.0003071572031293155,6.127541526292509e-05,7.092061951727442e-08,96.11541259696163
31380310,강상면,0,37875273.72880264,52165105.37165996,13201309.442630405,3551001.4343345393,1.3772865575883737,0.3485469052225313,0.0937551358641177,0,1827,5339,2875,1870,444,0,0,30.4,4.9372580470024316e-05,1.1722687555449622e-05,0.0,98.18041140132497
31380320,강하면,0,41130162.65789634,51892819.87401981,15112373.430946508,4224046.119574274,1.26167310121389,0.3674280006292456,0.102699475193136,0,413,2159,2060,1083,290,0,0,0.0,2.6331041017456757e-05,7.050786606705872e-06,0.0,98.26819942296373
31380330,양서면,3,59595327.50033295,69792045.39263888,25679989.322425433,8327892.432235726,1.1710992844573085,0.4309060860900875,0.1397406941372912,0,1729,6576,4661,3044,741,0,0,13.19,5.1077829884943296e-05,1.2433860691439875e-05,5.033951696939221e-08,98.25825393531531
31380340,옥천면,1,66268283.32538516,48903318.20003118,17005419.03755839,5470239.404655461,0.7379596353795687,0.2566147511934142,0.0825468705413106,0,1064,3940,2762,1745,469,0,0,2.47,2.6332355576974567e-05,7.077292129284283e-06,1.5090175115744737e-08,98.9228787428857
31380350,서종면,0,92731916.32775109,73833705.40247494,20021156.920986272,9916684.787525458,0.7962059701378064,0.2159036253518543,0.1069392845552333,0,1445,4661,3362,2139,701,0,0,0.0,2.3066491934014407e-05,7.559425360329173e-06,0.0,98.8809511199551
31380360,단월면,0,107606229.15607291,39693640.78284936,11641128.40540712,10716932.772131903,0.3688786522319019,0.1081826628133464,0.0995939812795408,0,387,1764,1773,1078,264,0,0,0.0,1.0018007400262677e-05,2.4533895674112676e-06,0.0,99.42334470367521
31380370,청운면,0,96373398.9395313,38548676.0838565,14440616.710123552,12913874.012848912,0.3999929078774481,0.1498402761449163,0.1339983247965719,0,282,1543,1894,997,278,0,0,0.0,1.034517834766268e-05,2.8846134209129637e-06,0.0,99.31616849118106
31380380,양동면,0,120078338.66148064,55278418.627903,21615178.636739247,14328707.050952995,0.4603529599434365,0.1800089747883319,0.1193279921314354,0,344,1921,2321,991,249,0,0,0.81,8.252945627384964e-06,2.0736462777183208e-06,0.0,99.2403100731368
31380390,지평면,1,77621861.9340839,69831075.02818196,18642842.19389568,13233840.849640025,0.8996315379226817,0.2401751482040857,0.1704911544234553,0,647,2940,3202,1161,291,0,2,0.79,1.4957126395470466e-05,3.7489438252212796e-06,1.2882968471550789e-08,98.68970215944978
31380400,용문면,1,102248843.60855743,91839994.66494185,35335908.65449145,15224927.131870756,0.898200815028636,0.3455873671272905,0.1489007268400691,0,2935,8708,5726,4461,1324,0,3,17.93,4.3628855276620586e-05,1.2948801700570645e-05,9.780061707379643e-09,98.60731109100401
31380410,개군면,1,32258729.86476684,43418943.24058975,16536536.187919516,14979043.23546286,1.3459594789568003,0.5126220485816713,0.4643407628960325,0,573,2360,2141,704,224,0,0,1.79,2.182354987164868e-05,6.943856777342762e-06,3.0999360613137326e-08,97.6770777095655
