<<<<<<< HEAD
[LOG] saving console output to C:\Users\금경훈\Desktop\mobility_foundation\KTxTS_project\src\gravity(경훈)\logs\gravity_linear_regression_mean_20260809_084207.log
Dataset 초기화 완료 (Imputation: mean)
argument='linear_regression'
Start Model Training on years: 2023
Training Model for Origin Generation (O_i) using linear_regression...

Evaluating 2023 / test ...
  [2023/test] 1750개 샘플 병렬 평가 중 (threads=4)...
Starting Iterative Proportional Fitting (IPF)...
Starting Iterative Proportional Fitting (IPF)...Starting Iterative Proportional Fitting (IPF)...Starting Iterative Proportional Fitting (IPF)...


IPF converged at iteration 32
IPF converged at iteration 32
IPF converged at iteration 32
IPF row error: 65.125530, col error: 0.000000
IPF converged at iteration 32
IPF row error: 65.125530, col error: 0.000000
IPF row error: 65.125530, col error: 0.000000
IPF row error: 65.125530, col error: 0.000000
Starting Iterative Proportional Fitting (IPF)...
Starting Iterative Proportional Fitting (IPF)...
Starting Iterative Proportional Fitting (IPF)...
Starting Iterative Proportional Fitting (IPF)...
IPF converged at iteration 32
IPF converged at iteration 32
IPF converged at iteration 32
IPF row error: 65.125530, col error: 0.000000
IPF row error: 65.125530, col error: 0.000000
IPF converged at iteration 32
IPF row error: 65.125530, col error: 0.000000
IPF row error: 65.125530, col error: 0.000000
Starting Iterative Proportional Fitting (IPF)...
Starting Iterative Proportional Fitting (IPF)...
Starting Iterative Proportional Fitting (IPF)...
Starting Iterative Proportional Fitting (IPF)...
IPF converged at iteration 32
IPF converged at iteration 32
IPF converged at iteration 32
IPF row error: 65.125530, col error: 0.000000
IPF converged at iteration 32
IPF row error: 65.125530, col error: 0.000000
IPF row error: 65.125530, col error: 0.000000
IPF row error: 65.125530, col error: 0.000000
Starting Iterative Proportional Fitting (IPF)...
Starting Iterative Proportional Fitting (IPF)...
Starting Iterative Proportional Fitting (IPF)...
Starting Iterative Proportional Fitting (IPF)...
IPF converged at iteration 32
IPF converged at iteration 32
IPF row error: 65.125530, col error: 0.000000
IPF converged at iteration 32
IPF row error: 65.125530, col error: 0.000000
IPF converged at iteration 32
IPF row error: 65.125530, col error: 0.000000
IPF row error: 65.125530, col error: 0.000000
Starting Iterative Proportional Fitting (IPF)...
Starting Iterative Proportional Fitting (IPF)...
Starting Iterative Proportional Fitting (IPF)...
Starting Iterative Proportional Fitting (IPF)...
IPF converged at iteration 32
IPF converged at iteration 32
IPF row error: 65.125530, col error: 0.000000
IPF converged at iteration 32
IPF converged at iteration 32
IPF row error: 65.125530, col error: 0.000000
IPF row error: 65.125530, col error: 0.000000
IPF row error: 65.125530, col error: 0.000000
Starting Iterative Proportional Fitting (IPF)...
Starting Iterative Proportional Fitting (IPF)...
Starting Iterative Proportional Fitting (IPF)...
Starting Iterative Proportional Fitting (IPF)...
IPF converged at iteration 32
IPF converged at iteration 32
IPF converged at iteration 32
IPF row error: 65.125530, col error: 0.000000
IPF row error: 65.125530, col error: 0.000000
IPF converged at iteration 32IPF row error: 65.125530, col error: 0.000000

IPF row error: 65.125530, col error: 0.000000
Starting Iterative Proportional Fitting (IPF)...
Starting Iterative Proportional Fitting (IPF)...
Starting Iterative Proportional Fitting (IPF)...
Starting Iterative Proportional Fitting (IPF)...
IPF converged at iteration 32
IPF converged at iteration 32
IPF row error: 65.125530, col error: 0.000000
IPF converged at iteration 32
IPF converged at iteration 32
IPF row error: 65.125530, col error: 0.000000
IPF row error: 65.125530, col error: 0.000000
IPF row error: 65.125530, col error: 0.000000
Starting Iterative Proportional Fitting (IPF)...
Starting Iterative Proportional Fitting (IPF)...
Starting Iterative Proportional Fitting (IPF)...Starting Iterative Proportional Fitting (IPF)...

IPF converged at iteration 32
IPF converged at iteration 32
IPF row error: 65.125530, col error: 0.000000
IPF row error: 65.125530, col error: 0.000000
IPF converged at iteration 32
  [2023/test] 진행 30/1750 (1.7%) | 누적 CPC 0.7529 | RMSE 305.8863 | %RMSE 4.3746 | 경과 0.3분 | 예상 남음 16.9분
IPF converged at iteration 32
IPF row error: 65.125530, col error: 0.000000
IPF row error: 65.125530, col error: 0.000000
Starting Iterative Proportional Fitting (IPF)...
Starting Iterative Proportional Fitting (IPF)...
Starting Iterative Proportional Fitting (IPF)...
Starting Iterative Proportional Fitting (IPF)...
IPF converged at iteration 32
IPF converged at iteration 32
IPF row error: 65.125530, col error: 0.000000
IPF converged at iteration 32
IPF row error: 65.125530, col error: 0.000000
IPF row error: 65.125530, col error: 0.000000
IPF converged at iteration 32
IPF row error: 65.125530, col error: 0.000000
Starting Iterative Proportional Fitting (IPF)...
Starting Iterative Proportional Fitting (IPF)...
Starting Iterative Proportional Fitting (IPF)...
Starting Iterative Proportional Fitting (IPF)...
IPF converged at iteration 32
IPF converged at iteration 32
IPF row error: 65.125530, col error: 0.000000
IPF row error: 65.125530, col error: 0.000000
IPF converged at iteration 32
IPF row error: 65.125530, col error: 0.000000
IPF converged at iteration 32
IPF row error: 65.125530, col error: 0.000000
Starting Iterative Proportional Fitting (IPF)...
Starting Iterative Proportional Fitting (IPF)...
Starting Iterative Proportional Fitting (IPF)...
Starting Iterative Proportional Fitting (IPF)...
IPF converged at iteration 32
IPF converged at iteration 32
IPF row error: 65.125530, col error: 0.000000
IPF row error: 65.125530, col error: 0.000000
IPF converged at iteration 32
IPF row error: 65.125530, col error: 0.000000
IPF converged at iteration 32
IPF row error: 65.125530, col error: 0.000000
Starting Iterative Proportional Fitting (IPF)...
Starting Iterative Proportional Fitting (IPF)...
Starting Iterative Proportional Fitting (IPF)...
Starting Iterative Proportional Fitting (IPF)...
IPF converged at iteration 32
IPF converged at iteration 32
IPF row error: 65.125530, col error: 0.000000
IPF row error: 65.125530, col error: 0.000000
IPF converged at iteration 32
IPF row error: 65.125530, col error: 0.000000
IPF converged at iteration 32
IPF row error: 65.125530, col error: 0.000000
Starting Iterative Proportional Fitting (IPF)...Starting Iterative Proportional Fitting (IPF)...

Starting Iterative Proportional Fitting (IPF)...
Starting Iterative Proportional Fitting (IPF)...
IPF converged at iteration 32
IPF converged at iteration 32
IPF row error: 65.125530, col error: 0.000000
IPF row error: 65.125530, col error: 0.000000
IPF converged at iteration 32
IPF converged at iteration 32
IPF row error: 64.634785, col error: 0.000000
IPF row error: 64.634785, col error: 0.000000
Starting Iterative Proportional Fitting (IPF)...
Starting Iterative Proportional Fitting (IPF)...
Starting Iterative Proportional Fitting (IPF)...
Starting Iterative Proportional Fitting (IPF)...
IPF converged at iteration 32
IPF converged at iteration 32
IPF row error: 64.634785, col error: 0.000000
IPF row error: 64.634785, col error: 0.000000
IPF converged at iteration 32
IPF row error: 64.634785, col error: 0.000000
IPF converged at iteration 32
IPF row error: 64.634785, col error: 0.000000
Starting Iterative Proportional Fitting (IPF)...
Starting Iterative Proportional Fitting (IPF)...
Starting Iterative Proportional Fitting (IPF)...
Starting Iterative Proportional Fitting (IPF)...
IPF converged at iteration 32
IPF converged at iteration 32
IPF row error: 64.634785, col error: 0.000000
IPF row error: 64.634785, col error: 0.000000
IPF converged at iteration 32
IPF row error: 64.634785, col error: 0.000000
IPF converged at iteration 32
IPF row error: 64.634785, col error: 0.000000
  [2023/test] 진행 60/1750 (3.4%) | 누적 CPC 0.7455 | RMSE 295.9583 | %RMSE 4.3312 | 경과 0.6분 | 예상 남음 16.2분
Starting Iterative Proportional Fitting (IPF)...
Starting Iterative Proportional Fitting (IPF)...
Starting Iterative Proportional Fitting (IPF)...
Starting Iterative Proportional Fitting (IPF)...
IPF converged at iteration 32
IPF converged at iteration 32
IPF row error: 64.634785, col error: 0.000000
IPF row error: 64.634785, col error: 0.000000
IPF converged at iteration 32
IPF row error: 64.634785, col error: 0.000000
IPF converged at iteration 32
IPF row error: 64.634785, col error: 0.000000
Starting Iterative Proportional Fitting (IPF)...
Starting Iterative Proportional Fitting (IPF)...
Starting Iterative Proportional Fitting (IPF)...
Starting Iterative Proportional Fitting (IPF)...
IPF converged at iteration 32
IPF converged at iteration 32
IPF row error: 64.634785, col error: 0.000000
IPF row error: 64.634785, col error: 0.000000
IPF converged at iteration 32
IPF row error: 64.634785, col error: 0.000000
IPF converged at iteration 32
IPF row error: 64.634785, col error: 0.000000
Starting Iterative Proportional Fitting (IPF)...
Starting Iterative Proportional Fitting (IPF)...
Starting Iterative Proportional Fitting (IPF)...
Starting Iterative Proportional Fitting (IPF)...
IPF converged at iteration 32
IPF row error: 64.634785, col error: 0.000000
IPF converged at iteration 32
IPF converged at iteration 32
IPF row error: 64.634785, col error: 0.000000
IPF row error: 64.634785, col error: 0.000000
IPF converged at iteration 32
IPF row error: 64.634785, col error: 0.000000
Starting Iterative Proportional Fitting (IPF)...
Starting Iterative Proportional Fitting (IPF)...
Starting Iterative Proportional Fitting (IPF)...
Starting Iterative Proportional Fitting (IPF)...
IPF converged at iteration 32
IPF row error: 64.634785, col error: 0.000000
IPF converged at iteration 32
IPF converged at iteration 32
IPF row error: 64.634785, col error: 0.000000
IPF converged at iteration 32
IPF row error: 64.634785, col error: 0.000000
IPF row error: 64.634785, col error: 0.000000
Starting Iterative Proportional Fitting (IPF)...
Starting Iterative Proportional Fitting (IPF)...
Starting Iterative Proportional Fitting (IPF)...
Starting Iterative Proportional Fitting (IPF)...
IPF converged at iteration 32
IPF row error: 64.634785, col error: 0.000000
IPF converged at iteration 32
IPF row error: 64.634785, col error: 0.000000
IPF converged at iteration 32
IPF converged at iteration 32
IPF row error: 64.634785, col error: 0.000000
IPF row error: 64.634785, col error: 0.000000
Starting Iterative Proportional Fitting (IPF)...
Starting Iterative Proportional Fitting (IPF)...
Starting Iterative Proportional Fitting (IPF)...
Starting Iterative Proportional Fitting (IPF)...
IPF converged at iteration 32
IPF row error: 64.634785, col error: 0.000000
IPF converged at iteration 32
IPF converged at iteration 32
IPF row error: 64.634785, col error: 0.000000
IPF row error: 64.634785, col error: 0.000000
IPF converged at iteration 32
IPF row error: 64.634785, col error: 0.000000
Starting Iterative Proportional Fitting (IPF)...
Starting Iterative Proportional Fitting (IPF)...
Starting Iterative Proportional Fitting (IPF)...
Starting Iterative Proportional Fitting (IPF)...
IPF converged at iteration 32
IPF row error: 64.634785, col error: 0.000000
IPF converged at iteration 32
IPF converged at iteration 32
IPF row error: 64.634785, col error: 0.000000
IPF row error: 64.634785, col error: 0.000000
IPF converged at iteration 32
IPF row error: 64.634785, col error: 0.000000
Starting Iterative Proportional Fitting (IPF)...
Starting Iterative Proportional Fitting (IPF)...
Starting Iterative Proportional Fitting (IPF)...
Starting Iterative Proportional Fitting (IPF)...
IPF converged at iteration 32
IPF row error: 64.634785, col error: 0.000000
IPF converged at iteration 32
IPF converged at iteration 32
IPF row error: 64.634785, col error: 0.000000
IPF row error: 64.634785, col error: 0.000000
  [2023/test] 진행 90/1750 (5.1%) | 누적 CPC 0.7331 | RMSE 279.4116 | %RMSE 4.2589 | 경과 0.9분 | 예상 남음 17.1분
IPF converged at iteration 32
Starting Iterative Proportional Fitting (IPF)...
IPF row error: 64.634785, col error: 0.000000
Starting Iterative Proportional Fitting (IPF)...
Starting Iterative Proportional Fitting (IPF)...
Starting Iterative Proportional Fitting (IPF)...
IPF converged at iteration 32
IPF row error: 64.634785, col error: 0.000000
IPF converged at iteration 32
IPF converged at iteration 32
IPF row error: 64.634785, col error: 0.000000
IPF row error: 64.634785, col error: 0.000000
IPF converged at iteration 32
IPF row error: 64.634785, col error: 0.000000
Starting Iterative Proportional Fitting (IPF)...
Starting Iterative Proportional Fitting (IPF)...
Starting Iterative Proportional Fitting (IPF)...
Starting Iterative Proportional Fitting (IPF)...
IPF converged at iteration 32
IPF row error: 64.634785, col error: 0.000000
IPF converged at iteration 32IPF converged at iteration 32

IPF row error: 64.634785, col error: 0.000000
IPF row error: 64.634785, col error: 0.000000
Starting Iterative Proportional Fitting (IPF)...
IPF converged at iteration 32
IPF row error: 64.634785, col error: 0.000000
Starting Iterative Proportional Fitting (IPF)...
Starting Iterative Proportional Fitting (IPF)...
Starting Iterative Proportional Fitting (IPF)...
IPF converged at iteration 32
IPF row error: 64.568559, col error: 0.000000
IPF converged at iteration 32
IPF converged at iteration 32
IPF row error: 64.568559, col error: 0.000000
IPF converged at iteration 32IPF row error: 64.568559, col error: 0.000000

Starting Iterative Proportional Fitting (IPF)...
IPF row error: 64.568559, col error: 0.000000
Starting Iterative Proportional Fitting (IPF)...
Starting Iterative Proportional Fitting (IPF)...
Starting Iterative Proportional Fitting (IPF)...
IPF converged at iteration 32
IPF row error: 64.568559, col error: 0.000000
IPF converged at iteration 32
Starting Iterative Proportional Fitting (IPF)...
IPF converged at iteration 32
IPF row error: 64.568559, col error: 0.000000
IPF converged at iteration 32
IPF row error: 64.568559, col error: 0.000000
IPF row error: 64.568559, col error: 0.000000
Starting Iterative Proportional Fitting (IPF)...
Starting Iterative Proportional Fitting (IPF)...
Starting Iterative Proportional Fitting (IPF)...
IPF converged at iteration 32
IPF row error: 64.568559, col error: 0.000000
IPF converged at iteration 32
IPF row error: 64.568559, col error: 0.000000
Starting Iterative Proportional Fitting (IPF)...
IPF converged at iteration 32
IPF converged at iteration 32
IPF row error: 64.568559, col error: 0.000000
IPF row error: 64.568559, col error: 0.000000
Starting Iterative Proportional Fitting (IPF)...
Starting Iterative Proportional Fitting (IPF)...
Starting Iterative Proportional Fitting (IPF)...
IPF converged at iteration 32
IPF row error: 64.568559, col error: 0.000000
IPF converged at iteration 32
IPF row error: 64.568559, col error: 0.000000
Starting Iterative Proportional Fitting (IPF)...
IPF converged at iteration 32
IPF converged at iteration 32
IPF row error: 64.568559, col error: 0.000000
IPF row error: 64.568559, col error: 0.000000
Starting Iterative Proportional Fitting (IPF)...
Starting Iterative Proportional Fitting (IPF)...
Starting Iterative Proportional Fitting (IPF)...
IPF converged at iteration 32
IPF row error: 64.568559, col error: 0.000000
IPF converged at iteration 32
IPF row error: 64.568559, col error: 0.000000
Starting Iterative Proportional Fitting (IPF)...
IPF converged at iteration 32
IPF converged at iteration 32
IPF row error: 64.568559, col error: 0.000000
IPF row error: 64.568559, col error: 0.000000
  [2023/test] 진행 120/1750 (6.9%) | 누적 CPC 0.7208 | RMSE 263.8152 | %RMSE 4.4613 | 경과 1.2분 | 예상 남음 16.8분
Starting Iterative Proportional Fitting (IPF)...
Starting Iterative Proportional Fitting (IPF)...
Starting Iterative Proportional Fitting (IPF)...
IPF converged at iteration 32
IPF row error: 64.568559, col error: 0.000000
IPF converged at iteration 32
IPF row error: 64.568559, col error: 0.000000
Starting Iterative Proportional Fitting (IPF)...
IPF converged at iteration 32
IPF converged at iteration 32
IPF row error: 64.568559, col error: 0.000000
Starting Iterative Proportional Fitting (IPF)...
IPF row error: 64.568559, col error: 0.000000
Starting Iterative Proportional Fitting (IPF)...
Starting Iterative Proportional Fitting (IPF)...
IPF converged at iteration 32
IPF row error: 64.568559, col error: 0.000000
IPF converged at iteration 32
IPF row error: 64.568559, col error: 0.000000
Starting Iterative Proportional Fitting (IPF)...
IPF converged at iteration 32
IPF row error: 64.568559, col error: 0.000000IPF converged at iteration 32

IPF row error: 64.568559, col error: 0.000000
Starting Iterative Proportional Fitting (IPF)...
Starting Iterative Proportional Fitting (IPF)...
Starting Iterative Proportional Fitting (IPF)...
IPF converged at iteration 32
IPF row error: 64.568559, col error: 0.000000
IPF converged at iteration 32
Starting Iterative Proportional Fitting (IPF)...
IPF row error: 64.568559, col error: 0.000000
IPF converged at iteration 32
IPF converged at iteration 32
IPF row error: 64.568559, col error: 0.000000
IPF row error: 64.568559, col error: 0.000000
Starting Iterative Proportional Fitting (IPF)...
Starting Iterative Proportional Fitting (IPF)...
Starting Iterative Proportional Fitting (IPF)...
IPF converged at iteration 32
IPF row error: 64.568559, col error: 0.000000
IPF converged at iteration 32
Starting Iterative Proportional Fitting (IPF)...
IPF row error: 64.568559, col error: 0.000000
IPF converged at iteration 32
IPF converged at iteration 32
IPF row error: 64.568559, col error: 0.000000
IPF row error: 64.568559, col error: 0.000000
Starting Iterative Proportional Fitting (IPF)...
Starting Iterative Proportional Fitting (IPF)...Starting Iterative Proportional Fitting (IPF)...

IPF converged at iteration 32
IPF row error: 64.568559, col error: 0.000000
Starting Iterative Proportional Fitting (IPF)...
IPF converged at iteration 32
IPF row error: 64.568559, col error: 0.000000
IPF converged at iteration 32
IPF converged at iteration 32
Starting Iterative Proportional Fitting (IPF)...
IPF row error: 64.568559, col error: 0.000000
IPF row error: 64.568559, col error: 0.000000
Starting Iterative Proportional Fitting (IPF)...Starting Iterative Proportional Fitting (IPF)...

IPF converged at iteration 32
IPF row error: 64.568559, col error: 0.000000
Starting Iterative Proportional Fitting (IPF)...
IPF converged at iteration 32
IPF row error: 64.568559, col error: 0.000000
Starting Iterative Proportional Fitting (IPF)...IPF converged at iteration 32

IPF converged at iteration 32
IPF row error: 64.568559, col error: 0.000000
IPF row error: 64.568559, col error: 0.000000
Starting Iterative Proportional Fitting (IPF)...Starting Iterative Proportional Fitting (IPF)...

IPF converged at iteration 32
IPF row error: 64.568559, col error: 0.000000
Starting Iterative Proportional Fitting (IPF)...
IPF converged at iteration 32
IPF row error: 64.568559, col error: 0.000000
Starting Iterative Proportional Fitting (IPF)...
IPF converged at iteration 32
IPF converged at iteration 32
IPF row error: 64.568559, col error: 0.000000
IPF row error: 64.568559, col error: 0.000000
Starting Iterative Proportional Fitting (IPF)...
Starting Iterative Proportional Fitting (IPF)...
IPF converged at iteration 32
IPF row error: 64.568559, col error: 0.000000
Starting Iterative Proportional Fitting (IPF)...
IPF converged at iteration 32
IPF row error: 64.568559, col error: 0.000000
  [2023/test] 진행 150/1750 (8.6%) | 누적 CPC 0.7110 | RMSE 251.5281 | %RMSE 4.6781 | 경과 1.6분 | 예상 남음 17.0분
IPF converged at iteration 32
IPF row error: 64.570541, col error: 0.000000
Starting Iterative Proportional Fitting (IPF)...
IPF converged at iteration 32
IPF row error: 64.570541, col error: 0.000000
Starting Iterative Proportional Fitting (IPF)...
Starting Iterative Proportional Fitting (IPF)...
IPF converged at iteration 32
IPF row error: 64.570541, col error: 0.000000
Starting Iterative Proportional Fitting (IPF)...
IPF converged at iteration 32
IPF row error: 64.570541, col error: 0.000000
IPF converged at iteration 32
Starting Iterative Proportional Fitting (IPF)...
IPF row error: 64.570541, col error: 0.000000
IPF converged at iteration 32
IPF row error: 64.570541, col error: 0.000000
Starting Iterative Proportional Fitting (IPF)...
Starting Iterative Proportional Fitting (IPF)...
IPF converged at iteration 32
IPF row error: 64.570541, col error: 0.000000
Starting Iterative Proportional Fitting (IPF)...
IPF converged at iteration 32
IPF row error: 64.570541, col error: 0.000000
IPF converged at iteration 32
IPF converged at iteration 32
IPF row error: 64.570541, col error: 0.000000
Starting Iterative Proportional Fitting (IPF)...IPF row error: 64.570541, col error: 0.000000

Starting Iterative Proportional Fitting (IPF)...
Starting Iterative Proportional Fitting (IPF)...
IPF converged at iteration 32
IPF row error: 64.570541, col error: 0.000000
Starting Iterative Proportional Fitting (IPF)...
IPF converged at iteration 32
IPF row error: 64.570541, col error: 0.000000
IPF converged at iteration 32
IPF row error: 64.570541, col error: 0.000000
Starting Iterative Proportional Fitting (IPF)...
IPF converged at iteration 32
IPF row error: 64.570541, col error: 0.000000
Starting Iterative Proportional Fitting (IPF)...
Starting Iterative Proportional Fitting (IPF)...
IPF converged at iteration 32
IPF row error: 64.570541, col error: 0.000000
Starting Iterative Proportional Fitting (IPF)...
IPF converged at iteration 32
IPF row error: 64.570541, col error: 0.000000
IPF converged at iteration 32
IPF row error: 64.570541, col error: 0.000000
IPF converged at iteration 32
Starting Iterative Proportional Fitting (IPF)...
IPF row error: 64.570541, col error: 0.000000
Starting Iterative Proportional Fitting (IPF)...
Starting Iterative Proportional Fitting (IPF)...
IPF converged at iteration 32
IPF row error: 64.570541, col error: 0.000000
Starting Iterative Proportional Fitting (IPF)...
IPF converged at iteration 32
IPF row error: 64.570541, col error: 0.000000
IPF converged at iteration 32
IPF row error: 64.570541, col error: 0.000000
Starting Iterative Proportional Fitting (IPF)...
IPF converged at iteration 32
IPF row error: 64.570541, col error: 0.000000
Starting Iterative Proportional Fitting (IPF)...
Starting Iterative Proportional Fitting (IPF)...
IPF converged at iteration 32
IPF row error: 64.570541, col error: 0.000000
Starting Iterative Proportional Fitting (IPF)...
IPF converged at iteration 32
IPF row error: 64.570541, col error: 0.000000
IPF converged at iteration 32
IPF row error: 64.570541, col error: 0.000000
Starting Iterative Proportional Fitting (IPF)...
IPF converged at iteration 32
IPF row error: 64.570541, col error: 0.000000
Starting Iterative Proportional Fitting (IPF)...
Starting Iterative Proportional Fitting (IPF)...
IPF converged at iteration 32
IPF row error: 64.570541, col error: 0.000000
Starting Iterative Proportional Fitting (IPF)...
IPF converged at iteration 32
IPF row error: 64.570541, col error: 0.000000
IPF converged at iteration 32
IPF row error: 64.570541, col error: 0.000000
Starting Iterative Proportional Fitting (IPF)...
IPF converged at iteration 32
IPF row error: 64.570541, col error: 0.000000
  [2023/test] 진행 180/1750 (10.3%) | 누적 CPC 0.6677 | RMSE 253.5416 | %RMSE 5.4285 | 경과 1.9분 | 예상 남음 16.8분
Starting Iterative Proportional Fitting (IPF)...
Starting Iterative Proportional Fitting (IPF)...
IPF converged at iteration 32
IPF row error: 64.570541, col error: 0.000000
Starting Iterative Proportional Fitting (IPF)...
IPF converged at iteration 32
IPF row error: 64.570541, col error: 0.000000
IPF converged at iteration 32
IPF row error: 64.570541, col error: 0.000000
Starting Iterative Proportional Fitting (IPF)...
IPF converged at iteration 32
IPF row error: 64.570541, col error: 0.000000
Starting Iterative Proportional Fitting (IPF)...
Starting Iterative Proportional Fitting (IPF)...
IPF converged at iteration 32
IPF row error: 64.570541, col error: 0.000000
Starting Iterative Proportional Fitting (IPF)...
IPF converged at iteration 32
IPF row error: 64.570541, col error: 0.000000
IPF converged at iteration 32
Starting Iterative Proportional Fitting (IPF)...
IPF row error: 64.570541, col error: 0.000000
IPF converged at iteration 32
Starting Iterative Proportional Fitting (IPF)...
IPF row error: 64.570541, col error: 0.000000
Starting Iterative Proportional Fitting (IPF)...
IPF converged at iteration 32
IPF row error: 64.570541, col error: 0.000000
Starting Iterative Proportional Fitting (IPF)...
IPF converged at iteration 32
IPF row error: 64.570541, col error: 0.000000
IPF converged at iteration 32
Starting Iterative Proportional Fitting (IPF)...
IPF row error: 64.570541, col error: 0.000000
IPF converged at iteration 32
IPF row error: 64.570541, col error: 0.000000
Starting Iterative Proportional Fitting (IPF)...
Starting Iterative Proportional Fitting (IPF)...
IPF converged at iteration 32
IPF row error: 64.570541, col error: 0.000000
Starting Iterative Proportional Fitting (IPF)...
IPF converged at iteration 32
IPF row error: 64.570541, col error: 0.000000
IPF converged at iteration 32
Starting Iterative Proportional Fitting (IPF)...
IPF row error: 64.570541, col error: 0.000000
IPF converged at iteration 32
IPF row error: 64.570541, col error: 0.000000
Starting Iterative Proportional Fitting (IPF)...
Starting Iterative Proportional Fitting (IPF)...
IPF converged at iteration 32
IPF row error: 64.570541, col error: 0.000000
Starting Iterative Proportional Fitting (IPF)...
IPF converged at iteration 32
IPF row error: 64.570541, col error: 0.000000
Starting Iterative Proportional Fitting (IPF)...
IPF converged at iteration 32
IPF row error: 64.570541, col error: 0.000000
IPF converged at iteration 32
IPF row error: 64.570541, col error: 0.000000
Starting Iterative Proportional Fitting (IPF)...
Starting Iterative Proportional Fitting (IPF)...
IPF converged at iteration 32
IPF row error: 64.599580, col error: 0.000000
Starting Iterative Proportional Fitting (IPF)...
IPF converged at iteration 32
IPF row error: 64.599580, col error: 0.000000
Starting Iterative Proportional Fitting (IPF)...
IPF converged at iteration 32
IPF row error: 64.599580, col error: 0.000000
IPF converged at iteration 32
IPF row error: 64.599580, col error: 0.000000
Starting Iterative Proportional Fitting (IPF)...
Starting Iterative Proportional Fitting (IPF)...
IPF converged at iteration 32
IPF row error: 64.599580, col error: 0.000000
Starting Iterative Proportional Fitting (IPF)...
IPF converged at iteration 32
IPF row error: 64.599580, col error: 0.000000
Starting Iterative Proportional Fitting (IPF)...
IPF converged at iteration 32
IPF row error: 64.599580, col error: 0.000000
IPF converged at iteration 32
IPF row error: 64.599580, col error: 0.000000
Starting Iterative Proportional Fitting (IPF)...
Starting Iterative Proportional Fitting (IPF)...
IPF converged at iteration 32
IPF row error: 64.599580, col error: 0.000000
Starting Iterative Proportional Fitting (IPF)...
IPF converged at iteration 32
IPF row error: 64.599580, col error: 0.000000
  [2023/test] 진행 210/1750 (12.0%) | 누적 CPC 0.6484 | RMSE 254.9620 | %RMSE 5.8454 | 경과 2.3분 | 예상 남음 16.7분
Starting Iterative Proportional Fitting (IPF)...
IPF converged at iteration 32
IPF row error: 64.599580, col error: 0.000000
IPF converged at iteration 32
IPF row error: 64.599580, col error: 0.000000
Starting Iterative Proportional Fitting (IPF)...
Starting Iterative Proportional Fitting (IPF)...
IPF converged at iteration 32
IPF row error: 64.599580, col error: 0.000000
Starting Iterative Proportional Fitting (IPF)...
IPF converged at iteration 32
IPF row error: 64.599580, col error: 0.000000
IPF converged at iteration 32
Starting Iterative Proportional Fitting (IPF)...
IPF row error: 64.599580, col error: 0.000000
Starting Iterative Proportional Fitting (IPF)...
IPF converged at iteration 32
IPF row error: 64.599580, col error: 0.000000
Starting Iterative Proportional Fitting (IPF)...
IPF converged at iteration 32
IPF row error: 64.599580, col error: 0.000000
Starting Iterative Proportional Fitting (IPF)...
IPF converged at iteration 32
IPF row error: 64.599580, col error: 0.000000
Starting Iterative Proportional Fitting (IPF)...
IPF converged at iteration 32
IPF row error: 64.599580, col error: 0.000000
Starting Iterative Proportional Fitting (IPF)...
IPF converged at iteration 32
IPF row error: 64.599580, col error: 0.000000
Starting Iterative Proportional Fitting (IPF)...
IPF converged at iteration 32
IPF row error: 64.599580, col error: 0.000000
Starting Iterative Proportional Fitting (IPF)...
IPF converged at iteration 32
IPF row error: 64.599580, col error: 0.000000
Starting Iterative Proportional Fitting (IPF)...
IPF converged at iteration 32
IPF row error: 64.599580, col error: 0.000000
IPF converged at iteration 32
Starting Iterative Proportional Fitting (IPF)...
IPF row error: 64.599580, col error: 0.000000
Starting Iterative Proportional Fitting (IPF)...
IPF converged at iteration 32
IPF row error: 64.599580, col error: 0.000000
Starting Iterative Proportional Fitting (IPF)...
IPF converged at iteration 32
IPF row error: 64.599580, col error: 0.000000
Starting Iterative Proportional Fitting (IPF)...
IPF converged at iteration 32
IPF row error: 64.599580, col error: 0.000000
IPF converged at iteration 32
Starting Iterative Proportional Fitting (IPF)...
IPF row error: 64.599580, col error: 0.000000
Starting Iterative Proportional Fitting (IPF)...
IPF converged at iteration 32
IPF row error: 64.599580, col error: 0.000000
Starting Iterative Proportional Fitting (IPF)...
IPF converged at iteration 32
IPF row error: 64.599580, col error: 0.000000
Starting Iterative Proportional Fitting (IPF)...
IPF converged at iteration 32
IPF row error: 64.599580, col error: 0.000000
IPF converged at iteration 32
Starting Iterative Proportional Fitting (IPF)...
IPF row error: 64.599580, col error: 0.000000
Starting Iterative Proportional Fitting (IPF)...
IPF converged at iteration 32
IPF row error: 64.599580, col error: 0.000000
Starting Iterative Proportional Fitting (IPF)...
IPF converged at iteration 32
IPF row error: 64.599580, col error: 0.000000
Starting Iterative Proportional Fitting (IPF)...
IPF converged at iteration 32
IPF row error: 64.599580, col error: 0.000000
Starting Iterative Proportional Fitting (IPF)...
IPF converged at iteration 32
IPF row error: 64.599580, col error: 0.000000
Starting Iterative Proportional Fitting (IPF)...
IPF converged at iteration 32
IPF row error: 64.599580, col error: 0.000000
Starting Iterative Proportional Fitting (IPF)...
IPF converged at iteration 32
IPF row error: 64.599580, col error: 0.000000
Starting Iterative Proportional Fitting (IPF)...IPF converged at iteration 32

IPF row error: 64.599580, col error: 0.000000
Starting Iterative Proportional Fitting (IPF)...
IPF converged at iteration 32
IPF row error: 64.599580, col error: 0.000000
  [2023/test] 진행 240/1750 (13.7%) | 누적 CPC 0.6544 | RMSE 255.9963 | %RMSE 5.9495 | 경과 2.6분 | 예상 남음 16.4분
Starting Iterative Proportional Fitting (IPF)...
IPF converged at iteration 32
IPF row error: 64.599580, col error: 0.000000
Starting Iterative Proportional Fitting (IPF)...
IPF converged at iteration 32
IPF row error: 64.599580, col error: 0.000000
Starting Iterative Proportional Fitting (IPF)...
IPF converged at iteration 32
IPF row error: 64.599580, col error: 0.000000
Starting Iterative Proportional Fitting (IPF)...
IPF converged at iteration 32
IPF row error: 64.599580, col error: 0.000000
Starting Iterative Proportional Fitting (IPF)...
IPF converged at iteration 32
IPF row error: 64.599580, col error: 0.000000
Starting Iterative Proportional Fitting (IPF)...
IPF converged at iteration 32
IPF row error: 64.599580, col error: 0.000000
Starting Iterative Proportional Fitting (IPF)...
IPF converged at iteration 32
IPF row error: 64.599580, col error: 0.000000
Starting Iterative Proportional Fitting (IPF)...
IPF converged at iteration 32
IPF row error: 64.599580, col error: 0.000000
Starting Iterative Proportional Fitting (IPF)...
IPF converged at iteration 32
IPF row error: 64.599580, col error: 0.000000
Starting Iterative Proportional Fitting (IPF)...
IPF converged at iteration 32
IPF row error: 64.599580, col error: 0.000000
Starting Iterative Proportional Fitting (IPF)...
IPF converged at iteration 32
IPF row error: 64.534003, col error: 0.000000
Starting Iterative Proportional Fitting (IPF)...
IPF converged at iteration 32
IPF row error: 64.534003, col error: 0.000000
Starting Iterative Proportional Fitting (IPF)...
IPF converged at iteration 32
IPF row error: 64.534003, col error: 0.000000
Starting Iterative Proportional Fitting (IPF)...
IPF converged at iteration 32
IPF row error: 64.534003, col error: 0.000000
Starting Iterative Proportional Fitting (IPF)...
IPF converged at iteration 32
IPF row error: 64.534003, col error: 0.000000
IPF converged at iteration 32
Starting Iterative Proportional Fitting (IPF)...
IPF row error: 64.534003, col error: 0.000000
Starting Iterative Proportional Fitting (IPF)...
IPF converged at iteration 32
IPF row error: 64.534003, col error: 0.000000
Starting Iterative Proportional Fitting (IPF)...
IPF converged at iteration 32
IPF row error: 64.534003, col error: 0.000000
Starting Iterative Proportional Fitting (IPF)...
IPF converged at iteration 32
IPF row error: 64.534003, col error: 0.000000
IPF converged at iteration 32
Starting Iterative Proportional Fitting (IPF)...
IPF row error: 64.534003, col error: 0.000000
Starting Iterative Proportional Fitting (IPF)...
IPF converged at iteration 32
IPF row error: 64.534003, col error: 0.000000
Starting Iterative Proportional Fitting (IPF)...
IPF converged at iteration 32
IPF row error: 64.534003, col error: 0.000000
Starting Iterative Proportional Fitting (IPF)...
IPF converged at iteration 32
IPF row error: 64.534003, col error: 0.000000
IPF converged at iteration 32
IPF row error: 64.534003, col error: 0.000000
Starting Iterative Proportional Fitting (IPF)...
Starting Iterative Proportional Fitting (IPF)...
IPF converged at iteration 32
IPF row error: 64.534003, col error: 0.000000
Starting Iterative Proportional Fitting (IPF)...
IPF converged at iteration 32
IPF row error: 64.534003, col error: 0.000000
Starting Iterative Proportional Fitting (IPF)...
IPF converged at iteration 32
IPF row error: 64.534003, col error: 0.000000
IPF converged at iteration 32
Starting Iterative Proportional Fitting (IPF)...
IPF row error: 64.534003, col error: 0.000000
Starting Iterative Proportional Fitting (IPF)...
IPF converged at iteration 32
IPF row error: 64.534003, col error: 0.000000
Starting Iterative Proportional Fitting (IPF)...
IPF converged at iteration 32
IPF row error: 64.534003, col error: 0.000000
  [2023/test] 진행 270/1750 (15.4%) | 누적 CPC 0.6574 | RMSE 261.9460 | %RMSE 6.0208 | 경과 3.0분 | 예상 남음 16.2분
Starting Iterative Proportional Fitting (IPF)...
IPF converged at iteration 32
IPF row error: 64.534003, col error: 0.000000
IPF converged at iteration 32
Starting Iterative Proportional Fitting (IPF)...
IPF row error: 64.534003, col error: 0.000000
Starting Iterative Proportional Fitting (IPF)...
IPF converged at iteration 32
IPF row error: 64.534003, col error: 0.000000
Starting Iterative Proportional Fitting (IPF)...
IPF converged at iteration 32
IPF row error: 64.534003, col error: 0.000000
Starting Iterative Proportional Fitting (IPF)...
IPF converged at iteration 32
IPF row error: 64.534003, col error: 0.000000
Starting Iterative Proportional Fitting (IPF)...
IPF converged at iteration 32
IPF row error: 64.534003, col error: 0.000000
Starting Iterative Proportional Fitting (IPF)...
IPF converged at iteration 32
IPF row error: 64.534003, col error: 0.000000
Starting Iterative Proportional Fitting (IPF)...
IPF converged at iteration 32
IPF row error: 64.534003, col error: 0.000000
Starting Iterative Proportional Fitting (IPF)...
IPF converged at iteration 32
IPF row error: 64.534003, col error: 0.000000
Starting Iterative Proportional Fitting (IPF)...
IPF converged at iteration 32
IPF row error: 64.534003, col error: 0.000000
Starting Iterative Proportional Fitting (IPF)...
IPF converged at iteration 32
IPF row error: 64.534003, col error: 0.000000
Starting Iterative Proportional Fitting (IPF)...
IPF converged at iteration 32
IPF row error: 64.534003, col error: 0.000000
Starting Iterative Proportional Fitting (IPF)...
IPF converged at iteration 32
IPF row error: 64.534003, col error: 0.000000
IPF converged at iteration 32
Starting Iterative Proportional Fitting (IPF)...
IPF row error: 64.534003, col error: 0.000000
Starting Iterative Proportional Fitting (IPF)...
IPF converged at iteration 32
IPF row error: 64.534003, col error: 0.000000
Starting Iterative Proportional Fitting (IPF)...
IPF converged at iteration 32
IPF row error: 64.534003, col error: 0.000000
Starting Iterative Proportional Fitting (IPF)...
IPF converged at iteration 32
IPF row error: 64.534003, col error: 0.000000
Starting Iterative Proportional Fitting (IPF)...
IPF converged at iteration 32
IPF row error: 64.534003, col error: 0.000000
Starting Iterative Proportional Fitting (IPF)...
IPF converged at iteration 32
IPF row error: 64.534003, col error: 0.000000
Starting Iterative Proportional Fitting (IPF)...
IPF converged at iteration 32
IPF row error: 64.534003, col error: 0.000000
Starting Iterative Proportional Fitting (IPF)...
IPF converged at iteration 32
IPF row error: 64.534003, col error: 0.000000
Starting Iterative Proportional Fitting (IPF)...
IPF converged at iteration 32
IPF row error: 64.534003, col error: 0.000000
Starting Iterative Proportional Fitting (IPF)...
IPF converged at iteration 32
IPF row error: 64.534003, col error: 0.000000
Starting Iterative Proportional Fitting (IPF)...
IPF converged at iteration 32
IPF row error: 64.534003, col error: 0.000000
Starting Iterative Proportional Fitting (IPF)...
IPF converged at iteration 32
IPF row error: 64.534003, col error: 0.000000
IPF converged at iteration 32
Starting Iterative Proportional Fitting (IPF)...
IPF row error: 64.534003, col error: 0.000000
Starting Iterative Proportional Fitting (IPF)...
IPF converged at iteration 32
IPF row error: 64.534003, col error: 0.000000
Starting Iterative Proportional Fitting (IPF)...
IPF converged at iteration 32
IPF row error: 64.534003, col error: 0.000000
Starting Iterative Proportional Fitting (IPF)...
IPF converged at iteration 32
IPF row error: 64.534003, col error: 0.000000
IPF converged at iteration 32
Starting Iterative Proportional Fitting (IPF)...
IPF row error: 64.534003, col error: 0.000000
  [2023/test] 진행 300/1750 (17.1%) | 누적 CPC 0.6590 | RMSE 269.0212 | %RMSE 6.0735 | 경과 3.3분 | 예상 남음 15.9분
Starting Iterative Proportional Fitting (IPF)...
IPF converged at iteration 32
IPF row error: 64.338292, col error: 0.000000
Starting Iterative Proportional Fitting (IPF)...
IPF converged at iteration 32
IPF row error: 64.338292, col error: 0.000000
Starting Iterative Proportional Fitting (IPF)...
IPF converged at iteration 32
IPF row error: 64.338292, col error: 0.000000
Starting Iterative Proportional Fitting (IPF)...
IPF converged at iteration 32
IPF row error: 64.338292, col error: 0.000000
Starting Iterative Proportional Fitting (IPF)...
IPF converged at iteration 32
IPF row error: 64.338292, col error: 0.000000
Starting Iterative Proportional Fitting (IPF)...
IPF converged at iteration 32
IPF row error: 64.338292, col error: 0.000000
Starting Iterative Proportional Fitting (IPF)...
IPF converged at iteration 32
IPF row error: 64.338292, col error: 0.000000
Starting Iterative Proportional Fitting (IPF)...
IPF converged at iteration 32
IPF row error: 64.338292, col error: 0.000000
Starting Iterative Proportional Fitting (IPF)...
IPF converged at iteration 32
IPF row error: 64.338292, col error: 0.000000
Starting Iterative Proportional Fitting (IPF)...
IPF converged at iteration 32
IPF row error: 64.338292, col error: 0.000000
Starting Iterative Proportional Fitting (IPF)...
IPF converged at iteration 32
IPF row error: 64.338292, col error: 0.000000
IPF converged at iteration 32
Starting Iterative Proportional Fitting (IPF)...
IPF row error: 64.338292, col error: 0.000000
Starting Iterative Proportional Fitting (IPF)...
IPF converged at iteration 32
IPF row error: 64.338292, col error: 0.000000
Starting Iterative Proportional Fitting (IPF)...
IPF converged at iteration 32
IPF row error: 64.338292, col error: 0.000000
Starting Iterative Proportional Fitting (IPF)...
IPF converged at iteration 32
IPF row error: 64.338292, col error: 0.000000
Starting Iterative Proportional Fitting (IPF)...
IPF converged at iteration 32
IPF row error: 64.338292, col error: 0.000000
Starting Iterative Proportional Fitting (IPF)...
IPF converged at iteration 32
IPF row error: 64.338292, col error: 0.000000
Starting Iterative Proportional Fitting (IPF)...
IPF converged at iteration 32
IPF row error: 64.338292, col error: 0.000000
Starting Iterative Proportional Fitting (IPF)...
IPF converged at iteration 32
IPF row error: 64.338292, col error: 0.000000
Starting Iterative Proportional Fitting (IPF)...
IPF converged at iteration 32
IPF row error: 64.338292, col error: 0.000000
Starting Iterative Proportional Fitting (IPF)...
IPF converged at iteration 32
IPF row error: 64.338292, col error: 0.000000
Starting Iterative Proportional Fitting (IPF)...
IPF converged at iteration 32
IPF row error: 64.338292, col error: 0.000000
Starting Iterative Proportional Fitting (IPF)...
IPF converged at iteration 32
IPF row error: 64.338292, col error: 0.000000
Starting Iterative Proportional Fitting (IPF)...
IPF converged at iteration 32
IPF row error: 64.338292, col error: 0.000000
Starting Iterative Proportional Fitting (IPF)...
IPF converged at iteration 32
IPF row error: 64.338292, col error: 0.000000
Starting Iterative Proportional Fitting (IPF)...
IPF converged at iteration 32
IPF row error: 64.338292, col error: 0.000000
Starting Iterative Proportional Fitting (IPF)...
IPF converged at iteration 32
IPF row error: 64.338292, col error: 0.000000
Starting Iterative Proportional Fitting (IPF)...
IPF converged at iteration 32
IPF row error: 64.338292, col error: 0.000000
Starting Iterative Proportional Fitting (IPF)...
IPF converged at iteration 32
IPF row error: 64.338292, col error: 0.000000
Starting Iterative Proportional Fitting (IPF)...
IPF converged at iteration 32
IPF row error: 64.338292, col error: 0.000000
  [2023/test] 진행 330/1750 (18.9%) | 누적 CPC 0.6581 | RMSE 330.3918 | %RMSE 6.6473 | 경과 3.6분 | 예상 남음 15.6분
Starting Iterative Proportional Fitting (IPF)...
IPF converged at iteration 32
IPF row error: 64.338292, col error: 0.000000
Starting Iterative Proportional Fitting (IPF)...
IPF converged at iteration 32
IPF row error: 64.338292, col error: 0.000000
Starting Iterative Proportional Fitting (IPF)...
IPF converged at iteration 32
IPF row error: 64.338292, col error: 0.000000
Starting Iterative Proportional Fitting (IPF)...
IPF converged at iteration 32
IPF row error: 64.338292, col error: 0.000000
Starting Iterative Proportional Fitting (IPF)...
IPF converged at iteration 32
IPF row error: 64.338292, col error: 0.000000
Starting Iterative Proportional Fitting (IPF)...
IPF converged at iteration 32
IPF row error: 64.338292, col error: 0.000000
Starting Iterative Proportional Fitting (IPF)...
IPF converged at iteration 32
IPF row error: 64.338292, col error: 0.000000
Starting Iterative Proportional Fitting (IPF)...
IPF converged at iteration 32
IPF row error: 64.338292, col error: 0.000000
Starting Iterative Proportional Fitting (IPF)...
IPF converged at iteration 32
IPF row error: 64.338292, col error: 0.000000
Starting Iterative Proportional Fitting (IPF)...
IPF converged at iteration 32
IPF row error: 64.338292, col error: 0.000000
Starting Iterative Proportional Fitting (IPF)...
IPF converged at iteration 32
IPF row error: 64.338292, col error: 0.000000
Starting Iterative Proportional Fitting (IPF)...
IPF converged at iteration 32
IPF row error: 64.338292, col error: 0.000000
Starting Iterative Proportional Fitting (IPF)...
IPF converged at iteration 32
IPF row error: 64.338292, col error: 0.000000
Starting Iterative Proportional Fitting (IPF)...
IPF converged at iteration 32
IPF row error: 64.338292, col error: 0.000000
Starting Iterative Proportional Fitting (IPF)...
IPF converged at iteration 32
IPF row error: 64.338292, col error: 0.000000
Starting Iterative Proportional Fitting (IPF)...
IPF converged at iteration 32
IPF row error: 64.338292, col error: 0.000000
Starting Iterative Proportional Fitting (IPF)...
IPF converged at iteration 32
IPF row error: 64.338292, col error: 0.000000
Starting Iterative Proportional Fitting (IPF)...
IPF converged at iteration 32
IPF row error: 64.338292, col error: 0.000000
Starting Iterative Proportional Fitting (IPF)...
IPF converged at iteration 32
IPF row error: 64.338292, col error: 0.000000
Starting Iterative Proportional Fitting (IPF)...
IPF converged at iteration 32
IPF row error: 64.338292, col error: 0.000000
IPF converged at iteration 29
IPF row error: 84.795402, col error: 0.000000
Starting Iterative Proportional Fitting (IPF)...
IPF converged at iteration 28
Starting Iterative Proportional Fitting (IPF)...
IPF row error: 98.544574, col error: 0.000000
Starting Iterative Proportional Fitting (IPF)...
IPF converged at iteration 29
IPF row error: 94.942208, col error: 0.000000
Starting Iterative Proportional Fitting (IPF)...
IPF converged at iteration 32
IPF row error: 65.125530, col error: 0.000000
IPF converged at iteration 31
IPF row error: 71.424971, col error: 0.000000
Starting Iterative Proportional Fitting (IPF)...
Starting Iterative Proportional Fitting (IPF)...
IPF converged at iteration 32
IPF row error: 65.125530, col error: 0.000000
Starting Iterative Proportional Fitting (IPF)...
IPF converged at iteration 32
IPF row error: 65.125530, col error: 0.000000
Starting Iterative Proportional Fitting (IPF)...
IPF converged at iteration 29
IPF row error: 118.977551, col error: 0.000000
Starting Iterative Proportional Fitting (IPF)...
IPF converged at iteration 33
IPF row error: 54.117049, col error: 0.000000
IPF converged at iteration 32
IPF row error: 66.513335, col error: 0.000000
  [2023/test] 진행 360/1750 (20.6%) | 누적 CPC 0.6598 | RMSE 364.6237 | %RMSE 6.9125 | 경과 4.0분 | 예상 남음 15.3분
Starting Iterative Proportional Fitting (IPF)...
Starting Iterative Proportional Fitting (IPF)...
IPF converged at iteration 32
IPF row error: 65.125530, col error: 0.000000
Starting Iterative Proportional Fitting (IPF)...
IPF converged at iteration 33
IPF converged at iteration 28
IPF row error: 87.585336, col error: 0.000000
IPF row error: 38.587325, col error: 0.000000
Starting Iterative Proportional Fitting (IPF)...
Starting Iterative Proportional Fitting (IPF)...
IPF converged at iteration 32
IPF row error: 69.654213, col error: 0.000000
Starting Iterative Proportional Fitting (IPF)...
IPF converged at iteration 32
IPF row error: 64.658711, col error: 0.000000
Starting Iterative Proportional Fitting (IPF)...
IPF converged at iteration 30
IPF row error: 74.347868, col error: 0.000000
IPF converged at iteration 33
IPF row error: 49.520464, col error: 0.000000
Starting Iterative Proportional Fitting (IPF)...
Starting Iterative Proportional Fitting (IPF)...
IPF converged at iteration 27
IPF row error: 116.558209, col error: 0.000000
Starting Iterative Proportional Fitting (IPF)...
IPF converged at iteration 54
IPF row error: 1.265606, col error: 0.000000
IPF converged at iteration 30
IPF row error: 95.010555, col error: 0.000000
Starting Iterative Proportional Fitting (IPF)...
IPF converged at iteration 30
IPF row error: 149.665755, col error: 0.000000
Starting Iterative Proportional Fitting (IPF)...
Starting Iterative Proportional Fitting (IPF)...
IPF converged at iteration 31
IPF row error: 79.162415, col error: 0.000000
Starting Iterative Proportional Fitting (IPF)...
IPF converged at iteration 32
IPF row error: 74.227101, col error: 0.000000
IPF converged at iteration 32
IPF row error: 65.125530, col error: 0.000000
Starting Iterative Proportional Fitting (IPF)...
IPF converged at iteration 32
IPF row error: 65.125530, col error: 0.000000
Starting Iterative Proportional Fitting (IPF)...
Starting Iterative Proportional Fitting (IPF)...
IPF converged at iteration 30
IPF row error: 91.421573, col error: 0.000000
Starting Iterative Proportional Fitting (IPF)...
IPF converged at iteration 31
IPF row error: 72.428872, col error: 0.000000
IPF converged at iteration 32
IPF row error: 65.125530, col error: 0.000000
Starting Iterative Proportional Fitting (IPF)...
IPF converged at iteration 32
IPF row error: 65.125530, col error: 0.000000
Starting Iterative Proportional Fitting (IPF)...
Starting Iterative Proportional Fitting (IPF)...
IPF converged at iteration 28
IPF row error: 28.635769, col error: 0.000000
Starting Iterative Proportional Fitting (IPF)...
IPF converged at iteration 32
IPF converged at iteration 30
IPF row error: 65.125530, col error: 0.000000
IPF row error: 99.360185, col error: 0.000000
Starting Iterative Proportional Fitting (IPF)...
IPF converged at iteration 32
Starting Iterative Proportional Fitting (IPF)...
IPF row error: 65.125530, col error: 0.000000
Starting Iterative Proportional Fitting (IPF)...
IPF converged at iteration 32
IPF row error: 65.125530, col error: 0.000000
Starting Iterative Proportional Fitting (IPF)...
IPF converged at iteration 31
IPF converged at iteration 32
IPF row error: 67.446631, col error: 0.000000
IPF row error: 65.125530, col error: 0.000000
IPF converged at iteration 30
IPF row error: 81.001468, col error: 0.000000
Starting Iterative Proportional Fitting (IPF)...
Starting Iterative Proportional Fitting (IPF)...
Starting Iterative Proportional Fitting (IPF)...
IPF converged at iteration 32
IPF row error: 65.125530, col error: 0.000000
Starting Iterative Proportional Fitting (IPF)...
IPF converged at iteration 32
IPF converged at iteration 32
IPF row error: 65.125530, col error: 0.000000
IPF row error: 65.125530, col error: 0.000000
  [2023/test] 진행 390/1750 (22.3%) | 누적 CPC 0.6659 | RMSE 362.6114 | %RMSE 6.7499 | 경과 4.3분 | 예상 남음 15.0분
IPF converged at iteration 32
Starting Iterative Proportional Fitting (IPF)...Starting Iterative Proportional Fitting (IPF)...

IPF row error: 75.351042, col error: 0.000000
Starting Iterative Proportional Fitting (IPF)...
IPF converged at iteration 32
IPF row error: 75.124516, col error: 0.000000
Starting Iterative Proportional Fitting (IPF)...
IPF converged at iteration 25
IPF row error: 209.973596, col error: 0.000000
Starting Iterative Proportional Fitting (IPF)...
IPF converged at iteration 32
IPF row error: 65.125530, col error: 0.000000
IPF converged at iteration 32
Starting Iterative Proportional Fitting (IPF)...
IPF row error: 65.125530, col error: 0.000000
IPF converged at iteration 17
IPF row error: 29.292033, col error: 0.000000
Starting Iterative Proportional Fitting (IPF)...
Starting Iterative Proportional Fitting (IPF)...
IPF converged at iteration 31
IPF row error: 69.834082, col error: 0.000000
Starting Iterative Proportional Fitting (IPF)...
IPF converged at iteration 32
IPF row error: 65.125530, col error: 0.000000
IPF converged at iteration 32
Starting Iterative Proportional Fitting (IPF)...
IPF row error: 65.125530, col error: 0.000000
IPF converged at iteration 32
IPF row error: 65.125530, col error: 0.000000
Starting Iterative Proportional Fitting (IPF)...
Starting Iterative Proportional Fitting (IPF)...
IPF converged at iteration 32
IPF row error: 63.668657, col error: 0.000000
Starting Iterative Proportional Fitting (IPF)...
IPF converged at iteration 32
IPF row error: 64.634785, col error: 0.000000
IPF converged at iteration 32
IPF row error: 64.634785, col error: 0.000000
Starting Iterative Proportional Fitting (IPF)...
IPF converged at iteration 40
IPF row error: 10.995078, col error: 0.000000
Starting Iterative Proportional Fitting (IPF)...
Starting Iterative Proportional Fitting (IPF)...
IPF converged at iteration 32
IPF row error: 64.634785, col error: 0.000000
Starting Iterative Proportional Fitting (IPF)...
IPF converged at iteration 32
IPF converged at iteration 31IPF row error: 64.634785, col error: 0.000000

IPF converged at iteration 28
IPF row error: 83.056744, col error: 0.000000
IPF row error: 81.972263, col error: 0.000000
Starting Iterative Proportional Fitting (IPF)...
Starting Iterative Proportional Fitting (IPF)...
Starting Iterative Proportional Fitting (IPF)...
IPF converged at iteration 32
IPF row error: 64.634785, col error: 0.000000
Starting Iterative Proportional Fitting (IPF)...
IPF converged at iteration 31
IPF row error: 81.880751, col error: 0.000000
IPF converged at iteration 32
IPF converged at iteration 32
IPF row error: 67.846751, col error: 0.000000
IPF row error: 64.634785, col error: 0.000000
Starting Iterative Proportional Fitting (IPF)...
Starting Iterative Proportional Fitting (IPF)...
Starting Iterative Proportional Fitting (IPF)...
IPF converged at iteration 32
IPF row error: 75.544614, col error: 0.000000
Starting Iterative Proportional Fitting (IPF)...
IPF converged at iteration 32
IPF converged at iteration 30
IPF row error: 64.634785, col error: 0.000000
IPF row error: 97.525051, col error: 0.000000
IPF converged at iteration 32
IPF row error: 64.634785, col error: 0.000000
Starting Iterative Proportional Fitting (IPF)...
Starting Iterative Proportional Fitting (IPF)...
Starting Iterative Proportional Fitting (IPF)...
IPF converged at iteration 31
IPF row error: 85.620707, col error: 0.000000
Starting Iterative Proportional Fitting (IPF)...
IPF converged at iteration 32
IPF row error: 64.634785, col error: 0.000000
IPF converged at iteration 32
IPF row error: 61.723512, col error: 0.000000
IPF converged at iteration 31
IPF row error: 85.041807, col error: 0.000000
  [2023/test] 진행 420/1750 (24.0%) | 누적 CPC 0.6692 | RMSE 357.0855 | %RMSE 6.5866 | 경과 4.6분 | 예상 남음 14.6분
Starting Iterative Proportional Fitting (IPF)...
Starting Iterative Proportional Fitting (IPF)...
Starting Iterative Proportional Fitting (IPF)...
IPF converged at iteration 32
IPF row error: 67.049956, col error: 0.000000
Starting Iterative Proportional Fitting (IPF)...
IPF converged at iteration 32
IPF row error: 64.634785, col error: 0.000000
IPF converged at iteration 32
IPF row error: 64.634785, col error: 0.000000
Starting Iterative Proportional Fitting (IPF)...
Starting Iterative Proportional Fitting (IPF)...
IPF converged at iteration 50
IPF row error: 5.362693, col error: 0.000000
Starting Iterative Proportional Fitting (IPF)...
IPF converged at iteration 30
IPF row error: 80.199951, col error: 0.000000
Starting Iterative Proportional Fitting (IPF)...
IPF converged at iteration 30
IPF row error: 99.929570, col error: 0.000000
IPF converged at iteration 32
Starting Iterative Proportional Fitting (IPF)...
IPF row error: 64.634785, col error: 0.000000
Starting Iterative Proportional Fitting (IPF)...
IPF converged at iteration 30
IPF row error: 92.250075, col error: 0.000000
Starting Iterative Proportional Fitting (IPF)...
IPF converged at iteration 32
IPF row error: 64.634785, col error: 0.000000
Starting Iterative Proportional Fitting (IPF)...
IPF converged at iteration 32
IPF row error: 64.634785, col error: 0.000000
Starting Iterative Proportional Fitting (IPF)...
IPF converged at iteration 40
IPF row error: 12.604293, col error: 0.000000
Starting Iterative Proportional Fitting (IPF)...
IPF converged at iteration 32
IPF row error: 64.634785, col error: 0.000000
Starting Iterative Proportional Fitting (IPF)...
IPF converged at iteration 32
IPF row error: 64.634785, col error: 0.000000
Starting Iterative Proportional Fitting (IPF)...
IPF converged at iteration 30
IPF row error: 147.460341, col error: 0.000000
Starting Iterative Proportional Fitting (IPF)...
IPF converged at iteration 40
IPF row error: 10.985224, col error: 0.000000
Starting Iterative Proportional Fitting (IPF)...
IPF converged at iteration 29
IPF row error: 99.437105, col error: 0.000000
Starting Iterative Proportional Fitting (IPF)...
IPF converged at iteration 32
IPF row error: 64.634785, col error: 0.000000
Starting Iterative Proportional Fitting (IPF)...
IPF converged at iteration 32
IPF row error: 64.634785, col error: 0.000000
Starting Iterative Proportional Fitting (IPF)...
IPF converged at iteration 32
IPF row error: 64.634785, col error: 0.000000
Starting Iterative Proportional Fitting (IPF)...
IPF converged at iteration 32
IPF row error: 64.634785, col error: 0.000000
Starting Iterative Proportional Fitting (IPF)...
IPF converged at iteration 32
IPF row error: 64.634785, col error: 0.000000
Starting Iterative Proportional Fitting (IPF)...
IPF converged at iteration 32
IPF row error: 64.634785, col error: 0.000000
Starting Iterative Proportional Fitting (IPF)...
IPF converged at iteration 32
IPF row error: 64.634785, col error: 0.000000
Starting Iterative Proportional Fitting (IPF)...
IPF converged at iteration 32
IPF row error: 64.634785, col error: 0.000000
Starting Iterative Proportional Fitting (IPF)...
IPF converged at iteration 29
IPF row error: 113.949653, col error: 0.000000
Starting Iterative Proportional Fitting (IPF)...
IPF converged at iteration 32
IPF row error: 59.835160, col error: 0.000000
Starting Iterative Proportional Fitting (IPF)...
IPF converged at iteration 32
IPF row error: 64.634785, col error: 0.000000
Starting Iterative Proportional Fitting (IPF)...
IPF converged at iteration 32
IPF row error: 64.634785, col error: 0.000000
Starting Iterative Proportional Fitting (IPF)...
IPF converged at iteration 29
IPF row error: 94.316200, col error: 0.000000
Starting Iterative Proportional Fitting (IPF)...
IPF converged at iteration 32
IPF row error: 64.634785, col error: 0.000000
  [2023/test] 진행 450/1750 (25.7%) | 누적 CPC 0.6717 | RMSE 349.8416 | %RMSE 6.4233 | 경과 5.0분 | 예상 남음 14.4분
Starting Iterative Proportional Fitting (IPF)...
IPF converged at iteration 32
IPF row error: 64.568559, col error: 0.000000
Starting Iterative Proportional Fitting (IPF)...
IPF converged at iteration 32
IPF row error: 64.568559, col error: 0.000000
Starting Iterative Proportional Fitting (IPF)...
IPF converged at iteration 32
IPF row error: 64.568559, col error: 0.000000
Starting Iterative Proportional Fitting (IPF)...
IPF converged at iteration 32
IPF row error: 64.568559, col error: 0.000000
Starting Iterative Proportional Fitting (IPF)...
IPF converged at iteration 31
IPF row error: 62.488315, col error: 0.000000
IPF converged at iteration 30
Starting Iterative Proportional Fitting (IPF)...
IPF row error: 110.545850, col error: 0.000000
IPF converged at iteration 48
IPF row error: 1.828681, col error: 0.000000
Starting Iterative Proportional Fitting (IPF)...
Starting Iterative Proportional Fitting (IPF)...
IPF converged at iteration 29
IPF row error: 197.352702, col error: 0.000000
Starting Iterative Proportional Fitting (IPF)...
IPF converged at iteration 31
IPF row error: 74.784285, col error: 0.000000
Starting Iterative Proportional Fitting (IPF)...
IPF converged at iteration 32
IPF row error: 64.568559, col error: 0.000000
IPF converged at iteration 32
Starting Iterative Proportional Fitting (IPF)...
IPF row error: 64.568559, col error: 0.000000
Starting Iterative Proportional Fitting (IPF)...
IPF converged at iteration 32
IPF row error: 64.568559, col error: 0.000000
Starting Iterative Proportional Fitting (IPF)...
IPF converged at iteration 32
IPF row error: 64.568559, col error: 0.000000
Starting Iterative Proportional Fitting (IPF)...
IPF converged at iteration 32
IPF row error: 64.568559, col error: 0.000000
IPF converged at iteration 32
Starting Iterative Proportional Fitting (IPF)...
IPF row error: 64.568559, col error: 0.000000
Starting Iterative Proportional Fitting (IPF)...
IPF converged at iteration 32
IPF row error: 64.568559, col error: 0.000000
Starting Iterative Proportional Fitting (IPF)...
IPF converged at iteration 32
IPF converged at iteration 27
IPF row error: 62.866076, col error: 0.000000
IPF row error: 96.550616, col error: 0.000000
Starting Iterative Proportional Fitting (IPF)...
Starting Iterative Proportional Fitting (IPF)...
IPF converged at iteration 32
IPF row error: 64.568559, col error: 0.000000
Starting Iterative Proportional Fitting (IPF)...
IPF converged at iteration 31
IPF row error: 82.117192, col error: 0.000000
IPF converged at iteration 32
IPF row error: 64.568559, col error: 0.000000
Starting Iterative Proportional Fitting (IPF)...
Starting Iterative Proportional Fitting (IPF)...
IPF converged at iteration 32
IPF row error: 64.568559, col error: 0.000000
Starting Iterative Proportional Fitting (IPF)...
IPF converged at iteration 50
IPF row error: 5.344292, col error: 0.000000
Starting Iterative Proportional Fitting (IPF)...
IPF converged at iteration 32
IPF converged at iteration 32
IPF row error: 64.568559, col error: 0.000000
IPF row error: 64.568559, col error: 0.000000
Starting Iterative Proportional Fitting (IPF)...
Starting Iterative Proportional Fitting (IPF)...
IPF converged at iteration 32
IPF row error: 64.568559, col error: 0.000000
Starting Iterative Proportional Fitting (IPF)...
IPF converged at iteration 32
IPF row error: 64.568559, col error: 0.000000
Starting Iterative Proportional Fitting (IPF)...
IPF converged at iteration 36
IPF row error: 29.333110, col error: 0.000000
IPF converged at iteration 32
IPF row error: 64.568559, col error: 0.000000
Starting Iterative Proportional Fitting (IPF)...
Starting Iterative Proportional Fitting (IPF)...
IPF converged at iteration 32
IPF row error: 62.427288, col error: 0.000000
  [2023/test] 진행 480/1750 (27.4%) | 누적 CPC 0.6715 | RMSE 340.6652 | %RMSE 6.3690 | 경과 5.3분 | 예상 남음 14.1분
IPF converged at iteration 50
Starting Iterative Proportional Fitting (IPF)...
IPF row error: 5.606089, col error: 0.000000
Starting Iterative Proportional Fitting (IPF)...
IPF converged at iteration 23
IPF row error: 64.562700, col error: 0.000000
Starting Iterative Proportional Fitting (IPF)...
IPF converged at iteration 29
IPF row error: 90.533415, col error: 0.000000
Starting Iterative Proportional Fitting (IPF)...
IPF converged at iteration 32
IPF converged at iteration 29
IPF row error: 64.568559, col error: 0.000000
IPF row error: 102.495208, col error: 0.000000
Starting Iterative Proportional Fitting (IPF)...
Starting Iterative Proportional Fitting (IPF)...
IPF converged at iteration 27
IPF row error: 115.237082, col error: 0.000000
Starting Iterative Proportional Fitting (IPF)...
IPF converged at iteration 32
IPF row error: 64.568559, col error: 0.000000
Starting Iterative Proportional Fitting (IPF)...
IPF converged at iteration 29
IPF row error: 101.515490, col error: 0.000000
IPF converged at iteration 32
Starting Iterative Proportional Fitting (IPF)...
IPF row error: 64.568559, col error: 0.000000
Starting Iterative Proportional Fitting (IPF)...
IPF converged at iteration 32
IPF row error: 62.320193, col error: 0.000000
Starting Iterative Proportional Fitting (IPF)...
IPF converged at iteration 32
IPF row error: 64.568559, col error: 0.000000
Starting Iterative Proportional Fitting (IPF)...
IPF converged at iteration 32
IPF row error: 64.568559, col error: 0.000000
IPF converged at iteration 32
Starting Iterative Proportional Fitting (IPF)...
IPF row error: 64.568559, col error: 0.000000
Starting Iterative Proportional Fitting (IPF)...
IPF converged at iteration 32
IPF row error: 64.568559, col error: 0.000000
Starting Iterative Proportional Fitting (IPF)...
IPF converged at iteration 32
IPF row error: 64.568559, col error: 0.000000
Starting Iterative Proportional Fitting (IPF)...
IPF converged at iteration 28
IPF row error: 100.077555, col error: 0.000000
Starting Iterative Proportional Fitting (IPF)...
IPF converged at iteration 34
IPF row error: 45.554465, col error: 0.000000
Starting Iterative Proportional Fitting (IPF)...
IPF converged at iteration 32
IPF row error: 64.568559, col error: 0.000000
Starting Iterative Proportional Fitting (IPF)...
IPF converged at iteration 32
IPF row error: 64.568559, col error: 0.000000
IPF converged at iteration 32
IPF row error: 64.568559, col error: 0.000000
Starting Iterative Proportional Fitting (IPF)...
Starting Iterative Proportional Fitting (IPF)...
IPF converged at iteration 32
IPF row error: 64.570541, col error: 0.000000
Starting Iterative Proportional Fitting (IPF)...
IPF converged at iteration 32
IPF row error: 64.570541, col error: 0.000000
Starting Iterative Proportional Fitting (IPF)...
IPF converged at iteration 32
IPF row error: 64.570541, col error: 0.000000
IPF converged at iteration 32
IPF row error: 64.570541, col error: 0.000000
Starting Iterative Proportional Fitting (IPF)...
Starting Iterative Proportional Fitting (IPF)...
IPF converged at iteration 32
IPF row error: 64.570541, col error: 0.000000
Starting Iterative Proportional Fitting (IPF)...
IPF converged at iteration 29
IPF row error: 172.066503, col error: 0.000000
Starting Iterative Proportional Fitting (IPF)...
IPF converged at iteration 27
IPF row error: 110.053351, col error: 0.000000
Starting Iterative Proportional Fitting (IPF)...
IPF converged at iteration 33
IPF row error: 58.640630, col error: 0.000000
Starting Iterative Proportional Fitting (IPF)...
IPF converged at iteration 30
IPF row error: 172.119881, col error: 0.000000
Starting Iterative Proportional Fitting (IPF)...
IPF converged at iteration 32
IPF row error: 64.570541, col error: 0.000000
  [2023/test] 진행 510/1750 (29.1%) | 누적 CPC 0.6669 | RMSE 333.8041 | %RMSE 6.3928 | 경과 5.8분 | 예상 남음 14.1분
Starting Iterative Proportional Fitting (IPF)...
IPF converged at iteration 35
IPF row error: 35.654004, col error: 0.000000
IPF converged at iteration 32
IPF row error: 64.570541, col error: 0.000000
Starting Iterative Proportional Fitting (IPF)...
Starting Iterative Proportional Fitting (IPF)...
IPF converged at iteration 29
IPF row error: 87.841033, col error: 0.000000
Starting Iterative Proportional Fitting (IPF)...
IPF converged at iteration 32
IPF row error: 71.022110, col error: 0.000000
Starting Iterative Proportional Fitting (IPF)...
IPF converged at iteration 31
IPF row error: 72.670324, col error: 0.000000
IPF converged at iteration 32
IPF row error: 61.783465, col error: 0.000000
Starting Iterative Proportional Fitting (IPF)...
Starting Iterative Proportional Fitting (IPF)...
IPF converged at iteration 32
IPF row error: 64.083829, col error: 0.000000
Starting Iterative Proportional Fitting (IPF)...
IPF converged at iteration 32
IPF row error: 64.570541, col error: 0.000000
Starting Iterative Proportional Fitting (IPF)...
IPF converged at iteration 30
IPF row error: 80.731102, col error: 0.000000
Starting Iterative Proportional Fitting (IPF)...
IPF converged at iteration 32
IPF row error: 64.570541, col error: 0.000000
IPF converged at iteration 31
Starting Iterative Proportional Fitting (IPF)...
IPF row error: 75.490569, col error: 0.000000
Starting Iterative Proportional Fitting (IPF)...
IPF converged at iteration 32
IPF row error: 58.360333, col error: 0.000000
Starting Iterative Proportional Fitting (IPF)...
IPF converged at iteration 32
IPF row error: 64.570541, col error: 0.000000
Starting Iterative Proportional Fitting (IPF)...
IPF converged at iteration 31
IPF converged at iteration 28
IPF row error: 74.403194, col error: 0.000000
IPF row error: 100.063348, col error: 0.000000
Starting Iterative Proportional Fitting (IPF)...
Starting Iterative Proportional Fitting (IPF)...
IPF converged at iteration 26
IPF row error: 158.359304, col error: 0.000000
Starting Iterative Proportional Fitting (IPF)...
IPF converged at iteration 32
IPF row error: 64.570541, col error: 0.000000
Starting Iterative Proportional Fitting (IPF)...
IPF converged at iteration 32
IPF converged at iteration 33
IPF row error: 64.570541, col error: 0.000000
IPF row error: 61.215820, col error: 0.000000
Starting Iterative Proportional Fitting (IPF)...
Starting Iterative Proportional Fitting (IPF)...
IPF converged at iteration 49
IPF row error: 1.500976, col error: 0.000000
IPF converged at iteration 32
Starting Iterative Proportional Fitting (IPF)...
IPF row error: 64.570541, col error: 0.000000
Starting Iterative Proportional Fitting (IPF)...
IPF converged at iteration 32
IPF row error: 64.570541, col error: 0.000000
IPF converged at iteration 33
IPF row error: 59.419048, col error: 0.000000
Starting Iterative Proportional Fitting (IPF)...
Starting Iterative Proportional Fitting (IPF)...
IPF converged at iteration 32
IPF row error: 64.570541, col error: 0.000000
Starting Iterative Proportional Fitting (IPF)...
IPF converged at iteration 34
IPF row error: 40.895776, col error: 0.000000
IPF converged at iteration 32
Starting Iterative Proportional Fitting (IPF)...IPF row error: 64.570541, col error: 0.000000

IPF converged at iteration 32
IPF row error: 64.570541, col error: 0.000000
Starting Iterative Proportional Fitting (IPF)...
Starting Iterative Proportional Fitting (IPF)...
IPF converged at iteration 32
IPF row error: 64.570541, col error: 0.000000
IPF converged at iteration 26
IPF row error: 170.020660, col error: 0.000000
IPF converged at iteration 25
Starting Iterative Proportional Fitting (IPF)...
IPF row error: 188.132422, col error: 0.000000
  [2023/test] 진행 540/1750 (30.9%) | 누적 CPC 0.6546 | RMSE 330.1086 | %RMSE 6.5495 | 경과 6.1분 | 예상 남음 13.7분
Starting Iterative Proportional Fitting (IPF)...
IPF converged at iteration 30
Starting Iterative Proportional Fitting (IPF)...
IPF row error: 74.356855, col error: 0.000000
Starting Iterative Proportional Fitting (IPF)...
IPF converged at iteration 25
IPF row error: 179.808383, col error: 0.000000
Starting Iterative Proportional Fitting (IPF)...
IPF converged at iteration 25
IPF row error: 173.332263, col error: 0.000000
Starting Iterative Proportional Fitting (IPF)...
IPF converged at iteration 32
IPF row error: 64.570541, col error: 0.000000
Starting Iterative Proportional Fitting (IPF)...
IPF converged at iteration 32
IPF row error: 64.570541, col error: 0.000000
Starting Iterative Proportional Fitting (IPF)...
IPF converged at iteration 32
IPF row error: 64.570541, col error: 0.000000
IPF converged at iteration 32
Starting Iterative Proportional Fitting (IPF)...
IPF row error: 64.570541, col error: 0.000000
Starting Iterative Proportional Fitting (IPF)...
IPF converged at iteration 32
IPF row error: 64.570541, col error: 0.000000
IPF converged at iteration 48
IPF row error: 1.799237, col error: 0.000000
Starting Iterative Proportional Fitting (IPF)...
Starting Iterative Proportional Fitting (IPF)...
IPF converged at iteration 32
IPF row error: 64.599580, col error: 0.000000
Starting Iterative Proportional Fitting (IPF)...
IPF converged at iteration 32
IPF converged at iteration 30
IPF row error: 64.599580, col error: 0.000000
IPF row error: 71.016284, col error: 0.000000
Starting Iterative Proportional Fitting (IPF)...
Starting Iterative Proportional Fitting (IPF)...
IPF converged at iteration 55
IPF row error: 1.270524, col error: 0.000000
Starting Iterative Proportional Fitting (IPF)...
IPF converged at iteration 29
IPF row error: 100.890481, col error: 0.000000
Starting Iterative Proportional Fitting (IPF)...
IPF converged at iteration 30
IPF row error: 88.927778, col error: 0.000000
IPF converged at iteration 32
IPF row error: 64.599580, col error: 0.000000
Starting Iterative Proportional Fitting (IPF)...
Starting Iterative Proportional Fitting (IPF)...
IPF converged at iteration 32
IPF row error: 64.599580, col error: 0.000000
Starting Iterative Proportional Fitting (IPF)...
IPF converged at iteration 32
IPF row error: 64.599580, col error: 0.000000
Starting Iterative Proportional Fitting (IPF)...
IPF converged at iteration 32
IPF row error: 64.599580, col error: 0.000000
IPF converged at iteration 32
IPF row error: 64.599580, col error: 0.000000
Starting Iterative Proportional Fitting (IPF)...
Starting Iterative Proportional Fitting (IPF)...
IPF converged at iteration 32
IPF row error: 64.599580, col error: 0.000000
Starting Iterative Proportional Fitting (IPF)...
IPF converged at iteration 32
IPF row error: 64.599580, col error: 0.000000
IPF converged at iteration 33
IPF row error: 141.448716, col error: 0.000000
Starting Iterative Proportional Fitting (IPF)...
Starting Iterative Proportional Fitting (IPF)...
IPF converged at iteration 49
IPF row error: 5.871787, col error: 0.000000
Starting Iterative Proportional Fitting (IPF)...
IPF converged at iteration 32
IPF row error: 64.599580, col error: 0.000000
Starting Iterative Proportional Fitting (IPF)...
IPF converged at iteration 32
IPF converged at iteration 30
IPF row error: 112.818479, col error: 0.000000
IPF row error: 72.503264, col error: 0.000000
Starting Iterative Proportional Fitting (IPF)...
Starting Iterative Proportional Fitting (IPF)...
IPF converged at iteration 32
IPF row error: 64.599580, col error: 0.000000
Starting Iterative Proportional Fitting (IPF)...
IPF converged at iteration 32
IPF row error: 64.599580, col error: 0.000000
Starting Iterative Proportional Fitting (IPF)...
IPF converged at iteration 32
IPF converged at iteration 32
IPF row error: 66.362473, col error: 0.000000
IPF row error: 64.599580, col error: 0.000000
  [2023/test] 진행 570/1750 (32.6%) | 누적 CPC 0.6523 | RMSE 326.7345 | %RMSE 6.6017 | 경과 6.5분 | 예상 남음 13.4분
Starting Iterative Proportional Fitting (IPF)...
Starting Iterative Proportional Fitting (IPF)...
IPF converged at iteration 32
IPF row error: 64.599580, col error: 0.000000
Starting Iterative Proportional Fitting (IPF)...
IPF converged at iteration 33
IPF row error: 60.220959, col error: 0.000000
Starting Iterative Proportional Fitting (IPF)...
IPF converged at iteration 32
IPF converged at iteration 32
IPF row error: 64.599580, col error: 0.000000
IPF row error: 64.599580, col error: 0.000000
Starting Iterative Proportional Fitting (IPF)...
Starting Iterative Proportional Fitting (IPF)...
IPF converged at iteration 29
IPF row error: 129.940199, col error: 0.000000
Starting Iterative Proportional Fitting (IPF)...
IPF converged at iteration 32
IPF row error: 64.599580, col error: 0.000000
Starting Iterative Proportional Fitting (IPF)...
IPF converged at iteration 30
IPF row error: 81.780117, col error: 0.000000
IPF converged at iteration 32
IPF row error: 64.599580, col error: 0.000000
Starting Iterative Proportional Fitting (IPF)...
Starting Iterative Proportional Fitting (IPF)...
IPF converged at iteration 32
IPF row error: 64.599580, col error: 0.000000
Starting Iterative Proportional Fitting (IPF)...
IPF converged at iteration 32
IPF row error: 64.599580, col error: 0.000000
Starting Iterative Proportional Fitting (IPF)...
IPF converged at iteration 32
IPF row error: 64.599580, col error: 0.000000
IPF converged at iteration 32
IPF row error: 64.599580, col error: 0.000000
Starting Iterative Proportional Fitting (IPF)...
Starting Iterative Proportional Fitting (IPF)...
IPF converged at iteration 32
IPF row error: 64.599580, col error: 0.000000
Starting Iterative Proportional Fitting (IPF)...
IPF converged at iteration 30
IPF row error: 77.588423, col error: 0.000000
Starting Iterative Proportional Fitting (IPF)...
IPF converged at iteration 29
IPF row error: 99.624326, col error: 0.000000
IPF converged at iteration 32
IPF row error: 64.599580, col error: 0.000000
Starting Iterative Proportional Fitting (IPF)...
Starting Iterative Proportional Fitting (IPF)...
IPF converged at iteration 32
IPF row error: 64.599580, col error: 0.000000
Starting Iterative Proportional Fitting (IPF)...
IPF converged at iteration 32
IPF row error: 64.599580, col error: 0.000000
Starting Iterative Proportional Fitting (IPF)...
IPF converged at iteration 32
IPF row error: 66.823117, col error: 0.000000
IPF converged at iteration 32
IPF row error: 64.599580, col error: 0.000000
Starting Iterative Proportional Fitting (IPF)...
Starting Iterative Proportional Fitting (IPF)...
IPF converged at iteration 43
IPF row error: 5.814403, col error: 0.000000
IPF converged at iteration 54
Starting Iterative Proportional Fitting (IPF)...
IPF row error: 1.360838, col error: 0.000000
Starting Iterative Proportional Fitting (IPF)...
IPF converged at iteration 33
IPF row error: 59.674863, col error: 0.000000
IPF converged at iteration 32
IPF row error: 64.599580, col error: 0.000000
Starting Iterative Proportional Fitting (IPF)...
Starting Iterative Proportional Fitting (IPF)...
IPF converged at iteration 29
IPF row error: 87.734286, col error: 0.000000
IPF converged at iteration 28
Starting Iterative Proportional Fitting (IPF)...
IPF row error: 97.698725, col error: 0.000000
Starting Iterative Proportional Fitting (IPF)...
IPF converged at iteration 29
IPF row error: 94.164346, col error: 0.000000
IPF converged at iteration 32
Starting Iterative Proportional Fitting (IPF)...
IPF row error: 64.599580, col error: 0.000000
Starting Iterative Proportional Fitting (IPF)...
IPF converged at iteration 31
IPF row error: 70.817834, col error: 0.000000
  [2023/test] 진행 600/1750 (34.3%) | 누적 CPC 0.6544 | RMSE 323.7648 | %RMSE 6.6092 | 경과 6.8분 | 예상 남음 13.1분
IPF converged at iteration 29
IPF row error: 117.100820, col error: 0.000000
Starting Iterative Proportional Fitting (IPF)...
Starting Iterative Proportional Fitting (IPF)...
IPF converged at iteration 28
IPF row error: 112.892777, col error: 0.000000
Starting Iterative Proportional Fitting (IPF)...
IPF converged at iteration 32
IPF row error: 64.534003, col error: 0.000000
Starting Iterative Proportional Fitting (IPF)...
IPF converged at iteration 32
IPF row error: 63.728344, col error: 0.000000
IPF converged at iteration 32
IPF row error: 64.534003, col error: 0.000000
Starting Iterative Proportional Fitting (IPF)...
Starting Iterative Proportional Fitting (IPF)...
IPF converged at iteration 24
IPF row error: 55.054016, col error: 0.000000
IPF converged at iteration 32
IPF row error: 62.765919, col error: 0.000000
Starting Iterative Proportional Fitting (IPF)...
Starting Iterative Proportional Fitting (IPF)...
IPF converged at iteration 32
IPF row error: 64.534003, col error: 0.000000
IPF converged at iteration 30
IPF row error: 81.726623, col error: 0.000000
Starting Iterative Proportional Fitting (IPF)...
IPF converged at iteration 32
IPF row error: 64.534003, col error: 0.000000
Starting Iterative Proportional Fitting (IPF)...
IPF converged at iteration 42
IPF row error: 7.235931, col error: 0.000000
Starting Iterative Proportional Fitting (IPF)...
Starting Iterative Proportional Fitting (IPF)...
IPF converged at iteration 32
IPF row error: 64.534003, col error: 0.000000
IPF converged at iteration 31
IPF row error: 174.986671, col error: 0.000000
Starting Iterative Proportional Fitting (IPF)...
Starting Iterative Proportional Fitting (IPF)...
IPF converged at iteration 33
IPF row error: 54.267323, col error: 0.000000
IPF converged at iteration 32
IPF row error: 60.526699, col error: 0.000000
Starting Iterative Proportional Fitting (IPF)...
Starting Iterative Proportional Fitting (IPF)...
IPF converged at iteration 32
IPF row error: 64.534003, col error: 0.000000
IPF converged at iteration 32
IPF row error: 64.534003, col error: 0.000000
Starting Iterative Proportional Fitting (IPF)...
Starting Iterative Proportional Fitting (IPF)...
IPF converged at iteration 32
IPF row error: 64.534003, col error: 0.000000
Starting Iterative Proportional Fitting (IPF)...
IPF converged at iteration 35
IPF row error: 42.168634, col error: 0.000000
Starting Iterative Proportional Fitting (IPF)...
IPF converged at iteration 32
IPF row error: 64.534003, col error: 0.000000
IPF converged at iteration 35
Starting Iterative Proportional Fitting (IPF)...
IPF row error: 39.282973, col error: 0.000000
IPF converged at iteration 32
IPF converged at iteration 28
IPF row error: 64.534003, col error: 0.000000
IPF row error: 117.750330, col error: 0.000000
Starting Iterative Proportional Fitting (IPF)...
Starting Iterative Proportional Fitting (IPF)...
Starting Iterative Proportional Fitting (IPF)...
IPF converged at iteration 31
IPF row error: 68.919991, col error: 0.000000
Starting Iterative Proportional Fitting (IPF)...
IPF converged at iteration 29
IPF row error: 105.204042, col error: 0.000000
IPF converged at iteration 32
IPF row error: 64.534003, col error: 0.000000
Starting Iterative Proportional Fitting (IPF)...
Starting Iterative Proportional Fitting (IPF)...
IPF converged at iteration 48
IPF row error: 1.645827, col error: 0.000000
Starting Iterative Proportional Fitting (IPF)...
IPF converged at iteration 28
IPF row error: 129.873834, col error: 0.000000
Starting Iterative Proportional Fitting (IPF)...
IPF converged at iteration 32
IPF row error: 64.534003, col error: 0.000000
Starting Iterative Proportional Fitting (IPF)...
IPF converged at iteration 45
IPF row error: 4.141288, col error: 0.000000
  [2023/test] 진행 630/1750 (36.0%) | 누적 CPC 0.6552 | RMSE 323.9517 | %RMSE 6.6001 | 경과 7.2분 | 예상 남음 12.7분
Starting Iterative Proportional Fitting (IPF)...
IPF converged at iteration 31
IPF row error: 64.939244, col error: 0.000000
Starting Iterative Proportional Fitting (IPF)...
IPF converged at iteration 28
IPF row error: 101.637310, col error: 0.000000
Starting Iterative Proportional Fitting (IPF)...
IPF converged at iteration 32
IPF row error: 64.534003, col error: 0.000000
Starting Iterative Proportional Fitting (IPF)...
IPF converged at iteration 29
IPF row error: 103.232420, col error: 0.000000
Starting Iterative Proportional Fitting (IPF)...
IPF converged at iteration 32
IPF row error: 64.534003, col error: 0.000000
Starting Iterative Proportional Fitting (IPF)...
IPF converged at iteration 31
IPF row error: 67.259167, col error: 0.000000
Starting Iterative Proportional Fitting (IPF)...
IPF converged at iteration 32
IPF row error: 64.534003, col error: 0.000000
Starting Iterative Proportional Fitting (IPF)...
IPF converged at iteration 32
IPF row error: 64.534003, col error: 0.000000
Starting Iterative Proportional Fitting (IPF)...
IPF converged at iteration 32
IPF row error: 64.534003, col error: 0.000000
Starting Iterative Proportional Fitting (IPF)...
IPF converged at iteration 32
IPF row error: 64.534003, col error: 0.000000
Starting Iterative Proportional Fitting (IPF)...
IPF converged at iteration 24
IPF row error: 56.036957, col error: 0.000000
IPF converged at iteration 32
Starting Iterative Proportional Fitting (IPF)...
IPF row error: 64.534003, col error: 0.000000
Starting Iterative Proportional Fitting (IPF)...
IPF converged at iteration 29
IPF row error: 86.059259, col error: 0.000000
Starting Iterative Proportional Fitting (IPF)...
IPF converged at iteration 32
IPF row error: 64.534003, col error: 0.000000
IPF converged at iteration 49
IPF row error: 1.563951, col error: 0.000000
Starting Iterative Proportional Fitting (IPF)...
Starting Iterative Proportional Fitting (IPF)...
IPF converged at iteration 36
IPF row error: 28.131745, col error: 0.000000
Starting Iterative Proportional Fitting (IPF)...
IPF converged at iteration 32
IPF row error: 64.534003, col error: 0.000000
Starting Iterative Proportional Fitting (IPF)...
IPF converged at iteration 32
IPF converged at iteration 31
IPF row error: 64.534003, col error: 0.000000
IPF row error: 82.530842, col error: 0.000000
Starting Iterative Proportional Fitting (IPF)...
Starting Iterative Proportional Fitting (IPF)...
IPF converged at iteration 31
IPF row error: 85.577445, col error: 0.000000
Starting Iterative Proportional Fitting (IPF)...
IPF converged at iteration 31
IPF row error: 74.181214, col error: 0.000000
Starting Iterative Proportional Fitting (IPF)...
IPF converged at iteration 31
IPF converged at iteration 32IPF row error: 60.652555, col error: 0.000000

IPF row error: 64.338292, col error: 0.000000
Starting Iterative Proportional Fitting (IPF)...
Starting Iterative Proportional Fitting (IPF)...
IPF converged at iteration 32
IPF row error: 64.338292, col error: 0.000000
Starting Iterative Proportional Fitting (IPF)...
IPF converged at iteration 27
IPF row error: 31.117259, col error: 0.000000
Starting Iterative Proportional Fitting (IPF)...
IPF converged at iteration 32
IPF row error: 64.338292, col error: 0.000000
IPF converged at iteration 33
IPF row error: 63.071060, col error: 0.000000
Starting Iterative Proportional Fitting (IPF)...
Starting Iterative Proportional Fitting (IPF)...
IPF converged at iteration 32
IPF row error: 64.338292, col error: 0.000000
Starting Iterative Proportional Fitting (IPF)...
IPF converged at iteration 32
IPF row error: 64.338292, col error: 0.000000
Starting Iterative Proportional Fitting (IPF)...
IPF converged at iteration 28
IPF row error: 119.911939, col error: 0.000000
  [2023/test] 진행 660/1750 (37.7%) | 누적 CPC 0.6559 | RMSE 331.0298 | %RMSE 6.6498 | 경과 7.5분 | 예상 남음 12.4분
Starting Iterative Proportional Fitting (IPF)...
IPF converged at iteration 28
IPF row error: 97.656304, col error: 0.000000
Starting Iterative Proportional Fitting (IPF)...
IPF converged at iteration 43
IPF row error: 6.462355, col error: 0.000000
Starting Iterative Proportional Fitting (IPF)...
IPF converged at iteration 32
IPF row error: 64.338292, col error: 0.000000
Starting Iterative Proportional Fitting (IPF)...
IPF converged at iteration 28
IPF row error: 203.678541, col error: 0.000000
Starting Iterative Proportional Fitting (IPF)...
IPF converged at iteration 32
IPF row error: 64.338292, col error: 0.000000
Starting Iterative Proportional Fitting (IPF)...
IPF converged at iteration 32
IPF row error: 64.338292, col error: 0.000000
Starting Iterative Proportional Fitting (IPF)...
IPF converged at iteration 29
IPF row error: 95.310323, col error: 0.000000
Starting Iterative Proportional Fitting (IPF)...
IPF converged at iteration 32
IPF row error: 70.393032, col error: 0.000000
Starting Iterative Proportional Fitting (IPF)...
IPF converged at iteration 31
IPF row error: 73.005246, col error: 0.000000
Starting Iterative Proportional Fitting (IPF)...
IPF converged at iteration 32
IPF row error: 64.338292, col error: 0.000000
Starting Iterative Proportional Fitting (IPF)...
IPF converged at iteration 32
IPF row error: 83.607155, col error: 0.000000
Starting Iterative Proportional Fitting (IPF)...
IPF converged at iteration 33
IPF row error: 42.570710, col error: 0.000000
Starting Iterative Proportional Fitting (IPF)...
IPF converged at iteration 32
IPF row error: 64.338292, col error: 0.000000
IPF converged at iteration 29
Starting Iterative Proportional Fitting (IPF)...
IPF row error: 88.863168, col error: 0.000000
Starting Iterative Proportional Fitting (IPF)...
IPF converged at iteration 31
IPF row error: 70.426547, col error: 0.000000
Starting Iterative Proportional Fitting (IPF)...
IPF converged at iteration 32
IPF row error: 64.338292, col error: 0.000000
Starting Iterative Proportional Fitting (IPF)...
IPF converged at iteration 32
IPF row error: 64.338292, col error: 0.000000
IPF converged at iteration 31
IPF row error: 76.874021, col error: 0.000000
Starting Iterative Proportional Fitting (IPF)...
Starting Iterative Proportional Fitting (IPF)...
IPF converged at iteration 45
IPF row error: 4.082197, col error: 0.000000
Starting Iterative Proportional Fitting (IPF)...
IPF converged at iteration 32
IPF row error: 64.338292, col error: 0.000000
Starting Iterative Proportional Fitting (IPF)...
IPF converged at iteration 46
IPF row error: 2.989474, col error: 0.000000
IPF converged at iteration 56
IPF row error: 1.230294, col error: 0.000000
Starting Iterative Proportional Fitting (IPF)...
Starting Iterative Proportional Fitting (IPF)...
IPF converged at iteration 29
IPF row error: 85.297485, col error: 0.000000
Starting Iterative Proportional Fitting (IPF)...
IPF converged at iteration 29
IPF row error: 95.892455, col error: 0.000000
Starting Iterative Proportional Fitting (IPF)...
IPF converged at iteration 32
IPF row error: 72.317854, col error: 0.000000
Starting Iterative Proportional Fitting (IPF)...
IPF converged at iteration 40
IPF row error: 12.037676, col error: 0.000000
IPF converged at iteration 32
IPF row error: 76.814753, col error: 0.000000
Starting Iterative Proportional Fitting (IPF)...
Starting Iterative Proportional Fitting (IPF)...
IPF converged at iteration 36
IPF row error: 28.303062, col error: 0.000000
Starting Iterative Proportional Fitting (IPF)...
IPF converged at iteration 32
IPF row error: 64.338292, col error: 0.000000
Starting Iterative Proportional Fitting (IPF)...
IPF converged at iteration 32
IPF row error: 64.338292, col error: 0.000000
  [2023/test] 진행 690/1750 (39.4%) | 누적 CPC 0.6565 | RMSE 349.1194 | %RMSE 6.7856 | 경과 7.9분 | 예상 남음 12.1분
Starting Iterative Proportional Fitting (IPF)...
IPF converged at iteration 27
IPF row error: 108.443913, col error: 0.000000
Starting Iterative Proportional Fitting (IPF)...
IPF converged at iteration 50
IPF row error: 1.231533, col error: 0.000000
Starting Iterative Proportional Fitting (IPF)...
IPF converged at iteration 32
IPF row error: 64.338292, col error: 0.000000
IPF converged at iteration 28
IPF row error: 143.482134, col error: 0.000000
Starting Iterative Proportional Fitting (IPF)...
Starting Iterative Proportional Fitting (IPF)...
IPF converged at iteration 30
IPF row error: 141.545015, col error: 0.000000
Starting Iterative Proportional Fitting (IPF)...
IPF converged at iteration 32
IPF row error: 64.338292, col error: 0.000000
Starting Iterative Proportional Fitting (IPF)...
IPF converged at iteration 32
IPF row error: 64.338292, col error: 0.000000
Starting Iterative Proportional Fitting (IPF)...
IPF converged at iteration 25
IPF row error: 145.426383, col error: 0.000000
Starting Iterative Proportional Fitting (IPF)...
IPF converged at iteration 54
IPF row error: 1.443242, col error: 0.000000
IPF converged at iteration 32
IPF row error: 64.338292, col error: 0.000000
Starting Iterative Proportional Fitting (IPF)...
Starting Iterative Proportional Fitting (IPF)...
IPF converged at iteration 43
IPF row error: 5.273477, col error: 0.000000
Starting Iterative Proportional Fitting (IPF)...
IPF converged at iteration 39
IPF row error: 12.463481, col error: 0.000000
Starting Iterative Proportional Fitting (IPF)...
IPF converged at iteration 31
IPF row error: 75.298466, col error: 0.000000
Starting Iterative Proportional Fitting (IPF)...
IPF converged at iteration 39
IPF row error: 12.348355, col error: 0.000000
Starting Iterative Proportional Fitting (IPF)...
IPF converged at iteration 32
IPF row error: 61.204285, col error: 0.000000
Starting Iterative Proportional Fitting (IPF)...
IPF converged at iteration 43
IPF row error: 4.999613, col error: 0.000000
Starting Iterative Proportional Fitting (IPF)...
IPF converged at iteration 39
IPF row error: 12.377792, col error: 0.000000
IPF converged at iteration 35
IPF row error: 34.479217, col error: 0.000000
Starting Iterative Proportional Fitting (IPF)...
Starting Iterative Proportional Fitting (IPF)...
IPF converged at iteration 28
IPF row error: 114.924878, col error: 0.000000
Starting Iterative Proportional Fitting (IPF)...
IPF converged at iteration 43
IPF row error: 4.982473, col error: 0.000000
Starting Iterative Proportional Fitting (IPF)...
IPF converged at iteration 39
IPF row error: 12.415655, col error: 0.000000
Starting Iterative Proportional Fitting (IPF)...
IPF converged at iteration 52
IPF row error: 1.300652, col error: 0.000000
Starting Iterative Proportional Fitting (IPF)...
IPF converged at iteration 26
IPF row error: 141.878118, col error: 0.000000
Starting Iterative Proportional Fitting (IPF)...
IPF converged at iteration 39
IPF row error: 12.442243, col error: 0.000000
Starting Iterative Proportional Fitting (IPF)...
IPF converged at iteration 39
IPF row error: 12.496902, col error: 0.000000
Starting Iterative Proportional Fitting (IPF)...
IPF converged at iteration 28
IPF row error: 138.228561, col error: 0.000000
Starting Iterative Proportional Fitting (IPF)...
IPF converged at iteration 39
IPF row error: 12.463481, col error: 0.000000
Starting Iterative Proportional Fitting (IPF)...
IPF converged at iteration 39
IPF row error: 12.408496, col error: 0.000000
Starting Iterative Proportional Fitting (IPF)...
IPF converged at iteration 30
IPF row error: 83.022438, col error: 0.000000
Starting Iterative Proportional Fitting (IPF)...
IPF converged at iteration 39
IPF row error: 12.351923, col error: 0.000000
  [2023/test] 진행 720/1750 (41.1%) | 누적 CPC 0.6464 | RMSE 389.0665 | %RMSE 7.0562 | 경과 8.3분 | 예상 남음 11.8분
Starting Iterative Proportional Fitting (IPF)...
IPF converged at iteration 39
IPF row error: 12.377792, col error: 0.000000
IPF converged at iteration 30
IPF row error: 77.098825, col error: 0.000000
Starting Iterative Proportional Fitting (IPF)...
Starting Iterative Proportional Fitting (IPF)...
IPF converged at iteration 31
IPF row error: 79.031425, col error: 0.000000
Starting Iterative Proportional Fitting (IPF)...
IPF converged at iteration 28
IPF row error: 100.739977, col error: 0.000000
Starting Iterative Proportional Fitting (IPF)...
IPF converged at iteration 43
IPF row error: 4.982473, col error: 0.000000
Starting Iterative Proportional Fitting (IPF)...
IPF converged at iteration 29
IPF row error: 101.876111, col error: 0.000000
IPF converged at iteration 43
IPF row error: 4.991039, col error: 0.000000
Starting Iterative Proportional Fitting (IPF)...
Starting Iterative Proportional Fitting (IPF)...
IPF converged at iteration 28
IPF row error: 30.869791, col error: 0.000000
IPF converged at iteration 43
IPF row error: 4.996714, col error: 0.000000
Starting Iterative Proportional Fitting (IPF)...
Starting Iterative Proportional Fitting (IPF)...
IPF converged at iteration 39
IPF row error: 12.515111, col error: 0.000000
Starting Iterative Proportional Fitting (IPF)...
IPF converged at iteration 39
IPF row error: 12.412808, col error: 0.000000
Starting Iterative Proportional Fitting (IPF)...
IPF converged at iteration 39
IPF row error: 12.396133, col error: 0.000000
IPF converged at iteration 39
IPF row error: 12.351923, col error: 0.000000
Starting Iterative Proportional Fitting (IPF)...
Starting Iterative Proportional Fitting (IPF)...
IPF converged at iteration 30
IPF row error: 79.003230, col error: 0.000000
IPF converged at iteration 39
IPF row error: 12.463481, col error: 0.000000
Starting Iterative Proportional Fitting (IPF)...
Starting Iterative Proportional Fitting (IPF)...
IPF converged at iteration 29
IPF row error: 79.817845, col error: 0.000000
Starting Iterative Proportional Fitting (IPF)...
IPF converged at iteration 29
IPF row error: 100.494369, col error: 0.000000
Starting Iterative Proportional Fitting (IPF)...
IPF converged at iteration 39
IPF row error: 12.463470, col error: 0.000000
Starting Iterative Proportional Fitting (IPF)...
IPF converged at iteration 52
IPF row error: 1.318043, col error: 0.000000
Starting Iterative Proportional Fitting (IPF)...
IPF converged at iteration 39
IPF row error: 12.396133, col error: 0.000000
Starting Iterative Proportional Fitting (IPF)...
IPF converged at iteration 39
IPF row error: 12.263283, col error: 0.000000
Starting Iterative Proportional Fitting (IPF)...
IPF converged at iteration 39
IPF row error: 12.348355, col error: 0.000000
Starting Iterative Proportional Fitting (IPF)...
IPF converged at iteration 39
IPF row error: 12.463470, col error: 0.000000
Starting Iterative Proportional Fitting (IPF)...
IPF converged at iteration 29
IPF row error: 97.177686, col error: 0.000000
IPF converged at iteration 29
Starting Iterative Proportional Fitting (IPF)...
IPF converged at iteration 39
IPF row error: 89.662128, col error: 0.000000
IPF row error: 12.377792, col error: 0.000000
Starting Iterative Proportional Fitting (IPF)...
Starting Iterative Proportional Fitting (IPF)...
IPF converged at iteration 43
IPF converged at iteration 32
IPF row error: 4.996714, col error: 0.000000
IPF row error: 68.455945, col error: 0.000000
Starting Iterative Proportional Fitting (IPF)...
Starting Iterative Proportional Fitting (IPF)...
IPF converged at iteration 39
IPF row error: 12.496902, col error: 0.000000
IPF converged at iteration 39
IPF row error: 12.391128, col error: 0.000000
  [2023/test] 진행 750/1750 (42.9%) | 누적 CPC 0.6322 | RMSE 437.4779 | %RMSE 7.3833 | 경과 8.6분 | 예상 남음 11.5분
Starting Iterative Proportional Fitting (IPF)...
Starting Iterative Proportional Fitting (IPF)...
IPF converged at iteration 25
IPF row error: 52.500968, col error: 0.000000
Starting Iterative Proportional Fitting (IPF)...
IPF converged at iteration 39
IPF row error: 13.978005, col error: 0.000000
IPF converged at iteration 29
IPF row error: 95.062566, col error: 0.000000
Starting Iterative Proportional Fitting (IPF)...
Starting Iterative Proportional Fitting (IPF)...
IPF converged at iteration 43
IPF row error: 5.072085, col error: 0.000000
Starting Iterative Proportional Fitting (IPF)...
IPF converged at iteration 31
IPF row error: 78.045546, col error: 0.000000
IPF converged at iteration 51
Starting Iterative Proportional Fitting (IPF)...
IPF row error: 1.345439, col error: 0.000000
Starting Iterative Proportional Fitting (IPF)...
IPF converged at iteration 43
IPF row error: 5.057340, col error: 0.000000
Starting Iterative Proportional Fitting (IPF)...
IPF converged at iteration 43
IPF row error: 5.076213, col error: 0.000000
Starting Iterative Proportional Fitting (IPF)...
IPF converged at iteration 31
IPF row error: 77.105349, col error: 0.000000
Starting Iterative Proportional Fitting (IPF)...
IPF converged at iteration 43
IPF row error: 5.067487, col error: 0.000000
Starting Iterative Proportional Fitting (IPF)...
IPF converged at iteration 45
IPF row error: 3.739295, col error: 0.000000
Starting Iterative Proportional Fitting (IPF)...
IPF converged at iteration 28
IPF row error: 106.215519, col error: 0.000000
IPF converged at iteration 43
IPF row error: 5.067487, col error: 0.000000
Starting Iterative Proportional Fitting (IPF)...
Starting Iterative Proportional Fitting (IPF)...
IPF converged at iteration 31
IPF row error: 80.267510, col error: 0.000000
Starting Iterative Proportional Fitting (IPF)...
IPF converged at iteration 28
IPF row error: 95.811245, col error: 0.000000
Starting Iterative Proportional Fitting (IPF)...
IPF converged at iteration 31
IPF row error: 200.051166, col error: 0.000000
Starting Iterative Proportional Fitting (IPF)...
IPF converged at iteration 43
IPF row error: 5.078667, col error: 0.000000
Starting Iterative Proportional Fitting (IPF)...
IPF converged at iteration 40
IPF row error: 11.056700, col error: 0.000000
Starting Iterative Proportional Fitting (IPF)...
IPF converged at iteration 43
IPF row error: 5.072085, col error: 0.000000
Starting Iterative Proportional Fitting (IPF)...
IPF converged at iteration 43
IPF converged at iteration 28
IPF row error: 5.063600, col error: 0.000000
IPF row error: 94.801447, col error: 0.000000
Starting Iterative Proportional Fitting (IPF)...
Starting Iterative Proportional Fitting (IPF)...
IPF converged at iteration 43
IPF row error: 5.086007, col error: 0.000000
Starting Iterative Proportional Fitting (IPF)...
IPF converged at iteration 30
IPF row error: 107.222504, col error: 0.000000
IPF converged at iteration 43
IPF row error: 5.080839, col error: 0.000000
IPF converged at iteration 33
Starting Iterative Proportional Fitting (IPF)...
IPF row error: 36.617039, col error: 0.000000
Starting Iterative Proportional Fitting (IPF)...
Starting Iterative Proportional Fitting (IPF)...
IPF converged at iteration 29
IPF row error: 85.678456, col error: 0.000000
IPF converged at iteration 29
IPF row error: 100.343106, col error: 0.000000
Starting Iterative Proportional Fitting (IPF)...
IPF converged at iteration 43
IPF row error: 5.056490, col error: 0.000000
Starting Iterative Proportional Fitting (IPF)...
Starting Iterative Proportional Fitting (IPF)...
IPF converged at iteration 49
IPF row error: 1.348979, col error: 0.000000
Starting Iterative Proportional Fitting (IPF)...
IPF converged at iteration 29
IPF converged at iteration 29
IPF row error: 94.374204, col error: 0.000000
  [2023/test] 진행 780/1750 (44.6%) | 누적 CPC 0.6173 | RMSE 461.5133 | %RMSE 7.5682 | 경과 9.0분 | 예상 남음 11.2분
IPF row error: 94.566841, col error: 0.000000
Starting Iterative Proportional Fitting (IPF)...
Starting Iterative Proportional Fitting (IPF)...
IPF converged at iteration 43
IPF row error: 5.020331, col error: 0.000000
Starting Iterative Proportional Fitting (IPF)...
IPF converged at iteration 40
IPF row error: 10.144542, col error: 0.000000
Starting Iterative Proportional Fitting (IPF)...
IPF converged at iteration 28
IPF row error: 119.266350, col error: 0.000000
IPF converged at iteration 31
IPF row error: 78.229704, col error: 0.000000
Starting Iterative Proportional Fitting (IPF)...
Starting Iterative Proportional Fitting (IPF)...
IPF converged at iteration 29
IPF row error: 142.927931, col error: 0.000000
Starting Iterative Proportional Fitting (IPF)...
IPF converged at iteration 43
IPF row error: 5.065205, col error: 0.000000
IPF converged at iteration 30
IPF row error: 87.574262, col error: 0.000000
Starting Iterative Proportional Fitting (IPF)...
Starting Iterative Proportional Fitting (IPF)...
IPF converged at iteration 49
IPF row error: 1.359767, col error: 0.000000
IPF converged at iteration 28
IPF row error: 107.637898, col error: 0.000000
Starting Iterative Proportional Fitting (IPF)...
Starting Iterative Proportional Fitting (IPF)...
IPF converged at iteration 31
IPF row error: 170.816289, col error: 0.000000
Starting Iterative Proportional Fitting (IPF)...
IPF converged at iteration 43
IPF row error: 5.073437, col error: 0.000000
Starting Iterative Proportional Fitting (IPF)...
IPF converged at iteration 27
IPF row error: 73.060798, col error: 0.000000
Starting Iterative Proportional Fitting (IPF)...
IPF converged at iteration 29
IPF row error: 118.477835, col error: 0.000000
Starting Iterative Proportional Fitting (IPF)...
IPF converged at iteration 43
IPF row error: 5.086007, col error: 0.000000
Starting Iterative Proportional Fitting (IPF)...
IPF converged at iteration 43
IPF row error: 5.057340, col error: 0.000000
IPF converged at iteration 51
IPF row error: 1.345439, col error: 0.000000
Starting Iterative Proportional Fitting (IPF)...
IPF converged at iteration 43
IPF row error: 5.063600, col error: 0.000000
Starting Iterative Proportional Fitting (IPF)...
Starting Iterative Proportional Fitting (IPF)...
IPF converged at iteration 25
IPF row error: 191.724093, col error: 0.000000
Starting Iterative Proportional Fitting (IPF)...
IPF converged at iteration 50
IPF row error: 5.119641, col error: 0.000000
Starting Iterative Proportional Fitting (IPF)...
IPF converged at iteration 43
IPF row error: 5.073437, col error: 0.000000
Starting Iterative Proportional Fitting (IPF)...
IPF converged at iteration 44
IPF row error: 4.594026, col error: 0.000000
Starting Iterative Proportional Fitting (IPF)...
IPF converged at iteration 25
IPF row error: 188.927512, col error: 0.000000
Starting Iterative Proportional Fitting (IPF)...
IPF converged at iteration 27IPF converged at iteration 49

IPF row error: 1.521174, col error: 0.000000
IPF row error: 136.750043, col error: 0.000000
Starting Iterative Proportional Fitting (IPF)...
Starting Iterative Proportional Fitting (IPF)...
IPF converged at iteration 48
IPF row error: 1.862689, col error: 0.000000
Starting Iterative Proportional Fitting (IPF)...
IPF converged at iteration 29
IPF row error: 101.273148, col error: 0.000000
Starting Iterative Proportional Fitting (IPF)...
IPF converged at iteration 48
IPF row error: 1.759339, col error: 0.000000
Starting Iterative Proportional Fitting (IPF)...
IPF converged at iteration 48
IPF converged at iteration 47
IPF row error: 1.785145, col error: 0.000000
IPF row error: 2.610215, col error: 0.000000
  [2023/test] 진행 810/1750 (46.3%) | 누적 CPC 0.6035 | RMSE 479.6245 | %RMSE 7.7679 | 경과 9.4분 | 예상 남음 10.9분
Starting Iterative Proportional Fitting (IPF)...
Starting Iterative Proportional Fitting (IPF)...
IPF converged at iteration 30
IPF row error: 212.488566, col error: 0.000000
Starting Iterative Proportional Fitting (IPF)...
IPF converged at iteration 44
IPF row error: 4.405844, col error: 0.000000
IPF converged at iteration 31
IPF converged at iteration 32
IPF row error: 209.773720, col error: 0.000000
IPF row error: 13.840130, col error: 0.000000
Starting Iterative Proportional Fitting (IPF)...
Starting Iterative Proportional Fitting (IPF)...
Starting Iterative Proportional Fitting (IPF)...
IPF converged at iteration 26
IPF row error: 45.819758, col error: 0.000000
Starting Iterative Proportional Fitting (IPF)...
IPF converged at iteration 30
IPF row error: 77.175092, col error: 0.000000
Starting Iterative Proportional Fitting (IPF)...
IPF converged at iteration 48
IPF row error: 1.846459, col error: 0.000000
Starting Iterative Proportional Fitting (IPF)...
IPF converged at iteration 48
IPF row error: 1.844355, col error: 0.000000
Starting Iterative Proportional Fitting (IPF)...
IPF converged at iteration 30
IPF converged at iteration 48
IPF row error: 85.423430, col error: 0.000000
IPF row error: 1.862689, col error: 0.000000
IPF converged at iteration 54
IPF row error: 1.230780, col error: 0.000000
IPF converged at iteration 44
Starting Iterative Proportional Fitting (IPF)...
Starting Iterative Proportional Fitting (IPF)...
IPF row error: 4.434831, col error: 0.000000
Starting Iterative Proportional Fitting (IPF)...
Starting Iterative Proportional Fitting (IPF)...
IPF converged at iteration 32
IPF converged at iteration 32
IPF row error: 67.911749, col error: 0.000000
IPF row error: 67.864740, col error: 0.000000
IPF converged at iteration 31
IPF row error: 79.213506, col error: 0.000000
Starting Iterative Proportional Fitting (IPF)...
Starting Iterative Proportional Fitting (IPF)...
Starting Iterative Proportional Fitting (IPF)...
IPF converged at iteration 48
IPF row error: 1.844355, col error: 0.000000
Starting Iterative Proportional Fitting (IPF)...
IPF converged at iteration 27
IPF row error: 116.769149, col error: 0.000000
IPF converged at iteration 31
IPF row error: 81.545928, col error: 0.000000
Starting Iterative Proportional Fitting (IPF)...
Starting Iterative Proportional Fitting (IPF)...
IPF converged at iteration 53
IPF row error: 1.437222, col error: 0.000000
Starting Iterative Proportional Fitting (IPF)...
IPF converged at iteration 44
IPF row error: 4.411334, col error: 0.000000
Starting Iterative Proportional Fitting (IPF)...
IPF converged at iteration 54
IPF converged at iteration 31
IPF converged at iteration 53
IPF row error: 1.223246, col error: 0.000000
IPF row error: 85.831190, col error: 0.000000
IPF row error: 1.215570, col error: 0.000000
Starting Iterative Proportional Fitting (IPF)...
Starting Iterative Proportional Fitting (IPF)...
Starting Iterative Proportional Fitting (IPF)...
IPF converged at iteration 23
IPF converged at iteration 48
IPF row error: 88.560567, col error: 0.000000
IPF row error: 1.785145, col error: 0.000000
Starting Iterative Proportional Fitting (IPF)...
Starting Iterative Proportional Fitting (IPF)...
IPF converged at iteration 48IPF converged at iteration 49

IPF row error: 1.862689, col error: 0.000000
IPF row error: 1.507444, col error: 0.000000
Starting Iterative Proportional Fitting (IPF)...
Starting Iterative Proportional Fitting (IPF)...
IPF converged at iteration 28
IPF row error: 126.694949, col error: 0.000000
Starting Iterative Proportional Fitting (IPF)...
IPF converged at iteration 32
IPF row error: 70.353354, col error: 0.000000
Starting Iterative Proportional Fitting (IPF)...
IPF converged at iteration 28
IPF row error: 127.774741, col error: 0.000000
  [2023/test] 진행 840/1750 (48.0%) | 누적 CPC 0.5921 | RMSE 487.4426 | %RMSE 7.9912 | 경과 9.8분 | 예상 남음 10.6분
Starting Iterative Proportional Fitting (IPF)...
IPF converged at iteration 29
IPF row error: 117.426710, col error: 0.000000
IPF converged at iteration 44
IPF row error: 4.594026, col error: 0.000000
Starting Iterative Proportional Fitting (IPF)...
Starting Iterative Proportional Fitting (IPF)...
IPF converged at iteration 48
IPF row error: 1.844355, col error: 0.000000
Starting Iterative Proportional Fitting (IPF)...
IPF converged at iteration 48
IPF row error: 1.849362, col error: 0.000000
Starting Iterative Proportional Fitting (IPF)...
IPF converged at iteration 31
IPF row error: 66.930153, col error: 0.000000
IPF converged at iteration 48
IPF row error: 1.827853, col error: 0.000000
Starting Iterative Proportional Fitting (IPF)...
Starting Iterative Proportional Fitting (IPF)...
IPF converged at iteration 54
IPF row error: 1.234334, col error: 0.000000
Starting Iterative Proportional Fitting (IPF)...
IPF converged at iteration 49
IPF row error: 1.521174, col error: 0.000000
Starting Iterative Proportional Fitting (IPF)...
IPF converged at iteration 48
IPF row error: 1.759339, col error: 0.000000
IPF converged at iteration 54
IPF row error: 1.234334, col error: 0.000000
Starting Iterative Proportional Fitting (IPF)...
Starting Iterative Proportional Fitting (IPF)...
IPF converged at iteration 51
IPF row error: 1.207815, col error: 0.000000
Starting Iterative Proportional Fitting (IPF)...
IPF converged at iteration 31
IPF row error: 73.700760, col error: 0.000000
IPF converged at iteration 30
IPF row error: 83.257953, col error: 0.000000
Starting Iterative Proportional Fitting (IPF)...
Starting Iterative Proportional Fitting (IPF)...
IPF converged at iteration 53
IPF row error: 1.229143, col error: 0.000000
Starting Iterative Proportional Fitting (IPF)...
IPF converged at iteration 50
IPF row error: 5.551282, col error: 0.000000
Starting Iterative Proportional Fitting (IPF)...
IPF converged at iteration 30
IPF row error: 91.174275, col error: 0.000000
Starting Iterative Proportional Fitting (IPF)...
IPF converged at iteration 29
IPF row error: 78.582051, col error: 0.000000
Starting Iterative Proportional Fitting (IPF)...
IPF converged at iteration 47
IPF row error: 2.209635, col error: 0.000000
Starting Iterative Proportional Fitting (IPF)...
IPF converged at iteration 32
IPF row error: 73.858657, col error: 0.000000
Starting Iterative Proportional Fitting (IPF)...
IPF converged at iteration 28
IPF row error: 104.581425, col error: 0.000000
Starting Iterative Proportional Fitting (IPF)...
IPF converged at iteration 28
IPF row error: 103.969777, col error: 0.000000
Starting Iterative Proportional Fitting (IPF)...
IPF converged at iteration 56
IPF row error: 1.307589, col error: 0.000000
Starting Iterative Proportional Fitting (IPF)...
IPF converged at iteration 34
IPF row error: 40.777821, col error: 0.000000
IPF converged at iteration 29
IPF row error: 116.835885, col error: 0.000000
Starting Iterative Proportional Fitting (IPF)...
IPF converged at iteration 25
IPF row error: 174.182300, col error: 0.000000
Starting Iterative Proportional Fitting (IPF)...
Starting Iterative Proportional Fitting (IPF)...
IPF converged at iteration 50
IPF row error: 1.433885, col error: 0.000000
Starting Iterative Proportional Fitting (IPF)...
IPF converged at iteration 31
IPF converged at iteration 28
IPF row error: 73.748562, col error: 0.000000
IPF row error: 92.036027, col error: 0.000000
Starting Iterative Proportional Fitting (IPF)...
Starting Iterative Proportional Fitting (IPF)...
IPF converged at iteration 50
IPF row error: 1.436339, col error: 0.000000
Starting Iterative Proportional Fitting (IPF)...
IPF converged at iteration 53
IPF row error: 1.250355, col error: 0.000000
  [2023/test] 진행 870/1750 (49.7%) | 누적 CPC 0.5812 | RMSE 484.2645 | %RMSE 8.0571 | 경과 10.2분 | 예상 남음 10.4분
Starting Iterative Proportional Fitting (IPF)...
IPF converged at iteration 32
IPF converged at iteration 32
IPF row error: 68.144168, col error: 0.000000
IPF row error: 55.789653, col error: 0.000000
Starting Iterative Proportional Fitting (IPF)...Starting Iterative Proportional Fitting (IPF)...

IPF converged at iteration 50
IPF row error: 1.431516, col error: 0.000000
IPF converged at iteration 32
IPF row error: 71.333801, col error: 0.000000
Starting Iterative Proportional Fitting (IPF)...
Starting Iterative Proportional Fitting (IPF)...
IPF converged at iteration 50
IPF row error: 1.420220, col error: 0.000000
Starting Iterative Proportional Fitting (IPF)...
IPF converged at iteration 50
IPF row error: 1.434760, col error: 0.000000
Starting Iterative Proportional Fitting (IPF)...
IPF converged at iteration 30
IPF row error: 73.705822, col error: 0.000000
IPF converged at iteration 33
IPF row error: 49.244128, col error: 0.000000
Starting Iterative Proportional Fitting (IPF)...
Starting Iterative Proportional Fitting (IPF)...
IPF converged at iteration 50
IPF row error: 1.431371, col error: 0.000000
Starting Iterative Proportional Fitting (IPF)...
IPF converged at iteration 56
IPF row error: 1.328608, col error: 0.000000
Starting Iterative Proportional Fitting (IPF)...
IPF converged at iteration 50
IPF row error: 1.440813, col error: 0.000000
IPF converged at iteration 50
IPF row error: 1.428496, col error: 0.000000
Starting Iterative Proportional Fitting (IPF)...
Starting Iterative Proportional Fitting (IPF)...
IPF converged at iteration 50
IPF row error: 1.269216, col error: 0.000000
IPF converged at iteration 30
IPF row error: 84.676647, col error: 0.000000
IPF converged at iteration 32
Starting Iterative Proportional Fitting (IPF)...IPF row error: 52.490296, col error: 0.000000

Starting Iterative Proportional Fitting (IPF)...
Starting Iterative Proportional Fitting (IPF)...
IPF converged at iteration 53
IPF row error: 1.229143, col error: 0.000000
Starting Iterative Proportional Fitting (IPF)...
IPF converged at iteration 29
IPF row error: 94.510046, col error: 0.000000
Starting Iterative Proportional Fitting (IPF)...
IPF converged at iteration 56
IPF converged at iteration 44
IPF row error: 1.328608, col error: 0.000000
IPF row error: 4.087370, col error: 0.000000
IPF converged at iteration 56
IPF row error: 1.307589, col error: 0.000000
Starting Iterative Proportional Fitting (IPF)...Starting Iterative Proportional Fitting (IPF)...

Starting Iterative Proportional Fitting (IPF)...
IPF converged at iteration 53
IPF row error: 1.250355, col error: 0.000000
IPF converged at iteration 28
IPF row error: 91.593463, col error: 0.000000
Starting Iterative Proportional Fitting (IPF)...
Starting Iterative Proportional Fitting (IPF)...
IPF converged at iteration 39
IPF row error: 14.710458, col error: 0.000000
Starting Iterative Proportional Fitting (IPF)...
IPF converged at iteration 56
IPF row error: 1.323142, col error: 0.000000
Starting Iterative Proportional Fitting (IPF)...
IPF converged at iteration 29
IPF row error: 95.439857, col error: 0.000000
Starting Iterative Proportional Fitting (IPF)...
IPF converged at iteration 39
IPF row error: 13.151188, col error: 0.000000
Starting Iterative Proportional Fitting (IPF)...
IPF converged at iteration 53
IPF row error: 1.250355, col error: 0.000000
Starting Iterative Proportional Fitting (IPF)...
IPF converged at iteration 50
IPF row error: 1.432315, col error: 0.000000
IPF converged at iteration 45
IPF row error: 3.488923, col error: 0.000000
Starting Iterative Proportional Fitting (IPF)...
Starting Iterative Proportional Fitting (IPF)...
IPF converged at iteration 50
IPF row error: 1.433927, col error: 0.000000
  [2023/test] 진행 900/1750 (51.4%) | 누적 CPC 0.5707 | RMSE 476.6107 | %RMSE 8.0555 | 경과 10.7분 | 예상 남음 10.1분
Starting Iterative Proportional Fitting (IPF)...
IPF converged at iteration 44
IPF row error: 4.517419, col error: 0.000000
IPF converged at iteration 32
Starting Iterative Proportional Fitting (IPF)...
IPF row error: 81.960859, col error: 0.000000
Starting Iterative Proportional Fitting (IPF)...
IPF converged at iteration 44
IPF row error: 4.364054, col error: 0.000000
Starting Iterative Proportional Fitting (IPF)...
IPF converged at iteration 41
IPF row error: 8.757894, col error: 0.000000
Starting Iterative Proportional Fitting (IPF)...
IPF converged at iteration 23
IPF row error: 79.400983, col error: 0.000000
Starting Iterative Proportional Fitting (IPF)...
IPF converged at iteration 44
IPF row error: 4.370413, col error: 0.000000
IPF converged at iteration 44
IPF row error: 4.536634, col error: 0.000000
Starting Iterative Proportional Fitting (IPF)...
Starting Iterative Proportional Fitting (IPF)...
IPF converged at iteration 45
IPF row error: 4.219349, col error: 0.000000
Starting Iterative Proportional Fitting (IPF)...
IPF converged at iteration 42
IPF row error: 7.200594, col error: 0.000000
Starting Iterative Proportional Fitting (IPF)...
IPF converged at iteration 47IPF converged at iteration 50

IPF row error: 1.336478, col error: 0.000000
IPF row error: 2.419076, col error: 0.000000
Starting Iterative Proportional Fitting (IPF)...
Starting Iterative Proportional Fitting (IPF)...
IPF converged at iteration 30
IPF row error: 94.496525, col error: 0.000000
Starting Iterative Proportional Fitting (IPF)...
IPF converged at iteration 29
IPF row error: 101.069357, col error: 0.000000
IPF converged at iteration 31
IPF row error: 82.147501, col error: 0.000000
Starting Iterative Proportional Fitting (IPF)...
Starting Iterative Proportional Fitting (IPF)...
IPF converged at iteration 50
IPF row error: 1.336478, col error: 0.000000
Starting Iterative Proportional Fitting (IPF)...
IPF converged at iteration 51
IPF row error: 1.223536, col error: 0.000000
Starting Iterative Proportional Fitting (IPF)...
IPF converged at iteration 44
IPF row error: 4.298752, col error: 0.000000
Starting Iterative Proportional Fitting (IPF)...
IPF converged at iteration 51
IPF converged at iteration 44
IPF row error: 1.221512, col error: 0.000000
IPF row error: 4.408651, col error: 0.000000
Starting Iterative Proportional Fitting (IPF)...
Starting Iterative Proportional Fitting (IPF)...
IPF converged at iteration 32
IPF row error: 68.576267, col error: 0.000000
Starting Iterative Proportional Fitting (IPF)...
IPF converged at iteration 28
IPF row error: 116.228886, col error: 0.000000
Starting Iterative Proportional Fitting (IPF)...
IPF converged at iteration 45
IPF row error: 4.251435, col error: 0.000000
IPF converged at iteration 31
IPF row error: 81.946300, col error: 0.000000
Starting Iterative Proportional Fitting (IPF)...
IPF converged at iteration 44
IPF row error: 4.551401, col error: 0.000000
Starting Iterative Proportional Fitting (IPF)...
Starting Iterative Proportional Fitting (IPF)...
IPF converged at iteration 29
IPF converged at iteration 44
IPF row error: 145.635216, col error: 0.000000
IPF row error: 4.417275, col error: 0.000000
Starting Iterative Proportional Fitting (IPF)...
Starting Iterative Proportional Fitting (IPF)...
IPF converged at iteration 48
IPF row error: 1.789663, col error: 0.000000
IPF converged at iteration 44
IPF row error: 5.338950, col error: 0.000000
Starting Iterative Proportional Fitting (IPF)...
Starting Iterative Proportional Fitting (IPF)...
IPF converged at iteration 26
IPF row error: 41.457046, col error: 0.000000
Starting Iterative Proportional Fitting (IPF)...
IPF converged at iteration 32
IPF row error: 73.154114, col error: 0.000000
  [2023/test] 진행 930/1750 (53.1%) | 누적 CPC 0.5647 | RMSE 480.1885 | %RMSE 8.1792 | 경과 11.1분 | 예상 남음 9.8분
Starting Iterative Proportional Fitting (IPF)...
IPF converged at iteration 30
IPF row error: 76.614602, col error: 0.000000
Starting Iterative Proportional Fitting (IPF)...
IPF converged at iteration 26
IPF row error: 149.210259, col error: 0.000000
IPF converged at iteration 44
Starting Iterative Proportional Fitting (IPF)...
IPF row error: 4.416297, col error: 0.000000
Starting Iterative Proportional Fitting (IPF)...
IPF converged at iteration 29
IPF row error: 124.285668, col error: 0.000000
Starting Iterative Proportional Fitting (IPF)...
IPF converged at iteration 28
IPF row error: 107.118026, col error: 0.000000
Starting Iterative Proportional Fitting (IPF)...
IPF converged at iteration 30
IPF row error: 95.927895, col error: 0.000000
Starting Iterative Proportional Fitting (IPF)...
IPF converged at iteration 54
IPF row error: 1.364085, col error: 0.000000
IPF converged at iteration 44
IPF row error: 4.404198, col error: 0.000000
Starting Iterative Proportional Fitting (IPF)...
Starting Iterative Proportional Fitting (IPF)...
IPF converged at iteration 29
IPF row error: 103.045489, col error: 0.000000
IPF converged at iteration 44
Starting Iterative Proportional Fitting (IPF)...
IPF converged at iteration 27
IPF row error: 4.542655, col error: 0.000000
IPF row error: 125.013190, col error: 0.000000
Starting Iterative Proportional Fitting (IPF)...
Starting Iterative Proportional Fitting (IPF)...
IPF converged at iteration 44
IPF row error: 4.563983, col error: 0.000000
Starting Iterative Proportional Fitting (IPF)...
IPF converged at iteration 28
IPF converged at iteration 25
IPF row error: 120.364134, col error: 0.000000
IPF row error: 43.340293, col error: 0.000000
Starting Iterative Proportional Fitting (IPF)...
Starting Iterative Proportional Fitting (IPF)...
IPF converged at iteration 41
IPF row error: 10.338792, col error: 0.000000
Starting Iterative Proportional Fitting (IPF)...
IPF converged at iteration 38
IPF row error: 20.949110, col error: 0.000000
Starting Iterative Proportional Fitting (IPF)...
IPF converged at iteration 42
IPF row error: 7.209747, col error: 0.000000
IPF converged at iteration 44
IPF row error: 4.542655, col error: 0.000000
Starting Iterative Proportional Fitting (IPF)...
IPF converged at iteration 31
Starting Iterative Proportional Fitting (IPF)...
IPF row error: 90.099706, col error: 0.000000
Starting Iterative Proportional Fitting (IPF)...
IPF converged at iteration 44
IPF row error: 4.536634, col error: 0.000000
IPF converged at iteration 32
IPF row error: 67.408178, col error: 0.000000
Starting Iterative Proportional Fitting (IPF)...
Starting Iterative Proportional Fitting (IPF)...
IPF converged at iteration 47
IPF converged at iteration 52
IPF row error: 2.278486, col error: 0.000000
IPF row error: 1.228224, col error: 0.000000
Starting Iterative Proportional Fitting (IPF)...
Starting Iterative Proportional Fitting (IPF)...
IPF converged at iteration 28
IPF row error: 105.844715, col error: 0.000000
Starting Iterative Proportional Fitting (IPF)...
IPF converged at iteration 24
IPF row error: 81.681226, col error: 0.000000
IPF converged at iteration 46
IPF row error: 2.696538, col error: 0.000000
Starting Iterative Proportional Fitting (IPF)...
Starting Iterative Proportional Fitting (IPF)...
IPF converged at iteration 34
IPF row error: 44.480145, col error: 0.000000
Starting Iterative Proportional Fitting (IPF)...
IPF converged at iteration 46
IPF row error: 2.713509, col error: 0.000000
IPF converged at iteration 28
IPF row error: 104.251111, col error: 0.000000
Starting Iterative Proportional Fitting (IPF)...
Starting Iterative Proportional Fitting (IPF)...
IPF converged at iteration 30
IPF row error: 91.008751, col error: 0.000000
  [2023/test] 진행 960/1750 (54.9%) | 누적 CPC 0.5576 | RMSE 486.6958 | %RMSE 8.3085 | 경과 11.5분 | 예상 남음 9.4분
Starting Iterative Proportional Fitting (IPF)...
IPF converged at iteration 46
IPF row error: 2.709237, col error: 0.000000
Starting Iterative Proportional Fitting (IPF)...
IPF converged at iteration 27
IPF row error: 124.961626, col error: 0.000000
Starting Iterative Proportional Fitting (IPF)...
IPF converged at iteration 22
IPF row error: 100.371131, col error: 0.000000
IPF converged at iteration 42
IPF row error: 6.726344, col error: 0.000000
Starting Iterative Proportional Fitting (IPF)...
Starting Iterative Proportional Fitting (IPF)...
IPF converged at iteration 52
IPF row error: 1.342877, col error: 0.000000
Starting Iterative Proportional Fitting (IPF)...
IPF converged at iteration 42
IPF row error: 6.671698, col error: 0.000000
IPF converged at iteration 27
IPF row error: 147.930119, col error: 0.000000
Starting Iterative Proportional Fitting (IPF)...
Starting Iterative Proportional Fitting (IPF)...
IPF converged at iteration 46
IPF row error: 2.733133, col error: 0.000000
Starting Iterative Proportional Fitting (IPF)...
IPF converged at iteration 47
IPF converged at iteration 41
IPF row error: 2.172406, col error: 0.000000
IPF row error: 8.962545, col error: 0.000000
Starting Iterative Proportional Fitting (IPF)...
Starting Iterative Proportional Fitting (IPF)...
IPF converged at iteration 27
IPF converged at iteration 47
IPF row error: 104.414603, col error: 0.000000
IPF row error: 2.277797, col error: 0.000000
Starting Iterative Proportional Fitting (IPF)...Starting Iterative Proportional Fitting (IPF)...

IPF converged at iteration 23
IPF row error: 80.081808, col error: 0.000000
Starting Iterative Proportional Fitting (IPF)...
IPF converged at iteration 31
IPF row error: 79.729308, col error: 0.000000
Starting Iterative Proportional Fitting (IPF)...
IPF converged at iteration 46
IPF converged at iteration 46
IPF row error: 2.711681, col error: 0.000000
IPF row error: 2.713509, col error: 0.000000
Starting Iterative Proportional Fitting (IPF)...
Starting Iterative Proportional Fitting (IPF)...
IPF converged at iteration 26
IPF row error: 158.357951, col error: 0.000000
Starting Iterative Proportional Fitting (IPF)...
IPF converged at iteration 32
IPF row error: 69.282732, col error: 0.000000
Starting Iterative Proportional Fitting (IPF)...
IPF converged at iteration 46
IPF row error: 2.717279, col error: 0.000000
IPF converged at iteration 47
IPF row error: 2.278486, col error: 0.000000
Starting Iterative Proportional Fitting (IPF)...
Starting Iterative Proportional Fitting (IPF)...
IPF converged at iteration 42
IPF row error: 6.662034, col error: 0.000000
Starting Iterative Proportional Fitting (IPF)...
IPF converged at iteration 46
IPF row error: 2.733133, col error: 0.000000
IPF converged at iteration 30
Starting Iterative Proportional Fitting (IPF)...
IPF row error: 76.189471, col error: 0.000000
Starting Iterative Proportional Fitting (IPF)...
IPF converged at iteration 35
IPF row error: 38.070691, col error: 0.000000
Starting Iterative Proportional Fitting (IPF)...
IPF converged at iteration 42
IPF row error: 6.811665, col error: 0.000000
Starting Iterative Proportional Fitting (IPF)...
IPF converged at iteration 32
IPF row error: 70.314794, col error: 0.000000
IPF converged at iteration 30
IPF row error: 81.547092, col error: 0.000000
Starting Iterative Proportional Fitting (IPF)...
Starting Iterative Proportional Fitting (IPF)...
IPF converged at iteration 27
IPF row error: 115.767897, col error: 0.000000
Starting Iterative Proportional Fitting (IPF)...
IPF converged at iteration 46
IPF row error: 2.709237, col error: 0.000000
Starting Iterative Proportional Fitting (IPF)...
IPF converged at iteration 41
IPF row error: 8.581978, col error: 0.000000
  [2023/test] 진행 990/1750 (56.6%) | 누적 CPC 0.5499 | RMSE 496.0928 | %RMSE 8.4129 | 경과 11.9분 | 예상 남음 9.1분
IPF converged at iteration 46
Starting Iterative Proportional Fitting (IPF)...
IPF row error: 2.860602, col error: 0.000000
Starting Iterative Proportional Fitting (IPF)...
IPF converged at iteration 46
IPF row error: 2.725385, col error: 0.000000
Starting Iterative Proportional Fitting (IPF)...
IPF converged at iteration 27
IPF row error: 138.019694, col error: 0.000000
Starting Iterative Proportional Fitting (IPF)...
IPF converged at iteration 31
IPF row error: 84.859358, col error: 0.000000
IPF converged at iteration 47
IPF row error: 2.115135, col error: 0.000000
Starting Iterative Proportional Fitting (IPF)...
IPF converged at iteration 46
Starting Iterative Proportional Fitting (IPF)...
IPF row error: 2.725385, col error: 0.000000
Starting Iterative Proportional Fitting (IPF)...
IPF converged at iteration 28
IPF row error: 146.853121, col error: 0.000000
Starting Iterative Proportional Fitting (IPF)...
IPF converged at iteration 32
IPF row error: 67.608926, col error: 0.000000
Starting Iterative Proportional Fitting (IPF)...
IPF converged at iteration 32
IPF row error: 145.187420, col error: 0.000000
Starting Iterative Proportional Fitting (IPF)...
IPF converged at iteration 42
IPF row error: 6.899893, col error: 0.000000
Starting Iterative Proportional Fitting (IPF)...
IPF converged at iteration 27
IPF row error: 99.479998, col error: 0.000000
Starting Iterative Proportional Fitting (IPF)...
IPF converged at iteration 30
IPF row error: 92.764970, col error: 0.000000
IPF converged at iteration 38
IPF row error: 14.910760, col error: 0.000000
Starting Iterative Proportional Fitting (IPF)...
Starting Iterative Proportional Fitting (IPF)...
IPF converged at iteration 31
IPF row error: 70.266989, col error: 0.000000
Starting Iterative Proportional Fitting (IPF)...
IPF converged at iteration 38
IPF row error: 14.812706, col error: 0.000000
Starting Iterative Proportional Fitting (IPF)...
IPF converged at iteration 31
IPF row error: 75.956909, col error: 0.000000
Starting Iterative Proportional Fitting (IPF)...
IPF converged at iteration 29
IPF row error: 106.034282, col error: 0.000000
IPF converged at iteration 38
IPF row error: 15.385079, col error: 0.000000
Starting Iterative Proportional Fitting (IPF)...
Starting Iterative Proportional Fitting (IPF)...
IPF converged at iteration 30
IPF row error: 92.527689, col error: 0.000000
IPF converged at iteration 48
Starting Iterative Proportional Fitting (IPF)...
IPF row error: 1.649881, col error: 0.000000
Starting Iterative Proportional Fitting (IPF)...
IPF converged at iteration 31
IPF row error: 65.223719, col error: 0.000000
Starting Iterative Proportional Fitting (IPF)...
IPF converged at iteration 38
IPF row error: 15.111115, col error: 0.000000
Starting Iterative Proportional Fitting (IPF)...
IPF converged at iteration 30
IPF row error: 91.993817, col error: 0.000000
Starting Iterative Proportional Fitting (IPF)...
IPF converged at iteration 31
IPF row error: 66.259462, col error: 0.000000
Starting Iterative Proportional Fitting (IPF)...
IPF converged at iteration 38
IPF row error: 14.841913, col error: 0.000000
Starting Iterative Proportional Fitting (IPF)...
IPF converged at iteration 50
IPF row error: 5.314086, col error: 0.000000
IPF converged at iteration 29
IPF row error: 86.081420, col error: 0.000000
Starting Iterative Proportional Fitting (IPF)...
Starting Iterative Proportional Fitting (IPF)...
IPF converged at iteration 38
IPF row error: 14.964701, col error: 0.000000
Starting Iterative Proportional Fitting (IPF)...
IPF converged at iteration 30
IPF row error: 87.238056, col error: 0.000000
Starting Iterative Proportional Fitting (IPF)...
IPF converged at iteration 29
IPF row error: 99.447545, col error: 0.000000
  [2023/test] 진행 1020/1750 (58.3%) | 누적 CPC 0.5429 | RMSE 538.4103 | %RMSE 8.6898 | 경과 12.3분 | 예상 남음 8.8분
Starting Iterative Proportional Fitting (IPF)...
IPF converged at iteration 42
IPF row error: 6.074657, col error: 0.000000
Starting Iterative Proportional Fitting (IPF)...
IPF converged at iteration 31
IPF row error: 83.963368, col error: 0.000000
IPF converged at iteration 43
IPF row error: 4.793545, col error: 0.000000
Starting Iterative Proportional Fitting (IPF)...
Starting Iterative Proportional Fitting (IPF)...
IPF converged at iteration 38
IPF row error: 15.186041, col error: 0.000000
Starting Iterative Proportional Fitting (IPF)...
IPF converged at iteration 37
IPF row error: 18.948924, col error: 0.000000
Starting Iterative Proportional Fitting (IPF)...
IPF converged at iteration 35
IPF row error: 33.180237, col error: 0.000000
Starting Iterative Proportional Fitting (IPF)...
IPF converged at iteration 50
IPF row error: 1.301675, col error: 0.000000
Starting Iterative Proportional Fitting (IPF)...
IPF converged at iteration 29
IPF row error: 166.851807, col error: 0.000000
Starting Iterative Proportional Fitting (IPF)...
IPF converged at iteration 28
IPF row error: 100.728367, col error: 0.000000
Starting Iterative Proportional Fitting (IPF)...
IPF converged at iteration 43
IPF row error: 4.916003, col error: 0.000000
Starting Iterative Proportional Fitting (IPF)...
IPF converged at iteration 38
IPF row error: 15.141782, col error: 0.000000
IPF converged at iteration 37
IPF row error: 18.624081, col error: 0.000000
Starting Iterative Proportional Fitting (IPF)...
Starting Iterative Proportional Fitting (IPF)...
IPF converged at iteration 38
IPF row error: 14.908970, col error: 0.000000
Starting Iterative Proportional Fitting (IPF)...
IPF converged at iteration 35
IPF row error: 28.975433, col error: 0.000000
Starting Iterative Proportional Fitting (IPF)...
IPF converged at iteration 42
IPF row error: 6.010447, col error: 0.000000
Starting Iterative Proportional Fitting (IPF)...
IPF converged at iteration 48
IPF row error: 1.622777, col error: 0.000000
Starting Iterative Proportional Fitting (IPF)...
IPF converged at iteration 43
IPF row error: 4.824951, col error: 0.000000
IPF converged at iteration 29
Starting Iterative Proportional Fitting (IPF)...
IPF row error: 100.790755, col error: 0.000000
Starting Iterative Proportional Fitting (IPF)...
IPF converged at iteration 31
IPF row error: 61.896413, col error: 0.000000
Starting Iterative Proportional Fitting (IPF)...
IPF converged at iteration 28
IPF row error: 101.335018, col error: 0.000000
IPF converged at iteration 38
IPF row error: 15.144495, col error: 0.000000
Starting Iterative Proportional Fitting (IPF)...
Starting Iterative Proportional Fitting (IPF)...
IPF converged at iteration 38
IPF row error: 15.050474, col error: 0.000000
Starting Iterative Proportional Fitting (IPF)...
IPF converged at iteration 38
IPF row error: 15.171074, col error: 0.000000
IPF converged at iteration 24
IPF row error: 57.883102, col error: 0.000000
IPF converged at iteration 27
IPF row error: 102.555689, col error: 0.000000
Starting Iterative Proportional Fitting (IPF)...
Starting Iterative Proportional Fitting (IPF)...
Starting Iterative Proportional Fitting (IPF)...
IPF converged at iteration 31
IPF row error: 78.764614, col error: 0.000000
Starting Iterative Proportional Fitting (IPF)...
IPF converged at iteration 26
IPF row error: 129.611739, col error: 0.000000
Starting Iterative Proportional Fitting (IPF)...
IPF converged at iteration 37
IPF converged at iteration 38
IPF row error: 18.966545, col error: 0.000000
IPF row error: 15.016056, col error: 0.000000
Starting Iterative Proportional Fitting (IPF)...
Starting Iterative Proportional Fitting (IPF)...
IPF converged at iteration 50
IPF row error: 1.315651, col error: 0.000000
  [2023/test] 진행 1050/1750 (60.0%) | 누적 CPC 0.5368 | RMSE 590.2058 | %RMSE 9.0016 | 경과 12.6분 | 예상 남음 8.4분
Starting Iterative Proportional Fitting (IPF)...
IPF converged at iteration 52
IPF row error: 1.329792, col error: 0.000000
Starting Iterative Proportional Fitting (IPF)...
IPF converged at iteration 52
IPF converged at iteration 52
IPF row error: 1.329792, col error: 0.000000
IPF row error: 1.329792, col error: 0.000000
Starting Iterative Proportional Fitting (IPF)...Starting Iterative Proportional Fitting (IPF)...

IPF converged at iteration 52
IPF row error: 1.329792, col error: 0.000000
Starting Iterative Proportional Fitting (IPF)...
IPF converged at iteration 31
IPF row error: 69.012950, col error: 0.000000
Starting Iterative Proportional Fitting (IPF)...
IPF converged at iteration 52
IPF row error: 1.329792, col error: 0.000000
Starting Iterative Proportional Fitting (IPF)...
IPF converged at iteration 52
IPF row error: 1.329792, col error: 0.000000
Starting Iterative Proportional Fitting (IPF)...
IPF converged at iteration 30
IPF row error: 73.918955, col error: 0.000000
IPF converged at iteration 27
IPF row error: 200.907601, col error: 0.000000
Starting Iterative Proportional Fitting (IPF)...
Starting Iterative Proportional Fitting (IPF)...
IPF converged at iteration 52
IPF row error: 1.329792, col error: 0.000000
Starting Iterative Proportional Fitting (IPF)...
IPF converged at iteration 31
IPF row error: 82.415341, col error: 0.000000
Starting Iterative Proportional Fitting (IPF)...
IPF converged at iteration 36
IPF row error: 28.291577, col error: 0.000000
Starting Iterative Proportional Fitting (IPF)...
IPF converged at iteration 39
IPF row error: 13.218244, col error: 0.000000
IPF converged at iteration 52
IPF row error: 1.329792, col error: 0.000000
Starting Iterative Proportional Fitting (IPF)...
Starting Iterative Proportional Fitting (IPF)...
IPF converged at iteration 43
IPF row error: 5.941893, col error: 0.000000
Starting Iterative Proportional Fitting (IPF)...
IPF converged at iteration 32
IPF row error: 77.731304, col error: 0.000000
Starting Iterative Proportional Fitting (IPF)...
IPF converged at iteration 31
IPF row error: 83.480430, col error: 0.000000
Starting Iterative Proportional Fitting (IPF)...
IPF converged at iteration 52
IPF row error: 1.329792, col error: 0.000000
IPF converged at iteration 30
IPF row error: 87.119230, col error: 0.000000
IPF converged at iteration 52
IPF row error: 1.329792, col error: 0.000000
Starting Iterative Proportional Fitting (IPF)...
Starting Iterative Proportional Fitting (IPF)...
Starting Iterative Proportional Fitting (IPF)...
IPF converged at iteration 29
IPF row error: 113.926927, col error: 0.000000
Starting Iterative Proportional Fitting (IPF)...
IPF converged at iteration 33
IPF row error: 58.235125, col error: 0.000000
Starting Iterative Proportional Fitting (IPF)...
IPF converged at iteration 52
IPF row error: 1.329792, col error: 0.000000
Starting Iterative Proportional Fitting (IPF)...
IPF converged at iteration 52
IPF row error: 1.329792, col error: 0.000000
Starting Iterative Proportional Fitting (IPF)...
IPF converged at iteration 34
IPF row error: 47.581144, col error: 0.000000
Starting Iterative Proportional Fitting (IPF)...
IPF converged at iteration 30
IPF row error: 90.977588, col error: 0.000000
Starting Iterative Proportional Fitting (IPF)...
IPF converged at iteration 52
IPF row error: 1.329792, col error: 0.000000
Starting Iterative Proportional Fitting (IPF)...
IPF converged at iteration 30
IPF row error: 86.397596, col error: 0.000000
Starting Iterative Proportional Fitting (IPF)...
IPF converged at iteration 52
IPF row error: 1.329792, col error: 0.000000
Starting Iterative Proportional Fitting (IPF)...
IPF converged at iteration 52
IPF row error: 1.329792, col error: 0.000000
  [2023/test] 진행 1080/1750 (61.7%) | 누적 CPC 0.5247 | RMSE 617.4317 | %RMSE 9.1781 | 경과 13.1분 | 예상 남음 8.1분
IPF converged at iteration 32
IPF row error: 65.801482, col error: 0.000000
Starting Iterative Proportional Fitting (IPF)...
Starting Iterative Proportional Fitting (IPF)...
IPF converged at iteration 29
IPF row error: 79.437810, col error: 0.000000
Starting Iterative Proportional Fitting (IPF)...
IPF converged at iteration 52
IPF row error: 1.329792, col error: 0.000000
Starting Iterative Proportional Fitting (IPF)...
IPF converged at iteration 29
IPF row error: 77.984582, col error: 0.000000
Starting Iterative Proportional Fitting (IPF)...
IPF converged at iteration 30
IPF row error: 81.545394, col error: 0.000000
Starting Iterative Proportional Fitting (IPF)...
IPF converged at iteration 52
IPF row error: 1.329792, col error: 0.000000
Starting Iterative Proportional Fitting (IPF)...
IPF converged at iteration 29
IPF converged at iteration 52
IPF row error: 64.317359, col error: 0.000000
IPF row error: 1.329792, col error: 0.000000
Starting Iterative Proportional Fitting (IPF)...
Starting Iterative Proportional Fitting (IPF)...
IPF converged at iteration 30
IPF row error: 86.331717, col error: 0.000000
Starting Iterative Proportional Fitting (IPF)...
IPF converged at iteration 52
IPF row error: 1.329792, col error: 0.000000
Starting Iterative Proportional Fitting (IPF)...
IPF converged at iteration 52
IPF converged at iteration 52
IPF row error: 1.329792, col error: 0.000000
IPF row error: 1.329792, col error: 0.000000
Starting Iterative Proportional Fitting (IPF)...
Starting Iterative Proportional Fitting (IPF)...
IPF converged at iteration 52
IPF row error: 1.329792, col error: 0.000000
Starting Iterative Proportional Fitting (IPF)...
IPF converged at iteration 52
IPF row error: 1.329792, col error: 0.000000
Starting Iterative Proportional Fitting (IPF)...
IPF converged at iteration 32
IPF row error: 68.745231, col error: 0.000000
Starting Iterative Proportional Fitting (IPF)...
IPF converged at iteration 52
IPF row error: 1.329792, col error: 0.000000
IPF converged at iteration 32
IPF row error: 73.548759, col error: 0.000000
Starting Iterative Proportional Fitting (IPF)...
Starting Iterative Proportional Fitting (IPF)...
IPF converged at iteration 52
IPF row error: 1.329792, col error: 0.000000
Starting Iterative Proportional Fitting (IPF)...
IPF converged at iteration 52
IPF row error: 1.329792, col error: 0.000000
Starting Iterative Proportional Fitting (IPF)...
IPF converged at iteration 52
IPF row error: 1.329792, col error: 0.000000
IPF converged at iteration 51
IPF row error: 1.331284, col error: 0.000000
Starting Iterative Proportional Fitting (IPF)...
Starting Iterative Proportional Fitting (IPF)...
IPF converged at iteration 30
IPF row error: 89.485632, col error: 0.000000
IPF converged at iteration 26
IPF row error: 214.894261, col error: 0.000000
Starting Iterative Proportional Fitting (IPF)...
Starting Iterative Proportional Fitting (IPF)...
IPF converged at iteration 29
IPF row error: 176.262228, col error: 0.000000
Starting Iterative Proportional Fitting (IPF)...
IPF converged at iteration 32
IPF row error: 53.528857, col error: 0.000000
Starting Iterative Proportional Fitting (IPF)...
IPF converged at iteration 51
IPF row error: 1.331284, col error: 0.000000
Starting Iterative Proportional Fitting (IPF)...
IPF converged at iteration 51
IPF row error: 1.331284, col error: 0.000000
Starting Iterative Proportional Fitting (IPF)...
IPF converged at iteration 51
IPF row error: 1.331284, col error: 0.000000
Starting Iterative Proportional Fitting (IPF)...
IPF converged at iteration 51
IPF row error: 1.331284, col error: 0.000000
Starting Iterative Proportional Fitting (IPF)...
IPF converged at iteration 51
IPF row error: 1.331284, col error: 0.000000
  [2023/test] 진행 1110/1750 (63.4%) | 누적 CPC 0.5132 | RMSE 641.5273 | %RMSE 9.3339 | 경과 13.5분 | 예상 남음 7.8분
Starting Iterative Proportional Fitting (IPF)...
IPF converged at iteration 51
IPF row error: 1.331284, col error: 0.000000
Starting Iterative Proportional Fitting (IPF)...
IPF converged at iteration 29
IPF row error: 81.881344, col error: 0.000000
Starting Iterative Proportional Fitting (IPF)...
IPF converged at iteration 27
IPF row error: 151.062554, col error: 0.000000
Starting Iterative Proportional Fitting (IPF)...
IPF converged at iteration 36
IPF row error: 28.807741, col error: 0.000000
IPF converged at iteration 51
IPF row error: 1.331284, col error: 0.000000
Starting Iterative Proportional Fitting (IPF)...
Starting Iterative Proportional Fitting (IPF)...
IPF converged at iteration 51
IPF row error: 1.331284, col error: 0.000000
Starting Iterative Proportional Fitting (IPF)...
IPF converged at iteration 51
IPF row error: 1.331284, col error: 0.000000
Starting Iterative Proportional Fitting (IPF)...
IPF converged at iteration 28
IPF row error: 118.685773, col error: 0.000000
Starting Iterative Proportional Fitting (IPF)...
IPF converged at iteration 51
IPF row error: 1.331284, col error: 0.000000
IPF converged at iteration 51IPF converged at iteration 27

IPF row error: 129.814612, col error: 0.000000
IPF row error: 1.331284, col error: 0.000000
Starting Iterative Proportional Fitting (IPF)...
Starting Iterative Proportional Fitting (IPF)...
Starting Iterative Proportional Fitting (IPF)...
IPF converged at iteration 46
IPF row error: 2.878043, col error: 0.000000
Starting Iterative Proportional Fitting (IPF)...
IPF converged at iteration 51
IPF row error: 1.331284, col error: 0.000000
IPF converged at iteration 51
IPF converged at iteration 51
IPF row error: 1.331284, col error: 0.000000
IPF row error: 1.331284, col error: 0.000000
Starting Iterative Proportional Fitting (IPF)...
Starting Iterative Proportional Fitting (IPF)...
Starting Iterative Proportional Fitting (IPF)...
IPF converged at iteration 29
IPF row error: 113.402559, col error: 0.000000
Starting Iterative Proportional Fitting (IPF)...
IPF converged at iteration 30
IPF row error: 78.030192, col error: 0.000000
IPF converged at iteration 32
IPF row error: 67.229213, col error: 0.000000
IPF converged at iteration 31
IPF row error: 81.395366, col error: 0.000000
Starting Iterative Proportional Fitting (IPF)...
Starting Iterative Proportional Fitting (IPF)...
Starting Iterative Proportional Fitting (IPF)...
IPF converged at iteration 48
IPF row error: 1.746429, col error: 0.000000
IPF converged at iteration 30
IPF converged at iteration 28
IPF row error: 69.145665, col error: 0.000000
IPF row error: 131.967898, col error: 0.000000
IPF converged at iteration 30
IPF row error: 83.695125, col error: 0.000000
Starting Iterative Proportional Fitting (IPF)...
Starting Iterative Proportional Fitting (IPF)...
Starting Iterative Proportional Fitting (IPF)...
Starting Iterative Proportional Fitting (IPF)...
IPF converged at iteration 30
IPF row error: 66.993241, col error: 0.000000
IPF converged at iteration 31
IPF row error: 68.698285, col error: 0.000000
Starting Iterative Proportional Fitting (IPF)...
Starting Iterative Proportional Fitting (IPF)...
IPF converged at iteration 51
IPF row error: 1.331284, col error: 0.000000
IPF converged at iteration 51
IPF row error: 1.331284, col error: 0.000000
Starting Iterative Proportional Fitting (IPF)...
Starting Iterative Proportional Fitting (IPF)...
IPF converged at iteration 31
IPF row error: 17.338029, col error: 0.000000
Starting Iterative Proportional Fitting (IPF)...
IPF converged at iteration 29
IPF converged at iteration 27
IPF row error: 206.751989, col error: 0.000000
IPF converged at iteration 51
IPF row error: 126.029836, col error: 0.000000
  [2023/test] 진행 1140/1750 (65.1%) | 누적 CPC 0.5024 | RMSE 661.1688 | %RMSE 9.4578 | 경과 13.9분 | 예상 남음 7.4분
IPF row error: 1.331284, col error: 0.000000
Starting Iterative Proportional Fitting (IPF)...
Starting Iterative Proportional Fitting (IPF)...
Starting Iterative Proportional Fitting (IPF)...
IPF converged at iteration 31
IPF row error: 69.455964, col error: 0.000000
IPF converged at iteration 51
IPF row error: 1.331284, col error: 0.000000
Starting Iterative Proportional Fitting (IPF)...
Starting Iterative Proportional Fitting (IPF)...
IPF converged at iteration 51
IPF row error: 1.331284, col error: 0.000000
IPF converged at iteration 51
IPF row error: 1.331284, col error: 0.000000
Starting Iterative Proportional Fitting (IPF)...
Starting Iterative Proportional Fitting (IPF)...
IPF converged at iteration 49
IPF row error: 1.488838, col error: 0.000000
IPF converged at iteration 32
IPF row error: 75.619913, col error: 0.000000
IPF converged at iteration 51
Starting Iterative Proportional Fitting (IPF)...
IPF row error: 1.331284, col error: 0.000000
Starting Iterative Proportional Fitting (IPF)...
Starting Iterative Proportional Fitting (IPF)...
IPF converged at iteration 51
IPF row error: 1.331284, col error: 0.000000
Starting Iterative Proportional Fitting (IPF)...
IPF converged at iteration 32
IPF row error: 60.956873, col error: 0.000000
Starting Iterative Proportional Fitting (IPF)...
IPF converged at iteration 44
IPF row error: 4.540471, col error: 0.000000
Starting Iterative Proportional Fitting (IPF)...
IPF converged at iteration 53
IPF row error: 1.214609, col error: 0.000000
Starting Iterative Proportional Fitting (IPF)...
IPF converged at iteration 26
IPF row error: 156.522659, col error: 0.000000
Starting Iterative Proportional Fitting (IPF)...
IPF converged at iteration 48
IPF row error: 1.754975, col error: 0.000000
Starting Iterative Proportional Fitting (IPF)...
IPF converged at iteration 30
IPF row error: 95.746994, col error: 0.000000
Starting Iterative Proportional Fitting (IPF)...
IPF converged at iteration 48
IPF row error: 1.754975, col error: 0.000000
Starting Iterative Proportional Fitting (IPF)...
IPF converged at iteration 53
IPF row error: 1.214609, col error: 0.000000
Starting Iterative Proportional Fitting (IPF)...
IPF converged at iteration 48
IPF row error: 1.751852, col error: 0.000000
Starting Iterative Proportional Fitting (IPF)...
IPF converged at iteration 48
IPF row error: 1.751852, col error: 0.000000
Starting Iterative Proportional Fitting (IPF)...
IPF converged at iteration 31
IPF row error: 84.456392, col error: 0.000000
Starting Iterative Proportional Fitting (IPF)...
IPF converged at iteration 32
IPF row error: 68.973373, col error: 0.000000
Starting Iterative Proportional Fitting (IPF)...
IPF converged at iteration 53
IPF row error: 1.213148, col error: 0.000000
Starting Iterative Proportional Fitting (IPF)...
IPF converged at iteration 52
IPF row error: 1.443637, col error: 0.000000
Starting Iterative Proportional Fitting (IPF)...
IPF converged at iteration 48
IPF row error: 1.754975, col error: 0.000000
IPF converged at iteration 31
IPF row error: 74.862863, col error: 0.000000
Starting Iterative Proportional Fitting (IPF)...
Starting Iterative Proportional Fitting (IPF)...
IPF converged at iteration 32
IPF row error: 68.810897, col error: 0.000000
IPF converged at iteration 30
IPF row error: 57.153122, col error: 0.000000
Starting Iterative Proportional Fitting (IPF)...
Starting Iterative Proportional Fitting (IPF)...
IPF converged at iteration 52
IPF row error: 1.443637, col error: 0.000000
Starting Iterative Proportional Fitting (IPF)...
IPF converged at iteration 52
IPF row error: 1.443637, col error: 0.000000
Starting Iterative Proportional Fitting (IPF)...
IPF converged at iteration 30
IPF row error: 59.498297, col error: 0.000000
  [2023/test] 진행 1170/1750 (66.9%) | 누적 CPC 0.4925 | RMSE 675.1265 | %RMSE 9.5738 | 경과 14.3분 | 예상 남음 7.1분
Starting Iterative Proportional Fitting (IPF)...
IPF converged at iteration 52
IPF row error: 1.443637, col error: 0.000000
IPF converged at iteration 48
IPF row error: 1.754975, col error: 0.000000
Starting Iterative Proportional Fitting (IPF)...
Starting Iterative Proportional Fitting (IPF)...
IPF converged at iteration 54
IPF row error: 1.232803, col error: 0.000000
Starting Iterative Proportional Fitting (IPF)...
IPF converged at iteration 53
IPF row error: 1.214609, col error: 0.000000
IPF converged at iteration 28
IPF row error: 108.602799, col error: 0.000000
Starting Iterative Proportional Fitting (IPF)...
Starting Iterative Proportional Fitting (IPF)...
IPF converged at iteration 52
IPF row error: 1.443637, col error: 0.000000
Starting Iterative Proportional Fitting (IPF)...
IPF converged at iteration 48
IPF row error: 1.751852, col error: 0.000000
Starting Iterative Proportional Fitting (IPF)...
IPF converged at iteration 48
IPF row error: 1.751852, col error: 0.000000
IPF converged at iteration 52
IPF converged at iteration 28
IPF row error: 1.443637, col error: 0.000000
IPF row error: 112.443717, col error: 0.000000
Starting Iterative Proportional Fitting (IPF)...
Starting Iterative Proportional Fitting (IPF)...
Starting Iterative Proportional Fitting (IPF)...
IPF converged at iteration 23
IPF row error: 87.029315, col error: 0.000000
Starting Iterative Proportional Fitting (IPF)...
IPF converged at iteration 53
IPF row error: 1.213148, col error: 0.000000
IPF converged at iteration 48
IPF row error: 1.751852, col error: 0.000000
IPF converged at iteration 48
IPF row error: 1.751852, col error: 0.000000
Starting Iterative Proportional Fitting (IPF)...
Starting Iterative Proportional Fitting (IPF)...
Starting Iterative Proportional Fitting (IPF)...
IPF converged at iteration 24
IPF row error: 69.246935, col error: 0.000000
IPF converged at iteration 48
IPF row error: 1.754975, col error: 0.000000
Starting Iterative Proportional Fitting (IPF)...
Starting Iterative Proportional Fitting (IPF)...
IPF converged at iteration 29
IPF converged at iteration 32
IPF row error: 93.209708, col error: 0.000000
IPF row error: 71.355268, col error: 0.000000
Starting Iterative Proportional Fitting (IPF)...
Starting Iterative Proportional Fitting (IPF)...
IPF converged at iteration 48
IPF row error: 1.751852, col error: 0.000000
IPF converged at iteration 48
IPF row error: 1.751852, col error: 0.000000
Starting Iterative Proportional Fitting (IPF)...
Starting Iterative Proportional Fitting (IPF)...
IPF converged at iteration 48
IPF row error: 1.751852, col error: 0.000000
Starting Iterative Proportional Fitting (IPF)...
IPF converged at iteration 53
IPF row error: 1.214609, col error: 0.000000
Starting Iterative Proportional Fitting (IPF)...
IPF converged at iteration 28
IPF row error: 145.804568, col error: 0.000000
Starting Iterative Proportional Fitting (IPF)...
IPF converged at iteration 48
IPF row error: 1.754975, col error: 0.000000
Starting Iterative Proportional Fitting (IPF)...
IPF converged at iteration 54
IPF row error: 1.232803, col error: 0.000000
IPF converged at iteration 28
IPF row error: 102.595177, col error: 0.000000
Starting Iterative Proportional Fitting (IPF)...
IPF converged at iteration 54
Starting Iterative Proportional Fitting (IPF)...
IPF row error: 1.232803, col error: 0.000000
Starting Iterative Proportional Fitting (IPF)...
IPF converged at iteration 27
IPF row error: 136.463867, col error: 0.000000
Starting Iterative Proportional Fitting (IPF)...
IPF converged at iteration 27
IPF row error: 132.029690, col error: 0.000000
Starting Iterative Proportional Fitting (IPF)...
IPF converged at iteration 31
IPF row error: 79.458897, col error: 0.000000
  [2023/test] 진행 1200/1750 (68.6%) | 누적 CPC 0.4840 | RMSE 683.3541 | %RMSE 9.6710 | 경과 14.8분 | 예상 남음 6.8분
Starting Iterative Proportional Fitting (IPF)...
IPF converged at iteration 31
IPF row error: 81.610418, col error: 0.000000
IPF converged at iteration 53
IPF row error: 1.214609, col error: 0.000000
Starting Iterative Proportional Fitting (IPF)...
Starting Iterative Proportional Fitting (IPF)...
IPF converged at iteration 26
IPF row error: 176.924077, col error: 0.000000
IPF converged at iteration 31
IPF converged at iteration 53
IPF row error: 66.480865, col error: 0.000000
Starting Iterative Proportional Fitting (IPF)...IPF row error: 1.242690, col error: 0.000000

Starting Iterative Proportional Fitting (IPF)...
Starting Iterative Proportional Fitting (IPF)...
IPF converged at iteration 53
IPF row error: 1.242690, col error: 0.000000
Starting Iterative Proportional Fitting (IPF)...
IPF converged at iteration 30
IPF row error: 86.570821, col error: 0.000000
Starting Iterative Proportional Fitting (IPF)...
IPF converged at iteration 53
IPF row error: 1.242690, col error: 0.000000
IPF converged at iteration 53
IPF row error: 1.242690, col error: 0.000000
Starting Iterative Proportional Fitting (IPF)...
Starting Iterative Proportional Fitting (IPF)...
IPF converged at iteration 48
IPF row error: 1.724224, col error: 0.000000
Starting Iterative Proportional Fitting (IPF)...
IPF converged at iteration 28
IPF row error: 138.629470, col error: 0.000000
Starting Iterative Proportional Fitting (IPF)...
IPF converged at iteration 32
IPF row error: 70.479154, col error: 0.000000
Starting Iterative Proportional Fitting (IPF)...
IPF converged at iteration 26
IPF row error: 188.786269, col error: 0.000000
Starting Iterative Proportional Fitting (IPF)...
IPF converged at iteration 53
IPF row error: 1.242690, col error: 0.000000
Starting Iterative Proportional Fitting (IPF)...
IPF converged at iteration 53
IPF row error: 1.242690, col error: 0.000000
Starting Iterative Proportional Fitting (IPF)...
IPF converged at iteration 31
IPF row error: 66.052436, col error: 0.000000
Starting Iterative Proportional Fitting (IPF)...
IPF converged at iteration 53
IPF row error: 1.242690, col error: 0.000000
IPF converged at iteration 32
IPF row error: 62.239588, col error: 0.000000
Starting Iterative Proportional Fitting (IPF)...
IPF converged at iteration 29
IPF row error: 102.909227, col error: 0.000000
Starting Iterative Proportional Fitting (IPF)...
Starting Iterative Proportional Fitting (IPF)...
IPF converged at iteration 30
IPF row error: 92.475846, col error: 0.000000
Starting Iterative Proportional Fitting (IPF)...
IPF converged at iteration 53
IPF converged at iteration 36
IPF row error: 1.242690, col error: 0.000000
IPF row error: 27.940542, col error: 0.000000
Starting Iterative Proportional Fitting (IPF)...
Starting Iterative Proportional Fitting (IPF)...
IPF converged at iteration 53
IPF row error: 1.242690, col error: 0.000000
Starting Iterative Proportional Fitting (IPF)...
IPF converged at iteration 39
IPF row error: 13.296833, col error: 0.000000
Starting Iterative Proportional Fitting (IPF)...
IPF converged at iteration 28
IPF row error: 104.311149, col error: 0.000000
Starting Iterative Proportional Fitting (IPF)...
IPF converged at iteration 53
IPF row error: 1.242690, col error: 0.000000
IPF converged at iteration 53
IPF row error: 1.242690, col error: 0.000000
Starting Iterative Proportional Fitting (IPF)...
Starting Iterative Proportional Fitting (IPF)...
IPF converged at iteration 33
IPF row error: 42.025346, col error: 0.000000
Starting Iterative Proportional Fitting (IPF)...
IPF converged at iteration 32
IPF converged at iteration 31
IPF row error: 65.376519, col error: 0.000000
IPF row error: 65.376060, col error: 0.000000
  [2023/test] 진행 1230/1750 (70.3%) | 누적 CPC 0.4741 | RMSE 673.6876 | %RMSE 9.6214 | 경과 15.2분 | 예상 남음 6.4분
IPF converged at iteration 53
IPF row error: 1.242690, col error: 0.000000
Starting Iterative Proportional Fitting (IPF)...
Starting Iterative Proportional Fitting (IPF)...
Starting Iterative Proportional Fitting (IPF)...
IPF converged at iteration 29
IPF row error: 86.690758, col error: 0.000000
IPF converged at iteration 31
IPF row error: 78.337481, col error: 0.000000
Starting Iterative Proportional Fitting (IPF)...
Starting Iterative Proportional Fitting (IPF)...
IPF converged at iteration 53
IPF row error: 1.242690, col error: 0.000000
Starting Iterative Proportional Fitting (IPF)...
IPF converged at iteration 53
IPF row error: 1.242690, col error: 0.000000
Starting Iterative Proportional Fitting (IPF)...
IPF converged at iteration 53
IPF row error: 1.242690, col error: 0.000000
IPF converged at iteration 53
IPF row error: 1.242690, col error: 0.000000
Starting Iterative Proportional Fitting (IPF)...
Starting Iterative Proportional Fitting (IPF)...
IPF converged at iteration 53
IPF row error: 1.242690, col error: 0.000000
Starting Iterative Proportional Fitting (IPF)...
IPF converged at iteration 49
IPF row error: 1.668957, col error: 0.000000
Starting Iterative Proportional Fitting (IPF)...
IPF converged at iteration 28
IPF row error: 109.985459, col error: 0.000000
Starting Iterative Proportional Fitting (IPF)...
IPF converged at iteration 31
IPF row error: 75.899743, col error: 0.000000
IPF converged at iteration 53
IPF row error: 1.242690, col error: 0.000000
Starting Iterative Proportional Fitting (IPF)...
Starting Iterative Proportional Fitting (IPF)...
IPF converged at iteration 53
IPF row error: 1.242690, col error: 0.000000
Starting Iterative Proportional Fitting (IPF)...
IPF converged at iteration 53
IPF row error: 1.242690, col error: 0.000000
Starting Iterative Proportional Fitting (IPF)...
IPF converged at iteration 39
IPF row error: 13.677931, col error: 0.000000
Starting Iterative Proportional Fitting (IPF)...
IPF converged at iteration 53
IPF row error: 1.242690, col error: 0.000000
Starting Iterative Proportional Fitting (IPF)...
IPF converged at iteration 53
IPF row error: 1.242690, col error: 0.000000
Starting Iterative Proportional Fitting (IPF)...
IPF converged at iteration 32
IPF row error: 61.320482, col error: 0.000000
Starting Iterative Proportional Fitting (IPF)...
IPF converged at iteration 53
IPF row error: 1.242690, col error: 0.000000
Starting Iterative Proportional Fitting (IPF)...
IPF converged at iteration 28
IPF row error: 134.700834, col error: 0.000000
Starting Iterative Proportional Fitting (IPF)...
IPF converged at iteration 53
IPF row error: 1.242690, col error: 0.000000
Starting Iterative Proportional Fitting (IPF)...
IPF converged at iteration 34
IPF row error: 52.413853, col error: 0.000000
Starting Iterative Proportional Fitting (IPF)...
IPF converged at iteration 44
IPF row error: 4.298406, col error: 0.000000
Starting Iterative Proportional Fitting (IPF)...
IPF converged at iteration 29
IPF row error: 101.430912, col error: 0.000000
Starting Iterative Proportional Fitting (IPF)...
IPF converged at iteration 31
IPF row error: 87.960522, col error: 0.000000
IPF converged at iteration 50
IPF row error: 1.304021, col error: 0.000000
Starting Iterative Proportional Fitting (IPF)...
Starting Iterative Proportional Fitting (IPF)...
IPF converged at iteration 28
IPF row error: 126.412789, col error: 0.000000
Starting Iterative Proportional Fitting (IPF)...
IPF converged at iteration 31
IPF row error: 89.346932, col error: 0.000000
Starting Iterative Proportional Fitting (IPF)...
IPF converged at iteration 28
IPF row error: 119.742322, col error: 0.000000
Starting Iterative Proportional Fitting (IPF)...
IPF converged at iteration 44
IPF row error: 4.512740, col error: 0.000000
  [2023/test] 진행 1260/1750 (72.0%) | 누적 CPC 0.4656 | RMSE 670.0492 | %RMSE 9.6153 | 경과 15.6분 | 예상 남음 6.1분
Starting Iterative Proportional Fitting (IPF)...
IPF converged at iteration 44
IPF row error: 4.512740, col error: 0.000000
Starting Iterative Proportional Fitting (IPF)...
IPF converged at iteration 44
IPF row error: 4.658772, col error: 0.000000
IPF converged at iteration 50
IPF row error: 1.304850, col error: 0.000000
Starting Iterative Proportional Fitting (IPF)...
Starting Iterative Proportional Fitting (IPF)...
IPF converged at iteration 34
IPF row error: 50.256934, col error: 0.000000
Starting Iterative Proportional Fitting (IPF)...
IPF converged at iteration 41
IPF row error: 9.024057, col error: 0.000000
Starting Iterative Proportional Fitting (IPF)...
IPF converged at iteration 32
IPF row error: 62.037791, col error: 0.000000
IPF converged at iteration 31
IPF row error: 88.673201, col error: 0.000000
Starting Iterative Proportional Fitting (IPF)...
Starting Iterative Proportional Fitting (IPF)...
IPF converged at iteration 50
IPF row error: 1.384530, col error: 0.000000
IPF converged at iteration 28
IPF row error: 125.107464, col error: 0.000000
Starting Iterative Proportional Fitting (IPF)...
Starting Iterative Proportional Fitting (IPF)...
IPF converged at iteration 33
IPF row error: 66.492836, col error: 0.000000
Starting Iterative Proportional Fitting (IPF)...
IPF converged at iteration 31
IPF row error: 84.497028, col error: 0.000000
Starting Iterative Proportional Fitting (IPF)...
IPF converged at iteration 51
IPF row error: 1.219458, col error: 0.000000
Starting Iterative Proportional Fitting (IPF)...
IPF converged at iteration 50
IPF converged at iteration 33
IPF row error: 1.298942, col error: 0.000000
IPF row error: 56.298001, col error: 0.000000
Starting Iterative Proportional Fitting (IPF)...
Starting Iterative Proportional Fitting (IPF)...
IPF converged at iteration 29
IPF row error: 101.602279, col error: 0.000000
Starting Iterative Proportional Fitting (IPF)...
IPF converged at iteration 51
IPF row error: 1.219458, col error: 0.000000
IPF converged at iteration 32
IPF row error: 70.796434, col error: 0.000000
Starting Iterative Proportional Fitting (IPF)...
Starting Iterative Proportional Fitting (IPF)...
IPF converged at iteration 50
IPF row error: 1.303843, col error: 0.000000
Starting Iterative Proportional Fitting (IPF)...
IPF converged at iteration 44
IPF row error: 4.311959, col error: 0.000000
Starting Iterative Proportional Fitting (IPF)...
IPF converged at iteration 33
IPF converged at iteration 31
IPF row error: 60.955098, col error: 0.000000
IPF row error: 78.027491, col error: 0.000000
Starting Iterative Proportional Fitting (IPF)...
Starting Iterative Proportional Fitting (IPF)...
IPF converged at iteration 50
IPF converged at iteration 32
IPF row error: 67.211671, col error: 0.000000
IPF row error: 1.384530, col error: 0.000000
Starting Iterative Proportional Fitting (IPF)...
Starting Iterative Proportional Fitting (IPF)...
IPF converged at iteration 54
IPF row error: 1.380692, col error: 0.000000
IPF converged at iteration 48
IPF row error: 1.881299, col error: 0.000000
Starting Iterative Proportional Fitting (IPF)...
Starting Iterative Proportional Fitting (IPF)...
IPF converged at iteration 41
IPF row error: 8.588900, col error: 0.000000
IPF converged at iteration 44
IPF row error: 4.566012, col error: 0.000000
Starting Iterative Proportional Fitting (IPF)...
IPF converged at iteration 32
IPF row error: 67.566703, col error: 0.000000
Starting Iterative Proportional Fitting (IPF)...
Starting Iterative Proportional Fitting (IPF)...
IPF converged at iteration 50
IPF row error: 1.384530, col error: 0.000000
Starting Iterative Proportional Fitting (IPF)...
IPF converged at iteration 28
IPF row error: 196.132840, col error: 0.000000
  [2023/test] 진행 1290/1750 (73.7%) | 누적 CPC 0.4615 | RMSE 673.9690 | %RMSE 9.6890 | 경과 16.0분 | 예상 남음 5.7분
Starting Iterative Proportional Fitting (IPF)...
IPF converged at iteration 32
IPF row error: 64.006852, col error: 0.000000
Starting Iterative Proportional Fitting (IPF)...
IPF converged at iteration 55
IPF row error: 1.224244, col error: 0.000000
Starting Iterative Proportional Fitting (IPF)...
IPF converged at iteration 48
IPF row error: 1.783121, col error: 0.000000
Starting Iterative Proportional Fitting (IPF)...
IPF converged at iteration 44
IPF row error: 4.658772, col error: 0.000000
Starting Iterative Proportional Fitting (IPF)...
IPF converged at iteration 44
IPF row error: 4.298406, col error: 0.000000
Starting Iterative Proportional Fitting (IPF)...
IPF converged at iteration 42
IPF row error: 7.043333, col error: 0.000000
Starting Iterative Proportional Fitting (IPF)...
IPF converged at iteration 50
IPF row error: 1.304021, col error: 0.000000
Starting Iterative Proportional Fitting (IPF)...
IPF converged at iteration 54
IPF row error: 1.380692, col error: 0.000000
Starting Iterative Proportional Fitting (IPF)...
IPF converged at iteration 50
IPF row error: 1.305263, col error: 0.000000
Starting Iterative Proportional Fitting (IPF)...
IPF converged at iteration 48
IPF row error: 1.824536, col error: 0.000000
IPF converged at iteration 27
Starting Iterative Proportional Fitting (IPF)...
IPF row error: 118.647662, col error: 0.000000
Starting Iterative Proportional Fitting (IPF)...
IPF converged at iteration 29
IPF row error: 133.890740, col error: 0.000000
Starting Iterative Proportional Fitting (IPF)...
IPF converged at iteration 30
IPF row error: 85.516858, col error: 0.000000
IPF converged at iteration 52
IPF row error: 1.213962, col error: 0.000000
Starting Iterative Proportional Fitting (IPF)...
Starting Iterative Proportional Fitting (IPF)...
IPF converged at iteration 46
IPF row error: 2.662268, col error: 0.000000
Starting Iterative Proportional Fitting (IPF)...
IPF converged at iteration 46
IPF row error: 2.662268, col error: 0.000000
Starting Iterative Proportional Fitting (IPF)...
IPF converged at iteration 31
IPF row error: 73.587062, col error: 0.000000
Starting Iterative Proportional Fitting (IPF)...
IPF converged at iteration 46
IPF row error: 2.662268, col error: 0.000000
Starting Iterative Proportional Fitting (IPF)...
IPF converged at iteration 46
IPF row error: 2.683914, col error: 0.000000
Starting Iterative Proportional Fitting (IPF)...
IPF converged at iteration 30
IPF row error: 94.952830, col error: 0.000000
Starting Iterative Proportional Fitting (IPF)...
IPF converged at iteration 53
IPF row error: 1.240825, col error: 0.000000
IPF converged at iteration 52
IPF row error: 1.217500, col error: 0.000000
Starting Iterative Proportional Fitting (IPF)...
Starting Iterative Proportional Fitting (IPF)...
IPF converged at iteration 46
IPF row error: 2.683914, col error: 0.000000
Starting Iterative Proportional Fitting (IPF)...
IPF converged at iteration 32
IPF row error: 67.823009, col error: 0.000000
Starting Iterative Proportional Fitting (IPF)...
IPF converged at iteration 46
IPF row error: 2.662268, col error: 0.000000
Starting Iterative Proportional Fitting (IPF)...
IPF converged at iteration 52
IPF row error: 1.213962, col error: 0.000000
IPF converged at iteration 30
IPF row error: 67.411601, col error: 0.000000
Starting Iterative Proportional Fitting (IPF)...
Starting Iterative Proportional Fitting (IPF)...
IPF converged at iteration 32
IPF row error: 69.003956, col error: 0.000000
Starting Iterative Proportional Fitting (IPF)...
IPF converged at iteration 46
IPF row error: 2.683914, col error: 0.000000
IPF converged at iteration 36
IPF row error: 28.811948, col error: 0.000000
  [2023/test] 진행 1320/1750 (75.4%) | 누적 CPC 0.4551 | RMSE 686.3957 | %RMSE 9.7754 | 경과 16.4분 | 예상 남음 5.4분
Starting Iterative Proportional Fitting (IPF)...
Starting Iterative Proportional Fitting (IPF)...
IPF converged at iteration 46
IPF row error: 2.662268, col error: 0.000000
IPF converged at iteration 32
Starting Iterative Proportional Fitting (IPF)...
IPF row error: 64.702736, col error: 0.000000
Starting Iterative Proportional Fitting (IPF)...
IPF converged at iteration 29
IPF row error: 95.308495, col error: 0.000000
IPF converged at iteration 35
Starting Iterative Proportional Fitting (IPF)...
IPF row error: 34.963664, col error: 0.000000
Starting Iterative Proportional Fitting (IPF)...
IPF converged at iteration 26
IPF row error: 169.665638, col error: 0.000000
Starting Iterative Proportional Fitting (IPF)...
IPF converged at iteration 52
IPF row error: 1.213962, col error: 0.000000
Starting Iterative Proportional Fitting (IPF)...
IPF converged at iteration 31
IPF row error: 61.762681, col error: 0.000000
Starting Iterative Proportional Fitting (IPF)...
IPF converged at iteration 30
IPF row error: 83.433724, col error: 0.000000
Starting Iterative Proportional Fitting (IPF)...
IPF converged at iteration 46
IPF row error: 2.683914, col error: 0.000000
Starting Iterative Proportional Fitting (IPF)...
IPF converged at iteration 29
IPF row error: 105.780347, col error: 0.000000
Starting Iterative Proportional Fitting (IPF)...
IPF converged at iteration 31
IPF row error: 83.370719, col error: 0.000000
Starting Iterative Proportional Fitting (IPF)...
IPF converged at iteration 31
IPF row error: 90.662602, col error: 0.000000
Starting Iterative Proportional Fitting (IPF)...
IPF converged at iteration 52
IPF row error: 1.213962, col error: 0.000000
Starting Iterative Proportional Fitting (IPF)...
IPF converged at iteration 25
IPF row error: 192.963178, col error: 0.000000
Starting Iterative Proportional Fitting (IPF)...
IPF converged at iteration 46
IPF row error: 2.683914, col error: 0.000000
IPF converged at iteration 31
Starting Iterative Proportional Fitting (IPF)...
IPF row error: 78.175294, col error: 0.000000
Starting Iterative Proportional Fitting (IPF)...
IPF converged at iteration 53
IPF row error: 1.240825, col error: 0.000000
Starting Iterative Proportional Fitting (IPF)...
IPF converged at iteration 36
IPF row error: 29.140093, col error: 0.000000
Starting Iterative Proportional Fitting (IPF)...
IPF converged at iteration 32
IPF row error: 63.185443, col error: 0.000000
Starting Iterative Proportional Fitting (IPF)...
IPF converged at iteration 46
IPF row error: 2.683914, col error: 0.000000
Starting Iterative Proportional Fitting (IPF)...
IPF converged at iteration 46
IPF row error: 2.683914, col error: 0.000000
Starting Iterative Proportional Fitting (IPF)...
IPF converged at iteration 31
IPF row error: 67.059038, col error: 0.000000
Starting Iterative Proportional Fitting (IPF)...
IPF converged at iteration 29
IPF converged at iteration 46
IPF row error: 106.069995, col error: 0.000000
IPF row error: 2.683914, col error: 0.000000
Starting Iterative Proportional Fitting (IPF)...
Starting Iterative Proportional Fitting (IPF)...
IPF converged at iteration 29
IPF row error: 82.518539, col error: 0.000000
Starting Iterative Proportional Fitting (IPF)...
IPF converged at iteration 52
IPF row error: 1.223066, col error: 0.000000
IPF converged at iteration 46
IPF row error: 2.683914, col error: 0.000000
Starting Iterative Proportional Fitting (IPF)...
Starting Iterative Proportional Fitting (IPF)...
IPF converged at iteration 46
IPF row error: 2.683914, col error: 0.000000
Starting Iterative Proportional Fitting (IPF)...
IPF converged at iteration 29
IPF row error: 108.093628, col error: 0.000000
Starting Iterative Proportional Fitting (IPF)...
IPF converged at iteration 31
IPF row error: 79.348197, col error: 0.000000
  [2023/test] 진행 1350/1750 (77.1%) | 누적 CPC 0.4478 | RMSE 704.7175 | %RMSE 9.8747 | 경과 16.8분 | 예상 남음 5.0분
Starting Iterative Proportional Fitting (IPF)...
IPF converged at iteration 52
IPF converged at iteration 50
IPF row error: 1.233743, col error: 0.000000
IPF row error: 1.217500, col error: 0.000000
Starting Iterative Proportional Fitting (IPF)...
Starting Iterative Proportional Fitting (IPF)...
IPF converged at iteration 48
IPF row error: 1.660393, col error: 0.000000
Starting Iterative Proportional Fitting (IPF)...
IPF converged at iteration 28
IPF row error: 113.791156, col error: 0.000000
IPF converged at iteration 44
Starting Iterative Proportional Fitting (IPF)...
IPF row error: 4.667498, col error: 0.000000
Starting Iterative Proportional Fitting (IPF)...
IPF converged at iteration 48
IPF row error: 1.660393, col error: 0.000000
Starting Iterative Proportional Fitting (IPF)...
IPF converged at iteration 31
IPF row error: 87.725902, col error: 0.000000
Starting Iterative Proportional Fitting (IPF)...
IPF converged at iteration 29
IPF row error: 73.308674, col error: 0.000000
Starting Iterative Proportional Fitting (IPF)...
IPF converged at iteration 32
IPF row error: 158.987629, col error: 0.000000
Starting Iterative Proportional Fitting (IPF)...
IPF converged at iteration 39
IPF row error: 13.543312, col error: 0.000000
Starting Iterative Proportional Fitting (IPF)...
IPF converged at iteration 48
IPF row error: 1.661286, col error: 0.000000
Starting Iterative Proportional Fitting (IPF)...
IPF converged at iteration 48
IPF row error: 1.630733, col error: 0.000000
Starting Iterative Proportional Fitting (IPF)...
IPF converged at iteration 50
IPF row error: 1.233743, col error: 0.000000
Starting Iterative Proportional Fitting (IPF)...
IPF converged at iteration 29
IPF row error: 77.218279, col error: 0.000000
Starting Iterative Proportional Fitting (IPF)...
IPF converged at iteration 33
IPF row error: 37.648402, col error: 0.000000
IPF converged at iteration 57
IPF row error: 1.234168, col error: 0.000000
IPF converged at iteration 30
Starting Iterative Proportional Fitting (IPF)...
IPF row error: 108.536772, col error: 0.000000
IPF converged at iteration 48
Starting Iterative Proportional Fitting (IPF)...
IPF row error: 1.661286, col error: 0.000000
Starting Iterative Proportional Fitting (IPF)...
Starting Iterative Proportional Fitting (IPF)...
IPF converged at iteration 29
IPF row error: 87.364025, col error: 0.000000
IPF converged at iteration 30
Starting Iterative Proportional Fitting (IPF)...
IPF row error: 83.702213, col error: 0.000000
Starting Iterative Proportional Fitting (IPF)...
IPF converged at iteration 48
IPF row error: 1.624040, col error: 0.000000
Starting Iterative Proportional Fitting (IPF)...
IPF converged at iteration 56
IPF row error: 1.437466, col error: 0.000000
Starting Iterative Proportional Fitting (IPF)...
IPF converged at iteration 29
IPF row error: 97.200196, col error: 0.000000
IPF converged at iteration 29
IPF row error: 95.507755, col error: 0.000000
Starting Iterative Proportional Fitting (IPF)...
Starting Iterative Proportional Fitting (IPF)...
IPF converged at iteration 29
IPF row error: 98.117885, col error: 0.000000
IPF converged at iteration 50
Starting Iterative Proportional Fitting (IPF)...
IPF row error: 1.233743, col error: 0.000000
IPF converged at iteration 31
IPF row error: 79.933265, col error: 0.000000
Starting Iterative Proportional Fitting (IPF)...
IPF converged at iteration 44
IPF row error: 4.143247, col error: 0.000000
Starting Iterative Proportional Fitting (IPF)...
Starting Iterative Proportional Fitting (IPF)...
IPF converged at iteration 29
IPF row error: 144.530246, col error: 0.000000
IPF converged at iteration 30
IPF row error: 89.246717, col error: 0.000000
  [2023/test] 진행 1380/1750 (78.9%) | 누적 CPC 0.4443 | RMSE 730.2106 | %RMSE 10.0576 | 경과 17.2분 | 예상 남음 4.6분
Starting Iterative Proportional Fitting (IPF)...
Starting Iterative Proportional Fitting (IPF)...
IPF converged at iteration 48
IPF row error: 1.660393, col error: 0.000000
Starting Iterative Proportional Fitting (IPF)...
IPF converged at iteration 50
IPF row error: 1.301221, col error: 0.000000
Starting Iterative Proportional Fitting (IPF)...
IPF converged at iteration 28
IPF row error: 108.393907, col error: 0.000000
Starting Iterative Proportional Fitting (IPF)...
IPF converged at iteration 31
IPF row error: 184.418283, col error: 0.000000
Starting Iterative Proportional Fitting (IPF)...
IPF converged at iteration 27
IPF row error: 78.283172, col error: 0.000000
Starting Iterative Proportional Fitting (IPF)...
IPF converged at iteration 29
IPF converged at iteration 48IPF row error: 120.443953, col error: 0.000000

IPF row error: 1.660393, col error: 0.000000
Starting Iterative Proportional Fitting (IPF)...
Starting Iterative Proportional Fitting (IPF)...
IPF converged at iteration 57
IPF row error: 1.309487, col error: 0.000000
Starting Iterative Proportional Fitting (IPF)...
IPF converged at iteration 48
IPF row error: 1.630733, col error: 0.000000
Starting Iterative Proportional Fitting (IPF)...
IPF converged at iteration 48
IPF row error: 1.636781, col error: 0.000000
Starting Iterative Proportional Fitting (IPF)...
IPF converged at iteration 57
IPF row error: 1.240537, col error: 0.000000
Starting Iterative Proportional Fitting (IPF)...
IPF converged at iteration 50
IPF row error: 5.192917, col error: 0.000000
IPF converged at iteration 33
IPF row error: 55.393423, col error: 0.000000
Starting Iterative Proportional Fitting (IPF)...
Starting Iterative Proportional Fitting (IPF)...
IPF converged at iteration 48
IPF row error: 1.661286, col error: 0.000000
Starting Iterative Proportional Fitting (IPF)...
IPF converged at iteration 57
IPF row error: 1.270862, col error: 0.000000
Starting Iterative Proportional Fitting (IPF)...
IPF converged at iteration 48
IPF row error: 1.661286, col error: 0.000000
Starting Iterative Proportional Fitting (IPF)...
IPF converged at iteration 57
IPF row error: 1.270862, col error: 0.000000
Starting Iterative Proportional Fitting (IPF)...
IPF converged at iteration 57
IPF row error: 1.240537, col error: 0.000000
IPF converged at iteration 32
IPF row error: 65.371764, col error: 0.000000
Starting Iterative Proportional Fitting (IPF)...
Starting Iterative Proportional Fitting (IPF)...
IPF converged at iteration 29
IPF row error: 107.686920, col error: 0.000000
Starting Iterative Proportional Fitting (IPF)...
IPF converged at iteration 43
IPF row error: 4.991039, col error: 0.000000
IPF converged at iteration 50
IPF row error: 1.301221, col error: 0.000000
Starting Iterative Proportional Fitting (IPF)...
Starting Iterative Proportional Fitting (IPF)...
IPF converged at iteration 52
IPF row error: 1.329792, col error: 0.000000
Starting Iterative Proportional Fitting (IPF)...
IPF converged at iteration 29
IPF converged at iteration 27
IPF row error: 92.981856, col error: 0.000000
IPF row error: 146.332158, col error: 0.000000
Starting Iterative Proportional Fitting (IPF)...
Starting Iterative Proportional Fitting (IPF)...
IPF converged at iteration 39
IPF row error: 12.263283, col error: 0.000000
Starting Iterative Proportional Fitting (IPF)...
IPF converged at iteration 39
IPF row error: 12.496902, col error: 0.000000
Starting Iterative Proportional Fitting (IPF)...
IPF converged at iteration 32
IPF row error: 61.168612, col error: 0.000000
IPF converged at iteration 39
Starting Iterative Proportional Fitting (IPF)...
IPF row error: 12.377792, col error: 0.000000
Starting Iterative Proportional Fitting (IPF)...
IPF converged at iteration 52
IPF row error: 1.345383, col error: 0.000000
  [2023/test] 진행 1410/1750 (80.6%) | 누적 CPC 0.4402 | RMSE 754.6434 | %RMSE 10.2235 | 경과 17.7분 | 예상 남음 4.3분
Starting Iterative Proportional Fitting (IPF)...
IPF converged at iteration 39
IPF row error: 12.408496, col error: 0.000000
IPF converged at iteration 29
IPF row error: 25.729811, col error: 0.000000
Starting Iterative Proportional Fitting (IPF)...
Starting Iterative Proportional Fitting (IPF)...
IPF converged at iteration 32
IPF row error: 69.629411, col error: 0.000000
Starting Iterative Proportional Fitting (IPF)...
IPF converged at iteration 27
IPF row error: 189.303662, col error: 0.000000
Starting Iterative Proportional Fitting (IPF)...
IPF converged at iteration 30
IPF row error: 71.063560, col error: 0.000000
Starting Iterative Proportional Fitting (IPF)...
IPF converged at iteration 28
IPF row error: 136.594159, col error: 0.000000
IPF converged at iteration 39
IPF row error: 12.463470, col error: 0.000000
Starting Iterative Proportional Fitting (IPF)...
Starting Iterative Proportional Fitting (IPF)...
IPF converged at iteration 43
IPF row error: 4.998722, col error: 0.000000
Starting Iterative Proportional Fitting (IPF)...
IPF converged at iteration 29
IPF row error: 99.805612, col error: 0.000000
Starting Iterative Proportional Fitting (IPF)...
IPF converged at iteration 29
IPF row error: 84.623167, col error: 0.000000
Starting Iterative Proportional Fitting (IPF)...
IPF converged at iteration 52
IPF row error: 1.318043, col error: 0.000000
IPF converged at iteration 28
Starting Iterative Proportional Fitting (IPF)...
IPF row error: 138.394815, col error: 0.000000
Starting Iterative Proportional Fitting (IPF)...
IPF converged at iteration 39
IPF row error: 12.280864, col error: 0.000000
Starting Iterative Proportional Fitting (IPF)...
IPF converged at iteration 39
IPF row error: 12.463470, col error: 0.000000
Starting Iterative Proportional Fitting (IPF)...
IPF converged at iteration 31
IPF row error: 76.596371, col error: 0.000000
Starting Iterative Proportional Fitting (IPF)...
IPF converged at iteration 39
IPF row error: 12.440864, col error: 0.000000
Starting Iterative Proportional Fitting (IPF)...
IPF converged at iteration 39
IPF row error: 12.394753, col error: 0.000000
Starting Iterative Proportional Fitting (IPF)...
IPF converged at iteration 43
IPF row error: 4.991039, col error: 0.000000
Starting Iterative Proportional Fitting (IPF)...
IPF converged at iteration 39
IPF row error: 12.263283, col error: 0.000000
Starting Iterative Proportional Fitting (IPF)...
IPF converged at iteration 27
IPF row error: 104.306966, col error: 0.000000
Starting Iterative Proportional Fitting (IPF)...
IPF converged at iteration 39
IPF row error: 12.515111, col error: 0.000000
Starting Iterative Proportional Fitting (IPF)...
IPF converged at iteration 38
IPF row error: 17.178966, col error: 0.000000
IPF converged at iteration 33
Starting Iterative Proportional Fitting (IPF)...
IPF row error: 49.283710, col error: 0.000000
Starting Iterative Proportional Fitting (IPF)...
IPF converged at iteration 33
IPF row error: 51.625032, col error: 0.000000
IPF converged at iteration 39
IPF row error: 12.363933, col error: 0.000000
Starting Iterative Proportional Fitting (IPF)...
Starting Iterative Proportional Fitting (IPF)...
IPF converged at iteration 26
IPF row error: 162.520557, col error: 0.000000
Starting Iterative Proportional Fitting (IPF)...
IPF converged at iteration 30
IPF row error: 77.592156, col error: 0.000000
Starting Iterative Proportional Fitting (IPF)...
IPF converged at iteration 50
IPF row error: 5.360991, col error: 0.000000
Starting Iterative Proportional Fitting (IPF)...
IPF converged at iteration 43
IPF row error: 4.996714, col error: 0.000000
Starting Iterative Proportional Fitting (IPF)...
IPF converged at iteration 29
IPF row error: 86.961296, col error: 0.000000
  [2023/test] 진행 1440/1750 (82.3%) | 누적 CPC 0.4369 | RMSE 772.8142 | %RMSE 10.3238 | 경과 18.0분 | 예상 남음 3.9분
Starting Iterative Proportional Fitting (IPF)...
IPF converged at iteration 30
IPF row error: 87.833636, col error: 0.000000
Starting Iterative Proportional Fitting (IPF)...
IPF converged at iteration 43
IPF row error: 4.999613, col error: 0.000000
IPF converged at iteration 27
IPF row error: 115.163559, col error: 0.000000
Starting Iterative Proportional Fitting (IPF)...
Starting Iterative Proportional Fitting (IPF)...
IPF converged at iteration 52
IPF row error: 1.309097, col error: 0.000000
IPF converged at iteration 29
Starting Iterative Proportional Fitting (IPF)...
IPF row error: 93.860002, col error: 0.000000
Starting Iterative Proportional Fitting (IPF)...
IPF converged at iteration 29
IPF row error: 90.501613, col error: 0.000000
Starting Iterative Proportional Fitting (IPF)...
IPF converged at iteration 31
IPF row error: 85.041919, col error: 0.000000
Starting Iterative Proportional Fitting (IPF)...
IPF converged at iteration 31
IPF row error: 76.352072, col error: 0.000000
IPF converged at iteration 29
IPF row error: 111.652549, col error: 0.000000
Starting Iterative Proportional Fitting (IPF)...
Starting Iterative Proportional Fitting (IPF)...
IPF converged at iteration 31
IPF row error: 77.832220, col error: 0.000000
Starting Iterative Proportional Fitting (IPF)...
IPF converged at iteration 39
IPF row error: 12.377792, col error: 0.000000
Starting Iterative Proportional Fitting (IPF)...
IPF converged at iteration 43
IPF row error: 5.090234, col error: 0.000000
Starting Iterative Proportional Fitting (IPF)...
IPF converged at iteration 32
IPF row error: 64.124924, col error: 0.000000
IPF converged at iteration 49
IPF row error: 1.362413, col error: 0.000000
IPF converged at iteration 31
IPF row error: 72.912241, col error: 0.000000
Starting Iterative Proportional Fitting (IPF)...
Starting Iterative Proportional Fitting (IPF)...
Starting Iterative Proportional Fitting (IPF)...
IPF converged at iteration 32
IPF row error: 81.653458, col error: 0.000000
Starting Iterative Proportional Fitting (IPF)...
IPF converged at iteration 29
IPF row error: 79.198618, col error: 0.000000
Starting Iterative Proportional Fitting (IPF)...
IPF converged at iteration 49
IPF row error: 1.359767, col error: 0.000000
Starting Iterative Proportional Fitting (IPF)...
IPF converged at iteration 51
IPF row error: 1.314585, col error: 0.000000
Starting Iterative Proportional Fitting (IPF)...
IPF converged at iteration 30
IPF row error: 80.831828, col error: 0.000000
Starting Iterative Proportional Fitting (IPF)...
IPF converged at iteration 31
IPF row error: 84.701384, col error: 0.000000
Starting Iterative Proportional Fitting (IPF)...
IPF converged at iteration 30
IPF row error: 236.393381, col error: 0.000000
IPF converged at iteration 28
Starting Iterative Proportional Fitting (IPF)...
IPF row error: 140.975091, col error: 0.000000
Starting Iterative Proportional Fitting (IPF)...
IPF converged at iteration 29
IPF row error: 74.329379, col error: 0.000000
Starting Iterative Proportional Fitting (IPF)...
IPF converged at iteration 43
IPF row error: 5.073437, col error: 0.000000
Starting Iterative Proportional Fitting (IPF)...
IPF converged at iteration 43
IPF row error: 5.068274, col error: 0.000000
Starting Iterative Proportional Fitting (IPF)...
IPF converged at iteration 33
IPF row error: 37.913200, col error: 0.000000
Starting Iterative Proportional Fitting (IPF)...
IPF converged at iteration 51
IPF converged at iteration 30
IPF row error: 1.343245, col error: 0.000000
IPF row error: 85.401723, col error: 0.000000
Starting Iterative Proportional Fitting (IPF)...
Starting Iterative Proportional Fitting (IPF)...
IPF converged at iteration 31
IPF converged at iteration 43
IPF row error: 53.479899, col error: 0.000000
  [2023/test] 진행 1470/1750 (84.0%) | 누적 CPC 0.4339 | RMSE 781.4976 | %RMSE 10.3734 | 경과 18.4분 | 예상 남음 3.5분
IPF row error: 5.052448, col error: 0.000000
Starting Iterative Proportional Fitting (IPF)...
Starting Iterative Proportional Fitting (IPF)...
IPF converged at iteration 51
IPF row error: 1.322935, col error: 0.000000
Starting Iterative Proportional Fitting (IPF)...
IPF converged at iteration 51
IPF row error: 1.343245, col error: 0.000000
Starting Iterative Proportional Fitting (IPF)...
IPF converged at iteration 29
IPF row error: 87.720991, col error: 0.000000
Starting Iterative Proportional Fitting (IPF)...
IPF converged at iteration 49
IPF row error: 1.359534, col error: 0.000000
Starting Iterative Proportional Fitting (IPF)...
IPF converged at iteration 34
IPF row error: 43.711141, col error: 0.000000
IPF converged at iteration 43
IPF row error: 5.063600, col error: 0.000000
Starting Iterative Proportional Fitting (IPF)...
Starting Iterative Proportional Fitting (IPF)...
IPF converged at iteration 43
IPF row error: 5.077124, col error: 0.000000
Starting Iterative Proportional Fitting (IPF)...
IPF converged at iteration 33
IPF row error: 51.881067, col error: 0.000000
IPF converged at iteration 43
Starting Iterative Proportional Fitting (IPF)...
IPF row error: 5.052448, col error: 0.000000
Starting Iterative Proportional Fitting (IPF)...
IPF converged at iteration 51
IPF converged at iteration 29
IPF row error: 1.345439, col error: 0.000000
IPF row error: 92.585005, col error: 0.000000
Starting Iterative Proportional Fitting (IPF)...
Starting Iterative Proportional Fitting (IPF)...
IPF converged at iteration 27
IPF row error: 123.768432, col error: 0.000000
Starting Iterative Proportional Fitting (IPF)...
IPF converged at iteration 43
IPF converged at iteration 29
IPF row error: 5.061330, col error: 0.000000
IPF row error: 119.733646, col error: 0.000000
IPF converged at iteration 31
Starting Iterative Proportional Fitting (IPF)...
IPF row error: 81.862465, col error: 0.000000
Starting Iterative Proportional Fitting (IPF)...
Starting Iterative Proportional Fitting (IPF)...
IPF converged at iteration 26
IPF row error: 142.481350, col error: 0.000000
Starting Iterative Proportional Fitting (IPF)...
IPF converged at iteration 32
IPF row error: 90.489021, col error: 0.000000
Starting Iterative Proportional Fitting (IPF)...
IPF converged at iteration 37
IPF row error: 20.629423, col error: 0.000000
Starting Iterative Proportional Fitting (IPF)...
IPF converged at iteration 51
IPF row error: 1.343245, col error: 0.000000
IPF converged at iteration 43
IPF row error: 5.068101, col error: 0.000000
Starting Iterative Proportional Fitting (IPF)...
Starting Iterative Proportional Fitting (IPF)...
IPF converged at iteration 43
IPF row error: 4.989363, col error: 0.000000
Starting Iterative Proportional Fitting (IPF)...
IPF converged at iteration 43
IPF row error: 5.056490, col error: 0.000000
Starting Iterative Proportional Fitting (IPF)...
IPF converged at iteration 43
IPF row error: 4.989363, col error: 0.000000
Starting Iterative Proportional Fitting (IPF)...
IPF converged at iteration 51
IPF row error: 1.314585, col error: 0.000000
Starting Iterative Proportional Fitting (IPF)...
IPF converged at iteration 29
IPF row error: 98.763375, col error: 0.000000
Starting Iterative Proportional Fitting (IPF)...
IPF converged at iteration 43
IPF row error: 5.061290, col error: 0.000000
IPF converged at iteration 31
IPF row error: 76.755457, col error: 0.000000
Starting Iterative Proportional Fitting (IPF)...
IPF converged at iteration 29
IPF row error: 98.101997, col error: 0.000000
Starting Iterative Proportional Fitting (IPF)...
Starting Iterative Proportional Fitting (IPF)...
IPF converged at iteration 49
IPF row error: 1.359855, col error: 0.000000
  [2023/test] 진행 1500/1750 (85.7%) | 누적 CPC 0.4303 | RMSE 787.9418 | %RMSE 10.4100 | 경과 18.8분 | 예상 남음 3.1분
IPF converged at iteration 30
IPF row error: 91.285961, col error: 0.000000
Starting Iterative Proportional Fitting (IPF)...
Starting Iterative Proportional Fitting (IPF)...
IPF converged at iteration 48
IPF row error: 1.835967, col error: 0.000000
IPF converged at iteration 48
IPF row error: 1.856923, col error: 0.000000
Starting Iterative Proportional Fitting (IPF)...
Starting Iterative Proportional Fitting (IPF)...
IPF converged at iteration 29
IPF row error: 102.721220, col error: 0.000000
Starting Iterative Proportional Fitting (IPF)...
IPF converged at iteration 48
IPF row error: 1.823477, col error: 0.000000
IPF converged at iteration 29
IPF row error: 94.820744, col error: 0.000000
Starting Iterative Proportional Fitting (IPF)...
Starting Iterative Proportional Fitting (IPF)...
IPF converged at iteration 48
IPF row error: 1.856923, col error: 0.000000
Starting Iterative Proportional Fitting (IPF)...
IPF converged at iteration 48
IPF row error: 1.825175, col error: 0.000000
Starting Iterative Proportional Fitting (IPF)...
IPF converged at iteration 47
IPF row error: 2.256116, col error: 0.000000
Starting Iterative Proportional Fitting (IPF)...
IPF converged at iteration 54
IPF row error: 1.234334, col error: 0.000000
IPF converged at iteration 30
IPF row error: 112.462823, col error: 0.000000
Starting Iterative Proportional Fitting (IPF)...
Starting Iterative Proportional Fitting (IPF)...
IPF converged at iteration 48
IPF row error: 1.880119, col error: 0.000000
IPF converged at iteration 32
IPF row error: 68.529288, col error: 0.000000
Starting Iterative Proportional Fitting (IPF)...
Starting Iterative Proportional Fitting (IPF)...
IPF converged at iteration 48
IPF row error: 1.827236, col error: 0.000000
Starting Iterative Proportional Fitting (IPF)...
IPF converged at iteration 53
IPF row error: 1.437222, col error: 0.000000
Starting Iterative Proportional Fitting (IPF)...
IPF converged at iteration 49
IPF converged at iteration 48
IPF row error: 1.521174, col error: 0.000000
IPF row error: 1.802961, col error: 0.000000
IPF converged at iteration 25
IPF row error: 214.291280, col error: 0.000000
Starting Iterative Proportional Fitting (IPF)...
IPF converged at iteration 31
Starting Iterative Proportional Fitting (IPF)...
IPF row error: 79.156592, col error: 0.000000
Starting Iterative Proportional Fitting (IPF)...
Starting Iterative Proportional Fitting (IPF)...
IPF converged at iteration 27
IPF row error: 160.160913, col error: 0.000000
IPF converged at iteration 29
IPF row error: 74.481775, col error: 0.000000
Starting Iterative Proportional Fitting (IPF)...
IPF converged at iteration 29
Starting Iterative Proportional Fitting (IPF)...
IPF row error: 80.098779, col error: 0.000000
Starting Iterative Proportional Fitting (IPF)...
IPF converged at iteration 48
IPF row error: 1.777900, col error: 0.000000
Starting Iterative Proportional Fitting (IPF)...
IPF converged at iteration 25
IPF row error: 206.980430, col error: 0.000000
Starting Iterative Proportional Fitting (IPF)...
IPF converged at iteration 31
IPF row error: 86.095853, col error: 0.000000
Starting Iterative Proportional Fitting (IPF)...
IPF converged at iteration 30
IPF row error: 99.046688, col error: 0.000000
Starting Iterative Proportional Fitting (IPF)...
IPF converged at iteration 30
IPF row error: 89.048895, col error: 0.000000
Starting Iterative Proportional Fitting (IPF)...
IPF converged at iteration 29
IPF row error: 106.056382, col error: 0.000000
Starting Iterative Proportional Fitting (IPF)...
IPF converged at iteration 29
IPF row error: 123.433504, col error: 0.000000
Starting Iterative Proportional Fitting (IPF)...
IPF converged at iteration 48
IPF row error: 1.785145, col error: 0.000000
  [2023/test] 진행 1530/1750 (87.4%) | 누적 CPC 0.4260 | RMSE 788.2234 | %RMSE 10.4824 | 경과 19.2분 | 예상 남음 2.8분
Starting Iterative Proportional Fitting (IPF)...
IPF converged at iteration 27
IPF row error: 125.449305, col error: 0.000000
Starting Iterative Proportional Fitting (IPF)...
IPF converged at iteration 32
IPF row error: 65.203503, col error: 0.000000
Starting Iterative Proportional Fitting (IPF)...
IPF converged at iteration 32
IPF row error: 69.016949, col error: 0.000000
Starting Iterative Proportional Fitting (IPF)...
IPF converged at iteration 31
IPF row error: 81.411480, col error: 0.000000
IPF converged at iteration 27
Starting Iterative Proportional Fitting (IPF)...
IPF row error: 114.850654, col error: 0.000000
Starting Iterative Proportional Fitting (IPF)...
IPF converged at iteration 31
IPF row error: 88.351010, col error: 0.000000
IPF converged at iteration 28
IPF row error: 74.529159, col error: 0.000000
IPF converged at iteration 42
IPF row error: 6.936916, col error: 0.000000
Starting Iterative Proportional Fitting (IPF)...
Starting Iterative Proportional Fitting (IPF)...
Starting Iterative Proportional Fitting (IPF)...
IPF converged at iteration 52
IPF row error: 1.427737, col error: 0.000000
Starting Iterative Proportional Fitting (IPF)...
IPF converged at iteration 29
IPF row error: 98.851080, col error: 0.000000
IPF converged at iteration 31
IPF row error: 73.410634, col error: 0.000000
Starting Iterative Proportional Fitting (IPF)...IPF converged at iteration 32

IPF row error: 73.639011, col error: 0.000000
Starting Iterative Proportional Fitting (IPF)...
Starting Iterative Proportional Fitting (IPF)...
IPF converged at iteration 37
IPF row error: 22.999438, col error: 0.000000
Starting Iterative Proportional Fitting (IPF)...
IPF converged at iteration 25
IPF row error: 186.886639, col error: 0.000000
Starting Iterative Proportional Fitting (IPF)...
IPF converged at iteration 32
IPF row error: 61.102506, col error: 0.000000
Starting Iterative Proportional Fitting (IPF)...
IPF converged at iteration 53
IPF row error: 1.219599, col error: 0.000000
Starting Iterative Proportional Fitting (IPF)...
IPF converged at iteration 28
IPF row error: 107.217928, col error: 0.000000
IPF converged at iteration 52
IPF row error: 1.427737, col error: 0.000000
Starting Iterative Proportional Fitting (IPF)...
Starting Iterative Proportional Fitting (IPF)...
IPF converged at iteration 48
IPF row error: 1.825603, col error: 0.000000
Starting Iterative Proportional Fitting (IPF)...
IPF converged at iteration 43
IPF row error: 5.807671, col error: 0.000000
Starting Iterative Proportional Fitting (IPF)...
IPF converged at iteration 42
IPF row error: 7.448815, col error: 0.000000
Starting Iterative Proportional Fitting (IPF)...
IPF converged at iteration 53
IPF row error: 1.249317, col error: 0.000000
Starting Iterative Proportional Fitting (IPF)...
IPF converged at iteration 50
IPF row error: 1.432315, col error: 0.000000
Starting Iterative Proportional Fitting (IPF)...
IPF converged at iteration 44
IPF row error: 4.696063, col error: 0.000000
Starting Iterative Proportional Fitting (IPF)...
IPF converged at iteration 50
IPF row error: 1.437281, col error: 0.000000
Starting Iterative Proportional Fitting (IPF)...
IPF converged at iteration 34
IPF row error: 45.863273, col error: 0.000000
Starting Iterative Proportional Fitting (IPF)...
IPF converged at iteration 53
IPF row error: 1.250672, col error: 0.000000
Starting Iterative Proportional Fitting (IPF)...
IPF converged at iteration 30
IPF row error: 96.922378, col error: 0.000000
Starting Iterative Proportional Fitting (IPF)...
IPF converged at iteration 50
IPF row error: 1.426727, col error: 0.000000
Starting Iterative Proportional Fitting (IPF)...
IPF converged at iteration 28
IPF row error: 87.496771, col error: 0.000000
  [2023/test] 진행 1560/1750 (89.1%) | 누적 CPC 0.4228 | RMSE 784.3627 | %RMSE 10.5125 | 경과 19.6분 | 예상 남음 2.4분
Starting Iterative Proportional Fitting (IPF)...
IPF converged at iteration 53
IPF row error: 1.244571, col error: 0.000000
Starting Iterative Proportional Fitting (IPF)...
IPF converged at iteration 53
IPF row error: 1.250672, col error: 0.000000
IPF converged at iteration 39
IPF row error: 13.293976, col error: 0.000000
Starting Iterative Proportional Fitting (IPF)...
IPF converged at iteration 50
IPF row error: 1.430707, col error: 0.000000
Starting Iterative Proportional Fitting (IPF)...
Starting Iterative Proportional Fitting (IPF)...
IPF converged at iteration 27
IPF converged at iteration 56
IPF row error: 134.754568, col error: 0.000000
IPF row error: 1.318193, col error: 0.000000
IPF converged at iteration 30
IPF row error: 100.070489, col error: 0.000000
Starting Iterative Proportional Fitting (IPF)...
Starting Iterative Proportional Fitting (IPF)...
Starting Iterative Proportional Fitting (IPF)...
IPF converged at iteration 56
IPF row error: 1.322329, col error: 0.000000
IPF converged at iteration 31
IPF row error: 69.382941, col error: 0.000000
Starting Iterative Proportional Fitting (IPF)...
Starting Iterative Proportional Fitting (IPF)...
IPF converged at iteration 50
IPF converged at iteration 50
IPF row error: 1.441988, col error: 0.000000
IPF row error: 1.431516, col error: 0.000000
Starting Iterative Proportional Fitting (IPF)...
Starting Iterative Proportional Fitting (IPF)...
IPF converged at iteration 32
IPF row error: 69.111437, col error: 0.000000
Starting Iterative Proportional Fitting (IPF)...
IPF converged at iteration 56
IPF row error: 1.322329, col error: 0.000000
Starting Iterative Proportional Fitting (IPF)...
IPF converged at iteration 53
IPF row error: 1.245210, col error: 0.000000
IPF converged at iteration 56
IPF row error: 1.322329, col error: 0.000000
Starting Iterative Proportional Fitting (IPF)...
Starting Iterative Proportional Fitting (IPF)...
IPF converged at iteration 50
IPF row error: 1.443624, col error: 0.000000
Starting Iterative Proportional Fitting (IPF)...
IPF converged at iteration 29
IPF row error: 98.627972, col error: 0.000000
IPF converged at iteration 50
IPF row error: 1.443624, col error: 0.000000
Starting Iterative Proportional Fitting (IPF)...
Starting Iterative Proportional Fitting (IPF)...
IPF converged at iteration 51
IPF row error: 1.207815, col error: 0.000000
IPF converged at iteration 47
IPF row error: 2.262609, col error: 0.000000
Starting Iterative Proportional Fitting (IPF)...
Starting Iterative Proportional Fitting (IPF)...
IPF converged at iteration 31
IPF row error: 174.244069, col error: 0.000000
Starting Iterative Proportional Fitting (IPF)...
IPF converged at iteration 53
IPF row error: 1.229143, col error: 0.000000
Starting Iterative Proportional Fitting (IPF)...
IPF converged at iteration 56
IPF row error: 1.328608, col error: 0.000000
IPF converged at iteration 56
Starting Iterative Proportional Fitting (IPF)...
IPF row error: 1.318193, col error: 0.000000
IPF converged at iteration 27
IPF row error: 120.614553, col error: 0.000000
Starting Iterative Proportional Fitting (IPF)...
Starting Iterative Proportional Fitting (IPF)...
IPF converged at iteration 53
IPF row error: 1.244571, col error: 0.000000
Starting Iterative Proportional Fitting (IPF)...
IPF converged at iteration 29
IPF row error: 7.128016, col error: 0.000000
IPF converged at iteration 29
Starting Iterative Proportional Fitting (IPF)...
IPF row error: 89.820171, col error: 0.000000
IPF converged at iteration 25
IPF row error: 60.930117, col error: 0.000000
Starting Iterative Proportional Fitting (IPF)...
Starting Iterative Proportional Fitting (IPF)...
IPF converged at iteration 50
IPF row error: 1.432769, col error: 0.000000
  [2023/test] 진행 1590/1750 (90.9%) | 누적 CPC 0.4189 | RMSE 774.9674 | %RMSE 10.4744 | 경과 20.0분 | 예상 남음 2.0분
Starting Iterative Proportional Fitting (IPF)...
IPF converged at iteration 36
IPF row error: 28.518074, col error: 0.000000
Starting Iterative Proportional Fitting (IPF)...
IPF converged at iteration 53
IPF row error: 1.241678, col error: 0.000000
IPF converged at iteration 50
IPF row error: 1.439259, col error: 0.000000
Starting Iterative Proportional Fitting (IPF)...
Starting Iterative Proportional Fitting (IPF)...
IPF converged at iteration 50
IPF row error: 1.431371, col error: 0.000000
Starting Iterative Proportional Fitting (IPF)...
IPF converged at iteration 28
IPF row error: 167.605076, col error: 0.000000
Starting Iterative Proportional Fitting (IPF)...
IPF converged at iteration 53
IPF row error: 1.229587, col error: 0.000000
Starting Iterative Proportional Fitting (IPF)...
IPF converged at iteration 56
IPF row error: 1.328608, col error: 0.000000
Starting Iterative Proportional Fitting (IPF)...
IPF converged at iteration 50
IPF row error: 1.438650, col error: 0.000000
Starting Iterative Proportional Fitting (IPF)...
IPF converged at iteration 50
IPF row error: 1.443624, col error: 0.000000
Starting Iterative Proportional Fitting (IPF)...
IPF converged at iteration 28
IPF row error: 93.665759, col error: 0.000000
IPF converged at iteration 50
IPF row error: 1.437281, col error: 0.000000
Starting Iterative Proportional Fitting (IPF)...
Starting Iterative Proportional Fitting (IPF)...
IPF converged at iteration 31
IPF row error: 91.484953, col error: 0.000000
IPF converged at iteration 50
IPF row error: 1.305937, col error: 0.000000
Starting Iterative Proportional Fitting (IPF)...
Starting Iterative Proportional Fitting (IPF)...
IPF converged at iteration 31
IPF row error: 79.210153, col error: 0.000000
Starting Iterative Proportional Fitting (IPF)...
IPF converged at iteration 50
IPF row error: 1.488022, col error: 0.000000
Starting Iterative Proportional Fitting (IPF)...
IPF converged at iteration 30
IPF row error: 79.564717, col error: 0.000000
Starting Iterative Proportional Fitting (IPF)...
IPF converged at iteration 50
IPF row error: 1.424763, col error: 0.000000
Starting Iterative Proportional Fitting (IPF)...
IPF converged at iteration 55
IPF row error: 1.329326, col error: 0.000000
Starting Iterative Proportional Fitting (IPF)...
IPF converged at iteration 31
IPF row error: 79.331649, col error: 0.000000
Starting Iterative Proportional Fitting (IPF)...
IPF converged at iteration 44
IPF row error: 4.361236, col error: 0.000000
Starting Iterative Proportional Fitting (IPF)...
IPF converged at iteration 28
IPF row error: 184.786527, col error: 0.000000
IPF converged at iteration 44
IPF row error: 4.394963, col error: 0.000000
Starting Iterative Proportional Fitting (IPF)...
Starting Iterative Proportional Fitting (IPF)...
IPF converged at iteration 31
IPF row error: 79.565749, col error: 0.000000
Starting Iterative Proportional Fitting (IPF)...
IPF converged at iteration 44
IPF row error: 4.651742, col error: 0.000000
Starting Iterative Proportional Fitting (IPF)...
IPF converged at iteration 30
IPF row error: 86.021625, col error: 0.000000
Starting Iterative Proportional Fitting (IPF)...
IPF converged at iteration 44
IPF row error: 4.592523, col error: 0.000000
IPF converged at iteration 44
IPF row error: 4.416297, col error: 0.000000
Starting Iterative Proportional Fitting (IPF)...
Starting Iterative Proportional Fitting (IPF)...
IPF converged at iteration 39
IPF row error: 15.446530, col error: 0.000000
Starting Iterative Proportional Fitting (IPF)...
IPF converged at iteration 31
IPF row error: 57.985299, col error: 0.000000
Starting Iterative Proportional Fitting (IPF)...
IPF converged at iteration 30
IPF row error: 148.883882, col error: 0.000000
IPF converged at iteration 30
  [2023/test] 진행 1620/1750 (92.6%) | 누적 CPC 0.4173 | RMSE 769.5169 | %RMSE 10.4700 | 경과 20.5분 | 예상 남음 1.6분
IPF row error: 119.202114, col error: 0.000000
Starting Iterative Proportional Fitting (IPF)...
Starting Iterative Proportional Fitting (IPF)...
IPF converged at iteration 44
IPF row error: 4.509586, col error: 0.000000
Starting Iterative Proportional Fitting (IPF)...
IPF converged at iteration 50
IPF row error: 1.274488, col error: 0.000000
Starting Iterative Proportional Fitting (IPF)...
IPF converged at iteration 48
IPF row error: 1.789663, col error: 0.000000
IPF converged at iteration 50
IPF row error: 1.473179, col error: 0.000000
Starting Iterative Proportional Fitting (IPF)...
Starting Iterative Proportional Fitting (IPF)...
IPF converged at iteration 44
IPF row error: 4.392161, col error: 0.000000
Starting Iterative Proportional Fitting (IPF)...
IPF converged at iteration 32
IPF converged at iteration 31
IPF row error: 31.920350, col error: 0.000000
IPF row error: 90.786238, col error: 0.000000
Starting Iterative Proportional Fitting (IPF)...
Starting Iterative Proportional Fitting (IPF)...
IPF converged at iteration 44
IPF row error: 5.371756, col error: 0.000000
Starting Iterative Proportional Fitting (IPF)...
IPF converged at iteration 44
IPF row error: 4.598933, col error: 0.000000
Starting Iterative Proportional Fitting (IPF)...
IPF converged at iteration 33
IPF row error: 56.917429, col error: 0.000000
Starting Iterative Proportional Fitting (IPF)...
IPF converged at iteration 48
IPF row error: 1.764403, col error: 0.000000
Starting Iterative Proportional Fitting (IPF)...
IPF converged at iteration 55
IPF row error: 1.252684, col error: 0.000000
Starting Iterative Proportional Fitting (IPF)...
IPF converged at iteration 41
IPF row error: 8.934734, col error: 0.000000
Starting Iterative Proportional Fitting (IPF)...
IPF converged at iteration 55
IPF row error: 1.317809, col error: 0.000000
Starting Iterative Proportional Fitting (IPF)...
IPF converged at iteration 55
IPF row error: 1.226328, col error: 0.000000
Starting Iterative Proportional Fitting (IPF)...
IPF converged at iteration 51
IPF row error: 1.219458, col error: 0.000000
Starting Iterative Proportional Fitting (IPF)...
IPF converged at iteration 31
IPF row error: 78.967809, col error: 0.000000
Starting Iterative Proportional Fitting (IPF)...
IPF converged at iteration 31
IPF row error: 77.673873, col error: 0.000000
Starting Iterative Proportional Fitting (IPF)...
IPF converged at iteration 48
IPF row error: 1.783121, col error: 0.000000
Starting Iterative Proportional Fitting (IPF)...
IPF converged at iteration 45
IPF row error: 4.226695, col error: 0.000000
Starting Iterative Proportional Fitting (IPF)...
IPF converged at iteration 50
IPF row error: 1.297499, col error: 0.000000
Starting Iterative Proportional Fitting (IPF)...
IPF converged at iteration 36IPF converged at iteration 29

IPF row error: 95.500618, col error: 0.000000
IPF row error: 30.778282, col error: 0.000000
Starting Iterative Proportional Fitting (IPF)...
Starting Iterative Proportional Fitting (IPF)...
IPF converged at iteration 27
IPF row error: 236.182497, col error: 0.000000
Starting Iterative Proportional Fitting (IPF)...
IPF converged at iteration 30
IPF row error: 83.838765, col error: 0.000000
Starting Iterative Proportional Fitting (IPF)...
IPF converged at iteration 44
IPF row error: 4.339512, col error: 0.000000
Starting Iterative Proportional Fitting (IPF)...
IPF converged at iteration 50
IPF row error: 1.488361, col error: 0.000000
IPF converged at iteration 42
IPF row error: 7.307147, col error: 0.000000
Starting Iterative Proportional Fitting (IPF)...
Starting Iterative Proportional Fitting (IPF)...
IPF converged at iteration 28
IPF row error: 120.673433, col error: 0.000000
  [2023/test] 진행 1650/1750 (94.3%) | 누적 CPC 0.4162 | RMSE 767.2868 | %RMSE 10.4964 | 경과 20.9분 | 예상 남음 1.3분
Starting Iterative Proportional Fitting (IPF)...
IPF converged at iteration 32
IPF row error: 73.323824, col error: 0.000000
Starting Iterative Proportional Fitting (IPF)...
IPF converged at iteration 42
IPF row error: 6.388709, col error: 0.000000
Starting Iterative Proportional Fitting (IPF)...
IPF converged at iteration 52
IPF row error: 1.229917, col error: 0.000000
Starting Iterative Proportional Fitting (IPF)...
IPF converged at iteration 46
IPF row error: 2.837180, col error: 0.000000
Starting Iterative Proportional Fitting (IPF)...
IPF converged at iteration 46
IPF row error: 2.733846, col error: 0.000000
Starting Iterative Proportional Fitting (IPF)...
IPF converged at iteration 31
IPF row error: 85.803875, col error: 0.000000
Starting Iterative Proportional Fitting (IPF)...
IPF converged at iteration 52
IPF row error: 1.229917, col error: 0.000000
IPF converged at iteration 46
Starting Iterative Proportional Fitting (IPF)...
IPF row error: 2.733170, col error: 0.000000
Starting Iterative Proportional Fitting (IPF)...
IPF converged at iteration 46
IPF row error: 2.696538, col error: 0.000000
Starting Iterative Proportional Fitting (IPF)...
IPF converged at iteration 31
IPF row error: 84.340337, col error: 0.000000
IPF converged at iteration 30
IPF row error: 69.010444, col error: 0.000000
Starting Iterative Proportional Fitting (IPF)...
Starting Iterative Proportional Fitting (IPF)...
IPF converged at iteration 46
IPF row error: 2.732272, col error: 0.000000
Starting Iterative Proportional Fitting (IPF)...
IPF converged at iteration 29
IPF row error: 123.606736, col error: 0.000000
Starting Iterative Proportional Fitting (IPF)...
IPF converged at iteration 36
IPF row error: 23.806790, col error: 0.000000
Starting Iterative Proportional Fitting (IPF)...
IPF converged at iteration 42
IPF row error: 6.810295, col error: 0.000000
IPF converged at iteration 27
Starting Iterative Proportional Fitting (IPF)...
IPF row error: 38.639183, col error: 0.000000
Starting Iterative Proportional Fitting (IPF)...
IPF converged at iteration 46
IPF row error: 2.743351, col error: 0.000000
Starting Iterative Proportional Fitting (IPF)...
IPF converged at iteration 31
IPF row error: 64.779408, col error: 0.000000
Starting Iterative Proportional Fitting (IPF)...
IPF converged at iteration 30
IPF row error: 89.258193, col error: 0.000000
Starting Iterative Proportional Fitting (IPF)...
IPF converged at iteration 30
IPF row error: 93.377583, col error: 0.000000
Starting Iterative Proportional Fitting (IPF)...
IPF converged at iteration 52
IPF row error: 1.217500, col error: 0.000000
Starting Iterative Proportional Fitting (IPF)...
IPF converged at iteration 24
IPF row error: 159.005924, col error: 0.000000
Starting Iterative Proportional Fitting (IPF)...
IPF converged at iteration 46
IPF row error: 2.733846, col error: 0.000000
Starting Iterative Proportional Fitting (IPF)...
IPF converged at iteration 31
IPF row error: 89.710211, col error: 0.000000IPF converged at iteration 23

IPF row error: 82.733209, col error: 0.000000
Starting Iterative Proportional Fitting (IPF)...
Starting Iterative Proportional Fitting (IPF)...
IPF converged at iteration 32
IPF row error: 54.736054, col error: 0.000000
Starting Iterative Proportional Fitting (IPF)...
IPF converged at iteration 31
IPF row error: 181.286575, col error: 0.000000
Starting Iterative Proportional Fitting (IPF)...
IPF converged at iteration 46
IPF row error: 2.669614, col error: 0.000000
IPF converged at iteration 42
IPF row error: 6.998603, col error: 0.000000
Starting Iterative Proportional Fitting (IPF)...
Starting Iterative Proportional Fitting (IPF)...
IPF converged at iteration 29
IPF row error: 87.417643, col error: 0.000000
  [2023/test] 진행 1680/1750 (96.0%) | 누적 CPC 0.4136 | RMSE 769.6697 | %RMSE 10.5250 | 경과 21.3분 | 예상 남음 0.9분
Starting Iterative Proportional Fitting (IPF)...
IPF converged at iteration 24
IPF row error: 60.446588, col error: 0.000000
Starting Iterative Proportional Fitting (IPF)...
IPF converged at iteration 30
IPF row error: 88.438328, col error: 0.000000
IPF converged at iteration 52
Starting Iterative Proportional Fitting (IPF)...
IPF row error: 1.217500, col error: 0.000000
IPF converged at iteration 42
IPF row error: 6.957500, col error: 0.000000
Starting Iterative Proportional Fitting (IPF)...
Starting Iterative Proportional Fitting (IPF)...
IPF converged at iteration 47
IPF row error: 2.208259, col error: 0.000000
IPF converged at iteration 32
IPF row error: 69.339238, col error: 0.000000
Starting Iterative Proportional Fitting (IPF)...
IPF converged at iteration 32
Starting Iterative Proportional Fitting (IPF)...
IPF row error: 74.391491, col error: 0.000000
Starting Iterative Proportional Fitting (IPF)...
IPF converged at iteration 46
IPF row error: 2.837180, col error: 0.000000
Starting Iterative Proportional Fitting (IPF)...
IPF converged at iteration 30
IPF row error: 84.870872, col error: 0.000000
IPF converged at iteration 28
IPF row error: 90.191765, col error: 0.000000
Starting Iterative Proportional Fitting (IPF)...
Starting Iterative Proportional Fitting (IPF)...
IPF converged at iteration 46
IPF row error: 2.835573, col error: 0.000000
Starting Iterative Proportional Fitting (IPF)...
IPF converged at iteration 47
IPF converged at iteration 31
IPF row error: 77.714355, col error: 0.000000
IPF row error: 2.193638, col error: 0.000000
Starting Iterative Proportional Fitting (IPF)...
Starting Iterative Proportional Fitting (IPF)...
IPF converged at iteration 46
IPF row error: 2.860602, col error: 0.000000
Starting Iterative Proportional Fitting (IPF)...
IPF converged at iteration 52
IPF converged at iteration 30
IPF row error: 1.217500, col error: 0.000000
IPF row error: 98.237363, col error: 0.000000
Starting Iterative Proportional Fitting (IPF)...
Starting Iterative Proportional Fitting (IPF)...
IPF converged at iteration 30
IPF row error: 87.779402, col error: 0.000000
IPF converged at iteration 46
IPF row error: 2.747329, col error: 0.000000
Starting Iterative Proportional Fitting (IPF)...
Starting Iterative Proportional Fitting (IPF)...
IPF converged at iteration 30
IPF row error: 85.780420, col error: 0.000000
IPF converged at iteration 32
IPF row error: 65.563625, col error: 0.000000
Starting Iterative Proportional Fitting (IPF)...
Starting Iterative Proportional Fitting (IPF)...
IPF converged at iteration 42
IPF row error: 6.048296, col error: 0.000000
Starting Iterative Proportional Fitting (IPF)...
IPF converged at iteration 50
IPF row error: 1.291683, col error: 0.000000
Starting Iterative Proportional Fitting (IPF)...
IPF converged at iteration 38
IPF row error: 14.910760, col error: 0.000000
Starting Iterative Proportional Fitting (IPF)...
IPF converged at iteration 50
IPF row error: 1.301675, col error: 0.000000
Starting Iterative Proportional Fitting (IPF)...
IPF converged at iteration 29
IPF row error: 68.517644, col error: 0.000000
Starting Iterative Proportional Fitting (IPF)...
IPF converged at iteration 27
IPF row error: 140.698034, col error: 0.000000
Starting Iterative Proportional Fitting (IPF)...
IPF converged at iteration 42
IPF row error: 6.033892, col error: 0.000000
Starting Iterative Proportional Fitting (IPF)...
IPF converged at iteration 32
IPF row error: 63.250212, col error: 0.000000
Starting Iterative Proportional Fitting (IPF)...
IPF converged at iteration 42
IPF row error: 6.155937, col error: 0.000000
Starting Iterative Proportional Fitting (IPF)...
IPF converged at iteration 42
IPF row error: 6.041208, col error: 0.000000
  [2023/test] 진행 1710/1750 (97.7%) | 누적 CPC 0.4120 | RMSE 779.5402 | %RMSE 10.5946 | 경과 21.7분 | 예상 남음 0.5분
Starting Iterative Proportional Fitting (IPF)...
IPF converged at iteration 28
IPF row error: 118.482146, col error: 0.000000
Starting Iterative Proportional Fitting (IPF)...
IPF converged at iteration 49
IPF row error: 1.332861, col error: 0.000000
IPF converged at iteration 27
IPF row error: 113.230167, col error: 0.000000
Starting Iterative Proportional Fitting (IPF)...
Starting Iterative Proportional Fitting (IPF)...
IPF converged at iteration 50
IPF row error: 1.275438, col error: 0.000000
Starting Iterative Proportional Fitting (IPF)...
IPF converged at iteration 40
IPF row error: 10.836045, col error: 0.000000
Starting Iterative Proportional Fitting (IPF)...
IPF converged at iteration 43
IPF converged at iteration 38
IPF row error: 4.909611, col error: 0.000000
IPF row error: 14.803833, col error: 0.000000
Starting Iterative Proportional Fitting (IPF)...
IPF converged at iteration 48
Starting Iterative Proportional Fitting (IPF)...
IPF row error: 1.667248, col error: 0.000000
Starting Iterative Proportional Fitting (IPF)...
IPF converged at iteration 29
IPF row error: 103.906204, col error: 0.000000
Starting Iterative Proportional Fitting (IPF)...
IPF converged at iteration 29
IPF row error: 88.306792, col error: 0.000000
IPF converged at iteration 31
IPF row error: 74.053639, col error: 0.000000
Starting Iterative Proportional Fitting (IPF)...
IPF converged at iteration 31
Starting Iterative Proportional Fitting (IPF)...
IPF row error: 74.581048, col error: 0.000000
Starting Iterative Proportional Fitting (IPF)...
IPF converged at iteration 37
IPF row error: 19.225878, col error: 0.000000
Starting Iterative Proportional Fitting (IPF)...
IPF converged at iteration 30
IPF row error: 62.757317, col error: 0.000000
IPF converged at iteration 30
IPF row error: 76.382675, col error: 0.000000
IPF converged at iteration 28
IPF row error: 122.468605, col error: 0.000000
Starting Iterative Proportional Fitting (IPF)...
Starting Iterative Proportional Fitting (IPF)...
Starting Iterative Proportional Fitting (IPF)...
IPF converged at iteration 29
IPF row error: 74.872718, col error: 0.000000
IPF converged at iteration 30
IPF row error: 79.575403, col error: 0.000000
Starting Iterative Proportional Fitting (IPF)...
Starting Iterative Proportional Fitting (IPF)...
IPF converged at iteration 48
IPF row error: 1.649881, col error: 0.000000
Starting Iterative Proportional Fitting (IPF)...
IPF converged at iteration 43
IPF row error: 4.937965, col error: 0.000000
Starting Iterative Proportional Fitting (IPF)...
IPF converged at iteration 30
IPF row error: 21.183702, col error: 0.000000
Starting Iterative Proportional Fitting (IPF)...
IPF converged at iteration 29
IPF row error: 199.695584, col error: 0.000000
IPF converged at iteration 42
IPF converged at iteration 26
IPF row error: 6.059275, col error: 0.000000
Starting Iterative Proportional Fitting (IPF)...
IPF row error: 146.064234, col error: 0.000000
Starting Iterative Proportional Fitting (IPF)...
Starting Iterative Proportional Fitting (IPF)...
IPF converged at iteration 38
IPF row error: 15.100942, col error: 0.000000
IPF converged at iteration 30
IPF row error: 76.093217, col error: 0.000000
Starting Iterative Proportional Fitting (IPF)...
Starting Iterative Proportional Fitting (IPF)...
IPF converged at iteration 43
IPF row error: 4.916003, col error: 0.000000
IPF converged at iteration 49
IPF row error: 1.343201, col error: 0.000000
Starting Iterative Proportional Fitting (IPF)...
Starting Iterative Proportional Fitting (IPF)...
IPF converged at iteration 38
IPF converged at iteration 41
IPF row error: 15.213074, col error: 0.000000
IPF row error: 8.261433, col error: 0.000000
  [2023/test] 진행 1740/1750 (99.4%) | 누적 CPC 0.4104 | RMSE 807.0083 | %RMSE 10.7561 | 경과 22.1분 | 예상 남음 0.1분
Starting Iterative Proportional Fitting (IPF)...
Starting Iterative Proportional Fitting (IPF)...
IPF converged at iteration 32
IPF row error: 67.913107, col error: 0.000000
Starting Iterative Proportional Fitting (IPF)...
IPF converged at iteration 38
IPF row error: 14.886761, col error: 0.000000
Starting Iterative Proportional Fitting (IPF)...
IPF converged at iteration 31
IPF row error: 69.933227, col error: 0.000000
Starting Iterative Proportional Fitting (IPF)...
IPF converged at iteration 30
IPF row error: 77.557810, col error: 0.000000
Starting Iterative Proportional Fitting (IPF)...
IPF converged at iteration 44
IPF row error: 3.933297, col error: 0.000000
Starting Iterative Proportional Fitting (IPF)...
IPF converged at iteration 28
IPF row error: 95.120509, col error: 0.000000
IPF converged at iteration 48
IPF row error: 1.649881, col error: 0.000000
Starting Iterative Proportional Fitting (IPF)...
IPF converged at iteration 38
IPF row error: 15.052461, col error: 0.000000
IPF converged at iteration 42
IPF row error: 6.078768, col error: 0.000000
IPF converged at iteration 32
IPF row error: 46.000095, col error: 0.000000
  [2023/test] 진행 1750/1750 (100.0%) | 누적 CPC 0.4095 | RMSE 816.4428 | %RMSE 10.8098 | 경과 22.2분 | 예상 남음 0.0분
  [2023/test] 완료: 1750/1750
1. 절대 모델의 구조와 하이퍼파라미터를 test가 좋아지는 방향으로 하지 말 것. -> val이 좋아지는 방향으로 조정
2. 모델의 성능이 좋아지는 게 목적이 아니라 기존 방식을 잘 재현하는게 목적이야.

===연도별===

=== task별 종합 성능 (모든 도시) ===
[year=2023, split=test, task=0] (n=350) CPC=0.6576±0.0897  RMSE=365.4606±239.3611  %RMSE=6.9751±2.7096
[year=2023, split=test, task=1] (n=350) CPC=0.6556±0.0893  RMSE=344.8782±185.5417  %RMSE=6.6907±2.1735
[year=2023, split=test, task=2] (n=350) CPC=0.2972±0.0894  RMSE=1060.2786±706.1671  %RMSE=13.3390±3.7869
[year=2023, split=test, task=3] (n=350) CPC=0.1555±0.1083  RMSE=1222.7095±559.3186  %RMSE=13.7536±3.4330
[year=2023, split=test, task=4] (n=350) CPC=0.2815±0.1160  RMSE=1088.8871±710.0386  %RMSE=13.2906±3.7287

=== task/도시별 성능 ===
[year=2023, split=test, task=0, city=감일동] (n=50) CPC=0.4512±0.0000  RMSE=263.6089±0.0000  %RMSE=9.1806±0.0000
[year=2023, split=test, task=0, city=다산] (n=50) CPC=0.7529±0.0000  RMSE=305.8863±0.0000  %RMSE=4.3746±0.0000
[year=2023, split=test, task=0, city=랜덤1] (n=50) CPC=0.6961±0.0000  RMSE=263.2362±0.0000  %RMSE=6.6782±0.0000
[year=2023, split=test, task=0, city=랜덤2] (n=50) CPC=0.6739±0.0000  RMSE=332.6980±0.0000  %RMSE=6.5480±0.0000
[year=2023, split=test, task=0, city=랜덤3] (n=50) CPC=0.6492±0.0000  RMSE=944.0969±0.0000  %RMSE=12.3849±0.0000
[year=2023, split=test, task=0, city=미사] (n=50) CPC=0.7085±0.0000  RMSE=246.3183±0.0000  %RMSE=4.1142±0.0000
[year=2023, split=test, task=0, city=배곧] (n=50) CPC=0.6717±0.0000  RMSE=202.3798±0.0000  %RMSE=5.5455±0.0000
[year=2023, split=test, task=1, city=감일동] (n=50) CPC=0.4462±0.0092  RMSE=266.4500±5.7852  %RMSE=9.2017±0.0960
[year=2023, split=test, task=1, city=다산] (n=50) CPC=0.7379±0.0187  RMSE=338.6378±75.5418  %RMSE=4.7953±1.0102
[year=2023, split=test, task=1, city=랜덤1] (n=50) CPC=0.6934±0.0084  RMSE=266.9920±10.7431  %RMSE=6.7432±0.2015
[year=2023, split=test, task=1, city=랜덤2] (n=50) CPC=0.6727±0.0063  RMSE=328.4829±10.1664  %RMSE=6.4326±0.2067
[year=2023, split=test, task=1, city=랜덤3] (n=50) CPC=0.6674±0.0166  RMSE=758.7111±149.0341  %RMSE=9.9185±1.9886
[year=2023, split=test, task=1, city=미사] (n=50) CPC=0.7035±0.0083  RMSE=251.7125±16.1143  %RMSE=4.1884±0.2513
[year=2023, split=test, task=1, city=배곧] (n=50) CPC=0.6678±0.0061  RMSE=203.1611±2.0722  %RMSE=5.5554±0.0400
[year=2023, split=test, task=2, city=감일동] (n=50) CPC=0.2607±0.0558  RMSE=253.5478±35.3959  %RMSE=7.9344±1.2565
[year=2023, split=test, task=2, city=다산] (n=50) CPC=0.2909±0.0858  RMSE=1589.7963±224.4556  %RMSE=15.0886±1.4582
[year=2023, split=test, task=2, city=랜덤1] (n=50) CPC=0.3726±0.0691  RMSE=602.4035±85.2946  %RMSE=12.0851±1.2251
[year=2023, split=test, task=2, city=랜덤2] (n=50) CPC=0.3030±0.0765  RMSE=817.6240±187.9974  %RMSE=12.0628±2.1768
[year=2023, split=test, task=2, city=랜덤3] (n=50) CPC=0.3252±0.0922  RMSE=2395.3012±506.5213  %RMSE=19.8875±2.6722
[year=2023, split=test, task=2, city=미사] (n=50) CPC=0.2432±0.0800  RMSE=1058.0571±132.6112  %RMSE=12.1425±0.8458
[year=2023, split=test, task=2, city=배곧] (n=50) CPC=0.2849±0.0946  RMSE=705.2203±119.2157  %RMSE=14.1719±1.4500
[year=2023, split=test, task=3, city=감일동] (n=50) CPC=0.0723±0.0009  RMSE=271.2884±1.3347  %RMSE=7.4629±0.0444
[year=2023, split=test, task=3, city=다산] (n=50) CPC=0.0998±0.0008  RMSE=1570.1334±1.1450  %RMSE=15.3668±0.0891
[year=2023, split=test, task=3, city=랜덤1] (n=50) CPC=0.2666±0.0934  RMSE=885.3194±229.4220  %RMSE=12.8518±1.0133
[year=2023, split=test, task=3, city=랜덤2] (n=50) CPC=0.1312±0.0709  RMSE=1438.3401±322.0802  %RMSE=13.9162±0.9941
[year=2023, split=test, task=3, city=랜덤3] (n=50) CPC=0.2718±0.1495  RMSE=1948.4291±452.9820  %RMSE=18.8657±3.2753
[year=2023, split=test, task=3, city=미사] (n=50) CPC=0.1017±0.0010  RMSE=1387.6439±2.5392  %RMSE=14.0527±0.0936
[year=2023, split=test, task=3, city=배곧] (n=50) CPC=0.1451±0.0811  RMSE=1057.8118±246.9642  %RMSE=13.7589±0.7076
[year=2023, split=test, task=4, city=감일동] (n=50) CPC=0.2137±0.0849  RMSE=277.5820±52.9234  %RMSE=8.1790±1.1744
[year=2023, split=test, task=4, city=다산] (n=50) CPC=0.2831±0.1096  RMSE=1608.9307±332.5244  %RMSE=14.9447±1.5643
[year=2023, split=test, task=4, city=랜덤1] (n=50) CPC=0.3749±0.1137  RMSE=620.9327±159.1994  %RMSE=11.6967±1.6584
[year=2023, split=test, task=4, city=랜덤2] (n=50) CPC=0.2834±0.1205  RMSE=906.3566±298.0293  %RMSE=12.0461±2.1102
[year=2023, split=test, task=4, city=랜덤3] (n=50) CPC=0.3146±0.1119  RMSE=2348.6774±546.0168  %RMSE=19.9148±2.0576
[year=2023, split=test, task=4, city=미사] (n=50) CPC=0.2632±0.1019  RMSE=1076.0363±334.7418  %RMSE=12.0470±1.4022
[year=2023, split=test, task=4, city=배곧] (n=50) CPC=0.2376±0.0888  RMSE=783.6939±173.2581  %RMSE=14.2061±0.9346

=== 도시별 성능 (모든 task) ===
[year=2023, split=test, city=감일동] (n=250) CPC=0.2888±0.1516  RMSE=266.4954±29.7014  %RMSE=8.3917±1.0358
[year=2023, split=test, city=다산] (n=250) CPC=0.4329±0.2715  RMSE=1082.6769±647.3617  %RMSE=10.9140±5.2783
[year=2023, split=test, city=랜덤1] (n=250) CPC=0.4807±0.1933  RMSE=527.7768±270.3493  %RMSE=10.0110±2.9093
[year=2023, split=test, city=랜덤2] (n=250) CPC=0.4128±0.2320  RMSE=764.7003±465.0964  %RMSE=10.2011±3.4188
[year=2023, split=test, city=랜덤3] (n=250) CPC=0.4457±0.1981  RMSE=1679.0431±800.4078  %RMSE=16.1943±4.7869
[year=2023, split=test, city=미사] (n=250) CPC=0.4040±0.2594  RMSE=803.9536±494.9997  %RMSE=9.3090±4.3356
[year=2023, split=test, city=배곧] (n=250) CPC=0.4014±0.2339  RMSE=590.4534±367.3581  %RMSE=10.6476±4.2474

===연도 종합===

=== task별 종합 성능 (모든 도시) ===
[split=test, task=0] (n=350) CPC=0.6576±0.0897  RMSE=365.4606±239.3611  %RMSE=6.9751±2.7096
[split=test, task=1] (n=350) CPC=0.6556±0.0893  RMSE=344.8782±185.5417  %RMSE=6.6907±2.1735
[split=test, task=2] (n=350) CPC=0.2972±0.0894  RMSE=1060.2786±706.1671  %RMSE=13.3390±3.7869
[split=test, task=3] (n=350) CPC=0.1555±0.1083  RMSE=1222.7095±559.3186  %RMSE=13.7536±3.4330
[split=test, task=4] (n=350) CPC=0.2815±0.1160  RMSE=1088.8871±710.0386  %RMSE=13.2906±3.7287

=== task/도시별 성능 ===
[split=test, task=0, city=감일동] (n=50) CPC=0.4512±0.0000  RMSE=263.6089±0.0000  %RMSE=9.1806±0.0000
[split=test, task=0, city=다산] (n=50) CPC=0.7529±0.0000  RMSE=305.8863±0.0000  %RMSE=4.3746±0.0000
[split=test, task=0, city=랜덤1] (n=50) CPC=0.6961±0.0000  RMSE=263.2362±0.0000  %RMSE=6.6782±0.0000
[split=test, task=0, city=랜덤2] (n=50) CPC=0.6739±0.0000  RMSE=332.6980±0.0000  %RMSE=6.5480±0.0000
[split=test, task=0, city=랜덤3] (n=50) CPC=0.6492±0.0000  RMSE=944.0969±0.0000  %RMSE=12.3849±0.0000
[split=test, task=0, city=미사] (n=50) CPC=0.7085±0.0000  RMSE=246.3183±0.0000  %RMSE=4.1142±0.0000
[split=test, task=0, city=배곧] (n=50) CPC=0.6717±0.0000  RMSE=202.3798±0.0000  %RMSE=5.5455±0.0000
[split=test, task=1, city=감일동] (n=50) CPC=0.4462±0.0092  RMSE=266.4500±5.7852  %RMSE=9.2017±0.0960
[split=test, task=1, city=다산] (n=50) CPC=0.7379±0.0187  RMSE=338.6378±75.5418  %RMSE=4.7953±1.0102
[split=test, task=1, city=랜덤1] (n=50) CPC=0.6934±0.0084  RMSE=266.9920±10.7431  %RMSE=6.7432±0.2015
[split=test, task=1, city=랜덤2] (n=50) CPC=0.6727±0.0063  RMSE=328.4829±10.1664  %RMSE=6.4326±0.2067
[split=test, task=1, city=랜덤3] (n=50) CPC=0.6674±0.0166  RMSE=758.7111±149.0341  %RMSE=9.9185±1.9886
[split=test, task=1, city=미사] (n=50) CPC=0.7035±0.0083  RMSE=251.7125±16.1143  %RMSE=4.1884±0.2513
[split=test, task=1, city=배곧] (n=50) CPC=0.6678±0.0061  RMSE=203.1611±2.0722  %RMSE=5.5554±0.0400
[split=test, task=2, city=감일동] (n=50) CPC=0.2607±0.0558  RMSE=253.5478±35.3959  %RMSE=7.9344±1.2565
[split=test, task=2, city=다산] (n=50) CPC=0.2909±0.0858  RMSE=1589.7963±224.4556  %RMSE=15.0886±1.4582
[split=test, task=2, city=랜덤1] (n=50) CPC=0.3726±0.0691  RMSE=602.4035±85.2946  %RMSE=12.0851±1.2251
[split=test, task=2, city=랜덤2] (n=50) CPC=0.3030±0.0765  RMSE=817.6240±187.9974  %RMSE=12.0628±2.1768
[split=test, task=2, city=랜덤3] (n=50) CPC=0.3252±0.0922  RMSE=2395.3012±506.5213  %RMSE=19.8875±2.6722
[split=test, task=2, city=미사] (n=50) CPC=0.2432±0.0800  RMSE=1058.0571±132.6112  %RMSE=12.1425±0.8458
[split=test, task=2, city=배곧] (n=50) CPC=0.2849±0.0946  RMSE=705.2203±119.2157  %RMSE=14.1719±1.4500
[split=test, task=3, city=감일동] (n=50) CPC=0.0723±0.0009  RMSE=271.2884±1.3347  %RMSE=7.4629±0.0444
[split=test, task=3, city=다산] (n=50) CPC=0.0998±0.0008  RMSE=1570.1334±1.1450  %RMSE=15.3668±0.0891
[split=test, task=3, city=랜덤1] (n=50) CPC=0.2666±0.0934  RMSE=885.3194±229.4220  %RMSE=12.8518±1.0133
[split=test, task=3, city=랜덤2] (n=50) CPC=0.1312±0.0709  RMSE=1438.3401±322.0802  %RMSE=13.9162±0.9941
[split=test, task=3, city=랜덤3] (n=50) CPC=0.2718±0.1495  RMSE=1948.4291±452.9820  %RMSE=18.8657±3.2753
[split=test, task=3, city=미사] (n=50) CPC=0.1017±0.0010  RMSE=1387.6439±2.5392  %RMSE=14.0527±0.0936
[split=test, task=3, city=배곧] (n=50) CPC=0.1451±0.0811  RMSE=1057.8118±246.9642  %RMSE=13.7589±0.7076
[split=test, task=4, city=감일동] (n=50) CPC=0.2137±0.0849  RMSE=277.5820±52.9234  %RMSE=8.1790±1.1744
[split=test, task=4, city=다산] (n=50) CPC=0.2831±0.1096  RMSE=1608.9307±332.5244  %RMSE=14.9447±1.5643
[split=test, task=4, city=랜덤1] (n=50) CPC=0.3749±0.1137  RMSE=620.9327±159.1994  %RMSE=11.6967±1.6584
[split=test, task=4, city=랜덤2] (n=50) CPC=0.2834±0.1205  RMSE=906.3566±298.0293  %RMSE=12.0461±2.1102
[split=test, task=4, city=랜덤3] (n=50) CPC=0.3146±0.1119  RMSE=2348.6774±546.0168  %RMSE=19.9148±2.0576
[split=test, task=4, city=미사] (n=50) CPC=0.2632±0.1019  RMSE=1076.0363±334.7418  %RMSE=12.0470±1.4022
[split=test, task=4, city=배곧] (n=50) CPC=0.2376±0.0888  RMSE=783.6939±173.2581  %RMSE=14.2061±0.9346

=== 도시별 성능 (모든 task) ===
[split=test, city=감일동] (n=250) CPC=0.2888±0.1516  RMSE=266.4954±29.7014  %RMSE=8.3917±1.0358
[split=test, city=다산] (n=250) CPC=0.4329±0.2715  RMSE=1082.6769±647.3617  %RMSE=10.9140±5.2783
[split=test, city=랜덤1] (n=250) CPC=0.4807±0.1933  RMSE=527.7768±270.3493  %RMSE=10.0110±2.9093
[split=test, city=랜덤2] (n=250) CPC=0.4128±0.2320  RMSE=764.7003±465.0964  %RMSE=10.2011±3.4188
[split=test, city=랜덤3] (n=250) CPC=0.4457±0.1981  RMSE=1679.0431±800.4078  %RMSE=16.1943±4.7869
[split=test, city=미사] (n=250) CPC=0.4040±0.2594  RMSE=803.9536±494.9997  %RMSE=9.3090±4.3356
[split=test, city=배곧] (n=250) CPC=0.4014±0.2339  RMSE=590.4534±367.3581  %RMSE=10.6476±4.2474

===총 종합===

=== 전체 종합 (연도/task/도시 모두 무관) ===
[split=test] (n=1750) CPC=0.4095±0.2301  RMSE=816.4428±652.9741  %RMSE=10.8098±4.5822
[LOG] saved to C:\Users\금경훈\Desktop\mobility_foundation\KTxTS_project\src\gravity(경훈)\logs\gravity_linear_regression_mean_20260809_084207.log
=======
[LOG] saving console output to C:\Users\금경훈\Desktop\mobility_foundation\KTxTS_project\src\gravity(경훈)\logs\gravity_linear_regression_mean_20260809_084207.log
Dataset 초기화 완료 (Imputation: mean)
argument='linear_regression'
Start Model Training on years: 2023
Training Model for Origin Generation (O_i) using linear_regression...

Evaluating 2023 / test ...
  [2023/test] 1750개 샘플 병렬 평가 중 (threads=4)...
Starting Iterative Proportional Fitting (IPF)...
Starting Iterative Proportional Fitting (IPF)...Starting Iterative Proportional Fitting (IPF)...Starting Iterative Proportional Fitting (IPF)...


IPF converged at iteration 32
IPF converged at iteration 32
IPF converged at iteration 32
IPF row error: 65.125530, col error: 0.000000
IPF converged at iteration 32
IPF row error: 65.125530, col error: 0.000000
IPF row error: 65.125530, col error: 0.000000
IPF row error: 65.125530, col error: 0.000000
Starting Iterative Proportional Fitting (IPF)...
Starting Iterative Proportional Fitting (IPF)...
Starting Iterative Proportional Fitting (IPF)...
Starting Iterative Proportional Fitting (IPF)...
IPF converged at iteration 32
IPF converged at iteration 32
IPF converged at iteration 32
IPF row error: 65.125530, col error: 0.000000
IPF row error: 65.125530, col error: 0.000000
IPF converged at iteration 32
IPF row error: 65.125530, col error: 0.000000
IPF row error: 65.125530, col error: 0.000000
Starting Iterative Proportional Fitting (IPF)...
Starting Iterative Proportional Fitting (IPF)...
Starting Iterative Proportional Fitting (IPF)...
Starting Iterative Proportional Fitting (IPF)...
IPF converged at iteration 32
IPF converged at iteration 32
IPF converged at iteration 32
IPF row error: 65.125530, col error: 0.000000
IPF converged at iteration 32
IPF row error: 65.125530, col error: 0.000000
IPF row error: 65.125530, col error: 0.000000
IPF row error: 65.125530, col error: 0.000000
Starting Iterative Proportional Fitting (IPF)...
Starting Iterative Proportional Fitting (IPF)...
Starting Iterative Proportional Fitting (IPF)...
Starting Iterative Proportional Fitting (IPF)...
IPF converged at iteration 32
IPF converged at iteration 32
IPF row error: 65.125530, col error: 0.000000
IPF converged at iteration 32
IPF row error: 65.125530, col error: 0.000000
IPF converged at iteration 32
IPF row error: 65.125530, col error: 0.000000
IPF row error: 65.125530, col error: 0.000000
Starting Iterative Proportional Fitting (IPF)...
Starting Iterative Proportional Fitting (IPF)...
Starting Iterative Proportional Fitting (IPF)...
Starting Iterative Proportional Fitting (IPF)...
IPF converged at iteration 32
IPF converged at iteration 32
IPF row error: 65.125530, col error: 0.000000
IPF converged at iteration 32
IPF converged at iteration 32
IPF row error: 65.125530, col error: 0.000000
IPF row error: 65.125530, col error: 0.000000
IPF row error: 65.125530, col error: 0.000000
Starting Iterative Proportional Fitting (IPF)...
Starting Iterative Proportional Fitting (IPF)...
Starting Iterative Proportional Fitting (IPF)...
Starting Iterative Proportional Fitting (IPF)...
IPF converged at iteration 32
IPF converged at iteration 32
IPF converged at iteration 32
IPF row error: 65.125530, col error: 0.000000
IPF row error: 65.125530, col error: 0.000000
IPF converged at iteration 32IPF row error: 65.125530, col error: 0.000000

IPF row error: 65.125530, col error: 0.000000
Starting Iterative Proportional Fitting (IPF)...
Starting Iterative Proportional Fitting (IPF)...
Starting Iterative Proportional Fitting (IPF)...
Starting Iterative Proportional Fitting (IPF)...
IPF converged at iteration 32
IPF converged at iteration 32
IPF row error: 65.125530, col error: 0.000000
IPF converged at iteration 32
IPF converged at iteration 32
IPF row error: 65.125530, col error: 0.000000
IPF row error: 65.125530, col error: 0.000000
IPF row error: 65.125530, col error: 0.000000
Starting Iterative Proportional Fitting (IPF)...
Starting Iterative Proportional Fitting (IPF)...
Starting Iterative Proportional Fitting (IPF)...Starting Iterative Proportional Fitting (IPF)...

IPF converged at iteration 32
IPF converged at iteration 32
IPF row error: 65.125530, col error: 0.000000
IPF row error: 65.125530, col error: 0.000000
IPF converged at iteration 32
  [2023/test] 진행 30/1750 (1.7%) | 누적 CPC 0.7529 | RMSE 305.8863 | %RMSE 4.3746 | 경과 0.3분 | 예상 남음 16.9분
IPF converged at iteration 32
IPF row error: 65.125530, col error: 0.000000
IPF row error: 65.125530, col error: 0.000000
Starting Iterative Proportional Fitting (IPF)...
Starting Iterative Proportional Fitting (IPF)...
Starting Iterative Proportional Fitting (IPF)...
Starting Iterative Proportional Fitting (IPF)...
IPF converged at iteration 32
IPF converged at iteration 32
IPF row error: 65.125530, col error: 0.000000
IPF converged at iteration 32
IPF row error: 65.125530, col error: 0.000000
IPF row error: 65.125530, col error: 0.000000
IPF converged at iteration 32
IPF row error: 65.125530, col error: 0.000000
Starting Iterative Proportional Fitting (IPF)...
Starting Iterative Proportional Fitting (IPF)...
Starting Iterative Proportional Fitting (IPF)...
Starting Iterative Proportional Fitting (IPF)...
IPF converged at iteration 32
IPF converged at iteration 32
IPF row error: 65.125530, col error: 0.000000
IPF row error: 65.125530, col error: 0.000000
IPF converged at iteration 32
IPF row error: 65.125530, col error: 0.000000
IPF converged at iteration 32
IPF row error: 65.125530, col error: 0.000000
Starting Iterative Proportional Fitting (IPF)...
Starting Iterative Proportional Fitting (IPF)...
Starting Iterative Proportional Fitting (IPF)...
Starting Iterative Proportional Fitting (IPF)...
IPF converged at iteration 32
IPF converged at iteration 32
IPF row error: 65.125530, col error: 0.000000
IPF row error: 65.125530, col error: 0.000000
IPF converged at iteration 32
IPF row error: 65.125530, col error: 0.000000
IPF converged at iteration 32
IPF row error: 65.125530, col error: 0.000000
Starting Iterative Proportional Fitting (IPF)...
Starting Iterative Proportional Fitting (IPF)...
Starting Iterative Proportional Fitting (IPF)...
Starting Iterative Proportional Fitting (IPF)...
IPF converged at iteration 32
IPF converged at iteration 32
IPF row error: 65.125530, col error: 0.000000
IPF row error: 65.125530, col error: 0.000000
IPF converged at iteration 32
IPF row error: 65.125530, col error: 0.000000
IPF converged at iteration 32
IPF row error: 65.125530, col error: 0.000000
Starting Iterative Proportional Fitting (IPF)...Starting Iterative Proportional Fitting (IPF)...

Starting Iterative Proportional Fitting (IPF)...
Starting Iterative Proportional Fitting (IPF)...
IPF converged at iteration 32
IPF converged at iteration 32
IPF row error: 65.125530, col error: 0.000000
IPF row error: 65.125530, col error: 0.000000
IPF converged at iteration 32
IPF converged at iteration 32
IPF row error: 64.634785, col error: 0.000000
IPF row error: 64.634785, col error: 0.000000
Starting Iterative Proportional Fitting (IPF)...
Starting Iterative Proportional Fitting (IPF)...
Starting Iterative Proportional Fitting (IPF)...
Starting Iterative Proportional Fitting (IPF)...
IPF converged at iteration 32
IPF converged at iteration 32
IPF row error: 64.634785, col error: 0.000000
IPF row error: 64.634785, col error: 0.000000
IPF converged at iteration 32
IPF row error: 64.634785, col error: 0.000000
IPF converged at iteration 32
IPF row error: 64.634785, col error: 0.000000
Starting Iterative Proportional Fitting (IPF)...
Starting Iterative Proportional Fitting (IPF)...
Starting Iterative Proportional Fitting (IPF)...
Starting Iterative Proportional Fitting (IPF)...
IPF converged at iteration 32
IPF converged at iteration 32
IPF row error: 64.634785, col error: 0.000000
IPF row error: 64.634785, col error: 0.000000
IPF converged at iteration 32
IPF row error: 64.634785, col error: 0.000000
IPF converged at iteration 32
IPF row error: 64.634785, col error: 0.000000
  [2023/test] 진행 60/1750 (3.4%) | 누적 CPC 0.7455 | RMSE 295.9583 | %RMSE 4.3312 | 경과 0.6분 | 예상 남음 16.2분
Starting Iterative Proportional Fitting (IPF)...
Starting Iterative Proportional Fitting (IPF)...
Starting Iterative Proportional Fitting (IPF)...
Starting Iterative Proportional Fitting (IPF)...
IPF converged at iteration 32
IPF converged at iteration 32
IPF row error: 64.634785, col error: 0.000000
IPF row error: 64.634785, col error: 0.000000
IPF converged at iteration 32
IPF row error: 64.634785, col error: 0.000000
IPF converged at iteration 32
IPF row error: 64.634785, col error: 0.000000
Starting Iterative Proportional Fitting (IPF)...
Starting Iterative Proportional Fitting (IPF)...
Starting Iterative Proportional Fitting (IPF)...
Starting Iterative Proportional Fitting (IPF)...
IPF converged at iteration 32
IPF converged at iteration 32
IPF row error: 64.634785, col error: 0.000000
IPF row error: 64.634785, col error: 0.000000
IPF converged at iteration 32
IPF row error: 64.634785, col error: 0.000000
IPF converged at iteration 32
IPF row error: 64.634785, col error: 0.000000
Starting Iterative Proportional Fitting (IPF)...
Starting Iterative Proportional Fitting (IPF)...
Starting Iterative Proportional Fitting (IPF)...
Starting Iterative Proportional Fitting (IPF)...
IPF converged at iteration 32
IPF row error: 64.634785, col error: 0.000000
IPF converged at iteration 32
IPF converged at iteration 32
IPF row error: 64.634785, col error: 0.000000
IPF row error: 64.634785, col error: 0.000000
IPF converged at iteration 32
IPF row error: 64.634785, col error: 0.000000
Starting Iterative Proportional Fitting (IPF)...
Starting Iterative Proportional Fitting (IPF)...
Starting Iterative Proportional Fitting (IPF)...
Starting Iterative Proportional Fitting (IPF)...
IPF converged at iteration 32
IPF row error: 64.634785, col error: 0.000000
IPF converged at iteration 32
IPF converged at iteration 32
IPF row error: 64.634785, col error: 0.000000
IPF converged at iteration 32
IPF row error: 64.634785, col error: 0.000000
IPF row error: 64.634785, col error: 0.000000
Starting Iterative Proportional Fitting (IPF)...
Starting Iterative Proportional Fitting (IPF)...
Starting Iterative Proportional Fitting (IPF)...
Starting Iterative Proportional Fitting (IPF)...
IPF converged at iteration 32
IPF row error: 64.634785, col error: 0.000000
IPF converged at iteration 32
IPF row error: 64.634785, col error: 0.000000
IPF converged at iteration 32
IPF converged at iteration 32
IPF row error: 64.634785, col error: 0.000000
IPF row error: 64.634785, col error: 0.000000
Starting Iterative Proportional Fitting (IPF)...
Starting Iterative Proportional Fitting (IPF)...
Starting Iterative Proportional Fitting (IPF)...
Starting Iterative Proportional Fitting (IPF)...
IPF converged at iteration 32
IPF row error: 64.634785, col error: 0.000000
IPF converged at iteration 32
IPF converged at iteration 32
IPF row error: 64.634785, col error: 0.000000
IPF row error: 64.634785, col error: 0.000000
IPF converged at iteration 32
IPF row error: 64.634785, col error: 0.000000
Starting Iterative Proportional Fitting (IPF)...
Starting Iterative Proportional Fitting (IPF)...
Starting Iterative Proportional Fitting (IPF)...
Starting Iterative Proportional Fitting (IPF)...
IPF converged at iteration 32
IPF row error: 64.634785, col error: 0.000000
IPF converged at iteration 32
IPF converged at iteration 32
IPF row error: 64.634785, col error: 0.000000
IPF row error: 64.634785, col error: 0.000000
IPF converged at iteration 32
IPF row error: 64.634785, col error: 0.000000
Starting Iterative Proportional Fitting (IPF)...
Starting Iterative Proportional Fitting (IPF)...
Starting Iterative Proportional Fitting (IPF)...
Starting Iterative Proportional Fitting (IPF)...
IPF converged at iteration 32
IPF row error: 64.634785, col error: 0.000000
IPF converged at iteration 32
IPF converged at iteration 32
IPF row error: 64.634785, col error: 0.000000
IPF row error: 64.634785, col error: 0.000000
  [2023/test] 진행 90/1750 (5.1%) | 누적 CPC 0.7331 | RMSE 279.4116 | %RMSE 4.2589 | 경과 0.9분 | 예상 남음 17.1분
IPF converged at iteration 32
Starting Iterative Proportional Fitting (IPF)...
IPF row error: 64.634785, col error: 0.000000
Starting Iterative Proportional Fitting (IPF)...
Starting Iterative Proportional Fitting (IPF)...
Starting Iterative Proportional Fitting (IPF)...
IPF converged at iteration 32
IPF row error: 64.634785, col error: 0.000000
IPF converged at iteration 32
IPF converged at iteration 32
IPF row error: 64.634785, col error: 0.000000
IPF row error: 64.634785, col error: 0.000000
IPF converged at iteration 32
IPF row error: 64.634785, col error: 0.000000
Starting Iterative Proportional Fitting (IPF)...
Starting Iterative Proportional Fitting (IPF)...
Starting Iterative Proportional Fitting (IPF)...
Starting Iterative Proportional Fitting (IPF)...
IPF converged at iteration 32
IPF row error: 64.634785, col error: 0.000000
IPF converged at iteration 32IPF converged at iteration 32

IPF row error: 64.634785, col error: 0.000000
IPF row error: 64.634785, col error: 0.000000
Starting Iterative Proportional Fitting (IPF)...
IPF converged at iteration 32
IPF row error: 64.634785, col error: 0.000000
Starting Iterative Proportional Fitting (IPF)...
Starting Iterative Proportional Fitting (IPF)...
Starting Iterative Proportional Fitting (IPF)...
IPF converged at iteration 32
IPF row error: 64.568559, col error: 0.000000
IPF converged at iteration 32
IPF converged at iteration 32
IPF row error: 64.568559, col error: 0.000000
IPF converged at iteration 32IPF row error: 64.568559, col error: 0.000000

Starting Iterative Proportional Fitting (IPF)...
IPF row error: 64.568559, col error: 0.000000
Starting Iterative Proportional Fitting (IPF)...
Starting Iterative Proportional Fitting (IPF)...
Starting Iterative Proportional Fitting (IPF)...
IPF converged at iteration 32
IPF row error: 64.568559, col error: 0.000000
IPF converged at iteration 32
Starting Iterative Proportional Fitting (IPF)...
IPF converged at iteration 32
IPF row error: 64.568559, col error: 0.000000
IPF converged at iteration 32
IPF row error: 64.568559, col error: 0.000000
IPF row error: 64.568559, col error: 0.000000
Starting Iterative Proportional Fitting (IPF)...
Starting Iterative Proportional Fitting (IPF)...
Starting Iterative Proportional Fitting (IPF)...
IPF converged at iteration 32
IPF row error: 64.568559, col error: 0.000000
IPF converged at iteration 32
IPF row error: 64.568559, col error: 0.000000
Starting Iterative Proportional Fitting (IPF)...
IPF converged at iteration 32
IPF converged at iteration 32
IPF row error: 64.568559, col error: 0.000000
IPF row error: 64.568559, col error: 0.000000
Starting Iterative Proportional Fitting (IPF)...
Starting Iterative Proportional Fitting (IPF)...
Starting Iterative Proportional Fitting (IPF)...
IPF converged at iteration 32
IPF row error: 64.568559, col error: 0.000000
IPF converged at iteration 32
IPF row error: 64.568559, col error: 0.000000
Starting Iterative Proportional Fitting (IPF)...
IPF converged at iteration 32
IPF converged at iteration 32
IPF row error: 64.568559, col error: 0.000000
IPF row error: 64.568559, col error: 0.000000
Starting Iterative Proportional Fitting (IPF)...
Starting Iterative Proportional Fitting (IPF)...
Starting Iterative Proportional Fitting (IPF)...
IPF converged at iteration 32
IPF row error: 64.568559, col error: 0.000000
IPF converged at iteration 32
IPF row error: 64.568559, col error: 0.000000
Starting Iterative Proportional Fitting (IPF)...
IPF converged at iteration 32
IPF converged at iteration 32
IPF row error: 64.568559, col error: 0.000000
IPF row error: 64.568559, col error: 0.000000
  [2023/test] 진행 120/1750 (6.9%) | 누적 CPC 0.7208 | RMSE 263.8152 | %RMSE 4.4613 | 경과 1.2분 | 예상 남음 16.8분
Starting Iterative Proportional Fitting (IPF)...
Starting Iterative Proportional Fitting (IPF)...
Starting Iterative Proportional Fitting (IPF)...
IPF converged at iteration 32
IPF row error: 64.568559, col error: 0.000000
IPF converged at iteration 32
IPF row error: 64.568559, col error: 0.000000
Starting Iterative Proportional Fitting (IPF)...
IPF converged at iteration 32
IPF converged at iteration 32
IPF row error: 64.568559, col error: 0.000000
Starting Iterative Proportional Fitting (IPF)...
IPF row error: 64.568559, col error: 0.000000
Starting Iterative Proportional Fitting (IPF)...
Starting Iterative Proportional Fitting (IPF)...
IPF converged at iteration 32
IPF row error: 64.568559, col error: 0.000000
IPF converged at iteration 32
IPF row error: 64.568559, col error: 0.000000
Starting Iterative Proportional Fitting (IPF)...
IPF converged at iteration 32
IPF row error: 64.568559, col error: 0.000000IPF converged at iteration 32

IPF row error: 64.568559, col error: 0.000000
Starting Iterative Proportional Fitting (IPF)...
Starting Iterative Proportional Fitting (IPF)...
Starting Iterative Proportional Fitting (IPF)...
IPF converged at iteration 32
IPF row error: 64.568559, col error: 0.000000
IPF converged at iteration 32
Starting Iterative Proportional Fitting (IPF)...
IPF row error: 64.568559, col error: 0.000000
IPF converged at iteration 32
IPF converged at iteration 32
IPF row error: 64.568559, col error: 0.000000
IPF row error: 64.568559, col error: 0.000000
Starting Iterative Proportional Fitting (IPF)...
Starting Iterative Proportional Fitting (IPF)...
Starting Iterative Proportional Fitting (IPF)...
IPF converged at iteration 32
IPF row error: 64.568559, col error: 0.000000
IPF converged at iteration 32
Starting Iterative Proportional Fitting (IPF)...
IPF row error: 64.568559, col error: 0.000000
IPF converged at iteration 32
IPF converged at iteration 32
IPF row error: 64.568559, col error: 0.000000
IPF row error: 64.568559, col error: 0.000000
Starting Iterative Proportional Fitting (IPF)...
Starting Iterative Proportional Fitting (IPF)...Starting Iterative Proportional Fitting (IPF)...

IPF converged at iteration 32
IPF row error: 64.568559, col error: 0.000000
Starting Iterative Proportional Fitting (IPF)...
IPF converged at iteration 32
IPF row error: 64.568559, col error: 0.000000
IPF converged at iteration 32
IPF converged at iteration 32
Starting Iterative Proportional Fitting (IPF)...
IPF row error: 64.568559, col error: 0.000000
IPF row error: 64.568559, col error: 0.000000
Starting Iterative Proportional Fitting (IPF)...Starting Iterative Proportional Fitting (IPF)...

IPF converged at iteration 32
IPF row error: 64.568559, col error: 0.000000
Starting Iterative Proportional Fitting (IPF)...
IPF converged at iteration 32
IPF row error: 64.568559, col error: 0.000000
Starting Iterative Proportional Fitting (IPF)...IPF converged at iteration 32

IPF converged at iteration 32
IPF row error: 64.568559, col error: 0.000000
IPF row error: 64.568559, col error: 0.000000
Starting Iterative Proportional Fitting (IPF)...Starting Iterative Proportional Fitting (IPF)...

IPF converged at iteration 32
IPF row error: 64.568559, col error: 0.000000
Starting Iterative Proportional Fitting (IPF)...
IPF converged at iteration 32
IPF row error: 64.568559, col error: 0.000000
Starting Iterative Proportional Fitting (IPF)...
IPF converged at iteration 32
IPF converged at iteration 32
IPF row error: 64.568559, col error: 0.000000
IPF row error: 64.568559, col error: 0.000000
Starting Iterative Proportional Fitting (IPF)...
Starting Iterative Proportional Fitting (IPF)...
IPF converged at iteration 32
IPF row error: 64.568559, col error: 0.000000
Starting Iterative Proportional Fitting (IPF)...
IPF converged at iteration 32
IPF row error: 64.568559, col error: 0.000000
  [2023/test] 진행 150/1750 (8.6%) | 누적 CPC 0.7110 | RMSE 251.5281 | %RMSE 4.6781 | 경과 1.6분 | 예상 남음 17.0분
IPF converged at iteration 32
IPF row error: 64.570541, col error: 0.000000
Starting Iterative Proportional Fitting (IPF)...
IPF converged at iteration 32
IPF row error: 64.570541, col error: 0.000000
Starting Iterative Proportional Fitting (IPF)...
Starting Iterative Proportional Fitting (IPF)...
IPF converged at iteration 32
IPF row error: 64.570541, col error: 0.000000
Starting Iterative Proportional Fitting (IPF)...
IPF converged at iteration 32
IPF row error: 64.570541, col error: 0.000000
IPF converged at iteration 32
Starting Iterative Proportional Fitting (IPF)...
IPF row error: 64.570541, col error: 0.000000
IPF converged at iteration 32
IPF row error: 64.570541, col error: 0.000000
Starting Iterative Proportional Fitting (IPF)...
Starting Iterative Proportional Fitting (IPF)...
IPF converged at iteration 32
IPF row error: 64.570541, col error: 0.000000
Starting Iterative Proportional Fitting (IPF)...
IPF converged at iteration 32
IPF row error: 64.570541, col error: 0.000000
IPF converged at iteration 32
IPF converged at iteration 32
IPF row error: 64.570541, col error: 0.000000
Starting Iterative Proportional Fitting (IPF)...IPF row error: 64.570541, col error: 0.000000

Starting Iterative Proportional Fitting (IPF)...
Starting Iterative Proportional Fitting (IPF)...
IPF converged at iteration 32
IPF row error: 64.570541, col error: 0.000000
Starting Iterative Proportional Fitting (IPF)...
IPF converged at iteration 32
IPF row error: 64.570541, col error: 0.000000
IPF converged at iteration 32
IPF row error: 64.570541, col error: 0.000000
Starting Iterative Proportional Fitting (IPF)...
IPF converged at iteration 32
IPF row error: 64.570541, col error: 0.000000
Starting Iterative Proportional Fitting (IPF)...
Starting Iterative Proportional Fitting (IPF)...
IPF converged at iteration 32
IPF row error: 64.570541, col error: 0.000000
Starting Iterative Proportional Fitting (IPF)...
IPF converged at iteration 32
IPF row error: 64.570541, col error: 0.000000
IPF converged at iteration 32
IPF row error: 64.570541, col error: 0.000000
IPF converged at iteration 32
Starting Iterative Proportional Fitting (IPF)...
IPF row error: 64.570541, col error: 0.000000
Starting Iterative Proportional Fitting (IPF)...
Starting Iterative Proportional Fitting (IPF)...
IPF converged at iteration 32
IPF row error: 64.570541, col error: 0.000000
Starting Iterative Proportional Fitting (IPF)...
IPF converged at iteration 32
IPF row error: 64.570541, col error: 0.000000
IPF converged at iteration 32
IPF row error: 64.570541, col error: 0.000000
Starting Iterative Proportional Fitting (IPF)...
IPF converged at iteration 32
IPF row error: 64.570541, col error: 0.000000
Starting Iterative Proportional Fitting (IPF)...
Starting Iterative Proportional Fitting (IPF)...
IPF converged at iteration 32
IPF row error: 64.570541, col error: 0.000000
Starting Iterative Proportional Fitting (IPF)...
IPF converged at iteration 32
IPF row error: 64.570541, col error: 0.000000
IPF converged at iteration 32
IPF row error: 64.570541, col error: 0.000000
Starting Iterative Proportional Fitting (IPF)...
IPF converged at iteration 32
IPF row error: 64.570541, col error: 0.000000
Starting Iterative Proportional Fitting (IPF)...
Starting Iterative Proportional Fitting (IPF)...
IPF converged at iteration 32
IPF row error: 64.570541, col error: 0.000000
Starting Iterative Proportional Fitting (IPF)...
IPF converged at iteration 32
IPF row error: 64.570541, col error: 0.000000
IPF converged at iteration 32
IPF row error: 64.570541, col error: 0.000000
Starting Iterative Proportional Fitting (IPF)...
IPF converged at iteration 32
IPF row error: 64.570541, col error: 0.000000
  [2023/test] 진행 180/1750 (10.3%) | 누적 CPC 0.6677 | RMSE 253.5416 | %RMSE 5.4285 | 경과 1.9분 | 예상 남음 16.8분
Starting Iterative Proportional Fitting (IPF)...
Starting Iterative Proportional Fitting (IPF)...
IPF converged at iteration 32
IPF row error: 64.570541, col error: 0.000000
Starting Iterative Proportional Fitting (IPF)...
IPF converged at iteration 32
IPF row error: 64.570541, col error: 0.000000
IPF converged at iteration 32
IPF row error: 64.570541, col error: 0.000000
Starting Iterative Proportional Fitting (IPF)...
IPF converged at iteration 32
IPF row error: 64.570541, col error: 0.000000
Starting Iterative Proportional Fitting (IPF)...
Starting Iterative Proportional Fitting (IPF)...
IPF converged at iteration 32
IPF row error: 64.570541, col error: 0.000000
Starting Iterative Proportional Fitting (IPF)...
IPF converged at iteration 32
IPF row error: 64.570541, col error: 0.000000
IPF converged at iteration 32
Starting Iterative Proportional Fitting (IPF)...
IPF row error: 64.570541, col error: 0.000000
IPF converged at iteration 32
Starting Iterative Proportional Fitting (IPF)...
IPF row error: 64.570541, col error: 0.000000
Starting Iterative Proportional Fitting (IPF)...
IPF converged at iteration 32
IPF row error: 64.570541, col error: 0.000000
Starting Iterative Proportional Fitting (IPF)...
IPF converged at iteration 32
IPF row error: 64.570541, col error: 0.000000
IPF converged at iteration 32
Starting Iterative Proportional Fitting (IPF)...
IPF row error: 64.570541, col error: 0.000000
IPF converged at iteration 32
IPF row error: 64.570541, col error: 0.000000
Starting Iterative Proportional Fitting (IPF)...
Starting Iterative Proportional Fitting (IPF)...
IPF converged at iteration 32
IPF row error: 64.570541, col error: 0.000000
Starting Iterative Proportional Fitting (IPF)...
IPF converged at iteration 32
IPF row error: 64.570541, col error: 0.000000
IPF converged at iteration 32
Starting Iterative Proportional Fitting (IPF)...
IPF row error: 64.570541, col error: 0.000000
IPF converged at iteration 32
IPF row error: 64.570541, col error: 0.000000
Starting Iterative Proportional Fitting (IPF)...
Starting Iterative Proportional Fitting (IPF)...
IPF converged at iteration 32
IPF row error: 64.570541, col error: 0.000000
Starting Iterative Proportional Fitting (IPF)...
IPF converged at iteration 32
IPF row error: 64.570541, col error: 0.000000
Starting Iterative Proportional Fitting (IPF)...
IPF converged at iteration 32
IPF row error: 64.570541, col error: 0.000000
IPF converged at iteration 32
IPF row error: 64.570541, col error: 0.000000
Starting Iterative Proportional Fitting (IPF)...
Starting Iterative Proportional Fitting (IPF)...
IPF converged at iteration 32
IPF row error: 64.599580, col error: 0.000000
Starting Iterative Proportional Fitting (IPF)...
IPF converged at iteration 32
IPF row error: 64.599580, col error: 0.000000
Starting Iterative Proportional Fitting (IPF)...
IPF converged at iteration 32
IPF row error: 64.599580, col error: 0.000000
IPF converged at iteration 32
IPF row error: 64.599580, col error: 0.000000
Starting Iterative Proportional Fitting (IPF)...
Starting Iterative Proportional Fitting (IPF)...
IPF converged at iteration 32
IPF row error: 64.599580, col error: 0.000000
Starting Iterative Proportional Fitting (IPF)...
IPF converged at iteration 32
IPF row error: 64.599580, col error: 0.000000
Starting Iterative Proportional Fitting (IPF)...
IPF converged at iteration 32
IPF row error: 64.599580, col error: 0.000000
IPF converged at iteration 32
IPF row error: 64.599580, col error: 0.000000
Starting Iterative Proportional Fitting (IPF)...
Starting Iterative Proportional Fitting (IPF)...
IPF converged at iteration 32
IPF row error: 64.599580, col error: 0.000000
Starting Iterative Proportional Fitting (IPF)...
IPF converged at iteration 32
IPF row error: 64.599580, col error: 0.000000
  [2023/test] 진행 210/1750 (12.0%) | 누적 CPC 0.6484 | RMSE 254.9620 | %RMSE 5.8454 | 경과 2.3분 | 예상 남음 16.7분
Starting Iterative Proportional Fitting (IPF)...
IPF converged at iteration 32
IPF row error: 64.599580, col error: 0.000000
IPF converged at iteration 32
IPF row error: 64.599580, col error: 0.000000
Starting Iterative Proportional Fitting (IPF)...
Starting Iterative Proportional Fitting (IPF)...
IPF converged at iteration 32
IPF row error: 64.599580, col error: 0.000000
Starting Iterative Proportional Fitting (IPF)...
IPF converged at iteration 32
IPF row error: 64.599580, col error: 0.000000
IPF converged at iteration 32
Starting Iterative Proportional Fitting (IPF)...
IPF row error: 64.599580, col error: 0.000000
Starting Iterative Proportional Fitting (IPF)...
IPF converged at iteration 32
IPF row error: 64.599580, col error: 0.000000
Starting Iterative Proportional Fitting (IPF)...
IPF converged at iteration 32
IPF row error: 64.599580, col error: 0.000000
Starting Iterative Proportional Fitting (IPF)...
IPF converged at iteration 32
IPF row error: 64.599580, col error: 0.000000
Starting Iterative Proportional Fitting (IPF)...
IPF converged at iteration 32
IPF row error: 64.599580, col error: 0.000000
Starting Iterative Proportional Fitting (IPF)...
IPF converged at iteration 32
IPF row error: 64.599580, col error: 0.000000
Starting Iterative Proportional Fitting (IPF)...
IPF converged at iteration 32
IPF row error: 64.599580, col error: 0.000000
Starting Iterative Proportional Fitting (IPF)...
IPF converged at iteration 32
IPF row error: 64.599580, col error: 0.000000
Starting Iterative Proportional Fitting (IPF)...
IPF converged at iteration 32
IPF row error: 64.599580, col error: 0.000000
IPF converged at iteration 32
Starting Iterative Proportional Fitting (IPF)...
IPF row error: 64.599580, col error: 0.000000
Starting Iterative Proportional Fitting (IPF)...
IPF converged at iteration 32
IPF row error: 64.599580, col error: 0.000000
Starting Iterative Proportional Fitting (IPF)...
IPF converged at iteration 32
IPF row error: 64.599580, col error: 0.000000
Starting Iterative Proportional Fitting (IPF)...
IPF converged at iteration 32
IPF row error: 64.599580, col error: 0.000000
IPF converged at iteration 32
Starting Iterative Proportional Fitting (IPF)...
IPF row error: 64.599580, col error: 0.000000
Starting Iterative Proportional Fitting (IPF)...
IPF converged at iteration 32
IPF row error: 64.599580, col error: 0.000000
Starting Iterative Proportional Fitting (IPF)...
IPF converged at iteration 32
IPF row error: 64.599580, col error: 0.000000
Starting Iterative Proportional Fitting (IPF)...
IPF converged at iteration 32
IPF row error: 64.599580, col error: 0.000000
IPF converged at iteration 32
Starting Iterative Proportional Fitting (IPF)...
IPF row error: 64.599580, col error: 0.000000
Starting Iterative Proportional Fitting (IPF)...
IPF converged at iteration 32
IPF row error: 64.599580, col error: 0.000000
Starting Iterative Proportional Fitting (IPF)...
IPF converged at iteration 32
IPF row error: 64.599580, col error: 0.000000
Starting Iterative Proportional Fitting (IPF)...
IPF converged at iteration 32
IPF row error: 64.599580, col error: 0.000000
Starting Iterative Proportional Fitting (IPF)...
IPF converged at iteration 32
IPF row error: 64.599580, col error: 0.000000
Starting Iterative Proportional Fitting (IPF)...
IPF converged at iteration 32
IPF row error: 64.599580, col error: 0.000000
Starting Iterative Proportional Fitting (IPF)...
IPF converged at iteration 32
IPF row error: 64.599580, col error: 0.000000
Starting Iterative Proportional Fitting (IPF)...IPF converged at iteration 32

IPF row error: 64.599580, col error: 0.000000
Starting Iterative Proportional Fitting (IPF)...
IPF converged at iteration 32
IPF row error: 64.599580, col error: 0.000000
  [2023/test] 진행 240/1750 (13.7%) | 누적 CPC 0.6544 | RMSE 255.9963 | %RMSE 5.9495 | 경과 2.6분 | 예상 남음 16.4분
Starting Iterative Proportional Fitting (IPF)...
IPF converged at iteration 32
IPF row error: 64.599580, col error: 0.000000
Starting Iterative Proportional Fitting (IPF)...
IPF converged at iteration 32
IPF row error: 64.599580, col error: 0.000000
Starting Iterative Proportional Fitting (IPF)...
IPF converged at iteration 32
IPF row error: 64.599580, col error: 0.000000
Starting Iterative Proportional Fitting (IPF)...
IPF converged at iteration 32
IPF row error: 64.599580, col error: 0.000000
Starting Iterative Proportional Fitting (IPF)...
IPF converged at iteration 32
IPF row error: 64.599580, col error: 0.000000
Starting Iterative Proportional Fitting (IPF)...
IPF converged at iteration 32
IPF row error: 64.599580, col error: 0.000000
Starting Iterative Proportional Fitting (IPF)...
IPF converged at iteration 32
IPF row error: 64.599580, col error: 0.000000
Starting Iterative Proportional Fitting (IPF)...
IPF converged at iteration 32
IPF row error: 64.599580, col error: 0.000000
Starting Iterative Proportional Fitting (IPF)...
IPF converged at iteration 32
IPF row error: 64.599580, col error: 0.000000
Starting Iterative Proportional Fitting (IPF)...
IPF converged at iteration 32
IPF row error: 64.599580, col error: 0.000000
Starting Iterative Proportional Fitting (IPF)...
IPF converged at iteration 32
IPF row error: 64.534003, col error: 0.000000
Starting Iterative Proportional Fitting (IPF)...
IPF converged at iteration 32
IPF row error: 64.534003, col error: 0.000000
Starting Iterative Proportional Fitting (IPF)...
IPF converged at iteration 32
IPF row error: 64.534003, col error: 0.000000
Starting Iterative Proportional Fitting (IPF)...
IPF converged at iteration 32
IPF row error: 64.534003, col error: 0.000000
Starting Iterative Proportional Fitting (IPF)...
IPF converged at iteration 32
IPF row error: 64.534003, col error: 0.000000
IPF converged at iteration 32
Starting Iterative Proportional Fitting (IPF)...
IPF row error: 64.534003, col error: 0.000000
Starting Iterative Proportional Fitting (IPF)...
IPF converged at iteration 32
IPF row error: 64.534003, col error: 0.000000
Starting Iterative Proportional Fitting (IPF)...
IPF converged at iteration 32
IPF row error: 64.534003, col error: 0.000000
Starting Iterative Proportional Fitting (IPF)...
IPF converged at iteration 32
IPF row error: 64.534003, col error: 0.000000
IPF converged at iteration 32
Starting Iterative Proportional Fitting (IPF)...
IPF row error: 64.534003, col error: 0.000000
Starting Iterative Proportional Fitting (IPF)...
IPF converged at iteration 32
IPF row error: 64.534003, col error: 0.000000
Starting Iterative Proportional Fitting (IPF)...
IPF converged at iteration 32
IPF row error: 64.534003, col error: 0.000000
Starting Iterative Proportional Fitting (IPF)...
IPF converged at iteration 32
IPF row error: 64.534003, col error: 0.000000
IPF converged at iteration 32
IPF row error: 64.534003, col error: 0.000000
Starting Iterative Proportional Fitting (IPF)...
Starting Iterative Proportional Fitting (IPF)...
IPF converged at iteration 32
IPF row error: 64.534003, col error: 0.000000
Starting Iterative Proportional Fitting (IPF)...
IPF converged at iteration 32
IPF row error: 64.534003, col error: 0.000000
Starting Iterative Proportional Fitting (IPF)...
IPF converged at iteration 32
IPF row error: 64.534003, col error: 0.000000
IPF converged at iteration 32
Starting Iterative Proportional Fitting (IPF)...
IPF row error: 64.534003, col error: 0.000000
Starting Iterative Proportional Fitting (IPF)...
IPF converged at iteration 32
IPF row error: 64.534003, col error: 0.000000
Starting Iterative Proportional Fitting (IPF)...
IPF converged at iteration 32
IPF row error: 64.534003, col error: 0.000000
  [2023/test] 진행 270/1750 (15.4%) | 누적 CPC 0.6574 | RMSE 261.9460 | %RMSE 6.0208 | 경과 3.0분 | 예상 남음 16.2분
Starting Iterative Proportional Fitting (IPF)...
IPF converged at iteration 32
IPF row error: 64.534003, col error: 0.000000
IPF converged at iteration 32
Starting Iterative Proportional Fitting (IPF)...
IPF row error: 64.534003, col error: 0.000000
Starting Iterative Proportional Fitting (IPF)...
IPF converged at iteration 32
IPF row error: 64.534003, col error: 0.000000
Starting Iterative Proportional Fitting (IPF)...
IPF converged at iteration 32
IPF row error: 64.534003, col error: 0.000000
Starting Iterative Proportional Fitting (IPF)...
IPF converged at iteration 32
IPF row error: 64.534003, col error: 0.000000
Starting Iterative Proportional Fitting (IPF)...
IPF converged at iteration 32
IPF row error: 64.534003, col error: 0.000000
Starting Iterative Proportional Fitting (IPF)...
IPF converged at iteration 32
IPF row error: 64.534003, col error: 0.000000
Starting Iterative Proportional Fitting (IPF)...
IPF converged at iteration 32
IPF row error: 64.534003, col error: 0.000000
Starting Iterative Proportional Fitting (IPF)...
IPF converged at iteration 32
IPF row error: 64.534003, col error: 0.000000
Starting Iterative Proportional Fitting (IPF)...
IPF converged at iteration 32
IPF row error: 64.534003, col error: 0.000000
Starting Iterative Proportional Fitting (IPF)...
IPF converged at iteration 32
IPF row error: 64.534003, col error: 0.000000
Starting Iterative Proportional Fitting (IPF)...
IPF converged at iteration 32
IPF row error: 64.534003, col error: 0.000000
Starting Iterative Proportional Fitting (IPF)...
IPF converged at iteration 32
IPF row error: 64.534003, col error: 0.000000
IPF converged at iteration 32
Starting Iterative Proportional Fitting (IPF)...
IPF row error: 64.534003, col error: 0.000000
Starting Iterative Proportional Fitting (IPF)...
IPF converged at iteration 32
IPF row error: 64.534003, col error: 0.000000
Starting Iterative Proportional Fitting (IPF)...
IPF converged at iteration 32
IPF row error: 64.534003, col error: 0.000000
Starting Iterative Proportional Fitting (IPF)...
IPF converged at iteration 32
IPF row error: 64.534003, col error: 0.000000
Starting Iterative Proportional Fitting (IPF)...
IPF converged at iteration 32
IPF row error: 64.534003, col error: 0.000000
Starting Iterative Proportional Fitting (IPF)...
IPF converged at iteration 32
IPF row error: 64.534003, col error: 0.000000
Starting Iterative Proportional Fitting (IPF)...
IPF converged at iteration 32
IPF row error: 64.534003, col error: 0.000000
Starting Iterative Proportional Fitting (IPF)...
IPF converged at iteration 32
IPF row error: 64.534003, col error: 0.000000
Starting Iterative Proportional Fitting (IPF)...
IPF converged at iteration 32
IPF row error: 64.534003, col error: 0.000000
Starting Iterative Proportional Fitting (IPF)...
IPF converged at iteration 32
IPF row error: 64.534003, col error: 0.000000
Starting Iterative Proportional Fitting (IPF)...
IPF converged at iteration 32
IPF row error: 64.534003, col error: 0.000000
Starting Iterative Proportional Fitting (IPF)...
IPF converged at iteration 32
IPF row error: 64.534003, col error: 0.000000
IPF converged at iteration 32
Starting Iterative Proportional Fitting (IPF)...
IPF row error: 64.534003, col error: 0.000000
Starting Iterative Proportional Fitting (IPF)...
IPF converged at iteration 32
IPF row error: 64.534003, col error: 0.000000
Starting Iterative Proportional Fitting (IPF)...
IPF converged at iteration 32
IPF row error: 64.534003, col error: 0.000000
Starting Iterative Proportional Fitting (IPF)...
IPF converged at iteration 32
IPF row error: 64.534003, col error: 0.000000
IPF converged at iteration 32
Starting Iterative Proportional Fitting (IPF)...
IPF row error: 64.534003, col error: 0.000000
  [2023/test] 진행 300/1750 (17.1%) | 누적 CPC 0.6590 | RMSE 269.0212 | %RMSE 6.0735 | 경과 3.3분 | 예상 남음 15.9분
Starting Iterative Proportional Fitting (IPF)...
IPF converged at iteration 32
IPF row error: 64.338292, col error: 0.000000
Starting Iterative Proportional Fitting (IPF)...
IPF converged at iteration 32
IPF row error: 64.338292, col error: 0.000000
Starting Iterative Proportional Fitting (IPF)...
IPF converged at iteration 32
IPF row error: 64.338292, col error: 0.000000
Starting Iterative Proportional Fitting (IPF)...
IPF converged at iteration 32
IPF row error: 64.338292, col error: 0.000000
Starting Iterative Proportional Fitting (IPF)...
IPF converged at iteration 32
IPF row error: 64.338292, col error: 0.000000
Starting Iterative Proportional Fitting (IPF)...
IPF converged at iteration 32
IPF row error: 64.338292, col error: 0.000000
Starting Iterative Proportional Fitting (IPF)...
IPF converged at iteration 32
IPF row error: 64.338292, col error: 0.000000
Starting Iterative Proportional Fitting (IPF)...
IPF converged at iteration 32
IPF row error: 64.338292, col error: 0.000000
Starting Iterative Proportional Fitting (IPF)...
IPF converged at iteration 32
IPF row error: 64.338292, col error: 0.000000
Starting Iterative Proportional Fitting (IPF)...
IPF converged at iteration 32
IPF row error: 64.338292, col error: 0.000000
Starting Iterative Proportional Fitting (IPF)...
IPF converged at iteration 32
IPF row error: 64.338292, col error: 0.000000
IPF converged at iteration 32
Starting Iterative Proportional Fitting (IPF)...
IPF row error: 64.338292, col error: 0.000000
Starting Iterative Proportional Fitting (IPF)...
IPF converged at iteration 32
IPF row error: 64.338292, col error: 0.000000
Starting Iterative Proportional Fitting (IPF)...
IPF converged at iteration 32
IPF row error: 64.338292, col error: 0.000000
Starting Iterative Proportional Fitting (IPF)...
IPF converged at iteration 32
IPF row error: 64.338292, col error: 0.000000
Starting Iterative Proportional Fitting (IPF)...
IPF converged at iteration 32
IPF row error: 64.338292, col error: 0.000000
Starting Iterative Proportional Fitting (IPF)...
IPF converged at iteration 32
IPF row error: 64.338292, col error: 0.000000
Starting Iterative Proportional Fitting (IPF)...
IPF converged at iteration 32
IPF row error: 64.338292, col error: 0.000000
Starting Iterative Proportional Fitting (IPF)...
IPF converged at iteration 32
IPF row error: 64.338292, col error: 0.000000
Starting Iterative Proportional Fitting (IPF)...
IPF converged at iteration 32
IPF row error: 64.338292, col error: 0.000000
Starting Iterative Proportional Fitting (IPF)...
IPF converged at iteration 32
IPF row error: 64.338292, col error: 0.000000
Starting Iterative Proportional Fitting (IPF)...
IPF converged at iteration 32
IPF row error: 64.338292, col error: 0.000000
Starting Iterative Proportional Fitting (IPF)...
IPF converged at iteration 32
IPF row error: 64.338292, col error: 0.000000
Starting Iterative Proportional Fitting (IPF)...
IPF converged at iteration 32
IPF row error: 64.338292, col error: 0.000000
Starting Iterative Proportional Fitting (IPF)...
IPF converged at iteration 32
IPF row error: 64.338292, col error: 0.000000
Starting Iterative Proportional Fitting (IPF)...
IPF converged at iteration 32
IPF row error: 64.338292, col error: 0.000000
Starting Iterative Proportional Fitting (IPF)...
IPF converged at iteration 32
IPF row error: 64.338292, col error: 0.000000
Starting Iterative Proportional Fitting (IPF)...
IPF converged at iteration 32
IPF row error: 64.338292, col error: 0.000000
Starting Iterative Proportional Fitting (IPF)...
IPF converged at iteration 32
IPF row error: 64.338292, col error: 0.000000
Starting Iterative Proportional Fitting (IPF)...
IPF converged at iteration 32
IPF row error: 64.338292, col error: 0.000000
  [2023/test] 진행 330/1750 (18.9%) | 누적 CPC 0.6581 | RMSE 330.3918 | %RMSE 6.6473 | 경과 3.6분 | 예상 남음 15.6분
Starting Iterative Proportional Fitting (IPF)...
IPF converged at iteration 32
IPF row error: 64.338292, col error: 0.000000
Starting Iterative Proportional Fitting (IPF)...
IPF converged at iteration 32
IPF row error: 64.338292, col error: 0.000000
Starting Iterative Proportional Fitting (IPF)...
IPF converged at iteration 32
IPF row error: 64.338292, col error: 0.000000
Starting Iterative Proportional Fitting (IPF)...
IPF converged at iteration 32
IPF row error: 64.338292, col error: 0.000000
Starting Iterative Proportional Fitting (IPF)...
IPF converged at iteration 32
IPF row error: 64.338292, col error: 0.000000
Starting Iterative Proportional Fitting (IPF)...
IPF converged at iteration 32
IPF row error: 64.338292, col error: 0.000000
Starting Iterative Proportional Fitting (IPF)...
IPF converged at iteration 32
IPF row error: 64.338292, col error: 0.000000
Starting Iterative Proportional Fitting (IPF)...
IPF converged at iteration 32
IPF row error: 64.338292, col error: 0.000000
Starting Iterative Proportional Fitting (IPF)...
IPF converged at iteration 32
IPF row error: 64.338292, col error: 0.000000
Starting Iterative Proportional Fitting (IPF)...
IPF converged at iteration 32
IPF row error: 64.338292, col error: 0.000000
Starting Iterative Proportional Fitting (IPF)...
IPF converged at iteration 32
IPF row error: 64.338292, col error: 0.000000
Starting Iterative Proportional Fitting (IPF)...
IPF converged at iteration 32
IPF row error: 64.338292, col error: 0.000000
Starting Iterative Proportional Fitting (IPF)...
IPF converged at iteration 32
IPF row error: 64.338292, col error: 0.000000
Starting Iterative Proportional Fitting (IPF)...
IPF converged at iteration 32
IPF row error: 64.338292, col error: 0.000000
Starting Iterative Proportional Fitting (IPF)...
IPF converged at iteration 32
IPF row error: 64.338292, col error: 0.000000
Starting Iterative Proportional Fitting (IPF)...
IPF converged at iteration 32
IPF row error: 64.338292, col error: 0.000000
Starting Iterative Proportional Fitting (IPF)...
IPF converged at iteration 32
IPF row error: 64.338292, col error: 0.000000
Starting Iterative Proportional Fitting (IPF)...
IPF converged at iteration 32
IPF row error: 64.338292, col error: 0.000000
Starting Iterative Proportional Fitting (IPF)...
IPF converged at iteration 32
IPF row error: 64.338292, col error: 0.000000
Starting Iterative Proportional Fitting (IPF)...
IPF converged at iteration 32
IPF row error: 64.338292, col error: 0.000000
IPF converged at iteration 29
IPF row error: 84.795402, col error: 0.000000
Starting Iterative Proportional Fitting (IPF)...
IPF converged at iteration 28
Starting Iterative Proportional Fitting (IPF)...
IPF row error: 98.544574, col error: 0.000000
Starting Iterative Proportional Fitting (IPF)...
IPF converged at iteration 29
IPF row error: 94.942208, col error: 0.000000
Starting Iterative Proportional Fitting (IPF)...
IPF converged at iteration 32
IPF row error: 65.125530, col error: 0.000000
IPF converged at iteration 31
IPF row error: 71.424971, col error: 0.000000
Starting Iterative Proportional Fitting (IPF)...
Starting Iterative Proportional Fitting (IPF)...
IPF converged at iteration 32
IPF row error: 65.125530, col error: 0.000000
Starting Iterative Proportional Fitting (IPF)...
IPF converged at iteration 32
IPF row error: 65.125530, col error: 0.000000
Starting Iterative Proportional Fitting (IPF)...
IPF converged at iteration 29
IPF row error: 118.977551, col error: 0.000000
Starting Iterative Proportional Fitting (IPF)...
IPF converged at iteration 33
IPF row error: 54.117049, col error: 0.000000
IPF converged at iteration 32
IPF row error: 66.513335, col error: 0.000000
  [2023/test] 진행 360/1750 (20.6%) | 누적 CPC 0.6598 | RMSE 364.6237 | %RMSE 6.9125 | 경과 4.0분 | 예상 남음 15.3분
Starting Iterative Proportional Fitting (IPF)...
Starting Iterative Proportional Fitting (IPF)...
IPF converged at iteration 32
IPF row error: 65.125530, col error: 0.000000
Starting Iterative Proportional Fitting (IPF)...
IPF converged at iteration 33
IPF converged at iteration 28
IPF row error: 87.585336, col error: 0.000000
IPF row error: 38.587325, col error: 0.000000
Starting Iterative Proportional Fitting (IPF)...
Starting Iterative Proportional Fitting (IPF)...
IPF converged at iteration 32
IPF row error: 69.654213, col error: 0.000000
Starting Iterative Proportional Fitting (IPF)...
IPF converged at iteration 32
IPF row error: 64.658711, col error: 0.000000
Starting Iterative Proportional Fitting (IPF)...
IPF converged at iteration 30
IPF row error: 74.347868, col error: 0.000000
IPF converged at iteration 33
IPF row error: 49.520464, col error: 0.000000
Starting Iterative Proportional Fitting (IPF)...
Starting Iterative Proportional Fitting (IPF)...
IPF converged at iteration 27
IPF row error: 116.558209, col error: 0.000000
Starting Iterative Proportional Fitting (IPF)...
IPF converged at iteration 54
IPF row error: 1.265606, col error: 0.000000
IPF converged at iteration 30
IPF row error: 95.010555, col error: 0.000000
Starting Iterative Proportional Fitting (IPF)...
IPF converged at iteration 30
IPF row error: 149.665755, col error: 0.000000
Starting Iterative Proportional Fitting (IPF)...
Starting Iterative Proportional Fitting (IPF)...
IPF converged at iteration 31
IPF row error: 79.162415, col error: 0.000000
Starting Iterative Proportional Fitting (IPF)...
IPF converged at iteration 32
IPF row error: 74.227101, col error: 0.000000
IPF converged at iteration 32
IPF row error: 65.125530, col error: 0.000000
Starting Iterative Proportional Fitting (IPF)...
IPF converged at iteration 32
IPF row error: 65.125530, col error: 0.000000
Starting Iterative Proportional Fitting (IPF)...
Starting Iterative Proportional Fitting (IPF)...
IPF converged at iteration 30
IPF row error: 91.421573, col error: 0.000000
Starting Iterative Proportional Fitting (IPF)...
IPF converged at iteration 31
IPF row error: 72.428872, col error: 0.000000
IPF converged at iteration 32
IPF row error: 65.125530, col error: 0.000000
Starting Iterative Proportional Fitting (IPF)...
IPF converged at iteration 32
IPF row error: 65.125530, col error: 0.000000
Starting Iterative Proportional Fitting (IPF)...
Starting Iterative Proportional Fitting (IPF)...
IPF converged at iteration 28
IPF row error: 28.635769, col error: 0.000000
Starting Iterative Proportional Fitting (IPF)...
IPF converged at iteration 32
IPF converged at iteration 30
IPF row error: 65.125530, col error: 0.000000
IPF row error: 99.360185, col error: 0.000000
Starting Iterative Proportional Fitting (IPF)...
IPF converged at iteration 32
Starting Iterative Proportional Fitting (IPF)...
IPF row error: 65.125530, col error: 0.000000
Starting Iterative Proportional Fitting (IPF)...
IPF converged at iteration 32
IPF row error: 65.125530, col error: 0.000000
Starting Iterative Proportional Fitting (IPF)...
IPF converged at iteration 31
IPF converged at iteration 32
IPF row error: 67.446631, col error: 0.000000
IPF row error: 65.125530, col error: 0.000000
IPF converged at iteration 30
IPF row error: 81.001468, col error: 0.000000
Starting Iterative Proportional Fitting (IPF)...
Starting Iterative Proportional Fitting (IPF)...
Starting Iterative Proportional Fitting (IPF)...
IPF converged at iteration 32
IPF row error: 65.125530, col error: 0.000000
Starting Iterative Proportional Fitting (IPF)...
IPF converged at iteration 32
IPF converged at iteration 32
IPF row error: 65.125530, col error: 0.000000
IPF row error: 65.125530, col error: 0.000000
  [2023/test] 진행 390/1750 (22.3%) | 누적 CPC 0.6659 | RMSE 362.6114 | %RMSE 6.7499 | 경과 4.3분 | 예상 남음 15.0분
IPF converged at iteration 32
Starting Iterative Proportional Fitting (IPF)...Starting Iterative Proportional Fitting (IPF)...

IPF row error: 75.351042, col error: 0.000000
Starting Iterative Proportional Fitting (IPF)...
IPF converged at iteration 32
IPF row error: 75.124516, col error: 0.000000
Starting Iterative Proportional Fitting (IPF)...
IPF converged at iteration 25
IPF row error: 209.973596, col error: 0.000000
Starting Iterative Proportional Fitting (IPF)...
IPF converged at iteration 32
IPF row error: 65.125530, col error: 0.000000
IPF converged at iteration 32
Starting Iterative Proportional Fitting (IPF)...
IPF row error: 65.125530, col error: 0.000000
IPF converged at iteration 17
IPF row error: 29.292033, col error: 0.000000
Starting Iterative Proportional Fitting (IPF)...
Starting Iterative Proportional Fitting (IPF)...
IPF converged at iteration 31
IPF row error: 69.834082, col error: 0.000000
Starting Iterative Proportional Fitting (IPF)...
IPF converged at iteration 32
IPF row error: 65.125530, col error: 0.000000
IPF converged at iteration 32
Starting Iterative Proportional Fitting (IPF)...
IPF row error: 65.125530, col error: 0.000000
IPF converged at iteration 32
IPF row error: 65.125530, col error: 0.000000
Starting Iterative Proportional Fitting (IPF)...
Starting Iterative Proportional Fitting (IPF)...
IPF converged at iteration 32
IPF row error: 63.668657, col error: 0.000000
Starting Iterative Proportional Fitting (IPF)...
IPF converged at iteration 32
IPF row error: 64.634785, col error: 0.000000
IPF converged at iteration 32
IPF row error: 64.634785, col error: 0.000000
Starting Iterative Proportional Fitting (IPF)...
IPF converged at iteration 40
IPF row error: 10.995078, col error: 0.000000
Starting Iterative Proportional Fitting (IPF)...
Starting Iterative Proportional Fitting (IPF)...
IPF converged at iteration 32
IPF row error: 64.634785, col error: 0.000000
Starting Iterative Proportional Fitting (IPF)...
IPF converged at iteration 32
IPF converged at iteration 31IPF row error: 64.634785, col error: 0.000000

IPF converged at iteration 28
IPF row error: 83.056744, col error: 0.000000
IPF row error: 81.972263, col error: 0.000000
Starting Iterative Proportional Fitting (IPF)...
Starting Iterative Proportional Fitting (IPF)...
Starting Iterative Proportional Fitting (IPF)...
IPF converged at iteration 32
IPF row error: 64.634785, col error: 0.000000
Starting Iterative Proportional Fitting (IPF)...
IPF converged at iteration 31
IPF row error: 81.880751, col error: 0.000000
IPF converged at iteration 32
IPF converged at iteration 32
IPF row error: 67.846751, col error: 0.000000
IPF row error: 64.634785, col error: 0.000000
Starting Iterative Proportional Fitting (IPF)...
Starting Iterative Proportional Fitting (IPF)...
Starting Iterative Proportional Fitting (IPF)...
IPF converged at iteration 32
IPF row error: 75.544614, col error: 0.000000
Starting Iterative Proportional Fitting (IPF)...
IPF converged at iteration 32
IPF converged at iteration 30
IPF row error: 64.634785, col error: 0.000000
IPF row error: 97.525051, col error: 0.000000
IPF converged at iteration 32
IPF row error: 64.634785, col error: 0.000000
Starting Iterative Proportional Fitting (IPF)...
Starting Iterative Proportional Fitting (IPF)...
Starting Iterative Proportional Fitting (IPF)...
IPF converged at iteration 31
IPF row error: 85.620707, col error: 0.000000
Starting Iterative Proportional Fitting (IPF)...
IPF converged at iteration 32
IPF row error: 64.634785, col error: 0.000000
IPF converged at iteration 32
IPF row error: 61.723512, col error: 0.000000
IPF converged at iteration 31
IPF row error: 85.041807, col error: 0.000000
  [2023/test] 진행 420/1750 (24.0%) | 누적 CPC 0.6692 | RMSE 357.0855 | %RMSE 6.5866 | 경과 4.6분 | 예상 남음 14.6분
Starting Iterative Proportional Fitting (IPF)...
Starting Iterative Proportional Fitting (IPF)...
Starting Iterative Proportional Fitting (IPF)...
IPF converged at iteration 32
IPF row error: 67.049956, col error: 0.000000
Starting Iterative Proportional Fitting (IPF)...
IPF converged at iteration 32
IPF row error: 64.634785, col error: 0.000000
IPF converged at iteration 32
IPF row error: 64.634785, col error: 0.000000
Starting Iterative Proportional Fitting (IPF)...
Starting Iterative Proportional Fitting (IPF)...
IPF converged at iteration 50
IPF row error: 5.362693, col error: 0.000000
Starting Iterative Proportional Fitting (IPF)...
IPF converged at iteration 30
IPF row error: 80.199951, col error: 0.000000
Starting Iterative Proportional Fitting (IPF)...
IPF converged at iteration 30
IPF row error: 99.929570, col error: 0.000000
IPF converged at iteration 32
Starting Iterative Proportional Fitting (IPF)...
IPF row error: 64.634785, col error: 0.000000
Starting Iterative Proportional Fitting (IPF)...
IPF converged at iteration 30
IPF row error: 92.250075, col error: 0.000000
Starting Iterative Proportional Fitting (IPF)...
IPF converged at iteration 32
IPF row error: 64.634785, col error: 0.000000
Starting Iterative Proportional Fitting (IPF)...
IPF converged at iteration 32
IPF row error: 64.634785, col error: 0.000000
Starting Iterative Proportional Fitting (IPF)...
IPF converged at iteration 40
IPF row error: 12.604293, col error: 0.000000
Starting Iterative Proportional Fitting (IPF)...
IPF converged at iteration 32
IPF row error: 64.634785, col error: 0.000000
Starting Iterative Proportional Fitting (IPF)...
IPF converged at iteration 32
IPF row error: 64.634785, col error: 0.000000
Starting Iterative Proportional Fitting (IPF)...
IPF converged at iteration 30
IPF row error: 147.460341, col error: 0.000000
Starting Iterative Proportional Fitting (IPF)...
IPF converged at iteration 40
IPF row error: 10.985224, col error: 0.000000
Starting Iterative Proportional Fitting (IPF)...
IPF converged at iteration 29
IPF row error: 99.437105, col error: 0.000000
Starting Iterative Proportional Fitting (IPF)...
IPF converged at iteration 32
IPF row error: 64.634785, col error: 0.000000
Starting Iterative Proportional Fitting (IPF)...
IPF converged at iteration 32
IPF row error: 64.634785, col error: 0.000000
Starting Iterative Proportional Fitting (IPF)...
IPF converged at iteration 32
IPF row error: 64.634785, col error: 0.000000
Starting Iterative Proportional Fitting (IPF)...
IPF converged at iteration 32
IPF row error: 64.634785, col error: 0.000000
Starting Iterative Proportional Fitting (IPF)...
IPF converged at iteration 32
IPF row error: 64.634785, col error: 0.000000
Starting Iterative Proportional Fitting (IPF)...
IPF converged at iteration 32
IPF row error: 64.634785, col error: 0.000000
Starting Iterative Proportional Fitting (IPF)...
IPF converged at iteration 32
IPF row error: 64.634785, col error: 0.000000
Starting Iterative Proportional Fitting (IPF)...
IPF converged at iteration 32
IPF row error: 64.634785, col error: 0.000000
Starting Iterative Proportional Fitting (IPF)...
IPF converged at iteration 29
IPF row error: 113.949653, col error: 0.000000
Starting Iterative Proportional Fitting (IPF)...
IPF converged at iteration 32
IPF row error: 59.835160, col error: 0.000000
Starting Iterative Proportional Fitting (IPF)...
IPF converged at iteration 32
IPF row error: 64.634785, col error: 0.000000
Starting Iterative Proportional Fitting (IPF)...
IPF converged at iteration 32
IPF row error: 64.634785, col error: 0.000000
Starting Iterative Proportional Fitting (IPF)...
IPF converged at iteration 29
IPF row error: 94.316200, col error: 0.000000
Starting Iterative Proportional Fitting (IPF)...
IPF converged at iteration 32
IPF row error: 64.634785, col error: 0.000000
  [2023/test] 진행 450/1750 (25.7%) | 누적 CPC 0.6717 | RMSE 349.8416 | %RMSE 6.4233 | 경과 5.0분 | 예상 남음 14.4분
Starting Iterative Proportional Fitting (IPF)...
IPF converged at iteration 32
IPF row error: 64.568559, col error: 0.000000
Starting Iterative Proportional Fitting (IPF)...
IPF converged at iteration 32
IPF row error: 64.568559, col error: 0.000000
Starting Iterative Proportional Fitting (IPF)...
IPF converged at iteration 32
IPF row error: 64.568559, col error: 0.000000
Starting Iterative Proportional Fitting (IPF)...
IPF converged at iteration 32
IPF row error: 64.568559, col error: 0.000000
Starting Iterative Proportional Fitting (IPF)...
IPF converged at iteration 31
IPF row error: 62.488315, col error: 0.000000
IPF converged at iteration 30
Starting Iterative Proportional Fitting (IPF)...
IPF row error: 110.545850, col error: 0.000000
IPF converged at iteration 48
IPF row error: 1.828681, col error: 0.000000
Starting Iterative Proportional Fitting (IPF)...
Starting Iterative Proportional Fitting (IPF)...
IPF converged at iteration 29
IPF row error: 197.352702, col error: 0.000000
Starting Iterative Proportional Fitting (IPF)...
IPF converged at iteration 31
IPF row error: 74.784285, col error: 0.000000
Starting Iterative Proportional Fitting (IPF)...
IPF converged at iteration 32
IPF row error: 64.568559, col error: 0.000000
IPF converged at iteration 32
Starting Iterative Proportional Fitting (IPF)...
IPF row error: 64.568559, col error: 0.000000
Starting Iterative Proportional Fitting (IPF)...
IPF converged at iteration 32
IPF row error: 64.568559, col error: 0.000000
Starting Iterative Proportional Fitting (IPF)...
IPF converged at iteration 32
IPF row error: 64.568559, col error: 0.000000
Starting Iterative Proportional Fitting (IPF)...
IPF converged at iteration 32
IPF row error: 64.568559, col error: 0.000000
IPF converged at iteration 32
Starting Iterative Proportional Fitting (IPF)...
IPF row error: 64.568559, col error: 0.000000
Starting Iterative Proportional Fitting (IPF)...
IPF converged at iteration 32
IPF row error: 64.568559, col error: 0.000000
Starting Iterative Proportional Fitting (IPF)...
IPF converged at iteration 32
IPF converged at iteration 27
IPF row error: 62.866076, col error: 0.000000
IPF row error: 96.550616, col error: 0.000000
Starting Iterative Proportional Fitting (IPF)...
Starting Iterative Proportional Fitting (IPF)...
IPF converged at iteration 32
IPF row error: 64.568559, col error: 0.000000
Starting Iterative Proportional Fitting (IPF)...
IPF converged at iteration 31
IPF row error: 82.117192, col error: 0.000000
IPF converged at iteration 32
IPF row error: 64.568559, col error: 0.000000
Starting Iterative Proportional Fitting (IPF)...
Starting Iterative Proportional Fitting (IPF)...
IPF converged at iteration 32
IPF row error: 64.568559, col error: 0.000000
Starting Iterative Proportional Fitting (IPF)...
IPF converged at iteration 50
IPF row error: 5.344292, col error: 0.000000
Starting Iterative Proportional Fitting (IPF)...
IPF converged at iteration 32
IPF converged at iteration 32
IPF row error: 64.568559, col error: 0.000000
IPF row error: 64.568559, col error: 0.000000
Starting Iterative Proportional Fitting (IPF)...
Starting Iterative Proportional Fitting (IPF)...
IPF converged at iteration 32
IPF row error: 64.568559, col error: 0.000000
Starting Iterative Proportional Fitting (IPF)...
IPF converged at iteration 32
IPF row error: 64.568559, col error: 0.000000
Starting Iterative Proportional Fitting (IPF)...
IPF converged at iteration 36
IPF row error: 29.333110, col error: 0.000000
IPF converged at iteration 32
IPF row error: 64.568559, col error: 0.000000
Starting Iterative Proportional Fitting (IPF)...
Starting Iterative Proportional Fitting (IPF)...
IPF converged at iteration 32
IPF row error: 62.427288, col error: 0.000000
  [2023/test] 진행 480/1750 (27.4%) | 누적 CPC 0.6715 | RMSE 340.6652 | %RMSE 6.3690 | 경과 5.3분 | 예상 남음 14.1분
IPF converged at iteration 50
Starting Iterative Proportional Fitting (IPF)...
IPF row error: 5.606089, col error: 0.000000
Starting Iterative Proportional Fitting (IPF)...
IPF converged at iteration 23
IPF row error: 64.562700, col error: 0.000000
Starting Iterative Proportional Fitting (IPF)...
IPF converged at iteration 29
IPF row error: 90.533415, col error: 0.000000
Starting Iterative Proportional Fitting (IPF)...
IPF converged at iteration 32
IPF converged at iteration 29
IPF row error: 64.568559, col error: 0.000000
IPF row error: 102.495208, col error: 0.000000
Starting Iterative Proportional Fitting (IPF)...
Starting Iterative Proportional Fitting (IPF)...
IPF converged at iteration 27
IPF row error: 115.237082, col error: 0.000000
Starting Iterative Proportional Fitting (IPF)...
IPF converged at iteration 32
IPF row error: 64.568559, col error: 0.000000
Starting Iterative Proportional Fitting (IPF)...
IPF converged at iteration 29
IPF row error: 101.515490, col error: 0.000000
IPF converged at iteration 32
Starting Iterative Proportional Fitting (IPF)...
IPF row error: 64.568559, col error: 0.000000
Starting Iterative Proportional Fitting (IPF)...
IPF converged at iteration 32
IPF row error: 62.320193, col error: 0.000000
Starting Iterative Proportional Fitting (IPF)...
IPF converged at iteration 32
IPF row error: 64.568559, col error: 0.000000
Starting Iterative Proportional Fitting (IPF)...
IPF converged at iteration 32
IPF row error: 64.568559, col error: 0.000000
IPF converged at iteration 32
Starting Iterative Proportional Fitting (IPF)...
IPF row error: 64.568559, col error: 0.000000
Starting Iterative Proportional Fitting (IPF)...
IPF converged at iteration 32
IPF row error: 64.568559, col error: 0.000000
Starting Iterative Proportional Fitting (IPF)...
IPF converged at iteration 32
IPF row error: 64.568559, col error: 0.000000
Starting Iterative Proportional Fitting (IPF)...
IPF converged at iteration 28
IPF row error: 100.077555, col error: 0.000000
Starting Iterative Proportional Fitting (IPF)...
IPF converged at iteration 34
IPF row error: 45.554465, col error: 0.000000
Starting Iterative Proportional Fitting (IPF)...
IPF converged at iteration 32
IPF row error: 64.568559, col error: 0.000000
Starting Iterative Proportional Fitting (IPF)...
IPF converged at iteration 32
IPF row error: 64.568559, col error: 0.000000
IPF converged at iteration 32
IPF row error: 64.568559, col error: 0.000000
Starting Iterative Proportional Fitting (IPF)...
Starting Iterative Proportional Fitting (IPF)...
IPF converged at iteration 32
IPF row error: 64.570541, col error: 0.000000
Starting Iterative Proportional Fitting (IPF)...
IPF converged at iteration 32
IPF row error: 64.570541, col error: 0.000000
Starting Iterative Proportional Fitting (IPF)...
IPF converged at iteration 32
IPF row error: 64.570541, col error: 0.000000
IPF converged at iteration 32
IPF row error: 64.570541, col error: 0.000000
Starting Iterative Proportional Fitting (IPF)...
Starting Iterative Proportional Fitting (IPF)...
IPF converged at iteration 32
IPF row error: 64.570541, col error: 0.000000
Starting Iterative Proportional Fitting (IPF)...
IPF converged at iteration 29
IPF row error: 172.066503, col error: 0.000000
Starting Iterative Proportional Fitting (IPF)...
IPF converged at iteration 27
IPF row error: 110.053351, col error: 0.000000
Starting Iterative Proportional Fitting (IPF)...
IPF converged at iteration 33
IPF row error: 58.640630, col error: 0.000000
Starting Iterative Proportional Fitting (IPF)...
IPF converged at iteration 30
IPF row error: 172.119881, col error: 0.000000
Starting Iterative Proportional Fitting (IPF)...
IPF converged at iteration 32
IPF row error: 64.570541, col error: 0.000000
  [2023/test] 진행 510/1750 (29.1%) | 누적 CPC 0.6669 | RMSE 333.8041 | %RMSE 6.3928 | 경과 5.8분 | 예상 남음 14.1분
Starting Iterative Proportional Fitting (IPF)...
IPF converged at iteration 35
IPF row error: 35.654004, col error: 0.000000
IPF converged at iteration 32
IPF row error: 64.570541, col error: 0.000000
Starting Iterative Proportional Fitting (IPF)...
Starting Iterative Proportional Fitting (IPF)...
IPF converged at iteration 29
IPF row error: 87.841033, col error: 0.000000
Starting Iterative Proportional Fitting (IPF)...
IPF converged at iteration 32
IPF row error: 71.022110, col error: 0.000000
Starting Iterative Proportional Fitting (IPF)...
IPF converged at iteration 31
IPF row error: 72.670324, col error: 0.000000
IPF converged at iteration 32
IPF row error: 61.783465, col error: 0.000000
Starting Iterative Proportional Fitting (IPF)...
Starting Iterative Proportional Fitting (IPF)...
IPF converged at iteration 32
IPF row error: 64.083829, col error: 0.000000
Starting Iterative Proportional Fitting (IPF)...
IPF converged at iteration 32
IPF row error: 64.570541, col error: 0.000000
Starting Iterative Proportional Fitting (IPF)...
IPF converged at iteration 30
IPF row error: 80.731102, col error: 0.000000
Starting Iterative Proportional Fitting (IPF)...
IPF converged at iteration 32
IPF row error: 64.570541, col error: 0.000000
IPF converged at iteration 31
Starting Iterative Proportional Fitting (IPF)...
IPF row error: 75.490569, col error: 0.000000
Starting Iterative Proportional Fitting (IPF)...
IPF converged at iteration 32
IPF row error: 58.360333, col error: 0.000000
Starting Iterative Proportional Fitting (IPF)...
IPF converged at iteration 32
IPF row error: 64.570541, col error: 0.000000
Starting Iterative Proportional Fitting (IPF)...
IPF converged at iteration 31
IPF converged at iteration 28
IPF row error: 74.403194, col error: 0.000000
IPF row error: 100.063348, col error: 0.000000
Starting Iterative Proportional Fitting (IPF)...
Starting Iterative Proportional Fitting (IPF)...
IPF converged at iteration 26
IPF row error: 158.359304, col error: 0.000000
Starting Iterative Proportional Fitting (IPF)...
IPF converged at iteration 32
IPF row error: 64.570541, col error: 0.000000
Starting Iterative Proportional Fitting (IPF)...
IPF converged at iteration 32
IPF converged at iteration 33
IPF row error: 64.570541, col error: 0.000000
IPF row error: 61.215820, col error: 0.000000
Starting Iterative Proportional Fitting (IPF)...
Starting Iterative Proportional Fitting (IPF)...
IPF converged at iteration 49
IPF row error: 1.500976, col error: 0.000000
IPF converged at iteration 32
Starting Iterative Proportional Fitting (IPF)...
IPF row error: 64.570541, col error: 0.000000
Starting Iterative Proportional Fitting (IPF)...
IPF converged at iteration 32
IPF row error: 64.570541, col error: 0.000000
IPF converged at iteration 33
IPF row error: 59.419048, col error: 0.000000
Starting Iterative Proportional Fitting (IPF)...
Starting Iterative Proportional Fitting (IPF)...
IPF converged at iteration 32
IPF row error: 64.570541, col error: 0.000000
Starting Iterative Proportional Fitting (IPF)...
IPF converged at iteration 34
IPF row error: 40.895776, col error: 0.000000
IPF converged at iteration 32
Starting Iterative Proportional Fitting (IPF)...IPF row error: 64.570541, col error: 0.000000

IPF converged at iteration 32
IPF row error: 64.570541, col error: 0.000000
Starting Iterative Proportional Fitting (IPF)...
Starting Iterative Proportional Fitting (IPF)...
IPF converged at iteration 32
IPF row error: 64.570541, col error: 0.000000
IPF converged at iteration 26
IPF row error: 170.020660, col error: 0.000000
IPF converged at iteration 25
Starting Iterative Proportional Fitting (IPF)...
IPF row error: 188.132422, col error: 0.000000
  [2023/test] 진행 540/1750 (30.9%) | 누적 CPC 0.6546 | RMSE 330.1086 | %RMSE 6.5495 | 경과 6.1분 | 예상 남음 13.7분
Starting Iterative Proportional Fitting (IPF)...
IPF converged at iteration 30
Starting Iterative Proportional Fitting (IPF)...
IPF row error: 74.356855, col error: 0.000000
Starting Iterative Proportional Fitting (IPF)...
IPF converged at iteration 25
IPF row error: 179.808383, col error: 0.000000
Starting Iterative Proportional Fitting (IPF)...
IPF converged at iteration 25
IPF row error: 173.332263, col error: 0.000000
Starting Iterative Proportional Fitting (IPF)...
IPF converged at iteration 32
IPF row error: 64.570541, col error: 0.000000
Starting Iterative Proportional Fitting (IPF)...
IPF converged at iteration 32
IPF row error: 64.570541, col error: 0.000000
Starting Iterative Proportional Fitting (IPF)...
IPF converged at iteration 32
IPF row error: 64.570541, col error: 0.000000
IPF converged at iteration 32
Starting Iterative Proportional Fitting (IPF)...
IPF row error: 64.570541, col error: 0.000000
Starting Iterative Proportional Fitting (IPF)...
IPF converged at iteration 32
IPF row error: 64.570541, col error: 0.000000
IPF converged at iteration 48
IPF row error: 1.799237, col error: 0.000000
Starting Iterative Proportional Fitting (IPF)...
Starting Iterative Proportional Fitting (IPF)...
IPF converged at iteration 32
IPF row error: 64.599580, col error: 0.000000
Starting Iterative Proportional Fitting (IPF)...
IPF converged at iteration 32
IPF converged at iteration 30
IPF row error: 64.599580, col error: 0.000000
IPF row error: 71.016284, col error: 0.000000
Starting Iterative Proportional Fitting (IPF)...
Starting Iterative Proportional Fitting (IPF)...
IPF converged at iteration 55
IPF row error: 1.270524, col error: 0.000000
Starting Iterative Proportional Fitting (IPF)...
IPF converged at iteration 29
IPF row error: 100.890481, col error: 0.000000
Starting Iterative Proportional Fitting (IPF)...
IPF converged at iteration 30
IPF row error: 88.927778, col error: 0.000000
IPF converged at iteration 32
IPF row error: 64.599580, col error: 0.000000
Starting Iterative Proportional Fitting (IPF)...
Starting Iterative Proportional Fitting (IPF)...
IPF converged at iteration 32
IPF row error: 64.599580, col error: 0.000000
Starting Iterative Proportional Fitting (IPF)...
IPF converged at iteration 32
IPF row error: 64.599580, col error: 0.000000
Starting Iterative Proportional Fitting (IPF)...
IPF converged at iteration 32
IPF row error: 64.599580, col error: 0.000000
IPF converged at iteration 32
IPF row error: 64.599580, col error: 0.000000
Starting Iterative Proportional Fitting (IPF)...
Starting Iterative Proportional Fitting (IPF)...
IPF converged at iteration 32
IPF row error: 64.599580, col error: 0.000000
Starting Iterative Proportional Fitting (IPF)...
IPF converged at iteration 32
IPF row error: 64.599580, col error: 0.000000
IPF converged at iteration 33
IPF row error: 141.448716, col error: 0.000000
Starting Iterative Proportional Fitting (IPF)...
Starting Iterative Proportional Fitting (IPF)...
IPF converged at iteration 49
IPF row error: 5.871787, col error: 0.000000
Starting Iterative Proportional Fitting (IPF)...
IPF converged at iteration 32
IPF row error: 64.599580, col error: 0.000000
Starting Iterative Proportional Fitting (IPF)...
IPF converged at iteration 32
IPF converged at iteration 30
IPF row error: 112.818479, col error: 0.000000
IPF row error: 72.503264, col error: 0.000000
Starting Iterative Proportional Fitting (IPF)...
Starting Iterative Proportional Fitting (IPF)...
IPF converged at iteration 32
IPF row error: 64.599580, col error: 0.000000
Starting Iterative Proportional Fitting (IPF)...
IPF converged at iteration 32
IPF row error: 64.599580, col error: 0.000000
Starting Iterative Proportional Fitting (IPF)...
IPF converged at iteration 32
IPF converged at iteration 32
IPF row error: 66.362473, col error: 0.000000
IPF row error: 64.599580, col error: 0.000000
  [2023/test] 진행 570/1750 (32.6%) | 누적 CPC 0.6523 | RMSE 326.7345 | %RMSE 6.6017 | 경과 6.5분 | 예상 남음 13.4분
Starting Iterative Proportional Fitting (IPF)...
Starting Iterative Proportional Fitting (IPF)...
IPF converged at iteration 32
IPF row error: 64.599580, col error: 0.000000
Starting Iterative Proportional Fitting (IPF)...
IPF converged at iteration 33
IPF row error: 60.220959, col error: 0.000000
Starting Iterative Proportional Fitting (IPF)...
IPF converged at iteration 32
IPF converged at iteration 32
IPF row error: 64.599580, col error: 0.000000
IPF row error: 64.599580, col error: 0.000000
Starting Iterative Proportional Fitting (IPF)...
Starting Iterative Proportional Fitting (IPF)...
IPF converged at iteration 29
IPF row error: 129.940199, col error: 0.000000
Starting Iterative Proportional Fitting (IPF)...
IPF converged at iteration 32
IPF row error: 64.599580, col error: 0.000000
Starting Iterative Proportional Fitting (IPF)...
IPF converged at iteration 30
IPF row error: 81.780117, col error: 0.000000
IPF converged at iteration 32
IPF row error: 64.599580, col error: 0.000000
Starting Iterative Proportional Fitting (IPF)...
Starting Iterative Proportional Fitting (IPF)...
IPF converged at iteration 32
IPF row error: 64.599580, col error: 0.000000
Starting Iterative Proportional Fitting (IPF)...
IPF converged at iteration 32
IPF row error: 64.599580, col error: 0.000000
Starting Iterative Proportional Fitting (IPF)...
IPF converged at iteration 32
IPF row error: 64.599580, col error: 0.000000
IPF converged at iteration 32
IPF row error: 64.599580, col error: 0.000000
Starting Iterative Proportional Fitting (IPF)...
Starting Iterative Proportional Fitting (IPF)...
IPF converged at iteration 32
IPF row error: 64.599580, col error: 0.000000
Starting Iterative Proportional Fitting (IPF)...
IPF converged at iteration 30
IPF row error: 77.588423, col error: 0.000000
Starting Iterative Proportional Fitting (IPF)...
IPF converged at iteration 29
IPF row error: 99.624326, col error: 0.000000
IPF converged at iteration 32
IPF row error: 64.599580, col error: 0.000000
Starting Iterative Proportional Fitting (IPF)...
Starting Iterative Proportional Fitting (IPF)...
IPF converged at iteration 32
IPF row error: 64.599580, col error: 0.000000
Starting Iterative Proportional Fitting (IPF)...
IPF converged at iteration 32
IPF row error: 64.599580, col error: 0.000000
Starting Iterative Proportional Fitting (IPF)...
IPF converged at iteration 32
IPF row error: 66.823117, col error: 0.000000
IPF converged at iteration 32
IPF row error: 64.599580, col error: 0.000000
Starting Iterative Proportional Fitting (IPF)...
Starting Iterative Proportional Fitting (IPF)...
IPF converged at iteration 43
IPF row error: 5.814403, col error: 0.000000
IPF converged at iteration 54
Starting Iterative Proportional Fitting (IPF)...
IPF row error: 1.360838, col error: 0.000000
Starting Iterative Proportional Fitting (IPF)...
IPF converged at iteration 33
IPF row error: 59.674863, col error: 0.000000
IPF converged at iteration 32
IPF row error: 64.599580, col error: 0.000000
Starting Iterative Proportional Fitting (IPF)...
Starting Iterative Proportional Fitting (IPF)...
IPF converged at iteration 29
IPF row error: 87.734286, col error: 0.000000
IPF converged at iteration 28
Starting Iterative Proportional Fitting (IPF)...
IPF row error: 97.698725, col error: 0.000000
Starting Iterative Proportional Fitting (IPF)...
IPF converged at iteration 29
IPF row error: 94.164346, col error: 0.000000
IPF converged at iteration 32
Starting Iterative Proportional Fitting (IPF)...
IPF row error: 64.599580, col error: 0.000000
Starting Iterative Proportional Fitting (IPF)...
IPF converged at iteration 31
IPF row error: 70.817834, col error: 0.000000
  [2023/test] 진행 600/1750 (34.3%) | 누적 CPC 0.6544 | RMSE 323.7648 | %RMSE 6.6092 | 경과 6.8분 | 예상 남음 13.1분
IPF converged at iteration 29
IPF row error: 117.100820, col error: 0.000000
Starting Iterative Proportional Fitting (IPF)...
Starting Iterative Proportional Fitting (IPF)...
IPF converged at iteration 28
IPF row error: 112.892777, col error: 0.000000
Starting Iterative Proportional Fitting (IPF)...
IPF converged at iteration 32
IPF row error: 64.534003, col error: 0.000000
Starting Iterative Proportional Fitting (IPF)...
IPF converged at iteration 32
IPF row error: 63.728344, col error: 0.000000
IPF converged at iteration 32
IPF row error: 64.534003, col error: 0.000000
Starting Iterative Proportional Fitting (IPF)...
Starting Iterative Proportional Fitting (IPF)...
IPF converged at iteration 24
IPF row error: 55.054016, col error: 0.000000
IPF converged at iteration 32
IPF row error: 62.765919, col error: 0.000000
Starting Iterative Proportional Fitting (IPF)...
Starting Iterative Proportional Fitting (IPF)...
IPF converged at iteration 32
IPF row error: 64.534003, col error: 0.000000
IPF converged at iteration 30
IPF row error: 81.726623, col error: 0.000000
Starting Iterative Proportional Fitting (IPF)...
IPF converged at iteration 32
IPF row error: 64.534003, col error: 0.000000
Starting Iterative Proportional Fitting (IPF)...
IPF converged at iteration 42
IPF row error: 7.235931, col error: 0.000000
Starting Iterative Proportional Fitting (IPF)...
Starting Iterative Proportional Fitting (IPF)...
IPF converged at iteration 32
IPF row error: 64.534003, col error: 0.000000
IPF converged at iteration 31
IPF row error: 174.986671, col error: 0.000000
Starting Iterative Proportional Fitting (IPF)...
Starting Iterative Proportional Fitting (IPF)...
IPF converged at iteration 33
IPF row error: 54.267323, col error: 0.000000
IPF converged at iteration 32
IPF row error: 60.526699, col error: 0.000000
Starting Iterative Proportional Fitting (IPF)...
Starting Iterative Proportional Fitting (IPF)...
IPF converged at iteration 32
IPF row error: 64.534003, col error: 0.000000
IPF converged at iteration 32
IPF row error: 64.534003, col error: 0.000000
Starting Iterative Proportional Fitting (IPF)...
Starting Iterative Proportional Fitting (IPF)...
IPF converged at iteration 32
IPF row error: 64.534003, col error: 0.000000
Starting Iterative Proportional Fitting (IPF)...
IPF converged at iteration 35
IPF row error: 42.168634, col error: 0.000000
Starting Iterative Proportional Fitting (IPF)...
IPF converged at iteration 32
IPF row error: 64.534003, col error: 0.000000
IPF converged at iteration 35
Starting Iterative Proportional Fitting (IPF)...
IPF row error: 39.282973, col error: 0.000000
IPF converged at iteration 32
IPF converged at iteration 28
IPF row error: 64.534003, col error: 0.000000
IPF row error: 117.750330, col error: 0.000000
Starting Iterative Proportional Fitting (IPF)...
Starting Iterative Proportional Fitting (IPF)...
Starting Iterative Proportional Fitting (IPF)...
IPF converged at iteration 31
IPF row error: 68.919991, col error: 0.000000
Starting Iterative Proportional Fitting (IPF)...
IPF converged at iteration 29
IPF row error: 105.204042, col error: 0.000000
IPF converged at iteration 32
IPF row error: 64.534003, col error: 0.000000
Starting Iterative Proportional Fitting (IPF)...
Starting Iterative Proportional Fitting (IPF)...
IPF converged at iteration 48
IPF row error: 1.645827, col error: 0.000000
Starting Iterative Proportional Fitting (IPF)...
IPF converged at iteration 28
IPF row error: 129.873834, col error: 0.000000
Starting Iterative Proportional Fitting (IPF)...
IPF converged at iteration 32
IPF row error: 64.534003, col error: 0.000000
Starting Iterative Proportional Fitting (IPF)...
IPF converged at iteration 45
IPF row error: 4.141288, col error: 0.000000
  [2023/test] 진행 630/1750 (36.0%) | 누적 CPC 0.6552 | RMSE 323.9517 | %RMSE 6.6001 | 경과 7.2분 | 예상 남음 12.7분
Starting Iterative Proportional Fitting (IPF)...
IPF converged at iteration 31
IPF row error: 64.939244, col error: 0.000000
Starting Iterative Proportional Fitting (IPF)...
IPF converged at iteration 28
IPF row error: 101.637310, col error: 0.000000
Starting Iterative Proportional Fitting (IPF)...
IPF converged at iteration 32
IPF row error: 64.534003, col error: 0.000000
Starting Iterative Proportional Fitting (IPF)...
IPF converged at iteration 29
IPF row error: 103.232420, col error: 0.000000
Starting Iterative Proportional Fitting (IPF)...
IPF converged at iteration 32
IPF row error: 64.534003, col error: 0.000000
Starting Iterative Proportional Fitting (IPF)...
IPF converged at iteration 31
IPF row error: 67.259167, col error: 0.000000
Starting Iterative Proportional Fitting (IPF)...
IPF converged at iteration 32
IPF row error: 64.534003, col error: 0.000000
Starting Iterative Proportional Fitting (IPF)...
IPF converged at iteration 32
IPF row error: 64.534003, col error: 0.000000
Starting Iterative Proportional Fitting (IPF)...
IPF converged at iteration 32
IPF row error: 64.534003, col error: 0.000000
Starting Iterative Proportional Fitting (IPF)...
IPF converged at iteration 32
IPF row error: 64.534003, col error: 0.000000
Starting Iterative Proportional Fitting (IPF)...
IPF converged at iteration 24
IPF row error: 56.036957, col error: 0.000000
IPF converged at iteration 32
Starting Iterative Proportional Fitting (IPF)...
IPF row error: 64.534003, col error: 0.000000
Starting Iterative Proportional Fitting (IPF)...
IPF converged at iteration 29
IPF row error: 86.059259, col error: 0.000000
Starting Iterative Proportional Fitting (IPF)...
IPF converged at iteration 32
IPF row error: 64.534003, col error: 0.000000
IPF converged at iteration 49
IPF row error: 1.563951, col error: 0.000000
Starting Iterative Proportional Fitting (IPF)...
Starting Iterative Proportional Fitting (IPF)...
IPF converged at iteration 36
IPF row error: 28.131745, col error: 0.000000
Starting Iterative Proportional Fitting (IPF)...
IPF converged at iteration 32
IPF row error: 64.534003, col error: 0.000000
Starting Iterative Proportional Fitting (IPF)...
IPF converged at iteration 32
IPF converged at iteration 31
IPF row error: 64.534003, col error: 0.000000
IPF row error: 82.530842, col error: 0.000000
Starting Iterative Proportional Fitting (IPF)...
Starting Iterative Proportional Fitting (IPF)...
IPF converged at iteration 31
IPF row error: 85.577445, col error: 0.000000
Starting Iterative Proportional Fitting (IPF)...
IPF converged at iteration 31
IPF row error: 74.181214, col error: 0.000000
Starting Iterative Proportional Fitting (IPF)...
IPF converged at iteration 31
IPF converged at iteration 32IPF row error: 60.652555, col error: 0.000000

IPF row error: 64.338292, col error: 0.000000
Starting Iterative Proportional Fitting (IPF)...
Starting Iterative Proportional Fitting (IPF)...
IPF converged at iteration 32
IPF row error: 64.338292, col error: 0.000000
Starting Iterative Proportional Fitting (IPF)...
IPF converged at iteration 27
IPF row error: 31.117259, col error: 0.000000
Starting Iterative Proportional Fitting (IPF)...
IPF converged at iteration 32
IPF row error: 64.338292, col error: 0.000000
IPF converged at iteration 33
IPF row error: 63.071060, col error: 0.000000
Starting Iterative Proportional Fitting (IPF)...
Starting Iterative Proportional Fitting (IPF)...
IPF converged at iteration 32
IPF row error: 64.338292, col error: 0.000000
Starting Iterative Proportional Fitting (IPF)...
IPF converged at iteration 32
IPF row error: 64.338292, col error: 0.000000
Starting Iterative Proportional Fitting (IPF)...
IPF converged at iteration 28
IPF row error: 119.911939, col error: 0.000000
  [2023/test] 진행 660/1750 (37.7%) | 누적 CPC 0.6559 | RMSE 331.0298 | %RMSE 6.6498 | 경과 7.5분 | 예상 남음 12.4분
Starting Iterative Proportional Fitting (IPF)...
IPF converged at iteration 28
IPF row error: 97.656304, col error: 0.000000
Starting Iterative Proportional Fitting (IPF)...
IPF converged at iteration 43
IPF row error: 6.462355, col error: 0.000000
Starting Iterative Proportional Fitting (IPF)...
IPF converged at iteration 32
IPF row error: 64.338292, col error: 0.000000
Starting Iterative Proportional Fitting (IPF)...
IPF converged at iteration 28
IPF row error: 203.678541, col error: 0.000000
Starting Iterative Proportional Fitting (IPF)...
IPF converged at iteration 32
IPF row error: 64.338292, col error: 0.000000
Starting Iterative Proportional Fitting (IPF)...
IPF converged at iteration 32
IPF row error: 64.338292, col error: 0.000000
Starting Iterative Proportional Fitting (IPF)...
IPF converged at iteration 29
IPF row error: 95.310323, col error: 0.000000
Starting Iterative Proportional Fitting (IPF)...
IPF converged at iteration 32
IPF row error: 70.393032, col error: 0.000000
Starting Iterative Proportional Fitting (IPF)...
IPF converged at iteration 31
IPF row error: 73.005246, col error: 0.000000
Starting Iterative Proportional Fitting (IPF)...
IPF converged at iteration 32
IPF row error: 64.338292, col error: 0.000000
Starting Iterative Proportional Fitting (IPF)...
IPF converged at iteration 32
IPF row error: 83.607155, col error: 0.000000
Starting Iterative Proportional Fitting (IPF)...
IPF converged at iteration 33
IPF row error: 42.570710, col error: 0.000000
Starting Iterative Proportional Fitting (IPF)...
IPF converged at iteration 32
IPF row error: 64.338292, col error: 0.000000
IPF converged at iteration 29
Starting Iterative Proportional Fitting (IPF)...
IPF row error: 88.863168, col error: 0.000000
Starting Iterative Proportional Fitting (IPF)...
IPF converged at iteration 31
IPF row error: 70.426547, col error: 0.000000
Starting Iterative Proportional Fitting (IPF)...
IPF converged at iteration 32
IPF row error: 64.338292, col error: 0.000000
Starting Iterative Proportional Fitting (IPF)...
IPF converged at iteration 32
IPF row error: 64.338292, col error: 0.000000
IPF converged at iteration 31
IPF row error: 76.874021, col error: 0.000000
Starting Iterative Proportional Fitting (IPF)...
Starting Iterative Proportional Fitting (IPF)...
IPF converged at iteration 45
IPF row error: 4.082197, col error: 0.000000
Starting Iterative Proportional Fitting (IPF)...
IPF converged at iteration 32
IPF row error: 64.338292, col error: 0.000000
Starting Iterative Proportional Fitting (IPF)...
IPF converged at iteration 46
IPF row error: 2.989474, col error: 0.000000
IPF converged at iteration 56
IPF row error: 1.230294, col error: 0.000000
Starting Iterative Proportional Fitting (IPF)...
Starting Iterative Proportional Fitting (IPF)...
IPF converged at iteration 29
IPF row error: 85.297485, col error: 0.000000
Starting Iterative Proportional Fitting (IPF)...
IPF converged at iteration 29
IPF row error: 95.892455, col error: 0.000000
Starting Iterative Proportional Fitting (IPF)...
IPF converged at iteration 32
IPF row error: 72.317854, col error: 0.000000
Starting Iterative Proportional Fitting (IPF)...
IPF converged at iteration 40
IPF row error: 12.037676, col error: 0.000000
IPF converged at iteration 32
IPF row error: 76.814753, col error: 0.000000
Starting Iterative Proportional Fitting (IPF)...
Starting Iterative Proportional Fitting (IPF)...
IPF converged at iteration 36
IPF row error: 28.303062, col error: 0.000000
Starting Iterative Proportional Fitting (IPF)...
IPF converged at iteration 32
IPF row error: 64.338292, col error: 0.000000
Starting Iterative Proportional Fitting (IPF)...
IPF converged at iteration 32
IPF row error: 64.338292, col error: 0.000000
  [2023/test] 진행 690/1750 (39.4%) | 누적 CPC 0.6565 | RMSE 349.1194 | %RMSE 6.7856 | 경과 7.9분 | 예상 남음 12.1분
Starting Iterative Proportional Fitting (IPF)...
IPF converged at iteration 27
IPF row error: 108.443913, col error: 0.000000
Starting Iterative Proportional Fitting (IPF)...
IPF converged at iteration 50
IPF row error: 1.231533, col error: 0.000000
Starting Iterative Proportional Fitting (IPF)...
IPF converged at iteration 32
IPF row error: 64.338292, col error: 0.000000
IPF converged at iteration 28
IPF row error: 143.482134, col error: 0.000000
Starting Iterative Proportional Fitting (IPF)...
Starting Iterative Proportional Fitting (IPF)...
IPF converged at iteration 30
IPF row error: 141.545015, col error: 0.000000
Starting Iterative Proportional Fitting (IPF)...
IPF converged at iteration 32
IPF row error: 64.338292, col error: 0.000000
Starting Iterative Proportional Fitting (IPF)...
IPF converged at iteration 32
IPF row error: 64.338292, col error: 0.000000
Starting Iterative Proportional Fitting (IPF)...
IPF converged at iteration 25
IPF row error: 145.426383, col error: 0.000000
Starting Iterative Proportional Fitting (IPF)...
IPF converged at iteration 54
IPF row error: 1.443242, col error: 0.000000
IPF converged at iteration 32
IPF row error: 64.338292, col error: 0.000000
Starting Iterative Proportional Fitting (IPF)...
Starting Iterative Proportional Fitting (IPF)...
IPF converged at iteration 43
IPF row error: 5.273477, col error: 0.000000
Starting Iterative Proportional Fitting (IPF)...
IPF converged at iteration 39
IPF row error: 12.463481, col error: 0.000000
Starting Iterative Proportional Fitting (IPF)...
IPF converged at iteration 31
IPF row error: 75.298466, col error: 0.000000
Starting Iterative Proportional Fitting (IPF)...
IPF converged at iteration 39
IPF row error: 12.348355, col error: 0.000000
Starting Iterative Proportional Fitting (IPF)...
IPF converged at iteration 32
IPF row error: 61.204285, col error: 0.000000
Starting Iterative Proportional Fitting (IPF)...
IPF converged at iteration 43
IPF row error: 4.999613, col error: 0.000000
Starting Iterative Proportional Fitting (IPF)...
IPF converged at iteration 39
IPF row error: 12.377792, col error: 0.000000
IPF converged at iteration 35
IPF row error: 34.479217, col error: 0.000000
Starting Iterative Proportional Fitting (IPF)...
Starting Iterative Proportional Fitting (IPF)...
IPF converged at iteration 28
IPF row error: 114.924878, col error: 0.000000
Starting Iterative Proportional Fitting (IPF)...
IPF converged at iteration 43
IPF row error: 4.982473, col error: 0.000000
Starting Iterative Proportional Fitting (IPF)...
IPF converged at iteration 39
IPF row error: 12.415655, col error: 0.000000
Starting Iterative Proportional Fitting (IPF)...
IPF converged at iteration 52
IPF row error: 1.300652, col error: 0.000000
Starting Iterative Proportional Fitting (IPF)...
IPF converged at iteration 26
IPF row error: 141.878118, col error: 0.000000
Starting Iterative Proportional Fitting (IPF)...
IPF converged at iteration 39
IPF row error: 12.442243, col error: 0.000000
Starting Iterative Proportional Fitting (IPF)...
IPF converged at iteration 39
IPF row error: 12.496902, col error: 0.000000
Starting Iterative Proportional Fitting (IPF)...
IPF converged at iteration 28
IPF row error: 138.228561, col error: 0.000000
Starting Iterative Proportional Fitting (IPF)...
IPF converged at iteration 39
IPF row error: 12.463481, col error: 0.000000
Starting Iterative Proportional Fitting (IPF)...
IPF converged at iteration 39
IPF row error: 12.408496, col error: 0.000000
Starting Iterative Proportional Fitting (IPF)...
IPF converged at iteration 30
IPF row error: 83.022438, col error: 0.000000
Starting Iterative Proportional Fitting (IPF)...
IPF converged at iteration 39
IPF row error: 12.351923, col error: 0.000000
  [2023/test] 진행 720/1750 (41.1%) | 누적 CPC 0.6464 | RMSE 389.0665 | %RMSE 7.0562 | 경과 8.3분 | 예상 남음 11.8분
Starting Iterative Proportional Fitting (IPF)...
IPF converged at iteration 39
IPF row error: 12.377792, col error: 0.000000
IPF converged at iteration 30
IPF row error: 77.098825, col error: 0.000000
Starting Iterative Proportional Fitting (IPF)...
Starting Iterative Proportional Fitting (IPF)...
IPF converged at iteration 31
IPF row error: 79.031425, col error: 0.000000
Starting Iterative Proportional Fitting (IPF)...
IPF converged at iteration 28
IPF row error: 100.739977, col error: 0.000000
Starting Iterative Proportional Fitting (IPF)...
IPF converged at iteration 43
IPF row error: 4.982473, col error: 0.000000
Starting Iterative Proportional Fitting (IPF)...
IPF converged at iteration 29
IPF row error: 101.876111, col error: 0.000000
IPF converged at iteration 43
IPF row error: 4.991039, col error: 0.000000
Starting Iterative Proportional Fitting (IPF)...
Starting Iterative Proportional Fitting (IPF)...
IPF converged at iteration 28
IPF row error: 30.869791, col error: 0.000000
IPF converged at iteration 43
IPF row error: 4.996714, col error: 0.000000
Starting Iterative Proportional Fitting (IPF)...
Starting Iterative Proportional Fitting (IPF)...
IPF converged at iteration 39
IPF row error: 12.515111, col error: 0.000000
Starting Iterative Proportional Fitting (IPF)...
IPF converged at iteration 39
IPF row error: 12.412808, col error: 0.000000
Starting Iterative Proportional Fitting (IPF)...
IPF converged at iteration 39
IPF row error: 12.396133, col error: 0.000000
IPF converged at iteration 39
IPF row error: 12.351923, col error: 0.000000
Starting Iterative Proportional Fitting (IPF)...
Starting Iterative Proportional Fitting (IPF)...
IPF converged at iteration 30
IPF row error: 79.003230, col error: 0.000000
IPF converged at iteration 39
IPF row error: 12.463481, col error: 0.000000
Starting Iterative Proportional Fitting (IPF)...
Starting Iterative Proportional Fitting (IPF)...
IPF converged at iteration 29
IPF row error: 79.817845, col error: 0.000000
Starting Iterative Proportional Fitting (IPF)...
IPF converged at iteration 29
IPF row error: 100.494369, col error: 0.000000
Starting Iterative Proportional Fitting (IPF)...
IPF converged at iteration 39
IPF row error: 12.463470, col error: 0.000000
Starting Iterative Proportional Fitting (IPF)...
IPF converged at iteration 52
IPF row error: 1.318043, col error: 0.000000
Starting Iterative Proportional Fitting (IPF)...
IPF converged at iteration 39
IPF row error: 12.396133, col error: 0.000000
Starting Iterative Proportional Fitting (IPF)...
IPF converged at iteration 39
IPF row error: 12.263283, col error: 0.000000
Starting Iterative Proportional Fitting (IPF)...
IPF converged at iteration 39
IPF row error: 12.348355, col error: 0.000000
Starting Iterative Proportional Fitting (IPF)...
IPF converged at iteration 39
IPF row error: 12.463470, col error: 0.000000
Starting Iterative Proportional Fitting (IPF)...
IPF converged at iteration 29
IPF row error: 97.177686, col error: 0.000000
IPF converged at iteration 29
Starting Iterative Proportional Fitting (IPF)...
IPF converged at iteration 39
IPF row error: 89.662128, col error: 0.000000
IPF row error: 12.377792, col error: 0.000000
Starting Iterative Proportional Fitting (IPF)...
Starting Iterative Proportional Fitting (IPF)...
IPF converged at iteration 43
IPF converged at iteration 32
IPF row error: 4.996714, col error: 0.000000
IPF row error: 68.455945, col error: 0.000000
Starting Iterative Proportional Fitting (IPF)...
Starting Iterative Proportional Fitting (IPF)...
IPF converged at iteration 39
IPF row error: 12.496902, col error: 0.000000
IPF converged at iteration 39
IPF row error: 12.391128, col error: 0.000000
  [2023/test] 진행 750/1750 (42.9%) | 누적 CPC 0.6322 | RMSE 437.4779 | %RMSE 7.3833 | 경과 8.6분 | 예상 남음 11.5분
Starting Iterative Proportional Fitting (IPF)...
Starting Iterative Proportional Fitting (IPF)...
IPF converged at iteration 25
IPF row error: 52.500968, col error: 0.000000
Starting Iterative Proportional Fitting (IPF)...
IPF converged at iteration 39
IPF row error: 13.978005, col error: 0.000000
IPF converged at iteration 29
IPF row error: 95.062566, col error: 0.000000
Starting Iterative Proportional Fitting (IPF)...
Starting Iterative Proportional Fitting (IPF)...
IPF converged at iteration 43
IPF row error: 5.072085, col error: 0.000000
Starting Iterative Proportional Fitting (IPF)...
IPF converged at iteration 31
IPF row error: 78.045546, col error: 0.000000
IPF converged at iteration 51
Starting Iterative Proportional Fitting (IPF)...
IPF row error: 1.345439, col error: 0.000000
Starting Iterative Proportional Fitting (IPF)...
IPF converged at iteration 43
IPF row error: 5.057340, col error: 0.000000
Starting Iterative Proportional Fitting (IPF)...
IPF converged at iteration 43
IPF row error: 5.076213, col error: 0.000000
Starting Iterative Proportional Fitting (IPF)...
IPF converged at iteration 31
IPF row error: 77.105349, col error: 0.000000
Starting Iterative Proportional Fitting (IPF)...
IPF converged at iteration 43
IPF row error: 5.067487, col error: 0.000000
Starting Iterative Proportional Fitting (IPF)...
IPF converged at iteration 45
IPF row error: 3.739295, col error: 0.000000
Starting Iterative Proportional Fitting (IPF)...
IPF converged at iteration 28
IPF row error: 106.215519, col error: 0.000000
IPF converged at iteration 43
IPF row error: 5.067487, col error: 0.000000
Starting Iterative Proportional Fitting (IPF)...
Starting Iterative Proportional Fitting (IPF)...
IPF converged at iteration 31
IPF row error: 80.267510, col error: 0.000000
Starting Iterative Proportional Fitting (IPF)...
IPF converged at iteration 28
IPF row error: 95.811245, col error: 0.000000
Starting Iterative Proportional Fitting (IPF)...
IPF converged at iteration 31
IPF row error: 200.051166, col error: 0.000000
Starting Iterative Proportional Fitting (IPF)...
IPF converged at iteration 43
IPF row error: 5.078667, col error: 0.000000
Starting Iterative Proportional Fitting (IPF)...
IPF converged at iteration 40
IPF row error: 11.056700, col error: 0.000000
Starting Iterative Proportional Fitting (IPF)...
IPF converged at iteration 43
IPF row error: 5.072085, col error: 0.000000
Starting Iterative Proportional Fitting (IPF)...
IPF converged at iteration 43
IPF converged at iteration 28
IPF row error: 5.063600, col error: 0.000000
IPF row error: 94.801447, col error: 0.000000
Starting Iterative Proportional Fitting (IPF)...
Starting Iterative Proportional Fitting (IPF)...
IPF converged at iteration 43
IPF row error: 5.086007, col error: 0.000000
Starting Iterative Proportional Fitting (IPF)...
IPF converged at iteration 30
IPF row error: 107.222504, col error: 0.000000
IPF converged at iteration 43
IPF row error: 5.080839, col error: 0.000000
IPF converged at iteration 33
Starting Iterative Proportional Fitting (IPF)...
IPF row error: 36.617039, col error: 0.000000
Starting Iterative Proportional Fitting (IPF)...
Starting Iterative Proportional Fitting (IPF)...
IPF converged at iteration 29
IPF row error: 85.678456, col error: 0.000000
IPF converged at iteration 29
IPF row error: 100.343106, col error: 0.000000
Starting Iterative Proportional Fitting (IPF)...
IPF converged at iteration 43
IPF row error: 5.056490, col error: 0.000000
Starting Iterative Proportional Fitting (IPF)...
Starting Iterative Proportional Fitting (IPF)...
IPF converged at iteration 49
IPF row error: 1.348979, col error: 0.000000
Starting Iterative Proportional Fitting (IPF)...
IPF converged at iteration 29
IPF converged at iteration 29
IPF row error: 94.374204, col error: 0.000000
  [2023/test] 진행 780/1750 (44.6%) | 누적 CPC 0.6173 | RMSE 461.5133 | %RMSE 7.5682 | 경과 9.0분 | 예상 남음 11.2분
IPF row error: 94.566841, col error: 0.000000
Starting Iterative Proportional Fitting (IPF)...
Starting Iterative Proportional Fitting (IPF)...
IPF converged at iteration 43
IPF row error: 5.020331, col error: 0.000000
Starting Iterative Proportional Fitting (IPF)...
IPF converged at iteration 40
IPF row error: 10.144542, col error: 0.000000
Starting Iterative Proportional Fitting (IPF)...
IPF converged at iteration 28
IPF row error: 119.266350, col error: 0.000000
IPF converged at iteration 31
IPF row error: 78.229704, col error: 0.000000
Starting Iterative Proportional Fitting (IPF)...
Starting Iterative Proportional Fitting (IPF)...
IPF converged at iteration 29
IPF row error: 142.927931, col error: 0.000000
Starting Iterative Proportional Fitting (IPF)...
IPF converged at iteration 43
IPF row error: 5.065205, col error: 0.000000
IPF converged at iteration 30
IPF row error: 87.574262, col error: 0.000000
Starting Iterative Proportional Fitting (IPF)...
Starting Iterative Proportional Fitting (IPF)...
IPF converged at iteration 49
IPF row error: 1.359767, col error: 0.000000
IPF converged at iteration 28
IPF row error: 107.637898, col error: 0.000000
Starting Iterative Proportional Fitting (IPF)...
Starting Iterative Proportional Fitting (IPF)...
IPF converged at iteration 31
IPF row error: 170.816289, col error: 0.000000
Starting Iterative Proportional Fitting (IPF)...
IPF converged at iteration 43
IPF row error: 5.073437, col error: 0.000000
Starting Iterative Proportional Fitting (IPF)...
IPF converged at iteration 27
IPF row error: 73.060798, col error: 0.000000
Starting Iterative Proportional Fitting (IPF)...
IPF converged at iteration 29
IPF row error: 118.477835, col error: 0.000000
Starting Iterative Proportional Fitting (IPF)...
IPF converged at iteration 43
IPF row error: 5.086007, col error: 0.000000
Starting Iterative Proportional Fitting (IPF)...
IPF converged at iteration 43
IPF row error: 5.057340, col error: 0.000000
IPF converged at iteration 51
IPF row error: 1.345439, col error: 0.000000
Starting Iterative Proportional Fitting (IPF)...
IPF converged at iteration 43
IPF row error: 5.063600, col error: 0.000000
Starting Iterative Proportional Fitting (IPF)...
Starting Iterative Proportional Fitting (IPF)...
IPF converged at iteration 25
IPF row error: 191.724093, col error: 0.000000
Starting Iterative Proportional Fitting (IPF)...
IPF converged at iteration 50
IPF row error: 5.119641, col error: 0.000000
Starting Iterative Proportional Fitting (IPF)...
IPF converged at iteration 43
IPF row error: 5.073437, col error: 0.000000
Starting Iterative Proportional Fitting (IPF)...
IPF converged at iteration 44
IPF row error: 4.594026, col error: 0.000000
Starting Iterative Proportional Fitting (IPF)...
IPF converged at iteration 25
IPF row error: 188.927512, col error: 0.000000
Starting Iterative Proportional Fitting (IPF)...
IPF converged at iteration 27IPF converged at iteration 49

IPF row error: 1.521174, col error: 0.000000
IPF row error: 136.750043, col error: 0.000000
Starting Iterative Proportional Fitting (IPF)...
Starting Iterative Proportional Fitting (IPF)...
IPF converged at iteration 48
IPF row error: 1.862689, col error: 0.000000
Starting Iterative Proportional Fitting (IPF)...
IPF converged at iteration 29
IPF row error: 101.273148, col error: 0.000000
Starting Iterative Proportional Fitting (IPF)...
IPF converged at iteration 48
IPF row error: 1.759339, col error: 0.000000
Starting Iterative Proportional Fitting (IPF)...
IPF converged at iteration 48
IPF converged at iteration 47
IPF row error: 1.785145, col error: 0.000000
IPF row error: 2.610215, col error: 0.000000
  [2023/test] 진행 810/1750 (46.3%) | 누적 CPC 0.6035 | RMSE 479.6245 | %RMSE 7.7679 | 경과 9.4분 | 예상 남음 10.9분
Starting Iterative Proportional Fitting (IPF)...
Starting Iterative Proportional Fitting (IPF)...
IPF converged at iteration 30
IPF row error: 212.488566, col error: 0.000000
Starting Iterative Proportional Fitting (IPF)...
IPF converged at iteration 44
IPF row error: 4.405844, col error: 0.000000
IPF converged at iteration 31
IPF converged at iteration 32
IPF row error: 209.773720, col error: 0.000000
IPF row error: 13.840130, col error: 0.000000
Starting Iterative Proportional Fitting (IPF)...
Starting Iterative Proportional Fitting (IPF)...
Starting Iterative Proportional Fitting (IPF)...
IPF converged at iteration 26
IPF row error: 45.819758, col error: 0.000000
Starting Iterative Proportional Fitting (IPF)...
IPF converged at iteration 30
IPF row error: 77.175092, col error: 0.000000
Starting Iterative Proportional Fitting (IPF)...
IPF converged at iteration 48
IPF row error: 1.846459, col error: 0.000000
Starting Iterative Proportional Fitting (IPF)...
IPF converged at iteration 48
IPF row error: 1.844355, col error: 0.000000
Starting Iterative Proportional Fitting (IPF)...
IPF converged at iteration 30
IPF converged at iteration 48
IPF row error: 85.423430, col error: 0.000000
IPF row error: 1.862689, col error: 0.000000
IPF converged at iteration 54
IPF row error: 1.230780, col error: 0.000000
IPF converged at iteration 44
Starting Iterative Proportional Fitting (IPF)...
Starting Iterative Proportional Fitting (IPF)...
IPF row error: 4.434831, col error: 0.000000
Starting Iterative Proportional Fitting (IPF)...
Starting Iterative Proportional Fitting (IPF)...
IPF converged at iteration 32
IPF converged at iteration 32
IPF row error: 67.911749, col error: 0.000000
IPF row error: 67.864740, col error: 0.000000
IPF converged at iteration 31
IPF row error: 79.213506, col error: 0.000000
Starting Iterative Proportional Fitting (IPF)...
Starting Iterative Proportional Fitting (IPF)...
Starting Iterative Proportional Fitting (IPF)...
IPF converged at iteration 48
IPF row error: 1.844355, col error: 0.000000
Starting Iterative Proportional Fitting (IPF)...
IPF converged at iteration 27
IPF row error: 116.769149, col error: 0.000000
IPF converged at iteration 31
IPF row error: 81.545928, col error: 0.000000
Starting Iterative Proportional Fitting (IPF)...
Starting Iterative Proportional Fitting (IPF)...
IPF converged at iteration 53
IPF row error: 1.437222, col error: 0.000000
Starting Iterative Proportional Fitting (IPF)...
IPF converged at iteration 44
IPF row error: 4.411334, col error: 0.000000
Starting Iterative Proportional Fitting (IPF)...
IPF converged at iteration 54
IPF converged at iteration 31
IPF converged at iteration 53
IPF row error: 1.223246, col error: 0.000000
IPF row error: 85.831190, col error: 0.000000
IPF row error: 1.215570, col error: 0.000000
Starting Iterative Proportional Fitting (IPF)...
Starting Iterative Proportional Fitting (IPF)...
Starting Iterative Proportional Fitting (IPF)...
IPF converged at iteration 23
IPF converged at iteration 48
IPF row error: 88.560567, col error: 0.000000
IPF row error: 1.785145, col error: 0.000000
Starting Iterative Proportional Fitting (IPF)...
Starting Iterative Proportional Fitting (IPF)...
IPF converged at iteration 48IPF converged at iteration 49

IPF row error: 1.862689, col error: 0.000000
IPF row error: 1.507444, col error: 0.000000
Starting Iterative Proportional Fitting (IPF)...
Starting Iterative Proportional Fitting (IPF)...
IPF converged at iteration 28
IPF row error: 126.694949, col error: 0.000000
Starting Iterative Proportional Fitting (IPF)...
IPF converged at iteration 32
IPF row error: 70.353354, col error: 0.000000
Starting Iterative Proportional Fitting (IPF)...
IPF converged at iteration 28
IPF row error: 127.774741, col error: 0.000000
  [2023/test] 진행 840/1750 (48.0%) | 누적 CPC 0.5921 | RMSE 487.4426 | %RMSE 7.9912 | 경과 9.8분 | 예상 남음 10.6분
Starting Iterative Proportional Fitting (IPF)...
IPF converged at iteration 29
IPF row error: 117.426710, col error: 0.000000
IPF converged at iteration 44
IPF row error: 4.594026, col error: 0.000000
Starting Iterative Proportional Fitting (IPF)...
Starting Iterative Proportional Fitting (IPF)...
IPF converged at iteration 48
IPF row error: 1.844355, col error: 0.000000
Starting Iterative Proportional Fitting (IPF)...
IPF converged at iteration 48
IPF row error: 1.849362, col error: 0.000000
Starting Iterative Proportional Fitting (IPF)...
IPF converged at iteration 31
IPF row error: 66.930153, col error: 0.000000
IPF converged at iteration 48
IPF row error: 1.827853, col error: 0.000000
Starting Iterative Proportional Fitting (IPF)...
Starting Iterative Proportional Fitting (IPF)...
IPF converged at iteration 54
IPF row error: 1.234334, col error: 0.000000
Starting Iterative Proportional Fitting (IPF)...
IPF converged at iteration 49
IPF row error: 1.521174, col error: 0.000000
Starting Iterative Proportional Fitting (IPF)...
IPF converged at iteration 48
IPF row error: 1.759339, col error: 0.000000
IPF converged at iteration 54
IPF row error: 1.234334, col error: 0.000000
Starting Iterative Proportional Fitting (IPF)...
Starting Iterative Proportional Fitting (IPF)...
IPF converged at iteration 51
IPF row error: 1.207815, col error: 0.000000
Starting Iterative Proportional Fitting (IPF)...
IPF converged at iteration 31
IPF row error: 73.700760, col error: 0.000000
IPF converged at iteration 30
IPF row error: 83.257953, col error: 0.000000
Starting Iterative Proportional Fitting (IPF)...
Starting Iterative Proportional Fitting (IPF)...
IPF converged at iteration 53
IPF row error: 1.229143, col error: 0.000000
Starting Iterative Proportional Fitting (IPF)...
IPF converged at iteration 50
IPF row error: 5.551282, col error: 0.000000
Starting Iterative Proportional Fitting (IPF)...
IPF converged at iteration 30
IPF row error: 91.174275, col error: 0.000000
Starting Iterative Proportional Fitting (IPF)...
IPF converged at iteration 29
IPF row error: 78.582051, col error: 0.000000
Starting Iterative Proportional Fitting (IPF)...
IPF converged at iteration 47
IPF row error: 2.209635, col error: 0.000000
Starting Iterative Proportional Fitting (IPF)...
IPF converged at iteration 32
IPF row error: 73.858657, col error: 0.000000
Starting Iterative Proportional Fitting (IPF)...
IPF converged at iteration 28
IPF row error: 104.581425, col error: 0.000000
Starting Iterative Proportional Fitting (IPF)...
IPF converged at iteration 28
IPF row error: 103.969777, col error: 0.000000
Starting Iterative Proportional Fitting (IPF)...
IPF converged at iteration 56
IPF row error: 1.307589, col error: 0.000000
Starting Iterative Proportional Fitting (IPF)...
IPF converged at iteration 34
IPF row error: 40.777821, col error: 0.000000
IPF converged at iteration 29
IPF row error: 116.835885, col error: 0.000000
Starting Iterative Proportional Fitting (IPF)...
IPF converged at iteration 25
IPF row error: 174.182300, col error: 0.000000
Starting Iterative Proportional Fitting (IPF)...
Starting Iterative Proportional Fitting (IPF)...
IPF converged at iteration 50
IPF row error: 1.433885, col error: 0.000000
Starting Iterative Proportional Fitting (IPF)...
IPF converged at iteration 31
IPF converged at iteration 28
IPF row error: 73.748562, col error: 0.000000
IPF row error: 92.036027, col error: 0.000000
Starting Iterative Proportional Fitting (IPF)...
Starting Iterative Proportional Fitting (IPF)...
IPF converged at iteration 50
IPF row error: 1.436339, col error: 0.000000
Starting Iterative Proportional Fitting (IPF)...
IPF converged at iteration 53
IPF row error: 1.250355, col error: 0.000000
  [2023/test] 진행 870/1750 (49.7%) | 누적 CPC 0.5812 | RMSE 484.2645 | %RMSE 8.0571 | 경과 10.2분 | 예상 남음 10.4분
Starting Iterative Proportional Fitting (IPF)...
IPF converged at iteration 32
IPF converged at iteration 32
IPF row error: 68.144168, col error: 0.000000
IPF row error: 55.789653, col error: 0.000000
Starting Iterative Proportional Fitting (IPF)...Starting Iterative Proportional Fitting (IPF)...

IPF converged at iteration 50
IPF row error: 1.431516, col error: 0.000000
IPF converged at iteration 32
IPF row error: 71.333801, col error: 0.000000
Starting Iterative Proportional Fitting (IPF)...
Starting Iterative Proportional Fitting (IPF)...
IPF converged at iteration 50
IPF row error: 1.420220, col error: 0.000000
Starting Iterative Proportional Fitting (IPF)...
IPF converged at iteration 50
IPF row error: 1.434760, col error: 0.000000
Starting Iterative Proportional Fitting (IPF)...
IPF converged at iteration 30
IPF row error: 73.705822, col error: 0.000000
IPF converged at iteration 33
IPF row error: 49.244128, col error: 0.000000
Starting Iterative Proportional Fitting (IPF)...
Starting Iterative Proportional Fitting (IPF)...
IPF converged at iteration 50
IPF row error: 1.431371, col error: 0.000000
Starting Iterative Proportional Fitting (IPF)...
IPF converged at iteration 56
IPF row error: 1.328608, col error: 0.000000
Starting Iterative Proportional Fitting (IPF)...
IPF converged at iteration 50
IPF row error: 1.440813, col error: 0.000000
IPF converged at iteration 50
IPF row error: 1.428496, col error: 0.000000
Starting Iterative Proportional Fitting (IPF)...
Starting Iterative Proportional Fitting (IPF)...
IPF converged at iteration 50
IPF row error: 1.269216, col error: 0.000000
IPF converged at iteration 30
IPF row error: 84.676647, col error: 0.000000
IPF converged at iteration 32
Starting Iterative Proportional Fitting (IPF)...IPF row error: 52.490296, col error: 0.000000

Starting Iterative Proportional Fitting (IPF)...
Starting Iterative Proportional Fitting (IPF)...
IPF converged at iteration 53
IPF row error: 1.229143, col error: 0.000000
Starting Iterative Proportional Fitting (IPF)...
IPF converged at iteration 29
IPF row error: 94.510046, col error: 0.000000
Starting Iterative Proportional Fitting (IPF)...
IPF converged at iteration 56
IPF converged at iteration 44
IPF row error: 1.328608, col error: 0.000000
IPF row error: 4.087370, col error: 0.000000
IPF converged at iteration 56
IPF row error: 1.307589, col error: 0.000000
Starting Iterative Proportional Fitting (IPF)...Starting Iterative Proportional Fitting (IPF)...

Starting Iterative Proportional Fitting (IPF)...
IPF converged at iteration 53
IPF row error: 1.250355, col error: 0.000000
IPF converged at iteration 28
IPF row error: 91.593463, col error: 0.000000
Starting Iterative Proportional Fitting (IPF)...
Starting Iterative Proportional Fitting (IPF)...
IPF converged at iteration 39
IPF row error: 14.710458, col error: 0.000000
Starting Iterative Proportional Fitting (IPF)...
IPF converged at iteration 56
IPF row error: 1.323142, col error: 0.000000
Starting Iterative Proportional Fitting (IPF)...
IPF converged at iteration 29
IPF row error: 95.439857, col error: 0.000000
Starting Iterative Proportional Fitting (IPF)...
IPF converged at iteration 39
IPF row error: 13.151188, col error: 0.000000
Starting Iterative Proportional Fitting (IPF)...
IPF converged at iteration 53
IPF row error: 1.250355, col error: 0.000000
Starting Iterative Proportional Fitting (IPF)...
IPF converged at iteration 50
IPF row error: 1.432315, col error: 0.000000
IPF converged at iteration 45
IPF row error: 3.488923, col error: 0.000000
Starting Iterative Proportional Fitting (IPF)...
Starting Iterative Proportional Fitting (IPF)...
IPF converged at iteration 50
IPF row error: 1.433927, col error: 0.000000
  [2023/test] 진행 900/1750 (51.4%) | 누적 CPC 0.5707 | RMSE 476.6107 | %RMSE 8.0555 | 경과 10.7분 | 예상 남음 10.1분
Starting Iterative Proportional Fitting (IPF)...
IPF converged at iteration 44
IPF row error: 4.517419, col error: 0.000000
IPF converged at iteration 32
Starting Iterative Proportional Fitting (IPF)...
IPF row error: 81.960859, col error: 0.000000
Starting Iterative Proportional Fitting (IPF)...
IPF converged at iteration 44
IPF row error: 4.364054, col error: 0.000000
Starting Iterative Proportional Fitting (IPF)...
IPF converged at iteration 41
IPF row error: 8.757894, col error: 0.000000
Starting Iterative Proportional Fitting (IPF)...
IPF converged at iteration 23
IPF row error: 79.400983, col error: 0.000000
Starting Iterative Proportional Fitting (IPF)...
IPF converged at iteration 44
IPF row error: 4.370413, col error: 0.000000
IPF converged at iteration 44
IPF row error: 4.536634, col error: 0.000000
Starting Iterative Proportional Fitting (IPF)...
Starting Iterative Proportional Fitting (IPF)...
IPF converged at iteration 45
IPF row error: 4.219349, col error: 0.000000
Starting Iterative Proportional Fitting (IPF)...
IPF converged at iteration 42
IPF row error: 7.200594, col error: 0.000000
Starting Iterative Proportional Fitting (IPF)...
IPF converged at iteration 47IPF converged at iteration 50

IPF row error: 1.336478, col error: 0.000000
IPF row error: 2.419076, col error: 0.000000
Starting Iterative Proportional Fitting (IPF)...
Starting Iterative Proportional Fitting (IPF)...
IPF converged at iteration 30
IPF row error: 94.496525, col error: 0.000000
Starting Iterative Proportional Fitting (IPF)...
IPF converged at iteration 29
IPF row error: 101.069357, col error: 0.000000
IPF converged at iteration 31
IPF row error: 82.147501, col error: 0.000000
Starting Iterative Proportional Fitting (IPF)...
Starting Iterative Proportional Fitting (IPF)...
IPF converged at iteration 50
IPF row error: 1.336478, col error: 0.000000
Starting Iterative Proportional Fitting (IPF)...
IPF converged at iteration 51
IPF row error: 1.223536, col error: 0.000000
Starting Iterative Proportional Fitting (IPF)...
IPF converged at iteration 44
IPF row error: 4.298752, col error: 0.000000
Starting Iterative Proportional Fitting (IPF)...
IPF converged at iteration 51
IPF converged at iteration 44
IPF row error: 1.221512, col error: 0.000000
IPF row error: 4.408651, col error: 0.000000
Starting Iterative Proportional Fitting (IPF)...
Starting Iterative Proportional Fitting (IPF)...
IPF converged at iteration 32
IPF row error: 68.576267, col error: 0.000000
Starting Iterative Proportional Fitting (IPF)...
IPF converged at iteration 28
IPF row error: 116.228886, col error: 0.000000
Starting Iterative Proportional Fitting (IPF)...
IPF converged at iteration 45
IPF row error: 4.251435, col error: 0.000000
IPF converged at iteration 31
IPF row error: 81.946300, col error: 0.000000
Starting Iterative Proportional Fitting (IPF)...
IPF converged at iteration 44
IPF row error: 4.551401, col error: 0.000000
Starting Iterative Proportional Fitting (IPF)...
Starting Iterative Proportional Fitting (IPF)...
IPF converged at iteration 29
IPF converged at iteration 44
IPF row error: 145.635216, col error: 0.000000
IPF row error: 4.417275, col error: 0.000000
Starting Iterative Proportional Fitting (IPF)...
Starting Iterative Proportional Fitting (IPF)...
IPF converged at iteration 48
IPF row error: 1.789663, col error: 0.000000
IPF converged at iteration 44
IPF row error: 5.338950, col error: 0.000000
Starting Iterative Proportional Fitting (IPF)...
Starting Iterative Proportional Fitting (IPF)...
IPF converged at iteration 26
IPF row error: 41.457046, col error: 0.000000
Starting Iterative Proportional Fitting (IPF)...
IPF converged at iteration 32
IPF row error: 73.154114, col error: 0.000000
  [2023/test] 진행 930/1750 (53.1%) | 누적 CPC 0.5647 | RMSE 480.1885 | %RMSE 8.1792 | 경과 11.1분 | 예상 남음 9.8분
Starting Iterative Proportional Fitting (IPF)...
IPF converged at iteration 30
IPF row error: 76.614602, col error: 0.000000
Starting Iterative Proportional Fitting (IPF)...
IPF converged at iteration 26
IPF row error: 149.210259, col error: 0.000000
IPF converged at iteration 44
Starting Iterative Proportional Fitting (IPF)...
IPF row error: 4.416297, col error: 0.000000
Starting Iterative Proportional Fitting (IPF)...
IPF converged at iteration 29
IPF row error: 124.285668, col error: 0.000000
Starting Iterative Proportional Fitting (IPF)...
IPF converged at iteration 28
IPF row error: 107.118026, col error: 0.000000
Starting Iterative Proportional Fitting (IPF)...
IPF converged at iteration 30
IPF row error: 95.927895, col error: 0.000000
Starting Iterative Proportional Fitting (IPF)...
IPF converged at iteration 54
IPF row error: 1.364085, col error: 0.000000
IPF converged at iteration 44
IPF row error: 4.404198, col error: 0.000000
Starting Iterative Proportional Fitting (IPF)...
Starting Iterative Proportional Fitting (IPF)...
IPF converged at iteration 29
IPF row error: 103.045489, col error: 0.000000
IPF converged at iteration 44
Starting Iterative Proportional Fitting (IPF)...
IPF converged at iteration 27
IPF row error: 4.542655, col error: 0.000000
IPF row error: 125.013190, col error: 0.000000
Starting Iterative Proportional Fitting (IPF)...
Starting Iterative Proportional Fitting (IPF)...
IPF converged at iteration 44
IPF row error: 4.563983, col error: 0.000000
Starting Iterative Proportional Fitting (IPF)...
IPF converged at iteration 28
IPF converged at iteration 25
IPF row error: 120.364134, col error: 0.000000
IPF row error: 43.340293, col error: 0.000000
Starting Iterative Proportional Fitting (IPF)...
Starting Iterative Proportional Fitting (IPF)...
IPF converged at iteration 41
IPF row error: 10.338792, col error: 0.000000
Starting Iterative Proportional Fitting (IPF)...
IPF converged at iteration 38
IPF row error: 20.949110, col error: 0.000000
Starting Iterative Proportional Fitting (IPF)...
IPF converged at iteration 42
IPF row error: 7.209747, col error: 0.000000
IPF converged at iteration 44
IPF row error: 4.542655, col error: 0.000000
Starting Iterative Proportional Fitting (IPF)...
IPF converged at iteration 31
Starting Iterative Proportional Fitting (IPF)...
IPF row error: 90.099706, col error: 0.000000
Starting Iterative Proportional Fitting (IPF)...
IPF converged at iteration 44
IPF row error: 4.536634, col error: 0.000000
IPF converged at iteration 32
IPF row error: 67.408178, col error: 0.000000
Starting Iterative Proportional Fitting (IPF)...
Starting Iterative Proportional Fitting (IPF)...
IPF converged at iteration 47
IPF converged at iteration 52
IPF row error: 2.278486, col error: 0.000000
IPF row error: 1.228224, col error: 0.000000
Starting Iterative Proportional Fitting (IPF)...
Starting Iterative Proportional Fitting (IPF)...
IPF converged at iteration 28
IPF row error: 105.844715, col error: 0.000000
Starting Iterative Proportional Fitting (IPF)...
IPF converged at iteration 24
IPF row error: 81.681226, col error: 0.000000
IPF converged at iteration 46
IPF row error: 2.696538, col error: 0.000000
Starting Iterative Proportional Fitting (IPF)...
Starting Iterative Proportional Fitting (IPF)...
IPF converged at iteration 34
IPF row error: 44.480145, col error: 0.000000
Starting Iterative Proportional Fitting (IPF)...
IPF converged at iteration 46
IPF row error: 2.713509, col error: 0.000000
IPF converged at iteration 28
IPF row error: 104.251111, col error: 0.000000
Starting Iterative Proportional Fitting (IPF)...
Starting Iterative Proportional Fitting (IPF)...
IPF converged at iteration 30
IPF row error: 91.008751, col error: 0.000000
  [2023/test] 진행 960/1750 (54.9%) | 누적 CPC 0.5576 | RMSE 486.6958 | %RMSE 8.3085 | 경과 11.5분 | 예상 남음 9.4분
Starting Iterative Proportional Fitting (IPF)...
IPF converged at iteration 46
IPF row error: 2.709237, col error: 0.000000
Starting Iterative Proportional Fitting (IPF)...
IPF converged at iteration 27
IPF row error: 124.961626, col error: 0.000000
Starting Iterative Proportional Fitting (IPF)...
IPF converged at iteration 22
IPF row error: 100.371131, col error: 0.000000
IPF converged at iteration 42
IPF row error: 6.726344, col error: 0.000000
Starting Iterative Proportional Fitting (IPF)...
Starting Iterative Proportional Fitting (IPF)...
IPF converged at iteration 52
IPF row error: 1.342877, col error: 0.000000
Starting Iterative Proportional Fitting (IPF)...
IPF converged at iteration 42
IPF row error: 6.671698, col error: 0.000000
IPF converged at iteration 27
IPF row error: 147.930119, col error: 0.000000
Starting Iterative Proportional Fitting (IPF)...
Starting Iterative Proportional Fitting (IPF)...
IPF converged at iteration 46
IPF row error: 2.733133, col error: 0.000000
Starting Iterative Proportional Fitting (IPF)...
IPF converged at iteration 47
IPF converged at iteration 41
IPF row error: 2.172406, col error: 0.000000
IPF row error: 8.962545, col error: 0.000000
Starting Iterative Proportional Fitting (IPF)...
Starting Iterative Proportional Fitting (IPF)...
IPF converged at iteration 27
IPF converged at iteration 47
IPF row error: 104.414603, col error: 0.000000
IPF row error: 2.277797, col error: 0.000000
Starting Iterative Proportional Fitting (IPF)...Starting Iterative Proportional Fitting (IPF)...

IPF converged at iteration 23
IPF row error: 80.081808, col error: 0.000000
Starting Iterative Proportional Fitting (IPF)...
IPF converged at iteration 31
IPF row error: 79.729308, col error: 0.000000
Starting Iterative Proportional Fitting (IPF)...
IPF converged at iteration 46
IPF converged at iteration 46
IPF row error: 2.711681, col error: 0.000000
IPF row error: 2.713509, col error: 0.000000
Starting Iterative Proportional Fitting (IPF)...
Starting Iterative Proportional Fitting (IPF)...
IPF converged at iteration 26
IPF row error: 158.357951, col error: 0.000000
Starting Iterative Proportional Fitting (IPF)...
IPF converged at iteration 32
IPF row error: 69.282732, col error: 0.000000
Starting Iterative Proportional Fitting (IPF)...
IPF converged at iteration 46
IPF row error: 2.717279, col error: 0.000000
IPF converged at iteration 47
IPF row error: 2.278486, col error: 0.000000
Starting Iterative Proportional Fitting (IPF)...
Starting Iterative Proportional Fitting (IPF)...
IPF converged at iteration 42
IPF row error: 6.662034, col error: 0.000000
Starting Iterative Proportional Fitting (IPF)...
IPF converged at iteration 46
IPF row error: 2.733133, col error: 0.000000
IPF converged at iteration 30
Starting Iterative Proportional Fitting (IPF)...
IPF row error: 76.189471, col error: 0.000000
Starting Iterative Proportional Fitting (IPF)...
IPF converged at iteration 35
IPF row error: 38.070691, col error: 0.000000
Starting Iterative Proportional Fitting (IPF)...
IPF converged at iteration 42
IPF row error: 6.811665, col error: 0.000000
Starting Iterative Proportional Fitting (IPF)...
IPF converged at iteration 32
IPF row error: 70.314794, col error: 0.000000
IPF converged at iteration 30
IPF row error: 81.547092, col error: 0.000000
Starting Iterative Proportional Fitting (IPF)...
Starting Iterative Proportional Fitting (IPF)...
IPF converged at iteration 27
IPF row error: 115.767897, col error: 0.000000
Starting Iterative Proportional Fitting (IPF)...
IPF converged at iteration 46
IPF row error: 2.709237, col error: 0.000000
Starting Iterative Proportional Fitting (IPF)...
IPF converged at iteration 41
IPF row error: 8.581978, col error: 0.000000
  [2023/test] 진행 990/1750 (56.6%) | 누적 CPC 0.5499 | RMSE 496.0928 | %RMSE 8.4129 | 경과 11.9분 | 예상 남음 9.1분
IPF converged at iteration 46
Starting Iterative Proportional Fitting (IPF)...
IPF row error: 2.860602, col error: 0.000000
Starting Iterative Proportional Fitting (IPF)...
IPF converged at iteration 46
IPF row error: 2.725385, col error: 0.000000
Starting Iterative Proportional Fitting (IPF)...
IPF converged at iteration 27
IPF row error: 138.019694, col error: 0.000000
Starting Iterative Proportional Fitting (IPF)...
IPF converged at iteration 31
IPF row error: 84.859358, col error: 0.000000
IPF converged at iteration 47
IPF row error: 2.115135, col error: 0.000000
Starting Iterative Proportional Fitting (IPF)...
IPF converged at iteration 46
Starting Iterative Proportional Fitting (IPF)...
IPF row error: 2.725385, col error: 0.000000
Starting Iterative Proportional Fitting (IPF)...
IPF converged at iteration 28
IPF row error: 146.853121, col error: 0.000000
Starting Iterative Proportional Fitting (IPF)...
IPF converged at iteration 32
IPF row error: 67.608926, col error: 0.000000
Starting Iterative Proportional Fitting (IPF)...
IPF converged at iteration 32
IPF row error: 145.187420, col error: 0.000000
Starting Iterative Proportional Fitting (IPF)...
IPF converged at iteration 42
IPF row error: 6.899893, col error: 0.000000
Starting Iterative Proportional Fitting (IPF)...
IPF converged at iteration 27
IPF row error: 99.479998, col error: 0.000000
Starting Iterative Proportional Fitting (IPF)...
IPF converged at iteration 30
IPF row error: 92.764970, col error: 0.000000
IPF converged at iteration 38
IPF row error: 14.910760, col error: 0.000000
Starting Iterative Proportional Fitting (IPF)...
Starting Iterative Proportional Fitting (IPF)...
IPF converged at iteration 31
IPF row error: 70.266989, col error: 0.000000
Starting Iterative Proportional Fitting (IPF)...
IPF converged at iteration 38
IPF row error: 14.812706, col error: 0.000000
Starting Iterative Proportional Fitting (IPF)...
IPF converged at iteration 31
IPF row error: 75.956909, col error: 0.000000
Starting Iterative Proportional Fitting (IPF)...
IPF converged at iteration 29
IPF row error: 106.034282, col error: 0.000000
IPF converged at iteration 38
IPF row error: 15.385079, col error: 0.000000
Starting Iterative Proportional Fitting (IPF)...
Starting Iterative Proportional Fitting (IPF)...
IPF converged at iteration 30
IPF row error: 92.527689, col error: 0.000000
IPF converged at iteration 48
Starting Iterative Proportional Fitting (IPF)...
IPF row error: 1.649881, col error: 0.000000
Starting Iterative Proportional Fitting (IPF)...
IPF converged at iteration 31
IPF row error: 65.223719, col error: 0.000000
Starting Iterative Proportional Fitting (IPF)...
IPF converged at iteration 38
IPF row error: 15.111115, col error: 0.000000
Starting Iterative Proportional Fitting (IPF)...
IPF converged at iteration 30
IPF row error: 91.993817, col error: 0.000000
Starting Iterative Proportional Fitting (IPF)...
IPF converged at iteration 31
IPF row error: 66.259462, col error: 0.000000
Starting Iterative Proportional Fitting (IPF)...
IPF converged at iteration 38
IPF row error: 14.841913, col error: 0.000000
Starting Iterative Proportional Fitting (IPF)...
IPF converged at iteration 50
IPF row error: 5.314086, col error: 0.000000
IPF converged at iteration 29
IPF row error: 86.081420, col error: 0.000000
Starting Iterative Proportional Fitting (IPF)...
Starting Iterative Proportional Fitting (IPF)...
IPF converged at iteration 38
IPF row error: 14.964701, col error: 0.000000
Starting Iterative Proportional Fitting (IPF)...
IPF converged at iteration 30
IPF row error: 87.238056, col error: 0.000000
Starting Iterative Proportional Fitting (IPF)...
IPF converged at iteration 29
IPF row error: 99.447545, col error: 0.000000
  [2023/test] 진행 1020/1750 (58.3%) | 누적 CPC 0.5429 | RMSE 538.4103 | %RMSE 8.6898 | 경과 12.3분 | 예상 남음 8.8분
Starting Iterative Proportional Fitting (IPF)...
IPF converged at iteration 42
IPF row error: 6.074657, col error: 0.000000
Starting Iterative Proportional Fitting (IPF)...
IPF converged at iteration 31
IPF row error: 83.963368, col error: 0.000000
IPF converged at iteration 43
IPF row error: 4.793545, col error: 0.000000
Starting Iterative Proportional Fitting (IPF)...
Starting Iterative Proportional Fitting (IPF)...
IPF converged at iteration 38
IPF row error: 15.186041, col error: 0.000000
Starting Iterative Proportional Fitting (IPF)...
IPF converged at iteration 37
IPF row error: 18.948924, col error: 0.000000
Starting Iterative Proportional Fitting (IPF)...
IPF converged at iteration 35
IPF row error: 33.180237, col error: 0.000000
Starting Iterative Proportional Fitting (IPF)...
IPF converged at iteration 50
IPF row error: 1.301675, col error: 0.000000
Starting Iterative Proportional Fitting (IPF)...
IPF converged at iteration 29
IPF row error: 166.851807, col error: 0.000000
Starting Iterative Proportional Fitting (IPF)...
IPF converged at iteration 28
IPF row error: 100.728367, col error: 0.000000
Starting Iterative Proportional Fitting (IPF)...
IPF converged at iteration 43
IPF row error: 4.916003, col error: 0.000000
Starting Iterative Proportional Fitting (IPF)...
IPF converged at iteration 38
IPF row error: 15.141782, col error: 0.000000
IPF converged at iteration 37
IPF row error: 18.624081, col error: 0.000000
Starting Iterative Proportional Fitting (IPF)...
Starting Iterative Proportional Fitting (IPF)...
IPF converged at iteration 38
IPF row error: 14.908970, col error: 0.000000
Starting Iterative Proportional Fitting (IPF)...
IPF converged at iteration 35
IPF row error: 28.975433, col error: 0.000000
Starting Iterative Proportional Fitting (IPF)...
IPF converged at iteration 42
IPF row error: 6.010447, col error: 0.000000
Starting Iterative Proportional Fitting (IPF)...
IPF converged at iteration 48
IPF row error: 1.622777, col error: 0.000000
Starting Iterative Proportional Fitting (IPF)...
IPF converged at iteration 43
IPF row error: 4.824951, col error: 0.000000
IPF converged at iteration 29
Starting Iterative Proportional Fitting (IPF)...
IPF row error: 100.790755, col error: 0.000000
Starting Iterative Proportional Fitting (IPF)...
IPF converged at iteration 31
IPF row error: 61.896413, col error: 0.000000
Starting Iterative Proportional Fitting (IPF)...
IPF converged at iteration 28
IPF row error: 101.335018, col error: 0.000000
IPF converged at iteration 38
IPF row error: 15.144495, col error: 0.000000
Starting Iterative Proportional Fitting (IPF)...
Starting Iterative Proportional Fitting (IPF)...
IPF converged at iteration 38
IPF row error: 15.050474, col error: 0.000000
Starting Iterative Proportional Fitting (IPF)...
IPF converged at iteration 38
IPF row error: 15.171074, col error: 0.000000
IPF converged at iteration 24
IPF row error: 57.883102, col error: 0.000000
IPF converged at iteration 27
IPF row error: 102.555689, col error: 0.000000
Starting Iterative Proportional Fitting (IPF)...
Starting Iterative Proportional Fitting (IPF)...
Starting Iterative Proportional Fitting (IPF)...
IPF converged at iteration 31
IPF row error: 78.764614, col error: 0.000000
Starting Iterative Proportional Fitting (IPF)...
IPF converged at iteration 26
IPF row error: 129.611739, col error: 0.000000
Starting Iterative Proportional Fitting (IPF)...
IPF converged at iteration 37
IPF converged at iteration 38
IPF row error: 18.966545, col error: 0.000000
IPF row error: 15.016056, col error: 0.000000
Starting Iterative Proportional Fitting (IPF)...
Starting Iterative Proportional Fitting (IPF)...
IPF converged at iteration 50
IPF row error: 1.315651, col error: 0.000000
  [2023/test] 진행 1050/1750 (60.0%) | 누적 CPC 0.5368 | RMSE 590.2058 | %RMSE 9.0016 | 경과 12.6분 | 예상 남음 8.4분
Starting Iterative Proportional Fitting (IPF)...
IPF converged at iteration 52
IPF row error: 1.329792, col error: 0.000000
Starting Iterative Proportional Fitting (IPF)...
IPF converged at iteration 52
IPF converged at iteration 52
IPF row error: 1.329792, col error: 0.000000
IPF row error: 1.329792, col error: 0.000000
Starting Iterative Proportional Fitting (IPF)...Starting Iterative Proportional Fitting (IPF)...

IPF converged at iteration 52
IPF row error: 1.329792, col error: 0.000000
Starting Iterative Proportional Fitting (IPF)...
IPF converged at iteration 31
IPF row error: 69.012950, col error: 0.000000
Starting Iterative Proportional Fitting (IPF)...
IPF converged at iteration 52
IPF row error: 1.329792, col error: 0.000000
Starting Iterative Proportional Fitting (IPF)...
IPF converged at iteration 52
IPF row error: 1.329792, col error: 0.000000
Starting Iterative Proportional Fitting (IPF)...
IPF converged at iteration 30
IPF row error: 73.918955, col error: 0.000000
IPF converged at iteration 27
IPF row error: 200.907601, col error: 0.000000
Starting Iterative Proportional Fitting (IPF)...
Starting Iterative Proportional Fitting (IPF)...
IPF converged at iteration 52
IPF row error: 1.329792, col error: 0.000000
Starting Iterative Proportional Fitting (IPF)...
IPF converged at iteration 31
IPF row error: 82.415341, col error: 0.000000
Starting Iterative Proportional Fitting (IPF)...
IPF converged at iteration 36
IPF row error: 28.291577, col error: 0.000000
Starting Iterative Proportional Fitting (IPF)...
IPF converged at iteration 39
IPF row error: 13.218244, col error: 0.000000
IPF converged at iteration 52
IPF row error: 1.329792, col error: 0.000000
Starting Iterative Proportional Fitting (IPF)...
Starting Iterative Proportional Fitting (IPF)...
IPF converged at iteration 43
IPF row error: 5.941893, col error: 0.000000
Starting Iterative Proportional Fitting (IPF)...
IPF converged at iteration 32
IPF row error: 77.731304, col error: 0.000000
Starting Iterative Proportional Fitting (IPF)...
IPF converged at iteration 31
IPF row error: 83.480430, col error: 0.000000
Starting Iterative Proportional Fitting (IPF)...
IPF converged at iteration 52
IPF row error: 1.329792, col error: 0.000000
IPF converged at iteration 30
IPF row error: 87.119230, col error: 0.000000
IPF converged at iteration 52
IPF row error: 1.329792, col error: 0.000000
Starting Iterative Proportional Fitting (IPF)...
Starting Iterative Proportional Fitting (IPF)...
Starting Iterative Proportional Fitting (IPF)...
IPF converged at iteration 29
IPF row error: 113.926927, col error: 0.000000
Starting Iterative Proportional Fitting (IPF)...
IPF converged at iteration 33
IPF row error: 58.235125, col error: 0.000000
Starting Iterative Proportional Fitting (IPF)...
IPF converged at iteration 52
IPF row error: 1.329792, col error: 0.000000
Starting Iterative Proportional Fitting (IPF)...
IPF converged at iteration 52
IPF row error: 1.329792, col error: 0.000000
Starting Iterative Proportional Fitting (IPF)...
IPF converged at iteration 34
IPF row error: 47.581144, col error: 0.000000
Starting Iterative Proportional Fitting (IPF)...
IPF converged at iteration 30
IPF row error: 90.977588, col error: 0.000000
Starting Iterative Proportional Fitting (IPF)...
IPF converged at iteration 52
IPF row error: 1.329792, col error: 0.000000
Starting Iterative Proportional Fitting (IPF)...
IPF converged at iteration 30
IPF row error: 86.397596, col error: 0.000000
Starting Iterative Proportional Fitting (IPF)...
IPF converged at iteration 52
IPF row error: 1.329792, col error: 0.000000
Starting Iterative Proportional Fitting (IPF)...
IPF converged at iteration 52
IPF row error: 1.329792, col error: 0.000000
  [2023/test] 진행 1080/1750 (61.7%) | 누적 CPC 0.5247 | RMSE 617.4317 | %RMSE 9.1781 | 경과 13.1분 | 예상 남음 8.1분
IPF converged at iteration 32
IPF row error: 65.801482, col error: 0.000000
Starting Iterative Proportional Fitting (IPF)...
Starting Iterative Proportional Fitting (IPF)...
IPF converged at iteration 29
IPF row error: 79.437810, col error: 0.000000
Starting Iterative Proportional Fitting (IPF)...
IPF converged at iteration 52
IPF row error: 1.329792, col error: 0.000000
Starting Iterative Proportional Fitting (IPF)...
IPF converged at iteration 29
IPF row error: 77.984582, col error: 0.000000
Starting Iterative Proportional Fitting (IPF)...
IPF converged at iteration 30
IPF row error: 81.545394, col error: 0.000000
Starting Iterative Proportional Fitting (IPF)...
IPF converged at iteration 52
IPF row error: 1.329792, col error: 0.000000
Starting Iterative Proportional Fitting (IPF)...
IPF converged at iteration 29
IPF converged at iteration 52
IPF row error: 64.317359, col error: 0.000000
IPF row error: 1.329792, col error: 0.000000
Starting Iterative Proportional Fitting (IPF)...
Starting Iterative Proportional Fitting (IPF)...
IPF converged at iteration 30
IPF row error: 86.331717, col error: 0.000000
Starting Iterative Proportional Fitting (IPF)...
IPF converged at iteration 52
IPF row error: 1.329792, col error: 0.000000
Starting Iterative Proportional Fitting (IPF)...
IPF converged at iteration 52
IPF converged at iteration 52
IPF row error: 1.329792, col error: 0.000000
IPF row error: 1.329792, col error: 0.000000
Starting Iterative Proportional Fitting (IPF)...
Starting Iterative Proportional Fitting (IPF)...
IPF converged at iteration 52
IPF row error: 1.329792, col error: 0.000000
Starting Iterative Proportional Fitting (IPF)...
IPF converged at iteration 52
IPF row error: 1.329792, col error: 0.000000
Starting Iterative Proportional Fitting (IPF)...
IPF converged at iteration 32
IPF row error: 68.745231, col error: 0.000000
Starting Iterative Proportional Fitting (IPF)...
IPF converged at iteration 52
IPF row error: 1.329792, col error: 0.000000
IPF converged at iteration 32
IPF row error: 73.548759, col error: 0.000000
Starting Iterative Proportional Fitting (IPF)...
Starting Iterative Proportional Fitting (IPF)...
IPF converged at iteration 52
IPF row error: 1.329792, col error: 0.000000
Starting Iterative Proportional Fitting (IPF)...
IPF converged at iteration 52
IPF row error: 1.329792, col error: 0.000000
Starting Iterative Proportional Fitting (IPF)...
IPF converged at iteration 52
IPF row error: 1.329792, col error: 0.000000
IPF converged at iteration 51
IPF row error: 1.331284, col error: 0.000000
Starting Iterative Proportional Fitting (IPF)...
Starting Iterative Proportional Fitting (IPF)...
IPF converged at iteration 30
IPF row error: 89.485632, col error: 0.000000
IPF converged at iteration 26
IPF row error: 214.894261, col error: 0.000000
Starting Iterative Proportional Fitting (IPF)...
Starting Iterative Proportional Fitting (IPF)...
IPF converged at iteration 29
IPF row error: 176.262228, col error: 0.000000
Starting Iterative Proportional Fitting (IPF)...
IPF converged at iteration 32
IPF row error: 53.528857, col error: 0.000000
Starting Iterative Proportional Fitting (IPF)...
IPF converged at iteration 51
IPF row error: 1.331284, col error: 0.000000
Starting Iterative Proportional Fitting (IPF)...
IPF converged at iteration 51
IPF row error: 1.331284, col error: 0.000000
Starting Iterative Proportional Fitting (IPF)...
IPF converged at iteration 51
IPF row error: 1.331284, col error: 0.000000
Starting Iterative Proportional Fitting (IPF)...
IPF converged at iteration 51
IPF row error: 1.331284, col error: 0.000000
Starting Iterative Proportional Fitting (IPF)...
IPF converged at iteration 51
IPF row error: 1.331284, col error: 0.000000
  [2023/test] 진행 1110/1750 (63.4%) | 누적 CPC 0.5132 | RMSE 641.5273 | %RMSE 9.3339 | 경과 13.5분 | 예상 남음 7.8분
Starting Iterative Proportional Fitting (IPF)...
IPF converged at iteration 51
IPF row error: 1.331284, col error: 0.000000
Starting Iterative Proportional Fitting (IPF)...
IPF converged at iteration 29
IPF row error: 81.881344, col error: 0.000000
Starting Iterative Proportional Fitting (IPF)...
IPF converged at iteration 27
IPF row error: 151.062554, col error: 0.000000
Starting Iterative Proportional Fitting (IPF)...
IPF converged at iteration 36
IPF row error: 28.807741, col error: 0.000000
IPF converged at iteration 51
IPF row error: 1.331284, col error: 0.000000
Starting Iterative Proportional Fitting (IPF)...
Starting Iterative Proportional Fitting (IPF)...
IPF converged at iteration 51
IPF row error: 1.331284, col error: 0.000000
Starting Iterative Proportional Fitting (IPF)...
IPF converged at iteration 51
IPF row error: 1.331284, col error: 0.000000
Starting Iterative Proportional Fitting (IPF)...
IPF converged at iteration 28
IPF row error: 118.685773, col error: 0.000000
Starting Iterative Proportional Fitting (IPF)...
IPF converged at iteration 51
IPF row error: 1.331284, col error: 0.000000
IPF converged at iteration 51IPF converged at iteration 27

IPF row error: 129.814612, col error: 0.000000
IPF row error: 1.331284, col error: 0.000000
Starting Iterative Proportional Fitting (IPF)...
Starting Iterative Proportional Fitting (IPF)...
Starting Iterative Proportional Fitting (IPF)...
IPF converged at iteration 46
IPF row error: 2.878043, col error: 0.000000
Starting Iterative Proportional Fitting (IPF)...
IPF converged at iteration 51
IPF row error: 1.331284, col error: 0.000000
IPF converged at iteration 51
IPF converged at iteration 51
IPF row error: 1.331284, col error: 0.000000
IPF row error: 1.331284, col error: 0.000000
Starting Iterative Proportional Fitting (IPF)...
Starting Iterative Proportional Fitting (IPF)...
Starting Iterative Proportional Fitting (IPF)...
IPF converged at iteration 29
IPF row error: 113.402559, col error: 0.000000
Starting Iterative Proportional Fitting (IPF)...
IPF converged at iteration 30
IPF row error: 78.030192, col error: 0.000000
IPF converged at iteration 32
IPF row error: 67.229213, col error: 0.000000
IPF converged at iteration 31
IPF row error: 81.395366, col error: 0.000000
Starting Iterative Proportional Fitting (IPF)...
Starting Iterative Proportional Fitting (IPF)...
Starting Iterative Proportional Fitting (IPF)...
IPF converged at iteration 48
IPF row error: 1.746429, col error: 0.000000
IPF converged at iteration 30
IPF converged at iteration 28
IPF row error: 69.145665, col error: 0.000000
IPF row error: 131.967898, col error: 0.000000
IPF converged at iteration 30
IPF row error: 83.695125, col error: 0.000000
Starting Iterative Proportional Fitting (IPF)...
Starting Iterative Proportional Fitting (IPF)...
Starting Iterative Proportional Fitting (IPF)...
Starting Iterative Proportional Fitting (IPF)...
IPF converged at iteration 30
IPF row error: 66.993241, col error: 0.000000
IPF converged at iteration 31
IPF row error: 68.698285, col error: 0.000000
Starting Iterative Proportional Fitting (IPF)...
Starting Iterative Proportional Fitting (IPF)...
IPF converged at iteration 51
IPF row error: 1.331284, col error: 0.000000
IPF converged at iteration 51
IPF row error: 1.331284, col error: 0.000000
Starting Iterative Proportional Fitting (IPF)...
Starting Iterative Proportional Fitting (IPF)...
IPF converged at iteration 31
IPF row error: 17.338029, col error: 0.000000
Starting Iterative Proportional Fitting (IPF)...
IPF converged at iteration 29
IPF converged at iteration 27
IPF row error: 206.751989, col error: 0.000000
IPF converged at iteration 51
IPF row error: 126.029836, col error: 0.000000
  [2023/test] 진행 1140/1750 (65.1%) | 누적 CPC 0.5024 | RMSE 661.1688 | %RMSE 9.4578 | 경과 13.9분 | 예상 남음 7.4분
IPF row error: 1.331284, col error: 0.000000
Starting Iterative Proportional Fitting (IPF)...
Starting Iterative Proportional Fitting (IPF)...
Starting Iterative Proportional Fitting (IPF)...
IPF converged at iteration 31
IPF row error: 69.455964, col error: 0.000000
IPF converged at iteration 51
IPF row error: 1.331284, col error: 0.000000
Starting Iterative Proportional Fitting (IPF)...
Starting Iterative Proportional Fitting (IPF)...
IPF converged at iteration 51
IPF row error: 1.331284, col error: 0.000000
IPF converged at iteration 51
IPF row error: 1.331284, col error: 0.000000
Starting Iterative Proportional Fitting (IPF)...
Starting Iterative Proportional Fitting (IPF)...
IPF converged at iteration 49
IPF row error: 1.488838, col error: 0.000000
IPF converged at iteration 32
IPF row error: 75.619913, col error: 0.000000
IPF converged at iteration 51
Starting Iterative Proportional Fitting (IPF)...
IPF row error: 1.331284, col error: 0.000000
Starting Iterative Proportional Fitting (IPF)...
Starting Iterative Proportional Fitting (IPF)...
IPF converged at iteration 51
IPF row error: 1.331284, col error: 0.000000
Starting Iterative Proportional Fitting (IPF)...
IPF converged at iteration 32
IPF row error: 60.956873, col error: 0.000000
Starting Iterative Proportional Fitting (IPF)...
IPF converged at iteration 44
IPF row error: 4.540471, col error: 0.000000
Starting Iterative Proportional Fitting (IPF)...
IPF converged at iteration 53
IPF row error: 1.214609, col error: 0.000000
Starting Iterative Proportional Fitting (IPF)...
IPF converged at iteration 26
IPF row error: 156.522659, col error: 0.000000
Starting Iterative Proportional Fitting (IPF)...
IPF converged at iteration 48
IPF row error: 1.754975, col error: 0.000000
Starting Iterative Proportional Fitting (IPF)...
IPF converged at iteration 30
IPF row error: 95.746994, col error: 0.000000
Starting Iterative Proportional Fitting (IPF)...
IPF converged at iteration 48
IPF row error: 1.754975, col error: 0.000000
Starting Iterative Proportional Fitting (IPF)...
IPF converged at iteration 53
IPF row error: 1.214609, col error: 0.000000
Starting Iterative Proportional Fitting (IPF)...
IPF converged at iteration 48
IPF row error: 1.751852, col error: 0.000000
Starting Iterative Proportional Fitting (IPF)...
IPF converged at iteration 48
IPF row error: 1.751852, col error: 0.000000
Starting Iterative Proportional Fitting (IPF)...
IPF converged at iteration 31
IPF row error: 84.456392, col error: 0.000000
Starting Iterative Proportional Fitting (IPF)...
IPF converged at iteration 32
IPF row error: 68.973373, col error: 0.000000
Starting Iterative Proportional Fitting (IPF)...
IPF converged at iteration 53
IPF row error: 1.213148, col error: 0.000000
Starting Iterative Proportional Fitting (IPF)...
IPF converged at iteration 52
IPF row error: 1.443637, col error: 0.000000
Starting Iterative Proportional Fitting (IPF)...
IPF converged at iteration 48
IPF row error: 1.754975, col error: 0.000000
IPF converged at iteration 31
IPF row error: 74.862863, col error: 0.000000
Starting Iterative Proportional Fitting (IPF)...
Starting Iterative Proportional Fitting (IPF)...
IPF converged at iteration 32
IPF row error: 68.810897, col error: 0.000000
IPF converged at iteration 30
IPF row error: 57.153122, col error: 0.000000
Starting Iterative Proportional Fitting (IPF)...
Starting Iterative Proportional Fitting (IPF)...
IPF converged at iteration 52
IPF row error: 1.443637, col error: 0.000000
Starting Iterative Proportional Fitting (IPF)...
IPF converged at iteration 52
IPF row error: 1.443637, col error: 0.000000
Starting Iterative Proportional Fitting (IPF)...
IPF converged at iteration 30
IPF row error: 59.498297, col error: 0.000000
  [2023/test] 진행 1170/1750 (66.9%) | 누적 CPC 0.4925 | RMSE 675.1265 | %RMSE 9.5738 | 경과 14.3분 | 예상 남음 7.1분
Starting Iterative Proportional Fitting (IPF)...
IPF converged at iteration 52
IPF row error: 1.443637, col error: 0.000000
IPF converged at iteration 48
IPF row error: 1.754975, col error: 0.000000
Starting Iterative Proportional Fitting (IPF)...
Starting Iterative Proportional Fitting (IPF)...
IPF converged at iteration 54
IPF row error: 1.232803, col error: 0.000000
Starting Iterative Proportional Fitting (IPF)...
IPF converged at iteration 53
IPF row error: 1.214609, col error: 0.000000
IPF converged at iteration 28
IPF row error: 108.602799, col error: 0.000000
Starting Iterative Proportional Fitting (IPF)...
Starting Iterative Proportional Fitting (IPF)...
IPF converged at iteration 52
IPF row error: 1.443637, col error: 0.000000
Starting Iterative Proportional Fitting (IPF)...
IPF converged at iteration 48
IPF row error: 1.751852, col error: 0.000000
Starting Iterative Proportional Fitting (IPF)...
IPF converged at iteration 48
IPF row error: 1.751852, col error: 0.000000
IPF converged at iteration 52
IPF converged at iteration 28
IPF row error: 1.443637, col error: 0.000000
IPF row error: 112.443717, col error: 0.000000
Starting Iterative Proportional Fitting (IPF)...
Starting Iterative Proportional Fitting (IPF)...
Starting Iterative Proportional Fitting (IPF)...
IPF converged at iteration 23
IPF row error: 87.029315, col error: 0.000000
Starting Iterative Proportional Fitting (IPF)...
IPF converged at iteration 53
IPF row error: 1.213148, col error: 0.000000
IPF converged at iteration 48
IPF row error: 1.751852, col error: 0.000000
IPF converged at iteration 48
IPF row error: 1.751852, col error: 0.000000
Starting Iterative Proportional Fitting (IPF)...
Starting Iterative Proportional Fitting (IPF)...
Starting Iterative Proportional Fitting (IPF)...
IPF converged at iteration 24
IPF row error: 69.246935, col error: 0.000000
IPF converged at iteration 48
IPF row error: 1.754975, col error: 0.000000
Starting Iterative Proportional Fitting (IPF)...
Starting Iterative Proportional Fitting (IPF)...
IPF converged at iteration 29
IPF converged at iteration 32
IPF row error: 93.209708, col error: 0.000000
IPF row error: 71.355268, col error: 0.000000
Starting Iterative Proportional Fitting (IPF)...
Starting Iterative Proportional Fitting (IPF)...
IPF converged at iteration 48
IPF row error: 1.751852, col error: 0.000000
IPF converged at iteration 48
IPF row error: 1.751852, col error: 0.000000
Starting Iterative Proportional Fitting (IPF)...
Starting Iterative Proportional Fitting (IPF)...
IPF converged at iteration 48
IPF row error: 1.751852, col error: 0.000000
Starting Iterative Proportional Fitting (IPF)...
IPF converged at iteration 53
IPF row error: 1.214609, col error: 0.000000
Starting Iterative Proportional Fitting (IPF)...
IPF converged at iteration 28
IPF row error: 145.804568, col error: 0.000000
Starting Iterative Proportional Fitting (IPF)...
IPF converged at iteration 48
IPF row error: 1.754975, col error: 0.000000
Starting Iterative Proportional Fitting (IPF)...
IPF converged at iteration 54
IPF row error: 1.232803, col error: 0.000000
IPF converged at iteration 28
IPF row error: 102.595177, col error: 0.000000
Starting Iterative Proportional Fitting (IPF)...
IPF converged at iteration 54
Starting Iterative Proportional Fitting (IPF)...
IPF row error: 1.232803, col error: 0.000000
Starting Iterative Proportional Fitting (IPF)...
IPF converged at iteration 27
IPF row error: 136.463867, col error: 0.000000
Starting Iterative Proportional Fitting (IPF)...
IPF converged at iteration 27
IPF row error: 132.029690, col error: 0.000000
Starting Iterative Proportional Fitting (IPF)...
IPF converged at iteration 31
IPF row error: 79.458897, col error: 0.000000
  [2023/test] 진행 1200/1750 (68.6%) | 누적 CPC 0.4840 | RMSE 683.3541 | %RMSE 9.6710 | 경과 14.8분 | 예상 남음 6.8분
Starting Iterative Proportional Fitting (IPF)...
IPF converged at iteration 31
IPF row error: 81.610418, col error: 0.000000
IPF converged at iteration 53
IPF row error: 1.214609, col error: 0.000000
Starting Iterative Proportional Fitting (IPF)...
Starting Iterative Proportional Fitting (IPF)...
IPF converged at iteration 26
IPF row error: 176.924077, col error: 0.000000
IPF converged at iteration 31
IPF converged at iteration 53
IPF row error: 66.480865, col error: 0.000000
Starting Iterative Proportional Fitting (IPF)...IPF row error: 1.242690, col error: 0.000000

Starting Iterative Proportional Fitting (IPF)...
Starting Iterative Proportional Fitting (IPF)...
IPF converged at iteration 53
IPF row error: 1.242690, col error: 0.000000
Starting Iterative Proportional Fitting (IPF)...
IPF converged at iteration 30
IPF row error: 86.570821, col error: 0.000000
Starting Iterative Proportional Fitting (IPF)...
IPF converged at iteration 53
IPF row error: 1.242690, col error: 0.000000
IPF converged at iteration 53
IPF row error: 1.242690, col error: 0.000000
Starting Iterative Proportional Fitting (IPF)...
Starting Iterative Proportional Fitting (IPF)...
IPF converged at iteration 48
IPF row error: 1.724224, col error: 0.000000
Starting Iterative Proportional Fitting (IPF)...
IPF converged at iteration 28
IPF row error: 138.629470, col error: 0.000000
Starting Iterative Proportional Fitting (IPF)...
IPF converged at iteration 32
IPF row error: 70.479154, col error: 0.000000
Starting Iterative Proportional Fitting (IPF)...
IPF converged at iteration 26
IPF row error: 188.786269, col error: 0.000000
Starting Iterative Proportional Fitting (IPF)...
IPF converged at iteration 53
IPF row error: 1.242690, col error: 0.000000
Starting Iterative Proportional Fitting (IPF)...
IPF converged at iteration 53
IPF row error: 1.242690, col error: 0.000000
Starting Iterative Proportional Fitting (IPF)...
IPF converged at iteration 31
IPF row error: 66.052436, col error: 0.000000
Starting Iterative Proportional Fitting (IPF)...
IPF converged at iteration 53
IPF row error: 1.242690, col error: 0.000000
IPF converged at iteration 32
IPF row error: 62.239588, col error: 0.000000
Starting Iterative Proportional Fitting (IPF)...
IPF converged at iteration 29
IPF row error: 102.909227, col error: 0.000000
Starting Iterative Proportional Fitting (IPF)...
Starting Iterative Proportional Fitting (IPF)...
IPF converged at iteration 30
IPF row error: 92.475846, col error: 0.000000
Starting Iterative Proportional Fitting (IPF)...
IPF converged at iteration 53
IPF converged at iteration 36
IPF row error: 1.242690, col error: 0.000000
IPF row error: 27.940542, col error: 0.000000
Starting Iterative Proportional Fitting (IPF)...
Starting Iterative Proportional Fitting (IPF)...
IPF converged at iteration 53
IPF row error: 1.242690, col error: 0.000000
Starting Iterative Proportional Fitting (IPF)...
IPF converged at iteration 39
IPF row error: 13.296833, col error: 0.000000
Starting Iterative Proportional Fitting (IPF)...
IPF converged at iteration 28
IPF row error: 104.311149, col error: 0.000000
Starting Iterative Proportional Fitting (IPF)...
IPF converged at iteration 53
IPF row error: 1.242690, col error: 0.000000
IPF converged at iteration 53
IPF row error: 1.242690, col error: 0.000000
Starting Iterative Proportional Fitting (IPF)...
Starting Iterative Proportional Fitting (IPF)...
IPF converged at iteration 33
IPF row error: 42.025346, col error: 0.000000
Starting Iterative Proportional Fitting (IPF)...
IPF converged at iteration 32
IPF converged at iteration 31
IPF row error: 65.376519, col error: 0.000000
IPF row error: 65.376060, col error: 0.000000
  [2023/test] 진행 1230/1750 (70.3%) | 누적 CPC 0.4741 | RMSE 673.6876 | %RMSE 9.6214 | 경과 15.2분 | 예상 남음 6.4분
IPF converged at iteration 53
IPF row error: 1.242690, col error: 0.000000
Starting Iterative Proportional Fitting (IPF)...
Starting Iterative Proportional Fitting (IPF)...
Starting Iterative Proportional Fitting (IPF)...
IPF converged at iteration 29
IPF row error: 86.690758, col error: 0.000000
IPF converged at iteration 31
IPF row error: 78.337481, col error: 0.000000
Starting Iterative Proportional Fitting (IPF)...
Starting Iterative Proportional Fitting (IPF)...
IPF converged at iteration 53
IPF row error: 1.242690, col error: 0.000000
Starting Iterative Proportional Fitting (IPF)...
IPF converged at iteration 53
IPF row error: 1.242690, col error: 0.000000
Starting Iterative Proportional Fitting (IPF)...
IPF converged at iteration 53
IPF row error: 1.242690, col error: 0.000000
IPF converged at iteration 53
IPF row error: 1.242690, col error: 0.000000
Starting Iterative Proportional Fitting (IPF)...
Starting Iterative Proportional Fitting (IPF)...
IPF converged at iteration 53
IPF row error: 1.242690, col error: 0.000000
Starting Iterative Proportional Fitting (IPF)...
IPF converged at iteration 49
IPF row error: 1.668957, col error: 0.000000
Starting Iterative Proportional Fitting (IPF)...
IPF converged at iteration 28
IPF row error: 109.985459, col error: 0.000000
Starting Iterative Proportional Fitting (IPF)...
IPF converged at iteration 31
IPF row error: 75.899743, col error: 0.000000
IPF converged at iteration 53
IPF row error: 1.242690, col error: 0.000000
Starting Iterative Proportional Fitting (IPF)...
Starting Iterative Proportional Fitting (IPF)...
IPF converged at iteration 53
IPF row error: 1.242690, col error: 0.000000
Starting Iterative Proportional Fitting (IPF)...
IPF converged at iteration 53
IPF row error: 1.242690, col error: 0.000000
Starting Iterative Proportional Fitting (IPF)...
IPF converged at iteration 39
IPF row error: 13.677931, col error: 0.000000
Starting Iterative Proportional Fitting (IPF)...
IPF converged at iteration 53
IPF row error: 1.242690, col error: 0.000000
Starting Iterative Proportional Fitting (IPF)...
IPF converged at iteration 53
IPF row error: 1.242690, col error: 0.000000
Starting Iterative Proportional Fitting (IPF)...
IPF converged at iteration 32
IPF row error: 61.320482, col error: 0.000000
Starting Iterative Proportional Fitting (IPF)...
IPF converged at iteration 53
IPF row error: 1.242690, col error: 0.000000
Starting Iterative Proportional Fitting (IPF)...
IPF converged at iteration 28
IPF row error: 134.700834, col error: 0.000000
Starting Iterative Proportional Fitting (IPF)...
IPF converged at iteration 53
IPF row error: 1.242690, col error: 0.000000
Starting Iterative Proportional Fitting (IPF)...
IPF converged at iteration 34
IPF row error: 52.413853, col error: 0.000000
Starting Iterative Proportional Fitting (IPF)...
IPF converged at iteration 44
IPF row error: 4.298406, col error: 0.000000
Starting Iterative Proportional Fitting (IPF)...
IPF converged at iteration 29
IPF row error: 101.430912, col error: 0.000000
Starting Iterative Proportional Fitting (IPF)...
IPF converged at iteration 31
IPF row error: 87.960522, col error: 0.000000
IPF converged at iteration 50
IPF row error: 1.304021, col error: 0.000000
Starting Iterative Proportional Fitting (IPF)...
Starting Iterative Proportional Fitting (IPF)...
IPF converged at iteration 28
IPF row error: 126.412789, col error: 0.000000
Starting Iterative Proportional Fitting (IPF)...
IPF converged at iteration 31
IPF row error: 89.346932, col error: 0.000000
Starting Iterative Proportional Fitting (IPF)...
IPF converged at iteration 28
IPF row error: 119.742322, col error: 0.000000
Starting Iterative Proportional Fitting (IPF)...
IPF converged at iteration 44
IPF row error: 4.512740, col error: 0.000000
  [2023/test] 진행 1260/1750 (72.0%) | 누적 CPC 0.4656 | RMSE 670.0492 | %RMSE 9.6153 | 경과 15.6분 | 예상 남음 6.1분
Starting Iterative Proportional Fitting (IPF)...
IPF converged at iteration 44
IPF row error: 4.512740, col error: 0.000000
Starting Iterative Proportional Fitting (IPF)...
IPF converged at iteration 44
IPF row error: 4.658772, col error: 0.000000
IPF converged at iteration 50
IPF row error: 1.304850, col error: 0.000000
Starting Iterative Proportional Fitting (IPF)...
Starting Iterative Proportional Fitting (IPF)...
IPF converged at iteration 34
IPF row error: 50.256934, col error: 0.000000
Starting Iterative Proportional Fitting (IPF)...
IPF converged at iteration 41
IPF row error: 9.024057, col error: 0.000000
Starting Iterative Proportional Fitting (IPF)...
IPF converged at iteration 32
IPF row error: 62.037791, col error: 0.000000
IPF converged at iteration 31
IPF row error: 88.673201, col error: 0.000000
Starting Iterative Proportional Fitting (IPF)...
Starting Iterative Proportional Fitting (IPF)...
IPF converged at iteration 50
IPF row error: 1.384530, col error: 0.000000
IPF converged at iteration 28
IPF row error: 125.107464, col error: 0.000000
Starting Iterative Proportional Fitting (IPF)...
Starting Iterative Proportional Fitting (IPF)...
IPF converged at iteration 33
IPF row error: 66.492836, col error: 0.000000
Starting Iterative Proportional Fitting (IPF)...
IPF converged at iteration 31
IPF row error: 84.497028, col error: 0.000000
Starting Iterative Proportional Fitting (IPF)...
IPF converged at iteration 51
IPF row error: 1.219458, col error: 0.000000
Starting Iterative Proportional Fitting (IPF)...
IPF converged at iteration 50
IPF converged at iteration 33
IPF row error: 1.298942, col error: 0.000000
IPF row error: 56.298001, col error: 0.000000
Starting Iterative Proportional Fitting (IPF)...
Starting Iterative Proportional Fitting (IPF)...
IPF converged at iteration 29
IPF row error: 101.602279, col error: 0.000000
Starting Iterative Proportional Fitting (IPF)...
IPF converged at iteration 51
IPF row error: 1.219458, col error: 0.000000
IPF converged at iteration 32
IPF row error: 70.796434, col error: 0.000000
Starting Iterative Proportional Fitting (IPF)...
Starting Iterative Proportional Fitting (IPF)...
IPF converged at iteration 50
IPF row error: 1.303843, col error: 0.000000
Starting Iterative Proportional Fitting (IPF)...
IPF converged at iteration 44
IPF row error: 4.311959, col error: 0.000000
Starting Iterative Proportional Fitting (IPF)...
IPF converged at iteration 33
IPF converged at iteration 31
IPF row error: 60.955098, col error: 0.000000
IPF row error: 78.027491, col error: 0.000000
Starting Iterative Proportional Fitting (IPF)...
Starting Iterative Proportional Fitting (IPF)...
IPF converged at iteration 50
IPF converged at iteration 32
IPF row error: 67.211671, col error: 0.000000
IPF row error: 1.384530, col error: 0.000000
Starting Iterative Proportional Fitting (IPF)...
Starting Iterative Proportional Fitting (IPF)...
IPF converged at iteration 54
IPF row error: 1.380692, col error: 0.000000
IPF converged at iteration 48
IPF row error: 1.881299, col error: 0.000000
Starting Iterative Proportional Fitting (IPF)...
Starting Iterative Proportional Fitting (IPF)...
IPF converged at iteration 41
IPF row error: 8.588900, col error: 0.000000
IPF converged at iteration 44
IPF row error: 4.566012, col error: 0.000000
Starting Iterative Proportional Fitting (IPF)...
IPF converged at iteration 32
IPF row error: 67.566703, col error: 0.000000
Starting Iterative Proportional Fitting (IPF)...
Starting Iterative Proportional Fitting (IPF)...
IPF converged at iteration 50
IPF row error: 1.384530, col error: 0.000000
Starting Iterative Proportional Fitting (IPF)...
IPF converged at iteration 28
IPF row error: 196.132840, col error: 0.000000
  [2023/test] 진행 1290/1750 (73.7%) | 누적 CPC 0.4615 | RMSE 673.9690 | %RMSE 9.6890 | 경과 16.0분 | 예상 남음 5.7분
Starting Iterative Proportional Fitting (IPF)...
IPF converged at iteration 32
IPF row error: 64.006852, col error: 0.000000
Starting Iterative Proportional Fitting (IPF)...
IPF converged at iteration 55
IPF row error: 1.224244, col error: 0.000000
Starting Iterative Proportional Fitting (IPF)...
IPF converged at iteration 48
IPF row error: 1.783121, col error: 0.000000
Starting Iterative Proportional Fitting (IPF)...
IPF converged at iteration 44
IPF row error: 4.658772, col error: 0.000000
Starting Iterative Proportional Fitting (IPF)...
IPF converged at iteration 44
IPF row error: 4.298406, col error: 0.000000
Starting Iterative Proportional Fitting (IPF)...
IPF converged at iteration 42
IPF row error: 7.043333, col error: 0.000000
Starting Iterative Proportional Fitting (IPF)...
IPF converged at iteration 50
IPF row error: 1.304021, col error: 0.000000
Starting Iterative Proportional Fitting (IPF)...
IPF converged at iteration 54
IPF row error: 1.380692, col error: 0.000000
Starting Iterative Proportional Fitting (IPF)...
IPF converged at iteration 50
IPF row error: 1.305263, col error: 0.000000
Starting Iterative Proportional Fitting (IPF)...
IPF converged at iteration 48
IPF row error: 1.824536, col error: 0.000000
IPF converged at iteration 27
Starting Iterative Proportional Fitting (IPF)...
IPF row error: 118.647662, col error: 0.000000
Starting Iterative Proportional Fitting (IPF)...
IPF converged at iteration 29
IPF row error: 133.890740, col error: 0.000000
Starting Iterative Proportional Fitting (IPF)...
IPF converged at iteration 30
IPF row error: 85.516858, col error: 0.000000
IPF converged at iteration 52
IPF row error: 1.213962, col error: 0.000000
Starting Iterative Proportional Fitting (IPF)...
Starting Iterative Proportional Fitting (IPF)...
IPF converged at iteration 46
IPF row error: 2.662268, col error: 0.000000
Starting Iterative Proportional Fitting (IPF)...
IPF converged at iteration 46
IPF row error: 2.662268, col error: 0.000000
Starting Iterative Proportional Fitting (IPF)...
IPF converged at iteration 31
IPF row error: 73.587062, col error: 0.000000
Starting Iterative Proportional Fitting (IPF)...
IPF converged at iteration 46
IPF row error: 2.662268, col error: 0.000000
Starting Iterative Proportional Fitting (IPF)...
IPF converged at iteration 46
IPF row error: 2.683914, col error: 0.000000
Starting Iterative Proportional Fitting (IPF)...
IPF converged at iteration 30
IPF row error: 94.952830, col error: 0.000000
Starting Iterative Proportional Fitting (IPF)...
IPF converged at iteration 53
IPF row error: 1.240825, col error: 0.000000
IPF converged at iteration 52
IPF row error: 1.217500, col error: 0.000000
Starting Iterative Proportional Fitting (IPF)...
Starting Iterative Proportional Fitting (IPF)...
IPF converged at iteration 46
IPF row error: 2.683914, col error: 0.000000
Starting Iterative Proportional Fitting (IPF)...
IPF converged at iteration 32
IPF row error: 67.823009, col error: 0.000000
Starting Iterative Proportional Fitting (IPF)...
IPF converged at iteration 46
IPF row error: 2.662268, col error: 0.000000
Starting Iterative Proportional Fitting (IPF)...
IPF converged at iteration 52
IPF row error: 1.213962, col error: 0.000000
IPF converged at iteration 30
IPF row error: 67.411601, col error: 0.000000
Starting Iterative Proportional Fitting (IPF)...
Starting Iterative Proportional Fitting (IPF)...
IPF converged at iteration 32
IPF row error: 69.003956, col error: 0.000000
Starting Iterative Proportional Fitting (IPF)...
IPF converged at iteration 46
IPF row error: 2.683914, col error: 0.000000
IPF converged at iteration 36
IPF row error: 28.811948, col error: 0.000000
  [2023/test] 진행 1320/1750 (75.4%) | 누적 CPC 0.4551 | RMSE 686.3957 | %RMSE 9.7754 | 경과 16.4분 | 예상 남음 5.4분
Starting Iterative Proportional Fitting (IPF)...
Starting Iterative Proportional Fitting (IPF)...
IPF converged at iteration 46
IPF row error: 2.662268, col error: 0.000000
IPF converged at iteration 32
Starting Iterative Proportional Fitting (IPF)...
IPF row error: 64.702736, col error: 0.000000
Starting Iterative Proportional Fitting (IPF)...
IPF converged at iteration 29
IPF row error: 95.308495, col error: 0.000000
IPF converged at iteration 35
Starting Iterative Proportional Fitting (IPF)...
IPF row error: 34.963664, col error: 0.000000
Starting Iterative Proportional Fitting (IPF)...
IPF converged at iteration 26
IPF row error: 169.665638, col error: 0.000000
Starting Iterative Proportional Fitting (IPF)...
IPF converged at iteration 52
IPF row error: 1.213962, col error: 0.000000
Starting Iterative Proportional Fitting (IPF)...
IPF converged at iteration 31
IPF row error: 61.762681, col error: 0.000000
Starting Iterative Proportional Fitting (IPF)...
IPF converged at iteration 30
IPF row error: 83.433724, col error: 0.000000
Starting Iterative Proportional Fitting (IPF)...
IPF converged at iteration 46
IPF row error: 2.683914, col error: 0.000000
Starting Iterative Proportional Fitting (IPF)...
IPF converged at iteration 29
IPF row error: 105.780347, col error: 0.000000
Starting Iterative Proportional Fitting (IPF)...
IPF converged at iteration 31
IPF row error: 83.370719, col error: 0.000000
Starting Iterative Proportional Fitting (IPF)...
IPF converged at iteration 31
IPF row error: 90.662602, col error: 0.000000
Starting Iterative Proportional Fitting (IPF)...
IPF converged at iteration 52
IPF row error: 1.213962, col error: 0.000000
Starting Iterative Proportional Fitting (IPF)...
IPF converged at iteration 25
IPF row error: 192.963178, col error: 0.000000
Starting Iterative Proportional Fitting (IPF)...
IPF converged at iteration 46
IPF row error: 2.683914, col error: 0.000000
IPF converged at iteration 31
Starting Iterative Proportional Fitting (IPF)...
IPF row error: 78.175294, col error: 0.000000
Starting Iterative Proportional Fitting (IPF)...
IPF converged at iteration 53
IPF row error: 1.240825, col error: 0.000000
Starting Iterative Proportional Fitting (IPF)...
IPF converged at iteration 36
IPF row error: 29.140093, col error: 0.000000
Starting Iterative Proportional Fitting (IPF)...
IPF converged at iteration 32
IPF row error: 63.185443, col error: 0.000000
Starting Iterative Proportional Fitting (IPF)...
IPF converged at iteration 46
IPF row error: 2.683914, col error: 0.000000
Starting Iterative Proportional Fitting (IPF)...
IPF converged at iteration 46
IPF row error: 2.683914, col error: 0.000000
Starting Iterative Proportional Fitting (IPF)...
IPF converged at iteration 31
IPF row error: 67.059038, col error: 0.000000
Starting Iterative Proportional Fitting (IPF)...
IPF converged at iteration 29
IPF converged at iteration 46
IPF row error: 106.069995, col error: 0.000000
IPF row error: 2.683914, col error: 0.000000
Starting Iterative Proportional Fitting (IPF)...
Starting Iterative Proportional Fitting (IPF)...
IPF converged at iteration 29
IPF row error: 82.518539, col error: 0.000000
Starting Iterative Proportional Fitting (IPF)...
IPF converged at iteration 52
IPF row error: 1.223066, col error: 0.000000
IPF converged at iteration 46
IPF row error: 2.683914, col error: 0.000000
Starting Iterative Proportional Fitting (IPF)...
Starting Iterative Proportional Fitting (IPF)...
IPF converged at iteration 46
IPF row error: 2.683914, col error: 0.000000
Starting Iterative Proportional Fitting (IPF)...
IPF converged at iteration 29
IPF row error: 108.093628, col error: 0.000000
Starting Iterative Proportional Fitting (IPF)...
IPF converged at iteration 31
IPF row error: 79.348197, col error: 0.000000
  [2023/test] 진행 1350/1750 (77.1%) | 누적 CPC 0.4478 | RMSE 704.7175 | %RMSE 9.8747 | 경과 16.8분 | 예상 남음 5.0분
Starting Iterative Proportional Fitting (IPF)...
IPF converged at iteration 52
IPF converged at iteration 50
IPF row error: 1.233743, col error: 0.000000
IPF row error: 1.217500, col error: 0.000000
Starting Iterative Proportional Fitting (IPF)...
Starting Iterative Proportional Fitting (IPF)...
IPF converged at iteration 48
IPF row error: 1.660393, col error: 0.000000
Starting Iterative Proportional Fitting (IPF)...
IPF converged at iteration 28
IPF row error: 113.791156, col error: 0.000000
IPF converged at iteration 44
Starting Iterative Proportional Fitting (IPF)...
IPF row error: 4.667498, col error: 0.000000
Starting Iterative Proportional Fitting (IPF)...
IPF converged at iteration 48
IPF row error: 1.660393, col error: 0.000000
Starting Iterative Proportional Fitting (IPF)...
IPF converged at iteration 31
IPF row error: 87.725902, col error: 0.000000
Starting Iterative Proportional Fitting (IPF)...
IPF converged at iteration 29
IPF row error: 73.308674, col error: 0.000000
Starting Iterative Proportional Fitting (IPF)...
IPF converged at iteration 32
IPF row error: 158.987629, col error: 0.000000
Starting Iterative Proportional Fitting (IPF)...
IPF converged at iteration 39
IPF row error: 13.543312, col error: 0.000000
Starting Iterative Proportional Fitting (IPF)...
IPF converged at iteration 48
IPF row error: 1.661286, col error: 0.000000
Starting Iterative Proportional Fitting (IPF)...
IPF converged at iteration 48
IPF row error: 1.630733, col error: 0.000000
Starting Iterative Proportional Fitting (IPF)...
IPF converged at iteration 50
IPF row error: 1.233743, col error: 0.000000
Starting Iterative Proportional Fitting (IPF)...
IPF converged at iteration 29
IPF row error: 77.218279, col error: 0.000000
Starting Iterative Proportional Fitting (IPF)...
IPF converged at iteration 33
IPF row error: 37.648402, col error: 0.000000
IPF converged at iteration 57
IPF row error: 1.234168, col error: 0.000000
IPF converged at iteration 30
Starting Iterative Proportional Fitting (IPF)...
IPF row error: 108.536772, col error: 0.000000
IPF converged at iteration 48
Starting Iterative Proportional Fitting (IPF)...
IPF row error: 1.661286, col error: 0.000000
Starting Iterative Proportional Fitting (IPF)...
Starting Iterative Proportional Fitting (IPF)...
IPF converged at iteration 29
IPF row error: 87.364025, col error: 0.000000
IPF converged at iteration 30
Starting Iterative Proportional Fitting (IPF)...
IPF row error: 83.702213, col error: 0.000000
Starting Iterative Proportional Fitting (IPF)...
IPF converged at iteration 48
IPF row error: 1.624040, col error: 0.000000
Starting Iterative Proportional Fitting (IPF)...
IPF converged at iteration 56
IPF row error: 1.437466, col error: 0.000000
Starting Iterative Proportional Fitting (IPF)...
IPF converged at iteration 29
IPF row error: 97.200196, col error: 0.000000
IPF converged at iteration 29
IPF row error: 95.507755, col error: 0.000000
Starting Iterative Proportional Fitting (IPF)...
Starting Iterative Proportional Fitting (IPF)...
IPF converged at iteration 29
IPF row error: 98.117885, col error: 0.000000
IPF converged at iteration 50
Starting Iterative Proportional Fitting (IPF)...
IPF row error: 1.233743, col error: 0.000000
IPF converged at iteration 31
IPF row error: 79.933265, col error: 0.000000
Starting Iterative Proportional Fitting (IPF)...
IPF converged at iteration 44
IPF row error: 4.143247, col error: 0.000000
Starting Iterative Proportional Fitting (IPF)...
Starting Iterative Proportional Fitting (IPF)...
IPF converged at iteration 29
IPF row error: 144.530246, col error: 0.000000
IPF converged at iteration 30
IPF row error: 89.246717, col error: 0.000000
  [2023/test] 진행 1380/1750 (78.9%) | 누적 CPC 0.4443 | RMSE 730.2106 | %RMSE 10.0576 | 경과 17.2분 | 예상 남음 4.6분
Starting Iterative Proportional Fitting (IPF)...
Starting Iterative Proportional Fitting (IPF)...
IPF converged at iteration 48
IPF row error: 1.660393, col error: 0.000000
Starting Iterative Proportional Fitting (IPF)...
IPF converged at iteration 50
IPF row error: 1.301221, col error: 0.000000
Starting Iterative Proportional Fitting (IPF)...
IPF converged at iteration 28
IPF row error: 108.393907, col error: 0.000000
Starting Iterative Proportional Fitting (IPF)...
IPF converged at iteration 31
IPF row error: 184.418283, col error: 0.000000
Starting Iterative Proportional Fitting (IPF)...
IPF converged at iteration 27
IPF row error: 78.283172, col error: 0.000000
Starting Iterative Proportional Fitting (IPF)...
IPF converged at iteration 29
IPF converged at iteration 48IPF row error: 120.443953, col error: 0.000000

IPF row error: 1.660393, col error: 0.000000
Starting Iterative Proportional Fitting (IPF)...
Starting Iterative Proportional Fitting (IPF)...
IPF converged at iteration 57
IPF row error: 1.309487, col error: 0.000000
Starting Iterative Proportional Fitting (IPF)...
IPF converged at iteration 48
IPF row error: 1.630733, col error: 0.000000
Starting Iterative Proportional Fitting (IPF)...
IPF converged at iteration 48
IPF row error: 1.636781, col error: 0.000000
Starting Iterative Proportional Fitting (IPF)...
IPF converged at iteration 57
IPF row error: 1.240537, col error: 0.000000
Starting Iterative Proportional Fitting (IPF)...
IPF converged at iteration 50
IPF row error: 5.192917, col error: 0.000000
IPF converged at iteration 33
IPF row error: 55.393423, col error: 0.000000
Starting Iterative Proportional Fitting (IPF)...
Starting Iterative Proportional Fitting (IPF)...
IPF converged at iteration 48
IPF row error: 1.661286, col error: 0.000000
Starting Iterative Proportional Fitting (IPF)...
IPF converged at iteration 57
IPF row error: 1.270862, col error: 0.000000
Starting Iterative Proportional Fitting (IPF)...
IPF converged at iteration 48
IPF row error: 1.661286, col error: 0.000000
Starting Iterative Proportional Fitting (IPF)...
IPF converged at iteration 57
IPF row error: 1.270862, col error: 0.000000
Starting Iterative Proportional Fitting (IPF)...
IPF converged at iteration 57
IPF row error: 1.240537, col error: 0.000000
IPF converged at iteration 32
IPF row error: 65.371764, col error: 0.000000
Starting Iterative Proportional Fitting (IPF)...
Starting Iterative Proportional Fitting (IPF)...
IPF converged at iteration 29
IPF row error: 107.686920, col error: 0.000000
Starting Iterative Proportional Fitting (IPF)...
IPF converged at iteration 43
IPF row error: 4.991039, col error: 0.000000
IPF converged at iteration 50
IPF row error: 1.301221, col error: 0.000000
Starting Iterative Proportional Fitting (IPF)...
Starting Iterative Proportional Fitting (IPF)...
IPF converged at iteration 52
IPF row error: 1.329792, col error: 0.000000
Starting Iterative Proportional Fitting (IPF)...
IPF converged at iteration 29
IPF converged at iteration 27
IPF row error: 92.981856, col error: 0.000000
IPF row error: 146.332158, col error: 0.000000
Starting Iterative Proportional Fitting (IPF)...
Starting Iterative Proportional Fitting (IPF)...
IPF converged at iteration 39
IPF row error: 12.263283, col error: 0.000000
Starting Iterative Proportional Fitting (IPF)...
IPF converged at iteration 39
IPF row error: 12.496902, col error: 0.000000
Starting Iterative Proportional Fitting (IPF)...
IPF converged at iteration 32
IPF row error: 61.168612, col error: 0.000000
IPF converged at iteration 39
Starting Iterative Proportional Fitting (IPF)...
IPF row error: 12.377792, col error: 0.000000
Starting Iterative Proportional Fitting (IPF)...
IPF converged at iteration 52
IPF row error: 1.345383, col error: 0.000000
  [2023/test] 진행 1410/1750 (80.6%) | 누적 CPC 0.4402 | RMSE 754.6434 | %RMSE 10.2235 | 경과 17.7분 | 예상 남음 4.3분
Starting Iterative Proportional Fitting (IPF)...
IPF converged at iteration 39
IPF row error: 12.408496, col error: 0.000000
IPF converged at iteration 29
IPF row error: 25.729811, col error: 0.000000
Starting Iterative Proportional Fitting (IPF)...
Starting Iterative Proportional Fitting (IPF)...
IPF converged at iteration 32
IPF row error: 69.629411, col error: 0.000000
Starting Iterative Proportional Fitting (IPF)...
IPF converged at iteration 27
IPF row error: 189.303662, col error: 0.000000
Starting Iterative Proportional Fitting (IPF)...
IPF converged at iteration 30
IPF row error: 71.063560, col error: 0.000000
Starting Iterative Proportional Fitting (IPF)...
IPF converged at iteration 28
IPF row error: 136.594159, col error: 0.000000
IPF converged at iteration 39
IPF row error: 12.463470, col error: 0.000000
Starting Iterative Proportional Fitting (IPF)...
Starting Iterative Proportional Fitting (IPF)...
IPF converged at iteration 43
IPF row error: 4.998722, col error: 0.000000
Starting Iterative Proportional Fitting (IPF)...
IPF converged at iteration 29
IPF row error: 99.805612, col error: 0.000000
Starting Iterative Proportional Fitting (IPF)...
IPF converged at iteration 29
IPF row error: 84.623167, col error: 0.000000
Starting Iterative Proportional Fitting (IPF)...
IPF converged at iteration 52
IPF row error: 1.318043, col error: 0.000000
IPF converged at iteration 28
Starting Iterative Proportional Fitting (IPF)...
IPF row error: 138.394815, col error: 0.000000
Starting Iterative Proportional Fitting (IPF)...
IPF converged at iteration 39
IPF row error: 12.280864, col error: 0.000000
Starting Iterative Proportional Fitting (IPF)...
IPF converged at iteration 39
IPF row error: 12.463470, col error: 0.000000
Starting Iterative Proportional Fitting (IPF)...
IPF converged at iteration 31
IPF row error: 76.596371, col error: 0.000000
Starting Iterative Proportional Fitting (IPF)...
IPF converged at iteration 39
IPF row error: 12.440864, col error: 0.000000
Starting Iterative Proportional Fitting (IPF)...
IPF converged at iteration 39
IPF row error: 12.394753, col error: 0.000000
Starting Iterative Proportional Fitting (IPF)...
IPF converged at iteration 43
IPF row error: 4.991039, col error: 0.000000
Starting Iterative Proportional Fitting (IPF)...
IPF converged at iteration 39
IPF row error: 12.263283, col error: 0.000000
Starting Iterative Proportional Fitting (IPF)...
IPF converged at iteration 27
IPF row error: 104.306966, col error: 0.000000
Starting Iterative Proportional Fitting (IPF)...
IPF converged at iteration 39
IPF row error: 12.515111, col error: 0.000000
Starting Iterative Proportional Fitting (IPF)...
IPF converged at iteration 38
IPF row error: 17.178966, col error: 0.000000
IPF converged at iteration 33
Starting Iterative Proportional Fitting (IPF)...
IPF row error: 49.283710, col error: 0.000000
Starting Iterative Proportional Fitting (IPF)...
IPF converged at iteration 33
IPF row error: 51.625032, col error: 0.000000
IPF converged at iteration 39
IPF row error: 12.363933, col error: 0.000000
Starting Iterative Proportional Fitting (IPF)...
Starting Iterative Proportional Fitting (IPF)...
IPF converged at iteration 26
IPF row error: 162.520557, col error: 0.000000
Starting Iterative Proportional Fitting (IPF)...
IPF converged at iteration 30
IPF row error: 77.592156, col error: 0.000000
Starting Iterative Proportional Fitting (IPF)...
IPF converged at iteration 50
IPF row error: 5.360991, col error: 0.000000
Starting Iterative Proportional Fitting (IPF)...
IPF converged at iteration 43
IPF row error: 4.996714, col error: 0.000000
Starting Iterative Proportional Fitting (IPF)...
IPF converged at iteration 29
IPF row error: 86.961296, col error: 0.000000
  [2023/test] 진행 1440/1750 (82.3%) | 누적 CPC 0.4369 | RMSE 772.8142 | %RMSE 10.3238 | 경과 18.0분 | 예상 남음 3.9분
Starting Iterative Proportional Fitting (IPF)...
IPF converged at iteration 30
IPF row error: 87.833636, col error: 0.000000
Starting Iterative Proportional Fitting (IPF)...
IPF converged at iteration 43
IPF row error: 4.999613, col error: 0.000000
IPF converged at iteration 27
IPF row error: 115.163559, col error: 0.000000
Starting Iterative Proportional Fitting (IPF)...
Starting Iterative Proportional Fitting (IPF)...
IPF converged at iteration 52
IPF row error: 1.309097, col error: 0.000000
IPF converged at iteration 29
Starting Iterative Proportional Fitting (IPF)...
IPF row error: 93.860002, col error: 0.000000
Starting Iterative Proportional Fitting (IPF)...
IPF converged at iteration 29
IPF row error: 90.501613, col error: 0.000000
Starting Iterative Proportional Fitting (IPF)...
IPF converged at iteration 31
IPF row error: 85.041919, col error: 0.000000
Starting Iterative Proportional Fitting (IPF)...
IPF converged at iteration 31
IPF row error: 76.352072, col error: 0.000000
IPF converged at iteration 29
IPF row error: 111.652549, col error: 0.000000
Starting Iterative Proportional Fitting (IPF)...
Starting Iterative Proportional Fitting (IPF)...
IPF converged at iteration 31
IPF row error: 77.832220, col error: 0.000000
Starting Iterative Proportional Fitting (IPF)...
IPF converged at iteration 39
IPF row error: 12.377792, col error: 0.000000
Starting Iterative Proportional Fitting (IPF)...
IPF converged at iteration 43
IPF row error: 5.090234, col error: 0.000000
Starting Iterative Proportional Fitting (IPF)...
IPF converged at iteration 32
IPF row error: 64.124924, col error: 0.000000
IPF converged at iteration 49
IPF row error: 1.362413, col error: 0.000000
IPF converged at iteration 31
IPF row error: 72.912241, col error: 0.000000
Starting Iterative Proportional Fitting (IPF)...
Starting Iterative Proportional Fitting (IPF)...
Starting Iterative Proportional Fitting (IPF)...
IPF converged at iteration 32
IPF row error: 81.653458, col error: 0.000000
Starting Iterative Proportional Fitting (IPF)...
IPF converged at iteration 29
IPF row error: 79.198618, col error: 0.000000
Starting Iterative Proportional Fitting (IPF)...
IPF converged at iteration 49
IPF row error: 1.359767, col error: 0.000000
Starting Iterative Proportional Fitting (IPF)...
IPF converged at iteration 51
IPF row error: 1.314585, col error: 0.000000
Starting Iterative Proportional Fitting (IPF)...
IPF converged at iteration 30
IPF row error: 80.831828, col error: 0.000000
Starting Iterative Proportional Fitting (IPF)...
IPF converged at iteration 31
IPF row error: 84.701384, col error: 0.000000
Starting Iterative Proportional Fitting (IPF)...
IPF converged at iteration 30
IPF row error: 236.393381, col error: 0.000000
IPF converged at iteration 28
Starting Iterative Proportional Fitting (IPF)...
IPF row error: 140.975091, col error: 0.000000
Starting Iterative Proportional Fitting (IPF)...
IPF converged at iteration 29
IPF row error: 74.329379, col error: 0.000000
Starting Iterative Proportional Fitting (IPF)...
IPF converged at iteration 43
IPF row error: 5.073437, col error: 0.000000
Starting Iterative Proportional Fitting (IPF)...
IPF converged at iteration 43
IPF row error: 5.068274, col error: 0.000000
Starting Iterative Proportional Fitting (IPF)...
IPF converged at iteration 33
IPF row error: 37.913200, col error: 0.000000
Starting Iterative Proportional Fitting (IPF)...
IPF converged at iteration 51
IPF converged at iteration 30
IPF row error: 1.343245, col error: 0.000000
IPF row error: 85.401723, col error: 0.000000
Starting Iterative Proportional Fitting (IPF)...
Starting Iterative Proportional Fitting (IPF)...
IPF converged at iteration 31
IPF converged at iteration 43
IPF row error: 53.479899, col error: 0.000000
  [2023/test] 진행 1470/1750 (84.0%) | 누적 CPC 0.4339 | RMSE 781.4976 | %RMSE 10.3734 | 경과 18.4분 | 예상 남음 3.5분
IPF row error: 5.052448, col error: 0.000000
Starting Iterative Proportional Fitting (IPF)...
Starting Iterative Proportional Fitting (IPF)...
IPF converged at iteration 51
IPF row error: 1.322935, col error: 0.000000
Starting Iterative Proportional Fitting (IPF)...
IPF converged at iteration 51
IPF row error: 1.343245, col error: 0.000000
Starting Iterative Proportional Fitting (IPF)...
IPF converged at iteration 29
IPF row error: 87.720991, col error: 0.000000
Starting Iterative Proportional Fitting (IPF)...
IPF converged at iteration 49
IPF row error: 1.359534, col error: 0.000000
Starting Iterative Proportional Fitting (IPF)...
IPF converged at iteration 34
IPF row error: 43.711141, col error: 0.000000
IPF converged at iteration 43
IPF row error: 5.063600, col error: 0.000000
Starting Iterative Proportional Fitting (IPF)...
Starting Iterative Proportional Fitting (IPF)...
IPF converged at iteration 43
IPF row error: 5.077124, col error: 0.000000
Starting Iterative Proportional Fitting (IPF)...
IPF converged at iteration 33
IPF row error: 51.881067, col error: 0.000000
IPF converged at iteration 43
Starting Iterative Proportional Fitting (IPF)...
IPF row error: 5.052448, col error: 0.000000
Starting Iterative Proportional Fitting (IPF)...
IPF converged at iteration 51
IPF converged at iteration 29
IPF row error: 1.345439, col error: 0.000000
IPF row error: 92.585005, col error: 0.000000
Starting Iterative Proportional Fitting (IPF)...
Starting Iterative Proportional Fitting (IPF)...
IPF converged at iteration 27
IPF row error: 123.768432, col error: 0.000000
Starting Iterative Proportional Fitting (IPF)...
IPF converged at iteration 43
IPF converged at iteration 29
IPF row error: 5.061330, col error: 0.000000
IPF row error: 119.733646, col error: 0.000000
IPF converged at iteration 31
Starting Iterative Proportional Fitting (IPF)...
IPF row error: 81.862465, col error: 0.000000
Starting Iterative Proportional Fitting (IPF)...
Starting Iterative Proportional Fitting (IPF)...
IPF converged at iteration 26
IPF row error: 142.481350, col error: 0.000000
Starting Iterative Proportional Fitting (IPF)...
IPF converged at iteration 32
IPF row error: 90.489021, col error: 0.000000
Starting Iterative Proportional Fitting (IPF)...
IPF converged at iteration 37
IPF row error: 20.629423, col error: 0.000000
Starting Iterative Proportional Fitting (IPF)...
IPF converged at iteration 51
IPF row error: 1.343245, col error: 0.000000
IPF converged at iteration 43
IPF row error: 5.068101, col error: 0.000000
Starting Iterative Proportional Fitting (IPF)...
Starting Iterative Proportional Fitting (IPF)...
IPF converged at iteration 43
IPF row error: 4.989363, col error: 0.000000
Starting Iterative Proportional Fitting (IPF)...
IPF converged at iteration 43
IPF row error: 5.056490, col error: 0.000000
Starting Iterative Proportional Fitting (IPF)...
IPF converged at iteration 43
IPF row error: 4.989363, col error: 0.000000
Starting Iterative Proportional Fitting (IPF)...
IPF converged at iteration 51
IPF row error: 1.314585, col error: 0.000000
Starting Iterative Proportional Fitting (IPF)...
IPF converged at iteration 29
IPF row error: 98.763375, col error: 0.000000
Starting Iterative Proportional Fitting (IPF)...
IPF converged at iteration 43
IPF row error: 5.061290, col error: 0.000000
IPF converged at iteration 31
IPF row error: 76.755457, col error: 0.000000
Starting Iterative Proportional Fitting (IPF)...
IPF converged at iteration 29
IPF row error: 98.101997, col error: 0.000000
Starting Iterative Proportional Fitting (IPF)...
Starting Iterative Proportional Fitting (IPF)...
IPF converged at iteration 49
IPF row error: 1.359855, col error: 0.000000
  [2023/test] 진행 1500/1750 (85.7%) | 누적 CPC 0.4303 | RMSE 787.9418 | %RMSE 10.4100 | 경과 18.8분 | 예상 남음 3.1분
IPF converged at iteration 30
IPF row error: 91.285961, col error: 0.000000
Starting Iterative Proportional Fitting (IPF)...
Starting Iterative Proportional Fitting (IPF)...
IPF converged at iteration 48
IPF row error: 1.835967, col error: 0.000000
IPF converged at iteration 48
IPF row error: 1.856923, col error: 0.000000
Starting Iterative Proportional Fitting (IPF)...
Starting Iterative Proportional Fitting (IPF)...
IPF converged at iteration 29
IPF row error: 102.721220, col error: 0.000000
Starting Iterative Proportional Fitting (IPF)...
IPF converged at iteration 48
IPF row error: 1.823477, col error: 0.000000
IPF converged at iteration 29
IPF row error: 94.820744, col error: 0.000000
Starting Iterative Proportional Fitting (IPF)...
Starting Iterative Proportional Fitting (IPF)...
IPF converged at iteration 48
IPF row error: 1.856923, col error: 0.000000
Starting Iterative Proportional Fitting (IPF)...
IPF converged at iteration 48
IPF row error: 1.825175, col error: 0.000000
Starting Iterative Proportional Fitting (IPF)...
IPF converged at iteration 47
IPF row error: 2.256116, col error: 0.000000
Starting Iterative Proportional Fitting (IPF)...
IPF converged at iteration 54
IPF row error: 1.234334, col error: 0.000000
IPF converged at iteration 30
IPF row error: 112.462823, col error: 0.000000
Starting Iterative Proportional Fitting (IPF)...
Starting Iterative Proportional Fitting (IPF)...
IPF converged at iteration 48
IPF row error: 1.880119, col error: 0.000000
IPF converged at iteration 32
IPF row error: 68.529288, col error: 0.000000
Starting Iterative Proportional Fitting (IPF)...
Starting Iterative Proportional Fitting (IPF)...
IPF converged at iteration 48
IPF row error: 1.827236, col error: 0.000000
Starting Iterative Proportional Fitting (IPF)...
IPF converged at iteration 53
IPF row error: 1.437222, col error: 0.000000
Starting Iterative Proportional Fitting (IPF)...
IPF converged at iteration 49
IPF converged at iteration 48
IPF row error: 1.521174, col error: 0.000000
IPF row error: 1.802961, col error: 0.000000
IPF converged at iteration 25
IPF row error: 214.291280, col error: 0.000000
Starting Iterative Proportional Fitting (IPF)...
IPF converged at iteration 31
Starting Iterative Proportional Fitting (IPF)...
IPF row error: 79.156592, col error: 0.000000
Starting Iterative Proportional Fitting (IPF)...
Starting Iterative Proportional Fitting (IPF)...
IPF converged at iteration 27
IPF row error: 160.160913, col error: 0.000000
IPF converged at iteration 29
IPF row error: 74.481775, col error: 0.000000
Starting Iterative Proportional Fitting (IPF)...
IPF converged at iteration 29
Starting Iterative Proportional Fitting (IPF)...
IPF row error: 80.098779, col error: 0.000000
Starting Iterative Proportional Fitting (IPF)...
IPF converged at iteration 48
IPF row error: 1.777900, col error: 0.000000
Starting Iterative Proportional Fitting (IPF)...
IPF converged at iteration 25
IPF row error: 206.980430, col error: 0.000000
Starting Iterative Proportional Fitting (IPF)...
IPF converged at iteration 31
IPF row error: 86.095853, col error: 0.000000
Starting Iterative Proportional Fitting (IPF)...
IPF converged at iteration 30
IPF row error: 99.046688, col error: 0.000000
Starting Iterative Proportional Fitting (IPF)...
IPF converged at iteration 30
IPF row error: 89.048895, col error: 0.000000
Starting Iterative Proportional Fitting (IPF)...
IPF converged at iteration 29
IPF row error: 106.056382, col error: 0.000000
Starting Iterative Proportional Fitting (IPF)...
IPF converged at iteration 29
IPF row error: 123.433504, col error: 0.000000
Starting Iterative Proportional Fitting (IPF)...
IPF converged at iteration 48
IPF row error: 1.785145, col error: 0.000000
  [2023/test] 진행 1530/1750 (87.4%) | 누적 CPC 0.4260 | RMSE 788.2234 | %RMSE 10.4824 | 경과 19.2분 | 예상 남음 2.8분
Starting Iterative Proportional Fitting (IPF)...
IPF converged at iteration 27
IPF row error: 125.449305, col error: 0.000000
Starting Iterative Proportional Fitting (IPF)...
IPF converged at iteration 32
IPF row error: 65.203503, col error: 0.000000
Starting Iterative Proportional Fitting (IPF)...
IPF converged at iteration 32
IPF row error: 69.016949, col error: 0.000000
Starting Iterative Proportional Fitting (IPF)...
IPF converged at iteration 31
IPF row error: 81.411480, col error: 0.000000
IPF converged at iteration 27
Starting Iterative Proportional Fitting (IPF)...
IPF row error: 114.850654, col error: 0.000000
Starting Iterative Proportional Fitting (IPF)...
IPF converged at iteration 31
IPF row error: 88.351010, col error: 0.000000
IPF converged at iteration 28
IPF row error: 74.529159, col error: 0.000000
IPF converged at iteration 42
IPF row error: 6.936916, col error: 0.000000
Starting Iterative Proportional Fitting (IPF)...
Starting Iterative Proportional Fitting (IPF)...
Starting Iterative Proportional Fitting (IPF)...
IPF converged at iteration 52
IPF row error: 1.427737, col error: 0.000000
Starting Iterative Proportional Fitting (IPF)...
IPF converged at iteration 29
IPF row error: 98.851080, col error: 0.000000
IPF converged at iteration 31
IPF row error: 73.410634, col error: 0.000000
Starting Iterative Proportional Fitting (IPF)...IPF converged at iteration 32

IPF row error: 73.639011, col error: 0.000000
Starting Iterative Proportional Fitting (IPF)...
Starting Iterative Proportional Fitting (IPF)...
IPF converged at iteration 37
IPF row error: 22.999438, col error: 0.000000
Starting Iterative Proportional Fitting (IPF)...
IPF converged at iteration 25
IPF row error: 186.886639, col error: 0.000000
Starting Iterative Proportional Fitting (IPF)...
IPF converged at iteration 32
IPF row error: 61.102506, col error: 0.000000
Starting Iterative Proportional Fitting (IPF)...
IPF converged at iteration 53
IPF row error: 1.219599, col error: 0.000000
Starting Iterative Proportional Fitting (IPF)...
IPF converged at iteration 28
IPF row error: 107.217928, col error: 0.000000
IPF converged at iteration 52
IPF row error: 1.427737, col error: 0.000000
Starting Iterative Proportional Fitting (IPF)...
Starting Iterative Proportional Fitting (IPF)...
IPF converged at iteration 48
IPF row error: 1.825603, col error: 0.000000
Starting Iterative Proportional Fitting (IPF)...
IPF converged at iteration 43
IPF row error: 5.807671, col error: 0.000000
Starting Iterative Proportional Fitting (IPF)...
IPF converged at iteration 42
IPF row error: 7.448815, col error: 0.000000
Starting Iterative Proportional Fitting (IPF)...
IPF converged at iteration 53
IPF row error: 1.249317, col error: 0.000000
Starting Iterative Proportional Fitting (IPF)...
IPF converged at iteration 50
IPF row error: 1.432315, col error: 0.000000
Starting Iterative Proportional Fitting (IPF)...
IPF converged at iteration 44
IPF row error: 4.696063, col error: 0.000000
Starting Iterative Proportional Fitting (IPF)...
IPF converged at iteration 50
IPF row error: 1.437281, col error: 0.000000
Starting Iterative Proportional Fitting (IPF)...
IPF converged at iteration 34
IPF row error: 45.863273, col error: 0.000000
Starting Iterative Proportional Fitting (IPF)...
IPF converged at iteration 53
IPF row error: 1.250672, col error: 0.000000
Starting Iterative Proportional Fitting (IPF)...
IPF converged at iteration 30
IPF row error: 96.922378, col error: 0.000000
Starting Iterative Proportional Fitting (IPF)...
IPF converged at iteration 50
IPF row error: 1.426727, col error: 0.000000
Starting Iterative Proportional Fitting (IPF)...
IPF converged at iteration 28
IPF row error: 87.496771, col error: 0.000000
  [2023/test] 진행 1560/1750 (89.1%) | 누적 CPC 0.4228 | RMSE 784.3627 | %RMSE 10.5125 | 경과 19.6분 | 예상 남음 2.4분
Starting Iterative Proportional Fitting (IPF)...
IPF converged at iteration 53
IPF row error: 1.244571, col error: 0.000000
Starting Iterative Proportional Fitting (IPF)...
IPF converged at iteration 53
IPF row error: 1.250672, col error: 0.000000
IPF converged at iteration 39
IPF row error: 13.293976, col error: 0.000000
Starting Iterative Proportional Fitting (IPF)...
IPF converged at iteration 50
IPF row error: 1.430707, col error: 0.000000
Starting Iterative Proportional Fitting (IPF)...
Starting Iterative Proportional Fitting (IPF)...
IPF converged at iteration 27
IPF converged at iteration 56
IPF row error: 134.754568, col error: 0.000000
IPF row error: 1.318193, col error: 0.000000
IPF converged at iteration 30
IPF row error: 100.070489, col error: 0.000000
Starting Iterative Proportional Fitting (IPF)...
Starting Iterative Proportional Fitting (IPF)...
Starting Iterative Proportional Fitting (IPF)...
IPF converged at iteration 56
IPF row error: 1.322329, col error: 0.000000
IPF converged at iteration 31
IPF row error: 69.382941, col error: 0.000000
Starting Iterative Proportional Fitting (IPF)...
Starting Iterative Proportional Fitting (IPF)...
IPF converged at iteration 50
IPF converged at iteration 50
IPF row error: 1.441988, col error: 0.000000
IPF row error: 1.431516, col error: 0.000000
Starting Iterative Proportional Fitting (IPF)...
Starting Iterative Proportional Fitting (IPF)...
IPF converged at iteration 32
IPF row error: 69.111437, col error: 0.000000
Starting Iterative Proportional Fitting (IPF)...
IPF converged at iteration 56
IPF row error: 1.322329, col error: 0.000000
Starting Iterative Proportional Fitting (IPF)...
IPF converged at iteration 53
IPF row error: 1.245210, col error: 0.000000
IPF converged at iteration 56
IPF row error: 1.322329, col error: 0.000000
Starting Iterative Proportional Fitting (IPF)...
Starting Iterative Proportional Fitting (IPF)...
IPF converged at iteration 50
IPF row error: 1.443624, col error: 0.000000
Starting Iterative Proportional Fitting (IPF)...
IPF converged at iteration 29
IPF row error: 98.627972, col error: 0.000000
IPF converged at iteration 50
IPF row error: 1.443624, col error: 0.000000
Starting Iterative Proportional Fitting (IPF)...
Starting Iterative Proportional Fitting (IPF)...
IPF converged at iteration 51
IPF row error: 1.207815, col error: 0.000000
IPF converged at iteration 47
IPF row error: 2.262609, col error: 0.000000
Starting Iterative Proportional Fitting (IPF)...
Starting Iterative Proportional Fitting (IPF)...
IPF converged at iteration 31
IPF row error: 174.244069, col error: 0.000000
Starting Iterative Proportional Fitting (IPF)...
IPF converged at iteration 53
IPF row error: 1.229143, col error: 0.000000
Starting Iterative Proportional Fitting (IPF)...
IPF converged at iteration 56
IPF row error: 1.328608, col error: 0.000000
IPF converged at iteration 56
Starting Iterative Proportional Fitting (IPF)...
IPF row error: 1.318193, col error: 0.000000
IPF converged at iteration 27
IPF row error: 120.614553, col error: 0.000000
Starting Iterative Proportional Fitting (IPF)...
Starting Iterative Proportional Fitting (IPF)...
IPF converged at iteration 53
IPF row error: 1.244571, col error: 0.000000
Starting Iterative Proportional Fitting (IPF)...
IPF converged at iteration 29
IPF row error: 7.128016, col error: 0.000000
IPF converged at iteration 29
Starting Iterative Proportional Fitting (IPF)...
IPF row error: 89.820171, col error: 0.000000
IPF converged at iteration 25
IPF row error: 60.930117, col error: 0.000000
Starting Iterative Proportional Fitting (IPF)...
Starting Iterative Proportional Fitting (IPF)...
IPF converged at iteration 50
IPF row error: 1.432769, col error: 0.000000
  [2023/test] 진행 1590/1750 (90.9%) | 누적 CPC 0.4189 | RMSE 774.9674 | %RMSE 10.4744 | 경과 20.0분 | 예상 남음 2.0분
Starting Iterative Proportional Fitting (IPF)...
IPF converged at iteration 36
IPF row error: 28.518074, col error: 0.000000
Starting Iterative Proportional Fitting (IPF)...
IPF converged at iteration 53
IPF row error: 1.241678, col error: 0.000000
IPF converged at iteration 50
IPF row error: 1.439259, col error: 0.000000
Starting Iterative Proportional Fitting (IPF)...
Starting Iterative Proportional Fitting (IPF)...
IPF converged at iteration 50
IPF row error: 1.431371, col error: 0.000000
Starting Iterative Proportional Fitting (IPF)...
IPF converged at iteration 28
IPF row error: 167.605076, col error: 0.000000
Starting Iterative Proportional Fitting (IPF)...
IPF converged at iteration 53
IPF row error: 1.229587, col error: 0.000000
Starting Iterative Proportional Fitting (IPF)...
IPF converged at iteration 56
IPF row error: 1.328608, col error: 0.000000
Starting Iterative Proportional Fitting (IPF)...
IPF converged at iteration 50
IPF row error: 1.438650, col error: 0.000000
Starting Iterative Proportional Fitting (IPF)...
IPF converged at iteration 50
IPF row error: 1.443624, col error: 0.000000
Starting Iterative Proportional Fitting (IPF)...
IPF converged at iteration 28
IPF row error: 93.665759, col error: 0.000000
IPF converged at iteration 50
IPF row error: 1.437281, col error: 0.000000
Starting Iterative Proportional Fitting (IPF)...
Starting Iterative Proportional Fitting (IPF)...
IPF converged at iteration 31
IPF row error: 91.484953, col error: 0.000000
IPF converged at iteration 50
IPF row error: 1.305937, col error: 0.000000
Starting Iterative Proportional Fitting (IPF)...
Starting Iterative Proportional Fitting (IPF)...
IPF converged at iteration 31
IPF row error: 79.210153, col error: 0.000000
Starting Iterative Proportional Fitting (IPF)...
IPF converged at iteration 50
IPF row error: 1.488022, col error: 0.000000
Starting Iterative Proportional Fitting (IPF)...
IPF converged at iteration 30
IPF row error: 79.564717, col error: 0.000000
Starting Iterative Proportional Fitting (IPF)...
IPF converged at iteration 50
IPF row error: 1.424763, col error: 0.000000
Starting Iterative Proportional Fitting (IPF)...
IPF converged at iteration 55
IPF row error: 1.329326, col error: 0.000000
Starting Iterative Proportional Fitting (IPF)...
IPF converged at iteration 31
IPF row error: 79.331649, col error: 0.000000
Starting Iterative Proportional Fitting (IPF)...
IPF converged at iteration 44
IPF row error: 4.361236, col error: 0.000000
Starting Iterative Proportional Fitting (IPF)...
IPF converged at iteration 28
IPF row error: 184.786527, col error: 0.000000
IPF converged at iteration 44
IPF row error: 4.394963, col error: 0.000000
Starting Iterative Proportional Fitting (IPF)...
Starting Iterative Proportional Fitting (IPF)...
IPF converged at iteration 31
IPF row error: 79.565749, col error: 0.000000
Starting Iterative Proportional Fitting (IPF)...
IPF converged at iteration 44
IPF row error: 4.651742, col error: 0.000000
Starting Iterative Proportional Fitting (IPF)...
IPF converged at iteration 30
IPF row error: 86.021625, col error: 0.000000
Starting Iterative Proportional Fitting (IPF)...
IPF converged at iteration 44
IPF row error: 4.592523, col error: 0.000000
IPF converged at iteration 44
IPF row error: 4.416297, col error: 0.000000
Starting Iterative Proportional Fitting (IPF)...
Starting Iterative Proportional Fitting (IPF)...
IPF converged at iteration 39
IPF row error: 15.446530, col error: 0.000000
Starting Iterative Proportional Fitting (IPF)...
IPF converged at iteration 31
IPF row error: 57.985299, col error: 0.000000
Starting Iterative Proportional Fitting (IPF)...
IPF converged at iteration 30
IPF row error: 148.883882, col error: 0.000000
IPF converged at iteration 30
  [2023/test] 진행 1620/1750 (92.6%) | 누적 CPC 0.4173 | RMSE 769.5169 | %RMSE 10.4700 | 경과 20.5분 | 예상 남음 1.6분
IPF row error: 119.202114, col error: 0.000000
Starting Iterative Proportional Fitting (IPF)...
Starting Iterative Proportional Fitting (IPF)...
IPF converged at iteration 44
IPF row error: 4.509586, col error: 0.000000
Starting Iterative Proportional Fitting (IPF)...
IPF converged at iteration 50
IPF row error: 1.274488, col error: 0.000000
Starting Iterative Proportional Fitting (IPF)...
IPF converged at iteration 48
IPF row error: 1.789663, col error: 0.000000
IPF converged at iteration 50
IPF row error: 1.473179, col error: 0.000000
Starting Iterative Proportional Fitting (IPF)...
Starting Iterative Proportional Fitting (IPF)...
IPF converged at iteration 44
IPF row error: 4.392161, col error: 0.000000
Starting Iterative Proportional Fitting (IPF)...
IPF converged at iteration 32
IPF converged at iteration 31
IPF row error: 31.920350, col error: 0.000000
IPF row error: 90.786238, col error: 0.000000
Starting Iterative Proportional Fitting (IPF)...
Starting Iterative Proportional Fitting (IPF)...
IPF converged at iteration 44
IPF row error: 5.371756, col error: 0.000000
Starting Iterative Proportional Fitting (IPF)...
IPF converged at iteration 44
IPF row error: 4.598933, col error: 0.000000
Starting Iterative Proportional Fitting (IPF)...
IPF converged at iteration 33
IPF row error: 56.917429, col error: 0.000000
Starting Iterative Proportional Fitting (IPF)...
IPF converged at iteration 48
IPF row error: 1.764403, col error: 0.000000
Starting Iterative Proportional Fitting (IPF)...
IPF converged at iteration 55
IPF row error: 1.252684, col error: 0.000000
Starting Iterative Proportional Fitting (IPF)...
IPF converged at iteration 41
IPF row error: 8.934734, col error: 0.000000
Starting Iterative Proportional Fitting (IPF)...
IPF converged at iteration 55
IPF row error: 1.317809, col error: 0.000000
Starting Iterative Proportional Fitting (IPF)...
IPF converged at iteration 55
IPF row error: 1.226328, col error: 0.000000
Starting Iterative Proportional Fitting (IPF)...
IPF converged at iteration 51
IPF row error: 1.219458, col error: 0.000000
Starting Iterative Proportional Fitting (IPF)...
IPF converged at iteration 31
IPF row error: 78.967809, col error: 0.000000
Starting Iterative Proportional Fitting (IPF)...
IPF converged at iteration 31
IPF row error: 77.673873, col error: 0.000000
Starting Iterative Proportional Fitting (IPF)...
IPF converged at iteration 48
IPF row error: 1.783121, col error: 0.000000
Starting Iterative Proportional Fitting (IPF)...
IPF converged at iteration 45
IPF row error: 4.226695, col error: 0.000000
Starting Iterative Proportional Fitting (IPF)...
IPF converged at iteration 50
IPF row error: 1.297499, col error: 0.000000
Starting Iterative Proportional Fitting (IPF)...
IPF converged at iteration 36IPF converged at iteration 29

IPF row error: 95.500618, col error: 0.000000
IPF row error: 30.778282, col error: 0.000000
Starting Iterative Proportional Fitting (IPF)...
Starting Iterative Proportional Fitting (IPF)...
IPF converged at iteration 27
IPF row error: 236.182497, col error: 0.000000
Starting Iterative Proportional Fitting (IPF)...
IPF converged at iteration 30
IPF row error: 83.838765, col error: 0.000000
Starting Iterative Proportional Fitting (IPF)...
IPF converged at iteration 44
IPF row error: 4.339512, col error: 0.000000
Starting Iterative Proportional Fitting (IPF)...
IPF converged at iteration 50
IPF row error: 1.488361, col error: 0.000000
IPF converged at iteration 42
IPF row error: 7.307147, col error: 0.000000
Starting Iterative Proportional Fitting (IPF)...
Starting Iterative Proportional Fitting (IPF)...
IPF converged at iteration 28
IPF row error: 120.673433, col error: 0.000000
  [2023/test] 진행 1650/1750 (94.3%) | 누적 CPC 0.4162 | RMSE 767.2868 | %RMSE 10.4964 | 경과 20.9분 | 예상 남음 1.3분
Starting Iterative Proportional Fitting (IPF)...
IPF converged at iteration 32
IPF row error: 73.323824, col error: 0.000000
Starting Iterative Proportional Fitting (IPF)...
IPF converged at iteration 42
IPF row error: 6.388709, col error: 0.000000
Starting Iterative Proportional Fitting (IPF)...
IPF converged at iteration 52
IPF row error: 1.229917, col error: 0.000000
Starting Iterative Proportional Fitting (IPF)...
IPF converged at iteration 46
IPF row error: 2.837180, col error: 0.000000
Starting Iterative Proportional Fitting (IPF)...
IPF converged at iteration 46
IPF row error: 2.733846, col error: 0.000000
Starting Iterative Proportional Fitting (IPF)...
IPF converged at iteration 31
IPF row error: 85.803875, col error: 0.000000
Starting Iterative Proportional Fitting (IPF)...
IPF converged at iteration 52
IPF row error: 1.229917, col error: 0.000000
IPF converged at iteration 46
Starting Iterative Proportional Fitting (IPF)...
IPF row error: 2.733170, col error: 0.000000
Starting Iterative Proportional Fitting (IPF)...
IPF converged at iteration 46
IPF row error: 2.696538, col error: 0.000000
Starting Iterative Proportional Fitting (IPF)...
IPF converged at iteration 31
IPF row error: 84.340337, col error: 0.000000
IPF converged at iteration 30
IPF row error: 69.010444, col error: 0.000000
Starting Iterative Proportional Fitting (IPF)...
Starting Iterative Proportional Fitting (IPF)...
IPF converged at iteration 46
IPF row error: 2.732272, col error: 0.000000
Starting Iterative Proportional Fitting (IPF)...
IPF converged at iteration 29
IPF row error: 123.606736, col error: 0.000000
Starting Iterative Proportional Fitting (IPF)...
IPF converged at iteration 36
IPF row error: 23.806790, col error: 0.000000
Starting Iterative Proportional Fitting (IPF)...
IPF converged at iteration 42
IPF row error: 6.810295, col error: 0.000000
IPF converged at iteration 27
Starting Iterative Proportional Fitting (IPF)...
IPF row error: 38.639183, col error: 0.000000
Starting Iterative Proportional Fitting (IPF)...
IPF converged at iteration 46
IPF row error: 2.743351, col error: 0.000000
Starting Iterative Proportional Fitting (IPF)...
IPF converged at iteration 31
IPF row error: 64.779408, col error: 0.000000
Starting Iterative Proportional Fitting (IPF)...
IPF converged at iteration 30
IPF row error: 89.258193, col error: 0.000000
Starting Iterative Proportional Fitting (IPF)...
IPF converged at iteration 30
IPF row error: 93.377583, col error: 0.000000
Starting Iterative Proportional Fitting (IPF)...
IPF converged at iteration 52
IPF row error: 1.217500, col error: 0.000000
Starting Iterative Proportional Fitting (IPF)...
IPF converged at iteration 24
IPF row error: 159.005924, col error: 0.000000
Starting Iterative Proportional Fitting (IPF)...
IPF converged at iteration 46
IPF row error: 2.733846, col error: 0.000000
Starting Iterative Proportional Fitting (IPF)...
IPF converged at iteration 31
IPF row error: 89.710211, col error: 0.000000IPF converged at iteration 23

IPF row error: 82.733209, col error: 0.000000
Starting Iterative Proportional Fitting (IPF)...
Starting Iterative Proportional Fitting (IPF)...
IPF converged at iteration 32
IPF row error: 54.736054, col error: 0.000000
Starting Iterative Proportional Fitting (IPF)...
IPF converged at iteration 31
IPF row error: 181.286575, col error: 0.000000
Starting Iterative Proportional Fitting (IPF)...
IPF converged at iteration 46
IPF row error: 2.669614, col error: 0.000000
IPF converged at iteration 42
IPF row error: 6.998603, col error: 0.000000
Starting Iterative Proportional Fitting (IPF)...
Starting Iterative Proportional Fitting (IPF)...
IPF converged at iteration 29
IPF row error: 87.417643, col error: 0.000000
  [2023/test] 진행 1680/1750 (96.0%) | 누적 CPC 0.4136 | RMSE 769.6697 | %RMSE 10.5250 | 경과 21.3분 | 예상 남음 0.9분
Starting Iterative Proportional Fitting (IPF)...
IPF converged at iteration 24
IPF row error: 60.446588, col error: 0.000000
Starting Iterative Proportional Fitting (IPF)...
IPF converged at iteration 30
IPF row error: 88.438328, col error: 0.000000
IPF converged at iteration 52
Starting Iterative Proportional Fitting (IPF)...
IPF row error: 1.217500, col error: 0.000000
IPF converged at iteration 42
IPF row error: 6.957500, col error: 0.000000
Starting Iterative Proportional Fitting (IPF)...
Starting Iterative Proportional Fitting (IPF)...
IPF converged at iteration 47
IPF row error: 2.208259, col error: 0.000000
IPF converged at iteration 32
IPF row error: 69.339238, col error: 0.000000
Starting Iterative Proportional Fitting (IPF)...
IPF converged at iteration 32
Starting Iterative Proportional Fitting (IPF)...
IPF row error: 74.391491, col error: 0.000000
Starting Iterative Proportional Fitting (IPF)...
IPF converged at iteration 46
IPF row error: 2.837180, col error: 0.000000
Starting Iterative Proportional Fitting (IPF)...
IPF converged at iteration 30
IPF row error: 84.870872, col error: 0.000000
IPF converged at iteration 28
IPF row error: 90.191765, col error: 0.000000
Starting Iterative Proportional Fitting (IPF)...
Starting Iterative Proportional Fitting (IPF)...
IPF converged at iteration 46
IPF row error: 2.835573, col error: 0.000000
Starting Iterative Proportional Fitting (IPF)...
IPF converged at iteration 47
IPF converged at iteration 31
IPF row error: 77.714355, col error: 0.000000
IPF row error: 2.193638, col error: 0.000000
Starting Iterative Proportional Fitting (IPF)...
Starting Iterative Proportional Fitting (IPF)...
IPF converged at iteration 46
IPF row error: 2.860602, col error: 0.000000
Starting Iterative Proportional Fitting (IPF)...
IPF converged at iteration 52
IPF converged at iteration 30
IPF row error: 1.217500, col error: 0.000000
IPF row error: 98.237363, col error: 0.000000
Starting Iterative Proportional Fitting (IPF)...
Starting Iterative Proportional Fitting (IPF)...
IPF converged at iteration 30
IPF row error: 87.779402, col error: 0.000000
IPF converged at iteration 46
IPF row error: 2.747329, col error: 0.000000
Starting Iterative Proportional Fitting (IPF)...
Starting Iterative Proportional Fitting (IPF)...
IPF converged at iteration 30
IPF row error: 85.780420, col error: 0.000000
IPF converged at iteration 32
IPF row error: 65.563625, col error: 0.000000
Starting Iterative Proportional Fitting (IPF)...
Starting Iterative Proportional Fitting (IPF)...
IPF converged at iteration 42
IPF row error: 6.048296, col error: 0.000000
Starting Iterative Proportional Fitting (IPF)...
IPF converged at iteration 50
IPF row error: 1.291683, col error: 0.000000
Starting Iterative Proportional Fitting (IPF)...
IPF converged at iteration 38
IPF row error: 14.910760, col error: 0.000000
Starting Iterative Proportional Fitting (IPF)...
IPF converged at iteration 50
IPF row error: 1.301675, col error: 0.000000
Starting Iterative Proportional Fitting (IPF)...
IPF converged at iteration 29
IPF row error: 68.517644, col error: 0.000000
Starting Iterative Proportional Fitting (IPF)...
IPF converged at iteration 27
IPF row error: 140.698034, col error: 0.000000
Starting Iterative Proportional Fitting (IPF)...
IPF converged at iteration 42
IPF row error: 6.033892, col error: 0.000000
Starting Iterative Proportional Fitting (IPF)...
IPF converged at iteration 32
IPF row error: 63.250212, col error: 0.000000
Starting Iterative Proportional Fitting (IPF)...
IPF converged at iteration 42
IPF row error: 6.155937, col error: 0.000000
Starting Iterative Proportional Fitting (IPF)...
IPF converged at iteration 42
IPF row error: 6.041208, col error: 0.000000
  [2023/test] 진행 1710/1750 (97.7%) | 누적 CPC 0.4120 | RMSE 779.5402 | %RMSE 10.5946 | 경과 21.7분 | 예상 남음 0.5분
Starting Iterative Proportional Fitting (IPF)...
IPF converged at iteration 28
IPF row error: 118.482146, col error: 0.000000
Starting Iterative Proportional Fitting (IPF)...
IPF converged at iteration 49
IPF row error: 1.332861, col error: 0.000000
IPF converged at iteration 27
IPF row error: 113.230167, col error: 0.000000
Starting Iterative Proportional Fitting (IPF)...
Starting Iterative Proportional Fitting (IPF)...
IPF converged at iteration 50
IPF row error: 1.275438, col error: 0.000000
Starting Iterative Proportional Fitting (IPF)...
IPF converged at iteration 40
IPF row error: 10.836045, col error: 0.000000
Starting Iterative Proportional Fitting (IPF)...
IPF converged at iteration 43
IPF converged at iteration 38
IPF row error: 4.909611, col error: 0.000000
IPF row error: 14.803833, col error: 0.000000
Starting Iterative Proportional Fitting (IPF)...
IPF converged at iteration 48
Starting Iterative Proportional Fitting (IPF)...
IPF row error: 1.667248, col error: 0.000000
Starting Iterative Proportional Fitting (IPF)...
IPF converged at iteration 29
IPF row error: 103.906204, col error: 0.000000
Starting Iterative Proportional Fitting (IPF)...
IPF converged at iteration 29
IPF row error: 88.306792, col error: 0.000000
IPF converged at iteration 31
IPF row error: 74.053639, col error: 0.000000
Starting Iterative Proportional Fitting (IPF)...
IPF converged at iteration 31
Starting Iterative Proportional Fitting (IPF)...
IPF row error: 74.581048, col error: 0.000000
Starting Iterative Proportional Fitting (IPF)...
IPF converged at iteration 37
IPF row error: 19.225878, col error: 0.000000
Starting Iterative Proportional Fitting (IPF)...
IPF converged at iteration 30
IPF row error: 62.757317, col error: 0.000000
IPF converged at iteration 30
IPF row error: 76.382675, col error: 0.000000
IPF converged at iteration 28
IPF row error: 122.468605, col error: 0.000000
Starting Iterative Proportional Fitting (IPF)...
Starting Iterative Proportional Fitting (IPF)...
Starting Iterative Proportional Fitting (IPF)...
IPF converged at iteration 29
IPF row error: 74.872718, col error: 0.000000
IPF converged at iteration 30
IPF row error: 79.575403, col error: 0.000000
Starting Iterative Proportional Fitting (IPF)...
Starting Iterative Proportional Fitting (IPF)...
IPF converged at iteration 48
IPF row error: 1.649881, col error: 0.000000
Starting Iterative Proportional Fitting (IPF)...
IPF converged at iteration 43
IPF row error: 4.937965, col error: 0.000000
Starting Iterative Proportional Fitting (IPF)...
IPF converged at iteration 30
IPF row error: 21.183702, col error: 0.000000
Starting Iterative Proportional Fitting (IPF)...
IPF converged at iteration 29
IPF row error: 199.695584, col error: 0.000000
IPF converged at iteration 42
IPF converged at iteration 26
IPF row error: 6.059275, col error: 0.000000
Starting Iterative Proportional Fitting (IPF)...
IPF row error: 146.064234, col error: 0.000000
Starting Iterative Proportional Fitting (IPF)...
Starting Iterative Proportional Fitting (IPF)...
IPF converged at iteration 38
IPF row error: 15.100942, col error: 0.000000
IPF converged at iteration 30
IPF row error: 76.093217, col error: 0.000000
Starting Iterative Proportional Fitting (IPF)...
Starting Iterative Proportional Fitting (IPF)...
IPF converged at iteration 43
IPF row error: 4.916003, col error: 0.000000
IPF converged at iteration 49
IPF row error: 1.343201, col error: 0.000000
Starting Iterative Proportional Fitting (IPF)...
Starting Iterative Proportional Fitting (IPF)...
IPF converged at iteration 38
IPF converged at iteration 41
IPF row error: 15.213074, col error: 0.000000
IPF row error: 8.261433, col error: 0.000000
  [2023/test] 진행 1740/1750 (99.4%) | 누적 CPC 0.4104 | RMSE 807.0083 | %RMSE 10.7561 | 경과 22.1분 | 예상 남음 0.1분
Starting Iterative Proportional Fitting (IPF)...
Starting Iterative Proportional Fitting (IPF)...
IPF converged at iteration 32
IPF row error: 67.913107, col error: 0.000000
Starting Iterative Proportional Fitting (IPF)...
IPF converged at iteration 38
IPF row error: 14.886761, col error: 0.000000
Starting Iterative Proportional Fitting (IPF)...
IPF converged at iteration 31
IPF row error: 69.933227, col error: 0.000000
Starting Iterative Proportional Fitting (IPF)...
IPF converged at iteration 30
IPF row error: 77.557810, col error: 0.000000
Starting Iterative Proportional Fitting (IPF)...
IPF converged at iteration 44
IPF row error: 3.933297, col error: 0.000000
Starting Iterative Proportional Fitting (IPF)...
IPF converged at iteration 28
IPF row error: 95.120509, col error: 0.000000
IPF converged at iteration 48
IPF row error: 1.649881, col error: 0.000000
Starting Iterative Proportional Fitting (IPF)...
IPF converged at iteration 38
IPF row error: 15.052461, col error: 0.000000
IPF converged at iteration 42
IPF row error: 6.078768, col error: 0.000000
IPF converged at iteration 32
IPF row error: 46.000095, col error: 0.000000
  [2023/test] 진행 1750/1750 (100.0%) | 누적 CPC 0.4095 | RMSE 816.4428 | %RMSE 10.8098 | 경과 22.2분 | 예상 남음 0.0분
  [2023/test] 완료: 1750/1750
1. 절대 모델의 구조와 하이퍼파라미터를 test가 좋아지는 방향으로 하지 말 것. -> val이 좋아지는 방향으로 조정
2. 모델의 성능이 좋아지는 게 목적이 아니라 기존 방식을 잘 재현하는게 목적이야.

===연도별===

=== task별 종합 성능 (모든 도시) ===
[year=2023, split=test, task=0] (n=350) CPC=0.6576±0.0897  RMSE=365.4606±239.3611  %RMSE=6.9751±2.7096
[year=2023, split=test, task=1] (n=350) CPC=0.6556±0.0893  RMSE=344.8782±185.5417  %RMSE=6.6907±2.1735
[year=2023, split=test, task=2] (n=350) CPC=0.2972±0.0894  RMSE=1060.2786±706.1671  %RMSE=13.3390±3.7869
[year=2023, split=test, task=3] (n=350) CPC=0.1555±0.1083  RMSE=1222.7095±559.3186  %RMSE=13.7536±3.4330
[year=2023, split=test, task=4] (n=350) CPC=0.2815±0.1160  RMSE=1088.8871±710.0386  %RMSE=13.2906±3.7287

=== task/도시별 성능 ===
[year=2023, split=test, task=0, city=감일동] (n=50) CPC=0.4512±0.0000  RMSE=263.6089±0.0000  %RMSE=9.1806±0.0000
[year=2023, split=test, task=0, city=다산] (n=50) CPC=0.7529±0.0000  RMSE=305.8863±0.0000  %RMSE=4.3746±0.0000
[year=2023, split=test, task=0, city=랜덤1] (n=50) CPC=0.6961±0.0000  RMSE=263.2362±0.0000  %RMSE=6.6782±0.0000
[year=2023, split=test, task=0, city=랜덤2] (n=50) CPC=0.6739±0.0000  RMSE=332.6980±0.0000  %RMSE=6.5480±0.0000
[year=2023, split=test, task=0, city=랜덤3] (n=50) CPC=0.6492±0.0000  RMSE=944.0969±0.0000  %RMSE=12.3849±0.0000
[year=2023, split=test, task=0, city=미사] (n=50) CPC=0.7085±0.0000  RMSE=246.3183±0.0000  %RMSE=4.1142±0.0000
[year=2023, split=test, task=0, city=배곧] (n=50) CPC=0.6717±0.0000  RMSE=202.3798±0.0000  %RMSE=5.5455±0.0000
[year=2023, split=test, task=1, city=감일동] (n=50) CPC=0.4462±0.0092  RMSE=266.4500±5.7852  %RMSE=9.2017±0.0960
[year=2023, split=test, task=1, city=다산] (n=50) CPC=0.7379±0.0187  RMSE=338.6378±75.5418  %RMSE=4.7953±1.0102
[year=2023, split=test, task=1, city=랜덤1] (n=50) CPC=0.6934±0.0084  RMSE=266.9920±10.7431  %RMSE=6.7432±0.2015
[year=2023, split=test, task=1, city=랜덤2] (n=50) CPC=0.6727±0.0063  RMSE=328.4829±10.1664  %RMSE=6.4326±0.2067
[year=2023, split=test, task=1, city=랜덤3] (n=50) CPC=0.6674±0.0166  RMSE=758.7111±149.0341  %RMSE=9.9185±1.9886
[year=2023, split=test, task=1, city=미사] (n=50) CPC=0.7035±0.0083  RMSE=251.7125±16.1143  %RMSE=4.1884±0.2513
[year=2023, split=test, task=1, city=배곧] (n=50) CPC=0.6678±0.0061  RMSE=203.1611±2.0722  %RMSE=5.5554±0.0400
[year=2023, split=test, task=2, city=감일동] (n=50) CPC=0.2607±0.0558  RMSE=253.5478±35.3959  %RMSE=7.9344±1.2565
[year=2023, split=test, task=2, city=다산] (n=50) CPC=0.2909±0.0858  RMSE=1589.7963±224.4556  %RMSE=15.0886±1.4582
[year=2023, split=test, task=2, city=랜덤1] (n=50) CPC=0.3726±0.0691  RMSE=602.4035±85.2946  %RMSE=12.0851±1.2251
[year=2023, split=test, task=2, city=랜덤2] (n=50) CPC=0.3030±0.0765  RMSE=817.6240±187.9974  %RMSE=12.0628±2.1768
[year=2023, split=test, task=2, city=랜덤3] (n=50) CPC=0.3252±0.0922  RMSE=2395.3012±506.5213  %RMSE=19.8875±2.6722
[year=2023, split=test, task=2, city=미사] (n=50) CPC=0.2432±0.0800  RMSE=1058.0571±132.6112  %RMSE=12.1425±0.8458
[year=2023, split=test, task=2, city=배곧] (n=50) CPC=0.2849±0.0946  RMSE=705.2203±119.2157  %RMSE=14.1719±1.4500
[year=2023, split=test, task=3, city=감일동] (n=50) CPC=0.0723±0.0009  RMSE=271.2884±1.3347  %RMSE=7.4629±0.0444
[year=2023, split=test, task=3, city=다산] (n=50) CPC=0.0998±0.0008  RMSE=1570.1334±1.1450  %RMSE=15.3668±0.0891
[year=2023, split=test, task=3, city=랜덤1] (n=50) CPC=0.2666±0.0934  RMSE=885.3194±229.4220  %RMSE=12.8518±1.0133
[year=2023, split=test, task=3, city=랜덤2] (n=50) CPC=0.1312±0.0709  RMSE=1438.3401±322.0802  %RMSE=13.9162±0.9941
[year=2023, split=test, task=3, city=랜덤3] (n=50) CPC=0.2718±0.1495  RMSE=1948.4291±452.9820  %RMSE=18.8657±3.2753
[year=2023, split=test, task=3, city=미사] (n=50) CPC=0.1017±0.0010  RMSE=1387.6439±2.5392  %RMSE=14.0527±0.0936
[year=2023, split=test, task=3, city=배곧] (n=50) CPC=0.1451±0.0811  RMSE=1057.8118±246.9642  %RMSE=13.7589±0.7076
[year=2023, split=test, task=4, city=감일동] (n=50) CPC=0.2137±0.0849  RMSE=277.5820±52.9234  %RMSE=8.1790±1.1744
[year=2023, split=test, task=4, city=다산] (n=50) CPC=0.2831±0.1096  RMSE=1608.9307±332.5244  %RMSE=14.9447±1.5643
[year=2023, split=test, task=4, city=랜덤1] (n=50) CPC=0.3749±0.1137  RMSE=620.9327±159.1994  %RMSE=11.6967±1.6584
[year=2023, split=test, task=4, city=랜덤2] (n=50) CPC=0.2834±0.1205  RMSE=906.3566±298.0293  %RMSE=12.0461±2.1102
[year=2023, split=test, task=4, city=랜덤3] (n=50) CPC=0.3146±0.1119  RMSE=2348.6774±546.0168  %RMSE=19.9148±2.0576
[year=2023, split=test, task=4, city=미사] (n=50) CPC=0.2632±0.1019  RMSE=1076.0363±334.7418  %RMSE=12.0470±1.4022
[year=2023, split=test, task=4, city=배곧] (n=50) CPC=0.2376±0.0888  RMSE=783.6939±173.2581  %RMSE=14.2061±0.9346

=== 도시별 성능 (모든 task) ===
[year=2023, split=test, city=감일동] (n=250) CPC=0.2888±0.1516  RMSE=266.4954±29.7014  %RMSE=8.3917±1.0358
[year=2023, split=test, city=다산] (n=250) CPC=0.4329±0.2715  RMSE=1082.6769±647.3617  %RMSE=10.9140±5.2783
[year=2023, split=test, city=랜덤1] (n=250) CPC=0.4807±0.1933  RMSE=527.7768±270.3493  %RMSE=10.0110±2.9093
[year=2023, split=test, city=랜덤2] (n=250) CPC=0.4128±0.2320  RMSE=764.7003±465.0964  %RMSE=10.2011±3.4188
[year=2023, split=test, city=랜덤3] (n=250) CPC=0.4457±0.1981  RMSE=1679.0431±800.4078  %RMSE=16.1943±4.7869
[year=2023, split=test, city=미사] (n=250) CPC=0.4040±0.2594  RMSE=803.9536±494.9997  %RMSE=9.3090±4.3356
[year=2023, split=test, city=배곧] (n=250) CPC=0.4014±0.2339  RMSE=590.4534±367.3581  %RMSE=10.6476±4.2474

===연도 종합===

=== task별 종합 성능 (모든 도시) ===
[split=test, task=0] (n=350) CPC=0.6576±0.0897  RMSE=365.4606±239.3611  %RMSE=6.9751±2.7096
[split=test, task=1] (n=350) CPC=0.6556±0.0893  RMSE=344.8782±185.5417  %RMSE=6.6907±2.1735
[split=test, task=2] (n=350) CPC=0.2972±0.0894  RMSE=1060.2786±706.1671  %RMSE=13.3390±3.7869
[split=test, task=3] (n=350) CPC=0.1555±0.1083  RMSE=1222.7095±559.3186  %RMSE=13.7536±3.4330
[split=test, task=4] (n=350) CPC=0.2815±0.1160  RMSE=1088.8871±710.0386  %RMSE=13.2906±3.7287

=== task/도시별 성능 ===
[split=test, task=0, city=감일동] (n=50) CPC=0.4512±0.0000  RMSE=263.6089±0.0000  %RMSE=9.1806±0.0000
[split=test, task=0, city=다산] (n=50) CPC=0.7529±0.0000  RMSE=305.8863±0.0000  %RMSE=4.3746±0.0000
[split=test, task=0, city=랜덤1] (n=50) CPC=0.6961±0.0000  RMSE=263.2362±0.0000  %RMSE=6.6782±0.0000
[split=test, task=0, city=랜덤2] (n=50) CPC=0.6739±0.0000  RMSE=332.6980±0.0000  %RMSE=6.5480±0.0000
[split=test, task=0, city=랜덤3] (n=50) CPC=0.6492±0.0000  RMSE=944.0969±0.0000  %RMSE=12.3849±0.0000
[split=test, task=0, city=미사] (n=50) CPC=0.7085±0.0000  RMSE=246.3183±0.0000  %RMSE=4.1142±0.0000
[split=test, task=0, city=배곧] (n=50) CPC=0.6717±0.0000  RMSE=202.3798±0.0000  %RMSE=5.5455±0.0000
[split=test, task=1, city=감일동] (n=50) CPC=0.4462±0.0092  RMSE=266.4500±5.7852  %RMSE=9.2017±0.0960
[split=test, task=1, city=다산] (n=50) CPC=0.7379±0.0187  RMSE=338.6378±75.5418  %RMSE=4.7953±1.0102
[split=test, task=1, city=랜덤1] (n=50) CPC=0.6934±0.0084  RMSE=266.9920±10.7431  %RMSE=6.7432±0.2015
[split=test, task=1, city=랜덤2] (n=50) CPC=0.6727±0.0063  RMSE=328.4829±10.1664  %RMSE=6.4326±0.2067
[split=test, task=1, city=랜덤3] (n=50) CPC=0.6674±0.0166  RMSE=758.7111±149.0341  %RMSE=9.9185±1.9886
[split=test, task=1, city=미사] (n=50) CPC=0.7035±0.0083  RMSE=251.7125±16.1143  %RMSE=4.1884±0.2513
[split=test, task=1, city=배곧] (n=50) CPC=0.6678±0.0061  RMSE=203.1611±2.0722  %RMSE=5.5554±0.0400
[split=test, task=2, city=감일동] (n=50) CPC=0.2607±0.0558  RMSE=253.5478±35.3959  %RMSE=7.9344±1.2565
[split=test, task=2, city=다산] (n=50) CPC=0.2909±0.0858  RMSE=1589.7963±224.4556  %RMSE=15.0886±1.4582
[split=test, task=2, city=랜덤1] (n=50) CPC=0.3726±0.0691  RMSE=602.4035±85.2946  %RMSE=12.0851±1.2251
[split=test, task=2, city=랜덤2] (n=50) CPC=0.3030±0.0765  RMSE=817.6240±187.9974  %RMSE=12.0628±2.1768
[split=test, task=2, city=랜덤3] (n=50) CPC=0.3252±0.0922  RMSE=2395.3012±506.5213  %RMSE=19.8875±2.6722
[split=test, task=2, city=미사] (n=50) CPC=0.2432±0.0800  RMSE=1058.0571±132.6112  %RMSE=12.1425±0.8458
[split=test, task=2, city=배곧] (n=50) CPC=0.2849±0.0946  RMSE=705.2203±119.2157  %RMSE=14.1719±1.4500
[split=test, task=3, city=감일동] (n=50) CPC=0.0723±0.0009  RMSE=271.2884±1.3347  %RMSE=7.4629±0.0444
[split=test, task=3, city=다산] (n=50) CPC=0.0998±0.0008  RMSE=1570.1334±1.1450  %RMSE=15.3668±0.0891
[split=test, task=3, city=랜덤1] (n=50) CPC=0.2666±0.0934  RMSE=885.3194±229.4220  %RMSE=12.8518±1.0133
[split=test, task=3, city=랜덤2] (n=50) CPC=0.1312±0.0709  RMSE=1438.3401±322.0802  %RMSE=13.9162±0.9941
[split=test, task=3, city=랜덤3] (n=50) CPC=0.2718±0.1495  RMSE=1948.4291±452.9820  %RMSE=18.8657±3.2753
[split=test, task=3, city=미사] (n=50) CPC=0.1017±0.0010  RMSE=1387.6439±2.5392  %RMSE=14.0527±0.0936
[split=test, task=3, city=배곧] (n=50) CPC=0.1451±0.0811  RMSE=1057.8118±246.9642  %RMSE=13.7589±0.7076
[split=test, task=4, city=감일동] (n=50) CPC=0.2137±0.0849  RMSE=277.5820±52.9234  %RMSE=8.1790±1.1744
[split=test, task=4, city=다산] (n=50) CPC=0.2831±0.1096  RMSE=1608.9307±332.5244  %RMSE=14.9447±1.5643
[split=test, task=4, city=랜덤1] (n=50) CPC=0.3749±0.1137  RMSE=620.9327±159.1994  %RMSE=11.6967±1.6584
[split=test, task=4, city=랜덤2] (n=50) CPC=0.2834±0.1205  RMSE=906.3566±298.0293  %RMSE=12.0461±2.1102
[split=test, task=4, city=랜덤3] (n=50) CPC=0.3146±0.1119  RMSE=2348.6774±546.0168  %RMSE=19.9148±2.0576
[split=test, task=4, city=미사] (n=50) CPC=0.2632±0.1019  RMSE=1076.0363±334.7418  %RMSE=12.0470±1.4022
[split=test, task=4, city=배곧] (n=50) CPC=0.2376±0.0888  RMSE=783.6939±173.2581  %RMSE=14.2061±0.9346

=== 도시별 성능 (모든 task) ===
[split=test, city=감일동] (n=250) CPC=0.2888±0.1516  RMSE=266.4954±29.7014  %RMSE=8.3917±1.0358
[split=test, city=다산] (n=250) CPC=0.4329±0.2715  RMSE=1082.6769±647.3617  %RMSE=10.9140±5.2783
[split=test, city=랜덤1] (n=250) CPC=0.4807±0.1933  RMSE=527.7768±270.3493  %RMSE=10.0110±2.9093
[split=test, city=랜덤2] (n=250) CPC=0.4128±0.2320  RMSE=764.7003±465.0964  %RMSE=10.2011±3.4188
[split=test, city=랜덤3] (n=250) CPC=0.4457±0.1981  RMSE=1679.0431±800.4078  %RMSE=16.1943±4.7869
[split=test, city=미사] (n=250) CPC=0.4040±0.2594  RMSE=803.9536±494.9997  %RMSE=9.3090±4.3356
[split=test, city=배곧] (n=250) CPC=0.4014±0.2339  RMSE=590.4534±367.3581  %RMSE=10.6476±4.2474

===총 종합===

=== 전체 종합 (연도/task/도시 모두 무관) ===
[split=test] (n=1750) CPC=0.4095±0.2301  RMSE=816.4428±652.9741  %RMSE=10.8098±4.5822
[LOG] saved to C:\Users\금경훈\Desktop\mobility_foundation\KTxTS_project\src\gravity(경훈)\logs\gravity_linear_regression_mean_20260809_084207.log
>>>>>>> experiment/new-mae
