<<<<<<< HEAD
[LOG] saving console output to C:\Users\금경훈\Desktop\mobility_foundation\KTxTS_project\src\gravity(경훈)\logs\gravity_lgbm_mean_20260809_010020.log
Dataset 초기화 완료 (Imputation: mean)
argument='lgbm'
Start Model Training on years: 2023
Training Model for Origin Generation (O_i) using lgbm...
[LightGBM] [Info] Auto-choosing row-wise multi-threading, the overhead of testing was 0.000709 seconds.
You can set `force_row_wise=true` to remove the overhead.
And if memory is not enough, you can set `force_col_wise=true`.
[LightGBM] [Info] Total Bins 3599
[LightGBM] [Info] Number of data points in the train set: 1098, number of used features: 18
[LightGBM] [Info] Start training from score 63907.328607
[LightGBM] [Warning] No further splits with positive gain, best gain: -inf
[LightGBM] [Warning] No further splits with positive gain, best gain: -inf
[LightGBM] [Warning] No further splits with positive gain, best gain: -inf
[LightGBM] [Warning] No further splits with positive gain, best gain: -inf
[LightGBM] [Warning] No further splits with positive gain, best gain: -inf
[LightGBM] [Warning] No further splits with positive gain, best gain: -inf
[LightGBM] [Warning] No further splits with positive gain, best gain: -inf
[LightGBM] [Warning] No further splits with positive gain, best gain: -inf
[LightGBM] [Warning] No further splits with positive gain, best gain: -inf
[LightGBM] [Warning] No further splits with positive gain, best gain: -inf
[LightGBM] [Warning] No further splits with positive gain, best gain: -inf
[LightGBM] [Warning] No further splits with positive gain, best gain: -inf
[LightGBM] [Warning] No further splits with positive gain, best gain: -inf
[LightGBM] [Warning] No further splits with positive gain, best gain: -inf
[LightGBM] [Warning] No further splits with positive gain, best gain: -inf
[LightGBM] [Warning] No further splits with positive gain, best gain: -inf
[LightGBM] [Warning] No further splits with positive gain, best gain: -inf
[LightGBM] [Warning] No further splits with positive gain, best gain: -inf
[LightGBM] [Warning] No further splits with positive gain, best gain: -inf
[LightGBM] [Warning] No further splits with positive gain, best gain: -inf
[LightGBM] [Warning] No further splits with positive gain, best gain: -inf
[LightGBM] [Warning] No further splits with positive gain, best gain: -inf
[LightGBM] [Warning] No further splits with positive gain, best gain: -inf
[LightGBM] [Warning] No further splits with positive gain, best gain: -inf
[LightGBM] [Warning] No further splits with positive gain, best gain: -inf
[LightGBM] [Warning] No further splits with positive gain, best gain: -inf
[LightGBM] [Warning] No further splits with positive gain, best gain: -inf
[LightGBM] [Warning] No further splits with positive gain, best gain: -inf
[LightGBM] [Warning] No further splits with positive gain, best gain: -inf
[LightGBM] [Warning] No further splits with positive gain, best gain: -inf
[LightGBM] [Warning] No further splits with positive gain, best gain: -inf
[LightGBM] [Warning] No further splits with positive gain, best gain: -inf
[LightGBM] [Warning] No further splits with positive gain, best gain: -inf
[LightGBM] [Warning] No further splits with positive gain, best gain: -inf
[LightGBM] [Warning] No further splits with positive gain, best gain: -inf
[LightGBM] [Warning] No further splits with positive gain, best gain: -inf
[LightGBM] [Warning] No further splits with positive gain, best gain: -inf
[LightGBM] [Warning] No further splits with positive gain, best gain: -inf
[LightGBM] [Warning] No further splits with positive gain, best gain: -inf
[LightGBM] [Warning] No further splits with positive gain, best gain: -inf
[LightGBM] [Warning] No further splits with positive gain, best gain: -inf
[LightGBM] [Warning] No further splits with positive gain, best gain: -inf
[LightGBM] [Warning] No further splits with positive gain, best gain: -inf
[LightGBM] [Warning] No further splits with positive gain, best gain: -inf
[LightGBM] [Warning] No further splits with positive gain, best gain: -inf
[LightGBM] [Warning] No further splits with positive gain, best gain: -inf
[LightGBM] [Warning] No further splits with positive gain, best gain: -inf
[LightGBM] [Warning] No further splits with positive gain, best gain: -inf
[LightGBM] [Warning] No further splits with positive gain, best gain: -inf
[LightGBM] [Warning] No further splits with positive gain, best gain: -inf
[LightGBM] [Warning] No further splits with positive gain, best gain: -inf
[LightGBM] [Warning] No further splits with positive gain, best gain: -inf
[LightGBM] [Warning] No further splits with positive gain, best gain: -inf
[LightGBM] [Warning] No further splits with positive gain, best gain: -inf
[LightGBM] [Warning] No further splits with positive gain, best gain: -inf
[LightGBM] [Warning] No further splits with positive gain, best gain: -inf
[LightGBM] [Warning] No further splits with positive gain, best gain: -inf
[LightGBM] [Warning] No further splits with positive gain, best gain: -inf
[LightGBM] [Warning] No further splits with positive gain, best gain: -inf
[LightGBM] [Warning] No further splits with positive gain, best gain: -inf
[LightGBM] [Warning] No further splits with positive gain, best gain: -inf
[LightGBM] [Warning] No further splits with positive gain, best gain: -inf
[LightGBM] [Warning] No further splits with positive gain, best gain: -inf
[LightGBM] [Warning] No further splits with positive gain, best gain: -inf
[LightGBM] [Warning] No further splits with positive gain, best gain: -inf
[LightGBM] [Warning] No further splits with positive gain, best gain: -inf
[LightGBM] [Warning] No further splits with positive gain, best gain: -inf
[LightGBM] [Warning] No further splits with positive gain, best gain: -inf
[LightGBM] [Warning] No further splits with positive gain, best gain: -inf
[LightGBM] [Warning] No further splits with positive gain, best gain: -inf
[LightGBM] [Warning] No further splits with positive gain, best gain: -inf
[LightGBM] [Warning] No further splits with positive gain, best gain: -inf
[LightGBM] [Warning] No further splits with positive gain, best gain: -inf
[LightGBM] [Warning] No further splits with positive gain, best gain: -inf
[LightGBM] [Warning] No further splits with positive gain, best gain: -inf
[LightGBM] [Warning] No further splits with positive gain, best gain: -inf
[LightGBM] [Warning] No further splits with positive gain, best gain: -inf
[LightGBM] [Warning] No further splits with positive gain, best gain: -inf
[LightGBM] [Warning] No further splits with positive gain, best gain: -inf
[LightGBM] [Warning] No further splits with positive gain, best gain: -inf
[LightGBM] [Warning] No further splits with positive gain, best gain: -inf
[LightGBM] [Warning] No further splits with positive gain, best gain: -inf
[LightGBM] [Warning] No further splits with positive gain, best gain: -inf
[LightGBM] [Warning] No further splits with positive gain, best gain: -inf
[LightGBM] [Warning] No further splits with positive gain, best gain: -inf
[LightGBM] [Warning] No further splits with positive gain, best gain: -inf
[LightGBM] [Warning] No further splits with positive gain, best gain: -inf
[LightGBM] [Warning] No further splits with positive gain, best gain: -inf
[LightGBM] [Warning] No further splits with positive gain, best gain: -inf
[LightGBM] [Warning] No further splits with positive gain, best gain: -inf
[LightGBM] [Warning] No further splits with positive gain, best gain: -inf
[LightGBM] [Warning] No further splits with positive gain, best gain: -inf
[LightGBM] [Warning] No further splits with positive gain, best gain: -inf
[LightGBM] [Warning] No further splits with positive gain, best gain: -inf
[LightGBM] [Warning] No further splits with positive gain, best gain: -inf
[LightGBM] [Warning] No further splits with positive gain, best gain: -inf
[LightGBM] [Warning] No further splits with positive gain, best gain: -inf
[LightGBM] [Warning] No further splits with positive gain, best gain: -inf
[LightGBM] [Warning] No further splits with positive gain, best gain: -inf
[LightGBM] [Warning] No further splits with positive gain, best gain: -inf
[LightGBM] [Info] Auto-choosing col-wise multi-threading, the overhead of testing was 0.000212 seconds.
You can set `force_col_wise=true` to remove the overhead.
[LightGBM] [Info] Total Bins 3599
[LightGBM] [Info] Number of data points in the train set: 1098, number of used features: 18
[LightGBM] [Info] Start training from score 63907.332555
[LightGBM] [Warning] No further splits with positive gain, best gain: -inf
[LightGBM] [Warning] No further splits with positive gain, best gain: -inf
[LightGBM] [Warning] No further splits with positive gain, best gain: -inf
[LightGBM] [Warning] No further splits with positive gain, best gain: -inf
[LightGBM] [Warning] No further splits with positive gain, best gain: -inf
[LightGBM] [Warning] No further splits with positive gain, best gain: -inf
[LightGBM] [Warning] No further splits with positive gain, best gain: -inf
[LightGBM] [Warning] No further splits with positive gain, best gain: -inf
[LightGBM] [Warning] No further splits with positive gain, best gain: -inf
[LightGBM] [Warning] No further splits with positive gain, best gain: -inf
[LightGBM] [Warning] No further splits with positive gain, best gain: -inf
[LightGBM] [Warning] No further splits with positive gain, best gain: -inf
[LightGBM] [Warning] No further splits with positive gain, best gain: -inf
[LightGBM] [Warning] No further splits with positive gain, best gain: -inf
[LightGBM] [Warning] No further splits with positive gain, best gain: -inf
[LightGBM] [Warning] No further splits with positive gain, best gain: -inf
[LightGBM] [Warning] No further splits with positive gain, best gain: -inf
[LightGBM] [Warning] No further splits with positive gain, best gain: -inf
[LightGBM] [Warning] No further splits with positive gain, best gain: -inf
[LightGBM] [Warning] No further splits with positive gain, best gain: -inf
[LightGBM] [Warning] No further splits with positive gain, best gain: -inf
[LightGBM] [Warning] No further splits with positive gain, best gain: -inf
[LightGBM] [Warning] No further splits with positive gain, best gain: -inf
[LightGBM] [Warning] No further splits with positive gain, best gain: -inf
[LightGBM] [Warning] No further splits with positive gain, best gain: -inf
[LightGBM] [Warning] No further splits with positive gain, best gain: -inf
[LightGBM] [Warning] No further splits with positive gain, best gain: -inf
[LightGBM] [Warning] No further splits with positive gain, best gain: -inf
[LightGBM] [Warning] No further splits with positive gain, best gain: -inf
[LightGBM] [Warning] No further splits with positive gain, best gain: -inf
[LightGBM] [Warning] No further splits with positive gain, best gain: -inf
[LightGBM] [Warning] No further splits with positive gain, best gain: -inf
[LightGBM] [Warning] No further splits with positive gain, best gain: -inf
[LightGBM] [Warning] No further splits with positive gain, best gain: -inf
[LightGBM] [Warning] No further splits with positive gain, best gain: -inf
[LightGBM] [Warning] No further splits with positive gain, best gain: -inf
[LightGBM] [Warning] No further splits with positive gain, best gain: -inf
[LightGBM] [Warning] No further splits with positive gain, best gain: -inf
[LightGBM] [Warning] No further splits with positive gain, best gain: -inf
[LightGBM] [Warning] No further splits with positive gain, best gain: -inf
[LightGBM] [Warning] No further splits with positive gain, best gain: -inf
[LightGBM] [Warning] No further splits with positive gain, best gain: -inf
[LightGBM] [Warning] No further splits with positive gain, best gain: -inf
[LightGBM] [Warning] No further splits with positive gain, best gain: -inf
[LightGBM] [Warning] No further splits with positive gain, best gain: -inf
[LightGBM] [Warning] No further splits with positive gain, best gain: -inf
[LightGBM] [Warning] No further splits with positive gain, best gain: -inf
[LightGBM] [Warning] No further splits with positive gain, best gain: -inf
[LightGBM] [Warning] No further splits with positive gain, best gain: -inf
[LightGBM] [Warning] No further splits with positive gain, best gain: -inf
[LightGBM] [Warning] No further splits with positive gain, best gain: -inf
[LightGBM] [Warning] No further splits with positive gain, best gain: -inf
[LightGBM] [Warning] No further splits with positive gain, best gain: -inf
[LightGBM] [Warning] No further splits with positive gain, best gain: -inf
[LightGBM] [Warning] No further splits with positive gain, best gain: -inf
[LightGBM] [Warning] No further splits with positive gain, best gain: -inf
[LightGBM] [Warning] No further splits with positive gain, best gain: -inf
[LightGBM] [Warning] No further splits with positive gain, best gain: -inf
[LightGBM] [Warning] No further splits with positive gain, best gain: -inf
[LightGBM] [Warning] No further splits with positive gain, best gain: -inf
[LightGBM] [Warning] No further splits with positive gain, best gain: -inf
[LightGBM] [Warning] No further splits with positive gain, best gain: -inf
[LightGBM] [Warning] No further splits with positive gain, best gain: -inf
[LightGBM] [Warning] No further splits with positive gain, best gain: -inf
[LightGBM] [Warning] No further splits with positive gain, best gain: -inf
[LightGBM] [Warning] No further splits with positive gain, best gain: -inf
[LightGBM] [Warning] No further splits with positive gain, best gain: -inf
[LightGBM] [Warning] No further splits with positive gain, best gain: -inf
[LightGBM] [Warning] No further splits with positive gain, best gain: -inf
[LightGBM] [Warning] No further splits with positive gain, best gain: -inf
[LightGBM] [Warning] No further splits with positive gain, best gain: -inf
[LightGBM] [Warning] No further splits with positive gain, best gain: -inf
[LightGBM] [Warning] No further splits with positive gain, best gain: -inf
[LightGBM] [Warning] No further splits with positive gain, best gain: -inf
[LightGBM] [Warning] No further splits with positive gain, best gain: -inf
[LightGBM] [Warning] No further splits with positive gain, best gain: -inf
[LightGBM] [Warning] No further splits with positive gain, best gain: -inf
[LightGBM] [Warning] No further splits with positive gain, best gain: -inf
[LightGBM] [Warning] No further splits with positive gain, best gain: -inf
[LightGBM] [Warning] No further splits with positive gain, best gain: -inf
[LightGBM] [Warning] No further splits with positive gain, best gain: -inf
[LightGBM] [Warning] No further splits with positive gain, best gain: -inf
[LightGBM] [Warning] No further splits with positive gain, best gain: -inf
[LightGBM] [Warning] No further splits with positive gain, best gain: -inf
[LightGBM] [Warning] No further splits with positive gain, best gain: -inf
[LightGBM] [Warning] No further splits with positive gain, best gain: -inf
[LightGBM] [Warning] No further splits with positive gain, best gain: -inf
[LightGBM] [Warning] No further splits with positive gain, best gain: -inf
[LightGBM] [Warning] No further splits with positive gain, best gain: -inf
[LightGBM] [Warning] No further splits with positive gain, best gain: -inf
[LightGBM] [Warning] No further splits with positive gain, best gain: -inf
[LightGBM] [Warning] No further splits with positive gain, best gain: -inf
[LightGBM] [Warning] No further splits with positive gain, best gain: -inf
[LightGBM] [Warning] No further splits with positive gain, best gain: -inf
[LightGBM] [Warning] No further splits with positive gain, best gain: -inf
[LightGBM] [Warning] No further splits with positive gain, best gain: -inf
[LightGBM] [Warning] No further splits with positive gain, best gain: -inf
[LightGBM] [Warning] No further splits with positive gain, best gain: -inf
[LightGBM] [Warning] No further splits with positive gain, best gain: -inf
[LightGBM] [Warning] No further splits with positive gain, best gain: -inf

Evaluating 2023 / test ...
  [2023/test] 1750개 샘플 병렬 평가 중 (threads=4)...
Starting Iterative Proportional Fitting (IPF)...
Starting Iterative Proportional Fitting (IPF)...
Starting Iterative Proportional Fitting (IPF)...
Starting Iterative Proportional Fitting (IPF)...
IPF converged at iteration 41
IPF converged at iteration 41
IPF row error: 25.296566, col error: 0.000000
IPF converged at iteration 41
IPF row error: 25.296566, col error: 0.000000
IPF converged at iteration 41
IPF row error: 25.296566, col error: 0.000000
IPF row error: 25.296566, col error: 0.000000
Starting Iterative Proportional Fitting (IPF)...
Starting Iterative Proportional Fitting (IPF)...
Starting Iterative Proportional Fitting (IPF)...
Starting Iterative Proportional Fitting (IPF)...
IPF converged at iteration 41
IPF row error: 25.296566, col error: 0.000000
IPF converged at iteration 41
IPF row error: 25.296566, col error: 0.000000
IPF converged at iteration 41
IPF converged at iteration 41
IPF row error: 25.296566, col error: 0.000000
IPF row error: 25.296566, col error: 0.000000
Starting Iterative Proportional Fitting (IPF)...
Starting Iterative Proportional Fitting (IPF)...
Starting Iterative Proportional Fitting (IPF)...
Starting Iterative Proportional Fitting (IPF)...
IPF converged at iteration 41
IPF row error: 25.296566, col error: 0.000000
IPF converged at iteration 41
IPF row error: 25.296566, col error: 0.000000
Starting Iterative Proportional Fitting (IPF)...Starting Iterative Proportional Fitting (IPF)...

IPF converged at iteration 41
IPF converged at iteration 41
IPF row error: 25.296566, col error: 0.000000
IPF row error: 25.296566, col error: 0.000000
Starting Iterative Proportional Fitting (IPF)...
Starting Iterative Proportional Fitting (IPF)...
IPF converged at iteration 41
IPF converged at iteration 41
IPF row error: 25.296566, col error: 0.000000
IPF row error: 25.296566, col error: 0.000000
Starting Iterative Proportional Fitting (IPF)...
Starting Iterative Proportional Fitting (IPF)...
IPF converged at iteration 41
IPF converged at iteration 41IPF row error: 25.296566, col error: 0.000000

IPF row error: 25.296566, col error: 0.000000
Starting Iterative Proportional Fitting (IPF)...
Starting Iterative Proportional Fitting (IPF)...
IPF converged at iteration 41
IPF row error: 25.296566, col error: 0.000000
IPF converged at iteration 41
IPF row error: 25.296566, col error: 0.000000
Starting Iterative Proportional Fitting (IPF)...Starting Iterative Proportional Fitting (IPF)...

IPF converged at iteration 41
IPF row error: 25.296566, col error: 0.000000
IPF converged at iteration 41
IPF row error: 25.296566, col error: 0.000000
Starting Iterative Proportional Fitting (IPF)...
Starting Iterative Proportional Fitting (IPF)...
IPF converged at iteration 41
IPF converged at iteration 41
IPF row error: 25.296566, col error: 0.000000
IPF row error: 25.296566, col error: 0.000000
Starting Iterative Proportional Fitting (IPF)...
Starting Iterative Proportional Fitting (IPF)...
IPF converged at iteration 41
IPF row error: 25.296566, col error: 0.000000
IPF converged at iteration 41
IPF row error: 25.296566, col error: 0.000000
Starting Iterative Proportional Fitting (IPF)...
Starting Iterative Proportional Fitting (IPF)...
IPF converged at iteration 41
IPF converged at iteration 41
IPF row error: 25.296566, col error: 0.000000
IPF row error: 25.296566, col error: 0.000000
Starting Iterative Proportional Fitting (IPF)...
Starting Iterative Proportional Fitting (IPF)...
IPF converged at iteration 41
IPF row error: 25.296566, col error: 0.000000
IPF converged at iteration 41
IPF row error: 25.296566, col error: 0.000000
Starting Iterative Proportional Fitting (IPF)...
Starting Iterative Proportional Fitting (IPF)...
IPF converged at iteration 41
IPF row error: 25.296566, col error: 0.000000
IPF converged at iteration 41
IPF row error: 25.296566, col error: 0.000000
  [2023/test] 진행 30/1750 (1.7%) | 누적 CPC 0.4546 | RMSE 948.1836 | %RMSE 13.5604 | 경과 0.6분 | 예상 남음 37.0분
Starting Iterative Proportional Fitting (IPF)...
Starting Iterative Proportional Fitting (IPF)...
IPF converged at iteration 41
IPF converged at iteration 41
IPF row error: 25.296566, col error: 0.000000
IPF row error: 25.296566, col error: 0.000000
Starting Iterative Proportional Fitting (IPF)...
Starting Iterative Proportional Fitting (IPF)...
IPF converged at iteration 41
IPF row error: 25.296566, col error: 0.000000
IPF converged at iteration 41
IPF row error: 25.296566, col error: 0.000000
Starting Iterative Proportional Fitting (IPF)...
Starting Iterative Proportional Fitting (IPF)...
IPF converged at iteration 41
IPF converged at iteration 41
IPF row error: 25.296566, col error: 0.000000
IPF row error: 25.296566, col error: 0.000000
Starting Iterative Proportional Fitting (IPF)...
Starting Iterative Proportional Fitting (IPF)...
IPF converged at iteration 41
IPF converged at iteration 41
IPF row error: 25.296566, col error: 0.000000
IPF row error: 25.296566, col error: 0.000000
Starting Iterative Proportional Fitting (IPF)...
Starting Iterative Proportional Fitting (IPF)...
IPF converged at iteration 41
IPF converged at iteration 41
IPF row error: 25.296566, col error: 0.000000
IPF row error: 25.296566, col error: 0.000000
Starting Iterative Proportional Fitting (IPF)...
Starting Iterative Proportional Fitting (IPF)...
IPF converged at iteration 41
IPF converged at iteration 41
IPF row error: 25.296566, col error: 0.000000
IPF row error: 25.296566, col error: 0.000000
Starting Iterative Proportional Fitting (IPF)...
Starting Iterative Proportional Fitting (IPF)...
IPF converged at iteration 41
IPF converged at iteration 41
IPF row error: 25.296566, col error: 0.000000
IPF row error: 25.296566, col error: 0.000000
Starting Iterative Proportional Fitting (IPF)...
Starting Iterative Proportional Fitting (IPF)...
IPF converged at iteration 41
IPF row error: 25.296566, col error: 0.000000
IPF converged at iteration 41
IPF row error: 25.296566, col error: 0.000000
Starting Iterative Proportional Fitting (IPF)...
Starting Iterative Proportional Fitting (IPF)...
IPF converged at iteration 41
IPF converged at iteration 41
IPF row error: 25.296566, col error: 0.000000
IPF row error: 25.296566, col error: 0.000000
Starting Iterative Proportional Fitting (IPF)...
Starting Iterative Proportional Fitting (IPF)...
IPF converged at iteration 41
IPF converged at iteration 41
IPF row error: 25.296566, col error: 0.000000
IPF row error: 25.296566, col error: 0.000000
Starting Iterative Proportional Fitting (IPF)...
Starting Iterative Proportional Fitting (IPF)...
IPF converged at iteration 41
IPF converged at iteration 41
IPF row error: 25.296566, col error: 0.000000
IPF row error: 25.296566, col error: 0.000000
Starting Iterative Proportional Fitting (IPF)...
Starting Iterative Proportional Fitting (IPF)...
IPF converged at iteration 41
IPF row error: 25.296566, col error: 0.000000
IPF converged at iteration 41
IPF row error: 25.296566, col error: 0.000000
Starting Iterative Proportional Fitting (IPF)...
Starting Iterative Proportional Fitting (IPF)...
IPF converged at iteration 41
IPF converged at iteration 41
IPF row error: 25.296566, col error: 0.000000
IPF row error: 25.296566, col error: 0.000000
Starting Iterative Proportional Fitting (IPF)...
Starting Iterative Proportional Fitting (IPF)...
IPF converged at iteration 41
IPF row error: 25.296566, col error: 0.000000
IPF converged at iteration 41
IPF row error: 25.296566, col error: 0.000000
Starting Iterative Proportional Fitting (IPF)...
Starting Iterative Proportional Fitting (IPF)...
IPF converged at iteration 41
IPF converged at iteration 41
IPF row error: 25.296566, col error: 0.000000
IPF row error: 25.296566, col error: 0.000000
  [2023/test] 진행 60/1750 (3.4%) | 누적 CPC 0.4472 | RMSE 995.3367 | %RMSE 14.7275 | 경과 1.2분 | 예상 남음 33.5분
Starting Iterative Proportional Fitting (IPF)...
Starting Iterative Proportional Fitting (IPF)...
IPF converged at iteration 41
IPF row error: 25.296566, col error: 0.000000
IPF converged at iteration 41
IPF row error: 25.296566, col error: 0.000000
Starting Iterative Proportional Fitting (IPF)...
Starting Iterative Proportional Fitting (IPF)...
IPF converged at iteration 41
IPF converged at iteration 41
IPF row error: 25.296566, col error: 0.000000
IPF row error: 25.296566, col error: 0.000000
Starting Iterative Proportional Fitting (IPF)...
Starting Iterative Proportional Fitting (IPF)...
IPF converged at iteration 41
IPF row error: 25.296566, col error: 0.000000
IPF converged at iteration 41
IPF row error: 25.296566, col error: 0.000000
Starting Iterative Proportional Fitting (IPF)...
Starting Iterative Proportional Fitting (IPF)...
IPF converged at iteration 41
IPF row error: 25.296566, col error: 0.000000
IPF converged at iteration 41
IPF row error: 25.296566, col error: 0.000000
Starting Iterative Proportional Fitting (IPF)...
Starting Iterative Proportional Fitting (IPF)...
IPF converged at iteration 41
IPF row error: 25.296566, col error: 0.000000
IPF converged at iteration 41
IPF row error: 25.296566, col error: 0.000000
Starting Iterative Proportional Fitting (IPF)...
Starting Iterative Proportional Fitting (IPF)...
IPF converged at iteration 41
IPF row error: 25.296566, col error: 0.000000
IPF converged at iteration 41
IPF row error: 25.296566, col error: 0.000000
Starting Iterative Proportional Fitting (IPF)...
Starting Iterative Proportional Fitting (IPF)...
IPF converged at iteration 41
IPF converged at iteration 41
IPF row error: 25.296566, col error: 0.000000
IPF row error: 25.296566, col error: 0.000000
Starting Iterative Proportional Fitting (IPF)...
Starting Iterative Proportional Fitting (IPF)...
IPF converged at iteration 41
IPF row error: 25.296566, col error: 0.000000
IPF converged at iteration 41
IPF row error: 25.296566, col error: 0.000000
Starting Iterative Proportional Fitting (IPF)...
Starting Iterative Proportional Fitting (IPF)...
IPF converged at iteration 41
IPF converged at iteration 41
IPF row error: 25.296566, col error: 0.000000IPF row error: 25.296566, col error: 0.000000

Starting Iterative Proportional Fitting (IPF)...
Starting Iterative Proportional Fitting (IPF)...
IPF converged at iteration 41
IPF converged at iteration 41
IPF row error: 25.296566, col error: 0.000000
IPF row error: 25.296566, col error: 0.000000
Starting Iterative Proportional Fitting (IPF)...
Starting Iterative Proportional Fitting (IPF)...
IPF converged at iteration 41
IPF row error: 25.296566, col error: 0.000000
IPF converged at iteration 41
IPF row error: 25.296566, col error: 0.000000
Starting Iterative Proportional Fitting (IPF)...
Starting Iterative Proportional Fitting (IPF)...
IPF converged at iteration 41
IPF converged at iteration 41
IPF row error: 25.296566, col error: 0.000000
IPF row error: 25.296566, col error: 0.000000
Starting Iterative Proportional Fitting (IPF)...
Starting Iterative Proportional Fitting (IPF)...
IPF converged at iteration 41
IPF converged at iteration 41
IPF row error: 25.296566, col error: 0.000000
IPF row error: 25.296566, col error: 0.000000
Starting Iterative Proportional Fitting (IPF)...
Starting Iterative Proportional Fitting (IPF)...
IPF converged at iteration 41
IPF converged at iteration 41
IPF row error: 25.296566, col error: 0.000000
IPF row error: 25.296566, col error: 0.000000
Starting Iterative Proportional Fitting (IPF)...
Starting Iterative Proportional Fitting (IPF)...
IPF converged at iteration 41
IPF converged at iteration 41
IPF row error: 25.296566, col error: 0.000000
IPF row error: 25.296566, col error: 0.000000
  [2023/test] 진행 90/1750 (5.1%) | 누적 CPC 0.4347 | RMSE 1073.9252 | %RMSE 16.6726 | 경과 1.8분 | 예상 남음 33.7분
Starting Iterative Proportional Fitting (IPF)...
Starting Iterative Proportional Fitting (IPF)...
IPF converged at iteration 41
IPF row error: 25.296566, col error: 0.000000
IPF converged at iteration 41
IPF row error: 25.296566, col error: 0.000000
Starting Iterative Proportional Fitting (IPF)...
Starting Iterative Proportional Fitting (IPF)...
IPF converged at iteration 41
IPF converged at iteration 41
IPF row error: 25.296566, col error: 0.000000
IPF row error: 25.296566, col error: 0.000000
Starting Iterative Proportional Fitting (IPF)...Starting Iterative Proportional Fitting (IPF)...

IPF converged at iteration 41
IPF row error: 25.296566, col error: 0.000000
IPF converged at iteration 41
IPF row error: 25.296566, col error: 0.000000
Starting Iterative Proportional Fitting (IPF)...
Starting Iterative Proportional Fitting (IPF)...
IPF converged at iteration 41
IPF converged at iteration 41
IPF row error: 25.296566, col error: 0.000000
IPF row error: 25.296566, col error: 0.000000
Starting Iterative Proportional Fitting (IPF)...
Starting Iterative Proportional Fitting (IPF)...
IPF converged at iteration 41
IPF row error: 25.296566, col error: 0.000000
IPF converged at iteration 41
IPF row error: 25.296566, col error: 0.000000
Starting Iterative Proportional Fitting (IPF)...
Starting Iterative Proportional Fitting (IPF)...
IPF converged at iteration 41
IPF converged at iteration 41
IPF row error: 25.296566, col error: 0.000000
IPF row error: 25.296566, col error: 0.000000
Starting Iterative Proportional Fitting (IPF)...
Starting Iterative Proportional Fitting (IPF)...
IPF converged at iteration 41
IPF row error: 25.296566, col error: 0.000000
IPF converged at iteration 41
IPF row error: 25.296566, col error: 0.000000
Starting Iterative Proportional Fitting (IPF)...
Starting Iterative Proportional Fitting (IPF)...
IPF converged at iteration 41
IPF converged at iteration 41
IPF row error: 25.296566, col error: 0.000000
IPF row error: 25.296566, col error: 0.000000
Starting Iterative Proportional Fitting (IPF)...
Starting Iterative Proportional Fitting (IPF)...
IPF converged at iteration 41
IPF row error: 25.296566, col error: 0.000000
IPF converged at iteration 41
IPF row error: 25.296566, col error: 0.000000
Starting Iterative Proportional Fitting (IPF)...
Starting Iterative Proportional Fitting (IPF)...
IPF converged at iteration 41
IPF converged at iteration 41
IPF row error: 25.296566, col error: 0.000000
IPF row error: 25.296566, col error: 0.000000
Starting Iterative Proportional Fitting (IPF)...
Starting Iterative Proportional Fitting (IPF)...
IPF converged at iteration 41
IPF row error: 25.296566, col error: 0.000000
IPF converged at iteration 41
IPF row error: 25.296566, col error: 0.000000
Starting Iterative Proportional Fitting (IPF)...
Starting Iterative Proportional Fitting (IPF)...
IPF converged at iteration 41
IPF converged at iteration 41
IPF row error: 25.296566, col error: 0.000000
IPF row error: 25.296566, col error: 0.000000
Starting Iterative Proportional Fitting (IPF)...
Starting Iterative Proportional Fitting (IPF)...
IPF converged at iteration 41
IPF row error: 25.296566, col error: 0.000000
IPF converged at iteration 41
IPF row error: 25.296566, col error: 0.000000
Starting Iterative Proportional Fitting (IPF)...
Starting Iterative Proportional Fitting (IPF)...
IPF converged at iteration 41
IPF converged at iteration 41
IPF row error: 25.296566, col error: 0.000000
IPF row error: 25.296566, col error: 0.000000
Starting Iterative Proportional Fitting (IPF)...
Starting Iterative Proportional Fitting (IPF)...
IPF converged at iteration 41
IPF row error: 25.296566, col error: 0.000000
IPF converged at iteration 41
IPF row error: 25.296566, col error: 0.000000
  [2023/test] 진행 120/1750 (6.9%) | 누적 CPC 0.4094 | RMSE 1233.6876 | %RMSE 23.1414 | 경과 2.4분 | 예상 남음 32.3분
Starting Iterative Proportional Fitting (IPF)...
Starting Iterative Proportional Fitting (IPF)...
IPF converged at iteration 41
IPF converged at iteration 41
IPF row error: 25.296566, col error: 0.000000
IPF row error: 25.296566, col error: 0.000000
Starting Iterative Proportional Fitting (IPF)...Starting Iterative Proportional Fitting (IPF)...

IPF converged at iteration 41
IPF row error: 25.296566, col error: 0.000000
IPF converged at iteration 41
IPF row error: 25.296566, col error: 0.000000
Starting Iterative Proportional Fitting (IPF)...
Starting Iterative Proportional Fitting (IPF)...
IPF converged at iteration 41
IPF converged at iteration 41
IPF row error: 25.296566, col error: 0.000000
IPF row error: 25.296566, col error: 0.000000
Starting Iterative Proportional Fitting (IPF)...
Starting Iterative Proportional Fitting (IPF)...
IPF converged at iteration 41
IPF row error: 25.296566, col error: 0.000000
IPF converged at iteration 41
IPF row error: 25.296566, col error: 0.000000
Starting Iterative Proportional Fitting (IPF)...
Starting Iterative Proportional Fitting (IPF)...
IPF converged at iteration 41
IPF row error: 25.296566, col error: 0.000000
IPF converged at iteration 41
IPF row error: 25.296566, col error: 0.000000
Starting Iterative Proportional Fitting (IPF)...
Starting Iterative Proportional Fitting (IPF)...
IPF converged at iteration 41
IPF row error: 25.296566, col error: 0.000000
IPF converged at iteration 41
IPF row error: 25.296566, col error: 0.000000
Starting Iterative Proportional Fitting (IPF)...
Starting Iterative Proportional Fitting (IPF)...
IPF converged at iteration 41
IPF converged at iteration 41
IPF row error: 25.296566, col error: 0.000000
IPF row error: 25.296566, col error: 0.000000
Starting Iterative Proportional Fitting (IPF)...
Starting Iterative Proportional Fitting (IPF)...
IPF converged at iteration 41
IPF row error: 25.296566, col error: 0.000000
IPF converged at iteration 41
IPF row error: 25.296566, col error: 0.000000
Starting Iterative Proportional Fitting (IPF)...
Starting Iterative Proportional Fitting (IPF)...
IPF converged at iteration 41
IPF converged at iteration 41
IPF row error: 25.296566, col error: 0.000000
IPF row error: 25.296566, col error: 0.000000
Starting Iterative Proportional Fitting (IPF)...
Starting Iterative Proportional Fitting (IPF)...
IPF converged at iteration 41
IPF row error: 25.296566, col error: 0.000000
IPF converged at iteration 41
IPF row error: 25.296566, col error: 0.000000
Starting Iterative Proportional Fitting (IPF)...
Starting Iterative Proportional Fitting (IPF)...
IPF converged at iteration 41
IPF converged at iteration 41
IPF row error: 25.296566, col error: 0.000000
IPF row error: 25.296566, col error: 0.000000
Starting Iterative Proportional Fitting (IPF)...Starting Iterative Proportional Fitting (IPF)...

IPF converged at iteration 41
IPF row error: 25.296566, col error: 0.000000
IPF converged at iteration 41
IPF row error: 25.296566, col error: 0.000000
Starting Iterative Proportional Fitting (IPF)...
Starting Iterative Proportional Fitting (IPF)...
IPF converged at iteration 41
IPF converged at iteration 41
IPF row error: 25.296566, col error: 0.000000
IPF row error: 25.296566, col error: 0.000000
Starting Iterative Proportional Fitting (IPF)...
Starting Iterative Proportional Fitting (IPF)...
IPF converged at iteration 41
IPF row error: 25.296566, col error: 0.000000
IPF converged at iteration 41
IPF row error: 25.296566, col error: 0.000000
Starting Iterative Proportional Fitting (IPF)...
Starting Iterative Proportional Fitting (IPF)...
IPF converged at iteration 41
IPF converged at iteration 41
IPF row error: 25.296566, col error: 0.000000
IPF row error: 25.296566, col error: 0.000000
  [2023/test] 진행 150/1750 (8.6%) | 누적 CPC 0.3865 | RMSE 1377.7323 | %RMSE 29.2213 | 경과 2.9분 | 예상 남음 31.4분
Starting Iterative Proportional Fitting (IPF)...
Starting Iterative Proportional Fitting (IPF)...
IPF converged at iteration 41
IPF row error: 25.296566, col error: 0.000000
IPF converged at iteration 41
IPF row error: 25.296566, col error: 0.000000
Starting Iterative Proportional Fitting (IPF)...
Starting Iterative Proportional Fitting (IPF)...
IPF converged at iteration 41
IPF converged at iteration 41
IPF row error: 25.296566, col error: 0.000000
IPF row error: 25.296566, col error: 0.000000
Starting Iterative Proportional Fitting (IPF)...
Starting Iterative Proportional Fitting (IPF)...
IPF converged at iteration 41
IPF row error: 25.296566, col error: 0.000000
IPF converged at iteration 41
IPF row error: 25.296566, col error: 0.000000
Starting Iterative Proportional Fitting (IPF)...
Starting Iterative Proportional Fitting (IPF)...
IPF converged at iteration 41
IPF converged at iteration 41
IPF row error: 25.296566, col error: 0.000000
IPF row error: 25.296566, col error: 0.000000
Starting Iterative Proportional Fitting (IPF)...
Starting Iterative Proportional Fitting (IPF)...
IPF converged at iteration 41
IPF row error: 25.296566, col error: 0.000000
IPF converged at iteration 41
IPF row error: 25.296566, col error: 0.000000
Starting Iterative Proportional Fitting (IPF)...
Starting Iterative Proportional Fitting (IPF)...
IPF converged at iteration 41
IPF row error: 25.296566, col error: 0.000000
IPF converged at iteration 41
IPF row error: 25.296566, col error: 0.000000
Starting Iterative Proportional Fitting (IPF)...
Starting Iterative Proportional Fitting (IPF)...
IPF converged at iteration 41
IPF row error: 25.296566, col error: 0.000000
IPF converged at iteration 41
IPF row error: 25.296566, col error: 0.000000
Starting Iterative Proportional Fitting (IPF)...
Starting Iterative Proportional Fitting (IPF)...
IPF converged at iteration 41
IPF row error: 25.296566, col error: 0.000000
IPF converged at iteration 41
IPF row error: 25.296566, col error: 0.000000
Starting Iterative Proportional Fitting (IPF)...
IPF converged at iteration 41
Starting Iterative Proportional Fitting (IPF)...
IPF row error: 25.296566, col error: 0.000000
IPF converged at iteration 41
IPF row error: 25.296566, col error: 0.000000
Starting Iterative Proportional Fitting (IPF)...
Starting Iterative Proportional Fitting (IPF)...
IPF converged at iteration 41
IPF converged at iteration 41
IPF row error: 25.296566, col error: 0.000000
IPF row error: 25.296566, col error: 0.000000
Starting Iterative Proportional Fitting (IPF)...
IPF converged at iteration 41
Starting Iterative Proportional Fitting (IPF)...
IPF row error: 25.296566, col error: 0.000000
IPF converged at iteration 41
IPF row error: 25.296566, col error: 0.000000Starting Iterative Proportional Fitting (IPF)...

Starting Iterative Proportional Fitting (IPF)...
IPF converged at iteration 41
IPF converged at iteration 41
IPF row error: 25.296566, col error: 0.000000
IPF row error: 25.296566, col error: 0.000000
IPF converged at iteration 41
Starting Iterative Proportional Fitting (IPF)...
IPF row error: 25.296566, col error: 0.000000
Starting Iterative Proportional Fitting (IPF)...
IPF converged at iteration 41
Starting Iterative Proportional Fitting (IPF)...
IPF row error: 25.296566, col error: 0.000000
Starting Iterative Proportional Fitting (IPF)...
IPF converged at iteration 41
IPF converged at iteration 41
IPF row error: 25.296566, col error: 0.000000
IPF row error: 25.296566, col error: 0.000000
IPF converged at iteration 41
IPF row error: 25.296566, col error: 0.000000
Starting Iterative Proportional Fitting (IPF)...
Starting Iterative Proportional Fitting (IPF)...
IPF converged at iteration 41
Starting Iterative Proportional Fitting (IPF)...
IPF row error: 25.296566, col error: 0.000000
  [2023/test] 진행 180/1750 (10.3%) | 누적 CPC 0.3589 | RMSE 1437.5482 | %RMSE 34.4311 | 경과 3.4분 | 예상 남음 29.9분
Starting Iterative Proportional Fitting (IPF)...
IPF converged at iteration 41
IPF converged at iteration 41
IPF row error: 25.296566, col error: 0.000000
IPF row error: 25.296566, col error: 0.000000
IPF converged at iteration 41
IPF row error: 25.296566, col error: 0.000000
Starting Iterative Proportional Fitting (IPF)...
Starting Iterative Proportional Fitting (IPF)...
IPF converged at iteration 41
Starting Iterative Proportional Fitting (IPF)...
IPF row error: 25.296566, col error: 0.000000
Starting Iterative Proportional Fitting (IPF)...
IPF converged at iteration 41
IPF converged at iteration 41
IPF row error: 25.296566, col error: 0.000000IPF row error: 25.296566, col error: 0.000000

IPF converged at iteration 41
IPF row error: 25.296566, col error: 0.000000
Starting Iterative Proportional Fitting (IPF)...
Starting Iterative Proportional Fitting (IPF)...
IPF converged at iteration 41
Starting Iterative Proportional Fitting (IPF)...
IPF row error: 25.296566, col error: 0.000000
Starting Iterative Proportional Fitting (IPF)...
IPF converged at iteration 41
IPF row error: 25.296566, col error: 0.000000
IPF converged at iteration 41
IPF converged at iteration 41
IPF row error: 25.296566, col error: 0.000000
IPF row error: 25.296566, col error: 0.000000
Starting Iterative Proportional Fitting (IPF)...
Starting Iterative Proportional Fitting (IPF)...
IPF converged at iteration 41
Starting Iterative Proportional Fitting (IPF)...
IPF row error: 25.296566, col error: 0.000000
Starting Iterative Proportional Fitting (IPF)...
IPF converged at iteration 41
IPF row error: 25.296566, col error: 0.000000
IPF converged at iteration 41
IPF converged at iteration 41
IPF row error: 25.296566, col error: 0.000000
IPF row error: 25.296566, col error: 0.000000
Starting Iterative Proportional Fitting (IPF)...
Starting Iterative Proportional Fitting (IPF)...
IPF converged at iteration 41
Starting Iterative Proportional Fitting (IPF)...
IPF row error: 25.296566, col error: 0.000000
Starting Iterative Proportional Fitting (IPF)...
IPF converged at iteration 41
IPF converged at iteration 41
IPF row error: 25.296566, col error: 0.000000
IPF row error: 25.296566, col error: 0.000000
IPF converged at iteration 41
IPF row error: 25.296566, col error: 0.000000
Starting Iterative Proportional Fitting (IPF)...
Starting Iterative Proportional Fitting (IPF)...
IPF converged at iteration 41
IPF row error: 25.296566, col error: 0.000000
Starting Iterative Proportional Fitting (IPF)...
Starting Iterative Proportional Fitting (IPF)...
IPF converged at iteration 41
IPF converged at iteration 41
IPF row error: 25.296566, col error: 0.000000
IPF row error: 25.296566, col error: 0.000000
IPF converged at iteration 41
IPF row error: 25.296566, col error: 0.000000
Starting Iterative Proportional Fitting (IPF)...
Starting Iterative Proportional Fitting (IPF)...
IPF converged at iteration 41
IPF row error: 25.296566, col error: 0.000000
Starting Iterative Proportional Fitting (IPF)...
Starting Iterative Proportional Fitting (IPF)...
IPF converged at iteration 41
IPF row error: 25.296566, col error: 0.000000
IPF converged at iteration 41
IPF row error: 25.296566, col error: 0.000000
IPF converged at iteration 41
IPF row error: 25.296566, col error: 0.000000
Starting Iterative Proportional Fitting (IPF)...
IPF converged at iteration 41
Starting Iterative Proportional Fitting (IPF)...
IPF row error: 25.296566, col error: 0.000000
Starting Iterative Proportional Fitting (IPF)...
Starting Iterative Proportional Fitting (IPF)...
IPF converged at iteration 41
IPF row error: 25.296566, col error: 0.000000
IPF converged at iteration 41
IPF converged at iteration 41
IPF row error: 25.296566, col error: 0.000000
IPF row error: 25.296566, col error: 0.000000
  [2023/test] 진행 210/1750 (12.0%) | 누적 CPC 0.3432 | RMSE 1491.2594 | %RMSE 37.6491 | 경과 4.0분 | 예상 남음 29.1분
Starting Iterative Proportional Fitting (IPF)...
IPF converged at iteration 41
IPF row error: 25.296566, col error: 0.000000
Starting Iterative Proportional Fitting (IPF)...
Starting Iterative Proportional Fitting (IPF)...
Starting Iterative Proportional Fitting (IPF)...
IPF converged at iteration 41
IPF row error: 25.296566, col error: 0.000000
IPF converged at iteration 41
IPF converged at iteration 41
IPF row error: 25.296566, col error: 0.000000
IPF row error: 25.296566, col error: 0.000000
Starting Iterative Proportional Fitting (IPF)...
IPF converged at iteration 41
Starting Iterative Proportional Fitting (IPF)...
IPF row error: 25.296566, col error: 0.000000
Starting Iterative Proportional Fitting (IPF)...
Starting Iterative Proportional Fitting (IPF)...
IPF converged at iteration 41
IPF row error: 25.296566, col error: 0.000000
IPF converged at iteration 41
IPF row error: 25.296566, col error: 0.000000
IPF converged at iteration 41
IPF row error: 25.296566, col error: 0.000000
Starting Iterative Proportional Fitting (IPF)...
IPF converged at iteration 41
IPF row error: 25.296566, col error: 0.000000
Starting Iterative Proportional Fitting (IPF)...
Starting Iterative Proportional Fitting (IPF)...
Starting Iterative Proportional Fitting (IPF)...
IPF converged at iteration 41
IPF row error: 25.296566, col error: 0.000000
IPF converged at iteration 41
Starting Iterative Proportional Fitting (IPF)...
IPF row error: 25.296566, col error: 0.000000
IPF converged at iteration 41
IPF row error: 25.296566, col error: 0.000000
IPF converged at iteration 41
Starting Iterative Proportional Fitting (IPF)...
IPF row error: 25.296566, col error: 0.000000
Starting Iterative Proportional Fitting (IPF)...
Starting Iterative Proportional Fitting (IPF)...
IPF converged at iteration 41
IPF row error: 25.296566, col error: 0.000000
IPF converged at iteration 41
IPF row error: 25.296566, col error: 0.000000
Starting Iterative Proportional Fitting (IPF)...
IPF converged at iteration 41
IPF row error: 25.296566, col error: 0.000000
Starting Iterative Proportional Fitting (IPF)...
IPF converged at iteration 41
IPF row error: 25.296566, col error: 0.000000
Starting Iterative Proportional Fitting (IPF)...
Starting Iterative Proportional Fitting (IPF)...
IPF converged at iteration 41
IPF row error: 25.296566, col error: 0.000000
Starting Iterative Proportional Fitting (IPF)...
IPF converged at iteration 41
IPF converged at iteration 41
IPF row error: 25.296566, col error: 0.000000
IPF row error: 25.296566, col error: 0.000000
Starting Iterative Proportional Fitting (IPF)...
Starting Iterative Proportional Fitting (IPF)...
IPF converged at iteration 41
IPF row error: 25.296566, col error: 0.000000
Starting Iterative Proportional Fitting (IPF)...
IPF converged at iteration 41
IPF row error: 25.296566, col error: 0.000000
Starting Iterative Proportional Fitting (IPF)...
IPF converged at iteration 41
IPF converged at iteration 41IPF row error: 25.296566, col error: 0.000000

IPF row error: 25.296566, col error: 0.000000
Starting Iterative Proportional Fitting (IPF)...
Starting Iterative Proportional Fitting (IPF)...
IPF converged at iteration 41
IPF row error: 25.296566, col error: 0.000000
Starting Iterative Proportional Fitting (IPF)...
IPF converged at iteration 41
IPF row error: 25.296566, col error: 0.000000
Starting Iterative Proportional Fitting (IPF)...
IPF converged at iteration 41
IPF row error: 25.296566, col error: 0.000000
IPF converged at iteration 41
IPF row error: 25.296566, col error: 0.000000
Starting Iterative Proportional Fitting (IPF)...
Starting Iterative Proportional Fitting (IPF)...
IPF converged at iteration 41
IPF row error: 25.296566, col error: 0.000000
  [2023/test] 진행 240/1750 (13.7%) | 누적 CPC 0.3385 | RMSE 1550.7676 | %RMSE 39.1817 | 경과 4.5분 | 예상 남음 28.4분
Starting Iterative Proportional Fitting (IPF)...
IPF converged at iteration 41
IPF row error: 25.296566, col error: 0.000000
Starting Iterative Proportional Fitting (IPF)...
IPF converged at iteration 41
IPF row error: 25.296566, col error: 0.000000
IPF converged at iteration 41
IPF row error: 25.296566, col error: 0.000000
Starting Iterative Proportional Fitting (IPF)...
IPF converged at iteration 41
Starting Iterative Proportional Fitting (IPF)...
IPF row error: 25.296566, col error: 0.000000
Starting Iterative Proportional Fitting (IPF)...
IPF converged at iteration 41
IPF row error: 25.296566, col error: 0.000000
Starting Iterative Proportional Fitting (IPF)...
IPF converged at iteration 41
IPF row error: 25.296566, col error: 0.000000
IPF converged at iteration 41
IPF row error: 25.296566, col error: 0.000000
IPF converged at iteration 41
IPF row error: 25.296566, col error: 0.000000
Starting Iterative Proportional Fitting (IPF)...
Starting Iterative Proportional Fitting (IPF)...
Starting Iterative Proportional Fitting (IPF)...
IPF converged at iteration 41
IPF row error: 25.296566, col error: 0.000000
Starting Iterative Proportional Fitting (IPF)...
IPF converged at iteration 41
IPF row error: 25.296566, col error: 0.000000IPF converged at iteration 41

IPF row error: 25.296566, col error: 0.000000
IPF converged at iteration 41
IPF row error: 25.296566, col error: 0.000000
Starting Iterative Proportional Fitting (IPF)...
Starting Iterative Proportional Fitting (IPF)...
Starting Iterative Proportional Fitting (IPF)...
IPF converged at iteration 41
IPF row error: 25.296566, col error: 0.000000
Starting Iterative Proportional Fitting (IPF)...
IPF converged at iteration 41
IPF row error: 25.296566, col error: 0.000000
IPF converged at iteration 41
IPF row error: 25.296566, col error: 0.000000
IPF converged at iteration 41
IPF row error: 25.296566, col error: 0.000000
Starting Iterative Proportional Fitting (IPF)...
Starting Iterative Proportional Fitting (IPF)...
Starting Iterative Proportional Fitting (IPF)...
IPF converged at iteration 41
IPF row error: 25.296566, col error: 0.000000
Starting Iterative Proportional Fitting (IPF)...
IPF converged at iteration 41
IPF row error: 25.296566, col error: 0.000000
IPF converged at iteration 41
IPF row error: 25.296566, col error: 0.000000
IPF converged at iteration 41
IPF row error: 25.296566, col error: 0.000000
Starting Iterative Proportional Fitting (IPF)...
Starting Iterative Proportional Fitting (IPF)...
Starting Iterative Proportional Fitting (IPF)...
IPF converged at iteration 41
IPF row error: 25.296566, col error: 0.000000
Starting Iterative Proportional Fitting (IPF)...
IPF converged at iteration 41
IPF row error: 25.296566, col error: 0.000000
IPF converged at iteration 41
IPF row error: 25.296566, col error: 0.000000
IPF converged at iteration 41
IPF row error: 25.296566, col error: 0.000000
Starting Iterative Proportional Fitting (IPF)...
Starting Iterative Proportional Fitting (IPF)...
Starting Iterative Proportional Fitting (IPF)...
IPF converged at iteration 41
IPF row error: 25.296566, col error: 0.000000
Starting Iterative Proportional Fitting (IPF)...
IPF converged at iteration 41
IPF row error: 25.296566, col error: 0.000000
IPF converged at iteration 41
IPF row error: 25.296566, col error: 0.000000
IPF converged at iteration 41
IPF row error: 25.296566, col error: 0.000000
Starting Iterative Proportional Fitting (IPF)...
Starting Iterative Proportional Fitting (IPF)...
Starting Iterative Proportional Fitting (IPF)...
IPF converged at iteration 41
IPF row error: 25.296566, col error: 0.000000
Starting Iterative Proportional Fitting (IPF)...
IPF converged at iteration 41
IPF row error: 25.296566, col error: 0.000000
  [2023/test] 진행 270/1750 (15.4%) | 누적 CPC 0.3370 | RMSE 1603.8745 | %RMSE 39.6792 | 경과 5.1분 | 예상 남음 28.1분
IPF converged at iteration 41
IPF row error: 25.296566, col error: 0.000000
IPF converged at iteration 41
IPF row error: 25.296566, col error: 0.000000
Starting Iterative Proportional Fitting (IPF)...
Starting Iterative Proportional Fitting (IPF)...
Starting Iterative Proportional Fitting (IPF)...
IPF converged at iteration 41
IPF row error: 25.296566, col error: 0.000000
Starting Iterative Proportional Fitting (IPF)...
IPF converged at iteration 41
IPF row error: 25.296566, col error: 0.000000
IPF converged at iteration 41
IPF converged at iteration 41
IPF row error: 25.296566, col error: 0.000000
IPF row error: 25.296566, col error: 0.000000
Starting Iterative Proportional Fitting (IPF)...
Starting Iterative Proportional Fitting (IPF)...
Starting Iterative Proportional Fitting (IPF)...
IPF converged at iteration 41
IPF row error: 25.296566, col error: 0.000000
Starting Iterative Proportional Fitting (IPF)...
IPF converged at iteration 41
IPF row error: 25.296566, col error: 0.000000
IPF converged at iteration 41
IPF converged at iteration 41
IPF row error: 25.296566, col error: 0.000000
IPF row error: 25.296566, col error: 0.000000
Starting Iterative Proportional Fitting (IPF)...
Starting Iterative Proportional Fitting (IPF)...
Starting Iterative Proportional Fitting (IPF)...
IPF converged at iteration 41
IPF row error: 25.296566, col error: 0.000000
Starting Iterative Proportional Fitting (IPF)...
IPF converged at iteration 41
IPF row error: 25.296566, col error: 0.000000
IPF converged at iteration 41
IPF converged at iteration 41
IPF row error: 25.296566, col error: 0.000000
IPF row error: 25.296566, col error: 0.000000
Starting Iterative Proportional Fitting (IPF)...
Starting Iterative Proportional Fitting (IPF)...
Starting Iterative Proportional Fitting (IPF)...
IPF converged at iteration 41
IPF row error: 25.296566, col error: 0.000000
Starting Iterative Proportional Fitting (IPF)...
IPF converged at iteration 41
IPF row error: 25.296566, col error: 0.000000
IPF converged at iteration 41
IPF converged at iteration 41
IPF row error: 25.296566, col error: 0.000000
IPF row error: 25.296566, col error: 0.000000
Starting Iterative Proportional Fitting (IPF)...
Starting Iterative Proportional Fitting (IPF)...
Starting Iterative Proportional Fitting (IPF)...
IPF converged at iteration 41
IPF row error: 25.296566, col error: 0.000000
Starting Iterative Proportional Fitting (IPF)...
IPF converged at iteration 41
IPF row error: 25.296566, col error: 0.000000
IPF converged at iteration 41
IPF row error: 25.296566, col error: 0.000000
IPF converged at iteration 41
IPF row error: 25.296566, col error: 0.000000
Starting Iterative Proportional Fitting (IPF)...
Starting Iterative Proportional Fitting (IPF)...
Starting Iterative Proportional Fitting (IPF)...
IPF converged at iteration 41
IPF row error: 25.296566, col error: 0.000000
Starting Iterative Proportional Fitting (IPF)...
IPF converged at iteration 41
IPF row error: 25.296566, col error: 0.000000
IPF converged at iteration 41
IPF row error: 25.296566, col error: 0.000000
IPF converged at iteration 41
Starting Iterative Proportional Fitting (IPF)...
IPF row error: 25.296566, col error: 0.000000
Starting Iterative Proportional Fitting (IPF)...
Starting Iterative Proportional Fitting (IPF)...
IPF converged at iteration 41
IPF row error: 25.296566, col error: 0.000000
Starting Iterative Proportional Fitting (IPF)...
IPF converged at iteration 41
IPF converged at iteration 41
IPF row error: 25.296566, col error: 0.000000
IPF row error: 25.296566, col error: 0.000000
IPF converged at iteration 41
Starting Iterative Proportional Fitting (IPF)...
Starting Iterative Proportional Fitting (IPF)...IPF row error: 25.296566, col error: 0.000000

  [2023/test] 진행 300/1750 (17.1%) | 누적 CPC 0.3367 | RMSE 1649.4302 | %RMSE 39.7645 | 경과 5.7분 | 예상 남음 27.5분
Starting Iterative Proportional Fitting (IPF)...
IPF converged at iteration 41
IPF row error: 25.296566, col error: 0.000000
Starting Iterative Proportional Fitting (IPF)...
IPF converged at iteration 41
IPF converged at iteration 41
IPF row error: 25.296566, col error: 0.000000
IPF row error: 25.296566, col error: 0.000000
Starting Iterative Proportional Fitting (IPF)...
IPF converged at iteration 41
Starting Iterative Proportional Fitting (IPF)...
IPF row error: 25.296566, col error: 0.000000
Starting Iterative Proportional Fitting (IPF)...
IPF converged at iteration 41
IPF row error: 25.296566, col error: 0.000000
Starting Iterative Proportional Fitting (IPF)...
IPF converged at iteration 41
IPF row error: 25.296566, col error: 0.000000
IPF converged at iteration 41
IPF row error: 25.296566, col error: 0.000000
Starting Iterative Proportional Fitting (IPF)...
IPF converged at iteration 41
Starting Iterative Proportional Fitting (IPF)...
IPF row error: 25.296566, col error: 0.000000
Starting Iterative Proportional Fitting (IPF)...
IPF converged at iteration 41
IPF row error: 25.296566, col error: 0.000000
Starting Iterative Proportional Fitting (IPF)...
IPF converged at iteration 41
IPF row error: 25.296566, col error: 0.000000
IPF converged at iteration 41
IPF row error: 25.296566, col error: 0.000000
Starting Iterative Proportional Fitting (IPF)...
IPF converged at iteration 41
IPF row error: 25.296566, col error: 0.000000
Starting Iterative Proportional Fitting (IPF)...
Starting Iterative Proportional Fitting (IPF)...
IPF converged at iteration 41
IPF row error: 25.296566, col error: 0.000000
Starting Iterative Proportional Fitting (IPF)...
IPF converged at iteration 41
IPF row error: 25.296566, col error: 0.000000
IPF converged at iteration 41
IPF row error: 25.296566, col error: 0.000000
Starting Iterative Proportional Fitting (IPF)...
IPF converged at iteration 41
IPF row error: 25.296566, col error: 0.000000
Starting Iterative Proportional Fitting (IPF)...
Starting Iterative Proportional Fitting (IPF)...
IPF converged at iteration 41
IPF row error: 25.296566, col error: 0.000000
Starting Iterative Proportional Fitting (IPF)...
IPF converged at iteration 41
IPF row error: 25.296566, col error: 0.000000
IPF converged at iteration 41
IPF row error: 25.296566, col error: 0.000000
Starting Iterative Proportional Fitting (IPF)...
IPF converged at iteration 41
IPF row error: 25.296566, col error: 0.000000
Starting Iterative Proportional Fitting (IPF)...
Starting Iterative Proportional Fitting (IPF)...
IPF converged at iteration 41
IPF row error: 25.296566, col error: 0.000000
Starting Iterative Proportional Fitting (IPF)...
IPF converged at iteration 41
IPF row error: 25.296566, col error: 0.000000
Starting Iterative Proportional Fitting (IPF)...
IPF converged at iteration 41
IPF row error: 25.296566, col error: 0.000000
IPF converged at iteration 41
IPF row error: 25.296566, col error: 0.000000
Starting Iterative Proportional Fitting (IPF)...
Starting Iterative Proportional Fitting (IPF)...
IPF converged at iteration 41
IPF row error: 25.296566, col error: 0.000000
Starting Iterative Proportional Fitting (IPF)...
IPF converged at iteration 41
IPF row error: 25.296566, col error: 0.000000
IPF converged at iteration 41
Starting Iterative Proportional Fitting (IPF)...
IPF row error: 25.296566, col error: 0.000000
IPF converged at iteration 41
IPF row error: 25.296566, col error: 0.000000
Starting Iterative Proportional Fitting (IPF)...
Starting Iterative Proportional Fitting (IPF)...
IPF converged at iteration 41
IPF row error: 25.296566, col error: 0.000000
Starting Iterative Proportional Fitting (IPF)...
IPF converged at iteration 41
IPF row error: 25.296566, col error: 0.000000
  [2023/test] 진행 330/1750 (18.9%) | 누적 CPC 0.3455 | RMSE 1590.7015 | %RMSE 37.3462 | 경과 6.3분 | 예상 남음 27.0분
Starting Iterative Proportional Fitting (IPF)...
IPF converged at iteration 41
IPF row error: 25.296566, col error: 0.000000
IPF converged at iteration 41
IPF row error: 25.296566, col error: 0.000000
Starting Iterative Proportional Fitting (IPF)...
Starting Iterative Proportional Fitting (IPF)...
IPF converged at iteration 41
IPF row error: 25.296566, col error: 0.000000
Starting Iterative Proportional Fitting (IPF)...
IPF converged at iteration 41
IPF row error: 25.296566, col error: 0.000000
Starting Iterative Proportional Fitting (IPF)...
IPF converged at iteration 41
IPF row error: 25.296566, col error: 0.000000
IPF converged at iteration 41
IPF row error: 25.296566, col error: 0.000000
Starting Iterative Proportional Fitting (IPF)...
Starting Iterative Proportional Fitting (IPF)...
IPF converged at iteration 41
IPF row error: 25.296566, col error: 0.000000
Starting Iterative Proportional Fitting (IPF)...
IPF converged at iteration 41
IPF row error: 25.296566, col error: 0.000000
Starting Iterative Proportional Fitting (IPF)...
IPF converged at iteration 41
IPF row error: 25.296566, col error: 0.000000
IPF converged at iteration 41
IPF row error: 25.296566, col error: 0.000000
Starting Iterative Proportional Fitting (IPF)...
Starting Iterative Proportional Fitting (IPF)...
IPF converged at iteration 41
IPF row error: 25.296566, col error: 0.000000
Starting Iterative Proportional Fitting (IPF)...
IPF converged at iteration 41
IPF row error: 25.296566, col error: 0.000000
Starting Iterative Proportional Fitting (IPF)...
IPF converged at iteration 41
IPF row error: 25.296566, col error: 0.000000
IPF converged at iteration 41
IPF row error: 25.296566, col error: 0.000000
Starting Iterative Proportional Fitting (IPF)...
Starting Iterative Proportional Fitting (IPF)...
IPF converged at iteration 41
IPF row error: 25.296566, col error: 0.000000
Starting Iterative Proportional Fitting (IPF)...
IPF converged at iteration 41
IPF row error: 25.296566, col error: 0.000000
Starting Iterative Proportional Fitting (IPF)...
IPF converged at iteration 41
IPF row error: 25.296566, col error: 0.000000
IPF converged at iteration 41
IPF row error: 25.296566, col error: 0.000000
Starting Iterative Proportional Fitting (IPF)...
Starting Iterative Proportional Fitting (IPF)...
IPF converged at iteration 41
IPF row error: 25.296566, col error: 0.000000
Starting Iterative Proportional Fitting (IPF)...
IPF converged at iteration 26
IPF row error: 26.335094, col error: 0.000000
IPF converged at iteration 26
IPF row error: 22.398569, col error: 0.000000
Starting Iterative Proportional Fitting (IPF)...
Starting Iterative Proportional Fitting (IPF)...
IPF converged at iteration 41
IPF row error: 25.296566, col error: 0.000000
Starting Iterative Proportional Fitting (IPF)...
IPF converged at iteration 27
IPF row error: 23.894362, col error: 0.000000
Starting Iterative Proportional Fitting (IPF)...
IPF converged at iteration 33
IPF row error: 27.375244, col error: 0.000000
Starting Iterative Proportional Fitting (IPF)...
IPF converged at iteration 41
IPF row error: 25.296566, col error: 0.000000
Starting Iterative Proportional Fitting (IPF)...
IPF converged at iteration 41
IPF row error: 25.296566, col error: 0.000000
Starting Iterative Proportional Fitting (IPF)...
IPF converged at iteration 41
IPF row error: 25.296566, col error: 0.000000
Starting Iterative Proportional Fitting (IPF)...
IPF converged at iteration 27
IPF row error: 25.503619, col error: 0.000000
Starting Iterative Proportional Fitting (IPF)...
IPF converged at iteration 45
IPF row error: 24.969518, col error: 0.000000
IPF converged at iteration 31
IPF row error: 25.520244, col error: 0.000000IPF converged at iteration 56

  [2023/test] 진행 360/1750 (20.6%) | 누적 CPC 0.3534 | RMSE 1542.0683 | %RMSE 35.3620 | 경과 6.9분 | 예상 남음 26.5분
IPF row error: 27.160708, col error: 0.000000
Starting Iterative Proportional Fitting (IPF)...
Starting Iterative Proportional Fitting (IPF)...
Starting Iterative Proportional Fitting (IPF)...
IPF converged at iteration 41
IPF row error: 25.296566, col error: 0.000000
Starting Iterative Proportional Fitting (IPF)...
IPF converged at iteration 26
IPF row error: 27.783848, col error: 0.000000
Starting Iterative Proportional Fitting (IPF)...
IPF converged at iteration 27
IPF row error: 26.272906, col error: 0.000000
Starting Iterative Proportional Fitting (IPF)...
IPF converged at iteration 39
IPF row error: 28.771209, col error: 0.000000
Starting Iterative Proportional Fitting (IPF)...
IPF converged at iteration 45
IPF row error: 25.657977, col error: 0.000000
Starting Iterative Proportional Fitting (IPF)...
IPF converged at iteration 26
IPF row error: 23.793548, col error: 0.000000
Starting Iterative Proportional Fitting (IPF)...
IPF converged at iteration 27
IPF row error: 25.593391, col error: 0.000000
Starting Iterative Proportional Fitting (IPF)...
IPF converged at iteration 52
IPF row error: 25.722850, col error: 0.000000
Starting Iterative Proportional Fitting (IPF)...
IPF converged at iteration 26
IPF row error: 26.885967, col error: 0.000000
Starting Iterative Proportional Fitting (IPF)...
IPF converged at iteration 29
IPF row error: 27.469067, col error: 0.000000
Starting Iterative Proportional Fitting (IPF)...
IPF converged at iteration 90
IPF row error: 29.219318, col error: 0.000000
IPF converged at iteration 43
IPF row error: 25.911876, col error: 0.000000
Starting Iterative Proportional Fitting (IPF)...
Starting Iterative Proportional Fitting (IPF)...
IPF converged at iteration 41
IPF row error: 25.296566, col error: 0.000000
Starting Iterative Proportional Fitting (IPF)...
IPF converged at iteration 25
IPF row error: 27.781505, col error: 0.000000
IPF converged at iteration 41
IPF row error: 25.296566, col error: 0.000000
Starting Iterative Proportional Fitting (IPF)...
Starting Iterative Proportional Fitting (IPF)...
IPF converged at iteration 28
IPF row error: 23.931071, col error: 0.000000
Starting Iterative Proportional Fitting (IPF)...
IPF converged at iteration 27
IPF row error: 25.563872, col error: 0.000000
IPF converged at iteration 41
IPF row error: 25.296566, col error: 0.000000
Starting Iterative Proportional Fitting (IPF)...
Starting Iterative Proportional Fitting (IPF)...
IPF converged at iteration 41
IPF row error: 25.296566, col error: 0.000000
Starting Iterative Proportional Fitting (IPF)...
IPF converged at iteration 41
IPF row error: 25.296566, col error: 0.000000
Starting Iterative Proportional Fitting (IPF)...
IPF converged at iteration 27
IPF row error: 28.797263, col error: 0.000000
Starting Iterative Proportional Fitting (IPF)...
IPF converged at iteration 41
IPF row error: 25.296566, col error: 0.000000
Starting Iterative Proportional Fitting (IPF)...
IPF converged at iteration 41
IPF row error: 25.296566, col error: 0.000000
Starting Iterative Proportional Fitting (IPF)...
IPF converged at iteration 27
IPF converged at iteration 41IPF row error: 23.488994, col error: 0.000000

IPF row error: 25.296566, col error: 0.000000
Starting Iterative Proportional Fitting (IPF)...
Starting Iterative Proportional Fitting (IPF)...
IPF converged at iteration 28
IPF row error: 28.852954, col error: 0.000000
Starting Iterative Proportional Fitting (IPF)...
IPF converged at iteration 41
IPF row error: 25.296566, col error: 0.000000
Starting Iterative Proportional Fitting (IPF)...
IPF converged at iteration 41
IPF converged at iteration 41
IPF row error: 25.296566, col error: 0.000000
IPF row error: 25.296566, col error: 0.000000
  [2023/test] 진행 390/1750 (22.3%) | 누적 CPC 0.3610 | RMSE 1499.3837 | %RMSE 33.7198 | 경과 7.4분 | 예상 남음 25.7분
Starting Iterative Proportional Fitting (IPF)...
Starting Iterative Proportional Fitting (IPF)...
IPF converged at iteration 36
IPF row error: 26.505287, col error: 0.000000
Starting Iterative Proportional Fitting (IPF)...
IPF converged at iteration 26
IPF row error: 26.296759, col error: 0.000000
Starting Iterative Proportional Fitting (IPF)...
IPF converged at iteration 38
IPF row error: 25.430722, col error: 0.000000
Starting Iterative Proportional Fitting (IPF)...
IPF converged at iteration 41
IPF row error: 25.296566, col error: 0.000000
Starting Iterative Proportional Fitting (IPF)...
IPF converged at iteration 41
IPF row error: 25.296566, col error: 0.000000
IPF converged at iteration 26
IPF row error: 27.185583, col error: 0.000000
Starting Iterative Proportional Fitting (IPF)...
Starting Iterative Proportional Fitting (IPF)...
IPF converged at iteration 27
IPF row error: 27.648204, col error: 0.000000
Starting Iterative Proportional Fitting (IPF)...
IPF converged at iteration 41
IPF row error: 25.296566, col error: 0.000000
Starting Iterative Proportional Fitting (IPF)...
IPF converged at iteration 41
IPF row error: 25.296566, col error: 0.000000
IPF converged at iteration 41
IPF row error: 25.296566, col error: 0.000000
IPF converged at iteration 36
IPF row error: 24.525253, col error: 0.000000
Starting Iterative Proportional Fitting (IPF)...
Starting Iterative Proportional Fitting (IPF)...
Starting Iterative Proportional Fitting (IPF)...
IPF converged at iteration 41
IPF converged at iteration 41
IPF row error: 25.296566, col error: 0.000000
IPF row error: 25.296566, col error: 0.000000
IPF converged at iteration 41
IPF row error: 25.296566, col error: 0.000000
Starting Iterative Proportional Fitting (IPF)...
Starting Iterative Proportional Fitting (IPF)...
Starting Iterative Proportional Fitting (IPF)...
IPF converged at iteration 73
IPF row error: 26.369840, col error: 0.000000
Starting Iterative Proportional Fitting (IPF)...
IPF converged at iteration 27
IPF row error: 24.176349, col error: 0.000000
IPF converged at iteration 27
IPF row error: 25.114257, col error: 0.000000
Starting Iterative Proportional Fitting (IPF)...
Starting Iterative Proportional Fitting (IPF)...
IPF converged at iteration 41
IPF row error: 25.296566, col error: 0.000000
Starting Iterative Proportional Fitting (IPF)...
IPF converged at iteration 28
IPF converged at iteration 41
IPF row error: 24.873292, col error: 0.000000
IPF row error: 25.296566, col error: 0.000000
Starting Iterative Proportional Fitting (IPF)...
Starting Iterative Proportional Fitting (IPF)...
IPF converged at iteration 36
IPF row error: 26.832628, col error: 0.000000
Starting Iterative Proportional Fitting (IPF)...
IPF converged at iteration 41
IPF row error: 25.296566, col error: 0.000000
Starting Iterative Proportional Fitting (IPF)...
IPF converged at iteration 32
IPF row error: 26.985664, col error: 0.000000
IPF converged at iteration 41
IPF row error: 25.296566, col error: 0.000000
Starting Iterative Proportional Fitting (IPF)...
Starting Iterative Proportional Fitting (IPF)...
IPF converged at iteration 46
IPF row error: 25.240926, col error: 0.000000
Starting Iterative Proportional Fitting (IPF)...
IPF converged at iteration 41
IPF row error: 25.296566, col error: 0.000000
Starting Iterative Proportional Fitting (IPF)...
IPF converged at iteration 28
IPF row error: 26.889097, col error: 0.000000
IPF converged at iteration 38
Starting Iterative Proportional Fitting (IPF)...
IPF row error: 23.757461, col error: 0.000000
Starting Iterative Proportional Fitting (IPF)...
IPF converged at iteration 41
IPF row error: 25.296566, col error: 0.000000
Starting Iterative Proportional Fitting (IPF)...
IPF converged at iteration 28
IPF row error: 21.766942, col error: 0.000000
  [2023/test] 진행 420/1750 (24.0%) | 누적 CPC 0.3657 | RMSE 1478.7724 | %RMSE 32.6879 | 경과 7.9분 | 예상 남음 24.9분
Starting Iterative Proportional Fitting (IPF)...
IPF converged at iteration 35
IPF row error: 23.199180, col error: 0.000000
Starting Iterative Proportional Fitting (IPF)...
IPF converged at iteration 32
IPF row error: 35.096397, col error: 0.000000
IPF converged at iteration 41
IPF row error: 25.296566, col error: 0.000000
Starting Iterative Proportional Fitting (IPF)...
Starting Iterative Proportional Fitting (IPF)...
IPF converged at iteration 41
IPF row error: 25.296566, col error: 0.000000
IPF converged at iteration 27
IPF row error: 23.125820, col error: 0.000000
Starting Iterative Proportional Fitting (IPF)...
Starting Iterative Proportional Fitting (IPF)...
IPF converged at iteration 29
IPF row error: 22.584221, col error: 0.000000
Starting Iterative Proportional Fitting (IPF)...
IPF converged at iteration 41
IPF row error: 25.296566, col error: 0.000000
Starting Iterative Proportional Fitting (IPF)...
IPF converged at iteration 29
IPF row error: 25.593043, col error: 0.000000
Starting Iterative Proportional Fitting (IPF)...
IPF converged at iteration 41
IPF row error: 25.296566, col error: 0.000000
Starting Iterative Proportional Fitting (IPF)...
IPF converged at iteration 41
IPF row error: 25.296566, col error: 0.000000
Starting Iterative Proportional Fitting (IPF)...
IPF converged at iteration 41
IPF row error: 25.296566, col error: 0.000000
IPF converged at iteration 65
IPF row error: 26.185083, col error: 0.000000
Starting Iterative Proportional Fitting (IPF)...
Starting Iterative Proportional Fitting (IPF)...
IPF converged at iteration 41
IPF row error: 25.296566, col error: 0.000000
Starting Iterative Proportional Fitting (IPF)...
IPF converged at iteration 26
IPF converged at iteration 29
IPF row error: 25.338098, col error: 0.000000
IPF row error: 28.250358, col error: 0.000000
Starting Iterative Proportional Fitting (IPF)...
Starting Iterative Proportional Fitting (IPF)...
IPF converged at iteration 63
IPF row error: 27.330064, col error: 0.000000
IPF converged at iteration 41
IPF row error: 25.296566, col error: 0.000000
Starting Iterative Proportional Fitting (IPF)...
Starting Iterative Proportional Fitting (IPF)...
IPF converged at iteration 41
IPF converged at iteration 41
IPF row error: 25.296566, col error: 0.000000
IPF row error: 25.296566, col error: 0.000000
Starting Iterative Proportional Fitting (IPF)...
Starting Iterative Proportional Fitting (IPF)...
IPF converged at iteration 41
IPF converged at iteration 41
IPF row error: 25.296566, col error: 0.000000
IPF row error: 25.296566, col error: 0.000000
Starting Iterative Proportional Fitting (IPF)...
Starting Iterative Proportional Fitting (IPF)...
IPF converged at iteration 41
IPF converged at iteration 41
IPF row error: 25.296566, col error: 0.000000
IPF row error: 25.296566, col error: 0.000000
Starting Iterative Proportional Fitting (IPF)...
Starting Iterative Proportional Fitting (IPF)...
IPF converged at iteration 28
IPF row error: 21.579647, col error: 0.000000
Starting Iterative Proportional Fitting (IPF)...
IPF converged at iteration 41
IPF row error: 25.296566, col error: 0.000000
Starting Iterative Proportional Fitting (IPF)...
IPF converged at iteration 37
IPF row error: 27.338768, col error: 0.000000
IPF converged at iteration 41
IPF row error: 25.296566, col error: 0.000000
Starting Iterative Proportional Fitting (IPF)...
Starting Iterative Proportional Fitting (IPF)...
IPF converged at iteration 27
IPF row error: 22.319947, col error: 0.000000
IPF converged at iteration 41
IPF row error: 25.296566, col error: 0.000000
Starting Iterative Proportional Fitting (IPF)...
Starting Iterative Proportional Fitting (IPF)...
IPF converged at iteration 41
IPF row error: 25.296566, col error: 0.000000
  [2023/test] 진행 450/1750 (25.7%) | 누적 CPC 0.3688 | RMSE 1465.9349 | %RMSE 31.9365 | 경과 8.4분 | 예상 남음 24.2분
IPF converged at iteration 41
IPF row error: 25.296566, col error: 0.000000
Starting Iterative Proportional Fitting (IPF)...
Starting Iterative Proportional Fitting (IPF)...
IPF converged at iteration 41
IPF row error: 25.296566, col error: 0.000000
IPF converged at iteration 41
IPF row error: 25.296566, col error: 0.000000
Starting Iterative Proportional Fitting (IPF)...
Starting Iterative Proportional Fitting (IPF)...
IPF converged at iteration 31
IPF row error: 24.746111, col error: 0.000000
Starting Iterative Proportional Fitting (IPF)...
IPF converged at iteration 41
IPF row error: 25.296566, col error: 0.000000
IPF converged at iteration 35
IPF row error: 27.190138, col error: 0.000000
Starting Iterative Proportional Fitting (IPF)...
Starting Iterative Proportional Fitting (IPF)...
IPF converged at iteration 27
IPF row error: 27.604078, col error: 0.000000
Starting Iterative Proportional Fitting (IPF)...
IPF converged at iteration 31
IPF converged at iteration 78
IPF row error: 25.302584, col error: 0.000000
IPF row error: 27.508053, col error: 0.000000
Starting Iterative Proportional Fitting (IPF)...
Starting Iterative Proportional Fitting (IPF)...
IPF converged at iteration 41
IPF row error: 25.296566, col error: 0.000000
Starting Iterative Proportional Fitting (IPF)...
IPF converged at iteration 41
IPF row error: 25.296566, col error: 0.000000
Starting Iterative Proportional Fitting (IPF)...
IPF converged at iteration 41
IPF converged at iteration 41
IPF row error: 25.296566, col error: 0.000000
IPF row error: 25.296566, col error: 0.000000
Starting Iterative Proportional Fitting (IPF)...
Starting Iterative Proportional Fitting (IPF)...
IPF converged at iteration 41
IPF row error: 25.296566, col error: 0.000000
Starting Iterative Proportional Fitting (IPF)...
IPF converged at iteration 41
IPF row error: 25.296566, col error: 0.000000
IPF converged at iteration 34
IPF row error: 26.339768, col error: 0.000000
Starting Iterative Proportional Fitting (IPF)...
IPF converged at iteration 24
IPF row error: 26.277772, col error: 0.000000
Starting Iterative Proportional Fitting (IPF)...
Starting Iterative Proportional Fitting (IPF)...
IPF converged at iteration 41
IPF row error: 25.296566, col error: 0.000000
Starting Iterative Proportional Fitting (IPF)...
IPF converged at iteration 32
IPF row error: 35.613135, col error: 0.000000
Starting Iterative Proportional Fitting (IPF)...
IPF converged at iteration 41
IPF row error: 25.296566, col error: 0.000000
Starting Iterative Proportional Fitting (IPF)...
IPF converged at iteration 41
IPF converged at iteration 36
IPF row error: 25.296566, col error: 0.000000
IPF row error: 27.470502, col error: 0.000000
Starting Iterative Proportional Fitting (IPF)...
Starting Iterative Proportional Fitting (IPF)...
IPF converged at iteration 41
IPF row error: 25.296566, col error: 0.000000
Starting Iterative Proportional Fitting (IPF)...
IPF converged at iteration 41
IPF row error: 25.296566, col error: 0.000000
Starting Iterative Proportional Fitting (IPF)...
IPF converged at iteration 41
IPF converged at iteration 41
IPF row error: 25.296566, col error: 0.000000
IPF row error: 25.296566, col error: 0.000000
Starting Iterative Proportional Fitting (IPF)...
Starting Iterative Proportional Fitting (IPF)...
IPF converged at iteration 41
IPF row error: 25.296566, col error: 0.000000
Starting Iterative Proportional Fitting (IPF)...
IPF converged at iteration 41
IPF row error: 25.296566, col error: 0.000000
IPF converged at iteration 33
IPF row error: 29.541391, col error: 0.000000
Starting Iterative Proportional Fitting (IPF)...
Starting Iterative Proportional Fitting (IPF)...
IPF converged at iteration 53
IPF row error: 25.860866, col error: 0.000000
  [2023/test] 진행 480/1750 (27.4%) | 누적 CPC 0.3642 | RMSE 1496.7274 | %RMSE 33.2893 | 경과 9.1분 | 예상 남음 24.0분
Starting Iterative Proportional Fitting (IPF)...
IPF converged at iteration 36
IPF converged at iteration 27
IPF row error: 28.323191, col error: 0.000000
IPF row error: 21.551663, col error: 0.000000
Starting Iterative Proportional Fitting (IPF)...
Starting Iterative Proportional Fitting (IPF)...
IPF converged at iteration 25
IPF row error: 22.386905, col error: 0.000000
Starting Iterative Proportional Fitting (IPF)...
IPF converged at iteration 27
IPF row error: 24.282395, col error: 0.000000
Starting Iterative Proportional Fitting (IPF)...
IPF converged at iteration 41
IPF row error: 25.296566, col error: 0.000000
Starting Iterative Proportional Fitting (IPF)...
IPF converged at iteration 51
IPF converged at iteration 41
IPF row error: 26.600585, col error: 0.000000
IPF row error: 25.296566, col error: 0.000000
Starting Iterative Proportional Fitting (IPF)...Starting Iterative Proportional Fitting (IPF)...

IPF converged at iteration 40
IPF row error: 27.804685, col error: 0.000000
Starting Iterative Proportional Fitting (IPF)...
IPF converged at iteration 41
IPF row error: 25.296566, col error: 0.000000
IPF converged at iteration 30
IPF row error: 28.296540, col error: 0.000000
Starting Iterative Proportional Fitting (IPF)...
Starting Iterative Proportional Fitting (IPF)...
IPF converged at iteration 41
IPF row error: 25.296566, col error: 0.000000
Starting Iterative Proportional Fitting (IPF)...
IPF converged at iteration 41
IPF row error: 25.296566, col error: 0.000000
Starting Iterative Proportional Fitting (IPF)...
IPF converged at iteration 41
IPF row error: 25.296566, col error: 0.000000
Starting Iterative Proportional Fitting (IPF)...
IPF converged at iteration 41
IPF row error: 25.296566, col error: 0.000000
Starting Iterative Proportional Fitting (IPF)...
IPF converged at iteration 41
IPF row error: 25.296566, col error: 0.000000
Starting Iterative Proportional Fitting (IPF)...
IPF converged at iteration 25
IPF row error: 26.704733, col error: 0.000000
Starting Iterative Proportional Fitting (IPF)...
IPF converged at iteration 41
IPF row error: 25.296566, col error: 0.000000
IPF converged at iteration 49
Starting Iterative Proportional Fitting (IPF)...
IPF row error: 26.120122, col error: 0.000000
Starting Iterative Proportional Fitting (IPF)...
IPF converged at iteration 41
IPF row error: 25.296566, col error: 0.000000
Starting Iterative Proportional Fitting (IPF)...
IPF converged at iteration 41
IPF row error: 25.296566, col error: 0.000000
Starting Iterative Proportional Fitting (IPF)...
IPF converged at iteration 41
IPF row error: 25.296566, col error: 0.000000
IPF converged at iteration 41
IPF row error: 25.296566, col error: 0.000000
Starting Iterative Proportional Fitting (IPF)...
Starting Iterative Proportional Fitting (IPF)...
IPF converged at iteration 41
IPF row error: 25.296566, col error: 0.000000
Starting Iterative Proportional Fitting (IPF)...
IPF converged at iteration 41
IPF row error: 25.296566, col error: 0.000000
Starting Iterative Proportional Fitting (IPF)...
IPF converged at iteration 27
IPF row error: 24.301053, col error: 0.000000
Starting Iterative Proportional Fitting (IPF)...
IPF converged at iteration 41
IPF row error: 25.296566, col error: 0.000000
IPF converged at iteration 28
IPF row error: 23.175511, col error: 0.000000
Starting Iterative Proportional Fitting (IPF)...
Starting Iterative Proportional Fitting (IPF)...
IPF converged at iteration 49
IPF row error: 25.671086, col error: 0.000000
Starting Iterative Proportional Fitting (IPF)...
IPF converged at iteration 30
IPF row error: 22.998489, col error: 0.000000
Starting Iterative Proportional Fitting (IPF)...
IPF converged at iteration 41
IPF row error: 25.296566, col error: 0.000000
  [2023/test] 진행 510/1750 (29.1%) | 누적 CPC 0.3587 | RMSE 1519.8782 | %RMSE 34.6246 | 경과 9.7분 | 예상 남음 23.6분
Starting Iterative Proportional Fitting (IPF)...
IPF converged at iteration 25
IPF row error: 25.356048, col error: 0.000000
Starting Iterative Proportional Fitting (IPF)...
IPF converged at iteration 53
IPF row error: 26.078640, col error: 0.000000
IPF converged at iteration 41
IPF row error: 25.296566, col error: 0.000000
Starting Iterative Proportional Fitting (IPF)...
Starting Iterative Proportional Fitting (IPF)...
IPF converged at iteration 34
IPF row error: 25.937927, col error: 0.000000
Starting Iterative Proportional Fitting (IPF)...
IPF converged at iteration 34
IPF row error: 23.709726, col error: 0.000000
IPF converged at iteration 27
Starting Iterative Proportional Fitting (IPF)...
IPF row error: 23.881253, col error: 0.000000
IPF converged at iteration 32
IPF row error: 24.289552, col error: 0.000000
Starting Iterative Proportional Fitting (IPF)...
Starting Iterative Proportional Fitting (IPF)...
IPF converged at iteration 26
IPF row error: 22.691745, col error: 0.000000
Starting Iterative Proportional Fitting (IPF)...
IPF converged at iteration 41
IPF row error: 25.296566, col error: 0.000000
Starting Iterative Proportional Fitting (IPF)...
IPF converged at iteration 41
IPF row error: 25.296566, col error: 0.000000
IPF converged at iteration 40
IPF row error: 28.368798, col error: 0.000000
Starting Iterative Proportional Fitting (IPF)...
Starting Iterative Proportional Fitting (IPF)...
IPF converged at iteration 44
IPF row error: 26.688829, col error: 0.000000
IPF converged at iteration 25
IPF row error: 24.453095, col error: 0.000000
IPF converged at iteration 28
Starting Iterative Proportional Fitting (IPF)...
IPF row error: 26.046363, col error: 0.000000
Starting Iterative Proportional Fitting (IPF)...
Starting Iterative Proportional Fitting (IPF)...
IPF converged at iteration 41
IPF row error: 25.296566, col error: 0.000000
Starting Iterative Proportional Fitting (IPF)...
IPF converged at iteration 29
IPF row error: 22.052004, col error: 0.000000
Starting Iterative Proportional Fitting (IPF)...
IPF converged at iteration 41
IPF row error: 25.296566, col error: 0.000000
Starting Iterative Proportional Fitting (IPF)...
IPF converged at iteration 41
IPF row error: 25.296566, col error: 0.000000
IPF converged at iteration 49
IPF row error: 26.787354, col error: 0.000000
Starting Iterative Proportional Fitting (IPF)...
Starting Iterative Proportional Fitting (IPF)...
IPF converged at iteration 41
IPF row error: 25.296566, col error: 0.000000
Starting Iterative Proportional Fitting (IPF)...
IPF converged at iteration 41
IPF row error: 25.296566, col error: 0.000000
Starting Iterative Proportional Fitting (IPF)...
IPF converged at iteration 46
IPF row error: 26.941915, col error: 0.000000
IPF converged at iteration 72
IPF row error: 26.624678, col error: 0.000000
Starting Iterative Proportional Fitting (IPF)...
Starting Iterative Proportional Fitting (IPF)...
IPF converged at iteration 28
IPF row error: 27.625669, col error: 0.000000
Starting Iterative Proportional Fitting (IPF)...
IPF converged at iteration 41
IPF row error: 25.296566, col error: 0.000000
Starting Iterative Proportional Fitting (IPF)...
IPF converged at iteration 41
IPF row error: 25.296566, col error: 0.000000
IPF converged at iteration 41
IPF row error: 25.296566, col error: 0.000000
Starting Iterative Proportional Fitting (IPF)...
Starting Iterative Proportional Fitting (IPF)...
IPF converged at iteration 25
IPF row error: 25.845618, col error: 0.000000
Starting Iterative Proportional Fitting (IPF)...
IPF converged at iteration 41
IPF row error: 25.296566, col error: 0.000000
IPF converged at iteration 25
Starting Iterative Proportional Fitting (IPF)...
IPF row error: 25.947416, col error: 0.000000
  [2023/test] 진행 540/1750 (30.9%) | 누적 CPC 0.3511 | RMSE 1534.2784 | %RMSE 36.1068 | 경과 10.2분 | 예상 남음 22.9분
IPF converged at iteration 27
IPF row error: 27.800239, col error: 0.000000
Starting Iterative Proportional Fitting (IPF)...
Starting Iterative Proportional Fitting (IPF)...
IPF converged at iteration 25
IPF row error: 26.063855, col error: 0.000000
Starting Iterative Proportional Fitting (IPF)...
IPF converged at iteration 25
IPF row error: 27.899425, col error: 0.000000
Starting Iterative Proportional Fitting (IPF)...
IPF converged at iteration 41
IPF row error: 25.296566, col error: 0.000000
Starting Iterative Proportional Fitting (IPF)...
IPF converged at iteration 41
IPF row error: 25.296566, col error: 0.000000
Starting Iterative Proportional Fitting (IPF)...
IPF converged at iteration 41
IPF row error: 25.296566, col error: 0.000000
Starting Iterative Proportional Fitting (IPF)...
IPF converged at iteration 41
IPF row error: 25.296566, col error: 0.000000
Starting Iterative Proportional Fitting (IPF)...
IPF converged at iteration 41
IPF row error: 25.296566, col error: 0.000000
IPF converged at iteration 71
IPF row error: 26.789371, col error: 0.000000
Starting Iterative Proportional Fitting (IPF)...
Starting Iterative Proportional Fitting (IPF)...
IPF converged at iteration 35
IPF row error: 27.985320, col error: 0.000000
IPF converged at iteration 41
IPF row error: 25.296566, col error: 0.000000
Starting Iterative Proportional Fitting (IPF)...
Starting Iterative Proportional Fitting (IPF)...IPF converged at iteration 41

IPF row error: 25.296566, col error: 0.000000
Starting Iterative Proportional Fitting (IPF)...
IPF converged at iteration 26
IPF row error: 21.922675, col error: 0.000000
Starting Iterative Proportional Fitting (IPF)...
IPF converged at iteration 92
IPF row error: 27.800329, col error: 0.000000
Starting Iterative Proportional Fitting (IPF)...
IPF converged at iteration 41
IPF row error: 25.296566, col error: 0.000000
Starting Iterative Proportional Fitting (IPF)...
IPF converged at iteration 58
IPF row error: 25.627170, col error: 0.000000
Starting Iterative Proportional Fitting (IPF)...
IPF converged at iteration 41
IPF row error: 25.296566, col error: 0.000000
Starting Iterative Proportional Fitting (IPF)...
IPF converged at iteration 41
IPF row error: 25.296566, col error: 0.000000
Starting Iterative Proportional Fitting (IPF)...
IPF converged at iteration 41
IPF row error: 25.296566, col error: 0.000000
Starting Iterative Proportional Fitting (IPF)...
IPF converged at iteration 41
IPF row error: 25.296566, col error: 0.000000
Starting Iterative Proportional Fitting (IPF)...
IPF converged at iteration 32
IPF row error: 34.725596, col error: 0.000000
IPF converged at iteration 41
Starting Iterative Proportional Fitting (IPF)...
IPF row error: 25.296566, col error: 0.000000
Starting Iterative Proportional Fitting (IPF)...
IPF converged at iteration 41
IPF row error: 25.296566, col error: 0.000000
Starting Iterative Proportional Fitting (IPF)...
IPF converged at iteration 31
IPF row error: 24.111232, col error: 0.000000
Starting Iterative Proportional Fitting (IPF)...
IPF converged at iteration 41
IPF row error: 25.296566, col error: 0.000000
IPF converged at iteration 27
IPF row error: 24.149154, col error: 0.000000
Starting Iterative Proportional Fitting (IPF)...
Starting Iterative Proportional Fitting (IPF)...
IPF converged at iteration 64
IPF row error: 28.538044, col error: 0.000000
Starting Iterative Proportional Fitting (IPF)...
IPF converged at iteration 41
IPF row error: 25.296566, col error: 0.000000
Starting Iterative Proportional Fitting (IPF)...
IPF converged at iteration 40
IPF row error: 29.148982, col error: 0.000000
IPF converged at iteration 41
Starting Iterative Proportional Fitting (IPF)...
IPF row error: 25.296566, col error: 0.000000
  [2023/test] 진행 570/1750 (32.6%) | 누적 CPC 0.3472 | RMSE 1553.7815 | %RMSE 37.0273 | 경과 11.0분 | 예상 남음 22.7분
Starting Iterative Proportional Fitting (IPF)...
IPF converged at iteration 41
IPF row error: 25.296566, col error: 0.000000
Starting Iterative Proportional Fitting (IPF)...
IPF converged at iteration 41
IPF row error: 25.296566, col error: 0.000000
Starting Iterative Proportional Fitting (IPF)...
IPF converged at iteration 41
IPF row error: 25.296566, col error: 0.000000
IPF converged at iteration 46
IPF row error: 25.608611, col error: 0.000000
Starting Iterative Proportional Fitting (IPF)...
Starting Iterative Proportional Fitting (IPF)...
IPF converged at iteration 25
IPF row error: 25.198572, col error: 0.000000
Starting Iterative Proportional Fitting (IPF)...
IPF converged at iteration 41
IPF row error: 25.296566, col error: 0.000000
Starting Iterative Proportional Fitting (IPF)...
IPF converged at iteration 41
IPF row error: 25.296566, col error: 0.000000
IPF converged at iteration 28
IPF row error: 21.942324, col error: 0.000000
IPF converged at iteration 41
Starting Iterative Proportional Fitting (IPF)...
IPF row error: 25.296566, col error: 0.000000
Starting Iterative Proportional Fitting (IPF)...
Starting Iterative Proportional Fitting (IPF)...
IPF converged at iteration 41
IPF row error: 25.296566, col error: 0.000000
Starting Iterative Proportional Fitting (IPF)...
IPF converged at iteration 41
IPF row error: 25.296566, col error: 0.000000
IPF converged at iteration 41
IPF row error: 25.296566, col error: 0.000000
Starting Iterative Proportional Fitting (IPF)...
IPF converged at iteration 41
Starting Iterative Proportional Fitting (IPF)...
IPF row error: 25.296566, col error: 0.000000
Starting Iterative Proportional Fitting (IPF)...
IPF converged at iteration 41
IPF row error: 25.296566, col error: 0.000000
Starting Iterative Proportional Fitting (IPF)...
IPF converged at iteration 26
IPF row error: 28.831540, col error: 0.000000
Starting Iterative Proportional Fitting (IPF)...
IPF converged at iteration 26
IPF row error: 28.484195, col error: 0.000000
Starting Iterative Proportional Fitting (IPF)...
IPF converged at iteration 41
IPF row error: 25.296566, col error: 0.000000
Starting Iterative Proportional Fitting (IPF)...
IPF converged at iteration 41
IPF row error: 25.296566, col error: 0.000000
Starting Iterative Proportional Fitting (IPF)...
IPF converged at iteration 41
IPF row error: 25.296566, col error: 0.000000
Starting Iterative Proportional Fitting (IPF)...
IPF converged at iteration 41
IPF row error: 25.296566, col error: 0.000000
IPF converged at iteration 54
IPF row error: 25.391230, col error: 0.000000
Starting Iterative Proportional Fitting (IPF)...
Starting Iterative Proportional Fitting (IPF)...
IPF converged at iteration 41
IPF row error: 25.296566, col error: 0.000000
Starting Iterative Proportional Fitting (IPF)...
IPF converged at iteration 49
IPF row error: 28.009829, col error: 0.000000
IPF converged at iteration 70
Starting Iterative Proportional Fitting (IPF)...
IPF row error: 27.002046, col error: 0.000000
Starting Iterative Proportional Fitting (IPF)...
IPF converged at iteration 92
IPF row error: 28.626093, col error: 0.000000
IPF converged at iteration 26
IPF row error: 28.783080, col error: 0.000000
Starting Iterative Proportional Fitting (IPF)...
Starting Iterative Proportional Fitting (IPF)...
IPF converged at iteration 26
IPF row error: 22.398569, col error: 0.000000
IPF converged at iteration 27
Starting Iterative Proportional Fitting (IPF)...
IPF row error: 23.894362, col error: 0.000000
Starting Iterative Proportional Fitting (IPF)...
IPF converged at iteration 25
IPF row error: 24.847282, col error: 0.000000
IPF converged at iteration 33
IPF row error: 27.375244, col error: 0.000000
  [2023/test] 진행 600/1750 (34.3%) | 누적 CPC 0.3452 | RMSE 1575.0998 | %RMSE 37.6549 | 경과 11.6분 | 예상 남음 22.2분
Starting Iterative Proportional Fitting (IPF)...
IPF converged at iteration 28
Starting Iterative Proportional Fitting (IPF)...
IPF row error: 28.390418, col error: 0.000000
IPF converged at iteration 41
IPF row error: 25.296566, col error: 0.000000
Starting Iterative Proportional Fitting (IPF)...
Starting Iterative Proportional Fitting (IPF)...
IPF converged at iteration 30
IPF row error: 27.582760, col error: 0.000000
Starting Iterative Proportional Fitting (IPF)...
IPF converged at iteration 41
IPF row error: 25.296566, col error: 0.000000
Starting Iterative Proportional Fitting (IPF)...
IPF converged at iteration 41
IPF row error: 25.296566, col error: 0.000000
Starting Iterative Proportional Fitting (IPF)...
IPF converged at iteration 43
IPF row error: 25.822726, col error: 0.000000
Starting Iterative Proportional Fitting (IPF)...
IPF converged at iteration 27
IPF row error: 28.044044, col error: 0.000000
Starting Iterative Proportional Fitting (IPF)...
IPF converged at iteration 27
IPF row error: 22.657588, col error: 0.000000
Starting Iterative Proportional Fitting (IPF)...
IPF converged at iteration 41
IPF row error: 25.296566, col error: 0.000000
Starting Iterative Proportional Fitting (IPF)...
IPF converged at iteration 65
IPF converged at iteration 41
IPF row error: 28.324739, col error: 0.000000
IPF row error: 25.296566, col error: 0.000000
Starting Iterative Proportional Fitting (IPF)...Starting Iterative Proportional Fitting (IPF)...

IPF converged at iteration 26
IPF row error: 26.349577, col error: 0.000000
Starting Iterative Proportional Fitting (IPF)...
IPF converged at iteration 41
IPF row error: 25.296566, col error: 0.000000
Starting Iterative Proportional Fitting (IPF)...
IPF converged at iteration 37
IPF row error: 28.330411, col error: 0.000000
Starting Iterative Proportional Fitting (IPF)...
IPF converged at iteration 52
IPF row error: 25.166967, col error: 0.000000
IPF converged at iteration 41
IPF row error: 25.296566, col error: 0.000000
Starting Iterative Proportional Fitting (IPF)...
Starting Iterative Proportional Fitting (IPF)...
IPF converged at iteration 41
IPF row error: 25.296566, col error: 0.000000
Starting Iterative Proportional Fitting (IPF)...
IPF converged at iteration 41
IPF row error: 25.296566, col error: 0.000000
Starting Iterative Proportional Fitting (IPF)...
IPF converged at iteration 40
IPF row error: 23.908113, col error: 0.000000
IPF converged at iteration 41
IPF row error: 25.296566, col error: 0.000000
Starting Iterative Proportional Fitting (IPF)...
Starting Iterative Proportional Fitting (IPF)...
IPF converged at iteration 49
IPF row error: 25.768557, col error: 0.000000
Starting Iterative Proportional Fitting (IPF)...
IPF converged at iteration 41
IPF row error: 25.296566, col error: 0.000000
Starting Iterative Proportional Fitting (IPF)...
IPF converged at iteration 31
IPF row error: 27.851852, col error: 0.000000
IPF converged at iteration 34
IPF row error: 26.000967, col error: 0.000000
Starting Iterative Proportional Fitting (IPF)...
Starting Iterative Proportional Fitting (IPF)...
IPF converged at iteration 41
IPF row error: 25.296566, col error: 0.000000
IPF converged at iteration 28
IPF row error: 24.471038, col error: 0.000000
Starting Iterative Proportional Fitting (IPF)...
Starting Iterative Proportional Fitting (IPF)...
IPF converged at iteration 29
IPF row error: 28.208931, col error: 0.000000
Starting Iterative Proportional Fitting (IPF)...
IPF converged at iteration 66
IPF row error: 26.349125, col error: 0.000000
IPF converged at iteration 41
IPF converged at iteration 80
Starting Iterative Proportional Fitting (IPF)...
IPF row error: 25.296566, col error: 0.000000
IPF row error: 26.660438, col error: 0.000000
  [2023/test] 진행 630/1750 (36.0%) | 누적 CPC 0.3446 | RMSE 1598.5346 | %RMSE 37.8092 | 경과 12.3분 | 예상 남음 21.9분
Starting Iterative Proportional Fitting (IPF)...
Starting Iterative Proportional Fitting (IPF)...
IPF converged at iteration 30
IPF row error: 23.365773, col error: 0.000000
Starting Iterative Proportional Fitting (IPF)...
IPF converged at iteration 25
IPF row error: 27.719770, col error: 0.000000
IPF converged at iteration 25
Starting Iterative Proportional Fitting (IPF)...
IPF row error: 26.379969, col error: 0.000000
Starting Iterative Proportional Fitting (IPF)...
IPF converged at iteration 41
IPF row error: 25.296566, col error: 0.000000
Starting Iterative Proportional Fitting (IPF)...
IPF converged at iteration 31
IPF row error: 28.976787, col error: 0.000000
Starting Iterative Proportional Fitting (IPF)...
IPF converged at iteration 41
IPF row error: 25.296566, col error: 0.000000
Starting Iterative Proportional Fitting (IPF)...
IPF converged at iteration 41
IPF row error: 25.296566, col error: 0.000000
Starting Iterative Proportional Fitting (IPF)...
IPF converged at iteration 41
IPF row error: 25.296566, col error: 0.000000
Starting Iterative Proportional Fitting (IPF)...
IPF converged at iteration 41
IPF row error: 25.296566, col error: 0.000000
Starting Iterative Proportional Fitting (IPF)...
IPF converged at iteration 41
IPF row error: 25.296566, col error: 0.000000
Starting Iterative Proportional Fitting (IPF)...
IPF converged at iteration 41
IPF row error: 25.296566, col error: 0.000000
IPF converged at iteration 27
IPF row error: 24.971653, col error: 0.000000
Starting Iterative Proportional Fitting (IPF)...
Starting Iterative Proportional Fitting (IPF)...
IPF converged at iteration 25
IPF row error: 22.050133, col error: 0.000000
Starting Iterative Proportional Fitting (IPF)...
IPF converged at iteration 41
IPF row error: 25.296566, col error: 0.000000
Starting Iterative Proportional Fitting (IPF)...
IPF converged at iteration 50
IPF row error: 26.653799, col error: 0.000000
Starting Iterative Proportional Fitting (IPF)...
IPF converged at iteration 74
IPF converged at iteration 41
IPF row error: 28.609896, col error: 0.000000
IPF row error: 25.296566, col error: 0.000000
Starting Iterative Proportional Fitting (IPF)...
Starting Iterative Proportional Fitting (IPF)...
IPF converged at iteration 41
IPF row error: 25.296566, col error: 0.000000
IPF converged at iteration 34
Starting Iterative Proportional Fitting (IPF)...
IPF row error: 24.042398, col error: 0.000000
Starting Iterative Proportional Fitting (IPF)...
IPF converged at iteration 30
IPF row error: 22.363516, col error: 0.000000
IPF converged at iteration 34
Starting Iterative Proportional Fitting (IPF)...
IPF row error: 25.983208, col error: 0.000000
Starting Iterative Proportional Fitting (IPF)...
IPF converged at iteration 28
IPF row error: 21.857458, col error: 0.000000
Starting Iterative Proportional Fitting (IPF)...
IPF converged at iteration 26
IPF converged at iteration 41
IPF row error: 25.296566, col error: 0.000000
IPF row error: 21.464143, col error: 0.000000
Starting Iterative Proportional Fitting (IPF)...
Starting Iterative Proportional Fitting (IPF)...
IPF converged at iteration 41
IPF row error: 25.296566, col error: 0.000000
Starting Iterative Proportional Fitting (IPF)...
IPF converged at iteration 41
IPF row error: 25.296566, col error: 0.000000
Starting Iterative Proportional Fitting (IPF)...
IPF converged at iteration 41
IPF row error: 25.296566, col error: 0.000000
IPF converged at iteration 43
IPF row error: 25.455473, col error: 0.000000
Starting Iterative Proportional Fitting (IPF)...
Starting Iterative Proportional Fitting (IPF)...
IPF converged at iteration 41
IPF row error: 25.296566, col error: 0.000000
Starting Iterative Proportional Fitting (IPF)...
IPF converged at iteration 25
IPF row error: 22.359185, col error: 0.000000
IPF converged at iteration 25
  [2023/test] 진행 660/1750 (37.7%) | 누적 CPC 0.3463 | RMSE 1609.4557 | %RMSE 37.5891 | 경과 12.9분 | 예상 남음 21.3분
IPF row error: 27.064811, col error: 0.000000
Starting Iterative Proportional Fitting (IPF)...Starting Iterative Proportional Fitting (IPF)...

IPF converged at iteration 60
IPF row error: 26.858183, col error: 0.000000
Starting Iterative Proportional Fitting (IPF)...
IPF converged at iteration 41
IPF row error: 25.296566, col error: 0.000000
IPF converged at iteration 25
IPF row error: 28.252783, col error: 0.000000
Starting Iterative Proportional Fitting (IPF)...
Starting Iterative Proportional Fitting (IPF)...
IPF converged at iteration 41
IPF row error: 25.296566, col error: 0.000000
Starting Iterative Proportional Fitting (IPF)...
IPF converged at iteration 26
IPF row error: 28.996149, col error: 0.000000
Starting Iterative Proportional Fitting (IPF)...
IPF converged at iteration 41
IPF row error: 25.296566, col error: 0.000000
Starting Iterative Proportional Fitting (IPF)...
IPF converged at iteration 37
IPF row error: 28.333346, col error: 0.000000
Starting Iterative Proportional Fitting (IPF)...
IPF converged at iteration 37
IPF row error: 26.149711, col error: 0.000000
Starting Iterative Proportional Fitting (IPF)...
IPF converged at iteration 41
IPF row error: 25.296566, col error: 0.000000
IPF converged at iteration 30
Starting Iterative Proportional Fitting (IPF)...
IPF row error: 22.804866, col error: 0.000000
Starting Iterative Proportional Fitting (IPF)...
IPF converged at iteration 40
IPF row error: 28.026040, col error: 0.000000
Starting Iterative Proportional Fitting (IPF)...
IPF converged at iteration 41
IPF row error: 25.296566, col error: 0.000000
Starting Iterative Proportional Fitting (IPF)...
IPF converged at iteration 28
IPF row error: 28.153292, col error: 0.000000
Starting Iterative Proportional Fitting (IPF)...
IPF converged at iteration 32
IPF row error: 23.026136, col error: 0.000000
Starting Iterative Proportional Fitting (IPF)...
IPF converged at iteration 41
IPF row error: 25.296566, col error: 0.000000
Starting Iterative Proportional Fitting (IPF)...
IPF converged at iteration 41
IPF row error: 25.296566, col error: 0.000000
Starting Iterative Proportional Fitting (IPF)...
IPF converged at iteration 40
IPF row error: 24.847402, col error: 0.000000
Starting Iterative Proportional Fitting (IPF)...
IPF converged at iteration 58
IPF row error: 28.328634, col error: 0.000000
Starting Iterative Proportional Fitting (IPF)...
IPF converged at iteration 41
IPF row error: 25.296566, col error: 0.000000
Starting Iterative Proportional Fitting (IPF)...
IPF converged at iteration 27
IPF row error: 24.817763, col error: 0.000000
Starting Iterative Proportional Fitting (IPF)...
IPF converged at iteration 82
IPF row error: 28.463291, col error: 0.000000
Starting Iterative Proportional Fitting (IPF)...
IPF converged at iteration 71
IPF row error: 27.166287, col error: 0.000000
Starting Iterative Proportional Fitting (IPF)...
IPF converged at iteration 26
IPF row error: 24.687153, col error: 0.000000
Starting Iterative Proportional Fitting (IPF)...
IPF converged at iteration 46
IPF row error: 27.017953, col error: 0.000000
IPF converged at iteration 38
IPF row error: 26.238360, col error: 0.000000
Starting Iterative Proportional Fitting (IPF)...
Starting Iterative Proportional Fitting (IPF)...
IPF converged at iteration 63
IPF row error: 28.826324, col error: 0.000000
Starting Iterative Proportional Fitting (IPF)...
IPF converged at iteration 48
IPF row error: 25.609801, col error: 0.000000
Starting Iterative Proportional Fitting (IPF)...
IPF converged at iteration 41
IPF row error: 25.296566, col error: 0.000000
IPF converged at iteration 41
IPF row error: 25.296566, col error: 0.000000
  [2023/test] 진행 690/1750 (39.4%) | 누적 CPC 0.3522 | RMSE 1600.2288 | %RMSE 36.7484 | 경과 13.4분 | 예상 남음 20.6분
Starting Iterative Proportional Fitting (IPF)...
Starting Iterative Proportional Fitting (IPF)...
IPF converged at iteration 30
IPF row error: 25.079225, col error: 0.000000
Starting Iterative Proportional Fitting (IPF)...
IPF converged at iteration 26
IPF row error: 21.466742, col error: 0.000000
Starting Iterative Proportional Fitting (IPF)...
IPF converged at iteration 27
IPF row error: 22.902330, col error: 0.000000
Starting Iterative Proportional Fitting (IPF)...
IPF converged at iteration 41
IPF row error: 25.296566, col error: 0.000000
Starting Iterative Proportional Fitting (IPF)...
IPF converged at iteration 83
IPF row error: 27.078117, col error: 0.000000
Starting Iterative Proportional Fitting (IPF)...
IPF converged at iteration 41
IPF row error: 25.296566, col error: 0.000000
Starting Iterative Proportional Fitting (IPF)...
IPF converged at iteration 26
IPF row error: 23.570293, col error: 0.000000
IPF converged at iteration 41
IPF row error: 25.296566, col error: 0.000000
Starting Iterative Proportional Fitting (IPF)...
Starting Iterative Proportional Fitting (IPF)...
IPF converged at iteration 74
IPF row error: 26.822944, col error: 0.000000
Starting Iterative Proportional Fitting (IPF)...
IPF converged at iteration 41
IPF row error: 25.296566, col error: 0.000000
Starting Iterative Proportional Fitting (IPF)...
IPF converged at iteration 79
IPF row error: 28.476142, col error: 0.000000
Starting Iterative Proportional Fitting (IPF)...
IPF converged at iteration 80
IPF row error: 27.234129, col error: 0.000000
IPF converged at iteration 48
IPF row error: 27.833953, col error: 0.000000
Starting Iterative Proportional Fitting (IPF)...
Starting Iterative Proportional Fitting (IPF)...
IPF converged at iteration 80
IPF row error: 28.422581, col error: 0.000000
Starting Iterative Proportional Fitting (IPF)...
IPF converged at iteration 34
IPF row error: 24.619626, col error: 0.000000
Starting Iterative Proportional Fitting (IPF)...
IPF converged at iteration 80
IPF row error: 28.562133, col error: 0.000000
IPF converged at iteration 91
IPF row error: 29.166502, col error: 0.000000
Starting Iterative Proportional Fitting (IPF)...
Starting Iterative Proportional Fitting (IPF)...
IPF converged at iteration 65
IPF row error: 27.969079, col error: 0.000000
Starting Iterative Proportional Fitting (IPF)...
IPF converged at iteration 30
IPF row error: 28.898816, col error: 0.000000
Starting Iterative Proportional Fitting (IPF)...
IPF converged at iteration 91
IPF row error: 28.365068, col error: 0.000000
Starting Iterative Proportional Fitting (IPF)...
IPF converged at iteration 25
IPF row error: 28.288780, col error: 0.000000
Starting Iterative Proportional Fitting (IPF)...
IPF converged at iteration 80
IPF row error: 27.967836, col error: 0.000000
Starting Iterative Proportional Fitting (IPF)...
IPF converged at iteration 91
IPF row error: 28.944687, col error: 0.000000
Starting Iterative Proportional Fitting (IPF)...
IPF converged at iteration 80
IPF row error: 28.043271, col error: 0.000000
Starting Iterative Proportional Fitting (IPF)...
IPF converged at iteration 27
IPF row error: 23.865556, col error: 0.000000
Starting Iterative Proportional Fitting (IPF)...
IPF converged at iteration 80
IPF row error: 27.507432, col error: 0.000000
Starting Iterative Proportional Fitting (IPF)...
IPF converged at iteration 80
IPF row error: 27.234167, col error: 0.000000
IPF converged at iteration 30
IPF row error: 23.488788, col error: 0.000000
Starting Iterative Proportional Fitting (IPF)...
Starting Iterative Proportional Fitting (IPF)...
IPF converged at iteration 80
IPF row error: 28.831557, col error: 0.000000
Starting Iterative Proportional Fitting (IPF)...
IPF converged at iteration 32
IPF row error: 28.347951, col error: 0.000000
  [2023/test] 진행 720/1750 (41.1%) | 누적 CPC 0.3497 | RMSE 1600.9105 | %RMSE 35.9283 | 경과 14.1분 | 예상 남음 20.2분
Starting Iterative Proportional Fitting (IPF)...
IPF converged at iteration 79
IPF row error: 28.849123, col error: 0.000000
Starting Iterative Proportional Fitting (IPF)...
IPF converged at iteration 50
IPF row error: 27.874076, col error: 0.000000
IPF converged at iteration 80
IPF row error: 28.562133, col error: 0.000000
Starting Iterative Proportional Fitting (IPF)...
Starting Iterative Proportional Fitting (IPF)...
IPF converged at iteration 27
IPF row error: 27.011046, col error: 0.000000
Starting Iterative Proportional Fitting (IPF)...
IPF converged at iteration 27
IPF row error: 25.876854, col error: 0.000000
Starting Iterative Proportional Fitting (IPF)...
IPF converged at iteration 91
IPF row error: 28.365068, col error: 0.000000
Starting Iterative Proportional Fitting (IPF)...
IPF converged at iteration 27
IPF row error: 25.677959, col error: 0.000000
Starting Iterative Proportional Fitting (IPF)...
IPF converged at iteration 92
IPF row error: 27.460218, col error: 0.000000
Starting Iterative Proportional Fitting (IPF)...
IPF converged at iteration 92
IPF row error: 27.742770, col error: 0.000000
IPF converged at iteration 80
Starting Iterative Proportional Fitting (IPF)...
IPF row error: 26.786836, col error: 0.000000
Starting Iterative Proportional Fitting (IPF)...
IPF converged at iteration 80
IPF row error: 27.779497, col error: 0.000000
Starting Iterative Proportional Fitting (IPF)...
IPF converged at iteration 79
IPF row error: 28.305719, col error: 0.000000
Starting Iterative Proportional Fitting (IPF)...
IPF converged at iteration 79
IPF converged at iteration 26
IPF row error: 28.849123, col error: 0.000000
IPF row error: 21.415479, col error: 0.000000
Starting Iterative Proportional Fitting (IPF)...
IPF converged at iteration 80
Starting Iterative Proportional Fitting (IPF)...
IPF row error: 27.234167, col error: 0.000000
Starting Iterative Proportional Fitting (IPF)...
IPF converged at iteration 28
IPF row error: 24.341828, col error: 0.000000
Starting Iterative Proportional Fitting (IPF)...
IPF converged at iteration 28
IPF row error: 29.181408, col error: 0.000000
Starting Iterative Proportional Fitting (IPF)...
IPF converged at iteration 80
IPF row error: 27.537980, col error: 0.000000
Starting Iterative Proportional Fitting (IPF)...
IPF converged at iteration 92
IPF row error: 27.670703, col error: 0.000000
Starting Iterative Proportional Fitting (IPF)...
IPF converged at iteration 79
IPF row error: 28.305719, col error: 0.000000
Starting Iterative Proportional Fitting (IPF)...
IPF converged at iteration 83
IPF row error: 27.178301, col error: 0.000000
Starting Iterative Proportional Fitting (IPF)...
IPF converged at iteration 80
IPF row error: 28.394532, col error: 0.000000
Starting Iterative Proportional Fitting (IPF)...
IPF converged at iteration 28
IPF row error: 21.975324, col error: 0.000000
Starting Iterative Proportional Fitting (IPF)...
IPF converged at iteration 80
IPF row error: 27.537964, col error: 0.000000
IPF converged at iteration 26
IPF row error: 26.738272, col error: 0.000000
Starting Iterative Proportional Fitting (IPF)...
Starting Iterative Proportional Fitting (IPF)...
IPF converged at iteration 80
IPF row error: 28.560672, col error: 0.000000
Starting Iterative Proportional Fitting (IPF)...
IPF converged at iteration 53
IPF row error: 27.313793, col error: 0.000000
Starting Iterative Proportional Fitting (IPF)...
IPF converged at iteration 92
IPF row error: 27.742770, col error: 0.000000
Starting Iterative Proportional Fitting (IPF)...
IPF converged at iteration 25
IPF row error: 23.837685, col error: 0.000000
Starting Iterative Proportional Fitting (IPF)...
IPF converged at iteration 80
IPF row error: 27.507432, col error: 0.000000
  [2023/test] 진행 750/1750 (42.9%) | 누적 CPC 0.3435 | RMSE 1608.4537 | %RMSE 35.1856 | 경과 15.1분 | 예상 남음 20.1분
Starting Iterative Proportional Fitting (IPF)...
IPF converged at iteration 80
IPF row error: 28.550632, col error: 0.000000
Starting Iterative Proportional Fitting (IPF)...
IPF converged at iteration 25
IPF row error: 24.379454, col error: 0.000000
Starting Iterative Proportional Fitting (IPF)...
IPF converged at iteration 63
IPF row error: 27.442691, col error: 0.000000
Starting Iterative Proportional Fitting (IPF)...
IPF converged at iteration 78
IPF row error: 28.599733, col error: 0.000000
Starting Iterative Proportional Fitting (IPF)...
IPF converged at iteration 79
IPF row error: 27.653030, col error: 0.000000
IPF converged at iteration 92
IPF row error: 27.371370, col error: 0.000000
IPF converged at iteration 65
Starting Iterative Proportional Fitting (IPF)...
IPF row error: 28.583766, col error: 0.000000
Starting Iterative Proportional Fitting (IPF)...
Starting Iterative Proportional Fitting (IPF)...
IPF converged at iteration 31
IPF row error: 24.210320, col error: 0.000000
Starting Iterative Proportional Fitting (IPF)...
IPF converged at iteration 79
IPF row error: 27.539438, col error: 0.000000
Starting Iterative Proportional Fitting (IPF)...
IPF converged at iteration 79
IPF row error: 28.193408, col error: 0.000000
IPF converged at iteration 33
IPF row error: 25.504747, col error: 0.000000
IPF converged at iteration 79
IPF row error: 29.121919, col error: 0.000000
Starting Iterative Proportional Fitting (IPF)...
Starting Iterative Proportional Fitting (IPF)...
Starting Iterative Proportional Fitting (IPF)...
IPF converged at iteration 25
IPF row error: 28.474906, col error: 0.000000
IPF converged at iteration 79
IPF row error: 28.193408, col error: 0.000000
IPF converged at iteration 28
Starting Iterative Proportional Fitting (IPF)...
IPF row error: 23.915141, col error: 0.000000
Starting Iterative Proportional Fitting (IPF)...
IPF converged at iteration 35
Starting Iterative Proportional Fitting (IPF)...
IPF row error: 25.898894, col error: 0.000000
Starting Iterative Proportional Fitting (IPF)...
IPF converged at iteration 59
IPF row error: 27.343583, col error: 0.000000
Starting Iterative Proportional Fitting (IPF)...
IPF converged at iteration 78
IPF row error: 28.558046, col error: 0.000000
Starting Iterative Proportional Fitting (IPF)...
IPF converged at iteration 78
IPF row error: 28.599733, col error: 0.000000
IPF converged at iteration 78
IPF row error: 28.350645, col error: 0.000000
Starting Iterative Proportional Fitting (IPF)...
Starting Iterative Proportional Fitting (IPF)...
IPF converged at iteration 26
IPF row error: 26.272149, col error: 0.000000
Starting Iterative Proportional Fitting (IPF)...
IPF converged at iteration 26
IPF row error: 25.243877, col error: 0.000000
Starting Iterative Proportional Fitting (IPF)...
IPF converged at iteration 26
IPF row error: 28.409396, col error: 0.000000
Starting Iterative Proportional Fitting (IPF)...
IPF converged at iteration 79
IPF row error: 28.590754, col error: 0.000000
IPF converged at iteration 78
Starting Iterative Proportional Fitting (IPF)...
IPF row error: 28.554245, col error: 0.000000
Starting Iterative Proportional Fitting (IPF)...
IPF converged at iteration 25
IPF row error: 29.063838, col error: 0.000000
Starting Iterative Proportional Fitting (IPF)...
IPF converged at iteration 79
IPF row error: 26.607521, col error: 0.000000
IPF converged at iteration 27
IPF row error: 26.907097, col error: 0.000000
Starting Iterative Proportional Fitting (IPF)...
Starting Iterative Proportional Fitting (IPF)...
IPF converged at iteration 90
IPF row error: 27.704045, col error: 0.000000
Starting Iterative Proportional Fitting (IPF)...
IPF converged at iteration 28
IPF row error: 23.612242, col error: 0.000000
  [2023/test] 진행 780/1750 (44.6%) | 누적 CPC 0.3362 | RMSE 1593.9688 | %RMSE 34.3755 | 경과 15.8분 | 예상 남음 19.6분
IPF converged at iteration 25
IPF row error: 28.168327, col error: 0.000000
Starting Iterative Proportional Fitting (IPF)...
Starting Iterative Proportional Fitting (IPF)...
IPF converged at iteration 26
IPF row error: 23.154078, col error: 0.000000
IPF converged at iteration 27
IPF row error: 28.006653, col error: 0.000000
Starting Iterative Proportional Fitting (IPF)...
Starting Iterative Proportional Fitting (IPF)...
IPF converged at iteration 81
IPF row error: 28.651439, col error: 0.000000
IPF converged at iteration 70
IPF row error: 26.220280, col error: 0.000000
Starting Iterative Proportional Fitting (IPF)...
Starting Iterative Proportional Fitting (IPF)...
IPF converged at iteration 41
IPF row error: 28.216303, col error: 0.000000
Starting Iterative Proportional Fitting (IPF)...
IPF converged at iteration 27
IPF row error: 22.017971, col error: 0.000000
Starting Iterative Proportional Fitting (IPF)...
IPF converged at iteration 26
IPF row error: 28.398577, col error: 0.000000
Starting Iterative Proportional Fitting (IPF)...
IPF converged at iteration 78
IPF row error: 28.471528, col error: 0.000000
Starting Iterative Proportional Fitting (IPF)...
IPF converged at iteration 26
IPF row error: 23.023430, col error: 0.000000
Starting Iterative Proportional Fitting (IPF)...
IPF converged at iteration 27
IPF row error: 28.883853, col error: 0.000000
Starting Iterative Proportional Fitting (IPF)...
IPF converged at iteration 26
IPF row error: 23.595528, col error: 0.000000
IPF converged at iteration 90
IPF row error: 28.227467, col error: 0.000000
Starting Iterative Proportional Fitting (IPF)...
Starting Iterative Proportional Fitting (IPF)...
IPF converged at iteration 79
IPF row error: 28.050771, col error: 0.000000
Starting Iterative Proportional Fitting (IPF)...
IPF converged at iteration 79
IPF row error: 28.590754, col error: 0.000000
Starting Iterative Proportional Fitting (IPF)...
IPF converged at iteration 79
IPF row error: 27.653030, col error: 0.000000
Starting Iterative Proportional Fitting (IPF)...
IPF converged at iteration 92
IPF row error: 27.371370, col error: 0.000000
Starting Iterative Proportional Fitting (IPF)...
IPF converged at iteration 32
IPF row error: 34.141718, col error: 0.000000
Starting Iterative Proportional Fitting (IPF)...
IPF converged at iteration 78
IPF row error: 28.350645, col error: 0.000000
Starting Iterative Proportional Fitting (IPF)...
IPF converged at iteration 26
IPF row error: 21.497887, col error: 0.000000
Starting Iterative Proportional Fitting (IPF)...
IPF converged at iteration 79
IPF row error: 28.050759, col error: 0.000000
Starting Iterative Proportional Fitting (IPF)...
IPF converged at iteration 72
IPF row error: 26.326423, col error: 0.000000
IPF converged at iteration 24
IPF row error: 26.164628, col error: 0.000000
Starting Iterative Proportional Fitting (IPF)...
Starting Iterative Proportional Fitting (IPF)...
IPF converged at iteration 81
IPF row error: 27.680298, col error: 0.000000
Starting Iterative Proportional Fitting (IPF)...
IPF converged at iteration 81
IPF row error: 27.103974, col error: 0.000000
Starting Iterative Proportional Fitting (IPF)...
IPF converged at iteration 27
IPF row error: 23.246459, col error: 0.000000
Starting Iterative Proportional Fitting (IPF)...
IPF converged at iteration 30
IPF row error: 26.162729, col error: 0.000000
Starting Iterative Proportional Fitting (IPF)...
IPF converged at iteration 72
IPF row error: 27.443480, col error: 0.000000
Starting Iterative Proportional Fitting (IPF)...
IPF converged at iteration 84
IPF row error: 27.401433, col error: 0.000000
Starting Iterative Proportional Fitting (IPF)...
IPF converged at iteration 84
IPF row error: 27.623214, col error: 0.000000
  [2023/test] 진행 810/1750 (46.3%) | 누적 CPC 0.3291 | RMSE 1586.0392 | %RMSE 33.8738 | 경과 16.6분 | 예상 남음 19.3분
Starting Iterative Proportional Fitting (IPF)...
IPF converged at iteration 26
IPF row error: 22.623316, col error: 0.000000
Starting Iterative Proportional Fitting (IPF)...
IPF converged at iteration 37
IPF row error: 29.167024, col error: 0.000000
IPF converged at iteration 74
IPF row error: 27.124983, col error: 0.000000
Starting Iterative Proportional Fitting (IPF)...
IPF converged at iteration 35
Starting Iterative Proportional Fitting (IPF)...
IPF row error: 27.267951, col error: 0.000000
Starting Iterative Proportional Fitting (IPF)...
IPF converged at iteration 25
IPF row error: 25.602111, col error: 0.000000
IPF converged at iteration 26
IPF row error: 21.794559, col error: 0.000000
Starting Iterative Proportional Fitting (IPF)...
Starting Iterative Proportional Fitting (IPF)...
IPF converged at iteration 81
IPF row error: 28.177540, col error: 0.000000
Starting Iterative Proportional Fitting (IPF)...
IPF converged at iteration 81
IPF row error: 27.330422, col error: 0.000000
Starting Iterative Proportional Fitting (IPF)...
IPF converged at iteration 81
IPF row error: 27.103922, col error: 0.000000
Starting Iterative Proportional Fitting (IPF)...
IPF converged at iteration 28
IPF row error: 29.051374, col error: 0.000000
IPF converged at iteration 93
IPF row error: 27.378407, col error: 0.000000
Starting Iterative Proportional Fitting (IPF)...
Starting Iterative Proportional Fitting (IPF)...
IPF converged at iteration 74
IPF row error: 27.761429, col error: 0.000000
Starting Iterative Proportional Fitting (IPF)...
IPF converged at iteration 31
IPF row error: 26.899435, col error: 0.000000
Starting Iterative Proportional Fitting (IPF)...
IPF converged at iteration 44
IPF row error: 26.380666, col error: 0.000000
IPF converged at iteration 53
Starting Iterative Proportional Fitting (IPF)...
IPF row error: 25.300297, col error: 0.000000
Starting Iterative Proportional Fitting (IPF)...
IPF converged at iteration 30
IPF converged at iteration 26
IPF row error: 26.697902, col error: 0.000000
IPF row error: 22.657768, col error: 0.000000
Starting Iterative Proportional Fitting (IPF)...
Starting Iterative Proportional Fitting (IPF)...
IPF converged at iteration 81
IPF row error: 27.330552, col error: 0.000000
Starting Iterative Proportional Fitting (IPF)...
IPF converged at iteration 93
IPF row error: 27.017012, col error: 0.000000
Starting Iterative Proportional Fitting (IPF)...
IPF converged at iteration 74
IPF row error: 27.600440, col error: 0.000000
Starting Iterative Proportional Fitting (IPF)...
IPF converged at iteration 37
IPF row error: 28.765507, col error: 0.000000
IPF converged at iteration 93
IPF row error: 28.656212, col error: 0.000000
Starting Iterative Proportional Fitting (IPF)...
Starting Iterative Proportional Fitting (IPF)...
IPF converged at iteration 94
IPF row error: 27.124302, col error: 0.000000
IPF converged at iteration 25
IPF row error: 26.207543, col error: 0.000000
Starting Iterative Proportional Fitting (IPF)...
Starting Iterative Proportional Fitting (IPF)...
IPF converged at iteration 25
IPF row error: 22.032235, col error: 0.000000
Starting Iterative Proportional Fitting (IPF)...
IPF converged at iteration 84
IPF row error: 27.623214, col error: 0.000000
Starting Iterative Proportional Fitting (IPF)...
IPF converged at iteration 81
IPF row error: 27.493974, col error: 0.000000
Starting Iterative Proportional Fitting (IPF)...
IPF converged at iteration 42
IPF row error: 28.768304, col error: 0.000000
Starting Iterative Proportional Fitting (IPF)...
IPF converged at iteration 81
IPF converged at iteration 26
IPF row error: 27.103922, col error: 0.000000
IPF row error: 22.375665, col error: 0.000000
  [2023/test] 진행 840/1750 (48.0%) | 누적 CPC 0.3221 | RMSE 1591.3477 | %RMSE 33.9530 | 경과 17.4분 | 예상 남음 18.9분
Starting Iterative Proportional Fitting (IPF)...
Starting Iterative Proportional Fitting (IPF)...
IPF converged at iteration 72
IPF row error: 26.325044, col error: 0.000000
IPF converged at iteration 25
IPF row error: 28.927778, col error: 0.000000
Starting Iterative Proportional Fitting (IPF)...
Starting Iterative Proportional Fitting (IPF)...
IPF converged at iteration 81
IPF row error: 27.330422, col error: 0.000000
Starting Iterative Proportional Fitting (IPF)...
IPF converged at iteration 82
IPF row error: 26.793725, col error: 0.000000
Starting Iterative Proportional Fitting (IPF)...
IPF converged at iteration 81
IPF row error: 27.749015, col error: 0.000000
Starting Iterative Proportional Fitting (IPF)...
IPF converged at iteration 93
IPF row error: 27.715618, col error: 0.000000
Starting Iterative Proportional Fitting (IPF)...
IPF converged at iteration 64
IPF row error: 28.805258, col error: 0.000000
Starting Iterative Proportional Fitting (IPF)...
IPF converged at iteration 81
IPF row error: 27.680298, col error: 0.000000
Starting Iterative Proportional Fitting (IPF)...
IPF converged at iteration 93
IPF row error: 27.715618, col error: 0.000000
Starting Iterative Proportional Fitting (IPF)...
IPF converged at iteration 84
IPF row error: 27.401433, col error: 0.000000
IPF converged at iteration 80
Starting Iterative Proportional Fitting (IPF)...
IPF row error: 28.342465, col error: 0.000000
Starting Iterative Proportional Fitting (IPF)...
IPF converged at iteration 32
IPF row error: 28.611712, col error: 0.000000
Starting Iterative Proportional Fitting (IPF)...
IPF converged at iteration 27
IPF row error: 24.989654, col error: 0.000000
Starting Iterative Proportional Fitting (IPF)...
IPF converged at iteration 33
IPF row error: 28.086227, col error: 0.000000
Starting Iterative Proportional Fitting (IPF)...
IPF converged at iteration 91
IPF row error: 29.023295, col error: 0.000000
Starting Iterative Proportional Fitting (IPF)...
IPF converged at iteration 35
IPF converged at iteration 25
IPF row error: 28.905910, col error: 0.000000
IPF row error: 26.023622, col error: 0.000000
Starting Iterative Proportional Fitting (IPF)...
Starting Iterative Proportional Fitting (IPF)...
IPF converged at iteration 26
IPF converged at iteration 72
IPF row error: 27.886913, col error: 0.000000
IPF row error: 28.136075, col error: 0.000000
Starting Iterative Proportional Fitting (IPF)...
Starting Iterative Proportional Fitting (IPF)...
IPF converged at iteration 36
IPF row error: 24.857394, col error: 0.000000
Starting Iterative Proportional Fitting (IPF)...
IPF converged at iteration 26
IPF row error: 22.248970, col error: 0.000000
Starting Iterative Proportional Fitting (IPF)...
IPF converged at iteration 91
IPF row error: 28.972978, col error: 0.000000
Starting Iterative Proportional Fitting (IPF)...
IPF converged at iteration 43
IPF row error: 24.823876, col error: 0.000000
IPF converged at iteration 28
IPF row error: 21.788264, col error: 0.000000
Starting Iterative Proportional Fitting (IPF)...
Starting Iterative Proportional Fitting (IPF)...
IPF converged at iteration 25
IPF row error: 25.915442, col error: 0.000000
Starting Iterative Proportional Fitting (IPF)...
IPF converged at iteration 80
IPF row error: 28.086927, col error: 0.000000
Starting Iterative Proportional Fitting (IPF)...
IPF converged at iteration 28
IPF row error: 22.305612, col error: 0.000000
Starting Iterative Proportional Fitting (IPF)...
IPF converged at iteration 26
IPF row error: 28.597128, col error: 0.000000
Starting Iterative Proportional Fitting (IPF)...
IPF converged at iteration 43
IPF row error: 26.680977, col error: 0.000000
Starting Iterative Proportional Fitting (IPF)...
IPF converged at iteration 80
IPF row error: 27.347682, col error: 0.000000
  [2023/test] 진행 870/1750 (49.7%) | 누적 CPC 0.3155 | RMSE 1575.8876 | %RMSE 33.8204 | 경과 18.2분 | 예상 남음 18.4분
IPF converged at iteration 34
Starting Iterative Proportional Fitting (IPF)...
IPF row error: 27.723907, col error: 0.000000
Starting Iterative Proportional Fitting (IPF)...
IPF converged at iteration 92
IPF row error: 27.075239, col error: 0.000000
Starting Iterative Proportional Fitting (IPF)...
IPF converged at iteration 47
IPF row error: 28.723894, col error: 0.000000
Starting Iterative Proportional Fitting (IPF)...
IPF converged at iteration 80
IPF row error: 27.233861, col error: 0.000000
Starting Iterative Proportional Fitting (IPF)...
IPF converged at iteration 80
IPF row error: 28.268192, col error: 0.000000
Starting Iterative Proportional Fitting (IPF)...
IPF converged at iteration 33
IPF row error: 25.665183, col error: 0.000000
Starting Iterative Proportional Fitting (IPF)...
IPF converged at iteration 27
IPF row error: 23.215585, col error: 0.000000
Starting Iterative Proportional Fitting (IPF)...
IPF converged at iteration 80
IPF row error: 28.223004, col error: 0.000000
Starting Iterative Proportional Fitting (IPF)...
IPF converged at iteration 80
IPF row error: 27.395585, col error: 0.000000
Starting Iterative Proportional Fitting (IPF)...
IPF converged at iteration 91
IPF converged at iteration 80
IPF row error: 28.872757, col error: 0.000000
IPF row error: 28.038592, col error: 0.000000
Starting Iterative Proportional Fitting (IPF)...
Starting Iterative Proportional Fitting (IPF)...
IPF converged at iteration 80
IPF row error: 28.774912, col error: 0.000000
Starting Iterative Proportional Fitting (IPF)...
IPF converged at iteration 28
IPF row error: 21.586378, col error: 0.000000
Starting Iterative Proportional Fitting (IPF)...
IPF converged at iteration 28
IPF row error: 25.092238, col error: 0.000000
Starting Iterative Proportional Fitting (IPF)...
IPF converged at iteration 80
IPF row error: 27.128528, col error: 0.000000
Starting Iterative Proportional Fitting (IPF)...
IPF converged at iteration 27
IPF converged at iteration 91
IPF row error: 24.711925, col error: 0.000000
IPF row error: 29.023295, col error: 0.000000
Starting Iterative Proportional Fitting (IPF)...
Starting Iterative Proportional Fitting (IPF)...
IPF converged at iteration 91
IPF row error: 28.872757, col error: 0.000000
Starting Iterative Proportional Fitting (IPF)...
IPF converged at iteration 91
IPF row error: 28.972978, col error: 0.000000
Starting Iterative Proportional Fitting (IPF)...
IPF converged at iteration 70
IPF row error: 29.042297, col error: 0.000000
Starting Iterative Proportional Fitting (IPF)...
IPF converged at iteration 92
IPF row error: 27.075239, col error: 0.000000
Starting Iterative Proportional Fitting (IPF)...
IPF converged at iteration 25
IPF row error: 23.889197, col error: 0.000000
IPF converged at iteration 63
IPF row error: 28.746879, col error: 0.000000
Starting Iterative Proportional Fitting (IPF)...
Starting Iterative Proportional Fitting (IPF)...
IPF converged at iteration 91
IPF row error: 28.611124, col error: 0.000000
Starting Iterative Proportional Fitting (IPF)...
IPF converged at iteration 27
IPF row error: 24.166964, col error: 0.000000
Starting Iterative Proportional Fitting (IPF)...
IPF converged at iteration 57
IPF row error: 26.604991, col error: 0.000000
Starting Iterative Proportional Fitting (IPF)...
IPF converged at iteration 92
IPF row error: 27.075239, col error: 0.000000
Starting Iterative Proportional Fitting (IPF)...
IPF converged at iteration 69
IPF row error: 27.642754, col error: 0.000000
IPF converged at iteration 80
IPF row error: 27.435790, col error: 0.000000
Starting Iterative Proportional Fitting (IPF)...
Starting Iterative Proportional Fitting (IPF)...
IPF converged at iteration 82
IPF row error: 28.905385, col error: 0.000000
  [2023/test] 진행 900/1750 (51.4%) | 누적 CPC 0.3094 | RMSE 1557.3767 | %RMSE 33.7804 | 경과 19.1분 | 예상 남음 18.1분
Starting Iterative Proportional Fitting (IPF)...
IPF converged at iteration 46
IPF row error: 24.763424, col error: 0.000000
Starting Iterative Proportional Fitting (IPF)...
IPF converged at iteration 80
IPF row error: 29.090586, col error: 0.000000
Starting Iterative Proportional Fitting (IPF)...
IPF converged at iteration 80
IPF row error: 28.842817, col error: 0.000000
Starting Iterative Proportional Fitting (IPF)...
IPF converged at iteration 73
IPF row error: 29.110115, col error: 0.000000
Starting Iterative Proportional Fitting (IPF)...
IPF converged at iteration 38
IPF row error: 27.891769, col error: 0.000000
Starting Iterative Proportional Fitting (IPF)...
IPF converged at iteration 80
IPF row error: 28.145319, col error: 0.000000
Starting Iterative Proportional Fitting (IPF)...
IPF converged at iteration 80
IPF row error: 28.887756, col error: 0.000000
Starting Iterative Proportional Fitting (IPF)...
IPF converged at iteration 81
IPF row error: 26.871177, col error: 0.000000
IPF converged at iteration 72
IPF row error: 26.491535, col error: 0.000000
Starting Iterative Proportional Fitting (IPF)...
Starting Iterative Proportional Fitting (IPF)...
IPF converged at iteration 82
IPF row error: 27.432903, col error: 0.000000
Starting Iterative Proportional Fitting (IPF)...
IPF converged at iteration 28
IPF row error: 22.076144, col error: 0.000000
IPF converged at iteration 73
Starting Iterative Proportional Fitting (IPF)...
IPF row error: 27.083593, col error: 0.000000
Starting Iterative Proportional Fitting (IPF)...
IPF converged at iteration 30
IPF row error: 23.724694, col error: 0.000000
Starting Iterative Proportional Fitting (IPF)...
IPF converged at iteration 26
IPF row error: 23.539369, col error: 0.000000
Starting Iterative Proportional Fitting (IPF)...
IPF converged at iteration 82
IPF row error: 27.432015, col error: 0.000000
Starting Iterative Proportional Fitting (IPF)...
IPF converged at iteration 82
IPF row error: 28.658956, col error: 0.000000
Starting Iterative Proportional Fitting (IPF)...
IPF converged at iteration 82
IPF row error: 28.224425, col error: 0.000000
IPF converged at iteration 80
Starting Iterative Proportional Fitting (IPF)...
IPF row error: 28.133403, col error: 0.000000
Starting Iterative Proportional Fitting (IPF)...
IPF converged at iteration 42
IPF row error: 29.001559, col error: 0.000000
IPF converged at iteration 80
IPF row error: 28.772060, col error: 0.000000
Starting Iterative Proportional Fitting (IPF)...
Starting Iterative Proportional Fitting (IPF)...
IPF converged at iteration 26
IPF row error: 24.199087, col error: 0.000000
Starting Iterative Proportional Fitting (IPF)...
IPF converged at iteration 42
IPF row error: 28.603249, col error: 0.000000
Starting Iterative Proportional Fitting (IPF)...
IPF converged at iteration 81
IPF row error: 26.917770, col error: 0.000000
IPF converged at iteration 80
Starting Iterative Proportional Fitting (IPF)...
IPF row error: 28.647028, col error: 0.000000
Starting Iterative Proportional Fitting (IPF)...
IPF converged at iteration 25
IPF row error: 21.452849, col error: 0.000000
Starting Iterative Proportional Fitting (IPF)...
IPF converged at iteration 80
IPF row error: 28.902841, col error: 0.000000
Starting Iterative Proportional Fitting (IPF)...
IPF converged at iteration 26
IPF row error: 27.203936, col error: 0.000000
Starting Iterative Proportional Fitting (IPF)...
IPF converged at iteration 91
IPF row error: 29.157804, col error: 0.000000
Starting Iterative Proportional Fitting (IPF)...
IPF converged at iteration 81
IPF row error: 26.837444, col error: 0.000000
IPF converged at iteration 44
IPF row error: 26.337960, col error: 0.000000
  [2023/test] 진행 930/1750 (53.1%) | 누적 CPC 0.3053 | RMSE 1568.0928 | %RMSE 33.9366 | 경과 20.1분 | 예상 남음 17.7분
Starting Iterative Proportional Fitting (IPF)...
Starting Iterative Proportional Fitting (IPF)...
IPF converged at iteration 27
IPF row error: 22.922597, col error: 0.000000
Starting Iterative Proportional Fitting (IPF)...
IPF converged at iteration 25
IPF row error: 23.559121, col error: 0.000000
IPF converged at iteration 28
Starting Iterative Proportional Fitting (IPF)...
IPF row error: 27.719601, col error: 0.000000
Starting Iterative Proportional Fitting (IPF)...
IPF converged at iteration 80
IPF row error: 28.863303, col error: 0.000000
Starting Iterative Proportional Fitting (IPF)...
IPF converged at iteration 27
IPF row error: 24.973835, col error: 0.000000
Starting Iterative Proportional Fitting (IPF)...
IPF converged at iteration 40
IPF row error: 27.675517, col error: 0.000000
Starting Iterative Proportional Fitting (IPF)...
IPF converged at iteration 94
IPF row error: 27.526534, col error: 0.000000
Starting Iterative Proportional Fitting (IPF)...
IPF converged at iteration 80
IPF row error: 28.892600, col error: 0.000000
Starting Iterative Proportional Fitting (IPF)...
IPF converged at iteration 26
IPF row error: 21.571264, col error: 0.000000
Starting Iterative Proportional Fitting (IPF)...
IPF converged at iteration 26
IPF row error: 22.162717, col error: 0.000000
Starting Iterative Proportional Fitting (IPF)...
IPF converged at iteration 80
IPF row error: 29.091220, col error: 0.000000
Starting Iterative Proportional Fitting (IPF)...
IPF converged at iteration 25
IPF row error: 21.067381, col error: 0.000000
Starting Iterative Proportional Fitting (IPF)...
IPF converged at iteration 80
IPF row error: 28.666401, col error: 0.000000
Starting Iterative Proportional Fitting (IPF)...
IPF converged at iteration 65
IPF row error: 27.311762, col error: 0.000000
Starting Iterative Proportional Fitting (IPF)...
IPF converged at iteration 74
IPF row error: 26.755661, col error: 0.000000
Starting Iterative Proportional Fitting (IPF)...
IPF converged at iteration 71
IPF row error: 26.352370, col error: 0.000000
Starting Iterative Proportional Fitting (IPF)...
IPF converged at iteration 45
IPF row error: 27.139263, col error: 0.000000
Starting Iterative Proportional Fitting (IPF)...
IPF converged at iteration 80
IPF row error: 29.091220, col error: 0.000000
IPF converged at iteration 72
Starting Iterative Proportional Fitting (IPF)...
IPF row error: 26.692721, col error: 0.000000
Starting Iterative Proportional Fitting (IPF)...
IPF converged at iteration 39
IPF row error: 28.665190, col error: 0.000000
IPF converged at iteration 80
Starting Iterative Proportional Fitting (IPF)...
IPF row error: 28.887756, col error: 0.000000
Starting Iterative Proportional Fitting (IPF)...
IPF converged at iteration 24
IPF row error: 27.070568, col error: 0.000000
Starting Iterative Proportional Fitting (IPF)...
IPF converged at iteration 78
IPF row error: 28.581715, col error: 0.000000
Starting Iterative Proportional Fitting (IPF)...
IPF converged at iteration 91
IPF row error: 28.008121, col error: 0.000000
Starting Iterative Proportional Fitting (IPF)...
IPF converged at iteration 26
IPF row error: 26.816199, col error: 0.000000
IPF converged at iteration 51
Starting Iterative Proportional Fitting (IPF)...
IPF row error: 27.470882, col error: 0.000000
IPF converged at iteration 78
IPF row error: 28.620279, col error: 0.000000
Starting Iterative Proportional Fitting (IPF)...
Starting Iterative Proportional Fitting (IPF)...
IPF converged at iteration 24
IPF row error: 27.860186, col error: 0.000000
Starting Iterative Proportional Fitting (IPF)...
IPF converged at iteration 27
IPF row error: 26.485670, col error: 0.000000
Starting Iterative Proportional Fitting (IPF)...
IPF converged at iteration 24
IPF row error: 26.036727, col error: 0.000000
  [2023/test] 진행 960/1750 (54.9%) | 누적 CPC 0.3009 | RMSE 1575.8540 | %RMSE 33.9307 | 경과 20.8분 | 예상 남음 17.1분
Starting Iterative Proportional Fitting (IPF)...
IPF converged at iteration 78
IPF row error: 28.796979, col error: 0.000000
Starting Iterative Proportional Fitting (IPF)...
IPF converged at iteration 78
IPF row error: 28.653446, col error: 0.000000
Starting Iterative Proportional Fitting (IPF)...
IPF converged at iteration 25
IPF row error: 23.391223, col error: 0.000000
Starting Iterative Proportional Fitting (IPF)...
IPF converged at iteration 69
IPF row error: 26.532762, col error: 0.000000
Starting Iterative Proportional Fitting (IPF)...
IPF converged at iteration 25
IPF row error: 24.544049, col error: 0.000000
Starting Iterative Proportional Fitting (IPF)...
IPF converged at iteration 91
IPF row error: 27.855208, col error: 0.000000
Starting Iterative Proportional Fitting (IPF)...
IPF converged at iteration 69
IPF row error: 26.556558, col error: 0.000000
Starting Iterative Proportional Fitting (IPF)...
IPF converged at iteration 78
IPF row error: 28.712346, col error: 0.000000
Starting Iterative Proportional Fitting (IPF)...
IPF converged at iteration 78
IPF row error: 28.419700, col error: 0.000000
Starting Iterative Proportional Fitting (IPF)...
IPF converged at iteration 63
IPF row error: 27.911509, col error: 0.000000
Starting Iterative Proportional Fitting (IPF)...
IPF converged at iteration 26
IPF row error: 22.421381, col error: 0.000000
Starting Iterative Proportional Fitting (IPF)...
IPF converged at iteration 78
IPF row error: 28.589133, col error: 0.000000
Starting Iterative Proportional Fitting (IPF)...
IPF converged at iteration 27
IPF row error: 25.541994, col error: 0.000000
Starting Iterative Proportional Fitting (IPF)...
IPF converged at iteration 78
IPF row error: 28.767934, col error: 0.000000
IPF converged at iteration 25
IPF row error: 26.705003, col error: 0.000000
Starting Iterative Proportional Fitting (IPF)...
IPF converged at iteration 43
IPF row error: 24.456314, col error: 0.000000
Starting Iterative Proportional Fitting (IPF)...
Starting Iterative Proportional Fitting (IPF)...
IPF converged at iteration 78
IPF row error: 28.796550, col error: 0.000000
Starting Iterative Proportional Fitting (IPF)...
IPF converged at iteration 37
IPF row error: 27.438691, col error: 0.000000
Starting Iterative Proportional Fitting (IPF)...
IPF converged at iteration 78
IPF row error: 28.557590, col error: 0.000000
IPF converged at iteration 78
IPF row error: 28.581715, col error: 0.000000
IPF converged at iteration 69
Starting Iterative Proportional Fitting (IPF)...
IPF row error: 26.702466, col error: 0.000000
Starting Iterative Proportional Fitting (IPF)...
Starting Iterative Proportional Fitting (IPF)...
IPF converged at iteration 29
IPF row error: 22.218224, col error: 0.000000
IPF converged at iteration 78
IPF row error: 28.712346, col error: 0.000000
Starting Iterative Proportional Fitting (IPF)...
Starting Iterative Proportional Fitting (IPF)...
IPF converged at iteration 54
IPF row error: 27.352598, col error: 0.000000
Starting Iterative Proportional Fitting (IPF)...
IPF converged at iteration 27
IPF row error: 25.229637, col error: 0.000000
Starting Iterative Proportional Fitting (IPF)...
IPF converged at iteration 70
IPF row error: 29.059155, col error: 0.000000
Starting Iterative Proportional Fitting (IPF)...
IPF converged at iteration 53
IPF converged at iteration 27
IPF row error: 26.306627, col error: 0.000000
IPF row error: 22.654091, col error: 0.000000
Starting Iterative Proportional Fitting (IPF)...
Starting Iterative Proportional Fitting (IPF)...
IPF converged at iteration 78
IPF row error: 28.653514, col error: 0.000000
Starting Iterative Proportional Fitting (IPF)...
IPF converged at iteration 78
IPF row error: 28.466858, col error: 0.000000
  [2023/test] 진행 990/1750 (56.6%) | 누적 CPC 0.2963 | RMSE 1574.4624 | %RMSE 33.6008 | 경과 21.5분 | 예상 남음 16.5분
Starting Iterative Proportional Fitting (IPF)...
IPF converged at iteration 71
IPF row error: 28.524888, col error: 0.000000
Starting Iterative Proportional Fitting (IPF)...
IPF converged at iteration 78
IPF row error: 28.599142, col error: 0.000000
Starting Iterative Proportional Fitting (IPF)...
IPF converged at iteration 25
IPF row error: 28.972259, col error: 0.000000
Starting Iterative Proportional Fitting (IPF)...
IPF converged at iteration 37
IPF row error: 26.777751, col error: 0.000000
Starting Iterative Proportional Fitting (IPF)...
IPF converged at iteration 24
IPF row error: 26.637934, col error: 0.000000
Starting Iterative Proportional Fitting (IPF)...
IPF converged at iteration 81
IPF row error: 26.622352, col error: 0.000000
Starting Iterative Proportional Fitting (IPF)...
IPF converged at iteration 78
IPF row error: 28.599142, col error: 0.000000
Starting Iterative Proportional Fitting (IPF)...
IPF converged at iteration 25
IPF row error: 22.881675, col error: 0.000000
Starting Iterative Proportional Fitting (IPF)...
IPF converged at iteration 52
IPF row error: 25.265491, col error: 0.000000
IPF converged at iteration 27
IPF row error: 23.489406, col error: 0.000000
Starting Iterative Proportional Fitting (IPF)...
Starting Iterative Proportional Fitting (IPF)...
IPF converged at iteration 70
IPF row error: 29.065276, col error: 0.000000
IPF converged at iteration 27
Starting Iterative Proportional Fitting (IPF)...
IPF row error: 27.571006, col error: 0.000000
Starting Iterative Proportional Fitting (IPF)...
IPF converged at iteration 31
IPF row error: 27.435952, col error: 0.000000
Starting Iterative Proportional Fitting (IPF)...
IPF converged at iteration 38
IPF row error: 23.982689, col error: 0.000000
IPF converged at iteration 79
IPF row error: 28.994874, col error: 0.000000
Starting Iterative Proportional Fitting (IPF)...
Starting Iterative Proportional Fitting (IPF)...
IPF converged at iteration 30
IPF row error: 22.850994, col error: 0.000000
IPF converged at iteration 79
IPF row error: 28.274987, col error: 0.000000
Starting Iterative Proportional Fitting (IPF)...
Starting Iterative Proportional Fitting (IPF)...
IPF converged at iteration 79
IPF row error: 28.508544, col error: 0.000000
Starting Iterative Proportional Fitting (IPF)...
IPF converged at iteration 34
IPF row error: 24.564851, col error: 0.000000
Starting Iterative Proportional Fitting (IPF)...
IPF converged at iteration 28
IPF row error: 23.367961, col error: 0.000000
Starting Iterative Proportional Fitting (IPF)...
IPF converged at iteration 79
IPF row error: 28.207001, col error: 0.000000
Starting Iterative Proportional Fitting (IPF)...
IPF converged at iteration 27
IPF row error: 25.360681, col error: 0.000000
Starting Iterative Proportional Fitting (IPF)...
IPF converged at iteration 30
IPF row error: 26.522963, col error: 0.000000
Starting Iterative Proportional Fitting (IPF)...
IPF converged at iteration 78
IPF row error: 28.696066, col error: 0.000000
Starting Iterative Proportional Fitting (IPF)...
IPF converged at iteration 32
IPF row error: 34.540592, col error: 0.000000
Starting Iterative Proportional Fitting (IPF)...
IPF converged at iteration 26
IPF row error: 27.465195, col error: 0.000000
Starting Iterative Proportional Fitting (IPF)...
IPF converged at iteration 79
IPF row error: 28.344530, col error: 0.000000
IPF converged at iteration 28
Starting Iterative Proportional Fitting (IPF)...
IPF row error: 22.543665, col error: 0.000000
Starting Iterative Proportional Fitting (IPF)...
IPF converged at iteration 79
IPF row error: 28.494325, col error: 0.000000
Starting Iterative Proportional Fitting (IPF)...
IPF converged at iteration 27
IPF row error: 28.906779, col error: 0.000000
  [2023/test] 진행 1020/1750 (58.3%) | 누적 CPC 0.2938 | RMSE 1605.4929 | %RMSE 33.3565 | 경과 22.0분 | 예상 남음 15.8분
Starting Iterative Proportional Fitting (IPF)...
IPF converged at iteration 72
IPF row error: 29.142220, col error: 0.000000
Starting Iterative Proportional Fitting (IPF)...
IPF converged at iteration 49
IPF row error: 27.964761, col error: 0.000000
Starting Iterative Proportional Fitting (IPF)...
IPF converged at iteration 91
IPF row error: 27.772740, col error: 0.000000
Starting Iterative Proportional Fitting (IPF)...
IPF converged at iteration 79
IPF row error: 28.326966, col error: 0.000000
Starting Iterative Proportional Fitting (IPF)...
IPF converged at iteration 69
IPF row error: 29.107446, col error: 0.000000
Starting Iterative Proportional Fitting (IPF)...
IPF converged at iteration 28
IPF row error: 23.735452, col error: 0.000000
Starting Iterative Proportional Fitting (IPF)...
IPF converged at iteration 52
IPF row error: 28.896149, col error: 0.000000
Starting Iterative Proportional Fitting (IPF)...
IPF converged at iteration 25
IPF row error: 28.613159, col error: 0.000000
Starting Iterative Proportional Fitting (IPF)...
IPF converged at iteration 91
IPF row error: 27.413824, col error: 0.000000
Starting Iterative Proportional Fitting (IPF)...
IPF converged at iteration 79
IPF row error: 29.113139, col error: 0.000000
Starting Iterative Proportional Fitting (IPF)...
IPF converged at iteration 72
IPF row error: 27.590775, col error: 0.000000
IPF converged at iteration 79
IPF row error: 28.764242, col error: 0.000000
Starting Iterative Proportional Fitting (IPF)...
Starting Iterative Proportional Fitting (IPF)...
IPF converged at iteration 79
IPF row error: 27.640136, col error: 0.000000
Starting Iterative Proportional Fitting (IPF)...
IPF converged at iteration 70
IPF row error: 29.074541, col error: 0.000000
Starting Iterative Proportional Fitting (IPF)...
IPF converged at iteration 79
IPF converged at iteration 79
IPF row error: 28.201523, col error: 0.000000
IPF row error: 28.126901, col error: 0.000000
Starting Iterative Proportional Fitting (IPF)...
Starting Iterative Proportional Fitting (IPF)...
IPF converged at iteration 27
IPF row error: 25.114865, col error: 0.000000
Starting Iterative Proportional Fitting (IPF)...
IPF converged at iteration 90
IPF row error: 28.900746, col error: 0.000000
Starting Iterative Proportional Fitting (IPF)...
IPF converged at iteration 34
IPF row error: 25.431617, col error: 0.000000
Starting Iterative Proportional Fitting (IPF)...
IPF converged at iteration 26
IPF row error: 25.110848, col error: 0.000000
Starting Iterative Proportional Fitting (IPF)...
IPF converged at iteration 79
IPF row error: 28.131671, col error: 0.000000
Starting Iterative Proportional Fitting (IPF)...
IPF converged at iteration 25
IPF row error: 23.956630, col error: 0.000000
Starting Iterative Proportional Fitting (IPF)...
IPF converged at iteration 79
IPF row error: 28.548948, col error: 0.000000
Starting Iterative Proportional Fitting (IPF)...
IPF converged at iteration 79
IPF row error: 28.232365, col error: 0.000000
Starting Iterative Proportional Fitting (IPF)...
IPF converged at iteration 26
IPF row error: 26.910928, col error: 0.000000
IPF converged at iteration 33
IPF row error: 24.849939, col error: 0.000000
Starting Iterative Proportional Fitting (IPF)...
IPF converged at iteration 45
IPF row error: 28.700527, col error: 0.000000
Starting Iterative Proportional Fitting (IPF)...
Starting Iterative Proportional Fitting (IPF)...
IPF converged at iteration 70
IPF row error: 27.085642, col error: 0.000000
IPF converged at iteration 79
IPF row error: 29.121577, col error: 0.000000
Starting Iterative Proportional Fitting (IPF)...
Starting Iterative Proportional Fitting (IPF)...
IPF converged at iteration 90
IPF row error: 27.630278, col error: 0.000000
  [2023/test] 진행 1050/1750 (60.0%) | 누적 CPC 0.2926 | RMSE 1643.9284 | %RMSE 33.1106 | 경과 22.9분 | 예상 남음 15.2분
IPF converged at iteration 90
IPF row error: 28.965934, col error: 0.000000
Starting Iterative Proportional Fitting (IPF)...
Starting Iterative Proportional Fitting (IPF)...
IPF converged at iteration 90
IPF row error: 28.965934, col error: 0.000000
IPF converged at iteration 90
IPF row error: 28.965934, col error: 0.000000
Starting Iterative Proportional Fitting (IPF)...
Starting Iterative Proportional Fitting (IPF)...
IPF converged at iteration 90
IPF row error: 28.965934, col error: 0.000000
IPF converged at iteration 90
IPF row error: 28.965934, col error: 0.000000
Starting Iterative Proportional Fitting (IPF)...
Starting Iterative Proportional Fitting (IPF)...
IPF converged at iteration 28
IPF row error: 28.604209, col error: 0.000000
Starting Iterative Proportional Fitting (IPF)...
IPF converged at iteration 27
IPF row error: 28.718810, col error: 0.000000
IPF converged at iteration 25
IPF row error: 24.364420, col error: 0.000000
Starting Iterative Proportional Fitting (IPF)...
Starting Iterative Proportional Fitting (IPF)...
IPF converged at iteration 90
IPF row error: 28.965934, col error: 0.000000
IPF converged at iteration 36
IPF row error: 24.784253, col error: 0.000000
Starting Iterative Proportional Fitting (IPF)...
Starting Iterative Proportional Fitting (IPF)...
IPF converged at iteration 90
IPF row error: 28.965934, col error: 0.000000
Starting Iterative Proportional Fitting (IPF)...
IPF converged at iteration 90
IPF row error: 28.965934, col error: 0.000000
Starting Iterative Proportional Fitting (IPF)...
IPF converged at iteration 56
IPF row error: 27.310829, col error: 0.000000
Starting Iterative Proportional Fitting (IPF)...
IPF converged at iteration 63
IPF row error: 27.915776, col error: 0.000000
Starting Iterative Proportional Fitting (IPF)...
IPF converged at iteration 70
IPF row error: 26.438468, col error: 0.000000
Starting Iterative Proportional Fitting (IPF)...
IPF converged at iteration 43
IPF row error: 25.685227, col error: 0.000000
Starting Iterative Proportional Fitting (IPF)...
IPF converged at iteration 27
IPF row error: 26.682879, col error: 0.000000
Starting Iterative Proportional Fitting (IPF)...
IPF converged at iteration 26
IPF row error: 27.435875, col error: 0.000000
Starting Iterative Proportional Fitting (IPF)...
IPF converged at iteration 90
IPF row error: 28.965934, col error: 0.000000
Starting Iterative Proportional Fitting (IPF)...
IPF converged at iteration 90
IPF row error: 28.965934, col error: 0.000000
Starting Iterative Proportional Fitting (IPF)...
IPF converged at iteration 26
IPF row error: 21.496151, col error: 0.000000
Starting Iterative Proportional Fitting (IPF)...
IPF converged at iteration 39
IPF row error: 28.772134, col error: 0.000000
IPF converged at iteration 90
IPF row error: 28.965934, col error: 0.000000
Starting Iterative Proportional Fitting (IPF)...
Starting Iterative Proportional Fitting (IPF)...
IPF converged at iteration 90
IPF row error: 28.965934, col error: 0.000000
Starting Iterative Proportional Fitting (IPF)...
IPF converged at iteration 45
IPF row error: 29.146993, col error: 0.000000
Starting Iterative Proportional Fitting (IPF)...
IPF converged at iteration 45
IPF row error: 28.463822, col error: 0.000000
Starting Iterative Proportional Fitting (IPF)...
IPF converged at iteration 28
IPF row error: 28.015013, col error: 0.000000
Starting Iterative Proportional Fitting (IPF)...
IPF converged at iteration 90
IPF row error: 28.965934, col error: 0.000000
Starting Iterative Proportional Fitting (IPF)...
IPF converged at iteration 90
IPF row error: 28.965934, col error: 0.000000
Starting Iterative Proportional Fitting (IPF)...
IPF converged at iteration 36
IPF converged at iteration 26
IPF row error: 26.806254, col error: 0.000000
  [2023/test] 진행 1080/1750 (61.7%) | 누적 CPC 0.2912 | RMSE 1641.9687 | %RMSE 32.6182 | 경과 23.9분 | 예상 남음 14.8분
IPF row error: 26.574708, col error: 0.000000
Starting Iterative Proportional Fitting (IPF)...
Starting Iterative Proportional Fitting (IPF)...
IPF converged at iteration 90
IPF row error: 28.965934, col error: 0.000000
Starting Iterative Proportional Fitting (IPF)...
IPF converged at iteration 90
IPF row error: 28.965934, col error: 0.000000
Starting Iterative Proportional Fitting (IPF)...
IPF converged at iteration 27
IPF row error: 28.512452, col error: 0.000000
Starting Iterative Proportional Fitting (IPF)...
IPF converged at iteration 27
IPF row error: 28.748182, col error: 0.000000
Starting Iterative Proportional Fitting (IPF)...
IPF converged at iteration 25
IPF row error: 25.367395, col error: 0.000000
Starting Iterative Proportional Fitting (IPF)...
IPF converged at iteration 27
IPF row error: 25.590407, col error: 0.000000
IPF converged at iteration 90
IPF row error: 28.965934, col error: 0.000000
Starting Iterative Proportional Fitting (IPF)...
Starting Iterative Proportional Fitting (IPF)...
IPF converged at iteration 90
IPF row error: 28.965934, col error: 0.000000
Starting Iterative Proportional Fitting (IPF)...
IPF converged at iteration 90
IPF row error: 28.965934, col error: 0.000000
Starting Iterative Proportional Fitting (IPF)...
IPF converged at iteration 90
IPF converged at iteration 90
IPF row error: 28.965934, col error: 0.000000
IPF row error: 28.965934, col error: 0.000000
Starting Iterative Proportional Fitting (IPF)...
Starting Iterative Proportional Fitting (IPF)...
IPF converged at iteration 90
IPF row error: 28.965934, col error: 0.000000
Starting Iterative Proportional Fitting (IPF)...
IPF converged at iteration 90
IPF row error: 28.965934, col error: 0.000000
IPF converged at iteration 39
IPF row error: 27.197727, col error: 0.000000
Starting Iterative Proportional Fitting (IPF)...
Starting Iterative Proportional Fitting (IPF)...
IPF converged at iteration 45
IPF row error: 24.589248, col error: 0.000000
Starting Iterative Proportional Fitting (IPF)...
IPF converged at iteration 90
IPF row error: 28.965934, col error: 0.000000
Starting Iterative Proportional Fitting (IPF)...
IPF converged at iteration 90
IPF row error: 28.965934, col error: 0.000000
IPF converged at iteration 90
IPF row error: 28.965934, col error: 0.000000
Starting Iterative Proportional Fitting (IPF)...
Starting Iterative Proportional Fitting (IPF)...
IPF converged at iteration 90
IPF row error: 28.965934, col error: 0.000000
Starting Iterative Proportional Fitting (IPF)...
IPF converged at iteration 27
IPF converged at iteration 30
IPF row error: 25.973997, col error: 0.000000
IPF row error: 27.338292, col error: 0.000000
Starting Iterative Proportional Fitting (IPF)...
Starting Iterative Proportional Fitting (IPF)...
IPF converged at iteration 90
IPF row error: 27.304790, col error: 0.000000
Starting Iterative Proportional Fitting (IPF)...
IPF converged at iteration 25
IPF row error: 27.216206, col error: 0.000000
Starting Iterative Proportional Fitting (IPF)...
IPF converged at iteration 38
IPF row error: 24.833143, col error: 0.000000
Starting Iterative Proportional Fitting (IPF)...
IPF converged at iteration 90
IPF row error: 27.304790, col error: 0.000000
Starting Iterative Proportional Fitting (IPF)...
IPF converged at iteration 90
IPF row error: 27.304790, col error: 0.000000
Starting Iterative Proportional Fitting (IPF)...
IPF converged at iteration 90
IPF row error: 27.304790, col error: 0.000000
Starting Iterative Proportional Fitting (IPF)...
IPF converged at iteration 25
IPF row error: 26.289778, col error: 0.000000
IPF converged at iteration 90
IPF row error: 27.304790, col error: 0.000000
  [2023/test] 진행 1110/1750 (63.4%) | 누적 CPC 0.2896 | RMSE 1638.4885 | %RMSE 32.1415 | 경과 24.6분 | 예상 남음 14.2분
Starting Iterative Proportional Fitting (IPF)...
Starting Iterative Proportional Fitting (IPF)...
IPF converged at iteration 90
IPF row error: 27.304790, col error: 0.000000
Starting Iterative Proportional Fitting (IPF)...
IPF converged at iteration 90
IPF row error: 27.304790, col error: 0.000000
Starting Iterative Proportional Fitting (IPF)...
IPF converged at iteration 36
IPF row error: 27.329588, col error: 0.000000
Starting Iterative Proportional Fitting (IPF)...
IPF converged at iteration 90
IPF row error: 27.304790, col error: 0.000000IPF converged at iteration 57

IPF row error: 28.977152, col error: 0.000000
Starting Iterative Proportional Fitting (IPF)...
Starting Iterative Proportional Fitting (IPF)...
IPF converged at iteration 90
IPF row error: 27.304790, col error: 0.000000
Starting Iterative Proportional Fitting (IPF)...
IPF converged at iteration 90
IPF row error: 27.304790, col error: 0.000000
Starting Iterative Proportional Fitting (IPF)...
IPF converged at iteration 25
IPF row error: 23.675220, col error: 0.000000
Starting Iterative Proportional Fitting (IPF)...
IPF converged at iteration 24
IPF row error: 28.974732, col error: 0.000000
Starting Iterative Proportional Fitting (IPF)...
IPF converged at iteration 90
IPF converged at iteration 90
IPF row error: 27.304790, col error: 0.000000
IPF row error: 27.304790, col error: 0.000000
Starting Iterative Proportional Fitting (IPF)...
Starting Iterative Proportional Fitting (IPF)...
IPF converged at iteration 70
IPF row error: 26.441779, col error: 0.000000
Starting Iterative Proportional Fitting (IPF)...
IPF converged at iteration 90
IPF row error: 27.304790, col error: 0.000000
Starting Iterative Proportional Fitting (IPF)...
IPF converged at iteration 45
IPF row error: 26.172763, col error: 0.000000
Starting Iterative Proportional Fitting (IPF)...
IPF converged at iteration 90
IPF converged at iteration 90
IPF row error: 27.304790, col error: 0.000000
IPF row error: 27.304790, col error: 0.000000
Starting Iterative Proportional Fitting (IPF)...
Starting Iterative Proportional Fitting (IPF)...
IPF converged at iteration 27
IPF row error: 26.652441, col error: 0.000000
Starting Iterative Proportional Fitting (IPF)...
IPF converged at iteration 48
IPF row error: 25.093410, col error: 0.000000
Starting Iterative Proportional Fitting (IPF)...
IPF converged at iteration 42
IPF row error: 24.455147, col error: 0.000000
IPF converged at iteration 25
IPF row error: 28.373773, col error: 0.000000
Starting Iterative Proportional Fitting (IPF)...
Starting Iterative Proportional Fitting (IPF)...
IPF converged at iteration 27
IPF row error: 23.472080, col error: 0.000000
Starting Iterative Proportional Fitting (IPF)...
IPF converged at iteration 78
IPF row error: 28.415467, col error: 0.000000
Starting Iterative Proportional Fitting (IPF)...
IPF converged at iteration 40
IPF row error: 24.097022, col error: 0.000000
IPF converged at iteration 30
IPF row error: 24.288212, col error: 0.000000
Starting Iterative Proportional Fitting (IPF)...
Starting Iterative Proportional Fitting (IPF)...
IPF converged at iteration 28
IPF row error: 22.887711, col error: 0.000000
Starting Iterative Proportional Fitting (IPF)...
IPF converged at iteration 90
IPF row error: 27.304790, col error: 0.000000
Starting Iterative Proportional Fitting (IPF)...
IPF converged at iteration 26
IPF converged at iteration 53
IPF row error: 23.739063, col error: 0.000000
IPF row error: 28.614640, col error: 0.000000
Starting Iterative Proportional Fitting (IPF)...
Starting Iterative Proportional Fitting (IPF)...
IPF converged at iteration 90
IPF converged at iteration 90
IPF row error: 27.304790, col error: 0.000000
IPF row error: 27.304790, col error: 0.000000
  [2023/test] 진행 1140/1750 (65.1%) | 누적 CPC 0.2873 | RMSE 1632.0793 | %RMSE 31.6672 | 경과 25.2분 | 예상 남음 13.5분
Starting Iterative Proportional Fitting (IPF)...
Starting Iterative Proportional Fitting (IPF)...
IPF converged at iteration 26
IPF row error: 24.394265, col error: 0.000000
Starting Iterative Proportional Fitting (IPF)...
IPF converged at iteration 27
IPF row error: 27.656942, col error: 0.000000
Starting Iterative Proportional Fitting (IPF)...
IPF converged at iteration 90
IPF row error: 27.304790, col error: 0.000000
Starting Iterative Proportional Fitting (IPF)...
IPF converged at iteration 90
IPF converged at iteration 90
IPF row error: 27.304790, col error: 0.000000
IPF row error: 27.304790, col error: 0.000000
Starting Iterative Proportional Fitting (IPF)...
Starting Iterative Proportional Fitting (IPF)...
IPF converged at iteration 80
IPF row error: 27.028327, col error: 0.000000
Starting Iterative Proportional Fitting (IPF)...
IPF converged at iteration 42
IPF row error: 26.547854, col error: 0.000000
Starting Iterative Proportional Fitting (IPF)...
IPF converged at iteration 31
IPF row error: 23.404715, col error: 0.000000
Starting Iterative Proportional Fitting (IPF)...
IPF converged at iteration 90
IPF row error: 27.304790, col error: 0.000000
Starting Iterative Proportional Fitting (IPF)...
IPF converged at iteration 90
IPF row error: 27.304790, col error: 0.000000
Starting Iterative Proportional Fitting (IPF)...
IPF converged at iteration 26
IPF row error: 22.166212, col error: 0.000000
Starting Iterative Proportional Fitting (IPF)...
IPF converged at iteration 92
IPF row error: 29.046747, col error: 0.000000
Starting Iterative Proportional Fitting (IPF)...
IPF converged at iteration 73
IPF row error: 26.673607, col error: 0.000000
Starting Iterative Proportional Fitting (IPF)...
IPF converged at iteration 27
IPF row error: 23.189110, col error: 0.000000
Starting Iterative Proportional Fitting (IPF)...
IPF converged at iteration 83
IPF row error: 28.215213, col error: 0.000000
Starting Iterative Proportional Fitting (IPF)...
IPF converged at iteration 83
IPF row error: 28.215213, col error: 0.000000
Starting Iterative Proportional Fitting (IPF)...
IPF converged at iteration 83
IPF row error: 27.069613, col error: 0.000000
Starting Iterative Proportional Fitting (IPF)...
IPF converged at iteration 92
IPF row error: 29.046747, col error: 0.000000
IPF converged at iteration 83Starting Iterative Proportional Fitting (IPF)...

IPF row error: 27.069613, col error: 0.000000
Starting Iterative Proportional Fitting (IPF)...
IPF converged at iteration 34
IPF row error: 24.816774, col error: 0.000000
Starting Iterative Proportional Fitting (IPF)...
IPF converged at iteration 41
IPF row error: 26.680728, col error: 0.000000
Starting Iterative Proportional Fitting (IPF)...
IPF converged at iteration 28
IPF row error: 24.063068, col error: 0.000000
Starting Iterative Proportional Fitting (IPF)...
IPF converged at iteration 92
IPF row error: 28.375125, col error: 0.000000
IPF converged at iteration 83
IPF row error: 27.459799, col error: 0.000000
Starting Iterative Proportional Fitting (IPF)...
Starting Iterative Proportional Fitting (IPF)...
IPF converged at iteration 83
IPF row error: 28.215213, col error: 0.000000
Starting Iterative Proportional Fitting (IPF)...
IPF converged at iteration 26
IPF row error: 22.021463, col error: 0.000000
Starting Iterative Proportional Fitting (IPF)...
IPF converged at iteration 50
IPF row error: 26.818457, col error: 0.000000
Starting Iterative Proportional Fitting (IPF)...
IPF converged at iteration 26
IPF row error: 21.965743, col error: 0.000000
Starting Iterative Proportional Fitting (IPF)...
IPF converged at iteration 83
IPF row error: 27.459799, col error: 0.000000
Starting Iterative Proportional Fitting (IPF)...
IPF converged at iteration 83
IPF row error: 27.459799, col error: 0.000000
  [2023/test] 진행 1170/1750 (66.9%) | 누적 CPC 0.2843 | RMSE 1625.8887 | %RMSE 31.2949 | 경과 26.0분 | 예상 남음 12.9분
Starting Iterative Proportional Fitting (IPF)...
IPF converged at iteration 83
IPF row error: 27.459799, col error: 0.000000
Starting Iterative Proportional Fitting (IPF)...
IPF converged at iteration 83
IPF row error: 28.215213, col error: 0.000000
Starting Iterative Proportional Fitting (IPF)...
IPF converged at iteration 92
IPF row error: 27.009599, col error: 0.000000
Starting Iterative Proportional Fitting (IPF)...
IPF converged at iteration 25
IPF row error: 25.294586, col error: 0.000000
Starting Iterative Proportional Fitting (IPF)...
IPF converged at iteration 92
IPF row error: 29.046747, col error: 0.000000
Starting Iterative Proportional Fitting (IPF)...
IPF converged at iteration 83
IPF row error: 27.459799, col error: 0.000000
Starting Iterative Proportional Fitting (IPF)...
IPF converged at iteration 83
IPF converged at iteration 27
IPF row error: 27.069613, col error: 0.000000
IPF row error: 21.880506, col error: 0.000000
Starting Iterative Proportional Fitting (IPF)...
Starting Iterative Proportional Fitting (IPF)...
IPF converged at iteration 83
IPF row error: 27.459799, col error: 0.000000
Starting Iterative Proportional Fitting (IPF)...
IPF converged at iteration 83
IPF row error: 27.069613, col error: 0.000000
Starting Iterative Proportional Fitting (IPF)...
IPF converged at iteration 25
IPF row error: 27.325254, col error: 0.000000
Starting Iterative Proportional Fitting (IPF)...
IPF converged at iteration 83
IPF row error: 27.069613, col error: 0.000000
Starting Iterative Proportional Fitting (IPF)...
IPF converged at iteration 83
IPF row error: 27.069613, col error: 0.000000
IPF converged at iteration 92
IPF row error: 28.375125, col error: 0.000000
Starting Iterative Proportional Fitting (IPF)...
Starting Iterative Proportional Fitting (IPF)...
IPF converged at iteration 25
IPF row error: 24.432046, col error: 0.000000
Starting Iterative Proportional Fitting (IPF)...
IPF converged at iteration 43
IPF row error: 26.357612, col error: 0.000000
Starting Iterative Proportional Fitting (IPF)...
IPF converged at iteration 83
IPF row error: 28.215213, col error: 0.000000
Starting Iterative Proportional Fitting (IPF)...
IPF converged at iteration 54
IPF row error: 26.910166, col error: 0.000000
Starting Iterative Proportional Fitting (IPF)...
IPF converged at iteration 83
IPF row error: 27.069613, col error: 0.000000
Starting Iterative Proportional Fitting (IPF)...
IPF converged at iteration 83
IPF row error: 27.069613, col error: 0.000000
Starting Iterative Proportional Fitting (IPF)...
IPF converged at iteration 83
IPF row error: 27.069613, col error: 0.000000
Starting Iterative Proportional Fitting (IPF)...
IPF converged at iteration 92
IPF row error: 29.046747, col error: 0.000000
IPF converged at iteration 25
IPF row error: 25.104791, col error: 0.000000
Starting Iterative Proportional Fitting (IPF)...
Starting Iterative Proportional Fitting (IPF)...
IPF converged at iteration 25
IPF row error: 21.871796, col error: 0.000000
Starting Iterative Proportional Fitting (IPF)...
IPF converged at iteration 83
IPF row error: 28.215213, col error: 0.000000
Starting Iterative Proportional Fitting (IPF)...
IPF converged at iteration 26
IPF row error: 28.143589, col error: 0.000000
Starting Iterative Proportional Fitting (IPF)...
IPF converged at iteration 92
IPF row error: 27.009599, col error: 0.000000
Starting Iterative Proportional Fitting (IPF)...
IPF converged at iteration 28
IPF row error: 26.030204, col error: 0.000000
IPF converged at iteration 92
IPF row error: 27.009599, col error: 0.000000
Starting Iterative Proportional Fitting (IPF)...
Starting Iterative Proportional Fitting (IPF)...
IPF converged at iteration 39
IPF row error: 27.596378, col error: 0.000000
  [2023/test] 진행 1200/1750 (68.6%) | 누적 CPC 0.2813 | RMSE 1621.0814 | %RMSE 31.0428 | 경과 26.7분 | 예상 남음 12.3분
Starting Iterative Proportional Fitting (IPF)...
IPF converged at iteration 32
IPF row error: 23.314101, col error: 0.000000
Starting Iterative Proportional Fitting (IPF)...
IPF converged at iteration 92
IPF row error: 29.046747, col error: 0.000000
Starting Iterative Proportional Fitting (IPF)...
IPF converged at iteration 27
IPF row error: 24.980297, col error: 0.000000
Starting Iterative Proportional Fitting (IPF)...
IPF converged at iteration 25
IPF row error: 26.604953, col error: 0.000000
Starting Iterative Proportional Fitting (IPF)...
IPF converged at iteration 90
IPF row error: 28.872075, col error: 0.000000
Starting Iterative Proportional Fitting (IPF)...
IPF converged at iteration 90
IPF row error: 28.872075, col error: 0.000000
Starting Iterative Proportional Fitting (IPF)...
IPF converged at iteration 54
IPF row error: 28.026911, col error: 0.000000
Starting Iterative Proportional Fitting (IPF)...
IPF converged at iteration 90
IPF row error: 28.872075, col error: 0.000000
Starting Iterative Proportional Fitting (IPF)...
IPF converged at iteration 26
IPF row error: 25.589764, col error: 0.000000
Starting Iterative Proportional Fitting (IPF)...
IPF converged at iteration 90
IPF row error: 28.872075, col error: 0.000000
Starting Iterative Proportional Fitting (IPF)...
IPF converged at iteration 38
IPF row error: 25.164263, col error: 0.000000
IPF converged at iteration 78
IPF row error: 28.417472, col error: 0.000000
Starting Iterative Proportional Fitting (IPF)...
Starting Iterative Proportional Fitting (IPF)...
IPF converged at iteration 25
IPF row error: 24.122144, col error: 0.000000
Starting Iterative Proportional Fitting (IPF)...
IPF converged at iteration 90
IPF row error: 28.872075, col error: 0.000000
IPF converged at iteration 35
IPF row error: 25.595869, col error: 0.000000
Starting Iterative Proportional Fitting (IPF)...
Starting Iterative Proportional Fitting (IPF)...
IPF converged at iteration 90
IPF row error: 28.872075, col error: 0.000000
Starting Iterative Proportional Fitting (IPF)...
IPF converged at iteration 90
IPF row error: 28.872075, col error: 0.000000
IPF converged at iteration 26
IPF row error: 23.995670, col error: 0.000000
Starting Iterative Proportional Fitting (IPF)...
IPF converged at iteration 31
IPF row error: 23.152867, col error: 0.000000
Starting Iterative Proportional Fitting (IPF)...
Starting Iterative Proportional Fitting (IPF)...
IPF converged at iteration 37
IPF row error: 24.330171, col error: 0.000000
Starting Iterative Proportional Fitting (IPF)...
IPF converged at iteration 53
IPF row error: 27.814730, col error: 0.000000
Starting Iterative Proportional Fitting (IPF)...
IPF converged at iteration 90
IPF row error: 28.872075, col error: 0.000000
Starting Iterative Proportional Fitting (IPF)...
IPF converged at iteration 90
IPF row error: 28.872075, col error: 0.000000
Starting Iterative Proportional Fitting (IPF)...
IPF converged at iteration 62
IPF row error: 27.823491, col error: 0.000000
Starting Iterative Proportional Fitting (IPF)...
IPF converged at iteration 26
IPF row error: 23.522853, col error: 0.000000
Starting Iterative Proportional Fitting (IPF)...
IPF converged at iteration 90
IPF converged at iteration 27
IPF row error: 28.872075, col error: 0.000000
IPF row error: 22.893856, col error: 0.000000
Starting Iterative Proportional Fitting (IPF)...
Starting Iterative Proportional Fitting (IPF)...
IPF converged at iteration 90
IPF row error: 28.872075, col error: 0.000000
Starting Iterative Proportional Fitting (IPF)...
IPF converged at iteration 27
IPF row error: 26.249541, col error: 0.000000
Starting Iterative Proportional Fitting (IPF)...
IPF converged at iteration 90
IPF converged at iteration 42
IPF row error: 28.872075, col error: 0.000000
IPF row error: 28.856719, col error: 0.000000
  [2023/test] 진행 1230/1750 (70.3%) | 누적 CPC 0.2784 | RMSE 1592.2964 | %RMSE 30.5624 | 경과 27.5분 | 예상 남음 11.6분
Starting Iterative Proportional Fitting (IPF)...
Starting Iterative Proportional Fitting (IPF)...
IPF converged at iteration 27
IPF row error: 26.567448, col error: 0.000000
Starting Iterative Proportional Fitting (IPF)...
IPF converged at iteration 37
IPF row error: 27.223509, col error: 0.000000
Starting Iterative Proportional Fitting (IPF)...
IPF converged at iteration 90
IPF row error: 28.872075, col error: 0.000000
Starting Iterative Proportional Fitting (IPF)...
IPF converged at iteration 90
IPF row error: 28.872075, col error: 0.000000
Starting Iterative Proportional Fitting (IPF)...
IPF converged at iteration 90
IPF row error: 28.872075, col error: 0.000000
Starting Iterative Proportional Fitting (IPF)...
IPF converged at iteration 90
IPF row error: 28.872075, col error: 0.000000
Starting Iterative Proportional Fitting (IPF)...
IPF converged at iteration 26
IPF row error: 22.095640, col error: 0.000000
Starting Iterative Proportional Fitting (IPF)...
IPF converged at iteration 90
IPF row error: 28.872075, col error: 0.000000
Starting Iterative Proportional Fitting (IPF)...
IPF converged at iteration 80
IPF row error: 28.377826, col error: 0.000000
Starting Iterative Proportional Fitting (IPF)...
IPF converged at iteration 31
IPF row error: 23.532601, col error: 0.000000
Starting Iterative Proportional Fitting (IPF)...
IPF converged at iteration 90
IPF row error: 28.872075, col error: 0.000000
Starting Iterative Proportional Fitting (IPF)...
IPF converged at iteration 90
IPF row error: 28.872075, col error: 0.000000
Starting Iterative Proportional Fitting (IPF)...
IPF converged at iteration 90
IPF row error: 28.872075, col error: 0.000000
Starting Iterative Proportional Fitting (IPF)...
IPF converged at iteration 90
IPF row error: 28.872075, col error: 0.000000
Starting Iterative Proportional Fitting (IPF)...
IPF converged at iteration 63
IPF row error: 28.607931, col error: 0.000000
Starting Iterative Proportional Fitting (IPF)...
IPF converged at iteration 37
IPF row error: 26.606052, col error: 0.000000
IPF converged at iteration 90
Starting Iterative Proportional Fitting (IPF)...
IPF row error: 28.872075, col error: 0.000000
Starting Iterative Proportional Fitting (IPF)...
IPF converged at iteration 26
IPF row error: 21.786817, col error: 0.000000
Starting Iterative Proportional Fitting (IPF)...
IPF converged at iteration 90
IPF row error: 28.872075, col error: 0.000000
Starting Iterative Proportional Fitting (IPF)...
IPF converged at iteration 48
IPF row error: 27.126457, col error: 0.000000
Starting Iterative Proportional Fitting (IPF)...
IPF converged at iteration 90
IPF row error: 28.872075, col error: 0.000000
Starting Iterative Proportional Fitting (IPF)...
IPF converged at iteration 26
IPF row error: 21.427873, col error: 0.000000
Starting Iterative Proportional Fitting (IPF)...
IPF converged at iteration 82
IPF row error: 26.651579, col error: 0.000000
Starting Iterative Proportional Fitting (IPF)...
IPF converged at iteration 51
IPF row error: 29.170855, col error: 0.000000
IPF converged at iteration 33
IPF row error: 23.742163, col error: 0.000000
Starting Iterative Proportional Fitting (IPF)...
IPF converged at iteration 80
IPF row error: 29.182152, col error: 0.000000
Starting Iterative Proportional Fitting (IPF)...
Starting Iterative Proportional Fitting (IPF)...
IPF converged at iteration 26
IPF converged at iteration 36
IPF row error: 24.526016, col error: 0.000000
IPF row error: 23.615620, col error: 0.000000
Starting Iterative Proportional Fitting (IPF)...
Starting Iterative Proportional Fitting (IPF)...
IPF converged at iteration 79
IPF row error: 26.734291, col error: 0.000000
  [2023/test] 진행 1260/1750 (72.0%) | 누적 CPC 0.2758 | RMSE 1573.0700 | %RMSE 30.1684 | 경과 28.2분 | 예상 남음 11.0분
Starting Iterative Proportional Fitting (IPF)...
IPF converged at iteration 79
IPF row error: 26.734291, col error: 0.000000
Starting Iterative Proportional Fitting (IPF)...
IPF converged at iteration 78
IPF row error: 29.181637, col error: 0.000000
Starting Iterative Proportional Fitting (IPF)...
IPF converged at iteration 84
IPF row error: 26.787625, col error: 0.000000
Starting Iterative Proportional Fitting (IPF)...
IPF converged at iteration 29
IPF row error: 22.094213, col error: 0.000000
IPF converged at iteration 63
IPF row error: 28.911026, col error: 0.000000
Starting Iterative Proportional Fitting (IPF)...
Starting Iterative Proportional Fitting (IPF)...
IPF converged at iteration 72
IPF row error: 27.294321, col error: 0.000000
Starting Iterative Proportional Fitting (IPF)...
IPF converged at iteration 25
IPF row error: 22.711029, col error: 0.000000
Starting Iterative Proportional Fitting (IPF)...
IPF converged at iteration 32
IPF row error: 28.745944, col error: 0.000000
Starting Iterative Proportional Fitting (IPF)...
IPF converged at iteration 24
IPF row error: 26.999722, col error: 0.000000
Starting Iterative Proportional Fitting (IPF)...
IPF converged at iteration 84
IPF row error: 26.944214, col error: 0.000000
Starting Iterative Proportional Fitting (IPF)...
IPF converged at iteration 28
IPF row error: 24.585851, col error: 0.000000
Starting Iterative Proportional Fitting (IPF)...
IPF converged at iteration 38
IPF row error: 27.212957, col error: 0.000000
Starting Iterative Proportional Fitting (IPF)...
IPF converged at iteration 80
IPF row error: 28.968713, col error: 0.000000
Starting Iterative Proportional Fitting (IPF)...
IPF converged at iteration 26
IPF converged at iteration 84
IPF row error: 22.242181, col error: 0.000000
IPF row error: 26.728195, col error: 0.000000
Starting Iterative Proportional Fitting (IPF)...
Starting Iterative Proportional Fitting (IPF)...
IPF converged at iteration 80
IPF row error: 28.970689, col error: 0.000000
Starting Iterative Proportional Fitting (IPF)...
IPF converged at iteration 45
IPF row error: 25.636640, col error: 0.000000
Starting Iterative Proportional Fitting (IPF)...
IPF converged at iteration 40
IPF row error: 26.245491, col error: 0.000000
Starting Iterative Proportional Fitting (IPF)...
IPF converged at iteration 34
IPF row error: 23.897207, col error: 0.000000
Starting Iterative Proportional Fitting (IPF)...
IPF converged at iteration 81
IPF row error: 29.118201, col error: 0.000000
IPF converged at iteration 84
IPF row error: 27.057933, col error: 0.000000
Starting Iterative Proportional Fitting (IPF)...
Starting Iterative Proportional Fitting (IPF)...
IPF converged at iteration 40
IPF row error: 28.588083, col error: 0.000000
Starting Iterative Proportional Fitting (IPF)...
IPF converged at iteration 84
IPF row error: 26.944214, col error: 0.000000
Starting Iterative Proportional Fitting (IPF)...
IPF converged at iteration 93
IPF row error: 27.788051, col error: 0.000000
Starting Iterative Proportional Fitting (IPF)...
IPF converged at iteration 81
IPF row error: 27.564915, col error: 0.000000
Starting Iterative Proportional Fitting (IPF)...
IPF converged at iteration 41
IPF row error: 28.970645, col error: 0.000000
IPF converged at iteration 79
IPF row error: 26.567943, col error: 0.000000
Starting Iterative Proportional Fitting (IPF)...
Starting Iterative Proportional Fitting (IPF)...
IPF converged at iteration 75
IPF row error: 27.206961, col error: 0.000000
Starting Iterative Proportional Fitting (IPF)...
IPF converged at iteration 26
IPF row error: 25.911371, col error: 0.000000
Starting Iterative Proportional Fitting (IPF)...
IPF converged at iteration 84
IPF row error: 26.944214, col error: 0.000000
  [2023/test] 진행 1290/1750 (73.7%) | 누적 CPC 0.2740 | RMSE 1574.0572 | %RMSE 30.0570 | 경과 28.9분 | 예상 남음 10.3분
Starting Iterative Proportional Fitting (IPF)...
IPF converged at iteration 32
IPF row error: 28.567498, col error: 0.000000
Starting Iterative Proportional Fitting (IPF)...
IPF converged at iteration 84
IPF row error: 26.791566, col error: 0.000000
Starting Iterative Proportional Fitting (IPF)...
IPF converged at iteration 90
IPF row error: 28.456655, col error: 0.000000
Starting Iterative Proportional Fitting (IPF)...
IPF converged at iteration 78
IPF row error: 29.181637, col error: 0.000000
Starting Iterative Proportional Fitting (IPF)...
IPF converged at iteration 82
IPF row error: 26.651579, col error: 0.000000
Starting Iterative Proportional Fitting (IPF)...
IPF converged at iteration 72
IPF row error: 27.315336, col error: 0.000000
Starting Iterative Proportional Fitting (IPF)...
IPF converged at iteration 80
IPF row error: 28.981591, col error: 0.000000
Starting Iterative Proportional Fitting (IPF)...
IPF converged at iteration 80
IPF row error: 28.981534, col error: 0.000000
IPF converged at iteration 93
IPF row error: 27.788051, col error: 0.000000
Starting Iterative Proportional Fitting (IPF)...
Starting Iterative Proportional Fitting (IPF)...
IPF converged at iteration 25
IPF row error: 26.877147, col error: 0.000000
Starting Iterative Proportional Fitting (IPF)...
IPF converged at iteration 81
IPF row error: 27.262350, col error: 0.000000
Starting Iterative Proportional Fitting (IPF)...
IPF converged at iteration 37
IPF row error: 29.111709, col error: 0.000000
Starting Iterative Proportional Fitting (IPF)...
IPF converged at iteration 25
IPF row error: 28.288102, col error: 0.000000
Starting Iterative Proportional Fitting (IPF)...
IPF converged at iteration 80
IPF row error: 27.557718, col error: 0.000000
Starting Iterative Proportional Fitting (IPF)...
IPF converged at iteration 80
IPF row error: 26.801871, col error: 0.000000
Starting Iterative Proportional Fitting (IPF)...
IPF converged at iteration 32
IPF row error: 28.423239, col error: 0.000000
Starting Iterative Proportional Fitting (IPF)...
IPF converged at iteration 80
IPF row error: 26.801871, col error: 0.000000
Starting Iterative Proportional Fitting (IPF)...
IPF converged at iteration 80
IPF row error: 26.801871, col error: 0.000000
Starting Iterative Proportional Fitting (IPF)...
IPF converged at iteration 27
IPF row error: 28.086933, col error: 0.000000
Starting Iterative Proportional Fitting (IPF)...
IPF converged at iteration 80
IPF row error: 26.786799, col error: 0.000000
Starting Iterative Proportional Fitting (IPF)...
IPF converged at iteration 90
IPF row error: 27.447575, col error: 0.000000
Starting Iterative Proportional Fitting (IPF)...
IPF converged at iteration 90
IPF row error: 27.542734, col error: 0.000000
Starting Iterative Proportional Fitting (IPF)...
IPF converged at iteration 80
IPF row error: 26.786799, col error: 0.000000
Starting Iterative Proportional Fitting (IPF)...
IPF converged at iteration 32
IPF row error: 23.682316, col error: 0.000000
Starting Iterative Proportional Fitting (IPF)...
IPF converged at iteration 80
IPF row error: 26.801871, col error: 0.000000
Starting Iterative Proportional Fitting (IPF)...
IPF converged at iteration 27
IPF row error: 26.867001, col error: 0.000000
Starting Iterative Proportional Fitting (IPF)...
IPF converged at iteration 80
IPF row error: 27.557718, col error: 0.000000
Starting Iterative Proportional Fitting (IPF)...
IPF converged at iteration 42
IPF row error: 26.783060, col error: 0.000000
Starting Iterative Proportional Fitting (IPF)...
IPF converged at iteration 53
IPF row error: 25.522745, col error: 0.000000
Starting Iterative Proportional Fitting (IPF)...
IPF converged at iteration 80
IPF row error: 26.786799, col error: 0.000000
  [2023/test] 진행 1320/1750 (75.4%) | 누적 CPC 0.2720 | RMSE 1575.4339 | %RMSE 29.8152 | 경과 29.7분 | 예상 남음 9.7분
IPF converged at iteration 41
IPF row error: 25.357902, col error: 0.000000
Starting Iterative Proportional Fitting (IPF)...
Starting Iterative Proportional Fitting (IPF)...
IPF converged at iteration 26
IPF row error: 23.251486, col error: 0.000000
IPF converged at iteration 80
IPF row error: 26.801871, col error: 0.000000
Starting Iterative Proportional Fitting (IPF)...
Starting Iterative Proportional Fitting (IPF)...
IPF converged at iteration 54
IPF row error: 29.033204, col error: 0.000000
Starting Iterative Proportional Fitting (IPF)...
IPF converged at iteration 32
IPF row error: 22.697820, col error: 0.000000
Starting Iterative Proportional Fitting (IPF)...
IPF converged at iteration 26
IPF row error: 28.411658, col error: 0.000000
Starting Iterative Proportional Fitting (IPF)...
IPF converged at iteration 80
IPF row error: 27.557718, col error: 0.000000
Starting Iterative Proportional Fitting (IPF)...
IPF converged at iteration 27
IPF row error: 25.238895, col error: 0.000000
Starting Iterative Proportional Fitting (IPF)...
IPF converged at iteration 26
IPF row error: 27.139275, col error: 0.000000
IPF converged at iteration 80
IPF row error: 26.786799, col error: 0.000000
Starting Iterative Proportional Fitting (IPF)...
Starting Iterative Proportional Fitting (IPF)...
IPF converged at iteration 53
IPF row error: 26.289674, col error: 0.000000
IPF converged at iteration 36
IPF row error: 23.381646, col error: 0.000000
Starting Iterative Proportional Fitting (IPF)...
Starting Iterative Proportional Fitting (IPF)...
IPF converged at iteration 80
IPF row error: 27.557718, col error: 0.000000
Starting Iterative Proportional Fitting (IPF)...
IPF converged at iteration 26
IPF row error: 24.482978, col error: 0.000000
Starting Iterative Proportional Fitting (IPF)...
IPF converged at iteration 33
IPF row error: 29.027232, col error: 0.000000
IPF converged at iteration 80
IPF row error: 26.786799, col error: 0.000000
Starting Iterative Proportional Fitting (IPF)...
Starting Iterative Proportional Fitting (IPF)...
IPF converged at iteration 57
IPF row error: 26.577191, col error: 0.000000
IPF converged at iteration 43
IPF converged at iteration 90
IPF row error: 24.908887, col error: 0.000000
IPF row error: 27.447575, col error: 0.000000
Starting Iterative Proportional Fitting (IPF)...
Starting Iterative Proportional Fitting (IPF)...
Starting Iterative Proportional Fitting (IPF)...
IPF converged at iteration 80
IPF row error: 26.786799, col error: 0.000000
Starting Iterative Proportional Fitting (IPF)...
IPF converged at iteration 52
IPF row error: 27.236057, col error: 0.000000
Starting Iterative Proportional Fitting (IPF)...
IPF converged at iteration 27
IPF row error: 28.839368, col error: 0.000000
Starting Iterative Proportional Fitting (IPF)...
IPF converged at iteration 80
IPF row error: 26.786799, col error: 0.000000
IPF converged at iteration 80
IPF row error: 26.786799, col error: 0.000000
Starting Iterative Proportional Fitting (IPF)...
Starting Iterative Proportional Fitting (IPF)...
IPF converged at iteration 27
IPF row error: 24.406636, col error: 0.000000
Starting Iterative Proportional Fitting (IPF)...
IPF converged at iteration 29
IPF row error: 22.206419, col error: 0.000000
IPF converged at iteration 80
IPF row error: 26.786799, col error: 0.000000
IPF converged at iteration 90
Starting Iterative Proportional Fitting (IPF)...
IPF row error: 27.404690, col error: 0.000000
Starting Iterative Proportional Fitting (IPF)...
Starting Iterative Proportional Fitting (IPF)...
IPF converged at iteration 80
IPF row error: 26.786799, col error: 0.000000
Starting Iterative Proportional Fitting (IPF)...
IPF converged at iteration 32
IPF row error: 25.221428, col error: 0.000000
  [2023/test] 진행 1350/1750 (77.1%) | 누적 CPC 0.2700 | RMSE 1576.7728 | %RMSE 29.5037 | 경과 30.3분 | 예상 남음 9.0분
Starting Iterative Proportional Fitting (IPF)...
IPF converged at iteration 90
IPF row error: 27.542734, col error: 0.000000
IPF converged at iteration 89
IPF row error: 28.942302, col error: 0.000000
Starting Iterative Proportional Fitting (IPF)...
IPF converged at iteration 77
IPF row error: 27.406455, col error: 0.000000
Starting Iterative Proportional Fitting (IPF)...
Starting Iterative Proportional Fitting (IPF)...
IPF converged at iteration 72
IPF row error: 28.040613, col error: 0.000000
Starting Iterative Proportional Fitting (IPF)...
IPF converged at iteration 35
IPF row error: 23.328526, col error: 0.000000
Starting Iterative Proportional Fitting (IPF)...
IPF converged at iteration 37
IPF row error: 25.090029, col error: 0.000000
Starting Iterative Proportional Fitting (IPF)...
IPF converged at iteration 25
IPF row error: 27.229807, col error: 0.000000
Starting Iterative Proportional Fitting (IPF)...
IPF converged at iteration 28
IPF row error: 23.464621, col error: 0.000000
Starting Iterative Proportional Fitting (IPF)...
IPF converged at iteration 77
IPF row error: 27.406455, col error: 0.000000
Starting Iterative Proportional Fitting (IPF)...
IPF converged at iteration 53
IPF row error: 26.179423, col error: 0.000000
Starting Iterative Proportional Fitting (IPF)...
IPF converged at iteration 77
IPF row error: 27.958516, col error: 0.000000
Starting Iterative Proportional Fitting (IPF)...
IPF converged at iteration 26
IPF row error: 28.028368, col error: 0.000000
Starting Iterative Proportional Fitting (IPF)...
IPF converged at iteration 81
IPF row error: 26.729145, col error: 0.000000
Starting Iterative Proportional Fitting (IPF)...
IPF converged at iteration 89
IPF row error: 28.942302, col error: 0.000000
Starting Iterative Proportional Fitting (IPF)...
IPF converged at iteration 26
IPF row error: 26.073573, col error: 0.000000
Starting Iterative Proportional Fitting (IPF)...
IPF converged at iteration 26
IPF row error: 27.925466, col error: 0.000000
Starting Iterative Proportional Fitting (IPF)...
IPF converged at iteration 89
IPF row error: 28.554023, col error: 0.000000
IPF converged at iteration 77
IPF row error: 27.958328, col error: 0.000000
Starting Iterative Proportional Fitting (IPF)...
Starting Iterative Proportional Fitting (IPF)...
IPF converged at iteration 26
IPF row error: 21.709056, col error: 0.000000
IPF converged at iteration 27
IPF row error: 27.879722, col error: 0.000000Starting Iterative Proportional Fitting (IPF)...

Starting Iterative Proportional Fitting (IPF)...
IPF converged at iteration 81
IPF row error: 26.693546, col error: 0.000000
Starting Iterative Proportional Fitting (IPF)...
IPF converged at iteration 28
IPF row error: 24.688510, col error: 0.000000
IPF converged at iteration 25
IPF row error: 29.001028, col error: 0.000000
Starting Iterative Proportional Fitting (IPF)...
Starting Iterative Proportional Fitting (IPF)...
IPF converged at iteration 89
IPF row error: 28.366461, col error: 0.000000
Starting Iterative Proportional Fitting (IPF)...
IPF converged at iteration 26
IPF row error: 23.770716, col error: 0.000000
Starting Iterative Proportional Fitting (IPF)...
IPF converged at iteration 27
IPF row error: 27.694496, col error: 0.000000
Starting Iterative Proportional Fitting (IPF)...
IPF converged at iteration 68
IPF row error: 28.776157, col error: 0.000000
Starting Iterative Proportional Fitting (IPF)...
IPF converged at iteration 89
IPF row error: 28.942302, col error: 0.000000
Starting Iterative Proportional Fitting (IPF)...
IPF converged at iteration 42
IPF row error: 25.560255, col error: 0.000000
IPF converged at iteration 27
Starting Iterative Proportional Fitting (IPF)...
IPF row error: 22.674465, col error: 0.000000
  [2023/test] 진행 1380/1750 (78.9%) | 누적 CPC 0.2705 | RMSE 1589.2627 | %RMSE 29.3251 | 경과 31.0분 | 예상 남음 8.3분
Starting Iterative Proportional Fitting (IPF)...
IPF converged at iteration 77
IPF row error: 27.406599, col error: 0.000000
Starting Iterative Proportional Fitting (IPF)...
IPF converged at iteration 26
IPF row error: 28.464361, col error: 0.000000
IPF converged at iteration 26
IPF row error: 24.352977, col error: 0.000000
Starting Iterative Proportional Fitting (IPF)...
Starting Iterative Proportional Fitting (IPF)...
IPF converged at iteration 28
IPF row error: 22.411620, col error: 0.000000
IPF converged at iteration 26
IPF row error: 23.455160, col error: 0.000000
Starting Iterative Proportional Fitting (IPF)...
Starting Iterative Proportional Fitting (IPF)...
IPF converged at iteration 89
IPF row error: 28.393745, col error: 0.000000
Starting Iterative Proportional Fitting (IPF)...
IPF converged at iteration 77
IPF row error: 27.406599, col error: 0.000000
Starting Iterative Proportional Fitting (IPF)...
IPF converged at iteration 81
IPF converged at iteration 81
IPF row error: 27.095027, col error: 0.000000
IPF row error: 26.729145, col error: 0.000000
Starting Iterative Proportional Fitting (IPF)...
Starting Iterative Proportional Fitting (IPF)...
IPF converged at iteration 81
IPF row error: 27.460291, col error: 0.000000
Starting Iterative Proportional Fitting (IPF)...
IPF converged at iteration 80
IPF row error: 28.991553, col error: 0.000000
IPF converged at iteration 32
IPF row error: 34.438318, col error: 0.000000
Starting Iterative Proportional Fitting (IPF)...
Starting Iterative Proportional Fitting (IPF)...
IPF converged at iteration 38
IPF row error: 25.431909, col error: 0.000000
Starting Iterative Proportional Fitting (IPF)...
IPF converged at iteration 77
IPF row error: 27.958516, col error: 0.000000
Starting Iterative Proportional Fitting (IPF)...
IPF converged at iteration 89
IPF row error: 28.826859, col error: 0.000000
IPF converged at iteration 89
IPF row error: 28.826859, col error: 0.000000
IPF converged at iteration 77
IPF row error: 27.958328, col error: 0.000000
Starting Iterative Proportional Fitting (IPF)...
Starting Iterative Proportional Fitting (IPF)...
Starting Iterative Proportional Fitting (IPF)...
IPF converged at iteration 32
IPF converged at iteration 81
IPF row error: 27.616228, col error: 0.000000
IPF row error: 27.460291, col error: 0.000000
Starting Iterative Proportional Fitting (IPF)...
Starting Iterative Proportional Fitting (IPF)...
IPF converged at iteration 28
IPF row error: 24.965568, col error: 0.000000
Starting Iterative Proportional Fitting (IPF)...
IPF converged at iteration 89
IPF row error: 28.393745, col error: 0.000000
IPF converged at iteration 92
IPF row error: 27.460218, col error: 0.000000
Starting Iterative Proportional Fitting (IPF)...
Starting Iterative Proportional Fitting (IPF)...
IPF converged at iteration 25
IPF row error: 26.153814, col error: 0.000000
Starting Iterative Proportional Fitting (IPF)...
IPF converged at iteration 28
IPF row error: 27.261934, col error: 0.000000
IPF converged at iteration 90
IPF row error: 28.965934, col error: 0.000000
Starting Iterative Proportional Fitting (IPF)...
Starting Iterative Proportional Fitting (IPF)...
IPF converged at iteration 83
IPF row error: 27.178301, col error: 0.000000
Starting Iterative Proportional Fitting (IPF)...
IPF converged at iteration 33
IPF row error: 26.824955, col error: 0.000000
Starting Iterative Proportional Fitting (IPF)...
IPF converged at iteration 80
IPF row error: 27.507454, col error: 0.000000
Starting Iterative Proportional Fitting (IPF)...
IPF converged at iteration 80
IPF converged at iteration 82
IPF row error: 28.562133, col error: 0.000000
IPF row error: 28.906497, col error: 0.000000
  [2023/test] 진행 1410/1750 (80.6%) | 누적 CPC 0.2702 | RMSE 1599.9569 | %RMSE 29.1304 | 경과 31.8분 | 예상 남음 7.7분
Starting Iterative Proportional Fitting (IPF)...
Starting Iterative Proportional Fitting (IPF)...
IPF converged at iteration 26
IPF row error: 22.237348, col error: 0.000000
Starting Iterative Proportional Fitting (IPF)...
IPF converged at iteration 46
IPF row error: 25.309176, col error: 0.000000
Starting Iterative Proportional Fitting (IPF)...
IPF converged at iteration 45
IPF row error: 26.093219, col error: 0.000000
Starting Iterative Proportional Fitting (IPF)...
IPF converged at iteration 80
IPF row error: 28.831712, col error: 0.000000
Starting Iterative Proportional Fitting (IPF)...
IPF converged at iteration 27
IPF row error: 25.969954, col error: 0.000000
IPF converged at iteration 26
IPF row error: 21.124543, col error: 0.000000
Starting Iterative Proportional Fitting (IPF)...
Starting Iterative Proportional Fitting (IPF)...
IPF converged at iteration 28
IPF row error: 25.919650, col error: 0.000000
Starting Iterative Proportional Fitting (IPF)...
IPF converged at iteration 80
IPF row error: 27.537964, col error: 0.000000
Starting Iterative Proportional Fitting (IPF)...
IPF converged at iteration 26
IPF row error: 23.300623, col error: 0.000000
Starting Iterative Proportional Fitting (IPF)...
IPF converged at iteration 91
IPF row error: 27.276335, col error: 0.000000
Starting Iterative Proportional Fitting (IPF)...
IPF converged at iteration 26
IPF row error: 22.567961, col error: 0.000000
Starting Iterative Proportional Fitting (IPF)...
IPF converged at iteration 92
IPF row error: 27.670703, col error: 0.000000
Starting Iterative Proportional Fitting (IPF)...
IPF converged at iteration 83
IPF row error: 27.094485, col error: 0.000000
Starting Iterative Proportional Fitting (IPF)...
IPF converged at iteration 49
IPF row error: 25.738173, col error: 0.000000
Starting Iterative Proportional Fitting (IPF)...
IPF converged at iteration 80
IPF row error: 27.537980, col error: 0.000000
Starting Iterative Proportional Fitting (IPF)...
IPF converged at iteration 80
IPF row error: 28.252700, col error: 0.000000
Starting Iterative Proportional Fitting (IPF)...
IPF converged at iteration 79
IPF row error: 29.144464, col error: 0.000000
Starting Iterative Proportional Fitting (IPF)...
IPF converged at iteration 26
IPF row error: 22.381262, col error: 0.000000
IPF converged at iteration 92
IPF row error: 27.460218, col error: 0.000000
Starting Iterative Proportional Fitting (IPF)...
Starting Iterative Proportional Fitting (IPF)...
IPF converged at iteration 83
IPF row error: 27.178301, col error: 0.000000
Starting Iterative Proportional Fitting (IPF)...
IPF converged at iteration 80
IPF row error: 26.786836, col error: 0.000000
Starting Iterative Proportional Fitting (IPF)...
IPF converged at iteration 62
IPF row error: 29.118755, col error: 0.000000
Starting Iterative Proportional Fitting (IPF)...
IPF converged at iteration 72
IPF row error: 27.799409, col error: 0.000000
Starting Iterative Proportional Fitting (IPF)...
IPF converged at iteration 58
IPF row error: 29.161552, col error: 0.000000
Starting Iterative Proportional Fitting (IPF)...
IPF converged at iteration 79
IPF row error: 29.184754, col error: 0.000000
Starting Iterative Proportional Fitting (IPF)...
IPF converged at iteration 26
IPF row error: 25.537054, col error: 0.000000
Starting Iterative Proportional Fitting (IPF)...
IPF converged at iteration 53
IPF converged at iteration 31
IPF row error: 26.846167, col error: 0.000000
IPF row error: 22.844681, col error: 0.000000
Starting Iterative Proportional Fitting (IPF)...
Starting Iterative Proportional Fitting (IPF)...
IPF converged at iteration 26
IPF row error: 21.898384, col error: 0.000000
Starting Iterative Proportional Fitting (IPF)...
IPF converged at iteration 31
IPF row error: 29.058294, col error: 0.000000
  [2023/test] 진행 1440/1750 (82.3%) | 누적 CPC 0.2685 | RMSE 1603.3305 | %RMSE 28.8645 | 경과 32.5분 | 예상 남음 7.0분
Starting Iterative Proportional Fitting (IPF)...
IPF converged at iteration 25
IPF row error: 21.513063, col error: 0.000000
IPF converged at iteration 92
IPF row error: 27.742770, col error: 0.000000
Starting Iterative Proportional Fitting (IPF)...
Starting Iterative Proportional Fitting (IPF)...
IPF converged at iteration 91
IPF converged at iteration 26
IPF row error: 29.166502, col error: 0.000000
IPF row error: 28.736611, col error: 0.000000
IPF converged at iteration 27
Starting Iterative Proportional Fitting (IPF)...
Starting Iterative Proportional Fitting (IPF)...
IPF row error: 22.461831, col error: 0.000000
Starting Iterative Proportional Fitting (IPF)...
IPF converged at iteration 92
IPF row error: 27.568126, col error: 0.000000
Starting Iterative Proportional Fitting (IPF)...
IPF converged at iteration 27
IPF row error: 25.479241, col error: 0.000000
IPF converged at iteration 34
IPF row error: 24.386160, col error: 0.000000
Starting Iterative Proportional Fitting (IPF)...
Starting Iterative Proportional Fitting (IPF)...
IPF converged at iteration 41
IPF row error: 24.278618, col error: 0.000000
Starting Iterative Proportional Fitting (IPF)...
IPF converged at iteration 37
IPF row error: 25.044191, col error: 0.000000
Starting Iterative Proportional Fitting (IPF)...
IPF converged at iteration 80
IPF row error: 28.562133, col error: 0.000000
Starting Iterative Proportional Fitting (IPF)...
IPF converged at iteration 79
IPF row error: 26.916936, col error: 0.000000
Starting Iterative Proportional Fitting (IPF)...
IPF converged at iteration 52
IPF row error: 26.791657, col error: 0.000000
IPF converged at iteration 35
IPF row error: 24.617652, col error: 0.000000
Starting Iterative Proportional Fitting (IPF)...
Starting Iterative Proportional Fitting (IPF)...
IPF converged at iteration 91
IPF row error: 26.918316, col error: 0.000000
Starting Iterative Proportional Fitting (IPF)...
IPF converged at iteration 26
IPF row error: 28.702994, col error: 0.000000
IPF converged at iteration 38
IPF row error: 25.471254, col error: 0.000000
Starting Iterative Proportional Fitting (IPF)...
Starting Iterative Proportional Fitting (IPF)...
IPF converged at iteration 28
IPF row error: 27.217230, col error: 0.000000
Starting Iterative Proportional Fitting (IPF)...
IPF converged at iteration 34
IPF row error: 23.410588, col error: 0.000000
Starting Iterative Proportional Fitting (IPF)...
IPF converged at iteration 80
IPF row error: 28.469124, col error: 0.000000
IPF converged at iteration 90
IPF row error: 28.227467, col error: 0.000000
IPF converged at iteration 27
IPF row error: 28.238968, col error: 0.000000
Starting Iterative Proportional Fitting (IPF)...
Starting Iterative Proportional Fitting (IPF)...
Starting Iterative Proportional Fitting (IPF)...
IPF converged at iteration 25
IPF row error: 21.695761, col error: 0.000000
Starting Iterative Proportional Fitting (IPF)...
IPF converged at iteration 30
IPF row error: 22.390741, col error: 0.000000
Starting Iterative Proportional Fitting (IPF)...
IPF converged at iteration 30
IPF row error: 24.905008, col error: 0.000000
Starting Iterative Proportional Fitting (IPF)...
IPF converged at iteration 79
IPF row error: 28.050759, col error: 0.000000
IPF converged at iteration 79
IPF row error: 28.089901, col error: 0.000000
Starting Iterative Proportional Fitting (IPF)...
Starting Iterative Proportional Fitting (IPF)...
IPF converged at iteration 91
IPF converged at iteration 28
IPF row error: 29.155881, col error: 0.000000
IPF row error: 23.288189, col error: 0.000000
Starting Iterative Proportional Fitting (IPF)...
Starting Iterative Proportional Fitting (IPF)...
IPF converged at iteration 28
IPF row error: 23.749735, col error: 0.000000
  [2023/test] 진행 1470/1750 (84.0%) | 누적 CPC 0.2670 | RMSE 1601.6012 | %RMSE 28.6202 | 경과 33.1분 | 예상 남음 6.3분
Starting Iterative Proportional Fitting (IPF)...
IPF converged at iteration 78
IPF row error: 29.185198, col error: 0.000000
IPF converged at iteration 80
Starting Iterative Proportional Fitting (IPF)...
IPF row error: 28.612226, col error: 0.000000
Starting Iterative Proportional Fitting (IPF)...
IPF converged at iteration 91
IPF row error: 29.155881, col error: 0.000000
IPF converged at iteration 28
IPF row error: 22.698642, col error: 0.000000
Starting Iterative Proportional Fitting (IPF)...
Starting Iterative Proportional Fitting (IPF)...
IPF converged at iteration 90
IPF row error: 27.830723, col error: 0.000000
Starting Iterative Proportional Fitting (IPF)...
IPF converged at iteration 78
IPF row error: 28.350441, col error: 0.000000
IPF converged at iteration 53
IPF row error: 27.084018, col error: 0.000000
Starting Iterative Proportional Fitting (IPF)...
Starting Iterative Proportional Fitting (IPF)...
IPF converged at iteration 79
IPF row error: 26.784464, col error: 0.000000
Starting Iterative Proportional Fitting (IPF)...
IPF converged at iteration 49
IPF row error: 26.644676, col error: 0.000000
IPF converged at iteration 78
Starting Iterative Proportional Fitting (IPF)...
IPF row error: 29.185599, col error: 0.000000
IPF converged at iteration 27
IPF row error: 28.796564, col error: 0.000000
Starting Iterative Proportional Fitting (IPF)...
Starting Iterative Proportional Fitting (IPF)...
IPF converged at iteration 27
IPF row error: 22.946253, col error: 0.000000
Starting Iterative Proportional Fitting (IPF)...
IPF converged at iteration 92
IPF row error: 27.371370, col error: 0.000000
Starting Iterative Proportional Fitting (IPF)...
IPF converged at iteration 42
IPF row error: 27.055190, col error: 0.000000
Starting Iterative Proportional Fitting (IPF)...
IPF converged at iteration 31
IPF row error: 23.424618, col error: 0.000000
IPF converged at iteration 26
IPF row error: 25.310455, col error: 0.000000
Starting Iterative Proportional Fitting (IPF)...
Starting Iterative Proportional Fitting (IPF)...
IPF converged at iteration 78
IPF row error: 28.192284, col error: 0.000000
Starting Iterative Proportional Fitting (IPF)...
IPF converged at iteration 38
IPF row error: 29.169550, col error: 0.000000
Starting Iterative Proportional Fitting (IPF)...
IPF converged at iteration 57
IPF row error: 26.154574, col error: 0.000000
Starting Iterative Proportional Fitting (IPF)...
IPF converged at iteration 91
IPF row error: 29.155881, col error: 0.000000
Starting Iterative Proportional Fitting (IPF)...
IPF converged at iteration 79
IPF row error: 27.564095, col error: 0.000000
Starting Iterative Proportional Fitting (IPF)...
IPF converged at iteration 81
IPF row error: 28.172666, col error: 0.000000
Starting Iterative Proportional Fitting (IPF)...
IPF converged at iteration 79
IPF row error: 26.607521, col error: 0.000000
Starting Iterative Proportional Fitting (IPF)...
IPF converged at iteration 27
IPF row error: 25.819854, col error: 0.000000
IPF converged at iteration 80
IPF row error: 28.469124, col error: 0.000000
Starting Iterative Proportional Fitting (IPF)...
Starting Iterative Proportional Fitting (IPF)...
IPF converged at iteration 81
IPF row error: 28.172666, col error: 0.000000
IPF converged at iteration 27
Starting Iterative Proportional Fitting (IPF)...
IPF row error: 25.252892, col error: 0.000000
IPF converged at iteration 34
IPF row error: 26.584616, col error: 0.000000
Starting Iterative Proportional Fitting (IPF)...
Starting Iterative Proportional Fitting (IPF)...
IPF converged at iteration 28
IPF row error: 27.025069, col error: 0.000000
Starting Iterative Proportional Fitting (IPF)...
IPF converged at iteration 79
IPF row error: 28.068313, col error: 0.000000
  [2023/test] 진행 1500/1750 (85.7%) | 누적 CPC 0.2649 | RMSE 1597.2203 | %RMSE 28.3730 | 경과 33.8분 | 예상 남음 5.6분
Starting Iterative Proportional Fitting (IPF)...
IPF converged at iteration 80
IPF row error: 28.067677, col error: 0.000000
IPF converged at iteration 90
IPF row error: 28.120064, col error: 0.000000
Starting Iterative Proportional Fitting (IPF)...
Starting Iterative Proportional Fitting (IPF)...
IPF converged at iteration 80
IPF row error: 28.124102, col error: 0.000000
IPF converged at iteration 26
IPF row error: 24.364916, col error: 0.000000
IPF converged at iteration 25
Starting Iterative Proportional Fitting (IPF)...
IPF converged at iteration 80
IPF row error: 23.878475, col error: 0.000000
IPF row error: 27.147732, col error: 0.000000
Starting Iterative Proportional Fitting (IPF)...
Starting Iterative Proportional Fitting (IPF)...
Starting Iterative Proportional Fitting (IPF)...
IPF converged at iteration 80
IPF row error: 28.124323, col error: 0.000000
IPF converged at iteration 80
IPF row error: 28.241983, col error: 0.000000
Starting Iterative Proportional Fitting (IPF)...
Starting Iterative Proportional Fitting (IPF)...
IPF converged at iteration 83
IPF row error: 29.181875, col error: 0.000000
Starting Iterative Proportional Fitting (IPF)...
IPF converged at iteration 93
IPF row error: 27.715618, col error: 0.000000
Starting Iterative Proportional Fitting (IPF)...
IPF converged at iteration 26
IPF row error: 27.705045, col error: 0.000000
Starting Iterative Proportional Fitting (IPF)...
IPF converged at iteration 49
IPF row error: 24.912585, col error: 0.000000
Starting Iterative Proportional Fitting (IPF)...
IPF converged at iteration 81
IPF row error: 27.216189, col error: 0.000000
Starting Iterative Proportional Fitting (IPF)...
IPF converged at iteration 80
IPF converged at iteration 93
IPF row error: 28.968090, col error: 0.000000
IPF row error: 27.017012, col error: 0.000000
Starting Iterative Proportional Fitting (IPF)...
Starting Iterative Proportional Fitting (IPF)...
IPF converged at iteration 25
IPF row error: 23.260234, col error: 0.000000
IPF converged at iteration 81
IPF row error: 27.680298, col error: 0.000000
Starting Iterative Proportional Fitting (IPF)...
Starting Iterative Proportional Fitting (IPF)...
IPF converged at iteration 31
IPF row error: 27.052336, col error: 0.000000
Starting Iterative Proportional Fitting (IPF)...
IPF converged at iteration 76
IPF row error: 28.409419, col error: 0.000000
IPF converged at iteration 25
Starting Iterative Proportional Fitting (IPF)...
IPF row error: 28.413757, col error: 0.000000
IPF converged at iteration 27
IPF row error: 27.169092, col error: 0.000000
Starting Iterative Proportional Fitting (IPF)...
Starting Iterative Proportional Fitting (IPF)...
IPF converged at iteration 27
IPF row error: 28.690834, col error: 0.000000
Starting Iterative Proportional Fitting (IPF)...
IPF converged at iteration 25
IPF row error: 23.259971, col error: 0.000000
Starting Iterative Proportional Fitting (IPF)...
IPF converged at iteration 34
IPF row error: 24.047872, col error: 0.000000
Starting Iterative Proportional Fitting (IPF)...
IPF converged at iteration 27
IPF row error: 21.887604, col error: 0.000000
IPF converged at iteration 83
Starting Iterative Proportional Fitting (IPF)...
IPF row error: 28.809797, col error: 0.000000
IPF converged at iteration 28
IPF row error: 24.817246, col error: 0.000000
Starting Iterative Proportional Fitting (IPF)...
Starting Iterative Proportional Fitting (IPF)...
IPF converged at iteration 25
IPF row error: 24.190631, col error: 0.000000
Starting Iterative Proportional Fitting (IPF)...
IPF converged at iteration 27
IPF converged at iteration 26IPF row error: 23.479729, col error: 0.000000

IPF row error: 21.710611, col error: 0.000000
  [2023/test] 진행 1530/1750 (87.4%) | 누적 CPC 0.2623 | RMSE 1595.8670 | %RMSE 28.3725 | 경과 34.4분 | 예상 남음 5.0분
Starting Iterative Proportional Fitting (IPF)...
Starting Iterative Proportional Fitting (IPF)...
IPF converged at iteration 29
IPF row error: 28.916208, col error: 0.000000
IPF converged at iteration 84
Starting Iterative Proportional Fitting (IPF)...
IPF row error: 27.623214, col error: 0.000000
IPF converged at iteration 28
IPF row error: 25.934754, col error: 0.000000
Starting Iterative Proportional Fitting (IPF)...
Starting Iterative Proportional Fitting (IPF)...
IPF converged at iteration 34
IPF row error: 26.799216, col error: 0.000000
Starting Iterative Proportional Fitting (IPF)...
IPF converged at iteration 25
IPF row error: 25.127121, col error: 0.000000
Starting Iterative Proportional Fitting (IPF)...
IPF converged at iteration 27
IPF row error: 22.628406, col error: 0.000000
Starting Iterative Proportional Fitting (IPF)...
IPF converged at iteration 27
IPF row error: 24.411905, col error: 0.000000
Starting Iterative Proportional Fitting (IPF)...
IPF converged at iteration 34
IPF row error: 28.461817, col error: 0.000000
IPF converged at iteration 74
IPF row error: 28.118576, col error: 0.000000
Starting Iterative Proportional Fitting (IPF)...
Starting Iterative Proportional Fitting (IPF)...
IPF converged at iteration 25
IPF row error: 28.076998, col error: 0.000000
Starting Iterative Proportional Fitting (IPF)...
IPF converged at iteration 93
IPF row error: 28.257303, col error: 0.000000
Starting Iterative Proportional Fitting (IPF)...
IPF converged at iteration 24
IPF row error: 27.523803, col error: 0.000000
IPF converged at iteration 38
IPF row error: 28.959729, col error: 0.000000
IPF converged at iteration 48
IPF row error: 26.349172, col error: 0.000000
Starting Iterative Proportional Fitting (IPF)...
Starting Iterative Proportional Fitting (IPF)...
Starting Iterative Proportional Fitting (IPF)...
IPF converged at iteration 58
IPF row error: 28.100149, col error: 0.000000
Starting Iterative Proportional Fitting (IPF)...
IPF converged at iteration 25
IPF row error: 26.278955, col error: 0.000000
Starting Iterative Proportional Fitting (IPF)...
IPF converged at iteration 80
IPF row error: 28.052116, col error: 0.000000
IPF converged at iteration 84
IPF row error: 28.011689, col error: 0.000000
Starting Iterative Proportional Fitting (IPF)...
Starting Iterative Proportional Fitting (IPF)...
IPF converged at iteration 93
IPF row error: 28.257303, col error: 0.000000
Starting Iterative Proportional Fitting (IPF)...
IPF converged at iteration 72
IPF row error: 26.583544, col error: 0.000000
Starting Iterative Proportional Fitting (IPF)...
IPF converged at iteration 65
IPF row error: 27.239402, col error: 0.000000
Starting Iterative Proportional Fitting (IPF)...
IPF converged at iteration 80
IPF row error: 27.436084, col error: 0.000000
IPF converged at iteration 92
IPF row error: 28.021140, col error: 0.000000
Starting Iterative Proportional Fitting (IPF)...
Starting Iterative Proportional Fitting (IPF)...
IPF converged at iteration 74
IPF row error: 26.476925, col error: 0.000000
Starting Iterative Proportional Fitting (IPF)...
IPF converged at iteration 80
IPF converged at iteration 49
IPF row error: 28.943243, col error: 0.000000
IPF row error: 26.316082, col error: 0.000000
Starting Iterative Proportional Fitting (IPF)...
Starting Iterative Proportional Fitting (IPF)...
IPF converged at iteration 82
IPF row error: 28.075004, col error: 0.000000
Starting Iterative Proportional Fitting (IPF)...
IPF converged at iteration 37
IPF row error: 29.057770, col error: 0.000000
IPF converged at iteration 80
IPF row error: 28.085778, col error: 0.000000
Starting Iterative Proportional Fitting (IPF)...
Starting Iterative Proportional Fitting (IPF)...
IPF converged at iteration 32
IPF row error: 28.382901, col error: 0.000000
  [2023/test] 진행 1560/1750 (89.1%) | 누적 CPC 0.2599 | RMSE 1594.2978 | %RMSE 28.4512 | 경과 35.1분 | 예상 남음 4.3분
Starting Iterative Proportional Fitting (IPF)...
IPF converged at iteration 82
IPF row error: 27.787099, col error: 0.000000
Starting Iterative Proportional Fitting (IPF)...
IPF converged at iteration 80
IPF row error: 28.961182, col error: 0.000000
IPF converged at iteration 82
IPF row error: 28.075004, col error: 0.000000
Starting Iterative Proportional Fitting (IPF)...
Starting Iterative Proportional Fitting (IPF)...
IPF converged at iteration 70
IPF row error: 28.246263, col error: 0.000000
Starting Iterative Proportional Fitting (IPF)...
IPF converged at iteration 27
IPF row error: 22.892079, col error: 0.000000
Starting Iterative Proportional Fitting (IPF)...
IPF converged at iteration 32
IPF row error: 26.673101, col error: 0.000000
Starting Iterative Proportional Fitting (IPF)...
IPF converged at iteration 92
IPF row error: 27.080959, col error: 0.000000
Starting Iterative Proportional Fitting (IPF)...
IPF converged at iteration 33
IPF row error: 25.263530, col error: 0.000000
Starting Iterative Proportional Fitting (IPF)...
IPF converged at iteration 91
IPF row error: 28.572837, col error: 0.000000
Starting Iterative Proportional Fitting (IPF)...
IPF converged at iteration 42
IPF row error: 27.793961, col error: 0.000000
Starting Iterative Proportional Fitting (IPF)...
IPF converged at iteration 80
IPF row error: 28.519086, col error: 0.000000
Starting Iterative Proportional Fitting (IPF)...
IPF converged at iteration 80
IPF row error: 27.233941, col error: 0.000000
Starting Iterative Proportional Fitting (IPF)...
IPF converged at iteration 91
IPF row error: 28.572837, col error: 0.000000
IPF converged at iteration 82
IPF row error: 27.824311, col error: 0.000000
Starting Iterative Proportional Fitting (IPF)...
IPF converged at iteration 91
IPF row error: 28.572837, col error: 0.000000
Starting Iterative Proportional Fitting (IPF)...
Starting Iterative Proportional Fitting (IPF)...
IPF converged at iteration 80
IPF row error: 28.519366, col error: 0.000000
Starting Iterative Proportional Fitting (IPF)...
IPF converged at iteration 25
IPF row error: 23.185742, col error: 0.000000
Starting Iterative Proportional Fitting (IPF)...
IPF converged at iteration 80
IPF row error: 28.519366, col error: 0.000000
IPF converged at iteration 80
Starting Iterative Proportional Fitting (IPF)...
IPF row error: 28.342465, col error: 0.000000
Starting Iterative Proportional Fitting (IPF)...
IPF converged at iteration 73
IPF row error: 26.565002, col error: 0.000000
Starting Iterative Proportional Fitting (IPF)...
IPF converged at iteration 27
IPF row error: 21.922113, col error: 0.000000
Starting Iterative Proportional Fitting (IPF)...
IPF converged at iteration 91
IPF row error: 29.023295, col error: 0.000000
Starting Iterative Proportional Fitting (IPF)...
IPF converged at iteration 26
IPF row error: 24.837167, col error: 0.000000
Starting Iterative Proportional Fitting (IPF)...
IPF converged at iteration 91
IPF row error: 28.872757, col error: 0.000000
Starting Iterative Proportional Fitting (IPF)...
IPF converged at iteration 92
IPF row error: 27.080959, col error: 0.000000
Starting Iterative Proportional Fitting (IPF)...
IPF converged at iteration 82
IPF row error: 27.787099, col error: 0.000000
Starting Iterative Proportional Fitting (IPF)...
IPF converged at iteration 26
IPF row error: 25.803895, col error: 0.000000
Starting Iterative Proportional Fitting (IPF)...
IPF converged at iteration 27
IPF row error: 24.941482, col error: 0.000000
Starting Iterative Proportional Fitting (IPF)...
IPF converged at iteration 25
IPF row error: 23.137426, col error: 0.000000
Starting Iterative Proportional Fitting (IPF)...
IPF converged at iteration 80
IPF row error: 27.938785, col error: 0.000000
  [2023/test] 진행 1590/1750 (90.9%) | 누적 CPC 0.2572 | RMSE 1580.0705 | %RMSE 28.4094 | 경과 35.9분 | 예상 남음 3.6분
Starting Iterative Proportional Fitting (IPF)...
IPF converged at iteration 47
IPF row error: 28.781505, col error: 0.000000
Starting Iterative Proportional Fitting (IPF)...
IPF converged at iteration 92
IPF row error: 27.849354, col error: 0.000000
Starting Iterative Proportional Fitting (IPF)...
IPF converged at iteration 80
IPF row error: 27.703057, col error: 0.000000
Starting Iterative Proportional Fitting (IPF)...
IPF converged at iteration 80
IPF row error: 27.395585, col error: 0.000000
Starting Iterative Proportional Fitting (IPF)...
IPF converged at iteration 26
IPF row error: 28.207321, col error: 0.000000
Starting Iterative Proportional Fitting (IPF)...
IPF converged at iteration 82
IPF row error: 28.096337, col error: 0.000000
Starting Iterative Proportional Fitting (IPF)...
IPF converged at iteration 80
IPF row error: 28.082561, col error: 0.000000
IPF converged at iteration 91
IPF row error: 28.872757, col error: 0.000000
Starting Iterative Proportional Fitting (IPF)...
Starting Iterative Proportional Fitting (IPF)...
IPF converged at iteration 80
IPF row error: 28.519366, col error: 0.000000
Starting Iterative Proportional Fitting (IPF)...
IPF converged at iteration 24
IPF row error: 28.367459, col error: 0.000000
Starting Iterative Proportional Fitting (IPF)...
IPF converged at iteration 80
IPF row error: 28.942962, col error: 0.000000
Starting Iterative Proportional Fitting (IPF)...
IPF converged at iteration 39
IPF row error: 26.433845, col error: 0.000000
Starting Iterative Proportional Fitting (IPF)...
IPF converged at iteration 32
IPF row error: 23.807221, col error: 0.000000
Starting Iterative Proportional Fitting (IPF)...
IPF converged at iteration 81
IPF row error: 28.581122, col error: 0.000000
Starting Iterative Proportional Fitting (IPF)...
IPF converged at iteration 27
IPF row error: 27.794549, col error: 0.000000
Starting Iterative Proportional Fitting (IPF)...
IPF converged at iteration 82
IPF row error: 28.282581, col error: 0.000000
Starting Iterative Proportional Fitting (IPF)...
IPF converged at iteration 84
IPF row error: 29.219667, col error: 0.000000
Starting Iterative Proportional Fitting (IPF)...
IPF converged at iteration 36
IPF row error: 24.377512, col error: 0.000000
Starting Iterative Proportional Fitting (IPF)...
IPF converged at iteration 80
IPF row error: 28.828568, col error: 0.000000
IPF converged at iteration 94
IPF row error: 27.002167, col error: 0.000000
Starting Iterative Proportional Fitting (IPF)...
Starting Iterative Proportional Fitting (IPF)...
IPF converged at iteration 27
IPF row error: 26.334368, col error: 0.000000
Starting Iterative Proportional Fitting (IPF)...
IPF converged at iteration 31
IPF row error: 23.806283, col error: 0.000000
Starting Iterative Proportional Fitting (IPF)...
IPF converged at iteration 79
IPF row error: 28.814406, col error: 0.000000
Starting Iterative Proportional Fitting (IPF)...
IPF converged at iteration 27
IPF row error: 21.776723, col error: 0.000000
Starting Iterative Proportional Fitting (IPF)...
IPF converged at iteration 80
IPF row error: 26.576572, col error: 0.000000
Starting Iterative Proportional Fitting (IPF)...
IPF converged at iteration 80
IPF row error: 26.712610, col error: 0.000000
Starting Iterative Proportional Fitting (IPF)...
IPF converged at iteration 80
IPF row error: 28.863303, col error: 0.000000
IPF converged at iteration 29
IPF row error: 30.923212, col error: 0.000000
Starting Iterative Proportional Fitting (IPF)...
Starting Iterative Proportional Fitting (IPF)...
IPF converged at iteration 28
IPF row error: 22.467733, col error: 0.000000
Starting Iterative Proportional Fitting (IPF)...
IPF converged at iteration 80
IPF row error: 28.737575, col error: 0.000000
  [2023/test] 진행 1620/1750 (92.6%) | 누적 CPC 0.2555 | RMSE 1576.6534 | %RMSE 28.4434 | 경과 36.6분 | 예상 남음 2.9분
IPF converged at iteration 39
IPF row error: 26.456477, col error: 0.000000
Starting Iterative Proportional Fitting (IPF)...
Starting Iterative Proportional Fitting (IPF)...
IPF converged at iteration 80
IPF row error: 28.251739, col error: 0.000000
Starting Iterative Proportional Fitting (IPF)...
IPF converged at iteration 82
IPF row error: 27.736002, col error: 0.000000
Starting Iterative Proportional Fitting (IPF)...
IPF converged at iteration 81
IPF row error: 29.175916, col error: 0.000000
Starting Iterative Proportional Fitting (IPF)...
IPF converged at iteration 91
IPF row error: 29.157804, col error: 0.000000
Starting Iterative Proportional Fitting (IPF)...
IPF converged at iteration 25
IPF row error: 28.082298, col error: 0.000000
Starting Iterative Proportional Fitting (IPF)...
IPF converged at iteration 80
IPF row error: 26.636169, col error: 0.000000
Starting Iterative Proportional Fitting (IPF)...
IPF converged at iteration 36
IPF row error: 23.747605, col error: 0.000000
Starting Iterative Proportional Fitting (IPF)...
IPF converged at iteration 81
IPF row error: 26.718988, col error: 0.000000
Starting Iterative Proportional Fitting (IPF)...
IPF converged at iteration 40
IPF row error: 28.953591, col error: 0.000000
Starting Iterative Proportional Fitting (IPF)...
IPF converged at iteration 80
IPF row error: 28.726509, col error: 0.000000
Starting Iterative Proportional Fitting (IPF)...
IPF converged at iteration 91
IPF row error: 29.104873, col error: 0.000000
Starting Iterative Proportional Fitting (IPF)...
IPF converged at iteration 94
IPF row error: 28.082747, col error: 0.000000
Starting Iterative Proportional Fitting (IPF)...
IPF converged at iteration 71
IPF row error: 26.707067, col error: 0.000000
Starting Iterative Proportional Fitting (IPF)...
IPF converged at iteration 94
IPF row error: 27.723452, col error: 0.000000
Starting Iterative Proportional Fitting (IPF)...
IPF converged at iteration 27
IPF row error: 27.998383, col error: 0.000000
Starting Iterative Proportional Fitting (IPF)...
IPF converged at iteration 80
IPF row error: 28.968713, col error: 0.000000
Starting Iterative Proportional Fitting (IPF)...
IPF converged at iteration 94
IPF row error: 27.449383, col error: 0.000000
Starting Iterative Proportional Fitting (IPF)...
IPF converged at iteration 44
IPF row error: 26.905562, col error: 0.000000
Starting Iterative Proportional Fitting (IPF)...
IPF converged at iteration 90
IPF row error: 28.456655, col error: 0.000000
Starting Iterative Proportional Fitting (IPF)...
IPF converged at iteration 81
IPF row error: 26.922179, col error: 0.000000
Starting Iterative Proportional Fitting (IPF)...
IPF converged at iteration 25
IPF row error: 25.273163, col error: 0.000000
IPF converged at iteration 82
IPF row error: 27.282040, col error: 0.000000
Starting Iterative Proportional Fitting (IPF)...
Starting Iterative Proportional Fitting (IPF)...
IPF converged at iteration 63
IPF row error: 27.992897, col error: 0.000000
Starting Iterative Proportional Fitting (IPF)...
IPF converged at iteration 26
IPF row error: 21.776820, col error: 0.000000
Starting Iterative Proportional Fitting (IPF)...
IPF converged at iteration 28
IPF row error: 23.870127, col error: 0.000000
Starting Iterative Proportional Fitting (IPF)...
IPF converged at iteration 25
IPF row error: 23.388255, col error: 0.000000
Starting Iterative Proportional Fitting (IPF)...
IPF converged at iteration 80
IPF row error: 28.113258, col error: 0.000000
Starting Iterative Proportional Fitting (IPF)...
IPF converged at iteration 71
IPF row error: 28.992137, col error: 0.000000
IPF converged at iteration 82
Starting Iterative Proportional Fitting (IPF)...
IPF row error: 26.815593, col error: 0.000000
  [2023/test] 진행 1650/1750 (94.3%) | 누적 CPC 0.2543 | RMSE 1579.9114 | %RMSE 28.5417 | 경과 37.3분 | 예상 남음 2.3분
Starting Iterative Proportional Fitting (IPF)...
IPF converged at iteration 38
IPF row error: 24.952769, col error: 0.000000
Starting Iterative Proportional Fitting (IPF)...
IPF converged at iteration 70
IPF row error: 26.853726, col error: 0.000000
Starting Iterative Proportional Fitting (IPF)...
IPF converged at iteration 91
IPF row error: 28.119463, col error: 0.000000
Starting Iterative Proportional Fitting (IPF)...
IPF converged at iteration 78
IPF row error: 28.598874, col error: 0.000000
IPF converged at iteration 77
Starting Iterative Proportional Fitting (IPF)...
IPF row error: 28.638416, col error: 0.000000
Starting Iterative Proportional Fitting (IPF)...
IPF converged at iteration 44
IPF row error: 28.406358, col error: 0.000000
Starting Iterative Proportional Fitting (IPF)...
IPF converged at iteration 77
IPF row error: 28.730161, col error: 0.000000
Starting Iterative Proportional Fitting (IPF)...
IPF converged at iteration 91
IPF row error: 28.119463, col error: 0.000000
Starting Iterative Proportional Fitting (IPF)...
IPF converged at iteration 78
IPF row error: 28.620435, col error: 0.000000
Starting Iterative Proportional Fitting (IPF)...
IPF converged at iteration 26
IPF row error: 21.985984, col error: 0.000000
IPF converged at iteration 32
IPF row error: 23.823867, col error: 0.000000
Starting Iterative Proportional Fitting (IPF)...
IPF converged at iteration 26
Starting Iterative Proportional Fitting (IPF)...
IPF row error: 22.228668, col error: 0.000000
Starting Iterative Proportional Fitting (IPF)...
IPF converged at iteration 77
IPF row error: 28.854689, col error: 0.000000
Starting Iterative Proportional Fitting (IPF)...
IPF converged at iteration 26
IPF row error: 26.574761, col error: 0.000000
Starting Iterative Proportional Fitting (IPF)...
IPF converged at iteration 49
IPF row error: 25.519092, col error: 0.000000
Starting Iterative Proportional Fitting (IPF)...
IPF converged at iteration 70
IPF row error: 29.088270, col error: 0.000000
Starting Iterative Proportional Fitting (IPF)...
IPF converged at iteration 35
IPF converged at iteration 77
IPF row error: 29.205174, col error: 0.000000
IPF row error: 28.665756, col error: 0.000000
Starting Iterative Proportional Fitting (IPF)...
Starting Iterative Proportional Fitting (IPF)...
IPF converged at iteration 26
IPF row error: 28.609280, col error: 0.000000
Starting Iterative Proportional Fitting (IPF)...
IPF converged at iteration 30
IPF row error: 23.572335, col error: 0.000000
Starting Iterative Proportional Fitting (IPF)...
IPF converged at iteration 26
IPF row error: 26.022301, col error: 0.000000
Starting Iterative Proportional Fitting (IPF)...
IPF converged at iteration 90
IPF row error: 27.542734, col error: 0.000000
Starting Iterative Proportional Fitting (IPF)...
IPF converged at iteration 37
IPF row error: 27.417853, col error: 0.000000
Starting Iterative Proportional Fitting (IPF)...
IPF converged at iteration 27
IPF converged at iteration 77
IPF row error: 23.320905, col error: 0.000000
IPF row error: 28.638557, col error: 0.000000
Starting Iterative Proportional Fitting (IPF)...
Starting Iterative Proportional Fitting (IPF)...
IPF converged at iteration 27
IPF row error: 26.724058, col error: 0.000000
Starting Iterative Proportional Fitting (IPF)...
IPF converged at iteration 27
IPF row error: 22.478542, col error: 0.000000
Starting Iterative Proportional Fitting (IPF)...
IPF converged at iteration 25
IPF row error: 27.944162, col error: 0.000000
Starting Iterative Proportional Fitting (IPF)...
IPF converged at iteration 28
IPF row error: 28.966500, col error: 0.000000
IPF converged at iteration 69
IPF row error: 26.654347, col error: 0.000000
  [2023/test] 진행 1680/1750 (96.0%) | 누적 CPC 0.2529 | RMSE 1578.6728 | %RMSE 28.4173 | 경과 37.9분 | 예상 남음 1.6분
Starting Iterative Proportional Fitting (IPF)...
Starting Iterative Proportional Fitting (IPF)...
IPF converged at iteration 81
IPF row error: 26.795452, col error: 0.000000
Starting Iterative Proportional Fitting (IPF)...
IPF converged at iteration 26
IPF row error: 27.717031, col error: 0.000000
Starting Iterative Proportional Fitting (IPF)...
IPF converged at iteration 90
IPF row error: 27.542734, col error: 0.000000
Starting Iterative Proportional Fitting (IPF)...
IPF converged at iteration 69
IPF row error: 26.654991, col error: 0.000000
IPF converged at iteration 38
IPF row error: 25.144276, col error: 0.000000
Starting Iterative Proportional Fitting (IPF)...
Starting Iterative Proportional Fitting (IPF)...
IPF converged at iteration 78
IPF row error: 28.531814, col error: 0.000000
Starting Iterative Proportional Fitting (IPF)...
IPF converged at iteration 45
IPF row error: 25.730232, col error: 0.000000
Starting Iterative Proportional Fitting (IPF)...
IPF converged at iteration 26
IPF row error: 25.985804, col error: 0.000000
Starting Iterative Proportional Fitting (IPF)...
IPF converged at iteration 28
IPF row error: 21.895421, col error: 0.000000
Starting Iterative Proportional Fitting (IPF)...
IPF converged at iteration 78
IPF row error: 28.598874, col error: 0.000000
IPF converged at iteration 78
IPF row error: 28.583134, col error: 0.000000
Starting Iterative Proportional Fitting (IPF)...
Starting Iterative Proportional Fitting (IPF)...
IPF converged at iteration 28
IPF row error: 28.602343, col error: 0.000000
Starting Iterative Proportional Fitting (IPF)...
IPF converged at iteration 78
IPF row error: 28.416559, col error: 0.000000
Starting Iterative Proportional Fitting (IPF)...
IPF converged at iteration 78
IPF row error: 28.466858, col error: 0.000000
IPF converged at iteration 27
IPF row error: 21.669440, col error: 0.000000
Starting Iterative Proportional Fitting (IPF)...
Starting Iterative Proportional Fitting (IPF)...
IPF converged at iteration 26
IPF row error: 25.032921, col error: 0.000000
IPF converged at iteration 90
Starting Iterative Proportional Fitting (IPF)...
IPF row error: 27.542734, col error: 0.000000
Starting Iterative Proportional Fitting (IPF)...
IPF converged at iteration 35
IPF row error: 27.002351, col error: 0.000000
Starting Iterative Proportional Fitting (IPF)...
IPF converged at iteration 71
IPF row error: 26.590923, col error: 0.000000
IPF converged at iteration 27
IPF row error: 21.637435, col error: 0.000000
Starting Iterative Proportional Fitting (IPF)...
Starting Iterative Proportional Fitting (IPF)...
IPF converged at iteration 78
IPF row error: 27.027550, col error: 0.000000
Starting Iterative Proportional Fitting (IPF)...
IPF converged at iteration 91
IPF row error: 27.531236, col error: 0.000000
Starting Iterative Proportional Fitting (IPF)...
IPF converged at iteration 79
IPF row error: 28.994867, col error: 0.000000
IPF converged at iteration 25
IPF row error: 23.281944, col error: 0.000000
Starting Iterative Proportional Fitting (IPF)...
Starting Iterative Proportional Fitting (IPF)...
IPF converged at iteration 91
IPF row error: 27.413824, col error: 0.000000
Starting Iterative Proportional Fitting (IPF)...
IPF converged at iteration 35
IPF row error: 23.699292, col error: 0.000000
Starting Iterative Proportional Fitting (IPF)...
IPF converged at iteration 50
IPF row error: 25.627802, col error: 0.000000
Starting Iterative Proportional Fitting (IPF)...
IPF converged at iteration 79
IPF converged at iteration 78
IPF row error: 27.858766, col error: 0.000000
IPF row error: 27.314711, col error: 0.000000
Starting Iterative Proportional Fitting (IPF)...
Starting Iterative Proportional Fitting (IPF)...
IPF converged at iteration 25
IPF converged at iteration 79
IPF row error: 24.196741, col error: 0.000000
  [2023/test] 진행 1710/1750 (97.7%) | 누적 CPC 0.2520 | RMSE 1587.0696 | %RMSE 28.3449 | 경과 38.6분 | 예상 남음 0.9분
IPF row error: 28.886559, col error: 0.000000
Starting Iterative Proportional Fitting (IPF)...
Starting Iterative Proportional Fitting (IPF)...
IPF converged at iteration 24
IPF row error: 27.456059, col error: 0.000000
Starting Iterative Proportional Fitting (IPF)...
IPF converged at iteration 79
IPF row error: 27.224795, col error: 0.000000
Starting Iterative Proportional Fitting (IPF)...
IPF converged at iteration 58
IPF row error: 27.752137, col error: 0.000000
IPF converged at iteration 91
Starting Iterative Proportional Fitting (IPF)...
IPF row error: 28.602292, col error: 0.000000
Starting Iterative Proportional Fitting (IPF)...
IPF converged at iteration 40
IPF row error: 26.573865, col error: 0.000000
IPF converged at iteration 79
IPF row error: 28.430455, col error: 0.000000
Starting Iterative Proportional Fitting (IPF)...
Starting Iterative Proportional Fitting (IPF)...
IPF converged at iteration 90
IPF row error: 29.196699, col error: 0.000000
Starting Iterative Proportional Fitting (IPF)...
IPF converged at iteration 27
IPF row error: 25.206190, col error: 0.000000
IPF converged at iteration 79
IPF row error: 27.671356, col error: 0.000000
Starting Iterative Proportional Fitting (IPF)...
Starting Iterative Proportional Fitting (IPF)...
IPF converged at iteration 44
IPF row error: 28.219149, col error: 0.000000
Starting Iterative Proportional Fitting (IPF)...
IPF converged at iteration 42
IPF row error: 25.066811, col error: 0.000000IPF converged at iteration 25

IPF row error: 29.007142, col error: 0.000000
Starting Iterative Proportional Fitting (IPF)...
Starting Iterative Proportional Fitting (IPF)...
IPF converged at iteration 27
IPF row error: 23.729512, col error: 0.000000
Starting Iterative Proportional Fitting (IPF)...
IPF converged at iteration 37
IPF row error: 28.328974, col error: 0.000000
IPF converged at iteration 70
IPF row error: 27.170246, col error: 0.000000
Starting Iterative Proportional Fitting (IPF)...
Starting Iterative Proportional Fitting (IPF)...
IPF converged at iteration 29
IPF row error: 24.098141, col error: 0.000000
Starting Iterative Proportional Fitting (IPF)...
IPF converged at iteration 27
IPF row error: 28.210115, col error: 0.000000
Starting Iterative Proportional Fitting (IPF)...
IPF converged at iteration 79
IPF row error: 28.207070, col error: 0.000000
Starting Iterative Proportional Fitting (IPF)...
IPF converged at iteration 26
IPF row error: 22.435267, col error: 0.000000
Starting Iterative Proportional Fitting (IPF)...
IPF converged at iteration 78
IPF converged at iteration 49
IPF row error: 28.018029, col error: 0.000000
IPF row error: 26.226527, col error: 0.000000
Starting Iterative Proportional Fitting (IPF)...Starting Iterative Proportional Fitting (IPF)...

IPF converged at iteration 78
IPF row error: 28.180920, col error: 0.000000
Starting Iterative Proportional Fitting (IPF)...
IPF converged at iteration 26
IPF row error: 22.829575, col error: 0.000000
Starting Iterative Proportional Fitting (IPF)...
IPF converged at iteration 27
IPF row error: 25.225216, col error: 0.000000
Starting Iterative Proportional Fitting (IPF)...
IPF converged at iteration 77
IPF row error: 29.044332, col error: 0.000000
Starting Iterative Proportional Fitting (IPF)...
IPF converged at iteration 80
IPF row error: 26.572923, col error: 0.000000
IPF converged at iteration 79
Starting Iterative Proportional Fitting (IPF)...
IPF row error: 29.113193, col error: 0.000000
Starting Iterative Proportional Fitting (IPF)...
IPF converged at iteration 71
IPF row error: 28.031685, col error: 0.000000
IPF converged at iteration 37
IPF row error: 27.231384, col error: 0.000000
  [2023/test] 진행 1740/1750 (99.4%) | 누적 CPC 0.2522 | RMSE 1610.6035 | %RMSE 28.2907 | 경과 39.2분 | 예상 남음 0.2분
Starting Iterative Proportional Fitting (IPF)...
Starting Iterative Proportional Fitting (IPF)...
IPF converged at iteration 29
IPF row error: 23.093436, col error: 0.000000
Starting Iterative Proportional Fitting (IPF)...
IPF converged at iteration 79
IPF row error: 28.258604, col error: 0.000000
Starting Iterative Proportional Fitting (IPF)...
IPF converged at iteration 78
IPF row error: 27.468256, col error: 0.000000
Starting Iterative Proportional Fitting (IPF)...
IPF converged at iteration 27
IPF row error: 29.076712, col error: 0.000000
Starting Iterative Proportional Fitting (IPF)...
IPF converged at iteration 27
IPF converged at iteration 72
IPF row error: 28.190452, col error: 0.000000
IPF row error: 26.918593, col error: 0.000000
Starting Iterative Proportional Fitting (IPF)...
Starting Iterative Proportional Fitting (IPF)...
IPF converged at iteration 28
IPF row error: 27.801921, col error: 0.000000
IPF converged at iteration 79
IPF row error: 28.207001, col error: 0.000000
IPF converged at iteration 79
IPF row error: 28.073233, col error: 0.000000
IPF converged at iteration 78
IPF row error: 27.268895, col error: 0.000000
  [2023/test] 진행 1750/1750 (100.0%) | 누적 CPC 0.2520 | RMSE 1618.3526 | %RMSE 28.2670 | 경과 39.4분 | 예상 남음 0.0분
  [2023/test] 완료: 1750/1750
1. 절대 모델의 구조와 하이퍼파라미터를 test가 좋아지는 방향으로 하지 말 것. -> val이 좋아지는 방향으로 조정
2. 모델의 성능이 좋아지는 게 목적이 아니라 기존 방식을 잘 재현하는게 목적이야.

===연도별===

=== task별 종합 성능 (모든 도시) ===
[year=2023, split=test, task=0] (n=350) CPC=0.3505±0.0787  RMSE=1557.1423±446.2433  %RMSE=35.9643±18.4560
[year=2023, split=test, task=1] (n=350) CPC=0.3576±0.0879  RMSE=1637.2055±407.4994  %RMSE=36.9992±17.6587
[year=2023, split=test, task=2] (n=350) CPC=0.1697±0.0602  RMSE=1737.4373±731.1517  %RMSE=26.3682±12.3262
[year=2023, split=test, task=3] (n=350) CPC=0.2050±0.0510  RMSE=1462.8206±570.7734  %RMSE=17.5497±6.6504
[year=2023, split=test, task=4] (n=350) CPC=0.1774±0.0634  RMSE=1697.1572±729.4858  %RMSE=24.4539±11.5593

=== task/도시별 성능 ===
[year=2023, split=test, task=0, city=감일동] (n=50) CPC=0.2207±0.0000  RMSE=1736.6279±0.0000  %RMSE=60.4806±0.0000
[year=2023, split=test, task=0, city=다산] (n=50) CPC=0.4546±0.0000  RMSE=948.1836±0.0000  %RMSE=13.5604±0.0000
[year=2023, split=test, task=0, city=랜덤1] (n=50) CPC=0.3058±0.0000  RMSE=1967.3245±0.0000  %RMSE=49.9101±0.0000
[year=2023, split=test, task=0, city=랜덤2] (n=50) CPC=0.3342±0.0000  RMSE=2059.4320±0.0000  %RMSE=40.5326±0.0000
[year=2023, split=test, task=0, city=랜덤3] (n=50) CPC=0.4332±0.0000  RMSE=1003.4149±0.0000  %RMSE=13.1631±0.0000
[year=2023, split=test, task=0, city=미사] (n=50) CPC=0.4099±0.0000  RMSE=1231.1022±0.0000  %RMSE=20.5629±0.0000
[year=2023, split=test, task=0, city=배곧] (n=50) CPC=0.2951±0.0000  RMSE=1953.9110±0.0000  %RMSE=53.5405±0.0000
[year=2023, split=test, task=1, city=감일동] (n=50) CPC=0.2217±0.0020  RMSE=1772.6977±71.0016  %RMSE=61.2075±1.7583
[year=2023, split=test, task=1, city=다산] (n=50) CPC=0.4540±0.0042  RMSE=1004.5640±124.2390  %RMSE=14.2355±1.6261
[year=2023, split=test, task=1, city=랜덤1] (n=50) CPC=0.3055±0.0020  RMSE=1975.5774±19.1767  %RMSE=49.9092±0.1660
[year=2023, split=test, task=1, city=랜덤2] (n=50) CPC=0.3348±0.0014  RMSE=2070.2349±17.7180  %RMSE=40.5382±0.1540
[year=2023, split=test, task=1, city=랜덤3] (n=50) CPC=0.4800±0.0368  RMSE=1391.9453±342.2978  %RMSE=18.1589±4.3610
[year=2023, split=test, task=1, city=미사] (n=50) CPC=0.4115±0.0035  RMSE=1288.8536±139.6682  %RMSE=21.4426±2.2325
[year=2023, split=test, task=1, city=배곧] (n=50) CPC=0.2955±0.0012  RMSE=1956.5659±21.4735  %RMSE=53.5028±0.5253
[year=2023, split=test, task=2, city=감일동] (n=50) CPC=0.1288±0.0388  RMSE=956.5909±565.0159  %RMSE=30.4359±18.6956
[year=2023, split=test, task=2, city=다산] (n=50) CPC=0.1950±0.0539  RMSE=1767.4549±267.8079  %RMSE=16.9006±2.7605
[year=2023, split=test, task=2, city=랜덤1] (n=50) CPC=0.1767±0.0288  RMSE=1918.2540±166.5456  %RMSE=38.7969±4.3203
[year=2023, split=test, task=2, city=랜덤2] (n=50) CPC=0.1488±0.0353  RMSE=1533.7528±363.0147  %RMSE=23.0970±6.1051
[year=2023, split=test, task=2, city=랜덤3] (n=50) CPC=0.2491±0.0661  RMSE=3037.7093±580.6245  %RMSE=25.3802±3.4621
[year=2023, split=test, task=2, city=미사] (n=50) CPC=0.1548±0.0481  RMSE=1232.9028±175.5876  %RMSE=14.4040±3.2229
[year=2023, split=test, task=2, city=배곧] (n=50) CPC=0.1351±0.0409  RMSE=1715.3966±439.4209  %RMSE=35.5625±11.3173
[year=2023, split=test, task=3, city=감일동] (n=50) CPC=0.1636±0.0019  RMSE=377.9193±3.3220  %RMSE=10.3967±0.1449
[year=2023, split=test, task=3, city=다산] (n=50) CPC=0.2430±0.0026  RMSE=1573.2644±1.5717  %RMSE=15.3975±0.0976
[year=2023, split=test, task=3, city=랜덤1] (n=50) CPC=0.1959±0.0208  RMSE=1612.5958±313.8610  %RMSE=24.2943±6.0975
[year=2023, split=test, task=3, city=랜덤2] (n=50) CPC=0.1784±0.0219  RMSE=1624.9615±284.4824  %RMSE=16.2677±3.9465
[year=2023, split=test, task=3, city=랜덤3] (n=50) CPC=0.2908±0.0584  RMSE=2202.6375±379.1830  %RMSE=21.5967±3.4191
[year=2023, split=test, task=3, city=미사] (n=50) CPC=0.2047±0.0028  RMSE=1394.4075±3.7225  %RMSE=14.1212±0.0992
[year=2023, split=test, task=3, city=배곧] (n=50) CPC=0.1583±0.0201  RMSE=1453.9582±408.9145  %RMSE=20.7736±10.1809
[year=2023, split=test, task=4, city=감일동] (n=50) CPC=0.1158±0.0299  RMSE=763.5236±510.2488  %RMSE=23.6347±17.4667
[year=2023, split=test, task=4, city=다산] (n=50) CPC=0.1978±0.0630  RMSE=1759.9172±317.6491  %RMSE=16.5306±2.5017
[year=2023, split=test, task=4, city=랜덤1] (n=50) CPC=0.1932±0.0351  RMSE=1763.6473±266.4428  %RMSE=34.6155±8.0898
[year=2023, split=test, task=4, city=랜덤2] (n=50) CPC=0.1701±0.0441  RMSE=1596.1412±361.5636  %RMSE=22.6114±7.1024
[year=2023, split=test, task=4, city=랜덤3] (n=50) CPC=0.2586±0.0590  RMSE=2909.1237±577.8629  %RMSE=24.8596±2.8763
[year=2023, split=test, task=4, city=미사] (n=50) CPC=0.1715±0.0547  RMSE=1394.4287±330.9253  %RMSE=16.2595±4.5023
[year=2023, split=test, task=4, city=배곧] (n=50) CPC=0.1349±0.0253  RMSE=1693.3186±517.5687  %RMSE=32.6657±13.2172

=== 도시별 성능 (모든 task) ===
[year=2023, split=test, city=감일동] (n=250) CPC=0.1701±0.0496  RMSE=1121.4719±647.3553  %RMSE=37.2311±23.3420
[year=2023, split=test, city=다산] (n=250) CPC=0.3089±0.1256  RMSE=1410.6768±410.5074  %RMSE=15.3249±2.2260
[year=2023, split=test, city=랜덤1] (n=250) CPC=0.2354±0.0619  RMSE=1847.4798±243.1398  %RMSE=39.5052±10.8959
[year=2023, split=test, city=랜덤2] (n=250) CPC=0.2332±0.0875  RMSE=1776.9045±353.4123  %RMSE=28.6094±11.0132
[year=2023, split=test, city=랜덤3] (n=250) CPC=0.3423±0.1079  RMSE=2108.9661±914.3250  %RMSE=20.6317±5.5537
[year=2023, split=test, city=미사] (n=250) CPC=0.2705±0.1201  RMSE=1308.3389±193.2453  %RMSE=17.3580±4.0747
[year=2023, split=test, city=배곧] (n=250) CPC=0.2038±0.0787  RMSE=1754.6301±401.2065  %RMSE=39.2090±15.5717

===연도 종합===

=== task별 종합 성능 (모든 도시) ===
[split=test, task=0] (n=350) CPC=0.3505±0.0787  RMSE=1557.1423±446.2433  %RMSE=35.9643±18.4560
[split=test, task=1] (n=350) CPC=0.3576±0.0879  RMSE=1637.2055±407.4994  %RMSE=36.9992±17.6587
[split=test, task=2] (n=350) CPC=0.1697±0.0602  RMSE=1737.4373±731.1517  %RMSE=26.3682±12.3262
[split=test, task=3] (n=350) CPC=0.2050±0.0510  RMSE=1462.8206±570.7734  %RMSE=17.5497±6.6504
[split=test, task=4] (n=350) CPC=0.1774±0.0634  RMSE=1697.1572±729.4858  %RMSE=24.4539±11.5593

=== task/도시별 성능 ===
[split=test, task=0, city=감일동] (n=50) CPC=0.2207±0.0000  RMSE=1736.6279±0.0000  %RMSE=60.4806±0.0000
[split=test, task=0, city=다산] (n=50) CPC=0.4546±0.0000  RMSE=948.1836±0.0000  %RMSE=13.5604±0.0000
[split=test, task=0, city=랜덤1] (n=50) CPC=0.3058±0.0000  RMSE=1967.3245±0.0000  %RMSE=49.9101±0.0000
[split=test, task=0, city=랜덤2] (n=50) CPC=0.3342±0.0000  RMSE=2059.4320±0.0000  %RMSE=40.5326±0.0000
[split=test, task=0, city=랜덤3] (n=50) CPC=0.4332±0.0000  RMSE=1003.4149±0.0000  %RMSE=13.1631±0.0000
[split=test, task=0, city=미사] (n=50) CPC=0.4099±0.0000  RMSE=1231.1022±0.0000  %RMSE=20.5629±0.0000
[split=test, task=0, city=배곧] (n=50) CPC=0.2951±0.0000  RMSE=1953.9110±0.0000  %RMSE=53.5405±0.0000
[split=test, task=1, city=감일동] (n=50) CPC=0.2217±0.0020  RMSE=1772.6977±71.0016  %RMSE=61.2075±1.7583
[split=test, task=1, city=다산] (n=50) CPC=0.4540±0.0042  RMSE=1004.5640±124.2390  %RMSE=14.2355±1.6261
[split=test, task=1, city=랜덤1] (n=50) CPC=0.3055±0.0020  RMSE=1975.5774±19.1767  %RMSE=49.9092±0.1660
[split=test, task=1, city=랜덤2] (n=50) CPC=0.3348±0.0014  RMSE=2070.2349±17.7180  %RMSE=40.5382±0.1540
[split=test, task=1, city=랜덤3] (n=50) CPC=0.4800±0.0368  RMSE=1391.9453±342.2978  %RMSE=18.1589±4.3610
[split=test, task=1, city=미사] (n=50) CPC=0.4115±0.0035  RMSE=1288.8536±139.6682  %RMSE=21.4426±2.2325
[split=test, task=1, city=배곧] (n=50) CPC=0.2955±0.0012  RMSE=1956.5659±21.4735  %RMSE=53.5028±0.5253
[split=test, task=2, city=감일동] (n=50) CPC=0.1288±0.0388  RMSE=956.5909±565.0159  %RMSE=30.4359±18.6956
[split=test, task=2, city=다산] (n=50) CPC=0.1950±0.0539  RMSE=1767.4549±267.8079  %RMSE=16.9006±2.7605
[split=test, task=2, city=랜덤1] (n=50) CPC=0.1767±0.0288  RMSE=1918.2540±166.5456  %RMSE=38.7969±4.3203
[split=test, task=2, city=랜덤2] (n=50) CPC=0.1488±0.0353  RMSE=1533.7528±363.0147  %RMSE=23.0970±6.1051
[split=test, task=2, city=랜덤3] (n=50) CPC=0.2491±0.0661  RMSE=3037.7093±580.6245  %RMSE=25.3802±3.4621
[split=test, task=2, city=미사] (n=50) CPC=0.1548±0.0481  RMSE=1232.9028±175.5876  %RMSE=14.4040±3.2229
[split=test, task=2, city=배곧] (n=50) CPC=0.1351±0.0409  RMSE=1715.3966±439.4209  %RMSE=35.5625±11.3173
[split=test, task=3, city=감일동] (n=50) CPC=0.1636±0.0019  RMSE=377.9193±3.3220  %RMSE=10.3967±0.1449
[split=test, task=3, city=다산] (n=50) CPC=0.2430±0.0026  RMSE=1573.2644±1.5717  %RMSE=15.3975±0.0976
[split=test, task=3, city=랜덤1] (n=50) CPC=0.1959±0.0208  RMSE=1612.5958±313.8610  %RMSE=24.2943±6.0975
[split=test, task=3, city=랜덤2] (n=50) CPC=0.1784±0.0219  RMSE=1624.9615±284.4824  %RMSE=16.2677±3.9465
[split=test, task=3, city=랜덤3] (n=50) CPC=0.2908±0.0584  RMSE=2202.6375±379.1830  %RMSE=21.5967±3.4191
[split=test, task=3, city=미사] (n=50) CPC=0.2047±0.0028  RMSE=1394.4075±3.7225  %RMSE=14.1212±0.0992
[split=test, task=3, city=배곧] (n=50) CPC=0.1583±0.0201  RMSE=1453.9582±408.9145  %RMSE=20.7736±10.1809
[split=test, task=4, city=감일동] (n=50) CPC=0.1158±0.0299  RMSE=763.5236±510.2488  %RMSE=23.6347±17.4667
[split=test, task=4, city=다산] (n=50) CPC=0.1978±0.0630  RMSE=1759.9172±317.6491  %RMSE=16.5306±2.5017
[split=test, task=4, city=랜덤1] (n=50) CPC=0.1932±0.0351  RMSE=1763.6473±266.4428  %RMSE=34.6155±8.0898
[split=test, task=4, city=랜덤2] (n=50) CPC=0.1701±0.0441  RMSE=1596.1412±361.5636  %RMSE=22.6114±7.1024
[split=test, task=4, city=랜덤3] (n=50) CPC=0.2586±0.0590  RMSE=2909.1237±577.8629  %RMSE=24.8596±2.8763
[split=test, task=4, city=미사] (n=50) CPC=0.1715±0.0547  RMSE=1394.4287±330.9253  %RMSE=16.2595±4.5023
[split=test, task=4, city=배곧] (n=50) CPC=0.1349±0.0253  RMSE=1693.3186±517.5687  %RMSE=32.6657±13.2172

=== 도시별 성능 (모든 task) ===
[split=test, city=감일동] (n=250) CPC=0.1701±0.0496  RMSE=1121.4719±647.3553  %RMSE=37.2311±23.3420
[split=test, city=다산] (n=250) CPC=0.3089±0.1256  RMSE=1410.6768±410.5074  %RMSE=15.3249±2.2260
[split=test, city=랜덤1] (n=250) CPC=0.2354±0.0619  RMSE=1847.4798±243.1398  %RMSE=39.5052±10.8959
[split=test, city=랜덤2] (n=250) CPC=0.2332±0.0875  RMSE=1776.9045±353.4123  %RMSE=28.6094±11.0132
[split=test, city=랜덤3] (n=250) CPC=0.3423±0.1079  RMSE=2108.9661±914.3250  %RMSE=20.6317±5.5537
[split=test, city=미사] (n=250) CPC=0.2705±0.1201  RMSE=1308.3389±193.2453  %RMSE=17.3580±4.0747
[split=test, city=배곧] (n=250) CPC=0.2038±0.0787  RMSE=1754.6301±401.2065  %RMSE=39.2090±15.5717

===총 종합===

=== 전체 종합 (연도/task/도시 모두 무관) ===
[split=test] (n=1750) CPC=0.2520±0.1091  RMSE=1618.3526±601.0636  %RMSE=28.2670±15.8161
[LOG] saved to C:\Users\금경훈\Desktop\mobility_foundation\KTxTS_project\src\gravity(경훈)\logs\gravity_lgbm_mean_20260809_010020.log
=======
[LOG] saving console output to C:\Users\금경훈\Desktop\mobility_foundation\KTxTS_project\src\gravity(경훈)\logs\gravity_lgbm_mean_20260809_010020.log
Dataset 초기화 완료 (Imputation: mean)
argument='lgbm'
Start Model Training on years: 2023
Training Model for Origin Generation (O_i) using lgbm...
[LightGBM] [Info] Auto-choosing row-wise multi-threading, the overhead of testing was 0.000709 seconds.
You can set `force_row_wise=true` to remove the overhead.
And if memory is not enough, you can set `force_col_wise=true`.
[LightGBM] [Info] Total Bins 3599
[LightGBM] [Info] Number of data points in the train set: 1098, number of used features: 18
[LightGBM] [Info] Start training from score 63907.328607
[LightGBM] [Warning] No further splits with positive gain, best gain: -inf
[LightGBM] [Warning] No further splits with positive gain, best gain: -inf
[LightGBM] [Warning] No further splits with positive gain, best gain: -inf
[LightGBM] [Warning] No further splits with positive gain, best gain: -inf
[LightGBM] [Warning] No further splits with positive gain, best gain: -inf
[LightGBM] [Warning] No further splits with positive gain, best gain: -inf
[LightGBM] [Warning] No further splits with positive gain, best gain: -inf
[LightGBM] [Warning] No further splits with positive gain, best gain: -inf
[LightGBM] [Warning] No further splits with positive gain, best gain: -inf
[LightGBM] [Warning] No further splits with positive gain, best gain: -inf
[LightGBM] [Warning] No further splits with positive gain, best gain: -inf
[LightGBM] [Warning] No further splits with positive gain, best gain: -inf
[LightGBM] [Warning] No further splits with positive gain, best gain: -inf
[LightGBM] [Warning] No further splits with positive gain, best gain: -inf
[LightGBM] [Warning] No further splits with positive gain, best gain: -inf
[LightGBM] [Warning] No further splits with positive gain, best gain: -inf
[LightGBM] [Warning] No further splits with positive gain, best gain: -inf
[LightGBM] [Warning] No further splits with positive gain, best gain: -inf
[LightGBM] [Warning] No further splits with positive gain, best gain: -inf
[LightGBM] [Warning] No further splits with positive gain, best gain: -inf
[LightGBM] [Warning] No further splits with positive gain, best gain: -inf
[LightGBM] [Warning] No further splits with positive gain, best gain: -inf
[LightGBM] [Warning] No further splits with positive gain, best gain: -inf
[LightGBM] [Warning] No further splits with positive gain, best gain: -inf
[LightGBM] [Warning] No further splits with positive gain, best gain: -inf
[LightGBM] [Warning] No further splits with positive gain, best gain: -inf
[LightGBM] [Warning] No further splits with positive gain, best gain: -inf
[LightGBM] [Warning] No further splits with positive gain, best gain: -inf
[LightGBM] [Warning] No further splits with positive gain, best gain: -inf
[LightGBM] [Warning] No further splits with positive gain, best gain: -inf
[LightGBM] [Warning] No further splits with positive gain, best gain: -inf
[LightGBM] [Warning] No further splits with positive gain, best gain: -inf
[LightGBM] [Warning] No further splits with positive gain, best gain: -inf
[LightGBM] [Warning] No further splits with positive gain, best gain: -inf
[LightGBM] [Warning] No further splits with positive gain, best gain: -inf
[LightGBM] [Warning] No further splits with positive gain, best gain: -inf
[LightGBM] [Warning] No further splits with positive gain, best gain: -inf
[LightGBM] [Warning] No further splits with positive gain, best gain: -inf
[LightGBM] [Warning] No further splits with positive gain, best gain: -inf
[LightGBM] [Warning] No further splits with positive gain, best gain: -inf
[LightGBM] [Warning] No further splits with positive gain, best gain: -inf
[LightGBM] [Warning] No further splits with positive gain, best gain: -inf
[LightGBM] [Warning] No further splits with positive gain, best gain: -inf
[LightGBM] [Warning] No further splits with positive gain, best gain: -inf
[LightGBM] [Warning] No further splits with positive gain, best gain: -inf
[LightGBM] [Warning] No further splits with positive gain, best gain: -inf
[LightGBM] [Warning] No further splits with positive gain, best gain: -inf
[LightGBM] [Warning] No further splits with positive gain, best gain: -inf
[LightGBM] [Warning] No further splits with positive gain, best gain: -inf
[LightGBM] [Warning] No further splits with positive gain, best gain: -inf
[LightGBM] [Warning] No further splits with positive gain, best gain: -inf
[LightGBM] [Warning] No further splits with positive gain, best gain: -inf
[LightGBM] [Warning] No further splits with positive gain, best gain: -inf
[LightGBM] [Warning] No further splits with positive gain, best gain: -inf
[LightGBM] [Warning] No further splits with positive gain, best gain: -inf
[LightGBM] [Warning] No further splits with positive gain, best gain: -inf
[LightGBM] [Warning] No further splits with positive gain, best gain: -inf
[LightGBM] [Warning] No further splits with positive gain, best gain: -inf
[LightGBM] [Warning] No further splits with positive gain, best gain: -inf
[LightGBM] [Warning] No further splits with positive gain, best gain: -inf
[LightGBM] [Warning] No further splits with positive gain, best gain: -inf
[LightGBM] [Warning] No further splits with positive gain, best gain: -inf
[LightGBM] [Warning] No further splits with positive gain, best gain: -inf
[LightGBM] [Warning] No further splits with positive gain, best gain: -inf
[LightGBM] [Warning] No further splits with positive gain, best gain: -inf
[LightGBM] [Warning] No further splits with positive gain, best gain: -inf
[LightGBM] [Warning] No further splits with positive gain, best gain: -inf
[LightGBM] [Warning] No further splits with positive gain, best gain: -inf
[LightGBM] [Warning] No further splits with positive gain, best gain: -inf
[LightGBM] [Warning] No further splits with positive gain, best gain: -inf
[LightGBM] [Warning] No further splits with positive gain, best gain: -inf
[LightGBM] [Warning] No further splits with positive gain, best gain: -inf
[LightGBM] [Warning] No further splits with positive gain, best gain: -inf
[LightGBM] [Warning] No further splits with positive gain, best gain: -inf
[LightGBM] [Warning] No further splits with positive gain, best gain: -inf
[LightGBM] [Warning] No further splits with positive gain, best gain: -inf
[LightGBM] [Warning] No further splits with positive gain, best gain: -inf
[LightGBM] [Warning] No further splits with positive gain, best gain: -inf
[LightGBM] [Warning] No further splits with positive gain, best gain: -inf
[LightGBM] [Warning] No further splits with positive gain, best gain: -inf
[LightGBM] [Warning] No further splits with positive gain, best gain: -inf
[LightGBM] [Warning] No further splits with positive gain, best gain: -inf
[LightGBM] [Warning] No further splits with positive gain, best gain: -inf
[LightGBM] [Warning] No further splits with positive gain, best gain: -inf
[LightGBM] [Warning] No further splits with positive gain, best gain: -inf
[LightGBM] [Warning] No further splits with positive gain, best gain: -inf
[LightGBM] [Warning] No further splits with positive gain, best gain: -inf
[LightGBM] [Warning] No further splits with positive gain, best gain: -inf
[LightGBM] [Warning] No further splits with positive gain, best gain: -inf
[LightGBM] [Warning] No further splits with positive gain, best gain: -inf
[LightGBM] [Warning] No further splits with positive gain, best gain: -inf
[LightGBM] [Warning] No further splits with positive gain, best gain: -inf
[LightGBM] [Warning] No further splits with positive gain, best gain: -inf
[LightGBM] [Warning] No further splits with positive gain, best gain: -inf
[LightGBM] [Warning] No further splits with positive gain, best gain: -inf
[LightGBM] [Warning] No further splits with positive gain, best gain: -inf
[LightGBM] [Warning] No further splits with positive gain, best gain: -inf
[LightGBM] [Warning] No further splits with positive gain, best gain: -inf
[LightGBM] [Warning] No further splits with positive gain, best gain: -inf
[LightGBM] [Warning] No further splits with positive gain, best gain: -inf
[LightGBM] [Info] Auto-choosing col-wise multi-threading, the overhead of testing was 0.000212 seconds.
You can set `force_col_wise=true` to remove the overhead.
[LightGBM] [Info] Total Bins 3599
[LightGBM] [Info] Number of data points in the train set: 1098, number of used features: 18
[LightGBM] [Info] Start training from score 63907.332555
[LightGBM] [Warning] No further splits with positive gain, best gain: -inf
[LightGBM] [Warning] No further splits with positive gain, best gain: -inf
[LightGBM] [Warning] No further splits with positive gain, best gain: -inf
[LightGBM] [Warning] No further splits with positive gain, best gain: -inf
[LightGBM] [Warning] No further splits with positive gain, best gain: -inf
[LightGBM] [Warning] No further splits with positive gain, best gain: -inf
[LightGBM] [Warning] No further splits with positive gain, best gain: -inf
[LightGBM] [Warning] No further splits with positive gain, best gain: -inf
[LightGBM] [Warning] No further splits with positive gain, best gain: -inf
[LightGBM] [Warning] No further splits with positive gain, best gain: -inf
[LightGBM] [Warning] No further splits with positive gain, best gain: -inf
[LightGBM] [Warning] No further splits with positive gain, best gain: -inf
[LightGBM] [Warning] No further splits with positive gain, best gain: -inf
[LightGBM] [Warning] No further splits with positive gain, best gain: -inf
[LightGBM] [Warning] No further splits with positive gain, best gain: -inf
[LightGBM] [Warning] No further splits with positive gain, best gain: -inf
[LightGBM] [Warning] No further splits with positive gain, best gain: -inf
[LightGBM] [Warning] No further splits with positive gain, best gain: -inf
[LightGBM] [Warning] No further splits with positive gain, best gain: -inf
[LightGBM] [Warning] No further splits with positive gain, best gain: -inf
[LightGBM] [Warning] No further splits with positive gain, best gain: -inf
[LightGBM] [Warning] No further splits with positive gain, best gain: -inf
[LightGBM] [Warning] No further splits with positive gain, best gain: -inf
[LightGBM] [Warning] No further splits with positive gain, best gain: -inf
[LightGBM] [Warning] No further splits with positive gain, best gain: -inf
[LightGBM] [Warning] No further splits with positive gain, best gain: -inf
[LightGBM] [Warning] No further splits with positive gain, best gain: -inf
[LightGBM] [Warning] No further splits with positive gain, best gain: -inf
[LightGBM] [Warning] No further splits with positive gain, best gain: -inf
[LightGBM] [Warning] No further splits with positive gain, best gain: -inf
[LightGBM] [Warning] No further splits with positive gain, best gain: -inf
[LightGBM] [Warning] No further splits with positive gain, best gain: -inf
[LightGBM] [Warning] No further splits with positive gain, best gain: -inf
[LightGBM] [Warning] No further splits with positive gain, best gain: -inf
[LightGBM] [Warning] No further splits with positive gain, best gain: -inf
[LightGBM] [Warning] No further splits with positive gain, best gain: -inf
[LightGBM] [Warning] No further splits with positive gain, best gain: -inf
[LightGBM] [Warning] No further splits with positive gain, best gain: -inf
[LightGBM] [Warning] No further splits with positive gain, best gain: -inf
[LightGBM] [Warning] No further splits with positive gain, best gain: -inf
[LightGBM] [Warning] No further splits with positive gain, best gain: -inf
[LightGBM] [Warning] No further splits with positive gain, best gain: -inf
[LightGBM] [Warning] No further splits with positive gain, best gain: -inf
[LightGBM] [Warning] No further splits with positive gain, best gain: -inf
[LightGBM] [Warning] No further splits with positive gain, best gain: -inf
[LightGBM] [Warning] No further splits with positive gain, best gain: -inf
[LightGBM] [Warning] No further splits with positive gain, best gain: -inf
[LightGBM] [Warning] No further splits with positive gain, best gain: -inf
[LightGBM] [Warning] No further splits with positive gain, best gain: -inf
[LightGBM] [Warning] No further splits with positive gain, best gain: -inf
[LightGBM] [Warning] No further splits with positive gain, best gain: -inf
[LightGBM] [Warning] No further splits with positive gain, best gain: -inf
[LightGBM] [Warning] No further splits with positive gain, best gain: -inf
[LightGBM] [Warning] No further splits with positive gain, best gain: -inf
[LightGBM] [Warning] No further splits with positive gain, best gain: -inf
[LightGBM] [Warning] No further splits with positive gain, best gain: -inf
[LightGBM] [Warning] No further splits with positive gain, best gain: -inf
[LightGBM] [Warning] No further splits with positive gain, best gain: -inf
[LightGBM] [Warning] No further splits with positive gain, best gain: -inf
[LightGBM] [Warning] No further splits with positive gain, best gain: -inf
[LightGBM] [Warning] No further splits with positive gain, best gain: -inf
[LightGBM] [Warning] No further splits with positive gain, best gain: -inf
[LightGBM] [Warning] No further splits with positive gain, best gain: -inf
[LightGBM] [Warning] No further splits with positive gain, best gain: -inf
[LightGBM] [Warning] No further splits with positive gain, best gain: -inf
[LightGBM] [Warning] No further splits with positive gain, best gain: -inf
[LightGBM] [Warning] No further splits with positive gain, best gain: -inf
[LightGBM] [Warning] No further splits with positive gain, best gain: -inf
[LightGBM] [Warning] No further splits with positive gain, best gain: -inf
[LightGBM] [Warning] No further splits with positive gain, best gain: -inf
[LightGBM] [Warning] No further splits with positive gain, best gain: -inf
[LightGBM] [Warning] No further splits with positive gain, best gain: -inf
[LightGBM] [Warning] No further splits with positive gain, best gain: -inf
[LightGBM] [Warning] No further splits with positive gain, best gain: -inf
[LightGBM] [Warning] No further splits with positive gain, best gain: -inf
[LightGBM] [Warning] No further splits with positive gain, best gain: -inf
[LightGBM] [Warning] No further splits with positive gain, best gain: -inf
[LightGBM] [Warning] No further splits with positive gain, best gain: -inf
[LightGBM] [Warning] No further splits with positive gain, best gain: -inf
[LightGBM] [Warning] No further splits with positive gain, best gain: -inf
[LightGBM] [Warning] No further splits with positive gain, best gain: -inf
[LightGBM] [Warning] No further splits with positive gain, best gain: -inf
[LightGBM] [Warning] No further splits with positive gain, best gain: -inf
[LightGBM] [Warning] No further splits with positive gain, best gain: -inf
[LightGBM] [Warning] No further splits with positive gain, best gain: -inf
[LightGBM] [Warning] No further splits with positive gain, best gain: -inf
[LightGBM] [Warning] No further splits with positive gain, best gain: -inf
[LightGBM] [Warning] No further splits with positive gain, best gain: -inf
[LightGBM] [Warning] No further splits with positive gain, best gain: -inf
[LightGBM] [Warning] No further splits with positive gain, best gain: -inf
[LightGBM] [Warning] No further splits with positive gain, best gain: -inf
[LightGBM] [Warning] No further splits with positive gain, best gain: -inf
[LightGBM] [Warning] No further splits with positive gain, best gain: -inf
[LightGBM] [Warning] No further splits with positive gain, best gain: -inf
[LightGBM] [Warning] No further splits with positive gain, best gain: -inf
[LightGBM] [Warning] No further splits with positive gain, best gain: -inf
[LightGBM] [Warning] No further splits with positive gain, best gain: -inf
[LightGBM] [Warning] No further splits with positive gain, best gain: -inf
[LightGBM] [Warning] No further splits with positive gain, best gain: -inf
[LightGBM] [Warning] No further splits with positive gain, best gain: -inf

Evaluating 2023 / test ...
  [2023/test] 1750개 샘플 병렬 평가 중 (threads=4)...
Starting Iterative Proportional Fitting (IPF)...
Starting Iterative Proportional Fitting (IPF)...
Starting Iterative Proportional Fitting (IPF)...
Starting Iterative Proportional Fitting (IPF)...
IPF converged at iteration 41
IPF converged at iteration 41
IPF row error: 25.296566, col error: 0.000000
IPF converged at iteration 41
IPF row error: 25.296566, col error: 0.000000
IPF converged at iteration 41
IPF row error: 25.296566, col error: 0.000000
IPF row error: 25.296566, col error: 0.000000
Starting Iterative Proportional Fitting (IPF)...
Starting Iterative Proportional Fitting (IPF)...
Starting Iterative Proportional Fitting (IPF)...
Starting Iterative Proportional Fitting (IPF)...
IPF converged at iteration 41
IPF row error: 25.296566, col error: 0.000000
IPF converged at iteration 41
IPF row error: 25.296566, col error: 0.000000
IPF converged at iteration 41
IPF converged at iteration 41
IPF row error: 25.296566, col error: 0.000000
IPF row error: 25.296566, col error: 0.000000
Starting Iterative Proportional Fitting (IPF)...
Starting Iterative Proportional Fitting (IPF)...
Starting Iterative Proportional Fitting (IPF)...
Starting Iterative Proportional Fitting (IPF)...
IPF converged at iteration 41
IPF row error: 25.296566, col error: 0.000000
IPF converged at iteration 41
IPF row error: 25.296566, col error: 0.000000
Starting Iterative Proportional Fitting (IPF)...Starting Iterative Proportional Fitting (IPF)...

IPF converged at iteration 41
IPF converged at iteration 41
IPF row error: 25.296566, col error: 0.000000
IPF row error: 25.296566, col error: 0.000000
Starting Iterative Proportional Fitting (IPF)...
Starting Iterative Proportional Fitting (IPF)...
IPF converged at iteration 41
IPF converged at iteration 41
IPF row error: 25.296566, col error: 0.000000
IPF row error: 25.296566, col error: 0.000000
Starting Iterative Proportional Fitting (IPF)...
Starting Iterative Proportional Fitting (IPF)...
IPF converged at iteration 41
IPF converged at iteration 41IPF row error: 25.296566, col error: 0.000000

IPF row error: 25.296566, col error: 0.000000
Starting Iterative Proportional Fitting (IPF)...
Starting Iterative Proportional Fitting (IPF)...
IPF converged at iteration 41
IPF row error: 25.296566, col error: 0.000000
IPF converged at iteration 41
IPF row error: 25.296566, col error: 0.000000
Starting Iterative Proportional Fitting (IPF)...Starting Iterative Proportional Fitting (IPF)...

IPF converged at iteration 41
IPF row error: 25.296566, col error: 0.000000
IPF converged at iteration 41
IPF row error: 25.296566, col error: 0.000000
Starting Iterative Proportional Fitting (IPF)...
Starting Iterative Proportional Fitting (IPF)...
IPF converged at iteration 41
IPF converged at iteration 41
IPF row error: 25.296566, col error: 0.000000
IPF row error: 25.296566, col error: 0.000000
Starting Iterative Proportional Fitting (IPF)...
Starting Iterative Proportional Fitting (IPF)...
IPF converged at iteration 41
IPF row error: 25.296566, col error: 0.000000
IPF converged at iteration 41
IPF row error: 25.296566, col error: 0.000000
Starting Iterative Proportional Fitting (IPF)...
Starting Iterative Proportional Fitting (IPF)...
IPF converged at iteration 41
IPF converged at iteration 41
IPF row error: 25.296566, col error: 0.000000
IPF row error: 25.296566, col error: 0.000000
Starting Iterative Proportional Fitting (IPF)...
Starting Iterative Proportional Fitting (IPF)...
IPF converged at iteration 41
IPF row error: 25.296566, col error: 0.000000
IPF converged at iteration 41
IPF row error: 25.296566, col error: 0.000000
Starting Iterative Proportional Fitting (IPF)...
Starting Iterative Proportional Fitting (IPF)...
IPF converged at iteration 41
IPF row error: 25.296566, col error: 0.000000
IPF converged at iteration 41
IPF row error: 25.296566, col error: 0.000000
  [2023/test] 진행 30/1750 (1.7%) | 누적 CPC 0.4546 | RMSE 948.1836 | %RMSE 13.5604 | 경과 0.6분 | 예상 남음 37.0분
Starting Iterative Proportional Fitting (IPF)...
Starting Iterative Proportional Fitting (IPF)...
IPF converged at iteration 41
IPF converged at iteration 41
IPF row error: 25.296566, col error: 0.000000
IPF row error: 25.296566, col error: 0.000000
Starting Iterative Proportional Fitting (IPF)...
Starting Iterative Proportional Fitting (IPF)...
IPF converged at iteration 41
IPF row error: 25.296566, col error: 0.000000
IPF converged at iteration 41
IPF row error: 25.296566, col error: 0.000000
Starting Iterative Proportional Fitting (IPF)...
Starting Iterative Proportional Fitting (IPF)...
IPF converged at iteration 41
IPF converged at iteration 41
IPF row error: 25.296566, col error: 0.000000
IPF row error: 25.296566, col error: 0.000000
Starting Iterative Proportional Fitting (IPF)...
Starting Iterative Proportional Fitting (IPF)...
IPF converged at iteration 41
IPF converged at iteration 41
IPF row error: 25.296566, col error: 0.000000
IPF row error: 25.296566, col error: 0.000000
Starting Iterative Proportional Fitting (IPF)...
Starting Iterative Proportional Fitting (IPF)...
IPF converged at iteration 41
IPF converged at iteration 41
IPF row error: 25.296566, col error: 0.000000
IPF row error: 25.296566, col error: 0.000000
Starting Iterative Proportional Fitting (IPF)...
Starting Iterative Proportional Fitting (IPF)...
IPF converged at iteration 41
IPF converged at iteration 41
IPF row error: 25.296566, col error: 0.000000
IPF row error: 25.296566, col error: 0.000000
Starting Iterative Proportional Fitting (IPF)...
Starting Iterative Proportional Fitting (IPF)...
IPF converged at iteration 41
IPF converged at iteration 41
IPF row error: 25.296566, col error: 0.000000
IPF row error: 25.296566, col error: 0.000000
Starting Iterative Proportional Fitting (IPF)...
Starting Iterative Proportional Fitting (IPF)...
IPF converged at iteration 41
IPF row error: 25.296566, col error: 0.000000
IPF converged at iteration 41
IPF row error: 25.296566, col error: 0.000000
Starting Iterative Proportional Fitting (IPF)...
Starting Iterative Proportional Fitting (IPF)...
IPF converged at iteration 41
IPF converged at iteration 41
IPF row error: 25.296566, col error: 0.000000
IPF row error: 25.296566, col error: 0.000000
Starting Iterative Proportional Fitting (IPF)...
Starting Iterative Proportional Fitting (IPF)...
IPF converged at iteration 41
IPF converged at iteration 41
IPF row error: 25.296566, col error: 0.000000
IPF row error: 25.296566, col error: 0.000000
Starting Iterative Proportional Fitting (IPF)...
Starting Iterative Proportional Fitting (IPF)...
IPF converged at iteration 41
IPF converged at iteration 41
IPF row error: 25.296566, col error: 0.000000
IPF row error: 25.296566, col error: 0.000000
Starting Iterative Proportional Fitting (IPF)...
Starting Iterative Proportional Fitting (IPF)...
IPF converged at iteration 41
IPF row error: 25.296566, col error: 0.000000
IPF converged at iteration 41
IPF row error: 25.296566, col error: 0.000000
Starting Iterative Proportional Fitting (IPF)...
Starting Iterative Proportional Fitting (IPF)...
IPF converged at iteration 41
IPF converged at iteration 41
IPF row error: 25.296566, col error: 0.000000
IPF row error: 25.296566, col error: 0.000000
Starting Iterative Proportional Fitting (IPF)...
Starting Iterative Proportional Fitting (IPF)...
IPF converged at iteration 41
IPF row error: 25.296566, col error: 0.000000
IPF converged at iteration 41
IPF row error: 25.296566, col error: 0.000000
Starting Iterative Proportional Fitting (IPF)...
Starting Iterative Proportional Fitting (IPF)...
IPF converged at iteration 41
IPF converged at iteration 41
IPF row error: 25.296566, col error: 0.000000
IPF row error: 25.296566, col error: 0.000000
  [2023/test] 진행 60/1750 (3.4%) | 누적 CPC 0.4472 | RMSE 995.3367 | %RMSE 14.7275 | 경과 1.2분 | 예상 남음 33.5분
Starting Iterative Proportional Fitting (IPF)...
Starting Iterative Proportional Fitting (IPF)...
IPF converged at iteration 41
IPF row error: 25.296566, col error: 0.000000
IPF converged at iteration 41
IPF row error: 25.296566, col error: 0.000000
Starting Iterative Proportional Fitting (IPF)...
Starting Iterative Proportional Fitting (IPF)...
IPF converged at iteration 41
IPF converged at iteration 41
IPF row error: 25.296566, col error: 0.000000
IPF row error: 25.296566, col error: 0.000000
Starting Iterative Proportional Fitting (IPF)...
Starting Iterative Proportional Fitting (IPF)...
IPF converged at iteration 41
IPF row error: 25.296566, col error: 0.000000
IPF converged at iteration 41
IPF row error: 25.296566, col error: 0.000000
Starting Iterative Proportional Fitting (IPF)...
Starting Iterative Proportional Fitting (IPF)...
IPF converged at iteration 41
IPF row error: 25.296566, col error: 0.000000
IPF converged at iteration 41
IPF row error: 25.296566, col error: 0.000000
Starting Iterative Proportional Fitting (IPF)...
Starting Iterative Proportional Fitting (IPF)...
IPF converged at iteration 41
IPF row error: 25.296566, col error: 0.000000
IPF converged at iteration 41
IPF row error: 25.296566, col error: 0.000000
Starting Iterative Proportional Fitting (IPF)...
Starting Iterative Proportional Fitting (IPF)...
IPF converged at iteration 41
IPF row error: 25.296566, col error: 0.000000
IPF converged at iteration 41
IPF row error: 25.296566, col error: 0.000000
Starting Iterative Proportional Fitting (IPF)...
Starting Iterative Proportional Fitting (IPF)...
IPF converged at iteration 41
IPF converged at iteration 41
IPF row error: 25.296566, col error: 0.000000
IPF row error: 25.296566, col error: 0.000000
Starting Iterative Proportional Fitting (IPF)...
Starting Iterative Proportional Fitting (IPF)...
IPF converged at iteration 41
IPF row error: 25.296566, col error: 0.000000
IPF converged at iteration 41
IPF row error: 25.296566, col error: 0.000000
Starting Iterative Proportional Fitting (IPF)...
Starting Iterative Proportional Fitting (IPF)...
IPF converged at iteration 41
IPF converged at iteration 41
IPF row error: 25.296566, col error: 0.000000IPF row error: 25.296566, col error: 0.000000

Starting Iterative Proportional Fitting (IPF)...
Starting Iterative Proportional Fitting (IPF)...
IPF converged at iteration 41
IPF converged at iteration 41
IPF row error: 25.296566, col error: 0.000000
IPF row error: 25.296566, col error: 0.000000
Starting Iterative Proportional Fitting (IPF)...
Starting Iterative Proportional Fitting (IPF)...
IPF converged at iteration 41
IPF row error: 25.296566, col error: 0.000000
IPF converged at iteration 41
IPF row error: 25.296566, col error: 0.000000
Starting Iterative Proportional Fitting (IPF)...
Starting Iterative Proportional Fitting (IPF)...
IPF converged at iteration 41
IPF converged at iteration 41
IPF row error: 25.296566, col error: 0.000000
IPF row error: 25.296566, col error: 0.000000
Starting Iterative Proportional Fitting (IPF)...
Starting Iterative Proportional Fitting (IPF)...
IPF converged at iteration 41
IPF converged at iteration 41
IPF row error: 25.296566, col error: 0.000000
IPF row error: 25.296566, col error: 0.000000
Starting Iterative Proportional Fitting (IPF)...
Starting Iterative Proportional Fitting (IPF)...
IPF converged at iteration 41
IPF converged at iteration 41
IPF row error: 25.296566, col error: 0.000000
IPF row error: 25.296566, col error: 0.000000
Starting Iterative Proportional Fitting (IPF)...
Starting Iterative Proportional Fitting (IPF)...
IPF converged at iteration 41
IPF converged at iteration 41
IPF row error: 25.296566, col error: 0.000000
IPF row error: 25.296566, col error: 0.000000
  [2023/test] 진행 90/1750 (5.1%) | 누적 CPC 0.4347 | RMSE 1073.9252 | %RMSE 16.6726 | 경과 1.8분 | 예상 남음 33.7분
Starting Iterative Proportional Fitting (IPF)...
Starting Iterative Proportional Fitting (IPF)...
IPF converged at iteration 41
IPF row error: 25.296566, col error: 0.000000
IPF converged at iteration 41
IPF row error: 25.296566, col error: 0.000000
Starting Iterative Proportional Fitting (IPF)...
Starting Iterative Proportional Fitting (IPF)...
IPF converged at iteration 41
IPF converged at iteration 41
IPF row error: 25.296566, col error: 0.000000
IPF row error: 25.296566, col error: 0.000000
Starting Iterative Proportional Fitting (IPF)...Starting Iterative Proportional Fitting (IPF)...

IPF converged at iteration 41
IPF row error: 25.296566, col error: 0.000000
IPF converged at iteration 41
IPF row error: 25.296566, col error: 0.000000
Starting Iterative Proportional Fitting (IPF)...
Starting Iterative Proportional Fitting (IPF)...
IPF converged at iteration 41
IPF converged at iteration 41
IPF row error: 25.296566, col error: 0.000000
IPF row error: 25.296566, col error: 0.000000
Starting Iterative Proportional Fitting (IPF)...
Starting Iterative Proportional Fitting (IPF)...
IPF converged at iteration 41
IPF row error: 25.296566, col error: 0.000000
IPF converged at iteration 41
IPF row error: 25.296566, col error: 0.000000
Starting Iterative Proportional Fitting (IPF)...
Starting Iterative Proportional Fitting (IPF)...
IPF converged at iteration 41
IPF converged at iteration 41
IPF row error: 25.296566, col error: 0.000000
IPF row error: 25.296566, col error: 0.000000
Starting Iterative Proportional Fitting (IPF)...
Starting Iterative Proportional Fitting (IPF)...
IPF converged at iteration 41
IPF row error: 25.296566, col error: 0.000000
IPF converged at iteration 41
IPF row error: 25.296566, col error: 0.000000
Starting Iterative Proportional Fitting (IPF)...
Starting Iterative Proportional Fitting (IPF)...
IPF converged at iteration 41
IPF converged at iteration 41
IPF row error: 25.296566, col error: 0.000000
IPF row error: 25.296566, col error: 0.000000
Starting Iterative Proportional Fitting (IPF)...
Starting Iterative Proportional Fitting (IPF)...
IPF converged at iteration 41
IPF row error: 25.296566, col error: 0.000000
IPF converged at iteration 41
IPF row error: 25.296566, col error: 0.000000
Starting Iterative Proportional Fitting (IPF)...
Starting Iterative Proportional Fitting (IPF)...
IPF converged at iteration 41
IPF converged at iteration 41
IPF row error: 25.296566, col error: 0.000000
IPF row error: 25.296566, col error: 0.000000
Starting Iterative Proportional Fitting (IPF)...
Starting Iterative Proportional Fitting (IPF)...
IPF converged at iteration 41
IPF row error: 25.296566, col error: 0.000000
IPF converged at iteration 41
IPF row error: 25.296566, col error: 0.000000
Starting Iterative Proportional Fitting (IPF)...
Starting Iterative Proportional Fitting (IPF)...
IPF converged at iteration 41
IPF converged at iteration 41
IPF row error: 25.296566, col error: 0.000000
IPF row error: 25.296566, col error: 0.000000
Starting Iterative Proportional Fitting (IPF)...
Starting Iterative Proportional Fitting (IPF)...
IPF converged at iteration 41
IPF row error: 25.296566, col error: 0.000000
IPF converged at iteration 41
IPF row error: 25.296566, col error: 0.000000
Starting Iterative Proportional Fitting (IPF)...
Starting Iterative Proportional Fitting (IPF)...
IPF converged at iteration 41
IPF converged at iteration 41
IPF row error: 25.296566, col error: 0.000000
IPF row error: 25.296566, col error: 0.000000
Starting Iterative Proportional Fitting (IPF)...
Starting Iterative Proportional Fitting (IPF)...
IPF converged at iteration 41
IPF row error: 25.296566, col error: 0.000000
IPF converged at iteration 41
IPF row error: 25.296566, col error: 0.000000
  [2023/test] 진행 120/1750 (6.9%) | 누적 CPC 0.4094 | RMSE 1233.6876 | %RMSE 23.1414 | 경과 2.4분 | 예상 남음 32.3분
Starting Iterative Proportional Fitting (IPF)...
Starting Iterative Proportional Fitting (IPF)...
IPF converged at iteration 41
IPF converged at iteration 41
IPF row error: 25.296566, col error: 0.000000
IPF row error: 25.296566, col error: 0.000000
Starting Iterative Proportional Fitting (IPF)...Starting Iterative Proportional Fitting (IPF)...

IPF converged at iteration 41
IPF row error: 25.296566, col error: 0.000000
IPF converged at iteration 41
IPF row error: 25.296566, col error: 0.000000
Starting Iterative Proportional Fitting (IPF)...
Starting Iterative Proportional Fitting (IPF)...
IPF converged at iteration 41
IPF converged at iteration 41
IPF row error: 25.296566, col error: 0.000000
IPF row error: 25.296566, col error: 0.000000
Starting Iterative Proportional Fitting (IPF)...
Starting Iterative Proportional Fitting (IPF)...
IPF converged at iteration 41
IPF row error: 25.296566, col error: 0.000000
IPF converged at iteration 41
IPF row error: 25.296566, col error: 0.000000
Starting Iterative Proportional Fitting (IPF)...
Starting Iterative Proportional Fitting (IPF)...
IPF converged at iteration 41
IPF row error: 25.296566, col error: 0.000000
IPF converged at iteration 41
IPF row error: 25.296566, col error: 0.000000
Starting Iterative Proportional Fitting (IPF)...
Starting Iterative Proportional Fitting (IPF)...
IPF converged at iteration 41
IPF row error: 25.296566, col error: 0.000000
IPF converged at iteration 41
IPF row error: 25.296566, col error: 0.000000
Starting Iterative Proportional Fitting (IPF)...
Starting Iterative Proportional Fitting (IPF)...
IPF converged at iteration 41
IPF converged at iteration 41
IPF row error: 25.296566, col error: 0.000000
IPF row error: 25.296566, col error: 0.000000
Starting Iterative Proportional Fitting (IPF)...
Starting Iterative Proportional Fitting (IPF)...
IPF converged at iteration 41
IPF row error: 25.296566, col error: 0.000000
IPF converged at iteration 41
IPF row error: 25.296566, col error: 0.000000
Starting Iterative Proportional Fitting (IPF)...
Starting Iterative Proportional Fitting (IPF)...
IPF converged at iteration 41
IPF converged at iteration 41
IPF row error: 25.296566, col error: 0.000000
IPF row error: 25.296566, col error: 0.000000
Starting Iterative Proportional Fitting (IPF)...
Starting Iterative Proportional Fitting (IPF)...
IPF converged at iteration 41
IPF row error: 25.296566, col error: 0.000000
IPF converged at iteration 41
IPF row error: 25.296566, col error: 0.000000
Starting Iterative Proportional Fitting (IPF)...
Starting Iterative Proportional Fitting (IPF)...
IPF converged at iteration 41
IPF converged at iteration 41
IPF row error: 25.296566, col error: 0.000000
IPF row error: 25.296566, col error: 0.000000
Starting Iterative Proportional Fitting (IPF)...Starting Iterative Proportional Fitting (IPF)...

IPF converged at iteration 41
IPF row error: 25.296566, col error: 0.000000
IPF converged at iteration 41
IPF row error: 25.296566, col error: 0.000000
Starting Iterative Proportional Fitting (IPF)...
Starting Iterative Proportional Fitting (IPF)...
IPF converged at iteration 41
IPF converged at iteration 41
IPF row error: 25.296566, col error: 0.000000
IPF row error: 25.296566, col error: 0.000000
Starting Iterative Proportional Fitting (IPF)...
Starting Iterative Proportional Fitting (IPF)...
IPF converged at iteration 41
IPF row error: 25.296566, col error: 0.000000
IPF converged at iteration 41
IPF row error: 25.296566, col error: 0.000000
Starting Iterative Proportional Fitting (IPF)...
Starting Iterative Proportional Fitting (IPF)...
IPF converged at iteration 41
IPF converged at iteration 41
IPF row error: 25.296566, col error: 0.000000
IPF row error: 25.296566, col error: 0.000000
  [2023/test] 진행 150/1750 (8.6%) | 누적 CPC 0.3865 | RMSE 1377.7323 | %RMSE 29.2213 | 경과 2.9분 | 예상 남음 31.4분
Starting Iterative Proportional Fitting (IPF)...
Starting Iterative Proportional Fitting (IPF)...
IPF converged at iteration 41
IPF row error: 25.296566, col error: 0.000000
IPF converged at iteration 41
IPF row error: 25.296566, col error: 0.000000
Starting Iterative Proportional Fitting (IPF)...
Starting Iterative Proportional Fitting (IPF)...
IPF converged at iteration 41
IPF converged at iteration 41
IPF row error: 25.296566, col error: 0.000000
IPF row error: 25.296566, col error: 0.000000
Starting Iterative Proportional Fitting (IPF)...
Starting Iterative Proportional Fitting (IPF)...
IPF converged at iteration 41
IPF row error: 25.296566, col error: 0.000000
IPF converged at iteration 41
IPF row error: 25.296566, col error: 0.000000
Starting Iterative Proportional Fitting (IPF)...
Starting Iterative Proportional Fitting (IPF)...
IPF converged at iteration 41
IPF converged at iteration 41
IPF row error: 25.296566, col error: 0.000000
IPF row error: 25.296566, col error: 0.000000
Starting Iterative Proportional Fitting (IPF)...
Starting Iterative Proportional Fitting (IPF)...
IPF converged at iteration 41
IPF row error: 25.296566, col error: 0.000000
IPF converged at iteration 41
IPF row error: 25.296566, col error: 0.000000
Starting Iterative Proportional Fitting (IPF)...
Starting Iterative Proportional Fitting (IPF)...
IPF converged at iteration 41
IPF row error: 25.296566, col error: 0.000000
IPF converged at iteration 41
IPF row error: 25.296566, col error: 0.000000
Starting Iterative Proportional Fitting (IPF)...
Starting Iterative Proportional Fitting (IPF)...
IPF converged at iteration 41
IPF row error: 25.296566, col error: 0.000000
IPF converged at iteration 41
IPF row error: 25.296566, col error: 0.000000
Starting Iterative Proportional Fitting (IPF)...
Starting Iterative Proportional Fitting (IPF)...
IPF converged at iteration 41
IPF row error: 25.296566, col error: 0.000000
IPF converged at iteration 41
IPF row error: 25.296566, col error: 0.000000
Starting Iterative Proportional Fitting (IPF)...
IPF converged at iteration 41
Starting Iterative Proportional Fitting (IPF)...
IPF row error: 25.296566, col error: 0.000000
IPF converged at iteration 41
IPF row error: 25.296566, col error: 0.000000
Starting Iterative Proportional Fitting (IPF)...
Starting Iterative Proportional Fitting (IPF)...
IPF converged at iteration 41
IPF converged at iteration 41
IPF row error: 25.296566, col error: 0.000000
IPF row error: 25.296566, col error: 0.000000
Starting Iterative Proportional Fitting (IPF)...
IPF converged at iteration 41
Starting Iterative Proportional Fitting (IPF)...
IPF row error: 25.296566, col error: 0.000000
IPF converged at iteration 41
IPF row error: 25.296566, col error: 0.000000Starting Iterative Proportional Fitting (IPF)...

Starting Iterative Proportional Fitting (IPF)...
IPF converged at iteration 41
IPF converged at iteration 41
IPF row error: 25.296566, col error: 0.000000
IPF row error: 25.296566, col error: 0.000000
IPF converged at iteration 41
Starting Iterative Proportional Fitting (IPF)...
IPF row error: 25.296566, col error: 0.000000
Starting Iterative Proportional Fitting (IPF)...
IPF converged at iteration 41
Starting Iterative Proportional Fitting (IPF)...
IPF row error: 25.296566, col error: 0.000000
Starting Iterative Proportional Fitting (IPF)...
IPF converged at iteration 41
IPF converged at iteration 41
IPF row error: 25.296566, col error: 0.000000
IPF row error: 25.296566, col error: 0.000000
IPF converged at iteration 41
IPF row error: 25.296566, col error: 0.000000
Starting Iterative Proportional Fitting (IPF)...
Starting Iterative Proportional Fitting (IPF)...
IPF converged at iteration 41
Starting Iterative Proportional Fitting (IPF)...
IPF row error: 25.296566, col error: 0.000000
  [2023/test] 진행 180/1750 (10.3%) | 누적 CPC 0.3589 | RMSE 1437.5482 | %RMSE 34.4311 | 경과 3.4분 | 예상 남음 29.9분
Starting Iterative Proportional Fitting (IPF)...
IPF converged at iteration 41
IPF converged at iteration 41
IPF row error: 25.296566, col error: 0.000000
IPF row error: 25.296566, col error: 0.000000
IPF converged at iteration 41
IPF row error: 25.296566, col error: 0.000000
Starting Iterative Proportional Fitting (IPF)...
Starting Iterative Proportional Fitting (IPF)...
IPF converged at iteration 41
Starting Iterative Proportional Fitting (IPF)...
IPF row error: 25.296566, col error: 0.000000
Starting Iterative Proportional Fitting (IPF)...
IPF converged at iteration 41
IPF converged at iteration 41
IPF row error: 25.296566, col error: 0.000000IPF row error: 25.296566, col error: 0.000000

IPF converged at iteration 41
IPF row error: 25.296566, col error: 0.000000
Starting Iterative Proportional Fitting (IPF)...
Starting Iterative Proportional Fitting (IPF)...
IPF converged at iteration 41
Starting Iterative Proportional Fitting (IPF)...
IPF row error: 25.296566, col error: 0.000000
Starting Iterative Proportional Fitting (IPF)...
IPF converged at iteration 41
IPF row error: 25.296566, col error: 0.000000
IPF converged at iteration 41
IPF converged at iteration 41
IPF row error: 25.296566, col error: 0.000000
IPF row error: 25.296566, col error: 0.000000
Starting Iterative Proportional Fitting (IPF)...
Starting Iterative Proportional Fitting (IPF)...
IPF converged at iteration 41
Starting Iterative Proportional Fitting (IPF)...
IPF row error: 25.296566, col error: 0.000000
Starting Iterative Proportional Fitting (IPF)...
IPF converged at iteration 41
IPF row error: 25.296566, col error: 0.000000
IPF converged at iteration 41
IPF converged at iteration 41
IPF row error: 25.296566, col error: 0.000000
IPF row error: 25.296566, col error: 0.000000
Starting Iterative Proportional Fitting (IPF)...
Starting Iterative Proportional Fitting (IPF)...
IPF converged at iteration 41
Starting Iterative Proportional Fitting (IPF)...
IPF row error: 25.296566, col error: 0.000000
Starting Iterative Proportional Fitting (IPF)...
IPF converged at iteration 41
IPF converged at iteration 41
IPF row error: 25.296566, col error: 0.000000
IPF row error: 25.296566, col error: 0.000000
IPF converged at iteration 41
IPF row error: 25.296566, col error: 0.000000
Starting Iterative Proportional Fitting (IPF)...
Starting Iterative Proportional Fitting (IPF)...
IPF converged at iteration 41
IPF row error: 25.296566, col error: 0.000000
Starting Iterative Proportional Fitting (IPF)...
Starting Iterative Proportional Fitting (IPF)...
IPF converged at iteration 41
IPF converged at iteration 41
IPF row error: 25.296566, col error: 0.000000
IPF row error: 25.296566, col error: 0.000000
IPF converged at iteration 41
IPF row error: 25.296566, col error: 0.000000
Starting Iterative Proportional Fitting (IPF)...
Starting Iterative Proportional Fitting (IPF)...
IPF converged at iteration 41
IPF row error: 25.296566, col error: 0.000000
Starting Iterative Proportional Fitting (IPF)...
Starting Iterative Proportional Fitting (IPF)...
IPF converged at iteration 41
IPF row error: 25.296566, col error: 0.000000
IPF converged at iteration 41
IPF row error: 25.296566, col error: 0.000000
IPF converged at iteration 41
IPF row error: 25.296566, col error: 0.000000
Starting Iterative Proportional Fitting (IPF)...
IPF converged at iteration 41
Starting Iterative Proportional Fitting (IPF)...
IPF row error: 25.296566, col error: 0.000000
Starting Iterative Proportional Fitting (IPF)...
Starting Iterative Proportional Fitting (IPF)...
IPF converged at iteration 41
IPF row error: 25.296566, col error: 0.000000
IPF converged at iteration 41
IPF converged at iteration 41
IPF row error: 25.296566, col error: 0.000000
IPF row error: 25.296566, col error: 0.000000
  [2023/test] 진행 210/1750 (12.0%) | 누적 CPC 0.3432 | RMSE 1491.2594 | %RMSE 37.6491 | 경과 4.0분 | 예상 남음 29.1분
Starting Iterative Proportional Fitting (IPF)...
IPF converged at iteration 41
IPF row error: 25.296566, col error: 0.000000
Starting Iterative Proportional Fitting (IPF)...
Starting Iterative Proportional Fitting (IPF)...
Starting Iterative Proportional Fitting (IPF)...
IPF converged at iteration 41
IPF row error: 25.296566, col error: 0.000000
IPF converged at iteration 41
IPF converged at iteration 41
IPF row error: 25.296566, col error: 0.000000
IPF row error: 25.296566, col error: 0.000000
Starting Iterative Proportional Fitting (IPF)...
IPF converged at iteration 41
Starting Iterative Proportional Fitting (IPF)...
IPF row error: 25.296566, col error: 0.000000
Starting Iterative Proportional Fitting (IPF)...
Starting Iterative Proportional Fitting (IPF)...
IPF converged at iteration 41
IPF row error: 25.296566, col error: 0.000000
IPF converged at iteration 41
IPF row error: 25.296566, col error: 0.000000
IPF converged at iteration 41
IPF row error: 25.296566, col error: 0.000000
Starting Iterative Proportional Fitting (IPF)...
IPF converged at iteration 41
IPF row error: 25.296566, col error: 0.000000
Starting Iterative Proportional Fitting (IPF)...
Starting Iterative Proportional Fitting (IPF)...
Starting Iterative Proportional Fitting (IPF)...
IPF converged at iteration 41
IPF row error: 25.296566, col error: 0.000000
IPF converged at iteration 41
Starting Iterative Proportional Fitting (IPF)...
IPF row error: 25.296566, col error: 0.000000
IPF converged at iteration 41
IPF row error: 25.296566, col error: 0.000000
IPF converged at iteration 41
Starting Iterative Proportional Fitting (IPF)...
IPF row error: 25.296566, col error: 0.000000
Starting Iterative Proportional Fitting (IPF)...
Starting Iterative Proportional Fitting (IPF)...
IPF converged at iteration 41
IPF row error: 25.296566, col error: 0.000000
IPF converged at iteration 41
IPF row error: 25.296566, col error: 0.000000
Starting Iterative Proportional Fitting (IPF)...
IPF converged at iteration 41
IPF row error: 25.296566, col error: 0.000000
Starting Iterative Proportional Fitting (IPF)...
IPF converged at iteration 41
IPF row error: 25.296566, col error: 0.000000
Starting Iterative Proportional Fitting (IPF)...
Starting Iterative Proportional Fitting (IPF)...
IPF converged at iteration 41
IPF row error: 25.296566, col error: 0.000000
Starting Iterative Proportional Fitting (IPF)...
IPF converged at iteration 41
IPF converged at iteration 41
IPF row error: 25.296566, col error: 0.000000
IPF row error: 25.296566, col error: 0.000000
Starting Iterative Proportional Fitting (IPF)...
Starting Iterative Proportional Fitting (IPF)...
IPF converged at iteration 41
IPF row error: 25.296566, col error: 0.000000
Starting Iterative Proportional Fitting (IPF)...
IPF converged at iteration 41
IPF row error: 25.296566, col error: 0.000000
Starting Iterative Proportional Fitting (IPF)...
IPF converged at iteration 41
IPF converged at iteration 41IPF row error: 25.296566, col error: 0.000000

IPF row error: 25.296566, col error: 0.000000
Starting Iterative Proportional Fitting (IPF)...
Starting Iterative Proportional Fitting (IPF)...
IPF converged at iteration 41
IPF row error: 25.296566, col error: 0.000000
Starting Iterative Proportional Fitting (IPF)...
IPF converged at iteration 41
IPF row error: 25.296566, col error: 0.000000
Starting Iterative Proportional Fitting (IPF)...
IPF converged at iteration 41
IPF row error: 25.296566, col error: 0.000000
IPF converged at iteration 41
IPF row error: 25.296566, col error: 0.000000
Starting Iterative Proportional Fitting (IPF)...
Starting Iterative Proportional Fitting (IPF)...
IPF converged at iteration 41
IPF row error: 25.296566, col error: 0.000000
  [2023/test] 진행 240/1750 (13.7%) | 누적 CPC 0.3385 | RMSE 1550.7676 | %RMSE 39.1817 | 경과 4.5분 | 예상 남음 28.4분
Starting Iterative Proportional Fitting (IPF)...
IPF converged at iteration 41
IPF row error: 25.296566, col error: 0.000000
Starting Iterative Proportional Fitting (IPF)...
IPF converged at iteration 41
IPF row error: 25.296566, col error: 0.000000
IPF converged at iteration 41
IPF row error: 25.296566, col error: 0.000000
Starting Iterative Proportional Fitting (IPF)...
IPF converged at iteration 41
Starting Iterative Proportional Fitting (IPF)...
IPF row error: 25.296566, col error: 0.000000
Starting Iterative Proportional Fitting (IPF)...
IPF converged at iteration 41
IPF row error: 25.296566, col error: 0.000000
Starting Iterative Proportional Fitting (IPF)...
IPF converged at iteration 41
IPF row error: 25.296566, col error: 0.000000
IPF converged at iteration 41
IPF row error: 25.296566, col error: 0.000000
IPF converged at iteration 41
IPF row error: 25.296566, col error: 0.000000
Starting Iterative Proportional Fitting (IPF)...
Starting Iterative Proportional Fitting (IPF)...
Starting Iterative Proportional Fitting (IPF)...
IPF converged at iteration 41
IPF row error: 25.296566, col error: 0.000000
Starting Iterative Proportional Fitting (IPF)...
IPF converged at iteration 41
IPF row error: 25.296566, col error: 0.000000IPF converged at iteration 41

IPF row error: 25.296566, col error: 0.000000
IPF converged at iteration 41
IPF row error: 25.296566, col error: 0.000000
Starting Iterative Proportional Fitting (IPF)...
Starting Iterative Proportional Fitting (IPF)...
Starting Iterative Proportional Fitting (IPF)...
IPF converged at iteration 41
IPF row error: 25.296566, col error: 0.000000
Starting Iterative Proportional Fitting (IPF)...
IPF converged at iteration 41
IPF row error: 25.296566, col error: 0.000000
IPF converged at iteration 41
IPF row error: 25.296566, col error: 0.000000
IPF converged at iteration 41
IPF row error: 25.296566, col error: 0.000000
Starting Iterative Proportional Fitting (IPF)...
Starting Iterative Proportional Fitting (IPF)...
Starting Iterative Proportional Fitting (IPF)...
IPF converged at iteration 41
IPF row error: 25.296566, col error: 0.000000
Starting Iterative Proportional Fitting (IPF)...
IPF converged at iteration 41
IPF row error: 25.296566, col error: 0.000000
IPF converged at iteration 41
IPF row error: 25.296566, col error: 0.000000
IPF converged at iteration 41
IPF row error: 25.296566, col error: 0.000000
Starting Iterative Proportional Fitting (IPF)...
Starting Iterative Proportional Fitting (IPF)...
Starting Iterative Proportional Fitting (IPF)...
IPF converged at iteration 41
IPF row error: 25.296566, col error: 0.000000
Starting Iterative Proportional Fitting (IPF)...
IPF converged at iteration 41
IPF row error: 25.296566, col error: 0.000000
IPF converged at iteration 41
IPF row error: 25.296566, col error: 0.000000
IPF converged at iteration 41
IPF row error: 25.296566, col error: 0.000000
Starting Iterative Proportional Fitting (IPF)...
Starting Iterative Proportional Fitting (IPF)...
Starting Iterative Proportional Fitting (IPF)...
IPF converged at iteration 41
IPF row error: 25.296566, col error: 0.000000
Starting Iterative Proportional Fitting (IPF)...
IPF converged at iteration 41
IPF row error: 25.296566, col error: 0.000000
IPF converged at iteration 41
IPF row error: 25.296566, col error: 0.000000
IPF converged at iteration 41
IPF row error: 25.296566, col error: 0.000000
Starting Iterative Proportional Fitting (IPF)...
Starting Iterative Proportional Fitting (IPF)...
Starting Iterative Proportional Fitting (IPF)...
IPF converged at iteration 41
IPF row error: 25.296566, col error: 0.000000
Starting Iterative Proportional Fitting (IPF)...
IPF converged at iteration 41
IPF row error: 25.296566, col error: 0.000000
  [2023/test] 진행 270/1750 (15.4%) | 누적 CPC 0.3370 | RMSE 1603.8745 | %RMSE 39.6792 | 경과 5.1분 | 예상 남음 28.1분
IPF converged at iteration 41
IPF row error: 25.296566, col error: 0.000000
IPF converged at iteration 41
IPF row error: 25.296566, col error: 0.000000
Starting Iterative Proportional Fitting (IPF)...
Starting Iterative Proportional Fitting (IPF)...
Starting Iterative Proportional Fitting (IPF)...
IPF converged at iteration 41
IPF row error: 25.296566, col error: 0.000000
Starting Iterative Proportional Fitting (IPF)...
IPF converged at iteration 41
IPF row error: 25.296566, col error: 0.000000
IPF converged at iteration 41
IPF converged at iteration 41
IPF row error: 25.296566, col error: 0.000000
IPF row error: 25.296566, col error: 0.000000
Starting Iterative Proportional Fitting (IPF)...
Starting Iterative Proportional Fitting (IPF)...
Starting Iterative Proportional Fitting (IPF)...
IPF converged at iteration 41
IPF row error: 25.296566, col error: 0.000000
Starting Iterative Proportional Fitting (IPF)...
IPF converged at iteration 41
IPF row error: 25.296566, col error: 0.000000
IPF converged at iteration 41
IPF converged at iteration 41
IPF row error: 25.296566, col error: 0.000000
IPF row error: 25.296566, col error: 0.000000
Starting Iterative Proportional Fitting (IPF)...
Starting Iterative Proportional Fitting (IPF)...
Starting Iterative Proportional Fitting (IPF)...
IPF converged at iteration 41
IPF row error: 25.296566, col error: 0.000000
Starting Iterative Proportional Fitting (IPF)...
IPF converged at iteration 41
IPF row error: 25.296566, col error: 0.000000
IPF converged at iteration 41
IPF converged at iteration 41
IPF row error: 25.296566, col error: 0.000000
IPF row error: 25.296566, col error: 0.000000
Starting Iterative Proportional Fitting (IPF)...
Starting Iterative Proportional Fitting (IPF)...
Starting Iterative Proportional Fitting (IPF)...
IPF converged at iteration 41
IPF row error: 25.296566, col error: 0.000000
Starting Iterative Proportional Fitting (IPF)...
IPF converged at iteration 41
IPF row error: 25.296566, col error: 0.000000
IPF converged at iteration 41
IPF converged at iteration 41
IPF row error: 25.296566, col error: 0.000000
IPF row error: 25.296566, col error: 0.000000
Starting Iterative Proportional Fitting (IPF)...
Starting Iterative Proportional Fitting (IPF)...
Starting Iterative Proportional Fitting (IPF)...
IPF converged at iteration 41
IPF row error: 25.296566, col error: 0.000000
Starting Iterative Proportional Fitting (IPF)...
IPF converged at iteration 41
IPF row error: 25.296566, col error: 0.000000
IPF converged at iteration 41
IPF row error: 25.296566, col error: 0.000000
IPF converged at iteration 41
IPF row error: 25.296566, col error: 0.000000
Starting Iterative Proportional Fitting (IPF)...
Starting Iterative Proportional Fitting (IPF)...
Starting Iterative Proportional Fitting (IPF)...
IPF converged at iteration 41
IPF row error: 25.296566, col error: 0.000000
Starting Iterative Proportional Fitting (IPF)...
IPF converged at iteration 41
IPF row error: 25.296566, col error: 0.000000
IPF converged at iteration 41
IPF row error: 25.296566, col error: 0.000000
IPF converged at iteration 41
Starting Iterative Proportional Fitting (IPF)...
IPF row error: 25.296566, col error: 0.000000
Starting Iterative Proportional Fitting (IPF)...
Starting Iterative Proportional Fitting (IPF)...
IPF converged at iteration 41
IPF row error: 25.296566, col error: 0.000000
Starting Iterative Proportional Fitting (IPF)...
IPF converged at iteration 41
IPF converged at iteration 41
IPF row error: 25.296566, col error: 0.000000
IPF row error: 25.296566, col error: 0.000000
IPF converged at iteration 41
Starting Iterative Proportional Fitting (IPF)...
Starting Iterative Proportional Fitting (IPF)...IPF row error: 25.296566, col error: 0.000000

  [2023/test] 진행 300/1750 (17.1%) | 누적 CPC 0.3367 | RMSE 1649.4302 | %RMSE 39.7645 | 경과 5.7분 | 예상 남음 27.5분
Starting Iterative Proportional Fitting (IPF)...
IPF converged at iteration 41
IPF row error: 25.296566, col error: 0.000000
Starting Iterative Proportional Fitting (IPF)...
IPF converged at iteration 41
IPF converged at iteration 41
IPF row error: 25.296566, col error: 0.000000
IPF row error: 25.296566, col error: 0.000000
Starting Iterative Proportional Fitting (IPF)...
IPF converged at iteration 41
Starting Iterative Proportional Fitting (IPF)...
IPF row error: 25.296566, col error: 0.000000
Starting Iterative Proportional Fitting (IPF)...
IPF converged at iteration 41
IPF row error: 25.296566, col error: 0.000000
Starting Iterative Proportional Fitting (IPF)...
IPF converged at iteration 41
IPF row error: 25.296566, col error: 0.000000
IPF converged at iteration 41
IPF row error: 25.296566, col error: 0.000000
Starting Iterative Proportional Fitting (IPF)...
IPF converged at iteration 41
Starting Iterative Proportional Fitting (IPF)...
IPF row error: 25.296566, col error: 0.000000
Starting Iterative Proportional Fitting (IPF)...
IPF converged at iteration 41
IPF row error: 25.296566, col error: 0.000000
Starting Iterative Proportional Fitting (IPF)...
IPF converged at iteration 41
IPF row error: 25.296566, col error: 0.000000
IPF converged at iteration 41
IPF row error: 25.296566, col error: 0.000000
Starting Iterative Proportional Fitting (IPF)...
IPF converged at iteration 41
IPF row error: 25.296566, col error: 0.000000
Starting Iterative Proportional Fitting (IPF)...
Starting Iterative Proportional Fitting (IPF)...
IPF converged at iteration 41
IPF row error: 25.296566, col error: 0.000000
Starting Iterative Proportional Fitting (IPF)...
IPF converged at iteration 41
IPF row error: 25.296566, col error: 0.000000
IPF converged at iteration 41
IPF row error: 25.296566, col error: 0.000000
Starting Iterative Proportional Fitting (IPF)...
IPF converged at iteration 41
IPF row error: 25.296566, col error: 0.000000
Starting Iterative Proportional Fitting (IPF)...
Starting Iterative Proportional Fitting (IPF)...
IPF converged at iteration 41
IPF row error: 25.296566, col error: 0.000000
Starting Iterative Proportional Fitting (IPF)...
IPF converged at iteration 41
IPF row error: 25.296566, col error: 0.000000
IPF converged at iteration 41
IPF row error: 25.296566, col error: 0.000000
Starting Iterative Proportional Fitting (IPF)...
IPF converged at iteration 41
IPF row error: 25.296566, col error: 0.000000
Starting Iterative Proportional Fitting (IPF)...
Starting Iterative Proportional Fitting (IPF)...
IPF converged at iteration 41
IPF row error: 25.296566, col error: 0.000000
Starting Iterative Proportional Fitting (IPF)...
IPF converged at iteration 41
IPF row error: 25.296566, col error: 0.000000
Starting Iterative Proportional Fitting (IPF)...
IPF converged at iteration 41
IPF row error: 25.296566, col error: 0.000000
IPF converged at iteration 41
IPF row error: 25.296566, col error: 0.000000
Starting Iterative Proportional Fitting (IPF)...
Starting Iterative Proportional Fitting (IPF)...
IPF converged at iteration 41
IPF row error: 25.296566, col error: 0.000000
Starting Iterative Proportional Fitting (IPF)...
IPF converged at iteration 41
IPF row error: 25.296566, col error: 0.000000
IPF converged at iteration 41
Starting Iterative Proportional Fitting (IPF)...
IPF row error: 25.296566, col error: 0.000000
IPF converged at iteration 41
IPF row error: 25.296566, col error: 0.000000
Starting Iterative Proportional Fitting (IPF)...
Starting Iterative Proportional Fitting (IPF)...
IPF converged at iteration 41
IPF row error: 25.296566, col error: 0.000000
Starting Iterative Proportional Fitting (IPF)...
IPF converged at iteration 41
IPF row error: 25.296566, col error: 0.000000
  [2023/test] 진행 330/1750 (18.9%) | 누적 CPC 0.3455 | RMSE 1590.7015 | %RMSE 37.3462 | 경과 6.3분 | 예상 남음 27.0분
Starting Iterative Proportional Fitting (IPF)...
IPF converged at iteration 41
IPF row error: 25.296566, col error: 0.000000
IPF converged at iteration 41
IPF row error: 25.296566, col error: 0.000000
Starting Iterative Proportional Fitting (IPF)...
Starting Iterative Proportional Fitting (IPF)...
IPF converged at iteration 41
IPF row error: 25.296566, col error: 0.000000
Starting Iterative Proportional Fitting (IPF)...
IPF converged at iteration 41
IPF row error: 25.296566, col error: 0.000000
Starting Iterative Proportional Fitting (IPF)...
IPF converged at iteration 41
IPF row error: 25.296566, col error: 0.000000
IPF converged at iteration 41
IPF row error: 25.296566, col error: 0.000000
Starting Iterative Proportional Fitting (IPF)...
Starting Iterative Proportional Fitting (IPF)...
IPF converged at iteration 41
IPF row error: 25.296566, col error: 0.000000
Starting Iterative Proportional Fitting (IPF)...
IPF converged at iteration 41
IPF row error: 25.296566, col error: 0.000000
Starting Iterative Proportional Fitting (IPF)...
IPF converged at iteration 41
IPF row error: 25.296566, col error: 0.000000
IPF converged at iteration 41
IPF row error: 25.296566, col error: 0.000000
Starting Iterative Proportional Fitting (IPF)...
Starting Iterative Proportional Fitting (IPF)...
IPF converged at iteration 41
IPF row error: 25.296566, col error: 0.000000
Starting Iterative Proportional Fitting (IPF)...
IPF converged at iteration 41
IPF row error: 25.296566, col error: 0.000000
Starting Iterative Proportional Fitting (IPF)...
IPF converged at iteration 41
IPF row error: 25.296566, col error: 0.000000
IPF converged at iteration 41
IPF row error: 25.296566, col error: 0.000000
Starting Iterative Proportional Fitting (IPF)...
Starting Iterative Proportional Fitting (IPF)...
IPF converged at iteration 41
IPF row error: 25.296566, col error: 0.000000
Starting Iterative Proportional Fitting (IPF)...
IPF converged at iteration 41
IPF row error: 25.296566, col error: 0.000000
Starting Iterative Proportional Fitting (IPF)...
IPF converged at iteration 41
IPF row error: 25.296566, col error: 0.000000
IPF converged at iteration 41
IPF row error: 25.296566, col error: 0.000000
Starting Iterative Proportional Fitting (IPF)...
Starting Iterative Proportional Fitting (IPF)...
IPF converged at iteration 41
IPF row error: 25.296566, col error: 0.000000
Starting Iterative Proportional Fitting (IPF)...
IPF converged at iteration 26
IPF row error: 26.335094, col error: 0.000000
IPF converged at iteration 26
IPF row error: 22.398569, col error: 0.000000
Starting Iterative Proportional Fitting (IPF)...
Starting Iterative Proportional Fitting (IPF)...
IPF converged at iteration 41
IPF row error: 25.296566, col error: 0.000000
Starting Iterative Proportional Fitting (IPF)...
IPF converged at iteration 27
IPF row error: 23.894362, col error: 0.000000
Starting Iterative Proportional Fitting (IPF)...
IPF converged at iteration 33
IPF row error: 27.375244, col error: 0.000000
Starting Iterative Proportional Fitting (IPF)...
IPF converged at iteration 41
IPF row error: 25.296566, col error: 0.000000
Starting Iterative Proportional Fitting (IPF)...
IPF converged at iteration 41
IPF row error: 25.296566, col error: 0.000000
Starting Iterative Proportional Fitting (IPF)...
IPF converged at iteration 41
IPF row error: 25.296566, col error: 0.000000
Starting Iterative Proportional Fitting (IPF)...
IPF converged at iteration 27
IPF row error: 25.503619, col error: 0.000000
Starting Iterative Proportional Fitting (IPF)...
IPF converged at iteration 45
IPF row error: 24.969518, col error: 0.000000
IPF converged at iteration 31
IPF row error: 25.520244, col error: 0.000000IPF converged at iteration 56

  [2023/test] 진행 360/1750 (20.6%) | 누적 CPC 0.3534 | RMSE 1542.0683 | %RMSE 35.3620 | 경과 6.9분 | 예상 남음 26.5분
IPF row error: 27.160708, col error: 0.000000
Starting Iterative Proportional Fitting (IPF)...
Starting Iterative Proportional Fitting (IPF)...
Starting Iterative Proportional Fitting (IPF)...
IPF converged at iteration 41
IPF row error: 25.296566, col error: 0.000000
Starting Iterative Proportional Fitting (IPF)...
IPF converged at iteration 26
IPF row error: 27.783848, col error: 0.000000
Starting Iterative Proportional Fitting (IPF)...
IPF converged at iteration 27
IPF row error: 26.272906, col error: 0.000000
Starting Iterative Proportional Fitting (IPF)...
IPF converged at iteration 39
IPF row error: 28.771209, col error: 0.000000
Starting Iterative Proportional Fitting (IPF)...
IPF converged at iteration 45
IPF row error: 25.657977, col error: 0.000000
Starting Iterative Proportional Fitting (IPF)...
IPF converged at iteration 26
IPF row error: 23.793548, col error: 0.000000
Starting Iterative Proportional Fitting (IPF)...
IPF converged at iteration 27
IPF row error: 25.593391, col error: 0.000000
Starting Iterative Proportional Fitting (IPF)...
IPF converged at iteration 52
IPF row error: 25.722850, col error: 0.000000
Starting Iterative Proportional Fitting (IPF)...
IPF converged at iteration 26
IPF row error: 26.885967, col error: 0.000000
Starting Iterative Proportional Fitting (IPF)...
IPF converged at iteration 29
IPF row error: 27.469067, col error: 0.000000
Starting Iterative Proportional Fitting (IPF)...
IPF converged at iteration 90
IPF row error: 29.219318, col error: 0.000000
IPF converged at iteration 43
IPF row error: 25.911876, col error: 0.000000
Starting Iterative Proportional Fitting (IPF)...
Starting Iterative Proportional Fitting (IPF)...
IPF converged at iteration 41
IPF row error: 25.296566, col error: 0.000000
Starting Iterative Proportional Fitting (IPF)...
IPF converged at iteration 25
IPF row error: 27.781505, col error: 0.000000
IPF converged at iteration 41
IPF row error: 25.296566, col error: 0.000000
Starting Iterative Proportional Fitting (IPF)...
Starting Iterative Proportional Fitting (IPF)...
IPF converged at iteration 28
IPF row error: 23.931071, col error: 0.000000
Starting Iterative Proportional Fitting (IPF)...
IPF converged at iteration 27
IPF row error: 25.563872, col error: 0.000000
IPF converged at iteration 41
IPF row error: 25.296566, col error: 0.000000
Starting Iterative Proportional Fitting (IPF)...
Starting Iterative Proportional Fitting (IPF)...
IPF converged at iteration 41
IPF row error: 25.296566, col error: 0.000000
Starting Iterative Proportional Fitting (IPF)...
IPF converged at iteration 41
IPF row error: 25.296566, col error: 0.000000
Starting Iterative Proportional Fitting (IPF)...
IPF converged at iteration 27
IPF row error: 28.797263, col error: 0.000000
Starting Iterative Proportional Fitting (IPF)...
IPF converged at iteration 41
IPF row error: 25.296566, col error: 0.000000
Starting Iterative Proportional Fitting (IPF)...
IPF converged at iteration 41
IPF row error: 25.296566, col error: 0.000000
Starting Iterative Proportional Fitting (IPF)...
IPF converged at iteration 27
IPF converged at iteration 41IPF row error: 23.488994, col error: 0.000000

IPF row error: 25.296566, col error: 0.000000
Starting Iterative Proportional Fitting (IPF)...
Starting Iterative Proportional Fitting (IPF)...
IPF converged at iteration 28
IPF row error: 28.852954, col error: 0.000000
Starting Iterative Proportional Fitting (IPF)...
IPF converged at iteration 41
IPF row error: 25.296566, col error: 0.000000
Starting Iterative Proportional Fitting (IPF)...
IPF converged at iteration 41
IPF converged at iteration 41
IPF row error: 25.296566, col error: 0.000000
IPF row error: 25.296566, col error: 0.000000
  [2023/test] 진행 390/1750 (22.3%) | 누적 CPC 0.3610 | RMSE 1499.3837 | %RMSE 33.7198 | 경과 7.4분 | 예상 남음 25.7분
Starting Iterative Proportional Fitting (IPF)...
Starting Iterative Proportional Fitting (IPF)...
IPF converged at iteration 36
IPF row error: 26.505287, col error: 0.000000
Starting Iterative Proportional Fitting (IPF)...
IPF converged at iteration 26
IPF row error: 26.296759, col error: 0.000000
Starting Iterative Proportional Fitting (IPF)...
IPF converged at iteration 38
IPF row error: 25.430722, col error: 0.000000
Starting Iterative Proportional Fitting (IPF)...
IPF converged at iteration 41
IPF row error: 25.296566, col error: 0.000000
Starting Iterative Proportional Fitting (IPF)...
IPF converged at iteration 41
IPF row error: 25.296566, col error: 0.000000
IPF converged at iteration 26
IPF row error: 27.185583, col error: 0.000000
Starting Iterative Proportional Fitting (IPF)...
Starting Iterative Proportional Fitting (IPF)...
IPF converged at iteration 27
IPF row error: 27.648204, col error: 0.000000
Starting Iterative Proportional Fitting (IPF)...
IPF converged at iteration 41
IPF row error: 25.296566, col error: 0.000000
Starting Iterative Proportional Fitting (IPF)...
IPF converged at iteration 41
IPF row error: 25.296566, col error: 0.000000
IPF converged at iteration 41
IPF row error: 25.296566, col error: 0.000000
IPF converged at iteration 36
IPF row error: 24.525253, col error: 0.000000
Starting Iterative Proportional Fitting (IPF)...
Starting Iterative Proportional Fitting (IPF)...
Starting Iterative Proportional Fitting (IPF)...
IPF converged at iteration 41
IPF converged at iteration 41
IPF row error: 25.296566, col error: 0.000000
IPF row error: 25.296566, col error: 0.000000
IPF converged at iteration 41
IPF row error: 25.296566, col error: 0.000000
Starting Iterative Proportional Fitting (IPF)...
Starting Iterative Proportional Fitting (IPF)...
Starting Iterative Proportional Fitting (IPF)...
IPF converged at iteration 73
IPF row error: 26.369840, col error: 0.000000
Starting Iterative Proportional Fitting (IPF)...
IPF converged at iteration 27
IPF row error: 24.176349, col error: 0.000000
IPF converged at iteration 27
IPF row error: 25.114257, col error: 0.000000
Starting Iterative Proportional Fitting (IPF)...
Starting Iterative Proportional Fitting (IPF)...
IPF converged at iteration 41
IPF row error: 25.296566, col error: 0.000000
Starting Iterative Proportional Fitting (IPF)...
IPF converged at iteration 28
IPF converged at iteration 41
IPF row error: 24.873292, col error: 0.000000
IPF row error: 25.296566, col error: 0.000000
Starting Iterative Proportional Fitting (IPF)...
Starting Iterative Proportional Fitting (IPF)...
IPF converged at iteration 36
IPF row error: 26.832628, col error: 0.000000
Starting Iterative Proportional Fitting (IPF)...
IPF converged at iteration 41
IPF row error: 25.296566, col error: 0.000000
Starting Iterative Proportional Fitting (IPF)...
IPF converged at iteration 32
IPF row error: 26.985664, col error: 0.000000
IPF converged at iteration 41
IPF row error: 25.296566, col error: 0.000000
Starting Iterative Proportional Fitting (IPF)...
Starting Iterative Proportional Fitting (IPF)...
IPF converged at iteration 46
IPF row error: 25.240926, col error: 0.000000
Starting Iterative Proportional Fitting (IPF)...
IPF converged at iteration 41
IPF row error: 25.296566, col error: 0.000000
Starting Iterative Proportional Fitting (IPF)...
IPF converged at iteration 28
IPF row error: 26.889097, col error: 0.000000
IPF converged at iteration 38
Starting Iterative Proportional Fitting (IPF)...
IPF row error: 23.757461, col error: 0.000000
Starting Iterative Proportional Fitting (IPF)...
IPF converged at iteration 41
IPF row error: 25.296566, col error: 0.000000
Starting Iterative Proportional Fitting (IPF)...
IPF converged at iteration 28
IPF row error: 21.766942, col error: 0.000000
  [2023/test] 진행 420/1750 (24.0%) | 누적 CPC 0.3657 | RMSE 1478.7724 | %RMSE 32.6879 | 경과 7.9분 | 예상 남음 24.9분
Starting Iterative Proportional Fitting (IPF)...
IPF converged at iteration 35
IPF row error: 23.199180, col error: 0.000000
Starting Iterative Proportional Fitting (IPF)...
IPF converged at iteration 32
IPF row error: 35.096397, col error: 0.000000
IPF converged at iteration 41
IPF row error: 25.296566, col error: 0.000000
Starting Iterative Proportional Fitting (IPF)...
Starting Iterative Proportional Fitting (IPF)...
IPF converged at iteration 41
IPF row error: 25.296566, col error: 0.000000
IPF converged at iteration 27
IPF row error: 23.125820, col error: 0.000000
Starting Iterative Proportional Fitting (IPF)...
Starting Iterative Proportional Fitting (IPF)...
IPF converged at iteration 29
IPF row error: 22.584221, col error: 0.000000
Starting Iterative Proportional Fitting (IPF)...
IPF converged at iteration 41
IPF row error: 25.296566, col error: 0.000000
Starting Iterative Proportional Fitting (IPF)...
IPF converged at iteration 29
IPF row error: 25.593043, col error: 0.000000
Starting Iterative Proportional Fitting (IPF)...
IPF converged at iteration 41
IPF row error: 25.296566, col error: 0.000000
Starting Iterative Proportional Fitting (IPF)...
IPF converged at iteration 41
IPF row error: 25.296566, col error: 0.000000
Starting Iterative Proportional Fitting (IPF)...
IPF converged at iteration 41
IPF row error: 25.296566, col error: 0.000000
IPF converged at iteration 65
IPF row error: 26.185083, col error: 0.000000
Starting Iterative Proportional Fitting (IPF)...
Starting Iterative Proportional Fitting (IPF)...
IPF converged at iteration 41
IPF row error: 25.296566, col error: 0.000000
Starting Iterative Proportional Fitting (IPF)...
IPF converged at iteration 26
IPF converged at iteration 29
IPF row error: 25.338098, col error: 0.000000
IPF row error: 28.250358, col error: 0.000000
Starting Iterative Proportional Fitting (IPF)...
Starting Iterative Proportional Fitting (IPF)...
IPF converged at iteration 63
IPF row error: 27.330064, col error: 0.000000
IPF converged at iteration 41
IPF row error: 25.296566, col error: 0.000000
Starting Iterative Proportional Fitting (IPF)...
Starting Iterative Proportional Fitting (IPF)...
IPF converged at iteration 41
IPF converged at iteration 41
IPF row error: 25.296566, col error: 0.000000
IPF row error: 25.296566, col error: 0.000000
Starting Iterative Proportional Fitting (IPF)...
Starting Iterative Proportional Fitting (IPF)...
IPF converged at iteration 41
IPF converged at iteration 41
IPF row error: 25.296566, col error: 0.000000
IPF row error: 25.296566, col error: 0.000000
Starting Iterative Proportional Fitting (IPF)...
Starting Iterative Proportional Fitting (IPF)...
IPF converged at iteration 41
IPF converged at iteration 41
IPF row error: 25.296566, col error: 0.000000
IPF row error: 25.296566, col error: 0.000000
Starting Iterative Proportional Fitting (IPF)...
Starting Iterative Proportional Fitting (IPF)...
IPF converged at iteration 28
IPF row error: 21.579647, col error: 0.000000
Starting Iterative Proportional Fitting (IPF)...
IPF converged at iteration 41
IPF row error: 25.296566, col error: 0.000000
Starting Iterative Proportional Fitting (IPF)...
IPF converged at iteration 37
IPF row error: 27.338768, col error: 0.000000
IPF converged at iteration 41
IPF row error: 25.296566, col error: 0.000000
Starting Iterative Proportional Fitting (IPF)...
Starting Iterative Proportional Fitting (IPF)...
IPF converged at iteration 27
IPF row error: 22.319947, col error: 0.000000
IPF converged at iteration 41
IPF row error: 25.296566, col error: 0.000000
Starting Iterative Proportional Fitting (IPF)...
Starting Iterative Proportional Fitting (IPF)...
IPF converged at iteration 41
IPF row error: 25.296566, col error: 0.000000
  [2023/test] 진행 450/1750 (25.7%) | 누적 CPC 0.3688 | RMSE 1465.9349 | %RMSE 31.9365 | 경과 8.4분 | 예상 남음 24.2분
IPF converged at iteration 41
IPF row error: 25.296566, col error: 0.000000
Starting Iterative Proportional Fitting (IPF)...
Starting Iterative Proportional Fitting (IPF)...
IPF converged at iteration 41
IPF row error: 25.296566, col error: 0.000000
IPF converged at iteration 41
IPF row error: 25.296566, col error: 0.000000
Starting Iterative Proportional Fitting (IPF)...
Starting Iterative Proportional Fitting (IPF)...
IPF converged at iteration 31
IPF row error: 24.746111, col error: 0.000000
Starting Iterative Proportional Fitting (IPF)...
IPF converged at iteration 41
IPF row error: 25.296566, col error: 0.000000
IPF converged at iteration 35
IPF row error: 27.190138, col error: 0.000000
Starting Iterative Proportional Fitting (IPF)...
Starting Iterative Proportional Fitting (IPF)...
IPF converged at iteration 27
IPF row error: 27.604078, col error: 0.000000
Starting Iterative Proportional Fitting (IPF)...
IPF converged at iteration 31
IPF converged at iteration 78
IPF row error: 25.302584, col error: 0.000000
IPF row error: 27.508053, col error: 0.000000
Starting Iterative Proportional Fitting (IPF)...
Starting Iterative Proportional Fitting (IPF)...
IPF converged at iteration 41
IPF row error: 25.296566, col error: 0.000000
Starting Iterative Proportional Fitting (IPF)...
IPF converged at iteration 41
IPF row error: 25.296566, col error: 0.000000
Starting Iterative Proportional Fitting (IPF)...
IPF converged at iteration 41
IPF converged at iteration 41
IPF row error: 25.296566, col error: 0.000000
IPF row error: 25.296566, col error: 0.000000
Starting Iterative Proportional Fitting (IPF)...
Starting Iterative Proportional Fitting (IPF)...
IPF converged at iteration 41
IPF row error: 25.296566, col error: 0.000000
Starting Iterative Proportional Fitting (IPF)...
IPF converged at iteration 41
IPF row error: 25.296566, col error: 0.000000
IPF converged at iteration 34
IPF row error: 26.339768, col error: 0.000000
Starting Iterative Proportional Fitting (IPF)...
IPF converged at iteration 24
IPF row error: 26.277772, col error: 0.000000
Starting Iterative Proportional Fitting (IPF)...
Starting Iterative Proportional Fitting (IPF)...
IPF converged at iteration 41
IPF row error: 25.296566, col error: 0.000000
Starting Iterative Proportional Fitting (IPF)...
IPF converged at iteration 32
IPF row error: 35.613135, col error: 0.000000
Starting Iterative Proportional Fitting (IPF)...
IPF converged at iteration 41
IPF row error: 25.296566, col error: 0.000000
Starting Iterative Proportional Fitting (IPF)...
IPF converged at iteration 41
IPF converged at iteration 36
IPF row error: 25.296566, col error: 0.000000
IPF row error: 27.470502, col error: 0.000000
Starting Iterative Proportional Fitting (IPF)...
Starting Iterative Proportional Fitting (IPF)...
IPF converged at iteration 41
IPF row error: 25.296566, col error: 0.000000
Starting Iterative Proportional Fitting (IPF)...
IPF converged at iteration 41
IPF row error: 25.296566, col error: 0.000000
Starting Iterative Proportional Fitting (IPF)...
IPF converged at iteration 41
IPF converged at iteration 41
IPF row error: 25.296566, col error: 0.000000
IPF row error: 25.296566, col error: 0.000000
Starting Iterative Proportional Fitting (IPF)...
Starting Iterative Proportional Fitting (IPF)...
IPF converged at iteration 41
IPF row error: 25.296566, col error: 0.000000
Starting Iterative Proportional Fitting (IPF)...
IPF converged at iteration 41
IPF row error: 25.296566, col error: 0.000000
IPF converged at iteration 33
IPF row error: 29.541391, col error: 0.000000
Starting Iterative Proportional Fitting (IPF)...
Starting Iterative Proportional Fitting (IPF)...
IPF converged at iteration 53
IPF row error: 25.860866, col error: 0.000000
  [2023/test] 진행 480/1750 (27.4%) | 누적 CPC 0.3642 | RMSE 1496.7274 | %RMSE 33.2893 | 경과 9.1분 | 예상 남음 24.0분
Starting Iterative Proportional Fitting (IPF)...
IPF converged at iteration 36
IPF converged at iteration 27
IPF row error: 28.323191, col error: 0.000000
IPF row error: 21.551663, col error: 0.000000
Starting Iterative Proportional Fitting (IPF)...
Starting Iterative Proportional Fitting (IPF)...
IPF converged at iteration 25
IPF row error: 22.386905, col error: 0.000000
Starting Iterative Proportional Fitting (IPF)...
IPF converged at iteration 27
IPF row error: 24.282395, col error: 0.000000
Starting Iterative Proportional Fitting (IPF)...
IPF converged at iteration 41
IPF row error: 25.296566, col error: 0.000000
Starting Iterative Proportional Fitting (IPF)...
IPF converged at iteration 51
IPF converged at iteration 41
IPF row error: 26.600585, col error: 0.000000
IPF row error: 25.296566, col error: 0.000000
Starting Iterative Proportional Fitting (IPF)...Starting Iterative Proportional Fitting (IPF)...

IPF converged at iteration 40
IPF row error: 27.804685, col error: 0.000000
Starting Iterative Proportional Fitting (IPF)...
IPF converged at iteration 41
IPF row error: 25.296566, col error: 0.000000
IPF converged at iteration 30
IPF row error: 28.296540, col error: 0.000000
Starting Iterative Proportional Fitting (IPF)...
Starting Iterative Proportional Fitting (IPF)...
IPF converged at iteration 41
IPF row error: 25.296566, col error: 0.000000
Starting Iterative Proportional Fitting (IPF)...
IPF converged at iteration 41
IPF row error: 25.296566, col error: 0.000000
Starting Iterative Proportional Fitting (IPF)...
IPF converged at iteration 41
IPF row error: 25.296566, col error: 0.000000
Starting Iterative Proportional Fitting (IPF)...
IPF converged at iteration 41
IPF row error: 25.296566, col error: 0.000000
Starting Iterative Proportional Fitting (IPF)...
IPF converged at iteration 41
IPF row error: 25.296566, col error: 0.000000
Starting Iterative Proportional Fitting (IPF)...
IPF converged at iteration 25
IPF row error: 26.704733, col error: 0.000000
Starting Iterative Proportional Fitting (IPF)...
IPF converged at iteration 41
IPF row error: 25.296566, col error: 0.000000
IPF converged at iteration 49
Starting Iterative Proportional Fitting (IPF)...
IPF row error: 26.120122, col error: 0.000000
Starting Iterative Proportional Fitting (IPF)...
IPF converged at iteration 41
IPF row error: 25.296566, col error: 0.000000
Starting Iterative Proportional Fitting (IPF)...
IPF converged at iteration 41
IPF row error: 25.296566, col error: 0.000000
Starting Iterative Proportional Fitting (IPF)...
IPF converged at iteration 41
IPF row error: 25.296566, col error: 0.000000
IPF converged at iteration 41
IPF row error: 25.296566, col error: 0.000000
Starting Iterative Proportional Fitting (IPF)...
Starting Iterative Proportional Fitting (IPF)...
IPF converged at iteration 41
IPF row error: 25.296566, col error: 0.000000
Starting Iterative Proportional Fitting (IPF)...
IPF converged at iteration 41
IPF row error: 25.296566, col error: 0.000000
Starting Iterative Proportional Fitting (IPF)...
IPF converged at iteration 27
IPF row error: 24.301053, col error: 0.000000
Starting Iterative Proportional Fitting (IPF)...
IPF converged at iteration 41
IPF row error: 25.296566, col error: 0.000000
IPF converged at iteration 28
IPF row error: 23.175511, col error: 0.000000
Starting Iterative Proportional Fitting (IPF)...
Starting Iterative Proportional Fitting (IPF)...
IPF converged at iteration 49
IPF row error: 25.671086, col error: 0.000000
Starting Iterative Proportional Fitting (IPF)...
IPF converged at iteration 30
IPF row error: 22.998489, col error: 0.000000
Starting Iterative Proportional Fitting (IPF)...
IPF converged at iteration 41
IPF row error: 25.296566, col error: 0.000000
  [2023/test] 진행 510/1750 (29.1%) | 누적 CPC 0.3587 | RMSE 1519.8782 | %RMSE 34.6246 | 경과 9.7분 | 예상 남음 23.6분
Starting Iterative Proportional Fitting (IPF)...
IPF converged at iteration 25
IPF row error: 25.356048, col error: 0.000000
Starting Iterative Proportional Fitting (IPF)...
IPF converged at iteration 53
IPF row error: 26.078640, col error: 0.000000
IPF converged at iteration 41
IPF row error: 25.296566, col error: 0.000000
Starting Iterative Proportional Fitting (IPF)...
Starting Iterative Proportional Fitting (IPF)...
IPF converged at iteration 34
IPF row error: 25.937927, col error: 0.000000
Starting Iterative Proportional Fitting (IPF)...
IPF converged at iteration 34
IPF row error: 23.709726, col error: 0.000000
IPF converged at iteration 27
Starting Iterative Proportional Fitting (IPF)...
IPF row error: 23.881253, col error: 0.000000
IPF converged at iteration 32
IPF row error: 24.289552, col error: 0.000000
Starting Iterative Proportional Fitting (IPF)...
Starting Iterative Proportional Fitting (IPF)...
IPF converged at iteration 26
IPF row error: 22.691745, col error: 0.000000
Starting Iterative Proportional Fitting (IPF)...
IPF converged at iteration 41
IPF row error: 25.296566, col error: 0.000000
Starting Iterative Proportional Fitting (IPF)...
IPF converged at iteration 41
IPF row error: 25.296566, col error: 0.000000
IPF converged at iteration 40
IPF row error: 28.368798, col error: 0.000000
Starting Iterative Proportional Fitting (IPF)...
Starting Iterative Proportional Fitting (IPF)...
IPF converged at iteration 44
IPF row error: 26.688829, col error: 0.000000
IPF converged at iteration 25
IPF row error: 24.453095, col error: 0.000000
IPF converged at iteration 28
Starting Iterative Proportional Fitting (IPF)...
IPF row error: 26.046363, col error: 0.000000
Starting Iterative Proportional Fitting (IPF)...
Starting Iterative Proportional Fitting (IPF)...
IPF converged at iteration 41
IPF row error: 25.296566, col error: 0.000000
Starting Iterative Proportional Fitting (IPF)...
IPF converged at iteration 29
IPF row error: 22.052004, col error: 0.000000
Starting Iterative Proportional Fitting (IPF)...
IPF converged at iteration 41
IPF row error: 25.296566, col error: 0.000000
Starting Iterative Proportional Fitting (IPF)...
IPF converged at iteration 41
IPF row error: 25.296566, col error: 0.000000
IPF converged at iteration 49
IPF row error: 26.787354, col error: 0.000000
Starting Iterative Proportional Fitting (IPF)...
Starting Iterative Proportional Fitting (IPF)...
IPF converged at iteration 41
IPF row error: 25.296566, col error: 0.000000
Starting Iterative Proportional Fitting (IPF)...
IPF converged at iteration 41
IPF row error: 25.296566, col error: 0.000000
Starting Iterative Proportional Fitting (IPF)...
IPF converged at iteration 46
IPF row error: 26.941915, col error: 0.000000
IPF converged at iteration 72
IPF row error: 26.624678, col error: 0.000000
Starting Iterative Proportional Fitting (IPF)...
Starting Iterative Proportional Fitting (IPF)...
IPF converged at iteration 28
IPF row error: 27.625669, col error: 0.000000
Starting Iterative Proportional Fitting (IPF)...
IPF converged at iteration 41
IPF row error: 25.296566, col error: 0.000000
Starting Iterative Proportional Fitting (IPF)...
IPF converged at iteration 41
IPF row error: 25.296566, col error: 0.000000
IPF converged at iteration 41
IPF row error: 25.296566, col error: 0.000000
Starting Iterative Proportional Fitting (IPF)...
Starting Iterative Proportional Fitting (IPF)...
IPF converged at iteration 25
IPF row error: 25.845618, col error: 0.000000
Starting Iterative Proportional Fitting (IPF)...
IPF converged at iteration 41
IPF row error: 25.296566, col error: 0.000000
IPF converged at iteration 25
Starting Iterative Proportional Fitting (IPF)...
IPF row error: 25.947416, col error: 0.000000
  [2023/test] 진행 540/1750 (30.9%) | 누적 CPC 0.3511 | RMSE 1534.2784 | %RMSE 36.1068 | 경과 10.2분 | 예상 남음 22.9분
IPF converged at iteration 27
IPF row error: 27.800239, col error: 0.000000
Starting Iterative Proportional Fitting (IPF)...
Starting Iterative Proportional Fitting (IPF)...
IPF converged at iteration 25
IPF row error: 26.063855, col error: 0.000000
Starting Iterative Proportional Fitting (IPF)...
IPF converged at iteration 25
IPF row error: 27.899425, col error: 0.000000
Starting Iterative Proportional Fitting (IPF)...
IPF converged at iteration 41
IPF row error: 25.296566, col error: 0.000000
Starting Iterative Proportional Fitting (IPF)...
IPF converged at iteration 41
IPF row error: 25.296566, col error: 0.000000
Starting Iterative Proportional Fitting (IPF)...
IPF converged at iteration 41
IPF row error: 25.296566, col error: 0.000000
Starting Iterative Proportional Fitting (IPF)...
IPF converged at iteration 41
IPF row error: 25.296566, col error: 0.000000
Starting Iterative Proportional Fitting (IPF)...
IPF converged at iteration 41
IPF row error: 25.296566, col error: 0.000000
IPF converged at iteration 71
IPF row error: 26.789371, col error: 0.000000
Starting Iterative Proportional Fitting (IPF)...
Starting Iterative Proportional Fitting (IPF)...
IPF converged at iteration 35
IPF row error: 27.985320, col error: 0.000000
IPF converged at iteration 41
IPF row error: 25.296566, col error: 0.000000
Starting Iterative Proportional Fitting (IPF)...
Starting Iterative Proportional Fitting (IPF)...IPF converged at iteration 41

IPF row error: 25.296566, col error: 0.000000
Starting Iterative Proportional Fitting (IPF)...
IPF converged at iteration 26
IPF row error: 21.922675, col error: 0.000000
Starting Iterative Proportional Fitting (IPF)...
IPF converged at iteration 92
IPF row error: 27.800329, col error: 0.000000
Starting Iterative Proportional Fitting (IPF)...
IPF converged at iteration 41
IPF row error: 25.296566, col error: 0.000000
Starting Iterative Proportional Fitting (IPF)...
IPF converged at iteration 58
IPF row error: 25.627170, col error: 0.000000
Starting Iterative Proportional Fitting (IPF)...
IPF converged at iteration 41
IPF row error: 25.296566, col error: 0.000000
Starting Iterative Proportional Fitting (IPF)...
IPF converged at iteration 41
IPF row error: 25.296566, col error: 0.000000
Starting Iterative Proportional Fitting (IPF)...
IPF converged at iteration 41
IPF row error: 25.296566, col error: 0.000000
Starting Iterative Proportional Fitting (IPF)...
IPF converged at iteration 41
IPF row error: 25.296566, col error: 0.000000
Starting Iterative Proportional Fitting (IPF)...
IPF converged at iteration 32
IPF row error: 34.725596, col error: 0.000000
IPF converged at iteration 41
Starting Iterative Proportional Fitting (IPF)...
IPF row error: 25.296566, col error: 0.000000
Starting Iterative Proportional Fitting (IPF)...
IPF converged at iteration 41
IPF row error: 25.296566, col error: 0.000000
Starting Iterative Proportional Fitting (IPF)...
IPF converged at iteration 31
IPF row error: 24.111232, col error: 0.000000
Starting Iterative Proportional Fitting (IPF)...
IPF converged at iteration 41
IPF row error: 25.296566, col error: 0.000000
IPF converged at iteration 27
IPF row error: 24.149154, col error: 0.000000
Starting Iterative Proportional Fitting (IPF)...
Starting Iterative Proportional Fitting (IPF)...
IPF converged at iteration 64
IPF row error: 28.538044, col error: 0.000000
Starting Iterative Proportional Fitting (IPF)...
IPF converged at iteration 41
IPF row error: 25.296566, col error: 0.000000
Starting Iterative Proportional Fitting (IPF)...
IPF converged at iteration 40
IPF row error: 29.148982, col error: 0.000000
IPF converged at iteration 41
Starting Iterative Proportional Fitting (IPF)...
IPF row error: 25.296566, col error: 0.000000
  [2023/test] 진행 570/1750 (32.6%) | 누적 CPC 0.3472 | RMSE 1553.7815 | %RMSE 37.0273 | 경과 11.0분 | 예상 남음 22.7분
Starting Iterative Proportional Fitting (IPF)...
IPF converged at iteration 41
IPF row error: 25.296566, col error: 0.000000
Starting Iterative Proportional Fitting (IPF)...
IPF converged at iteration 41
IPF row error: 25.296566, col error: 0.000000
Starting Iterative Proportional Fitting (IPF)...
IPF converged at iteration 41
IPF row error: 25.296566, col error: 0.000000
IPF converged at iteration 46
IPF row error: 25.608611, col error: 0.000000
Starting Iterative Proportional Fitting (IPF)...
Starting Iterative Proportional Fitting (IPF)...
IPF converged at iteration 25
IPF row error: 25.198572, col error: 0.000000
Starting Iterative Proportional Fitting (IPF)...
IPF converged at iteration 41
IPF row error: 25.296566, col error: 0.000000
Starting Iterative Proportional Fitting (IPF)...
IPF converged at iteration 41
IPF row error: 25.296566, col error: 0.000000
IPF converged at iteration 28
IPF row error: 21.942324, col error: 0.000000
IPF converged at iteration 41
Starting Iterative Proportional Fitting (IPF)...
IPF row error: 25.296566, col error: 0.000000
Starting Iterative Proportional Fitting (IPF)...
Starting Iterative Proportional Fitting (IPF)...
IPF converged at iteration 41
IPF row error: 25.296566, col error: 0.000000
Starting Iterative Proportional Fitting (IPF)...
IPF converged at iteration 41
IPF row error: 25.296566, col error: 0.000000
IPF converged at iteration 41
IPF row error: 25.296566, col error: 0.000000
Starting Iterative Proportional Fitting (IPF)...
IPF converged at iteration 41
Starting Iterative Proportional Fitting (IPF)...
IPF row error: 25.296566, col error: 0.000000
Starting Iterative Proportional Fitting (IPF)...
IPF converged at iteration 41
IPF row error: 25.296566, col error: 0.000000
Starting Iterative Proportional Fitting (IPF)...
IPF converged at iteration 26
IPF row error: 28.831540, col error: 0.000000
Starting Iterative Proportional Fitting (IPF)...
IPF converged at iteration 26
IPF row error: 28.484195, col error: 0.000000
Starting Iterative Proportional Fitting (IPF)...
IPF converged at iteration 41
IPF row error: 25.296566, col error: 0.000000
Starting Iterative Proportional Fitting (IPF)...
IPF converged at iteration 41
IPF row error: 25.296566, col error: 0.000000
Starting Iterative Proportional Fitting (IPF)...
IPF converged at iteration 41
IPF row error: 25.296566, col error: 0.000000
Starting Iterative Proportional Fitting (IPF)...
IPF converged at iteration 41
IPF row error: 25.296566, col error: 0.000000
IPF converged at iteration 54
IPF row error: 25.391230, col error: 0.000000
Starting Iterative Proportional Fitting (IPF)...
Starting Iterative Proportional Fitting (IPF)...
IPF converged at iteration 41
IPF row error: 25.296566, col error: 0.000000
Starting Iterative Proportional Fitting (IPF)...
IPF converged at iteration 49
IPF row error: 28.009829, col error: 0.000000
IPF converged at iteration 70
Starting Iterative Proportional Fitting (IPF)...
IPF row error: 27.002046, col error: 0.000000
Starting Iterative Proportional Fitting (IPF)...
IPF converged at iteration 92
IPF row error: 28.626093, col error: 0.000000
IPF converged at iteration 26
IPF row error: 28.783080, col error: 0.000000
Starting Iterative Proportional Fitting (IPF)...
Starting Iterative Proportional Fitting (IPF)...
IPF converged at iteration 26
IPF row error: 22.398569, col error: 0.000000
IPF converged at iteration 27
Starting Iterative Proportional Fitting (IPF)...
IPF row error: 23.894362, col error: 0.000000
Starting Iterative Proportional Fitting (IPF)...
IPF converged at iteration 25
IPF row error: 24.847282, col error: 0.000000
IPF converged at iteration 33
IPF row error: 27.375244, col error: 0.000000
  [2023/test] 진행 600/1750 (34.3%) | 누적 CPC 0.3452 | RMSE 1575.0998 | %RMSE 37.6549 | 경과 11.6분 | 예상 남음 22.2분
Starting Iterative Proportional Fitting (IPF)...
IPF converged at iteration 28
Starting Iterative Proportional Fitting (IPF)...
IPF row error: 28.390418, col error: 0.000000
IPF converged at iteration 41
IPF row error: 25.296566, col error: 0.000000
Starting Iterative Proportional Fitting (IPF)...
Starting Iterative Proportional Fitting (IPF)...
IPF converged at iteration 30
IPF row error: 27.582760, col error: 0.000000
Starting Iterative Proportional Fitting (IPF)...
IPF converged at iteration 41
IPF row error: 25.296566, col error: 0.000000
Starting Iterative Proportional Fitting (IPF)...
IPF converged at iteration 41
IPF row error: 25.296566, col error: 0.000000
Starting Iterative Proportional Fitting (IPF)...
IPF converged at iteration 43
IPF row error: 25.822726, col error: 0.000000
Starting Iterative Proportional Fitting (IPF)...
IPF converged at iteration 27
IPF row error: 28.044044, col error: 0.000000
Starting Iterative Proportional Fitting (IPF)...
IPF converged at iteration 27
IPF row error: 22.657588, col error: 0.000000
Starting Iterative Proportional Fitting (IPF)...
IPF converged at iteration 41
IPF row error: 25.296566, col error: 0.000000
Starting Iterative Proportional Fitting (IPF)...
IPF converged at iteration 65
IPF converged at iteration 41
IPF row error: 28.324739, col error: 0.000000
IPF row error: 25.296566, col error: 0.000000
Starting Iterative Proportional Fitting (IPF)...Starting Iterative Proportional Fitting (IPF)...

IPF converged at iteration 26
IPF row error: 26.349577, col error: 0.000000
Starting Iterative Proportional Fitting (IPF)...
IPF converged at iteration 41
IPF row error: 25.296566, col error: 0.000000
Starting Iterative Proportional Fitting (IPF)...
IPF converged at iteration 37
IPF row error: 28.330411, col error: 0.000000
Starting Iterative Proportional Fitting (IPF)...
IPF converged at iteration 52
IPF row error: 25.166967, col error: 0.000000
IPF converged at iteration 41
IPF row error: 25.296566, col error: 0.000000
Starting Iterative Proportional Fitting (IPF)...
Starting Iterative Proportional Fitting (IPF)...
IPF converged at iteration 41
IPF row error: 25.296566, col error: 0.000000
Starting Iterative Proportional Fitting (IPF)...
IPF converged at iteration 41
IPF row error: 25.296566, col error: 0.000000
Starting Iterative Proportional Fitting (IPF)...
IPF converged at iteration 40
IPF row error: 23.908113, col error: 0.000000
IPF converged at iteration 41
IPF row error: 25.296566, col error: 0.000000
Starting Iterative Proportional Fitting (IPF)...
Starting Iterative Proportional Fitting (IPF)...
IPF converged at iteration 49
IPF row error: 25.768557, col error: 0.000000
Starting Iterative Proportional Fitting (IPF)...
IPF converged at iteration 41
IPF row error: 25.296566, col error: 0.000000
Starting Iterative Proportional Fitting (IPF)...
IPF converged at iteration 31
IPF row error: 27.851852, col error: 0.000000
IPF converged at iteration 34
IPF row error: 26.000967, col error: 0.000000
Starting Iterative Proportional Fitting (IPF)...
Starting Iterative Proportional Fitting (IPF)...
IPF converged at iteration 41
IPF row error: 25.296566, col error: 0.000000
IPF converged at iteration 28
IPF row error: 24.471038, col error: 0.000000
Starting Iterative Proportional Fitting (IPF)...
Starting Iterative Proportional Fitting (IPF)...
IPF converged at iteration 29
IPF row error: 28.208931, col error: 0.000000
Starting Iterative Proportional Fitting (IPF)...
IPF converged at iteration 66
IPF row error: 26.349125, col error: 0.000000
IPF converged at iteration 41
IPF converged at iteration 80
Starting Iterative Proportional Fitting (IPF)...
IPF row error: 25.296566, col error: 0.000000
IPF row error: 26.660438, col error: 0.000000
  [2023/test] 진행 630/1750 (36.0%) | 누적 CPC 0.3446 | RMSE 1598.5346 | %RMSE 37.8092 | 경과 12.3분 | 예상 남음 21.9분
Starting Iterative Proportional Fitting (IPF)...
Starting Iterative Proportional Fitting (IPF)...
IPF converged at iteration 30
IPF row error: 23.365773, col error: 0.000000
Starting Iterative Proportional Fitting (IPF)...
IPF converged at iteration 25
IPF row error: 27.719770, col error: 0.000000
IPF converged at iteration 25
Starting Iterative Proportional Fitting (IPF)...
IPF row error: 26.379969, col error: 0.000000
Starting Iterative Proportional Fitting (IPF)...
IPF converged at iteration 41
IPF row error: 25.296566, col error: 0.000000
Starting Iterative Proportional Fitting (IPF)...
IPF converged at iteration 31
IPF row error: 28.976787, col error: 0.000000
Starting Iterative Proportional Fitting (IPF)...
IPF converged at iteration 41
IPF row error: 25.296566, col error: 0.000000
Starting Iterative Proportional Fitting (IPF)...
IPF converged at iteration 41
IPF row error: 25.296566, col error: 0.000000
Starting Iterative Proportional Fitting (IPF)...
IPF converged at iteration 41
IPF row error: 25.296566, col error: 0.000000
Starting Iterative Proportional Fitting (IPF)...
IPF converged at iteration 41
IPF row error: 25.296566, col error: 0.000000
Starting Iterative Proportional Fitting (IPF)...
IPF converged at iteration 41
IPF row error: 25.296566, col error: 0.000000
Starting Iterative Proportional Fitting (IPF)...
IPF converged at iteration 41
IPF row error: 25.296566, col error: 0.000000
IPF converged at iteration 27
IPF row error: 24.971653, col error: 0.000000
Starting Iterative Proportional Fitting (IPF)...
Starting Iterative Proportional Fitting (IPF)...
IPF converged at iteration 25
IPF row error: 22.050133, col error: 0.000000
Starting Iterative Proportional Fitting (IPF)...
IPF converged at iteration 41
IPF row error: 25.296566, col error: 0.000000
Starting Iterative Proportional Fitting (IPF)...
IPF converged at iteration 50
IPF row error: 26.653799, col error: 0.000000
Starting Iterative Proportional Fitting (IPF)...
IPF converged at iteration 74
IPF converged at iteration 41
IPF row error: 28.609896, col error: 0.000000
IPF row error: 25.296566, col error: 0.000000
Starting Iterative Proportional Fitting (IPF)...
Starting Iterative Proportional Fitting (IPF)...
IPF converged at iteration 41
IPF row error: 25.296566, col error: 0.000000
IPF converged at iteration 34
Starting Iterative Proportional Fitting (IPF)...
IPF row error: 24.042398, col error: 0.000000
Starting Iterative Proportional Fitting (IPF)...
IPF converged at iteration 30
IPF row error: 22.363516, col error: 0.000000
IPF converged at iteration 34
Starting Iterative Proportional Fitting (IPF)...
IPF row error: 25.983208, col error: 0.000000
Starting Iterative Proportional Fitting (IPF)...
IPF converged at iteration 28
IPF row error: 21.857458, col error: 0.000000
Starting Iterative Proportional Fitting (IPF)...
IPF converged at iteration 26
IPF converged at iteration 41
IPF row error: 25.296566, col error: 0.000000
IPF row error: 21.464143, col error: 0.000000
Starting Iterative Proportional Fitting (IPF)...
Starting Iterative Proportional Fitting (IPF)...
IPF converged at iteration 41
IPF row error: 25.296566, col error: 0.000000
Starting Iterative Proportional Fitting (IPF)...
IPF converged at iteration 41
IPF row error: 25.296566, col error: 0.000000
Starting Iterative Proportional Fitting (IPF)...
IPF converged at iteration 41
IPF row error: 25.296566, col error: 0.000000
IPF converged at iteration 43
IPF row error: 25.455473, col error: 0.000000
Starting Iterative Proportional Fitting (IPF)...
Starting Iterative Proportional Fitting (IPF)...
IPF converged at iteration 41
IPF row error: 25.296566, col error: 0.000000
Starting Iterative Proportional Fitting (IPF)...
IPF converged at iteration 25
IPF row error: 22.359185, col error: 0.000000
IPF converged at iteration 25
  [2023/test] 진행 660/1750 (37.7%) | 누적 CPC 0.3463 | RMSE 1609.4557 | %RMSE 37.5891 | 경과 12.9분 | 예상 남음 21.3분
IPF row error: 27.064811, col error: 0.000000
Starting Iterative Proportional Fitting (IPF)...Starting Iterative Proportional Fitting (IPF)...

IPF converged at iteration 60
IPF row error: 26.858183, col error: 0.000000
Starting Iterative Proportional Fitting (IPF)...
IPF converged at iteration 41
IPF row error: 25.296566, col error: 0.000000
IPF converged at iteration 25
IPF row error: 28.252783, col error: 0.000000
Starting Iterative Proportional Fitting (IPF)...
Starting Iterative Proportional Fitting (IPF)...
IPF converged at iteration 41
IPF row error: 25.296566, col error: 0.000000
Starting Iterative Proportional Fitting (IPF)...
IPF converged at iteration 26
IPF row error: 28.996149, col error: 0.000000
Starting Iterative Proportional Fitting (IPF)...
IPF converged at iteration 41
IPF row error: 25.296566, col error: 0.000000
Starting Iterative Proportional Fitting (IPF)...
IPF converged at iteration 37
IPF row error: 28.333346, col error: 0.000000
Starting Iterative Proportional Fitting (IPF)...
IPF converged at iteration 37
IPF row error: 26.149711, col error: 0.000000
Starting Iterative Proportional Fitting (IPF)...
IPF converged at iteration 41
IPF row error: 25.296566, col error: 0.000000
IPF converged at iteration 30
Starting Iterative Proportional Fitting (IPF)...
IPF row error: 22.804866, col error: 0.000000
Starting Iterative Proportional Fitting (IPF)...
IPF converged at iteration 40
IPF row error: 28.026040, col error: 0.000000
Starting Iterative Proportional Fitting (IPF)...
IPF converged at iteration 41
IPF row error: 25.296566, col error: 0.000000
Starting Iterative Proportional Fitting (IPF)...
IPF converged at iteration 28
IPF row error: 28.153292, col error: 0.000000
Starting Iterative Proportional Fitting (IPF)...
IPF converged at iteration 32
IPF row error: 23.026136, col error: 0.000000
Starting Iterative Proportional Fitting (IPF)...
IPF converged at iteration 41
IPF row error: 25.296566, col error: 0.000000
Starting Iterative Proportional Fitting (IPF)...
IPF converged at iteration 41
IPF row error: 25.296566, col error: 0.000000
Starting Iterative Proportional Fitting (IPF)...
IPF converged at iteration 40
IPF row error: 24.847402, col error: 0.000000
Starting Iterative Proportional Fitting (IPF)...
IPF converged at iteration 58
IPF row error: 28.328634, col error: 0.000000
Starting Iterative Proportional Fitting (IPF)...
IPF converged at iteration 41
IPF row error: 25.296566, col error: 0.000000
Starting Iterative Proportional Fitting (IPF)...
IPF converged at iteration 27
IPF row error: 24.817763, col error: 0.000000
Starting Iterative Proportional Fitting (IPF)...
IPF converged at iteration 82
IPF row error: 28.463291, col error: 0.000000
Starting Iterative Proportional Fitting (IPF)...
IPF converged at iteration 71
IPF row error: 27.166287, col error: 0.000000
Starting Iterative Proportional Fitting (IPF)...
IPF converged at iteration 26
IPF row error: 24.687153, col error: 0.000000
Starting Iterative Proportional Fitting (IPF)...
IPF converged at iteration 46
IPF row error: 27.017953, col error: 0.000000
IPF converged at iteration 38
IPF row error: 26.238360, col error: 0.000000
Starting Iterative Proportional Fitting (IPF)...
Starting Iterative Proportional Fitting (IPF)...
IPF converged at iteration 63
IPF row error: 28.826324, col error: 0.000000
Starting Iterative Proportional Fitting (IPF)...
IPF converged at iteration 48
IPF row error: 25.609801, col error: 0.000000
Starting Iterative Proportional Fitting (IPF)...
IPF converged at iteration 41
IPF row error: 25.296566, col error: 0.000000
IPF converged at iteration 41
IPF row error: 25.296566, col error: 0.000000
  [2023/test] 진행 690/1750 (39.4%) | 누적 CPC 0.3522 | RMSE 1600.2288 | %RMSE 36.7484 | 경과 13.4분 | 예상 남음 20.6분
Starting Iterative Proportional Fitting (IPF)...
Starting Iterative Proportional Fitting (IPF)...
IPF converged at iteration 30
IPF row error: 25.079225, col error: 0.000000
Starting Iterative Proportional Fitting (IPF)...
IPF converged at iteration 26
IPF row error: 21.466742, col error: 0.000000
Starting Iterative Proportional Fitting (IPF)...
IPF converged at iteration 27
IPF row error: 22.902330, col error: 0.000000
Starting Iterative Proportional Fitting (IPF)...
IPF converged at iteration 41
IPF row error: 25.296566, col error: 0.000000
Starting Iterative Proportional Fitting (IPF)...
IPF converged at iteration 83
IPF row error: 27.078117, col error: 0.000000
Starting Iterative Proportional Fitting (IPF)...
IPF converged at iteration 41
IPF row error: 25.296566, col error: 0.000000
Starting Iterative Proportional Fitting (IPF)...
IPF converged at iteration 26
IPF row error: 23.570293, col error: 0.000000
IPF converged at iteration 41
IPF row error: 25.296566, col error: 0.000000
Starting Iterative Proportional Fitting (IPF)...
Starting Iterative Proportional Fitting (IPF)...
IPF converged at iteration 74
IPF row error: 26.822944, col error: 0.000000
Starting Iterative Proportional Fitting (IPF)...
IPF converged at iteration 41
IPF row error: 25.296566, col error: 0.000000
Starting Iterative Proportional Fitting (IPF)...
IPF converged at iteration 79
IPF row error: 28.476142, col error: 0.000000
Starting Iterative Proportional Fitting (IPF)...
IPF converged at iteration 80
IPF row error: 27.234129, col error: 0.000000
IPF converged at iteration 48
IPF row error: 27.833953, col error: 0.000000
Starting Iterative Proportional Fitting (IPF)...
Starting Iterative Proportional Fitting (IPF)...
IPF converged at iteration 80
IPF row error: 28.422581, col error: 0.000000
Starting Iterative Proportional Fitting (IPF)...
IPF converged at iteration 34
IPF row error: 24.619626, col error: 0.000000
Starting Iterative Proportional Fitting (IPF)...
IPF converged at iteration 80
IPF row error: 28.562133, col error: 0.000000
IPF converged at iteration 91
IPF row error: 29.166502, col error: 0.000000
Starting Iterative Proportional Fitting (IPF)...
Starting Iterative Proportional Fitting (IPF)...
IPF converged at iteration 65
IPF row error: 27.969079, col error: 0.000000
Starting Iterative Proportional Fitting (IPF)...
IPF converged at iteration 30
IPF row error: 28.898816, col error: 0.000000
Starting Iterative Proportional Fitting (IPF)...
IPF converged at iteration 91
IPF row error: 28.365068, col error: 0.000000
Starting Iterative Proportional Fitting (IPF)...
IPF converged at iteration 25
IPF row error: 28.288780, col error: 0.000000
Starting Iterative Proportional Fitting (IPF)...
IPF converged at iteration 80
IPF row error: 27.967836, col error: 0.000000
Starting Iterative Proportional Fitting (IPF)...
IPF converged at iteration 91
IPF row error: 28.944687, col error: 0.000000
Starting Iterative Proportional Fitting (IPF)...
IPF converged at iteration 80
IPF row error: 28.043271, col error: 0.000000
Starting Iterative Proportional Fitting (IPF)...
IPF converged at iteration 27
IPF row error: 23.865556, col error: 0.000000
Starting Iterative Proportional Fitting (IPF)...
IPF converged at iteration 80
IPF row error: 27.507432, col error: 0.000000
Starting Iterative Proportional Fitting (IPF)...
IPF converged at iteration 80
IPF row error: 27.234167, col error: 0.000000
IPF converged at iteration 30
IPF row error: 23.488788, col error: 0.000000
Starting Iterative Proportional Fitting (IPF)...
Starting Iterative Proportional Fitting (IPF)...
IPF converged at iteration 80
IPF row error: 28.831557, col error: 0.000000
Starting Iterative Proportional Fitting (IPF)...
IPF converged at iteration 32
IPF row error: 28.347951, col error: 0.000000
  [2023/test] 진행 720/1750 (41.1%) | 누적 CPC 0.3497 | RMSE 1600.9105 | %RMSE 35.9283 | 경과 14.1분 | 예상 남음 20.2분
Starting Iterative Proportional Fitting (IPF)...
IPF converged at iteration 79
IPF row error: 28.849123, col error: 0.000000
Starting Iterative Proportional Fitting (IPF)...
IPF converged at iteration 50
IPF row error: 27.874076, col error: 0.000000
IPF converged at iteration 80
IPF row error: 28.562133, col error: 0.000000
Starting Iterative Proportional Fitting (IPF)...
Starting Iterative Proportional Fitting (IPF)...
IPF converged at iteration 27
IPF row error: 27.011046, col error: 0.000000
Starting Iterative Proportional Fitting (IPF)...
IPF converged at iteration 27
IPF row error: 25.876854, col error: 0.000000
Starting Iterative Proportional Fitting (IPF)...
IPF converged at iteration 91
IPF row error: 28.365068, col error: 0.000000
Starting Iterative Proportional Fitting (IPF)...
IPF converged at iteration 27
IPF row error: 25.677959, col error: 0.000000
Starting Iterative Proportional Fitting (IPF)...
IPF converged at iteration 92
IPF row error: 27.460218, col error: 0.000000
Starting Iterative Proportional Fitting (IPF)...
IPF converged at iteration 92
IPF row error: 27.742770, col error: 0.000000
IPF converged at iteration 80
Starting Iterative Proportional Fitting (IPF)...
IPF row error: 26.786836, col error: 0.000000
Starting Iterative Proportional Fitting (IPF)...
IPF converged at iteration 80
IPF row error: 27.779497, col error: 0.000000
Starting Iterative Proportional Fitting (IPF)...
IPF converged at iteration 79
IPF row error: 28.305719, col error: 0.000000
Starting Iterative Proportional Fitting (IPF)...
IPF converged at iteration 79
IPF converged at iteration 26
IPF row error: 28.849123, col error: 0.000000
IPF row error: 21.415479, col error: 0.000000
Starting Iterative Proportional Fitting (IPF)...
IPF converged at iteration 80
Starting Iterative Proportional Fitting (IPF)...
IPF row error: 27.234167, col error: 0.000000
Starting Iterative Proportional Fitting (IPF)...
IPF converged at iteration 28
IPF row error: 24.341828, col error: 0.000000
Starting Iterative Proportional Fitting (IPF)...
IPF converged at iteration 28
IPF row error: 29.181408, col error: 0.000000
Starting Iterative Proportional Fitting (IPF)...
IPF converged at iteration 80
IPF row error: 27.537980, col error: 0.000000
Starting Iterative Proportional Fitting (IPF)...
IPF converged at iteration 92
IPF row error: 27.670703, col error: 0.000000
Starting Iterative Proportional Fitting (IPF)...
IPF converged at iteration 79
IPF row error: 28.305719, col error: 0.000000
Starting Iterative Proportional Fitting (IPF)...
IPF converged at iteration 83
IPF row error: 27.178301, col error: 0.000000
Starting Iterative Proportional Fitting (IPF)...
IPF converged at iteration 80
IPF row error: 28.394532, col error: 0.000000
Starting Iterative Proportional Fitting (IPF)...
IPF converged at iteration 28
IPF row error: 21.975324, col error: 0.000000
Starting Iterative Proportional Fitting (IPF)...
IPF converged at iteration 80
IPF row error: 27.537964, col error: 0.000000
IPF converged at iteration 26
IPF row error: 26.738272, col error: 0.000000
Starting Iterative Proportional Fitting (IPF)...
Starting Iterative Proportional Fitting (IPF)...
IPF converged at iteration 80
IPF row error: 28.560672, col error: 0.000000
Starting Iterative Proportional Fitting (IPF)...
IPF converged at iteration 53
IPF row error: 27.313793, col error: 0.000000
Starting Iterative Proportional Fitting (IPF)...
IPF converged at iteration 92
IPF row error: 27.742770, col error: 0.000000
Starting Iterative Proportional Fitting (IPF)...
IPF converged at iteration 25
IPF row error: 23.837685, col error: 0.000000
Starting Iterative Proportional Fitting (IPF)...
IPF converged at iteration 80
IPF row error: 27.507432, col error: 0.000000
  [2023/test] 진행 750/1750 (42.9%) | 누적 CPC 0.3435 | RMSE 1608.4537 | %RMSE 35.1856 | 경과 15.1분 | 예상 남음 20.1분
Starting Iterative Proportional Fitting (IPF)...
IPF converged at iteration 80
IPF row error: 28.550632, col error: 0.000000
Starting Iterative Proportional Fitting (IPF)...
IPF converged at iteration 25
IPF row error: 24.379454, col error: 0.000000
Starting Iterative Proportional Fitting (IPF)...
IPF converged at iteration 63
IPF row error: 27.442691, col error: 0.000000
Starting Iterative Proportional Fitting (IPF)...
IPF converged at iteration 78
IPF row error: 28.599733, col error: 0.000000
Starting Iterative Proportional Fitting (IPF)...
IPF converged at iteration 79
IPF row error: 27.653030, col error: 0.000000
IPF converged at iteration 92
IPF row error: 27.371370, col error: 0.000000
IPF converged at iteration 65
Starting Iterative Proportional Fitting (IPF)...
IPF row error: 28.583766, col error: 0.000000
Starting Iterative Proportional Fitting (IPF)...
Starting Iterative Proportional Fitting (IPF)...
IPF converged at iteration 31
IPF row error: 24.210320, col error: 0.000000
Starting Iterative Proportional Fitting (IPF)...
IPF converged at iteration 79
IPF row error: 27.539438, col error: 0.000000
Starting Iterative Proportional Fitting (IPF)...
IPF converged at iteration 79
IPF row error: 28.193408, col error: 0.000000
IPF converged at iteration 33
IPF row error: 25.504747, col error: 0.000000
IPF converged at iteration 79
IPF row error: 29.121919, col error: 0.000000
Starting Iterative Proportional Fitting (IPF)...
Starting Iterative Proportional Fitting (IPF)...
Starting Iterative Proportional Fitting (IPF)...
IPF converged at iteration 25
IPF row error: 28.474906, col error: 0.000000
IPF converged at iteration 79
IPF row error: 28.193408, col error: 0.000000
IPF converged at iteration 28
Starting Iterative Proportional Fitting (IPF)...
IPF row error: 23.915141, col error: 0.000000
Starting Iterative Proportional Fitting (IPF)...
IPF converged at iteration 35
Starting Iterative Proportional Fitting (IPF)...
IPF row error: 25.898894, col error: 0.000000
Starting Iterative Proportional Fitting (IPF)...
IPF converged at iteration 59
IPF row error: 27.343583, col error: 0.000000
Starting Iterative Proportional Fitting (IPF)...
IPF converged at iteration 78
IPF row error: 28.558046, col error: 0.000000
Starting Iterative Proportional Fitting (IPF)...
IPF converged at iteration 78
IPF row error: 28.599733, col error: 0.000000
IPF converged at iteration 78
IPF row error: 28.350645, col error: 0.000000
Starting Iterative Proportional Fitting (IPF)...
Starting Iterative Proportional Fitting (IPF)...
IPF converged at iteration 26
IPF row error: 26.272149, col error: 0.000000
Starting Iterative Proportional Fitting (IPF)...
IPF converged at iteration 26
IPF row error: 25.243877, col error: 0.000000
Starting Iterative Proportional Fitting (IPF)...
IPF converged at iteration 26
IPF row error: 28.409396, col error: 0.000000
Starting Iterative Proportional Fitting (IPF)...
IPF converged at iteration 79
IPF row error: 28.590754, col error: 0.000000
IPF converged at iteration 78
Starting Iterative Proportional Fitting (IPF)...
IPF row error: 28.554245, col error: 0.000000
Starting Iterative Proportional Fitting (IPF)...
IPF converged at iteration 25
IPF row error: 29.063838, col error: 0.000000
Starting Iterative Proportional Fitting (IPF)...
IPF converged at iteration 79
IPF row error: 26.607521, col error: 0.000000
IPF converged at iteration 27
IPF row error: 26.907097, col error: 0.000000
Starting Iterative Proportional Fitting (IPF)...
Starting Iterative Proportional Fitting (IPF)...
IPF converged at iteration 90
IPF row error: 27.704045, col error: 0.000000
Starting Iterative Proportional Fitting (IPF)...
IPF converged at iteration 28
IPF row error: 23.612242, col error: 0.000000
  [2023/test] 진행 780/1750 (44.6%) | 누적 CPC 0.3362 | RMSE 1593.9688 | %RMSE 34.3755 | 경과 15.8분 | 예상 남음 19.6분
IPF converged at iteration 25
IPF row error: 28.168327, col error: 0.000000
Starting Iterative Proportional Fitting (IPF)...
Starting Iterative Proportional Fitting (IPF)...
IPF converged at iteration 26
IPF row error: 23.154078, col error: 0.000000
IPF converged at iteration 27
IPF row error: 28.006653, col error: 0.000000
Starting Iterative Proportional Fitting (IPF)...
Starting Iterative Proportional Fitting (IPF)...
IPF converged at iteration 81
IPF row error: 28.651439, col error: 0.000000
IPF converged at iteration 70
IPF row error: 26.220280, col error: 0.000000
Starting Iterative Proportional Fitting (IPF)...
Starting Iterative Proportional Fitting (IPF)...
IPF converged at iteration 41
IPF row error: 28.216303, col error: 0.000000
Starting Iterative Proportional Fitting (IPF)...
IPF converged at iteration 27
IPF row error: 22.017971, col error: 0.000000
Starting Iterative Proportional Fitting (IPF)...
IPF converged at iteration 26
IPF row error: 28.398577, col error: 0.000000
Starting Iterative Proportional Fitting (IPF)...
IPF converged at iteration 78
IPF row error: 28.471528, col error: 0.000000
Starting Iterative Proportional Fitting (IPF)...
IPF converged at iteration 26
IPF row error: 23.023430, col error: 0.000000
Starting Iterative Proportional Fitting (IPF)...
IPF converged at iteration 27
IPF row error: 28.883853, col error: 0.000000
Starting Iterative Proportional Fitting (IPF)...
IPF converged at iteration 26
IPF row error: 23.595528, col error: 0.000000
IPF converged at iteration 90
IPF row error: 28.227467, col error: 0.000000
Starting Iterative Proportional Fitting (IPF)...
Starting Iterative Proportional Fitting (IPF)...
IPF converged at iteration 79
IPF row error: 28.050771, col error: 0.000000
Starting Iterative Proportional Fitting (IPF)...
IPF converged at iteration 79
IPF row error: 28.590754, col error: 0.000000
Starting Iterative Proportional Fitting (IPF)...
IPF converged at iteration 79
IPF row error: 27.653030, col error: 0.000000
Starting Iterative Proportional Fitting (IPF)...
IPF converged at iteration 92
IPF row error: 27.371370, col error: 0.000000
Starting Iterative Proportional Fitting (IPF)...
IPF converged at iteration 32
IPF row error: 34.141718, col error: 0.000000
Starting Iterative Proportional Fitting (IPF)...
IPF converged at iteration 78
IPF row error: 28.350645, col error: 0.000000
Starting Iterative Proportional Fitting (IPF)...
IPF converged at iteration 26
IPF row error: 21.497887, col error: 0.000000
Starting Iterative Proportional Fitting (IPF)...
IPF converged at iteration 79
IPF row error: 28.050759, col error: 0.000000
Starting Iterative Proportional Fitting (IPF)...
IPF converged at iteration 72
IPF row error: 26.326423, col error: 0.000000
IPF converged at iteration 24
IPF row error: 26.164628, col error: 0.000000
Starting Iterative Proportional Fitting (IPF)...
Starting Iterative Proportional Fitting (IPF)...
IPF converged at iteration 81
IPF row error: 27.680298, col error: 0.000000
Starting Iterative Proportional Fitting (IPF)...
IPF converged at iteration 81
IPF row error: 27.103974, col error: 0.000000
Starting Iterative Proportional Fitting (IPF)...
IPF converged at iteration 27
IPF row error: 23.246459, col error: 0.000000
Starting Iterative Proportional Fitting (IPF)...
IPF converged at iteration 30
IPF row error: 26.162729, col error: 0.000000
Starting Iterative Proportional Fitting (IPF)...
IPF converged at iteration 72
IPF row error: 27.443480, col error: 0.000000
Starting Iterative Proportional Fitting (IPF)...
IPF converged at iteration 84
IPF row error: 27.401433, col error: 0.000000
Starting Iterative Proportional Fitting (IPF)...
IPF converged at iteration 84
IPF row error: 27.623214, col error: 0.000000
  [2023/test] 진행 810/1750 (46.3%) | 누적 CPC 0.3291 | RMSE 1586.0392 | %RMSE 33.8738 | 경과 16.6분 | 예상 남음 19.3분
Starting Iterative Proportional Fitting (IPF)...
IPF converged at iteration 26
IPF row error: 22.623316, col error: 0.000000
Starting Iterative Proportional Fitting (IPF)...
IPF converged at iteration 37
IPF row error: 29.167024, col error: 0.000000
IPF converged at iteration 74
IPF row error: 27.124983, col error: 0.000000
Starting Iterative Proportional Fitting (IPF)...
IPF converged at iteration 35
Starting Iterative Proportional Fitting (IPF)...
IPF row error: 27.267951, col error: 0.000000
Starting Iterative Proportional Fitting (IPF)...
IPF converged at iteration 25
IPF row error: 25.602111, col error: 0.000000
IPF converged at iteration 26
IPF row error: 21.794559, col error: 0.000000
Starting Iterative Proportional Fitting (IPF)...
Starting Iterative Proportional Fitting (IPF)...
IPF converged at iteration 81
IPF row error: 28.177540, col error: 0.000000
Starting Iterative Proportional Fitting (IPF)...
IPF converged at iteration 81
IPF row error: 27.330422, col error: 0.000000
Starting Iterative Proportional Fitting (IPF)...
IPF converged at iteration 81
IPF row error: 27.103922, col error: 0.000000
Starting Iterative Proportional Fitting (IPF)...
IPF converged at iteration 28
IPF row error: 29.051374, col error: 0.000000
IPF converged at iteration 93
IPF row error: 27.378407, col error: 0.000000
Starting Iterative Proportional Fitting (IPF)...
Starting Iterative Proportional Fitting (IPF)...
IPF converged at iteration 74
IPF row error: 27.761429, col error: 0.000000
Starting Iterative Proportional Fitting (IPF)...
IPF converged at iteration 31
IPF row error: 26.899435, col error: 0.000000
Starting Iterative Proportional Fitting (IPF)...
IPF converged at iteration 44
IPF row error: 26.380666, col error: 0.000000
IPF converged at iteration 53
Starting Iterative Proportional Fitting (IPF)...
IPF row error: 25.300297, col error: 0.000000
Starting Iterative Proportional Fitting (IPF)...
IPF converged at iteration 30
IPF converged at iteration 26
IPF row error: 26.697902, col error: 0.000000
IPF row error: 22.657768, col error: 0.000000
Starting Iterative Proportional Fitting (IPF)...
Starting Iterative Proportional Fitting (IPF)...
IPF converged at iteration 81
IPF row error: 27.330552, col error: 0.000000
Starting Iterative Proportional Fitting (IPF)...
IPF converged at iteration 93
IPF row error: 27.017012, col error: 0.000000
Starting Iterative Proportional Fitting (IPF)...
IPF converged at iteration 74
IPF row error: 27.600440, col error: 0.000000
Starting Iterative Proportional Fitting (IPF)...
IPF converged at iteration 37
IPF row error: 28.765507, col error: 0.000000
IPF converged at iteration 93
IPF row error: 28.656212, col error: 0.000000
Starting Iterative Proportional Fitting (IPF)...
Starting Iterative Proportional Fitting (IPF)...
IPF converged at iteration 94
IPF row error: 27.124302, col error: 0.000000
IPF converged at iteration 25
IPF row error: 26.207543, col error: 0.000000
Starting Iterative Proportional Fitting (IPF)...
Starting Iterative Proportional Fitting (IPF)...
IPF converged at iteration 25
IPF row error: 22.032235, col error: 0.000000
Starting Iterative Proportional Fitting (IPF)...
IPF converged at iteration 84
IPF row error: 27.623214, col error: 0.000000
Starting Iterative Proportional Fitting (IPF)...
IPF converged at iteration 81
IPF row error: 27.493974, col error: 0.000000
Starting Iterative Proportional Fitting (IPF)...
IPF converged at iteration 42
IPF row error: 28.768304, col error: 0.000000
Starting Iterative Proportional Fitting (IPF)...
IPF converged at iteration 81
IPF converged at iteration 26
IPF row error: 27.103922, col error: 0.000000
IPF row error: 22.375665, col error: 0.000000
  [2023/test] 진행 840/1750 (48.0%) | 누적 CPC 0.3221 | RMSE 1591.3477 | %RMSE 33.9530 | 경과 17.4분 | 예상 남음 18.9분
Starting Iterative Proportional Fitting (IPF)...
Starting Iterative Proportional Fitting (IPF)...
IPF converged at iteration 72
IPF row error: 26.325044, col error: 0.000000
IPF converged at iteration 25
IPF row error: 28.927778, col error: 0.000000
Starting Iterative Proportional Fitting (IPF)...
Starting Iterative Proportional Fitting (IPF)...
IPF converged at iteration 81
IPF row error: 27.330422, col error: 0.000000
Starting Iterative Proportional Fitting (IPF)...
IPF converged at iteration 82
IPF row error: 26.793725, col error: 0.000000
Starting Iterative Proportional Fitting (IPF)...
IPF converged at iteration 81
IPF row error: 27.749015, col error: 0.000000
Starting Iterative Proportional Fitting (IPF)...
IPF converged at iteration 93
IPF row error: 27.715618, col error: 0.000000
Starting Iterative Proportional Fitting (IPF)...
IPF converged at iteration 64
IPF row error: 28.805258, col error: 0.000000
Starting Iterative Proportional Fitting (IPF)...
IPF converged at iteration 81
IPF row error: 27.680298, col error: 0.000000
Starting Iterative Proportional Fitting (IPF)...
IPF converged at iteration 93
IPF row error: 27.715618, col error: 0.000000
Starting Iterative Proportional Fitting (IPF)...
IPF converged at iteration 84
IPF row error: 27.401433, col error: 0.000000
IPF converged at iteration 80
Starting Iterative Proportional Fitting (IPF)...
IPF row error: 28.342465, col error: 0.000000
Starting Iterative Proportional Fitting (IPF)...
IPF converged at iteration 32
IPF row error: 28.611712, col error: 0.000000
Starting Iterative Proportional Fitting (IPF)...
IPF converged at iteration 27
IPF row error: 24.989654, col error: 0.000000
Starting Iterative Proportional Fitting (IPF)...
IPF converged at iteration 33
IPF row error: 28.086227, col error: 0.000000
Starting Iterative Proportional Fitting (IPF)...
IPF converged at iteration 91
IPF row error: 29.023295, col error: 0.000000
Starting Iterative Proportional Fitting (IPF)...
IPF converged at iteration 35
IPF converged at iteration 25
IPF row error: 28.905910, col error: 0.000000
IPF row error: 26.023622, col error: 0.000000
Starting Iterative Proportional Fitting (IPF)...
Starting Iterative Proportional Fitting (IPF)...
IPF converged at iteration 26
IPF converged at iteration 72
IPF row error: 27.886913, col error: 0.000000
IPF row error: 28.136075, col error: 0.000000
Starting Iterative Proportional Fitting (IPF)...
Starting Iterative Proportional Fitting (IPF)...
IPF converged at iteration 36
IPF row error: 24.857394, col error: 0.000000
Starting Iterative Proportional Fitting (IPF)...
IPF converged at iteration 26
IPF row error: 22.248970, col error: 0.000000
Starting Iterative Proportional Fitting (IPF)...
IPF converged at iteration 91
IPF row error: 28.972978, col error: 0.000000
Starting Iterative Proportional Fitting (IPF)...
IPF converged at iteration 43
IPF row error: 24.823876, col error: 0.000000
IPF converged at iteration 28
IPF row error: 21.788264, col error: 0.000000
Starting Iterative Proportional Fitting (IPF)...
Starting Iterative Proportional Fitting (IPF)...
IPF converged at iteration 25
IPF row error: 25.915442, col error: 0.000000
Starting Iterative Proportional Fitting (IPF)...
IPF converged at iteration 80
IPF row error: 28.086927, col error: 0.000000
Starting Iterative Proportional Fitting (IPF)...
IPF converged at iteration 28
IPF row error: 22.305612, col error: 0.000000
Starting Iterative Proportional Fitting (IPF)...
IPF converged at iteration 26
IPF row error: 28.597128, col error: 0.000000
Starting Iterative Proportional Fitting (IPF)...
IPF converged at iteration 43
IPF row error: 26.680977, col error: 0.000000
Starting Iterative Proportional Fitting (IPF)...
IPF converged at iteration 80
IPF row error: 27.347682, col error: 0.000000
  [2023/test] 진행 870/1750 (49.7%) | 누적 CPC 0.3155 | RMSE 1575.8876 | %RMSE 33.8204 | 경과 18.2분 | 예상 남음 18.4분
IPF converged at iteration 34
Starting Iterative Proportional Fitting (IPF)...
IPF row error: 27.723907, col error: 0.000000
Starting Iterative Proportional Fitting (IPF)...
IPF converged at iteration 92
IPF row error: 27.075239, col error: 0.000000
Starting Iterative Proportional Fitting (IPF)...
IPF converged at iteration 47
IPF row error: 28.723894, col error: 0.000000
Starting Iterative Proportional Fitting (IPF)...
IPF converged at iteration 80
IPF row error: 27.233861, col error: 0.000000
Starting Iterative Proportional Fitting (IPF)...
IPF converged at iteration 80
IPF row error: 28.268192, col error: 0.000000
Starting Iterative Proportional Fitting (IPF)...
IPF converged at iteration 33
IPF row error: 25.665183, col error: 0.000000
Starting Iterative Proportional Fitting (IPF)...
IPF converged at iteration 27
IPF row error: 23.215585, col error: 0.000000
Starting Iterative Proportional Fitting (IPF)...
IPF converged at iteration 80
IPF row error: 28.223004, col error: 0.000000
Starting Iterative Proportional Fitting (IPF)...
IPF converged at iteration 80
IPF row error: 27.395585, col error: 0.000000
Starting Iterative Proportional Fitting (IPF)...
IPF converged at iteration 91
IPF converged at iteration 80
IPF row error: 28.872757, col error: 0.000000
IPF row error: 28.038592, col error: 0.000000
Starting Iterative Proportional Fitting (IPF)...
Starting Iterative Proportional Fitting (IPF)...
IPF converged at iteration 80
IPF row error: 28.774912, col error: 0.000000
Starting Iterative Proportional Fitting (IPF)...
IPF converged at iteration 28
IPF row error: 21.586378, col error: 0.000000
Starting Iterative Proportional Fitting (IPF)...
IPF converged at iteration 28
IPF row error: 25.092238, col error: 0.000000
Starting Iterative Proportional Fitting (IPF)...
IPF converged at iteration 80
IPF row error: 27.128528, col error: 0.000000
Starting Iterative Proportional Fitting (IPF)...
IPF converged at iteration 27
IPF converged at iteration 91
IPF row error: 24.711925, col error: 0.000000
IPF row error: 29.023295, col error: 0.000000
Starting Iterative Proportional Fitting (IPF)...
Starting Iterative Proportional Fitting (IPF)...
IPF converged at iteration 91
IPF row error: 28.872757, col error: 0.000000
Starting Iterative Proportional Fitting (IPF)...
IPF converged at iteration 91
IPF row error: 28.972978, col error: 0.000000
Starting Iterative Proportional Fitting (IPF)...
IPF converged at iteration 70
IPF row error: 29.042297, col error: 0.000000
Starting Iterative Proportional Fitting (IPF)...
IPF converged at iteration 92
IPF row error: 27.075239, col error: 0.000000
Starting Iterative Proportional Fitting (IPF)...
IPF converged at iteration 25
IPF row error: 23.889197, col error: 0.000000
IPF converged at iteration 63
IPF row error: 28.746879, col error: 0.000000
Starting Iterative Proportional Fitting (IPF)...
Starting Iterative Proportional Fitting (IPF)...
IPF converged at iteration 91
IPF row error: 28.611124, col error: 0.000000
Starting Iterative Proportional Fitting (IPF)...
IPF converged at iteration 27
IPF row error: 24.166964, col error: 0.000000
Starting Iterative Proportional Fitting (IPF)...
IPF converged at iteration 57
IPF row error: 26.604991, col error: 0.000000
Starting Iterative Proportional Fitting (IPF)...
IPF converged at iteration 92
IPF row error: 27.075239, col error: 0.000000
Starting Iterative Proportional Fitting (IPF)...
IPF converged at iteration 69
IPF row error: 27.642754, col error: 0.000000
IPF converged at iteration 80
IPF row error: 27.435790, col error: 0.000000
Starting Iterative Proportional Fitting (IPF)...
Starting Iterative Proportional Fitting (IPF)...
IPF converged at iteration 82
IPF row error: 28.905385, col error: 0.000000
  [2023/test] 진행 900/1750 (51.4%) | 누적 CPC 0.3094 | RMSE 1557.3767 | %RMSE 33.7804 | 경과 19.1분 | 예상 남음 18.1분
Starting Iterative Proportional Fitting (IPF)...
IPF converged at iteration 46
IPF row error: 24.763424, col error: 0.000000
Starting Iterative Proportional Fitting (IPF)...
IPF converged at iteration 80
IPF row error: 29.090586, col error: 0.000000
Starting Iterative Proportional Fitting (IPF)...
IPF converged at iteration 80
IPF row error: 28.842817, col error: 0.000000
Starting Iterative Proportional Fitting (IPF)...
IPF converged at iteration 73
IPF row error: 29.110115, col error: 0.000000
Starting Iterative Proportional Fitting (IPF)...
IPF converged at iteration 38
IPF row error: 27.891769, col error: 0.000000
Starting Iterative Proportional Fitting (IPF)...
IPF converged at iteration 80
IPF row error: 28.145319, col error: 0.000000
Starting Iterative Proportional Fitting (IPF)...
IPF converged at iteration 80
IPF row error: 28.887756, col error: 0.000000
Starting Iterative Proportional Fitting (IPF)...
IPF converged at iteration 81
IPF row error: 26.871177, col error: 0.000000
IPF converged at iteration 72
IPF row error: 26.491535, col error: 0.000000
Starting Iterative Proportional Fitting (IPF)...
Starting Iterative Proportional Fitting (IPF)...
IPF converged at iteration 82
IPF row error: 27.432903, col error: 0.000000
Starting Iterative Proportional Fitting (IPF)...
IPF converged at iteration 28
IPF row error: 22.076144, col error: 0.000000
IPF converged at iteration 73
Starting Iterative Proportional Fitting (IPF)...
IPF row error: 27.083593, col error: 0.000000
Starting Iterative Proportional Fitting (IPF)...
IPF converged at iteration 30
IPF row error: 23.724694, col error: 0.000000
Starting Iterative Proportional Fitting (IPF)...
IPF converged at iteration 26
IPF row error: 23.539369, col error: 0.000000
Starting Iterative Proportional Fitting (IPF)...
IPF converged at iteration 82
IPF row error: 27.432015, col error: 0.000000
Starting Iterative Proportional Fitting (IPF)...
IPF converged at iteration 82
IPF row error: 28.658956, col error: 0.000000
Starting Iterative Proportional Fitting (IPF)...
IPF converged at iteration 82
IPF row error: 28.224425, col error: 0.000000
IPF converged at iteration 80
Starting Iterative Proportional Fitting (IPF)...
IPF row error: 28.133403, col error: 0.000000
Starting Iterative Proportional Fitting (IPF)...
IPF converged at iteration 42
IPF row error: 29.001559, col error: 0.000000
IPF converged at iteration 80
IPF row error: 28.772060, col error: 0.000000
Starting Iterative Proportional Fitting (IPF)...
Starting Iterative Proportional Fitting (IPF)...
IPF converged at iteration 26
IPF row error: 24.199087, col error: 0.000000
Starting Iterative Proportional Fitting (IPF)...
IPF converged at iteration 42
IPF row error: 28.603249, col error: 0.000000
Starting Iterative Proportional Fitting (IPF)...
IPF converged at iteration 81
IPF row error: 26.917770, col error: 0.000000
IPF converged at iteration 80
Starting Iterative Proportional Fitting (IPF)...
IPF row error: 28.647028, col error: 0.000000
Starting Iterative Proportional Fitting (IPF)...
IPF converged at iteration 25
IPF row error: 21.452849, col error: 0.000000
Starting Iterative Proportional Fitting (IPF)...
IPF converged at iteration 80
IPF row error: 28.902841, col error: 0.000000
Starting Iterative Proportional Fitting (IPF)...
IPF converged at iteration 26
IPF row error: 27.203936, col error: 0.000000
Starting Iterative Proportional Fitting (IPF)...
IPF converged at iteration 91
IPF row error: 29.157804, col error: 0.000000
Starting Iterative Proportional Fitting (IPF)...
IPF converged at iteration 81
IPF row error: 26.837444, col error: 0.000000
IPF converged at iteration 44
IPF row error: 26.337960, col error: 0.000000
  [2023/test] 진행 930/1750 (53.1%) | 누적 CPC 0.3053 | RMSE 1568.0928 | %RMSE 33.9366 | 경과 20.1분 | 예상 남음 17.7분
Starting Iterative Proportional Fitting (IPF)...
Starting Iterative Proportional Fitting (IPF)...
IPF converged at iteration 27
IPF row error: 22.922597, col error: 0.000000
Starting Iterative Proportional Fitting (IPF)...
IPF converged at iteration 25
IPF row error: 23.559121, col error: 0.000000
IPF converged at iteration 28
Starting Iterative Proportional Fitting (IPF)...
IPF row error: 27.719601, col error: 0.000000
Starting Iterative Proportional Fitting (IPF)...
IPF converged at iteration 80
IPF row error: 28.863303, col error: 0.000000
Starting Iterative Proportional Fitting (IPF)...
IPF converged at iteration 27
IPF row error: 24.973835, col error: 0.000000
Starting Iterative Proportional Fitting (IPF)...
IPF converged at iteration 40
IPF row error: 27.675517, col error: 0.000000
Starting Iterative Proportional Fitting (IPF)...
IPF converged at iteration 94
IPF row error: 27.526534, col error: 0.000000
Starting Iterative Proportional Fitting (IPF)...
IPF converged at iteration 80
IPF row error: 28.892600, col error: 0.000000
Starting Iterative Proportional Fitting (IPF)...
IPF converged at iteration 26
IPF row error: 21.571264, col error: 0.000000
Starting Iterative Proportional Fitting (IPF)...
IPF converged at iteration 26
IPF row error: 22.162717, col error: 0.000000
Starting Iterative Proportional Fitting (IPF)...
IPF converged at iteration 80
IPF row error: 29.091220, col error: 0.000000
Starting Iterative Proportional Fitting (IPF)...
IPF converged at iteration 25
IPF row error: 21.067381, col error: 0.000000
Starting Iterative Proportional Fitting (IPF)...
IPF converged at iteration 80
IPF row error: 28.666401, col error: 0.000000
Starting Iterative Proportional Fitting (IPF)...
IPF converged at iteration 65
IPF row error: 27.311762, col error: 0.000000
Starting Iterative Proportional Fitting (IPF)...
IPF converged at iteration 74
IPF row error: 26.755661, col error: 0.000000
Starting Iterative Proportional Fitting (IPF)...
IPF converged at iteration 71
IPF row error: 26.352370, col error: 0.000000
Starting Iterative Proportional Fitting (IPF)...
IPF converged at iteration 45
IPF row error: 27.139263, col error: 0.000000
Starting Iterative Proportional Fitting (IPF)...
IPF converged at iteration 80
IPF row error: 29.091220, col error: 0.000000
IPF converged at iteration 72
Starting Iterative Proportional Fitting (IPF)...
IPF row error: 26.692721, col error: 0.000000
Starting Iterative Proportional Fitting (IPF)...
IPF converged at iteration 39
IPF row error: 28.665190, col error: 0.000000
IPF converged at iteration 80
Starting Iterative Proportional Fitting (IPF)...
IPF row error: 28.887756, col error: 0.000000
Starting Iterative Proportional Fitting (IPF)...
IPF converged at iteration 24
IPF row error: 27.070568, col error: 0.000000
Starting Iterative Proportional Fitting (IPF)...
IPF converged at iteration 78
IPF row error: 28.581715, col error: 0.000000
Starting Iterative Proportional Fitting (IPF)...
IPF converged at iteration 91
IPF row error: 28.008121, col error: 0.000000
Starting Iterative Proportional Fitting (IPF)...
IPF converged at iteration 26
IPF row error: 26.816199, col error: 0.000000
IPF converged at iteration 51
Starting Iterative Proportional Fitting (IPF)...
IPF row error: 27.470882, col error: 0.000000
IPF converged at iteration 78
IPF row error: 28.620279, col error: 0.000000
Starting Iterative Proportional Fitting (IPF)...
Starting Iterative Proportional Fitting (IPF)...
IPF converged at iteration 24
IPF row error: 27.860186, col error: 0.000000
Starting Iterative Proportional Fitting (IPF)...
IPF converged at iteration 27
IPF row error: 26.485670, col error: 0.000000
Starting Iterative Proportional Fitting (IPF)...
IPF converged at iteration 24
IPF row error: 26.036727, col error: 0.000000
  [2023/test] 진행 960/1750 (54.9%) | 누적 CPC 0.3009 | RMSE 1575.8540 | %RMSE 33.9307 | 경과 20.8분 | 예상 남음 17.1분
Starting Iterative Proportional Fitting (IPF)...
IPF converged at iteration 78
IPF row error: 28.796979, col error: 0.000000
Starting Iterative Proportional Fitting (IPF)...
IPF converged at iteration 78
IPF row error: 28.653446, col error: 0.000000
Starting Iterative Proportional Fitting (IPF)...
IPF converged at iteration 25
IPF row error: 23.391223, col error: 0.000000
Starting Iterative Proportional Fitting (IPF)...
IPF converged at iteration 69
IPF row error: 26.532762, col error: 0.000000
Starting Iterative Proportional Fitting (IPF)...
IPF converged at iteration 25
IPF row error: 24.544049, col error: 0.000000
Starting Iterative Proportional Fitting (IPF)...
IPF converged at iteration 91
IPF row error: 27.855208, col error: 0.000000
Starting Iterative Proportional Fitting (IPF)...
IPF converged at iteration 69
IPF row error: 26.556558, col error: 0.000000
Starting Iterative Proportional Fitting (IPF)...
IPF converged at iteration 78
IPF row error: 28.712346, col error: 0.000000
Starting Iterative Proportional Fitting (IPF)...
IPF converged at iteration 78
IPF row error: 28.419700, col error: 0.000000
Starting Iterative Proportional Fitting (IPF)...
IPF converged at iteration 63
IPF row error: 27.911509, col error: 0.000000
Starting Iterative Proportional Fitting (IPF)...
IPF converged at iteration 26
IPF row error: 22.421381, col error: 0.000000
Starting Iterative Proportional Fitting (IPF)...
IPF converged at iteration 78
IPF row error: 28.589133, col error: 0.000000
Starting Iterative Proportional Fitting (IPF)...
IPF converged at iteration 27
IPF row error: 25.541994, col error: 0.000000
Starting Iterative Proportional Fitting (IPF)...
IPF converged at iteration 78
IPF row error: 28.767934, col error: 0.000000
IPF converged at iteration 25
IPF row error: 26.705003, col error: 0.000000
Starting Iterative Proportional Fitting (IPF)...
IPF converged at iteration 43
IPF row error: 24.456314, col error: 0.000000
Starting Iterative Proportional Fitting (IPF)...
Starting Iterative Proportional Fitting (IPF)...
IPF converged at iteration 78
IPF row error: 28.796550, col error: 0.000000
Starting Iterative Proportional Fitting (IPF)...
IPF converged at iteration 37
IPF row error: 27.438691, col error: 0.000000
Starting Iterative Proportional Fitting (IPF)...
IPF converged at iteration 78
IPF row error: 28.557590, col error: 0.000000
IPF converged at iteration 78
IPF row error: 28.581715, col error: 0.000000
IPF converged at iteration 69
Starting Iterative Proportional Fitting (IPF)...
IPF row error: 26.702466, col error: 0.000000
Starting Iterative Proportional Fitting (IPF)...
Starting Iterative Proportional Fitting (IPF)...
IPF converged at iteration 29
IPF row error: 22.218224, col error: 0.000000
IPF converged at iteration 78
IPF row error: 28.712346, col error: 0.000000
Starting Iterative Proportional Fitting (IPF)...
Starting Iterative Proportional Fitting (IPF)...
IPF converged at iteration 54
IPF row error: 27.352598, col error: 0.000000
Starting Iterative Proportional Fitting (IPF)...
IPF converged at iteration 27
IPF row error: 25.229637, col error: 0.000000
Starting Iterative Proportional Fitting (IPF)...
IPF converged at iteration 70
IPF row error: 29.059155, col error: 0.000000
Starting Iterative Proportional Fitting (IPF)...
IPF converged at iteration 53
IPF converged at iteration 27
IPF row error: 26.306627, col error: 0.000000
IPF row error: 22.654091, col error: 0.000000
Starting Iterative Proportional Fitting (IPF)...
Starting Iterative Proportional Fitting (IPF)...
IPF converged at iteration 78
IPF row error: 28.653514, col error: 0.000000
Starting Iterative Proportional Fitting (IPF)...
IPF converged at iteration 78
IPF row error: 28.466858, col error: 0.000000
  [2023/test] 진행 990/1750 (56.6%) | 누적 CPC 0.2963 | RMSE 1574.4624 | %RMSE 33.6008 | 경과 21.5분 | 예상 남음 16.5분
Starting Iterative Proportional Fitting (IPF)...
IPF converged at iteration 71
IPF row error: 28.524888, col error: 0.000000
Starting Iterative Proportional Fitting (IPF)...
IPF converged at iteration 78
IPF row error: 28.599142, col error: 0.000000
Starting Iterative Proportional Fitting (IPF)...
IPF converged at iteration 25
IPF row error: 28.972259, col error: 0.000000
Starting Iterative Proportional Fitting (IPF)...
IPF converged at iteration 37
IPF row error: 26.777751, col error: 0.000000
Starting Iterative Proportional Fitting (IPF)...
IPF converged at iteration 24
IPF row error: 26.637934, col error: 0.000000
Starting Iterative Proportional Fitting (IPF)...
IPF converged at iteration 81
IPF row error: 26.622352, col error: 0.000000
Starting Iterative Proportional Fitting (IPF)...
IPF converged at iteration 78
IPF row error: 28.599142, col error: 0.000000
Starting Iterative Proportional Fitting (IPF)...
IPF converged at iteration 25
IPF row error: 22.881675, col error: 0.000000
Starting Iterative Proportional Fitting (IPF)...
IPF converged at iteration 52
IPF row error: 25.265491, col error: 0.000000
IPF converged at iteration 27
IPF row error: 23.489406, col error: 0.000000
Starting Iterative Proportional Fitting (IPF)...
Starting Iterative Proportional Fitting (IPF)...
IPF converged at iteration 70
IPF row error: 29.065276, col error: 0.000000
IPF converged at iteration 27
Starting Iterative Proportional Fitting (IPF)...
IPF row error: 27.571006, col error: 0.000000
Starting Iterative Proportional Fitting (IPF)...
IPF converged at iteration 31
IPF row error: 27.435952, col error: 0.000000
Starting Iterative Proportional Fitting (IPF)...
IPF converged at iteration 38
IPF row error: 23.982689, col error: 0.000000
IPF converged at iteration 79
IPF row error: 28.994874, col error: 0.000000
Starting Iterative Proportional Fitting (IPF)...
Starting Iterative Proportional Fitting (IPF)...
IPF converged at iteration 30
IPF row error: 22.850994, col error: 0.000000
IPF converged at iteration 79
IPF row error: 28.274987, col error: 0.000000
Starting Iterative Proportional Fitting (IPF)...
Starting Iterative Proportional Fitting (IPF)...
IPF converged at iteration 79
IPF row error: 28.508544, col error: 0.000000
Starting Iterative Proportional Fitting (IPF)...
IPF converged at iteration 34
IPF row error: 24.564851, col error: 0.000000
Starting Iterative Proportional Fitting (IPF)...
IPF converged at iteration 28
IPF row error: 23.367961, col error: 0.000000
Starting Iterative Proportional Fitting (IPF)...
IPF converged at iteration 79
IPF row error: 28.207001, col error: 0.000000
Starting Iterative Proportional Fitting (IPF)...
IPF converged at iteration 27
IPF row error: 25.360681, col error: 0.000000
Starting Iterative Proportional Fitting (IPF)...
IPF converged at iteration 30
IPF row error: 26.522963, col error: 0.000000
Starting Iterative Proportional Fitting (IPF)...
IPF converged at iteration 78
IPF row error: 28.696066, col error: 0.000000
Starting Iterative Proportional Fitting (IPF)...
IPF converged at iteration 32
IPF row error: 34.540592, col error: 0.000000
Starting Iterative Proportional Fitting (IPF)...
IPF converged at iteration 26
IPF row error: 27.465195, col error: 0.000000
Starting Iterative Proportional Fitting (IPF)...
IPF converged at iteration 79
IPF row error: 28.344530, col error: 0.000000
IPF converged at iteration 28
Starting Iterative Proportional Fitting (IPF)...
IPF row error: 22.543665, col error: 0.000000
Starting Iterative Proportional Fitting (IPF)...
IPF converged at iteration 79
IPF row error: 28.494325, col error: 0.000000
Starting Iterative Proportional Fitting (IPF)...
IPF converged at iteration 27
IPF row error: 28.906779, col error: 0.000000
  [2023/test] 진행 1020/1750 (58.3%) | 누적 CPC 0.2938 | RMSE 1605.4929 | %RMSE 33.3565 | 경과 22.0분 | 예상 남음 15.8분
Starting Iterative Proportional Fitting (IPF)...
IPF converged at iteration 72
IPF row error: 29.142220, col error: 0.000000
Starting Iterative Proportional Fitting (IPF)...
IPF converged at iteration 49
IPF row error: 27.964761, col error: 0.000000
Starting Iterative Proportional Fitting (IPF)...
IPF converged at iteration 91
IPF row error: 27.772740, col error: 0.000000
Starting Iterative Proportional Fitting (IPF)...
IPF converged at iteration 79
IPF row error: 28.326966, col error: 0.000000
Starting Iterative Proportional Fitting (IPF)...
IPF converged at iteration 69
IPF row error: 29.107446, col error: 0.000000
Starting Iterative Proportional Fitting (IPF)...
IPF converged at iteration 28
IPF row error: 23.735452, col error: 0.000000
Starting Iterative Proportional Fitting (IPF)...
IPF converged at iteration 52
IPF row error: 28.896149, col error: 0.000000
Starting Iterative Proportional Fitting (IPF)...
IPF converged at iteration 25
IPF row error: 28.613159, col error: 0.000000
Starting Iterative Proportional Fitting (IPF)...
IPF converged at iteration 91
IPF row error: 27.413824, col error: 0.000000
Starting Iterative Proportional Fitting (IPF)...
IPF converged at iteration 79
IPF row error: 29.113139, col error: 0.000000
Starting Iterative Proportional Fitting (IPF)...
IPF converged at iteration 72
IPF row error: 27.590775, col error: 0.000000
IPF converged at iteration 79
IPF row error: 28.764242, col error: 0.000000
Starting Iterative Proportional Fitting (IPF)...
Starting Iterative Proportional Fitting (IPF)...
IPF converged at iteration 79
IPF row error: 27.640136, col error: 0.000000
Starting Iterative Proportional Fitting (IPF)...
IPF converged at iteration 70
IPF row error: 29.074541, col error: 0.000000
Starting Iterative Proportional Fitting (IPF)...
IPF converged at iteration 79
IPF converged at iteration 79
IPF row error: 28.201523, col error: 0.000000
IPF row error: 28.126901, col error: 0.000000
Starting Iterative Proportional Fitting (IPF)...
Starting Iterative Proportional Fitting (IPF)...
IPF converged at iteration 27
IPF row error: 25.114865, col error: 0.000000
Starting Iterative Proportional Fitting (IPF)...
IPF converged at iteration 90
IPF row error: 28.900746, col error: 0.000000
Starting Iterative Proportional Fitting (IPF)...
IPF converged at iteration 34
IPF row error: 25.431617, col error: 0.000000
Starting Iterative Proportional Fitting (IPF)...
IPF converged at iteration 26
IPF row error: 25.110848, col error: 0.000000
Starting Iterative Proportional Fitting (IPF)...
IPF converged at iteration 79
IPF row error: 28.131671, col error: 0.000000
Starting Iterative Proportional Fitting (IPF)...
IPF converged at iteration 25
IPF row error: 23.956630, col error: 0.000000
Starting Iterative Proportional Fitting (IPF)...
IPF converged at iteration 79
IPF row error: 28.548948, col error: 0.000000
Starting Iterative Proportional Fitting (IPF)...
IPF converged at iteration 79
IPF row error: 28.232365, col error: 0.000000
Starting Iterative Proportional Fitting (IPF)...
IPF converged at iteration 26
IPF row error: 26.910928, col error: 0.000000
IPF converged at iteration 33
IPF row error: 24.849939, col error: 0.000000
Starting Iterative Proportional Fitting (IPF)...
IPF converged at iteration 45
IPF row error: 28.700527, col error: 0.000000
Starting Iterative Proportional Fitting (IPF)...
Starting Iterative Proportional Fitting (IPF)...
IPF converged at iteration 70
IPF row error: 27.085642, col error: 0.000000
IPF converged at iteration 79
IPF row error: 29.121577, col error: 0.000000
Starting Iterative Proportional Fitting (IPF)...
Starting Iterative Proportional Fitting (IPF)...
IPF converged at iteration 90
IPF row error: 27.630278, col error: 0.000000
  [2023/test] 진행 1050/1750 (60.0%) | 누적 CPC 0.2926 | RMSE 1643.9284 | %RMSE 33.1106 | 경과 22.9분 | 예상 남음 15.2분
IPF converged at iteration 90
IPF row error: 28.965934, col error: 0.000000
Starting Iterative Proportional Fitting (IPF)...
Starting Iterative Proportional Fitting (IPF)...
IPF converged at iteration 90
IPF row error: 28.965934, col error: 0.000000
IPF converged at iteration 90
IPF row error: 28.965934, col error: 0.000000
Starting Iterative Proportional Fitting (IPF)...
Starting Iterative Proportional Fitting (IPF)...
IPF converged at iteration 90
IPF row error: 28.965934, col error: 0.000000
IPF converged at iteration 90
IPF row error: 28.965934, col error: 0.000000
Starting Iterative Proportional Fitting (IPF)...
Starting Iterative Proportional Fitting (IPF)...
IPF converged at iteration 28
IPF row error: 28.604209, col error: 0.000000
Starting Iterative Proportional Fitting (IPF)...
IPF converged at iteration 27
IPF row error: 28.718810, col error: 0.000000
IPF converged at iteration 25
IPF row error: 24.364420, col error: 0.000000
Starting Iterative Proportional Fitting (IPF)...
Starting Iterative Proportional Fitting (IPF)...
IPF converged at iteration 90
IPF row error: 28.965934, col error: 0.000000
IPF converged at iteration 36
IPF row error: 24.784253, col error: 0.000000
Starting Iterative Proportional Fitting (IPF)...
Starting Iterative Proportional Fitting (IPF)...
IPF converged at iteration 90
IPF row error: 28.965934, col error: 0.000000
Starting Iterative Proportional Fitting (IPF)...
IPF converged at iteration 90
IPF row error: 28.965934, col error: 0.000000
Starting Iterative Proportional Fitting (IPF)...
IPF converged at iteration 56
IPF row error: 27.310829, col error: 0.000000
Starting Iterative Proportional Fitting (IPF)...
IPF converged at iteration 63
IPF row error: 27.915776, col error: 0.000000
Starting Iterative Proportional Fitting (IPF)...
IPF converged at iteration 70
IPF row error: 26.438468, col error: 0.000000
Starting Iterative Proportional Fitting (IPF)...
IPF converged at iteration 43
IPF row error: 25.685227, col error: 0.000000
Starting Iterative Proportional Fitting (IPF)...
IPF converged at iteration 27
IPF row error: 26.682879, col error: 0.000000
Starting Iterative Proportional Fitting (IPF)...
IPF converged at iteration 26
IPF row error: 27.435875, col error: 0.000000
Starting Iterative Proportional Fitting (IPF)...
IPF converged at iteration 90
IPF row error: 28.965934, col error: 0.000000
Starting Iterative Proportional Fitting (IPF)...
IPF converged at iteration 90
IPF row error: 28.965934, col error: 0.000000
Starting Iterative Proportional Fitting (IPF)...
IPF converged at iteration 26
IPF row error: 21.496151, col error: 0.000000
Starting Iterative Proportional Fitting (IPF)...
IPF converged at iteration 39
IPF row error: 28.772134, col error: 0.000000
IPF converged at iteration 90
IPF row error: 28.965934, col error: 0.000000
Starting Iterative Proportional Fitting (IPF)...
Starting Iterative Proportional Fitting (IPF)...
IPF converged at iteration 90
IPF row error: 28.965934, col error: 0.000000
Starting Iterative Proportional Fitting (IPF)...
IPF converged at iteration 45
IPF row error: 29.146993, col error: 0.000000
Starting Iterative Proportional Fitting (IPF)...
IPF converged at iteration 45
IPF row error: 28.463822, col error: 0.000000
Starting Iterative Proportional Fitting (IPF)...
IPF converged at iteration 28
IPF row error: 28.015013, col error: 0.000000
Starting Iterative Proportional Fitting (IPF)...
IPF converged at iteration 90
IPF row error: 28.965934, col error: 0.000000
Starting Iterative Proportional Fitting (IPF)...
IPF converged at iteration 90
IPF row error: 28.965934, col error: 0.000000
Starting Iterative Proportional Fitting (IPF)...
IPF converged at iteration 36
IPF converged at iteration 26
IPF row error: 26.806254, col error: 0.000000
  [2023/test] 진행 1080/1750 (61.7%) | 누적 CPC 0.2912 | RMSE 1641.9687 | %RMSE 32.6182 | 경과 23.9분 | 예상 남음 14.8분
IPF row error: 26.574708, col error: 0.000000
Starting Iterative Proportional Fitting (IPF)...
Starting Iterative Proportional Fitting (IPF)...
IPF converged at iteration 90
IPF row error: 28.965934, col error: 0.000000
Starting Iterative Proportional Fitting (IPF)...
IPF converged at iteration 90
IPF row error: 28.965934, col error: 0.000000
Starting Iterative Proportional Fitting (IPF)...
IPF converged at iteration 27
IPF row error: 28.512452, col error: 0.000000
Starting Iterative Proportional Fitting (IPF)...
IPF converged at iteration 27
IPF row error: 28.748182, col error: 0.000000
Starting Iterative Proportional Fitting (IPF)...
IPF converged at iteration 25
IPF row error: 25.367395, col error: 0.000000
Starting Iterative Proportional Fitting (IPF)...
IPF converged at iteration 27
IPF row error: 25.590407, col error: 0.000000
IPF converged at iteration 90
IPF row error: 28.965934, col error: 0.000000
Starting Iterative Proportional Fitting (IPF)...
Starting Iterative Proportional Fitting (IPF)...
IPF converged at iteration 90
IPF row error: 28.965934, col error: 0.000000
Starting Iterative Proportional Fitting (IPF)...
IPF converged at iteration 90
IPF row error: 28.965934, col error: 0.000000
Starting Iterative Proportional Fitting (IPF)...
IPF converged at iteration 90
IPF converged at iteration 90
IPF row error: 28.965934, col error: 0.000000
IPF row error: 28.965934, col error: 0.000000
Starting Iterative Proportional Fitting (IPF)...
Starting Iterative Proportional Fitting (IPF)...
IPF converged at iteration 90
IPF row error: 28.965934, col error: 0.000000
Starting Iterative Proportional Fitting (IPF)...
IPF converged at iteration 90
IPF row error: 28.965934, col error: 0.000000
IPF converged at iteration 39
IPF row error: 27.197727, col error: 0.000000
Starting Iterative Proportional Fitting (IPF)...
Starting Iterative Proportional Fitting (IPF)...
IPF converged at iteration 45
IPF row error: 24.589248, col error: 0.000000
Starting Iterative Proportional Fitting (IPF)...
IPF converged at iteration 90
IPF row error: 28.965934, col error: 0.000000
Starting Iterative Proportional Fitting (IPF)...
IPF converged at iteration 90
IPF row error: 28.965934, col error: 0.000000
IPF converged at iteration 90
IPF row error: 28.965934, col error: 0.000000
Starting Iterative Proportional Fitting (IPF)...
Starting Iterative Proportional Fitting (IPF)...
IPF converged at iteration 90
IPF row error: 28.965934, col error: 0.000000
Starting Iterative Proportional Fitting (IPF)...
IPF converged at iteration 27
IPF converged at iteration 30
IPF row error: 25.973997, col error: 0.000000
IPF row error: 27.338292, col error: 0.000000
Starting Iterative Proportional Fitting (IPF)...
Starting Iterative Proportional Fitting (IPF)...
IPF converged at iteration 90
IPF row error: 27.304790, col error: 0.000000
Starting Iterative Proportional Fitting (IPF)...
IPF converged at iteration 25
IPF row error: 27.216206, col error: 0.000000
Starting Iterative Proportional Fitting (IPF)...
IPF converged at iteration 38
IPF row error: 24.833143, col error: 0.000000
Starting Iterative Proportional Fitting (IPF)...
IPF converged at iteration 90
IPF row error: 27.304790, col error: 0.000000
Starting Iterative Proportional Fitting (IPF)...
IPF converged at iteration 90
IPF row error: 27.304790, col error: 0.000000
Starting Iterative Proportional Fitting (IPF)...
IPF converged at iteration 90
IPF row error: 27.304790, col error: 0.000000
Starting Iterative Proportional Fitting (IPF)...
IPF converged at iteration 25
IPF row error: 26.289778, col error: 0.000000
IPF converged at iteration 90
IPF row error: 27.304790, col error: 0.000000
  [2023/test] 진행 1110/1750 (63.4%) | 누적 CPC 0.2896 | RMSE 1638.4885 | %RMSE 32.1415 | 경과 24.6분 | 예상 남음 14.2분
Starting Iterative Proportional Fitting (IPF)...
Starting Iterative Proportional Fitting (IPF)...
IPF converged at iteration 90
IPF row error: 27.304790, col error: 0.000000
Starting Iterative Proportional Fitting (IPF)...
IPF converged at iteration 90
IPF row error: 27.304790, col error: 0.000000
Starting Iterative Proportional Fitting (IPF)...
IPF converged at iteration 36
IPF row error: 27.329588, col error: 0.000000
Starting Iterative Proportional Fitting (IPF)...
IPF converged at iteration 90
IPF row error: 27.304790, col error: 0.000000IPF converged at iteration 57

IPF row error: 28.977152, col error: 0.000000
Starting Iterative Proportional Fitting (IPF)...
Starting Iterative Proportional Fitting (IPF)...
IPF converged at iteration 90
IPF row error: 27.304790, col error: 0.000000
Starting Iterative Proportional Fitting (IPF)...
IPF converged at iteration 90
IPF row error: 27.304790, col error: 0.000000
Starting Iterative Proportional Fitting (IPF)...
IPF converged at iteration 25
IPF row error: 23.675220, col error: 0.000000
Starting Iterative Proportional Fitting (IPF)...
IPF converged at iteration 24
IPF row error: 28.974732, col error: 0.000000
Starting Iterative Proportional Fitting (IPF)...
IPF converged at iteration 90
IPF converged at iteration 90
IPF row error: 27.304790, col error: 0.000000
IPF row error: 27.304790, col error: 0.000000
Starting Iterative Proportional Fitting (IPF)...
Starting Iterative Proportional Fitting (IPF)...
IPF converged at iteration 70
IPF row error: 26.441779, col error: 0.000000
Starting Iterative Proportional Fitting (IPF)...
IPF converged at iteration 90
IPF row error: 27.304790, col error: 0.000000
Starting Iterative Proportional Fitting (IPF)...
IPF converged at iteration 45
IPF row error: 26.172763, col error: 0.000000
Starting Iterative Proportional Fitting (IPF)...
IPF converged at iteration 90
IPF converged at iteration 90
IPF row error: 27.304790, col error: 0.000000
IPF row error: 27.304790, col error: 0.000000
Starting Iterative Proportional Fitting (IPF)...
Starting Iterative Proportional Fitting (IPF)...
IPF converged at iteration 27
IPF row error: 26.652441, col error: 0.000000
Starting Iterative Proportional Fitting (IPF)...
IPF converged at iteration 48
IPF row error: 25.093410, col error: 0.000000
Starting Iterative Proportional Fitting (IPF)...
IPF converged at iteration 42
IPF row error: 24.455147, col error: 0.000000
IPF converged at iteration 25
IPF row error: 28.373773, col error: 0.000000
Starting Iterative Proportional Fitting (IPF)...
Starting Iterative Proportional Fitting (IPF)...
IPF converged at iteration 27
IPF row error: 23.472080, col error: 0.000000
Starting Iterative Proportional Fitting (IPF)...
IPF converged at iteration 78
IPF row error: 28.415467, col error: 0.000000
Starting Iterative Proportional Fitting (IPF)...
IPF converged at iteration 40
IPF row error: 24.097022, col error: 0.000000
IPF converged at iteration 30
IPF row error: 24.288212, col error: 0.000000
Starting Iterative Proportional Fitting (IPF)...
Starting Iterative Proportional Fitting (IPF)...
IPF converged at iteration 28
IPF row error: 22.887711, col error: 0.000000
Starting Iterative Proportional Fitting (IPF)...
IPF converged at iteration 90
IPF row error: 27.304790, col error: 0.000000
Starting Iterative Proportional Fitting (IPF)...
IPF converged at iteration 26
IPF converged at iteration 53
IPF row error: 23.739063, col error: 0.000000
IPF row error: 28.614640, col error: 0.000000
Starting Iterative Proportional Fitting (IPF)...
Starting Iterative Proportional Fitting (IPF)...
IPF converged at iteration 90
IPF converged at iteration 90
IPF row error: 27.304790, col error: 0.000000
IPF row error: 27.304790, col error: 0.000000
  [2023/test] 진행 1140/1750 (65.1%) | 누적 CPC 0.2873 | RMSE 1632.0793 | %RMSE 31.6672 | 경과 25.2분 | 예상 남음 13.5분
Starting Iterative Proportional Fitting (IPF)...
Starting Iterative Proportional Fitting (IPF)...
IPF converged at iteration 26
IPF row error: 24.394265, col error: 0.000000
Starting Iterative Proportional Fitting (IPF)...
IPF converged at iteration 27
IPF row error: 27.656942, col error: 0.000000
Starting Iterative Proportional Fitting (IPF)...
IPF converged at iteration 90
IPF row error: 27.304790, col error: 0.000000
Starting Iterative Proportional Fitting (IPF)...
IPF converged at iteration 90
IPF converged at iteration 90
IPF row error: 27.304790, col error: 0.000000
IPF row error: 27.304790, col error: 0.000000
Starting Iterative Proportional Fitting (IPF)...
Starting Iterative Proportional Fitting (IPF)...
IPF converged at iteration 80
IPF row error: 27.028327, col error: 0.000000
Starting Iterative Proportional Fitting (IPF)...
IPF converged at iteration 42
IPF row error: 26.547854, col error: 0.000000
Starting Iterative Proportional Fitting (IPF)...
IPF converged at iteration 31
IPF row error: 23.404715, col error: 0.000000
Starting Iterative Proportional Fitting (IPF)...
IPF converged at iteration 90
IPF row error: 27.304790, col error: 0.000000
Starting Iterative Proportional Fitting (IPF)...
IPF converged at iteration 90
IPF row error: 27.304790, col error: 0.000000
Starting Iterative Proportional Fitting (IPF)...
IPF converged at iteration 26
IPF row error: 22.166212, col error: 0.000000
Starting Iterative Proportional Fitting (IPF)...
IPF converged at iteration 92
IPF row error: 29.046747, col error: 0.000000
Starting Iterative Proportional Fitting (IPF)...
IPF converged at iteration 73
IPF row error: 26.673607, col error: 0.000000
Starting Iterative Proportional Fitting (IPF)...
IPF converged at iteration 27
IPF row error: 23.189110, col error: 0.000000
Starting Iterative Proportional Fitting (IPF)...
IPF converged at iteration 83
IPF row error: 28.215213, col error: 0.000000
Starting Iterative Proportional Fitting (IPF)...
IPF converged at iteration 83
IPF row error: 28.215213, col error: 0.000000
Starting Iterative Proportional Fitting (IPF)...
IPF converged at iteration 83
IPF row error: 27.069613, col error: 0.000000
Starting Iterative Proportional Fitting (IPF)...
IPF converged at iteration 92
IPF row error: 29.046747, col error: 0.000000
IPF converged at iteration 83Starting Iterative Proportional Fitting (IPF)...

IPF row error: 27.069613, col error: 0.000000
Starting Iterative Proportional Fitting (IPF)...
IPF converged at iteration 34
IPF row error: 24.816774, col error: 0.000000
Starting Iterative Proportional Fitting (IPF)...
IPF converged at iteration 41
IPF row error: 26.680728, col error: 0.000000
Starting Iterative Proportional Fitting (IPF)...
IPF converged at iteration 28
IPF row error: 24.063068, col error: 0.000000
Starting Iterative Proportional Fitting (IPF)...
IPF converged at iteration 92
IPF row error: 28.375125, col error: 0.000000
IPF converged at iteration 83
IPF row error: 27.459799, col error: 0.000000
Starting Iterative Proportional Fitting (IPF)...
Starting Iterative Proportional Fitting (IPF)...
IPF converged at iteration 83
IPF row error: 28.215213, col error: 0.000000
Starting Iterative Proportional Fitting (IPF)...
IPF converged at iteration 26
IPF row error: 22.021463, col error: 0.000000
Starting Iterative Proportional Fitting (IPF)...
IPF converged at iteration 50
IPF row error: 26.818457, col error: 0.000000
Starting Iterative Proportional Fitting (IPF)...
IPF converged at iteration 26
IPF row error: 21.965743, col error: 0.000000
Starting Iterative Proportional Fitting (IPF)...
IPF converged at iteration 83
IPF row error: 27.459799, col error: 0.000000
Starting Iterative Proportional Fitting (IPF)...
IPF converged at iteration 83
IPF row error: 27.459799, col error: 0.000000
  [2023/test] 진행 1170/1750 (66.9%) | 누적 CPC 0.2843 | RMSE 1625.8887 | %RMSE 31.2949 | 경과 26.0분 | 예상 남음 12.9분
Starting Iterative Proportional Fitting (IPF)...
IPF converged at iteration 83
IPF row error: 27.459799, col error: 0.000000
Starting Iterative Proportional Fitting (IPF)...
IPF converged at iteration 83
IPF row error: 28.215213, col error: 0.000000
Starting Iterative Proportional Fitting (IPF)...
IPF converged at iteration 92
IPF row error: 27.009599, col error: 0.000000
Starting Iterative Proportional Fitting (IPF)...
IPF converged at iteration 25
IPF row error: 25.294586, col error: 0.000000
Starting Iterative Proportional Fitting (IPF)...
IPF converged at iteration 92
IPF row error: 29.046747, col error: 0.000000
Starting Iterative Proportional Fitting (IPF)...
IPF converged at iteration 83
IPF row error: 27.459799, col error: 0.000000
Starting Iterative Proportional Fitting (IPF)...
IPF converged at iteration 83
IPF converged at iteration 27
IPF row error: 27.069613, col error: 0.000000
IPF row error: 21.880506, col error: 0.000000
Starting Iterative Proportional Fitting (IPF)...
Starting Iterative Proportional Fitting (IPF)...
IPF converged at iteration 83
IPF row error: 27.459799, col error: 0.000000
Starting Iterative Proportional Fitting (IPF)...
IPF converged at iteration 83
IPF row error: 27.069613, col error: 0.000000
Starting Iterative Proportional Fitting (IPF)...
IPF converged at iteration 25
IPF row error: 27.325254, col error: 0.000000
Starting Iterative Proportional Fitting (IPF)...
IPF converged at iteration 83
IPF row error: 27.069613, col error: 0.000000
Starting Iterative Proportional Fitting (IPF)...
IPF converged at iteration 83
IPF row error: 27.069613, col error: 0.000000
IPF converged at iteration 92
IPF row error: 28.375125, col error: 0.000000
Starting Iterative Proportional Fitting (IPF)...
Starting Iterative Proportional Fitting (IPF)...
IPF converged at iteration 25
IPF row error: 24.432046, col error: 0.000000
Starting Iterative Proportional Fitting (IPF)...
IPF converged at iteration 43
IPF row error: 26.357612, col error: 0.000000
Starting Iterative Proportional Fitting (IPF)...
IPF converged at iteration 83
IPF row error: 28.215213, col error: 0.000000
Starting Iterative Proportional Fitting (IPF)...
IPF converged at iteration 54
IPF row error: 26.910166, col error: 0.000000
Starting Iterative Proportional Fitting (IPF)...
IPF converged at iteration 83
IPF row error: 27.069613, col error: 0.000000
Starting Iterative Proportional Fitting (IPF)...
IPF converged at iteration 83
IPF row error: 27.069613, col error: 0.000000
Starting Iterative Proportional Fitting (IPF)...
IPF converged at iteration 83
IPF row error: 27.069613, col error: 0.000000
Starting Iterative Proportional Fitting (IPF)...
IPF converged at iteration 92
IPF row error: 29.046747, col error: 0.000000
IPF converged at iteration 25
IPF row error: 25.104791, col error: 0.000000
Starting Iterative Proportional Fitting (IPF)...
Starting Iterative Proportional Fitting (IPF)...
IPF converged at iteration 25
IPF row error: 21.871796, col error: 0.000000
Starting Iterative Proportional Fitting (IPF)...
IPF converged at iteration 83
IPF row error: 28.215213, col error: 0.000000
Starting Iterative Proportional Fitting (IPF)...
IPF converged at iteration 26
IPF row error: 28.143589, col error: 0.000000
Starting Iterative Proportional Fitting (IPF)...
IPF converged at iteration 92
IPF row error: 27.009599, col error: 0.000000
Starting Iterative Proportional Fitting (IPF)...
IPF converged at iteration 28
IPF row error: 26.030204, col error: 0.000000
IPF converged at iteration 92
IPF row error: 27.009599, col error: 0.000000
Starting Iterative Proportional Fitting (IPF)...
Starting Iterative Proportional Fitting (IPF)...
IPF converged at iteration 39
IPF row error: 27.596378, col error: 0.000000
  [2023/test] 진행 1200/1750 (68.6%) | 누적 CPC 0.2813 | RMSE 1621.0814 | %RMSE 31.0428 | 경과 26.7분 | 예상 남음 12.3분
Starting Iterative Proportional Fitting (IPF)...
IPF converged at iteration 32
IPF row error: 23.314101, col error: 0.000000
Starting Iterative Proportional Fitting (IPF)...
IPF converged at iteration 92
IPF row error: 29.046747, col error: 0.000000
Starting Iterative Proportional Fitting (IPF)...
IPF converged at iteration 27
IPF row error: 24.980297, col error: 0.000000
Starting Iterative Proportional Fitting (IPF)...
IPF converged at iteration 25
IPF row error: 26.604953, col error: 0.000000
Starting Iterative Proportional Fitting (IPF)...
IPF converged at iteration 90
IPF row error: 28.872075, col error: 0.000000
Starting Iterative Proportional Fitting (IPF)...
IPF converged at iteration 90
IPF row error: 28.872075, col error: 0.000000
Starting Iterative Proportional Fitting (IPF)...
IPF converged at iteration 54
IPF row error: 28.026911, col error: 0.000000
Starting Iterative Proportional Fitting (IPF)...
IPF converged at iteration 90
IPF row error: 28.872075, col error: 0.000000
Starting Iterative Proportional Fitting (IPF)...
IPF converged at iteration 26
IPF row error: 25.589764, col error: 0.000000
Starting Iterative Proportional Fitting (IPF)...
IPF converged at iteration 90
IPF row error: 28.872075, col error: 0.000000
Starting Iterative Proportional Fitting (IPF)...
IPF converged at iteration 38
IPF row error: 25.164263, col error: 0.000000
IPF converged at iteration 78
IPF row error: 28.417472, col error: 0.000000
Starting Iterative Proportional Fitting (IPF)...
Starting Iterative Proportional Fitting (IPF)...
IPF converged at iteration 25
IPF row error: 24.122144, col error: 0.000000
Starting Iterative Proportional Fitting (IPF)...
IPF converged at iteration 90
IPF row error: 28.872075, col error: 0.000000
IPF converged at iteration 35
IPF row error: 25.595869, col error: 0.000000
Starting Iterative Proportional Fitting (IPF)...
Starting Iterative Proportional Fitting (IPF)...
IPF converged at iteration 90
IPF row error: 28.872075, col error: 0.000000
Starting Iterative Proportional Fitting (IPF)...
IPF converged at iteration 90
IPF row error: 28.872075, col error: 0.000000
IPF converged at iteration 26
IPF row error: 23.995670, col error: 0.000000
Starting Iterative Proportional Fitting (IPF)...
IPF converged at iteration 31
IPF row error: 23.152867, col error: 0.000000
Starting Iterative Proportional Fitting (IPF)...
Starting Iterative Proportional Fitting (IPF)...
IPF converged at iteration 37
IPF row error: 24.330171, col error: 0.000000
Starting Iterative Proportional Fitting (IPF)...
IPF converged at iteration 53
IPF row error: 27.814730, col error: 0.000000
Starting Iterative Proportional Fitting (IPF)...
IPF converged at iteration 90
IPF row error: 28.872075, col error: 0.000000
Starting Iterative Proportional Fitting (IPF)...
IPF converged at iteration 90
IPF row error: 28.872075, col error: 0.000000
Starting Iterative Proportional Fitting (IPF)...
IPF converged at iteration 62
IPF row error: 27.823491, col error: 0.000000
Starting Iterative Proportional Fitting (IPF)...
IPF converged at iteration 26
IPF row error: 23.522853, col error: 0.000000
Starting Iterative Proportional Fitting (IPF)...
IPF converged at iteration 90
IPF converged at iteration 27
IPF row error: 28.872075, col error: 0.000000
IPF row error: 22.893856, col error: 0.000000
Starting Iterative Proportional Fitting (IPF)...
Starting Iterative Proportional Fitting (IPF)...
IPF converged at iteration 90
IPF row error: 28.872075, col error: 0.000000
Starting Iterative Proportional Fitting (IPF)...
IPF converged at iteration 27
IPF row error: 26.249541, col error: 0.000000
Starting Iterative Proportional Fitting (IPF)...
IPF converged at iteration 90
IPF converged at iteration 42
IPF row error: 28.872075, col error: 0.000000
IPF row error: 28.856719, col error: 0.000000
  [2023/test] 진행 1230/1750 (70.3%) | 누적 CPC 0.2784 | RMSE 1592.2964 | %RMSE 30.5624 | 경과 27.5분 | 예상 남음 11.6분
Starting Iterative Proportional Fitting (IPF)...
Starting Iterative Proportional Fitting (IPF)...
IPF converged at iteration 27
IPF row error: 26.567448, col error: 0.000000
Starting Iterative Proportional Fitting (IPF)...
IPF converged at iteration 37
IPF row error: 27.223509, col error: 0.000000
Starting Iterative Proportional Fitting (IPF)...
IPF converged at iteration 90
IPF row error: 28.872075, col error: 0.000000
Starting Iterative Proportional Fitting (IPF)...
IPF converged at iteration 90
IPF row error: 28.872075, col error: 0.000000
Starting Iterative Proportional Fitting (IPF)...
IPF converged at iteration 90
IPF row error: 28.872075, col error: 0.000000
Starting Iterative Proportional Fitting (IPF)...
IPF converged at iteration 90
IPF row error: 28.872075, col error: 0.000000
Starting Iterative Proportional Fitting (IPF)...
IPF converged at iteration 26
IPF row error: 22.095640, col error: 0.000000
Starting Iterative Proportional Fitting (IPF)...
IPF converged at iteration 90
IPF row error: 28.872075, col error: 0.000000
Starting Iterative Proportional Fitting (IPF)...
IPF converged at iteration 80
IPF row error: 28.377826, col error: 0.000000
Starting Iterative Proportional Fitting (IPF)...
IPF converged at iteration 31
IPF row error: 23.532601, col error: 0.000000
Starting Iterative Proportional Fitting (IPF)...
IPF converged at iteration 90
IPF row error: 28.872075, col error: 0.000000
Starting Iterative Proportional Fitting (IPF)...
IPF converged at iteration 90
IPF row error: 28.872075, col error: 0.000000
Starting Iterative Proportional Fitting (IPF)...
IPF converged at iteration 90
IPF row error: 28.872075, col error: 0.000000
Starting Iterative Proportional Fitting (IPF)...
IPF converged at iteration 90
IPF row error: 28.872075, col error: 0.000000
Starting Iterative Proportional Fitting (IPF)...
IPF converged at iteration 63
IPF row error: 28.607931, col error: 0.000000
Starting Iterative Proportional Fitting (IPF)...
IPF converged at iteration 37
IPF row error: 26.606052, col error: 0.000000
IPF converged at iteration 90
Starting Iterative Proportional Fitting (IPF)...
IPF row error: 28.872075, col error: 0.000000
Starting Iterative Proportional Fitting (IPF)...
IPF converged at iteration 26
IPF row error: 21.786817, col error: 0.000000
Starting Iterative Proportional Fitting (IPF)...
IPF converged at iteration 90
IPF row error: 28.872075, col error: 0.000000
Starting Iterative Proportional Fitting (IPF)...
IPF converged at iteration 48
IPF row error: 27.126457, col error: 0.000000
Starting Iterative Proportional Fitting (IPF)...
IPF converged at iteration 90
IPF row error: 28.872075, col error: 0.000000
Starting Iterative Proportional Fitting (IPF)...
IPF converged at iteration 26
IPF row error: 21.427873, col error: 0.000000
Starting Iterative Proportional Fitting (IPF)...
IPF converged at iteration 82
IPF row error: 26.651579, col error: 0.000000
Starting Iterative Proportional Fitting (IPF)...
IPF converged at iteration 51
IPF row error: 29.170855, col error: 0.000000
IPF converged at iteration 33
IPF row error: 23.742163, col error: 0.000000
Starting Iterative Proportional Fitting (IPF)...
IPF converged at iteration 80
IPF row error: 29.182152, col error: 0.000000
Starting Iterative Proportional Fitting (IPF)...
Starting Iterative Proportional Fitting (IPF)...
IPF converged at iteration 26
IPF converged at iteration 36
IPF row error: 24.526016, col error: 0.000000
IPF row error: 23.615620, col error: 0.000000
Starting Iterative Proportional Fitting (IPF)...
Starting Iterative Proportional Fitting (IPF)...
IPF converged at iteration 79
IPF row error: 26.734291, col error: 0.000000
  [2023/test] 진행 1260/1750 (72.0%) | 누적 CPC 0.2758 | RMSE 1573.0700 | %RMSE 30.1684 | 경과 28.2분 | 예상 남음 11.0분
Starting Iterative Proportional Fitting (IPF)...
IPF converged at iteration 79
IPF row error: 26.734291, col error: 0.000000
Starting Iterative Proportional Fitting (IPF)...
IPF converged at iteration 78
IPF row error: 29.181637, col error: 0.000000
Starting Iterative Proportional Fitting (IPF)...
IPF converged at iteration 84
IPF row error: 26.787625, col error: 0.000000
Starting Iterative Proportional Fitting (IPF)...
IPF converged at iteration 29
IPF row error: 22.094213, col error: 0.000000
IPF converged at iteration 63
IPF row error: 28.911026, col error: 0.000000
Starting Iterative Proportional Fitting (IPF)...
Starting Iterative Proportional Fitting (IPF)...
IPF converged at iteration 72
IPF row error: 27.294321, col error: 0.000000
Starting Iterative Proportional Fitting (IPF)...
IPF converged at iteration 25
IPF row error: 22.711029, col error: 0.000000
Starting Iterative Proportional Fitting (IPF)...
IPF converged at iteration 32
IPF row error: 28.745944, col error: 0.000000
Starting Iterative Proportional Fitting (IPF)...
IPF converged at iteration 24
IPF row error: 26.999722, col error: 0.000000
Starting Iterative Proportional Fitting (IPF)...
IPF converged at iteration 84
IPF row error: 26.944214, col error: 0.000000
Starting Iterative Proportional Fitting (IPF)...
IPF converged at iteration 28
IPF row error: 24.585851, col error: 0.000000
Starting Iterative Proportional Fitting (IPF)...
IPF converged at iteration 38
IPF row error: 27.212957, col error: 0.000000
Starting Iterative Proportional Fitting (IPF)...
IPF converged at iteration 80
IPF row error: 28.968713, col error: 0.000000
Starting Iterative Proportional Fitting (IPF)...
IPF converged at iteration 26
IPF converged at iteration 84
IPF row error: 22.242181, col error: 0.000000
IPF row error: 26.728195, col error: 0.000000
Starting Iterative Proportional Fitting (IPF)...
Starting Iterative Proportional Fitting (IPF)...
IPF converged at iteration 80
IPF row error: 28.970689, col error: 0.000000
Starting Iterative Proportional Fitting (IPF)...
IPF converged at iteration 45
IPF row error: 25.636640, col error: 0.000000
Starting Iterative Proportional Fitting (IPF)...
IPF converged at iteration 40
IPF row error: 26.245491, col error: 0.000000
Starting Iterative Proportional Fitting (IPF)...
IPF converged at iteration 34
IPF row error: 23.897207, col error: 0.000000
Starting Iterative Proportional Fitting (IPF)...
IPF converged at iteration 81
IPF row error: 29.118201, col error: 0.000000
IPF converged at iteration 84
IPF row error: 27.057933, col error: 0.000000
Starting Iterative Proportional Fitting (IPF)...
Starting Iterative Proportional Fitting (IPF)...
IPF converged at iteration 40
IPF row error: 28.588083, col error: 0.000000
Starting Iterative Proportional Fitting (IPF)...
IPF converged at iteration 84
IPF row error: 26.944214, col error: 0.000000
Starting Iterative Proportional Fitting (IPF)...
IPF converged at iteration 93
IPF row error: 27.788051, col error: 0.000000
Starting Iterative Proportional Fitting (IPF)...
IPF converged at iteration 81
IPF row error: 27.564915, col error: 0.000000
Starting Iterative Proportional Fitting (IPF)...
IPF converged at iteration 41
IPF row error: 28.970645, col error: 0.000000
IPF converged at iteration 79
IPF row error: 26.567943, col error: 0.000000
Starting Iterative Proportional Fitting (IPF)...
Starting Iterative Proportional Fitting (IPF)...
IPF converged at iteration 75
IPF row error: 27.206961, col error: 0.000000
Starting Iterative Proportional Fitting (IPF)...
IPF converged at iteration 26
IPF row error: 25.911371, col error: 0.000000
Starting Iterative Proportional Fitting (IPF)...
IPF converged at iteration 84
IPF row error: 26.944214, col error: 0.000000
  [2023/test] 진행 1290/1750 (73.7%) | 누적 CPC 0.2740 | RMSE 1574.0572 | %RMSE 30.0570 | 경과 28.9분 | 예상 남음 10.3분
Starting Iterative Proportional Fitting (IPF)...
IPF converged at iteration 32
IPF row error: 28.567498, col error: 0.000000
Starting Iterative Proportional Fitting (IPF)...
IPF converged at iteration 84
IPF row error: 26.791566, col error: 0.000000
Starting Iterative Proportional Fitting (IPF)...
IPF converged at iteration 90
IPF row error: 28.456655, col error: 0.000000
Starting Iterative Proportional Fitting (IPF)...
IPF converged at iteration 78
IPF row error: 29.181637, col error: 0.000000
Starting Iterative Proportional Fitting (IPF)...
IPF converged at iteration 82
IPF row error: 26.651579, col error: 0.000000
Starting Iterative Proportional Fitting (IPF)...
IPF converged at iteration 72
IPF row error: 27.315336, col error: 0.000000
Starting Iterative Proportional Fitting (IPF)...
IPF converged at iteration 80
IPF row error: 28.981591, col error: 0.000000
Starting Iterative Proportional Fitting (IPF)...
IPF converged at iteration 80
IPF row error: 28.981534, col error: 0.000000
IPF converged at iteration 93
IPF row error: 27.788051, col error: 0.000000
Starting Iterative Proportional Fitting (IPF)...
Starting Iterative Proportional Fitting (IPF)...
IPF converged at iteration 25
IPF row error: 26.877147, col error: 0.000000
Starting Iterative Proportional Fitting (IPF)...
IPF converged at iteration 81
IPF row error: 27.262350, col error: 0.000000
Starting Iterative Proportional Fitting (IPF)...
IPF converged at iteration 37
IPF row error: 29.111709, col error: 0.000000
Starting Iterative Proportional Fitting (IPF)...
IPF converged at iteration 25
IPF row error: 28.288102, col error: 0.000000
Starting Iterative Proportional Fitting (IPF)...
IPF converged at iteration 80
IPF row error: 27.557718, col error: 0.000000
Starting Iterative Proportional Fitting (IPF)...
IPF converged at iteration 80
IPF row error: 26.801871, col error: 0.000000
Starting Iterative Proportional Fitting (IPF)...
IPF converged at iteration 32
IPF row error: 28.423239, col error: 0.000000
Starting Iterative Proportional Fitting (IPF)...
IPF converged at iteration 80
IPF row error: 26.801871, col error: 0.000000
Starting Iterative Proportional Fitting (IPF)...
IPF converged at iteration 80
IPF row error: 26.801871, col error: 0.000000
Starting Iterative Proportional Fitting (IPF)...
IPF converged at iteration 27
IPF row error: 28.086933, col error: 0.000000
Starting Iterative Proportional Fitting (IPF)...
IPF converged at iteration 80
IPF row error: 26.786799, col error: 0.000000
Starting Iterative Proportional Fitting (IPF)...
IPF converged at iteration 90
IPF row error: 27.447575, col error: 0.000000
Starting Iterative Proportional Fitting (IPF)...
IPF converged at iteration 90
IPF row error: 27.542734, col error: 0.000000
Starting Iterative Proportional Fitting (IPF)...
IPF converged at iteration 80
IPF row error: 26.786799, col error: 0.000000
Starting Iterative Proportional Fitting (IPF)...
IPF converged at iteration 32
IPF row error: 23.682316, col error: 0.000000
Starting Iterative Proportional Fitting (IPF)...
IPF converged at iteration 80
IPF row error: 26.801871, col error: 0.000000
Starting Iterative Proportional Fitting (IPF)...
IPF converged at iteration 27
IPF row error: 26.867001, col error: 0.000000
Starting Iterative Proportional Fitting (IPF)...
IPF converged at iteration 80
IPF row error: 27.557718, col error: 0.000000
Starting Iterative Proportional Fitting (IPF)...
IPF converged at iteration 42
IPF row error: 26.783060, col error: 0.000000
Starting Iterative Proportional Fitting (IPF)...
IPF converged at iteration 53
IPF row error: 25.522745, col error: 0.000000
Starting Iterative Proportional Fitting (IPF)...
IPF converged at iteration 80
IPF row error: 26.786799, col error: 0.000000
  [2023/test] 진행 1320/1750 (75.4%) | 누적 CPC 0.2720 | RMSE 1575.4339 | %RMSE 29.8152 | 경과 29.7분 | 예상 남음 9.7분
IPF converged at iteration 41
IPF row error: 25.357902, col error: 0.000000
Starting Iterative Proportional Fitting (IPF)...
Starting Iterative Proportional Fitting (IPF)...
IPF converged at iteration 26
IPF row error: 23.251486, col error: 0.000000
IPF converged at iteration 80
IPF row error: 26.801871, col error: 0.000000
Starting Iterative Proportional Fitting (IPF)...
Starting Iterative Proportional Fitting (IPF)...
IPF converged at iteration 54
IPF row error: 29.033204, col error: 0.000000
Starting Iterative Proportional Fitting (IPF)...
IPF converged at iteration 32
IPF row error: 22.697820, col error: 0.000000
Starting Iterative Proportional Fitting (IPF)...
IPF converged at iteration 26
IPF row error: 28.411658, col error: 0.000000
Starting Iterative Proportional Fitting (IPF)...
IPF converged at iteration 80
IPF row error: 27.557718, col error: 0.000000
Starting Iterative Proportional Fitting (IPF)...
IPF converged at iteration 27
IPF row error: 25.238895, col error: 0.000000
Starting Iterative Proportional Fitting (IPF)...
IPF converged at iteration 26
IPF row error: 27.139275, col error: 0.000000
IPF converged at iteration 80
IPF row error: 26.786799, col error: 0.000000
Starting Iterative Proportional Fitting (IPF)...
Starting Iterative Proportional Fitting (IPF)...
IPF converged at iteration 53
IPF row error: 26.289674, col error: 0.000000
IPF converged at iteration 36
IPF row error: 23.381646, col error: 0.000000
Starting Iterative Proportional Fitting (IPF)...
Starting Iterative Proportional Fitting (IPF)...
IPF converged at iteration 80
IPF row error: 27.557718, col error: 0.000000
Starting Iterative Proportional Fitting (IPF)...
IPF converged at iteration 26
IPF row error: 24.482978, col error: 0.000000
Starting Iterative Proportional Fitting (IPF)...
IPF converged at iteration 33
IPF row error: 29.027232, col error: 0.000000
IPF converged at iteration 80
IPF row error: 26.786799, col error: 0.000000
Starting Iterative Proportional Fitting (IPF)...
Starting Iterative Proportional Fitting (IPF)...
IPF converged at iteration 57
IPF row error: 26.577191, col error: 0.000000
IPF converged at iteration 43
IPF converged at iteration 90
IPF row error: 24.908887, col error: 0.000000
IPF row error: 27.447575, col error: 0.000000
Starting Iterative Proportional Fitting (IPF)...
Starting Iterative Proportional Fitting (IPF)...
Starting Iterative Proportional Fitting (IPF)...
IPF converged at iteration 80
IPF row error: 26.786799, col error: 0.000000
Starting Iterative Proportional Fitting (IPF)...
IPF converged at iteration 52
IPF row error: 27.236057, col error: 0.000000
Starting Iterative Proportional Fitting (IPF)...
IPF converged at iteration 27
IPF row error: 28.839368, col error: 0.000000
Starting Iterative Proportional Fitting (IPF)...
IPF converged at iteration 80
IPF row error: 26.786799, col error: 0.000000
IPF converged at iteration 80
IPF row error: 26.786799, col error: 0.000000
Starting Iterative Proportional Fitting (IPF)...
Starting Iterative Proportional Fitting (IPF)...
IPF converged at iteration 27
IPF row error: 24.406636, col error: 0.000000
Starting Iterative Proportional Fitting (IPF)...
IPF converged at iteration 29
IPF row error: 22.206419, col error: 0.000000
IPF converged at iteration 80
IPF row error: 26.786799, col error: 0.000000
IPF converged at iteration 90
Starting Iterative Proportional Fitting (IPF)...
IPF row error: 27.404690, col error: 0.000000
Starting Iterative Proportional Fitting (IPF)...
Starting Iterative Proportional Fitting (IPF)...
IPF converged at iteration 80
IPF row error: 26.786799, col error: 0.000000
Starting Iterative Proportional Fitting (IPF)...
IPF converged at iteration 32
IPF row error: 25.221428, col error: 0.000000
  [2023/test] 진행 1350/1750 (77.1%) | 누적 CPC 0.2700 | RMSE 1576.7728 | %RMSE 29.5037 | 경과 30.3분 | 예상 남음 9.0분
Starting Iterative Proportional Fitting (IPF)...
IPF converged at iteration 90
IPF row error: 27.542734, col error: 0.000000
IPF converged at iteration 89
IPF row error: 28.942302, col error: 0.000000
Starting Iterative Proportional Fitting (IPF)...
IPF converged at iteration 77
IPF row error: 27.406455, col error: 0.000000
Starting Iterative Proportional Fitting (IPF)...
Starting Iterative Proportional Fitting (IPF)...
IPF converged at iteration 72
IPF row error: 28.040613, col error: 0.000000
Starting Iterative Proportional Fitting (IPF)...
IPF converged at iteration 35
IPF row error: 23.328526, col error: 0.000000
Starting Iterative Proportional Fitting (IPF)...
IPF converged at iteration 37
IPF row error: 25.090029, col error: 0.000000
Starting Iterative Proportional Fitting (IPF)...
IPF converged at iteration 25
IPF row error: 27.229807, col error: 0.000000
Starting Iterative Proportional Fitting (IPF)...
IPF converged at iteration 28
IPF row error: 23.464621, col error: 0.000000
Starting Iterative Proportional Fitting (IPF)...
IPF converged at iteration 77
IPF row error: 27.406455, col error: 0.000000
Starting Iterative Proportional Fitting (IPF)...
IPF converged at iteration 53
IPF row error: 26.179423, col error: 0.000000
Starting Iterative Proportional Fitting (IPF)...
IPF converged at iteration 77
IPF row error: 27.958516, col error: 0.000000
Starting Iterative Proportional Fitting (IPF)...
IPF converged at iteration 26
IPF row error: 28.028368, col error: 0.000000
Starting Iterative Proportional Fitting (IPF)...
IPF converged at iteration 81
IPF row error: 26.729145, col error: 0.000000
Starting Iterative Proportional Fitting (IPF)...
IPF converged at iteration 89
IPF row error: 28.942302, col error: 0.000000
Starting Iterative Proportional Fitting (IPF)...
IPF converged at iteration 26
IPF row error: 26.073573, col error: 0.000000
Starting Iterative Proportional Fitting (IPF)...
IPF converged at iteration 26
IPF row error: 27.925466, col error: 0.000000
Starting Iterative Proportional Fitting (IPF)...
IPF converged at iteration 89
IPF row error: 28.554023, col error: 0.000000
IPF converged at iteration 77
IPF row error: 27.958328, col error: 0.000000
Starting Iterative Proportional Fitting (IPF)...
Starting Iterative Proportional Fitting (IPF)...
IPF converged at iteration 26
IPF row error: 21.709056, col error: 0.000000
IPF converged at iteration 27
IPF row error: 27.879722, col error: 0.000000Starting Iterative Proportional Fitting (IPF)...

Starting Iterative Proportional Fitting (IPF)...
IPF converged at iteration 81
IPF row error: 26.693546, col error: 0.000000
Starting Iterative Proportional Fitting (IPF)...
IPF converged at iteration 28
IPF row error: 24.688510, col error: 0.000000
IPF converged at iteration 25
IPF row error: 29.001028, col error: 0.000000
Starting Iterative Proportional Fitting (IPF)...
Starting Iterative Proportional Fitting (IPF)...
IPF converged at iteration 89
IPF row error: 28.366461, col error: 0.000000
Starting Iterative Proportional Fitting (IPF)...
IPF converged at iteration 26
IPF row error: 23.770716, col error: 0.000000
Starting Iterative Proportional Fitting (IPF)...
IPF converged at iteration 27
IPF row error: 27.694496, col error: 0.000000
Starting Iterative Proportional Fitting (IPF)...
IPF converged at iteration 68
IPF row error: 28.776157, col error: 0.000000
Starting Iterative Proportional Fitting (IPF)...
IPF converged at iteration 89
IPF row error: 28.942302, col error: 0.000000
Starting Iterative Proportional Fitting (IPF)...
IPF converged at iteration 42
IPF row error: 25.560255, col error: 0.000000
IPF converged at iteration 27
Starting Iterative Proportional Fitting (IPF)...
IPF row error: 22.674465, col error: 0.000000
  [2023/test] 진행 1380/1750 (78.9%) | 누적 CPC 0.2705 | RMSE 1589.2627 | %RMSE 29.3251 | 경과 31.0분 | 예상 남음 8.3분
Starting Iterative Proportional Fitting (IPF)...
IPF converged at iteration 77
IPF row error: 27.406599, col error: 0.000000
Starting Iterative Proportional Fitting (IPF)...
IPF converged at iteration 26
IPF row error: 28.464361, col error: 0.000000
IPF converged at iteration 26
IPF row error: 24.352977, col error: 0.000000
Starting Iterative Proportional Fitting (IPF)...
Starting Iterative Proportional Fitting (IPF)...
IPF converged at iteration 28
IPF row error: 22.411620, col error: 0.000000
IPF converged at iteration 26
IPF row error: 23.455160, col error: 0.000000
Starting Iterative Proportional Fitting (IPF)...
Starting Iterative Proportional Fitting (IPF)...
IPF converged at iteration 89
IPF row error: 28.393745, col error: 0.000000
Starting Iterative Proportional Fitting (IPF)...
IPF converged at iteration 77
IPF row error: 27.406599, col error: 0.000000
Starting Iterative Proportional Fitting (IPF)...
IPF converged at iteration 81
IPF converged at iteration 81
IPF row error: 27.095027, col error: 0.000000
IPF row error: 26.729145, col error: 0.000000
Starting Iterative Proportional Fitting (IPF)...
Starting Iterative Proportional Fitting (IPF)...
IPF converged at iteration 81
IPF row error: 27.460291, col error: 0.000000
Starting Iterative Proportional Fitting (IPF)...
IPF converged at iteration 80
IPF row error: 28.991553, col error: 0.000000
IPF converged at iteration 32
IPF row error: 34.438318, col error: 0.000000
Starting Iterative Proportional Fitting (IPF)...
Starting Iterative Proportional Fitting (IPF)...
IPF converged at iteration 38
IPF row error: 25.431909, col error: 0.000000
Starting Iterative Proportional Fitting (IPF)...
IPF converged at iteration 77
IPF row error: 27.958516, col error: 0.000000
Starting Iterative Proportional Fitting (IPF)...
IPF converged at iteration 89
IPF row error: 28.826859, col error: 0.000000
IPF converged at iteration 89
IPF row error: 28.826859, col error: 0.000000
IPF converged at iteration 77
IPF row error: 27.958328, col error: 0.000000
Starting Iterative Proportional Fitting (IPF)...
Starting Iterative Proportional Fitting (IPF)...
Starting Iterative Proportional Fitting (IPF)...
IPF converged at iteration 32
IPF converged at iteration 81
IPF row error: 27.616228, col error: 0.000000
IPF row error: 27.460291, col error: 0.000000
Starting Iterative Proportional Fitting (IPF)...
Starting Iterative Proportional Fitting (IPF)...
IPF converged at iteration 28
IPF row error: 24.965568, col error: 0.000000
Starting Iterative Proportional Fitting (IPF)...
IPF converged at iteration 89
IPF row error: 28.393745, col error: 0.000000
IPF converged at iteration 92
IPF row error: 27.460218, col error: 0.000000
Starting Iterative Proportional Fitting (IPF)...
Starting Iterative Proportional Fitting (IPF)...
IPF converged at iteration 25
IPF row error: 26.153814, col error: 0.000000
Starting Iterative Proportional Fitting (IPF)...
IPF converged at iteration 28
IPF row error: 27.261934, col error: 0.000000
IPF converged at iteration 90
IPF row error: 28.965934, col error: 0.000000
Starting Iterative Proportional Fitting (IPF)...
Starting Iterative Proportional Fitting (IPF)...
IPF converged at iteration 83
IPF row error: 27.178301, col error: 0.000000
Starting Iterative Proportional Fitting (IPF)...
IPF converged at iteration 33
IPF row error: 26.824955, col error: 0.000000
Starting Iterative Proportional Fitting (IPF)...
IPF converged at iteration 80
IPF row error: 27.507454, col error: 0.000000
Starting Iterative Proportional Fitting (IPF)...
IPF converged at iteration 80
IPF converged at iteration 82
IPF row error: 28.562133, col error: 0.000000
IPF row error: 28.906497, col error: 0.000000
  [2023/test] 진행 1410/1750 (80.6%) | 누적 CPC 0.2702 | RMSE 1599.9569 | %RMSE 29.1304 | 경과 31.8분 | 예상 남음 7.7분
Starting Iterative Proportional Fitting (IPF)...
Starting Iterative Proportional Fitting (IPF)...
IPF converged at iteration 26
IPF row error: 22.237348, col error: 0.000000
Starting Iterative Proportional Fitting (IPF)...
IPF converged at iteration 46
IPF row error: 25.309176, col error: 0.000000
Starting Iterative Proportional Fitting (IPF)...
IPF converged at iteration 45
IPF row error: 26.093219, col error: 0.000000
Starting Iterative Proportional Fitting (IPF)...
IPF converged at iteration 80
IPF row error: 28.831712, col error: 0.000000
Starting Iterative Proportional Fitting (IPF)...
IPF converged at iteration 27
IPF row error: 25.969954, col error: 0.000000
IPF converged at iteration 26
IPF row error: 21.124543, col error: 0.000000
Starting Iterative Proportional Fitting (IPF)...
Starting Iterative Proportional Fitting (IPF)...
IPF converged at iteration 28
IPF row error: 25.919650, col error: 0.000000
Starting Iterative Proportional Fitting (IPF)...
IPF converged at iteration 80
IPF row error: 27.537964, col error: 0.000000
Starting Iterative Proportional Fitting (IPF)...
IPF converged at iteration 26
IPF row error: 23.300623, col error: 0.000000
Starting Iterative Proportional Fitting (IPF)...
IPF converged at iteration 91
IPF row error: 27.276335, col error: 0.000000
Starting Iterative Proportional Fitting (IPF)...
IPF converged at iteration 26
IPF row error: 22.567961, col error: 0.000000
Starting Iterative Proportional Fitting (IPF)...
IPF converged at iteration 92
IPF row error: 27.670703, col error: 0.000000
Starting Iterative Proportional Fitting (IPF)...
IPF converged at iteration 83
IPF row error: 27.094485, col error: 0.000000
Starting Iterative Proportional Fitting (IPF)...
IPF converged at iteration 49
IPF row error: 25.738173, col error: 0.000000
Starting Iterative Proportional Fitting (IPF)...
IPF converged at iteration 80
IPF row error: 27.537980, col error: 0.000000
Starting Iterative Proportional Fitting (IPF)...
IPF converged at iteration 80
IPF row error: 28.252700, col error: 0.000000
Starting Iterative Proportional Fitting (IPF)...
IPF converged at iteration 79
IPF row error: 29.144464, col error: 0.000000
Starting Iterative Proportional Fitting (IPF)...
IPF converged at iteration 26
IPF row error: 22.381262, col error: 0.000000
IPF converged at iteration 92
IPF row error: 27.460218, col error: 0.000000
Starting Iterative Proportional Fitting (IPF)...
Starting Iterative Proportional Fitting (IPF)...
IPF converged at iteration 83
IPF row error: 27.178301, col error: 0.000000
Starting Iterative Proportional Fitting (IPF)...
IPF converged at iteration 80
IPF row error: 26.786836, col error: 0.000000
Starting Iterative Proportional Fitting (IPF)...
IPF converged at iteration 62
IPF row error: 29.118755, col error: 0.000000
Starting Iterative Proportional Fitting (IPF)...
IPF converged at iteration 72
IPF row error: 27.799409, col error: 0.000000
Starting Iterative Proportional Fitting (IPF)...
IPF converged at iteration 58
IPF row error: 29.161552, col error: 0.000000
Starting Iterative Proportional Fitting (IPF)...
IPF converged at iteration 79
IPF row error: 29.184754, col error: 0.000000
Starting Iterative Proportional Fitting (IPF)...
IPF converged at iteration 26
IPF row error: 25.537054, col error: 0.000000
Starting Iterative Proportional Fitting (IPF)...
IPF converged at iteration 53
IPF converged at iteration 31
IPF row error: 26.846167, col error: 0.000000
IPF row error: 22.844681, col error: 0.000000
Starting Iterative Proportional Fitting (IPF)...
Starting Iterative Proportional Fitting (IPF)...
IPF converged at iteration 26
IPF row error: 21.898384, col error: 0.000000
Starting Iterative Proportional Fitting (IPF)...
IPF converged at iteration 31
IPF row error: 29.058294, col error: 0.000000
  [2023/test] 진행 1440/1750 (82.3%) | 누적 CPC 0.2685 | RMSE 1603.3305 | %RMSE 28.8645 | 경과 32.5분 | 예상 남음 7.0분
Starting Iterative Proportional Fitting (IPF)...
IPF converged at iteration 25
IPF row error: 21.513063, col error: 0.000000
IPF converged at iteration 92
IPF row error: 27.742770, col error: 0.000000
Starting Iterative Proportional Fitting (IPF)...
Starting Iterative Proportional Fitting (IPF)...
IPF converged at iteration 91
IPF converged at iteration 26
IPF row error: 29.166502, col error: 0.000000
IPF row error: 28.736611, col error: 0.000000
IPF converged at iteration 27
Starting Iterative Proportional Fitting (IPF)...
Starting Iterative Proportional Fitting (IPF)...
IPF row error: 22.461831, col error: 0.000000
Starting Iterative Proportional Fitting (IPF)...
IPF converged at iteration 92
IPF row error: 27.568126, col error: 0.000000
Starting Iterative Proportional Fitting (IPF)...
IPF converged at iteration 27
IPF row error: 25.479241, col error: 0.000000
IPF converged at iteration 34
IPF row error: 24.386160, col error: 0.000000
Starting Iterative Proportional Fitting (IPF)...
Starting Iterative Proportional Fitting (IPF)...
IPF converged at iteration 41
IPF row error: 24.278618, col error: 0.000000
Starting Iterative Proportional Fitting (IPF)...
IPF converged at iteration 37
IPF row error: 25.044191, col error: 0.000000
Starting Iterative Proportional Fitting (IPF)...
IPF converged at iteration 80
IPF row error: 28.562133, col error: 0.000000
Starting Iterative Proportional Fitting (IPF)...
IPF converged at iteration 79
IPF row error: 26.916936, col error: 0.000000
Starting Iterative Proportional Fitting (IPF)...
IPF converged at iteration 52
IPF row error: 26.791657, col error: 0.000000
IPF converged at iteration 35
IPF row error: 24.617652, col error: 0.000000
Starting Iterative Proportional Fitting (IPF)...
Starting Iterative Proportional Fitting (IPF)...
IPF converged at iteration 91
IPF row error: 26.918316, col error: 0.000000
Starting Iterative Proportional Fitting (IPF)...
IPF converged at iteration 26
IPF row error: 28.702994, col error: 0.000000
IPF converged at iteration 38
IPF row error: 25.471254, col error: 0.000000
Starting Iterative Proportional Fitting (IPF)...
Starting Iterative Proportional Fitting (IPF)...
IPF converged at iteration 28
IPF row error: 27.217230, col error: 0.000000
Starting Iterative Proportional Fitting (IPF)...
IPF converged at iteration 34
IPF row error: 23.410588, col error: 0.000000
Starting Iterative Proportional Fitting (IPF)...
IPF converged at iteration 80
IPF row error: 28.469124, col error: 0.000000
IPF converged at iteration 90
IPF row error: 28.227467, col error: 0.000000
IPF converged at iteration 27
IPF row error: 28.238968, col error: 0.000000
Starting Iterative Proportional Fitting (IPF)...
Starting Iterative Proportional Fitting (IPF)...
Starting Iterative Proportional Fitting (IPF)...
IPF converged at iteration 25
IPF row error: 21.695761, col error: 0.000000
Starting Iterative Proportional Fitting (IPF)...
IPF converged at iteration 30
IPF row error: 22.390741, col error: 0.000000
Starting Iterative Proportional Fitting (IPF)...
IPF converged at iteration 30
IPF row error: 24.905008, col error: 0.000000
Starting Iterative Proportional Fitting (IPF)...
IPF converged at iteration 79
IPF row error: 28.050759, col error: 0.000000
IPF converged at iteration 79
IPF row error: 28.089901, col error: 0.000000
Starting Iterative Proportional Fitting (IPF)...
Starting Iterative Proportional Fitting (IPF)...
IPF converged at iteration 91
IPF converged at iteration 28
IPF row error: 29.155881, col error: 0.000000
IPF row error: 23.288189, col error: 0.000000
Starting Iterative Proportional Fitting (IPF)...
Starting Iterative Proportional Fitting (IPF)...
IPF converged at iteration 28
IPF row error: 23.749735, col error: 0.000000
  [2023/test] 진행 1470/1750 (84.0%) | 누적 CPC 0.2670 | RMSE 1601.6012 | %RMSE 28.6202 | 경과 33.1분 | 예상 남음 6.3분
Starting Iterative Proportional Fitting (IPF)...
IPF converged at iteration 78
IPF row error: 29.185198, col error: 0.000000
IPF converged at iteration 80
Starting Iterative Proportional Fitting (IPF)...
IPF row error: 28.612226, col error: 0.000000
Starting Iterative Proportional Fitting (IPF)...
IPF converged at iteration 91
IPF row error: 29.155881, col error: 0.000000
IPF converged at iteration 28
IPF row error: 22.698642, col error: 0.000000
Starting Iterative Proportional Fitting (IPF)...
Starting Iterative Proportional Fitting (IPF)...
IPF converged at iteration 90
IPF row error: 27.830723, col error: 0.000000
Starting Iterative Proportional Fitting (IPF)...
IPF converged at iteration 78
IPF row error: 28.350441, col error: 0.000000
IPF converged at iteration 53
IPF row error: 27.084018, col error: 0.000000
Starting Iterative Proportional Fitting (IPF)...
Starting Iterative Proportional Fitting (IPF)...
IPF converged at iteration 79
IPF row error: 26.784464, col error: 0.000000
Starting Iterative Proportional Fitting (IPF)...
IPF converged at iteration 49
IPF row error: 26.644676, col error: 0.000000
IPF converged at iteration 78
Starting Iterative Proportional Fitting (IPF)...
IPF row error: 29.185599, col error: 0.000000
IPF converged at iteration 27
IPF row error: 28.796564, col error: 0.000000
Starting Iterative Proportional Fitting (IPF)...
Starting Iterative Proportional Fitting (IPF)...
IPF converged at iteration 27
IPF row error: 22.946253, col error: 0.000000
Starting Iterative Proportional Fitting (IPF)...
IPF converged at iteration 92
IPF row error: 27.371370, col error: 0.000000
Starting Iterative Proportional Fitting (IPF)...
IPF converged at iteration 42
IPF row error: 27.055190, col error: 0.000000
Starting Iterative Proportional Fitting (IPF)...
IPF converged at iteration 31
IPF row error: 23.424618, col error: 0.000000
IPF converged at iteration 26
IPF row error: 25.310455, col error: 0.000000
Starting Iterative Proportional Fitting (IPF)...
Starting Iterative Proportional Fitting (IPF)...
IPF converged at iteration 78
IPF row error: 28.192284, col error: 0.000000
Starting Iterative Proportional Fitting (IPF)...
IPF converged at iteration 38
IPF row error: 29.169550, col error: 0.000000
Starting Iterative Proportional Fitting (IPF)...
IPF converged at iteration 57
IPF row error: 26.154574, col error: 0.000000
Starting Iterative Proportional Fitting (IPF)...
IPF converged at iteration 91
IPF row error: 29.155881, col error: 0.000000
Starting Iterative Proportional Fitting (IPF)...
IPF converged at iteration 79
IPF row error: 27.564095, col error: 0.000000
Starting Iterative Proportional Fitting (IPF)...
IPF converged at iteration 81
IPF row error: 28.172666, col error: 0.000000
Starting Iterative Proportional Fitting (IPF)...
IPF converged at iteration 79
IPF row error: 26.607521, col error: 0.000000
Starting Iterative Proportional Fitting (IPF)...
IPF converged at iteration 27
IPF row error: 25.819854, col error: 0.000000
IPF converged at iteration 80
IPF row error: 28.469124, col error: 0.000000
Starting Iterative Proportional Fitting (IPF)...
Starting Iterative Proportional Fitting (IPF)...
IPF converged at iteration 81
IPF row error: 28.172666, col error: 0.000000
IPF converged at iteration 27
Starting Iterative Proportional Fitting (IPF)...
IPF row error: 25.252892, col error: 0.000000
IPF converged at iteration 34
IPF row error: 26.584616, col error: 0.000000
Starting Iterative Proportional Fitting (IPF)...
Starting Iterative Proportional Fitting (IPF)...
IPF converged at iteration 28
IPF row error: 27.025069, col error: 0.000000
Starting Iterative Proportional Fitting (IPF)...
IPF converged at iteration 79
IPF row error: 28.068313, col error: 0.000000
  [2023/test] 진행 1500/1750 (85.7%) | 누적 CPC 0.2649 | RMSE 1597.2203 | %RMSE 28.3730 | 경과 33.8분 | 예상 남음 5.6분
Starting Iterative Proportional Fitting (IPF)...
IPF converged at iteration 80
IPF row error: 28.067677, col error: 0.000000
IPF converged at iteration 90
IPF row error: 28.120064, col error: 0.000000
Starting Iterative Proportional Fitting (IPF)...
Starting Iterative Proportional Fitting (IPF)...
IPF converged at iteration 80
IPF row error: 28.124102, col error: 0.000000
IPF converged at iteration 26
IPF row error: 24.364916, col error: 0.000000
IPF converged at iteration 25
Starting Iterative Proportional Fitting (IPF)...
IPF converged at iteration 80
IPF row error: 23.878475, col error: 0.000000
IPF row error: 27.147732, col error: 0.000000
Starting Iterative Proportional Fitting (IPF)...
Starting Iterative Proportional Fitting (IPF)...
Starting Iterative Proportional Fitting (IPF)...
IPF converged at iteration 80
IPF row error: 28.124323, col error: 0.000000
IPF converged at iteration 80
IPF row error: 28.241983, col error: 0.000000
Starting Iterative Proportional Fitting (IPF)...
Starting Iterative Proportional Fitting (IPF)...
IPF converged at iteration 83
IPF row error: 29.181875, col error: 0.000000
Starting Iterative Proportional Fitting (IPF)...
IPF converged at iteration 93
IPF row error: 27.715618, col error: 0.000000
Starting Iterative Proportional Fitting (IPF)...
IPF converged at iteration 26
IPF row error: 27.705045, col error: 0.000000
Starting Iterative Proportional Fitting (IPF)...
IPF converged at iteration 49
IPF row error: 24.912585, col error: 0.000000
Starting Iterative Proportional Fitting (IPF)...
IPF converged at iteration 81
IPF row error: 27.216189, col error: 0.000000
Starting Iterative Proportional Fitting (IPF)...
IPF converged at iteration 80
IPF converged at iteration 93
IPF row error: 28.968090, col error: 0.000000
IPF row error: 27.017012, col error: 0.000000
Starting Iterative Proportional Fitting (IPF)...
Starting Iterative Proportional Fitting (IPF)...
IPF converged at iteration 25
IPF row error: 23.260234, col error: 0.000000
IPF converged at iteration 81
IPF row error: 27.680298, col error: 0.000000
Starting Iterative Proportional Fitting (IPF)...
Starting Iterative Proportional Fitting (IPF)...
IPF converged at iteration 31
IPF row error: 27.052336, col error: 0.000000
Starting Iterative Proportional Fitting (IPF)...
IPF converged at iteration 76
IPF row error: 28.409419, col error: 0.000000
IPF converged at iteration 25
Starting Iterative Proportional Fitting (IPF)...
IPF row error: 28.413757, col error: 0.000000
IPF converged at iteration 27
IPF row error: 27.169092, col error: 0.000000
Starting Iterative Proportional Fitting (IPF)...
Starting Iterative Proportional Fitting (IPF)...
IPF converged at iteration 27
IPF row error: 28.690834, col error: 0.000000
Starting Iterative Proportional Fitting (IPF)...
IPF converged at iteration 25
IPF row error: 23.259971, col error: 0.000000
Starting Iterative Proportional Fitting (IPF)...
IPF converged at iteration 34
IPF row error: 24.047872, col error: 0.000000
Starting Iterative Proportional Fitting (IPF)...
IPF converged at iteration 27
IPF row error: 21.887604, col error: 0.000000
IPF converged at iteration 83
Starting Iterative Proportional Fitting (IPF)...
IPF row error: 28.809797, col error: 0.000000
IPF converged at iteration 28
IPF row error: 24.817246, col error: 0.000000
Starting Iterative Proportional Fitting (IPF)...
Starting Iterative Proportional Fitting (IPF)...
IPF converged at iteration 25
IPF row error: 24.190631, col error: 0.000000
Starting Iterative Proportional Fitting (IPF)...
IPF converged at iteration 27
IPF converged at iteration 26IPF row error: 23.479729, col error: 0.000000

IPF row error: 21.710611, col error: 0.000000
  [2023/test] 진행 1530/1750 (87.4%) | 누적 CPC 0.2623 | RMSE 1595.8670 | %RMSE 28.3725 | 경과 34.4분 | 예상 남음 5.0분
Starting Iterative Proportional Fitting (IPF)...
Starting Iterative Proportional Fitting (IPF)...
IPF converged at iteration 29
IPF row error: 28.916208, col error: 0.000000
IPF converged at iteration 84
Starting Iterative Proportional Fitting (IPF)...
IPF row error: 27.623214, col error: 0.000000
IPF converged at iteration 28
IPF row error: 25.934754, col error: 0.000000
Starting Iterative Proportional Fitting (IPF)...
Starting Iterative Proportional Fitting (IPF)...
IPF converged at iteration 34
IPF row error: 26.799216, col error: 0.000000
Starting Iterative Proportional Fitting (IPF)...
IPF converged at iteration 25
IPF row error: 25.127121, col error: 0.000000
Starting Iterative Proportional Fitting (IPF)...
IPF converged at iteration 27
IPF row error: 22.628406, col error: 0.000000
Starting Iterative Proportional Fitting (IPF)...
IPF converged at iteration 27
IPF row error: 24.411905, col error: 0.000000
Starting Iterative Proportional Fitting (IPF)...
IPF converged at iteration 34
IPF row error: 28.461817, col error: 0.000000
IPF converged at iteration 74
IPF row error: 28.118576, col error: 0.000000
Starting Iterative Proportional Fitting (IPF)...
Starting Iterative Proportional Fitting (IPF)...
IPF converged at iteration 25
IPF row error: 28.076998, col error: 0.000000
Starting Iterative Proportional Fitting (IPF)...
IPF converged at iteration 93
IPF row error: 28.257303, col error: 0.000000
Starting Iterative Proportional Fitting (IPF)...
IPF converged at iteration 24
IPF row error: 27.523803, col error: 0.000000
IPF converged at iteration 38
IPF row error: 28.959729, col error: 0.000000
IPF converged at iteration 48
IPF row error: 26.349172, col error: 0.000000
Starting Iterative Proportional Fitting (IPF)...
Starting Iterative Proportional Fitting (IPF)...
Starting Iterative Proportional Fitting (IPF)...
IPF converged at iteration 58
IPF row error: 28.100149, col error: 0.000000
Starting Iterative Proportional Fitting (IPF)...
IPF converged at iteration 25
IPF row error: 26.278955, col error: 0.000000
Starting Iterative Proportional Fitting (IPF)...
IPF converged at iteration 80
IPF row error: 28.052116, col error: 0.000000
IPF converged at iteration 84
IPF row error: 28.011689, col error: 0.000000
Starting Iterative Proportional Fitting (IPF)...
Starting Iterative Proportional Fitting (IPF)...
IPF converged at iteration 93
IPF row error: 28.257303, col error: 0.000000
Starting Iterative Proportional Fitting (IPF)...
IPF converged at iteration 72
IPF row error: 26.583544, col error: 0.000000
Starting Iterative Proportional Fitting (IPF)...
IPF converged at iteration 65
IPF row error: 27.239402, col error: 0.000000
Starting Iterative Proportional Fitting (IPF)...
IPF converged at iteration 80
IPF row error: 27.436084, col error: 0.000000
IPF converged at iteration 92
IPF row error: 28.021140, col error: 0.000000
Starting Iterative Proportional Fitting (IPF)...
Starting Iterative Proportional Fitting (IPF)...
IPF converged at iteration 74
IPF row error: 26.476925, col error: 0.000000
Starting Iterative Proportional Fitting (IPF)...
IPF converged at iteration 80
IPF converged at iteration 49
IPF row error: 28.943243, col error: 0.000000
IPF row error: 26.316082, col error: 0.000000
Starting Iterative Proportional Fitting (IPF)...
Starting Iterative Proportional Fitting (IPF)...
IPF converged at iteration 82
IPF row error: 28.075004, col error: 0.000000
Starting Iterative Proportional Fitting (IPF)...
IPF converged at iteration 37
IPF row error: 29.057770, col error: 0.000000
IPF converged at iteration 80
IPF row error: 28.085778, col error: 0.000000
Starting Iterative Proportional Fitting (IPF)...
Starting Iterative Proportional Fitting (IPF)...
IPF converged at iteration 32
IPF row error: 28.382901, col error: 0.000000
  [2023/test] 진행 1560/1750 (89.1%) | 누적 CPC 0.2599 | RMSE 1594.2978 | %RMSE 28.4512 | 경과 35.1분 | 예상 남음 4.3분
Starting Iterative Proportional Fitting (IPF)...
IPF converged at iteration 82
IPF row error: 27.787099, col error: 0.000000
Starting Iterative Proportional Fitting (IPF)...
IPF converged at iteration 80
IPF row error: 28.961182, col error: 0.000000
IPF converged at iteration 82
IPF row error: 28.075004, col error: 0.000000
Starting Iterative Proportional Fitting (IPF)...
Starting Iterative Proportional Fitting (IPF)...
IPF converged at iteration 70
IPF row error: 28.246263, col error: 0.000000
Starting Iterative Proportional Fitting (IPF)...
IPF converged at iteration 27
IPF row error: 22.892079, col error: 0.000000
Starting Iterative Proportional Fitting (IPF)...
IPF converged at iteration 32
IPF row error: 26.673101, col error: 0.000000
Starting Iterative Proportional Fitting (IPF)...
IPF converged at iteration 92
IPF row error: 27.080959, col error: 0.000000
Starting Iterative Proportional Fitting (IPF)...
IPF converged at iteration 33
IPF row error: 25.263530, col error: 0.000000
Starting Iterative Proportional Fitting (IPF)...
IPF converged at iteration 91
IPF row error: 28.572837, col error: 0.000000
Starting Iterative Proportional Fitting (IPF)...
IPF converged at iteration 42
IPF row error: 27.793961, col error: 0.000000
Starting Iterative Proportional Fitting (IPF)...
IPF converged at iteration 80
IPF row error: 28.519086, col error: 0.000000
Starting Iterative Proportional Fitting (IPF)...
IPF converged at iteration 80
IPF row error: 27.233941, col error: 0.000000
Starting Iterative Proportional Fitting (IPF)...
IPF converged at iteration 91
IPF row error: 28.572837, col error: 0.000000
IPF converged at iteration 82
IPF row error: 27.824311, col error: 0.000000
Starting Iterative Proportional Fitting (IPF)...
IPF converged at iteration 91
IPF row error: 28.572837, col error: 0.000000
Starting Iterative Proportional Fitting (IPF)...
Starting Iterative Proportional Fitting (IPF)...
IPF converged at iteration 80
IPF row error: 28.519366, col error: 0.000000
Starting Iterative Proportional Fitting (IPF)...
IPF converged at iteration 25
IPF row error: 23.185742, col error: 0.000000
Starting Iterative Proportional Fitting (IPF)...
IPF converged at iteration 80
IPF row error: 28.519366, col error: 0.000000
IPF converged at iteration 80
Starting Iterative Proportional Fitting (IPF)...
IPF row error: 28.342465, col error: 0.000000
Starting Iterative Proportional Fitting (IPF)...
IPF converged at iteration 73
IPF row error: 26.565002, col error: 0.000000
Starting Iterative Proportional Fitting (IPF)...
IPF converged at iteration 27
IPF row error: 21.922113, col error: 0.000000
Starting Iterative Proportional Fitting (IPF)...
IPF converged at iteration 91
IPF row error: 29.023295, col error: 0.000000
Starting Iterative Proportional Fitting (IPF)...
IPF converged at iteration 26
IPF row error: 24.837167, col error: 0.000000
Starting Iterative Proportional Fitting (IPF)...
IPF converged at iteration 91
IPF row error: 28.872757, col error: 0.000000
Starting Iterative Proportional Fitting (IPF)...
IPF converged at iteration 92
IPF row error: 27.080959, col error: 0.000000
Starting Iterative Proportional Fitting (IPF)...
IPF converged at iteration 82
IPF row error: 27.787099, col error: 0.000000
Starting Iterative Proportional Fitting (IPF)...
IPF converged at iteration 26
IPF row error: 25.803895, col error: 0.000000
Starting Iterative Proportional Fitting (IPF)...
IPF converged at iteration 27
IPF row error: 24.941482, col error: 0.000000
Starting Iterative Proportional Fitting (IPF)...
IPF converged at iteration 25
IPF row error: 23.137426, col error: 0.000000
Starting Iterative Proportional Fitting (IPF)...
IPF converged at iteration 80
IPF row error: 27.938785, col error: 0.000000
  [2023/test] 진행 1590/1750 (90.9%) | 누적 CPC 0.2572 | RMSE 1580.0705 | %RMSE 28.4094 | 경과 35.9분 | 예상 남음 3.6분
Starting Iterative Proportional Fitting (IPF)...
IPF converged at iteration 47
IPF row error: 28.781505, col error: 0.000000
Starting Iterative Proportional Fitting (IPF)...
IPF converged at iteration 92
IPF row error: 27.849354, col error: 0.000000
Starting Iterative Proportional Fitting (IPF)...
IPF converged at iteration 80
IPF row error: 27.703057, col error: 0.000000
Starting Iterative Proportional Fitting (IPF)...
IPF converged at iteration 80
IPF row error: 27.395585, col error: 0.000000
Starting Iterative Proportional Fitting (IPF)...
IPF converged at iteration 26
IPF row error: 28.207321, col error: 0.000000
Starting Iterative Proportional Fitting (IPF)...
IPF converged at iteration 82
IPF row error: 28.096337, col error: 0.000000
Starting Iterative Proportional Fitting (IPF)...
IPF converged at iteration 80
IPF row error: 28.082561, col error: 0.000000
IPF converged at iteration 91
IPF row error: 28.872757, col error: 0.000000
Starting Iterative Proportional Fitting (IPF)...
Starting Iterative Proportional Fitting (IPF)...
IPF converged at iteration 80
IPF row error: 28.519366, col error: 0.000000
Starting Iterative Proportional Fitting (IPF)...
IPF converged at iteration 24
IPF row error: 28.367459, col error: 0.000000
Starting Iterative Proportional Fitting (IPF)...
IPF converged at iteration 80
IPF row error: 28.942962, col error: 0.000000
Starting Iterative Proportional Fitting (IPF)...
IPF converged at iteration 39
IPF row error: 26.433845, col error: 0.000000
Starting Iterative Proportional Fitting (IPF)...
IPF converged at iteration 32
IPF row error: 23.807221, col error: 0.000000
Starting Iterative Proportional Fitting (IPF)...
IPF converged at iteration 81
IPF row error: 28.581122, col error: 0.000000
Starting Iterative Proportional Fitting (IPF)...
IPF converged at iteration 27
IPF row error: 27.794549, col error: 0.000000
Starting Iterative Proportional Fitting (IPF)...
IPF converged at iteration 82
IPF row error: 28.282581, col error: 0.000000
Starting Iterative Proportional Fitting (IPF)...
IPF converged at iteration 84
IPF row error: 29.219667, col error: 0.000000
Starting Iterative Proportional Fitting (IPF)...
IPF converged at iteration 36
IPF row error: 24.377512, col error: 0.000000
Starting Iterative Proportional Fitting (IPF)...
IPF converged at iteration 80
IPF row error: 28.828568, col error: 0.000000
IPF converged at iteration 94
IPF row error: 27.002167, col error: 0.000000
Starting Iterative Proportional Fitting (IPF)...
Starting Iterative Proportional Fitting (IPF)...
IPF converged at iteration 27
IPF row error: 26.334368, col error: 0.000000
Starting Iterative Proportional Fitting (IPF)...
IPF converged at iteration 31
IPF row error: 23.806283, col error: 0.000000
Starting Iterative Proportional Fitting (IPF)...
IPF converged at iteration 79
IPF row error: 28.814406, col error: 0.000000
Starting Iterative Proportional Fitting (IPF)...
IPF converged at iteration 27
IPF row error: 21.776723, col error: 0.000000
Starting Iterative Proportional Fitting (IPF)...
IPF converged at iteration 80
IPF row error: 26.576572, col error: 0.000000
Starting Iterative Proportional Fitting (IPF)...
IPF converged at iteration 80
IPF row error: 26.712610, col error: 0.000000
Starting Iterative Proportional Fitting (IPF)...
IPF converged at iteration 80
IPF row error: 28.863303, col error: 0.000000
IPF converged at iteration 29
IPF row error: 30.923212, col error: 0.000000
Starting Iterative Proportional Fitting (IPF)...
Starting Iterative Proportional Fitting (IPF)...
IPF converged at iteration 28
IPF row error: 22.467733, col error: 0.000000
Starting Iterative Proportional Fitting (IPF)...
IPF converged at iteration 80
IPF row error: 28.737575, col error: 0.000000
  [2023/test] 진행 1620/1750 (92.6%) | 누적 CPC 0.2555 | RMSE 1576.6534 | %RMSE 28.4434 | 경과 36.6분 | 예상 남음 2.9분
IPF converged at iteration 39
IPF row error: 26.456477, col error: 0.000000
Starting Iterative Proportional Fitting (IPF)...
Starting Iterative Proportional Fitting (IPF)...
IPF converged at iteration 80
IPF row error: 28.251739, col error: 0.000000
Starting Iterative Proportional Fitting (IPF)...
IPF converged at iteration 82
IPF row error: 27.736002, col error: 0.000000
Starting Iterative Proportional Fitting (IPF)...
IPF converged at iteration 81
IPF row error: 29.175916, col error: 0.000000
Starting Iterative Proportional Fitting (IPF)...
IPF converged at iteration 91
IPF row error: 29.157804, col error: 0.000000
Starting Iterative Proportional Fitting (IPF)...
IPF converged at iteration 25
IPF row error: 28.082298, col error: 0.000000
Starting Iterative Proportional Fitting (IPF)...
IPF converged at iteration 80
IPF row error: 26.636169, col error: 0.000000
Starting Iterative Proportional Fitting (IPF)...
IPF converged at iteration 36
IPF row error: 23.747605, col error: 0.000000
Starting Iterative Proportional Fitting (IPF)...
IPF converged at iteration 81
IPF row error: 26.718988, col error: 0.000000
Starting Iterative Proportional Fitting (IPF)...
IPF converged at iteration 40
IPF row error: 28.953591, col error: 0.000000
Starting Iterative Proportional Fitting (IPF)...
IPF converged at iteration 80
IPF row error: 28.726509, col error: 0.000000
Starting Iterative Proportional Fitting (IPF)...
IPF converged at iteration 91
IPF row error: 29.104873, col error: 0.000000
Starting Iterative Proportional Fitting (IPF)...
IPF converged at iteration 94
IPF row error: 28.082747, col error: 0.000000
Starting Iterative Proportional Fitting (IPF)...
IPF converged at iteration 71
IPF row error: 26.707067, col error: 0.000000
Starting Iterative Proportional Fitting (IPF)...
IPF converged at iteration 94
IPF row error: 27.723452, col error: 0.000000
Starting Iterative Proportional Fitting (IPF)...
IPF converged at iteration 27
IPF row error: 27.998383, col error: 0.000000
Starting Iterative Proportional Fitting (IPF)...
IPF converged at iteration 80
IPF row error: 28.968713, col error: 0.000000
Starting Iterative Proportional Fitting (IPF)...
IPF converged at iteration 94
IPF row error: 27.449383, col error: 0.000000
Starting Iterative Proportional Fitting (IPF)...
IPF converged at iteration 44
IPF row error: 26.905562, col error: 0.000000
Starting Iterative Proportional Fitting (IPF)...
IPF converged at iteration 90
IPF row error: 28.456655, col error: 0.000000
Starting Iterative Proportional Fitting (IPF)...
IPF converged at iteration 81
IPF row error: 26.922179, col error: 0.000000
Starting Iterative Proportional Fitting (IPF)...
IPF converged at iteration 25
IPF row error: 25.273163, col error: 0.000000
IPF converged at iteration 82
IPF row error: 27.282040, col error: 0.000000
Starting Iterative Proportional Fitting (IPF)...
Starting Iterative Proportional Fitting (IPF)...
IPF converged at iteration 63
IPF row error: 27.992897, col error: 0.000000
Starting Iterative Proportional Fitting (IPF)...
IPF converged at iteration 26
IPF row error: 21.776820, col error: 0.000000
Starting Iterative Proportional Fitting (IPF)...
IPF converged at iteration 28
IPF row error: 23.870127, col error: 0.000000
Starting Iterative Proportional Fitting (IPF)...
IPF converged at iteration 25
IPF row error: 23.388255, col error: 0.000000
Starting Iterative Proportional Fitting (IPF)...
IPF converged at iteration 80
IPF row error: 28.113258, col error: 0.000000
Starting Iterative Proportional Fitting (IPF)...
IPF converged at iteration 71
IPF row error: 28.992137, col error: 0.000000
IPF converged at iteration 82
Starting Iterative Proportional Fitting (IPF)...
IPF row error: 26.815593, col error: 0.000000
  [2023/test] 진행 1650/1750 (94.3%) | 누적 CPC 0.2543 | RMSE 1579.9114 | %RMSE 28.5417 | 경과 37.3분 | 예상 남음 2.3분
Starting Iterative Proportional Fitting (IPF)...
IPF converged at iteration 38
IPF row error: 24.952769, col error: 0.000000
Starting Iterative Proportional Fitting (IPF)...
IPF converged at iteration 70
IPF row error: 26.853726, col error: 0.000000
Starting Iterative Proportional Fitting (IPF)...
IPF converged at iteration 91
IPF row error: 28.119463, col error: 0.000000
Starting Iterative Proportional Fitting (IPF)...
IPF converged at iteration 78
IPF row error: 28.598874, col error: 0.000000
IPF converged at iteration 77
Starting Iterative Proportional Fitting (IPF)...
IPF row error: 28.638416, col error: 0.000000
Starting Iterative Proportional Fitting (IPF)...
IPF converged at iteration 44
IPF row error: 28.406358, col error: 0.000000
Starting Iterative Proportional Fitting (IPF)...
IPF converged at iteration 77
IPF row error: 28.730161, col error: 0.000000
Starting Iterative Proportional Fitting (IPF)...
IPF converged at iteration 91
IPF row error: 28.119463, col error: 0.000000
Starting Iterative Proportional Fitting (IPF)...
IPF converged at iteration 78
IPF row error: 28.620435, col error: 0.000000
Starting Iterative Proportional Fitting (IPF)...
IPF converged at iteration 26
IPF row error: 21.985984, col error: 0.000000
IPF converged at iteration 32
IPF row error: 23.823867, col error: 0.000000
Starting Iterative Proportional Fitting (IPF)...
IPF converged at iteration 26
Starting Iterative Proportional Fitting (IPF)...
IPF row error: 22.228668, col error: 0.000000
Starting Iterative Proportional Fitting (IPF)...
IPF converged at iteration 77
IPF row error: 28.854689, col error: 0.000000
Starting Iterative Proportional Fitting (IPF)...
IPF converged at iteration 26
IPF row error: 26.574761, col error: 0.000000
Starting Iterative Proportional Fitting (IPF)...
IPF converged at iteration 49
IPF row error: 25.519092, col error: 0.000000
Starting Iterative Proportional Fitting (IPF)...
IPF converged at iteration 70
IPF row error: 29.088270, col error: 0.000000
Starting Iterative Proportional Fitting (IPF)...
IPF converged at iteration 35
IPF converged at iteration 77
IPF row error: 29.205174, col error: 0.000000
IPF row error: 28.665756, col error: 0.000000
Starting Iterative Proportional Fitting (IPF)...
Starting Iterative Proportional Fitting (IPF)...
IPF converged at iteration 26
IPF row error: 28.609280, col error: 0.000000
Starting Iterative Proportional Fitting (IPF)...
IPF converged at iteration 30
IPF row error: 23.572335, col error: 0.000000
Starting Iterative Proportional Fitting (IPF)...
IPF converged at iteration 26
IPF row error: 26.022301, col error: 0.000000
Starting Iterative Proportional Fitting (IPF)...
IPF converged at iteration 90
IPF row error: 27.542734, col error: 0.000000
Starting Iterative Proportional Fitting (IPF)...
IPF converged at iteration 37
IPF row error: 27.417853, col error: 0.000000
Starting Iterative Proportional Fitting (IPF)...
IPF converged at iteration 27
IPF converged at iteration 77
IPF row error: 23.320905, col error: 0.000000
IPF row error: 28.638557, col error: 0.000000
Starting Iterative Proportional Fitting (IPF)...
Starting Iterative Proportional Fitting (IPF)...
IPF converged at iteration 27
IPF row error: 26.724058, col error: 0.000000
Starting Iterative Proportional Fitting (IPF)...
IPF converged at iteration 27
IPF row error: 22.478542, col error: 0.000000
Starting Iterative Proportional Fitting (IPF)...
IPF converged at iteration 25
IPF row error: 27.944162, col error: 0.000000
Starting Iterative Proportional Fitting (IPF)...
IPF converged at iteration 28
IPF row error: 28.966500, col error: 0.000000
IPF converged at iteration 69
IPF row error: 26.654347, col error: 0.000000
  [2023/test] 진행 1680/1750 (96.0%) | 누적 CPC 0.2529 | RMSE 1578.6728 | %RMSE 28.4173 | 경과 37.9분 | 예상 남음 1.6분
Starting Iterative Proportional Fitting (IPF)...
Starting Iterative Proportional Fitting (IPF)...
IPF converged at iteration 81
IPF row error: 26.795452, col error: 0.000000
Starting Iterative Proportional Fitting (IPF)...
IPF converged at iteration 26
IPF row error: 27.717031, col error: 0.000000
Starting Iterative Proportional Fitting (IPF)...
IPF converged at iteration 90
IPF row error: 27.542734, col error: 0.000000
Starting Iterative Proportional Fitting (IPF)...
IPF converged at iteration 69
IPF row error: 26.654991, col error: 0.000000
IPF converged at iteration 38
IPF row error: 25.144276, col error: 0.000000
Starting Iterative Proportional Fitting (IPF)...
Starting Iterative Proportional Fitting (IPF)...
IPF converged at iteration 78
IPF row error: 28.531814, col error: 0.000000
Starting Iterative Proportional Fitting (IPF)...
IPF converged at iteration 45
IPF row error: 25.730232, col error: 0.000000
Starting Iterative Proportional Fitting (IPF)...
IPF converged at iteration 26
IPF row error: 25.985804, col error: 0.000000
Starting Iterative Proportional Fitting (IPF)...
IPF converged at iteration 28
IPF row error: 21.895421, col error: 0.000000
Starting Iterative Proportional Fitting (IPF)...
IPF converged at iteration 78
IPF row error: 28.598874, col error: 0.000000
IPF converged at iteration 78
IPF row error: 28.583134, col error: 0.000000
Starting Iterative Proportional Fitting (IPF)...
Starting Iterative Proportional Fitting (IPF)...
IPF converged at iteration 28
IPF row error: 28.602343, col error: 0.000000
Starting Iterative Proportional Fitting (IPF)...
IPF converged at iteration 78
IPF row error: 28.416559, col error: 0.000000
Starting Iterative Proportional Fitting (IPF)...
IPF converged at iteration 78
IPF row error: 28.466858, col error: 0.000000
IPF converged at iteration 27
IPF row error: 21.669440, col error: 0.000000
Starting Iterative Proportional Fitting (IPF)...
Starting Iterative Proportional Fitting (IPF)...
IPF converged at iteration 26
IPF row error: 25.032921, col error: 0.000000
IPF converged at iteration 90
Starting Iterative Proportional Fitting (IPF)...
IPF row error: 27.542734, col error: 0.000000
Starting Iterative Proportional Fitting (IPF)...
IPF converged at iteration 35
IPF row error: 27.002351, col error: 0.000000
Starting Iterative Proportional Fitting (IPF)...
IPF converged at iteration 71
IPF row error: 26.590923, col error: 0.000000
IPF converged at iteration 27
IPF row error: 21.637435, col error: 0.000000
Starting Iterative Proportional Fitting (IPF)...
Starting Iterative Proportional Fitting (IPF)...
IPF converged at iteration 78
IPF row error: 27.027550, col error: 0.000000
Starting Iterative Proportional Fitting (IPF)...
IPF converged at iteration 91
IPF row error: 27.531236, col error: 0.000000
Starting Iterative Proportional Fitting (IPF)...
IPF converged at iteration 79
IPF row error: 28.994867, col error: 0.000000
IPF converged at iteration 25
IPF row error: 23.281944, col error: 0.000000
Starting Iterative Proportional Fitting (IPF)...
Starting Iterative Proportional Fitting (IPF)...
IPF converged at iteration 91
IPF row error: 27.413824, col error: 0.000000
Starting Iterative Proportional Fitting (IPF)...
IPF converged at iteration 35
IPF row error: 23.699292, col error: 0.000000
Starting Iterative Proportional Fitting (IPF)...
IPF converged at iteration 50
IPF row error: 25.627802, col error: 0.000000
Starting Iterative Proportional Fitting (IPF)...
IPF converged at iteration 79
IPF converged at iteration 78
IPF row error: 27.858766, col error: 0.000000
IPF row error: 27.314711, col error: 0.000000
Starting Iterative Proportional Fitting (IPF)...
Starting Iterative Proportional Fitting (IPF)...
IPF converged at iteration 25
IPF converged at iteration 79
IPF row error: 24.196741, col error: 0.000000
  [2023/test] 진행 1710/1750 (97.7%) | 누적 CPC 0.2520 | RMSE 1587.0696 | %RMSE 28.3449 | 경과 38.6분 | 예상 남음 0.9분
IPF row error: 28.886559, col error: 0.000000
Starting Iterative Proportional Fitting (IPF)...
Starting Iterative Proportional Fitting (IPF)...
IPF converged at iteration 24
IPF row error: 27.456059, col error: 0.000000
Starting Iterative Proportional Fitting (IPF)...
IPF converged at iteration 79
IPF row error: 27.224795, col error: 0.000000
Starting Iterative Proportional Fitting (IPF)...
IPF converged at iteration 58
IPF row error: 27.752137, col error: 0.000000
IPF converged at iteration 91
Starting Iterative Proportional Fitting (IPF)...
IPF row error: 28.602292, col error: 0.000000
Starting Iterative Proportional Fitting (IPF)...
IPF converged at iteration 40
IPF row error: 26.573865, col error: 0.000000
IPF converged at iteration 79
IPF row error: 28.430455, col error: 0.000000
Starting Iterative Proportional Fitting (IPF)...
Starting Iterative Proportional Fitting (IPF)...
IPF converged at iteration 90
IPF row error: 29.196699, col error: 0.000000
Starting Iterative Proportional Fitting (IPF)...
IPF converged at iteration 27
IPF row error: 25.206190, col error: 0.000000
IPF converged at iteration 79
IPF row error: 27.671356, col error: 0.000000
Starting Iterative Proportional Fitting (IPF)...
Starting Iterative Proportional Fitting (IPF)...
IPF converged at iteration 44
IPF row error: 28.219149, col error: 0.000000
Starting Iterative Proportional Fitting (IPF)...
IPF converged at iteration 42
IPF row error: 25.066811, col error: 0.000000IPF converged at iteration 25

IPF row error: 29.007142, col error: 0.000000
Starting Iterative Proportional Fitting (IPF)...
Starting Iterative Proportional Fitting (IPF)...
IPF converged at iteration 27
IPF row error: 23.729512, col error: 0.000000
Starting Iterative Proportional Fitting (IPF)...
IPF converged at iteration 37
IPF row error: 28.328974, col error: 0.000000
IPF converged at iteration 70
IPF row error: 27.170246, col error: 0.000000
Starting Iterative Proportional Fitting (IPF)...
Starting Iterative Proportional Fitting (IPF)...
IPF converged at iteration 29
IPF row error: 24.098141, col error: 0.000000
Starting Iterative Proportional Fitting (IPF)...
IPF converged at iteration 27
IPF row error: 28.210115, col error: 0.000000
Starting Iterative Proportional Fitting (IPF)...
IPF converged at iteration 79
IPF row error: 28.207070, col error: 0.000000
Starting Iterative Proportional Fitting (IPF)...
IPF converged at iteration 26
IPF row error: 22.435267, col error: 0.000000
Starting Iterative Proportional Fitting (IPF)...
IPF converged at iteration 78
IPF converged at iteration 49
IPF row error: 28.018029, col error: 0.000000
IPF row error: 26.226527, col error: 0.000000
Starting Iterative Proportional Fitting (IPF)...Starting Iterative Proportional Fitting (IPF)...

IPF converged at iteration 78
IPF row error: 28.180920, col error: 0.000000
Starting Iterative Proportional Fitting (IPF)...
IPF converged at iteration 26
IPF row error: 22.829575, col error: 0.000000
Starting Iterative Proportional Fitting (IPF)...
IPF converged at iteration 27
IPF row error: 25.225216, col error: 0.000000
Starting Iterative Proportional Fitting (IPF)...
IPF converged at iteration 77
IPF row error: 29.044332, col error: 0.000000
Starting Iterative Proportional Fitting (IPF)...
IPF converged at iteration 80
IPF row error: 26.572923, col error: 0.000000
IPF converged at iteration 79
Starting Iterative Proportional Fitting (IPF)...
IPF row error: 29.113193, col error: 0.000000
Starting Iterative Proportional Fitting (IPF)...
IPF converged at iteration 71
IPF row error: 28.031685, col error: 0.000000
IPF converged at iteration 37
IPF row error: 27.231384, col error: 0.000000
  [2023/test] 진행 1740/1750 (99.4%) | 누적 CPC 0.2522 | RMSE 1610.6035 | %RMSE 28.2907 | 경과 39.2분 | 예상 남음 0.2분
Starting Iterative Proportional Fitting (IPF)...
Starting Iterative Proportional Fitting (IPF)...
IPF converged at iteration 29
IPF row error: 23.093436, col error: 0.000000
Starting Iterative Proportional Fitting (IPF)...
IPF converged at iteration 79
IPF row error: 28.258604, col error: 0.000000
Starting Iterative Proportional Fitting (IPF)...
IPF converged at iteration 78
IPF row error: 27.468256, col error: 0.000000
Starting Iterative Proportional Fitting (IPF)...
IPF converged at iteration 27
IPF row error: 29.076712, col error: 0.000000
Starting Iterative Proportional Fitting (IPF)...
IPF converged at iteration 27
IPF converged at iteration 72
IPF row error: 28.190452, col error: 0.000000
IPF row error: 26.918593, col error: 0.000000
Starting Iterative Proportional Fitting (IPF)...
Starting Iterative Proportional Fitting (IPF)...
IPF converged at iteration 28
IPF row error: 27.801921, col error: 0.000000
IPF converged at iteration 79
IPF row error: 28.207001, col error: 0.000000
IPF converged at iteration 79
IPF row error: 28.073233, col error: 0.000000
IPF converged at iteration 78
IPF row error: 27.268895, col error: 0.000000
  [2023/test] 진행 1750/1750 (100.0%) | 누적 CPC 0.2520 | RMSE 1618.3526 | %RMSE 28.2670 | 경과 39.4분 | 예상 남음 0.0분
  [2023/test] 완료: 1750/1750
1. 절대 모델의 구조와 하이퍼파라미터를 test가 좋아지는 방향으로 하지 말 것. -> val이 좋아지는 방향으로 조정
2. 모델의 성능이 좋아지는 게 목적이 아니라 기존 방식을 잘 재현하는게 목적이야.

===연도별===

=== task별 종합 성능 (모든 도시) ===
[year=2023, split=test, task=0] (n=350) CPC=0.3505±0.0787  RMSE=1557.1423±446.2433  %RMSE=35.9643±18.4560
[year=2023, split=test, task=1] (n=350) CPC=0.3576±0.0879  RMSE=1637.2055±407.4994  %RMSE=36.9992±17.6587
[year=2023, split=test, task=2] (n=350) CPC=0.1697±0.0602  RMSE=1737.4373±731.1517  %RMSE=26.3682±12.3262
[year=2023, split=test, task=3] (n=350) CPC=0.2050±0.0510  RMSE=1462.8206±570.7734  %RMSE=17.5497±6.6504
[year=2023, split=test, task=4] (n=350) CPC=0.1774±0.0634  RMSE=1697.1572±729.4858  %RMSE=24.4539±11.5593

=== task/도시별 성능 ===
[year=2023, split=test, task=0, city=감일동] (n=50) CPC=0.2207±0.0000  RMSE=1736.6279±0.0000  %RMSE=60.4806±0.0000
[year=2023, split=test, task=0, city=다산] (n=50) CPC=0.4546±0.0000  RMSE=948.1836±0.0000  %RMSE=13.5604±0.0000
[year=2023, split=test, task=0, city=랜덤1] (n=50) CPC=0.3058±0.0000  RMSE=1967.3245±0.0000  %RMSE=49.9101±0.0000
[year=2023, split=test, task=0, city=랜덤2] (n=50) CPC=0.3342±0.0000  RMSE=2059.4320±0.0000  %RMSE=40.5326±0.0000
[year=2023, split=test, task=0, city=랜덤3] (n=50) CPC=0.4332±0.0000  RMSE=1003.4149±0.0000  %RMSE=13.1631±0.0000
[year=2023, split=test, task=0, city=미사] (n=50) CPC=0.4099±0.0000  RMSE=1231.1022±0.0000  %RMSE=20.5629±0.0000
[year=2023, split=test, task=0, city=배곧] (n=50) CPC=0.2951±0.0000  RMSE=1953.9110±0.0000  %RMSE=53.5405±0.0000
[year=2023, split=test, task=1, city=감일동] (n=50) CPC=0.2217±0.0020  RMSE=1772.6977±71.0016  %RMSE=61.2075±1.7583
[year=2023, split=test, task=1, city=다산] (n=50) CPC=0.4540±0.0042  RMSE=1004.5640±124.2390  %RMSE=14.2355±1.6261
[year=2023, split=test, task=1, city=랜덤1] (n=50) CPC=0.3055±0.0020  RMSE=1975.5774±19.1767  %RMSE=49.9092±0.1660
[year=2023, split=test, task=1, city=랜덤2] (n=50) CPC=0.3348±0.0014  RMSE=2070.2349±17.7180  %RMSE=40.5382±0.1540
[year=2023, split=test, task=1, city=랜덤3] (n=50) CPC=0.4800±0.0368  RMSE=1391.9453±342.2978  %RMSE=18.1589±4.3610
[year=2023, split=test, task=1, city=미사] (n=50) CPC=0.4115±0.0035  RMSE=1288.8536±139.6682  %RMSE=21.4426±2.2325
[year=2023, split=test, task=1, city=배곧] (n=50) CPC=0.2955±0.0012  RMSE=1956.5659±21.4735  %RMSE=53.5028±0.5253
[year=2023, split=test, task=2, city=감일동] (n=50) CPC=0.1288±0.0388  RMSE=956.5909±565.0159  %RMSE=30.4359±18.6956
[year=2023, split=test, task=2, city=다산] (n=50) CPC=0.1950±0.0539  RMSE=1767.4549±267.8079  %RMSE=16.9006±2.7605
[year=2023, split=test, task=2, city=랜덤1] (n=50) CPC=0.1767±0.0288  RMSE=1918.2540±166.5456  %RMSE=38.7969±4.3203
[year=2023, split=test, task=2, city=랜덤2] (n=50) CPC=0.1488±0.0353  RMSE=1533.7528±363.0147  %RMSE=23.0970±6.1051
[year=2023, split=test, task=2, city=랜덤3] (n=50) CPC=0.2491±0.0661  RMSE=3037.7093±580.6245  %RMSE=25.3802±3.4621
[year=2023, split=test, task=2, city=미사] (n=50) CPC=0.1548±0.0481  RMSE=1232.9028±175.5876  %RMSE=14.4040±3.2229
[year=2023, split=test, task=2, city=배곧] (n=50) CPC=0.1351±0.0409  RMSE=1715.3966±439.4209  %RMSE=35.5625±11.3173
[year=2023, split=test, task=3, city=감일동] (n=50) CPC=0.1636±0.0019  RMSE=377.9193±3.3220  %RMSE=10.3967±0.1449
[year=2023, split=test, task=3, city=다산] (n=50) CPC=0.2430±0.0026  RMSE=1573.2644±1.5717  %RMSE=15.3975±0.0976
[year=2023, split=test, task=3, city=랜덤1] (n=50) CPC=0.1959±0.0208  RMSE=1612.5958±313.8610  %RMSE=24.2943±6.0975
[year=2023, split=test, task=3, city=랜덤2] (n=50) CPC=0.1784±0.0219  RMSE=1624.9615±284.4824  %RMSE=16.2677±3.9465
[year=2023, split=test, task=3, city=랜덤3] (n=50) CPC=0.2908±0.0584  RMSE=2202.6375±379.1830  %RMSE=21.5967±3.4191
[year=2023, split=test, task=3, city=미사] (n=50) CPC=0.2047±0.0028  RMSE=1394.4075±3.7225  %RMSE=14.1212±0.0992
[year=2023, split=test, task=3, city=배곧] (n=50) CPC=0.1583±0.0201  RMSE=1453.9582±408.9145  %RMSE=20.7736±10.1809
[year=2023, split=test, task=4, city=감일동] (n=50) CPC=0.1158±0.0299  RMSE=763.5236±510.2488  %RMSE=23.6347±17.4667
[year=2023, split=test, task=4, city=다산] (n=50) CPC=0.1978±0.0630  RMSE=1759.9172±317.6491  %RMSE=16.5306±2.5017
[year=2023, split=test, task=4, city=랜덤1] (n=50) CPC=0.1932±0.0351  RMSE=1763.6473±266.4428  %RMSE=34.6155±8.0898
[year=2023, split=test, task=4, city=랜덤2] (n=50) CPC=0.1701±0.0441  RMSE=1596.1412±361.5636  %RMSE=22.6114±7.1024
[year=2023, split=test, task=4, city=랜덤3] (n=50) CPC=0.2586±0.0590  RMSE=2909.1237±577.8629  %RMSE=24.8596±2.8763
[year=2023, split=test, task=4, city=미사] (n=50) CPC=0.1715±0.0547  RMSE=1394.4287±330.9253  %RMSE=16.2595±4.5023
[year=2023, split=test, task=4, city=배곧] (n=50) CPC=0.1349±0.0253  RMSE=1693.3186±517.5687  %RMSE=32.6657±13.2172

=== 도시별 성능 (모든 task) ===
[year=2023, split=test, city=감일동] (n=250) CPC=0.1701±0.0496  RMSE=1121.4719±647.3553  %RMSE=37.2311±23.3420
[year=2023, split=test, city=다산] (n=250) CPC=0.3089±0.1256  RMSE=1410.6768±410.5074  %RMSE=15.3249±2.2260
[year=2023, split=test, city=랜덤1] (n=250) CPC=0.2354±0.0619  RMSE=1847.4798±243.1398  %RMSE=39.5052±10.8959
[year=2023, split=test, city=랜덤2] (n=250) CPC=0.2332±0.0875  RMSE=1776.9045±353.4123  %RMSE=28.6094±11.0132
[year=2023, split=test, city=랜덤3] (n=250) CPC=0.3423±0.1079  RMSE=2108.9661±914.3250  %RMSE=20.6317±5.5537
[year=2023, split=test, city=미사] (n=250) CPC=0.2705±0.1201  RMSE=1308.3389±193.2453  %RMSE=17.3580±4.0747
[year=2023, split=test, city=배곧] (n=250) CPC=0.2038±0.0787  RMSE=1754.6301±401.2065  %RMSE=39.2090±15.5717

===연도 종합===

=== task별 종합 성능 (모든 도시) ===
[split=test, task=0] (n=350) CPC=0.3505±0.0787  RMSE=1557.1423±446.2433  %RMSE=35.9643±18.4560
[split=test, task=1] (n=350) CPC=0.3576±0.0879  RMSE=1637.2055±407.4994  %RMSE=36.9992±17.6587
[split=test, task=2] (n=350) CPC=0.1697±0.0602  RMSE=1737.4373±731.1517  %RMSE=26.3682±12.3262
[split=test, task=3] (n=350) CPC=0.2050±0.0510  RMSE=1462.8206±570.7734  %RMSE=17.5497±6.6504
[split=test, task=4] (n=350) CPC=0.1774±0.0634  RMSE=1697.1572±729.4858  %RMSE=24.4539±11.5593

=== task/도시별 성능 ===
[split=test, task=0, city=감일동] (n=50) CPC=0.2207±0.0000  RMSE=1736.6279±0.0000  %RMSE=60.4806±0.0000
[split=test, task=0, city=다산] (n=50) CPC=0.4546±0.0000  RMSE=948.1836±0.0000  %RMSE=13.5604±0.0000
[split=test, task=0, city=랜덤1] (n=50) CPC=0.3058±0.0000  RMSE=1967.3245±0.0000  %RMSE=49.9101±0.0000
[split=test, task=0, city=랜덤2] (n=50) CPC=0.3342±0.0000  RMSE=2059.4320±0.0000  %RMSE=40.5326±0.0000
[split=test, task=0, city=랜덤3] (n=50) CPC=0.4332±0.0000  RMSE=1003.4149±0.0000  %RMSE=13.1631±0.0000
[split=test, task=0, city=미사] (n=50) CPC=0.4099±0.0000  RMSE=1231.1022±0.0000  %RMSE=20.5629±0.0000
[split=test, task=0, city=배곧] (n=50) CPC=0.2951±0.0000  RMSE=1953.9110±0.0000  %RMSE=53.5405±0.0000
[split=test, task=1, city=감일동] (n=50) CPC=0.2217±0.0020  RMSE=1772.6977±71.0016  %RMSE=61.2075±1.7583
[split=test, task=1, city=다산] (n=50) CPC=0.4540±0.0042  RMSE=1004.5640±124.2390  %RMSE=14.2355±1.6261
[split=test, task=1, city=랜덤1] (n=50) CPC=0.3055±0.0020  RMSE=1975.5774±19.1767  %RMSE=49.9092±0.1660
[split=test, task=1, city=랜덤2] (n=50) CPC=0.3348±0.0014  RMSE=2070.2349±17.7180  %RMSE=40.5382±0.1540
[split=test, task=1, city=랜덤3] (n=50) CPC=0.4800±0.0368  RMSE=1391.9453±342.2978  %RMSE=18.1589±4.3610
[split=test, task=1, city=미사] (n=50) CPC=0.4115±0.0035  RMSE=1288.8536±139.6682  %RMSE=21.4426±2.2325
[split=test, task=1, city=배곧] (n=50) CPC=0.2955±0.0012  RMSE=1956.5659±21.4735  %RMSE=53.5028±0.5253
[split=test, task=2, city=감일동] (n=50) CPC=0.1288±0.0388  RMSE=956.5909±565.0159  %RMSE=30.4359±18.6956
[split=test, task=2, city=다산] (n=50) CPC=0.1950±0.0539  RMSE=1767.4549±267.8079  %RMSE=16.9006±2.7605
[split=test, task=2, city=랜덤1] (n=50) CPC=0.1767±0.0288  RMSE=1918.2540±166.5456  %RMSE=38.7969±4.3203
[split=test, task=2, city=랜덤2] (n=50) CPC=0.1488±0.0353  RMSE=1533.7528±363.0147  %RMSE=23.0970±6.1051
[split=test, task=2, city=랜덤3] (n=50) CPC=0.2491±0.0661  RMSE=3037.7093±580.6245  %RMSE=25.3802±3.4621
[split=test, task=2, city=미사] (n=50) CPC=0.1548±0.0481  RMSE=1232.9028±175.5876  %RMSE=14.4040±3.2229
[split=test, task=2, city=배곧] (n=50) CPC=0.1351±0.0409  RMSE=1715.3966±439.4209  %RMSE=35.5625±11.3173
[split=test, task=3, city=감일동] (n=50) CPC=0.1636±0.0019  RMSE=377.9193±3.3220  %RMSE=10.3967±0.1449
[split=test, task=3, city=다산] (n=50) CPC=0.2430±0.0026  RMSE=1573.2644±1.5717  %RMSE=15.3975±0.0976
[split=test, task=3, city=랜덤1] (n=50) CPC=0.1959±0.0208  RMSE=1612.5958±313.8610  %RMSE=24.2943±6.0975
[split=test, task=3, city=랜덤2] (n=50) CPC=0.1784±0.0219  RMSE=1624.9615±284.4824  %RMSE=16.2677±3.9465
[split=test, task=3, city=랜덤3] (n=50) CPC=0.2908±0.0584  RMSE=2202.6375±379.1830  %RMSE=21.5967±3.4191
[split=test, task=3, city=미사] (n=50) CPC=0.2047±0.0028  RMSE=1394.4075±3.7225  %RMSE=14.1212±0.0992
[split=test, task=3, city=배곧] (n=50) CPC=0.1583±0.0201  RMSE=1453.9582±408.9145  %RMSE=20.7736±10.1809
[split=test, task=4, city=감일동] (n=50) CPC=0.1158±0.0299  RMSE=763.5236±510.2488  %RMSE=23.6347±17.4667
[split=test, task=4, city=다산] (n=50) CPC=0.1978±0.0630  RMSE=1759.9172±317.6491  %RMSE=16.5306±2.5017
[split=test, task=4, city=랜덤1] (n=50) CPC=0.1932±0.0351  RMSE=1763.6473±266.4428  %RMSE=34.6155±8.0898
[split=test, task=4, city=랜덤2] (n=50) CPC=0.1701±0.0441  RMSE=1596.1412±361.5636  %RMSE=22.6114±7.1024
[split=test, task=4, city=랜덤3] (n=50) CPC=0.2586±0.0590  RMSE=2909.1237±577.8629  %RMSE=24.8596±2.8763
[split=test, task=4, city=미사] (n=50) CPC=0.1715±0.0547  RMSE=1394.4287±330.9253  %RMSE=16.2595±4.5023
[split=test, task=4, city=배곧] (n=50) CPC=0.1349±0.0253  RMSE=1693.3186±517.5687  %RMSE=32.6657±13.2172

=== 도시별 성능 (모든 task) ===
[split=test, city=감일동] (n=250) CPC=0.1701±0.0496  RMSE=1121.4719±647.3553  %RMSE=37.2311±23.3420
[split=test, city=다산] (n=250) CPC=0.3089±0.1256  RMSE=1410.6768±410.5074  %RMSE=15.3249±2.2260
[split=test, city=랜덤1] (n=250) CPC=0.2354±0.0619  RMSE=1847.4798±243.1398  %RMSE=39.5052±10.8959
[split=test, city=랜덤2] (n=250) CPC=0.2332±0.0875  RMSE=1776.9045±353.4123  %RMSE=28.6094±11.0132
[split=test, city=랜덤3] (n=250) CPC=0.3423±0.1079  RMSE=2108.9661±914.3250  %RMSE=20.6317±5.5537
[split=test, city=미사] (n=250) CPC=0.2705±0.1201  RMSE=1308.3389±193.2453  %RMSE=17.3580±4.0747
[split=test, city=배곧] (n=250) CPC=0.2038±0.0787  RMSE=1754.6301±401.2065  %RMSE=39.2090±15.5717

===총 종합===

=== 전체 종합 (연도/task/도시 모두 무관) ===
[split=test] (n=1750) CPC=0.2520±0.1091  RMSE=1618.3526±601.0636  %RMSE=28.2670±15.8161
[LOG] saved to C:\Users\금경훈\Desktop\mobility_foundation\KTxTS_project\src\gravity(경훈)\logs\gravity_lgbm_mean_20260809_010020.log
>>>>>>> experiment/new-mae
