[LOG] saving console output to C:\Users\금경훈\Desktop\mobility_foundation\KTxTS_project\src\gravity(경훈)\logs\gravity_lgbm_zero_20260808_222037.log
Dataset 초기화 완료 (Imputation: zero)
argument='lgbm'
Start Model Training on years: 2023
Training Model for Origin Generation (O_i) using lgbm...
[LightGBM] [Info] Auto-choosing row-wise multi-threading, the overhead of testing was 0.001064 seconds.
You can set `force_row_wise=true` to remove the overhead.
And if memory is not enough, you can set `force_col_wise=true`.
[LightGBM] [Info] Total Bins 3599
[LightGBM] [Info] Number of data points in the train set: 1098, number of used features: 18
[LightGBM] [Info] Start training from score 63907.328607
[LightGBM] [Warning] No further splits with positive gain, best gain: -inf
[LightGBM] [Warning] No further splits with positive gain, best gain: -inf
[LightGBM] [Warning] No further splits with positive gain, best gain: -inf
[LightGBM] [Warning] No further splits with positive gain, best gain: -inf
[LightGBM] [Warning] No further splits with positive gain, best gain: -inf
[LightGBM] [Warning] No further splits with positive gain, best gain: -inf
[LightGBM] [Warning] No further splits with positive gain, best gain: -inf
[LightGBM] [Warning] No further splits with positive gain, best gain: -inf
[LightGBM] [Warning] No further splits with positive gain, best gain: -inf
[LightGBM] [Warning] No further splits with positive gain, best gain: -inf
[LightGBM] [Warning] No further splits with positive gain, best gain: -inf
[LightGBM] [Warning] No further splits with positive gain, best gain: -inf
[LightGBM] [Warning] No further splits with positive gain, best gain: -inf
[LightGBM] [Warning] No further splits with positive gain, best gain: -inf
[LightGBM] [Warning] No further splits with positive gain, best gain: -inf
[LightGBM] [Warning] No further splits with positive gain, best gain: -inf
[LightGBM] [Warning] No further splits with positive gain, best gain: -inf
[LightGBM] [Warning] No further splits with positive gain, best gain: -inf
[LightGBM] [Warning] No further splits with positive gain, best gain: -inf
[LightGBM] [Warning] No further splits with positive gain, best gain: -inf
[LightGBM] [Warning] No further splits with positive gain, best gain: -inf
[LightGBM] [Warning] No further splits with positive gain, best gain: -inf
[LightGBM] [Warning] No further splits with positive gain, best gain: -inf
[LightGBM] [Warning] No further splits with positive gain, best gain: -inf
[LightGBM] [Warning] No further splits with positive gain, best gain: -inf
[LightGBM] [Warning] No further splits with positive gain, best gain: -inf
[LightGBM] [Warning] No further splits with positive gain, best gain: -inf
[LightGBM] [Warning] No further splits with positive gain, best gain: -inf
[LightGBM] [Warning] No further splits with positive gain, best gain: -inf
[LightGBM] [Warning] No further splits with positive gain, best gain: -inf
[LightGBM] [Warning] No further splits with positive gain, best gain: -inf
[LightGBM] [Warning] No further splits with positive gain, best gain: -inf
[LightGBM] [Warning] No further splits with positive gain, best gain: -inf
[LightGBM] [Warning] No further splits with positive gain, best gain: -inf
[LightGBM] [Warning] No further splits with positive gain, best gain: -inf
[LightGBM] [Warning] No further splits with positive gain, best gain: -inf
[LightGBM] [Warning] No further splits with positive gain, best gain: -inf
[LightGBM] [Warning] No further splits with positive gain, best gain: -inf
[LightGBM] [Warning] No further splits with positive gain, best gain: -inf
[LightGBM] [Warning] No further splits with positive gain, best gain: -inf
[LightGBM] [Warning] No further splits with positive gain, best gain: -inf
[LightGBM] [Warning] No further splits with positive gain, best gain: -inf
[LightGBM] [Warning] No further splits with positive gain, best gain: -inf
[LightGBM] [Warning] No further splits with positive gain, best gain: -inf
[LightGBM] [Warning] No further splits with positive gain, best gain: -inf
[LightGBM] [Warning] No further splits with positive gain, best gain: -inf
[LightGBM] [Warning] No further splits with positive gain, best gain: -inf
[LightGBM] [Warning] No further splits with positive gain, best gain: -inf
[LightGBM] [Warning] No further splits with positive gain, best gain: -inf
[LightGBM] [Warning] No further splits with positive gain, best gain: -inf
[LightGBM] [Warning] No further splits with positive gain, best gain: -inf
[LightGBM] [Warning] No further splits with positive gain, best gain: -inf
[LightGBM] [Warning] No further splits with positive gain, best gain: -inf
[LightGBM] [Warning] No further splits with positive gain, best gain: -inf
[LightGBM] [Warning] No further splits with positive gain, best gain: -inf
[LightGBM] [Warning] No further splits with positive gain, best gain: -inf
[LightGBM] [Warning] No further splits with positive gain, best gain: -inf
[LightGBM] [Warning] No further splits with positive gain, best gain: -inf
[LightGBM] [Warning] No further splits with positive gain, best gain: -inf
[LightGBM] [Warning] No further splits with positive gain, best gain: -inf
[LightGBM] [Warning] No further splits with positive gain, best gain: -inf
[LightGBM] [Warning] No further splits with positive gain, best gain: -inf
[LightGBM] [Warning] No further splits with positive gain, best gain: -inf
[LightGBM] [Warning] No further splits with positive gain, best gain: -inf
[LightGBM] [Warning] No further splits with positive gain, best gain: -inf
[LightGBM] [Warning] No further splits with positive gain, best gain: -inf
[LightGBM] [Warning] No further splits with positive gain, best gain: -inf
[LightGBM] [Warning] No further splits with positive gain, best gain: -inf
[LightGBM] [Warning] No further splits with positive gain, best gain: -inf
[LightGBM] [Warning] No further splits with positive gain, best gain: -inf
[LightGBM] [Warning] No further splits with positive gain, best gain: -inf
[LightGBM] [Warning] No further splits with positive gain, best gain: -inf
[LightGBM] [Warning] No further splits with positive gain, best gain: -inf
[LightGBM] [Warning] No further splits with positive gain, best gain: -inf
[LightGBM] [Warning] No further splits with positive gain, best gain: -inf
[LightGBM] [Warning] No further splits with positive gain, best gain: -inf
[LightGBM] [Warning] No further splits with positive gain, best gain: -inf
[LightGBM] [Warning] No further splits with positive gain, best gain: -inf
[LightGBM] [Warning] No further splits with positive gain, best gain: -inf
[LightGBM] [Warning] No further splits with positive gain, best gain: -inf
[LightGBM] [Warning] No further splits with positive gain, best gain: -inf
[LightGBM] [Warning] No further splits with positive gain, best gain: -inf
[LightGBM] [Warning] No further splits with positive gain, best gain: -inf
[LightGBM] [Warning] No further splits with positive gain, best gain: -inf
[LightGBM] [Warning] No further splits with positive gain, best gain: -inf
[LightGBM] [Warning] No further splits with positive gain, best gain: -inf
[LightGBM] [Warning] No further splits with positive gain, best gain: -inf
[LightGBM] [Warning] No further splits with positive gain, best gain: -inf
[LightGBM] [Warning] No further splits with positive gain, best gain: -inf
[LightGBM] [Warning] No further splits with positive gain, best gain: -inf
[LightGBM] [Warning] No further splits with positive gain, best gain: -inf
[LightGBM] [Warning] No further splits with positive gain, best gain: -inf
[LightGBM] [Warning] No further splits with positive gain, best gain: -inf
[LightGBM] [Warning] No further splits with positive gain, best gain: -inf
[LightGBM] [Warning] No further splits with positive gain, best gain: -inf
[LightGBM] [Warning] No further splits with positive gain, best gain: -inf
[LightGBM] [Warning] No further splits with positive gain, best gain: -inf
[LightGBM] [Warning] No further splits with positive gain, best gain: -inf
[LightGBM] [Warning] No further splits with positive gain, best gain: -inf
[LightGBM] [Warning] No further splits with positive gain, best gain: -inf
[LightGBM] [Info] Auto-choosing row-wise multi-threading, the overhead of testing was 0.000292 seconds.
You can set `force_row_wise=true` to remove the overhead.
And if memory is not enough, you can set `force_col_wise=true`.
[LightGBM] [Info] Total Bins 3599
[LightGBM] [Info] Number of data points in the train set: 1098, number of used features: 18
[LightGBM] [Info] Start training from score 63907.332555
[LightGBM] [Warning] No further splits with positive gain, best gain: -inf
[LightGBM] [Warning] No further splits with positive gain, best gain: -inf
[LightGBM] [Warning] No further splits with positive gain, best gain: -inf
[LightGBM] [Warning] No further splits with positive gain, best gain: -inf
[LightGBM] [Warning] No further splits with positive gain, best gain: -inf
[LightGBM] [Warning] No further splits with positive gain, best gain: -inf
[LightGBM] [Warning] No further splits with positive gain, best gain: -inf
[LightGBM] [Warning] No further splits with positive gain, best gain: -inf
[LightGBM] [Warning] No further splits with positive gain, best gain: -inf
[LightGBM] [Warning] No further splits with positive gain, best gain: -inf
[LightGBM] [Warning] No further splits with positive gain, best gain: -inf
[LightGBM] [Warning] No further splits with positive gain, best gain: -inf
[LightGBM] [Warning] No further splits with positive gain, best gain: -inf
[LightGBM] [Warning] No further splits with positive gain, best gain: -inf
[LightGBM] [Warning] No further splits with positive gain, best gain: -inf
[LightGBM] [Warning] No further splits with positive gain, best gain: -inf
[LightGBM] [Warning] No further splits with positive gain, best gain: -inf
[LightGBM] [Warning] No further splits with positive gain, best gain: -inf
[LightGBM] [Warning] No further splits with positive gain, best gain: -inf
[LightGBM] [Warning] No further splits with positive gain, best gain: -inf
[LightGBM] [Warning] No further splits with positive gain, best gain: -inf
[LightGBM] [Warning] No further splits with positive gain, best gain: -inf
[LightGBM] [Warning] No further splits with positive gain, best gain: -inf
[LightGBM] [Warning] No further splits with positive gain, best gain: -inf
[LightGBM] [Warning] No further splits with positive gain, best gain: -inf
[LightGBM] [Warning] No further splits with positive gain, best gain: -inf
[LightGBM] [Warning] No further splits with positive gain, best gain: -inf
[LightGBM] [Warning] No further splits with positive gain, best gain: -inf
[LightGBM] [Warning] No further splits with positive gain, best gain: -inf
[LightGBM] [Warning] No further splits with positive gain, best gain: -inf
[LightGBM] [Warning] No further splits with positive gain, best gain: -inf
[LightGBM] [Warning] No further splits with positive gain, best gain: -inf
[LightGBM] [Warning] No further splits with positive gain, best gain: -inf
[LightGBM] [Warning] No further splits with positive gain, best gain: -inf
[LightGBM] [Warning] No further splits with positive gain, best gain: -inf
[LightGBM] [Warning] No further splits with positive gain, best gain: -inf
[LightGBM] [Warning] No further splits with positive gain, best gain: -inf
[LightGBM] [Warning] No further splits with positive gain, best gain: -inf
[LightGBM] [Warning] No further splits with positive gain, best gain: -inf
[LightGBM] [Warning] No further splits with positive gain, best gain: -inf
[LightGBM] [Warning] No further splits with positive gain, best gain: -inf
[LightGBM] [Warning] No further splits with positive gain, best gain: -inf
[LightGBM] [Warning] No further splits with positive gain, best gain: -inf
[LightGBM] [Warning] No further splits with positive gain, best gain: -inf
[LightGBM] [Warning] No further splits with positive gain, best gain: -inf
[LightGBM] [Warning] No further splits with positive gain, best gain: -inf
[LightGBM] [Warning] No further splits with positive gain, best gain: -inf
[LightGBM] [Warning] No further splits with positive gain, best gain: -inf
[LightGBM] [Warning] No further splits with positive gain, best gain: -inf
[LightGBM] [Warning] No further splits with positive gain, best gain: -inf
[LightGBM] [Warning] No further splits with positive gain, best gain: -inf
[LightGBM] [Warning] No further splits with positive gain, best gain: -inf
[LightGBM] [Warning] No further splits with positive gain, best gain: -inf
[LightGBM] [Warning] No further splits with positive gain, best gain: -inf
[LightGBM] [Warning] No further splits with positive gain, best gain: -inf
[LightGBM] [Warning] No further splits with positive gain, best gain: -inf
[LightGBM] [Warning] No further splits with positive gain, best gain: -inf
[LightGBM] [Warning] No further splits with positive gain, best gain: -inf
[LightGBM] [Warning] No further splits with positive gain, best gain: -inf
[LightGBM] [Warning] No further splits with positive gain, best gain: -inf
[LightGBM] [Warning] No further splits with positive gain, best gain: -inf
[LightGBM] [Warning] No further splits with positive gain, best gain: -inf
[LightGBM] [Warning] No further splits with positive gain, best gain: -inf
[LightGBM] [Warning] No further splits with positive gain, best gain: -inf
[LightGBM] [Warning] No further splits with positive gain, best gain: -inf
[LightGBM] [Warning] No further splits with positive gain, best gain: -inf
[LightGBM] [Warning] No further splits with positive gain, best gain: -inf
[LightGBM] [Warning] No further splits with positive gain, best gain: -inf
[LightGBM] [Warning] No further splits with positive gain, best gain: -inf
[LightGBM] [Warning] No further splits with positive gain, best gain: -inf
[LightGBM] [Warning] No further splits with positive gain, best gain: -inf
[LightGBM] [Warning] No further splits with positive gain, best gain: -inf
[LightGBM] [Warning] No further splits with positive gain, best gain: -inf
[LightGBM] [Warning] No further splits with positive gain, best gain: -inf
[LightGBM] [Warning] No further splits with positive gain, best gain: -inf
[LightGBM] [Warning] No further splits with positive gain, best gain: -inf
[LightGBM] [Warning] No further splits with positive gain, best gain: -inf
[LightGBM] [Warning] No further splits with positive gain, best gain: -inf
[LightGBM] [Warning] No further splits with positive gain, best gain: -inf
[LightGBM] [Warning] No further splits with positive gain, best gain: -inf
[LightGBM] [Warning] No further splits with positive gain, best gain: -inf
[LightGBM] [Warning] No further splits with positive gain, best gain: -inf
[LightGBM] [Warning] No further splits with positive gain, best gain: -inf
[LightGBM] [Warning] No further splits with positive gain, best gain: -inf
[LightGBM] [Warning] No further splits with positive gain, best gain: -inf
[LightGBM] [Warning] No further splits with positive gain, best gain: -inf
[LightGBM] [Warning] No further splits with positive gain, best gain: -inf
[LightGBM] [Warning] No further splits with positive gain, best gain: -inf
[LightGBM] [Warning] No further splits with positive gain, best gain: -inf
[LightGBM] [Warning] No further splits with positive gain, best gain: -inf
[LightGBM] [Warning] No further splits with positive gain, best gain: -inf
[LightGBM] [Warning] No further splits with positive gain, best gain: -inf
[LightGBM] [Warning] No further splits with positive gain, best gain: -inf
[LightGBM] [Warning] No further splits with positive gain, best gain: -inf
[LightGBM] [Warning] No further splits with positive gain, best gain: -inf
[LightGBM] [Warning] No further splits with positive gain, best gain: -inf
[LightGBM] [Warning] No further splits with positive gain, best gain: -inf
[LightGBM] [Warning] No further splits with positive gain, best gain: -inf
[LightGBM] [Warning] No further splits with positive gain, best gain: -inf
[LightGBM] [Warning] No further splits with positive gain, best gain: -inf

Evaluating 2023 / test ...
  [2023/test] 1750개 샘플 병렬 평가 중 (threads=4)...
Starting Iterative Proportional Fitting (IPF)...Starting Iterative Proportional Fitting (IPF)...Starting Iterative Proportional Fitting (IPF)...

Starting Iterative Proportional Fitting (IPF)...

IPF converged at iteration 41
IPF converged at iteration 41
IPF converged at iteration 41IPF converged at iteration 41

IPF row error: 25.377890, col error: 0.000000IPF row error: 25.377890, col error: 0.000000

IPF row error: 25.377890, col error: 0.000000IPF row error: 25.377890, col error: 0.000000

Starting Iterative Proportional Fitting (IPF)...
Starting Iterative Proportional Fitting (IPF)...
Starting Iterative Proportional Fitting (IPF)...
Starting Iterative Proportional Fitting (IPF)...
IPF converged at iteration 41
IPF converged at iteration 41
IPF row error: 25.377890, col error: 0.000000
IPF converged at iteration 41
IPF row error: 25.377890, col error: 0.000000
IPF converged at iteration 41
IPF row error: 25.377890, col error: 0.000000
IPF row error: 25.377890, col error: 0.000000
Starting Iterative Proportional Fitting (IPF)...
Starting Iterative Proportional Fitting (IPF)...
Starting Iterative Proportional Fitting (IPF)...
Starting Iterative Proportional Fitting (IPF)...
IPF converged at iteration 41
IPF converged at iteration 41
IPF row error: 25.377890, col error: 0.000000
IPF row error: 25.377890, col error: 0.000000
IPF converged at iteration 41
IPF row error: 25.377890, col error: 0.000000
IPF converged at iteration 41
Starting Iterative Proportional Fitting (IPF)...Starting Iterative Proportional Fitting (IPF)...

IPF row error: 25.377890, col error: 0.000000
Starting Iterative Proportional Fitting (IPF)...
Starting Iterative Proportional Fitting (IPF)...
IPF converged at iteration 41
IPF converged at iteration 41
IPF row error: 25.377890, col error: 0.000000
IPF row error: 25.377890, col error: 0.000000
Starting Iterative Proportional Fitting (IPF)...
Starting Iterative Proportional Fitting (IPF)...
IPF converged at iteration 41
IPF row error: 25.377890, col error: 0.000000
IPF converged at iteration 41
IPF row error: 25.377890, col error: 0.000000
Starting Iterative Proportional Fitting (IPF)...
Starting Iterative Proportional Fitting (IPF)...
IPF converged at iteration 41
IPF row error: 25.377890, col error: 0.000000
IPF converged at iteration 41
IPF row error: 25.377890, col error: 0.000000
Starting Iterative Proportional Fitting (IPF)...
Starting Iterative Proportional Fitting (IPF)...
IPF converged at iteration 41
IPF row error: 25.377890, col error: 0.000000
IPF converged at iteration 41
IPF row error: 25.377890, col error: 0.000000
Starting Iterative Proportional Fitting (IPF)...
Starting Iterative Proportional Fitting (IPF)...
IPF converged at iteration 41
IPF converged at iteration 41
IPF row error: 25.377890, col error: 0.000000
IPF row error: 25.377890, col error: 0.000000
Starting Iterative Proportional Fitting (IPF)...
Starting Iterative Proportional Fitting (IPF)...
IPF converged at iteration 41
IPF row error: 25.377890, col error: 0.000000
IPF converged at iteration 41
IPF row error: 25.377890, col error: 0.000000
Starting Iterative Proportional Fitting (IPF)...
Starting Iterative Proportional Fitting (IPF)...
IPF converged at iteration 41
IPF converged at iteration 41
IPF row error: 25.377890, col error: 0.000000
IPF row error: 25.377890, col error: 0.000000
Starting Iterative Proportional Fitting (IPF)...
Starting Iterative Proportional Fitting (IPF)...
IPF converged at iteration 41
IPF row error: 25.377890, col error: 0.000000
IPF converged at iteration 41
IPF row error: 25.377890, col error: 0.000000
Starting Iterative Proportional Fitting (IPF)...
Starting Iterative Proportional Fitting (IPF)...
IPF converged at iteration 41
IPF converged at iteration 41
IPF row error: 25.377890, col error: 0.000000
IPF row error: 25.377890, col error: 0.000000
  [2023/test] 진행 30/1750 (1.7%) | 누적 CPC 0.5647 | RMSE 614.0622 | %RMSE 8.7820 | 경과 0.7분 | 예상 남음 38.2분
Starting Iterative Proportional Fitting (IPF)...
Starting Iterative Proportional Fitting (IPF)...
IPF converged at iteration 41
IPF row error: 25.377890, col error: 0.000000
IPF converged at iteration 41
IPF row error: 25.377890, col error: 0.000000
Starting Iterative Proportional Fitting (IPF)...
Starting Iterative Proportional Fitting (IPF)...
IPF converged at iteration 41
IPF converged at iteration 41
IPF row error: 25.377890, col error: 0.000000
IPF row error: 25.377890, col error: 0.000000
Starting Iterative Proportional Fitting (IPF)...
Starting Iterative Proportional Fitting (IPF)...
IPF converged at iteration 41
IPF row error: 25.377890, col error: 0.000000
IPF converged at iteration 41
IPF row error: 25.377890, col error: 0.000000
Starting Iterative Proportional Fitting (IPF)...
Starting Iterative Proportional Fitting (IPF)...
IPF converged at iteration 41
IPF converged at iteration 41
IPF row error: 25.377890, col error: 0.000000
IPF row error: 25.377890, col error: 0.000000
Starting Iterative Proportional Fitting (IPF)...Starting Iterative Proportional Fitting (IPF)...

IPF converged at iteration 41
IPF row error: 25.377890, col error: 0.000000
IPF converged at iteration 41
IPF row error: 25.377890, col error: 0.000000
Starting Iterative Proportional Fitting (IPF)...
Starting Iterative Proportional Fitting (IPF)...
IPF converged at iteration 41
IPF converged at iteration 41
IPF row error: 25.377890, col error: 0.000000
IPF row error: 25.377890, col error: 0.000000
Starting Iterative Proportional Fitting (IPF)...
Starting Iterative Proportional Fitting (IPF)...
IPF converged at iteration 41
IPF row error: 25.377890, col error: 0.000000
IPF converged at iteration 41
IPF row error: 25.377890, col error: 0.000000
Starting Iterative Proportional Fitting (IPF)...
Starting Iterative Proportional Fitting (IPF)...
IPF converged at iteration 41
IPF converged at iteration 41IPF row error: 25.377890, col error: 0.000000

IPF row error: 25.377890, col error: 0.000000
Starting Iterative Proportional Fitting (IPF)...
Starting Iterative Proportional Fitting (IPF)...
IPF converged at iteration 41
IPF row error: 25.377890, col error: 0.000000
IPF converged at iteration 41
IPF row error: 25.377890, col error: 0.000000
Starting Iterative Proportional Fitting (IPF)...
Starting Iterative Proportional Fitting (IPF)...
IPF converged at iteration 41
IPF row error: 25.377890, col error: 0.000000
IPF converged at iteration 41
IPF row error: 25.377890, col error: 0.000000
Starting Iterative Proportional Fitting (IPF)...
Starting Iterative Proportional Fitting (IPF)...
IPF converged at iteration 41
IPF row error: 25.375027, col error: 0.000000
IPF converged at iteration 41
IPF row error: 25.375027, col error: 0.000000
Starting Iterative Proportional Fitting (IPF)...
Starting Iterative Proportional Fitting (IPF)...
IPF converged at iteration 41
IPF row error: 25.375027, col error: 0.000000
IPF converged at iteration 41
IPF row error: 25.375027, col error: 0.000000
Starting Iterative Proportional Fitting (IPF)...
Starting Iterative Proportional Fitting (IPF)...
IPF converged at iteration 41IPF converged at iteration 41

IPF row error: 25.375027, col error: 0.000000
IPF row error: 25.375027, col error: 0.000000
Starting Iterative Proportional Fitting (IPF)...
Starting Iterative Proportional Fitting (IPF)...
IPF converged at iteration 41
IPF row error: 25.375027, col error: 0.000000
IPF converged at iteration 41
IPF row error: 25.375027, col error: 0.000000
Starting Iterative Proportional Fitting (IPF)...
Starting Iterative Proportional Fitting (IPF)...
IPF converged at iteration 41
IPF converged at iteration 41
IPF row error: 25.375027, col error: 0.000000
IPF row error: 25.375027, col error: 0.000000
  [2023/test] 진행 60/1750 (3.4%) | 누적 CPC 0.5690 | RMSE 559.7664 | %RMSE 8.1208 | 경과 1.3분 | 예상 남음 37.1분
Starting Iterative Proportional Fitting (IPF)...
Starting Iterative Proportional Fitting (IPF)...
IPF converged at iteration 41
IPF row error: 25.375027, col error: 0.000000
IPF converged at iteration 41
IPF row error: 25.375027, col error: 0.000000
Starting Iterative Proportional Fitting (IPF)...Starting Iterative Proportional Fitting (IPF)...

IPF converged at iteration 41
IPF converged at iteration 41
IPF row error: 25.375027, col error: 0.000000
IPF row error: 25.375027, col error: 0.000000
IPF converged at iteration 41IPF converged at iteration 41

Starting Iterative Proportional Fitting (IPF)...
Starting Iterative Proportional Fitting (IPF)...
IPF row error: 25.375027, col error: 0.000000IPF row error: 25.375027, col error: 0.000000

Starting Iterative Proportional Fitting (IPF)...Starting Iterative Proportional Fitting (IPF)...

IPF converged at iteration 41
IPF converged at iteration 41
IPF row error: 25.375027, col error: 0.000000
IPF row error: 25.375027, col error: 0.000000
Starting Iterative Proportional Fitting (IPF)...
Starting Iterative Proportional Fitting (IPF)...
IPF converged at iteration 41
IPF converged at iteration 41
IPF row error: 25.375027, col error: 0.000000
IPF row error: 25.375027, col error: 0.000000
Starting Iterative Proportional Fitting (IPF)...Starting Iterative Proportional Fitting (IPF)...

IPF converged at iteration 41
IPF row error: 25.375027, col error: 0.000000
IPF converged at iteration 41
IPF row error: 25.375027, col error: 0.000000
Starting Iterative Proportional Fitting (IPF)...
Starting Iterative Proportional Fitting (IPF)...
IPF converged at iteration 41
IPF converged at iteration 41
IPF row error: 25.375027, col error: 0.000000
IPF row error: 25.375027, col error: 0.000000
Starting Iterative Proportional Fitting (IPF)...
Starting Iterative Proportional Fitting (IPF)...
IPF converged at iteration 41
IPF row error: 25.375027, col error: 0.000000
IPF converged at iteration 41
IPF row error: 25.375027, col error: 0.000000
Starting Iterative Proportional Fitting (IPF)...
Starting Iterative Proportional Fitting (IPF)...
IPF converged at iteration 41
IPF converged at iteration 41
IPF row error: 25.375027, col error: 0.000000
IPF row error: 25.375027, col error: 0.000000
Starting Iterative Proportional Fitting (IPF)...
Starting Iterative Proportional Fitting (IPF)...
IPF converged at iteration 41
IPF row error: 25.375027, col error: 0.000000
IPF converged at iteration 41
IPF row error: 25.375027, col error: 0.000000
Starting Iterative Proportional Fitting (IPF)...
Starting Iterative Proportional Fitting (IPF)...
IPF converged at iteration 41
IPF converged at iteration 41
IPF row error: 25.375027, col error: 0.000000
IPF row error: 25.375027, col error: 0.000000
Starting Iterative Proportional Fitting (IPF)...
Starting Iterative Proportional Fitting (IPF)...
IPF converged at iteration 41
IPF row error: 25.375027, col error: 0.000000
IPF converged at iteration 41
IPF row error: 25.375027, col error: 0.000000
Starting Iterative Proportional Fitting (IPF)...
Starting Iterative Proportional Fitting (IPF)...
IPF converged at iteration 41
IPF converged at iteration 41
IPF row error: 25.375027, col error: 0.000000
IPF row error: 25.375027, col error: 0.000000
Starting Iterative Proportional Fitting (IPF)...
Starting Iterative Proportional Fitting (IPF)...
IPF converged at iteration 41
IPF row error: 25.375027, col error: 0.000000
IPF converged at iteration 41
IPF row error: 25.375027, col error: 0.000000
Starting Iterative Proportional Fitting (IPF)...
Starting Iterative Proportional Fitting (IPF)...
IPF converged at iteration 41
IPF converged at iteration 41
IPF row error: 25.375027, col error: 0.000000
IPF row error: 25.375027, col error: 0.000000
  [2023/test] 진행 90/1750 (5.1%) | 누적 CPC 0.5761 | RMSE 469.2733 | %RMSE 7.0190 | 경과 2.0분 | 예상 남음 36.2분
Starting Iterative Proportional Fitting (IPF)...
Starting Iterative Proportional Fitting (IPF)...
IPF converged at iteration 41
IPF row error: 25.375027, col error: 0.000000
IPF converged at iteration 41
IPF row error: 25.375027, col error: 0.000000
Starting Iterative Proportional Fitting (IPF)...
Starting Iterative Proportional Fitting (IPF)...
IPF converged at iteration 41
IPF row error: 25.375027, col error: 0.000000
IPF converged at iteration 41
IPF row error: 25.375027, col error: 0.000000
Starting Iterative Proportional Fitting (IPF)...
Starting Iterative Proportional Fitting (IPF)...
IPF converged at iteration 41
IPF row error: 25.375027, col error: 0.000000
IPF converged at iteration 41
IPF row error: 25.375027, col error: 0.000000
Starting Iterative Proportional Fitting (IPF)...
Starting Iterative Proportional Fitting (IPF)...
IPF converged at iteration 41
IPF row error: 25.375027, col error: 0.000000
IPF converged at iteration 41
IPF row error: 25.375027, col error: 0.000000
Starting Iterative Proportional Fitting (IPF)...
Starting Iterative Proportional Fitting (IPF)...
IPF converged at iteration 41
IPF converged at iteration 41
IPF row error: 25.375027, col error: 0.000000
IPF row error: 25.375027, col error: 0.000000
Starting Iterative Proportional Fitting (IPF)...
Starting Iterative Proportional Fitting (IPF)...
IPF converged at iteration 41
IPF row error: 25.424865, col error: 0.000000
IPF converged at iteration 41
IPF row error: 25.424865, col error: 0.000000
Starting Iterative Proportional Fitting (IPF)...
Starting Iterative Proportional Fitting (IPF)...
IPF converged at iteration 41
IPF converged at iteration 41
IPF row error: 25.424865, col error: 0.000000
IPF row error: 25.424865, col error: 0.000000
Starting Iterative Proportional Fitting (IPF)...
Starting Iterative Proportional Fitting (IPF)...
IPF converged at iteration 41
IPF row error: 25.424865, col error: 0.000000
IPF converged at iteration 41
IPF row error: 25.424865, col error: 0.000000
Starting Iterative Proportional Fitting (IPF)...
Starting Iterative Proportional Fitting (IPF)...
IPF converged at iteration 41
IPF row error: 25.424865, col error: 0.000000
IPF converged at iteration 41
IPF row error: 25.424865, col error: 0.000000
Starting Iterative Proportional Fitting (IPF)...
Starting Iterative Proportional Fitting (IPF)...
IPF converged at iteration 41
IPF row error: 25.424865, col error: 0.000000
IPF converged at iteration 41
IPF row error: 25.424865, col error: 0.000000
Starting Iterative Proportional Fitting (IPF)...
Starting Iterative Proportional Fitting (IPF)...
IPF converged at iteration 41
IPF row error: 25.424865, col error: 0.000000
IPF converged at iteration 41
IPF row error: 25.424865, col error: 0.000000
Starting Iterative Proportional Fitting (IPF)...
Starting Iterative Proportional Fitting (IPF)...
IPF converged at iteration 41
IPF row error: 25.424865, col error: 0.000000
IPF converged at iteration 41
IPF row error: 25.424865, col error: 0.000000
Starting Iterative Proportional Fitting (IPF)...
Starting Iterative Proportional Fitting (IPF)...
IPF converged at iteration 41
IPF row error: 25.424865, col error: 0.000000
IPF converged at iteration 41
IPF row error: 25.424865, col error: 0.000000
Starting Iterative Proportional Fitting (IPF)...
Starting Iterative Proportional Fitting (IPF)...
IPF converged at iteration 41
IPF row error: 25.424865, col error: 0.000000
IPF converged at iteration 41
IPF row error: 25.424865, col error: 0.000000
Starting Iterative Proportional Fitting (IPF)...
Starting Iterative Proportional Fitting (IPF)...
IPF converged at iteration 41
IPF row error: 25.424865, col error: 0.000000
IPF converged at iteration 41
IPF row error: 25.424865, col error: 0.000000
  [2023/test] 진행 120/1750 (6.9%) | 누적 CPC 0.5590 | RMSE 457.7012 | %RMSE 7.9048 | 경과 2.6분 | 예상 남음 34.9분
Starting Iterative Proportional Fitting (IPF)...
Starting Iterative Proportional Fitting (IPF)...
IPF converged at iteration 41
IPF row error: 25.424865, col error: 0.000000
IPF converged at iteration 41
IPF row error: 25.424865, col error: 0.000000
Starting Iterative Proportional Fitting (IPF)...
Starting Iterative Proportional Fitting (IPF)...
IPF converged at iteration 41
IPF row error: 25.424865, col error: 0.000000
IPF converged at iteration 41
IPF row error: 25.424865, col error: 0.000000
Starting Iterative Proportional Fitting (IPF)...
Starting Iterative Proportional Fitting (IPF)...
IPF converged at iteration 41
IPF row error: 25.424865, col error: 0.000000
IPF converged at iteration 41
IPF row error: 25.424865, col error: 0.000000
Starting Iterative Proportional Fitting (IPF)...
Starting Iterative Proportional Fitting (IPF)...
IPF converged at iteration 41
IPF row error: 25.424865, col error: 0.000000
IPF converged at iteration 41
IPF row error: 25.424865, col error: 0.000000
Starting Iterative Proportional Fitting (IPF)...
Starting Iterative Proportional Fitting (IPF)...
IPF converged at iteration 41
IPF row error: 25.424865, col error: 0.000000
IPF converged at iteration 41
IPF row error: 25.424865, col error: 0.000000
Starting Iterative Proportional Fitting (IPF)...
Starting Iterative Proportional Fitting (IPF)...
IPF converged at iteration 41
IPF row error: 25.424865, col error: 0.000000
IPF converged at iteration 41
IPF row error: 25.424865, col error: 0.000000
Starting Iterative Proportional Fitting (IPF)...
Starting Iterative Proportional Fitting (IPF)...
IPF converged at iteration 41
IPF row error: 25.424865, col error: 0.000000
IPF converged at iteration 41
IPF converged at iteration 41
IPF row error: 25.424865, col error: 0.000000
IPF converged at iteration 41
IPF row error: 25.424865, col error: 0.000000
IPF row error: 25.424865, col error: 0.000000
Starting Iterative Proportional Fitting (IPF)...
Starting Iterative Proportional Fitting (IPF)...
Starting Iterative Proportional Fitting (IPF)...
Starting Iterative Proportional Fitting (IPF)...
IPF converged at iteration 41
IPF row error: 25.424865, col error: 0.000000
IPF converged at iteration 41
IPF converged at iteration 41
IPF row error: 25.424865, col error: 0.000000
IPF row error: 25.424865, col error: 0.000000
Starting Iterative Proportional Fitting (IPF)...
IPF converged at iteration 41
IPF row error: 25.424865, col error: 0.000000
Starting Iterative Proportional Fitting (IPF)...
Starting Iterative Proportional Fitting (IPF)...
Starting Iterative Proportional Fitting (IPF)...
IPF converged at iteration 41
IPF row error: 25.424865, col error: 0.000000
IPF converged at iteration 41
IPF converged at iteration 41
IPF row error: 25.424865, col error: 0.000000
IPF row error: 25.424865, col error: 0.000000
IPF converged at iteration 41
IPF row error: 25.424865, col error: 0.000000
Starting Iterative Proportional Fitting (IPF)...
Starting Iterative Proportional Fitting (IPF)...
Starting Iterative Proportional Fitting (IPF)...
Starting Iterative Proportional Fitting (IPF)...
IPF converged at iteration 41
IPF row error: 25.424865, col error: 0.000000
IPF converged at iteration 41
IPF row error: 25.424865, col error: 0.000000
IPF converged at iteration 41
IPF row error: 25.424865, col error: 0.000000
Starting Iterative Proportional Fitting (IPF)...
Starting Iterative Proportional Fitting (IPF)...
IPF converged at iteration 41Starting Iterative Proportional Fitting (IPF)...

IPF row error: 25.424865, col error: 0.000000
Starting Iterative Proportional Fitting (IPF)...
IPF converged at iteration 41
IPF row error: 25.424865, col error: 0.000000
IPF converged at iteration 41
IPF row error: 25.424865, col error: 0.000000
  [2023/test] 진행 150/1750 (8.6%) | 누적 CPC 0.5405 | RMSE 464.2277 | %RMSE 9.0110 | 경과 3.4분 | 예상 남음 36.0분
Starting Iterative Proportional Fitting (IPF)...
IPF converged at iteration 41
IPF row error: 25.357745, col error: 0.000000
Starting Iterative Proportional Fitting (IPF)...
Starting Iterative Proportional Fitting (IPF)...
IPF converged at iteration 41
IPF row error: 25.357745, col error: 0.000000
Starting Iterative Proportional Fitting (IPF)...
IPF converged at iteration 41
IPF row error: 25.357745, col error: 0.000000
IPF converged at iteration 41
IPF row error: 25.357745, col error: 0.000000
IPF converged at iteration 41
IPF row error: 25.357745, col error: 0.000000
Starting Iterative Proportional Fitting (IPF)...
Starting Iterative Proportional Fitting (IPF)...
Starting Iterative Proportional Fitting (IPF)...
IPF converged at iteration 41
IPF row error: 25.357745, col error: 0.000000
Starting Iterative Proportional Fitting (IPF)...
IPF converged at iteration 41
IPF row error: 25.357745, col error: 0.000000
IPF converged at iteration 41
IPF row error: 25.357745, col error: 0.000000
IPF converged at iteration 41
IPF row error: 25.357745, col error: 0.000000
Starting Iterative Proportional Fitting (IPF)...
Starting Iterative Proportional Fitting (IPF)...
Starting Iterative Proportional Fitting (IPF)...
IPF converged at iteration 41
IPF row error: 25.357745, col error: 0.000000
Starting Iterative Proportional Fitting (IPF)...
IPF converged at iteration 41
IPF row error: 25.357745, col error: 0.000000
IPF converged at iteration 41
IPF converged at iteration 41
IPF row error: 25.357745, col error: 0.000000
IPF row error: 25.357745, col error: 0.000000
Starting Iterative Proportional Fitting (IPF)...
Starting Iterative Proportional Fitting (IPF)...
Starting Iterative Proportional Fitting (IPF)...
IPF converged at iteration 41
IPF row error: 25.357745, col error: 0.000000
Starting Iterative Proportional Fitting (IPF)...
IPF converged at iteration 41
IPF row error: 25.357745, col error: 0.000000
IPF converged at iteration 41
IPF converged at iteration 41
IPF row error: 25.357745, col error: 0.000000
IPF row error: 25.357745, col error: 0.000000
Starting Iterative Proportional Fitting (IPF)...
Starting Iterative Proportional Fitting (IPF)...
Starting Iterative Proportional Fitting (IPF)...
IPF converged at iteration 41
IPF row error: 25.357745, col error: 0.000000
Starting Iterative Proportional Fitting (IPF)...
IPF converged at iteration 41
IPF row error: 25.357745, col error: 0.000000
IPF converged at iteration 41
IPF row error: 25.357745, col error: 0.000000
IPF converged at iteration 41
IPF row error: 25.357745, col error: 0.000000
IPF converged at iteration 41
IPF row error: 25.357745, col error: 0.000000
Starting Iterative Proportional Fitting (IPF)...
Starting Iterative Proportional Fitting (IPF)...
Starting Iterative Proportional Fitting (IPF)...
Starting Iterative Proportional Fitting (IPF)...
IPF converged at iteration 41
IPF converged at iteration 41
IPF row error: 25.357745, col error: 0.000000
IPF row error: 25.357745, col error: 0.000000
IPF converged at iteration 41
IPF converged at iteration 41
IPF row error: 25.357745, col error: 0.000000
Starting Iterative Proportional Fitting (IPF)...
IPF row error: 25.357745, col error: 0.000000
Starting Iterative Proportional Fitting (IPF)...
Starting Iterative Proportional Fitting (IPF)...
Starting Iterative Proportional Fitting (IPF)...
IPF converged at iteration 41
IPF row error: 25.357745, col error: 0.000000
IPF converged at iteration 41
IPF row error: 25.357745, col error: 0.000000
IPF converged at iteration 41
Starting Iterative Proportional Fitting (IPF)...
IPF row error: 25.357745, col error: 0.000000
IPF converged at iteration 41
IPF row error: 25.357745, col error: 0.000000
  [2023/test] 진행 180/1750 (10.3%) | 누적 CPC 0.5142 | RMSE 469.2473 | %RMSE 10.3786 | 경과 4.0분 | 예상 남음 34.6분
Starting Iterative Proportional Fitting (IPF)...
Starting Iterative Proportional Fitting (IPF)...
Starting Iterative Proportional Fitting (IPF)...
IPF converged at iteration 41
IPF converged at iteration 41
IPF row error: 25.357745, col error: 0.000000
IPF row error: 25.357745, col error: 0.000000
IPF converged at iteration 41
IPF converged at iteration 41
Starting Iterative Proportional Fitting (IPF)...
IPF row error: 25.357745, col error: 0.000000
IPF row error: 25.357745, col error: 0.000000
Starting Iterative Proportional Fitting (IPF)...
Starting Iterative Proportional Fitting (IPF)...Starting Iterative Proportional Fitting (IPF)...

IPF converged at iteration 41
IPF row error: 25.357745, col error: 0.000000
IPF converged at iteration 41
IPF row error: 25.357745, col error: 0.000000
IPF converged at iteration 41
IPF converged at iteration 41
Starting Iterative Proportional Fitting (IPF)...
IPF row error: 25.357745, col error: 0.000000
IPF row error: 25.357745, col error: 0.000000
Starting Iterative Proportional Fitting (IPF)...
Starting Iterative Proportional Fitting (IPF)...Starting Iterative Proportional Fitting (IPF)...

IPF converged at iteration 41
IPF row error: 25.357745, col error: 0.000000
IPF converged at iteration 41
IPF row error: 25.357745, col error: 0.000000
Starting Iterative Proportional Fitting (IPF)...
IPF converged at iteration 41
IPF row error: 25.357745, col error: 0.000000
IPF converged at iteration 41
IPF row error: 25.357745, col error: 0.000000
Starting Iterative Proportional Fitting (IPF)...
Starting Iterative Proportional Fitting (IPF)...
Starting Iterative Proportional Fitting (IPF)...
IPF converged at iteration 41
IPF row error: 25.357745, col error: 0.000000
IPF converged at iteration 41
IPF row error: 25.357745, col error: 0.000000
IPF converged at iteration 41
Starting Iterative Proportional Fitting (IPF)...
IPF row error: 25.357745, col error: 0.000000
IPF converged at iteration 41
Starting Iterative Proportional Fitting (IPF)...
IPF row error: 25.357745, col error: 0.000000
Starting Iterative Proportional Fitting (IPF)...
Starting Iterative Proportional Fitting (IPF)...
IPF converged at iteration 41
IPF row error: 25.357745, col error: 0.000000
IPF converged at iteration 41
IPF row error: 25.357745, col error: 0.000000
Starting Iterative Proportional Fitting (IPF)...
IPF converged at iteration 41
IPF converged at iteration 41
IPF row error: 25.357745, col error: 0.000000
IPF row error: 25.357745, col error: 0.000000
Starting Iterative Proportional Fitting (IPF)...
Starting Iterative Proportional Fitting (IPF)...
Starting Iterative Proportional Fitting (IPF)...
IPF converged at iteration 41
IPF row error: 25.361872, col error: 0.000000
Starting Iterative Proportional Fitting (IPF)...
IPF converged at iteration 41
IPF converged at iteration 41
IPF row error: 25.361872, col error: 0.000000
IPF row error: 25.361872, col error: 0.000000
IPF converged at iteration 41
IPF row error: 25.361872, col error: 0.000000
Starting Iterative Proportional Fitting (IPF)...
Starting Iterative Proportional Fitting (IPF)...
Starting Iterative Proportional Fitting (IPF)...
IPF converged at iteration 41
IPF row error: 25.361872, col error: 0.000000
IPF converged at iteration 41
IPF row error: 25.361872, col error: 0.000000
Starting Iterative Proportional Fitting (IPF)...
IPF converged at iteration 41
IPF converged at iteration 41
IPF row error: 25.361872, col error: 0.000000
IPF row error: 25.361872, col error: 0.000000
Starting Iterative Proportional Fitting (IPF)...
Starting Iterative Proportional Fitting (IPF)...
Starting Iterative Proportional Fitting (IPF)...
IPF converged at iteration 41
IPF row error: 25.361872, col error: 0.000000
IPF converged at iteration 41
IPF row error: 25.361872, col error: 0.000000
  [2023/test] 진행 210/1750 (12.0%) | 누적 CPC 0.5008 | RMSE 475.7403 | %RMSE 11.2065 | 경과 4.7분 | 예상 남음 34.6분
Starting Iterative Proportional Fitting (IPF)...
IPF converged at iteration 41
IPF converged at iteration 41
IPF row error: 25.361872, col error: 0.000000
IPF row error: 25.361872, col error: 0.000000
Starting Iterative Proportional Fitting (IPF)...
Starting Iterative Proportional Fitting (IPF)...
Starting Iterative Proportional Fitting (IPF)...
IPF converged at iteration 41
IPF row error: 25.361872, col error: 0.000000
IPF converged at iteration 41
IPF row error: 25.361872, col error: 0.000000
Starting Iterative Proportional Fitting (IPF)...
IPF converged at iteration 41
IPF row error: 25.361872, col error: 0.000000
Starting Iterative Proportional Fitting (IPF)...
IPF converged at iteration 41
IPF row error: 25.361872, col error: 0.000000
Starting Iterative Proportional Fitting (IPF)...
Starting Iterative Proportional Fitting (IPF)...
IPF converged at iteration 41
IPF converged at iteration 41
IPF row error: 25.361872, col error: 0.000000
IPF row error: 25.361872, col error: 0.000000
IPF converged at iteration 41
IPF row error: 25.361872, col error: 0.000000
Starting Iterative Proportional Fitting (IPF)...
Starting Iterative Proportional Fitting (IPF)...
IPF converged at iteration 41
IPF row error: 25.361872, col error: 0.000000
Starting Iterative Proportional Fitting (IPF)...
Starting Iterative Proportional Fitting (IPF)...
IPF converged at iteration 41
IPF converged at iteration 41
IPF row error: 25.361872, col error: 0.000000
IPF row error: 25.361872, col error: 0.000000
IPF converged at iteration 41
IPF row error: 25.361872, col error: 0.000000
Starting Iterative Proportional Fitting (IPF)...
Starting Iterative Proportional Fitting (IPF)...
IPF converged at iteration 41
IPF row error: 25.361872, col error: 0.000000
Starting Iterative Proportional Fitting (IPF)...
Starting Iterative Proportional Fitting (IPF)...
IPF converged at iteration 41
IPF row error: 25.361872, col error: 0.000000
IPF converged at iteration 41
IPF row error: 25.361872, col error: 0.000000
IPF converged at iteration 41
IPF row error: 25.361872, col error: 0.000000
Starting Iterative Proportional Fitting (IPF)...
IPF converged at iteration 41
Starting Iterative Proportional Fitting (IPF)...
IPF row error: 25.361872, col error: 0.000000
Starting Iterative Proportional Fitting (IPF)...
Starting Iterative Proportional Fitting (IPF)...
IPF converged at iteration 41
IPF row error: 25.361872, col error: 0.000000
IPF converged at iteration 41
IPF converged at iteration 41
IPF row error: 25.361872, col error: 0.000000
IPF row error: 25.361872, col error: 0.000000
Starting Iterative Proportional Fitting (IPF)...
Starting Iterative Proportional Fitting (IPF)...
IPF converged at iteration 41
Starting Iterative Proportional Fitting (IPF)...
IPF row error: 25.361872, col error: 0.000000
Starting Iterative Proportional Fitting (IPF)...
IPF converged at iteration 41
IPF row error: 25.361872, col error: 0.000000
IPF converged at iteration 41
IPF row error: 25.361872, col error: 0.000000
IPF converged at iteration 41
Starting Iterative Proportional Fitting (IPF)...
IPF row error: 25.361872, col error: 0.000000
Starting Iterative Proportional Fitting (IPF)...
IPF converged at iteration 41
Starting Iterative Proportional Fitting (IPF)...
IPF row error: 25.361872, col error: 0.000000
Starting Iterative Proportional Fitting (IPF)...
IPF converged at iteration 41
IPF row error: 25.361872, col error: 0.000000
IPF converged at iteration 41
IPF row error: 25.361872, col error: 0.000000
Starting Iterative Proportional Fitting (IPF)...
IPF converged at iteration 41
IPF row error: 25.361872, col error: 0.000000
Starting Iterative Proportional Fitting (IPF)...
Starting Iterative Proportional Fitting (IPF)...
IPF converged at iteration 41
IPF row error: 25.361872, col error: 0.000000
  [2023/test] 진행 240/1750 (13.7%) | 누적 CPC 0.5003 | RMSE 485.6980 | %RMSE 11.5670 | 경과 5.3분 | 예상 남음 33.3분
Starting Iterative Proportional Fitting (IPF)...
IPF converged at iteration 41
IPF row error: 25.361872, col error: 0.000000
IPF converged at iteration 41
IPF row error: 25.361872, col error: 0.000000
Starting Iterative Proportional Fitting (IPF)...
IPF converged at iteration 41
IPF row error: 25.361872, col error: 0.000000
Starting Iterative Proportional Fitting (IPF)...
Starting Iterative Proportional Fitting (IPF)...
IPF converged at iteration 41
IPF row error: 25.361872, col error: 0.000000
Starting Iterative Proportional Fitting (IPF)...
IPF converged at iteration 41
IPF row error: 25.361872, col error: 0.000000
IPF converged at iteration 41
IPF row error: 25.361872, col error: 0.000000
Starting Iterative Proportional Fitting (IPF)...
IPF converged at iteration 41
Starting Iterative Proportional Fitting (IPF)...
IPF row error: 25.361872, col error: 0.000000
Starting Iterative Proportional Fitting (IPF)...
IPF converged at iteration 41
IPF row error: 25.361872, col error: 0.000000
Starting Iterative Proportional Fitting (IPF)...
IPF converged at iteration 41
IPF converged at iteration 41
IPF row error: 25.361872, col error: 0.000000
IPF row error: 25.361872, col error: 0.000000
Starting Iterative Proportional Fitting (IPF)...
Starting Iterative Proportional Fitting (IPF)...
IPF converged at iteration 41
IPF row error: 25.316557, col error: 0.000000
IPF converged at iteration 41
Starting Iterative Proportional Fitting (IPF)...
IPF row error: 25.316557, col error: 0.000000
Starting Iterative Proportional Fitting (IPF)...
IPF converged at iteration 41
IPF row error: 25.316557, col error: 0.000000
IPF converged at iteration 41
IPF row error: 25.316557, col error: 0.000000
Starting Iterative Proportional Fitting (IPF)...
Starting Iterative Proportional Fitting (IPF)...
IPF converged at iteration 41
IPF row error: 25.316557, col error: 0.000000
Starting Iterative Proportional Fitting (IPF)...
IPF converged at iteration 41
IPF row error: 25.316557, col error: 0.000000
Starting Iterative Proportional Fitting (IPF)...
IPF converged at iteration 41
IPF converged at iteration 41
IPF row error: 25.316557, col error: 0.000000
IPF row error: 25.316557, col error: 0.000000
Starting Iterative Proportional Fitting (IPF)...
Starting Iterative Proportional Fitting (IPF)...
IPF converged at iteration 41
IPF row error: 25.316557, col error: 0.000000
Starting Iterative Proportional Fitting (IPF)...
IPF converged at iteration 41
IPF row error: 25.316557, col error: 0.000000
Starting Iterative Proportional Fitting (IPF)...
IPF converged at iteration 41
IPF converged at iteration 41
IPF row error: 25.316557, col error: 0.000000IPF row error: 25.316557, col error: 0.000000

Starting Iterative Proportional Fitting (IPF)...Starting Iterative Proportional Fitting (IPF)...

IPF converged at iteration 41
IPF row error: 25.316557, col error: 0.000000
Starting Iterative Proportional Fitting (IPF)...
IPF converged at iteration 41
IPF row error: 25.316557, col error: 0.000000
Starting Iterative Proportional Fitting (IPF)...
IPF converged at iteration 41
IPF converged at iteration 41
IPF row error: 25.316557, col error: 0.000000
IPF row error: 25.316557, col error: 0.000000
Starting Iterative Proportional Fitting (IPF)...
Starting Iterative Proportional Fitting (IPF)...
IPF converged at iteration 41
IPF row error: 25.316557, col error: 0.000000
Starting Iterative Proportional Fitting (IPF)...
IPF converged at iteration 41
IPF row error: 25.316557, col error: 0.000000
Starting Iterative Proportional Fitting (IPF)...
IPF converged at iteration 41
IPF converged at iteration 41
IPF row error: 25.316557, col error: 0.000000
IPF row error: 25.316557, col error: 0.000000
  [2023/test] 진행 270/1750 (15.4%) | 누적 CPC 0.5043 | RMSE 482.1046 | %RMSE 11.3902 | 경과 5.8분 | 예상 남음 31.9분
Starting Iterative Proportional Fitting (IPF)...
Starting Iterative Proportional Fitting (IPF)...
IPF converged at iteration 41
IPF row error: 25.316557, col error: 0.000000
Starting Iterative Proportional Fitting (IPF)...
IPF converged at iteration 41
IPF row error: 25.316557, col error: 0.000000
Starting Iterative Proportional Fitting (IPF)...
IPF converged at iteration 41
IPF converged at iteration 41
IPF row error: 25.316557, col error: 0.000000
IPF row error: 25.316557, col error: 0.000000
Starting Iterative Proportional Fitting (IPF)...Starting Iterative Proportional Fitting (IPF)...

IPF converged at iteration 41
IPF row error: 25.316557, col error: 0.000000
Starting Iterative Proportional Fitting (IPF)...
IPF converged at iteration 41
IPF row error: 25.316557, col error: 0.000000
Starting Iterative Proportional Fitting (IPF)...
IPF converged at iteration 41
IPF converged at iteration 41
IPF row error: 25.316557, col error: 0.000000
IPF row error: 25.316557, col error: 0.000000
Starting Iterative Proportional Fitting (IPF)...
Starting Iterative Proportional Fitting (IPF)...
IPF converged at iteration 41
IPF row error: 25.316557, col error: 0.000000
Starting Iterative Proportional Fitting (IPF)...
IPF converged at iteration 41
IPF row error: 25.316557, col error: 0.000000
Starting Iterative Proportional Fitting (IPF)...
IPF converged at iteration 41
IPF converged at iteration 41
IPF row error: 25.316557, col error: 0.000000
IPF row error: 25.316557, col error: 0.000000
Starting Iterative Proportional Fitting (IPF)...
Starting Iterative Proportional Fitting (IPF)...
IPF converged at iteration 41
IPF row error: 25.316557, col error: 0.000000
Starting Iterative Proportional Fitting (IPF)...
IPF converged at iteration 41
IPF row error: 25.316557, col error: 0.000000
Starting Iterative Proportional Fitting (IPF)...
IPF converged at iteration 41
IPF row error: 25.316557, col error: 0.000000
IPF converged at iteration 41
IPF row error: 25.316557, col error: 0.000000
Starting Iterative Proportional Fitting (IPF)...
Starting Iterative Proportional Fitting (IPF)...
IPF converged at iteration 41
IPF row error: 25.316557, col error: 0.000000
Starting Iterative Proportional Fitting (IPF)...
IPF converged at iteration 41
IPF row error: 25.316557, col error: 0.000000
Starting Iterative Proportional Fitting (IPF)...
IPF converged at iteration 41
IPF row error: 25.316557, col error: 0.000000
IPF converged at iteration 41
IPF row error: 25.316557, col error: 0.000000
Starting Iterative Proportional Fitting (IPF)...
Starting Iterative Proportional Fitting (IPF)...
IPF converged at iteration 41
IPF row error: 25.316557, col error: 0.000000
Starting Iterative Proportional Fitting (IPF)...
IPF converged at iteration 41
IPF row error: 25.316557, col error: 0.000000
Starting Iterative Proportional Fitting (IPF)...
IPF converged at iteration 41
IPF row error: 25.316557, col error: 0.000000
IPF converged at iteration 41
IPF row error: 25.316557, col error: 0.000000
Starting Iterative Proportional Fitting (IPF)...
Starting Iterative Proportional Fitting (IPF)...
IPF converged at iteration 41
IPF row error: 25.316557, col error: 0.000000
Starting Iterative Proportional Fitting (IPF)...
IPF converged at iteration 41
IPF row error: 25.316557, col error: 0.000000
Starting Iterative Proportional Fitting (IPF)...
IPF converged at iteration 41
IPF row error: 25.316557, col error: 0.000000
IPF converged at iteration 41
IPF row error: 25.316557, col error: 0.000000
Starting Iterative Proportional Fitting (IPF)...
Starting Iterative Proportional Fitting (IPF)...
IPF converged at iteration 41
IPF row error: 25.316557, col error: 0.000000
Starting Iterative Proportional Fitting (IPF)...
IPF converged at iteration 41
IPF row error: 25.316557, col error: 0.000000
  [2023/test] 진행 300/1750 (17.1%) | 누적 CPC 0.5095 | RMSE 474.1275 | %RMSE 11.0430 | 경과 6.3분 | 예상 남음 30.5분
Starting Iterative Proportional Fitting (IPF)...
IPF converged at iteration 41
IPF converged at iteration 41
IPF row error: 25.806569, col error: 0.000000
IPF row error: 25.806569, col error: 0.000000
Starting Iterative Proportional Fitting (IPF)...
Starting Iterative Proportional Fitting (IPF)...
IPF converged at iteration 41
IPF row error: 25.806569, col error: 0.000000
Starting Iterative Proportional Fitting (IPF)...
IPF converged at iteration 41
IPF row error: 25.806569, col error: 0.000000
Starting Iterative Proportional Fitting (IPF)...
IPF converged at iteration 41
IPF converged at iteration 41
IPF row error: 25.806569, col error: 0.000000
IPF row error: 25.806569, col error: 0.000000
Starting Iterative Proportional Fitting (IPF)...
Starting Iterative Proportional Fitting (IPF)...
IPF converged at iteration 41
IPF row error: 25.806569, col error: 0.000000
Starting Iterative Proportional Fitting (IPF)...
IPF converged at iteration 41
IPF row error: 25.806569, col error: 0.000000
Starting Iterative Proportional Fitting (IPF)...
IPF converged at iteration 41
IPF converged at iteration 41
IPF row error: 25.806569, col error: 0.000000
IPF row error: 25.806569, col error: 0.000000
Starting Iterative Proportional Fitting (IPF)...Starting Iterative Proportional Fitting (IPF)...

IPF converged at iteration 41
IPF row error: 25.806569, col error: 0.000000
Starting Iterative Proportional Fitting (IPF)...
IPF converged at iteration 41
IPF row error: 25.806569, col error: 0.000000
Starting Iterative Proportional Fitting (IPF)...
IPF converged at iteration 41
IPF row error: 25.806569, col error: 0.000000
IPF converged at iteration 41
IPF row error: 25.806569, col error: 0.000000
Starting Iterative Proportional Fitting (IPF)...
Starting Iterative Proportional Fitting (IPF)...
IPF converged at iteration 41
IPF row error: 25.806569, col error: 0.000000
Starting Iterative Proportional Fitting (IPF)...
IPF converged at iteration 41
IPF row error: 25.806569, col error: 0.000000
Starting Iterative Proportional Fitting (IPF)...
IPF converged at iteration 41
IPF converged at iteration 41
IPF row error: 25.806569, col error: 0.000000
IPF row error: 25.806569, col error: 0.000000
Starting Iterative Proportional Fitting (IPF)...
Starting Iterative Proportional Fitting (IPF)...
IPF converged at iteration 41
IPF row error: 25.806569, col error: 0.000000
Starting Iterative Proportional Fitting (IPF)...
IPF converged at iteration 41
IPF row error: 25.806569, col error: 0.000000
Starting Iterative Proportional Fitting (IPF)...
IPF converged at iteration 41
IPF converged at iteration 41
IPF row error: 25.806569, col error: 0.000000
IPF row error: 25.806569, col error: 0.000000
Starting Iterative Proportional Fitting (IPF)...
Starting Iterative Proportional Fitting (IPF)...
IPF converged at iteration 41
IPF row error: 25.806569, col error: 0.000000
Starting Iterative Proportional Fitting (IPF)...
IPF converged at iteration 41
IPF row error: 25.806569, col error: 0.000000
Starting Iterative Proportional Fitting (IPF)...
IPF converged at iteration 41
IPF converged at iteration 41
IPF row error: 25.806569, col error: 0.000000
IPF row error: 25.806569, col error: 0.000000
Starting Iterative Proportional Fitting (IPF)...
Starting Iterative Proportional Fitting (IPF)...
IPF converged at iteration 41
IPF row error: 25.806569, col error: 0.000000
Starting Iterative Proportional Fitting (IPF)...
IPF converged at iteration 41
IPF row error: 25.806569, col error: 0.000000
Starting Iterative Proportional Fitting (IPF)...
IPF converged at iteration 41
IPF converged at iteration 41
IPF row error: 25.806569, col error: 0.000000
IPF row error: 25.806569, col error: 0.000000
  [2023/test] 진행 330/1750 (18.9%) | 누적 CPC 0.5073 | RMSE 555.2490 | %RMSE 11.6687 | 경과 6.9분 | 예상 남음 29.5분
Starting Iterative Proportional Fitting (IPF)...
Starting Iterative Proportional Fitting (IPF)...
IPF converged at iteration 41
IPF row error: 25.806569, col error: 0.000000
Starting Iterative Proportional Fitting (IPF)...
IPF converged at iteration 41
IPF row error: 25.806569, col error: 0.000000
Starting Iterative Proportional Fitting (IPF)...
IPF converged at iteration 41
IPF converged at iteration 41
IPF row error: 25.806569, col error: 0.000000
IPF row error: 25.806569, col error: 0.000000
Starting Iterative Proportional Fitting (IPF)...
Starting Iterative Proportional Fitting (IPF)...
IPF converged at iteration 41
IPF row error: 25.806569, col error: 0.000000
Starting Iterative Proportional Fitting (IPF)...
IPF converged at iteration 41
IPF row error: 25.806569, col error: 0.000000
Starting Iterative Proportional Fitting (IPF)...
IPF converged at iteration 41
IPF row error: 25.806569, col error: 0.000000
IPF converged at iteration 41
IPF row error: 25.806569, col error: 0.000000
Starting Iterative Proportional Fitting (IPF)...
Starting Iterative Proportional Fitting (IPF)...
IPF converged at iteration 41
IPF row error: 25.806569, col error: 0.000000
Starting Iterative Proportional Fitting (IPF)...
IPF converged at iteration 41
IPF row error: 25.806569, col error: 0.000000
Starting Iterative Proportional Fitting (IPF)...
IPF converged at iteration 41
IPF row error: 25.806569, col error: 0.000000
IPF converged at iteration 41
IPF row error: 25.806569, col error: 0.000000
Starting Iterative Proportional Fitting (IPF)...
Starting Iterative Proportional Fitting (IPF)...
IPF converged at iteration 41
IPF row error: 25.806569, col error: 0.000000
Starting Iterative Proportional Fitting (IPF)...
IPF converged at iteration 41
IPF row error: 25.806569, col error: 0.000000
Starting Iterative Proportional Fitting (IPF)...
IPF converged at iteration 41
IPF row error: 25.806569, col error: 0.000000
IPF converged at iteration 41
IPF row error: 25.806569, col error: 0.000000
Starting Iterative Proportional Fitting (IPF)...
Starting Iterative Proportional Fitting (IPF)...
IPF converged at iteration 41
IPF row error: 25.806569, col error: 0.000000
Starting Iterative Proportional Fitting (IPF)...
IPF converged at iteration 41
IPF row error: 25.806569, col error: 0.000000
Starting Iterative Proportional Fitting (IPF)...
IPF converged at iteration 26
IPF row error: 26.429946, col error: 0.000000
IPF converged at iteration 41
IPF row error: 25.806569, col error: 0.000000
Starting Iterative Proportional Fitting (IPF)...
IPF converged at iteration 41
IPF row error: 25.806569, col error: 0.000000
IPF converged at iteration 26
Starting Iterative Proportional Fitting (IPF)...
IPF row error: 22.491319, col error: 0.000000
Starting Iterative Proportional Fitting (IPF)...
Starting Iterative Proportional Fitting (IPF)...
IPF converged at iteration 27
IPF row error: 23.977128, col error: 0.000000
Starting Iterative Proportional Fitting (IPF)...
IPF converged at iteration 33
IPF row error: 27.378928, col error: 0.000000
Starting Iterative Proportional Fitting (IPF)...
IPF converged at iteration 41
IPF row error: 25.377890, col error: 0.000000
Starting Iterative Proportional Fitting (IPF)...
IPF converged at iteration 41
IPF row error: 25.377890, col error: 0.000000
Starting Iterative Proportional Fitting (IPF)...
IPF converged at iteration 27
IPF row error: 25.603103, col error: 0.000000
IPF converged at iteration 41
Starting Iterative Proportional Fitting (IPF)...
IPF row error: 25.377890, col error: 0.000000
Starting Iterative Proportional Fitting (IPF)...
IPF converged at iteration 45
IPF row error: 24.964568, col error: 0.000000
Starting Iterative Proportional Fitting (IPF)...
IPF converged at iteration 56
IPF row error: 27.159884, col error: 0.000000
  [2023/test] 진행 360/1750 (20.6%) | 누적 CPC 0.5076 | RMSE 601.5975 | %RMSE 11.9278 | 경과 7.4분 | 예상 남음 28.4분
IPF converged at iteration 31
Starting Iterative Proportional Fitting (IPF)...
IPF row error: 25.538342, col error: 0.000000
Starting Iterative Proportional Fitting (IPF)...
IPF converged at iteration 41
IPF row error: 25.377890, col error: 0.000000
Starting Iterative Proportional Fitting (IPF)...
IPF converged at iteration 26
IPF row error: 27.865668, col error: 0.000000
Starting Iterative Proportional Fitting (IPF)...
IPF converged at iteration 27
IPF row error: 26.369966, col error: 0.000000
IPF converged at iteration 39
IPF row error: 28.765223, col error: 0.000000
Starting Iterative Proportional Fitting (IPF)...
Starting Iterative Proportional Fitting (IPF)...
IPF converged at iteration 45
IPF row error: 25.651700, col error: 0.000000
Starting Iterative Proportional Fitting (IPF)...
IPF converged at iteration 26
IPF row error: 23.872228, col error: 0.000000
Starting Iterative Proportional Fitting (IPF)...
IPF converged at iteration 52
IPF row error: 25.711379, col error: 0.000000
IPF converged at iteration 27
Starting Iterative Proportional Fitting (IPF)...
IPF row error: 25.691793, col error: 0.000000
Starting Iterative Proportional Fitting (IPF)...
IPF converged at iteration 26
IPF row error: 26.984892, col error: 0.000000
Starting Iterative Proportional Fitting (IPF)...
IPF converged at iteration 29
IPF row error: 27.497013, col error: 0.000000
Starting Iterative Proportional Fitting (IPF)...
IPF converged at iteration 43
IPF row error: 25.904375, col error: 0.000000
IPF converged at iteration 91
Starting Iterative Proportional Fitting (IPF)...
IPF row error: 26.934358, col error: 0.000000
Starting Iterative Proportional Fitting (IPF)...
IPF converged at iteration 41
IPF row error: 25.377890, col error: 0.000000
Starting Iterative Proportional Fitting (IPF)...
IPF converged at iteration 41
IPF row error: 25.377890, col error: 0.000000
IPF converged at iteration 25
IPF row error: 27.874649, col error: 0.000000
Starting Iterative Proportional Fitting (IPF)...
Starting Iterative Proportional Fitting (IPF)...
IPF converged at iteration 28
IPF row error: 24.022033, col error: 0.000000
Starting Iterative Proportional Fitting (IPF)...
IPF converged at iteration 27
IPF row error: 25.660159, col error: 0.000000
IPF converged at iteration 41
IPF row error: 25.377890, col error: 0.000000
Starting Iterative Proportional Fitting (IPF)...
Starting Iterative Proportional Fitting (IPF)...
IPF converged at iteration 41
IPF row error: 25.377890, col error: 0.000000
Starting Iterative Proportional Fitting (IPF)...
IPF converged at iteration 41
IPF row error: 25.377890, col error: 0.000000
Starting Iterative Proportional Fitting (IPF)...
IPF converged at iteration 27
IPF row error: 28.906042, col error: 0.000000
Starting Iterative Proportional Fitting (IPF)...
IPF converged at iteration 41
IPF row error: 25.377890, col error: 0.000000
Starting Iterative Proportional Fitting (IPF)...
IPF converged at iteration 41
IPF row error: 25.377890, col error: 0.000000
Starting Iterative Proportional Fitting (IPF)...
IPF converged at iteration 27
IPF row error: 23.571139, col error: 0.000000
IPF converged at iteration 41
Starting Iterative Proportional Fitting (IPF)...
IPF row error: 25.377890, col error: 0.000000
Starting Iterative Proportional Fitting (IPF)...
IPF converged at iteration 28
IPF row error: 28.958016, col error: 0.000000
Starting Iterative Proportional Fitting (IPF)...
IPF converged at iteration 41
IPF row error: 25.377890, col error: 0.000000
Starting Iterative Proportional Fitting (IPF)...
IPF converged at iteration 41
IPF row error: 25.377890, col error: 0.000000
IPF converged at iteration 41
IPF row error: 25.377890, col error: 0.000000
  [2023/test] 진행 390/1750 (22.3%) | 누적 CPC 0.5120 | RMSE 601.4644 | %RMSE 11.6661 | 경과 7.8분 | 예상 남음 27.3분
Starting Iterative Proportional Fitting (IPF)...
Starting Iterative Proportional Fitting (IPF)...
IPF converged at iteration 36
IPF row error: 26.491173, col error: 0.000000
Starting Iterative Proportional Fitting (IPF)...
IPF converged at iteration 26
IPF row error: 26.384118, col error: 0.000000
Starting Iterative Proportional Fitting (IPF)...
IPF converged at iteration 38
IPF row error: 25.429362, col error: 0.000000
Starting Iterative Proportional Fitting (IPF)...
IPF converged at iteration 41
IPF row error: 25.377890, col error: 0.000000
Starting Iterative Proportional Fitting (IPF)...
IPF converged at iteration 41
IPF row error: 25.377890, col error: 0.000000
Starting Iterative Proportional Fitting (IPF)...
IPF converged at iteration 26
IPF row error: 27.278942, col error: 0.000000
Starting Iterative Proportional Fitting (IPF)...
IPF converged at iteration 27
IPF row error: 27.749032, col error: 0.000000
Starting Iterative Proportional Fitting (IPF)...
IPF converged at iteration 41
IPF row error: 25.377890, col error: 0.000000
Starting Iterative Proportional Fitting (IPF)...
IPF converged at iteration 41
IPF row error: 25.377890, col error: 0.000000
Starting Iterative Proportional Fitting (IPF)...
IPF converged at iteration 41
IPF row error: 25.377890, col error: 0.000000
IPF converged at iteration 36
Starting Iterative Proportional Fitting (IPF)...IPF row error: 24.517376, col error: 0.000000

Starting Iterative Proportional Fitting (IPF)...
IPF converged at iteration 41
IPF row error: 25.375027, col error: 0.000000
Starting Iterative Proportional Fitting (IPF)...
IPF converged at iteration 41
IPF row error: 25.375027, col error: 0.000000
IPF converged at iteration 41
IPF row error: 25.375027, col error: 0.000000Starting Iterative Proportional Fitting (IPF)...

Starting Iterative Proportional Fitting (IPF)...
IPF converged at iteration 73
IPF row error: 26.392772, col error: 0.000000
Starting Iterative Proportional Fitting (IPF)...
IPF converged at iteration 27
IPF row error: 24.280266, col error: 0.000000
IPF converged at iteration 27
IPF row error: 25.217268, col error: 0.000000
Starting Iterative Proportional Fitting (IPF)...
IPF converged at iteration 41
IPF row error: 25.375027, col error: 0.000000
Starting Iterative Proportional Fitting (IPF)...
Starting Iterative Proportional Fitting (IPF)...
IPF converged at iteration 28
IPF converged at iteration 41
IPF row error: 24.887165, col error: 0.000000
IPF row error: 25.375027, col error: 0.000000
Starting Iterative Proportional Fitting (IPF)...
Starting Iterative Proportional Fitting (IPF)...
IPF converged at iteration 36
IPF row error: 26.818982, col error: 0.000000
Starting Iterative Proportional Fitting (IPF)...
IPF converged at iteration 41
IPF row error: 25.375027, col error: 0.000000
Starting Iterative Proportional Fitting (IPF)...
IPF converged at iteration 41
IPF row error: 25.375027, col error: 0.000000
IPF converged at iteration 32
IPF row error: 26.985784, col error: 0.000000
Starting Iterative Proportional Fitting (IPF)...
IPF converged at iteration 46
IPF row error: 25.228639, col error: 0.000000
Starting Iterative Proportional Fitting (IPF)...
Starting Iterative Proportional Fitting (IPF)...
IPF converged at iteration 41
IPF row error: 25.375027, col error: 0.000000
Starting Iterative Proportional Fitting (IPF)...
IPF converged at iteration 28
IPF row error: 26.991270, col error: 0.000000
Starting Iterative Proportional Fitting (IPF)...
IPF converged at iteration 38
IPF row error: 23.748192, col error: 0.000000
Starting Iterative Proportional Fitting (IPF)...
IPF converged at iteration 41
IPF row error: 25.375027, col error: 0.000000
Starting Iterative Proportional Fitting (IPF)...
IPF converged at iteration 28
IPF row error: 21.856883, col error: 0.000000
  [2023/test] 진행 420/1750 (24.0%) | 누적 CPC 0.5170 | RMSE 586.6186 | %RMSE 11.2661 | 경과 8.3분 | 예상 남음 26.2분
Starting Iterative Proportional Fitting (IPF)...
IPF converged at iteration 35
IPF row error: 23.191576, col error: 0.000000
Starting Iterative Proportional Fitting (IPF)...
IPF converged at iteration 32
IPF row error: 35.066421, col error: 0.000000
IPF converged at iteration 41
IPF row error: 25.375027, col error: 0.000000
Starting Iterative Proportional Fitting (IPF)...
Starting Iterative Proportional Fitting (IPF)...
IPF converged at iteration 41
IPF row error: 25.375027, col error: 0.000000
Starting Iterative Proportional Fitting (IPF)...
IPF converged at iteration 27
IPF row error: 23.207561, col error: 0.000000
Starting Iterative Proportional Fitting (IPF)...
IPF converged at iteration 29
IPF row error: 22.594183, col error: 0.000000
Starting Iterative Proportional Fitting (IPF)...
IPF converged at iteration 29
IPF row error: 25.601553, col error: 0.000000
IPF converged at iteration 41
IPF row error: 25.375027, col error: 0.000000
Starting Iterative Proportional Fitting (IPF)...
Starting Iterative Proportional Fitting (IPF)...
IPF converged at iteration 41
IPF row error: 25.375027, col error: 0.000000
Starting Iterative Proportional Fitting (IPF)...
IPF converged at iteration 41
IPF row error: 25.375027, col error: 0.000000
IPF converged at iteration 41
IPF row error: 25.375027, col error: 0.000000
Starting Iterative Proportional Fitting (IPF)...
Starting Iterative Proportional Fitting (IPF)...
IPF converged at iteration 65
IPF row error: 26.193946, col error: 0.000000
Starting Iterative Proportional Fitting (IPF)...
IPF converged at iteration 41
IPF row error: 25.375027, col error: 0.000000
Starting Iterative Proportional Fitting (IPF)...
IPF converged at iteration 29
IPF row error: 28.262575, col error: 0.000000
Starting Iterative Proportional Fitting (IPF)...
IPF converged at iteration 26
IPF row error: 25.430322, col error: 0.000000
Starting Iterative Proportional Fitting (IPF)...
IPF converged at iteration 41
IPF row error: 25.375027, col error: 0.000000
IPF converged at iteration 63
IPF row error: 27.337147, col error: 0.000000
Starting Iterative Proportional Fitting (IPF)...
Starting Iterative Proportional Fitting (IPF)...
IPF converged at iteration 41
IPF row error: 25.375027, col error: 0.000000
Starting Iterative Proportional Fitting (IPF)...
IPF converged at iteration 41
IPF row error: 25.375027, col error: 0.000000
Starting Iterative Proportional Fitting (IPF)...
IPF converged at iteration 41
IPF row error: 25.375027, col error: 0.000000
IPF converged at iteration 41
Starting Iterative Proportional Fitting (IPF)...
IPF row error: 25.375027, col error: 0.000000
Starting Iterative Proportional Fitting (IPF)...
IPF converged at iteration 41
IPF row error: 25.375027, col error: 0.000000
Starting Iterative Proportional Fitting (IPF)...
IPF converged at iteration 41
IPF row error: 25.375027, col error: 0.000000
Starting Iterative Proportional Fitting (IPF)...
IPF converged at iteration 28
IPF row error: 21.670438, col error: 0.000000
Starting Iterative Proportional Fitting (IPF)...
IPF converged at iteration 41
IPF row error: 25.375027, col error: 0.000000
Starting Iterative Proportional Fitting (IPF)...
IPF converged at iteration 37
IPF row error: 27.322168, col error: 0.000000
Starting Iterative Proportional Fitting (IPF)...
IPF converged at iteration 41
IPF row error: 25.375027, col error: 0.000000
Starting Iterative Proportional Fitting (IPF)...
IPF converged at iteration 27
IPF row error: 22.413484, col error: 0.000000
Starting Iterative Proportional Fitting (IPF)...
IPF converged at iteration 41
IPF row error: 25.375027, col error: 0.000000
Starting Iterative Proportional Fitting (IPF)...
IPF converged at iteration 41
IPF row error: 25.375027, col error: 0.000000
  [2023/test] 진행 450/1750 (25.7%) | 누적 CPC 0.5221 | RMSE 566.5758 | %RMSE 10.8325 | 경과 8.9분 | 예상 남음 25.7분
Starting Iterative Proportional Fitting (IPF)...
IPF converged at iteration 41
IPF row error: 25.424865, col error: 0.000000
Starting Iterative Proportional Fitting (IPF)...
IPF converged at iteration 41
IPF row error: 25.424865, col error: 0.000000
Starting Iterative Proportional Fitting (IPF)...
IPF converged at iteration 41
IPF row error: 25.424865, col error: 0.000000
Starting Iterative Proportional Fitting (IPF)...
IPF converged at iteration 31
IPF row error: 24.748671, col error: 0.000000
IPF converged at iteration 41
IPF row error: 25.424865, col error: 0.000000
Starting Iterative Proportional Fitting (IPF)...
Starting Iterative Proportional Fitting (IPF)...
IPF converged at iteration 35
IPF row error: 27.181413, col error: 0.000000
Starting Iterative Proportional Fitting (IPF)...
IPF converged at iteration 78
IPF row error: 27.575769, col error: 0.000000
Starting Iterative Proportional Fitting (IPF)...
IPF converged at iteration 27
IPF row error: 27.727711, col error: 0.000000
Starting Iterative Proportional Fitting (IPF)...
IPF converged at iteration 31
IPF row error: 25.301047, col error: 0.000000
Starting Iterative Proportional Fitting (IPF)...
IPF converged at iteration 41
IPF row error: 25.424865, col error: 0.000000
Starting Iterative Proportional Fitting (IPF)...
IPF converged at iteration 41
IPF row error: 25.424865, col error: 0.000000
Starting Iterative Proportional Fitting (IPF)...
IPF converged at iteration 41
IPF row error: 25.424865, col error: 0.000000
Starting Iterative Proportional Fitting (IPF)...
IPF converged at iteration 41
IPF row error: 25.424865, col error: 0.000000
Starting Iterative Proportional Fitting (IPF)...
IPF converged at iteration 41
IPF row error: 25.424865, col error: 0.000000
Starting Iterative Proportional Fitting (IPF)...
IPF converged at iteration 41
IPF row error: 25.424865, col error: 0.000000
IPF converged at iteration 34
Starting Iterative Proportional Fitting (IPF)...
IPF row error: 26.327501, col error: 0.000000
IPF converged at iteration 41
IPF row error: 25.424865, col error: 0.000000
Starting Iterative Proportional Fitting (IPF)...
IPF converged at iteration 24
IPF row error: 26.389974, col error: 0.000000
Starting Iterative Proportional Fitting (IPF)...
Starting Iterative Proportional Fitting (IPF)...
IPF converged at iteration 32
IPF row error: 35.715212, col error: 0.000000
Starting Iterative Proportional Fitting (IPF)...
IPF converged at iteration 41
IPF row error: 25.424865, col error: 0.000000
IPF converged at iteration 36
IPF row error: 27.464675, col error: 0.000000
Starting Iterative Proportional Fitting (IPF)...
Starting Iterative Proportional Fitting (IPF)...
IPF converged at iteration 41
IPF row error: 25.424865, col error: 0.000000
Starting Iterative Proportional Fitting (IPF)...
IPF converged at iteration 41
IPF row error: 25.424865, col error: 0.000000
IPF converged at iteration 41
Starting Iterative Proportional Fitting (IPF)...
IPF row error: 25.424865, col error: 0.000000
IPF converged at iteration 41
IPF row error: 25.424865, col error: 0.000000
Starting Iterative Proportional Fitting (IPF)...
Starting Iterative Proportional Fitting (IPF)...
IPF converged at iteration 41
IPF row error: 25.424865, col error: 0.000000
Starting Iterative Proportional Fitting (IPF)...
IPF converged at iteration 33
IPF row error: 29.640886, col error: 0.000000
IPF converged at iteration 41
Starting Iterative Proportional Fitting (IPF)...
IPF row error: 25.424865, col error: 0.000000
Starting Iterative Proportional Fitting (IPF)...
IPF converged at iteration 41
IPF row error: 25.424865, col error: 0.000000
IPF converged at iteration 53
IPF row error: 25.866448, col error: 0.000000
  [2023/test] 진행 480/1750 (27.4%) | 누적 CPC 0.5186 | RMSE 561.9209 | %RMSE 10.9969 | 경과 9.5분 | 예상 남음 25.1분
Starting Iterative Proportional Fitting (IPF)...
Starting Iterative Proportional Fitting (IPF)...
IPF converged at iteration 27
IPF row error: 21.652206, col error: 0.000000
IPF converged at iteration 36
Starting Iterative Proportional Fitting (IPF)...
IPF row error: 28.315768, col error: 0.000000
Starting Iterative Proportional Fitting (IPF)...
IPF converged at iteration 25
IPF row error: 22.484200, col error: 0.000000
Starting Iterative Proportional Fitting (IPF)...
IPF converged at iteration 41
IPF row error: 25.424865, col error: 0.000000
Starting Iterative Proportional Fitting (IPF)...
IPF converged at iteration 27
IPF row error: 24.409071, col error: 0.000000
Starting Iterative Proportional Fitting (IPF)...
IPF converged at iteration 41
IPF row error: 25.424865, col error: 0.000000
IPF converged at iteration 51
IPF row error: 26.608492, col error: 0.000000
Starting Iterative Proportional Fitting (IPF)...
Starting Iterative Proportional Fitting (IPF)...
IPF converged at iteration 40
IPF row error: 27.796055, col error: 0.000000
Starting Iterative Proportional Fitting (IPF)...
IPF converged at iteration 41
IPF row error: 25.424865, col error: 0.000000
Starting Iterative Proportional Fitting (IPF)...
IPF converged at iteration 30
IPF row error: 28.299304, col error: 0.000000
Starting Iterative Proportional Fitting (IPF)...
IPF converged at iteration 41
IPF row error: 25.424865, col error: 0.000000
Starting Iterative Proportional Fitting (IPF)...
IPF converged at iteration 41
IPF row error: 25.424865, col error: 0.000000
Starting Iterative Proportional Fitting (IPF)...
IPF converged at iteration 41
IPF row error: 25.424865, col error: 0.000000
Starting Iterative Proportional Fitting (IPF)...
IPF converged at iteration 41
IPF row error: 25.424865, col error: 0.000000
Starting Iterative Proportional Fitting (IPF)...
IPF converged at iteration 25
IPF row error: 26.802003, col error: 0.000000
IPF converged at iteration 41
IPF row error: 25.424865, col error: 0.000000
Starting Iterative Proportional Fitting (IPF)...
Starting Iterative Proportional Fitting (IPF)...
IPF converged at iteration 49
IPF row error: 26.124809, col error: 0.000000
IPF converged at iteration 41
Starting Iterative Proportional Fitting (IPF)...
IPF row error: 25.424865, col error: 0.000000
Starting Iterative Proportional Fitting (IPF)...
IPF converged at iteration 41
IPF row error: 25.424865, col error: 0.000000
IPF converged at iteration 41
IPF row error: 25.424865, col error: 0.000000
Starting Iterative Proportional Fitting (IPF)...
Starting Iterative Proportional Fitting (IPF)...
IPF converged at iteration 41
IPF row error: 25.357745, col error: 0.000000
IPF converged at iteration 41
IPF row error: 25.357745, col error: 0.000000
Starting Iterative Proportional Fitting (IPF)...
Starting Iterative Proportional Fitting (IPF)...
IPF converged at iteration 41
IPF row error: 25.357745, col error: 0.000000
IPF converged at iteration 41
IPF row error: 25.357745, col error: 0.000000
Starting Iterative Proportional Fitting (IPF)...
Starting Iterative Proportional Fitting (IPF)...
IPF converged at iteration 27
IPF row error: 24.391651, col error: 0.000000
Starting Iterative Proportional Fitting (IPF)...
IPF converged at iteration 41
IPF row error: 25.357745, col error: 0.000000
Starting Iterative Proportional Fitting (IPF)...
IPF converged at iteration 28
IPF row error: 23.275842, col error: 0.000000
Starting Iterative Proportional Fitting (IPF)...
IPF converged at iteration 30
IPF row error: 23.004412, col error: 0.000000
Starting Iterative Proportional Fitting (IPF)...
IPF converged at iteration 49
IPF row error: 25.659437, col error: 0.000000
Starting Iterative Proportional Fitting (IPF)...
IPF converged at iteration 41
IPF row error: 25.357745, col error: 0.000000
  [2023/test] 진행 510/1750 (29.1%) | 누적 CPC 0.5139 | RMSE 557.8959 | %RMSE 11.2155 | 경과 10.2분 | 예상 남음 24.7분
Starting Iterative Proportional Fitting (IPF)...
IPF converged at iteration 25
IPF row error: 25.449719, col error: 0.000000
Starting Iterative Proportional Fitting (IPF)...
IPF converged at iteration 41
IPF row error: 25.357745, col error: 0.000000
IPF converged at iteration 53
IPF row error: 26.067077, col error: 0.000000
Starting Iterative Proportional Fitting (IPF)...
Starting Iterative Proportional Fitting (IPF)...
IPF converged at iteration 34
IPF row error: 25.935163, col error: 0.000000
Starting Iterative Proportional Fitting (IPF)...
IPF converged at iteration 34
IPF row error: 23.702744, col error: 0.000000
IPF converged at iteration 27
IPF row error: 23.973451, col error: 0.000000
IPF converged at iteration 32
Starting Iterative Proportional Fitting (IPF)...
IPF row error: 24.285559, col error: 0.000000
Starting Iterative Proportional Fitting (IPF)...
Starting Iterative Proportional Fitting (IPF)...
IPF converged at iteration 41
IPF row error: 25.357745, col error: 0.000000
IPF converged at iteration 26
IPF row error: 22.777862, col error: 0.000000
Starting Iterative Proportional Fitting (IPF)...
Starting Iterative Proportional Fitting (IPF)...
IPF converged at iteration 40
IPF converged at iteration 41
IPF row error: 28.352785, col error: 0.000000
IPF row error: 25.357745, col error: 0.000000
Starting Iterative Proportional Fitting (IPF)...
Starting Iterative Proportional Fitting (IPF)...
IPF converged at iteration 44
IPF row error: 26.672868, col error: 0.000000
IPF converged at iteration 41
IPF row error: 25.357745, col error: 0.000000
IPF converged at iteration 25
IPF converged at iteration 28
Starting Iterative Proportional Fitting (IPF)...
IPF row error: 24.521873, col error: 0.000000
IPF row error: 26.064191, col error: 0.000000
Starting Iterative Proportional Fitting (IPF)...
Starting Iterative Proportional Fitting (IPF)...
Starting Iterative Proportional Fitting (IPF)...
IPF converged at iteration 29
IPF row error: 22.058721, col error: 0.000000
Starting Iterative Proportional Fitting (IPF)...
IPF converged at iteration 41
IPF converged at iteration 41
IPF row error: 25.357745, col error: 0.000000
IPF row error: 25.357745, col error: 0.000000
Starting Iterative Proportional Fitting (IPF)...
Starting Iterative Proportional Fitting (IPF)...
IPF converged at iteration 49
IPF row error: 26.774647, col error: 0.000000
Starting Iterative Proportional Fitting (IPF)...
IPF converged at iteration 41
IPF row error: 25.357745, col error: 0.000000
IPF converged at iteration 41
IPF row error: 25.357745, col error: 0.000000
Starting Iterative Proportional Fitting (IPF)...
Starting Iterative Proportional Fitting (IPF)...
IPF converged at iteration 72
IPF row error: 26.633128, col error: 0.000000
IPF converged at iteration 46
Starting Iterative Proportional Fitting (IPF)...
IPF row error: 26.927519, col error: 0.000000
Starting Iterative Proportional Fitting (IPF)...
IPF converged at iteration 28
IPF row error: 27.728071, col error: 0.000000
Starting Iterative Proportional Fitting (IPF)...
IPF converged at iteration 41
IPF row error: 25.357745, col error: 0.000000
Starting Iterative Proportional Fitting (IPF)...
IPF converged at iteration 41
IPF row error: 25.357745, col error: 0.000000
Starting Iterative Proportional Fitting (IPF)...
IPF converged at iteration 41
IPF row error: 25.357745, col error: 0.000000
Starting Iterative Proportional Fitting (IPF)...
IPF converged at iteration 25
IPF row error: 25.932836, col error: 0.000000
Starting Iterative Proportional Fitting (IPF)...
IPF converged at iteration 41
IPF row error: 25.357745, col error: 0.000000
Starting Iterative Proportional Fitting (IPF)...
IPF converged at iteration 27
IPF row error: 27.897588, col error: 0.000000
  [2023/test] 진행 540/1750 (30.9%) | 누적 CPC 0.5066 | RMSE 554.7793 | %RMSE 11.5558 | 경과 10.7분 | 예상 남음 24.0분
Starting Iterative Proportional Fitting (IPF)...
IPF converged at iteration 25
IPF row error: 26.039184, col error: 0.000000
Starting Iterative Proportional Fitting (IPF)...
IPF converged at iteration 25
IPF row error: 26.157501, col error: 0.000000
Starting Iterative Proportional Fitting (IPF)...
IPF converged at iteration 25
IPF row error: 27.996368, col error: 0.000000
Starting Iterative Proportional Fitting (IPF)...
IPF converged at iteration 41
IPF row error: 25.357745, col error: 0.000000
Starting Iterative Proportional Fitting (IPF)...
IPF converged at iteration 41
IPF row error: 25.357745, col error: 0.000000
Starting Iterative Proportional Fitting (IPF)...
IPF converged at iteration 41
IPF row error: 25.357745, col error: 0.000000
Starting Iterative Proportional Fitting (IPF)...
IPF converged at iteration 41
IPF converged at iteration 71
IPF row error: 25.357745, col error: 0.000000
IPF row error: 26.795418, col error: 0.000000
Starting Iterative Proportional Fitting (IPF)...
Starting Iterative Proportional Fitting (IPF)...
IPF converged at iteration 41
IPF row error: 25.357745, col error: 0.000000
Starting Iterative Proportional Fitting (IPF)...
IPF converged at iteration 41
IPF converged at iteration 41
IPF row error: 25.361872, col error: 0.000000
IPF row error: 25.361872, col error: 0.000000
Starting Iterative Proportional Fitting (IPF)...
Starting Iterative Proportional Fitting (IPF)...
IPF converged at iteration 35
IPF row error: 27.873447, col error: 0.000000
Starting Iterative Proportional Fitting (IPF)...
IPF converged at iteration 26
IPF row error: 21.810850, col error: 0.000000
Starting Iterative Proportional Fitting (IPF)...
IPF converged at iteration 92
IPF row error: 27.837453, col error: 0.000000
Starting Iterative Proportional Fitting (IPF)...
IPF converged at iteration 41
IPF row error: 25.361872, col error: 0.000000
Starting Iterative Proportional Fitting (IPF)...
IPF converged at iteration 58
IPF row error: 25.587573, col error: 0.000000
Starting Iterative Proportional Fitting (IPF)...
IPF converged at iteration 41
IPF row error: 25.361872, col error: 0.000000
Starting Iterative Proportional Fitting (IPF)...
IPF converged at iteration 41
IPF row error: 25.361872, col error: 0.000000
Starting Iterative Proportional Fitting (IPF)...
IPF converged at iteration 41
IPF row error: 25.361872, col error: 0.000000
Starting Iterative Proportional Fitting (IPF)...
IPF converged at iteration 41
IPF row error: 25.361872, col error: 0.000000
IPF converged at iteration 32
Starting Iterative Proportional Fitting (IPF)...
IPF row error: 34.701312, col error: 0.000000
IPF converged at iteration 41
Starting Iterative Proportional Fitting (IPF)...
IPF row error: 25.361872, col error: 0.000000
Starting Iterative Proportional Fitting (IPF)...
IPF converged at iteration 41
IPF row error: 25.361872, col error: 0.000000
Starting Iterative Proportional Fitting (IPF)...
IPF converged at iteration 31
IPF row error: 23.997860, col error: 0.000000
Starting Iterative Proportional Fitting (IPF)...
IPF converged at iteration 41
IPF row error: 25.361872, col error: 0.000000
Starting Iterative Proportional Fitting (IPF)...
IPF converged at iteration 27
IPF row error: 24.032530, col error: 0.000000
Starting Iterative Proportional Fitting (IPF)...
IPF converged at iteration 64
IPF row error: 28.509058, col error: 0.000000
Starting Iterative Proportional Fitting (IPF)...
IPF converged at iteration 41
IPF row error: 25.361872, col error: 0.000000
Starting Iterative Proportional Fitting (IPF)...
IPF converged at iteration 41
IPF row error: 25.361872, col error: 0.000000
IPF converged at iteration 40
Starting Iterative Proportional Fitting (IPF)...
IPF row error: 29.055572, col error: 0.000000
  [2023/test] 진행 570/1750 (32.6%) | 누적 CPC 0.5040 | RMSE 554.0618 | %RMSE 11.7471 | 경과 11.4분 | 예상 남음 23.5분
Starting Iterative Proportional Fitting (IPF)...
IPF converged at iteration 41
IPF row error: 25.361872, col error: 0.000000
Starting Iterative Proportional Fitting (IPF)...
IPF converged at iteration 41
IPF row error: 25.361872, col error: 0.000000
Starting Iterative Proportional Fitting (IPF)...
IPF converged at iteration 41
IPF row error: 25.361872, col error: 0.000000
IPF converged at iteration 46
IPF row error: 25.542886, col error: 0.000000
Starting Iterative Proportional Fitting (IPF)...
Starting Iterative Proportional Fitting (IPF)...
IPF converged at iteration 25
IPF row error: 25.070675, col error: 0.000000
Starting Iterative Proportional Fitting (IPF)...
IPF converged at iteration 41
IPF row error: 25.361872, col error: 0.000000
Starting Iterative Proportional Fitting (IPF)...
IPF converged at iteration 28
IPF row error: 21.836784, col error: 0.000000
Starting Iterative Proportional Fitting (IPF)...
IPF converged at iteration 41
IPF row error: 25.361872, col error: 0.000000
IPF converged at iteration 41
IPF row error: 25.361872, col error: 0.000000
Starting Iterative Proportional Fitting (IPF)...
Starting Iterative Proportional Fitting (IPF)...
IPF converged at iteration 41
IPF row error: 25.361872, col error: 0.000000
Starting Iterative Proportional Fitting (IPF)...
IPF converged at iteration 41
IPF row error: 25.361872, col error: 0.000000
Starting Iterative Proportional Fitting (IPF)...
IPF converged at iteration 41
IPF row error: 25.361872, col error: 0.000000
IPF converged at iteration 41
IPF row error: 25.361872, col error: 0.000000
Starting Iterative Proportional Fitting (IPF)...
Starting Iterative Proportional Fitting (IPF)...
IPF converged at iteration 41
IPF row error: 25.361872, col error: 0.000000
Starting Iterative Proportional Fitting (IPF)...
IPF converged at iteration 26
IPF row error: 28.678761, col error: 0.000000
Starting Iterative Proportional Fitting (IPF)...
IPF converged at iteration 26
IPF row error: 28.345995, col error: 0.000000
Starting Iterative Proportional Fitting (IPF)...
IPF converged at iteration 41
IPF row error: 25.361872, col error: 0.000000
Starting Iterative Proportional Fitting (IPF)...
IPF converged at iteration 41
IPF row error: 25.361872, col error: 0.000000
Starting Iterative Proportional Fitting (IPF)...
IPF converged at iteration 41
IPF row error: 25.361872, col error: 0.000000
Starting Iterative Proportional Fitting (IPF)...
IPF converged at iteration 54
IPF row error: 25.346091, col error: 0.000000
IPF converged at iteration 41
IPF row error: 25.361872, col error: 0.000000
Starting Iterative Proportional Fitting (IPF)...
Starting Iterative Proportional Fitting (IPF)...
IPF converged at iteration 41
IPF row error: 25.361872, col error: 0.000000
Starting Iterative Proportional Fitting (IPF)...
IPF converged at iteration 70
IPF converged at iteration 49
IPF row error: 26.995110, col error: 0.000000
IPF row error: 27.948172, col error: 0.000000
Starting Iterative Proportional Fitting (IPF)...
Starting Iterative Proportional Fitting (IPF)...
IPF converged at iteration 92
IPF row error: 28.657559, col error: 0.000000
Starting Iterative Proportional Fitting (IPF)...
IPF converged at iteration 26
IPF row error: 28.643581, col error: 0.000000
Starting Iterative Proportional Fitting (IPF)...
IPF converged at iteration 26
IPF row error: 22.278890, col error: 0.000000
IPF converged at iteration 27
IPF row error: 23.787281, col error: 0.000000
Starting Iterative Proportional Fitting (IPF)...
Starting Iterative Proportional Fitting (IPF)...
IPF converged at iteration 25
IPF row error: 24.645895, col error: 0.000000
IPF converged at iteration 41
IPF converged at iteration 33
IPF row error: 25.361872, col error: 0.000000
IPF row error: 27.259771, col error: 0.000000  [2023/test] 진행 600/1750 (34.3%) | 누적 CPC 0.5037 | RMSE 554.0817 | %RMSE 11.8557 | 경과 11.9분 | 예상 남음 22.8분

Starting Iterative Proportional Fitting (IPF)...
IPF converged at iteration 28
Starting Iterative Proportional Fitting (IPF)...
Starting Iterative Proportional Fitting (IPF)...
IPF row error: 28.177353, col error: 0.000000
Starting Iterative Proportional Fitting (IPF)...
IPF converged at iteration 30
IPF row error: 27.394871, col error: 0.000000
Starting Iterative Proportional Fitting (IPF)...
IPF converged at iteration 41
IPF row error: 25.316557, col error: 0.000000
IPF converged at iteration 41
IPF row error: 25.316557, col error: 0.000000
Starting Iterative Proportional Fitting (IPF)...
Starting Iterative Proportional Fitting (IPF)...
IPF converged at iteration 43
IPF row error: 25.707201, col error: 0.000000
Starting Iterative Proportional Fitting (IPF)...
IPF converged at iteration 27
IPF row error: 27.837468, col error: 0.000000
Starting Iterative Proportional Fitting (IPF)...
IPF converged at iteration 27
IPF row error: 22.484639, col error: 0.000000
Starting Iterative Proportional Fitting (IPF)...
IPF converged at iteration 41
IPF row error: 25.316557, col error: 0.000000
Starting Iterative Proportional Fitting (IPF)...
IPF converged at iteration 41
IPF row error: 25.316557, col error: 0.000000
IPF converged at iteration 65
IPF row error: 28.285880, col error: 0.000000
Starting Iterative Proportional Fitting (IPF)...
Starting Iterative Proportional Fitting (IPF)...
IPF converged at iteration 26
IPF row error: 26.154897, col error: 0.000000
Starting Iterative Proportional Fitting (IPF)...
IPF converged at iteration 41
IPF row error: 25.316557, col error: 0.000000
Starting Iterative Proportional Fitting (IPF)...
IPF converged at iteration 37
IPF row error: 28.181925, col error: 0.000000
Starting Iterative Proportional Fitting (IPF)...
IPF converged at iteration 51
IPF converged at iteration 41
IPF row error: 29.181029, col error: 0.000000
IPF row error: 25.316557, col error: 0.000000
Starting Iterative Proportional Fitting (IPF)...
Starting Iterative Proportional Fitting (IPF)...
IPF converged at iteration 41
IPF row error: 25.316557, col error: 0.000000
Starting Iterative Proportional Fitting (IPF)...
IPF converged at iteration 41
IPF row error: 25.316557, col error: 0.000000
Starting Iterative Proportional Fitting (IPF)...
IPF converged at iteration 39
IPF row error: 29.155123, col error: 0.000000
IPF converged at iteration 41
IPF row error: 25.316557, col error: 0.000000
Starting Iterative Proportional Fitting (IPF)...
Starting Iterative Proportional Fitting (IPF)...
IPF converged at iteration 49
IPF row error: 25.682418, col error: 0.000000
Starting Iterative Proportional Fitting (IPF)...
IPF converged at iteration 41
IPF row error: 25.316557, col error: 0.000000
IPF converged at iteration 31
Starting Iterative Proportional Fitting (IPF)...
IPF row error: 27.668898, col error: 0.000000
IPF converged at iteration 34
Starting Iterative Proportional Fitting (IPF)...
IPF row error: 25.848536, col error: 0.000000
Starting Iterative Proportional Fitting (IPF)...
IPF converged at iteration 41
IPF row error: 25.316557, col error: 0.000000
Starting Iterative Proportional Fitting (IPF)...
IPF converged at iteration 28
IPF row error: 24.283094, col error: 0.000000
Starting Iterative Proportional Fitting (IPF)...
IPF converged at iteration 29
IPF row error: 28.007218, col error: 0.000000
Starting Iterative Proportional Fitting (IPF)...
IPF converged at iteration 66
IPF row error: 26.312639, col error: 0.000000
IPF converged at iteration 41
Starting Iterative Proportional Fitting (IPF)...
IPF row error: 25.316557, col error: 0.000000
IPF converged at iteration 80
IPF row error: 26.658118, col error: 0.000000
  [2023/test] 진행 630/1750 (36.0%) | 누적 CPC 0.5061 | RMSE 547.2303 | %RMSE 11.6790 | 경과 12.4분 | 예상 남음 22.1분
Starting Iterative Proportional Fitting (IPF)...
Starting Iterative Proportional Fitting (IPF)...
IPF converged at iteration 30
IPF row error: 23.198962, col error: 0.000000
Starting Iterative Proportional Fitting (IPF)...
IPF converged at iteration 25
IPF row error: 27.494654, col error: 0.000000
Starting Iterative Proportional Fitting (IPF)...
IPF converged at iteration 25
IPF row error: 26.161214, col error: 0.000000
Starting Iterative Proportional Fitting (IPF)...
IPF converged at iteration 41
IPF row error: 25.316557, col error: 0.000000
Starting Iterative Proportional Fitting (IPF)...
IPF converged at iteration 31
IPF row error: 28.788799, col error: 0.000000
IPF converged at iteration 41
IPF row error: 25.316557, col error: 0.000000
Starting Iterative Proportional Fitting (IPF)...
Starting Iterative Proportional Fitting (IPF)...
IPF converged at iteration 41
IPF row error: 25.316557, col error: 0.000000
Starting Iterative Proportional Fitting (IPF)...
IPF converged at iteration 41
IPF row error: 25.316557, col error: 0.000000
Starting Iterative Proportional Fitting (IPF)...
IPF converged at iteration 41
IPF row error: 25.316557, col error: 0.000000
IPF converged at iteration 41
IPF row error: 25.316557, col error: 0.000000
Starting Iterative Proportional Fitting (IPF)...
Starting Iterative Proportional Fitting (IPF)...
IPF converged at iteration 41
IPF row error: 25.316557, col error: 0.000000
IPF converged at iteration 27
IPF row error: 24.786910, col error: 0.000000
Starting Iterative Proportional Fitting (IPF)...
Starting Iterative Proportional Fitting (IPF)...
IPF converged at iteration 25
IPF row error: 21.855564, col error: 0.000000
Starting Iterative Proportional Fitting (IPF)...
IPF converged at iteration 41
IPF row error: 25.316557, col error: 0.000000
Starting Iterative Proportional Fitting (IPF)...
IPF converged at iteration 50
IPF row error: 26.565931, col error: 0.000000
Starting Iterative Proportional Fitting (IPF)...
IPF converged at iteration 41
IPF converged at iteration 74
IPF row error: 25.316557, col error: 0.000000
IPF row error: 28.595165, col error: 0.000000
Starting Iterative Proportional Fitting (IPF)...
Starting Iterative Proportional Fitting (IPF)...
IPF converged at iteration 41
IPF row error: 25.316557, col error: 0.000000
Starting Iterative Proportional Fitting (IPF)...
IPF converged at iteration 30
IPF converged at iteration 34
IPF row error: 22.324279, col error: 0.000000
IPF row error: 23.898613, col error: 0.000000
Starting Iterative Proportional Fitting (IPF)...
Starting Iterative Proportional Fitting (IPF)...
IPF converged at iteration 34
IPF row error: 25.828934, col error: 0.000000
Starting Iterative Proportional Fitting (IPF)...
IPF converged at iteration 28
IPF row error: 22.023355, col error: 0.000000
IPF converged at iteration 26
IPF row error: 21.620292, col error: 0.000000
Starting Iterative Proportional Fitting (IPF)...
Starting Iterative Proportional Fitting (IPF)...
IPF converged at iteration 41
IPF row error: 25.806569, col error: 0.000000
Starting Iterative Proportional Fitting (IPF)...
IPF converged at iteration 41
IPF row error: 25.806569, col error: 0.000000
Starting Iterative Proportional Fitting (IPF)...
IPF converged at iteration 41
IPF row error: 25.806569, col error: 0.000000
Starting Iterative Proportional Fitting (IPF)...
IPF converged at iteration 43
IPF row error: 25.357529, col error: 0.000000
IPF converged at iteration 41
IPF row error: 25.806569, col error: 0.000000
Starting Iterative Proportional Fitting (IPF)...
Starting Iterative Proportional Fitting (IPF)...
IPF converged at iteration 41
IPF row error: 25.806569, col error: 0.000000
Starting Iterative Proportional Fitting (IPF)...
IPF converged at iteration 25
IPF row error: 22.519777, col error: 0.000000
  [2023/test] 진행 660/1750 (37.7%) | 누적 CPC 0.5078 | RMSE 552.9936 | %RMSE 11.6278 | 경과 13.0분 | 예상 남음 21.4분
IPF converged at iteration 25
IPF row error: 27.235090, col error: 0.000000
Starting Iterative Proportional Fitting (IPF)...
Starting Iterative Proportional Fitting (IPF)...
IPF converged at iteration 41
IPF row error: 25.806569, col error: 0.000000
IPF converged at iteration 25
Starting Iterative Proportional Fitting (IPF)...
IPF row error: 28.483306, col error: 0.000000
IPF converged at iteration 60
IPF row error: 26.862813, col error: 0.000000
Starting Iterative Proportional Fitting (IPF)...
Starting Iterative Proportional Fitting (IPF)...
IPF converged at iteration 41
IPF row error: 25.806569, col error: 0.000000
Starting Iterative Proportional Fitting (IPF)...
IPF converged at iteration 27
IPF row error: 21.477081, col error: 0.000000
Starting Iterative Proportional Fitting (IPF)...
IPF converged at iteration 41
IPF row error: 25.806569, col error: 0.000000
Starting Iterative Proportional Fitting (IPF)...
IPF converged at iteration 37
IPF row error: 28.227591, col error: 0.000000
Starting Iterative Proportional Fitting (IPF)...
IPF converged at iteration 37
IPF row error: 26.052550, col error: 0.000000
Starting Iterative Proportional Fitting (IPF)...
IPF converged at iteration 41
IPF row error: 25.806569, col error: 0.000000
Starting Iterative Proportional Fitting (IPF)...
IPF converged at iteration 30
IPF row error: 22.774840, col error: 0.000000
IPF converged at iteration 40
IPF row error: 27.920418, col error: 0.000000
Starting Iterative Proportional Fitting (IPF)...
Starting Iterative Proportional Fitting (IPF)...
IPF converged at iteration 28
IPF row error: 28.120618, col error: 0.000000
IPF converged at iteration 41
IPF row error: 25.806569, col error: 0.000000
Starting Iterative Proportional Fitting (IPF)...
Starting Iterative Proportional Fitting (IPF)...
IPF converged at iteration 32
IPF row error: 22.966251, col error: 0.000000
Starting Iterative Proportional Fitting (IPF)...
IPF converged at iteration 41
IPF row error: 25.806569, col error: 0.000000
Starting Iterative Proportional Fitting (IPF)...
IPF converged at iteration 41
IPF converged at iteration 40
IPF row error: 25.806569, col error: 0.000000
IPF row error: 24.745603, col error: 0.000000
Starting Iterative Proportional Fitting (IPF)...
Starting Iterative Proportional Fitting (IPF)...
IPF converged at iteration 58
IPF row error: 28.325001, col error: 0.000000
Starting Iterative Proportional Fitting (IPF)...
IPF converged at iteration 41
IPF row error: 25.806569, col error: 0.000000
Starting Iterative Proportional Fitting (IPF)...
IPF converged at iteration 27
IPF row error: 25.068392, col error: 0.000000
Starting Iterative Proportional Fitting (IPF)...
IPF converged at iteration 82
IPF row error: 28.660538, col error: 0.000000
Starting Iterative Proportional Fitting (IPF)...
IPF converged at iteration 26
IPF row error: 24.886126, col error: 0.000000
IPF converged at iteration 71
IPF row error: 27.273167, col error: 0.000000
Starting Iterative Proportional Fitting (IPF)...
Starting Iterative Proportional Fitting (IPF)...
IPF converged at iteration 46
IPF row error: 26.924277, col error: 0.000000
IPF converged at iteration 38
IPF row error: 26.135686, col error: 0.000000
Starting Iterative Proportional Fitting (IPF)...
Starting Iterative Proportional Fitting (IPF)...
IPF converged at iteration 63
IPF row error: 28.862192, col error: 0.000000
Starting Iterative Proportional Fitting (IPF)...
IPF converged at iteration 48
IPF row error: 25.532370, col error: 0.000000
Starting Iterative Proportional Fitting (IPF)...
IPF converged at iteration 41
IPF row error: 25.806569, col error: 0.000000
IPF converged at iteration 41
IPF row error: 25.806569, col error: 0.000000
  [2023/test] 진행 690/1750 (39.4%) | 누적 CPC 0.5083 | RMSE 580.9258 | %RMSE 11.8020 | 경과 13.8분 | 예상 남음 21.1분
Starting Iterative Proportional Fitting (IPF)...
IPF converged at iteration 30
Starting Iterative Proportional Fitting (IPF)...
IPF row error: 25.032333, col error: 0.000000
Starting Iterative Proportional Fitting (IPF)...
IPF converged at iteration 26
IPF row error: 21.639434, col error: 0.000000
Starting Iterative Proportional Fitting (IPF)...
IPF converged at iteration 27
IPF row error: 23.116871, col error: 0.000000
Starting Iterative Proportional Fitting (IPF)...
IPF converged at iteration 41
IPF row error: 25.806569, col error: 0.000000
Starting Iterative Proportional Fitting (IPF)...
IPF converged at iteration 83
IPF row error: 27.282248, col error: 0.000000
Starting Iterative Proportional Fitting (IPF)...
IPF converged at iteration 41
IPF row error: 25.806569, col error: 0.000000
Starting Iterative Proportional Fitting (IPF)...
IPF converged at iteration 26
IPF row error: 23.773210, col error: 0.000000
Starting Iterative Proportional Fitting (IPF)...
IPF converged at iteration 41
IPF row error: 25.806569, col error: 0.000000
Starting Iterative Proportional Fitting (IPF)...
IPF converged at iteration 74
IPF row error: 26.925826, col error: 0.000000
Starting Iterative Proportional Fitting (IPF)...
IPF converged at iteration 41
IPF row error: 25.806569, col error: 0.000000
Starting Iterative Proportional Fitting (IPF)...
IPF converged at iteration 83
IPF row error: 28.857920, col error: 0.000000
Starting Iterative Proportional Fitting (IPF)...
IPF converged at iteration 51
IPF row error: 27.707865, col error: 0.000000
Starting Iterative Proportional Fitting (IPF)...
IPF converged at iteration 89
IPF row error: 27.228490, col error: 0.000000
Starting Iterative Proportional Fitting (IPF)...
IPF converged at iteration 89
IPF row error: 28.464614, col error: 0.000000
Starting Iterative Proportional Fitting (IPF)...
IPF converged at iteration 35
IPF row error: 26.204571, col error: 0.000000
Starting Iterative Proportional Fitting (IPF)...
IPF converged at iteration 97
IPF row error: 28.252935, col error: 0.000000
Starting Iterative Proportional Fitting (IPF)...
IPF converged at iteration 89
IPF row error: 28.614956, col error: 0.000000
Starting Iterative Proportional Fitting (IPF)...
IPF converged at iteration 71
IPF row error: 27.201811, col error: 0.000000
Starting Iterative Proportional Fitting (IPF)...
IPF converged at iteration 31
IPF row error: 25.025608, col error: 0.000000
Starting Iterative Proportional Fitting (IPF)...
IPF converged at iteration 97
IPF row error: 27.471128, col error: 0.000000
Starting Iterative Proportional Fitting (IPF)...
IPF converged at iteration 25
IPF row error: 28.975910, col error: 0.000000
Starting Iterative Proportional Fitting (IPF)...
IPF converged at iteration 89
IPF row error: 27.981661, col error: 0.000000
Starting Iterative Proportional Fitting (IPF)...
IPF converged at iteration 97
IPF row error: 28.051962, col error: 0.000000
Starting Iterative Proportional Fitting (IPF)...
IPF converged at iteration 89
IPF row error: 28.063216, col error: 0.000000
Starting Iterative Proportional Fitting (IPF)...
IPF converged at iteration 27
IPF row error: 24.529944, col error: 0.000000
Starting Iterative Proportional Fitting (IPF)...
IPF converged at iteration 89
IPF row error: 27.537914, col error: 0.000000
Starting Iterative Proportional Fitting (IPF)...
IPF converged at iteration 31
IPF row error: 22.644124, col error: 0.000000
Starting Iterative Proportional Fitting (IPF)...
IPF converged at iteration 89
IPF row error: 27.228532, col error: 0.000000
Starting Iterative Proportional Fitting (IPF)...
IPF converged at iteration 89
IPF row error: 28.918560, col error: 0.000000
Starting Iterative Proportional Fitting (IPF)...
IPF converged at iteration 33
IPF row error: 25.343250, col error: 0.000000
  [2023/test] 진행 720/1750 (41.1%) | 누적 CPC 0.5011 | RMSE 617.1613 | %RMSE 11.9437 | 경과 14.6분 | 예상 남음 20.9분
Starting Iterative Proportional Fitting (IPF)...
IPF converged at iteration 88
IPF row error: 28.386270, col error: 0.000000
Starting Iterative Proportional Fitting (IPF)...
IPF converged at iteration 89
IPF row error: 28.614956, col error: 0.000000
IPF converged at iteration 52
Starting Iterative Proportional Fitting (IPF)...
IPF row error: 26.094000, col error: 0.000000
Starting Iterative Proportional Fitting (IPF)...
IPF converged at iteration 27
IPF row error: 27.815400, col error: 0.000000
Starting Iterative Proportional Fitting (IPF)...
IPF converged at iteration 27
IPF row error: 26.578610, col error: 0.000000
Starting Iterative Proportional Fitting (IPF)...
IPF converged at iteration 97
IPF row error: 27.471128, col error: 0.000000
Starting Iterative Proportional Fitting (IPF)...
IPF converged at iteration 27
IPF row error: 27.012751, col error: 0.000000
Starting Iterative Proportional Fitting (IPF)...
IPF converged at iteration 97
IPF row error: 28.904433, col error: 0.000000
Starting Iterative Proportional Fitting (IPF)...
IPF converged at iteration 97
IPF row error: 29.213132, col error: 0.000000
Starting Iterative Proportional Fitting (IPF)...
IPF converged at iteration 88
IPF row error: 29.133251, col error: 0.000000
Starting Iterative Proportional Fitting (IPF)...
IPF converged at iteration 89
IPF row error: 27.766823, col error: 0.000000
Starting Iterative Proportional Fitting (IPF)...
IPF converged at iteration 88
IPF row error: 27.823442, col error: 0.000000
Starting Iterative Proportional Fitting (IPF)...
IPF converged at iteration 88
IPF row error: 28.386270, col error: 0.000000
IPF converged at iteration 26
Starting Iterative Proportional Fitting (IPF)...
IPF row error: 21.960114, col error: 0.000000
Starting Iterative Proportional Fitting (IPF)...
IPF converged at iteration 89
IPF row error: 27.228532, col error: 0.000000
Starting Iterative Proportional Fitting (IPF)...
IPF converged at iteration 28
IPF row error: 25.071063, col error: 0.000000
Starting Iterative Proportional Fitting (IPF)...
IPF converged at iteration 29
IPF row error: 27.079114, col error: 0.000000
Starting Iterative Proportional Fitting (IPF)...
IPF converged at iteration 89
IPF row error: 27.548143, col error: 0.000000
Starting Iterative Proportional Fitting (IPF)...
IPF converged at iteration 97
IPF row error: 29.134306, col error: 0.000000
Starting Iterative Proportional Fitting (IPF)...
IPF converged at iteration 88
IPF row error: 27.823442, col error: 0.000000
Starting Iterative Proportional Fitting (IPF)...
IPF converged at iteration 92
IPF row error: 28.661443, col error: 0.000000
Starting Iterative Proportional Fitting (IPF)...
IPF converged at iteration 89
IPF converged at iteration 28
IPF row error: 28.433464, col error: 0.000000
IPF row error: 22.597190, col error: 0.000000
Starting Iterative Proportional Fitting (IPF)...
Starting Iterative Proportional Fitting (IPF)...
IPF converged at iteration 89
IPF row error: 27.548125, col error: 0.000000
IPF converged at iteration 26
IPF row error: 27.432241, col error: 0.000000
Starting Iterative Proportional Fitting (IPF)...
Starting Iterative Proportional Fitting (IPF)...
IPF converged at iteration 89
IPF row error: 28.613333, col error: 0.000000
Starting Iterative Proportional Fitting (IPF)...
IPF converged at iteration 57
IPF row error: 26.301042, col error: 0.000000
Starting Iterative Proportional Fitting (IPF)...
IPF converged at iteration 97
IPF row error: 29.213132, col error: 0.000000
Starting Iterative Proportional Fitting (IPF)...
IPF converged at iteration 25
IPF row error: 24.464930, col error: 0.000000
Starting Iterative Proportional Fitting (IPF)...
IPF converged at iteration 89
IPF row error: 27.537914, col error: 0.000000
  [2023/test] 진행 750/1750 (42.9%) | 누적 CPC 0.4909 | RMSE 655.1917 | %RMSE 12.0648 | 경과 15.6분 | 예상 남음 20.8분
Starting Iterative Proportional Fitting (IPF)...
IPF converged at iteration 89
IPF row error: 28.618619, col error: 0.000000
Starting Iterative Proportional Fitting (IPF)...
IPF converged at iteration 25
IPF row error: 25.569916, col error: 0.000000
Starting Iterative Proportional Fitting (IPF)...
IPF converged at iteration 69
IPF row error: 26.571413, col error: 0.000000
Starting Iterative Proportional Fitting (IPF)...
IPF converged at iteration 87
IPF row error: 28.471427, col error: 0.000000
Starting Iterative Proportional Fitting (IPF)...
IPF converged at iteration 97
IPF row error: 29.064103, col error: 0.000000
Starting Iterative Proportional Fitting (IPF)...
IPF converged at iteration 88
IPF row error: 27.998903, col error: 0.000000
IPF converged at iteration 71
IPF row error: 28.383506, col error: 0.000000
Starting Iterative Proportional Fitting (IPF)...
Starting Iterative Proportional Fitting (IPF)...
IPF converged at iteration 32
IPF row error: 24.318865, col error: 0.000000
Starting Iterative Proportional Fitting (IPF)...
IPF converged at iteration 88
IPF row error: 27.853410, col error: 0.000000
Starting Iterative Proportional Fitting (IPF)...
IPF converged at iteration 84
IPF row error: 27.753417, col error: 0.000000
IPF converged at iteration 88
IPF row error: 28.589277, col error: 0.000000
Starting Iterative Proportional Fitting (IPF)...
IPF converged at iteration 34
Starting Iterative Proportional Fitting (IPF)...
IPF row error: 26.987622, col error: 0.000000
Starting Iterative Proportional Fitting (IPF)...
IPF converged at iteration 88
IPF converged at iteration 26
IPF row error: 28.589277, col error: 0.000000
IPF row error: 21.176633, col error: 0.000000
Starting Iterative Proportional Fitting (IPF)...
Starting Iterative Proportional Fitting (IPF)...
IPF converged at iteration 28
IPF converged at iteration 36
IPF row error: 25.282904, col error: 0.000000
IPF row error: 28.557480, col error: 0.000000
Starting Iterative Proportional Fitting (IPF)...
Starting Iterative Proportional Fitting (IPF)...
IPF converged at iteration 61
IPF row error: 28.375800, col error: 0.000000
Starting Iterative Proportional Fitting (IPF)...
IPF converged at iteration 87
IPF row error: 28.436460, col error: 0.000000
Starting Iterative Proportional Fitting (IPF)...
IPF converged at iteration 26
IPF row error: 27.600293, col error: 0.000000
IPF converged at iteration 87
IPF converged at iteration 87
IPF row error: 28.471427, col error: 0.000000
IPF row error: 28.228676, col error: 0.000000
Starting Iterative Proportional Fitting (IPF)...
Starting Iterative Proportional Fitting (IPF)...
Starting Iterative Proportional Fitting (IPF)...
IPF converged at iteration 26
IPF converged at iteration 27
IPF row error: 26.533179, col error: 0.000000
IPF row error: 21.933495, col error: 0.000000
Starting Iterative Proportional Fitting (IPF)...Starting Iterative Proportional Fitting (IPF)...

IPF converged at iteration 88
IPF row error: 29.027513, col error: 0.000000
Starting Iterative Proportional Fitting (IPF)...
IPF converged at iteration 87
IPF row error: 28.443234, col error: 0.000000
Starting Iterative Proportional Fitting (IPF)...
IPF converged at iteration 26
IPF row error: 22.166350, col error: 0.000000
Starting Iterative Proportional Fitting (IPF)...
IPF converged at iteration 28
IPF row error: 22.123518, col error: 0.000000
IPF converged at iteration 88
IPF row error: 26.832825, col error: 0.000000
Starting Iterative Proportional Fitting (IPF)...
Starting Iterative Proportional Fitting (IPF)...
IPF converged at iteration 96
IPF row error: 27.259020, col error: 0.000000
Starting Iterative Proportional Fitting (IPF)...
IPF converged at iteration 28
IPF row error: 24.824026, col error: 0.000000
  [2023/test] 진행 780/1750 (44.6%) | 누적 CPC 0.4798 | RMSE 672.3243 | %RMSE 12.0793 | 경과 16.4분 | 예상 남음 20.4분
Starting Iterative Proportional Fitting (IPF)...
IPF converged at iteration 26
IPF row error: 21.399365, col error: 0.000000
Starting Iterative Proportional Fitting (IPF)...
IPF converged at iteration 26
IPF row error: 24.319152, col error: 0.000000
Starting Iterative Proportional Fitting (IPF)...
IPF converged at iteration 27
IPF row error: 28.805138, col error: 0.000000
Starting Iterative Proportional Fitting (IPF)...
IPF converged at iteration 76
IPF row error: 28.807391, col error: 0.000000
Starting Iterative Proportional Fitting (IPF)...
IPF converged at iteration 91
IPF row error: 27.842388, col error: 0.000000
Starting Iterative Proportional Fitting (IPF)...
IPF converged at iteration 43
IPF row error: 29.184455, col error: 0.000000
Starting Iterative Proportional Fitting (IPF)...
IPF converged at iteration 27
IPF row error: 23.193810, col error: 0.000000
Starting Iterative Proportional Fitting (IPF)...
IPF converged at iteration 27
IPF row error: 21.983884, col error: 0.000000
IPF converged at iteration 87
IPF row error: 28.355091, col error: 0.000000
Starting Iterative Proportional Fitting (IPF)...
Starting Iterative Proportional Fitting (IPF)...
IPF converged at iteration 26
IPF row error: 23.657216, col error: 0.000000
Starting Iterative Proportional Fitting (IPF)...
IPF converged at iteration 28
IPF row error: 22.607918, col error: 0.000000
IPF converged at iteration 26
IPF row error: 24.809156, col error: 0.000000
Starting Iterative Proportional Fitting (IPF)...
Starting Iterative Proportional Fitting (IPF)...
IPF converged at iteration 96
IPF row error: 27.733428, col error: 0.000000
Starting Iterative Proportional Fitting (IPF)...
IPF converged at iteration 88
IPF row error: 28.413173, col error: 0.000000
Starting Iterative Proportional Fitting (IPF)...
IPF converged at iteration 88
IPF row error: 29.027513, col error: 0.000000
Starting Iterative Proportional Fitting (IPF)...
IPF converged at iteration 97
IPF row error: 29.064103, col error: 0.000000
Starting Iterative Proportional Fitting (IPF)...
IPF converged at iteration 88
IPF row error: 27.998903, col error: 0.000000
Starting Iterative Proportional Fitting (IPF)...
IPF converged at iteration 32
IPF row error: 34.236093, col error: 0.000000
Starting Iterative Proportional Fitting (IPF)...
IPF converged at iteration 26
IPF row error: 22.646244, col error: 0.000000
Starting Iterative Proportional Fitting (IPF)...
IPF converged at iteration 87
IPF row error: 28.228676, col error: 0.000000
Starting Iterative Proportional Fitting (IPF)...
IPF converged at iteration 88
IPF row error: 28.413160, col error: 0.000000
Starting Iterative Proportional Fitting (IPF)...
IPF converged at iteration 83
IPF row error: 27.141456, col error: 0.000000
Starting Iterative Proportional Fitting (IPF)...
IPF converged at iteration 24
IPF row error: 27.382402, col error: 0.000000
Starting Iterative Proportional Fitting (IPF)...
IPF converged at iteration 90
IPF row error: 28.875889, col error: 0.000000
IPF converged at iteration 90
IPF row error: 27.888238, col error: 0.000000
Starting Iterative Proportional Fitting (IPF)...
IPF converged at iteration 27
Starting Iterative Proportional Fitting (IPF)...
IPF row error: 25.133883, col error: 0.000000
Starting Iterative Proportional Fitting (IPF)...
IPF converged at iteration 31
IPF row error: 22.797017, col error: 0.000000
Starting Iterative Proportional Fitting (IPF)...
IPF converged at iteration 94
IPF row error: 27.530491, col error: 0.000000
IPF converged at iteration 79
IPF row error: 28.528114, col error: 0.000000
Starting Iterative Proportional Fitting (IPF)...
Starting Iterative Proportional Fitting (IPF)...
IPF converged at iteration 93
IPF row error: 29.032226, col error: 0.000000
  [2023/test] 진행 810/1750 (46.3%) | 누적 CPC 0.4693 | RMSE 684.2965 | %RMSE 12.1445 | 경과 17.2분 | 예상 남음 19.9분
Starting Iterative Proportional Fitting (IPF)...
IPF converged at iteration 26
IPF row error: 23.836587, col error: 0.000000
Starting Iterative Proportional Fitting (IPF)...
IPF converged at iteration 39
IPF row error: 27.791237, col error: 0.000000
Starting Iterative Proportional Fitting (IPF)...
IPF converged at iteration 86
IPF row error: 27.186406, col error: 0.000000
Starting Iterative Proportional Fitting (IPF)...
IPF converged at iteration 36
IPF row error: 25.467133, col error: 0.000000
Starting Iterative Proportional Fitting (IPF)...
IPF converged at iteration 25
IPF row error: 26.883101, col error: 0.000000
Starting Iterative Proportional Fitting (IPF)...
IPF converged at iteration 26
IPF row error: 22.906072, col error: 0.000000
Starting Iterative Proportional Fitting (IPF)...
IPF converged at iteration 90
IPF row error: 28.082266, col error: 0.000000
Starting Iterative Proportional Fitting (IPF)...
IPF converged at iteration 90
IPF row error: 28.118845, col error: 0.000000
Starting Iterative Proportional Fitting (IPF)...
IPF converged at iteration 90
IPF row error: 27.888179, col error: 0.000000
IPF converged at iteration 99
IPF row error: 27.867485, col error: 0.000000
Starting Iterative Proportional Fitting (IPF)...
Starting Iterative Proportional Fitting (IPF)...
IPF converged at iteration 30
IPF row error: 23.124717, col error: 0.000000
Starting Iterative Proportional Fitting (IPF)...
IPF converged at iteration 86
IPF row error: 27.937119, col error: 0.000000
Starting Iterative Proportional Fitting (IPF)...
IPF converged at iteration 32
IPF row error: 23.601164, col error: 0.000000
Starting Iterative Proportional Fitting (IPF)...
IPF converged at iteration 46
IPF row error: 28.760475, col error: 0.000000
Starting Iterative Proportional Fitting (IPF)...
IPF converged at iteration 54
IPF row error: 28.093929, col error: 0.000000
Starting Iterative Proportional Fitting (IPF)...
IPF converged at iteration 26
IPF row error: 23.887161, col error: 0.000000
IPF converged at iteration 32
IPF row error: 23.299637, col error: 0.000000
Starting Iterative Proportional Fitting (IPF)...
Starting Iterative Proportional Fitting (IPF)...
IPF converged at iteration 90
IPF row error: 28.118994, col error: 0.000000
Starting Iterative Proportional Fitting (IPF)...
IPF converged at iteration 99
IPF row error: 27.499638, col error: 0.000000
Starting Iterative Proportional Fitting (IPF)...
IPF converged at iteration 86
IPF row error: 27.734967, col error: 0.000000
Starting Iterative Proportional Fitting (IPF)...
IPF converged at iteration 99
IPF row error: 28.102581, col error: 0.000000
IPF converged at iteration 39
IPF row error: 27.142700, col error: 0.000000
Starting Iterative Proportional Fitting (IPF)...
Starting Iterative Proportional Fitting (IPF)...
IPF converged at iteration 25
IPF row error: 27.522139, col error: 0.000000
Starting Iterative Proportional Fitting (IPF)...
IPF converged at iteration 99
IPF row error: 28.506947, col error: 0.000000
Starting Iterative Proportional Fitting (IPF)...
IPF converged at iteration 25
IPF row error: 23.130409, col error: 0.000000
Starting Iterative Proportional Fitting (IPF)...
IPF converged at iteration 93
IPF row error: 29.032226, col error: 0.000000
Starting Iterative Proportional Fitting (IPF)...
IPF converged at iteration 90
IPF row error: 28.639774, col error: 0.000000
Starting Iterative Proportional Fitting (IPF)...
IPF converged at iteration 26
IPF converged at iteration 45
IPF row error: 23.557428, col error: 0.000000
IPF row error: 25.156884, col error: 0.000000
IPF converged at iteration 90
IPF row error: 27.888179, col error: 0.000000
  [2023/test] 진행 840/1750 (48.0%) | 누적 CPC 0.4598 | RMSE 689.7066 | %RMSE 12.3171 | 경과 18.0분 | 예상 남음 19.5분
Starting Iterative Proportional Fitting (IPF)...
Starting Iterative Proportional Fitting (IPF)...
Starting Iterative Proportional Fitting (IPF)...
IPF converged at iteration 26
IPF row error: 21.565349, col error: 0.000000
Starting Iterative Proportional Fitting (IPF)...
IPF converged at iteration 83
IPF row error: 27.139819, col error: 0.000000
Starting Iterative Proportional Fitting (IPF)...
IPF converged at iteration 90
IPF row error: 28.118845, col error: 0.000000
IPF converged at iteration 91
Starting Iterative Proportional Fitting (IPF)...IPF row error: 27.062467, col error: 0.000000

Starting Iterative Proportional Fitting (IPF)...
IPF converged at iteration 90
IPF row error: 28.576825, col error: 0.000000
Starting Iterative Proportional Fitting (IPF)...
IPF converged at iteration 99
IPF row error: 28.194727, col error: 0.000000
Starting Iterative Proportional Fitting (IPF)...
IPF converged at iteration 67
IPF row error: 28.655329, col error: 0.000000
Starting Iterative Proportional Fitting (IPF)...
IPF converged at iteration 90
IPF row error: 28.875889, col error: 0.000000
Starting Iterative Proportional Fitting (IPF)...
IPF converged at iteration 99
IPF row error: 28.194727, col error: 0.000000
Starting Iterative Proportional Fitting (IPF)...
IPF converged at iteration 94
IPF row error: 27.530491, col error: 0.000000
Starting Iterative Proportional Fitting (IPF)...
IPF converged at iteration 90
IPF row error: 29.075569, col error: 0.000000
Starting Iterative Proportional Fitting (IPF)...
IPF converged at iteration 34
IPF row error: 23.960995, col error: 0.000000
Starting Iterative Proportional Fitting (IPF)...
IPF converged at iteration 27
IPF row error: 26.417134, col error: 0.000000
Starting Iterative Proportional Fitting (IPF)...
IPF converged at iteration 98
IPF row error: 27.321523, col error: 0.000000
IPF converged at iteration 33
IPF row error: 28.197717, col error: 0.000000
Starting Iterative Proportional Fitting (IPF)...
Starting Iterative Proportional Fitting (IPF)...
IPF converged at iteration 25
IPF row error: 27.404598, col error: 0.000000
IPF converged at iteration 36
IPF row error: 27.606457, col error: 0.000000
Starting Iterative Proportional Fitting (IPF)...
Starting Iterative Proportional Fitting (IPF)...
IPF converged at iteration 80
IPF row error: 28.368478, col error: 0.000000
IPF converged at iteration 27
Starting Iterative Proportional Fitting (IPF)...
IPF row error: 21.602231, col error: 0.000000
Starting Iterative Proportional Fitting (IPF)...
IPF converged at iteration 37
IPF row error: 23.963963, col error: 0.000000
Starting Iterative Proportional Fitting (IPF)...
IPF converged at iteration 26
IPF row error: 22.900750, col error: 0.000000
Starting Iterative Proportional Fitting (IPF)...
IPF converged at iteration 98
IPF row error: 27.796714, col error: 0.000000
Starting Iterative Proportional Fitting (IPF)...
IPF converged at iteration 44
IPF row error: 25.954331, col error: 0.000000
IPF converged at iteration 28
IPF row error: 22.565806, col error: 0.000000
Starting Iterative Proportional Fitting (IPF)...
Starting Iterative Proportional Fitting (IPF)...
IPF converged at iteration 25
IPF row error: 26.644867, col error: 0.000000
Starting Iterative Proportional Fitting (IPF)...
IPF converged at iteration 28
IPF row error: 27.853986, col error: 0.000000
IPF converged at iteration 90
IPF row error: 28.719364, col error: 0.000000
Starting Iterative Proportional Fitting (IPF)...
Starting Iterative Proportional Fitting (IPF)...
IPF converged at iteration 27
IPF row error: 22.318569, col error: 0.000000
Starting Iterative Proportional Fitting (IPF)...
IPF converged at iteration 36
IPF converged at iteration 46
IPF row error: 24.689893, col error: 0.000000
IPF row error: 24.908941, col error: 0.000000
  [2023/test] 진행 870/1750 (49.7%) | 누적 CPC 0.4511 | RMSE 683.0758 | %RMSE 12.3313 | 경과 18.9분 | 예상 남음 19.1분
Starting Iterative Proportional Fitting (IPF)...
Starting Iterative Proportional Fitting (IPF)...
IPF converged at iteration 90
IPF row error: 27.846962, col error: 0.000000
Starting Iterative Proportional Fitting (IPF)...
IPF converged at iteration 98
IPF row error: 27.639880, col error: 0.000000
Starting Iterative Proportional Fitting (IPF)...
IPF converged at iteration 51
IPF row error: 25.647610, col error: 0.000000
Starting Iterative Proportional Fitting (IPF)...
IPF converged at iteration 90
IPF converged at iteration 90
IPF row error: 27.741417, col error: 0.000000
IPF row error: 29.036423, col error: 0.000000
Starting Iterative Proportional Fitting (IPF)...
Starting Iterative Proportional Fitting (IPF)...
IPF converged at iteration 34
IPF row error: 27.733612, col error: 0.000000
Starting Iterative Proportional Fitting (IPF)...
IPF converged at iteration 27
IPF row error: 23.968342, col error: 0.000000
Starting Iterative Proportional Fitting (IPF)...
IPF converged at iteration 90
IPF row error: 28.871468, col error: 0.000000
Starting Iterative Proportional Fitting (IPF)...
IPF converged at iteration 90
IPF row error: 27.941747, col error: 0.000000
Starting Iterative Proportional Fitting (IPF)...
IPF converged at iteration 98
IPF row error: 27.648776, col error: 0.000000
Starting Iterative Proportional Fitting (IPF)...
IPF converged at iteration 90
IPF row error: 28.743939, col error: 0.000000
Starting Iterative Proportional Fitting (IPF)...
IPF converged at iteration 91
IPF row error: 27.171541, col error: 0.000000
Starting Iterative Proportional Fitting (IPF)...
IPF converged at iteration 28
IPF row error: 22.326468, col error: 0.000000
Starting Iterative Proportional Fitting (IPF)...
IPF converged at iteration 28
IPF row error: 25.886635, col error: 0.000000
Starting Iterative Proportional Fitting (IPF)...
IPF converged at iteration 84
IPF row error: 29.135932, col error: 0.000000
Starting Iterative Proportional Fitting (IPF)...
IPF converged at iteration 98
IPF row error: 27.321523, col error: 0.000000
IPF converged at iteration 27
IPF row error: 25.616083, col error: 0.000000
Starting Iterative Proportional Fitting (IPF)...
Starting Iterative Proportional Fitting (IPF)...
IPF converged at iteration 98
IPF row error: 27.648776, col error: 0.000000
Starting Iterative Proportional Fitting (IPF)...
IPF converged at iteration 98
IPF row error: 27.796714, col error: 0.000000
Starting Iterative Proportional Fitting (IPF)...
IPF converged at iteration 78
IPF row error: 28.293222, col error: 0.000000
Starting Iterative Proportional Fitting (IPF)...
IPF converged at iteration 98
IPF row error: 27.639880, col error: 0.000000
Starting Iterative Proportional Fitting (IPF)...
IPF converged at iteration 25
IPF row error: 24.562086, col error: 0.000000
Starting Iterative Proportional Fitting (IPF)...
IPF converged at iteration 66
IPF row error: 28.240947, col error: 0.000000
IPF converged at iteration 27
Starting Iterative Proportional Fitting (IPF)...
IPF row error: 24.925177, col error: 0.000000
Starting Iterative Proportional Fitting (IPF)...
IPF converged at iteration 98
IPF row error: 27.393038, col error: 0.000000
Starting Iterative Proportional Fitting (IPF)...
IPF converged at iteration 59
IPF row error: 28.120461, col error: 0.000000
Starting Iterative Proportional Fitting (IPF)...
IPF converged at iteration 73
IPF row error: 26.494139, col error: 0.000000
Starting Iterative Proportional Fitting (IPF)...
IPF converged at iteration 90
IPF row error: 27.990591, col error: 0.000000
Starting Iterative Proportional Fitting (IPF)...
IPF converged at iteration 98
IPF row error: 27.639880, col error: 0.000000
Starting Iterative Proportional Fitting (IPF)...
IPF converged at iteration 93
IPF row error: 28.475488, col error: 0.000000
  [2023/test] 진행 900/1750 (51.4%) | 누적 CPC 0.4434 | RMSE 672.5692 | %RMSE 12.3089 | 경과 19.8분 | 예상 남음 18.7분
Starting Iterative Proportional Fitting (IPF)...
IPF converged at iteration 50
IPF row error: 27.220520, col error: 0.000000
Starting Iterative Proportional Fitting (IPF)...
IPF converged at iteration 91
IPF row error: 28.041835, col error: 0.000000
Starting Iterative Proportional Fitting (IPF)...
IPF converged at iteration 91
IPF row error: 27.653513, col error: 0.000000
Starting Iterative Proportional Fitting (IPF)...
IPF converged at iteration 86
IPF row error: 28.983736, col error: 0.000000
Starting Iterative Proportional Fitting (IPF)...
IPF converged at iteration 40
IPF converged at iteration 90
IPF row error: 27.857427, col error: 0.000000
IPF row error: 29.190908, col error: 0.000000
Starting Iterative Proportional Fitting (IPF)...
Starting Iterative Proportional Fitting (IPF)...
IPF converged at iteration 91
IPF row error: 27.658989, col error: 0.000000
Starting Iterative Proportional Fitting (IPF)...
IPF converged at iteration 91
IPF row error: 28.305844, col error: 0.000000
Starting Iterative Proportional Fitting (IPF)...
IPF converged at iteration 84
IPF row error: 27.458635, col error: 0.000000
Starting Iterative Proportional Fitting (IPF)...
IPF converged at iteration 91
IPF row error: 27.650253, col error: 0.000000
Starting Iterative Proportional Fitting (IPF)...
IPF converged at iteration 28
IPF row error: 23.234416, col error: 0.000000
Starting Iterative Proportional Fitting (IPF)...
IPF converged at iteration 84
IPF row error: 27.561918, col error: 0.000000
Starting Iterative Proportional Fitting (IPF)...
IPF converged at iteration 31
IPF row error: 25.852579, col error: 0.000000
IPF converged at iteration 26
IPF row error: 24.842966, col error: 0.000000
Starting Iterative Proportional Fitting (IPF)...
Starting Iterative Proportional Fitting (IPF)...
IPF converged at iteration 91
IPF row error: 27.649232, col error: 0.000000
Starting Iterative Proportional Fitting (IPF)...
IPF converged at iteration 91
IPF row error: 29.052784, col error: 0.000000
Starting Iterative Proportional Fitting (IPF)...
IPF converged at iteration 90
IPF row error: 29.188887, col error: 0.000000
IPF converged at iteration 91
IPF row error: 28.544189, col error: 0.000000
Starting Iterative Proportional Fitting (IPF)...
Starting Iterative Proportional Fitting (IPF)...
IPF converged at iteration 46
IPF row error: 28.090726, col error: 0.000000
Starting Iterative Proportional Fitting (IPF)...
IPF converged at iteration 91
IPF row error: 27.516913, col error: 0.000000
Starting Iterative Proportional Fitting (IPF)...
IPF converged at iteration 26
IPF row error: 25.571067, col error: 0.000000
Starting Iterative Proportional Fitting (IPF)...
IPF converged at iteration 91
IPF row error: 28.386022, col error: 0.000000
IPF converged at iteration 91
IPF row error: 27.554842, col error: 0.000000
Starting Iterative Proportional Fitting (IPF)...
IPF converged at iteration 45
IPF row error: 24.792870, col error: 0.000000
Starting Iterative Proportional Fitting (IPF)...
Starting Iterative Proportional Fitting (IPF)...
IPF converged at iteration 25
IPF row error: 21.859853, col error: 0.000000
Starting Iterative Proportional Fitting (IPF)...
IPF converged at iteration 26
IPF row error: 28.733605, col error: 0.000000
Starting Iterative Proportional Fitting (IPF)...
IPF converged at iteration 91
IPF row error: 27.669808, col error: 0.000000
Starting Iterative Proportional Fitting (IPF)...
IPF converged at iteration 91
IPF row error: 28.463612, col error: 0.000000
IPF converged at iteration 99
IPF row error: 28.091067, col error: 0.000000
Starting Iterative Proportional Fitting (IPF)...
Starting Iterative Proportional Fitting (IPF)...
IPF converged at iteration 46
IPF row error: 28.086490, col error: 0.000000
  [2023/test] 진행 930/1750 (53.1%) | 누적 CPC 0.4381 | RMSE 675.6712 | %RMSE 12.4148 | 경과 20.5분 | 예상 남음 18.1분
Starting Iterative Proportional Fitting (IPF)...
IPF converged at iteration 25
IPF row error: 24.732791, col error: 0.000000
IPF converged at iteration 27
IPF row error: 24.283426, col error: 0.000000
Starting Iterative Proportional Fitting (IPF)...
Starting Iterative Proportional Fitting (IPF)...
IPF converged at iteration 29
IPF row error: 26.627259, col error: 0.000000
Starting Iterative Proportional Fitting (IPF)...
IPF converged at iteration 91
IPF row error: 27.621838, col error: 0.000000
IPF converged at iteration 27
IPF row error: 26.439931, col error: 0.000000
Starting Iterative Proportional Fitting (IPF)...
Starting Iterative Proportional Fitting (IPF)...
IPF converged at iteration 44
IPF row error: 24.878513, col error: 0.000000
Starting Iterative Proportional Fitting (IPF)...
IPF converged at iteration 99
IPF row error: 28.988861, col error: 0.000000
Starting Iterative Proportional Fitting (IPF)...
IPF converged at iteration 91
IPF converged at iteration 26
IPF row error: 27.646035, col error: 0.000000
IPF row error: 23.307667, col error: 0.000000
Starting Iterative Proportional Fitting (IPF)...
Starting Iterative Proportional Fitting (IPF)...
IPF converged at iteration 91
IPF row error: 28.053584, col error: 0.000000
Starting Iterative Proportional Fitting (IPF)...
IPF converged at iteration 26
IPF row error: 23.121672, col error: 0.000000
Starting Iterative Proportional Fitting (IPF)...
IPF converged at iteration 25
IPF row error: 21.950655, col error: 0.000000
Starting Iterative Proportional Fitting (IPF)...
IPF converged at iteration 72
IPF converged at iteration 91
IPF row error: 26.550384, col error: 0.000000
IPF row error: 27.555469, col error: 0.000000
Starting Iterative Proportional Fitting (IPF)...
Starting Iterative Proportional Fitting (IPF)...
IPF converged at iteration 79
IPF row error: 26.628726, col error: 0.000000
IPF converged at iteration 87
IPF row error: 26.954671, col error: 0.000000
Starting Iterative Proportional Fitting (IPF)...
Starting Iterative Proportional Fitting (IPF)...
IPF converged at iteration 49
IPF row error: 26.654105, col error: 0.000000
Starting Iterative Proportional Fitting (IPF)...
IPF converged at iteration 84
IPF row error: 27.721669, col error: 0.000000
Starting Iterative Proportional Fitting (IPF)...
IPF converged at iteration 91
IPF row error: 28.053584, col error: 0.000000
Starting Iterative Proportional Fitting (IPF)...
IPF converged at iteration 43
IPF row error: 28.841069, col error: 0.000000
IPF converged at iteration 91
Starting Iterative Proportional Fitting (IPF)...
IPF row error: 27.658989, col error: 0.000000
Starting Iterative Proportional Fitting (IPF)...
IPF converged at iteration 24
IPF row error: 28.660835, col error: 0.000000
Starting Iterative Proportional Fitting (IPF)...
IPF converged at iteration 98
IPF row error: 29.190546, col error: 0.000000
Starting Iterative Proportional Fitting (IPF)...
IPF converged at iteration 90
IPF row error: 28.179799, col error: 0.000000
Starting Iterative Proportional Fitting (IPF)...
IPF converged at iteration 56
IPF row error: 26.478155, col error: 0.000000
Starting Iterative Proportional Fitting (IPF)...
IPF converged at iteration 90
IPF row error: 28.193658, col error: 0.000000
IPF converged at iteration 26
IPF row error: 28.581256, col error: 0.000000
Starting Iterative Proportional Fitting (IPF)...
Starting Iterative Proportional Fitting (IPF)...
IPF converged at iteration 25
IPF row error: 21.160681, col error: 0.000000
Starting Iterative Proportional Fitting (IPF)...
IPF converged at iteration 27
IPF row error: 28.334328, col error: 0.000000
Starting Iterative Proportional Fitting (IPF)...
IPF converged at iteration 24
IPF row error: 27.584756, col error: 0.000000
  [2023/test] 진행 960/1750 (54.9%) | 누적 CPC 0.4324 | RMSE 680.3766 | %RMSE 12.4982 | 경과 21.3분 | 예상 남음 17.6분
Starting Iterative Proportional Fitting (IPF)...
IPF converged at iteration 90
IPF row error: 28.364058, col error: 0.000000
Starting Iterative Proportional Fitting (IPF)...
IPF converged at iteration 90
IPF row error: 28.215077, col error: 0.000000
Starting Iterative Proportional Fitting (IPF)...
IPF converged at iteration 25
IPF row error: 24.863543, col error: 0.000000
Starting Iterative Proportional Fitting (IPF)...
IPF converged at iteration 83
IPF row error: 27.612811, col error: 0.000000
Starting Iterative Proportional Fitting (IPF)...
IPF converged at iteration 25
IPF row error: 26.094816, col error: 0.000000
Starting Iterative Proportional Fitting (IPF)...
IPF converged at iteration 98
IPF row error: 29.060189, col error: 0.000000
Starting Iterative Proportional Fitting (IPF)...
IPF converged at iteration 83
IPF row error: 27.631613, col error: 0.000000
Starting Iterative Proportional Fitting (IPF)...
IPF converged at iteration 90
IPF row error: 28.300599, col error: 0.000000
Starting Iterative Proportional Fitting (IPF)...
IPF converged at iteration 70
IPF row error: 29.041129, col error: 0.000000
IPF converged at iteration 90
IPF row error: 27.994472, col error: 0.000000
Starting Iterative Proportional Fitting (IPF)...
Starting Iterative Proportional Fitting (IPF)...
IPF converged at iteration 26
IPF row error: 23.066684, col error: 0.000000
Starting Iterative Proportional Fitting (IPF)...
IPF converged at iteration 90
IPF converged at iteration 27
IPF row error: 28.199027, col error: 0.000000
IPF row error: 27.464127, col error: 0.000000
Starting Iterative Proportional Fitting (IPF)...
Starting Iterative Proportional Fitting (IPF)...
IPF converged at iteration 25
IPF row error: 28.359599, col error: 0.000000
Starting Iterative Proportional Fitting (IPF)...
IPF converged at iteration 90
IPF row error: 28.350083, col error: 0.000000
IPF converged at iteration 90
IPF row error: 28.363567, col error: 0.000000
Starting Iterative Proportional Fitting (IPF)...
Starting Iterative Proportional Fitting (IPF)...
IPF converged at iteration 44
IPF row error: 26.663714, col error: 0.000000
Starting Iterative Proportional Fitting (IPF)...
IPF converged at iteration 39
IPF row error: 28.820208, col error: 0.000000
Starting Iterative Proportional Fitting (IPF)...
IPF converged at iteration 90
IPF row error: 28.135171, col error: 0.000000
IPF converged at iteration 90
IPF converged at iteration 83
IPF row error: 28.179799, col error: 0.000000
IPF row error: 27.788772, col error: 0.000000
Starting Iterative Proportional Fitting (IPF)...
Starting Iterative Proportional Fitting (IPF)...
Starting Iterative Proportional Fitting (IPF)...
IPF converged at iteration 30
IPF row error: 26.439331, col error: 0.000000
IPF converged at iteration 90
IPF row error: 28.300599, col error: 0.000000
Starting Iterative Proportional Fitting (IPF)...
Starting Iterative Proportional Fitting (IPF)...
IPF converged at iteration 59
IPF row error: 28.203396, col error: 0.000000
IPF converged at iteration 28
IPF row error: 22.081664, col error: 0.000000
Starting Iterative Proportional Fitting (IPF)...
Starting Iterative Proportional Fitting (IPF)...
IPF converged at iteration 85
IPF row error: 29.216636, col error: 0.000000
IPF converged at iteration 27
Starting Iterative Proportional Fitting (IPF)...
IPF row error: 24.196684, col error: 0.000000
Starting Iterative Proportional Fitting (IPF)...
IPF converged at iteration 61
IPF row error: 26.261011, col error: 0.000000
Starting Iterative Proportional Fitting (IPF)...
IPF converged at iteration 90
IPF row error: 28.215155, col error: 0.000000
Starting Iterative Proportional Fitting (IPF)...
IPF converged at iteration 81
IPF row error: 27.611330, col error: 0.000000
  [2023/test] 진행 990/1750 (56.6%) | 누적 CPC 0.4264 | RMSE 685.0128 | %RMSE 12.4917 | 경과 22.2분 | 예상 남음 17.1분
Starting Iterative Proportional Fitting (IPF)...
IPF converged at iteration 90
IPF row error: 28.037883, col error: 0.000000
Starting Iterative Proportional Fitting (IPF)...
IPF converged at iteration 90
IPF row error: 28.145038, col error: 0.000000
Starting Iterative Proportional Fitting (IPF)...
IPF converged at iteration 26
IPF row error: 23.079724, col error: 0.000000
Starting Iterative Proportional Fitting (IPF)...
IPF converged at iteration 38
IPF row error: 27.088476, col error: 0.000000
Starting Iterative Proportional Fitting (IPF)...
IPF converged at iteration 24
IPF row error: 28.222820, col error: 0.000000
Starting Iterative Proportional Fitting (IPF)...
IPF converged at iteration 93
IPF row error: 28.088972, col error: 0.000000
Starting Iterative Proportional Fitting (IPF)...
IPF converged at iteration 90
IPF row error: 28.145038, col error: 0.000000
Starting Iterative Proportional Fitting (IPF)...
IPF converged at iteration 25
IPF row error: 24.301442, col error: 0.000000
Starting Iterative Proportional Fitting (IPF)...
IPF converged at iteration 56
IPF row error: 28.220907, col error: 0.000000
Starting Iterative Proportional Fitting (IPF)...
IPF converged at iteration 27
IPF row error: 24.301580, col error: 0.000000
Starting Iterative Proportional Fitting (IPF)...
IPF converged at iteration 27
IPF row error: 28.625876, col error: 0.000000
IPF converged at iteration 85
Starting Iterative Proportional Fitting (IPF)...
IPF row error: 29.211325, col error: 0.000000
Starting Iterative Proportional Fitting (IPF)...
IPF converged at iteration 33
IPF row error: 25.800890, col error: 0.000000
Starting Iterative Proportional Fitting (IPF)...
IPF converged at iteration 40
IPF row error: 29.177138, col error: 0.000000
Starting Iterative Proportional Fitting (IPF)...
IPF converged at iteration 90
IPF row error: 27.724524, col error: 0.000000
Starting Iterative Proportional Fitting (IPF)...
IPF converged at iteration 31
IPF row error: 22.867527, col error: 0.000000
Starting Iterative Proportional Fitting (IPF)...
IPF converged at iteration 90
IPF row error: 27.008267, col error: 0.000000
Starting Iterative Proportional Fitting (IPF)...
IPF converged at iteration 90
IPF row error: 27.236736, col error: 0.000000
Starting Iterative Proportional Fitting (IPF)...
IPF converged at iteration 35
IPF row error: 27.313104, col error: 0.000000
Starting Iterative Proportional Fitting (IPF)...
IPF converged at iteration 28
IPF row error: 24.907340, col error: 0.000000
Starting Iterative Proportional Fitting (IPF)...
IPF converged at iteration 89
IPF row error: 28.470857, col error: 0.000000
Starting Iterative Proportional Fitting (IPF)...
IPF converged at iteration 27
IPF row error: 26.296850, col error: 0.000000
Starting Iterative Proportional Fitting (IPF)...
IPF converged at iteration 31
IPF row error: 26.770544, col error: 0.000000
Starting Iterative Proportional Fitting (IPF)...
IPF converged at iteration 88
IPF row error: 29.140450, col error: 0.000000
IPF converged at iteration 32
IPF row error: 34.576036, col error: 0.000000
Starting Iterative Proportional Fitting (IPF)...
Starting Iterative Proportional Fitting (IPF)...
IPF converged at iteration 27
IPF row error: 21.388864, col error: 0.000000
IPF converged at iteration 28
IPF row error: 25.330735, col error: 0.000000
Starting Iterative Proportional Fitting (IPF)...
Starting Iterative Proportional Fitting (IPF)...
IPF converged at iteration 90
IPF row error: 27.172719, col error: 0.000000
Starting Iterative Proportional Fitting (IPF)...
IPF converged at iteration 28
IPF row error: 23.500274, col error: 0.000000
Starting Iterative Proportional Fitting (IPF)...
IPF converged at iteration 90
IPF row error: 27.251997, col error: 0.000000
  [2023/test] 진행 1020/1750 (58.3%) | 누적 CPC 0.4219 | RMSE 723.3245 | %RMSE 12.6641 | 경과 22.8분 | 예상 남음 16.4분
Starting Iterative Proportional Fitting (IPF)...
IPF converged at iteration 86
IPF row error: 27.050269, col error: 0.000000
IPF converged at iteration 55
IPF row error: 26.369810, col error: 0.000000
Starting Iterative Proportional Fitting (IPF)...
Starting Iterative Proportional Fitting (IPF)...
IPF converged at iteration 98
IPF row error: 27.605627, col error: 0.000000
Starting Iterative Proportional Fitting (IPF)...
IPF converged at iteration 90
IPF row error: 27.061670, col error: 0.000000
Starting Iterative Proportional Fitting (IPF)...
IPF converged at iteration 28
IPF row error: 26.478342, col error: 0.000000
Starting Iterative Proportional Fitting (IPF)...
IPF converged at iteration 82
IPF row error: 27.600157, col error: 0.000000
Starting Iterative Proportional Fitting (IPF)...
IPF converged at iteration 57
IPF row error: 25.534102, col error: 0.000000
Starting Iterative Proportional Fitting (IPF)...
IPF converged at iteration 97
IPF row error: 27.962752, col error: 0.000000
Starting Iterative Proportional Fitting (IPF)...
IPF converged at iteration 26
IPF row error: 22.608362, col error: 0.000000
Starting Iterative Proportional Fitting (IPF)...
IPF converged at iteration 89
IPF row error: 28.983875, col error: 0.000000
Starting Iterative Proportional Fitting (IPF)...
IPF converged at iteration 90
IPF converged at iteration 85
IPF row error: 27.606507, col error: 0.000000
IPF row error: 28.910204, col error: 0.000000
Starting Iterative Proportional Fitting (IPF)...
Starting Iterative Proportional Fitting (IPF)...
IPF converged at iteration 89
IPF row error: 28.751707, col error: 0.000000
Starting Iterative Proportional Fitting (IPF)...
IPF converged at iteration 83
IPF row error: 28.300411, col error: 0.000000
Starting Iterative Proportional Fitting (IPF)...
IPF converged at iteration 90
IPF row error: 27.394256, col error: 0.000000
Starting Iterative Proportional Fitting (IPF)...
IPF converged at iteration 89
IPF row error: 28.396960, col error: 0.000000
Starting Iterative Proportional Fitting (IPF)...
IPF converged at iteration 27
IPF row error: 26.691465, col error: 0.000000
Starting Iterative Proportional Fitting (IPF)...
IPF converged at iteration 97
IPF row error: 28.437258, col error: 0.000000
Starting Iterative Proportional Fitting (IPF)...
IPF converged at iteration 35
IPF row error: 28.378977, col error: 0.000000
Starting Iterative Proportional Fitting (IPF)...
IPF converged at iteration 26
IPF row error: 27.304464, col error: 0.000000
Starting Iterative Proportional Fitting (IPF)...
IPF converged at iteration 25
IPF row error: 25.315092, col error: 0.000000
Starting Iterative Proportional Fitting (IPF)...
IPF converged at iteration 89
IPF row error: 29.193742, col error: 0.000000
Starting Iterative Proportional Fitting (IPF)...
IPF converged at iteration 90
IPF row error: 27.384881, col error: 0.000000
Starting Iterative Proportional Fitting (IPF)...
IPF converged at iteration 90
IPF row error: 26.951517, col error: 0.000000
IPF converged at iteration 48
IPF converged at iteration 34
IPF row error: 28.333448, col error: 0.000000
IPF row error: 26.701817, col error: 0.000000
Starting Iterative Proportional Fitting (IPF)...
IPF converged at iteration 27
Starting Iterative Proportional Fitting (IPF)...
Starting Iterative Proportional Fitting (IPF)...
IPF row error: 21.585197, col error: 0.000000
Starting Iterative Proportional Fitting (IPF)...
IPF converged at iteration 82
IPF row error: 28.846753, col error: 0.000000
Starting Iterative Proportional Fitting (IPF)...
IPF converged at iteration 90
IPF row error: 27.890259, col error: 0.000000
Starting Iterative Proportional Fitting (IPF)...
IPF converged at iteration 96
IPF row error: 27.890803, col error: 0.000000
  [2023/test] 진행 1050/1750 (60.0%) | 누적 CPC 0.4182 | RMSE 771.8958 | %RMSE 12.8812 | 경과 24.0분 | 예상 남음 16.0분
Starting Iterative Proportional Fitting (IPF)...
IPF converged at iteration 99
IPF row error: 27.405455, col error: 0.000000
Starting Iterative Proportional Fitting (IPF)...
IPF converged at iteration 99
IPF row error: 27.405455, col error: 0.000000
Starting Iterative Proportional Fitting (IPF)...
IPF converged at iteration 99
IPF row error: 27.405455, col error: 0.000000
Starting Iterative Proportional Fitting (IPF)...
IPF converged at iteration 99
IPF row error: 27.405455, col error: 0.000000
Starting Iterative Proportional Fitting (IPF)...
IPF converged at iteration 99
IPF row error: 27.405455, col error: 0.000000
Starting Iterative Proportional Fitting (IPF)...
IPF converged at iteration 29
IPF row error: 25.525048, col error: 0.000000
Starting Iterative Proportional Fitting (IPF)...
IPF converged at iteration 28
IPF row error: 22.458070, col error: 0.000000
IPF converged at iteration 25
Starting Iterative Proportional Fitting (IPF)...
IPF row error: 25.541722, col error: 0.000000
Starting Iterative Proportional Fitting (IPF)...
IPF converged at iteration 37
IPF row error: 25.322753, col error: 0.000000
Starting Iterative Proportional Fitting (IPF)...
IPF converged at iteration 99
IPF row error: 27.405455, col error: 0.000000
Starting Iterative Proportional Fitting (IPF)...
IPF converged at iteration 99
IPF row error: 27.405455, col error: 0.000000
Starting Iterative Proportional Fitting (IPF)...
IPF converged at iteration 59
IPF row error: 27.646181, col error: 0.000000
IPF converged at iteration 99
IPF row error: 27.405455, col error: 0.000000
Starting Iterative Proportional Fitting (IPF)...
Starting Iterative Proportional Fitting (IPF)...
IPF converged at iteration 67
IPF row error: 27.750310, col error: 0.000000
Starting Iterative Proportional Fitting (IPF)...
IPF converged at iteration 74
IPF row error: 28.960918, col error: 0.000000
Starting Iterative Proportional Fitting (IPF)...
IPF converged at iteration 44
IPF row error: 29.036812, col error: 0.000000
Starting Iterative Proportional Fitting (IPF)...
IPF converged at iteration 28
IPF row error: 22.969419, col error: 0.000000
Starting Iterative Proportional Fitting (IPF)...
IPF converged at iteration 26
IPF row error: 28.851444, col error: 0.000000
Starting Iterative Proportional Fitting (IPF)...
IPF converged at iteration 99
IPF row error: 27.405455, col error: 0.000000
Starting Iterative Proportional Fitting (IPF)...
IPF converged at iteration 99
IPF row error: 27.405455, col error: 0.000000
Starting Iterative Proportional Fitting (IPF)...
IPF converged at iteration 26
IPF row error: 22.581953, col error: 0.000000
Starting Iterative Proportional Fitting (IPF)...
IPF converged at iteration 99
IPF converged at iteration 41
IPF row error: 27.405455, col error: 0.000000
IPF row error: 25.628748, col error: 0.000000
Starting Iterative Proportional Fitting (IPF)...
Starting Iterative Proportional Fitting (IPF)...
IPF converged at iteration 99
IPF row error: 27.405455, col error: 0.000000
Starting Iterative Proportional Fitting (IPF)...
IPF converged at iteration 47
IPF row error: 28.844911, col error: 0.000000
Starting Iterative Proportional Fitting (IPF)...
IPF converged at iteration 29
IPF row error: 24.986818, col error: 0.000000
IPF converged at iteration 47
IPF row error: 27.963419, col error: 0.000000
Starting Iterative Proportional Fitting (IPF)...
Starting Iterative Proportional Fitting (IPF)...
IPF converged at iteration 99
IPF row error: 27.405455, col error: 0.000000
Starting Iterative Proportional Fitting (IPF)...
IPF converged at iteration 99
IPF row error: 27.405455, col error: 0.000000
Starting Iterative Proportional Fitting (IPF)...
IPF converged at iteration 37
IPF row error: 27.660797, col error: 0.000000
  [2023/test] 진행 1080/1750 (61.7%) | 누적 CPC 0.4145 | RMSE 793.9394 | %RMSE 12.9486 | 경과 24.8분 | 예상 남음 15.4분
IPF converged at iteration 26
IPF row error: 27.917173, col error: 0.000000
Starting Iterative Proportional Fitting (IPF)...
Starting Iterative Proportional Fitting (IPF)...
IPF converged at iteration 99
IPF row error: 27.405455, col error: 0.000000
IPF converged at iteration 99
IPF row error: 27.405455, col error: 0.000000
Starting Iterative Proportional Fitting (IPF)...
Starting Iterative Proportional Fitting (IPF)...
IPF converged at iteration 28
IPF row error: 22.300498, col error: 0.000000
Starting Iterative Proportional Fitting (IPF)...
IPF converged at iteration 28
IPF row error: 22.458422, col error: 0.000000
Starting Iterative Proportional Fitting (IPF)...
IPF converged at iteration 25
IPF row error: 26.606244, col error: 0.000000
Starting Iterative Proportional Fitting (IPF)...
IPF converged at iteration 27
IPF row error: 26.929352, col error: 0.000000
Starting Iterative Proportional Fitting (IPF)...
IPF converged at iteration 99
IPF row error: 27.405455, col error: 0.000000
Starting Iterative Proportional Fitting (IPF)...
IPF converged at iteration 99
IPF row error: 27.405455, col error: 0.000000
Starting Iterative Proportional Fitting (IPF)...
IPF converged at iteration 99
IPF row error: 27.405455, col error: 0.000000
Starting Iterative Proportional Fitting (IPF)...
IPF converged at iteration 99
IPF row error: 27.405455, col error: 0.000000
Starting Iterative Proportional Fitting (IPF)...
IPF converged at iteration 99
IPF row error: 27.405455, col error: 0.000000
Starting Iterative Proportional Fitting (IPF)...
IPF converged at iteration 99
IPF row error: 27.405455, col error: 0.000000
Starting Iterative Proportional Fitting (IPF)...
IPF converged at iteration 99
IPF row error: 27.405455, col error: 0.000000
Starting Iterative Proportional Fitting (IPF)...
IPF converged at iteration 41
IPF row error: 24.042105, col error: 0.000000
Starting Iterative Proportional Fitting (IPF)...
IPF converged at iteration 46
IPF row error: 28.521064, col error: 0.000000
Starting Iterative Proportional Fitting (IPF)...
IPF converged at iteration 99
IPF row error: 27.405455, col error: 0.000000
Starting Iterative Proportional Fitting (IPF)...
IPF converged at iteration 99
IPF row error: 27.405455, col error: 0.000000
Starting Iterative Proportional Fitting (IPF)...
IPF converged at iteration 99
IPF row error: 27.405455, col error: 0.000000
Starting Iterative Proportional Fitting (IPF)...
IPF converged at iteration 99
IPF row error: 27.405455, col error: 0.000000
Starting Iterative Proportional Fitting (IPF)...
IPF converged at iteration 31
IPF row error: 25.884131, col error: 0.000000
IPF converged at iteration 27
IPF row error: 27.543105, col error: 0.000000
Starting Iterative Proportional Fitting (IPF)...
Starting Iterative Proportional Fitting (IPF)...
IPF converged at iteration 99
IPF row error: 27.417954, col error: 0.000000
Starting Iterative Proportional Fitting (IPF)...
IPF converged at iteration 25
IPF row error: 28.780457, col error: 0.000000
Starting Iterative Proportional Fitting (IPF)...
IPF converged at iteration 39
IPF row error: 26.950861, col error: 0.000000
Starting Iterative Proportional Fitting (IPF)...
IPF converged at iteration 99
IPF row error: 27.417954, col error: 0.000000
Starting Iterative Proportional Fitting (IPF)...
IPF converged at iteration 99
IPF row error: 27.417954, col error: 0.000000
Starting Iterative Proportional Fitting (IPF)...
IPF converged at iteration 99
IPF row error: 27.417954, col error: 0.000000
Starting Iterative Proportional Fitting (IPF)...
IPF converged at iteration 25
IPF row error: 27.740369, col error: 0.000000
Starting Iterative Proportional Fitting (IPF)...
IPF converged at iteration 99
IPF row error: 27.417954, col error: 0.000000
  [2023/test] 진행 1110/1750 (63.4%) | 누적 CPC 0.4106 | RMSE 813.1274 | %RMSE 13.0010 | 경과 25.7분 | 예상 남음 14.8분
Starting Iterative Proportional Fitting (IPF)...
IPF converged at iteration 99
IPF row error: 27.417954, col error: 0.000000
Starting Iterative Proportional Fitting (IPF)...
IPF converged at iteration 37
IPF row error: 28.677623, col error: 0.000000
Starting Iterative Proportional Fitting (IPF)...
IPF converged at iteration 99
IPF row error: 27.417954, col error: 0.000000
Starting Iterative Proportional Fitting (IPF)...
IPF converged at iteration 61
IPF row error: 27.195844, col error: 0.000000
Starting Iterative Proportional Fitting (IPF)...
IPF converged at iteration 99
IPF row error: 27.417954, col error: 0.000000
Starting Iterative Proportional Fitting (IPF)...
IPF converged at iteration 99
IPF row error: 27.417954, col error: 0.000000
Starting Iterative Proportional Fitting (IPF)...
IPF converged at iteration 99
IPF row error: 27.417954, col error: 0.000000
Starting Iterative Proportional Fitting (IPF)...
IPF converged at iteration 25
IPF row error: 25.041601, col error: 0.000000
Starting Iterative Proportional Fitting (IPF)...
IPF converged at iteration 25
IPF row error: 21.944538, col error: 0.000000
Starting Iterative Proportional Fitting (IPF)...
IPF converged at iteration 99
IPF row error: 27.417954, col error: 0.000000
Starting Iterative Proportional Fitting (IPF)...
IPF converged at iteration 99
IPF row error: 27.417954, col error: 0.000000
Starting Iterative Proportional Fitting (IPF)...
IPF converged at iteration 75
IPF row error: 27.481990, col error: 0.000000
Starting Iterative Proportional Fitting (IPF)...
IPF converged at iteration 99
IPF row error: 27.417954, col error: 0.000000
Starting Iterative Proportional Fitting (IPF)...
IPF converged at iteration 47
IPF row error: 26.561529, col error: 0.000000
Starting Iterative Proportional Fitting (IPF)...
IPF converged at iteration 99
IPF row error: 27.417954, col error: 0.000000
Starting Iterative Proportional Fitting (IPF)...
IPF converged at iteration 99
IPF row error: 27.417954, col error: 0.000000
Starting Iterative Proportional Fitting (IPF)...
IPF converged at iteration 28
IPF row error: 22.181769, col error: 0.000000
IPF converged at iteration 50
Starting Iterative Proportional Fitting (IPF)...
IPF row error: 26.755677, col error: 0.000000
Starting Iterative Proportional Fitting (IPF)...
IPF converged at iteration 43
IPF row error: 28.060937, col error: 0.000000
Starting Iterative Proportional Fitting (IPF)...
IPF converged at iteration 26
IPF row error: 21.789396, col error: 0.000000
Starting Iterative Proportional Fitting (IPF)...
IPF converged at iteration 27
IPF row error: 24.898431, col error: 0.000000
Starting Iterative Proportional Fitting (IPF)...
IPF converged at iteration 41
IPF row error: 26.935716, col error: 0.000000
IPF converged at iteration 31
IPF row error: 22.803926, col error: 0.000000
Starting Iterative Proportional Fitting (IPF)...
IPF converged at iteration 85
Starting Iterative Proportional Fitting (IPF)...
IPF row error: 27.633597, col error: 0.000000
Starting Iterative Proportional Fitting (IPF)...
IPF converged at iteration 28
IPF row error: 25.980624, col error: 0.000000
Starting Iterative Proportional Fitting (IPF)...
IPF converged at iteration 99
IPF row error: 27.417954, col error: 0.000000
Starting Iterative Proportional Fitting (IPF)...
IPF converged at iteration 56
IPF row error: 28.573869, col error: 0.000000
Starting Iterative Proportional Fitting (IPF)...
IPF converged at iteration 26
IPF row error: 25.140272, col error: 0.000000
Starting Iterative Proportional Fitting (IPF)...
IPF converged at iteration 99
IPF row error: 27.417954, col error: 0.000000
IPF converged at iteration 99
Starting Iterative Proportional Fitting (IPF)...
IPF row error: 27.417954, col error: 0.000000
  [2023/test] 진행 1140/1750 (65.1%) | 누적 CPC 0.4063 | RMSE 828.1163 | %RMSE 13.0272 | 경과 26.5분 | 예상 남음 14.2분
Starting Iterative Proportional Fitting (IPF)...
IPF converged at iteration 26
IPF row error: 25.813613, col error: 0.000000
Starting Iterative Proportional Fitting (IPF)...
IPF converged at iteration 28
IPF row error: 21.785237, col error: 0.000000
Starting Iterative Proportional Fitting (IPF)...
IPF converged at iteration 99
IPF row error: 27.417954, col error: 0.000000
Starting Iterative Proportional Fitting (IPF)...
IPF converged at iteration 99
IPF row error: 27.417954, col error: 0.000000
IPF converged at iteration 99
Starting Iterative Proportional Fitting (IPF)...
IPF row error: 27.417954, col error: 0.000000
Starting Iterative Proportional Fitting (IPF)...
IPF converged at iteration 86
IPF row error: 29.207394, col error: 0.000000
Starting Iterative Proportional Fitting (IPF)...
IPF converged at iteration 44
IPF row error: 25.580413, col error: 0.000000
Starting Iterative Proportional Fitting (IPF)...
IPF converged at iteration 31
IPF row error: 28.923152, col error: 0.000000
Starting Iterative Proportional Fitting (IPF)...
IPF converged at iteration 99
IPF row error: 27.417954, col error: 0.000000
Starting Iterative Proportional Fitting (IPF)...
IPF converged at iteration 99
IPF row error: 27.417954, col error: 0.000000
Starting Iterative Proportional Fitting (IPF)...
IPF converged at iteration 26
IPF row error: 24.041651, col error: 0.000000
Starting Iterative Proportional Fitting (IPF)...
IPF row error: 29.770072, col error: 0.000000
IPF converged at iteration 82
IPF row error: 28.671002, col error: 0.000000
Starting Iterative Proportional Fitting (IPF)...
Starting Iterative Proportional Fitting (IPF)...
IPF converged at iteration 27
IPF row error: 24.502864, col error: 0.000000
Starting Iterative Proportional Fitting (IPF)...
IPF converged at iteration 95
IPF row error: 28.640594, col error: 0.000000
Starting Iterative Proportional Fitting (IPF)...
IPF converged at iteration 95
IPF row error: 28.640594, col error: 0.000000
Starting Iterative Proportional Fitting (IPF)...
IPF row error: 29.770072, col error: 0.000000
Starting Iterative Proportional Fitting (IPF)...
IPF converged at iteration 95
IPF row error: 28.734978, col error: 0.000000
Starting Iterative Proportional Fitting (IPF)...
IPF converged at iteration 95
IPF converged at iteration 36
IPF row error: 28.734978, col error: 0.000000
IPF row error: 23.498413, col error: 0.000000
Starting Iterative Proportional Fitting (IPF)...
Starting Iterative Proportional Fitting (IPF)...
IPF converged at iteration 44
IPF row error: 25.714087, col error: 0.000000
Starting Iterative Proportional Fitting (IPF)...
IPF converged at iteration 29
IPF row error: 23.628068, col error: 0.000000
Starting Iterative Proportional Fitting (IPF)...
IPF row error: 29.529201, col error: 0.000000
Starting Iterative Proportional Fitting (IPF)...
IPF converged at iteration 95
IPF row error: 28.640594, col error: 0.000000
IPF converged at iteration 96
IPF row error: 27.353199, col error: 0.000000
Starting Iterative Proportional Fitting (IPF)...
Starting Iterative Proportional Fitting (IPF)...
IPF converged at iteration 26
IPF converged at iteration 54
IPF row error: 23.876404, col error: 0.000000
IPF row error: 28.429227, col error: 0.000000
Starting Iterative Proportional Fitting (IPF)...
Starting Iterative Proportional Fitting (IPF)...
IPF converged at iteration 96
IPF row error: 27.353199, col error: 0.000000
IPF converged at iteration 26
IPF row error: 23.770673, col error: 0.000000
Starting Iterative Proportional Fitting (IPF)...
Starting Iterative Proportional Fitting (IPF)...
IPF converged at iteration 96
IPF row error: 27.353199, col error: 0.000000
  [2023/test] 진행 1170/1750 (66.9%) | 누적 CPC 0.4014 | RMSE 838.3267 | %RMSE 13.0616 | 경과 27.3분 | 예상 남음 13.5분
Starting Iterative Proportional Fitting (IPF)...
IPF converged at iteration 96
IPF row error: 27.353199, col error: 0.000000
Starting Iterative Proportional Fitting (IPF)...
IPF converged at iteration 95
IPF row error: 28.640594, col error: 0.000000
Starting Iterative Proportional Fitting (IPF)...
IPF row error: 29.829824, col error: 0.000000
Starting Iterative Proportional Fitting (IPF)...
IPF converged at iteration 25
IPF row error: 27.366675, col error: 0.000000
Starting Iterative Proportional Fitting (IPF)...
IPF row error: 29.770072, col error: 0.000000
Starting Iterative Proportional Fitting (IPF)...
IPF converged at iteration 96
IPF row error: 27.353199, col error: 0.000000
Starting Iterative Proportional Fitting (IPF)...
IPF converged at iteration 27
IPF row error: 23.105971, col error: 0.000000
IPF converged at iteration 95
IPF row error: 28.734978, col error: 0.000000
Starting Iterative Proportional Fitting (IPF)...
Starting Iterative Proportional Fitting (IPF)...
IPF converged at iteration 96
IPF row error: 27.353199, col error: 0.000000
Starting Iterative Proportional Fitting (IPF)...
IPF converged at iteration 95
IPF row error: 28.734978, col error: 0.000000
Starting Iterative Proportional Fitting (IPF)...
IPF converged at iteration 26
IPF row error: 21.402763, col error: 0.000000
Starting Iterative Proportional Fitting (IPF)...
IPF converged at iteration 95
IPF row error: 28.734978, col error: 0.000000
IPF row error: 29.529201, col error: 0.000000
Starting Iterative Proportional Fitting (IPF)...
Starting Iterative Proportional Fitting (IPF)...
IPF converged at iteration 95
IPF row error: 28.734978, col error: 0.000000
Starting Iterative Proportional Fitting (IPF)...
IPF converged at iteration 46
IPF row error: 27.215888, col error: 0.000000
Starting Iterative Proportional Fitting (IPF)...
IPF converged at iteration 25
IPF row error: 26.322630, col error: 0.000000
Starting Iterative Proportional Fitting (IPF)...
IPF converged at iteration 57
IPF row error: 27.084864, col error: 0.000000
Starting Iterative Proportional Fitting (IPF)...
IPF converged at iteration 95
IPF row error: 28.640594, col error: 0.000000
Starting Iterative Proportional Fitting (IPF)...
IPF converged at iteration 95
IPF row error: 28.734978, col error: 0.000000
Starting Iterative Proportional Fitting (IPF)...
IPF converged at iteration 95
IPF row error: 28.734978, col error: 0.000000
Starting Iterative Proportional Fitting (IPF)...
IPF converged at iteration 95
IPF row error: 28.734978, col error: 0.000000
Starting Iterative Proportional Fitting (IPF)...
IPF row error: 29.770072, col error: 0.000000
Starting Iterative Proportional Fitting (IPF)...
IPF converged at iteration 25
IPF row error: 27.115895, col error: 0.000000
Starting Iterative Proportional Fitting (IPF)...
IPF converged at iteration 25
IPF row error: 23.083664, col error: 0.000000
Starting Iterative Proportional Fitting (IPF)...
IPF converged at iteration 27
IPF row error: 22.389231, col error: 0.000000
IPF converged at iteration 95
Starting Iterative Proportional Fitting (IPF)...
IPF row error: 28.640594, col error: 0.000000
Starting Iterative Proportional Fitting (IPF)...
IPF row error: 29.829824, col error: 0.000000
Starting Iterative Proportional Fitting (IPF)...
IPF converged at iteration 29
IPF row error: 23.382013, col error: 0.000000
IPF row error: 29.829824, col error: 0.000000
Starting Iterative Proportional Fitting (IPF)...
Starting Iterative Proportional Fitting (IPF)...
IPF converged at iteration 41
IPF row error: 24.916020, col error: 0.000000
  [2023/test] 진행 1200/1750 (68.6%) | 누적 CPC 0.3968 | RMSE 843.7875 | %RMSE 13.0957 | 경과 28.1분 | 예상 남음 12.9분
Starting Iterative Proportional Fitting (IPF)...
IPF converged at iteration 32
IPF row error: 28.937180, col error: 0.000000
Starting Iterative Proportional Fitting (IPF)...
IPF converged at iteration 27
IPF row error: 26.433692, col error: 0.000000
IPF row error: 29.770072, col error: 0.000000
Starting Iterative Proportional Fitting (IPF)...
Starting Iterative Proportional Fitting (IPF)...
IPF converged at iteration 25
IPF row error: 28.054600, col error: 0.000000
Starting Iterative Proportional Fitting (IPF)...
IPF converged at iteration 99
IPF row error: 28.595336, col error: 0.000000
Starting Iterative Proportional Fitting (IPF)...
IPF converged at iteration 99
IPF row error: 28.595336, col error: 0.000000
Starting Iterative Proportional Fitting (IPF)...
IPF converged at iteration 57
IPF row error: 27.767837, col error: 0.000000
Starting Iterative Proportional Fitting (IPF)...
IPF converged at iteration 99
IPF row error: 28.595336, col error: 0.000000
Starting Iterative Proportional Fitting (IPF)...
IPF converged at iteration 26
IPF row error: 27.045600, col error: 0.000000
Starting Iterative Proportional Fitting (IPF)...
IPF converged at iteration 99
IPF row error: 28.595336, col error: 0.000000
Starting Iterative Proportional Fitting (IPF)...
IPF converged at iteration 39
IPF row error: 27.122199, col error: 0.000000
Starting Iterative Proportional Fitting (IPF)...
IPF converged at iteration 85
IPF row error: 27.292516, col error: 0.000000
Starting Iterative Proportional Fitting (IPF)...
IPF converged at iteration 25
IPF row error: 25.419847, col error: 0.000000
Starting Iterative Proportional Fitting (IPF)...
IPF converged at iteration 36
IPF row error: 26.278859, col error: 0.000000
Starting Iterative Proportional Fitting (IPF)...
IPF converged at iteration 99
IPF row error: 28.595336, col error: 0.000000
Starting Iterative Proportional Fitting (IPF)...
IPF converged at iteration 99
IPF row error: 28.595336, col error: 0.000000
Starting Iterative Proportional Fitting (IPF)...
IPF converged at iteration 26
IPF converged at iteration 31
IPF row error: 25.342306, col error: 0.000000
IPF row error: 28.448475, col error: 0.000000
Starting Iterative Proportional Fitting (IPF)...
Starting Iterative Proportional Fitting (IPF)...
IPF converged at iteration 99
IPF row error: 28.595336, col error: 0.000000
Starting Iterative Proportional Fitting (IPF)...
IPF converged at iteration 38
IPF row error: 25.799316, col error: 0.000000
Starting Iterative Proportional Fitting (IPF)...
IPF converged at iteration 56
IPF row error: 27.417518, col error: 0.000000
Starting Iterative Proportional Fitting (IPF)...
IPF converged at iteration 99
IPF row error: 28.595336, col error: 0.000000
Starting Iterative Proportional Fitting (IPF)...
IPF converged at iteration 99
IPF row error: 28.595336, col error: 0.000000
Starting Iterative Proportional Fitting (IPF)...
IPF converged at iteration 66
IPF row error: 27.960361, col error: 0.000000
Starting Iterative Proportional Fitting (IPF)...
IPF converged at iteration 26
IPF row error: 24.786340, col error: 0.000000
Starting Iterative Proportional Fitting (IPF)...
IPF converged at iteration 27
IPF row error: 24.177096, col error: 0.000000
Starting Iterative Proportional Fitting (IPF)...
IPF converged at iteration 99
IPF row error: 28.595336, col error: 0.000000
Starting Iterative Proportional Fitting (IPF)...
IPF converged at iteration 27
IPF row error: 27.808363, col error: 0.000000
IPF converged at iteration 99
IPF row error: 28.595336, col error: 0.000000
Starting Iterative Proportional Fitting (IPF)...
Starting Iterative Proportional Fitting (IPF)...
IPF converged at iteration 44
IPF row error: 27.706756, col error: 0.000000
  [2023/test] 진행 1230/1750 (70.3%) | 누적 CPC 0.3929 | RMSE 830.4850 | %RMSE 12.9683 | 경과 28.9분 | 예상 남음 12.2분
Starting Iterative Proportional Fitting (IPF)...
IPF converged at iteration 99
IPF row error: 28.595336, col error: 0.000000
Starting Iterative Proportional Fitting (IPF)...
IPF converged at iteration 28
IPF row error: 23.228784, col error: 0.000000
Starting Iterative Proportional Fitting (IPF)...
IPF converged at iteration 38
IPF row error: 28.938927, col error: 0.000000
Starting Iterative Proportional Fitting (IPF)...
IPF converged at iteration 99
IPF row error: 28.595336, col error: 0.000000
Starting Iterative Proportional Fitting (IPF)...
IPF converged at iteration 99
IPF row error: 28.595336, col error: 0.000000
Starting Iterative Proportional Fitting (IPF)...
IPF converged at iteration 99
IPF row error: 28.595336, col error: 0.000000
Starting Iterative Proportional Fitting (IPF)...
IPF converged at iteration 99
IPF row error: 28.595336, col error: 0.000000
Starting Iterative Proportional Fitting (IPF)...
IPF converged at iteration 26
IPF row error: 23.332035, col error: 0.000000
Starting Iterative Proportional Fitting (IPF)...
IPF converged at iteration 99
IPF row error: 28.595336, col error: 0.000000
Starting Iterative Proportional Fitting (IPF)...
IPF converged at iteration 87
IPF row error: 28.158766, col error: 0.000000
Starting Iterative Proportional Fitting (IPF)...
IPF converged at iteration 31
IPF row error: 28.890760, col error: 0.000000
Starting Iterative Proportional Fitting (IPF)...
IPF converged at iteration 99
IPF row error: 28.595336, col error: 0.000000
Starting Iterative Proportional Fitting (IPF)...
IPF converged at iteration 99
IPF row error: 28.595336, col error: 0.000000
Starting Iterative Proportional Fitting (IPF)...
IPF converged at iteration 99
IPF row error: 28.595336, col error: 0.000000
Starting Iterative Proportional Fitting (IPF)...
IPF converged at iteration 68
IPF row error: 26.106236, col error: 0.000000
Starting Iterative Proportional Fitting (IPF)...
IPF converged at iteration 99
IPF row error: 28.595336, col error: 0.000000
Starting Iterative Proportional Fitting (IPF)...
IPF converged at iteration 99
IPF converged at iteration 38
IPF row error: 28.595336, col error: 0.000000
IPF row error: 28.280698, col error: 0.000000
Starting Iterative Proportional Fitting (IPF)...
Starting Iterative Proportional Fitting (IPF)...
IPF converged at iteration 26
IPF row error: 23.708085, col error: 0.000000
Starting Iterative Proportional Fitting (IPF)...
IPF converged at iteration 99
IPF row error: 28.595336, col error: 0.000000
Starting Iterative Proportional Fitting (IPF)...
IPF converged at iteration 53
IPF row error: 28.068475, col error: 0.000000
Starting Iterative Proportional Fitting (IPF)...
IPF converged at iteration 99
IPF row error: 28.595336, col error: 0.000000
Starting Iterative Proportional Fitting (IPF)...
IPF converged at iteration 26
IPF row error: 22.885325, col error: 0.000000
Starting Iterative Proportional Fitting (IPF)...
IPF converged at iteration 35
IPF row error: 25.488946, col error: 0.000000
Starting Iterative Proportional Fitting (IPF)...
IPF converged at iteration 95
IPF row error: 28.397814, col error: 0.000000
IPF converged at iteration 57
IPF row error: 28.902748, col error: 0.000000
Starting Iterative Proportional Fitting (IPF)...
Starting Iterative Proportional Fitting (IPF)...
IPF converged at iteration 93
IPF row error: 28.729595, col error: 0.000000
Starting Iterative Proportional Fitting (IPF)...
IPF converged at iteration 26
IPF row error: 26.332049, col error: 0.000000
Starting Iterative Proportional Fitting (IPF)...
IPF converged at iteration 38
IPF row error: 26.700215, col error: 0.000000
Starting Iterative Proportional Fitting (IPF)...
IPF converged at iteration 93
IPF row error: 28.650043, col error: 0.000000
  [2023/test] 진행 1260/1750 (72.0%) | 누적 CPC 0.3892 | RMSE 823.5147 | %RMSE 12.8886 | 경과 29.7분 | 예상 남음 11.6분
Starting Iterative Proportional Fitting (IPF)...
IPF converged at iteration 93
IPF row error: 28.650043, col error: 0.000000
Starting Iterative Proportional Fitting (IPF)...
IPF converged at iteration 95
IPF row error: 28.526057, col error: 0.000000
Starting Iterative Proportional Fitting (IPF)...
IPF converged at iteration 93
IPF row error: 28.736910, col error: 0.000000
Starting Iterative Proportional Fitting (IPF)...
IPF converged at iteration 30
IPF row error: 22.771664, col error: 0.000000
Starting Iterative Proportional Fitting (IPF)...
IPF converged at iteration 71
IPF row error: 28.802696, col error: 0.000000
Starting Iterative Proportional Fitting (IPF)...
IPF converged at iteration 34
IPF row error: 24.768601, col error: 0.000000
IPF converged at iteration 25
IPF row error: 24.145218, col error: 0.000000
IPF converged at iteration 89
Starting Iterative Proportional Fitting (IPF)...
IPF row error: 26.915021, col error: 0.000000
Starting Iterative Proportional Fitting (IPF)...
Starting Iterative Proportional Fitting (IPF)...
IPF converged at iteration 25
IPF row error: 21.257849, col error: 0.000000
IPF converged at iteration 95
Starting Iterative Proportional Fitting (IPF)...
IPF row error: 28.544916, col error: 0.000000
IPF converged at iteration 28
Starting Iterative Proportional Fitting (IPF)...
IPF row error: 26.354403, col error: 0.000000
Starting Iterative Proportional Fitting (IPF)...
IPF converged at iteration 41
IPF row error: 24.528047, col error: 0.000000
Starting Iterative Proportional Fitting (IPF)...
IPF converged at iteration 93
IPF row error: 28.815941, col error: 0.000000
Starting Iterative Proportional Fitting (IPF)...
IPF converged at iteration 26
IPF row error: 23.792299, col error: 0.000000
Starting Iterative Proportional Fitting (IPF)...
IPF converged at iteration 95
IPF row error: 28.463665, col error: 0.000000
Starting Iterative Proportional Fitting (IPF)...
IPF converged at iteration 93
IPF row error: 28.816428, col error: 0.000000
Starting Iterative Proportional Fitting (IPF)...
IPF converged at iteration 48
IPF row error: 28.610492, col error: 0.000000
Starting Iterative Proportional Fitting (IPF)...
IPF converged at iteration 41
IPF row error: 28.039424, col error: 0.000000
Starting Iterative Proportional Fitting (IPF)...
IPF converged at iteration 36
IPF row error: 23.399941, col error: 0.000000
Starting Iterative Proportional Fitting (IPF)...
IPF converged at iteration 95
IPF row error: 28.520861, col error: 0.000000
Starting Iterative Proportional Fitting (IPF)...
IPF converged at iteration 95
IPF row error: 28.375604, col error: 0.000000
Starting Iterative Proportional Fitting (IPF)...
IPF converged at iteration 43
IPF row error: 27.572537, col error: 0.000000
Starting Iterative Proportional Fitting (IPF)...
IPF converged at iteration 95
IPF row error: 28.544916, col error: 0.000000
Starting Iterative Proportional Fitting (IPF)...
IPF row error: 29.689943, col error: 0.000000
Starting Iterative Proportional Fitting (IPF)...
IPF converged at iteration 96
IPF row error: 27.056022, col error: 0.000000
Starting Iterative Proportional Fitting (IPF)...
IPF converged at iteration 43
IPF row error: 26.400382, col error: 0.000000
Starting Iterative Proportional Fitting (IPF)...
IPF converged at iteration 93
IPF row error: 28.705531, col error: 0.000000
Starting Iterative Proportional Fitting (IPF)...
IPF converged at iteration 90
IPF row error: 28.375885, col error: 0.000000
Starting Iterative Proportional Fitting (IPF)...
IPF converged at iteration 26
IPF row error: 28.065317, col error: 0.000000
Starting Iterative Proportional Fitting (IPF)...
IPF converged at iteration 34
IPF row error: 26.465725, col error: 0.000000
  [2023/test] 진행 1290/1750 (73.7%) | 누적 CPC 0.3864 | RMSE 825.5877 | %RMSE 12.9104 | 경과 30.5분 | 예상 남음 10.9분
Starting Iterative Proportional Fitting (IPF)...
IPF converged at iteration 95
IPF row error: 28.544916, col error: 0.000000
Starting Iterative Proportional Fitting (IPF)...
IPF converged at iteration 95
IPF row error: 29.162244, col error: 0.000000
Starting Iterative Proportional Fitting (IPF)...
IPF row error: 29.529099, col error: 0.000000
Starting Iterative Proportional Fitting (IPF)...
IPF converged at iteration 93
IPF row error: 28.736910, col error: 0.000000
Starting Iterative Proportional Fitting (IPF)...
IPF converged at iteration 95
IPF row error: 28.397814, col error: 0.000000
Starting Iterative Proportional Fitting (IPF)...
IPF converged at iteration 89
IPF row error: 26.883842, col error: 0.000000
Starting Iterative Proportional Fitting (IPF)...
IPF converged at iteration 93
IPF row error: 28.678472, col error: 0.000000
Starting Iterative Proportional Fitting (IPF)...
IPF converged at iteration 26
IPF row error: 21.323023, col error: 0.000000
IPF row error: 29.689943, col error: 0.000000
Starting Iterative Proportional Fitting (IPF)...
Starting Iterative Proportional Fitting (IPF)...
IPF converged at iteration 93
IPF row error: 28.788380, col error: 0.000000
Starting Iterative Proportional Fitting (IPF)...
IPF converged at iteration 95
IPF row error: 29.179885, col error: 0.000000
Starting Iterative Proportional Fitting (IPF)...
IPF converged at iteration 40
IPF row error: 27.884757, col error: 0.000000
Starting Iterative Proportional Fitting (IPF)...
IPF converged at iteration 26
IPF row error: 21.681800, col error: 0.000000
Starting Iterative Proportional Fitting (IPF)...
IPF converged at iteration 95
IPF row error: 27.872042, col error: 0.000000
Starting Iterative Proportional Fitting (IPF)...
IPF converged at iteration 94
IPF row error: 29.046218, col error: 0.000000
Starting Iterative Proportional Fitting (IPF)...
IPF converged at iteration 34
IPF row error: 27.600955, col error: 0.000000
Starting Iterative Proportional Fitting (IPF)...
IPF converged at iteration 94
IPF row error: 29.046218, col error: 0.000000
Starting Iterative Proportional Fitting (IPF)...
IPF converged at iteration 94
IPF row error: 29.046218, col error: 0.000000
Starting Iterative Proportional Fitting (IPF)...
IPF converged at iteration 28
IPF row error: 25.094198, col error: 0.000000
Starting Iterative Proportional Fitting (IPF)...
IPF converged at iteration 94
IPF row error: 29.082938, col error: 0.000000
Starting Iterative Proportional Fitting (IPF)...
IPF converged at iteration 100
IPF row error: 28.129394, col error: 0.000000
Starting Iterative Proportional Fitting (IPF)...
IPF converged at iteration 100
IPF row error: 28.194949, col error: 0.000000
Starting Iterative Proportional Fitting (IPF)...
IPF converged at iteration 94
IPF row error: 29.082938, col error: 0.000000
IPF converged at iteration 33
IPF row error: 23.757574, col error: 0.000000
Starting Iterative Proportional Fitting (IPF)...
Starting Iterative Proportional Fitting (IPF)...
IPF converged at iteration 94
IPF row error: 29.046218, col error: 0.000000
Starting Iterative Proportional Fitting (IPF)...
IPF converged at iteration 28
IPF row error: 21.937087, col error: 0.000000
Starting Iterative Proportional Fitting (IPF)...
IPF converged at iteration 44
IPF row error: 27.000684, col error: 0.000000
Starting Iterative Proportional Fitting (IPF)...
IPF converged at iteration 95
IPF row error: 27.872042, col error: 0.000000
Starting Iterative Proportional Fitting (IPF)...
IPF converged at iteration 59
IPF row error: 26.449731, col error: 0.000000
Starting Iterative Proportional Fitting (IPF)...
IPF converged at iteration 44
IPF row error: 27.894785, col error: 0.000000
  [2023/test] 진행 1320/1750 (75.4%) | 누적 CPC 0.3833 | RMSE 834.9023 | %RMSE 12.9313 | 경과 31.3분 | 예상 남음 10.2분
Starting Iterative Proportional Fitting (IPF)...
IPF converged at iteration 94
IPF row error: 29.082938, col error: 0.000000
Starting Iterative Proportional Fitting (IPF)...
IPF converged at iteration 26
IPF row error: 25.534447, col error: 0.000000
Starting Iterative Proportional Fitting (IPF)...
IPF converged at iteration 94
IPF row error: 29.046218, col error: 0.000000
Starting Iterative Proportional Fitting (IPF)...
IPF converged at iteration 61
IPF row error: 27.414813, col error: 0.000000
Starting Iterative Proportional Fitting (IPF)...
IPF converged at iteration 33
IPF row error: 27.573072, col error: 0.000000
Starting Iterative Proportional Fitting (IPF)...
IPF converged at iteration 27
IPF row error: 22.065652, col error: 0.000000
Starting Iterative Proportional Fitting (IPF)...
IPF converged at iteration 28
IPF row error: 26.025336, col error: 0.000000
Starting Iterative Proportional Fitting (IPF)...
IPF converged at iteration 95
IPF row error: 27.872042, col error: 0.000000
Starting Iterative Proportional Fitting (IPF)...
IPF converged at iteration 27
IPF row error: 21.894243, col error: 0.000000
Starting Iterative Proportional Fitting (IPF)...
IPF converged at iteration 94
IPF row error: 29.082938, col error: 0.000000
Starting Iterative Proportional Fitting (IPF)...
IPF converged at iteration 38
IPF row error: 25.912250, col error: 0.000000
IPF converged at iteration 59
Starting Iterative Proportional Fitting (IPF)...
IPF row error: 27.226581, col error: 0.000000
Starting Iterative Proportional Fitting (IPF)...
IPF converged at iteration 95
IPF row error: 27.872042, col error: 0.000000
Starting Iterative Proportional Fitting (IPF)...
IPF converged at iteration 26
IPF row error: 26.849441, col error: 0.000000
Starting Iterative Proportional Fitting (IPF)...
IPF converged at iteration 36
IPF row error: 23.459290, col error: 0.000000
Starting Iterative Proportional Fitting (IPF)...
IPF converged at iteration 94
IPF row error: 29.082938, col error: 0.000000
Starting Iterative Proportional Fitting (IPF)...
IPF converged at iteration 64
IPF row error: 27.584196, col error: 0.000000
IPF converged at iteration 100
IPF row error: 28.129394, col error: 0.000000
Starting Iterative Proportional Fitting (IPF)...
Starting Iterative Proportional Fitting (IPF)...
IPF converged at iteration 46
IPF row error: 28.932084, col error: 0.000000
Starting Iterative Proportional Fitting (IPF)...
IPF converged at iteration 94
IPF row error: 29.082938, col error: 0.000000
Starting Iterative Proportional Fitting (IPF)...
IPF converged at iteration 58
IPF row error: 27.106238, col error: 0.000000
IPF converged at iteration 28
Starting Iterative Proportional Fitting (IPF)...
IPF row error: 23.698051, col error: 0.000000
Starting Iterative Proportional Fitting (IPF)...
IPF converged at iteration 94
IPF row error: 29.082938, col error: 0.000000
IPF converged at iteration 94
IPF row error: 29.082938, col error: 0.000000
Starting Iterative Proportional Fitting (IPF)...
Starting Iterative Proportional Fitting (IPF)...
IPF converged at iteration 27
IPF row error: 25.892156, col error: 0.000000
Starting Iterative Proportional Fitting (IPF)...
IPF converged at iteration 29
IPF row error: 24.515000, col error: 0.000000
Starting Iterative Proportional Fitting (IPF)...
IPF converged at iteration 94
IPF row error: 29.082938, col error: 0.000000
IPF converged at iteration 100
IPF row error: 28.297014, col error: 0.000000
Starting Iterative Proportional Fitting (IPF)...
Starting Iterative Proportional Fitting (IPF)...
IPF converged at iteration 94
IPF row error: 29.082938, col error: 0.000000
Starting Iterative Proportional Fitting (IPF)...
IPF converged at iteration 33
IPF row error: 25.348240, col error: 0.000000
  [2023/test] 진행 1350/1750 (77.1%) | 누적 CPC 0.3800 | RMSE 849.8785 | %RMSE 12.9601 | 경과 32.0분 | 예상 남음 9.5분
Starting Iterative Proportional Fitting (IPF)...
IPF converged at iteration 100
IPF row error: 28.194949, col error: 0.000000
Starting Iterative Proportional Fitting (IPF)...
IPF converged at iteration 99
IPF row error: 27.231503, col error: 0.000000
IPF converged at iteration 92
IPF row error: 29.110999, col error: 0.000000
Starting Iterative Proportional Fitting (IPF)...
Starting Iterative Proportional Fitting (IPF)...
IPF converged at iteration 83
IPF row error: 27.634960, col error: 0.000000
Starting Iterative Proportional Fitting (IPF)...
IPF converged at iteration 36
IPF row error: 24.214709, col error: 0.000000
IPF converged at iteration 38
IPF row error: 27.230977, col error: 0.000000
Starting Iterative Proportional Fitting (IPF)...
Starting Iterative Proportional Fitting (IPF)...
IPF converged at iteration 26
IPF row error: 21.342291, col error: 0.000000
Starting Iterative Proportional Fitting (IPF)...
IPF converged at iteration 28
IPF converged at iteration 92
IPF row error: 26.557449, col error: 0.000000
IPF row error: 29.110999, col error: 0.000000
Starting Iterative Proportional Fitting (IPF)...
Starting Iterative Proportional Fitting (IPF)...
IPF converged at iteration 60
IPF row error: 25.852176, col error: 0.000000
Starting Iterative Proportional Fitting (IPF)...
IPF converged at iteration 92
IPF row error: 28.660049, col error: 0.000000
Starting Iterative Proportional Fitting (IPF)...
IPF converged at iteration 27
IPF row error: 21.820532, col error: 0.000000
Starting Iterative Proportional Fitting (IPF)...
IPF converged at iteration 94
IPF row error: 27.746735, col error: 0.000000
Starting Iterative Proportional Fitting (IPF)...
IPF converged at iteration 99
IPF row error: 27.231503, col error: 0.000000
Starting Iterative Proportional Fitting (IPF)...
IPF converged at iteration 26
IPF row error: 28.297027, col error: 0.000000
Starting Iterative Proportional Fitting (IPF)...
IPF converged at iteration 27
IPF row error: 22.878840, col error: 0.000000
Starting Iterative Proportional Fitting (IPF)...
IPF converged at iteration 99
IPF row error: 27.911069, col error: 0.000000
Starting Iterative Proportional Fitting (IPF)...
IPF converged at iteration 92
IPF row error: 28.660012, col error: 0.000000
Starting Iterative Proportional Fitting (IPF)...
IPF converged at iteration 26
IPF row error: 23.578937, col error: 0.000000
Starting Iterative Proportional Fitting (IPF)...
IPF converged at iteration 28
IPF row error: 26.159985, col error: 0.000000
Starting Iterative Proportional Fitting (IPF)...
IPF converged at iteration 94
IPF row error: 28.416241, col error: 0.000000
IPF converged at iteration 28
IPF row error: 26.431845, col error: 0.000000
Starting Iterative Proportional Fitting (IPF)...
Starting Iterative Proportional Fitting (IPF)...
IPF converged at iteration 26
IPF row error: 22.801978, col error: 0.000000
IPF converged at iteration 98
IPF row error: 29.163182, col error: 0.000000
Starting Iterative Proportional Fitting (IPF)...
Starting Iterative Proportional Fitting (IPF)...
IPF converged at iteration 26
IPF row error: 25.995269, col error: 0.000000
IPF converged at iteration 28
Starting Iterative Proportional Fitting (IPF)...
IPF row error: 21.906076, col error: 0.000000
Starting Iterative Proportional Fitting (IPF)...
IPF converged at iteration 80
IPF row error: 28.675754, col error: 0.000000
Starting Iterative Proportional Fitting (IPF)...
IPF converged at iteration 45
IPF row error: 26.573496, col error: 0.000000
Starting Iterative Proportional Fitting (IPF)...
IPF converged at iteration 99
IPF row error: 27.231503, col error: 0.000000
Starting Iterative Proportional Fitting (IPF)...
IPF converged at iteration 27
IPF row error: 24.700828, col error: 0.000000
  [2023/test] 진행 1380/1750 (78.9%) | 누적 CPC 0.3789 | RMSE 874.1949 | %RMSE 13.0968 | 경과 32.8분 | 예상 남음 8.8분
Starting Iterative Proportional Fitting (IPF)...
IPF converged at iteration 27
IPF converged at iteration 92
IPF row error: 22.239368, col error: 0.000000
IPF row error: 29.111026, col error: 0.000000
Starting Iterative Proportional Fitting (IPF)...
Starting Iterative Proportional Fitting (IPF)...
IPF converged at iteration 26
IPF row error: 25.795939, col error: 0.000000
Starting Iterative Proportional Fitting (IPF)...
IPF converged at iteration 28
IPF row error: 23.818380, col error: 0.000000
Starting Iterative Proportional Fitting (IPF)...
IPF converged at iteration 26
IPF row error: 26.144498, col error: 0.000000
Starting Iterative Proportional Fitting (IPF)...
IPF converged at iteration 99
IPF row error: 28.665657, col error: 0.000000
Starting Iterative Proportional Fitting (IPF)...
IPF converged at iteration 92
IPF row error: 29.111026, col error: 0.000000
Starting Iterative Proportional Fitting (IPF)...
IPF converged at iteration 95
IPF row error: 28.551696, col error: 0.000000
Starting Iterative Proportional Fitting (IPF)...
IPF converged at iteration 94
IPF row error: 27.746735, col error: 0.000000
Starting Iterative Proportional Fitting (IPF)...
IPF converged at iteration 95
IPF row error: 27.121921, col error: 0.000000
Starting Iterative Proportional Fitting (IPF)...
IPF converged at iteration 32
IPF row error: 34.754742, col error: 0.000000
Starting Iterative Proportional Fitting (IPF)...
IPF converged at iteration 94
IPF row error: 29.202749, col error: 0.000000
Starting Iterative Proportional Fitting (IPF)...
IPF converged at iteration 40
IPF row error: 28.731434, col error: 0.000000
Starting Iterative Proportional Fitting (IPF)...
IPF converged at iteration 92
IPF row error: 28.660049, col error: 0.000000
Starting Iterative Proportional Fitting (IPF)...
IPF converged at iteration 99
IPF row error: 28.251747, col error: 0.000000
Starting Iterative Proportional Fitting (IPF)...
IPF converged at iteration 92
IPF row error: 28.660012, col error: 0.000000
IPF converged at iteration 99
IPF row error: 28.251747, col error: 0.000000
Starting Iterative Proportional Fitting (IPF)...
Starting Iterative Proportional Fitting (IPF)...
IPF converged at iteration 34
IPF row error: 25.880560, col error: 0.000000
Starting Iterative Proportional Fitting (IPF)...
IPF converged at iteration 95
IPF row error: 27.121921, col error: 0.000000
Starting Iterative Proportional Fitting (IPF)...
IPF converged at iteration 29
IPF row error: 22.861634, col error: 0.000000
Starting Iterative Proportional Fitting (IPF)...
IPF converged at iteration 97
IPF converged at iteration 99
IPF row error: 28.904433, col error: 0.000000
IPF row error: 28.665657, col error: 0.000000
Starting Iterative Proportional Fitting (IPF)...
Starting Iterative Proportional Fitting (IPF)...
IPF converged at iteration 25
IPF row error: 26.790876, col error: 0.000000
Starting Iterative Proportional Fitting (IPF)...
IPF converged at iteration 29
IPF row error: 25.209313, col error: 0.000000
IPF converged at iteration 99
IPF row error: 27.405455, col error: 0.000000
Starting Iterative Proportional Fitting (IPF)...
IPF converged at iteration 92
Starting Iterative Proportional Fitting (IPF)...
IPF row error: 28.661443, col error: 0.000000
Starting Iterative Proportional Fitting (IPF)...
IPF converged at iteration 34
IPF row error: 24.346239, col error: 0.000000
Starting Iterative Proportional Fitting (IPF)...
IPF converged at iteration 89
IPF row error: 27.537937, col error: 0.000000
Starting Iterative Proportional Fitting (IPF)...
IPF converged at iteration 89
IPF row error: 28.614956, col error: 0.000000
IPF converged at iteration 93
IPF row error: 27.089659, col error: 0.000000
  [2023/test] 진행 1410/1750 (80.6%) | 누적 CPC 0.3773 | RMSE 895.6827 | %RMSE 13.1983 | 경과 33.6분 | 예상 남음 8.1분
Starting Iterative Proportional Fitting (IPF)...
Starting Iterative Proportional Fitting (IPF)...
IPF converged at iteration 26
IPF row error: 23.368323, col error: 0.000000
Starting Iterative Proportional Fitting (IPF)...
IPF converged at iteration 89
IPF row error: 28.918733, col error: 0.000000
IPF converged at iteration 48
IPF row error: 28.201645, col error: 0.000000
Starting Iterative Proportional Fitting (IPF)...
IPF converged at iteration 47
Starting Iterative Proportional Fitting (IPF)...
IPF row error: 28.565426, col error: 0.000000
Starting Iterative Proportional Fitting (IPF)...
IPF converged at iteration 27
IPF row error: 27.316908, col error: 0.000000
IPF converged at iteration 26
IPF row error: 21.661453, col error: 0.000000
Starting Iterative Proportional Fitting (IPF)...
Starting Iterative Proportional Fitting (IPF)...
IPF converged at iteration 28
IPF row error: 28.588974, col error: 0.000000
Starting Iterative Proportional Fitting (IPF)...
IPF converged at iteration 89
IPF row error: 27.548125, col error: 0.000000
Starting Iterative Proportional Fitting (IPF)...
IPF converged at iteration 26
IPF row error: 24.421472, col error: 0.000000
Starting Iterative Proportional Fitting (IPF)...
IPF converged at iteration 96
IPF row error: 28.460590, col error: 0.000000
Starting Iterative Proportional Fitting (IPF)...
IPF converged at iteration 26
IPF row error: 23.737948, col error: 0.000000
Starting Iterative Proportional Fitting (IPF)...
IPF converged at iteration 97
IPF row error: 29.134306, col error: 0.000000
Starting Iterative Proportional Fitting (IPF)...
IPF converged at iteration 92
IPF row error: 28.576331, col error: 0.000000
IPF converged at iteration 50
IPF row error: 27.779049, col error: 0.000000
Starting Iterative Proportional Fitting (IPF)...
Starting Iterative Proportional Fitting (IPF)...
IPF converged at iteration 89
IPF row error: 27.548143, col error: 0.000000
Starting Iterative Proportional Fitting (IPF)...
IPF converged at iteration 89
IPF row error: 28.288577, col error: 0.000000
Starting Iterative Proportional Fitting (IPF)...
IPF converged at iteration 88
IPF row error: 28.718702, col error: 0.000000
Starting Iterative Proportional Fitting (IPF)...
IPF converged at iteration 97
IPF row error: 28.904433, col error: 0.000000
Starting Iterative Proportional Fitting (IPF)...
IPF converged at iteration 92
IPF row error: 28.661443, col error: 0.000000
IPF converged at iteration 26
IPF row error: 23.504132, col error: 0.000000
Starting Iterative Proportional Fitting (IPF)...
Starting Iterative Proportional Fitting (IPF)...
IPF converged at iteration 88
IPF row error: 29.133251, col error: 0.000000
Starting Iterative Proportional Fitting (IPF)...
IPF converged at iteration 79
IPF row error: 28.226722, col error: 0.000000
Starting Iterative Proportional Fitting (IPF)...
IPF converged at iteration 68
IPF row error: 26.763810, col error: 0.000000
Starting Iterative Proportional Fitting (IPF)...
IPF converged at iteration 61
IPF row error: 26.177505, col error: 0.000000
Starting Iterative Proportional Fitting (IPF)...
IPF converged at iteration 88
IPF row error: 28.740645, col error: 0.000000
Starting Iterative Proportional Fitting (IPF)...
IPF converged at iteration 26
IPF row error: 26.181378, col error: 0.000000
Starting Iterative Proportional Fitting (IPF)...
IPF converged at iteration 31
IPF row error: 29.151087, col error: 0.000000
IPF converged at iteration 57
IPF row error: 25.609309, col error: 0.000000
Starting Iterative Proportional Fitting (IPF)...
Starting Iterative Proportional Fitting (IPF)...
IPF converged at iteration 26
IPF row error: 22.989147, col error: 0.000000
Starting Iterative Proportional Fitting (IPF)...
IPF converged at iteration 32
IPF row error: 29.082359, col error: 0.000000
  [2023/test] 진행 1440/1750 (82.3%) | 누적 CPC 0.3743 | RMSE 910.7924 | %RMSE 13.2330 | 경과 34.3분 | 예상 남음 7.4분
Starting Iterative Proportional Fitting (IPF)...
IPF converged at iteration 25
IPF row error: 22.513876, col error: 0.000000
IPF converged at iteration 97
Starting Iterative Proportional Fitting (IPF)...
IPF row error: 29.213132, col error: 0.000000
Starting Iterative Proportional Fitting (IPF)...
IPF converged at iteration 97
IPF converged at iteration 27
IPF row error: 28.252935, col error: 0.000000
IPF row error: 22.099399, col error: 0.000000
Starting Iterative Proportional Fitting (IPF)...IPF converged at iteration 27

Starting Iterative Proportional Fitting (IPF)...
IPF row error: 23.649605, col error: 0.000000
Starting Iterative Proportional Fitting (IPF)...
IPF converged at iteration 97
IPF row error: 29.037419, col error: 0.000000
Starting Iterative Proportional Fitting (IPF)...
IPF converged at iteration 27
IPF row error: 26.156599, col error: 0.000000
IPF converged at iteration 34
IPF row error: 28.186060, col error: 0.000000
Starting Iterative Proportional Fitting (IPF)...
Starting Iterative Proportional Fitting (IPF)...
IPF converged at iteration 43
IPF row error: 24.402385, col error: 0.000000
Starting Iterative Proportional Fitting (IPF)...
IPF converged at iteration 38
IPF row error: 28.682133, col error: 0.000000
Starting Iterative Proportional Fitting (IPF)...
IPF converged at iteration 89
IPF row error: 28.614956, col error: 0.000000
Starting Iterative Proportional Fitting (IPF)...
IPF converged at iteration 88
IPF row error: 27.196347, col error: 0.000000
Starting Iterative Proportional Fitting (IPF)...
IPF converged at iteration 56
IPF row error: 25.474676, col error: 0.000000
Starting Iterative Proportional Fitting (IPF)...
IPF converged at iteration 35
IPF row error: 28.912696, col error: 0.000000
IPF converged at iteration 96
IPF row error: 28.824827, col error: 0.000000
Starting Iterative Proportional Fitting (IPF)...
Starting Iterative Proportional Fitting (IPF)...
IPF converged at iteration 39
IPF row error: 24.862609, col error: 0.000000
Starting Iterative Proportional Fitting (IPF)...
IPF converged at iteration 27
IPF row error: 22.213302, col error: 0.000000
Starting Iterative Proportional Fitting (IPF)...
IPF converged at iteration 29
IPF row error: 25.379406, col error: 0.000000
Starting Iterative Proportional Fitting (IPF)...
IPF converged at iteration 34
IPF row error: 27.257899, col error: 0.000000
Starting Iterative Proportional Fitting (IPF)...
IPF converged at iteration 96
IPF converged at iteration 27
IPF row error: 29.011514, col error: 0.000000
IPF row error: 27.733428, col error: 0.000000
Starting Iterative Proportional Fitting (IPF)...
Starting Iterative Proportional Fitting (IPF)...
IPF converged at iteration 91
IPF row error: 29.003725, col error: 0.000000
IPF converged at iteration 25
Starting Iterative Proportional Fitting (IPF)...
IPF row error: 22.771884, col error: 0.000000
Starting Iterative Proportional Fitting (IPF)...
IPF converged at iteration 30
IPF row error: 25.216485, col error: 0.000000
Starting Iterative Proportional Fitting (IPF)...
IPF converged at iteration 30
IPF row error: 28.189364, col error: 0.000000
Starting Iterative Proportional Fitting (IPF)...
IPF converged at iteration 88
IPF row error: 28.413160, col error: 0.000000
Starting Iterative Proportional Fitting (IPF)...
IPF converged at iteration 88
IPF row error: 28.439297, col error: 0.000000
Starting Iterative Proportional Fitting (IPF)...
IPF converged at iteration 28
IPF row error: 24.637421, col error: 0.000000
Starting Iterative Proportional Fitting (IPF)...
IPF converged at iteration 97
IPF row error: 28.499202, col error: 0.000000
Starting Iterative Proportional Fitting (IPF)...
IPF converged at iteration 28
IPF row error: 25.076610, col error: 0.000000
  [2023/test] 진행 1470/1750 (84.0%) | 누적 CPC 0.3718 | RMSE 916.5165 | %RMSE 13.2232 | 경과 35.0분 | 예상 남음 6.7분
Starting Iterative Proportional Fitting (IPF)...
IPF converged at iteration 87
IPF row error: 29.070056, col error: 0.000000
Starting Iterative Proportional Fitting (IPF)...
IPF converged at iteration 91
IPF row error: 29.112172, col error: 0.000000
Starting Iterative Proportional Fitting (IPF)...
IPF converged at iteration 97
IPF row error: 28.499202, col error: 0.000000
Starting Iterative Proportional Fitting (IPF)...
IPF converged at iteration 28
IPF row error: 27.685872, col error: 0.000000
Starting Iterative Proportional Fitting (IPF)...
IPF converged at iteration 96
IPF row error: 27.358963, col error: 0.000000
Starting Iterative Proportional Fitting (IPF)...
IPF converged at iteration 57
IPF row error: 26.665152, col error: 0.000000
Starting Iterative Proportional Fitting (IPF)...
IPF converged at iteration 87
IPF row error: 28.228450, col error: 0.000000
Starting Iterative Proportional Fitting (IPF)...
IPF converged at iteration 88
IPF row error: 27.066413, col error: 0.000000
Starting Iterative Proportional Fitting (IPF)...
IPF converged at iteration 87
IPF converged at iteration 28
IPF row error: 29.070500, col error: 0.000000
IPF row error: 22.732732, col error: 0.000000
IPF converged at iteration 52
IPF row error: 27.607960, col error: 0.000000
Starting Iterative Proportional Fitting (IPF)...
Starting Iterative Proportional Fitting (IPF)...
Starting Iterative Proportional Fitting (IPF)...
IPF converged at iteration 27
IPF row error: 24.210063, col error: 0.000000
IPF converged at iteration 97
IPF row error: 29.064103, col error: 0.000000
Starting Iterative Proportional Fitting (IPF)...
Starting Iterative Proportional Fitting (IPF)...
IPF converged at iteration 44
IPF row error: 28.330847, col error: 0.000000
Starting Iterative Proportional Fitting (IPF)...
IPF converged at iteration 26
IPF row error: 26.618275, col error: 0.000000
IPF converged at iteration 31
Starting Iterative Proportional Fitting (IPF)...
IPF row error: 26.484191, col error: 0.000000
Starting Iterative Proportional Fitting (IPF)...
IPF converged at iteration 87
IPF row error: 28.073971, col error: 0.000000
Starting Iterative Proportional Fitting (IPF)...
IPF converged at iteration 39
IPF row error: 28.609435, col error: 0.000000
Starting Iterative Proportional Fitting (IPF)...
IPF converged at iteration 59
IPF row error: 26.744484, col error: 0.000000
Starting Iterative Proportional Fitting (IPF)...
IPF converged at iteration 97
IPF row error: 28.499202, col error: 0.000000
Starting Iterative Proportional Fitting (IPF)...
IPF converged at iteration 88
IPF row error: 27.868982, col error: 0.000000
Starting Iterative Proportional Fitting (IPF)...
IPF converged at iteration 91
IPF row error: 27.410136, col error: 0.000000
Starting Iterative Proportional Fitting (IPF)...
IPF converged at iteration 88
IPF row error: 26.832825, col error: 0.000000
Starting Iterative Proportional Fitting (IPF)...
IPF converged at iteration 27
IPF row error: 27.244641, col error: 0.000000
Starting Iterative Proportional Fitting (IPF)...
IPF converged at iteration 91
IPF row error: 29.003725, col error: 0.000000
Starting Iterative Proportional Fitting (IPF)...
IPF converged at iteration 35
IPF row error: 28.813071, col error: 0.000000
IPF converged at iteration 27
IPF row error: 26.567690, col error: 0.000000
Starting Iterative Proportional Fitting (IPF)...
IPF converged at iteration 91
IPF row error: 27.410136, col error: 0.000000
Starting Iterative Proportional Fitting (IPF)...
Starting Iterative Proportional Fitting (IPF)...
IPF converged at iteration 29
IPF row error: 25.287316, col error: 0.000000
Starting Iterative Proportional Fitting (IPF)...
IPF converged at iteration 88
IPF row error: 28.408218, col error: 0.000000
  [2023/test] 진행 1500/1750 (85.7%) | 누적 CPC 0.3687 | RMSE 920.4650 | %RMSE 13.2089 | 경과 35.8분 | 예상 남음 6.0분
Starting Iterative Proportional Fitting (IPF)...
IPF converged at iteration 92
IPF row error: 27.140735, col error: 0.000000
IPF converged at iteration 96
IPF row error: 27.635044, col error: 0.000000
Starting Iterative Proportional Fitting (IPF)...
Starting Iterative Proportional Fitting (IPF)...
IPF converged at iteration 92
IPF converged at iteration 25
IPF converged at iteration 26
IPF row error: 27.201642, col error: 0.000000
IPF row error: 24.982875, col error: 0.000000
IPF row error: 26.289400, col error: 0.000000
Starting Iterative Proportional Fitting (IPF)...
Starting Iterative Proportional Fitting (IPF)...
Starting Iterative Proportional Fitting (IPF)...
IPF converged at iteration 91
IPF row error: 29.119739, col error: 0.000000
Starting Iterative Proportional Fitting (IPF)...
IPF converged at iteration 92
IPF converged at iteration 92
IPF row error: 27.201753, col error: 0.000000
IPF row error: 27.309949, col error: 0.000000
Starting Iterative Proportional Fitting (IPF)...
Starting Iterative Proportional Fitting (IPF)...
IPF converged at iteration 99
IPF converged at iteration 93
IPF row error: 28.194727, col error: 0.000000
IPF row error: 29.018616, col error: 0.000000
Starting Iterative Proportional Fitting (IPF)...
Starting Iterative Proportional Fitting (IPF)...
IPF converged at iteration 27
IPF row error: 21.827648, col error: 0.000000
Starting Iterative Proportional Fitting (IPF)...
IPF converged at iteration 52
IPF row error: 25.148685, col error: 0.000000
Starting Iterative Proportional Fitting (IPF)...
IPF converged at iteration 90
IPF row error: 28.354387, col error: 0.000000
Starting Iterative Proportional Fitting (IPF)...
IPF converged at iteration 99
IPF row error: 27.499638, col error: 0.000000
Starting Iterative Proportional Fitting (IPF)...
IPF converged at iteration 92
IPF row error: 27.504626, col error: 0.000000
Starting Iterative Proportional Fitting (IPF)...
IPF converged at iteration 32
IPF row error: 27.426545, col error: 0.000000
Starting Iterative Proportional Fitting (IPF)...
IPF converged at iteration 25
IPF row error: 24.348429, col error: 0.000000
IPF converged at iteration 90
IPF row error: 28.875889, col error: 0.000000
Starting Iterative Proportional Fitting (IPF)...
Starting Iterative Proportional Fitting (IPF)...
IPF converged at iteration 26
IPF row error: 21.752555, col error: 0.000000
Starting Iterative Proportional Fitting (IPF)...
IPF converged at iteration 28
IPF row error: 21.829363, col error: 0.000000
IPF converged at iteration 89
IPF row error: 28.311669, col error: 0.000000
Starting Iterative Proportional Fitting (IPF)...
Starting Iterative Proportional Fitting (IPF)...
IPF converged at iteration 28
IPF row error: 22.480874, col error: 0.000000
Starting Iterative Proportional Fitting (IPF)...
IPF converged at iteration 25
IPF row error: 24.464641, col error: 0.000000
IPF converged at iteration 35
Starting Iterative Proportional Fitting (IPF)...
IPF row error: 28.423966, col error: 0.000000
Starting Iterative Proportional Fitting (IPF)...
IPF converged at iteration 27
IPF row error: 23.031390, col error: 0.000000
IPF converged at iteration 93
IPF row error: 28.588813, col error: 0.000000
Starting Iterative Proportional Fitting (IPF)...
Starting Iterative Proportional Fitting (IPF)...
IPF converged at iteration 28
IPF row error: 26.212590, col error: 0.000000
Starting Iterative Proportional Fitting (IPF)...
IPF converged at iteration 27
IPF row error: 24.734170, col error: 0.000000
IPF converged at iteration 25
IPF row error: 26.109371, col error: 0.000000
Starting Iterative Proportional Fitting (IPF)...
Starting Iterative Proportional Fitting (IPF)...
IPF converged at iteration 26
IPF row error: 22.826971, col error: 0.000000
  [2023/test] 진행 1530/1750 (87.4%) | 누적 CPC 0.3653 | RMSE 919.9887 | %RMSE 13.2599 | 경과 36.7분 | 예상 남음 5.3분
Starting Iterative Proportional Fitting (IPF)...
IPF converged at iteration 30
IPF row error: 27.601201, col error: 0.000000
IPF converged at iteration 93
IPF row error: 29.032226, col error: 0.000000
Starting Iterative Proportional Fitting (IPF)...
Starting Iterative Proportional Fitting (IPF)...
IPF converged at iteration 36
IPF row error: 24.203538, col error: 0.000000
IPF converged at iteration 29
IPF row error: 23.990714, col error: 0.000000
Starting Iterative Proportional Fitting (IPF)...
Starting Iterative Proportional Fitting (IPF)...
IPF converged at iteration 25
IPF row error: 26.370554, col error: 0.000000
Starting Iterative Proportional Fitting (IPF)...
IPF converged at iteration 27
IPF row error: 23.318446, col error: 0.000000
Starting Iterative Proportional Fitting (IPF)...
IPF converged at iteration 27
IPF row error: 25.728212, col error: 0.000000
Starting Iterative Proportional Fitting (IPF)...
IPF converged at iteration 36
IPF row error: 24.722334, col error: 0.000000
Starting Iterative Proportional Fitting (IPF)...
IPF converged at iteration 26
IPF row error: 21.510175, col error: 0.000000
IPF converged at iteration 82
Starting Iterative Proportional Fitting (IPF)...
IPF row error: 26.959476, col error: 0.000000
Starting Iterative Proportional Fitting (IPF)...
IPF converged at iteration 99
IPF row error: 27.349551, col error: 0.000000
Starting Iterative Proportional Fitting (IPF)...
IPF converged at iteration 24
IPF row error: 28.807557, col error: 0.000000
IPF converged at iteration 40
Starting Iterative Proportional Fitting (IPF)...
IPF row error: 25.333539, col error: 0.000000
IPF converged at iteration 51
IPF row error: 26.562933, col error: 0.000000
Starting Iterative Proportional Fitting (IPF)...
Starting Iterative Proportional Fitting (IPF)...
IPF converged at iteration 63
IPF row error: 26.263238, col error: 0.000000
Starting Iterative Proportional Fitting (IPF)...
IPF converged at iteration 25
IPF row error: 27.628203, col error: 0.000000
Starting Iterative Proportional Fitting (IPF)...
IPF converged at iteration 94
IPF row error: 28.300425, col error: 0.000000
Starting Iterative Proportional Fitting (IPF)...
IPF converged at iteration 92
IPF row error: 27.805261, col error: 0.000000
Starting Iterative Proportional Fitting (IPF)...
IPF converged at iteration 99
IPF row error: 27.349551, col error: 0.000000
Starting Iterative Proportional Fitting (IPF)...
IPF converged at iteration 79
IPF row error: 27.503021, col error: 0.000000
Starting Iterative Proportional Fitting (IPF)...
IPF converged at iteration 71
IPF row error: 28.817919, col error: 0.000000
Starting Iterative Proportional Fitting (IPF)...
IPF converged at iteration 90
IPF row error: 27.990926, col error: 0.000000
Starting Iterative Proportional Fitting (IPF)...
IPF converged at iteration 98
IPF row error: 28.696386, col error: 0.000000
Starting Iterative Proportional Fitting (IPF)...
IPF converged at iteration 77
IPF row error: 29.043560, col error: 0.000000
Starting Iterative Proportional Fitting (IPF)...
IPF converged at iteration 52
IPF converged at iteration 91
IPF row error: 28.385653, col error: 0.000000
IPF row error: 27.354647, col error: 0.000000
Starting Iterative Proportional Fitting (IPF)...
Starting Iterative Proportional Fitting (IPF)...
IPF converged at iteration 93
IPF row error: 28.031765, col error: 0.000000
Starting Iterative Proportional Fitting (IPF)...
IPF converged at iteration 38
IPF row error: 28.317896, col error: 0.000000
IPF converged at iteration 90
IPF row error: 28.744252, col error: 0.000000
Starting Iterative Proportional Fitting (IPF)...
Starting Iterative Proportional Fitting (IPF)...
IPF converged at iteration 34
IPF row error: 23.719860, col error: 0.000000
  [2023/test] 진행 1560/1750 (89.1%) | 누적 CPC 0.3622 | RMSE 915.9990 | %RMSE 13.2909 | 경과 37.5분 | 예상 남음 4.6분
Starting Iterative Proportional Fitting (IPF)...
IPF converged at iteration 93
IPF row error: 27.732577, col error: 0.000000
Starting Iterative Proportional Fitting (IPF)...
IPF converged at iteration 93
IPF row error: 28.031765, col error: 0.000000
IPF converged at iteration 91
IPF row error: 27.377597, col error: 0.000000
Starting Iterative Proportional Fitting (IPF)...
Starting Iterative Proportional Fitting (IPF)...
IPF converged at iteration 74
IPF row error: 27.504611, col error: 0.000000
Starting Iterative Proportional Fitting (IPF)...
IPF converged at iteration 27
IPF row error: 24.244230, col error: 0.000000
Starting Iterative Proportional Fitting (IPF)...
IPF converged at iteration 33
IPF row error: 28.283020, col error: 0.000000
Starting Iterative Proportional Fitting (IPF)...
IPF converged at iteration 98
IPF row error: 28.214509, col error: 0.000000
Starting Iterative Proportional Fitting (IPF)...
IPF converged at iteration 34
IPF row error: 23.319158, col error: 0.000000
Starting Iterative Proportional Fitting (IPF)...
IPF converged at iteration 98
IPF row error: 27.350855, col error: 0.000000
Starting Iterative Proportional Fitting (IPF)...
IPF converged at iteration 45
IPF row error: 25.478458, col error: 0.000000
Starting Iterative Proportional Fitting (IPF)...
IPF converged at iteration 90
IPF row error: 29.191566, col error: 0.000000
Starting Iterative Proportional Fitting (IPF)...
IPF converged at iteration 90
IPF row error: 27.741508, col error: 0.000000
Starting Iterative Proportional Fitting (IPF)...
IPF converged at iteration 98
IPF row error: 27.350855, col error: 0.000000
Starting Iterative Proportional Fitting (IPF)...
IPF converged at iteration 98
IPF row error: 27.350855, col error: 0.000000
Starting Iterative Proportional Fitting (IPF)...
IPF converged at iteration 93
IPF row error: 27.775353, col error: 0.000000
Starting Iterative Proportional Fitting (IPF)...
IPF converged at iteration 90
IPF row error: 29.201999, col error: 0.000000
Starting Iterative Proportional Fitting (IPF)...
IPF converged at iteration 25
IPF row error: 24.417098, col error: 0.000000
Starting Iterative Proportional Fitting (IPF)...
IPF converged at iteration 90
IPF row error: 29.201999, col error: 0.000000
Starting Iterative Proportional Fitting (IPF)...
IPF converged at iteration 90
IPF row error: 29.075569, col error: 0.000000
Starting Iterative Proportional Fitting (IPF)...
IPF converged at iteration 81
IPF row error: 27.433473, col error: 0.000000
Starting Iterative Proportional Fitting (IPF)...
IPF converged at iteration 27
IPF row error: 22.601423, col error: 0.000000
Starting Iterative Proportional Fitting (IPF)...
IPF converged at iteration 98
IPF row error: 27.321523, col error: 0.000000
Starting Iterative Proportional Fitting (IPF)...
IPF converged at iteration 26
IPF row error: 26.209842, col error: 0.000000
Starting Iterative Proportional Fitting (IPF)...
IPF converged at iteration 98
IPF row error: 27.648776, col error: 0.000000
Starting Iterative Proportional Fitting (IPF)...
IPF converged at iteration 98
IPF row error: 28.214509, col error: 0.000000
IPF converged at iteration 93
IPF row error: 27.732577, col error: 0.000000
Starting Iterative Proportional Fitting (IPF)...
Starting Iterative Proportional Fitting (IPF)...
IPF converged at iteration 26
IPF row error: 26.063920, col error: 0.000000
Starting Iterative Proportional Fitting (IPF)...
IPF converged at iteration 27
IPF row error: 25.704289, col error: 0.000000
IPF converged at iteration 25
IPF row error: 24.370130, col error: 0.000000
Starting Iterative Proportional Fitting (IPF)...
Starting Iterative Proportional Fitting (IPF)...
IPF converged at iteration 90
IPF row error: 28.552972, col error: 0.000000
  [2023/test] 진행 1590/1750 (90.9%) | 누적 CPC 0.3588 | RMSE 905.7295 | %RMSE 13.2520 | 경과 38.3분 | 예상 남음 3.9분
Starting Iterative Proportional Fitting (IPF)...
IPF converged at iteration 51
IPF row error: 25.240187, col error: 0.000000
Starting Iterative Proportional Fitting (IPF)...
IPF converged at iteration 98
IPF row error: 28.510539, col error: 0.000000
IPF converged at iteration 90
IPF row error: 28.278807, col error: 0.000000
Starting Iterative Proportional Fitting (IPF)...
Starting Iterative Proportional Fitting (IPF)...
IPF converged at iteration 90
IPF row error: 27.941747, col error: 0.000000
Starting Iterative Proportional Fitting (IPF)...
IPF converged at iteration 27
IPF row error: 21.936483, col error: 0.000000
Starting Iterative Proportional Fitting (IPF)...
IPF converged at iteration 93
IPF row error: 28.142616, col error: 0.000000
Starting Iterative Proportional Fitting (IPF)...
IPF converged at iteration 98
IPF row error: 27.648776, col error: 0.000000
IPF converged at iteration 90
IPF row error: 28.700222, col error: 0.000000
Starting Iterative Proportional Fitting (IPF)...
Starting Iterative Proportional Fitting (IPF)...
IPF converged at iteration 90
IPF row error: 29.201999, col error: 0.000000
Starting Iterative Proportional Fitting (IPF)...
IPF converged at iteration 24
IPF row error: 28.896409, col error: 0.000000
Starting Iterative Proportional Fitting (IPF)...
IPF converged at iteration 91
IPF row error: 27.354346, col error: 0.000000
Starting Iterative Proportional Fitting (IPF)...
IPF converged at iteration 33
IPF converged at iteration 40
IPF row error: 25.586530, col error: 0.000000
IPF row error: 25.716581, col error: 0.000000
Starting Iterative Proportional Fitting (IPF)...
Starting Iterative Proportional Fitting (IPF)...
IPF converged at iteration 28
IPF row error: 22.268945, col error: 0.000000
IPF converged at iteration 92
IPF row error: 28.694054, col error: 0.000000
Starting Iterative Proportional Fitting (IPF)...
Starting Iterative Proportional Fitting (IPF)...
IPF converged at iteration 91
IPF row error: 28.455479, col error: 0.000000
Starting Iterative Proportional Fitting (IPF)...
IPF converged at iteration 94
IPF row error: 28.262366, col error: 0.000000
Starting Iterative Proportional Fitting (IPF)...
IPF converged at iteration 38
IPF row error: 24.730836, col error: 0.000000
Starting Iterative Proportional Fitting (IPF)...
IPF converged at iteration 91
IPF row error: 27.604338, col error: 0.000000
Starting Iterative Proportional Fitting (IPF)...
IPF converged at iteration 99
IPF row error: 28.417173, col error: 0.000000
Starting Iterative Proportional Fitting (IPF)...
IPF converged at iteration 27
IPF row error: 28.560946, col error: 0.000000
Starting Iterative Proportional Fitting (IPF)...
IPF converged at iteration 32
IPF row error: 23.552427, col error: 0.000000
Starting Iterative Proportional Fitting (IPF)...
IPF converged at iteration 92
IPF row error: 28.571618, col error: 0.000000
Starting Iterative Proportional Fitting (IPF)...
IPF converged at iteration 27
IPF row error: 23.837657, col error: 0.000000
Starting Iterative Proportional Fitting (IPF)...
IPF converged at iteration 92
IPF row error: 27.737062, col error: 0.000000
Starting Iterative Proportional Fitting (IPF)...
IPF converged at iteration 92
IPF row error: 27.811702, col error: 0.000000
Starting Iterative Proportional Fitting (IPF)...
IPF converged at iteration 29
IPF row error: 31.531551, col error: 0.000000
IPF converged at iteration 91
IPF row error: 27.621838, col error: 0.000000
Starting Iterative Proportional Fitting (IPF)...
Starting Iterative Proportional Fitting (IPF)...
IPF converged at iteration 28
IPF row error: 23.605114, col error: 0.000000
Starting Iterative Proportional Fitting (IPF)...
IPF converged at iteration 43
IPF row error: 25.449478, col error: 0.000000
  [2023/test] 진행 1620/1750 (92.6%) | 누적 CPC 0.3569 | RMSE 900.1457 | %RMSE 13.2425 | 경과 39.5분 | 예상 남음 3.2분
Starting Iterative Proportional Fitting (IPF)...
IPF converged at iteration 84
IPF row error: 29.213091, col error: 0.000000
Starting Iterative Proportional Fitting (IPF)...
IPF converged at iteration 91
IPF row error: 26.997188, col error: 0.000000
Starting Iterative Proportional Fitting (IPF)...
IPF converged at iteration 91
IPF row error: 27.839094, col error: 0.000000
Starting Iterative Proportional Fitting (IPF)...
IPF converged at iteration 99
IPF row error: 28.091067, col error: 0.000000
Starting Iterative Proportional Fitting (IPF)...
IPF converged at iteration 93
IPF row error: 26.987917, col error: 0.000000
Starting Iterative Proportional Fitting (IPF)...
IPF converged at iteration 26
IPF row error: 21.721763, col error: 0.000000
Starting Iterative Proportional Fitting (IPF)...
IPF converged at iteration 38
IPF row error: 24.932167, col error: 0.000000
IPF converged at iteration 92
IPF row error: 27.613987, col error: 0.000000
Starting Iterative Proportional Fitting (IPF)...
Starting Iterative Proportional Fitting (IPF)...
IPF converged at iteration 91
IPF row error: 28.328174, col error: 0.000000
Starting Iterative Proportional Fitting (IPF)...
IPF converged at iteration 43
IPF row error: 27.587981, col error: 0.000000
Starting Iterative Proportional Fitting (IPF)...
IPF converged at iteration 91
IPF row error: 27.669158, col error: 0.000000
Starting Iterative Proportional Fitting (IPF)...
IPF converged at iteration 99
IPF row error: 28.054361, col error: 0.000000
Starting Iterative Proportional Fitting (IPF)...
IPF converged at iteration 100
IPF row error: 27.638713, col error: 0.000000
Starting Iterative Proportional Fitting (IPF)...
IPF converged at iteration 99
IPF row error: 29.178887, col error: 0.000000
IPF converged at iteration 84
IPF row error: 28.826273, col error: 0.000000
Starting Iterative Proportional Fitting (IPF)...
Starting Iterative Proportional Fitting (IPF)...
IPF converged at iteration 28
IPF row error: 23.064845, col error: 0.000000
Starting Iterative Proportional Fitting (IPF)...
IPF converged at iteration 93
IPF row error: 28.815941, col error: 0.000000
IPF converged at iteration 99
IPF row error: 29.063530, col error: 0.000000
Starting Iterative Proportional Fitting (IPF)...
Starting Iterative Proportional Fitting (IPF)...
IPF converged at iteration 46
IPF row error: 25.237516, col error: 0.000000
Starting Iterative Proportional Fitting (IPF)...
IPF row error: 29.529099, col error: 0.000000
Starting Iterative Proportional Fitting (IPF)...
IPF converged at iteration 91
IPF row error: 28.380154, col error: 0.000000
IPF converged at iteration 91
IPF converged at iteration 25
IPF row error: 27.545595, col error: 0.000000
IPF row error: 26.857093, col error: 0.000000
Starting Iterative Proportional Fitting (IPF)...
Starting Iterative Proportional Fitting (IPF)...
Starting Iterative Proportional Fitting (IPF)...
IPF converged at iteration 71
IPF row error: 26.845216, col error: 0.000000
IPF converged at iteration 26
Starting Iterative Proportional Fitting (IPF)...
IPF row error: 22.448350, col error: 0.000000
Starting Iterative Proportional Fitting (IPF)...
IPF converged at iteration 29
IPF row error: 25.050169, col error: 0.000000
Starting Iterative Proportional Fitting (IPF)...
IPF converged at iteration 25
IPF row error: 25.771841, col error: 0.000000
Starting Iterative Proportional Fitting (IPF)...
IPF converged at iteration 90
IPF row error: 29.141454, col error: 0.000000
Starting Iterative Proportional Fitting (IPF)...
IPF converged at iteration 39
IPF row error: 25.561703, col error: 0.000000
Starting Iterative Proportional Fitting (IPF)...
IPF converged at iteration 84
IPF row error: 26.987336, col error: 0.000000
  [2023/test] 진행 1650/1750 (94.3%) | 누적 CPC 0.3557 | RMSE 897.8607 | %RMSE 13.2695 | 경과 40.5분 | 예상 남음 2.5분
Starting Iterative Proportional Fitting (IPF)...
IPF converged at iteration 93
IPF row error: 27.054194, col error: 0.000000
Starting Iterative Proportional Fitting (IPF)...
IPF converged at iteration 81
IPF row error: 27.487186, col error: 0.000000
Starting Iterative Proportional Fitting (IPF)...
IPF converged at iteration 99
IPF row error: 27.175263, col error: 0.000000
Starting Iterative Proportional Fitting (IPF)...
IPF converged at iteration 90
IPF row error: 28.177316, col error: 0.000000
Starting Iterative Proportional Fitting (IPF)...
IPF converged at iteration 91
IPF row error: 28.856526, col error: 0.000000
Starting Iterative Proportional Fitting (IPF)...
IPF converged at iteration 50
IPF row error: 25.948027, col error: 0.000000
Starting Iterative Proportional Fitting (IPF)...
IPF converged at iteration 91
IPF row error: 28.965543, col error: 0.000000
IPF converged at iteration 99
IPF row error: 27.175263, col error: 0.000000
Starting Iterative Proportional Fitting (IPF)...
Starting Iterative Proportional Fitting (IPF)...
IPF converged at iteration 90
IPF row error: 28.193836, col error: 0.000000
Starting Iterative Proportional Fitting (IPF)...
IPF converged at iteration 26
IPF row error: 22.606380, col error: 0.000000
Starting Iterative Proportional Fitting (IPF)...IPF converged at iteration 33

IPF row error: 24.063827, col error: 0.000000
Starting Iterative Proportional Fitting (IPF)...
IPF converged at iteration 26
IPF row error: 23.700038, col error: 0.000000
Starting Iterative Proportional Fitting (IPF)...
IPF converged at iteration 91
IPF row error: 28.885092, col error: 0.000000
Starting Iterative Proportional Fitting (IPF)...
IPF converged at iteration 54
IPF row error: 25.664178, col error: 0.000000
Starting Iterative Proportional Fitting (IPF)...
IPF converged at iteration 26
IPF row error: 28.346909, col error: 0.000000
Starting Iterative Proportional Fitting (IPF)...
IPF converged at iteration 86
IPF row error: 26.804428, col error: 0.000000
Starting Iterative Proportional Fitting (IPF)...
IPF converged at iteration 37
IPF row error: 25.422320, col error: 0.000000
Starting Iterative Proportional Fitting (IPF)...
IPF converged at iteration 91
IPF row error: 28.751669, col error: 0.000000
Starting Iterative Proportional Fitting (IPF)...
IPF converged at iteration 27
IPF row error: 22.437019, col error: 0.000000
Starting Iterative Proportional Fitting (IPF)...
IPF converged at iteration 31
IPF row error: 24.788950, col error: 0.000000
Starting Iterative Proportional Fitting (IPF)...
IPF converged at iteration 26
IPF row error: 27.577483, col error: 0.000000
Starting Iterative Proportional Fitting (IPF)...
IPF converged at iteration 100
IPF row error: 28.194949, col error: 0.000000
Starting Iterative Proportional Fitting (IPF)...
IPF converged at iteration 39
IPF row error: 28.776794, col error: 0.000000
Starting Iterative Proportional Fitting (IPF)...
IPF converged at iteration 27
IPF row error: 24.027646, col error: 0.000000
Starting Iterative Proportional Fitting (IPF)...
IPF converged at iteration 28
IPF row error: 21.858152, col error: 0.000000
Starting Iterative Proportional Fitting (IPF)...
IPF converged at iteration 91
IPF row error: 28.856562, col error: 0.000000
Starting Iterative Proportional Fitting (IPF)...
IPF converged at iteration 27
IPF row error: 23.995842, col error: 0.000000
Starting Iterative Proportional Fitting (IPF)...
IPF converged at iteration 26
IPF row error: 21.430617, col error: 0.000000
Starting Iterative Proportional Fitting (IPF)...
IPF converged at iteration 29
IPF row error: 25.083876, col error: 0.000000
IPF converged at iteration 93
IPF row error: 28.244468, col error: 0.000000
  [2023/test] 진행 1680/1750 (96.0%) | 누적 CPC 0.3541 | RMSE 898.1071 | %RMSE 13.2540 | 경과 41.3분 | 예상 남음 1.7분
Starting Iterative Proportional Fitting (IPF)...
Starting Iterative Proportional Fitting (IPF)...
IPF converged at iteration 83
IPF row error: 27.727294, col error: 0.000000
Starting Iterative Proportional Fitting (IPF)...
IPF converged at iteration 27
IPF row error: 22.533343, col error: 0.000000
Starting Iterative Proportional Fitting (IPF)...
IPF converged at iteration 100
IPF row error: 28.194949, col error: 0.000000
Starting Iterative Proportional Fitting (IPF)...
IPF converged at iteration 39
IPF row error: 25.774704, col error: 0.000000
Starting Iterative Proportional Fitting (IPF)...
IPF converged at iteration 83
IPF row error: 27.763729, col error: 0.000000
Starting Iterative Proportional Fitting (IPF)...
IPF converged at iteration 46
IPF row error: 28.807519, col error: 0.000000
Starting Iterative Proportional Fitting (IPF)...
IPF converged at iteration 90
IPF row error: 28.089021, col error: 0.000000
Starting Iterative Proportional Fitting (IPF)...
IPF converged at iteration 26
IPF row error: 28.551722, col error: 0.000000
Starting Iterative Proportional Fitting (IPF)...
IPF converged at iteration 28
IPF row error: 22.581657, col error: 0.000000
Starting Iterative Proportional Fitting (IPF)...
IPF converged at iteration 90
IPF row error: 28.177316, col error: 0.000000
Starting Iterative Proportional Fitting (IPF)...
IPF converged at iteration 90
IPF row error: 28.180923, col error: 0.000000
Starting Iterative Proportional Fitting (IPF)...
IPF converged at iteration 29
IPF row error: 24.750271, col error: 0.000000
Starting Iterative Proportional Fitting (IPF)...
IPF converged at iteration 90
IPF row error: 28.006027, col error: 0.000000
Starting Iterative Proportional Fitting (IPF)...
IPF converged at iteration 90
IPF row error: 28.037883, col error: 0.000000
Starting Iterative Proportional Fitting (IPF)...
IPF converged at iteration 27
IPF row error: 23.880927, col error: 0.000000
Starting Iterative Proportional Fitting (IPF)...
IPF converged at iteration 26
IPF row error: 26.655857, col error: 0.000000
Starting Iterative Proportional Fitting (IPF)...
IPF converged at iteration 37
IPF row error: 26.738816, col error: 0.000000
Starting Iterative Proportional Fitting (IPF)...
IPF converged at iteration 100
IPF row error: 28.194949, col error: 0.000000
Starting Iterative Proportional Fitting (IPF)...
IPF converged at iteration 27
IPF row error: 23.114743, col error: 0.000000
Starting Iterative Proportional Fitting (IPF)...
IPF converged at iteration 86
IPF row error: 27.555288, col error: 0.000000
Starting Iterative Proportional Fitting (IPF)...
IPF converged at iteration 91
IPF row error: 27.554420, col error: 0.000000
Starting Iterative Proportional Fitting (IPF)...
IPF converged at iteration 97
IPF row error: 28.127277, col error: 0.000000
IPF converged at iteration 97
Starting Iterative Proportional Fitting (IPF)...
IPF row error: 27.962752, col error: 0.000000
Starting Iterative Proportional Fitting (IPF)...
IPF converged at iteration 25
IPF converged at iteration 90
IPF row error: 24.524655, col error: 0.000000
IPF row error: 27.724516, col error: 0.000000
Starting Iterative Proportional Fitting (IPF)...
Starting Iterative Proportional Fitting (IPF)...
IPF converged at iteration 36
IPF row error: 26.309716, col error: 0.000000
Starting Iterative Proportional Fitting (IPF)...
IPF converged at iteration 55
IPF row error: 29.182913, col error: 0.000000
Starting Iterative Proportional Fitting (IPF)...
IPF converged at iteration 90
IPF row error: 26.931363, col error: 0.000000
Starting Iterative Proportional Fitting (IPF)...
IPF converged at iteration 91
IPF row error: 27.884482, col error: 0.000000
Starting Iterative Proportional Fitting (IPF)...
IPF converged at iteration 90
IPF row error: 28.113401, col error: 0.000000
  [2023/test] 진행 1710/1750 (97.7%) | 누적 CPC 0.3527 | RMSE 906.8713 | %RMSE 13.2887 | 경과 42.2분 | 예상 남음 1.0분
IPF converged at iteration 25
IPF row error: 25.547114, col error: 0.000000
Starting Iterative Proportional Fitting (IPF)...
Starting Iterative Proportional Fitting (IPF)...
IPF converged at iteration 24
IPF row error: 28.946158, col error: 0.000000
IPF converged at iteration 89
IPF row error: 27.378463, col error: 0.000000
Starting Iterative Proportional Fitting (IPF)...
Starting Iterative Proportional Fitting (IPF)...
IPF converged at iteration 98
IPF row error: 27.148044, col error: 0.000000
Starting Iterative Proportional Fitting (IPF)...
IPF converged at iteration 67
IPF row error: 27.783786, col error: 0.000000
Starting Iterative Proportional Fitting (IPF)...
IPF converged at iteration 44
IPF converged at iteration 89
IPF row error: 25.380153, col error: 0.000000
IPF row error: 28.794475, col error: 0.000000
Starting Iterative Proportional Fitting (IPF)...
Starting Iterative Proportional Fitting (IPF)...
IPF converged at iteration 97
IPF row error: 28.748756, col error: 0.000000
Starting Iterative Proportional Fitting (IPF)...
IPF converged at iteration 27
IPF row error: 26.139332, col error: 0.000000
Starting Iterative Proportional Fitting (IPF)...
IPF converged at iteration 89
IPF row error: 28.688062, col error: 0.000000
Starting Iterative Proportional Fitting (IPF)...
IPF converged at iteration 47
IPF row error: 27.814124, col error: 0.000000
IPF converged at iteration 43
IPF row error: 26.348400, col error: 0.000000
Starting Iterative Proportional Fitting (IPF)...
Starting Iterative Proportional Fitting (IPF)...
IPF converged at iteration 26
IPF row error: 21.775892, col error: 0.000000
Starting Iterative Proportional Fitting (IPF)...
IPF converged at iteration 27
IPF row error: 24.591818, col error: 0.000000
Starting Iterative Proportional Fitting (IPF)...
IPF converged at iteration 39
IPF row error: 27.198104, col error: 0.000000
Starting Iterative Proportional Fitting (IPF)...
IPF converged at iteration 78
IPF row error: 27.000156, col error: 0.000000
IPF converged at iteration 30
Starting Iterative Proportional Fitting (IPF)...
IPF row error: 23.641383, col error: 0.000000
Starting Iterative Proportional Fitting (IPF)...
IPF converged at iteration 28
IPF row error: 22.895780, col error: 0.000000
Starting Iterative Proportional Fitting (IPF)...
IPF converged at iteration 89
IPF row error: 28.470936, col error: 0.000000
Starting Iterative Proportional Fitting (IPF)...
IPF converged at iteration 54
IPF row error: 25.301541, col error: 0.000000
IPF converged at iteration 26
Starting Iterative Proportional Fitting (IPF)...
IPF row error: 23.746740, col error: 0.000000
Starting Iterative Proportional Fitting (IPF)...
IPF converged at iteration 91
IPF row error: 28.365916, col error: 0.000000
IPF converged at iteration 91
Starting Iterative Proportional Fitting (IPF)...
IPF row error: 28.914633, col error: 0.000000
Starting Iterative Proportional Fitting (IPF)...
IPF converged at iteration 26
IPF row error: 24.789918, col error: 0.000000
Starting Iterative Proportional Fitting (IPF)...
IPF converged at iteration 27
IPF row error: 27.091078, col error: 0.000000
Starting Iterative Proportional Fitting (IPF)...
IPF converged at iteration 90
IPF row error: 28.053578, col error: 0.000000
Starting Iterative Proportional Fitting (IPF)...
IPF converged at iteration 90
IPF row error: 27.948807, col error: 0.000000
IPF converged at iteration 89
IPF row error: 28.983936, col error: 0.000000
Starting Iterative Proportional Fitting (IPF)...
Starting Iterative Proportional Fitting (IPF)...
IPF converged at iteration 79
IPF row error: 28.697836, col error: 0.000000
Starting Iterative Proportional Fitting (IPF)...
IPF converged at iteration 41
IPF row error: 24.283135, col error: 0.000000
  [2023/test] 진행 1740/1750 (99.4%) | 누적 CPC 0.3519 | RMSE 933.0670 | %RMSE 13.4134 | 경과 42.9분 | 예상 남음 0.2분
Starting Iterative Proportional Fitting (IPF)...
IPF converged at iteration 30
IPF row error: 25.102867, col error: 0.000000
Starting Iterative Proportional Fitting (IPF)...
IPF converged at iteration 90
IPF row error: 26.910127, col error: 0.000000
Starting Iterative Proportional Fitting (IPF)...
IPF converged at iteration 28
IPF row error: 28.690803, col error: 0.000000
Starting Iterative Proportional Fitting (IPF)...
IPF converged at iteration 91
IPF row error: 27.113571, col error: 0.000000
Starting Iterative Proportional Fitting (IPF)...
IPF converged at iteration 28
IPF row error: 23.032214, col error: 0.000000
Starting Iterative Proportional Fitting (IPF)...
IPF converged at iteration 86
IPF row error: 27.693284, col error: 0.000000
Starting Iterative Proportional Fitting (IPF)...
IPF converged at iteration 89
IPF row error: 28.470857, col error: 0.000000
IPF converged at iteration 29
IPF row error: 28.963126, col error: 0.000000
IPF converged at iteration 89
IPF row error: 29.136846, col error: 0.000000
IPF converged at iteration 91
IPF row error: 27.203337, col error: 0.000000
  [2023/test] 진행 1750/1750 (100.0%) | 누적 CPC 0.3514 | RMSE 942.3506 | %RMSE 13.4558 | 경과 43.1분 | 예상 남음 0.0분
  [2023/test] 완료: 1750/1750
1. 절대 모델의 구조와 하이퍼파라미터를 test가 좋아지는 방향으로 하지 말 것. -> val이 좋아지는 방향으로 조정
2. 모델의 성능이 좋아지는 게 목적이 아니라 기존 방식을 잘 재현하는게 목적이야.

===연도별===

=== task별 종합 성능 (모든 도시) ===
[year=2023, split=test, task=0] (n=350) CPC=0.5060±0.0660  RMSE=601.6042±327.1222  %RMSE=12.0263±4.5886
[year=2023, split=test, task=1] (n=350) CPC=0.5109±0.0668  RMSE=578.1334±277.0580  %RMSE=11.6911±4.3535
[year=2023, split=test, task=2] (n=350) CPC=0.2378±0.0746  RMSE=1135.9498±680.8507  %RMSE=14.9262±3.7222
[year=2023, split=test, task=3] (n=350) CPC=0.2581±0.0522  RMSE=1247.8911±555.4095  %RMSE=14.1236±3.5142
[year=2023, split=test, task=4] (n=350) CPC=0.2442±0.0811  RMSE=1148.1745±692.7688  %RMSE=14.5117±3.8252

=== task/도시별 성능 ===
[year=2023, split=test, task=0, city=감일동] (n=50) CPC=0.3823±0.0000  RMSE=494.3456±0.0000  %RMSE=17.2163±0.0000
[year=2023, split=test, task=0, city=다산] (n=50) CPC=0.5647±0.0000  RMSE=614.0622±0.0000  %RMSE=8.7820±0.0000
[year=2023, split=test, task=0, city=랜덤1] (n=50) CPC=0.4966±0.0000  RMSE=555.4024±0.0000  %RMSE=14.0903±0.0000
[year=2023, split=test, task=0, city=랜덤2] (n=50) CPC=0.5567±0.0000  RMSE=402.3340±0.0000  %RMSE=7.9185±0.0000
[year=2023, split=test, task=0, city=랜덤3] (n=50) CPC=0.4848±0.0000  RMSE=1366.4642±0.0000  %RMSE=17.9257±0.0000
[year=2023, split=test, task=0, city=미사] (n=50) CPC=0.5904±0.0000  RMSE=288.2871±0.0000  %RMSE=4.8152±0.0000
[year=2023, split=test, task=0, city=배곧] (n=50) CPC=0.4666±0.0000  RMSE=490.3337±0.0000  %RMSE=13.4360±0.0000
[year=2023, split=test, task=1, city=감일동] (n=50) CPC=0.3823±0.0037  RMSE=501.9034±14.4837  %RMSE=17.3319±0.3213
[year=2023, split=test, task=1, city=다산] (n=50) CPC=0.5646±0.0069  RMSE=599.2797±42.3361  %RMSE=8.5046±0.6491
[year=2023, split=test, task=1, city=랜덤1] (n=50) CPC=0.4953±0.0047  RMSE=559.2874±8.6083  %RMSE=14.1286±0.1015
[year=2023, split=test, task=1, city=랜덤2] (n=50) CPC=0.5570±0.0029  RMSE=405.1319±4.9425  %RMSE=7.9328±0.0435
[year=2023, split=test, task=1, city=랜덤3] (n=50) CPC=0.5181±0.0274  RMSE=1201.3179±137.2086  %RMSE=15.7001±1.8642
[year=2023, split=test, task=1, city=미사] (n=50) CPC=0.5921±0.0056  RMSE=288.6732±10.0871  %RMSE=4.8042±0.1611
[year=2023, split=test, task=1, city=배곧] (n=50) CPC=0.4666±0.0016  RMSE=491.3405±8.8027  %RMSE=13.4356±0.2176
[year=2023, split=test, task=2, city=감일동] (n=50) CPC=0.2108±0.0732  RMSE=359.2122±100.9876  %RMSE=11.3160±3.5501
[year=2023, split=test, task=2, city=다산] (n=50) CPC=0.2428±0.0746  RMSE=1588.6559±258.8025  %RMSE=15.0535±1.8907
[year=2023, split=test, task=2, city=랜덤1] (n=50) CPC=0.2711±0.0482  RMSE=793.7936±114.9758  %RMSE=15.9551±1.9319
[year=2023, split=test, task=2, city=랜덤2] (n=50) CPC=0.2368±0.0628  RMSE=844.8689±197.8543  %RMSE=12.4686±2.3575
[year=2023, split=test, task=2, city=랜덤3] (n=50) CPC=0.2929±0.0675  RMSE=2464.9038±467.9749  %RMSE=20.5216±2.2796
[year=2023, split=test, task=2, city=미사] (n=50) CPC=0.2050±0.0751  RMSE=1065.3596±130.0694  %RMSE=12.2295±0.8042
[year=2023, split=test, task=2, city=배곧] (n=50) CPC=0.2053±0.0670  RMSE=834.8549±87.2893  %RMSE=16.9391±1.7010
[year=2023, split=test, task=3, city=감일동] (n=50) CPC=0.2366±0.0026  RMSE=275.1905±1.7524  %RMSE=7.5703±0.0685
[year=2023, split=test, task=3, city=다산] (n=50) CPC=0.2833±0.0024  RMSE=1565.2684±1.2434  %RMSE=15.3192±0.0900
[year=2023, split=test, task=3, city=랜덤1] (n=50) CPC=0.2640±0.0441  RMSE=944.1204±241.8093  %RMSE=13.7507±1.5925
[year=2023, split=test, task=3, city=랜덤2] (n=50) CPC=0.2365±0.0444  RMSE=1440.0564±315.2259  %RMSE=13.9460±0.9825
[year=2023, split=test, task=3, city=랜덤3] (n=50) CPC=0.3296±0.0665  RMSE=2020.7186±396.2762  %RMSE=19.6173±2.5420
[year=2023, split=test, task=3, city=미사] (n=50) CPC=0.2477±0.0026  RMSE=1382.3391±2.9283  %RMSE=13.9989±0.0927
[year=2023, split=test, task=3, city=배곧] (n=50) CPC=0.2089±0.0384  RMSE=1107.5441±182.6372  %RMSE=14.6628±1.1960
[year=2023, split=test, task=4, city=감일동] (n=50) CPC=0.1842±0.0563  RMSE=351.2084±94.1005  %RMSE=10.5202±3.3456
[year=2023, split=test, task=4, city=다산] (n=50) CPC=0.2442±0.0874  RMSE=1581.0231±404.5580  %RMSE=14.5935±2.5474
[year=2023, split=test, task=4, city=랜덤1] (n=50) CPC=0.2904±0.0646  RMSE=764.1974±153.9718  %RMSE=14.6089±2.1798
[year=2023, split=test, task=4, city=랜덤2] (n=50) CPC=0.2624±0.0771  RMSE=933.6874±290.0191  %RMSE=12.4611±2.0757
[year=2023, split=test, task=4, city=랜덤3] (n=50) CPC=0.3005±0.0658  RMSE=2415.6910±516.0547  %RMSE=20.5283±1.5762
[year=2023, split=test, task=4, city=미사] (n=50) CPC=0.2300±0.0859  RMSE=1087.1742±328.5943  %RMSE=12.1885±1.2842
[year=2023, split=test, task=4, city=배곧] (n=50) CPC=0.1977±0.0419  RMSE=904.2402±138.1817  %RMSE=16.6816±2.2561

=== 도시별 성능 (모든 task) ===
[year=2023, split=test, city=감일동] (n=250) CPC=0.2792±0.0952  RMSE=396.3720±107.8031  %RMSE=12.7909±4.4428
[year=2023, split=test, city=다산] (n=250) CPC=0.3799±0.1600  RMSE=1189.6579±522.6368  %RMSE=12.4506±3.4386
[year=2023, split=test, city=랜덤1] (n=250) CPC=0.3635±0.1161  RMSE=723.3602±202.9610  %RMSE=14.5067±1.6749
[year=2023, split=test, city=랜덤2] (n=250) CPC=0.3699±0.1605  RMSE=805.2157±439.5748  %RMSE=10.9454±2.9221
[year=2023, split=test, city=랜덤3] (n=250) CPC=0.3852±0.1100  RMSE=1893.8191±637.7188  %RMSE=18.8586±2.6303
[year=2023, split=test, city=미사] (n=250) CPC=0.3730±0.1858  RMSE=822.3666±477.0346  %RMSE=9.6073±4.0296
[year=2023, split=test, city=배곧] (n=250) CPC=0.3090±0.1346  RMSE=765.6627±265.3603  %RMSE=15.0310±2.0519

===연도 종합===

=== task별 종합 성능 (모든 도시) ===
[split=test, task=0] (n=350) CPC=0.5060±0.0660  RMSE=601.6042±327.1222  %RMSE=12.0263±4.5886
[split=test, task=1] (n=350) CPC=0.5109±0.0668  RMSE=578.1334±277.0580  %RMSE=11.6911±4.3535
[split=test, task=2] (n=350) CPC=0.2378±0.0746  RMSE=1135.9498±680.8507  %RMSE=14.9262±3.7222
[split=test, task=3] (n=350) CPC=0.2581±0.0522  RMSE=1247.8911±555.4095  %RMSE=14.1236±3.5142
[split=test, task=4] (n=350) CPC=0.2442±0.0811  RMSE=1148.1745±692.7688  %RMSE=14.5117±3.8252

=== task/도시별 성능 ===
[split=test, task=0, city=감일동] (n=50) CPC=0.3823±0.0000  RMSE=494.3456±0.0000  %RMSE=17.2163±0.0000
[split=test, task=0, city=다산] (n=50) CPC=0.5647±0.0000  RMSE=614.0622±0.0000  %RMSE=8.7820±0.0000
[split=test, task=0, city=랜덤1] (n=50) CPC=0.4966±0.0000  RMSE=555.4024±0.0000  %RMSE=14.0903±0.0000
[split=test, task=0, city=랜덤2] (n=50) CPC=0.5567±0.0000  RMSE=402.3340±0.0000  %RMSE=7.9185±0.0000
[split=test, task=0, city=랜덤3] (n=50) CPC=0.4848±0.0000  RMSE=1366.4642±0.0000  %RMSE=17.9257±0.0000
[split=test, task=0, city=미사] (n=50) CPC=0.5904±0.0000  RMSE=288.2871±0.0000  %RMSE=4.8152±0.0000
[split=test, task=0, city=배곧] (n=50) CPC=0.4666±0.0000  RMSE=490.3337±0.0000  %RMSE=13.4360±0.0000
[split=test, task=1, city=감일동] (n=50) CPC=0.3823±0.0037  RMSE=501.9034±14.4837  %RMSE=17.3319±0.3213
[split=test, task=1, city=다산] (n=50) CPC=0.5646±0.0069  RMSE=599.2797±42.3361  %RMSE=8.5046±0.6491
[split=test, task=1, city=랜덤1] (n=50) CPC=0.4953±0.0047  RMSE=559.2874±8.6083  %RMSE=14.1286±0.1015
[split=test, task=1, city=랜덤2] (n=50) CPC=0.5570±0.0029  RMSE=405.1319±4.9425  %RMSE=7.9328±0.0435
[split=test, task=1, city=랜덤3] (n=50) CPC=0.5181±0.0274  RMSE=1201.3179±137.2086  %RMSE=15.7001±1.8642
[split=test, task=1, city=미사] (n=50) CPC=0.5921±0.0056  RMSE=288.6732±10.0871  %RMSE=4.8042±0.1611
[split=test, task=1, city=배곧] (n=50) CPC=0.4666±0.0016  RMSE=491.3405±8.8027  %RMSE=13.4356±0.2176
[split=test, task=2, city=감일동] (n=50) CPC=0.2108±0.0732  RMSE=359.2122±100.9876  %RMSE=11.3160±3.5501
[split=test, task=2, city=다산] (n=50) CPC=0.2428±0.0746  RMSE=1588.6559±258.8025  %RMSE=15.0535±1.8907
[split=test, task=2, city=랜덤1] (n=50) CPC=0.2711±0.0482  RMSE=793.7936±114.9758  %RMSE=15.9551±1.9319
[split=test, task=2, city=랜덤2] (n=50) CPC=0.2368±0.0628  RMSE=844.8689±197.8543  %RMSE=12.4686±2.3575
[split=test, task=2, city=랜덤3] (n=50) CPC=0.2929±0.0675  RMSE=2464.9038±467.9749  %RMSE=20.5216±2.2796
[split=test, task=2, city=미사] (n=50) CPC=0.2050±0.0751  RMSE=1065.3596±130.0694  %RMSE=12.2295±0.8042
[split=test, task=2, city=배곧] (n=50) CPC=0.2053±0.0670  RMSE=834.8549±87.2893  %RMSE=16.9391±1.7010
[split=test, task=3, city=감일동] (n=50) CPC=0.2366±0.0026  RMSE=275.1905±1.7524  %RMSE=7.5703±0.0685
[split=test, task=3, city=다산] (n=50) CPC=0.2833±0.0024  RMSE=1565.2684±1.2434  %RMSE=15.3192±0.0900
[split=test, task=3, city=랜덤1] (n=50) CPC=0.2640±0.0441  RMSE=944.1204±241.8093  %RMSE=13.7507±1.5925
[split=test, task=3, city=랜덤2] (n=50) CPC=0.2365±0.0444  RMSE=1440.0564±315.2259  %RMSE=13.9460±0.9825
[split=test, task=3, city=랜덤3] (n=50) CPC=0.3296±0.0665  RMSE=2020.7186±396.2762  %RMSE=19.6173±2.5420
[split=test, task=3, city=미사] (n=50) CPC=0.2477±0.0026  RMSE=1382.3391±2.9283  %RMSE=13.9989±0.0927
[split=test, task=3, city=배곧] (n=50) CPC=0.2089±0.0384  RMSE=1107.5441±182.6372  %RMSE=14.6628±1.1960
[split=test, task=4, city=감일동] (n=50) CPC=0.1842±0.0563  RMSE=351.2084±94.1005  %RMSE=10.5202±3.3456
[split=test, task=4, city=다산] (n=50) CPC=0.2442±0.0874  RMSE=1581.0231±404.5580  %RMSE=14.5935±2.5474
[split=test, task=4, city=랜덤1] (n=50) CPC=0.2904±0.0646  RMSE=764.1974±153.9718  %RMSE=14.6089±2.1798
[split=test, task=4, city=랜덤2] (n=50) CPC=0.2624±0.0771  RMSE=933.6874±290.0191  %RMSE=12.4611±2.0757
[split=test, task=4, city=랜덤3] (n=50) CPC=0.3005±0.0658  RMSE=2415.6910±516.0547  %RMSE=20.5283±1.5762
[split=test, task=4, city=미사] (n=50) CPC=0.2300±0.0859  RMSE=1087.1742±328.5943  %RMSE=12.1885±1.2842
[split=test, task=4, city=배곧] (n=50) CPC=0.1977±0.0419  RMSE=904.2402±138.1817  %RMSE=16.6816±2.2561

=== 도시별 성능 (모든 task) ===
[split=test, city=감일동] (n=250) CPC=0.2792±0.0952  RMSE=396.3720±107.8031  %RMSE=12.7909±4.4428
[split=test, city=다산] (n=250) CPC=0.3799±0.1600  RMSE=1189.6579±522.6368  %RMSE=12.4506±3.4386
[split=test, city=랜덤1] (n=250) CPC=0.3635±0.1161  RMSE=723.3602±202.9610  %RMSE=14.5067±1.6749
[split=test, city=랜덤2] (n=250) CPC=0.3699±0.1605  RMSE=805.2157±439.5748  %RMSE=10.9454±2.9221
[split=test, city=랜덤3] (n=250) CPC=0.3852±0.1100  RMSE=1893.8191±637.7188  %RMSE=18.8586±2.6303
[split=test, city=미사] (n=250) CPC=0.3730±0.1858  RMSE=822.3666±477.0346  %RMSE=9.6073±4.0296
[split=test, city=배곧] (n=250) CPC=0.3090±0.1346  RMSE=765.6627±265.3603  %RMSE=15.0310±2.0519

===총 종합===

=== 전체 종합 (연도/task/도시 모두 무관) ===
[split=test] (n=1750) CPC=0.3514±0.1457  RMSE=942.3506±609.5404  %RMSE=13.4558±4.2362
[LOG] saved to C:\Users\금경훈\Desktop\mobility_foundation\KTxTS_project\src\gravity(경훈)\logs\gravity_lgbm_zero_20260808_222037.log
