[LOG] saving console output to C:\Users\금경훈\Desktop\mobility_foundation\KTxTS_project\src\gravity(경훈)\logs\gravity_trip_rate_zero_20260808_230400.log
Dataset 초기화 완료 (Imputation: zero)
argument='trip_rate'
Start Model Training on years: 2023
Training Model for Origin Generation (O_i) using trip_rate...

Evaluating 2023 / test ...
  [2023/test] 1750개 샘플 병렬 평가 중 (threads=4)...
Starting Iterative Proportional Fitting (IPF)...
Starting Iterative Proportional Fitting (IPF)...Starting Iterative Proportional Fitting (IPF)...Starting Iterative Proportional Fitting (IPF)...


IPF converged at iteration 32
IPF converged at iteration 32
IPF converged at iteration 32
IPF converged at iteration 32
IPF row error: 65.290807, col error: 0.000000
IPF row error: 65.290807, col error: 0.000000
IPF row error: 65.290807, col error: 0.000000
IPF row error: 65.290807, col error: 0.000000
Starting Iterative Proportional Fitting (IPF)...
Starting Iterative Proportional Fitting (IPF)...
Starting Iterative Proportional Fitting (IPF)...
Starting Iterative Proportional Fitting (IPF)...
IPF converged at iteration 32
IPF converged at iteration 32
IPF converged at iteration 32
IPF converged at iteration 32
IPF row error: 65.290807, col error: 0.000000
IPF row error: 65.290807, col error: 0.000000
IPF row error: 65.290807, col error: 0.000000
IPF row error: 65.290807, col error: 0.000000
Starting Iterative Proportional Fitting (IPF)...Starting Iterative Proportional Fitting (IPF)...

Starting Iterative Proportional Fitting (IPF)...
Starting Iterative Proportional Fitting (IPF)...
IPF converged at iteration 32
IPF converged at iteration 32
IPF converged at iteration 32
IPF row error: 65.290807, col error: 0.000000
IPF row error: 65.290807, col error: 0.000000
IPF converged at iteration 32
IPF row error: 65.290807, col error: 0.000000
IPF row error: 65.290807, col error: 0.000000
Starting Iterative Proportional Fitting (IPF)...
Starting Iterative Proportional Fitting (IPF)...
Starting Iterative Proportional Fitting (IPF)...
Starting Iterative Proportional Fitting (IPF)...
IPF converged at iteration 32
IPF converged at iteration 32
IPF converged at iteration 32
IPF row error: 65.290807, col error: 0.000000
IPF row error: 65.290807, col error: 0.000000
IPF row error: 65.290807, col error: 0.000000
IPF converged at iteration 32
IPF row error: 65.290807, col error: 0.000000
Starting Iterative Proportional Fitting (IPF)...
Starting Iterative Proportional Fitting (IPF)...
Starting Iterative Proportional Fitting (IPF)...
Starting Iterative Proportional Fitting (IPF)...
IPF converged at iteration 32
IPF converged at iteration 32
IPF converged at iteration 32
IPF row error: 65.290807, col error: 0.000000
IPF converged at iteration 32
IPF row error: 65.290807, col error: 0.000000
IPF row error: 65.290807, col error: 0.000000
IPF row error: 65.290807, col error: 0.000000
Starting Iterative Proportional Fitting (IPF)...
Starting Iterative Proportional Fitting (IPF)...
Starting Iterative Proportional Fitting (IPF)...
Starting Iterative Proportional Fitting (IPF)...
IPF converged at iteration 32
IPF converged at iteration 32
IPF converged at iteration 32
IPF converged at iteration 32
IPF row error: 65.290807, col error: 0.000000
IPF row error: 65.290807, col error: 0.000000
IPF row error: 65.290807, col error: 0.000000
IPF row error: 65.290807, col error: 0.000000
Starting Iterative Proportional Fitting (IPF)...Starting Iterative Proportional Fitting (IPF)...

Starting Iterative Proportional Fitting (IPF)...
Starting Iterative Proportional Fitting (IPF)...
IPF converged at iteration 32
IPF converged at iteration 32
IPF row error: 65.290807, col error: 0.000000
IPF converged at iteration 32
IPF row error: 65.290807, col error: 0.000000
IPF converged at iteration 32
IPF row error: 65.290807, col error: 0.000000
IPF row error: 65.290807, col error: 0.000000
Starting Iterative Proportional Fitting (IPF)...
Starting Iterative Proportional Fitting (IPF)...
Starting Iterative Proportional Fitting (IPF)...
Starting Iterative Proportional Fitting (IPF)...
IPF converged at iteration 32
IPF converged at iteration 32
IPF converged at iteration 32
IPF row error: 65.290807, col error: 0.000000
IPF converged at iteration 32
IPF row error: 65.290807, col error: 0.000000
  [2023/test] 진행 30/1750 (1.7%) | 누적 CPC 0.7592 | RMSE 230.7981 | %RMSE 3.3007 | 경과 0.4분 | 예상 남음 23.6분IPF row error: 65.290807, col error: 0.000000

IPF row error: 65.290807, col error: 0.000000
Starting Iterative Proportional Fitting (IPF)...
Starting Iterative Proportional Fitting (IPF)...
Starting Iterative Proportional Fitting (IPF)...
Starting Iterative Proportional Fitting (IPF)...
IPF converged at iteration 32
IPF converged at iteration 32
IPF row error: 65.290807, col error: 0.000000
IPF converged at iteration 32
IPF converged at iteration 32
IPF row error: 65.290807, col error: 0.000000
IPF row error: 65.290807, col error: 0.000000
IPF row error: 65.290807, col error: 0.000000
Starting Iterative Proportional Fitting (IPF)...
Starting Iterative Proportional Fitting (IPF)...
Starting Iterative Proportional Fitting (IPF)...
Starting Iterative Proportional Fitting (IPF)...
IPF converged at iteration 32
IPF row error: 65.290807, col error: 0.000000
IPF converged at iteration 32
IPF converged at iteration 32
IPF row error: 65.290807, col error: 0.000000
IPF row error: 65.290807, col error: 0.000000
IPF converged at iteration 32
IPF row error: 65.290807, col error: 0.000000
Starting Iterative Proportional Fitting (IPF)...
Starting Iterative Proportional Fitting (IPF)...
Starting Iterative Proportional Fitting (IPF)...
Starting Iterative Proportional Fitting (IPF)...
IPF converged at iteration 32
IPF converged at iteration 32
IPF row error: 65.290807, col error: 0.000000
IPF row error: 65.290807, col error: 0.000000
IPF converged at iteration 32
IPF row error: 65.290807, col error: 0.000000
Starting Iterative Proportional Fitting (IPF)...
Starting Iterative Proportional Fitting (IPF)...
IPF converged at iteration 32
IPF row error: 65.290807, col error: 0.000000
Starting Iterative Proportional Fitting (IPF)...
Starting Iterative Proportional Fitting (IPF)...
IPF converged at iteration 32
IPF converged at iteration 32
IPF row error: 65.290807, col error: 0.000000
IPF row error: 65.290807, col error: 0.000000
Starting Iterative Proportional Fitting (IPF)...
IPF converged at iteration 32
Starting Iterative Proportional Fitting (IPF)...
IPF row error: 65.290807, col error: 0.000000
IPF converged at iteration 32
IPF row error: 65.290807, col error: 0.000000
Starting Iterative Proportional Fitting (IPF)...
Starting Iterative Proportional Fitting (IPF)...
IPF converged at iteration 32
IPF row error: 65.290807, col error: 0.000000
IPF converged at iteration 32
IPF row error: 65.290807, col error: 0.000000
Starting Iterative Proportional Fitting (IPF)...
Starting Iterative Proportional Fitting (IPF)...
IPF converged at iteration 32
IPF row error: 64.681871, col error: 0.000000
IPF converged at iteration 32
IPF row error: 64.681871, col error: 0.000000
Starting Iterative Proportional Fitting (IPF)...
Starting Iterative Proportional Fitting (IPF)...
IPF converged at iteration 32
IPF row error: 64.681871, col error: 0.000000
IPF converged at iteration 32
IPF row error: 64.681871, col error: 0.000000
Starting Iterative Proportional Fitting (IPF)...
Starting Iterative Proportional Fitting (IPF)...
IPF converged at iteration 32
IPF row error: 64.681871, col error: 0.000000
IPF converged at iteration 32
IPF row error: 64.681871, col error: 0.000000
Starting Iterative Proportional Fitting (IPF)...
Starting Iterative Proportional Fitting (IPF)...
IPF converged at iteration 32
IPF row error: 64.681871, col error: 0.000000
Starting Iterative Proportional Fitting (IPF)...
IPF converged at iteration 32
IPF row error: 64.681871, col error: 0.000000
Starting Iterative Proportional Fitting (IPF)...
IPF converged at iteration 32
IPF row error: 64.681871, col error: 0.000000
IPF converged at iteration 32
IPF row error: 64.681871, col error: 0.000000
  [2023/test] 진행 60/1750 (3.4%) | 누적 CPC 0.7481 | RMSE 240.2409 | %RMSE 3.5508 | 경과 0.8분 | 예상 남음 23.4분
Starting Iterative Proportional Fitting (IPF)...
Starting Iterative Proportional Fitting (IPF)...
IPF converged at iteration 32
IPF row error: 64.681871, col error: 0.000000
Starting Iterative Proportional Fitting (IPF)...
IPF converged at iteration 32
IPF row error: 64.681871, col error: 0.000000
Starting Iterative Proportional Fitting (IPF)...
IPF converged at iteration 32
IPF row error: 64.681871, col error: 0.000000
IPF converged at iteration 32
Starting Iterative Proportional Fitting (IPF)...
IPF row error: 64.681871, col error: 0.000000
Starting Iterative Proportional Fitting (IPF)...
IPF converged at iteration 32
IPF row error: 64.681871, col error: 0.000000
Starting Iterative Proportional Fitting (IPF)...
IPF converged at iteration 32
IPF row error: 64.681871, col error: 0.000000
Starting Iterative Proportional Fitting (IPF)...
IPF converged at iteration 32
IPF row error: 64.681871, col error: 0.000000
IPF converged at iteration 32
Starting Iterative Proportional Fitting (IPF)...
IPF row error: 64.681871, col error: 0.000000
Starting Iterative Proportional Fitting (IPF)...
IPF converged at iteration 32
IPF row error: 64.681871, col error: 0.000000
Starting Iterative Proportional Fitting (IPF)...
IPF converged at iteration 32
IPF row error: 64.681871, col error: 0.000000
Starting Iterative Proportional Fitting (IPF)...
IPF converged at iteration 32
IPF row error: 64.681871, col error: 0.000000
IPF converged at iteration 32
Starting Iterative Proportional Fitting (IPF)...
IPF row error: 64.681871, col error: 0.000000
Starting Iterative Proportional Fitting (IPF)...
IPF converged at iteration 32
IPF row error: 64.681871, col error: 0.000000
Starting Iterative Proportional Fitting (IPF)...
IPF converged at iteration 32
IPF row error: 64.681871, col error: 0.000000
Starting Iterative Proportional Fitting (IPF)...
IPF converged at iteration 32
IPF row error: 64.681871, col error: 0.000000
Starting Iterative Proportional Fitting (IPF)...
IPF converged at iteration 32
IPF row error: 64.681871, col error: 0.000000
Starting Iterative Proportional Fitting (IPF)...
IPF converged at iteration 32
IPF row error: 64.681871, col error: 0.000000
Starting Iterative Proportional Fitting (IPF)...
IPF converged at iteration 32
IPF row error: 64.681871, col error: 0.000000
Starting Iterative Proportional Fitting (IPF)...
IPF converged at iteration 32
IPF row error: 64.681871, col error: 0.000000
Starting Iterative Proportional Fitting (IPF)...
IPF converged at iteration 32
IPF row error: 64.681871, col error: 0.000000
Starting Iterative Proportional Fitting (IPF)...
IPF converged at iteration 32
IPF row error: 64.681871, col error: 0.000000
Starting Iterative Proportional Fitting (IPF)...
IPF converged at iteration 32
IPF row error: 64.681871, col error: 0.000000
Starting Iterative Proportional Fitting (IPF)...
IPF converged at iteration 32
IPF row error: 64.681871, col error: 0.000000
Starting Iterative Proportional Fitting (IPF)...
IPF converged at iteration 32
IPF row error: 64.681871, col error: 0.000000
Starting Iterative Proportional Fitting (IPF)...
IPF converged at iteration 32
IPF row error: 64.681871, col error: 0.000000
Starting Iterative Proportional Fitting (IPF)...
IPF converged at iteration 32
IPF row error: 64.681871, col error: 0.000000
Starting Iterative Proportional Fitting (IPF)...
IPF converged at iteration 32
IPF row error: 64.681871, col error: 0.000000
Starting Iterative Proportional Fitting (IPF)...
IPF converged at iteration 32
IPF row error: 64.681871, col error: 0.000000
Starting Iterative Proportional Fitting (IPF)...
IPF converged at iteration 32
IPF row error: 64.681871, col error: 0.000000
Starting Iterative Proportional Fitting (IPF)...
IPF converged at iteration 32
IPF row error: 64.681871, col error: 0.000000
  [2023/test] 진행 90/1750 (5.1%) | 누적 CPC 0.7297 | RMSE 255.9790 | %RMSE 3.9677 | 경과 1.4분 | 예상 남음 25.2분
Starting Iterative Proportional Fitting (IPF)...
IPF converged at iteration 32
IPF row error: 64.681871, col error: 0.000000
Starting Iterative Proportional Fitting (IPF)...
IPF converged at iteration 32
IPF row error: 64.681871, col error: 0.000000
Starting Iterative Proportional Fitting (IPF)...
IPF converged at iteration 32
IPF row error: 64.681871, col error: 0.000000
IPF converged at iteration 32
Starting Iterative Proportional Fitting (IPF)...
IPF row error: 64.681871, col error: 0.000000
Starting Iterative Proportional Fitting (IPF)...
IPF converged at iteration 32
IPF row error: 64.681871, col error: 0.000000
Starting Iterative Proportional Fitting (IPF)...
IPF converged at iteration 32
IPF row error: 64.681871, col error: 0.000000
Starting Iterative Proportional Fitting (IPF)...
IPF converged at iteration 32
IPF row error: 64.681871, col error: 0.000000
Starting Iterative Proportional Fitting (IPF)...
IPF converged at iteration 32
IPF row error: 64.681871, col error: 0.000000
Starting Iterative Proportional Fitting (IPF)...
IPF converged at iteration 32
IPF row error: 64.681871, col error: 0.000000
Starting Iterative Proportional Fitting (IPF)...
IPF converged at iteration 32
IPF row error: 64.681871, col error: 0.000000
Starting Iterative Proportional Fitting (IPF)...
IPF converged at iteration 32
IPF row error: 64.808154, col error: 0.000000
Starting Iterative Proportional Fitting (IPF)...
IPF converged at iteration 32
IPF row error: 64.808154, col error: 0.000000
Starting Iterative Proportional Fitting (IPF)...
IPF converged at iteration 32
IPF row error: 64.808154, col error: 0.000000
Starting Iterative Proportional Fitting (IPF)...
IPF converged at iteration 32
IPF row error: 64.808154, col error: 0.000000
IPF converged at iteration 32
IPF row error: 64.808154, col error: 0.000000
Starting Iterative Proportional Fitting (IPF)...
Starting Iterative Proportional Fitting (IPF)...
IPF converged at iteration 32
IPF row error: 64.808154, col error: 0.000000
Starting Iterative Proportional Fitting (IPF)...
IPF converged at iteration 32
IPF row error: 64.808154, col error: 0.000000
Starting Iterative Proportional Fitting (IPF)...
IPF converged at iteration 32
IPF converged at iteration 32
IPF row error: 64.808154, col error: 0.000000
IPF row error: 64.808154, col error: 0.000000
Starting Iterative Proportional Fitting (IPF)...
Starting Iterative Proportional Fitting (IPF)...
IPF converged at iteration 32
IPF row error: 64.808154, col error: 0.000000
Starting Iterative Proportional Fitting (IPF)...
IPF converged at iteration 32
IPF row error: 64.808154, col error: 0.000000
Starting Iterative Proportional Fitting (IPF)...
IPF converged at iteration 32
IPF converged at iteration 32
IPF row error: 64.808154, col error: 0.000000
IPF row error: 64.808154, col error: 0.000000
Starting Iterative Proportional Fitting (IPF)...
IPF converged at iteration 32
IPF row error: 64.808154, col error: 0.000000
Starting Iterative Proportional Fitting (IPF)...
Starting Iterative Proportional Fitting (IPF)...
IPF converged at iteration 32
IPF row error: 64.808154, col error: 0.000000
Starting Iterative Proportional Fitting (IPF)...
IPF converged at iteration 32
IPF row error: 64.808154, col error: 0.000000
IPF converged at iteration 32
IPF row error: 64.808154, col error: 0.000000
Starting Iterative Proportional Fitting (IPF)...
IPF converged at iteration 32
IPF row error: 64.808154, col error: 0.000000
Starting Iterative Proportional Fitting (IPF)...
Starting Iterative Proportional Fitting (IPF)...
IPF converged at iteration 32
IPF row error: 64.808154, col error: 0.000000
Starting Iterative Proportional Fitting (IPF)...
IPF converged at iteration 32
IPF row error: 64.808154, col error: 0.000000
  [2023/test] 진행 120/1750 (6.9%) | 누적 CPC 0.7171 | RMSE 250.8608 | %RMSE 4.3328 | 경과 1.9분 | 예상 남음 25.2분
IPF converged at iteration 32
IPF row error: 64.808154, col error: 0.000000
Starting Iterative Proportional Fitting (IPF)...
IPF converged at iteration 32
IPF row error: 64.808154, col error: 0.000000
Starting Iterative Proportional Fitting (IPF)...
Starting Iterative Proportional Fitting (IPF)...
IPF converged at iteration 32
IPF row error: 64.808154, col error: 0.000000
Starting Iterative Proportional Fitting (IPF)...
IPF converged at iteration 32
IPF row error: 64.808154, col error: 0.000000
Starting Iterative Proportional Fitting (IPF)...
IPF converged at iteration 32
IPF row error: 64.808154, col error: 0.000000
IPF converged at iteration 32
IPF row error: 64.808154, col error: 0.000000
Starting Iterative Proportional Fitting (IPF)...
Starting Iterative Proportional Fitting (IPF)...
IPF converged at iteration 32
IPF row error: 64.808154, col error: 0.000000
Starting Iterative Proportional Fitting (IPF)...
IPF converged at iteration 32
IPF row error: 64.808154, col error: 0.000000
IPF converged at iteration 32
Starting Iterative Proportional Fitting (IPF)...
IPF row error: 64.808154, col error: 0.000000
IPF converged at iteration 32
IPF row error: 64.808154, col error: 0.000000
Starting Iterative Proportional Fitting (IPF)...
Starting Iterative Proportional Fitting (IPF)...
IPF converged at iteration 32
IPF row error: 64.808154, col error: 0.000000
IPF converged at iteration 32
Starting Iterative Proportional Fitting (IPF)...
IPF row error: 64.808154, col error: 0.000000
Starting Iterative Proportional Fitting (IPF)...
IPF converged at iteration 32
IPF row error: 64.808154, col error: 0.000000
IPF converged at iteration 32
IPF row error: 64.808154, col error: 0.000000
Starting Iterative Proportional Fitting (IPF)...
Starting Iterative Proportional Fitting (IPF)...
IPF converged at iteration 32
IPF row error: 64.808154, col error: 0.000000
IPF converged at iteration 32
IPF row error: 64.808154, col error: 0.000000
Starting Iterative Proportional Fitting (IPF)...
Starting Iterative Proportional Fitting (IPF)...
IPF converged at iteration 32
IPF row error: 64.808154, col error: 0.000000
IPF converged at iteration 32
IPF row error: 64.808154, col error: 0.000000
Starting Iterative Proportional Fitting (IPF)...
Starting Iterative Proportional Fitting (IPF)...
IPF converged at iteration 32
IPF converged at iteration 32
IPF row error: 64.808154, col error: 0.000000
IPF row error: 64.808154, col error: 0.000000
Starting Iterative Proportional Fitting (IPF)...
Starting Iterative Proportional Fitting (IPF)...
IPF converged at iteration 32
IPF row error: 64.808154, col error: 0.000000
Starting Iterative Proportional Fitting (IPF)...
IPF converged at iteration 32
IPF row error: 64.808154, col error: 0.000000
Starting Iterative Proportional Fitting (IPF)...
IPF converged at iteration 32
IPF row error: 64.808154, col error: 0.000000
IPF converged at iteration 32
IPF row error: 64.808154, col error: 0.000000
Starting Iterative Proportional Fitting (IPF)...
IPF converged at iteration 32
IPF row error: 64.808154, col error: 0.000000
Starting Iterative Proportional Fitting (IPF)...
Starting Iterative Proportional Fitting (IPF)...
IPF converged at iteration 32
IPF row error: 64.808154, col error: 0.000000
Starting Iterative Proportional Fitting (IPF)...
IPF converged at iteration 32
IPF row error: 64.808154, col error: 0.000000
IPF converged at iteration 32
Starting Iterative Proportional Fitting (IPF)...
IPF row error: 64.808154, col error: 0.000000
IPF converged at iteration 32
IPF row error: 64.808154, col error: 0.000000
Starting Iterative Proportional Fitting (IPF)...
Starting Iterative Proportional Fitting (IPF)...
IPF converged at iteration 32
IPF row error: 64.808154, col error: 0.000000
  [2023/test] 진행 150/1750 (8.6%) | 누적 CPC 0.7082 | RMSE 242.5950 | %RMSE 4.6145 | 경과 2.4분 | 예상 남음 26.1분
Starting Iterative Proportional Fitting (IPF)...
IPF converged at iteration 32
IPF row error: 64.615057, col error: 0.000000
Starting Iterative Proportional Fitting (IPF)...
IPF converged at iteration 32
IPF row error: 64.615057, col error: 0.000000
IPF converged at iteration 32
IPF row error: 64.615057, col error: 0.000000
Starting Iterative Proportional Fitting (IPF)...
Starting Iterative Proportional Fitting (IPF)...
IPF converged at iteration 32
IPF row error: 64.615057, col error: 0.000000
Starting Iterative Proportional Fitting (IPF)...
IPF converged at iteration 32
IPF row error: 64.615057, col error: 0.000000
Starting Iterative Proportional Fitting (IPF)...
IPF converged at iteration 32
IPF converged at iteration 32
IPF row error: 64.615057, col error: 0.000000
IPF row error: 64.615057, col error: 0.000000
Starting Iterative Proportional Fitting (IPF)...
Starting Iterative Proportional Fitting (IPF)...
IPF converged at iteration 32
IPF row error: 64.615057, col error: 0.000000
Starting Iterative Proportional Fitting (IPF)...
IPF converged at iteration 32
IPF row error: 64.615057, col error: 0.000000
Starting Iterative Proportional Fitting (IPF)...
IPF converged at iteration 32
IPF row error: 64.615057, col error: 0.000000
IPF converged at iteration 32
IPF row error: 64.615057, col error: 0.000000
Starting Iterative Proportional Fitting (IPF)...
Starting Iterative Proportional Fitting (IPF)...
IPF converged at iteration 32
IPF row error: 64.615057, col error: 0.000000
Starting Iterative Proportional Fitting (IPF)...
IPF converged at iteration 32
IPF row error: 64.615057, col error: 0.000000
Starting Iterative Proportional Fitting (IPF)...
IPF converged at iteration 32
IPF row error: 64.615057, col error: 0.000000
Starting Iterative Proportional Fitting (IPF)...
IPF converged at iteration 32
IPF row error: 64.615057, col error: 0.000000
Starting Iterative Proportional Fitting (IPF)...
IPF converged at iteration 32
IPF row error: 64.615057, col error: 0.000000
Starting Iterative Proportional Fitting (IPF)...
IPF converged at iteration 32
IPF row error: 64.615057, col error: 0.000000
Starting Iterative Proportional Fitting (IPF)...
IPF converged at iteration 32
IPF row error: 64.615057, col error: 0.000000
Starting Iterative Proportional Fitting (IPF)...
IPF converged at iteration 32
IPF row error: 64.615057, col error: 0.000000
Starting Iterative Proportional Fitting (IPF)...
IPF converged at iteration 32
IPF row error: 64.615057, col error: 0.000000
Starting Iterative Proportional Fitting (IPF)...
IPF converged at iteration 32
IPF row error: 64.615057, col error: 0.000000
Starting Iterative Proportional Fitting (IPF)...
IPF converged at iteration 32
IPF row error: 64.615057, col error: 0.000000
Starting Iterative Proportional Fitting (IPF)...
IPF converged at iteration 32
IPF row error: 64.615057, col error: 0.000000
Starting Iterative Proportional Fitting (IPF)...
IPF converged at iteration 32
IPF row error: 64.615057, col error: 0.000000
Starting Iterative Proportional Fitting (IPF)...
IPF converged at iteration 32
IPF row error: 64.615057, col error: 0.000000
Starting Iterative Proportional Fitting (IPF)...
IPF converged at iteration 32
IPF row error: 64.615057, col error: 0.000000
Starting Iterative Proportional Fitting (IPF)...
IPF converged at iteration 32
IPF row error: 64.615057, col error: 0.000000
Starting Iterative Proportional Fitting (IPF)...
IPF converged at iteration 32
IPF row error: 64.615057, col error: 0.000000
Starting Iterative Proportional Fitting (IPF)...
IPF converged at iteration 32
IPF row error: 64.615057, col error: 0.000000
Starting Iterative Proportional Fitting (IPF)...
IPF converged at iteration 32
IPF row error: 64.615057, col error: 0.000000
  [2023/test] 진행 180/1750 (10.3%) | 누적 CPC 0.6634 | RMSE 236.1832 | %RMSE 5.0303 | 경과 2.9분 | 예상 남음 25.3분
Starting Iterative Proportional Fitting (IPF)...
IPF converged at iteration 32
IPF row error: 64.615057, col error: 0.000000
Starting Iterative Proportional Fitting (IPF)...
IPF converged at iteration 32
IPF row error: 64.615057, col error: 0.000000
Starting Iterative Proportional Fitting (IPF)...
IPF converged at iteration 32
IPF row error: 64.615057, col error: 0.000000
Starting Iterative Proportional Fitting (IPF)...
IPF converged at iteration 32
IPF row error: 64.615057, col error: 0.000000
Starting Iterative Proportional Fitting (IPF)...
IPF converged at iteration 32
IPF row error: 64.615057, col error: 0.000000
Starting Iterative Proportional Fitting (IPF)...
IPF converged at iteration 32
IPF row error: 64.615057, col error: 0.000000
IPF converged at iteration 32
IPF row error: 64.615057, col error: 0.000000
Starting Iterative Proportional Fitting (IPF)...
Starting Iterative Proportional Fitting (IPF)...
IPF converged at iteration 32
IPF row error: 64.615057, col error: 0.000000
Starting Iterative Proportional Fitting (IPF)...
IPF converged at iteration 32
IPF row error: 64.615057, col error: 0.000000
Starting Iterative Proportional Fitting (IPF)...
IPF converged at iteration 32
IPF row error: 64.615057, col error: 0.000000
Starting Iterative Proportional Fitting (IPF)...
IPF converged at iteration 32
IPF row error: 64.615057, col error: 0.000000
Starting Iterative Proportional Fitting (IPF)...
IPF converged at iteration 32
IPF row error: 64.615057, col error: 0.000000
Starting Iterative Proportional Fitting (IPF)...
IPF converged at iteration 32
IPF row error: 64.615057, col error: 0.000000
Starting Iterative Proportional Fitting (IPF)...
IPF converged at iteration 32
IPF row error: 64.615057, col error: 0.000000
Starting Iterative Proportional Fitting (IPF)...
IPF converged at iteration 32
IPF row error: 64.615057, col error: 0.000000
Starting Iterative Proportional Fitting (IPF)...
IPF converged at iteration 32
IPF row error: 64.615057, col error: 0.000000
Starting Iterative Proportional Fitting (IPF)...
IPF converged at iteration 32
IPF row error: 64.615057, col error: 0.000000
Starting Iterative Proportional Fitting (IPF)...
IPF converged at iteration 32
IPF row error: 64.615057, col error: 0.000000
Starting Iterative Proportional Fitting (IPF)...
IPF converged at iteration 32
IPF row error: 64.615057, col error: 0.000000
Starting Iterative Proportional Fitting (IPF)...
IPF converged at iteration 32
IPF row error: 64.615057, col error: 0.000000
Starting Iterative Proportional Fitting (IPF)...
IPF converged at iteration 32
IPF row error: 64.372395, col error: 0.000000
Starting Iterative Proportional Fitting (IPF)...
IPF converged at iteration 32
IPF row error: 64.372395, col error: 0.000000
Starting Iterative Proportional Fitting (IPF)...
IPF converged at iteration 32
IPF row error: 64.372395, col error: 0.000000
Starting Iterative Proportional Fitting (IPF)...
IPF converged at iteration 32
IPF row error: 64.372395, col error: 0.000000
Starting Iterative Proportional Fitting (IPF)...
IPF converged at iteration 32
IPF row error: 64.372395, col error: 0.000000
Starting Iterative Proportional Fitting (IPF)...
IPF converged at iteration 32
IPF row error: 64.372395, col error: 0.000000
Starting Iterative Proportional Fitting (IPF)...
IPF converged at iteration 32
IPF row error: 64.372395, col error: 0.000000
Starting Iterative Proportional Fitting (IPF)...
IPF converged at iteration 32
IPF row error: 64.372395, col error: 0.000000
Starting Iterative Proportional Fitting (IPF)...
IPF converged at iteration 32
IPF row error: 64.372395, col error: 0.000000
Starting Iterative Proportional Fitting (IPF)...
IPF converged at iteration 32
IPF row error: 64.372395, col error: 0.000000
  [2023/test] 진행 210/1750 (12.0%) | 누적 CPC 0.6432 | RMSE 231.2023 | %RMSE 5.2251 | 경과 3.3분 | 예상 남음 24.3분
Starting Iterative Proportional Fitting (IPF)...
IPF converged at iteration 32
IPF row error: 64.372395, col error: 0.000000
Starting Iterative Proportional Fitting (IPF)...
IPF converged at iteration 32
IPF row error: 64.372395, col error: 0.000000
Starting Iterative Proportional Fitting (IPF)...
IPF converged at iteration 32
IPF row error: 64.372395, col error: 0.000000
Starting Iterative Proportional Fitting (IPF)...
IPF converged at iteration 32
IPF row error: 64.372395, col error: 0.000000
Starting Iterative Proportional Fitting (IPF)...
IPF converged at iteration 32
IPF row error: 64.372395, col error: 0.000000
Starting Iterative Proportional Fitting (IPF)...
IPF converged at iteration 32
IPF row error: 64.372395, col error: 0.000000
Starting Iterative Proportional Fitting (IPF)...
IPF converged at iteration 32
IPF row error: 64.372395, col error: 0.000000
Starting Iterative Proportional Fitting (IPF)...
IPF converged at iteration 32
IPF row error: 64.372395, col error: 0.000000
Starting Iterative Proportional Fitting (IPF)...
IPF converged at iteration 32
IPF row error: 64.372395, col error: 0.000000
Starting Iterative Proportional Fitting (IPF)...
IPF converged at iteration 32
IPF row error: 64.372395, col error: 0.000000
Starting Iterative Proportional Fitting (IPF)...
IPF converged at iteration 32
IPF row error: 64.372395, col error: 0.000000
Starting Iterative Proportional Fitting (IPF)...
IPF converged at iteration 32
IPF row error: 64.372395, col error: 0.000000
Starting Iterative Proportional Fitting (IPF)...
IPF converged at iteration 32
IPF row error: 64.372395, col error: 0.000000
Starting Iterative Proportional Fitting (IPF)...
IPF converged at iteration 32
IPF row error: 64.372395, col error: 0.000000
Starting Iterative Proportional Fitting (IPF)...
IPF converged at iteration 32
IPF row error: 64.372395, col error: 0.000000
Starting Iterative Proportional Fitting (IPF)...
IPF converged at iteration 32
IPF row error: 64.372395, col error: 0.000000
Starting Iterative Proportional Fitting (IPF)...
IPF converged at iteration 32
IPF row error: 64.372395, col error: 0.000000
Starting Iterative Proportional Fitting (IPF)...
IPF converged at iteration 32
IPF row error: 64.372395, col error: 0.000000
Starting Iterative Proportional Fitting (IPF)...
IPF converged at iteration 32
IPF row error: 64.372395, col error: 0.000000
Starting Iterative Proportional Fitting (IPF)...
IPF converged at iteration 32
IPF row error: 64.372395, col error: 0.000000
Starting Iterative Proportional Fitting (IPF)...
IPF converged at iteration 32
IPF row error: 64.372395, col error: 0.000000
Starting Iterative Proportional Fitting (IPF)...
IPF converged at iteration 32
IPF row error: 64.372395, col error: 0.000000
Starting Iterative Proportional Fitting (IPF)...
IPF converged at iteration 32
IPF row error: 64.372395, col error: 0.000000
Starting Iterative Proportional Fitting (IPF)...
IPF converged at iteration 32
IPF row error: 64.372395, col error: 0.000000
Starting Iterative Proportional Fitting (IPF)...
IPF converged at iteration 32
IPF row error: 64.372395, col error: 0.000000
Starting Iterative Proportional Fitting (IPF)...
IPF converged at iteration 32
IPF row error: 64.372395, col error: 0.000000
Starting Iterative Proportional Fitting (IPF)...
IPF converged at iteration 32
IPF row error: 64.372395, col error: 0.000000
Starting Iterative Proportional Fitting (IPF)...
IPF converged at iteration 32
IPF row error: 64.372395, col error: 0.000000
Starting Iterative Proportional Fitting (IPF)...
IPF converged at iteration 32
IPF row error: 64.372395, col error: 0.000000
Starting Iterative Proportional Fitting (IPF)...
IPF converged at iteration 32
IPF row error: 64.372395, col error: 0.000000
  [2023/test] 진행 240/1750 (13.7%) | 누적 CPC 0.6488 | RMSE 226.7647 | %RMSE 5.1926 | 경과 3.7분 | 예상 남음 23.4분
Starting Iterative Proportional Fitting (IPF)...
IPF converged at iteration 32
IPF row error: 64.372395, col error: 0.000000
Starting Iterative Proportional Fitting (IPF)...
IPF converged at iteration 32
IPF row error: 64.372395, col error: 0.000000
Starting Iterative Proportional Fitting (IPF)...
IPF converged at iteration 32
IPF row error: 64.372395, col error: 0.000000
Starting Iterative Proportional Fitting (IPF)...
IPF converged at iteration 32
IPF row error: 64.372395, col error: 0.000000
Starting Iterative Proportional Fitting (IPF)...
IPF converged at iteration 32
IPF row error: 64.372395, col error: 0.000000
Starting Iterative Proportional Fitting (IPF)...
IPF converged at iteration 32
IPF row error: 64.372395, col error: 0.000000
Starting Iterative Proportional Fitting (IPF)...
IPF converged at iteration 32
IPF row error: 64.372395, col error: 0.000000
Starting Iterative Proportional Fitting (IPF)...
IPF converged at iteration 32
IPF row error: 64.372395, col error: 0.000000
Starting Iterative Proportional Fitting (IPF)...
IPF converged at iteration 32
IPF row error: 64.372395, col error: 0.000000
Starting Iterative Proportional Fitting (IPF)...
IPF converged at iteration 32
IPF row error: 64.372395, col error: 0.000000
Starting Iterative Proportional Fitting (IPF)...
IPF converged at iteration 32
IPF row error: 64.657302, col error: 0.000000
Starting Iterative Proportional Fitting (IPF)...
IPF converged at iteration 32
IPF row error: 64.657302, col error: 0.000000
Starting Iterative Proportional Fitting (IPF)...
IPF converged at iteration 32
IPF row error: 64.657302, col error: 0.000000
Starting Iterative Proportional Fitting (IPF)...
IPF converged at iteration 32
IPF row error: 64.657302, col error: 0.000000
Starting Iterative Proportional Fitting (IPF)...
IPF converged at iteration 32
IPF row error: 64.657302, col error: 0.000000
Starting Iterative Proportional Fitting (IPF)...
IPF converged at iteration 32
IPF row error: 64.657302, col error: 0.000000
Starting Iterative Proportional Fitting (IPF)...
IPF converged at iteration 32
IPF row error: 64.657302, col error: 0.000000
Starting Iterative Proportional Fitting (IPF)...
IPF converged at iteration 32
IPF row error: 64.657302, col error: 0.000000
Starting Iterative Proportional Fitting (IPF)...
IPF converged at iteration 32
IPF row error: 64.657302, col error: 0.000000
Starting Iterative Proportional Fitting (IPF)...
IPF converged at iteration 32
IPF row error: 64.657302, col error: 0.000000
Starting Iterative Proportional Fitting (IPF)...
IPF converged at iteration 32
IPF row error: 64.657302, col error: 0.000000
Starting Iterative Proportional Fitting (IPF)...
IPF converged at iteration 32
IPF row error: 64.657302, col error: 0.000000
Starting Iterative Proportional Fitting (IPF)...
IPF converged at iteration 32
IPF row error: 64.657302, col error: 0.000000
Starting Iterative Proportional Fitting (IPF)...
IPF converged at iteration 32
IPF row error: 64.657302, col error: 0.000000
Starting Iterative Proportional Fitting (IPF)...
IPF converged at iteration 32
IPF row error: 64.657302, col error: 0.000000
Starting Iterative Proportional Fitting (IPF)...
IPF converged at iteration 32
IPF row error: 64.657302, col error: 0.000000
Starting Iterative Proportional Fitting (IPF)...
IPF converged at iteration 32
IPF row error: 64.657302, col error: 0.000000
Starting Iterative Proportional Fitting (IPF)...
IPF converged at iteration 32
IPF row error: 64.657302, col error: 0.000000
Starting Iterative Proportional Fitting (IPF)...
IPF converged at iteration 32
IPF row error: 64.657302, col error: 0.000000
Starting Iterative Proportional Fitting (IPF)...
IPF converged at iteration 32
IPF row error: 64.657302, col error: 0.000000
  [2023/test] 진행 270/1750 (15.4%) | 누적 CPC 0.6497 | RMSE 235.2577 | %RMSE 5.3199 | 경과 4.2분 | 예상 남음 22.8분
Starting Iterative Proportional Fitting (IPF)...
IPF converged at iteration 32
IPF row error: 64.657302, col error: 0.000000
Starting Iterative Proportional Fitting (IPF)...
IPF converged at iteration 32
IPF row error: 64.657302, col error: 0.000000
Starting Iterative Proportional Fitting (IPF)...
IPF converged at iteration 32
IPF row error: 64.657302, col error: 0.000000
Starting Iterative Proportional Fitting (IPF)...
IPF converged at iteration 32
IPF row error: 64.657302, col error: 0.000000
Starting Iterative Proportional Fitting (IPF)...
IPF converged at iteration 32
IPF row error: 64.657302, col error: 0.000000
Starting Iterative Proportional Fitting (IPF)...
IPF converged at iteration 32
IPF row error: 64.657302, col error: 0.000000
Starting Iterative Proportional Fitting (IPF)...
IPF converged at iteration 32
IPF row error: 64.657302, col error: 0.000000
Starting Iterative Proportional Fitting (IPF)...
IPF converged at iteration 32
IPF row error: 64.657302, col error: 0.000000
IPF converged at iteration 32
IPF row error: 64.657302, col error: 0.000000
Starting Iterative Proportional Fitting (IPF)...
Starting Iterative Proportional Fitting (IPF)...
IPF converged at iteration 32
IPF row error: 64.657302, col error: 0.000000
Starting Iterative Proportional Fitting (IPF)...
IPF converged at iteration 32
IPF row error: 64.657302, col error: 0.000000
Starting Iterative Proportional Fitting (IPF)...
IPF converged at iteration 32
IPF row error: 64.657302, col error: 0.000000
IPF converged at iteration 32
Starting Iterative Proportional Fitting (IPF)...
IPF row error: 64.657302, col error: 0.000000
Starting Iterative Proportional Fitting (IPF)...
IPF converged at iteration 32
IPF row error: 64.657302, col error: 0.000000
Starting Iterative Proportional Fitting (IPF)...
IPF converged at iteration 32
IPF row error: 64.657302, col error: 0.000000
Starting Iterative Proportional Fitting (IPF)...
IPF converged at iteration 32
IPF row error: 64.657302, col error: 0.000000
IPF converged at iteration 32
Starting Iterative Proportional Fitting (IPF)...
IPF row error: 64.657302, col error: 0.000000
Starting Iterative Proportional Fitting (IPF)...
IPF converged at iteration 32
IPF row error: 64.657302, col error: 0.000000
Starting Iterative Proportional Fitting (IPF)...
IPF converged at iteration 32
IPF row error: 64.657302, col error: 0.000000
Starting Iterative Proportional Fitting (IPF)...
IPF converged at iteration 32
IPF row error: 64.657302, col error: 0.000000
IPF converged at iteration 32
IPF row error: 64.657302, col error: 0.000000
Starting Iterative Proportional Fitting (IPF)...
Starting Iterative Proportional Fitting (IPF)...
IPF converged at iteration 32
IPF row error: 64.657302, col error: 0.000000
Starting Iterative Proportional Fitting (IPF)...
IPF converged at iteration 32
IPF row error: 64.657302, col error: 0.000000
Starting Iterative Proportional Fitting (IPF)...
IPF converged at iteration 32
IPF row error: 64.657302, col error: 0.000000
IPF converged at iteration 32
Starting Iterative Proportional Fitting (IPF)...
IPF row error: 64.657302, col error: 0.000000
Starting Iterative Proportional Fitting (IPF)...
IPF converged at iteration 32
IPF row error: 64.657302, col error: 0.000000
Starting Iterative Proportional Fitting (IPF)...
IPF converged at iteration 32
IPF row error: 64.657302, col error: 0.000000
Starting Iterative Proportional Fitting (IPF)...
IPF converged at iteration 32
IPF row error: 64.657302, col error: 0.000000
Starting Iterative Proportional Fitting (IPF)...
IPF converged at iteration 32
IPF row error: 64.657302, col error: 0.000000
Starting Iterative Proportional Fitting (IPF)...
IPF converged at iteration 32
IPF row error: 64.657302, col error: 0.000000
  [2023/test] 진행 300/1750 (17.1%) | 누적 CPC 0.6489 | RMSE 247.4271 | %RMSE 5.4904 | 경과 4.7분 | 예상 남음 22.7분
Starting Iterative Proportional Fitting (IPF)...
IPF converged at iteration 32
IPF row error: 64.370415, col error: 0.000000
Starting Iterative Proportional Fitting (IPF)...
IPF converged at iteration 32
IPF row error: 64.370415, col error: 0.000000
IPF converged at iteration 32
IPF row error: 64.370415, col error: 0.000000
Starting Iterative Proportional Fitting (IPF)...
Starting Iterative Proportional Fitting (IPF)...
IPF converged at iteration 32
IPF row error: 64.370415, col error: 0.000000
Starting Iterative Proportional Fitting (IPF)...
IPF converged at iteration 32
IPF row error: 64.370415, col error: 0.000000
Starting Iterative Proportional Fitting (IPF)...
IPF converged at iteration 32
IPF row error: 64.370415, col error: 0.000000
IPF converged at iteration 32
IPF row error: 64.370415, col error: 0.000000
Starting Iterative Proportional Fitting (IPF)...
Starting Iterative Proportional Fitting (IPF)...
IPF converged at iteration 32
IPF row error: 64.370415, col error: 0.000000
Starting Iterative Proportional Fitting (IPF)...
IPF converged at iteration 32
IPF row error: 64.370415, col error: 0.000000
Starting Iterative Proportional Fitting (IPF)...
IPF converged at iteration 32
IPF row error: 64.370415, col error: 0.000000
IPF converged at iteration 32
Starting Iterative Proportional Fitting (IPF)...
IPF row error: 64.370415, col error: 0.000000
Starting Iterative Proportional Fitting (IPF)...
IPF converged at iteration 32
IPF row error: 64.370415, col error: 0.000000
Starting Iterative Proportional Fitting (IPF)...
IPF converged at iteration 32
IPF row error: 64.370415, col error: 0.000000
Starting Iterative Proportional Fitting (IPF)...
IPF converged at iteration 32
IPF row error: 64.370415, col error: 0.000000
Starting Iterative Proportional Fitting (IPF)...IPF converged at iteration 32

IPF row error: 64.370415, col error: 0.000000
Starting Iterative Proportional Fitting (IPF)...
IPF converged at iteration 32
IPF row error: 64.370415, col error: 0.000000
Starting Iterative Proportional Fitting (IPF)...
IPF converged at iteration 32
IPF row error: 64.370415, col error: 0.000000
Starting Iterative Proportional Fitting (IPF)...
IPF converged at iteration 32
IPF row error: 64.370415, col error: 0.000000
Starting Iterative Proportional Fitting (IPF)...
IPF converged at iteration 32
IPF row error: 64.370415, col error: 0.000000
Starting Iterative Proportional Fitting (IPF)...
IPF converged at iteration 32
IPF row error: 64.370415, col error: 0.000000
Starting Iterative Proportional Fitting (IPF)...
IPF converged at iteration 32
IPF row error: 64.370415, col error: 0.000000
Starting Iterative Proportional Fitting (IPF)...
IPF converged at iteration 32
IPF row error: 64.370415, col error: 0.000000
Starting Iterative Proportional Fitting (IPF)...
IPF converged at iteration 32
IPF row error: 64.370415, col error: 0.000000
Starting Iterative Proportional Fitting (IPF)...
IPF converged at iteration 32
IPF row error: 64.370415, col error: 0.000000
Starting Iterative Proportional Fitting (IPF)...
IPF converged at iteration 32
IPF row error: 64.370415, col error: 0.000000
Starting Iterative Proportional Fitting (IPF)...
IPF converged at iteration 32
IPF row error: 64.370415, col error: 0.000000
Starting Iterative Proportional Fitting (IPF)...
IPF converged at iteration 32
IPF row error: 64.370415, col error: 0.000000
Starting Iterative Proportional Fitting (IPF)...
IPF converged at iteration 32
IPF row error: 64.370415, col error: 0.000000
Starting Iterative Proportional Fitting (IPF)...
IPF converged at iteration 32
IPF row error: 64.370415, col error: 0.000000
Starting Iterative Proportional Fitting (IPF)...
IPF converged at iteration 32
IPF row error: 64.370415, col error: 0.000000
  [2023/test] 진행 330/1750 (18.9%) | 누적 CPC 0.6450 | RMSE 326.3643 | %RMSE 6.3219 | 경과 5.1분 | 예상 남음 22.0분
Starting Iterative Proportional Fitting (IPF)...
IPF converged at iteration 32
IPF row error: 64.370415, col error: 0.000000
Starting Iterative Proportional Fitting (IPF)...
IPF converged at iteration 32
IPF row error: 64.370415, col error: 0.000000
Starting Iterative Proportional Fitting (IPF)...
IPF converged at iteration 32
IPF row error: 64.370415, col error: 0.000000
Starting Iterative Proportional Fitting (IPF)...
IPF converged at iteration 32
IPF row error: 64.370415, col error: 0.000000
Starting Iterative Proportional Fitting (IPF)...
IPF converged at iteration 32
IPF row error: 64.370415, col error: 0.000000
Starting Iterative Proportional Fitting (IPF)...
IPF converged at iteration 32
IPF row error: 64.370415, col error: 0.000000
Starting Iterative Proportional Fitting (IPF)...
IPF converged at iteration 32
IPF row error: 64.370415, col error: 0.000000
Starting Iterative Proportional Fitting (IPF)...
IPF converged at iteration 32
IPF row error: 64.370415, col error: 0.000000
IPF converged at iteration 32
IPF row error: 64.370415, col error: 0.000000
Starting Iterative Proportional Fitting (IPF)...
Starting Iterative Proportional Fitting (IPF)...
IPF converged at iteration 32
IPF row error: 64.370415, col error: 0.000000
Starting Iterative Proportional Fitting (IPF)...
IPF converged at iteration 32
IPF row error: 64.370415, col error: 0.000000
Starting Iterative Proportional Fitting (IPF)...
IPF converged at iteration 32
IPF row error: 64.370415, col error: 0.000000
IPF converged at iteration 32
Starting Iterative Proportional Fitting (IPF)...
IPF row error: 64.370415, col error: 0.000000
Starting Iterative Proportional Fitting (IPF)...
IPF converged at iteration 32
IPF row error: 64.370415, col error: 0.000000
Starting Iterative Proportional Fitting (IPF)...
IPF converged at iteration 32
IPF row error: 64.370415, col error: 0.000000
Starting Iterative Proportional Fitting (IPF)...
IPF converged at iteration 32
IPF row error: 64.370415, col error: 0.000000
Starting Iterative Proportional Fitting (IPF)...
IPF converged at iteration 32
IPF row error: 64.370415, col error: 0.000000
Starting Iterative Proportional Fitting (IPF)...
IPF converged at iteration 32
IPF row error: 64.370415, col error: 0.000000
Starting Iterative Proportional Fitting (IPF)...
IPF converged at iteration 32
IPF row error: 64.370415, col error: 0.000000
Starting Iterative Proportional Fitting (IPF)...
IPF converged at iteration 32
IPF row error: 64.370415, col error: 0.000000
IPF converged at iteration 29
Starting Iterative Proportional Fitting (IPF)...
IPF row error: 84.959994, col error: 0.000000
Starting Iterative Proportional Fitting (IPF)...
IPF converged at iteration 28
IPF row error: 98.767557, col error: 0.000000
Starting Iterative Proportional Fitting (IPF)...
IPF converged at iteration 29
IPF row error: 95.148401, col error: 0.000000
Starting Iterative Proportional Fitting (IPF)...
IPF converged at iteration 32
IPF row error: 65.290807, col error: 0.000000
IPF converged at iteration 31
IPF row error: 71.606603, col error: 0.000000
Starting Iterative Proportional Fitting (IPF)...
Starting Iterative Proportional Fitting (IPF)...
IPF converged at iteration 32
IPF row error: 65.290807, col error: 0.000000
Starting Iterative Proportional Fitting (IPF)...
IPF converged at iteration 32
IPF row error: 65.290807, col error: 0.000000
Starting Iterative Proportional Fitting (IPF)...
IPF converged at iteration 29
IPF row error: 119.205562, col error: 0.000000
Starting Iterative Proportional Fitting (IPF)...
IPF converged at iteration 33
IPF row error: 54.256025, col error: 0.000000
Starting Iterative Proportional Fitting (IPF)...
IPF converged at iteration 32
IPF row error: 66.694152, col error: 0.000000
  [2023/test] 진행 360/1750 (20.6%) | 누적 CPC 0.6456 | RMSE 367.4313 | %RMSE 6.6968 | 경과 5.5분 | 예상 남음 21.3분
Starting Iterative Proportional Fitting (IPF)...
IPF converged at iteration 32
IPF row error: 65.290807, col error: 0.000000
Starting Iterative Proportional Fitting (IPF)...
IPF converged at iteration 33
IPF row error: 38.680655, col error: 0.000000
IPF converged at iteration 28
IPF row error: 87.886282, col error: 0.000000
Starting Iterative Proportional Fitting (IPF)...
Starting Iterative Proportional Fitting (IPF)...
IPF converged at iteration 32
IPF row error: 69.835731, col error: 0.000000
Starting Iterative Proportional Fitting (IPF)...
IPF converged at iteration 32
IPF row error: 64.825874, col error: 0.000000
Starting Iterative Proportional Fitting (IPF)...
IPF converged at iteration 30
IPF row error: 74.512537, col error: 0.000000
Starting Iterative Proportional Fitting (IPF)...
IPF converged at iteration 33
IPF row error: 49.660933, col error: 0.000000
Starting Iterative Proportional Fitting (IPF)...
IPF converged at iteration 27
IPF row error: 116.758159, col error: 0.000000
Starting Iterative Proportional Fitting (IPF)...
IPF converged at iteration 30
IPF row error: 95.239438, col error: 0.000000
Starting Iterative Proportional Fitting (IPF)...
IPF converged at iteration 30
IPF row error: 149.885732, col error: 0.000000
IPF converged at iteration 54
IPF row error: 1.270685, col error: 0.000000
Starting Iterative Proportional Fitting (IPF)...
Starting Iterative Proportional Fitting (IPF)...
IPF converged at iteration 31
IPF row error: 79.336139, col error: 0.000000
Starting Iterative Proportional Fitting (IPF)...
IPF converged at iteration 32
IPF row error: 74.426601, col error: 0.000000
Starting Iterative Proportional Fitting (IPF)...
IPF converged at iteration 32
IPF converged at iteration 32
IPF row error: 65.290807, col error: 0.000000
IPF row error: 65.290807, col error: 0.000000
Starting Iterative Proportional Fitting (IPF)...
Starting Iterative Proportional Fitting (IPF)...
IPF converged at iteration 30
IPF row error: 91.631440, col error: 0.000000
Starting Iterative Proportional Fitting (IPF)...
IPF converged at iteration 31
IPF row error: 72.604020, col error: 0.000000
Starting Iterative Proportional Fitting (IPF)...
IPF converged at iteration 32
IPF row error: 65.290807, col error: 0.000000
IPF converged at iteration 32
IPF row error: 65.290807, col error: 0.000000
Starting Iterative Proportional Fitting (IPF)...
Starting Iterative Proportional Fitting (IPF)...
IPF converged at iteration 28
IPF row error: 28.729180, col error: 0.000000
Starting Iterative Proportional Fitting (IPF)...
IPF converged at iteration 32
IPF row error: 65.290807, col error: 0.000000
Starting Iterative Proportional Fitting (IPF)...
IPF converged at iteration 30
IPF row error: 99.567741, col error: 0.000000
IPF converged at iteration 32
Starting Iterative Proportional Fitting (IPF)...
IPF row error: 65.290807, col error: 0.000000
Starting Iterative Proportional Fitting (IPF)...
IPF converged at iteration 32
IPF row error: 65.290807, col error: 0.000000
Starting Iterative Proportional Fitting (IPF)...
IPF converged at iteration 32
IPF row error: 65.290807, col error: 0.000000
Starting Iterative Proportional Fitting (IPF)...
IPF converged at iteration 31
IPF row error: 67.593839, col error: 0.000000
IPF converged at iteration 30
IPF row error: 81.173557, col error: 0.000000
Starting Iterative Proportional Fitting (IPF)...
Starting Iterative Proportional Fitting (IPF)...
IPF converged at iteration 32
IPF row error: 65.290807, col error: 0.000000
Starting Iterative Proportional Fitting (IPF)...
IPF converged at iteration 32
IPF row error: 65.290807, col error: 0.000000
Starting Iterative Proportional Fitting (IPF)...
IPF converged at iteration 32
IPF row error: 65.290807, col error: 0.000000
  [2023/test] 진행 390/1750 (22.3%) | 누적 CPC 0.6534 | RMSE 357.4720 | %RMSE 6.4413 | 경과 6.0분 | 예상 남음 20.8분
IPF converged at iteration 32
Starting Iterative Proportional Fitting (IPF)...
IPF row error: 75.560128, col error: 0.000000
Starting Iterative Proportional Fitting (IPF)...
IPF converged at iteration 32
IPF row error: 75.312262, col error: 0.000000
Starting Iterative Proportional Fitting (IPF)...
IPF converged at iteration 25
IPF row error: 210.290235, col error: 0.000000
Starting Iterative Proportional Fitting (IPF)...
IPF converged at iteration 32
IPF row error: 65.290807, col error: 0.000000
IPF converged at iteration 17
IPF row error: 29.261347, col error: 0.000000
IPF converged at iteration 32
Starting Iterative Proportional Fitting (IPF)...
IPF row error: 65.290807, col error: 0.000000
Starting Iterative Proportional Fitting (IPF)...
Starting Iterative Proportional Fitting (IPF)...
IPF converged at iteration 31
IPF row error: 69.991376, col error: 0.000000
Starting Iterative Proportional Fitting (IPF)...
IPF converged at iteration 32
IPF row error: 65.290807, col error: 0.000000
IPF converged at iteration 32
IPF row error: 65.290807, col error: 0.000000
IPF converged at iteration 32
Starting Iterative Proportional Fitting (IPF)...
IPF row error: 65.290807, col error: 0.000000
Starting Iterative Proportional Fitting (IPF)...
Starting Iterative Proportional Fitting (IPF)...
IPF converged at iteration 32
IPF row error: 63.704464, col error: 0.000000
Starting Iterative Proportional Fitting (IPF)...
IPF converged at iteration 32
IPF row error: 64.681871, col error: 0.000000
IPF converged at iteration 32
IPF row error: 64.681871, col error: 0.000000
Starting Iterative Proportional Fitting (IPF)...
Starting Iterative Proportional Fitting (IPF)...
IPF converged at iteration 40
IPF row error: 11.006809, col error: 0.000000
Starting Iterative Proportional Fitting (IPF)...
IPF converged at iteration 32
IPF row error: 64.681871, col error: 0.000000
Starting Iterative Proportional Fitting (IPF)...
IPF converged at iteration 31
IPF row error: 83.095276, col error: 0.000000
IPF converged at iteration 28
IPF converged at iteration 32
IPF row error: 81.995209, col error: 0.000000
IPF row error: 64.681871, col error: 0.000000
Starting Iterative Proportional Fitting (IPF)...
Starting Iterative Proportional Fitting (IPF)...
Starting Iterative Proportional Fitting (IPF)...
IPF converged at iteration 32
IPF row error: 64.681871, col error: 0.000000
Starting Iterative Proportional Fitting (IPF)...
IPF converged at iteration 31
IPF row error: 81.905207, col error: 0.000000
IPF converged at iteration 32
IPF row error: 67.889480, col error: 0.000000
IPF converged at iteration 32
IPF row error: 64.681871, col error: 0.000000
Starting Iterative Proportional Fitting (IPF)...
Starting Iterative Proportional Fitting (IPF)...
Starting Iterative Proportional Fitting (IPF)...
IPF converged at iteration 32
IPF row error: 75.594156, col error: 0.000000
Starting Iterative Proportional Fitting (IPF)...
IPF converged at iteration 32
IPF converged at iteration 30
IPF row error: 64.681871, col error: 0.000000
IPF row error: 97.545524, col error: 0.000000
IPF converged at iteration 32
IPF row error: 64.681871, col error: 0.000000
Starting Iterative Proportional Fitting (IPF)...
Starting Iterative Proportional Fitting (IPF)...
Starting Iterative Proportional Fitting (IPF)...
IPF converged at iteration 31
IPF row error: 85.652063, col error: 0.000000
Starting Iterative Proportional Fitting (IPF)...
IPF converged at iteration 32
IPF converged at iteration 32
IPF row error: 64.681871, col error: 0.000000
IPF row error: 61.751850, col error: 0.000000
IPF converged at iteration 31
IPF row error: 85.072430, col error: 0.000000
  [2023/test] 진행 420/1750 (24.0%) | 누적 CPC 0.6571 | RMSE 351.1203 | %RMSE 6.2867 | 경과 6.4분 | 예상 남음 20.2분
Starting Iterative Proportional Fitting (IPF)...
Starting Iterative Proportional Fitting (IPF)...
Starting Iterative Proportional Fitting (IPF)...
IPF converged at iteration 32
IPF row error: 67.093622, col error: 0.000000
Starting Iterative Proportional Fitting (IPF)...
IPF converged at iteration 32
IPF row error: 64.681871, col error: 0.000000
IPF converged at iteration 32
IPF row error: 64.681871, col error: 0.000000
Starting Iterative Proportional Fitting (IPF)...
Starting Iterative Proportional Fitting (IPF)...
IPF converged at iteration 50
IPF row error: 5.368431, col error: 0.000000
IPF converged at iteration 30
IPF row error: 80.219859, col error: 0.000000
Starting Iterative Proportional Fitting (IPF)...
Starting Iterative Proportional Fitting (IPF)...
IPF converged at iteration 30
IPF row error: 99.962137, col error: 0.000000
Starting Iterative Proportional Fitting (IPF)...
IPF converged at iteration 32
IPF row error: 64.681871, col error: 0.000000
Starting Iterative Proportional Fitting (IPF)...
IPF converged at iteration 30
IPF row error: 92.273150, col error: 0.000000
IPF converged at iteration 32
IPF row error: 64.681871, col error: 0.000000
Starting Iterative Proportional Fitting (IPF)...
Starting Iterative Proportional Fitting (IPF)...
IPF converged at iteration 32
IPF row error: 64.681871, col error: 0.000000
Starting Iterative Proportional Fitting (IPF)...
IPF converged at iteration 40
IPF row error: 12.615920, col error: 0.000000
Starting Iterative Proportional Fitting (IPF)...
IPF converged at iteration 32
IPF row error: 64.681871, col error: 0.000000
IPF converged at iteration 32
IPF row error: 64.681871, col error: 0.000000
Starting Iterative Proportional Fitting (IPF)...
Starting Iterative Proportional Fitting (IPF)...
IPF converged at iteration 30
IPF row error: 147.468111, col error: 0.000000
Starting Iterative Proportional Fitting (IPF)...
IPF converged at iteration 40
IPF row error: 10.997430, col error: 0.000000
Starting Iterative Proportional Fitting (IPF)...
IPF converged at iteration 29
IPF row error: 99.453156, col error: 0.000000
IPF converged at iteration 32
Starting Iterative Proportional Fitting (IPF)...
IPF row error: 64.681871, col error: 0.000000
Starting Iterative Proportional Fitting (IPF)...
IPF converged at iteration 32
IPF row error: 64.681871, col error: 0.000000
Starting Iterative Proportional Fitting (IPF)...
IPF converged at iteration 32
IPF row error: 64.681871, col error: 0.000000
IPF converged at iteration 32
Starting Iterative Proportional Fitting (IPF)...
IPF row error: 64.681871, col error: 0.000000
Starting Iterative Proportional Fitting (IPF)...
IPF converged at iteration 32
IPF row error: 64.681871, col error: 0.000000
Starting Iterative Proportional Fitting (IPF)...
IPF converged at iteration 32
IPF row error: 64.681871, col error: 0.000000
Starting Iterative Proportional Fitting (IPF)...
IPF converged at iteration 32
IPF row error: 64.681871, col error: 0.000000
IPF converged at iteration 32
IPF row error: 64.681871, col error: 0.000000
Starting Iterative Proportional Fitting (IPF)...
Starting Iterative Proportional Fitting (IPF)...
IPF converged at iteration 29
IPF row error: 113.956439, col error: 0.000000
Starting Iterative Proportional Fitting (IPF)...
IPF converged at iteration 32
IPF row error: 59.867013, col error: 0.000000
Starting Iterative Proportional Fitting (IPF)...
IPF converged at iteration 32
IPF row error: 64.681871, col error: 0.000000
IPF converged at iteration 32
IPF row error: 64.681871, col error: 0.000000
IPF converged at iteration 29
IPF row error: 94.328992, col error: 0.000000
Starting Iterative Proportional Fitting (IPF)...
Starting Iterative Proportional Fitting (IPF)...
Starting Iterative Proportional Fitting (IPF)...
IPF converged at iteration 32
IPF row error: 64.681871, col error: 0.000000
  [2023/test] 진행 450/1750 (25.7%) | 누적 CPC 0.6593 | RMSE 346.3849 | %RMSE 6.1786 | 경과 7.1분 | 예상 남음 20.4분
Starting Iterative Proportional Fitting (IPF)...
IPF converged at iteration 32
IPF row error: 64.808154, col error: 0.000000
IPF converged at iteration 32
IPF row error: 64.808154, col error: 0.000000IPF converged at iteration 32

IPF row error: 64.808154, col error: 0.000000
Starting Iterative Proportional Fitting (IPF)...
Starting Iterative Proportional Fitting (IPF)...
Starting Iterative Proportional Fitting (IPF)...
IPF converged at iteration 32
IPF row error: 64.808154, col error: 0.000000
IPF converged at iteration 30
IPF row error: 110.923472, col error: 0.000000
IPF converged at iteration 31
IPF row error: 62.708398, col error: 0.000000
Starting Iterative Proportional Fitting (IPF)...
Starting Iterative Proportional Fitting (IPF)...
Starting Iterative Proportional Fitting (IPF)...
IPF converged at iteration 48
IPF row error: 1.838407, col error: 0.000000
Starting Iterative Proportional Fitting (IPF)...
IPF converged at iteration 29
IPF row error: 197.888627, col error: 0.000000
IPF converged at iteration 31
IPF row error: 75.051478, col error: 0.000000
Starting Iterative Proportional Fitting (IPF)...
IPF converged at iteration 32
IPF row error: 64.808154, col error: 0.000000
Starting Iterative Proportional Fitting (IPF)...
Starting Iterative Proportional Fitting (IPF)...
IPF converged at iteration 32
IPF row error: 64.808154, col error: 0.000000
Starting Iterative Proportional Fitting (IPF)...
IPF converged at iteration 32
IPF row error: 64.808154, col error: 0.000000
IPF converged at iteration 32
IPF row error: 64.808154, col error: 0.000000
Starting Iterative Proportional Fitting (IPF)...
IPF converged at iteration 32
Starting Iterative Proportional Fitting (IPF)...
IPF row error: 64.808154, col error: 0.000000
Starting Iterative Proportional Fitting (IPF)...
IPF converged at iteration 32
IPF row error: 64.808154, col error: 0.000000
Starting Iterative Proportional Fitting (IPF)...
IPF converged at iteration 32
IPF row error: 64.808154, col error: 0.000000
IPF converged at iteration 27
IPF converged at iteration 32
IPF row error: 96.853066, col error: 0.000000
IPF row error: 63.111227, col error: 0.000000
Starting Iterative Proportional Fitting (IPF)...
Starting Iterative Proportional Fitting (IPF)...
Starting Iterative Proportional Fitting (IPF)...
IPF converged at iteration 32
IPF row error: 64.808154, col error: 0.000000
Starting Iterative Proportional Fitting (IPF)...
IPF converged at iteration 31
IPF row error: 82.416887, col error: 0.000000
IPF converged at iteration 32
IPF row error: 64.808154, col error: 0.000000
Starting Iterative Proportional Fitting (IPF)...
Starting Iterative Proportional Fitting (IPF)...
IPF converged at iteration 32
IPF row error: 64.808154, col error: 0.000000
Starting Iterative Proportional Fitting (IPF)...
IPF converged at iteration 50
IPF row error: 5.353226, col error: 0.000000
Starting Iterative Proportional Fitting (IPF)...
IPF converged at iteration 32
IPF row error: 64.808154, col error: 0.000000
IPF converged at iteration 32
Starting Iterative Proportional Fitting (IPF)...
IPF row error: 64.808154, col error: 0.000000
Starting Iterative Proportional Fitting (IPF)...
IPF converged at iteration 32
IPF row error: 64.808154, col error: 0.000000
Starting Iterative Proportional Fitting (IPF)...
IPF converged at iteration 32
IPF row error: 64.808154, col error: 0.000000
Starting Iterative Proportional Fitting (IPF)...
IPF converged at iteration 36
IPF row error: 29.449415, col error: 0.000000
Starting Iterative Proportional Fitting (IPF)...
IPF converged at iteration 32
IPF row error: 64.808154, col error: 0.000000
Starting Iterative Proportional Fitting (IPF)...
IPF converged at iteration 32
IPF row error: 62.641788, col error: 0.000000
  [2023/test] 진행 480/1750 (27.4%) | 누적 CPC 0.6599 | RMSE 337.8122 | %RMSE 6.1502 | 경과 7.5분 | 예상 남음 19.9분
IPF converged at iteration 50
Starting Iterative Proportional Fitting (IPF)...
IPF row error: 5.615383, col error: 0.000000
Starting Iterative Proportional Fitting (IPF)...
IPF converged at iteration 23
IPF row error: 64.629417, col error: 0.000000
Starting Iterative Proportional Fitting (IPF)...
IPF converged at iteration 29
IPF row error: 90.813960, col error: 0.000000
Starting Iterative Proportional Fitting (IPF)...
IPF converged at iteration 32
IPF row error: 64.808154, col error: 0.000000
IPF converged at iteration 29
IPF row error: 102.823910, col error: 0.000000
Starting Iterative Proportional Fitting (IPF)...
Starting Iterative Proportional Fitting (IPF)...
IPF converged at iteration 27
IPF row error: 115.593926, col error: 0.000000
Starting Iterative Proportional Fitting (IPF)...
IPF converged at iteration 32
IPF row error: 64.808154, col error: 0.000000
IPF converged at iteration 29
Starting Iterative Proportional Fitting (IPF)...
IPF row error: 101.841368, col error: 0.000000
Starting Iterative Proportional Fitting (IPF)...
IPF converged at iteration 32
IPF row error: 64.808154, col error: 0.000000
IPF converged at iteration 32
Starting Iterative Proportional Fitting (IPF)...
IPF row error: 62.543958, col error: 0.000000
Starting Iterative Proportional Fitting (IPF)...
IPF converged at iteration 32
IPF row error: 64.808154, col error: 0.000000
IPF converged at iteration 32
Starting Iterative Proportional Fitting (IPF)...
IPF row error: 64.808154, col error: 0.000000
Starting Iterative Proportional Fitting (IPF)...
IPF converged at iteration 32
IPF row error: 64.808154, col error: 0.000000
IPF converged at iteration 32
Starting Iterative Proportional Fitting (IPF)...
IPF row error: 64.808154, col error: 0.000000
Starting Iterative Proportional Fitting (IPF)...
IPF converged at iteration 28
IPF converged at iteration 32
IPF row error: 100.417235, col error: 0.000000
IPF row error: 64.808154, col error: 0.000000
Starting Iterative Proportional Fitting (IPF)...
Starting Iterative Proportional Fitting (IPF)...
IPF converged at iteration 32
IPF converged at iteration 34
IPF row error: 64.808154, col error: 0.000000
IPF row error: 45.723361, col error: 0.000000
Starting Iterative Proportional Fitting (IPF)...
Starting Iterative Proportional Fitting (IPF)...
IPF converged at iteration 32
IPF row error: 64.808154, col error: 0.000000
IPF converged at iteration 32
IPF row error: 64.808154, col error: 0.000000
Starting Iterative Proportional Fitting (IPF)...
Starting Iterative Proportional Fitting (IPF)...
IPF converged at iteration 32
IPF row error: 64.615057, col error: 0.000000
IPF converged at iteration 32
IPF row error: 64.615057, col error: 0.000000
Starting Iterative Proportional Fitting (IPF)...
Starting Iterative Proportional Fitting (IPF)...
IPF converged at iteration 32
IPF row error: 64.615057, col error: 0.000000
IPF converged at iteration 32
IPF row error: 64.615057, col error: 0.000000
Starting Iterative Proportional Fitting (IPF)...
Starting Iterative Proportional Fitting (IPF)...
IPF converged at iteration 29
IPF row error: 172.102825, col error: 0.000000
IPF converged at iteration 32
IPF row error: 64.615057, col error: 0.000000
Starting Iterative Proportional Fitting (IPF)...
Starting Iterative Proportional Fitting (IPF)...
IPF converged at iteration 27
IPF row error: 110.096920, col error: 0.000000
IPF converged at iteration 33
IPF row error: 58.680107, col error: 0.000000
Starting Iterative Proportional Fitting (IPF)...
Starting Iterative Proportional Fitting (IPF)...
IPF converged at iteration 30
IPF row error: 172.169656, col error: 0.000000
IPF converged at iteration 32
IPF row error: 64.615057, col error: 0.000000
  [2023/test] 진행 510/1750 (29.1%) | 누적 CPC 0.6558 | RMSE 330.2258 | %RMSE 6.1538 | 경과 7.9분 | 예상 남음 19.2분
Starting Iterative Proportional Fitting (IPF)...
Starting Iterative Proportional Fitting (IPF)...
IPF converged at iteration 35
IPF converged at iteration 32
IPF row error: 35.681160, col error: 0.000000
IPF row error: 64.615057, col error: 0.000000
Starting Iterative Proportional Fitting (IPF)...
Starting Iterative Proportional Fitting (IPF)...
IPF converged at iteration 29
IPF row error: 87.875428, col error: 0.000000
Starting Iterative Proportional Fitting (IPF)...
IPF converged at iteration 32
IPF row error: 71.068077, col error: 0.000000
Starting Iterative Proportional Fitting (IPF)...
IPF converged at iteration 31
IPF row error: 72.713499, col error: 0.000000
IPF converged at iteration 32
IPF row error: 61.823506, col error: 0.000000
Starting Iterative Proportional Fitting (IPF)...
IPF converged at iteration 32
Starting Iterative Proportional Fitting (IPF)...
IPF row error: 64.116593, col error: 0.000000
Starting Iterative Proportional Fitting (IPF)...
IPF converged at iteration 32
IPF row error: 64.615057, col error: 0.000000
Starting Iterative Proportional Fitting (IPF)...
IPF converged at iteration 30
IPF row error: 80.768167, col error: 0.000000
Starting Iterative Proportional Fitting (IPF)...
IPF converged at iteration 31
IPF converged at iteration 32
IPF row error: 75.534831, col error: 0.000000
IPF row error: 64.615057, col error: 0.000000
Starting Iterative Proportional Fitting (IPF)...
Starting Iterative Proportional Fitting (IPF)...
IPF converged at iteration 32
IPF row error: 58.404069, col error: 0.000000
Starting Iterative Proportional Fitting (IPF)...
IPF converged at iteration 32
IPF row error: 64.615057, col error: 0.000000
Starting Iterative Proportional Fitting (IPF)...
IPF converged at iteration 28
IPF converged at iteration 31
IPF row error: 100.090449, col error: 0.000000
IPF row error: 74.442435, col error: 0.000000
Starting Iterative Proportional Fitting (IPF)...
Starting Iterative Proportional Fitting (IPF)...
IPF converged at iteration 26
IPF row error: 158.390178, col error: 0.000000
Starting Iterative Proportional Fitting (IPF)...
IPF converged at iteration 32
IPF row error: 64.615057, col error: 0.000000
Starting Iterative Proportional Fitting (IPF)...
IPF converged at iteration 32
IPF row error: 64.615057, col error: 0.000000
IPF converged at iteration 33
Starting Iterative Proportional Fitting (IPF)...
IPF row error: 61.257074, col error: 0.000000
Starting Iterative Proportional Fitting (IPF)...
IPF converged at iteration 49
IPF row error: 1.502528, col error: 0.000000
IPF converged at iteration 32
IPF row error: 64.615057, col error: 0.000000
Starting Iterative Proportional Fitting (IPF)...
Starting Iterative Proportional Fitting (IPF)...
IPF converged at iteration 32
IPF row error: 64.615057, col error: 0.000000
Starting Iterative Proportional Fitting (IPF)...
IPF converged at iteration 33
IPF row error: 59.459353, col error: 0.000000
Starting Iterative Proportional Fitting (IPF)...
IPF converged at iteration 34
IPF row error: 40.919832, col error: 0.000000
IPF converged at iteration 32
Starting Iterative Proportional Fitting (IPF)...
IPF row error: 64.615057, col error: 0.000000
IPF converged at iteration 32
IPF row error: 64.615057, col error: 0.000000
Starting Iterative Proportional Fitting (IPF)...
Starting Iterative Proportional Fitting (IPF)...
IPF converged at iteration 32
IPF row error: 64.615057, col error: 0.000000
Starting Iterative Proportional Fitting (IPF)...
IPF converged at iteration 26
IPF row error: 170.056667, col error: 0.000000
IPF converged at iteration 32
IPF row error: 64.615057, col error: 0.000000
Starting Iterative Proportional Fitting (IPF)...
Starting Iterative Proportional Fitting (IPF)...
IPF converged at iteration 30
IPF row error: 74.388644, col error: 0.000000
  [2023/test] 진행 540/1750 (30.9%) | 누적 CPC 0.6435 | RMSE 323.3230 | %RMSE 6.2074 | 경과 8.5분 | 예상 남음 19.0분
Starting Iterative Proportional Fitting (IPF)...
IPF converged at iteration 25
IPF row error: 188.144780, col error: 0.000000
Starting Iterative Proportional Fitting (IPF)...
IPF converged at iteration 25
IPF row error: 179.838384, col error: 0.000000
Starting Iterative Proportional Fitting (IPF)...
IPF converged at iteration 25
IPF converged at iteration 32
IPF row error: 173.352034, col error: 0.000000
IPF row error: 64.615057, col error: 0.000000
Starting Iterative Proportional Fitting (IPF)...
Starting Iterative Proportional Fitting (IPF)...
IPF converged at iteration 32
IPF row error: 64.615057, col error: 0.000000
Starting Iterative Proportional Fitting (IPF)...
IPF converged at iteration 32
IPF row error: 64.615057, col error: 0.000000
IPF converged at iteration 32
IPF row error: 64.615057, col error: 0.000000
Starting Iterative Proportional Fitting (IPF)...
Starting Iterative Proportional Fitting (IPF)...
IPF converged at iteration 48
IPF row error: 1.800891, col error: 0.000000
Starting Iterative Proportional Fitting (IPF)...
IPF converged at iteration 32
IPF row error: 64.615057, col error: 0.000000
Starting Iterative Proportional Fitting (IPF)...
IPF converged at iteration 32
IPF row error: 64.372395, col error: 0.000000
IPF converged at iteration 32
Starting Iterative Proportional Fitting (IPF)...
IPF row error: 64.372395, col error: 0.000000
Starting Iterative Proportional Fitting (IPF)...
IPF converged at iteration 30
IPF row error: 70.748548, col error: 0.000000
IPF converged at iteration 55
IPF row error: 1.271421, col error: 0.000000
Starting Iterative Proportional Fitting (IPF)...
Starting Iterative Proportional Fitting (IPF)...
IPF converged at iteration 29
IPF row error: 100.588526, col error: 0.000000
Starting Iterative Proportional Fitting (IPF)...
IPF converged at iteration 32
IPF row error: 64.372395, col error: 0.000000
Starting Iterative Proportional Fitting (IPF)...
IPF converged at iteration 30
IPF row error: 88.645563, col error: 0.000000
Starting Iterative Proportional Fitting (IPF)...
IPF converged at iteration 32
IPF row error: 64.372395, col error: 0.000000
Starting Iterative Proportional Fitting (IPF)...
IPF converged at iteration 32
IPF row error: 64.372395, col error: 0.000000
Starting Iterative Proportional Fitting (IPF)...
IPF converged at iteration 32
IPF row error: 64.372395, col error: 0.000000
Starting Iterative Proportional Fitting (IPF)...
IPF converged at iteration 32
IPF row error: 64.372395, col error: 0.000000
IPF converged at iteration 32
IPF row error: 64.372395, col error: 0.000000
Starting Iterative Proportional Fitting (IPF)...
Starting Iterative Proportional Fitting (IPF)...
IPF converged at iteration 32
IPF row error: 64.372395, col error: 0.000000
Starting Iterative Proportional Fitting (IPF)...
IPF converged at iteration 49
IPF row error: 5.877351, col error: 0.000000
IPF converged at iteration 32
IPF row error: 64.372395, col error: 0.000000
IPF converged at iteration 33
IPF row error: 141.876739, col error: 0.000000
Starting Iterative Proportional Fitting (IPF)...
Starting Iterative Proportional Fitting (IPF)...
Starting Iterative Proportional Fitting (IPF)...
IPF converged at iteration 32
IPF row error: 112.795620, col error: 0.000000
Starting Iterative Proportional Fitting (IPF)...
IPF converged at iteration 30
IPF row error: 72.190958, col error: 0.000000
IPF converged at iteration 32
IPF row error: 64.372395, col error: 0.000000
Starting Iterative Proportional Fitting (IPF)...
IPF converged at iteration 32
IPF row error: 64.372395, col error: 0.000000
Starting Iterative Proportional Fitting (IPF)...
Starting Iterative Proportional Fitting (IPF)...
IPF converged at iteration 32
IPF row error: 66.128228, col error: 0.000000
  [2023/test] 진행 570/1750 (32.6%) | 누적 CPC 0.6413 | RMSE 316.8687 | %RMSE 6.1805 | 경과 9.1분 | 예상 남음 18.9분
Starting Iterative Proportional Fitting (IPF)...
IPF converged at iteration 32
IPF converged at iteration 32
IPF row error: 64.372395, col error: 0.000000
IPF row error: 64.372395, col error: 0.000000
Starting Iterative Proportional Fitting (IPF)...
Starting Iterative Proportional Fitting (IPF)...
IPF converged at iteration 33
IPF row error: 60.014008, col error: 0.000000
Starting Iterative Proportional Fitting (IPF)...
IPF converged at iteration 32
IPF row error: 64.372395, col error: 0.000000
Starting Iterative Proportional Fitting (IPF)...
IPF converged at iteration 29
IPF row error: 129.847710, col error: 0.000000
IPF converged at iteration 32
IPF row error: 64.372395, col error: 0.000000
Starting Iterative Proportional Fitting (IPF)...
Starting Iterative Proportional Fitting (IPF)...
IPF converged at iteration 32
IPF row error: 64.372395, col error: 0.000000
Starting Iterative Proportional Fitting (IPF)...
IPF converged at iteration 32
IPF row error: 64.372395, col error: 0.000000
Starting Iterative Proportional Fitting (IPF)...
IPF converged at iteration 30
IPF row error: 81.441853, col error: 0.000000
IPF converged at iteration 32
IPF row error: 64.372395, col error: 0.000000
Starting Iterative Proportional Fitting (IPF)...
Starting Iterative Proportional Fitting (IPF)...
IPF converged at iteration 32
IPF row error: 64.372395, col error: 0.000000
Starting Iterative Proportional Fitting (IPF)...
IPF converged at iteration 32
IPF row error: 64.372395, col error: 0.000000
Starting Iterative Proportional Fitting (IPF)...
IPF converged at iteration 32
IPF row error: 64.372395, col error: 0.000000
IPF converged at iteration 32
IPF row error: 64.372395, col error: 0.000000
Starting Iterative Proportional Fitting (IPF)...
Starting Iterative Proportional Fitting (IPF)...
IPF converged at iteration 30
IPF row error: 77.265706, col error: 0.000000
Starting Iterative Proportional Fitting (IPF)...
IPF converged at iteration 32
IPF row error: 64.372395, col error: 0.000000
Starting Iterative Proportional Fitting (IPF)...
IPF converged at iteration 29
IPF row error: 99.474619, col error: 0.000000
Starting Iterative Proportional Fitting (IPF)...
IPF converged at iteration 32
IPF row error: 64.372395, col error: 0.000000
Starting Iterative Proportional Fitting (IPF)...
IPF converged at iteration 32
IPF row error: 64.372395, col error: 0.000000
Starting Iterative Proportional Fitting (IPF)...
IPF converged at iteration 32
IPF row error: 66.578568, col error: 0.000000
Starting Iterative Proportional Fitting (IPF)...
IPF converged at iteration 32
IPF row error: 64.372395, col error: 0.000000
Starting Iterative Proportional Fitting (IPF)...
IPF converged at iteration 43
IPF row error: 5.794213, col error: 0.000000
IPF converged at iteration 33
IPF row error: 59.498586, col error: 0.000000
IPF converged at iteration 54
IPF row error: 1.361471, col error: 0.000000
Starting Iterative Proportional Fitting (IPF)...
Starting Iterative Proportional Fitting (IPF)...
Starting Iterative Proportional Fitting (IPF)...
IPF converged at iteration 32
IPF row error: 64.372395, col error: 0.000000
Starting Iterative Proportional Fitting (IPF)...
IPF converged at iteration 28
IPF row error: 97.320937, col error: 0.000000
IPF converged at iteration 29
IPF row error: 87.400397, col error: 0.000000
IPF converged at iteration 29
Starting Iterative Proportional Fitting (IPF)...
IPF row error: 93.842811, col error: 0.000000
Starting Iterative Proportional Fitting (IPF)...
Starting Iterative Proportional Fitting (IPF)...
IPF converged at iteration 32
IPF row error: 64.372395, col error: 0.000000
Starting Iterative Proportional Fitting (IPF)...
IPF converged at iteration 31
IPF converged at iteration 29
IPF row error: 70.530508, col error: 0.000000
IPF converged at iteration 28
  [2023/test] 진행 600/1750 (34.3%) | 누적 CPC 0.6435 | RMSE 310.9302 | %RMSE 6.1216 | 경과 9.6분 | 예상 남음 18.3분
IPF row error: 117.378814, col error: 0.000000
IPF row error: 113.137385, col error: 0.000000
Starting Iterative Proportional Fitting (IPF)...
Starting Iterative Proportional Fitting (IPF)...
Starting Iterative Proportional Fitting (IPF)...
IPF converged at iteration 32
IPF row error: 64.657302, col error: 0.000000
Starting Iterative Proportional Fitting (IPF)...
IPF converged at iteration 32
IPF converged at iteration 32
IPF converged at iteration 32
IPF row error: 63.845776, col error: 0.000000
IPF row error: 62.898544, col error: 0.000000
IPF row error: 64.657302, col error: 0.000000
Starting Iterative Proportional Fitting (IPF)...
Starting Iterative Proportional Fitting (IPF)...
Starting Iterative Proportional Fitting (IPF)...
IPF converged at iteration 24
IPF row error: 55.022738, col error: 0.000000
Starting Iterative Proportional Fitting (IPF)...
IPF converged at iteration 30
IPF row error: 81.904527, col error: 0.000000
IPF converged at iteration 32
IPF row error: 64.657302, col error: 0.000000
Starting Iterative Proportional Fitting (IPF)...
Starting Iterative Proportional Fitting (IPF)...
IPF converged at iteration 42
IPF row error: 7.251588, col error: 0.000000
IPF converged at iteration 32
IPF row error: 64.657302, col error: 0.000000
Starting Iterative Proportional Fitting (IPF)...
Starting Iterative Proportional Fitting (IPF)...
IPF converged at iteration 32
IPF row error: 64.657302, col error: 0.000000
IPF converged at iteration 31
IPF row error: 175.311305, col error: 0.000000
Starting Iterative Proportional Fitting (IPF)...
Starting Iterative Proportional Fitting (IPF)...
IPF converged at iteration 33
IPF converged at iteration 32
IPF row error: 54.370228, col error: 0.000000
IPF row error: 60.632645, col error: 0.000000
Starting Iterative Proportional Fitting (IPF)...
Starting Iterative Proportional Fitting (IPF)...
IPF converged at iteration 32
IPF converged at iteration 32
IPF row error: 64.657302, col error: 0.000000
IPF row error: 64.657302, col error: 0.000000
Starting Iterative Proportional Fitting (IPF)...
Starting Iterative Proportional Fitting (IPF)...
IPF converged at iteration 32
IPF row error: 64.657302, col error: 0.000000
IPF converged at iteration 35
Starting Iterative Proportional Fitting (IPF)...
IPF row error: 42.242888, col error: 0.000000
Starting Iterative Proportional Fitting (IPF)...
IPF converged at iteration 32
IPF row error: 64.657302, col error: 0.000000
IPF converged at iteration 35
Starting Iterative Proportional Fitting (IPF)...
IPF row error: 39.360583, col error: 0.000000
Starting Iterative Proportional Fitting (IPF)...
IPF converged at iteration 28
IPF converged at iteration 32
IPF row error: 117.971589, col error: 0.000000
IPF row error: 64.657302, col error: 0.000000
Starting Iterative Proportional Fitting (IPF)...
Starting Iterative Proportional Fitting (IPF)...
IPF converged at iteration 31
IPF row error: 69.051352, col error: 0.000000
Starting Iterative Proportional Fitting (IPF)...
IPF converged at iteration 32
IPF row error: 64.657302, col error: 0.000000
Starting Iterative Proportional Fitting (IPF)...
IPF converged at iteration 29
IPF row error: 105.427520, col error: 0.000000
Starting Iterative Proportional Fitting (IPF)...
IPF converged at iteration 48
IPF row error: 1.649897, col error: 0.000000
Starting Iterative Proportional Fitting (IPF)...
IPF converged at iteration 28
IPF row error: 130.153275, col error: 0.000000
Starting Iterative Proportional Fitting (IPF)...
IPF converged at iteration 32
IPF row error: 64.657302, col error: 0.000000
IPF converged at iteration 45
IPF row error: 4.149633, col error: 0.000000
  [2023/test] 진행 630/1750 (36.0%) | 누적 CPC 0.6434 | RMSE 312.9124 | %RMSE 6.1589 | 경과 9.9분 | 예상 남음 17.7분
Starting Iterative Proportional Fitting (IPF)...
Starting Iterative Proportional Fitting (IPF)...
IPF converged at iteration 31
IPF row error: 65.072949, col error: 0.000000
Starting Iterative Proportional Fitting (IPF)...
IPF converged at iteration 28
IPF row error: 101.842863, col error: 0.000000
Starting Iterative Proportional Fitting (IPF)...
IPF converged at iteration 32
IPF converged at iteration 29IPF row error: 64.657302, col error: 0.000000

IPF row error: 103.469988, col error: 0.000000
Starting Iterative Proportional Fitting (IPF)...
Starting Iterative Proportional Fitting (IPF)...
IPF converged at iteration 32
IPF row error: 64.657302, col error: 0.000000
Starting Iterative Proportional Fitting (IPF)...
IPF converged at iteration 31
IPF row error: 67.358025, col error: 0.000000
Starting Iterative Proportional Fitting (IPF)...
IPF converged at iteration 32
IPF converged at iteration 32
IPF row error: 64.657302, col error: 0.000000
IPF row error: 64.657302, col error: 0.000000
Starting Iterative Proportional Fitting (IPF)...
Starting Iterative Proportional Fitting (IPF)...
IPF converged at iteration 32
IPF row error: 64.657302, col error: 0.000000
Starting Iterative Proportional Fitting (IPF)...
IPF converged at iteration 32
IPF row error: 64.657302, col error: 0.000000
Starting Iterative Proportional Fitting (IPF)...
IPF converged at iteration 24
IPF row error: 56.018103, col error: 0.000000
Starting Iterative Proportional Fitting (IPF)...
IPF converged at iteration 32
IPF row error: 64.657302, col error: 0.000000
Starting Iterative Proportional Fitting (IPF)...
IPF converged at iteration 29
IPF row error: 86.249310, col error: 0.000000
Starting Iterative Proportional Fitting (IPF)...
IPF converged at iteration 32
IPF row error: 64.657302, col error: 0.000000
Starting Iterative Proportional Fitting (IPF)...
IPF converged at iteration 49
IPF row error: 1.567593, col error: 0.000000
Starting Iterative Proportional Fitting (IPF)...
IPF converged at iteration 36
IPF row error: 28.186396, col error: 0.000000
Starting Iterative Proportional Fitting (IPF)...
IPF converged at iteration 32
IPF row error: 64.657302, col error: 0.000000
Starting Iterative Proportional Fitting (IPF)...
IPF converged at iteration 32
IPF row error: 64.657302, col error: 0.000000
Starting Iterative Proportional Fitting (IPF)...
IPF converged at iteration 31
IPF row error: 82.693272, col error: 0.000000
Starting Iterative Proportional Fitting (IPF)...
IPF converged at iteration 31
IPF row error: 85.748809, col error: 0.000000
Starting Iterative Proportional Fitting (IPF)...
IPF converged at iteration 31
IPF row error: 74.045503, col error: 0.000000
Starting Iterative Proportional Fitting (IPF)...
IPF converged at iteration 32
IPF row error: 64.370415, col error: 0.000000
Starting Iterative Proportional Fitting (IPF)...
IPF converged at iteration 31
IPF row error: 60.461672, col error: 0.000000
Starting Iterative Proportional Fitting (IPF)...
IPF converged at iteration 32
IPF row error: 64.370415, col error: 0.000000
Starting Iterative Proportional Fitting (IPF)...
IPF converged at iteration 27
IPF row error: 31.066905, col error: 0.000000
Starting Iterative Proportional Fitting (IPF)...
IPF converged at iteration 32
IPF row error: 64.370415, col error: 0.000000
Starting Iterative Proportional Fitting (IPF)...
IPF converged at iteration 33
IPF row error: 63.029178, col error: 0.000000
Starting Iterative Proportional Fitting (IPF)...
IPF converged at iteration 32
IPF row error: 64.370415, col error: 0.000000
Starting Iterative Proportional Fitting (IPF)...
IPF converged at iteration 32
IPF row error: 64.370415, col error: 0.000000
Starting Iterative Proportional Fitting (IPF)...
IPF converged at iteration 28
IPF row error: 119.552080, col error: 0.000000
  [2023/test] 진행 660/1750 (37.7%) | 누적 CPC 0.6428 | RMSE 323.9509 | %RMSE 6.2787 | 경과 10.3분 | 예상 남음 17.1분
Starting Iterative Proportional Fitting (IPF)...
IPF converged at iteration 28
IPF row error: 97.327641, col error: 0.000000
IPF converged at iteration 43
Starting Iterative Proportional Fitting (IPF)...
IPF row error: 6.473111, col error: 0.000000
Starting Iterative Proportional Fitting (IPF)...
IPF converged at iteration 32
IPF row error: 64.370415, col error: 0.000000
Starting Iterative Proportional Fitting (IPF)...
IPF converged at iteration 28
IPF row error: 203.171727, col error: 0.000000
Starting Iterative Proportional Fitting (IPF)...
IPF converged at iteration 32
IPF row error: 64.370415, col error: 0.000000
IPF converged at iteration 32
Starting Iterative Proportional Fitting (IPF)...
IPF row error: 64.370415, col error: 0.000000
Starting Iterative Proportional Fitting (IPF)...
IPF converged at iteration 29
IPF row error: 95.078048, col error: 0.000000
Starting Iterative Proportional Fitting (IPF)...
IPF converged at iteration 32
IPF row error: 70.294289, col error: 0.000000
Starting Iterative Proportional Fitting (IPF)...
IPF converged at iteration 31
IPF row error: 72.849767, col error: 0.000000
Starting Iterative Proportional Fitting (IPF)...
IPF converged at iteration 32
IPF row error: 64.370415, col error: 0.000000
Starting Iterative Proportional Fitting (IPF)...
IPF converged at iteration 32
IPF row error: 83.539990, col error: 0.000000
Starting Iterative Proportional Fitting (IPF)...
IPF converged at iteration 33
IPF row error: 42.505768, col error: 0.000000
Starting Iterative Proportional Fitting (IPF)...
IPF converged at iteration 32
IPF row error: 64.370415, col error: 0.000000
IPF converged at iteration 29
IPF row error: 88.606964, col error: 0.000000
Starting Iterative Proportional Fitting (IPF)...
Starting Iterative Proportional Fitting (IPF)...
IPF converged at iteration 31
IPF row error: 70.263651, col error: 0.000000
Starting Iterative Proportional Fitting (IPF)...
IPF converged at iteration 32
IPF row error: 64.370415, col error: 0.000000
Starting Iterative Proportional Fitting (IPF)...
IPF converged at iteration 32
IPF row error: 64.370415, col error: 0.000000
IPF converged at iteration 31
IPF row error: 76.716642, col error: 0.000000
Starting Iterative Proportional Fitting (IPF)...
Starting Iterative Proportional Fitting (IPF)...
IPF converged at iteration 45
IPF row error: 4.090605, col error: 0.000000
Starting Iterative Proportional Fitting (IPF)...
IPF converged at iteration 32
IPF row error: 64.370415, col error: 0.000000
Starting Iterative Proportional Fitting (IPF)...
IPF converged at iteration 46
IPF row error: 2.995488, col error: 0.000000
IPF converged at iteration 56
Starting Iterative Proportional Fitting (IPF)...
IPF row error: 1.238783, col error: 0.000000
Starting Iterative Proportional Fitting (IPF)...
IPF converged at iteration 29
IPF row error: 85.037879, col error: 0.000000
Starting Iterative Proportional Fitting (IPF)...
IPF converged at iteration 29
IPF row error: 95.650047, col error: 0.000000
Starting Iterative Proportional Fitting (IPF)...
IPF converged at iteration 32
IPF row error: 72.256147, col error: 0.000000
IPF converged at iteration 40
Starting Iterative Proportional Fitting (IPF)...
IPF row error: 12.045521, col error: 0.000000
IPF converged at iteration 32
IPF row error: 76.722768, col error: 0.000000
Starting Iterative Proportional Fitting (IPF)...
Starting Iterative Proportional Fitting (IPF)...
IPF converged at iteration 36
IPF row error: 28.295551, col error: 0.000000
Starting Iterative Proportional Fitting (IPF)...
IPF converged at iteration 32
IPF row error: 64.370415, col error: 0.000000
Starting Iterative Proportional Fitting (IPF)...
IPF converged at iteration 32
IPF row error: 64.370415, col error: 0.000000
  [2023/test] 진행 690/1750 (39.4%) | 누적 CPC 0.6416 | RMSE 350.6697 | %RMSE 6.5393 | 경과 10.7분 | 예상 남음 16.5분
Starting Iterative Proportional Fitting (IPF)...
IPF converged at iteration 27
IPF row error: 108.051155, col error: 0.000000
Starting Iterative Proportional Fitting (IPF)...
IPF converged at iteration 50
IPF row error: 1.237473, col error: 0.000000
Starting Iterative Proportional Fitting (IPF)...
IPF converged at iteration 32
IPF converged at iteration 28
IPF row error: 64.370415, col error: 0.000000
IPF row error: 143.052603, col error: 0.000000
Starting Iterative Proportional Fitting (IPF)...
Starting Iterative Proportional Fitting (IPF)...
IPF converged at iteration 30
IPF row error: 141.267161, col error: 0.000000
Starting Iterative Proportional Fitting (IPF)...
IPF converged at iteration 32
IPF row error: 64.370415, col error: 0.000000
Starting Iterative Proportional Fitting (IPF)...
IPF converged at iteration 32
IPF row error: 64.370415, col error: 0.000000
Starting Iterative Proportional Fitting (IPF)...
IPF converged at iteration 25
IPF row error: 144.888370, col error: 0.000000
Starting Iterative Proportional Fitting (IPF)...
IPF converged at iteration 55
IPF converged at iteration 32
IPF row error: 1.226830, col error: 0.000000
IPF row error: 64.370415, col error: 0.000000
Starting Iterative Proportional Fitting (IPF)...
Starting Iterative Proportional Fitting (IPF)...
IPF converged at iteration 44
IPF row error: 4.231810, col error: 0.000000
Starting Iterative Proportional Fitting (IPF)...
IPF converged at iteration 42
IPF row error: 6.352553, col error: 0.000000
Starting Iterative Proportional Fitting (IPF)...
IPF converged at iteration 31
IPF row error: 77.835027, col error: 0.000000
Starting Iterative Proportional Fitting (IPF)...
IPF converged at iteration 42
IPF row error: 6.286766, col error: 0.000000
Starting Iterative Proportional Fitting (IPF)...
IPF converged at iteration 32
IPF row error: 63.437454, col error: 0.000000
Starting Iterative Proportional Fitting (IPF)...
IPF converged at iteration 45
IPF row error: 3.250366, col error: 0.000000
Starting Iterative Proportional Fitting (IPF)...
IPF converged at iteration 42
IPF row error: 6.304222, col error: 0.000000
Starting Iterative Proportional Fitting (IPF)...
IPF converged at iteration 37
IPF row error: 22.251050, col error: 0.000000
Starting Iterative Proportional Fitting (IPF)...
IPF converged at iteration 28
IPF row error: 117.092294, col error: 0.000000
Starting Iterative Proportional Fitting (IPF)...
IPF converged at iteration 45
IPF row error: 3.238157, col error: 0.000000
Starting Iterative Proportional Fitting (IPF)...
IPF converged at iteration 42
IPF row error: 6.326418, col error: 0.000000
Starting Iterative Proportional Fitting (IPF)...
IPF converged at iteration 53
IPF row error: 1.357502, col error: 0.000000
IPF converged at iteration 26
IPF row error: 144.290644, col error: 0.000000
Starting Iterative Proportional Fitting (IPF)...
Starting Iterative Proportional Fitting (IPF)...
IPF converged at iteration 42
IPF row error: 6.342594, col error: 0.000000
Starting Iterative Proportional Fitting (IPF)...
IPF converged at iteration 42
IPF row error: 6.372833, col error: 0.000000
Starting Iterative Proportional Fitting (IPF)...
IPF converged at iteration 28
IPF row error: 140.714702, col error: 0.000000
Starting Iterative Proportional Fitting (IPF)...
IPF converged at iteration 42
IPF row error: 6.352553, col error: 0.000000
Starting Iterative Proportional Fitting (IPF)...
IPF converged at iteration 42
IPF row error: 6.322932, col error: 0.000000
Starting Iterative Proportional Fitting (IPF)...
IPF converged at iteration 30
IPF row error: 85.678569, col error: 0.000000
Starting Iterative Proportional Fitting (IPF)...
IPF converged at iteration 42
IPF row error: 6.288133, col error: 0.000000
  [2023/test] 진행 720/1750 (41.1%) | 누적 CPC 0.6314 | RMSE 392.6822 | %RMSE 6.8485 | 경과 11.2분 | 예상 남음 16.0분
Starting Iterative Proportional Fitting (IPF)...
IPF converged at iteration 30
IPF row error: 79.006783, col error: 0.000000
IPF converged at iteration 42
IPF row error: 6.304222, col error: 0.000000
Starting Iterative Proportional Fitting (IPF)...
Starting Iterative Proportional Fitting (IPF)...
IPF converged at iteration 32
IPF row error: 63.462616, col error: 0.000000
Starting Iterative Proportional Fitting (IPF)...
IPF converged at iteration 28
IPF row error: 102.627543, col error: 0.000000
Starting Iterative Proportional Fitting (IPF)...
IPF converged at iteration 45
IPF row error: 3.238157, col error: 0.000000
Starting Iterative Proportional Fitting (IPF)...
IPF converged at iteration 30
IPF row error: 80.596863, col error: 0.000000
Starting Iterative Proportional Fitting (IPF)...
IPF converged at iteration 45
IPF row error: 3.243326, col error: 0.000000
Starting Iterative Proportional Fitting (IPF)...
IPF converged at iteration 28
IPF row error: 31.660634, col error: 0.000000
IPF converged at iteration 45
IPF row error: 3.247963, col error: 0.000000
Starting Iterative Proportional Fitting (IPF)...
Starting Iterative Proportional Fitting (IPF)...
IPF converged at iteration 42
IPF row error: 6.384028, col error: 0.000000
Starting Iterative Proportional Fitting (IPF)...
IPF converged at iteration 42
IPF row error: 6.324534, col error: 0.000000
Starting Iterative Proportional Fitting (IPF)...
IPF converged at iteration 42
IPF row error: 6.315357, col error: 0.000000
IPF converged at iteration 42
IPF row error: 6.288133, col error: 0.000000
Starting Iterative Proportional Fitting (IPF)...
Starting Iterative Proportional Fitting (IPF)...
IPF converged at iteration 42
IPF converged at iteration 30
IPF row error: 6.352553, col error: 0.000000
IPF row error: 80.739584, col error: 0.000000
Starting Iterative Proportional Fitting (IPF)...
Starting Iterative Proportional Fitting (IPF)...
IPF converged at iteration 29
IPF row error: 80.589715, col error: 0.000000
Starting Iterative Proportional Fitting (IPF)...
IPF converged at iteration 29
IPF row error: 103.184814, col error: 0.000000
IPF converged at iteration 42
IPF row error: 6.353574, col error: 0.000000
Starting Iterative Proportional Fitting (IPF)...
Starting Iterative Proportional Fitting (IPF)...
IPF converged at iteration 53
IPF row error: 1.374941, col error: 0.000000
Starting Iterative Proportional Fitting (IPF)...
IPF converged at iteration 42
IPF row error: 6.315357, col error: 0.000000
Starting Iterative Proportional Fitting (IPF)...
IPF converged at iteration 42
IPF row error: 6.239228, col error: 0.000000
IPF converged at iteration 42
IPF row error: 6.286766, col error: 0.000000
Starting Iterative Proportional Fitting (IPF)...
Starting Iterative Proportional Fitting (IPF)...
IPF converged at iteration 42
IPF row error: 6.353574, col error: 0.000000
Starting Iterative Proportional Fitting (IPF)...
IPF converged at iteration 30
IPF row error: 76.795030, col error: 0.000000
IPF converged at iteration 29
IPF row error: 91.600302, col error: 0.000000
Starting Iterative Proportional Fitting (IPF)...
IPF converged at iteration 42
IPF row error: 6.304222, col error: 0.000000
Starting Iterative Proportional Fitting (IPF)...
Starting Iterative Proportional Fitting (IPF)...
IPF converged at iteration 33
IPF row error: 55.860650, col error: 0.000000
IPF converged at iteration 45
IPF row error: 3.247963, col error: 0.000000
Starting Iterative Proportional Fitting (IPF)...
Starting Iterative Proportional Fitting (IPF)...
IPF converged at iteration 42
IPF row error: 6.372833, col error: 0.000000
IPF converged at iteration 42
IPF row error: 6.311615, col error: 0.000000
  [2023/test] 진행 750/1750 (42.9%) | 누적 CPC 0.6178 | RMSE 440.3801 | %RMSE 7.1771 | 경과 11.6분 | 예상 남음 15.5분
Starting Iterative Proportional Fitting (IPF)...
Starting Iterative Proportional Fitting (IPF)...
IPF converged at iteration 25
IPF row error: 52.898163, col error: 0.000000
Starting Iterative Proportional Fitting (IPF)...
IPF converged at iteration 41
IPF converged at iteration 29
IPF row error: 9.027605, col error: 0.000000
IPF row error: 97.020886, col error: 0.000000
Starting Iterative Proportional Fitting (IPF)...
Starting Iterative Proportional Fitting (IPF)...
IPF converged at iteration 46
IPF row error: 2.597400, col error: 0.000000
Starting Iterative Proportional Fitting (IPF)...
IPF converged at iteration 31
IPF row error: 79.783420, col error: 0.000000
IPF converged at iteration 52
Starting Iterative Proportional Fitting (IPF)...
IPF row error: 1.429985, col error: 0.000000
Starting Iterative Proportional Fitting (IPF)...
IPF converged at iteration 46
IPF row error: 2.591066, col error: 0.000000
Starting Iterative Proportional Fitting (IPF)...
IPF converged at iteration 46
IPF row error: 2.600206, col error: 0.000000
Starting Iterative Proportional Fitting (IPF)...
IPF converged at iteration 31
IPF row error: 78.842614, col error: 0.000000
Starting Iterative Proportional Fitting (IPF)...
IPF converged at iteration 46
IPF row error: 2.596797, col error: 0.000000
Starting Iterative Proportional Fitting (IPF)...
IPF converged at iteration 46
IPF row error: 3.048653, col error: 0.000000
IPF converged at iteration 28
IPF row error: 108.062249, col error: 0.000000
Starting Iterative Proportional Fitting (IPF)...
Starting Iterative Proportional Fitting (IPF)...
IPF converged at iteration 46
IPF row error: 2.596797, col error: 0.000000
Starting Iterative Proportional Fitting (IPF)...
IPF converged at iteration 31
IPF row error: 82.034270, col error: 0.000000
Starting Iterative Proportional Fitting (IPF)...
IPF converged at iteration 28
IPF row error: 96.532864, col error: 0.000000
Starting Iterative Proportional Fitting (IPF)...
IPF converged at iteration 32
IPF row error: 159.240936, col error: 0.000000
Starting Iterative Proportional Fitting (IPF)...
IPF converged at iteration 46
IPF row error: 2.601639, col error: 0.000000
Starting Iterative Proportional Fitting (IPF)...
IPF converged at iteration 41
IPF row error: 8.865639, col error: 0.000000
Starting Iterative Proportional Fitting (IPF)...
IPF converged at iteration 46
IPF row error: 2.597400, col error: 0.000000
Starting Iterative Proportional Fitting (IPF)...
IPF converged at iteration 46
IPF row error: 2.594099, col error: 0.000000
Starting Iterative Proportional Fitting (IPF)...
IPF converged at iteration 28
IPF row error: 96.548775, col error: 0.000000
Starting Iterative Proportional Fitting (IPF)...
IPF converged at iteration 46
IPF row error: 2.605124, col error: 0.000000
Starting Iterative Proportional Fitting (IPF)...
IPF converged at iteration 33
IPF row error: 37.503289, col error: 0.000000
IPF converged at iteration 30Starting Iterative Proportional Fitting (IPF)...

IPF row error: 109.244726, col error: 0.000000
IPF converged at iteration 46
IPF row error: 2.604235, col error: 0.000000
Starting Iterative Proportional Fitting (IPF)...
Starting Iterative Proportional Fitting (IPF)...
IPF converged at iteration 29
IPF row error: 87.373968, col error: 0.000000
IPF converged at iteration 29
IPF row error: 102.279582, col error: 0.000000
Starting Iterative Proportional Fitting (IPF)...
IPF converged at iteration 46
Starting Iterative Proportional Fitting (IPF)...
IPF row error: 2.589994, col error: 0.000000
Starting Iterative Proportional Fitting (IPF)...
IPF converged at iteration 50
IPF row error: 1.434672, col error: 0.000000
Starting Iterative Proportional Fitting (IPF)...
IPF converged at iteration 29
IPF row error: 96.283952, col error: 0.000000
  [2023/test] 진행 780/1750 (44.6%) | 누적 CPC 0.6034 | RMSE 464.2066 | %RMSE 7.3688 | 경과 12.1분 | 예상 남음 15.0분
IPF converged at iteration 29
IPF row error: 96.442459, col error: 0.000000
Starting Iterative Proportional Fitting (IPF)...
Starting Iterative Proportional Fitting (IPF)...
IPF converged at iteration 46
IPF row error: 2.566982, col error: 0.000000
Starting Iterative Proportional Fitting (IPF)...
IPF converged at iteration 42
IPF row error: 6.511775, col error: 0.000000
IPF converged at iteration 28
IPF row error: 121.461684, col error: 0.000000
Starting Iterative Proportional Fitting (IPF)...
Starting Iterative Proportional Fitting (IPF)...
IPF converged at iteration 31
IPF row error: 79.048904, col error: 0.000000
Starting Iterative Proportional Fitting (IPF)...
IPF converged at iteration 29
IPF row error: 145.162156, col error: 0.000000
IPF converged at iteration 30
IPF row error: 89.361390, col error: 0.000000
Starting Iterative Proportional Fitting (IPF)...
Starting Iterative Proportional Fitting (IPF)...
IPF converged at iteration 46
IPF row error: 2.594491, col error: 0.000000
Starting Iterative Proportional Fitting (IPF)...
IPF converged at iteration 51
IPF row error: 1.213957, col error: 0.000000
IPF converged at iteration 28
IPF row error: 109.540698, col error: 0.000000
Starting Iterative Proportional Fitting (IPF)...
Starting Iterative Proportional Fitting (IPF)...
IPF converged at iteration 31
IPF row error: 172.034052, col error: 0.000000
Starting Iterative Proportional Fitting (IPF)...
IPF converged at iteration 46
IPF converged at iteration 27
IPF row error: 2.600115, col error: 0.000000
IPF row error: 74.394924, col error: 0.000000
Starting Iterative Proportional Fitting (IPF)...
Starting Iterative Proportional Fitting (IPF)...
IPF converged at iteration 29
IPF row error: 120.643416, col error: 0.000000
Starting Iterative Proportional Fitting (IPF)...
IPF converged at iteration 46
IPF row error: 2.605124, col error: 0.000000
Starting Iterative Proportional Fitting (IPF)...
IPF converged at iteration 46
IPF row error: 2.591066, col error: 0.000000
Starting Iterative Proportional Fitting (IPF)...
IPF converged at iteration 46
IPF row error: 2.594099, col error: 0.000000
IPF converged at iteration 52
IPF row error: 1.429985, col error: 0.000000
Starting Iterative Proportional Fitting (IPF)...
Starting Iterative Proportional Fitting (IPF)...
IPF converged at iteration 50
IPF row error: 5.142764, col error: 0.000000
IPF converged at iteration 25
IPF row error: 193.813397, col error: 0.000000
Starting Iterative Proportional Fitting (IPF)...
Starting Iterative Proportional Fitting (IPF)...
IPF converged at iteration 46
IPF row error: 2.600115, col error: 0.000000
Starting Iterative Proportional Fitting (IPF)...
IPF converged at iteration 46
IPF row error: 3.015193, col error: 0.000000
Starting Iterative Proportional Fitting (IPF)...
IPF converged at iteration 25
IPF row error: 191.041959, col error: 0.000000
Starting Iterative Proportional Fitting (IPF)...
IPF converged at iteration 50
IPF row error: 1.423032, col error: 0.000000
IPF converged at iteration 50
IPF row error: 1.232186, col error: 0.000000
IPF converged at iteration 27
IPF row error: 139.153507, col error: 0.000000
Starting Iterative Proportional Fitting (IPF)...
Starting Iterative Proportional Fitting (IPF)...
Starting Iterative Proportional Fitting (IPF)...
IPF converged at iteration 30
IPF row error: 79.087385, col error: 0.000000
Starting Iterative Proportional Fitting (IPF)...
IPF converged at iteration 50
IPF row error: 1.217363, col error: 0.000000
Starting Iterative Proportional Fitting (IPF)...
IPF converged at iteration 49
IPF row error: 1.708433, col error: 0.000000
IPF converged at iteration 50
IPF row error: 1.204763, col error: 0.000000
  [2023/test] 진행 810/1750 (46.3%) | 누적 CPC 0.5903 | RMSE 481.9682 | %RMSE 7.5714 | 경과 12.5분 | 예상 남음 14.5분
Starting Iterative Proportional Fitting (IPF)...
Starting Iterative Proportional Fitting (IPF)...
IPF converged at iteration 30
IPF row error: 214.513188, col error: 0.000000
Starting Iterative Proportional Fitting (IPF)...
IPF converged at iteration 46
IPF row error: 2.887892, col error: 0.000000
IPF converged at iteration 32
IPF row error: 14.090397, col error: 0.000000
IPF converged at iteration 31
Starting Iterative Proportional Fitting (IPF)...
IPF row error: 211.132406, col error: 0.000000
Starting Iterative Proportional Fitting (IPF)...
Starting Iterative Proportional Fitting (IPF)...
IPF converged at iteration 26
IPF row error: 46.299308, col error: 0.000000
Starting Iterative Proportional Fitting (IPF)...
IPF converged at iteration 30
IPF row error: 78.510125, col error: 0.000000
Starting Iterative Proportional Fitting (IPF)...
IPF converged at iteration 50
IPF row error: 1.220160, col error: 0.000000
Starting Iterative Proportional Fitting (IPF)...
IPF converged at iteration 50
IPF row error: 1.226994, col error: 0.000000
Starting Iterative Proportional Fitting (IPF)...
IPF converged at iteration 55
IPF row error: 1.258454, col error: 0.000000
IPF converged at iteration 50
IPF row error: 1.232186, col error: 0.000000
IPF converged at iteration 30
IPF row error: 87.332409, col error: 0.000000
Starting Iterative Proportional Fitting (IPF)...
Starting Iterative Proportional Fitting (IPF)...
Starting Iterative Proportional Fitting (IPF)...
IPF converged at iteration 46
IPF row error: 2.907420, col error: 0.000000
Starting Iterative Proportional Fitting (IPF)...
IPF converged at iteration 32
IPF row error: 68.662079, col error: 0.000000
IPF converged at iteration 32
IPF row error: 69.250687, col error: 0.000000
IPF converged at iteration 31
IPF row error: 79.988992, col error: 0.000000
Starting Iterative Proportional Fitting (IPF)...
Starting Iterative Proportional Fitting (IPF)...
Starting Iterative Proportional Fitting (IPF)...
IPF converged at iteration 50
IPF row error: 1.226994, col error: 0.000000
Starting Iterative Proportional Fitting (IPF)...
IPF converged at iteration 27
IPF row error: 118.269799, col error: 0.000000
IPF converged at iteration 31
Starting Iterative Proportional Fitting (IPF)...
IPF row error: 83.491237, col error: 0.000000
Starting Iterative Proportional Fitting (IPF)...
IPF converged at iteration 55
IPF row error: 1.237152, col error: 0.000000
Starting Iterative Proportional Fitting (IPF)...
IPF converged at iteration 46
IPF row error: 2.891639, col error: 0.000000
Starting Iterative Proportional Fitting (IPF)...
IPF converged at iteration 55
IPF row error: 1.249316, col error: 0.000000
IPF converged at iteration 31
IPF converged at iteration 54IPF row error: 87.428368, col error: 0.000000

IPF row error: 1.281010, col error: 0.000000
Starting Iterative Proportional Fitting (IPF)...
Starting Iterative Proportional Fitting (IPF)...Starting Iterative Proportional Fitting (IPF)...

IPF converged at iteration 23
IPF row error: 89.154657, col error: 0.000000
Starting Iterative Proportional Fitting (IPF)...
IPF converged at iteration 50
IPF row error: 1.204763, col error: 0.000000
Starting Iterative Proportional Fitting (IPF)...
IPF converged at iteration 50
IPF row error: 1.419861, col error: 0.000000
IPF converged at iteration 50
IPF row error: 1.232186, col error: 0.000000
Starting Iterative Proportional Fitting (IPF)...
Starting Iterative Proportional Fitting (IPF)...
IPF converged at iteration 28
IPF row error: 128.315125, col error: 0.000000
Starting Iterative Proportional Fitting (IPF)...
IPF converged at iteration 32
IPF row error: 71.742947, col error: 0.000000
Starting Iterative Proportional Fitting (IPF)...
IPF converged at iteration 28
IPF row error: 129.650136, col error: 0.000000
  [2023/test] 진행 840/1750 (48.0%) | 누적 CPC 0.5797 | RMSE 489.3245 | %RMSE 7.7937 | 경과 13.0분 | 예상 남음 14.1분
Starting Iterative Proportional Fitting (IPF)...
IPF converged at iteration 46
IPF row error: 3.015193, col error: 0.000000
Starting Iterative Proportional Fitting (IPF)...IPF converged at iteration 29

IPF row error: 118.494079, col error: 0.000000
Starting Iterative Proportional Fitting (IPF)...
IPF converged at iteration 50
IPF row error: 1.226994, col error: 0.000000
Starting Iterative Proportional Fitting (IPF)...
IPF converged at iteration 50
IPF row error: 1.233990, col error: 0.000000
Starting Iterative Proportional Fitting (IPF)...
IPF converged at iteration 31
IPF row error: 67.651681, col error: 0.000000
Starting Iterative Proportional Fitting (IPF)...
IPF converged at iteration 50
IPF row error: 1.226947, col error: 0.000000
Starting Iterative Proportional Fitting (IPF)...
IPF converged at iteration 55
IPF row error: 1.261619, col error: 0.000000
Starting Iterative Proportional Fitting (IPF)...
IPF converged at iteration 50
IPF row error: 1.423032, col error: 0.000000
Starting Iterative Proportional Fitting (IPF)...
IPF converged at iteration 55
IPF row error: 1.261619, col error: 0.000000
IPF converged at iteration 50
IPF row error: 1.217363, col error: 0.000000
Starting Iterative Proportional Fitting (IPF)...
Starting Iterative Proportional Fitting (IPF)...
IPF converged at iteration 52
IPF row error: 1.308460, col error: 0.000000
Starting Iterative Proportional Fitting (IPF)...
IPF converged at iteration 31
IPF converged at iteration 30
IPF row error: 74.502416, col error: 0.000000
IPF row error: 84.043251, col error: 0.000000
Starting Iterative Proportional Fitting (IPF)...
Starting Iterative Proportional Fitting (IPF)...
IPF converged at iteration 54
IPF row error: 1.248297, col error: 0.000000
Starting Iterative Proportional Fitting (IPF)...
IPF converged at iteration 50
IPF row error: 5.562916, col error: 0.000000
Starting Iterative Proportional Fitting (IPF)...
IPF converged at iteration 30
IPF row error: 91.496617, col error: 0.000000
Starting Iterative Proportional Fitting (IPF)...
IPF converged at iteration 29
IPF row error: 79.348754, col error: 0.000000
Starting Iterative Proportional Fitting (IPF)...
IPF converged at iteration 48
IPF row error: 1.800408, col error: 0.000000
Starting Iterative Proportional Fitting (IPF)...
IPF converged at iteration 32
IPF row error: 74.155486, col error: 0.000000
Starting Iterative Proportional Fitting (IPF)...
IPF converged at iteration 28
IPF row error: 105.483570, col error: 0.000000
Starting Iterative Proportional Fitting (IPF)...
IPF converged at iteration 28
IPF row error: 104.613609, col error: 0.000000
Starting Iterative Proportional Fitting (IPF)...
IPF converged at iteration 56
IPF row error: 1.421155, col error: 0.000000
Starting Iterative Proportional Fitting (IPF)...
IPF converged at iteration 34
IPF row error: 41.148317, col error: 0.000000
IPF converged at iteration 29
IPF row error: 117.529704, col error: 0.000000Starting Iterative Proportional Fitting (IPF)...

IPF converged at iteration 26
IPF row error: 131.333201, col error: 0.000000
Starting Iterative Proportional Fitting (IPF)...
Starting Iterative Proportional Fitting (IPF)...
IPF converged at iteration 52
IPF row error: 1.294520, col error: 0.000000
Starting Iterative Proportional Fitting (IPF)...
IPF converged at iteration 31
IPF converged at iteration 28
IPF row error: 74.511806, col error: 0.000000IPF row error: 92.851663, col error: 0.000000

Starting Iterative Proportional Fitting (IPF)...
Starting Iterative Proportional Fitting (IPF)...
IPF converged at iteration 52
IPF row error: 1.296328, col error: 0.000000
Starting Iterative Proportional Fitting (IPF)...
IPF converged at iteration 54
IPF row error: 1.269402, col error: 0.000000
  [2023/test] 진행 870/1750 (49.7%) | 누적 CPC 0.5692 | RMSE 485.6545 | %RMSE 7.8541 | 경과 13.5분 | 예상 남음 13.7분
Starting Iterative Proportional Fitting (IPF)...
IPF converged at iteration 32
IPF row error: 68.931595, col error: 0.000000
IPF converged at iteration 32
IPF row error: 56.387188, col error: 0.000000
Starting Iterative Proportional Fitting (IPF)...
Starting Iterative Proportional Fitting (IPF)...
IPF converged at iteration 52
IPF row error: 1.292145, col error: 0.000000
IPF converged at iteration 33
IPF row error: 56.717778, col error: 0.000000
Starting Iterative Proportional Fitting (IPF)...
Starting Iterative Proportional Fitting (IPF)...
IPF converged at iteration 52
IPF row error: 1.282987, col error: 0.000000
Starting Iterative Proportional Fitting (IPF)...
IPF converged at iteration 52
IPF row error: 1.295369, col error: 0.000000
Starting Iterative Proportional Fitting (IPF)...
IPF converged at iteration 30
IPF row error: 73.960073, col error: 0.000000
IPF converged at iteration 33
IPF row error: 49.819316, col error: 0.000000
Starting Iterative Proportional Fitting (IPF)...
Starting Iterative Proportional Fitting (IPF)...
IPF converged at iteration 52
IPF row error: 1.292069, col error: 0.000000
Starting Iterative Proportional Fitting (IPF)...
IPF converged at iteration 56
IPF row error: 1.443584, col error: 0.000000
Starting Iterative Proportional Fitting (IPF)...
IPF converged at iteration 52
IPF row error: 1.301661, col error: 0.000000
IPF converged at iteration 52
IPF row error: 1.289785, col error: 0.000000
Starting Iterative Proportional Fitting (IPF)...
Starting Iterative Proportional Fitting (IPF)...
IPF converged at iteration 51
IPF row error: 1.268104, col error: 0.000000
IPF converged at iteration 32
IPF row error: 52.891454, col error: 0.000000
IPF converged at iteration 30
Starting Iterative Proportional Fitting (IPF)...
IPF row error: 85.253328, col error: 0.000000
Starting Iterative Proportional Fitting (IPF)...
Starting Iterative Proportional Fitting (IPF)...
IPF converged at iteration 54
IPF row error: 1.248297, col error: 0.000000
Starting Iterative Proportional Fitting (IPF)...
IPF converged at iteration 29
IPF row error: 95.117772, col error: 0.000000
Starting Iterative Proportional Fitting (IPF)...
IPF converged at iteration 56
IPF row error: 1.443584, col error: 0.000000
IPF converged at iteration 56
IPF row error: 1.421155, col error: 0.000000
Starting Iterative Proportional Fitting (IPF)...
IPF converged at iteration 45
IPF row error: 3.293807, col error: 0.000000
Starting Iterative Proportional Fitting (IPF)...
Starting Iterative Proportional Fitting (IPF)...
IPF converged at iteration 54
IPF converged at iteration 28
IPF row error: 1.269402, col error: 0.000000
IPF row error: 92.129103, col error: 0.000000
Starting Iterative Proportional Fitting (IPF)...
Starting Iterative Proportional Fitting (IPF)...
IPF converged at iteration 40
IPF row error: 11.729264, col error: 0.000000
Starting Iterative Proportional Fitting (IPF)...
IPF converged at iteration 56
IPF row error: 1.437748, col error: 0.000000
Starting Iterative Proportional Fitting (IPF)...
IPF converged at iteration 29
IPF row error: 95.755082, col error: 0.000000
Starting Iterative Proportional Fitting (IPF)...
IPF converged at iteration 39
IPF row error: 13.225187, col error: 0.000000
Starting Iterative Proportional Fitting (IPF)...
IPF converged at iteration 54
IPF row error: 1.269402, col error: 0.000000
Starting Iterative Proportional Fitting (IPF)...
IPF converged at iteration 52
IPF row error: 1.293016, col error: 0.000000
IPF converged at iteration 45
Starting Iterative Proportional Fitting (IPF)...
IPF row error: 3.516135, col error: 0.000000
Starting Iterative Proportional Fitting (IPF)...
IPF converged at iteration 52
IPF row error: 1.293906, col error: 0.000000
  [2023/test] 진행 900/1750 (51.4%) | 누적 CPC 0.5591 | RMSE 477.4228 | %RMSE 7.8418 | 경과 14.0분 | 예상 남음 13.2분
Starting Iterative Proportional Fitting (IPF)...
IPF converged at iteration 32
IPF row error: 84.330263, col error: 0.000000
Starting Iterative Proportional Fitting (IPF)...
IPF converged at iteration 47
IPF row error: 2.324815, col error: 0.000000
Starting Iterative Proportional Fitting (IPF)...
IPF converged at iteration 46
IPF row error: 2.847041, col error: 0.000000
Starting Iterative Proportional Fitting (IPF)...
IPF converged at iteration 44
IPF row error: 4.485390, col error: 0.000000
Starting Iterative Proportional Fitting (IPF)...
IPF converged at iteration 24
IPF row error: 55.835230, col error: 0.000000
IPF converged at iteration 46
Starting Iterative Proportional Fitting (IPF)...
IPF row error: 2.851739, col error: 0.000000
Starting Iterative Proportional Fitting (IPF)...
IPF converged at iteration 47
IPF row error: 2.333598, col error: 0.000000
Starting Iterative Proportional Fitting (IPF)...
IPF converged at iteration 47
IPF row error: 2.760838, col error: 0.000000
Starting Iterative Proportional Fitting (IPF)...
IPF converged at iteration 44
IPF row error: 4.689396, col error: 0.000000
Starting Iterative Proportional Fitting (IPF)...
IPF converged at iteration 52
IPF row error: 1.250529, col error: 0.000000
IPF converged at iteration 49
Starting Iterative Proportional Fitting (IPF)...
IPF row error: 1.583060, col error: 0.000000
Starting Iterative Proportional Fitting (IPF)...
IPF converged at iteration 30
IPF row error: 95.384612, col error: 0.000000
Starting Iterative Proportional Fitting (IPF)...
IPF converged at iteration 31
IPF row error: 83.523641, col error: 0.000000
IPF converged at iteration 29
IPF row error: 102.947745, col error: 0.000000
Starting Iterative Proportional Fitting (IPF)...
Starting Iterative Proportional Fitting (IPF)...
IPF converged at iteration 52
IPF row error: 1.250529, col error: 0.000000
Starting Iterative Proportional Fitting (IPF)...
IPF converged at iteration 52
IPF row error: 1.354030, col error: 0.000000
Starting Iterative Proportional Fitting (IPF)...
IPF converged at iteration 46
IPF row error: 2.805328, col error: 0.000000
Starting Iterative Proportional Fitting (IPF)...
IPF converged at iteration 52
IPF row error: 1.351505, col error: 0.000000
IPF converged at iteration 46
IPF row error: 2.874422, col error: 0.000000
Starting Iterative Proportional Fitting (IPF)...
Starting Iterative Proportional Fitting (IPF)...
IPF converged at iteration 32
IPF row error: 70.695460, col error: 0.000000
Starting Iterative Proportional Fitting (IPF)...
IPF converged at iteration 28
IPF row error: 118.317734, col error: 0.000000
Starting Iterative Proportional Fitting (IPF)...
IPF converged at iteration 47
IPF row error: 2.783938, col error: 0.000000
IPF converged at iteration 31
IPF row error: 82.734236, col error: 0.000000
Starting Iterative Proportional Fitting (IPF)...
IPF converged at iteration 47
IPF row error: 2.340301, col error: 0.000000
Starting Iterative Proportional Fitting (IPF)...
Starting Iterative Proportional Fitting (IPF)...
IPF converged at iteration 29
IPF row error: 146.197816, col error: 0.000000
IPF converged at iteration 46
IPF row error: 2.880217, col error: 0.000000
Starting Iterative Proportional Fitting (IPF)...
Starting Iterative Proportional Fitting (IPF)...
IPF converged at iteration 49
IPF row error: 1.486899, col error: 0.000000
IPF converged at iteration 47
Starting Iterative Proportional Fitting (IPF)...
IPF row error: 2.755740, col error: 0.000000
Starting Iterative Proportional Fitting (IPF)...
IPF converged at iteration 26
IPF row error: 42.068299, col error: 0.000000
Starting Iterative Proportional Fitting (IPF)...
IPF converged at iteration 32
IPF row error: 73.969753, col error: 0.000000
  [2023/test] 진행 930/1750 (53.1%) | 누적 CPC 0.5534 | RMSE 480.1858 | %RMSE 7.9556 | 경과 14.5분 | 예상 남음 12.8분
Starting Iterative Proportional Fitting (IPF)...
IPF converged at iteration 30
IPF row error: 78.227897, col error: 0.000000
Starting Iterative Proportional Fitting (IPF)...
IPF converged at iteration 27
IPF row error: 114.518367, col error: 0.000000
Starting Iterative Proportional Fitting (IPF)...
IPF converged at iteration 46
IPF row error: 2.880189, col error: 0.000000
IPF converged at iteration 29
IPF row error: 126.829597, col error: 0.000000
Starting Iterative Proportional Fitting (IPF)...
Starting Iterative Proportional Fitting (IPF)...
IPF converged at iteration 28
IPF row error: 109.213171, col error: 0.000000
Starting Iterative Proportional Fitting (IPF)...
IPF converged at iteration 30
IPF row error: 98.390849, col error: 0.000000
Starting Iterative Proportional Fitting (IPF)...
IPF converged at iteration 55
IPF row error: 1.358722, col error: 0.000000
Starting Iterative Proportional Fitting (IPF)...
IPF converged at iteration 46
IPF row error: 2.872742, col error: 0.000000
Starting Iterative Proportional Fitting (IPF)...
IPF converged at iteration 29
IPF row error: 105.614369, col error: 0.000000
Starting Iterative Proportional Fitting (IPF)...
IPF converged at iteration 27
IPF row error: 125.920870, col error: 0.000000
IPF converged at iteration 47
IPF row error: 2.337420, col error: 0.000000
Starting Iterative Proportional Fitting (IPF)...
Starting Iterative Proportional Fitting (IPF)...
IPF converged at iteration 47
IPF row error: 2.345972, col error: 0.000000
IPF converged at iteration 28
IPF row error: 121.252681, col error: 0.000000
IPF converged at iteration 25
Starting Iterative Proportional Fitting (IPF)...
IPF row error: 43.873178, col error: 0.000000
Starting Iterative Proportional Fitting (IPF)...
Starting Iterative Proportional Fitting (IPF)...
IPF converged at iteration 44
IPF row error: 5.317310, col error: 0.000000
Starting Iterative Proportional Fitting (IPF)...
IPF converged at iteration 39
IPF row error: 17.016058, col error: 0.000000
Starting Iterative Proportional Fitting (IPF)...
IPF converged at iteration 44
IPF converged at iteration 47
IPF row error: 4.695950, col error: 0.000000
IPF row error: 2.337420, col error: 0.000000
Starting Iterative Proportional Fitting (IPF)...
Starting Iterative Proportional Fitting (IPF)...
IPF converged at iteration 32
IPF row error: 71.879773, col error: 0.000000
Starting Iterative Proportional Fitting (IPF)...
IPF converged at iteration 32
IPF row error: 69.375833, col error: 0.000000
Starting Iterative Proportional Fitting (IPF)...
IPF converged at iteration 47
IPF row error: 2.333598, col error: 0.000000
Starting Iterative Proportional Fitting (IPF)...
IPF converged at iteration 53
IPF row error: 1.311790, col error: 0.000000
Starting Iterative Proportional Fitting (IPF)...
IPF converged at iteration 49
IPF row error: 1.497222, col error: 0.000000
Starting Iterative Proportional Fitting (IPF)...
IPF converged at iteration 28
IPF row error: 107.636860, col error: 0.000000
Starting Iterative Proportional Fitting (IPF)...
IPF converged at iteration 24
IPF row error: 82.448348, col error: 0.000000
IPF converged at iteration 48
Starting Iterative Proportional Fitting (IPF)...
IPF row error: 1.765861, col error: 0.000000
IPF converged at iteration 35
IPF row error: 35.808923, col error: 0.000000
Starting Iterative Proportional Fitting (IPF)...
Starting Iterative Proportional Fitting (IPF)...
IPF converged at iteration 48
IPF row error: 1.776733, col error: 0.000000
IPF converged at iteration 28
Starting Iterative Proportional Fitting (IPF)...
IPF row error: 105.962685, col error: 0.000000
Starting Iterative Proportional Fitting (IPF)...
IPF converged at iteration 30
IPF row error: 92.553510, col error: 0.000000
  [2023/test] 진행 960/1750 (54.9%) | 누적 CPC 0.5466 | RMSE 486.3884 | %RMSE 8.0855 | 경과 14.9분 | 예상 남음 12.3분
Starting Iterative Proportional Fitting (IPF)...
IPF converged at iteration 48
IPF row error: 1.774038, col error: 0.000000
Starting Iterative Proportional Fitting (IPF)...
IPF converged at iteration 27
IPF row error: 126.726990, col error: 0.000000
Starting Iterative Proportional Fitting (IPF)...
IPF converged at iteration 44
IPF row error: 4.382705, col error: 0.000000
IPF converged at iteration 22
IPF row error: 101.107216, col error: 0.000000
Starting Iterative Proportional Fitting (IPF)...
Starting Iterative Proportional Fitting (IPF)...
IPF converged at iteration 53
IPF row error: 1.407513, col error: 0.000000
Starting Iterative Proportional Fitting (IPF)...
IPF converged at iteration 44
IPF row error: 4.345599, col error: 0.000000
IPF converged at iteration 27
Starting Iterative Proportional Fitting (IPF)...
IPF row error: 149.901052, col error: 0.000000
Starting Iterative Proportional Fitting (IPF)...
IPF converged at iteration 48
IPF row error: 1.790210, col error: 0.000000
Starting Iterative Proportional Fitting (IPF)...
IPF converged at iteration 49
IPF row error: 1.425362, col error: 0.000000
IPF converged at iteration 42
IPF row error: 7.283808, col error: 0.000000
Starting Iterative Proportional Fitting (IPF)...
Starting Iterative Proportional Fitting (IPF)...
IPF converged at iteration 49
IPF row error: 1.496950, col error: 0.000000
IPF converged at iteration 27
IPF row error: 105.304836, col error: 0.000000
Starting Iterative Proportional Fitting (IPF)...
Starting Iterative Proportional Fitting (IPF)...
IPF converged at iteration 23
IPF row error: 80.724555, col error: 0.000000
Starting Iterative Proportional Fitting (IPF)...
IPF converged at iteration 31
IPF row error: 80.564569, col error: 0.000000
IPF converged at iteration 48
IPF row error: 1.775822, col error: 0.000000
Starting Iterative Proportional Fitting (IPF)...
IPF converged at iteration 48
Starting Iterative Proportional Fitting (IPF)...
IPF row error: 1.776733, col error: 0.000000
Starting Iterative Proportional Fitting (IPF)...
IPF converged at iteration 26
IPF row error: 160.336672, col error: 0.000000
Starting Iterative Proportional Fitting (IPF)...
IPF converged at iteration 32
IPF row error: 70.605582, col error: 0.000000
Starting Iterative Proportional Fitting (IPF)...
IPF converged at iteration 48
IPF row error: 1.779779, col error: 0.000000
IPF converged at iteration 49
Starting Iterative Proportional Fitting (IPF)...
IPF row error: 1.497222, col error: 0.000000
Starting Iterative Proportional Fitting (IPF)...
IPF converged at iteration 44
IPF row error: 4.338963, col error: 0.000000
Starting Iterative Proportional Fitting (IPF)...
IPF converged at iteration 30
IPF converged at iteration 48
IPF row error: 78.316211, col error: 0.000000
IPF row error: 1.790210, col error: 0.000000
Starting Iterative Proportional Fitting (IPF)...
Starting Iterative Proportional Fitting (IPF)...
IPF converged at iteration 36
IPF row error: 30.710423, col error: 0.000000
Starting Iterative Proportional Fitting (IPF)...
IPF converged at iteration 44
IPF row error: 4.440553, col error: 0.000000
IPF converged at iteration 30
Starting Iterative Proportional Fitting (IPF)...
IPF row error: 82.966899, col error: 0.000000
IPF converged at iteration 32
IPF row error: 72.390102, col error: 0.000000
Starting Iterative Proportional Fitting (IPF)...
Starting Iterative Proportional Fitting (IPF)...
IPF converged at iteration 27
IPF row error: 117.409469, col error: 0.000000
Starting Iterative Proportional Fitting (IPF)...
IPF converged at iteration 42
IPF row error: 6.982948, col error: 0.000000
IPF converged at iteration 48
IPF row error: 1.774038, col error: 0.000000
  [2023/test] 진행 990/1750 (56.6%) | 누적 CPC 0.5391 | RMSE 495.9914 | %RMSE 8.2000 | 경과 15.4분 | 예상 남음 11.8분
Starting Iterative Proportional Fitting (IPF)...
Starting Iterative Proportional Fitting (IPF)...
IPF converged at iteration 48
IPF row error: 1.875028, col error: 0.000000
Starting Iterative Proportional Fitting (IPF)...
IPF converged at iteration 48
IPF row error: 1.785197, col error: 0.000000
Starting Iterative Proportional Fitting (IPF)...
IPF converged at iteration 27
IPF row error: 140.569771, col error: 0.000000
Starting Iterative Proportional Fitting (IPF)...
IPF converged at iteration 31
IPF row error: 85.739815, col error: 0.000000
Starting Iterative Proportional Fitting (IPF)...
IPF converged at iteration 48
IPF converged at iteration 49
IPF row error: 1.785197, col error: 0.000000
IPF row error: 1.387372, col error: 0.000000
Starting Iterative Proportional Fitting (IPF)...
Starting Iterative Proportional Fitting (IPF)...
IPF converged at iteration 29
IPF row error: 114.838451, col error: 0.000000
Starting Iterative Proportional Fitting (IPF)...
IPF converged at iteration 32
IPF row error: 69.046216, col error: 0.000000
Starting Iterative Proportional Fitting (IPF)...
IPF converged at iteration 32
IPF row error: 146.831663, col error: 0.000000
Starting Iterative Proportional Fitting (IPF)...
IPF converged at iteration 44
IPF converged at iteration 28
IPF row error: 4.500667, col error: 0.000000
IPF row error: 76.222020, col error: 0.000000
Starting Iterative Proportional Fitting (IPF)...
Starting Iterative Proportional Fitting (IPF)...
IPF converged at iteration 30
IPF row error: 94.500592, col error: 0.000000
IPF converged at iteration 41
IPF row error: 7.595227, col error: 0.000000
Starting Iterative Proportional Fitting (IPF)...
Starting Iterative Proportional Fitting (IPF)...
IPF converged at iteration 32
IPF row error: 56.974664, col error: 0.000000
Starting Iterative Proportional Fitting (IPF)...
IPF converged at iteration 41
IPF row error: 7.537335, col error: 0.000000
Starting Iterative Proportional Fitting (IPF)...
IPF converged at iteration 32
IPF row error: 62.318699, col error: 0.000000
Starting Iterative Proportional Fitting (IPF)...
IPF converged at iteration 29
IPF row error: 108.954942, col error: 0.000000
IPF converged at iteration 41
IPF row error: 7.862765, col error: 0.000000
Starting Iterative Proportional Fitting (IPF)...
Starting Iterative Proportional Fitting (IPF)...
IPF converged at iteration 30
IPF row error: 95.266428, col error: 0.000000
Starting Iterative Proportional Fitting (IPF)...
IPF converged at iteration 50
IPF row error: 1.338978, col error: 0.000000
Starting Iterative Proportional Fitting (IPF)...
IPF converged at iteration 31
IPF row error: 67.379531, col error: 0.000000
Starting Iterative Proportional Fitting (IPF)...
IPF converged at iteration 41
IPF row error: 7.719943, col error: 0.000000
Starting Iterative Proportional Fitting (IPF)...
IPF converged at iteration 30
IPF row error: 93.787303, col error: 0.000000
Starting Iterative Proportional Fitting (IPF)...
IPF converged at iteration 31
IPF row error: 68.538279, col error: 0.000000
Starting Iterative Proportional Fitting (IPF)...
IPF converged at iteration 41
IPF row error: 7.559625, col error: 0.000000
Starting Iterative Proportional Fitting (IPF)...
IPF converged at iteration 29
IPF row error: 88.651046, col error: 0.000000
IPF converged at iteration 50
IPF row error: 5.335148, col error: 0.000000
Starting Iterative Proportional Fitting (IPF)...
Starting Iterative Proportional Fitting (IPF)...
IPF converged at iteration 41
IPF row error: 7.627964, col error: 0.000000
Starting Iterative Proportional Fitting (IPF)...
IPF converged at iteration 30
IPF row error: 88.952199, col error: 0.000000
Starting Iterative Proportional Fitting (IPF)...
IPF converged at iteration 30
IPF row error: 79.249976, col error: 0.000000
  [2023/test] 진행 1020/1750 (58.3%) | 누적 CPC 0.5320 | RMSE 538.5691 | %RMSE 8.4859 | 경과 15.8분 | 예상 남음 11.3분
Starting Iterative Proportional Fitting (IPF)...
IPF converged at iteration 45
IPF row error: 3.107823, col error: 0.000000
Starting Iterative Proportional Fitting (IPF)...
IPF converged at iteration 32
IPF converged at iteration 46
IPF row error: 69.061554, col error: 0.000000
IPF row error: 2.453118, col error: 0.000000
Starting Iterative Proportional Fitting (IPF)...
Starting Iterative Proportional Fitting (IPF)...
IPF converged at iteration 41
IPF row error: 7.752038, col error: 0.000000
Starting Iterative Proportional Fitting (IPF)...
IPF converged at iteration 40
IPF row error: 9.679540, col error: 0.000000
IPF converged at iteration 36
IPF row error: 26.560021, col error: 0.000000
Starting Iterative Proportional Fitting (IPF)...
Starting Iterative Proportional Fitting (IPF)...
IPF converged at iteration 51
IPF row error: 1.429719, col error: 0.000000
IPF converged at iteration 29
IPF row error: 170.405933, col error: 0.000000
Starting Iterative Proportional Fitting (IPF)...
Starting Iterative Proportional Fitting (IPF)...
IPF converged at iteration 28
IPF row error: 104.721735, col error: 0.000000
Starting Iterative Proportional Fitting (IPF)...
IPF converged at iteration 46
IPF row error: 2.521261, col error: 0.000000
Starting Iterative Proportional Fitting (IPF)...
IPF converged at iteration 41
IPF row error: 7.723042, col error: 0.000000
IPF converged at iteration 40
IPF row error: 9.486858, col error: 0.000000
Starting Iterative Proportional Fitting (IPF)...
Starting Iterative Proportional Fitting (IPF)...
IPF converged at iteration 41
IPF row error: 7.597495, col error: 0.000000
Starting Iterative Proportional Fitting (IPF)...
IPF converged at iteration 37
IPF row error: 18.909020, col error: 0.000000
Starting Iterative Proportional Fitting (IPF)...
IPF converged at iteration 45
IPF row error: 3.068501, col error: 0.000000
Starting Iterative Proportional Fitting (IPF)...
IPF converged at iteration 50
IPF row error: 1.332426, col error: 0.000000
Starting Iterative Proportional Fitting (IPF)...
IPF converged at iteration 29
IPF row error: 102.507047, col error: 0.000000
IPF converged at iteration 46
IPF row error: 2.468020, col error: 0.000000
Starting Iterative Proportional Fitting (IPF)...
Starting Iterative Proportional Fitting (IPF)...
IPF converged at iteration 31
IPF row error: 64.087220, col error: 0.000000
Starting Iterative Proportional Fitting (IPF)...
IPF converged at iteration 28
IPF row error: 104.307431, col error: 0.000000
IPF converged at iteration 41
Starting Iterative Proportional Fitting (IPF)...
IPF row error: 7.729606, col error: 0.000000
Starting Iterative Proportional Fitting (IPF)...
IPF converged at iteration 41
IPF row error: 7.670358, col error: 0.000000
Starting Iterative Proportional Fitting (IPF)...
IPF converged at iteration 27
IPF converged at iteration 41
IPF converged at iteration 24
IPF row error: 105.281065, col error: 0.000000
IPF row error: 7.742947, col error: 0.000000
IPF row error: 58.245468, col error: 0.000000
Starting Iterative Proportional Fitting (IPF)...Starting Iterative Proportional Fitting (IPF)...

Starting Iterative Proportional Fitting (IPF)...
IPF converged at iteration 31
IPF row error: 79.801250, col error: 0.000000
Starting Iterative Proportional Fitting (IPF)...
IPF converged at iteration 26
IPF row error: 132.913091, col error: 0.000000
Starting Iterative Proportional Fitting (IPF)...
IPF converged at iteration 40
IPF row error: 9.688828, col error: 0.000000
IPF converged at iteration 41
IPF row error: 7.664153, col error: 0.000000
Starting Iterative Proportional Fitting (IPF)...
Starting Iterative Proportional Fitting (IPF)...
IPF converged at iteration 52
IPF row error: 1.209126, col error: 0.000000
  [2023/test] 진행 1050/1750 (60.0%) | 누적 CPC 0.5258 | RMSE 590.8155 | %RMSE 8.8080 | 경과 16.2분 | 예상 남음 10.8분
Starting Iterative Proportional Fitting (IPF)...
IPF converged at iteration 53
IPF row error: 1.384351, col error: 0.000000
Starting Iterative Proportional Fitting (IPF)...
IPF converged at iteration 53
IPF converged at iteration 53
IPF row error: 1.384351, col error: 0.000000
IPF row error: 1.384351, col error: 0.000000
Starting Iterative Proportional Fitting (IPF)...
Starting Iterative Proportional Fitting (IPF)...
IPF converged at iteration 53
IPF row error: 1.384351, col error: 0.000000
Starting Iterative Proportional Fitting (IPF)...
IPF converged at iteration 31
IPF row error: 69.604240, col error: 0.000000
Starting Iterative Proportional Fitting (IPF)...
IPF converged at iteration 53
IPF row error: 1.384351, col error: 0.000000
Starting Iterative Proportional Fitting (IPF)...
IPF converged at iteration 53
IPF row error: 1.384351, col error: 0.000000
Starting Iterative Proportional Fitting (IPF)...
IPF converged at iteration 30
IPF row error: 74.543131, col error: 0.000000
Starting Iterative Proportional Fitting (IPF)...
IPF converged at iteration 27
IPF row error: 201.925510, col error: 0.000000
Starting Iterative Proportional Fitting (IPF)...
IPF converged at iteration 53
IPF row error: 1.384351, col error: 0.000000
Starting Iterative Proportional Fitting (IPF)...
IPF converged at iteration 31
IPF row error: 83.135214, col error: 0.000000
Starting Iterative Proportional Fitting (IPF)...
IPF converged at iteration 36
IPF row error: 28.618374, col error: 0.000000
Starting Iterative Proportional Fitting (IPF)...
IPF converged at iteration 53
IPF row error: 1.384351, col error: 0.000000
Starting Iterative Proportional Fitting (IPF)...
IPF converged at iteration 40
IPF row error: 10.527010, col error: 0.000000
Starting Iterative Proportional Fitting (IPF)...
IPF converged at iteration 44
IPF row error: 4.775226, col error: 0.000000
Starting Iterative Proportional Fitting (IPF)...
IPF converged at iteration 32
IPF row error: 78.440432, col error: 0.000000
Starting Iterative Proportional Fitting (IPF)...
IPF converged at iteration 31
IPF row error: 84.173437, col error: 0.000000
Starting Iterative Proportional Fitting (IPF)...
IPF converged at iteration 53
IPF row error: 1.384351, col error: 0.000000
IPF converged at iteration 30
IPF row error: 87.833433, col error: 0.000000
IPF converged at iteration 53
Starting Iterative Proportional Fitting (IPF)...
IPF row error: 1.384351, col error: 0.000000
Starting Iterative Proportional Fitting (IPF)...
Starting Iterative Proportional Fitting (IPF)...
IPF converged at iteration 29
IPF row error: 114.735623, col error: 0.000000
Starting Iterative Proportional Fitting (IPF)...
IPF converged at iteration 33
IPF row error: 58.817462, col error: 0.000000
Starting Iterative Proportional Fitting (IPF)...
IPF converged at iteration 53
IPF row error: 1.384351, col error: 0.000000
Starting Iterative Proportional Fitting (IPF)...
IPF converged at iteration 53
IPF row error: 1.384351, col error: 0.000000
Starting Iterative Proportional Fitting (IPF)...
IPF converged at iteration 34
IPF row error: 48.068849, col error: 0.000000
Starting Iterative Proportional Fitting (IPF)...
IPF converged at iteration 30
IPF row error: 91.716859, col error: 0.000000
Starting Iterative Proportional Fitting (IPF)...
IPF converged at iteration 53
IPF row error: 1.384351, col error: 0.000000
Starting Iterative Proportional Fitting (IPF)...
IPF converged at iteration 30
IPF row error: 87.098621, col error: 0.000000
Starting Iterative Proportional Fitting (IPF)...
IPF converged at iteration 53
IPF row error: 1.384351, col error: 0.000000
Starting Iterative Proportional Fitting (IPF)...
IPF converged at iteration 53
IPF row error: 1.384351, col error: 0.000000
  [2023/test] 진행 1080/1750 (61.7%) | 누적 CPC 0.5138 | RMSE 618.0200 | %RMSE 8.9898 | 경과 16.7분 | 예상 남음 10.4분
Starting Iterative Proportional Fitting (IPF)...
IPF converged at iteration 32
IPF row error: 66.423214, col error: 0.000000
IPF converged at iteration 29
IPF row error: 80.033027, col error: 0.000000
Starting Iterative Proportional Fitting (IPF)...
Starting Iterative Proportional Fitting (IPF)...
IPF converged at iteration 53
IPF row error: 1.384351, col error: 0.000000
Starting Iterative Proportional Fitting (IPF)...
IPF converged at iteration 29
IPF row error: 78.580404, col error: 0.000000
IPF converged at iteration 30
IPF row error: 82.196016, col error: 0.000000
Starting Iterative Proportional Fitting (IPF)...
Starting Iterative Proportional Fitting (IPF)...
IPF converged at iteration 53
IPF row error: 1.384351, col error: 0.000000
Starting Iterative Proportional Fitting (IPF)...
IPF converged at iteration 53
IPF converged at iteration 29
IPF row error: 1.384351, col error: 0.000000
IPF row error: 64.745477, col error: 0.000000
Starting Iterative Proportional Fitting (IPF)...
Starting Iterative Proportional Fitting (IPF)...
IPF converged at iteration 30
IPF row error: 87.021295, col error: 0.000000
Starting Iterative Proportional Fitting (IPF)...
IPF converged at iteration 53
IPF row error: 1.384351, col error: 0.000000
Starting Iterative Proportional Fitting (IPF)...
IPF converged at iteration 53
IPF converged at iteration 53
IPF row error: 1.384351, col error: 0.000000
IPF row error: 1.384351, col error: 0.000000
Starting Iterative Proportional Fitting (IPF)...
Starting Iterative Proportional Fitting (IPF)...
IPF converged at iteration 53
IPF row error: 1.384351, col error: 0.000000
Starting Iterative Proportional Fitting (IPF)...
IPF converged at iteration 53
IPF row error: 1.384351, col error: 0.000000
Starting Iterative Proportional Fitting (IPF)...
IPF converged at iteration 32
IPF row error: 69.361083, col error: 0.000000
Starting Iterative Proportional Fitting (IPF)...
IPF converged at iteration 32
IPF row error: 74.216688, col error: 0.000000
Starting Iterative Proportional Fitting (IPF)...
IPF converged at iteration 53
IPF row error: 1.384351, col error: 0.000000
Starting Iterative Proportional Fitting (IPF)...
IPF converged at iteration 53
IPF row error: 1.384351, col error: 0.000000
Starting Iterative Proportional Fitting (IPF)...
IPF converged at iteration 53
IPF row error: 1.384351, col error: 0.000000
Starting Iterative Proportional Fitting (IPF)...
IPF converged at iteration 53
IPF row error: 1.384351, col error: 0.000000
Starting Iterative Proportional Fitting (IPF)...
IPF row error: 580506.844755, col error: 0.000000
Starting Iterative Proportional Fitting (IPF)...
IPF row error: 577734.575644, col error: 0.000000
Starting Iterative Proportional Fitting (IPF)...
IPF row error: 580506.844755, col error: 0.000000
IPF row error: 598062.396544, col error: 0.000000
Starting Iterative Proportional Fitting (IPF)...
Starting Iterative Proportional Fitting (IPF)...
IPF row error: 589051.477624, col error: 0.000000
Starting Iterative Proportional Fitting (IPF)...
IPF row error: 580506.844755, col error: 0.000000
Starting Iterative Proportional Fitting (IPF)...
IPF row error: 570204.243353, col error: 0.000000
IPF row error: 580506.844755, col error: 0.000000
Starting Iterative Proportional Fitting (IPF)...
Starting Iterative Proportional Fitting (IPF)...
IPF row error: 580506.844755, col error: 0.000000
Starting Iterative Proportional Fitting (IPF)...
IPF row error: 580506.844755, col error: 0.000000
  [2023/test] 진행 1110/1750 (63.4%) | 누적 CPC 0.5016 | RMSE 14692.0984 | %RMSE 151.5508 | 경과 17.7분 | 예상 남음 10.2분
Starting Iterative Proportional Fitting (IPF)...
IPF row error: 580506.844755, col error: 0.000000
IPF row error: 545587.191861, col error: 0.000000
Starting Iterative Proportional Fitting (IPF)...
Starting Iterative Proportional Fitting (IPF)...
IPF row error: 576584.794869, col error: 0.000000
Starting Iterative Proportional Fitting (IPF)...
IPF row error: 580506.844755, col error: 0.000000
Starting Iterative Proportional Fitting (IPF)...
IPF row error: 580506.844755, col error: 0.000000
Starting Iterative Proportional Fitting (IPF)...
IPF row error: 581550.495555, col error: 0.000000
Starting Iterative Proportional Fitting (IPF)...
IPF row error: 580506.844755, col error: 0.000000
IPF row error: 580506.844755, col error: 0.000000
Starting Iterative Proportional Fitting (IPF)...
Starting Iterative Proportional Fitting (IPF)...
IPF row error: 580506.844755, col error: 0.000000
Starting Iterative Proportional Fitting (IPF)...
IPF row error: 575928.418535, col error: 0.000000
Starting Iterative Proportional Fitting (IPF)...
IPF row error: 537326.353458, col error: 0.000000
IPF row error: 581833.272632, col error: 0.000000
Starting Iterative Proportional Fitting (IPF)...
Starting Iterative Proportional Fitting (IPF)...
IPF row error: 580506.844755, col error: 0.000000
Starting Iterative Proportional Fitting (IPF)...
IPF row error: 580506.844755, col error: 0.000000
Starting Iterative Proportional Fitting (IPF)...
IPF row error: 580506.844755, col error: 0.000000
IPF row error: 585400.498086, col error: 0.000000
Starting Iterative Proportional Fitting (IPF)...
Starting Iterative Proportional Fitting (IPF)...
IPF row error: 579497.539632, col error: 0.000000
Starting Iterative Proportional Fitting (IPF)...
IPF row error: 581326.324708, col error: 0.000000
Starting Iterative Proportional Fitting (IPF)...
IPF row error: 579787.289395, col error: 0.000000
Starting Iterative Proportional Fitting (IPF)...
IPF row error: 579945.513870, col error: 0.000000
Starting Iterative Proportional Fitting (IPF)...
IPF row error: 556237.777332, col error: 0.000000
Starting Iterative Proportional Fitting (IPF)...
IPF row error: 597763.317693, col error: 0.000000
Starting Iterative Proportional Fitting (IPF)...
IPF row error: 577904.736135, col error: 0.000000
Starting Iterative Proportional Fitting (IPF)...
IPF row error: 580506.844755, col error: 0.000000
Starting Iterative Proportional Fitting (IPF)...
IPF row error: 592065.170411, col error: 0.000000
Starting Iterative Proportional Fitting (IPF)...
IPF row error: 591332.563260, col error: 0.000000
Starting Iterative Proportional Fitting (IPF)...
IPF row error: 580506.844755, col error: 0.000000
Starting Iterative Proportional Fitting (IPF)...
IPF row error: 580506.844755, col error: 0.000000
Starting Iterative Proportional Fitting (IPF)...
IPF row error: 410555.454485, col error: 0.000000
Starting Iterative Proportional Fitting (IPF)...
IPF row error: 529286.986587, col error: 0.000000
  [2023/test] 진행 1140/1750 (65.1%) | 누적 CPC 0.4885 | RMSE 55416.0421 | %RMSE 563.5363 | 경과 19.1분 | 예상 남음 10.2분
Starting Iterative Proportional Fitting (IPF)...
IPF row error: 585423.968626, col error: 0.000000
Starting Iterative Proportional Fitting (IPF)...
IPF row error: 580506.844755, col error: 0.000000
Starting Iterative Proportional Fitting (IPF)...
IPF row error: 580506.844755, col error: 0.000000
Starting Iterative Proportional Fitting (IPF)...
IPF row error: 580506.844755, col error: 0.000000
Starting Iterative Proportional Fitting (IPF)...
IPF row error: 591584.606610, col error: 0.000000
Starting Iterative Proportional Fitting (IPF)...
IPF row error: 582135.525008, col error: 0.000000
Starting Iterative Proportional Fitting (IPF)...
IPF row error: 580506.844755, col error: 0.000000
Starting Iterative Proportional Fitting (IPF)...
IPF row error: 587996.839875, col error: 0.000000
Starting Iterative Proportional Fitting (IPF)...
IPF converged at iteration 54
IPF row error: 1.278721, col error: 0.000000
Starting Iterative Proportional Fitting (IPF)...
IPF row error: 580506.844755, col error: 0.000000
IPF converged at iteration 45
IPF row error: 3.646439, col error: 0.000000
Starting Iterative Proportional Fitting (IPF)...
Starting Iterative Proportional Fitting (IPF)...
IPF row error: 560955.175682, col error: 0.000000
Starting Iterative Proportional Fitting (IPF)...
IPF converged at iteration 26
IPF row error: 158.311205, col error: 0.000000
Starting Iterative Proportional Fitting (IPF)...
IPF converged at iteration 31
IPF row error: 75.335209, col error: 0.000000
Starting Iterative Proportional Fitting (IPF)...
IPF converged at iteration 50
IPF row error: 1.219876, col error: 0.000000
Starting Iterative Proportional Fitting (IPF)...
IPF converged at iteration 50
IPF row error: 1.219876, col error: 0.000000
Starting Iterative Proportional Fitting (IPF)...
IPF converged at iteration 54
IPF row error: 1.278721, col error: 0.000000
IPF converged at iteration 50
IPF row error: 1.213584, col error: 0.000000
Starting Iterative Proportional Fitting (IPF)...
Starting Iterative Proportional Fitting (IPF)...
IPF converged at iteration 50
IPF row error: 1.213584, col error: 0.000000
Starting Iterative Proportional Fitting (IPF)...
IPF converged at iteration 31
IPF row error: 85.824683, col error: 0.000000
Starting Iterative Proportional Fitting (IPF)...
IPF converged at iteration 32
IPF row error: 70.222355, col error: 0.000000
Starting Iterative Proportional Fitting (IPF)...
IPF converged at iteration 54
IPF row error: 1.277567, col error: 0.000000
Starting Iterative Proportional Fitting (IPF)...
IPF converged at iteration 54
IPF row error: 1.275512, col error: 0.000000
Starting Iterative Proportional Fitting (IPF)...
IPF converged at iteration 50
IPF row error: 1.219876, col error: 0.000000
IPF converged at iteration 31
IPF row error: 75.542401, col error: 0.000000
Starting Iterative Proportional Fitting (IPF)...
Starting Iterative Proportional Fitting (IPF)...
IPF converged at iteration 32
IPF row error: 70.119690, col error: 0.000000
Starting Iterative Proportional Fitting (IPF)...
IPF converged at iteration 30
IPF row error: 57.599115, col error: 0.000000
Starting Iterative Proportional Fitting (IPF)...
IPF converged at iteration 54
IPF row error: 1.275512, col error: 0.000000
Starting Iterative Proportional Fitting (IPF)...
IPF converged at iteration 54
IPF row error: 1.275512, col error: 0.000000
IPF converged at iteration 30
IPF row error: 60.489117, col error: 0.000000
  [2023/test] 진행 1170/1750 (66.9%) | 누적 CPC 0.4781 | RMSE 67344.2657 | %RMSE 684.5343 | 경과 19.9분 | 예상 남음 9.9분
Starting Iterative Proportional Fitting (IPF)...
Starting Iterative Proportional Fitting (IPF)...
IPF converged at iteration 54
IPF converged at iteration 50
IPF row error: 1.275512, col error: 0.000000
IPF row error: 1.219876, col error: 0.000000
Starting Iterative Proportional Fitting (IPF)...
Starting Iterative Proportional Fitting (IPF)...
IPF converged at iteration 54
IPF row error: 1.278721, col error: 0.000000
IPF converged at iteration 55
IPF row error: 1.258019, col error: 0.000000
Starting Iterative Proportional Fitting (IPF)...
Starting Iterative Proportional Fitting (IPF)...
IPF converged at iteration 28
IPF row error: 109.416293, col error: 0.000000
Starting Iterative Proportional Fitting (IPF)...
IPF converged at iteration 54
IPF row error: 1.275512, col error: 0.000000
Starting Iterative Proportional Fitting (IPF)...
IPF converged at iteration 50
IPF row error: 1.213584, col error: 0.000000
Starting Iterative Proportional Fitting (IPF)...
IPF converged at iteration 54
IPF converged at iteration 50
IPF row error: 1.275512, col error: 0.000000
IPF row error: 1.213584, col error: 0.000000
IPF converged at iteration 28
Starting Iterative Proportional Fitting (IPF)...
IPF row error: 113.363880, col error: 0.000000
Starting Iterative Proportional Fitting (IPF)...
Starting Iterative Proportional Fitting (IPF)...
IPF converged at iteration 23
IPF row error: 87.645316, col error: 0.000000
Starting Iterative Proportional Fitting (IPF)...
IPF converged at iteration 54
IPF row error: 1.277567, col error: 0.000000
IPF converged at iteration 50
IPF row error: 1.213584, col error: 0.000000
IPF converged at iteration 50
IPF row error: 1.213584, col error: 0.000000
Starting Iterative Proportional Fitting (IPF)...
Starting Iterative Proportional Fitting (IPF)...
Starting Iterative Proportional Fitting (IPF)...
IPF converged at iteration 24
IPF row error: 69.528932, col error: 0.000000
IPF converged at iteration 50
IPF row error: 1.219876, col error: 0.000000
Starting Iterative Proportional Fitting (IPF)...
IPF converged at iteration 29
Starting Iterative Proportional Fitting (IPF)...
IPF converged at iteration 32
IPF row error: 93.927697, col error: 0.000000
IPF row error: 72.062769, col error: 0.000000
Starting Iterative Proportional Fitting (IPF)...
Starting Iterative Proportional Fitting (IPF)...
IPF converged at iteration 50
IPF row error: 1.213584, col error: 0.000000
IPF converged at iteration 50
IPF row error: 1.213584, col error: 0.000000
Starting Iterative Proportional Fitting (IPF)...
IPF converged at iteration 50
IPF row error: 1.213584, col error: 0.000000
Starting Iterative Proportional Fitting (IPF)...
Starting Iterative Proportional Fitting (IPF)...
IPF converged at iteration 54
IPF row error: 1.278721, col error: 0.000000
Starting Iterative Proportional Fitting (IPF)...
IPF converged at iteration 28
IPF row error: 146.697122, col error: 0.000000
Starting Iterative Proportional Fitting (IPF)...
IPF converged at iteration 50
IPF row error: 1.219876, col error: 0.000000
Starting Iterative Proportional Fitting (IPF)...
IPF converged at iteration 55
IPF row error: 1.258019, col error: 0.000000
IPF converged at iteration 28
IPF row error: 103.303620, col error: 0.000000
Starting Iterative Proportional Fitting (IPF)...
IPF converged at iteration 55
Starting Iterative Proportional Fitting (IPF)...
IPF row error: 1.258019, col error: 0.000000
Starting Iterative Proportional Fitting (IPF)...
IPF converged at iteration 27
IPF row error: 138.127742, col error: 0.000000
Starting Iterative Proportional Fitting (IPF)...
IPF converged at iteration 27
IPF row error: 132.873578, col error: 0.000000
Starting Iterative Proportional Fitting (IPF)...
IPF converged at iteration 31
IPF row error: 80.049746, col error: 0.000000
  [2023/test] 진행 1200/1750 (68.6%) | 누적 CPC 0.4700 | RMSE 65685.5914 | %RMSE 667.7543 | 경과 20.5분 | 예상 남음 9.4분
Starting Iterative Proportional Fitting (IPF)...
IPF converged at iteration 31
IPF row error: 82.231176, col error: 0.000000
Starting Iterative Proportional Fitting (IPF)...
IPF converged at iteration 54
IPF row error: 1.278721, col error: 0.000000
Starting Iterative Proportional Fitting (IPF)...
IPF converged at iteration 31
IPF converged at iteration 27
IPF row error: 66.977324, col error: 0.000000
IPF row error: 134.855599, col error: 0.000000
IPF converged at iteration 54
IPF row error: 1.261626, col error: 0.000000
Starting Iterative Proportional Fitting (IPF)...
Starting Iterative Proportional Fitting (IPF)...
Starting Iterative Proportional Fitting (IPF)...
IPF converged at iteration 54
IPF row error: 1.261626, col error: 0.000000
Starting Iterative Proportional Fitting (IPF)...
IPF converged at iteration 30
IPF row error: 87.153443, col error: 0.000000
Starting Iterative Proportional Fitting (IPF)...
IPF converged at iteration 54
IPF row error: 1.261626, col error: 0.000000
IPF converged at iteration 54
IPF row error: 1.261626, col error: 0.000000
Starting Iterative Proportional Fitting (IPF)...
IPF converged at iteration 49
IPF row error: 1.394705, col error: 0.000000
Starting Iterative Proportional Fitting (IPF)...
IPF converged at iteration 28
Starting Iterative Proportional Fitting (IPF)...
IPF row error: 139.391547, col error: 0.000000
Starting Iterative Proportional Fitting (IPF)...
IPF converged at iteration 32
IPF row error: 71.049658, col error: 0.000000
IPF converged at iteration 26
IPF row error: 189.663833, col error: 0.000000
Starting Iterative Proportional Fitting (IPF)...
Starting Iterative Proportional Fitting (IPF)...
IPF converged at iteration 54
IPF row error: 1.261626, col error: 0.000000
IPF converged at iteration 54
IPF row error: 1.261626, col error: 0.000000
Starting Iterative Proportional Fitting (IPF)...
Starting Iterative Proportional Fitting (IPF)...
IPF converged at iteration 31
IPF row error: 66.529382, col error: 0.000000
Starting Iterative Proportional Fitting (IPF)...
IPF converged at iteration 54
IPF row error: 1.261626, col error: 0.000000
IPF converged at iteration 32
IPF converged at iteration 29
IPF row error: 62.741051, col error: 0.000000
IPF row error: 103.563926, col error: 0.000000
Starting Iterative Proportional Fitting (IPF)...
Starting Iterative Proportional Fitting (IPF)...
Starting Iterative Proportional Fitting (IPF)...
IPF converged at iteration 30
IPF row error: 93.080394, col error: 0.000000
IPF converged at iteration 54
IPF row error: 1.261626, col error: 0.000000
Starting Iterative Proportional Fitting (IPF)...
Starting Iterative Proportional Fitting (IPF)...
IPF converged at iteration 36
IPF row error: 28.217688, col error: 0.000000
Starting Iterative Proportional Fitting (IPF)...
IPF converged at iteration 54
IPF row error: 1.261626, col error: 0.000000
Starting Iterative Proportional Fitting (IPF)...
IPF converged at iteration 39
IPF row error: 13.447885, col error: 0.000000
Starting Iterative Proportional Fitting (IPF)...
IPF converged at iteration 28
IPF row error: 104.903049, col error: 0.000000
Starting Iterative Proportional Fitting (IPF)...
IPF converged at iteration 54
IPF row error: 1.261626, col error: 0.000000
Starting Iterative Proportional Fitting (IPF)...
IPF converged at iteration 54
IPF row error: 1.261626, col error: 0.000000
Starting Iterative Proportional Fitting (IPF)...
IPF converged at iteration 33
IPF row error: 42.329973, col error: 0.000000
Starting Iterative Proportional Fitting (IPF)...
IPF converged at iteration 32
IPF row error: 65.893292, col error: 0.000000
Starting Iterative Proportional Fitting (IPF)...
IPF converged at iteration 31
IPF row error: 65.881966, col error: 0.000000IPF converged at iteration 54

  [2023/test] 진행 1230/1750 (70.3%) | 누적 CPC 0.4604 | RMSE 64090.4631 | %RMSE 651.6528 | 경과 20.9분 | 예상 남음 8.9분
IPF row error: 1.261626, col error: 0.000000
Starting Iterative Proportional Fitting (IPF)...
Starting Iterative Proportional Fitting (IPF)...
IPF converged at iteration 29
IPF row error: 87.241301, col error: 0.000000
Starting Iterative Proportional Fitting (IPF)...
IPF converged at iteration 31
IPF row error: 78.924254, col error: 0.000000
Starting Iterative Proportional Fitting (IPF)...
IPF converged at iteration 54
IPF row error: 1.261626, col error: 0.000000
Starting Iterative Proportional Fitting (IPF)...
IPF converged at iteration 54
IPF row error: 1.261626, col error: 0.000000
Starting Iterative Proportional Fitting (IPF)...
IPF converged at iteration 54
IPF row error: 1.261626, col error: 0.000000
Starting Iterative Proportional Fitting (IPF)...
IPF converged at iteration 54
IPF row error: 1.261626, col error: 0.000000
Starting Iterative Proportional Fitting (IPF)...
IPF converged at iteration 54
IPF row error: 1.261626, col error: 0.000000
Starting Iterative Proportional Fitting (IPF)...
IPF converged at iteration 50
IPF row error: 1.359477, col error: 0.000000
Starting Iterative Proportional Fitting (IPF)...
IPF converged at iteration 28
IPF row error: 110.645597, col error: 0.000000
Starting Iterative Proportional Fitting (IPF)...
IPF converged at iteration 31
IPF row error: 76.451550, col error: 0.000000
Starting Iterative Proportional Fitting (IPF)...
IPF converged at iteration 54
IPF row error: 1.261626, col error: 0.000000
Starting Iterative Proportional Fitting (IPF)...
IPF converged at iteration 54
IPF row error: 1.261626, col error: 0.000000
Starting Iterative Proportional Fitting (IPF)...
IPF converged at iteration 54
IPF row error: 1.261626, col error: 0.000000
Starting Iterative Proportional Fitting (IPF)...
IPF converged at iteration 39
IPF row error: 13.832648, col error: 0.000000
Starting Iterative Proportional Fitting (IPF)...
IPF converged at iteration 54
IPF row error: 1.261626, col error: 0.000000
Starting Iterative Proportional Fitting (IPF)...
IPF converged at iteration 54
IPF row error: 1.261626, col error: 0.000000
Starting Iterative Proportional Fitting (IPF)...
IPF converged at iteration 32
IPF row error: 61.791996, col error: 0.000000
IPF converged at iteration 54
Starting Iterative Proportional Fitting (IPF)...
IPF row error: 1.261626, col error: 0.000000
Starting Iterative Proportional Fitting (IPF)...
IPF converged at iteration 54
IPF row error: 1.261626, col error: 0.000000
Starting Iterative Proportional Fitting (IPF)...
IPF converged at iteration 35
IPF row error: 42.573631, col error: 0.000000
Starting Iterative Proportional Fitting (IPF)...
IPF converged at iteration 47
IPF row error: 2.207745, col error: 0.000000
Starting Iterative Proportional Fitting (IPF)...
IPF row error: 585977.420036, col error: 0.000000
Starting Iterative Proportional Fitting (IPF)...
IPF row error: 431937.049422, col error: 0.000000
Starting Iterative Proportional Fitting (IPF)...
IPF row error: 408293.417520, col error: 0.000000
Starting Iterative Proportional Fitting (IPF)...
IPF row error: 590667.429903, col error: 0.000000
Starting Iterative Proportional Fitting (IPF)...
IPF row error: 579141.115768, col error: 0.000000
Starting Iterative Proportional Fitting (IPF)...
IPF row error: 584932.192443, col error: 0.000000
Starting Iterative Proportional Fitting (IPF)...
IPF row error: 588480.829575, col error: 0.000000
Starting Iterative Proportional Fitting (IPF)...
IPF row error: 592761.741357, col error: 0.000000
  [2023/test] 진행 1260/1750 (72.0%) | 누적 CPC 0.4509 | RMSE 69861.7533 | %RMSE 735.3591 | 경과 21.7분 | 예상 남음 8.4분
Starting Iterative Proportional Fitting (IPF)...
IPF row error: 588480.829575, col error: 0.000000
Starting Iterative Proportional Fitting (IPF)...
IPF converged at iteration 36
IPF row error: 31.665573, col error: 0.000000
Starting Iterative Proportional Fitting (IPF)...
IPF row error: 586949.407926, col error: 0.000000
Starting Iterative Proportional Fitting (IPF)...
IPF row error: 588480.829575, col error: 0.000000
Starting Iterative Proportional Fitting (IPF)...
IPF row error: 588480.829575, col error: 0.000000
Starting Iterative Proportional Fitting (IPF)...
IPF row error: 597281.969835, col error: 0.000000
Starting Iterative Proportional Fitting (IPF)...
IPF row error: 586989.735783, col error: 0.000000
IPF row error: 596105.158065, col error: 0.000000
Starting Iterative Proportional Fitting (IPF)...
Starting Iterative Proportional Fitting (IPF)...
IPF row error: 593002.397759, col error: 0.000000
Starting Iterative Proportional Fitting (IPF)...
IPF row error: 583551.759667, col error: 0.000000
Starting Iterative Proportional Fitting (IPF)...
IPF converged at iteration 33
IPF row error: 57.672715, col error: 0.000000
IPF row error: 588218.085699, col error: 0.000000Starting Iterative Proportional Fitting (IPF)...

Starting Iterative Proportional Fitting (IPF)...
IPF row error: 586777.073435, col error: 0.000001
Starting Iterative Proportional Fitting (IPF)...
IPF converged at iteration 32
IPF row error: 72.517723, col error: 0.000000
Starting Iterative Proportional Fitting (IPF)...
IPF row error: 586989.735783, col error: 0.000001
Starting Iterative Proportional Fitting (IPF)...
IPF converged at iteration 47
IPF row error: 2.216090, col error: 0.000000
IPF row error: 588218.085699, col error: 0.000000
IPF row error: 600784.639940, col error: 0.000000
Starting Iterative Proportional Fitting (IPF)...
Starting Iterative Proportional Fitting (IPF)...
Starting Iterative Proportional Fitting (IPF)...
IPF converged at iteration 31
IPF row error: 79.728467, col error: 0.000000
Starting Iterative Proportional Fitting (IPF)...
IPF row error: 586949.407926, col error: 0.000000
Starting Iterative Proportional Fitting (IPF)...
IPF converged at iteration 32
IPF row error: 68.800382, col error: 0.000000
Starting Iterative Proportional Fitting (IPF)...
IPF row error: 586307.847104, col error: 0.000000
Starting Iterative Proportional Fitting (IPF)...
IPF row error: 586989.735783, col error: 0.000000
Starting Iterative Proportional Fitting (IPF)...
IPF row error: 586949.407926, col error: 0.000000
Starting Iterative Proportional Fitting (IPF)...
IPF converged at iteration 32
IPF row error: 67.829125, col error: 0.000000
Starting Iterative Proportional Fitting (IPF)...
IPF row error: 588177.700267, col error: 0.000000
Starting Iterative Proportional Fitting (IPF)...
IPF row error: 588218.085699, col error: 0.000000
Starting Iterative Proportional Fitting (IPF)...
IPF row error: 586989.735783, col error: 0.000000
Starting Iterative Proportional Fitting (IPF)...
IPF converged at iteration 28
IPF row error: 199.152385, col error: 0.000000
Starting Iterative Proportional Fitting (IPF)...
IPF converged at iteration 32
IPF row error: 65.619436, col error: 0.000000
  [2023/test] 진행 1290/1750 (73.7%) | 누적 CPC 0.4423 | RMSE 85672.7765 | %RMSE 994.3528 | 경과 22.6분 | 예상 남음 8.1분
Starting Iterative Proportional Fitting (IPF)...
IPF row error: 586989.735783, col error: 0.000000
Starting Iterative Proportional Fitting (IPF)...
IPF row error: 588218.085699, col error: 0.000000
Starting Iterative Proportional Fitting (IPF)...
IPF converged at iteration 49
IPF row error: 1.482508, col error: 0.000000
Starting Iterative Proportional Fitting (IPF)...
IPF converged at iteration 47
IPF row error: 2.207745, col error: 0.000000
Starting Iterative Proportional Fitting (IPF)...
IPF row error: 588480.829575, col error: 0.000000
Starting Iterative Proportional Fitting (IPF)...
IPF row error: 588218.085699, col error: 0.000000
Starting Iterative Proportional Fitting (IPF)...
IPF row error: 431937.049422, col error: 0.000001
Starting Iterative Proportional Fitting (IPF)...
IPF row error: 586949.407926, col error: 0.000000
Starting Iterative Proportional Fitting (IPF)...
IPF row error: 431937.049422, col error: 0.000000
Starting Iterative Proportional Fitting (IPF)...
IPF row error: 588218.085699, col error: 0.000000
Starting Iterative Proportional Fitting (IPF)...
IPF row error: 599709.027779, col error: 0.000000
Starting Iterative Proportional Fitting (IPF)...
IPF row error: 587413.594432, col error: 0.000000
Starting Iterative Proportional Fitting (IPF)...
IPF row error: 585150.712217, col error: 0.000000
Starting Iterative Proportional Fitting (IPF)...
IPF row error: 586904.137349, col error: 0.000000
Starting Iterative Proportional Fitting (IPF)...
IPF row error: 610844.161741, col error: 0.000000
Starting Iterative Proportional Fitting (IPF)...
IPF row error: 586904.137349, col error: 0.000000
Starting Iterative Proportional Fitting (IPF)...
IPF row error: 586904.137349, col error: 0.000000
Starting Iterative Proportional Fitting (IPF)...
IPF row error: 566293.025062, col error: 0.000000
Starting Iterative Proportional Fitting (IPF)...
IPF row error: 586904.137349, col error: 0.000000
Starting Iterative Proportional Fitting (IPF)...
IPF row error: 586904.137349, col error: 0.000000
Starting Iterative Proportional Fitting (IPF)...
IPF row error: 586904.137349, col error: 0.000000
Starting Iterative Proportional Fitting (IPF)...
IPF row error: 563719.362719, col error: 0.000000
Starting Iterative Proportional Fitting (IPF)...
IPF row error: 586904.137349, col error: 0.000000
Starting Iterative Proportional Fitting (IPF)...
IPF converged at iteration 32
IPF row error: 68.584966, col error: 0.000000
Starting Iterative Proportional Fitting (IPF)...
IPF row error: 586904.137349, col error: 0.000000
Starting Iterative Proportional Fitting (IPF)...
IPF row error: 587413.594432, col error: 0.000000
Starting Iterative Proportional Fitting (IPF)...
IPF row error: 589525.306739, col error: 0.000000
Starting Iterative Proportional Fitting (IPF)...
IPF row error: 593648.713950, col error: 0.000000
Starting Iterative Proportional Fitting (IPF)...
IPF row error: 586904.137349, col error: 0.000000
Starting Iterative Proportional Fitting (IPF)...
IPF row error: 590072.876878, col error: 0.000000
  [2023/test] 진행 1320/1750 (75.4%) | 누적 CPC 0.4329 | RMSE 109862.0170 | %RMSE 1275.5345 | 경과 23.8분 | 예상 남음 7.7분
Starting Iterative Proportional Fitting (IPF)...
IPF row error: 586904.137349, col error: 0.000000
Starting Iterative Proportional Fitting (IPF)...
IPF row error: 592383.217890, col error: 0.000000
Starting Iterative Proportional Fitting (IPF)...
IPF row error: 589598.455568, col error: 0.000000
Starting Iterative Proportional Fitting (IPF)...
IPF row error: 590633.709850, col error: 0.000000
Starting Iterative Proportional Fitting (IPF)...
IPF row error: 587413.594432, col error: 0.000000
Starting Iterative Proportional Fitting (IPF)...
IPF row error: 596377.828197, col error: 0.000000
Starting Iterative Proportional Fitting (IPF)...
IPF row error: 586904.137349, col error: 0.000000
Starting Iterative Proportional Fitting (IPF)...
IPF row error: 543977.748489, col error: 0.000000
Starting Iterative Proportional Fitting (IPF)...
IPF row error: 564830.252983, col error: 0.000000
Starting Iterative Proportional Fitting (IPF)...
IPF row error: 587413.594432, col error: 0.000000
Starting Iterative Proportional Fitting (IPF)...
IPF row error: 588872.927329, col error: 0.000000
Starting Iterative Proportional Fitting (IPF)...
IPF row error: 588987.692232, col error: 0.000000
Starting Iterative Proportional Fitting (IPF)...
IPF row error: 586062.774448, col error: 0.000000
Starting Iterative Proportional Fitting (IPF)...
IPF row error: 586904.137349, col error: 0.000000
Starting Iterative Proportional Fitting (IPF)...
IPF row error: 586904.137349, col error: 0.000000
Starting Iterative Proportional Fitting (IPF)...
IPF row error: 603039.170734, col error: 0.000000
Starting Iterative Proportional Fitting (IPF)...
IPF row error: 593261.188561, col error: 0.000000
Starting Iterative Proportional Fitting (IPF)...
IPF row error: 582702.998736, col error: 0.000000
Starting Iterative Proportional Fitting (IPF)...
IPF row error: 586904.137349, col error: 0.000000
Starting Iterative Proportional Fitting (IPF)...
IPF row error: 585952.644456, col error: 0.000000
Starting Iterative Proportional Fitting (IPF)...
IPF row error: 586904.137349, col error: 0.000000
Starting Iterative Proportional Fitting (IPF)...
IPF row error: 586904.137349, col error: 0.000000
Starting Iterative Proportional Fitting (IPF)...
IPF converged at iteration 53
IPF row error: 1.305491, col error: 0.000000
IPF row error: 591663.418381, col error: 0.000000
Starting Iterative Proportional Fitting (IPF)...
Starting Iterative Proportional Fitting (IPF)...
IPF row error: 581558.012945, col error: 0.000000
Starting Iterative Proportional Fitting (IPF)...
IPF converged at iteration 29
IPF row error: 83.320511, col error: 0.000000
Starting Iterative Proportional Fitting (IPF)...
IPF row error: 586904.137349, col error: 0.000000
Starting Iterative Proportional Fitting (IPF)...
IPF row error: 586904.137349, col error: 0.000000
Starting Iterative Proportional Fitting (IPF)...
IPF row error: 588535.110128, col error: 0.000000
Starting Iterative Proportional Fitting (IPF)...
IPF row error: 586904.137349, col error: 0.000000
  [2023/test] 진행 1350/1750 (77.1%) | 누적 CPC 0.4238 | RMSE 134969.0800 | %RMSE 1515.7778 | 경과 25.3분 | 예상 남음 7.5분
Starting Iterative Proportional Fitting (IPF)...
IPF row error: 569194.181021, col error: 0.000000
Starting Iterative Proportional Fitting (IPF)...
IPF row error: 563684.942765, col error: 0.000000
Starting Iterative Proportional Fitting (IPF)...
IPF row error: 412996.611102, col error: 0.000000
Starting Iterative Proportional Fitting (IPF)...
IPF row error: 562653.827859, col error: 0.000000
Starting Iterative Proportional Fitting (IPF)...
IPF converged at iteration 31
IPF row error: 87.812459, col error: 0.000000
Starting Iterative Proportional Fitting (IPF)...
IPF row error: 412996.611102, col error: 0.000000
Starting Iterative Proportional Fitting (IPF)...
IPF row error: 575619.592879, col error: 0.000000
Starting Iterative Proportional Fitting (IPF)...
IPF row error: 562914.503950, col error: 0.000000
Starting Iterative Proportional Fitting (IPF)...
IPF row error: 424160.883040, col error: 0.000000
Starting Iterative Proportional Fitting (IPF)...
IPF row error: 412996.611102, col error: 0.000000
Starting Iterative Proportional Fitting (IPF)...
IPF row error: 416740.017837, col error: 0.000000
Starting Iterative Proportional Fitting (IPF)...
IPF row error: 569194.181021, col error: 0.000000
Starting Iterative Proportional Fitting (IPF)...
IPF row error: 569194.181021, col error: 0.000000
Starting Iterative Proportional Fitting (IPF)...
IPF converged at iteration 57
IPF row error: 1.324481, col error: 0.000000
Starting Iterative Proportional Fitting (IPF)...
IPF row error: 571544.665754, col error: 0.000000
Starting Iterative Proportional Fitting (IPF)...
IPF row error: 412996.611102, col error: 0.000000
Starting Iterative Proportional Fitting (IPF)...
IPF row error: 487121.625498, col error: 0.000000
Starting Iterative Proportional Fitting (IPF)...
IPF row error: 404044.250553, col error: 0.000000
Starting Iterative Proportional Fitting (IPF)...
IPF row error: 564427.433551, col error: 0.000000
Starting Iterative Proportional Fitting (IPF)...
IPF row error: 569194.181021, col error: 0.000000
Starting Iterative Proportional Fitting (IPF)...
IPF row error: 572209.790580, col error: 0.000000
Starting Iterative Proportional Fitting (IPF)...
IPF row error: 562857.655189, col error: 0.000000
Starting Iterative Proportional Fitting (IPF)...
IPF row error: 573360.941201, col error: 0.000000
Starting Iterative Proportional Fitting (IPF)...
IPF row error: 573717.662959, col error: 0.000000
Starting Iterative Proportional Fitting (IPF)...
IPF row error: 569194.181021, col error: 0.000000
Starting Iterative Proportional Fitting (IPF)...
IPF row error: 413842.454749, col error: 0.000000
Starting Iterative Proportional Fitting (IPF)...
IPF row error: 511626.244879, col error: 0.000000
Starting Iterative Proportional Fitting (IPF)...
IPF row error: 584459.275536, col error: 0.000000
Starting Iterative Proportional Fitting (IPF)...
IPF row error: 412996.611102, col error: 0.000000
Starting Iterative Proportional Fitting (IPF)...
IPF row error: 565268.101465, col error: 0.000000
  [2023/test] 진행 1380/1750 (78.9%) | 누적 CPC 0.4154 | RMSE 156370.0060 | %RMSE 1719.7669 | 경과 26.5분 | 예상 남음 7.1분
Starting Iterative Proportional Fitting (IPF)...
IPF row error: 574286.287242, col error: 0.000000
Starting Iterative Proportional Fitting (IPF)...
IPF converged at iteration 31
IPF row error: 184.405238, col error: 0.000000
Starting Iterative Proportional Fitting (IPF)...
IPF row error: 564427.433550, col error: 0.000000
Starting Iterative Proportional Fitting (IPF)...
IPF row error: 570601.568805, col error: 0.000000
Starting Iterative Proportional Fitting (IPF)...
IPF row error: 412996.611102, col error: 0.000000
Starting Iterative Proportional Fitting (IPF)...
IPF row error: 570647.964901, col error: 0.000000
Starting Iterative Proportional Fitting (IPF)...
IPF row error: 418882.632549, col error: 0.000000
Starting Iterative Proportional Fitting (IPF)...
IPF row error: 564072.429633, col error: 0.000000
Starting Iterative Proportional Fitting (IPF)...
IPF row error: 569194.181021, col error: 0.000000
Starting Iterative Proportional Fitting (IPF)...
IPF row error: 568842.583426, col error: 0.000000
Starting Iterative Proportional Fitting (IPF)...
IPF row error: 564427.433550, col error: 0.000000
Starting Iterative Proportional Fitting (IPF)...
IPF row error: 410268.940272, col error: 0.000000
Starting Iterative Proportional Fitting (IPF)...
IPF row error: 412996.611102, col error: 0.000000
Starting Iterative Proportional Fitting (IPF)...
IPF row error: 559970.402800, col error: 0.000000
Starting Iterative Proportional Fitting (IPF)...
IPF row error: 564427.433551, col error: 0.000000
Starting Iterative Proportional Fitting (IPF)...
IPF row error: 564427.433551, col error: 0.000000
Starting Iterative Proportional Fitting (IPF)...
IPF row error: 412996.611102, col error: 0.000000
Starting Iterative Proportional Fitting (IPF)...
IPF row error: 568842.583426, col error: 0.000000
Starting Iterative Proportional Fitting (IPF)...
IPF converged at iteration 45
IPF row error: 3.243326, col error: 0.000000
IPF converged at iteration 29
IPF row error: 110.602876, col error: 0.000000
Starting Iterative Proportional Fitting (IPF)...
IPF row error: 568442.716180, col error: 0.000000Starting Iterative Proportional Fitting (IPF)...

Starting Iterative Proportional Fitting (IPF)...
IPF row error: 564427.433550, col error: 0.000000
Starting Iterative Proportional Fitting (IPF)...
IPF converged at iteration 29
IPF row error: 94.008664, col error: 0.000000
Starting Iterative Proportional Fitting (IPF)...
IPF converged at iteration 42
IPF row error: 6.239228, col error: 0.000000
Starting Iterative Proportional Fitting (IPF)...
IPF converged at iteration 53
IPF converged at iteration 28
IPF row error: 1.384351, col error: 0.000000
IPF row error: 114.759611, col error: 0.000000
Starting Iterative Proportional Fitting (IPF)...
Starting Iterative Proportional Fitting (IPF)...
IPF converged at iteration 42
IPF row error: 6.372833, col error: 0.000000
Starting Iterative Proportional Fitting (IPF)...
IPF converged at iteration 32
IPF row error: 61.942816, col error: 0.000000
Starting Iterative Proportional Fitting (IPF)...
IPF converged at iteration 42
IPF row error: 6.304222, col error: 0.000000
IPF converged at iteration 53
IPF row error: 1.400553, col error: 0.000000
  [2023/test] 진행 1410/1750 (80.6%) | 누적 CPC 0.4089 | RMSE 168826.6106 | %RMSE 1836.6593 | 경과 27.3분 | 예상 남음 6.6분
Starting Iterative Proportional Fitting (IPF)...
Starting Iterative Proportional Fitting (IPF)...
IPF converged at iteration 29
IPF row error: 26.453090, col error: 0.000000
Starting Iterative Proportional Fitting (IPF)...
IPF converged at iteration 42
IPF row error: 6.322932, col error: 0.000000
Starting Iterative Proportional Fitting (IPF)...
IPF converged at iteration 27
IPF row error: 190.268285, col error: 0.000000
IPF converged at iteration 32
IPF row error: 72.121430, col error: 0.000000
Starting Iterative Proportional Fitting (IPF)...
Starting Iterative Proportional Fitting (IPF)...
IPF converged at iteration 30
IPF row error: 73.294254, col error: 0.000000
Starting Iterative Proportional Fitting (IPF)...
IPF converged at iteration 28
IPF row error: 138.949558, col error: 0.000000
IPF converged at iteration 42
IPF row error: 6.353574, col error: 0.000000
Starting Iterative Proportional Fitting (IPF)...
Starting Iterative Proportional Fitting (IPF)...
IPF converged at iteration 45
IPF row error: 3.248243, col error: 0.000000
Starting Iterative Proportional Fitting (IPF)...
IPF converged at iteration 29
IPF row error: 100.795209, col error: 0.000000
Starting Iterative Proportional Fitting (IPF)...
IPF converged at iteration 29
IPF row error: 87.040976, col error: 0.000000
Starting Iterative Proportional Fitting (IPF)...
IPF converged at iteration 53
IPF row error: 1.374941, col error: 0.000000
IPF converged at iteration 28
IPF row error: 141.633578, col error: 0.000000
Starting Iterative Proportional Fitting (IPF)...
Starting Iterative Proportional Fitting (IPF)...
IPF converged at iteration 42
IPF row error: 6.248261, col error: 0.000000
Starting Iterative Proportional Fitting (IPF)...
IPF converged at iteration 42
IPF row error: 6.353574, col error: 0.000000
Starting Iterative Proportional Fitting (IPF)...
IPF converged at iteration 31
IPF row error: 78.411727, col error: 0.000000
Starting Iterative Proportional Fitting (IPF)...
IPF converged at iteration 42
IPF row error: 6.342304, col error: 0.000000
Starting Iterative Proportional Fitting (IPF)...
IPF converged at iteration 42
IPF row error: 6.313592, col error: 0.000000
Starting Iterative Proportional Fitting (IPF)...
IPF converged at iteration 45
IPF row error: 3.243326, col error: 0.000000
Starting Iterative Proportional Fitting (IPF)...
IPF converged at iteration 42
IPF row error: 6.239228, col error: 0.000000
Starting Iterative Proportional Fitting (IPF)...
IPF converged at iteration 28
IPF row error: 81.381215, col error: 0.000000
Starting Iterative Proportional Fitting (IPF)...
IPF converged at iteration 42
IPF row error: 6.384028, col error: 0.000000
Starting Iterative Proportional Fitting (IPF)...
IPF converged at iteration 41
IPF row error: 8.805210, col error: 0.000000
IPF converged at iteration 34
IPF row error: 40.071183, col error: 0.000000
Starting Iterative Proportional Fitting (IPF)...
Starting Iterative Proportional Fitting (IPF)...
IPF converged at iteration 34
IPF row error: 41.584395, col error: 0.000000
IPF converged at iteration 42
IPF row error: 6.295803, col error: 0.000000
Starting Iterative Proportional Fitting (IPF)...
Starting Iterative Proportional Fitting (IPF)...
IPF converged at iteration 26
IPF row error: 163.814262, col error: 0.000000
Starting Iterative Proportional Fitting (IPF)...
IPF converged at iteration 30
IPF row error: 80.029697, col error: 0.000000
Starting Iterative Proportional Fitting (IPF)...
IPF converged at iteration 50
IPF row error: 5.408624, col error: 0.000000
Starting Iterative Proportional Fitting (IPF)...
IPF converged at iteration 29
IPF row error: 89.481056, col error: 0.000000
IPF converged at iteration 45
IPF row error: 3.247963, col error: 0.000000
  [2023/test] 진행 1440/1750 (82.3%) | 누적 CPC 0.4062 | RMSE 165342.8502 | %RMSE 1798.7036 | 경과 27.7분 | 예상 남음 6.0분
Starting Iterative Proportional Fitting (IPF)...
Starting Iterative Proportional Fitting (IPF)...
IPF converged at iteration 30
IPF row error: 90.351683, col error: 0.000000
Starting Iterative Proportional Fitting (IPF)...
IPF converged at iteration 45
IPF converged at iteration 27
IPF row error: 3.250366, col error: 0.000000
IPF row error: 118.118104, col error: 0.000000
Starting Iterative Proportional Fitting (IPF)...Starting Iterative Proportional Fitting (IPF)...

IPF converged at iteration 29
IPF row error: 96.363591, col error: 0.000000
IPF converged at iteration 53
IPF row error: 1.365789, col error: 0.000000
Starting Iterative Proportional Fitting (IPF)...
Starting Iterative Proportional Fitting (IPF)...
IPF converged at iteration 30
IPF row error: 71.910190, col error: 0.000000
IPF converged at iteration 32
IPF row error: 67.567848, col error: 0.000000
Starting Iterative Proportional Fitting (IPF)...
Starting Iterative Proportional Fitting (IPF)...
IPF converged at iteration 31
IPF converged at iteration 29
IPF row error: 78.979544, col error: 0.000000
IPF row error: 113.818572, col error: 0.000000
Starting Iterative Proportional Fitting (IPF)...
Starting Iterative Proportional Fitting (IPF)...
IPF converged at iteration 31
IPF row error: 79.564172, col error: 0.000000
Starting Iterative Proportional Fitting (IPF)...
IPF converged at iteration 42
IPF row error: 6.304222, col error: 0.000000
Starting Iterative Proportional Fitting (IPF)...
IPF converged at iteration 32
IPF converged at iteration 46
IPF row error: 65.745730, col error: 0.000000
IPF row error: 2.607536, col error: 0.000000
Starting Iterative Proportional Fitting (IPF)...
Starting Iterative Proportional Fitting (IPF)...
IPF converged at iteration 51
IPF row error: 1.211796, col error: 0.000000
IPF converged at iteration 31
IPF row error: 73.882413, col error: 0.000000
Starting Iterative Proportional Fitting (IPF)...
Starting Iterative Proportional Fitting (IPF)...
IPF converged at iteration 32
IPF row error: 82.793586, col error: 0.000000
IPF converged at iteration 29
IPF row error: 80.757938, col error: 0.000000
Starting Iterative Proportional Fitting (IPF)...
Starting Iterative Proportional Fitting (IPF)...
IPF converged at iteration 51
IPF row error: 1.213957, col error: 0.000000
Starting Iterative Proportional Fitting (IPF)...
IPF converged at iteration 30
IPF row error: 82.555232, col error: 0.000000
IPF converged at iteration 31
Starting Iterative Proportional Fitting (IPF)...
IPF row error: 85.766355, col error: 0.000000
Starting Iterative Proportional Fitting (IPF)...
IPF converged at iteration 30
IPF row error: 237.682549, col error: 0.000000
Starting Iterative Proportional Fitting (IPF)...
IPF converged at iteration 28
IPF row error: 143.285334, col error: 0.000000
Starting Iterative Proportional Fitting (IPF)...
IPF row error: 581514.856679, col error: 0.000000
Starting Iterative Proportional Fitting (IPF)...
IPF converged at iteration 29
IPF row error: 75.240776, col error: 0.000000
IPF converged at iteration 46
IPF row error: 2.600115, col error: 0.000000
Starting Iterative Proportional Fitting (IPF)...
Starting Iterative Proportional Fitting (IPF)...
IPF converged at iteration 46
IPF row error: 2.595290, col error: 0.000000
Starting Iterative Proportional Fitting (IPF)...
IPF converged at iteration 33
IPF converged at iteration 30
IPF row error: 38.418531, col error: 0.000000
IPF row error: 87.148017, col error: 0.000000
Starting Iterative Proportional Fitting (IPF)...
Starting Iterative Proportional Fitting (IPF)...
IPF converged at iteration 52
IPF row error: 1.428036, col error: 0.000000
Starting Iterative Proportional Fitting (IPF)...
IPF converged at iteration 31
IPF row error: 54.769940, col error: 0.000000
  [2023/test] 진행 1470/1750 (84.0%) | 누적 CPC 0.4038 | RMSE 162948.4870 | %RMSE 1768.8878 | 경과 28.2분 | 예상 남음 5.4분
IPF converged at iteration 46
IPF row error: 2.585770, col error: 0.000000
Starting Iterative Proportional Fitting (IPF)...
Starting Iterative Proportional Fitting (IPF)...
IPF converged at iteration 52
IPF row error: 1.428036, col error: 0.000000
Starting Iterative Proportional Fitting (IPF)...
IPF converged at iteration 29
IPF row error: 89.513489, col error: 0.000000
Starting Iterative Proportional Fitting (IPF)...
IPF converged at iteration 50
IPF row error: 1.444287, col error: 0.000000
Starting Iterative Proportional Fitting (IPF)...
IPF row error: 582225.736231, col error: 0.000000
IPF converged at iteration 46
IPF row error: 2.594099, col error: 0.000000
Starting Iterative Proportional Fitting (IPF)...
Starting Iterative Proportional Fitting (IPF)...
IPF converged at iteration 35
IPF row error: 35.420951, col error: 0.000000
Starting Iterative Proportional Fitting (IPF)...
IPF converged at iteration 46
IPF row error: 2.601168, col error: 0.000000
Starting Iterative Proportional Fitting (IPF)...
IPF converged at iteration 46
IPF row error: 2.585770, col error: 0.000000
IPF converged at iteration 33
IPF row error: 53.245260, col error: 0.000000
Starting Iterative Proportional Fitting (IPF)...
Starting Iterative Proportional Fitting (IPF)...
IPF converged at iteration 52
IPF row error: 1.429985, col error: 0.000000
Starting Iterative Proportional Fitting (IPF)...
IPF converged at iteration 29
IPF row error: 93.693383, col error: 0.000000
Starting Iterative Proportional Fitting (IPF)...
IPF converged at iteration 27
IPF row error: 125.782734, col error: 0.000000
Starting Iterative Proportional Fitting (IPF)...
IPF converged at iteration 29
IPF row error: 121.850865, col error: 0.000000
Starting Iterative Proportional Fitting (IPF)...
IPF converged at iteration 46
IPF row error: 2.594060, col error: 0.000000
Starting Iterative Proportional Fitting (IPF)...
IPF converged at iteration 26
IPF converged at iteration 31
IPF row error: 144.726081, col error: 0.000000
IPF row error: 82.698146, col error: 0.000000
Starting Iterative Proportional Fitting (IPF)...
Starting Iterative Proportional Fitting (IPF)...
IPF converged at iteration 32
IPF row error: 91.584743, col error: 0.000000
Starting Iterative Proportional Fitting (IPF)...
IPF converged at iteration 52
IPF row error: 1.428036, col error: 0.000000
Starting Iterative Proportional Fitting (IPF)...
IPF converged at iteration 38
IPF row error: 16.489516, col error: 0.000000
Starting Iterative Proportional Fitting (IPF)...
IPF converged at iteration 46
IPF row error: 2.595128, col error: 0.000000
Starting Iterative Proportional Fitting (IPF)...
IPF converged at iteration 46
IPF row error: 2.550782, col error: 0.000000
Starting Iterative Proportional Fitting (IPF)...
IPF converged at iteration 46
IPF row error: 2.589994, col error: 0.000000
Starting Iterative Proportional Fitting (IPF)...
IPF converged at iteration 46
IPF row error: 2.550782, col error: 0.000000
Starting Iterative Proportional Fitting (IPF)...
IPF converged at iteration 29
IPF row error: 100.653811, col error: 0.000000
Starting Iterative Proportional Fitting (IPF)...
IPF converged at iteration 31
IPF row error: 78.531355, col error: 0.000000
IPF converged at iteration 46
IPF row error: 2.591366, col error: 0.000000
Starting Iterative Proportional Fitting (IPF)...
Starting Iterative Proportional Fitting (IPF)...
IPF row error: 581514.856679, col error: 0.000000
IPF converged at iteration 29
IPF row error: 100.045084, col error: 0.000000
Starting Iterative Proportional Fitting (IPF)...
Starting Iterative Proportional Fitting (IPF)...
IPF converged at iteration 30
IPF row error: 92.719725, col error: 0.000000
  [2023/test] 진행 1500/1750 (85.7%) | 누적 CPC 0.4007 | RMSE 161584.7865 | %RMSE 1746.7613 | 경과 28.8분 | 예상 남음 4.8분
Starting Iterative Proportional Fitting (IPF)...
IPF converged at iteration 51
IPF row error: 1.209931, col error: 0.000000
Starting Iterative Proportional Fitting (IPF)...
IPF converged at iteration 50
IPF row error: 1.224427, col error: 0.000000
IPF converged at iteration 50
IPF row error: 1.229846, col error: 0.000000
Starting Iterative Proportional Fitting (IPF)...
Starting Iterative Proportional Fitting (IPF)...
IPF converged at iteration 29
IPF row error: 104.251689, col error: 0.000000
Starting Iterative Proportional Fitting (IPF)...
IPF converged at iteration 50
IPF row error: 1.221721, col error: 0.000000
IPF converged at iteration 29
IPF row error: 96.243784, col error: 0.000000
Starting Iterative Proportional Fitting (IPF)...
Starting Iterative Proportional Fitting (IPF)...
IPF converged at iteration 50
IPF row error: 1.229846, col error: 0.000000
Starting Iterative Proportional Fitting (IPF)...
IPF converged at iteration 50
IPF row error: 1.226753, col error: 0.000000
Starting Iterative Proportional Fitting (IPF)...
IPF converged at iteration 49
IPF row error: 1.486754, col error: 0.000000
IPF converged at iteration 55
IPF row error: 1.261619, col error: 0.000000
Starting Iterative Proportional Fitting (IPF)...
IPF converged at iteration 30
IPF row error: 114.030195, col error: 0.000000
Starting Iterative Proportional Fitting (IPF)...
Starting Iterative Proportional Fitting (IPF)...
IPF converged at iteration 32
IPF row error: 69.818008, col error: 0.000000
Starting Iterative Proportional Fitting (IPF)...
IPF converged at iteration 50
IPF row error: 1.398382, col error: 0.000000
Starting Iterative Proportional Fitting (IPF)...
IPF converged at iteration 50
IPF row error: 1.228045, col error: 0.000000
IPF converged at iteration 55
IPF row error: 1.237152, col error: 0.000000
Starting Iterative Proportional Fitting (IPF)...
Starting Iterative Proportional Fitting (IPF)...
IPF converged at iteration 50
IPF row error: 1.423032, col error: 0.000000
IPF converged at iteration 26
Starting Iterative Proportional Fitting (IPF)...
IPF row error: 164.348715, col error: 0.000000
IPF converged at iteration 32
IPF row error: 62.951954, col error: 0.000000
Starting Iterative Proportional Fitting (IPF)...
IPF converged at iteration 50
Starting Iterative Proportional Fitting (IPF)...
IPF row error: 1.201882, col error: 0.000000
Starting Iterative Proportional Fitting (IPF)...
IPF converged at iteration 29
IPF row error: 75.523361, col error: 0.000000
IPF converged at iteration 27
IPF row error: 161.919429, col error: 0.000000
Starting Iterative Proportional Fitting (IPF)...
Starting Iterative Proportional Fitting (IPF)...
IPF converged at iteration 29
IPF row error: 81.375654, col error: 0.000000
Starting Iterative Proportional Fitting (IPF)...
IPF converged at iteration 49
IPF row error: 1.483432, col error: 0.000000
Starting Iterative Proportional Fitting (IPF)...
IPF converged at iteration 26
IPF row error: 157.371288, col error: 0.000000
IPF converged at iteration 32
Starting Iterative Proportional Fitting (IPF)...
IPF row error: 68.801974, col error: 0.000000
Starting Iterative Proportional Fitting (IPF)...
IPF converged at iteration 30
IPF row error: 100.609504, col error: 0.000000
Starting Iterative Proportional Fitting (IPF)...
IPF converged at iteration 30
IPF row error: 90.462714, col error: 0.000000
Starting Iterative Proportional Fitting (IPF)...
IPF converged at iteration 29
IPF row error: 107.551722, col error: 0.000000
Starting Iterative Proportional Fitting (IPF)...
IPF converged at iteration 29
IPF row error: 124.427703, col error: 0.000000
Starting Iterative Proportional Fitting (IPF)...
IPF converged at iteration 50
IPF row error: 1.204763, col error: 0.000000
  [2023/test] 진행 1530/1750 (87.4%) | 누적 CPC 0.3972 | RMSE 158432.0557 | %RMSE 1712.7817 | 경과 29.3분 | 예상 남음 4.2분
Starting Iterative Proportional Fitting (IPF)...
IPF converged at iteration 27
IPF row error: 127.072007, col error: 0.000000
Starting Iterative Proportional Fitting (IPF)...
IPF converged at iteration 32
IPF row error: 66.477777, col error: 0.000000
Starting Iterative Proportional Fitting (IPF)...
IPF converged at iteration 32
IPF row error: 69.633471, col error: 0.000000
Starting Iterative Proportional Fitting (IPF)...
IPF converged at iteration 31
IPF row error: 82.855864, col error: 0.000000
IPF converged at iteration 27
Starting Iterative Proportional Fitting (IPF)...
IPF row error: 116.158848, col error: 0.000000
Starting Iterative Proportional Fitting (IPF)...
IPF converged at iteration 31
IPF converged at iteration 28
IPF row error: 89.130861, col error: 0.000000
IPF row error: 75.482831, col error: 0.000000
Starting Iterative Proportional Fitting (IPF)...
Starting Iterative Proportional Fitting (IPF)...
IPF converged at iteration 43
IPF row error: 5.645945, col error: 0.000000
IPF converged at iteration 54
IPF row error: 1.262983, col error: 0.000000
Starting Iterative Proportional Fitting (IPF)...
Starting Iterative Proportional Fitting (IPF)...
IPF converged at iteration 29
IPF row error: 100.509848, col error: 0.000000
IPF converged at iteration 31
IPF row error: 74.725182, col error: 0.000000
Starting Iterative Proportional Fitting (IPF)...
Starting Iterative Proportional Fitting (IPF)...
IPF converged at iteration 32
IPF row error: 74.995775, col error: 0.000000
Starting Iterative Proportional Fitting (IPF)...
IPF converged at iteration 38
IPF row error: 18.556108, col error: 0.000000
Starting Iterative Proportional Fitting (IPF)...
IPF converged at iteration 25
IPF row error: 188.694110, col error: 0.000000
Starting Iterative Proportional Fitting (IPF)...
IPF converged at iteration 32
IPF row error: 61.744962, col error: 0.000000
Starting Iterative Proportional Fitting (IPF)...
IPF converged at iteration 54
IPF row error: 1.284775, col error: 0.000000
Starting Iterative Proportional Fitting (IPF)...
IPF converged at iteration 29
IPF row error: 83.983713, col error: 0.000000
IPF converged at iteration 54
Starting Iterative Proportional Fitting (IPF)...
IPF row error: 1.262983, col error: 0.000000
Starting Iterative Proportional Fitting (IPF)...
IPF converged at iteration 50
IPF row error: 1.231448, col error: 0.000000
Starting Iterative Proportional Fitting (IPF)...
IPF converged at iteration 45
IPF row error: 3.744863, col error: 0.000000
IPF converged at iteration 42
IPF row error: 7.590591, col error: 0.000000
Starting Iterative Proportional Fitting (IPF)...
Starting Iterative Proportional Fitting (IPF)...
IPF converged at iteration 54
IPF row error: 1.268632, col error: 0.000000
Starting Iterative Proportional Fitting (IPF)...
IPF converged at iteration 52
IPF row error: 1.293016, col error: 0.000000
Starting Iterative Proportional Fitting (IPF)...
IPF converged at iteration 44
IPF row error: 4.769641, col error: 0.000000
Starting Iterative Proportional Fitting (IPF)...
IPF converged at iteration 52
IPF row error: 1.297785, col error: 0.000000
Starting Iterative Proportional Fitting (IPF)...
IPF converged at iteration 34
IPF row error: 46.432892, col error: 0.000000
Starting Iterative Proportional Fitting (IPF)...
IPF converged at iteration 54
IPF row error: 1.269633, col error: 0.000000
Starting Iterative Proportional Fitting (IPF)...
IPF converged at iteration 30
IPF row error: 97.539017, col error: 0.000000
Starting Iterative Proportional Fitting (IPF)...
IPF converged at iteration 52
IPF row error: 1.288058, col error: 0.000000
IPF converged at iteration 28
IPF row error: 88.264933, col error: 0.000000
  [2023/test] 진행 1560/1750 (89.1%) | 누적 CPC 0.3946 | RMSE 155396.3941 | %RMSE 1680.0714 | 경과 29.7분 | 예상 남음 3.6분
Starting Iterative Proportional Fitting (IPF)...
Starting Iterative Proportional Fitting (IPF)...
IPF converged at iteration 54
IPF row error: 1.263498, col error: 0.000000
Starting Iterative Proportional Fitting (IPF)...
IPF converged at iteration 40
IPF row error: 10.506209, col error: 0.000000
IPF converged at iteration 54
IPF row error: 1.269633, col error: 0.000000
Starting Iterative Proportional Fitting (IPF)...
Starting Iterative Proportional Fitting (IPF)...
IPF converged at iteration 52
IPF row error: 1.291947, col error: 0.000000
Starting Iterative Proportional Fitting (IPF)...
IPF converged at iteration 27
IPF row error: 135.781529, col error: 0.000000
IPF converged at iteration 56
IPF row error: 1.432471, col error: 0.000000
IPF converged at iteration 30
IPF row error: 100.713740, col error: 0.000000
Starting Iterative Proportional Fitting (IPF)...
Starting Iterative Proportional Fitting (IPF)...
Starting Iterative Proportional Fitting (IPF)...
IPF converged at iteration 31
IPF row error: 69.650233, col error: 0.000000
IPF converged at iteration 56
Starting Iterative Proportional Fitting (IPF)...
IPF row error: 1.436847, col error: 0.000000
Starting Iterative Proportional Fitting (IPF)...
IPF converged at iteration 52
IPF converged at iteration 52
IPF row error: 1.292145, col error: 0.000000
IPF row error: 1.301943, col error: 0.000000
Starting Iterative Proportional Fitting (IPF)...
Starting Iterative Proportional Fitting (IPF)...
IPF converged at iteration 32
IPF row error: 69.918416, col error: 0.000000
Starting Iterative Proportional Fitting (IPF)...
IPF converged at iteration 56
IPF row error: 1.436847, col error: 0.000000
Starting Iterative Proportional Fitting (IPF)...
IPF converged at iteration 54
IPF row error: 1.264190, col error: 0.000000
IPF converged at iteration 56
IPF row error: 1.436847, col error: 0.000000
Starting Iterative Proportional Fitting (IPF)...
Starting Iterative Proportional Fitting (IPF)...
IPF converged at iteration 52
IPF row error: 1.303417, col error: 0.000000
Starting Iterative Proportional Fitting (IPF)...
IPF converged at iteration 29
IPF row error: 99.491777, col error: 0.000000
Starting Iterative Proportional Fitting (IPF)...
IPF converged at iteration 52
IPF row error: 1.303417, col error: 0.000000
Starting Iterative Proportional Fitting (IPF)...
IPF converged at iteration 52
IPF row error: 1.308460, col error: 0.000000
Starting Iterative Proportional Fitting (IPF)...
IPF converged at iteration 48
IPF row error: 1.843105, col error: 0.000000
Starting Iterative Proportional Fitting (IPF)...
IPF converged at iteration 31
IPF row error: 175.006919, col error: 0.000000
Starting Iterative Proportional Fitting (IPF)...
IPF converged at iteration 54
IPF row error: 1.248297, col error: 0.000000
Starting Iterative Proportional Fitting (IPF)...
IPF converged at iteration 56
IPF row error: 1.443584, col error: 0.000000
Starting Iterative Proportional Fitting (IPF)...
IPF converged at iteration 27
IPF row error: 121.585101, col error: 0.000000
IPF converged at iteration 56
IPF row error: 1.432471, col error: 0.000000
Starting Iterative Proportional Fitting (IPF)...
Starting Iterative Proportional Fitting (IPF)...
IPF converged at iteration 54
IPF row error: 1.263498, col error: 0.000000
Starting Iterative Proportional Fitting (IPF)...
IPF converged at iteration 29
IPF row error: 7.170341, col error: 0.000000
IPF converged at iteration 29
IPF row error: 90.117780, col error: 0.000000
Starting Iterative Proportional Fitting (IPF)...
IPF converged at iteration 25
Starting Iterative Proportional Fitting (IPF)...
IPF row error: 61.191650, col error: 0.000000
Starting Iterative Proportional Fitting (IPF)...
IPF converged at iteration 52
IPF row error: 1.293455, col error: 0.000000
  [2023/test] 진행 1590/1750 (90.9%) | 누적 CPC 0.3912 | RMSE 152469.4522 | %RMSE 1648.5211 | 경과 30.2분 | 예상 남음 3.0분
Starting Iterative Proportional Fitting (IPF)...
IPF converged at iteration 37
IPF row error: 22.776486, col error: 0.000000
Starting Iterative Proportional Fitting (IPF)...
IPF converged at iteration 54
IPF row error: 1.260920, col error: 0.000000
IPF converged at iteration 52
IPF row error: 1.299302, col error: 0.000000
Starting Iterative Proportional Fitting (IPF)...
Starting Iterative Proportional Fitting (IPF)...
IPF converged at iteration 52
IPF row error: 1.292069, col error: 0.000000
Starting Iterative Proportional Fitting (IPF)...
IPF converged at iteration 28
IPF row error: 168.385720, col error: 0.000000
Starting Iterative Proportional Fitting (IPF)...
IPF converged at iteration 54
IPF row error: 1.248649, col error: 0.000000
Starting Iterative Proportional Fitting (IPF)...
IPF converged at iteration 56
IPF row error: 1.443584, col error: 0.000000
Starting Iterative Proportional Fitting (IPF)...
IPF converged at iteration 52
IPF row error: 1.298699, col error: 0.000000
Starting Iterative Proportional Fitting (IPF)...
IPF converged at iteration 52
IPF row error: 1.303417, col error: 0.000000
Starting Iterative Proportional Fitting (IPF)...
IPF converged at iteration 28
IPF row error: 93.879080, col error: 0.000000
Starting Iterative Proportional Fitting (IPF)...
IPF converged at iteration 52
IPF row error: 1.297785, col error: 0.000000
Starting Iterative Proportional Fitting (IPF)...
IPF converged at iteration 31
IPF row error: 91.751649, col error: 0.000000
Starting Iterative Proportional Fitting (IPF)...
IPF converged at iteration 52
IPF row error: 1.316307, col error: 0.000000
Starting Iterative Proportional Fitting (IPF)...
IPF row error: 587518.513682, col error: 0.000000
Starting Iterative Proportional Fitting (IPF)...
IPF converged at iteration 52
IPF row error: 1.319891, col error: 0.000000
Starting Iterative Proportional Fitting (IPF)...
IPF converged at iteration 30
IPF row error: 81.269180, col error: 0.000000
Starting Iterative Proportional Fitting (IPF)...
IPF row error: 594308.986270, col error: 0.000000
Starting Iterative Proportional Fitting (IPF)...
IPF converged at iteration 46
IPF row error: 2.845114, col error: 0.000000
Starting Iterative Proportional Fitting (IPF)...
IPF converged at iteration 56
IPF row error: 1.298799, col error: 0.000000
Starting Iterative Proportional Fitting (IPF)...
IPF converged at iteration 46
IPF row error: 2.867804, col error: 0.000000
Starting Iterative Proportional Fitting (IPF)...
IPF converged at iteration 31
IPF row error: 80.252812, col error: 0.000000
Starting Iterative Proportional Fitting (IPF)...
IPF row error: 589008.642178, col error: 0.000001
Starting Iterative Proportional Fitting (IPF)...
IPF row error: 595251.557446, col error: 0.000000
Starting Iterative Proportional Fitting (IPF)...
IPF converged at iteration 46
IPF row error: 2.880189, col error: 0.000000
Starting Iterative Proportional Fitting (IPF)...
IPF row error: 587744.510720, col error: 0.000000
Starting Iterative Proportional Fitting (IPF)...
IPF row error: 586074.914995, col error: 0.000000
Starting Iterative Proportional Fitting (IPF)...
IPF converged at iteration 31
IPF row error: 59.273477, col error: 0.000000
IPF converged at iteration 40
IPF row error: 12.255435, col error: 0.000000
Starting Iterative Proportional Fitting (IPF)...
Starting Iterative Proportional Fitting (IPF)...
IPF converged at iteration 30
IPF row error: 150.099986, col error: 0.000000
Starting Iterative Proportional Fitting (IPF)...
IPF converged at iteration 31
IPF row error: 95.495614, col error: 0.000000
  [2023/test] 진행 1620/1750 (92.6%) | 누적 CPC 0.3888 | RMSE 153572.7261 | %RMSE 1690.6994 | 경과 30.9분 | 예상 남음 2.5분
Starting Iterative Proportional Fitting (IPF)...
IPF row error: 599771.344071, col error: 0.000000
IPF converged at iteration 47
IPF row error: 2.321737, col error: 0.000000
Starting Iterative Proportional Fitting (IPF)...
Starting Iterative Proportional Fitting (IPF)...
IPF converged at iteration 51
IPF row error: 1.437481, col error: 0.000000
Starting Iterative Proportional Fitting (IPF)...
IPF converged at iteration 49
IPF row error: 1.486899, col error: 0.000000
Starting Iterative Proportional Fitting (IPF)...
IPF converged at iteration 47
IPF row error: 2.773302, col error: 0.000000
Starting Iterative Proportional Fitting (IPF)...
IPF row error: 592276.954163, col error: 0.000000
IPF converged at iteration 31
IPF row error: 587818.369807, col error: 0.000000
IPF row error: 92.726426, col error: 0.000000
Starting Iterative Proportional Fitting (IPF)...
Starting Iterative Proportional Fitting (IPF)...
Starting Iterative Proportional Fitting (IPF)...
IPF row error: 616360.945012, col error: 0.000000
Starting Iterative Proportional Fitting (IPF)...
IPF converged at iteration 47
IPF row error: 2.366038, col error: 0.000000
IPF converged at iteration 49
Starting Iterative Proportional Fitting (IPF)...
IPF row error: 1.466880, col error: 0.000000
Starting Iterative Proportional Fitting (IPF)...
IPF converged at iteration 56
IPF row error: 1.238546, col error: 0.000000
Starting Iterative Proportional Fitting (IPF)...
IPF converged at iteration 33
IPF row error: 57.975282, col error: 0.000000
Starting Iterative Proportional Fitting (IPF)...
IPF converged at iteration 44
IPF row error: 4.577109, col error: 0.000000
Starting Iterative Proportional Fitting (IPF)...
IPF converged at iteration 56
IPF row error: 1.287331, col error: 0.000000
Starting Iterative Proportional Fitting (IPF)...
IPF converged at iteration 55
IPF row error: 1.432115, col error: 0.000000
Starting Iterative Proportional Fitting (IPF)...
IPF converged at iteration 31
IPF row error: 78.935037, col error: 0.000000
Starting Iterative Proportional Fitting (IPF)...
IPF converged at iteration 49
IPF row error: 1.482508, col error: 0.000000
Starting Iterative Proportional Fitting (IPF)...
IPF row error: 588218.085699, col error: 0.000000
Starting Iterative Proportional Fitting (IPF)...
IPF converged at iteration 47
IPF row error: 2.766679, col error: 0.000000
IPF row error: 588872.253643, col error: 0.000000
Starting Iterative Proportional Fitting (IPF)...
Starting Iterative Proportional Fitting (IPF)...
IPF converged at iteration 52
IPF row error: 1.219886, col error: 0.000000
Starting Iterative Proportional Fitting (IPF)...
IPF converged at iteration 27
IPF row error: 239.047792, col error: 0.000000
Starting Iterative Proportional Fitting (IPF)...
IPF converged at iteration 46
IPF row error: 2.830969, col error: 0.000000
IPF converged at iteration 30
Starting Iterative Proportional Fitting (IPF)...IPF row error: 86.009995, col error: 0.000000

Starting Iterative Proportional Fitting (IPF)...
IPF row error: 587542.857360, col error: 0.000000
Starting Iterative Proportional Fitting (IPF)...
IPF row error: 599550.395077, col error: 0.000000
Starting Iterative Proportional Fitting (IPF)...
IPF converged at iteration 44
IPF row error: 4.764190, col error: 0.000000
Starting Iterative Proportional Fitting (IPF)...
IPF converged at iteration 32
IPF row error: 74.130774, col error: 0.000000
Starting Iterative Proportional Fitting (IPF)...
IPF row error: 592276.954163, col error: 0.000000
  [2023/test] 진행 1650/1750 (94.3%) | 누적 CPC 0.3868 | RMSE 156556.2939 | %RMSE 1763.7284 | 경과 31.5분 | 예상 남음 1.9분
IPF converged at iteration 53
Starting Iterative Proportional Fitting (IPF)...
IPF row error: 1.312901, col error: 0.000000
Starting Iterative Proportional Fitting (IPF)...
IPF row error: 604574.684618, col error: 0.000000
Starting Iterative Proportional Fitting (IPF)...
IPF converged at iteration 48
IPF row error: 1.859822, col error: 0.000000
IPF converged at iteration 48
IPF row error: 1.788762, col error: 0.000000
Starting Iterative Proportional Fitting (IPF)...
Starting Iterative Proportional Fitting (IPF)...
IPF converged at iteration 53
IPF row error: 1.312901, col error: 0.000000
Starting Iterative Proportional Fitting (IPF)...
IPF row error: 588026.537576, col error: 0.000001
Starting Iterative Proportional Fitting (IPF)...
IPF converged at iteration 32
IPF row error: 69.241278, col error: 0.000000
Starting Iterative Proportional Fitting (IPF)...
IPF converged at iteration 48
IPF row error: 1.788151, col error: 0.000000
Starting Iterative Proportional Fitting (IPF)...
IPF converged at iteration 48
IPF row error: 1.765861, col error: 0.000000
Starting Iterative Proportional Fitting (IPF)...
IPF converged at iteration 30
IPF row error: 69.678257, col error: 0.000000
Starting Iterative Proportional Fitting (IPF)...
IPF converged at iteration 29
IPF row error: 125.529320, col error: 0.000000
Starting Iterative Proportional Fitting (IPF)...
IPF row error: 580186.446985, col error: 0.000000
IPF converged at iteration 37
IPF row error: 19.217423, col error: 0.000000
Starting Iterative Proportional Fitting (IPF)...
Starting Iterative Proportional Fitting (IPF)...
IPF row error: 586606.163243, col error: 0.000000
Starting Iterative Proportional Fitting (IPF)...
IPF converged at iteration 44
IPF row error: 4.439692, col error: 0.000000
Starting Iterative Proportional Fitting (IPF)...
IPF converged at iteration 27
IPF row error: 39.112010, col error: 0.000000
Starting Iterative Proportional Fitting (IPF)...
IPF converged at iteration 30
IPF row error: 90.883229, col error: 0.000000
Starting Iterative Proportional Fitting (IPF)...
IPF converged at iteration 30
IPF row error: 95.116959, col error: 0.000000
IPF row error: 586202.303605, col error: 0.000000
Starting Iterative Proportional Fitting (IPF)...
Starting Iterative Proportional Fitting (IPF)...
IPF row error: 548674.718697, col error: 0.000000
Starting Iterative Proportional Fitting (IPF)...
IPF row error: 586904.137349, col error: 0.000000
Starting Iterative Proportional Fitting (IPF)...
IPF converged at iteration 23
IPF row error: 83.100439, col error: 0.000000
IPF converged at iteration 48
Starting Iterative Proportional Fitting (IPF)...IPF row error: 1.788762, col error: 0.000000

IPF converged at iteration 31
IPF row error: 91.448921, col error: 0.000000
Starting Iterative Proportional Fitting (IPF)...
Starting Iterative Proportional Fitting (IPF)...
IPF converged at iteration 48
IPF row error: 1.747786, col error: 0.000000
IPF row error: 566830.926266, col error: 0.000000
Starting Iterative Proportional Fitting (IPF)...
Starting Iterative Proportional Fitting (IPF)...
IPF converged at iteration 29
IPF row error: 88.778376, col error: 0.000000
Starting Iterative Proportional Fitting (IPF)...
IPF converged at iteration 44
IPF row error: 4.567141, col error: 0.000000
IPF row error: 571586.844278, col error: 0.000000
Starting Iterative Proportional Fitting (IPF)...
IPF row error: 561029.146148, col error: 0.000000
  [2023/test] 진행 1680/1750 (96.0%) | 누적 CPC 0.3833 | RMSE 161521.3327 | %RMSE 1831.0709 | 경과 32.2분 | 예상 남음 1.3분
Starting Iterative Proportional Fitting (IPF)...
Starting Iterative Proportional Fitting (IPF)...
IPF converged at iteration 24
IPF row error: 60.688374, col error: 0.000000
Starting Iterative Proportional Fitting (IPF)...
IPF converged at iteration 44
IPF row error: 4.539420, col error: 0.000000
Starting Iterative Proportional Fitting (IPF)...
IPF converged at iteration 49
IPF row error: 1.449583, col error: 0.000000
Starting Iterative Proportional Fitting (IPF)...
IPF converged at iteration 32
IPF row error: 70.155701, col error: 0.000000
Starting Iterative Proportional Fitting (IPF)...
IPF row error: 586904.137349, col error: 0.000000
Starting Iterative Proportional Fitting (IPF)...
IPF row error: 544034.139145, col error: 0.000000
Starting Iterative Proportional Fitting (IPF)...
IPF converged at iteration 32
IPF row error: 75.181024, col error: 0.000000
Starting Iterative Proportional Fitting (IPF)...
IPF converged at iteration 48
IPF row error: 1.859822, col error: 0.000000
IPF converged at iteration 30
Starting Iterative Proportional Fitting (IPF)...
IPF row error: 86.372334, col error: 0.000000
IPF converged at iteration 48
IPF row error: 1.859123, col error: 0.000000
Starting Iterative Proportional Fitting (IPF)...
Starting Iterative Proportional Fitting (IPF)...
IPF converged at iteration 28
IPF row error: 90.961069, col error: 0.000000
Starting Iterative Proportional Fitting (IPF)...
IPF converged at iteration 31
IPF row error: 78.501682, col error: 0.000000
Starting Iterative Proportional Fitting (IPF)...
IPF converged at iteration 49
IPF row error: 1.439643, col error: 0.000000
IPF converged at iteration 48
Starting Iterative Proportional Fitting (IPF)...
IPF row error: 1.875028, col error: 0.000000
Starting Iterative Proportional Fitting (IPF)...
IPF converged at iteration 30
IPF row error: 99.962681, col error: 0.000000
Starting Iterative Proportional Fitting (IPF)...
IPF converged at iteration 30
IPF row error: 89.312829, col error: 0.000000
Starting Iterative Proportional Fitting (IPF)...
IPF converged at iteration 48
IPF row error: 1.797506, col error: 0.000000
Starting Iterative Proportional Fitting (IPF)...
IPF converged at iteration 32
IPF row error: 66.959836, col error: 0.000000
Starting Iterative Proportional Fitting (IPF)...
IPF row error: 586904.137349, col error: 0.000000
Starting Iterative Proportional Fitting (IPF)...
IPF converged at iteration 30
IPF row error: 87.298831, col error: 0.000000
Starting Iterative Proportional Fitting (IPF)...
IPF converged at iteration 45
IPF row error: 3.092417, col error: 0.000000
Starting Iterative Proportional Fitting (IPF)...
IPF converged at iteration 51
IPF row error: 1.418626, col error: 0.000000
Starting Iterative Proportional Fitting (IPF)...
IPF converged at iteration 41
IPF row error: 7.595227, col error: 0.000000
IPF converged at iteration 51
IPF row error: 1.429719, col error: 0.000000
Starting Iterative Proportional Fitting (IPF)...
Starting Iterative Proportional Fitting (IPF)...
IPF converged at iteration 29
IPF row error: 69.830054, col error: 0.000000
Starting Iterative Proportional Fitting (IPF)...
IPF converged at iteration 27
IPF row error: 142.873999, col error: 0.000000
Starting Iterative Proportional Fitting (IPF)...
IPF converged at iteration 45
IPF row error: 3.083043, col error: 0.000000
IPF converged at iteration 45
IPF row error: 3.152114, col error: 0.000000
Starting Iterative Proportional Fitting (IPF)...
IPF converged at iteration 32
IPF row error: 65.834992, col error: 0.000000
Starting Iterative Proportional Fitting (IPF)...
Starting Iterative Proportional Fitting (IPF)...
IPF converged at iteration 45
IPF row error: 3.089201, col error: 0.000000
  [2023/test] 진행 1710/1750 (97.7%) | 누적 CPC 0.3817 | RMSE 161044.4746 | %RMSE 1825.0201 | 경과 32.8분 | 예상 남음 0.8분
Starting Iterative Proportional Fitting (IPF)...
IPF converged at iteration 28
IPF row error: 120.372020, col error: 0.000000
Starting Iterative Proportional Fitting (IPF)...
IPF converged at iteration 50
IPF row error: 1.383615, col error: 0.000000
IPF converged at iteration 51
IPF converged at iteration 27
IPF row error: 1.415667, col error: 0.000000
Starting Iterative Proportional Fitting (IPF)...
IPF row error: 115.973584, col error: 0.000000
Starting Iterative Proportional Fitting (IPF)...
Starting Iterative Proportional Fitting (IPF)...
IPF converged at iteration 41
IPF row error: 7.544484, col error: 0.000000
Starting Iterative Proportional Fitting (IPF)...
IPF converged at iteration 50
IPF converged at iteration 46
IPF row error: 1.334341, col error: 0.000000
IPF row error: 2.515115, col error: 0.000000
Starting Iterative Proportional Fitting (IPF)...
Starting Iterative Proportional Fitting (IPF)...
IPF row error: 550507.486729, col error: 0.000000
IPF converged at iteration 29
IPF row error: 89.902797, col error: 0.000000
IPF converged at iteration 32
Starting Iterative Proportional Fitting (IPF)...
IPF row error: 60.127040, col error: 0.000000
Starting Iterative Proportional Fitting (IPF)...
Starting Iterative Proportional Fitting (IPF)...
IPF converged at iteration 31
IPF row error: 76.229757, col error: 0.000000
IPF converged at iteration 30
IPF row error: 63.991622, col error: 0.000000
Starting Iterative Proportional Fitting (IPF)...
Starting Iterative Proportional Fitting (IPF)...
IPF converged at iteration 39
IPF row error: 12.439498, col error: 0.000000
Starting Iterative Proportional Fitting (IPF)...
IPF row error: 568335.370658, col error: 0.000000
IPF converged at iteration 30
IPF row error: 77.895475, col error: 0.000000
Starting Iterative Proportional Fitting (IPF)...
IPF converged at iteration 28
IPF row error: 124.530738, col error: 0.000000
Starting Iterative Proportional Fitting (IPF)...
Starting Iterative Proportional Fitting (IPF)...
IPF converged at iteration 50
IPF converged at iteration 30
IPF row error: 1.338978, col error: 0.000000
IPF row error: 81.430918, col error: 0.000000
IPF converged at iteration 29
IPF row error: 77.242085, col error: 0.000000
Starting Iterative Proportional Fitting (IPF)...
Starting Iterative Proportional Fitting (IPF)...
Starting Iterative Proportional Fitting (IPF)...
IPF converged at iteration 30
IPF row error: 21.730688, col error: 0.000000
IPF converged at iteration 29
IPF row error: 201.131920, col error: 0.000000
Starting Iterative Proportional Fitting (IPF)...
Starting Iterative Proportional Fitting (IPF)...
IPF converged at iteration 45
IPF row error: 3.098338, col error: 0.000000
Starting Iterative Proportional Fitting (IPF)...
IPF row error: 563637.638456, col error: 0.000000
Starting Iterative Proportional Fitting (IPF)...
IPF converged at iteration 41
IPF row error: 7.701872, col error: 0.000000
Starting Iterative Proportional Fitting (IPF)...
IPF converged at iteration 46
IPF row error: 2.521261, col error: 0.000000
Starting Iterative Proportional Fitting (IPF)...
IPF row error: 575896.682923, col error: 0.000000
Starting Iterative Proportional Fitting (IPF)...
IPF row error: 565417.506535, col error: 0.000000
Starting Iterative Proportional Fitting (IPF)...
IPF converged at iteration 43
IPF row error: 5.351422, col error: 0.000000
Starting Iterative Proportional Fitting (IPF)...
IPF converged at iteration 41
IPF row error: 7.770173, col error: 0.000000
IPF row error: 576364.103232, col error: 0.000000
Starting Iterative Proportional Fitting (IPF)...
  [2023/test] 진행 1740/1750 (99.4%) | 누적 CPC 0.3798 | RMSE 161895.6362 | %RMSE 1820.4774 | 경과 33.5분 | 예상 남음 0.2분
Starting Iterative Proportional Fitting (IPF)...
IPF converged at iteration 31
IPF row error: 71.766531, col error: 0.000000
Starting Iterative Proportional Fitting (IPF)...
IPF row error: 570926.675336, col error: 0.000000
Starting Iterative Proportional Fitting (IPF)...
IPF row error: 571122.519324, col error: 0.000000
Starting Iterative Proportional Fitting (IPF)...
IPF row error: 549162.765603, col error: 0.000000
Starting Iterative Proportional Fitting (IPF)...
IPF converged at iteration 28
IPF row error: 96.053676, col error: 0.000000
IPF converged at iteration 50
IPF row error: 1.338978, col error: 0.000000
Starting Iterative Proportional Fitting (IPF)...
Starting Iterative Proportional Fitting (IPF)...
IPF row error: 566293.716700, col error: 0.000000
IPF converged at iteration 41
IPF row error: 7.681191, col error: 0.000000
IPF row error: 571124.968316, col error: 0.000000
IPF row error: 567070.867128, col error: 0.000000
  [2023/test] 진행 1750/1750 (100.0%) | 누적 CPC 0.3785 | RMSE 164585.8692 | %RMSE 1839.1717 | 경과 33.8분 | 예상 남음 0.0분
  [2023/test] 완료: 1750/1750
1. 절대 모델의 구조와 하이퍼파라미터를 test가 좋아지는 방향으로 하지 말 것. -> val이 좋아지는 방향으로 조정
2. 모델의 성능이 좋아지는 게 목적이 아니라 기존 방식을 잘 재현하는게 목적이야.

===연도별===

=== task별 종합 성능 (모든 도시) ===
[year=2023, split=test, task=0] (n=350) CPC=0.6427±0.0939  RMSE=371.4712±308.4784  %RMSE=6.7970±3.4286
[year=2023, split=test, task=1] (n=350) CPC=0.6395±0.0927  RMSE=347.2151±255.7705  %RMSE=6.4525±2.8033
[year=2023, split=test, task=2] (n=350) CPC=0.2951±0.0874  RMSE=1053.7602±713.9784  %RMSE=13.1745±3.9394
[year=2023, split=test, task=3] (n=350) CPC=0.0623±0.0861  RMSE=678312.3461±671003.4304  %RMSE=7372.2796±7443.4410
[year=2023, split=test, task=4] (n=350) CPC=0.2527±0.1421  RMSE=142844.5536±382476.1438  %RMSE=1797.1547±5080.6892

=== task/도시별 성능 ===
[year=2023, split=test, task=0, city=감일동] (n=50) CPC=0.4394±0.0000  RMSE=204.1242±0.0000  %RMSE=7.1089±0.0000
[year=2023, split=test, task=0, city=다산] (n=50) CPC=0.7592±0.0000  RMSE=230.7981±0.0000  %RMSE=3.3007±0.0000
[year=2023, split=test, task=0, city=랜덤1] (n=50) CPC=0.6874±0.0000  RMSE=195.7016±0.0000  %RMSE=4.9649±0.0000
[year=2023, split=test, task=0, city=랜덤2] (n=50) CPC=0.6421±0.0000  RMSE=356.9519±0.0000  %RMSE=7.0253±0.0000
[year=2023, split=test, task=0, city=랜덤3] (n=50) CPC=0.6055±0.0000  RMSE=1115.7357±0.0000  %RMSE=14.6366±0.0000
[year=2023, split=test, task=0, city=미사] (n=50) CPC=0.6928±0.0000  RMSE=287.4550±0.0000  %RMSE=4.8013±0.0000
[year=2023, split=test, task=0, city=배곧] (n=50) CPC=0.6727±0.0000  RMSE=209.5319±0.0000  %RMSE=5.7415±0.0000
[year=2023, split=test, task=1, city=감일동] (n=50) CPC=0.4345±0.0088  RMSE=206.2595±5.0147  %RMSE=7.1228±0.0838
[year=2023, split=test, task=1, city=다산] (n=50) CPC=0.7464±0.0179  RMSE=234.8770±35.5516  %RMSE=3.3297±0.4792
[year=2023, split=test, task=1, city=랜덤1] (n=50) CPC=0.6853±0.0077  RMSE=197.6580±8.5843  %RMSE=4.9921±0.1687
[year=2023, split=test, task=1, city=랜덤2] (n=50) CPC=0.6409±0.0063  RMSE=353.2476±8.2026  %RMSE=6.9176±0.1738
[year=2023, split=test, task=1, city=랜덤3] (n=50) CPC=0.6128±0.0103  RMSE=946.3937±138.7846  %RMSE=12.3701±1.8678
[year=2023, split=test, task=1, city=미사] (n=50) CPC=0.6877±0.0086  RMSE=282.2886±14.9617  %RMSE=4.6987±0.2586
[year=2023, split=test, task=1, city=배곧] (n=50) CPC=0.6687±0.0064  RMSE=209.7813±2.0156  %RMSE=5.7366±0.0543
[year=2023, split=test, task=2, city=감일동] (n=50) CPC=0.2585±0.0535  RMSE=238.9286±19.3658  %RMSE=7.4583±0.5793
[year=2023, split=test, task=2, city=다산] (n=50) CPC=0.2918±0.0902  RMSE=1574.8968±270.9748  %RMSE=14.9097±2.0146
[year=2023, split=test, task=2, city=랜덤1] (n=50) CPC=0.3720±0.0698  RMSE=581.4135±108.7604  %RMSE=11.6422±1.7702
[year=2023, split=test, task=2, city=랜덤2] (n=50) CPC=0.2958±0.0700  RMSE=822.2010±177.7949  %RMSE=12.1407±2.0085
[year=2023, split=test, task=2, city=랜덤3] (n=50) CPC=0.3104±0.0808  RMSE=2409.8998±486.3625  %RMSE=20.0325±2.4735
[year=2023, split=test, task=2, city=미사] (n=50) CPC=0.2433±0.0795  RMSE=1055.0420±136.1422  %RMSE=12.1044±0.8838
[year=2023, split=test, task=2, city=배곧] (n=50) CPC=0.2942±0.0986  RMSE=693.9393±123.2008  %RMSE=13.9335±1.5216
[year=2023, split=test, task=3, city=감일동] (n=50) CPC=0.0716±0.0009  RMSE=269.9780±1.3551  %RMSE=7.4268±0.0431
[year=2023, split=test, task=3, city=다산] (n=50) CPC=0.0943±0.0007  RMSE=1569.9739±1.1487  %RMSE=15.3652±0.0890
[year=2023, split=test, task=3, city=랜덤1] (n=50) CPC=0.0683±0.1163  RMSE=814314.0194±490005.7065  %RMSE=12406.2192±7964.2653
[year=2023, split=test, task=3, city=랜덤2] (n=50) CPC=0.0211±0.0659  RMSE=1253117.7945±318058.7838  %RMSE=12486.1485±4016.6185
[year=2023, split=test, task=3, city=랜덤3] (n=50) CPC=0.0341±0.1158  RMSE=1116428.3888±336370.9079  %RMSE=10864.9239±3289.4967
[year=2023, split=test, task=3, city=미사] (n=50) CPC=0.0035±0.0000  RMSE=1561434.0652±12506.0476  %RMSE=15812.2151±111.0531
[year=2023, split=test, task=3, city=배곧] (n=50) CPC=0.1435±0.0827  RMSE=1052.2030±254.3783  %RMSE=13.6585±0.8242
[year=2023, split=test, task=4, city=감일동] (n=50) CPC=0.2129±0.0846  RMSE=265.3723±50.8405  %RMSE=7.7813±0.6797
[year=2023, split=test, task=4, city=다산] (n=50) CPC=0.2855±0.1159  RMSE=1577.2631±395.1482  %RMSE=14.5659±2.4010
[year=2023, split=test, task=4, city=랜덤1] (n=50) CPC=0.2764±0.2121  RMSE=338866.0732±493185.2771  %RMSE=6081.3609±8885.1318
[year=2023, split=test, task=4, city=랜덤2] (n=50) CPC=0.2312±0.1616  RMSE=319834.0986±568922.9072  %RMSE=3905.8467±7074.6035
[year=2023, split=test, task=4, city=랜덤3] (n=50) CPC=0.2604±0.1572  RMSE=253222.4125±447068.7730  %RMSE=1959.2703±3535.7236
[year=2023, split=test, task=4, city=미사] (n=50) CPC=0.2585±0.1102  RMSE=85373.5878±333968.3183  %RMSE=597.2691±2317.4803
[year=2023, split=test, task=4, city=배곧] (n=50) CPC=0.2440±0.0948  RMSE=773.0679±178.4847  %RMSE=13.9885±0.9797

=== 도시별 성능 (모든 task) ===
[year=2023, split=test, city=감일동] (n=250) CPC=0.2834±0.1468  RMSE=236.9325±37.1721  %RMSE=7.3796±0.4723
[year=2023, split=test, city=다산] (n=250) CPC=0.4355±0.2767  RMSE=1037.5618±691.2994  %RMSE=10.2943±5.8778
[year=2023, split=test, city=랜덤1] (n=250) CPC=0.4178±0.2653  RMSE=230830.9732±446062.9068  %RMSE=3701.8358±7276.7377
[year=2023, split=test, city=랜덤2] (n=250) CPC=0.3662±0.2566  RMSE=314896.8587±565974.1202  %RMSE=3283.6158±6056.9360
[year=2023, split=test, city=랜덤3] (n=250) CPC=0.3646±0.2398  RMSE=274824.5661±499182.3928  %RMSE=2574.2467±4734.4374
[year=2023, split=test, city=미사] (n=250) CPC=0.3772±0.2779  RMSE=329686.4877±634600.9174  %RMSE=3286.2177±6352.4796
[year=2023, split=test, city=배곧] (n=250) CPC=0.4046±0.2338  RMSE=587.7047±363.0406  %RMSE=10.6117±4.0783

===연도 종합===

=== task별 종합 성능 (모든 도시) ===
[split=test, task=0] (n=350) CPC=0.6427±0.0939  RMSE=371.4712±308.4784  %RMSE=6.7970±3.4286
[split=test, task=1] (n=350) CPC=0.6395±0.0927  RMSE=347.2151±255.7705  %RMSE=6.4525±2.8033
[split=test, task=2] (n=350) CPC=0.2951±0.0874  RMSE=1053.7602±713.9784  %RMSE=13.1745±3.9394
[split=test, task=3] (n=350) CPC=0.0623±0.0861  RMSE=678312.3461±671003.4304  %RMSE=7372.2796±7443.4410
[split=test, task=4] (n=350) CPC=0.2527±0.1421  RMSE=142844.5536±382476.1438  %RMSE=1797.1547±5080.6892

=== task/도시별 성능 ===
[split=test, task=0, city=감일동] (n=50) CPC=0.4394±0.0000  RMSE=204.1242±0.0000  %RMSE=7.1089±0.0000
[split=test, task=0, city=다산] (n=50) CPC=0.7592±0.0000  RMSE=230.7981±0.0000  %RMSE=3.3007±0.0000
[split=test, task=0, city=랜덤1] (n=50) CPC=0.6874±0.0000  RMSE=195.7016±0.0000  %RMSE=4.9649±0.0000
[split=test, task=0, city=랜덤2] (n=50) CPC=0.6421±0.0000  RMSE=356.9519±0.0000  %RMSE=7.0253±0.0000
[split=test, task=0, city=랜덤3] (n=50) CPC=0.6055±0.0000  RMSE=1115.7357±0.0000  %RMSE=14.6366±0.0000
[split=test, task=0, city=미사] (n=50) CPC=0.6928±0.0000  RMSE=287.4550±0.0000  %RMSE=4.8013±0.0000
[split=test, task=0, city=배곧] (n=50) CPC=0.6727±0.0000  RMSE=209.5319±0.0000  %RMSE=5.7415±0.0000
[split=test, task=1, city=감일동] (n=50) CPC=0.4345±0.0088  RMSE=206.2595±5.0147  %RMSE=7.1228±0.0838
[split=test, task=1, city=다산] (n=50) CPC=0.7464±0.0179  RMSE=234.8770±35.5516  %RMSE=3.3297±0.4792
[split=test, task=1, city=랜덤1] (n=50) CPC=0.6853±0.0077  RMSE=197.6580±8.5843  %RMSE=4.9921±0.1687
[split=test, task=1, city=랜덤2] (n=50) CPC=0.6409±0.0063  RMSE=353.2476±8.2026  %RMSE=6.9176±0.1738
[split=test, task=1, city=랜덤3] (n=50) CPC=0.6128±0.0103  RMSE=946.3937±138.7846  %RMSE=12.3701±1.8678
[split=test, task=1, city=미사] (n=50) CPC=0.6877±0.0086  RMSE=282.2886±14.9617  %RMSE=4.6987±0.2586
[split=test, task=1, city=배곧] (n=50) CPC=0.6687±0.0064  RMSE=209.7813±2.0156  %RMSE=5.7366±0.0543
[split=test, task=2, city=감일동] (n=50) CPC=0.2585±0.0535  RMSE=238.9286±19.3658  %RMSE=7.4583±0.5793
[split=test, task=2, city=다산] (n=50) CPC=0.2918±0.0902  RMSE=1574.8968±270.9748  %RMSE=14.9097±2.0146
[split=test, task=2, city=랜덤1] (n=50) CPC=0.3720±0.0698  RMSE=581.4135±108.7604  %RMSE=11.6422±1.7702
[split=test, task=2, city=랜덤2] (n=50) CPC=0.2958±0.0700  RMSE=822.2010±177.7949  %RMSE=12.1407±2.0085
[split=test, task=2, city=랜덤3] (n=50) CPC=0.3104±0.0808  RMSE=2409.8998±486.3625  %RMSE=20.0325±2.4735
[split=test, task=2, city=미사] (n=50) CPC=0.2433±0.0795  RMSE=1055.0420±136.1422  %RMSE=12.1044±0.8838
[split=test, task=2, city=배곧] (n=50) CPC=0.2942±0.0986  RMSE=693.9393±123.2008  %RMSE=13.9335±1.5216
[split=test, task=3, city=감일동] (n=50) CPC=0.0716±0.0009  RMSE=269.9780±1.3551  %RMSE=7.4268±0.0431
[split=test, task=3, city=다산] (n=50) CPC=0.0943±0.0007  RMSE=1569.9739±1.1487  %RMSE=15.3652±0.0890
[split=test, task=3, city=랜덤1] (n=50) CPC=0.0683±0.1163  RMSE=814314.0194±490005.7065  %RMSE=12406.2192±7964.2653
[split=test, task=3, city=랜덤2] (n=50) CPC=0.0211±0.0659  RMSE=1253117.7945±318058.7838  %RMSE=12486.1485±4016.6185
[split=test, task=3, city=랜덤3] (n=50) CPC=0.0341±0.1158  RMSE=1116428.3888±336370.9079  %RMSE=10864.9239±3289.4967
[split=test, task=3, city=미사] (n=50) CPC=0.0035±0.0000  RMSE=1561434.0652±12506.0476  %RMSE=15812.2151±111.0531
[split=test, task=3, city=배곧] (n=50) CPC=0.1435±0.0827  RMSE=1052.2030±254.3783  %RMSE=13.6585±0.8242
[split=test, task=4, city=감일동] (n=50) CPC=0.2129±0.0846  RMSE=265.3723±50.8405  %RMSE=7.7813±0.6797
[split=test, task=4, city=다산] (n=50) CPC=0.2855±0.1159  RMSE=1577.2631±395.1482  %RMSE=14.5659±2.4010
[split=test, task=4, city=랜덤1] (n=50) CPC=0.2764±0.2121  RMSE=338866.0732±493185.2771  %RMSE=6081.3609±8885.1318
[split=test, task=4, city=랜덤2] (n=50) CPC=0.2312±0.1616  RMSE=319834.0986±568922.9072  %RMSE=3905.8467±7074.6035
[split=test, task=4, city=랜덤3] (n=50) CPC=0.2604±0.1572  RMSE=253222.4125±447068.7730  %RMSE=1959.2703±3535.7236
[split=test, task=4, city=미사] (n=50) CPC=0.2585±0.1102  RMSE=85373.5878±333968.3183  %RMSE=597.2691±2317.4803
[split=test, task=4, city=배곧] (n=50) CPC=0.2440±0.0948  RMSE=773.0679±178.4847  %RMSE=13.9885±0.9797

=== 도시별 성능 (모든 task) ===
[split=test, city=감일동] (n=250) CPC=0.2834±0.1468  RMSE=236.9325±37.1721  %RMSE=7.3796±0.4723
[split=test, city=다산] (n=250) CPC=0.4355±0.2767  RMSE=1037.5618±691.2994  %RMSE=10.2943±5.8778
[split=test, city=랜덤1] (n=250) CPC=0.4178±0.2653  RMSE=230830.9732±446062.9068  %RMSE=3701.8358±7276.7377
[split=test, city=랜덤2] (n=250) CPC=0.3662±0.2566  RMSE=314896.8587±565974.1202  %RMSE=3283.6158±6056.9360
[split=test, city=랜덤3] (n=250) CPC=0.3646±0.2398  RMSE=274824.5661±499182.3928  %RMSE=2574.2467±4734.4374
[split=test, city=미사] (n=250) CPC=0.3772±0.2779  RMSE=329686.4877±634600.9174  %RMSE=3286.2177±6352.4796
[split=test, city=배곧] (n=250) CPC=0.4046±0.2338  RMSE=587.7047±363.0406  %RMSE=10.6117±4.0783

===총 종합===

=== 전체 종합 (연도/task/도시 모두 무관) ===
[split=test] (n=1750) CPC=0.3785±0.2503  RMSE=164585.8692±433959.7463  %RMSE=1839.1717±4937.3277
[LOG] saved to C:\Users\금경훈\Desktop\mobility_foundation\KTxTS_project\src\gravity(경훈)\logs\gravity_trip_rate_zero_20260808_230400.log
