<<<<<<< HEAD
[LOG] saving console output to C:\Users\금경훈\Desktop\mobility_foundation\KTxTS_project\src\gravity(경훈)\logs\gravity_linear_regression_zero_20260809_001645.log
Dataset 초기화 완료 (Imputation: zero)
argument='linear_regression'
Start Model Training on years: 2023
Training Model for Origin Generation (O_i) using linear_regression...

Evaluating 2023 / test ...
  [2023/test] 1750개 샘플 병렬 평가 중 (threads=4)...
Starting Iterative Proportional Fitting (IPF)...
Starting Iterative Proportional Fitting (IPF)...
Starting Iterative Proportional Fitting (IPF)...Starting Iterative Proportional Fitting (IPF)...

IPF converged at iteration 32
IPF converged at iteration 32
IPF converged at iteration 32
IPF converged at iteration 32
IPF row error: 65.290807, col error: 0.000000
IPF row error: 65.290807, col error: 0.000000
IPF row error: 65.290807, col error: 0.000000
IPF row error: 65.290807, col error: 0.000000
Starting Iterative Proportional Fitting (IPF)...
Starting Iterative Proportional Fitting (IPF)...
Starting Iterative Proportional Fitting (IPF)...
Starting Iterative Proportional Fitting (IPF)...
IPF converged at iteration 32
IPF converged at iteration 32
IPF row error: 65.290807, col error: 0.000000
IPF converged at iteration 32
IPF row error: 65.290807, col error: 0.000000
IPF row error: 65.290807, col error: 0.000000
IPF converged at iteration 32
IPF row error: 65.290807, col error: 0.000000
Starting Iterative Proportional Fitting (IPF)...
Starting Iterative Proportional Fitting (IPF)...
Starting Iterative Proportional Fitting (IPF)...
Starting Iterative Proportional Fitting (IPF)...
IPF converged at iteration 32
IPF row error: 65.290807, col error: 0.000000
IPF converged at iteration 32
IPF converged at iteration 32
IPF row error: 65.290807, col error: 0.000000
IPF converged at iteration 32
IPF row error: 65.290807, col error: 0.000000
IPF row error: 65.290807, col error: 0.000000
Starting Iterative Proportional Fitting (IPF)...
Starting Iterative Proportional Fitting (IPF)...
Starting Iterative Proportional Fitting (IPF)...
Starting Iterative Proportional Fitting (IPF)...
IPF converged at iteration 32
IPF row error: 65.290807, col error: 0.000000
IPF converged at iteration 32
IPF converged at iteration 32
IPF row error: 65.290807, col error: 0.000000
IPF converged at iteration 32
IPF row error: 65.290807, col error: 0.000000
IPF row error: 65.290807, col error: 0.000000
Starting Iterative Proportional Fitting (IPF)...
Starting Iterative Proportional Fitting (IPF)...
Starting Iterative Proportional Fitting (IPF)...
Starting Iterative Proportional Fitting (IPF)...
IPF converged at iteration 32
IPF row error: 65.290807, col error: 0.000000
IPF converged at iteration 32
IPF converged at iteration 32
IPF row error: 65.290807, col error: 0.000000
IPF converged at iteration 32
IPF row error: 65.290807, col error: 0.000000
IPF row error: 65.290807, col error: 0.000000
Starting Iterative Proportional Fitting (IPF)...
Starting Iterative Proportional Fitting (IPF)...
Starting Iterative Proportional Fitting (IPF)...
Starting Iterative Proportional Fitting (IPF)...
IPF converged at iteration 32
IPF row error: 65.290807, col error: 0.000000
IPF converged at iteration 32
IPF converged at iteration 32
IPF row error: 65.290807, col error: 0.000000
IPF row error: 65.290807, col error: 0.000000
IPF converged at iteration 32
Starting Iterative Proportional Fitting (IPF)...
IPF row error: 65.290807, col error: 0.000000
Starting Iterative Proportional Fitting (IPF)...
Starting Iterative Proportional Fitting (IPF)...
Starting Iterative Proportional Fitting (IPF)...
IPF converged at iteration 32
IPF row error: 65.290807, col error: 0.000000
IPF converged at iteration 32
IPF converged at iteration 32
IPF row error: 65.290807, col error: 0.000000
IPF row error: 65.290807, col error: 0.000000
Starting Iterative Proportional Fitting (IPF)...
IPF converged at iteration 32
IPF row error: 65.290807, col error: 0.000000
Starting Iterative Proportional Fitting (IPF)...
Starting Iterative Proportional Fitting (IPF)...
Starting Iterative Proportional Fitting (IPF)...
IPF converged at iteration 32
IPF row error: 65.290807, col error: 0.000000
IPF converged at iteration 32
IPF row error: 65.290807, col error: 0.000000
  [2023/test] 진행 30/1750 (1.7%) | 누적 CPC 0.7592 | RMSE 230.7982 | %RMSE 3.3007 | 경과 0.4분 | 예상 남음 25.3분
IPF converged at iteration 32
Starting Iterative Proportional Fitting (IPF)...
IPF row error: 65.290807, col error: 0.000000
IPF converged at iteration 32
Starting Iterative Proportional Fitting (IPF)...
IPF row error: 65.290807, col error: 0.000000
Starting Iterative Proportional Fitting (IPF)...
Starting Iterative Proportional Fitting (IPF)...
IPF converged at iteration 32
IPF row error: 65.290807, col error: 0.000000
IPF converged at iteration 32
IPF row error: 65.290807, col error: 0.000000
Starting Iterative Proportional Fitting (IPF)...
IPF converged at iteration 32
IPF row error: 65.290807, col error: 0.000000
Starting Iterative Proportional Fitting (IPF)...
IPF converged at iteration 32
IPF row error: 65.290807, col error: 0.000000
Starting Iterative Proportional Fitting (IPF)...
Starting Iterative Proportional Fitting (IPF)...
IPF converged at iteration 32
IPF row error: 65.290807, col error: 0.000000
IPF converged at iteration 32
IPF row error: 65.290807, col error: 0.000000
Starting Iterative Proportional Fitting (IPF)...
IPF converged at iteration 32
Starting Iterative Proportional Fitting (IPF)...
IPF row error: 65.290807, col error: 0.000000
IPF converged at iteration 32
IPF row error: 65.290807, col error: 0.000000
Starting Iterative Proportional Fitting (IPF)...
Starting Iterative Proportional Fitting (IPF)...
IPF converged at iteration 32
IPF row error: 65.290807, col error: 0.000000
IPF converged at iteration 32
IPF row error: 65.290807, col error: 0.000000
Starting Iterative Proportional Fitting (IPF)...
Starting Iterative Proportional Fitting (IPF)...
IPF converged at iteration 32
IPF row error: 65.290807, col error: 0.000000
IPF converged at iteration 32
IPF row error: 65.290807, col error: 0.000000
Starting Iterative Proportional Fitting (IPF)...
Starting Iterative Proportional Fitting (IPF)...
IPF converged at iteration 32
IPF row error: 65.290807, col error: 0.000000
IPF converged at iteration 32
IPF row error: 65.290807, col error: 0.000000
Starting Iterative Proportional Fitting (IPF)...
Starting Iterative Proportional Fitting (IPF)...
IPF converged at iteration 32
IPF row error: 65.290807, col error: 0.000000
IPF converged at iteration 32
IPF row error: 65.290807, col error: 0.000000
Starting Iterative Proportional Fitting (IPF)...
Starting Iterative Proportional Fitting (IPF)...
IPF converged at iteration 32
IPF row error: 65.290807, col error: 0.000000
IPF converged at iteration 32
IPF row error: 65.290807, col error: 0.000000
Starting Iterative Proportional Fitting (IPF)...
Starting Iterative Proportional Fitting (IPF)...
IPF converged at iteration 32
IPF row error: 64.681872, col error: 0.000000
IPF converged at iteration 32
IPF row error: 64.681872, col error: 0.000000
Starting Iterative Proportional Fitting (IPF)...
Starting Iterative Proportional Fitting (IPF)...
IPF converged at iteration 32
IPF row error: 64.681872, col error: 0.000000
IPF converged at iteration 32
IPF row error: 64.681872, col error: 0.000000
Starting Iterative Proportional Fitting (IPF)...
Starting Iterative Proportional Fitting (IPF)...
IPF converged at iteration 32
IPF row error: 64.681872, col error: 0.000000
IPF converged at iteration 32
IPF row error: 64.681872, col error: 0.000000
Starting Iterative Proportional Fitting (IPF)...
Starting Iterative Proportional Fitting (IPF)...
IPF converged at iteration 32
IPF row error: 64.681872, col error: 0.000000
IPF converged at iteration 32
IPF row error: 64.681872, col error: 0.000000
Starting Iterative Proportional Fitting (IPF)...
Starting Iterative Proportional Fitting (IPF)...
IPF converged at iteration 32
IPF row error: 64.681872, col error: 0.000000
IPF converged at iteration 32
IPF row error: 64.681872, col error: 0.000000
Starting Iterative Proportional Fitting (IPF)...
  [2023/test] 진행 60/1750 (3.4%) | 누적 CPC 0.7481 | RMSE 240.2410 | %RMSE 3.5508 | 경과 0.8분 | 예상 남음 23.0분
Starting Iterative Proportional Fitting (IPF)...
IPF converged at iteration 32
IPF row error: 64.681872, col error: 0.000000
IPF converged at iteration 32
IPF row error: 64.681872, col error: 0.000000
Starting Iterative Proportional Fitting (IPF)...
Starting Iterative Proportional Fitting (IPF)...
IPF converged at iteration 32
IPF row error: 64.681872, col error: 0.000000
IPF converged at iteration 32
IPF row error: 64.681872, col error: 0.000000
Starting Iterative Proportional Fitting (IPF)...
Starting Iterative Proportional Fitting (IPF)...
IPF converged at iteration 32
IPF row error: 64.681872, col error: 0.000000
IPF converged at iteration 32
IPF row error: 64.681872, col error: 0.000000
Starting Iterative Proportional Fitting (IPF)...
Starting Iterative Proportional Fitting (IPF)...
IPF converged at iteration 32
IPF row error: 64.681872, col error: 0.000000
IPF converged at iteration 32
IPF row error: 64.681872, col error: 0.000000
Starting Iterative Proportional Fitting (IPF)...
Starting Iterative Proportional Fitting (IPF)...
IPF converged at iteration 32
IPF row error: 64.681872, col error: 0.000000
IPF converged at iteration 32
IPF row error: 64.681872, col error: 0.000000
Starting Iterative Proportional Fitting (IPF)...
Starting Iterative Proportional Fitting (IPF)...
IPF converged at iteration 32
IPF row error: 64.681872, col error: 0.000000
IPF converged at iteration 32
IPF row error: 64.681872, col error: 0.000000
Starting Iterative Proportional Fitting (IPF)...
Starting Iterative Proportional Fitting (IPF)...
IPF converged at iteration 32
IPF row error: 64.681872, col error: 0.000000
IPF converged at iteration 32
IPF row error: 64.681872, col error: 0.000000
Starting Iterative Proportional Fitting (IPF)...
Starting Iterative Proportional Fitting (IPF)...
IPF converged at iteration 32
IPF row error: 64.681872, col error: 0.000000
IPF converged at iteration 32
IPF row error: 64.681872, col error: 0.000000
Starting Iterative Proportional Fitting (IPF)...
Starting Iterative Proportional Fitting (IPF)...
IPF converged at iteration 32
IPF row error: 64.681872, col error: 0.000000
IPF converged at iteration 32
IPF row error: 64.681872, col error: 0.000000
Starting Iterative Proportional Fitting (IPF)...
Starting Iterative Proportional Fitting (IPF)...
IPF converged at iteration 32
IPF row error: 64.681872, col error: 0.000000
IPF converged at iteration 32
IPF row error: 64.681872, col error: 0.000000
Starting Iterative Proportional Fitting (IPF)...
Starting Iterative Proportional Fitting (IPF)...
IPF converged at iteration 32
IPF row error: 64.681872, col error: 0.000000
IPF converged at iteration 32
IPF row error: 64.681872, col error: 0.000000
Starting Iterative Proportional Fitting (IPF)...
Starting Iterative Proportional Fitting (IPF)...
IPF converged at iteration 32
IPF row error: 64.681872, col error: 0.000000
IPF converged at iteration 32
IPF row error: 64.681872, col error: 0.000000
Starting Iterative Proportional Fitting (IPF)...
Starting Iterative Proportional Fitting (IPF)...
IPF converged at iteration 32
IPF row error: 64.681872, col error: 0.000000
IPF converged at iteration 32
IPF row error: 64.681872, col error: 0.000000
Starting Iterative Proportional Fitting (IPF)...
Starting Iterative Proportional Fitting (IPF)...
IPF converged at iteration 32
IPF row error: 64.681872, col error: 0.000000
IPF converged at iteration 32
Starting Iterative Proportional Fitting (IPF)...
IPF row error: 64.681872, col error: 0.000000
Starting Iterative Proportional Fitting (IPF)...
IPF converged at iteration 32
IPF row error: 64.681872, col error: 0.000000
IPF converged at iteration 32
IPF row error: 64.681872, col error: 0.000000
  [2023/test] 진행 90/1750 (5.1%) | 누적 CPC 0.7297 | RMSE 255.9790 | %RMSE 3.9677 | 경과 1.3분 | 예상 남음 24.3분
Starting Iterative Proportional Fitting (IPF)...
Starting Iterative Proportional Fitting (IPF)...
IPF converged at iteration 32
IPF row error: 64.681872, col error: 0.000000
IPF converged at iteration 32
Starting Iterative Proportional Fitting (IPF)...
IPF row error: 64.681872, col error: 0.000000
Starting Iterative Proportional Fitting (IPF)...
IPF converged at iteration 32
IPF row error: 64.681872, col error: 0.000000
IPF converged at iteration 32
IPF row error: 64.681872, col error: 0.000000
Starting Iterative Proportional Fitting (IPF)...
Starting Iterative Proportional Fitting (IPF)...
IPF converged at iteration 32
IPF row error: 64.681872, col error: 0.000000
IPF converged at iteration 32
IPF row error: 64.681872, col error: 0.000000
Starting Iterative Proportional Fitting (IPF)...
Starting Iterative Proportional Fitting (IPF)...
IPF converged at iteration 32
IPF row error: 64.681872, col error: 0.000000
IPF converged at iteration 32
IPF row error: 64.681872, col error: 0.000000
Starting Iterative Proportional Fitting (IPF)...
Starting Iterative Proportional Fitting (IPF)...
IPF converged at iteration 32
IPF row error: 64.681872, col error: 0.000000
IPF converged at iteration 32
Starting Iterative Proportional Fitting (IPF)...
IPF row error: 64.681872, col error: 0.000000
Starting Iterative Proportional Fitting (IPF)...
IPF converged at iteration 32
IPF row error: 64.808156, col error: 0.000000
IPF converged at iteration 32
IPF row error: 64.808156, col error: 0.000000
Starting Iterative Proportional Fitting (IPF)...
Starting Iterative Proportional Fitting (IPF)...
IPF converged at iteration 32
IPF row error: 64.808156, col error: 0.000000
IPF converged at iteration 32
Starting Iterative Proportional Fitting (IPF)...
IPF row error: 64.808156, col error: 0.000000
Starting Iterative Proportional Fitting (IPF)...
IPF converged at iteration 32
IPF row error: 64.808156, col error: 0.000000
IPF converged at iteration 32
IPF row error: 64.808156, col error: 0.000000
Starting Iterative Proportional Fitting (IPF)...
Starting Iterative Proportional Fitting (IPF)...
IPF converged at iteration 32
IPF row error: 64.808156, col error: 0.000000
Starting Iterative Proportional Fitting (IPF)...
IPF converged at iteration 32
IPF row error: 64.808156, col error: 0.000000
Starting Iterative Proportional Fitting (IPF)...
IPF converged at iteration 32
IPF row error: 64.808156, col error: 0.000000
IPF converged at iteration 32
IPF row error: 64.808156, col error: 0.000000
Starting Iterative Proportional Fitting (IPF)...
Starting Iterative Proportional Fitting (IPF)...
IPF converged at iteration 32
IPF row error: 64.808156, col error: 0.000000
IPF converged at iteration 32Starting Iterative Proportional Fitting (IPF)...

IPF row error: 64.808156, col error: 0.000000
Starting Iterative Proportional Fitting (IPF)...
IPF converged at iteration 32
IPF converged at iteration 32
IPF row error: 64.808156, col error: 0.000000
IPF row error: 64.808156, col error: 0.000000
Starting Iterative Proportional Fitting (IPF)...
Starting Iterative Proportional Fitting (IPF)...
IPF converged at iteration 32
IPF row error: 64.808156, col error: 0.000000
Starting Iterative Proportional Fitting (IPF)...
IPF converged at iteration 32
IPF row error: 64.808156, col error: 0.000000
Starting Iterative Proportional Fitting (IPF)...
IPF converged at iteration 32
IPF row error: 64.808156, col error: 0.000000
IPF converged at iteration 32
IPF row error: 64.808156, col error: 0.000000
Starting Iterative Proportional Fitting (IPF)...
Starting Iterative Proportional Fitting (IPF)...
IPF converged at iteration 32
IPF row error: 64.808156, col error: 0.000000
Starting Iterative Proportional Fitting (IPF)...
IPF converged at iteration 32
IPF row error: 64.808156, col error: 0.000000
  [2023/test] 진행 120/1750 (6.9%) | 누적 CPC 0.7171 | RMSE 250.8608 | %RMSE 4.3328 | 경과 1.7분 | 예상 남음 23.3분
Starting Iterative Proportional Fitting (IPF)...
IPF converged at iteration 32
IPF row error: 64.808156, col error: 0.000000
IPF converged at iteration 32
IPF row error: 64.808156, col error: 0.000000
Starting Iterative Proportional Fitting (IPF)...
Starting Iterative Proportional Fitting (IPF)...
IPF converged at iteration 32
IPF row error: 64.808156, col error: 0.000000
IPF converged at iteration 32
Starting Iterative Proportional Fitting (IPF)...
IPF row error: 64.808156, col error: 0.000000
Starting Iterative Proportional Fitting (IPF)...
IPF converged at iteration 32
IPF converged at iteration 32
IPF row error: 64.808156, col error: 0.000000
IPF row error: 64.808156, col error: 0.000000
Starting Iterative Proportional Fitting (IPF)...
Starting Iterative Proportional Fitting (IPF)...
IPF converged at iteration 32
IPF row error: 64.808156, col error: 0.000000
IPF converged at iteration 32
IPF row error: 64.808156, col error: 0.000000
Starting Iterative Proportional Fitting (IPF)...
Starting Iterative Proportional Fitting (IPF)...
IPF converged at iteration 32
IPF converged at iteration 32
IPF row error: 64.808156, col error: 0.000000
IPF row error: 64.808156, col error: 0.000000
Starting Iterative Proportional Fitting (IPF)...
Starting Iterative Proportional Fitting (IPF)...
IPF converged at iteration 32
IPF row error: 64.808156, col error: 0.000000
IPF converged at iteration 32
Starting Iterative Proportional Fitting (IPF)...
IPF row error: 64.808156, col error: 0.000000
Starting Iterative Proportional Fitting (IPF)...
IPF converged at iteration 32
IPF converged at iteration 32
IPF row error: 64.808156, col error: 0.000000
IPF row error: 64.808156, col error: 0.000000
Starting Iterative Proportional Fitting (IPF)...Starting Iterative Proportional Fitting (IPF)...

IPF converged at iteration 32
IPF row error: 64.808156, col error: 0.000000
IPF converged at iteration 32
Starting Iterative Proportional Fitting (IPF)...IPF row error: 64.808156, col error: 0.000000

Starting Iterative Proportional Fitting (IPF)...
IPF converged at iteration 32
IPF converged at iteration 32
IPF row error: 64.808156, col error: 0.000000
IPF row error: 64.808156, col error: 0.000000
Starting Iterative Proportional Fitting (IPF)...
Starting Iterative Proportional Fitting (IPF)...
IPF converged at iteration 32
IPF row error: 64.808156, col error: 0.000000
IPF converged at iteration 32
IPF row error: 64.808156, col error: 0.000000
Starting Iterative Proportional Fitting (IPF)...
Starting Iterative Proportional Fitting (IPF)...
IPF converged at iteration 32
IPF converged at iteration 32
IPF row error: 64.808156, col error: 0.000000
IPF row error: 64.808156, col error: 0.000000
Starting Iterative Proportional Fitting (IPF)...
Starting Iterative Proportional Fitting (IPF)...
IPF converged at iteration 32
IPF row error: 64.808156, col error: 0.000000
IPF converged at iteration 32
IPF row error: 64.808156, col error: 0.000000
Starting Iterative Proportional Fitting (IPF)...
Starting Iterative Proportional Fitting (IPF)...
IPF converged at iteration 32
IPF converged at iteration 32
IPF row error: 64.808156, col error: 0.000000
IPF row error: 64.808156, col error: 0.000000
Starting Iterative Proportional Fitting (IPF)...
Starting Iterative Proportional Fitting (IPF)...
IPF converged at iteration 32
IPF row error: 64.808156, col error: 0.000000
IPF converged at iteration 32
Starting Iterative Proportional Fitting (IPF)...
IPF row error: 64.808156, col error: 0.000000
Starting Iterative Proportional Fitting (IPF)...
IPF converged at iteration 32
IPF converged at iteration 32
IPF row error: 64.808156, col error: 0.000000
IPF row error: 64.808156, col error: 0.000000
  [2023/test] 진행 150/1750 (8.6%) | 누적 CPC 0.7082 | RMSE 242.5950 | %RMSE 4.6145 | 경과 2.1분 | 예상 남음 22.7분
Starting Iterative Proportional Fitting (IPF)...
Starting Iterative Proportional Fitting (IPF)...
IPF converged at iteration 32
IPF row error: 64.615059, col error: 0.000000
IPF converged at iteration 32
Starting Iterative Proportional Fitting (IPF)...
IPF row error: 64.615059, col error: 0.000000
Starting Iterative Proportional Fitting (IPF)...
IPF converged at iteration 32
IPF converged at iteration 32
IPF row error: 64.615059, col error: 0.000000
IPF row error: 64.615059, col error: 0.000000
Starting Iterative Proportional Fitting (IPF)...
Starting Iterative Proportional Fitting (IPF)...
IPF converged at iteration 32
IPF row error: 64.615059, col error: 0.000000
IPF converged at iteration 32
Starting Iterative Proportional Fitting (IPF)...
IPF row error: 64.615059, col error: 0.000000
Starting Iterative Proportional Fitting (IPF)...
IPF converged at iteration 32
IPF converged at iteration 32
IPF row error: 64.615059, col error: 0.000000
IPF row error: 64.615059, col error: 0.000000
Starting Iterative Proportional Fitting (IPF)...
Starting Iterative Proportional Fitting (IPF)...
IPF converged at iteration 32
IPF row error: 64.615059, col error: 0.000000
IPF converged at iteration 32
Starting Iterative Proportional Fitting (IPF)...
IPF row error: 64.615059, col error: 0.000000
Starting Iterative Proportional Fitting (IPF)...
IPF converged at iteration 32
IPF converged at iteration 32
IPF row error: 64.615059, col error: 0.000000
IPF row error: 64.615059, col error: 0.000000
Starting Iterative Proportional Fitting (IPF)...
Starting Iterative Proportional Fitting (IPF)...
IPF converged at iteration 32
IPF row error: 64.615059, col error: 0.000000
IPF converged at iteration 32
Starting Iterative Proportional Fitting (IPF)...
IPF row error: 64.615059, col error: 0.000000
Starting Iterative Proportional Fitting (IPF)...
IPF converged at iteration 32
IPF row error: 64.615059, col error: 0.000000
IPF converged at iteration 32
IPF row error: 64.615059, col error: 0.000000
Starting Iterative Proportional Fitting (IPF)...
Starting Iterative Proportional Fitting (IPF)...
IPF converged at iteration 32
IPF row error: 64.615059, col error: 0.000000
IPF converged at iteration 32
Starting Iterative Proportional Fitting (IPF)...
IPF row error: 64.615059, col error: 0.000000
Starting Iterative Proportional Fitting (IPF)...
IPF converged at iteration 32
IPF row error: 64.615059, col error: 0.000000IPF converged at iteration 32

IPF row error: 64.615059, col error: 0.000000
Starting Iterative Proportional Fitting (IPF)...
Starting Iterative Proportional Fitting (IPF)...
IPF converged at iteration 32
IPF row error: 64.615059, col error: 0.000000
Starting Iterative Proportional Fitting (IPF)...
IPF converged at iteration 32
IPF row error: 64.615059, col error: 0.000000
Starting Iterative Proportional Fitting (IPF)...
IPF converged at iteration 32
IPF converged at iteration 32
IPF row error: 64.615059, col error: 0.000000
IPF row error: 64.615059, col error: 0.000000
Starting Iterative Proportional Fitting (IPF)...
Starting Iterative Proportional Fitting (IPF)...
IPF converged at iteration 32
IPF row error: 64.615059, col error: 0.000000
Starting Iterative Proportional Fitting (IPF)...
IPF converged at iteration 32
IPF row error: 64.615059, col error: 0.000000
Starting Iterative Proportional Fitting (IPF)...
IPF converged at iteration 32
IPF converged at iteration 32
IPF row error: 64.615059, col error: 0.000000
IPF row error: 64.615059, col error: 0.000000
Starting Iterative Proportional Fitting (IPF)...
Starting Iterative Proportional Fitting (IPF)...
IPF converged at iteration 32
IPF row error: 64.615059, col error: 0.000000
Starting Iterative Proportional Fitting (IPF)...
IPF converged at iteration 32
IPF row error: 64.615059, col error: 0.000000
  [2023/test] 진행 180/1750 (10.3%) | 누적 CPC 0.6634 | RMSE 236.1832 | %RMSE 5.0303 | 경과 2.5분 | 예상 남음 22.0분
Starting Iterative Proportional Fitting (IPF)...
IPF converged at iteration 32
IPF row error: 64.615059, col error: 0.000000
IPF converged at iteration 32
IPF row error: 64.615059, col error: 0.000000
Starting Iterative Proportional Fitting (IPF)...
Starting Iterative Proportional Fitting (IPF)...
IPF converged at iteration 32
IPF row error: 64.615059, col error: 0.000000
Starting Iterative Proportional Fitting (IPF)...
IPF converged at iteration 32
IPF row error: 64.615059, col error: 0.000000
Starting Iterative Proportional Fitting (IPF)...
IPF converged at iteration 32
IPF row error: 64.615059, col error: 0.000000
IPF converged at iteration 32
IPF row error: 64.615059, col error: 0.000000
Starting Iterative Proportional Fitting (IPF)...
Starting Iterative Proportional Fitting (IPF)...
IPF converged at iteration 32
IPF row error: 64.615059, col error: 0.000000
Starting Iterative Proportional Fitting (IPF)...
IPF converged at iteration 32
IPF row error: 64.615059, col error: 0.000000
Starting Iterative Proportional Fitting (IPF)...
IPF converged at iteration 32
IPF row error: 64.615059, col error: 0.000000
IPF converged at iteration 32
IPF row error: 64.615059, col error: 0.000000
Starting Iterative Proportional Fitting (IPF)...
Starting Iterative Proportional Fitting (IPF)...
IPF converged at iteration 32
IPF row error: 64.615059, col error: 0.000000
Starting Iterative Proportional Fitting (IPF)...
IPF converged at iteration 32
IPF row error: 64.615059, col error: 0.000000
Starting Iterative Proportional Fitting (IPF)...
IPF converged at iteration 32
IPF row error: 64.615059, col error: 0.000000
IPF converged at iteration 32
IPF row error: 64.615059, col error: 0.000000
Starting Iterative Proportional Fitting (IPF)...
Starting Iterative Proportional Fitting (IPF)...
IPF converged at iteration 32
IPF row error: 64.615059, col error: 0.000000
Starting Iterative Proportional Fitting (IPF)...
IPF converged at iteration 32
IPF row error: 64.615059, col error: 0.000000
Starting Iterative Proportional Fitting (IPF)...
IPF converged at iteration 32
IPF row error: 64.615059, col error: 0.000000
IPF converged at iteration 32
IPF row error: 64.615059, col error: 0.000000
Starting Iterative Proportional Fitting (IPF)...
Starting Iterative Proportional Fitting (IPF)...
IPF converged at iteration 32
IPF row error: 64.615059, col error: 0.000000
Starting Iterative Proportional Fitting (IPF)...
IPF converged at iteration 32
IPF row error: 64.615059, col error: 0.000000
Starting Iterative Proportional Fitting (IPF)...
IPF converged at iteration 32
IPF row error: 64.372396, col error: 0.000000
IPF converged at iteration 32
IPF row error: 64.372396, col error: 0.000000Starting Iterative Proportional Fitting (IPF)...

Starting Iterative Proportional Fitting (IPF)...
IPF converged at iteration 32
IPF row error: 64.372396, col error: 0.000000
IPF converged at iteration 32
Starting Iterative Proportional Fitting (IPF)...
IPF row error: 64.372396, col error: 0.000000
Starting Iterative Proportional Fitting (IPF)...
IPF converged at iteration 32
IPF row error: 64.372396, col error: 0.000000
IPF converged at iteration 32
IPF row error: 64.372396, col error: 0.000000
Starting Iterative Proportional Fitting (IPF)...
Starting Iterative Proportional Fitting (IPF)...
IPF converged at iteration 32
IPF row error: 64.372396, col error: 0.000000
Starting Iterative Proportional Fitting (IPF)...
IPF converged at iteration 32
IPF row error: 64.372396, col error: 0.000000
Starting Iterative Proportional Fitting (IPF)...
IPF converged at iteration 32
IPF row error: 64.372396, col error: 0.000000
IPF converged at iteration 32
IPF row error: 64.372396, col error: 0.000000
Starting Iterative Proportional Fitting (IPF)...
  [2023/test] 진행 210/1750 (12.0%) | 누적 CPC 0.6432 | RMSE 231.2023 | %RMSE 5.2251 | 경과 2.9분 | 예상 남음 21.6분
Starting Iterative Proportional Fitting (IPF)...
IPF converged at iteration 32
IPF row error: 64.372396, col error: 0.000000
Starting Iterative Proportional Fitting (IPF)...
IPF converged at iteration 32
IPF row error: 64.372396, col error: 0.000000
Starting Iterative Proportional Fitting (IPF)...
IPF converged at iteration 32
IPF row error: 64.372396, col error: 0.000000
IPF converged at iteration 32
IPF row error: 64.372396, col error: 0.000000
Starting Iterative Proportional Fitting (IPF)...
Starting Iterative Proportional Fitting (IPF)...
IPF converged at iteration 32
IPF row error: 64.372396, col error: 0.000000
Starting Iterative Proportional Fitting (IPF)...
IPF converged at iteration 32
IPF row error: 64.372396, col error: 0.000000
Starting Iterative Proportional Fitting (IPF)...
IPF converged at iteration 32
IPF row error: 64.372396, col error: 0.000000
IPF converged at iteration 32
Starting Iterative Proportional Fitting (IPF)...
IPF row error: 64.372396, col error: 0.000000
IPF converged at iteration 32
Starting Iterative Proportional Fitting (IPF)...
IPF row error: 64.372396, col error: 0.000000
Starting Iterative Proportional Fitting (IPF)...
IPF converged at iteration 32
IPF row error: 64.372396, col error: 0.000000
Starting Iterative Proportional Fitting (IPF)...
IPF converged at iteration 32
IPF row error: 64.372396, col error: 0.000000
IPF converged at iteration 32
Starting Iterative Proportional Fitting (IPF)...
IPF row error: 64.372396, col error: 0.000000
IPF converged at iteration 32
IPF row error: 64.372396, col error: 0.000000
Starting Iterative Proportional Fitting (IPF)...
Starting Iterative Proportional Fitting (IPF)...
IPF converged at iteration 32
IPF row error: 64.372396, col error: 0.000000
Starting Iterative Proportional Fitting (IPF)...
IPF converged at iteration 32
IPF row error: 64.372396, col error: 0.000000
Starting Iterative Proportional Fitting (IPF)...
IPF converged at iteration 32
IPF row error: 64.372396, col error: 0.000000
IPF converged at iteration 32
IPF row error: 64.372396, col error: 0.000000
Starting Iterative Proportional Fitting (IPF)...
Starting Iterative Proportional Fitting (IPF)...
IPF converged at iteration 32
IPF row error: 64.372396, col error: 0.000000
Starting Iterative Proportional Fitting (IPF)...
IPF converged at iteration 32
IPF row error: 64.372396, col error: 0.000000
IPF converged at iteration 32
Starting Iterative Proportional Fitting (IPF)...
IPF row error: 64.372396, col error: 0.000000
IPF converged at iteration 32
Starting Iterative Proportional Fitting (IPF)...
IPF row error: 64.372396, col error: 0.000000
Starting Iterative Proportional Fitting (IPF)...
IPF converged at iteration 32
IPF row error: 64.372396, col error: 0.000000
Starting Iterative Proportional Fitting (IPF)...
IPF converged at iteration 32
IPF row error: 64.372396, col error: 0.000000
IPF converged at iteration 32
IPF row error: 64.372396, col error: 0.000000Starting Iterative Proportional Fitting (IPF)...

IPF converged at iteration 32
IPF row error: 64.372396, col error: 0.000000
Starting Iterative Proportional Fitting (IPF)...
Starting Iterative Proportional Fitting (IPF)...
IPF converged at iteration 32
IPF row error: 64.372396, col error: 0.000000
Starting Iterative Proportional Fitting (IPF)...
IPF converged at iteration 32
IPF row error: 64.372396, col error: 0.000000
IPF converged at iteration 32
Starting Iterative Proportional Fitting (IPF)...
IPF row error: 64.372396, col error: 0.000000
IPF converged at iteration 32
IPF row error: 64.372396, col error: 0.000000
Starting Iterative Proportional Fitting (IPF)...
Starting Iterative Proportional Fitting (IPF)...
IPF converged at iteration 32
IPF row error: 64.372396, col error: 0.000000
  [2023/test] 진행 240/1750 (13.7%) | 누적 CPC 0.6488 | RMSE 226.7647 | %RMSE 5.1926 | 경과 3.4분 | 예상 남음 21.2분
Starting Iterative Proportional Fitting (IPF)...
IPF converged at iteration 32
IPF row error: 64.372396, col error: 0.000000
IPF converged at iteration 32
Starting Iterative Proportional Fitting (IPF)...
IPF row error: 64.372396, col error: 0.000000
IPF converged at iteration 32
IPF row error: 64.372396, col error: 0.000000
Starting Iterative Proportional Fitting (IPF)...
Starting Iterative Proportional Fitting (IPF)...
IPF converged at iteration 32
IPF row error: 64.372396, col error: 0.000000
Starting Iterative Proportional Fitting (IPF)...
IPF converged at iteration 32
IPF row error: 64.372396, col error: 0.000000
IPF converged at iteration 32
Starting Iterative Proportional Fitting (IPF)...
IPF row error: 64.372396, col error: 0.000000
IPF converged at iteration 32
Starting Iterative Proportional Fitting (IPF)...
IPF row error: 64.372396, col error: 0.000000
Starting Iterative Proportional Fitting (IPF)...
IPF converged at iteration 32
IPF row error: 64.372396, col error: 0.000000
Starting Iterative Proportional Fitting (IPF)...
IPF converged at iteration 32
IPF row error: 64.372396, col error: 0.000000
IPF converged at iteration 32
Starting Iterative Proportional Fitting (IPF)...
IPF row error: 64.372396, col error: 0.000000
IPF converged at iteration 32
Starting Iterative Proportional Fitting (IPF)...
IPF row error: 64.657303, col error: 0.000000
Starting Iterative Proportional Fitting (IPF)...
IPF converged at iteration 32
IPF row error: 64.657303, col error: 0.000000
Starting Iterative Proportional Fitting (IPF)...
IPF converged at iteration 32
IPF row error: 64.657303, col error: 0.000000
IPF converged at iteration 32
Starting Iterative Proportional Fitting (IPF)...
IPF row error: 64.657303, col error: 0.000000
IPF converged at iteration 32
IPF row error: 64.657303, col error: 0.000000
Starting Iterative Proportional Fitting (IPF)...
Starting Iterative Proportional Fitting (IPF)...
IPF converged at iteration 32
IPF row error: 64.657303, col error: 0.000000
Starting Iterative Proportional Fitting (IPF)...
IPF converged at iteration 32
IPF row error: 64.657303, col error: 0.000000
IPF converged at iteration 32
Starting Iterative Proportional Fitting (IPF)...
IPF row error: 64.657303, col error: 0.000000
IPF converged at iteration 32
IPF row error: 64.657303, col error: 0.000000
Starting Iterative Proportional Fitting (IPF)...
Starting Iterative Proportional Fitting (IPF)...
IPF converged at iteration 32
IPF row error: 64.657303, col error: 0.000000
Starting Iterative Proportional Fitting (IPF)...
IPF converged at iteration 32
IPF row error: 64.657303, col error: 0.000000
IPF converged at iteration 32
Starting Iterative Proportional Fitting (IPF)...
IPF row error: 64.657303, col error: 0.000000
IPF converged at iteration 32
IPF row error: 64.657303, col error: 0.000000
Starting Iterative Proportional Fitting (IPF)...
Starting Iterative Proportional Fitting (IPF)...
IPF converged at iteration 32
IPF row error: 64.657303, col error: 0.000000
Starting Iterative Proportional Fitting (IPF)...
IPF converged at iteration 32
IPF row error: 64.657303, col error: 0.000000
IPF converged at iteration 32
Starting Iterative Proportional Fitting (IPF)...
IPF row error: 64.657303, col error: 0.000000
IPF converged at iteration 32
IPF row error: 64.657303, col error: 0.000000
Starting Iterative Proportional Fitting (IPF)...
Starting Iterative Proportional Fitting (IPF)...
IPF converged at iteration 32
IPF row error: 64.657303, col error: 0.000000
Starting Iterative Proportional Fitting (IPF)...
IPF converged at iteration 32
IPF row error: 64.657303, col error: 0.000000
IPF converged at iteration 32
IPF row error: 64.657303, col error: 0.000000
Starting Iterative Proportional Fitting (IPF)...
  [2023/test] 진행 270/1750 (15.4%) | 누적 CPC 0.6497 | RMSE 235.2577 | %RMSE 5.3199 | 경과 3.8분 | 예상 남음 20.7분
IPF converged at iteration 32
IPF row error: 64.657303, col error: 0.000000
Starting Iterative Proportional Fitting (IPF)...
Starting Iterative Proportional Fitting (IPF)...
IPF converged at iteration 32
IPF row error: 64.657303, col error: 0.000000
Starting Iterative Proportional Fitting (IPF)...
IPF converged at iteration 32
IPF row error: 64.657303, col error: 0.000000
IPF converged at iteration 32
IPF row error: 64.657303, col error: 0.000000
Starting Iterative Proportional Fitting (IPF)...
IPF converged at iteration 32
IPF row error: 64.657303, col error: 0.000000
Starting Iterative Proportional Fitting (IPF)...
Starting Iterative Proportional Fitting (IPF)...
IPF converged at iteration 32
IPF row error: 64.657303, col error: 0.000000
Starting Iterative Proportional Fitting (IPF)...
IPF converged at iteration 32
IPF row error: 64.657303, col error: 0.000000
IPF converged at iteration 32
IPF converged at iteration 32
IPF row error: 64.657303, col error: 0.000000
IPF row error: 64.657303, col error: 0.000000
Starting Iterative Proportional Fitting (IPF)...
Starting Iterative Proportional Fitting (IPF)...
Starting Iterative Proportional Fitting (IPF)...
IPF converged at iteration 32
IPF row error: 64.657303, col error: 0.000000
Starting Iterative Proportional Fitting (IPF)...
IPF converged at iteration 32
IPF row error: 64.657303, col error: 0.000000
IPF converged at iteration 32
IPF converged at iteration 32
IPF row error: 64.657303, col error: 0.000000
IPF row error: 64.657303, col error: 0.000000
Starting Iterative Proportional Fitting (IPF)...
Starting Iterative Proportional Fitting (IPF)...
Starting Iterative Proportional Fitting (IPF)...
IPF converged at iteration 32
IPF row error: 64.657303, col error: 0.000000
Starting Iterative Proportional Fitting (IPF)...
IPF converged at iteration 32
IPF row error: 64.657303, col error: 0.000000
IPF converged at iteration 32
IPF converged at iteration 32
IPF row error: 64.657303, col error: 0.000000
IPF row error: 64.657303, col error: 0.000000
Starting Iterative Proportional Fitting (IPF)...
Starting Iterative Proportional Fitting (IPF)...
Starting Iterative Proportional Fitting (IPF)...
IPF converged at iteration 32
IPF row error: 64.657303, col error: 0.000000
Starting Iterative Proportional Fitting (IPF)...
IPF converged at iteration 32
IPF row error: 64.657303, col error: 0.000000
Starting Iterative Proportional Fitting (IPF)...
IPF converged at iteration 32
IPF converged at iteration 32
IPF row error: 64.657303, col error: 0.000000
IPF row error: 64.657303, col error: 0.000000
Starting Iterative Proportional Fitting (IPF)...
Starting Iterative Proportional Fitting (IPF)...
IPF converged at iteration 32
IPF row error: 64.657303, col error: 0.000000
Starting Iterative Proportional Fitting (IPF)...
IPF converged at iteration 32
IPF row error: 64.657303, col error: 0.000000
Starting Iterative Proportional Fitting (IPF)...
IPF converged at iteration 32
IPF converged at iteration 32
IPF row error: 64.657303, col error: 0.000000
IPF row error: 64.657303, col error: 0.000000
Starting Iterative Proportional Fitting (IPF)...
Starting Iterative Proportional Fitting (IPF)...
IPF converged at iteration 32
IPF row error: 64.657303, col error: 0.000000
Starting Iterative Proportional Fitting (IPF)...
IPF converged at iteration 32
IPF row error: 64.657303, col error: 0.000000
Starting Iterative Proportional Fitting (IPF)...
IPF converged at iteration 32
IPF converged at iteration 32
IPF row error: 64.657303, col error: 0.000000
IPF row error: 64.657303, col error: 0.000000
Starting Iterative Proportional Fitting (IPF)...
Starting Iterative Proportional Fitting (IPF)...
IPF converged at iteration 32
IPF row error: 64.657303, col error: 0.000000
  [2023/test] 진행 300/1750 (17.1%) | 누적 CPC 0.6489 | RMSE 247.4272 | %RMSE 5.4904 | 경과 4.2분 | 예상 남음 20.2분
Starting Iterative Proportional Fitting (IPF)...
IPF converged at iteration 32
IPF row error: 64.370416, col error: 0.000000
Starting Iterative Proportional Fitting (IPF)...
IPF converged at iteration 32
IPF converged at iteration 32
IPF row error: 64.370416, col error: 0.000000
IPF row error: 64.370416, col error: 0.000000
Starting Iterative Proportional Fitting (IPF)...
Starting Iterative Proportional Fitting (IPF)...
IPF converged at iteration 32
IPF row error: 64.370416, col error: 0.000000
Starting Iterative Proportional Fitting (IPF)...
IPF converged at iteration 32
IPF row error: 64.370416, col error: 0.000000
Starting Iterative Proportional Fitting (IPF)...
IPF converged at iteration 32
IPF row error: 64.370416, col error: 0.000000
IPF converged at iteration 32
IPF row error: 64.370416, col error: 0.000000
Starting Iterative Proportional Fitting (IPF)...
Starting Iterative Proportional Fitting (IPF)...
IPF converged at iteration 32
IPF row error: 64.370416, col error: 0.000000
Starting Iterative Proportional Fitting (IPF)...
IPF converged at iteration 32
IPF row error: 64.370416, col error: 0.000000
IPF converged at iteration 32
IPF row error: 64.370416, col error: 0.000000
Starting Iterative Proportional Fitting (IPF)...
IPF converged at iteration 32
Starting Iterative Proportional Fitting (IPF)...
IPF row error: 64.370416, col error: 0.000000
IPF converged at iteration 32
Starting Iterative Proportional Fitting (IPF)...
IPF row error: 64.370416, col error: 0.000000
Starting Iterative Proportional Fitting (IPF)...
IPF converged at iteration 32
IPF row error: 64.370416, col error: 0.000000
IPF converged at iteration 32
IPF row error: 64.370416, col error: 0.000000
Starting Iterative Proportional Fitting (IPF)...
Starting Iterative Proportional Fitting (IPF)...
IPF converged at iteration 32
IPF row error: 64.370416, col error: 0.000000
IPF converged at iteration 32
Starting Iterative Proportional Fitting (IPF)...
IPF row error: 64.370416, col error: 0.000000
Starting Iterative Proportional Fitting (IPF)...
IPF converged at iteration 32
IPF row error: 64.370416, col error: 0.000000
IPF converged at iteration 32
IPF row error: 64.370416, col error: 0.000000
Starting Iterative Proportional Fitting (IPF)...
Starting Iterative Proportional Fitting (IPF)...
IPF converged at iteration 32
IPF row error: 64.370416, col error: 0.000000
IPF converged at iteration 32
IPF row error: 64.370416, col error: 0.000000
Starting Iterative Proportional Fitting (IPF)...
Starting Iterative Proportional Fitting (IPF)...
IPF converged at iteration 32
IPF converged at iteration 32
IPF row error: 64.370416, col error: 0.000000
IPF row error: 64.370416, col error: 0.000000
Starting Iterative Proportional Fitting (IPF)...
Starting Iterative Proportional Fitting (IPF)...
IPF converged at iteration 32
IPF row error: 64.370416, col error: 0.000000
IPF converged at iteration 32
IPF row error: 64.370416, col error: 0.000000
Starting Iterative Proportional Fitting (IPF)...
Starting Iterative Proportional Fitting (IPF)...
IPF converged at iteration 32
IPF row error: 64.370416, col error: 0.000000
IPF converged at iteration 32
IPF row error: 64.370416, col error: 0.000000
Starting Iterative Proportional Fitting (IPF)...
Starting Iterative Proportional Fitting (IPF)...
IPF converged at iteration 32
IPF converged at iteration 32
IPF row error: 64.370416, col error: 0.000000
IPF row error: 64.370416, col error: 0.000000
Starting Iterative Proportional Fitting (IPF)...
Starting Iterative Proportional Fitting (IPF)...
IPF converged at iteration 32
IPF row error: 64.370416, col error: 0.000000
IPF converged at iteration 32
IPF row error: 64.370416, col error: 0.000000
  [2023/test] 진행 330/1750 (18.9%) | 누적 CPC 0.6450 | RMSE 326.3643 | %RMSE 6.3219 | 경과 4.6분 | 예상 남음 20.0분
Starting Iterative Proportional Fitting (IPF)...
Starting Iterative Proportional Fitting (IPF)...
IPF converged at iteration 32
IPF converged at iteration 32
IPF row error: 64.370416, col error: 0.000000
IPF row error: 64.370416, col error: 0.000000
Starting Iterative Proportional Fitting (IPF)...
Starting Iterative Proportional Fitting (IPF)...
IPF converged at iteration 32
IPF row error: 64.370416, col error: 0.000000
IPF converged at iteration 32
IPF row error: 64.370416, col error: 0.000000
Starting Iterative Proportional Fitting (IPF)...
Starting Iterative Proportional Fitting (IPF)...
IPF converged at iteration 32
IPF converged at iteration 32
IPF row error: 64.370416, col error: 0.000000
IPF row error: 64.370416, col error: 0.000000
Starting Iterative Proportional Fitting (IPF)...
Starting Iterative Proportional Fitting (IPF)...
IPF converged at iteration 32
IPF row error: 64.370416, col error: 0.000000
IPF converged at iteration 32
Starting Iterative Proportional Fitting (IPF)...
IPF row error: 64.370416, col error: 0.000000
Starting Iterative Proportional Fitting (IPF)...
IPF converged at iteration 32
IPF converged at iteration 32
IPF row error: 64.370416, col error: 0.000000
IPF row error: 64.370416, col error: 0.000000
Starting Iterative Proportional Fitting (IPF)...
Starting Iterative Proportional Fitting (IPF)...
IPF converged at iteration 32
IPF row error: 64.370416, col error: 0.000000
Starting Iterative Proportional Fitting (IPF)...
IPF converged at iteration 32
IPF row error: 64.370416, col error: 0.000000
IPF converged at iteration 32
Starting Iterative Proportional Fitting (IPF)...
IPF row error: 64.370416, col error: 0.000000
Starting Iterative Proportional Fitting (IPF)...
IPF converged at iteration 32
IPF row error: 64.370416, col error: 0.000000
Starting Iterative Proportional Fitting (IPF)...
IPF converged at iteration 32
IPF row error: 64.370416, col error: 0.000000
Starting Iterative Proportional Fitting (IPF)...
IPF converged at iteration 32
IPF row error: 64.370416, col error: 0.000000
Starting Iterative Proportional Fitting (IPF)...
IPF converged at iteration 32
IPF row error: 64.370416, col error: 0.000000
IPF converged at iteration 32
Starting Iterative Proportional Fitting (IPF)...
IPF row error: 64.370416, col error: 0.000000
Starting Iterative Proportional Fitting (IPF)...
IPF converged at iteration 32
IPF row error: 64.370416, col error: 0.000000
Starting Iterative Proportional Fitting (IPF)...
IPF converged at iteration 32
IPF row error: 64.370416, col error: 0.000000
IPF converged at iteration 29
IPF row error: 84.959983, col error: 0.000000
Starting Iterative Proportional Fitting (IPF)...
IPF converged at iteration 28
IPF row error: 98.767555, col error: 0.000000
Starting Iterative Proportional Fitting (IPF)...
Starting Iterative Proportional Fitting (IPF)...
IPF converged at iteration 29
IPF row error: 95.148409, col error: 0.000000
Starting Iterative Proportional Fitting (IPF)...
IPF converged at iteration 32
IPF row error: 65.290807, col error: 0.000000
IPF converged at iteration 31
IPF row error: 71.606602, col error: 0.000000
Starting Iterative Proportional Fitting (IPF)...
IPF converged at iteration 32
IPF row error: 65.290807, col error: 0.000000
Starting Iterative Proportional Fitting (IPF)...
Starting Iterative Proportional Fitting (IPF)...
IPF converged at iteration 32
IPF row error: 65.290807, col error: 0.000000
Starting Iterative Proportional Fitting (IPF)...
IPF converged at iteration 29
IPF row error: 119.205548, col error: 0.000000
Starting Iterative Proportional Fitting (IPF)...
IPF converged at iteration 33
IPF row error: 54.256031, col error: 0.000000
IPF converged at iteration 32
IPF row error: 66.694162, col error: 0.000000
  [2023/test] 진행 360/1750 (20.6%) | 누적 CPC 0.6456 | RMSE 367.4313 | %RMSE 6.6968 | 경과 5.1분 | 예상 남음 19.7분
Starting Iterative Proportional Fitting (IPF)...
Starting Iterative Proportional Fitting (IPF)...
IPF converged at iteration 32
IPF row error: 65.290807, col error: 0.000000
Starting Iterative Proportional Fitting (IPF)...
IPF converged at iteration 33
IPF row error: 38.680656, col error: 0.000000
IPF converged at iteration 28
Starting Iterative Proportional Fitting (IPF)...
IPF row error: 87.886262, col error: 0.000000
Starting Iterative Proportional Fitting (IPF)...
IPF converged at iteration 32
IPF row error: 69.835733, col error: 0.000000
Starting Iterative Proportional Fitting (IPF)...
IPF converged at iteration 32
IPF row error: 64.825884, col error: 0.000000
IPF converged at iteration 30
IPF row error: 74.512525, col error: 0.000000
Starting Iterative Proportional Fitting (IPF)...
Starting Iterative Proportional Fitting (IPF)...
IPF converged at iteration 33
IPF row error: 49.660936, col error: 0.000000
Starting Iterative Proportional Fitting (IPF)...
IPF converged at iteration 27
IPF row error: 116.758152, col error: 0.000000
IPF converged at iteration 54
Starting Iterative Proportional Fitting (IPF)...
IPF row error: 1.270681, col error: 0.000000
IPF converged at iteration 30
IPF row error: 95.239441, col error: 0.000000
Starting Iterative Proportional Fitting (IPF)...
Starting Iterative Proportional Fitting (IPF)...
IPF converged at iteration 30
IPF row error: 149.885691, col error: 0.000000
Starting Iterative Proportional Fitting (IPF)...
IPF converged at iteration 31
IPF row error: 79.336128, col error: 0.000000
Starting Iterative Proportional Fitting (IPF)...
IPF converged at iteration 32
IPF row error: 74.426607, col error: 0.000000
IPF converged at iteration 32
IPF row error: 65.290807, col error: 0.000000
Starting Iterative Proportional Fitting (IPF)...
Starting Iterative Proportional Fitting (IPF)...
IPF converged at iteration 32
IPF row error: 65.290807, col error: 0.000000
Starting Iterative Proportional Fitting (IPF)...
IPF converged at iteration 30
IPF row error: 91.631430, col error: 0.000000
Starting Iterative Proportional Fitting (IPF)...
IPF converged at iteration 31
IPF row error: 72.604023, col error: 0.000000
IPF converged at iteration 32
IPF row error: 65.290807, col error: 0.000000
Starting Iterative Proportional Fitting (IPF)...
Starting Iterative Proportional Fitting (IPF)...
IPF converged at iteration 32
IPF row error: 65.290807, col error: 0.000000
Starting Iterative Proportional Fitting (IPF)...
IPF converged at iteration 28
IPF row error: 28.729255, col error: 0.000000
Starting Iterative Proportional Fitting (IPF)...
IPF converged at iteration 32
IPF row error: 65.290807, col error: 0.000000
IPF converged at iteration 30
IPF row error: 99.567729, col error: 0.000000
Starting Iterative Proportional Fitting (IPF)...
Starting Iterative Proportional Fitting (IPF)...
IPF converged at iteration 32
IPF row error: 65.290807, col error: 0.000000
Starting Iterative Proportional Fitting (IPF)...
IPF converged at iteration 32
IPF row error: 65.290807, col error: 0.000000
Starting Iterative Proportional Fitting (IPF)...
IPF converged at iteration 32
IPF converged at iteration 31
IPF row error: 65.290807, col error: 0.000000
IPF row error: 67.593850, col error: 0.000000
Starting Iterative Proportional Fitting (IPF)...
Starting Iterative Proportional Fitting (IPF)...
IPF converged at iteration 30
IPF row error: 81.173558, col error: 0.000000
Starting Iterative Proportional Fitting (IPF)...
IPF converged at iteration 32
IPF row error: 65.290807, col error: 0.000000
Starting Iterative Proportional Fitting (IPF)...
IPF converged at iteration 32
IPF converged at iteration 32
IPF row error: 65.290807, col error: 0.000000
IPF row error: 65.290807, col error: 0.000000
  [2023/test] 진행 390/1750 (22.3%) | 누적 CPC 0.6534 | RMSE 357.4721 | %RMSE 6.4413 | 경과 5.5분 | 예상 남음 19.2분
Starting Iterative Proportional Fitting (IPF)...Starting Iterative Proportional Fitting (IPF)...

IPF converged at iteration 32
IPF row error: 75.560127, col error: 0.000000
Starting Iterative Proportional Fitting (IPF)...
IPF converged at iteration 25
IPF row error: 210.290188, col error: 0.000000
IPF converged at iteration 32
IPF row error: 75.312273, col error: 0.000000
Starting Iterative Proportional Fitting (IPF)...
Starting Iterative Proportional Fitting (IPF)...
IPF converged at iteration 32
IPF row error: 65.290807, col error: 0.000000
Starting Iterative Proportional Fitting (IPF)...
IPF converged at iteration 32
IPF row error: 65.290807, col error: 0.000000
IPF converged at iteration 17
IPF row error: 29.261330, col error: 0.000000
Starting Iterative Proportional Fitting (IPF)...
Starting Iterative Proportional Fitting (IPF)...
IPF converged at iteration 31
IPF row error: 69.991379, col error: 0.000000
Starting Iterative Proportional Fitting (IPF)...
IPF converged at iteration 32
IPF row error: 65.290807, col error: 0.000000
Starting Iterative Proportional Fitting (IPF)...
IPF converged at iteration 32
IPF row error: 65.290807, col error: 0.000000
IPF converged at iteration 32
IPF row error: 65.290807, col error: 0.000000
Starting Iterative Proportional Fitting (IPF)...
Starting Iterative Proportional Fitting (IPF)...
IPF converged at iteration 32
IPF row error: 63.704470, col error: 0.000000
Starting Iterative Proportional Fitting (IPF)...
IPF converged at iteration 40
IPF row error: 11.006811, col error: 0.000000
Starting Iterative Proportional Fitting (IPF)...
IPF converged at iteration 32
IPF row error: 64.681872, col error: 0.000000
IPF converged at iteration 32
IPF row error: 64.681872, col error: 0.000000
Starting Iterative Proportional Fitting (IPF)...
Starting Iterative Proportional Fitting (IPF)...
IPF converged at iteration 32
IPF row error: 64.681872, col error: 0.000000
Starting Iterative Proportional Fitting (IPF)...
IPF converged at iteration 32
IPF row error: 64.681872, col error: 0.000000
IPF converged at iteration 28
Starting Iterative Proportional Fitting (IPF)...
IPF row error: 81.995153, col error: 0.000000
IPF converged at iteration 31
IPF row error: 83.095275, col error: 0.000000
Starting Iterative Proportional Fitting (IPF)...
Starting Iterative Proportional Fitting (IPF)...
IPF converged at iteration 32
IPF row error: 64.681872, col error: 0.000000
Starting Iterative Proportional Fitting (IPF)...
IPF converged at iteration 31
IPF row error: 81.905205, col error: 0.000000
Starting Iterative Proportional Fitting (IPF)...
IPF converged at iteration 32
IPF row error: 67.889494, col error: 0.000000
IPF converged at iteration 32
IPF row error: 64.681872, col error: 0.000000
Starting Iterative Proportional Fitting (IPF)...
Starting Iterative Proportional Fitting (IPF)...
IPF converged at iteration 32
IPF row error: 75.594156, col error: 0.000000
Starting Iterative Proportional Fitting (IPF)...
IPF converged at iteration 32
IPF row error: 64.681872, col error: 0.000000
IPF converged at iteration 30
Starting Iterative Proportional Fitting (IPF)...
IPF row error: 97.545532, col error: 0.000000
Starting Iterative Proportional Fitting (IPF)...
IPF converged at iteration 32
IPF row error: 64.681872, col error: 0.000000
Starting Iterative Proportional Fitting (IPF)...
IPF converged at iteration 31
IPF row error: 85.652068, col error: 0.000000
Starting Iterative Proportional Fitting (IPF)...
IPF converged at iteration 32
IPF row error: 64.681872, col error: 0.000000
IPF converged at iteration 32
Starting Iterative Proportional Fitting (IPF)...
IPF row error: 61.751858, col error: 0.000000
Starting Iterative Proportional Fitting (IPF)...
IPF converged at iteration 31
IPF row error: 85.072451, col error: 0.000000
  [2023/test] 진행 420/1750 (24.0%) | 누적 CPC 0.6571 | RMSE 351.1203 | %RMSE 6.2867 | 경과 5.9분 | 예상 남음 18.7분
Starting Iterative Proportional Fitting (IPF)...
IPF converged at iteration 32
IPF row error: 67.093627, col error: 0.000000
Starting Iterative Proportional Fitting (IPF)...
IPF converged at iteration 32
IPF row error: 64.681872, col error: 0.000000
Starting Iterative Proportional Fitting (IPF)...
IPF converged at iteration 32
IPF row error: 64.681872, col error: 0.000000
Starting Iterative Proportional Fitting (IPF)...
IPF converged at iteration 50
IPF converged at iteration 30
IPF row error: 5.368437, col error: 0.000000
IPF row error: 80.219859, col error: 0.000000
Starting Iterative Proportional Fitting (IPF)...
Starting Iterative Proportional Fitting (IPF)...
IPF converged at iteration 30
IPF row error: 99.962146, col error: 0.000000
Starting Iterative Proportional Fitting (IPF)...
IPF converged at iteration 32
IPF row error: 64.681872, col error: 0.000000
Starting Iterative Proportional Fitting (IPF)...
IPF converged at iteration 30
IPF row error: 92.273159, col error: 0.000000
IPF converged at iteration 32
IPF row error: 64.681872, col error: 0.000000
Starting Iterative Proportional Fitting (IPF)...
Starting Iterative Proportional Fitting (IPF)...
IPF converged at iteration 40
IPF row error: 12.615922, col error: 0.000000
IPF converged at iteration 32
IPF row error: 64.681872, col error: 0.000000
Starting Iterative Proportional Fitting (IPF)...
Starting Iterative Proportional Fitting (IPF)...
IPF converged at iteration 32
IPF row error: 64.681872, col error: 0.000000
IPF converged at iteration 32
IPF row error: 64.681872, col error: 0.000000
Starting Iterative Proportional Fitting (IPF)...
Starting Iterative Proportional Fitting (IPF)...
IPF converged at iteration 30
IPF row error: 147.468080, col error: 0.000000
Starting Iterative Proportional Fitting (IPF)...
IPF converged at iteration 40
IPF row error: 10.997433, col error: 0.000000
IPF converged at iteration 29
Starting Iterative Proportional Fitting (IPF)...
IPF row error: 99.453152, col error: 0.000000
Starting Iterative Proportional Fitting (IPF)...
IPF converged at iteration 32
IPF row error: 64.681872, col error: 0.000000
Starting Iterative Proportional Fitting (IPF)...
IPF converged at iteration 32
IPF row error: 64.681872, col error: 0.000000
Starting Iterative Proportional Fitting (IPF)...
IPF converged at iteration 32
IPF row error: 64.681872, col error: 0.000000
Starting Iterative Proportional Fitting (IPF)...
IPF converged at iteration 32
IPF row error: 64.681872, col error: 0.000000
Starting Iterative Proportional Fitting (IPF)...
IPF converged at iteration 32
IPF row error: 64.681872, col error: 0.000000
Starting Iterative Proportional Fitting (IPF)...
IPF converged at iteration 32
IPF row error: 64.681872, col error: 0.000000
Starting Iterative Proportional Fitting (IPF)...
IPF converged at iteration 32
IPF row error: 64.681872, col error: 0.000000
Starting Iterative Proportional Fitting (IPF)...
IPF converged at iteration 32
IPF row error: 64.681872, col error: 0.000000
Starting Iterative Proportional Fitting (IPF)...
IPF converged at iteration 29
IPF row error: 113.956431, col error: 0.000000
Starting Iterative Proportional Fitting (IPF)...
IPF converged at iteration 32
IPF row error: 59.867030, col error: 0.000000
Starting Iterative Proportional Fitting (IPF)...
IPF converged at iteration 32
IPF row error: 64.681872, col error: 0.000000
IPF converged at iteration 32
Starting Iterative Proportional Fitting (IPF)...
IPF row error: 64.681872, col error: 0.000000
IPF converged at iteration 29
IPF row error: 94.329004, col error: 0.000000
Starting Iterative Proportional Fitting (IPF)...
Starting Iterative Proportional Fitting (IPF)...
IPF converged at iteration 32
IPF row error: 64.681872, col error: 0.000000
  [2023/test] 진행 450/1750 (25.7%) | 누적 CPC 0.6593 | RMSE 346.3849 | %RMSE 6.1786 | 경과 6.4분 | 예상 남음 18.4분
Starting Iterative Proportional Fitting (IPF)...
IPF converged at iteration 32
IPF row error: 64.808156, col error: 0.000000
Starting Iterative Proportional Fitting (IPF)...
IPF converged at iteration 32
IPF row error: 64.808156, col error: 0.000000
IPF converged at iteration 32
IPF row error: 64.808156, col error: 0.000000
Starting Iterative Proportional Fitting (IPF)...
Starting Iterative Proportional Fitting (IPF)...
IPF converged at iteration 32
IPF row error: 64.808156, col error: 0.000000
IPF converged at iteration 31
IPF converged at iteration 30
IPF row error: 62.708397, col error: 0.000000
Starting Iterative Proportional Fitting (IPF)...
IPF row error: 110.923462, col error: 0.000000
Starting Iterative Proportional Fitting (IPF)...
Starting Iterative Proportional Fitting (IPF)...
IPF converged at iteration 48
IPF row error: 1.838407, col error: 0.000000
Starting Iterative Proportional Fitting (IPF)...
IPF converged at iteration 29
IPF row error: 197.888574, col error: 0.000000
Starting Iterative Proportional Fitting (IPF)...
IPF converged at iteration 31
IPF row error: 75.051484, col error: 0.000000
IPF converged at iteration 32
IPF row error: 64.808156, col error: 0.000000
Starting Iterative Proportional Fitting (IPF)...
Starting Iterative Proportional Fitting (IPF)...
IPF converged at iteration 32
IPF row error: 64.808156, col error: 0.000000
Starting Iterative Proportional Fitting (IPF)...
IPF converged at iteration 32
IPF row error: 64.808156, col error: 0.000000
Starting Iterative Proportional Fitting (IPF)...
IPF converged at iteration 32
IPF row error: 64.808156, col error: 0.000000
IPF converged at iteration 32
IPF row error: 64.808156, col error: 0.000000
Starting Iterative Proportional Fitting (IPF)...
Starting Iterative Proportional Fitting (IPF)...
IPF converged at iteration 32
IPF row error: 64.808156, col error: 0.000000
Starting Iterative Proportional Fitting (IPF)...
IPF converged at iteration 32
IPF row error: 64.808156, col error: 0.000000
Starting Iterative Proportional Fitting (IPF)...
IPF converged at iteration 27
IPF row error: 96.853032, col error: 0.000000
IPF converged at iteration 32
IPF row error: 63.111231, col error: 0.000000
Starting Iterative Proportional Fitting (IPF)...
Starting Iterative Proportional Fitting (IPF)...
IPF converged at iteration 32
IPF row error: 64.808156, col error: 0.000000
Starting Iterative Proportional Fitting (IPF)...
IPF converged at iteration 31
IPF converged at iteration 32
IPF row error: 82.416897, col error: 0.000000
IPF row error: 64.808156, col error: 0.000000
Starting Iterative Proportional Fitting (IPF)...
Starting Iterative Proportional Fitting (IPF)...
IPF converged at iteration 50
IPF row error: 5.353232, col error: 0.000000
IPF converged at iteration 32
IPF row error: 64.808156, col error: 0.000000
Starting Iterative Proportional Fitting (IPF)...
Starting Iterative Proportional Fitting (IPF)...
IPF converged at iteration 32
IPF row error: 64.808156, col error: 0.000000
IPF converged at iteration 32
IPF row error: 64.808156, col error: 0.000000
Starting Iterative Proportional Fitting (IPF)...
Starting Iterative Proportional Fitting (IPF)...
IPF converged at iteration 32
IPF row error: 64.808156, col error: 0.000000
IPF converged at iteration 32
IPF row error: 64.808156, col error: 0.000000
Starting Iterative Proportional Fitting (IPF)...
Starting Iterative Proportional Fitting (IPF)...
IPF converged at iteration 36
IPF row error: 29.449421, col error: 0.000000
Starting Iterative Proportional Fitting (IPF)...
IPF converged at iteration 32
IPF row error: 64.808156, col error: 0.000000
IPF converged at iteration 32
IPF row error: 62.641799, col error: 0.000000
  [2023/test] 진행 480/1750 (27.4%) | 누적 CPC 0.6599 | RMSE 337.8122 | %RMSE 6.1502 | 경과 6.8분 | 예상 남음 17.9분
Starting Iterative Proportional Fitting (IPF)...
Starting Iterative Proportional Fitting (IPF)...
IPF converged at iteration 50
IPF row error: 5.615389, col error: 0.000000
Starting Iterative Proportional Fitting (IPF)...
IPF converged at iteration 23
IPF row error: 64.629616, col error: 0.000000
Starting Iterative Proportional Fitting (IPF)...
IPF converged at iteration 29
IPF row error: 90.813966, col error: 0.000000
IPF converged at iteration 32
Starting Iterative Proportional Fitting (IPF)...
IPF row error: 64.808156, col error: 0.000000
Starting Iterative Proportional Fitting (IPF)...
IPF converged at iteration 29
IPF row error: 102.823920, col error: 0.000000
Starting Iterative Proportional Fitting (IPF)...
IPF converged at iteration 27
IPF row error: 115.593904, col error: 0.000000
Starting Iterative Proportional Fitting (IPF)...
IPF converged at iteration 32
IPF converged at iteration 29
IPF row error: 64.808156, col error: 0.000000
IPF row error: 101.841341, col error: 0.000000
Starting Iterative Proportional Fitting (IPF)...
Starting Iterative Proportional Fitting (IPF)...
IPF converged at iteration 32
IPF row error: 64.808156, col error: 0.000000
Starting Iterative Proportional Fitting (IPF)...
IPF converged at iteration 32
IPF row error: 62.543960, col error: 0.000000
Starting Iterative Proportional Fitting (IPF)...
IPF converged at iteration 32
IPF converged at iteration 32
IPF row error: 64.808156, col error: 0.000000
IPF row error: 64.808156, col error: 0.000000
Starting Iterative Proportional Fitting (IPF)...
Starting Iterative Proportional Fitting (IPF)...
IPF converged at iteration 32
IPF row error: 64.808156, col error: 0.000000
Starting Iterative Proportional Fitting (IPF)...
IPF converged at iteration 32
IPF row error: 64.808156, col error: 0.000000
Starting Iterative Proportional Fitting (IPF)...
IPF converged at iteration 28
IPF row error: 100.417214, col error: 0.000000
IPF converged at iteration 32
IPF row error: 64.808156, col error: 0.000000
Starting Iterative Proportional Fitting (IPF)...
Starting Iterative Proportional Fitting (IPF)...
IPF converged at iteration 34
IPF row error: 45.723369, col error: 0.000000
Starting Iterative Proportional Fitting (IPF)...
IPF converged at iteration 32
IPF row error: 64.808156, col error: 0.000000
Starting Iterative Proportional Fitting (IPF)...
IPF converged at iteration 32
IPF converged at iteration 32
IPF row error: 64.808156, col error: 0.000000
IPF row error: 64.808156, col error: 0.000000
Starting Iterative Proportional Fitting (IPF)...
Starting Iterative Proportional Fitting (IPF)...
IPF converged at iteration 32
IPF row error: 64.615059, col error: 0.000000
Starting Iterative Proportional Fitting (IPF)...
IPF converged at iteration 32
IPF row error: 64.615059, col error: 0.000000
Starting Iterative Proportional Fitting (IPF)...
IPF converged at iteration 32
IPF row error: 64.615059, col error: 0.000000
IPF converged at iteration 32
IPF row error: 64.615059, col error: 0.000000
Starting Iterative Proportional Fitting (IPF)...
Starting Iterative Proportional Fitting (IPF)...
IPF converged at iteration 32
IPF row error: 64.615059, col error: 0.000000
Starting Iterative Proportional Fitting (IPF)...
IPF converged at iteration 29
IPF row error: 172.102806, col error: 0.000000
Starting Iterative Proportional Fitting (IPF)...
IPF converged at iteration 27
IPF row error: 110.096900, col error: 0.000000
Starting Iterative Proportional Fitting (IPF)...
IPF converged at iteration 33
IPF row error: 58.680112, col error: 0.000000
Starting Iterative Proportional Fitting (IPF)...
IPF converged at iteration 30
IPF row error: 172.169624, col error: 0.000000
Starting Iterative Proportional Fitting (IPF)...
IPF converged at iteration 32
IPF row error: 64.615059, col error: 0.000000
  [2023/test] 진행 510/1750 (29.1%) | 누적 CPC 0.6558 | RMSE 330.2259 | %RMSE 6.1538 | 경과 7.2분 | 예상 남음 17.6분
Starting Iterative Proportional Fitting (IPF)...
IPF converged at iteration 35
IPF row error: 35.681163, col error: 0.000000
IPF converged at iteration 32
IPF row error: 64.615059, col error: 0.000000
Starting Iterative Proportional Fitting (IPF)...
Starting Iterative Proportional Fitting (IPF)...
IPF converged at iteration 29
IPF row error: 87.875434, col error: 0.000000
Starting Iterative Proportional Fitting (IPF)...
IPF converged at iteration 32
IPF row error: 71.068084, col error: 0.000000
Starting Iterative Proportional Fitting (IPF)...
IPF converged at iteration 31
IPF row error: 72.713507, col error: 0.000000
IPF converged at iteration 32
IPF row error: 61.823514, col error: 0.000000
Starting Iterative Proportional Fitting (IPF)...
Starting Iterative Proportional Fitting (IPF)...
IPF converged at iteration 32
IPF row error: 64.116601, col error: 0.000000
Starting Iterative Proportional Fitting (IPF)...
IPF converged at iteration 32
IPF row error: 64.615059, col error: 0.000000
Starting Iterative Proportional Fitting (IPF)...
IPF converged at iteration 30
IPF row error: 80.768178, col error: 0.000000
IPF converged at iteration 32
IPF row error: 64.615059, col error: 0.000000
Starting Iterative Proportional Fitting (IPF)...
Starting Iterative Proportional Fitting (IPF)...
IPF converged at iteration 31
IPF row error: 75.534842, col error: 0.000000
Starting Iterative Proportional Fitting (IPF)...
IPF converged at iteration 32
IPF row error: 58.404080, col error: 0.000000
Starting Iterative Proportional Fitting (IPF)...
IPF converged at iteration 32
IPF converged at iteration 31
IPF row error: 64.615059, col error: 0.000000
IPF row error: 74.442445, col error: 0.000000
IPF converged at iteration 28
Starting Iterative Proportional Fitting (IPF)...
IPF row error: 100.090443, col error: 0.000000
Starting Iterative Proportional Fitting (IPF)...
Starting Iterative Proportional Fitting (IPF)...
IPF converged at iteration 26
IPF row error: 158.390136, col error: 0.000000
Starting Iterative Proportional Fitting (IPF)...
IPF converged at iteration 32
IPF row error: 64.615059, col error: 0.000000
IPF converged at iteration 33
IPF row error: 61.257076, col error: 0.000000
IPF converged at iteration 32
IPF row error: 64.615059, col error: 0.000000
Starting Iterative Proportional Fitting (IPF)...
Starting Iterative Proportional Fitting (IPF)...
Starting Iterative Proportional Fitting (IPF)...
IPF converged at iteration 32
IPF row error: 64.615059, col error: 0.000000
IPF converged at iteration 49
IPF converged at iteration 32
IPF row error: 1.502528, col error: 0.000000
IPF row error: 64.615059, col error: 0.000000
Starting Iterative Proportional Fitting (IPF)...
IPF converged at iteration 33
IPF row error: 59.459358, col error: 0.000000
Starting Iterative Proportional Fitting (IPF)...
Starting Iterative Proportional Fitting (IPF)...
Starting Iterative Proportional Fitting (IPF)...
IPF converged at iteration 32
IPF row error: 64.615059, col error: 0.000000
IPF converged at iteration 32
IPF row error: 64.615059, col error: 0.000000
IPF converged at iteration 34
IPF row error: 40.919834, col error: 0.000000
Starting Iterative Proportional Fitting (IPF)...
IPF converged at iteration 32
IPF row error: 64.615059, col error: 0.000000
Starting Iterative Proportional Fitting (IPF)...
Starting Iterative Proportional Fitting (IPF)...
Starting Iterative Proportional Fitting (IPF)...
IPF converged at iteration 26
IPF row error: 170.056616, col error: 0.000000
IPF converged at iteration 25
IPF row error: 188.144730, col error: 0.000000
IPF converged at iteration 32
Starting Iterative Proportional Fitting (IPF)...
IPF row error: 64.615059, col error: 0.000000
  [2023/test] 진행 540/1750 (30.9%) | 누적 CPC 0.6435 | RMSE 323.3779 | %RMSE 6.2082 | 경과 7.7분 | 예상 남음 17.3분
IPF converged at iteration 30
Starting Iterative Proportional Fitting (IPF)...
IPF row error: 74.388653, col error: 0.000000
Starting Iterative Proportional Fitting (IPF)...
Starting Iterative Proportional Fitting (IPF)...
IPF converged at iteration 25
IPF row error: 179.838325, col error: 0.000000
IPF converged at iteration 25
Starting Iterative Proportional Fitting (IPF)...
IPF row error: 173.351984, col error: 0.000000
Starting Iterative Proportional Fitting (IPF)...
IPF converged at iteration 32
IPF row error: 64.615059, col error: 0.000000
IPF converged at iteration 32
IPF row error: 64.615059, col error: 0.000000
Starting Iterative Proportional Fitting (IPF)...
Starting Iterative Proportional Fitting (IPF)...
IPF converged at iteration 32
IPF row error: 64.615059, col error: 0.000000
Starting Iterative Proportional Fitting (IPF)...
IPF converged at iteration 32
IPF row error: 64.615059, col error: 0.000000
IPF converged at iteration 32
IPF row error: 64.615059, col error: 0.000000
Starting Iterative Proportional Fitting (IPF)...
Starting Iterative Proportional Fitting (IPF)...
IPF converged at iteration 48
IPF row error: 1.800891, col error: 0.000000
Starting Iterative Proportional Fitting (IPF)...
IPF converged at iteration 32
IPF row error: 64.372396, col error: 0.000000
IPF converged at iteration 32
IPF row error: 64.372396, col error: 0.000000
Starting Iterative Proportional Fitting (IPF)...
IPF converged at iteration 30
IPF row error: 70.748527, col error: 0.000000
Starting Iterative Proportional Fitting (IPF)...
Starting Iterative Proportional Fitting (IPF)...
IPF converged at iteration 55
IPF row error: 1.271417, col error: 0.000000
Starting Iterative Proportional Fitting (IPF)...
IPF converged at iteration 29
IPF row error: 100.588518, col error: 0.000000
Starting Iterative Proportional Fitting (IPF)...
IPF converged at iteration 32
IPF row error: 64.372396, col error: 0.000000
IPF converged at iteration 30
IPF row error: 88.645567, col error: 0.000000
Starting Iterative Proportional Fitting (IPF)...
Starting Iterative Proportional Fitting (IPF)...
IPF converged at iteration 32
IPF row error: 64.372396, col error: 0.000000
Starting Iterative Proportional Fitting (IPF)...
IPF converged at iteration 32
IPF row error: 64.372396, col error: 0.000000
Starting Iterative Proportional Fitting (IPF)...
IPF converged at iteration 32
IPF row error: 64.372396, col error: 0.000000
IPF converged at iteration 32
IPF row error: 64.372396, col error: 0.000000
Starting Iterative Proportional Fitting (IPF)...
Starting Iterative Proportional Fitting (IPF)...
IPF converged at iteration 32
IPF row error: 64.372396, col error: 0.000000
Starting Iterative Proportional Fitting (IPF)...
IPF converged at iteration 32
IPF row error: 64.372396, col error: 0.000000
IPF converged at iteration 33
IPF row error: 141.876679, col error: 0.000000
Starting Iterative Proportional Fitting (IPF)...
Starting Iterative Proportional Fitting (IPF)...
IPF converged at iteration 49
IPF row error: 5.877358, col error: 0.000000
IPF converged at iteration 32
Starting Iterative Proportional Fitting (IPF)...
IPF row error: 64.372396, col error: 0.000000
Starting Iterative Proportional Fitting (IPF)...
IPF converged at iteration 32
IPF row error: 112.795617, col error: 0.000000
IPF converged at iteration 30
IPF row error: 72.190961, col error: 0.000000
Starting Iterative Proportional Fitting (IPF)...
Starting Iterative Proportional Fitting (IPF)...
IPF converged at iteration 32
IPF row error: 64.372396, col error: 0.000000
IPF converged at iteration 32
Starting Iterative Proportional Fitting (IPF)...
IPF row error: 64.372396, col error: 0.000000
Starting Iterative Proportional Fitting (IPF)...
IPF converged at iteration 32
IPF row error: 66.128234, col error: 0.000000
  [2023/test] 진행 570/1750 (32.6%) | 누적 CPC 0.6413 | RMSE 316.8688 | %RMSE 6.1805 | 경과 8.1분 | 예상 남음 16.7분
IPF converged at iteration 32
IPF row error: 64.372396, col error: 0.000000
Starting Iterative Proportional Fitting (IPF)...
Starting Iterative Proportional Fitting (IPF)...
IPF converged at iteration 32
IPF row error: 64.372396, col error: 0.000000
IPF converged at iteration 33
Starting Iterative Proportional Fitting (IPF)...
IPF row error: 60.014013, col error: 0.000000
Starting Iterative Proportional Fitting (IPF)...
IPF converged at iteration 32
IPF row error: 64.372396, col error: 0.000000
IPF converged at iteration 32
IPF row error: 64.372396, col error: 0.000000
Starting Iterative Proportional Fitting (IPF)...
Starting Iterative Proportional Fitting (IPF)...
IPF converged at iteration 29
IPF row error: 129.847705, col error: 0.000000
Starting Iterative Proportional Fitting (IPF)...
IPF converged at iteration 32
IPF row error: 64.372396, col error: 0.000000
Starting Iterative Proportional Fitting (IPF)...
IPF converged at iteration 32
IPF converged at iteration 30
IPF row error: 64.372396, col error: 0.000000
IPF row error: 81.441850, col error: 0.000000
Starting Iterative Proportional Fitting (IPF)...
Starting Iterative Proportional Fitting (IPF)...
IPF converged at iteration 32
IPF row error: 64.372396, col error: 0.000000
Starting Iterative Proportional Fitting (IPF)...
IPF converged at iteration 32
IPF row error: 64.372396, col error: 0.000000
Starting Iterative Proportional Fitting (IPF)...
IPF converged at iteration 32
IPF converged at iteration 32
IPF row error: 64.372396, col error: 0.000000
IPF row error: 64.372396, col error: 0.000000
Starting Iterative Proportional Fitting (IPF)...
Starting Iterative Proportional Fitting (IPF)...
IPF converged at iteration 32
IPF row error: 64.372396, col error: 0.000000
Starting Iterative Proportional Fitting (IPF)...
IPF converged at iteration 30
IPF row error: 77.265718, col error: 0.000000
Starting Iterative Proportional Fitting (IPF)...
IPF converged at iteration 29
IPF row error: 99.474591, col error: 0.000000
IPF converged at iteration 32
IPF row error: 64.372396, col error: 0.000000
Starting Iterative Proportional Fitting (IPF)...
Starting Iterative Proportional Fitting (IPF)...
IPF converged at iteration 32
IPF row error: 64.372396, col error: 0.000000
Starting Iterative Proportional Fitting (IPF)...
IPF converged at iteration 32
IPF row error: 64.372396, col error: 0.000000
Starting Iterative Proportional Fitting (IPF)...
IPF converged at iteration 32
IPF row error: 66.578575, col error: 0.000000
IPF converged at iteration 32
IPF row error: 64.372396, col error: 0.000000
Starting Iterative Proportional Fitting (IPF)...
Starting Iterative Proportional Fitting (IPF)...
IPF converged at iteration 43
IPF row error: 5.794214, col error: 0.000000
Starting Iterative Proportional Fitting (IPF)...
IPF converged at iteration 54
IPF row error: 1.361467, col error: 0.000000
Starting Iterative Proportional Fitting (IPF)...IPF converged at iteration 32

IPF converged at iteration 33
IPF row error: 64.372396, col error: 0.000000
IPF row error: 59.498589, col error: 0.000000
Starting Iterative Proportional Fitting (IPF)...
Starting Iterative Proportional Fitting (IPF)...
IPF converged at iteration 29
IPF row error: 87.400392, col error: 0.000000
Starting Iterative Proportional Fitting (IPF)...
IPF converged at iteration 28
IPF row error: 97.320937, col error: 0.000000
Starting Iterative Proportional Fitting (IPF)...
IPF converged at iteration 29
IPF row error: 93.842819, col error: 0.000000
IPF converged at iteration 32
IPF row error: 64.372396, col error: 0.000000
Starting Iterative Proportional Fitting (IPF)...
Starting Iterative Proportional Fitting (IPF)...
IPF converged at iteration 31
IPF row error: 70.530507, col error: 0.000000
  [2023/test] 진행 600/1750 (34.3%) | 누적 CPC 0.6435 | RMSE 310.9303 | %RMSE 6.1216 | 경과 8.4분 | 예상 남음 16.2분
IPF converged at iteration 29
Starting Iterative Proportional Fitting (IPF)...
IPF row error: 117.378792, col error: 0.000000
Starting Iterative Proportional Fitting (IPF)...
IPF converged at iteration 28
IPF row error: 113.137390, col error: 0.000000
Starting Iterative Proportional Fitting (IPF)...
IPF converged at iteration 32
IPF row error: 64.657303, col error: 0.000000
Starting Iterative Proportional Fitting (IPF)...
IPF converged at iteration 32
IPF row error: 63.845782, col error: 0.000000
Starting Iterative Proportional Fitting (IPF)...
IPF converged at iteration 32
IPF row error: 64.657303, col error: 0.000000
IPF converged at iteration 24
IPF row error: 55.022900, col error: 0.000000
IPF converged at iteration 32
Starting Iterative Proportional Fitting (IPF)...
IPF row error: 62.898534, col error: 0.000000
Starting Iterative Proportional Fitting (IPF)...
Starting Iterative Proportional Fitting (IPF)...
IPF converged at iteration 32
IPF row error: 64.657303, col error: 0.000000
IPF converged at iteration 30
IPF row error: 81.904528, col error: 0.000000
Starting Iterative Proportional Fitting (IPF)...
IPF converged at iteration 32
IPF row error: 64.657303, col error: 0.000000
IPF converged at iteration 42
IPF row error: 7.251589, col error: 0.000000
Starting Iterative Proportional Fitting (IPF)...
Starting Iterative Proportional Fitting (IPF)...
Starting Iterative Proportional Fitting (IPF)...
IPF converged at iteration 32
IPF row error: 64.657303, col error: 0.000000
IPF converged at iteration 31
IPF row error: 175.311270, col error: 0.000000
Starting Iterative Proportional Fitting (IPF)...
IPF converged at iteration 33
Starting Iterative Proportional Fitting (IPF)...
IPF converged at iteration 32
IPF row error: 54.370232, col error: 0.000000
IPF row error: 60.632653, col error: 0.000000
Starting Iterative Proportional Fitting (IPF)...
Starting Iterative Proportional Fitting (IPF)...
IPF converged at iteration 32
IPF row error: 64.657303, col error: 0.000000
IPF converged at iteration 32
IPF row error: 64.657303, col error: 0.000000
Starting Iterative Proportional Fitting (IPF)...
Starting Iterative Proportional Fitting (IPF)...
IPF converged at iteration 32
IPF row error: 64.657303, col error: 0.000000
IPF converged at iteration 35
Starting Iterative Proportional Fitting (IPF)...
IPF row error: 42.242894, col error: 0.000000
Starting Iterative Proportional Fitting (IPF)...
IPF converged at iteration 32
IPF row error: 64.657303, col error: 0.000000
IPF converged at iteration 35
IPF converged at iteration 28
Starting Iterative Proportional Fitting (IPF)...
IPF row error: 39.360586, col error: 0.000000
IPF converged at iteration 32
IPF row error: 117.971524, col error: 0.000000
IPF row error: 64.657303, col error: 0.000000
Starting Iterative Proportional Fitting (IPF)...
Starting Iterative Proportional Fitting (IPF)...
Starting Iterative Proportional Fitting (IPF)...
IPF converged at iteration 31
IPF row error: 69.051361, col error: 0.000000
Starting Iterative Proportional Fitting (IPF)...
IPF converged at iteration 29
IPF converged at iteration 32
IPF row error: 105.427521, col error: 0.000000
IPF row error: 64.657303, col error: 0.000000
Starting Iterative Proportional Fitting (IPF)...
Starting Iterative Proportional Fitting (IPF)...
IPF converged at iteration 48
IPF row error: 1.649897, col error: 0.000000
Starting Iterative Proportional Fitting (IPF)...
IPF converged at iteration 28
IPF row error: 130.153299, col error: 0.000000
IPF converged at iteration 32
Starting Iterative Proportional Fitting (IPF)...
IPF row error: 64.657303, col error: 0.000000
Starting Iterative Proportional Fitting (IPF)...
IPF converged at iteration 45
IPF row error: 4.149634, col error: 0.000000
  [2023/test] 진행 630/1750 (36.0%) | 누적 CPC 0.6434 | RMSE 312.9124 | %RMSE 6.1589 | 경과 8.9분 | 예상 남음 15.8분
Starting Iterative Proportional Fitting (IPF)...
IPF converged at iteration 31
IPF row error: 65.072959, col error: 0.000000
Starting Iterative Proportional Fitting (IPF)...
IPF converged at iteration 28
IPF row error: 101.842850, col error: 0.000000
Starting Iterative Proportional Fitting (IPF)...
IPF converged at iteration 32
IPF row error: 64.657303, col error: 0.000000
Starting Iterative Proportional Fitting (IPF)...
IPF converged at iteration 29
IPF row error: 103.469976, col error: 0.000000
Starting Iterative Proportional Fitting (IPF)...
IPF converged at iteration 32
IPF row error: 64.657303, col error: 0.000000
Starting Iterative Proportional Fitting (IPF)...
IPF converged at iteration 31
IPF row error: 67.358021, col error: 0.000000
Starting Iterative Proportional Fitting (IPF)...
IPF converged at iteration 32
IPF row error: 64.657303, col error: 0.000000
Starting Iterative Proportional Fitting (IPF)...
IPF converged at iteration 32
IPF row error: 64.657303, col error: 0.000000
Starting Iterative Proportional Fitting (IPF)...
IPF converged at iteration 32
IPF row error: 64.657303, col error: 0.000000
Starting Iterative Proportional Fitting (IPF)...
IPF converged at iteration 32
IPF row error: 64.657303, col error: 0.000000
Starting Iterative Proportional Fitting (IPF)...
IPF converged at iteration 24
IPF row error: 56.018269, col error: 0.000000
IPF converged at iteration 32
IPF row error: 64.657303, col error: 0.000000
Starting Iterative Proportional Fitting (IPF)...
Starting Iterative Proportional Fitting (IPF)...
IPF converged at iteration 29
IPF row error: 86.249304, col error: 0.000000
Starting Iterative Proportional Fitting (IPF)...
IPF converged at iteration 49
IPF row error: 1.567593, col error: 0.000000
IPF converged at iteration 32
IPF row error: 64.657303, col error: 0.000000
Starting Iterative Proportional Fitting (IPF)...
Starting Iterative Proportional Fitting (IPF)...
IPF converged at iteration 36
IPF row error: 28.186401, col error: 0.000000
Starting Iterative Proportional Fitting (IPF)...
IPF converged at iteration 32
IPF row error: 64.657303, col error: 0.000000
Starting Iterative Proportional Fitting (IPF)...
IPF converged at iteration 32
IPF row error: 64.657303, col error: 0.000000
IPF converged at iteration 31
IPF row error: 82.693281, col error: 0.000000
Starting Iterative Proportional Fitting (IPF)...
Starting Iterative Proportional Fitting (IPF)...
IPF converged at iteration 31
IPF row error: 85.748815, col error: 0.000000
Starting Iterative Proportional Fitting (IPF)...
IPF converged at iteration 31
IPF row error: 74.045510, col error: 0.000000
Starting Iterative Proportional Fitting (IPF)...
IPF converged at iteration 32
IPF row error: 64.370416, col error: 0.000000
IPF converged at iteration 31
IPF row error: 60.461678, col error: 0.000000
Starting Iterative Proportional Fitting (IPF)...
Starting Iterative Proportional Fitting (IPF)...
IPF converged at iteration 32
IPF row error: 64.370416, col error: 0.000000
Starting Iterative Proportional Fitting (IPF)...
IPF converged at iteration 27
IPF row error: 31.066990, col error: 0.000000
Starting Iterative Proportional Fitting (IPF)...
IPF converged at iteration 32
IPF row error: 64.370416, col error: 0.000000
IPF converged at iteration 33
IPF row error: 63.029181, col error: 0.000000
Starting Iterative Proportional Fitting (IPF)...
Starting Iterative Proportional Fitting (IPF)...
IPF converged at iteration 32
IPF row error: 64.370416, col error: 0.000000
Starting Iterative Proportional Fitting (IPF)...
IPF converged at iteration 32
IPF row error: 64.370416, col error: 0.000000
Starting Iterative Proportional Fitting (IPF)...
IPF converged at iteration 28
IPF row error: 119.552052, col error: 0.000000
  [2023/test] 진행 660/1750 (37.7%) | 누적 CPC 0.6428 | RMSE 323.9510 | %RMSE 6.2787 | 경과 9.4분 | 예상 남음 15.5분
Starting Iterative Proportional Fitting (IPF)...
IPF converged at iteration 28
IPF row error: 97.327631, col error: 0.000000
IPF converged at iteration 43
Starting Iterative Proportional Fitting (IPF)...
IPF row error: 6.473112, col error: 0.000000
Starting Iterative Proportional Fitting (IPF)...
IPF converged at iteration 32
IPF row error: 64.370416, col error: 0.000000
Starting Iterative Proportional Fitting (IPF)...
IPF converged at iteration 28
IPF row error: 203.171668, col error: 0.000000
Starting Iterative Proportional Fitting (IPF)...
IPF converged at iteration 32
IPF row error: 64.370416, col error: 0.000000
IPF converged at iteration 32
IPF row error: 64.370416, col error: 0.000000
Starting Iterative Proportional Fitting (IPF)...
Starting Iterative Proportional Fitting (IPF)...
IPF converged at iteration 29
IPF row error: 95.078039, col error: 0.000000
Starting Iterative Proportional Fitting (IPF)...
IPF converged at iteration 32
IPF row error: 70.294294, col error: 0.000000
Starting Iterative Proportional Fitting (IPF)...
IPF converged at iteration 31
IPF row error: 72.849772, col error: 0.000000
IPF converged at iteration 32
IPF row error: 64.370416, col error: 0.000000
Starting Iterative Proportional Fitting (IPF)...
Starting Iterative Proportional Fitting (IPF)...
IPF converged at iteration 32
IPF row error: 83.539994, col error: 0.000000
Starting Iterative Proportional Fitting (IPF)...
IPF converged at iteration 33
IPF row error: 42.505770, col error: 0.000000
Starting Iterative Proportional Fitting (IPF)...
IPF converged at iteration 29
IPF row error: 88.606942, col error: 0.000000
IPF converged at iteration 32
IPF row error: 64.370416, col error: 0.000000
Starting Iterative Proportional Fitting (IPF)...
Starting Iterative Proportional Fitting (IPF)...
IPF converged at iteration 31
IPF row error: 70.263656, col error: 0.000000
Starting Iterative Proportional Fitting (IPF)...
IPF converged at iteration 32
IPF row error: 64.370416, col error: 0.000000
Starting Iterative Proportional Fitting (IPF)...
IPF converged at iteration 31
IPF converged at iteration 32
IPF row error: 76.716642, col error: 0.000000
IPF row error: 64.370416, col error: 0.000000
Starting Iterative Proportional Fitting (IPF)...
Starting Iterative Proportional Fitting (IPF)...
IPF converged at iteration 45
IPF row error: 4.090606, col error: 0.000000
Starting Iterative Proportional Fitting (IPF)...
IPF converged at iteration 32
IPF row error: 64.370416, col error: 0.000000
Starting Iterative Proportional Fitting (IPF)...
IPF converged at iteration 56
IPF converged at iteration 46
IPF row error: 1.238779, col error: 0.000000
IPF row error: 2.995488, col error: 0.000000
Starting Iterative Proportional Fitting (IPF)...
Starting Iterative Proportional Fitting (IPF)...
IPF converged at iteration 29
IPF row error: 85.037845, col error: 0.000000
Starting Iterative Proportional Fitting (IPF)...
IPF converged at iteration 29
IPF row error: 95.650045, col error: 0.000000
Starting Iterative Proportional Fitting (IPF)...
IPF converged at iteration 32
IPF row error: 72.256150, col error: 0.000000
Starting Iterative Proportional Fitting (IPF)...
IPF converged at iteration 40
IPF row error: 12.045522, col error: 0.000000
IPF converged at iteration 32
IPF row error: 76.722768, col error: 0.000000
Starting Iterative Proportional Fitting (IPF)...
Starting Iterative Proportional Fitting (IPF)...
IPF converged at iteration 36
IPF row error: 28.295553, col error: 0.000000
Starting Iterative Proportional Fitting (IPF)...
IPF converged at iteration 32
IPF row error: 64.370416, col error: 0.000000
Starting Iterative Proportional Fitting (IPF)...
IPF converged at iteration 32
IPF row error: 64.370416, col error: 0.000000
  [2023/test] 진행 690/1750 (39.4%) | 누적 CPC 0.6416 | RMSE 350.6698 | %RMSE 6.5394 | 경과 9.8분 | 예상 남음 15.1분
Starting Iterative Proportional Fitting (IPF)...
IPF converged at iteration 27
IPF row error: 108.051135, col error: 0.000000
Starting Iterative Proportional Fitting (IPF)...
IPF converged at iteration 50
IPF row error: 1.237470, col error: 0.000000
Starting Iterative Proportional Fitting (IPF)...
IPF converged at iteration 32
IPF row error: 64.370416, col error: 0.000000
Starting Iterative Proportional Fitting (IPF)...
IPF converged at iteration 28
IPF row error: 143.052564, col error: 0.000000
Starting Iterative Proportional Fitting (IPF)...
IPF converged at iteration 30
IPF row error: 141.267150, col error: 0.000000
Starting Iterative Proportional Fitting (IPF)...
IPF converged at iteration 32
IPF row error: 64.370416, col error: 0.000000
Starting Iterative Proportional Fitting (IPF)...
IPF converged at iteration 32
IPF row error: 64.370416, col error: 0.000000
IPF converged at iteration 25
IPF row error: 144.888248, col error: 0.000000
Starting Iterative Proportional Fitting (IPF)...
Starting Iterative Proportional Fitting (IPF)...
IPF converged at iteration 55
IPF row error: 1.226826, col error: 0.000000
IPF converged at iteration 32
IPF row error: 64.370416, col error: 0.000000
Starting Iterative Proportional Fitting (IPF)...
Starting Iterative Proportional Fitting (IPF)...
IPF converged at iteration 42
IPF row error: 6.352554, col error: 0.000000
IPF converged at iteration 44
IPF row error: 4.231810, col error: 0.000000
Starting Iterative Proportional Fitting (IPF)...
Starting Iterative Proportional Fitting (IPF)...
IPF converged at iteration 31
IPF row error: 77.835040, col error: 0.000000
Starting Iterative Proportional Fitting (IPF)...
IPF converged at iteration 42
IPF row error: 6.286767, col error: 0.000000
Starting Iterative Proportional Fitting (IPF)...
IPF converged at iteration 32
IPF row error: 63.437461, col error: 0.000000
Starting Iterative Proportional Fitting (IPF)...
IPF converged at iteration 45
IPF row error: 3.250367, col error: 0.000000
Starting Iterative Proportional Fitting (IPF)...
IPF converged at iteration 42
IPF row error: 6.304223, col error: 0.000000
IPF converged at iteration 37
Starting Iterative Proportional Fitting (IPF)...
IPF row error: 22.251055, col error: 0.000000
Starting Iterative Proportional Fitting (IPF)...
IPF converged at iteration 28
IPF row error: 117.092263, col error: 0.000000
Starting Iterative Proportional Fitting (IPF)...
IPF converged at iteration 45
IPF row error: 3.238158, col error: 0.000000
Starting Iterative Proportional Fitting (IPF)...
IPF converged at iteration 42
IPF row error: 6.326420, col error: 0.000000
Starting Iterative Proportional Fitting (IPF)...
IPF converged at iteration 26
IPF row error: 144.290610, col error: 0.000000
IPF converged at iteration 53
IPF row error: 1.357498, col error: 0.000000
Starting Iterative Proportional Fitting (IPF)...
Starting Iterative Proportional Fitting (IPF)...
IPF converged at iteration 42
IPF row error: 6.342595, col error: 0.000000
Starting Iterative Proportional Fitting (IPF)...
IPF converged at iteration 42
IPF row error: 6.372834, col error: 0.000000
IPF converged at iteration 28
IPF row error: 140.714673, col error: 0.000000
Starting Iterative Proportional Fitting (IPF)...
Starting Iterative Proportional Fitting (IPF)...
IPF converged at iteration 42
IPF row error: 6.352554, col error: 0.000000
Starting Iterative Proportional Fitting (IPF)...
IPF converged at iteration 42
IPF row error: 6.322933, col error: 0.000000
Starting Iterative Proportional Fitting (IPF)...
IPF converged at iteration 30
IPF row error: 85.678566, col error: 0.000000
Starting Iterative Proportional Fitting (IPF)...
IPF converged at iteration 42
IPF row error: 6.288134, col error: 0.000000
  [2023/test] 진행 720/1750 (41.1%) | 누적 CPC 0.6314 | RMSE 392.6823 | %RMSE 6.8485 | 경과 10.3분 | 예상 남음 14.7분
Starting Iterative Proportional Fitting (IPF)...
IPF converged at iteration 30
IPF row error: 79.006765, col error: 0.000000
IPF converged at iteration 42
IPF row error: 6.304223, col error: 0.000000
Starting Iterative Proportional Fitting (IPF)...
Starting Iterative Proportional Fitting (IPF)...
IPF converged at iteration 32
IPF row error: 63.462626, col error: 0.000000
Starting Iterative Proportional Fitting (IPF)...
IPF converged at iteration 28
IPF row error: 102.627499, col error: 0.000000
Starting Iterative Proportional Fitting (IPF)...
IPF converged at iteration 45
IPF row error: 3.238158, col error: 0.000000
Starting Iterative Proportional Fitting (IPF)...
IPF converged at iteration 30
IPF row error: 80.596861, col error: 0.000000
Starting Iterative Proportional Fitting (IPF)...
IPF converged at iteration 45
IPF row error: 3.243327, col error: 0.000000
Starting Iterative Proportional Fitting (IPF)...
IPF converged at iteration 28
IPF row error: 31.660720, col error: 0.000000
IPF converged at iteration 45
Starting Iterative Proportional Fitting (IPF)...
IPF row error: 3.247963, col error: 0.000000
Starting Iterative Proportional Fitting (IPF)...
IPF converged at iteration 42
IPF row error: 6.384030, col error: 0.000000
Starting Iterative Proportional Fitting (IPF)...
IPF converged at iteration 42
IPF row error: 6.324535, col error: 0.000000
Starting Iterative Proportional Fitting (IPF)...
IPF converged at iteration 42
IPF row error: 6.315358, col error: 0.000000
IPF converged at iteration 42
Starting Iterative Proportional Fitting (IPF)...
IPF row error: 6.288134, col error: 0.000000
Starting Iterative Proportional Fitting (IPF)...
IPF converged at iteration 42
IPF row error: 6.352554, col error: 0.000000
IPF converged at iteration 30
IPF row error: 80.739597, col error: 0.000000
Starting Iterative Proportional Fitting (IPF)...
Starting Iterative Proportional Fitting (IPF)...
IPF converged at iteration 29
IPF row error: 80.589699, col error: 0.000000
Starting Iterative Proportional Fitting (IPF)...
IPF converged at iteration 29
IPF row error: 103.184816, col error: 0.000000
IPF converged at iteration 42
IPF row error: 6.353575, col error: 0.000000
Starting Iterative Proportional Fitting (IPF)...
Starting Iterative Proportional Fitting (IPF)...
IPF converged at iteration 53
IPF row error: 1.374938, col error: 0.000000
Starting Iterative Proportional Fitting (IPF)...
IPF converged at iteration 42
IPF row error: 6.315358, col error: 0.000000
Starting Iterative Proportional Fitting (IPF)...
IPF converged at iteration 42
IPF row error: 6.239229, col error: 0.000000
IPF converged at iteration 42
IPF row error: 6.286767, col error: 0.000000
Starting Iterative Proportional Fitting (IPF)...
Starting Iterative Proportional Fitting (IPF)...
IPF converged at iteration 42
IPF row error: 6.353575, col error: 0.000000
Starting Iterative Proportional Fitting (IPF)...
IPF converged at iteration 30
IPF converged at iteration 29
IPF row error: 76.795029, col error: 0.000000
IPF row error: 91.600304, col error: 0.000000
IPF converged at iteration 42
IPF row error: 6.304223, col error: 0.000000
Starting Iterative Proportional Fitting (IPF)...
Starting Iterative Proportional Fitting (IPF)...
Starting Iterative Proportional Fitting (IPF)...
IPF converged at iteration 45
IPF row error: 3.247963, col error: 0.000000
IPF converged at iteration 33
IPF row error: 55.860660, col error: 0.000000
Starting Iterative Proportional Fitting (IPF)...
Starting Iterative Proportional Fitting (IPF)...
IPF converged at iteration 42
IPF row error: 6.372834, col error: 0.000000
IPF converged at iteration 42
IPF row error: 6.311617, col error: 0.000000
  [2023/test] 진행 750/1750 (42.9%) | 누적 CPC 0.6178 | RMSE 440.3801 | %RMSE 7.1771 | 경과 10.7분 | 예상 남음 14.3분
Starting Iterative Proportional Fitting (IPF)...
Starting Iterative Proportional Fitting (IPF)...
IPF converged at iteration 25
IPF row error: 52.898328, col error: 0.000000
Starting Iterative Proportional Fitting (IPF)...
IPF converged at iteration 29
IPF row error: 97.020886, col error: 0.000000
IPF converged at iteration 41
IPF row error: 9.027607, col error: 0.000000
Starting Iterative Proportional Fitting (IPF)...
Starting Iterative Proportional Fitting (IPF)...
IPF converged at iteration 46
IPF row error: 2.597400, col error: 0.000000
Starting Iterative Proportional Fitting (IPF)...
IPF converged at iteration 31
IPF row error: 79.783423, col error: 0.000000
IPF converged at iteration 52
IPF row error: 1.429981, col error: 0.000000
Starting Iterative Proportional Fitting (IPF)...
Starting Iterative Proportional Fitting (IPF)...
IPF converged at iteration 46
IPF row error: 2.591066, col error: 0.000000
Starting Iterative Proportional Fitting (IPF)...
IPF converged at iteration 46
IPF row error: 2.600206, col error: 0.000000
Starting Iterative Proportional Fitting (IPF)...
IPF converged at iteration 31
IPF row error: 78.842608, col error: 0.000000
Starting Iterative Proportional Fitting (IPF)...
IPF converged at iteration 46
IPF row error: 2.596797, col error: 0.000000
Starting Iterative Proportional Fitting (IPF)...
IPF converged at iteration 46
IPF row error: 3.048654, col error: 0.000000
IPF converged at iteration 28
IPF row error: 108.062213, col error: 0.000000
Starting Iterative Proportional Fitting (IPF)...
Starting Iterative Proportional Fitting (IPF)...
IPF converged at iteration 46
IPF row error: 2.596797, col error: 0.000000
Starting Iterative Proportional Fitting (IPF)...
IPF converged at iteration 31
IPF row error: 82.034271, col error: 0.000000
Starting Iterative Proportional Fitting (IPF)...
IPF converged at iteration 28
IPF row error: 96.532859, col error: 0.000000
Starting Iterative Proportional Fitting (IPF)...
IPF converged at iteration 32
IPF row error: 159.240895, col error: 0.000000
Starting Iterative Proportional Fitting (IPF)...
IPF converged at iteration 46
IPF row error: 2.601639, col error: 0.000000
Starting Iterative Proportional Fitting (IPF)...
IPF converged at iteration 41
IPF row error: 8.865640, col error: 0.000000
Starting Iterative Proportional Fitting (IPF)...
IPF converged at iteration 46
IPF row error: 2.597400, col error: 0.000000
Starting Iterative Proportional Fitting (IPF)...
IPF converged at iteration 46
IPF row error: 2.594099, col error: 0.000000
Starting Iterative Proportional Fitting (IPF)...
IPF converged at iteration 28
IPF row error: 96.548740, col error: 0.000000
Starting Iterative Proportional Fitting (IPF)...
IPF converged at iteration 46
IPF row error: 2.605124, col error: 0.000000
Starting Iterative Proportional Fitting (IPF)...
IPF converged at iteration 33
IPF row error: 37.503273, col error: 0.000000
IPF converged at iteration 30
IPF converged at iteration 46
IPF row error: 109.244722, col error: 0.000000
Starting Iterative Proportional Fitting (IPF)...
IPF row error: 2.604235, col error: 0.000000
Starting Iterative Proportional Fitting (IPF)...
Starting Iterative Proportional Fitting (IPF)...
IPF converged at iteration 29
IPF converged at iteration 29
IPF row error: 87.373961, col error: 0.000000
IPF row error: 102.279583, col error: 0.000000
Starting Iterative Proportional Fitting (IPF)...
Starting Iterative Proportional Fitting (IPF)...
IPF converged at iteration 46
IPF row error: 2.589994, col error: 0.000000
Starting Iterative Proportional Fitting (IPF)...
IPF converged at iteration 50
IPF row error: 1.434667, col error: 0.000000
Starting Iterative Proportional Fitting (IPF)...
IPF converged at iteration 29
IPF converged at iteration 29
IPF row error: 96.283953, col error: 0.000000
IPF row error: 96.442443, col error: 0.000000
  [2023/test] 진행 780/1750 (44.6%) | 누적 CPC 0.6034 | RMSE 464.2067 | %RMSE 7.3688 | 경과 11.3분 | 예상 남음 14.1분
Starting Iterative Proportional Fitting (IPF)...
Starting Iterative Proportional Fitting (IPF)...
IPF converged at iteration 46
IPF row error: 2.566982, col error: 0.000000
Starting Iterative Proportional Fitting (IPF)...
IPF converged at iteration 42
IPF converged at iteration 28
IPF row error: 6.511775, col error: 0.000000
IPF row error: 121.461644, col error: 0.000000
IPF converged at iteration 31
IPF row error: 79.048914, col error: 0.000000
Starting Iterative Proportional Fitting (IPF)...
Starting Iterative Proportional Fitting (IPF)...
Starting Iterative Proportional Fitting (IPF)...
IPF converged at iteration 29
IPF row error: 145.162109, col error: 0.000000
IPF converged at iteration 30
IPF row error: 89.361387, col error: 0.000000
Starting Iterative Proportional Fitting (IPF)...
Starting Iterative Proportional Fitting (IPF)...
IPF converged at iteration 46
IPF row error: 2.594491, col error: 0.000000
Starting Iterative Proportional Fitting (IPF)...
IPF converged at iteration 51
IPF row error: 1.213953, col error: 0.000000
Starting Iterative Proportional Fitting (IPF)...
IPF converged at iteration 28
IPF row error: 109.540690, col error: 0.000000
Starting Iterative Proportional Fitting (IPF)...
IPF converged at iteration 31
IPF row error: 172.034024, col error: 0.000000
Starting Iterative Proportional Fitting (IPF)...
IPF converged at iteration 27
IPF row error: 74.394881, col error: 0.000000
IPF converged at iteration 46
Starting Iterative Proportional Fitting (IPF)...
IPF row error: 2.600115, col error: 0.000000
Starting Iterative Proportional Fitting (IPF)...
IPF converged at iteration 29
IPF row error: 120.643399, col error: 0.000000
Starting Iterative Proportional Fitting (IPF)...
IPF converged at iteration 46
IPF row error: 2.605124, col error: 0.000000
Starting Iterative Proportional Fitting (IPF)...
IPF converged at iteration 46
IPF row error: 2.591066, col error: 0.000000
IPF converged at iteration 52
IPF row error: 1.429981, col error: 0.000000
Starting Iterative Proportional Fitting (IPF)...
IPF converged at iteration 46
Starting Iterative Proportional Fitting (IPF)...
IPF row error: 2.594099, col error: 0.000000
Starting Iterative Proportional Fitting (IPF)...
IPF converged at iteration 50
IPF converged at iteration 25
IPF row error: 5.142770, col error: 0.000000
IPF row error: 193.813350, col error: 0.000000
Starting Iterative Proportional Fitting (IPF)...
Starting Iterative Proportional Fitting (IPF)...
IPF converged at iteration 46
IPF row error: 2.600115, col error: 0.000000
Starting Iterative Proportional Fitting (IPF)...
IPF converged at iteration 46
IPF row error: 3.015193, col error: 0.000000
Starting Iterative Proportional Fitting (IPF)...
IPF converged at iteration 25
IPF row error: 191.041931, col error: 0.000000
Starting Iterative Proportional Fitting (IPF)...
IPF converged at iteration 50
IPF converged at iteration 50
IPF row error: 1.232186, col error: 0.000000
IPF row error: 1.423029, col error: 0.000000
IPF converged at iteration 27
IPF row error: 139.153454, col error: 0.000000
Starting Iterative Proportional Fitting (IPF)...
Starting Iterative Proportional Fitting (IPF)...
Starting Iterative Proportional Fitting (IPF)...
IPF converged at iteration 30
IPF row error: 79.087390, col error: 0.000000
Starting Iterative Proportional Fitting (IPF)...
IPF converged at iteration 50
IPF row error: 1.217360, col error: 0.000000
IPF converged at iteration 49
Starting Iterative Proportional Fitting (IPF)...
IPF row error: 1.708433, col error: 0.000000
IPF converged at iteration 50
IPF row error: 1.204760, col error: 0.000000
  [2023/test] 진행 810/1750 (46.3%) | 누적 CPC 0.5903 | RMSE 481.9683 | %RMSE 7.5714 | 경과 11.8분 | 예상 남음 13.7분
Starting Iterative Proportional Fitting (IPF)...
Starting Iterative Proportional Fitting (IPF)...
IPF converged at iteration 30
IPF row error: 214.513131, col error: 0.000000
IPF converged at iteration 46
IPF row error: 2.887892, col error: 0.000000
Starting Iterative Proportional Fitting (IPF)...
Starting Iterative Proportional Fitting (IPF)...
IPF converged at iteration 31
IPF converged at iteration 32
IPF row error: 211.132350, col error: 0.000000
IPF row error: 14.090432, col error: 0.000000
Starting Iterative Proportional Fitting (IPF)...
Starting Iterative Proportional Fitting (IPF)...
IPF converged at iteration 26
IPF row error: 46.299435, col error: 0.000000
Starting Iterative Proportional Fitting (IPF)...
IPF converged at iteration 30
IPF row error: 78.510124, col error: 0.000000
Starting Iterative Proportional Fitting (IPF)...
IPF converged at iteration 50
IPF row error: 1.220160, col error: 0.000000
Starting Iterative Proportional Fitting (IPF)...
IPF converged at iteration 50
IPF row error: 1.226990, col error: 0.000000
Starting Iterative Proportional Fitting (IPF)...
IPF converged at iteration 55
IPF row error: 1.258449, col error: 0.000000
Starting Iterative Proportional Fitting (IPF)...
IPF converged at iteration 50
IPF converged at iteration 30
IPF row error: 1.232186, col error: 0.000000
IPF row error: 87.332411, col error: 0.000000
Starting Iterative Proportional Fitting (IPF)...
Starting Iterative Proportional Fitting (IPF)...
IPF converged at iteration 46
IPF row error: 2.907420, col error: 0.000000
Starting Iterative Proportional Fitting (IPF)...
IPF converged at iteration 32
IPF row error: 68.662081, col error: 0.000000
Starting Iterative Proportional Fitting (IPF)...
IPF converged at iteration 31
IPF row error: 79.988998, col error: 0.000000
IPF converged at iteration 32
IPF row error: 69.250693, col error: 0.000000
Starting Iterative Proportional Fitting (IPF)...
Starting Iterative Proportional Fitting (IPF)...
IPF converged at iteration 50
IPF row error: 1.226990, col error: 0.000000
Starting Iterative Proportional Fitting (IPF)...
IPF converged at iteration 27
IPF row error: 118.269737, col error: 0.000000
IPF converged at iteration 31
Starting Iterative Proportional Fitting (IPF)...
IPF row error: 83.491244, col error: 0.000000
Starting Iterative Proportional Fitting (IPF)...
IPF converged at iteration 55
IPF row error: 1.237148, col error: 0.000000
Starting Iterative Proportional Fitting (IPF)...
IPF converged at iteration 46
IPF row error: 2.891639, col error: 0.000000
Starting Iterative Proportional Fitting (IPF)...
IPF converged at iteration 55
IPF row error: 1.249311, col error: 0.000000
IPF converged at iteration 31
IPF row error: 87.428369, col error: 0.000000
IPF converged at iteration 54
IPF row error: 1.281006, col error: 0.000000
Starting Iterative Proportional Fitting (IPF)...
Starting Iterative Proportional Fitting (IPF)...
Starting Iterative Proportional Fitting (IPF)...
IPF converged at iteration 23
IPF row error: 89.154926, col error: 0.000000
Starting Iterative Proportional Fitting (IPF)...
IPF converged at iteration 50
IPF row error: 1.204760, col error: 0.000000
Starting Iterative Proportional Fitting (IPF)...
IPF converged at iteration 50
IPF row error: 1.419857, col error: 0.000000
IPF converged at iteration 50
IPF row error: 1.232186, col error: 0.000000
Starting Iterative Proportional Fitting (IPF)...
Starting Iterative Proportional Fitting (IPF)...
IPF converged at iteration 28
IPF row error: 128.315094, col error: 0.000000
Starting Iterative Proportional Fitting (IPF)...
IPF converged at iteration 32
IPF row error: 71.742961, col error: 0.000000
Starting Iterative Proportional Fitting (IPF)...
IPF converged at iteration 28
IPF row error: 129.650121, col error: 0.000000
  [2023/test] 진행 840/1750 (48.0%) | 누적 CPC 0.5797 | RMSE 489.3246 | %RMSE 7.7937 | 경과 12.4분 | 예상 남음 13.4분
Starting Iterative Proportional Fitting (IPF)...
IPF converged at iteration 46
IPF row error: 3.015193, col error: 0.000000
Starting Iterative Proportional Fitting (IPF)...
IPF converged at iteration 29
IPF row error: 118.494071, col error: 0.000000
Starting Iterative Proportional Fitting (IPF)...
IPF converged at iteration 50
IPF row error: 1.226990, col error: 0.000000
Starting Iterative Proportional Fitting (IPF)...
IPF converged at iteration 50
IPF row error: 1.233986, col error: 0.000000
Starting Iterative Proportional Fitting (IPF)...
IPF converged at iteration 31
IPF row error: 67.651659, col error: 0.000000
Starting Iterative Proportional Fitting (IPF)...
IPF converged at iteration 50
IPF row error: 1.226944, col error: 0.000000
Starting Iterative Proportional Fitting (IPF)...
IPF converged at iteration 55
IPF row error: 1.261614, col error: 0.000000
Starting Iterative Proportional Fitting (IPF)...
IPF converged at iteration 50
IPF row error: 1.423029, col error: 0.000000
Starting Iterative Proportional Fitting (IPF)...
IPF converged at iteration 55
IPF row error: 1.261614, col error: 0.000000
IPF converged at iteration 50
IPF row error: 1.217360, col error: 0.000000
Starting Iterative Proportional Fitting (IPF)...
Starting Iterative Proportional Fitting (IPF)...
IPF converged at iteration 52
IPF row error: 1.308455, col error: 0.000000
Starting Iterative Proportional Fitting (IPF)...
IPF converged at iteration 31
IPF converged at iteration 30
IPF row error: 74.502408, col error: 0.000000
IPF row error: 84.043241, col error: 0.000000
Starting Iterative Proportional Fitting (IPF)...
Starting Iterative Proportional Fitting (IPF)...
IPF converged at iteration 54
IPF row error: 1.248293, col error: 0.000000
Starting Iterative Proportional Fitting (IPF)...
IPF converged at iteration 50
IPF converged at iteration 30
IPF row error: 5.562922, col error: 0.000000
IPF row error: 91.496625, col error: 0.000000
Starting Iterative Proportional Fitting (IPF)...
Starting Iterative Proportional Fitting (IPF)...
IPF converged at iteration 29
IPF row error: 79.348736, col error: 0.000000
Starting Iterative Proportional Fitting (IPF)...
IPF converged at iteration 48
IPF row error: 1.800408, col error: 0.000000
Starting Iterative Proportional Fitting (IPF)...
IPF converged at iteration 32
IPF row error: 74.155488, col error: 0.000000
IPF converged at iteration 28
IPF row error: 105.483550, col error: 0.000000
Starting Iterative Proportional Fitting (IPF)...
Starting Iterative Proportional Fitting (IPF)...
IPF converged at iteration 28
IPF row error: 104.613563, col error: 0.000000
Starting Iterative Proportional Fitting (IPF)...
IPF converged at iteration 56
IPF row error: 1.421150, col error: 0.000000
Starting Iterative Proportional Fitting (IPF)...
IPF converged at iteration 34
IPF row error: 41.148326, col error: 0.000000
Starting Iterative Proportional Fitting (IPF)...
IPF converged at iteration 29
IPF row error: 117.529690, col error: 0.000000
Starting Iterative Proportional Fitting (IPF)...
IPF converged at iteration 26
IPF row error: 131.333145, col error: 0.000000
IPF converged at iteration 52
Starting Iterative Proportional Fitting (IPF)...IPF row error: 1.294516, col error: 0.000000

Starting Iterative Proportional Fitting (IPF)...
IPF converged at iteration 31
IPF row error: 74.511810, col error: 0.000000
Starting Iterative Proportional Fitting (IPF)...
IPF converged at iteration 28
IPF row error: 92.851658, col error: 0.000000
Starting Iterative Proportional Fitting (IPF)...
IPF converged at iteration 52
IPF row error: 1.296324, col error: 0.000000
Starting Iterative Proportional Fitting (IPF)...
IPF converged at iteration 54
IPF row error: 1.269398, col error: 0.000000
  [2023/test] 진행 870/1750 (49.7%) | 누적 CPC 0.5692 | RMSE 485.6545 | %RMSE 7.8541 | 경과 13.0분 | 예상 남음 13.1분
IPF converged at iteration 32
IPF row error: 68.931600, col error: 0.000000
Starting Iterative Proportional Fitting (IPF)...
Starting Iterative Proportional Fitting (IPF)...
IPF converged at iteration 32
IPF row error: 56.387191, col error: 0.000000
Starting Iterative Proportional Fitting (IPF)...
IPF converged at iteration 52
IPF row error: 1.292141, col error: 0.000000
IPF converged at iteration 33
IPF row error: 56.717782, col error: 0.000000
Starting Iterative Proportional Fitting (IPF)...
Starting Iterative Proportional Fitting (IPF)...
IPF converged at iteration 52
IPF row error: 1.282983, col error: 0.000000
Starting Iterative Proportional Fitting (IPF)...
IPF converged at iteration 52
IPF row error: 1.295365, col error: 0.000000
Starting Iterative Proportional Fitting (IPF)...
IPF converged at iteration 30
IPF converged at iteration 33
IPF row error: 73.960059, col error: 0.000000
IPF row error: 49.819319, col error: 0.000000
Starting Iterative Proportional Fitting (IPF)...
Starting Iterative Proportional Fitting (IPF)...
IPF converged at iteration 52
IPF row error: 1.292064, col error: 0.000000
Starting Iterative Proportional Fitting (IPF)...
IPF converged at iteration 56
IPF row error: 1.443579, col error: 0.000000
Starting Iterative Proportional Fitting (IPF)...
IPF converged at iteration 52
IPF converged at iteration 52
IPF row error: 1.289781, col error: 0.000000
IPF row error: 1.301657, col error: 0.000000
Starting Iterative Proportional Fitting (IPF)...
Starting Iterative Proportional Fitting (IPF)...
IPF converged at iteration 30
IPF row error: 85.253313, col error: 0.000000
IPF converged at iteration 32
IPF row error: 52.891461, col error: 0.000000
Starting Iterative Proportional Fitting (IPF)...
IPF converged at iteration 51
IPF row error: 1.268100, col error: 0.000000
Starting Iterative Proportional Fitting (IPF)...
Starting Iterative Proportional Fitting (IPF)...
IPF converged at iteration 54
IPF row error: 1.248293, col error: 0.000000
Starting Iterative Proportional Fitting (IPF)...
IPF converged at iteration 29
IPF row error: 95.117770, col error: 0.000000
Starting Iterative Proportional Fitting (IPF)...
IPF converged at iteration 56
IPF converged at iteration 56
IPF row error: 1.421150, col error: 0.000000
IPF row error: 1.443579, col error: 0.000000
Starting Iterative Proportional Fitting (IPF)...
Starting Iterative Proportional Fitting (IPF)...
IPF converged at iteration 45
IPF row error: 3.293807, col error: 0.000000
Starting Iterative Proportional Fitting (IPF)...
IPF converged at iteration 54
IPF row error: 1.269398, col error: 0.000000
Starting Iterative Proportional Fitting (IPF)...
IPF converged at iteration 28
IPF row error: 92.129084, col error: 0.000000
IPF converged at iteration 40
IPF row error: 11.729265, col error: 0.000000
Starting Iterative Proportional Fitting (IPF)...
Starting Iterative Proportional Fitting (IPF)...
IPF converged at iteration 56
IPF row error: 1.437743, col error: 0.000000
Starting Iterative Proportional Fitting (IPF)...
IPF converged at iteration 29
IPF row error: 95.755089, col error: 0.000000
Starting Iterative Proportional Fitting (IPF)...
IPF converged at iteration 39
IPF row error: 13.225189, col error: 0.000000
Starting Iterative Proportional Fitting (IPF)...
IPF converged at iteration 54
IPF row error: 1.269398, col error: 0.000000
Starting Iterative Proportional Fitting (IPF)...
IPF converged at iteration 52
IPF row error: 1.293012, col error: 0.000000
Starting Iterative Proportional Fitting (IPF)...
IPF converged at iteration 45
IPF row error: 3.516136, col error: 0.000000
Starting Iterative Proportional Fitting (IPF)...
IPF converged at iteration 52
IPF row error: 1.293902, col error: 0.000000
  [2023/test] 진행 900/1750 (51.4%) | 누적 CPC 0.5591 | RMSE 477.4229 | %RMSE 7.8418 | 경과 13.6분 | 예상 남음 12.8분
Starting Iterative Proportional Fitting (IPF)...
IPF converged at iteration 32
IPF row error: 84.330258, col error: 0.000000
IPF converged at iteration 47
Starting Iterative Proportional Fitting (IPF)...
IPF row error: 2.324815, col error: 0.000000
Starting Iterative Proportional Fitting (IPF)...
IPF converged at iteration 46
IPF row error: 2.847040, col error: 0.000000
Starting Iterative Proportional Fitting (IPF)...
IPF converged at iteration 44
IPF row error: 4.485390, col error: 0.000000
Starting Iterative Proportional Fitting (IPF)...
IPF converged at iteration 24
IPF row error: 55.835396, col error: 0.000000
IPF converged at iteration 46
IPF row error: 2.851739, col error: 0.000000
Starting Iterative Proportional Fitting (IPF)...
IPF converged at iteration 47
IPF row error: 2.333598, col error: 0.000000Starting Iterative Proportional Fitting (IPF)...

Starting Iterative Proportional Fitting (IPF)...
IPF converged at iteration 47
IPF row error: 2.760838, col error: 0.000000
Starting Iterative Proportional Fitting (IPF)...
IPF converged at iteration 44
IPF row error: 4.689396, col error: 0.000000
Starting Iterative Proportional Fitting (IPF)...
IPF converged at iteration 52
IPF row error: 1.250526, col error: 0.000000
IPF converged at iteration 49
IPF row error: 1.583060, col error: 0.000000
Starting Iterative Proportional Fitting (IPF)...
Starting Iterative Proportional Fitting (IPF)...
IPF converged at iteration 30
IPF row error: 95.384612, col error: 0.000000
Starting Iterative Proportional Fitting (IPF)...
IPF converged at iteration 29
IPF row error: 102.947748, col error: 0.000000
IPF converged at iteration 31
IPF row error: 83.523647, col error: 0.000000
Starting Iterative Proportional Fitting (IPF)...
Starting Iterative Proportional Fitting (IPF)...
IPF converged at iteration 52
IPF row error: 1.250526, col error: 0.000000
Starting Iterative Proportional Fitting (IPF)...
IPF converged at iteration 52
IPF row error: 1.354026, col error: 0.000000
Starting Iterative Proportional Fitting (IPF)...
IPF converged at iteration 46
IPF row error: 2.805328, col error: 0.000000
Starting Iterative Proportional Fitting (IPF)...
IPF converged at iteration 52
IPF row error: 1.351501, col error: 0.000000
Starting Iterative Proportional Fitting (IPF)...
IPF converged at iteration 46
IPF row error: 2.874422, col error: 0.000000
Starting Iterative Proportional Fitting (IPF)...
IPF converged at iteration 32
IPF row error: 70.695460, col error: 0.000000
Starting Iterative Proportional Fitting (IPF)...
IPF converged at iteration 28
IPF row error: 118.317719, col error: 0.000000
Starting Iterative Proportional Fitting (IPF)...
IPF converged at iteration 47
IPF row error: 2.783937, col error: 0.000000
IPF converged at iteration 31
IPF row error: 82.734248, col error: 0.000000
Starting Iterative Proportional Fitting (IPF)...
IPF converged at iteration 47
Starting Iterative Proportional Fitting (IPF)...
IPF row error: 2.340301, col error: 0.000000
Starting Iterative Proportional Fitting (IPF)...
IPF converged at iteration 29
IPF row error: 146.197803, col error: 0.000000
Starting Iterative Proportional Fitting (IPF)...
IPF converged at iteration 46
IPF row error: 2.880217, col error: 0.000000
Starting Iterative Proportional Fitting (IPF)...
IPF converged at iteration 49
IPF row error: 1.486899, col error: 0.000000
Starting Iterative Proportional Fitting (IPF)...
IPF converged at iteration 47
IPF row error: 2.755740, col error: 0.000000
Starting Iterative Proportional Fitting (IPF)...
IPF converged at iteration 26
IPF row error: 42.068419, col error: 0.000000
Starting Iterative Proportional Fitting (IPF)...
IPF converged at iteration 32
IPF row error: 73.969762, col error: 0.000000
  [2023/test] 진행 930/1750 (53.1%) | 누적 CPC 0.5534 | RMSE 480.1858 | %RMSE 7.9556 | 경과 14.2분 | 예상 남음 12.5분
Starting Iterative Proportional Fitting (IPF)...
IPF converged at iteration 30
IPF row error: 78.227899, col error: 0.000000
Starting Iterative Proportional Fitting (IPF)...
IPF converged at iteration 27
IPF row error: 114.518313, col error: 0.000000
Starting Iterative Proportional Fitting (IPF)...
IPF converged at iteration 46
IPF row error: 2.880189, col error: 0.000000
Starting Iterative Proportional Fitting (IPF)...
IPF converged at iteration 29
IPF row error: 126.829593, col error: 0.000000
Starting Iterative Proportional Fitting (IPF)...
IPF converged at iteration 28
IPF row error: 109.213140, col error: 0.000000
Starting Iterative Proportional Fitting (IPF)...
IPF converged at iteration 30
IPF row error: 98.390842, col error: 0.000000
Starting Iterative Proportional Fitting (IPF)...
IPF converged at iteration 55
IPF converged at iteration 46
IPF row error: 1.358718, col error: 0.000000
IPF row error: 2.872742, col error: 0.000000
Starting Iterative Proportional Fitting (IPF)...
Starting Iterative Proportional Fitting (IPF)...
IPF converged at iteration 29
IPF row error: 105.614362, col error: 0.000000IPF converged at iteration 47

IPF row error: 2.337420, col error: 0.000000
IPF converged at iteration 27
IPF row error: 125.920909, col error: 0.000000
Starting Iterative Proportional Fitting (IPF)...
Starting Iterative Proportional Fitting (IPF)...
Starting Iterative Proportional Fitting (IPF)...
IPF converged at iteration 47
IPF row error: 2.345972, col error: 0.000000
Starting Iterative Proportional Fitting (IPF)...
IPF converged at iteration 25
IPF row error: 43.873305, col error: 0.000000
IPF converged at iteration 28
IPF row error: 121.252669, col error: 0.000000
Starting Iterative Proportional Fitting (IPF)...
Starting Iterative Proportional Fitting (IPF)...
IPF converged at iteration 44
IPF row error: 5.317310, col error: 0.000000
Starting Iterative Proportional Fitting (IPF)...
IPF converged at iteration 39
IPF row error: 17.016057, col error: 0.000000
Starting Iterative Proportional Fitting (IPF)...
IPF converged at iteration 47
IPF row error: 2.337420, col error: 0.000000
IPF converged at iteration 44
IPF row error: 4.695950, col error: 0.000000
Starting Iterative Proportional Fitting (IPF)...
Starting Iterative Proportional Fitting (IPF)...
IPF converged at iteration 32
IPF row error: 71.879777, col error: 0.000000
Starting Iterative Proportional Fitting (IPF)...
IPF converged at iteration 32
IPF row error: 69.375838, col error: 0.000000
IPF converged at iteration 47
IPF row error: 2.333598, col error: 0.000000
Starting Iterative Proportional Fitting (IPF)...
Starting Iterative Proportional Fitting (IPF)...
IPF converged at iteration 53
IPF converged at iteration 49
IPF row error: 1.311785, col error: 0.000000
IPF row error: 1.497222, col error: 0.000000
Starting Iterative Proportional Fitting (IPF)...
Starting Iterative Proportional Fitting (IPF)...
IPF converged at iteration 28
IPF row error: 107.636839, col error: 0.000000
Starting Iterative Proportional Fitting (IPF)...
IPF converged at iteration 24
IPF converged at iteration 48
IPF row error: 82.448563, col error: 0.000000
IPF row error: 1.765861, col error: 0.000000
Starting Iterative Proportional Fitting (IPF)...
Starting Iterative Proportional Fitting (IPF)...
IPF converged at iteration 35
IPF row error: 35.808929, col error: 0.000000
Starting Iterative Proportional Fitting (IPF)...
IPF converged at iteration 48
IPF row error: 1.776733, col error: 0.000000
IPF converged at iteration 28
IPF row error: 105.962684, col error: 0.000000
Starting Iterative Proportional Fitting (IPF)...
Starting Iterative Proportional Fitting (IPF)...
IPF converged at iteration 30
IPF row error: 92.553502, col error: 0.000000
  [2023/test] 진행 960/1750 (54.9%) | 누적 CPC 0.5466 | RMSE 486.3885 | %RMSE 8.0855 | 경과 14.6분 | 예상 남음 12.0분
Starting Iterative Proportional Fitting (IPF)...
IPF converged at iteration 48
IPF row error: 1.774038, col error: 0.000000
Starting Iterative Proportional Fitting (IPF)...
IPF converged at iteration 27
IPF row error: 126.726959, col error: 0.000000
Starting Iterative Proportional Fitting (IPF)...
IPF converged at iteration 22
IPF row error: 101.107553, col error: 0.000000
IPF converged at iteration 44
Starting Iterative Proportional Fitting (IPF)...
IPF row error: 4.382705, col error: 0.000000
Starting Iterative Proportional Fitting (IPF)...
IPF converged at iteration 53
IPF row error: 1.407509, col error: 0.000000
Starting Iterative Proportional Fitting (IPF)...
IPF converged at iteration 27
IPF row error: 149.901038, col error: 0.000000
IPF converged at iteration 44
IPF row error: 4.345599, col error: 0.000000
Starting Iterative Proportional Fitting (IPF)...
Starting Iterative Proportional Fitting (IPF)...
IPF converged at iteration 48
IPF row error: 1.790210, col error: 0.000000
Starting Iterative Proportional Fitting (IPF)...
IPF converged at iteration 42
IPF row error: 7.283808, col error: 0.000000
IPF converged at iteration 49
IPF row error: 1.425362, col error: 0.000000
Starting Iterative Proportional Fitting (IPF)...
Starting Iterative Proportional Fitting (IPF)...
IPF converged at iteration 49
IPF row error: 1.496950, col error: 0.000000
IPF converged at iteration 27
Starting Iterative Proportional Fitting (IPF)...
IPF row error: 105.304793, col error: 0.000000
Starting Iterative Proportional Fitting (IPF)...
IPF converged at iteration 23
IPF row error: 80.724802, col error: 0.000000
Starting Iterative Proportional Fitting (IPF)...
IPF converged at iteration 31
IPF row error: 80.564579, col error: 0.000000
Starting Iterative Proportional Fitting (IPF)...
IPF converged at iteration 48
IPF row error: 1.775822, col error: 0.000000
IPF converged at iteration 48
IPF row error: 1.776733, col error: 0.000000
Starting Iterative Proportional Fitting (IPF)...
Starting Iterative Proportional Fitting (IPF)...
IPF converged at iteration 26
IPF row error: 160.336635, col error: 0.000000
Starting Iterative Proportional Fitting (IPF)...
IPF converged at iteration 32
IPF row error: 70.605582, col error: 0.000000
Starting Iterative Proportional Fitting (IPF)...
IPF converged at iteration 48
IPF row error: 1.779779, col error: 0.000000
IPF converged at iteration 49
IPF row error: 1.497222, col error: 0.000000
Starting Iterative Proportional Fitting (IPF)...
Starting Iterative Proportional Fitting (IPF)...
IPF converged at iteration 44
IPF row error: 4.338964, col error: 0.000000
Starting Iterative Proportional Fitting (IPF)...
IPF converged at iteration 48
IPF row error: 1.790210, col error: 0.000000
IPF converged at iteration 30
IPF row error: 78.316196, col error: 0.000000
Starting Iterative Proportional Fitting (IPF)...
Starting Iterative Proportional Fitting (IPF)...
IPF converged at iteration 36
IPF row error: 30.710428, col error: 0.000000
Starting Iterative Proportional Fitting (IPF)...
IPF converged at iteration 44
IPF row error: 4.440553, col error: 0.000000
Starting Iterative Proportional Fitting (IPF)...
IPF converged at iteration 30
IPF converged at iteration 32
IPF row error: 82.966911, col error: 0.000000
IPF row error: 72.390104, col error: 0.000000
Starting Iterative Proportional Fitting (IPF)...
Starting Iterative Proportional Fitting (IPF)...
IPF converged at iteration 27
IPF row error: 117.409459, col error: 0.000000
Starting Iterative Proportional Fitting (IPF)...
IPF converged at iteration 48
IPF row error: 1.774038, col error: 0.000000
Starting Iterative Proportional Fitting (IPF)...
IPF converged at iteration 42
IPF row error: 6.982949, col error: 0.000000
  [2023/test] 진행 990/1750 (56.6%) | 누적 CPC 0.5391 | RMSE 495.9914 | %RMSE 8.2000 | 경과 15.1분 | 예상 남음 11.6분
Starting Iterative Proportional Fitting (IPF)...
IPF converged at iteration 48
IPF row error: 1.875028, col error: 0.000000
Starting Iterative Proportional Fitting (IPF)...
IPF converged at iteration 48
IPF row error: 1.785197, col error: 0.000000
Starting Iterative Proportional Fitting (IPF)...
IPF converged at iteration 27
IPF row error: 140.569721, col error: 0.000000
Starting Iterative Proportional Fitting (IPF)...
IPF converged at iteration 31
IPF converged at iteration 49
IPF row error: 85.739816, col error: 0.000000
IPF row error: 1.387372, col error: 0.000000
Starting Iterative Proportional Fitting (IPF)...
Starting Iterative Proportional Fitting (IPF)...
IPF converged at iteration 48
IPF row error: 1.785197, col error: 0.000000
Starting Iterative Proportional Fitting (IPF)...
IPF converged at iteration 29
IPF row error: 114.838433, col error: 0.000000
Starting Iterative Proportional Fitting (IPF)...
IPF converged at iteration 32
IPF row error: 69.046223, col error: 0.000000
Starting Iterative Proportional Fitting (IPF)...
IPF converged at iteration 32
IPF row error: 146.831639, col error: 0.000000
Starting Iterative Proportional Fitting (IPF)...
IPF converged at iteration 44
IPF row error: 4.500667, col error: 0.000000
Starting Iterative Proportional Fitting (IPF)...
IPF converged at iteration 28
IPF row error: 76.221958, col error: 0.000000
Starting Iterative Proportional Fitting (IPF)...
IPF converged at iteration 30
IPF row error: 94.500584, col error: 0.000000
Starting Iterative Proportional Fitting (IPF)...
IPF converged at iteration 41
IPF row error: 7.595228, col error: 0.000000
IPF converged at iteration 32
Starting Iterative Proportional Fitting (IPF)...
IPF row error: 56.974673, col error: 0.000000
Starting Iterative Proportional Fitting (IPF)...
IPF converged at iteration 41
IPF row error: 7.537336, col error: 0.000000
Starting Iterative Proportional Fitting (IPF)...
IPF converged at iteration 32
IPF row error: 62.318698, col error: 0.000000
Starting Iterative Proportional Fitting (IPF)...
IPF converged at iteration 29
IPF row error: 108.954944, col error: 0.000000
Starting Iterative Proportional Fitting (IPF)...
IPF converged at iteration 41
IPF row error: 7.862766, col error: 0.000000
Starting Iterative Proportional Fitting (IPF)...
IPF converged at iteration 30
IPF row error: 95.266430, col error: 0.000000
Starting Iterative Proportional Fitting (IPF)...
IPF converged at iteration 50
IPF row error: 1.338975, col error: 0.000000
Starting Iterative Proportional Fitting (IPF)...
IPF converged at iteration 31
IPF row error: 67.379538, col error: 0.000000
IPF converged at iteration 41
IPF row error: 7.719944, col error: 0.000000
Starting Iterative Proportional Fitting (IPF)...
Starting Iterative Proportional Fitting (IPF)...
IPF converged at iteration 30
IPF row error: 93.787325, col error: 0.000000
Starting Iterative Proportional Fitting (IPF)...
IPF converged at iteration 31
IPF row error: 68.538280, col error: 0.000000
Starting Iterative Proportional Fitting (IPF)...
IPF converged at iteration 41
IPF row error: 7.559626, col error: 0.000000
Starting Iterative Proportional Fitting (IPF)...
IPF converged at iteration 50
IPF row error: 5.335153, col error: 0.000000
IPF converged at iteration 29
IPF row error: 88.651041, col error: 0.000000
Starting Iterative Proportional Fitting (IPF)...
Starting Iterative Proportional Fitting (IPF)...
IPF converged at iteration 41
IPF row error: 7.627965, col error: 0.000000
Starting Iterative Proportional Fitting (IPF)...
IPF converged at iteration 30
IPF row error: 88.952202, col error: 0.000000
Starting Iterative Proportional Fitting (IPF)...
IPF converged at iteration 30
IPF row error: 79.249981, col error: 0.000000
  [2023/test] 진행 1020/1750 (58.3%) | 누적 CPC 0.5320 | RMSE 538.5691 | %RMSE 8.4859 | 경과 15.6분 | 예상 남음 11.1분
Starting Iterative Proportional Fitting (IPF)...
IPF converged at iteration 45
IPF row error: 3.107824, col error: 0.000000
Starting Iterative Proportional Fitting (IPF)...
IPF converged at iteration 46
IPF row error: 2.453118, col error: 0.000000
IPF converged at iteration 32
IPF row error: 69.061562, col error: 0.000000
Starting Iterative Proportional Fitting (IPF)...
Starting Iterative Proportional Fitting (IPF)...
IPF converged at iteration 41
IPF row error: 7.752039, col error: 0.000000
Starting Iterative Proportional Fitting (IPF)...
IPF converged at iteration 40
IPF row error: 9.679541, col error: 0.000000
Starting Iterative Proportional Fitting (IPF)...
IPF converged at iteration 36
IPF row error: 26.560026, col error: 0.000000
Starting Iterative Proportional Fitting (IPF)...
IPF converged at iteration 29
IPF converged at iteration 51
IPF row error: 170.405889, col error: 0.000000
IPF row error: 1.429715, col error: 0.000000
Starting Iterative Proportional Fitting (IPF)...
Starting Iterative Proportional Fitting (IPF)...
IPF converged at iteration 28
IPF row error: 104.721724, col error: 0.000000
Starting Iterative Proportional Fitting (IPF)...
IPF converged at iteration 46
IPF row error: 2.521261, col error: 0.000000
Starting Iterative Proportional Fitting (IPF)...
IPF converged at iteration 41
IPF converged at iteration 40
IPF row error: 7.723043, col error: 0.000000
IPF row error: 9.486860, col error: 0.000000
Starting Iterative Proportional Fitting (IPF)...
Starting Iterative Proportional Fitting (IPF)...
IPF converged at iteration 41
IPF row error: 7.597496, col error: 0.000000
Starting Iterative Proportional Fitting (IPF)...
IPF converged at iteration 37
IPF row error: 18.909022, col error: 0.000000
Starting Iterative Proportional Fitting (IPF)...
IPF converged at iteration 45
IPF row error: 3.068502, col error: 0.000000
Starting Iterative Proportional Fitting (IPF)...
IPF converged at iteration 50
IPF row error: 1.332423, col error: 0.000000
Starting Iterative Proportional Fitting (IPF)...
IPF converged at iteration 46
IPF row error: 2.468020, col error: 0.000000
Starting Iterative Proportional Fitting (IPF)...
IPF converged at iteration 29
IPF row error: 102.507035, col error: 0.000000
Starting Iterative Proportional Fitting (IPF)...
IPF converged at iteration 31
IPF row error: 64.087236, col error: 0.000000
Starting Iterative Proportional Fitting (IPF)...
IPF converged at iteration 28
IPF row error: 104.307435, col error: 0.000000
IPF converged at iteration 41
IPF row error: 7.729607, col error: 0.000000
Starting Iterative Proportional Fitting (IPF)...
Starting Iterative Proportional Fitting (IPF)...
IPF converged at iteration 41
IPF row error: 7.670359, col error: 0.000000
Starting Iterative Proportional Fitting (IPF)...
IPF converged at iteration 24
IPF converged at iteration 41
IPF row error: 58.245643, col error: 0.000000
IPF row error: 7.742948, col error: 0.000000
IPF converged at iteration 27
IPF row error: 105.281057, col error: 0.000000
Starting Iterative Proportional Fitting (IPF)...
Starting Iterative Proportional Fitting (IPF)...
Starting Iterative Proportional Fitting (IPF)...
IPF converged at iteration 31
IPF row error: 79.801254, col error: 0.000000
Starting Iterative Proportional Fitting (IPF)...
IPF converged at iteration 26
IPF row error: 132.913036, col error: 0.000000
Starting Iterative Proportional Fitting (IPF)...
IPF converged at iteration 40
IPF converged at iteration 41
IPF row error: 9.688829, col error: 0.000000
IPF row error: 7.664154, col error: 0.000000
Starting Iterative Proportional Fitting (IPF)...
Starting Iterative Proportional Fitting (IPF)...
IPF converged at iteration 52
IPF row error: 1.209123, col error: 0.000000
  [2023/test] 진행 1050/1750 (60.0%) | 누적 CPC 0.5258 | RMSE 590.8155 | %RMSE 8.8080 | 경과 16.0분 | 예상 남음 10.7분
Starting Iterative Proportional Fitting (IPF)...
IPF converged at iteration 53
IPF row error: 1.384347, col error: 0.000000
Starting Iterative Proportional Fitting (IPF)...
IPF converged at iteration 53
IPF row error: 1.384347, col error: 0.000000
IPF converged at iteration 53
IPF row error: 1.384347, col error: 0.000000
Starting Iterative Proportional Fitting (IPF)...
Starting Iterative Proportional Fitting (IPF)...
IPF converged at iteration 53
IPF row error: 1.384347, col error: 0.000000
Starting Iterative Proportional Fitting (IPF)...
IPF converged at iteration 31
IPF row error: 69.604251, col error: 0.000000
Starting Iterative Proportional Fitting (IPF)...
IPF converged at iteration 53
IPF row error: 1.384347, col error: 0.000000
Starting Iterative Proportional Fitting (IPF)...
IPF converged at iteration 53
IPF row error: 1.384347, col error: 0.000000
Starting Iterative Proportional Fitting (IPF)...
IPF converged at iteration 30
IPF row error: 74.543131, col error: 0.000000
Starting Iterative Proportional Fitting (IPF)...
IPF converged at iteration 27
IPF row error: 201.925430, col error: 0.000000
Starting Iterative Proportional Fitting (IPF)...
IPF converged at iteration 53
IPF row error: 1.384347, col error: 0.000000
Starting Iterative Proportional Fitting (IPF)...
IPF converged at iteration 31
IPF row error: 83.135213, col error: 0.000000
Starting Iterative Proportional Fitting (IPF)...
IPF converged at iteration 36
IPF row error: 28.618379, col error: 0.000000
Starting Iterative Proportional Fitting (IPF)...
IPF converged at iteration 53
IPF row error: 1.384347, col error: 0.000000
Starting Iterative Proportional Fitting (IPF)...
IPF converged at iteration 40
IPF row error: 10.527012, col error: 0.000000
Starting Iterative Proportional Fitting (IPF)...
IPF converged at iteration 44
IPF row error: 4.775227, col error: 0.000000
Starting Iterative Proportional Fitting (IPF)...
IPF converged at iteration 32
IPF row error: 78.440431, col error: 0.000000
Starting Iterative Proportional Fitting (IPF)...
IPF converged at iteration 31
IPF row error: 84.173443, col error: 0.000000
Starting Iterative Proportional Fitting (IPF)...
IPF converged at iteration 53
IPF converged at iteration 30
IPF row error: 1.384347, col error: 0.000000
IPF row error: 87.833442, col error: 0.000000
Starting Iterative Proportional Fitting (IPF)...
IPF converged at iteration 53
Starting Iterative Proportional Fitting (IPF)...
IPF row error: 1.384347, col error: 0.000000
Starting Iterative Proportional Fitting (IPF)...
IPF converged at iteration 29
IPF row error: 114.735617, col error: 0.000000
Starting Iterative Proportional Fitting (IPF)...
IPF converged at iteration 33
IPF row error: 58.817470, col error: 0.000000
Starting Iterative Proportional Fitting (IPF)...
IPF converged at iteration 53
IPF row error: 1.384347, col error: 0.000000
IPF converged at iteration 53
Starting Iterative Proportional Fitting (IPF)...
IPF row error: 1.384347, col error: 0.000000
Starting Iterative Proportional Fitting (IPF)...
IPF converged at iteration 34
IPF row error: 48.068856, col error: 0.000000
Starting Iterative Proportional Fitting (IPF)...
IPF converged at iteration 30
IPF row error: 91.716856, col error: 0.000000
Starting Iterative Proportional Fitting (IPF)...
IPF converged at iteration 53
IPF row error: 1.384347, col error: 0.000000
Starting Iterative Proportional Fitting (IPF)...
IPF converged at iteration 30
IPF row error: 87.098627, col error: 0.000000
Starting Iterative Proportional Fitting (IPF)...
IPF converged at iteration 53
IPF row error: 1.384347, col error: 0.000000
Starting Iterative Proportional Fitting (IPF)...
IPF converged at iteration 32
IPF row error: 66.423224, col error: 0.000000
  [2023/test] 진행 1080/1750 (61.7%) | 누적 CPC 0.5138 | RMSE 618.0199 | %RMSE 8.9898 | 경과 16.6분 | 예상 남음 10.3분
Starting Iterative Proportional Fitting (IPF)...
IPF converged at iteration 53
IPF row error: 1.384347, col error: 0.000000
IPF converged at iteration 29
IPF row error: 80.033026, col error: 0.000000
Starting Iterative Proportional Fitting (IPF)...
Starting Iterative Proportional Fitting (IPF)...
IPF converged at iteration 53
IPF row error: 1.384347, col error: 0.000000
Starting Iterative Proportional Fitting (IPF)...
IPF converged at iteration 29
IPF row error: 78.580373, col error: 0.000000
IPF converged at iteration 30
IPF row error: 82.196018, col error: 0.000000
Starting Iterative Proportional Fitting (IPF)...
Starting Iterative Proportional Fitting (IPF)...
IPF converged at iteration 53
IPF row error: 1.384347, col error: 0.000000
Starting Iterative Proportional Fitting (IPF)...
IPF converged at iteration 29
IPF row error: 64.745474, col error: 0.000000
IPF converged at iteration 53
IPF row error: 1.384347, col error: 0.000000
Starting Iterative Proportional Fitting (IPF)...
Starting Iterative Proportional Fitting (IPF)...
IPF converged at iteration 30
IPF row error: 87.021299, col error: 0.000000
Starting Iterative Proportional Fitting (IPF)...
IPF converged at iteration 53
IPF row error: 1.384347, col error: 0.000000
Starting Iterative Proportional Fitting (IPF)...
IPF converged at iteration 53
IPF row error: 1.384347, col error: 0.000000
IPF converged at iteration 53
IPF row error: 1.384347, col error: 0.000000
Starting Iterative Proportional Fitting (IPF)...
Starting Iterative Proportional Fitting (IPF)...
IPF converged at iteration 53
IPF row error: 1.384347, col error: 0.000000
Starting Iterative Proportional Fitting (IPF)...
IPF converged at iteration 53
IPF row error: 1.384347, col error: 0.000000
Starting Iterative Proportional Fitting (IPF)...
IPF converged at iteration 32
IPF row error: 69.361086, col error: 0.000000
Starting Iterative Proportional Fitting (IPF)...
IPF converged at iteration 32
IPF row error: 74.216692, col error: 0.000000
IPF converged at iteration 53
Starting Iterative Proportional Fitting (IPF)...
IPF row error: 1.384347, col error: 0.000000
Starting Iterative Proportional Fitting (IPF)...
IPF converged at iteration 53
IPF row error: 1.384347, col error: 0.000000
Starting Iterative Proportional Fitting (IPF)...
IPF converged at iteration 53
IPF row error: 1.384347, col error: 0.000000
Starting Iterative Proportional Fitting (IPF)...
IPF converged at iteration 53
IPF row error: 1.384347, col error: 0.000000
IPF converged at iteration 52
IPF row error: 1.414015, col error: 0.000000
Starting Iterative Proportional Fitting (IPF)...
IPF converged at iteration 30
Starting Iterative Proportional Fitting (IPF)...
IPF row error: 90.322114, col error: 0.000000
Starting Iterative Proportional Fitting (IPF)...
IPF converged at iteration 26
IPF row error: 216.053345, col error: 0.000000
Starting Iterative Proportional Fitting (IPF)...
IPF converged at iteration 29
IPF row error: 177.448336, col error: 0.000000
Starting Iterative Proportional Fitting (IPF)...
IPF converged at iteration 32
IPF row error: 54.082359, col error: 0.000000
Starting Iterative Proportional Fitting (IPF)...
IPF converged at iteration 52
IPF row error: 1.414015, col error: 0.000000
Starting Iterative Proportional Fitting (IPF)...
IPF converged at iteration 52
IPF row error: 1.414015, col error: 0.000000
Starting Iterative Proportional Fitting (IPF)...
IPF converged at iteration 52
IPF row error: 1.414015, col error: 0.000000
Starting Iterative Proportional Fitting (IPF)...
IPF converged at iteration 52
IPF row error: 1.414015, col error: 0.000000
Starting Iterative Proportional Fitting (IPF)...
IPF converged at iteration 52
IPF row error: 1.414015, col error: 0.000000
  [2023/test] 진행 1110/1750 (63.4%) | 누적 CPC 0.5025 | RMSE 642.0948 | %RMSE 9.1507 | 경과 17.1분 | 예상 남음 9.9분
Starting Iterative Proportional Fitting (IPF)...
IPF converged at iteration 52
IPF row error: 1.414015, col error: 0.000000
Starting Iterative Proportional Fitting (IPF)...
IPF converged at iteration 29
IPF row error: 82.595541, col error: 0.000000
Starting Iterative Proportional Fitting (IPF)...
IPF converged at iteration 27
IPF row error: 152.117231, col error: 0.000000
Starting Iterative Proportional Fitting (IPF)...
IPF converged at iteration 37
IPF row error: 22.964792, col error: 0.000000
IPF converged at iteration 52
IPF row error: 1.414015, col error: 0.000000
Starting Iterative Proportional Fitting (IPF)...
Starting Iterative Proportional Fitting (IPF)...
IPF converged at iteration 52
IPF row error: 1.414015, col error: 0.000000
Starting Iterative Proportional Fitting (IPF)...
IPF converged at iteration 52
IPF row error: 1.414015, col error: 0.000000
Starting Iterative Proportional Fitting (IPF)...
IPF converged at iteration 28
IPF row error: 119.557139, col error: 0.000000
Starting Iterative Proportional Fitting (IPF)...
IPF converged at iteration 52
IPF row error: 1.414015, col error: 0.000000
IPF converged at iteration 27
IPF converged at iteration 52
IPF row error: 130.754494, col error: 0.000000
IPF row error: 1.414015, col error: 0.000000
Starting Iterative Proportional Fitting (IPF)...
Starting Iterative Proportional Fitting (IPF)...
Starting Iterative Proportional Fitting (IPF)...
IPF converged at iteration 47
IPF row error: 2.330874, col error: 0.000000
Starting Iterative Proportional Fitting (IPF)...
IPF converged at iteration 52
IPF row error: 1.414015, col error: 0.000000
IPF converged at iteration 52
IPF converged at iteration 52
IPF row error: 1.414015, col error: 0.000000
IPF row error: 1.414015, col error: 0.000000
Starting Iterative Proportional Fitting (IPF)...
Starting Iterative Proportional Fitting (IPF)...Starting Iterative Proportional Fitting (IPF)...

IPF converged at iteration 29
IPF row error: 114.304766, col error: 0.000000
Starting Iterative Proportional Fitting (IPF)...
IPF converged at iteration 30
IPF converged at iteration 32
IPF row error: 78.719561, col error: 0.000000
IPF row error: 67.957848, col error: 0.000000
IPF converged at iteration 31
IPF row error: 82.193591, col error: 0.000000
Starting Iterative Proportional Fitting (IPF)...
Starting Iterative Proportional Fitting (IPF)...
Starting Iterative Proportional Fitting (IPF)...
IPF converged at iteration 49
IPF row error: 1.423644, col error: 0.000000
Starting Iterative Proportional Fitting (IPF)...
IPF converged at iteration 28
IPF converged at iteration 30
IPF converged at iteration 30IPF row error: 132.961303, col error: 0.000000IPF row error: 69.782567, col error: 0.000000


IPF row error: 84.462348, col error: 0.000000
Starting Iterative Proportional Fitting (IPF)...
Starting Iterative Proportional Fitting (IPF)...
Starting Iterative Proportional Fitting (IPF)...
IPF converged at iteration 30
IPF converged at iteration 31
IPF row error: 67.587925, col error: 0.000000
IPF row error: 69.370906, col error: 0.000000
Starting Iterative Proportional Fitting (IPF)...
Starting Iterative Proportional Fitting (IPF)...
IPF converged at iteration 52
IPF row error: 1.414015, col error: 0.000000
Starting Iterative Proportional Fitting (IPF)...
IPF converged at iteration 52
IPF row error: 1.414015, col error: 0.000000
Starting Iterative Proportional Fitting (IPF)...
IPF converged at iteration 31
IPF row error: 17.517549, col error: 0.000000
Starting Iterative Proportional Fitting (IPF)...
IPF converged at iteration 29
IPF row error: 208.027856, col error: 0.000000
IPF converged at iteration 27
Starting Iterative Proportional Fitting (IPF)...
IPF row error: 126.917244, col error: 0.000000
  [2023/test] 진행 1140/1750 (65.1%) | 누적 CPC 0.4918 | RMSE 661.7154 | %RMSE 9.2793 | 경과 17.6분 | 예상 남음 9.4분
IPF converged at iteration 52
IPF row error: 1.414015, col error: 0.000000
Starting Iterative Proportional Fitting (IPF)...
Starting Iterative Proportional Fitting (IPF)...
IPF converged at iteration 31
IPF row error: 70.116819, col error: 0.000000
IPF converged at iteration 52
IPF row error: 1.414015, col error: 0.000000
Starting Iterative Proportional Fitting (IPF)...
Starting Iterative Proportional Fitting (IPF)...
IPF converged at iteration 52
IPF row error: 1.414015, col error: 0.000000
Starting Iterative Proportional Fitting (IPF)...
IPF converged at iteration 52
IPF row error: 1.414015, col error: 0.000000
Starting Iterative Proportional Fitting (IPF)...
IPF converged at iteration 32
IPF row error: 76.434669, col error: 0.000000
Starting Iterative Proportional Fitting (IPF)...
IPF converged at iteration 50
IPF row error: 1.321851, col error: 0.000000
IPF converged at iteration 52
IPF row error: 1.414015, col error: 0.000000
Starting Iterative Proportional Fitting (IPF)...
Starting Iterative Proportional Fitting (IPF)...
IPF converged at iteration 52
IPF row error: 1.414015, col error: 0.000000
Starting Iterative Proportional Fitting (IPF)...
IPF converged at iteration 32
IPF row error: 61.603363, col error: 0.000000
Starting Iterative Proportional Fitting (IPF)...
IPF converged at iteration 45
IPF row error: 3.646439, col error: 0.000000
Starting Iterative Proportional Fitting (IPF)...
IPF converged at iteration 54
IPF converged at iteration 26
IPF row error: 1.278717, col error: 0.000000
IPF row error: 158.311209, col error: 0.000000
Starting Iterative Proportional Fitting (IPF)...
Starting Iterative Proportional Fitting (IPF)...
IPF converged at iteration 50
IPF row error: 1.219872, col error: 0.000000
Starting Iterative Proportional Fitting (IPF)...
IPF converged at iteration 31
IPF row error: 75.335209, col error: 0.000000
Starting Iterative Proportional Fitting (IPF)...
IPF converged at iteration 50
IPF row error: 1.219872, col error: 0.000000
IPF converged at iteration 54
IPF row error: 1.278717, col error: 0.000000
Starting Iterative Proportional Fitting (IPF)...
Starting Iterative Proportional Fitting (IPF)...
IPF converged at iteration 50
IPF row error: 1.213581, col error: 0.000000
Starting Iterative Proportional Fitting (IPF)...
IPF converged at iteration 50
IPF row error: 1.213581, col error: 0.000000
Starting Iterative Proportional Fitting (IPF)...
IPF converged at iteration 31
IPF row error: 85.824686, col error: 0.000000
Starting Iterative Proportional Fitting (IPF)...
IPF converged at iteration 32
IPF row error: 70.222356, col error: 0.000000
Starting Iterative Proportional Fitting (IPF)...
IPF converged at iteration 54
IPF row error: 1.277562, col error: 0.000000
Starting Iterative Proportional Fitting (IPF)...
IPF converged at iteration 54
IPF row error: 1.275508, col error: 0.000000
Starting Iterative Proportional Fitting (IPF)...
IPF converged at iteration 31
IPF row error: 75.542400, col error: 0.000000
Starting Iterative Proportional Fitting (IPF)...
IPF converged at iteration 50
IPF row error: 1.219872, col error: 0.000000
Starting Iterative Proportional Fitting (IPF)...
IPF converged at iteration 32
IPF row error: 70.119697, col error: 0.000000
IPF converged at iteration 54
Starting Iterative Proportional Fitting (IPF)...
IPF converged at iteration 30
IPF row error: 1.275508, col error: 0.000000
IPF row error: 57.599122, col error: 0.000000
Starting Iterative Proportional Fitting (IPF)...
Starting Iterative Proportional Fitting (IPF)...
IPF converged at iteration 54
IPF converged at iteration 30
IPF row error: 1.275508, col error: 0.000000
IPF row error: 60.489092, col error: 0.000000
  [2023/test] 진행 1170/1750 (66.9%) | 누적 CPC 0.4821 | RMSE 675.6055 | %RMSE 9.3990 | 경과 18.2분 | 예상 남음 9.0분
Starting Iterative Proportional Fitting (IPF)...
Starting Iterative Proportional Fitting (IPF)...
IPF converged at iteration 50
IPF row error: 1.219872, col error: 0.000000
IPF converged at iteration 54
IPF row error: 1.275508, col error: 0.000000
Starting Iterative Proportional Fitting (IPF)...
Starting Iterative Proportional Fitting (IPF)...
IPF converged at iteration 54
IPF row error: 1.278717, col error: 0.000000
IPF converged at iteration 28
IPF converged at iteration 55
IPF row error: 109.416246, col error: 0.000000
Starting Iterative Proportional Fitting (IPF)...
IPF row error: 1.258014, col error: 0.000000
Starting Iterative Proportional Fitting (IPF)...
Starting Iterative Proportional Fitting (IPF)...
IPF converged at iteration 54
IPF row error: 1.275508, col error: 0.000000
Starting Iterative Proportional Fitting (IPF)...
IPF converged at iteration 50
IPF row error: 1.213581, col error: 0.000000
Starting Iterative Proportional Fitting (IPF)...
IPF converged at iteration 50
IPF row error: 1.213581, col error: 0.000000
IPF converged at iteration 54
IPF row error: 1.275508, col error: 0.000000
Starting Iterative Proportional Fitting (IPF)...
IPF converged at iteration 28
Starting Iterative Proportional Fitting (IPF)...
IPF row error: 113.363885, col error: 0.000000
Starting Iterative Proportional Fitting (IPF)...
IPF converged at iteration 23
IPF row error: 87.645576, col error: 0.000000
Starting Iterative Proportional Fitting (IPF)...
IPF converged at iteration 54
IPF row error: 1.277562, col error: 0.000000
IPF converged at iteration 50
IPF row error: 1.213581, col error: 0.000000
IPF converged at iteration 50
IPF row error: 1.213581, col error: 0.000000
Starting Iterative Proportional Fitting (IPF)...
Starting Iterative Proportional Fitting (IPF)...
Starting Iterative Proportional Fitting (IPF)...
IPF converged at iteration 24
IPF row error: 69.529136, col error: 0.000000
IPF converged at iteration 50
IPF row error: 1.219872, col error: 0.000000
Starting Iterative Proportional Fitting (IPF)...
IPF converged at iteration 29
IPF converged at iteration 32
IPF row error: 93.927699, col error: 0.000000
IPF row error: 72.062774, col error: 0.000000
Starting Iterative Proportional Fitting (IPF)...
Starting Iterative Proportional Fitting (IPF)...
Starting Iterative Proportional Fitting (IPF)...
IPF converged at iteration 50
IPF row error: 1.213581, col error: 0.000000
IPF converged at iteration 50
IPF row error: 1.213581, col error: 0.000000
Starting Iterative Proportional Fitting (IPF)...
IPF converged at iteration 50
Starting Iterative Proportional Fitting (IPF)...
IPF row error: 1.213581, col error: 0.000000
IPF converged at iteration 54
IPF row error: 1.278717, col error: 0.000000
Starting Iterative Proportional Fitting (IPF)...
Starting Iterative Proportional Fitting (IPF)...
IPF converged at iteration 28
IPF row error: 146.697101, col error: 0.000000
Starting Iterative Proportional Fitting (IPF)...
IPF converged at iteration 50
IPF row error: 1.219872, col error: 0.000000
Starting Iterative Proportional Fitting (IPF)...
IPF converged at iteration 55
IPF row error: 1.258014, col error: 0.000000
IPF converged at iteration 28
IPF converged at iteration 55
IPF row error: 103.303610, col error: 0.000000
IPF row error: 1.258014, col error: 0.000000
Starting Iterative Proportional Fitting (IPF)...
Starting Iterative Proportional Fitting (IPF)...
Starting Iterative Proportional Fitting (IPF)...
IPF converged at iteration 27
IPF row error: 138.127697, col error: 0.000000
Starting Iterative Proportional Fitting (IPF)...
IPF converged at iteration 27
IPF row error: 132.873549, col error: 0.000000
Starting Iterative Proportional Fitting (IPF)...
IPF converged at iteration 31
IPF row error: 80.049744, col error: 0.000000
  [2023/test] 진행 1200/1750 (68.6%) | 누적 CPC 0.4739 | RMSE 683.6477 | %RMSE 9.4974 | 경과 18.8분 | 예상 남음 8.6분
Starting Iterative Proportional Fitting (IPF)...
IPF converged at iteration 31
IPF row error: 82.231176, col error: 0.000000
IPF converged at iteration 54
IPF row error: 1.278717, col error: 0.000000
Starting Iterative Proportional Fitting (IPF)...
Starting Iterative Proportional Fitting (IPF)...
IPF converged at iteration 27
IPF row error: 134.855566, col error: 0.000000
IPF converged at iteration 31
IPF row error: 66.977329, col error: 0.000000
IPF converged at iteration 54
IPF row error: 1.261622, col error: 0.000000
Starting Iterative Proportional Fitting (IPF)...
Starting Iterative Proportional Fitting (IPF)...
IPF converged at iteration 54
Starting Iterative Proportional Fitting (IPF)...
IPF row error: 1.261622, col error: 0.000000
Starting Iterative Proportional Fitting (IPF)...
IPF converged at iteration 30
IPF row error: 87.153450, col error: 0.000000
Starting Iterative Proportional Fitting (IPF)...
IPF converged at iteration 54
IPF row error: 1.261622, col error: 0.000000
IPF converged at iteration 49
IPF row error: 1.394705, col error: 0.000000
IPF converged at iteration 54
Starting Iterative Proportional Fitting (IPF)...
IPF row error: 1.261622, col error: 0.000000
Starting Iterative Proportional Fitting (IPF)...
Starting Iterative Proportional Fitting (IPF)...
IPF converged at iteration 28
IPF row error: 139.391522, col error: 0.000000
Starting Iterative Proportional Fitting (IPF)...
IPF converged at iteration 32
IPF row error: 71.049663, col error: 0.000000
IPF converged at iteration 26
IPF row error: 189.663769, col error: 0.000000
Starting Iterative Proportional Fitting (IPF)...
Starting Iterative Proportional Fitting (IPF)...
IPF converged at iteration 54
IPF row error: 1.261622, col error: 0.000000
IPF converged at iteration 54
IPF row error: 1.261622, col error: 0.000000
Starting Iterative Proportional Fitting (IPF)...
Starting Iterative Proportional Fitting (IPF)...
IPF converged at iteration 31
IPF row error: 66.529382, col error: 0.000000
Starting Iterative Proportional Fitting (IPF)...
IPF converged at iteration 29
IPF row error: 103.563914, col error: 0.000000
IPF converged at iteration 54
IPF row error: 1.261622, col error: 0.000000
IPF converged at iteration 32
IPF row error: 62.741056, col error: 0.000000
Starting Iterative Proportional Fitting (IPF)...
Starting Iterative Proportional Fitting (IPF)...
Starting Iterative Proportional Fitting (IPF)...
IPF converged at iteration 30
IPF row error: 93.080393, col error: 0.000000
IPF converged at iteration 54
IPF row error: 1.261622, col error: 0.000000
Starting Iterative Proportional Fitting (IPF)...
IPF converged at iteration 36
Starting Iterative Proportional Fitting (IPF)...
IPF row error: 28.217691, col error: 0.000000
Starting Iterative Proportional Fitting (IPF)...
IPF converged at iteration 54
IPF row error: 1.261622, col error: 0.000000
Starting Iterative Proportional Fitting (IPF)...
IPF converged at iteration 39
IPF row error: 13.447887, col error: 0.000000
Starting Iterative Proportional Fitting (IPF)...
IPF converged at iteration 28
IPF row error: 104.903056, col error: 0.000000
Starting Iterative Proportional Fitting (IPF)...
IPF converged at iteration 54
IPF row error: 1.261622, col error: 0.000000
IPF converged at iteration 54
IPF row error: 1.261622, col error: 0.000000
Starting Iterative Proportional Fitting (IPF)...
Starting Iterative Proportional Fitting (IPF)...
IPF converged at iteration 33
IPF row error: 42.329972, col error: 0.000000
Starting Iterative Proportional Fitting (IPF)...
IPF converged at iteration 54
IPF converged at iteration 32
IPF converged at iteration 31
IPF row error: 1.261622, col error: 0.000000
IPF row error: 65.893295, col error: 0.000000IPF row error: 65.881964, col error: 0.000000

  [2023/test] 진행 1230/1750 (70.3%) | 누적 CPC 0.4642 | RMSE 673.9326 | %RMSE 9.4510 | 경과 19.2분 | 예상 남음 8.1분
Starting Iterative Proportional Fitting (IPF)...
Starting Iterative Proportional Fitting (IPF)...Starting Iterative Proportional Fitting (IPF)...

IPF converged at iteration 29
IPF row error: 87.241303, col error: 0.000000
IPF converged at iteration 31
IPF row error: 78.924263, col error: 0.000000
Starting Iterative Proportional Fitting (IPF)...
Starting Iterative Proportional Fitting (IPF)...
IPF converged at iteration 54
IPF row error: 1.261622, col error: 0.000000
Starting Iterative Proportional Fitting (IPF)...
IPF converged at iteration 54
IPF row error: 1.261622, col error: 0.000000
Starting Iterative Proportional Fitting (IPF)...
IPF converged at iteration 54
IPF row error: 1.261622, col error: 0.000000
IPF converged at iteration 54
IPF row error: 1.261622, col error: 0.000000
Starting Iterative Proportional Fitting (IPF)...
Starting Iterative Proportional Fitting (IPF)...
IPF converged at iteration 54
IPF row error: 1.261622, col error: 0.000000
IPF converged at iteration 50
IPF row error: 1.359477, col error: 0.000000
Starting Iterative Proportional Fitting (IPF)...
Starting Iterative Proportional Fitting (IPF)...
IPF converged at iteration 28
IPF row error: 110.645594, col error: 0.000000
Starting Iterative Proportional Fitting (IPF)...
IPF converged at iteration 54
IPF converged at iteration 31
IPF row error: 1.261622, col error: 0.000000
IPF row error: 76.451556, col error: 0.000000
Starting Iterative Proportional Fitting (IPF)...
Starting Iterative Proportional Fitting (IPF)...
IPF converged at iteration 54
IPF row error: 1.261622, col error: 0.000000
Starting Iterative Proportional Fitting (IPF)...
IPF converged at iteration 54
IPF row error: 1.261622, col error: 0.000000
Starting Iterative Proportional Fitting (IPF)...
IPF converged at iteration 39
IPF row error: 13.832650, col error: 0.000000
Starting Iterative Proportional Fitting (IPF)...
IPF converged at iteration 54
IPF row error: 1.261622, col error: 0.000000
Starting Iterative Proportional Fitting (IPF)...
IPF converged at iteration 54
IPF converged at iteration 32
IPF row error: 1.261622, col error: 0.000000
IPF row error: 61.792002, col error: 0.000000
Starting Iterative Proportional Fitting (IPF)...
IPF converged at iteration 54
Starting Iterative Proportional Fitting (IPF)...
IPF row error: 1.261622, col error: 0.000000
Starting Iterative Proportional Fitting (IPF)...
IPF converged at iteration 54
IPF row error: 1.261622, col error: 0.000000
IPF converged at iteration 28
IPF row error: 135.683727, col error: 0.000000
Starting Iterative Proportional Fitting (IPF)...
Starting Iterative Proportional Fitting (IPF)...
IPF converged at iteration 35
IPF row error: 42.573632, col error: 0.000000
Starting Iterative Proportional Fitting (IPF)...
IPF converged at iteration 47
IPF row error: 2.207745, col error: 0.000000
Starting Iterative Proportional Fitting (IPF)...
IPF converged at iteration 29
IPF row error: 101.869533, col error: 0.000000
Starting Iterative Proportional Fitting (IPF)...
IPF converged at iteration 31
IPF row error: 89.941496, col error: 0.000000
Starting Iterative Proportional Fitting (IPF)...
IPF converged at iteration 28
IPF row error: 129.312319, col error: 0.000000
IPF converged at iteration 52
IPF row error: 1.225963, col error: 0.000000
Starting Iterative Proportional Fitting (IPF)...
Starting Iterative Proportional Fitting (IPF)...
IPF converged at iteration 32
IPF row error: 71.277459, col error: 0.000000
Starting Iterative Proportional Fitting (IPF)...
IPF converged at iteration 28
IPF row error: 121.934789, col error: 0.000000
Starting Iterative Proportional Fitting (IPF)...
IPF converged at iteration 46
IPF row error: 2.944043, col error: 0.000000
  [2023/test] 진행 1260/1750 (72.0%) | 누적 CPC 0.4559 | RMSE 670.1674 | %RMSE 9.4468 | 경과 19.9분 | 예상 남음 7.7분
Starting Iterative Proportional Fitting (IPF)...
IPF converged at iteration 46
IPF row error: 2.944043, col error: 0.000000
Starting Iterative Proportional Fitting (IPF)...
IPF converged at iteration 52
IPF row error: 1.226619, col error: 0.000000
Starting Iterative Proportional Fitting (IPF)...
IPF converged at iteration 36
IPF row error: 31.665578, col error: 0.000000
IPF converged at iteration 47
IPF row error: 2.396485, col error: 0.000000
Starting Iterative Proportional Fitting (IPF)...
Starting Iterative Proportional Fitting (IPF)...
IPF converged at iteration 44
IPF row error: 4.620552, col error: 0.000000
Starting Iterative Proportional Fitting (IPF)...
IPF converged at iteration 32
IPF row error: 70.280446, col error: 0.000000
IPF converged at iteration 32
IPF row error: 63.474477, col error: 0.000000
Starting Iterative Proportional Fitting (IPF)...
Starting Iterative Proportional Fitting (IPF)...
IPF converged at iteration 28
IPF row error: 126.192791, col error: 0.000000
Starting Iterative Proportional Fitting (IPF)...
IPF converged at iteration 52
IPF row error: 1.288885, col error: 0.000000
Starting Iterative Proportional Fitting (IPF)...
IPF converged at iteration 33
IPF row error: 67.617276, col error: 0.000000
Starting Iterative Proportional Fitting (IPF)...
IPF converged at iteration 31
IPF row error: 85.311220, col error: 0.000000
Starting Iterative Proportional Fitting (IPF)...
IPF converged at iteration 52
IPF row error: 1.349208, col error: 0.000000
Starting Iterative Proportional Fitting (IPF)...
IPF converged at iteration 33
IPF row error: 57.672710, col error: 0.000000
Starting Iterative Proportional Fitting (IPF)...
IPF converged at iteration 52
IPF row error: 1.221168, col error: 0.000000
Starting Iterative Proportional Fitting (IPF)...
IPF converged at iteration 29
IPF row error: 101.913963, col error: 0.000000
Starting Iterative Proportional Fitting (IPF)...
IPF converged at iteration 52
IPF row error: 1.349208, col error: 0.000000
Starting Iterative Proportional Fitting (IPF)...
IPF converged at iteration 32
IPF row error: 72.517721, col error: 0.000000
Starting Iterative Proportional Fitting (IPF)...
IPF converged at iteration 33
IPF row error: 61.286197, col error: 0.000000
Starting Iterative Proportional Fitting (IPF)...
IPF converged at iteration 47
IPF row error: 2.216090, col error: 0.000000
IPF converged at iteration 31
IPF converged at iteration 52
IPF row error: 79.728478, col error: 0.000000
IPF row error: 1.225577, col error: 0.000000
Starting Iterative Proportional Fitting (IPF)...
Starting Iterative Proportional Fitting (IPF)...
Starting Iterative Proportional Fitting (IPF)...
IPF converged at iteration 32
IPF row error: 68.800391, col error: 0.000000
Starting Iterative Proportional Fitting (IPF)...
IPF converged at iteration 52
IPF row error: 1.288885, col error: 0.000000
Starting Iterative Proportional Fitting (IPF)...
IPF converged at iteration 50
IPF row error: 1.235799, col error: 0.000000
IPF converged at iteration 55
IPF row error: 1.375120, col error: 0.000000
Starting Iterative Proportional Fitting (IPF)...
Starting Iterative Proportional Fitting (IPF)...
IPF converged at iteration 47
IPF row error: 2.349377, col error: 0.000000
IPF converged at iteration 32
IPF row error: 67.829123, col error: 0.000000
Starting Iterative Proportional Fitting (IPF)...
Starting Iterative Proportional Fitting (IPF)...
IPF converged at iteration 44
IPF row error: 4.392906, col error: 0.000000
Starting Iterative Proportional Fitting (IPF)...
IPF converged at iteration 52
IPF row error: 1.288885, col error: 0.000000
Starting Iterative Proportional Fitting (IPF)...
IPF converged at iteration 28
IPF row error: 199.152325, col error: 0.000000
  [2023/test] 진행 1290/1750 (73.7%) | 누적 CPC 0.4519 | RMSE 673.6217 | %RMSE 9.5161 | 경과 20.6분 | 예상 남음 7.4분
Starting Iterative Proportional Fitting (IPF)...
IPF converged at iteration 32
IPF row error: 65.619437, col error: 0.000000
Starting Iterative Proportional Fitting (IPF)...
IPF converged at iteration 55
IPF row error: 1.429698, col error: 0.000000
Starting Iterative Proportional Fitting (IPF)...
IPF converged at iteration 49
IPF row error: 1.482508, col error: 0.000000
Starting Iterative Proportional Fitting (IPF)...
IPF converged at iteration 47
IPF row error: 2.396485, col error: 0.000000
Starting Iterative Proportional Fitting (IPF)...
IPF converged at iteration 47
IPF row error: 2.207745, col error: 0.000000
Starting Iterative Proportional Fitting (IPF)...
IPF converged at iteration 44
IPF row error: 4.586365, col error: 0.000000
Starting Iterative Proportional Fitting (IPF)...
IPF converged at iteration 52
IPF row error: 1.225963, col error: 0.000000
Starting Iterative Proportional Fitting (IPF)...
IPF converged at iteration 55
IPF row error: 1.375120, col error: 0.000000
Starting Iterative Proportional Fitting (IPF)...
IPF converged at iteration 52
IPF row error: 1.227093, col error: 0.000000
Starting Iterative Proportional Fitting (IPF)...
IPF converged at iteration 49
IPF row error: 1.516812, col error: 0.000000
Starting Iterative Proportional Fitting (IPF)...
IPF converged at iteration 27
IPF row error: 120.298011, col error: 0.000000
Starting Iterative Proportional Fitting (IPF)...
IPF converged at iteration 29
IPF row error: 135.787301, col error: 0.000000
Starting Iterative Proportional Fitting (IPF)...
IPF converged at iteration 30
IPF row error: 86.316902, col error: 0.000000
Starting Iterative Proportional Fitting (IPF)...
IPF converged at iteration 53
IPF row error: 1.295818, col error: 0.000000
Starting Iterative Proportional Fitting (IPF)...
IPF converged at iteration 48
IPF row error: 1.740352, col error: 0.000000
Starting Iterative Proportional Fitting (IPF)...
IPF converged at iteration 48
IPF row error: 1.740352, col error: 0.000000
IPF converged at iteration 31
IPF row error: 74.919623, col error: 0.000000
Starting Iterative Proportional Fitting (IPF)...
Starting Iterative Proportional Fitting (IPF)...
IPF converged at iteration 48
IPF row error: 1.740352, col error: 0.000000
Starting Iterative Proportional Fitting (IPF)...
IPF converged at iteration 48
IPF row error: 1.754744, col error: 0.000000
Starting Iterative Proportional Fitting (IPF)...
IPF converged at iteration 30
IPF row error: 96.434289, col error: 0.000000
Starting Iterative Proportional Fitting (IPF)...
IPF converged at iteration 53
IPF converged at iteration 54
IPF row error: 1.299640, col error: 0.000000
IPF row error: 1.283190, col error: 0.000000
Starting Iterative Proportional Fitting (IPF)...
Starting Iterative Proportional Fitting (IPF)...
IPF converged at iteration 48
IPF row error: 1.754744, col error: 0.000000
Starting Iterative Proportional Fitting (IPF)...
IPF converged at iteration 32
IPF row error: 68.584974, col error: 0.000000
Starting Iterative Proportional Fitting (IPF)...
IPF converged at iteration 48
IPF row error: 1.740352, col error: 0.000000
Starting Iterative Proportional Fitting (IPF)...
IPF converged at iteration 30
IPF converged at iteration 53
IPF row error: 68.530815, col error: 0.000000
IPF row error: 1.295818, col error: 0.000000
Starting Iterative Proportional Fitting (IPF)...
Starting Iterative Proportional Fitting (IPF)...
IPF converged at iteration 32
IPF row error: 69.766252, col error: 0.000000
Starting Iterative Proportional Fitting (IPF)...
IPF converged at iteration 48
IPF row error: 1.754744, col error: 0.000000
IPF converged at iteration 37
Starting Iterative Proportional Fitting (IPF)...
IPF row error: 23.243897, col error: 0.000000
  [2023/test] 진행 1320/1750 (75.4%) | 누적 CPC 0.4456 | RMSE 685.9084 | %RMSE 9.6040 | 경과 21.2분 | 예상 남음 6.9분
Starting Iterative Proportional Fitting (IPF)...
IPF converged at iteration 48
IPF converged at iteration 32
IPF row error: 1.740352, col error: 0.000000
IPF row error: 65.995399, col error: 0.000000
Starting Iterative Proportional Fitting (IPF)...
Starting Iterative Proportional Fitting (IPF)...
IPF converged at iteration 29
IPF row error: 96.137205, col error: 0.000000
IPF converged at iteration 36
IPF row error: 28.160759, col error: 0.000000
Starting Iterative Proportional Fitting (IPF)...
Starting Iterative Proportional Fitting (IPF)...
IPF converged at iteration 26
IPF row error: 171.727568, col error: 0.000000
Starting Iterative Proportional Fitting (IPF)...
IPF converged at iteration 53
IPF row error: 1.295818, col error: 0.000000
IPF converged at iteration 31
IPF row error: 62.313095, col error: 0.000000
Starting Iterative Proportional Fitting (IPF)...
Starting Iterative Proportional Fitting (IPF)...
IPF converged at iteration 30
IPF row error: 84.807384, col error: 0.000000
Starting Iterative Proportional Fitting (IPF)...
IPF converged at iteration 48
IPF row error: 1.754744, col error: 0.000000
Starting Iterative Proportional Fitting (IPF)...
IPF converged at iteration 30
IPF row error: 83.302367, col error: 0.000000
Starting Iterative Proportional Fitting (IPF)...
IPF converged at iteration 32
IPF row error: 65.973504, col error: 0.000000
Starting Iterative Proportional Fitting (IPF)...
IPF converged at iteration 32
IPF row error: 72.379555, col error: 0.000000
IPF converged at iteration 53
IPF row error: 1.295818, col error: 0.000000
Starting Iterative Proportional Fitting (IPF)...
Starting Iterative Proportional Fitting (IPF)...
IPF converged at iteration 25
IPF row error: 195.129641, col error: 0.000000
IPF converged at iteration 48
Starting Iterative Proportional Fitting (IPF)...
IPF row error: 1.754744, col error: 0.000000
Starting Iterative Proportional Fitting (IPF)...
IPF converged at iteration 31
IPF row error: 79.582249, col error: 0.000000
Starting Iterative Proportional Fitting (IPF)...
IPF converged at iteration 54
IPF row error: 1.283190, col error: 0.000000
Starting Iterative Proportional Fitting (IPF)...
IPF converged at iteration 36
IPF row error: 29.516048, col error: 0.000000
Starting Iterative Proportional Fitting (IPF)...
IPF converged at iteration 32
IPF row error: 64.426782, col error: 0.000000
Starting Iterative Proportional Fitting (IPF)...
IPF converged at iteration 48
IPF row error: 1.754744, col error: 0.000000
Starting Iterative Proportional Fitting (IPF)...
IPF converged at iteration 48
IPF row error: 1.754744, col error: 0.000000
Starting Iterative Proportional Fitting (IPF)...
IPF converged at iteration 31
IPF row error: 68.299252, col error: 0.000000
Starting Iterative Proportional Fitting (IPF)...
IPF converged at iteration 29
IPF row error: 106.947326, col error: 0.000000
IPF converged at iteration 48
IPF row error: 1.754744, col error: 0.000000
Starting Iterative Proportional Fitting (IPF)...
Starting Iterative Proportional Fitting (IPF)...
IPF converged at iteration 29
IPF row error: 83.320517, col error: 0.000000
Starting Iterative Proportional Fitting (IPF)...
IPF converged at iteration 53
IPF converged at iteration 48
IPF row error: 1.305487, col error: 0.000000
IPF row error: 1.754744, col error: 0.000000
Starting Iterative Proportional Fitting (IPF)...
Starting Iterative Proportional Fitting (IPF)...
IPF converged at iteration 48
IPF row error: 1.754744, col error: 0.000000
Starting Iterative Proportional Fitting (IPF)...
IPF converged at iteration 29
IPF row error: 109.824475, col error: 0.000000
Starting Iterative Proportional Fitting (IPF)...
IPF converged at iteration 31
IPF row error: 80.186348, col error: 0.000000
  [2023/test] 진행 1350/1750 (77.1%) | 누적 CPC 0.4384 | RMSE 704.2776 | %RMSE 9.7076 | 경과 21.7분 | 예상 남음 6.4분
Starting Iterative Proportional Fitting (IPF)...
IPF converged at iteration 51
IPF row error: 1.368898, col error: 0.000000
IPF converged at iteration 53
IPF row error: 1.299640, col error: 0.000000
Starting Iterative Proportional Fitting (IPF)...
Starting Iterative Proportional Fitting (IPF)...
IPF converged at iteration 50
IPF row error: 1.359899, col error: 0.000000
Starting Iterative Proportional Fitting (IPF)...
IPF converged at iteration 28
IPF row error: 113.826002, col error: 0.000000
Starting Iterative Proportional Fitting (IPF)...
IPF converged at iteration 46
IPF row error: 3.015626, col error: 0.000000
Starting Iterative Proportional Fitting (IPF)...
IPF converged at iteration 50
IPF row error: 1.359899, col error: 0.000000
Starting Iterative Proportional Fitting (IPF)...
IPF converged at iteration 31
IPF row error: 87.812460, col error: 0.000000
Starting Iterative Proportional Fitting (IPF)...
IPF converged at iteration 29
IPF row error: 73.355894, col error: 0.000000
Starting Iterative Proportional Fitting (IPF)...
IPF converged at iteration 32
IPF row error: 160.555913, col error: 0.000000
Starting Iterative Proportional Fitting (IPF)...
IPF converged at iteration 40
IPF row error: 10.921884, col error: 0.000000
IPF converged at iteration 50
IPF row error: 1.330927, col error: 0.000000
Starting Iterative Proportional Fitting (IPF)...
Starting Iterative Proportional Fitting (IPF)...
IPF converged at iteration 50
IPF row error: 1.279468, col error: 0.000000
Starting Iterative Proportional Fitting (IPF)...
IPF converged at iteration 51
IPF row error: 1.368898, col error: 0.000000
Starting Iterative Proportional Fitting (IPF)...
IPF converged at iteration 29
IPF row error: 77.197908, col error: 0.000000
Starting Iterative Proportional Fitting (IPF)...
IPF converged at iteration 33
IPF row error: 38.201757, col error: 0.000000
IPF converged at iteration 57
IPF row error: 1.324476, col error: 0.000000
Starting Iterative Proportional Fitting (IPF)...
Starting Iterative Proportional Fitting (IPF)...
IPF converged at iteration 30
IPF row error: 109.826773, col error: 0.000000
IPF converged at iteration 50
IPF row error: 1.330927, col error: 0.000000
Starting Iterative Proportional Fitting (IPF)...
Starting Iterative Proportional Fitting (IPF)...
IPF converged at iteration 29
IPF row error: 88.344311, col error: 0.000000
IPF converged at iteration 30
Starting Iterative Proportional Fitting (IPF)...IPF row error: 83.814557, col error: 0.000000

Starting Iterative Proportional Fitting (IPF)...
IPF converged at iteration 50
IPF row error: 1.316151, col error: 0.000000
Starting Iterative Proportional Fitting (IPF)...
IPF converged at iteration 57
IPF row error: 1.309364, col error: 0.000000
Starting Iterative Proportional Fitting (IPF)...
IPF converged at iteration 29
IPF row error: 98.097540, col error: 0.000000
IPF converged at iteration 29
IPF row error: 96.589248, col error: 0.000000
Starting Iterative Proportional Fitting (IPF)...
Starting Iterative Proportional Fitting (IPF)...
IPF converged at iteration 29
IPF converged at iteration 51
IPF row error: 98.224097, col error: 0.000000
IPF row error: 1.368898, col error: 0.000000
Starting Iterative Proportional Fitting (IPF)...
Starting Iterative Proportional Fitting (IPF)...
IPF converged at iteration 46
IPF row error: 2.659278, col error: 0.000000
IPF converged at iteration 32
IPF row error: 62.673580, col error: 0.000000
Starting Iterative Proportional Fitting (IPF)...
Starting Iterative Proportional Fitting (IPF)...
IPF converged at iteration 29
IPF row error: 145.826693, col error: 0.000000
Starting Iterative Proportional Fitting (IPF)...
IPF converged at iteration 30
IPF row error: 90.309446, col error: 0.000000
  [2023/test] 진행 1380/1750 (78.9%) | 누적 CPC 0.4346 | RMSE 730.3373 | %RMSE 9.9001 | 경과 22.2분 | 예상 남음 5.9분
Starting Iterative Proportional Fitting (IPF)...
IPF converged at iteration 50
IPF row error: 1.359899, col error: 0.000000
Starting Iterative Proportional Fitting (IPF)...
IPF converged at iteration 51
IPF row error: 1.441266, col error: 0.000000
Starting Iterative Proportional Fitting (IPF)...
IPF converged at iteration 28
IPF row error: 108.350242, col error: 0.000000
Starting Iterative Proportional Fitting (IPF)...
IPF converged at iteration 31
IPF row error: 184.405209, col error: 0.000000
Starting Iterative Proportional Fitting (IPF)...
IPF converged at iteration 27
IPF row error: 78.878206, col error: 0.000000
Starting Iterative Proportional Fitting (IPF)...
IPF converged at iteration 29
IPF row error: 121.825267, col error: 0.000000
Starting Iterative Proportional Fitting (IPF)...
IPF converged at iteration 50
IPF row error: 1.359899, col error: 0.000000
Starting Iterative Proportional Fitting (IPF)...
IPF converged at iteration 57
IPF row error: 1.401044, col error: 0.000000
Starting Iterative Proportional Fitting (IPF)...
IPF converged at iteration 50
IPF row error: 1.279468, col error: 0.000000
Starting Iterative Proportional Fitting (IPF)...
IPF converged at iteration 57
IPF row error: 1.330034, col error: 0.000000
IPF converged at iteration 50
Starting Iterative Proportional Fitting (IPF)...
IPF row error: 1.347617, col error: 0.000000
Starting Iterative Proportional Fitting (IPF)...
IPF converged at iteration 50
IPF row error: 5.206052, col error: 0.000000
Starting Iterative Proportional Fitting (IPF)...
IPF converged at iteration 33
IPF row error: 56.264867, col error: 0.000000
Starting Iterative Proportional Fitting (IPF)...
IPF converged at iteration 50
IPF row error: 1.330927, col error: 0.000000
Starting Iterative Proportional Fitting (IPF)...
IPF converged at iteration 57
IPF row error: 1.361231, col error: 0.000000
Starting Iterative Proportional Fitting (IPF)...
IPF converged at iteration 50
IPF row error: 1.330927, col error: 0.000000
IPF converged at iteration 57
IPF row error: 1.361231, col error: 0.000000
Starting Iterative Proportional Fitting (IPF)...
Starting Iterative Proportional Fitting (IPF)...
IPF converged at iteration 32
IPF row error: 65.498821, col error: 0.000000
IPF converged at iteration 57
IPF row error: 1.330034, col error: 0.000000
Starting Iterative Proportional Fitting (IPF)...
Starting Iterative Proportional Fitting (IPF)...
IPF converged at iteration 29
IPF row error: 110.602875, col error: 0.000000
Starting Iterative Proportional Fitting (IPF)...
IPF converged at iteration 45
IPF row error: 3.243327, col error: 0.000000
Starting Iterative Proportional Fitting (IPF)...
IPF converged at iteration 51
IPF row error: 1.441266, col error: 0.000000
Starting Iterative Proportional Fitting (IPF)...
IPF converged at iteration 53
IPF row error: 1.384347, col error: 0.000000
Starting Iterative Proportional Fitting (IPF)...
IPF converged at iteration 29
IPF row error: 94.008656, col error: 0.000000
IPF converged at iteration 28
IPF row error: 114.759579, col error: 0.000000
Starting Iterative Proportional Fitting (IPF)...
Starting Iterative Proportional Fitting (IPF)...
IPF converged at iteration 42
IPF row error: 6.239229, col error: 0.000000
Starting Iterative Proportional Fitting (IPF)...
IPF converged at iteration 42
IPF row error: 6.372834, col error: 0.000000
Starting Iterative Proportional Fitting (IPF)...
IPF converged at iteration 32
IPF row error: 61.942820, col error: 0.000000
Starting Iterative Proportional Fitting (IPF)...
IPF converged at iteration 42
IPF row error: 6.304223, col error: 0.000000
Starting Iterative Proportional Fitting (IPF)...
IPF converged at iteration 53
IPF row error: 1.400549, col error: 0.000000
  [2023/test] 진행 1410/1750 (80.6%) | 누적 CPC 0.4304 | RMSE 754.7509 | %RMSE 10.0688 | 경과 22.7분 | 예상 남음 5.5분
Starting Iterative Proportional Fitting (IPF)...
IPF converged at iteration 29
IPF row error: 26.453162, col error: 0.000000
IPF converged at iteration 42
IPF row error: 6.322933, col error: 0.000000
Starting Iterative Proportional Fitting (IPF)...
IPF converged at iteration 32
Starting Iterative Proportional Fitting (IPF)...
IPF row error: 72.121441, col error: 0.000000
Starting Iterative Proportional Fitting (IPF)...
IPF converged at iteration 27
IPF row error: 190.268170, col error: 0.000000
Starting Iterative Proportional Fitting (IPF)...
IPF converged at iteration 30
IPF row error: 73.294251, col error: 0.000000
IPF converged at iteration 28
IPF row error: 138.949496, col error: 0.000000
Starting Iterative Proportional Fitting (IPF)...
Starting Iterative Proportional Fitting (IPF)...
IPF converged at iteration 42
IPF row error: 6.353575, col error: 0.000000
Starting Iterative Proportional Fitting (IPF)...
IPF converged at iteration 45
IPF row error: 3.248243, col error: 0.000000
Starting Iterative Proportional Fitting (IPF)...
IPF converged at iteration 29
IPF row error: 100.795220, col error: 0.000000
Starting Iterative Proportional Fitting (IPF)...
IPF converged at iteration 29
IPF row error: 87.040984, col error: 0.000000
Starting Iterative Proportional Fitting (IPF)...
IPF converged at iteration 53
IPF row error: 1.374938, col error: 0.000000
Starting Iterative Proportional Fitting (IPF)...
IPF converged at iteration 28
IPF row error: 141.633554, col error: 0.000000
IPF converged at iteration 42
IPF row error: 6.248263, col error: 0.000000
Starting Iterative Proportional Fitting (IPF)...
Starting Iterative Proportional Fitting (IPF)...
IPF converged at iteration 42
IPF row error: 6.353575, col error: 0.000000
Starting Iterative Proportional Fitting (IPF)...
IPF converged at iteration 31
IPF row error: 78.411727, col error: 0.000000
Starting Iterative Proportional Fitting (IPF)...
IPF converged at iteration 42
IPF row error: 6.342305, col error: 0.000000
IPF converged at iteration 42
IPF row error: 6.313593, col error: 0.000000
Starting Iterative Proportional Fitting (IPF)...
Starting Iterative Proportional Fitting (IPF)...
IPF converged at iteration 45
IPF converged at iteration 42
IPF row error: 6.239229, col error: 0.000000
IPF row error: 3.243327, col error: 0.000000
Starting Iterative Proportional Fitting (IPF)...
Starting Iterative Proportional Fitting (IPF)...
IPF converged at iteration 28
IPF row error: 81.381193, col error: 0.000000
Starting Iterative Proportional Fitting (IPF)...
IPF converged at iteration 42
IPF row error: 6.384030, col error: 0.000000
Starting Iterative Proportional Fitting (IPF)...
IPF converged at iteration 34
IPF row error: 40.071192, col error: 0.000000
Starting Iterative Proportional Fitting (IPF)...
IPF converged at iteration 41
IPF row error: 8.805212, col error: 0.000000
Starting Iterative Proportional Fitting (IPF)...
IPF converged at iteration 42
IPF row error: 6.295805, col error: 0.000000
Starting Iterative Proportional Fitting (IPF)...
IPF converged at iteration 34
IPF row error: 41.584399, col error: 0.000000
Starting Iterative Proportional Fitting (IPF)...
IPF converged at iteration 26
IPF row error: 163.814230, col error: 0.000000
Starting Iterative Proportional Fitting (IPF)...
IPF converged at iteration 30
IPF row error: 80.029705, col error: 0.000000
Starting Iterative Proportional Fitting (IPF)...
IPF converged at iteration 50
IPF row error: 5.408630, col error: 0.000000
Starting Iterative Proportional Fitting (IPF)...
IPF converged at iteration 45
IPF converged at iteration 29
IPF row error: 3.247963, col error: 0.000000
IPF row error: 89.481052, col error: 0.000000
  [2023/test] 진행 1440/1750 (82.3%) | 누적 CPC 0.4272 | RMSE 772.4876 | %RMSE 10.1671 | 경과 23.2분 | 예상 남음 5.0분
Starting Iterative Proportional Fitting (IPF)...
Starting Iterative Proportional Fitting (IPF)...
IPF converged at iteration 30
IPF row error: 90.351687, col error: 0.000000
Starting Iterative Proportional Fitting (IPF)...
IPF converged at iteration 45
IPF row error: 3.250367, col error: 0.000000
IPF converged at iteration 27
Starting Iterative Proportional Fitting (IPF)...
IPF row error: 118.118098, col error: 0.000000
Starting Iterative Proportional Fitting (IPF)...
IPF converged at iteration 29
IPF row error: 96.363571, col error: 0.000000
Starting Iterative Proportional Fitting (IPF)...
IPF converged at iteration 53
IPF row error: 1.365786, col error: 0.000000
Starting Iterative Proportional Fitting (IPF)...
IPF converged at iteration 30
IPF row error: 71.910198, col error: 0.000000
Starting Iterative Proportional Fitting (IPF)...
IPF converged at iteration 32
IPF row error: 67.567855, col error: 0.000000
Starting Iterative Proportional Fitting (IPF)...
IPF converged at iteration 31
IPF row error: 78.979557, col error: 0.000000
IPF converged at iteration 29
IPF row error: 113.818569, col error: 0.000000
Starting Iterative Proportional Fitting (IPF)...
Starting Iterative Proportional Fitting (IPF)...
IPF converged at iteration 31
IPF row error: 79.564168, col error: 0.000000
Starting Iterative Proportional Fitting (IPF)...
IPF converged at iteration 42
IPF row error: 6.304223, col error: 0.000000
Starting Iterative Proportional Fitting (IPF)...
IPF converged at iteration 32
IPF row error: 65.745732, col error: 0.000000
IPF converged at iteration 46
IPF row error: 2.607536, col error: 0.000000
Starting Iterative Proportional Fitting (IPF)...
Starting Iterative Proportional Fitting (IPF)...
IPF converged at iteration 31
IPF row error: 73.882426, col error: 0.000000
IPF converged at iteration 51
Starting Iterative Proportional Fitting (IPF)...
IPF row error: 1.211792, col error: 0.000000
Starting Iterative Proportional Fitting (IPF)...
IPF converged at iteration 32
IPF row error: 82.793584, col error: 0.000000
Starting Iterative Proportional Fitting (IPF)...
IPF converged at iteration 29
IPF row error: 80.757929, col error: 0.000000
Starting Iterative Proportional Fitting (IPF)...
IPF converged at iteration 51
IPF row error: 1.213953, col error: 0.000000
Starting Iterative Proportional Fitting (IPF)...
IPF converged at iteration 52
IPF row error: 1.397463, col error: 0.000000
IPF converged at iteration 30
Starting Iterative Proportional Fitting (IPF)...
IPF row error: 82.555239, col error: 0.000000
Starting Iterative Proportional Fitting (IPF)...
IPF converged at iteration 31
IPF row error: 85.766357, col error: 0.000000
Starting Iterative Proportional Fitting (IPF)...
IPF converged at iteration 30
IPF row error: 237.682478, col error: 0.000000
Starting Iterative Proportional Fitting (IPF)...
IPF converged at iteration 28
IPF row error: 143.285290, col error: 0.000000
Starting Iterative Proportional Fitting (IPF)...
IPF converged at iteration 29
IPF row error: 75.240752, col error: 0.000000
Starting Iterative Proportional Fitting (IPF)...
IPF converged at iteration 46
IPF row error: 2.600115, col error: 0.000000
Starting Iterative Proportional Fitting (IPF)...
IPF converged at iteration 46
IPF row error: 2.595290, col error: 0.000000
IPF converged at iteration 33
IPF row error: 38.418531, col error: 0.000000
Starting Iterative Proportional Fitting (IPF)...
Starting Iterative Proportional Fitting (IPF)...
IPF converged at iteration 30
IPF row error: 87.148023, col error: 0.000000
IPF converged at iteration 52
IPF row error: 1.428032, col error: 0.000000
Starting Iterative Proportional Fitting (IPF)...
Starting Iterative Proportional Fitting (IPF)...
IPF converged at iteration 31
IPF row error: 54.769917, col error: 0.000000
  [2023/test] 진행 1470/1750 (84.0%) | 누적 CPC 0.4244 | RMSE 780.8394 | %RMSE 10.2158 | 경과 23.7분 | 예상 남음 4.5분
IPF converged at iteration 46
IPF row error: 2.585770, col error: 0.000000
Starting Iterative Proportional Fitting (IPF)...
Starting Iterative Proportional Fitting (IPF)...
IPF converged at iteration 52
IPF row error: 1.405724, col error: 0.000000
Starting Iterative Proportional Fitting (IPF)...
IPF converged at iteration 52
IPF row error: 1.428032, col error: 0.000000
Starting Iterative Proportional Fitting (IPF)...
IPF converged at iteration 29
IPF row error: 89.513490, col error: 0.000000
Starting Iterative Proportional Fitting (IPF)...
IPF converged at iteration 50
IPF row error: 1.444283, col error: 0.000000
IPF converged at iteration 35
Starting Iterative Proportional Fitting (IPF)...
IPF row error: 35.420955, col error: 0.000000
Starting Iterative Proportional Fitting (IPF)...
IPF converged at iteration 46
IPF row error: 2.594099, col error: 0.000000
Starting Iterative Proportional Fitting (IPF)...
IPF converged at iteration 46
IPF row error: 2.601169, col error: 0.000000
Starting Iterative Proportional Fitting (IPF)...
IPF converged at iteration 33
IPF row error: 53.245267, col error: 0.000000
Starting Iterative Proportional Fitting (IPF)...
IPF converged at iteration 46
IPF row error: 2.585770, col error: 0.000000
Starting Iterative Proportional Fitting (IPF)...
IPF converged at iteration 52
IPF row error: 1.429981, col error: 0.000000
Starting Iterative Proportional Fitting (IPF)...
IPF converged at iteration 29
IPF row error: 93.693354, col error: 0.000000
Starting Iterative Proportional Fitting (IPF)...
IPF converged at iteration 27
IPF row error: 125.782692, col error: 0.000000
Starting Iterative Proportional Fitting (IPF)...
IPF converged at iteration 29
IPF row error: 121.850858, col error: 0.000000
Starting Iterative Proportional Fitting (IPF)...
IPF converged at iteration 46
IPF row error: 2.594060, col error: 0.000000
IPF converged at iteration 31
IPF row error: 82.698153, col error: 0.000000
Starting Iterative Proportional Fitting (IPF)...
IPF converged at iteration 26
Starting Iterative Proportional Fitting (IPF)...
IPF row error: 144.726021, col error: 0.000000
Starting Iterative Proportional Fitting (IPF)...
IPF converged at iteration 32
IPF row error: 91.584733, col error: 0.000000
Starting Iterative Proportional Fitting (IPF)...
IPF converged at iteration 38
IPF row error: 16.489517, col error: 0.000000
Starting Iterative Proportional Fitting (IPF)...
IPF converged at iteration 52
IPF row error: 1.428032, col error: 0.000000
Starting Iterative Proportional Fitting (IPF)...
IPF converged at iteration 46
IPF row error: 2.595128, col error: 0.000000
Starting Iterative Proportional Fitting (IPF)...
IPF converged at iteration 46
IPF row error: 2.550782, col error: 0.000000
Starting Iterative Proportional Fitting (IPF)...
IPF converged at iteration 46
IPF row error: 2.589994, col error: 0.000000
Starting Iterative Proportional Fitting (IPF)...
IPF converged at iteration 52
IPF row error: 1.397463, col error: 0.000000
IPF converged at iteration 46
IPF row error: 2.550782, col error: 0.000000
Starting Iterative Proportional Fitting (IPF)...
Starting Iterative Proportional Fitting (IPF)...
IPF converged at iteration 29
IPF row error: 100.653795, col error: 0.000000
Starting Iterative Proportional Fitting (IPF)...
IPF converged at iteration 29
IPF row error: 100.045082, col error: 0.000000
IPF converged at iteration 31
IPF row error: 78.531362, col error: 0.000000
Starting Iterative Proportional Fitting (IPF)...
Starting Iterative Proportional Fitting (IPF)...
IPF converged at iteration 46
IPF row error: 2.591366, col error: 0.000000
Starting Iterative Proportional Fitting (IPF)...
IPF converged at iteration 30
IPF row error: 92.719741, col error: 0.000000
  [2023/test] 진행 1500/1750 (85.7%) | 누적 CPC 0.4210 | RMSE 787.1679 | %RMSE 10.2569 | 경과 24.1분 | 예상 남음 4.0분
IPF converged at iteration 51
IPF row error: 1.209928, col error: 0.000000
Starting Iterative Proportional Fitting (IPF)...
Starting Iterative Proportional Fitting (IPF)...
IPF converged at iteration 50
IPF row error: 1.224424, col error: 0.000000
Starting Iterative Proportional Fitting (IPF)...
IPF converged at iteration 50
IPF row error: 1.229843, col error: 0.000000
Starting Iterative Proportional Fitting (IPF)...
IPF converged at iteration 29
IPF row error: 104.251696, col error: 0.000000
Starting Iterative Proportional Fitting (IPF)...
IPF converged at iteration 29
IPF row error: 96.243777, col error: 0.000000
IPF converged at iteration 50
IPF row error: 1.221717, col error: 0.000000
Starting Iterative Proportional Fitting (IPF)...
Starting Iterative Proportional Fitting (IPF)...
IPF converged at iteration 50
IPF row error: 1.229843, col error: 0.000000
Starting Iterative Proportional Fitting (IPF)...
IPF converged at iteration 50
IPF row error: 1.226750, col error: 0.000000
Starting Iterative Proportional Fitting (IPF)...
IPF converged at iteration 49
IPF row error: 1.486754, col error: 0.000000
Starting Iterative Proportional Fitting (IPF)...
IPF converged at iteration 55
IPF row error: 1.261614, col error: 0.000000
IPF converged at iteration 30
Starting Iterative Proportional Fitting (IPF)...
IPF row error: 114.030189, col error: 0.000000
Starting Iterative Proportional Fitting (IPF)...
IPF converged at iteration 32
IPF converged at iteration 50
IPF row error: 69.818012, col error: 0.000000
IPF row error: 1.398378, col error: 0.000000
Starting Iterative Proportional Fitting (IPF)...
Starting Iterative Proportional Fitting (IPF)...
IPF converged at iteration 50
IPF row error: 1.228041, col error: 0.000000
IPF converged at iteration 55
IPF row error: 1.237148, col error: 0.000000
Starting Iterative Proportional Fitting (IPF)...
Starting Iterative Proportional Fitting (IPF)...
IPF converged at iteration 50
IPF row error: 1.423029, col error: 0.000000
IPF converged at iteration 50
IPF row error: 1.201879, col error: 0.000000
Starting Iterative Proportional Fitting (IPF)...
IPF converged at iteration 26
IPF row error: 164.348614, col error: 0.000000
Starting Iterative Proportional Fitting (IPF)...
Starting Iterative Proportional Fitting (IPF)...
IPF converged at iteration 32
IPF row error: 62.951962, col error: 0.000000
Starting Iterative Proportional Fitting (IPF)...
IPF converged at iteration 27
IPF converged at iteration 29
IPF row error: 161.919430, col error: 0.000000
IPF row error: 75.523342, col error: 0.000000
Starting Iterative Proportional Fitting (IPF)...
Starting Iterative Proportional Fitting (IPF)...
IPF converged at iteration 29
IPF row error: 81.375661, col error: 0.000000
Starting Iterative Proportional Fitting (IPF)...
IPF converged at iteration 49
IPF row error: 1.483432, col error: 0.000000
Starting Iterative Proportional Fitting (IPF)...
IPF converged at iteration 26
IPF row error: 157.371301, col error: 0.000000
Starting Iterative Proportional Fitting (IPF)...
IPF converged at iteration 32
IPF row error: 68.801979, col error: 0.000000
Starting Iterative Proportional Fitting (IPF)...
IPF converged at iteration 30
IPF row error: 100.609502, col error: 0.000000
Starting Iterative Proportional Fitting (IPF)...
IPF converged at iteration 30
IPF row error: 90.462687, col error: 0.000000
Starting Iterative Proportional Fitting (IPF)...
IPF converged at iteration 29
IPF row error: 107.551716, col error: 0.000000
Starting Iterative Proportional Fitting (IPF)...
IPF converged at iteration 29
IPF row error: 124.427687, col error: 0.000000
Starting Iterative Proportional Fitting (IPF)...
IPF converged at iteration 50
IPF row error: 1.204760, col error: 0.000000
  [2023/test] 진행 1530/1750 (87.4%) | 누적 CPC 0.4171 | RMSE 787.3316 | %RMSE 10.3264 | 경과 24.6분 | 예상 남음 3.5분
Starting Iterative Proportional Fitting (IPF)...
IPF converged at iteration 27
IPF row error: 127.071961, col error: 0.000000
Starting Iterative Proportional Fitting (IPF)...
IPF converged at iteration 32
IPF row error: 66.477785, col error: 0.000000
Starting Iterative Proportional Fitting (IPF)...
IPF converged at iteration 32
IPF row error: 69.633482, col error: 0.000000
Starting Iterative Proportional Fitting (IPF)...
IPF converged at iteration 27
IPF converged at iteration 31
IPF row error: 116.158749, col error: 0.000000
IPF row error: 82.855870, col error: 0.000000
Starting Iterative Proportional Fitting (IPF)...
Starting Iterative Proportional Fitting (IPF)...
IPF converged at iteration 28
IPF row error: 75.482816, col error: 0.000000
IPF converged at iteration 31
Starting Iterative Proportional Fitting (IPF)...
IPF row error: 89.130867, col error: 0.000000
Starting Iterative Proportional Fitting (IPF)...
IPF converged at iteration 43
IPF row error: 5.645945, col error: 0.000000
IPF converged at iteration 54
IPF row error: 1.262978, col error: 0.000000
Starting Iterative Proportional Fitting (IPF)...
Starting Iterative Proportional Fitting (IPF)...
IPF converged at iteration 31
IPF converged at iteration 29
IPF row error: 74.725188, col error: 0.000000
IPF row error: 100.509862, col error: 0.000000
Starting Iterative Proportional Fitting (IPF)...
Starting Iterative Proportional Fitting (IPF)...
IPF converged at iteration 32
IPF row error: 74.995771, col error: 0.000000
Starting Iterative Proportional Fitting (IPF)...
IPF converged at iteration 38
IPF row error: 18.556111, col error: 0.000000
Starting Iterative Proportional Fitting (IPF)...
IPF converged at iteration 25
IPF row error: 188.694060, col error: 0.000000
Starting Iterative Proportional Fitting (IPF)...
IPF converged at iteration 32
IPF row error: 61.744969, col error: 0.000000
Starting Iterative Proportional Fitting (IPF)...
IPF converged at iteration 29
IPF converged at iteration 54
IPF row error: 83.983710, col error: 0.000000
IPF row error: 1.284770, col error: 0.000000
Starting Iterative Proportional Fitting (IPF)...
Starting Iterative Proportional Fitting (IPF)...
IPF converged at iteration 54
IPF row error: 1.262978, col error: 0.000000
Starting Iterative Proportional Fitting (IPF)...
IPF converged at iteration 50
IPF row error: 1.231445, col error: 0.000000
Starting Iterative Proportional Fitting (IPF)...
IPF converged at iteration 42
IPF row error: 7.590593, col error: 0.000000
IPF converged at iteration 45
IPF row error: 3.744863, col error: 0.000000
Starting Iterative Proportional Fitting (IPF)...
Starting Iterative Proportional Fitting (IPF)...
IPF converged at iteration 54
IPF row error: 1.268628, col error: 0.000000
IPF converged at iteration 52
IPF row error: 1.293012, col error: 0.000000
Starting Iterative Proportional Fitting (IPF)...
Starting Iterative Proportional Fitting (IPF)...
IPF converged at iteration 44
IPF row error: 4.769641, col error: 0.000000
Starting Iterative Proportional Fitting (IPF)...
IPF converged at iteration 52
IPF row error: 1.297781, col error: 0.000000
IPF converged at iteration 34
IPF row error: 46.432895, col error: 0.000000
Starting Iterative Proportional Fitting (IPF)...
Starting Iterative Proportional Fitting (IPF)...
IPF converged at iteration 54
IPF row error: 1.269629, col error: 0.000000
Starting Iterative Proportional Fitting (IPF)...
IPF converged at iteration 30
IPF row error: 97.539006, col error: 0.000000
Starting Iterative Proportional Fitting (IPF)...
IPF converged at iteration 52
IPF row error: 1.288054, col error: 0.000000
Starting Iterative Proportional Fitting (IPF)...
IPF converged at iteration 28
IPF row error: 88.264908, col error: 0.000000
  [2023/test] 진행 1560/1750 (89.1%) | 누적 CPC 0.4141 | RMSE 783.2993 | %RMSE 10.3556 | 경과 25.1분 | 예상 남음 3.1분
Starting Iterative Proportional Fitting (IPF)...
IPF converged at iteration 54
IPF row error: 1.263494, col error: 0.000000
Starting Iterative Proportional Fitting (IPF)...
IPF converged at iteration 54
IPF row error: 1.269629, col error: 0.000000
Starting Iterative Proportional Fitting (IPF)...
IPF converged at iteration 40
IPF row error: 10.506211, col error: 0.000000
Starting Iterative Proportional Fitting (IPF)...
IPF converged at iteration 52
IPF row error: 1.291943, col error: 0.000000
Starting Iterative Proportional Fitting (IPF)...
IPF converged at iteration 56
IPF row error: 1.432466, col error: 0.000000
Starting Iterative Proportional Fitting (IPF)...
IPF converged at iteration 30
IPF row error: 100.713745, col error: 0.000000
IPF converged at iteration 27
IPF row error: 135.781483, col error: 0.000000
Starting Iterative Proportional Fitting (IPF)...
Starting Iterative Proportional Fitting (IPF)...
IPF converged at iteration 31
IPF row error: 69.650236, col error: 0.000000
Starting Iterative Proportional Fitting (IPF)...
IPF converged at iteration 56
IPF row error: 1.436842, col error: 0.000000
Starting Iterative Proportional Fitting (IPF)...
IPF converged at iteration 52
IPF row error: 1.301938, col error: 0.000000
Starting Iterative Proportional Fitting (IPF)...
IPF converged at iteration 52
IPF row error: 1.292141, col error: 0.000000
IPF converged at iteration 32
Starting Iterative Proportional Fitting (IPF)...
IPF row error: 69.918423, col error: 0.000000
Starting Iterative Proportional Fitting (IPF)...
IPF converged at iteration 56
IPF row error: 1.436842, col error: 0.000000
Starting Iterative Proportional Fitting (IPF)...
IPF converged at iteration 56
IPF row error: 1.436842, col error: 0.000000
IPF converged at iteration 54
IPF converged at iteration 52
IPF row error: 1.264186, col error: 0.000000
IPF row error: 1.303413, col error: 0.000000
Starting Iterative Proportional Fitting (IPF)...
Starting Iterative Proportional Fitting (IPF)...
Starting Iterative Proportional Fitting (IPF)...
IPF converged at iteration 29
IPF row error: 99.491768, col error: 0.000000
Starting Iterative Proportional Fitting (IPF)...
IPF converged at iteration 52
IPF row error: 1.303413, col error: 0.000000
Starting Iterative Proportional Fitting (IPF)...
IPF converged at iteration 48
IPF row error: 1.843105, col error: 0.000000
Starting Iterative Proportional Fitting (IPF)...
IPF converged at iteration 52
IPF row error: 1.308455, col error: 0.000000
Starting Iterative Proportional Fitting (IPF)...
IPF converged at iteration 31
IPF row error: 175.006875, col error: 0.000000
Starting Iterative Proportional Fitting (IPF)...
IPF converged at iteration 54
IPF row error: 1.248293, col error: 0.000000
Starting Iterative Proportional Fitting (IPF)...
IPF converged at iteration 56
IPF row error: 1.443579, col error: 0.000000
Starting Iterative Proportional Fitting (IPF)...
IPF converged at iteration 56
IPF row error: 1.432466, col error: 0.000000
IPF converged at iteration 27
Starting Iterative Proportional Fitting (IPF)...
IPF row error: 121.585040, col error: 0.000000
Starting Iterative Proportional Fitting (IPF)...
IPF converged at iteration 54
IPF row error: 1.263494, col error: 0.000000
Starting Iterative Proportional Fitting (IPF)...
IPF converged at iteration 29
IPF row error: 7.170365, col error: 0.000000
IPF converged at iteration 29
Starting Iterative Proportional Fitting (IPF)...
IPF row error: 90.117769, col error: 0.000000
Starting Iterative Proportional Fitting (IPF)...
IPF converged at iteration 25
IPF row error: 61.191828, col error: 0.000000
IPF converged at iteration 52
Starting Iterative Proportional Fitting (IPF)...
IPF row error: 1.293451, col error: 0.000000
  [2023/test] 진행 1590/1750 (90.9%) | 누적 CPC 0.4103 | RMSE 773.5856 | %RMSE 10.3094 | 경과 25.7분 | 예상 남음 2.6분
Starting Iterative Proportional Fitting (IPF)...
IPF converged at iteration 37
IPF row error: 22.776490, col error: 0.000000
Starting Iterative Proportional Fitting (IPF)...
IPF converged at iteration 54
IPF row error: 1.260916, col error: 0.000000
Starting Iterative Proportional Fitting (IPF)...
IPF converged at iteration 52
IPF row error: 1.299298, col error: 0.000000
Starting Iterative Proportional Fitting (IPF)...
IPF converged at iteration 52
IPF row error: 1.292064, col error: 0.000000
Starting Iterative Proportional Fitting (IPF)...
IPF converged at iteration 28
IPF row error: 168.385654, col error: 0.000000
Starting Iterative Proportional Fitting (IPF)...
IPF converged at iteration 54
IPF row error: 1.248645, col error: 0.000000
Starting Iterative Proportional Fitting (IPF)...
IPF converged at iteration 56
IPF row error: 1.443579, col error: 0.000000
Starting Iterative Proportional Fitting (IPF)...
IPF converged at iteration 52
IPF row error: 1.298694, col error: 0.000000
Starting Iterative Proportional Fitting (IPF)...
IPF converged at iteration 52
IPF row error: 1.303413, col error: 0.000000
Starting Iterative Proportional Fitting (IPF)...
IPF converged at iteration 28
IPF row error: 93.879067, col error: 0.000000
Starting Iterative Proportional Fitting (IPF)...
IPF converged at iteration 52
IPF row error: 1.297781, col error: 0.000000
Starting Iterative Proportional Fitting (IPF)...
IPF converged at iteration 31
IPF row error: 91.751649, col error: 0.000000
Starting Iterative Proportional Fitting (IPF)...
IPF converged at iteration 31IPF converged at iteration 52

IPF row error: 79.974488, col error: 0.000000
IPF row error: 1.227822, col error: 0.000000
Starting Iterative Proportional Fitting (IPF)...
Starting Iterative Proportional Fitting (IPF)...
IPF converged at iteration 52
IPF row error: 1.316304, col error: 0.000000
Starting Iterative Proportional Fitting (IPF)...
IPF converged at iteration 30
IPF row error: 81.269173, col error: 0.000000
Starting Iterative Proportional Fitting (IPF)...
IPF converged at iteration 52
IPF row error: 1.319888, col error: 0.000000
Starting Iterative Proportional Fitting (IPF)...
IPF converged at iteration 56
IPF row error: 1.298794, col error: 0.000000
Starting Iterative Proportional Fitting (IPF)...
IPF converged at iteration 31
IPF row error: 81.165210, col error: 0.000000
Starting Iterative Proportional Fitting (IPF)...
IPF converged at iteration 46
IPF row error: 2.845114, col error: 0.000000
Starting Iterative Proportional Fitting (IPF)...
IPF converged at iteration 46
IPF row error: 2.867804, col error: 0.000000
IPF converged at iteration 28
IPF row error: 185.978636, col error: 0.000000
Starting Iterative Proportional Fitting (IPF)...
Starting Iterative Proportional Fitting (IPF)...
IPF converged at iteration 31
IPF row error: 80.252824, col error: 0.000000
Starting Iterative Proportional Fitting (IPF)...
IPF converged at iteration 47
IPF row error: 2.393198, col error: 0.000000
Starting Iterative Proportional Fitting (IPF)...
IPF converged at iteration 30
IPF row error: 87.280011, col error: 0.000000
IPF converged at iteration 47
IPF row error: 2.363202, col error: 0.000000
IPF converged at iteration 46
Starting Iterative Proportional Fitting (IPF)...
IPF row error: 2.880189, col error: 0.000000
Starting Iterative Proportional Fitting (IPF)...
Starting Iterative Proportional Fitting (IPF)...
IPF converged at iteration 31
IPF row error: 59.273477, col error: 0.000000
IPF converged at iteration 40
IPF row error: 12.255436, col error: 0.000000
IPF converged at iteration 30
IPF row error: 150.099941, col error: 0.000000
  [2023/test] 진행 1620/1750 (92.6%) | 누적 CPC 0.4089 | RMSE 767.6951 | %RMSE 10.2977 | 경과 26.6분 | 예상 남음 2.1분
IPF converged at iteration 31
Starting Iterative Proportional Fitting (IPF)...
IPF row error: 95.495604, col error: 0.000000
Starting Iterative Proportional Fitting (IPF)...
Starting Iterative Proportional Fitting (IPF)...
Starting Iterative Proportional Fitting (IPF)...
IPF converged at iteration 47
IPF row error: 2.321737, col error: 0.000000
Starting Iterative Proportional Fitting (IPF)...
IPF converged at iteration 49
IPF row error: 1.486899, col error: 0.000000
IPF converged at iteration 51
IPF row error: 1.437478, col error: 0.000000
IPF converged at iteration 52
Starting Iterative Proportional Fitting (IPF)...
IPF row error: 1.246379, col error: 0.000000
Starting Iterative Proportional Fitting (IPF)...
Starting Iterative Proportional Fitting (IPF)...
IPF converged at iteration 32
IPF row error: 32.254703, col error: 0.000000
IPF converged at iteration 31
IPF row error: 92.726422, col error: 0.000000
Starting Iterative Proportional Fitting (IPF)...
Starting Iterative Proportional Fitting (IPF)...
IPF converged at iteration 46
IPF row error: 2.865967, col error: 0.000000
Starting Iterative Proportional Fitting (IPF)...
IPF converged at iteration 47
IPF row error: 2.773301, col error: 0.000000
Starting Iterative Proportional Fitting (IPF)...
IPF converged at iteration 33
IPF row error: 57.975285, col error: 0.000000
IPF converged at iteration 47
IPF row error: 2.366038, col error: 0.000000
Starting Iterative Proportional Fitting (IPF)...
IPF converged at iteration 49
IPF row error: 1.466879, col error: 0.000000
Starting Iterative Proportional Fitting (IPF)...
Starting Iterative Proportional Fitting (IPF)...
IPF converged at iteration 56
IPF row error: 1.238541, col error: 0.000000
Starting Iterative Proportional Fitting (IPF)...
IPF converged at iteration 44
IPF row error: 4.577109, col error: 0.000000
Starting Iterative Proportional Fitting (IPF)...
IPF converged at iteration 56
IPF row error: 1.287326, col error: 0.000000
Starting Iterative Proportional Fitting (IPF)...
IPF converged at iteration 55
IPF row error: 1.432110, col error: 0.000000
Starting Iterative Proportional Fitting (IPF)...
IPF converged at iteration 52
IPF row error: 1.349208, col error: 0.000000
Starting Iterative Proportional Fitting (IPF)...
IPF converged at iteration 31
IPF row error: 81.233929, col error: 0.000000
Starting Iterative Proportional Fitting (IPF)...
IPF converged at iteration 31
IPF row error: 78.935036, col error: 0.000000
Starting Iterative Proportional Fitting (IPF)...
IPF converged at iteration 49
IPF row error: 1.482508, col error: 0.000000
Starting Iterative Proportional Fitting (IPF)...
IPF converged at iteration 47
IPF row error: 2.766679, col error: 0.000000
Starting Iterative Proportional Fitting (IPF)...
IPF converged at iteration 37
IPF converged at iteration 52
IPF row error: 24.953862, col error: 0.000000
IPF row error: 1.219883, col error: 0.000000
Starting Iterative Proportional Fitting (IPF)...
Starting Iterative Proportional Fitting (IPF)...
IPF converged at iteration 29
IPF row error: 96.260441, col error: 0.000000
Starting Iterative Proportional Fitting (IPF)...
IPF converged at iteration 27
IPF row error: 239.047694, col error: 0.000000
Starting Iterative Proportional Fitting (IPF)...
IPF converged at iteration 30
IPF row error: 86.009989, col error: 0.000000
Starting Iterative Proportional Fitting (IPF)...
IPF converged at iteration 46
IPF row error: 2.830969, col error: 0.000000
Starting Iterative Proportional Fitting (IPF)...
IPF converged at iteration 52
IPF row error: 1.315685, col error: 0.000000
Starting Iterative Proportional Fitting (IPF)...
IPF converged at iteration 44
IPF row error: 4.764190, col error: 0.000000
IPF converged at iteration 28
IPF row error: 122.886993, col error: 0.000000
  [2023/test] 진행 1650/1750 (94.3%) | 누적 CPC 0.4079 | RMSE 765.1566 | %RMSE 10.3202 | 경과 27.2분 | 예상 남음 1.7분
Starting Iterative Proportional Fitting (IPF)...
Starting Iterative Proportional Fitting (IPF)...
IPF converged at iteration 32
IPF row error: 74.130782, col error: 0.000000
Starting Iterative Proportional Fitting (IPF)...
IPF converged at iteration 43
IPF row error: 5.188261, col error: 0.000000
Starting Iterative Proportional Fitting (IPF)...
IPF converged at iteration 53
IPF row error: 1.312896, col error: 0.000000
IPF converged at iteration 48
IPF row error: 1.859822, col error: 0.000000
Starting Iterative Proportional Fitting (IPF)...
Starting Iterative Proportional Fitting (IPF)...
IPF converged at iteration 48
IPF row error: 1.788762, col error: 0.000000
Starting Iterative Proportional Fitting (IPF)...
IPF converged at iteration 32
IPF row error: 69.241280, col error: 0.000000
Starting Iterative Proportional Fitting (IPF)...
IPF converged at iteration 48
IPF row error: 1.788151, col error: 0.000000
IPF converged at iteration 53
IPF row error: 1.312896, col error: 0.000000
Starting Iterative Proportional Fitting (IPF)...
Starting Iterative Proportional Fitting (IPF)...
IPF converged at iteration 48
IPF row error: 1.765861, col error: 0.000000
Starting Iterative Proportional Fitting (IPF)...
IPF converged at iteration 31
IPF converged at iteration 30
IPF row error: 85.099904, col error: 0.000000
IPF row error: 69.678262, col error: 0.000000
IPF converged at iteration 48
IPF row error: 1.787358, col error: 0.000000
Starting Iterative Proportional Fitting (IPF)...
Starting Iterative Proportional Fitting (IPF)...
Starting Iterative Proportional Fitting (IPF)...
IPF converged at iteration 29
IPF row error: 125.529335, col error: 0.000000
Starting Iterative Proportional Fitting (IPF)...
IPF converged at iteration 37
IPF row error: 19.217420, col error: 0.000000
Starting Iterative Proportional Fitting (IPF)...
IPF converged at iteration 44
IPF row error: 4.439692, col error: 0.000000
IPF converged at iteration 27
IPF row error: 39.112114, col error: 0.000000
Starting Iterative Proportional Fitting (IPF)...
Starting Iterative Proportional Fitting (IPF)...
IPF converged at iteration 48
IPF row error: 1.794307, col error: 0.000000
Starting Iterative Proportional Fitting (IPF)...
IPF converged at iteration 31
IPF row error: 65.398945, col error: 0.000000
Starting Iterative Proportional Fitting (IPF)...
IPF converged at iteration 30
IPF row error: 90.883235, col error: 0.000000
IPF converged at iteration 30
IPF row error: 95.116964, col error: 0.000000
Starting Iterative Proportional Fitting (IPF)...
Starting Iterative Proportional Fitting (IPF)...
IPF converged at iteration 53
IPF row error: 1.299640, col error: 0.000000
Starting Iterative Proportional Fitting (IPF)...
IPF converged at iteration 24
IPF row error: 159.933004, col error: 0.000000
Starting Iterative Proportional Fitting (IPF)...
IPF converged at iteration 31
IPF row error: 91.448921, col error: 0.000000
Starting Iterative Proportional Fitting (IPF)...
IPF converged at iteration 48
IPF row error: 1.788762, col error: 0.000000
Starting Iterative Proportional Fitting (IPF)...
IPF converged at iteration 23
IPF row error: 83.100691, col error: 0.000000
Starting Iterative Proportional Fitting (IPF)...
IPF converged at iteration 32
IPF row error: 55.766575, col error: 0.000000
Starting Iterative Proportional Fitting (IPF)...
IPF converged at iteration 31
IPF row error: 182.281650, col error: 0.000000
Starting Iterative Proportional Fitting (IPF)...
IPF converged at iteration 48
IPF row error: 1.747786, col error: 0.000000
Starting Iterative Proportional Fitting (IPF)...
IPF converged at iteration 29
IPF converged at iteration 44
IPF row error: 88.778376, col error: 0.000000
IPF row error: 4.567141, col error: 0.000000
  [2023/test] 진행 1680/1750 (96.0%) | 누적 CPC 0.4053 | RMSE 767.6609 | %RMSE 10.3533 | 경과 27.8분 | 예상 남음 1.2분
Starting Iterative Proportional Fitting (IPF)...
Starting Iterative Proportional Fitting (IPF)...
IPF converged at iteration 24
IPF row error: 60.688559, col error: 0.000000
Starting Iterative Proportional Fitting (IPF)...
IPF converged at iteration 30
IPF row error: 89.945450, col error: 0.000000
IPF converged at iteration 53
IPF row error: 1.299640, col error: 0.000000
Starting Iterative Proportional Fitting (IPF)...
Starting Iterative Proportional Fitting (IPF)...
IPF converged at iteration 44
IPF row error: 4.539420, col error: 0.000000
Starting Iterative Proportional Fitting (IPF)...
IPF converged at iteration 32
IPF row error: 70.155698, col error: 0.000000
IPF converged at iteration 32
Starting Iterative Proportional Fitting (IPF)...
IPF row error: 75.181027, col error: 0.000000
IPF converged at iteration 49
IPF row error: 1.449583, col error: 0.000000
Starting Iterative Proportional Fitting (IPF)...
Starting Iterative Proportional Fitting (IPF)...
IPF converged at iteration 48
IPF row error: 1.859822, col error: 0.000000
Starting Iterative Proportional Fitting (IPF)...
IPF converged at iteration 30
IPF converged at iteration 28
IPF row error: 90.961044, col error: 0.000000
IPF row error: 86.372332, col error: 0.000000
Starting Iterative Proportional Fitting (IPF)...
Starting Iterative Proportional Fitting (IPF)...
IPF converged at iteration 48
IPF row error: 1.859123, col error: 0.000000
Starting Iterative Proportional Fitting (IPF)...
IPF converged at iteration 31
IPF row error: 78.501681, col error: 0.000000
Starting Iterative Proportional Fitting (IPF)...
IPF converged at iteration 49
IPF row error: 1.439643, col error: 0.000000
Starting Iterative Proportional Fitting (IPF)...
IPF converged at iteration 48
IPF row error: 1.875028, col error: 0.000000
Starting Iterative Proportional Fitting (IPF)...
IPF converged at iteration 30
IPF row error: 99.962684, col error: 0.000000
Starting Iterative Proportional Fitting (IPF)...
IPF converged at iteration 53
IPF row error: 1.299640, col error: 0.000000
Starting Iterative Proportional Fitting (IPF)...
IPF converged at iteration 30
IPF row error: 89.312820, col error: 0.000000
Starting Iterative Proportional Fitting (IPF)...
IPF converged at iteration 48
IPF row error: 1.797506, col error: 0.000000
Starting Iterative Proportional Fitting (IPF)...
IPF converged at iteration 32
IPF row error: 66.959841, col error: 0.000000
IPF converged at iteration 30
IPF row error: 87.298830, col error: 0.000000
Starting Iterative Proportional Fitting (IPF)...
Starting Iterative Proportional Fitting (IPF)...
IPF converged at iteration 45
IPF row error: 3.092417, col error: 0.000000
Starting Iterative Proportional Fitting (IPF)...
IPF converged at iteration 51
IPF row error: 1.418623, col error: 0.000000
IPF converged at iteration 41
IPF row error: 7.595228, col error: 0.000000
Starting Iterative Proportional Fitting (IPF)...
Starting Iterative Proportional Fitting (IPF)...
IPF converged at iteration 51
IPF row error: 1.429715, col error: 0.000000
Starting Iterative Proportional Fitting (IPF)...
IPF converged at iteration 29
IPF row error: 69.830026, col error: 0.000000
Starting Iterative Proportional Fitting (IPF)...
IPF converged at iteration 27
IPF row error: 142.873950, col error: 0.000000
Starting Iterative Proportional Fitting (IPF)...
IPF converged at iteration 45
IPF row error: 3.083043, col error: 0.000000
IPF converged at iteration 32
Starting Iterative Proportional Fitting (IPF)...
IPF row error: 65.834997, col error: 0.000000
Starting Iterative Proportional Fitting (IPF)...
IPF converged at iteration 45
IPF row error: 3.152115, col error: 0.000000
Starting Iterative Proportional Fitting (IPF)...
IPF converged at iteration 45
IPF row error: 3.089201, col error: 0.000000
  [2023/test] 진행 1710/1750 (97.7%) | 누적 CPC 0.4036 | RMSE 777.7310 | %RMSE 10.4279 | 경과 28.3분 | 예상 남음 0.7분
Starting Iterative Proportional Fitting (IPF)...
IPF converged at iteration 28
IPF row error: 120.372006, col error: 0.000000
Starting Iterative Proportional Fitting (IPF)...
IPF converged at iteration 50
IPF row error: 1.383612, col error: 0.000000
Starting Iterative Proportional Fitting (IPF)...
IPF converged at iteration 51
IPF row error: 1.415664, col error: 0.000000
IPF converged at iteration 27
IPF row error: 115.973513, col error: 0.000000
Starting Iterative Proportional Fitting (IPF)...
Starting Iterative Proportional Fitting (IPF)...
IPF converged at iteration 42
IPF row error: 7.008492, col error: 0.000000
Starting Iterative Proportional Fitting (IPF)...
IPF converged at iteration 41
IPF row error: 7.544485, col error: 0.000000
Starting Iterative Proportional Fitting (IPF)...
IPF converged at iteration 50
IPF row error: 1.334338, col error: 0.000000IPF converged at iteration 46

IPF row error: 2.515115, col error: 0.000000
Starting Iterative Proportional Fitting (IPF)...
Starting Iterative Proportional Fitting (IPF)...
IPF converged at iteration 29
IPF row error: 105.849957, col error: 0.000000
Starting Iterative Proportional Fitting (IPF)...
IPF converged at iteration 32
IPF row error: 60.127044, col error: 0.000000
IPF converged at iteration 29
IPF row error: 89.902802, col error: 0.000000
IPF converged at iteration 31
Starting Iterative Proportional Fitting (IPF)...
IPF row error: 76.229757, col error: 0.000000
Starting Iterative Proportional Fitting (IPF)...
Starting Iterative Proportional Fitting (IPF)...
IPF converged at iteration 39
IPF row error: 12.439500, col error: 0.000000
Starting Iterative Proportional Fitting (IPF)...
IPF converged at iteration 30
IPF row error: 63.991620, col error: 0.000000
IPF converged at iteration 28
IPF converged at iteration 30
IPF row error: 124.530695, col error: 0.000000
IPF row error: 77.895473, col error: 0.000000
Starting Iterative Proportional Fitting (IPF)...
Starting Iterative Proportional Fitting (IPF)...
Starting Iterative Proportional Fitting (IPF)...
IPF converged at iteration 30
IPF row error: 81.430924, col error: 0.000000
IPF converged at iteration 29
IPF row error: 77.242090, col error: 0.000000
Starting Iterative Proportional Fitting (IPF)...
Starting Iterative Proportional Fitting (IPF)...
IPF converged at iteration 50
IPF row error: 1.338975, col error: 0.000000
Starting Iterative Proportional Fitting (IPF)...
IPF converged at iteration 46
IPF row error: 2.534362, col error: 0.000000
Starting Iterative Proportional Fitting (IPF)...
IPF converged at iteration 30
IPF row error: 21.730744, col error: 0.000000
Starting Iterative Proportional Fitting (IPF)...
IPF converged at iteration 29
IPF row error: 201.131919, col error: 0.000000
Starting Iterative Proportional Fitting (IPF)...
IPF converged at iteration 45
IPF row error: 3.098338, col error: 0.000000
IPF converged at iteration 26
IPF row error: 149.578722, col error: 0.000000
Starting Iterative Proportional Fitting (IPF)...
Starting Iterative Proportional Fitting (IPF)...
IPF converged at iteration 41
IPF row error: 7.701873, col error: 0.000000
Starting Iterative Proportional Fitting (IPF)...
IPF converged at iteration 30
IPF row error: 77.732952, col error: 0.000000
Starting Iterative Proportional Fitting (IPF)...
IPF converged at iteration 50
IPF row error: 1.408270, col error: 0.000000
IPF converged at iteration 46
IPF row error: 2.521261, col error: 0.000000
Starting Iterative Proportional Fitting (IPF)...
Starting Iterative Proportional Fitting (IPF)...
IPF converged at iteration 43
IPF row error: 5.351422, col error: 0.000000
IPF converged at iteration 41
IPF row error: 7.770174, col error: 0.000000
  [2023/test] 진행 1740/1750 (99.4%) | 누적 CPC 0.4019 | RMSE 805.4976 | %RMSE 10.5948 | 경과 28.9분 | 예상 남음 0.2분
Starting Iterative Proportional Fitting (IPF)...
Starting Iterative Proportional Fitting (IPF)...
IPF converged at iteration 32
IPF row error: 69.836112, col error: 0.000000
Starting Iterative Proportional Fitting (IPF)...
IPF converged at iteration 41
IPF row error: 7.596156, col error: 0.000000
Starting Iterative Proportional Fitting (IPF)...
IPF converged at iteration 31
IPF row error: 71.766534, col error: 0.000000
Starting Iterative Proportional Fitting (IPF)...
IPF converged at iteration 30
IPF row error: 78.480321, col error: 0.000000
Starting Iterative Proportional Fitting (IPF)...
IPF converged at iteration 46
IPF row error: 2.569867, col error: 0.000000
Starting Iterative Proportional Fitting (IPF)...
IPF converged at iteration 28
IPF row error: 96.053633, col error: 0.000000
IPF converged at iteration 50
IPF row error: 1.338975, col error: 0.000000
Starting Iterative Proportional Fitting (IPF)...
IPF converged at iteration 41
IPF row error: 7.681193, col error: 0.000000
IPF converged at iteration 45
IPF row error: 3.110515, col error: 0.000000
IPF converged at iteration 32
IPF row error: 47.108522, col error: 0.000000
  [2023/test] 진행 1750/1750 (100.0%) | 누적 CPC 0.4010 | RMSE 814.9801 | %RMSE 10.6498 | 경과 29.0분 | 예상 남음 0.0분
  [2023/test] 완료: 1750/1750
1. 절대 모델의 구조와 하이퍼파라미터를 test가 좋아지는 방향으로 하지 말 것. -> val이 좋아지는 방향으로 조정
2. 모델의 성능이 좋아지는 게 목적이 아니라 기존 방식을 잘 재현하는게 목적이야.

===연도별===

=== task별 종합 성능 (모든 도시) ===
[year=2023, split=test, task=0] (n=350) CPC=0.6427±0.0939  RMSE=371.4713±308.4784  %RMSE=6.7970±3.4286
[year=2023, split=test, task=1] (n=350) CPC=0.6395±0.0927  RMSE=347.2151±255.7705  %RMSE=6.4525±2.8033
[year=2023, split=test, task=2] (n=350) CPC=0.2951±0.0874  RMSE=1053.7602±713.9784  %RMSE=13.1745±3.9394
[year=2023, split=test, task=3] (n=350) CPC=0.1488±0.1020  RMSE=1222.8540±565.1469  %RMSE=13.7293±3.4945
[year=2023, split=test, task=4] (n=350) CPC=0.2787±0.1147  RMSE=1079.6001±719.5278  %RMSE=13.0957±3.9111

=== task/도시별 성능 ===
[year=2023, split=test, task=0, city=감일동] (n=50) CPC=0.4394±0.0000  RMSE=204.1243±0.0000  %RMSE=7.1089±0.0000
[year=2023, split=test, task=0, city=다산] (n=50) CPC=0.7592±0.0000  RMSE=230.7982±0.0000  %RMSE=3.3007±0.0000
[year=2023, split=test, task=0, city=랜덤1] (n=50) CPC=0.6874±0.0000  RMSE=195.7017±0.0000  %RMSE=4.9649±0.0000
[year=2023, split=test, task=0, city=랜덤2] (n=50) CPC=0.6421±0.0000  RMSE=356.9518±0.0000  %RMSE=7.0253±0.0000
[year=2023, split=test, task=0, city=랜덤3] (n=50) CPC=0.6055±0.0000  RMSE=1115.7359±0.0000  %RMSE=14.6366±0.0000
[year=2023, split=test, task=0, city=미사] (n=50) CPC=0.6928±0.0000  RMSE=287.4549±0.0000  %RMSE=4.8013±0.0000
[year=2023, split=test, task=0, city=배곧] (n=50) CPC=0.6727±0.0000  RMSE=209.5319±0.0000  %RMSE=5.7415±0.0000
[year=2023, split=test, task=1, city=감일동] (n=50) CPC=0.4345±0.0088  RMSE=206.2596±5.0147  %RMSE=7.1228±0.0838
[year=2023, split=test, task=1, city=다산] (n=50) CPC=0.7464±0.0179  RMSE=234.8771±35.5515  %RMSE=3.3297±0.4792
[year=2023, split=test, task=1, city=랜덤1] (n=50) CPC=0.6853±0.0077  RMSE=197.6581±8.5843  %RMSE=4.9921±0.1687
[year=2023, split=test, task=1, city=랜덤2] (n=50) CPC=0.6409±0.0063  RMSE=353.2475±8.2026  %RMSE=6.9176±0.1738
[year=2023, split=test, task=1, city=랜덤3] (n=50) CPC=0.6128±0.0103  RMSE=946.3939±138.7846  %RMSE=12.3701±1.8678
[year=2023, split=test, task=1, city=미사] (n=50) CPC=0.6877±0.0086  RMSE=282.2886±14.9616  %RMSE=4.6987±0.2586
[year=2023, split=test, task=1, city=배곧] (n=50) CPC=0.6687±0.0064  RMSE=209.7813±2.0156  %RMSE=5.7366±0.0543
[year=2023, split=test, task=2, city=감일동] (n=50) CPC=0.2585±0.0535  RMSE=238.9286±19.3658  %RMSE=7.4583±0.5793
[year=2023, split=test, task=2, city=다산] (n=50) CPC=0.2918±0.0902  RMSE=1574.8968±270.9748  %RMSE=14.9097±2.0146
[year=2023, split=test, task=2, city=랜덤1] (n=50) CPC=0.3720±0.0698  RMSE=581.4135±108.7604  %RMSE=11.6422±1.7702
[year=2023, split=test, task=2, city=랜덤2] (n=50) CPC=0.2958±0.0700  RMSE=822.2010±177.7949  %RMSE=12.1407±2.0085
[year=2023, split=test, task=2, city=랜덤3] (n=50) CPC=0.3104±0.0808  RMSE=2409.8999±486.3625  %RMSE=20.0325±2.4735
[year=2023, split=test, task=2, city=미사] (n=50) CPC=0.2433±0.0795  RMSE=1055.0420±136.1422  %RMSE=12.1044±0.8838
[year=2023, split=test, task=2, city=배곧] (n=50) CPC=0.2942±0.0986  RMSE=693.9393±123.2008  %RMSE=13.9335±1.5216
[year=2023, split=test, task=3, city=감일동] (n=50) CPC=0.0716±0.0009  RMSE=269.9780±1.3551  %RMSE=7.4268±0.0431
[year=2023, split=test, task=3, city=다산] (n=50) CPC=0.0943±0.0007  RMSE=1569.9739±1.1487  %RMSE=15.3652±0.0890
[year=2023, split=test, task=3, city=랜덤1] (n=50) CPC=0.2630±0.0945  RMSE=867.2774±242.5941  %RMSE=12.5371±1.2327
[year=2023, split=test, task=3, city=랜덤2] (n=50) CPC=0.1263±0.0673  RMSE=1438.2043±320.8556  %RMSE=13.9177±0.9530
[year=2023, split=test, task=3, city=랜덤3] (n=50) CPC=0.2452±0.1345  RMSE=1974.9267±431.4262  %RMSE=19.1490±3.0032
[year=2023, split=test, task=3, city=미사] (n=50) CPC=0.0974±0.0009  RMSE=1387.4147±2.5393  %RMSE=14.0504±0.0935
[year=2023, split=test, task=3, city=배곧] (n=50) CPC=0.1435±0.0827  RMSE=1052.2030±254.3783  %RMSE=13.6585±0.8242
[year=2023, split=test, task=4, city=감일동] (n=50) CPC=0.2129±0.0846  RMSE=265.3723±50.8405  %RMSE=7.7813±0.6797
[year=2023, split=test, task=4, city=다산] (n=50) CPC=0.2855±0.1159  RMSE=1577.2630±395.1483  %RMSE=14.5659±2.4010
[year=2023, split=test, task=4, city=랜덤1] (n=50) CPC=0.3732±0.1142  RMSE=595.8853±178.4451  %RMSE=11.1710±2.1589
[year=2023, split=test, task=4, city=랜덤2] (n=50) CPC=0.2750±0.1156  RMSE=910.2142±290.8393  %RMSE=12.1143±1.9458
[year=2023, split=test, task=4, city=랜덤3] (n=50) CPC=0.2973±0.1031  RMSE=2363.9239±535.2136  %RMSE=20.0607±1.9478
[year=2023, split=test, task=4, city=미사] (n=50) CPC=0.2625±0.1017  RMSE=1071.4744±337.2717  %RMSE=11.9879±1.4280
[year=2023, split=test, task=4, city=배곧] (n=50) CPC=0.2440±0.0948  RMSE=773.0679±178.4847  %RMSE=13.9885±0.9797

=== 도시별 성능 (모든 task) ===
[year=2023, split=test, city=감일동] (n=250) CPC=0.2834±0.1468  RMSE=236.9326±37.1720  %RMSE=7.3796±0.4723
[year=2023, split=test, city=다산] (n=250) CPC=0.4355±0.2767  RMSE=1037.5618±691.2993  %RMSE=10.2943±5.8778
[year=2023, split=test, city=랜덤1] (n=250) CPC=0.4762±0.1909  RMSE=487.5872±295.4825  %RMSE=9.0614±3.6297
[year=2023, split=test, city=랜덤2] (n=250) CPC=0.3960±0.2194  RMSE=776.1638±454.3561  %RMSE=10.4231±3.1817
[year=2023, split=test, city=랜덤3] (n=250) CPC=0.4143±0.1813  RMSE=1762.1761±726.4553  %RMSE=17.2498±3.8029
[year=2023, split=test, city=미사] (n=250) CPC=0.3968±0.2531  RMSE=816.7349±478.6743  %RMSE=9.5285±4.0423
[year=2023, split=test, city=배곧] (n=250) CPC=0.4046±0.2338  RMSE=587.7047±363.0406  %RMSE=10.6117±4.0783

===연도 종합===

=== task별 종합 성능 (모든 도시) ===
[split=test, task=0] (n=350) CPC=0.6427±0.0939  RMSE=371.4713±308.4784  %RMSE=6.7970±3.4286
[split=test, task=1] (n=350) CPC=0.6395±0.0927  RMSE=347.2151±255.7705  %RMSE=6.4525±2.8033
[split=test, task=2] (n=350) CPC=0.2951±0.0874  RMSE=1053.7602±713.9784  %RMSE=13.1745±3.9394
[split=test, task=3] (n=350) CPC=0.1488±0.1020  RMSE=1222.8540±565.1469  %RMSE=13.7293±3.4945
[split=test, task=4] (n=350) CPC=0.2787±0.1147  RMSE=1079.6001±719.5278  %RMSE=13.0957±3.9111

=== task/도시별 성능 ===
[split=test, task=0, city=감일동] (n=50) CPC=0.4394±0.0000  RMSE=204.1243±0.0000  %RMSE=7.1089±0.0000
[split=test, task=0, city=다산] (n=50) CPC=0.7592±0.0000  RMSE=230.7982±0.0000  %RMSE=3.3007±0.0000
[split=test, task=0, city=랜덤1] (n=50) CPC=0.6874±0.0000  RMSE=195.7017±0.0000  %RMSE=4.9649±0.0000
[split=test, task=0, city=랜덤2] (n=50) CPC=0.6421±0.0000  RMSE=356.9518±0.0000  %RMSE=7.0253±0.0000
[split=test, task=0, city=랜덤3] (n=50) CPC=0.6055±0.0000  RMSE=1115.7359±0.0000  %RMSE=14.6366±0.0000
[split=test, task=0, city=미사] (n=50) CPC=0.6928±0.0000  RMSE=287.4549±0.0000  %RMSE=4.8013±0.0000
[split=test, task=0, city=배곧] (n=50) CPC=0.6727±0.0000  RMSE=209.5319±0.0000  %RMSE=5.7415±0.0000
[split=test, task=1, city=감일동] (n=50) CPC=0.4345±0.0088  RMSE=206.2596±5.0147  %RMSE=7.1228±0.0838
[split=test, task=1, city=다산] (n=50) CPC=0.7464±0.0179  RMSE=234.8771±35.5515  %RMSE=3.3297±0.4792
[split=test, task=1, city=랜덤1] (n=50) CPC=0.6853±0.0077  RMSE=197.6581±8.5843  %RMSE=4.9921±0.1687
[split=test, task=1, city=랜덤2] (n=50) CPC=0.6409±0.0063  RMSE=353.2475±8.2026  %RMSE=6.9176±0.1738
[split=test, task=1, city=랜덤3] (n=50) CPC=0.6128±0.0103  RMSE=946.3939±138.7846  %RMSE=12.3701±1.8678
[split=test, task=1, city=미사] (n=50) CPC=0.6877±0.0086  RMSE=282.2886±14.9616  %RMSE=4.6987±0.2586
[split=test, task=1, city=배곧] (n=50) CPC=0.6687±0.0064  RMSE=209.7813±2.0156  %RMSE=5.7366±0.0543
[split=test, task=2, city=감일동] (n=50) CPC=0.2585±0.0535  RMSE=238.9286±19.3658  %RMSE=7.4583±0.5793
[split=test, task=2, city=다산] (n=50) CPC=0.2918±0.0902  RMSE=1574.8968±270.9748  %RMSE=14.9097±2.0146
[split=test, task=2, city=랜덤1] (n=50) CPC=0.3720±0.0698  RMSE=581.4135±108.7604  %RMSE=11.6422±1.7702
[split=test, task=2, city=랜덤2] (n=50) CPC=0.2958±0.0700  RMSE=822.2010±177.7949  %RMSE=12.1407±2.0085
[split=test, task=2, city=랜덤3] (n=50) CPC=0.3104±0.0808  RMSE=2409.8999±486.3625  %RMSE=20.0325±2.4735
[split=test, task=2, city=미사] (n=50) CPC=0.2433±0.0795  RMSE=1055.0420±136.1422  %RMSE=12.1044±0.8838
[split=test, task=2, city=배곧] (n=50) CPC=0.2942±0.0986  RMSE=693.9393±123.2008  %RMSE=13.9335±1.5216
[split=test, task=3, city=감일동] (n=50) CPC=0.0716±0.0009  RMSE=269.9780±1.3551  %RMSE=7.4268±0.0431
[split=test, task=3, city=다산] (n=50) CPC=0.0943±0.0007  RMSE=1569.9739±1.1487  %RMSE=15.3652±0.0890
[split=test, task=3, city=랜덤1] (n=50) CPC=0.2630±0.0945  RMSE=867.2774±242.5941  %RMSE=12.5371±1.2327
[split=test, task=3, city=랜덤2] (n=50) CPC=0.1263±0.0673  RMSE=1438.2043±320.8556  %RMSE=13.9177±0.9530
[split=test, task=3, city=랜덤3] (n=50) CPC=0.2452±0.1345  RMSE=1974.9267±431.4262  %RMSE=19.1490±3.0032
[split=test, task=3, city=미사] (n=50) CPC=0.0974±0.0009  RMSE=1387.4147±2.5393  %RMSE=14.0504±0.0935
[split=test, task=3, city=배곧] (n=50) CPC=0.1435±0.0827  RMSE=1052.2030±254.3783  %RMSE=13.6585±0.8242
[split=test, task=4, city=감일동] (n=50) CPC=0.2129±0.0846  RMSE=265.3723±50.8405  %RMSE=7.7813±0.6797
[split=test, task=4, city=다산] (n=50) CPC=0.2855±0.1159  RMSE=1577.2630±395.1483  %RMSE=14.5659±2.4010
[split=test, task=4, city=랜덤1] (n=50) CPC=0.3732±0.1142  RMSE=595.8853±178.4451  %RMSE=11.1710±2.1589
[split=test, task=4, city=랜덤2] (n=50) CPC=0.2750±0.1156  RMSE=910.2142±290.8393  %RMSE=12.1143±1.9458
[split=test, task=4, city=랜덤3] (n=50) CPC=0.2973±0.1031  RMSE=2363.9239±535.2136  %RMSE=20.0607±1.9478
[split=test, task=4, city=미사] (n=50) CPC=0.2625±0.1017  RMSE=1071.4744±337.2717  %RMSE=11.9879±1.4280
[split=test, task=4, city=배곧] (n=50) CPC=0.2440±0.0948  RMSE=773.0679±178.4847  %RMSE=13.9885±0.9797

=== 도시별 성능 (모든 task) ===
[split=test, city=감일동] (n=250) CPC=0.2834±0.1468  RMSE=236.9326±37.1720  %RMSE=7.3796±0.4723
[split=test, city=다산] (n=250) CPC=0.4355±0.2767  RMSE=1037.5618±691.2993  %RMSE=10.2943±5.8778
[split=test, city=랜덤1] (n=250) CPC=0.4762±0.1909  RMSE=487.5872±295.4825  %RMSE=9.0614±3.6297
[split=test, city=랜덤2] (n=250) CPC=0.3960±0.2194  RMSE=776.1638±454.3561  %RMSE=10.4231±3.1817
[split=test, city=랜덤3] (n=250) CPC=0.4143±0.1813  RMSE=1762.1761±726.4553  %RMSE=17.2498±3.8029
[split=test, city=미사] (n=250) CPC=0.3968±0.2531  RMSE=816.7349±478.6743  %RMSE=9.5285±4.0423
[split=test, city=배곧] (n=250) CPC=0.4046±0.2338  RMSE=587.7047±363.0406  %RMSE=10.6117±4.0783

===총 종합===

=== 전체 종합 (연도/task/도시 모두 무관) ===
[split=test] (n=1750) CPC=0.4010±0.2253  RMSE=814.9801±665.7866  %RMSE=10.6498±4.8361
[LOG] saved to C:\Users\금경훈\Desktop\mobility_foundation\KTxTS_project\src\gravity(경훈)\logs\gravity_linear_regression_zero_20260809_001645.log
=======
[LOG] saving console output to C:\Users\금경훈\Desktop\mobility_foundation\KTxTS_project\src\gravity(경훈)\logs\gravity_linear_regression_zero_20260809_001645.log
Dataset 초기화 완료 (Imputation: zero)
argument='linear_regression'
Start Model Training on years: 2023
Training Model for Origin Generation (O_i) using linear_regression...

Evaluating 2023 / test ...
  [2023/test] 1750개 샘플 병렬 평가 중 (threads=4)...
Starting Iterative Proportional Fitting (IPF)...
Starting Iterative Proportional Fitting (IPF)...
Starting Iterative Proportional Fitting (IPF)...Starting Iterative Proportional Fitting (IPF)...

IPF converged at iteration 32
IPF converged at iteration 32
IPF converged at iteration 32
IPF converged at iteration 32
IPF row error: 65.290807, col error: 0.000000
IPF row error: 65.290807, col error: 0.000000
IPF row error: 65.290807, col error: 0.000000
IPF row error: 65.290807, col error: 0.000000
Starting Iterative Proportional Fitting (IPF)...
Starting Iterative Proportional Fitting (IPF)...
Starting Iterative Proportional Fitting (IPF)...
Starting Iterative Proportional Fitting (IPF)...
IPF converged at iteration 32
IPF converged at iteration 32
IPF row error: 65.290807, col error: 0.000000
IPF converged at iteration 32
IPF row error: 65.290807, col error: 0.000000
IPF row error: 65.290807, col error: 0.000000
IPF converged at iteration 32
IPF row error: 65.290807, col error: 0.000000
Starting Iterative Proportional Fitting (IPF)...
Starting Iterative Proportional Fitting (IPF)...
Starting Iterative Proportional Fitting (IPF)...
Starting Iterative Proportional Fitting (IPF)...
IPF converged at iteration 32
IPF row error: 65.290807, col error: 0.000000
IPF converged at iteration 32
IPF converged at iteration 32
IPF row error: 65.290807, col error: 0.000000
IPF converged at iteration 32
IPF row error: 65.290807, col error: 0.000000
IPF row error: 65.290807, col error: 0.000000
Starting Iterative Proportional Fitting (IPF)...
Starting Iterative Proportional Fitting (IPF)...
Starting Iterative Proportional Fitting (IPF)...
Starting Iterative Proportional Fitting (IPF)...
IPF converged at iteration 32
IPF row error: 65.290807, col error: 0.000000
IPF converged at iteration 32
IPF converged at iteration 32
IPF row error: 65.290807, col error: 0.000000
IPF converged at iteration 32
IPF row error: 65.290807, col error: 0.000000
IPF row error: 65.290807, col error: 0.000000
Starting Iterative Proportional Fitting (IPF)...
Starting Iterative Proportional Fitting (IPF)...
Starting Iterative Proportional Fitting (IPF)...
Starting Iterative Proportional Fitting (IPF)...
IPF converged at iteration 32
IPF row error: 65.290807, col error: 0.000000
IPF converged at iteration 32
IPF converged at iteration 32
IPF row error: 65.290807, col error: 0.000000
IPF converged at iteration 32
IPF row error: 65.290807, col error: 0.000000
IPF row error: 65.290807, col error: 0.000000
Starting Iterative Proportional Fitting (IPF)...
Starting Iterative Proportional Fitting (IPF)...
Starting Iterative Proportional Fitting (IPF)...
Starting Iterative Proportional Fitting (IPF)...
IPF converged at iteration 32
IPF row error: 65.290807, col error: 0.000000
IPF converged at iteration 32
IPF converged at iteration 32
IPF row error: 65.290807, col error: 0.000000
IPF row error: 65.290807, col error: 0.000000
IPF converged at iteration 32
Starting Iterative Proportional Fitting (IPF)...
IPF row error: 65.290807, col error: 0.000000
Starting Iterative Proportional Fitting (IPF)...
Starting Iterative Proportional Fitting (IPF)...
Starting Iterative Proportional Fitting (IPF)...
IPF converged at iteration 32
IPF row error: 65.290807, col error: 0.000000
IPF converged at iteration 32
IPF converged at iteration 32
IPF row error: 65.290807, col error: 0.000000
IPF row error: 65.290807, col error: 0.000000
Starting Iterative Proportional Fitting (IPF)...
IPF converged at iteration 32
IPF row error: 65.290807, col error: 0.000000
Starting Iterative Proportional Fitting (IPF)...
Starting Iterative Proportional Fitting (IPF)...
Starting Iterative Proportional Fitting (IPF)...
IPF converged at iteration 32
IPF row error: 65.290807, col error: 0.000000
IPF converged at iteration 32
IPF row error: 65.290807, col error: 0.000000
  [2023/test] 진행 30/1750 (1.7%) | 누적 CPC 0.7592 | RMSE 230.7982 | %RMSE 3.3007 | 경과 0.4분 | 예상 남음 25.3분
IPF converged at iteration 32
Starting Iterative Proportional Fitting (IPF)...
IPF row error: 65.290807, col error: 0.000000
IPF converged at iteration 32
Starting Iterative Proportional Fitting (IPF)...
IPF row error: 65.290807, col error: 0.000000
Starting Iterative Proportional Fitting (IPF)...
Starting Iterative Proportional Fitting (IPF)...
IPF converged at iteration 32
IPF row error: 65.290807, col error: 0.000000
IPF converged at iteration 32
IPF row error: 65.290807, col error: 0.000000
Starting Iterative Proportional Fitting (IPF)...
IPF converged at iteration 32
IPF row error: 65.290807, col error: 0.000000
Starting Iterative Proportional Fitting (IPF)...
IPF converged at iteration 32
IPF row error: 65.290807, col error: 0.000000
Starting Iterative Proportional Fitting (IPF)...
Starting Iterative Proportional Fitting (IPF)...
IPF converged at iteration 32
IPF row error: 65.290807, col error: 0.000000
IPF converged at iteration 32
IPF row error: 65.290807, col error: 0.000000
Starting Iterative Proportional Fitting (IPF)...
IPF converged at iteration 32
Starting Iterative Proportional Fitting (IPF)...
IPF row error: 65.290807, col error: 0.000000
IPF converged at iteration 32
IPF row error: 65.290807, col error: 0.000000
Starting Iterative Proportional Fitting (IPF)...
Starting Iterative Proportional Fitting (IPF)...
IPF converged at iteration 32
IPF row error: 65.290807, col error: 0.000000
IPF converged at iteration 32
IPF row error: 65.290807, col error: 0.000000
Starting Iterative Proportional Fitting (IPF)...
Starting Iterative Proportional Fitting (IPF)...
IPF converged at iteration 32
IPF row error: 65.290807, col error: 0.000000
IPF converged at iteration 32
IPF row error: 65.290807, col error: 0.000000
Starting Iterative Proportional Fitting (IPF)...
Starting Iterative Proportional Fitting (IPF)...
IPF converged at iteration 32
IPF row error: 65.290807, col error: 0.000000
IPF converged at iteration 32
IPF row error: 65.290807, col error: 0.000000
Starting Iterative Proportional Fitting (IPF)...
Starting Iterative Proportional Fitting (IPF)...
IPF converged at iteration 32
IPF row error: 65.290807, col error: 0.000000
IPF converged at iteration 32
IPF row error: 65.290807, col error: 0.000000
Starting Iterative Proportional Fitting (IPF)...
Starting Iterative Proportional Fitting (IPF)...
IPF converged at iteration 32
IPF row error: 65.290807, col error: 0.000000
IPF converged at iteration 32
IPF row error: 65.290807, col error: 0.000000
Starting Iterative Proportional Fitting (IPF)...
Starting Iterative Proportional Fitting (IPF)...
IPF converged at iteration 32
IPF row error: 64.681872, col error: 0.000000
IPF converged at iteration 32
IPF row error: 64.681872, col error: 0.000000
Starting Iterative Proportional Fitting (IPF)...
Starting Iterative Proportional Fitting (IPF)...
IPF converged at iteration 32
IPF row error: 64.681872, col error: 0.000000
IPF converged at iteration 32
IPF row error: 64.681872, col error: 0.000000
Starting Iterative Proportional Fitting (IPF)...
Starting Iterative Proportional Fitting (IPF)...
IPF converged at iteration 32
IPF row error: 64.681872, col error: 0.000000
IPF converged at iteration 32
IPF row error: 64.681872, col error: 0.000000
Starting Iterative Proportional Fitting (IPF)...
Starting Iterative Proportional Fitting (IPF)...
IPF converged at iteration 32
IPF row error: 64.681872, col error: 0.000000
IPF converged at iteration 32
IPF row error: 64.681872, col error: 0.000000
Starting Iterative Proportional Fitting (IPF)...
Starting Iterative Proportional Fitting (IPF)...
IPF converged at iteration 32
IPF row error: 64.681872, col error: 0.000000
IPF converged at iteration 32
IPF row error: 64.681872, col error: 0.000000
Starting Iterative Proportional Fitting (IPF)...
  [2023/test] 진행 60/1750 (3.4%) | 누적 CPC 0.7481 | RMSE 240.2410 | %RMSE 3.5508 | 경과 0.8분 | 예상 남음 23.0분
Starting Iterative Proportional Fitting (IPF)...
IPF converged at iteration 32
IPF row error: 64.681872, col error: 0.000000
IPF converged at iteration 32
IPF row error: 64.681872, col error: 0.000000
Starting Iterative Proportional Fitting (IPF)...
Starting Iterative Proportional Fitting (IPF)...
IPF converged at iteration 32
IPF row error: 64.681872, col error: 0.000000
IPF converged at iteration 32
IPF row error: 64.681872, col error: 0.000000
Starting Iterative Proportional Fitting (IPF)...
Starting Iterative Proportional Fitting (IPF)...
IPF converged at iteration 32
IPF row error: 64.681872, col error: 0.000000
IPF converged at iteration 32
IPF row error: 64.681872, col error: 0.000000
Starting Iterative Proportional Fitting (IPF)...
Starting Iterative Proportional Fitting (IPF)...
IPF converged at iteration 32
IPF row error: 64.681872, col error: 0.000000
IPF converged at iteration 32
IPF row error: 64.681872, col error: 0.000000
Starting Iterative Proportional Fitting (IPF)...
Starting Iterative Proportional Fitting (IPF)...
IPF converged at iteration 32
IPF row error: 64.681872, col error: 0.000000
IPF converged at iteration 32
IPF row error: 64.681872, col error: 0.000000
Starting Iterative Proportional Fitting (IPF)...
Starting Iterative Proportional Fitting (IPF)...
IPF converged at iteration 32
IPF row error: 64.681872, col error: 0.000000
IPF converged at iteration 32
IPF row error: 64.681872, col error: 0.000000
Starting Iterative Proportional Fitting (IPF)...
Starting Iterative Proportional Fitting (IPF)...
IPF converged at iteration 32
IPF row error: 64.681872, col error: 0.000000
IPF converged at iteration 32
IPF row error: 64.681872, col error: 0.000000
Starting Iterative Proportional Fitting (IPF)...
Starting Iterative Proportional Fitting (IPF)...
IPF converged at iteration 32
IPF row error: 64.681872, col error: 0.000000
IPF converged at iteration 32
IPF row error: 64.681872, col error: 0.000000
Starting Iterative Proportional Fitting (IPF)...
Starting Iterative Proportional Fitting (IPF)...
IPF converged at iteration 32
IPF row error: 64.681872, col error: 0.000000
IPF converged at iteration 32
IPF row error: 64.681872, col error: 0.000000
Starting Iterative Proportional Fitting (IPF)...
Starting Iterative Proportional Fitting (IPF)...
IPF converged at iteration 32
IPF row error: 64.681872, col error: 0.000000
IPF converged at iteration 32
IPF row error: 64.681872, col error: 0.000000
Starting Iterative Proportional Fitting (IPF)...
Starting Iterative Proportional Fitting (IPF)...
IPF converged at iteration 32
IPF row error: 64.681872, col error: 0.000000
IPF converged at iteration 32
IPF row error: 64.681872, col error: 0.000000
Starting Iterative Proportional Fitting (IPF)...
Starting Iterative Proportional Fitting (IPF)...
IPF converged at iteration 32
IPF row error: 64.681872, col error: 0.000000
IPF converged at iteration 32
IPF row error: 64.681872, col error: 0.000000
Starting Iterative Proportional Fitting (IPF)...
Starting Iterative Proportional Fitting (IPF)...
IPF converged at iteration 32
IPF row error: 64.681872, col error: 0.000000
IPF converged at iteration 32
IPF row error: 64.681872, col error: 0.000000
Starting Iterative Proportional Fitting (IPF)...
Starting Iterative Proportional Fitting (IPF)...
IPF converged at iteration 32
IPF row error: 64.681872, col error: 0.000000
IPF converged at iteration 32
Starting Iterative Proportional Fitting (IPF)...
IPF row error: 64.681872, col error: 0.000000
Starting Iterative Proportional Fitting (IPF)...
IPF converged at iteration 32
IPF row error: 64.681872, col error: 0.000000
IPF converged at iteration 32
IPF row error: 64.681872, col error: 0.000000
  [2023/test] 진행 90/1750 (5.1%) | 누적 CPC 0.7297 | RMSE 255.9790 | %RMSE 3.9677 | 경과 1.3분 | 예상 남음 24.3분
Starting Iterative Proportional Fitting (IPF)...
Starting Iterative Proportional Fitting (IPF)...
IPF converged at iteration 32
IPF row error: 64.681872, col error: 0.000000
IPF converged at iteration 32
Starting Iterative Proportional Fitting (IPF)...
IPF row error: 64.681872, col error: 0.000000
Starting Iterative Proportional Fitting (IPF)...
IPF converged at iteration 32
IPF row error: 64.681872, col error: 0.000000
IPF converged at iteration 32
IPF row error: 64.681872, col error: 0.000000
Starting Iterative Proportional Fitting (IPF)...
Starting Iterative Proportional Fitting (IPF)...
IPF converged at iteration 32
IPF row error: 64.681872, col error: 0.000000
IPF converged at iteration 32
IPF row error: 64.681872, col error: 0.000000
Starting Iterative Proportional Fitting (IPF)...
Starting Iterative Proportional Fitting (IPF)...
IPF converged at iteration 32
IPF row error: 64.681872, col error: 0.000000
IPF converged at iteration 32
IPF row error: 64.681872, col error: 0.000000
Starting Iterative Proportional Fitting (IPF)...
Starting Iterative Proportional Fitting (IPF)...
IPF converged at iteration 32
IPF row error: 64.681872, col error: 0.000000
IPF converged at iteration 32
Starting Iterative Proportional Fitting (IPF)...
IPF row error: 64.681872, col error: 0.000000
Starting Iterative Proportional Fitting (IPF)...
IPF converged at iteration 32
IPF row error: 64.808156, col error: 0.000000
IPF converged at iteration 32
IPF row error: 64.808156, col error: 0.000000
Starting Iterative Proportional Fitting (IPF)...
Starting Iterative Proportional Fitting (IPF)...
IPF converged at iteration 32
IPF row error: 64.808156, col error: 0.000000
IPF converged at iteration 32
Starting Iterative Proportional Fitting (IPF)...
IPF row error: 64.808156, col error: 0.000000
Starting Iterative Proportional Fitting (IPF)...
IPF converged at iteration 32
IPF row error: 64.808156, col error: 0.000000
IPF converged at iteration 32
IPF row error: 64.808156, col error: 0.000000
Starting Iterative Proportional Fitting (IPF)...
Starting Iterative Proportional Fitting (IPF)...
IPF converged at iteration 32
IPF row error: 64.808156, col error: 0.000000
Starting Iterative Proportional Fitting (IPF)...
IPF converged at iteration 32
IPF row error: 64.808156, col error: 0.000000
Starting Iterative Proportional Fitting (IPF)...
IPF converged at iteration 32
IPF row error: 64.808156, col error: 0.000000
IPF converged at iteration 32
IPF row error: 64.808156, col error: 0.000000
Starting Iterative Proportional Fitting (IPF)...
Starting Iterative Proportional Fitting (IPF)...
IPF converged at iteration 32
IPF row error: 64.808156, col error: 0.000000
IPF converged at iteration 32Starting Iterative Proportional Fitting (IPF)...

IPF row error: 64.808156, col error: 0.000000
Starting Iterative Proportional Fitting (IPF)...
IPF converged at iteration 32
IPF converged at iteration 32
IPF row error: 64.808156, col error: 0.000000
IPF row error: 64.808156, col error: 0.000000
Starting Iterative Proportional Fitting (IPF)...
Starting Iterative Proportional Fitting (IPF)...
IPF converged at iteration 32
IPF row error: 64.808156, col error: 0.000000
Starting Iterative Proportional Fitting (IPF)...
IPF converged at iteration 32
IPF row error: 64.808156, col error: 0.000000
Starting Iterative Proportional Fitting (IPF)...
IPF converged at iteration 32
IPF row error: 64.808156, col error: 0.000000
IPF converged at iteration 32
IPF row error: 64.808156, col error: 0.000000
Starting Iterative Proportional Fitting (IPF)...
Starting Iterative Proportional Fitting (IPF)...
IPF converged at iteration 32
IPF row error: 64.808156, col error: 0.000000
Starting Iterative Proportional Fitting (IPF)...
IPF converged at iteration 32
IPF row error: 64.808156, col error: 0.000000
  [2023/test] 진행 120/1750 (6.9%) | 누적 CPC 0.7171 | RMSE 250.8608 | %RMSE 4.3328 | 경과 1.7분 | 예상 남음 23.3분
Starting Iterative Proportional Fitting (IPF)...
IPF converged at iteration 32
IPF row error: 64.808156, col error: 0.000000
IPF converged at iteration 32
IPF row error: 64.808156, col error: 0.000000
Starting Iterative Proportional Fitting (IPF)...
Starting Iterative Proportional Fitting (IPF)...
IPF converged at iteration 32
IPF row error: 64.808156, col error: 0.000000
IPF converged at iteration 32
Starting Iterative Proportional Fitting (IPF)...
IPF row error: 64.808156, col error: 0.000000
Starting Iterative Proportional Fitting (IPF)...
IPF converged at iteration 32
IPF converged at iteration 32
IPF row error: 64.808156, col error: 0.000000
IPF row error: 64.808156, col error: 0.000000
Starting Iterative Proportional Fitting (IPF)...
Starting Iterative Proportional Fitting (IPF)...
IPF converged at iteration 32
IPF row error: 64.808156, col error: 0.000000
IPF converged at iteration 32
IPF row error: 64.808156, col error: 0.000000
Starting Iterative Proportional Fitting (IPF)...
Starting Iterative Proportional Fitting (IPF)...
IPF converged at iteration 32
IPF converged at iteration 32
IPF row error: 64.808156, col error: 0.000000
IPF row error: 64.808156, col error: 0.000000
Starting Iterative Proportional Fitting (IPF)...
Starting Iterative Proportional Fitting (IPF)...
IPF converged at iteration 32
IPF row error: 64.808156, col error: 0.000000
IPF converged at iteration 32
Starting Iterative Proportional Fitting (IPF)...
IPF row error: 64.808156, col error: 0.000000
Starting Iterative Proportional Fitting (IPF)...
IPF converged at iteration 32
IPF converged at iteration 32
IPF row error: 64.808156, col error: 0.000000
IPF row error: 64.808156, col error: 0.000000
Starting Iterative Proportional Fitting (IPF)...Starting Iterative Proportional Fitting (IPF)...

IPF converged at iteration 32
IPF row error: 64.808156, col error: 0.000000
IPF converged at iteration 32
Starting Iterative Proportional Fitting (IPF)...IPF row error: 64.808156, col error: 0.000000

Starting Iterative Proportional Fitting (IPF)...
IPF converged at iteration 32
IPF converged at iteration 32
IPF row error: 64.808156, col error: 0.000000
IPF row error: 64.808156, col error: 0.000000
Starting Iterative Proportional Fitting (IPF)...
Starting Iterative Proportional Fitting (IPF)...
IPF converged at iteration 32
IPF row error: 64.808156, col error: 0.000000
IPF converged at iteration 32
IPF row error: 64.808156, col error: 0.000000
Starting Iterative Proportional Fitting (IPF)...
Starting Iterative Proportional Fitting (IPF)...
IPF converged at iteration 32
IPF converged at iteration 32
IPF row error: 64.808156, col error: 0.000000
IPF row error: 64.808156, col error: 0.000000
Starting Iterative Proportional Fitting (IPF)...
Starting Iterative Proportional Fitting (IPF)...
IPF converged at iteration 32
IPF row error: 64.808156, col error: 0.000000
IPF converged at iteration 32
IPF row error: 64.808156, col error: 0.000000
Starting Iterative Proportional Fitting (IPF)...
Starting Iterative Proportional Fitting (IPF)...
IPF converged at iteration 32
IPF converged at iteration 32
IPF row error: 64.808156, col error: 0.000000
IPF row error: 64.808156, col error: 0.000000
Starting Iterative Proportional Fitting (IPF)...
Starting Iterative Proportional Fitting (IPF)...
IPF converged at iteration 32
IPF row error: 64.808156, col error: 0.000000
IPF converged at iteration 32
Starting Iterative Proportional Fitting (IPF)...
IPF row error: 64.808156, col error: 0.000000
Starting Iterative Proportional Fitting (IPF)...
IPF converged at iteration 32
IPF converged at iteration 32
IPF row error: 64.808156, col error: 0.000000
IPF row error: 64.808156, col error: 0.000000
  [2023/test] 진행 150/1750 (8.6%) | 누적 CPC 0.7082 | RMSE 242.5950 | %RMSE 4.6145 | 경과 2.1분 | 예상 남음 22.7분
Starting Iterative Proportional Fitting (IPF)...
Starting Iterative Proportional Fitting (IPF)...
IPF converged at iteration 32
IPF row error: 64.615059, col error: 0.000000
IPF converged at iteration 32
Starting Iterative Proportional Fitting (IPF)...
IPF row error: 64.615059, col error: 0.000000
Starting Iterative Proportional Fitting (IPF)...
IPF converged at iteration 32
IPF converged at iteration 32
IPF row error: 64.615059, col error: 0.000000
IPF row error: 64.615059, col error: 0.000000
Starting Iterative Proportional Fitting (IPF)...
Starting Iterative Proportional Fitting (IPF)...
IPF converged at iteration 32
IPF row error: 64.615059, col error: 0.000000
IPF converged at iteration 32
Starting Iterative Proportional Fitting (IPF)...
IPF row error: 64.615059, col error: 0.000000
Starting Iterative Proportional Fitting (IPF)...
IPF converged at iteration 32
IPF converged at iteration 32
IPF row error: 64.615059, col error: 0.000000
IPF row error: 64.615059, col error: 0.000000
Starting Iterative Proportional Fitting (IPF)...
Starting Iterative Proportional Fitting (IPF)...
IPF converged at iteration 32
IPF row error: 64.615059, col error: 0.000000
IPF converged at iteration 32
Starting Iterative Proportional Fitting (IPF)...
IPF row error: 64.615059, col error: 0.000000
Starting Iterative Proportional Fitting (IPF)...
IPF converged at iteration 32
IPF converged at iteration 32
IPF row error: 64.615059, col error: 0.000000
IPF row error: 64.615059, col error: 0.000000
Starting Iterative Proportional Fitting (IPF)...
Starting Iterative Proportional Fitting (IPF)...
IPF converged at iteration 32
IPF row error: 64.615059, col error: 0.000000
IPF converged at iteration 32
Starting Iterative Proportional Fitting (IPF)...
IPF row error: 64.615059, col error: 0.000000
Starting Iterative Proportional Fitting (IPF)...
IPF converged at iteration 32
IPF row error: 64.615059, col error: 0.000000
IPF converged at iteration 32
IPF row error: 64.615059, col error: 0.000000
Starting Iterative Proportional Fitting (IPF)...
Starting Iterative Proportional Fitting (IPF)...
IPF converged at iteration 32
IPF row error: 64.615059, col error: 0.000000
IPF converged at iteration 32
Starting Iterative Proportional Fitting (IPF)...
IPF row error: 64.615059, col error: 0.000000
Starting Iterative Proportional Fitting (IPF)...
IPF converged at iteration 32
IPF row error: 64.615059, col error: 0.000000IPF converged at iteration 32

IPF row error: 64.615059, col error: 0.000000
Starting Iterative Proportional Fitting (IPF)...
Starting Iterative Proportional Fitting (IPF)...
IPF converged at iteration 32
IPF row error: 64.615059, col error: 0.000000
Starting Iterative Proportional Fitting (IPF)...
IPF converged at iteration 32
IPF row error: 64.615059, col error: 0.000000
Starting Iterative Proportional Fitting (IPF)...
IPF converged at iteration 32
IPF converged at iteration 32
IPF row error: 64.615059, col error: 0.000000
IPF row error: 64.615059, col error: 0.000000
Starting Iterative Proportional Fitting (IPF)...
Starting Iterative Proportional Fitting (IPF)...
IPF converged at iteration 32
IPF row error: 64.615059, col error: 0.000000
Starting Iterative Proportional Fitting (IPF)...
IPF converged at iteration 32
IPF row error: 64.615059, col error: 0.000000
Starting Iterative Proportional Fitting (IPF)...
IPF converged at iteration 32
IPF converged at iteration 32
IPF row error: 64.615059, col error: 0.000000
IPF row error: 64.615059, col error: 0.000000
Starting Iterative Proportional Fitting (IPF)...
Starting Iterative Proportional Fitting (IPF)...
IPF converged at iteration 32
IPF row error: 64.615059, col error: 0.000000
Starting Iterative Proportional Fitting (IPF)...
IPF converged at iteration 32
IPF row error: 64.615059, col error: 0.000000
  [2023/test] 진행 180/1750 (10.3%) | 누적 CPC 0.6634 | RMSE 236.1832 | %RMSE 5.0303 | 경과 2.5분 | 예상 남음 22.0분
Starting Iterative Proportional Fitting (IPF)...
IPF converged at iteration 32
IPF row error: 64.615059, col error: 0.000000
IPF converged at iteration 32
IPF row error: 64.615059, col error: 0.000000
Starting Iterative Proportional Fitting (IPF)...
Starting Iterative Proportional Fitting (IPF)...
IPF converged at iteration 32
IPF row error: 64.615059, col error: 0.000000
Starting Iterative Proportional Fitting (IPF)...
IPF converged at iteration 32
IPF row error: 64.615059, col error: 0.000000
Starting Iterative Proportional Fitting (IPF)...
IPF converged at iteration 32
IPF row error: 64.615059, col error: 0.000000
IPF converged at iteration 32
IPF row error: 64.615059, col error: 0.000000
Starting Iterative Proportional Fitting (IPF)...
Starting Iterative Proportional Fitting (IPF)...
IPF converged at iteration 32
IPF row error: 64.615059, col error: 0.000000
Starting Iterative Proportional Fitting (IPF)...
IPF converged at iteration 32
IPF row error: 64.615059, col error: 0.000000
Starting Iterative Proportional Fitting (IPF)...
IPF converged at iteration 32
IPF row error: 64.615059, col error: 0.000000
IPF converged at iteration 32
IPF row error: 64.615059, col error: 0.000000
Starting Iterative Proportional Fitting (IPF)...
Starting Iterative Proportional Fitting (IPF)...
IPF converged at iteration 32
IPF row error: 64.615059, col error: 0.000000
Starting Iterative Proportional Fitting (IPF)...
IPF converged at iteration 32
IPF row error: 64.615059, col error: 0.000000
Starting Iterative Proportional Fitting (IPF)...
IPF converged at iteration 32
IPF row error: 64.615059, col error: 0.000000
IPF converged at iteration 32
IPF row error: 64.615059, col error: 0.000000
Starting Iterative Proportional Fitting (IPF)...
Starting Iterative Proportional Fitting (IPF)...
IPF converged at iteration 32
IPF row error: 64.615059, col error: 0.000000
Starting Iterative Proportional Fitting (IPF)...
IPF converged at iteration 32
IPF row error: 64.615059, col error: 0.000000
Starting Iterative Proportional Fitting (IPF)...
IPF converged at iteration 32
IPF row error: 64.615059, col error: 0.000000
IPF converged at iteration 32
IPF row error: 64.615059, col error: 0.000000
Starting Iterative Proportional Fitting (IPF)...
Starting Iterative Proportional Fitting (IPF)...
IPF converged at iteration 32
IPF row error: 64.615059, col error: 0.000000
Starting Iterative Proportional Fitting (IPF)...
IPF converged at iteration 32
IPF row error: 64.615059, col error: 0.000000
Starting Iterative Proportional Fitting (IPF)...
IPF converged at iteration 32
IPF row error: 64.372396, col error: 0.000000
IPF converged at iteration 32
IPF row error: 64.372396, col error: 0.000000Starting Iterative Proportional Fitting (IPF)...

Starting Iterative Proportional Fitting (IPF)...
IPF converged at iteration 32
IPF row error: 64.372396, col error: 0.000000
IPF converged at iteration 32
Starting Iterative Proportional Fitting (IPF)...
IPF row error: 64.372396, col error: 0.000000
Starting Iterative Proportional Fitting (IPF)...
IPF converged at iteration 32
IPF row error: 64.372396, col error: 0.000000
IPF converged at iteration 32
IPF row error: 64.372396, col error: 0.000000
Starting Iterative Proportional Fitting (IPF)...
Starting Iterative Proportional Fitting (IPF)...
IPF converged at iteration 32
IPF row error: 64.372396, col error: 0.000000
Starting Iterative Proportional Fitting (IPF)...
IPF converged at iteration 32
IPF row error: 64.372396, col error: 0.000000
Starting Iterative Proportional Fitting (IPF)...
IPF converged at iteration 32
IPF row error: 64.372396, col error: 0.000000
IPF converged at iteration 32
IPF row error: 64.372396, col error: 0.000000
Starting Iterative Proportional Fitting (IPF)...
  [2023/test] 진행 210/1750 (12.0%) | 누적 CPC 0.6432 | RMSE 231.2023 | %RMSE 5.2251 | 경과 2.9분 | 예상 남음 21.6분
Starting Iterative Proportional Fitting (IPF)...
IPF converged at iteration 32
IPF row error: 64.372396, col error: 0.000000
Starting Iterative Proportional Fitting (IPF)...
IPF converged at iteration 32
IPF row error: 64.372396, col error: 0.000000
Starting Iterative Proportional Fitting (IPF)...
IPF converged at iteration 32
IPF row error: 64.372396, col error: 0.000000
IPF converged at iteration 32
IPF row error: 64.372396, col error: 0.000000
Starting Iterative Proportional Fitting (IPF)...
Starting Iterative Proportional Fitting (IPF)...
IPF converged at iteration 32
IPF row error: 64.372396, col error: 0.000000
Starting Iterative Proportional Fitting (IPF)...
IPF converged at iteration 32
IPF row error: 64.372396, col error: 0.000000
Starting Iterative Proportional Fitting (IPF)...
IPF converged at iteration 32
IPF row error: 64.372396, col error: 0.000000
IPF converged at iteration 32
Starting Iterative Proportional Fitting (IPF)...
IPF row error: 64.372396, col error: 0.000000
IPF converged at iteration 32
Starting Iterative Proportional Fitting (IPF)...
IPF row error: 64.372396, col error: 0.000000
Starting Iterative Proportional Fitting (IPF)...
IPF converged at iteration 32
IPF row error: 64.372396, col error: 0.000000
Starting Iterative Proportional Fitting (IPF)...
IPF converged at iteration 32
IPF row error: 64.372396, col error: 0.000000
IPF converged at iteration 32
Starting Iterative Proportional Fitting (IPF)...
IPF row error: 64.372396, col error: 0.000000
IPF converged at iteration 32
IPF row error: 64.372396, col error: 0.000000
Starting Iterative Proportional Fitting (IPF)...
Starting Iterative Proportional Fitting (IPF)...
IPF converged at iteration 32
IPF row error: 64.372396, col error: 0.000000
Starting Iterative Proportional Fitting (IPF)...
IPF converged at iteration 32
IPF row error: 64.372396, col error: 0.000000
Starting Iterative Proportional Fitting (IPF)...
IPF converged at iteration 32
IPF row error: 64.372396, col error: 0.000000
IPF converged at iteration 32
IPF row error: 64.372396, col error: 0.000000
Starting Iterative Proportional Fitting (IPF)...
Starting Iterative Proportional Fitting (IPF)...
IPF converged at iteration 32
IPF row error: 64.372396, col error: 0.000000
Starting Iterative Proportional Fitting (IPF)...
IPF converged at iteration 32
IPF row error: 64.372396, col error: 0.000000
IPF converged at iteration 32
Starting Iterative Proportional Fitting (IPF)...
IPF row error: 64.372396, col error: 0.000000
IPF converged at iteration 32
Starting Iterative Proportional Fitting (IPF)...
IPF row error: 64.372396, col error: 0.000000
Starting Iterative Proportional Fitting (IPF)...
IPF converged at iteration 32
IPF row error: 64.372396, col error: 0.000000
Starting Iterative Proportional Fitting (IPF)...
IPF converged at iteration 32
IPF row error: 64.372396, col error: 0.000000
IPF converged at iteration 32
IPF row error: 64.372396, col error: 0.000000Starting Iterative Proportional Fitting (IPF)...

IPF converged at iteration 32
IPF row error: 64.372396, col error: 0.000000
Starting Iterative Proportional Fitting (IPF)...
Starting Iterative Proportional Fitting (IPF)...
IPF converged at iteration 32
IPF row error: 64.372396, col error: 0.000000
Starting Iterative Proportional Fitting (IPF)...
IPF converged at iteration 32
IPF row error: 64.372396, col error: 0.000000
IPF converged at iteration 32
Starting Iterative Proportional Fitting (IPF)...
IPF row error: 64.372396, col error: 0.000000
IPF converged at iteration 32
IPF row error: 64.372396, col error: 0.000000
Starting Iterative Proportional Fitting (IPF)...
Starting Iterative Proportional Fitting (IPF)...
IPF converged at iteration 32
IPF row error: 64.372396, col error: 0.000000
  [2023/test] 진행 240/1750 (13.7%) | 누적 CPC 0.6488 | RMSE 226.7647 | %RMSE 5.1926 | 경과 3.4분 | 예상 남음 21.2분
Starting Iterative Proportional Fitting (IPF)...
IPF converged at iteration 32
IPF row error: 64.372396, col error: 0.000000
IPF converged at iteration 32
Starting Iterative Proportional Fitting (IPF)...
IPF row error: 64.372396, col error: 0.000000
IPF converged at iteration 32
IPF row error: 64.372396, col error: 0.000000
Starting Iterative Proportional Fitting (IPF)...
Starting Iterative Proportional Fitting (IPF)...
IPF converged at iteration 32
IPF row error: 64.372396, col error: 0.000000
Starting Iterative Proportional Fitting (IPF)...
IPF converged at iteration 32
IPF row error: 64.372396, col error: 0.000000
IPF converged at iteration 32
Starting Iterative Proportional Fitting (IPF)...
IPF row error: 64.372396, col error: 0.000000
IPF converged at iteration 32
Starting Iterative Proportional Fitting (IPF)...
IPF row error: 64.372396, col error: 0.000000
Starting Iterative Proportional Fitting (IPF)...
IPF converged at iteration 32
IPF row error: 64.372396, col error: 0.000000
Starting Iterative Proportional Fitting (IPF)...
IPF converged at iteration 32
IPF row error: 64.372396, col error: 0.000000
IPF converged at iteration 32
Starting Iterative Proportional Fitting (IPF)...
IPF row error: 64.372396, col error: 0.000000
IPF converged at iteration 32
Starting Iterative Proportional Fitting (IPF)...
IPF row error: 64.657303, col error: 0.000000
Starting Iterative Proportional Fitting (IPF)...
IPF converged at iteration 32
IPF row error: 64.657303, col error: 0.000000
Starting Iterative Proportional Fitting (IPF)...
IPF converged at iteration 32
IPF row error: 64.657303, col error: 0.000000
IPF converged at iteration 32
Starting Iterative Proportional Fitting (IPF)...
IPF row error: 64.657303, col error: 0.000000
IPF converged at iteration 32
IPF row error: 64.657303, col error: 0.000000
Starting Iterative Proportional Fitting (IPF)...
Starting Iterative Proportional Fitting (IPF)...
IPF converged at iteration 32
IPF row error: 64.657303, col error: 0.000000
Starting Iterative Proportional Fitting (IPF)...
IPF converged at iteration 32
IPF row error: 64.657303, col error: 0.000000
IPF converged at iteration 32
Starting Iterative Proportional Fitting (IPF)...
IPF row error: 64.657303, col error: 0.000000
IPF converged at iteration 32
IPF row error: 64.657303, col error: 0.000000
Starting Iterative Proportional Fitting (IPF)...
Starting Iterative Proportional Fitting (IPF)...
IPF converged at iteration 32
IPF row error: 64.657303, col error: 0.000000
Starting Iterative Proportional Fitting (IPF)...
IPF converged at iteration 32
IPF row error: 64.657303, col error: 0.000000
IPF converged at iteration 32
Starting Iterative Proportional Fitting (IPF)...
IPF row error: 64.657303, col error: 0.000000
IPF converged at iteration 32
IPF row error: 64.657303, col error: 0.000000
Starting Iterative Proportional Fitting (IPF)...
Starting Iterative Proportional Fitting (IPF)...
IPF converged at iteration 32
IPF row error: 64.657303, col error: 0.000000
Starting Iterative Proportional Fitting (IPF)...
IPF converged at iteration 32
IPF row error: 64.657303, col error: 0.000000
IPF converged at iteration 32
Starting Iterative Proportional Fitting (IPF)...
IPF row error: 64.657303, col error: 0.000000
IPF converged at iteration 32
IPF row error: 64.657303, col error: 0.000000
Starting Iterative Proportional Fitting (IPF)...
Starting Iterative Proportional Fitting (IPF)...
IPF converged at iteration 32
IPF row error: 64.657303, col error: 0.000000
Starting Iterative Proportional Fitting (IPF)...
IPF converged at iteration 32
IPF row error: 64.657303, col error: 0.000000
IPF converged at iteration 32
IPF row error: 64.657303, col error: 0.000000
Starting Iterative Proportional Fitting (IPF)...
  [2023/test] 진행 270/1750 (15.4%) | 누적 CPC 0.6497 | RMSE 235.2577 | %RMSE 5.3199 | 경과 3.8분 | 예상 남음 20.7분
IPF converged at iteration 32
IPF row error: 64.657303, col error: 0.000000
Starting Iterative Proportional Fitting (IPF)...
Starting Iterative Proportional Fitting (IPF)...
IPF converged at iteration 32
IPF row error: 64.657303, col error: 0.000000
Starting Iterative Proportional Fitting (IPF)...
IPF converged at iteration 32
IPF row error: 64.657303, col error: 0.000000
IPF converged at iteration 32
IPF row error: 64.657303, col error: 0.000000
Starting Iterative Proportional Fitting (IPF)...
IPF converged at iteration 32
IPF row error: 64.657303, col error: 0.000000
Starting Iterative Proportional Fitting (IPF)...
Starting Iterative Proportional Fitting (IPF)...
IPF converged at iteration 32
IPF row error: 64.657303, col error: 0.000000
Starting Iterative Proportional Fitting (IPF)...
IPF converged at iteration 32
IPF row error: 64.657303, col error: 0.000000
IPF converged at iteration 32
IPF converged at iteration 32
IPF row error: 64.657303, col error: 0.000000
IPF row error: 64.657303, col error: 0.000000
Starting Iterative Proportional Fitting (IPF)...
Starting Iterative Proportional Fitting (IPF)...
Starting Iterative Proportional Fitting (IPF)...
IPF converged at iteration 32
IPF row error: 64.657303, col error: 0.000000
Starting Iterative Proportional Fitting (IPF)...
IPF converged at iteration 32
IPF row error: 64.657303, col error: 0.000000
IPF converged at iteration 32
IPF converged at iteration 32
IPF row error: 64.657303, col error: 0.000000
IPF row error: 64.657303, col error: 0.000000
Starting Iterative Proportional Fitting (IPF)...
Starting Iterative Proportional Fitting (IPF)...
Starting Iterative Proportional Fitting (IPF)...
IPF converged at iteration 32
IPF row error: 64.657303, col error: 0.000000
Starting Iterative Proportional Fitting (IPF)...
IPF converged at iteration 32
IPF row error: 64.657303, col error: 0.000000
IPF converged at iteration 32
IPF converged at iteration 32
IPF row error: 64.657303, col error: 0.000000
IPF row error: 64.657303, col error: 0.000000
Starting Iterative Proportional Fitting (IPF)...
Starting Iterative Proportional Fitting (IPF)...
Starting Iterative Proportional Fitting (IPF)...
IPF converged at iteration 32
IPF row error: 64.657303, col error: 0.000000
Starting Iterative Proportional Fitting (IPF)...
IPF converged at iteration 32
IPF row error: 64.657303, col error: 0.000000
Starting Iterative Proportional Fitting (IPF)...
IPF converged at iteration 32
IPF converged at iteration 32
IPF row error: 64.657303, col error: 0.000000
IPF row error: 64.657303, col error: 0.000000
Starting Iterative Proportional Fitting (IPF)...
Starting Iterative Proportional Fitting (IPF)...
IPF converged at iteration 32
IPF row error: 64.657303, col error: 0.000000
Starting Iterative Proportional Fitting (IPF)...
IPF converged at iteration 32
IPF row error: 64.657303, col error: 0.000000
Starting Iterative Proportional Fitting (IPF)...
IPF converged at iteration 32
IPF converged at iteration 32
IPF row error: 64.657303, col error: 0.000000
IPF row error: 64.657303, col error: 0.000000
Starting Iterative Proportional Fitting (IPF)...
Starting Iterative Proportional Fitting (IPF)...
IPF converged at iteration 32
IPF row error: 64.657303, col error: 0.000000
Starting Iterative Proportional Fitting (IPF)...
IPF converged at iteration 32
IPF row error: 64.657303, col error: 0.000000
Starting Iterative Proportional Fitting (IPF)...
IPF converged at iteration 32
IPF converged at iteration 32
IPF row error: 64.657303, col error: 0.000000
IPF row error: 64.657303, col error: 0.000000
Starting Iterative Proportional Fitting (IPF)...
Starting Iterative Proportional Fitting (IPF)...
IPF converged at iteration 32
IPF row error: 64.657303, col error: 0.000000
  [2023/test] 진행 300/1750 (17.1%) | 누적 CPC 0.6489 | RMSE 247.4272 | %RMSE 5.4904 | 경과 4.2분 | 예상 남음 20.2분
Starting Iterative Proportional Fitting (IPF)...
IPF converged at iteration 32
IPF row error: 64.370416, col error: 0.000000
Starting Iterative Proportional Fitting (IPF)...
IPF converged at iteration 32
IPF converged at iteration 32
IPF row error: 64.370416, col error: 0.000000
IPF row error: 64.370416, col error: 0.000000
Starting Iterative Proportional Fitting (IPF)...
Starting Iterative Proportional Fitting (IPF)...
IPF converged at iteration 32
IPF row error: 64.370416, col error: 0.000000
Starting Iterative Proportional Fitting (IPF)...
IPF converged at iteration 32
IPF row error: 64.370416, col error: 0.000000
Starting Iterative Proportional Fitting (IPF)...
IPF converged at iteration 32
IPF row error: 64.370416, col error: 0.000000
IPF converged at iteration 32
IPF row error: 64.370416, col error: 0.000000
Starting Iterative Proportional Fitting (IPF)...
Starting Iterative Proportional Fitting (IPF)...
IPF converged at iteration 32
IPF row error: 64.370416, col error: 0.000000
Starting Iterative Proportional Fitting (IPF)...
IPF converged at iteration 32
IPF row error: 64.370416, col error: 0.000000
IPF converged at iteration 32
IPF row error: 64.370416, col error: 0.000000
Starting Iterative Proportional Fitting (IPF)...
IPF converged at iteration 32
Starting Iterative Proportional Fitting (IPF)...
IPF row error: 64.370416, col error: 0.000000
IPF converged at iteration 32
Starting Iterative Proportional Fitting (IPF)...
IPF row error: 64.370416, col error: 0.000000
Starting Iterative Proportional Fitting (IPF)...
IPF converged at iteration 32
IPF row error: 64.370416, col error: 0.000000
IPF converged at iteration 32
IPF row error: 64.370416, col error: 0.000000
Starting Iterative Proportional Fitting (IPF)...
Starting Iterative Proportional Fitting (IPF)...
IPF converged at iteration 32
IPF row error: 64.370416, col error: 0.000000
IPF converged at iteration 32
Starting Iterative Proportional Fitting (IPF)...
IPF row error: 64.370416, col error: 0.000000
Starting Iterative Proportional Fitting (IPF)...
IPF converged at iteration 32
IPF row error: 64.370416, col error: 0.000000
IPF converged at iteration 32
IPF row error: 64.370416, col error: 0.000000
Starting Iterative Proportional Fitting (IPF)...
Starting Iterative Proportional Fitting (IPF)...
IPF converged at iteration 32
IPF row error: 64.370416, col error: 0.000000
IPF converged at iteration 32
IPF row error: 64.370416, col error: 0.000000
Starting Iterative Proportional Fitting (IPF)...
Starting Iterative Proportional Fitting (IPF)...
IPF converged at iteration 32
IPF converged at iteration 32
IPF row error: 64.370416, col error: 0.000000
IPF row error: 64.370416, col error: 0.000000
Starting Iterative Proportional Fitting (IPF)...
Starting Iterative Proportional Fitting (IPF)...
IPF converged at iteration 32
IPF row error: 64.370416, col error: 0.000000
IPF converged at iteration 32
IPF row error: 64.370416, col error: 0.000000
Starting Iterative Proportional Fitting (IPF)...
Starting Iterative Proportional Fitting (IPF)...
IPF converged at iteration 32
IPF row error: 64.370416, col error: 0.000000
IPF converged at iteration 32
IPF row error: 64.370416, col error: 0.000000
Starting Iterative Proportional Fitting (IPF)...
Starting Iterative Proportional Fitting (IPF)...
IPF converged at iteration 32
IPF converged at iteration 32
IPF row error: 64.370416, col error: 0.000000
IPF row error: 64.370416, col error: 0.000000
Starting Iterative Proportional Fitting (IPF)...
Starting Iterative Proportional Fitting (IPF)...
IPF converged at iteration 32
IPF row error: 64.370416, col error: 0.000000
IPF converged at iteration 32
IPF row error: 64.370416, col error: 0.000000
  [2023/test] 진행 330/1750 (18.9%) | 누적 CPC 0.6450 | RMSE 326.3643 | %RMSE 6.3219 | 경과 4.6분 | 예상 남음 20.0분
Starting Iterative Proportional Fitting (IPF)...
Starting Iterative Proportional Fitting (IPF)...
IPF converged at iteration 32
IPF converged at iteration 32
IPF row error: 64.370416, col error: 0.000000
IPF row error: 64.370416, col error: 0.000000
Starting Iterative Proportional Fitting (IPF)...
Starting Iterative Proportional Fitting (IPF)...
IPF converged at iteration 32
IPF row error: 64.370416, col error: 0.000000
IPF converged at iteration 32
IPF row error: 64.370416, col error: 0.000000
Starting Iterative Proportional Fitting (IPF)...
Starting Iterative Proportional Fitting (IPF)...
IPF converged at iteration 32
IPF converged at iteration 32
IPF row error: 64.370416, col error: 0.000000
IPF row error: 64.370416, col error: 0.000000
Starting Iterative Proportional Fitting (IPF)...
Starting Iterative Proportional Fitting (IPF)...
IPF converged at iteration 32
IPF row error: 64.370416, col error: 0.000000
IPF converged at iteration 32
Starting Iterative Proportional Fitting (IPF)...
IPF row error: 64.370416, col error: 0.000000
Starting Iterative Proportional Fitting (IPF)...
IPF converged at iteration 32
IPF converged at iteration 32
IPF row error: 64.370416, col error: 0.000000
IPF row error: 64.370416, col error: 0.000000
Starting Iterative Proportional Fitting (IPF)...
Starting Iterative Proportional Fitting (IPF)...
IPF converged at iteration 32
IPF row error: 64.370416, col error: 0.000000
Starting Iterative Proportional Fitting (IPF)...
IPF converged at iteration 32
IPF row error: 64.370416, col error: 0.000000
IPF converged at iteration 32
Starting Iterative Proportional Fitting (IPF)...
IPF row error: 64.370416, col error: 0.000000
Starting Iterative Proportional Fitting (IPF)...
IPF converged at iteration 32
IPF row error: 64.370416, col error: 0.000000
Starting Iterative Proportional Fitting (IPF)...
IPF converged at iteration 32
IPF row error: 64.370416, col error: 0.000000
Starting Iterative Proportional Fitting (IPF)...
IPF converged at iteration 32
IPF row error: 64.370416, col error: 0.000000
Starting Iterative Proportional Fitting (IPF)...
IPF converged at iteration 32
IPF row error: 64.370416, col error: 0.000000
IPF converged at iteration 32
Starting Iterative Proportional Fitting (IPF)...
IPF row error: 64.370416, col error: 0.000000
Starting Iterative Proportional Fitting (IPF)...
IPF converged at iteration 32
IPF row error: 64.370416, col error: 0.000000
Starting Iterative Proportional Fitting (IPF)...
IPF converged at iteration 32
IPF row error: 64.370416, col error: 0.000000
IPF converged at iteration 29
IPF row error: 84.959983, col error: 0.000000
Starting Iterative Proportional Fitting (IPF)...
IPF converged at iteration 28
IPF row error: 98.767555, col error: 0.000000
Starting Iterative Proportional Fitting (IPF)...
Starting Iterative Proportional Fitting (IPF)...
IPF converged at iteration 29
IPF row error: 95.148409, col error: 0.000000
Starting Iterative Proportional Fitting (IPF)...
IPF converged at iteration 32
IPF row error: 65.290807, col error: 0.000000
IPF converged at iteration 31
IPF row error: 71.606602, col error: 0.000000
Starting Iterative Proportional Fitting (IPF)...
IPF converged at iteration 32
IPF row error: 65.290807, col error: 0.000000
Starting Iterative Proportional Fitting (IPF)...
Starting Iterative Proportional Fitting (IPF)...
IPF converged at iteration 32
IPF row error: 65.290807, col error: 0.000000
Starting Iterative Proportional Fitting (IPF)...
IPF converged at iteration 29
IPF row error: 119.205548, col error: 0.000000
Starting Iterative Proportional Fitting (IPF)...
IPF converged at iteration 33
IPF row error: 54.256031, col error: 0.000000
IPF converged at iteration 32
IPF row error: 66.694162, col error: 0.000000
  [2023/test] 진행 360/1750 (20.6%) | 누적 CPC 0.6456 | RMSE 367.4313 | %RMSE 6.6968 | 경과 5.1분 | 예상 남음 19.7분
Starting Iterative Proportional Fitting (IPF)...
Starting Iterative Proportional Fitting (IPF)...
IPF converged at iteration 32
IPF row error: 65.290807, col error: 0.000000
Starting Iterative Proportional Fitting (IPF)...
IPF converged at iteration 33
IPF row error: 38.680656, col error: 0.000000
IPF converged at iteration 28
Starting Iterative Proportional Fitting (IPF)...
IPF row error: 87.886262, col error: 0.000000
Starting Iterative Proportional Fitting (IPF)...
IPF converged at iteration 32
IPF row error: 69.835733, col error: 0.000000
Starting Iterative Proportional Fitting (IPF)...
IPF converged at iteration 32
IPF row error: 64.825884, col error: 0.000000
IPF converged at iteration 30
IPF row error: 74.512525, col error: 0.000000
Starting Iterative Proportional Fitting (IPF)...
Starting Iterative Proportional Fitting (IPF)...
IPF converged at iteration 33
IPF row error: 49.660936, col error: 0.000000
Starting Iterative Proportional Fitting (IPF)...
IPF converged at iteration 27
IPF row error: 116.758152, col error: 0.000000
IPF converged at iteration 54
Starting Iterative Proportional Fitting (IPF)...
IPF row error: 1.270681, col error: 0.000000
IPF converged at iteration 30
IPF row error: 95.239441, col error: 0.000000
Starting Iterative Proportional Fitting (IPF)...
Starting Iterative Proportional Fitting (IPF)...
IPF converged at iteration 30
IPF row error: 149.885691, col error: 0.000000
Starting Iterative Proportional Fitting (IPF)...
IPF converged at iteration 31
IPF row error: 79.336128, col error: 0.000000
Starting Iterative Proportional Fitting (IPF)...
IPF converged at iteration 32
IPF row error: 74.426607, col error: 0.000000
IPF converged at iteration 32
IPF row error: 65.290807, col error: 0.000000
Starting Iterative Proportional Fitting (IPF)...
Starting Iterative Proportional Fitting (IPF)...
IPF converged at iteration 32
IPF row error: 65.290807, col error: 0.000000
Starting Iterative Proportional Fitting (IPF)...
IPF converged at iteration 30
IPF row error: 91.631430, col error: 0.000000
Starting Iterative Proportional Fitting (IPF)...
IPF converged at iteration 31
IPF row error: 72.604023, col error: 0.000000
IPF converged at iteration 32
IPF row error: 65.290807, col error: 0.000000
Starting Iterative Proportional Fitting (IPF)...
Starting Iterative Proportional Fitting (IPF)...
IPF converged at iteration 32
IPF row error: 65.290807, col error: 0.000000
Starting Iterative Proportional Fitting (IPF)...
IPF converged at iteration 28
IPF row error: 28.729255, col error: 0.000000
Starting Iterative Proportional Fitting (IPF)...
IPF converged at iteration 32
IPF row error: 65.290807, col error: 0.000000
IPF converged at iteration 30
IPF row error: 99.567729, col error: 0.000000
Starting Iterative Proportional Fitting (IPF)...
Starting Iterative Proportional Fitting (IPF)...
IPF converged at iteration 32
IPF row error: 65.290807, col error: 0.000000
Starting Iterative Proportional Fitting (IPF)...
IPF converged at iteration 32
IPF row error: 65.290807, col error: 0.000000
Starting Iterative Proportional Fitting (IPF)...
IPF converged at iteration 32
IPF converged at iteration 31
IPF row error: 65.290807, col error: 0.000000
IPF row error: 67.593850, col error: 0.000000
Starting Iterative Proportional Fitting (IPF)...
Starting Iterative Proportional Fitting (IPF)...
IPF converged at iteration 30
IPF row error: 81.173558, col error: 0.000000
Starting Iterative Proportional Fitting (IPF)...
IPF converged at iteration 32
IPF row error: 65.290807, col error: 0.000000
Starting Iterative Proportional Fitting (IPF)...
IPF converged at iteration 32
IPF converged at iteration 32
IPF row error: 65.290807, col error: 0.000000
IPF row error: 65.290807, col error: 0.000000
  [2023/test] 진행 390/1750 (22.3%) | 누적 CPC 0.6534 | RMSE 357.4721 | %RMSE 6.4413 | 경과 5.5분 | 예상 남음 19.2분
Starting Iterative Proportional Fitting (IPF)...Starting Iterative Proportional Fitting (IPF)...

IPF converged at iteration 32
IPF row error: 75.560127, col error: 0.000000
Starting Iterative Proportional Fitting (IPF)...
IPF converged at iteration 25
IPF row error: 210.290188, col error: 0.000000
IPF converged at iteration 32
IPF row error: 75.312273, col error: 0.000000
Starting Iterative Proportional Fitting (IPF)...
Starting Iterative Proportional Fitting (IPF)...
IPF converged at iteration 32
IPF row error: 65.290807, col error: 0.000000
Starting Iterative Proportional Fitting (IPF)...
IPF converged at iteration 32
IPF row error: 65.290807, col error: 0.000000
IPF converged at iteration 17
IPF row error: 29.261330, col error: 0.000000
Starting Iterative Proportional Fitting (IPF)...
Starting Iterative Proportional Fitting (IPF)...
IPF converged at iteration 31
IPF row error: 69.991379, col error: 0.000000
Starting Iterative Proportional Fitting (IPF)...
IPF converged at iteration 32
IPF row error: 65.290807, col error: 0.000000
Starting Iterative Proportional Fitting (IPF)...
IPF converged at iteration 32
IPF row error: 65.290807, col error: 0.000000
IPF converged at iteration 32
IPF row error: 65.290807, col error: 0.000000
Starting Iterative Proportional Fitting (IPF)...
Starting Iterative Proportional Fitting (IPF)...
IPF converged at iteration 32
IPF row error: 63.704470, col error: 0.000000
Starting Iterative Proportional Fitting (IPF)...
IPF converged at iteration 40
IPF row error: 11.006811, col error: 0.000000
Starting Iterative Proportional Fitting (IPF)...
IPF converged at iteration 32
IPF row error: 64.681872, col error: 0.000000
IPF converged at iteration 32
IPF row error: 64.681872, col error: 0.000000
Starting Iterative Proportional Fitting (IPF)...
Starting Iterative Proportional Fitting (IPF)...
IPF converged at iteration 32
IPF row error: 64.681872, col error: 0.000000
Starting Iterative Proportional Fitting (IPF)...
IPF converged at iteration 32
IPF row error: 64.681872, col error: 0.000000
IPF converged at iteration 28
Starting Iterative Proportional Fitting (IPF)...
IPF row error: 81.995153, col error: 0.000000
IPF converged at iteration 31
IPF row error: 83.095275, col error: 0.000000
Starting Iterative Proportional Fitting (IPF)...
Starting Iterative Proportional Fitting (IPF)...
IPF converged at iteration 32
IPF row error: 64.681872, col error: 0.000000
Starting Iterative Proportional Fitting (IPF)...
IPF converged at iteration 31
IPF row error: 81.905205, col error: 0.000000
Starting Iterative Proportional Fitting (IPF)...
IPF converged at iteration 32
IPF row error: 67.889494, col error: 0.000000
IPF converged at iteration 32
IPF row error: 64.681872, col error: 0.000000
Starting Iterative Proportional Fitting (IPF)...
Starting Iterative Proportional Fitting (IPF)...
IPF converged at iteration 32
IPF row error: 75.594156, col error: 0.000000
Starting Iterative Proportional Fitting (IPF)...
IPF converged at iteration 32
IPF row error: 64.681872, col error: 0.000000
IPF converged at iteration 30
Starting Iterative Proportional Fitting (IPF)...
IPF row error: 97.545532, col error: 0.000000
Starting Iterative Proportional Fitting (IPF)...
IPF converged at iteration 32
IPF row error: 64.681872, col error: 0.000000
Starting Iterative Proportional Fitting (IPF)...
IPF converged at iteration 31
IPF row error: 85.652068, col error: 0.000000
Starting Iterative Proportional Fitting (IPF)...
IPF converged at iteration 32
IPF row error: 64.681872, col error: 0.000000
IPF converged at iteration 32
Starting Iterative Proportional Fitting (IPF)...
IPF row error: 61.751858, col error: 0.000000
Starting Iterative Proportional Fitting (IPF)...
IPF converged at iteration 31
IPF row error: 85.072451, col error: 0.000000
  [2023/test] 진행 420/1750 (24.0%) | 누적 CPC 0.6571 | RMSE 351.1203 | %RMSE 6.2867 | 경과 5.9분 | 예상 남음 18.7분
Starting Iterative Proportional Fitting (IPF)...
IPF converged at iteration 32
IPF row error: 67.093627, col error: 0.000000
Starting Iterative Proportional Fitting (IPF)...
IPF converged at iteration 32
IPF row error: 64.681872, col error: 0.000000
Starting Iterative Proportional Fitting (IPF)...
IPF converged at iteration 32
IPF row error: 64.681872, col error: 0.000000
Starting Iterative Proportional Fitting (IPF)...
IPF converged at iteration 50
IPF converged at iteration 30
IPF row error: 5.368437, col error: 0.000000
IPF row error: 80.219859, col error: 0.000000
Starting Iterative Proportional Fitting (IPF)...
Starting Iterative Proportional Fitting (IPF)...
IPF converged at iteration 30
IPF row error: 99.962146, col error: 0.000000
Starting Iterative Proportional Fitting (IPF)...
IPF converged at iteration 32
IPF row error: 64.681872, col error: 0.000000
Starting Iterative Proportional Fitting (IPF)...
IPF converged at iteration 30
IPF row error: 92.273159, col error: 0.000000
IPF converged at iteration 32
IPF row error: 64.681872, col error: 0.000000
Starting Iterative Proportional Fitting (IPF)...
Starting Iterative Proportional Fitting (IPF)...
IPF converged at iteration 40
IPF row error: 12.615922, col error: 0.000000
IPF converged at iteration 32
IPF row error: 64.681872, col error: 0.000000
Starting Iterative Proportional Fitting (IPF)...
Starting Iterative Proportional Fitting (IPF)...
IPF converged at iteration 32
IPF row error: 64.681872, col error: 0.000000
IPF converged at iteration 32
IPF row error: 64.681872, col error: 0.000000
Starting Iterative Proportional Fitting (IPF)...
Starting Iterative Proportional Fitting (IPF)...
IPF converged at iteration 30
IPF row error: 147.468080, col error: 0.000000
Starting Iterative Proportional Fitting (IPF)...
IPF converged at iteration 40
IPF row error: 10.997433, col error: 0.000000
IPF converged at iteration 29
Starting Iterative Proportional Fitting (IPF)...
IPF row error: 99.453152, col error: 0.000000
Starting Iterative Proportional Fitting (IPF)...
IPF converged at iteration 32
IPF row error: 64.681872, col error: 0.000000
Starting Iterative Proportional Fitting (IPF)...
IPF converged at iteration 32
IPF row error: 64.681872, col error: 0.000000
Starting Iterative Proportional Fitting (IPF)...
IPF converged at iteration 32
IPF row error: 64.681872, col error: 0.000000
Starting Iterative Proportional Fitting (IPF)...
IPF converged at iteration 32
IPF row error: 64.681872, col error: 0.000000
Starting Iterative Proportional Fitting (IPF)...
IPF converged at iteration 32
IPF row error: 64.681872, col error: 0.000000
Starting Iterative Proportional Fitting (IPF)...
IPF converged at iteration 32
IPF row error: 64.681872, col error: 0.000000
Starting Iterative Proportional Fitting (IPF)...
IPF converged at iteration 32
IPF row error: 64.681872, col error: 0.000000
Starting Iterative Proportional Fitting (IPF)...
IPF converged at iteration 32
IPF row error: 64.681872, col error: 0.000000
Starting Iterative Proportional Fitting (IPF)...
IPF converged at iteration 29
IPF row error: 113.956431, col error: 0.000000
Starting Iterative Proportional Fitting (IPF)...
IPF converged at iteration 32
IPF row error: 59.867030, col error: 0.000000
Starting Iterative Proportional Fitting (IPF)...
IPF converged at iteration 32
IPF row error: 64.681872, col error: 0.000000
IPF converged at iteration 32
Starting Iterative Proportional Fitting (IPF)...
IPF row error: 64.681872, col error: 0.000000
IPF converged at iteration 29
IPF row error: 94.329004, col error: 0.000000
Starting Iterative Proportional Fitting (IPF)...
Starting Iterative Proportional Fitting (IPF)...
IPF converged at iteration 32
IPF row error: 64.681872, col error: 0.000000
  [2023/test] 진행 450/1750 (25.7%) | 누적 CPC 0.6593 | RMSE 346.3849 | %RMSE 6.1786 | 경과 6.4분 | 예상 남음 18.4분
Starting Iterative Proportional Fitting (IPF)...
IPF converged at iteration 32
IPF row error: 64.808156, col error: 0.000000
Starting Iterative Proportional Fitting (IPF)...
IPF converged at iteration 32
IPF row error: 64.808156, col error: 0.000000
IPF converged at iteration 32
IPF row error: 64.808156, col error: 0.000000
Starting Iterative Proportional Fitting (IPF)...
Starting Iterative Proportional Fitting (IPF)...
IPF converged at iteration 32
IPF row error: 64.808156, col error: 0.000000
IPF converged at iteration 31
IPF converged at iteration 30
IPF row error: 62.708397, col error: 0.000000
Starting Iterative Proportional Fitting (IPF)...
IPF row error: 110.923462, col error: 0.000000
Starting Iterative Proportional Fitting (IPF)...
Starting Iterative Proportional Fitting (IPF)...
IPF converged at iteration 48
IPF row error: 1.838407, col error: 0.000000
Starting Iterative Proportional Fitting (IPF)...
IPF converged at iteration 29
IPF row error: 197.888574, col error: 0.000000
Starting Iterative Proportional Fitting (IPF)...
IPF converged at iteration 31
IPF row error: 75.051484, col error: 0.000000
IPF converged at iteration 32
IPF row error: 64.808156, col error: 0.000000
Starting Iterative Proportional Fitting (IPF)...
Starting Iterative Proportional Fitting (IPF)...
IPF converged at iteration 32
IPF row error: 64.808156, col error: 0.000000
Starting Iterative Proportional Fitting (IPF)...
IPF converged at iteration 32
IPF row error: 64.808156, col error: 0.000000
Starting Iterative Proportional Fitting (IPF)...
IPF converged at iteration 32
IPF row error: 64.808156, col error: 0.000000
IPF converged at iteration 32
IPF row error: 64.808156, col error: 0.000000
Starting Iterative Proportional Fitting (IPF)...
Starting Iterative Proportional Fitting (IPF)...
IPF converged at iteration 32
IPF row error: 64.808156, col error: 0.000000
Starting Iterative Proportional Fitting (IPF)...
IPF converged at iteration 32
IPF row error: 64.808156, col error: 0.000000
Starting Iterative Proportional Fitting (IPF)...
IPF converged at iteration 27
IPF row error: 96.853032, col error: 0.000000
IPF converged at iteration 32
IPF row error: 63.111231, col error: 0.000000
Starting Iterative Proportional Fitting (IPF)...
Starting Iterative Proportional Fitting (IPF)...
IPF converged at iteration 32
IPF row error: 64.808156, col error: 0.000000
Starting Iterative Proportional Fitting (IPF)...
IPF converged at iteration 31
IPF converged at iteration 32
IPF row error: 82.416897, col error: 0.000000
IPF row error: 64.808156, col error: 0.000000
Starting Iterative Proportional Fitting (IPF)...
Starting Iterative Proportional Fitting (IPF)...
IPF converged at iteration 50
IPF row error: 5.353232, col error: 0.000000
IPF converged at iteration 32
IPF row error: 64.808156, col error: 0.000000
Starting Iterative Proportional Fitting (IPF)...
Starting Iterative Proportional Fitting (IPF)...
IPF converged at iteration 32
IPF row error: 64.808156, col error: 0.000000
IPF converged at iteration 32
IPF row error: 64.808156, col error: 0.000000
Starting Iterative Proportional Fitting (IPF)...
Starting Iterative Proportional Fitting (IPF)...
IPF converged at iteration 32
IPF row error: 64.808156, col error: 0.000000
IPF converged at iteration 32
IPF row error: 64.808156, col error: 0.000000
Starting Iterative Proportional Fitting (IPF)...
Starting Iterative Proportional Fitting (IPF)...
IPF converged at iteration 36
IPF row error: 29.449421, col error: 0.000000
Starting Iterative Proportional Fitting (IPF)...
IPF converged at iteration 32
IPF row error: 64.808156, col error: 0.000000
IPF converged at iteration 32
IPF row error: 62.641799, col error: 0.000000
  [2023/test] 진행 480/1750 (27.4%) | 누적 CPC 0.6599 | RMSE 337.8122 | %RMSE 6.1502 | 경과 6.8분 | 예상 남음 17.9분
Starting Iterative Proportional Fitting (IPF)...
Starting Iterative Proportional Fitting (IPF)...
IPF converged at iteration 50
IPF row error: 5.615389, col error: 0.000000
Starting Iterative Proportional Fitting (IPF)...
IPF converged at iteration 23
IPF row error: 64.629616, col error: 0.000000
Starting Iterative Proportional Fitting (IPF)...
IPF converged at iteration 29
IPF row error: 90.813966, col error: 0.000000
IPF converged at iteration 32
Starting Iterative Proportional Fitting (IPF)...
IPF row error: 64.808156, col error: 0.000000
Starting Iterative Proportional Fitting (IPF)...
IPF converged at iteration 29
IPF row error: 102.823920, col error: 0.000000
Starting Iterative Proportional Fitting (IPF)...
IPF converged at iteration 27
IPF row error: 115.593904, col error: 0.000000
Starting Iterative Proportional Fitting (IPF)...
IPF converged at iteration 32
IPF converged at iteration 29
IPF row error: 64.808156, col error: 0.000000
IPF row error: 101.841341, col error: 0.000000
Starting Iterative Proportional Fitting (IPF)...
Starting Iterative Proportional Fitting (IPF)...
IPF converged at iteration 32
IPF row error: 64.808156, col error: 0.000000
Starting Iterative Proportional Fitting (IPF)...
IPF converged at iteration 32
IPF row error: 62.543960, col error: 0.000000
Starting Iterative Proportional Fitting (IPF)...
IPF converged at iteration 32
IPF converged at iteration 32
IPF row error: 64.808156, col error: 0.000000
IPF row error: 64.808156, col error: 0.000000
Starting Iterative Proportional Fitting (IPF)...
Starting Iterative Proportional Fitting (IPF)...
IPF converged at iteration 32
IPF row error: 64.808156, col error: 0.000000
Starting Iterative Proportional Fitting (IPF)...
IPF converged at iteration 32
IPF row error: 64.808156, col error: 0.000000
Starting Iterative Proportional Fitting (IPF)...
IPF converged at iteration 28
IPF row error: 100.417214, col error: 0.000000
IPF converged at iteration 32
IPF row error: 64.808156, col error: 0.000000
Starting Iterative Proportional Fitting (IPF)...
Starting Iterative Proportional Fitting (IPF)...
IPF converged at iteration 34
IPF row error: 45.723369, col error: 0.000000
Starting Iterative Proportional Fitting (IPF)...
IPF converged at iteration 32
IPF row error: 64.808156, col error: 0.000000
Starting Iterative Proportional Fitting (IPF)...
IPF converged at iteration 32
IPF converged at iteration 32
IPF row error: 64.808156, col error: 0.000000
IPF row error: 64.808156, col error: 0.000000
Starting Iterative Proportional Fitting (IPF)...
Starting Iterative Proportional Fitting (IPF)...
IPF converged at iteration 32
IPF row error: 64.615059, col error: 0.000000
Starting Iterative Proportional Fitting (IPF)...
IPF converged at iteration 32
IPF row error: 64.615059, col error: 0.000000
Starting Iterative Proportional Fitting (IPF)...
IPF converged at iteration 32
IPF row error: 64.615059, col error: 0.000000
IPF converged at iteration 32
IPF row error: 64.615059, col error: 0.000000
Starting Iterative Proportional Fitting (IPF)...
Starting Iterative Proportional Fitting (IPF)...
IPF converged at iteration 32
IPF row error: 64.615059, col error: 0.000000
Starting Iterative Proportional Fitting (IPF)...
IPF converged at iteration 29
IPF row error: 172.102806, col error: 0.000000
Starting Iterative Proportional Fitting (IPF)...
IPF converged at iteration 27
IPF row error: 110.096900, col error: 0.000000
Starting Iterative Proportional Fitting (IPF)...
IPF converged at iteration 33
IPF row error: 58.680112, col error: 0.000000
Starting Iterative Proportional Fitting (IPF)...
IPF converged at iteration 30
IPF row error: 172.169624, col error: 0.000000
Starting Iterative Proportional Fitting (IPF)...
IPF converged at iteration 32
IPF row error: 64.615059, col error: 0.000000
  [2023/test] 진행 510/1750 (29.1%) | 누적 CPC 0.6558 | RMSE 330.2259 | %RMSE 6.1538 | 경과 7.2분 | 예상 남음 17.6분
Starting Iterative Proportional Fitting (IPF)...
IPF converged at iteration 35
IPF row error: 35.681163, col error: 0.000000
IPF converged at iteration 32
IPF row error: 64.615059, col error: 0.000000
Starting Iterative Proportional Fitting (IPF)...
Starting Iterative Proportional Fitting (IPF)...
IPF converged at iteration 29
IPF row error: 87.875434, col error: 0.000000
Starting Iterative Proportional Fitting (IPF)...
IPF converged at iteration 32
IPF row error: 71.068084, col error: 0.000000
Starting Iterative Proportional Fitting (IPF)...
IPF converged at iteration 31
IPF row error: 72.713507, col error: 0.000000
IPF converged at iteration 32
IPF row error: 61.823514, col error: 0.000000
Starting Iterative Proportional Fitting (IPF)...
Starting Iterative Proportional Fitting (IPF)...
IPF converged at iteration 32
IPF row error: 64.116601, col error: 0.000000
Starting Iterative Proportional Fitting (IPF)...
IPF converged at iteration 32
IPF row error: 64.615059, col error: 0.000000
Starting Iterative Proportional Fitting (IPF)...
IPF converged at iteration 30
IPF row error: 80.768178, col error: 0.000000
IPF converged at iteration 32
IPF row error: 64.615059, col error: 0.000000
Starting Iterative Proportional Fitting (IPF)...
Starting Iterative Proportional Fitting (IPF)...
IPF converged at iteration 31
IPF row error: 75.534842, col error: 0.000000
Starting Iterative Proportional Fitting (IPF)...
IPF converged at iteration 32
IPF row error: 58.404080, col error: 0.000000
Starting Iterative Proportional Fitting (IPF)...
IPF converged at iteration 32
IPF converged at iteration 31
IPF row error: 64.615059, col error: 0.000000
IPF row error: 74.442445, col error: 0.000000
IPF converged at iteration 28
Starting Iterative Proportional Fitting (IPF)...
IPF row error: 100.090443, col error: 0.000000
Starting Iterative Proportional Fitting (IPF)...
Starting Iterative Proportional Fitting (IPF)...
IPF converged at iteration 26
IPF row error: 158.390136, col error: 0.000000
Starting Iterative Proportional Fitting (IPF)...
IPF converged at iteration 32
IPF row error: 64.615059, col error: 0.000000
IPF converged at iteration 33
IPF row error: 61.257076, col error: 0.000000
IPF converged at iteration 32
IPF row error: 64.615059, col error: 0.000000
Starting Iterative Proportional Fitting (IPF)...
Starting Iterative Proportional Fitting (IPF)...
Starting Iterative Proportional Fitting (IPF)...
IPF converged at iteration 32
IPF row error: 64.615059, col error: 0.000000
IPF converged at iteration 49
IPF converged at iteration 32
IPF row error: 1.502528, col error: 0.000000
IPF row error: 64.615059, col error: 0.000000
Starting Iterative Proportional Fitting (IPF)...
IPF converged at iteration 33
IPF row error: 59.459358, col error: 0.000000
Starting Iterative Proportional Fitting (IPF)...
Starting Iterative Proportional Fitting (IPF)...
Starting Iterative Proportional Fitting (IPF)...
IPF converged at iteration 32
IPF row error: 64.615059, col error: 0.000000
IPF converged at iteration 32
IPF row error: 64.615059, col error: 0.000000
IPF converged at iteration 34
IPF row error: 40.919834, col error: 0.000000
Starting Iterative Proportional Fitting (IPF)...
IPF converged at iteration 32
IPF row error: 64.615059, col error: 0.000000
Starting Iterative Proportional Fitting (IPF)...
Starting Iterative Proportional Fitting (IPF)...
Starting Iterative Proportional Fitting (IPF)...
IPF converged at iteration 26
IPF row error: 170.056616, col error: 0.000000
IPF converged at iteration 25
IPF row error: 188.144730, col error: 0.000000
IPF converged at iteration 32
Starting Iterative Proportional Fitting (IPF)...
IPF row error: 64.615059, col error: 0.000000
  [2023/test] 진행 540/1750 (30.9%) | 누적 CPC 0.6435 | RMSE 323.3779 | %RMSE 6.2082 | 경과 7.7분 | 예상 남음 17.3분
IPF converged at iteration 30
Starting Iterative Proportional Fitting (IPF)...
IPF row error: 74.388653, col error: 0.000000
Starting Iterative Proportional Fitting (IPF)...
Starting Iterative Proportional Fitting (IPF)...
IPF converged at iteration 25
IPF row error: 179.838325, col error: 0.000000
IPF converged at iteration 25
Starting Iterative Proportional Fitting (IPF)...
IPF row error: 173.351984, col error: 0.000000
Starting Iterative Proportional Fitting (IPF)...
IPF converged at iteration 32
IPF row error: 64.615059, col error: 0.000000
IPF converged at iteration 32
IPF row error: 64.615059, col error: 0.000000
Starting Iterative Proportional Fitting (IPF)...
Starting Iterative Proportional Fitting (IPF)...
IPF converged at iteration 32
IPF row error: 64.615059, col error: 0.000000
Starting Iterative Proportional Fitting (IPF)...
IPF converged at iteration 32
IPF row error: 64.615059, col error: 0.000000
IPF converged at iteration 32
IPF row error: 64.615059, col error: 0.000000
Starting Iterative Proportional Fitting (IPF)...
Starting Iterative Proportional Fitting (IPF)...
IPF converged at iteration 48
IPF row error: 1.800891, col error: 0.000000
Starting Iterative Proportional Fitting (IPF)...
IPF converged at iteration 32
IPF row error: 64.372396, col error: 0.000000
IPF converged at iteration 32
IPF row error: 64.372396, col error: 0.000000
Starting Iterative Proportional Fitting (IPF)...
IPF converged at iteration 30
IPF row error: 70.748527, col error: 0.000000
Starting Iterative Proportional Fitting (IPF)...
Starting Iterative Proportional Fitting (IPF)...
IPF converged at iteration 55
IPF row error: 1.271417, col error: 0.000000
Starting Iterative Proportional Fitting (IPF)...
IPF converged at iteration 29
IPF row error: 100.588518, col error: 0.000000
Starting Iterative Proportional Fitting (IPF)...
IPF converged at iteration 32
IPF row error: 64.372396, col error: 0.000000
IPF converged at iteration 30
IPF row error: 88.645567, col error: 0.000000
Starting Iterative Proportional Fitting (IPF)...
Starting Iterative Proportional Fitting (IPF)...
IPF converged at iteration 32
IPF row error: 64.372396, col error: 0.000000
Starting Iterative Proportional Fitting (IPF)...
IPF converged at iteration 32
IPF row error: 64.372396, col error: 0.000000
Starting Iterative Proportional Fitting (IPF)...
IPF converged at iteration 32
IPF row error: 64.372396, col error: 0.000000
IPF converged at iteration 32
IPF row error: 64.372396, col error: 0.000000
Starting Iterative Proportional Fitting (IPF)...
Starting Iterative Proportional Fitting (IPF)...
IPF converged at iteration 32
IPF row error: 64.372396, col error: 0.000000
Starting Iterative Proportional Fitting (IPF)...
IPF converged at iteration 32
IPF row error: 64.372396, col error: 0.000000
IPF converged at iteration 33
IPF row error: 141.876679, col error: 0.000000
Starting Iterative Proportional Fitting (IPF)...
Starting Iterative Proportional Fitting (IPF)...
IPF converged at iteration 49
IPF row error: 5.877358, col error: 0.000000
IPF converged at iteration 32
Starting Iterative Proportional Fitting (IPF)...
IPF row error: 64.372396, col error: 0.000000
Starting Iterative Proportional Fitting (IPF)...
IPF converged at iteration 32
IPF row error: 112.795617, col error: 0.000000
IPF converged at iteration 30
IPF row error: 72.190961, col error: 0.000000
Starting Iterative Proportional Fitting (IPF)...
Starting Iterative Proportional Fitting (IPF)...
IPF converged at iteration 32
IPF row error: 64.372396, col error: 0.000000
IPF converged at iteration 32
Starting Iterative Proportional Fitting (IPF)...
IPF row error: 64.372396, col error: 0.000000
Starting Iterative Proportional Fitting (IPF)...
IPF converged at iteration 32
IPF row error: 66.128234, col error: 0.000000
  [2023/test] 진행 570/1750 (32.6%) | 누적 CPC 0.6413 | RMSE 316.8688 | %RMSE 6.1805 | 경과 8.1분 | 예상 남음 16.7분
IPF converged at iteration 32
IPF row error: 64.372396, col error: 0.000000
Starting Iterative Proportional Fitting (IPF)...
Starting Iterative Proportional Fitting (IPF)...
IPF converged at iteration 32
IPF row error: 64.372396, col error: 0.000000
IPF converged at iteration 33
Starting Iterative Proportional Fitting (IPF)...
IPF row error: 60.014013, col error: 0.000000
Starting Iterative Proportional Fitting (IPF)...
IPF converged at iteration 32
IPF row error: 64.372396, col error: 0.000000
IPF converged at iteration 32
IPF row error: 64.372396, col error: 0.000000
Starting Iterative Proportional Fitting (IPF)...
Starting Iterative Proportional Fitting (IPF)...
IPF converged at iteration 29
IPF row error: 129.847705, col error: 0.000000
Starting Iterative Proportional Fitting (IPF)...
IPF converged at iteration 32
IPF row error: 64.372396, col error: 0.000000
Starting Iterative Proportional Fitting (IPF)...
IPF converged at iteration 32
IPF converged at iteration 30
IPF row error: 64.372396, col error: 0.000000
IPF row error: 81.441850, col error: 0.000000
Starting Iterative Proportional Fitting (IPF)...
Starting Iterative Proportional Fitting (IPF)...
IPF converged at iteration 32
IPF row error: 64.372396, col error: 0.000000
Starting Iterative Proportional Fitting (IPF)...
IPF converged at iteration 32
IPF row error: 64.372396, col error: 0.000000
Starting Iterative Proportional Fitting (IPF)...
IPF converged at iteration 32
IPF converged at iteration 32
IPF row error: 64.372396, col error: 0.000000
IPF row error: 64.372396, col error: 0.000000
Starting Iterative Proportional Fitting (IPF)...
Starting Iterative Proportional Fitting (IPF)...
IPF converged at iteration 32
IPF row error: 64.372396, col error: 0.000000
Starting Iterative Proportional Fitting (IPF)...
IPF converged at iteration 30
IPF row error: 77.265718, col error: 0.000000
Starting Iterative Proportional Fitting (IPF)...
IPF converged at iteration 29
IPF row error: 99.474591, col error: 0.000000
IPF converged at iteration 32
IPF row error: 64.372396, col error: 0.000000
Starting Iterative Proportional Fitting (IPF)...
Starting Iterative Proportional Fitting (IPF)...
IPF converged at iteration 32
IPF row error: 64.372396, col error: 0.000000
Starting Iterative Proportional Fitting (IPF)...
IPF converged at iteration 32
IPF row error: 64.372396, col error: 0.000000
Starting Iterative Proportional Fitting (IPF)...
IPF converged at iteration 32
IPF row error: 66.578575, col error: 0.000000
IPF converged at iteration 32
IPF row error: 64.372396, col error: 0.000000
Starting Iterative Proportional Fitting (IPF)...
Starting Iterative Proportional Fitting (IPF)...
IPF converged at iteration 43
IPF row error: 5.794214, col error: 0.000000
Starting Iterative Proportional Fitting (IPF)...
IPF converged at iteration 54
IPF row error: 1.361467, col error: 0.000000
Starting Iterative Proportional Fitting (IPF)...IPF converged at iteration 32

IPF converged at iteration 33
IPF row error: 64.372396, col error: 0.000000
IPF row error: 59.498589, col error: 0.000000
Starting Iterative Proportional Fitting (IPF)...
Starting Iterative Proportional Fitting (IPF)...
IPF converged at iteration 29
IPF row error: 87.400392, col error: 0.000000
Starting Iterative Proportional Fitting (IPF)...
IPF converged at iteration 28
IPF row error: 97.320937, col error: 0.000000
Starting Iterative Proportional Fitting (IPF)...
IPF converged at iteration 29
IPF row error: 93.842819, col error: 0.000000
IPF converged at iteration 32
IPF row error: 64.372396, col error: 0.000000
Starting Iterative Proportional Fitting (IPF)...
Starting Iterative Proportional Fitting (IPF)...
IPF converged at iteration 31
IPF row error: 70.530507, col error: 0.000000
  [2023/test] 진행 600/1750 (34.3%) | 누적 CPC 0.6435 | RMSE 310.9303 | %RMSE 6.1216 | 경과 8.4분 | 예상 남음 16.2분
IPF converged at iteration 29
Starting Iterative Proportional Fitting (IPF)...
IPF row error: 117.378792, col error: 0.000000
Starting Iterative Proportional Fitting (IPF)...
IPF converged at iteration 28
IPF row error: 113.137390, col error: 0.000000
Starting Iterative Proportional Fitting (IPF)...
IPF converged at iteration 32
IPF row error: 64.657303, col error: 0.000000
Starting Iterative Proportional Fitting (IPF)...
IPF converged at iteration 32
IPF row error: 63.845782, col error: 0.000000
Starting Iterative Proportional Fitting (IPF)...
IPF converged at iteration 32
IPF row error: 64.657303, col error: 0.000000
IPF converged at iteration 24
IPF row error: 55.022900, col error: 0.000000
IPF converged at iteration 32
Starting Iterative Proportional Fitting (IPF)...
IPF row error: 62.898534, col error: 0.000000
Starting Iterative Proportional Fitting (IPF)...
Starting Iterative Proportional Fitting (IPF)...
IPF converged at iteration 32
IPF row error: 64.657303, col error: 0.000000
IPF converged at iteration 30
IPF row error: 81.904528, col error: 0.000000
Starting Iterative Proportional Fitting (IPF)...
IPF converged at iteration 32
IPF row error: 64.657303, col error: 0.000000
IPF converged at iteration 42
IPF row error: 7.251589, col error: 0.000000
Starting Iterative Proportional Fitting (IPF)...
Starting Iterative Proportional Fitting (IPF)...
Starting Iterative Proportional Fitting (IPF)...
IPF converged at iteration 32
IPF row error: 64.657303, col error: 0.000000
IPF converged at iteration 31
IPF row error: 175.311270, col error: 0.000000
Starting Iterative Proportional Fitting (IPF)...
IPF converged at iteration 33
Starting Iterative Proportional Fitting (IPF)...
IPF converged at iteration 32
IPF row error: 54.370232, col error: 0.000000
IPF row error: 60.632653, col error: 0.000000
Starting Iterative Proportional Fitting (IPF)...
Starting Iterative Proportional Fitting (IPF)...
IPF converged at iteration 32
IPF row error: 64.657303, col error: 0.000000
IPF converged at iteration 32
IPF row error: 64.657303, col error: 0.000000
Starting Iterative Proportional Fitting (IPF)...
Starting Iterative Proportional Fitting (IPF)...
IPF converged at iteration 32
IPF row error: 64.657303, col error: 0.000000
IPF converged at iteration 35
Starting Iterative Proportional Fitting (IPF)...
IPF row error: 42.242894, col error: 0.000000
Starting Iterative Proportional Fitting (IPF)...
IPF converged at iteration 32
IPF row error: 64.657303, col error: 0.000000
IPF converged at iteration 35
IPF converged at iteration 28
Starting Iterative Proportional Fitting (IPF)...
IPF row error: 39.360586, col error: 0.000000
IPF converged at iteration 32
IPF row error: 117.971524, col error: 0.000000
IPF row error: 64.657303, col error: 0.000000
Starting Iterative Proportional Fitting (IPF)...
Starting Iterative Proportional Fitting (IPF)...
Starting Iterative Proportional Fitting (IPF)...
IPF converged at iteration 31
IPF row error: 69.051361, col error: 0.000000
Starting Iterative Proportional Fitting (IPF)...
IPF converged at iteration 29
IPF converged at iteration 32
IPF row error: 105.427521, col error: 0.000000
IPF row error: 64.657303, col error: 0.000000
Starting Iterative Proportional Fitting (IPF)...
Starting Iterative Proportional Fitting (IPF)...
IPF converged at iteration 48
IPF row error: 1.649897, col error: 0.000000
Starting Iterative Proportional Fitting (IPF)...
IPF converged at iteration 28
IPF row error: 130.153299, col error: 0.000000
IPF converged at iteration 32
Starting Iterative Proportional Fitting (IPF)...
IPF row error: 64.657303, col error: 0.000000
Starting Iterative Proportional Fitting (IPF)...
IPF converged at iteration 45
IPF row error: 4.149634, col error: 0.000000
  [2023/test] 진행 630/1750 (36.0%) | 누적 CPC 0.6434 | RMSE 312.9124 | %RMSE 6.1589 | 경과 8.9분 | 예상 남음 15.8분
Starting Iterative Proportional Fitting (IPF)...
IPF converged at iteration 31
IPF row error: 65.072959, col error: 0.000000
Starting Iterative Proportional Fitting (IPF)...
IPF converged at iteration 28
IPF row error: 101.842850, col error: 0.000000
Starting Iterative Proportional Fitting (IPF)...
IPF converged at iteration 32
IPF row error: 64.657303, col error: 0.000000
Starting Iterative Proportional Fitting (IPF)...
IPF converged at iteration 29
IPF row error: 103.469976, col error: 0.000000
Starting Iterative Proportional Fitting (IPF)...
IPF converged at iteration 32
IPF row error: 64.657303, col error: 0.000000
Starting Iterative Proportional Fitting (IPF)...
IPF converged at iteration 31
IPF row error: 67.358021, col error: 0.000000
Starting Iterative Proportional Fitting (IPF)...
IPF converged at iteration 32
IPF row error: 64.657303, col error: 0.000000
Starting Iterative Proportional Fitting (IPF)...
IPF converged at iteration 32
IPF row error: 64.657303, col error: 0.000000
Starting Iterative Proportional Fitting (IPF)...
IPF converged at iteration 32
IPF row error: 64.657303, col error: 0.000000
Starting Iterative Proportional Fitting (IPF)...
IPF converged at iteration 32
IPF row error: 64.657303, col error: 0.000000
Starting Iterative Proportional Fitting (IPF)...
IPF converged at iteration 24
IPF row error: 56.018269, col error: 0.000000
IPF converged at iteration 32
IPF row error: 64.657303, col error: 0.000000
Starting Iterative Proportional Fitting (IPF)...
Starting Iterative Proportional Fitting (IPF)...
IPF converged at iteration 29
IPF row error: 86.249304, col error: 0.000000
Starting Iterative Proportional Fitting (IPF)...
IPF converged at iteration 49
IPF row error: 1.567593, col error: 0.000000
IPF converged at iteration 32
IPF row error: 64.657303, col error: 0.000000
Starting Iterative Proportional Fitting (IPF)...
Starting Iterative Proportional Fitting (IPF)...
IPF converged at iteration 36
IPF row error: 28.186401, col error: 0.000000
Starting Iterative Proportional Fitting (IPF)...
IPF converged at iteration 32
IPF row error: 64.657303, col error: 0.000000
Starting Iterative Proportional Fitting (IPF)...
IPF converged at iteration 32
IPF row error: 64.657303, col error: 0.000000
IPF converged at iteration 31
IPF row error: 82.693281, col error: 0.000000
Starting Iterative Proportional Fitting (IPF)...
Starting Iterative Proportional Fitting (IPF)...
IPF converged at iteration 31
IPF row error: 85.748815, col error: 0.000000
Starting Iterative Proportional Fitting (IPF)...
IPF converged at iteration 31
IPF row error: 74.045510, col error: 0.000000
Starting Iterative Proportional Fitting (IPF)...
IPF converged at iteration 32
IPF row error: 64.370416, col error: 0.000000
IPF converged at iteration 31
IPF row error: 60.461678, col error: 0.000000
Starting Iterative Proportional Fitting (IPF)...
Starting Iterative Proportional Fitting (IPF)...
IPF converged at iteration 32
IPF row error: 64.370416, col error: 0.000000
Starting Iterative Proportional Fitting (IPF)...
IPF converged at iteration 27
IPF row error: 31.066990, col error: 0.000000
Starting Iterative Proportional Fitting (IPF)...
IPF converged at iteration 32
IPF row error: 64.370416, col error: 0.000000
IPF converged at iteration 33
IPF row error: 63.029181, col error: 0.000000
Starting Iterative Proportional Fitting (IPF)...
Starting Iterative Proportional Fitting (IPF)...
IPF converged at iteration 32
IPF row error: 64.370416, col error: 0.000000
Starting Iterative Proportional Fitting (IPF)...
IPF converged at iteration 32
IPF row error: 64.370416, col error: 0.000000
Starting Iterative Proportional Fitting (IPF)...
IPF converged at iteration 28
IPF row error: 119.552052, col error: 0.000000
  [2023/test] 진행 660/1750 (37.7%) | 누적 CPC 0.6428 | RMSE 323.9510 | %RMSE 6.2787 | 경과 9.4분 | 예상 남음 15.5분
Starting Iterative Proportional Fitting (IPF)...
IPF converged at iteration 28
IPF row error: 97.327631, col error: 0.000000
IPF converged at iteration 43
Starting Iterative Proportional Fitting (IPF)...
IPF row error: 6.473112, col error: 0.000000
Starting Iterative Proportional Fitting (IPF)...
IPF converged at iteration 32
IPF row error: 64.370416, col error: 0.000000
Starting Iterative Proportional Fitting (IPF)...
IPF converged at iteration 28
IPF row error: 203.171668, col error: 0.000000
Starting Iterative Proportional Fitting (IPF)...
IPF converged at iteration 32
IPF row error: 64.370416, col error: 0.000000
IPF converged at iteration 32
IPF row error: 64.370416, col error: 0.000000
Starting Iterative Proportional Fitting (IPF)...
Starting Iterative Proportional Fitting (IPF)...
IPF converged at iteration 29
IPF row error: 95.078039, col error: 0.000000
Starting Iterative Proportional Fitting (IPF)...
IPF converged at iteration 32
IPF row error: 70.294294, col error: 0.000000
Starting Iterative Proportional Fitting (IPF)...
IPF converged at iteration 31
IPF row error: 72.849772, col error: 0.000000
IPF converged at iteration 32
IPF row error: 64.370416, col error: 0.000000
Starting Iterative Proportional Fitting (IPF)...
Starting Iterative Proportional Fitting (IPF)...
IPF converged at iteration 32
IPF row error: 83.539994, col error: 0.000000
Starting Iterative Proportional Fitting (IPF)...
IPF converged at iteration 33
IPF row error: 42.505770, col error: 0.000000
Starting Iterative Proportional Fitting (IPF)...
IPF converged at iteration 29
IPF row error: 88.606942, col error: 0.000000
IPF converged at iteration 32
IPF row error: 64.370416, col error: 0.000000
Starting Iterative Proportional Fitting (IPF)...
Starting Iterative Proportional Fitting (IPF)...
IPF converged at iteration 31
IPF row error: 70.263656, col error: 0.000000
Starting Iterative Proportional Fitting (IPF)...
IPF converged at iteration 32
IPF row error: 64.370416, col error: 0.000000
Starting Iterative Proportional Fitting (IPF)...
IPF converged at iteration 31
IPF converged at iteration 32
IPF row error: 76.716642, col error: 0.000000
IPF row error: 64.370416, col error: 0.000000
Starting Iterative Proportional Fitting (IPF)...
Starting Iterative Proportional Fitting (IPF)...
IPF converged at iteration 45
IPF row error: 4.090606, col error: 0.000000
Starting Iterative Proportional Fitting (IPF)...
IPF converged at iteration 32
IPF row error: 64.370416, col error: 0.000000
Starting Iterative Proportional Fitting (IPF)...
IPF converged at iteration 56
IPF converged at iteration 46
IPF row error: 1.238779, col error: 0.000000
IPF row error: 2.995488, col error: 0.000000
Starting Iterative Proportional Fitting (IPF)...
Starting Iterative Proportional Fitting (IPF)...
IPF converged at iteration 29
IPF row error: 85.037845, col error: 0.000000
Starting Iterative Proportional Fitting (IPF)...
IPF converged at iteration 29
IPF row error: 95.650045, col error: 0.000000
Starting Iterative Proportional Fitting (IPF)...
IPF converged at iteration 32
IPF row error: 72.256150, col error: 0.000000
Starting Iterative Proportional Fitting (IPF)...
IPF converged at iteration 40
IPF row error: 12.045522, col error: 0.000000
IPF converged at iteration 32
IPF row error: 76.722768, col error: 0.000000
Starting Iterative Proportional Fitting (IPF)...
Starting Iterative Proportional Fitting (IPF)...
IPF converged at iteration 36
IPF row error: 28.295553, col error: 0.000000
Starting Iterative Proportional Fitting (IPF)...
IPF converged at iteration 32
IPF row error: 64.370416, col error: 0.000000
Starting Iterative Proportional Fitting (IPF)...
IPF converged at iteration 32
IPF row error: 64.370416, col error: 0.000000
  [2023/test] 진행 690/1750 (39.4%) | 누적 CPC 0.6416 | RMSE 350.6698 | %RMSE 6.5394 | 경과 9.8분 | 예상 남음 15.1분
Starting Iterative Proportional Fitting (IPF)...
IPF converged at iteration 27
IPF row error: 108.051135, col error: 0.000000
Starting Iterative Proportional Fitting (IPF)...
IPF converged at iteration 50
IPF row error: 1.237470, col error: 0.000000
Starting Iterative Proportional Fitting (IPF)...
IPF converged at iteration 32
IPF row error: 64.370416, col error: 0.000000
Starting Iterative Proportional Fitting (IPF)...
IPF converged at iteration 28
IPF row error: 143.052564, col error: 0.000000
Starting Iterative Proportional Fitting (IPF)...
IPF converged at iteration 30
IPF row error: 141.267150, col error: 0.000000
Starting Iterative Proportional Fitting (IPF)...
IPF converged at iteration 32
IPF row error: 64.370416, col error: 0.000000
Starting Iterative Proportional Fitting (IPF)...
IPF converged at iteration 32
IPF row error: 64.370416, col error: 0.000000
IPF converged at iteration 25
IPF row error: 144.888248, col error: 0.000000
Starting Iterative Proportional Fitting (IPF)...
Starting Iterative Proportional Fitting (IPF)...
IPF converged at iteration 55
IPF row error: 1.226826, col error: 0.000000
IPF converged at iteration 32
IPF row error: 64.370416, col error: 0.000000
Starting Iterative Proportional Fitting (IPF)...
Starting Iterative Proportional Fitting (IPF)...
IPF converged at iteration 42
IPF row error: 6.352554, col error: 0.000000
IPF converged at iteration 44
IPF row error: 4.231810, col error: 0.000000
Starting Iterative Proportional Fitting (IPF)...
Starting Iterative Proportional Fitting (IPF)...
IPF converged at iteration 31
IPF row error: 77.835040, col error: 0.000000
Starting Iterative Proportional Fitting (IPF)...
IPF converged at iteration 42
IPF row error: 6.286767, col error: 0.000000
Starting Iterative Proportional Fitting (IPF)...
IPF converged at iteration 32
IPF row error: 63.437461, col error: 0.000000
Starting Iterative Proportional Fitting (IPF)...
IPF converged at iteration 45
IPF row error: 3.250367, col error: 0.000000
Starting Iterative Proportional Fitting (IPF)...
IPF converged at iteration 42
IPF row error: 6.304223, col error: 0.000000
IPF converged at iteration 37
Starting Iterative Proportional Fitting (IPF)...
IPF row error: 22.251055, col error: 0.000000
Starting Iterative Proportional Fitting (IPF)...
IPF converged at iteration 28
IPF row error: 117.092263, col error: 0.000000
Starting Iterative Proportional Fitting (IPF)...
IPF converged at iteration 45
IPF row error: 3.238158, col error: 0.000000
Starting Iterative Proportional Fitting (IPF)...
IPF converged at iteration 42
IPF row error: 6.326420, col error: 0.000000
Starting Iterative Proportional Fitting (IPF)...
IPF converged at iteration 26
IPF row error: 144.290610, col error: 0.000000
IPF converged at iteration 53
IPF row error: 1.357498, col error: 0.000000
Starting Iterative Proportional Fitting (IPF)...
Starting Iterative Proportional Fitting (IPF)...
IPF converged at iteration 42
IPF row error: 6.342595, col error: 0.000000
Starting Iterative Proportional Fitting (IPF)...
IPF converged at iteration 42
IPF row error: 6.372834, col error: 0.000000
IPF converged at iteration 28
IPF row error: 140.714673, col error: 0.000000
Starting Iterative Proportional Fitting (IPF)...
Starting Iterative Proportional Fitting (IPF)...
IPF converged at iteration 42
IPF row error: 6.352554, col error: 0.000000
Starting Iterative Proportional Fitting (IPF)...
IPF converged at iteration 42
IPF row error: 6.322933, col error: 0.000000
Starting Iterative Proportional Fitting (IPF)...
IPF converged at iteration 30
IPF row error: 85.678566, col error: 0.000000
Starting Iterative Proportional Fitting (IPF)...
IPF converged at iteration 42
IPF row error: 6.288134, col error: 0.000000
  [2023/test] 진행 720/1750 (41.1%) | 누적 CPC 0.6314 | RMSE 392.6823 | %RMSE 6.8485 | 경과 10.3분 | 예상 남음 14.7분
Starting Iterative Proportional Fitting (IPF)...
IPF converged at iteration 30
IPF row error: 79.006765, col error: 0.000000
IPF converged at iteration 42
IPF row error: 6.304223, col error: 0.000000
Starting Iterative Proportional Fitting (IPF)...
Starting Iterative Proportional Fitting (IPF)...
IPF converged at iteration 32
IPF row error: 63.462626, col error: 0.000000
Starting Iterative Proportional Fitting (IPF)...
IPF converged at iteration 28
IPF row error: 102.627499, col error: 0.000000
Starting Iterative Proportional Fitting (IPF)...
IPF converged at iteration 45
IPF row error: 3.238158, col error: 0.000000
Starting Iterative Proportional Fitting (IPF)...
IPF converged at iteration 30
IPF row error: 80.596861, col error: 0.000000
Starting Iterative Proportional Fitting (IPF)...
IPF converged at iteration 45
IPF row error: 3.243327, col error: 0.000000
Starting Iterative Proportional Fitting (IPF)...
IPF converged at iteration 28
IPF row error: 31.660720, col error: 0.000000
IPF converged at iteration 45
Starting Iterative Proportional Fitting (IPF)...
IPF row error: 3.247963, col error: 0.000000
Starting Iterative Proportional Fitting (IPF)...
IPF converged at iteration 42
IPF row error: 6.384030, col error: 0.000000
Starting Iterative Proportional Fitting (IPF)...
IPF converged at iteration 42
IPF row error: 6.324535, col error: 0.000000
Starting Iterative Proportional Fitting (IPF)...
IPF converged at iteration 42
IPF row error: 6.315358, col error: 0.000000
IPF converged at iteration 42
Starting Iterative Proportional Fitting (IPF)...
IPF row error: 6.288134, col error: 0.000000
Starting Iterative Proportional Fitting (IPF)...
IPF converged at iteration 42
IPF row error: 6.352554, col error: 0.000000
IPF converged at iteration 30
IPF row error: 80.739597, col error: 0.000000
Starting Iterative Proportional Fitting (IPF)...
Starting Iterative Proportional Fitting (IPF)...
IPF converged at iteration 29
IPF row error: 80.589699, col error: 0.000000
Starting Iterative Proportional Fitting (IPF)...
IPF converged at iteration 29
IPF row error: 103.184816, col error: 0.000000
IPF converged at iteration 42
IPF row error: 6.353575, col error: 0.000000
Starting Iterative Proportional Fitting (IPF)...
Starting Iterative Proportional Fitting (IPF)...
IPF converged at iteration 53
IPF row error: 1.374938, col error: 0.000000
Starting Iterative Proportional Fitting (IPF)...
IPF converged at iteration 42
IPF row error: 6.315358, col error: 0.000000
Starting Iterative Proportional Fitting (IPF)...
IPF converged at iteration 42
IPF row error: 6.239229, col error: 0.000000
IPF converged at iteration 42
IPF row error: 6.286767, col error: 0.000000
Starting Iterative Proportional Fitting (IPF)...
Starting Iterative Proportional Fitting (IPF)...
IPF converged at iteration 42
IPF row error: 6.353575, col error: 0.000000
Starting Iterative Proportional Fitting (IPF)...
IPF converged at iteration 30
IPF converged at iteration 29
IPF row error: 76.795029, col error: 0.000000
IPF row error: 91.600304, col error: 0.000000
IPF converged at iteration 42
IPF row error: 6.304223, col error: 0.000000
Starting Iterative Proportional Fitting (IPF)...
Starting Iterative Proportional Fitting (IPF)...
Starting Iterative Proportional Fitting (IPF)...
IPF converged at iteration 45
IPF row error: 3.247963, col error: 0.000000
IPF converged at iteration 33
IPF row error: 55.860660, col error: 0.000000
Starting Iterative Proportional Fitting (IPF)...
Starting Iterative Proportional Fitting (IPF)...
IPF converged at iteration 42
IPF row error: 6.372834, col error: 0.000000
IPF converged at iteration 42
IPF row error: 6.311617, col error: 0.000000
  [2023/test] 진행 750/1750 (42.9%) | 누적 CPC 0.6178 | RMSE 440.3801 | %RMSE 7.1771 | 경과 10.7분 | 예상 남음 14.3분
Starting Iterative Proportional Fitting (IPF)...
Starting Iterative Proportional Fitting (IPF)...
IPF converged at iteration 25
IPF row error: 52.898328, col error: 0.000000
Starting Iterative Proportional Fitting (IPF)...
IPF converged at iteration 29
IPF row error: 97.020886, col error: 0.000000
IPF converged at iteration 41
IPF row error: 9.027607, col error: 0.000000
Starting Iterative Proportional Fitting (IPF)...
Starting Iterative Proportional Fitting (IPF)...
IPF converged at iteration 46
IPF row error: 2.597400, col error: 0.000000
Starting Iterative Proportional Fitting (IPF)...
IPF converged at iteration 31
IPF row error: 79.783423, col error: 0.000000
IPF converged at iteration 52
IPF row error: 1.429981, col error: 0.000000
Starting Iterative Proportional Fitting (IPF)...
Starting Iterative Proportional Fitting (IPF)...
IPF converged at iteration 46
IPF row error: 2.591066, col error: 0.000000
Starting Iterative Proportional Fitting (IPF)...
IPF converged at iteration 46
IPF row error: 2.600206, col error: 0.000000
Starting Iterative Proportional Fitting (IPF)...
IPF converged at iteration 31
IPF row error: 78.842608, col error: 0.000000
Starting Iterative Proportional Fitting (IPF)...
IPF converged at iteration 46
IPF row error: 2.596797, col error: 0.000000
Starting Iterative Proportional Fitting (IPF)...
IPF converged at iteration 46
IPF row error: 3.048654, col error: 0.000000
IPF converged at iteration 28
IPF row error: 108.062213, col error: 0.000000
Starting Iterative Proportional Fitting (IPF)...
Starting Iterative Proportional Fitting (IPF)...
IPF converged at iteration 46
IPF row error: 2.596797, col error: 0.000000
Starting Iterative Proportional Fitting (IPF)...
IPF converged at iteration 31
IPF row error: 82.034271, col error: 0.000000
Starting Iterative Proportional Fitting (IPF)...
IPF converged at iteration 28
IPF row error: 96.532859, col error: 0.000000
Starting Iterative Proportional Fitting (IPF)...
IPF converged at iteration 32
IPF row error: 159.240895, col error: 0.000000
Starting Iterative Proportional Fitting (IPF)...
IPF converged at iteration 46
IPF row error: 2.601639, col error: 0.000000
Starting Iterative Proportional Fitting (IPF)...
IPF converged at iteration 41
IPF row error: 8.865640, col error: 0.000000
Starting Iterative Proportional Fitting (IPF)...
IPF converged at iteration 46
IPF row error: 2.597400, col error: 0.000000
Starting Iterative Proportional Fitting (IPF)...
IPF converged at iteration 46
IPF row error: 2.594099, col error: 0.000000
Starting Iterative Proportional Fitting (IPF)...
IPF converged at iteration 28
IPF row error: 96.548740, col error: 0.000000
Starting Iterative Proportional Fitting (IPF)...
IPF converged at iteration 46
IPF row error: 2.605124, col error: 0.000000
Starting Iterative Proportional Fitting (IPF)...
IPF converged at iteration 33
IPF row error: 37.503273, col error: 0.000000
IPF converged at iteration 30
IPF converged at iteration 46
IPF row error: 109.244722, col error: 0.000000
Starting Iterative Proportional Fitting (IPF)...
IPF row error: 2.604235, col error: 0.000000
Starting Iterative Proportional Fitting (IPF)...
Starting Iterative Proportional Fitting (IPF)...
IPF converged at iteration 29
IPF converged at iteration 29
IPF row error: 87.373961, col error: 0.000000
IPF row error: 102.279583, col error: 0.000000
Starting Iterative Proportional Fitting (IPF)...
Starting Iterative Proportional Fitting (IPF)...
IPF converged at iteration 46
IPF row error: 2.589994, col error: 0.000000
Starting Iterative Proportional Fitting (IPF)...
IPF converged at iteration 50
IPF row error: 1.434667, col error: 0.000000
Starting Iterative Proportional Fitting (IPF)...
IPF converged at iteration 29
IPF converged at iteration 29
IPF row error: 96.283953, col error: 0.000000
IPF row error: 96.442443, col error: 0.000000
  [2023/test] 진행 780/1750 (44.6%) | 누적 CPC 0.6034 | RMSE 464.2067 | %RMSE 7.3688 | 경과 11.3분 | 예상 남음 14.1분
Starting Iterative Proportional Fitting (IPF)...
Starting Iterative Proportional Fitting (IPF)...
IPF converged at iteration 46
IPF row error: 2.566982, col error: 0.000000
Starting Iterative Proportional Fitting (IPF)...
IPF converged at iteration 42
IPF converged at iteration 28
IPF row error: 6.511775, col error: 0.000000
IPF row error: 121.461644, col error: 0.000000
IPF converged at iteration 31
IPF row error: 79.048914, col error: 0.000000
Starting Iterative Proportional Fitting (IPF)...
Starting Iterative Proportional Fitting (IPF)...
Starting Iterative Proportional Fitting (IPF)...
IPF converged at iteration 29
IPF row error: 145.162109, col error: 0.000000
IPF converged at iteration 30
IPF row error: 89.361387, col error: 0.000000
Starting Iterative Proportional Fitting (IPF)...
Starting Iterative Proportional Fitting (IPF)...
IPF converged at iteration 46
IPF row error: 2.594491, col error: 0.000000
Starting Iterative Proportional Fitting (IPF)...
IPF converged at iteration 51
IPF row error: 1.213953, col error: 0.000000
Starting Iterative Proportional Fitting (IPF)...
IPF converged at iteration 28
IPF row error: 109.540690, col error: 0.000000
Starting Iterative Proportional Fitting (IPF)...
IPF converged at iteration 31
IPF row error: 172.034024, col error: 0.000000
Starting Iterative Proportional Fitting (IPF)...
IPF converged at iteration 27
IPF row error: 74.394881, col error: 0.000000
IPF converged at iteration 46
Starting Iterative Proportional Fitting (IPF)...
IPF row error: 2.600115, col error: 0.000000
Starting Iterative Proportional Fitting (IPF)...
IPF converged at iteration 29
IPF row error: 120.643399, col error: 0.000000
Starting Iterative Proportional Fitting (IPF)...
IPF converged at iteration 46
IPF row error: 2.605124, col error: 0.000000
Starting Iterative Proportional Fitting (IPF)...
IPF converged at iteration 46
IPF row error: 2.591066, col error: 0.000000
IPF converged at iteration 52
IPF row error: 1.429981, col error: 0.000000
Starting Iterative Proportional Fitting (IPF)...
IPF converged at iteration 46
Starting Iterative Proportional Fitting (IPF)...
IPF row error: 2.594099, col error: 0.000000
Starting Iterative Proportional Fitting (IPF)...
IPF converged at iteration 50
IPF converged at iteration 25
IPF row error: 5.142770, col error: 0.000000
IPF row error: 193.813350, col error: 0.000000
Starting Iterative Proportional Fitting (IPF)...
Starting Iterative Proportional Fitting (IPF)...
IPF converged at iteration 46
IPF row error: 2.600115, col error: 0.000000
Starting Iterative Proportional Fitting (IPF)...
IPF converged at iteration 46
IPF row error: 3.015193, col error: 0.000000
Starting Iterative Proportional Fitting (IPF)...
IPF converged at iteration 25
IPF row error: 191.041931, col error: 0.000000
Starting Iterative Proportional Fitting (IPF)...
IPF converged at iteration 50
IPF converged at iteration 50
IPF row error: 1.232186, col error: 0.000000
IPF row error: 1.423029, col error: 0.000000
IPF converged at iteration 27
IPF row error: 139.153454, col error: 0.000000
Starting Iterative Proportional Fitting (IPF)...
Starting Iterative Proportional Fitting (IPF)...
Starting Iterative Proportional Fitting (IPF)...
IPF converged at iteration 30
IPF row error: 79.087390, col error: 0.000000
Starting Iterative Proportional Fitting (IPF)...
IPF converged at iteration 50
IPF row error: 1.217360, col error: 0.000000
IPF converged at iteration 49
Starting Iterative Proportional Fitting (IPF)...
IPF row error: 1.708433, col error: 0.000000
IPF converged at iteration 50
IPF row error: 1.204760, col error: 0.000000
  [2023/test] 진행 810/1750 (46.3%) | 누적 CPC 0.5903 | RMSE 481.9683 | %RMSE 7.5714 | 경과 11.8분 | 예상 남음 13.7분
Starting Iterative Proportional Fitting (IPF)...
Starting Iterative Proportional Fitting (IPF)...
IPF converged at iteration 30
IPF row error: 214.513131, col error: 0.000000
IPF converged at iteration 46
IPF row error: 2.887892, col error: 0.000000
Starting Iterative Proportional Fitting (IPF)...
Starting Iterative Proportional Fitting (IPF)...
IPF converged at iteration 31
IPF converged at iteration 32
IPF row error: 211.132350, col error: 0.000000
IPF row error: 14.090432, col error: 0.000000
Starting Iterative Proportional Fitting (IPF)...
Starting Iterative Proportional Fitting (IPF)...
IPF converged at iteration 26
IPF row error: 46.299435, col error: 0.000000
Starting Iterative Proportional Fitting (IPF)...
IPF converged at iteration 30
IPF row error: 78.510124, col error: 0.000000
Starting Iterative Proportional Fitting (IPF)...
IPF converged at iteration 50
IPF row error: 1.220160, col error: 0.000000
Starting Iterative Proportional Fitting (IPF)...
IPF converged at iteration 50
IPF row error: 1.226990, col error: 0.000000
Starting Iterative Proportional Fitting (IPF)...
IPF converged at iteration 55
IPF row error: 1.258449, col error: 0.000000
Starting Iterative Proportional Fitting (IPF)...
IPF converged at iteration 50
IPF converged at iteration 30
IPF row error: 1.232186, col error: 0.000000
IPF row error: 87.332411, col error: 0.000000
Starting Iterative Proportional Fitting (IPF)...
Starting Iterative Proportional Fitting (IPF)...
IPF converged at iteration 46
IPF row error: 2.907420, col error: 0.000000
Starting Iterative Proportional Fitting (IPF)...
IPF converged at iteration 32
IPF row error: 68.662081, col error: 0.000000
Starting Iterative Proportional Fitting (IPF)...
IPF converged at iteration 31
IPF row error: 79.988998, col error: 0.000000
IPF converged at iteration 32
IPF row error: 69.250693, col error: 0.000000
Starting Iterative Proportional Fitting (IPF)...
Starting Iterative Proportional Fitting (IPF)...
IPF converged at iteration 50
IPF row error: 1.226990, col error: 0.000000
Starting Iterative Proportional Fitting (IPF)...
IPF converged at iteration 27
IPF row error: 118.269737, col error: 0.000000
IPF converged at iteration 31
Starting Iterative Proportional Fitting (IPF)...
IPF row error: 83.491244, col error: 0.000000
Starting Iterative Proportional Fitting (IPF)...
IPF converged at iteration 55
IPF row error: 1.237148, col error: 0.000000
Starting Iterative Proportional Fitting (IPF)...
IPF converged at iteration 46
IPF row error: 2.891639, col error: 0.000000
Starting Iterative Proportional Fitting (IPF)...
IPF converged at iteration 55
IPF row error: 1.249311, col error: 0.000000
IPF converged at iteration 31
IPF row error: 87.428369, col error: 0.000000
IPF converged at iteration 54
IPF row error: 1.281006, col error: 0.000000
Starting Iterative Proportional Fitting (IPF)...
Starting Iterative Proportional Fitting (IPF)...
Starting Iterative Proportional Fitting (IPF)...
IPF converged at iteration 23
IPF row error: 89.154926, col error: 0.000000
Starting Iterative Proportional Fitting (IPF)...
IPF converged at iteration 50
IPF row error: 1.204760, col error: 0.000000
Starting Iterative Proportional Fitting (IPF)...
IPF converged at iteration 50
IPF row error: 1.419857, col error: 0.000000
IPF converged at iteration 50
IPF row error: 1.232186, col error: 0.000000
Starting Iterative Proportional Fitting (IPF)...
Starting Iterative Proportional Fitting (IPF)...
IPF converged at iteration 28
IPF row error: 128.315094, col error: 0.000000
Starting Iterative Proportional Fitting (IPF)...
IPF converged at iteration 32
IPF row error: 71.742961, col error: 0.000000
Starting Iterative Proportional Fitting (IPF)...
IPF converged at iteration 28
IPF row error: 129.650121, col error: 0.000000
  [2023/test] 진행 840/1750 (48.0%) | 누적 CPC 0.5797 | RMSE 489.3246 | %RMSE 7.7937 | 경과 12.4분 | 예상 남음 13.4분
Starting Iterative Proportional Fitting (IPF)...
IPF converged at iteration 46
IPF row error: 3.015193, col error: 0.000000
Starting Iterative Proportional Fitting (IPF)...
IPF converged at iteration 29
IPF row error: 118.494071, col error: 0.000000
Starting Iterative Proportional Fitting (IPF)...
IPF converged at iteration 50
IPF row error: 1.226990, col error: 0.000000
Starting Iterative Proportional Fitting (IPF)...
IPF converged at iteration 50
IPF row error: 1.233986, col error: 0.000000
Starting Iterative Proportional Fitting (IPF)...
IPF converged at iteration 31
IPF row error: 67.651659, col error: 0.000000
Starting Iterative Proportional Fitting (IPF)...
IPF converged at iteration 50
IPF row error: 1.226944, col error: 0.000000
Starting Iterative Proportional Fitting (IPF)...
IPF converged at iteration 55
IPF row error: 1.261614, col error: 0.000000
Starting Iterative Proportional Fitting (IPF)...
IPF converged at iteration 50
IPF row error: 1.423029, col error: 0.000000
Starting Iterative Proportional Fitting (IPF)...
IPF converged at iteration 55
IPF row error: 1.261614, col error: 0.000000
IPF converged at iteration 50
IPF row error: 1.217360, col error: 0.000000
Starting Iterative Proportional Fitting (IPF)...
Starting Iterative Proportional Fitting (IPF)...
IPF converged at iteration 52
IPF row error: 1.308455, col error: 0.000000
Starting Iterative Proportional Fitting (IPF)...
IPF converged at iteration 31
IPF converged at iteration 30
IPF row error: 74.502408, col error: 0.000000
IPF row error: 84.043241, col error: 0.000000
Starting Iterative Proportional Fitting (IPF)...
Starting Iterative Proportional Fitting (IPF)...
IPF converged at iteration 54
IPF row error: 1.248293, col error: 0.000000
Starting Iterative Proportional Fitting (IPF)...
IPF converged at iteration 50
IPF converged at iteration 30
IPF row error: 5.562922, col error: 0.000000
IPF row error: 91.496625, col error: 0.000000
Starting Iterative Proportional Fitting (IPF)...
Starting Iterative Proportional Fitting (IPF)...
IPF converged at iteration 29
IPF row error: 79.348736, col error: 0.000000
Starting Iterative Proportional Fitting (IPF)...
IPF converged at iteration 48
IPF row error: 1.800408, col error: 0.000000
Starting Iterative Proportional Fitting (IPF)...
IPF converged at iteration 32
IPF row error: 74.155488, col error: 0.000000
IPF converged at iteration 28
IPF row error: 105.483550, col error: 0.000000
Starting Iterative Proportional Fitting (IPF)...
Starting Iterative Proportional Fitting (IPF)...
IPF converged at iteration 28
IPF row error: 104.613563, col error: 0.000000
Starting Iterative Proportional Fitting (IPF)...
IPF converged at iteration 56
IPF row error: 1.421150, col error: 0.000000
Starting Iterative Proportional Fitting (IPF)...
IPF converged at iteration 34
IPF row error: 41.148326, col error: 0.000000
Starting Iterative Proportional Fitting (IPF)...
IPF converged at iteration 29
IPF row error: 117.529690, col error: 0.000000
Starting Iterative Proportional Fitting (IPF)...
IPF converged at iteration 26
IPF row error: 131.333145, col error: 0.000000
IPF converged at iteration 52
Starting Iterative Proportional Fitting (IPF)...IPF row error: 1.294516, col error: 0.000000

Starting Iterative Proportional Fitting (IPF)...
IPF converged at iteration 31
IPF row error: 74.511810, col error: 0.000000
Starting Iterative Proportional Fitting (IPF)...
IPF converged at iteration 28
IPF row error: 92.851658, col error: 0.000000
Starting Iterative Proportional Fitting (IPF)...
IPF converged at iteration 52
IPF row error: 1.296324, col error: 0.000000
Starting Iterative Proportional Fitting (IPF)...
IPF converged at iteration 54
IPF row error: 1.269398, col error: 0.000000
  [2023/test] 진행 870/1750 (49.7%) | 누적 CPC 0.5692 | RMSE 485.6545 | %RMSE 7.8541 | 경과 13.0분 | 예상 남음 13.1분
IPF converged at iteration 32
IPF row error: 68.931600, col error: 0.000000
Starting Iterative Proportional Fitting (IPF)...
Starting Iterative Proportional Fitting (IPF)...
IPF converged at iteration 32
IPF row error: 56.387191, col error: 0.000000
Starting Iterative Proportional Fitting (IPF)...
IPF converged at iteration 52
IPF row error: 1.292141, col error: 0.000000
IPF converged at iteration 33
IPF row error: 56.717782, col error: 0.000000
Starting Iterative Proportional Fitting (IPF)...
Starting Iterative Proportional Fitting (IPF)...
IPF converged at iteration 52
IPF row error: 1.282983, col error: 0.000000
Starting Iterative Proportional Fitting (IPF)...
IPF converged at iteration 52
IPF row error: 1.295365, col error: 0.000000
Starting Iterative Proportional Fitting (IPF)...
IPF converged at iteration 30
IPF converged at iteration 33
IPF row error: 73.960059, col error: 0.000000
IPF row error: 49.819319, col error: 0.000000
Starting Iterative Proportional Fitting (IPF)...
Starting Iterative Proportional Fitting (IPF)...
IPF converged at iteration 52
IPF row error: 1.292064, col error: 0.000000
Starting Iterative Proportional Fitting (IPF)...
IPF converged at iteration 56
IPF row error: 1.443579, col error: 0.000000
Starting Iterative Proportional Fitting (IPF)...
IPF converged at iteration 52
IPF converged at iteration 52
IPF row error: 1.289781, col error: 0.000000
IPF row error: 1.301657, col error: 0.000000
Starting Iterative Proportional Fitting (IPF)...
Starting Iterative Proportional Fitting (IPF)...
IPF converged at iteration 30
IPF row error: 85.253313, col error: 0.000000
IPF converged at iteration 32
IPF row error: 52.891461, col error: 0.000000
Starting Iterative Proportional Fitting (IPF)...
IPF converged at iteration 51
IPF row error: 1.268100, col error: 0.000000
Starting Iterative Proportional Fitting (IPF)...
Starting Iterative Proportional Fitting (IPF)...
IPF converged at iteration 54
IPF row error: 1.248293, col error: 0.000000
Starting Iterative Proportional Fitting (IPF)...
IPF converged at iteration 29
IPF row error: 95.117770, col error: 0.000000
Starting Iterative Proportional Fitting (IPF)...
IPF converged at iteration 56
IPF converged at iteration 56
IPF row error: 1.421150, col error: 0.000000
IPF row error: 1.443579, col error: 0.000000
Starting Iterative Proportional Fitting (IPF)...
Starting Iterative Proportional Fitting (IPF)...
IPF converged at iteration 45
IPF row error: 3.293807, col error: 0.000000
Starting Iterative Proportional Fitting (IPF)...
IPF converged at iteration 54
IPF row error: 1.269398, col error: 0.000000
Starting Iterative Proportional Fitting (IPF)...
IPF converged at iteration 28
IPF row error: 92.129084, col error: 0.000000
IPF converged at iteration 40
IPF row error: 11.729265, col error: 0.000000
Starting Iterative Proportional Fitting (IPF)...
Starting Iterative Proportional Fitting (IPF)...
IPF converged at iteration 56
IPF row error: 1.437743, col error: 0.000000
Starting Iterative Proportional Fitting (IPF)...
IPF converged at iteration 29
IPF row error: 95.755089, col error: 0.000000
Starting Iterative Proportional Fitting (IPF)...
IPF converged at iteration 39
IPF row error: 13.225189, col error: 0.000000
Starting Iterative Proportional Fitting (IPF)...
IPF converged at iteration 54
IPF row error: 1.269398, col error: 0.000000
Starting Iterative Proportional Fitting (IPF)...
IPF converged at iteration 52
IPF row error: 1.293012, col error: 0.000000
Starting Iterative Proportional Fitting (IPF)...
IPF converged at iteration 45
IPF row error: 3.516136, col error: 0.000000
Starting Iterative Proportional Fitting (IPF)...
IPF converged at iteration 52
IPF row error: 1.293902, col error: 0.000000
  [2023/test] 진행 900/1750 (51.4%) | 누적 CPC 0.5591 | RMSE 477.4229 | %RMSE 7.8418 | 경과 13.6분 | 예상 남음 12.8분
Starting Iterative Proportional Fitting (IPF)...
IPF converged at iteration 32
IPF row error: 84.330258, col error: 0.000000
IPF converged at iteration 47
Starting Iterative Proportional Fitting (IPF)...
IPF row error: 2.324815, col error: 0.000000
Starting Iterative Proportional Fitting (IPF)...
IPF converged at iteration 46
IPF row error: 2.847040, col error: 0.000000
Starting Iterative Proportional Fitting (IPF)...
IPF converged at iteration 44
IPF row error: 4.485390, col error: 0.000000
Starting Iterative Proportional Fitting (IPF)...
IPF converged at iteration 24
IPF row error: 55.835396, col error: 0.000000
IPF converged at iteration 46
IPF row error: 2.851739, col error: 0.000000
Starting Iterative Proportional Fitting (IPF)...
IPF converged at iteration 47
IPF row error: 2.333598, col error: 0.000000Starting Iterative Proportional Fitting (IPF)...

Starting Iterative Proportional Fitting (IPF)...
IPF converged at iteration 47
IPF row error: 2.760838, col error: 0.000000
Starting Iterative Proportional Fitting (IPF)...
IPF converged at iteration 44
IPF row error: 4.689396, col error: 0.000000
Starting Iterative Proportional Fitting (IPF)...
IPF converged at iteration 52
IPF row error: 1.250526, col error: 0.000000
IPF converged at iteration 49
IPF row error: 1.583060, col error: 0.000000
Starting Iterative Proportional Fitting (IPF)...
Starting Iterative Proportional Fitting (IPF)...
IPF converged at iteration 30
IPF row error: 95.384612, col error: 0.000000
Starting Iterative Proportional Fitting (IPF)...
IPF converged at iteration 29
IPF row error: 102.947748, col error: 0.000000
IPF converged at iteration 31
IPF row error: 83.523647, col error: 0.000000
Starting Iterative Proportional Fitting (IPF)...
Starting Iterative Proportional Fitting (IPF)...
IPF converged at iteration 52
IPF row error: 1.250526, col error: 0.000000
Starting Iterative Proportional Fitting (IPF)...
IPF converged at iteration 52
IPF row error: 1.354026, col error: 0.000000
Starting Iterative Proportional Fitting (IPF)...
IPF converged at iteration 46
IPF row error: 2.805328, col error: 0.000000
Starting Iterative Proportional Fitting (IPF)...
IPF converged at iteration 52
IPF row error: 1.351501, col error: 0.000000
Starting Iterative Proportional Fitting (IPF)...
IPF converged at iteration 46
IPF row error: 2.874422, col error: 0.000000
Starting Iterative Proportional Fitting (IPF)...
IPF converged at iteration 32
IPF row error: 70.695460, col error: 0.000000
Starting Iterative Proportional Fitting (IPF)...
IPF converged at iteration 28
IPF row error: 118.317719, col error: 0.000000
Starting Iterative Proportional Fitting (IPF)...
IPF converged at iteration 47
IPF row error: 2.783937, col error: 0.000000
IPF converged at iteration 31
IPF row error: 82.734248, col error: 0.000000
Starting Iterative Proportional Fitting (IPF)...
IPF converged at iteration 47
Starting Iterative Proportional Fitting (IPF)...
IPF row error: 2.340301, col error: 0.000000
Starting Iterative Proportional Fitting (IPF)...
IPF converged at iteration 29
IPF row error: 146.197803, col error: 0.000000
Starting Iterative Proportional Fitting (IPF)...
IPF converged at iteration 46
IPF row error: 2.880217, col error: 0.000000
Starting Iterative Proportional Fitting (IPF)...
IPF converged at iteration 49
IPF row error: 1.486899, col error: 0.000000
Starting Iterative Proportional Fitting (IPF)...
IPF converged at iteration 47
IPF row error: 2.755740, col error: 0.000000
Starting Iterative Proportional Fitting (IPF)...
IPF converged at iteration 26
IPF row error: 42.068419, col error: 0.000000
Starting Iterative Proportional Fitting (IPF)...
IPF converged at iteration 32
IPF row error: 73.969762, col error: 0.000000
  [2023/test] 진행 930/1750 (53.1%) | 누적 CPC 0.5534 | RMSE 480.1858 | %RMSE 7.9556 | 경과 14.2분 | 예상 남음 12.5분
Starting Iterative Proportional Fitting (IPF)...
IPF converged at iteration 30
IPF row error: 78.227899, col error: 0.000000
Starting Iterative Proportional Fitting (IPF)...
IPF converged at iteration 27
IPF row error: 114.518313, col error: 0.000000
Starting Iterative Proportional Fitting (IPF)...
IPF converged at iteration 46
IPF row error: 2.880189, col error: 0.000000
Starting Iterative Proportional Fitting (IPF)...
IPF converged at iteration 29
IPF row error: 126.829593, col error: 0.000000
Starting Iterative Proportional Fitting (IPF)...
IPF converged at iteration 28
IPF row error: 109.213140, col error: 0.000000
Starting Iterative Proportional Fitting (IPF)...
IPF converged at iteration 30
IPF row error: 98.390842, col error: 0.000000
Starting Iterative Proportional Fitting (IPF)...
IPF converged at iteration 55
IPF converged at iteration 46
IPF row error: 1.358718, col error: 0.000000
IPF row error: 2.872742, col error: 0.000000
Starting Iterative Proportional Fitting (IPF)...
Starting Iterative Proportional Fitting (IPF)...
IPF converged at iteration 29
IPF row error: 105.614362, col error: 0.000000IPF converged at iteration 47

IPF row error: 2.337420, col error: 0.000000
IPF converged at iteration 27
IPF row error: 125.920909, col error: 0.000000
Starting Iterative Proportional Fitting (IPF)...
Starting Iterative Proportional Fitting (IPF)...
Starting Iterative Proportional Fitting (IPF)...
IPF converged at iteration 47
IPF row error: 2.345972, col error: 0.000000
Starting Iterative Proportional Fitting (IPF)...
IPF converged at iteration 25
IPF row error: 43.873305, col error: 0.000000
IPF converged at iteration 28
IPF row error: 121.252669, col error: 0.000000
Starting Iterative Proportional Fitting (IPF)...
Starting Iterative Proportional Fitting (IPF)...
IPF converged at iteration 44
IPF row error: 5.317310, col error: 0.000000
Starting Iterative Proportional Fitting (IPF)...
IPF converged at iteration 39
IPF row error: 17.016057, col error: 0.000000
Starting Iterative Proportional Fitting (IPF)...
IPF converged at iteration 47
IPF row error: 2.337420, col error: 0.000000
IPF converged at iteration 44
IPF row error: 4.695950, col error: 0.000000
Starting Iterative Proportional Fitting (IPF)...
Starting Iterative Proportional Fitting (IPF)...
IPF converged at iteration 32
IPF row error: 71.879777, col error: 0.000000
Starting Iterative Proportional Fitting (IPF)...
IPF converged at iteration 32
IPF row error: 69.375838, col error: 0.000000
IPF converged at iteration 47
IPF row error: 2.333598, col error: 0.000000
Starting Iterative Proportional Fitting (IPF)...
Starting Iterative Proportional Fitting (IPF)...
IPF converged at iteration 53
IPF converged at iteration 49
IPF row error: 1.311785, col error: 0.000000
IPF row error: 1.497222, col error: 0.000000
Starting Iterative Proportional Fitting (IPF)...
Starting Iterative Proportional Fitting (IPF)...
IPF converged at iteration 28
IPF row error: 107.636839, col error: 0.000000
Starting Iterative Proportional Fitting (IPF)...
IPF converged at iteration 24
IPF converged at iteration 48
IPF row error: 82.448563, col error: 0.000000
IPF row error: 1.765861, col error: 0.000000
Starting Iterative Proportional Fitting (IPF)...
Starting Iterative Proportional Fitting (IPF)...
IPF converged at iteration 35
IPF row error: 35.808929, col error: 0.000000
Starting Iterative Proportional Fitting (IPF)...
IPF converged at iteration 48
IPF row error: 1.776733, col error: 0.000000
IPF converged at iteration 28
IPF row error: 105.962684, col error: 0.000000
Starting Iterative Proportional Fitting (IPF)...
Starting Iterative Proportional Fitting (IPF)...
IPF converged at iteration 30
IPF row error: 92.553502, col error: 0.000000
  [2023/test] 진행 960/1750 (54.9%) | 누적 CPC 0.5466 | RMSE 486.3885 | %RMSE 8.0855 | 경과 14.6분 | 예상 남음 12.0분
Starting Iterative Proportional Fitting (IPF)...
IPF converged at iteration 48
IPF row error: 1.774038, col error: 0.000000
Starting Iterative Proportional Fitting (IPF)...
IPF converged at iteration 27
IPF row error: 126.726959, col error: 0.000000
Starting Iterative Proportional Fitting (IPF)...
IPF converged at iteration 22
IPF row error: 101.107553, col error: 0.000000
IPF converged at iteration 44
Starting Iterative Proportional Fitting (IPF)...
IPF row error: 4.382705, col error: 0.000000
Starting Iterative Proportional Fitting (IPF)...
IPF converged at iteration 53
IPF row error: 1.407509, col error: 0.000000
Starting Iterative Proportional Fitting (IPF)...
IPF converged at iteration 27
IPF row error: 149.901038, col error: 0.000000
IPF converged at iteration 44
IPF row error: 4.345599, col error: 0.000000
Starting Iterative Proportional Fitting (IPF)...
Starting Iterative Proportional Fitting (IPF)...
IPF converged at iteration 48
IPF row error: 1.790210, col error: 0.000000
Starting Iterative Proportional Fitting (IPF)...
IPF converged at iteration 42
IPF row error: 7.283808, col error: 0.000000
IPF converged at iteration 49
IPF row error: 1.425362, col error: 0.000000
Starting Iterative Proportional Fitting (IPF)...
Starting Iterative Proportional Fitting (IPF)...
IPF converged at iteration 49
IPF row error: 1.496950, col error: 0.000000
IPF converged at iteration 27
Starting Iterative Proportional Fitting (IPF)...
IPF row error: 105.304793, col error: 0.000000
Starting Iterative Proportional Fitting (IPF)...
IPF converged at iteration 23
IPF row error: 80.724802, col error: 0.000000
Starting Iterative Proportional Fitting (IPF)...
IPF converged at iteration 31
IPF row error: 80.564579, col error: 0.000000
Starting Iterative Proportional Fitting (IPF)...
IPF converged at iteration 48
IPF row error: 1.775822, col error: 0.000000
IPF converged at iteration 48
IPF row error: 1.776733, col error: 0.000000
Starting Iterative Proportional Fitting (IPF)...
Starting Iterative Proportional Fitting (IPF)...
IPF converged at iteration 26
IPF row error: 160.336635, col error: 0.000000
Starting Iterative Proportional Fitting (IPF)...
IPF converged at iteration 32
IPF row error: 70.605582, col error: 0.000000
Starting Iterative Proportional Fitting (IPF)...
IPF converged at iteration 48
IPF row error: 1.779779, col error: 0.000000
IPF converged at iteration 49
IPF row error: 1.497222, col error: 0.000000
Starting Iterative Proportional Fitting (IPF)...
Starting Iterative Proportional Fitting (IPF)...
IPF converged at iteration 44
IPF row error: 4.338964, col error: 0.000000
Starting Iterative Proportional Fitting (IPF)...
IPF converged at iteration 48
IPF row error: 1.790210, col error: 0.000000
IPF converged at iteration 30
IPF row error: 78.316196, col error: 0.000000
Starting Iterative Proportional Fitting (IPF)...
Starting Iterative Proportional Fitting (IPF)...
IPF converged at iteration 36
IPF row error: 30.710428, col error: 0.000000
Starting Iterative Proportional Fitting (IPF)...
IPF converged at iteration 44
IPF row error: 4.440553, col error: 0.000000
Starting Iterative Proportional Fitting (IPF)...
IPF converged at iteration 30
IPF converged at iteration 32
IPF row error: 82.966911, col error: 0.000000
IPF row error: 72.390104, col error: 0.000000
Starting Iterative Proportional Fitting (IPF)...
Starting Iterative Proportional Fitting (IPF)...
IPF converged at iteration 27
IPF row error: 117.409459, col error: 0.000000
Starting Iterative Proportional Fitting (IPF)...
IPF converged at iteration 48
IPF row error: 1.774038, col error: 0.000000
Starting Iterative Proportional Fitting (IPF)...
IPF converged at iteration 42
IPF row error: 6.982949, col error: 0.000000
  [2023/test] 진행 990/1750 (56.6%) | 누적 CPC 0.5391 | RMSE 495.9914 | %RMSE 8.2000 | 경과 15.1분 | 예상 남음 11.6분
Starting Iterative Proportional Fitting (IPF)...
IPF converged at iteration 48
IPF row error: 1.875028, col error: 0.000000
Starting Iterative Proportional Fitting (IPF)...
IPF converged at iteration 48
IPF row error: 1.785197, col error: 0.000000
Starting Iterative Proportional Fitting (IPF)...
IPF converged at iteration 27
IPF row error: 140.569721, col error: 0.000000
Starting Iterative Proportional Fitting (IPF)...
IPF converged at iteration 31
IPF converged at iteration 49
IPF row error: 85.739816, col error: 0.000000
IPF row error: 1.387372, col error: 0.000000
Starting Iterative Proportional Fitting (IPF)...
Starting Iterative Proportional Fitting (IPF)...
IPF converged at iteration 48
IPF row error: 1.785197, col error: 0.000000
Starting Iterative Proportional Fitting (IPF)...
IPF converged at iteration 29
IPF row error: 114.838433, col error: 0.000000
Starting Iterative Proportional Fitting (IPF)...
IPF converged at iteration 32
IPF row error: 69.046223, col error: 0.000000
Starting Iterative Proportional Fitting (IPF)...
IPF converged at iteration 32
IPF row error: 146.831639, col error: 0.000000
Starting Iterative Proportional Fitting (IPF)...
IPF converged at iteration 44
IPF row error: 4.500667, col error: 0.000000
Starting Iterative Proportional Fitting (IPF)...
IPF converged at iteration 28
IPF row error: 76.221958, col error: 0.000000
Starting Iterative Proportional Fitting (IPF)...
IPF converged at iteration 30
IPF row error: 94.500584, col error: 0.000000
Starting Iterative Proportional Fitting (IPF)...
IPF converged at iteration 41
IPF row error: 7.595228, col error: 0.000000
IPF converged at iteration 32
Starting Iterative Proportional Fitting (IPF)...
IPF row error: 56.974673, col error: 0.000000
Starting Iterative Proportional Fitting (IPF)...
IPF converged at iteration 41
IPF row error: 7.537336, col error: 0.000000
Starting Iterative Proportional Fitting (IPF)...
IPF converged at iteration 32
IPF row error: 62.318698, col error: 0.000000
Starting Iterative Proportional Fitting (IPF)...
IPF converged at iteration 29
IPF row error: 108.954944, col error: 0.000000
Starting Iterative Proportional Fitting (IPF)...
IPF converged at iteration 41
IPF row error: 7.862766, col error: 0.000000
Starting Iterative Proportional Fitting (IPF)...
IPF converged at iteration 30
IPF row error: 95.266430, col error: 0.000000
Starting Iterative Proportional Fitting (IPF)...
IPF converged at iteration 50
IPF row error: 1.338975, col error: 0.000000
Starting Iterative Proportional Fitting (IPF)...
IPF converged at iteration 31
IPF row error: 67.379538, col error: 0.000000
IPF converged at iteration 41
IPF row error: 7.719944, col error: 0.000000
Starting Iterative Proportional Fitting (IPF)...
Starting Iterative Proportional Fitting (IPF)...
IPF converged at iteration 30
IPF row error: 93.787325, col error: 0.000000
Starting Iterative Proportional Fitting (IPF)...
IPF converged at iteration 31
IPF row error: 68.538280, col error: 0.000000
Starting Iterative Proportional Fitting (IPF)...
IPF converged at iteration 41
IPF row error: 7.559626, col error: 0.000000
Starting Iterative Proportional Fitting (IPF)...
IPF converged at iteration 50
IPF row error: 5.335153, col error: 0.000000
IPF converged at iteration 29
IPF row error: 88.651041, col error: 0.000000
Starting Iterative Proportional Fitting (IPF)...
Starting Iterative Proportional Fitting (IPF)...
IPF converged at iteration 41
IPF row error: 7.627965, col error: 0.000000
Starting Iterative Proportional Fitting (IPF)...
IPF converged at iteration 30
IPF row error: 88.952202, col error: 0.000000
Starting Iterative Proportional Fitting (IPF)...
IPF converged at iteration 30
IPF row error: 79.249981, col error: 0.000000
  [2023/test] 진행 1020/1750 (58.3%) | 누적 CPC 0.5320 | RMSE 538.5691 | %RMSE 8.4859 | 경과 15.6분 | 예상 남음 11.1분
Starting Iterative Proportional Fitting (IPF)...
IPF converged at iteration 45
IPF row error: 3.107824, col error: 0.000000
Starting Iterative Proportional Fitting (IPF)...
IPF converged at iteration 46
IPF row error: 2.453118, col error: 0.000000
IPF converged at iteration 32
IPF row error: 69.061562, col error: 0.000000
Starting Iterative Proportional Fitting (IPF)...
Starting Iterative Proportional Fitting (IPF)...
IPF converged at iteration 41
IPF row error: 7.752039, col error: 0.000000
Starting Iterative Proportional Fitting (IPF)...
IPF converged at iteration 40
IPF row error: 9.679541, col error: 0.000000
Starting Iterative Proportional Fitting (IPF)...
IPF converged at iteration 36
IPF row error: 26.560026, col error: 0.000000
Starting Iterative Proportional Fitting (IPF)...
IPF converged at iteration 29
IPF converged at iteration 51
IPF row error: 170.405889, col error: 0.000000
IPF row error: 1.429715, col error: 0.000000
Starting Iterative Proportional Fitting (IPF)...
Starting Iterative Proportional Fitting (IPF)...
IPF converged at iteration 28
IPF row error: 104.721724, col error: 0.000000
Starting Iterative Proportional Fitting (IPF)...
IPF converged at iteration 46
IPF row error: 2.521261, col error: 0.000000
Starting Iterative Proportional Fitting (IPF)...
IPF converged at iteration 41
IPF converged at iteration 40
IPF row error: 7.723043, col error: 0.000000
IPF row error: 9.486860, col error: 0.000000
Starting Iterative Proportional Fitting (IPF)...
Starting Iterative Proportional Fitting (IPF)...
IPF converged at iteration 41
IPF row error: 7.597496, col error: 0.000000
Starting Iterative Proportional Fitting (IPF)...
IPF converged at iteration 37
IPF row error: 18.909022, col error: 0.000000
Starting Iterative Proportional Fitting (IPF)...
IPF converged at iteration 45
IPF row error: 3.068502, col error: 0.000000
Starting Iterative Proportional Fitting (IPF)...
IPF converged at iteration 50
IPF row error: 1.332423, col error: 0.000000
Starting Iterative Proportional Fitting (IPF)...
IPF converged at iteration 46
IPF row error: 2.468020, col error: 0.000000
Starting Iterative Proportional Fitting (IPF)...
IPF converged at iteration 29
IPF row error: 102.507035, col error: 0.000000
Starting Iterative Proportional Fitting (IPF)...
IPF converged at iteration 31
IPF row error: 64.087236, col error: 0.000000
Starting Iterative Proportional Fitting (IPF)...
IPF converged at iteration 28
IPF row error: 104.307435, col error: 0.000000
IPF converged at iteration 41
IPF row error: 7.729607, col error: 0.000000
Starting Iterative Proportional Fitting (IPF)...
Starting Iterative Proportional Fitting (IPF)...
IPF converged at iteration 41
IPF row error: 7.670359, col error: 0.000000
Starting Iterative Proportional Fitting (IPF)...
IPF converged at iteration 24
IPF converged at iteration 41
IPF row error: 58.245643, col error: 0.000000
IPF row error: 7.742948, col error: 0.000000
IPF converged at iteration 27
IPF row error: 105.281057, col error: 0.000000
Starting Iterative Proportional Fitting (IPF)...
Starting Iterative Proportional Fitting (IPF)...
Starting Iterative Proportional Fitting (IPF)...
IPF converged at iteration 31
IPF row error: 79.801254, col error: 0.000000
Starting Iterative Proportional Fitting (IPF)...
IPF converged at iteration 26
IPF row error: 132.913036, col error: 0.000000
Starting Iterative Proportional Fitting (IPF)...
IPF converged at iteration 40
IPF converged at iteration 41
IPF row error: 9.688829, col error: 0.000000
IPF row error: 7.664154, col error: 0.000000
Starting Iterative Proportional Fitting (IPF)...
Starting Iterative Proportional Fitting (IPF)...
IPF converged at iteration 52
IPF row error: 1.209123, col error: 0.000000
  [2023/test] 진행 1050/1750 (60.0%) | 누적 CPC 0.5258 | RMSE 590.8155 | %RMSE 8.8080 | 경과 16.0분 | 예상 남음 10.7분
Starting Iterative Proportional Fitting (IPF)...
IPF converged at iteration 53
IPF row error: 1.384347, col error: 0.000000
Starting Iterative Proportional Fitting (IPF)...
IPF converged at iteration 53
IPF row error: 1.384347, col error: 0.000000
IPF converged at iteration 53
IPF row error: 1.384347, col error: 0.000000
Starting Iterative Proportional Fitting (IPF)...
Starting Iterative Proportional Fitting (IPF)...
IPF converged at iteration 53
IPF row error: 1.384347, col error: 0.000000
Starting Iterative Proportional Fitting (IPF)...
IPF converged at iteration 31
IPF row error: 69.604251, col error: 0.000000
Starting Iterative Proportional Fitting (IPF)...
IPF converged at iteration 53
IPF row error: 1.384347, col error: 0.000000
Starting Iterative Proportional Fitting (IPF)...
IPF converged at iteration 53
IPF row error: 1.384347, col error: 0.000000
Starting Iterative Proportional Fitting (IPF)...
IPF converged at iteration 30
IPF row error: 74.543131, col error: 0.000000
Starting Iterative Proportional Fitting (IPF)...
IPF converged at iteration 27
IPF row error: 201.925430, col error: 0.000000
Starting Iterative Proportional Fitting (IPF)...
IPF converged at iteration 53
IPF row error: 1.384347, col error: 0.000000
Starting Iterative Proportional Fitting (IPF)...
IPF converged at iteration 31
IPF row error: 83.135213, col error: 0.000000
Starting Iterative Proportional Fitting (IPF)...
IPF converged at iteration 36
IPF row error: 28.618379, col error: 0.000000
Starting Iterative Proportional Fitting (IPF)...
IPF converged at iteration 53
IPF row error: 1.384347, col error: 0.000000
Starting Iterative Proportional Fitting (IPF)...
IPF converged at iteration 40
IPF row error: 10.527012, col error: 0.000000
Starting Iterative Proportional Fitting (IPF)...
IPF converged at iteration 44
IPF row error: 4.775227, col error: 0.000000
Starting Iterative Proportional Fitting (IPF)...
IPF converged at iteration 32
IPF row error: 78.440431, col error: 0.000000
Starting Iterative Proportional Fitting (IPF)...
IPF converged at iteration 31
IPF row error: 84.173443, col error: 0.000000
Starting Iterative Proportional Fitting (IPF)...
IPF converged at iteration 53
IPF converged at iteration 30
IPF row error: 1.384347, col error: 0.000000
IPF row error: 87.833442, col error: 0.000000
Starting Iterative Proportional Fitting (IPF)...
IPF converged at iteration 53
Starting Iterative Proportional Fitting (IPF)...
IPF row error: 1.384347, col error: 0.000000
Starting Iterative Proportional Fitting (IPF)...
IPF converged at iteration 29
IPF row error: 114.735617, col error: 0.000000
Starting Iterative Proportional Fitting (IPF)...
IPF converged at iteration 33
IPF row error: 58.817470, col error: 0.000000
Starting Iterative Proportional Fitting (IPF)...
IPF converged at iteration 53
IPF row error: 1.384347, col error: 0.000000
IPF converged at iteration 53
Starting Iterative Proportional Fitting (IPF)...
IPF row error: 1.384347, col error: 0.000000
Starting Iterative Proportional Fitting (IPF)...
IPF converged at iteration 34
IPF row error: 48.068856, col error: 0.000000
Starting Iterative Proportional Fitting (IPF)...
IPF converged at iteration 30
IPF row error: 91.716856, col error: 0.000000
Starting Iterative Proportional Fitting (IPF)...
IPF converged at iteration 53
IPF row error: 1.384347, col error: 0.000000
Starting Iterative Proportional Fitting (IPF)...
IPF converged at iteration 30
IPF row error: 87.098627, col error: 0.000000
Starting Iterative Proportional Fitting (IPF)...
IPF converged at iteration 53
IPF row error: 1.384347, col error: 0.000000
Starting Iterative Proportional Fitting (IPF)...
IPF converged at iteration 32
IPF row error: 66.423224, col error: 0.000000
  [2023/test] 진행 1080/1750 (61.7%) | 누적 CPC 0.5138 | RMSE 618.0199 | %RMSE 8.9898 | 경과 16.6분 | 예상 남음 10.3분
Starting Iterative Proportional Fitting (IPF)...
IPF converged at iteration 53
IPF row error: 1.384347, col error: 0.000000
IPF converged at iteration 29
IPF row error: 80.033026, col error: 0.000000
Starting Iterative Proportional Fitting (IPF)...
Starting Iterative Proportional Fitting (IPF)...
IPF converged at iteration 53
IPF row error: 1.384347, col error: 0.000000
Starting Iterative Proportional Fitting (IPF)...
IPF converged at iteration 29
IPF row error: 78.580373, col error: 0.000000
IPF converged at iteration 30
IPF row error: 82.196018, col error: 0.000000
Starting Iterative Proportional Fitting (IPF)...
Starting Iterative Proportional Fitting (IPF)...
IPF converged at iteration 53
IPF row error: 1.384347, col error: 0.000000
Starting Iterative Proportional Fitting (IPF)...
IPF converged at iteration 29
IPF row error: 64.745474, col error: 0.000000
IPF converged at iteration 53
IPF row error: 1.384347, col error: 0.000000
Starting Iterative Proportional Fitting (IPF)...
Starting Iterative Proportional Fitting (IPF)...
IPF converged at iteration 30
IPF row error: 87.021299, col error: 0.000000
Starting Iterative Proportional Fitting (IPF)...
IPF converged at iteration 53
IPF row error: 1.384347, col error: 0.000000
Starting Iterative Proportional Fitting (IPF)...
IPF converged at iteration 53
IPF row error: 1.384347, col error: 0.000000
IPF converged at iteration 53
IPF row error: 1.384347, col error: 0.000000
Starting Iterative Proportional Fitting (IPF)...
Starting Iterative Proportional Fitting (IPF)...
IPF converged at iteration 53
IPF row error: 1.384347, col error: 0.000000
Starting Iterative Proportional Fitting (IPF)...
IPF converged at iteration 53
IPF row error: 1.384347, col error: 0.000000
Starting Iterative Proportional Fitting (IPF)...
IPF converged at iteration 32
IPF row error: 69.361086, col error: 0.000000
Starting Iterative Proportional Fitting (IPF)...
IPF converged at iteration 32
IPF row error: 74.216692, col error: 0.000000
IPF converged at iteration 53
Starting Iterative Proportional Fitting (IPF)...
IPF row error: 1.384347, col error: 0.000000
Starting Iterative Proportional Fitting (IPF)...
IPF converged at iteration 53
IPF row error: 1.384347, col error: 0.000000
Starting Iterative Proportional Fitting (IPF)...
IPF converged at iteration 53
IPF row error: 1.384347, col error: 0.000000
Starting Iterative Proportional Fitting (IPF)...
IPF converged at iteration 53
IPF row error: 1.384347, col error: 0.000000
IPF converged at iteration 52
IPF row error: 1.414015, col error: 0.000000
Starting Iterative Proportional Fitting (IPF)...
IPF converged at iteration 30
Starting Iterative Proportional Fitting (IPF)...
IPF row error: 90.322114, col error: 0.000000
Starting Iterative Proportional Fitting (IPF)...
IPF converged at iteration 26
IPF row error: 216.053345, col error: 0.000000
Starting Iterative Proportional Fitting (IPF)...
IPF converged at iteration 29
IPF row error: 177.448336, col error: 0.000000
Starting Iterative Proportional Fitting (IPF)...
IPF converged at iteration 32
IPF row error: 54.082359, col error: 0.000000
Starting Iterative Proportional Fitting (IPF)...
IPF converged at iteration 52
IPF row error: 1.414015, col error: 0.000000
Starting Iterative Proportional Fitting (IPF)...
IPF converged at iteration 52
IPF row error: 1.414015, col error: 0.000000
Starting Iterative Proportional Fitting (IPF)...
IPF converged at iteration 52
IPF row error: 1.414015, col error: 0.000000
Starting Iterative Proportional Fitting (IPF)...
IPF converged at iteration 52
IPF row error: 1.414015, col error: 0.000000
Starting Iterative Proportional Fitting (IPF)...
IPF converged at iteration 52
IPF row error: 1.414015, col error: 0.000000
  [2023/test] 진행 1110/1750 (63.4%) | 누적 CPC 0.5025 | RMSE 642.0948 | %RMSE 9.1507 | 경과 17.1분 | 예상 남음 9.9분
Starting Iterative Proportional Fitting (IPF)...
IPF converged at iteration 52
IPF row error: 1.414015, col error: 0.000000
Starting Iterative Proportional Fitting (IPF)...
IPF converged at iteration 29
IPF row error: 82.595541, col error: 0.000000
Starting Iterative Proportional Fitting (IPF)...
IPF converged at iteration 27
IPF row error: 152.117231, col error: 0.000000
Starting Iterative Proportional Fitting (IPF)...
IPF converged at iteration 37
IPF row error: 22.964792, col error: 0.000000
IPF converged at iteration 52
IPF row error: 1.414015, col error: 0.000000
Starting Iterative Proportional Fitting (IPF)...
Starting Iterative Proportional Fitting (IPF)...
IPF converged at iteration 52
IPF row error: 1.414015, col error: 0.000000
Starting Iterative Proportional Fitting (IPF)...
IPF converged at iteration 52
IPF row error: 1.414015, col error: 0.000000
Starting Iterative Proportional Fitting (IPF)...
IPF converged at iteration 28
IPF row error: 119.557139, col error: 0.000000
Starting Iterative Proportional Fitting (IPF)...
IPF converged at iteration 52
IPF row error: 1.414015, col error: 0.000000
IPF converged at iteration 27
IPF converged at iteration 52
IPF row error: 130.754494, col error: 0.000000
IPF row error: 1.414015, col error: 0.000000
Starting Iterative Proportional Fitting (IPF)...
Starting Iterative Proportional Fitting (IPF)...
Starting Iterative Proportional Fitting (IPF)...
IPF converged at iteration 47
IPF row error: 2.330874, col error: 0.000000
Starting Iterative Proportional Fitting (IPF)...
IPF converged at iteration 52
IPF row error: 1.414015, col error: 0.000000
IPF converged at iteration 52
IPF converged at iteration 52
IPF row error: 1.414015, col error: 0.000000
IPF row error: 1.414015, col error: 0.000000
Starting Iterative Proportional Fitting (IPF)...
Starting Iterative Proportional Fitting (IPF)...Starting Iterative Proportional Fitting (IPF)...

IPF converged at iteration 29
IPF row error: 114.304766, col error: 0.000000
Starting Iterative Proportional Fitting (IPF)...
IPF converged at iteration 30
IPF converged at iteration 32
IPF row error: 78.719561, col error: 0.000000
IPF row error: 67.957848, col error: 0.000000
IPF converged at iteration 31
IPF row error: 82.193591, col error: 0.000000
Starting Iterative Proportional Fitting (IPF)...
Starting Iterative Proportional Fitting (IPF)...
Starting Iterative Proportional Fitting (IPF)...
IPF converged at iteration 49
IPF row error: 1.423644, col error: 0.000000
Starting Iterative Proportional Fitting (IPF)...
IPF converged at iteration 28
IPF converged at iteration 30
IPF converged at iteration 30IPF row error: 132.961303, col error: 0.000000IPF row error: 69.782567, col error: 0.000000


IPF row error: 84.462348, col error: 0.000000
Starting Iterative Proportional Fitting (IPF)...
Starting Iterative Proportional Fitting (IPF)...
Starting Iterative Proportional Fitting (IPF)...
IPF converged at iteration 30
IPF converged at iteration 31
IPF row error: 67.587925, col error: 0.000000
IPF row error: 69.370906, col error: 0.000000
Starting Iterative Proportional Fitting (IPF)...
Starting Iterative Proportional Fitting (IPF)...
IPF converged at iteration 52
IPF row error: 1.414015, col error: 0.000000
Starting Iterative Proportional Fitting (IPF)...
IPF converged at iteration 52
IPF row error: 1.414015, col error: 0.000000
Starting Iterative Proportional Fitting (IPF)...
IPF converged at iteration 31
IPF row error: 17.517549, col error: 0.000000
Starting Iterative Proportional Fitting (IPF)...
IPF converged at iteration 29
IPF row error: 208.027856, col error: 0.000000
IPF converged at iteration 27
Starting Iterative Proportional Fitting (IPF)...
IPF row error: 126.917244, col error: 0.000000
  [2023/test] 진행 1140/1750 (65.1%) | 누적 CPC 0.4918 | RMSE 661.7154 | %RMSE 9.2793 | 경과 17.6분 | 예상 남음 9.4분
IPF converged at iteration 52
IPF row error: 1.414015, col error: 0.000000
Starting Iterative Proportional Fitting (IPF)...
Starting Iterative Proportional Fitting (IPF)...
IPF converged at iteration 31
IPF row error: 70.116819, col error: 0.000000
IPF converged at iteration 52
IPF row error: 1.414015, col error: 0.000000
Starting Iterative Proportional Fitting (IPF)...
Starting Iterative Proportional Fitting (IPF)...
IPF converged at iteration 52
IPF row error: 1.414015, col error: 0.000000
Starting Iterative Proportional Fitting (IPF)...
IPF converged at iteration 52
IPF row error: 1.414015, col error: 0.000000
Starting Iterative Proportional Fitting (IPF)...
IPF converged at iteration 32
IPF row error: 76.434669, col error: 0.000000
Starting Iterative Proportional Fitting (IPF)...
IPF converged at iteration 50
IPF row error: 1.321851, col error: 0.000000
IPF converged at iteration 52
IPF row error: 1.414015, col error: 0.000000
Starting Iterative Proportional Fitting (IPF)...
Starting Iterative Proportional Fitting (IPF)...
IPF converged at iteration 52
IPF row error: 1.414015, col error: 0.000000
Starting Iterative Proportional Fitting (IPF)...
IPF converged at iteration 32
IPF row error: 61.603363, col error: 0.000000
Starting Iterative Proportional Fitting (IPF)...
IPF converged at iteration 45
IPF row error: 3.646439, col error: 0.000000
Starting Iterative Proportional Fitting (IPF)...
IPF converged at iteration 54
IPF converged at iteration 26
IPF row error: 1.278717, col error: 0.000000
IPF row error: 158.311209, col error: 0.000000
Starting Iterative Proportional Fitting (IPF)...
Starting Iterative Proportional Fitting (IPF)...
IPF converged at iteration 50
IPF row error: 1.219872, col error: 0.000000
Starting Iterative Proportional Fitting (IPF)...
IPF converged at iteration 31
IPF row error: 75.335209, col error: 0.000000
Starting Iterative Proportional Fitting (IPF)...
IPF converged at iteration 50
IPF row error: 1.219872, col error: 0.000000
IPF converged at iteration 54
IPF row error: 1.278717, col error: 0.000000
Starting Iterative Proportional Fitting (IPF)...
Starting Iterative Proportional Fitting (IPF)...
IPF converged at iteration 50
IPF row error: 1.213581, col error: 0.000000
Starting Iterative Proportional Fitting (IPF)...
IPF converged at iteration 50
IPF row error: 1.213581, col error: 0.000000
Starting Iterative Proportional Fitting (IPF)...
IPF converged at iteration 31
IPF row error: 85.824686, col error: 0.000000
Starting Iterative Proportional Fitting (IPF)...
IPF converged at iteration 32
IPF row error: 70.222356, col error: 0.000000
Starting Iterative Proportional Fitting (IPF)...
IPF converged at iteration 54
IPF row error: 1.277562, col error: 0.000000
Starting Iterative Proportional Fitting (IPF)...
IPF converged at iteration 54
IPF row error: 1.275508, col error: 0.000000
Starting Iterative Proportional Fitting (IPF)...
IPF converged at iteration 31
IPF row error: 75.542400, col error: 0.000000
Starting Iterative Proportional Fitting (IPF)...
IPF converged at iteration 50
IPF row error: 1.219872, col error: 0.000000
Starting Iterative Proportional Fitting (IPF)...
IPF converged at iteration 32
IPF row error: 70.119697, col error: 0.000000
IPF converged at iteration 54
Starting Iterative Proportional Fitting (IPF)...
IPF converged at iteration 30
IPF row error: 1.275508, col error: 0.000000
IPF row error: 57.599122, col error: 0.000000
Starting Iterative Proportional Fitting (IPF)...
Starting Iterative Proportional Fitting (IPF)...
IPF converged at iteration 54
IPF converged at iteration 30
IPF row error: 1.275508, col error: 0.000000
IPF row error: 60.489092, col error: 0.000000
  [2023/test] 진행 1170/1750 (66.9%) | 누적 CPC 0.4821 | RMSE 675.6055 | %RMSE 9.3990 | 경과 18.2분 | 예상 남음 9.0분
Starting Iterative Proportional Fitting (IPF)...
Starting Iterative Proportional Fitting (IPF)...
IPF converged at iteration 50
IPF row error: 1.219872, col error: 0.000000
IPF converged at iteration 54
IPF row error: 1.275508, col error: 0.000000
Starting Iterative Proportional Fitting (IPF)...
Starting Iterative Proportional Fitting (IPF)...
IPF converged at iteration 54
IPF row error: 1.278717, col error: 0.000000
IPF converged at iteration 28
IPF converged at iteration 55
IPF row error: 109.416246, col error: 0.000000
Starting Iterative Proportional Fitting (IPF)...
IPF row error: 1.258014, col error: 0.000000
Starting Iterative Proportional Fitting (IPF)...
Starting Iterative Proportional Fitting (IPF)...
IPF converged at iteration 54
IPF row error: 1.275508, col error: 0.000000
Starting Iterative Proportional Fitting (IPF)...
IPF converged at iteration 50
IPF row error: 1.213581, col error: 0.000000
Starting Iterative Proportional Fitting (IPF)...
IPF converged at iteration 50
IPF row error: 1.213581, col error: 0.000000
IPF converged at iteration 54
IPF row error: 1.275508, col error: 0.000000
Starting Iterative Proportional Fitting (IPF)...
IPF converged at iteration 28
Starting Iterative Proportional Fitting (IPF)...
IPF row error: 113.363885, col error: 0.000000
Starting Iterative Proportional Fitting (IPF)...
IPF converged at iteration 23
IPF row error: 87.645576, col error: 0.000000
Starting Iterative Proportional Fitting (IPF)...
IPF converged at iteration 54
IPF row error: 1.277562, col error: 0.000000
IPF converged at iteration 50
IPF row error: 1.213581, col error: 0.000000
IPF converged at iteration 50
IPF row error: 1.213581, col error: 0.000000
Starting Iterative Proportional Fitting (IPF)...
Starting Iterative Proportional Fitting (IPF)...
Starting Iterative Proportional Fitting (IPF)...
IPF converged at iteration 24
IPF row error: 69.529136, col error: 0.000000
IPF converged at iteration 50
IPF row error: 1.219872, col error: 0.000000
Starting Iterative Proportional Fitting (IPF)...
IPF converged at iteration 29
IPF converged at iteration 32
IPF row error: 93.927699, col error: 0.000000
IPF row error: 72.062774, col error: 0.000000
Starting Iterative Proportional Fitting (IPF)...
Starting Iterative Proportional Fitting (IPF)...
Starting Iterative Proportional Fitting (IPF)...
IPF converged at iteration 50
IPF row error: 1.213581, col error: 0.000000
IPF converged at iteration 50
IPF row error: 1.213581, col error: 0.000000
Starting Iterative Proportional Fitting (IPF)...
IPF converged at iteration 50
Starting Iterative Proportional Fitting (IPF)...
IPF row error: 1.213581, col error: 0.000000
IPF converged at iteration 54
IPF row error: 1.278717, col error: 0.000000
Starting Iterative Proportional Fitting (IPF)...
Starting Iterative Proportional Fitting (IPF)...
IPF converged at iteration 28
IPF row error: 146.697101, col error: 0.000000
Starting Iterative Proportional Fitting (IPF)...
IPF converged at iteration 50
IPF row error: 1.219872, col error: 0.000000
Starting Iterative Proportional Fitting (IPF)...
IPF converged at iteration 55
IPF row error: 1.258014, col error: 0.000000
IPF converged at iteration 28
IPF converged at iteration 55
IPF row error: 103.303610, col error: 0.000000
IPF row error: 1.258014, col error: 0.000000
Starting Iterative Proportional Fitting (IPF)...
Starting Iterative Proportional Fitting (IPF)...
Starting Iterative Proportional Fitting (IPF)...
IPF converged at iteration 27
IPF row error: 138.127697, col error: 0.000000
Starting Iterative Proportional Fitting (IPF)...
IPF converged at iteration 27
IPF row error: 132.873549, col error: 0.000000
Starting Iterative Proportional Fitting (IPF)...
IPF converged at iteration 31
IPF row error: 80.049744, col error: 0.000000
  [2023/test] 진행 1200/1750 (68.6%) | 누적 CPC 0.4739 | RMSE 683.6477 | %RMSE 9.4974 | 경과 18.8분 | 예상 남음 8.6분
Starting Iterative Proportional Fitting (IPF)...
IPF converged at iteration 31
IPF row error: 82.231176, col error: 0.000000
IPF converged at iteration 54
IPF row error: 1.278717, col error: 0.000000
Starting Iterative Proportional Fitting (IPF)...
Starting Iterative Proportional Fitting (IPF)...
IPF converged at iteration 27
IPF row error: 134.855566, col error: 0.000000
IPF converged at iteration 31
IPF row error: 66.977329, col error: 0.000000
IPF converged at iteration 54
IPF row error: 1.261622, col error: 0.000000
Starting Iterative Proportional Fitting (IPF)...
Starting Iterative Proportional Fitting (IPF)...
IPF converged at iteration 54
Starting Iterative Proportional Fitting (IPF)...
IPF row error: 1.261622, col error: 0.000000
Starting Iterative Proportional Fitting (IPF)...
IPF converged at iteration 30
IPF row error: 87.153450, col error: 0.000000
Starting Iterative Proportional Fitting (IPF)...
IPF converged at iteration 54
IPF row error: 1.261622, col error: 0.000000
IPF converged at iteration 49
IPF row error: 1.394705, col error: 0.000000
IPF converged at iteration 54
Starting Iterative Proportional Fitting (IPF)...
IPF row error: 1.261622, col error: 0.000000
Starting Iterative Proportional Fitting (IPF)...
Starting Iterative Proportional Fitting (IPF)...
IPF converged at iteration 28
IPF row error: 139.391522, col error: 0.000000
Starting Iterative Proportional Fitting (IPF)...
IPF converged at iteration 32
IPF row error: 71.049663, col error: 0.000000
IPF converged at iteration 26
IPF row error: 189.663769, col error: 0.000000
Starting Iterative Proportional Fitting (IPF)...
Starting Iterative Proportional Fitting (IPF)...
IPF converged at iteration 54
IPF row error: 1.261622, col error: 0.000000
IPF converged at iteration 54
IPF row error: 1.261622, col error: 0.000000
Starting Iterative Proportional Fitting (IPF)...
Starting Iterative Proportional Fitting (IPF)...
IPF converged at iteration 31
IPF row error: 66.529382, col error: 0.000000
Starting Iterative Proportional Fitting (IPF)...
IPF converged at iteration 29
IPF row error: 103.563914, col error: 0.000000
IPF converged at iteration 54
IPF row error: 1.261622, col error: 0.000000
IPF converged at iteration 32
IPF row error: 62.741056, col error: 0.000000
Starting Iterative Proportional Fitting (IPF)...
Starting Iterative Proportional Fitting (IPF)...
Starting Iterative Proportional Fitting (IPF)...
IPF converged at iteration 30
IPF row error: 93.080393, col error: 0.000000
IPF converged at iteration 54
IPF row error: 1.261622, col error: 0.000000
Starting Iterative Proportional Fitting (IPF)...
IPF converged at iteration 36
Starting Iterative Proportional Fitting (IPF)...
IPF row error: 28.217691, col error: 0.000000
Starting Iterative Proportional Fitting (IPF)...
IPF converged at iteration 54
IPF row error: 1.261622, col error: 0.000000
Starting Iterative Proportional Fitting (IPF)...
IPF converged at iteration 39
IPF row error: 13.447887, col error: 0.000000
Starting Iterative Proportional Fitting (IPF)...
IPF converged at iteration 28
IPF row error: 104.903056, col error: 0.000000
Starting Iterative Proportional Fitting (IPF)...
IPF converged at iteration 54
IPF row error: 1.261622, col error: 0.000000
IPF converged at iteration 54
IPF row error: 1.261622, col error: 0.000000
Starting Iterative Proportional Fitting (IPF)...
Starting Iterative Proportional Fitting (IPF)...
IPF converged at iteration 33
IPF row error: 42.329972, col error: 0.000000
Starting Iterative Proportional Fitting (IPF)...
IPF converged at iteration 54
IPF converged at iteration 32
IPF converged at iteration 31
IPF row error: 1.261622, col error: 0.000000
IPF row error: 65.893295, col error: 0.000000IPF row error: 65.881964, col error: 0.000000

  [2023/test] 진행 1230/1750 (70.3%) | 누적 CPC 0.4642 | RMSE 673.9326 | %RMSE 9.4510 | 경과 19.2분 | 예상 남음 8.1분
Starting Iterative Proportional Fitting (IPF)...
Starting Iterative Proportional Fitting (IPF)...Starting Iterative Proportional Fitting (IPF)...

IPF converged at iteration 29
IPF row error: 87.241303, col error: 0.000000
IPF converged at iteration 31
IPF row error: 78.924263, col error: 0.000000
Starting Iterative Proportional Fitting (IPF)...
Starting Iterative Proportional Fitting (IPF)...
IPF converged at iteration 54
IPF row error: 1.261622, col error: 0.000000
Starting Iterative Proportional Fitting (IPF)...
IPF converged at iteration 54
IPF row error: 1.261622, col error: 0.000000
Starting Iterative Proportional Fitting (IPF)...
IPF converged at iteration 54
IPF row error: 1.261622, col error: 0.000000
IPF converged at iteration 54
IPF row error: 1.261622, col error: 0.000000
Starting Iterative Proportional Fitting (IPF)...
Starting Iterative Proportional Fitting (IPF)...
IPF converged at iteration 54
IPF row error: 1.261622, col error: 0.000000
IPF converged at iteration 50
IPF row error: 1.359477, col error: 0.000000
Starting Iterative Proportional Fitting (IPF)...
Starting Iterative Proportional Fitting (IPF)...
IPF converged at iteration 28
IPF row error: 110.645594, col error: 0.000000
Starting Iterative Proportional Fitting (IPF)...
IPF converged at iteration 54
IPF converged at iteration 31
IPF row error: 1.261622, col error: 0.000000
IPF row error: 76.451556, col error: 0.000000
Starting Iterative Proportional Fitting (IPF)...
Starting Iterative Proportional Fitting (IPF)...
IPF converged at iteration 54
IPF row error: 1.261622, col error: 0.000000
Starting Iterative Proportional Fitting (IPF)...
IPF converged at iteration 54
IPF row error: 1.261622, col error: 0.000000
Starting Iterative Proportional Fitting (IPF)...
IPF converged at iteration 39
IPF row error: 13.832650, col error: 0.000000
Starting Iterative Proportional Fitting (IPF)...
IPF converged at iteration 54
IPF row error: 1.261622, col error: 0.000000
Starting Iterative Proportional Fitting (IPF)...
IPF converged at iteration 54
IPF converged at iteration 32
IPF row error: 1.261622, col error: 0.000000
IPF row error: 61.792002, col error: 0.000000
Starting Iterative Proportional Fitting (IPF)...
IPF converged at iteration 54
Starting Iterative Proportional Fitting (IPF)...
IPF row error: 1.261622, col error: 0.000000
Starting Iterative Proportional Fitting (IPF)...
IPF converged at iteration 54
IPF row error: 1.261622, col error: 0.000000
IPF converged at iteration 28
IPF row error: 135.683727, col error: 0.000000
Starting Iterative Proportional Fitting (IPF)...
Starting Iterative Proportional Fitting (IPF)...
IPF converged at iteration 35
IPF row error: 42.573632, col error: 0.000000
Starting Iterative Proportional Fitting (IPF)...
IPF converged at iteration 47
IPF row error: 2.207745, col error: 0.000000
Starting Iterative Proportional Fitting (IPF)...
IPF converged at iteration 29
IPF row error: 101.869533, col error: 0.000000
Starting Iterative Proportional Fitting (IPF)...
IPF converged at iteration 31
IPF row error: 89.941496, col error: 0.000000
Starting Iterative Proportional Fitting (IPF)...
IPF converged at iteration 28
IPF row error: 129.312319, col error: 0.000000
IPF converged at iteration 52
IPF row error: 1.225963, col error: 0.000000
Starting Iterative Proportional Fitting (IPF)...
Starting Iterative Proportional Fitting (IPF)...
IPF converged at iteration 32
IPF row error: 71.277459, col error: 0.000000
Starting Iterative Proportional Fitting (IPF)...
IPF converged at iteration 28
IPF row error: 121.934789, col error: 0.000000
Starting Iterative Proportional Fitting (IPF)...
IPF converged at iteration 46
IPF row error: 2.944043, col error: 0.000000
  [2023/test] 진행 1260/1750 (72.0%) | 누적 CPC 0.4559 | RMSE 670.1674 | %RMSE 9.4468 | 경과 19.9분 | 예상 남음 7.7분
Starting Iterative Proportional Fitting (IPF)...
IPF converged at iteration 46
IPF row error: 2.944043, col error: 0.000000
Starting Iterative Proportional Fitting (IPF)...
IPF converged at iteration 52
IPF row error: 1.226619, col error: 0.000000
Starting Iterative Proportional Fitting (IPF)...
IPF converged at iteration 36
IPF row error: 31.665578, col error: 0.000000
IPF converged at iteration 47
IPF row error: 2.396485, col error: 0.000000
Starting Iterative Proportional Fitting (IPF)...
Starting Iterative Proportional Fitting (IPF)...
IPF converged at iteration 44
IPF row error: 4.620552, col error: 0.000000
Starting Iterative Proportional Fitting (IPF)...
IPF converged at iteration 32
IPF row error: 70.280446, col error: 0.000000
IPF converged at iteration 32
IPF row error: 63.474477, col error: 0.000000
Starting Iterative Proportional Fitting (IPF)...
Starting Iterative Proportional Fitting (IPF)...
IPF converged at iteration 28
IPF row error: 126.192791, col error: 0.000000
Starting Iterative Proportional Fitting (IPF)...
IPF converged at iteration 52
IPF row error: 1.288885, col error: 0.000000
Starting Iterative Proportional Fitting (IPF)...
IPF converged at iteration 33
IPF row error: 67.617276, col error: 0.000000
Starting Iterative Proportional Fitting (IPF)...
IPF converged at iteration 31
IPF row error: 85.311220, col error: 0.000000
Starting Iterative Proportional Fitting (IPF)...
IPF converged at iteration 52
IPF row error: 1.349208, col error: 0.000000
Starting Iterative Proportional Fitting (IPF)...
IPF converged at iteration 33
IPF row error: 57.672710, col error: 0.000000
Starting Iterative Proportional Fitting (IPF)...
IPF converged at iteration 52
IPF row error: 1.221168, col error: 0.000000
Starting Iterative Proportional Fitting (IPF)...
IPF converged at iteration 29
IPF row error: 101.913963, col error: 0.000000
Starting Iterative Proportional Fitting (IPF)...
IPF converged at iteration 52
IPF row error: 1.349208, col error: 0.000000
Starting Iterative Proportional Fitting (IPF)...
IPF converged at iteration 32
IPF row error: 72.517721, col error: 0.000000
Starting Iterative Proportional Fitting (IPF)...
IPF converged at iteration 33
IPF row error: 61.286197, col error: 0.000000
Starting Iterative Proportional Fitting (IPF)...
IPF converged at iteration 47
IPF row error: 2.216090, col error: 0.000000
IPF converged at iteration 31
IPF converged at iteration 52
IPF row error: 79.728478, col error: 0.000000
IPF row error: 1.225577, col error: 0.000000
Starting Iterative Proportional Fitting (IPF)...
Starting Iterative Proportional Fitting (IPF)...
Starting Iterative Proportional Fitting (IPF)...
IPF converged at iteration 32
IPF row error: 68.800391, col error: 0.000000
Starting Iterative Proportional Fitting (IPF)...
IPF converged at iteration 52
IPF row error: 1.288885, col error: 0.000000
Starting Iterative Proportional Fitting (IPF)...
IPF converged at iteration 50
IPF row error: 1.235799, col error: 0.000000
IPF converged at iteration 55
IPF row error: 1.375120, col error: 0.000000
Starting Iterative Proportional Fitting (IPF)...
Starting Iterative Proportional Fitting (IPF)...
IPF converged at iteration 47
IPF row error: 2.349377, col error: 0.000000
IPF converged at iteration 32
IPF row error: 67.829123, col error: 0.000000
Starting Iterative Proportional Fitting (IPF)...
Starting Iterative Proportional Fitting (IPF)...
IPF converged at iteration 44
IPF row error: 4.392906, col error: 0.000000
Starting Iterative Proportional Fitting (IPF)...
IPF converged at iteration 52
IPF row error: 1.288885, col error: 0.000000
Starting Iterative Proportional Fitting (IPF)...
IPF converged at iteration 28
IPF row error: 199.152325, col error: 0.000000
  [2023/test] 진행 1290/1750 (73.7%) | 누적 CPC 0.4519 | RMSE 673.6217 | %RMSE 9.5161 | 경과 20.6분 | 예상 남음 7.4분
Starting Iterative Proportional Fitting (IPF)...
IPF converged at iteration 32
IPF row error: 65.619437, col error: 0.000000
Starting Iterative Proportional Fitting (IPF)...
IPF converged at iteration 55
IPF row error: 1.429698, col error: 0.000000
Starting Iterative Proportional Fitting (IPF)...
IPF converged at iteration 49
IPF row error: 1.482508, col error: 0.000000
Starting Iterative Proportional Fitting (IPF)...
IPF converged at iteration 47
IPF row error: 2.396485, col error: 0.000000
Starting Iterative Proportional Fitting (IPF)...
IPF converged at iteration 47
IPF row error: 2.207745, col error: 0.000000
Starting Iterative Proportional Fitting (IPF)...
IPF converged at iteration 44
IPF row error: 4.586365, col error: 0.000000
Starting Iterative Proportional Fitting (IPF)...
IPF converged at iteration 52
IPF row error: 1.225963, col error: 0.000000
Starting Iterative Proportional Fitting (IPF)...
IPF converged at iteration 55
IPF row error: 1.375120, col error: 0.000000
Starting Iterative Proportional Fitting (IPF)...
IPF converged at iteration 52
IPF row error: 1.227093, col error: 0.000000
Starting Iterative Proportional Fitting (IPF)...
IPF converged at iteration 49
IPF row error: 1.516812, col error: 0.000000
Starting Iterative Proportional Fitting (IPF)...
IPF converged at iteration 27
IPF row error: 120.298011, col error: 0.000000
Starting Iterative Proportional Fitting (IPF)...
IPF converged at iteration 29
IPF row error: 135.787301, col error: 0.000000
Starting Iterative Proportional Fitting (IPF)...
IPF converged at iteration 30
IPF row error: 86.316902, col error: 0.000000
Starting Iterative Proportional Fitting (IPF)...
IPF converged at iteration 53
IPF row error: 1.295818, col error: 0.000000
Starting Iterative Proportional Fitting (IPF)...
IPF converged at iteration 48
IPF row error: 1.740352, col error: 0.000000
Starting Iterative Proportional Fitting (IPF)...
IPF converged at iteration 48
IPF row error: 1.740352, col error: 0.000000
IPF converged at iteration 31
IPF row error: 74.919623, col error: 0.000000
Starting Iterative Proportional Fitting (IPF)...
Starting Iterative Proportional Fitting (IPF)...
IPF converged at iteration 48
IPF row error: 1.740352, col error: 0.000000
Starting Iterative Proportional Fitting (IPF)...
IPF converged at iteration 48
IPF row error: 1.754744, col error: 0.000000
Starting Iterative Proportional Fitting (IPF)...
IPF converged at iteration 30
IPF row error: 96.434289, col error: 0.000000
Starting Iterative Proportional Fitting (IPF)...
IPF converged at iteration 53
IPF converged at iteration 54
IPF row error: 1.299640, col error: 0.000000
IPF row error: 1.283190, col error: 0.000000
Starting Iterative Proportional Fitting (IPF)...
Starting Iterative Proportional Fitting (IPF)...
IPF converged at iteration 48
IPF row error: 1.754744, col error: 0.000000
Starting Iterative Proportional Fitting (IPF)...
IPF converged at iteration 32
IPF row error: 68.584974, col error: 0.000000
Starting Iterative Proportional Fitting (IPF)...
IPF converged at iteration 48
IPF row error: 1.740352, col error: 0.000000
Starting Iterative Proportional Fitting (IPF)...
IPF converged at iteration 30
IPF converged at iteration 53
IPF row error: 68.530815, col error: 0.000000
IPF row error: 1.295818, col error: 0.000000
Starting Iterative Proportional Fitting (IPF)...
Starting Iterative Proportional Fitting (IPF)...
IPF converged at iteration 32
IPF row error: 69.766252, col error: 0.000000
Starting Iterative Proportional Fitting (IPF)...
IPF converged at iteration 48
IPF row error: 1.754744, col error: 0.000000
IPF converged at iteration 37
Starting Iterative Proportional Fitting (IPF)...
IPF row error: 23.243897, col error: 0.000000
  [2023/test] 진행 1320/1750 (75.4%) | 누적 CPC 0.4456 | RMSE 685.9084 | %RMSE 9.6040 | 경과 21.2분 | 예상 남음 6.9분
Starting Iterative Proportional Fitting (IPF)...
IPF converged at iteration 48
IPF converged at iteration 32
IPF row error: 1.740352, col error: 0.000000
IPF row error: 65.995399, col error: 0.000000
Starting Iterative Proportional Fitting (IPF)...
Starting Iterative Proportional Fitting (IPF)...
IPF converged at iteration 29
IPF row error: 96.137205, col error: 0.000000
IPF converged at iteration 36
IPF row error: 28.160759, col error: 0.000000
Starting Iterative Proportional Fitting (IPF)...
Starting Iterative Proportional Fitting (IPF)...
IPF converged at iteration 26
IPF row error: 171.727568, col error: 0.000000
Starting Iterative Proportional Fitting (IPF)...
IPF converged at iteration 53
IPF row error: 1.295818, col error: 0.000000
IPF converged at iteration 31
IPF row error: 62.313095, col error: 0.000000
Starting Iterative Proportional Fitting (IPF)...
Starting Iterative Proportional Fitting (IPF)...
IPF converged at iteration 30
IPF row error: 84.807384, col error: 0.000000
Starting Iterative Proportional Fitting (IPF)...
IPF converged at iteration 48
IPF row error: 1.754744, col error: 0.000000
Starting Iterative Proportional Fitting (IPF)...
IPF converged at iteration 30
IPF row error: 83.302367, col error: 0.000000
Starting Iterative Proportional Fitting (IPF)...
IPF converged at iteration 32
IPF row error: 65.973504, col error: 0.000000
Starting Iterative Proportional Fitting (IPF)...
IPF converged at iteration 32
IPF row error: 72.379555, col error: 0.000000
IPF converged at iteration 53
IPF row error: 1.295818, col error: 0.000000
Starting Iterative Proportional Fitting (IPF)...
Starting Iterative Proportional Fitting (IPF)...
IPF converged at iteration 25
IPF row error: 195.129641, col error: 0.000000
IPF converged at iteration 48
Starting Iterative Proportional Fitting (IPF)...
IPF row error: 1.754744, col error: 0.000000
Starting Iterative Proportional Fitting (IPF)...
IPF converged at iteration 31
IPF row error: 79.582249, col error: 0.000000
Starting Iterative Proportional Fitting (IPF)...
IPF converged at iteration 54
IPF row error: 1.283190, col error: 0.000000
Starting Iterative Proportional Fitting (IPF)...
IPF converged at iteration 36
IPF row error: 29.516048, col error: 0.000000
Starting Iterative Proportional Fitting (IPF)...
IPF converged at iteration 32
IPF row error: 64.426782, col error: 0.000000
Starting Iterative Proportional Fitting (IPF)...
IPF converged at iteration 48
IPF row error: 1.754744, col error: 0.000000
Starting Iterative Proportional Fitting (IPF)...
IPF converged at iteration 48
IPF row error: 1.754744, col error: 0.000000
Starting Iterative Proportional Fitting (IPF)...
IPF converged at iteration 31
IPF row error: 68.299252, col error: 0.000000
Starting Iterative Proportional Fitting (IPF)...
IPF converged at iteration 29
IPF row error: 106.947326, col error: 0.000000
IPF converged at iteration 48
IPF row error: 1.754744, col error: 0.000000
Starting Iterative Proportional Fitting (IPF)...
Starting Iterative Proportional Fitting (IPF)...
IPF converged at iteration 29
IPF row error: 83.320517, col error: 0.000000
Starting Iterative Proportional Fitting (IPF)...
IPF converged at iteration 53
IPF converged at iteration 48
IPF row error: 1.305487, col error: 0.000000
IPF row error: 1.754744, col error: 0.000000
Starting Iterative Proportional Fitting (IPF)...
Starting Iterative Proportional Fitting (IPF)...
IPF converged at iteration 48
IPF row error: 1.754744, col error: 0.000000
Starting Iterative Proportional Fitting (IPF)...
IPF converged at iteration 29
IPF row error: 109.824475, col error: 0.000000
Starting Iterative Proportional Fitting (IPF)...
IPF converged at iteration 31
IPF row error: 80.186348, col error: 0.000000
  [2023/test] 진행 1350/1750 (77.1%) | 누적 CPC 0.4384 | RMSE 704.2776 | %RMSE 9.7076 | 경과 21.7분 | 예상 남음 6.4분
Starting Iterative Proportional Fitting (IPF)...
IPF converged at iteration 51
IPF row error: 1.368898, col error: 0.000000
IPF converged at iteration 53
IPF row error: 1.299640, col error: 0.000000
Starting Iterative Proportional Fitting (IPF)...
Starting Iterative Proportional Fitting (IPF)...
IPF converged at iteration 50
IPF row error: 1.359899, col error: 0.000000
Starting Iterative Proportional Fitting (IPF)...
IPF converged at iteration 28
IPF row error: 113.826002, col error: 0.000000
Starting Iterative Proportional Fitting (IPF)...
IPF converged at iteration 46
IPF row error: 3.015626, col error: 0.000000
Starting Iterative Proportional Fitting (IPF)...
IPF converged at iteration 50
IPF row error: 1.359899, col error: 0.000000
Starting Iterative Proportional Fitting (IPF)...
IPF converged at iteration 31
IPF row error: 87.812460, col error: 0.000000
Starting Iterative Proportional Fitting (IPF)...
IPF converged at iteration 29
IPF row error: 73.355894, col error: 0.000000
Starting Iterative Proportional Fitting (IPF)...
IPF converged at iteration 32
IPF row error: 160.555913, col error: 0.000000
Starting Iterative Proportional Fitting (IPF)...
IPF converged at iteration 40
IPF row error: 10.921884, col error: 0.000000
IPF converged at iteration 50
IPF row error: 1.330927, col error: 0.000000
Starting Iterative Proportional Fitting (IPF)...
Starting Iterative Proportional Fitting (IPF)...
IPF converged at iteration 50
IPF row error: 1.279468, col error: 0.000000
Starting Iterative Proportional Fitting (IPF)...
IPF converged at iteration 51
IPF row error: 1.368898, col error: 0.000000
Starting Iterative Proportional Fitting (IPF)...
IPF converged at iteration 29
IPF row error: 77.197908, col error: 0.000000
Starting Iterative Proportional Fitting (IPF)...
IPF converged at iteration 33
IPF row error: 38.201757, col error: 0.000000
IPF converged at iteration 57
IPF row error: 1.324476, col error: 0.000000
Starting Iterative Proportional Fitting (IPF)...
Starting Iterative Proportional Fitting (IPF)...
IPF converged at iteration 30
IPF row error: 109.826773, col error: 0.000000
IPF converged at iteration 50
IPF row error: 1.330927, col error: 0.000000
Starting Iterative Proportional Fitting (IPF)...
Starting Iterative Proportional Fitting (IPF)...
IPF converged at iteration 29
IPF row error: 88.344311, col error: 0.000000
IPF converged at iteration 30
Starting Iterative Proportional Fitting (IPF)...IPF row error: 83.814557, col error: 0.000000

Starting Iterative Proportional Fitting (IPF)...
IPF converged at iteration 50
IPF row error: 1.316151, col error: 0.000000
Starting Iterative Proportional Fitting (IPF)...
IPF converged at iteration 57
IPF row error: 1.309364, col error: 0.000000
Starting Iterative Proportional Fitting (IPF)...
IPF converged at iteration 29
IPF row error: 98.097540, col error: 0.000000
IPF converged at iteration 29
IPF row error: 96.589248, col error: 0.000000
Starting Iterative Proportional Fitting (IPF)...
Starting Iterative Proportional Fitting (IPF)...
IPF converged at iteration 29
IPF converged at iteration 51
IPF row error: 98.224097, col error: 0.000000
IPF row error: 1.368898, col error: 0.000000
Starting Iterative Proportional Fitting (IPF)...
Starting Iterative Proportional Fitting (IPF)...
IPF converged at iteration 46
IPF row error: 2.659278, col error: 0.000000
IPF converged at iteration 32
IPF row error: 62.673580, col error: 0.000000
Starting Iterative Proportional Fitting (IPF)...
Starting Iterative Proportional Fitting (IPF)...
IPF converged at iteration 29
IPF row error: 145.826693, col error: 0.000000
Starting Iterative Proportional Fitting (IPF)...
IPF converged at iteration 30
IPF row error: 90.309446, col error: 0.000000
  [2023/test] 진행 1380/1750 (78.9%) | 누적 CPC 0.4346 | RMSE 730.3373 | %RMSE 9.9001 | 경과 22.2분 | 예상 남음 5.9분
Starting Iterative Proportional Fitting (IPF)...
IPF converged at iteration 50
IPF row error: 1.359899, col error: 0.000000
Starting Iterative Proportional Fitting (IPF)...
IPF converged at iteration 51
IPF row error: 1.441266, col error: 0.000000
Starting Iterative Proportional Fitting (IPF)...
IPF converged at iteration 28
IPF row error: 108.350242, col error: 0.000000
Starting Iterative Proportional Fitting (IPF)...
IPF converged at iteration 31
IPF row error: 184.405209, col error: 0.000000
Starting Iterative Proportional Fitting (IPF)...
IPF converged at iteration 27
IPF row error: 78.878206, col error: 0.000000
Starting Iterative Proportional Fitting (IPF)...
IPF converged at iteration 29
IPF row error: 121.825267, col error: 0.000000
Starting Iterative Proportional Fitting (IPF)...
IPF converged at iteration 50
IPF row error: 1.359899, col error: 0.000000
Starting Iterative Proportional Fitting (IPF)...
IPF converged at iteration 57
IPF row error: 1.401044, col error: 0.000000
Starting Iterative Proportional Fitting (IPF)...
IPF converged at iteration 50
IPF row error: 1.279468, col error: 0.000000
Starting Iterative Proportional Fitting (IPF)...
IPF converged at iteration 57
IPF row error: 1.330034, col error: 0.000000
IPF converged at iteration 50
Starting Iterative Proportional Fitting (IPF)...
IPF row error: 1.347617, col error: 0.000000
Starting Iterative Proportional Fitting (IPF)...
IPF converged at iteration 50
IPF row error: 5.206052, col error: 0.000000
Starting Iterative Proportional Fitting (IPF)...
IPF converged at iteration 33
IPF row error: 56.264867, col error: 0.000000
Starting Iterative Proportional Fitting (IPF)...
IPF converged at iteration 50
IPF row error: 1.330927, col error: 0.000000
Starting Iterative Proportional Fitting (IPF)...
IPF converged at iteration 57
IPF row error: 1.361231, col error: 0.000000
Starting Iterative Proportional Fitting (IPF)...
IPF converged at iteration 50
IPF row error: 1.330927, col error: 0.000000
IPF converged at iteration 57
IPF row error: 1.361231, col error: 0.000000
Starting Iterative Proportional Fitting (IPF)...
Starting Iterative Proportional Fitting (IPF)...
IPF converged at iteration 32
IPF row error: 65.498821, col error: 0.000000
IPF converged at iteration 57
IPF row error: 1.330034, col error: 0.000000
Starting Iterative Proportional Fitting (IPF)...
Starting Iterative Proportional Fitting (IPF)...
IPF converged at iteration 29
IPF row error: 110.602875, col error: 0.000000
Starting Iterative Proportional Fitting (IPF)...
IPF converged at iteration 45
IPF row error: 3.243327, col error: 0.000000
Starting Iterative Proportional Fitting (IPF)...
IPF converged at iteration 51
IPF row error: 1.441266, col error: 0.000000
Starting Iterative Proportional Fitting (IPF)...
IPF converged at iteration 53
IPF row error: 1.384347, col error: 0.000000
Starting Iterative Proportional Fitting (IPF)...
IPF converged at iteration 29
IPF row error: 94.008656, col error: 0.000000
IPF converged at iteration 28
IPF row error: 114.759579, col error: 0.000000
Starting Iterative Proportional Fitting (IPF)...
Starting Iterative Proportional Fitting (IPF)...
IPF converged at iteration 42
IPF row error: 6.239229, col error: 0.000000
Starting Iterative Proportional Fitting (IPF)...
IPF converged at iteration 42
IPF row error: 6.372834, col error: 0.000000
Starting Iterative Proportional Fitting (IPF)...
IPF converged at iteration 32
IPF row error: 61.942820, col error: 0.000000
Starting Iterative Proportional Fitting (IPF)...
IPF converged at iteration 42
IPF row error: 6.304223, col error: 0.000000
Starting Iterative Proportional Fitting (IPF)...
IPF converged at iteration 53
IPF row error: 1.400549, col error: 0.000000
  [2023/test] 진행 1410/1750 (80.6%) | 누적 CPC 0.4304 | RMSE 754.7509 | %RMSE 10.0688 | 경과 22.7분 | 예상 남음 5.5분
Starting Iterative Proportional Fitting (IPF)...
IPF converged at iteration 29
IPF row error: 26.453162, col error: 0.000000
IPF converged at iteration 42
IPF row error: 6.322933, col error: 0.000000
Starting Iterative Proportional Fitting (IPF)...
IPF converged at iteration 32
Starting Iterative Proportional Fitting (IPF)...
IPF row error: 72.121441, col error: 0.000000
Starting Iterative Proportional Fitting (IPF)...
IPF converged at iteration 27
IPF row error: 190.268170, col error: 0.000000
Starting Iterative Proportional Fitting (IPF)...
IPF converged at iteration 30
IPF row error: 73.294251, col error: 0.000000
IPF converged at iteration 28
IPF row error: 138.949496, col error: 0.000000
Starting Iterative Proportional Fitting (IPF)...
Starting Iterative Proportional Fitting (IPF)...
IPF converged at iteration 42
IPF row error: 6.353575, col error: 0.000000
Starting Iterative Proportional Fitting (IPF)...
IPF converged at iteration 45
IPF row error: 3.248243, col error: 0.000000
Starting Iterative Proportional Fitting (IPF)...
IPF converged at iteration 29
IPF row error: 100.795220, col error: 0.000000
Starting Iterative Proportional Fitting (IPF)...
IPF converged at iteration 29
IPF row error: 87.040984, col error: 0.000000
Starting Iterative Proportional Fitting (IPF)...
IPF converged at iteration 53
IPF row error: 1.374938, col error: 0.000000
Starting Iterative Proportional Fitting (IPF)...
IPF converged at iteration 28
IPF row error: 141.633554, col error: 0.000000
IPF converged at iteration 42
IPF row error: 6.248263, col error: 0.000000
Starting Iterative Proportional Fitting (IPF)...
Starting Iterative Proportional Fitting (IPF)...
IPF converged at iteration 42
IPF row error: 6.353575, col error: 0.000000
Starting Iterative Proportional Fitting (IPF)...
IPF converged at iteration 31
IPF row error: 78.411727, col error: 0.000000
Starting Iterative Proportional Fitting (IPF)...
IPF converged at iteration 42
IPF row error: 6.342305, col error: 0.000000
IPF converged at iteration 42
IPF row error: 6.313593, col error: 0.000000
Starting Iterative Proportional Fitting (IPF)...
Starting Iterative Proportional Fitting (IPF)...
IPF converged at iteration 45
IPF converged at iteration 42
IPF row error: 6.239229, col error: 0.000000
IPF row error: 3.243327, col error: 0.000000
Starting Iterative Proportional Fitting (IPF)...
Starting Iterative Proportional Fitting (IPF)...
IPF converged at iteration 28
IPF row error: 81.381193, col error: 0.000000
Starting Iterative Proportional Fitting (IPF)...
IPF converged at iteration 42
IPF row error: 6.384030, col error: 0.000000
Starting Iterative Proportional Fitting (IPF)...
IPF converged at iteration 34
IPF row error: 40.071192, col error: 0.000000
Starting Iterative Proportional Fitting (IPF)...
IPF converged at iteration 41
IPF row error: 8.805212, col error: 0.000000
Starting Iterative Proportional Fitting (IPF)...
IPF converged at iteration 42
IPF row error: 6.295805, col error: 0.000000
Starting Iterative Proportional Fitting (IPF)...
IPF converged at iteration 34
IPF row error: 41.584399, col error: 0.000000
Starting Iterative Proportional Fitting (IPF)...
IPF converged at iteration 26
IPF row error: 163.814230, col error: 0.000000
Starting Iterative Proportional Fitting (IPF)...
IPF converged at iteration 30
IPF row error: 80.029705, col error: 0.000000
Starting Iterative Proportional Fitting (IPF)...
IPF converged at iteration 50
IPF row error: 5.408630, col error: 0.000000
Starting Iterative Proportional Fitting (IPF)...
IPF converged at iteration 45
IPF converged at iteration 29
IPF row error: 3.247963, col error: 0.000000
IPF row error: 89.481052, col error: 0.000000
  [2023/test] 진행 1440/1750 (82.3%) | 누적 CPC 0.4272 | RMSE 772.4876 | %RMSE 10.1671 | 경과 23.2분 | 예상 남음 5.0분
Starting Iterative Proportional Fitting (IPF)...
Starting Iterative Proportional Fitting (IPF)...
IPF converged at iteration 30
IPF row error: 90.351687, col error: 0.000000
Starting Iterative Proportional Fitting (IPF)...
IPF converged at iteration 45
IPF row error: 3.250367, col error: 0.000000
IPF converged at iteration 27
Starting Iterative Proportional Fitting (IPF)...
IPF row error: 118.118098, col error: 0.000000
Starting Iterative Proportional Fitting (IPF)...
IPF converged at iteration 29
IPF row error: 96.363571, col error: 0.000000
Starting Iterative Proportional Fitting (IPF)...
IPF converged at iteration 53
IPF row error: 1.365786, col error: 0.000000
Starting Iterative Proportional Fitting (IPF)...
IPF converged at iteration 30
IPF row error: 71.910198, col error: 0.000000
Starting Iterative Proportional Fitting (IPF)...
IPF converged at iteration 32
IPF row error: 67.567855, col error: 0.000000
Starting Iterative Proportional Fitting (IPF)...
IPF converged at iteration 31
IPF row error: 78.979557, col error: 0.000000
IPF converged at iteration 29
IPF row error: 113.818569, col error: 0.000000
Starting Iterative Proportional Fitting (IPF)...
Starting Iterative Proportional Fitting (IPF)...
IPF converged at iteration 31
IPF row error: 79.564168, col error: 0.000000
Starting Iterative Proportional Fitting (IPF)...
IPF converged at iteration 42
IPF row error: 6.304223, col error: 0.000000
Starting Iterative Proportional Fitting (IPF)...
IPF converged at iteration 32
IPF row error: 65.745732, col error: 0.000000
IPF converged at iteration 46
IPF row error: 2.607536, col error: 0.000000
Starting Iterative Proportional Fitting (IPF)...
Starting Iterative Proportional Fitting (IPF)...
IPF converged at iteration 31
IPF row error: 73.882426, col error: 0.000000
IPF converged at iteration 51
Starting Iterative Proportional Fitting (IPF)...
IPF row error: 1.211792, col error: 0.000000
Starting Iterative Proportional Fitting (IPF)...
IPF converged at iteration 32
IPF row error: 82.793584, col error: 0.000000
Starting Iterative Proportional Fitting (IPF)...
IPF converged at iteration 29
IPF row error: 80.757929, col error: 0.000000
Starting Iterative Proportional Fitting (IPF)...
IPF converged at iteration 51
IPF row error: 1.213953, col error: 0.000000
Starting Iterative Proportional Fitting (IPF)...
IPF converged at iteration 52
IPF row error: 1.397463, col error: 0.000000
IPF converged at iteration 30
Starting Iterative Proportional Fitting (IPF)...
IPF row error: 82.555239, col error: 0.000000
Starting Iterative Proportional Fitting (IPF)...
IPF converged at iteration 31
IPF row error: 85.766357, col error: 0.000000
Starting Iterative Proportional Fitting (IPF)...
IPF converged at iteration 30
IPF row error: 237.682478, col error: 0.000000
Starting Iterative Proportional Fitting (IPF)...
IPF converged at iteration 28
IPF row error: 143.285290, col error: 0.000000
Starting Iterative Proportional Fitting (IPF)...
IPF converged at iteration 29
IPF row error: 75.240752, col error: 0.000000
Starting Iterative Proportional Fitting (IPF)...
IPF converged at iteration 46
IPF row error: 2.600115, col error: 0.000000
Starting Iterative Proportional Fitting (IPF)...
IPF converged at iteration 46
IPF row error: 2.595290, col error: 0.000000
IPF converged at iteration 33
IPF row error: 38.418531, col error: 0.000000
Starting Iterative Proportional Fitting (IPF)...
Starting Iterative Proportional Fitting (IPF)...
IPF converged at iteration 30
IPF row error: 87.148023, col error: 0.000000
IPF converged at iteration 52
IPF row error: 1.428032, col error: 0.000000
Starting Iterative Proportional Fitting (IPF)...
Starting Iterative Proportional Fitting (IPF)...
IPF converged at iteration 31
IPF row error: 54.769917, col error: 0.000000
  [2023/test] 진행 1470/1750 (84.0%) | 누적 CPC 0.4244 | RMSE 780.8394 | %RMSE 10.2158 | 경과 23.7분 | 예상 남음 4.5분
IPF converged at iteration 46
IPF row error: 2.585770, col error: 0.000000
Starting Iterative Proportional Fitting (IPF)...
Starting Iterative Proportional Fitting (IPF)...
IPF converged at iteration 52
IPF row error: 1.405724, col error: 0.000000
Starting Iterative Proportional Fitting (IPF)...
IPF converged at iteration 52
IPF row error: 1.428032, col error: 0.000000
Starting Iterative Proportional Fitting (IPF)...
IPF converged at iteration 29
IPF row error: 89.513490, col error: 0.000000
Starting Iterative Proportional Fitting (IPF)...
IPF converged at iteration 50
IPF row error: 1.444283, col error: 0.000000
IPF converged at iteration 35
Starting Iterative Proportional Fitting (IPF)...
IPF row error: 35.420955, col error: 0.000000
Starting Iterative Proportional Fitting (IPF)...
IPF converged at iteration 46
IPF row error: 2.594099, col error: 0.000000
Starting Iterative Proportional Fitting (IPF)...
IPF converged at iteration 46
IPF row error: 2.601169, col error: 0.000000
Starting Iterative Proportional Fitting (IPF)...
IPF converged at iteration 33
IPF row error: 53.245267, col error: 0.000000
Starting Iterative Proportional Fitting (IPF)...
IPF converged at iteration 46
IPF row error: 2.585770, col error: 0.000000
Starting Iterative Proportional Fitting (IPF)...
IPF converged at iteration 52
IPF row error: 1.429981, col error: 0.000000
Starting Iterative Proportional Fitting (IPF)...
IPF converged at iteration 29
IPF row error: 93.693354, col error: 0.000000
Starting Iterative Proportional Fitting (IPF)...
IPF converged at iteration 27
IPF row error: 125.782692, col error: 0.000000
Starting Iterative Proportional Fitting (IPF)...
IPF converged at iteration 29
IPF row error: 121.850858, col error: 0.000000
Starting Iterative Proportional Fitting (IPF)...
IPF converged at iteration 46
IPF row error: 2.594060, col error: 0.000000
IPF converged at iteration 31
IPF row error: 82.698153, col error: 0.000000
Starting Iterative Proportional Fitting (IPF)...
IPF converged at iteration 26
Starting Iterative Proportional Fitting (IPF)...
IPF row error: 144.726021, col error: 0.000000
Starting Iterative Proportional Fitting (IPF)...
IPF converged at iteration 32
IPF row error: 91.584733, col error: 0.000000
Starting Iterative Proportional Fitting (IPF)...
IPF converged at iteration 38
IPF row error: 16.489517, col error: 0.000000
Starting Iterative Proportional Fitting (IPF)...
IPF converged at iteration 52
IPF row error: 1.428032, col error: 0.000000
Starting Iterative Proportional Fitting (IPF)...
IPF converged at iteration 46
IPF row error: 2.595128, col error: 0.000000
Starting Iterative Proportional Fitting (IPF)...
IPF converged at iteration 46
IPF row error: 2.550782, col error: 0.000000
Starting Iterative Proportional Fitting (IPF)...
IPF converged at iteration 46
IPF row error: 2.589994, col error: 0.000000
Starting Iterative Proportional Fitting (IPF)...
IPF converged at iteration 52
IPF row error: 1.397463, col error: 0.000000
IPF converged at iteration 46
IPF row error: 2.550782, col error: 0.000000
Starting Iterative Proportional Fitting (IPF)...
Starting Iterative Proportional Fitting (IPF)...
IPF converged at iteration 29
IPF row error: 100.653795, col error: 0.000000
Starting Iterative Proportional Fitting (IPF)...
IPF converged at iteration 29
IPF row error: 100.045082, col error: 0.000000
IPF converged at iteration 31
IPF row error: 78.531362, col error: 0.000000
Starting Iterative Proportional Fitting (IPF)...
Starting Iterative Proportional Fitting (IPF)...
IPF converged at iteration 46
IPF row error: 2.591366, col error: 0.000000
Starting Iterative Proportional Fitting (IPF)...
IPF converged at iteration 30
IPF row error: 92.719741, col error: 0.000000
  [2023/test] 진행 1500/1750 (85.7%) | 누적 CPC 0.4210 | RMSE 787.1679 | %RMSE 10.2569 | 경과 24.1분 | 예상 남음 4.0분
IPF converged at iteration 51
IPF row error: 1.209928, col error: 0.000000
Starting Iterative Proportional Fitting (IPF)...
Starting Iterative Proportional Fitting (IPF)...
IPF converged at iteration 50
IPF row error: 1.224424, col error: 0.000000
Starting Iterative Proportional Fitting (IPF)...
IPF converged at iteration 50
IPF row error: 1.229843, col error: 0.000000
Starting Iterative Proportional Fitting (IPF)...
IPF converged at iteration 29
IPF row error: 104.251696, col error: 0.000000
Starting Iterative Proportional Fitting (IPF)...
IPF converged at iteration 29
IPF row error: 96.243777, col error: 0.000000
IPF converged at iteration 50
IPF row error: 1.221717, col error: 0.000000
Starting Iterative Proportional Fitting (IPF)...
Starting Iterative Proportional Fitting (IPF)...
IPF converged at iteration 50
IPF row error: 1.229843, col error: 0.000000
Starting Iterative Proportional Fitting (IPF)...
IPF converged at iteration 50
IPF row error: 1.226750, col error: 0.000000
Starting Iterative Proportional Fitting (IPF)...
IPF converged at iteration 49
IPF row error: 1.486754, col error: 0.000000
Starting Iterative Proportional Fitting (IPF)...
IPF converged at iteration 55
IPF row error: 1.261614, col error: 0.000000
IPF converged at iteration 30
Starting Iterative Proportional Fitting (IPF)...
IPF row error: 114.030189, col error: 0.000000
Starting Iterative Proportional Fitting (IPF)...
IPF converged at iteration 32
IPF converged at iteration 50
IPF row error: 69.818012, col error: 0.000000
IPF row error: 1.398378, col error: 0.000000
Starting Iterative Proportional Fitting (IPF)...
Starting Iterative Proportional Fitting (IPF)...
IPF converged at iteration 50
IPF row error: 1.228041, col error: 0.000000
IPF converged at iteration 55
IPF row error: 1.237148, col error: 0.000000
Starting Iterative Proportional Fitting (IPF)...
Starting Iterative Proportional Fitting (IPF)...
IPF converged at iteration 50
IPF row error: 1.423029, col error: 0.000000
IPF converged at iteration 50
IPF row error: 1.201879, col error: 0.000000
Starting Iterative Proportional Fitting (IPF)...
IPF converged at iteration 26
IPF row error: 164.348614, col error: 0.000000
Starting Iterative Proportional Fitting (IPF)...
Starting Iterative Proportional Fitting (IPF)...
IPF converged at iteration 32
IPF row error: 62.951962, col error: 0.000000
Starting Iterative Proportional Fitting (IPF)...
IPF converged at iteration 27
IPF converged at iteration 29
IPF row error: 161.919430, col error: 0.000000
IPF row error: 75.523342, col error: 0.000000
Starting Iterative Proportional Fitting (IPF)...
Starting Iterative Proportional Fitting (IPF)...
IPF converged at iteration 29
IPF row error: 81.375661, col error: 0.000000
Starting Iterative Proportional Fitting (IPF)...
IPF converged at iteration 49
IPF row error: 1.483432, col error: 0.000000
Starting Iterative Proportional Fitting (IPF)...
IPF converged at iteration 26
IPF row error: 157.371301, col error: 0.000000
Starting Iterative Proportional Fitting (IPF)...
IPF converged at iteration 32
IPF row error: 68.801979, col error: 0.000000
Starting Iterative Proportional Fitting (IPF)...
IPF converged at iteration 30
IPF row error: 100.609502, col error: 0.000000
Starting Iterative Proportional Fitting (IPF)...
IPF converged at iteration 30
IPF row error: 90.462687, col error: 0.000000
Starting Iterative Proportional Fitting (IPF)...
IPF converged at iteration 29
IPF row error: 107.551716, col error: 0.000000
Starting Iterative Proportional Fitting (IPF)...
IPF converged at iteration 29
IPF row error: 124.427687, col error: 0.000000
Starting Iterative Proportional Fitting (IPF)...
IPF converged at iteration 50
IPF row error: 1.204760, col error: 0.000000
  [2023/test] 진행 1530/1750 (87.4%) | 누적 CPC 0.4171 | RMSE 787.3316 | %RMSE 10.3264 | 경과 24.6분 | 예상 남음 3.5분
Starting Iterative Proportional Fitting (IPF)...
IPF converged at iteration 27
IPF row error: 127.071961, col error: 0.000000
Starting Iterative Proportional Fitting (IPF)...
IPF converged at iteration 32
IPF row error: 66.477785, col error: 0.000000
Starting Iterative Proportional Fitting (IPF)...
IPF converged at iteration 32
IPF row error: 69.633482, col error: 0.000000
Starting Iterative Proportional Fitting (IPF)...
IPF converged at iteration 27
IPF converged at iteration 31
IPF row error: 116.158749, col error: 0.000000
IPF row error: 82.855870, col error: 0.000000
Starting Iterative Proportional Fitting (IPF)...
Starting Iterative Proportional Fitting (IPF)...
IPF converged at iteration 28
IPF row error: 75.482816, col error: 0.000000
IPF converged at iteration 31
Starting Iterative Proportional Fitting (IPF)...
IPF row error: 89.130867, col error: 0.000000
Starting Iterative Proportional Fitting (IPF)...
IPF converged at iteration 43
IPF row error: 5.645945, col error: 0.000000
IPF converged at iteration 54
IPF row error: 1.262978, col error: 0.000000
Starting Iterative Proportional Fitting (IPF)...
Starting Iterative Proportional Fitting (IPF)...
IPF converged at iteration 31
IPF converged at iteration 29
IPF row error: 74.725188, col error: 0.000000
IPF row error: 100.509862, col error: 0.000000
Starting Iterative Proportional Fitting (IPF)...
Starting Iterative Proportional Fitting (IPF)...
IPF converged at iteration 32
IPF row error: 74.995771, col error: 0.000000
Starting Iterative Proportional Fitting (IPF)...
IPF converged at iteration 38
IPF row error: 18.556111, col error: 0.000000
Starting Iterative Proportional Fitting (IPF)...
IPF converged at iteration 25
IPF row error: 188.694060, col error: 0.000000
Starting Iterative Proportional Fitting (IPF)...
IPF converged at iteration 32
IPF row error: 61.744969, col error: 0.000000
Starting Iterative Proportional Fitting (IPF)...
IPF converged at iteration 29
IPF converged at iteration 54
IPF row error: 83.983710, col error: 0.000000
IPF row error: 1.284770, col error: 0.000000
Starting Iterative Proportional Fitting (IPF)...
Starting Iterative Proportional Fitting (IPF)...
IPF converged at iteration 54
IPF row error: 1.262978, col error: 0.000000
Starting Iterative Proportional Fitting (IPF)...
IPF converged at iteration 50
IPF row error: 1.231445, col error: 0.000000
Starting Iterative Proportional Fitting (IPF)...
IPF converged at iteration 42
IPF row error: 7.590593, col error: 0.000000
IPF converged at iteration 45
IPF row error: 3.744863, col error: 0.000000
Starting Iterative Proportional Fitting (IPF)...
Starting Iterative Proportional Fitting (IPF)...
IPF converged at iteration 54
IPF row error: 1.268628, col error: 0.000000
IPF converged at iteration 52
IPF row error: 1.293012, col error: 0.000000
Starting Iterative Proportional Fitting (IPF)...
Starting Iterative Proportional Fitting (IPF)...
IPF converged at iteration 44
IPF row error: 4.769641, col error: 0.000000
Starting Iterative Proportional Fitting (IPF)...
IPF converged at iteration 52
IPF row error: 1.297781, col error: 0.000000
IPF converged at iteration 34
IPF row error: 46.432895, col error: 0.000000
Starting Iterative Proportional Fitting (IPF)...
Starting Iterative Proportional Fitting (IPF)...
IPF converged at iteration 54
IPF row error: 1.269629, col error: 0.000000
Starting Iterative Proportional Fitting (IPF)...
IPF converged at iteration 30
IPF row error: 97.539006, col error: 0.000000
Starting Iterative Proportional Fitting (IPF)...
IPF converged at iteration 52
IPF row error: 1.288054, col error: 0.000000
Starting Iterative Proportional Fitting (IPF)...
IPF converged at iteration 28
IPF row error: 88.264908, col error: 0.000000
  [2023/test] 진행 1560/1750 (89.1%) | 누적 CPC 0.4141 | RMSE 783.2993 | %RMSE 10.3556 | 경과 25.1분 | 예상 남음 3.1분
Starting Iterative Proportional Fitting (IPF)...
IPF converged at iteration 54
IPF row error: 1.263494, col error: 0.000000
Starting Iterative Proportional Fitting (IPF)...
IPF converged at iteration 54
IPF row error: 1.269629, col error: 0.000000
Starting Iterative Proportional Fitting (IPF)...
IPF converged at iteration 40
IPF row error: 10.506211, col error: 0.000000
Starting Iterative Proportional Fitting (IPF)...
IPF converged at iteration 52
IPF row error: 1.291943, col error: 0.000000
Starting Iterative Proportional Fitting (IPF)...
IPF converged at iteration 56
IPF row error: 1.432466, col error: 0.000000
Starting Iterative Proportional Fitting (IPF)...
IPF converged at iteration 30
IPF row error: 100.713745, col error: 0.000000
IPF converged at iteration 27
IPF row error: 135.781483, col error: 0.000000
Starting Iterative Proportional Fitting (IPF)...
Starting Iterative Proportional Fitting (IPF)...
IPF converged at iteration 31
IPF row error: 69.650236, col error: 0.000000
Starting Iterative Proportional Fitting (IPF)...
IPF converged at iteration 56
IPF row error: 1.436842, col error: 0.000000
Starting Iterative Proportional Fitting (IPF)...
IPF converged at iteration 52
IPF row error: 1.301938, col error: 0.000000
Starting Iterative Proportional Fitting (IPF)...
IPF converged at iteration 52
IPF row error: 1.292141, col error: 0.000000
IPF converged at iteration 32
Starting Iterative Proportional Fitting (IPF)...
IPF row error: 69.918423, col error: 0.000000
Starting Iterative Proportional Fitting (IPF)...
IPF converged at iteration 56
IPF row error: 1.436842, col error: 0.000000
Starting Iterative Proportional Fitting (IPF)...
IPF converged at iteration 56
IPF row error: 1.436842, col error: 0.000000
IPF converged at iteration 54
IPF converged at iteration 52
IPF row error: 1.264186, col error: 0.000000
IPF row error: 1.303413, col error: 0.000000
Starting Iterative Proportional Fitting (IPF)...
Starting Iterative Proportional Fitting (IPF)...
Starting Iterative Proportional Fitting (IPF)...
IPF converged at iteration 29
IPF row error: 99.491768, col error: 0.000000
Starting Iterative Proportional Fitting (IPF)...
IPF converged at iteration 52
IPF row error: 1.303413, col error: 0.000000
Starting Iterative Proportional Fitting (IPF)...
IPF converged at iteration 48
IPF row error: 1.843105, col error: 0.000000
Starting Iterative Proportional Fitting (IPF)...
IPF converged at iteration 52
IPF row error: 1.308455, col error: 0.000000
Starting Iterative Proportional Fitting (IPF)...
IPF converged at iteration 31
IPF row error: 175.006875, col error: 0.000000
Starting Iterative Proportional Fitting (IPF)...
IPF converged at iteration 54
IPF row error: 1.248293, col error: 0.000000
Starting Iterative Proportional Fitting (IPF)...
IPF converged at iteration 56
IPF row error: 1.443579, col error: 0.000000
Starting Iterative Proportional Fitting (IPF)...
IPF converged at iteration 56
IPF row error: 1.432466, col error: 0.000000
IPF converged at iteration 27
Starting Iterative Proportional Fitting (IPF)...
IPF row error: 121.585040, col error: 0.000000
Starting Iterative Proportional Fitting (IPF)...
IPF converged at iteration 54
IPF row error: 1.263494, col error: 0.000000
Starting Iterative Proportional Fitting (IPF)...
IPF converged at iteration 29
IPF row error: 7.170365, col error: 0.000000
IPF converged at iteration 29
Starting Iterative Proportional Fitting (IPF)...
IPF row error: 90.117769, col error: 0.000000
Starting Iterative Proportional Fitting (IPF)...
IPF converged at iteration 25
IPF row error: 61.191828, col error: 0.000000
IPF converged at iteration 52
Starting Iterative Proportional Fitting (IPF)...
IPF row error: 1.293451, col error: 0.000000
  [2023/test] 진행 1590/1750 (90.9%) | 누적 CPC 0.4103 | RMSE 773.5856 | %RMSE 10.3094 | 경과 25.7분 | 예상 남음 2.6분
Starting Iterative Proportional Fitting (IPF)...
IPF converged at iteration 37
IPF row error: 22.776490, col error: 0.000000
Starting Iterative Proportional Fitting (IPF)...
IPF converged at iteration 54
IPF row error: 1.260916, col error: 0.000000
Starting Iterative Proportional Fitting (IPF)...
IPF converged at iteration 52
IPF row error: 1.299298, col error: 0.000000
Starting Iterative Proportional Fitting (IPF)...
IPF converged at iteration 52
IPF row error: 1.292064, col error: 0.000000
Starting Iterative Proportional Fitting (IPF)...
IPF converged at iteration 28
IPF row error: 168.385654, col error: 0.000000
Starting Iterative Proportional Fitting (IPF)...
IPF converged at iteration 54
IPF row error: 1.248645, col error: 0.000000
Starting Iterative Proportional Fitting (IPF)...
IPF converged at iteration 56
IPF row error: 1.443579, col error: 0.000000
Starting Iterative Proportional Fitting (IPF)...
IPF converged at iteration 52
IPF row error: 1.298694, col error: 0.000000
Starting Iterative Proportional Fitting (IPF)...
IPF converged at iteration 52
IPF row error: 1.303413, col error: 0.000000
Starting Iterative Proportional Fitting (IPF)...
IPF converged at iteration 28
IPF row error: 93.879067, col error: 0.000000
Starting Iterative Proportional Fitting (IPF)...
IPF converged at iteration 52
IPF row error: 1.297781, col error: 0.000000
Starting Iterative Proportional Fitting (IPF)...
IPF converged at iteration 31
IPF row error: 91.751649, col error: 0.000000
Starting Iterative Proportional Fitting (IPF)...
IPF converged at iteration 31IPF converged at iteration 52

IPF row error: 79.974488, col error: 0.000000
IPF row error: 1.227822, col error: 0.000000
Starting Iterative Proportional Fitting (IPF)...
Starting Iterative Proportional Fitting (IPF)...
IPF converged at iteration 52
IPF row error: 1.316304, col error: 0.000000
Starting Iterative Proportional Fitting (IPF)...
IPF converged at iteration 30
IPF row error: 81.269173, col error: 0.000000
Starting Iterative Proportional Fitting (IPF)...
IPF converged at iteration 52
IPF row error: 1.319888, col error: 0.000000
Starting Iterative Proportional Fitting (IPF)...
IPF converged at iteration 56
IPF row error: 1.298794, col error: 0.000000
Starting Iterative Proportional Fitting (IPF)...
IPF converged at iteration 31
IPF row error: 81.165210, col error: 0.000000
Starting Iterative Proportional Fitting (IPF)...
IPF converged at iteration 46
IPF row error: 2.845114, col error: 0.000000
Starting Iterative Proportional Fitting (IPF)...
IPF converged at iteration 46
IPF row error: 2.867804, col error: 0.000000
IPF converged at iteration 28
IPF row error: 185.978636, col error: 0.000000
Starting Iterative Proportional Fitting (IPF)...
Starting Iterative Proportional Fitting (IPF)...
IPF converged at iteration 31
IPF row error: 80.252824, col error: 0.000000
Starting Iterative Proportional Fitting (IPF)...
IPF converged at iteration 47
IPF row error: 2.393198, col error: 0.000000
Starting Iterative Proportional Fitting (IPF)...
IPF converged at iteration 30
IPF row error: 87.280011, col error: 0.000000
IPF converged at iteration 47
IPF row error: 2.363202, col error: 0.000000
IPF converged at iteration 46
Starting Iterative Proportional Fitting (IPF)...
IPF row error: 2.880189, col error: 0.000000
Starting Iterative Proportional Fitting (IPF)...
Starting Iterative Proportional Fitting (IPF)...
IPF converged at iteration 31
IPF row error: 59.273477, col error: 0.000000
IPF converged at iteration 40
IPF row error: 12.255436, col error: 0.000000
IPF converged at iteration 30
IPF row error: 150.099941, col error: 0.000000
  [2023/test] 진행 1620/1750 (92.6%) | 누적 CPC 0.4089 | RMSE 767.6951 | %RMSE 10.2977 | 경과 26.6분 | 예상 남음 2.1분
IPF converged at iteration 31
Starting Iterative Proportional Fitting (IPF)...
IPF row error: 95.495604, col error: 0.000000
Starting Iterative Proportional Fitting (IPF)...
Starting Iterative Proportional Fitting (IPF)...
Starting Iterative Proportional Fitting (IPF)...
IPF converged at iteration 47
IPF row error: 2.321737, col error: 0.000000
Starting Iterative Proportional Fitting (IPF)...
IPF converged at iteration 49
IPF row error: 1.486899, col error: 0.000000
IPF converged at iteration 51
IPF row error: 1.437478, col error: 0.000000
IPF converged at iteration 52
Starting Iterative Proportional Fitting (IPF)...
IPF row error: 1.246379, col error: 0.000000
Starting Iterative Proportional Fitting (IPF)...
Starting Iterative Proportional Fitting (IPF)...
IPF converged at iteration 32
IPF row error: 32.254703, col error: 0.000000
IPF converged at iteration 31
IPF row error: 92.726422, col error: 0.000000
Starting Iterative Proportional Fitting (IPF)...
Starting Iterative Proportional Fitting (IPF)...
IPF converged at iteration 46
IPF row error: 2.865967, col error: 0.000000
Starting Iterative Proportional Fitting (IPF)...
IPF converged at iteration 47
IPF row error: 2.773301, col error: 0.000000
Starting Iterative Proportional Fitting (IPF)...
IPF converged at iteration 33
IPF row error: 57.975285, col error: 0.000000
IPF converged at iteration 47
IPF row error: 2.366038, col error: 0.000000
Starting Iterative Proportional Fitting (IPF)...
IPF converged at iteration 49
IPF row error: 1.466879, col error: 0.000000
Starting Iterative Proportional Fitting (IPF)...
Starting Iterative Proportional Fitting (IPF)...
IPF converged at iteration 56
IPF row error: 1.238541, col error: 0.000000
Starting Iterative Proportional Fitting (IPF)...
IPF converged at iteration 44
IPF row error: 4.577109, col error: 0.000000
Starting Iterative Proportional Fitting (IPF)...
IPF converged at iteration 56
IPF row error: 1.287326, col error: 0.000000
Starting Iterative Proportional Fitting (IPF)...
IPF converged at iteration 55
IPF row error: 1.432110, col error: 0.000000
Starting Iterative Proportional Fitting (IPF)...
IPF converged at iteration 52
IPF row error: 1.349208, col error: 0.000000
Starting Iterative Proportional Fitting (IPF)...
IPF converged at iteration 31
IPF row error: 81.233929, col error: 0.000000
Starting Iterative Proportional Fitting (IPF)...
IPF converged at iteration 31
IPF row error: 78.935036, col error: 0.000000
Starting Iterative Proportional Fitting (IPF)...
IPF converged at iteration 49
IPF row error: 1.482508, col error: 0.000000
Starting Iterative Proportional Fitting (IPF)...
IPF converged at iteration 47
IPF row error: 2.766679, col error: 0.000000
Starting Iterative Proportional Fitting (IPF)...
IPF converged at iteration 37
IPF converged at iteration 52
IPF row error: 24.953862, col error: 0.000000
IPF row error: 1.219883, col error: 0.000000
Starting Iterative Proportional Fitting (IPF)...
Starting Iterative Proportional Fitting (IPF)...
IPF converged at iteration 29
IPF row error: 96.260441, col error: 0.000000
Starting Iterative Proportional Fitting (IPF)...
IPF converged at iteration 27
IPF row error: 239.047694, col error: 0.000000
Starting Iterative Proportional Fitting (IPF)...
IPF converged at iteration 30
IPF row error: 86.009989, col error: 0.000000
Starting Iterative Proportional Fitting (IPF)...
IPF converged at iteration 46
IPF row error: 2.830969, col error: 0.000000
Starting Iterative Proportional Fitting (IPF)...
IPF converged at iteration 52
IPF row error: 1.315685, col error: 0.000000
Starting Iterative Proportional Fitting (IPF)...
IPF converged at iteration 44
IPF row error: 4.764190, col error: 0.000000
IPF converged at iteration 28
IPF row error: 122.886993, col error: 0.000000
  [2023/test] 진행 1650/1750 (94.3%) | 누적 CPC 0.4079 | RMSE 765.1566 | %RMSE 10.3202 | 경과 27.2분 | 예상 남음 1.7분
Starting Iterative Proportional Fitting (IPF)...
Starting Iterative Proportional Fitting (IPF)...
IPF converged at iteration 32
IPF row error: 74.130782, col error: 0.000000
Starting Iterative Proportional Fitting (IPF)...
IPF converged at iteration 43
IPF row error: 5.188261, col error: 0.000000
Starting Iterative Proportional Fitting (IPF)...
IPF converged at iteration 53
IPF row error: 1.312896, col error: 0.000000
IPF converged at iteration 48
IPF row error: 1.859822, col error: 0.000000
Starting Iterative Proportional Fitting (IPF)...
Starting Iterative Proportional Fitting (IPF)...
IPF converged at iteration 48
IPF row error: 1.788762, col error: 0.000000
Starting Iterative Proportional Fitting (IPF)...
IPF converged at iteration 32
IPF row error: 69.241280, col error: 0.000000
Starting Iterative Proportional Fitting (IPF)...
IPF converged at iteration 48
IPF row error: 1.788151, col error: 0.000000
IPF converged at iteration 53
IPF row error: 1.312896, col error: 0.000000
Starting Iterative Proportional Fitting (IPF)...
Starting Iterative Proportional Fitting (IPF)...
IPF converged at iteration 48
IPF row error: 1.765861, col error: 0.000000
Starting Iterative Proportional Fitting (IPF)...
IPF converged at iteration 31
IPF converged at iteration 30
IPF row error: 85.099904, col error: 0.000000
IPF row error: 69.678262, col error: 0.000000
IPF converged at iteration 48
IPF row error: 1.787358, col error: 0.000000
Starting Iterative Proportional Fitting (IPF)...
Starting Iterative Proportional Fitting (IPF)...
Starting Iterative Proportional Fitting (IPF)...
IPF converged at iteration 29
IPF row error: 125.529335, col error: 0.000000
Starting Iterative Proportional Fitting (IPF)...
IPF converged at iteration 37
IPF row error: 19.217420, col error: 0.000000
Starting Iterative Proportional Fitting (IPF)...
IPF converged at iteration 44
IPF row error: 4.439692, col error: 0.000000
IPF converged at iteration 27
IPF row error: 39.112114, col error: 0.000000
Starting Iterative Proportional Fitting (IPF)...
Starting Iterative Proportional Fitting (IPF)...
IPF converged at iteration 48
IPF row error: 1.794307, col error: 0.000000
Starting Iterative Proportional Fitting (IPF)...
IPF converged at iteration 31
IPF row error: 65.398945, col error: 0.000000
Starting Iterative Proportional Fitting (IPF)...
IPF converged at iteration 30
IPF row error: 90.883235, col error: 0.000000
IPF converged at iteration 30
IPF row error: 95.116964, col error: 0.000000
Starting Iterative Proportional Fitting (IPF)...
Starting Iterative Proportional Fitting (IPF)...
IPF converged at iteration 53
IPF row error: 1.299640, col error: 0.000000
Starting Iterative Proportional Fitting (IPF)...
IPF converged at iteration 24
IPF row error: 159.933004, col error: 0.000000
Starting Iterative Proportional Fitting (IPF)...
IPF converged at iteration 31
IPF row error: 91.448921, col error: 0.000000
Starting Iterative Proportional Fitting (IPF)...
IPF converged at iteration 48
IPF row error: 1.788762, col error: 0.000000
Starting Iterative Proportional Fitting (IPF)...
IPF converged at iteration 23
IPF row error: 83.100691, col error: 0.000000
Starting Iterative Proportional Fitting (IPF)...
IPF converged at iteration 32
IPF row error: 55.766575, col error: 0.000000
Starting Iterative Proportional Fitting (IPF)...
IPF converged at iteration 31
IPF row error: 182.281650, col error: 0.000000
Starting Iterative Proportional Fitting (IPF)...
IPF converged at iteration 48
IPF row error: 1.747786, col error: 0.000000
Starting Iterative Proportional Fitting (IPF)...
IPF converged at iteration 29
IPF converged at iteration 44
IPF row error: 88.778376, col error: 0.000000
IPF row error: 4.567141, col error: 0.000000
  [2023/test] 진행 1680/1750 (96.0%) | 누적 CPC 0.4053 | RMSE 767.6609 | %RMSE 10.3533 | 경과 27.8분 | 예상 남음 1.2분
Starting Iterative Proportional Fitting (IPF)...
Starting Iterative Proportional Fitting (IPF)...
IPF converged at iteration 24
IPF row error: 60.688559, col error: 0.000000
Starting Iterative Proportional Fitting (IPF)...
IPF converged at iteration 30
IPF row error: 89.945450, col error: 0.000000
IPF converged at iteration 53
IPF row error: 1.299640, col error: 0.000000
Starting Iterative Proportional Fitting (IPF)...
Starting Iterative Proportional Fitting (IPF)...
IPF converged at iteration 44
IPF row error: 4.539420, col error: 0.000000
Starting Iterative Proportional Fitting (IPF)...
IPF converged at iteration 32
IPF row error: 70.155698, col error: 0.000000
IPF converged at iteration 32
Starting Iterative Proportional Fitting (IPF)...
IPF row error: 75.181027, col error: 0.000000
IPF converged at iteration 49
IPF row error: 1.449583, col error: 0.000000
Starting Iterative Proportional Fitting (IPF)...
Starting Iterative Proportional Fitting (IPF)...
IPF converged at iteration 48
IPF row error: 1.859822, col error: 0.000000
Starting Iterative Proportional Fitting (IPF)...
IPF converged at iteration 30
IPF converged at iteration 28
IPF row error: 90.961044, col error: 0.000000
IPF row error: 86.372332, col error: 0.000000
Starting Iterative Proportional Fitting (IPF)...
Starting Iterative Proportional Fitting (IPF)...
IPF converged at iteration 48
IPF row error: 1.859123, col error: 0.000000
Starting Iterative Proportional Fitting (IPF)...
IPF converged at iteration 31
IPF row error: 78.501681, col error: 0.000000
Starting Iterative Proportional Fitting (IPF)...
IPF converged at iteration 49
IPF row error: 1.439643, col error: 0.000000
Starting Iterative Proportional Fitting (IPF)...
IPF converged at iteration 48
IPF row error: 1.875028, col error: 0.000000
Starting Iterative Proportional Fitting (IPF)...
IPF converged at iteration 30
IPF row error: 99.962684, col error: 0.000000
Starting Iterative Proportional Fitting (IPF)...
IPF converged at iteration 53
IPF row error: 1.299640, col error: 0.000000
Starting Iterative Proportional Fitting (IPF)...
IPF converged at iteration 30
IPF row error: 89.312820, col error: 0.000000
Starting Iterative Proportional Fitting (IPF)...
IPF converged at iteration 48
IPF row error: 1.797506, col error: 0.000000
Starting Iterative Proportional Fitting (IPF)...
IPF converged at iteration 32
IPF row error: 66.959841, col error: 0.000000
IPF converged at iteration 30
IPF row error: 87.298830, col error: 0.000000
Starting Iterative Proportional Fitting (IPF)...
Starting Iterative Proportional Fitting (IPF)...
IPF converged at iteration 45
IPF row error: 3.092417, col error: 0.000000
Starting Iterative Proportional Fitting (IPF)...
IPF converged at iteration 51
IPF row error: 1.418623, col error: 0.000000
IPF converged at iteration 41
IPF row error: 7.595228, col error: 0.000000
Starting Iterative Proportional Fitting (IPF)...
Starting Iterative Proportional Fitting (IPF)...
IPF converged at iteration 51
IPF row error: 1.429715, col error: 0.000000
Starting Iterative Proportional Fitting (IPF)...
IPF converged at iteration 29
IPF row error: 69.830026, col error: 0.000000
Starting Iterative Proportional Fitting (IPF)...
IPF converged at iteration 27
IPF row error: 142.873950, col error: 0.000000
Starting Iterative Proportional Fitting (IPF)...
IPF converged at iteration 45
IPF row error: 3.083043, col error: 0.000000
IPF converged at iteration 32
Starting Iterative Proportional Fitting (IPF)...
IPF row error: 65.834997, col error: 0.000000
Starting Iterative Proportional Fitting (IPF)...
IPF converged at iteration 45
IPF row error: 3.152115, col error: 0.000000
Starting Iterative Proportional Fitting (IPF)...
IPF converged at iteration 45
IPF row error: 3.089201, col error: 0.000000
  [2023/test] 진행 1710/1750 (97.7%) | 누적 CPC 0.4036 | RMSE 777.7310 | %RMSE 10.4279 | 경과 28.3분 | 예상 남음 0.7분
Starting Iterative Proportional Fitting (IPF)...
IPF converged at iteration 28
IPF row error: 120.372006, col error: 0.000000
Starting Iterative Proportional Fitting (IPF)...
IPF converged at iteration 50
IPF row error: 1.383612, col error: 0.000000
Starting Iterative Proportional Fitting (IPF)...
IPF converged at iteration 51
IPF row error: 1.415664, col error: 0.000000
IPF converged at iteration 27
IPF row error: 115.973513, col error: 0.000000
Starting Iterative Proportional Fitting (IPF)...
Starting Iterative Proportional Fitting (IPF)...
IPF converged at iteration 42
IPF row error: 7.008492, col error: 0.000000
Starting Iterative Proportional Fitting (IPF)...
IPF converged at iteration 41
IPF row error: 7.544485, col error: 0.000000
Starting Iterative Proportional Fitting (IPF)...
IPF converged at iteration 50
IPF row error: 1.334338, col error: 0.000000IPF converged at iteration 46

IPF row error: 2.515115, col error: 0.000000
Starting Iterative Proportional Fitting (IPF)...
Starting Iterative Proportional Fitting (IPF)...
IPF converged at iteration 29
IPF row error: 105.849957, col error: 0.000000
Starting Iterative Proportional Fitting (IPF)...
IPF converged at iteration 32
IPF row error: 60.127044, col error: 0.000000
IPF converged at iteration 29
IPF row error: 89.902802, col error: 0.000000
IPF converged at iteration 31
Starting Iterative Proportional Fitting (IPF)...
IPF row error: 76.229757, col error: 0.000000
Starting Iterative Proportional Fitting (IPF)...
Starting Iterative Proportional Fitting (IPF)...
IPF converged at iteration 39
IPF row error: 12.439500, col error: 0.000000
Starting Iterative Proportional Fitting (IPF)...
IPF converged at iteration 30
IPF row error: 63.991620, col error: 0.000000
IPF converged at iteration 28
IPF converged at iteration 30
IPF row error: 124.530695, col error: 0.000000
IPF row error: 77.895473, col error: 0.000000
Starting Iterative Proportional Fitting (IPF)...
Starting Iterative Proportional Fitting (IPF)...
Starting Iterative Proportional Fitting (IPF)...
IPF converged at iteration 30
IPF row error: 81.430924, col error: 0.000000
IPF converged at iteration 29
IPF row error: 77.242090, col error: 0.000000
Starting Iterative Proportional Fitting (IPF)...
Starting Iterative Proportional Fitting (IPF)...
IPF converged at iteration 50
IPF row error: 1.338975, col error: 0.000000
Starting Iterative Proportional Fitting (IPF)...
IPF converged at iteration 46
IPF row error: 2.534362, col error: 0.000000
Starting Iterative Proportional Fitting (IPF)...
IPF converged at iteration 30
IPF row error: 21.730744, col error: 0.000000
Starting Iterative Proportional Fitting (IPF)...
IPF converged at iteration 29
IPF row error: 201.131919, col error: 0.000000
Starting Iterative Proportional Fitting (IPF)...
IPF converged at iteration 45
IPF row error: 3.098338, col error: 0.000000
IPF converged at iteration 26
IPF row error: 149.578722, col error: 0.000000
Starting Iterative Proportional Fitting (IPF)...
Starting Iterative Proportional Fitting (IPF)...
IPF converged at iteration 41
IPF row error: 7.701873, col error: 0.000000
Starting Iterative Proportional Fitting (IPF)...
IPF converged at iteration 30
IPF row error: 77.732952, col error: 0.000000
Starting Iterative Proportional Fitting (IPF)...
IPF converged at iteration 50
IPF row error: 1.408270, col error: 0.000000
IPF converged at iteration 46
IPF row error: 2.521261, col error: 0.000000
Starting Iterative Proportional Fitting (IPF)...
Starting Iterative Proportional Fitting (IPF)...
IPF converged at iteration 43
IPF row error: 5.351422, col error: 0.000000
IPF converged at iteration 41
IPF row error: 7.770174, col error: 0.000000
  [2023/test] 진행 1740/1750 (99.4%) | 누적 CPC 0.4019 | RMSE 805.4976 | %RMSE 10.5948 | 경과 28.9분 | 예상 남음 0.2분
Starting Iterative Proportional Fitting (IPF)...
Starting Iterative Proportional Fitting (IPF)...
IPF converged at iteration 32
IPF row error: 69.836112, col error: 0.000000
Starting Iterative Proportional Fitting (IPF)...
IPF converged at iteration 41
IPF row error: 7.596156, col error: 0.000000
Starting Iterative Proportional Fitting (IPF)...
IPF converged at iteration 31
IPF row error: 71.766534, col error: 0.000000
Starting Iterative Proportional Fitting (IPF)...
IPF converged at iteration 30
IPF row error: 78.480321, col error: 0.000000
Starting Iterative Proportional Fitting (IPF)...
IPF converged at iteration 46
IPF row error: 2.569867, col error: 0.000000
Starting Iterative Proportional Fitting (IPF)...
IPF converged at iteration 28
IPF row error: 96.053633, col error: 0.000000
IPF converged at iteration 50
IPF row error: 1.338975, col error: 0.000000
Starting Iterative Proportional Fitting (IPF)...
IPF converged at iteration 41
IPF row error: 7.681193, col error: 0.000000
IPF converged at iteration 45
IPF row error: 3.110515, col error: 0.000000
IPF converged at iteration 32
IPF row error: 47.108522, col error: 0.000000
  [2023/test] 진행 1750/1750 (100.0%) | 누적 CPC 0.4010 | RMSE 814.9801 | %RMSE 10.6498 | 경과 29.0분 | 예상 남음 0.0분
  [2023/test] 완료: 1750/1750
1. 절대 모델의 구조와 하이퍼파라미터를 test가 좋아지는 방향으로 하지 말 것. -> val이 좋아지는 방향으로 조정
2. 모델의 성능이 좋아지는 게 목적이 아니라 기존 방식을 잘 재현하는게 목적이야.

===연도별===

=== task별 종합 성능 (모든 도시) ===
[year=2023, split=test, task=0] (n=350) CPC=0.6427±0.0939  RMSE=371.4713±308.4784  %RMSE=6.7970±3.4286
[year=2023, split=test, task=1] (n=350) CPC=0.6395±0.0927  RMSE=347.2151±255.7705  %RMSE=6.4525±2.8033
[year=2023, split=test, task=2] (n=350) CPC=0.2951±0.0874  RMSE=1053.7602±713.9784  %RMSE=13.1745±3.9394
[year=2023, split=test, task=3] (n=350) CPC=0.1488±0.1020  RMSE=1222.8540±565.1469  %RMSE=13.7293±3.4945
[year=2023, split=test, task=4] (n=350) CPC=0.2787±0.1147  RMSE=1079.6001±719.5278  %RMSE=13.0957±3.9111

=== task/도시별 성능 ===
[year=2023, split=test, task=0, city=감일동] (n=50) CPC=0.4394±0.0000  RMSE=204.1243±0.0000  %RMSE=7.1089±0.0000
[year=2023, split=test, task=0, city=다산] (n=50) CPC=0.7592±0.0000  RMSE=230.7982±0.0000  %RMSE=3.3007±0.0000
[year=2023, split=test, task=0, city=랜덤1] (n=50) CPC=0.6874±0.0000  RMSE=195.7017±0.0000  %RMSE=4.9649±0.0000
[year=2023, split=test, task=0, city=랜덤2] (n=50) CPC=0.6421±0.0000  RMSE=356.9518±0.0000  %RMSE=7.0253±0.0000
[year=2023, split=test, task=0, city=랜덤3] (n=50) CPC=0.6055±0.0000  RMSE=1115.7359±0.0000  %RMSE=14.6366±0.0000
[year=2023, split=test, task=0, city=미사] (n=50) CPC=0.6928±0.0000  RMSE=287.4549±0.0000  %RMSE=4.8013±0.0000
[year=2023, split=test, task=0, city=배곧] (n=50) CPC=0.6727±0.0000  RMSE=209.5319±0.0000  %RMSE=5.7415±0.0000
[year=2023, split=test, task=1, city=감일동] (n=50) CPC=0.4345±0.0088  RMSE=206.2596±5.0147  %RMSE=7.1228±0.0838
[year=2023, split=test, task=1, city=다산] (n=50) CPC=0.7464±0.0179  RMSE=234.8771±35.5515  %RMSE=3.3297±0.4792
[year=2023, split=test, task=1, city=랜덤1] (n=50) CPC=0.6853±0.0077  RMSE=197.6581±8.5843  %RMSE=4.9921±0.1687
[year=2023, split=test, task=1, city=랜덤2] (n=50) CPC=0.6409±0.0063  RMSE=353.2475±8.2026  %RMSE=6.9176±0.1738
[year=2023, split=test, task=1, city=랜덤3] (n=50) CPC=0.6128±0.0103  RMSE=946.3939±138.7846  %RMSE=12.3701±1.8678
[year=2023, split=test, task=1, city=미사] (n=50) CPC=0.6877±0.0086  RMSE=282.2886±14.9616  %RMSE=4.6987±0.2586
[year=2023, split=test, task=1, city=배곧] (n=50) CPC=0.6687±0.0064  RMSE=209.7813±2.0156  %RMSE=5.7366±0.0543
[year=2023, split=test, task=2, city=감일동] (n=50) CPC=0.2585±0.0535  RMSE=238.9286±19.3658  %RMSE=7.4583±0.5793
[year=2023, split=test, task=2, city=다산] (n=50) CPC=0.2918±0.0902  RMSE=1574.8968±270.9748  %RMSE=14.9097±2.0146
[year=2023, split=test, task=2, city=랜덤1] (n=50) CPC=0.3720±0.0698  RMSE=581.4135±108.7604  %RMSE=11.6422±1.7702
[year=2023, split=test, task=2, city=랜덤2] (n=50) CPC=0.2958±0.0700  RMSE=822.2010±177.7949  %RMSE=12.1407±2.0085
[year=2023, split=test, task=2, city=랜덤3] (n=50) CPC=0.3104±0.0808  RMSE=2409.8999±486.3625  %RMSE=20.0325±2.4735
[year=2023, split=test, task=2, city=미사] (n=50) CPC=0.2433±0.0795  RMSE=1055.0420±136.1422  %RMSE=12.1044±0.8838
[year=2023, split=test, task=2, city=배곧] (n=50) CPC=0.2942±0.0986  RMSE=693.9393±123.2008  %RMSE=13.9335±1.5216
[year=2023, split=test, task=3, city=감일동] (n=50) CPC=0.0716±0.0009  RMSE=269.9780±1.3551  %RMSE=7.4268±0.0431
[year=2023, split=test, task=3, city=다산] (n=50) CPC=0.0943±0.0007  RMSE=1569.9739±1.1487  %RMSE=15.3652±0.0890
[year=2023, split=test, task=3, city=랜덤1] (n=50) CPC=0.2630±0.0945  RMSE=867.2774±242.5941  %RMSE=12.5371±1.2327
[year=2023, split=test, task=3, city=랜덤2] (n=50) CPC=0.1263±0.0673  RMSE=1438.2043±320.8556  %RMSE=13.9177±0.9530
[year=2023, split=test, task=3, city=랜덤3] (n=50) CPC=0.2452±0.1345  RMSE=1974.9267±431.4262  %RMSE=19.1490±3.0032
[year=2023, split=test, task=3, city=미사] (n=50) CPC=0.0974±0.0009  RMSE=1387.4147±2.5393  %RMSE=14.0504±0.0935
[year=2023, split=test, task=3, city=배곧] (n=50) CPC=0.1435±0.0827  RMSE=1052.2030±254.3783  %RMSE=13.6585±0.8242
[year=2023, split=test, task=4, city=감일동] (n=50) CPC=0.2129±0.0846  RMSE=265.3723±50.8405  %RMSE=7.7813±0.6797
[year=2023, split=test, task=4, city=다산] (n=50) CPC=0.2855±0.1159  RMSE=1577.2630±395.1483  %RMSE=14.5659±2.4010
[year=2023, split=test, task=4, city=랜덤1] (n=50) CPC=0.3732±0.1142  RMSE=595.8853±178.4451  %RMSE=11.1710±2.1589
[year=2023, split=test, task=4, city=랜덤2] (n=50) CPC=0.2750±0.1156  RMSE=910.2142±290.8393  %RMSE=12.1143±1.9458
[year=2023, split=test, task=4, city=랜덤3] (n=50) CPC=0.2973±0.1031  RMSE=2363.9239±535.2136  %RMSE=20.0607±1.9478
[year=2023, split=test, task=4, city=미사] (n=50) CPC=0.2625±0.1017  RMSE=1071.4744±337.2717  %RMSE=11.9879±1.4280
[year=2023, split=test, task=4, city=배곧] (n=50) CPC=0.2440±0.0948  RMSE=773.0679±178.4847  %RMSE=13.9885±0.9797

=== 도시별 성능 (모든 task) ===
[year=2023, split=test, city=감일동] (n=250) CPC=0.2834±0.1468  RMSE=236.9326±37.1720  %RMSE=7.3796±0.4723
[year=2023, split=test, city=다산] (n=250) CPC=0.4355±0.2767  RMSE=1037.5618±691.2993  %RMSE=10.2943±5.8778
[year=2023, split=test, city=랜덤1] (n=250) CPC=0.4762±0.1909  RMSE=487.5872±295.4825  %RMSE=9.0614±3.6297
[year=2023, split=test, city=랜덤2] (n=250) CPC=0.3960±0.2194  RMSE=776.1638±454.3561  %RMSE=10.4231±3.1817
[year=2023, split=test, city=랜덤3] (n=250) CPC=0.4143±0.1813  RMSE=1762.1761±726.4553  %RMSE=17.2498±3.8029
[year=2023, split=test, city=미사] (n=250) CPC=0.3968±0.2531  RMSE=816.7349±478.6743  %RMSE=9.5285±4.0423
[year=2023, split=test, city=배곧] (n=250) CPC=0.4046±0.2338  RMSE=587.7047±363.0406  %RMSE=10.6117±4.0783

===연도 종합===

=== task별 종합 성능 (모든 도시) ===
[split=test, task=0] (n=350) CPC=0.6427±0.0939  RMSE=371.4713±308.4784  %RMSE=6.7970±3.4286
[split=test, task=1] (n=350) CPC=0.6395±0.0927  RMSE=347.2151±255.7705  %RMSE=6.4525±2.8033
[split=test, task=2] (n=350) CPC=0.2951±0.0874  RMSE=1053.7602±713.9784  %RMSE=13.1745±3.9394
[split=test, task=3] (n=350) CPC=0.1488±0.1020  RMSE=1222.8540±565.1469  %RMSE=13.7293±3.4945
[split=test, task=4] (n=350) CPC=0.2787±0.1147  RMSE=1079.6001±719.5278  %RMSE=13.0957±3.9111

=== task/도시별 성능 ===
[split=test, task=0, city=감일동] (n=50) CPC=0.4394±0.0000  RMSE=204.1243±0.0000  %RMSE=7.1089±0.0000
[split=test, task=0, city=다산] (n=50) CPC=0.7592±0.0000  RMSE=230.7982±0.0000  %RMSE=3.3007±0.0000
[split=test, task=0, city=랜덤1] (n=50) CPC=0.6874±0.0000  RMSE=195.7017±0.0000  %RMSE=4.9649±0.0000
[split=test, task=0, city=랜덤2] (n=50) CPC=0.6421±0.0000  RMSE=356.9518±0.0000  %RMSE=7.0253±0.0000
[split=test, task=0, city=랜덤3] (n=50) CPC=0.6055±0.0000  RMSE=1115.7359±0.0000  %RMSE=14.6366±0.0000
[split=test, task=0, city=미사] (n=50) CPC=0.6928±0.0000  RMSE=287.4549±0.0000  %RMSE=4.8013±0.0000
[split=test, task=0, city=배곧] (n=50) CPC=0.6727±0.0000  RMSE=209.5319±0.0000  %RMSE=5.7415±0.0000
[split=test, task=1, city=감일동] (n=50) CPC=0.4345±0.0088  RMSE=206.2596±5.0147  %RMSE=7.1228±0.0838
[split=test, task=1, city=다산] (n=50) CPC=0.7464±0.0179  RMSE=234.8771±35.5515  %RMSE=3.3297±0.4792
[split=test, task=1, city=랜덤1] (n=50) CPC=0.6853±0.0077  RMSE=197.6581±8.5843  %RMSE=4.9921±0.1687
[split=test, task=1, city=랜덤2] (n=50) CPC=0.6409±0.0063  RMSE=353.2475±8.2026  %RMSE=6.9176±0.1738
[split=test, task=1, city=랜덤3] (n=50) CPC=0.6128±0.0103  RMSE=946.3939±138.7846  %RMSE=12.3701±1.8678
[split=test, task=1, city=미사] (n=50) CPC=0.6877±0.0086  RMSE=282.2886±14.9616  %RMSE=4.6987±0.2586
[split=test, task=1, city=배곧] (n=50) CPC=0.6687±0.0064  RMSE=209.7813±2.0156  %RMSE=5.7366±0.0543
[split=test, task=2, city=감일동] (n=50) CPC=0.2585±0.0535  RMSE=238.9286±19.3658  %RMSE=7.4583±0.5793
[split=test, task=2, city=다산] (n=50) CPC=0.2918±0.0902  RMSE=1574.8968±270.9748  %RMSE=14.9097±2.0146
[split=test, task=2, city=랜덤1] (n=50) CPC=0.3720±0.0698  RMSE=581.4135±108.7604  %RMSE=11.6422±1.7702
[split=test, task=2, city=랜덤2] (n=50) CPC=0.2958±0.0700  RMSE=822.2010±177.7949  %RMSE=12.1407±2.0085
[split=test, task=2, city=랜덤3] (n=50) CPC=0.3104±0.0808  RMSE=2409.8999±486.3625  %RMSE=20.0325±2.4735
[split=test, task=2, city=미사] (n=50) CPC=0.2433±0.0795  RMSE=1055.0420±136.1422  %RMSE=12.1044±0.8838
[split=test, task=2, city=배곧] (n=50) CPC=0.2942±0.0986  RMSE=693.9393±123.2008  %RMSE=13.9335±1.5216
[split=test, task=3, city=감일동] (n=50) CPC=0.0716±0.0009  RMSE=269.9780±1.3551  %RMSE=7.4268±0.0431
[split=test, task=3, city=다산] (n=50) CPC=0.0943±0.0007  RMSE=1569.9739±1.1487  %RMSE=15.3652±0.0890
[split=test, task=3, city=랜덤1] (n=50) CPC=0.2630±0.0945  RMSE=867.2774±242.5941  %RMSE=12.5371±1.2327
[split=test, task=3, city=랜덤2] (n=50) CPC=0.1263±0.0673  RMSE=1438.2043±320.8556  %RMSE=13.9177±0.9530
[split=test, task=3, city=랜덤3] (n=50) CPC=0.2452±0.1345  RMSE=1974.9267±431.4262  %RMSE=19.1490±3.0032
[split=test, task=3, city=미사] (n=50) CPC=0.0974±0.0009  RMSE=1387.4147±2.5393  %RMSE=14.0504±0.0935
[split=test, task=3, city=배곧] (n=50) CPC=0.1435±0.0827  RMSE=1052.2030±254.3783  %RMSE=13.6585±0.8242
[split=test, task=4, city=감일동] (n=50) CPC=0.2129±0.0846  RMSE=265.3723±50.8405  %RMSE=7.7813±0.6797
[split=test, task=4, city=다산] (n=50) CPC=0.2855±0.1159  RMSE=1577.2630±395.1483  %RMSE=14.5659±2.4010
[split=test, task=4, city=랜덤1] (n=50) CPC=0.3732±0.1142  RMSE=595.8853±178.4451  %RMSE=11.1710±2.1589
[split=test, task=4, city=랜덤2] (n=50) CPC=0.2750±0.1156  RMSE=910.2142±290.8393  %RMSE=12.1143±1.9458
[split=test, task=4, city=랜덤3] (n=50) CPC=0.2973±0.1031  RMSE=2363.9239±535.2136  %RMSE=20.0607±1.9478
[split=test, task=4, city=미사] (n=50) CPC=0.2625±0.1017  RMSE=1071.4744±337.2717  %RMSE=11.9879±1.4280
[split=test, task=4, city=배곧] (n=50) CPC=0.2440±0.0948  RMSE=773.0679±178.4847  %RMSE=13.9885±0.9797

=== 도시별 성능 (모든 task) ===
[split=test, city=감일동] (n=250) CPC=0.2834±0.1468  RMSE=236.9326±37.1720  %RMSE=7.3796±0.4723
[split=test, city=다산] (n=250) CPC=0.4355±0.2767  RMSE=1037.5618±691.2993  %RMSE=10.2943±5.8778
[split=test, city=랜덤1] (n=250) CPC=0.4762±0.1909  RMSE=487.5872±295.4825  %RMSE=9.0614±3.6297
[split=test, city=랜덤2] (n=250) CPC=0.3960±0.2194  RMSE=776.1638±454.3561  %RMSE=10.4231±3.1817
[split=test, city=랜덤3] (n=250) CPC=0.4143±0.1813  RMSE=1762.1761±726.4553  %RMSE=17.2498±3.8029
[split=test, city=미사] (n=250) CPC=0.3968±0.2531  RMSE=816.7349±478.6743  %RMSE=9.5285±4.0423
[split=test, city=배곧] (n=250) CPC=0.4046±0.2338  RMSE=587.7047±363.0406  %RMSE=10.6117±4.0783

===총 종합===

=== 전체 종합 (연도/task/도시 모두 무관) ===
[split=test] (n=1750) CPC=0.4010±0.2253  RMSE=814.9801±665.7866  %RMSE=10.6498±4.8361
[LOG] saved to C:\Users\금경훈\Desktop\mobility_foundation\KTxTS_project\src\gravity(경훈)\logs\gravity_linear_regression_zero_20260809_001645.log
>>>>>>> experiment/new-mae
