[LOG] saving console output to C:\Users\금경훈\Desktop\mobility_foundation\KTxTS_project\src\gravity(경훈)\logs\gravity_lgbm_zero_20260728_110816.log
Dataset 초기화 완료 (Imputation: zero)
Dataset 초기화 완료 (Imputation: zero)
argument='lgbm'
Start Model Training on Combined Data...
Training Model for Origin Generation (O_i) using lgbm...
[LightGBM] [Info] Auto-choosing row-wise multi-threading, the overhead of testing was 0.000121 seconds.
You can set `force_row_wise=true` to remove the overhead.
And if memory is not enough, you can set `force_col_wise=true`.
[LightGBM] [Info] Total Bins 3625
[LightGBM] [Info] Number of data points in the train set: 2168, number of used features: 18
[LightGBM] [Info] Start training from score 56772.983862
[LightGBM] [Warning] No further splits with positive gain, best gain: -inf
[LightGBM] [Warning] No further splits with positive gain, best gain: -inf
[LightGBM] [Warning] No further splits with positive gain, best gain: -inf
[LightGBM] [Warning] No further splits with positive gain, best gain: -inf
[LightGBM] [Warning] No further splits with positive gain, best gain: -inf
[LightGBM] [Warning] No further splits with positive gain, best gain: -inf
[LightGBM] [Warning] No further splits with positive gain, best gain: -inf
[LightGBM] [Warning] No further splits with positive gain, best gain: -inf
[LightGBM] [Warning] No further splits with positive gain, best gain: -inf
[LightGBM] [Warning] No further splits with positive gain, best gain: -inf
[LightGBM] [Warning] No further splits with positive gain, best gain: -inf
[LightGBM] [Warning] No further splits with positive gain, best gain: -inf
[LightGBM] [Warning] No further splits with positive gain, best gain: -inf
[LightGBM] [Warning] No further splits with positive gain, best gain: -inf
[LightGBM] [Warning] No further splits with positive gain, best gain: -inf
[LightGBM] [Warning] No further splits with positive gain, best gain: -inf
[LightGBM] [Warning] No further splits with positive gain, best gain: -inf
[LightGBM] [Warning] No further splits with positive gain, best gain: -inf
[LightGBM] [Warning] No further splits with positive gain, best gain: -inf
[LightGBM] [Warning] No further splits with positive gain, best gain: -inf
[LightGBM] [Warning] No further splits with positive gain, best gain: -inf
[LightGBM] [Warning] No further splits with positive gain, best gain: -inf
[LightGBM] [Warning] No further splits with positive gain, best gain: -inf
[LightGBM] [Warning] No further splits with positive gain, best gain: -inf
[LightGBM] [Warning] No further splits with positive gain, best gain: -inf
[LightGBM] [Warning] No further splits with positive gain, best gain: -inf
[LightGBM] [Warning] No further splits with positive gain, best gain: -inf
[LightGBM] [Warning] No further splits with positive gain, best gain: -inf
[LightGBM] [Warning] No further splits with positive gain, best gain: -inf
[LightGBM] [Warning] No further splits with positive gain, best gain: -inf
[LightGBM] [Warning] No further splits with positive gain, best gain: -inf
[LightGBM] [Warning] No further splits with positive gain, best gain: -inf
[LightGBM] [Warning] No further splits with positive gain, best gain: -inf
[LightGBM] [Warning] No further splits with positive gain, best gain: -inf
[LightGBM] [Warning] No further splits with positive gain, best gain: -inf
[LightGBM] [Warning] No further splits with positive gain, best gain: -inf
[LightGBM] [Warning] No further splits with positive gain, best gain: -inf
[LightGBM] [Warning] No further splits with positive gain, best gain: -inf
[LightGBM] [Warning] No further splits with positive gain, best gain: -inf
[LightGBM] [Warning] No further splits with positive gain, best gain: -inf
[LightGBM] [Warning] No further splits with positive gain, best gain: -inf
[LightGBM] [Warning] No further splits with positive gain, best gain: -inf
[LightGBM] [Warning] No further splits with positive gain, best gain: -inf
[LightGBM] [Warning] No further splits with positive gain, best gain: -inf
[LightGBM] [Warning] No further splits with positive gain, best gain: -inf
[LightGBM] [Warning] No further splits with positive gain, best gain: -inf
[LightGBM] [Warning] No further splits with positive gain, best gain: -inf
[LightGBM] [Warning] No further splits with positive gain, best gain: -inf
[LightGBM] [Warning] No further splits with positive gain, best gain: -inf
[LightGBM] [Warning] No further splits with positive gain, best gain: -inf
[LightGBM] [Warning] No further splits with positive gain, best gain: -inf
[LightGBM] [Warning] No further splits with positive gain, best gain: -inf
[LightGBM] [Warning] No further splits with positive gain, best gain: -inf
[LightGBM] [Warning] No further splits with positive gain, best gain: -inf
[LightGBM] [Warning] No further splits with positive gain, best gain: -inf
[LightGBM] [Warning] No further splits with positive gain, best gain: -inf
[LightGBM] [Warning] No further splits with positive gain, best gain: -inf
[LightGBM] [Warning] No further splits with positive gain, best gain: -inf
[LightGBM] [Warning] No further splits with positive gain, best gain: -inf
[LightGBM] [Warning] No further splits with positive gain, best gain: -inf
[LightGBM] [Warning] No further splits with positive gain, best gain: -inf
[LightGBM] [Warning] No further splits with positive gain, best gain: -inf
[LightGBM] [Warning] No further splits with positive gain, best gain: -inf
[LightGBM] [Warning] No further splits with positive gain, best gain: -inf
[LightGBM] [Warning] No further splits with positive gain, best gain: -inf
[LightGBM] [Warning] No further splits with positive gain, best gain: -inf
[LightGBM] [Warning] No further splits with positive gain, best gain: -inf
[LightGBM] [Warning] No further splits with positive gain, best gain: -inf
[LightGBM] [Warning] No further splits with positive gain, best gain: -inf
[LightGBM] [Warning] No further splits with positive gain, best gain: -inf
[LightGBM] [Warning] No further splits with positive gain, best gain: -inf
[LightGBM] [Warning] No further splits with positive gain, best gain: -inf
[LightGBM] [Warning] No further splits with positive gain, best gain: -inf
[LightGBM] [Warning] No further splits with positive gain, best gain: -inf
[LightGBM] [Warning] No further splits with positive gain, best gain: -inf
[LightGBM] [Warning] No further splits with positive gain, best gain: -inf
[LightGBM] [Warning] No further splits with positive gain, best gain: -inf
[LightGBM] [Warning] No further splits with positive gain, best gain: -inf
[LightGBM] [Warning] No further splits with positive gain, best gain: -inf
[LightGBM] [Warning] No further splits with positive gain, best gain: -inf
[LightGBM] [Warning] No further splits with positive gain, best gain: -inf
[LightGBM] [Warning] No further splits with positive gain, best gain: -inf
[LightGBM] [Warning] No further splits with positive gain, best gain: -inf
[LightGBM] [Warning] No further splits with positive gain, best gain: -inf
[LightGBM] [Warning] No further splits with positive gain, best gain: -inf
[LightGBM] [Warning] No further splits with positive gain, best gain: -inf
[LightGBM] [Warning] No further splits with positive gain, best gain: -inf
[LightGBM] [Warning] No further splits with positive gain, best gain: -inf
[LightGBM] [Warning] No further splits with positive gain, best gain: -inf
[LightGBM] [Warning] No further splits with positive gain, best gain: -inf
[LightGBM] [Warning] No further splits with positive gain, best gain: -inf
[LightGBM] [Warning] No further splits with positive gain, best gain: -inf
[LightGBM] [Warning] No further splits with positive gain, best gain: -inf
[LightGBM] [Warning] No further splits with positive gain, best gain: -inf
[LightGBM] [Warning] No further splits with positive gain, best gain: -inf
[LightGBM] [Warning] No further splits with positive gain, best gain: -inf
[LightGBM] [Warning] No further splits with positive gain, best gain: -inf
[LightGBM] [Warning] No further splits with positive gain, best gain: -inf
[LightGBM] [Warning] No further splits with positive gain, best gain: -inf
[LightGBM] [Warning] No further splits with positive gain, best gain: -inf
[LightGBM] [Info] Auto-choosing row-wise multi-threading, the overhead of testing was 0.000090 seconds.
You can set `force_row_wise=true` to remove the overhead.
And if memory is not enough, you can set `force_col_wise=true`.
[LightGBM] [Info] Total Bins 3625
[LightGBM] [Info] Number of data points in the train set: 2168, number of used features: 18
[LightGBM] [Info] Start training from score 56772.985583
[LightGBM] [Warning] No further splits with positive gain, best gain: -inf
[LightGBM] [Warning] No further splits with positive gain, best gain: -inf
[LightGBM] [Warning] No further splits with positive gain, best gain: -inf
[LightGBM] [Warning] No further splits with positive gain, best gain: -inf
[LightGBM] [Warning] No further splits with positive gain, best gain: -inf
[LightGBM] [Warning] No further splits with positive gain, best gain: -inf
[LightGBM] [Warning] No further splits with positive gain, best gain: -inf
[LightGBM] [Warning] No further splits with positive gain, best gain: -inf
[LightGBM] [Warning] No further splits with positive gain, best gain: -inf
[LightGBM] [Warning] No further splits with positive gain, best gain: -inf
[LightGBM] [Warning] No further splits with positive gain, best gain: -inf
[LightGBM] [Warning] No further splits with positive gain, best gain: -inf
[LightGBM] [Warning] No further splits with positive gain, best gain: -inf
[LightGBM] [Warning] No further splits with positive gain, best gain: -inf
[LightGBM] [Warning] No further splits with positive gain, best gain: -inf
[LightGBM] [Warning] No further splits with positive gain, best gain: -inf
[LightGBM] [Warning] No further splits with positive gain, best gain: -inf
[LightGBM] [Warning] No further splits with positive gain, best gain: -inf
[LightGBM] [Warning] No further splits with positive gain, best gain: -inf
[LightGBM] [Warning] No further splits with positive gain, best gain: -inf
[LightGBM] [Warning] No further splits with positive gain, best gain: -inf
[LightGBM] [Warning] No further splits with positive gain, best gain: -inf
[LightGBM] [Warning] No further splits with positive gain, best gain: -inf
[LightGBM] [Warning] No further splits with positive gain, best gain: -inf
[LightGBM] [Warning] No further splits with positive gain, best gain: -inf
[LightGBM] [Warning] No further splits with positive gain, best gain: -inf
[LightGBM] [Warning] No further splits with positive gain, best gain: -inf
[LightGBM] [Warning] No further splits with positive gain, best gain: -inf
[LightGBM] [Warning] No further splits with positive gain, best gain: -inf
[LightGBM] [Warning] No further splits with positive gain, best gain: -inf
[LightGBM] [Warning] No further splits with positive gain, best gain: -inf
[LightGBM] [Warning] No further splits with positive gain, best gain: -inf
[LightGBM] [Warning] No further splits with positive gain, best gain: -inf
[LightGBM] [Warning] No further splits with positive gain, best gain: -inf
[LightGBM] [Warning] No further splits with positive gain, best gain: -inf
[LightGBM] [Warning] No further splits with positive gain, best gain: -inf
[LightGBM] [Warning] No further splits with positive gain, best gain: -inf
[LightGBM] [Warning] No further splits with positive gain, best gain: -inf
[LightGBM] [Warning] No further splits with positive gain, best gain: -inf
[LightGBM] [Warning] No further splits with positive gain, best gain: -inf
[LightGBM] [Warning] No further splits with positive gain, best gain: -inf
[LightGBM] [Warning] No further splits with positive gain, best gain: -inf
[LightGBM] [Warning] No further splits with positive gain, best gain: -inf
[LightGBM] [Warning] No further splits with positive gain, best gain: -inf
[LightGBM] [Warning] No further splits with positive gain, best gain: -inf
[LightGBM] [Warning] No further splits with positive gain, best gain: -inf
[LightGBM] [Warning] No further splits with positive gain, best gain: -inf
[LightGBM] [Warning] No further splits with positive gain, best gain: -inf
[LightGBM] [Warning] No further splits with positive gain, best gain: -inf
[LightGBM] [Warning] No further splits with positive gain, best gain: -inf
[LightGBM] [Warning] No further splits with positive gain, best gain: -inf
[LightGBM] [Warning] No further splits with positive gain, best gain: -inf
[LightGBM] [Warning] No further splits with positive gain, best gain: -inf
[LightGBM] [Warning] No further splits with positive gain, best gain: -inf
[LightGBM] [Warning] No further splits with positive gain, best gain: -inf
[LightGBM] [Warning] No further splits with positive gain, best gain: -inf
[LightGBM] [Warning] No further splits with positive gain, best gain: -inf
[LightGBM] [Warning] No further splits with positive gain, best gain: -inf
[LightGBM] [Warning] No further splits with positive gain, best gain: -inf
[LightGBM] [Warning] No further splits with positive gain, best gain: -inf
[LightGBM] [Warning] No further splits with positive gain, best gain: -inf
[LightGBM] [Warning] No further splits with positive gain, best gain: -inf
[LightGBM] [Warning] No further splits with positive gain, best gain: -inf
[LightGBM] [Warning] No further splits with positive gain, best gain: -inf
[LightGBM] [Warning] No further splits with positive gain, best gain: -inf
[LightGBM] [Warning] No further splits with positive gain, best gain: -inf
[LightGBM] [Warning] No further splits with positive gain, best gain: -inf
[LightGBM] [Warning] No further splits with positive gain, best gain: -inf
[LightGBM] [Warning] No further splits with positive gain, best gain: -inf
[LightGBM] [Warning] No further splits with positive gain, best gain: -inf
[LightGBM] [Warning] No further splits with positive gain, best gain: -inf
[LightGBM] [Warning] No further splits with positive gain, best gain: -inf
[LightGBM] [Warning] No further splits with positive gain, best gain: -inf
[LightGBM] [Warning] No further splits with positive gain, best gain: -inf
[LightGBM] [Warning] No further splits with positive gain, best gain: -inf
[LightGBM] [Warning] No further splits with positive gain, best gain: -inf
[LightGBM] [Warning] No further splits with positive gain, best gain: -inf
[LightGBM] [Warning] No further splits with positive gain, best gain: -inf
[LightGBM] [Warning] No further splits with positive gain, best gain: -inf
[LightGBM] [Warning] No further splits with positive gain, best gain: -inf
[LightGBM] [Warning] No further splits with positive gain, best gain: -inf
[LightGBM] [Warning] No further splits with positive gain, best gain: -inf
[LightGBM] [Warning] No further splits with positive gain, best gain: -inf
[LightGBM] [Warning] No further splits with positive gain, best gain: -inf
[LightGBM] [Warning] No further splits with positive gain, best gain: -inf
[LightGBM] [Warning] No further splits with positive gain, best gain: -inf
[LightGBM] [Warning] No further splits with positive gain, best gain: -inf
[LightGBM] [Warning] No further splits with positive gain, best gain: -inf
[LightGBM] [Warning] No further splits with positive gain, best gain: -inf
[LightGBM] [Warning] No further splits with positive gain, best gain: -inf
[LightGBM] [Warning] No further splits with positive gain, best gain: -inf
[LightGBM] [Warning] No further splits with positive gain, best gain: -inf
[LightGBM] [Warning] No further splits with positive gain, best gain: -inf
[LightGBM] [Warning] No further splits with positive gain, best gain: -inf
[LightGBM] [Warning] No further splits with positive gain, best gain: -inf
[LightGBM] [Warning] No further splits with positive gain, best gain: -inf
[LightGBM] [Warning] No further splits with positive gain, best gain: -inf
[LightGBM] [Warning] No further splits with positive gain, best gain: -inf
[LightGBM] [Warning] No further splits with positive gain, best gain: -inf
[LightGBM] [Warning] No further splits with positive gain, best gain: -inf

Evaluating 2019 / val ...
  [2019/val] 750개 샘플 병렬 평가 중 (threads=4)...
Starting Iterative Proportional Fitting (IPF)...
Starting Iterative Proportional Fitting (IPF)...
Starting Iterative Proportional Fitting (IPF)...
Starting Iterative Proportional Fitting (IPF)...
IPF converged at iteration 41
IPF converged at iteration 41
IPF converged at iteration 41
IPF converged at iteration 41
IPF row error: 19.367797, col error: 0.000000
IPF row error: 19.367797, col error: 0.000000
IPF row error: 19.367797, col error: 0.000000
IPF row error: 19.367797, col error: 0.000000
Starting Iterative Proportional Fitting (IPF)...
Starting Iterative Proportional Fitting (IPF)...
Starting Iterative Proportional Fitting (IPF)...
Starting Iterative Proportional Fitting (IPF)...
IPF converged at iteration 41
IPF row error: 19.367797, col error: 0.000000
IPF converged at iteration 41
IPF converged at iteration 41
IPF converged at iteration 41
IPF row error: 19.367797, col error: 0.000000
IPF row error: 19.367797, col error: 0.000000IPF row error: 19.367797, col error: 0.000000

Starting Iterative Proportional Fitting (IPF)...
Starting Iterative Proportional Fitting (IPF)...
Starting Iterative Proportional Fitting (IPF)...Starting Iterative Proportional Fitting (IPF)...

IPF converged at iteration 41
IPF row error: 19.367797, col error: 0.000000
IPF converged at iteration 41
IPF converged at iteration 41
IPF row error: 19.367797, col error: 0.000000
IPF row error: 19.367797, col error: 0.000000
IPF converged at iteration 41
Starting Iterative Proportional Fitting (IPF)...
IPF row error: 19.367797, col error: 0.000000
Starting Iterative Proportional Fitting (IPF)...
Starting Iterative Proportional Fitting (IPF)...
Starting Iterative Proportional Fitting (IPF)...
IPF converged at iteration 41
IPF row error: 19.367797, col error: 0.000000
IPF converged at iteration 41
IPF row error: 19.367797, col error: 0.000000
IPF converged at iteration 41
Starting Iterative Proportional Fitting (IPF)...
IPF converged at iteration 41IPF row error: 19.367797, col error: 0.000000

IPF row error: 19.367797, col error: 0.000000
Starting Iterative Proportional Fitting (IPF)...
Starting Iterative Proportional Fitting (IPF)...
Starting Iterative Proportional Fitting (IPF)...
IPF converged at iteration 41
IPF row error: 19.367797, col error: 0.000000
IPF converged at iteration 41
Starting Iterative Proportional Fitting (IPF)...
IPF row error: 19.367797, col error: 0.000000
IPF converged at iteration 41
IPF row error: 19.367797, col error: 0.000000
IPF converged at iteration 41
IPF row error: 19.367797, col error: 0.000000
Starting Iterative Proportional Fitting (IPF)...
Starting Iterative Proportional Fitting (IPF)...
Starting Iterative Proportional Fitting (IPF)...
IPF converged at iteration 41
IPF row error: 19.367797, col error: 0.000000
Starting Iterative Proportional Fitting (IPF)...
IPF converged at iteration 41
IPF row error: 19.367797, col error: 0.000000
IPF converged at iteration 41
IPF row error: 19.367797, col error: 0.000000
IPF converged at iteration 41
IPF row error: 19.367797, col error: 0.000000
Starting Iterative Proportional Fitting (IPF)...
Starting Iterative Proportional Fitting (IPF)...
Starting Iterative Proportional Fitting (IPF)...
IPF converged at iteration 41
IPF row error: 19.367797, col error: 0.000000
Starting Iterative Proportional Fitting (IPF)...
IPF converged at iteration 41
IPF row error: 19.367797, col error: 0.000000
IPF converged at iteration 41
IPF row error: 19.367797, col error: 0.000000
IPF converged at iteration 41
IPF row error: 19.367797, col error: 0.000000
Starting Iterative Proportional Fitting (IPF)...
Starting Iterative Proportional Fitting (IPF)...
Starting Iterative Proportional Fitting (IPF)...
IPF converged at iteration 41
IPF row error: 19.367797, col error: 0.000000
Starting Iterative Proportional Fitting (IPF)...
IPF converged at iteration 41
IPF row error: 19.367797, col error: 0.000000
  [2019/val] 진행 30/750 (4.0%) | 누적 CPC 0.2587 | RMSE 638.1660 | %RMSE 31.6501 | 경과 0.2분 | 예상 남음 5.7분
IPF converged at iteration 41
IPF row error: 19.367797, col error: 0.000000
IPF converged at iteration 41
IPF row error: 19.367797, col error: 0.000000
Starting Iterative Proportional Fitting (IPF)...
Starting Iterative Proportional Fitting (IPF)...
Starting Iterative Proportional Fitting (IPF)...
IPF converged at iteration 41
IPF row error: 19.367797, col error: 0.000000
Starting Iterative Proportional Fitting (IPF)...
IPF converged at iteration 41
IPF row error: 19.367797, col error: 0.000000
IPF converged at iteration 41
IPF row error: 19.367797, col error: 0.000000
IPF converged at iteration 41
IPF row error: 19.367797, col error: 0.000000
Starting Iterative Proportional Fitting (IPF)...
Starting Iterative Proportional Fitting (IPF)...
Starting Iterative Proportional Fitting (IPF)...
IPF converged at iteration 41
IPF row error: 19.367797, col error: 0.000000
Starting Iterative Proportional Fitting (IPF)...
IPF converged at iteration 41
IPF row error: 19.367797, col error: 0.000000
IPF converged at iteration 41
IPF row error: 19.367797, col error: 0.000000
Starting Iterative Proportional Fitting (IPF)...
IPF converged at iteration 41
Starting Iterative Proportional Fitting (IPF)...
IPF row error: 19.367797, col error: 0.000000
Starting Iterative Proportional Fitting (IPF)...
IPF converged at iteration 41
IPF row error: 19.367797, col error: 0.000000
Starting Iterative Proportional Fitting (IPF)...
IPF converged at iteration 41
IPF converged at iteration 41
IPF row error: 19.367797, col error: 0.000000
IPF row error: 19.367797, col error: 0.000000
Starting Iterative Proportional Fitting (IPF)...
IPF converged at iteration 41
Starting Iterative Proportional Fitting (IPF)...
IPF row error: 19.367797, col error: 0.000000
Starting Iterative Proportional Fitting (IPF)...
IPF converged at iteration 41
IPF row error: 19.367797, col error: 0.000000
Starting Iterative Proportional Fitting (IPF)...
IPF converged at iteration 41
IPF converged at iteration 41
IPF row error: 19.367797, col error: 0.000000
IPF row error: 19.367797, col error: 0.000000
Starting Iterative Proportional Fitting (IPF)...Starting Iterative Proportional Fitting (IPF)...IPF converged at iteration 41


IPF row error: 19.367797, col error: 0.000000
Starting Iterative Proportional Fitting (IPF)...
IPF converged at iteration 41
IPF row error: 19.367797, col error: 0.000000
Starting Iterative Proportional Fitting (IPF)...
IPF converged at iteration 41
IPF converged at iteration 41
IPF row error: 19.367797, col error: 0.000000
IPF row error: 19.306257, col error: 0.000000
Starting Iterative Proportional Fitting (IPF)...
IPF converged at iteration 41
Starting Iterative Proportional Fitting (IPF)...
IPF row error: 19.306257, col error: 0.000000
Starting Iterative Proportional Fitting (IPF)...
IPF converged at iteration 41
IPF row error: 19.306257, col error: 0.000000
Starting Iterative Proportional Fitting (IPF)...
IPF converged at iteration 41
IPF converged at iteration 41
IPF row error: 19.306257, col error: 0.000000
IPF row error: 19.306257, col error: 0.000000
Starting Iterative Proportional Fitting (IPF)...
IPF converged at iteration 41
Starting Iterative Proportional Fitting (IPF)...
IPF row error: 19.306257, col error: 0.000000
Starting Iterative Proportional Fitting (IPF)...
IPF converged at iteration 41
IPF row error: 19.306257, col error: 0.000000
Starting Iterative Proportional Fitting (IPF)...
IPF converged at iteration 41
IPF converged at iteration 41
IPF row error: 19.306257, col error: 0.000000IPF row error: 19.306257, col error: 0.000000

Starting Iterative Proportional Fitting (IPF)...
Starting Iterative Proportional Fitting (IPF)...IPF converged at iteration 41

IPF row error: 19.306257, col error: 0.000000
  [2019/val] 진행 60/750 (8.0%) | 누적 CPC 0.2380 | RMSE 620.4635 | %RMSE 35.8370 | 경과 0.5분 | 예상 남음 5.3분
Starting Iterative Proportional Fitting (IPF)...
IPF converged at iteration 41
IPF row error: 19.306257, col error: 0.000000
Starting Iterative Proportional Fitting (IPF)...
IPF converged at iteration 41
IPF row error: 19.306257, col error: 0.000000
IPF converged at iteration 41
IPF row error: 19.306257, col error: 0.000000
Starting Iterative Proportional Fitting (IPF)...
IPF converged at iteration 41
Starting Iterative Proportional Fitting (IPF)...
IPF row error: 19.306257, col error: 0.000000
Starting Iterative Proportional Fitting (IPF)...
IPF converged at iteration 41
IPF row error: 19.306257, col error: 0.000000
Starting Iterative Proportional Fitting (IPF)...
IPF converged at iteration 41
IPF row error: 19.306257, col error: 0.000000
IPF converged at iteration 41
IPF row error: 19.306257, col error: 0.000000
Starting Iterative Proportional Fitting (IPF)...
IPF converged at iteration 41
IPF row error: 19.306257, col error: 0.000000
Starting Iterative Proportional Fitting (IPF)...
Starting Iterative Proportional Fitting (IPF)...
IPF converged at iteration 41
IPF row error: 19.306257, col error: 0.000000
Starting Iterative Proportional Fitting (IPF)...
IPF converged at iteration 41
IPF row error: 19.306257, col error: 0.000000
IPF converged at iteration 41
IPF row error: 19.306257, col error: 0.000000
Starting Iterative Proportional Fitting (IPF)...
IPF converged at iteration 41
Starting Iterative Proportional Fitting (IPF)...
IPF row error: 19.306257, col error: 0.000000
Starting Iterative Proportional Fitting (IPF)...
IPF converged at iteration 41
IPF row error: 19.306257, col error: 0.000000
Starting Iterative Proportional Fitting (IPF)...
IPF converged at iteration 41
IPF row error: 19.306257, col error: 0.000000
IPF converged at iteration 41
IPF row error: 19.306257, col error: 0.000000
Starting Iterative Proportional Fitting (IPF)...
Starting Iterative Proportional Fitting (IPF)...
IPF converged at iteration 41
IPF row error: 19.306257, col error: 0.000000
Starting Iterative Proportional Fitting (IPF)...
IPF converged at iteration 41
IPF row error: 19.306257, col error: 0.000000
Starting Iterative Proportional Fitting (IPF)...
IPF converged at iteration 41
IPF row error: 19.306257, col error: 0.000000
IPF converged at iteration 41
IPF row error: 19.306257, col error: 0.000000
Starting Iterative Proportional Fitting (IPF)...
IPF converged at iteration 41
Starting Iterative Proportional Fitting (IPF)...
IPF row error: 19.306257, col error: 0.000000
Starting Iterative Proportional Fitting (IPF)...
IPF converged at iteration 41
IPF row error: 19.306257, col error: 0.000000
Starting Iterative Proportional Fitting (IPF)...
IPF converged at iteration 41
IPF row error: 19.306257, col error: 0.000000
IPF converged at iteration 41
Starting Iterative Proportional Fitting (IPF)...
IPF row error: 19.306257, col error: 0.000000
IPF converged at iteration 41
Starting Iterative Proportional Fitting (IPF)...
IPF row error: 19.306257, col error: 0.000000
Starting Iterative Proportional Fitting (IPF)...
IPF converged at iteration 41
IPF row error: 19.306257, col error: 0.000000
Starting Iterative Proportional Fitting (IPF)...
IPF converged at iteration 41
IPF row error: 19.306257, col error: 0.000000
IPF converged at iteration 41
Starting Iterative Proportional Fitting (IPF)...
IPF row error: 19.306257, col error: 0.000000
IPF converged at iteration 41
IPF row error: 19.306257, col error: 0.000000
Starting Iterative Proportional Fitting (IPF)...
Starting Iterative Proportional Fitting (IPF)...
IPF converged at iteration 41
IPF row error: 19.306257, col error: 0.000000
Starting Iterative Proportional Fitting (IPF)...
IPF converged at iteration 41
IPF row error: 19.306257, col error: 0.000000
  [2019/val] 진행 90/750 (12.0%) | 누적 CPC 0.2036 | RMSE 590.9593 | %RMSE 42.8151 | 경과 0.7분 | 예상 남음 5.2분
Starting Iterative Proportional Fitting (IPF)...
IPF converged at iteration 41
IPF row error: 19.306257, col error: 0.000000
IPF converged at iteration 41
IPF row error: 19.306257, col error: 0.000000
Starting Iterative Proportional Fitting (IPF)...
Starting Iterative Proportional Fitting (IPF)...
IPF converged at iteration 41
IPF row error: 19.306257, col error: 0.000000
Starting Iterative Proportional Fitting (IPF)...
IPF converged at iteration 41
IPF row error: 19.306257, col error: 0.000000
Starting Iterative Proportional Fitting (IPF)...
IPF converged at iteration 41
IPF row error: 19.306257, col error: 0.000000
IPF converged at iteration 41
IPF row error: 19.306257, col error: 0.000000
Starting Iterative Proportional Fitting (IPF)...
Starting Iterative Proportional Fitting (IPF)...
IPF converged at iteration 41
IPF row error: 19.306257, col error: 0.000000
Starting Iterative Proportional Fitting (IPF)...
IPF converged at iteration 41
IPF row error: 19.306257, col error: 0.000000
Starting Iterative Proportional Fitting (IPF)...
IPF converged at iteration 41
IPF row error: 19.306257, col error: 0.000000
IPF converged at iteration 41
IPF row error: 19.306257, col error: 0.000000
Starting Iterative Proportional Fitting (IPF)...
Starting Iterative Proportional Fitting (IPF)...
IPF converged at iteration 41
IPF row error: 19.617448, col error: 0.000000
Starting Iterative Proportional Fitting (IPF)...
IPF converged at iteration 41
IPF row error: 19.617448, col error: 0.000000
Starting Iterative Proportional Fitting (IPF)...
IPF converged at iteration 41
IPF row error: 19.617448, col error: 0.000000
IPF converged at iteration 41
IPF row error: 19.617448, col error: 0.000000
Starting Iterative Proportional Fitting (IPF)...
Starting Iterative Proportional Fitting (IPF)...
IPF converged at iteration 41
IPF row error: 19.617448, col error: 0.000000
Starting Iterative Proportional Fitting (IPF)...
IPF converged at iteration 41
IPF row error: 19.617448, col error: 0.000000
Starting Iterative Proportional Fitting (IPF)...
IPF converged at iteration 41
IPF row error: 19.617448, col error: 0.000000
IPF converged at iteration 41
IPF row error: 19.617448, col error: 0.000000
Starting Iterative Proportional Fitting (IPF)...
Starting Iterative Proportional Fitting (IPF)...
IPF converged at iteration 41
IPF row error: 19.617448, col error: 0.000000
Starting Iterative Proportional Fitting (IPF)...
IPF converged at iteration 41
IPF row error: 19.617448, col error: 0.000000
Starting Iterative Proportional Fitting (IPF)...
IPF converged at iteration 41
IPF row error: 19.617448, col error: 0.000000
IPF converged at iteration 41
IPF row error: 19.617448, col error: 0.000000
Starting Iterative Proportional Fitting (IPF)...
Starting Iterative Proportional Fitting (IPF)...
IPF converged at iteration 41
IPF row error: 19.617448, col error: 0.000000
Starting Iterative Proportional Fitting (IPF)...
IPF converged at iteration 41
IPF row error: 19.617448, col error: 0.000000
IPF converged at iteration 41
Starting Iterative Proportional Fitting (IPF)...
IPF row error: 19.617448, col error: 0.000000
IPF converged at iteration 41
Starting Iterative Proportional Fitting (IPF)...
IPF row error: 19.617448, col error: 0.000000
Starting Iterative Proportional Fitting (IPF)...
IPF converged at iteration 41
IPF row error: 19.617448, col error: 0.000000
Starting Iterative Proportional Fitting (IPF)...
IPF converged at iteration 41
IPF row error: 19.617448, col error: 0.000000
IPF converged at iteration 41
Starting Iterative Proportional Fitting (IPF)...
IPF row error: 19.617448, col error: 0.000000
IPF converged at iteration 41
Starting Iterative Proportional Fitting (IPF)...
IPF row error: 19.617448, col error: 0.000000
  [2019/val] 진행 120/750 (16.0%) | 누적 CPC 0.1890 | RMSE 572.4439 | %RMSE 46.0676 | 경과 0.9분 | 예상 남음 5.0분
Starting Iterative Proportional Fitting (IPF)...
IPF converged at iteration 41
IPF row error: 19.617448, col error: 0.000000
Starting Iterative Proportional Fitting (IPF)...
IPF converged at iteration 41
IPF row error: 19.617448, col error: 0.000000
IPF converged at iteration 41
Starting Iterative Proportional Fitting (IPF)...
IPF row error: 19.617448, col error: 0.000000
IPF converged at iteration 41
Starting Iterative Proportional Fitting (IPF)...
IPF row error: 19.617448, col error: 0.000000
Starting Iterative Proportional Fitting (IPF)...
IPF converged at iteration 41
IPF row error: 19.617448, col error: 0.000000
Starting Iterative Proportional Fitting (IPF)...
IPF converged at iteration 41
IPF row error: 19.617448, col error: 0.000000
IPF converged at iteration 41
IPF row error: 19.617448, col error: 0.000000
Starting Iterative Proportional Fitting (IPF)...
Starting Iterative Proportional Fitting (IPF)...
IPF converged at iteration 41
IPF row error: 19.617448, col error: 0.000000
Starting Iterative Proportional Fitting (IPF)...
IPF converged at iteration 41
IPF row error: 19.617448, col error: 0.000000
Starting Iterative Proportional Fitting (IPF)...
IPF converged at iteration 41
IPF row error: 19.617448, col error: 0.000000
IPF converged at iteration 41
IPF row error: 19.617448, col error: 0.000000
Starting Iterative Proportional Fitting (IPF)...
Starting Iterative Proportional Fitting (IPF)...
IPF converged at iteration 41
IPF row error: 19.617448, col error: 0.000000
Starting Iterative Proportional Fitting (IPF)...
IPF converged at iteration 41
IPF row error: 19.617448, col error: 0.000000
Starting Iterative Proportional Fitting (IPF)...
IPF converged at iteration 41
IPF row error: 19.617448, col error: 0.000000
IPF converged at iteration 41
IPF row error: 19.617448, col error: 0.000000
Starting Iterative Proportional Fitting (IPF)...
Starting Iterative Proportional Fitting (IPF)...
IPF converged at iteration 41
IPF row error: 19.617448, col error: 0.000000
Starting Iterative Proportional Fitting (IPF)...
IPF converged at iteration 41
IPF row error: 19.617448, col error: 0.000000
Starting Iterative Proportional Fitting (IPF)...
IPF converged at iteration 41
IPF row error: 19.617448, col error: 0.000000
IPF converged at iteration 41
IPF row error: 19.617448, col error: 0.000000
Starting Iterative Proportional Fitting (IPF)...
Starting Iterative Proportional Fitting (IPF)...
IPF converged at iteration 41
IPF row error: 19.617448, col error: 0.000000
Starting Iterative Proportional Fitting (IPF)...
IPF converged at iteration 41
IPF row error: 19.617448, col error: 0.000000
Starting Iterative Proportional Fitting (IPF)...
IPF converged at iteration 41
IPF row error: 19.617448, col error: 0.000000
IPF converged at iteration 41
IPF row error: 19.617448, col error: 0.000000
Starting Iterative Proportional Fitting (IPF)...
Starting Iterative Proportional Fitting (IPF)...
IPF converged at iteration 41
IPF row error: 19.617448, col error: 0.000000
Starting Iterative Proportional Fitting (IPF)...
IPF converged at iteration 41
IPF row error: 19.617448, col error: 0.000000
Starting Iterative Proportional Fitting (IPF)...
IPF converged at iteration 41
IPF row error: 19.617448, col error: 0.000000
IPF converged at iteration 41
IPF row error: 19.617448, col error: 0.000000
Starting Iterative Proportional Fitting (IPF)...
Starting Iterative Proportional Fitting (IPF)...
IPF converged at iteration 41
IPF row error: 19.617448, col error: 0.000000
Starting Iterative Proportional Fitting (IPF)...
IPF converged at iteration 41
IPF row error: 19.617448, col error: 0.000000
Starting Iterative Proportional Fitting (IPF)...
IPF converged at iteration 35
IPF row error: 20.345670, col error: 0.000000
  [2019/val] 진행 150/750 (20.0%) | 누적 CPC 0.1820 | RMSE 560.6969 | %RMSE 47.7665 | 경과 1.2분 | 예상 남음 4.8분
Starting Iterative Proportional Fitting (IPF)...
IPF converged at iteration 41
IPF row error: 19.617448, col error: 0.000000
Starting Iterative Proportional Fitting (IPF)...
IPF converged at iteration 47
IPF row error: 20.286086, col error: 0.000000
Starting Iterative Proportional Fitting (IPF)...
IPF converged at iteration 41
IPF row error: 19.367797, col error: 0.000000
Starting Iterative Proportional Fitting (IPF)...
IPF converged at iteration 23
IPF row error: 21.955769, col error: 0.000000
IPF converged at iteration 41
IPF row error: 19.367797, col error: 0.000000
Starting Iterative Proportional Fitting (IPF)...
IPF converged at iteration 41
Starting Iterative Proportional Fitting (IPF)...
IPF row error: 19.367797, col error: 0.000000
Starting Iterative Proportional Fitting (IPF)...
IPF converged at iteration 41
IPF row error: 19.367797, col error: 0.000000
Starting Iterative Proportional Fitting (IPF)...
IPF converged at iteration 41
IPF row error: 19.367797, col error: 0.000000
IPF converged at iteration 41
IPF row error: 19.367797, col error: 0.000000
Starting Iterative Proportional Fitting (IPF)...
IPF converged at iteration 41
Starting Iterative Proportional Fitting (IPF)...
IPF row error: 19.367797, col error: 0.000000
Starting Iterative Proportional Fitting (IPF)...
IPF converged at iteration 26
IPF row error: 23.305626, col error: 0.000000
IPF converged at iteration 32
IPF converged at iteration 41
IPF row error: 21.181138, col error: 0.000000
IPF row error: 19.367797, col error: 0.000000
Starting Iterative Proportional Fitting (IPF)...
Starting Iterative Proportional Fitting (IPF)...
Starting Iterative Proportional Fitting (IPF)...
IPF converged at iteration 41
IPF row error: 19.367797, col error: 0.000000
Starting Iterative Proportional Fitting (IPF)...
IPF converged at iteration 31
IPF row error: 18.897592, col error: 0.000000
Starting Iterative Proportional Fitting (IPF)...
IPF converged at iteration 41
IPF converged at iteration 39
IPF row error: 19.367797, col error: 0.000000
IPF row error: 21.546450, col error: 0.000000
Starting Iterative Proportional Fitting (IPF)...
Starting Iterative Proportional Fitting (IPF)...
IPF converged at iteration 41
IPF row error: 19.367797, col error: 0.000000
Starting Iterative Proportional Fitting (IPF)...
IPF converged at iteration 33
IPF row error: 23.250860, col error: 0.000000
Starting Iterative Proportional Fitting (IPF)...
IPF converged at iteration 41
IPF row error: 19.367797, col error: 0.000000
Starting Iterative Proportional Fitting (IPF)...
IPF converged at iteration 41
IPF row error: 19.367797, col error: 0.000000
IPF converged at iteration 26
IPF row error: 19.520586, col error: 0.000000
IPF converged at iteration 57
Starting Iterative Proportional Fitting (IPF)...
IPF row error: 21.258051, col error: 0.000000
Starting Iterative Proportional Fitting (IPF)...
Starting Iterative Proportional Fitting (IPF)...
IPF converged at iteration 28
IPF row error: 23.030508, col error: 0.000000
Starting Iterative Proportional Fitting (IPF)...
IPF converged at iteration 41
IPF row error: 19.367797, col error: 0.000000
IPF converged at iteration 41
IPF row error: 19.367797, col error: 0.000000
Starting Iterative Proportional Fitting (IPF)...
IPF converged at iteration 41
IPF row error: 19.367797, col error: 0.000000
Starting Iterative Proportional Fitting (IPF)...
Starting Iterative Proportional Fitting (IPF)...
IPF converged at iteration 28
IPF row error: 18.311295, col error: 0.000000
Starting Iterative Proportional Fitting (IPF)...
IPF converged at iteration 68
IPF row error: 21.922244, col error: 0.000000
Starting Iterative Proportional Fitting (IPF)...
IPF converged at iteration 44
IPF row error: 22.242349, col error: 0.000000
  [2019/val] 진행 180/750 (24.0%) | 누적 CPC 0.1942 | RMSE 574.5268 | %RMSE 45.2728 | 경과 1.5분 | 예상 남음 4.7분
Starting Iterative Proportional Fitting (IPF)...
IPF converged at iteration 67
IPF row error: 21.945168, col error: 0.000000
IPF converged at iteration 41
IPF row error: 19.367797, col error: 0.000000
Starting Iterative Proportional Fitting (IPF)...
Starting Iterative Proportional Fitting (IPF)...
IPF converged at iteration 41
IPF row error: 19.367797, col error: 0.000000
Starting Iterative Proportional Fitting (IPF)...
IPF converged at iteration 41
IPF row error: 19.367797, col error: 0.000000
Starting Iterative Proportional Fitting (IPF)...
IPF converged at iteration 25
IPF row error: 19.194177, col error: 0.000000
Starting Iterative Proportional Fitting (IPF)...
IPF converged at iteration 41
IPF converged at iteration 26
IPF row error: 19.367797, col error: 0.000000
IPF row error: 21.322988, col error: 0.000000
Starting Iterative Proportional Fitting (IPF)...Starting Iterative Proportional Fitting (IPF)...

IPF converged at iteration 25
IPF row error: 19.860467, col error: 0.000000
Starting Iterative Proportional Fitting (IPF)...
IPF converged at iteration 23
IPF row error: 21.599677, col error: 0.000000
Starting Iterative Proportional Fitting (IPF)...
IPF converged at iteration 56
IPF row error: 22.203903, col error: 0.000000
Starting Iterative Proportional Fitting (IPF)...
IPF converged at iteration 41
IPF row error: 19.367797, col error: 0.000000
Starting Iterative Proportional Fitting (IPF)...
IPF converged at iteration 41
IPF row error: 19.367797, col error: 0.000000
Starting Iterative Proportional Fitting (IPF)...
IPF converged at iteration 26
IPF row error: 19.473990, col error: 0.000000
Starting Iterative Proportional Fitting (IPF)...
IPF converged at iteration 41
IPF row error: 19.367797, col error: 0.000000
Starting Iterative Proportional Fitting (IPF)...
IPF converged at iteration 29
IPF row error: 21.656705, col error: 0.000000
Starting Iterative Proportional Fitting (IPF)...
IPF converged at iteration 27
IPF row error: 19.562944, col error: 0.000000
Starting Iterative Proportional Fitting (IPF)...
IPF converged at iteration 41
IPF row error: 19.367797, col error: 0.000000
Starting Iterative Proportional Fitting (IPF)...
IPF converged at iteration 30
IPF row error: 18.752874, col error: 0.000000
Starting Iterative Proportional Fitting (IPF)...
IPF converged at iteration 53
IPF row error: 21.782451, col error: 0.000000
Starting Iterative Proportional Fitting (IPF)...
IPF converged at iteration 42
IPF row error: 23.552423, col error: 0.000000
Starting Iterative Proportional Fitting (IPF)...
IPF converged at iteration 41
IPF row error: 19.306257, col error: 0.000000
Starting Iterative Proportional Fitting (IPF)...
IPF converged at iteration 41
IPF row error: 19.306257, col error: 0.000000
IPF converged at iteration 27
IPF row error: 22.874601, col error: 0.000000
Starting Iterative Proportional Fitting (IPF)...
Starting Iterative Proportional Fitting (IPF)...
IPF converged at iteration 25
IPF row error: 20.195329, col error: 0.000000
Starting Iterative Proportional Fitting (IPF)...
IPF converged at iteration 24
IPF row error: 22.938508, col error: 0.000000
Starting Iterative Proportional Fitting (IPF)...
IPF converged at iteration 41
IPF row error: 19.306257, col error: 0.000000
Starting Iterative Proportional Fitting (IPF)...
IPF converged at iteration 41
IPF row error: 19.306257, col error: 0.000000
Starting Iterative Proportional Fitting (IPF)...
IPF converged at iteration 39
IPF row error: 20.466739, col error: 0.000000
Starting Iterative Proportional Fitting (IPF)...
IPF converged at iteration 28
IPF row error: 22.620515, col error: 0.000000
Starting Iterative Proportional Fitting (IPF)...
IPF converged at iteration 41
IPF row error: 19.306257, col error: 0.000000
  [2019/val] 진행 210/750 (28.0%) | 누적 CPC 0.1975 | RMSE 578.8753 | %RMSE 44.5321 | 경과 1.8분 | 예상 남음 4.6분
Starting Iterative Proportional Fitting (IPF)...
IPF converged at iteration 41
IPF row error: 19.306257, col error: 0.000000
IPF converged at iteration 24
Starting Iterative Proportional Fitting (IPF)...
IPF row error: 20.704563, col error: 0.000000
Starting Iterative Proportional Fitting (IPF)...
IPF converged at iteration 23
IPF row error: 21.426539, col error: 0.000000
Starting Iterative Proportional Fitting (IPF)...
IPF converged at iteration 27
IPF row error: 23.719182, col error: 0.000000
IPF converged at iteration 36
Starting Iterative Proportional Fitting (IPF)...
IPF row error: 22.206711, col error: 0.000000
IPF converged at iteration 41
IPF row error: 19.306257, col error: 0.000000
Starting Iterative Proportional Fitting (IPF)...
Starting Iterative Proportional Fitting (IPF)...
IPF converged at iteration 87
IPF row error: 21.826944, col error: 0.000000
Starting Iterative Proportional Fitting (IPF)...
IPF converged at iteration 24
IPF row error: 18.652958, col error: 0.000000
Starting Iterative Proportional Fitting (IPF)...
IPF converged at iteration 27
IPF row error: 22.805848, col error: 0.000000
Starting Iterative Proportional Fitting (IPF)...
IPF converged at iteration 41
IPF row error: 19.306257, col error: 0.000000
Starting Iterative Proportional Fitting (IPF)...
IPF converged at iteration 30
IPF row error: 20.980188, col error: 0.000000
Starting Iterative Proportional Fitting (IPF)...
IPF converged at iteration 41
IPF converged at iteration 60
IPF row error: 22.502251, col error: 0.000000
IPF row error: 19.306257, col error: 0.000000
Starting Iterative Proportional Fitting (IPF)...
Starting Iterative Proportional Fitting (IPF)...
IPF converged at iteration 53
IPF converged at iteration 41
IPF row error: 22.273470, col error: 0.000000
IPF row error: 19.306257, col error: 0.000000
Starting Iterative Proportional Fitting (IPF)...
Starting Iterative Proportional Fitting (IPF)...
IPF converged at iteration 41
IPF converged at iteration 41
IPF row error: 19.306257, col error: 0.000000
IPF row error: 19.306257, col error: 0.000000
Starting Iterative Proportional Fitting (IPF)...
Starting Iterative Proportional Fitting (IPF)...
IPF converged at iteration 25
IPF row error: 21.702124, col error: 0.000000
Starting Iterative Proportional Fitting (IPF)...
IPF converged at iteration 30
IPF row error: 18.708959, col error: 0.000000
Starting Iterative Proportional Fitting (IPF)...
IPF converged at iteration 26
IPF row error: 21.106713, col error: 0.000000
Starting Iterative Proportional Fitting (IPF)...
IPF converged at iteration 41
IPF row error: 19.306257, col error: 0.000000
Starting Iterative Proportional Fitting (IPF)...
IPF converged at iteration 41
IPF row error: 19.306257, col error: 0.000000
IPF converged at iteration 41
Starting Iterative Proportional Fitting (IPF)...
IPF row error: 19.306257, col error: 0.000000
Starting Iterative Proportional Fitting (IPF)...
IPF converged at iteration 41
IPF row error: 19.306257, col error: 0.000000
Starting Iterative Proportional Fitting (IPF)...
IPF converged at iteration 24
IPF row error: 17.446733, col error: 0.000000
Starting Iterative Proportional Fitting (IPF)...
IPF converged at iteration 25IPF converged at iteration 41

IPF row error: 19.306257, col error: 0.000000
IPF row error: 22.420914, col error: 0.000000
Starting Iterative Proportional Fitting (IPF)...
Starting Iterative Proportional Fitting (IPF)...
IPF converged at iteration 24
IPF row error: 17.972682, col error: 0.000000
Starting Iterative Proportional Fitting (IPF)...
IPF converged at iteration 41
IPF converged at iteration 23
IPF row error: 19.306257, col error: 0.000000
IPF row error: 21.366344, col error: 0.000000
  [2019/val] 진행 240/750 (32.0%) | 누적 CPC 0.1897 | RMSE 573.6461 | %RMSE 46.0817 | 경과 2.2분 | 예상 남음 4.7분
Starting Iterative Proportional Fitting (IPF)...
Starting Iterative Proportional Fitting (IPF)...
IPF converged at iteration 41
IPF row error: 19.306257, col error: 0.000000
Starting Iterative Proportional Fitting (IPF)...
IPF converged at iteration 33
IPF row error: 23.376334, col error: 0.000000
Starting Iterative Proportional Fitting (IPF)...
IPF converged at iteration 41
IPF row error: 19.306257, col error: 0.000000
Starting Iterative Proportional Fitting (IPF)...
IPF converged at iteration 41
IPF row error: 19.306257, col error: 0.000000
Starting Iterative Proportional Fitting (IPF)...
IPF converged at iteration 41
IPF row error: 19.306257, col error: 0.000000
Starting Iterative Proportional Fitting (IPF)...
IPF converged at iteration 27
IPF row error: 18.088939, col error: 0.000000
Starting Iterative Proportional Fitting (IPF)...
IPF converged at iteration 41
IPF row error: 19.306257, col error: 0.000000
Starting Iterative Proportional Fitting (IPF)...
IPF converged at iteration 41
IPF row error: 19.306257, col error: 0.000000
Starting Iterative Proportional Fitting (IPF)...
IPF converged at iteration 41
IPF row error: 19.306257, col error: 0.000000
Starting Iterative Proportional Fitting (IPF)...
IPF converged at iteration 32
IPF row error: 19.333605, col error: 0.000000
Starting Iterative Proportional Fitting (IPF)...
IPF converged at iteration 41
IPF row error: 19.617448, col error: 0.000000
Starting Iterative Proportional Fitting (IPF)...
IPF converged at iteration 33
IPF row error: 21.638655, col error: 0.000000
IPF converged at iteration 41
IPF row error: 19.617448, col error: 0.000000
Starting Iterative Proportional Fitting (IPF)...
Starting Iterative Proportional Fitting (IPF)...
IPF converged at iteration 41
IPF row error: 19.617448, col error: 0.000000
Starting Iterative Proportional Fitting (IPF)...
IPF converged at iteration 41
IPF row error: 19.617448, col error: 0.000000
IPF converged at iteration 41
IPF row error: 19.617448, col error: 0.000000
Starting Iterative Proportional Fitting (IPF)...
Starting Iterative Proportional Fitting (IPF)...
IPF converged at iteration 41
IPF row error: 19.617448, col error: 0.000000
Starting Iterative Proportional Fitting (IPF)...
IPF converged at iteration 87
IPF row error: 21.656788, col error: 0.000000
Starting Iterative Proportional Fitting (IPF)...
IPF converged at iteration 41
IPF row error: 19.617448, col error: 0.000000
Starting Iterative Proportional Fitting (IPF)...
IPF converged at iteration 53
IPF row error: 23.213669, col error: 0.000000
Starting Iterative Proportional Fitting (IPF)...
IPF converged at iteration 41
IPF row error: 19.617448, col error: 0.000000
Starting Iterative Proportional Fitting (IPF)...
IPF converged at iteration 41
IPF row error: 19.617448, col error: 0.000000
IPF converged at iteration 31
IPF row error: 20.359090, col error: 0.000000
Starting Iterative Proportional Fitting (IPF)...
Starting Iterative Proportional Fitting (IPF)...
IPF converged at iteration 25
IPF row error: 17.937980, col error: 0.000000
Starting Iterative Proportional Fitting (IPF)...
IPF converged at iteration 24
IPF row error: 19.946807, col error: 0.000000
Starting Iterative Proportional Fitting (IPF)...
IPF converged at iteration 25
IPF converged at iteration 41
IPF row error: 22.627701, col error: 0.000000
IPF row error: 19.617448, col error: 0.000000
Starting Iterative Proportional Fitting (IPF)...
Starting Iterative Proportional Fitting (IPF)...
IPF converged at iteration 41
IPF row error: 19.617448, col error: 0.000000
IPF converged at iteration 53
IPF row error: 20.527770, col error: 0.000000
Starting Iterative Proportional Fitting (IPF)...
Starting Iterative Proportional Fitting (IPF)...
IPF converged at iteration 33
IPF row error: 21.571447, col error: 0.000000
  [2019/val] 진행 270/750 (36.0%) | 누적 CPC 0.1849 | RMSE 569.2693 | %RMSE 47.3489 | 경과 2.8분 | 예상 남음 4.9분
IPF converged at iteration 27
IPF row error: 20.465504, col error: 0.000000
Starting Iterative Proportional Fitting (IPF)...
Starting Iterative Proportional Fitting (IPF)...
IPF converged at iteration 41
IPF converged at iteration 31
IPF row error: 19.617448, col error: 0.000000
IPF row error: 21.725230, col error: 0.000000
Starting Iterative Proportional Fitting (IPF)...
Starting Iterative Proportional Fitting (IPF)...
IPF converged at iteration 25
IPF row error: 18.511057, col error: 0.000000
Starting Iterative Proportional Fitting (IPF)...
IPF converged at iteration 26
IPF row error: 21.148536, col error: 0.000000
Starting Iterative Proportional Fitting (IPF)...
IPF converged at iteration 41
IPF row error: 19.617448, col error: 0.000000
IPF converged at iteration 35
IPF row error: 22.603027, col error: 0.000000
Starting Iterative Proportional Fitting (IPF)...
Starting Iterative Proportional Fitting (IPF)...
IPF converged at iteration 26
IPF row error: 23.449121, col error: 0.000000
Starting Iterative Proportional Fitting (IPF)...
IPF converged at iteration 26
IPF row error: 18.282278, col error: 0.000000
IPF converged at iteration 41
IPF row error: 19.617448, col error: 0.000000
Starting Iterative Proportional Fitting (IPF)...
Starting Iterative Proportional Fitting (IPF)...
IPF converged at iteration 41
IPF row error: 19.617448, col error: 0.000000
Starting Iterative Proportional Fitting (IPF)...
IPF converged at iteration 24
IPF row error: 17.672821, col error: 0.000000
Starting Iterative Proportional Fitting (IPF)...
IPF converged at iteration 26
IPF row error: 22.670134, col error: 0.000000
Starting Iterative Proportional Fitting (IPF)...
IPF converged at iteration 41
IPF row error: 19.617448, col error: 0.000000
IPF converged at iteration 27
IPF row error: 19.523802, col error: 0.000000
Starting Iterative Proportional Fitting (IPF)...
Starting Iterative Proportional Fitting (IPF)...
IPF converged at iteration 41
IPF row error: 19.617448, col error: 0.000000
Starting Iterative Proportional Fitting (IPF)...
IPF converged at iteration 41
IPF row error: 19.617448, col error: 0.000000
Starting Iterative Proportional Fitting (IPF)...
IPF converged at iteration 33
IPF row error: 22.976062, col error: 0.000000
Starting Iterative Proportional Fitting (IPF)...
IPF converged at iteration 42
IPF row error: 22.220978, col error: 0.000000
Starting Iterative Proportional Fitting (IPF)...
IPF converged at iteration 41
IPF row error: 19.617448, col error: 0.000000
Starting Iterative Proportional Fitting (IPF)...
IPF converged at iteration 25
IPF row error: 18.406696, col error: 0.000000
Starting Iterative Proportional Fitting (IPF)...
IPF converged at iteration 41
IPF row error: 19.617448, col error: 0.000000
IPF converged at iteration 25
IPF row error: 22.549238, col error: 0.000000
Starting Iterative Proportional Fitting (IPF)...
Starting Iterative Proportional Fitting (IPF)...
IPF converged at iteration 41
IPF row error: 19.617448, col error: 0.000000
Starting Iterative Proportional Fitting (IPF)...
IPF converged at iteration 41
IPF converged at iteration 29
IPF row error: 19.617448, col error: 0.000000
IPF row error: 19.179099, col error: 0.000000
Starting Iterative Proportional Fitting (IPF)...
Starting Iterative Proportional Fitting (IPF)...
IPF converged at iteration 41
IPF row error: 19.617448, col error: 0.000000
Starting Iterative Proportional Fitting (IPF)...
IPF converged at iteration 27
IPF row error: 18.942918, col error: 0.000000
Starting Iterative Proportional Fitting (IPF)...
IPF converged at iteration 26
IPF row error: 20.643271, col error: 0.000000
Starting Iterative Proportional Fitting (IPF)...
IPF converged at iteration 41
IPF row error: 19.617448, col error: 0.000000
  [2019/val] 진행 300/750 (40.0%) | 누적 CPC 0.1815 | RMSE 566.2401 | %RMSE 48.4387 | 경과 3.3분 | 예상 남음 4.9분
Starting Iterative Proportional Fitting (IPF)...
IPF converged at iteration 67
IPF row error: 22.137199, col error: 0.000000
Starting Iterative Proportional Fitting (IPF)...
IPF converged at iteration 81
IPF row error: 22.323450, col error: 0.000000
Starting Iterative Proportional Fitting (IPF)...
IPF converged at iteration 77
IPF row error: 22.722720, col error: 0.000000
Starting Iterative Proportional Fitting (IPF)...
IPF converged at iteration 26
IPF row error: 19.766583, col error: 0.000000
Starting Iterative Proportional Fitting (IPF)...
IPF converged at iteration 91
IPF row error: 22.090464, col error: 0.000000
Starting Iterative Proportional Fitting (IPF)...
IPF converged at iteration 81
IPF row error: 22.444968, col error: 0.000000
Starting Iterative Proportional Fitting (IPF)...
IPF converged at iteration 81
IPF row error: 22.747056, col error: 0.000000
IPF converged at iteration 73
IPF row error: 21.458585, col error: 0.000000
IPF converged at iteration 56Starting Iterative Proportional Fitting (IPF)...

IPF row error: 23.314281, col error: 0.000000
Starting Iterative Proportional Fitting (IPF)...
Starting Iterative Proportional Fitting (IPF)...
IPF converged at iteration 25
IPF row error: 23.672417, col error: 0.000000
Starting Iterative Proportional Fitting (IPF)...
IPF converged at iteration 29
IPF row error: 23.094433, col error: 0.000000
Starting Iterative Proportional Fitting (IPF)...
IPF converged at iteration 71
IPF row error: 21.596356, col error: 0.000000
IPF converged at iteration 25
IPF row error: 22.763889, col error: 0.000000
Starting Iterative Proportional Fitting (IPF)...
Starting Iterative Proportional Fitting (IPF)...
IPF converged at iteration 81
IPF row error: 21.961280, col error: 0.000000
Starting Iterative Proportional Fitting (IPF)...
IPF converged at iteration 27
IPF row error: 18.753925, col error: 0.000000
Starting Iterative Proportional Fitting (IPF)...
IPF converged at iteration 24
IPF row error: 19.996505, col error: 0.000000
Starting Iterative Proportional Fitting (IPF)...
IPF converged at iteration 82
IPF row error: 21.706700, col error: 0.000000
Starting Iterative Proportional Fitting (IPF)...
IPF converged at iteration 81
IPF row error: 21.927183, col error: 0.000000
Starting Iterative Proportional Fitting (IPF)...
IPF converged at iteration 29
IPF row error: 22.330887, col error: 0.000000
Starting Iterative Proportional Fitting (IPF)...
IPF converged at iteration 24
IPF row error: 20.195194, col error: 0.000000
IPF converged at iteration 81
IPF row error: 22.747056, col error: 0.000000
Starting Iterative Proportional Fitting (IPF)...
Starting Iterative Proportional Fitting (IPF)...
IPF converged at iteration 73
IPF row error: 22.955827, col error: 0.000000
Starting Iterative Proportional Fitting (IPF)...
IPF converged at iteration 46
IPF row error: 22.374302, col error: 0.000000
IPF converged at iteration 51
IPF row error: 20.572274, col error: 0.000000
Starting Iterative Proportional Fitting (IPF)...
Starting Iterative Proportional Fitting (IPF)...
IPF converged at iteration 81
IPF row error: 22.777166, col error: 0.000000
Starting Iterative Proportional Fitting (IPF)...
IPF converged at iteration 24
IPF row error: 23.364871, col error: 0.000000
Starting Iterative Proportional Fitting (IPF)...
IPF converged at iteration 73
IPF row error: 21.405461, col error: 0.000000
Starting Iterative Proportional Fitting (IPF)...
IPF converged at iteration 49
IPF row error: 21.008036, col error: 0.000000
IPF converged at iteration 34
Starting Iterative Proportional Fitting (IPF)...
IPF row error: 22.218463, col error: 0.000000
Starting Iterative Proportional Fitting (IPF)...
IPF converged at iteration 73
IPF row error: 23.035070, col error: 0.000000
  [2019/val] 진행 330/750 (44.0%) | 누적 CPC 0.1788 | RMSE 586.2948 | %RMSE 46.6314 | 경과 3.9분 | 예상 남음 4.9분
Starting Iterative Proportional Fitting (IPF)...
IPF converged at iteration 48
IPF row error: 23.286074, col error: 0.000000
Starting Iterative Proportional Fitting (IPF)...
IPF converged at iteration 25
IPF row error: 23.762745, col error: 0.000000
Starting Iterative Proportional Fitting (IPF)...
IPF converged at iteration 81
IPF row error: 23.050621, col error: 0.000000
Starting Iterative Proportional Fitting (IPF)...
IPF converged at iteration 62
IPF row error: 23.460057, col error: 0.000000
Starting Iterative Proportional Fitting (IPF)...
IPF converged at iteration 81
IPF row error: 23.381184, col error: 0.000000
Starting Iterative Proportional Fitting (IPF)...
IPF converged at iteration 81
IPF row error: 23.008573, col error: 0.000000
Starting Iterative Proportional Fitting (IPF)...
IPF converged at iteration 29
IPF row error: 23.902034, col error: 0.000000
Starting Iterative Proportional Fitting (IPF)...
IPF converged at iteration 23
IPF row error: 21.963644, col error: 0.000000
Starting Iterative Proportional Fitting (IPF)...
IPF converged at iteration 74
IPF row error: 21.227570, col error: 0.000000
IPF converged at iteration 81
IPF row error: 21.809566, col error: 0.000000
Starting Iterative Proportional Fitting (IPF)...
Starting Iterative Proportional Fitting (IPF)...
IPF converged at iteration 24
IPF row error: 20.971523, col error: 0.000000
Starting Iterative Proportional Fitting (IPF)...
IPF converged at iteration 81
IPF row error: 21.874363, col error: 0.000000
Starting Iterative Proportional Fitting (IPF)...
IPF converged at iteration 33
IPF row error: 22.056578, col error: 0.000000
Starting Iterative Proportional Fitting (IPF)...
IPF converged at iteration 62
IPF row error: 21.623228, col error: 0.000000
IPF converged at iteration 27
Starting Iterative Proportional Fitting (IPF)...
IPF row error: 19.096759, col error: 0.000000
Starting Iterative Proportional Fitting (IPF)...
IPF converged at iteration 30
IPF row error: 20.645029, col error: 0.000000
Starting Iterative Proportional Fitting (IPF)...
IPF converged at iteration 25
IPF row error: 20.249268, col error: 0.000000
Starting Iterative Proportional Fitting (IPF)...
IPF converged at iteration 45
IPF row error: 22.502387, col error: 0.000000
Starting Iterative Proportional Fitting (IPF)...
IPF converged at iteration 81
IPF row error: 23.158791, col error: 0.000000
IPF converged at iteration 34
IPF row error: 22.705909, col error: 0.000000
Starting Iterative Proportional Fitting (IPF)...
Starting Iterative Proportional Fitting (IPF)...
IPF converged at iteration 77
IPF row error: 21.319531, col error: 0.000000
Starting Iterative Proportional Fitting (IPF)...
IPF converged at iteration 26
IPF row error: 20.254058, col error: 0.000000
Starting Iterative Proportional Fitting (IPF)...
IPF converged at iteration 26
IPF row error: 22.045341, col error: 0.000000
Starting Iterative Proportional Fitting (IPF)...
IPF converged at iteration 82
IPF row error: 22.738622, col error: 0.000000
Starting Iterative Proportional Fitting (IPF)...
IPF converged at iteration 82
IPF row error: 22.738622, col error: 0.000000
Starting Iterative Proportional Fitting (IPF)...
IPF converged at iteration 82
IPF row error: 21.951303, col error: 0.000000
Starting Iterative Proportional Fitting (IPF)...
IPF converged at iteration 37
IPF row error: 21.318131, col error: 0.000000
Starting Iterative Proportional Fitting (IPF)...
IPF converged at iteration 81
IPF row error: 22.961808, col error: 0.000000
Starting Iterative Proportional Fitting (IPF)...
IPF converged at iteration 24
IPF row error: 19.275897, col error: 0.000000
Starting Iterative Proportional Fitting (IPF)...
IPF converged at iteration 91
IPF row error: 22.400288, col error: 0.000000
  [2019/val] 진행 360/750 (48.0%) | 누적 CPC 0.1751 | RMSE 592.5589 | %RMSE 45.4037 | 경과 4.5분 | 예상 남음 4.8분
Starting Iterative Proportional Fitting (IPF)...
IPF converged at iteration 26
IPF row error: 20.414652, col error: 0.000000
Starting Iterative Proportional Fitting (IPF)...
IPF converged at iteration 91
IPF row error: 22.862280, col error: 0.000000
Starting Iterative Proportional Fitting (IPF)...
IPF converged at iteration 81
IPF row error: 23.041399, col error: 0.000000
Starting Iterative Proportional Fitting (IPF)...
IPF converged at iteration 81
IPF row error: 23.050782, col error: 0.000000
Starting Iterative Proportional Fitting (IPF)...
IPF converged at iteration 82
IPF row error: 23.200694, col error: 0.000000
Starting Iterative Proportional Fitting (IPF)...
IPF converged at iteration 82
IPF row error: 22.827578, col error: 0.000000
Starting Iterative Proportional Fitting (IPF)...
IPF converged at iteration 82
IPF row error: 21.916300, col error: 0.000000
Starting Iterative Proportional Fitting (IPF)...
IPF converged at iteration 81
IPF row error: 23.005023, col error: 0.000000
IPF converged at iteration 74
IPF row error: 22.482440, col error: 0.000000
Starting Iterative Proportional Fitting (IPF)...
Starting Iterative Proportional Fitting (IPF)...
IPF converged at iteration 23
IPF row error: 23.556922, col error: 0.000000
Starting Iterative Proportional Fitting (IPF)...
IPF converged at iteration 24
IPF row error: 20.411166, col error: 0.000000
Starting Iterative Proportional Fitting (IPF)...
IPF converged at iteration 74
IPF row error: 22.290204, col error: 0.000000
Starting Iterative Proportional Fitting (IPF)...
IPF converged at iteration 24
IPF row error: 17.701699, col error: 0.000000
Starting Iterative Proportional Fitting (IPF)...
IPF converged at iteration 82
IPF row error: 22.370170, col error: 0.000000
Starting Iterative Proportional Fitting (IPF)...
IPF converged at iteration 82
IPF row error: 22.827578, col error: 0.000000
Starting Iterative Proportional Fitting (IPF)...
IPF converged at iteration 82
IPF row error: 22.864798, col error: 0.000000
Starting Iterative Proportional Fitting (IPF)...
IPF converged at iteration 26
IPF row error: 20.529834, col error: 0.000000
Starting Iterative Proportional Fitting (IPF)...
IPF converged at iteration 42
IPF row error: 22.962539, col error: 0.000000
IPF converged at iteration 82
IPF row error: 22.864798, col error: 0.000000
Starting Iterative Proportional Fitting (IPF)...
IPF converged at iteration 91
Starting Iterative Proportional Fitting (IPF)...
IPF row error: 22.332900, col error: 0.000000
Starting Iterative Proportional Fitting (IPF)...
IPF converged at iteration 82
IPF row error: 23.159836, col error: 0.000000
Starting Iterative Proportional Fitting (IPF)...
IPF converged at iteration 45
IPF row error: 21.135557, col error: 0.000000
Starting Iterative Proportional Fitting (IPF)...
IPF converged at iteration 50
IPF row error: 21.089605, col error: 0.000000
IPF converged at iteration 74
IPF row error: 22.937366, col error: 0.000000
Starting Iterative Proportional Fitting (IPF)...
IPF converged at iteration 82
IPF row error: 23.200694, col error: 0.000000
Starting Iterative Proportional Fitting (IPF)...
Starting Iterative Proportional Fitting (IPF)...
IPF converged at iteration 24
IPF row error: 21.396721, col error: 0.000000
Starting Iterative Proportional Fitting (IPF)...
IPF converged at iteration 27
IPF row error: 18.538650, col error: 0.000000
Starting Iterative Proportional Fitting (IPF)...
IPF converged at iteration 82
IPF row error: 23.200694, col error: 0.000000
Starting Iterative Proportional Fitting (IPF)...
IPF converged at iteration 35
IPF row error: 20.846892, col error: 0.000000
Starting Iterative Proportional Fitting (IPF)...
IPF converged at iteration 23
IPF row error: 22.211575, col error: 0.000000
  [2019/val] 진행 390/750 (52.0%) | 누적 CPC 0.1683 | RMSE 579.9510 | %RMSE 44.6072 | 경과 5.2분 | 예상 남음 4.8분
Starting Iterative Proportional Fitting (IPF)...
IPF converged at iteration 82
IPF row error: 23.200694, col error: 0.000000
Starting Iterative Proportional Fitting (IPF)...
IPF converged at iteration 43
IPF row error: 19.914713, col error: 0.000000
Starting Iterative Proportional Fitting (IPF)...
IPF converged at iteration 81
IPF row error: 23.050791, col error: 0.000000
Starting Iterative Proportional Fitting (IPF)...
IPF converged at iteration 37
IPF row error: 20.311946, col error: 0.000000
Starting Iterative Proportional Fitting (IPF)...
IPF converged at iteration 81
IPF row error: 23.050791, col error: 0.000000
Starting Iterative Proportional Fitting (IPF)...
IPF converged at iteration 91
IPF row error: 22.332900, col error: 0.000000
Starting Iterative Proportional Fitting (IPF)...
IPF converged at iteration 81
IPF row error: 23.251861, col error: 0.000000
Starting Iterative Proportional Fitting (IPF)...
IPF converged at iteration 32
IPF row error: 23.875606, col error: 0.000000
Starting Iterative Proportional Fitting (IPF)...
IPF converged at iteration 34
IPF row error: 19.359553, col error: 0.000000
Starting Iterative Proportional Fitting (IPF)...
IPF converged at iteration 24
IPF row error: 19.686028, col error: 0.000000
Starting Iterative Proportional Fitting (IPF)...
IPF converged at iteration 91
IPF row error: 22.862280, col error: 0.000000
Starting Iterative Proportional Fitting (IPF)...
IPF converged at iteration 79
IPF row error: 22.168534, col error: 0.000000
Starting Iterative Proportional Fitting (IPF)...
IPF converged at iteration 94
IPF row error: 23.054414, col error: 0.000000
Starting Iterative Proportional Fitting (IPF)...
IPF converged at iteration 79
IPF row error: 22.370427, col error: 0.000000
Starting Iterative Proportional Fitting (IPF)...
IPF converged at iteration 75
IPF row error: 22.474495, col error: 0.000000
Starting Iterative Proportional Fitting (IPF)...
IPF converged at iteration 49
IPF row error: 22.558576, col error: 0.000000
Starting Iterative Proportional Fitting (IPF)...
IPF converged at iteration 75
IPF row error: 22.874598, col error: 0.000000
Starting Iterative Proportional Fitting (IPF)...
IPF converged at iteration 75
IPF row error: 22.456548, col error: 0.000000
Starting Iterative Proportional Fitting (IPF)...
IPF converged at iteration 76
IPF row error: 21.433790, col error: 0.000000
Starting Iterative Proportional Fitting (IPF)...
IPF converged at iteration 75
IPF row error: 22.573141, col error: 0.000000
IPF converged at iteration 25
IPF row error: 20.986224, col error: 0.000000
Starting Iterative Proportional Fitting (IPF)...
Starting Iterative Proportional Fitting (IPF)...
IPF converged at iteration 25
IPF row error: 18.031560, col error: 0.000000
Starting Iterative Proportional Fitting (IPF)...
IPF converged at iteration 28
IPF row error: 22.764600, col error: 0.000000
Starting Iterative Proportional Fitting (IPF)...
IPF converged at iteration 41
IPF row error: 21.641557, col error: 0.000000
IPF converged at iteration 37
IPF row error: 21.060070, col error: 0.000000
Starting Iterative Proportional Fitting (IPF)...
Starting Iterative Proportional Fitting (IPF)...
IPF converged at iteration 25
IPF row error: 21.339528, col error: 0.000000
Starting Iterative Proportional Fitting (IPF)...
IPF converged at iteration 75
IPF row error: 22.362630, col error: 0.000000
Starting Iterative Proportional Fitting (IPF)...
IPF converged at iteration 48
IPF row error: 22.638308, col error: 0.000000
Starting Iterative Proportional Fitting (IPF)...
IPF converged at iteration 32
IPF row error: 23.792786, col error: 0.000000
Starting Iterative Proportional Fitting (IPF)...
IPF converged at iteration 94
IPF row error: 23.344166, col error: 0.000000
  [2019/val] 진행 420/750 (56.0%) | 누적 CPC 0.1631 | RMSE 585.0339 | %RMSE 45.1291 | 경과 5.9분 | 예상 남음 4.6분
Starting Iterative Proportional Fitting (IPF)...
IPF converged at iteration 46
IPF row error: 22.949749, col error: 0.000000
IPF converged at iteration 83
IPF row error: 22.644928, col error: 0.000000
Starting Iterative Proportional Fitting (IPF)...
Starting Iterative Proportional Fitting (IPF)...
IPF converged at iteration 24
IPF row error: 18.708503, col error: 0.000000
Starting Iterative Proportional Fitting (IPF)...
IPF converged at iteration 23
IPF row error: 23.087682, col error: 0.000000
Starting Iterative Proportional Fitting (IPF)...
IPF converged at iteration 43
IPF row error: 23.066760, col error: 0.000000
Starting Iterative Proportional Fitting (IPF)...
IPF converged at iteration 33
IPF row error: 19.962406, col error: 0.000000
Starting Iterative Proportional Fitting (IPF)...
IPF converged at iteration 25
IPF row error: 20.625096, col error: 0.000000
IPF converged at iteration 75
IPF row error: 22.049720, col error: 0.000000
Starting Iterative Proportional Fitting (IPF)...
Starting Iterative Proportional Fitting (IPF)...
IPF converged at iteration 23
IPF row error: 18.394079, col error: 0.000000
Starting Iterative Proportional Fitting (IPF)...
IPF converged at iteration 84
IPF row error: 21.883785, col error: 0.000000
Starting Iterative Proportional Fitting (IPF)...
IPF converged at iteration 83
IPF row error: 22.962545, col error: 0.000000
Starting Iterative Proportional Fitting (IPF)...
IPF converged at iteration 24
IPF row error: 21.356135, col error: 0.000000
Starting Iterative Proportional Fitting (IPF)...
IPF converged at iteration 84
IPF row error: 23.048566, col error: 0.000000
Starting Iterative Proportional Fitting (IPF)...
IPF converged at iteration 24
IPF row error: 22.987498, col error: 0.000000
Starting Iterative Proportional Fitting (IPF)...
IPF converged at iteration 83
IPF row error: 21.766981, col error: 0.000000
Starting Iterative Proportional Fitting (IPF)...
IPF converged at iteration 29
IPF row error: 18.358857, col error: 0.000000
Starting Iterative Proportional Fitting (IPF)...
IPF converged at iteration 26
IPF row error: 20.424104, col error: 0.000000
IPF converged at iteration 79
Starting Iterative Proportional Fitting (IPF)...
IPF row error: 21.842579, col error: 0.000000
Starting Iterative Proportional Fitting (IPF)...
IPF converged at iteration 26
IPF row error: 18.586786, col error: 0.000000
Starting Iterative Proportional Fitting (IPF)...
IPF converged at iteration 75
IPF row error: 21.956459, col error: 0.000000
IPF converged at iteration 83
IPF row error: 22.962545, col error: 0.000000
Starting Iterative Proportional Fitting (IPF)...
Starting Iterative Proportional Fitting (IPF)...
IPF converged at iteration 51
IPF converged at iteration 75
IPF row error: 20.544830, col error: 0.000000
IPF row error: 22.216808, col error: 0.000000
Starting Iterative Proportional Fitting (IPF)...
Starting Iterative Proportional Fitting (IPF)...
IPF converged at iteration 45
IPF row error: 23.280764, col error: 0.000000
Starting Iterative Proportional Fitting (IPF)...
IPF converged at iteration 64
IPF row error: 22.923906, col error: 0.000000
Starting Iterative Proportional Fitting (IPF)...
IPF converged at iteration 83
IPF row error: 22.959276, col error: 0.000000
Starting Iterative Proportional Fitting (IPF)...
IPF converged at iteration 84
IPF row error: 22.182795, col error: 0.000000
Starting Iterative Proportional Fitting (IPF)...
IPF converged at iteration 24
IPF row error: 23.180222, col error: 0.000000
Starting Iterative Proportional Fitting (IPF)...
IPF converged at iteration 66
IPF row error: 21.698559, col error: 0.000000
Starting Iterative Proportional Fitting (IPF)...
IPF converged at iteration 75
IPF row error: 22.719187, col error: 0.000000
  [2019/val] 진행 450/750 (60.0%) | 누적 CPC 0.1592 | RMSE 595.6848 | %RMSE 46.1367 | 경과 6.5분 | 예상 남음 4.4분
Starting Iterative Proportional Fitting (IPF)...
IPF converged at iteration 34
IPF row error: 23.479411, col error: 0.000000
Starting Iterative Proportional Fitting (IPF)...
IPF converged at iteration 87
IPF row error: 22.648406, col error: 0.000000
Starting Iterative Proportional Fitting (IPF)...
IPF converged at iteration 82
IPF row error: 23.104160, col error: 0.000000
Starting Iterative Proportional Fitting (IPF)...
IPF converged at iteration 25
IPF row error: 20.048330, col error: 0.000000
Starting Iterative Proportional Fitting (IPF)...
IPF converged at iteration 87
IPF row error: 22.088630, col error: 0.000000
Starting Iterative Proportional Fitting (IPF)...
IPF converged at iteration 26
IPF row error: 21.529621, col error: 0.000000
IPF converged at iteration 47
IPF row error: 23.372178, col error: 0.000000
Starting Iterative Proportional Fitting (IPF)...
IPF converged at iteration 84
Starting Iterative Proportional Fitting (IPF)...
IPF row error: 21.893348, col error: 0.000000
Starting Iterative Proportional Fitting (IPF)...
IPF converged at iteration 25
IPF row error: 20.234939, col error: 0.000000
Starting Iterative Proportional Fitting (IPF)...
IPF converged at iteration 23
IPF row error: 17.540662, col error: 0.000000
Starting Iterative Proportional Fitting (IPF)...
IPF converged at iteration 82
IPF row error: 23.104160, col error: 0.000000
Starting Iterative Proportional Fitting (IPF)...
IPF converged at iteration 89
IPF row error: 22.245604, col error: 0.000000
Starting Iterative Proportional Fitting (IPF)...
IPF converged at iteration 23
IPF row error: 21.501342, col error: 0.000000
Starting Iterative Proportional Fitting (IPF)...
IPF converged at iteration 87
IPF row error: 22.648406, col error: 0.000000
Starting Iterative Proportional Fitting (IPF)...
IPF converged at iteration 87
IPF row error: 22.648406, col error: 0.000000
Starting Iterative Proportional Fitting (IPF)...
IPF converged at iteration 28
IPF row error: 20.674378, col error: 0.000000
Starting Iterative Proportional Fitting (IPF)...
IPF converged at iteration 87
IPF row error: 22.840316, col error: 0.000000
Starting Iterative Proportional Fitting (IPF)...
IPF converged at iteration 26
IPF row error: 20.989768, col error: 0.000000
Starting Iterative Proportional Fitting (IPF)...
IPF converged at iteration 87
IPF row error: 22.648406, col error: 0.000000
Starting Iterative Proportional Fitting (IPF)...
IPF converged at iteration 89
IPF row error: 22.288240, col error: 0.000000
Starting Iterative Proportional Fitting (IPF)...
IPF converged at iteration 47
IPF row error: 20.615277, col error: 0.000000
Starting Iterative Proportional Fitting (IPF)...
IPF converged at iteration 40
IPF row error: 20.497135, col error: 0.000000
Starting Iterative Proportional Fitting (IPF)...
IPF converged at iteration 25
IPF row error: 19.692438, col error: 0.000000
Starting Iterative Proportional Fitting (IPF)...
IPF converged at iteration 82
IPF row error: 23.013885, col error: 0.000000
Starting Iterative Proportional Fitting (IPF)...
IPF converged at iteration 95
IPF row error: 22.158414, col error: 0.000000
Starting Iterative Proportional Fitting (IPF)...
IPF converged at iteration 59
IPF row error: 21.894424, col error: 0.000000
Starting Iterative Proportional Fitting (IPF)...
IPF converged at iteration 94
IPF row error: 22.855499, col error: 0.000000
Starting Iterative Proportional Fitting (IPF)...
IPF converged at iteration 90
IPF row error: 22.964732, col error: 0.000000
Starting Iterative Proportional Fitting (IPF)...
IPF converged at iteration 51
IPF row error: 21.341863, col error: 0.000000
Starting Iterative Proportional Fitting (IPF)...
IPF converged at iteration 87
IPF row error: 22.840874, col error: 0.000000
  [2019/val] 진행 480/750 (64.0%) | 누적 CPC 0.1573 | RMSE 608.1840 | %RMSE 44.7575 | 경과 7.6분 | 예상 남음 4.3분
Starting Iterative Proportional Fitting (IPF)...
IPF converged at iteration 87
IPF row error: 22.852286, col error: 0.000000
Starting Iterative Proportional Fitting (IPF)...
IPF converged at iteration 87
IPF row error: 22.852181, col error: 0.000000
Starting Iterative Proportional Fitting (IPF)...
IPF converged at iteration 83
IPF row error: 22.303226, col error: 0.000000
Starting Iterative Proportional Fitting (IPF)...
IPF converged at iteration 29
IPF row error: 23.551261, col error: 0.000000
IPF converged at iteration 94
IPF row error: 22.504191, col error: 0.000000
Starting Iterative Proportional Fitting (IPF)...
Starting Iterative Proportional Fitting (IPF)...
IPF converged at iteration 95
IPF row error: 21.935096, col error: 0.000000
Starting Iterative Proportional Fitting (IPF)...
IPF converged at iteration 27
IPF row error: 18.175635, col error: 0.000000
Starting Iterative Proportional Fitting (IPF)...
IPF converged at iteration 90
IPF row error: 23.278023, col error: 0.000000
Starting Iterative Proportional Fitting (IPF)...
IPF converged at iteration 58
IPF row error: 22.747265, col error: 0.000000
Starting Iterative Proportional Fitting (IPF)...
IPF converged at iteration 89
IPF row error: 22.184965, col error: 0.000000
Starting Iterative Proportional Fitting (IPF)...
IPF converged at iteration 89
IPF row error: 22.245604, col error: 0.000000
Starting Iterative Proportional Fitting (IPF)...
IPF converged at iteration 84
IPF converged at iteration 88
IPF row error: 21.691292, col error: 0.000000
IPF row error: 23.226848, col error: 0.000000
Starting Iterative Proportional Fitting (IPF)...
Starting Iterative Proportional Fitting (IPF)...
IPF converged at iteration 88
IPF row error: 23.139995, col error: 0.000000
Starting Iterative Proportional Fitting (IPF)...
IPF converged at iteration 25
IPF row error: 21.331663, col error: 0.000000
IPF converged at iteration 89
IPF row error: 22.402582, col error: 0.000000
Starting Iterative Proportional Fitting (IPF)...
Starting Iterative Proportional Fitting (IPF)...
IPF converged at iteration 51
IPF row error: 21.711758, col error: 0.000000
Starting Iterative Proportional Fitting (IPF)...
IPF converged at iteration 25
IPF row error: 19.428289, col error: 0.000000
IPF converged at iteration 26
IPF row error: 20.050891, col error: 0.000000
Starting Iterative Proportional Fitting (IPF)...
Starting Iterative Proportional Fitting (IPF)...
IPF converged at iteration 89
IPF row error: 22.245604, col error: 0.000000
Starting Iterative Proportional Fitting (IPF)...
IPF converged at iteration 24
IPF row error: 21.094683, col error: 0.000000
Starting Iterative Proportional Fitting (IPF)...
IPF converged at iteration 46
IPF row error: 20.538198, col error: 0.000000
Starting Iterative Proportional Fitting (IPF)...
IPF converged at iteration 23
IPF row error: 22.694382, col error: 0.000000
Starting Iterative Proportional Fitting (IPF)...
IPF converged at iteration 41
IPF row error: 19.306257, col error: 0.000000
Starting Iterative Proportional Fitting (IPF)...
IPF converged at iteration 41
IPF row error: 19.306257, col error: 0.000000
Starting Iterative Proportional Fitting (IPF)...
IPF converged at iteration 86
IPF row error: 22.926300, col error: 0.000000
Starting Iterative Proportional Fitting (IPF)...
IPF converged at iteration 29
IPF row error: 21.070361, col error: 0.000000
IPF converged at iteration 41
IPF row error: 19.306257, col error: 0.000000
Starting Iterative Proportional Fitting (IPF)...
Starting Iterative Proportional Fitting (IPF)...
IPF converged at iteration 24
IPF row error: 23.006386, col error: 0.000000
Starting Iterative Proportional Fitting (IPF)...
IPF converged at iteration 28
IPF row error: 26.533347, col error: 0.000000
  [2019/val] 진행 510/750 (68.0%) | 누적 CPC 0.1564 | RMSE 613.5906 | %RMSE 44.2273 | 경과 8.4분 | 예상 남음 4.0분
Starting Iterative Proportional Fitting (IPF)...
IPF converged at iteration 27
IPF row error: 20.711154, col error: 0.000000
Starting Iterative Proportional Fitting (IPF)...
IPF converged at iteration 25
IPF row error: 22.631643, col error: 0.000000
Starting Iterative Proportional Fitting (IPF)...
IPF converged at iteration 41
IPF row error: 19.306257, col error: 0.000000
Starting Iterative Proportional Fitting (IPF)...
IPF converged at iteration 28
IPF row error: 19.892997, col error: 0.000000
Starting Iterative Proportional Fitting (IPF)...
IPF converged at iteration 27
IPF row error: 17.751420, col error: 0.000000
IPF converged at iteration 41
IPF row error: 19.306257, col error: 0.000000
Starting Iterative Proportional Fitting (IPF)...
IPF converged at iteration 41
Starting Iterative Proportional Fitting (IPF)...
IPF row error: 19.306257, col error: 0.000000
Starting Iterative Proportional Fitting (IPF)...
IPF converged at iteration 26
IPF row error: 20.004482, col error: 0.000000
Starting Iterative Proportional Fitting (IPF)...
IPF converged at iteration 24
IPF row error: 20.925742, col error: 0.000000
Starting Iterative Proportional Fitting (IPF)...
IPF converged at iteration 41
IPF row error: 19.306257, col error: 0.000000
IPF converged at iteration 41
IPF row error: 19.306257, col error: 0.000000
Starting Iterative Proportional Fitting (IPF)...
IPF converged at iteration 41
Starting Iterative Proportional Fitting (IPF)...
IPF row error: 19.306257, col error: 0.000000
Starting Iterative Proportional Fitting (IPF)...
IPF converged at iteration 25
IPF row error: 17.147788, col error: 0.000000
Starting Iterative Proportional Fitting (IPF)...
IPF converged at iteration 41
IPF row error: 19.306257, col error: 0.000000
Starting Iterative Proportional Fitting (IPF)...
IPF converged at iteration 41
IPF row error: 19.306257, col error: 0.000000
Starting Iterative Proportional Fitting (IPF)...
IPF converged at iteration 41
IPF row error: 19.306257, col error: 0.000000
Starting Iterative Proportional Fitting (IPF)...
IPF converged at iteration 41
IPF row error: 19.306257, col error: 0.000000
IPF converged at iteration 77
IPF row error: 22.726055, col error: 0.000000
Starting Iterative Proportional Fitting (IPF)...
IPF converged at iteration 40
IPF row error: 22.088575, col error: 0.000000
Starting Iterative Proportional Fitting (IPF)...
Starting Iterative Proportional Fitting (IPF)...
IPF converged at iteration 25
IPF row error: 19.560837, col error: 0.000000
IPF converged at iteration 41
IPF row error: 19.306257, col error: 0.000000
Starting Iterative Proportional Fitting (IPF)...
Starting Iterative Proportional Fitting (IPF)...
IPF converged at iteration 41
IPF row error: 22.518892, col error: 0.000000
IPF converged at iteration 41
IPF row error: 19.306257, col error: 0.000000
Starting Iterative Proportional Fitting (IPF)...
Starting Iterative Proportional Fitting (IPF)...
IPF converged at iteration 23
IPF row error: 21.444878, col error: 0.000000
Starting Iterative Proportional Fitting (IPF)...
IPF converged at iteration 41
IPF row error: 19.306257, col error: 0.000000
Starting Iterative Proportional Fitting (IPF)...
IPF converged at iteration 34
IPF row error: 29.981165, col error: 0.000000
Starting Iterative Proportional Fitting (IPF)...
IPF converged at iteration 41
IPF row error: 19.306257, col error: 0.000000
IPF converged at iteration 26
IPF row error: 21.084144, col error: 0.000000
Starting Iterative Proportional Fitting (IPF)...
Starting Iterative Proportional Fitting (IPF)...
IPF converged at iteration 41
IPF row error: 19.306257, col error: 0.000000
IPF converged at iteration 47
IPF row error: 20.762835, col error: 0.000000
  [2019/val] 진행 540/750 (72.0%) | 누적 CPC 0.1553 | RMSE 609.5052 | %RMSE 44.9600 | 경과 9.0분 | 예상 남음 3.5분
Starting Iterative Proportional Fitting (IPF)...
Starting Iterative Proportional Fitting (IPF)...
IPF converged at iteration 43
IPF row error: 20.929955, col error: 0.000000
Starting Iterative Proportional Fitting (IPF)...
IPF converged at iteration 53
IPF row error: 21.036456, col error: 0.000000
Starting Iterative Proportional Fitting (IPF)...
IPF converged at iteration 29
IPF row error: 19.828668, col error: 0.000000
Starting Iterative Proportional Fitting (IPF)...
IPF converged at iteration 41
IPF row error: 19.306257, col error: 0.000000
Starting Iterative Proportional Fitting (IPF)...
IPF converged at iteration 41
IPF row error: 19.306257, col error: 0.000000
Starting Iterative Proportional Fitting (IPF)...
IPF converged at iteration 25
IPF row error: 20.531244, col error: 0.000000
IPF converged at iteration 41
IPF row error: 19.306257, col error: 0.000000
Starting Iterative Proportional Fitting (IPF)...
Starting Iterative Proportional Fitting (IPF)...
IPF converged at iteration 26
IPF row error: 20.192860, col error: 0.000000
Starting Iterative Proportional Fitting (IPF)...
IPF converged at iteration 41
IPF row error: 19.306257, col error: 0.000000
Starting Iterative Proportional Fitting (IPF)...
IPF converged at iteration 41
IPF row error: 19.306257, col error: 0.000000
IPF converged at iteration 32
IPF row error: 22.499064, col error: 0.000000
Starting Iterative Proportional Fitting (IPF)...
Starting Iterative Proportional Fitting (IPF)...
IPF converged at iteration 26
IPF row error: 19.478103, col error: 0.000000
Starting Iterative Proportional Fitting (IPF)...
IPF converged at iteration 24
IPF row error: 21.302598, col error: 0.000000
Starting Iterative Proportional Fitting (IPF)...
IPF converged at iteration 92
IPF row error: 21.723090, col error: 0.000000
Starting Iterative Proportional Fitting (IPF)...
IPF converged at iteration 56
IPF converged at iteration 26
IPF row error: 22.344658, col error: 0.000000
IPF row error: 22.483177, col error: 0.000000
Starting Iterative Proportional Fitting (IPF)...
Starting Iterative Proportional Fitting (IPF)...
IPF converged at iteration 24
IPF row error: 18.080166, col error: 0.000000
Starting Iterative Proportional Fitting (IPF)...
IPF converged at iteration 88
IPF row error: 22.146131, col error: 0.000000
Starting Iterative Proportional Fitting (IPF)...
IPF converged at iteration 23
IPF row error: 19.760273, col error: 0.000000
Starting Iterative Proportional Fitting (IPF)...
IPF converged at iteration 98
IPF row error: 23.181896, col error: 0.000000
Starting Iterative Proportional Fitting (IPF)...
IPF converged at iteration 94
IPF row error: 22.754623, col error: 0.000000
Starting Iterative Proportional Fitting (IPF)...
IPF converged at iteration 24
IPF row error: 19.221956, col error: 0.000000
Starting Iterative Proportional Fitting (IPF)...
IPF converged at iteration 94
IPF converged at iteration 43
IPF row error: 22.622975, col error: 0.000000
IPF row error: 20.184177, col error: 0.000000
Starting Iterative Proportional Fitting (IPF)...
Starting Iterative Proportional Fitting (IPF)...
IPF converged at iteration 89
IPF row error: 21.937234, col error: 0.000000
Starting Iterative Proportional Fitting (IPF)...
IPF converged at iteration 75
IPF row error: 22.945230, col error: 0.000000
Starting Iterative Proportional Fitting (IPF)...
IPF converged at iteration 89
IPF row error: 23.259460, col error: 0.000000
Starting Iterative Proportional Fitting (IPF)...
IPF converged at iteration 92
IPF row error: 23.143862, col error: 0.000000
Starting Iterative Proportional Fitting (IPF)...
IPF converged at iteration 25
IPF row error: 21.211633, col error: 0.000000
Starting Iterative Proportional Fitting (IPF)...
IPF converged at iteration 24
IPF row error: 17.599262, col error: 0.000000
  [2019/val] 진행 570/750 (76.0%) | 누적 CPC 0.1532 | RMSE 608.1583 | %RMSE 44.8652 | 경과 9.7분 | 예상 남음 3.1분
Starting Iterative Proportional Fitting (IPF)...
IPF converged at iteration 30
IPF row error: 18.485454, col error: 0.000000
Starting Iterative Proportional Fitting (IPF)...
IPF converged at iteration 91
IPF row error: 22.489569, col error: 0.000000
Starting Iterative Proportional Fitting (IPF)...
IPF converged at iteration 91
IPF row error: 22.787977, col error: 0.000000
Starting Iterative Proportional Fitting (IPF)...
IPF converged at iteration 24
IPF row error: 16.928113, col error: 0.000000
Starting Iterative Proportional Fitting (IPF)...
IPF converged at iteration 93
IPF row error: 23.067689, col error: 0.000000
Starting Iterative Proportional Fitting (IPF)...
IPF converged at iteration 94
IPF row error: 22.111123, col error: 0.000000
IPF converged at iteration 86
Starting Iterative Proportional Fitting (IPF)...
IPF row error: 22.922293, col error: 0.000000
Starting Iterative Proportional Fitting (IPF)...
IPF converged at iteration 93
IPF row error: 22.858029, col error: 0.000000
Starting Iterative Proportional Fitting (IPF)...
IPF converged at iteration 24
IPF row error: 18.103743, col error: 0.000000
Starting Iterative Proportional Fitting (IPF)...
IPF converged at iteration 98
IPF row error: 23.310934, col error: 0.000000
Starting Iterative Proportional Fitting (IPF)...
IPF converged at iteration 68
IPF row error: 21.502814, col error: 0.000000
Starting Iterative Proportional Fitting (IPF)...
IPF converged at iteration 93
IPF row error: 23.067689, col error: 0.000000
Starting Iterative Proportional Fitting (IPF)...
IPF converged at iteration 33
IPF row error: 20.199838, col error: 0.000000
Starting Iterative Proportional Fitting (IPF)...
IPF converged at iteration 37
IPF row error: 20.406719, col error: 0.000000
Starting Iterative Proportional Fitting (IPF)...
IPF converged at iteration 98
IPF row error: 23.181896, col error: 0.000000
Starting Iterative Proportional Fitting (IPF)...
IPF converged at iteration 89
IPF row error: 23.259460, col error: 0.000000
Starting Iterative Proportional Fitting (IPF)...
IPF converged at iteration 29
IPF row error: 32.518969, col error: 0.000000
Starting Iterative Proportional Fitting (IPF)...
IPF converged at iteration 25
IPF row error: 18.128991, col error: 0.000000
IPF converged at iteration 25
Starting Iterative Proportional Fitting (IPF)...
IPF row error: 19.239033, col error: 0.000000
Starting Iterative Proportional Fitting (IPF)...
IPF converged at iteration 23
IPF row error: 20.237192, col error: 0.000000
Starting Iterative Proportional Fitting (IPF)...
IPF converged at iteration 92
IPF row error: 23.143862, col error: 0.000000
IPF converged at iteration 24
IPF row error: 17.770274, col error: 0.000000
Starting Iterative Proportional Fitting (IPF)...
Starting Iterative Proportional Fitting (IPF)...
IPF converged at iteration 24
IPF row error: 22.438948, col error: 0.000000
IPF converged at iteration 46
IPF row error: 22.384825, col error: 0.000000
Starting Iterative Proportional Fitting (IPF)...
Starting Iterative Proportional Fitting (IPF)...
IPF converged at iteration 25
IPF row error: 20.979164, col error: 0.000000
Starting Iterative Proportional Fitting (IPF)...
IPF converged at iteration 23
IPF row error: 19.009185, col error: 0.000000
Starting Iterative Proportional Fitting (IPF)...
IPF converged at iteration 99
IPF row error: 22.669578, col error: 0.000000
Starting Iterative Proportional Fitting (IPF)...
IPF converged at iteration 91
IPF row error: 22.913137, col error: 0.000000
Starting Iterative Proportional Fitting (IPF)...
IPF converged at iteration 94
IPF row error: 22.622975, col error: 0.000000
Starting Iterative Proportional Fitting (IPF)...
IPF converged at iteration 98
IPF row error: 23.310934, col error: 0.000000
  [2019/val] 진행 600/750 (80.0%) | 누적 CPC 0.1510 | RMSE 610.5978 | %RMSE 44.7574 | 경과 10.6분 | 예상 남음 2.6분
Starting Iterative Proportional Fitting (IPF)...
IPF converged at iteration 84
IPF row error: 22.956693, col error: 0.000000
Starting Iterative Proportional Fitting (IPF)...
IPF converged at iteration 36
IPF row error: 20.610941, col error: 0.000000
IPF converged at iteration 80
IPF row error: 23.100445, col error: 0.000000
Starting Iterative Proportional Fitting (IPF)...
Starting Iterative Proportional Fitting (IPF)...
IPF converged at iteration 84
IPF row error: 23.074520, col error: 0.000000
Starting Iterative Proportional Fitting (IPF)...
IPF converged at iteration 24
IPF row error: 21.616541, col error: 0.000000
Starting Iterative Proportional Fitting (IPF)...
IPF converged at iteration 31
IPF row error: 19.602251, col error: 0.000000
Starting Iterative Proportional Fitting (IPF)...
IPF converged at iteration 84
IPF row error: 22.943101, col error: 0.000000
IPF converged at iteration 81
IPF row error: 22.461723, col error: 0.000000
Starting Iterative Proportional Fitting (IPF)...
IPF converged at iteration 82
Starting Iterative Proportional Fitting (IPF)...
IPF row error: 21.489852, col error: 0.000000
Starting Iterative Proportional Fitting (IPF)...
IPF converged at iteration 31
IPF row error: 18.616876, col error: 0.000000
Starting Iterative Proportional Fitting (IPF)...
IPF converged at iteration 29
IPF row error: 27.728775, col error: 0.000000
IPF converged at iteration 78
IPF row error: 21.961229, col error: 0.000000
Starting Iterative Proportional Fitting (IPF)...
Starting Iterative Proportional Fitting (IPF)...
IPF converged at iteration 81
IPF row error: 21.560884, col error: 0.000000
Starting Iterative Proportional Fitting (IPF)...
IPF converged at iteration 82
IPF row error: 21.647554, col error: 0.000000
Starting Iterative Proportional Fitting (IPF)...
IPF converged at iteration 34
IPF row error: 20.685760, col error: 0.000000
Starting Iterative Proportional Fitting (IPF)...
IPF converged at iteration 24
IPF row error: 19.904446, col error: 0.000000
Starting Iterative Proportional Fitting (IPF)...
IPF converged at iteration 61
IPF row error: 22.592252, col error: 0.000000
Starting Iterative Proportional Fitting (IPF)...
IPF converged at iteration 23
IPF row error: 19.338850, col error: 0.000000
Starting Iterative Proportional Fitting (IPF)...
IPF converged at iteration 91
IPF row error: 22.537037, col error: 0.000000
Starting Iterative Proportional Fitting (IPF)...
IPF converged at iteration 26
IPF row error: 22.894242, col error: 0.000000
Starting Iterative Proportional Fitting (IPF)...
IPF converged at iteration 84
IPF row error: 22.476416, col error: 0.000000
Starting Iterative Proportional Fitting (IPF)...
IPF converged at iteration 84
IPF row error: 21.947378, col error: 0.000000
Starting Iterative Proportional Fitting (IPF)...
IPF converged at iteration 23
IPF row error: 20.609824, col error: 0.000000
Starting Iterative Proportional Fitting (IPF)...
IPF converged at iteration 25
IPF row error: 23.630362, col error: 0.000000
Starting Iterative Proportional Fitting (IPF)...
IPF converged at iteration 23
IPF row error: 22.560462, col error: 0.000000
Starting Iterative Proportional Fitting (IPF)...
IPF converged at iteration 81
IPF row error: 23.008672, col error: 0.000000
Starting Iterative Proportional Fitting (IPF)...
IPF converged at iteration 81
IPF row error: 23.265332, col error: 0.000000
Starting Iterative Proportional Fitting (IPF)...
IPF converged at iteration 81
IPF row error: 23.062410, col error: 0.000000
Starting Iterative Proportional Fitting (IPF)...
IPF converged at iteration 67
IPF row error: 23.456568, col error: 0.000000
Starting Iterative Proportional Fitting (IPF)...
IPF converged at iteration 25
IPF row error: 17.623047, col error: 0.000000
  [2019/val] 진행 630/750 (84.0%) | 누적 CPC 0.1509 | RMSE 619.1576 | %RMSE 43.9236 | 경과 11.3분 | 예상 남음 2.2분
Starting Iterative Proportional Fitting (IPF)...
IPF converged at iteration 81
IPF row error: 21.648200, col error: 0.000000
IPF converged at iteration 90
Starting Iterative Proportional Fitting (IPF)...
IPF row error: 23.253230, col error: 0.000000
Starting Iterative Proportional Fitting (IPF)...
IPF converged at iteration 89
IPF row error: 22.348567, col error: 0.000000
IPF converged at iteration 23
IPF row error: 22.699689, col error: 0.000000
Starting Iterative Proportional Fitting (IPF)...
Starting Iterative Proportional Fitting (IPF)...
IPF converged at iteration 33
IPF row error: 23.345706, col error: 0.000000
Starting Iterative Proportional Fitting (IPF)...
IPF converged at iteration 84
IPF row error: 22.749984, col error: 0.000000
Starting Iterative Proportional Fitting (IPF)...
IPF converged at iteration 77
IPF row error: 22.009160, col error: 0.000000
Starting Iterative Proportional Fitting (IPF)...
IPF converged at iteration 25
IPF row error: 19.868008, col error: 0.000000
Starting Iterative Proportional Fitting (IPF)...
IPF converged at iteration 91
IPF row error: 22.572703, col error: 0.000000
Starting Iterative Proportional Fitting (IPF)...
IPF converged at iteration 41
IPF row error: 22.645174, col error: 0.000000
Starting Iterative Proportional Fitting (IPF)...
IPF converged at iteration 28
IPF row error: 19.245501, col error: 0.000000
IPF converged at iteration 76
IPF row error: 22.165097, col error: 0.000000
Starting Iterative Proportional Fitting (IPF)...
Starting Iterative Proportional Fitting (IPF)...
IPF converged at iteration 28
IPF row error: 19.782119, col error: 0.000000
Starting Iterative Proportional Fitting (IPF)...
IPF converged at iteration 32
IPF row error: 32.067831, col error: 0.000000
Starting Iterative Proportional Fitting (IPF)...
IPF converged at iteration 65
IPF row error: 21.254422, col error: 0.000000
IPF converged at iteration 23
IPF row error: 21.281390, col error: 0.000000
Starting Iterative Proportional Fitting (IPF)...
Starting Iterative Proportional Fitting (IPF)...
IPF converged at iteration 23
IPF row error: 17.264939, col error: 0.000000
Starting Iterative Proportional Fitting (IPF)...
IPF converged at iteration 37
IPF row error: 20.726159, col error: 0.000000
IPF converged at iteration 84
IPF row error: 22.200116, col error: 0.000000
Starting Iterative Proportional Fitting (IPF)...
Starting Iterative Proportional Fitting (IPF)...
IPF converged at iteration 36
IPF row error: 22.761179, col error: 0.000000
IPF converged at iteration 25
IPF row error: 19.129531, col error: 0.000000
Starting Iterative Proportional Fitting (IPF)...
IPF converged at iteration 29
IPF row error: 18.700753, col error: 0.000000
Starting Iterative Proportional Fitting (IPF)...
Starting Iterative Proportional Fitting (IPF)...
IPF converged at iteration 90
IPF row error: 23.253230, col error: 0.000000
Starting Iterative Proportional Fitting (IPF)...
IPF converged at iteration 33
IPF row error: 20.117923, col error: 0.000000
Starting Iterative Proportional Fitting (IPF)...
IPF converged at iteration 35
IPF row error: 19.776486, col error: 0.000000
IPF converged at iteration 34
IPF row error: 20.019583, col error: 0.000000
Starting Iterative Proportional Fitting (IPF)...
Starting Iterative Proportional Fitting (IPF)...
IPF converged at iteration 23
IPF row error: 20.660378, col error: 0.000000
Starting Iterative Proportional Fitting (IPF)...
IPF converged at iteration 26
IPF row error: 21.702060, col error: 0.000000
IPF converged at iteration 82
IPF row error: 22.828823, col error: 0.000000
Starting Iterative Proportional Fitting (IPF)...
Starting Iterative Proportional Fitting (IPF)...
IPF converged at iteration 82
IPF row error: 21.951303, col error: 0.000000
  [2019/val] 진행 660/750 (88.0%) | 누적 CPC 0.1498 | RMSE 620.0866 | %RMSE 43.2404 | 경과 11.8분 | 예상 남음 1.6분
Starting Iterative Proportional Fitting (IPF)...
IPF converged at iteration 28
IPF row error: 21.859480, col error: 0.000000
IPF converged at iteration 91
Starting Iterative Proportional Fitting (IPF)...
IPF row error: 22.862280, col error: 0.000000
Starting Iterative Proportional Fitting (IPF)...
IPF converged at iteration 41
IPF row error: 22.555949, col error: 0.000000
Starting Iterative Proportional Fitting (IPF)...
IPF converged at iteration 23
IPF row error: 22.804193, col error: 0.000000
Starting Iterative Proportional Fitting (IPF)...
IPF converged at iteration 32
IPF row error: 19.881713, col error: 0.000000
Starting Iterative Proportional Fitting (IPF)...
IPF converged at iteration 47
IPF row error: 22.763797, col error: 0.000000
IPF converged at iteration 74
IPF row error: 22.252651, col error: 0.000000
Starting Iterative Proportional Fitting (IPF)...
Starting Iterative Proportional Fitting (IPF)...
IPF converged at iteration 82
IPF row error: 22.509130, col error: 0.000000
Starting Iterative Proportional Fitting (IPF)...
IPF converged at iteration 82
IPF row error: 23.159334, col error: 0.000000
Starting Iterative Proportional Fitting (IPF)...
IPF converged at iteration 31
IPF row error: 20.254898, col error: 0.000000
IPF converged at iteration 81
IPF row error: 23.004401, col error: 0.000000
Starting Iterative Proportional Fitting (IPF)...
Starting Iterative Proportional Fitting (IPF)...
IPF converged at iteration 82
IPF row error: 21.951303, col error: 0.000000
Starting Iterative Proportional Fitting (IPF)...
IPF converged at iteration 35
IPF row error: 19.833093, col error: 0.000000
Starting Iterative Proportional Fitting (IPF)...
IPF converged at iteration 25
IPF row error: 20.948393, col error: 0.000000
Starting Iterative Proportional Fitting (IPF)...
IPF converged at iteration 24
IPF row error: 18.474011, col error: 0.000000
Starting Iterative Proportional Fitting (IPF)...
IPF converged at iteration 74
IPF row error: 22.427519, col error: 0.000000
Starting Iterative Proportional Fitting (IPF)...
IPF converged at iteration 74
IPF row error: 22.683926, col error: 0.000000
Starting Iterative Proportional Fitting (IPF)...
IPF converged at iteration 74
IPF row error: 22.062758, col error: 0.000000
Starting Iterative Proportional Fitting (IPF)...
IPF converged at iteration 27
IPF row error: 18.387057, col error: 0.000000
Starting Iterative Proportional Fitting (IPF)...
IPF converged at iteration 82
IPF row error: 22.983571, col error: 0.000000
Starting Iterative Proportional Fitting (IPF)...
IPF converged at iteration 26
IPF row error: 19.039106, col error: 0.000000
IPF converged at iteration 82Starting Iterative Proportional Fitting (IPF)...

IPF row error: 22.983429, col error: 0.000000
Starting Iterative Proportional Fitting (IPF)...
IPF converged at iteration 81
IPF row error: 22.952156, col error: 0.000000
Starting Iterative Proportional Fitting (IPF)...
IPF converged at iteration 82
IPF row error: 21.915422, col error: 0.000000
Starting Iterative Proportional Fitting (IPF)...
IPF converged at iteration 25
IPF row error: 23.566072, col error: 0.000000
Starting Iterative Proportional Fitting (IPF)...
IPF converged at iteration 24
IPF converged at iteration 42
IPF row error: 20.673042, col error: 0.000000
IPF row error: 21.884670, col error: 0.000000
Starting Iterative Proportional Fitting (IPF)...
Starting Iterative Proportional Fitting (IPF)...
IPF converged at iteration 74
IPF row error: 22.896146, col error: 0.000000
Starting Iterative Proportional Fitting (IPF)...
IPF converged at iteration 81
IPF row error: 23.050782, col error: 0.000000
Starting Iterative Proportional Fitting (IPF)...
IPF converged at iteration 31
IPF row error: 23.890639, col error: 0.000000
  [2019/val] 진행 690/750 (92.0%) | 누적 CPC 0.1468 | RMSE 611.0975 | %RMSE 42.7970 | 경과 12.5분 | 예상 남음 1.1분
Starting Iterative Proportional Fitting (IPF)...
IPF converged at iteration 81
IPF row error: 23.050791, col error: 0.000000
Starting Iterative Proportional Fitting (IPF)...
IPF converged at iteration 83
IPF row error: 21.501981, col error: 0.000000
Starting Iterative Proportional Fitting (IPF)...
IPF converged at iteration 24
IPF row error: 21.945681, col error: 0.000000
Starting Iterative Proportional Fitting (IPF)...
IPF converged at iteration 63
IPF row error: 21.928772, col error: 0.000000
Starting Iterative Proportional Fitting (IPF)...
IPF converged at iteration 81
IPF row error: 23.001220, col error: 0.000000
IPF converged at iteration 55
IPF row error: 23.081731, col error: 0.000000
Starting Iterative Proportional Fitting (IPF)...
Starting Iterative Proportional Fitting (IPF)...
IPF converged at iteration 26
IPF row error: 20.289977, col error: 0.000000
Starting Iterative Proportional Fitting (IPF)...
IPF converged at iteration 82
IPF row error: 22.368667, col error: 0.000000
Starting Iterative Proportional Fitting (IPF)...
IPF converged at iteration 39
IPF row error: 21.015935, col error: 0.000000
Starting Iterative Proportional Fitting (IPF)...
IPF converged at iteration 25
IPF row error: 19.532494, col error: 0.000000
IPF converged at iteration 81
IPF row error: 23.149817, col error: 0.000000
Starting Iterative Proportional Fitting (IPF)...
Starting Iterative Proportional Fitting (IPF)...
IPF converged at iteration 83
IPF row error: 21.492571, col error: 0.000000
Starting Iterative Proportional Fitting (IPF)...
IPF converged at iteration 24
IPF row error: 19.834291, col error: 0.000000
Starting Iterative Proportional Fitting (IPF)...
IPF converged at iteration 26
IPF row error: 17.447842, col error: 0.000000
Starting Iterative Proportional Fitting (IPF)...
IPF converged at iteration 83
IPF row error: 22.050240, col error: 0.000000
Starting Iterative Proportional Fitting (IPF)...
IPF converged at iteration 88
IPF row error: 22.408998, col error: 0.000000
Starting Iterative Proportional Fitting (IPF)...
IPF converged at iteration 84
IPF row error: 21.784982, col error: 0.000000
IPF converged at iteration 37
Starting Iterative Proportional Fitting (IPF)...
IPF row error: 22.391207, col error: 0.000000
Starting Iterative Proportional Fitting (IPF)...
IPF converged at iteration 24
IPF row error: 22.643493, col error: 0.000000
Starting Iterative Proportional Fitting (IPF)...
IPF converged at iteration 84
IPF row error: 22.082505, col error: 0.000000
Starting Iterative Proportional Fitting (IPF)...
IPF converged at iteration 24
IPF row error: 16.951653, col error: 0.000000
Starting Iterative Proportional Fitting (IPF)...
IPF converged at iteration 23
IPF row error: 18.314276, col error: 0.000000
Starting Iterative Proportional Fitting (IPF)...
IPF converged at iteration 79
IPF row error: 21.766269, col error: 0.000000
IPF converged at iteration 84
IPF row error: 21.829549, col error: 0.000000
Starting Iterative Proportional Fitting (IPF)...
Starting Iterative Proportional Fitting (IPF)...
IPF converged at iteration 26
IPF row error: 18.405959, col error: 0.000000
Starting Iterative Proportional Fitting (IPF)...
IPF converged at iteration 83
IPF row error: 22.049924, col error: 0.000000
Starting Iterative Proportional Fitting (IPF)...
IPF converged at iteration 90
IPF row error: 21.869466, col error: 0.000000
Starting Iterative Proportional Fitting (IPF)...
IPF converged at iteration 23
IPF row error: 21.493500, col error: 0.000000
Starting Iterative Proportional Fitting (IPF)...
IPF converged at iteration 23
IPF row error: 25.390545, col error: 0.000000
Starting Iterative Proportional Fitting (IPF)...
IPF converged at iteration 86
IPF row error: 22.034596, col error: 0.000000
  [2019/val] 진행 720/750 (96.0%) | 누적 CPC 0.1449 | RMSE 610.5828 | %RMSE 42.9545 | 경과 13.2분 | 예상 남음 0.6분
Starting Iterative Proportional Fitting (IPF)...
IPF converged at iteration 26
IPF row error: 17.420056, col error: 0.000000
IPF converged at iteration 87
IPF row error: 23.188359, col error: 0.000000
Starting Iterative Proportional Fitting (IPF)...
Starting Iterative Proportional Fitting (IPF)...
IPF converged at iteration 26
IPF row error: 21.554457, col error: 0.000000
IPF converged at iteration 26
IPF row error: 18.124021, col error: 0.000000
Starting Iterative Proportional Fitting (IPF)...
Starting Iterative Proportional Fitting (IPF)...
IPF converged at iteration 83
IPF row error: 21.787788, col error: 0.000000
Starting Iterative Proportional Fitting (IPF)...
IPF converged at iteration 84
IPF row error: 21.644700, col error: 0.000000
Starting Iterative Proportional Fitting (IPF)...
IPF converged at iteration 27
IPF row error: 23.794676, col error: 0.000000
Starting Iterative Proportional Fitting (IPF)...
IPF converged at iteration 35
IPF row error: 21.129586, col error: 0.000000
Starting Iterative Proportional Fitting (IPF)...
IPF converged at iteration 91
IPF row error: 22.260187, col error: 0.000000
Starting Iterative Proportional Fitting (IPF)...
IPF converged at iteration 25
IPF row error: 17.908802, col error: 0.000000
Starting Iterative Proportional Fitting (IPF)...
IPF converged at iteration 94
IPF row error: 22.920270, col error: 0.000000
IPF converged at iteration 84
Starting Iterative Proportional Fitting (IPF)...
IPF row error: 23.114070, col error: 0.000000
Starting Iterative Proportional Fitting (IPF)...
IPF converged at iteration 25
IPF row error: 22.978783, col error: 0.000000
Starting Iterative Proportional Fitting (IPF)...
IPF converged at iteration 47
IPF row error: 20.742307, col error: 0.000000
IPF converged at iteration 86
IPF row error: 22.726209, col error: 0.000000
Starting Iterative Proportional Fitting (IPF)...
Starting Iterative Proportional Fitting (IPF)...
IPF converged at iteration 75
IPF row error: 22.205243, col error: 0.000000
Starting Iterative Proportional Fitting (IPF)...
IPF converged at iteration 87
IPF row error: 23.324806, col error: 0.000000
Starting Iterative Proportional Fitting (IPF)...
IPF converged at iteration 42
IPF row error: 21.135803, col error: 0.000000
Starting Iterative Proportional Fitting (IPF)...
IPF converged at iteration 27
IPF row error: 19.276035, col error: 0.000000
Starting Iterative Proportional Fitting (IPF)...
IPF converged at iteration 94
IPF row error: 23.054414, col error: 0.000000
IPF converged at iteration 84
IPF row error: 21.885334, col error: 0.000000
Starting Iterative Proportional Fitting (IPF)...
Starting Iterative Proportional Fitting (IPF)...
IPF converged at iteration 94
IPF row error: 23.344166, col error: 0.000000
Starting Iterative Proportional Fitting (IPF)...
IPF converged at iteration 23
IPF row error: 19.180742, col error: 0.000000
Starting Iterative Proportional Fitting (IPF)...
IPF converged at iteration 23
IPF row error: 23.205372, col error: 0.000000
Starting Iterative Proportional Fitting (IPF)...
IPF converged at iteration 32
IPF converged at iteration 99
IPF row error: 19.541397, col error: 0.000000
IPF row error: 22.669578, col error: 0.000000
Starting Iterative Proportional Fitting (IPF)...Starting Iterative Proportional Fitting (IPF)...

IPF converged at iteration 99
IPF row error: 22.099502, col error: 0.000000
IPF converged at iteration 25
IPF converged at iteration 84
IPF row error: 19.114439, col error: 0.000000
IPF row error: 21.498406, col error: 0.000000
IPF converged at iteration 52
IPF row error: 20.846890, col error: 0.000000
  [2019/val] 진행 750/750 (100.0%) | 누적 CPC 0.1435 | RMSE 616.0677 | %RMSE 43.5301 | 경과 13.9분 | 예상 남음 0.0분
  [2019/val] 완료: 750/750

Evaluating 2019 / test ...
  [2019/test] 1750개 샘플 병렬 평가 중 (threads=4)...
Starting Iterative Proportional Fitting (IPF)...
Starting Iterative Proportional Fitting (IPF)...
Starting Iterative Proportional Fitting (IPF)...
Starting Iterative Proportional Fitting (IPF)...
IPF converged at iteration 40
IPF converged at iteration 40
IPF converged at iteration 40
IPF converged at iteration 40
IPF row error: 22.702210, col error: 0.000000
IPF row error: 22.702210, col error: 0.000000
IPF row error: 22.702210, col error: 0.000000IPF row error: 22.702210, col error: 0.000000

Starting Iterative Proportional Fitting (IPF)...
Starting Iterative Proportional Fitting (IPF)...
Starting Iterative Proportional Fitting (IPF)...
Starting Iterative Proportional Fitting (IPF)...
IPF converged at iteration 40
IPF converged at iteration 40
IPF converged at iteration 40
IPF row error: 22.702210, col error: 0.000000
IPF converged at iteration 40
IPF row error: 22.702210, col error: 0.000000
IPF row error: 22.702210, col error: 0.000000
IPF row error: 22.702210, col error: 0.000000
Starting Iterative Proportional Fitting (IPF)...
Starting Iterative Proportional Fitting (IPF)...
Starting Iterative Proportional Fitting (IPF)...
Starting Iterative Proportional Fitting (IPF)...
IPF converged at iteration 40
IPF row error: 22.702210, col error: 0.000000IPF converged at iteration 40

IPF converged at iteration 40
IPF row error: 22.702210, col error: 0.000000
IPF row error: 22.702210, col error: 0.000000
IPF converged at iteration 40
IPF row error: 22.702210, col error: 0.000000
Starting Iterative Proportional Fitting (IPF)...
Starting Iterative Proportional Fitting (IPF)...Starting Iterative Proportional Fitting (IPF)...

Starting Iterative Proportional Fitting (IPF)...
IPF converged at iteration 40
IPF row error: 22.702210, col error: 0.000000
IPF converged at iteration 40
IPF converged at iteration 40
IPF row error: 22.702210, col error: 0.000000
IPF converged at iteration 40
IPF row error: 22.702210, col error: 0.000000
IPF row error: 22.702210, col error: 0.000000
Starting Iterative Proportional Fitting (IPF)...
Starting Iterative Proportional Fitting (IPF)...
Starting Iterative Proportional Fitting (IPF)...
Starting Iterative Proportional Fitting (IPF)...
IPF converged at iteration 40
IPF row error: 22.702210, col error: 0.000000
IPF converged at iteration 40
IPF converged at iteration 40
IPF row error: 22.702210, col error: 0.000000
IPF row error: 22.702210, col error: 0.000000
IPF converged at iteration 40
Starting Iterative Proportional Fitting (IPF)...
IPF row error: 22.702210, col error: 0.000000
Starting Iterative Proportional Fitting (IPF)...
Starting Iterative Proportional Fitting (IPF)...
Starting Iterative Proportional Fitting (IPF)...
IPF converged at iteration 40
IPF row error: 22.702210, col error: 0.000000
IPF converged at iteration 40
IPF converged at iteration 40
IPF row error: 22.702210, col error: 0.000000
IPF row error: 22.702210, col error: 0.000000
Starting Iterative Proportional Fitting (IPF)...
IPF converged at iteration 40
Starting Iterative Proportional Fitting (IPF)...IPF row error: 22.702210, col error: 0.000000

Starting Iterative Proportional Fitting (IPF)...
Starting Iterative Proportional Fitting (IPF)...
IPF converged at iteration 40
IPF row error: 22.702210, col error: 0.000000
IPF converged at iteration 40
IPF converged at iteration 40
IPF row error: 22.702210, col error: 0.000000
IPF row error: 22.702210, col error: 0.000000
Starting Iterative Proportional Fitting (IPF)...
IPF converged at iteration 40
IPF row error: 22.702210, col error: 0.000000
Starting Iterative Proportional Fitting (IPF)...
Starting Iterative Proportional Fitting (IPF)...
Starting Iterative Proportional Fitting (IPF)...
IPF converged at iteration 40
IPF row error: 22.702210, col error: 0.000000
IPF converged at iteration 40
IPF converged at iteration 40
IPF row error: 22.702210, col error: 0.000000
IPF row error: 22.702210, col error: 0.000000
  [2019/test] 진행 30/1750 (1.7%) | 누적 CPC 0.1807 | RMSE 435.7162 | %RMSE 33.7438 | 경과 0.4분 | 예상 남음 22.0분
Starting Iterative Proportional Fitting (IPF)...
IPF converged at iteration 40
Starting Iterative Proportional Fitting (IPF)...
IPF row error: 22.702210, col error: 0.000000
Starting Iterative Proportional Fitting (IPF)...
Starting Iterative Proportional Fitting (IPF)...
IPF converged at iteration 40
IPF row error: 22.702210, col error: 0.000000
IPF converged at iteration 40
IPF converged at iteration 40
IPF row error: 22.702210, col error: 0.000000
IPF row error: 22.702210, col error: 0.000000
Starting Iterative Proportional Fitting (IPF)...
IPF converged at iteration 40Starting Iterative Proportional Fitting (IPF)...

Starting Iterative Proportional Fitting (IPF)...
IPF row error: 22.702210, col error: 0.000000
Starting Iterative Proportional Fitting (IPF)...
IPF converged at iteration 40
IPF converged at iteration 40
IPF converged at iteration 40
IPF row error: 22.702210, col error: 0.000000
IPF row error: 22.702210, col error: 0.000000
IPF row error: 22.702210, col error: 0.000000
Starting Iterative Proportional Fitting (IPF)...
Starting Iterative Proportional Fitting (IPF)...
IPF converged at iteration 40Starting Iterative Proportional Fitting (IPF)...

IPF row error: 22.702210, col error: 0.000000
Starting Iterative Proportional Fitting (IPF)...
IPF converged at iteration 40
IPF row error: 22.702210, col error: 0.000000
IPF converged at iteration 40
IPF converged at iteration 40
IPF row error: 22.702210, col error: 0.000000
IPF row error: 22.702210, col error: 0.000000
Starting Iterative Proportional Fitting (IPF)...
Starting Iterative Proportional Fitting (IPF)...
Starting Iterative Proportional Fitting (IPF)...
IPF converged at iteration 40
IPF row error: 22.702210, col error: 0.000000
Starting Iterative Proportional Fitting (IPF)...
IPF converged at iteration 40
IPF row error: 22.702210, col error: 0.000000
IPF converged at iteration 40
IPF converged at iteration 40
IPF row error: 22.702210, col error: 0.000000
IPF row error: 22.702210, col error: 0.000000
Starting Iterative Proportional Fitting (IPF)...
Starting Iterative Proportional Fitting (IPF)...
IPF converged at iteration 40
Starting Iterative Proportional Fitting (IPF)...
IPF row error: 22.702210, col error: 0.000000
Starting Iterative Proportional Fitting (IPF)...
IPF converged at iteration 40
IPF converged at iteration 40
IPF row error: 22.702210, col error: 0.000000
IPF row error: 22.702210, col error: 0.000000
IPF converged at iteration 40
IPF row error: 22.697220, col error: 0.000000
Starting Iterative Proportional Fitting (IPF)...
Starting Iterative Proportional Fitting (IPF)...
IPF converged at iteration 40
IPF row error: 22.697220, col error: 0.000000
Starting Iterative Proportional Fitting (IPF)...
Starting Iterative Proportional Fitting (IPF)...
IPF converged at iteration 40
IPF converged at iteration 40
IPF row error: 22.697220, col error: 0.000000
IPF row error: 22.697220, col error: 0.000000
IPF converged at iteration 40
IPF row error: 22.697220, col error: 0.000000
Starting Iterative Proportional Fitting (IPF)...
Starting Iterative Proportional Fitting (IPF)...
IPF converged at iteration 40
IPF row error: 22.697220, col error: 0.000000
Starting Iterative Proportional Fitting (IPF)...
Starting Iterative Proportional Fitting (IPF)...
IPF converged at iteration 40
IPF converged at iteration 40
IPF row error: 22.697220, col error: 0.000000
IPF row error: 22.697220, col error: 0.000000
IPF converged at iteration 40
Starting Iterative Proportional Fitting (IPF)...
Starting Iterative Proportional Fitting (IPF)...
IPF row error: 22.697220, col error: 0.000000
IPF converged at iteration 40
IPF row error: 22.697220, col error: 0.000000
  [2019/test] 진행 60/1750 (3.4%) | 누적 CPC 0.1725 | RMSE 456.3580 | %RMSE 37.2449 | 경과 0.8분 | 예상 남음 22.9분
Starting Iterative Proportional Fitting (IPF)...
Starting Iterative Proportional Fitting (IPF)...
IPF converged at iteration 40
IPF row error: 22.697220, col error: 0.000000
IPF converged at iteration 40
IPF row error: 22.697220, col error: 0.000000
IPF converged at iteration 40
Starting Iterative Proportional Fitting (IPF)...
IPF row error: 22.697220, col error: 0.000000
Starting Iterative Proportional Fitting (IPF)...
IPF converged at iteration 40
IPF row error: 22.697220, col error: 0.000000
Starting Iterative Proportional Fitting (IPF)...
Starting Iterative Proportional Fitting (IPF)...
IPF converged at iteration 40
IPF row error: 22.697220, col error: 0.000000
IPF converged at iteration 40
IPF row error: 22.697220, col error: 0.000000
Starting Iterative Proportional Fitting (IPF)...
IPF converged at iteration 40
IPF row error: 22.697220, col error: 0.000000
IPF converged at iteration 40
Starting Iterative Proportional Fitting (IPF)...
IPF row error: 22.697220, col error: 0.000000
Starting Iterative Proportional Fitting (IPF)...
Starting Iterative Proportional Fitting (IPF)...
IPF converged at iteration 40
IPF row error: 22.697220, col error: 0.000000
IPF converged at iteration 40
IPF row error: 22.697220, col error: 0.000000
IPF converged at iteration 40
Starting Iterative Proportional Fitting (IPF)...
IPF row error: 22.697220, col error: 0.000000
Starting Iterative Proportional Fitting (IPF)...
IPF converged at iteration 40
IPF row error: 22.697220, col error: 0.000000
Starting Iterative Proportional Fitting (IPF)...
Starting Iterative Proportional Fitting (IPF)...
IPF converged at iteration 40
IPF row error: 22.697220, col error: 0.000000
IPF converged at iteration 40
IPF row error: 22.697220, col error: 0.000000
IPF converged at iteration 40
IPF row error: 22.697220, col error: 0.000000
Starting Iterative Proportional Fitting (IPF)...
IPF converged at iteration 40
Starting Iterative Proportional Fitting (IPF)...
IPF row error: 22.697220, col error: 0.000000
Starting Iterative Proportional Fitting (IPF)...
Starting Iterative Proportional Fitting (IPF)...
IPF converged at iteration 40
IPF row error: 22.697220, col error: 0.000000
IPF converged at iteration 40
IPF row error: 22.697220, col error: 0.000000
IPF converged at iteration 40
Starting Iterative Proportional Fitting (IPF)...
IPF row error: 22.697220, col error: 0.000000
IPF converged at iteration 40
Starting Iterative Proportional Fitting (IPF)...
IPF row error: 22.697220, col error: 0.000000
Starting Iterative Proportional Fitting (IPF)...
Starting Iterative Proportional Fitting (IPF)...
IPF converged at iteration 40
IPF row error: 22.697220, col error: 0.000000
IPF converged at iteration 40
IPF row error: 22.697220, col error: 0.000000
Starting Iterative Proportional Fitting (IPF)...
IPF converged at iteration 40
IPF row error: 22.697220, col error: 0.000000
Starting Iterative Proportional Fitting (IPF)...
IPF converged at iteration 40
IPF row error: 22.697220, col error: 0.000000
Starting Iterative Proportional Fitting (IPF)...
Starting Iterative Proportional Fitting (IPF)...
IPF converged at iteration 40
IPF row error: 22.697220, col error: 0.000000
IPF converged at iteration 40
IPF row error: 22.697220, col error: 0.000000
IPF converged at iteration 40
Starting Iterative Proportional Fitting (IPF)...
IPF row error: 22.697220, col error: 0.000000
Starting Iterative Proportional Fitting (IPF)...
IPF converged at iteration 40
IPF row error: 22.697220, col error: 0.000000
Starting Iterative Proportional Fitting (IPF)...
Starting Iterative Proportional Fitting (IPF)...
IPF converged at iteration 40
IPF converged at iteration 40
IPF row error: 22.697220, col error: 0.000000
IPF row error: 22.697220, col error: 0.000000
  [2019/test] 진행 90/1750 (5.1%) | 누적 CPC 0.1588 | RMSE 490.7609 | %RMSE 43.0800 | 경과 1.4분 | 예상 남음 26.6분
IPF converged at iteration 40
Starting Iterative Proportional Fitting (IPF)...
Starting Iterative Proportional Fitting (IPF)...
IPF row error: 22.697220, col error: 0.000000
IPF converged at iteration 40
IPF row error: 22.697220, col error: 0.000000
Starting Iterative Proportional Fitting (IPF)...
Starting Iterative Proportional Fitting (IPF)...
IPF converged at iteration 40
IPF row error: 22.697220, col error: 0.000000
IPF converged at iteration 40
IPF row error: 22.697220, col error: 0.000000
IPF converged at iteration 40
Starting Iterative Proportional Fitting (IPF)...
IPF row error: 22.697220, col error: 0.000000
Starting Iterative Proportional Fitting (IPF)...
Starting Iterative Proportional Fitting (IPF)...
IPF converged at iteration 40
IPF row error: 22.697220, col error: 0.000000
Starting Iterative Proportional Fitting (IPF)...
IPF converged at iteration 40
IPF row error: 22.697220, col error: 0.000000
IPF converged at iteration 40
IPF row error: 22.697220, col error: 0.000000
IPF converged at iteration 40
Starting Iterative Proportional Fitting (IPF)...
IPF row error: 22.697220, col error: 0.000000
Starting Iterative Proportional Fitting (IPF)...
IPF converged at iteration 40
Starting Iterative Proportional Fitting (IPF)...
IPF row error: 22.697220, col error: 0.000000
Starting Iterative Proportional Fitting (IPF)...
IPF converged at iteration 40
IPF row error: 22.697470, col error: 0.000000
IPF converged at iteration 40
IPF row error: 22.697470, col error: 0.000000
IPF converged at iteration 40
IPF row error: 22.697470, col error: 0.000000Starting Iterative Proportional Fitting (IPF)...

Starting Iterative Proportional Fitting (IPF)...
IPF converged at iteration 40
IPF row error: 22.697470, col error: 0.000000
Starting Iterative Proportional Fitting (IPF)...
Starting Iterative Proportional Fitting (IPF)...
IPF converged at iteration 40
IPF row error: 22.697470, col error: 0.000000
IPF converged at iteration 40
IPF row error: 22.697470, col error: 0.000000
IPF converged at iteration 40Starting Iterative Proportional Fitting (IPF)...

IPF row error: 22.697470, col error: 0.000000
Starting Iterative Proportional Fitting (IPF)...
IPF converged at iteration 40
IPF row error: 22.697470, col error: 0.000000
Starting Iterative Proportional Fitting (IPF)...
Starting Iterative Proportional Fitting (IPF)...
IPF converged at iteration 40
IPF row error: 22.697470, col error: 0.000000
IPF converged at iteration 40
IPF row error: 22.697470, col error: 0.000000
IPF converged at iteration 40
Starting Iterative Proportional Fitting (IPF)...
IPF row error: 22.697470, col error: 0.000000
Starting Iterative Proportional Fitting (IPF)...
IPF converged at iteration 40
IPF row error: 22.697470, col error: 0.000000
Starting Iterative Proportional Fitting (IPF)...
Starting Iterative Proportional Fitting (IPF)...
IPF converged at iteration 40
IPF row error: 22.697470, col error: 0.000000
IPF converged at iteration 40
IPF row error: 22.697470, col error: 0.000000
Starting Iterative Proportional Fitting (IPF)...
IPF converged at iteration 40
IPF row error: 22.697470, col error: 0.000000
Starting Iterative Proportional Fitting (IPF)...
IPF converged at iteration 40
IPF row error: 22.697470, col error: 0.000000
Starting Iterative Proportional Fitting (IPF)...
Starting Iterative Proportional Fitting (IPF)...
IPF converged at iteration 40
IPF row error: 22.697470, col error: 0.000000
IPF converged at iteration 40
IPF row error: 22.697470, col error: 0.000000
Starting Iterative Proportional Fitting (IPF)...
IPF converged at iteration 40
IPF row error: 22.697470, col error: 0.000000
Starting Iterative Proportional Fitting (IPF)...
IPF converged at iteration 40
IPF row error: 22.697470, col error: 0.000000
  [2019/test] 진행 120/1750 (6.9%) | 누적 CPC 0.1625 | RMSE 533.4928 | %RMSE 43.0758 | 경과 1.9분 | 예상 남음 25.5분
Starting Iterative Proportional Fitting (IPF)...
Starting Iterative Proportional Fitting (IPF)...
IPF converged at iteration 40
IPF row error: 22.697470, col error: 0.000000
IPF converged at iteration 40
IPF row error: 22.697470, col error: 0.000000
Starting Iterative Proportional Fitting (IPF)...
IPF converged at iteration 40
Starting Iterative Proportional Fitting (IPF)...
IPF row error: 22.697470, col error: 0.000000
IPF converged at iteration 40
IPF row error: 22.697470, col error: 0.000000
Starting Iterative Proportional Fitting (IPF)...
Starting Iterative Proportional Fitting (IPF)...
IPF converged at iteration 40
IPF row error: 22.697470, col error: 0.000000
IPF converged at iteration 40
IPF row error: 22.697470, col error: 0.000000
Starting Iterative Proportional Fitting (IPF)...
IPF converged at iteration 40
Starting Iterative Proportional Fitting (IPF)...
IPF row error: 22.697470, col error: 0.000000
IPF converged at iteration 40
IPF row error: 22.697470, col error: 0.000000
Starting Iterative Proportional Fitting (IPF)...
Starting Iterative Proportional Fitting (IPF)...
IPF converged at iteration 40
IPF row error: 22.697470, col error: 0.000000
IPF converged at iteration 40
IPF row error: 22.697470, col error: 0.000000
Starting Iterative Proportional Fitting (IPF)...
IPF converged at iteration 40
Starting Iterative Proportional Fitting (IPF)...IPF row error: 22.697470, col error: 0.000000

IPF converged at iteration 40
IPF row error: 22.697470, col error: 0.000000
Starting Iterative Proportional Fitting (IPF)...
Starting Iterative Proportional Fitting (IPF)...
IPF converged at iteration 40
IPF row error: 22.697470, col error: 0.000000
IPF converged at iteration 40
IPF row error: 22.697470, col error: 0.000000
IPF converged at iteration 40
Starting Iterative Proportional Fitting (IPF)...
IPF row error: 22.697470, col error: 0.000000
Starting Iterative Proportional Fitting (IPF)...
IPF converged at iteration 40
Starting Iterative Proportional Fitting (IPF)...
IPF row error: 22.697470, col error: 0.000000
Starting Iterative Proportional Fitting (IPF)...
IPF converged at iteration 40
IPF row error: 22.697470, col error: 0.000000
IPF converged at iteration 40
IPF row error: 22.697470, col error: 0.000000
IPF converged at iteration 40
Starting Iterative Proportional Fitting (IPF)...
IPF row error: 22.697470, col error: 0.000000
Starting Iterative Proportional Fitting (IPF)...
Starting Iterative Proportional Fitting (IPF)...
IPF converged at iteration 40
IPF row error: 22.697470, col error: 0.000000
Starting Iterative Proportional Fitting (IPF)...
IPF converged at iteration 40
IPF row error: 22.697470, col error: 0.000000
IPF converged at iteration 40
IPF row error: 22.697470, col error: 0.000000
IPF converged at iteration 40
IPF row error: 22.697470, col error: 0.000000
Starting Iterative Proportional Fitting (IPF)...
Starting Iterative Proportional Fitting (IPF)...
Starting Iterative Proportional Fitting (IPF)...IPF converged at iteration 40

IPF row error: 22.697470, col error: 0.000000
Starting Iterative Proportional Fitting (IPF)...
IPF converged at iteration 40
IPF row error: 22.697470, col error: 0.000000
IPF converged at iteration 40
IPF row error: 22.697470, col error: 0.000000
IPF converged at iteration 40
Starting Iterative Proportional Fitting (IPF)...
IPF row error: 22.697470, col error: 0.000000
Starting Iterative Proportional Fitting (IPF)...
Starting Iterative Proportional Fitting (IPF)...
IPF converged at iteration 40
IPF row error: 22.697470, col error: 0.000000
Starting Iterative Proportional Fitting (IPF)...
IPF converged at iteration 40
IPF row error: 22.697470, col error: 0.000000
IPF converged at iteration 40
IPF row error: 22.697470, col error: 0.000000
  [2019/test] 진행 150/1750 (8.6%) | 누적 CPC 0.1688 | RMSE 569.3441 | %RMSE 41.9046 | 경과 2.3분 | 예상 남음 24.2분
IPF converged at iteration 40
IPF row error: 22.661325, col error: 0.000000
Starting Iterative Proportional Fitting (IPF)...
Starting Iterative Proportional Fitting (IPF)...
IPF converged at iteration 40
Starting Iterative Proportional Fitting (IPF)...
IPF row error: 22.661325, col error: 0.000000
Starting Iterative Proportional Fitting (IPF)...
IPF converged at iteration 40
IPF row error: 22.661325, col error: 0.000000
IPF converged at iteration 40
IPF row error: 22.661325, col error: 0.000000
IPF converged at iteration 40
IPF row error: 22.661325, col error: 0.000000
Starting Iterative Proportional Fitting (IPF)...
Starting Iterative Proportional Fitting (IPF)...
Starting Iterative Proportional Fitting (IPF)...
IPF converged at iteration 40
IPF row error: 22.661325, col error: 0.000000
Starting Iterative Proportional Fitting (IPF)...
IPF converged at iteration 40
IPF row error: 22.661325, col error: 0.000000
IPF converged at iteration 40
IPF row error: 22.661325, col error: 0.000000
IPF converged at iteration 40
IPF row error: 22.661325, col error: 0.000000
Starting Iterative Proportional Fitting (IPF)...
Starting Iterative Proportional Fitting (IPF)...
IPF converged at iteration 40
Starting Iterative Proportional Fitting (IPF)...
IPF row error: 22.661325, col error: 0.000000
Starting Iterative Proportional Fitting (IPF)...
IPF converged at iteration 40
IPF row error: 22.661325, col error: 0.000000
IPF converged at iteration 40
IPF row error: 22.661325, col error: 0.000000
IPF converged at iteration 40
IPF row error: 22.661325, col error: 0.000000
Starting Iterative Proportional Fitting (IPF)...
Starting Iterative Proportional Fitting (IPF)...
Starting Iterative Proportional Fitting (IPF)...
IPF converged at iteration 40
IPF row error: 22.661325, col error: 0.000000
Starting Iterative Proportional Fitting (IPF)...
IPF converged at iteration 40
IPF row error: 22.661325, col error: 0.000000
IPF converged at iteration 40
IPF row error: 22.661325, col error: 0.000000
IPF converged at iteration 40
IPF row error: 22.661325, col error: 0.000000
Starting Iterative Proportional Fitting (IPF)...
Starting Iterative Proportional Fitting (IPF)...
Starting Iterative Proportional Fitting (IPF)...
IPF converged at iteration 40
IPF row error: 22.661325, col error: 0.000000
Starting Iterative Proportional Fitting (IPF)...
IPF converged at iteration 40
IPF row error: 22.661325, col error: 0.000000
IPF converged at iteration 40
IPF row error: 22.661325, col error: 0.000000
IPF converged at iteration 40
IPF row error: 22.661325, col error: 0.000000
Starting Iterative Proportional Fitting (IPF)...
Starting Iterative Proportional Fitting (IPF)...
Starting Iterative Proportional Fitting (IPF)...
IPF converged at iteration 40
IPF row error: 22.661325, col error: 0.000000
Starting Iterative Proportional Fitting (IPF)...
IPF converged at iteration 40
IPF row error: 22.661325, col error: 0.000000
IPF converged at iteration 40
IPF converged at iteration 40
IPF row error: 22.661325, col error: 0.000000
IPF row error: 22.661325, col error: 0.000000
Starting Iterative Proportional Fitting (IPF)...
Starting Iterative Proportional Fitting (IPF)...
Starting Iterative Proportional Fitting (IPF)...
IPF converged at iteration 40
IPF row error: 22.661325, col error: 0.000000
Starting Iterative Proportional Fitting (IPF)...
IPF converged at iteration 40
IPF row error: 22.661325, col error: 0.000000
IPF converged at iteration 40
IPF converged at iteration 40
Starting Iterative Proportional Fitting (IPF)...
IPF row error: 22.661325, col error: 0.000000
IPF row error: 22.661325, col error: 0.000000
Starting Iterative Proportional Fitting (IPF)...
Starting Iterative Proportional Fitting (IPF)...
IPF converged at iteration 40
IPF row error: 22.661325, col error: 0.000000
  [2019/test] 진행 180/1750 (10.3%) | 누적 CPC 0.1532 | RMSE 539.7934 | %RMSE 49.9976 | 경과 2.6분 | 예상 남음 22.9분
Starting Iterative Proportional Fitting (IPF)...
IPF converged at iteration 40
IPF row error: 22.661325, col error: 0.000000
IPF converged at iteration 40
IPF converged at iteration 40
IPF row error: 22.661325, col error: 0.000000
Starting Iterative Proportional Fitting (IPF)...
IPF row error: 22.661325, col error: 0.000000
Starting Iterative Proportional Fitting (IPF)...
Starting Iterative Proportional Fitting (IPF)...
IPF converged at iteration 40
IPF row error: 22.661325, col error: 0.000000
Starting Iterative Proportional Fitting (IPF)...
IPF converged at iteration 40
IPF row error: 22.661325, col error: 0.000000
IPF converged at iteration 40
Starting Iterative Proportional Fitting (IPF)...
IPF row error: 22.661325, col error: 0.000000
IPF converged at iteration 40
IPF row error: 22.661325, col error: 0.000000
Starting Iterative Proportional Fitting (IPF)...
Starting Iterative Proportional Fitting (IPF)...
IPF converged at iteration 40
IPF row error: 22.661325, col error: 0.000000
Starting Iterative Proportional Fitting (IPF)...
IPF converged at iteration 40
IPF row error: 22.661325, col error: 0.000000
Starting Iterative Proportional Fitting (IPF)...
IPF converged at iteration 40
IPF row error: 22.661325, col error: 0.000000
IPF converged at iteration 40
IPF row error: 22.661325, col error: 0.000000
Starting Iterative Proportional Fitting (IPF)...
IPF converged at iteration 40
Starting Iterative Proportional Fitting (IPF)...
IPF row error: 22.661325, col error: 0.000000
Starting Iterative Proportional Fitting (IPF)...
IPF converged at iteration 40
IPF row error: 22.661325, col error: 0.000000
Starting Iterative Proportional Fitting (IPF)...
IPF converged at iteration 40
IPF row error: 22.661325, col error: 0.000000
IPF converged at iteration 40
IPF row error: 22.661325, col error: 0.000000
Starting Iterative Proportional Fitting (IPF)...
IPF converged at iteration 40
IPF row error: 22.661325, col error: 0.000000
Starting Iterative Proportional Fitting (IPF)...
Starting Iterative Proportional Fitting (IPF)...
IPF converged at iteration 40
IPF row error: 22.661325, col error: 0.000000
IPF converged at iteration 40
Starting Iterative Proportional Fitting (IPF)...
IPF row error: 22.661325, col error: 0.000000
IPF converged at iteration 40
IPF row error: 22.661325, col error: 0.000000
Starting Iterative Proportional Fitting (IPF)...
IPF converged at iteration 40
IPF row error: 22.661325, col error: 0.000000
Starting Iterative Proportional Fitting (IPF)...
Starting Iterative Proportional Fitting (IPF)...
IPF converged at iteration 40
IPF row error: 22.700246, col error: 0.000000
IPF converged at iteration 40
Starting Iterative Proportional Fitting (IPF)...
IPF row error: 22.700246, col error: 0.000000
IPF converged at iteration 40
IPF row error: 22.700246, col error: 0.000000
Starting Iterative Proportional Fitting (IPF)...
IPF converged at iteration 40
IPF row error: 22.700246, col error: 0.000000
Starting Iterative Proportional Fitting (IPF)...
Starting Iterative Proportional Fitting (IPF)...
IPF converged at iteration 40
IPF row error: 22.700246, col error: 0.000000
Starting Iterative Proportional Fitting (IPF)...
IPF converged at iteration 40
IPF row error: 22.700246, col error: 0.000000
IPF converged at iteration 40
IPF row error: 22.700246, col error: 0.000000
Starting Iterative Proportional Fitting (IPF)...
IPF converged at iteration 40
IPF row error: 22.700246, col error: 0.000000
Starting Iterative Proportional Fitting (IPF)...
Starting Iterative Proportional Fitting (IPF)...
IPF converged at iteration 40
IPF row error: 22.700246, col error: 0.000000
Starting Iterative Proportional Fitting (IPF)...
IPF converged at iteration 40
IPF row error: 22.700246, col error: 0.000000
  [2019/test] 진행 210/1750 (12.0%) | 누적 CPC 0.1419 | RMSE 538.7144 | %RMSE 59.3014 | 경과 3.0분 | 예상 남음 22.3분
IPF converged at iteration 40
IPF row error: 22.700246, col error: 0.000000
Starting Iterative Proportional Fitting (IPF)...
IPF converged at iteration 40
IPF row error: 22.700246, col error: 0.000000
Starting Iterative Proportional Fitting (IPF)...
Starting Iterative Proportional Fitting (IPF)...
IPF converged at iteration 40
IPF row error: 22.700246, col error: 0.000000
IPF converged at iteration 40
IPF row error: 22.700246, col error: 0.000000
Starting Iterative Proportional Fitting (IPF)...
IPF converged at iteration 40
IPF row error: 22.700246, col error: 0.000000
IPF converged at iteration 40
Starting Iterative Proportional Fitting (IPF)...
IPF row error: 22.700246, col error: 0.000000
Starting Iterative Proportional Fitting (IPF)...
Starting Iterative Proportional Fitting (IPF)...
IPF converged at iteration 40
IPF row error: 22.700246, col error: 0.000000
IPF converged at iteration 40
IPF row error: 22.700246, col error: 0.000000
Starting Iterative Proportional Fitting (IPF)...
IPF converged at iteration 40
Starting Iterative Proportional Fitting (IPF)...
IPF converged at iteration 40
IPF row error: 22.700246, col error: 0.000000
IPF row error: 22.700246, col error: 0.000000
Starting Iterative Proportional Fitting (IPF)...
Starting Iterative Proportional Fitting (IPF)...
IPF converged at iteration 40
IPF row error: 22.700246, col error: 0.000000
IPF converged at iteration 40
IPF row error: 22.700246, col error: 0.000000
Starting Iterative Proportional Fitting (IPF)...
IPF converged at iteration 40
IPF converged at iteration 40Starting Iterative Proportional Fitting (IPF)...

IPF row error: 22.700246, col error: 0.000000
IPF row error: 22.700246, col error: 0.000000
Starting Iterative Proportional Fitting (IPF)...
Starting Iterative Proportional Fitting (IPF)...
IPF converged at iteration 40
IPF row error: 22.700246, col error: 0.000000
IPF converged at iteration 40
IPF row error: 22.700246, col error: 0.000000
Starting Iterative Proportional Fitting (IPF)...
IPF converged at iteration 40
IPF row error: 22.700246, col error: 0.000000
Starting Iterative Proportional Fitting (IPF)...
IPF converged at iteration 40
IPF row error: 22.700246, col error: 0.000000
Starting Iterative Proportional Fitting (IPF)...
Starting Iterative Proportional Fitting (IPF)...
IPF converged at iteration 40
IPF converged at iteration 40
IPF row error: 22.700246, col error: 0.000000
IPF row error: 22.700246, col error: 0.000000
IPF converged at iteration 40
Starting Iterative Proportional Fitting (IPF)...
Starting Iterative Proportional Fitting (IPF)...
IPF converged at iteration 40
IPF row error: 22.700246, col error: 0.000000
IPF row error: 22.700246, col error: 0.000000
Starting Iterative Proportional Fitting (IPF)...
Starting Iterative Proportional Fitting (IPF)...
IPF converged at iteration 40
IPF converged at iteration 40
IPF row error: 22.700246, col error: 0.000000IPF row error: 22.700246, col error: 0.000000

IPF converged at iteration 40
Starting Iterative Proportional Fitting (IPF)...
Starting Iterative Proportional Fitting (IPF)...IPF row error: 22.700246, col error: 0.000000

IPF converged at iteration 40
IPF row error: 22.700246, col error: 0.000000
Starting Iterative Proportional Fitting (IPF)...
Starting Iterative Proportional Fitting (IPF)...
IPF converged at iteration 40
IPF row error: 22.700246, col error: 0.000000
IPF converged at iteration 40
IPF row error: 22.700246, col error: 0.000000
IPF converged at iteration 40
IPF row error: 22.700246, col error: 0.000000
Starting Iterative Proportional Fitting (IPF)...
Starting Iterative Proportional Fitting (IPF)...
IPF converged at iteration 40
IPF row error: 22.700246, col error: 0.000000
  [2019/test] 진행 240/1750 (13.7%) | 누적 CPC 0.1332 | RMSE 572.9552 | %RMSE 72.4446 | 경과 3.4분 | 예상 남음 21.6분
Starting Iterative Proportional Fitting (IPF)...
Starting Iterative Proportional Fitting (IPF)...
IPF converged at iteration 40
IPF row error: 22.700246, col error: 0.000000
IPF converged at iteration 40
IPF row error: 22.700246, col error: 0.000000
IPF converged at iteration 40
IPF row error: 22.700246, col error: 0.000000
IPF converged at iteration 40
Starting Iterative Proportional Fitting (IPF)...
IPF row error: 22.700246, col error: 0.000000
Starting Iterative Proportional Fitting (IPF)...
Starting Iterative Proportional Fitting (IPF)...
Starting Iterative Proportional Fitting (IPF)...
IPF converged at iteration 40
IPF row error: 22.700246, col error: 0.000000
IPF converged at iteration 40
IPF row error: 22.700246, col error: 0.000000
IPF converged at iteration 40
IPF row error: 22.700246, col error: 0.000000
Starting Iterative Proportional Fitting (IPF)...
IPF converged at iteration 40
IPF row error: 22.700246, col error: 0.000000
Starting Iterative Proportional Fitting (IPF)...
Starting Iterative Proportional Fitting (IPF)...
Starting Iterative Proportional Fitting (IPF)...
IPF converged at iteration 40
IPF converged at iteration 40
IPF row error: 22.700246, col error: 0.000000
IPF row error: 22.700246, col error: 0.000000
IPF converged at iteration 40
IPF row error: 22.636750, col error: 0.000000
IPF converged at iteration 40
IPF row error: 22.636750, col error: 0.000000
Starting Iterative Proportional Fitting (IPF)...
Starting Iterative Proportional Fitting (IPF)...
Starting Iterative Proportional Fitting (IPF)...
Starting Iterative Proportional Fitting (IPF)...
IPF converged at iteration 40
IPF converged at iteration 40
IPF row error: 22.636750, col error: 0.000000
IPF row error: 22.636750, col error: 0.000000
IPF converged at iteration 40
IPF row error: 22.636750, col error: 0.000000
IPF converged at iteration 40
Starting Iterative Proportional Fitting (IPF)...
IPF row error: 22.636750, col error: 0.000000
Starting Iterative Proportional Fitting (IPF)...
Starting Iterative Proportional Fitting (IPF)...
Starting Iterative Proportional Fitting (IPF)...
IPF converged at iteration 40
IPF row error: 22.636750, col error: 0.000000
IPF converged at iteration 40
IPF row error: 22.636750, col error: 0.000000
IPF converged at iteration 40
Starting Iterative Proportional Fitting (IPF)...
IPF converged at iteration 40
IPF row error: 22.636750, col error: 0.000000
IPF row error: 22.636750, col error: 0.000000
Starting Iterative Proportional Fitting (IPF)...
Starting Iterative Proportional Fitting (IPF)...
Starting Iterative Proportional Fitting (IPF)...
IPF converged at iteration 40
IPF row error: 22.636750, col error: 0.000000
IPF converged at iteration 40
IPF row error: 22.636750, col error: 0.000000
Starting Iterative Proportional Fitting (IPF)...
IPF converged at iteration 40
IPF converged at iteration 40
IPF row error: 22.636750, col error: 0.000000
IPF row error: 22.636750, col error: 0.000000
Starting Iterative Proportional Fitting (IPF)...
Starting Iterative Proportional Fitting (IPF)...
Starting Iterative Proportional Fitting (IPF)...
IPF converged at iteration 40
IPF row error: 22.636750, col error: 0.000000
Starting Iterative Proportional Fitting (IPF)...
IPF converged at iteration 40
IPF row error: 22.636750, col error: 0.000000
IPF converged at iteration 40
IPF converged at iteration 40
IPF row error: 22.636750, col error: 0.000000
IPF row error: 22.636750, col error: 0.000000
Starting Iterative Proportional Fitting (IPF)...
Starting Iterative Proportional Fitting (IPF)...
Starting Iterative Proportional Fitting (IPF)...
IPF converged at iteration 40
IPF row error: 22.636750, col error: 0.000000
IPF converged at iteration 40
Starting Iterative Proportional Fitting (IPF)...
IPF row error: 22.636750, col error: 0.000000
  [2019/test] 진행 270/1750 (15.4%) | 누적 CPC 0.1292 | RMSE 590.0488 | %RMSE 77.5805 | 경과 3.9분 | 예상 남음 21.3분
IPF converged at iteration 40
IPF converged at iteration 40
IPF row error: 22.636750, col error: 0.000000
IPF row error: 22.636750, col error: 0.000000
Starting Iterative Proportional Fitting (IPF)...
Starting Iterative Proportional Fitting (IPF)...
Starting Iterative Proportional Fitting (IPF)...
IPF converged at iteration 40
IPF row error: 22.636750, col error: 0.000000
Starting Iterative Proportional Fitting (IPF)...
IPF converged at iteration 40
IPF converged at iteration 40
IPF row error: 22.636750, col error: 0.000000
IPF converged at iteration 40
IPF row error: 22.636750, col error: 0.000000
IPF row error: 22.636750, col error: 0.000000
Starting Iterative Proportional Fitting (IPF)...
Starting Iterative Proportional Fitting (IPF)...
Starting Iterative Proportional Fitting (IPF)...
IPF converged at iteration 40
IPF row error: 22.636750, col error: 0.000000
Starting Iterative Proportional Fitting (IPF)...
IPF converged at iteration 40
IPF converged at iteration 40
IPF converged at iteration 40
IPF row error: 22.636750, col error: 0.000000
IPF row error: 22.636750, col error: 0.000000
IPF row error: 22.636750, col error: 0.000000
Starting Iterative Proportional Fitting (IPF)...
Starting Iterative Proportional Fitting (IPF)...
Starting Iterative Proportional Fitting (IPF)...
IPF converged at iteration 40
IPF row error: 22.636750, col error: 0.000000
Starting Iterative Proportional Fitting (IPF)...
IPF converged at iteration 40
IPF converged at iteration 40
IPF row error: 22.636750, col error: 0.000000
IPF converged at iteration 40
IPF row error: 22.636750, col error: 0.000000
IPF row error: 22.636750, col error: 0.000000
Starting Iterative Proportional Fitting (IPF)...
Starting Iterative Proportional Fitting (IPF)...
Starting Iterative Proportional Fitting (IPF)...
IPF converged at iteration 40
IPF row error: 22.636750, col error: 0.000000
Starting Iterative Proportional Fitting (IPF)...
IPF converged at iteration 40
IPF converged at iteration 40
IPF row error: 22.636750, col error: 0.000000
IPF converged at iteration 40
IPF row error: 22.636750, col error: 0.000000
IPF row error: 22.636750, col error: 0.000000
Starting Iterative Proportional Fitting (IPF)...
Starting Iterative Proportional Fitting (IPF)...
Starting Iterative Proportional Fitting (IPF)...
IPF converged at iteration 40
IPF row error: 22.636750, col error: 0.000000
Starting Iterative Proportional Fitting (IPF)...
IPF converged at iteration 40
IPF row error: 22.636750, col error: 0.000000
IPF converged at iteration 40
IPF converged at iteration 40
IPF row error: 22.636750, col error: 0.000000
IPF row error: 22.636750, col error: 0.000000
Starting Iterative Proportional Fitting (IPF)...
Starting Iterative Proportional Fitting (IPF)...
Starting Iterative Proportional Fitting (IPF)...
IPF converged at iteration 40
IPF row error: 22.636750, col error: 0.000000
Starting Iterative Proportional Fitting (IPF)...
IPF converged at iteration 40
IPF row error: 22.636750, col error: 0.000000
IPF converged at iteration 40
IPF converged at iteration 40
IPF row error: 22.636750, col error: 0.000000
IPF row error: 22.636750, col error: 0.000000
Starting Iterative Proportional Fitting (IPF)...
Starting Iterative Proportional Fitting (IPF)...
Starting Iterative Proportional Fitting (IPF)...
IPF converged at iteration 40
IPF row error: 22.636750, col error: 0.000000
Starting Iterative Proportional Fitting (IPF)...
IPF converged at iteration 40
IPF row error: 22.636750, col error: 0.000000
IPF converged at iteration 40
IPF converged at iteration 40
IPF row error: 22.636750, col error: 0.000000Starting Iterative Proportional Fitting (IPF)...

IPF row error: 22.636750, col error: 0.000000
  [2019/test] 진행 300/1750 (17.1%) | 누적 CPC 0.1272 | RMSE 599.4316 | %RMSE 79.4003 | 경과 4.3분 | 예상 남음 20.6분
Starting Iterative Proportional Fitting (IPF)...
Starting Iterative Proportional Fitting (IPF)...
IPF converged at iteration 40
IPF row error: 23.065970, col error: 0.000000
Starting Iterative Proportional Fitting (IPF)...
IPF converged at iteration 40
IPF row error: 23.065970, col error: 0.000000
IPF converged at iteration 40
IPF converged at iteration 40
IPF row error: 23.065970, col error: 0.000000
IPF row error: 23.065970, col error: 0.000000
Starting Iterative Proportional Fitting (IPF)...
Starting Iterative Proportional Fitting (IPF)...Starting Iterative Proportional Fitting (IPF)...

IPF converged at iteration 40
IPF row error: 23.065970, col error: 0.000000
Starting Iterative Proportional Fitting (IPF)...
IPF converged at iteration 40
IPF row error: 23.065970, col error: 0.000000
IPF converged at iteration 40
IPF converged at iteration 40
IPF row error: 23.065970, col error: 0.000000
Starting Iterative Proportional Fitting (IPF)...
IPF row error: 23.065970, col error: 0.000000
Starting Iterative Proportional Fitting (IPF)...
Starting Iterative Proportional Fitting (IPF)...
IPF converged at iteration 40
IPF row error: 23.065970, col error: 0.000000
Starting Iterative Proportional Fitting (IPF)...
IPF converged at iteration 40
IPF row error: 23.065970, col error: 0.000000
IPF converged at iteration 40
IPF converged at iteration 40
Starting Iterative Proportional Fitting (IPF)...
IPF row error: 23.065970, col error: 0.000000
IPF row error: 23.065970, col error: 0.000000
Starting Iterative Proportional Fitting (IPF)...
Starting Iterative Proportional Fitting (IPF)...
IPF converged at iteration 40
IPF row error: 23.065970, col error: 0.000000
Starting Iterative Proportional Fitting (IPF)...
IPF converged at iteration 40
IPF row error: 23.065970, col error: 0.000000
IPF converged at iteration 40
IPF converged at iteration 40
Starting Iterative Proportional Fitting (IPF)...IPF row error: 23.065970, col error: 0.000000

IPF row error: 23.065970, col error: 0.000000
Starting Iterative Proportional Fitting (IPF)...
Starting Iterative Proportional Fitting (IPF)...
IPF converged at iteration 40
IPF row error: 23.065970, col error: 0.000000
Starting Iterative Proportional Fitting (IPF)...
IPF converged at iteration 40
IPF row error: 23.065970, col error: 0.000000
IPF converged at iteration 40
IPF converged at iteration 40
IPF row error: 23.065970, col error: 0.000000
IPF row error: 23.065970, col error: 0.000000
Starting Iterative Proportional Fitting (IPF)...
Starting Iterative Proportional Fitting (IPF)...
Starting Iterative Proportional Fitting (IPF)...
IPF converged at iteration 40
IPF row error: 23.065970, col error: 0.000000
Starting Iterative Proportional Fitting (IPF)...
IPF converged at iteration 40
IPF row error: 23.065970, col error: 0.000000
IPF converged at iteration 40
IPF converged at iteration 40
IPF row error: 23.065970, col error: 0.000000
IPF row error: 23.065970, col error: 0.000000
Starting Iterative Proportional Fitting (IPF)...
Starting Iterative Proportional Fitting (IPF)...
Starting Iterative Proportional Fitting (IPF)...
IPF converged at iteration 40
IPF row error: 23.065970, col error: 0.000000
Starting Iterative Proportional Fitting (IPF)...
IPF converged at iteration 40
IPF row error: 23.065970, col error: 0.000000
IPF converged at iteration 40
IPF converged at iteration 40
IPF row error: 23.065970, col error: 0.000000
IPF row error: 23.065970, col error: 0.000000
Starting Iterative Proportional Fitting (IPF)...
Starting Iterative Proportional Fitting (IPF)...
Starting Iterative Proportional Fitting (IPF)...
IPF converged at iteration 40
IPF row error: 23.065970, col error: 0.000000
Starting Iterative Proportional Fitting (IPF)...
IPF converged at iteration 40
IPF row error: 23.065970, col error: 0.000000
  [2019/test] 진행 330/1750 (18.9%) | 누적 CPC 0.1346 | RMSE 575.5041 | %RMSE 74.1439 | 경과 4.7분 | 예상 남음 20.1분
IPF converged at iteration 40
IPF converged at iteration 40
IPF row error: 23.065970, col error: 0.000000
IPF row error: 23.065970, col error: 0.000000
Starting Iterative Proportional Fitting (IPF)...
Starting Iterative Proportional Fitting (IPF)...
Starting Iterative Proportional Fitting (IPF)...
IPF converged at iteration 40
IPF row error: 23.065970, col error: 0.000000
Starting Iterative Proportional Fitting (IPF)...
IPF converged at iteration 40
IPF row error: 23.065970, col error: 0.000000
IPF converged at iteration 40
IPF converged at iteration 40
IPF row error: 23.065970, col error: 0.000000
IPF row error: 23.065970, col error: 0.000000
Starting Iterative Proportional Fitting (IPF)...
Starting Iterative Proportional Fitting (IPF)...
Starting Iterative Proportional Fitting (IPF)...
IPF converged at iteration 40
IPF row error: 23.065970, col error: 0.000000
Starting Iterative Proportional Fitting (IPF)...
IPF converged at iteration 40
IPF row error: 23.065970, col error: 0.000000
IPF converged at iteration 40
IPF converged at iteration 40
IPF row error: 23.065970, col error: 0.000000
IPF row error: 23.065970, col error: 0.000000
Starting Iterative Proportional Fitting (IPF)...
Starting Iterative Proportional Fitting (IPF)...
Starting Iterative Proportional Fitting (IPF)...
IPF converged at iteration 40
IPF row error: 23.065970, col error: 0.000000
Starting Iterative Proportional Fitting (IPF)...
IPF converged at iteration 40
IPF row error: 23.065970, col error: 0.000000
IPF converged at iteration 40
IPF row error: 23.065970, col error: 0.000000
IPF converged at iteration 40
Starting Iterative Proportional Fitting (IPF)...
IPF row error: 23.065970, col error: 0.000000
Starting Iterative Proportional Fitting (IPF)...
Starting Iterative Proportional Fitting (IPF)...
IPF converged at iteration 40
IPF row error: 23.065970, col error: 0.000000
Starting Iterative Proportional Fitting (IPF)...
IPF converged at iteration 40
IPF row error: 23.065970, col error: 0.000000
IPF converged at iteration 40
IPF row error: 23.065970, col error: 0.000000
IPF converged at iteration 40
Starting Iterative Proportional Fitting (IPF)...
IPF row error: 23.065970, col error: 0.000000
Starting Iterative Proportional Fitting (IPF)...
Starting Iterative Proportional Fitting (IPF)...
IPF converged at iteration 24
IPF row error: 19.798923, col error: 0.000000
IPF converged at iteration 24
IPF row error: 19.191654, col error: 0.000000
Starting Iterative Proportional Fitting (IPF)...
Starting Iterative Proportional Fitting (IPF)...
IPF converged at iteration 40
IPF row error: 23.065970, col error: 0.000000
Starting Iterative Proportional Fitting (IPF)...
IPF converged at iteration 40
IPF row error: 23.065970, col error: 0.000000
Starting Iterative Proportional Fitting (IPF)...
IPF converged at iteration 26
IPF converged at iteration 40
IPF row error: 20.115686, col error: 0.000000
IPF row error: 22.702210, col error: 0.000000
IPF converged at iteration 40
IPF row error: 22.702210, col error: 0.000000
Starting Iterative Proportional Fitting (IPF)...
Starting Iterative Proportional Fitting (IPF)...
Starting Iterative Proportional Fitting (IPF)...
IPF converged at iteration 40
IPF row error: 22.702210, col error: 0.000000
Starting Iterative Proportional Fitting (IPF)...
IPF converged at iteration 40
IPF row error: 22.702210, col error: 0.000000
IPF converged at iteration 40
IPF row error: 23.521099, col error: 0.000000
Starting Iterative Proportional Fitting (IPF)...
Starting Iterative Proportional Fitting (IPF)...
IPF converged at iteration 40
IPF row error: 22.702210, col error: 0.000000
Starting Iterative Proportional Fitting (IPF)...
IPF converged at iteration 27
IPF row error: 21.133937, col error: 0.000000
  [2019/test] 진행 360/1750 (20.6%) | 누적 CPC 0.1399 | RMSE 558.3572 | %RMSE 70.0986 | 경과 5.0분 | 예상 남음 19.5분
Starting Iterative Proportional Fitting (IPF)...
IPF converged at iteration 26
IPF row error: 21.283467, col error: 0.000000
Starting Iterative Proportional Fitting (IPF)...
IPF converged at iteration 84
IPF row error: 21.892781, col error: 0.000000
IPF converged at iteration 40
IPF row error: 22.702210, col error: 0.000000
Starting Iterative Proportional Fitting (IPF)...
Starting Iterative Proportional Fitting (IPF)...
IPF converged at iteration 25
IPF row error: 17.817108, col error: 0.000000
Starting Iterative Proportional Fitting (IPF)...
IPF converged at iteration 40
IPF row error: 22.702210, col error: 0.000000
Starting Iterative Proportional Fitting (IPF)...
IPF converged at iteration 40
IPF row error: 22.702210, col error: 0.000000
IPF converged at iteration 40
IPF row error: 22.702210, col error: 0.000000
Starting Iterative Proportional Fitting (IPF)...
Starting Iterative Proportional Fitting (IPF)...
IPF converged at iteration 27
IPF row error: 22.485793, col error: 0.000000
Starting Iterative Proportional Fitting (IPF)...
IPF converged at iteration 40
IPF row error: 22.702210, col error: 0.000000
Starting Iterative Proportional Fitting (IPF)...
IPF converged at iteration 40
IPF row error: 22.702210, col error: 0.000000
IPF converged at iteration 40
IPF row error: 22.702210, col error: 0.000000
Starting Iterative Proportional Fitting (IPF)...
Starting Iterative Proportional Fitting (IPF)...
IPF converged at iteration 40
IPF row error: 22.702210, col error: 0.000000
Starting Iterative Proportional Fitting (IPF)...
IPF converged at iteration 40
IPF row error: 22.702210, col error: 0.000000
Starting Iterative Proportional Fitting (IPF)...
IPF converged at iteration 33
IPF row error: 23.026515, col error: 0.000000
Starting Iterative Proportional Fitting (IPF)...
IPF converged at iteration 40
IPF row error: 22.702210, col error: 0.000000
Starting Iterative Proportional Fitting (IPF)...
IPF converged at iteration 40
IPF row error: 22.702210, col error: 0.000000
Starting Iterative Proportional Fitting (IPF)...
IPF converged at iteration 40
IPF row error: 22.702210, col error: 0.000000
Starting Iterative Proportional Fitting (IPF)...
IPF converged at iteration 40
IPF row error: 22.702210, col error: 0.000000
Starting Iterative Proportional Fitting (IPF)...
IPF converged at iteration 40
IPF row error: 22.702210, col error: 0.000000
Starting Iterative Proportional Fitting (IPF)...
IPF converged at iteration 40
IPF row error: 22.470293, col error: 0.000000
Starting Iterative Proportional Fitting (IPF)...
IPF converged at iteration 40
IPF row error: 22.702210, col error: 0.000000
Starting Iterative Proportional Fitting (IPF)...
IPF converged at iteration 40
IPF row error: 22.702210, col error: 0.000000
IPF converged at iteration 25
IPF row error: 23.012225, col error: 0.000000
Starting Iterative Proportional Fitting (IPF)...
Starting Iterative Proportional Fitting (IPF)...
IPF converged at iteration 40
IPF row error: 22.702210, col error: 0.000000
Starting Iterative Proportional Fitting (IPF)...
IPF converged at iteration 24
IPF row error: 18.042681, col error: 0.000000
Starting Iterative Proportional Fitting (IPF)...
IPF converged at iteration 25
IPF row error: 21.974667, col error: 0.000000
Starting Iterative Proportional Fitting (IPF)...
IPF converged at iteration 40
IPF row error: 22.702210, col error: 0.000000
Starting Iterative Proportional Fitting (IPF)...
IPF converged at iteration 40
IPF row error: 22.702210, col error: 0.000000
Starting Iterative Proportional Fitting (IPF)...
IPF converged at iteration 40
IPF row error: 22.702210, col error: 0.000000
IPF converged at iteration 59
IPF row error: 22.547364, col error: 0.000000
  [2019/test] 진행 390/1750 (22.3%) | 누적 CPC 0.1431 | RMSE 549.0432 | %RMSE 67.3037 | 경과 5.4분 | 예상 남음 18.9분
Starting Iterative Proportional Fitting (IPF)...
Starting Iterative Proportional Fitting (IPF)...
IPF converged at iteration 40
IPF row error: 22.702210, col error: 0.000000
IPF converged at iteration 26
Starting Iterative Proportional Fitting (IPF)...
IPF row error: 17.424364, col error: 0.000000
Starting Iterative Proportional Fitting (IPF)...
IPF converged at iteration 29
IPF row error: 23.747892, col error: 0.000000
Starting Iterative Proportional Fitting (IPF)...
IPF converged at iteration 40
IPF row error: 22.702210, col error: 0.000000
IPF converged at iteration 26
IPF row error: 21.044890, col error: 0.000000
Starting Iterative Proportional Fitting (IPF)...
Starting Iterative Proportional Fitting (IPF)...
IPF converged at iteration 40
IPF row error: 22.702210, col error: 0.000000
Starting Iterative Proportional Fitting (IPF)...
IPF converged at iteration 25
IPF row error: 18.235930, col error: 0.000000
IPF converged at iteration 40
IPF row error: 22.702210, col error: 0.000000
Starting Iterative Proportional Fitting (IPF)...
Starting Iterative Proportional Fitting (IPF)...
IPF converged at iteration 40
IPF row error: 22.702210, col error: 0.000000
Starting Iterative Proportional Fitting (IPF)...
IPF converged at iteration 25
IPF row error: 21.768402, col error: 0.000000
Starting Iterative Proportional Fitting (IPF)...
IPF converged at iteration 40
IPF row error: 22.702210, col error: 0.000000
IPF converged at iteration 30
IPF row error: 23.282448, col error: 0.000000
Starting Iterative Proportional Fitting (IPF)...
Starting Iterative Proportional Fitting (IPF)...
IPF converged at iteration 26
IPF row error: 20.444402, col error: 0.000000
IPF converged at iteration 40
IPF row error: 22.697220, col error: 0.000000
Starting Iterative Proportional Fitting (IPF)...
Starting Iterative Proportional Fitting (IPF)...
IPF converged at iteration 40
IPF row error: 22.697220, col error: 0.000000
Starting Iterative Proportional Fitting (IPF)...
IPF converged at iteration 46
IPF row error: 20.841406, col error: 0.000000
Starting Iterative Proportional Fitting (IPF)...
IPF converged at iteration 40
IPF row error: 22.697220, col error: 0.000000
IPF converged at iteration 40
IPF row error: 22.697220, col error: 0.000000
Starting Iterative Proportional Fitting (IPF)...
Starting Iterative Proportional Fitting (IPF)...
IPF converged at iteration 24
IPF row error: 18.728251, col error: 0.000000
Starting Iterative Proportional Fitting (IPF)...
IPF converged at iteration 40
IPF row error: 22.697220, col error: 0.000000
IPF converged at iteration 40
IPF row error: 22.697220, col error: 0.000000
IPF converged at iteration 69
Starting Iterative Proportional Fitting (IPF)...
IPF row error: 22.943702, col error: 0.000000
Starting Iterative Proportional Fitting (IPF)...
Starting Iterative Proportional Fitting (IPF)...
IPF converged at iteration 40
IPF row error: 22.697220, col error: 0.000000
Starting Iterative Proportional Fitting (IPF)...
IPF converged at iteration 26
IPF row error: 18.320232, col error: 0.000000
Starting Iterative Proportional Fitting (IPF)...
IPF converged at iteration 33
IPF row error: 20.730074, col error: 0.000000
IPF converged at iteration 40
IPF row error: 22.697220, col error: 0.000000
Starting Iterative Proportional Fitting (IPF)...
Starting Iterative Proportional Fitting (IPF)...
IPF converged at iteration 23
IPF row error: 22.986259, col error: 0.000000
IPF converged at iteration 24
IPF row error: 22.907431, col error: 0.000000
IPF converged at iteration 55
Starting Iterative Proportional Fitting (IPF)...
IPF row error: 22.719852, col error: 0.000000
Starting Iterative Proportional Fitting (IPF)...
IPF converged at iteration 40
IPF row error: 22.697220, col error: 0.000000
  [2019/test] 진행 420/1750 (24.0%) | 누적 CPC 0.1435 | RMSE 547.0038 | %RMSE 65.9113 | 경과 5.8분 | 예상 남음 18.3분Starting Iterative Proportional Fitting (IPF)...

Starting Iterative Proportional Fitting (IPF)...
IPF converged at iteration 24
IPF row error: 18.041035, col error: 0.000000
Starting Iterative Proportional Fitting (IPF)...
IPF converged at iteration 24
IPF row error: 19.504704, col error: 0.000000
Starting Iterative Proportional Fitting (IPF)...
IPF converged at iteration 35
IPF row error: 21.123163, col error: 0.000000
IPF converged at iteration 40
IPF row error: 21.995626, col error: 0.000000
Starting Iterative Proportional Fitting (IPF)...
Starting Iterative Proportional Fitting (IPF)...
IPF converged at iteration 40
IPF row error: 22.697220, col error: 0.000000
IPF converged at iteration 27
Starting Iterative Proportional Fitting (IPF)...
IPF row error: 23.973086, col error: 0.000000
IPF converged at iteration 40
IPF row error: 22.697220, col error: 0.000000
Starting Iterative Proportional Fitting (IPF)...
Starting Iterative Proportional Fitting (IPF)...
IPF converged at iteration 40
IPF row error: 22.697220, col error: 0.000000
Starting Iterative Proportional Fitting (IPF)...
IPF converged at iteration 40
IPF row error: 22.697220, col error: 0.000000
IPF converged at iteration 40
Starting Iterative Proportional Fitting (IPF)...
IPF row error: 22.697220, col error: 0.000000
IPF converged at iteration 40
IPF converged at iteration 27
IPF row error: 22.697220, col error: 0.000000
IPF row error: 18.120648, col error: 0.000000
Starting Iterative Proportional Fitting (IPF)...
Starting Iterative Proportional Fitting (IPF)...
Starting Iterative Proportional Fitting (IPF)...
IPF converged at iteration 24
IPF row error: 21.415194, col error: 0.000000
Starting Iterative Proportional Fitting (IPF)...
IPF converged at iteration 38
IPF row error: 20.357286, col error: 0.000000
Starting Iterative Proportional Fitting (IPF)...
IPF converged at iteration 40
IPF row error: 22.697220, col error: 0.000000
Starting Iterative Proportional Fitting (IPF)...
IPF converged at iteration 51
IPF row error: 21.341257, col error: 0.000000
Starting Iterative Proportional Fitting (IPF)...
IPF converged at iteration 40
IPF row error: 22.697220, col error: 0.000000
Starting Iterative Proportional Fitting (IPF)...
IPF converged at iteration 31
IPF row error: 22.996797, col error: 0.000000
IPF converged at iteration 40
IPF row error: 22.697220, col error: 0.000000
Starting Iterative Proportional Fitting (IPF)...
IPF converged at iteration 24
IPF row error: 19.449259, col error: 0.000000
Starting Iterative Proportional Fitting (IPF)...
Starting Iterative Proportional Fitting (IPF)...
IPF converged at iteration 40
IPF row error: 22.697220, col error: 0.000000
Starting Iterative Proportional Fitting (IPF)...
IPF converged at iteration 40
IPF row error: 22.697220, col error: 0.000000
IPF converged at iteration 40
IPF row error: 22.697220, col error: 0.000000
Starting Iterative Proportional Fitting (IPF)...
Starting Iterative Proportional Fitting (IPF)...
IPF converged at iteration 52
IPF row error: 23.043907, col error: 0.000000
Starting Iterative Proportional Fitting (IPF)...
IPF converged at iteration 40
IPF row error: 22.697220, col error: 0.000000
IPF converged at iteration 23
IPF row error: 19.760500, col error: 0.000000
Starting Iterative Proportional Fitting (IPF)...
Starting Iterative Proportional Fitting (IPF)...
IPF converged at iteration 40
IPF row error: 22.697220, col error: 0.000000
IPF converged at iteration 40
IPF row error: 22.697220, col error: 0.000000
Starting Iterative Proportional Fitting (IPF)...
Starting Iterative Proportional Fitting (IPF)...
IPF converged at iteration 27
IPF row error: 21.450588, col error: 0.000000
Starting Iterative Proportional Fitting (IPF)...
IPF converged at iteration 26
IPF row error: 19.408414, col error: 0.000000
  [2019/test] 진행 450/1750 (25.7%) | 누적 CPC 0.1429 | RMSE 549.1037 | %RMSE 65.2062 | 경과 6.2분 | 예상 남음 17.9분
IPF converged at iteration 25
IPF row error: 17.893513, col error: 0.000000
Starting Iterative Proportional Fitting (IPF)...
Starting Iterative Proportional Fitting (IPF)...
IPF converged at iteration 40
IPF row error: 22.697220, col error: 0.000000
Starting Iterative Proportional Fitting (IPF)...
IPF converged at iteration 26
IPF row error: 22.965055, col error: 0.000000
IPF converged at iteration 40
Starting Iterative Proportional Fitting (IPF)...
IPF row error: 22.697470, col error: 0.000000
Starting Iterative Proportional Fitting (IPF)...
IPF converged at iteration 40
IPF row error: 22.697470, col error: 0.000000
IPF converged at iteration 40
IPF row error: 22.697470, col error: 0.000000
Starting Iterative Proportional Fitting (IPF)...
Starting Iterative Proportional Fitting (IPF)...
IPF converged at iteration 40
IPF row error: 22.697470, col error: 0.000000
IPF converged at iteration 40
Starting Iterative Proportional Fitting (IPF)...
IPF row error: 22.697470, col error: 0.000000
Starting Iterative Proportional Fitting (IPF)...
IPF converged at iteration 40
IPF row error: 22.697470, col error: 0.000000
IPF converged at iteration 40
IPF row error: 22.697470, col error: 0.000000
Starting Iterative Proportional Fitting (IPF)...
Starting Iterative Proportional Fitting (IPF)...
IPF converged at iteration 31
IPF row error: 21.446426, col error: 0.000000
IPF converged at iteration 27
IPF row error: 19.504408, col error: 0.000000
Starting Iterative Proportional Fitting (IPF)...
Starting Iterative Proportional Fitting (IPF)...
IPF converged at iteration 40
IPF row error: 22.697470, col error: 0.000000
Starting Iterative Proportional Fitting (IPF)...
IPF converged at iteration 40
IPF row error: 22.697470, col error: 0.000000
Starting Iterative Proportional Fitting (IPF)...
IPF converged at iteration 24
IPF row error: 17.669249, col error: 0.000000
Starting Iterative Proportional Fitting (IPF)...
IPF converged at iteration 40
IPF row error: 22.697470, col error: 0.000000
Starting Iterative Proportional Fitting (IPF)...
IPF converged at iteration 40
IPF row error: 22.697470, col error: 0.000000
Starting Iterative Proportional Fitting (IPF)...
IPF converged at iteration 40
IPF row error: 22.697470, col error: 0.000000
Starting Iterative Proportional Fitting (IPF)...
IPF converged at iteration 36
IPF row error: 20.683614, col error: 0.000000
Starting Iterative Proportional Fitting (IPF)...
IPF converged at iteration 40
IPF row error: 22.697470, col error: 0.000000
Starting Iterative Proportional Fitting (IPF)...
IPF converged at iteration 40
IPF row error: 22.907916, col error: 0.000000
Starting Iterative Proportional Fitting (IPF)...
IPF converged at iteration 40
IPF row error: 22.697470, col error: 0.000000
Starting Iterative Proportional Fitting (IPF)...
IPF converged at iteration 40
IPF row error: 22.697470, col error: 0.000000
Starting Iterative Proportional Fitting (IPF)...IPF converged at iteration 25

IPF row error: 17.829334, col error: 0.000000
Starting Iterative Proportional Fitting (IPF)...
IPF converged at iteration 89
IPF row error: 21.644794, col error: 0.000000
Starting Iterative Proportional Fitting (IPF)...
IPF converged at iteration 40
IPF row error: 22.697470, col error: 0.000000
Starting Iterative Proportional Fitting (IPF)...
IPF converged at iteration 25
IPF row error: 21.507661, col error: 0.000000
Starting Iterative Proportional Fitting (IPF)...
IPF converged at iteration 40
IPF row error: 22.697470, col error: 0.000000
Starting Iterative Proportional Fitting (IPF)...
IPF converged at iteration 29
IPF row error: 23.928625, col error: 0.000000
Starting Iterative Proportional Fitting (IPF)...
IPF converged at iteration 25
IPF row error: 20.933297, col error: 0.000000
  [2019/test] 진행 480/1750 (27.4%) | 누적 CPC 0.1459 | RMSE 559.0904 | %RMSE 63.4862 | 경과 6.6분 | 예상 남음 17.4분
Starting Iterative Proportional Fitting (IPF)...
IPF converged at iteration 40
IPF row error: 22.697470, col error: 0.000000
Starting Iterative Proportional Fitting (IPF)...
IPF converged at iteration 24
IPF row error: 18.825360, col error: 0.000000
IPF converged at iteration 40
Starting Iterative Proportional Fitting (IPF)...
IPF row error: 22.697470, col error: 0.000000
Starting Iterative Proportional Fitting (IPF)...
IPF converged at iteration 40
IPF row error: 22.697470, col error: 0.000000
Starting Iterative Proportional Fitting (IPF)...
IPF converged at iteration 27
IPF row error: 20.875729, col error: 0.000000
Starting Iterative Proportional Fitting (IPF)...
IPF converged at iteration 40
IPF row error: 22.697470, col error: 0.000000
Starting Iterative Proportional Fitting (IPF)...
IPF converged at iteration 40
IPF row error: 22.697470, col error: 0.000000
Starting Iterative Proportional Fitting (IPF)...
IPF converged at iteration 40
IPF row error: 22.697470, col error: 0.000000
Starting Iterative Proportional Fitting (IPF)...
IPF converged at iteration 76
IPF row error: 22.156720, col error: 0.000000
Starting Iterative Proportional Fitting (IPF)...
IPF converged at iteration 40
IPF row error: 22.697470, col error: 0.000000
Starting Iterative Proportional Fitting (IPF)...
IPF converged at iteration 40
IPF row error: 22.697470, col error: 0.000000
Starting Iterative Proportional Fitting (IPF)...
IPF converged at iteration 38
IPF row error: 21.371174, col error: 0.000000
Starting Iterative Proportional Fitting (IPF)...
IPF converged at iteration 40
IPF row error: 22.697470, col error: 0.000000
Starting Iterative Proportional Fitting (IPF)...
IPF converged at iteration 40
IPF row error: 22.697470, col error: 0.000000
Starting Iterative Proportional Fitting (IPF)...
IPF converged at iteration 40
IPF row error: 22.697470, col error: 0.000000
Starting Iterative Proportional Fitting (IPF)...
IPF converged at iteration 40
IPF row error: 22.697470, col error: 0.000000
Starting Iterative Proportional Fitting (IPF)...
IPF converged at iteration 40
IPF row error: 22.697470, col error: 0.000000
Starting Iterative Proportional Fitting (IPF)...
IPF converged at iteration 40
IPF row error: 22.697470, col error: 0.000000
Starting Iterative Proportional Fitting (IPF)...
IPF converged at iteration 40
IPF row error: 22.697470, col error: 0.000000
Starting Iterative Proportional Fitting (IPF)...
IPF converged at iteration 40
IPF row error: 22.697470, col error: 0.000000
Starting Iterative Proportional Fitting (IPF)...
IPF converged at iteration 40
IPF row error: 22.661325, col error: 0.000000
Starting Iterative Proportional Fitting (IPF)...
IPF converged at iteration 40
IPF row error: 22.661325, col error: 0.000000
IPF converged at iteration 25
IPF row error: 20.725069, col error: 0.000000
Starting Iterative Proportional Fitting (IPF)...
Starting Iterative Proportional Fitting (IPF)...
IPF converged at iteration 40
IPF row error: 22.661325, col error: 0.000000
Starting Iterative Proportional Fitting (IPF)...
IPF converged at iteration 40
IPF row error: 22.661325, col error: 0.000000
Starting Iterative Proportional Fitting (IPF)...
IPF converged at iteration 40
IPF row error: 22.661325, col error: 0.000000
Starting Iterative Proportional Fitting (IPF)...
IPF converged at iteration 40
IPF row error: 22.661325, col error: 0.000000
IPF converged at iteration 50
IPF row error: 20.780300, col error: 0.000000
Starting Iterative Proportional Fitting (IPF)...
Starting Iterative Proportional Fitting (IPF)...
IPF converged at iteration 40
IPF row error: 22.661325, col error: 0.000000
Starting Iterative Proportional Fitting (IPF)...
IPF converged at iteration 24
IPF row error: 21.916401, col error: 0.000000
  [2019/test] 진행 510/1750 (29.1%) | 누적 CPC 0.1464 | RMSE 562.0493 | %RMSE 63.0270 | 경과 7.0분 | 예상 남음 17.0분
Starting Iterative Proportional Fitting (IPF)...
IPF converged at iteration 30
IPF row error: 20.613338, col error: 0.000000
IPF converged at iteration 40
Starting Iterative Proportional Fitting (IPF)...
IPF row error: 22.661325, col error: 0.000000
Starting Iterative Proportional Fitting (IPF)...
IPF converged at iteration 24
IPF row error: 19.021146, col error: 0.000000
Starting Iterative Proportional Fitting (IPF)...
IPF converged at iteration 26
IPF row error: 23.304570, col error: 0.000000
Starting Iterative Proportional Fitting (IPF)...
IPF converged at iteration 26
IPF row error: 17.647592, col error: 0.000000
Starting Iterative Proportional Fitting (IPF)...
IPF converged at iteration 40
IPF row error: 22.661325, col error: 0.000000
Starting Iterative Proportional Fitting (IPF)...
IPF converged at iteration 23
IPF row error: 22.174826, col error: 0.000000
IPF converged at iteration 31
IPF row error: 19.979962, col error: 0.000000
Starting Iterative Proportional Fitting (IPF)...
Starting Iterative Proportional Fitting (IPF)...
IPF converged at iteration 24
IPF row error: 22.448674, col error: 0.000000
Starting Iterative Proportional Fitting (IPF)...
IPF converged at iteration 26
IPF row error: 18.613712, col error: 0.000000
Starting Iterative Proportional Fitting (IPF)...
IPF converged at iteration 23
IPF row error: 23.271742, col error: 0.000000
Starting Iterative Proportional Fitting (IPF)...
IPF converged at iteration 25
IPF row error: 22.935383, col error: 0.000000
Starting Iterative Proportional Fitting (IPF)...
IPF converged at iteration 40
IPF row error: 22.661325, col error: 0.000000
Starting Iterative Proportional Fitting (IPF)...
IPF converged at iteration 24
IPF row error: 17.967907, col error: 0.000000
Starting Iterative Proportional Fitting (IPF)...
IPF converged at iteration 28
IPF row error: 18.054071, col error: 0.000000
Starting Iterative Proportional Fitting (IPF)...
IPF converged at iteration 33
IPF row error: 19.853557, col error: 0.000000
IPF converged at iteration 27
IPF row error: 21.763755, col error: 0.000000
IPF converged at iteration 24
Starting Iterative Proportional Fitting (IPF)...
IPF row error: 17.314980, col error: 0.000000
Starting Iterative Proportional Fitting (IPF)...
Starting Iterative Proportional Fitting (IPF)...
IPF converged at iteration 25
IPF row error: 17.773544, col error: 0.000000
IPF converged at iteration 40
IPF row error: 22.661325, col error: 0.000000
IPF converged at iteration 25
IPF row error: 20.399786, col error: 0.000000
Starting Iterative Proportional Fitting (IPF)...
Starting Iterative Proportional Fitting (IPF)...
Starting Iterative Proportional Fitting (IPF)...
IPF converged at iteration 24
IPF row error: 21.884701, col error: 0.000000
Starting Iterative Proportional Fitting (IPF)...
IPF converged at iteration 35
IPF row error: 23.559384, col error: 0.000000
Starting Iterative Proportional Fitting (IPF)...
IPF converged at iteration 50
IPF row error: 23.211244, col error: 0.000000
Starting Iterative Proportional Fitting (IPF)...
IPF converged at iteration 89
IPF row error: 22.376724, col error: 0.000000
Starting Iterative Proportional Fitting (IPF)...
IPF converged at iteration 37
IPF row error: 19.544345, col error: 0.000000
Starting Iterative Proportional Fitting (IPF)...
IPF converged at iteration 23
IPF row error: 19.053968, col error: 0.000000
Starting Iterative Proportional Fitting (IPF)...
IPF converged at iteration 64
IPF row error: 22.656180, col error: 0.000000
Starting Iterative Proportional Fitting (IPF)...
IPF converged at iteration 40
IPF row error: 22.661325, col error: 0.000000
Starting Iterative Proportional Fitting (IPF)...
IPF converged at iteration 40
IPF converged at iteration 24
IPF row error: 22.661325, col error: 0.000000
  [2019/test] 진행 540/1750 (30.9%) | 누적 CPC 0.1425 | RMSE 554.4100 | %RMSE 64.8959 | 경과 7.4분 | 예상 남음 16.5분
IPF row error: 17.543456, col error: 0.000000
IPF converged at iteration 40
Starting Iterative Proportional Fitting (IPF)...
Starting Iterative Proportional Fitting (IPF)...
IPF row error: 22.661325, col error: 0.000000
Starting Iterative Proportional Fitting (IPF)...
IPF converged at iteration 40
IPF converged at iteration 40
IPF row error: 22.661325, col error: 0.000000
IPF row error: 22.661325, col error: 0.000000
IPF converged at iteration 40Starting Iterative Proportional Fitting (IPF)...

Starting Iterative Proportional Fitting (IPF)...
IPF row error: 22.661325, col error: 0.000000
Starting Iterative Proportional Fitting (IPF)...
IPF converged at iteration 23
IPF row error: 22.081828, col error: 0.000000
IPF converged at iteration 87
IPF row error: 21.976672, col error: 0.000000
Starting Iterative Proportional Fitting (IPF)...
Starting Iterative Proportional Fitting (IPF)...
IPF converged at iteration 40
IPF row error: 22.661325, col error: 0.000000
IPF converged at iteration 40
IPF row error: 22.661325, col error: 0.000000
Starting Iterative Proportional Fitting (IPF)...
Starting Iterative Proportional Fitting (IPF)...
IPF converged at iteration 23
IPF row error: 19.863528, col error: 0.000000
Starting Iterative Proportional Fitting (IPF)...
IPF converged at iteration 40
IPF row error: 22.661325, col error: 0.000000
Starting Iterative Proportional Fitting (IPF)...
IPF converged at iteration 25
IPF row error: 21.912594, col error: 0.000000
Starting Iterative Proportional Fitting (IPF)...
IPF converged at iteration 40
IPF row error: 22.700246, col error: 0.000000
Starting Iterative Proportional Fitting (IPF)...
IPF converged at iteration 40
IPF row error: 22.700246, col error: 0.000000
Starting Iterative Proportional Fitting (IPF)...
IPF converged at iteration 40
IPF row error: 22.700246, col error: 0.000000
Starting Iterative Proportional Fitting (IPF)...
IPF converged at iteration 40
IPF row error: 22.700246, col error: 0.000000
Starting Iterative Proportional Fitting (IPF)...
IPF converged at iteration 40
IPF row error: 22.700246, col error: 0.000000
Starting Iterative Proportional Fitting (IPF)...
IPF converged at iteration 40
IPF row error: 22.700246, col error: 0.000000
Starting Iterative Proportional Fitting (IPF)...
IPF converged at iteration 33
IPF row error: 22.125642, col error: 0.000000
Starting Iterative Proportional Fitting (IPF)...
IPF converged at iteration 48
IPF row error: 22.209219, col error: 0.000000
IPF converged at iteration 40
IPF row error: 22.700246, col error: 0.000000
Starting Iterative Proportional Fitting (IPF)...
Starting Iterative Proportional Fitting (IPF)...
IPF converged at iteration 40
IPF row error: 22.700246, col error: 0.000000
Starting Iterative Proportional Fitting (IPF)...
IPF converged at iteration 40
IPF row error: 22.700246, col error: 0.000000
Starting Iterative Proportional Fitting (IPF)...
IPF converged at iteration 40
IPF row error: 22.700246, col error: 0.000000
Starting Iterative Proportional Fitting (IPF)...
IPF converged at iteration 40
IPF row error: 22.700246, col error: 0.000000
Starting Iterative Proportional Fitting (IPF)...
IPF converged at iteration 33
IPF row error: 20.281929, col error: 0.000000
Starting Iterative Proportional Fitting (IPF)...
IPF converged at iteration 26
IPF row error: 19.833639, col error: 0.000000
IPF converged at iteration 75
IPF row error: 21.310459, col error: 0.000000
Starting Iterative Proportional Fitting (IPF)...
Starting Iterative Proportional Fitting (IPF)...
IPF converged at iteration 35
IPF row error: 21.773832, col error: 0.000000
Starting Iterative Proportional Fitting (IPF)...
IPF converged at iteration 36
IPF row error: 20.087474, col error: 0.000000
  [2019/test] 진행 570/1750 (32.6%) | 누적 CPC 0.1389 | RMSE 560.8885 | %RMSE 68.8502 | 경과 7.8분 | 예상 남음 16.1분
Starting Iterative Proportional Fitting (IPF)...
IPF converged at iteration 25
IPF row error: 20.477983, col error: 0.000000
IPF converged at iteration 30
IPF row error: 23.227680, col error: 0.000000
Starting Iterative Proportional Fitting (IPF)...
Starting Iterative Proportional Fitting (IPF)...
IPF converged at iteration 29
IPF row error: 28.653787, col error: 0.000000
IPF converged at iteration 25
IPF row error: 17.465540, col error: 0.000000
Starting Iterative Proportional Fitting (IPF)...
Starting Iterative Proportional Fitting (IPF)...
IPF converged at iteration 26
IPF row error: 17.765279, col error: 0.000000
Starting Iterative Proportional Fitting (IPF)...
IPF converged at iteration 40
IPF row error: 22.700246, col error: 0.000000
Starting Iterative Proportional Fitting (IPF)...
IPF converged at iteration 40
IPF row error: 22.700246, col error: 0.000000
IPF converged at iteration 40
IPF row error: 22.700246, col error: 0.000000
Starting Iterative Proportional Fitting (IPF)...
Starting Iterative Proportional Fitting (IPF)...
IPF converged at iteration 40
IPF row error: 22.700246, col error: 0.000000
Starting Iterative Proportional Fitting (IPF)...
IPF converged at iteration 40
IPF row error: 22.700246, col error: 0.000000
Starting Iterative Proportional Fitting (IPF)...
IPF converged at iteration 27
IPF row error: 20.140425, col error: 0.000000
Starting Iterative Proportional Fitting (IPF)...
IPF converged at iteration 24
IPF row error: 19.676569, col error: 0.000000
Starting Iterative Proportional Fitting (IPF)...
IPF converged at iteration 40
IPF row error: 22.700246, col error: 0.000000
Starting Iterative Proportional Fitting (IPF)...
IPF converged at iteration 23
IPF row error: 23.096361, col error: 0.000000
Starting Iterative Proportional Fitting (IPF)...
IPF converged at iteration 40
IPF row error: 22.700246, col error: 0.000000
Starting Iterative Proportional Fitting (IPF)...
IPF converged at iteration 40
IPF row error: 22.700246, col error: 0.000000
Starting Iterative Proportional Fitting (IPF)...
IPF converged at iteration 23
IPF converged at iteration 40
IPF row error: 20.593576, col error: 0.000000
IPF row error: 22.700246, col error: 0.000000
Starting Iterative Proportional Fitting (IPF)...
Starting Iterative Proportional Fitting (IPF)...
IPF converged at iteration 40
IPF row error: 22.700246, col error: 0.000000
Starting Iterative Proportional Fitting (IPF)...
IPF converged at iteration 28
IPF row error: 20.319931, col error: 0.000000
Starting Iterative Proportional Fitting (IPF)...
IPF converged at iteration 40
IPF row error: 22.700246, col error: 0.000000
Starting Iterative Proportional Fitting (IPF)...
IPF converged at iteration 40
IPF row error: 22.700246, col error: 0.000000
Starting Iterative Proportional Fitting (IPF)...
IPF converged at iteration 24
IPF converged at iteration 30
IPF row error: 17.518525, col error: 0.000000
IPF row error: 23.171501, col error: 0.000000
Starting Iterative Proportional Fitting (IPF)...
Starting Iterative Proportional Fitting (IPF)...
IPF converged at iteration 25
IPF row error: 21.580088, col error: 0.000000
Starting Iterative Proportional Fitting (IPF)...
IPF converged at iteration 40
IPF row error: 22.700246, col error: 0.000000
Starting Iterative Proportional Fitting (IPF)...
IPF converged at iteration 25
IPF row error: 21.601108, col error: 0.000000
Starting Iterative Proportional Fitting (IPF)...
IPF converged at iteration 25
IPF row error: 22.564734, col error: 0.000000
IPF converged at iteration 40
IPF row error: 22.700246, col error: 0.000000
Starting Iterative Proportional Fitting (IPF)...
Starting Iterative Proportional Fitting (IPF)...
IPF converged at iteration 25
IPF row error: 22.124219, col error: 0.000000
  [2019/test] 진행 600/1750 (34.3%) | 누적 CPC 0.1356 | RMSE 573.5666 | %RMSE 73.5819 | 경과 8.1분 | 예상 남음 15.5분
Starting Iterative Proportional Fitting (IPF)...
IPF converged at iteration 36
IPF row error: 19.834517, col error: 0.000000
IPF converged at iteration 25
IPF row error: 21.630804, col error: 0.000000
Starting Iterative Proportional Fitting (IPF)...
Starting Iterative Proportional Fitting (IPF)...
IPF converged at iteration 40
IPF row error: 22.636750, col error: 0.000000
Starting Iterative Proportional Fitting (IPF)...
IPF converged at iteration 40
IPF row error: 22.636750, col error: 0.000000
Starting Iterative Proportional Fitting (IPF)...
IPF converged at iteration 67
IPF converged at iteration 50
IPF row error: 21.451955, col error: 0.000000
IPF row error: 22.889369, col error: 0.000000
Starting Iterative Proportional Fitting (IPF)...
Starting Iterative Proportional Fitting (IPF)...
IPF converged at iteration 34
IPF row error: 21.559027, col error: 0.000000
Starting Iterative Proportional Fitting (IPF)...
IPF converged at iteration 25
IPF row error: 17.388536, col error: 0.000000
Starting Iterative Proportional Fitting (IPF)...
IPF converged at iteration 25
IPF row error: 17.669716, col error: 0.000000
Starting Iterative Proportional Fitting (IPF)...
IPF converged at iteration 40
IPF converged at iteration 40
IPF row error: 22.636750, col error: 0.000000
IPF row error: 22.636750, col error: 0.000000
Starting Iterative Proportional Fitting (IPF)...
Starting Iterative Proportional Fitting (IPF)...
IPF converged at iteration 40
IPF row error: 23.484303, col error: 0.000000
Starting Iterative Proportional Fitting (IPF)...
IPF converged at iteration 26
IPF converged at iteration 26
IPF row error: 19.060925, col error: 0.000000
IPF row error: 19.965763, col error: 0.000000
IPF converged at iteration 40
Starting Iterative Proportional Fitting (IPF)...
Starting Iterative Proportional Fitting (IPF)...
IPF row error: 22.636750, col error: 0.000000
Starting Iterative Proportional Fitting (IPF)...
IPF converged at iteration 25
IPF row error: 17.657988, col error: 0.000000
IPF converged at iteration 40
IPF row error: 22.636750, col error: 0.000000
Starting Iterative Proportional Fitting (IPF)...
Starting Iterative Proportional Fitting (IPF)...
IPF converged at iteration 40
IPF converged at iteration 40
IPF row error: 22.636750, col error: 0.000000
IPF row error: 22.636750, col error: 0.000000
Starting Iterative Proportional Fitting (IPF)...
Starting Iterative Proportional Fitting (IPF)...
IPF converged at iteration 23
IPF row error: 20.972994, col error: 0.000000
IPF converged at iteration 35
IPF row error: 21.217073, col error: 0.000000
Starting Iterative Proportional Fitting (IPF)...
IPF converged at iteration 40
IPF row error: 22.636750, col error: 0.000000
Starting Iterative Proportional Fitting (IPF)...
Starting Iterative Proportional Fitting (IPF)...
IPF converged at iteration 40
IPF row error: 22.636750, col error: 0.000000
Starting Iterative Proportional Fitting (IPF)...
IPF converged at iteration 24
IPF row error: 21.000676, col error: 0.000000
IPF converged at iteration 30
IPF row error: 23.209489, col error: 0.000000
Starting Iterative Proportional Fitting (IPF)...
Starting Iterative Proportional Fitting (IPF)...
IPF converged at iteration 40
IPF row error: 22.636750, col error: 0.000000
Starting Iterative Proportional Fitting (IPF)...
IPF converged at iteration 40
IPF row error: 22.636750, col error: 0.000000
Starting Iterative Proportional Fitting (IPF)...
IPF converged at iteration 40
IPF row error: 22.636750, col error: 0.000000
IPF converged at iteration 40
IPF row error: 22.636750, col error: 0.000000
Starting Iterative Proportional Fitting (IPF)...
Starting Iterative Proportional Fitting (IPF)...
IPF converged at iteration 27
IPF row error: 17.932709, col error: 0.000000
  [2019/test] 진행 630/1750 (36.0%) | 누적 CPC 0.1344 | RMSE 578.9609 | %RMSE 74.6219 | 경과 8.5분 | 예상 남음 15.1분
IPF converged at iteration 40
IPF row error: 22.636750, col error: 0.000000
Starting Iterative Proportional Fitting (IPF)...
Starting Iterative Proportional Fitting (IPF)...
IPF converged at iteration 40
IPF row error: 22.636750, col error: 0.000000
Starting Iterative Proportional Fitting (IPF)...
IPF converged at iteration 40
IPF row error: 22.636750, col error: 0.000000
Starting Iterative Proportional Fitting (IPF)...
IPF converged at iteration 40
IPF row error: 22.636750, col error: 0.000000
IPF converged at iteration 40
IPF row error: 22.636750, col error: 0.000000
Starting Iterative Proportional Fitting (IPF)...
Starting Iterative Proportional Fitting (IPF)...
IPF converged at iteration 26
IPF row error: 20.389958, col error: 0.000000
Starting Iterative Proportional Fitting (IPF)...
IPF converged at iteration 40
IPF row error: 22.636750, col error: 0.000000
Starting Iterative Proportional Fitting (IPF)...
IPF converged at iteration 28
IPF row error: 20.806744, col error: 0.000000
IPF converged at iteration 34
Starting Iterative Proportional Fitting (IPF)...
IPF row error: 20.471732, col error: 0.000000
Starting Iterative Proportional Fitting (IPF)...
IPF converged at iteration 40
IPF row error: 22.636750, col error: 0.000000
Starting Iterative Proportional Fitting (IPF)...
IPF converged at iteration 40
IPF row error: 22.636750, col error: 0.000000
Starting Iterative Proportional Fitting (IPF)...
IPF converged at iteration 40
IPF row error: 22.636750, col error: 0.000000
IPF converged at iteration 40
Starting Iterative Proportional Fitting (IPF)...
IPF row error: 22.636750, col error: 0.000000
Starting Iterative Proportional Fitting (IPF)...
IPF converged at iteration 25
IPF row error: 18.617818, col error: 0.000000
Starting Iterative Proportional Fitting (IPF)...
IPF converged at iteration 25
IPF row error: 20.169286, col error: 0.000000
IPF converged at iteration 24
IPF row error: 17.307926, col error: 0.000000
Starting Iterative Proportional Fitting (IPF)...
Starting Iterative Proportional Fitting (IPF)...
IPF converged at iteration 57
IPF row error: 21.642217, col error: 0.000000
Starting Iterative Proportional Fitting (IPF)...
IPF converged at iteration 23
IPF row error: 18.458965, col error: 0.000000
Starting Iterative Proportional Fitting (IPF)...
IPF converged at iteration 25
IPF converged at iteration 40
IPF row error: 22.936797, col error: 0.000000
IPF row error: 22.636750, col error: 0.000000
Starting Iterative Proportional Fitting (IPF)...
Starting Iterative Proportional Fitting (IPF)...
IPF converged at iteration 66
IPF row error: 22.947801, col error: 0.000000
Starting Iterative Proportional Fitting (IPF)...
IPF converged at iteration 29
IPF row error: 20.767958, col error: 0.000000
Starting Iterative Proportional Fitting (IPF)...
IPF converged at iteration 56
IPF row error: 23.421819, col error: 0.000000
IPF converged at iteration 40
IPF row error: 23.065970, col error: 0.000000
Starting Iterative Proportional Fitting (IPF)...
Starting Iterative Proportional Fitting (IPF)...
IPF converged at iteration 40
IPF row error: 23.065970, col error: 0.000000
Starting Iterative Proportional Fitting (IPF)...
IPF converged at iteration 25
IPF row error: 22.993030, col error: 0.000000
IPF converged at iteration 40
IPF row error: 23.065970, col error: 0.000000Starting Iterative Proportional Fitting (IPF)...

Starting Iterative Proportional Fitting (IPF)...
IPF converged at iteration 40
IPF row error: 23.065970, col error: 0.000000
Starting Iterative Proportional Fitting (IPF)...
IPF converged at iteration 40
IPF row error: 23.065970, col error: 0.000000
Starting Iterative Proportional Fitting (IPF)...
IPF converged at iteration 40
IPF row error: 23.065970, col error: 0.000000
  [2019/test] 진행 660/1750 (37.7%) | 누적 CPC 0.1349 | RMSE 579.8696 | %RMSE 74.5330 | 경과 8.8분 | 예상 남음 14.6분
IPF converged at iteration 40
IPF row error: 23.065970, col error: 0.000000
Starting Iterative Proportional Fitting (IPF)...
Starting Iterative Proportional Fitting (IPF)...
IPF converged at iteration 40
IPF row error: 23.065970, col error: 0.000000
Starting Iterative Proportional Fitting (IPF)...
IPF converged at iteration 29
IPF row error: 22.419307, col error: 0.000000
Starting Iterative Proportional Fitting (IPF)...
IPF converged at iteration 40
IPF row error: 23.065970, col error: 0.000000
IPF converged at iteration 60
Starting Iterative Proportional Fitting (IPF)...
IPF row error: 22.608108, col error: 0.000000
Starting Iterative Proportional Fitting (IPF)...
IPF converged at iteration 40
IPF row error: 23.065970, col error: 0.000000
Starting Iterative Proportional Fitting (IPF)...
IPF converged at iteration 40
IPF row error: 23.065970, col error: 0.000000
Starting Iterative Proportional Fitting (IPF)...
IPF converged at iteration 40
IPF row error: 23.065970, col error: 0.000000
IPF converged at iteration 40
IPF row error: 23.065970, col error: 0.000000
Starting Iterative Proportional Fitting (IPF)...
Starting Iterative Proportional Fitting (IPF)...
IPF converged at iteration 40
IPF row error: 23.065970, col error: 0.000000
Starting Iterative Proportional Fitting (IPF)...
IPF converged at iteration 25
IPF row error: 23.445228, col error: 0.000000
Starting Iterative Proportional Fitting (IPF)...
IPF converged at iteration 40
IPF row error: 23.065970, col error: 0.000000
Starting Iterative Proportional Fitting (IPF)...
IPF converged at iteration 47
IPF row error: 21.014770, col error: 0.000000
IPF converged at iteration 32
IPF row error: 22.510136, col error: 0.000000
Starting Iterative Proportional Fitting (IPF)...
Starting Iterative Proportional Fitting (IPF)...
IPF converged at iteration 51
IPF row error: 23.477823, col error: 0.000000
Starting Iterative Proportional Fitting (IPF)...
IPF converged at iteration 24
IPF row error: 19.402897, col error: 0.000000
Starting Iterative Proportional Fitting (IPF)...
IPF converged at iteration 40
IPF row error: 23.065970, col error: 0.000000
IPF converged at iteration 40
Starting Iterative Proportional Fitting (IPF)...
IPF row error: 23.065970, col error: 0.000000
Starting Iterative Proportional Fitting (IPF)...
IPF converged at iteration 32
IPF row error: 19.802225, col error: 0.000000
Starting Iterative Proportional Fitting (IPF)...
IPF converged at iteration 24
IPF row error: 20.607745, col error: 0.000000
Starting Iterative Proportional Fitting (IPF)...
IPF converged at iteration 27
IPF row error: 20.484794, col error: 0.000000
Starting Iterative Proportional Fitting (IPF)...
IPF converged at iteration 40
IPF converged at iteration 26
IPF row error: 22.876022, col error: 0.000000
IPF row error: 22.564474, col error: 0.000000
Starting Iterative Proportional Fitting (IPF)...
Starting Iterative Proportional Fitting (IPF)...
IPF converged at iteration 40
IPF row error: 23.065970, col error: 0.000000
Starting Iterative Proportional Fitting (IPF)...
IPF converged at iteration 83
IPF row error: 23.240107, col error: 0.000000
IPF converged at iteration 47
IPF row error: 21.888510, col error: 0.000000
Starting Iterative Proportional Fitting (IPF)...
Starting Iterative Proportional Fitting (IPF)...
IPF converged at iteration 60
IPF row error: 22.285456, col error: 0.000000
Starting Iterative Proportional Fitting (IPF)...
IPF converged at iteration 40
IPF row error: 23.065970, col error: 0.000000
Starting Iterative Proportional Fitting (IPF)...
IPF converged at iteration 28
IPF row error: 20.044650, col error: 0.000000
Starting Iterative Proportional Fitting (IPF)...
IPF converged at iteration 24
IPF row error: 17.743221, col error: 0.000000
  [2019/test] 진행 690/1750 (39.4%) | 누적 CPC 0.1390 | RMSE 575.8048 | %RMSE 72.6432 | 경과 9.2분 | 예상 남음 14.1분
IPF converged at iteration 40
IPF row error: 23.065970, col error: 0.000000
Starting Iterative Proportional Fitting (IPF)...
Starting Iterative Proportional Fitting (IPF)...
IPF converged at iteration 26
IPF row error: 17.781050, col error: 0.000000
Starting Iterative Proportional Fitting (IPF)...
IPF converged at iteration 40
IPF row error: 23.065970, col error: 0.000000
Starting Iterative Proportional Fitting (IPF)...
IPF converged at iteration 33
IPF row error: 20.522028, col error: 0.000000
Starting Iterative Proportional Fitting (IPF)...
IPF converged at iteration 40
IPF row error: 23.065970, col error: 0.000000
Starting Iterative Proportional Fitting (IPF)...
IPF converged at iteration 40
IPF row error: 23.065970, col error: 0.000000
IPF converged at iteration 24
IPF row error: 22.437380, col error: 0.000000
Starting Iterative Proportional Fitting (IPF)...
Starting Iterative Proportional Fitting (IPF)...
IPF converged at iteration 52
IPF row error: 22.143516, col error: 0.000000
IPF converged at iteration 30
IPF row error: 19.535332, col error: 0.000000
Starting Iterative Proportional Fitting (IPF)...
Starting Iterative Proportional Fitting (IPF)...
IPF converged at iteration 40
IPF row error: 23.065970, col error: 0.000000
Starting Iterative Proportional Fitting (IPF)...
IPF converged at iteration 50
IPF row error: 23.604265, col error: 0.000000
Starting Iterative Proportional Fitting (IPF)...
IPF converged at iteration 81
IPF row error: 22.521006, col error: 0.000000
IPF converged at iteration 81
IPF row error: 23.269911, col error: 0.000000
Starting Iterative Proportional Fitting (IPF)...
Starting Iterative Proportional Fitting (IPF)...
IPF converged at iteration 81
IPF row error: 23.091362, col error: 0.000000
IPF converged at iteration 25
Starting Iterative Proportional Fitting (IPF)...
IPF row error: 23.237353, col error: 0.000000
Starting Iterative Proportional Fitting (IPF)...
IPF converged at iteration 91
IPF row error: 22.503676, col error: 0.000000
Starting Iterative Proportional Fitting (IPF)...
IPF converged at iteration 32
IPF row error: 21.918515, col error: 0.000000
Starting Iterative Proportional Fitting (IPF)...
IPF converged at iteration 25
IPF row error: 20.286208, col error: 0.000000
Starting Iterative Proportional Fitting (IPF)...
IPF converged at iteration 81
IPF row error: 23.354947, col error: 0.000000
Starting Iterative Proportional Fitting (IPF)...
IPF converged at iteration 91
IPF row error: 22.221212, col error: 0.000000
Starting Iterative Proportional Fitting (IPF)...
IPF converged at iteration 91
IPF row error: 23.253772, col error: 0.000000
Starting Iterative Proportional Fitting (IPF)...
IPF converged at iteration 81
IPF row error: 22.521006, col error: 0.000000
IPF converged at iteration 91
Starting Iterative Proportional Fitting (IPF)...
IPF row error: 22.221212, col error: 0.000000
Starting Iterative Proportional Fitting (IPF)...
IPF converged at iteration 54
IPF row error: 20.698485, col error: 0.000000
Starting Iterative Proportional Fitting (IPF)...
IPF converged at iteration 26
IPF row error: 19.734045, col error: 0.000000
Starting Iterative Proportional Fitting (IPF)...
IPF converged at iteration 49
IPF row error: 20.596778, col error: 0.000000
Starting Iterative Proportional Fitting (IPF)...
IPF converged at iteration 91
IPF row error: 23.098949, col error: 0.000000
Starting Iterative Proportional Fitting (IPF)...
IPF converged at iteration 90
IPF row error: 23.317387, col error: 0.000000
Starting Iterative Proportional Fitting (IPF)...
IPF converged at iteration 81
IPF row error: 22.521006, col error: 0.000000
Starting Iterative Proportional Fitting (IPF)...
IPF converged at iteration 91
IPF row error: 21.772781, col error: 0.000000
  [2019/test] 진행 720/1750 (41.1%) | 누적 CPC 0.1390 | RMSE 573.8274 | %RMSE 70.8229 | 경과 9.9분 | 예상 남음 14.1분
Starting Iterative Proportional Fitting (IPF)...
IPF converged at iteration 86
IPF row error: 21.496294, col error: 0.000000
Starting Iterative Proportional Fitting (IPF)...
IPF converged at iteration 82
IPF row error: 21.902038, col error: 0.000000
IPF converged at iteration 81
Starting Iterative Proportional Fitting (IPF)...
IPF row error: 23.131007, col error: 0.000000
Starting Iterative Proportional Fitting (IPF)...
IPF converged at iteration 81
IPF row error: 22.170384, col error: 0.000000
Starting Iterative Proportional Fitting (IPF)...
IPF converged at iteration 81
IPF row error: 22.815843, col error: 0.000000
Starting Iterative Proportional Fitting (IPF)...
IPF converged at iteration 82
IPF row error: 21.875728, col error: 0.000000
Starting Iterative Proportional Fitting (IPF)...
IPF converged at iteration 91
IPF row error: 22.783787, col error: 0.000000
Starting Iterative Proportional Fitting (IPF)...
IPF converged at iteration 26
IPF converged at iteration 31
IPF row error: 21.341364, col error: 0.000000
IPF row error: 20.274493, col error: 0.000000
Starting Iterative Proportional Fitting (IPF)...
Starting Iterative Proportional Fitting (IPF)...
IPF converged at iteration 91
IPF row error: 22.503676, col error: 0.000000
Starting Iterative Proportional Fitting (IPF)...
IPF converged at iteration 24
IPF row error: 22.188449, col error: 0.000000
IPF converged at iteration 46
Starting Iterative Proportional Fitting (IPF)...
IPF row error: 23.538935, col error: 0.000000
Starting Iterative Proportional Fitting (IPF)...
IPF converged at iteration 23
IPF row error: 20.258556, col error: 0.000000
IPF converged at iteration 47
IPF row error: 21.621956, col error: 0.000000
Starting Iterative Proportional Fitting (IPF)...
Starting Iterative Proportional Fitting (IPF)...
IPF converged at iteration 25
IPF row error: 22.808055, col error: 0.000000
IPF converged at iteration 23
IPF row error: 19.065312, col error: 0.000000
Starting Iterative Proportional Fitting (IPF)...
Starting Iterative Proportional Fitting (IPF)...
IPF converged at iteration 35
IPF row error: 21.312182, col error: 0.000000
Starting Iterative Proportional Fitting (IPF)...
IPF converged at iteration 26
IPF row error: 21.028464, col error: 0.000000
Starting Iterative Proportional Fitting (IPF)...
IPF converged at iteration 71
IPF row error: 21.722701, col error: 0.000000
IPF converged at iteration 81
IPF row error: 23.269911, col error: 0.000000
Starting Iterative Proportional Fitting (IPF)...
Starting Iterative Proportional Fitting (IPF)...
IPF converged at iteration 81
IPF row error: 23.255801, col error: 0.000000
Starting Iterative Proportional Fitting (IPF)...
IPF converged at iteration 27
IPF row error: 17.451137, col error: 0.000000
Starting Iterative Proportional Fitting (IPF)...
IPF converged at iteration 29
IPF row error: 22.891588, col error: 0.000000
IPF converged at iteration 46
IPF row error: 22.409985, col error: 0.000000
Starting Iterative Proportional Fitting (IPF)...
Starting Iterative Proportional Fitting (IPF)...
IPF converged at iteration 46
IPF row error: 23.423335, col error: 0.000000
Starting Iterative Proportional Fitting (IPF)...
IPF converged at iteration 26
IPF row error: 19.751565, col error: 0.000000
Starting Iterative Proportional Fitting (IPF)...
IPF converged at iteration 23
IPF row error: 22.335112, col error: 0.000000
Starting Iterative Proportional Fitting (IPF)...
IPF converged at iteration 81
IPF row error: 23.256110, col error: 0.000000
Starting Iterative Proportional Fitting (IPF)...
IPF converged at iteration 90
IPF row error: 23.317387, col error: 0.000000
Starting Iterative Proportional Fitting (IPF)...
IPF converged at iteration 57
IPF row error: 23.165219, col error: 0.000000
  [2019/test] 진행 750/1750 (42.9%) | 누적 CPC 0.1363 | RMSE 568.8883 | %RMSE 68.8232 | 경과 10.5분 | 예상 남음 14.1분
Starting Iterative Proportional Fitting (IPF)...
IPF converged at iteration 81
IPF row error: 22.816026, col error: 0.000000
IPF converged at iteration 32
IPF row error: 31.973320, col error: 0.000000
Starting Iterative Proportional Fitting (IPF)...
Starting Iterative Proportional Fitting (IPF)...
IPF converged at iteration 91
IPF row error: 21.966952, col error: 0.000000
Starting Iterative Proportional Fitting (IPF)...
IPF converged at iteration 81
IPF row error: 22.150990, col error: 0.000000
IPF converged at iteration 81
IPF row error: 22.700309, col error: 0.000000
Starting Iterative Proportional Fitting (IPF)...
IPF converged at iteration 90
Starting Iterative Proportional Fitting (IPF)...
IPF row error: 22.276017, col error: 0.000000
Starting Iterative Proportional Fitting (IPF)...
IPF converged at iteration 31
IPF row error: 21.332943, col error: 0.000000
Starting Iterative Proportional Fitting (IPF)...
IPF converged at iteration 54
IPF row error: 22.389948, col error: 0.000000
Starting Iterative Proportional Fitting (IPF)...
IPF converged at iteration 81
IPF row error: 21.651673, col error: 0.000000
Starting Iterative Proportional Fitting (IPF)...
IPF converged at iteration 91
IPF row error: 22.099483, col error: 0.000000
Starting Iterative Proportional Fitting (IPF)...
IPF converged at iteration 81
IPF row error: 22.183863, col error: 0.000000
Starting Iterative Proportional Fitting (IPF)...
IPF converged at iteration 91
IPF row error: 22.237703, col error: 0.000000
Starting Iterative Proportional Fitting (IPF)...
IPF converged at iteration 26
IPF row error: 20.600399, col error: 0.000000
Starting Iterative Proportional Fitting (IPF)...
IPF converged at iteration 80
IPF row error: 22.835438, col error: 0.000000
Starting Iterative Proportional Fitting (IPF)...
IPF converged at iteration 81
IPF row error: 21.651507, col error: 0.000000
IPF converged at iteration 25
IPF row error: 19.712944, col error: 0.000000
Starting Iterative Proportional Fitting (IPF)...
Starting Iterative Proportional Fitting (IPF)...
IPF converged at iteration 23
IPF row error: 17.746862, col error: 0.000000
Starting Iterative Proportional Fitting (IPF)...
IPF converged at iteration 26
IPF row error: 19.776231, col error: 0.000000
Starting Iterative Proportional Fitting (IPF)...
IPF converged at iteration 81
IPF row error: 22.387544, col error: 0.000000
Starting Iterative Proportional Fitting (IPF)...
IPF converged at iteration 28
IPF row error: 22.089368, col error: 0.000000
Starting Iterative Proportional Fitting (IPF)...
IPF converged at iteration 81
IPF row error: 22.700309, col error: 0.000000
IPF converged at iteration 23
IPF row error: 17.453679, col error: 0.000000
Starting Iterative Proportional Fitting (IPF)...
Starting Iterative Proportional Fitting (IPF)...
IPF converged at iteration 80
IPF row error: 22.835438, col error: 0.000000
Starting Iterative Proportional Fitting (IPF)...
IPF converged at iteration 24
IPF row error: 23.370250, col error: 0.000000
Starting Iterative Proportional Fitting (IPF)...
IPF converged at iteration 28
IPF converged at iteration 90
IPF row error: 23.201573, col error: 0.000000
IPF row error: 22.165832, col error: 0.000000
Starting Iterative Proportional Fitting (IPF)...
Starting Iterative Proportional Fitting (IPF)...
IPF converged at iteration 81
IPF row error: 21.784719, col error: 0.000000
Starting Iterative Proportional Fitting (IPF)...
IPF converged at iteration 81
IPF row error: 21.539036, col error: 0.000000
Starting Iterative Proportional Fitting (IPF)...
IPF converged at iteration 81
IPF row error: 22.184682, col error: 0.000000
Starting Iterative Proportional Fitting (IPF)...
IPF converged at iteration 26
IPF row error: 21.084386, col error: 0.000000
  [2019/test] 진행 780/1750 (44.6%) | 누적 CPC 0.1331 | RMSE 559.8207 | %RMSE 67.0517 | 경과 11.5분 | 예상 남음 14.3분
IPF converged at iteration 90
IPF row error: 22.165832, col error: 0.000000
Starting Iterative Proportional Fitting (IPF)...
Starting Iterative Proportional Fitting (IPF)...
IPF converged at iteration 81
IPF row error: 21.964082, col error: 0.000000
IPF converged at iteration 24
IPF row error: 19.975978, col error: 0.000000
IPF converged at iteration 24
IPF row error: 21.093150, col error: 0.000000
Starting Iterative Proportional Fitting (IPF)...
Starting Iterative Proportional Fitting (IPF)...
Starting Iterative Proportional Fitting (IPF)...
IPF converged at iteration 81
IPF row error: 22.387544, col error: 0.000000
IPF converged at iteration 48
Starting Iterative Proportional Fitting (IPF)...
IPF row error: 22.084901, col error: 0.000000
Starting Iterative Proportional Fitting (IPF)...
IPF converged at iteration 80
IPF row error: 23.061542, col error: 0.000000
IPF converged at iteration 80
IPF row error: 23.175197, col error: 0.000000
Starting Iterative Proportional Fitting (IPF)...
Starting Iterative Proportional Fitting (IPF)...
IPF converged at iteration 81
IPF row error: 21.518783, col error: 0.000000
IPF converged at iteration 81
IPF row error: 21.995043, col error: 0.000000
Starting Iterative Proportional Fitting (IPF)...
Starting Iterative Proportional Fitting (IPF)...
IPF converged at iteration 81
IPF row error: 22.353120, col error: 0.000000
Starting Iterative Proportional Fitting (IPF)...
IPF converged at iteration 32
IPF row error: 19.398653, col error: 0.000000
Starting Iterative Proportional Fitting (IPF)...
IPF converged at iteration 91
IPF row error: 22.237703, col error: 0.000000
Starting Iterative Proportional Fitting (IPF)...
IPF converged at iteration 81
IPF row error: 21.837240, col error: 0.000000
Starting Iterative Proportional Fitting (IPF)...
IPF converged at iteration 81
IPF row error: 22.832200, col error: 0.000000
IPF converged at iteration 25
IPF row error: 22.255553, col error: 0.000000
Starting Iterative Proportional Fitting (IPF)...
Starting Iterative Proportional Fitting (IPF)...
IPF converged at iteration 81
IPF row error: 21.651507, col error: 0.000000
Starting Iterative Proportional Fitting (IPF)...
IPF converged at iteration 81
IPF row error: 21.651507, col error: 0.000000
Starting Iterative Proportional Fitting (IPF)...
IPF converged at iteration 27
IPF row error: 19.448737, col error: 0.000000
Starting Iterative Proportional Fitting (IPF)...
IPF converged at iteration 40
IPF row error: 22.697470, col error: 0.000000
Starting Iterative Proportional Fitting (IPF)...
IPF converged at iteration 36
IPF row error: 22.141344, col error: 0.000000
Starting Iterative Proportional Fitting (IPF)...
IPF converged at iteration 26
IPF row error: 17.358497, col error: 0.000000
Starting Iterative Proportional Fitting (IPF)...
IPF converged at iteration 40
IPF row error: 22.697470, col error: 0.000000
IPF converged at iteration 90
IPF row error: 23.318243, col error: 0.000000
Starting Iterative Proportional Fitting (IPF)...
IPF converged at iteration 40
IPF row error: 22.697470, col error: 0.000000
Starting Iterative Proportional Fitting (IPF)...
Starting Iterative Proportional Fitting (IPF)...
IPF converged at iteration 39
IPF row error: 19.870843, col error: 0.000000
Starting Iterative Proportional Fitting (IPF)...
IPF converged at iteration 23
IPF row error: 23.911594, col error: 0.000000
Starting Iterative Proportional Fitting (IPF)...
IPF converged at iteration 28
IPF row error: 22.036834, col error: 0.000000
Starting Iterative Proportional Fitting (IPF)...
IPF converged at iteration 40
IPF row error: 22.697470, col error: 0.000000
Starting Iterative Proportional Fitting (IPF)...
IPF converged at iteration 24
IPF row error: 21.800183, col error: 0.000000
  [2019/test] 진행 810/1750 (46.3%) | 누적 CPC 0.1320 | RMSE 556.7760 | %RMSE 65.6390 | 경과 12.2분 | 예상 남음 14.1분
IPF converged at iteration 53
IPF row error: 22.756110, col error: 0.000000
Starting Iterative Proportional Fitting (IPF)...
Starting Iterative Proportional Fitting (IPF)...
IPF converged at iteration 52
IPF row error: 21.616808, col error: 0.000000
Starting Iterative Proportional Fitting (IPF)...
IPF converged at iteration 40
IPF row error: 22.697470, col error: 0.000000
Starting Iterative Proportional Fitting (IPF)...
IPF converged at iteration 26
IPF row error: 20.438097, col error: 0.000000
Starting Iterative Proportional Fitting (IPF)...
IPF converged at iteration 40
IPF row error: 22.697470, col error: 0.000000
Starting Iterative Proportional Fitting (IPF)...
IPF converged at iteration 40
IPF row error: 22.697470, col error: 0.000000
Starting Iterative Proportional Fitting (IPF)...
IPF converged at iteration 40
IPF row error: 22.697470, col error: 0.000000
IPF converged at iteration 23
IPF row error: 20.582951, col error: 0.000000
Starting Iterative Proportional Fitting (IPF)...
Starting Iterative Proportional Fitting (IPF)...
IPF converged at iteration 40
IPF row error: 22.697470, col error: 0.000000
Starting Iterative Proportional Fitting (IPF)...
IPF converged at iteration 25
IPF row error: 23.459521, col error: 0.000000
Starting Iterative Proportional Fitting (IPF)...
IPF converged at iteration 40
IPF row error: 22.697470, col error: 0.000000
Starting Iterative Proportional Fitting (IPF)...
IPF converged at iteration 40
IPF row error: 22.697470, col error: 0.000000
IPF converged at iteration 33
IPF row error: 19.180968, col error: 0.000000
Starting Iterative Proportional Fitting (IPF)...
Starting Iterative Proportional Fitting (IPF)...
IPF converged at iteration 24
IPF row error: 19.123679, col error: 0.000000
Starting Iterative Proportional Fitting (IPF)...
IPF converged at iteration 28
IPF row error: 20.379277, col error: 0.000000
Starting Iterative Proportional Fitting (IPF)...
IPF converged at iteration 40
IPF row error: 22.697470, col error: 0.000000
Starting Iterative Proportional Fitting (IPF)...
IPF converged at iteration 40
IPF row error: 22.697470, col error: 0.000000
Starting Iterative Proportional Fitting (IPF)...
IPF converged at iteration 72
IPF row error: 22.623480, col error: 0.000000
Starting Iterative Proportional Fitting (IPF)...
IPF converged at iteration 40
IPF row error: 22.697470, col error: 0.000000
Starting Iterative Proportional Fitting (IPF)...
IPF converged at iteration 40
IPF row error: 22.697470, col error: 0.000000
Starting Iterative Proportional Fitting (IPF)...
IPF converged at iteration 30
IPF row error: 24.002132, col error: 0.000000
Starting Iterative Proportional Fitting (IPF)...
IPF converged at iteration 40
IPF row error: 22.697470, col error: 0.000000
Starting Iterative Proportional Fitting (IPF)...
IPF converged at iteration 40
IPF row error: 22.697470, col error: 0.000000
IPF converged at iteration 23
IPF row error: 23.440123, col error: 0.000000
Starting Iterative Proportional Fitting (IPF)...
Starting Iterative Proportional Fitting (IPF)...
IPF converged at iteration 40
IPF row error: 22.697470, col error: 0.000000
Starting Iterative Proportional Fitting (IPF)...
IPF converged at iteration 40
IPF row error: 22.697470, col error: 0.000000
Starting Iterative Proportional Fitting (IPF)...
IPF converged at iteration 40
IPF converged at iteration 40
IPF row error: 22.697470, col error: 0.000000
IPF row error: 22.697470, col error: 0.000000
Starting Iterative Proportional Fitting (IPF)...
Starting Iterative Proportional Fitting (IPF)...
IPF converged at iteration 40
IPF row error: 22.697470, col error: 0.000000
Starting Iterative Proportional Fitting (IPF)...
IPF converged at iteration 30
IPF row error: 22.715335, col error: 0.000000
IPF converged at iteration 40
  [2019/test] 진행 840/1750 (48.0%) | 누적 CPC 0.1342 | RMSE 562.7611 | %RMSE 64.6425 | 경과 12.7분 | 예상 남음 13.7분
IPF row error: 22.697470, col error: 0.000000
Starting Iterative Proportional Fitting (IPF)...
Starting Iterative Proportional Fitting (IPF)...
IPF converged at iteration 24
IPF row error: 18.306267, col error: 0.000000
Starting Iterative Proportional Fitting (IPF)...
IPF converged at iteration 40
IPF row error: 22.697470, col error: 0.000000
Starting Iterative Proportional Fitting (IPF)...
IPF converged at iteration 30
IPF row error: 23.590859, col error: 0.000000
Starting Iterative Proportional Fitting (IPF)...
IPF converged at iteration 40
IPF row error: 22.697470, col error: 0.000000
IPF converged at iteration 37
IPF row error: 21.465258, col error: 0.000000
Starting Iterative Proportional Fitting (IPF)...
Starting Iterative Proportional Fitting (IPF)...
IPF converged at iteration 40
IPF row error: 22.697470, col error: 0.000000
Starting Iterative Proportional Fitting (IPF)...
IPF converged at iteration 40
IPF row error: 22.697470, col error: 0.000000
Starting Iterative Proportional Fitting (IPF)...
IPF converged at iteration 40
IPF row error: 22.697470, col error: 0.000000
IPF converged at iteration 40
IPF row error: 22.697470, col error: 0.000000
Starting Iterative Proportional Fitting (IPF)...
Starting Iterative Proportional Fitting (IPF)...
IPF converged at iteration 40
IPF row error: 22.661325, col error: 0.000000
Starting Iterative Proportional Fitting (IPF)...
IPF converged at iteration 29
IPF row error: 31.451633, col error: 0.000000
Starting Iterative Proportional Fitting (IPF)...
IPF converged at iteration 29
IPF row error: 18.945558, col error: 0.000000
Starting Iterative Proportional Fitting (IPF)...
IPF converged at iteration 40
IPF row error: 22.661325, col error: 0.000000
Starting Iterative Proportional Fitting (IPF)...
IPF converged at iteration 40
IPF row error: 22.661325, col error: 0.000000
Starting Iterative Proportional Fitting (IPF)...
IPF converged at iteration 25
IPF row error: 20.153563, col error: 0.000000
IPF converged at iteration 40
IPF row error: 22.661325, col error: 0.000000
Starting Iterative Proportional Fitting (IPF)...
Starting Iterative Proportional Fitting (IPF)...
IPF converged at iteration 76
IPF row error: 22.712222, col error: 0.000000
Starting Iterative Proportional Fitting (IPF)...
IPF converged at iteration 24
IPF row error: 20.976660, col error: 0.000000
Starting Iterative Proportional Fitting (IPF)...
IPF converged at iteration 43
IPF row error: 21.230363, col error: 0.000000
Starting Iterative Proportional Fitting (IPF)...
IPF converged at iteration 24
IPF row error: 19.981083, col error: 0.000000
Starting Iterative Proportional Fitting (IPF)...
IPF converged at iteration 28
IPF row error: 21.702500, col error: 0.000000
IPF converged at iteration 25
IPF row error: 22.661655, col error: 0.000000
IPF converged at iteration 40
IPF converged at iteration 70
IPF row error: 22.661325, col error: 0.000000
IPF row error: 21.981126, col error: 0.000000
Starting Iterative Proportional Fitting (IPF)...
Starting Iterative Proportional Fitting (IPF)...
Starting Iterative Proportional Fitting (IPF)...
Starting Iterative Proportional Fitting (IPF)...
IPF converged at iteration 25
IPF row error: 21.651176, col error: 0.000000
IPF converged at iteration 26
IPF row error: 17.857502, col error: 0.000000
Starting Iterative Proportional Fitting (IPF)...
Starting Iterative Proportional Fitting (IPF)...
IPF converged at iteration 40
IPF row error: 22.661325, col error: 0.000000
IPF converged at iteration 40
IPF row error: 22.661325, col error: 0.000000
Starting Iterative Proportional Fitting (IPF)...
Starting Iterative Proportional Fitting (IPF)...
IPF converged at iteration 40
IPF row error: 22.661325, col error: 0.000000
  [2019/test] 진행 870/1750 (49.7%) | 누적 CPC 0.1335 | RMSE 560.8134 | %RMSE 64.9672 | 경과 13.1분 | 예상 남음 13.3분
IPF converged at iteration 40
IPF row error: 22.661325, col error: 0.000000
Starting Iterative Proportional Fitting (IPF)...
Starting Iterative Proportional Fitting (IPF)...
IPF converged at iteration 40
IPF row error: 22.661325, col error: 0.000000
IPF converged at iteration 40
IPF row error: 22.661325, col error: 0.000000
Starting Iterative Proportional Fitting (IPF)...
Starting Iterative Proportional Fitting (IPF)...
IPF converged at iteration 23
IPF row error: 21.563252, col error: 0.000000
Starting Iterative Proportional Fitting (IPF)...
IPF converged at iteration 40
IPF row error: 22.661325, col error: 0.000000
Starting Iterative Proportional Fitting (IPF)...
IPF converged at iteration 40
IPF row error: 22.661325, col error: 0.000000
Starting Iterative Proportional Fitting (IPF)...
IPF converged at iteration 46
IPF row error: 23.041657, col error: 0.000000
Starting Iterative Proportional Fitting (IPF)...
IPF converged at iteration 40
IPF row error: 22.661325, col error: 0.000000
Starting Iterative Proportional Fitting (IPF)...
IPF converged at iteration 26
IPF row error: 21.338767, col error: 0.000000
IPF converged at iteration 40
IPF row error: 22.661325, col error: 0.000000
Starting Iterative Proportional Fitting (IPF)...
Starting Iterative Proportional Fitting (IPF)...
IPF converged at iteration 29
IPF row error: 19.603835, col error: 0.000000
Starting Iterative Proportional Fitting (IPF)...
IPF converged at iteration 40
IPF row error: 22.661325, col error: 0.000000
IPF converged at iteration 26
IPF converged at iteration 23
IPF row error: 17.817260, col error: 0.000000
Starting Iterative Proportional Fitting (IPF)...
IPF row error: 20.591208, col error: 0.000000
Starting Iterative Proportional Fitting (IPF)...
Starting Iterative Proportional Fitting (IPF)...
IPF converged at iteration 26
IPF row error: 21.797273, col error: 0.000000
Starting Iterative Proportional Fitting (IPF)...
IPF converged at iteration 29
IPF row error: 18.781263, col error: 0.000000
Starting Iterative Proportional Fitting (IPF)...
IPF converged at iteration 40
IPF row error: 22.661325, col error: 0.000000
IPF converged at iteration 40
IPF row error: 22.661325, col error: 0.000000
Starting Iterative Proportional Fitting (IPF)...
Starting Iterative Proportional Fitting (IPF)...
IPF converged at iteration 35
IPF row error: 21.299312, col error: 0.000000
Starting Iterative Proportional Fitting (IPF)...
IPF converged at iteration 25
IPF row error: 20.635041, col error: 0.000000
Starting Iterative Proportional Fitting (IPF)...
IPF converged at iteration 25
IPF row error: 23.257604, col error: 0.000000
Starting Iterative Proportional Fitting (IPF)...
IPF converged at iteration 40
IPF row error: 22.661325, col error: 0.000000
Starting Iterative Proportional Fitting (IPF)...
IPF converged at iteration 54
IPF row error: 22.136271, col error: 0.000000
Starting Iterative Proportional Fitting (IPF)...
IPF converged at iteration 40
IPF row error: 22.661325, col error: 0.000000
Starting Iterative Proportional Fitting (IPF)...
IPF converged at iteration 25
IPF row error: 17.521709, col error: 0.000000
Starting Iterative Proportional Fitting (IPF)...
IPF converged at iteration 40
IPF row error: 22.661325, col error: 0.000000
Starting Iterative Proportional Fitting (IPF)...
IPF converged at iteration 32
IPF row error: 20.671555, col error: 0.000000
Starting Iterative Proportional Fitting (IPF)...
IPF converged at iteration 46
IPF row error: 22.002471, col error: 0.000000
Starting Iterative Proportional Fitting (IPF)...
IPF converged at iteration 40
IPF converged at iteration 27
IPF row error: 22.661325, col error: 0.000000
IPF row error: 19.215933, col error: 0.000000
  [2019/test] 진행 900/1750 (51.4%) | 누적 CPC 0.1316 | RMSE 556.2120 | %RMSE 65.9963 | 경과 13.6분 | 예상 남음 12.9분
Starting Iterative Proportional Fitting (IPF)...
Starting Iterative Proportional Fitting (IPF)...
IPF converged at iteration 40
IPF row error: 22.661325, col error: 0.000000
Starting Iterative Proportional Fitting (IPF)...
IPF converged at iteration 23
IPF row error: 22.367360, col error: 0.000000
Starting Iterative Proportional Fitting (IPF)...
IPF converged at iteration 26
IPF row error: 24.021451, col error: 0.000000
Starting Iterative Proportional Fitting (IPF)...
IPF converged at iteration 22
IPF row error: 22.555176, col error: 0.000000
Starting Iterative Proportional Fitting (IPF)...
IPF converged at iteration 84
IPF row error: 21.634931, col error: 0.000000
Starting Iterative Proportional Fitting (IPF)...
IPF converged at iteration 24
IPF row error: 20.855571, col error: 0.000000
Starting Iterative Proportional Fitting (IPF)...
IPF converged at iteration 93
IPF row error: 22.524707, col error: 0.000000
Starting Iterative Proportional Fitting (IPF)...
IPF converged at iteration 25
IPF row error: 21.907728, col error: 0.000000
Starting Iterative Proportional Fitting (IPF)...
IPF converged at iteration 84
IPF row error: 21.873461, col error: 0.000000
Starting Iterative Proportional Fitting (IPF)...
IPF converged at iteration 28
IPF row error: 23.967569, col error: 0.000000
Starting Iterative Proportional Fitting (IPF)...
IPF converged at iteration 34
IPF row error: 23.547326, col error: 0.000000
IPF converged at iteration 25
IPF row error: 17.151115, col error: 0.000000
Starting Iterative Proportional Fitting (IPF)...
Starting Iterative Proportional Fitting (IPF)...
IPF converged at iteration 27
IPF row error: 21.681309, col error: 0.000000
Starting Iterative Proportional Fitting (IPF)...
IPF converged at iteration 83
IPF row error: 22.330385, col error: 0.000000
Starting Iterative Proportional Fitting (IPF)...
IPF converged at iteration 83
IPF row error: 23.072158, col error: 0.000000
Starting Iterative Proportional Fitting (IPF)...
IPF converged at iteration 83
IPF row error: 23.285396, col error: 0.000000
Starting Iterative Proportional Fitting (IPF)...
IPF converged at iteration 92
IPF row error: 23.324256, col error: 0.000000
Starting Iterative Proportional Fitting (IPF)...
IPF converged at iteration 29
IPF row error: 20.030052, col error: 0.000000
IPF converged at iteration 83
IPF row error: 22.420738, col error: 0.000000
Starting Iterative Proportional Fitting (IPF)...
IPF converged at iteration 93
Starting Iterative Proportional Fitting (IPF)...
IPF row error: 22.568498, col error: 0.000000
Starting Iterative Proportional Fitting (IPF)...
IPF converged at iteration 76
IPF row error: 21.481122, col error: 0.000000
Starting Iterative Proportional Fitting (IPF)...
IPF converged at iteration 30
IPF row error: 21.591584, col error: 0.000000
Starting Iterative Proportional Fitting (IPF)...
IPF converged at iteration 32
IPF converged at iteration 28
IPF row error: 19.190333, col error: 0.000000
IPF row error: 19.086346, col error: 0.000000
Starting Iterative Proportional Fitting (IPF)...
Starting Iterative Proportional Fitting (IPF)...
IPF converged at iteration 30
IPF row error: 19.881868, col error: 0.000000
IPF converged at iteration 26
IPF converged at iteration 27
IPF row error: 19.357709, col error: 0.000000
IPF row error: 18.072632, col error: 0.000000
Starting Iterative Proportional Fitting (IPF)...
IPF converged at iteration 70
IPF row error: 21.909486, col error: 0.000000
Starting Iterative Proportional Fitting (IPF)...
Starting Iterative Proportional Fitting (IPF)...
Starting Iterative Proportional Fitting (IPF)...
IPF converged at iteration 23
IPF row error: 21.217209, col error: 0.000000
Starting Iterative Proportional Fitting (IPF)...
IPF converged at iteration 24
IPF converged at iteration 24
IPF row error: 18.585340, col error: 0.000000
IPF row error: 21.916588, col error: 0.000000
  [2019/test] 진행 930/1750 (53.1%) | 누적 CPC 0.1292 | RMSE 561.6499 | %RMSE 68.3204 | 경과 14.3분 | 예상 남음 12.6분
IPF converged at iteration 24
IPF row error: 22.000112, col error: 0.000000
Starting Iterative Proportional Fitting (IPF)...
Starting Iterative Proportional Fitting (IPF)...
Starting Iterative Proportional Fitting (IPF)...
IPF converged at iteration 23
IPF row error: 22.241639, col error: 0.000000
Starting Iterative Proportional Fitting (IPF)...
IPF converged at iteration 46
IPF row error: 22.259152, col error: 0.000000
Starting Iterative Proportional Fitting (IPF)...
IPF converged at iteration 76
IPF converged at iteration 75
IPF row error: 23.293321, col error: 0.000000
IPF row error: 21.466653, col error: 0.000000
IPF converged at iteration 32
Starting Iterative Proportional Fitting (IPF)...
IPF row error: 20.707658, col error: 0.000000
Starting Iterative Proportional Fitting (IPF)...
Starting Iterative Proportional Fitting (IPF)...
IPF converged at iteration 83
IPF row error: 23.052783, col error: 0.000000
Starting Iterative Proportional Fitting (IPF)...
IPF converged at iteration 84
IPF row error: 21.617758, col error: 0.000000
IPF converged at iteration 83
IPF row error: 23.070103, col error: 0.000000
Starting Iterative Proportional Fitting (IPF)...
IPF converged at iteration 83
IPF row error: 23.162344, col error: 0.000000
Starting Iterative Proportional Fitting (IPF)...
Starting Iterative Proportional Fitting (IPF)...
IPF converged at iteration 26
IPF row error: 20.925516, col error: 0.000000
Starting Iterative Proportional Fitting (IPF)...
IPF converged at iteration 84
IPF converged at iteration 24
IPF row error: 21.775898, col error: 0.000000
IPF row error: 20.086507, col error: 0.000000
Starting Iterative Proportional Fitting (IPF)...
Starting Iterative Proportional Fitting (IPF)...
IPF converged at iteration 47
IPF row error: 22.613310, col error: 0.000000
Starting Iterative Proportional Fitting (IPF)...
IPF converged at iteration 39
IPF row error: 21.186402, col error: 0.000000
Starting Iterative Proportional Fitting (IPF)...
IPF converged at iteration 24
IPF row error: 19.082198, col error: 0.000000
Starting Iterative Proportional Fitting (IPF)...
IPF converged at iteration 27
IPF row error: 18.898533, col error: 0.000000
IPF converged at iteration 79
IPF row error: 22.769501, col error: 0.000000
Starting Iterative Proportional Fitting (IPF)...
Starting Iterative Proportional Fitting (IPF)...
IPF converged at iteration 83
IPF row error: 22.926705, col error: 0.000000
Starting Iterative Proportional Fitting (IPF)...
IPF converged at iteration 25
IPF row error: 19.624920, col error: 0.000000
Starting Iterative Proportional Fitting (IPF)...
IPF converged at iteration 60
IPF row error: 21.252017, col error: 0.000000
IPF converged at iteration 25
Starting Iterative Proportional Fitting (IPF)...
IPF row error: 21.109866, col error: 0.000000
Starting Iterative Proportional Fitting (IPF)...
IPF converged at iteration 23
IPF row error: 20.253584, col error: 0.000000
Starting Iterative Proportional Fitting (IPF)...
IPF converged at iteration 93
IPF row error: 21.654910, col error: 0.000000
IPF converged at iteration 24
IPF row error: 17.353559, col error: 0.000000
Starting Iterative Proportional Fitting (IPF)...
Starting Iterative Proportional Fitting (IPF)...
IPF converged at iteration 82
IPF row error: 22.753929, col error: 0.000000
Starting Iterative Proportional Fitting (IPF)...
IPF converged at iteration 82
IPF converged at iteration 25
IPF row error: 22.715748, col error: 0.000000
IPF row error: 23.465592, col error: 0.000000
Starting Iterative Proportional Fitting (IPF)...
Starting Iterative Proportional Fitting (IPF)...
IPF converged at iteration 37
IPF row error: 21.021436, col error: 0.000000
  [2019/test] 진행 960/1750 (54.9%) | 누적 CPC 0.1272 | RMSE 563.5821 | %RMSE 69.5371 | 경과 14.9분 | 예상 남음 12.2분
Starting Iterative Proportional Fitting (IPF)...
IPF converged at iteration 39
IPF row error: 19.605465, col error: 0.000000
IPF converged at iteration 33
IPF row error: 21.611256, col error: 0.000000
Starting Iterative Proportional Fitting (IPF)...
IPF converged at iteration 23
IPF row error: 20.167259, col error: 0.000000
Starting Iterative Proportional Fitting (IPF)...
Starting Iterative Proportional Fitting (IPF)...
IPF converged at iteration 24
IPF row error: 22.238498, col error: 0.000000
Starting Iterative Proportional Fitting (IPF)...
IPF converged at iteration 26
IPF row error: 18.320100, col error: 0.000000
Starting Iterative Proportional Fitting (IPF)...
IPF converged at iteration 82
IPF row error: 22.575543, col error: 0.000000
Starting Iterative Proportional Fitting (IPF)...
IPF converged at iteration 82
IPF row error: 22.938894, col error: 0.000000
Starting Iterative Proportional Fitting (IPF)...
IPF converged at iteration 74
IPF row error: 22.919131, col error: 0.000000
Starting Iterative Proportional Fitting (IPF)...
IPF converged at iteration 87
IPF row error: 21.543282, col error: 0.000000
Starting Iterative Proportional Fitting (IPF)...
IPF converged at iteration 87
IPF row error: 21.820777, col error: 0.000000
Starting Iterative Proportional Fitting (IPF)...
IPF converged at iteration 25
IPF converged at iteration 41
IPF row error: 19.531114, col error: 0.000000
IPF row error: 21.607077, col error: 0.000000
Starting Iterative Proportional Fitting (IPF)...
Starting Iterative Proportional Fitting (IPF)...
IPF converged at iteration 82
IPF row error: 23.057654, col error: 0.000000
IPF converged at iteration 24
IPF row error: 20.755836, col error: 0.000000
Starting Iterative Proportional Fitting (IPF)...
Starting Iterative Proportional Fitting (IPF)...
IPF converged at iteration 44
IPF row error: 20.662226, col error: 0.000000
Starting Iterative Proportional Fitting (IPF)...
IPF converged at iteration 23
IPF row error: 18.819641, col error: 0.000000
Starting Iterative Proportional Fitting (IPF)...
IPF converged at iteration 38
IPF row error: 23.152491, col error: 0.000000
Starting Iterative Proportional Fitting (IPF)...
IPF converged at iteration 83
IPF converged at iteration 26
IPF row error: 22.215393, col error: 0.000000
IPF row error: 21.566597, col error: 0.000000
Starting Iterative Proportional Fitting (IPF)...Starting Iterative Proportional Fitting (IPF)...

IPF converged at iteration 32
IPF row error: 22.856915, col error: 0.000000
IPF converged at iteration 33
IPF row error: 21.409454, col error: 0.000000
Starting Iterative Proportional Fitting (IPF)...
Starting Iterative Proportional Fitting (IPF)...
IPF converged at iteration 82
IPF row error: 22.739591, col error: 0.000000
Starting Iterative Proportional Fitting (IPF)...
IPF converged at iteration 82
IPF row error: 22.897735, col error: 0.000000
Starting Iterative Proportional Fitting (IPF)...
IPF converged at iteration 27
IPF row error: 23.560557, col error: 0.000000
IPF converged at iteration 56
IPF row error: 20.921885, col error: 0.000000
Starting Iterative Proportional Fitting (IPF)...
Starting Iterative Proportional Fitting (IPF)...
IPF converged at iteration 25
IPF row error: 22.862361, col error: 0.000000
Starting Iterative Proportional Fitting (IPF)...
IPF converged at iteration 70
IPF row error: 21.145293, col error: 0.000000
Starting Iterative Proportional Fitting (IPF)...
IPF converged at iteration 22
IPF row error: 24.156237, col error: 0.000000
Starting Iterative Proportional Fitting (IPF)...
IPF converged at iteration 23
IPF row error: 17.307262, col error: 0.000000
Starting Iterative Proportional Fitting (IPF)...
IPF converged at iteration 30
IPF row error: 20.994004, col error: 0.000000
  [2019/test] 진행 990/1750 (56.6%) | 누적 CPC 0.1257 | RMSE 559.7592 | %RMSE 69.1033 | 경과 15.4분 | 예상 남음 11.8분
Starting Iterative Proportional Fitting (IPF)...
IPF converged at iteration 87
IPF row error: 21.820777, col error: 0.000000
IPF converged at iteration 92
IPF row error: 22.497503, col error: 0.000000
Starting Iterative Proportional Fitting (IPF)...
Starting Iterative Proportional Fitting (IPF)...
IPF converged at iteration 82
IPF row error: 23.010951, col error: 0.000000
Starting Iterative Proportional Fitting (IPF)...
IPF converged at iteration 24
IPF row error: 17.378870, col error: 0.000000
Starting Iterative Proportional Fitting (IPF)...
IPF converged at iteration 82
IPF row error: 22.575543, col error: 0.000000
Starting Iterative Proportional Fitting (IPF)...
IPF converged at iteration 74
IPF row error: 23.290451, col error: 0.000000
Starting Iterative Proportional Fitting (IPF)...
IPF converged at iteration 82
IPF row error: 22.702308, col error: 0.000000
Starting Iterative Proportional Fitting (IPF)...
IPF converged at iteration 78
IPF row error: 22.011411, col error: 0.000000
Starting Iterative Proportional Fitting (IPF)...
IPF converged at iteration 82
IPF row error: 22.702308, col error: 0.000000
Starting Iterative Proportional Fitting (IPF)...
IPF converged at iteration 73
IPF row error: 22.706176, col error: 0.000000
IPF converged at iteration 87
Starting Iterative Proportional Fitting (IPF)...
IPF row error: 21.820777, col error: 0.000000
Starting Iterative Proportional Fitting (IPF)...
IPF converged at iteration 23
IPF row error: 18.672982, col error: 0.000000
Starting Iterative Proportional Fitting (IPF)...
IPF converged at iteration 81
IPF row error: 22.708894, col error: 0.000000
Starting Iterative Proportional Fitting (IPF)...
IPF converged at iteration 81
IPF row error: 21.965791, col error: 0.000000
Starting Iterative Proportional Fitting (IPF)...
IPF converged at iteration 90
IPF row error: 21.803691, col error: 0.000000
IPF converged at iteration 30
IPF row error: 18.708639, col error: 0.000000
Starting Iterative Proportional Fitting (IPF)...
Starting Iterative Proportional Fitting (IPF)...
IPF converged at iteration 81
IPF row error: 22.972327, col error: 0.000000
Starting Iterative Proportional Fitting (IPF)...
IPF converged at iteration 25
IPF row error: 23.220289, col error: 0.000000
Starting Iterative Proportional Fitting (IPF)...
IPF converged at iteration 81
IPF row error: 22.886302, col error: 0.000000
Starting Iterative Proportional Fitting (IPF)...
IPF converged at iteration 91
IPF row error: 22.220201, col error: 0.000000
IPF converged at iteration 81
IPF row error: 22.852169, col error: 0.000000
Starting Iterative Proportional Fitting (IPF)...
Starting Iterative Proportional Fitting (IPF)...
IPF converged at iteration 81
IPF row error: 22.766615, col error: 0.000000
Starting Iterative Proportional Fitting (IPF)...
IPF converged at iteration 29
IPF row error: 20.503071, col error: 0.000000
Starting Iterative Proportional Fitting (IPF)...
IPF converged at iteration 24
IPF row error: 20.166081, col error: 0.000000
Starting Iterative Proportional Fitting (IPF)...
IPF converged at iteration 25
IPF row error: 19.872204, col error: 0.000000
Starting Iterative Proportional Fitting (IPF)...
IPF converged at iteration 81
IPF row error: 21.821279, col error: 0.000000
Starting Iterative Proportional Fitting (IPF)...
IPF converged at iteration 90
IPF row error: 21.803691, col error: 0.000000
Starting Iterative Proportional Fitting (IPF)...
IPF converged at iteration 73
IPF row error: 22.080908, col error: 0.000000
Starting Iterative Proportional Fitting (IPF)...
IPF converged at iteration 25
IPF row error: 18.522012, col error: 0.000000
Starting Iterative Proportional Fitting (IPF)...
IPF converged at iteration 81
IPF row error: 21.893465, col error: 0.000000
  [2019/test] 진행 1020/1750 (58.3%) | 누적 CPC 0.1253 | RMSE 564.3923 | %RMSE 68.3039 | 경과 15.9분 | 예상 남음 11.4분
IPF converged at iteration 26
IPF row error: 22.326906, col error: 0.000000
Starting Iterative Proportional Fitting (IPF)...
Starting Iterative Proportional Fitting (IPF)...
IPF converged at iteration 73
IPF row error: 22.405964, col error: 0.000000
Starting Iterative Proportional Fitting (IPF)...
IPF converged at iteration 90
IPF row error: 21.803691, col error: 0.000000
Starting Iterative Proportional Fitting (IPF)...
IPF converged at iteration 73
IPF row error: 21.560553, col error: 0.000000
Starting Iterative Proportional Fitting (IPF)...
IPF converged at iteration 80
IPF row error: 22.062541, col error: 0.000000
Starting Iterative Proportional Fitting (IPF)...
IPF converged at iteration 81
IPF row error: 22.717021, col error: 0.000000
Starting Iterative Proportional Fitting (IPF)...
IPF converged at iteration 25
IPF row error: 17.711440, col error: 0.000000
Starting Iterative Proportional Fitting (IPF)...
IPF converged at iteration 25
IPF row error: 23.628385, col error: 0.000000
Starting Iterative Proportional Fitting (IPF)...
IPF converged at iteration 90
IPF row error: 21.981404, col error: 0.000000
Starting Iterative Proportional Fitting (IPF)...
IPF converged at iteration 22
IPF row error: 26.407991, col error: 0.000000
Starting Iterative Proportional Fitting (IPF)...
IPF converged at iteration 24
IPF row error: 18.824217, col error: 0.000000
Starting Iterative Proportional Fitting (IPF)...
IPF converged at iteration 81
IPF row error: 23.195584, col error: 0.000000
Starting Iterative Proportional Fitting (IPF)...
IPF converged at iteration 81
IPF row error: 22.385691, col error: 0.000000
Starting Iterative Proportional Fitting (IPF)...
IPF converged at iteration 24
IPF row error: 19.940691, col error: 0.000000
Starting Iterative Proportional Fitting (IPF)...
IPF converged at iteration 24
IPF row error: 23.157132, col error: 0.000000
IPF converged at iteration 81
IPF row error: 22.532490, col error: 0.000000
Starting Iterative Proportional Fitting (IPF)...
Starting Iterative Proportional Fitting (IPF)...
IPF converged at iteration 26
IPF row error: 18.976924, col error: 0.000000
Starting Iterative Proportional Fitting (IPF)...
IPF converged at iteration 55
IPF row error: 23.566661, col error: 0.000000
Starting Iterative Proportional Fitting (IPF)...
IPF converged at iteration 81
IPF row error: 23.195584, col error: 0.000000
Starting Iterative Proportional Fitting (IPF)...
IPF converged at iteration 90
IPF row error: 21.981404, col error: 0.000000
Starting Iterative Proportional Fitting (IPF)...
IPF converged at iteration 35
IPF row error: 23.400181, col error: 0.000000
Starting Iterative Proportional Fitting (IPF)...
IPF converged at iteration 81
IPF row error: 22.532490, col error: 0.000000
Starting Iterative Proportional Fitting (IPF)...
IPF converged at iteration 24
IPF row error: 17.490843, col error: 0.000000
IPF converged at iteration 22
IPF row error: 21.959180, col error: 0.000000
Starting Iterative Proportional Fitting (IPF)...
Starting Iterative Proportional Fitting (IPF)...
IPF converged at iteration 81
IPF converged at iteration 24
IPF row error: 22.950929, col error: 0.000000
IPF row error: 23.120891, col error: 0.000000
Starting Iterative Proportional Fitting (IPF)...
Starting Iterative Proportional Fitting (IPF)...
IPF converged at iteration 35
IPF row error: 19.975014, col error: 0.000000
Starting Iterative Proportional Fitting (IPF)...
IPF converged at iteration 91
IPF row error: 21.670428, col error: 0.000000
Starting Iterative Proportional Fitting (IPF)...
IPF converged at iteration 91
IPF row error: 22.566260, col error: 0.000000
Starting Iterative Proportional Fitting (IPF)...
IPF converged at iteration 80
IPF row error: 23.340599, col error: 0.000000
  [2019/test] 진행 1050/1750 (60.0%) | 누적 CPC 0.1255 | RMSE 571.8930 | %RMSE 67.3393 | 경과 16.5분 | 예상 남음 11.0분
IPF converged at iteration 44
Starting Iterative Proportional Fitting (IPF)...
IPF row error: 23.227756, col error: 0.000000
Starting Iterative Proportional Fitting (IPF)...
IPF converged at iteration 46
IPF row error: 22.134953, col error: 0.000000
Starting Iterative Proportional Fitting (IPF)...
IPF converged at iteration 95
IPF row error: 21.971321, col error: 0.000000
Starting Iterative Proportional Fitting (IPF)...
IPF converged at iteration 95
IPF row error: 21.971321, col error: 0.000000
IPF converged at iteration 95
IPF row error: 21.971321, col error: 0.000000
Starting Iterative Proportional Fitting (IPF)...
Starting Iterative Proportional Fitting (IPF)...
IPF converged at iteration 24
IPF row error: 20.220071, col error: 0.000000
IPF converged at iteration 95
Starting Iterative Proportional Fitting (IPF)...
IPF row error: 21.971321, col error: 0.000000
Starting Iterative Proportional Fitting (IPF)...
IPF converged at iteration 36
IPF row error: 21.236238, col error: 0.000000
Starting Iterative Proportional Fitting (IPF)...
IPF converged at iteration 95
IPF row error: 21.971321, col error: 0.000000
IPF converged at iteration 95
IPF row error: 21.971321, col error: 0.000000
Starting Iterative Proportional Fitting (IPF)...
Starting Iterative Proportional Fitting (IPF)...
IPF converged at iteration 95
IPF row error: 21.971321, col error: 0.000000
Starting Iterative Proportional Fitting (IPF)...
IPF converged at iteration 25
IPF row error: 18.115631, col error: 0.000000
IPF converged at iteration 25
Starting Iterative Proportional Fitting (IPF)...
IPF row error: 22.886774, col error: 0.000000
Starting Iterative Proportional Fitting (IPF)...
IPF converged at iteration 27
IPF row error: 23.067809, col error: 0.000000
Starting Iterative Proportional Fitting (IPF)...
IPF converged at iteration 95
IPF row error: 21.971321, col error: 0.000000
Starting Iterative Proportional Fitting (IPF)...
IPF converged at iteration 62
IPF row error: 23.321941, col error: 0.000000
Starting Iterative Proportional Fitting (IPF)...
IPF converged at iteration 95
IPF row error: 21.971321, col error: 0.000000
Starting Iterative Proportional Fitting (IPF)...
IPF converged at iteration 95
IPF row error: 21.971321, col error: 0.000000
Starting Iterative Proportional Fitting (IPF)...
IPF converged at iteration 95
IPF row error: 21.971321, col error: 0.000000
Starting Iterative Proportional Fitting (IPF)...
IPF converged at iteration 29
IPF row error: 22.075767, col error: 0.000000
Starting Iterative Proportional Fitting (IPF)...
IPF converged at iteration 24
IPF row error: 20.875725, col error: 0.000000
IPF converged at iteration 95
IPF row error: 21.971321, col error: 0.000000
Starting Iterative Proportional Fitting (IPF)...
Starting Iterative Proportional Fitting (IPF)...
IPF converged at iteration 35
IPF row error: 20.717179, col error: 0.000000
Starting Iterative Proportional Fitting (IPF)...
IPF converged at iteration 95
IPF row error: 21.971321, col error: 0.000000
Starting Iterative Proportional Fitting (IPF)...
IPF converged at iteration 95
IPF row error: 21.971321, col error: 0.000000
Starting Iterative Proportional Fitting (IPF)...
IPF converged at iteration 95
IPF row error: 21.971321, col error: 0.000000
Starting Iterative Proportional Fitting (IPF)...
IPF converged at iteration 95
IPF row error: 21.971321, col error: 0.000000
Starting Iterative Proportional Fitting (IPF)...
IPF converged at iteration 95
IPF row error: 21.971321, col error: 0.000000
Starting Iterative Proportional Fitting (IPF)...
IPF converged at iteration 95
IPF row error: 21.971321, col error: 0.000000
Starting Iterative Proportional Fitting (IPF)...
IPF converged at iteration 26
IPF row error: 17.927504, col error: 0.000000
  [2019/test] 진행 1080/1750 (61.7%) | 누적 CPC 0.1253 | RMSE 566.8162 | %RMSE 65.9468 | 경과 17.1분 | 예상 남음 10.6분
Starting Iterative Proportional Fitting (IPF)...
IPF converged at iteration 95
IPF row error: 21.971321, col error: 0.000000
Starting Iterative Proportional Fitting (IPF)...
IPF converged at iteration 26
IPF row error: 23.380465, col error: 0.000000
Starting Iterative Proportional Fitting (IPF)...
IPF converged at iteration 95
IPF row error: 21.971321, col error: 0.000000
Starting Iterative Proportional Fitting (IPF)...
IPF converged at iteration 95
IPF row error: 21.971321, col error: 0.000000
Starting Iterative Proportional Fitting (IPF)...
IPF converged at iteration 95
IPF row error: 21.971321, col error: 0.000000
Starting Iterative Proportional Fitting (IPF)...
IPF converged at iteration 95
IPF row error: 21.971321, col error: 0.000000
Starting Iterative Proportional Fitting (IPF)...
IPF converged at iteration 95
IPF row error: 21.971321, col error: 0.000000
Starting Iterative Proportional Fitting (IPF)...
IPF converged at iteration 95
IPF row error: 21.971321, col error: 0.000000
Starting Iterative Proportional Fitting (IPF)...
IPF converged at iteration 95
IPF row error: 21.971321, col error: 0.000000
Starting Iterative Proportional Fitting (IPF)...
IPF converged at iteration 95
IPF row error: 21.971321, col error: 0.000000
Starting Iterative Proportional Fitting (IPF)...
IPF converged at iteration 95
IPF row error: 21.971321, col error: 0.000000
Starting Iterative Proportional Fitting (IPF)...
IPF converged at iteration 95
IPF row error: 21.971321, col error: 0.000000
Starting Iterative Proportional Fitting (IPF)...
IPF converged at iteration 95
IPF row error: 21.971321, col error: 0.000000
IPF converged at iteration 23
IPF row error: 19.083866, col error: 0.000000
Starting Iterative Proportional Fitting (IPF)...
Starting Iterative Proportional Fitting (IPF)...
IPF converged at iteration 50
IPF row error: 21.111720, col error: 0.000000
Starting Iterative Proportional Fitting (IPF)...
IPF converged at iteration 26
IPF row error: 19.097902, col error: 0.000000
Starting Iterative Proportional Fitting (IPF)...
IPF converged at iteration 39
IPF row error: 19.463408, col error: 0.000000
Starting Iterative Proportional Fitting (IPF)...
IPF converged at iteration 95
IPF row error: 21.971321, col error: 0.000000
Starting Iterative Proportional Fitting (IPF)...
IPF converged at iteration 95
IPF row error: 21.971321, col error: 0.000000
Starting Iterative Proportional Fitting (IPF)...
IPF converged at iteration 95
IPF row error: 21.971321, col error: 0.000000
Starting Iterative Proportional Fitting (IPF)...
IPF converged at iteration 25
IPF row error: 19.467628, col error: 0.000000
Starting Iterative Proportional Fitting (IPF)...
IPF converged at iteration 23
IPF row error: 19.692919, col error: 0.000000
Starting Iterative Proportional Fitting (IPF)...
IPF converged at iteration 94
IPF row error: 22.458813, col error: 0.000000
Starting Iterative Proportional Fitting (IPF)...
IPF converged at iteration 94
IPF row error: 22.458813, col error: 0.000000
Starting Iterative Proportional Fitting (IPF)...
IPF converged at iteration 26
IPF row error: 17.511203, col error: 0.000000
Starting Iterative Proportional Fitting (IPF)...
IPF converged at iteration 94
IPF row error: 22.458813, col error: 0.000000
Starting Iterative Proportional Fitting (IPF)...
IPF converged at iteration 32
IPF row error: 22.846488, col error: 0.000000
IPF converged at iteration 24
IPF row error: 20.088708, col error: 0.000000
Starting Iterative Proportional Fitting (IPF)...
Starting Iterative Proportional Fitting (IPF)...
IPF converged at iteration 94
IPF row error: 22.458813, col error: 0.000000
Starting Iterative Proportional Fitting (IPF)...
IPF converged at iteration 34
IPF row error: 22.463909, col error: 0.000000
  [2019/test] 진행 1110/1750 (63.4%) | 누적 CPC 0.1249 | RMSE 561.2266 | %RMSE 64.6253 | 경과 17.8분 | 예상 남음 10.2분
IPF converged at iteration 94
Starting Iterative Proportional Fitting (IPF)...
IPF row error: 22.458813, col error: 0.000000
Starting Iterative Proportional Fitting (IPF)...
IPF converged at iteration 40
IPF row error: 19.962961, col error: 0.000000
Starting Iterative Proportional Fitting (IPF)...
IPF converged at iteration 94
IPF row error: 22.458813, col error: 0.000000
Starting Iterative Proportional Fitting (IPF)...
IPF converged at iteration 94
IPF row error: 22.458813, col error: 0.000000
Starting Iterative Proportional Fitting (IPF)...
IPF converged at iteration 27
IPF row error: 19.307799, col error: 0.000000
Starting Iterative Proportional Fitting (IPF)...
IPF converged at iteration 94
IPF row error: 22.458813, col error: 0.000000
Starting Iterative Proportional Fitting (IPF)...
IPF converged at iteration 31
IPF converged at iteration 23
IPF row error: 22.506308, col error: 0.000000
IPF row error: 19.978796, col error: 0.000000
Starting Iterative Proportional Fitting (IPF)...
Starting Iterative Proportional Fitting (IPF)...
IPF converged at iteration 94
IPF row error: 22.458813, col error: 0.000000
Starting Iterative Proportional Fitting (IPF)...
IPF converged at iteration 94
IPF row error: 22.458813, col error: 0.000000
Starting Iterative Proportional Fitting (IPF)...
IPF converged at iteration 94
IPF row error: 22.458813, col error: 0.000000
IPF converged at iteration 94
IPF row error: 22.458813, col error: 0.000000
Starting Iterative Proportional Fitting (IPF)...
Starting Iterative Proportional Fitting (IPF)...
IPF converged at iteration 94
IPF row error: 22.458813, col error: 0.000000
Starting Iterative Proportional Fitting (IPF)...
IPF converged at iteration 31
IPF row error: 22.594131, col error: 0.000000
Starting Iterative Proportional Fitting (IPF)...
IPF converged at iteration 94
IPF row error: 22.458813, col error: 0.000000
Starting Iterative Proportional Fitting (IPF)...
IPF converged at iteration 24
IPF row error: 20.087987, col error: 0.000000
Starting Iterative Proportional Fitting (IPF)...
IPF converged at iteration 41
IPF row error: 23.352337, col error: 0.000000
Starting Iterative Proportional Fitting (IPF)...
IPF converged at iteration 94
IPF row error: 22.458813, col error: 0.000000
Starting Iterative Proportional Fitting (IPF)...
IPF converged at iteration 94
IPF row error: 22.458813, col error: 0.000000
Starting Iterative Proportional Fitting (IPF)...
IPF converged at iteration 25
IPF row error: 23.145134, col error: 0.000000
Starting Iterative Proportional Fitting (IPF)...
IPF converged at iteration 47
IPF row error: 23.454417, col error: 0.000000
Starting Iterative Proportional Fitting (IPF)...
IPF converged at iteration 94
IPF row error: 22.458813, col error: 0.000000
Starting Iterative Proportional Fitting (IPF)...
IPF converged at iteration 94
IPF row error: 22.458813, col error: 0.000000
Starting Iterative Proportional Fitting (IPF)...
IPF converged at iteration 94
IPF row error: 22.458813, col error: 0.000000
Starting Iterative Proportional Fitting (IPF)...
IPF converged at iteration 24
IPF row error: 21.116151, col error: 0.000000
IPF converged at iteration 94
IPF row error: 22.458813, col error: 0.000000
Starting Iterative Proportional Fitting (IPF)...
Starting Iterative Proportional Fitting (IPF)...
IPF converged at iteration 94
IPF row error: 22.458813, col error: 0.000000
Starting Iterative Proportional Fitting (IPF)...
IPF converged at iteration 48
IPF row error: 22.651670, col error: 0.000000
IPF converged at iteration 25
IPF row error: 21.226977, col error: 0.000000
Starting Iterative Proportional Fitting (IPF)...
Starting Iterative Proportional Fitting (IPF)...
IPF converged at iteration 31
IPF row error: 20.549146, col error: 0.000000
  [2019/test] 진행 1140/1750 (65.1%) | 누적 CPC 0.1237 | RMSE 554.3857 | %RMSE 63.3669 | 경과 18.5분 | 예상 남음 9.9분
Starting Iterative Proportional Fitting (IPF)...
IPF converged at iteration 94
IPF row error: 22.458813, col error: 0.000000
IPF converged at iteration 94
IPF row error: 22.458813, col error: 0.000000
IPF converged at iteration 57
Starting Iterative Proportional Fitting (IPF)...
IPF row error: 23.191107, col error: 0.000000
Starting Iterative Proportional Fitting (IPF)...
Starting Iterative Proportional Fitting (IPF)...
IPF converged at iteration 34
IPF row error: 19.782258, col error: 0.000000
Starting Iterative Proportional Fitting (IPF)...
IPF converged at iteration 25
IPF row error: 17.707646, col error: 0.000000
Starting Iterative Proportional Fitting (IPF)...
IPF converged at iteration 94
IPF row error: 22.458813, col error: 0.000000
Starting Iterative Proportional Fitting (IPF)...
IPF converged at iteration 94
IPF row error: 22.458813, col error: 0.000000
Starting Iterative Proportional Fitting (IPF)...
IPF converged at iteration 94
IPF row error: 22.458813, col error: 0.000000
Starting Iterative Proportional Fitting (IPF)...
IPF converged at iteration 94
IPF row error: 22.458813, col error: 0.000000
Starting Iterative Proportional Fitting (IPF)...
IPF converged at iteration 40
IPF row error: 22.697470, col error: 0.000000
Starting Iterative Proportional Fitting (IPF)...
IPF converged at iteration 53
IPF row error: 23.432839, col error: 0.000000
Starting Iterative Proportional Fitting (IPF)...
IPF converged at iteration 68
IPF row error: 21.281903, col error: 0.000000
Starting Iterative Proportional Fitting (IPF)...
IPF converged at iteration 40
IPF row error: 22.697470, col error: 0.000000
Starting Iterative Proportional Fitting (IPF)...
IPF converged at iteration 40
IPF row error: 22.697470, col error: 0.000000
Starting Iterative Proportional Fitting (IPF)...
IPF converged at iteration 40
IPF row error: 22.697470, col error: 0.000000
IPF converged at iteration 40
Starting Iterative Proportional Fitting (IPF)...
IPF row error: 22.697470, col error: 0.000000
Starting Iterative Proportional Fitting (IPF)...
IPF converged at iteration 40
IPF row error: 22.697470, col error: 0.000000
Starting Iterative Proportional Fitting (IPF)...
IPF converged at iteration 40
IPF row error: 22.697470, col error: 0.000000
IPF converged at iteration 30
IPF row error: 21.988001, col error: 0.000000
Starting Iterative Proportional Fitting (IPF)...
Starting Iterative Proportional Fitting (IPF)...
IPF converged at iteration 40
IPF row error: 22.697470, col error: 0.000000
Starting Iterative Proportional Fitting (IPF)...
IPF converged at iteration 40
IPF row error: 22.697470, col error: 0.000000
Starting Iterative Proportional Fitting (IPF)...
IPF converged at iteration 35
IPF row error: 23.201609, col error: 0.000000
Starting Iterative Proportional Fitting (IPF)...
IPF converged at iteration 40
IPF row error: 22.697470, col error: 0.000000
Starting Iterative Proportional Fitting (IPF)...
IPF converged at iteration 55
IPF row error: 21.642592, col error: 0.000000
Starting Iterative Proportional Fitting (IPF)...
IPF converged at iteration 40
IPF row error: 22.697470, col error: 0.000000
Starting Iterative Proportional Fitting (IPF)...
IPF converged at iteration 40
IPF row error: 22.697470, col error: 0.000000
Starting Iterative Proportional Fitting (IPF)...
IPF converged at iteration 23
IPF row error: 21.670304, col error: 0.000000
IPF converged at iteration 52
IPF row error: 22.056570, col error: 0.000000
Starting Iterative Proportional Fitting (IPF)...IPF converged at iteration 40

IPF row error: 22.697470, col error: 0.000000
Starting Iterative Proportional Fitting (IPF)...
Starting Iterative Proportional Fitting (IPF)...
IPF converged at iteration 57
IPF row error: 21.064607, col error: 0.000000
  [2019/test] 진행 1170/1750 (66.9%) | 누적 CPC 0.1246 | RMSE 555.1053 | %RMSE 62.5310 | 경과 19.2분 | 예상 남음 9.5분
Starting Iterative Proportional Fitting (IPF)...
IPF converged at iteration 40
IPF row error: 22.697470, col error: 0.000000
IPF converged at iteration 40
IPF row error: 22.697470, col error: 0.000000
Starting Iterative Proportional Fitting (IPF)...
IPF converged at iteration 40
IPF row error: 22.697470, col error: 0.000000
Starting Iterative Proportional Fitting (IPF)...
Starting Iterative Proportional Fitting (IPF)...
IPF converged at iteration 40
IPF row error: 22.697470, col error: 0.000000
Starting Iterative Proportional Fitting (IPF)...
IPF converged at iteration 40
IPF row error: 21.251621, col error: 0.000000
IPF converged at iteration 40
Starting Iterative Proportional Fitting (IPF)...
IPF row error: 22.697470, col error: 0.000000
IPF converged at iteration 40
IPF row error: 22.697470, col error: 0.000000
Starting Iterative Proportional Fitting (IPF)...
Starting Iterative Proportional Fitting (IPF)...
IPF converged at iteration 40
IPF row error: 22.697470, col error: 0.000000
Starting Iterative Proportional Fitting (IPF)...
IPF converged at iteration 25
IPF row error: 21.951412, col error: 0.000000
IPF converged at iteration 40
IPF converged at iteration 35
IPF row error: 22.697470, col error: 0.000000
IPF row error: 20.482921, col error: 0.000000
Starting Iterative Proportional Fitting (IPF)...
IPF converged at iteration 40
Starting Iterative Proportional Fitting (IPF)...
IPF row error: 22.697470, col error: 0.000000
Starting Iterative Proportional Fitting (IPF)...
Starting Iterative Proportional Fitting (IPF)...
IPF converged at iteration 25
IPF row error: 17.202439, col error: 0.000000
IPF converged at iteration 23
IPF row error: 18.508506, col error: 0.000000
Starting Iterative Proportional Fitting (IPF)...
Starting Iterative Proportional Fitting (IPF)...
IPF converged at iteration 40
IPF row error: 22.697470, col error: 0.000000
Starting Iterative Proportional Fitting (IPF)...
IPF converged at iteration 29IPF converged at iteration 57

IPF row error: 19.630898, col error: 0.000000
IPF row error: 23.188780, col error: 0.000000
Starting Iterative Proportional Fitting (IPF)...
Starting Iterative Proportional Fitting (IPF)...
IPF converged at iteration 40
IPF row error: 22.697470, col error: 0.000000
Starting Iterative Proportional Fitting (IPF)...
IPF converged at iteration 40
IPF row error: 22.697470, col error: 0.000000
Starting Iterative Proportional Fitting (IPF)...
IPF converged at iteration 36
IPF row error: 21.706012, col error: 0.000000
Starting Iterative Proportional Fitting (IPF)...
IPF converged at iteration 40
IPF row error: 22.697470, col error: 0.000000
Starting Iterative Proportional Fitting (IPF)...
IPF converged at iteration 39
IPF row error: 21.072633, col error: 0.000000
Starting Iterative Proportional Fitting (IPF)...
IPF converged at iteration 25
IPF converged at iteration 40
IPF row error: 19.903667, col error: 0.000000
IPF row error: 22.697470, col error: 0.000000
Starting Iterative Proportional Fitting (IPF)...
Starting Iterative Proportional Fitting (IPF)...
IPF converged at iteration 26
IPF converged at iteration 40
IPF row error: 23.047509, col error: 0.000000
IPF row error: 22.697470, col error: 0.000000
Starting Iterative Proportional Fitting (IPF)...
Starting Iterative Proportional Fitting (IPF)...
IPF converged at iteration 40
IPF row error: 22.697470, col error: 0.000000
IPF converged at iteration 40
IPF row error: 22.697470, col error: 0.000000
Starting Iterative Proportional Fitting (IPF)...
Starting Iterative Proportional Fitting (IPF)...
IPF converged at iteration 39
IPF row error: 21.032349, col error: 0.000000
IPF converged at iteration 40
IPF row error: 22.697470, col error: 0.000000
  [2019/test] 진행 1200/1750 (68.6%) | 누적 CPC 0.1263 | RMSE 559.0380 | %RMSE 61.8964 | 경과 19.6분 | 예상 남음 9.0분
Starting Iterative Proportional Fitting (IPF)...
Starting Iterative Proportional Fitting (IPF)...
IPF converged at iteration 40
IPF row error: 22.661325, col error: 0.000000
IPF converged at iteration 40
IPF row error: 22.661325, col error: 0.000000
Starting Iterative Proportional Fitting (IPF)...
Starting Iterative Proportional Fitting (IPF)...
IPF converged at iteration 40
IPF row error: 22.661325, col error: 0.000000
IPF converged at iteration 40
IPF row error: 22.661325, col error: 0.000000
Starting Iterative Proportional Fitting (IPF)...
Starting Iterative Proportional Fitting (IPF)...
IPF converged at iteration 25
IPF converged at iteration 27
IPF row error: 17.625946, col error: 0.000000
IPF row error: 19.963567, col error: 0.000000
Starting Iterative Proportional Fitting (IPF)...
Starting Iterative Proportional Fitting (IPF)...
IPF converged at iteration 27
IPF row error: 17.741421, col error: 0.000000
Starting Iterative Proportional Fitting (IPF)...
IPF converged at iteration 40
IPF row error: 22.661325, col error: 0.000000
Starting Iterative Proportional Fitting (IPF)...
IPF converged at iteration 40
IPF row error: 22.661325, col error: 0.000000
IPF converged at iteration 40
IPF row error: 22.661325, col error: 0.000000
Starting Iterative Proportional Fitting (IPF)...
Starting Iterative Proportional Fitting (IPF)...
IPF converged at iteration 40
IPF row error: 22.661325, col error: 0.000000
Starting Iterative Proportional Fitting (IPF)...
IPF converged at iteration 38
IPF row error: 22.462463, col error: 0.000000
Starting Iterative Proportional Fitting (IPF)...
IPF converged at iteration 34
IPF row error: 21.819410, col error: 0.000000
Starting Iterative Proportional Fitting (IPF)...
IPF converged at iteration 32
IPF row error: 23.190717, col error: 0.000000
Starting Iterative Proportional Fitting (IPF)...
IPF converged at iteration 51
IPF row error: 21.056475, col error: 0.000000
Starting Iterative Proportional Fitting (IPF)...
IPF converged at iteration 40
IPF row error: 22.661325, col error: 0.000000
Starting Iterative Proportional Fitting (IPF)...
IPF converged at iteration 40
IPF row error: 22.661325, col error: 0.000000
Starting Iterative Proportional Fitting (IPF)...
IPF converged at iteration 40
IPF row error: 22.661325, col error: 0.000000
Starting Iterative Proportional Fitting (IPF)...
IPF converged at iteration 23
IPF row error: 17.705645, col error: 0.000000
Starting Iterative Proportional Fitting (IPF)...
IPF converged at iteration 40
IPF row error: 22.661325, col error: 0.000000
Starting Iterative Proportional Fitting (IPF)...
IPF converged at iteration 40
IPF row error: 22.661325, col error: 0.000000
Starting Iterative Proportional Fitting (IPF)...
IPF converged at iteration 33
IPF row error: 21.349597, col error: 0.000000
IPF converged at iteration 40
IPF row error: 22.661325, col error: 0.000000
Starting Iterative Proportional Fitting (IPF)...
Starting Iterative Proportional Fitting (IPF)...
IPF converged at iteration 57
IPF row error: 20.775032, col error: 0.000000
Starting Iterative Proportional Fitting (IPF)...
IPF converged at iteration 40
IPF row error: 22.661325, col error: 0.000000
IPF converged at iteration 32
IPF row error: 21.365811, col error: 0.000000
Starting Iterative Proportional Fitting (IPF)...
Starting Iterative Proportional Fitting (IPF)...
IPF converged at iteration 25
IPF row error: 23.617060, col error: 0.000000
IPF converged at iteration 40
IPF row error: 22.661325, col error: 0.000000
Starting Iterative Proportional Fitting (IPF)...
Starting Iterative Proportional Fitting (IPF)...
IPF converged at iteration 24
IPF row error: 20.103947, col error: 0.000000
Starting Iterative Proportional Fitting (IPF)...
IPF converged at iteration 40
IPF row error: 22.661325, col error: 0.000000
  [2019/test] 진행 1230/1750 (70.3%) | 누적 CPC 0.1251 | RMSE 555.2699 | %RMSE 62.6495 | 경과 20.1분 | 예상 남음 8.5분
Starting Iterative Proportional Fitting (IPF)...
IPF converged at iteration 40
IPF row error: 22.661325, col error: 0.000000
Starting Iterative Proportional Fitting (IPF)...
IPF converged at iteration 40
IPF row error: 22.661325, col error: 0.000000
Starting Iterative Proportional Fitting (IPF)...
IPF converged at iteration 47
IPF row error: 20.307271, col error: 0.000000
IPF converged at iteration 40
IPF row error: 22.661325, col error: 0.000000
Starting Iterative Proportional Fitting (IPF)...
Starting Iterative Proportional Fitting (IPF)...
IPF converged at iteration 89
IPF row error: 22.547510, col error: 0.000000
Starting Iterative Proportional Fitting (IPF)...
IPF converged at iteration 40
IPF row error: 22.661325, col error: 0.000000
Starting Iterative Proportional Fitting (IPF)...
IPF converged at iteration 23
IPF row error: 21.140179, col error: 0.000000
Starting Iterative Proportional Fitting (IPF)...
IPF converged at iteration 40
IPF row error: 22.661325, col error: 0.000000
IPF converged at iteration 25
IPF row error: 22.283740, col error: 0.000000
Starting Iterative Proportional Fitting (IPF)...
Starting Iterative Proportional Fitting (IPF)...
IPF converged at iteration 56
IPF row error: 21.182805, col error: 0.000000
IPF converged at iteration 40
Starting Iterative Proportional Fitting (IPF)...
IPF row error: 22.661325, col error: 0.000000
IPF converged at iteration 23
IPF row error: 17.890444, col error: 0.000000
Starting Iterative Proportional Fitting (IPF)...
Starting Iterative Proportional Fitting (IPF)...
IPF converged at iteration 40
IPF row error: 22.661325, col error: 0.000000
Starting Iterative Proportional Fitting (IPF)...
IPF converged at iteration 26
IPF row error: 22.008668, col error: 0.000000
IPF converged at iteration 23
IPF row error: 23.191744, col error: 0.000000
Starting Iterative Proportional Fitting (IPF)...
Starting Iterative Proportional Fitting (IPF)...
IPF converged at iteration 40
IPF row error: 22.661325, col error: 0.000000
Starting Iterative Proportional Fitting (IPF)...
IPF converged at iteration 23
IPF row error: 18.884736, col error: 0.000000
Starting Iterative Proportional Fitting (IPF)...
IPF converged at iteration 40
IPF row error: 22.661325, col error: 0.000000
Starting Iterative Proportional Fitting (IPF)...
IPF converged at iteration 40
IPF row error: 22.661325, col error: 0.000000
IPF converged at iteration 23
IPF row error: 21.424723, col error: 0.000000
Starting Iterative Proportional Fitting (IPF)...
Starting Iterative Proportional Fitting (IPF)...
IPF converged at iteration 54
IPF row error: 23.547644, col error: 0.000000
Starting Iterative Proportional Fitting (IPF)...
IPF converged at iteration 25
IPF row error: 20.828671, col error: 0.000000
Starting Iterative Proportional Fitting (IPF)...
IPF converged at iteration 89
IPF row error: 21.566728, col error: 0.000000
IPF converged at iteration 84
IPF row error: 21.673991, col error: 0.000000
Starting Iterative Proportional Fitting (IPF)...
Starting Iterative Proportional Fitting (IPF)...
IPF converged at iteration 96
IPF row error: 22.805487, col error: 0.000000
Starting Iterative Proportional Fitting (IPF)...
IPF converged at iteration 26
IPF row error: 22.212048, col error: 0.000000
Starting Iterative Proportional Fitting (IPF)...
IPF converged at iteration 25
IPF row error: 19.360082, col error: 0.000000
Starting Iterative Proportional Fitting (IPF)...
IPF converged at iteration 24
IPF row error: 16.901154, col error: 0.000000
IPF converged at iteration 89
IPF row error: 21.588943, col error: 0.000000
Starting Iterative Proportional Fitting (IPF)...
Starting Iterative Proportional Fitting (IPF)...
IPF converged at iteration 50
IPF row error: 22.254565, col error: 0.000000
  [2019/test] 진행 1260/1750 (72.0%) | 누적 CPC 0.1239 | RMSE 552.4686 | %RMSE 63.2009 | 경과 20.7분 | 예상 남음 8.1분
Starting Iterative Proportional Fitting (IPF)...
IPF converged at iteration 90
IPF row error: 23.108041, col error: 0.000000
Starting Iterative Proportional Fitting (IPF)...
IPF converged at iteration 24
IPF converged at iteration 25
IPF row error: 23.085878, col error: 0.000000
IPF row error: 17.361403, col error: 0.000000
Starting Iterative Proportional Fitting (IPF)...Starting Iterative Proportional Fitting (IPF)...

IPF converged at iteration 23
IPF row error: 19.795996, col error: 0.000000
Starting Iterative Proportional Fitting (IPF)...
IPF converged at iteration 25
IPF row error: 19.130620, col error: 0.000000
Starting Iterative Proportional Fitting (IPF)...
IPF converged at iteration 23
IPF row error: 20.602502, col error: 0.000000
Starting Iterative Proportional Fitting (IPF)...
IPF converged at iteration 23
IPF row error: 18.275711, col error: 0.000000
Starting Iterative Proportional Fitting (IPF)...
IPF converged at iteration 36
IPF row error: 20.724860, col error: 0.000000
Starting Iterative Proportional Fitting (IPF)...
IPF converged at iteration 90
IPF row error: 23.038953, col error: 0.000000
Starting Iterative Proportional Fitting (IPF)...
IPF converged at iteration 40
IPF converged at iteration 88
IPF row error: 23.712600, col error: 0.000000
IPF row error: 23.297242, col error: 0.000000
Starting Iterative Proportional Fitting (IPF)...
Starting Iterative Proportional Fitting (IPF)...
IPF converged at iteration 90
IPF row error: 23.108041, col error: 0.000000
Starting Iterative Proportional Fitting (IPF)...
IPF converged at iteration 52
IPF row error: 21.053358, col error: 0.000000
Starting Iterative Proportional Fitting (IPF)...
IPF converged at iteration 78
IPF row error: 22.352212, col error: 0.000000
Starting Iterative Proportional Fitting (IPF)...
IPF converged at iteration 89
IPF row error: 21.562212, col error: 0.000000
Starting Iterative Proportional Fitting (IPF)...
IPF converged at iteration 86
IPF row error: 21.869883, col error: 0.000000
Starting Iterative Proportional Fitting (IPF)...
IPF converged at iteration 27
IPF row error: 20.330909, col error: 0.000000
Starting Iterative Proportional Fitting (IPF)...
IPF converged at iteration 25
IPF row error: 20.199104, col error: 0.000000
Starting Iterative Proportional Fitting (IPF)...
IPF converged at iteration 90
IPF row error: 23.188396, col error: 0.000000
Starting Iterative Proportional Fitting (IPF)...
IPF converged at iteration 27
IPF row error: 23.873967, col error: 0.000000
Starting Iterative Proportional Fitting (IPF)...
IPF converged at iteration 23
IPF row error: 21.056468, col error: 0.000000
Starting Iterative Proportional Fitting (IPF)...
IPF converged at iteration 22
IPF row error: 24.006545, col error: 0.000000
Starting Iterative Proportional Fitting (IPF)...
IPF converged at iteration 77
IPF row error: 21.776452, col error: 0.000000
Starting Iterative Proportional Fitting (IPF)...
IPF converged at iteration 85
IPF row error: 22.929376, col error: 0.000000
Starting Iterative Proportional Fitting (IPF)...
IPF converged at iteration 32
IPF row error: 22.105192, col error: 0.000000
Starting Iterative Proportional Fitting (IPF)...
IPF converged at iteration 24
IPF row error: 19.938242, col error: 0.000000
Starting Iterative Proportional Fitting (IPF)...
IPF converged at iteration 22
IPF row error: 23.441860, col error: 0.000000
Starting Iterative Proportional Fitting (IPF)...
IPF converged at iteration 91
IPF row error: 22.371606, col error: 0.000000
Starting Iterative Proportional Fitting (IPF)...
IPF converged at iteration 89
IPF row error: 21.578594, col error: 0.000000
Starting Iterative Proportional Fitting (IPF)...
IPF converged at iteration 48
IPF row error: 21.313669, col error: 0.000000
  [2019/test] 진행 1290/1750 (73.7%) | 누적 CPC 0.1228 | RMSE 551.8380 | %RMSE 63.3416 | 경과 21.5분 | 예상 남음 7.7분
Starting Iterative Proportional Fitting (IPF)...
IPF converged at iteration 36
IPF row error: 22.850749, col error: 0.000000
Starting Iterative Proportional Fitting (IPF)...
IPF converged at iteration 89
IPF row error: 21.572067, col error: 0.000000
Starting Iterative Proportional Fitting (IPF)...
IPF converged at iteration 96
IPF row error: 22.711240, col error: 0.000000
Starting Iterative Proportional Fitting (IPF)...
IPF converged at iteration 46
IPF row error: 22.048765, col error: 0.000000
Starting Iterative Proportional Fitting (IPF)...
IPF converged at iteration 88
IPF row error: 23.340516, col error: 0.000000
Starting Iterative Proportional Fitting (IPF)...
IPF converged at iteration 24
IPF row error: 18.235449, col error: 0.000000
IPF converged at iteration 44
Starting Iterative Proportional Fitting (IPF)...
IPF row error: 20.895504, col error: 0.000000
Starting Iterative Proportional Fitting (IPF)...
IPF converged at iteration 25
IPF row error: 21.506942, col error: 0.000000
Starting Iterative Proportional Fitting (IPF)...
IPF converged at iteration 24
IPF row error: 17.682389, col error: 0.000000
Starting Iterative Proportional Fitting (IPF)...
IPF converged at iteration 26
IPF row error: 20.464723, col error: 0.000000
Starting Iterative Proportional Fitting (IPF)...
IPF converged at iteration 23
IPF row error: 22.742320, col error: 0.000000
Starting Iterative Proportional Fitting (IPF)...
IPF converged at iteration 35
IPF row error: 21.335112, col error: 0.000000
Starting Iterative Proportional Fitting (IPF)...
IPF converged at iteration 25
IPF row error: 17.456162, col error: 0.000000
Starting Iterative Proportional Fitting (IPF)...
IPF converged at iteration 49
IPF row error: 20.842899, col error: 0.000000
Starting Iterative Proportional Fitting (IPF)...
IPF converged at iteration 50
IPF row error: 21.845205, col error: 0.000000
Starting Iterative Proportional Fitting (IPF)...
IPF converged at iteration 26
IPF row error: 17.779760, col error: 0.000000
IPF converged at iteration 37
IPF row error: 19.380979, col error: 0.000000
Starting Iterative Proportional Fitting (IPF)...
IPF converged at iteration 95
Starting Iterative Proportional Fitting (IPF)...
IPF row error: 23.342418, col error: 0.000000
Starting Iterative Proportional Fitting (IPF)...
IPF converged at iteration 24
IPF row error: 18.064113, col error: 0.000000
Starting Iterative Proportional Fitting (IPF)...
IPF converged at iteration 95
IPF row error: 23.342418, col error: 0.000000
Starting Iterative Proportional Fitting (IPF)...
IPF converged at iteration 90
IPF row error: 21.944570, col error: 0.000000
IPF converged at iteration 90
Starting Iterative Proportional Fitting (IPF)...
IPF row error: 21.966421, col error: 0.000000
Starting Iterative Proportional Fitting (IPF)...
IPF converged at iteration 24
IPF row error: 20.429868, col error: 0.000000
IPF converged at iteration 45
IPF row error: 21.350320, col error: 0.000000
Starting Iterative Proportional Fitting (IPF)...
Starting Iterative Proportional Fitting (IPF)...
IPF converged at iteration 95
IPF row error: 23.262999, col error: 0.000000
Starting Iterative Proportional Fitting (IPF)...
IPF converged at iteration 40
IPF row error: 20.460303, col error: 0.000000
IPF converged at iteration 44
IPF row error: 22.818021, col error: 0.000000
Starting Iterative Proportional Fitting (IPF)...
Starting Iterative Proportional Fitting (IPF)...
IPF converged at iteration 95
IPF row error: 23.322326, col error: 0.000000
Starting Iterative Proportional Fitting (IPF)...
IPF converged at iteration 27
IPF row error: 18.257244, col error: 0.000000
Starting Iterative Proportional Fitting (IPF)...
IPF converged at iteration 90
IPF row error: 21.966421, col error: 0.000000
  [2019/test] 진행 1320/1750 (75.4%) | 누적 CPC 0.1224 | RMSE 547.2075 | %RMSE 62.7761 | 경과 22.1분 | 예상 남음 7.2분
Starting Iterative Proportional Fitting (IPF)...
IPF converged at iteration 30
IPF row error: 19.647037, col error: 0.000000
Starting Iterative Proportional Fitting (IPF)...
IPF converged at iteration 90
IPF row error: 22.844562, col error: 0.000000
Starting Iterative Proportional Fitting (IPF)...
IPF converged at iteration 24
IPF row error: 19.492390, col error: 0.000000
IPF converged at iteration 95
Starting Iterative Proportional Fitting (IPF)...
IPF row error: 23.322326, col error: 0.000000
Starting Iterative Proportional Fitting (IPF)...
IPF converged at iteration 90
IPF row error: 22.844562, col error: 0.000000
Starting Iterative Proportional Fitting (IPF)...
IPF converged at iteration 90
IPF row error: 22.844562, col error: 0.000000
Starting Iterative Proportional Fitting (IPF)...
IPF converged at iteration 90
IPF row error: 22.844562, col error: 0.000000
IPF converged at iteration 90
IPF row error: 22.844562, col error: 0.000000
Starting Iterative Proportional Fitting (IPF)...
Starting Iterative Proportional Fitting (IPF)...
IPF converged at iteration 90
IPF row error: 21.966421, col error: 0.000000
IPF converged at iteration 24
IPF row error: 18.041698, col error: 0.000000
Starting Iterative Proportional Fitting (IPF)...
Starting Iterative Proportional Fitting (IPF)...
IPF converged at iteration 95
IPF row error: 23.342418, col error: 0.000000
Starting Iterative Proportional Fitting (IPF)...
IPF converged at iteration 23
IPF row error: 20.301988, col error: 0.000000
Starting Iterative Proportional Fitting (IPF)...
IPF converged at iteration 22
IPF row error: 22.115574, col error: 0.000000
Starting Iterative Proportional Fitting (IPF)...
IPF converged at iteration 59
IPF row error: 21.893608, col error: 0.000000
Starting Iterative Proportional Fitting (IPF)...
IPF converged at iteration 90
IPF row error: 21.944570, col error: 0.000000
Starting Iterative Proportional Fitting (IPF)...
IPF converged at iteration 95
IPF row error: 23.342418, col error: 0.000000
Starting Iterative Proportional Fitting (IPF)...
IPF converged at iteration 90
IPF row error: 22.844562, col error: 0.000000
Starting Iterative Proportional Fitting (IPF)...
IPF converged at iteration 90IPF converged at iteration 25

IPF row error: 22.863477, col error: 0.000000
IPF row error: 21.944570, col error: 0.000000
Starting Iterative Proportional Fitting (IPF)...
Starting Iterative Proportional Fitting (IPF)...
IPF converged at iteration 90
IPF row error: 21.966421, col error: 0.000000
IPF converged at iteration 23
IPF row error: 19.050508, col error: 0.000000
Starting Iterative Proportional Fitting (IPF)...
Starting Iterative Proportional Fitting (IPF)...
IPF converged at iteration 26
IPF row error: 18.493223, col error: 0.000000
Starting Iterative Proportional Fitting (IPF)...
IPF converged at iteration 90
IPF row error: 22.844562, col error: 0.000000
Starting Iterative Proportional Fitting (IPF)...
IPF converged at iteration 95
IPF row error: 23.262999, col error: 0.000000
IPF converged at iteration 90
Starting Iterative Proportional Fitting (IPF)...
IPF row error: 22.844562, col error: 0.000000
Starting Iterative Proportional Fitting (IPF)...
IPF converged at iteration 31
IPF row error: 21.603339, col error: 0.000000
IPF converged at iteration 90
IPF row error: 22.844562, col error: 0.000000Starting Iterative Proportional Fitting (IPF)...

Starting Iterative Proportional Fitting (IPF)...
IPF converged at iteration 34
IPF row error: 22.209972, col error: 0.000000
Starting Iterative Proportional Fitting (IPF)...
IPF converged at iteration 25
IPF row error: 17.268886, col error: 0.000000
Starting Iterative Proportional Fitting (IPF)...
IPF converged at iteration 39
IPF row error: 21.785376, col error: 0.000000
  [2019/test] 진행 1350/1750 (77.1%) | 누적 CPC 0.1227 | RMSE 541.2631 | %RMSE 61.8537 | 경과 22.6분 | 예상 남음 6.7분
Starting Iterative Proportional Fitting (IPF)...
IPF converged at iteration 25
IPF row error: 22.813891, col error: 0.000000
IPF converged at iteration 90
IPF row error: 21.966421, col error: 0.000000
Starting Iterative Proportional Fitting (IPF)...
Starting Iterative Proportional Fitting (IPF)...
IPF converged at iteration 89
IPF row error: 23.319030, col error: 0.000000
Starting Iterative Proportional Fitting (IPF)...
IPF converged at iteration 37
IPF row error: 21.302831, col error: 0.000000
Starting Iterative Proportional Fitting (IPF)...
IPF converged at iteration 94
IPF row error: 23.107758, col error: 0.000000
Starting Iterative Proportional Fitting (IPF)...
IPF converged at iteration 95
IPF converged at iteration 94
IPF row error: 21.938531, col error: 0.000000
IPF row error: 22.982501, col error: 0.000000
IPF converged at iteration 26
Starting Iterative Proportional Fitting (IPF)...
Starting Iterative Proportional Fitting (IPF)...
IPF row error: 19.973397, col error: 0.000000
Starting Iterative Proportional Fitting (IPF)...
IPF converged at iteration 24
IPF row error: 22.653442, col error: 0.000000
Starting Iterative Proportional Fitting (IPF)...
IPF converged at iteration 34
IPF row error: 20.763652, col error: 0.000000
Starting Iterative Proportional Fitting (IPF)...
IPF converged at iteration 88
IPF row error: 22.130095, col error: 0.000000
Starting Iterative Proportional Fitting (IPF)...
IPF converged at iteration 25
IPF row error: 19.520521, col error: 0.000000
Starting Iterative Proportional Fitting (IPF)...
IPF converged at iteration 89
IPF row error: 22.932673, col error: 0.000000
Starting Iterative Proportional Fitting (IPF)...
IPF converged at iteration 91
IPF row error: 23.162240, col error: 0.000000
Starting Iterative Proportional Fitting (IPF)...
IPF converged at iteration 29
IPF row error: 20.281337, col error: 0.000000
Starting Iterative Proportional Fitting (IPF)...
IPF converged at iteration 66
IPF row error: 21.207016, col error: 0.000000
Starting Iterative Proportional Fitting (IPF)...
IPF converged at iteration 91
IPF row error: 22.076475, col error: 0.000000
Starting Iterative Proportional Fitting (IPF)...
IPF converged at iteration 23
IPF row error: 20.959076, col error: 0.000000
Starting Iterative Proportional Fitting (IPF)...
IPF converged at iteration 26
IPF row error: 18.310555, col error: 0.000000
Starting Iterative Proportional Fitting (IPF)...
IPF converged at iteration 26
IPF row error: 20.133017, col error: 0.000000
IPF converged at iteration 62
IPF row error: 21.247730, col error: 0.000000
Starting Iterative Proportional Fitting (IPF)...
Starting Iterative Proportional Fitting (IPF)...
IPF converged at iteration 94
IPF row error: 22.982501, col error: 0.000000
Starting Iterative Proportional Fitting (IPF)...
IPF converged at iteration 25
IPF row error: 21.538027, col error: 0.000000
Starting Iterative Proportional Fitting (IPF)...
IPF converged at iteration 23
IPF row error: 22.240849, col error: 0.000000
Starting Iterative Proportional Fitting (IPF)...
IPF converged at iteration 88
IPF converged at iteration 22
IPF row error: 22.637980, col error: 0.000000
IPF row error: 20.756590, col error: 0.000000
Starting Iterative Proportional Fitting (IPF)...
Starting Iterative Proportional Fitting (IPF)...
IPF converged at iteration 95
IPF row error: 22.365944, col error: 0.000000
Starting Iterative Proportional Fitting (IPF)...
IPF converged at iteration 89
IPF row error: 22.580548, col error: 0.000000
Starting Iterative Proportional Fitting (IPF)...
IPF converged at iteration 60
IPF row error: 22.649447, col error: 0.000000
Starting Iterative Proportional Fitting (IPF)...
IPF converged at iteration 94
IPF converged at iteration 95
IPF row error: 23.107758, col error: 0.000000
  [2019/test] 진행 1380/1750 (78.9%) | 누적 CPC 0.1229 | RMSE 542.5549 | %RMSE 61.1099 | 경과 23.2분 | 예상 남음 6.2분IPF row error: 21.938531, col error: 0.000000

Starting Iterative Proportional Fitting (IPF)...
Starting Iterative Proportional Fitting (IPF)...
IPF converged at iteration 23
IPF row error: 22.626316, col error: 0.000000
IPF converged at iteration 27
IPF row error: 19.916857, col error: 0.000000
Starting Iterative Proportional Fitting (IPF)...
IPF converged at iteration 91
IPF row error: 22.076475, col error: 0.000000
Starting Iterative Proportional Fitting (IPF)...
Starting Iterative Proportional Fitting (IPF)...
IPF converged at iteration 44
IPF row error: 22.555589, col error: 0.000000
IPF converged at iteration 95
IPF row error: 21.938531, col error: 0.000000
Starting Iterative Proportional Fitting (IPF)...
Starting Iterative Proportional Fitting (IPF)...
IPF converged at iteration 88
IPF row error: 22.637980, col error: 0.000000
Starting Iterative Proportional Fitting (IPF)...
IPF converged at iteration 91
IPF row error: 22.076475, col error: 0.000000
Starting Iterative Proportional Fitting (IPF)...
IPF converged at iteration 52
IPF row error: 20.713755, col error: 0.000000
Starting Iterative Proportional Fitting (IPF)...
IPF converged at iteration 88
IPF row error: 22.130071, col error: 0.000000
Starting Iterative Proportional Fitting (IPF)...
IPF converged at iteration 26
IPF row error: 22.112447, col error: 0.000000
Starting Iterative Proportional Fitting (IPF)...
IPF converged at iteration 88
IPF row error: 22.637997, col error: 0.000000
Starting Iterative Proportional Fitting (IPF)...
IPF converged at iteration 91
IPF row error: 23.162240, col error: 0.000000
Starting Iterative Proportional Fitting (IPF)...
IPF converged at iteration 24
IPF row error: 22.101742, col error: 0.000000
IPF converged at iteration 89
IPF row error: 23.319030, col error: 0.000000
Starting Iterative Proportional Fitting (IPF)...
Starting Iterative Proportional Fitting (IPF)...
IPF converged at iteration 23
IPF row error: 17.597265, col error: 0.000000
Starting Iterative Proportional Fitting (IPF)...
IPF converged at iteration 28
IPF row error: 22.526878, col error: 0.000000
Starting Iterative Proportional Fitting (IPF)...
IPF converged at iteration 24
IPF row error: 23.065599, col error: 0.000000
Starting Iterative Proportional Fitting (IPF)...
IPF converged at iteration 89
IPF row error: 22.932673, col error: 0.000000
Starting Iterative Proportional Fitting (IPF)...
IPF converged at iteration 91
IPF row error: 23.162240, col error: 0.000000
Starting Iterative Proportional Fitting (IPF)...
IPF converged at iteration 81
IPF row error: 23.256110, col error: 0.000000
IPF converged at iteration 91
IPF row error: 21.985747, col error: 0.000000
Starting Iterative Proportional Fitting (IPF)...
Starting Iterative Proportional Fitting (IPF)...
IPF converged at iteration 23
IPF row error: 21.467684, col error: 0.000000
Starting Iterative Proportional Fitting (IPF)...
IPF converged at iteration 91
IPF row error: 22.503676, col error: 0.000000
Starting Iterative Proportional Fitting (IPF)...
IPF converged at iteration 91
IPF row error: 23.253772, col error: 0.000000
Starting Iterative Proportional Fitting (IPF)...
IPF converged at iteration 91
IPF row error: 22.503676, col error: 0.000000
Starting Iterative Proportional Fitting (IPF)...
IPF converged at iteration 91
IPF row error: 22.503676, col error: 0.000000
Starting Iterative Proportional Fitting (IPF)...
IPF converged at iteration 27
IPF row error: 18.456616, col error: 0.000000
Starting Iterative Proportional Fitting (IPF)...
IPF converged at iteration 91
IPF row error: 22.783787, col error: 0.000000
IPF converged at iteration 82
IPF row error: 21.586318, col error: 0.000000
  [2019/test] 진행 1410/1750 (80.6%) | 누적 CPC 0.1229 | RMSE 543.5632 | %RMSE 60.3953 | 경과 23.8분 | 예상 남음 5.7분
Starting Iterative Proportional Fitting (IPF)...
Starting Iterative Proportional Fitting (IPF)...
IPF converged at iteration 23
IPF row error: 22.849303, col error: 0.000000
Starting Iterative Proportional Fitting (IPF)...
IPF converged at iteration 91
IPF row error: 22.783787, col error: 0.000000
Starting Iterative Proportional Fitting (IPF)...
IPF converged at iteration 28
IPF row error: 22.200923, col error: 0.000000
Starting Iterative Proportional Fitting (IPF)...
IPF converged at iteration 24
IPF row error: 19.003378, col error: 0.000000
Starting Iterative Proportional Fitting (IPF)...
IPF converged at iteration 91
IPF row error: 22.503676, col error: 0.000000
Starting Iterative Proportional Fitting (IPF)...
IPF converged at iteration 70
IPF row error: 22.235481, col error: 0.000000
IPF converged at iteration 91
IPF row error: 22.221212, col error: 0.000000
Starting Iterative Proportional Fitting (IPF)...
Starting Iterative Proportional Fitting (IPF)...
IPF converged at iteration 82
IPF row error: 21.875728, col error: 0.000000
IPF converged at iteration 29
IPF row error: 19.855817, col error: 0.000000
Starting Iterative Proportional Fitting (IPF)...
Starting Iterative Proportional Fitting (IPF)...
IPF converged at iteration 24
IPF row error: 16.998144, col error: 0.000000
Starting Iterative Proportional Fitting (IPF)...
IPF converged at iteration 82
IPF row error: 21.558059, col error: 0.000000
Starting Iterative Proportional Fitting (IPF)...
IPF converged at iteration 95
IPF row error: 21.971321, col error: 0.000000
Starting Iterative Proportional Fitting (IPF)...
IPF converged at iteration 86
IPF row error: 21.507264, col error: 0.000000
Starting Iterative Proportional Fitting (IPF)...
IPF converged at iteration 24
IPF row error: 21.695331, col error: 0.000000
Starting Iterative Proportional Fitting (IPF)...
IPF converged at iteration 23
IPF row error: 19.354926, col error: 0.000000
Starting Iterative Proportional Fitting (IPF)...
IPF converged at iteration 90
IPF row error: 23.317387, col error: 0.000000
Starting Iterative Proportional Fitting (IPF)...
IPF converged at iteration 30
IPF row error: 21.197702, col error: 0.000000
Starting Iterative Proportional Fitting (IPF)...
IPF converged at iteration 31
IPF row error: 23.134866, col error: 0.000000
Starting Iterative Proportional Fitting (IPF)...
IPF converged at iteration 25
IPF row error: 19.526200, col error: 0.000000
Starting Iterative Proportional Fitting (IPF)...
IPF converged at iteration 26
IPF row error: 22.735750, col error: 0.000000
Starting Iterative Proportional Fitting (IPF)...
IPF converged at iteration 26
IPF row error: 22.573312, col error: 0.000000
Starting Iterative Proportional Fitting (IPF)...
IPF converged at iteration 34
IPF row error: 19.906231, col error: 0.000000
Starting Iterative Proportional Fitting (IPF)...
IPF converged at iteration 24
IPF row error: 21.745692, col error: 0.000000
Starting Iterative Proportional Fitting (IPF)...
IPF converged at iteration 25
IPF row error: 18.876470, col error: 0.000000
IPF converged at iteration 81
IPF row error: 22.922290, col error: 0.000000
Starting Iterative Proportional Fitting (IPF)...
Starting Iterative Proportional Fitting (IPF)...
IPF converged at iteration 41
IPF row error: 21.163435, col error: 0.000000
Starting Iterative Proportional Fitting (IPF)...
IPF converged at iteration 91
IPF row error: 21.772781, col error: 0.000000
Starting Iterative Proportional Fitting (IPF)...
IPF converged at iteration 82
IPF row error: 21.875728, col error: 0.000000
Starting Iterative Proportional Fitting (IPF)...
IPF converged at iteration 23
IPF row error: 18.407777, col error: 0.000000
Starting Iterative Proportional Fitting (IPF)...
IPF converged at iteration 82
IPF row error: 21.868183, col error: 0.000000
  [2019/test] 진행 1440/1750 (82.3%) | 누적 CPC 0.1223 | RMSE 542.7926 | %RMSE 59.6504 | 경과 24.3분 | 예상 남음 5.2분
Starting Iterative Proportional Fitting (IPF)...
IPF converged at iteration 39
IPF row error: 23.209242, col error: 0.000000
Starting Iterative Proportional Fitting (IPF)...
IPF converged at iteration 82
IPF row error: 22.054740, col error: 0.000000
Starting Iterative Proportional Fitting (IPF)...
IPF converged at iteration 82
IPF row error: 21.789030, col error: 0.000000
Starting Iterative Proportional Fitting (IPF)...
IPF converged at iteration 82
IPF row error: 21.558059, col error: 0.000000
Starting Iterative Proportional Fitting (IPF)...
IPF converged at iteration 95
IPF row error: 21.971321, col error: 0.000000
Starting Iterative Proportional Fitting (IPF)...
IPF converged at iteration 31
IPF row error: 21.353143, col error: 0.000000
Starting Iterative Proportional Fitting (IPF)...
IPF converged at iteration 90
IPF row error: 23.317387, col error: 0.000000
Starting Iterative Proportional Fitting (IPF)...
IPF converged at iteration 87
IPF row error: 22.267986, col error: 0.000000
Starting Iterative Proportional Fitting (IPF)...
IPF converged at iteration 23
IPF row error: 22.535924, col error: 0.000000
Starting Iterative Proportional Fitting (IPF)...
IPF converged at iteration 25
IPF row error: 19.031531, col error: 0.000000
Starting Iterative Proportional Fitting (IPF)...
IPF converged at iteration 86
IPF row error: 23.353290, col error: 0.000000
Starting Iterative Proportional Fitting (IPF)...
IPF converged at iteration 91
IPF row error: 22.503676, col error: 0.000000
Starting Iterative Proportional Fitting (IPF)...
IPF converged at iteration 38
IPF row error: 21.314456, col error: 0.000000
Starting Iterative Proportional Fitting (IPF)...
IPF converged at iteration 86
IPF row error: 22.265900, col error: 0.000000
Starting Iterative Proportional Fitting (IPF)...
IPF converged at iteration 90
IPF row error: 22.276017, col error: 0.000000
Starting Iterative Proportional Fitting (IPF)...
IPF converged at iteration 81
IPF row error: 21.518783, col error: 0.000000
Starting Iterative Proportional Fitting (IPF)...
IPF converged at iteration 81
IPF row error: 22.700309, col error: 0.000000
Starting Iterative Proportional Fitting (IPF)...
IPF converged at iteration 26
IPF row error: 18.683338, col error: 0.000000
Starting Iterative Proportional Fitting (IPF)...
IPF converged at iteration 23
IPF row error: 21.821633, col error: 0.000000
Starting Iterative Proportional Fitting (IPF)...
IPF converged at iteration 81
IPF row error: 22.533158, col error: 0.000000
Starting Iterative Proportional Fitting (IPF)...
IPF converged at iteration 85
IPF row error: 23.329730, col error: 0.000000
Starting Iterative Proportional Fitting (IPF)...
IPF converged at iteration 90
IPF row error: 22.276017, col error: 0.000000
Starting Iterative Proportional Fitting (IPF)...
IPF converged at iteration 81
IPF row error: 22.354094, col error: 0.000000
Starting Iterative Proportional Fitting (IPF)...
IPF converged at iteration 81
IPF row error: 22.533158, col error: 0.000000
Starting Iterative Proportional Fitting (IPF)...
IPF converged at iteration 90
IPF row error: 22.276017, col error: 0.000000
Starting Iterative Proportional Fitting (IPF)...
IPF converged at iteration 29
IPF row error: 19.424789, col error: 0.000000
Starting Iterative Proportional Fitting (IPF)...
IPF converged at iteration 24
IPF row error: 20.046564, col error: 0.000000
Starting Iterative Proportional Fitting (IPF)...
IPF converged at iteration 81
IPF row error: 21.518783, col error: 0.000000
Starting Iterative Proportional Fitting (IPF)...
IPF converged at iteration 81
IPF row error: 22.832200, col error: 0.000000
Starting Iterative Proportional Fitting (IPF)...
IPF converged at iteration 25
IPF row error: 20.467934, col error: 0.000000
  [2019/test] 진행 1470/1750 (84.0%) | 누적 CPC 0.1211 | RMSE 539.9899 | %RMSE 58.9180 | 경과 24.9분 | 예상 남음 4.7분
Starting Iterative Proportional Fitting (IPF)...
IPF converged at iteration 25
IPF row error: 19.145334, col error: 0.000000
Starting Iterative Proportional Fitting (IPF)...
IPF converged at iteration 24
IPF row error: 19.907547, col error: 0.000000
Starting Iterative Proportional Fitting (IPF)...
IPF converged at iteration 81
IPF row error: 21.402791, col error: 0.000000
Starting Iterative Proportional Fitting (IPF)...
IPF converged at iteration 81
IPF row error: 22.828651, col error: 0.000000
IPF converged at iteration 43
IPF row error: 22.684214, col error: 0.000000
Starting Iterative Proportional Fitting (IPF)...
Starting Iterative Proportional Fitting (IPF)...
IPF converged at iteration 24
IPF row error: 21.886763, col error: 0.000000
Starting Iterative Proportional Fitting (IPF)...
IPF converged at iteration 81
IPF row error: 22.353120, col error: 0.000000
Starting Iterative Proportional Fitting (IPF)...
IPF converged at iteration 90
IPF row error: 22.196870, col error: 0.000000
Starting Iterative Proportional Fitting (IPF)...
IPF converged at iteration 81
IPF row error: 22.552593, col error: 0.000000
Starting Iterative Proportional Fitting (IPF)...
IPF converged at iteration 48
IPF row error: 21.186888, col error: 0.000000
Starting Iterative Proportional Fitting (IPF)...
IPF converged at iteration 32
IPF converged at iteration 90
IPF row error: 20.326703, col error: 0.000000
IPF row error: 22.165832, col error: 0.000000
Starting Iterative Proportional Fitting (IPF)...
Starting Iterative Proportional Fitting (IPF)...
IPF converged at iteration 81
IPF row error: 22.700287, col error: 0.000000
Starting Iterative Proportional Fitting (IPF)...
IPF converged at iteration 25
IPF row error: 23.452808, col error: 0.000000
Starting Iterative Proportional Fitting (IPF)...
IPF converged at iteration 23
IPF row error: 20.331717, col error: 0.000000
Starting Iterative Proportional Fitting (IPF)...
IPF converged at iteration 33
IPF row error: 19.061640, col error: 0.000000
IPF converged at iteration 81
IPF row error: 22.700287, col error: 0.000000
Starting Iterative Proportional Fitting (IPF)...
Starting Iterative Proportional Fitting (IPF)...
IPF converged at iteration 80
IPF row error: 23.061228, col error: 0.000000
Starting Iterative Proportional Fitting (IPF)...
IPF converged at iteration 26
IPF row error: 20.783580, col error: 0.000000
Starting Iterative Proportional Fitting (IPF)...
IPF converged at iteration 91
IPF row error: 21.966952, col error: 0.000000
Starting Iterative Proportional Fitting (IPF)...
IPF converged at iteration 25
IPF row error: 23.657314, col error: 0.000000
Starting Iterative Proportional Fitting (IPF)...
IPF converged at iteration 81
IPF row error: 22.387713, col error: 0.000000
Starting Iterative Proportional Fitting (IPF)...
IPF converged at iteration 91
IPF row error: 21.966952, col error: 0.000000
Starting Iterative Proportional Fitting (IPF)...
IPF converged at iteration 33
IPF row error: 20.757265, col error: 0.000000
Starting Iterative Proportional Fitting (IPF)...
IPF converged at iteration 81
IPF row error: 21.837240, col error: 0.000000
Starting Iterative Proportional Fitting (IPF)...
IPF converged at iteration 81
IPF row error: 21.518371, col error: 0.000000
Starting Iterative Proportional Fitting (IPF)...
IPF converged at iteration 24
IPF row error: 20.003172, col error: 0.000000
Starting Iterative Proportional Fitting (IPF)...
IPF converged at iteration 29
IPF row error: 20.576116, col error: 0.000000
Starting Iterative Proportional Fitting (IPF)...
IPF converged at iteration 26
IPF row error: 21.644639, col error: 0.000000
Starting Iterative Proportional Fitting (IPF)...
IPF converged at iteration 81
IPF row error: 22.698360, col error: 0.000000
  [2019/test] 진행 1500/1750 (85.7%) | 누적 CPC 0.1200 | RMSE 537.2252 | %RMSE 58.3087 | 경과 25.4분 | 예상 남음 4.2분
Starting Iterative Proportional Fitting (IPF)...
IPF converged at iteration 24
IPF row error: 23.759915, col error: 0.000000
IPF converged at iteration 40
IPF row error: 22.697470, col error: 0.000000
Starting Iterative Proportional Fitting (IPF)...
Starting Iterative Proportional Fitting (IPF)...
IPF converged at iteration 81
IPF row error: 22.184682, col error: 0.000000
Starting Iterative Proportional Fitting (IPF)...
IPF converged at iteration 40
IPF row error: 22.697470, col error: 0.000000
Starting Iterative Proportional Fitting (IPF)...
IPF converged at iteration 27
IPF row error: 18.045179, col error: 0.000000
Starting Iterative Proportional Fitting (IPF)...
IPF converged at iteration 37
IPF row error: 21.047420, col error: 0.000000
Starting Iterative Proportional Fitting (IPF)...
IPF converged at iteration 25
IPF row error: 22.071512, col error: 0.000000
Starting Iterative Proportional Fitting (IPF)...
IPF converged at iteration 32
IPF row error: 22.418517, col error: 0.000000
Starting Iterative Proportional Fitting (IPF)...
IPF converged at iteration 31
IPF row error: 21.296165, col error: 0.000000
Starting Iterative Proportional Fitting (IPF)...
IPF converged at iteration 26
IPF converged at iteration 31
IPF row error: 18.278780, col error: 0.000000
IPF row error: 22.500056, col error: 0.000000
Starting Iterative Proportional Fitting (IPF)...
Starting Iterative Proportional Fitting (IPF)...
IPF converged at iteration 40
IPF row error: 22.697470, col error: 0.000000
IPF converged at iteration 23
IPF converged at iteration 24
IPF row error: 20.163237, col error: 0.000000
IPF row error: 22.984201, col error: 0.000000
Starting Iterative Proportional Fitting (IPF)...
Starting Iterative Proportional Fitting (IPF)...
Starting Iterative Proportional Fitting (IPF)...
IPF converged at iteration 40
IPF row error: 22.697470, col error: 0.000000
Starting Iterative Proportional Fitting (IPF)...
IPF converged at iteration 24
IPF row error: 19.992991, col error: 0.000000
Starting Iterative Proportional Fitting (IPF)...
IPF converged at iteration 40
IPF converged at iteration 40
IPF row error: 22.697470, col error: 0.000000
IPF row error: 22.697470, col error: 0.000000
Starting Iterative Proportional Fitting (IPF)...
IPF converged at iteration 39
Starting Iterative Proportional Fitting (IPF)...
IPF row error: 20.820233, col error: 0.000000
Starting Iterative Proportional Fitting (IPF)...
IPF converged at iteration 23
IPF row error: 20.805004, col error: 0.000000
Starting Iterative Proportional Fitting (IPF)...
IPF converged at iteration 40
IPF row error: 22.697470, col error: 0.000000
IPF converged at iteration 59
IPF row error: 22.486969, col error: 0.000000
Starting Iterative Proportional Fitting (IPF)...
IPF converged at iteration 40
IPF row error: 22.697470, col error: 0.000000
Starting Iterative Proportional Fitting (IPF)...
Starting Iterative Proportional Fitting (IPF)...
IPF converged at iteration 24
IPF row error: 20.158842, col error: 0.000000
Starting Iterative Proportional Fitting (IPF)...
IPF converged at iteration 38
IPF row error: 21.166026, col error: 0.000000
Starting Iterative Proportional Fitting (IPF)...
IPF converged at iteration 39
IPF row error: 21.476558, col error: 0.000000
IPF converged at iteration 40
IPF row error: 22.697470, col error: 0.000000
Starting Iterative Proportional Fitting (IPF)...
Starting Iterative Proportional Fitting (IPF)...
IPF converged at iteration 40
IPF row error: 22.697470, col error: 0.000000
Starting Iterative Proportional Fitting (IPF)...
IPF converged at iteration 24
IPF row error: 19.981232, col error: 0.000000
Starting Iterative Proportional Fitting (IPF)...
IPF converged at iteration 23
IPF row error: 18.850473, col error: 0.000000
  [2019/test] 진행 1530/1750 (87.4%) | 누적 CPC 0.1213 | RMSE 540.3669 | %RMSE 57.8736 | 경과 25.8분 | 예상 남음 3.7분
IPF converged at iteration 40
IPF row error: 22.697470, col error: 0.000000
Starting Iterative Proportional Fitting (IPF)...
Starting Iterative Proportional Fitting (IPF)...
IPF converged at iteration 40
IPF row error: 22.697470, col error: 0.000000
Starting Iterative Proportional Fitting (IPF)...
IPF converged at iteration 64
IPF row error: 21.048653, col error: 0.000000
Starting Iterative Proportional Fitting (IPF)...
IPF converged at iteration 40
IPF row error: 22.697470, col error: 0.000000
IPF converged at iteration 40
IPF row error: 22.697470, col error: 0.000000
Starting Iterative Proportional Fitting (IPF)...
Starting Iterative Proportional Fitting (IPF)...
IPF converged at iteration 29
IPF row error: 31.957652, col error: 0.000000
Starting Iterative Proportional Fitting (IPF)...
IPF converged at iteration 40
IPF row error: 22.697470, col error: 0.000000
IPF converged at iteration 29
Starting Iterative Proportional Fitting (IPF)...
IPF row error: 22.194459, col error: 0.000000
Starting Iterative Proportional Fitting (IPF)...
IPF converged at iteration 40
IPF row error: 22.697470, col error: 0.000000
Starting Iterative Proportional Fitting (IPF)...
IPF converged at iteration 23
IPF row error: 23.732150, col error: 0.000000
Starting Iterative Proportional Fitting (IPF)...
IPF converged at iteration 24
IPF row error: 22.314348, col error: 0.000000
Starting Iterative Proportional Fitting (IPF)...
IPF converged at iteration 27
IPF row error: 17.778797, col error: 0.000000
Starting Iterative Proportional Fitting (IPF)...
IPF converged at iteration 40
IPF row error: 22.697470, col error: 0.000000
Starting Iterative Proportional Fitting (IPF)...
IPF converged at iteration 40
IPF row error: 22.697470, col error: 0.000000
IPF converged at iteration 34
IPF row error: 19.023051, col error: 0.000000
Starting Iterative Proportional Fitting (IPF)...
IPF converged at iteration 23
Starting Iterative Proportional Fitting (IPF)...
IPF row error: 23.338186, col error: 0.000000
Starting Iterative Proportional Fitting (IPF)...
IPF converged at iteration 23
IPF row error: 21.557690, col error: 0.000000
Starting Iterative Proportional Fitting (IPF)...
IPF converged at iteration 29
IPF row error: 23.020063, col error: 0.000000
IPF converged at iteration 24
IPF row error: 17.481106, col error: 0.000000
Starting Iterative Proportional Fitting (IPF)...
Starting Iterative Proportional Fitting (IPF)...
IPF converged at iteration 23
IPF row error: 22.050647, col error: 0.000000
Starting Iterative Proportional Fitting (IPF)...
IPF converged at iteration 40
IPF row error: 22.697470, col error: 0.000000
Starting Iterative Proportional Fitting (IPF)...
IPF converged at iteration 40
IPF row error: 22.661325, col error: 0.000000
Starting Iterative Proportional Fitting (IPF)...
IPF converged at iteration 40
IPF row error: 22.661325, col error: 0.000000
IPF converged at iteration 51
IPF row error: 22.556840, col error: 0.000000
Starting Iterative Proportional Fitting (IPF)...
Starting Iterative Proportional Fitting (IPF)...
IPF converged at iteration 25
IPF row error: 19.433546, col error: 0.000000
IPF converged at iteration 84
IPF row error: 21.890787, col error: 0.000000
Starting Iterative Proportional Fitting (IPF)...
Starting Iterative Proportional Fitting (IPF)...
IPF converged at iteration 52
IPF row error: 20.814392, col error: 0.000000
IPF converged at iteration 40
IPF row error: 22.661325, col error: 0.000000
Starting Iterative Proportional Fitting (IPF)...
Starting Iterative Proportional Fitting (IPF)...
IPF converged at iteration 24
IPF row error: 18.039278, col error: 0.000000
Starting Iterative Proportional Fitting (IPF)...
IPF converged at iteration 23
IPF row error: 21.458718, col error: 0.000000
IPF converged at iteration 40
  [2019/test] 진행 1560/1750 (89.1%) | 누적 CPC 0.1220 | RMSE 541.6451 | %RMSE 57.8198 | 경과 26.1분 | 예상 남음 3.2분
IPF row error: 22.661325, col error: 0.000000
IPF converged at iteration 24
Starting Iterative Proportional Fitting (IPF)...
IPF row error: 23.625503, col error: 0.000000
Starting Iterative Proportional Fitting (IPF)...
Starting Iterative Proportional Fitting (IPF)...
IPF converged at iteration 26
IPF row error: 19.687395, col error: 0.000000
Starting Iterative Proportional Fitting (IPF)...
IPF converged at iteration 40
IPF row error: 22.661325, col error: 0.000000
IPF converged at iteration 40
IPF row error: 22.661325, col error: 0.000000
IPF converged at iteration 40
Starting Iterative Proportional Fitting (IPF)...
IPF row error: 22.661325, col error: 0.000000
Starting Iterative Proportional Fitting (IPF)...
Starting Iterative Proportional Fitting (IPF)...
IPF converged at iteration 32
IPF row error: 21.071845, col error: 0.000000
Starting Iterative Proportional Fitting (IPF)...
IPF converged at iteration 23
IPF row error: 22.400561, col error: 0.000000
Starting Iterative Proportional Fitting (IPF)...
IPF converged at iteration 28
IPF row error: 19.627448, col error: 0.000000
Starting Iterative Proportional Fitting (IPF)...
IPF converged at iteration 40
IPF row error: 22.661325, col error: 0.000000
Starting Iterative Proportional Fitting (IPF)...
IPF converged at iteration 43
IPF row error: 21.423897, col error: 0.000000
IPF converged at iteration 26
IPF row error: 18.025440, col error: 0.000000
Starting Iterative Proportional Fitting (IPF)...
Starting Iterative Proportional Fitting (IPF)...
IPF converged at iteration 25
IPF row error: 17.069631, col error: 0.000000
Starting Iterative Proportional Fitting (IPF)...
IPF converged at iteration 24
IPF row error: 20.658176, col error: 0.000000
Starting Iterative Proportional Fitting (IPF)...
IPF converged at iteration 34
IPF row error: 23.943140, col error: 0.000000
IPF converged at iteration 45
IPF row error: 20.521791, col error: 0.000000
Starting Iterative Proportional Fitting (IPF)...
Starting Iterative Proportional Fitting (IPF)...
IPF converged at iteration 40
IPF row error: 22.661325, col error: 0.000000
Starting Iterative Proportional Fitting (IPF)...
IPF converged at iteration 24
IPF row error: 23.251845, col error: 0.000000
Starting Iterative Proportional Fitting (IPF)...
IPF converged at iteration 27
IPF row error: 18.065538, col error: 0.000000
Starting Iterative Proportional Fitting (IPF)...
IPF converged at iteration 26
IPF row error: 20.254147, col error: 0.000000
Starting Iterative Proportional Fitting (IPF)...
IPF converged at iteration 52
IPF row error: 22.145448, col error: 0.000000
IPF converged at iteration 40
IPF row error: 22.661325, col error: 0.000000
Starting Iterative Proportional Fitting (IPF)...
Starting Iterative Proportional Fitting (IPF)...
IPF converged at iteration 40
IPF row error: 22.661325, col error: 0.000000
Starting Iterative Proportional Fitting (IPF)...
IPF converged at iteration 29
IPF row error: 29.506689, col error: 0.000000
Starting Iterative Proportional Fitting (IPF)...
IPF converged at iteration 34
IPF row error: 23.526245, col error: 0.000000
Starting Iterative Proportional Fitting (IPF)...
IPF converged at iteration 40
IPF row error: 22.661325, col error: 0.000000
Starting Iterative Proportional Fitting (IPF)...
IPF converged at iteration 23
IPF row error: 22.031093, col error: 0.000000
Starting Iterative Proportional Fitting (IPF)...
IPF converged at iteration 40
IPF row error: 22.661325, col error: 0.000000
Starting Iterative Proportional Fitting (IPF)...
IPF converged at iteration 40
IPF row error: 22.661325, col error: 0.000000
IPF converged at iteration 40
IPF row error: 22.661325, col error: 0.000000
  [2019/test] 진행 1590/1750 (90.9%) | 누적 CPC 0.1211 | RMSE 539.0698 | %RMSE 58.4797 | 경과 26.5분 | 예상 남음 2.7분Starting Iterative Proportional Fitting (IPF)...

IPF converged at iteration 32
IPF row error: 23.323632, col error: 0.000000
Starting Iterative Proportional Fitting (IPF)...
Starting Iterative Proportional Fitting (IPF)...
IPF converged at iteration 40
IPF row error: 22.661325, col error: 0.000000
Starting Iterative Proportional Fitting (IPF)...
IPF converged at iteration 26
IPF row error: 20.223682, col error: 0.000000
Starting Iterative Proportional Fitting (IPF)...
IPF converged at iteration 40
IPF row error: 22.661325, col error: 0.000000
IPF converged at iteration 40
IPF row error: 22.661325, col error: 0.000000
Starting Iterative Proportional Fitting (IPF)...
Starting Iterative Proportional Fitting (IPF)...
IPF converged at iteration 40
IPF row error: 22.661325, col error: 0.000000
Starting Iterative Proportional Fitting (IPF)...
IPF converged at iteration 40
IPF row error: 22.661325, col error: 0.000000
IPF converged at iteration 30
IPF row error: 19.365840, col error: 0.000000
Starting Iterative Proportional Fitting (IPF)...
Starting Iterative Proportional Fitting (IPF)...
IPF converged at iteration 40
IPF row error: 22.661325, col error: 0.000000
Starting Iterative Proportional Fitting (IPF)...
IPF converged at iteration 25
IPF row error: 21.851290, col error: 0.000000
Starting Iterative Proportional Fitting (IPF)...
IPF converged at iteration 26
IPF row error: 20.840356, col error: 0.000000
Starting Iterative Proportional Fitting (IPF)...
IPF converged at iteration 76
IPF row error: 21.376463, col error: 0.000000
Starting Iterative Proportional Fitting (IPF)...
IPF converged at iteration 90
IPF row error: 23.038953, col error: 0.000000
IPF converged at iteration 86
IPF row error: 22.841247, col error: 0.000000
Starting Iterative Proportional Fitting (IPF)...
Starting Iterative Proportional Fitting (IPF)...
IPF converged at iteration 26
IPF row error: 19.617261, col error: 0.000000
Starting Iterative Proportional Fitting (IPF)...
IPF converged at iteration 23
IPF row error: 19.011891, col error: 0.000000
Starting Iterative Proportional Fitting (IPF)...
IPF converged at iteration 83
IPF row error: 23.050492, col error: 0.000000
Starting Iterative Proportional Fitting (IPF)...
IPF converged at iteration 57
IPF row error: 22.329234, col error: 0.000000
Starting Iterative Proportional Fitting (IPF)...
IPF converged at iteration 45
IPF row error: 23.155012, col error: 0.000000
Starting Iterative Proportional Fitting (IPF)...
IPF converged at iteration 25
IPF row error: 21.086304, col error: 0.000000
Starting Iterative Proportional Fitting (IPF)...
IPF converged at iteration 57
IPF row error: 23.099206, col error: 0.000000
Starting Iterative Proportional Fitting (IPF)...
IPF converged at iteration 86
IPF converged at iteration 26
IPF row error: 22.159247, col error: 0.000000
IPF row error: 17.572346, col error: 0.000000
Starting Iterative Proportional Fitting (IPF)...
Starting Iterative Proportional Fitting (IPF)...
IPF converged at iteration 60
IPF row error: 21.670140, col error: 0.000000
Starting Iterative Proportional Fitting (IPF)...
IPF converged at iteration 25
IPF row error: 22.813322, col error: 0.000000
Starting Iterative Proportional Fitting (IPF)...
IPF converged at iteration 53
IPF row error: 20.496985, col error: 0.000000
IPF converged at iteration 47
Starting Iterative Proportional Fitting (IPF)...
IPF row error: 20.668011, col error: 0.000000
Starting Iterative Proportional Fitting (IPF)...
IPF converged at iteration 86
IPF row error: 22.819631, col error: 0.000000
Starting Iterative Proportional Fitting (IPF)...
IPF converged at iteration 46
IPF row error: 20.694393, col error: 0.000000
Starting Iterative Proportional Fitting (IPF)...
IPF converged at iteration 23
IPF row error: 20.026861, col error: 0.000000
  [2019/test] 진행 1620/1750 (92.6%) | 누적 CPC 0.1201 | RMSE 539.4154 | %RMSE 59.2780 | 경과 26.9분 | 예상 남음 2.2분
Starting Iterative Proportional Fitting (IPF)...
IPF converged at iteration 48
IPF row error: 20.297938, col error: 0.000000
IPF converged at iteration 34
IPF row error: 20.384763, col error: 0.000000
Starting Iterative Proportional Fitting (IPF)...
IPF converged at iteration 60
Starting Iterative Proportional Fitting (IPF)...
IPF row error: 21.908837, col error: 0.000000
Starting Iterative Proportional Fitting (IPF)...
IPF converged at iteration 49
IPF row error: 22.290372, col error: 0.000000
Starting Iterative Proportional Fitting (IPF)...
IPF converged at iteration 23
IPF row error: 21.384265, col error: 0.000000
Starting Iterative Proportional Fitting (IPF)...
IPF converged at iteration 88
IPF row error: 22.356353, col error: 0.000000
IPF converged at iteration 86
IPF row error: 22.841247, col error: 0.000000
IPF converged at iteration 79
IPF row error: 22.222604, col error: 0.000000
Starting Iterative Proportional Fitting (IPF)...
Starting Iterative Proportional Fitting (IPF)...
Starting Iterative Proportional Fitting (IPF)...
IPF converged at iteration 86
IPF row error: 22.053730, col error: 0.000000
IPF converged at iteration 23
IPF row error: 18.132617, col error: 0.000000
Starting Iterative Proportional Fitting (IPF)...
Starting Iterative Proportional Fitting (IPF)...
IPF converged at iteration 28
IPF row error: 18.082859, col error: 0.000000
Starting Iterative Proportional Fitting (IPF)...
IPF converged at iteration 24
IPF row error: 19.537568, col error: 0.000000
Starting Iterative Proportional Fitting (IPF)...
IPF converged at iteration 86
IPF row error: 22.252957, col error: 0.000000
Starting Iterative Proportional Fitting (IPF)...
IPF converged at iteration 86
IPF row error: 22.264660, col error: 0.000000
Starting Iterative Proportional Fitting (IPF)...
IPF converged at iteration 84
IPF row error: 21.915535, col error: 0.000000
Starting Iterative Proportional Fitting (IPF)...
IPF converged at iteration 96
IPF row error: 22.711240, col error: 0.000000
Starting Iterative Proportional Fitting (IPF)...
IPF converged at iteration 26
IPF converged at iteration 86
IPF row error: 22.238092, col error: 0.000000
IPF row error: 18.703386, col error: 0.000000
Starting Iterative Proportional Fitting (IPF)...
Starting Iterative Proportional Fitting (IPF)...
IPF converged at iteration 78
IPF row error: 21.802547, col error: 0.000000
IPF converged at iteration 84
IPF row error: 21.720262, col error: 0.000000
Starting Iterative Proportional Fitting (IPF)...
Starting Iterative Proportional Fitting (IPF)...
IPF converged at iteration 26
IPF row error: 19.480117, col error: 0.000000
Starting Iterative Proportional Fitting (IPF)...
IPF converged at iteration 48
IPF row error: 20.523937, col error: 0.000000
Starting Iterative Proportional Fitting (IPF)...
IPF converged at iteration 79
IPF row error: 23.140639, col error: 0.000000
Starting Iterative Proportional Fitting (IPF)...
IPF converged at iteration 86
IPF row error: 22.111954, col error: 0.000000
Starting Iterative Proportional Fitting (IPF)...
IPF converged at iteration 82
IPF row error: 22.187588, col error: 0.000000
Starting Iterative Proportional Fitting (IPF)...
IPF converged at iteration 83
IPF row error: 22.906170, col error: 0.000000
Starting Iterative Proportional Fitting (IPF)...
IPF converged at iteration 26
IPF row error: 20.003167, col error: 0.000000
Starting Iterative Proportional Fitting (IPF)...
IPF converged at iteration 83
IPF row error: 23.348684, col error: 0.000000
IPF converged at iteration 78
IPF row error: 22.509238, col error: 0.000000
Starting Iterative Proportional Fitting (IPF)...
Starting Iterative Proportional Fitting (IPF)...
IPF converged at iteration 86
IPF row error: 22.809510, col error: 0.000000
  [2019/test] 진행 1650/1750 (94.3%) | 누적 CPC 0.1190 | RMSE 541.2538 | %RMSE 60.2208 | 경과 27.5분 | 예상 남음 1.7분
Starting Iterative Proportional Fitting (IPF)...
IPF converged at iteration 26
IPF row error: 20.578184, col error: 0.000000
Starting Iterative Proportional Fitting (IPF)...
IPF converged at iteration 35
IPF row error: 19.967883, col error: 0.000000
Starting Iterative Proportional Fitting (IPF)...
IPF converged at iteration 82
IPF row error: 22.586797, col error: 0.000000
Starting Iterative Proportional Fitting (IPF)...
IPF converged at iteration 28
IPF row error: 23.171270, col error: 0.000000
Starting Iterative Proportional Fitting (IPF)...
IPF converged at iteration 22
IPF row error: 22.794852, col error: 0.000000
Starting Iterative Proportional Fitting (IPF)...
IPF converged at iteration 92
IPF row error: 22.537217, col error: 0.000000
Starting Iterative Proportional Fitting (IPF)...
IPF converged at iteration 82
IPF converged at iteration 24
IPF row error: 22.765488, col error: 0.000000
IPF row error: 17.351475, col error: 0.000000
Starting Iterative Proportional Fitting (IPF)...
Starting Iterative Proportional Fitting (IPF)...
IPF converged at iteration 24
IPF row error: 19.901065, col error: 0.000000
Starting Iterative Proportional Fitting (IPF)...
IPF converged at iteration 26
IPF row error: 19.374134, col error: 0.000000
Starting Iterative Proportional Fitting (IPF)...
IPF converged at iteration 79
IPF row error: 21.601793, col error: 0.000000
Starting Iterative Proportional Fitting (IPF)...
IPF converged at iteration 22
IPF row error: 22.224071, col error: 0.000000
Starting Iterative Proportional Fitting (IPF)...
IPF converged at iteration 23
IPF row error: 20.722628, col error: 0.000000
Starting Iterative Proportional Fitting (IPF)...
IPF converged at iteration 82
IPF row error: 22.553296, col error: 0.000000
Starting Iterative Proportional Fitting (IPF)...
IPF converged at iteration 87
IPF row error: 22.717050, col error: 0.000000
IPF converged at iteration 82
IPF row error: 22.739591, col error: 0.000000
Starting Iterative Proportional Fitting (IPF)...
Starting Iterative Proportional Fitting (IPF)...
IPF converged at iteration 29
IPF row error: 23.984524, col error: 0.000000
IPF converged at iteration 79
IPF row error: 21.601516, col error: 0.000000
Starting Iterative Proportional Fitting (IPF)...
Starting Iterative Proportional Fitting (IPF)...
IPF converged at iteration 85
IPF row error: 22.288982, col error: 0.000000
Starting Iterative Proportional Fitting (IPF)...
IPF converged at iteration 26
IPF row error: 22.808089, col error: 0.000000
Starting Iterative Proportional Fitting (IPF)...
IPF converged at iteration 83
IPF row error: 21.786790, col error: 0.000000
Starting Iterative Proportional Fitting (IPF)...
IPF converged at iteration 92
IPF row error: 22.572509, col error: 0.000000
Starting Iterative Proportional Fitting (IPF)...
IPF converged at iteration 82
IPF row error: 22.753929, col error: 0.000000
Starting Iterative Proportional Fitting (IPF)...
IPF converged at iteration 90
IPF row error: 21.966421, col error: 0.000000
Starting Iterative Proportional Fitting (IPF)...
IPF converged at iteration 93
IPF row error: 21.654910, col error: 0.000000
IPF converged at iteration 43
Starting Iterative Proportional Fitting (IPF)...
IPF row error: 23.551738, col error: 0.000000
Starting Iterative Proportional Fitting (IPF)...
IPF converged at iteration 88
IPF row error: 21.729923, col error: 0.000000
IPF converged at iteration 35
IPF row error: 22.313456, col error: 0.000000
Starting Iterative Proportional Fitting (IPF)...
Starting Iterative Proportional Fitting (IPF)...
IPF converged at iteration 51
IPF row error: 23.154611, col error: 0.000000
Starting Iterative Proportional Fitting (IPF)...
IPF converged at iteration 85
IPF row error: 22.565690, col error: 0.000000
  [2019/test] 진행 1680/1750 (96.0%) | 누적 CPC 0.1185 | RMSE 538.7240 | %RMSE 59.9772 | 경과 28.0분 | 예상 남음 1.2분
Starting Iterative Proportional Fitting (IPF)...
IPF converged at iteration 23
IPF converged at iteration 25
IPF row error: 21.040331, col error: 0.000000
IPF row error: 17.908990, col error: 0.000000
Starting Iterative Proportional Fitting (IPF)...
Starting Iterative Proportional Fitting (IPF)...
IPF converged at iteration 29
IPF row error: 31.653741, col error: 0.000000
IPF converged at iteration 25
IPF row error: 21.006722, col error: 0.000000
Starting Iterative Proportional Fitting (IPF)...
Starting Iterative Proportional Fitting (IPF)...
IPF converged at iteration 25
IPF row error: 20.023983, col error: 0.000000
IPF converged at iteration 25
Starting Iterative Proportional Fitting (IPF)...
IPF row error: 21.375082, col error: 0.000000
Starting Iterative Proportional Fitting (IPF)...
IPF converged at iteration 95
IPF converged at iteration 82
IPF row error: 23.322326, col error: 0.000000
IPF row error: 22.753707, col error: 0.000000
Starting Iterative Proportional Fitting (IPF)...
Starting Iterative Proportional Fitting (IPF)...
IPF converged at iteration 26
IPF row error: 17.410253, col error: 0.000000
IPF converged at iteration 27
IPF row error: 18.568835, col error: 0.000000
Starting Iterative Proportional Fitting (IPF)...
Starting Iterative Proportional Fitting (IPF)...
IPF converged at iteration 82
IPF row error: 23.057247, col error: 0.000000
Starting Iterative Proportional Fitting (IPF)...
IPF converged at iteration 85
IPF row error: 22.178460, col error: 0.000000
Starting Iterative Proportional Fitting (IPF)...
IPF converged at iteration 33
IPF row error: 18.952901, col error: 0.000000
Starting Iterative Proportional Fitting (IPF)...
IPF converged at iteration 55
IPF row error: 22.268053, col error: 0.000000
IPF converged at iteration 95
IPF row error: 23.342418, col error: 0.000000
Starting Iterative Proportional Fitting (IPF)...
Starting Iterative Proportional Fitting (IPF)...
IPF converged at iteration 92
IPF row error: 22.572509, col error: 0.000000
IPF converged at iteration 24
IPF row error: 20.734449, col error: 0.000000
Starting Iterative Proportional Fitting (IPF)...
IPF converged at iteration 92
Starting Iterative Proportional Fitting (IPF)...
IPF row error: 22.572509, col error: 0.000000
Starting Iterative Proportional Fitting (IPF)...
IPF converged at iteration 45
IPF row error: 22.046961, col error: 0.000000
Starting Iterative Proportional Fitting (IPF)...
IPF converged at iteration 26
IPF row error: 21.101822, col error: 0.000000
IPF converged at iteration 24
IPF row error: 20.887570, col error: 0.000000
Starting Iterative Proportional Fitting (IPF)...
Starting Iterative Proportional Fitting (IPF)...
IPF converged at iteration 48
IPF row error: 20.255482, col error: 0.000000
Starting Iterative Proportional Fitting (IPF)...
IPF converged at iteration 87
IPF row error: 21.798182, col error: 0.000000
Starting Iterative Proportional Fitting (IPF)...
IPF converged at iteration 74
IPF row error: 21.349474, col error: 0.000000
Starting Iterative Proportional Fitting (IPF)...
IPF converged at iteration 94
IPF row error: 22.982501, col error: 0.000000
Starting Iterative Proportional Fitting (IPF)...
IPF converged at iteration 27
IPF row error: 23.434088, col error: 0.000000
Starting Iterative Proportional Fitting (IPF)...
IPF converged at iteration 81
IPF row error: 22.818992, col error: 0.000000
Starting Iterative Proportional Fitting (IPF)...
IPF converged at iteration 83
IPF row error: 22.782192, col error: 0.000000
Starting Iterative Proportional Fitting (IPF)...
IPF converged at iteration 81
IPF row error: 22.852169, col error: 0.000000
Starting Iterative Proportional Fitting (IPF)...
IPF converged at iteration 76
IPF row error: 21.498202, col error: 0.000000
  [2019/test] 진행 1710/1750 (97.7%) | 누적 CPC 0.1182 | RMSE 538.6397 | %RMSE 59.6788 | 경과 28.5분 | 예상 남음 0.7분
Starting Iterative Proportional Fitting (IPF)...
IPF converged at iteration 81
IPF converged at iteration 27
IPF row error: 22.532490, col error: 0.000000
IPF row error: 21.035201, col error: 0.000000
Starting Iterative Proportional Fitting (IPF)...
Starting Iterative Proportional Fitting (IPF)...
IPF converged at iteration 80
IPF row error: 23.044148, col error: 0.000000
Starting Iterative Proportional Fitting (IPF)...
IPF converged at iteration 65
IPF row error: 22.894521, col error: 0.000000
Starting Iterative Proportional Fitting (IPF)...
IPF converged at iteration 27
IPF row error: 19.213691, col error: 0.000000
Starting Iterative Proportional Fitting (IPF)...
IPF converged at iteration 26
IPF row error: 20.608002, col error: 0.000000
Starting Iterative Proportional Fitting (IPF)...
IPF converged at iteration 29
IPF row error: 27.698149, col error: 0.000000
Starting Iterative Proportional Fitting (IPF)...
IPF converged at iteration 81
IPF row error: 22.708894, col error: 0.000000
Starting Iterative Proportional Fitting (IPF)...
IPF converged at iteration 81
IPF row error: 21.655242, col error: 0.000000
Starting Iterative Proportional Fitting (IPF)...
IPF converged at iteration 29
IPF row error: 23.604325, col error: 0.000000
Starting Iterative Proportional Fitting (IPF)...
IPF converged at iteration 27
IPF row error: 23.682615, col error: 0.000000
Starting Iterative Proportional Fitting (IPF)...
IPF converged at iteration 75
IPF row error: 22.617302, col error: 0.000000
Starting Iterative Proportional Fitting (IPF)...
IPF converged at iteration 74IPF converged at iteration 27

IPF row error: 21.410076, col error: 0.000000
IPF row error: 22.036306, col error: 0.000000
Starting Iterative Proportional Fitting (IPF)...
Starting Iterative Proportional Fitting (IPF)...
IPF converged at iteration 74
IPF row error: 21.663952, col error: 0.000000
Starting Iterative Proportional Fitting (IPF)...
IPF converged at iteration 23
IPF row error: 18.655791, col error: 0.000000
Starting Iterative Proportional Fitting (IPF)...
IPF converged at iteration 89
IPF row error: 22.400748, col error: 0.000000
Starting Iterative Proportional Fitting (IPF)...
IPF converged at iteration 23
IPF row error: 21.345717, col error: 0.000000
Starting Iterative Proportional Fitting (IPF)...
IPF converged at iteration 81
IPF row error: 21.426551, col error: 0.000000
Starting Iterative Proportional Fitting (IPF)...
IPF converged at iteration 81
IPF row error: 22.717021, col error: 0.000000
Starting Iterative Proportional Fitting (IPF)...
IPF converged at iteration 25
IPF row error: 23.414448, col error: 0.000000
IPF converged at iteration 84
IPF row error: 21.685441, col error: 0.000000
IPF converged at iteration 34
IPF row error: 21.667379, col error: 0.000000
Starting Iterative Proportional Fitting (IPF)...
Starting Iterative Proportional Fitting (IPF)...
Starting Iterative Proportional Fitting (IPF)...
IPF converged at iteration 24
IPF row error: 17.207044, col error: 0.000000
Starting Iterative Proportional Fitting (IPF)...
IPF converged at iteration 24
IPF row error: 21.326073, col error: 0.000000
Starting Iterative Proportional Fitting (IPF)...
IPF converged at iteration 25
IPF row error: 18.752477, col error: 0.000000
Starting Iterative Proportional Fitting (IPF)...
IPF converged at iteration 61
IPF row error: 22.070723, col error: 0.000000
Starting Iterative Proportional Fitting (IPF)...
IPF converged at iteration 85
IPF row error: 22.659249, col error: 0.000000
Starting Iterative Proportional Fitting (IPF)...
IPF converged at iteration 85
IPF converged at iteration 29
IPF row error: 21.886206, col error: 0.000000
IPF row error: 18.917864, col error: 0.000000
  [2019/test] 진행 1740/1750 (99.4%) | 누적 CPC 0.1183 | RMSE 542.4655 | %RMSE 59.1995 | 경과 29.0분 | 예상 남음 0.2분
Starting Iterative Proportional Fitting (IPF)...
Starting Iterative Proportional Fitting (IPF)...
IPF converged at iteration 36
IPF row error: 23.409797, col error: 0.000000
Starting Iterative Proportional Fitting (IPF)...
IPF converged at iteration 85
IPF row error: 21.976431, col error: 0.000000
Starting Iterative Proportional Fitting (IPF)...
IPF converged at iteration 24
IPF row error: 21.637209, col error: 0.000000
Starting Iterative Proportional Fitting (IPF)...
IPF converged at iteration 73
IPF row error: 21.509486, col error: 0.000000
Starting Iterative Proportional Fitting (IPF)...
IPF converged at iteration 82
IPF row error: 21.785374, col error: 0.000000
Starting Iterative Proportional Fitting (IPF)...
IPF converged at iteration 33
IPF row error: 18.867775, col error: 0.000000
Starting Iterative Proportional Fitting (IPF)...
IPF converged at iteration 24
IPF row error: 20.008436, col error: 0.000000
IPF converged at iteration 24
IPF row error: 22.534808, col error: 0.000000
IPF converged at iteration 26
IPF row error: 23.578859, col error: 0.000000
IPF converged at iteration 91
IPF row error: 21.670428, col error: 0.000000
  [2019/test] 진행 1750/1750 (100.0%) | 누적 CPC 0.1183 | RMSE 543.9682 | %RMSE 59.0548 | 경과 29.1분 | 예상 남음 0.0분
  [2019/test] 완료: 1750/1750

Evaluating 2023 / val ...
  [2023/val] 750개 샘플 병렬 평가 중 (threads=4)...
Starting Iterative Proportional Fitting (IPF)...
Starting Iterative Proportional Fitting (IPF)...
Starting Iterative Proportional Fitting (IPF)...
Starting Iterative Proportional Fitting (IPF)...
IPF converged at iteration 40
IPF converged at iteration 40
IPF row error: 22.450829, col error: 0.000000
IPF converged at iteration 40
IPF row error: 22.450829, col error: 0.000000
IPF converged at iteration 40
IPF row error: 22.450829, col error: 0.000000
IPF row error: 22.450829, col error: 0.000000
Starting Iterative Proportional Fitting (IPF)...
Starting Iterative Proportional Fitting (IPF)...
Starting Iterative Proportional Fitting (IPF)...
Starting Iterative Proportional Fitting (IPF)...
IPF converged at iteration 40
IPF converged at iteration 40
IPF row error: 22.450829, col error: 0.000000
IPF row error: 22.450829, col error: 0.000000
IPF converged at iteration 40
IPF converged at iteration 40
IPF row error: 22.450829, col error: 0.000000
IPF row error: 22.450829, col error: 0.000000
Starting Iterative Proportional Fitting (IPF)...
Starting Iterative Proportional Fitting (IPF)...
Starting Iterative Proportional Fitting (IPF)...
Starting Iterative Proportional Fitting (IPF)...
IPF converged at iteration 40
IPF converged at iteration 40
IPF row error: 22.450829, col error: 0.000000
IPF row error: 22.450829, col error: 0.000000
IPF converged at iteration 40
IPF converged at iteration 40
IPF row error: 22.450829, col error: 0.000000
IPF row error: 22.450829, col error: 0.000000
Starting Iterative Proportional Fitting (IPF)...
Starting Iterative Proportional Fitting (IPF)...
Starting Iterative Proportional Fitting (IPF)...
Starting Iterative Proportional Fitting (IPF)...
IPF converged at iteration 40
IPF converged at iteration 40
IPF row error: 22.450829, col error: 0.000000
IPF row error: 22.450829, col error: 0.000000
IPF converged at iteration 40
IPF converged at iteration 40
IPF row error: 22.450829, col error: 0.000000
IPF row error: 22.450829, col error: 0.000000
Starting Iterative Proportional Fitting (IPF)...
Starting Iterative Proportional Fitting (IPF)...
Starting Iterative Proportional Fitting (IPF)...
Starting Iterative Proportional Fitting (IPF)...
IPF converged at iteration 40
IPF row error: 22.450829, col error: 0.000000
IPF converged at iteration 40
IPF converged at iteration 40
IPF row error: 22.450829, col error: 0.000000
IPF converged at iteration 40
IPF row error: 22.450829, col error: 0.000000
IPF row error: 22.450829, col error: 0.000000
Starting Iterative Proportional Fitting (IPF)...
Starting Iterative Proportional Fitting (IPF)...
Starting Iterative Proportional Fitting (IPF)...
Starting Iterative Proportional Fitting (IPF)...
IPF converged at iteration 40
IPF row error: 22.450829, col error: 0.000000
IPF converged at iteration 40
IPF converged at iteration 40
IPF row error: 22.450829, col error: 0.000000
IPF row error: 22.450829, col error: 0.000000
IPF converged at iteration 40
IPF row error: 22.450829, col error: 0.000000
Starting Iterative Proportional Fitting (IPF)...
Starting Iterative Proportional Fitting (IPF)...
Starting Iterative Proportional Fitting (IPF)...
Starting Iterative Proportional Fitting (IPF)...
IPF converged at iteration 40
IPF converged at iteration 40
IPF row error: 22.450829, col error: 0.000000
IPF converged at iteration 40
IPF row error: 22.450829, col error: 0.000000
IPF row error: 22.450829, col error: 0.000000
IPF converged at iteration 40
IPF row error: 22.450829, col error: 0.000000
Starting Iterative Proportional Fitting (IPF)...
Starting Iterative Proportional Fitting (IPF)...
Starting Iterative Proportional Fitting (IPF)...
Starting Iterative Proportional Fitting (IPF)...
IPF converged at iteration 40
IPF converged at iteration 40
IPF row error: 22.450829, col error: 0.000000
IPF row error: 22.450829, col error: 0.000000
  [2023/val] 진행 30/750 (4.0%) | 누적 CPC 0.5604 | RMSE 515.4588 | %RMSE 8.6568 | 경과 0.4분 | 예상 남음 10.1분
IPF converged at iteration 40
IPF row error: 22.450829, col error: 0.000000
IPF converged at iteration 40
IPF row error: 22.450829, col error: 0.000000
Starting Iterative Proportional Fitting (IPF)...
Starting Iterative Proportional Fitting (IPF)...
Starting Iterative Proportional Fitting (IPF)...
Starting Iterative Proportional Fitting (IPF)...
IPF converged at iteration 40
IPF row error: 22.450829, col error: 0.000000
IPF converged at iteration 40
IPF row error: 22.450829, col error: 0.000000
IPF converged at iteration 40
IPF row error: 22.450829, col error: 0.000000
IPF converged at iteration 40
IPF row error: 22.450829, col error: 0.000000
Starting Iterative Proportional Fitting (IPF)...
Starting Iterative Proportional Fitting (IPF)...
Starting Iterative Proportional Fitting (IPF)...
Starting Iterative Proportional Fitting (IPF)...
IPF converged at iteration 40
IPF row error: 22.450829, col error: 0.000000
IPF converged at iteration 40
IPF row error: 22.450829, col error: 0.000000
IPF converged at iteration 40
IPF row error: 22.450829, col error: 0.000000
IPF converged at iteration 40
IPF row error: 22.450829, col error: 0.000000
Starting Iterative Proportional Fitting (IPF)...
Starting Iterative Proportional Fitting (IPF)...
Starting Iterative Proportional Fitting (IPF)...
Starting Iterative Proportional Fitting (IPF)...
IPF converged at iteration 40
IPF row error: 22.450829, col error: 0.000000
IPF converged at iteration 40
IPF row error: 22.450829, col error: 0.000000
IPF converged at iteration 40
IPF row error: 22.450829, col error: 0.000000
IPF converged at iteration 40
Starting Iterative Proportional Fitting (IPF)...
IPF row error: 22.450829, col error: 0.000000
Starting Iterative Proportional Fitting (IPF)...
Starting Iterative Proportional Fitting (IPF)...
Starting Iterative Proportional Fitting (IPF)...
IPF converged at iteration 40
IPF row error: 22.450829, col error: 0.000000
IPF converged at iteration 40
IPF row error: 22.450829, col error: 0.000000
IPF converged at iteration 40
IPF row error: 22.450829, col error: 0.000000
IPF converged at iteration 40
Starting Iterative Proportional Fitting (IPF)...
IPF row error: 22.450829, col error: 0.000000
Starting Iterative Proportional Fitting (IPF)...
Starting Iterative Proportional Fitting (IPF)...
Starting Iterative Proportional Fitting (IPF)...
IPF converged at iteration 40
IPF row error: 22.450829, col error: 0.000000
IPF converged at iteration 40
IPF row error: 22.450829, col error: 0.000000
IPF converged at iteration 40
IPF row error: 22.267979, col error: 0.000000
IPF converged at iteration 40
IPF row error: 22.267979, col error: 0.000000
Starting Iterative Proportional Fitting (IPF)...
Starting Iterative Proportional Fitting (IPF)...
Starting Iterative Proportional Fitting (IPF)...
Starting Iterative Proportional Fitting (IPF)...
IPF converged at iteration 40
IPF row error: 22.267979, col error: 0.000000
IPF converged at iteration 40
IPF row error: 22.267979, col error: 0.000000
IPF converged at iteration 40
IPF row error: 22.267979, col error: 0.000000
IPF converged at iteration 40
IPF row error: 22.267979, col error: 0.000000
Starting Iterative Proportional Fitting (IPF)...
Starting Iterative Proportional Fitting (IPF)...
Starting Iterative Proportional Fitting (IPF)...
Starting Iterative Proportional Fitting (IPF)...
IPF converged at iteration 40
IPF converged at iteration 40
IPF row error: 22.267979, col error: 0.000000
IPF row error: 22.267979, col error: 0.000000
IPF converged at iteration 40
IPF converged at iteration 40
IPF row error: 22.267979, col error: 0.000000
IPF row error: 22.267979, col error: 0.000000
  [2023/val] 진행 60/750 (8.0%) | 누적 CPC 0.5561 | RMSE 501.7011 | %RMSE 8.6307 | 경과 0.8분 | 예상 남음 9.1분
Starting Iterative Proportional Fitting (IPF)...
Starting Iterative Proportional Fitting (IPF)...
Starting Iterative Proportional Fitting (IPF)...
Starting Iterative Proportional Fitting (IPF)...
IPF converged at iteration 40
IPF converged at iteration 40
IPF row error: 22.267979, col error: 0.000000
IPF row error: 22.267979, col error: 0.000000
IPF converged at iteration 40
IPF converged at iteration 40
IPF row error: 22.267979, col error: 0.000000
IPF row error: 22.267979, col error: 0.000000
Starting Iterative Proportional Fitting (IPF)...
Starting Iterative Proportional Fitting (IPF)...
Starting Iterative Proportional Fitting (IPF)...
Starting Iterative Proportional Fitting (IPF)...
IPF converged at iteration 40
IPF converged at iteration 40
IPF row error: 22.267979, col error: 0.000000
IPF row error: 22.267979, col error: 0.000000
IPF converged at iteration 40
IPF converged at iteration 40
IPF row error: 22.267979, col error: 0.000000
Starting Iterative Proportional Fitting (IPF)...IPF row error: 22.267979, col error: 0.000000

Starting Iterative Proportional Fitting (IPF)...
Starting Iterative Proportional Fitting (IPF)...
Starting Iterative Proportional Fitting (IPF)...
IPF converged at iteration 40
IPF converged at iteration 40
IPF row error: 22.267979, col error: 0.000000
IPF row error: 22.267979, col error: 0.000000
IPF converged at iteration 40
IPF converged at iteration 40
IPF row error: 22.267979, col error: 0.000000
Starting Iterative Proportional Fitting (IPF)...
IPF row error: 22.267979, col error: 0.000000
Starting Iterative Proportional Fitting (IPF)...
Starting Iterative Proportional Fitting (IPF)...
Starting Iterative Proportional Fitting (IPF)...
IPF converged at iteration 40
IPF row error: 22.267979, col error: 0.000000
IPF converged at iteration 40
IPF row error: 22.267979, col error: 0.000000
IPF converged at iteration 40
Starting Iterative Proportional Fitting (IPF)...
IPF row error: 22.267979, col error: 0.000000
IPF converged at iteration 40
IPF row error: 22.267979, col error: 0.000000
Starting Iterative Proportional Fitting (IPF)...
Starting Iterative Proportional Fitting (IPF)...
Starting Iterative Proportional Fitting (IPF)...
IPF converged at iteration 40
IPF row error: 22.267979, col error: 0.000000
IPF converged at iteration 40
IPF row error: 22.267979, col error: 0.000000
IPF converged at iteration 40
Starting Iterative Proportional Fitting (IPF)...
IPF row error: 22.267979, col error: 0.000000
IPF converged at iteration 40
IPF row error: 22.267979, col error: 0.000000
Starting Iterative Proportional Fitting (IPF)...
Starting Iterative Proportional Fitting (IPF)...
Starting Iterative Proportional Fitting (IPF)...
IPF converged at iteration 40
IPF row error: 22.267979, col error: 0.000000
IPF converged at iteration 40
IPF row error: 22.267979, col error: 0.000000
Starting Iterative Proportional Fitting (IPF)...
IPF converged at iteration 40
IPF row error: 22.267979, col error: 0.000000
IPF converged at iteration 40
IPF row error: 22.267979, col error: 0.000000
Starting Iterative Proportional Fitting (IPF)...
Starting Iterative Proportional Fitting (IPF)...
Starting Iterative Proportional Fitting (IPF)...
IPF converged at iteration 40
IPF row error: 22.267979, col error: 0.000000
IPF converged at iteration 40
IPF row error: 22.267979, col error: 0.000000
Starting Iterative Proportional Fitting (IPF)...
IPF converged at iteration 40
IPF row error: 22.267979, col error: 0.000000
IPF converged at iteration 40
Starting Iterative Proportional Fitting (IPF)...
IPF row error: 22.267979, col error: 0.000000
Starting Iterative Proportional Fitting (IPF)...
Starting Iterative Proportional Fitting (IPF)...
IPF converged at iteration 40
IPF row error: 22.267979, col error: 0.000000
IPF converged at iteration 40
IPF row error: 22.267979, col error: 0.000000
  [2023/val] 진행 90/750 (12.0%) | 누적 CPC 0.5489 | RMSE 478.7715 | %RMSE 8.5873 | 경과 1.2분 | 예상 남음 8.9분
Starting Iterative Proportional Fitting (IPF)...
IPF converged at iteration 40
IPF row error: 22.267979, col error: 0.000000
Starting Iterative Proportional Fitting (IPF)...
IPF converged at iteration 40
IPF row error: 22.267979, col error: 0.000000
Starting Iterative Proportional Fitting (IPF)...
Starting Iterative Proportional Fitting (IPF)...
IPF converged at iteration 40
IPF row error: 22.267979, col error: 0.000000
IPF converged at iteration 40
IPF row error: 22.267979, col error: 0.000000
Starting Iterative Proportional Fitting (IPF)...
IPF converged at iteration 40
IPF row error: 22.267979, col error: 0.000000
Starting Iterative Proportional Fitting (IPF)...
IPF converged at iteration 40
IPF row error: 22.267979, col error: 0.000000
Starting Iterative Proportional Fitting (IPF)...
Starting Iterative Proportional Fitting (IPF)...
IPF converged at iteration 40
IPF row error: 22.267979, col error: 0.000000
IPF converged at iteration 40
IPF row error: 22.267979, col error: 0.000000
Starting Iterative Proportional Fitting (IPF)...
IPF converged at iteration 40
IPF row error: 22.267979, col error: 0.000000
Starting Iterative Proportional Fitting (IPF)...
IPF converged at iteration 40
IPF row error: 22.267979, col error: 0.000000
Starting Iterative Proportional Fitting (IPF)...
Starting Iterative Proportional Fitting (IPF)...
IPF converged at iteration 40
IPF row error: 22.658480, col error: 0.000000
IPF converged at iteration 40
IPF row error: 22.658480, col error: 0.000000
Starting Iterative Proportional Fitting (IPF)...
IPF converged at iteration 40
IPF row error: 22.658480, col error: 0.000000
Starting Iterative Proportional Fitting (IPF)...
IPF converged at iteration 40
IPF row error: 22.658480, col error: 0.000000
Starting Iterative Proportional Fitting (IPF)...
Starting Iterative Proportional Fitting (IPF)...
IPF converged at iteration 40
IPF row error: 22.658480, col error: 0.000000
IPF converged at iteration 40
IPF row error: 22.658480, col error: 0.000000
Starting Iterative Proportional Fitting (IPF)...
IPF converged at iteration 40
IPF row error: 22.658480, col error: 0.000000
Starting Iterative Proportional Fitting (IPF)...
IPF converged at iteration 40
Starting Iterative Proportional Fitting (IPF)...
IPF row error: 22.658480, col error: 0.000000
Starting Iterative Proportional Fitting (IPF)...
IPF converged at iteration 40
IPF row error: 22.658480, col error: 0.000000
IPF converged at iteration 40
IPF row error: 22.658480, col error: 0.000000
Starting Iterative Proportional Fitting (IPF)...
IPF converged at iteration 40
IPF row error: 22.658480, col error: 0.000000
Starting Iterative Proportional Fitting (IPF)...
IPF converged at iteration 40
Starting Iterative Proportional Fitting (IPF)...
IPF row error: 22.658480, col error: 0.000000
Starting Iterative Proportional Fitting (IPF)...
IPF converged at iteration 40
IPF row error: 22.658480, col error: 0.000000
IPF converged at iteration 40
IPF row error: 22.658480, col error: 0.000000
Starting Iterative Proportional Fitting (IPF)...
IPF converged at iteration 40
IPF row error: 22.658480, col error: 0.000000
Starting Iterative Proportional Fitting (IPF)...
IPF converged at iteration 40
Starting Iterative Proportional Fitting (IPF)...
IPF row error: 22.658480, col error: 0.000000
Starting Iterative Proportional Fitting (IPF)...
IPF converged at iteration 40
IPF row error: 22.658480, col error: 0.000000
IPF converged at iteration 40
IPF row error: 22.658480, col error: 0.000000
Starting Iterative Proportional Fitting (IPF)...
IPF converged at iteration 40
IPF row error: 22.658480, col error: 0.000000
Starting Iterative Proportional Fitting (IPF)...
IPF converged at iteration 40
IPF row error: 22.658480, col error: 0.000000
  [2023/val] 진행 120/750 (16.0%) | 누적 CPC 0.5345 | RMSE 481.5705 | %RMSE 9.5407 | 경과 1.6분 | 예상 남음 8.3분
Starting Iterative Proportional Fitting (IPF)...
Starting Iterative Proportional Fitting (IPF)...
IPF converged at iteration 40
IPF row error: 22.658480, col error: 0.000000
IPF converged at iteration 40
IPF row error: 22.658480, col error: 0.000000
Starting Iterative Proportional Fitting (IPF)...
IPF converged at iteration 40
Starting Iterative Proportional Fitting (IPF)...
IPF row error: 22.658480, col error: 0.000000
IPF converged at iteration 40
IPF row error: 22.658480, col error: 0.000000
Starting Iterative Proportional Fitting (IPF)...
Starting Iterative Proportional Fitting (IPF)...
IPF converged at iteration 40
IPF row error: 22.658480, col error: 0.000000
IPF converged at iteration 40
IPF row error: 22.658480, col error: 0.000000
Starting Iterative Proportional Fitting (IPF)...
IPF converged at iteration 40
IPF row error: 22.658480, col error: 0.000000
Starting Iterative Proportional Fitting (IPF)...
IPF converged at iteration 40
Starting Iterative Proportional Fitting (IPF)...
IPF row error: 22.658480, col error: 0.000000
Starting Iterative Proportional Fitting (IPF)...
IPF converged at iteration 40
IPF row error: 22.658480, col error: 0.000000
IPF converged at iteration 40
IPF row error: 22.658480, col error: 0.000000
Starting Iterative Proportional Fitting (IPF)...
IPF converged at iteration 40
IPF row error: 22.658480, col error: 0.000000
Starting Iterative Proportional Fitting (IPF)...
IPF converged at iteration 40
Starting Iterative Proportional Fitting (IPF)...
IPF row error: 22.658480, col error: 0.000000
Starting Iterative Proportional Fitting (IPF)...
IPF converged at iteration 40
IPF row error: 22.658480, col error: 0.000000
IPF converged at iteration 40
IPF row error: 22.658480, col error: 0.000000
Starting Iterative Proportional Fitting (IPF)...
IPF converged at iteration 40
IPF row error: 22.658480, col error: 0.000000
Starting Iterative Proportional Fitting (IPF)...
IPF converged at iteration 40
Starting Iterative Proportional Fitting (IPF)...
IPF row error: 22.658480, col error: 0.000000
Starting Iterative Proportional Fitting (IPF)...
IPF converged at iteration 40
IPF row error: 22.658480, col error: 0.000000
IPF converged at iteration 40
IPF row error: 22.658480, col error: 0.000000
Starting Iterative Proportional Fitting (IPF)...
IPF converged at iteration 40
IPF row error: 22.658480, col error: 0.000000
Starting Iterative Proportional Fitting (IPF)...
IPF converged at iteration 40
Starting Iterative Proportional Fitting (IPF)...
IPF row error: 22.658480, col error: 0.000000
Starting Iterative Proportional Fitting (IPF)...
IPF converged at iteration 40
IPF row error: 22.658480, col error: 0.000000
IPF converged at iteration 40
IPF row error: 22.658480, col error: 0.000000
Starting Iterative Proportional Fitting (IPF)...
IPF converged at iteration 40
IPF row error: 22.658480, col error: 0.000000
Starting Iterative Proportional Fitting (IPF)...
Starting Iterative Proportional Fitting (IPF)...
IPF converged at iteration 40
IPF row error: 22.658480, col error: 0.000000
Starting Iterative Proportional Fitting (IPF)...
IPF converged at iteration 40
IPF row error: 22.658480, col error: 0.000000
IPF converged at iteration 40
IPF row error: 22.658480, col error: 0.000000
Starting Iterative Proportional Fitting (IPF)...
IPF converged at iteration 40
Starting Iterative Proportional Fitting (IPF)...
IPF row error: 22.658480, col error: 0.000000
Starting Iterative Proportional Fitting (IPF)...
IPF converged at iteration 40
IPF row error: 22.658480, col error: 0.000000
Starting Iterative Proportional Fitting (IPF)...
IPF converged at iteration 24
IPF row error: 21.972684, col error: 0.000000
Starting Iterative Proportional Fitting (IPF)...
IPF converged at iteration 40
IPF row error: 22.658480, col error: 0.000000
  [2023/val] 진행 150/750 (20.0%) | 누적 CPC 0.5222 | RMSE 488.9395 | %RMSE 10.4647 | 경과 2.0분 | 예상 남음 7.9분
IPF converged at iteration 40
IPF row error: 22.658480, col error: 0.000000
Starting Iterative Proportional Fitting (IPF)...
Starting Iterative Proportional Fitting (IPF)...
IPF converged at iteration 40
IPF row error: 22.450829, col error: 0.000000
Starting Iterative Proportional Fitting (IPF)...
IPF converged at iteration 26
IPF row error: 22.241086, col error: 0.000000
Starting Iterative Proportional Fitting (IPF)...
IPF converged at iteration 40
IPF row error: 22.450829, col error: 0.000000
Starting Iterative Proportional Fitting (IPF)...
IPF converged at iteration 45
IPF row error: 20.702749, col error: 0.000000
Starting Iterative Proportional Fitting (IPF)...
IPF converged at iteration 33
IPF row error: 23.531078, col error: 0.000000
Starting Iterative Proportional Fitting (IPF)...
IPF converged at iteration 36
IPF converged at iteration 83
IPF row error: 19.349924, col error: 0.000000
IPF row error: 23.167454, col error: 0.000000
IPF converged at iteration 52
IPF row error: 20.668171, col error: 0.000000
Starting Iterative Proportional Fitting (IPF)...
Starting Iterative Proportional Fitting (IPF)...
Starting Iterative Proportional Fitting (IPF)...
IPF converged at iteration 62
IPF row error: 21.878217, col error: 0.000000
Starting Iterative Proportional Fitting (IPF)...
IPF converged at iteration 40
IPF row error: 22.450829, col error: 0.000000
Starting Iterative Proportional Fitting (IPF)...
IPF converged at iteration 24
IPF row error: 20.601145, col error: 0.000000
IPF converged at iteration 44
IPF row error: 20.886304, col error: 0.000000
Starting Iterative Proportional Fitting (IPF)...
Starting Iterative Proportional Fitting (IPF)...
IPF converged at iteration 60
IPF row error: 20.787785, col error: 0.000000
Starting Iterative Proportional Fitting (IPF)...
IPF converged at iteration 26
IPF row error: 17.459457, col error: 0.000000
Starting Iterative Proportional Fitting (IPF)...
IPF converged at iteration 26
IPF row error: 18.406527, col error: 0.000000
Starting Iterative Proportional Fitting (IPF)...
IPF converged at iteration 40
IPF row error: 22.450829, col error: 0.000000
IPF converged at iteration 27
IPF row error: 20.113396, col error: 0.000000
Starting Iterative Proportional Fitting (IPF)...
Starting Iterative Proportional Fitting (IPF)...
IPF converged at iteration 30
IPF row error: 20.483060, col error: 0.000000
Starting Iterative Proportional Fitting (IPF)...
IPF converged at iteration 45
IPF row error: 21.099486, col error: 0.000000
IPF converged at iteration 27
IPF row error: 21.781875, col error: 0.000000
Starting Iterative Proportional Fitting (IPF)...
Starting Iterative Proportional Fitting (IPF)...
IPF converged at iteration 40
IPF row error: 22.450829, col error: 0.000000
Starting Iterative Proportional Fitting (IPF)...
IPF converged at iteration 24
IPF row error: 20.745087, col error: 0.000000
Starting Iterative Proportional Fitting (IPF)...
IPF converged at iteration 28
IPF row error: 20.064621, col error: 0.000000
Starting Iterative Proportional Fitting (IPF)...
IPF converged at iteration 26
IPF row error: 21.271688, col error: 0.000000
Starting Iterative Proportional Fitting (IPF)...
IPF converged at iteration 51
IPF row error: 21.091983, col error: 0.000000
IPF converged at iteration 38
IPF row error: 22.298251, col error: 0.000000
Starting Iterative Proportional Fitting (IPF)...
Starting Iterative Proportional Fitting (IPF)...
IPF converged at iteration 44
IPF converged at iteration 26
IPF row error: 20.658421, col error: 0.000000
IPF row error: 20.145707, col error: 0.000000
Starting Iterative Proportional Fitting (IPF)...
Starting Iterative Proportional Fitting (IPF)...
IPF converged at iteration 26
IPF row error: 21.762429, col error: 0.000000
  [2023/val] 진행 180/750 (24.0%) | 누적 CPC 0.5280 | RMSE 493.4437 | %RMSE 10.1893 | 경과 2.3분 | 예상 남음 7.4분
IPF converged at iteration 33
Starting Iterative Proportional Fitting (IPF)...
IPF row error: 19.205017, col error: 0.000000
Starting Iterative Proportional Fitting (IPF)...
IPF converged at iteration 24
IPF row error: 20.684761, col error: 0.000000
Starting Iterative Proportional Fitting (IPF)...
IPF converged at iteration 28
IPF row error: 20.435307, col error: 0.000000
Starting Iterative Proportional Fitting (IPF)...
IPF converged at iteration 40
IPF row error: 22.450829, col error: 0.000000
Starting Iterative Proportional Fitting (IPF)...
IPF converged at iteration 38
IPF row error: 21.823841, col error: 0.000000
Starting Iterative Proportional Fitting (IPF)...
IPF converged at iteration 26
IPF row error: 18.994054, col error: 0.000000
IPF converged at iteration 40
Starting Iterative Proportional Fitting (IPF)...
IPF row error: 22.450829, col error: 0.000000
Starting Iterative Proportional Fitting (IPF)...
IPF converged at iteration 40
IPF row error: 22.450829, col error: 0.000000
Starting Iterative Proportional Fitting (IPF)...
IPF converged at iteration 27
IPF row error: 17.474513, col error: 0.000000
Starting Iterative Proportional Fitting (IPF)...
IPF converged at iteration 40
IPF row error: 22.450829, col error: 0.000000
Starting Iterative Proportional Fitting (IPF)...
IPF converged at iteration 27
IPF row error: 22.085499, col error: 0.000000
Starting Iterative Proportional Fitting (IPF)...
IPF converged at iteration 73
IPF row error: 21.654282, col error: 0.000000
Starting Iterative Proportional Fitting (IPF)...
IPF converged at iteration 40
IPF row error: 22.450829, col error: 0.000000
Starting Iterative Proportional Fitting (IPF)...
IPF converged at iteration 40
IPF row error: 22.450829, col error: 0.000000
Starting Iterative Proportional Fitting (IPF)...
IPF converged at iteration 40
IPF row error: 22.450829, col error: 0.000000
Starting Iterative Proportional Fitting (IPF)...
IPF converged at iteration 73
IPF row error: 22.674156, col error: 0.000000
Starting Iterative Proportional Fitting (IPF)...
IPF converged at iteration 27
IPF row error: 19.547511, col error: 0.000000
Starting Iterative Proportional Fitting (IPF)...
IPF converged at iteration 40
IPF row error: 22.450829, col error: 0.000000
Starting Iterative Proportional Fitting (IPF)...
IPF converged at iteration 40
IPF row error: 22.450829, col error: 0.000000
Starting Iterative Proportional Fitting (IPF)...
IPF converged at iteration 40
IPF row error: 22.450829, col error: 0.000000
Starting Iterative Proportional Fitting (IPF)...
IPF converged at iteration 40
IPF row error: 22.267979, col error: 0.000000
Starting Iterative Proportional Fitting (IPF)...
IPF converged at iteration 27
IPF row error: 23.229304, col error: 0.000000
Starting Iterative Proportional Fitting (IPF)...
IPF converged at iteration 40
IPF row error: 22.267979, col error: 0.000000
IPF converged at iteration 49
IPF row error: 20.914245, col error: 0.000000
Starting Iterative Proportional Fitting (IPF)...
Starting Iterative Proportional Fitting (IPF)...
IPF converged at iteration 40
IPF row error: 22.267979, col error: 0.000000
Starting Iterative Proportional Fitting (IPF)...
IPF converged at iteration 26
IPF row error: 20.551644, col error: 0.000000
Starting Iterative Proportional Fitting (IPF)...
IPF converged at iteration 34
IPF row error: 21.709947, col error: 0.000000
IPF converged at iteration 40
IPF row error: 22.267979, col error: 0.000000
Starting Iterative Proportional Fitting (IPF)...
Starting Iterative Proportional Fitting (IPF)...
IPF converged at iteration 40
IPF row error: 22.267979, col error: 0.000000
IPF converged at iteration 27
IPF row error: 20.318155, col error: 0.000000
  [2023/val] 진행 210/750 (28.0%) | 누적 CPC 0.5311 | RMSE 492.8375 | %RMSE 9.9548 | 경과 2.7분 | 예상 남음 7.0분
Starting Iterative Proportional Fitting (IPF)...
Starting Iterative Proportional Fitting (IPF)...
IPF converged at iteration 28
IPF row error: 17.874837, col error: 0.000000
Starting Iterative Proportional Fitting (IPF)...
IPF converged at iteration 40
IPF row error: 22.267979, col error: 0.000000
IPF converged at iteration 24
Starting Iterative Proportional Fitting (IPF)...
IPF row error: 20.533259, col error: 0.000000
Starting Iterative Proportional Fitting (IPF)...
IPF converged at iteration 27
IPF row error: 17.338881, col error: 0.000000
Starting Iterative Proportional Fitting (IPF)...
IPF converged at iteration 40
IPF row error: 22.267979, col error: 0.000000
Starting Iterative Proportional Fitting (IPF)...
IPF converged at iteration 40
IPF row error: 22.267979, col error: 0.000000
Starting Iterative Proportional Fitting (IPF)...
IPF converged at iteration 40
IPF row error: 22.267979, col error: 0.000000
Starting Iterative Proportional Fitting (IPF)...
IPF converged at iteration 40
IPF row error: 22.267979, col error: 0.000000
Starting Iterative Proportional Fitting (IPF)...
IPF converged at iteration 40
IPF row error: 22.267979, col error: 0.000000
Starting Iterative Proportional Fitting (IPF)...
IPF converged at iteration 40
IPF row error: 22.267979, col error: 0.000000
Starting Iterative Proportional Fitting (IPF)...
IPF converged at iteration 41
IPF row error: 20.095481, col error: 0.000000
Starting Iterative Proportional Fitting (IPF)...
IPF converged at iteration 43
IPF row error: 23.687532, col error: 0.000000
IPF converged at iteration 40
IPF row error: 22.267979, col error: 0.000000
Starting Iterative Proportional Fitting (IPF)...
Starting Iterative Proportional Fitting (IPF)...
IPF converged at iteration 40
IPF row error: 22.267979, col error: 0.000000
Starting Iterative Proportional Fitting (IPF)...
IPF converged at iteration 40
IPF row error: 22.267979, col error: 0.000000
Starting Iterative Proportional Fitting (IPF)...
IPF converged at iteration 40
IPF row error: 22.267979, col error: 0.000000
Starting Iterative Proportional Fitting (IPF)...
IPF converged at iteration 32
IPF row error: 21.497142, col error: 0.000000
IPF converged at iteration 40
IPF row error: 22.267979, col error: 0.000000
Starting Iterative Proportional Fitting (IPF)...
IPF converged at iteration 67
Starting Iterative Proportional Fitting (IPF)...
IPF row error: 23.293356, col error: 0.000000
Starting Iterative Proportional Fitting (IPF)...
IPF converged at iteration 27
IPF row error: 21.013754, col error: 0.000000
Starting Iterative Proportional Fitting (IPF)...
IPF converged at iteration 35
IPF row error: 21.660819, col error: 0.000000
IPF converged at iteration 32
IPF row error: 19.876164, col error: 0.000000
IPF converged at iteration 26
IPF row error: 19.387793, col error: 0.000000
Starting Iterative Proportional Fitting (IPF)...
IPF converged at iteration 39
IPF row error: 22.284863, col error: 0.000000
Starting Iterative Proportional Fitting (IPF)...
Starting Iterative Proportional Fitting (IPF)...
Starting Iterative Proportional Fitting (IPF)...
IPF converged at iteration 26
IPF row error: 22.773721, col error: 0.000000
IPF converged at iteration 25
IPF row error: 23.019077, col error: 0.000000
Starting Iterative Proportional Fitting (IPF)...
Starting Iterative Proportional Fitting (IPF)...
IPF converged at iteration 27
IPF row error: 20.793432, col error: 0.000000
Starting Iterative Proportional Fitting (IPF)...
IPF converged at iteration 40
IPF row error: 22.267979, col error: 0.000000
Starting Iterative Proportional Fitting (IPF)...
IPF converged at iteration 40IPF converged at iteration 40

IPF row error: 22.267979, col error: 0.000000
IPF row error: 22.267979, col error: 0.000000
  [2023/val] 진행 240/750 (32.0%) | 누적 CPC 0.5316 | RMSE 485.7074 | %RMSE 9.7744 | 경과 3.1분 | 예상 남음 6.6분
Starting Iterative Proportional Fitting (IPF)...
Starting Iterative Proportional Fitting (IPF)...
IPF converged at iteration 40
IPF row error: 22.267979, col error: 0.000000
Starting Iterative Proportional Fitting (IPF)...
IPF converged at iteration 40
IPF row error: 22.267979, col error: 0.000000
Starting Iterative Proportional Fitting (IPF)...
IPF converged at iteration 30
IPF row error: 21.562019, col error: 0.000000
IPF converged at iteration 26
IPF row error: 19.360232, col error: 0.000000
Starting Iterative Proportional Fitting (IPF)...
Starting Iterative Proportional Fitting (IPF)...
IPF converged at iteration 40
IPF row error: 22.267979, col error: 0.000000
Starting Iterative Proportional Fitting (IPF)...
IPF converged at iteration 40
IPF row error: 22.267979, col error: 0.000000
IPF converged at iteration 24
IPF row error: 22.722845, col error: 0.000000
Starting Iterative Proportional Fitting (IPF)...
Starting Iterative Proportional Fitting (IPF)...
IPF converged at iteration 40
IPF row error: 22.267979, col error: 0.000000
Starting Iterative Proportional Fitting (IPF)...
IPF converged at iteration 40
IPF converged at iteration 24
IPF row error: 22.267979, col error: 0.000000
IPF row error: 19.087977, col error: 0.000000
Starting Iterative Proportional Fitting (IPF)...
Starting Iterative Proportional Fitting (IPF)...
IPF converged at iteration 40
IPF row error: 22.658480, col error: 0.000000
Starting Iterative Proportional Fitting (IPF)...
IPF converged at iteration 29
IPF row error: 22.745727, col error: 0.000000
IPF converged at iteration 32
IPF row error: 21.856144, col error: 0.000000
Starting Iterative Proportional Fitting (IPF)...
Starting Iterative Proportional Fitting (IPF)...
IPF converged at iteration 29
IPF row error: 20.133304, col error: 0.000000
Starting Iterative Proportional Fitting (IPF)...
IPF converged at iteration 61
IPF row error: 23.516652, col error: 0.000000
Starting Iterative Proportional Fitting (IPF)...
IPF converged at iteration 40
IPF row error: 22.658480, col error: 0.000000
IPF converged at iteration 40
IPF row error: 22.658480, col error: 0.000000
Starting Iterative Proportional Fitting (IPF)...
Starting Iterative Proportional Fitting (IPF)...
IPF converged at iteration 40
IPF row error: 22.658480, col error: 0.000000
Starting Iterative Proportional Fitting (IPF)...
IPF converged at iteration 40
IPF row error: 22.658480, col error: 0.000000
Starting Iterative Proportional Fitting (IPF)...
IPF converged at iteration 28
IPF row error: 18.113523, col error: 0.000000
Starting Iterative Proportional Fitting (IPF)...
IPF converged at iteration 38
IPF row error: 21.547998, col error: 0.000000
Starting Iterative Proportional Fitting (IPF)...
IPF converged at iteration 26
IPF row error: 22.108273, col error: 0.000000
Starting Iterative Proportional Fitting (IPF)...
IPF converged at iteration 40
IPF row error: 22.658480, col error: 0.000000
IPF converged at iteration 26
IPF row error: 19.911753, col error: 0.000000
Starting Iterative Proportional Fitting (IPF)...
Starting Iterative Proportional Fitting (IPF)...
IPF converged at iteration 24
IPF row error: 22.534544, col error: 0.000000
IPF converged at iteration 44
Starting Iterative Proportional Fitting (IPF)...
IPF row error: 22.719378, col error: 0.000000
IPF converged at iteration 40
IPF row error: 22.658480, col error: 0.000000
Starting Iterative Proportional Fitting (IPF)...
Starting Iterative Proportional Fitting (IPF)...
IPF converged at iteration 40
IPF row error: 22.658480, col error: 0.000000
Starting Iterative Proportional Fitting (IPF)...
IPF converged at iteration 24
IPF row error: 22.983876, col error: 0.000000
Starting Iterative Proportional Fitting (IPF)...
IPF converged at iteration 27
IPF row error: 20.165201, col error: 0.000000
  [2023/val] 진행 270/750 (36.0%) | 누적 CPC 0.5269 | RMSE 488.0209 | %RMSE 10.1068 | 경과 3.4분 | 예상 남음 6.1분
Starting Iterative Proportional Fitting (IPF)...
IPF converged at iteration 40
IPF row error: 22.658480, col error: 0.000000
Starting Iterative Proportional Fitting (IPF)...
IPF converged at iteration 40
IPF row error: 22.658480, col error: 0.000000
Starting Iterative Proportional Fitting (IPF)...
IPF converged at iteration 40
IPF row error: 22.658480, col error: 0.000000
Starting Iterative Proportional Fitting (IPF)...
IPF converged at iteration 40
IPF row error: 22.658480, col error: 0.000000
Starting Iterative Proportional Fitting (IPF)...
IPF converged at iteration 24
IPF row error: 18.733355, col error: 0.000000
Starting Iterative Proportional Fitting (IPF)...
IPF converged at iteration 40
IPF row error: 22.658480, col error: 0.000000
Starting Iterative Proportional Fitting (IPF)...
IPF converged at iteration 40
IPF row error: 22.658480, col error: 0.000000
Starting Iterative Proportional Fitting (IPF)...
IPF converged at iteration 30
IPF row error: 18.717284, col error: 0.000000
Starting Iterative Proportional Fitting (IPF)...
IPF converged at iteration 40
IPF row error: 22.658480, col error: 0.000000
Starting Iterative Proportional Fitting (IPF)...
IPF converged at iteration 40
IPF row error: 22.658480, col error: 0.000000
Starting Iterative Proportional Fitting (IPF)...
IPF converged at iteration 35
IPF row error: 20.666312, col error: 0.000000
Starting Iterative Proportional Fitting (IPF)...
IPF converged at iteration 40
IPF row error: 22.658480, col error: 0.000000
IPF converged at iteration 40
Starting Iterative Proportional Fitting (IPF)...
IPF row error: 22.055186, col error: 0.000000
Starting Iterative Proportional Fitting (IPF)...
IPF converged at iteration 27
IPF row error: 22.900739, col error: 0.000000
Starting Iterative Proportional Fitting (IPF)...
IPF converged at iteration 54
IPF row error: 23.233279, col error: 0.000000
Starting Iterative Proportional Fitting (IPF)...
IPF converged at iteration 27
IPF row error: 18.334133, col error: 0.000000
Starting Iterative Proportional Fitting (IPF)...
IPF converged at iteration 40
IPF row error: 22.658480, col error: 0.000000
Starting Iterative Proportional Fitting (IPF)...
IPF converged at iteration 40
IPF row error: 22.658480, col error: 0.000000
IPF converged at iteration 26
IPF row error: 19.718410, col error: 0.000000
Starting Iterative Proportional Fitting (IPF)...
Starting Iterative Proportional Fitting (IPF)...
IPF converged at iteration 40
IPF row error: 22.658480, col error: 0.000000
Starting Iterative Proportional Fitting (IPF)...
IPF converged at iteration 40
IPF row error: 22.658480, col error: 0.000000
Starting Iterative Proportional Fitting (IPF)...
IPF converged at iteration 40
IPF row error: 22.658480, col error: 0.000000
IPF converged at iteration 40
IPF row error: 22.658480, col error: 0.000000
Starting Iterative Proportional Fitting (IPF)...
Starting Iterative Proportional Fitting (IPF)...
IPF converged at iteration 40
IPF row error: 22.658480, col error: 0.000000
IPF converged at iteration 26
IPF row error: 22.436192, col error: 0.000000
Starting Iterative Proportional Fitting (IPF)...
Starting Iterative Proportional Fitting (IPF)...
IPF converged at iteration 29
IPF row error: 21.736618, col error: 0.000000
Starting Iterative Proportional Fitting (IPF)...
IPF converged at iteration 26
IPF row error: 18.628030, col error: 0.000000
Starting Iterative Proportional Fitting (IPF)...
IPF converged at iteration 40
IPF row error: 22.658480, col error: 0.000000
Starting Iterative Proportional Fitting (IPF)...
IPF converged at iteration 40
IPF row error: 22.658480, col error: 0.000000
Starting Iterative Proportional Fitting (IPF)...
IPF converged at iteration 28
IPF row error: 21.631760, col error: 0.000000
  [2023/val] 진행 300/750 (40.0%) | 누적 CPC 0.5211 | RMSE 491.8642 | %RMSE 10.5487 | 경과 3.8분 | 예상 남음 5.7분
Starting Iterative Proportional Fitting (IPF)...
IPF converged at iteration 24
IPF row error: 22.850935, col error: 0.000000
Starting Iterative Proportional Fitting (IPF)...
IPF converged at iteration 51
IPF row error: 23.309392, col error: 0.000000
Starting Iterative Proportional Fitting (IPF)...
IPF converged at iteration 25
IPF row error: 20.809960, col error: 0.000000
IPF converged at iteration 82
Starting Iterative Proportional Fitting (IPF)...
IPF row error: 22.752914, col error: 0.000000
Starting Iterative Proportional Fitting (IPF)...
IPF converged at iteration 82
IPF row error: 23.326766, col error: 0.000000
Starting Iterative Proportional Fitting (IPF)...
IPF converged at iteration 82
IPF row error: 23.303542, col error: 0.000000
Starting Iterative Proportional Fitting (IPF)...
IPF converged at iteration 59
IPF converged at iteration 76
IPF row error: 22.026223, col error: 0.000000
IPF row error: 21.338027, col error: 0.000000
Starting Iterative Proportional Fitting (IPF)...
Starting Iterative Proportional Fitting (IPF)...
IPF converged at iteration 83
IPF row error: 21.684873, col error: 0.000000
Starting Iterative Proportional Fitting (IPF)...
IPF converged at iteration 25
IPF row error: 22.710622, col error: 0.000000
IPF converged at iteration 27
IPF row error: 21.177918, col error: 0.000000
Starting Iterative Proportional Fitting (IPF)...
Starting Iterative Proportional Fitting (IPF)...
IPF converged at iteration 75
IPF row error: 22.995698, col error: 0.000000
Starting Iterative Proportional Fitting (IPF)...
IPF converged at iteration 52
IPF row error: 20.878865, col error: 0.000000
Starting Iterative Proportional Fitting (IPF)...
IPF converged at iteration 75
IPF row error: 23.314058, col error: 0.000000
IPF converged at iteration 26
Starting Iterative Proportional Fitting (IPF)...
IPF row error: 18.895597, col error: 0.000000
Starting Iterative Proportional Fitting (IPF)...
IPF converged at iteration 82
IPF row error: 21.460567, col error: 0.000000
Starting Iterative Proportional Fitting (IPF)...
IPF converged at iteration 28
IPF row error: 21.052368, col error: 0.000000
Starting Iterative Proportional Fitting (IPF)...
IPF converged at iteration 41
IPF row error: 20.165517, col error: 0.000000
Starting Iterative Proportional Fitting (IPF)...
IPF converged at iteration 83
IPF row error: 21.639797, col error: 0.000000
Starting Iterative Proportional Fitting (IPF)...
IPF converged at iteration 82
IPF row error: 22.441263, col error: 0.000000
Starting Iterative Proportional Fitting (IPF)...
IPF converged at iteration 83
IPF row error: 21.798314, col error: 0.000000
IPF converged at iteration 35
Starting Iterative Proportional Fitting (IPF)...
IPF row error: 23.236285, col error: 0.000000
IPF converged at iteration 82
IPF row error: 23.086178, col error: 0.000000
Starting Iterative Proportional Fitting (IPF)...
Starting Iterative Proportional Fitting (IPF)...
IPF converged at iteration 28
IPF row error: 23.481734, col error: 0.000000
Starting Iterative Proportional Fitting (IPF)...
IPF converged at iteration 24
IPF row error: 20.301143, col error: 0.000000
Starting Iterative Proportional Fitting (IPF)...
IPF converged at iteration 50
IPF row error: 20.708456, col error: 0.000000
Starting Iterative Proportional Fitting (IPF)...
IPF converged at iteration 28
IPF row error: 31.778075, col error: 0.000000
Starting Iterative Proportional Fitting (IPF)...
IPF converged at iteration 76
IPF row error: 21.772820, col error: 0.000000
Starting Iterative Proportional Fitting (IPF)...
IPF converged at iteration 24
IPF row error: 20.929061, col error: 0.000000
Starting Iterative Proportional Fitting (IPF)...
IPF converged at iteration 91
IPF row error: 22.778441, col error: 0.000000
  [2023/val] 진행 330/750 (44.0%) | 누적 CPC 0.5097 | RMSE 532.1868 | %RMSE 10.7205 | 경과 4.3분 | 예상 남음 5.5분
Starting Iterative Proportional Fitting (IPF)...
IPF converged at iteration 75
IPF row error: 23.283629, col error: 0.000000
Starting Iterative Proportional Fitting (IPF)...
IPF converged at iteration 26
IPF row error: 17.226439, col error: 0.000000
Starting Iterative Proportional Fitting (IPF)...
IPF converged at iteration 83
IPF row error: 21.560502, col error: 0.000000
Starting Iterative Proportional Fitting (IPF)...
IPF converged at iteration 83
IPF row error: 21.880326, col error: 0.000000
IPF converged at iteration 25
IPF row error: 17.504594, col error: 0.000000
Starting Iterative Proportional Fitting (IPF)...
Starting Iterative Proportional Fitting (IPF)...
IPF converged at iteration 39
IPF row error: 19.602858, col error: 0.000000
Starting Iterative Proportional Fitting (IPF)...
IPF converged at iteration 26
IPF row error: 18.937408, col error: 0.000000
Starting Iterative Proportional Fitting (IPF)...
IPF converged at iteration 24
IPF row error: 19.675735, col error: 0.000000
Starting Iterative Proportional Fitting (IPF)...
IPF converged at iteration 40
IPF row error: 20.674721, col error: 0.000000
IPF converged at iteration 24
IPF row error: 18.081760, col error: 0.000000
Starting Iterative Proportional Fitting (IPF)...
Starting Iterative Proportional Fitting (IPF)...
IPF converged at iteration 75
IPF row error: 21.856351, col error: 0.000000
IPF converged at iteration 83
IPF row error: 21.856874, col error: 0.000000
Starting Iterative Proportional Fitting (IPF)...
Starting Iterative Proportional Fitting (IPF)...
IPF converged at iteration 27
IPF row error: 17.738764, col error: 0.000000
Starting Iterative Proportional Fitting (IPF)...
IPF converged at iteration 25
IPF row error: 21.878436, col error: 0.000000
Starting Iterative Proportional Fitting (IPF)...
IPF converged at iteration 37
IPF row error: 21.233195, col error: 0.000000
Starting Iterative Proportional Fitting (IPF)...
IPF converged at iteration 90
IPF row error: 22.695189, col error: 0.000000
Starting Iterative Proportional Fitting (IPF)...
IPF converged at iteration 83
IPF row error: 21.560656, col error: 0.000000
IPF converged at iteration 81
IPF row error: 22.240921, col error: 0.000000
Starting Iterative Proportional Fitting (IPF)...
Starting Iterative Proportional Fitting (IPF)...
IPF converged at iteration 75
IPF row error: 21.638133, col error: 0.000000
Starting Iterative Proportional Fitting (IPF)...
IPF converged at iteration 32
IPF row error: 19.213312, col error: 0.000000
Starting Iterative Proportional Fitting (IPF)...
IPF converged at iteration 82
IPF row error: 22.122494, col error: 0.000000
IPF converged at iteration 82
IPF row error: 22.205822, col error: 0.000000
Starting Iterative Proportional Fitting (IPF)...
Starting Iterative Proportional Fitting (IPF)...
IPF converged at iteration 83
IPF row error: 21.584826, col error: 0.000000
IPF converged at iteration 82
IPF row error: 22.861118, col error: 0.000000
Starting Iterative Proportional Fitting (IPF)...
Starting Iterative Proportional Fitting (IPF)...
IPF converged at iteration 25
IPF row error: 17.770574, col error: 0.000000
Starting Iterative Proportional Fitting (IPF)...
IPF converged at iteration 75
IPF row error: 22.803075, col error: 0.000000
IPF converged at iteration 65
IPF row error: 21.893190, col error: 0.000000
Starting Iterative Proportional Fitting (IPF)...
Starting Iterative Proportional Fitting (IPF)...
IPF converged at iteration 73
IPF row error: 22.823500, col error: 0.000000
Starting Iterative Proportional Fitting (IPF)...
IPF converged at iteration 76
IPF row error: 21.309835, col error: 0.000000
IPF converged at iteration 25
IPF row error: 21.540600, col error: 0.000000
  [2023/val] 진행 360/750 (48.0%) | 누적 CPC 0.4955 | RMSE 569.0699 | %RMSE 10.9160 | 경과 4.9분 | 예상 남음 5.3분
Starting Iterative Proportional Fitting (IPF)...
Starting Iterative Proportional Fitting (IPF)...
IPF converged at iteration 52
IPF row error: 21.223464, col error: 0.000000
Starting Iterative Proportional Fitting (IPF)...
IPF converged at iteration 56
IPF row error: 23.076531, col error: 0.000000
IPF converged at iteration 29
IPF row error: 18.582222, col error: 0.000000
Starting Iterative Proportional Fitting (IPF)...
Starting Iterative Proportional Fitting (IPF)...
IPF converged at iteration 25
IPF row error: 19.111338, col error: 0.000000
Starting Iterative Proportional Fitting (IPF)...
IPF converged at iteration 29
IPF row error: 23.169007, col error: 0.000000
Starting Iterative Proportional Fitting (IPF)...
IPF converged at iteration 83
IPF row error: 22.524465, col error: 0.000000
IPF converged at iteration 24
Starting Iterative Proportional Fitting (IPF)...
IPF row error: 19.443347, col error: 0.000000
Starting Iterative Proportional Fitting (IPF)...
IPF converged at iteration 83
IPF row error: 21.566679, col error: 0.000000
IPF converged at iteration 26
IPF row error: 19.816548, col error: 0.000000
Starting Iterative Proportional Fitting (IPF)...
Starting Iterative Proportional Fitting (IPF)...
IPF converged at iteration 26
IPF row error: 20.016879, col error: 0.000000
Starting Iterative Proportional Fitting (IPF)...
IPF converged at iteration 83
IPF row error: 21.693708, col error: 0.000000
Starting Iterative Proportional Fitting (IPF)...
IPF converged at iteration 30
IPF row error: 23.572168, col error: 0.000000
IPF converged at iteration 26
IPF row error: 20.687661, col error: 0.000000
Starting Iterative Proportional Fitting (IPF)...
Starting Iterative Proportional Fitting (IPF)...
IPF converged at iteration 41
IPF row error: 21.492041, col error: 0.000000
Starting Iterative Proportional Fitting (IPF)...
IPF converged at iteration 31
IPF row error: 28.919691, col error: 0.000000
Starting Iterative Proportional Fitting (IPF)...
IPF converged at iteration 82
IPF row error: 22.205721, col error: 0.000000
Starting Iterative Proportional Fitting (IPF)...
IPF converged at iteration 82
IPF row error: 22.861385, col error: 0.000000
Starting Iterative Proportional Fitting (IPF)...
IPF converged at iteration 83
IPF row error: 21.558885, col error: 0.000000
Starting Iterative Proportional Fitting (IPF)...
IPF converged at iteration 83
IPF row error: 21.558090, col error: 0.000000
Starting Iterative Proportional Fitting (IPF)...
IPF converged at iteration 29
IPF row error: 19.110663, col error: 0.000000
Starting Iterative Proportional Fitting (IPF)...
IPF converged at iteration 83
IPF row error: 21.563732, col error: 0.000000
Starting Iterative Proportional Fitting (IPF)...
IPF converged at iteration 91
IPF row error: 21.795265, col error: 0.000000
Starting Iterative Proportional Fitting (IPF)...
IPF converged at iteration 83
IPF row error: 22.479346, col error: 0.000000
Starting Iterative Proportional Fitting (IPF)...
IPF converged at iteration 31
IPF row error: 20.211079, col error: 0.000000
Starting Iterative Proportional Fitting (IPF)...
IPF converged at iteration 34
IPF row error: 19.335622, col error: 0.000000
IPF converged at iteration 30
IPF row error: 20.724072, col error: 0.000000
Starting Iterative Proportional Fitting (IPF)...
Starting Iterative Proportional Fitting (IPF)...
IPF converged at iteration 71
IPF converged at iteration 29
IPF row error: 23.344658, col error: 0.000000
IPF row error: 18.361449, col error: 0.000000
Starting Iterative Proportional Fitting (IPF)...
Starting Iterative Proportional Fitting (IPF)...
IPF converged at iteration 27
IPF row error: 20.729240, col error: 0.000000
IPF converged at iteration 26
IPF row error: 17.913838, col error: 0.000000
  [2023/val] 진행 390/750 (52.0%) | 누적 CPC 0.4787 | RMSE 593.1732 | %RMSE 11.0278 | 경과 5.3분 | 예상 남음 4.9분
Starting Iterative Proportional Fitting (IPF)...
Starting Iterative Proportional Fitting (IPF)...
IPF converged at iteration 24
IPF row error: 22.440429, col error: 0.000000
IPF converged at iteration 25
IPF row error: 23.123965, col error: 0.000000
Starting Iterative Proportional Fitting (IPF)...
Starting Iterative Proportional Fitting (IPF)...
IPF converged at iteration 25
IPF row error: 18.341299, col error: 0.000000
IPF converged at iteration 26
IPF row error: 20.031494, col error: 0.000000
Starting Iterative Proportional Fitting (IPF)...
Starting Iterative Proportional Fitting (IPF)...
IPF converged at iteration 47
IPF row error: 21.652803, col error: 0.000000
IPF converged at iteration 26
IPF row error: 18.844122, col error: 0.000000
Starting Iterative Proportional Fitting (IPF)...
Starting Iterative Proportional Fitting (IPF)...
IPF converged at iteration 82
IPF row error: 22.075283, col error: 0.000000
Starting Iterative Proportional Fitting (IPF)...
IPF converged at iteration 34
IPF row error: 19.270834, col error: 0.000000
Starting Iterative Proportional Fitting (IPF)...
IPF converged at iteration 75
IPF row error: 22.665025, col error: 0.000000
Starting Iterative Proportional Fitting (IPF)...
IPF converged at iteration 83
IPF row error: 23.268500, col error: 0.000000
Starting Iterative Proportional Fitting (IPF)...
IPF converged at iteration 89
IPF converged at iteration 85
IPF row error: 23.152583, col error: 0.000000
IPF row error: 22.472633, col error: 0.000000
Starting Iterative Proportional Fitting (IPF)...
Starting Iterative Proportional Fitting (IPF)...
IPF converged at iteration 95
IPF row error: 23.258992, col error: 0.000000
Starting Iterative Proportional Fitting (IPF)...
IPF converged at iteration 32
IPF row error: 23.307598, col error: 0.000000
IPF converged at iteration 76
IPF row error: 23.324643, col error: 0.000000
Starting Iterative Proportional Fitting (IPF)...
Starting Iterative Proportional Fitting (IPF)...
IPF converged at iteration 86
IPF row error: 21.827239, col error: 0.000000
Starting Iterative Proportional Fitting (IPF)...
IPF converged at iteration 85
IPF row error: 22.154235, col error: 0.000000
Starting Iterative Proportional Fitting (IPF)...
IPF converged at iteration 86
IPF row error: 21.976546, col error: 0.000000
IPF converged at iteration 86
IPF row error: 22.944880, col error: 0.000000
Starting Iterative Proportional Fitting (IPF)...
Starting Iterative Proportional Fitting (IPF)...
IPF converged at iteration 39
IPF row error: 22.595666, col error: 0.000000
Starting Iterative Proportional Fitting (IPF)...
IPF converged at iteration 85
IPF row error: 22.582086, col error: 0.000000
Starting Iterative Proportional Fitting (IPF)...
IPF converged at iteration 95
IPF row error: 23.083004, col error: 0.000000
IPF converged at iteration 77
IPF row error: 23.231874, col error: 0.000000
Starting Iterative Proportional Fitting (IPF)...
Starting Iterative Proportional Fitting (IPF)...
IPF converged at iteration 26
IPF row error: 19.541917, col error: 0.000000
IPF converged at iteration 25
IPF row error: 21.042834, col error: 0.000000
Starting Iterative Proportional Fitting (IPF)...
Starting Iterative Proportional Fitting (IPF)...
IPF converged at iteration 76
IPF row error: 22.990184, col error: 0.000000
Starting Iterative Proportional Fitting (IPF)...
IPF converged at iteration 85
IPF row error: 22.435600, col error: 0.000000
IPF converged at iteration 27
IPF row error: 21.824781, col error: 0.000000
Starting Iterative Proportional Fitting (IPF)...
Starting Iterative Proportional Fitting (IPF)...
IPF converged at iteration 53
IPF row error: 20.584927, col error: 0.000000
Starting Iterative Proportional Fitting (IPF)...
IPF converged at iteration 85
IPF row error: 22.563128, col error: 0.000000
  [2023/val] 진행 420/750 (56.0%) | 누적 CPC 0.4664 | RMSE 607.7532 | %RMSE 11.3639 | 경과 5.9분 | 예상 남음 4.7분
Starting Iterative Proportional Fitting (IPF)...
IPF converged at iteration 79
IPF row error: 21.369228, col error: 0.000000
IPF converged at iteration 85
Starting Iterative Proportional Fitting (IPF)...
IPF row error: 22.422029, col error: 0.000000
IPF converged at iteration 27
IPF row error: 18.055145, col error: 0.000000
Starting Iterative Proportional Fitting (IPF)...
Starting Iterative Proportional Fitting (IPF)...
IPF converged at iteration 28
IPF row error: 21.476989, col error: 0.000000
Starting Iterative Proportional Fitting (IPF)...
IPF converged at iteration 77
IPF row error: 21.695081, col error: 0.000000
IPF converged at iteration 28
IPF row error: 18.956761, col error: 0.000000
Starting Iterative Proportional Fitting (IPF)...
Starting Iterative Proportional Fitting (IPF)...
IPF converged at iteration 25
IPF row error: 20.633459, col error: 0.000000
Starting Iterative Proportional Fitting (IPF)...
IPF converged at iteration 81
IPF row error: 21.783899, col error: 0.000000
Starting Iterative Proportional Fitting (IPF)...
IPF converged at iteration 85
IPF row error: 22.555325, col error: 0.000000
Starting Iterative Proportional Fitting (IPF)...
IPF converged at iteration 89
IPF row error: 22.186930, col error: 0.000000
Starting Iterative Proportional Fitting (IPF)...
IPF converged at iteration 85
IPF row error: 22.472633, col error: 0.000000
Starting Iterative Proportional Fitting (IPF)...
IPF converged at iteration 36
IPF row error: 20.539263, col error: 0.000000
Starting Iterative Proportional Fitting (IPF)...
IPF converged at iteration 85
IPF row error: 22.633852, col error: 0.000000
Starting Iterative Proportional Fitting (IPF)...
IPF converged at iteration 26
IPF row error: 23.059757, col error: 0.000000
Starting Iterative Proportional Fitting (IPF)...
IPF converged at iteration 77
IPF row error: 22.882805, col error: 0.000000
Starting Iterative Proportional Fitting (IPF)...
IPF converged at iteration 85
IPF row error: 22.194648, col error: 0.000000
Starting Iterative Proportional Fitting (IPF)...
IPF converged at iteration 85
IPF row error: 22.472938, col error: 0.000000
Starting Iterative Proportional Fitting (IPF)...
IPF converged at iteration 85
IPF row error: 22.154570, col error: 0.000000
Starting Iterative Proportional Fitting (IPF)...
IPF converged at iteration 81
IPF row error: 21.604585, col error: 0.000000
Starting Iterative Proportional Fitting (IPF)...
IPF converged at iteration 41
IPF row error: 19.714212, col error: 0.000000
Starting Iterative Proportional Fitting (IPF)...
IPF converged at iteration 86
IPF row error: 23.238792, col error: 0.000000
Starting Iterative Proportional Fitting (IPF)...
IPF converged at iteration 48
IPF converged at iteration 24
IPF row error: 21.994140, col error: 0.000000
IPF row error: 20.742828, col error: 0.000000
Starting Iterative Proportional Fitting (IPF)...
Starting Iterative Proportional Fitting (IPF)...
IPF converged at iteration 95
IPF row error: 23.047220, col error: 0.000000
Starting Iterative Proportional Fitting (IPF)...
IPF converged at iteration 49
IPF row error: 21.415845, col error: 0.000000
Starting Iterative Proportional Fitting (IPF)...
IPF converged at iteration 85
IPF row error: 22.535624, col error: 0.000000
Starting Iterative Proportional Fitting (IPF)...
IPF converged at iteration 84
IPF converged at iteration 83
IPF row error: 22.473353, col error: 0.000000
IPF row error: 23.082443, col error: 0.000000
Starting Iterative Proportional Fitting (IPF)...
Starting Iterative Proportional Fitting (IPF)...
IPF converged at iteration 86
IPF row error: 21.976261, col error: 0.000000
IPF converged at iteration 69
IPF row error: 21.421920, col error: 0.000000
  [2023/val] 진행 450/750 (60.0%) | 누적 CPC 0.4579 | RMSE 616.3688 | %RMSE 11.7151 | 경과 6.6분 | 예상 남음 4.4분
Starting Iterative Proportional Fitting (IPF)...
Starting Iterative Proportional Fitting (IPF)...
IPF converged at iteration 86
IPF row error: 21.831549, col error: 0.000000
Starting Iterative Proportional Fitting (IPF)...
IPF converged at iteration 88
IPF row error: 22.634633, col error: 0.000000
Starting Iterative Proportional Fitting (IPF)...
IPF converged at iteration 25
IPF row error: 19.473627, col error: 0.000000
Starting Iterative Proportional Fitting (IPF)...
IPF converged at iteration 28
IPF row error: 19.470104, col error: 0.000000
IPF converged at iteration 52
IPF row error: 22.309513, col error: 0.000000
Starting Iterative Proportional Fitting (IPF)...
Starting Iterative Proportional Fitting (IPF)...
IPF converged at iteration 86
IPF row error: 22.705186, col error: 0.000000
IPF converged at iteration 86
IPF row error: 22.705186, col error: 0.000000
Starting Iterative Proportional Fitting (IPF)...
Starting Iterative Proportional Fitting (IPF)...
IPF converged at iteration 25
IPF row error: 19.227728, col error: 0.000000
Starting Iterative Proportional Fitting (IPF)...
IPF converged at iteration 53
IPF row error: 21.950425, col error: 0.000000
Starting Iterative Proportional Fitting (IPF)...
IPF converged at iteration 26
IPF row error: 17.926749, col error: 0.000000
Starting Iterative Proportional Fitting (IPF)...
IPF converged at iteration 27
IPF converged at iteration 86
IPF row error: 21.323991, col error: 0.000000
IPF row error: 22.432951, col error: 0.000000
Starting Iterative Proportional Fitting (IPF)...
Starting Iterative Proportional Fitting (IPF)...
IPF converged at iteration 80
IPF row error: 21.634766, col error: 0.000000
Starting Iterative Proportional Fitting (IPF)...
IPF converged at iteration 27
IPF row error: 19.122087, col error: 0.000000
Starting Iterative Proportional Fitting (IPF)...
IPF converged at iteration 26
IPF row error: 23.165567, col error: 0.000000
Starting Iterative Proportional Fitting (IPF)...
IPF converged at iteration 32
IPF row error: 22.059359, col error: 0.000000
Starting Iterative Proportional Fitting (IPF)...
IPF converged at iteration 29
IPF row error: 19.079980, col error: 0.000000
Starting Iterative Proportional Fitting (IPF)...
IPF converged at iteration 25
IPF row error: 20.548060, col error: 0.000000
IPF converged at iteration 57
IPF row error: 21.370086, col error: 0.000000
Starting Iterative Proportional Fitting (IPF)...
Starting Iterative Proportional Fitting (IPF)...
IPF converged at iteration 27
IPF row error: 18.266062, col error: 0.000000
Starting Iterative Proportional Fitting (IPF)...
IPF converged at iteration 34
IPF row error: 19.399382, col error: 0.000000
Starting Iterative Proportional Fitting (IPF)...
IPF converged at iteration 26
IPF row error: 20.602592, col error: 0.000000
Starting Iterative Proportional Fitting (IPF)...
IPF converged at iteration 80
IPF row error: 21.525576, col error: 0.000000
Starting Iterative Proportional Fitting (IPF)...
IPF converged at iteration 40
IPF row error: 21.240080, col error: 0.000000
Starting Iterative Proportional Fitting (IPF)...
IPF converged at iteration 93
IPF row error: 22.929872, col error: 0.000000
Starting Iterative Proportional Fitting (IPF)...
IPF converged at iteration 26
IPF row error: 17.417661, col error: 0.000000
Starting Iterative Proportional Fitting (IPF)...
IPF converged at iteration 25
IPF row error: 17.788386, col error: 0.000000
Starting Iterative Proportional Fitting (IPF)...
IPF converged at iteration 93
IPF row error: 22.788527, col error: 0.000000
Starting Iterative Proportional Fitting (IPF)...
IPF converged at iteration 26
IPF row error: 22.190479, col error: 0.000000
IPF converged at iteration 80
IPF row error: 21.492945, col error: 0.000000Starting Iterative Proportional Fitting (IPF)...

  [2023/val] 진행 480/750 (64.0%) | 누적 CPC 0.4529 | RMSE 654.8459 | %RMSE 11.8954 | 경과 7.0분 | 예상 남음 3.9분
Starting Iterative Proportional Fitting (IPF)...
IPF converged at iteration 31
IPF row error: 20.781403, col error: 0.000000
Starting Iterative Proportional Fitting (IPF)...
IPF converged at iteration 45
IPF row error: 22.167683, col error: 0.000000
IPF converged at iteration 88
IPF row error: 21.536107, col error: 0.000000
Starting Iterative Proportional Fitting (IPF)...
Starting Iterative Proportional Fitting (IPF)...
IPF converged at iteration 25
IPF row error: 17.158745, col error: 0.000000
IPF converged at iteration 86
Starting Iterative Proportional Fitting (IPF)...
IPF row error: 22.840248, col error: 0.000000
Starting Iterative Proportional Fitting (IPF)...
IPF converged at iteration 26
IPF row error: 20.986192, col error: 0.000000
Starting Iterative Proportional Fitting (IPF)...
IPF converged at iteration 27
IPF row error: 22.339540, col error: 0.000000
Starting Iterative Proportional Fitting (IPF)...
IPF converged at iteration 26
IPF row error: 20.101867, col error: 0.000000
Starting Iterative Proportional Fitting (IPF)...
IPF converged at iteration 86
IPF row error: 21.764698, col error: 0.000000
Starting Iterative Proportional Fitting (IPF)...
IPF converged at iteration 28
IPF row error: 17.804267, col error: 0.000000
Starting Iterative Proportional Fitting (IPF)...
IPF converged at iteration 82
IPF row error: 21.438816, col error: 0.000000
Starting Iterative Proportional Fitting (IPF)...
IPF converged at iteration 86
IPF row error: 22.753363, col error: 0.000000
Starting Iterative Proportional Fitting (IPF)...
IPF converged at iteration 28
IPF row error: 21.907653, col error: 0.000000
Starting Iterative Proportional Fitting (IPF)...
IPF converged at iteration 86
IPF row error: 21.663865, col error: 0.000000
Starting Iterative Proportional Fitting (IPF)...
IPF converged at iteration 86
IPF row error: 22.673897, col error: 0.000000
Starting Iterative Proportional Fitting (IPF)...
IPF converged at iteration 86
IPF row error: 22.542430, col error: 0.000000
Starting Iterative Proportional Fitting (IPF)...
IPF converged at iteration 24
IPF row error: 21.922265, col error: 0.000000
Starting Iterative Proportional Fitting (IPF)...
IPF converged at iteration 26
IPF row error: 20.858261, col error: 0.000000
Starting Iterative Proportional Fitting (IPF)...
IPF converged at iteration 88
IPF row error: 22.348531, col error: 0.000000
Starting Iterative Proportional Fitting (IPF)...
IPF converged at iteration 86
IPF row error: 21.765000, col error: 0.000000
Starting Iterative Proportional Fitting (IPF)...
IPF converged at iteration 86
IPF row error: 22.705031, col error: 0.000000
Starting Iterative Proportional Fitting (IPF)...
IPF converged at iteration 29
IPF row error: 19.038749, col error: 0.000000
Starting Iterative Proportional Fitting (IPF)...
IPF converged at iteration 25
IPF row error: 19.771347, col error: 0.000000
Starting Iterative Proportional Fitting (IPF)...
IPF converged at iteration 88
IPF row error: 23.090252, col error: 0.000000
Starting Iterative Proportional Fitting (IPF)...
IPF converged at iteration 94
IPF row error: 22.293213, col error: 0.000000
Starting Iterative Proportional Fitting (IPF)...
IPF converged at iteration 89
IPF row error: 22.072465, col error: 0.000000
Starting Iterative Proportional Fitting (IPF)...
IPF converged at iteration 94
IPF row error: 22.293213, col error: 0.000000
Starting Iterative Proportional Fitting (IPF)...
IPF converged at iteration 89
IPF row error: 22.072465, col error: 0.000000
Starting Iterative Proportional Fitting (IPF)...
IPF converged at iteration 26
IPF row error: 21.081831, col error: 0.000000
Starting Iterative Proportional Fitting (IPF)...
IPF converged at iteration 89
IPF row error: 22.072465, col error: 0.000000
  [2023/val] 진행 510/750 (68.0%) | 누적 CPC 0.4461 | RMSE 699.4936 | %RMSE 12.0564 | 경과 7.5분 | 예상 남음 3.6분
Starting Iterative Proportional Fitting (IPF)...
IPF converged at iteration 55
IPF row error: 21.991750, col error: 0.000000
Starting Iterative Proportional Fitting (IPF)...
IPF converged at iteration 88
IPF row error: 23.090252, col error: 0.000000
Starting Iterative Proportional Fitting (IPF)...
IPF converged at iteration 79
IPF row error: 22.816314, col error: 0.000000
Starting Iterative Proportional Fitting (IPF)...
IPF converged at iteration 26
IPF row error: 22.143580, col error: 0.000000
Starting Iterative Proportional Fitting (IPF)...
IPF converged at iteration 94
IPF row error: 22.293213, col error: 0.000000
Starting Iterative Proportional Fitting (IPF)...
IPF converged at iteration 27
IPF row error: 22.527160, col error: 0.000000
IPF converged at iteration 88
Starting Iterative Proportional Fitting (IPF)...
IPF row error: 22.728024, col error: 0.000000
Starting Iterative Proportional Fitting (IPF)...
IPF converged at iteration 89
IPF row error: 22.072465, col error: 0.000000
Starting Iterative Proportional Fitting (IPF)...
IPF converged at iteration 27
IPF row error: 18.256163, col error: 0.000000
Starting Iterative Proportional Fitting (IPF)...
IPF converged at iteration 93
IPF row error: 22.983539, col error: 0.000000
Starting Iterative Proportional Fitting (IPF)...
IPF converged at iteration 26
IPF row error: 17.656933, col error: 0.000000
Starting Iterative Proportional Fitting (IPF)...
IPF converged at iteration 52
IPF row error: 23.400224, col error: 0.000000
Starting Iterative Proportional Fitting (IPF)...
IPF converged at iteration 26
IPF row error: 20.641869, col error: 0.000000
Starting Iterative Proportional Fitting (IPF)...IPF converged at iteration 88

IPF row error: 23.090252, col error: 0.000000
IPF converged at iteration 25
IPF row error: 22.642339, col error: 0.000000
Starting Iterative Proportional Fitting (IPF)...
IPF converged at iteration 24
Starting Iterative Proportional Fitting (IPF)...
IPF row error: 21.542101, col error: 0.000000
Starting Iterative Proportional Fitting (IPF)...
IPF converged at iteration 26
IPF row error: 22.082734, col error: 0.000000
IPF converged at iteration 24
IPF row error: 22.626552, col error: 0.000000
Starting Iterative Proportional Fitting (IPF)...
Starting Iterative Proportional Fitting (IPF)...
IPF converged at iteration 24
IPF row error: 23.333123, col error: 0.000000
Starting Iterative Proportional Fitting (IPF)...
IPF converged at iteration 39
IPF row error: 19.741799, col error: 0.000000
Starting Iterative Proportional Fitting (IPF)...
IPF converged at iteration 88
IPF row error: 23.090252, col error: 0.000000
Starting Iterative Proportional Fitting (IPF)...
IPF converged at iteration 88
IPF converged at iteration 43
IPF row error: 23.478775, col error: 0.000000IPF row error: 23.090252, col error: 0.000000

Starting Iterative Proportional Fitting (IPF)...
Starting Iterative Proportional Fitting (IPF)...
IPF converged at iteration 89
IPF row error: 22.072465, col error: 0.000000
Starting Iterative Proportional Fitting (IPF)...
IPF converged at iteration 54
IPF row error: 21.677245, col error: 0.000000
Starting Iterative Proportional Fitting (IPF)...
IPF converged at iteration 78
IPF row error: 22.077681, col error: 0.000000
Starting Iterative Proportional Fitting (IPF)...
IPF converged at iteration 88
IPF row error: 23.090252, col error: 0.000000
Starting Iterative Proportional Fitting (IPF)...
IPF converged at iteration 88
IPF row error: 22.728024, col error: 0.000000
Starting Iterative Proportional Fitting (IPF)...
IPF converged at iteration 28
IPF row error: 20.165903, col error: 0.000000
Starting Iterative Proportional Fitting (IPF)...
IPF converged at iteration 27
IPF row error: 17.806115, col error: 0.000000
  [2023/val] 진행 540/750 (72.0%) | 누적 CPC 0.4350 | RMSE 751.5503 | %RMSE 12.2602 | 경과 8.1분 | 예상 남음 3.1분
Starting Iterative Proportional Fitting (IPF)...
IPF converged at iteration 94
IPF row error: 22.436799, col error: 0.000000
Starting Iterative Proportional Fitting (IPF)...
IPF converged at iteration 30
IPF row error: 20.303524, col error: 0.000000
IPF converged at iteration 25
IPF row error: 18.669313, col error: 0.000000
Starting Iterative Proportional Fitting (IPF)...
Starting Iterative Proportional Fitting (IPF)...
IPF converged at iteration 74
IPF row error: 22.660393, col error: 0.000000
Starting Iterative Proportional Fitting (IPF)...
IPF converged at iteration 24
IPF row error: 17.023794, col error: 0.000000
Starting Iterative Proportional Fitting (IPF)...
IPF converged at iteration 88
IPF row error: 23.090252, col error: 0.000000
Starting Iterative Proportional Fitting (IPF)...
IPF converged at iteration 34
IPF row error: 23.482888, col error: 0.000000
Starting Iterative Proportional Fitting (IPF)...
IPF converged at iteration 26
IPF row error: 21.478026, col error: 0.000000
Starting Iterative Proportional Fitting (IPF)...
IPF converged at iteration 88
IPF row error: 22.728024, col error: 0.000000
Starting Iterative Proportional Fitting (IPF)...
IPF converged at iteration 88
IPF row error: 23.090252, col error: 0.000000
Starting Iterative Proportional Fitting (IPF)...
IPF converged at iteration 90
IPF row error: 21.826756, col error: 0.000000
Starting Iterative Proportional Fitting (IPF)...
IPF converged at iteration 89
IPF row error: 23.030655, col error: 0.000000
Starting Iterative Proportional Fitting (IPF)...
IPF converged at iteration 89
IPF row error: 22.608374, col error: 0.000000
Starting Iterative Proportional Fitting (IPF)...
IPF converged at iteration 90
IPF row error: 21.658248, col error: 0.000000
Starting Iterative Proportional Fitting (IPF)...
IPF converged at iteration 97
IPF row error: 21.898878, col error: 0.000000
Starting Iterative Proportional Fitting (IPF)...
IPF converged at iteration 97
IPF row error: 22.672209, col error: 0.000000
IPF converged at iteration 83
IPF row error: 23.192343, col error: 0.000000
Starting Iterative Proportional Fitting (IPF)...
Starting Iterative Proportional Fitting (IPF)...
IPF converged at iteration 89
IPF row error: 22.887766, col error: 0.000000
Starting Iterative Proportional Fitting (IPF)...
IPF converged at iteration 31
IPF row error: 22.916437, col error: 0.000000
Starting Iterative Proportional Fitting (IPF)...
IPF converged at iteration 26
IPF row error: 19.048034, col error: 0.000000
Starting Iterative Proportional Fitting (IPF)...
IPF converged at iteration 89
IPF row error: 22.934996, col error: 0.000000
Starting Iterative Proportional Fitting (IPF)...
IPF converged at iteration 49
IPF row error: 23.356877, col error: 0.000000
Starting Iterative Proportional Fitting (IPF)...
IPF converged at iteration 97
IPF row error: 22.673979, col error: 0.000000
Starting Iterative Proportional Fitting (IPF)...
IPF converged at iteration 27
IPF row error: 17.349490, col error: 0.000000
Starting Iterative Proportional Fitting (IPF)...
IPF converged at iteration 57
IPF converged at iteration 25
IPF row error: 21.041746, col error: 0.000000
IPF row error: 16.811446, col error: 0.000000
Starting Iterative Proportional Fitting (IPF)...
Starting Iterative Proportional Fitting (IPF)...
IPF converged at iteration 27
IPF row error: 19.301191, col error: 0.000000
Starting Iterative Proportional Fitting (IPF)...
IPF converged at iteration 24
IPF row error: 21.967546, col error: 0.000000
Starting Iterative Proportional Fitting (IPF)...
IPF converged at iteration 36
IPF row error: 20.247215, col error: 0.000000
Starting Iterative Proportional Fitting (IPF)...
IPF converged at iteration 27
IPF row error: 22.071593, col error: 0.000000
  [2023/val] 진행 570/750 (76.0%) | 누적 CPC 0.4278 | RMSE 765.7157 | %RMSE 12.4525 | 경과 8.7분 | 예상 남음 2.7분
Starting Iterative Proportional Fitting (IPF)...
IPF converged at iteration 85
IPF row error: 22.878857, col error: 0.000000
Starting Iterative Proportional Fitting (IPF)...
IPF converged at iteration 83
IPF row error: 23.192416, col error: 0.000000
IPF converged at iteration 78
IPF row error: 22.433866, col error: 0.000000
Starting Iterative Proportional Fitting (IPF)...
Starting Iterative Proportional Fitting (IPF)...
IPF converged at iteration 29
IPF row error: 18.275483, col error: 0.000000
IPF converged at iteration 50
IPF row error: 21.370854, col error: 0.000000
Starting Iterative Proportional Fitting (IPF)...
Starting Iterative Proportional Fitting (IPF)...
IPF converged at iteration 32
IPF row error: 21.706054, col error: 0.000000
Starting Iterative Proportional Fitting (IPF)...
IPF converged at iteration 26
IPF row error: 22.921700, col error: 0.000000
IPF converged at iteration 52
IPF row error: 21.252544, col error: 0.000000
Starting Iterative Proportional Fitting (IPF)...
Starting Iterative Proportional Fitting (IPF)...
IPF converged at iteration 25
IPF row error: 23.094155, col error: 0.000000
Starting Iterative Proportional Fitting (IPF)...
IPF converged at iteration 90
IPF row error: 23.015704, col error: 0.000000
Starting Iterative Proportional Fitting (IPF)...
IPF converged at iteration 89
IPF row error: 22.652908, col error: 0.000000
Starting Iterative Proportional Fitting (IPF)...
IPF converged at iteration 90
IPF row error: 22.080374, col error: 0.000000
Starting Iterative Proportional Fitting (IPF)...
IPF converged at iteration 35
IPF row error: 19.988710, col error: 0.000000
Starting Iterative Proportional Fitting (IPF)...
IPF converged at iteration 30
IPF row error: 21.522793, col error: 0.000000
Starting Iterative Proportional Fitting (IPF)...
IPF converged at iteration 92
IPF row error: 22.304286, col error: 0.000000
IPF converged at iteration 27
IPF row error: 17.607438, col error: 0.000000
Starting Iterative Proportional Fitting (IPF)...
Starting Iterative Proportional Fitting (IPF)...
IPF converged at iteration 24
IPF row error: 21.893704, col error: 0.000000
Starting Iterative Proportional Fitting (IPF)...
IPF converged at iteration 68
IPF row error: 22.793254, col error: 0.000000
IPF converged at iteration 97
Starting Iterative Proportional Fitting (IPF)...
IPF row error: 21.898878, col error: 0.000000
Starting Iterative Proportional Fitting (IPF)...
IPF converged at iteration 97
IPF row error: 22.673979, col error: 0.000000
Starting Iterative Proportional Fitting (IPF)...
IPF converged at iteration 82
IPF converged at iteration 37
IPF row error: 23.359891, col error: 0.000000
IPF row error: 20.367256, col error: 0.000000
Starting Iterative Proportional Fitting (IPF)...
Starting Iterative Proportional Fitting (IPF)...
IPF converged at iteration 37
IPF row error: 19.988049, col error: 0.000000
Starting Iterative Proportional Fitting (IPF)...
IPF converged at iteration 97
IPF row error: 22.672209, col error: 0.000000
Starting Iterative Proportional Fitting (IPF)...
IPF converged at iteration 89
IPF row error: 22.934996, col error: 0.000000
Starting Iterative Proportional Fitting (IPF)...
IPF converged at iteration 97
IPF row error: 22.344915, col error: 0.000000
Starting Iterative Proportional Fitting (IPF)...
IPF converged at iteration 97
IPF row error: 23.276961, col error: 0.000000
Starting Iterative Proportional Fitting (IPF)...
IPF converged at iteration 27
IPF row error: 17.701225, col error: 0.000000
IPF converged at iteration 47
IPF row error: 20.749831, col error: 0.000000
Starting Iterative Proportional Fitting (IPF)...
Starting Iterative Proportional Fitting (IPF)...
IPF converged at iteration 85
IPF row error: 22.952740, col error: 0.000000
  [2023/val] 진행 600/750 (80.0%) | 누적 CPC 0.4225 | RMSE 766.7594 | %RMSE 12.6073 | 경과 9.2분 | 예상 남음 2.3분
Starting Iterative Proportional Fitting (IPF)...
IPF converged at iteration 24
IPF row error: 21.366828, col error: 0.000000
Starting Iterative Proportional Fitting (IPF)...
IPF converged at iteration 26
IPF row error: 17.376566, col error: 0.000000
Starting Iterative Proportional Fitting (IPF)...
IPF converged at iteration 89
IPF row error: 22.652908, col error: 0.000000
Starting Iterative Proportional Fitting (IPF)...
IPF converged at iteration 82
IPF row error: 22.011113, col error: 0.000000
Starting Iterative Proportional Fitting (IPF)...
IPF converged at iteration 37
IPF row error: 19.327147, col error: 0.000000
Starting Iterative Proportional Fitting (IPF)...
IPF converged at iteration 77
IPF row error: 21.416425, col error: 0.000000
Starting Iterative Proportional Fitting (IPF)...
IPF converged at iteration 26
IPF row error: 18.501745, col error: 0.000000
Starting Iterative Proportional Fitting (IPF)...
IPF converged at iteration 91
IPF row error: 23.032009, col error: 0.000000
Starting Iterative Proportional Fitting (IPF)...
IPF converged at iteration 34
IPF row error: 23.826688, col error: 0.000000
Starting Iterative Proportional Fitting (IPF)...
IPF converged at iteration 84
IPF row error: 23.032278, col error: 0.000000
Starting Iterative Proportional Fitting (IPF)...
IPF converged at iteration 84
IPF row error: 21.976830, col error: 0.000000
Starting Iterative Proportional Fitting (IPF)...
IPF converged at iteration 29
IPF row error: 20.054507, col error: 0.000000
Starting Iterative Proportional Fitting (IPF)...
IPF converged at iteration 75
IPF row error: 23.216161, col error: 0.000000
IPF converged at iteration 86
IPF row error: 22.413749, col error: 0.000000
Starting Iterative Proportional Fitting (IPF)...
Starting Iterative Proportional Fitting (IPF)...
IPF converged at iteration 27
IPF row error: 20.899162, col error: 0.000000
Starting Iterative Proportional Fitting (IPF)...
IPF converged at iteration 25
IPF row error: 20.186635, col error: 0.000000
Starting Iterative Proportional Fitting (IPF)...
IPF converged at iteration 26
IPF row error: 18.564847, col error: 0.000000
Starting Iterative Proportional Fitting (IPF)...
IPF converged at iteration 84
IPF row error: 22.434306, col error: 0.000000
Starting Iterative Proportional Fitting (IPF)...
IPF converged at iteration 77
IPF row error: 21.906003, col error: 0.000000
Starting Iterative Proportional Fitting (IPF)...
IPF converged at iteration 26
IPF row error: 20.866982, col error: 0.000000
Starting Iterative Proportional Fitting (IPF)...
IPF converged at iteration 24
IPF row error: 19.042337, col error: 0.000000
Starting Iterative Proportional Fitting (IPF)...
IPF converged at iteration 91
IPF row error: 23.107976, col error: 0.000000
Starting Iterative Proportional Fitting (IPF)...
IPF converged at iteration 28
IPF row error: 17.454660, col error: 0.000000
IPF converged at iteration 31
IPF row error: 30.572590, col error: 0.000000
Starting Iterative Proportional Fitting (IPF)...
Starting Iterative Proportional Fitting (IPF)...
IPF converged at iteration 84
IPF row error: 22.692243, col error: 0.000000
Starting Iterative Proportional Fitting (IPF)...
IPF converged at iteration 25
IPF row error: 17.814806, col error: 0.000000
Starting Iterative Proportional Fitting (IPF)...
IPF converged at iteration 40
IPF row error: 23.160780, col error: 0.000000
IPF converged at iteration 84
IPF row error: 21.794471, col error: 0.000000
Starting Iterative Proportional Fitting (IPF)...
Starting Iterative Proportional Fitting (IPF)...
IPF converged at iteration 67
IPF row error: 21.094877, col error: 0.000000
IPF converged at iteration 84
IPF row error: 22.295965, col error: 0.000000
  [2023/val] 진행 630/750 (84.0%) | 누적 CPC 0.4208 | RMSE 778.4488 | %RMSE 12.6381 | 경과 10.1분 | 예상 남음 1.9분
Starting Iterative Proportional Fitting (IPF)...
Starting Iterative Proportional Fitting (IPF)...
IPF converged at iteration 25
IPF row error: 17.056402, col error: 0.000000
Starting Iterative Proportional Fitting (IPF)...
IPF converged at iteration 26
IPF row error: 21.241171, col error: 0.000000
IPF converged at iteration 27
IPF row error: 19.313067, col error: 0.000000
Starting Iterative Proportional Fitting (IPF)...
Starting Iterative Proportional Fitting (IPF)...
IPF converged at iteration 37
IPF row error: 19.786576, col error: 0.000000
Starting Iterative Proportional Fitting (IPF)...
IPF converged at iteration 83
IPF row error: 21.425731, col error: 0.000000
Starting Iterative Proportional Fitting (IPF)...
IPF converged at iteration 68
IPF row error: 22.127988, col error: 0.000000
Starting Iterative Proportional Fitting (IPF)...
IPF converged at iteration 25
IPF converged at iteration 75
IPF row error: 19.602032, col error: 0.000000
IPF row error: 22.148052, col error: 0.000000
Starting Iterative Proportional Fitting (IPF)...
Starting Iterative Proportional Fitting (IPF)...
IPF converged at iteration 27
IPF row error: 19.925335, col error: 0.000000
Starting Iterative Proportional Fitting (IPF)...
IPF converged at iteration 54
IPF row error: 21.259439, col error: 0.000000
Starting Iterative Proportional Fitting (IPF)...
IPF converged at iteration 29
IPF row error: 23.240957, col error: 0.000000
Starting Iterative Proportional Fitting (IPF)...
IPF converged at iteration 86
IPF row error: 22.934966, col error: 0.000000
Starting Iterative Proportional Fitting (IPF)...
IPF converged at iteration 84
IPF row error: 23.112160, col error: 0.000000
Starting Iterative Proportional Fitting (IPF)...
IPF converged at iteration 84
IPF row error: 22.573950, col error: 0.000000
Starting Iterative Proportional Fitting (IPF)...
IPF converged at iteration 84
IPF row error: 22.632141, col error: 0.000000
Starting Iterative Proportional Fitting (IPF)...
IPF converged at iteration 33
IPF row error: 23.104743, col error: 0.000000
Starting Iterative Proportional Fitting (IPF)...
IPF converged at iteration 30
IPF row error: 19.457429, col error: 0.000000
Starting Iterative Proportional Fitting (IPF)...
IPF converged at iteration 26
IPF row error: 23.100086, col error: 0.000000
Starting Iterative Proportional Fitting (IPF)...
IPF converged at iteration 84
IPF row error: 23.218231, col error: 0.000000
IPF converged at iteration 26
IPF row error: 22.536320, col error: 0.000000
Starting Iterative Proportional Fitting (IPF)...
Starting Iterative Proportional Fitting (IPF)...
IPF converged at iteration 31
IPF row error: 23.033232, col error: 0.000000
IPF converged at iteration 78
IPF row error: 21.955130, col error: 0.000000
Starting Iterative Proportional Fitting (IPF)...
Starting Iterative Proportional Fitting (IPF)...
IPF converged at iteration 78
IPF row error: 22.266038, col error: 0.000000
Starting Iterative Proportional Fitting (IPF)...
IPF converged at iteration 83
IPF row error: 23.221967, col error: 0.000000
Starting Iterative Proportional Fitting (IPF)...
IPF converged at iteration 78
IPF row error: 23.192351, col error: 0.000000
Starting Iterative Proportional Fitting (IPF)...
IPF converged at iteration 36
IPF converged at iteration 91
IPF row error: 20.462618, col error: 0.000000
IPF row error: 22.766541, col error: 0.000000
Starting Iterative Proportional Fitting (IPF)...
Starting Iterative Proportional Fitting (IPF)...
IPF converged at iteration 84
IPF row error: 22.618818, col error: 0.000000
Starting Iterative Proportional Fitting (IPF)...
IPF converged at iteration 83
IPF row error: 21.600474, col error: 0.000000
Starting Iterative Proportional Fitting (IPF)...
IPF converged at iteration 83
IPF row error: 21.693708, col error: 0.000000
  [2023/val] 진행 660/750 (88.0%) | 누적 CPC 0.4169 | RMSE 794.6826 | %RMSE 12.6794 | 경과 10.8분 | 예상 남음 1.5분
IPF converged at iteration 86
IPF row error: 21.907150, col error: 0.000000
Starting Iterative Proportional Fitting (IPF)...
Starting Iterative Proportional Fitting (IPF)...
IPF converged at iteration 82
IPF row error: 22.130734, col error: 0.000000
Starting Iterative Proportional Fitting (IPF)...
IPF converged at iteration 78
IPF converged at iteration 92
IPF row error: 22.652637, col error: 0.000000
IPF row error: 22.513660, col error: 0.000000
Starting Iterative Proportional Fitting (IPF)...
IPF converged at iteration 28
Starting Iterative Proportional Fitting (IPF)...
IPF row error: 21.437080, col error: 0.000000
IPF converged at iteration 82
IPF row error: 22.223997, col error: 0.000000
Starting Iterative Proportional Fitting (IPF)...
Starting Iterative Proportional Fitting (IPF)...
IPF converged at iteration 24
IPF converged at iteration 31
IPF row error: 20.473172, col error: 0.000000
IPF row error: 30.478528, col error: 0.000000
Starting Iterative Proportional Fitting (IPF)...
Starting Iterative Proportional Fitting (IPF)...
IPF converged at iteration 64
IPF row error: 23.010254, col error: 0.000000
Starting Iterative Proportional Fitting (IPF)...
IPF converged at iteration 82
IPF row error: 22.078366, col error: 0.000000
IPF converged at iteration 49
IPF row error: 22.516738, col error: 0.000000
Starting Iterative Proportional Fitting (IPF)...
Starting Iterative Proportional Fitting (IPF)...
IPF converged at iteration 25
IPF row error: 22.655586, col error: 0.000000
Starting Iterative Proportional Fitting (IPF)...
IPF converged at iteration 83
IPF row error: 21.600474, col error: 0.000000
Starting Iterative Proportional Fitting (IPF)...
IPF converged at iteration 61
IPF row error: 21.383950, col error: 0.000000
Starting Iterative Proportional Fitting (IPF)...
IPF converged at iteration 28
IPF row error: 17.565671, col error: 0.000000
Starting Iterative Proportional Fitting (IPF)...
IPF converged at iteration 61
IPF row error: 23.181616, col error: 0.000000
Starting Iterative Proportional Fitting (IPF)...
IPF converged at iteration 27
IPF row error: 17.225784, col error: 0.000000
Starting Iterative Proportional Fitting (IPF)...
IPF converged at iteration 54
IPF row error: 21.700169, col error: 0.000000
Starting Iterative Proportional Fitting (IPF)...
IPF converged at iteration 53
IPF row error: 21.259258, col error: 0.000000
IPF converged at iteration 86
IPF row error: 23.134482, col error: 0.000000
Starting Iterative Proportional Fitting (IPF)...
Starting Iterative Proportional Fitting (IPF)...
IPF converged at iteration 24
IPF row error: 20.909262, col error: 0.000000
IPF converged at iteration 44
IPF row error: 21.680759, col error: 0.000000
Starting Iterative Proportional Fitting (IPF)...
Starting Iterative Proportional Fitting (IPF)...
IPF converged at iteration 37
IPF row error: 22.115460, col error: 0.000000
Starting Iterative Proportional Fitting (IPF)...
IPF converged at iteration 59
IPF row error: 22.434057, col error: 0.000000
Starting Iterative Proportional Fitting (IPF)...
IPF converged at iteration 66
IPF row error: 23.050543, col error: 0.000000
IPF converged at iteration 53
IPF row error: 23.240198, col error: 0.000000
Starting Iterative Proportional Fitting (IPF)...
Starting Iterative Proportional Fitting (IPF)...
IPF converged at iteration 25
IPF row error: 19.781704, col error: 0.000000
Starting Iterative Proportional Fitting (IPF)...
IPF converged at iteration 83
IPF row error: 22.494638, col error: 0.000000
Starting Iterative Proportional Fitting (IPF)...
IPF converged at iteration 82
IPF row error: 23.337594, col error: 0.000000
Starting Iterative Proportional Fitting (IPF)...
IPF converged at iteration 92
IPF row error: 21.875612, col error: 0.000000
  [2023/val] 진행 690/750 (92.0%) | 누적 CPC 0.4108 | RMSE 802.4323 | %RMSE 12.6711 | 경과 11.6분 | 예상 남음 1.0분
Starting Iterative Proportional Fitting (IPF)...
IPF converged at iteration 24
IPF row error: 16.938291, col error: 0.000000
Starting Iterative Proportional Fitting (IPF)...
IPF converged at iteration 92
IPF row error: 22.454718, col error: 0.000000
Starting Iterative Proportional Fitting (IPF)...
IPF converged at iteration 31
IPF row error: 19.349317, col error: 0.000000
Starting Iterative Proportional Fitting (IPF)...
IPF converged at iteration 24
IPF row error: 21.363994, col error: 0.000000
Starting Iterative Proportional Fitting (IPF)...
IPF converged at iteration 86
IPF row error: 21.858772, col error: 0.000000
Starting Iterative Proportional Fitting (IPF)...
IPF converged at iteration 83
IPF row error: 21.677464, col error: 0.000000
Starting Iterative Proportional Fitting (IPF)...
IPF converged at iteration 83
IPF row error: 21.677453, col error: 0.000000
Starting Iterative Proportional Fitting (IPF)...
IPF converged at iteration 92
IPF row error: 22.454718, col error: 0.000000
Starting Iterative Proportional Fitting (IPF)...
IPF converged at iteration 84
IPF row error: 22.748378, col error: 0.000000
Starting Iterative Proportional Fitting (IPF)...
IPF converged at iteration 87
IPF row error: 21.850805, col error: 0.000000
Starting Iterative Proportional Fitting (IPF)...
IPF converged at iteration 85
IPF row error: 22.555325, col error: 0.000000
Starting Iterative Proportional Fitting (IPF)...
IPF converged at iteration 34
IPF row error: 19.475294, col error: 0.000000
IPF converged at iteration 81
IPF row error: 21.811664, col error: 0.000000
Starting Iterative Proportional Fitting (IPF)...
Starting Iterative Proportional Fitting (IPF)...
IPF converged at iteration 25
IPF row error: 18.192244, col error: 0.000000
Starting Iterative Proportional Fitting (IPF)...
IPF converged at iteration 36
IPF row error: 19.903203, col error: 0.000000
Starting Iterative Proportional Fitting (IPF)...
IPF converged at iteration 88
IPF row error: 22.223578, col error: 0.000000
Starting Iterative Proportional Fitting (IPF)...
IPF converged at iteration 87
IPF row error: 23.312774, col error: 0.000000
Starting Iterative Proportional Fitting (IPF)...
IPF converged at iteration 82
IPF row error: 21.414376, col error: 0.000000
Starting Iterative Proportional Fitting (IPF)...
IPF converged at iteration 85
IPF row error: 22.472633, col error: 0.000000
Starting Iterative Proportional Fitting (IPF)...
IPF converged at iteration 79
IPF row error: 21.800339, col error: 0.000000
IPF converged at iteration 87
IPF row error: 22.336498, col error: 0.000000
Starting Iterative Proportional Fitting (IPF)...
IPF converged at iteration 27
Starting Iterative Proportional Fitting (IPF)...
IPF row error: 21.076071, col error: 0.000000
Starting Iterative Proportional Fitting (IPF)...
IPF converged at iteration 90
IPF row error: 22.080374, col error: 0.000000
Starting Iterative Proportional Fitting (IPF)...
IPF converged at iteration 27
IPF row error: 20.823198, col error: 0.000000
IPF converged at iteration 79
IPF row error: 21.992460, col error: 0.000000
Starting Iterative Proportional Fitting (IPF)...
IPF converged at iteration 83
IPF row error: 22.521184, col error: 0.000000
Starting Iterative Proportional Fitting (IPF)...
Starting Iterative Proportional Fitting (IPF)...
IPF converged at iteration 90
IPF row error: 23.015704, col error: 0.000000
Starting Iterative Proportional Fitting (IPF)...
IPF converged at iteration 85
IPF row error: 22.140083, col error: 0.000000
Starting Iterative Proportional Fitting (IPF)...
IPF converged at iteration 86
IPF row error: 22.944880, col error: 0.000000
Starting Iterative Proportional Fitting (IPF)...
IPF converged at iteration 93
IPF row error: 23.275730, col error: 0.000000
  [2023/val] 진행 720/750 (96.0%) | 누적 CPC 0.4067 | RMSE 803.3274 | %RMSE 12.7905 | 경과 12.5분 | 예상 남음 0.5분
Starting Iterative Proportional Fitting (IPF)...
IPF converged at iteration 88
IPF row error: 21.668566, col error: 0.000000
Starting Iterative Proportional Fitting (IPF)...
IPF converged at iteration 85
IPF row error: 22.435600, col error: 0.000000
Starting Iterative Proportional Fitting (IPF)...
IPF converged at iteration 85
IPF row error: 22.108709, col error: 0.000000
IPF converged at iteration 85
IPF row error: 22.111982, col error: 0.000000
Starting Iterative Proportional Fitting (IPF)...
Starting Iterative Proportional Fitting (IPF)...
IPF converged at iteration 89
IPF row error: 22.371609, col error: 0.000000
Starting Iterative Proportional Fitting (IPF)...
IPF converged at iteration 24
IPF row error: 16.886302, col error: 0.000000
Starting Iterative Proportional Fitting (IPF)...
IPF converged at iteration 47
IPF row error: 23.294714, col error: 0.000000
Starting Iterative Proportional Fitting (IPF)...
IPF converged at iteration 27
IPF row error: 23.361273, col error: 0.000000
Starting Iterative Proportional Fitting (IPF)...
IPF converged at iteration 37
IPF row error: 21.660400, col error: 0.000000
IPF converged at iteration 87
IPF row error: 21.883319, col error: 0.000000
Starting Iterative Proportional Fitting (IPF)...
Starting Iterative Proportional Fitting (IPF)...
IPF converged at iteration 87
IPF row error: 22.336498, col error: 0.000000
IPF converged at iteration 24
IPF row error: 19.152393, col error: 0.000000
Starting Iterative Proportional Fitting (IPF)...
Starting Iterative Proportional Fitting (IPF)...
IPF converged at iteration 87
IPF row error: 21.563572, col error: 0.000000
Starting Iterative Proportional Fitting (IPF)...
IPF converged at iteration 26
IPF row error: 22.163035, col error: 0.000000
Starting Iterative Proportional Fitting (IPF)...
IPF converged at iteration 65
IPF row error: 22.168736, col error: 0.000000
Starting Iterative Proportional Fitting (IPF)...
IPF converged at iteration 34
IPF row error: 19.086488, col error: 0.000000
Starting Iterative Proportional Fitting (IPF)...
IPF converged at iteration 88
IPF row error: 21.559606, col error: 0.000000
Starting Iterative Proportional Fitting (IPF)...
IPF converged at iteration 89
IPF row error: 22.413200, col error: 0.000000
Starting Iterative Proportional Fitting (IPF)...
IPF converged at iteration 85
IPF row error: 22.108573, col error: 0.000000
Starting Iterative Proportional Fitting (IPF)...
IPF converged at iteration 54
IPF row error: 22.101962, col error: 0.000000
Starting Iterative Proportional Fitting (IPF)...
IPF converged at iteration 79
IPF row error: 22.281853, col error: 0.000000
Starting Iterative Proportional Fitting (IPF)...
IPF converged at iteration 87
IPF row error: 21.792034, col error: 0.000000
IPF converged at iteration 75
Starting Iterative Proportional Fitting (IPF)...
IPF row error: 21.610081, col error: 0.000000
Starting Iterative Proportional Fitting (IPF)...
IPF converged at iteration 87
IPF row error: 22.812578, col error: 0.000000
Starting Iterative Proportional Fitting (IPF)...
IPF converged at iteration 41
IPF row error: 21.121523, col error: 0.000000
Starting Iterative Proportional Fitting (IPF)...
IPF converged at iteration 76
IPF row error: 22.962699, col error: 0.000000
Starting Iterative Proportional Fitting (IPF)...
IPF converged at iteration 28
IPF row error: 19.767795, col error: 0.000000
IPF converged at iteration 25
IPF row error: 17.410850, col error: 0.000000
IPF converged at iteration 88
IPF row error: 22.298715, col error: 0.000000
IPF converged at iteration 75
IPF row error: 21.642553, col error: 0.000000
  [2023/val] 진행 750/750 (100.0%) | 누적 CPC 0.4033 | RMSE 802.2816 | %RMSE 12.9591 | 경과 13.3분 | 예상 남음 0.0분
  [2023/val] 완료: 750/750

Evaluating 2023 / test ...
  [2023/test] 1750개 샘플 병렬 평가 중 (threads=4)...
Starting Iterative Proportional Fitting (IPF)...
Starting Iterative Proportional Fitting (IPF)...
Starting Iterative Proportional Fitting (IPF)...Starting Iterative Proportional Fitting (IPF)...

IPF converged at iteration 40
IPF converged at iteration 40
IPF converged at iteration 40
IPF converged at iteration 40
IPF row error: 21.107213, col error: 0.000000
IPF row error: 21.107213, col error: 0.000000IPF row error: 21.107213, col error: 0.000000

IPF row error: 21.107213, col error: 0.000000
Starting Iterative Proportional Fitting (IPF)...Starting Iterative Proportional Fitting (IPF)...Starting Iterative Proportional Fitting (IPF)...


Starting Iterative Proportional Fitting (IPF)...
IPF converged at iteration 40
IPF converged at iteration 40
IPF converged at iteration 40
IPF converged at iteration 40
IPF row error: 21.107213, col error: 0.000000
IPF row error: 21.107213, col error: 0.000000
IPF row error: 21.107213, col error: 0.000000
IPF row error: 21.107213, col error: 0.000000
Starting Iterative Proportional Fitting (IPF)...
Starting Iterative Proportional Fitting (IPF)...
Starting Iterative Proportional Fitting (IPF)...
Starting Iterative Proportional Fitting (IPF)...
IPF converged at iteration 40
IPF converged at iteration 40
IPF converged at iteration 40
IPF row error: 21.107213, col error: 0.000000
IPF converged at iteration 40
IPF row error: 21.107213, col error: 0.000000
IPF row error: 21.107213, col error: 0.000000
IPF row error: 21.107213, col error: 0.000000
Starting Iterative Proportional Fitting (IPF)...
Starting Iterative Proportional Fitting (IPF)...
Starting Iterative Proportional Fitting (IPF)...Starting Iterative Proportional Fitting (IPF)...

IPF converged at iteration 40
IPF row error: 21.107213, col error: 0.000000
IPF converged at iteration 40
IPF converged at iteration 40
IPF converged at iteration 40
IPF row error: 21.107213, col error: 0.000000
IPF row error: 21.107213, col error: 0.000000
IPF row error: 21.107213, col error: 0.000000
Starting Iterative Proportional Fitting (IPF)...
Starting Iterative Proportional Fitting (IPF)...
Starting Iterative Proportional Fitting (IPF)...
Starting Iterative Proportional Fitting (IPF)...
IPF converged at iteration 40
IPF converged at iteration 40
IPF row error: 21.107213, col error: 0.000000
IPF converged at iteration 40
IPF converged at iteration 40
IPF row error: 21.107213, col error: 0.000000
IPF row error: 21.107213, col error: 0.000000
IPF row error: 21.107213, col error: 0.000000
Starting Iterative Proportional Fitting (IPF)...
Starting Iterative Proportional Fitting (IPF)...
Starting Iterative Proportional Fitting (IPF)...
Starting Iterative Proportional Fitting (IPF)...
IPF converged at iteration 40
IPF converged at iteration 40
IPF converged at iteration 40
IPF row error: 21.107213, col error: 0.000000
IPF row error: 21.107213, col error: 0.000000
IPF converged at iteration 40
IPF row error: 21.107213, col error: 0.000000
IPF row error: 21.107213, col error: 0.000000
Starting Iterative Proportional Fitting (IPF)...
Starting Iterative Proportional Fitting (IPF)...
Starting Iterative Proportional Fitting (IPF)...
Starting Iterative Proportional Fitting (IPF)...
IPF converged at iteration 40
IPF row error: 21.107213, col error: 0.000000
IPF converged at iteration 40
IPF converged at iteration 40
IPF converged at iteration 40
IPF row error: 21.107213, col error: 0.000000
IPF row error: 21.107213, col error: 0.000000
IPF row error: 21.107213, col error: 0.000000
Starting Iterative Proportional Fitting (IPF)...
Starting Iterative Proportional Fitting (IPF)...
Starting Iterative Proportional Fitting (IPF)...
Starting Iterative Proportional Fitting (IPF)...
IPF converged at iteration 40
IPF row error: 21.107213, col error: 0.000000
IPF converged at iteration 40
IPF converged at iteration 40
IPF converged at iteration 40
IPF row error: 21.107213, col error: 0.000000
  [2023/test] 진행 30/1750 (1.7%) | 누적 CPC 0.5822 | RMSE 608.2348 | %RMSE 8.6986 | 경과 0.4분 | 예상 남음 22.8분IPF row error: 21.107213, col error: 0.000000

IPF row error: 21.107213, col error: 0.000000
Starting Iterative Proportional Fitting (IPF)...
Starting Iterative Proportional Fitting (IPF)...
Starting Iterative Proportional Fitting (IPF)...
Starting Iterative Proportional Fitting (IPF)...
IPF converged at iteration 40
IPF row error: 21.107213, col error: 0.000000
IPF converged at iteration 40
IPF row error: 21.107213, col error: 0.000000
IPF converged at iteration 40
IPF converged at iteration 40
IPF row error: 21.107213, col error: 0.000000
IPF row error: 21.107213, col error: 0.000000
Starting Iterative Proportional Fitting (IPF)...
Starting Iterative Proportional Fitting (IPF)...
Starting Iterative Proportional Fitting (IPF)...
Starting Iterative Proportional Fitting (IPF)...
IPF converged at iteration 40
IPF row error: 21.107213, col error: 0.000000
IPF converged at iteration 40
IPF converged at iteration 40
IPF row error: 21.107213, col error: 0.000000
IPF row error: 21.107213, col error: 0.000000
IPF converged at iteration 40
IPF row error: 21.107213, col error: 0.000000
Starting Iterative Proportional Fitting (IPF)...
Starting Iterative Proportional Fitting (IPF)...
Starting Iterative Proportional Fitting (IPF)...
Starting Iterative Proportional Fitting (IPF)...
IPF converged at iteration 40
IPF row error: 21.107213, col error: 0.000000
IPF converged at iteration 40
IPF converged at iteration 40
IPF converged at iteration 40
IPF row error: 21.107213, col error: 0.000000
IPF row error: 21.107213, col error: 0.000000
IPF row error: 21.107213, col error: 0.000000
Starting Iterative Proportional Fitting (IPF)...
Starting Iterative Proportional Fitting (IPF)...
Starting Iterative Proportional Fitting (IPF)...
Starting Iterative Proportional Fitting (IPF)...
IPF converged at iteration 40
IPF row error: 21.107213, col error: 0.000000
IPF converged at iteration 40
IPF row error: 21.107213, col error: 0.000000
IPF converged at iteration 40
IPF converged at iteration 40
IPF row error: 21.107213, col error: 0.000000
IPF row error: 21.107213, col error: 0.000000
Starting Iterative Proportional Fitting (IPF)...
Starting Iterative Proportional Fitting (IPF)...
Starting Iterative Proportional Fitting (IPF)...
Starting Iterative Proportional Fitting (IPF)...
IPF converged at iteration 40
IPF row error: 21.107213, col error: 0.000000
IPF converged at iteration 40
IPF row error: 21.107213, col error: 0.000000
IPF converged at iteration 40IPF converged at iteration 40

IPF row error: 21.103266, col error: 0.000000
IPF row error: 21.103266, col error: 0.000000
Starting Iterative Proportional Fitting (IPF)...
Starting Iterative Proportional Fitting (IPF)...
Starting Iterative Proportional Fitting (IPF)...
Starting Iterative Proportional Fitting (IPF)...
IPF converged at iteration 40
IPF row error: 21.103266, col error: 0.000000
IPF converged at iteration 40
IPF row error: 21.103266, col error: 0.000000
IPF converged at iteration 40
IPF converged at iteration 40
IPF row error: 21.103266, col error: 0.000000
IPF row error: 21.103266, col error: 0.000000
Starting Iterative Proportional Fitting (IPF)...
Starting Iterative Proportional Fitting (IPF)...
Starting Iterative Proportional Fitting (IPF)...
Starting Iterative Proportional Fitting (IPF)...
IPF converged at iteration 40
IPF row error: 21.103266, col error: 0.000000
IPF converged at iteration 40
IPF row error: 21.103266, col error: 0.000000
IPF converged at iteration 40
IPF converged at iteration 40
IPF row error: 21.103266, col error: 0.000000
IPF row error: 21.103266, col error: 0.000000
  [2023/test] 진행 60/1750 (3.4%) | 누적 CPC 0.5874 | RMSE 548.7293 | %RMSE 7.9481 | 경과 0.8분 | 예상 남음 21.4분
Starting Iterative Proportional Fitting (IPF)...
Starting Iterative Proportional Fitting (IPF)...
Starting Iterative Proportional Fitting (IPF)...
Starting Iterative Proportional Fitting (IPF)...
IPF converged at iteration 40
IPF row error: 21.103266, col error: 0.000000
IPF converged at iteration 40
IPF row error: 21.103266, col error: 0.000000
IPF converged at iteration 40
IPF row error: 21.103266, col error: 0.000000
IPF converged at iteration 40
IPF row error: 21.103266, col error: 0.000000
Starting Iterative Proportional Fitting (IPF)...
Starting Iterative Proportional Fitting (IPF)...
Starting Iterative Proportional Fitting (IPF)...
Starting Iterative Proportional Fitting (IPF)...
IPF converged at iteration 40
IPF row error: 21.103266, col error: 0.000000
IPF converged at iteration 40
IPF row error: 21.103266, col error: 0.000000
IPF converged at iteration 40
IPF converged at iteration 40
IPF row error: 21.103266, col error: 0.000000
IPF row error: 21.103266, col error: 0.000000
Starting Iterative Proportional Fitting (IPF)...
Starting Iterative Proportional Fitting (IPF)...
Starting Iterative Proportional Fitting (IPF)...
Starting Iterative Proportional Fitting (IPF)...
IPF converged at iteration 40
IPF converged at iteration 40
IPF row error: 21.103266, col error: 0.000000
IPF row error: 21.103266, col error: 0.000000
IPF converged at iteration 40
IPF converged at iteration 40
IPF row error: 21.103266, col error: 0.000000
Starting Iterative Proportional Fitting (IPF)...
IPF row error: 21.103266, col error: 0.000000
Starting Iterative Proportional Fitting (IPF)...
Starting Iterative Proportional Fitting (IPF)...
Starting Iterative Proportional Fitting (IPF)...
IPF converged at iteration 40
IPF row error: 21.103266, col error: 0.000000
IPF converged at iteration 40
IPF row error: 21.103266, col error: 0.000000
IPF converged at iteration 40
IPF row error: 21.103266, col error: 0.000000
IPF converged at iteration 40
Starting Iterative Proportional Fitting (IPF)...
IPF row error: 21.103266, col error: 0.000000
Starting Iterative Proportional Fitting (IPF)...
Starting Iterative Proportional Fitting (IPF)...
Starting Iterative Proportional Fitting (IPF)...
IPF converged at iteration 40
IPF row error: 21.103266, col error: 0.000000
IPF converged at iteration 40
IPF row error: 21.103266, col error: 0.000000
IPF converged at iteration 40
IPF converged at iteration 40
IPF row error: 21.103266, col error: 0.000000
Starting Iterative Proportional Fitting (IPF)...IPF row error: 21.103266, col error: 0.000000

Starting Iterative Proportional Fitting (IPF)...
Starting Iterative Proportional Fitting (IPF)...
Starting Iterative Proportional Fitting (IPF)...
IPF converged at iteration 40
IPF row error: 21.103266, col error: 0.000000
IPF converged at iteration 40
IPF row error: 21.103266, col error: 0.000000
IPF converged at iteration 40
Starting Iterative Proportional Fitting (IPF)...
IPF converged at iteration 40
IPF row error: 21.103266, col error: 0.000000
IPF row error: 21.103266, col error: 0.000000
Starting Iterative Proportional Fitting (IPF)...
Starting Iterative Proportional Fitting (IPF)...
Starting Iterative Proportional Fitting (IPF)...
IPF converged at iteration 40
IPF row error: 21.103266, col error: 0.000000
IPF converged at iteration 40
IPF row error: 21.103266, col error: 0.000000
IPF converged at iteration 40
IPF converged at iteration 40
Starting Iterative Proportional Fitting (IPF)...
IPF row error: 21.103266, col error: 0.000000
IPF row error: 21.103266, col error: 0.000000
Starting Iterative Proportional Fitting (IPF)...
Starting Iterative Proportional Fitting (IPF)...
Starting Iterative Proportional Fitting (IPF)...
IPF converged at iteration 40
IPF row error: 21.103266, col error: 0.000000
IPF converged at iteration 40
IPF row error: 21.103266, col error: 0.000000
  [2023/test] 진행 90/1750 (5.1%) | 누적 CPC 0.5961 | RMSE 449.5536 | %RMSE 6.6974 | 경과 1.2분 | 예상 남음 21.5분
IPF converged at iteration 40
IPF converged at iteration 40
Starting Iterative Proportional Fitting (IPF)...
IPF row error: 21.103266, col error: 0.000000
IPF row error: 21.103266, col error: 0.000000
Starting Iterative Proportional Fitting (IPF)...
Starting Iterative Proportional Fitting (IPF)...
Starting Iterative Proportional Fitting (IPF)...
IPF converged at iteration 40
IPF row error: 21.103266, col error: 0.000000
IPF converged at iteration 40
IPF row error: 21.103266, col error: 0.000000
IPF converged at iteration 40
IPF converged at iteration 40
Starting Iterative Proportional Fitting (IPF)...
IPF row error: 21.103266, col error: 0.000000
IPF row error: 21.103266, col error: 0.000000
Starting Iterative Proportional Fitting (IPF)...
Starting Iterative Proportional Fitting (IPF)...
Starting Iterative Proportional Fitting (IPF)...
IPF converged at iteration 40
IPF row error: 21.103266, col error: 0.000000
IPF converged at iteration 40
IPF row error: 21.103266, col error: 0.000000
Starting Iterative Proportional Fitting (IPF)...
IPF converged at iteration 40
IPF converged at iteration 40
IPF row error: 21.103266, col error: 0.000000
IPF row error: 21.103266, col error: 0.000000
Starting Iterative Proportional Fitting (IPF)...
Starting Iterative Proportional Fitting (IPF)...
Starting Iterative Proportional Fitting (IPF)...
IPF converged at iteration 40
IPF converged at iteration 40
IPF row error: 21.135636, col error: 0.000000
IPF row error: 21.135636, col error: 0.000000
IPF converged at iteration 40
Starting Iterative Proportional Fitting (IPF)...
IPF converged at iteration 40
IPF row error: 21.135636, col error: 0.000000
Starting Iterative Proportional Fitting (IPF)...
IPF row error: 21.135636, col error: 0.000000
Starting Iterative Proportional Fitting (IPF)...
Starting Iterative Proportional Fitting (IPF)...
IPF converged at iteration 40
IPF row error: 21.135636, col error: 0.000000
IPF converged at iteration 40
IPF row error: 21.135636, col error: 0.000000
Starting Iterative Proportional Fitting (IPF)...
IPF converged at iteration 40
IPF converged at iteration 40
IPF row error: 21.135636, col error: 0.000000
Starting Iterative Proportional Fitting (IPF)...IPF row error: 21.135636, col error: 0.000000

Starting Iterative Proportional Fitting (IPF)...
Starting Iterative Proportional Fitting (IPF)...
IPF converged at iteration 40
IPF row error: 21.135636, col error: 0.000000
IPF converged at iteration 40
IPF row error: 21.135636, col error: 0.000000
IPF converged at iteration 40
Starting Iterative Proportional Fitting (IPF)...
IPF converged at iteration 40
IPF row error: 21.135636, col error: 0.000000
Starting Iterative Proportional Fitting (IPF)...
IPF row error: 21.135636, col error: 0.000000
Starting Iterative Proportional Fitting (IPF)...
Starting Iterative Proportional Fitting (IPF)...
IPF converged at iteration 40
IPF row error: 21.135636, col error: 0.000000
IPF converged at iteration 40
IPF row error: 21.135636, col error: 0.000000
Starting Iterative Proportional Fitting (IPF)...
IPF converged at iteration 40
IPF row error: 21.135636, col error: 0.000000
IPF converged at iteration 40
Starting Iterative Proportional Fitting (IPF)...
IPF row error: 21.135636, col error: 0.000000
Starting Iterative Proportional Fitting (IPF)...
Starting Iterative Proportional Fitting (IPF)...
IPF converged at iteration 40
IPF row error: 21.135636, col error: 0.000000
IPF converged at iteration 40
IPF row error: 21.135636, col error: 0.000000
Starting Iterative Proportional Fitting (IPF)...
IPF converged at iteration 40
IPF row error: 21.135636, col error: 0.000000
Starting Iterative Proportional Fitting (IPF)...IPF converged at iteration 40

IPF row error: 21.135636, col error: 0.000000
  [2023/test] 진행 120/1750 (6.9%) | 누적 CPC 0.5803 | RMSE 431.9755 | %RMSE 7.3970 | 경과 1.5분 | 예상 남음 20.8분
Starting Iterative Proportional Fitting (IPF)...
Starting Iterative Proportional Fitting (IPF)...
IPF converged at iteration 40
IPF row error: 21.135636, col error: 0.000000
IPF converged at iteration 40
IPF row error: 21.135636, col error: 0.000000
Starting Iterative Proportional Fitting (IPF)...
IPF converged at iteration 40
IPF row error: 21.135636, col error: 0.000000
Starting Iterative Proportional Fitting (IPF)...
IPF converged at iteration 40
IPF row error: 21.135636, col error: 0.000000
Starting Iterative Proportional Fitting (IPF)...
Starting Iterative Proportional Fitting (IPF)...
IPF converged at iteration 40
IPF row error: 21.135636, col error: 0.000000
IPF converged at iteration 40
IPF row error: 21.135636, col error: 0.000000
Starting Iterative Proportional Fitting (IPF)...
IPF converged at iteration 40
IPF row error: 21.135636, col error: 0.000000
Starting Iterative Proportional Fitting (IPF)...
IPF converged at iteration 40
IPF row error: 21.135636, col error: 0.000000
Starting Iterative Proportional Fitting (IPF)...
Starting Iterative Proportional Fitting (IPF)...
IPF converged at iteration 40
IPF row error: 21.135636, col error: 0.000000
IPF converged at iteration 40
IPF row error: 21.135636, col error: 0.000000
Starting Iterative Proportional Fitting (IPF)...
IPF converged at iteration 40
IPF row error: 21.135636, col error: 0.000000
Starting Iterative Proportional Fitting (IPF)...
IPF converged at iteration 40
IPF row error: 21.135636, col error: 0.000000
Starting Iterative Proportional Fitting (IPF)...
Starting Iterative Proportional Fitting (IPF)...
IPF converged at iteration 40
IPF row error: 21.135636, col error: 0.000000
IPF converged at iteration 40
IPF row error: 21.135636, col error: 0.000000
Starting Iterative Proportional Fitting (IPF)...
IPF converged at iteration 40
IPF row error: 21.135636, col error: 0.000000
Starting Iterative Proportional Fitting (IPF)...
IPF converged at iteration 40
IPF row error: 21.135636, col error: 0.000000
Starting Iterative Proportional Fitting (IPF)...
Starting Iterative Proportional Fitting (IPF)...
IPF converged at iteration 40
IPF row error: 21.135636, col error: 0.000000
IPF converged at iteration 40
IPF row error: 21.135636, col error: 0.000000
Starting Iterative Proportional Fitting (IPF)...
IPF converged at iteration 40
IPF row error: 21.135636, col error: 0.000000
Starting Iterative Proportional Fitting (IPF)...
IPF converged at iteration 40
IPF row error: 21.135636, col error: 0.000000
Starting Iterative Proportional Fitting (IPF)...
Starting Iterative Proportional Fitting (IPF)...
IPF converged at iteration 40
IPF row error: 21.135636, col error: 0.000000
IPF converged at iteration 40
IPF row error: 21.135636, col error: 0.000000
Starting Iterative Proportional Fitting (IPF)...
IPF converged at iteration 40
Starting Iterative Proportional Fitting (IPF)...IPF row error: 21.135636, col error: 0.000000

IPF converged at iteration 40
IPF row error: 21.135636, col error: 0.000000
Starting Iterative Proportional Fitting (IPF)...
Starting Iterative Proportional Fitting (IPF)...
IPF converged at iteration 40
IPF row error: 21.135636, col error: 0.000000
IPF converged at iteration 40
IPF row error: 21.135636, col error: 0.000000
Starting Iterative Proportional Fitting (IPF)...
IPF converged at iteration 40
IPF row error: 21.135636, col error: 0.000000
Starting Iterative Proportional Fitting (IPF)...
IPF converged at iteration 40
IPF row error: 21.135636, col error: 0.000000
Starting Iterative Proportional Fitting (IPF)...
Starting Iterative Proportional Fitting (IPF)...
IPF converged at iteration 40
IPF row error: 21.135636, col error: 0.000000
IPF converged at iteration 40
IPF row error: 21.135636, col error: 0.000000
  [2023/test] 진행 150/1750 (8.6%) | 누적 CPC 0.5628 | RMSE 434.2324 | %RMSE 8.3468 | 경과 1.9분 | 예상 남음 20.7분
Starting Iterative Proportional Fitting (IPF)...
IPF converged at iteration 40
IPF row error: 21.088015, col error: 0.000000
Starting Iterative Proportional Fitting (IPF)...
IPF converged at iteration 40
IPF row error: 21.088015, col error: 0.000000
Starting Iterative Proportional Fitting (IPF)...
Starting Iterative Proportional Fitting (IPF)...
IPF converged at iteration 40
IPF row error: 21.088015, col error: 0.000000
IPF converged at iteration 40
IPF row error: 21.088015, col error: 0.000000
Starting Iterative Proportional Fitting (IPF)...
IPF converged at iteration 40
IPF row error: 21.088015, col error: 0.000000
Starting Iterative Proportional Fitting (IPF)...
IPF converged at iteration 40
IPF row error: 21.088015, col error: 0.000000
Starting Iterative Proportional Fitting (IPF)...
Starting Iterative Proportional Fitting (IPF)...
IPF converged at iteration 40
IPF row error: 21.088015, col error: 0.000000
IPF converged at iteration 40
Starting Iterative Proportional Fitting (IPF)...
IPF row error: 21.088015, col error: 0.000000
IPF converged at iteration 40
IPF row error: 21.088015, col error: 0.000000
IPF converged at iteration 40
Starting Iterative Proportional Fitting (IPF)...
IPF row error: 21.088015, col error: 0.000000
Starting Iterative Proportional Fitting (IPF)...
Starting Iterative Proportional Fitting (IPF)...
IPF converged at iteration 40
IPF row error: 21.088015, col error: 0.000000
IPF converged at iteration 40
Starting Iterative Proportional Fitting (IPF)...
IPF row error: 21.088015, col error: 0.000000
IPF converged at iteration 40
IPF row error: 21.088015, col error: 0.000000
IPF converged at iteration 40
Starting Iterative Proportional Fitting (IPF)...
IPF row error: 21.088015, col error: 0.000000
Starting Iterative Proportional Fitting (IPF)...
Starting Iterative Proportional Fitting (IPF)...
IPF converged at iteration 40
IPF row error: 21.088015, col error: 0.000000
IPF converged at iteration 40
IPF row error: 21.088015, col error: 0.000000
Starting Iterative Proportional Fitting (IPF)...
IPF converged at iteration 40
IPF row error: 21.088015, col error: 0.000000
IPF converged at iteration 40
Starting Iterative Proportional Fitting (IPF)...
IPF row error: 21.088015, col error: 0.000000
Starting Iterative Proportional Fitting (IPF)...
Starting Iterative Proportional Fitting (IPF)...
IPF converged at iteration 40
IPF row error: 21.088015, col error: 0.000000
IPF converged at iteration 40
Starting Iterative Proportional Fitting (IPF)...
IPF row error: 21.088015, col error: 0.000000
IPF converged at iteration 40
IPF row error: 21.088015, col error: 0.000000
Starting Iterative Proportional Fitting (IPF)...
IPF converged at iteration 40
IPF row error: 21.088015, col error: 0.000000
Starting Iterative Proportional Fitting (IPF)...
Starting Iterative Proportional Fitting (IPF)...
IPF converged at iteration 40
IPF row error: 21.088015, col error: 0.000000
Starting Iterative Proportional Fitting (IPF)...
IPF converged at iteration 40
IPF row error: 21.088015, col error: 0.000000
IPF converged at iteration 40
IPF row error: 21.088015, col error: 0.000000
Starting Iterative Proportional Fitting (IPF)...
IPF converged at iteration 40
IPF row error: 21.088015, col error: 0.000000
Starting Iterative Proportional Fitting (IPF)...
Starting Iterative Proportional Fitting (IPF)...
IPF converged at iteration 40
IPF row error: 21.088015, col error: 0.000000
Starting Iterative Proportional Fitting (IPF)...
IPF converged at iteration 40
IPF row error: 21.088015, col error: 0.000000
IPF converged at iteration 40
IPF row error: 21.088015, col error: 0.000000
Starting Iterative Proportional Fitting (IPF)...
IPF converged at iteration 40
IPF row error: 21.088015, col error: 0.000000
  [2023/test] 진행 180/1750 (10.3%) | 누적 CPC 0.5350 | RMSE 440.2816 | %RMSE 9.6868 | 경과 2.3분 | 예상 남음 20.3분
Starting Iterative Proportional Fitting (IPF)...
Starting Iterative Proportional Fitting (IPF)...
IPF converged at iteration 40
IPF row error: 21.088015, col error: 0.000000
Starting Iterative Proportional Fitting (IPF)...
IPF converged at iteration 40
IPF row error: 21.088015, col error: 0.000000
IPF converged at iteration 40
IPF row error: 21.088015, col error: 0.000000
Starting Iterative Proportional Fitting (IPF)...
IPF converged at iteration 40
IPF row error: 21.088015, col error: 0.000000
Starting Iterative Proportional Fitting (IPF)...
Starting Iterative Proportional Fitting (IPF)...
IPF converged at iteration 40
IPF row error: 21.088015, col error: 0.000000
Starting Iterative Proportional Fitting (IPF)...
IPF converged at iteration 40
IPF row error: 21.088015, col error: 0.000000
IPF converged at iteration 40
IPF row error: 21.088015, col error: 0.000000
Starting Iterative Proportional Fitting (IPF)...
IPF converged at iteration 40
IPF row error: 21.088015, col error: 0.000000
Starting Iterative Proportional Fitting (IPF)...
Starting Iterative Proportional Fitting (IPF)...
IPF converged at iteration 40
IPF row error: 21.088015, col error: 0.000000
Starting Iterative Proportional Fitting (IPF)...
IPF converged at iteration 40
IPF row error: 21.088015, col error: 0.000000
IPF converged at iteration 40
IPF row error: 21.088015, col error: 0.000000
IPF converged at iteration 40
Starting Iterative Proportional Fitting (IPF)...
IPF row error: 21.088015, col error: 0.000000
Starting Iterative Proportional Fitting (IPF)...
Starting Iterative Proportional Fitting (IPF)...
IPF converged at iteration 40
IPF row error: 21.088015, col error: 0.000000
Starting Iterative Proportional Fitting (IPF)...
IPF converged at iteration 40
IPF row error: 21.088015, col error: 0.000000
IPF converged at iteration 40
IPF row error: 21.088015, col error: 0.000000
Starting Iterative Proportional Fitting (IPF)...
IPF converged at iteration 40
IPF row error: 21.088015, col error: 0.000000
Starting Iterative Proportional Fitting (IPF)...
Starting Iterative Proportional Fitting (IPF)...
IPF converged at iteration 40
IPF row error: 21.088015, col error: 0.000000
IPF converged at iteration 40
Starting Iterative Proportional Fitting (IPF)...
IPF row error: 21.088015, col error: 0.000000
IPF converged at iteration 40
IPF row error: 21.088015, col error: 0.000000
Starting Iterative Proportional Fitting (IPF)...
IPF converged at iteration 40
IPF row error: 21.088015, col error: 0.000000
Starting Iterative Proportional Fitting (IPF)...
Starting Iterative Proportional Fitting (IPF)...
IPF converged at iteration 40
IPF row error: 21.105565, col error: 0.000000
Starting Iterative Proportional Fitting (IPF)...
IPF converged at iteration 40
IPF row error: 21.105565, col error: 0.000000
IPF converged at iteration 40
Starting Iterative Proportional Fitting (IPF)...
IPF row error: 21.105565, col error: 0.000000
IPF converged at iteration 40
IPF row error: 21.105565, col error: 0.000000
Starting Iterative Proportional Fitting (IPF)...
Starting Iterative Proportional Fitting (IPF)...
IPF converged at iteration 40
IPF row error: 21.105565, col error: 0.000000
Starting Iterative Proportional Fitting (IPF)...
IPF converged at iteration 40
IPF row error: 21.105565, col error: 0.000000
IPF converged at iteration 40
IPF row error: 21.105565, col error: 0.000000
Starting Iterative Proportional Fitting (IPF)...
IPF converged at iteration 40
IPF row error: 21.105565, col error: 0.000000
Starting Iterative Proportional Fitting (IPF)...
Starting Iterative Proportional Fitting (IPF)...
IPF converged at iteration 40
IPF row error: 21.105565, col error: 0.000000
Starting Iterative Proportional Fitting (IPF)...
IPF converged at iteration 40
IPF row error: 21.105565, col error: 0.000000
  [2023/test] 진행 210/1750 (12.0%) | 누적 CPC 0.5214 | RMSE 446.4217 | %RMSE 10.4782 | 경과 2.7분 | 예상 남음 20.1분
IPF converged at iteration 40
IPF row error: 21.105565, col error: 0.000000
Starting Iterative Proportional Fitting (IPF)...
IPF converged at iteration 40
Starting Iterative Proportional Fitting (IPF)...
IPF row error: 21.105565, col error: 0.000000
Starting Iterative Proportional Fitting (IPF)...
IPF converged at iteration 40
IPF row error: 21.105565, col error: 0.000000
Starting Iterative Proportional Fitting (IPF)...
IPF converged at iteration 40
IPF row error: 21.105565, col error: 0.000000
IPF converged at iteration 40
IPF row error: 21.105565, col error: 0.000000
Starting Iterative Proportional Fitting (IPF)...
IPF converged at iteration 40
IPF row error: 21.105565, col error: 0.000000
Starting Iterative Proportional Fitting (IPF)...
Starting Iterative Proportional Fitting (IPF)...
IPF converged at iteration 40
IPF row error: 21.105565, col error: 0.000000
Starting Iterative Proportional Fitting (IPF)...
IPF converged at iteration 40
IPF row error: 21.105565, col error: 0.000000
Starting Iterative Proportional Fitting (IPF)...
IPF converged at iteration 40
IPF row error: 21.105565, col error: 0.000000
IPF converged at iteration 40
Starting Iterative Proportional Fitting (IPF)...
IPF row error: 21.105565, col error: 0.000000
Starting Iterative Proportional Fitting (IPF)...
IPF converged at iteration 40
IPF row error: 21.105565, col error: 0.000000
IPF converged at iteration 40
Starting Iterative Proportional Fitting (IPF)...
IPF row error: 21.105565, col error: 0.000000
IPF converged at iteration 40
IPF row error: 21.105565, col error: 0.000000
Starting Iterative Proportional Fitting (IPF)...
IPF converged at iteration 40
Starting Iterative Proportional Fitting (IPF)...
IPF row error: 21.105565, col error: 0.000000
Starting Iterative Proportional Fitting (IPF)...
IPF converged at iteration 40
IPF row error: 21.105565, col error: 0.000000
Starting Iterative Proportional Fitting (IPF)...
IPF converged at iteration 40
IPF row error: 21.105565, col error: 0.000000
IPF converged at iteration 40
IPF row error: 21.105565, col error: 0.000000
Starting Iterative Proportional Fitting (IPF)...
Starting Iterative Proportional Fitting (IPF)...
IPF converged at iteration 40
IPF row error: 21.105565, col error: 0.000000
Starting Iterative Proportional Fitting (IPF)...
IPF converged at iteration 40
IPF row error: 21.105565, col error: 0.000000
Starting Iterative Proportional Fitting (IPF)...
IPF converged at iteration 40
IPF row error: 21.105565, col error: 0.000000
IPF converged at iteration 40
IPF row error: 21.105565, col error: 0.000000
Starting Iterative Proportional Fitting (IPF)...
IPF converged at iteration 40
Starting Iterative Proportional Fitting (IPF)...
IPF row error: 21.105565, col error: 0.000000
Starting Iterative Proportional Fitting (IPF)...
IPF converged at iteration 40
IPF row error: 21.105565, col error: 0.000000
Starting Iterative Proportional Fitting (IPF)...
IPF converged at iteration 40
IPF row error: 21.105565, col error: 0.000000
IPF converged at iteration 40
IPF row error: 21.105565, col error: 0.000000
Starting Iterative Proportional Fitting (IPF)...
Starting Iterative Proportional Fitting (IPF)...
IPF converged at iteration 40
IPF row error: 21.105565, col error: 0.000000
Starting Iterative Proportional Fitting (IPF)...
IPF converged at iteration 40
IPF row error: 21.105565, col error: 0.000000
Starting Iterative Proportional Fitting (IPF)...
IPF converged at iteration 40
IPF row error: 21.105565, col error: 0.000000
IPF converged at iteration 40
IPF row error: 21.105565, col error: 0.000000
Starting Iterative Proportional Fitting (IPF)...
Starting Iterative Proportional Fitting (IPF)...
IPF converged at iteration 40
IPF row error: 21.105565, col error: 0.000000
  [2023/test] 진행 240/1750 (13.7%) | 누적 CPC 0.5218 | RMSE 454.2107 | %RMSE 10.7817 | 경과 3.1분 | 예상 남음 19.6분
Starting Iterative Proportional Fitting (IPF)...
IPF converged at iteration 40
IPF row error: 21.105565, col error: 0.000000
Starting Iterative Proportional Fitting (IPF)...
IPF converged at iteration 40
IPF row error: 21.105565, col error: 0.000000
IPF converged at iteration 40
IPF row error: 21.105565, col error: 0.000000
Starting Iterative Proportional Fitting (IPF)...
Starting Iterative Proportional Fitting (IPF)...
IPF converged at iteration 40
IPF row error: 21.105565, col error: 0.000000
Starting Iterative Proportional Fitting (IPF)...
IPF converged at iteration 40
IPF row error: 21.105565, col error: 0.000000
Starting Iterative Proportional Fitting (IPF)...
IPF converged at iteration 40
IPF row error: 21.105565, col error: 0.000000
IPF converged at iteration 40
IPF row error: 21.105565, col error: 0.000000
Starting Iterative Proportional Fitting (IPF)...
Starting Iterative Proportional Fitting (IPF)...
IPF converged at iteration 40
IPF row error: 21.105565, col error: 0.000000
Starting Iterative Proportional Fitting (IPF)...
IPF converged at iteration 40
IPF row error: 21.105565, col error: 0.000000
Starting Iterative Proportional Fitting (IPF)...
IPF converged at iteration 40
IPF row error: 21.105565, col error: 0.000000
IPF converged at iteration 40
IPF row error: 21.044641, col error: 0.000000
Starting Iterative Proportional Fitting (IPF)...
Starting Iterative Proportional Fitting (IPF)...
IPF converged at iteration 40
IPF row error: 21.044641, col error: 0.000000
Starting Iterative Proportional Fitting (IPF)...
IPF converged at iteration 40
IPF row error: 21.044641, col error: 0.000000
Starting Iterative Proportional Fitting (IPF)...
IPF converged at iteration 40
IPF row error: 21.044641, col error: 0.000000
IPF converged at iteration 40
IPF row error: 21.044641, col error: 0.000000
Starting Iterative Proportional Fitting (IPF)...
Starting Iterative Proportional Fitting (IPF)...
IPF converged at iteration 40
IPF row error: 21.044641, col error: 0.000000
Starting Iterative Proportional Fitting (IPF)...
IPF converged at iteration 40
IPF row error: 21.044641, col error: 0.000000
Starting Iterative Proportional Fitting (IPF)...
IPF converged at iteration 40
IPF row error: 21.044641, col error: 0.000000
IPF converged at iteration 40
IPF row error: 21.044641, col error: 0.000000
Starting Iterative Proportional Fitting (IPF)...
Starting Iterative Proportional Fitting (IPF)...
IPF converged at iteration 40
IPF row error: 21.044641, col error: 0.000000
Starting Iterative Proportional Fitting (IPF)...
IPF converged at iteration 40
IPF row error: 21.044641, col error: 0.000000
Starting Iterative Proportional Fitting (IPF)...
IPF converged at iteration 40
IPF row error: 21.044641, col error: 0.000000
IPF converged at iteration 40
IPF row error: 21.044641, col error: 0.000000
Starting Iterative Proportional Fitting (IPF)...
Starting Iterative Proportional Fitting (IPF)...
IPF converged at iteration 40
IPF row error: 21.044641, col error: 0.000000
Starting Iterative Proportional Fitting (IPF)...
IPF converged at iteration 40
IPF row error: 21.044641, col error: 0.000000
Starting Iterative Proportional Fitting (IPF)...
IPF converged at iteration 40
IPF row error: 21.044641, col error: 0.000000
IPF converged at iteration 40
IPF row error: 21.044641, col error: 0.000000
Starting Iterative Proportional Fitting (IPF)...
Starting Iterative Proportional Fitting (IPF)...
IPF converged at iteration 40
IPF row error: 21.044641, col error: 0.000000
Starting Iterative Proportional Fitting (IPF)...
IPF converged at iteration 40
IPF row error: 21.044641, col error: 0.000000
Starting Iterative Proportional Fitting (IPF)...
IPF converged at iteration 40
IPF row error: 21.044641, col error: 0.000000
  [2023/test] 진행 270/1750 (15.4%) | 누적 CPC 0.5262 | RMSE 449.1351 | %RMSE 10.5843 | 경과 3.5분 | 예상 남음 19.3분
IPF converged at iteration 40
IPF row error: 21.044641, col error: 0.000000
Starting Iterative Proportional Fitting (IPF)...
Starting Iterative Proportional Fitting (IPF)...
IPF converged at iteration 40
IPF row error: 21.044641, col error: 0.000000
Starting Iterative Proportional Fitting (IPF)...
IPF converged at iteration 40
IPF row error: 21.044641, col error: 0.000000
Starting Iterative Proportional Fitting (IPF)...
IPF converged at iteration 40
IPF row error: 21.044641, col error: 0.000000
IPF converged at iteration 40
IPF row error: 21.044641, col error: 0.000000
Starting Iterative Proportional Fitting (IPF)...
Starting Iterative Proportional Fitting (IPF)...
IPF converged at iteration 40
IPF row error: 21.044641, col error: 0.000000
Starting Iterative Proportional Fitting (IPF)...
IPF converged at iteration 40
IPF row error: 21.044641, col error: 0.000000
Starting Iterative Proportional Fitting (IPF)...
IPF converged at iteration 40
IPF row error: 21.044641, col error: 0.000000
IPF converged at iteration 40
IPF row error: 21.044641, col error: 0.000000
Starting Iterative Proportional Fitting (IPF)...
Starting Iterative Proportional Fitting (IPF)...
IPF converged at iteration 40
IPF row error: 21.044641, col error: 0.000000
Starting Iterative Proportional Fitting (IPF)...
IPF converged at iteration 40
IPF row error: 21.044641, col error: 0.000000
Starting Iterative Proportional Fitting (IPF)...
IPF converged at iteration 40
IPF row error: 21.044641, col error: 0.000000
IPF converged at iteration 40
IPF row error: 21.044641, col error: 0.000000
Starting Iterative Proportional Fitting (IPF)...
Starting Iterative Proportional Fitting (IPF)...
IPF converged at iteration 40
IPF row error: 21.044641, col error: 0.000000
Starting Iterative Proportional Fitting (IPF)...
IPF converged at iteration 40
IPF row error: 21.044641, col error: 0.000000
Starting Iterative Proportional Fitting (IPF)...
IPF converged at iteration 40
IPF row error: 21.044641, col error: 0.000000
IPF converged at iteration 40
IPF row error: 21.044641, col error: 0.000000
Starting Iterative Proportional Fitting (IPF)...
Starting Iterative Proportional Fitting (IPF)...
IPF converged at iteration 40
IPF row error: 21.044641, col error: 0.000000
Starting Iterative Proportional Fitting (IPF)...
IPF converged at iteration 40
IPF row error: 21.044641, col error: 0.000000
Starting Iterative Proportional Fitting (IPF)...
IPF converged at iteration 40
IPF row error: 21.044641, col error: 0.000000
IPF converged at iteration 40
IPF row error: 21.044641, col error: 0.000000
Starting Iterative Proportional Fitting (IPF)...
Starting Iterative Proportional Fitting (IPF)...
IPF converged at iteration 40
IPF row error: 21.044641, col error: 0.000000
Starting Iterative Proportional Fitting (IPF)...
IPF converged at iteration 40
IPF row error: 21.044641, col error: 0.000000
Starting Iterative Proportional Fitting (IPF)...
IPF converged at iteration 40
IPF row error: 21.044641, col error: 0.000000
IPF converged at iteration 40
IPF row error: 21.044641, col error: 0.000000
Starting Iterative Proportional Fitting (IPF)...
Starting Iterative Proportional Fitting (IPF)...
IPF converged at iteration 40
IPF row error: 21.044641, col error: 0.000000
Starting Iterative Proportional Fitting (IPF)...
IPF converged at iteration 40
IPF row error: 21.044641, col error: 0.000000
Starting Iterative Proportional Fitting (IPF)...
IPF converged at iteration 40
IPF row error: 21.044641, col error: 0.000000
IPF converged at iteration 40
IPF row error: 21.044641, col error: 0.000000
Starting Iterative Proportional Fitting (IPF)...
Starting Iterative Proportional Fitting (IPF)...
IPF converged at iteration 40
IPF row error: 21.044641, col error: 0.000000
  [2023/test] 진행 300/1750 (17.1%) | 누적 CPC 0.5316 | RMSE 440.0645 | %RMSE 10.2313 | 경과 3.9분 | 예상 남음 18.9분
Starting Iterative Proportional Fitting (IPF)...
IPF converged at iteration 40
IPF row error: 21.392351, col error: 0.000000
Starting Iterative Proportional Fitting (IPF)...
IPF converged at iteration 40
IPF row error: 21.392351, col error: 0.000000
IPF converged at iteration 40
IPF row error: 21.392351, col error: 0.000000
Starting Iterative Proportional Fitting (IPF)...
Starting Iterative Proportional Fitting (IPF)...
IPF converged at iteration 40
IPF row error: 21.392351, col error: 0.000000
Starting Iterative Proportional Fitting (IPF)...
IPF converged at iteration 40
IPF row error: 21.392351, col error: 0.000000
Starting Iterative Proportional Fitting (IPF)...
IPF converged at iteration 40
IPF row error: 21.392351, col error: 0.000000
IPF converged at iteration 40
IPF row error: 21.392351, col error: 0.000000
Starting Iterative Proportional Fitting (IPF)...
Starting Iterative Proportional Fitting (IPF)...
IPF converged at iteration 40
IPF row error: 21.392351, col error: 0.000000
Starting Iterative Proportional Fitting (IPF)...
IPF converged at iteration 40
IPF row error: 21.392351, col error: 0.000000
Starting Iterative Proportional Fitting (IPF)...
IPF converged at iteration 40
IPF row error: 21.392351, col error: 0.000000
IPF converged at iteration 40
IPF row error: 21.392351, col error: 0.000000
Starting Iterative Proportional Fitting (IPF)...
Starting Iterative Proportional Fitting (IPF)...
IPF converged at iteration 40
IPF row error: 21.392351, col error: 0.000000
Starting Iterative Proportional Fitting (IPF)...
IPF converged at iteration 40
IPF row error: 21.392351, col error: 0.000000
Starting Iterative Proportional Fitting (IPF)...
IPF converged at iteration 40
IPF row error: 21.392351, col error: 0.000000
IPF converged at iteration 40
IPF row error: 21.392351, col error: 0.000000
Starting Iterative Proportional Fitting (IPF)...
Starting Iterative Proportional Fitting (IPF)...
IPF converged at iteration 40
IPF row error: 21.392351, col error: 0.000000
Starting Iterative Proportional Fitting (IPF)...
IPF converged at iteration 40
IPF row error: 21.392351, col error: 0.000000
Starting Iterative Proportional Fitting (IPF)...
IPF converged at iteration 40
IPF row error: 21.392351, col error: 0.000000
IPF converged at iteration 40
IPF row error: 21.392351, col error: 0.000000
Starting Iterative Proportional Fitting (IPF)...
Starting Iterative Proportional Fitting (IPF)...
IPF converged at iteration 40
IPF row error: 21.392351, col error: 0.000000
Starting Iterative Proportional Fitting (IPF)...
IPF converged at iteration 40
IPF row error: 21.392351, col error: 0.000000
Starting Iterative Proportional Fitting (IPF)...
IPF converged at iteration 40
IPF row error: 21.392351, col error: 0.000000
IPF converged at iteration 40
IPF row error: 21.392351, col error: 0.000000
Starting Iterative Proportional Fitting (IPF)...
Starting Iterative Proportional Fitting (IPF)...
IPF converged at iteration 40
IPF row error: 21.392351, col error: 0.000000
Starting Iterative Proportional Fitting (IPF)...
IPF converged at iteration 40
IPF row error: 21.392351, col error: 0.000000
Starting Iterative Proportional Fitting (IPF)...
IPF converged at iteration 40
IPF converged at iteration 40
IPF row error: 21.392351, col error: 0.000000
IPF row error: 21.392351, col error: 0.000000
Starting Iterative Proportional Fitting (IPF)...
Starting Iterative Proportional Fitting (IPF)...
IPF converged at iteration 40
IPF row error: 21.392351, col error: 0.000000
Starting Iterative Proportional Fitting (IPF)...
IPF converged at iteration 40
IPF row error: 21.392351, col error: 0.000000
Starting Iterative Proportional Fitting (IPF)...
IPF converged at iteration 40
IPF converged at iteration 40
IPF row error: 21.392351, col error: 0.000000
  [2023/test] 진행 330/1750 (18.9%) | 누적 CPC 0.5282 | RMSE 523.6375 | %RMSE 10.9224 | 경과 4.4분 | 예상 남음 18.7분
IPF row error: 21.392351, col error: 0.000000
Starting Iterative Proportional Fitting (IPF)...
Starting Iterative Proportional Fitting (IPF)...
IPF converged at iteration 40
IPF row error: 21.392351, col error: 0.000000
Starting Iterative Proportional Fitting (IPF)...
IPF converged at iteration 40
IPF row error: 21.392351, col error: 0.000000
Starting Iterative Proportional Fitting (IPF)...
IPF converged at iteration 40
IPF converged at iteration 40
IPF row error: 21.392351, col error: 0.000000
IPF row error: 21.392351, col error: 0.000000
Starting Iterative Proportional Fitting (IPF)...
Starting Iterative Proportional Fitting (IPF)...
IPF converged at iteration 40
IPF row error: 21.392351, col error: 0.000000
Starting Iterative Proportional Fitting (IPF)...
IPF converged at iteration 40
IPF row error: 21.392351, col error: 0.000000
Starting Iterative Proportional Fitting (IPF)...
IPF converged at iteration 40
IPF converged at iteration 40
IPF row error: 21.392351, col error: 0.000000
IPF row error: 21.392351, col error: 0.000000
Starting Iterative Proportional Fitting (IPF)...
Starting Iterative Proportional Fitting (IPF)...
IPF converged at iteration 40
IPF row error: 21.392351, col error: 0.000000
Starting Iterative Proportional Fitting (IPF)...
IPF converged at iteration 40
IPF row error: 21.392351, col error: 0.000000
Starting Iterative Proportional Fitting (IPF)...
IPF converged at iteration 40
IPF converged at iteration 40
IPF row error: 21.392351, col error: 0.000000IPF row error: 21.392351, col error: 0.000000

Starting Iterative Proportional Fitting (IPF)...
Starting Iterative Proportional Fitting (IPF)...
IPF converged at iteration 40
IPF row error: 21.392351, col error: 0.000000
Starting Iterative Proportional Fitting (IPF)...
IPF converged at iteration 40
IPF row error: 21.392351, col error: 0.000000
Starting Iterative Proportional Fitting (IPF)...
IPF converged at iteration 40
IPF row error: 21.392351, col error: 0.000000
IPF converged at iteration 40
IPF row error: 21.392351, col error: 0.000000
Starting Iterative Proportional Fitting (IPF)...
Starting Iterative Proportional Fitting (IPF)...
IPF converged at iteration 40
IPF row error: 21.392351, col error: 0.000000
Starting Iterative Proportional Fitting (IPF)...
IPF converged at iteration 25
IPF row error: 21.091888, col error: 0.000000
Starting Iterative Proportional Fitting (IPF)...
IPF converged at iteration 25
IPF row error: 19.389438, col error: 0.000000
IPF converged at iteration 40
IPF row error: 21.392351, col error: 0.000000
Starting Iterative Proportional Fitting (IPF)...
Starting Iterative Proportional Fitting (IPF)...
IPF converged at iteration 40
IPF row error: 21.392351, col error: 0.000000
Starting Iterative Proportional Fitting (IPF)...
IPF converged at iteration 26
IPF row error: 19.558060, col error: 0.000000
Starting Iterative Proportional Fitting (IPF)...
IPF converged at iteration 30
IPF row error: 23.002161, col error: 0.000000
Starting Iterative Proportional Fitting (IPF)...
IPF converged at iteration 40
IPF row error: 21.107213, col error: 0.000000
Starting Iterative Proportional Fitting (IPF)...
IPF converged at iteration 40
IPF row error: 21.107213, col error: 0.000000
Starting Iterative Proportional Fitting (IPF)...
IPF converged at iteration 26
IPF row error: 21.582953, col error: 0.000000
IPF converged at iteration 40
IPF row error: 21.107213, col error: 0.000000
Starting Iterative Proportional Fitting (IPF)...
Starting Iterative Proportional Fitting (IPF)...
IPF converged at iteration 40
IPF row error: 22.198316, col error: 0.000000
IPF converged at iteration 49
IPF row error: 23.241560, col error: 0.000000
  [2023/test] 진행 360/1750 (20.6%) | 누적 CPC 0.5277 | RMSE 572.1262 | %RMSE 11.2370 | 경과 4.7분 | 예상 남음 18.2분
Starting Iterative Proportional Fitting (IPF)...
IPF converged at iteration 29
Starting Iterative Proportional Fitting (IPF)...
IPF row error: 18.577550, col error: 0.000000
Starting Iterative Proportional Fitting (IPF)...
IPF converged at iteration 40
IPF row error: 21.107213, col error: 0.000000
Starting Iterative Proportional Fitting (IPF)...
IPF converged at iteration 26
IPF row error: 17.193326, col error: 0.000000
Starting Iterative Proportional Fitting (IPF)...
IPF converged at iteration 36
IPF row error: 19.926701, col error: 0.000000
IPF converged at iteration 26
Starting Iterative Proportional Fitting (IPF)...
IPF row error: 21.134578, col error: 0.000000
IPF converged at iteration 40
Starting Iterative Proportional Fitting (IPF)...
IPF row error: 21.403526, col error: 0.000000
Starting Iterative Proportional Fitting (IPF)...
IPF converged at iteration 25
IPF row error: 19.598768, col error: 0.000000
Starting Iterative Proportional Fitting (IPF)...
IPF converged at iteration 26
IPF converged at iteration 47
IPF row error: 20.969269, col error: 0.000000
IPF row error: 20.878908, col error: 0.000000
Starting Iterative Proportional Fitting (IPF)...
Starting Iterative Proportional Fitting (IPF)...
IPF converged at iteration 25
IPF row error: 23.197078, col error: 0.000000
Starting Iterative Proportional Fitting (IPF)...
IPF converged at iteration 28
IPF row error: 19.281968, col error: 0.000000
Starting Iterative Proportional Fitting (IPF)...
IPF converged at iteration 39
IPF row error: 23.492858, col error: 0.000000
Starting Iterative Proportional Fitting (IPF)...
IPF converged at iteration 86
IPF row error: 21.566336, col error: 0.000000
Starting Iterative Proportional Fitting (IPF)...
IPF converged at iteration 40
IPF row error: 21.107213, col error: 0.000000
IPF converged at iteration 24
Starting Iterative Proportional Fitting (IPF)...
IPF row error: 22.920222, col error: 0.000000
IPF converged at iteration 40
IPF row error: 21.107213, col error: 0.000000
Starting Iterative Proportional Fitting (IPF)...
Starting Iterative Proportional Fitting (IPF)...
IPF converged at iteration 27
IPF row error: 20.925515, col error: 0.000000
Starting Iterative Proportional Fitting (IPF)...
IPF converged at iteration 26
IPF row error: 21.704163, col error: 0.000000
Starting Iterative Proportional Fitting (IPF)...
IPF converged at iteration 40
IPF row error: 21.107213, col error: 0.000000
Starting Iterative Proportional Fitting (IPF)...
IPF converged at iteration 40
IPF row error: 21.107213, col error: 0.000000
Starting Iterative Proportional Fitting (IPF)...
IPF converged at iteration 40
IPF row error: 21.107213, col error: 0.000000
Starting Iterative Proportional Fitting (IPF)...
IPF converged at iteration 27
IPF row error: 17.556304, col error: 0.000000
Starting Iterative Proportional Fitting (IPF)...
IPF converged at iteration 40
IPF row error: 21.107213, col error: 0.000000
IPF converged at iteration 40
Starting Iterative Proportional Fitting (IPF)...
IPF row error: 21.107213, col error: 0.000000
Starting Iterative Proportional Fitting (IPF)...
IPF converged at iteration 26
IPF row error: 19.379189, col error: 0.000000
Starting Iterative Proportional Fitting (IPF)...
IPF converged at iteration 40
IPF row error: 21.107213, col error: 0.000000
Starting Iterative Proportional Fitting (IPF)...
IPF converged at iteration 28
IPF row error: 18.568914, col error: 0.000000
Starting Iterative Proportional Fitting (IPF)...
IPF converged at iteration 40
IPF row error: 21.107213, col error: 0.000000
Starting Iterative Proportional Fitting (IPF)...
IPF converged at iteration 40
IPF row error: 21.107213, col error: 0.000000
Starting Iterative Proportional Fitting (IPF)...
IPF converged at iteration 40
IPF row error: 21.107213, col error: 0.000000
  [2023/test] 진행 390/1750 (22.3%) | 누적 CPC 0.5318 | RMSE 573.9173 | %RMSE 11.0235 | 경과 5.1분 | 예상 남음 17.7분
Starting Iterative Proportional Fitting (IPF)...
IPF converged at iteration 33
IPF row error: 21.999259, col error: 0.000000
Starting Iterative Proportional Fitting (IPF)...
IPF converged at iteration 25
IPF row error: 22.048266, col error: 0.000000
IPF converged at iteration 35
Starting Iterative Proportional Fitting (IPF)...
IPF row error: 22.608168, col error: 0.000000
Starting Iterative Proportional Fitting (IPF)...
IPF converged at iteration 40
IPF row error: 21.107213, col error: 0.000000
Starting Iterative Proportional Fitting (IPF)...
IPF converged at iteration 25
IPF row error: 22.471891, col error: 0.000000
IPF converged at iteration 40
IPF row error: 21.107213, col error: 0.000000
Starting Iterative Proportional Fitting (IPF)...
Starting Iterative Proportional Fitting (IPF)...
IPF converged at iteration 27
IPF row error: 17.578652, col error: 0.000000
Starting Iterative Proportional Fitting (IPF)...
IPF converged at iteration 40
IPF row error: 21.107213, col error: 0.000000
Starting Iterative Proportional Fitting (IPF)...
IPF converged at iteration 33
IPF row error: 20.378789, col error: 0.000000
IPF converged at iteration 40
IPF row error: 21.107213, col error: 0.000000
IPF converged at iteration 40
IPF row error: 21.107213, col error: 0.000000
Starting Iterative Proportional Fitting (IPF)...
Starting Iterative Proportional Fitting (IPF)...
Starting Iterative Proportional Fitting (IPF)...
IPF converged at iteration 40
IPF row error: 21.103266, col error: 0.000000
IPF converged at iteration 40
IPF row error: 21.103266, col error: 0.000000
IPF converged at iteration 40
IPF row error: 21.103266, col error: 0.000000
Starting Iterative Proportional Fitting (IPF)...
Starting Iterative Proportional Fitting (IPF)...
Starting Iterative Proportional Fitting (IPF)...
IPF converged at iteration 68
IPF row error: 22.801349, col error: 0.000000
Starting Iterative Proportional Fitting (IPF)...
IPF converged at iteration 26
IPF row error: 20.875125, col error: 0.000000
IPF converged at iteration 26
IPF row error: 21.010002, col error: 0.000000
Starting Iterative Proportional Fitting (IPF)...
Starting Iterative Proportional Fitting (IPF)...
IPF converged at iteration 40
IPF row error: 21.103266, col error: 0.000000
Starting Iterative Proportional Fitting (IPF)...
IPF converged at iteration 27
IPF row error: 18.152622, col error: 0.000000
IPF converged at iteration 40
IPF row error: 21.103266, col error: 0.000000
Starting Iterative Proportional Fitting (IPF)...
Starting Iterative Proportional Fitting (IPF)...
IPF converged at iteration 33
IPF row error: 20.858781, col error: 0.000000
Starting Iterative Proportional Fitting (IPF)...
IPF converged at iteration 40
IPF row error: 21.103266, col error: 0.000000
Starting Iterative Proportional Fitting (IPF)...
IPF converged at iteration 29
IPF row error: 22.997438, col error: 0.000000
Starting Iterative Proportional Fitting (IPF)...
IPF converged at iteration 42
IPF row error: 20.542998, col error: 0.000000
IPF converged at iteration 40
IPF row error: 21.103266, col error: 0.000000
Starting Iterative Proportional Fitting (IPF)...
Starting Iterative Proportional Fitting (IPF)...
IPF converged at iteration 40
IPF row error: 21.103266, col error: 0.000000
Starting Iterative Proportional Fitting (IPF)...
IPF converged at iteration 27
IPF converged at iteration 34
IPF row error: 22.216242, col error: 0.000000
IPF row error: 23.369218, col error: 0.000000
Starting Iterative Proportional Fitting (IPF)...
Starting Iterative Proportional Fitting (IPF)...
IPF converged at iteration 40
IPF row error: 21.103266, col error: 0.000000
Starting Iterative Proportional Fitting (IPF)...
IPF converged at iteration 27
IPF row error: 18.568698, col error: 0.000000
  [2023/test] 진행 420/1750 (24.0%) | 누적 CPC 0.5369 | RMSE 559.1763 | %RMSE 10.6387 | 경과 5.4분 | 예상 남음 17.2분
Starting Iterative Proportional Fitting (IPF)...
IPF converged at iteration 31
IPF row error: 22.002528, col error: 0.000000
Starting Iterative Proportional Fitting (IPF)...
IPF converged at iteration 40
IPF row error: 21.103266, col error: 0.000000
IPF converged at iteration 31
IPF row error: 28.961300, col error: 0.000000
Starting Iterative Proportional Fitting (IPF)...
Starting Iterative Proportional Fitting (IPF)...
IPF converged at iteration 26
IPF row error: 19.722391, col error: 0.000000
IPF converged at iteration 40
IPF row error: 21.103266, col error: 0.000000
Starting Iterative Proportional Fitting (IPF)...
Starting Iterative Proportional Fitting (IPF)...
IPF converged at iteration 27
IPF row error: 18.144025, col error: 0.000000
Starting Iterative Proportional Fitting (IPF)...
IPF converged at iteration 40
IPF row error: 21.103266, col error: 0.000000
Starting Iterative Proportional Fitting (IPF)...
IPF converged at iteration 27
IPF row error: 22.228881, col error: 0.000000
Starting Iterative Proportional Fitting (IPF)...
IPF converged at iteration 40
IPF row error: 21.103266, col error: 0.000000
Starting Iterative Proportional Fitting (IPF)...
IPF converged at iteration 40
IPF row error: 21.103266, col error: 0.000000
IPF converged at iteration 59
Starting Iterative Proportional Fitting (IPF)...
IPF row error: 22.979325, col error: 0.000000
IPF converged at iteration 40
IPF row error: 21.103266, col error: 0.000000
Starting Iterative Proportional Fitting (IPF)...
Starting Iterative Proportional Fitting (IPF)...
IPF converged at iteration 40
IPF row error: 21.103266, col error: 0.000000
Starting Iterative Proportional Fitting (IPF)...
IPF converged at iteration 27
IPF row error: 23.093792, col error: 0.000000
IPF converged at iteration 25
IPF row error: 21.157036, col error: 0.000000
Starting Iterative Proportional Fitting (IPF)...
Starting Iterative Proportional Fitting (IPF)...
IPF converged at iteration 57
IPF row error: 22.728466, col error: 0.000000
IPF converged at iteration 40
IPF row error: 21.103266, col error: 0.000000
Starting Iterative Proportional Fitting (IPF)...
Starting Iterative Proportional Fitting (IPF)...
IPF converged at iteration 40
IPF row error: 21.103266, col error: 0.000000
IPF converged at iteration 40
IPF row error: 21.103266, col error: 0.000000
Starting Iterative Proportional Fitting (IPF)...
Starting Iterative Proportional Fitting (IPF)...
IPF converged at iteration 40
IPF row error: 21.103266, col error: 0.000000
IPF converged at iteration 40
IPF row error: 21.103266, col error: 0.000000Starting Iterative Proportional Fitting (IPF)...

Starting Iterative Proportional Fitting (IPF)...
IPF converged at iteration 40
IPF row error: 21.103266, col error: 0.000000
IPF converged at iteration 40
IPF row error: 21.103266, col error: 0.000000
Starting Iterative Proportional Fitting (IPF)...
Starting Iterative Proportional Fitting (IPF)...
IPF converged at iteration 27
IPF row error: 18.171117, col error: 0.000000
Starting Iterative Proportional Fitting (IPF)...
IPF converged at iteration 40
IPF row error: 21.103266, col error: 0.000000
Starting Iterative Proportional Fitting (IPF)...
IPF converged at iteration 34
IPF row error: 21.347273, col error: 0.000000
Starting Iterative Proportional Fitting (IPF)...
IPF converged at iteration 40
IPF row error: 21.103266, col error: 0.000000
Starting Iterative Proportional Fitting (IPF)...
IPF converged at iteration 26
IPF row error: 18.755502, col error: 0.000000
Starting Iterative Proportional Fitting (IPF)...
IPF converged at iteration 40
IPF row error: 21.103266, col error: 0.000000
Starting Iterative Proportional Fitting (IPF)...
IPF converged at iteration 40
IPF row error: 21.103266, col error: 0.000000
  [2023/test] 진행 450/1750 (25.7%) | 누적 CPC 0.5421 | RMSE 538.6042 | %RMSE 10.2077 | 경과 5.8분 | 예상 남음 16.8분
Starting Iterative Proportional Fitting (IPF)...
IPF converged at iteration 40
IPF row error: 21.135636, col error: 0.000000
Starting Iterative Proportional Fitting (IPF)...
IPF converged at iteration 40
IPF row error: 21.135636, col error: 0.000000
IPF converged at iteration 40
Starting Iterative Proportional Fitting (IPF)...
IPF row error: 21.135636, col error: 0.000000
Starting Iterative Proportional Fitting (IPF)...
IPF converged at iteration 28
IPF row error: 23.115583, col error: 0.000000
IPF converged at iteration 40
IPF row error: 21.135636, col error: 0.000000
Starting Iterative Proportional Fitting (IPF)...
Starting Iterative Proportional Fitting (IPF)...
IPF converged at iteration 32
IPF row error: 20.036182, col error: 0.000000
Starting Iterative Proportional Fitting (IPF)...
IPF converged at iteration 70
IPF row error: 22.094616, col error: 0.000000
Starting Iterative Proportional Fitting (IPF)...
IPF converged at iteration 27
IPF row error: 18.062816, col error: 0.000000
IPF converged at iteration 28
Starting Iterative Proportional Fitting (IPF)...
IPF row error: 20.992650, col error: 0.000000
Starting Iterative Proportional Fitting (IPF)...
IPF converged at iteration 40
IPF row error: 21.135636, col error: 0.000000
Starting Iterative Proportional Fitting (IPF)...
IPF converged at iteration 40
IPF row error: 21.135636, col error: 0.000000
Starting Iterative Proportional Fitting (IPF)...
IPF converged at iteration 40
IPF row error: 21.135636, col error: 0.000000
IPF converged at iteration 40
Starting Iterative Proportional Fitting (IPF)...
IPF row error: 21.135636, col error: 0.000000
Starting Iterative Proportional Fitting (IPF)...
IPF converged at iteration 40
IPF row error: 21.135636, col error: 0.000000
Starting Iterative Proportional Fitting (IPF)...
IPF converged at iteration 40
IPF row error: 21.135636, col error: 0.000000
IPF converged at iteration 31
IPF row error: 22.009553, col error: 0.000000
Starting Iterative Proportional Fitting (IPF)...
Starting Iterative Proportional Fitting (IPF)...
IPF converged at iteration 40
IPF row error: 21.135636, col error: 0.000000
Starting Iterative Proportional Fitting (IPF)...
IPF converged at iteration 23
IPF row error: 20.291492, col error: 0.000000
Starting Iterative Proportional Fitting (IPF)...
IPF converged at iteration 31
IPF row error: 28.859095, col error: 0.000000
Starting Iterative Proportional Fitting (IPF)...
IPF converged at iteration 40
IPF row error: 21.135636, col error: 0.000000
Starting Iterative Proportional Fitting (IPF)...
IPF converged at iteration 40
IPF converged at iteration 34
IPF row error: 21.135636, col error: 0.000000
IPF row error: 20.198554, col error: 0.000000
Starting Iterative Proportional Fitting (IPF)...
Starting Iterative Proportional Fitting (IPF)...
IPF converged at iteration 40
IPF row error: 21.135636, col error: 0.000000
Starting Iterative Proportional Fitting (IPF)...
IPF converged at iteration 40
IPF row error: 21.135636, col error: 0.000000
Starting Iterative Proportional Fitting (IPF)...
IPF converged at iteration 40
IPF converged at iteration 40
IPF row error: 21.135636, col error: 0.000000
IPF row error: 21.135636, col error: 0.000000
Starting Iterative Proportional Fitting (IPF)...
Starting Iterative Proportional Fitting (IPF)...
IPF converged at iteration 40
IPF row error: 21.135636, col error: 0.000000
IPF converged at iteration 31
IPF row error: 31.072388, col error: 0.000000
Starting Iterative Proportional Fitting (IPF)...
Starting Iterative Proportional Fitting (IPF)...
IPF converged at iteration 40
IPF converged at iteration 47
IPF row error: 21.135636, col error: 0.000000
IPF row error: 22.614791, col error: 0.000000
  [2023/test] 진행 480/1750 (27.4%) | 누적 CPC 0.5390 | RMSE 532.6663 | %RMSE 10.3282 | 경과 6.2분 | 예상 남음 16.3분
Starting Iterative Proportional Fitting (IPF)...
Starting Iterative Proportional Fitting (IPF)...
IPF converged at iteration 26
IPF row error: 18.778371, col error: 0.000000
IPF converged at iteration 32
IPF row error: 20.897364, col error: 0.000000
Starting Iterative Proportional Fitting (IPF)...
Starting Iterative Proportional Fitting (IPF)...
IPF converged at iteration 24
IPF row error: 17.324675, col error: 0.000000
Starting Iterative Proportional Fitting (IPF)...
IPF converged at iteration 40
IPF row error: 21.135636, col error: 0.000000
Starting Iterative Proportional Fitting (IPF)...
IPF converged at iteration 26
IPF row error: 20.910205, col error: 0.000000
Starting Iterative Proportional Fitting (IPF)...
IPF converged at iteration 40
IPF row error: 21.135636, col error: 0.000000
IPF converged at iteration 45
IPF row error: 20.004760, col error: 0.000000
Starting Iterative Proportional Fitting (IPF)...
Starting Iterative Proportional Fitting (IPF)...
IPF converged at iteration 37
IPF row error: 20.577275, col error: 0.000000
Starting Iterative Proportional Fitting (IPF)...
IPF converged at iteration 40
IPF row error: 21.135636, col error: 0.000000
Starting Iterative Proportional Fitting (IPF)...
IPF converged at iteration 27
IPF row error: 23.231706, col error: 0.000000
Starting Iterative Proportional Fitting (IPF)...
IPF converged at iteration 40
IPF row error: 21.135636, col error: 0.000000
Starting Iterative Proportional Fitting (IPF)...
IPF converged at iteration 40
IPF row error: 21.135636, col error: 0.000000
Starting Iterative Proportional Fitting (IPF)...
IPF converged at iteration 40
IPF row error: 21.135636, col error: 0.000000
Starting Iterative Proportional Fitting (IPF)...
IPF converged at iteration 40
IPF row error: 21.135636, col error: 0.000000
Starting Iterative Proportional Fitting (IPF)...
IPF converged at iteration 24
IPF row error: 21.404979, col error: 0.000000
Starting Iterative Proportional Fitting (IPF)...
IPF converged at iteration 40
IPF row error: 21.135636, col error: 0.000000
Starting Iterative Proportional Fitting (IPF)...
IPF converged at iteration 44
IPF row error: 21.413500, col error: 0.000000
Starting Iterative Proportional Fitting (IPF)...
IPF converged at iteration 40
IPF row error: 21.135636, col error: 0.000000
Starting Iterative Proportional Fitting (IPF)...
IPF converged at iteration 40
IPF row error: 21.135636, col error: 0.000000
Starting Iterative Proportional Fitting (IPF)...
IPF converged at iteration 40
IPF row error: 21.135636, col error: 0.000000
Starting Iterative Proportional Fitting (IPF)...
IPF converged at iteration 40
IPF row error: 21.088015, col error: 0.000000
Starting Iterative Proportional Fitting (IPF)...
IPF converged at iteration 40
IPF row error: 21.088015, col error: 0.000000
Starting Iterative Proportional Fitting (IPF)...
IPF converged at iteration 40
IPF row error: 21.088015, col error: 0.000000
Starting Iterative Proportional Fitting (IPF)...
IPF converged at iteration 40
IPF row error: 21.088015, col error: 0.000000
Starting Iterative Proportional Fitting (IPF)...
IPF converged at iteration 26
IPF row error: 19.425731, col error: 0.000000
Starting Iterative Proportional Fitting (IPF)...
IPF converged at iteration 40
IPF row error: 21.088015, col error: 0.000000
Starting Iterative Proportional Fitting (IPF)...
IPF converged at iteration 27
IPF row error: 19.869476, col error: 0.000000
Starting Iterative Proportional Fitting (IPF)...
IPF converged at iteration 44
IPF row error: 23.403088, col error: 0.000000
Starting Iterative Proportional Fitting (IPF)...
IPF converged at iteration 27
IPF row error: 22.454359, col error: 0.000000
Starting Iterative Proportional Fitting (IPF)...
IPF converged at iteration 40
IPF row error: 21.088015, col error: 0.000000
  [2023/test] 진행 510/1750 (29.1%) | 누적 CPC 0.5344 | RMSE 527.9738 | %RMSE 10.5174 | 경과 6.5분 | 예상 남음 15.9분
Starting Iterative Proportional Fitting (IPF)...
IPF converged at iteration 24
IPF row error: 19.751246, col error: 0.000000
Starting Iterative Proportional Fitting (IPF)...
IPF converged at iteration 48
IPF row error: 22.416535, col error: 0.000000
IPF converged at iteration 40
IPF row error: 21.088015, col error: 0.000000
Starting Iterative Proportional Fitting (IPF)...
Starting Iterative Proportional Fitting (IPF)...
IPF converged at iteration 31
IPF row error: 20.814839, col error: 0.000000
Starting Iterative Proportional Fitting (IPF)...
IPF converged at iteration 30
IPF row error: 23.836018, col error: 0.000000
Starting Iterative Proportional Fitting (IPF)...
IPF converged at iteration 26
IPF row error: 20.420060, col error: 0.000000
IPF converged at iteration 29
IPF row error: 20.474456, col error: 0.000000
Starting Iterative Proportional Fitting (IPF)...
Starting Iterative Proportional Fitting (IPF)...
IPF converged at iteration 25
IPF row error: 18.215949, col error: 0.000000
Starting Iterative Proportional Fitting (IPF)...
IPF converged at iteration 40
IPF row error: 21.088015, col error: 0.000000
Starting Iterative Proportional Fitting (IPF)...
IPF converged at iteration 38
IPF converged at iteration 40
IPF row error: 20.518153, col error: 0.000000
IPF row error: 21.088015, col error: 0.000000
Starting Iterative Proportional Fitting (IPF)...
Starting Iterative Proportional Fitting (IPF)...
IPF converged at iteration 39
IPF row error: 20.399639, col error: 0.000000
Starting Iterative Proportional Fitting (IPF)...
IPF converged at iteration 24
IPF row error: 17.881517, col error: 0.000000
IPF converged at iteration 40
IPF row error: 21.088015, col error: 0.000000
IPF converged at iteration 27
IPF row error: 19.752988, col error: 0.000000
Starting Iterative Proportional Fitting (IPF)...
Starting Iterative Proportional Fitting (IPF)...
Starting Iterative Proportional Fitting (IPF)...
IPF converged at iteration 27
IPF row error: 20.957233, col error: 0.000000
Starting Iterative Proportional Fitting (IPF)...
IPF converged at iteration 40
IPF row error: 21.088015, col error: 0.000000
IPF converged at iteration 40
IPF row error: 21.088015, col error: 0.000000
Starting Iterative Proportional Fitting (IPF)...
Starting Iterative Proportional Fitting (IPF)...
IPF converged at iteration 45
IPF row error: 19.990189, col error: 0.000000
Starting Iterative Proportional Fitting (IPF)...
IPF converged at iteration 40
IPF row error: 21.088015, col error: 0.000000
IPF converged at iteration 40
IPF row error: 21.088015, col error: 0.000000
Starting Iterative Proportional Fitting (IPF)...
Starting Iterative Proportional Fitting (IPF)...
IPF converged at iteration 67
IPF row error: 21.834345, col error: 0.000000
IPF converged at iteration 42
IPF row error: 23.649517, col error: 0.000000
Starting Iterative Proportional Fitting (IPF)...
Starting Iterative Proportional Fitting (IPF)...
IPF converged at iteration 27
IPF row error: 23.256112, col error: 0.000000
Starting Iterative Proportional Fitting (IPF)...
IPF converged at iteration 40
IPF row error: 21.088015, col error: 0.000000
Starting Iterative Proportional Fitting (IPF)...
IPF converged at iteration 40
IPF row error: 21.088015, col error: 0.000000
IPF converged at iteration 40
IPF row error: 21.088015, col error: 0.000000
Starting Iterative Proportional Fitting (IPF)...
Starting Iterative Proportional Fitting (IPF)...
IPF converged at iteration 24
IPF row error: 21.150267, col error: 0.000000
Starting Iterative Proportional Fitting (IPF)...
IPF converged at iteration 40
IPF row error: 21.088015, col error: 0.000000
Starting Iterative Proportional Fitting (IPF)...
IPF converged at iteration 24
IPF converged at iteration 26
IPF row error: 22.398116, col error: 0.000000
  [2023/test] 진행 540/1750 (30.9%) | 누적 CPC 0.5267 | RMSE 525.2310 | %RMSE 10.8495 | 경과 6.9분 | 예상 남음 15.4분
IPF row error: 22.708097, col error: 0.000000
Starting Iterative Proportional Fitting (IPF)...
Starting Iterative Proportional Fitting (IPF)...
IPF converged at iteration 24
IPF row error: 20.538383, col error: 0.000000
Starting Iterative Proportional Fitting (IPF)...
IPF converged at iteration 24
IPF row error: 21.664622, col error: 0.000000
Starting Iterative Proportional Fitting (IPF)...
IPF converged at iteration 40
IPF row error: 21.088015, col error: 0.000000
Starting Iterative Proportional Fitting (IPF)...
IPF converged at iteration 40
IPF row error: 21.088015, col error: 0.000000
Starting Iterative Proportional Fitting (IPF)...
IPF converged at iteration 40
IPF row error: 21.088015, col error: 0.000000
Starting Iterative Proportional Fitting (IPF)...
IPF converged at iteration 40
IPF row error: 21.088015, col error: 0.000000
Starting Iterative Proportional Fitting (IPF)...
IPF converged at iteration 65
IPF converged at iteration 40
IPF row error: 22.290629, col error: 0.000000
IPF row error: 21.088015, col error: 0.000000
Starting Iterative Proportional Fitting (IPF)...
Starting Iterative Proportional Fitting (IPF)...
IPF converged at iteration 32
IPF row error: 21.115052, col error: 0.000000
IPF converged at iteration 40
IPF row error: 21.105565, col error: 0.000000
Starting Iterative Proportional Fitting (IPF)...
IPF converged at iteration 40
IPF row error: 21.105565, col error: 0.000000
Starting Iterative Proportional Fitting (IPF)...
Starting Iterative Proportional Fitting (IPF)...
IPF converged at iteration 25
IPF row error: 18.551559, col error: 0.000000
Starting Iterative Proportional Fitting (IPF)...
IPF converged at iteration 87
IPF row error: 21.596690, col error: 0.000000
Starting Iterative Proportional Fitting (IPF)...
IPF converged at iteration 40
IPF row error: 21.105565, col error: 0.000000
Starting Iterative Proportional Fitting (IPF)...
IPF converged at iteration 52
IPF row error: 21.906310, col error: 0.000000
Starting Iterative Proportional Fitting (IPF)...
IPF converged at iteration 40
IPF row error: 21.105565, col error: 0.000000
Starting Iterative Proportional Fitting (IPF)...
IPF converged at iteration 40
IPF row error: 21.105565, col error: 0.000000
Starting Iterative Proportional Fitting (IPF)...
IPF converged at iteration 40
IPF row error: 21.105565, col error: 0.000000
Starting Iterative Proportional Fitting (IPF)...
IPF converged at iteration 40
IPF row error: 21.105565, col error: 0.000000
Starting Iterative Proportional Fitting (IPF)...
IPF converged at iteration 40
IPF row error: 21.105565, col error: 0.000000
IPF converged at iteration 31
IPF row error: 28.930381, col error: 0.000000
Starting Iterative Proportional Fitting (IPF)...
Starting Iterative Proportional Fitting (IPF)...
IPF converged at iteration 40
IPF row error: 21.105565, col error: 0.000000
IPF converged at iteration 29
IPF row error: 17.642784, col error: 0.000000
Starting Iterative Proportional Fitting (IPF)...
Starting Iterative Proportional Fitting (IPF)...
IPF converged at iteration 40
IPF row error: 21.105565, col error: 0.000000
Starting Iterative Proportional Fitting (IPF)...
IPF converged at iteration 26
IPF row error: 20.259649, col error: 0.000000
Starting Iterative Proportional Fitting (IPF)...
IPF converged at iteration 59
IPF row error: 22.665621, col error: 0.000000
IPF converged at iteration 40
IPF row error: 21.105565, col error: 0.000000
Starting Iterative Proportional Fitting (IPF)...
Starting Iterative Proportional Fitting (IPF)...
IPF converged at iteration 40
IPF row error: 21.105565, col error: 0.000000
IPF converged at iteration 37
IPF row error: 20.829275, col error: 0.000000
  [2023/test] 진행 570/1750 (32.6%) | 누적 CPC 0.5243 | RMSE 523.8818 | %RMSE 11.0203 | 경과 7.3분 | 예상 남음 15.1분
Starting Iterative Proportional Fitting (IPF)...
Starting Iterative Proportional Fitting (IPF)...
IPF converged at iteration 40
IPF row error: 21.105565, col error: 0.000000
IPF converged at iteration 40
IPF row error: 21.105565, col error: 0.000000
Starting Iterative Proportional Fitting (IPF)...
Starting Iterative Proportional Fitting (IPF)...
IPF converged at iteration 40
IPF converged at iteration 42
IPF row error: 21.105565, col error: 0.000000
IPF row error: 21.805826, col error: 0.000000
IPF converged at iteration 24
IPF row error: 20.096128, col error: 0.000000
Starting Iterative Proportional Fitting (IPF)...
Starting Iterative Proportional Fitting (IPF)...
Starting Iterative Proportional Fitting (IPF)...
IPF converged at iteration 40
IPF row error: 21.105565, col error: 0.000000
Starting Iterative Proportional Fitting (IPF)...
IPF converged at iteration 27
IPF row error: 18.094426, col error: 0.000000
Starting Iterative Proportional Fitting (IPF)...
IPF converged at iteration 40IPF converged at iteration 40

IPF row error: 21.105565, col error: 0.000000
IPF row error: 21.105565, col error: 0.000000
Starting Iterative Proportional Fitting (IPF)...
Starting Iterative Proportional Fitting (IPF)...
IPF converged at iteration 40
IPF row error: 21.105565, col error: 0.000000
Starting Iterative Proportional Fitting (IPF)...
IPF converged at iteration 40
IPF row error: 21.105565, col error: 0.000000
Starting Iterative Proportional Fitting (IPF)...
IPF converged at iteration 40
IPF converged at iteration 40
IPF row error: 21.105565, col error: 0.000000
IPF row error: 21.105565, col error: 0.000000
Starting Iterative Proportional Fitting (IPF)...
Starting Iterative Proportional Fitting (IPF)...
IPF converged at iteration 40
IPF converged at iteration 25
IPF row error: 21.105565, col error: 0.000000
IPF row error: 23.023525, col error: 0.000000
Starting Iterative Proportional Fitting (IPF)...
Starting Iterative Proportional Fitting (IPF)...
IPF converged at iteration 25
IPF row error: 22.736032, col error: 0.000000
Starting Iterative Proportional Fitting (IPF)...
IPF converged at iteration 40
IPF row error: 21.105565, col error: 0.000000
Starting Iterative Proportional Fitting (IPF)...
IPF converged at iteration 40
IPF converged at iteration 40
IPF row error: 21.105565, col error: 0.000000
IPF row error: 21.105565, col error: 0.000000
Starting Iterative Proportional Fitting (IPF)...
Starting Iterative Proportional Fitting (IPF)...
IPF converged at iteration 49
IPF row error: 21.953509, col error: 0.000000
Starting Iterative Proportional Fitting (IPF)...
IPF converged at iteration 40
IPF row error: 21.105565, col error: 0.000000
Starting Iterative Proportional Fitting (IPF)...
IPF converged at iteration 63
IPF row error: 21.803100, col error: 0.000000
IPF converged at iteration 45
IPF row error: 21.258821, col error: 0.000000
IPF converged at iteration 40
IPF row error: 21.105565, col error: 0.000000
Starting Iterative Proportional Fitting (IPF)...
Starting Iterative Proportional Fitting (IPF)...
Starting Iterative Proportional Fitting (IPF)...
IPF converged at iteration 85
IPF row error: 21.702233, col error: 0.000000
Starting Iterative Proportional Fitting (IPF)...
IPF converged at iteration 25
IPF row error: 23.140446, col error: 0.000000
IPF converged at iteration 25
IPF row error: 19.267564, col error: 0.000000
Starting Iterative Proportional Fitting (IPF)...IPF converged at iteration 26

IPF row error: 19.453816, col error: 0.000000
Starting Iterative Proportional Fitting (IPF)...
Starting Iterative Proportional Fitting (IPF)...
IPF converged at iteration 24
IPF row error: 18.837643, col error: 0.000000
IPF converged at iteration 30
Starting Iterative Proportional Fitting (IPF)...
IPF row error: 22.911056, col error: 0.000000
  [2023/test] 진행 600/1750 (34.3%) | 누적 CPC 0.5243 | RMSE 523.0300 | %RMSE 11.1055 | 경과 7.7분 | 예상 남음 14.7분
IPF converged at iteration 27
IPF converged at iteration 40IPF row error: 20.382788, col error: 0.000000

IPF row error: 21.105565, col error: 0.000000
Starting Iterative Proportional Fitting (IPF)...
Starting Iterative Proportional Fitting (IPF)...
Starting Iterative Proportional Fitting (IPF)...
IPF converged at iteration 28
IPF row error: 18.969978, col error: 0.000000
Starting Iterative Proportional Fitting (IPF)...
IPF converged at iteration 40
IPF row error: 21.044641, col error: 0.000000
Starting Iterative Proportional Fitting (IPF)...
IPF converged at iteration 40
IPF converged at iteration 39
IPF row error: 21.044641, col error: 0.000000
IPF row error: 20.375020, col error: 0.000000
Starting Iterative Proportional Fitting (IPF)...
Starting Iterative Proportional Fitting (IPF)...
IPF converged at iteration 26
IPF row error: 23.361498, col error: 0.000000
Starting Iterative Proportional Fitting (IPF)...
IPF converged at iteration 26
IPF row error: 17.772312, col error: 0.000000
Starting Iterative Proportional Fitting (IPF)...
IPF converged at iteration 40
IPF row error: 21.044641, col error: 0.000000
Starting Iterative Proportional Fitting (IPF)...
IPF converged at iteration 40
IPF row error: 21.044641, col error: 0.000000
IPF converged at iteration 62
IPF row error: 21.294523, col error: 0.000000
Starting Iterative Proportional Fitting (IPF)...
Starting Iterative Proportional Fitting (IPF)...
IPF converged at iteration 25
IPF row error: 21.867148, col error: 0.000000
IPF converged at iteration 40
IPF row error: 21.044641, col error: 0.000000
Starting Iterative Proportional Fitting (IPF)...
Starting Iterative Proportional Fitting (IPF)...
IPF converged at iteration 33
IPF row error: 23.305703, col error: 0.000000
Starting Iterative Proportional Fitting (IPF)...
IPF converged at iteration 46
IPF row error: 23.230015, col error: 0.000000
Starting Iterative Proportional Fitting (IPF)...
IPF converged at iteration 40
IPF row error: 21.044641, col error: 0.000000
IPF converged at iteration 40
IPF row error: 21.044641, col error: 0.000000
Starting Iterative Proportional Fitting (IPF)...
Starting Iterative Proportional Fitting (IPF)...
IPF converged at iteration 40
IPF row error: 21.044641, col error: 0.000000
Starting Iterative Proportional Fitting (IPF)...
IPF converged at iteration 36
IPF row error: 22.431622, col error: 0.000000
Starting Iterative Proportional Fitting (IPF)...
IPF converged at iteration 40
IPF row error: 21.044641, col error: 0.000000
Starting Iterative Proportional Fitting (IPF)...
IPF converged at iteration 44
IPF row error: 23.185402, col error: 0.000000
Starting Iterative Proportional Fitting (IPF)...
IPF converged at iteration 40
IPF row error: 21.044641, col error: 0.000000
IPF converged at iteration 31
IPF row error: 23.974657, col error: 0.000000
Starting Iterative Proportional Fitting (IPF)...
Starting Iterative Proportional Fitting (IPF)...
IPF converged at iteration 28
IPF row error: 21.795955, col error: 0.000000
Starting Iterative Proportional Fitting (IPF)...
IPF converged at iteration 40
IPF row error: 21.044641, col error: 0.000000
Starting Iterative Proportional Fitting (IPF)...
IPF converged at iteration 27
IPF row error: 19.268306, col error: 0.000000
Starting Iterative Proportional Fitting (IPF)...
IPF converged at iteration 27
IPF row error: 23.185004, col error: 0.000000
Starting Iterative Proportional Fitting (IPF)...
IPF converged at iteration 61
IPF row error: 22.636591, col error: 0.000000
IPF converged at iteration 74
Starting Iterative Proportional Fitting (IPF)...
IPF converged at iteration 40
IPF row error: 21.377802, col error: 0.000000
IPF row error: 21.044641, col error: 0.000000
  [2023/test] 진행 630/1750 (36.0%) | 누적 CPC 0.5269 | RMSE 515.5155 | %RMSE 10.9222 | 경과 8.0분 | 예상 남음 14.3분
Starting Iterative Proportional Fitting (IPF)...
Starting Iterative Proportional Fitting (IPF)...
IPF converged at iteration 28
IPF row error: 21.163374, col error: 0.000000
Starting Iterative Proportional Fitting (IPF)...
IPF converged at iteration 24
IPF row error: 22.113979, col error: 0.000000
IPF converged at iteration 24
Starting Iterative Proportional Fitting (IPF)...
IPF row error: 20.893676, col error: 0.000000
Starting Iterative Proportional Fitting (IPF)...
IPF converged at iteration 40
IPF row error: 21.044641, col error: 0.000000
Starting Iterative Proportional Fitting (IPF)...
IPF converged at iteration 40
IPF row error: 21.044641, col error: 0.000000
IPF converged at iteration 29
IPF row error: 20.944311, col error: 0.000000
Starting Iterative Proportional Fitting (IPF)...
Starting Iterative Proportional Fitting (IPF)...
IPF converged at iteration 40
IPF row error: 21.044641, col error: 0.000000
Starting Iterative Proportional Fitting (IPF)...
IPF converged at iteration 40
IPF row error: 21.044641, col error: 0.000000
Starting Iterative Proportional Fitting (IPF)...
IPF converged at iteration 40
IPF row error: 21.044641, col error: 0.000000
IPF converged at iteration 40
IPF row error: 21.044641, col error: 0.000000
Starting Iterative Proportional Fitting (IPF)...
Starting Iterative Proportional Fitting (IPF)...
IPF converged at iteration 40
IPF row error: 21.044641, col error: 0.000000
IPF converged at iteration 26
IPF row error: 20.325582, col error: 0.000000
Starting Iterative Proportional Fitting (IPF)...
Starting Iterative Proportional Fitting (IPF)...
IPF converged at iteration 23
IPF row error: 23.367558, col error: 0.000000
Starting Iterative Proportional Fitting (IPF)...
IPF converged at iteration 40
IPF row error: 21.044641, col error: 0.000000
Starting Iterative Proportional Fitting (IPF)...
IPF converged at iteration 46
IPF row error: 20.878535, col error: 0.000000
IPF converged at iteration 40
Starting Iterative Proportional Fitting (IPF)...
IPF row error: 21.044641, col error: 0.000000
IPF converged at iteration 70
IPF row error: 22.142251, col error: 0.000000
Starting Iterative Proportional Fitting (IPF)...
Starting Iterative Proportional Fitting (IPF)...
IPF converged at iteration 31
IPF converged at iteration 40
IPF row error: 19.728118, col error: 0.000000
IPF row error: 21.044641, col error: 0.000000
IPF converged at iteration 27
IPF row error: 21.500765, col error: 0.000000
Starting Iterative Proportional Fitting (IPF)...
IPF converged at iteration 31
Starting Iterative Proportional Fitting (IPF)...
IPF row error: 22.953262, col error: 0.000000
Starting Iterative Proportional Fitting (IPF)...
Starting Iterative Proportional Fitting (IPF)...
IPF converged at iteration 27
IPF row error: 17.767652, col error: 0.000000
IPF converged at iteration 25
IPF row error: 16.886763, col error: 0.000000
Starting Iterative Proportional Fitting (IPF)...
Starting Iterative Proportional Fitting (IPF)...
IPF converged at iteration 40
IPF row error: 21.392351, col error: 0.000000
IPF converged at iteration 40
IPF row error: 21.392351, col error: 0.000000
Starting Iterative Proportional Fitting (IPF)...
Starting Iterative Proportional Fitting (IPF)...
IPF converged at iteration 40
IPF converged at iteration 40
IPF row error: 21.392351, col error: 0.000000
IPF row error: 21.319908, col error: 0.000000
Starting Iterative Proportional Fitting (IPF)...
Starting Iterative Proportional Fitting (IPF)...
IPF converged at iteration 40
IPF row error: 21.392351, col error: 0.000000
IPF converged at iteration 40
IPF row error: 21.392351, col error: 0.000000
Starting Iterative Proportional Fitting (IPF)...
Starting Iterative Proportional Fitting (IPF)...
IPF converged at iteration 24
IPF row error: 17.819095, col error: 0.000000
  [2023/test] 진행 660/1750 (37.7%) | 누적 CPC 0.5284 | RMSE 521.4236 | %RMSE 10.8796 | 경과 8.4분 | 예상 남음 13.9분
Starting Iterative Proportional Fitting (IPF)...
IPF converged at iteration 24
IPF row error: 21.015507, col error: 0.000000
Starting Iterative Proportional Fitting (IPF)...
IPF converged at iteration 40
IPF converged at iteration 24
IPF row error: 21.392351, col error: 0.000000
IPF row error: 23.115229, col error: 0.000000
IPF converged at iteration 56
IPF row error: 22.595259, col error: 0.000000
Starting Iterative Proportional Fitting (IPF)...
Starting Iterative Proportional Fitting (IPF)...
Starting Iterative Proportional Fitting (IPF)...
IPF converged at iteration 40
IPF row error: 21.392351, col error: 0.000000
IPF converged at iteration 25
IPF row error: 23.341513, col error: 0.000000
Starting Iterative Proportional Fitting (IPF)...
Starting Iterative Proportional Fitting (IPF)...
IPF converged at iteration 33
IPF row error: 23.611396, col error: 0.000000
IPF converged at iteration 40
Starting Iterative Proportional Fitting (IPF)...
IPF row error: 21.392351, col error: 0.000000
Starting Iterative Proportional Fitting (IPF)...
IPF converged at iteration 33
IPF row error: 23.740043, col error: 0.000000
Starting Iterative Proportional Fitting (IPF)...
IPF converged at iteration 40
IPF row error: 21.392351, col error: 0.000000
IPF converged at iteration 28
Starting Iterative Proportional Fitting (IPF)...
IPF row error: 17.718875, col error: 0.000000
Starting Iterative Proportional Fitting (IPF)...
IPF converged at iteration 37
IPF row error: 21.834119, col error: 0.000000
Starting Iterative Proportional Fitting (IPF)...
IPF converged at iteration 27
IPF row error: 19.906815, col error: 0.000000
Starting Iterative Proportional Fitting (IPF)...
IPF converged at iteration 40
IPF converged at iteration 28
IPF row error: 21.392351, col error: 0.000000
IPF row error: 23.572385, col error: 0.000000
Starting Iterative Proportional Fitting (IPF)...
Starting Iterative Proportional Fitting (IPF)...
IPF converged at iteration 40
IPF row error: 21.392351, col error: 0.000000
Starting Iterative Proportional Fitting (IPF)...
IPF converged at iteration 36
IPF converged at iteration 40
IPF row error: 20.168446, col error: 0.000000
IPF row error: 21.392351, col error: 0.000000
Starting Iterative Proportional Fitting (IPF)...
Starting Iterative Proportional Fitting (IPF)...
IPF converged at iteration 54
IPF row error: 23.191723, col error: 0.000000
Starting Iterative Proportional Fitting (IPF)...
IPF converged at iteration 40
IPF row error: 21.392351, col error: 0.000000
IPF converged at iteration 26
Starting Iterative Proportional Fitting (IPF)...
IPF row error: 20.834571, col error: 0.000000
Starting Iterative Proportional Fitting (IPF)...
IPF converged at iteration 76
IPF row error: 23.316332, col error: 0.000000
Starting Iterative Proportional Fitting (IPF)...
IPF converged at iteration 66
IPF row error: 21.316861, col error: 0.000000
IPF converged at iteration 25
IPF row error: 20.183684, col error: 0.000000
Starting Iterative Proportional Fitting (IPF)...
Starting Iterative Proportional Fitting (IPF)...
IPF converged at iteration 42
IPF row error: 22.866613, col error: 0.000000
Starting Iterative Proportional Fitting (IPF)...
IPF converged at iteration 35
IPF row error: 23.046630, col error: 0.000000
IPF converged at iteration 58
IPF row error: 20.839473, col error: 0.000000
Starting Iterative Proportional Fitting (IPF)...
Starting Iterative Proportional Fitting (IPF)...
IPF converged at iteration 43
IPF row error: 21.839687, col error: 0.000000
Starting Iterative Proportional Fitting (IPF)...
IPF converged at iteration 40
IPF row error: 21.392351, col error: 0.000000
Starting Iterative Proportional Fitting (IPF)...
IPF converged at iteration 28
IPF converged at iteration 40
IPF row error: 20.733898, col error: 0.000000
  [2023/test] 진행 690/1750 (39.4%) | 누적 CPC 0.5283 | RMSE 550.3531 | %RMSE 11.0811 | 경과 8.8분 | 예상 남음 13.5분
IPF row error: 21.392351, col error: 0.000000
Starting Iterative Proportional Fitting (IPF)...
Starting Iterative Proportional Fitting (IPF)...
IPF converged at iteration 25
IPF row error: 18.522525, col error: 0.000000
IPF converged at iteration 26
IPF row error: 19.831071, col error: 0.000000
Starting Iterative Proportional Fitting (IPF)...
Starting Iterative Proportional Fitting (IPF)...
IPF converged at iteration 77
IPF row error: 22.567070, col error: 0.000000
IPF converged at iteration 40
IPF row error: 21.392351, col error: 0.000000
Starting Iterative Proportional Fitting (IPF)...
Starting Iterative Proportional Fitting (IPF)...
IPF converged at iteration 25
IPF row error: 20.554852, col error: 0.000000
Starting Iterative Proportional Fitting (IPF)...
IPF converged at iteration 40
IPF row error: 21.392351, col error: 0.000000
Starting Iterative Proportional Fitting (IPF)...
IPF converged at iteration 40
IPF row error: 21.392351, col error: 0.000000
Starting Iterative Proportional Fitting (IPF)...
IPF converged at iteration 69
IPF row error: 22.585761, col error: 0.000000
Starting Iterative Proportional Fitting (IPF)...
IPF converged at iteration 40
IPF row error: 21.392351, col error: 0.000000
Starting Iterative Proportional Fitting (IPF)...
IPF converged at iteration 76
IPF row error: 22.501318, col error: 0.000000
Starting Iterative Proportional Fitting (IPF)...
IPF converged at iteration 45
IPF row error: 22.369092, col error: 0.000000
Starting Iterative Proportional Fitting (IPF)...
IPF converged at iteration 82
IPF row error: 21.857788, col error: 0.000000
Starting Iterative Proportional Fitting (IPF)...
IPF converged at iteration 83
IPF row error: 21.758635, col error: 0.000000
Starting Iterative Proportional Fitting (IPF)...
IPF converged at iteration 31
IPF row error: 23.671125, col error: 0.000000
Starting Iterative Proportional Fitting (IPF)...
IPF converged at iteration 90
IPF row error: 22.916514, col error: 0.000000
Starting Iterative Proportional Fitting (IPF)...
IPF converged at iteration 83
IPF row error: 21.842706, col error: 0.000000
Starting Iterative Proportional Fitting (IPF)...
IPF converged at iteration 66
IPF row error: 21.857793, col error: 0.000000
Starting Iterative Proportional Fitting (IPF)...
IPF converged at iteration 28
IPF row error: 20.988640, col error: 0.000000
Starting Iterative Proportional Fitting (IPF)...
IPF converged at iteration 90
IPF row error: 22.493974, col error: 0.000000
Starting Iterative Proportional Fitting (IPF)...
IPF converged at iteration 24
IPF row error: 22.785041, col error: 0.000000
Starting Iterative Proportional Fitting (IPF)...
IPF converged at iteration 83
IPF row error: 21.420595, col error: 0.000000
Starting Iterative Proportional Fitting (IPF)...
IPF converged at iteration 91
IPF row error: 22.187721, col error: 0.000000
Starting Iterative Proportional Fitting (IPF)...
IPF converged at iteration 82
IPF row error: 22.447502, col error: 0.000000
Starting Iterative Proportional Fitting (IPF)...
IPF converged at iteration 26
IPF row error: 19.627357, col error: 0.000000
Starting Iterative Proportional Fitting (IPF)...
IPF converged at iteration 82
IPF row error: 22.204447, col error: 0.000000
Starting Iterative Proportional Fitting (IPF)...
IPF converged at iteration 28
IPF row error: 20.713298, col error: 0.000000
Starting Iterative Proportional Fitting (IPF)...
IPF converged at iteration 82
IPF row error: 21.857840, col error: 0.000000
Starting Iterative Proportional Fitting (IPF)...
IPF converged at iteration 83
IPF row error: 22.177844, col error: 0.000000
Starting Iterative Proportional Fitting (IPF)...
IPF converged at iteration 30
IPF row error: 22.123510, col error: 0.000000
  [2023/test] 진행 720/1750 (41.1%) | 누적 CPC 0.5205 | RMSE 588.3680 | %RMSE 11.2600 | 경과 9.3분 | 예상 남음 13.4분
Starting Iterative Proportional Fitting (IPF)...
IPF converged at iteration 81
IPF row error: 23.239301, col error: 0.000000
Starting Iterative Proportional Fitting (IPF)...
IPF converged at iteration 83
IPF row error: 21.842706, col error: 0.000000
IPF converged at iteration 48
IPF row error: 20.509112, col error: 0.000000
Starting Iterative Proportional Fitting (IPF)...
Starting Iterative Proportional Fitting (IPF)...
IPF converged at iteration 26
IPF row error: 21.867921, col error: 0.000000
Starting Iterative Proportional Fitting (IPF)...
IPF converged at iteration 26
IPF row error: 22.507247, col error: 0.000000
Starting Iterative Proportional Fitting (IPF)...
IPF converged at iteration 90
IPF row error: 22.493974, col error: 0.000000
Starting Iterative Proportional Fitting (IPF)...
IPF converged at iteration 26
IPF row error: 22.685393, col error: 0.000000
Starting Iterative Proportional Fitting (IPF)...
IPF converged at iteration 91
IPF row error: 22.863303, col error: 0.000000
Starting Iterative Proportional Fitting (IPF)...
IPF converged at iteration 91
IPF row error: 22.994192, col error: 0.000000
Starting Iterative Proportional Fitting (IPF)...
IPF converged at iteration 82
IPF row error: 21.454702, col error: 0.000000
Starting Iterative Proportional Fitting (IPF)...
IPF converged at iteration 82
IPF row error: 22.110134, col error: 0.000000
Starting Iterative Proportional Fitting (IPF)...
IPF converged at iteration 81
IPF row error: 22.753518, col error: 0.000000
Starting Iterative Proportional Fitting (IPF)...
IPF converged at iteration 81
IPF row error: 23.239301, col error: 0.000000
IPF converged at iteration 25
IPF row error: 17.145931, col error: 0.000000
Starting Iterative Proportional Fitting (IPF)...
Starting Iterative Proportional Fitting (IPF)...
IPF converged at iteration 82
IPF row error: 21.857840, col error: 0.000000
Starting Iterative Proportional Fitting (IPF)...
IPF converged at iteration 27
IPF row error: 21.625958, col error: 0.000000
Starting Iterative Proportional Fitting (IPF)...
IPF converged at iteration 27
IPF row error: 22.362843, col error: 0.000000
Starting Iterative Proportional Fitting (IPF)...
IPF converged at iteration 82
IPF row error: 22.029218, col error: 0.000000
Starting Iterative Proportional Fitting (IPF)...
IPF converged at iteration 91
IPF row error: 22.966244, col error: 0.000000
Starting Iterative Proportional Fitting (IPF)...
IPF converged at iteration 81
IPF row error: 22.753518, col error: 0.000000
Starting Iterative Proportional Fitting (IPF)...
IPF converged at iteration 86
IPF row error: 22.620609, col error: 0.000000
Starting Iterative Proportional Fitting (IPF)...
IPF converged at iteration 83
IPF row error: 21.724475, col error: 0.000000
Starting Iterative Proportional Fitting (IPF)...
IPF converged at iteration 27
IPF row error: 18.986571, col error: 0.000000
Starting Iterative Proportional Fitting (IPF)...
IPF converged at iteration 82
IPF row error: 22.029197, col error: 0.000000
IPF converged at iteration 25
IPF row error: 22.116890, col error: 0.000000
Starting Iterative Proportional Fitting (IPF)...
Starting Iterative Proportional Fitting (IPF)...
IPF converged at iteration 83
IPF row error: 21.840921, col error: 0.000000
Starting Iterative Proportional Fitting (IPF)...
IPF converged at iteration 52
IPF row error: 21.273582, col error: 0.000000
Starting Iterative Proportional Fitting (IPF)...
IPF converged at iteration 91
IPF row error: 22.994192, col error: 0.000000
Starting Iterative Proportional Fitting (IPF)...
IPF converged at iteration 24
IPF row error: 18.945321, col error: 0.000000
IPF converged at iteration 82
IPF row error: 22.204447, col error: 0.000000
  [2023/test] 진행 750/1750 (42.9%) | 누적 CPC 0.5098 | RMSE 627.4626 | %RMSE 11.4076 | 경과 9.9분 | 예상 남음 13.2분
Starting Iterative Proportional Fitting (IPF)...
Starting Iterative Proportional Fitting (IPF)...
IPF converged at iteration 83
IPF row error: 22.049961, col error: 0.000000
Starting Iterative Proportional Fitting (IPF)...
IPF converged at iteration 24
IPF row error: 20.491028, col error: 0.000000
Starting Iterative Proportional Fitting (IPF)...
IPF converged at iteration 63
IPF row error: 21.717891, col error: 0.000000
Starting Iterative Proportional Fitting (IPF)...
IPF converged at iteration 80
IPF row error: 22.515968, col error: 0.000000
Starting Iterative Proportional Fitting (IPF)...
IPF converged at iteration 81
IPF row error: 22.044425, col error: 0.000000
IPF converged at iteration 91
Starting Iterative Proportional Fitting (IPF)...
IPF row error: 22.412100, col error: 0.000000
Starting Iterative Proportional Fitting (IPF)...
IPF converged at iteration 65
IPF row error: 21.646355, col error: 0.000000
Starting Iterative Proportional Fitting (IPF)...
IPF converged at iteration 29
IPF row error: 21.717197, col error: 0.000000
Starting Iterative Proportional Fitting (IPF)...
IPF converged at iteration 81
IPF row error: 22.329864, col error: 0.000000
Starting Iterative Proportional Fitting (IPF)...
IPF converged at iteration 30
IPF row error: 23.110619, col error: 0.000000
IPF converged at iteration 81
IPF row error: 22.502528, col error: 0.000000
Starting Iterative Proportional Fitting (IPF)...
IPF converged at iteration 78
IPF row error: 22.750061, col error: 0.000000
Starting Iterative Proportional Fitting (IPF)...
Starting Iterative Proportional Fitting (IPF)...
IPF converged at iteration 24
IPF row error: 22.664366, col error: 0.000000
IPF converged at iteration 81
IPF row error: 22.502528, col error: 0.000000
Starting Iterative Proportional Fitting (IPF)...
Starting Iterative Proportional Fitting (IPF)...
IPF converged at iteration 33
IPF converged at iteration 27
IPF row error: 20.627877, col error: 0.000000IPF row error: 21.230537, col error: 0.000000

Starting Iterative Proportional Fitting (IPF)...
Starting Iterative Proportional Fitting (IPF)...
IPF converged at iteration 57
IPF row error: 21.090672, col error: 0.000000
Starting Iterative Proportional Fitting (IPF)...
IPF converged at iteration 80
IPF row error: 22.479035, col error: 0.000000
Starting Iterative Proportional Fitting (IPF)...
IPF converged at iteration 80
IPF converged at iteration 80
IPF row error: 21.814877, col error: 0.000000
IPF converged at iteration 25
IPF row error: 22.515968, col error: 0.000000
IPF row error: 22.235142, col error: 0.000000
Starting Iterative Proportional Fitting (IPF)...
Starting Iterative Proportional Fitting (IPF)...
Starting Iterative Proportional Fitting (IPF)...
IPF converged at iteration 25
IPF row error: 21.697969, col error: 0.000000
IPF converged at iteration 26
IPF row error: 18.972106, col error: 0.000000
Starting Iterative Proportional Fitting (IPF)...
Starting Iterative Proportional Fitting (IPF)...
IPF converged at iteration 82
IPF row error: 22.278854, col error: 0.000000
IPF converged at iteration 80
Starting Iterative Proportional Fitting (IPF)...
IPF row error: 22.486250, col error: 0.000000
Starting Iterative Proportional Fitting (IPF)...
IPF converged at iteration 25
IPF row error: 17.972912, col error: 0.000000
IPF converged at iteration 80
IPF row error: 22.295372, col error: 0.000000
Starting Iterative Proportional Fitting (IPF)...
IPF converged at iteration 27
IPF row error: 18.000362, col error: 0.000000
Starting Iterative Proportional Fitting (IPF)...
Starting Iterative Proportional Fitting (IPF)...
IPF converged at iteration 89
IPF row error: 22.438279, col error: 0.000000
Starting Iterative Proportional Fitting (IPF)...
IPF converged at iteration 26
IPF row error: 18.719688, col error: 0.000000
  [2023/test] 진행 780/1750 (44.6%) | 누적 CPC 0.4981 | RMSE 645.5740 | %RMSE 11.4463 | 경과 10.5분 | 예상 남음 13.0분
IPF converged at iteration 24
IPF row error: 23.032000, col error: 0.000000
Starting Iterative Proportional Fitting (IPF)...
Starting Iterative Proportional Fitting (IPF)...
IPF converged at iteration 25
IPF row error: 19.724300, col error: 0.000000
IPF converged at iteration 27
Starting Iterative Proportional Fitting (IPF)...IPF row error: 18.690974, col error: 0.000000

Starting Iterative Proportional Fitting (IPF)...
IPF converged at iteration 69
IPF row error: 21.298639, col error: 0.000000
Starting Iterative Proportional Fitting (IPF)...
IPF converged at iteration 84
IPF row error: 23.007852, col error: 0.000000
Starting Iterative Proportional Fitting (IPF)...
IPF converged at iteration 38
IPF row error: 23.609005, col error: 0.000000
Starting Iterative Proportional Fitting (IPF)...
IPF converged at iteration 26
IPF row error: 19.299193, col error: 0.000000
Starting Iterative Proportional Fitting (IPF)...
IPF converged at iteration 26
IPF row error: 17.606559, col error: 0.000000
Starting Iterative Proportional Fitting (IPF)...
IPF converged at iteration 80
IPF row error: 21.926054, col error: 0.000000
IPF converged at iteration 25
IPF row error: 19.512388, col error: 0.000000
Starting Iterative Proportional Fitting (IPF)...
Starting Iterative Proportional Fitting (IPF)...
IPF converged at iteration 27
IPF converged at iteration 25
IPF row error: 18.271133, col error: 0.000000
IPF row error: 19.302757, col error: 0.000000
Starting Iterative Proportional Fitting (IPF)...
Starting Iterative Proportional Fitting (IPF)...
IPF converged at iteration 89
IPF row error: 23.256421, col error: 0.000000
Starting Iterative Proportional Fitting (IPF)...
IPF converged at iteration 81
IPF row error: 22.777699, col error: 0.000000
Starting Iterative Proportional Fitting (IPF)...
IPF converged at iteration 82
IPF row error: 22.278854, col error: 0.000000
Starting Iterative Proportional Fitting (IPF)...
IPF converged at iteration 91
IPF row error: 22.412100, col error: 0.000000
IPF converged at iteration 81
IPF row error: 22.044425, col error: 0.000000
Starting Iterative Proportional Fitting (IPF)...
Starting Iterative Proportional Fitting (IPF)...
IPF converged at iteration 31
IPF row error: 27.852019, col error: 0.000000
Starting Iterative Proportional Fitting (IPF)...
IPF converged at iteration 25
IPF row error: 18.567448, col error: 0.000000
Starting Iterative Proportional Fitting (IPF)...
IPF converged at iteration 80
IPF row error: 21.814877, col error: 0.000000
Starting Iterative Proportional Fitting (IPF)...
IPF converged at iteration 81
IPF row error: 22.777684, col error: 0.000000
Starting Iterative Proportional Fitting (IPF)...
IPF converged at iteration 75
IPF row error: 22.049518, col error: 0.000000
Starting Iterative Proportional Fitting (IPF)...
IPF converged at iteration 23
IPF row error: 21.886182, col error: 0.000000
Starting Iterative Proportional Fitting (IPF)...
IPF converged at iteration 83
IPF row error: 22.386948, col error: 0.000000
Starting Iterative Proportional Fitting (IPF)...
IPF converged at iteration 83
IPF row error: 21.802556, col error: 0.000000
Starting Iterative Proportional Fitting (IPF)...
IPF converged at iteration 26
IPF row error: 20.694543, col error: 0.000000
Starting Iterative Proportional Fitting (IPF)...
IPF converged at iteration 27
IPF row error: 23.273164, col error: 0.000000
Starting Iterative Proportional Fitting (IPF)...
IPF converged at iteration 73
IPF row error: 21.677908, col error: 0.000000
Starting Iterative Proportional Fitting (IPF)...
IPF converged at iteration 87
IPF row error: 23.272525, col error: 0.000000
Starting Iterative Proportional Fitting (IPF)...
IPF converged at iteration 87
IPF row error: 21.646219, col error: 0.000000
  [2023/test] 진행 810/1750 (46.3%) | 누적 CPC 0.4872 | RMSE 658.2117 | %RMSE 11.5287 | 경과 11.0분 | 예상 남음 12.7분
Starting Iterative Proportional Fitting (IPF)...
IPF converged at iteration 25
IPF row error: 18.507900, col error: 0.000000
Starting Iterative Proportional Fitting (IPF)...
IPF converged at iteration 36
IPF row error: 20.629656, col error: 0.000000
Starting Iterative Proportional Fitting (IPF)...
IPF converged at iteration 32
IPF row error: 23.001298, col error: 0.000000
IPF converged at iteration 79
IPF row error: 21.508329, col error: 0.000000
Starting Iterative Proportional Fitting (IPF)...
Starting Iterative Proportional Fitting (IPF)...
IPF converged at iteration 24
IPF row error: 22.925146, col error: 0.000000
Starting Iterative Proportional Fitting (IPF)...
IPF converged at iteration 25
IPF row error: 17.964237, col error: 0.000000
Starting Iterative Proportional Fitting (IPF)...
IPF converged at iteration 82
IPF row error: 22.740837, col error: 0.000000
Starting Iterative Proportional Fitting (IPF)...
IPF converged at iteration 83
IPF row error: 21.870803, col error: 0.000000
Starting Iterative Proportional Fitting (IPF)...
IPF converged at iteration 83
IPF row error: 21.802484, col error: 0.000000
IPF converged at iteration 93
IPF row error: 21.650845, col error: 0.000000
IPF converged at iteration 27
IPF row error: 20.706909, col error: 0.000000
Starting Iterative Proportional Fitting (IPF)...
Starting Iterative Proportional Fitting (IPF)...
Starting Iterative Proportional Fitting (IPF)...
IPF converged at iteration 79
IPF row error: 21.949977, col error: 0.000000
Starting Iterative Proportional Fitting (IPF)...
IPF converged at iteration 29
IPF row error: 19.335914, col error: 0.000000
Starting Iterative Proportional Fitting (IPF)...
IPF converged at iteration 43
IPF row error: 20.798507, col error: 0.000000
Starting Iterative Proportional Fitting (IPF)...
IPF converged at iteration 49
IPF row error: 21.100012, col error: 0.000000
Starting Iterative Proportional Fitting (IPF)...
IPF converged at iteration 28
IPF row error: 21.616895, col error: 0.000000
IPF converged at iteration 25
IPF row error: 18.558627, col error: 0.000000
Starting Iterative Proportional Fitting (IPF)...
Starting Iterative Proportional Fitting (IPF)...
IPF converged at iteration 83
IPF row error: 21.870987, col error: 0.000000
Starting Iterative Proportional Fitting (IPF)...
IPF converged at iteration 91
IPF row error: 23.227648, col error: 0.000000
Starting Iterative Proportional Fitting (IPF)...
IPF converged at iteration 79
IPF row error: 21.554363, col error: 0.000000
Starting Iterative Proportional Fitting (IPF)...
IPF converged at iteration 35
IPF row error: 23.020418, col error: 0.000000
Starting Iterative Proportional Fitting (IPF)...
IPF converged at iteration 92
IPF row error: 22.003685, col error: 0.000000
Starting Iterative Proportional Fitting (IPF)...
IPF converged at iteration 24
IPF row error: 22.928518, col error: 0.000000
IPF converged at iteration 93
Starting Iterative Proportional Fitting (IPF)...
IPF row error: 22.133179, col error: 0.000000
Starting Iterative Proportional Fitting (IPF)...
IPF converged at iteration 24
IPF row error: 18.568053, col error: 0.000000
Starting Iterative Proportional Fitting (IPF)...
IPF converged at iteration 87
IPF row error: 21.646219, col error: 0.000000
Starting Iterative Proportional Fitting (IPF)...
IPF converged at iteration 83
IPF row error: 21.957015, col error: 0.000000
Starting Iterative Proportional Fitting (IPF)...
IPF converged at iteration 40
IPF row error: 22.894481, col error: 0.000000
Starting Iterative Proportional Fitting (IPF)...
IPF converged at iteration 25
IPF row error: 19.334283, col error: 0.000000
Starting Iterative Proportional Fitting (IPF)...
IPF converged at iteration 83
IPF row error: 21.802484, col error: 0.000000
  [2023/test] 진행 840/1750 (48.0%) | 누적 CPC 0.4775 | RMSE 663.6573 | %RMSE 11.7040 | 경과 11.5분 | 예상 남음 12.4분
Starting Iterative Proportional Fitting (IPF)...
IPF converged at iteration 25
IPF row error: 17.489162, col error: 0.000000
Starting Iterative Proportional Fitting (IPF)...
IPF converged at iteration 75
IPF row error: 22.047190, col error: 0.000000
Starting Iterative Proportional Fitting (IPF)...
IPF converged at iteration 83
IPF row error: 21.870803, col error: 0.000000
Starting Iterative Proportional Fitting (IPF)...
IPF converged at iteration 83
IPF row error: 22.780699, col error: 0.000000
Starting Iterative Proportional Fitting (IPF)...
IPF converged at iteration 84
IPF row error: 21.451222, col error: 0.000000
Starting Iterative Proportional Fitting (IPF)...
IPF converged at iteration 93
IPF row error: 21.783299, col error: 0.000000
Starting Iterative Proportional Fitting (IPF)...
IPF converged at iteration 62
IPF row error: 21.358723, col error: 0.000000
Starting Iterative Proportional Fitting (IPF)...
IPF converged at iteration 83
IPF row error: 22.386948, col error: 0.000000
Starting Iterative Proportional Fitting (IPF)...
IPF converged at iteration 93
IPF row error: 21.783299, col error: 0.000000
Starting Iterative Proportional Fitting (IPF)...
IPF converged at iteration 87
IPF row error: 23.272525, col error: 0.000000
IPF converged at iteration 83
IPF row error: 22.475270, col error: 0.000000
Starting Iterative Proportional Fitting (IPF)...
Starting Iterative Proportional Fitting (IPF)...
IPF converged at iteration 31
IPF row error: 19.585366, col error: 0.000000
Starting Iterative Proportional Fitting (IPF)...
IPF converged at iteration 26
IPF row error: 21.773280, col error: 0.000000
Starting Iterative Proportional Fitting (IPF)...
IPF converged at iteration 31
IPF row error: 29.836291, col error: 0.000000
IPF converged at iteration 91
Starting Iterative Proportional Fitting (IPF)...
IPF row error: 23.255827, col error: 0.000000
Starting Iterative Proportional Fitting (IPF)...
IPF converged at iteration 24
IPF row error: 21.543963, col error: 0.000000
IPF converged at iteration 33
IPF row error: 20.193289, col error: 0.000000
Starting Iterative Proportional Fitting (IPF)...
Starting Iterative Proportional Fitting (IPF)...
IPF converged at iteration 74
IPF row error: 21.567452, col error: 0.000000
IPF converged at iteration 26
IPF row error: 17.711982, col error: 0.000000
Starting Iterative Proportional Fitting (IPF)...
Starting Iterative Proportional Fitting (IPF)...
IPF converged at iteration 34
IPF row error: 20.142047, col error: 0.000000
Starting Iterative Proportional Fitting (IPF)...
IPF converged at iteration 25
IPF row error: 18.249500, col error: 0.000000
Starting Iterative Proportional Fitting (IPF)...
IPF converged at iteration 92
IPF row error: 21.795444, col error: 0.000000
Starting Iterative Proportional Fitting (IPF)...
IPF converged at iteration 41
IPF row error: 21.375575, col error: 0.000000
Starting Iterative Proportional Fitting (IPF)...
IPF converged at iteration 27
IPF row error: 18.839982, col error: 0.000000
Starting Iterative Proportional Fitting (IPF)...
IPF converged at iteration 24
IPF row error: 20.433027, col error: 0.000000
Starting Iterative Proportional Fitting (IPF)...
IPF converged at iteration 83
IPF row error: 22.411113, col error: 0.000000
IPF converged at iteration 27
Starting Iterative Proportional Fitting (IPF)...
IPF row error: 18.697950, col error: 0.000000
Starting Iterative Proportional Fitting (IPF)...
IPF converged at iteration 26
IPF row error: 17.582263, col error: 0.000000
Starting Iterative Proportional Fitting (IPF)...
IPF converged at iteration 32
IPF row error: 19.762824, col error: 0.000000
IPF converged at iteration 42
IPF row error: 20.266507, col error: 0.000000
  [2023/test] 진행 870/1750 (49.7%) | 누적 CPC 0.4685 | RMSE 657.4456 | %RMSE 11.7269 | 경과 12.0분 | 예상 남음 12.2분
IPF converged at iteration 82
Starting Iterative Proportional Fitting (IPF)...
IPF row error: 22.900994, col error: 0.000000
Starting Iterative Proportional Fitting (IPF)...
Starting Iterative Proportional Fitting (IPF)...
IPF converged at iteration 91
IPF row error: 22.272718, col error: 0.000000
Starting Iterative Proportional Fitting (IPF)...
IPF converged at iteration 46
IPF row error: 20.538239, col error: 0.000000
Starting Iterative Proportional Fitting (IPF)...
IPF converged at iteration 82
IPF row error: 22.630757, col error: 0.000000
IPF converged at iteration 83
IPF converged at iteration 32
Starting Iterative Proportional Fitting (IPF)...
IPF row error: 19.356859, col error: 0.000000
IPF row error: 23.269278, col error: 0.000000
Starting Iterative Proportional Fitting (IPF)...
Starting Iterative Proportional Fitting (IPF)...
IPF converged at iteration 26
IPF row error: 18.836358, col error: 0.000000
Starting Iterative Proportional Fitting (IPF)...
IPF converged at iteration 83
IPF row error: 22.493514, col error: 0.000000
Starting Iterative Proportional Fitting (IPF)...
IPF converged at iteration 83
IPF row error: 22.137285, col error: 0.000000
Starting Iterative Proportional Fitting (IPF)...
IPF converged at iteration 91
IPF row error: 22.548810, col error: 0.000000
Starting Iterative Proportional Fitting (IPF)...
IPF converged at iteration 83
IPF row error: 22.165171, col error: 0.000000
Starting Iterative Proportional Fitting (IPF)...
IPF converged at iteration 84
IPF row error: 21.912651, col error: 0.000000
Starting Iterative Proportional Fitting (IPF)...
IPF converged at iteration 27
IPF row error: 17.452307, col error: 0.000000
Starting Iterative Proportional Fitting (IPF)...
IPF converged at iteration 27
IPF row error: 21.116814, col error: 0.000000
Starting Iterative Proportional Fitting (IPF)...
IPF converged at iteration 79
IPF row error: 21.879749, col error: 0.000000
Starting Iterative Proportional Fitting (IPF)...
IPF converged at iteration 91
IPF row error: 23.255827, col error: 0.000000
Starting Iterative Proportional Fitting (IPF)...
IPF converged at iteration 26
IPF row error: 21.760325, col error: 0.000000
Starting Iterative Proportional Fitting (IPF)...
IPF converged at iteration 91
IPF row error: 22.548810, col error: 0.000000
Starting Iterative Proportional Fitting (IPF)...
IPF converged at iteration 92
IPF row error: 21.795444, col error: 0.000000
Starting Iterative Proportional Fitting (IPF)...
IPF converged at iteration 71
IPF row error: 21.262415, col error: 0.000000
Starting Iterative Proportional Fitting (IPF)...
IPF converged at iteration 24
IPF row error: 19.542480, col error: 0.000000
IPF converged at iteration 91
IPF row error: 22.272718, col error: 0.000000
Starting Iterative Proportional Fitting (IPF)...
Starting Iterative Proportional Fitting (IPF)...
IPF converged at iteration 59
IPF row error: 22.723036, col error: 0.000000
Starting Iterative Proportional Fitting (IPF)...
IPF converged at iteration 26
IPF row error: 20.916608, col error: 0.000000
Starting Iterative Proportional Fitting (IPF)...
IPF converged at iteration 91
IPF row error: 22.182222, col error: 0.000000
Starting Iterative Proportional Fitting (IPF)...
IPF converged at iteration 54
IPF row error: 21.857571, col error: 0.000000
Starting Iterative Proportional Fitting (IPF)...
IPF converged at iteration 65
IPF row error: 21.804650, col error: 0.000000
Starting Iterative Proportional Fitting (IPF)...
IPF converged at iteration 83
IPF row error: 22.085531, col error: 0.000000
Starting Iterative Proportional Fitting (IPF)...
IPF converged at iteration 91
IPF row error: 22.272718, col error: 0.000000
Starting Iterative Proportional Fitting (IPF)...
IPF converged at iteration 86
IPF row error: 22.957465, col error: 0.000000
  [2023/test] 진행 900/1750 (51.4%) | 누적 CPC 0.4605 | RMSE 647.4198 | %RMSE 11.7127 | 경과 12.6분 | 예상 남음 11.9분
Starting Iterative Proportional Fitting (IPF)...
IPF converged at iteration 44
IPF row error: 23.211527, col error: 0.000000
Starting Iterative Proportional Fitting (IPF)...
IPF converged at iteration 84
IPF row error: 22.161644, col error: 0.000000
Starting Iterative Proportional Fitting (IPF)...
IPF converged at iteration 84
IPF row error: 22.236383, col error: 0.000000
Starting Iterative Proportional Fitting (IPF)...
IPF converged at iteration 79
IPF row error: 23.323398, col error: 0.000000
Starting Iterative Proportional Fitting (IPF)...
IPF converged at iteration 36
IPF row error: 22.018399, col error: 0.000000
IPF converged at iteration 83
IPF row error: 22.554184, col error: 0.000000
Starting Iterative Proportional Fitting (IPF)...
Starting Iterative Proportional Fitting (IPF)...
IPF converged at iteration 84
IPF row error: 22.199080, col error: 0.000000
Starting Iterative Proportional Fitting (IPF)...
IPF converged at iteration 84
IPF row error: 22.177124, col error: 0.000000
Starting Iterative Proportional Fitting (IPF)...
IPF converged at iteration 77
IPF row error: 21.906629, col error: 0.000000
Starting Iterative Proportional Fitting (IPF)...
IPF converged at iteration 84
IPF row error: 22.081765, col error: 0.000000
Starting Iterative Proportional Fitting (IPF)...
IPF converged at iteration 27
IPF row error: 19.199414, col error: 0.000000
Starting Iterative Proportional Fitting (IPF)...
IPF converged at iteration 77
IPF row error: 21.876731, col error: 0.000000
Starting Iterative Proportional Fitting (IPF)...
IPF converged at iteration 28
IPF row error: 21.069056, col error: 0.000000
Starting Iterative Proportional Fitting (IPF)...
IPF converged at iteration 25
IPF row error: 21.788010, col error: 0.000000
Starting Iterative Proportional Fitting (IPF)...
IPF converged at iteration 84
IPF row error: 22.080512, col error: 0.000000
Starting Iterative Proportional Fitting (IPF)...
IPF converged at iteration 85
IPF row error: 21.904433, col error: 0.000000
Starting Iterative Proportional Fitting (IPF)...
IPF converged at iteration 85
IPF row error: 21.821194, col error: 0.000000
IPF converged at iteration 83
IPF row error: 22.574270, col error: 0.000000
Starting Iterative Proportional Fitting (IPF)...
Starting Iterative Proportional Fitting (IPF)...
IPF converged at iteration 42
IPF row error: 19.834350, col error: 0.000000
Starting Iterative Proportional Fitting (IPF)...
IPF converged at iteration 84
IPF row error: 22.063740, col error: 0.000000
Starting Iterative Proportional Fitting (IPF)...
IPF converged at iteration 25
IPF row error: 20.889043, col error: 0.000000
Starting Iterative Proportional Fitting (IPF)...
IPF converged at iteration 84
IPF converged at iteration 40
IPF row error: 21.412436, col error: 0.000000
IPF row error: 22.257652, col error: 0.000000
IPF converged at iteration 84
IPF row error: 22.102941, col error: 0.000000
Starting Iterative Proportional Fitting (IPF)...
Starting Iterative Proportional Fitting (IPF)...
Starting Iterative Proportional Fitting (IPF)...
IPF converged at iteration 24
IPF row error: 17.383336, col error: 0.000000
Starting Iterative Proportional Fitting (IPF)...
IPF converged at iteration 26
IPF row error: 17.278880, col error: 0.000000
Starting Iterative Proportional Fitting (IPF)...
IPF converged at iteration 84
IPF row error: 22.208291, col error: 0.000000
Starting Iterative Proportional Fitting (IPF)...
IPF converged at iteration 84
IPF row error: 22.296051, col error: 0.000000
Starting Iterative Proportional Fitting (IPF)...
IPF converged at iteration 92
IPF row error: 22.967885, col error: 0.000000
Starting Iterative Proportional Fitting (IPF)...
IPF converged at iteration 42
IPF row error: 21.964880, col error: 0.000000
  [2023/test] 진행 930/1750 (53.1%) | 누적 CPC 0.4552 | RMSE 650.1895 | %RMSE 11.8143 | 경과 13.2분 | 예상 남음 11.7분
Starting Iterative Proportional Fitting (IPF)...
IPF converged at iteration 26
IPF row error: 19.624240, col error: 0.000000
IPF converged at iteration 24
IPF row error: 18.957406, col error: 0.000000
Starting Iterative Proportional Fitting (IPF)...
Starting Iterative Proportional Fitting (IPF)...
IPF converged at iteration 27
IPF row error: 19.170375, col error: 0.000000
Starting Iterative Proportional Fitting (IPF)...
IPF converged at iteration 84
IPF row error: 22.231715, col error: 0.000000
IPF converged at iteration 26
IPF row error: 21.725601, col error: 0.000000
Starting Iterative Proportional Fitting (IPF)...
Starting Iterative Proportional Fitting (IPF)...
IPF converged at iteration 40
IPF row error: 19.752703, col error: 0.000000
Starting Iterative Proportional Fitting (IPF)...
IPF converged at iteration 93
IPF row error: 22.835540, col error: 0.000000
Starting Iterative Proportional Fitting (IPF)...
IPF converged at iteration 84
IPF row error: 22.135767, col error: 0.000000
IPF converged at iteration 25
IPF row error: 19.208272, col error: 0.000000
Starting Iterative Proportional Fitting (IPF)...
Starting Iterative Proportional Fitting (IPF)...
IPF converged at iteration 84
IPF row error: 22.208590, col error: 0.000000
Starting Iterative Proportional Fitting (IPF)...
IPF converged at iteration 25
IPF row error: 18.632385, col error: 0.000000
Starting Iterative Proportional Fitting (IPF)...
IPF converged at iteration 24
IPF row error: 17.075460, col error: 0.000000
Starting Iterative Proportional Fitting (IPF)...
IPF converged at iteration 84
IPF converged at iteration 66
IPF row error: 22.155265, col error: 0.000000
IPF row error: 23.054983, col error: 0.000000
Starting Iterative Proportional Fitting (IPF)...
Starting Iterative Proportional Fitting (IPF)...
IPF converged at iteration 71
IPF row error: 21.612379, col error: 0.000000
IPF converged at iteration 80
IPF row error: 21.421326, col error: 0.000000
Starting Iterative Proportional Fitting (IPF)...
Starting Iterative Proportional Fitting (IPF)...
IPF converged at iteration 43
IPF row error: 21.803195, col error: 0.000000
Starting Iterative Proportional Fitting (IPF)...
IPF converged at iteration 77
IPF row error: 22.128484, col error: 0.000000
Starting Iterative Proportional Fitting (IPF)...
IPF converged at iteration 84
IPF row error: 22.208590, col error: 0.000000
Starting Iterative Proportional Fitting (IPF)...
IPF converged at iteration 84
IPF row error: 22.199080, col error: 0.000000IPF converged at iteration 39

IPF row error: 21.709236, col error: 0.000000
Starting Iterative Proportional Fitting (IPF)...
Starting Iterative Proportional Fitting (IPF)...
IPF converged at iteration 23
IPF row error: 24.400603, col error: 0.000000
Starting Iterative Proportional Fitting (IPF)...
IPF converged at iteration 83
IPF row error: 21.882621, col error: 0.000000
IPF converged at iteration 92
IPF row error: 22.000344, col error: 0.000000
Starting Iterative Proportional Fitting (IPF)...
Starting Iterative Proportional Fitting (IPF)...
IPF converged at iteration 50
IPF row error: 22.221635, col error: 0.000000
Starting Iterative Proportional Fitting (IPF)...
IPF converged at iteration 83
IPF row error: 21.931758, col error: 0.000000
Starting Iterative Proportional Fitting (IPF)...
IPF converged at iteration 26
IPF row error: 18.293232, col error: 0.000000
Starting Iterative Proportional Fitting (IPF)...
IPF converged at iteration 24
IPF row error: 17.232342, col error: 0.000000
Starting Iterative Proportional Fitting (IPF)...
IPF converged at iteration 27
IPF row error: 18.570920, col error: 0.000000
Starting Iterative Proportional Fitting (IPF)...
IPF converged at iteration 23
IPF row error: 22.163205, col error: 0.000000
  [2023/test] 진행 960/1750 (54.9%) | 누적 CPC 0.4494 | RMSE 654.8162 | %RMSE 11.8995 | 경과 13.7분 | 예상 남음 11.3분
Starting Iterative Proportional Fitting (IPF)...
IPF converged at iteration 83
IPF row error: 22.040868, col error: 0.000000
Starting Iterative Proportional Fitting (IPF)...
IPF converged at iteration 83
IPF row error: 21.939456, col error: 0.000000
Starting Iterative Proportional Fitting (IPF)...
IPF converged at iteration 24
IPF row error: 20.342082, col error: 0.000000
Starting Iterative Proportional Fitting (IPF)...
IPF converged at iteration 75
IPF row error: 22.793460, col error: 0.000000
Starting Iterative Proportional Fitting (IPF)...
IPF converged at iteration 24
IPF row error: 20.901136, col error: 0.000000
Starting Iterative Proportional Fitting (IPF)...
IPF converged at iteration 92
IPF row error: 22.015983, col error: 0.000000
Starting Iterative Proportional Fitting (IPF)...
IPF converged at iteration 75
IPF row error: 22.834293, col error: 0.000000
Starting Iterative Proportional Fitting (IPF)...
IPF converged at iteration 83
IPF row error: 21.967282, col error: 0.000000
IPF converged at iteration 63
IPF converged at iteration 83
IPF row error: 23.257518, col error: 0.000000Starting Iterative Proportional Fitting (IPF)...

IPF row error: 21.812276, col error: 0.000000
Starting Iterative Proportional Fitting (IPF)...
Starting Iterative Proportional Fitting (IPF)...
IPF converged at iteration 25
IPF row error: 18.762292, col error: 0.000000
Starting Iterative Proportional Fitting (IPF)...
IPF converged at iteration 83
IPF row error: 21.909940, col error: 0.000000
Starting Iterative Proportional Fitting (IPF)...
IPF converged at iteration 26
IPF row error: 18.906544, col error: 0.000000
Starting Iterative Proportional Fitting (IPF)...
IPF converged at iteration 24
IPF row error: 22.306319, col error: 0.000000
IPF converged at iteration 40
IPF row error: 21.651783, col error: 0.000000
IPF converged at iteration 83
IPF converged at iteration 83
IPF row error: 22.038163, col error: 0.000000
IPF row error: 22.040220, col error: 0.000000
Starting Iterative Proportional Fitting (IPF)...
Starting Iterative Proportional Fitting (IPF)...
Starting Iterative Proportional Fitting (IPF)...
Starting Iterative Proportional Fitting (IPF)...
IPF converged at iteration 36
IPF row error: 20.991929, col error: 0.000000
Starting Iterative Proportional Fitting (IPF)...
IPF converged at iteration 75
IPF row error: 22.951632, col error: 0.000000
Starting Iterative Proportional Fitting (IPF)...
IPF converged at iteration 83
IPF row error: 21.853091, col error: 0.000000
IPF converged at iteration 83
IPF row error: 21.882621, col error: 0.000000
Starting Iterative Proportional Fitting (IPF)...
Starting Iterative Proportional Fitting (IPF)...
IPF converged at iteration 28
IPF row error: 19.232862, col error: 0.000000
Starting Iterative Proportional Fitting (IPF)...
IPF converged at iteration 83
IPF row error: 21.967282, col error: 0.000000
Starting Iterative Proportional Fitting (IPF)...
IPF converged at iteration 53
IPF row error: 23.555759, col error: 0.000000
Starting Iterative Proportional Fitting (IPF)...
IPF converged at iteration 27
IPF row error: 17.339995, col error: 0.000000
Starting Iterative Proportional Fitting (IPF)...
IPF converged at iteration 55
IPF converged at iteration 78
IPF row error: 23.241839, col error: 0.000000
IPF row error: 22.186107, col error: 0.000000
IPF converged at iteration 26
IPF row error: 20.369265, col error: 0.000000
Starting Iterative Proportional Fitting (IPF)...Starting Iterative Proportional Fitting (IPF)...

Starting Iterative Proportional Fitting (IPF)...
IPF converged at iteration 83
IPF row error: 21.939559, col error: 0.000000
Starting Iterative Proportional Fitting (IPF)...
IPF converged at iteration 75
IPF row error: 22.779735, col error: 0.000000
  [2023/test] 진행 990/1750 (56.6%) | 누적 CPC 0.4433 | RMSE 659.9028 | %RMSE 11.9061 | 경과 14.3분 | 예상 남음 11.0분
Starting Iterative Proportional Fitting (IPF)...
IPF converged at iteration 83
IPF row error: 21.705615, col error: 0.000000
IPF converged at iteration 83
IPF row error: 21.809232, col error: 0.000000
Starting Iterative Proportional Fitting (IPF)...
Starting Iterative Proportional Fitting (IPF)...
IPF converged at iteration 25
IPF row error: 18.206498, col error: 0.000000
Starting Iterative Proportional Fitting (IPF)...
IPF converged at iteration 34
IPF row error: 22.058516, col error: 0.000000
Starting Iterative Proportional Fitting (IPF)...
IPF converged at iteration 23
IPF row error: 23.991129, col error: 0.000000
Starting Iterative Proportional Fitting (IPF)...
IPF converged at iteration 86
IPF row error: 23.333465, col error: 0.000000
Starting Iterative Proportional Fitting (IPF)...
IPF converged at iteration 83
IPF row error: 21.809232, col error: 0.000000
Starting Iterative Proportional Fitting (IPF)...
IPF converged at iteration 50
IPF row error: 20.504224, col error: 0.000000
Starting Iterative Proportional Fitting (IPF)...
IPF converged at iteration 24
IPF row error: 18.826722, col error: 0.000000
Starting Iterative Proportional Fitting (IPF)...
IPF converged at iteration 26
IPF row error: 19.920046, col error: 0.000000
Starting Iterative Proportional Fitting (IPF)...
IPF converged at iteration 27
IPF row error: 17.320478, col error: 0.000000
Starting Iterative Proportional Fitting (IPF)...
IPF converged at iteration 78
IPF row error: 23.186780, col error: 0.000000
Starting Iterative Proportional Fitting (IPF)...
IPF converged at iteration 30
IPF row error: 20.803127, col error: 0.000000
Starting Iterative Proportional Fitting (IPF)...
IPF converged at iteration 36
IPF row error: 23.629954, col error: 0.000000
IPF converged at iteration 83
IPF row error: 21.616532, col error: 0.000000
Starting Iterative Proportional Fitting (IPF)...
Starting Iterative Proportional Fitting (IPF)...
IPF converged at iteration 28
IPF row error: 19.817532, col error: 0.000000
Starting Iterative Proportional Fitting (IPF)...
IPF converged at iteration 82
IPF row error: 22.894859, col error: 0.000000
Starting Iterative Proportional Fitting (IPF)...
IPF converged at iteration 82
IPF row error: 22.367258, col error: 0.000000
Starting Iterative Proportional Fitting (IPF)...
IPF converged at iteration 32
IPF row error: 21.674259, col error: 0.000000
Starting Iterative Proportional Fitting (IPF)...
IPF converged at iteration 27
IPF row error: 19.995669, col error: 0.000000
Starting Iterative Proportional Fitting (IPF)...
IPF converged at iteration 82
IPF row error: 22.265527, col error: 0.000000
Starting Iterative Proportional Fitting (IPF)...
IPF converged at iteration 26
IPF row error: 22.050352, col error: 0.000000
Starting Iterative Proportional Fitting (IPF)...
IPF converged at iteration 28
IPF row error: 22.032088, col error: 0.000000
Starting Iterative Proportional Fitting (IPF)...
IPF converged at iteration 81
IPF row error: 21.656054, col error: 0.000000
Starting Iterative Proportional Fitting (IPF)...
IPF converged at iteration 31
IPF row error: 28.742403, col error: 0.000000
Starting Iterative Proportional Fitting (IPF)...
IPF converged at iteration 26
IPF row error: 17.705184, col error: 0.000000
Starting Iterative Proportional Fitting (IPF)...
IPF converged at iteration 27
IPF row error: 17.244728, col error: 0.000000
Starting Iterative Proportional Fitting (IPF)...
IPF converged at iteration 83
IPF row error: 21.481821, col error: 0.000000
Starting Iterative Proportional Fitting (IPF)...
IPF converged at iteration 27
IPF row error: 19.062277, col error: 0.000000
Starting Iterative Proportional Fitting (IPF)...
IPF converged at iteration 83
IPF row error: 21.434094, col error: 0.000000
  [2023/test] 진행 1020/1750 (58.3%) | 누적 CPC 0.4384 | RMSE 698.8378 | %RMSE 12.0942 | 경과 14.8분 | 예상 남음 10.6분
Starting Iterative Proportional Fitting (IPF)...
IPF converged at iteration 78
IPF row error: 23.188450, col error: 0.000000
Starting Iterative Proportional Fitting (IPF)...
IPF converged at iteration 49
IPF row error: 22.423503, col error: 0.000000
Starting Iterative Proportional Fitting (IPF)...
IPF converged at iteration 91
IPF row error: 23.001295, col error: 0.000000
Starting Iterative Proportional Fitting (IPF)...
IPF converged at iteration 82
IPF row error: 22.171304, col error: 0.000000
Starting Iterative Proportional Fitting (IPF)...
IPF converged at iteration 74
IPF row error: 21.638497, col error: 0.000000
IPF converged at iteration 27
IPF row error: 21.007634, col error: 0.000000
Starting Iterative Proportional Fitting (IPF)...
IPF converged at iteration 51
IPF row error: 20.802400, col error: 0.000000
Starting Iterative Proportional Fitting (IPF)...
Starting Iterative Proportional Fitting (IPF)...
IPF converged at iteration 90
IPF row error: 23.303069, col error: 0.000000
IPF converged at iteration 25
IPF row error: 18.315123, col error: 0.000000
Starting Iterative Proportional Fitting (IPF)...
Starting Iterative Proportional Fitting (IPF)...
IPF converged at iteration 82
IPF row error: 21.677524, col error: 0.000000
IPF converged at iteration 83
IPF row error: 21.573609, col error: 0.000000
Starting Iterative Proportional Fitting (IPF)...
Starting Iterative Proportional Fitting (IPF)...
IPF converged at iteration 78
IPF row error: 21.893057, col error: 0.000000
Starting Iterative Proportional Fitting (IPF)...
IPF converged at iteration 82
IPF row error: 21.798447, col error: 0.000000
Starting Iterative Proportional Fitting (IPF)...
IPF converged at iteration 76
IPF row error: 21.486056, col error: 0.000000
Starting Iterative Proportional Fitting (IPF)...
IPF converged at iteration 82
IPF row error: 23.149214, col error: 0.000000
Starting Iterative Proportional Fitting (IPF)...
IPF converged at iteration 82
IPF row error: 21.846978, col error: 0.000000
Starting Iterative Proportional Fitting (IPF)...
IPF converged at iteration 26
IPF row error: 21.918507, col error: 0.000000
Starting Iterative Proportional Fitting (IPF)...
IPF converged at iteration 90
IPF row error: 22.619241, col error: 0.000000
Starting Iterative Proportional Fitting (IPF)...
IPF converged at iteration 32
IPF row error: 22.331611, col error: 0.000000
Starting Iterative Proportional Fitting (IPF)...
IPF converged at iteration 25
IPF row error: 22.389677, col error: 0.000000
Starting Iterative Proportional Fitting (IPF)...
IPF converged at iteration 24
IPF row error: 20.395271, col error: 0.000000
Starting Iterative Proportional Fitting (IPF)...
IPF converged at iteration 82
IPF row error: 22.001304, col error: 0.000000
Starting Iterative Proportional Fitting (IPF)...
IPF converged at iteration 82
IPF row error: 23.224823, col error: 0.000000
Starting Iterative Proportional Fitting (IPF)...
IPF converged at iteration 82
IPF row error: 22.108724, col error: 0.000000
Starting Iterative Proportional Fitting (IPF)...
IPF converged at iteration 44
IPF converged at iteration 31
IPF row error: 20.777806, col error: 0.000000
IPF row error: 21.425172, col error: 0.000000
IPF converged at iteration 26
IPF row error: 17.294925, col error: 0.000000
Starting Iterative Proportional Fitting (IPF)...
Starting Iterative Proportional Fitting (IPF)...
Starting Iterative Proportional Fitting (IPF)...
IPF converged at iteration 83
IPF row error: 22.100446, col error: 0.000000
Starting Iterative Proportional Fitting (IPF)...
IPF converged at iteration 75
IPF row error: 21.333829, col error: 0.000000
Starting Iterative Proportional Fitting (IPF)...
IPF converged at iteration 89
IPF row error: 22.670998, col error: 0.000000
  [2023/test] 진행 1050/1750 (60.0%) | 누적 CPC 0.4343 | RMSE 748.1434 | %RMSE 12.3280 | 경과 15.4분 | 예상 남음 10.2분
Starting Iterative Proportional Fitting (IPF)...
IPF converged at iteration 93
IPF row error: 22.228211, col error: 0.000000
Starting Iterative Proportional Fitting (IPF)...
IPF converged at iteration 93
IPF row error: 22.228211, col error: 0.000000
Starting Iterative Proportional Fitting (IPF)...
IPF converged at iteration 93
IPF row error: 22.228211, col error: 0.000000
Starting Iterative Proportional Fitting (IPF)...
IPF converged at iteration 93
IPF row error: 22.228211, col error: 0.000000
Starting Iterative Proportional Fitting (IPF)...
IPF converged at iteration 93
IPF row error: 22.228211, col error: 0.000000
Starting Iterative Proportional Fitting (IPF)...
IPF converged at iteration 28
IPF row error: 18.113067, col error: 0.000000
Starting Iterative Proportional Fitting (IPF)...
IPF converged at iteration 26
IPF row error: 22.858099, col error: 0.000000
Starting Iterative Proportional Fitting (IPF)...
IPF converged at iteration 24
IPF row error: 20.652911, col error: 0.000000
Starting Iterative Proportional Fitting (IPF)...
IPF converged at iteration 33
IPF row error: 23.760378, col error: 0.000000
Starting Iterative Proportional Fitting (IPF)...
IPF converged at iteration 93
IPF row error: 22.228211, col error: 0.000000
Starting Iterative Proportional Fitting (IPF)...
IPF converged at iteration 93
IPF row error: 22.228211, col error: 0.000000
Starting Iterative Proportional Fitting (IPF)...
IPF converged at iteration 54
IPF row error: 20.799553, col error: 0.000000
Starting Iterative Proportional Fitting (IPF)...
IPF converged at iteration 93
IPF row error: 22.228211, col error: 0.000000
Starting Iterative Proportional Fitting (IPF)...
IPF converged at iteration 62
IPF row error: 21.252672, col error: 0.000000
Starting Iterative Proportional Fitting (IPF)...
IPF converged at iteration 68
IPF row error: 22.120045, col error: 0.000000
Starting Iterative Proportional Fitting (IPF)...
IPF converged at iteration 41
IPF row error: 20.633655, col error: 0.000000
Starting Iterative Proportional Fitting (IPF)...
IPF converged at iteration 27
IPF row error: 17.618124, col error: 0.000000
Starting Iterative Proportional Fitting (IPF)...
IPF converged at iteration 26
IPF row error: 17.184418, col error: 0.000000
Starting Iterative Proportional Fitting (IPF)...
IPF converged at iteration 93
IPF row error: 22.228211, col error: 0.000000
Starting Iterative Proportional Fitting (IPF)...
IPF converged at iteration 93
IPF row error: 22.228211, col error: 0.000000
Starting Iterative Proportional Fitting (IPF)...
IPF converged at iteration 25
IPF row error: 20.166875, col error: 0.000000
Starting Iterative Proportional Fitting (IPF)...
IPF converged at iteration 37
IPF row error: 21.098758, col error: 0.000000
Starting Iterative Proportional Fitting (IPF)...
IPF converged at iteration 93
IPF row error: 22.228211, col error: 0.000000
Starting Iterative Proportional Fitting (IPF)...
IPF converged at iteration 93
IPF row error: 22.228211, col error: 0.000000
Starting Iterative Proportional Fitting (IPF)...
IPF converged at iteration 44
IPF row error: 20.736234, col error: 0.000000
Starting Iterative Proportional Fitting (IPF)...
IPF converged at iteration 27
IPF row error: 21.734238, col error: 0.000000
IPF converged at iteration 42
IPF row error: 23.462051, col error: 0.000000
Starting Iterative Proportional Fitting (IPF)...
Starting Iterative Proportional Fitting (IPF)...
IPF converged at iteration 93
IPF row error: 22.228211, col error: 0.000000
Starting Iterative Proportional Fitting (IPF)...
IPF converged at iteration 93
IPF row error: 22.228211, col error: 0.000000
Starting Iterative Proportional Fitting (IPF)...
IPF converged at iteration 33
IPF row error: 22.403609, col error: 0.000000
  [2023/test] 진행 1080/1750 (61.7%) | 누적 CPC 0.4303 | RMSE 770.8192 | %RMSE 12.4104 | 경과 15.9분 | 예상 남음 9.9분
Starting Iterative Proportional Fitting (IPF)...
IPF converged at iteration 25
IPF row error: 22.403862, col error: 0.000000
Starting Iterative Proportional Fitting (IPF)...
IPF converged at iteration 93
IPF row error: 22.228211, col error: 0.000000
IPF converged at iteration 93
IPF row error: 22.228211, col error: 0.000000
Starting Iterative Proportional Fitting (IPF)...
Starting Iterative Proportional Fitting (IPF)...
IPF converged at iteration 27
IPF row error: 19.010347, col error: 0.000000
Starting Iterative Proportional Fitting (IPF)...
IPF converged at iteration 27
IPF row error: 18.594404, col error: 0.000000
Starting Iterative Proportional Fitting (IPF)...
IPF converged at iteration 24
IPF row error: 19.600764, col error: 0.000000
Starting Iterative Proportional Fitting (IPF)...
IPF converged at iteration 93
IPF row error: 22.228211, col error: 0.000000
IPF converged at iteration 26
IPF row error: 22.352235, col error: 0.000000
Starting Iterative Proportional Fitting (IPF)...
Starting Iterative Proportional Fitting (IPF)...
IPF converged at iteration 93
IPF row error: 22.228211, col error: 0.000000
Starting Iterative Proportional Fitting (IPF)...
IPF converged at iteration 93
IPF row error: 22.228211, col error: 0.000000
Starting Iterative Proportional Fitting (IPF)...
IPF converged at iteration 93
IPF row error: 22.228211, col error: 0.000000
IPF converged at iteration 93
Starting Iterative Proportional Fitting (IPF)...
IPF row error: 22.228211, col error: 0.000000
Starting Iterative Proportional Fitting (IPF)...
IPF converged at iteration 93
IPF row error: 22.228211, col error: 0.000000
Starting Iterative Proportional Fitting (IPF)...
IPF converged at iteration 36
IPF row error: 23.137673, col error: 0.000000
IPF converged at iteration 93
IPF row error: 22.228211, col error: 0.000000
Starting Iterative Proportional Fitting (IPF)...
Starting Iterative Proportional Fitting (IPF)...
IPF converged at iteration 42
IPF row error: 21.354372, col error: 0.000000
Starting Iterative Proportional Fitting (IPF)...
IPF converged at iteration 93
IPF row error: 22.228211, col error: 0.000000
Starting Iterative Proportional Fitting (IPF)...
IPF converged at iteration 93
IPF row error: 22.228211, col error: 0.000000
IPF converged at iteration 93
IPF row error: 22.228211, col error: 0.000000
Starting Iterative Proportional Fitting (IPF)...
Starting Iterative Proportional Fitting (IPF)...
IPF converged at iteration 93
IPF row error: 22.228211, col error: 0.000000
Starting Iterative Proportional Fitting (IPF)...
IPF converged at iteration 28
IPF row error: 22.381505, col error: 0.000000
IPF converged at iteration 26
IPF row error: 22.080653, col error: 0.000000
Starting Iterative Proportional Fitting (IPF)...
Starting Iterative Proportional Fitting (IPF)...
IPF converged at iteration 93
IPF row error: 21.771417, col error: 0.000000
Starting Iterative Proportional Fitting (IPF)...
IPF converged at iteration 25
IPF row error: 17.227408, col error: 0.000000
Starting Iterative Proportional Fitting (IPF)...
IPF converged at iteration 36
IPF row error: 20.488524, col error: 0.000000
Starting Iterative Proportional Fitting (IPF)...
IPF converged at iteration 93
IPF row error: 21.771417, col error: 0.000000
Starting Iterative Proportional Fitting (IPF)...
IPF converged at iteration 93
IPF row error: 21.771417, col error: 0.000000
Starting Iterative Proportional Fitting (IPF)...
IPF converged at iteration 93
IPF row error: 21.771417, col error: 0.000000
Starting Iterative Proportional Fitting (IPF)...
IPF converged at iteration 24
IPF row error: 19.858167, col error: 0.000000
IPF converged at iteration 93
IPF row error: 21.771417, col error: 0.000000
  [2023/test] 진행 1110/1750 (63.4%) | 누적 CPC 0.4262 | RMSE 790.6098 | %RMSE 12.4772 | 경과 16.5분 | 예상 남음 9.5분
Starting Iterative Proportional Fitting (IPF)...
Starting Iterative Proportional Fitting (IPF)...
IPF converged at iteration 93
IPF row error: 21.771417, col error: 0.000000
Starting Iterative Proportional Fitting (IPF)...
IPF converged at iteration 34
IPF row error: 22.441851, col error: 0.000000
IPF converged at iteration 93
IPF row error: 21.771417, col error: 0.000000
Starting Iterative Proportional Fitting (IPF)...
Starting Iterative Proportional Fitting (IPF)...
IPF converged at iteration 56
IPF converged at iteration 93
IPF row error: 21.739251, col error: 0.000000
IPF row error: 21.771417, col error: 0.000000
Starting Iterative Proportional Fitting (IPF)...
Starting Iterative Proportional Fitting (IPF)...
IPF converged at iteration 93
IPF row error: 21.771417, col error: 0.000000
Starting Iterative Proportional Fitting (IPF)...
IPF converged at iteration 93
IPF row error: 21.771417, col error: 0.000000
Starting Iterative Proportional Fitting (IPF)...
IPF converged at iteration 24
IPF row error: 19.362388, col error: 0.000000
Starting Iterative Proportional Fitting (IPF)...
IPF converged at iteration 24
IPF row error: 17.828886, col error: 0.000000
Starting Iterative Proportional Fitting (IPF)...
IPF converged at iteration 93
IPF converged at iteration 93
IPF row error: 21.771417, col error: 0.000000
IPF row error: 21.771417, col error: 0.000000
Starting Iterative Proportional Fitting (IPF)...
Starting Iterative Proportional Fitting (IPF)...
IPF converged at iteration 68
IPF row error: 23.356699, col error: 0.000000
Starting Iterative Proportional Fitting (IPF)...
IPF converged at iteration 93
IPF row error: 21.771417, col error: 0.000000
Starting Iterative Proportional Fitting (IPF)...
IPF converged at iteration 43
IPF row error: 20.323655, col error: 0.000000
Starting Iterative Proportional Fitting (IPF)...
IPF converged at iteration 93
IPF converged at iteration 93
IPF row error: 21.771417, col error: 0.000000
IPF row error: 21.771417, col error: 0.000000
Starting Iterative Proportional Fitting (IPF)...
Starting Iterative Proportional Fitting (IPF)...
IPF converged at iteration 26
IPF row error: 23.195220, col error: 0.000000
Starting Iterative Proportional Fitting (IPF)...
IPF converged at iteration 45
IPF row error: 21.012363, col error: 0.000000
Starting Iterative Proportional Fitting (IPF)...
IPF converged at iteration 25
IPF row error: 17.571790, col error: 0.000000
Starting Iterative Proportional Fitting (IPF)...
IPF converged at iteration 39
IPF row error: 21.780481, col error: 0.000000
Starting Iterative Proportional Fitting (IPF)...
IPF converged at iteration 26
IPF row error: 20.763413, col error: 0.000000
Starting Iterative Proportional Fitting (IPF)...
IPF converged at iteration 37
IPF converged at iteration 27
IPF row error: 21.716824, col error: 0.000000
IPF row error: 22.319076, col error: 0.000000
Starting Iterative Proportional Fitting (IPF)...
IPF converged at iteration 78
Starting Iterative Proportional Fitting (IPF)...
IPF row error: 21.621215, col error: 0.000000
Starting Iterative Proportional Fitting (IPF)...
IPF converged at iteration 27
IPF row error: 20.253550, col error: 0.000000
Starting Iterative Proportional Fitting (IPF)...
IPF converged at iteration 93
IPF row error: 21.771417, col error: 0.000000
Starting Iterative Proportional Fitting (IPF)...
IPF converged at iteration 52
IPF row error: 21.111038, col error: 0.000000
Starting Iterative Proportional Fitting (IPF)...
IPF converged at iteration 25
IPF row error: 21.582523, col error: 0.000000
Starting Iterative Proportional Fitting (IPF)...
IPF converged at iteration 93
IPF row error: 21.771417, col error: 0.000000
IPF converged at iteration 93
Starting Iterative Proportional Fitting (IPF)...
IPF row error: 21.771417, col error: 0.000000
  [2023/test] 진행 1140/1750 (65.1%) | 누적 CPC 0.4216 | RMSE 806.1785 | %RMSE 12.5170 | 경과 17.1분 | 예상 남음 9.1분
Starting Iterative Proportional Fitting (IPF)...
IPF converged at iteration 25
IPF row error: 21.745630, col error: 0.000000
Starting Iterative Proportional Fitting (IPF)...
IPF converged at iteration 26
IPF row error: 23.378311, col error: 0.000000
Starting Iterative Proportional Fitting (IPF)...
IPF converged at iteration 93
IPF row error: 21.771417, col error: 0.000000
Starting Iterative Proportional Fitting (IPF)...
IPF converged at iteration 93
IPF row error: 21.771417, col error: 0.000000
IPF converged at iteration 93
IPF row error: 21.771417, col error: 0.000000
Starting Iterative Proportional Fitting (IPF)...
Starting Iterative Proportional Fitting (IPF)...
IPF converged at iteration 79
IPF row error: 22.342915, col error: 0.000000
Starting Iterative Proportional Fitting (IPF)...
IPF converged at iteration 40
IPF row error: 19.681621, col error: 0.000000
Starting Iterative Proportional Fitting (IPF)...
IPF converged at iteration 29
IPF row error: 21.208292, col error: 0.000000
Starting Iterative Proportional Fitting (IPF)...
IPF converged at iteration 93
IPF row error: 21.771417, col error: 0.000000
Starting Iterative Proportional Fitting (IPF)...
IPF converged at iteration 93
IPF row error: 21.771417, col error: 0.000000
Starting Iterative Proportional Fitting (IPF)...
IPF converged at iteration 25
IPF row error: 19.001414, col error: 0.000000
Starting Iterative Proportional Fitting (IPF)...
IPF converged at iteration 95
IPF row error: 22.229046, col error: 0.000000
IPF converged at iteration 75
IPF row error: 22.119768, col error: 0.000000
Starting Iterative Proportional Fitting (IPF)...
Starting Iterative Proportional Fitting (IPF)...
IPF converged at iteration 26
IPF row error: 20.923717, col error: 0.000000
Starting Iterative Proportional Fitting (IPF)...
IPF converged at iteration 89
IPF row error: 23.055643, col error: 0.000000
Starting Iterative Proportional Fitting (IPF)...
IPF converged at iteration 89
IPF row error: 23.055643, col error: 0.000000
Starting Iterative Proportional Fitting (IPF)...
IPF converged at iteration 95
IPF row error: 22.229046, col error: 0.000000
Starting Iterative Proportional Fitting (IPF)...
IPF converged at iteration 89
IPF row error: 22.995547, col error: 0.000000
Starting Iterative Proportional Fitting (IPF)...
IPF converged at iteration 32
IPF row error: 19.920715, col error: 0.000000
IPF converged at iteration 89
IPF row error: 22.995547, col error: 0.000000
Starting Iterative Proportional Fitting (IPF)...
Starting Iterative Proportional Fitting (IPF)...
IPF converged at iteration 40
IPF row error: 22.982529, col error: 0.000000
Starting Iterative Proportional Fitting (IPF)...
IPF converged at iteration 27
IPF row error: 22.557918, col error: 0.000000
Starting Iterative Proportional Fitting (IPF)...
IPF converged at iteration 95
IPF row error: 22.051520, col error: 0.000000
Starting Iterative Proportional Fitting (IPF)...
IPF converged at iteration 89
IPF row error: 23.205065, col error: 0.000000
IPF converged at iteration 89
IPF row error: 23.055643, col error: 0.000000
Starting Iterative Proportional Fitting (IPF)...
Starting Iterative Proportional Fitting (IPF)...
IPF converged at iteration 25
IPF row error: 18.293426, col error: 0.000000
IPF converged at iteration 50
IPF row error: 21.960355, col error: 0.000000
Starting Iterative Proportional Fitting (IPF)...
Starting Iterative Proportional Fitting (IPF)...
IPF converged at iteration 89
IPF row error: 23.205065, col error: 0.000000
Starting Iterative Proportional Fitting (IPF)...
IPF converged at iteration 25
IPF row error: 19.268171, col error: 0.000000
Starting Iterative Proportional Fitting (IPF)...
IPF converged at iteration 89
IPF row error: 23.205065, col error: 0.000000
  [2023/test] 진행 1170/1750 (66.9%) | 누적 CPC 0.4164 | RMSE 816.8133 | %RMSE 12.5623 | 경과 17.7분 | 예상 남음 8.8분
Starting Iterative Proportional Fitting (IPF)...
IPF converged at iteration 89
IPF row error: 23.205065, col error: 0.000000
Starting Iterative Proportional Fitting (IPF)...
IPF converged at iteration 89
IPF row error: 23.055643, col error: 0.000000
Starting Iterative Proportional Fitting (IPF)...
IPF converged at iteration 95
IPF row error: 22.118754, col error: 0.000000
Starting Iterative Proportional Fitting (IPF)...
IPF converged at iteration 24
IPF row error: 20.997602, col error: 0.000000
Starting Iterative Proportional Fitting (IPF)...
IPF converged at iteration 95
IPF row error: 22.229046, col error: 0.000000
Starting Iterative Proportional Fitting (IPF)...
IPF converged at iteration 89
IPF row error: 23.205065, col error: 0.000000
Starting Iterative Proportional Fitting (IPF)...
IPF converged at iteration 26
IPF row error: 19.449782, col error: 0.000000
Starting Iterative Proportional Fitting (IPF)...
IPF converged at iteration 89
IPF row error: 22.995547, col error: 0.000000
Starting Iterative Proportional Fitting (IPF)...
IPF converged at iteration 89
IPF row error: 23.205065, col error: 0.000000
Starting Iterative Proportional Fitting (IPF)...
IPF converged at iteration 89
IPF row error: 22.995547, col error: 0.000000
Starting Iterative Proportional Fitting (IPF)...
IPF converged at iteration 25
IPF row error: 17.173732, col error: 0.000000
Starting Iterative Proportional Fitting (IPF)...
IPF converged at iteration 89
IPF row error: 22.995547, col error: 0.000000
IPF converged at iteration 95
IPF row error: 22.051520, col error: 0.000000
Starting Iterative Proportional Fitting (IPF)...
Starting Iterative Proportional Fitting (IPF)...
IPF converged at iteration 89
IPF row error: 22.995547, col error: 0.000000
Starting Iterative Proportional Fitting (IPF)...
IPF converged at iteration 42
IPF row error: 21.588190, col error: 0.000000
IPF converged at iteration 24
IPF row error: 21.756506, col error: 0.000000
Starting Iterative Proportional Fitting (IPF)...
Starting Iterative Proportional Fitting (IPF)...
IPF converged at iteration 51
IPF row error: 23.526563, col error: 0.000000
Starting Iterative Proportional Fitting (IPF)...
IPF converged at iteration 89
IPF row error: 23.055643, col error: 0.000000
Starting Iterative Proportional Fitting (IPF)...
IPF converged at iteration 89
IPF row error: 22.995547, col error: 0.000000
IPF converged at iteration 89
IPF row error: 22.995547, col error: 0.000000
Starting Iterative Proportional Fitting (IPF)...
Starting Iterative Proportional Fitting (IPF)...
IPF converged at iteration 89
IPF row error: 22.995547, col error: 0.000000
Starting Iterative Proportional Fitting (IPF)...
IPF converged at iteration 95
IPF row error: 22.229046, col error: 0.000000
IPF converged at iteration 24
IPF row error: 21.536733, col error: 0.000000
Starting Iterative Proportional Fitting (IPF)...
Starting Iterative Proportional Fitting (IPF)...
IPF converged at iteration 24
IPF row error: 17.574837, col error: 0.000000
Starting Iterative Proportional Fitting (IPF)...
IPF converged at iteration 26
IPF row error: 17.258455, col error: 0.000000
Starting Iterative Proportional Fitting (IPF)...
IPF converged at iteration 89
IPF row error: 23.055643, col error: 0.000000
Starting Iterative Proportional Fitting (IPF)...
IPF converged at iteration 95
IPF row error: 22.118754, col error: 0.000000
Starting Iterative Proportional Fitting (IPF)...
IPF converged at iteration 27
IPF row error: 20.711683, col error: 0.000000
IPF converged at iteration 95
Starting Iterative Proportional Fitting (IPF)...
IPF row error: 22.118754, col error: 0.000000
Starting Iterative Proportional Fitting (IPF)...
IPF converged at iteration 37
IPF row error: 20.647002, col error: 0.000000
  [2023/test] 진행 1200/1750 (68.6%) | 누적 CPC 0.4116 | RMSE 822.5130 | %RMSE 12.6036 | 경과 18.4분 | 예상 남음 8.4분
Starting Iterative Proportional Fitting (IPF)...
IPF converged at iteration 29
IPF row error: 23.002010, col error: 0.000000
Starting Iterative Proportional Fitting (IPF)...
IPF converged at iteration 26
IPF converged at iteration 95
IPF row error: 22.050489, col error: 0.000000
IPF row error: 22.229046, col error: 0.000000
Starting Iterative Proportional Fitting (IPF)...
Starting Iterative Proportional Fitting (IPF)...
IPF converged at iteration 24
IPF row error: 22.207050, col error: 0.000000
Starting Iterative Proportional Fitting (IPF)...
IPF converged at iteration 93
IPF row error: 23.040343, col error: 0.000000
Starting Iterative Proportional Fitting (IPF)...
IPF converged at iteration 93
IPF row error: 23.040343, col error: 0.000000
Starting Iterative Proportional Fitting (IPF)...
IPF converged at iteration 52
IPF row error: 22.466106, col error: 0.000000
Starting Iterative Proportional Fitting (IPF)...
IPF converged at iteration 93
IPF row error: 23.040343, col error: 0.000000
Starting Iterative Proportional Fitting (IPF)...
IPF converged at iteration 25
IPF row error: 23.001049, col error: 0.000000
Starting Iterative Proportional Fitting (IPF)...
IPF converged at iteration 93
IPF row error: 23.040343, col error: 0.000000
IPF converged at iteration 36
IPF row error: 21.585159, col error: 0.000000
Starting Iterative Proportional Fitting (IPF)...
IPF converged at iteration 78
Starting Iterative Proportional Fitting (IPF)...
IPF row error: 21.845626, col error: 0.000000
Starting Iterative Proportional Fitting (IPF)...
IPF converged at iteration 24
IPF row error: 19.900322, col error: 0.000000
Starting Iterative Proportional Fitting (IPF)...
IPF converged at iteration 32
IPF row error: 20.458643, col error: 0.000000
Starting Iterative Proportional Fitting (IPF)...
IPF converged at iteration 93
IPF row error: 23.040343, col error: 0.000000
Starting Iterative Proportional Fitting (IPF)...
IPF converged at iteration 93
IPF row error: 23.040343, col error: 0.000000
IPF converged at iteration 29
IPF row error: 19.289412, col error: 0.000000
Starting Iterative Proportional Fitting (IPF)...
IPF converged at iteration 25
IPF converged at iteration 93
IPF row error: 21.212447, col error: 0.000000
Starting Iterative Proportional Fitting (IPF)...
IPF row error: 23.040343, col error: 0.000000
Starting Iterative Proportional Fitting (IPF)...
Starting Iterative Proportional Fitting (IPF)...
IPF converged at iteration 34
IPF row error: 22.985712, col error: 0.000000
Starting Iterative Proportional Fitting (IPF)...
IPF converged at iteration 51
IPF row error: 21.421673, col error: 0.000000
Starting Iterative Proportional Fitting (IPF)...
IPF converged at iteration 93
IPF row error: 23.040343, col error: 0.000000
IPF converged at iteration 93
IPF row error: 23.040343, col error: 0.000000
Starting Iterative Proportional Fitting (IPF)...
Starting Iterative Proportional Fitting (IPF)...
IPF converged at iteration 60
IPF row error: 21.288115, col error: 0.000000
Starting Iterative Proportional Fitting (IPF)...
IPF converged at iteration 25
IPF row error: 20.158196, col error: 0.000000
Starting Iterative Proportional Fitting (IPF)...
IPF converged at iteration 93
IPF row error: 23.040343, col error: 0.000000
IPF converged at iteration 26
IPF row error: 19.186277, col error: 0.000000
Starting Iterative Proportional Fitting (IPF)...
Starting Iterative Proportional Fitting (IPF)...
IPF converged at iteration 27
IPF row error: 17.687608, col error: 0.000000
IPF converged at iteration 93
IPF row error: 23.040343, col error: 0.000000
Starting Iterative Proportional Fitting (IPF)...
Starting Iterative Proportional Fitting (IPF)...
IPF converged at iteration 40
IPF row error: 23.563615, col error: 0.000000
  [2023/test] 진행 1230/1750 (70.3%) | 누적 CPC 0.4076 | RMSE 809.6118 | %RMSE 12.4853 | 경과 18.9분 | 예상 남음 8.0분
IPF converged at iteration 93
IPF row error: 23.040343, col error: 0.000000
Starting Iterative Proportional Fitting (IPF)...
Starting Iterative Proportional Fitting (IPF)...
IPF converged at iteration 27
IPF row error: 17.351573, col error: 0.000000
Starting Iterative Proportional Fitting (IPF)...
IPF converged at iteration 35
IPF row error: 19.188847, col error: 0.000000
Starting Iterative Proportional Fitting (IPF)...
IPF converged at iteration 93
IPF row error: 23.040343, col error: 0.000000
Starting Iterative Proportional Fitting (IPF)...
IPF converged at iteration 93
IPF row error: 23.040343, col error: 0.000000
Starting Iterative Proportional Fitting (IPF)...
IPF converged at iteration 93
IPF row error: 23.040343, col error: 0.000000
Starting Iterative Proportional Fitting (IPF)...
IPF converged at iteration 93
IPF row error: 23.040343, col error: 0.000000
Starting Iterative Proportional Fitting (IPF)...
IPF converged at iteration 25
IPF row error: 19.001636, col error: 0.000000
Starting Iterative Proportional Fitting (IPF)...
IPF converged at iteration 93
IPF row error: 23.040343, col error: 0.000000
IPF converged at iteration 82
IPF row error: 21.606211, col error: 0.000000
Starting Iterative Proportional Fitting (IPF)...
Starting Iterative Proportional Fitting (IPF)...
IPF converged at iteration 29
IPF row error: 20.662690, col error: 0.000000
Starting Iterative Proportional Fitting (IPF)...
IPF converged at iteration 93
IPF row error: 23.040343, col error: 0.000000
Starting Iterative Proportional Fitting (IPF)...
IPF converged at iteration 93
IPF row error: 23.040343, col error: 0.000000
Starting Iterative Proportional Fitting (IPF)...
IPF converged at iteration 93
IPF row error: 23.040343, col error: 0.000000
Starting Iterative Proportional Fitting (IPF)...
IPF converged at iteration 62
IPF row error: 21.430213, col error: 0.000000
Starting Iterative Proportional Fitting (IPF)...
IPF converged at iteration 93
IPF row error: 23.040343, col error: 0.000000
Starting Iterative Proportional Fitting (IPF)...
IPF converged at iteration 34
IPF row error: 23.215818, col error: 0.000000
Starting Iterative Proportional Fitting (IPF)...
IPF converged at iteration 93
IPF row error: 23.040343, col error: 0.000000
Starting Iterative Proportional Fitting (IPF)...
IPF converged at iteration 25
IPF row error: 18.899749, col error: 0.000000
Starting Iterative Proportional Fitting (IPF)...
IPF converged at iteration 93
IPF row error: 23.040343, col error: 0.000000
Starting Iterative Proportional Fitting (IPF)...
IPF converged at iteration 49
IPF row error: 21.654513, col error: 0.000000
Starting Iterative Proportional Fitting (IPF)...
IPF converged at iteration 93
IPF row error: 23.040343, col error: 0.000000
Starting Iterative Proportional Fitting (IPF)...
IPF converged at iteration 25
IPF row error: 20.204763, col error: 0.000000
Starting Iterative Proportional Fitting (IPF)...
IPF converged at iteration 89
IPF row error: 22.951447, col error: 0.000000
IPF converged at iteration 32
Starting Iterative Proportional Fitting (IPF)...
IPF row error: 19.340796, col error: 0.000000
Starting Iterative Proportional Fitting (IPF)...
IPF converged at iteration 52
IPF row error: 21.149781, col error: 0.000000
IPF converged at iteration 87
Starting Iterative Proportional Fitting (IPF)...
IPF row error: 23.042069, col error: 0.000000
Starting Iterative Proportional Fitting (IPF)...
IPF converged at iteration 25
IPF row error: 21.437806, col error: 0.000000
IPF converged at iteration 35
IPF row error: 19.332575, col error: 0.000000
Starting Iterative Proportional Fitting (IPF)...
Starting Iterative Proportional Fitting (IPF)...
IPF converged at iteration 87
IPF row error: 23.015658, col error: 0.000000
  [2023/test] 진행 1260/1750 (72.0%) | 누적 CPC 0.4037 | RMSE 802.9943 | %RMSE 12.4143 | 경과 19.5분 | 예상 남음 7.6분
Starting Iterative Proportional Fitting (IPF)...
IPF converged at iteration 87
IPF row error: 23.015658, col error: 0.000000
Starting Iterative Proportional Fitting (IPF)...
IPF converged at iteration 87
IPF row error: 22.970308, col error: 0.000000
IPF converged at iteration 89
IPF row error: 22.988050, col error: 0.000000
Starting Iterative Proportional Fitting (IPF)...
Starting Iterative Proportional Fitting (IPF)...
IPF converged at iteration 28
IPF row error: 20.426564, col error: 0.000000
IPF converged at iteration 64
IPF row error: 22.658714, col error: 0.000000
Starting Iterative Proportional Fitting (IPF)...
Starting Iterative Proportional Fitting (IPF)...
IPF converged at iteration 83
IPF row error: 21.613896, col error: 0.000000
IPF converged at iteration 24
IPF row error: 19.093040, col error: 0.000000
Starting Iterative Proportional Fitting (IPF)...
Starting Iterative Proportional Fitting (IPF)...
IPF converged at iteration 30
IPF row error: 23.901641, col error: 0.000000
Starting Iterative Proportional Fitting (IPF)...
IPF converged at iteration 24
IPF row error: 16.930338, col error: 0.000000
Starting Iterative Proportional Fitting (IPF)...
IPF converged at iteration 89
IPF row error: 23.024192, col error: 0.000000
IPF converged at iteration 27
IPF row error: 21.165932, col error: 0.000000
Starting Iterative Proportional Fitting (IPF)...
Starting Iterative Proportional Fitting (IPF)...
IPF converged at iteration 37
IPF row error: 21.155512, col error: 0.000000
Starting Iterative Proportional Fitting (IPF)...
IPF converged at iteration 87
IPF row error: 23.038285, col error: 0.000000
Starting Iterative Proportional Fitting (IPF)...
IPF converged at iteration 25
IPF row error: 19.970426, col error: 0.000000
Starting Iterative Proportional Fitting (IPF)...
IPF converged at iteration 89
IPF row error: 22.945899, col error: 0.000000
Starting Iterative Proportional Fitting (IPF)...
IPF converged at iteration 87
IPF row error: 23.038757, col error: 0.000000
Starting Iterative Proportional Fitting (IPF)...
IPF converged at iteration 44
IPF row error: 20.097641, col error: 0.000000
Starting Iterative Proportional Fitting (IPF)...
IPF converged at iteration 38
IPF row error: 20.009125, col error: 0.000000
Starting Iterative Proportional Fitting (IPF)...
IPF converged at iteration 32
IPF row error: 21.000173, col error: 0.000000
Starting Iterative Proportional Fitting (IPF)...
IPF converged at iteration 89
IPF row error: 23.093897, col error: 0.000000
Starting Iterative Proportional Fitting (IPF)...
IPF converged at iteration 89
IPF row error: 22.917604, col error: 0.000000
Starting Iterative Proportional Fitting (IPF)...
IPF converged at iteration 39
IPF row error: 21.377029, col error: 0.000000
Starting Iterative Proportional Fitting (IPF)...
IPF converged at iteration 89
IPF row error: 23.024192, col error: 0.000000
Starting Iterative Proportional Fitting (IPF)...
IPF converged at iteration 95
IPF row error: 22.306618, col error: 0.000000
Starting Iterative Proportional Fitting (IPF)...
IPF converged at iteration 89
IPF row error: 23.095650, col error: 0.000000
Starting Iterative Proportional Fitting (IPF)...
IPF converged at iteration 39
IPF row error: 20.664492, col error: 0.000000
Starting Iterative Proportional Fitting (IPF)...
IPF converged at iteration 87
IPF row error: 22.968944, col error: 0.000000
Starting Iterative Proportional Fitting (IPF)...
IPF converged at iteration 84
IPF row error: 23.081791, col error: 0.000000
Starting Iterative Proportional Fitting (IPF)...
IPF converged at iteration 26
IPF row error: 16.979356, col error: 0.000000
Starting Iterative Proportional Fitting (IPF)...
IPF converged at iteration 31
IPF row error: 23.485584, col error: 0.000000
  [2023/test] 진행 1290/1750 (73.7%) | 누적 CPC 0.4008 | RMSE 805.1745 | %RMSE 12.4412 | 경과 20.1분 | 예상 남음 7.2분
Starting Iterative Proportional Fitting (IPF)...
IPF converged at iteration 89
IPF row error: 23.024192, col error: 0.000000
Starting Iterative Proportional Fitting (IPF)...
IPF converged at iteration 89
IPF row error: 22.983374, col error: 0.000000
Starting Iterative Proportional Fitting (IPF)...
IPF converged at iteration 95
IPF row error: 22.125082, col error: 0.000000
Starting Iterative Proportional Fitting (IPF)...
IPF converged at iteration 87
IPF row error: 22.970308, col error: 0.000000
Starting Iterative Proportional Fitting (IPF)...
IPF converged at iteration 89
IPF row error: 22.951447, col error: 0.000000
Starting Iterative Proportional Fitting (IPF)...
IPF converged at iteration 83
IPF row error: 21.619265, col error: 0.000000
Starting Iterative Proportional Fitting (IPF)...
IPF converged at iteration 87
IPF row error: 22.993497, col error: 0.000000
Starting Iterative Proportional Fitting (IPF)...
IPF converged at iteration 95
IPF row error: 22.306618, col error: 0.000000
Starting Iterative Proportional Fitting (IPF)...
IPF converged at iteration 25
IPF row error: 17.248449, col error: 0.000000
IPF converged at iteration 87
IPF row error: 22.982084, col error: 0.000000
Starting Iterative Proportional Fitting (IPF)...
Starting Iterative Proportional Fitting (IPF)...
IPF converged at iteration 89
IPF row error: 22.937047, col error: 0.000000
Starting Iterative Proportional Fitting (IPF)...
IPF converged at iteration 25
IPF row error: 17.716382, col error: 0.000000
IPF converged at iteration 37
IPF row error: 21.220516, col error: 0.000000
Starting Iterative Proportional Fitting (IPF)...
Starting Iterative Proportional Fitting (IPF)...
IPF converged at iteration 89
IPF row error: 21.882516, col error: 0.000000
Starting Iterative Proportional Fitting (IPF)...
IPF converged at iteration 89
IPF row error: 21.802374, col error: 0.000000
Starting Iterative Proportional Fitting (IPF)...
IPF converged at iteration 32
IPF row error: 21.530738, col error: 0.000000
Starting Iterative Proportional Fitting (IPF)...
IPF converged at iteration 89
IPF converged at iteration 89
IPF row error: 21.802374, col error: 0.000000
IPF row error: 21.802374, col error: 0.000000
Starting Iterative Proportional Fitting (IPF)...
Starting Iterative Proportional Fitting (IPF)...
IPF converged at iteration 27
IPF row error: 20.323652, col error: 0.000000
Starting Iterative Proportional Fitting (IPF)...
IPF converged at iteration 89
IPF row error: 21.822191, col error: 0.000000
Starting Iterative Proportional Fitting (IPF)...
IPF converged at iteration 94
IPF row error: 22.759985, col error: 0.000000
Starting Iterative Proportional Fitting (IPF)...
IPF converged at iteration 94
IPF row error: 22.805866, col error: 0.000000
Starting Iterative Proportional Fitting (IPF)...
IPF converged at iteration 89
IPF row error: 21.822191, col error: 0.000000
Starting Iterative Proportional Fitting (IPF)...
IPF converged at iteration 31
IPF row error: 18.593153, col error: 0.000000
Starting Iterative Proportional Fitting (IPF)...
IPF converged at iteration 89
IPF row error: 21.802374, col error: 0.000000
Starting Iterative Proportional Fitting (IPF)...
IPF converged at iteration 27
IPF row error: 19.082988, col error: 0.000000
Starting Iterative Proportional Fitting (IPF)...
IPF converged at iteration 40
IPF row error: 20.724339, col error: 0.000000
IPF converged at iteration 89
IPF row error: 21.882516, col error: 0.000000
Starting Iterative Proportional Fitting (IPF)...
Starting Iterative Proportional Fitting (IPF)...
IPF converged at iteration 54
IPF row error: 22.340286, col error: 0.000000
Starting Iterative Proportional Fitting (IPF)...
IPF converged at iteration 39
IPF row error: 23.510981, col error: 0.000000
  [2023/test] 진행 1320/1750 (75.4%) | 누적 CPC 0.3976 | RMSE 814.7443 | %RMSE 12.4698 | 경과 20.7분 | 예상 남음 6.7분
Starting Iterative Proportional Fitting (IPF)...
IPF converged at iteration 89
IPF row error: 21.822191, col error: 0.000000
Starting Iterative Proportional Fitting (IPF)...
IPF converged at iteration 25
IPF row error: 21.465751, col error: 0.000000
Starting Iterative Proportional Fitting (IPF)...
IPF converged at iteration 89
IPF row error: 21.802374, col error: 0.000000
Starting Iterative Proportional Fitting (IPF)...
IPF converged at iteration 58
IPF row error: 21.048461, col error: 0.000000
Starting Iterative Proportional Fitting (IPF)...
IPF converged at iteration 30
IPF row error: 19.143119, col error: 0.000000
Starting Iterative Proportional Fitting (IPF)...
IPF converged at iteration 26
IPF row error: 18.588967, col error: 0.000000
Starting Iterative Proportional Fitting (IPF)...
IPF converged at iteration 27
IPF row error: 17.933455, col error: 0.000000
Starting Iterative Proportional Fitting (IPF)...
IPF converged at iteration 89
IPF row error: 21.882516, col error: 0.000000
Starting Iterative Proportional Fitting (IPF)...
IPF converged at iteration 26
IPF row error: 18.755786, col error: 0.000000
Starting Iterative Proportional Fitting (IPF)...
IPF converged at iteration 89
IPF row error: 21.822191, col error: 0.000000
Starting Iterative Proportional Fitting (IPF)...
IPF converged at iteration 35
IPF row error: 20.227175, col error: 0.000000
Starting Iterative Proportional Fitting (IPF)...
IPF converged at iteration 54
IPF row error: 21.810696, col error: 0.000000
Starting Iterative Proportional Fitting (IPF)...
IPF converged at iteration 89
IPF row error: 21.882516, col error: 0.000000
Starting Iterative Proportional Fitting (IPF)...
IPF converged at iteration 26
IPF row error: 17.531932, col error: 0.000000
Starting Iterative Proportional Fitting (IPF)...
IPF converged at iteration 32
IPF row error: 22.661093, col error: 0.000000
Starting Iterative Proportional Fitting (IPF)...
IPF converged at iteration 89
IPF row error: 21.822191, col error: 0.000000
Starting Iterative Proportional Fitting (IPF)...
IPF converged at iteration 94
IPF row error: 22.759985, col error: 0.000000
IPF converged at iteration 58
IPF row error: 23.523426, col error: 0.000000
Starting Iterative Proportional Fitting (IPF)...
Starting Iterative Proportional Fitting (IPF)...
IPF converged at iteration 43
IPF row error: 20.464381, col error: 0.000000
Starting Iterative Proportional Fitting (IPF)...
IPF converged at iteration 89
IPF row error: 21.822191, col error: 0.000000
Starting Iterative Proportional Fitting (IPF)...
IPF converged at iteration 27
IPF converged at iteration 52
IPF row error: 20.318808, col error: 0.000000
IPF row error: 21.990892, col error: 0.000000
Starting Iterative Proportional Fitting (IPF)...
Starting Iterative Proportional Fitting (IPF)...
IPF converged at iteration 89
IPF row error: 21.822191, col error: 0.000000
IPF converged at iteration 89
IPF row error: 21.822191, col error: 0.000000
Starting Iterative Proportional Fitting (IPF)...
Starting Iterative Proportional Fitting (IPF)...
IPF converged at iteration 26
IPF row error: 20.315912, col error: 0.000000
Starting Iterative Proportional Fitting (IPF)...
IPF converged at iteration 27
IPF row error: 18.293301, col error: 0.000000
Starting Iterative Proportional Fitting (IPF)...
IPF converged at iteration 89
IPF row error: 21.822191, col error: 0.000000
Starting Iterative Proportional Fitting (IPF)...
IPF converged at iteration 94
IPF row error: 22.782802, col error: 0.000000
Starting Iterative Proportional Fitting (IPF)...
IPF converged at iteration 89
IPF row error: 21.822191, col error: 0.000000
Starting Iterative Proportional Fitting (IPF)...
IPF converged at iteration 30
IPF row error: 22.699175, col error: 0.000000
  [2023/test] 진행 1350/1750 (77.1%) | 누적 CPC 0.3943 | RMSE 830.1120 | %RMSE 12.5082 | 경과 21.3분 | 예상 남음 6.3분
Starting Iterative Proportional Fitting (IPF)...
IPF converged at iteration 94
IPF row error: 22.805866, col error: 0.000000
Starting Iterative Proportional Fitting (IPF)...
IPF converged at iteration 93
IPF row error: 22.370234, col error: 0.000000
Starting Iterative Proportional Fitting (IPF)...
IPF converged at iteration 87
IPF row error: 21.754061, col error: 0.000000
Starting Iterative Proportional Fitting (IPF)...
IPF converged at iteration 78
IPF row error: 21.422745, col error: 0.000000
Starting Iterative Proportional Fitting (IPF)...
IPF converged at iteration 32
IPF row error: 20.314666, col error: 0.000000
Starting Iterative Proportional Fitting (IPF)...
IPF converged at iteration 35
IPF row error: 19.961387, col error: 0.000000
Starting Iterative Proportional Fitting (IPF)...
IPF converged at iteration 24
IPF row error: 22.965917, col error: 0.000000
Starting Iterative Proportional Fitting (IPF)...
IPF converged at iteration 27
IPF row error: 22.623646, col error: 0.000000
Starting Iterative Proportional Fitting (IPF)...
IPF converged at iteration 87
IPF row error: 21.754061, col error: 0.000000
Starting Iterative Proportional Fitting (IPF)...
IPF converged at iteration 56
IPF row error: 20.552081, col error: 0.000000
Starting Iterative Proportional Fitting (IPF)...
IPF converged at iteration 86
IPF row error: 23.236808, col error: 0.000000
Starting Iterative Proportional Fitting (IPF)...
IPF converged at iteration 26
IPF row error: 17.667479, col error: 0.000000
Starting Iterative Proportional Fitting (IPF)...
IPF converged at iteration 88
IPF row error: 22.517842, col error: 0.000000
Starting Iterative Proportional Fitting (IPF)...
IPF converged at iteration 93
IPF row error: 22.370234, col error: 0.000000
Starting Iterative Proportional Fitting (IPF)...
IPF converged at iteration 26
IPF row error: 17.108348, col error: 0.000000
Starting Iterative Proportional Fitting (IPF)...
IPF converged at iteration 26
IPF row error: 19.933807, col error: 0.000000
Starting Iterative Proportional Fitting (IPF)...
IPF converged at iteration 86
IPF row error: 23.236776, col error: 0.000000
IPF converged at iteration 93
IPF row error: 22.645845, col error: 0.000000
Starting Iterative Proportional Fitting (IPF)...
Starting Iterative Proportional Fitting (IPF)...
IPF converged at iteration 25
IPF row error: 19.376982, col error: 0.000000
IPF converged at iteration 27
IPF row error: 19.727852, col error: 0.000000
Starting Iterative Proportional Fitting (IPF)...
Starting Iterative Proportional Fitting (IPF)...
IPF converged at iteration 88
IPF row error: 22.966388, col error: 0.000000
Starting Iterative Proportional Fitting (IPF)...
IPF converged at iteration 26
IPF row error: 20.102419, col error: 0.000000
IPF converged at iteration 25
IPF row error: 17.893646, col error: 0.000000
Starting Iterative Proportional Fitting (IPF)...
Starting Iterative Proportional Fitting (IPF)...
IPF converged at iteration 93
IPF row error: 22.133719, col error: 0.000000
Starting Iterative Proportional Fitting (IPF)...
IPF converged at iteration 25
IPF row error: 21.367165, col error: 0.000000
Starting Iterative Proportional Fitting (IPF)...
IPF converged at iteration 27
IPF row error: 19.225800, col error: 0.000000
Starting Iterative Proportional Fitting (IPF)...
IPF converged at iteration 73
IPF row error: 22.920569, col error: 0.000000
Starting Iterative Proportional Fitting (IPF)...
IPF converged at iteration 40
IPF row error: 21.568869, col error: 0.000000
Starting Iterative Proportional Fitting (IPF)...
IPF converged at iteration 93
IPF row error: 22.370234, col error: 0.000000
Starting Iterative Proportional Fitting (IPF)...
IPF converged at iteration 26
IPF row error: 20.826751, col error: 0.000000
  [2023/test] 진행 1380/1750 (78.9%) | 누적 CPC 0.3928 | RMSE 854.9173 | %RMSE 12.6553 | 경과 21.8분 | 예상 남음 5.8분
Starting Iterative Proportional Fitting (IPF)...
IPF converged at iteration 26
IPF row error: 18.041681, col error: 0.000000
IPF converged at iteration 87
IPF row error: 21.754083, col error: 0.000000
Starting Iterative Proportional Fitting (IPF)...
Starting Iterative Proportional Fitting (IPF)...
IPF converged at iteration 25
IPF row error: 21.497873, col error: 0.000000
Starting Iterative Proportional Fitting (IPF)...
IPF converged at iteration 27
IPF row error: 19.447639, col error: 0.000000
Starting Iterative Proportional Fitting (IPF)...
IPF converged at iteration 25
IPF row error: 20.721480, col error: 0.000000
Starting Iterative Proportional Fitting (IPF)...
IPF converged at iteration 94
IPF row error: 21.750505, col error: 0.000000
Starting Iterative Proportional Fitting (IPF)...
IPF converged at iteration 87
IPF row error: 21.754083, col error: 0.000000
Starting Iterative Proportional Fitting (IPF)...
IPF converged at iteration 89
IPF row error: 23.126303, col error: 0.000000
Starting Iterative Proportional Fitting (IPF)...
IPF converged at iteration 88
IPF row error: 22.517842, col error: 0.000000
Starting Iterative Proportional Fitting (IPF)...
IPF converged at iteration 89
IPF row error: 22.041255, col error: 0.000000
Starting Iterative Proportional Fitting (IPF)...
IPF converged at iteration 31
IPF row error: 28.197191, col error: 0.000000
Starting Iterative Proportional Fitting (IPF)...
IPF converged at iteration 89
IPF row error: 21.788622, col error: 0.000000
Starting Iterative Proportional Fitting (IPF)...
IPF converged at iteration 37
IPF row error: 22.090782, col error: 0.000000
Starting Iterative Proportional Fitting (IPF)...
IPF converged at iteration 86
IPF row error: 23.236808, col error: 0.000000
Starting Iterative Proportional Fitting (IPF)...
IPF converged at iteration 93
IPF row error: 23.013756, col error: 0.000000
Starting Iterative Proportional Fitting (IPF)...
IPF converged at iteration 93
IPF row error: 23.013756, col error: 0.000000
IPF converged at iteration 86
IPF row error: 23.236776, col error: 0.000000
Starting Iterative Proportional Fitting (IPF)...
Starting Iterative Proportional Fitting (IPF)...
IPF converged at iteration 31
IPF row error: 23.254346, col error: 0.000000
Starting Iterative Proportional Fitting (IPF)...
IPF converged at iteration 89
IPF row error: 22.041255, col error: 0.000000
IPF converged at iteration 27
IPF row error: 22.363943, col error: 0.000000
Starting Iterative Proportional Fitting (IPF)...
Starting Iterative Proportional Fitting (IPF)...
IPF converged at iteration 94
IPF converged at iteration 91
IPF row error: 21.750505, col error: 0.000000
IPF row error: 22.863303, col error: 0.000000
Starting Iterative Proportional Fitting (IPF)...
Starting Iterative Proportional Fitting (IPF)...
IPF converged at iteration 24
IPF row error: 21.300875, col error: 0.000000
IPF converged at iteration 27
IPF row error: 22.857945, col error: 0.000000
Starting Iterative Proportional Fitting (IPF)...
IPF converged at iteration 86
IPF row error: 22.620609, col error: 0.000000
Starting Iterative Proportional Fitting (IPF)...
Starting Iterative Proportional Fitting (IPF)...
IPF converged at iteration 93
IPF row error: 22.228211, col error: 0.000000
Starting Iterative Proportional Fitting (IPF)...
IPF converged at iteration 31
IPF row error: 18.764536, col error: 0.000000
Starting Iterative Proportional Fitting (IPF)...
IPF converged at iteration 82
IPF row error: 22.204476, col error: 0.000000
Starting Iterative Proportional Fitting (IPF)...
IPF converged at iteration 83
IPF converged at iteration 86
IPF row error: 21.842706, col error: 0.000000
IPF row error: 22.525710, col error: 0.000000
  [2023/test] 진행 1410/1750 (80.6%) | 누적 CPC 0.3910 | RMSE 876.8482 | %RMSE 12.7666 | 경과 22.4분 | 예상 남음 5.4분
Starting Iterative Proportional Fitting (IPF)...
Starting Iterative Proportional Fitting (IPF)...
IPF converged at iteration 25
IPF row error: 20.238875, col error: 0.000000
Starting Iterative Proportional Fitting (IPF)...
IPF converged at iteration 83
IPF converged at iteration 44
IPF row error: 22.178032, col error: 0.000000
IPF row error: 20.714086, col error: 0.000000
Starting Iterative Proportional Fitting (IPF)...
IPF converged at iteration 42
Starting Iterative Proportional Fitting (IPF)...
IPF row error: 21.932283, col error: 0.000000
Starting Iterative Proportional Fitting (IPF)...
IPF converged at iteration 26
IPF converged at iteration 25
IPF row error: 22.556300, col error: 0.000000
IPF row error: 17.306250, col error: 0.000000
Starting Iterative Proportional Fitting (IPF)...
Starting Iterative Proportional Fitting (IPF)...
IPF converged at iteration 27
IPF row error: 19.825797, col error: 0.000000
Starting Iterative Proportional Fitting (IPF)...
IPF converged at iteration 82
IPF row error: 22.029197, col error: 0.000000
Starting Iterative Proportional Fitting (IPF)...
IPF converged at iteration 25
IPF row error: 19.585930, col error: 0.000000
Starting Iterative Proportional Fitting (IPF)...
IPF converged at iteration 90
IPF row error: 21.941212, col error: 0.000000
Starting Iterative Proportional Fitting (IPF)...
IPF converged at iteration 25
IPF row error: 18.686636, col error: 0.000000
Starting Iterative Proportional Fitting (IPF)...
IPF converged at iteration 91
IPF row error: 22.966244, col error: 0.000000
Starting Iterative Proportional Fitting (IPF)...
IPF converged at iteration 86
IPF row error: 22.584194, col error: 0.000000
Starting Iterative Proportional Fitting (IPF)...
IPF converged at iteration 46
IPF row error: 20.359908, col error: 0.000000
Starting Iterative Proportional Fitting (IPF)...
IPF converged at iteration 82
IPF row error: 22.029218, col error: 0.000000
Starting Iterative Proportional Fitting (IPF)...
IPF converged at iteration 83
IPF row error: 21.554636, col error: 0.000000
Starting Iterative Proportional Fitting (IPF)...
IPF converged at iteration 82
IPF row error: 21.623350, col error: 0.000000
Starting Iterative Proportional Fitting (IPF)...
IPF converged at iteration 91
IPF row error: 22.863303, col error: 0.000000
Starting Iterative Proportional Fitting (IPF)...
IPF converged at iteration 86
IPF row error: 22.620609, col error: 0.000000
Starting Iterative Proportional Fitting (IPF)...
IPF converged at iteration 25
IPF row error: 18.887217, col error: 0.000000
Starting Iterative Proportional Fitting (IPF)...
IPF converged at iteration 82
IPF row error: 21.454702, col error: 0.000000
Starting Iterative Proportional Fitting (IPF)...
IPF converged at iteration 60
IPF row error: 22.129064, col error: 0.000000
IPF converged at iteration 73Starting Iterative Proportional Fitting (IPF)...

IPF row error: 22.525215, col error: 0.000000
Starting Iterative Proportional Fitting (IPF)...
IPF converged at iteration 54
IPF row error: 23.141679, col error: 0.000000
Starting Iterative Proportional Fitting (IPF)...
IPF converged at iteration 82
IPF row error: 21.460108, col error: 0.000000
Starting Iterative Proportional Fitting (IPF)...
IPF converged at iteration 25
IPF row error: 21.109214, col error: 0.000000
Starting Iterative Proportional Fitting (IPF)...
IPF converged at iteration 29
IPF row error: 20.622668, col error: 0.000000
IPF converged at iteration 50
IPF row error: 22.278376, col error: 0.000000
Starting Iterative Proportional Fitting (IPF)...
Starting Iterative Proportional Fitting (IPF)...
IPF converged at iteration 25
IPF row error: 18.472796, col error: 0.000000
Starting Iterative Proportional Fitting (IPF)...
IPF converged at iteration 29
IPF row error: 23.618253, col error: 0.000000
  [2023/test] 진행 1440/1750 (82.3%) | 누적 CPC 0.3877 | RMSE 892.3258 | %RMSE 12.8101 | 경과 22.9분 | 예상 남음 4.9분
Starting Iterative Proportional Fitting (IPF)...
IPF converged at iteration 24
IPF row error: 17.732020, col error: 0.000000
Starting Iterative Proportional Fitting (IPF)...
IPF converged at iteration 91
IPF row error: 22.994192, col error: 0.000000
Starting Iterative Proportional Fitting (IPF)...
IPF converged at iteration 26
IPF row error: 17.968768, col error: 0.000000
IPF converged at iteration 90
IPF row error: 22.916514, col error: 0.000000
Starting Iterative Proportional Fitting (IPF)...
Starting Iterative Proportional Fitting (IPF)...
IPF converged at iteration 26
IPF row error: 18.689471, col error: 0.000000
IPF converged at iteration 91
Starting Iterative Proportional Fitting (IPF)...
IPF row error: 23.104340, col error: 0.000000
Starting Iterative Proportional Fitting (IPF)...
IPF converged at iteration 32
IPF row error: 18.800311, col error: 0.000000
IPF converged at iteration 26
IPF row error: 20.766871, col error: 0.000000
Starting Iterative Proportional Fitting (IPF)...
Starting Iterative Proportional Fitting (IPF)...
IPF converged at iteration 39
IPF row error: 21.929951, col error: 0.000000
Starting Iterative Proportional Fitting (IPF)...
IPF converged at iteration 34
IPF row error: 22.074699, col error: 0.000000
Starting Iterative Proportional Fitting (IPF)...
IPF converged at iteration 83
IPF row error: 21.842706, col error: 0.000000
Starting Iterative Proportional Fitting (IPF)...
IPF converged at iteration 81
IPF row error: 22.391219, col error: 0.000000
IPF converged at iteration 49
Starting Iterative Proportional Fitting (IPF)...
IPF row error: 20.274246, col error: 0.000000
Starting Iterative Proportional Fitting (IPF)...
IPF converged at iteration 32
IPF row error: 20.295757, col error: 0.000000
Starting Iterative Proportional Fitting (IPF)...
IPF converged at iteration 91
IPF row error: 21.654005, col error: 0.000000
Starting Iterative Proportional Fitting (IPF)...
IPF converged at iteration 36
IPF row error: 20.163511, col error: 0.000000
IPF converged at iteration 26
IPF row error: 17.862382, col error: 0.000000
Starting Iterative Proportional Fitting (IPF)...
Starting Iterative Proportional Fitting (IPF)...
IPF converged at iteration 27
IPF row error: 22.944389, col error: 0.000000
Starting Iterative Proportional Fitting (IPF)...
IPF converged at iteration 31
IPF row error: 22.672215, col error: 0.000000
Starting Iterative Proportional Fitting (IPF)...
IPF converged at iteration 89
IPF row error: 23.256421, col error: 0.000000
Starting Iterative Proportional Fitting (IPF)...
IPF converged at iteration 27
IPF row error: 18.526488, col error: 0.000000
IPF converged at iteration 84
IPF converged at iteration 24
IPF row error: 23.033785, col error: 0.000000
IPF row error: 17.596984, col error: 0.000000
Starting Iterative Proportional Fitting (IPF)...
Starting Iterative Proportional Fitting (IPF)...
Starting Iterative Proportional Fitting (IPF)...
IPF converged at iteration 28
IPF row error: 19.214443, col error: 0.000000
Starting Iterative Proportional Fitting (IPF)...
IPF converged at iteration 28
IPF row error: 23.013339, col error: 0.000000
Starting Iterative Proportional Fitting (IPF)...
IPF converged at iteration 81
IPF row error: 22.777684, col error: 0.000000
Starting Iterative Proportional Fitting (IPF)...
IPF converged at iteration 81
IPF row error: 22.816742, col error: 0.000000
Starting Iterative Proportional Fitting (IPF)...
IPF converged at iteration 27
IPF row error: 19.584117, col error: 0.000000
Starting Iterative Proportional Fitting (IPF)...
IPF converged at iteration 91
IPF row error: 21.973329, col error: 0.000000
Starting Iterative Proportional Fitting (IPF)...
IPF converged at iteration 27
IPF row error: 21.055162, col error: 0.000000
  [2023/test] 진행 1470/1750 (84.0%) | 누적 CPC 0.3851 | RMSE 898.3861 | %RMSE 12.8085 | 경과 23.4분 | 예상 남음 4.5분
Starting Iterative Proportional Fitting (IPF)...
IPF converged at iteration 80
IPF row error: 22.591742, col error: 0.000000
Starting Iterative Proportional Fitting (IPF)...
IPF converged at iteration 85
IPF row error: 21.627650, col error: 0.000000
Starting Iterative Proportional Fitting (IPF)...
IPF converged at iteration 91
IPF row error: 21.973329, col error: 0.000000
Starting Iterative Proportional Fitting (IPF)...
IPF converged at iteration 27
IPF row error: 19.221126, col error: 0.000000
Starting Iterative Proportional Fitting (IPF)...
IPF converged at iteration 89
IPF row error: 22.956596, col error: 0.000000
Starting Iterative Proportional Fitting (IPF)...
IPF converged at iteration 52
IPF row error: 22.212483, col error: 0.000000
Starting Iterative Proportional Fitting (IPF)...
IPF converged at iteration 80
IPF row error: 21.814605, col error: 0.000000
Starting Iterative Proportional Fitting (IPF)...
IPF converged at iteration 81
IPF row error: 21.777217, col error: 0.000000
Starting Iterative Proportional Fitting (IPF)...
IPF converged at iteration 80
IPF row error: 22.592280, col error: 0.000000
IPF converged at iteration 27
Starting Iterative Proportional Fitting (IPF)...
IPF converged at iteration 47
IPF row error: 18.526029, col error: 0.000000
IPF row error: 20.802139, col error: 0.000000
Starting Iterative Proportional Fitting (IPF)...
Starting Iterative Proportional Fitting (IPF)...
IPF converged at iteration 26
IPF row error: 20.104935, col error: 0.000000
IPF converged at iteration 91
IPF row error: 22.412100, col error: 0.000000
Starting Iterative Proportional Fitting (IPF)...
Starting Iterative Proportional Fitting (IPF)...
IPF converged at iteration 40
IPF row error: 22.073513, col error: 0.000000
Starting Iterative Proportional Fitting (IPF)...
IPF converged at iteration 25
IPF row error: 22.178634, col error: 0.000000
IPF converged at iteration 28
IPF row error: 23.641628, col error: 0.000000
Starting Iterative Proportional Fitting (IPF)...
Starting Iterative Proportional Fitting (IPF)...
IPF converged at iteration 80
IPF row error: 21.705846, col error: 0.000000
Starting Iterative Proportional Fitting (IPF)...
IPF converged at iteration 35
IPF row error: 21.611548, col error: 0.000000
Starting Iterative Proportional Fitting (IPF)...
IPF converged at iteration 52
IPF row error: 22.256562, col error: 0.000000
Starting Iterative Proportional Fitting (IPF)...
IPF converged at iteration 91
IPF row error: 21.973329, col error: 0.000000
Starting Iterative Proportional Fitting (IPF)...
IPF converged at iteration 81
IPF row error: 22.351510, col error: 0.000000
Starting Iterative Proportional Fitting (IPF)...
IPF converged at iteration 84
IPF row error: 22.231521, col error: 0.000000
Starting Iterative Proportional Fitting (IPF)...
IPF converged at iteration 80
IPF row error: 22.295372, col error: 0.000000
Starting Iterative Proportional Fitting (IPF)...
IPF converged at iteration 27
IPF row error: 17.259063, col error: 0.000000
Starting Iterative Proportional Fitting (IPF)...
IPF converged at iteration 84
IPF row error: 23.033785, col error: 0.000000
Starting Iterative Proportional Fitting (IPF)...
IPF converged at iteration 32
IPF row error: 23.066619, col error: 0.000000
IPF converged at iteration 84
Starting Iterative Proportional Fitting (IPF)...
IPF row error: 22.231521, col error: 0.000000
IPF converged at iteration 26
IPF row error: 21.562989, col error: 0.000000
Starting Iterative Proportional Fitting (IPF)...
Starting Iterative Proportional Fitting (IPF)...
IPF converged at iteration 81
IPF row error: 22.785205, col error: 0.000000
IPF converged at iteration 27
Starting Iterative Proportional Fitting (IPF)...
IPF row error: 19.788447, col error: 0.000000
  [2023/test] 진행 1500/1750 (85.7%) | 누적 CPC 0.3819 | RMSE 902.6486 | %RMSE 12.8018 | 경과 23.9분 | 예상 남음 4.0분
Starting Iterative Proportional Fitting (IPF)...
IPF converged at iteration 84
IPF converged at iteration 89
IPF row error: 23.197855, col error: 0.000000
IPF row error: 23.188825, col error: 0.000000
Starting Iterative Proportional Fitting (IPF)...
Starting Iterative Proportional Fitting (IPF)...
IPF converged at iteration 85
IPF row error: 22.842731, col error: 0.000000
IPF converged at iteration 24
IPF converged at iteration 25
IPF row error: 19.580300, col error: 0.000000
IPF row error: 22.403829, col error: 0.000000
IPF converged at iteration 84
Starting Iterative Proportional Fitting (IPF)...
IPF row error: 23.274346, col error: 0.000000
Starting Iterative Proportional Fitting (IPF)...
Starting Iterative Proportional Fitting (IPF)...
Starting Iterative Proportional Fitting (IPF)...
IPF converged at iteration 85
IPF row error: 22.842851, col error: 0.000000
IPF converged at iteration 85
IPF row error: 22.823068, col error: 0.000000
IPF converged at iteration 86
Starting Iterative Proportional Fitting (IPF)...
IPF row error: 23.016180, col error: 0.000000
Starting Iterative Proportional Fitting (IPF)...
Starting Iterative Proportional Fitting (IPF)...
IPF converged at iteration 93
IPF row error: 21.783299, col error: 0.000000
Starting Iterative Proportional Fitting (IPF)...
IPF converged at iteration 26
IPF row error: 17.185469, col error: 0.000000
Starting Iterative Proportional Fitting (IPF)...
IPF converged at iteration 45
IPF row error: 22.677043, col error: 0.000000
Starting Iterative Proportional Fitting (IPF)...
IPF converged at iteration 82
IPF row error: 22.477877, col error: 0.000000
Starting Iterative Proportional Fitting (IPF)...
IPF converged at iteration 91
IPF row error: 23.227648, col error: 0.000000
Starting Iterative Proportional Fitting (IPF)...
IPF converged at iteration 85
IPF row error: 21.890364, col error: 0.000000
Starting Iterative Proportional Fitting (IPF)...
IPF converged at iteration 83
IPF converged at iteration 30
IPF row error: 22.386948, col error: 0.000000
IPF row error: 18.711730, col error: 0.000000
Starting Iterative Proportional Fitting (IPF)...
Starting Iterative Proportional Fitting (IPF)...
IPF converged at iteration 24
IPF row error: 19.863449, col error: 0.000000
Starting Iterative Proportional Fitting (IPF)...
IPF converged at iteration 25
IPF row error: 16.907202, col error: 0.000000
IPF converged at iteration 27
IPF row error: 17.930938, col error: 0.000000
IPF converged at iteration 82
IPF row error: 22.359576, col error: 0.000000
Starting Iterative Proportional Fitting (IPF)...
Starting Iterative Proportional Fitting (IPF)...
Starting Iterative Proportional Fitting (IPF)...
IPF converged at iteration 27
IPF row error: 18.386624, col error: 0.000000
IPF converged at iteration 24
IPF row error: 18.703250, col error: 0.000000
Starting Iterative Proportional Fitting (IPF)...
Starting Iterative Proportional Fitting (IPF)...
IPF converged at iteration 32
IPF row error: 23.674926, col error: 0.000000
Starting Iterative Proportional Fitting (IPF)...
IPF converged at iteration 26
IPF row error: 18.978519, col error: 0.000000
IPF converged at iteration 27
IPF row error: 22.264923, col error: 0.000000
Starting Iterative Proportional Fitting (IPF)...
IPF converged at iteration 86
IPF row error: 23.153367, col error: 0.000000
Starting Iterative Proportional Fitting (IPF)...
Starting Iterative Proportional Fitting (IPF)...
IPF converged at iteration 24
IPF row error: 22.853241, col error: 0.000000
IPF converged at iteration 26
Starting Iterative Proportional Fitting (IPF)...
IPF row error: 21.134169, col error: 0.000000
IPF converged at iteration 25
IPF row error: 17.400530, col error: 0.000000
  [2023/test] 진행 1530/1750 (87.4%) | 누적 CPC 0.3783 | RMSE 902.1790 | %RMSE 12.8538 | 경과 24.4분 | 예상 남음 3.5분
Starting Iterative Proportional Fitting (IPF)...
Starting Iterative Proportional Fitting (IPF)...
IPF converged at iteration 28
IPF row error: 21.838045, col error: 0.000000
Starting Iterative Proportional Fitting (IPF)...IPF converged at iteration 27

IPF row error: 21.793298, col error: 0.000000
IPF converged at iteration 87
IPF row error: 21.646219, col error: 0.000000
IPF converged at iteration 32
Starting Iterative Proportional Fitting (IPF)...
IPF row error: 23.173771, col error: 0.000000
Starting Iterative Proportional Fitting (IPF)...
Starting Iterative Proportional Fitting (IPF)...
IPF converged at iteration 24
IPF row error: 20.207051, col error: 0.000000
Starting Iterative Proportional Fitting (IPF)...
IPF converged at iteration 26
IPF row error: 18.974683, col error: 0.000000
Starting Iterative Proportional Fitting (IPF)...
IPF converged at iteration 26
IPF row error: 19.992842, col error: 0.000000
Starting Iterative Proportional Fitting (IPF)...
IPF converged at iteration 32
IPF row error: 19.513525, col error: 0.000000
Starting Iterative Proportional Fitting (IPF)...
IPF converged at iteration 75
IPF row error: 23.298012, col error: 0.000000
IPF converged at iteration 25
IPF row error: 16.941125, col error: 0.000000
Starting Iterative Proportional Fitting (IPF)...
Starting Iterative Proportional Fitting (IPF)...
IPF converged at iteration 92
IPF row error: 21.873591, col error: 0.000000
Starting Iterative Proportional Fitting (IPF)...
IPF converged at iteration 45
IPF row error: 20.258454, col error: 0.000000
Starting Iterative Proportional Fitting (IPF)...
IPF converged at iteration 35
IPF row error: 21.716713, col error: 0.000000
IPF converged at iteration 24
IPF row error: 16.945989, col error: 0.000000
Starting Iterative Proportional Fitting (IPF)...
Starting Iterative Proportional Fitting (IPF)...
IPF converged at iteration 56
IPF row error: 23.429270, col error: 0.000000
Starting Iterative Proportional Fitting (IPF)...
IPF converged at iteration 24
IPF row error: 20.969856, col error: 0.000000
Starting Iterative Proportional Fitting (IPF)...
IPF converged at iteration 87
IPF row error: 23.331581, col error: 0.000000
Starting Iterative Proportional Fitting (IPF)...IPF converged at iteration 85

IPF row error: 23.182692, col error: 0.000000
Starting Iterative Proportional Fitting (IPF)...
IPF converged at iteration 92
IPF row error: 21.873591, col error: 0.000000
Starting Iterative Proportional Fitting (IPF)...
IPF converged at iteration 73
IPF row error: 21.535938, col error: 0.000000
Starting Iterative Proportional Fitting (IPF)...
IPF converged at iteration 66
IPF row error: 21.300695, col error: 0.000000
Starting Iterative Proportional Fitting (IPF)...
IPF converged at iteration 83
IPF row error: 22.085945, col error: 0.000000
Starting Iterative Proportional Fitting (IPF)...
IPF converged at iteration 92
IPF row error: 21.723419, col error: 0.000000
Starting Iterative Proportional Fitting (IPF)...
IPF converged at iteration 72
IPF row error: 21.288387, col error: 0.000000
Starting Iterative Proportional Fitting (IPF)...
IPF converged at iteration 47
IPF row error: 20.986432, col error: 0.000000
Starting Iterative Proportional Fitting (IPF)...
IPF converged at iteration 84
IPF row error: 21.624726, col error: 0.000000
Starting Iterative Proportional Fitting (IPF)...
IPF converged at iteration 86
IPF row error: 22.388303, col error: 0.000000
Starting Iterative Proportional Fitting (IPF)...
IPF converged at iteration 35
IPF row error: 20.562432, col error: 0.000000
Starting Iterative Proportional Fitting (IPF)...
IPF converged at iteration 84
IPF row error: 21.828463, col error: 0.000000
Starting Iterative Proportional Fitting (IPF)...
IPF converged at iteration 31
IPF row error: 19.212901, col error: 0.000000
  [2023/test] 진행 1560/1750 (89.1%) | 누적 CPC 0.3753 | RMSE 898.1067 | %RMSE 12.8835 | 경과 25.0분 | 예상 남음 3.0분
Starting Iterative Proportional Fitting (IPF)...
IPF converged at iteration 86
IPF row error: 22.091595, col error: 0.000000
Starting Iterative Proportional Fitting (IPF)...
IPF converged at iteration 86
IPF row error: 22.388303, col error: 0.000000
Starting Iterative Proportional Fitting (IPF)...
IPF converged at iteration 84
IPF row error: 22.207782, col error: 0.000000
IPF converged at iteration 68
IPF row error: 21.418349, col error: 0.000000
Starting Iterative Proportional Fitting (IPF)...
Starting Iterative Proportional Fitting (IPF)...
IPF converged at iteration 26
IPF row error: 19.507568, col error: 0.000000
Starting Iterative Proportional Fitting (IPF)...
IPF converged at iteration 30
IPF row error: 22.283752, col error: 0.000000
Starting Iterative Proportional Fitting (IPF)...
IPF converged at iteration 92
IPF row error: 22.251286, col error: 0.000000
IPF converged at iteration 30
IPF row error: 23.664010, col error: 0.000000
Starting Iterative Proportional Fitting (IPF)...
Starting Iterative Proportional Fitting (IPF)...
IPF converged at iteration 91
IPF row error: 22.245639, col error: 0.000000
IPF converged at iteration 40
IPF row error: 22.117172, col error: 0.000000
Starting Iterative Proportional Fitting (IPF)...
Starting Iterative Proportional Fitting (IPF)...
IPF converged at iteration 83
IPF row error: 22.797991, col error: 0.000000
Starting Iterative Proportional Fitting (IPF)...
IPF converged at iteration 82
IPF row error: 22.630893, col error: 0.000000
Starting Iterative Proportional Fitting (IPF)...
IPF converged at iteration 91
IPF row error: 22.245639, col error: 0.000000
IPF converged at iteration 91
IPF row error: 22.245639, col error: 0.000000
Starting Iterative Proportional Fitting (IPF)...
Starting Iterative Proportional Fitting (IPF)...
IPF converged at iteration 86
IPF row error: 22.033001, col error: 0.000000
Starting Iterative Proportional Fitting (IPF)...
IPF converged at iteration 24
IPF row error: 18.586600, col error: 0.000000
IPF converged at iteration 83
Starting Iterative Proportional Fitting (IPF)...
IPF row error: 22.370300, col error: 0.000000
Starting Iterative Proportional Fitting (IPF)...
IPF converged at iteration 83
IPF row error: 22.370300, col error: 0.000000
Starting Iterative Proportional Fitting (IPF)...
IPF converged at iteration 83
IPF row error: 22.475270, col error: 0.000000
Starting Iterative Proportional Fitting (IPF)...
IPF converged at iteration 74
IPF row error: 22.664237, col error: 0.000000
Starting Iterative Proportional Fitting (IPF)...
IPF converged at iteration 26
IPF row error: 19.042445, col error: 0.000000
Starting Iterative Proportional Fitting (IPF)...
IPF converged at iteration 91
IPF row error: 23.255827, col error: 0.000000
Starting Iterative Proportional Fitting (IPF)...
IPF converged at iteration 25
IPF row error: 22.062358, col error: 0.000000
Starting Iterative Proportional Fitting (IPF)...
IPF converged at iteration 91
IPF row error: 22.548810, col error: 0.000000
Starting Iterative Proportional Fitting (IPF)...
IPF converged at iteration 92
IPF row error: 22.251286, col error: 0.000000
IPF converged at iteration 86
IPF row error: 22.091595, col error: 0.000000
Starting Iterative Proportional Fitting (IPF)...
Starting Iterative Proportional Fitting (IPF)...
IPF converged at iteration 23
IPF row error: 24.535558, col error: 0.000000
Starting Iterative Proportional Fitting (IPF)...
IPF converged at iteration 24
IPF converged at iteration 26
IPF row error: 20.877278, col error: 0.000000
IPF row error: 21.551474, col error: 0.000000
Starting Iterative Proportional Fitting (IPF)...
Starting Iterative Proportional Fitting (IPF)...
IPF converged at iteration 83
IPF row error: 22.147983, col error: 0.000000
  [2023/test] 진행 1590/1750 (90.9%) | 누적 CPC 0.3717 | RMSE 887.9927 | %RMSE 12.8465 | 경과 25.7분 | 예상 남음 2.6분
Starting Iterative Proportional Fitting (IPF)...
IPF converged at iteration 46
IPF row error: 21.411467, col error: 0.000000
Starting Iterative Proportional Fitting (IPF)...
IPF converged at iteration 83
IPF row error: 22.457160, col error: 0.000000
IPF converged at iteration 92
IPF row error: 22.043186, col error: 0.000000
Starting Iterative Proportional Fitting (IPF)...
Starting Iterative Proportional Fitting (IPF)...
IPF converged at iteration 83
IPF row error: 22.137285, col error: 0.000000
Starting Iterative Proportional Fitting (IPF)...
IPF converged at iteration 26
IPF row error: 17.554073, col error: 0.000000
Starting Iterative Proportional Fitting (IPF)...
IPF converged at iteration 86
IPF row error: 23.311536, col error: 0.000000
Starting Iterative Proportional Fitting (IPF)...
IPF converged at iteration 91
IPF row error: 22.548810, col error: 0.000000
Starting Iterative Proportional Fitting (IPF)...
IPF converged at iteration 83
IPF row error: 22.442730, col error: 0.000000
Starting Iterative Proportional Fitting (IPF)...
IPF converged at iteration 83
IPF row error: 22.370300, col error: 0.000000
Starting Iterative Proportional Fitting (IPF)...
IPF converged at iteration 23
IPF row error: 22.285038, col error: 0.000000
Starting Iterative Proportional Fitting (IPF)...
IPF converged at iteration 84
IPF row error: 21.624353, col error: 0.000000
Starting Iterative Proportional Fitting (IPF)...
IPF converged at iteration 35
IPF row error: 23.124630, col error: 0.000000
IPF converged at iteration 30
IPF row error: 20.623141, col error: 0.000000
Starting Iterative Proportional Fitting (IPF)...
Starting Iterative Proportional Fitting (IPF)...
IPF converged at iteration 27
IPF row error: 18.463163, col error: 0.000000
IPF converged at iteration 86
Starting Iterative Proportional Fitting (IPF)...
IPF row error: 22.428035, col error: 0.000000
Starting Iterative Proportional Fitting (IPF)...
IPF converged at iteration 84
IPF row error: 22.207580, col error: 0.000000
Starting Iterative Proportional Fitting (IPF)...
IPF converged at iteration 88
IPF row error: 22.276332, col error: 0.000000
Starting Iterative Proportional Fitting (IPF)...
IPF converged at iteration 33
IPF row error: 23.178151, col error: 0.000000
Starting Iterative Proportional Fitting (IPF)...
IPF converged at iteration 84
IPF row error: 22.166071, col error: 0.000000
IPF converged at iteration 92
IPF row error: 23.044545, col error: 0.000000
Starting Iterative Proportional Fitting (IPF)...
Starting Iterative Proportional Fitting (IPF)...
IPF converged at iteration 26
IPF row error: 20.264957, col error: 0.000000
Starting Iterative Proportional Fitting (IPF)...
IPF converged at iteration 29
IPF row error: 19.791425, col error: 0.000000
Starting Iterative Proportional Fitting (IPF)...
IPF converged at iteration 86
IPF row error: 22.388188, col error: 0.000000
Starting Iterative Proportional Fitting (IPF)...
IPF converged at iteration 26
IPF row error: 19.034573, col error: 0.000000
IPF converged at iteration 85
IPF row error: 22.688807, col error: 0.000000
Starting Iterative Proportional Fitting (IPF)...
Starting Iterative Proportional Fitting (IPF)...
IPF converged at iteration 85
IPF row error: 22.770765, col error: 0.000000
Starting Iterative Proportional Fitting (IPF)...
IPF converged at iteration 84
IPF row error: 22.231715, col error: 0.000000
IPF converged at iteration 28
IPF row error: 30.489093, col error: 0.000000
Starting Iterative Proportional Fitting (IPF)...
Starting Iterative Proportional Fitting (IPF)...
IPF converged at iteration 27
IPF row error: 19.135934, col error: 0.000000
Starting Iterative Proportional Fitting (IPF)...
IPF converged at iteration 38
IPF row error: 20.558147, col error: 0.000000
  [2023/test] 진행 1620/1750 (92.6%) | 누적 CPC 0.3698 | RMSE 882.3501 | %RMSE 12.8362 | 경과 26.4분 | 예상 남음 2.1분
Starting Iterative Proportional Fitting (IPF)...
IPF converged at iteration 77
IPF row error: 21.980051, col error: 0.000000
Starting Iterative Proportional Fitting (IPF)...
IPF converged at iteration 83
IPF row error: 22.654736, col error: 0.000000
Starting Iterative Proportional Fitting (IPF)...
IPF converged at iteration 84
IPF row error: 22.228170, col error: 0.000000
Starting Iterative Proportional Fitting (IPF)...
IPF converged at iteration 86
IPF row error: 22.308350, col error: 0.000000
IPF converged at iteration 92
IPF row error: 22.967885, col error: 0.000000
Starting Iterative Proportional Fitting (IPF)...
Starting Iterative Proportional Fitting (IPF)...
IPF converged at iteration 25
IPF row error: 17.230812, col error: 0.000000
Starting Iterative Proportional Fitting (IPF)...
IPF converged at iteration 34
IPF row error: 20.045243, col error: 0.000000
IPF converged at iteration 85
IPF row error: 22.596400, col error: 0.000000
Starting Iterative Proportional Fitting (IPF)...
Starting Iterative Proportional Fitting (IPF)...
IPF converged at iteration 84
IPF row error: 22.184058, col error: 0.000000
Starting Iterative Proportional Fitting (IPF)...
IPF converged at iteration 39
IPF row error: 23.289317, col error: 0.000000
Starting Iterative Proportional Fitting (IPF)...
IPF converged at iteration 84
IPF row error: 22.209541, col error: 0.000000
Starting Iterative Proportional Fitting (IPF)...
IPF converged at iteration 92
IPF row error: 22.858489, col error: 0.000000
Starting Iterative Proportional Fitting (IPF)...
IPF converged at iteration 93
IPF row error: 22.810407, col error: 0.000000
Starting Iterative Proportional Fitting (IPF)...
IPF converged at iteration 93
IPF row error: 22.929373, col error: 0.000000
Starting Iterative Proportional Fitting (IPF)...
IPF converged at iteration 77
IPF row error: 22.630255, col error: 0.000000
Starting Iterative Proportional Fitting (IPF)...
IPF converged at iteration 27
IPF row error: 19.428074, col error: 0.000000
Starting Iterative Proportional Fitting (IPF)...
IPF converged at iteration 87
IPF row error: 23.038285, col error: 0.000000
IPF converged at iteration 93
IPF row error: 22.857599, col error: 0.000000
Starting Iterative Proportional Fitting (IPF)...
Starting Iterative Proportional Fitting (IPF)...
IPF converged at iteration 41
IPF row error: 20.890791, col error: 0.000000
Starting Iterative Proportional Fitting (IPF)...
IPF converged at iteration 95
IPF row error: 22.125082, col error: 0.000000
Starting Iterative Proportional Fitting (IPF)...
IPF converged at iteration 84
IPF row error: 22.263586, col error: 0.000000
IPF converged at iteration 84
IPF row error: 21.984496, col error: 0.000000
Starting Iterative Proportional Fitting (IPF)...
Starting Iterative Proportional Fitting (IPF)...
IPF converged at iteration 24
IPF row error: 21.140222, col error: 0.000000
Starting Iterative Proportional Fitting (IPF)...
IPF converged at iteration 64
IPF row error: 22.623579, col error: 0.000000
Starting Iterative Proportional Fitting (IPF)...
IPF converged at iteration 25
IPF row error: 19.588994, col error: 0.000000
Starting Iterative Proportional Fitting (IPF)...
IPF converged at iteration 27
IPF row error: 22.256380, col error: 0.000000
Starting Iterative Proportional Fitting (IPF)...
IPF converged at iteration 24
IPF row error: 20.605381, col error: 0.000000
Starting Iterative Proportional Fitting (IPF)...
IPF converged at iteration 83
IPF row error: 22.526299, col error: 0.000000
Starting Iterative Proportional Fitting (IPF)...
IPF converged at iteration 35
IPF row error: 23.199517, col error: 0.000000
IPF converged at iteration 86
IPF row error: 22.392176, col error: 0.000000
  [2023/test] 진행 1650/1750 (94.3%) | 누적 CPC 0.3687 | RMSE 879.8135 | %RMSE 12.8587 | 경과 27.1분 | 예상 남음 1.6분
Starting Iterative Proportional Fitting (IPF)...
IPF converged at iteration 76
IPF row error: 22.784115, col error: 0.000000
Starting Iterative Proportional Fitting (IPF)...
Starting Iterative Proportional Fitting (IPF)...
IPF converged at iteration 74
IPF row error: 22.282039, col error: 0.000000
IPF converged at iteration 92
IPF row error: 22.075741, col error: 0.000000
Starting Iterative Proportional Fitting (IPF)...
Starting Iterative Proportional Fitting (IPF)...
IPF converged at iteration 83
IPF row error: 21.903103, col error: 0.000000
Starting Iterative Proportional Fitting (IPF)...
IPF converged at iteration 85
IPF row error: 21.815013, col error: 0.000000
Starting Iterative Proportional Fitting (IPF)...
IPF converged at iteration 44
IPF row error: 23.287728, col error: 0.000000
Starting Iterative Proportional Fitting (IPF)...
IPF converged at iteration 85
IPF row error: 21.925219, col error: 0.000000
Starting Iterative Proportional Fitting (IPF)...
IPF converged at iteration 92
IPF row error: 22.075741, col error: 0.000000
Starting Iterative Proportional Fitting (IPF)...
IPF converged at iteration 83
IPF row error: 21.931993, col error: 0.000000
Starting Iterative Proportional Fitting (IPF)...
IPF converged at iteration 30
IPF row error: 19.072902, col error: 0.000000
IPF converged at iteration 25
IPF row error: 17.983646, col error: 0.000000
Starting Iterative Proportional Fitting (IPF)...
Starting Iterative Proportional Fitting (IPF)...
IPF converged at iteration 25
IPF row error: 17.966551, col error: 0.000000
Starting Iterative Proportional Fitting (IPF)...
IPF converged at iteration 85
IPF row error: 21.856309, col error: 0.000000
Starting Iterative Proportional Fitting (IPF)...
IPF converged at iteration 47
IPF converged at iteration 25
IPF row error: 22.649494, col error: 0.000000
IPF row error: 22.957020, col error: 0.000000
Starting Iterative Proportional Fitting (IPF)...
Starting Iterative Proportional Fitting (IPF)...
IPF converged at iteration 78
IPF row error: 23.273649, col error: 0.000000
Starting Iterative Proportional Fitting (IPF)...
IPF converged at iteration 33
IPF row error: 21.518797, col error: 0.000000
Starting Iterative Proportional Fitting (IPF)...
IPF converged at iteration 85
IPF row error: 21.788769, col error: 0.000000
Starting Iterative Proportional Fitting (IPF)...
IPF converged at iteration 26
IPF row error: 19.089843, col error: 0.000000
Starting Iterative Proportional Fitting (IPF)...
IPF converged at iteration 29
IPF row error: 18.812059, col error: 0.000000
Starting Iterative Proportional Fitting (IPF)...
IPF converged at iteration 25
IPF row error: 21.601818, col error: 0.000000
Starting Iterative Proportional Fitting (IPF)...
IPF converged at iteration 94
IPF row error: 22.805866, col error: 0.000000
Starting Iterative Proportional Fitting (IPF)...
IPF converged at iteration 35
IPF row error: 22.590728, col error: 0.000000
Starting Iterative Proportional Fitting (IPF)...
IPF converged at iteration 26
IPF row error: 21.269218, col error: 0.000000
Starting Iterative Proportional Fitting (IPF)...
IPF converged at iteration 27
IPF row error: 17.902445, col error: 0.000000
Starting Iterative Proportional Fitting (IPF)...
IPF converged at iteration 85
IPF row error: 21.815049, col error: 0.000000
Starting Iterative Proportional Fitting (IPF)...
IPF converged at iteration 26
IPF row error: 20.150251, col error: 0.000000
Starting Iterative Proportional Fitting (IPF)...
IPF converged at iteration 24
IPF row error: 22.815210, col error: 0.000000
Starting Iterative Proportional Fitting (IPF)...
IPF converged at iteration 27
IPF row error: 18.774905, col error: 0.000000
IPF converged at iteration 86
IPF row error: 23.359574, col error: 0.000000
  [2023/test] 진행 1680/1750 (96.0%) | 누적 CPC 0.3670 | RMSE 880.2548 | %RMSE 12.8491 | 경과 27.7분 | 예상 남음 1.2분
Starting Iterative Proportional Fitting (IPF)...
Starting Iterative Proportional Fitting (IPF)...
IPF converged at iteration 75
IPF row error: 22.781811, col error: 0.000000
Starting Iterative Proportional Fitting (IPF)...
IPF converged at iteration 26
IPF row error: 17.947047, col error: 0.000000
Starting Iterative Proportional Fitting (IPF)...
IPF converged at iteration 94
IPF row error: 22.805866, col error: 0.000000
Starting Iterative Proportional Fitting (IPF)...
IPF converged at iteration 36
IPF row error: 20.661386, col error: 0.000000
Starting Iterative Proportional Fitting (IPF)...
IPF converged at iteration 75
IPF row error: 22.892294, col error: 0.000000
Starting Iterative Proportional Fitting (IPF)...
IPF converged at iteration 83
IPF row error: 21.826917, col error: 0.000000
IPF converged at iteration 42
IPF row error: 20.366694, col error: 0.000000
Starting Iterative Proportional Fitting (IPF)...
Starting Iterative Proportional Fitting (IPF)...
IPF converged at iteration 26
IPF row error: 17.606682, col error: 0.000000
IPF converged at iteration 27
Starting Iterative Proportional Fitting (IPF)...
IPF row error: 17.881266, col error: 0.000000
Starting Iterative Proportional Fitting (IPF)...
IPF converged at iteration 83
IPF row error: 21.903103, col error: 0.000000
Starting Iterative Proportional Fitting (IPF)...
IPF converged at iteration 83
IPF row error: 21.914970, col error: 0.000000
Starting Iterative Proportional Fitting (IPF)...
IPF converged at iteration 28
IPF row error: 17.979879, col error: 0.000000
Starting Iterative Proportional Fitting (IPF)...
IPF converged at iteration 83
IPF row error: 21.792923, col error: 0.000000
Starting Iterative Proportional Fitting (IPF)...
IPF converged at iteration 83
IPF row error: 21.705615, col error: 0.000000
IPF converged at iteration 26
IPF row error: 20.208125, col error: 0.000000
Starting Iterative Proportional Fitting (IPF)...
Starting Iterative Proportional Fitting (IPF)...
IPF converged at iteration 25
IPF row error: 20.926420, col error: 0.000000
Starting Iterative Proportional Fitting (IPF)...
IPF converged at iteration 34
IPF row error: 19.624153, col error: 0.000000
IPF converged at iteration 94
Starting Iterative Proportional Fitting (IPF)...
IPF row error: 22.805866, col error: 0.000000
Starting Iterative Proportional Fitting (IPF)...
IPF converged at iteration 26
IPF row error: 19.424579, col error: 0.000000
Starting Iterative Proportional Fitting (IPF)...
IPF converged at iteration 78
IPF row error: 23.220539, col error: 0.000000
Starting Iterative Proportional Fitting (IPF)...
IPF converged at iteration 84
IPF row error: 21.852360, col error: 0.000000
Starting Iterative Proportional Fitting (IPF)...
IPF converged at iteration 90
IPF row error: 23.304006, col error: 0.000000
Starting Iterative Proportional Fitting (IPF)...
IPF converged at iteration 90
IPF row error: 23.303069, col error: 0.000000
Starting Iterative Proportional Fitting (IPF)...
IPF converged at iteration 24
IPF row error: 17.176167, col error: 0.000000
Starting Iterative Proportional Fitting (IPF)...
IPF converged at iteration 83
IPF row error: 21.616521, col error: 0.000000
Starting Iterative Proportional Fitting (IPF)...
IPF converged at iteration 33
IPF row error: 20.161171, col error: 0.000000
Starting Iterative Proportional Fitting (IPF)...
IPF converged at iteration 50
IPF row error: 22.304721, col error: 0.000000
Starting Iterative Proportional Fitting (IPF)...
IPF converged at iteration 82
IPF row error: 21.854089, col error: 0.000000
Starting Iterative Proportional Fitting (IPF)...
IPF converged at iteration 84
IPF row error: 22.136105, col error: 0.000000
Starting Iterative Proportional Fitting (IPF)...
IPF converged at iteration 83
IPF row error: 21.879641, col error: 0.000000
  [2023/test] 진행 1710/1750 (97.7%) | 누적 CPC 0.3656 | RMSE 889.1820 | %RMSE 12.8886 | 경과 28.4분 | 예상 남음 0.7분
Starting Iterative Proportional Fitting (IPF)...
IPF converged at iteration 24
IPF row error: 19.498696, col error: 0.000000
Starting Iterative Proportional Fitting (IPF)...
IPF converged at iteration 23
IPF row error: 23.282508, col error: 0.000000
Starting Iterative Proportional Fitting (IPF)...
IPF converged at iteration 81
IPF row error: 22.710343, col error: 0.000000
Starting Iterative Proportional Fitting (IPF)...
IPF converged at iteration 91
IPF row error: 22.600767, col error: 0.000000
IPF converged at iteration 60
Starting Iterative Proportional Fitting (IPF)...
IPF row error: 22.804108, col error: 0.000000
Starting Iterative Proportional Fitting (IPF)...
IPF converged at iteration 82
IPF row error: 22.328845, col error: 0.000000
Starting Iterative Proportional Fitting (IPF)...IPF converged at iteration 39

IPF row error: 23.354867, col error: 0.000000
Starting Iterative Proportional Fitting (IPF)...
IPF converged at iteration 90
IPF row error: 22.894450, col error: 0.000000
Starting Iterative Proportional Fitting (IPF)...
IPF converged at iteration 26
IPF row error: 20.994343, col error: 0.000000
Starting Iterative Proportional Fitting (IPF)...
IPF converged at iteration 82
IPF row error: 21.868914, col error: 0.000000
IPF converged at iteration 42
IPF row error: 21.406359, col error: 0.000000
Starting Iterative Proportional Fitting (IPF)...
Starting Iterative Proportional Fitting (IPF)...
IPF converged at iteration 39
IPF row error: 20.287358, col error: 0.000000
Starting Iterative Proportional Fitting (IPF)...
IPF converged at iteration 25
IPF row error: 17.465382, col error: 0.000000
IPF converged at iteration 26
IPF row error: 20.293238, col error: 0.000000
Starting Iterative Proportional Fitting (IPF)...
Starting Iterative Proportional Fitting (IPF)...
IPF converged at iteration 35
IPF row error: 21.638471, col error: 0.000000
Starting Iterative Proportional Fitting (IPF)...
IPF converged at iteration 27
IPF row error: 20.390349, col error: 0.000000
IPF converged at iteration 70
IPF row error: 21.390624, col error: 0.000000
Starting Iterative Proportional Fitting (IPF)...
Starting Iterative Proportional Fitting (IPF)...
IPF converged at iteration 27
IPF row error: 18.683186, col error: 0.000000
Starting Iterative Proportional Fitting (IPF)...
IPF converged at iteration 82
IPF row error: 22.265628, col error: 0.000000
Starting Iterative Proportional Fitting (IPF)...
IPF converged at iteration 49
IPF row error: 20.981463, col error: 0.000000
IPF converged at iteration 25
Starting Iterative Proportional Fitting (IPF)...
IPF row error: 20.010409, col error: 0.000000
Starting Iterative Proportional Fitting (IPF)...
IPF converged at iteration 85
IPF row error: 21.772827, col error: 0.000000
IPF converged at iteration 85
IPF row error: 22.012805, col error: 0.000000
Starting Iterative Proportional Fitting (IPF)...
Starting Iterative Proportional Fitting (IPF)...
IPF converged at iteration 25
IPF row error: 20.643394, col error: 0.000000
Starting Iterative Proportional Fitting (IPF)...
IPF converged at iteration 26
IPF row error: 21.656084, col error: 0.000000
Starting Iterative Proportional Fitting (IPF)...
IPF converged at iteration 83
IPF row error: 21.895166, col error: 0.000000
Starting Iterative Proportional Fitting (IPF)...
IPF converged at iteration 82
IPF converged at iteration 83
IPF row error: 21.677607, col error: 0.000000
IPF row error: 22.696022, col error: 0.000000
Starting Iterative Proportional Fitting (IPF)...Starting Iterative Proportional Fitting (IPF)...

IPF converged at iteration 71
IPF row error: 22.129888, col error: 0.000000
Starting Iterative Proportional Fitting (IPF)...
IPF converged at iteration 36
IPF row error: 23.389966, col error: 0.000000
  [2023/test] 진행 1740/1750 (99.4%) | 누적 CPC 0.3645 | RMSE 915.6977 | %RMSE 13.0203 | 경과 29.0분 | 예상 남음 0.2분
Starting Iterative Proportional Fitting (IPF)...
IPF converged at iteration 28
IPF row error: 19.031243, col error: 0.000000
Starting Iterative Proportional Fitting (IPF)...
IPF converged at iteration 82
IPF row error: 22.239864, col error: 0.000000
Starting Iterative Proportional Fitting (IPF)...
IPF converged at iteration 84
IPF row error: 21.693227, col error: 0.000000
Starting Iterative Proportional Fitting (IPF)...
IPF converged at iteration 27
IPF row error: 19.857665, col error: 0.000000
Starting Iterative Proportional Fitting (IPF)...
IPF converged at iteration 26
IPF row error: 17.919504, col error: 0.000000
IPF converged at iteration 78
Starting Iterative Proportional Fitting (IPF)...
IPF row error: 23.162778, col error: 0.000000
Starting Iterative Proportional Fitting (IPF)...
IPF converged at iteration 28
IPF row error: 17.544974, col error: 0.000000
IPF converged at iteration 82
IPF row error: 22.265527, col error: 0.000000
IPF converged at iteration 82
IPF row error: 22.258615, col error: 0.000000
IPF converged at iteration 84
IPF row error: 21.724838, col error: 0.000000
  [2023/test] 진행 1750/1750 (100.0%) | 누적 CPC 0.3640 | RMSE 925.0840 | %RMSE 13.0650 | 경과 29.1분 | 예상 남음 0.0분
  [2023/test] 완료: 1750/1750
1. 절대 모델의 구조와 하이퍼파라미터를 test가 좋아지는 방향으로 하지 말 것. -> val이 좋아지는 방향으로 조정
2. 모델의 성능이 좋아지는 게 목적이 아니라 기존 방식을 잘 재현하는게 목적이야.

===연도별===

=== task별 종합 성능 (모든 도시) ===
[year=2019, split=test, task=0] (n=350) CPC=0.1388±0.0521  RMSE=561.8312±167.4226  %RMSE=71.1402±46.2300
[year=2019, split=test, task=1] (n=350) CPC=0.1417±0.0559  RMSE=586.1524±155.0316  %RMSE=72.8916±45.3757
[year=2019, split=test, task=2] (n=350) CPC=0.0960±0.0491  RMSE=567.6955±204.4880  %RMSE=57.9860±40.6146
[year=2019, split=test, task=3] (n=350) CPC=0.1159±0.0421  RMSE=456.9954±174.8007  %RMSE=40.4437±29.5660
[year=2019, split=test, task=4] (n=350) CPC=0.0994±0.0473  RMSE=547.1666±194.7338  %RMSE=52.8124±35.1211
[year=2019, split=val, task=0] (n=150) CPC=0.1813±0.0551  RMSE=559.8294±56.1541  %RMSE=47.9245±11.5223
[year=2019, split=val, task=1] (n=150) CPC=0.1817±0.0547  RMSE=572.6509±60.1081  %RMSE=48.9529±12.4152
[year=2019, split=val, task=2] (n=150) CPC=0.1147±0.0334  RMSE=654.5742±183.0395  %RMSE=41.5326±15.6021
[year=2019, split=val, task=3] (n=150) CPC=0.1265±0.0218  RMSE=655.3368±151.1695  %RMSE=40.6196±15.9544
[year=2019, split=val, task=4] (n=150) CPC=0.1134±0.0328  RMSE=637.9471±187.7805  %RMSE=38.6207±15.2983
[year=2023, split=test, task=0] (n=350) CPC=0.5262±0.0683  RMSE=571.3935±338.2001  %RMSE=11.3172±4.5842
[year=2023, split=test, task=1] (n=350) CPC=0.5300±0.0679  RMSE=549.2219±290.8448  %RMSE=10.9947±4.2991
[year=2023, split=test, task=2] (n=350) CPC=0.2467±0.0763  RMSE=1123.8149±686.7667  %RMSE=14.6720±3.6809
[year=2023, split=test, task=3] (n=350) CPC=0.2646±0.0512  RMSE=1243.2842±558.6369  %RMSE=14.0443±3.5295
[year=2023, split=test, task=4] (n=350) CPC=0.2524±0.0830  RMSE=1137.7054±698.2108  %RMSE=14.2971±3.7870
[year=2023, split=val, task=0] (n=150) CPC=0.5216±0.0380  RMSE=488.9553±39.6476  %RMSE=10.5028±2.7221
[year=2023, split=val, task=1] (n=150) CPC=0.5205±0.0387  RMSE=494.7732±46.4769  %RMSE=10.5946±2.9094
[year=2023, split=val, task=2] (n=150) CPC=0.3313±0.0789  RMSE=862.0532±214.5590  %RMSE=14.0903±2.8873
[year=2023, split=val, task=3] (n=150) CPC=0.3159±0.0733  RMSE=1217.7255±454.6684  %RMSE=15.2351±2.0666
[year=2023, split=val, task=4] (n=150) CPC=0.3272±0.0761  RMSE=947.9007±299.6484  %RMSE=14.3728±2.9190

=== task/도시별 성능 ===
[year=2019, split=test, task=0, city=감일동] (n=50) CPC=0.0753±0.0000  RMSE=392.0401±0.0000  %RMSE=90.4625±0.0000
[year=2019, split=test, task=0, city=다산] (n=50) CPC=0.1807±0.0000  RMSE=435.7162±0.0000  %RMSE=33.7438±0.0000
[year=2019, split=test, task=0, city=랜덤1] (n=50) CPC=0.0723±0.0000  RMSE=812.6408±0.0000  %RMSE=164.4472±0.0000
[year=2019, split=test, task=0, city=랜덤2] (n=50) CPC=0.1094±0.0000  RMSE=683.8766±0.0000  %RMSE=95.7781±0.0000
[year=2019, split=test, task=0, city=랜덤3] (n=50) CPC=0.2080±0.0000  RMSE=336.2290±0.0000  %RMSE=21.5801±0.0000
[year=2019, split=test, task=0, city=미사] (n=50) CPC=0.1315±0.0000  RMSE=559.5668±0.0000  %RMSE=54.7502±0.0000
[year=2019, split=test, task=0, city=배곧] (n=50) CPC=0.1942±0.0000  RMSE=712.7492±0.0000  %RMSE=37.2198±0.0000
[year=2019, split=test, task=1, city=감일동] (n=50) CPC=0.0763±0.0019  RMSE=416.4686±58.0384  %RMSE=95.1797±11.7829
[year=2019, split=test, task=1, city=다산] (n=50) CPC=0.1809±0.0009  RMSE=437.3640±6.1997  %RMSE=33.7539±0.4374
[year=2019, split=test, task=1, city=랜덤1] (n=50) CPC=0.0725±0.0005  RMSE=814.2693±5.1425  %RMSE=163.4723±2.3896
[year=2019, split=test, task=1, city=랜덤2] (n=50) CPC=0.1100±0.0009  RMSE=686.7408±5.5422  %RMSE=95.4298±0.8032
[year=2019, split=test, task=1, city=랜덤3] (n=50) CPC=0.2264±0.0179  RMSE=466.3450±141.6184  %RMSE=29.8099±8.9133
[year=2019, split=test, task=1, city=미사] (n=50) CPC=0.1322±0.0013  RMSE=568.9028±29.0438  %RMSE=55.4824±2.6381
[year=2019, split=test, task=1, city=배곧] (n=50) CPC=0.1936±0.0022  RMSE=712.9761±7.6564  %RMSE=37.1131±0.5411
[year=2019, split=test, task=2, city=감일동] (n=50) CPC=0.0759±0.0014  RMSE=406.9737±40.3844  %RMSE=93.2950±8.8932
[year=2019, split=test, task=2, city=다산] (n=50) CPC=0.0808±0.0252  RMSE=500.9197±132.3729  %RMSE=24.1775±8.4613
[year=2019, split=test, task=2, city=랜덤1] (n=50) CPC=0.0586±0.0043  RMSE=721.6215±81.1890  %RMSE=136.4224±17.5484
[year=2019, split=test, task=2, city=랜덤2] (n=50) CPC=0.0774±0.0104  RMSE=444.1435±117.0252  %RMSE=55.9185±15.5030
[year=2019, split=test, task=2, city=랜덤3] (n=50) CPC=0.1305±0.0333  RMSE=840.3053±104.9274  %RMSE=35.0655±4.2445
[year=2019, split=test, task=2, city=미사] (n=50) CPC=0.0552±0.0161  RMSE=337.0984±141.6736  %RMSE=23.4107±12.0166
[year=2019, split=test, task=2, city=배곧] (n=50) CPC=0.1934±0.0037  RMSE=722.8063±37.2411  %RMSE=37.6124±1.8060
[year=2019, split=test, task=3, city=감일동] (n=50) CPC=0.0760±0.0017  RMSE=409.2878±40.6720  %RMSE=93.7279±8.5415
[year=2019, split=test, task=3, city=다산] (n=50) CPC=0.1204±0.0011  RMSE=389.3028±0.7760  %RMSE=17.2081±0.1509
[year=2019, split=test, task=3, city=랜덤1] (n=50) CPC=0.0754±0.0043  RMSE=503.6211±151.1103  %RMSE=67.7735±23.3946
[year=2019, split=test, task=3, city=랜덤2] (n=50) CPC=0.1290±0.0131  RMSE=277.4268±167.1548  %RMSE=22.6741±17.2266
[year=2019, split=test, task=3, city=랜덤3] (n=50) CPC=0.1350±0.0331  RMSE=601.4738±83.4893  %RMSE=27.5405±4.8811
[year=2019, split=test, task=3, city=미사] (n=50) CPC=0.0813±0.0010  RMSE=301.1874±1.0256  %RMSE=16.8040±0.1443
[year=2019, split=test, task=3, city=배곧] (n=50) CPC=0.1942±0.0010  RMSE=716.6680±25.0715  %RMSE=37.3777±1.2768
[year=2019, split=test, task=4, city=감일동] (n=50) CPC=0.0761±0.0013  RMSE=403.9786±28.9442  %RMSE=92.2306±6.3739
[year=2019, split=test, task=4, city=다산] (n=50) CPC=0.0916±0.0263  RMSE=526.0347±139.6204  %RMSE=25.0668±8.7694
[year=2019, split=test, task=4, city=랜덤1] (n=50) CPC=0.0624±0.0069  RMSE=639.0306±124.8427  %RMSE=109.3805±29.3539
[year=2019, split=test, task=4, city=랜덤2] (n=50) CPC=0.0901±0.0165  RMSE=403.9464±157.9113  %RMSE=47.2558±22.2207
[year=2019, split=test, task=4, city=랜덤3] (n=50) CPC=0.1233±0.0362  RMSE=773.5650±139.9953  %RMSE=32.3736±4.9951
[year=2019, split=test, task=4, city=미사] (n=50) CPC=0.0594±0.0188  RMSE=373.0187±163.0274  %RMSE=26.5718±14.7982
[year=2019, split=test, task=4, city=배곧] (n=50) CPC=0.1928±0.0054  RMSE=710.5920±15.0623  %RMSE=36.8075±0.8047
[year=2019, split=val, task=0, city=검단] (n=50) CPC=0.1507±0.0000  RMSE=509.3713±0.0000  %RMSE=55.3520±0.0000
[year=2019, split=val, task=0, city=동탄] (n=50) CPC=0.2587±0.0000  RMSE=638.1660±0.0000  %RMSE=31.6501±0.0000
[year=2019, split=val, task=0, city=위례] (n=50) CPC=0.1346±0.0000  RMSE=531.9509±0.0000  %RMSE=56.7714±0.0000
[year=2019, split=val, task=1, city=검단] (n=50) CPC=0.1514±0.0017  RMSE=535.5114±48.4161  %RMSE=57.8983±4.6032
[year=2019, split=val, task=1, city=동탄] (n=50) CPC=0.2585±0.0013  RMSE=644.7353±20.2434  %RMSE=31.8822±0.8484
[year=2019, split=val, task=1, city=위례] (n=50) CPC=0.1352±0.0010  RMSE=537.7059±16.9819  %RMSE=57.0781±1.7468
[year=2019, split=val, task=2, city=검단] (n=50) CPC=0.1026±0.0140  RMSE=748.1748±118.9053  %RMSE=59.8286±9.9728
[year=2019, split=val, task=2, city=동탄] (n=50) CPC=0.1532±0.0247  RMSE=774.3162±97.5379  %RMSE=28.2789±3.0923
[year=2019, split=val, task=2, city=위례] (n=50) CPC=0.0882±0.0148  RMSE=441.2316±90.7962  %RMSE=36.4901±9.2427
[year=2019, split=val, task=3, city=검단] (n=50) CPC=0.1088±0.0119  RMSE=636.2990±157.0746  %RMSE=40.0416±14.5718
[year=2019, split=val, task=3, city=동탄] (n=50) CPC=0.1353±0.0284  RMSE=790.6865±105.5644  %RMSE=24.5587±3.3116
[year=2019, split=val, task=3, city=위례] (n=50) CPC=0.1354±0.0013  RMSE=539.0249±23.0202  %RMSE=57.2586±2.2764
[year=2019, split=val, task=4, city=검단] (n=50) CPC=0.1101±0.0122  RMSE=721.7437±106.1937  %RMSE=55.4114±12.5704
[year=2019, split=val, task=4, city=동탄] (n=50) CPC=0.1477±0.0283  RMSE=772.0371±108.4399  %RMSE=26.7105±3.6197
[year=2019, split=val, task=4, city=위례] (n=50) CPC=0.0825±0.0119  RMSE=420.0605±101.3491  %RMSE=33.7403±9.1320
[year=2023, split=test, task=0, city=감일동] (n=50) CPC=0.3964±0.0000  RMSE=470.5273±0.0000  %RMSE=16.3868±0.0000
[year=2023, split=test, task=0, city=다산] (n=50) CPC=0.5822±0.0000  RMSE=608.2348±0.0000  %RMSE=8.6986±0.0000
[year=2023, split=test, task=0, city=랜덤1] (n=50) CPC=0.5246±0.0000  RMSE=508.7333±0.0000  %RMSE=12.9063±0.0000
[year=2023, split=test, task=0, city=랜덤2] (n=50) CPC=0.5801±0.0000  RMSE=358.4289±0.0000  %RMSE=7.0544±0.0000
[year=2023, split=test, task=0, city=랜덤3] (n=50) CPC=0.4943±0.0000  RMSE=1359.3676±0.0000  %RMSE=17.8326±0.0000
[year=2023, split=test, task=0, city=미사] (n=50) CPC=0.6135±0.0000  RMSE=251.2022±0.0000  %RMSE=4.1958±0.0000
[year=2023, split=test, task=0, city=배곧] (n=50) CPC=0.4926±0.0000  RMSE=443.2602±0.0000  %RMSE=12.1461±0.0000
[year=2023, split=test, task=1, city=감일동] (n=50) CPC=0.3964±0.0035  RMSE=477.1806±14.2446  %RMSE=16.4781±0.3293
[year=2023, split=test, task=1, city=다산] (n=50) CPC=0.5811±0.0069  RMSE=594.9199±41.7059  %RMSE=8.4425±0.6373
[year=2023, split=test, task=1, city=랜덤1] (n=50) CPC=0.5233±0.0046  RMSE=511.7101±7.3766  %RMSE=12.9269±0.0851
[year=2023, split=test, task=1, city=랜덤2] (n=50) CPC=0.5802±0.0027  RMSE=360.2865±4.1996  %RMSE=7.0548±0.0368
[year=2023, split=test, task=1, city=랜덤3] (n=50) CPC=0.5229±0.0238  RMSE=1204.9294±128.0336  %RMSE=15.7466±1.7443
[year=2023, split=test, task=1, city=미사] (n=50) CPC=0.6142±0.0045  RMSE=252.7636±9.9068  %RMSE=4.2063±0.1532
[year=2023, split=test, task=1, city=배곧] (n=50) CPC=0.4921±0.0019  RMSE=442.7633±8.6323  %RMSE=12.1074±0.2218
[year=2023, split=test, task=2, city=감일동] (n=50) CPC=0.2188±0.0753  RMSE=348.8206±94.6155  %RMSE=10.9848±3.3351
[year=2023, split=test, task=2, city=다산] (n=50) CPC=0.2494±0.0763  RMSE=1586.5134±256.9651  %RMSE=15.0335±1.8610
[year=2023, split=test, task=2, city=랜덤1] (n=50) CPC=0.2875±0.0506  RMSE=757.7684±116.6517  %RMSE=15.2219±1.9553
[year=2023, split=test, task=2, city=랜덤2] (n=50) CPC=0.2495±0.0655  RMSE=834.1314±196.4102  %RMSE=12.3052±2.3246
[year=2023, split=test, task=2, city=랜덤3] (n=50) CPC=0.2949±0.0665  RMSE=2465.5568±463.0723  %RMSE=20.5317±2.2264
[year=2023, split=test, task=2, city=미사] (n=50) CPC=0.2105±0.0772  RMSE=1063.2806±131.4166  %RMSE=12.2042±0.8213
[year=2023, split=test, task=2, city=배곧] (n=50) CPC=0.2162±0.0711  RMSE=810.6334±89.6317  %RMSE=16.4227±1.5094
[year=2023, split=test, task=3, city=감일동] (n=50) CPC=0.2450±0.0027  RMSE=271.6310±1.7446  %RMSE=7.4724±0.0670
[year=2023, split=test, task=3, city=다산] (n=50) CPC=0.2907±0.0024  RMSE=1564.2725±1.2446  %RMSE=15.3095±0.0900
[year=2023, split=test, task=3, city=랜덤1] (n=50) CPC=0.2739±0.0460  RMSE=929.3545±242.1866  %RMSE=13.5168±1.5080
[year=2023, split=test, task=3, city=랜덤2] (n=50) CPC=0.2466±0.0454  RMSE=1435.5052±318.2992  %RMSE=13.8941±0.9998
[year=2023, split=test, task=3, city=랜덤3] (n=50) CPC=0.3285±0.0666  RMSE=2023.9001±393.0794  %RMSE=19.6515±2.4979
[year=2023, split=test, task=3, city=미사] (n=50) CPC=0.2519±0.0026  RMSE=1381.8560±2.9254  %RMSE=13.9941±0.0926
[year=2023, split=test, task=3, city=배곧] (n=50) CPC=0.2151±0.0399  RMSE=1096.4704±193.0578  %RMSE=14.4716±0.9754
[year=2023, split=test, task=4, city=감일동] (n=50) CPC=0.1913±0.0580  RMSE=343.0068±88.5352  %RMSE=10.2616±3.1211
[year=2023, split=test, task=4, city=다산] (n=50) CPC=0.2500±0.0882  RMSE=1579.9709±402.4873  %RMSE=14.5853±2.5146
[year=2023, split=test, task=4, city=랜덤1] (n=50) CPC=0.3056±0.0687  RMSE=735.8463±156.3541  %RMSE=14.0335±2.0918
[year=2023, split=test, task=4, city=랜덤2] (n=50) CPC=0.2751±0.0800  RMSE=921.9542±293.8011  %RMSE=12.2834±2.1079
[year=2023, split=test, task=4, city=랜덤3] (n=50) CPC=0.3016±0.0658  RMSE=2416.7133±513.9001  %RMSE=20.5393±1.5487
[year=2023, split=test, task=4, city=미사] (n=50) CPC=0.2364±0.0885  RMSE=1085.3490±329.0733  %RMSE=12.1664±1.2899
[year=2023, split=test, task=4, city=배곧] (n=50) CPC=0.2071±0.0445  RMSE=881.0974±140.9647  %RMSE=16.2102±1.9458
[year=2023, split=val, task=0, city=검단] (n=50) CPC=0.4700±0.0000  RMSE=518.4946±0.0000  %RMSE=14.3514±0.0000
[year=2023, split=val, task=0, city=동탄] (n=50) CPC=0.5604±0.0000  RMSE=515.4588±0.0000  %RMSE=8.6568±0.0000
[year=2023, split=val, task=0, city=위례] (n=50) CPC=0.5345±0.0000  RMSE=432.9125±0.0000  %RMSE=8.5003±0.0000
[year=2023, split=val, task=1, city=검단] (n=50) CPC=0.4679±0.0033  RMSE=532.3957±25.4098  %RMSE=14.6712±0.6073
[year=2023, split=val, task=1, city=동탄] (n=50) CPC=0.5591±0.0057  RMSE=517.2798±9.7649  %RMSE=8.6324±0.0961
[year=2023, split=val, task=1, city=위례] (n=50) CPC=0.5346±0.0034  RMSE=434.6442±14.2052  %RMSE=8.4800±0.2743
[year=2023, split=val, task=2, city=검단] (n=50) CPC=0.3411±0.0377  RMSE=715.7655±67.7540  %RMSE=16.9612±1.4315
[year=2023, split=val, task=2, city=동탄] (n=50) CPC=0.3977±0.0467  RMSE=937.0439±207.6838  %RMSE=12.5323±2.0038
[year=2023, split=val, task=2, city=위례] (n=50) CPC=0.2551±0.0691  RMSE=933.3502±241.4055  %RMSE=12.7775±2.5598
[year=2023, split=val, task=3, city=검단] (n=50) CPC=0.3186±0.0397  RMSE=771.0950±106.1913  %RMSE=15.8261±1.8227
[year=2023, split=val, task=3, city=동탄] (n=50) CPC=0.3799±0.0608  RMSE=1256.8176±323.2779  %RMSE=14.2668±2.3185
[year=2023, split=val, task=3, city=위례] (n=50) CPC=0.2492±0.0481  RMSE=1625.2639±370.5272  %RMSE=15.6123±1.6388
[year=2023, split=val, task=4, city=검단] (n=50) CPC=0.3200±0.0313  RMSE=770.2458±83.3789  %RMSE=17.0319±1.3839
[year=2023, split=val, task=4, city=동탄] (n=50) CPC=0.3848±0.0524  RMSE=1062.4388±251.7495  %RMSE=13.3748±2.2059
[year=2023, split=val, task=4, city=위례] (n=50) CPC=0.2768±0.0879  RMSE=1011.0174±387.7804  %RMSE=12.7115±2.8202

=== 도시별 성능 (모든 task) ===
[year=2019, split=test, city=감일동] (n=250) CPC=0.0759±0.0014  RMSE=405.7497±39.5255  %RMSE=92.9792±8.2934
[year=2019, split=test, city=다산] (n=250) CPC=0.1309±0.0458  RMSE=457.8675±99.1644  %RMSE=26.7900±8.3327
[year=2019, split=test, city=랜덤1] (n=250) CPC=0.0682±0.0077  RMSE=698.2367±150.6767  %RMSE=128.2992±40.8747
[year=2019, split=test, city=랜덤2] (n=250) CPC=0.1032±0.0207  RMSE=499.2268±198.5785  %RMSE=63.4113±31.8778
[year=2019, split=test, city=랜덤3] (n=250) CPC=0.1647±0.0515  RMSE=603.5836±215.8161  %RMSE=29.2739±7.0975
[year=2019, split=test, city=미사] (n=250) CPC=0.0919±0.0356  RMSE=427.9548±149.6829  %RMSE=35.4038±18.5235
[year=2019, split=test, city=배곧] (n=250) CPC=0.1936±0.0032  RMSE=715.1583±21.8777  %RMSE=37.2261±1.1129
[year=2019, split=val, city=검단] (n=250) CPC=0.1247±0.0238  RMSE=630.2201±140.2377  %RMSE=53.7064±12.1523
[year=2019, split=val, city=동탄] (n=250) CPC=0.1907±0.0596  RMSE=723.9882±105.6061  %RMSE=28.6161±3.8583
[year=2019, split=val, city=위례] (n=250) CPC=0.1152±0.0259  RMSE=493.9948±81.1950  %RMSE=48.2677±12.3092
[year=2023, split=test, city=감일동] (n=250) CPC=0.2896±0.0985  RMSE=382.2333±98.6867  %RMSE=12.3167±4.1067
[year=2023, split=test, city=다산] (n=250) CPC=0.3907±0.1651  RMSE=1186.7823±523.7685  %RMSE=12.4139±3.4565
[year=2023, split=test, city=랜덤1] (n=250) CPC=0.3830±0.1234  RMSE=688.6825±212.3131  %RMSE=13.7211±1.6832
[year=2023, split=test, city=랜덤2] (n=250) CPC=0.3863±0.1664  RMSE=782.0612±454.5012  %RMSE=10.5184±3.2418
[year=2023, split=test, city=랜덤3] (n=250) CPC=0.3884±0.1122  RMSE=1894.0934±636.6889  %RMSE=18.8603±2.5933
[year=2023, split=test, city=미사] (n=250) CPC=0.3853±0.1943  RMSE=806.8903±493.0259  %RMSE=9.3534±4.3137
[year=2023, split=test, city=배곧] (n=250) CPC=0.3246±0.1432  RMSE=734.8449±280.5319  %RMSE=14.2716±2.2222
[year=2023, split=val, city=검단] (n=250) CPC=0.3835±0.0757  RMSE=661.5993±132.1853  %RMSE=15.7684±1.6667
[year=2023, split=val, city=동탄] (n=250) CPC=0.4564±0.0943  RMSE=857.8078±361.0090  %RMSE=11.4926±2.9260
[year=2023, split=val, city=위례] (n=250) CPC=0.3700±0.1452  RMSE=887.4376±513.7168  %RMSE=11.6163±3.3265

===연도 종합===

=== task별 종합 성능 (모든 도시) ===
[split=test, task=0] (n=700) CPC=0.3325±0.2030  RMSE=566.6124±266.8852  %RMSE=41.2287±44.4276
[split=test, task=1] (n=700) CPC=0.3359±0.2039  RMSE=567.6872±233.7813  %RMSE=41.9431±44.6825
[split=test, task=2] (n=700) CPC=0.1713±0.0990  RMSE=845.7552±577.9698  %RMSE=36.3290±36.0635
[split=test, task=3] (n=700) CPC=0.1902±0.0879  RMSE=850.1398±570.8571  %RMSE=27.2440±24.8502
[split=test, task=4] (n=700) CPC=0.1759±0.1021  RMSE=842.4360±591.5182  %RMSE=33.5547±31.5400
[split=val, task=0] (n=300) CPC=0.3515±0.1766  RMSE=524.3923±60.1531  %RMSE=29.2137±20.4983
[split=val, task=1] (n=300) CPC=0.3511±0.1759  RMSE=533.7120±66.3534  %RMSE=29.7737±21.1930
[split=val, task=2] (n=300) CPC=0.2230±0.1241  RMSE=758.3137±224.7919  %RMSE=27.8114±17.7243
[split=val, task=3] (n=300) CPC=0.2212±0.1091  RMSE=936.5312±440.2931  %RMSE=27.9274±17.0441
[split=val, task=4] (n=300) CPC=0.2203±0.1219  RMSE=792.9239±294.1821  %RMSE=26.4967±16.3789

=== task/도시별 성능 ===
[split=test, task=0, city=감일동] (n=100) CPC=0.2358±0.1606  RMSE=431.2837±39.2436  %RMSE=53.4247±37.0379
[split=test, task=0, city=다산] (n=100) CPC=0.3815±0.2007  RMSE=521.9755±86.2593  %RMSE=21.2212±12.5226
[split=test, task=0, city=랜덤1] (n=100) CPC=0.2985±0.2262  RMSE=660.6870±151.9537  %RMSE=88.6767±75.7704
[split=test, task=0, city=랜덤2] (n=100) CPC=0.3447±0.2354  RMSE=521.1528±162.7238  %RMSE=51.4162±44.3618
[split=test, task=0, city=랜덤3] (n=100) CPC=0.3511±0.1431  RMSE=847.7983±511.5693  %RMSE=19.7064±1.8738
[split=test, task=0, city=미사] (n=100) CPC=0.3725±0.2410  RMSE=405.3845±154.1823  %RMSE=29.4730±25.2772
[split=test, task=0, city=배곧] (n=100) CPC=0.3434±0.1492  RMSE=578.0047±134.7445  %RMSE=24.6829±12.5368
[split=test, task=1, city=감일동] (n=100) CPC=0.2363±0.1601  RMSE=446.8246±52.0305  %RMSE=55.8289±40.2238
[split=test, task=1, city=다산] (n=100) CPC=0.3810±0.2002  RMSE=516.1420±84.2311  %RMSE=21.0982±12.6675
[split=test, task=1, city=랜덤1] (n=100) CPC=0.2979±0.2254  RMSE=662.9897±151.4132  %RMSE=88.1996±75.2917
[split=test, task=1, city=랜덤2] (n=100) CPC=0.3451±0.2351  RMSE=523.5137±163.3012  %RMSE=51.2423±44.1912
[split=test, task=1, city=랜덤3] (n=100) CPC=0.3747±0.1497  RMSE=835.6372±393.1932  %RMSE=22.7783±9.5230
[split=test, task=1, city=미사] (n=100) CPC=0.3732±0.2410  RMSE=410.8332±159.5520  %RMSE=29.8444±25.7060
[split=test, task=1, city=배곧] (n=100) CPC=0.3429±0.1493  RMSE=577.8697±135.3525  %RMSE=24.6102±12.5097
[split=test, task=2, city=감일동] (n=100) CPC=0.1474±0.0891  RMSE=377.8971±78.3386  %RMSE=52.1399±41.6995
[split=test, task=2, city=다산] (n=100) CPC=0.1651±0.1017  RMSE=1043.7166±580.0045  %RMSE=19.6055±7.6441
[split=test, task=2, city=랜덤1] (n=100) CPC=0.1730±0.1199  RMSE=739.6949±102.1092  %RMSE=75.8222±61.8731
[split=test, task=2, city=랜덤2] (n=100) CPC=0.1634±0.0980  RMSE=639.1374±253.2955  %RMSE=34.1118±24.4623
[split=test, task=2, city=랜덤3] (n=100) CPC=0.2127±0.0976  RMSE=1652.9311±879.2517  %RMSE=27.7986±8.0184
[split=test, task=2, city=미사] (n=100) CPC=0.1329±0.0956  RMSE=700.1895±387.9510  %RMSE=17.8074±10.1947
[split=test, task=2, city=배곧] (n=100) CPC=0.2048±0.0516  RMSE=766.7199±81.4787  %RMSE=27.0175±10.7248
[split=test, task=3, city=감일동] (n=100) CPC=0.1605±0.0845  RMSE=340.4594±74.6054  %RMSE=50.6002±43.5487
[split=test, task=3, city=다산] (n=100) CPC=0.2055±0.0852  RMSE=976.7876±587.4858  %RMSE=16.2588±0.9574
[split=test, task=3, city=랜덤1] (n=100) CPC=0.1747±0.1045  RMSE=716.4878±293.3540  %RMSE=40.6452±31.7921
[split=test, task=3, city=랜덤2] (n=100) CPC=0.1878±0.0676  RMSE=856.4660±632.3875  %RMSE=18.2841±12.9673
[split=test, task=3, city=랜덤3] (n=100) CPC=0.2318±0.1101  RMSE=1312.6869±765.8754  %RMSE=23.5960±5.5310
[split=test, task=3, city=미사] (n=100) CPC=0.1666±0.0853  RMSE=841.5217±540.3387  %RMSE=15.3990±1.4102
[split=test, task=3, city=배곧] (n=100) CPC=0.2047±0.0301  RMSE=906.5692±234.5473  %RMSE=25.9246±11.5093
[split=test, task=4, city=감일동] (n=100) CPC=0.1337±0.0707  RMSE=373.4927±72.5776  %RMSE=51.2461±41.2906
[split=test, task=4, city=다산] (n=100) CPC=0.1708±0.1025  RMSE=1053.0028±606.9929  %RMSE=19.8260±8.3113
[split=test, task=4, city=랜덤1] (n=100) CPC=0.1840±0.1310  RMSE=687.4385±149.5308  %RMSE=61.7070±52.0171
[split=test, task=4, city=랜덤2] (n=100) CPC=0.1826±0.1090  RMSE=662.9503±350.3006  %RMSE=29.7696±23.5557
[split=test, task=4, city=랜덤3] (n=100) CPC=0.2125±0.1038  RMSE=1595.1391±903.7865  %RMSE=26.4564±6.9776
[split=test, task=4, city=미사] (n=100) CPC=0.1479±0.1092  RMSE=729.1839±440.7802  %RMSE=19.3691±12.7359
[split=test, task=4, city=배곧] (n=100) CPC=0.1999±0.0325  RMSE=795.8447±131.5940  %RMSE=26.5088±10.4058
[split=val, task=0, city=검단] (n=100) CPC=0.3103±0.1597  RMSE=513.9329±4.5616  %RMSE=34.8517±20.5003
[split=val, task=0, city=동탄] (n=100) CPC=0.4095±0.1508  RMSE=576.8124±61.3536  %RMSE=20.1535±11.4967
[split=val, task=0, city=위례] (n=100) CPC=0.3346±0.1999  RMSE=482.4317±49.5192  %RMSE=32.6358±24.1356
[split=val, task=1, city=검단] (n=100) CPC=0.3097±0.1583  RMSE=533.9536±38.6951  %RMSE=36.2848±21.8615
[split=val, task=1, city=동탄] (n=100) CPC=0.4088±0.1503  RMSE=581.0075±65.6795  %RMSE=20.2573±11.6405
[split=val, task=1, city=위례] (n=100) CPC=0.3349±0.1997  RMSE=486.1751±53.8565  %RMSE=32.7791±24.3312
[split=val, task=2, city=검단] (n=100) CPC=0.2219±0.1226  RMSE=731.9702±98.1180  %RMSE=38.3949±22.5867
[split=val, task=2, city=동탄] (n=100) CPC=0.2754±0.1278  RMSE=855.6801±181.5025  %RMSE=20.4056±8.2932
[split=val, task=2, city=위례] (n=100) CPC=0.1717±0.0973  RMSE=687.2909±306.2768  %RMSE=24.6338±13.6588
[split=val, task=3, city=검단] (n=100) CPC=0.2137±0.1089  RMSE=703.6970±150.0567  %RMSE=27.9339±15.9508
[split=val, task=3, city=동탄] (n=100) CPC=0.2576±0.1312  RMSE=1023.7520±334.8818  %RMSE=19.4128±5.8866
[split=val, task=3, city=위례] (n=100) CPC=0.1923±0.0663  RMSE=1082.1444±603.2321  %RMSE=36.4354±20.9174
[split=val, task=4, city=검단] (n=100) CPC=0.2150±0.1076  RMSE=745.9948±98.5022  %RMSE=36.2217±21.1710
[split=val, task=4, city=동탄] (n=100) CPC=0.2663±0.1258  RMSE=917.2380±242.1814  %RMSE=20.0427±7.3105
[split=val, task=4, city=위례] (n=100) CPC=0.1797±0.1157  RMSE=715.5389±409.4266  %RMSE=23.2259±12.4991

=== 도시별 성능 (모든 task) ===
[split=test, city=감일동] (n=500) CPC=0.1828±0.1275  RMSE=393.9915±76.0850  %RMSE=52.6479±40.8587
[split=test, city=다산] (n=500) CPC=0.2608±0.1776  RMSE=822.3249±524.3212  %RMSE=19.6019±9.6104
[split=test, city=랜덤1] (n=500) CPC=0.2256±0.1800  RMSE=693.4596±184.1548  %RMSE=71.0101±64.1780
[split=test, city=랜덤2] (n=500) CPC=0.2447±0.1847  RMSE=640.6440±378.1550  %RMSE=36.9648±34.8248
[split=test, city=랜덤3] (n=500) CPC=0.2765±0.1419  RMSE=1248.8385±801.4540  %RMSE=24.0671±7.4606
[split=test, city=미사] (n=500) CPC=0.2386±0.2026  RMSE=617.4226±410.6553  %RMSE=22.3786±18.7222
[split=test, city=배곧] (n=500) CPC=0.2591±0.1206  RMSE=725.0016±199.2116  %RMSE=25.7488±11.6110
[split=val, city=검단] (n=500) CPC=0.2541±0.1410  RMSE=645.9097±137.1713  %RMSE=34.7374±20.8579
[split=val, city=동탄] (n=500) CPC=0.3235±0.1545  RMSE=790.8980±274.2572  %RMSE=20.0544±9.2210
[split=val, city=위례] (n=500) CPC=0.2426±0.1647  RMSE=690.7162±417.0709  %RMSE=29.9420±20.4236

===총 종합===

=== 전체 종합 (연도/task/도시 모두 무관) ===
[split=test] (n=3500) CPC=0.2412±0.1672  RMSE=734.5261±495.8055  %RMSE=36.0599±37.4930
[split=val] (n=1500) CPC=0.2734±0.1578  RMSE=709.1746±304.9606  %RMSE=28.2446±18.7022
[LOG] saved to C:\Users\금경훈\Desktop\mobility_foundation\KTxTS_project\src\gravity(경훈)\logs\gravity_lgbm_zero_20260728_110816.log
