[LOG] saving console output to C:\Users\금경훈\Desktop\mobility_foundation\KTxTS_project\src\gravity(경훈)\logs\gravity_linear_regression_zero_20260727_223220.log
Dataset 초기화 완료 (Imputation: zero)
Dataset 초기화 완료 (Imputation: zero)
argument='linear_regression'
Start Model Training on Combined Data...
Training Model for Origin Generation (O_i) using linear_regression...

Evaluating 2019 / val ...
  [2019/val] 750개 샘플 병렬 평가 중 (threads=4)...
Starting Iterative Proportional Fitting (IPF)...Starting Iterative Proportional Fitting (IPF)...Starting Iterative Proportional Fitting (IPF)...Starting Iterative Proportional Fitting (IPF)...



IPF converged at iteration 31
IPF converged at iteration 31
IPF converged at iteration 31
IPF converged at iteration 31
IPF row error: 13.370197, col error: 0.000000
IPF row error: 13.370197, col error: 0.000000
IPF row error: 13.370197, col error: 0.000000
IPF row error: 13.370197, col error: 0.000000
Starting Iterative Proportional Fitting (IPF)...
Starting Iterative Proportional Fitting (IPF)...
Starting Iterative Proportional Fitting (IPF)...
Starting Iterative Proportional Fitting (IPF)...
IPF converged at iteration 31
IPF row error: 13.370197, col error: 0.000000
IPF converged at iteration 31
IPF converged at iteration 31
IPF converged at iteration 31
IPF row error: 13.370197, col error: 0.000000
IPF row error: 13.370197, col error: 0.000000
IPF row error: 13.370197, col error: 0.000000
Starting Iterative Proportional Fitting (IPF)...
Starting Iterative Proportional Fitting (IPF)...
Starting Iterative Proportional Fitting (IPF)...
Starting Iterative Proportional Fitting (IPF)...
IPF converged at iteration 31
IPF row error: 13.370197, col error: 0.000000
IPF converged at iteration 31
IPF converged at iteration 31
IPF converged at iteration 31
IPF row error: 13.370197, col error: 0.000000
IPF row error: 13.370197, col error: 0.000000
IPF row error: 13.370197, col error: 0.000000
Starting Iterative Proportional Fitting (IPF)...
Starting Iterative Proportional Fitting (IPF)...
Starting Iterative Proportional Fitting (IPF)...
Starting Iterative Proportional Fitting (IPF)...
IPF converged at iteration 31
IPF row error: 13.370197, col error: 0.000000
IPF converged at iteration 31
IPF converged at iteration 31
IPF row error: 13.370197, col error: 0.000000
IPF converged at iteration 31
IPF row error: 13.370197, col error: 0.000000
IPF row error: 13.370197, col error: 0.000000
Starting Iterative Proportional Fitting (IPF)...
Starting Iterative Proportional Fitting (IPF)...
Starting Iterative Proportional Fitting (IPF)...
Starting Iterative Proportional Fitting (IPF)...
IPF converged at iteration 31
IPF row error: 13.370197, col error: 0.000000
IPF converged at iteration 31
IPF converged at iteration 31
IPF converged at iteration 31
IPF row error: 13.370197, col error: 0.000000
IPF row error: 13.370197, col error: 0.000000
IPF row error: 13.370197, col error: 0.000000
Starting Iterative Proportional Fitting (IPF)...
Starting Iterative Proportional Fitting (IPF)...
Starting Iterative Proportional Fitting (IPF)...
Starting Iterative Proportional Fitting (IPF)...
IPF converged at iteration 31
IPF row error: 13.370197, col error: 0.000000
IPF converged at iteration 31
IPF row error: 13.370197, col error: 0.000000
IPF converged at iteration 31
IPF row error: 13.370197, col error: 0.000000
IPF converged at iteration 31
Starting Iterative Proportional Fitting (IPF)...
IPF row error: 13.370197, col error: 0.000000
Starting Iterative Proportional Fitting (IPF)...
Starting Iterative Proportional Fitting (IPF)...
Starting Iterative Proportional Fitting (IPF)...
IPF converged at iteration 31
IPF row error: 13.370197, col error: 0.000000
IPF converged at iteration 31
IPF row error: 13.370197, col error: 0.000000
IPF converged at iteration 31
IPF row error: 13.370197, col error: 0.000000
IPF converged at iteration 31
Starting Iterative Proportional Fitting (IPF)...
IPF row error: 13.370197, col error: 0.000000
Starting Iterative Proportional Fitting (IPF)...
Starting Iterative Proportional Fitting (IPF)...
Starting Iterative Proportional Fitting (IPF)...
IPF converged at iteration 31
IPF row error: 13.370197, col error: 0.000000
IPF converged at iteration 31
IPF row error: 13.370197, col error: 0.000000
  [2019/val] 진행 30/750 (4.0%) | 누적 CPC 0.4307 | RMSE 214.2868 | %RMSE 10.6277 | 경과 0.2분 | 예상 남음 4.6분
IPF converged at iteration 31
IPF row error: 13.370197, col error: 0.000000
Starting Iterative Proportional Fitting (IPF)...
IPF converged at iteration 31
IPF row error: 13.370197, col error: 0.000000
Starting Iterative Proportional Fitting (IPF)...
Starting Iterative Proportional Fitting (IPF)...
Starting Iterative Proportional Fitting (IPF)...
IPF converged at iteration 31
IPF row error: 13.370197, col error: 0.000000
IPF converged at iteration 31
IPF row error: 13.370197, col error: 0.000000
IPF converged at iteration 31
Starting Iterative Proportional Fitting (IPF)...
IPF row error: 13.370197, col error: 0.000000
IPF converged at iteration 31
IPF row error: 13.370197, col error: 0.000000
Starting Iterative Proportional Fitting (IPF)...
Starting Iterative Proportional Fitting (IPF)...
Starting Iterative Proportional Fitting (IPF)...
IPF converged at iteration 31
IPF row error: 13.370197, col error: 0.000000
IPF converged at iteration 31
IPF row error: 13.370197, col error: 0.000000
IPF converged at iteration 31
Starting Iterative Proportional Fitting (IPF)...
IPF row error: 13.370197, col error: 0.000000
IPF converged at iteration 31
IPF row error: 13.370197, col error: 0.000000
Starting Iterative Proportional Fitting (IPF)...
Starting Iterative Proportional Fitting (IPF)...
Starting Iterative Proportional Fitting (IPF)...
IPF converged at iteration 31
IPF row error: 13.370197, col error: 0.000000
IPF converged at iteration 31
IPF row error: 13.370197, col error: 0.000000
Starting Iterative Proportional Fitting (IPF)...
IPF converged at iteration 31
IPF converged at iteration 31
IPF row error: 13.370197, col error: 0.000000
IPF row error: 13.370197, col error: 0.000000
Starting Iterative Proportional Fitting (IPF)...
Starting Iterative Proportional Fitting (IPF)...
Starting Iterative Proportional Fitting (IPF)...
IPF converged at iteration 31
IPF row error: 13.370197, col error: 0.000000
IPF converged at iteration 31
Starting Iterative Proportional Fitting (IPF)...
IPF row error: 13.370197, col error: 0.000000
IPF converged at iteration 31
IPF converged at iteration 31
IPF row error: 13.370197, col error: 0.000000
IPF row error: 13.370197, col error: 0.000000
Starting Iterative Proportional Fitting (IPF)...
Starting Iterative Proportional Fitting (IPF)...
Starting Iterative Proportional Fitting (IPF)...
IPF converged at iteration 31
IPF row error: 13.370197, col error: 0.000000
Starting Iterative Proportional Fitting (IPF)...
IPF converged at iteration 31
IPF row error: 13.370197, col error: 0.000000
IPF converged at iteration 31
IPF row error: 13.726100, col error: 0.000000
IPF converged at iteration 31
IPF row error: 13.726100, col error: 0.000000
Starting Iterative Proportional Fitting (IPF)...
Starting Iterative Proportional Fitting (IPF)...
Starting Iterative Proportional Fitting (IPF)...
IPF converged at iteration 31
IPF row error: 13.726100, col error: 0.000000
Starting Iterative Proportional Fitting (IPF)...
IPF converged at iteration 31
IPF row error: 13.726100, col error: 0.000000
IPF converged at iteration 31
IPF row error: 13.726100, col error: 0.000000
IPF converged at iteration 31
IPF row error: 13.726100, col error: 0.000000
Starting Iterative Proportional Fitting (IPF)...
Starting Iterative Proportional Fitting (IPF)...
Starting Iterative Proportional Fitting (IPF)...
IPF converged at iteration 31
IPF row error: 13.726100, col error: 0.000000
Starting Iterative Proportional Fitting (IPF)...
IPF converged at iteration 31
IPF row error: 13.726100, col error: 0.000000
IPF converged at iteration 31
IPF row error: 13.726100, col error: 0.000000
IPF converged at iteration 31
Starting Iterative Proportional Fitting (IPF)...
IPF row error: 13.726100, col error: 0.000000
  [2019/val] 진행 60/750 (8.0%) | 누적 CPC 0.4132 | RMSE 206.8315 | %RMSE 11.8723 | 경과 0.4분 | 예상 남음 4.3분
Starting Iterative Proportional Fitting (IPF)...
Starting Iterative Proportional Fitting (IPF)...
IPF converged at iteration 31
IPF row error: 13.726100, col error: 0.000000
Starting Iterative Proportional Fitting (IPF)...
IPF converged at iteration 31
IPF row error: 13.726100, col error: 0.000000
IPF converged at iteration 31
IPF row error: 13.726100, col error: 0.000000
IPF converged at iteration 31
Starting Iterative Proportional Fitting (IPF)...
IPF row error: 13.726100, col error: 0.000000
Starting Iterative Proportional Fitting (IPF)...
Starting Iterative Proportional Fitting (IPF)...
IPF converged at iteration 31
IPF row error: 13.726100, col error: 0.000000
Starting Iterative Proportional Fitting (IPF)...
IPF converged at iteration 31
IPF row error: 13.726100, col error: 0.000000
IPF converged at iteration 31
IPF row error: 13.726100, col error: 0.000000
IPF converged at iteration 31
Starting Iterative Proportional Fitting (IPF)...
IPF row error: 13.726100, col error: 0.000000
Starting Iterative Proportional Fitting (IPF)...
Starting Iterative Proportional Fitting (IPF)...
IPF converged at iteration 31
IPF row error: 13.726100, col error: 0.000000
Starting Iterative Proportional Fitting (IPF)...
IPF converged at iteration 31
IPF row error: 13.726100, col error: 0.000000
IPF converged at iteration 31
IPF row error: 13.726100, col error: 0.000000
IPF converged at iteration 31
IPF row error: 13.726100, col error: 0.000000
Starting Iterative Proportional Fitting (IPF)...
Starting Iterative Proportional Fitting (IPF)...
Starting Iterative Proportional Fitting (IPF)...
IPF converged at iteration 31
IPF row error: 13.726100, col error: 0.000000
Starting Iterative Proportional Fitting (IPF)...
IPF converged at iteration 31
IPF row error: 13.726100, col error: 0.000000
IPF converged at iteration 31
IPF row error: 13.726100, col error: 0.000000
IPF converged at iteration 31
Starting Iterative Proportional Fitting (IPF)...
IPF row error: 13.726100, col error: 0.000000
Starting Iterative Proportional Fitting (IPF)...
Starting Iterative Proportional Fitting (IPF)...
IPF converged at iteration 31
IPF row error: 13.726100, col error: 0.000000
Starting Iterative Proportional Fitting (IPF)...
IPF converged at iteration 31
IPF row error: 13.726100, col error: 0.000000
IPF converged at iteration 31
IPF row error: 13.726100, col error: 0.000000
IPF converged at iteration 31
Starting Iterative Proportional Fitting (IPF)...
IPF row error: 13.726100, col error: 0.000000
Starting Iterative Proportional Fitting (IPF)...
Starting Iterative Proportional Fitting (IPF)...
IPF converged at iteration 31
IPF row error: 13.726100, col error: 0.000000
Starting Iterative Proportional Fitting (IPF)...
IPF converged at iteration 31
IPF row error: 13.726100, col error: 0.000000
IPF converged at iteration 31
IPF row error: 13.726100, col error: 0.000000
Starting Iterative Proportional Fitting (IPF)...
IPF converged at iteration 31
IPF row error: 13.726100, col error: 0.000000
Starting Iterative Proportional Fitting (IPF)...
Starting Iterative Proportional Fitting (IPF)...
IPF converged at iteration 31
IPF row error: 13.726100, col error: 0.000000
Starting Iterative Proportional Fitting (IPF)...
IPF converged at iteration 31
IPF row error: 13.726100, col error: 0.000000
IPF converged at iteration 31
IPF row error: 13.726100, col error: 0.000000
Starting Iterative Proportional Fitting (IPF)...
IPF converged at iteration 31
IPF row error: 13.726100, col error: 0.000000
Starting Iterative Proportional Fitting (IPF)...
Starting Iterative Proportional Fitting (IPF)...
IPF converged at iteration 31
IPF row error: 13.726100, col error: 0.000000
Starting Iterative Proportional Fitting (IPF)...
IPF converged at iteration 31
IPF row error: 13.726100, col error: 0.000000
  [2019/val] 진행 90/750 (12.0%) | 누적 CPC 0.3840 | RMSE 194.4059 | %RMSE 13.9466 | 경과 0.6분 | 예상 남음 4.3분
IPF converged at iteration 31
IPF row error: 13.726100, col error: 0.000000
Starting Iterative Proportional Fitting (IPF)...
IPF converged at iteration 31
IPF row error: 13.726100, col error: 0.000000
Starting Iterative Proportional Fitting (IPF)...
Starting Iterative Proportional Fitting (IPF)...
IPF converged at iteration 31
IPF row error: 13.726100, col error: 0.000000
Starting Iterative Proportional Fitting (IPF)...
IPF converged at iteration 31
IPF row error: 13.726100, col error: 0.000000
IPF converged at iteration 31
Starting Iterative Proportional Fitting (IPF)...
IPF row error: 13.726100, col error: 0.000000
IPF converged at iteration 31
IPF row error: 13.726100, col error: 0.000000
Starting Iterative Proportional Fitting (IPF)...
Starting Iterative Proportional Fitting (IPF)...
IPF converged at iteration 31
IPF row error: 13.726100, col error: 0.000000
Starting Iterative Proportional Fitting (IPF)...
IPF converged at iteration 31
IPF row error: 13.726100, col error: 0.000000
IPF converged at iteration 31
Starting Iterative Proportional Fitting (IPF)...
IPF converged at iteration 31
IPF row error: 13.726100, col error: 0.000000
IPF row error: 13.726100, col error: 0.000000
Starting Iterative Proportional Fitting (IPF)...
Starting Iterative Proportional Fitting (IPF)...
IPF converged at iteration 31
IPF row error: 13.947419, col error: 0.000000
Starting Iterative Proportional Fitting (IPF)...
IPF converged at iteration 31
IPF row error: 13.947419, col error: 0.000000
IPF converged at iteration 31
Starting Iterative Proportional Fitting (IPF)...
IPF converged at iteration 31
IPF row error: 13.947419, col error: 0.000000
IPF row error: 13.947419, col error: 0.000000
Starting Iterative Proportional Fitting (IPF)...
Starting Iterative Proportional Fitting (IPF)...
IPF converged at iteration 31
IPF row error: 13.947419, col error: 0.000000
Starting Iterative Proportional Fitting (IPF)...
IPF converged at iteration 31
IPF row error: 13.947419, col error: 0.000000
Starting Iterative Proportional Fitting (IPF)...
IPF converged at iteration 31
IPF converged at iteration 31
IPF row error: 13.947419, col error: 0.000000
IPF row error: 13.947419, col error: 0.000000
Starting Iterative Proportional Fitting (IPF)...
Starting Iterative Proportional Fitting (IPF)...
IPF converged at iteration 31
IPF row error: 13.947419, col error: 0.000000
Starting Iterative Proportional Fitting (IPF)...
IPF converged at iteration 31
IPF row error: 13.947419, col error: 0.000000
Starting Iterative Proportional Fitting (IPF)...
IPF converged at iteration 31
IPF converged at iteration 31
IPF row error: 13.947419, col error: 0.000000
IPF row error: 13.947419, col error: 0.000000
Starting Iterative Proportional Fitting (IPF)...
Starting Iterative Proportional Fitting (IPF)...
IPF converged at iteration 31
IPF row error: 13.947419, col error: 0.000000
Starting Iterative Proportional Fitting (IPF)...
IPF converged at iteration 31
IPF row error: 13.947419, col error: 0.000000
IPF converged at iteration 31
Starting Iterative Proportional Fitting (IPF)...
IPF row error: 13.947419, col error: 0.000000
IPF converged at iteration 31
IPF row error: 13.947419, col error: 0.000000
Starting Iterative Proportional Fitting (IPF)...
Starting Iterative Proportional Fitting (IPF)...
IPF converged at iteration 31
IPF row error: 13.947419, col error: 0.000000
Starting Iterative Proportional Fitting (IPF)...
IPF converged at iteration 31
IPF row error: 13.947419, col error: 0.000000
IPF converged at iteration 31
IPF converged at iteration 31
IPF row error: 13.947419, col error: 0.000000
IPF row error: 13.947419, col error: 0.000000
  [2019/val] 진행 120/750 (16.0%) | 누적 CPC 0.3768 | RMSE 180.7667 | %RMSE 14.2318 | 경과 0.8분 | 예상 남음 4.4분Starting Iterative Proportional Fitting (IPF)...

Starting Iterative Proportional Fitting (IPF)...Starting Iterative Proportional Fitting (IPF)...

IPF converged at iteration 31
IPF row error: 13.947419, col error: 0.000000
Starting Iterative Proportional Fitting (IPF)...
IPF converged at iteration 31
IPF row error: 13.947419, col error: 0.000000
IPF converged at iteration 31
IPF converged at iteration 31
IPF row error: 13.947419, col error: 0.000000
IPF row error: 13.947419, col error: 0.000000
Starting Iterative Proportional Fitting (IPF)...
Starting Iterative Proportional Fitting (IPF)...
Starting Iterative Proportional Fitting (IPF)...
IPF converged at iteration 31
IPF row error: 13.947419, col error: 0.000000
Starting Iterative Proportional Fitting (IPF)...
IPF converged at iteration 31
IPF row error: 13.947419, col error: 0.000000
IPF converged at iteration 31
IPF row error: 13.947419, col error: 0.000000
IPF converged at iteration 31
IPF row error: 13.947419, col error: 0.000000
Starting Iterative Proportional Fitting (IPF)...
Starting Iterative Proportional Fitting (IPF)...
Starting Iterative Proportional Fitting (IPF)...
IPF converged at iteration 31
IPF row error: 13.947419, col error: 0.000000
Starting Iterative Proportional Fitting (IPF)...
IPF converged at iteration 31
IPF row error: 13.947419, col error: 0.000000
IPF converged at iteration 31
IPF row error: 13.947419, col error: 0.000000
IPF converged at iteration 31
Starting Iterative Proportional Fitting (IPF)...
IPF row error: 13.947419, col error: 0.000000
Starting Iterative Proportional Fitting (IPF)...
Starting Iterative Proportional Fitting (IPF)...
IPF converged at iteration 31
IPF row error: 13.947419, col error: 0.000000
Starting Iterative Proportional Fitting (IPF)...
IPF converged at iteration 31
IPF row error: 13.947419, col error: 0.000000
IPF converged at iteration 31
IPF row error: 13.947419, col error: 0.000000
IPF converged at iteration 31
Starting Iterative Proportional Fitting (IPF)...
IPF row error: 13.947419, col error: 0.000000
Starting Iterative Proportional Fitting (IPF)...
Starting Iterative Proportional Fitting (IPF)...
IPF converged at iteration 31
IPF row error: 13.947419, col error: 0.000000
Starting Iterative Proportional Fitting (IPF)...
IPF converged at iteration 31
IPF row error: 13.947419, col error: 0.000000
IPF converged at iteration 31
IPF converged at iteration 31IPF row error: 13.947419, col error: 0.000000

IPF row error: 13.947419, col error: 0.000000
Starting Iterative Proportional Fitting (IPF)...
Starting Iterative Proportional Fitting (IPF)...
Starting Iterative Proportional Fitting (IPF)...
IPF converged at iteration 31
IPF row error: 13.947419, col error: 0.000000
Starting Iterative Proportional Fitting (IPF)...
IPF converged at iteration 31
IPF row error: 13.947419, col error: 0.000000
IPF converged at iteration 31
IPF row error: 13.947419, col error: 0.000000
IPF converged at iteration 31
Starting Iterative Proportional Fitting (IPF)...
IPF row error: 13.947419, col error: 0.000000
Starting Iterative Proportional Fitting (IPF)...
Starting Iterative Proportional Fitting (IPF)...
IPF converged at iteration 31
IPF row error: 13.947419, col error: 0.000000
Starting Iterative Proportional Fitting (IPF)...
IPF converged at iteration 31
IPF row error: 13.947419, col error: 0.000000
IPF converged at iteration 31
IPF row error: 13.947419, col error: 0.000000
IPF converged at iteration 31
Starting Iterative Proportional Fitting (IPF)...
IPF row error: 13.947419, col error: 0.000000
Starting Iterative Proportional Fitting (IPF)...
Starting Iterative Proportional Fitting (IPF)...
IPF converged at iteration 31
IPF row error: 13.947419, col error: 0.000000
Starting Iterative Proportional Fitting (IPF)...
IPF converged at iteration 31
IPF row error: 13.947419, col error: 0.000000
  [2019/val] 진행 150/750 (20.0%) | 누적 CPC 0.3755 | RMSE 169.6126 | %RMSE 14.1020 | 경과 1.1분 | 예상 남음 4.5분
Starting Iterative Proportional Fitting (IPF)...
IPF converged at iteration 34
IPF row error: 7.786541, col error: 0.000000
Starting Iterative Proportional Fitting (IPF)...
IPF converged at iteration 38
IPF row error: 3.188822, col error: 0.000000
Starting Iterative Proportional Fitting (IPF)...
IPF converged at iteration 31
IPF row error: 13.370197, col error: 0.000000
Starting Iterative Proportional Fitting (IPF)...
IPF converged at iteration 31
IPF row error: 13.370197, col error: 0.000000
Starting Iterative Proportional Fitting (IPF)...
IPF converged at iteration 31
IPF row error: 13.370197, col error: 0.000000
IPF converged at iteration 29
Starting Iterative Proportional Fitting (IPF)...
IPF row error: 12.361800, col error: 0.000000
Starting Iterative Proportional Fitting (IPF)...
IPF converged at iteration 31
IPF row error: 13.370197, col error: 0.000000
Starting Iterative Proportional Fitting (IPF)...
IPF converged at iteration 31
IPF row error: 13.370197, col error: 0.000000
Starting Iterative Proportional Fitting (IPF)...
IPF converged at iteration 31
IPF row error: 13.370197, col error: 0.000000
Starting Iterative Proportional Fitting (IPF)...
IPF converged at iteration 31
IPF row error: 13.370197, col error: 0.000000
Starting Iterative Proportional Fitting (IPF)...
IPF converged at iteration 31
IPF row error: 13.370197, col error: 0.000000
Starting Iterative Proportional Fitting (IPF)...
IPF converged at iteration 31
IPF row error: 14.063377, col error: 0.000000
Starting Iterative Proportional Fitting (IPF)...
IPF converged at iteration 31
IPF row error: 13.370197, col error: 0.000000
IPF converged at iteration 29
IPF row error: 13.765815, col error: 0.000000
Starting Iterative Proportional Fitting (IPF)...
Starting Iterative Proportional Fitting (IPF)...
IPF converged at iteration 31
IPF row error: 13.370197, col error: 0.000000
Starting Iterative Proportional Fitting (IPF)...
IPF converged at iteration 31
IPF row error: 11.237832, col error: 0.000000
Starting Iterative Proportional Fitting (IPF)...
IPF converged at iteration 34
IPF converged at iteration 31
IPF row error: 7.809709, col error: 0.000000
IPF row error: 13.370197, col error: 0.000000
Starting Iterative Proportional Fitting (IPF)...
Starting Iterative Proportional Fitting (IPF)...
IPF converged at iteration 32
IPF row error: 10.425898, col error: 0.000000
Starting Iterative Proportional Fitting (IPF)...
IPF converged at iteration 31
IPF row error: 13.370197, col error: 0.000000
Starting Iterative Proportional Fitting (IPF)...
IPF converged at iteration 31
IPF row error: 13.370197, col error: 0.000000
Starting Iterative Proportional Fitting (IPF)...
IPF converged at iteration 40
IPF row error: 1.511087, col error: 0.000000
IPF converged at iteration 29
Starting Iterative Proportional Fitting (IPF)...
IPF row error: 21.989297, col error: 0.000000
Starting Iterative Proportional Fitting (IPF)...
IPF converged at iteration 30
IPF row error: 13.633264, col error: 0.000000
Starting Iterative Proportional Fitting (IPF)...
IPF converged at iteration 31
IPF row error: 13.370197, col error: 0.000000
Starting Iterative Proportional Fitting (IPF)...
IPF converged at iteration 31
IPF row error: 13.370197, col error: 0.000000
IPF converged at iteration 31
IPF row error: 13.370197, col error: 0.000000
Starting Iterative Proportional Fitting (IPF)...
Starting Iterative Proportional Fitting (IPF)...
IPF converged at iteration 31
IPF row error: 12.517651, col error: 0.000000
Starting Iterative Proportional Fitting (IPF)...
IPF converged at iteration 52
IPF row error: 1.251146, col error: 0.000000
Starting Iterative Proportional Fitting (IPF)...
IPF converged at iteration 37
IPF row error: 3.588023, col error: 0.000000
  [2019/val] 진행 180/750 (24.0%) | 누적 CPC 0.3848 | RMSE 176.9860 | %RMSE 13.5130 | 경과 1.5분 | 예상 남음 4.6분
Starting Iterative Proportional Fitting (IPF)...
IPF converged at iteration 49
IPF row error: 1.397660, col error: 0.000000
Starting Iterative Proportional Fitting (IPF)...
IPF converged at iteration 31
IPF row error: 13.370197, col error: 0.000000
Starting Iterative Proportional Fitting (IPF)...
IPF converged at iteration 31
IPF row error: 13.370197, col error: 0.000000
Starting Iterative Proportional Fitting (IPF)...
IPF converged at iteration 31
IPF row error: 13.370197, col error: 0.000000
Starting Iterative Proportional Fitting (IPF)...
IPF converged at iteration 28
IPF row error: 15.991743, col error: 0.000000
Starting Iterative Proportional Fitting (IPF)...
IPF converged at iteration 31
IPF row error: 13.370197, col error: 0.000000
Starting Iterative Proportional Fitting (IPF)...
IPF converged at iteration 31
IPF row error: 9.257916, col error: 0.000000
Starting Iterative Proportional Fitting (IPF)...
IPF converged at iteration 27
IPF row error: 18.842851, col error: 0.000000
Starting Iterative Proportional Fitting (IPF)...
IPF converged at iteration 44
IPF row error: 1.227195, col error: 0.000000
IPF converged at iteration 27
IPF row error: 15.277358, col error: 0.000000
Starting Iterative Proportional Fitting (IPF)...
Starting Iterative Proportional Fitting (IPF)...
IPF converged at iteration 31
IPF row error: 13.370197, col error: 0.000000
Starting Iterative Proportional Fitting (IPF)...
IPF converged at iteration 31
IPF row error: 13.370197, col error: 0.000000
Starting Iterative Proportional Fitting (IPF)...
IPF converged at iteration 31
IPF row error: 13.370197, col error: 0.000000
IPF converged at iteration 30
IPF row error: 15.921480, col error: 0.000000
Starting Iterative Proportional Fitting (IPF)...
Starting Iterative Proportional Fitting (IPF)...
IPF converged at iteration 30
IPF row error: 13.511627, col error: 0.000000
Starting Iterative Proportional Fitting (IPF)...
IPF converged at iteration 31
IPF row error: 13.370197, col error: 0.000000
Starting Iterative Proportional Fitting (IPF)...
IPF converged at iteration 31
IPF row error: 11.133132, col error: 0.000000
Starting Iterative Proportional Fitting (IPF)...
IPF converged at iteration 28
IPF row error: 16.961330, col error: 0.000000
IPF converged at iteration 44
IPF row error: 1.312665, col error: 0.000000
Starting Iterative Proportional Fitting (IPF)...
Starting Iterative Proportional Fitting (IPF)...
IPF converged at iteration 34
IPF row error: 6.968452, col error: 0.000000
Starting Iterative Proportional Fitting (IPF)...
IPF converged at iteration 31
IPF row error: 13.726100, col error: 0.000000
Starting Iterative Proportional Fitting (IPF)...
IPF converged at iteration 31
IPF row error: 13.726100, col error: 0.000000
IPF converged at iteration 31
IPF row error: 12.909479, col error: 0.000000
Starting Iterative Proportional Fitting (IPF)...
Starting Iterative Proportional Fitting (IPF)...
IPF converged at iteration 30
IPF row error: 17.097292, col error: 0.000000
Starting Iterative Proportional Fitting (IPF)...
IPF converged at iteration 31
IPF row error: 13.726100, col error: 0.000000
Starting Iterative Proportional Fitting (IPF)...
IPF converged at iteration 29
IPF row error: 16.139513, col error: 0.000000
IPF converged at iteration 31
IPF row error: 13.726100, col error: 0.000000
Starting Iterative Proportional Fitting (IPF)...
Starting Iterative Proportional Fitting (IPF)...
IPF converged at iteration 31
IPF row error: 13.610326, col error: 0.000000
Starting Iterative Proportional Fitting (IPF)...
IPF converged at iteration 31
IPF row error: 13.726100, col error: 0.000000
Starting Iterative Proportional Fitting (IPF)...
IPF converged at iteration 31
IPF row error: 13.726100, col error: 0.000000
IPF converged at iteration 33
  [2019/val] 진행 210/750 (28.0%) | 누적 CPC 0.3863 | RMSE 180.2358 | %RMSE 13.4598 | 경과 1.9분 | 예상 남음 4.9분
IPF row error: 8.576401, col error: 0.000000
Starting Iterative Proportional Fitting (IPF)...
Starting Iterative Proportional Fitting (IPF)...
IPF converged at iteration 29
IPF row error: 14.747821, col error: 0.000000
Starting Iterative Proportional Fitting (IPF)...
IPF converged at iteration 27
IPF row error: 14.614240, col error: 0.000000
Starting Iterative Proportional Fitting (IPF)...
IPF converged at iteration 31
IPF row error: 13.726100, col error: 0.000000
Starting Iterative Proportional Fitting (IPF)...
IPF converged at iteration 63
IPF row error: 1.413278, col error: 0.000000
Starting Iterative Proportional Fitting (IPF)...
IPF converged at iteration 34
IPF row error: 8.549036, col error: 0.000000
Starting Iterative Proportional Fitting (IPF)...
IPF converged at iteration 32
IPF row error: 11.813090, col error: 0.000000
IPF converged at iteration 29
IPF row error: 10.478392, col error: 0.000000
Starting Iterative Proportional Fitting (IPF)...
Starting Iterative Proportional Fitting (IPF)...
IPF converged at iteration 31
IPF row error: 13.726100, col error: 0.000000
Starting Iterative Proportional Fitting (IPF)...
IPF converged at iteration 30
IPF row error: 14.943432, col error: 0.000000
Starting Iterative Proportional Fitting (IPF)...
IPF converged at iteration 33
IPF row error: 9.994213, col error: 0.000000
Starting Iterative Proportional Fitting (IPF)...
IPF converged at iteration 31
IPF row error: 13.726100, col error: 0.000000
IPF converged at iteration 46
IPF row error: 1.297856, col error: 0.000000
Starting Iterative Proportional Fitting (IPF)...
Starting Iterative Proportional Fitting (IPF)...
IPF converged at iteration 42
IPF row error: 1.366430, col error: 0.000000
Starting Iterative Proportional Fitting (IPF)...
IPF converged at iteration 31
IPF row error: 13.726100, col error: 0.000000
Starting Iterative Proportional Fitting (IPF)...
IPF converged at iteration 31
IPF row error: 13.726100, col error: 0.000000
IPF converged at iteration 31
IPF row error: 13.726100, col error: 0.000000
Starting Iterative Proportional Fitting (IPF)...
Starting Iterative Proportional Fitting (IPF)...
IPF converged at iteration 30
IPF row error: 10.781000, col error: 0.000000
Starting Iterative Proportional Fitting (IPF)...
IPF converged at iteration 30
IPF row error: 12.373125, col error: 0.000000
Starting Iterative Proportional Fitting (IPF)...
IPF converged at iteration 30
IPF row error: 9.896008, col error: 0.000000
Starting Iterative Proportional Fitting (IPF)...IPF converged at iteration 31

IPF row error: 13.726100, col error: 0.000000
Starting Iterative Proportional Fitting (IPF)...
IPF converged at iteration 31
IPF row error: 13.726100, col error: 0.000000
Starting Iterative Proportional Fitting (IPF)...
IPF converged at iteration 31
IPF row error: 13.726100, col error: 0.000000
Starting Iterative Proportional Fitting (IPF)...
IPF converged at iteration 31
IPF row error: 13.726100, col error: 0.000000
Starting Iterative Proportional Fitting (IPF)...
IPF converged at iteration 31
IPF row error: 13.726100, col error: 0.000000
Starting Iterative Proportional Fitting (IPF)...
IPF converged at iteration 29
IPF row error: 9.871533, col error: 0.000000
Starting Iterative Proportional Fitting (IPF)...
IPF converged at iteration 28
IPF row error: 12.551045, col error: 0.000000
Starting Iterative Proportional Fitting (IPF)...
IPF converged at iteration 31
IPF row error: 13.726100, col error: 0.000000
IPF converged at iteration 28
IPF row error: 16.472905, col error: 0.000000
Starting Iterative Proportional Fitting (IPF)...
Starting Iterative Proportional Fitting (IPF)...
IPF converged at iteration 31
IPF row error: 13.726100, col error: 0.000000
  [2019/val] 진행 240/750 (32.0%) | 누적 CPC 0.3784 | RMSE 179.4770 | %RMSE 14.0852 | 경과 2.4분 | 예상 남음 5.1분
Starting Iterative Proportional Fitting (IPF)...
IPF converged at iteration 28
IPF row error: 17.381063, col error: 0.000000
Starting Iterative Proportional Fitting (IPF)...
IPF converged at iteration 31
IPF row error: 13.726100, col error: 0.000000
IPF converged at iteration 30
IPF row error: 15.786315, col error: 0.000000
Starting Iterative Proportional Fitting (IPF)...
Starting Iterative Proportional Fitting (IPF)...
IPF converged at iteration 31
IPF row error: 13.726100, col error: 0.000000
Starting Iterative Proportional Fitting (IPF)...
IPF converged at iteration 31
IPF row error: 13.726100, col error: 0.000000
Starting Iterative Proportional Fitting (IPF)...
IPF converged at iteration 30
IPF converged at iteration 31
IPF row error: 13.065370, col error: 0.000000
IPF row error: 13.726100, col error: 0.000000
Starting Iterative Proportional Fitting (IPF)...
Starting Iterative Proportional Fitting (IPF)...
IPF converged at iteration 31
IPF row error: 13.726100, col error: 0.000000
Starting Iterative Proportional Fitting (IPF)...
IPF converged at iteration 31
IPF row error: 13.726100, col error: 0.000000
Starting Iterative Proportional Fitting (IPF)...
IPF converged at iteration 31
IPF row error: 13.947419, col error: 0.000000
IPF converged at iteration 32
IPF row error: 9.922155, col error: 0.000000
Starting Iterative Proportional Fitting (IPF)...
Starting Iterative Proportional Fitting (IPF)...
IPF converged at iteration 31
IPF row error: 13.947419, col error: 0.000000
Starting Iterative Proportional Fitting (IPF)...
IPF converged at iteration 31
IPF row error: 11.668825, col error: 0.000000
Starting Iterative Proportional Fitting (IPF)...
IPF converged at iteration 31
IPF row error: 13.947419, col error: 0.000000
Starting Iterative Proportional Fitting (IPF)...
IPF converged at iteration 31
IPF row error: 13.947419, col error: 0.000000
Starting Iterative Proportional Fitting (IPF)...
IPF converged at iteration 31
IPF row error: 13.947419, col error: 0.000000
Starting Iterative Proportional Fitting (IPF)...
IPF converged at iteration 31
IPF row error: 13.947419, col error: 0.000000
Starting Iterative Proportional Fitting (IPF)...
IPF converged at iteration 70
IPF row error: 1.371620, col error: 0.000000
Starting Iterative Proportional Fitting (IPF)...
IPF converged at iteration 31
IPF row error: 13.947419, col error: 0.000000
Starting Iterative Proportional Fitting (IPF)...
IPF converged at iteration 41
IPF converged at iteration 31
IPF row error: 1.579789, col error: 0.000000
IPF row error: 13.947419, col error: 0.000000
Starting Iterative Proportional Fitting (IPF)...
Starting Iterative Proportional Fitting (IPF)...
IPF converged at iteration 31
IPF row error: 13.947419, col error: 0.000000
Starting Iterative Proportional Fitting (IPF)...
IPF converged at iteration 32
IPF row error: 11.818850, col error: 0.000000
Starting Iterative Proportional Fitting (IPF)...
IPF converged at iteration 28
IPF converged at iteration 29
IPF row error: 15.202651, col error: 0.000000
IPF row error: 13.393821, col error: 0.000000
Starting Iterative Proportional Fitting (IPF)...
Starting Iterative Proportional Fitting (IPF)...
IPF converged at iteration 31
IPF row error: 13.947419, col error: 0.000000
IPF converged at iteration 44
IPF row error: 1.391639, col error: 0.000000
Starting Iterative Proportional Fitting (IPF)...
Starting Iterative Proportional Fitting (IPF)...
IPF converged at iteration 31
IPF row error: 13.947419, col error: 0.000000
IPF converged at iteration 32
IPF row error: 7.428855, col error: 0.000000
Starting Iterative Proportional Fitting (IPF)...
Starting Iterative Proportional Fitting (IPF)...
IPF converged at iteration 33
IPF row error: 9.745634, col error: 0.000000
IPF converged at iteration 31
  [2019/val] 진행 270/750 (36.0%) | 누적 CPC 0.3758 | RMSE 175.5774 | %RMSE 14.2440 | 경과 2.9분 | 예상 남음 5.2분
IPF row error: 13.947419, col error: 0.000000
Starting Iterative Proportional Fitting (IPF)...
Starting Iterative Proportional Fitting (IPF)...
IPF converged at iteration 31
IPF row error: 12.368678, col error: 0.000000
IPF converged at iteration 31
IPF row error: 14.241178, col error: 0.000000
Starting Iterative Proportional Fitting (IPF)...
Starting Iterative Proportional Fitting (IPF)...
IPF converged at iteration 29
IPF converged at iteration 31
IPF row error: 12.348071, col error: 0.000000
IPF row error: 13.947419, col error: 0.000000
Starting Iterative Proportional Fitting (IPF)...
Starting Iterative Proportional Fitting (IPF)...
IPF converged at iteration 29
IPF row error: 15.629050, col error: 0.000000
IPF converged at iteration 30
IPF row error: 13.989750, col error: 0.000000
Starting Iterative Proportional Fitting (IPF)...
Starting Iterative Proportional Fitting (IPF)...
IPF converged at iteration 31
IPF converged at iteration 32
IPF row error: 13.947419, col error: 0.000000
IPF row error: 13.546055, col error: 0.000000
Starting Iterative Proportional Fitting (IPF)...
Starting Iterative Proportional Fitting (IPF)...
IPF converged at iteration 30
IPF row error: 9.679333, col error: 0.000000
IPF converged at iteration 31
IPF row error: 13.947419, col error: 0.000000
Starting Iterative Proportional Fitting (IPF)...
Starting Iterative Proportional Fitting (IPF)...
IPF converged at iteration 29
IPF row error: 11.986931, col error: 0.000000
IPF converged at iteration 31
IPF row error: 13.947419, col error: 0.000000
Starting Iterative Proportional Fitting (IPF)...
Starting Iterative Proportional Fitting (IPF)...
IPF converged at iteration 31
IPF row error: 12.319094, col error: 0.000000
IPF converged at iteration 31
IPF row error: 13.947419, col error: 0.000000
Starting Iterative Proportional Fitting (IPF)...
Starting Iterative Proportional Fitting (IPF)...
IPF converged at iteration 31
IPF row error: 10.961095, col error: 0.000000
IPF converged at iteration 31
IPF row error: 13.947419, col error: 0.000000
Starting Iterative Proportional Fitting (IPF)...
Starting Iterative Proportional Fitting (IPF)...
IPF converged at iteration 30
IPF row error: 15.571283, col error: 0.000000
Starting Iterative Proportional Fitting (IPF)...
IPF converged at iteration 37
IPF row error: 3.483464, col error: 0.000000
Starting Iterative Proportional Fitting (IPF)...
IPF converged at iteration 31
IPF row error: 13.947419, col error: 0.000000
IPF converged at iteration 31
IPF row error: 13.947419, col error: 0.000000
Starting Iterative Proportional Fitting (IPF)...
Starting Iterative Proportional Fitting (IPF)...
IPF converged at iteration 30
IPF row error: 11.070764, col error: 0.000000
Starting Iterative Proportional Fitting (IPF)...
IPF converged at iteration 29
IPF row error: 12.197684, col error: 0.000000
Starting Iterative Proportional Fitting (IPF)...
IPF converged at iteration 31
IPF row error: 13.947419, col error: 0.000000
IPF converged at iteration 31
IPF row error: 13.947419, col error: 0.000000
Starting Iterative Proportional Fitting (IPF)...
Starting Iterative Proportional Fitting (IPF)...
IPF converged at iteration 27
IPF row error: 18.279910, col error: 0.000000
Starting Iterative Proportional Fitting (IPF)...
IPF converged at iteration 31
IPF row error: 13.947419, col error: 0.000000
Starting Iterative Proportional Fitting (IPF)...
IPF converged at iteration 31
IPF row error: 10.711753, col error: 0.000000
IPF converged at iteration 31
Starting Iterative Proportional Fitting (IPF)...
IPF row error: 13.947419, col error: 0.000000
IPF converged at iteration 27
IPF row error: 19.832091, col error: 0.000000
  [2019/val] 진행 300/750 (40.0%) | 누적 CPC 0.3751 | RMSE 171.2140 | %RMSE 14.2454 | 경과 3.4분 | 예상 남음 5.1분
Starting Iterative Proportional Fitting (IPF)...
Starting Iterative Proportional Fitting (IPF)...
IPF converged at iteration 60
IPF row error: 1.313375, col error: 0.000000
Starting Iterative Proportional Fitting (IPF)...
IPF converged at iteration 50
IPF row error: 1.310972, col error: 0.000000
Starting Iterative Proportional Fitting (IPF)...
IPF converged at iteration 54
IPF row error: 1.293910, col error: 0.000000
Starting Iterative Proportional Fitting (IPF)...
IPF converged at iteration 65
IPF row error: 1.398635, col error: 0.000000
Starting Iterative Proportional Fitting (IPF)...
IPF converged at iteration 32
IPF row error: 7.482085, col error: 0.000000
Starting Iterative Proportional Fitting (IPF)...
IPF converged at iteration 60
IPF row error: 1.349072, col error: 0.000000
Starting Iterative Proportional Fitting (IPF)...
IPF converged at iteration 60
IPF row error: 1.435481, col error: 0.000000
Starting Iterative Proportional Fitting (IPF)...
IPF converged at iteration 46
IPF row error: 1.409601, col error: 0.000000
IPF converged at iteration 55
IPF row error: 1.396681, col error: 0.000000
Starting Iterative Proportional Fitting (IPF)...
Starting Iterative Proportional Fitting (IPF)...
IPF converged at iteration 25
IPF row error: 30.260194, col error: 0.000000
Starting Iterative Proportional Fitting (IPF)...
IPF converged at iteration 31
IPF row error: 12.771843, col error: 0.000000
Starting Iterative Proportional Fitting (IPF)...
IPF converged at iteration 57
IPF row error: 1.416229, col error: 0.000000
Starting Iterative Proportional Fitting (IPF)...
IPF converged at iteration 60
IPF row error: 1.317216, col error: 0.000000
Starting Iterative Proportional Fitting (IPF)...
IPF converged at iteration 31
IPF row error: 10.840233, col error: 0.000000
Starting Iterative Proportional Fitting (IPF)...
IPF converged at iteration 30
IPF row error: 10.525401, col error: 0.000000
Starting Iterative Proportional Fitting (IPF)...
IPF converged at iteration 29
IPF row error: 14.190271, col error: 0.000000
Starting Iterative Proportional Fitting (IPF)...
IPF converged at iteration 60
IPF row error: 1.431781, col error: 0.000000
Starting Iterative Proportional Fitting (IPF)...
IPF converged at iteration 59
IPF row error: 1.299234, col error: 0.000000
Starting Iterative Proportional Fitting (IPF)...
IPF converged at iteration 29
IPF row error: 18.038350, col error: 0.000000
Starting Iterative Proportional Fitting (IPF)...
IPF converged at iteration 60
IPF row error: 1.435481, col error: 0.000000
Starting Iterative Proportional Fitting (IPF)...
IPF converged at iteration 54
IPF row error: 1.256793, col error: 0.000000
IPF converged at iteration 29
IPF row error: 15.293009, col error: 0.000000
Starting Iterative Proportional Fitting (IPF)...
Starting Iterative Proportional Fitting (IPF)...
IPF converged at iteration 41
IPF row error: 1.482068, col error: 0.000000
IPF converged at iteration 35
Starting Iterative Proportional Fitting (IPF)...
IPF row error: 5.026139, col error: 0.000000
Starting Iterative Proportional Fitting (IPF)...
IPF converged at iteration 60
IPF row error: 1.298420, col error: 0.000000
Starting Iterative Proportional Fitting (IPF)...
IPF converged at iteration 53
IPF row error: 1.335482, col error: 0.000000
Starting Iterative Proportional Fitting (IPF)...
IPF converged at iteration 26
IPF row error: 23.867450, col error: 0.000000
Starting Iterative Proportional Fitting (IPF)...
IPF converged at iteration 38
IPF row error: 2.694716, col error: 0.000000
Starting Iterative Proportional Fitting (IPF)...
IPF converged at iteration 30
IPF row error: 12.332307, col error: 0.000000
IPF converged at iteration 54
IPF row error: 1.401677, col error: 0.000000
  [2019/val] 진행 330/750 (44.0%) | 누적 CPC 0.3624 | RMSE 193.9929 | %RMSE 14.3307 | 경과 4.0분 | 예상 남음 5.1분
Starting Iterative Proportional Fitting (IPF)...
Starting Iterative Proportional Fitting (IPF)...
IPF converged at iteration 42
IPF row error: 1.204154, col error: 0.000000
Starting Iterative Proportional Fitting (IPF)...
IPF converged at iteration 32
IPF row error: 4.262818, col error: 0.000000
Starting Iterative Proportional Fitting (IPF)...
IPF converged at iteration 60
IPF row error: 1.337148, col error: 0.000000
Starting Iterative Proportional Fitting (IPF)...
IPF converged at iteration 60
IPF row error: 1.295710, col error: 0.000000
Starting Iterative Proportional Fitting (IPF)...
IPF converged at iteration 48
IPF row error: 1.344212, col error: 0.000000
Starting Iterative Proportional Fitting (IPF)...
IPF converged at iteration 60
IPF row error: 1.305537, col error: 0.000000
Starting Iterative Proportional Fitting (IPF)...
IPF converged at iteration 29
IPF row error: 16.138396, col error: 0.000000
Starting Iterative Proportional Fitting (IPF)...
IPF converged at iteration 54
IPF converged at iteration 59
IPF row error: 1.446876, col error: 0.000000
IPF row error: 1.324852, col error: 0.000000
Starting Iterative Proportional Fitting (IPF)...
Starting Iterative Proportional Fitting (IPF)...
IPF converged at iteration 28
IPF row error: 19.512553, col error: 0.000000
Starting Iterative Proportional Fitting (IPF)...
IPF converged at iteration 27
IPF row error: 13.174829, col error: 0.000000
Starting Iterative Proportional Fitting (IPF)...
IPF converged at iteration 59
IPF row error: 1.331585, col error: 0.000000
Starting Iterative Proportional Fitting (IPF)...
IPF converged at iteration 30
IPF row error: 11.079646, col error: 0.000000
IPF converged at iteration 48
IPF row error: 1.463023, col error: 0.000000
Starting Iterative Proportional Fitting (IPF)...
Starting Iterative Proportional Fitting (IPF)...
IPF converged at iteration 30
IPF row error: 14.625224, col error: 0.000000
Starting Iterative Proportional Fitting (IPF)...
IPF converged at iteration 31
IPF row error: 14.401982, col error: 0.000000
Starting Iterative Proportional Fitting (IPF)...
IPF converged at iteration 31
IPF row error: 13.933910, col error: 0.000000
Starting Iterative Proportional Fitting (IPF)...
IPF converged at iteration 30
IPF row error: 9.396855, col error: 0.000000
Starting Iterative Proportional Fitting (IPF)...
IPF converged at iteration 60
IPF row error: 1.350401, col error: 0.000000
Starting Iterative Proportional Fitting (IPF)...
IPF converged at iteration 31
IPF row error: 12.877693, col error: 0.000000
Starting Iterative Proportional Fitting (IPF)...
IPF converged at iteration 53
IPF row error: 1.321585, col error: 0.000000
Starting Iterative Proportional Fitting (IPF)...
IPF converged at iteration 30
IPF row error: 17.144142, col error: 0.000000
Starting Iterative Proportional Fitting (IPF)...
IPF converged at iteration 57
IPF row error: 1.292084, col error: 0.000000
Starting Iterative Proportional Fitting (IPF)...
IPF converged at iteration 29
IPF row error: 16.487475, col error: 0.000000
Starting Iterative Proportional Fitting (IPF)...
IPF converged at iteration 57
IPF row error: 1.292084, col error: 0.000000
Starting Iterative Proportional Fitting (IPF)...
IPF converged at iteration 31
IPF row error: 14.203872, col error: 0.000000
Starting Iterative Proportional Fitting (IPF)...
IPF converged at iteration 60
IPF row error: 1.281472, col error: 0.000000
Starting Iterative Proportional Fitting (IPF)...
IPF converged at iteration 57
IPF row error: 1.293373, col error: 0.000000
Starting Iterative Proportional Fitting (IPF)...
IPF converged at iteration 66
IPF row error: 1.385551, col error: 0.000000
Starting Iterative Proportional Fitting (IPF)...
IPF converged at iteration 30
IPF row error: 11.689544, col error: 0.000000
  [2019/val] 진행 360/750 (48.0%) | 누적 CPC 0.3508 | RMSE 206.6871 | %RMSE 14.4926 | 경과 4.7분 | 예상 남음 5.1분
Starting Iterative Proportional Fitting (IPF)...
IPF converged at iteration 29
IPF row error: 14.106029, col error: 0.000000
Starting Iterative Proportional Fitting (IPF)...
IPF converged at iteration 63
IPF row error: 1.289347, col error: 0.000000
Starting Iterative Proportional Fitting (IPF)...
IPF converged at iteration 57
IPF row error: 1.287747, col error: 0.000000
Starting Iterative Proportional Fitting (IPF)...
IPF converged at iteration 57
IPF row error: 1.294666, col error: 0.000000
Starting Iterative Proportional Fitting (IPF)...
IPF converged at iteration 57
IPF row error: 1.303913, col error: 0.000000
Starting Iterative Proportional Fitting (IPF)...
IPF converged at iteration 60
IPF row error: 1.292057, col error: 0.000000
Starting Iterative Proportional Fitting (IPF)...
IPF converged at iteration 60
IPF row error: 1.280222, col error: 0.000000
Starting Iterative Proportional Fitting (IPF)...
IPF converged at iteration 57
IPF row error: 1.293849, col error: 0.000000
Starting Iterative Proportional Fitting (IPF)...
IPF converged at iteration 52
IPF row error: 1.305828, col error: 0.000000
Starting Iterative Proportional Fitting (IPF)...
IPF converged at iteration 29
IPF row error: 9.644015, col error: 0.000000
Starting Iterative Proportional Fitting (IPF)...
IPF converged at iteration 30
IPF row error: 9.936313, col error: 0.000000
IPF converged at iteration 52
IPF row error: 1.307328, col error: 0.000000
Starting Iterative Proportional Fitting (IPF)...
Starting Iterative Proportional Fitting (IPF)...
IPF converged at iteration 60
IPF row error: 1.280159, col error: 0.000000
IPF converged at iteration 32
IPF row error: 5.959061, col error: 0.000000
Starting Iterative Proportional Fitting (IPF)...
Starting Iterative Proportional Fitting (IPF)...
IPF converged at iteration 60
IPF row error: 1.292057, col error: 0.000000
Starting Iterative Proportional Fitting (IPF)...
IPF converged at iteration 60
IPF row error: 1.293328, col error: 0.000000
Starting Iterative Proportional Fitting (IPF)...
IPF converged at iteration 30
IPF row error: 12.148711, col error: 0.000000
Starting Iterative Proportional Fitting (IPF)...
IPF converged at iteration 60
IPF row error: 1.293328, col error: 0.000000
IPF converged at iteration 66
Starting Iterative Proportional Fitting (IPF)...
IPF row error: 1.380086, col error: 0.000000
Starting Iterative Proportional Fitting (IPF)...
IPF converged at iteration 31
IPF row error: 12.051635, col error: 0.000000
IPF converged at iteration 57
IPF row error: 1.303334, col error: 0.000000
Starting Iterative Proportional Fitting (IPF)...
Starting Iterative Proportional Fitting (IPF)...
IPF converged at iteration 36
IPF row error: 4.441799, col error: 0.000000
Starting Iterative Proportional Fitting (IPF)...
IPF converged at iteration 57
IPF row error: 1.303913, col error: 0.000000
Starting Iterative Proportional Fitting (IPF)...
IPF converged at iteration 38
IPF row error: 2.506715, col error: 0.000000
Starting Iterative Proportional Fitting (IPF)...
IPF converged at iteration 52
IPF row error: 1.317648, col error: 0.000000
Starting Iterative Proportional Fitting (IPF)...
IPF converged at iteration 30
IPF row error: 10.674964, col error: 0.000000
Starting Iterative Proportional Fitting (IPF)...
IPF converged at iteration 57
IPF row error: 1.303913, col error: 0.000000
Starting Iterative Proportional Fitting (IPF)...
IPF converged at iteration 31
IPF row error: 11.740765, col error: 0.000000
Starting Iterative Proportional Fitting (IPF)...
IPF converged at iteration 57
IPF row error: 1.303913, col error: 0.000000
Starting Iterative Proportional Fitting (IPF)...
IPF converged at iteration 27
IPF row error: 24.300184, col error: 0.000000
  [2019/val] 진행 390/750 (52.0%) | 누적 CPC 0.3371 | RMSE 207.4692 | %RMSE 14.7380 | 경과 5.4분 | 예상 남음 5.0분
Starting Iterative Proportional Fitting (IPF)...
IPF converged at iteration 29
IPF row error: 8.869223, col error: 0.000000
Starting Iterative Proportional Fitting (IPF)...
IPF converged at iteration 30
IPF row error: 14.697979, col error: 0.000000
Starting Iterative Proportional Fitting (IPF)...
IPF converged at iteration 57
IPF row error: 1.294666, col error: 0.000000
Starting Iterative Proportional Fitting (IPF)...
IPF converged at iteration 34
IPF row error: 6.027725, col error: 0.000000
Starting Iterative Proportional Fitting (IPF)...
IPF converged at iteration 66
IPF row error: 1.380086, col error: 0.000000
Starting Iterative Proportional Fitting (IPF)...
IPF converged at iteration 57
IPF row error: 1.294666, col error: 0.000000
Starting Iterative Proportional Fitting (IPF)...
IPF converged at iteration 57
IPF row error: 1.292986, col error: 0.000000
Starting Iterative Proportional Fitting (IPF)...
IPF converged at iteration 29
IPF row error: 17.447109, col error: 0.000000
Starting Iterative Proportional Fitting (IPF)...
IPF converged at iteration 31
IPF row error: 11.900373, col error: 0.000000
Starting Iterative Proportional Fitting (IPF)...
IPF converged at iteration 63
IPF row error: 1.289347, col error: 0.000000
Starting Iterative Proportional Fitting (IPF)...
IPF converged at iteration 29
IPF row error: 14.156030, col error: 0.000000
Starting Iterative Proportional Fitting (IPF)...
IPF converged at iteration 57
IPF row error: 1.271821, col error: 0.000000
Starting Iterative Proportional Fitting (IPF)...
IPF converged at iteration 69
IPF row error: 1.396542, col error: 0.000000
Starting Iterative Proportional Fitting (IPF)...
IPF converged at iteration 56
IPF row error: 1.407000, col error: 0.000000
Starting Iterative Proportional Fitting (IPF)...
IPF converged at iteration 57
IPF row error: 1.301636, col error: 0.000000
IPF converged at iteration 41
IPF row error: 1.727852, col error: 0.000000
Starting Iterative Proportional Fitting (IPF)...
Starting Iterative Proportional Fitting (IPF)...
IPF converged at iteration 58
IPF row error: 1.461439, col error: 0.000000
Starting Iterative Proportional Fitting (IPF)...
IPF converged at iteration 58
IPF row error: 1.351209, col error: 0.000000
Starting Iterative Proportional Fitting (IPF)...
IPF converged at iteration 58
IPF row error: 1.273551, col error: 0.000000
IPF converged at iteration 58
IPF row error: 1.352770, col error: 0.000000
Starting Iterative Proportional Fitting (IPF)...
Starting Iterative Proportional Fitting (IPF)...
IPF converged at iteration 30
IPF row error: 13.608446, col error: 0.000000
Starting Iterative Proportional Fitting (IPF)...
IPF converged at iteration 30
IPF row error: 10.813068, col error: 0.000000
Starting Iterative Proportional Fitting (IPF)...
IPF converged at iteration 30
IPF row error: 16.855000, col error: 0.000000
IPF converged at iteration 35
IPF row error: 6.120001, col error: 0.000000
Starting Iterative Proportional Fitting (IPF)...
Starting Iterative Proportional Fitting (IPF)...
IPF converged at iteration 30
IPF row error: 16.608290, col error: 0.000000
Starting Iterative Proportional Fitting (IPF)...
IPF converged at iteration 31
IPF row error: 12.522458, col error: 0.000000
Starting Iterative Proportional Fitting (IPF)...
IPF converged at iteration 58
IPF row error: 1.335221, col error: 0.000000
Starting Iterative Proportional Fitting (IPF)...
IPF converged at iteration 42
IPF row error: 1.377448, col error: 0.000000
Starting Iterative Proportional Fitting (IPF)...
IPF converged at iteration 70
IPF row error: 1.441600, col error: 0.000000
Starting Iterative Proportional Fitting (IPF)...
IPF converged at iteration 31
IPF row error: 13.504965, col error: 0.000000
  [2019/val] 진행 420/750 (56.0%) | 누적 CPC 0.3261 | RMSE 210.1288 | %RMSE 15.0687 | 경과 6.0분 | 예상 남음 4.7분
Starting Iterative Proportional Fitting (IPF)...
IPF converged at iteration 64
IPF row error: 1.385070, col error: 0.000000
Starting Iterative Proportional Fitting (IPF)...
IPF converged at iteration 42
IPF row error: 1.565944, col error: 0.000000
IPF converged at iteration 28
IPF row error: 16.780764, col error: 0.000000
Starting Iterative Proportional Fitting (IPF)...
Starting Iterative Proportional Fitting (IPF)...
IPF converged at iteration 36
IPF row error: 4.396605, col error: 0.000000
Starting Iterative Proportional Fitting (IPF)...
IPF converged at iteration 27
IPF row error: 20.573042, col error: 0.000000
IPF converged at iteration 29
IPF row error: 12.915425, col error: 0.000000
Starting Iterative Proportional Fitting (IPF)...
Starting Iterative Proportional Fitting (IPF)...
IPF converged at iteration 57
IPF row error: 1.378809, col error: 0.000000
Starting Iterative Proportional Fitting (IPF)...
IPF converged at iteration 29
IPF row error: 16.323652, col error: 0.000000
Starting Iterative Proportional Fitting (IPF)...
IPF converged at iteration 62
IPF row error: 1.284846, col error: 0.000000
IPF converged at iteration 28
IPF row error: 17.263589, col error: 0.000000
Starting Iterative Proportional Fitting (IPF)...
Starting Iterative Proportional Fitting (IPF)...
IPF converged at iteration 62
IPF row error: 1.365962, col error: 0.000000
Starting Iterative Proportional Fitting (IPF)...
IPF converged at iteration 29
IPF row error: 9.305262, col error: 0.000000
Starting Iterative Proportional Fitting (IPF)...
IPF converged at iteration 64
IPF row error: 1.372457, col error: 0.000000
Starting Iterative Proportional Fitting (IPF)...
IPF converged at iteration 63
IPF row error: 1.293403, col error: 0.000000
IPF converged at iteration 29
IPF row error: 14.306248, col error: 0.000000
IPF converged at iteration 56
Starting Iterative Proportional Fitting (IPF)...
IPF row error: 1.401653, col error: 0.000000
Starting Iterative Proportional Fitting (IPF)...
Starting Iterative Proportional Fitting (IPF)...
IPF converged at iteration 31
IPF row error: 14.337230, col error: 0.000000
Starting Iterative Proportional Fitting (IPF)...
IPF converged at iteration 30
IPF row error: 15.872365, col error: 0.000000
Starting Iterative Proportional Fitting (IPF)...
IPF converged at iteration 31
IPF row error: 11.744375, col error: 0.000000
Starting Iterative Proportional Fitting (IPF)...
IPF converged at iteration 58
IPF row error: 1.346530, col error: 0.000000
IPF converged at iteration 62
IPF row error: 1.365962, col error: 0.000000
Starting Iterative Proportional Fitting (IPF)...
Starting Iterative Proportional Fitting (IPF)...
IPF converged at iteration 57
IPF row error: 1.383020, col error: 0.000000
IPF converged at iteration 43
IPF row error: 1.345588, col error: 0.000000
Starting Iterative Proportional Fitting (IPF)...
Starting Iterative Proportional Fitting (IPF)...
IPF converged at iteration 50
IPF row error: 1.340465, col error: 0.000000
Starting Iterative Proportional Fitting (IPF)...
IPF converged at iteration 62
IPF row error: 1.378679, col error: 0.000000
Starting Iterative Proportional Fitting (IPF)...
IPF converged at iteration 35
IPF row error: 7.258954, col error: 0.000000
Starting Iterative Proportional Fitting (IPF)...
IPF converged at iteration 61
IPF row error: 1.373954, col error: 0.000000
Starting Iterative Proportional Fitting (IPF)...
IPF converged at iteration 29
IPF row error: 11.921672, col error: 0.000000
Starting Iterative Proportional Fitting (IPF)...
IPF converged at iteration 50
IPF row error: 1.376470, col error: 0.000000
Starting Iterative Proportional Fitting (IPF)...
IPF converged at iteration 58
IPF row error: 1.355276, col error: 0.000000
  [2019/val] 진행 450/750 (60.0%) | 누적 CPC 0.3180 | RMSE 212.5524 | %RMSE 15.3864 | 경과 6.6분 | 예상 남음 4.4분
Starting Iterative Proportional Fitting (IPF)...
IPF row error: 140472.487331, col error: 0.000000
Starting Iterative Proportional Fitting (IPF)...
IPF row error: 140472.487331, col error: 0.000000
Starting Iterative Proportional Fitting (IPF)...
IPF row error: 142417.000392, col error: 0.000000
Starting Iterative Proportional Fitting (IPF)...
IPF row error: 140472.487331, col error: 0.000000
Starting Iterative Proportional Fitting (IPF)...
IPF row error: 233182.908893, col error: 0.000000
Starting Iterative Proportional Fitting (IPF)...
IPF row error: 153274.412895, col error: 0.000000
Starting Iterative Proportional Fitting (IPF)...
IPF row error: 231823.965565, col error: 0.000000
Starting Iterative Proportional Fitting (IPF)...
IPF row error: 201548.429293, col error: 0.000000
Starting Iterative Proportional Fitting (IPF)...
IPF row error: 140472.487331, col error: 0.000000
Starting Iterative Proportional Fitting (IPF)...
IPF row error: 237764.974008, col error: 0.000000
Starting Iterative Proportional Fitting (IPF)...
IPF row error: 233182.908893, col error: 0.000000
Starting Iterative Proportional Fitting (IPF)...
IPF row error: 227736.345786, col error: 0.000000
Starting Iterative Proportional Fitting (IPF)...
IPF row error: 140472.487331, col error: 0.000000
Starting Iterative Proportional Fitting (IPF)...
IPF row error: 140472.487331, col error: 0.000000
Starting Iterative Proportional Fitting (IPF)...
IPF row error: 237789.040015, col error: 0.000000
Starting Iterative Proportional Fitting (IPF)...
IPF row error: 140472.487331, col error: 0.000000
Starting Iterative Proportional Fitting (IPF)...
IPF row error: 140472.487331, col error: 0.000000
Starting Iterative Proportional Fitting (IPF)...
IPF row error: 234409.615000, col error: 0.000000
Starting Iterative Proportional Fitting (IPF)...
IPF row error: 141848.445922, col error: 0.000000
Starting Iterative Proportional Fitting (IPF)...
IPF row error: 237185.766804, col error: 0.000000
Starting Iterative Proportional Fitting (IPF)...
IPF row error: 139848.962098, col error: 0.000000
Starting Iterative Proportional Fitting (IPF)...
IPF row error: 140472.487331, col error: 0.000000
Starting Iterative Proportional Fitting (IPF)...
IPF row error: 237793.035948, col error: 0.000000
Starting Iterative Proportional Fitting (IPF)...
IPF row error: 234410.157783, col error: 0.000000
Starting Iterative Proportional Fitting (IPF)...
IPF row error: 242589.735882, col error: 0.000000
Starting Iterative Proportional Fitting (IPF)...
IPF row error: 234409.615000, col error: 0.000000
Starting Iterative Proportional Fitting (IPF)...
IPF row error: 232387.456925, col error: 0.000000
Starting Iterative Proportional Fitting (IPF)...
IPF row error: 140470.214168, col error: 0.000000
Starting Iterative Proportional Fitting (IPF)...
IPF row error: 140472.487331, col error: 0.000000
Starting Iterative Proportional Fitting (IPF)...
IPF row error: 140472.487331, col error: 0.000000
  [2019/val] 진행 480/750 (64.0%) | 누적 CPC 0.2982 | RMSE 149293.5460 | %RMSE 4527.4201 | 경과 7.9분 | 예상 남음 4.4분
Starting Iterative Proportional Fitting (IPF)...
IPF row error: 230093.991531, col error: 0.000000
Starting Iterative Proportional Fitting (IPF)...
IPF row error: 140472.487331, col error: 0.000000
Starting Iterative Proportional Fitting (IPF)...
IPF row error: 235551.495925, col error: 0.000000
Starting Iterative Proportional Fitting (IPF)...
IPF row error: 233182.908893, col error: 0.000000
Starting Iterative Proportional Fitting (IPF)...
IPF row error: 233182.908892, col error: 0.000000
Starting Iterative Proportional Fitting (IPF)...
IPF row error: 142923.639849, col error: 0.000000
Starting Iterative Proportional Fitting (IPF)...
IPF row error: 141216.237741, col error: 0.000000
Starting Iterative Proportional Fitting (IPF)...
IPF row error: 140180.202076, col error: 0.000000
Starting Iterative Proportional Fitting (IPF)...
IPF row error: 233182.908893, col error: 0.000000
Starting Iterative Proportional Fitting (IPF)...
IPF row error: 233270.194211, col error: 0.000000
Starting Iterative Proportional Fitting (IPF)...
IPF row error: 233182.908893, col error: 0.000000
Starting Iterative Proportional Fitting (IPF)...
IPF row error: 233182.908893, col error: 0.000000
Starting Iterative Proportional Fitting (IPF)...
IPF row error: 99826.622482, col error: 0.000000
Starting Iterative Proportional Fitting (IPF)...
IPF row error: 233182.908893, col error: 0.000000
Starting Iterative Proportional Fitting (IPF)...
IPF row error: 234409.615000, col error: 0.000000
Starting Iterative Proportional Fitting (IPF)...
IPF row error: 232741.118152, col error: 0.000000
Starting Iterative Proportional Fitting (IPF)...
IPF row error: 233182.908893, col error: 0.000000
Starting Iterative Proportional Fitting (IPF)...
IPF row error: 239091.894792, col error: 0.000000
Starting Iterative Proportional Fitting (IPF)...
IPF converged at iteration 37
IPF row error: 3.216660, col error: 0.000000
Starting Iterative Proportional Fitting (IPF)...
IPF converged at iteration 28
IPF row error: 14.947761, col error: 0.000000
Starting Iterative Proportional Fitting (IPF)...
IPF converged at iteration 31
IPF row error: 13.726100, col error: 0.000000
IPF row error: 241226.141742, col error: 0.000000
Starting Iterative Proportional Fitting (IPF)...
Starting Iterative Proportional Fitting (IPF)...
IPF row error: 139267.916500, col error: 0.000000
Starting Iterative Proportional Fitting (IPF)...
IPF converged at iteration 65
IPF row error: 1.367790, col error: 0.000000
Starting Iterative Proportional Fitting (IPF)...
IPF converged at iteration 28
IPF row error: 13.119833, col error: 0.000000
IPF converged at iteration 31
Starting Iterative Proportional Fitting (IPF)...
IPF row error: 13.726100, col error: 0.000000
Starting Iterative Proportional Fitting (IPF)...
IPF converged at iteration 31
IPF row error: 13.726100, col error: 0.000000
Starting Iterative Proportional Fitting (IPF)...
IPF converged at iteration 30
IPF row error: 12.757864, col error: 0.000000
Starting Iterative Proportional Fitting (IPF)...
IPF converged at iteration 27
IPF row error: 23.567229, col error: 0.000000
Starting Iterative Proportional Fitting (IPF)...
IPF converged at iteration 34
IPF row error: 6.957295, col error: 0.000000
  [2019/val] 진행 510/750 (68.0%) | 누적 CPC 0.2870 | RMSE 230029.6441 | %RMSE 7142.3210 | 경과 8.5분 | 예상 남음 4.0분
Starting Iterative Proportional Fitting (IPF)...
IPF converged at iteration 31
IPF row error: 13.726100, col error: 0.000000
Starting Iterative Proportional Fitting (IPF)...
IPF converged at iteration 30
IPF row error: 14.949503, col error: 0.000000
Starting Iterative Proportional Fitting (IPF)...
IPF converged at iteration 30
IPF row error: 13.440660, col error: 0.000000
Starting Iterative Proportional Fitting (IPF)...
IPF converged at iteration 31
IPF row error: 10.681350, col error: 0.000000
Starting Iterative Proportional Fitting (IPF)...
IPF converged at iteration 31
IPF row error: 13.726100, col error: 0.000000
Starting Iterative Proportional Fitting (IPF)...
IPF converged at iteration 31
IPF row error: 13.726100, col error: 0.000000
Starting Iterative Proportional Fitting (IPF)...
IPF converged at iteration 30
IPF row error: 14.878306, col error: 0.000000
Starting Iterative Proportional Fitting (IPF)...
IPF converged at iteration 30
IPF row error: 15.043948, col error: 0.000000
Starting Iterative Proportional Fitting (IPF)...
IPF converged at iteration 31
IPF row error: 13.726100, col error: 0.000000
Starting Iterative Proportional Fitting (IPF)...
IPF converged at iteration 31
IPF row error: 13.726100, col error: 0.000000
Starting Iterative Proportional Fitting (IPF)...
IPF converged at iteration 31
IPF row error: 13.726100, col error: 0.000000
Starting Iterative Proportional Fitting (IPF)...
IPF converged at iteration 30
IPF row error: 8.670229, col error: 0.000000
Starting Iterative Proportional Fitting (IPF)...
IPF converged at iteration 31
IPF row error: 13.726100, col error: 0.000000
Starting Iterative Proportional Fitting (IPF)...
IPF converged at iteration 31
IPF row error: 13.726100, col error: 0.000000
Starting Iterative Proportional Fitting (IPF)...
IPF converged at iteration 30
IPF row error: 12.680004, col error: 0.000000
Starting Iterative Proportional Fitting (IPF)...
IPF converged at iteration 31
IPF row error: 13.726100, col error: 0.000000
Starting Iterative Proportional Fitting (IPF)...
IPF converged at iteration 31
IPF row error: 13.726100, col error: 0.000000
Starting Iterative Proportional Fitting (IPF)...
IPF converged at iteration 36
IPF row error: 3.868762, col error: 0.000000
Starting Iterative Proportional Fitting (IPF)...
IPF converged at iteration 68
IPF row error: 1.403145, col error: 0.000000
Starting Iterative Proportional Fitting (IPF)...
IPF converged at iteration 31
IPF row error: 13.726100, col error: 0.000000
Starting Iterative Proportional Fitting (IPF)...
IPF converged at iteration 35
IPF row error: 6.180961, col error: 0.000000
Starting Iterative Proportional Fitting (IPF)...
IPF converged at iteration 31
IPF row error: 13.726100, col error: 0.000000
Starting Iterative Proportional Fitting (IPF)...
IPF converged at iteration 30
IPF row error: 15.512679, col error: 0.000000
Starting Iterative Proportional Fitting (IPF)...
IPF converged at iteration 31
IPF row error: 13.726100, col error: 0.000000
Starting Iterative Proportional Fitting (IPF)...
IPF converged at iteration 29
IPF row error: 11.877935, col error: 0.000000
Starting Iterative Proportional Fitting (IPF)...
IPF converged at iteration 31
IPF row error: 13.726100, col error: 0.000000
Starting Iterative Proportional Fitting (IPF)...
IPF converged at iteration 29
IPF row error: 17.346172, col error: 0.000000
Starting Iterative Proportional Fitting (IPF)...
IPF converged at iteration 37
IPF row error: 3.247745, col error: 0.000000
IPF converged at iteration 31
IPF converged at iteration 60
IPF row error: 13.726100, col error: 0.000000
IPF row error: 4.908900, col error: 0.000000
  [2019/val] 진행 540/750 (72.0%) | 누적 CPC 0.2891 | RMSE 217259.9631 | %RMSE 6746.5612 | 경과 8.8분 | 예상 남음 3.4분
Starting Iterative Proportional Fitting (IPF)...
Starting Iterative Proportional Fitting (IPF)...
Starting Iterative Proportional Fitting (IPF)...
IPF converged at iteration 35
IPF row error: 5.938526, col error: 0.000000
Starting Iterative Proportional Fitting (IPF)...
IPF converged at iteration 30
IPF converged at iteration 31
IPF row error: 15.954529, col error: 0.000000
IPF row error: 13.726100, col error: 0.000000
Starting Iterative Proportional Fitting (IPF)...
Starting Iterative Proportional Fitting (IPF)...
IPF converged at iteration 44
IPF row error: 1.263863, col error: 0.000000
IPF converged at iteration 31
Starting Iterative Proportional Fitting (IPF)...
IPF row error: 13.726100, col error: 0.000000
Starting Iterative Proportional Fitting (IPF)...
IPF converged at iteration 27
IPF row error: 18.806524, col error: 0.000000
IPF converged at iteration 31
Starting Iterative Proportional Fitting (IPF)...
IPF row error: 13.726100, col error: 0.000000
Starting Iterative Proportional Fitting (IPF)...
IPF converged at iteration 30
IPF row error: 13.940850, col error: 0.000000
Starting Iterative Proportional Fitting (IPF)...
IPF converged at iteration 31
IPF row error: 13.726100, col error: 0.000000
Starting Iterative Proportional Fitting (IPF)...
IPF converged at iteration 31
IPF row error: 13.726100, col error: 0.000000
Starting Iterative Proportional Fitting (IPF)...
IPF row error: 144306.519549, col error: 0.000001
Starting Iterative Proportional Fitting (IPF)...
IPF row error: 145937.977733, col error: 0.000001
Starting Iterative Proportional Fitting (IPF)...
IPF row error: 146669.280954, col error: 0.000001
Starting Iterative Proportional Fitting (IPF)...
IPF row error: 238393.690438, col error: 0.000000
Starting Iterative Proportional Fitting (IPF)...
IPF row error: 146691.622656, col error: 0.000001
Starting Iterative Proportional Fitting (IPF)...
IPF row error: 238520.827729, col error: 0.000000
Starting Iterative Proportional Fitting (IPF)...
IPF row error: 245275.973290, col error: 0.000000
Starting Iterative Proportional Fitting (IPF)...
IPF row error: 238520.827729, col error: 0.000000
Starting Iterative Proportional Fitting (IPF)...
IPF row error: 143292.430117, col error: 0.000001
Starting Iterative Proportional Fitting (IPF)...
IPF row error: 144474.804596, col error: 0.000001
Starting Iterative Proportional Fitting (IPF)...
IPF row error: 144132.697923, col error: 0.000001
Starting Iterative Proportional Fitting (IPF)...
IPF row error: 138952.876716, col error: 0.000000
Starting Iterative Proportional Fitting (IPF)...
IPF row error: 144612.472518, col error: 0.000000
Starting Iterative Proportional Fitting (IPF)...
IPF row error: 233526.733759, col error: 0.000000
Starting Iterative Proportional Fitting (IPF)...
IPF row error: 143946.331163, col error: 0.000000
Starting Iterative Proportional Fitting (IPF)...
IPF row error: 144306.519549, col error: 0.000000
Starting Iterative Proportional Fitting (IPF)...
IPF row error: 238520.827730, col error: 0.000000
Starting Iterative Proportional Fitting (IPF)...
IPF row error: 143914.502043, col error: 0.000001
Starting Iterative Proportional Fitting (IPF)...
IPF row error: 144306.519548, col error: 0.000000
Starting Iterative Proportional Fitting (IPF)...
IPF row error: 144306.519549, col error: 0.000000
  [2019/val] 진행 570/750 (76.0%) | 누적 CPC 0.2796 | RMSE 292957.6906 | %RMSE 11482.8365 | 경과 9.5분 | 예상 남음 3.0분
Starting Iterative Proportional Fitting (IPF)...
IPF row error: 147923.792827, col error: 0.000001
Starting Iterative Proportional Fitting (IPF)...
IPF row error: 231884.884631, col error: 0.000001
Starting Iterative Proportional Fitting (IPF)...
IPF row error: 146746.302487, col error: 0.000000
Starting Iterative Proportional Fitting (IPF)...
IPF row error: 238824.544077, col error: 0.000000
Starting Iterative Proportional Fitting (IPF)...
IPF row error: 241516.062062, col error: 0.000000
Starting Iterative Proportional Fitting (IPF)...
IPF row error: 143946.331164, col error: 0.000000
Starting Iterative Proportional Fitting (IPF)...
IPF row error: 144288.453530, col error: 0.000001
Starting Iterative Proportional Fitting (IPF)...
IPF row error: 238824.544077, col error: 0.000000
Starting Iterative Proportional Fitting (IPF)...
IPF row error: 238789.065001, col error: 0.000000
Starting Iterative Proportional Fitting (IPF)...
IPF row error: 238824.544077, col error: 0.000000
Starting Iterative Proportional Fitting (IPF)...
IPF row error: 238907.186335, col error: 0.000000
Starting Iterative Proportional Fitting (IPF)...
IPF row error: 233475.118628, col error: 0.000001
Starting Iterative Proportional Fitting (IPF)...
IPF row error: 238520.827729, col error: 0.000000
Starting Iterative Proportional Fitting (IPF)...
IPF row error: 144306.519549, col error: 0.000000
Starting Iterative Proportional Fitting (IPF)...
IPF row error: 238929.341477, col error: 0.000001
Starting Iterative Proportional Fitting (IPF)...
IPF row error: 238001.181096, col error: 0.000000
Starting Iterative Proportional Fitting (IPF)...
IPF row error: 238520.827730, col error: 0.000000
Starting Iterative Proportional Fitting (IPF)...
IPF row error: 227475.459942, col error: 0.000000
Starting Iterative Proportional Fitting (IPF)...
IPF row error: 242487.155016, col error: 0.000000
Starting Iterative Proportional Fitting (IPF)...
IPF row error: 147940.481410, col error: 0.000000
Starting Iterative Proportional Fitting (IPF)...
IPF row error: 139273.070186, col error: 0.000001
Starting Iterative Proportional Fitting (IPF)...
IPF row error: 144026.245205, col error: 0.000001
Starting Iterative Proportional Fitting (IPF)...
IPF row error: 137048.128526, col error: 0.000000
Starting Iterative Proportional Fitting (IPF)...
IPF row error: 147223.374807, col error: 0.000001
Starting Iterative Proportional Fitting (IPF)...
IPF row error: 131934.756340, col error: 0.000002
Starting Iterative Proportional Fitting (IPF)...
IPF row error: 238520.827729, col error: 0.000000
Starting Iterative Proportional Fitting (IPF)...
IPF row error: 144288.453530, col error: 0.000000
Starting Iterative Proportional Fitting (IPF)...
IPF row error: 144132.697923, col error: 0.000001
Starting Iterative Proportional Fitting (IPF)...
IPF converged at iteration 59
IPF row error: 1.325362, col error: 0.000000
Starting Iterative Proportional Fitting (IPF)...
IPF row error: 238203.586199, col error: 0.000001
  [2019/val] 진행 600/750 (80.0%) | 누적 CPC 0.2661 | RMSE 391628.7746 | %RMSE 17902.1721 | 경과 10.4분 | 예상 남음 2.6분
Starting Iterative Proportional Fitting (IPF)...
IPF row error: 238789.065001, col error: 0.000000
Starting Iterative Proportional Fitting (IPF)...
IPF row error: 233667.135584, col error: 0.000000
Starting Iterative Proportional Fitting (IPF)...
IPF converged at iteration 32
IPF row error: 12.753181, col error: 0.000000
Starting Iterative Proportional Fitting (IPF)...
IPF converged at iteration 60
IPF row error: 1.304334, col error: 0.000000
Starting Iterative Proportional Fitting (IPF)...
IPF row error: 233393.110465, col error: 0.000000
Starting Iterative Proportional Fitting (IPF)...
IPF converged at iteration 60
IPF row error: 1.336808, col error: 0.000000
Starting Iterative Proportional Fitting (IPF)...
IPF row error: 233667.647187, col error: 0.000000
IPF converged at iteration 30
IPF row error: 9.909594, col error: 0.000000
Starting Iterative Proportional Fitting (IPF)...
Starting Iterative Proportional Fitting (IPF)...
IPF converged at iteration 60
IPF row error: 1.346484, col error: 0.000000
Starting Iterative Proportional Fitting (IPF)...
IPF row error: 133401.869046, col error: 0.000000
Starting Iterative Proportional Fitting (IPF)...
IPF row error: 234788.299858, col error: 0.000000
Starting Iterative Proportional Fitting (IPF)...
IPF row error: 231604.292007, col error: 0.000000
Starting Iterative Proportional Fitting (IPF)...
IPF converged at iteration 59
IPF row error: 1.339436, col error: 0.000000
Starting Iterative Proportional Fitting (IPF)...
IPF converged at iteration 30
IPF row error: 13.902657, col error: 0.000000
Starting Iterative Proportional Fitting (IPF)...
IPF converged at iteration 50
IPF row error: 1.398043, col error: 0.000000
Starting Iterative Proportional Fitting (IPF)...
IPF converged at iteration 24
IPF row error: 49.795849, col error: 0.000000
Starting Iterative Proportional Fitting (IPF)...
IPF row error: 223737.527684, col error: 0.000000
Starting Iterative Proportional Fitting (IPF)...
IPF converged at iteration 67
IPF row error: 1.371930, col error: 0.000000
Starting Iterative Proportional Fitting (IPF)...
IPF converged at iteration 28
IPF row error: 10.696269, col error: 0.000000
Starting Iterative Proportional Fitting (IPF)...
IPF row error: 233045.883959, col error: 0.000000
Starting Iterative Proportional Fitting (IPF)...
IPF converged at iteration 29
IPF row error: 30.331946, col error: 0.000000
IPF row error: 233667.135584, col error: 0.000000
Starting Iterative Proportional Fitting (IPF)...
Starting Iterative Proportional Fitting (IPF)...
IPF converged at iteration 29
IPF row error: 11.091371, col error: 0.000000
Starting Iterative Proportional Fitting (IPF)...
IPF converged at iteration 60
IPF row error: 1.305537, col error: 0.000000
IPF row error: 233688.646443, col error: 0.000000
Starting Iterative Proportional Fitting (IPF)...
Starting Iterative Proportional Fitting (IPF)...
IPF converged at iteration 60
IPF row error: 1.312848, col error: 0.000000
Starting Iterative Proportional Fitting (IPF)...
IPF converged at iteration 60
IPF row error: 1.347472, col error: 0.000000
Starting Iterative Proportional Fitting (IPF)...
IPF converged at iteration 51
IPF row error: 1.318647, col error: 0.000000
Starting Iterative Proportional Fitting (IPF)...
IPF converged at iteration 67
IPF row error: 1.371288, col error: 0.000000
Starting Iterative Proportional Fitting (IPF)...
IPF converged at iteration 59
IPF row error: 1.322653, col error: 0.000000
  [2019/val] 진행 630/750 (84.0%) | 누적 CPC 0.2613 | RMSE 409376.5410 | %RMSE 18339.2097 | 경과 10.9분 | 예상 남음 2.1분
IPF row error: 243077.483096, col error: 0.000000
Starting Iterative Proportional Fitting (IPF)...
Starting Iterative Proportional Fitting (IPF)...
IPF converged at iteration 29
IPF row error: 10.921699, col error: 0.000000
Starting Iterative Proportional Fitting (IPF)...
IPF row error: 233182.908893, col error: 0.000000
Starting Iterative Proportional Fitting (IPF)...
IPF row error: 143395.730514, col error: 0.000000
Starting Iterative Proportional Fitting (IPF)...
IPF converged at iteration 54
IPF row error: 1.430951, col error: 0.000000
Starting Iterative Proportional Fitting (IPF)...
IPF row error: 232768.592247, col error: 0.000000
Starting Iterative Proportional Fitting (IPF)...
IPF converged at iteration 65
IPF row error: 1.380870, col error: 0.000000
Starting Iterative Proportional Fitting (IPF)...
IPF row error: 231709.502455, col error: 0.000000
Starting Iterative Proportional Fitting (IPF)...
IPF row error: 233955.332559, col error: 0.000000
Starting Iterative Proportional Fitting (IPF)...
IPF row error: 218066.347408, col error: 0.000000
Starting Iterative Proportional Fitting (IPF)...
IPF row error: 232191.054230, col error: 0.000000
Starting Iterative Proportional Fitting (IPF)...
IPF converged at iteration 49
IPF row error: 1.423644, col error: 0.000000
Starting Iterative Proportional Fitting (IPF)...
IPF row error: 231771.956460, col error: 0.000000
Starting Iterative Proportional Fitting (IPF)...
IPF converged at iteration 51
IPF row error: 5.354840, col error: 0.000000
Starting Iterative Proportional Fitting (IPF)...
IPF row error: 229663.927040, col error: 0.000000
Starting Iterative Proportional Fitting (IPF)...
IPF converged at iteration 29
IPF row error: 11.391165, col error: 0.000000
Starting Iterative Proportional Fitting (IPF)...
IPF row error: 229447.489427, col error: 0.000000
Starting Iterative Proportional Fitting (IPF)...
IPF converged at iteration 27
IPF row error: 16.962023, col error: 0.000000
Starting Iterative Proportional Fitting (IPF)...
IPF converged at iteration 31
IPF row error: 11.803194, col error: 0.000000
Starting Iterative Proportional Fitting (IPF)...
IPF converged at iteration 67
IPF row error: 1.371288, col error: 0.000000
Starting Iterative Proportional Fitting (IPF)...
IPF converged at iteration 31
IPF row error: 12.388350, col error: 0.000000
Starting Iterative Proportional Fitting (IPF)...
IPF converged at iteration 29
IPF row error: 8.305331, col error: 0.000000
Starting Iterative Proportional Fitting (IPF)...
IPF converged at iteration 32
IPF row error: 11.227435, col error: 0.000000
Starting Iterative Proportional Fitting (IPF)...
IPF row error: 232592.298677, col error: 0.000000
IPF converged at iteration 31
IPF row error: 14.302605, col error: 0.000000
Starting Iterative Proportional Fitting (IPF)...
Starting Iterative Proportional Fitting (IPF)...
IPF converged at iteration 32
IPF row error: 12.550664, col error: 0.000000
Starting Iterative Proportional Fitting (IPF)...
IPF converged at iteration 27
IPF row error: 19.140598, col error: 0.000000
Starting Iterative Proportional Fitting (IPF)...
IPF converged at iteration 60
IPF row error: 1.292057, col error: 0.000000
Starting Iterative Proportional Fitting (IPF)...
IPF converged at iteration 60
IPF row error: 1.281472, col error: 0.000000
Starting Iterative Proportional Fitting (IPF)...
IPF converged at iteration 63
IPF row error: 1.289347, col error: 0.000000
  [2019/val] 진행 660/750 (88.0%) | 누적 CPC 0.2550 | RMSE 429415.7218 | %RMSE 18700.3166 | 경과 11.5분 | 예상 남음 1.6분
Starting Iterative Proportional Fitting (IPF)...
IPF converged at iteration 31
IPF row error: 11.372216, col error: 0.000000
Starting Iterative Proportional Fitting (IPF)...
IPF converged at iteration 30
IPF row error: 11.772075, col error: 0.000000
Starting Iterative Proportional Fitting (IPF)...
IPF converged at iteration 33
IPF row error: 9.236255, col error: 0.000000
Starting Iterative Proportional Fitting (IPF)...
IPF converged at iteration 28
IPF row error: 14.497489, col error: 0.000000
Starting Iterative Proportional Fitting (IPF)...
IPF converged at iteration 30
IPF row error: 13.706458, col error: 0.000000
IPF converged at iteration 52
IPF row error: 1.306725, col error: 0.000000
Starting Iterative Proportional Fitting (IPF)...
Starting Iterative Proportional Fitting (IPF)...
IPF converged at iteration 38
IPF row error: 2.808017, col error: 0.000000
Starting Iterative Proportional Fitting (IPF)...
IPF converged at iteration 57
IPF row error: 1.292379, col error: 0.000000
Starting Iterative Proportional Fitting (IPF)...
IPF converged at iteration 57
IPF row error: 1.303334, col error: 0.000000
IPF converged at iteration 57
IPF row error: 1.293849, col error: 0.000000
Starting Iterative Proportional Fitting (IPF)...
Starting Iterative Proportional Fitting (IPF)...
IPF converged at iteration 60
IPF row error: 1.281472, col error: 0.000000
Starting Iterative Proportional Fitting (IPF)...
IPF converged at iteration 32
IPF row error: 9.984752, col error: 0.000000
Starting Iterative Proportional Fitting (IPF)...
IPF converged at iteration 29
IPF converged at iteration 32
IPF row error: 11.768305, col error: 0.000000
IPF row error: 12.577544, col error: 0.000000
Starting Iterative Proportional Fitting (IPF)...
Starting Iterative Proportional Fitting (IPF)...
IPF converged at iteration 28
IPF row error: 12.202653, col error: 0.000000
Starting Iterative Proportional Fitting (IPF)...
IPF converged at iteration 52
IPF row error: 1.307052, col error: 0.000000
Starting Iterative Proportional Fitting (IPF)...
IPF converged at iteration 52
IPF row error: 1.318386, col error: 0.000000
Starting Iterative Proportional Fitting (IPF)...
IPF converged at iteration 52
IPF row error: 1.307124, col error: 0.000000
Starting Iterative Proportional Fitting (IPF)...
IPF converged at iteration 30
IPF row error: 12.328228, col error: 0.000000
Starting Iterative Proportional Fitting (IPF)...
IPF converged at iteration 57
IPF row error: 1.290886, col error: 0.000000
Starting Iterative Proportional Fitting (IPF)...
IPF converged at iteration 57
IPF row error: 1.290886, col error: 0.000000
Starting Iterative Proportional Fitting (IPF)...
IPF converged at iteration 57
IPF row error: 1.293373, col error: 0.000000
Starting Iterative Proportional Fitting (IPF)...
IPF converged at iteration 30
IPF row error: 10.463288, col error: 0.000000
Starting Iterative Proportional Fitting (IPF)...
IPF converged at iteration 60
IPF row error: 1.280120, col error: 0.000000
IPF converged at iteration 30
IPF row error: 9.015724, col error: 0.000000
Starting Iterative Proportional Fitting (IPF)...
Starting Iterative Proportional Fitting (IPF)...
IPF converged at iteration 35
IPF row error: 6.344538, col error: 0.000000
Starting Iterative Proportional Fitting (IPF)...
IPF converged at iteration 27
IPF row error: 14.495250, col error: 0.000000
Starting Iterative Proportional Fitting (IPF)...
IPF converged at iteration 52
IPF row error: 1.318145, col error: 0.000000
Starting Iterative Proportional Fitting (IPF)...
IPF converged at iteration 57
IPF row error: 1.294666, col error: 0.000000
Starting Iterative Proportional Fitting (IPF)...
IPF converged at iteration 57
IPF row error: 1.294666, col error: 0.000000
  [2019/val] 진행 690/750 (92.0%) | 누적 CPC 0.2506 | RMSE 410754.7287 | %RMSE 17887.9891 | 경과 11.9분 | 예상 남음 1.0분
IPF converged at iteration 32
IPF row error: 10.349656, col error: 0.000000
Starting Iterative Proportional Fitting (IPF)...
Starting Iterative Proportional Fitting (IPF)...
IPF converged at iteration 57
IPF row error: 1.302820, col error: 0.000000
Starting Iterative Proportional Fitting (IPF)...
IPF converged at iteration 30
IPF row error: 23.112816, col error: 0.000000
Starting Iterative Proportional Fitting (IPF)...
IPF converged at iteration 57
IPF row error: 1.294184, col error: 0.000000
IPF converged at iteration 47
IPF row error: 1.257170, col error: 0.000000
Starting Iterative Proportional Fitting (IPF)...
Starting Iterative Proportional Fitting (IPF)...
IPF converged at iteration 38
IPF row error: 3.400303, col error: 0.000000
Starting Iterative Proportional Fitting (IPF)...
IPF converged at iteration 30
IPF row error: 11.830476, col error: 0.000000
Starting Iterative Proportional Fitting (IPF)...
IPF converged at iteration 60
IPF row error: 1.280159, col error: 0.000000
Starting Iterative Proportional Fitting (IPF)...
IPF converged at iteration 57
IPF row error: 1.287341, col error: 0.000000
Starting Iterative Proportional Fitting (IPF)...
IPF converged at iteration 57
IPF row error: 1.303678, col error: 0.000000
Starting Iterative Proportional Fitting (IPF)...
IPF converged at iteration 28
IPF row error: 14.485077, col error: 0.000000
Starting Iterative Proportional Fitting (IPF)...
IPF converged at iteration 62
IPF row error: 1.356988, col error: 0.000000
Starting Iterative Proportional Fitting (IPF)...
IPF row error: 254930.453128, col error: 0.000000
Starting Iterative Proportional Fitting (IPF)...
IPF row error: 242731.563946, col error: 0.000001
IPF converged at iteration 27
IPF row error: 28.044809, col error: 0.000000
Starting Iterative Proportional Fitting (IPF)...
Starting Iterative Proportional Fitting (IPF)...
IPF row error: 239139.493723, col error: 0.000000
IPF converged at iteration 62
IPF row error: 1.284109, col error: 0.000000
Starting Iterative Proportional Fitting (IPF)...
Starting Iterative Proportional Fitting (IPF)...
IPF converged at iteration 63
IPF row error: 1.392503, col error: 0.000000
Starting Iterative Proportional Fitting (IPF)...
IPF row error: 241675.228358, col error: 0.000000
Starting Iterative Proportional Fitting (IPF)...
IPF converged at iteration 64
IPF row error: 1.399234, col error: 0.000000
Starting Iterative Proportional Fitting (IPF)...
IPF converged at iteration 26
IPF row error: 22.006591, col error: 0.000000
Starting Iterative Proportional Fitting (IPF)...
IPF row error: 244672.170305, col error: 0.000001
Starting Iterative Proportional Fitting (IPF)...
IPF row error: 234068.684253, col error: 0.000000
Starting Iterative Proportional Fitting (IPF)...
IPF row error: 256022.552761, col error: 0.000000
Starting Iterative Proportional Fitting (IPF)...
IPF converged at iteration 62
IPF row error: 1.356988, col error: 0.000000
Starting Iterative Proportional Fitting (IPF)...
IPF converged at iteration 29
IPF row error: 16.861484, col error: 0.000000
Starting Iterative Proportional Fitting (IPF)...
IPF row error: 239209.684745, col error: 0.000000
Starting Iterative Proportional Fitting (IPF)...
IPF converged at iteration 28
IPF row error: 14.412631, col error: 0.000000
IPF row error: 236865.332761, col error: 0.000000
Starting Iterative Proportional Fitting (IPF)...
Starting Iterative Proportional Fitting (IPF)...
IPF row error: 237537.142704, col error: 0.000000
  [2019/val] 진행 720/750 (96.0%) | 누적 CPC 0.2458 | RMSE 421780.7105 | %RMSE 19009.2856 | 경과 12.5분 | 예상 남음 0.5분
Starting Iterative Proportional Fitting (IPF)...
IPF converged at iteration 61
IPF row error: 1.354733, col error: 0.000000
IPF converged at iteration 64
IPF row error: 1.393876, col error: 0.000000
Starting Iterative Proportional Fitting (IPF)...
Starting Iterative Proportional Fitting (IPF)...
IPF converged at iteration 29
IPF row error: 17.273388, col error: 0.000000
Starting Iterative Proportional Fitting (IPF)...
IPF row error: 244496.781249, col error: 0.000000
Starting Iterative Proportional Fitting (IPF)...
IPF converged at iteration 29
IPF row error: 15.766807, col error: 0.000000
Starting Iterative Proportional Fitting (IPF)...
IPF row error: 144691.382323, col error: 0.000000
Starting Iterative Proportional Fitting (IPF)...
IPF converged at iteration 70
IPF row error: 1.460935, col error: 0.000000
Starting Iterative Proportional Fitting (IPF)...
IPF row error: 235917.003682, col error: 0.000000
Starting Iterative Proportional Fitting (IPF)...
IPF row error: 237449.854424, col error: 0.000000
Starting Iterative Proportional Fitting (IPF)...
IPF converged at iteration 31
IPF row error: 13.300381, col error: 0.000000
Starting Iterative Proportional Fitting (IPF)...
IPF converged at iteration 64
IPF row error: 1.386169, col error: 0.000000
Starting Iterative Proportional Fitting (IPF)...
IPF converged at iteration 30
IPF row error: 11.871990, col error: 0.000000
Starting Iterative Proportional Fitting (IPF)...
IPF row error: 209452.957548, col error: 0.000000
Starting Iterative Proportional Fitting (IPF)...
IPF row error: 237169.236119, col error: 0.000000
Starting Iterative Proportional Fitting (IPF)...
IPF converged at iteration 57
IPF row error: 1.363156, col error: 0.000000
Starting Iterative Proportional Fitting (IPF)...
IPF converged at iteration 35
IPF row error: 5.274102, col error: 0.000000
Starting Iterative Proportional Fitting (IPF)...
IPF row error: 237030.722995, col error: 0.000000
Starting Iterative Proportional Fitting (IPF)...
IPF converged at iteration 37
IPF row error: 3.878512, col error: 0.000000
Starting Iterative Proportional Fitting (IPF)...
IPF converged at iteration 69
IPF row error: 1.396542, col error: 0.000000
Starting Iterative Proportional Fitting (IPF)...
IPF converged at iteration 30
IPF row error: 16.894369, col error: 0.000000
Starting Iterative Proportional Fitting (IPF)...
IPF converged at iteration 62
IPF row error: 1.284846, col error: 0.000000
Starting Iterative Proportional Fitting (IPF)...
IPF converged at iteration 70
IPF row error: 1.441600, col error: 0.000000
Starting Iterative Proportional Fitting (IPF)...
IPF row error: 238520.827729, col error: 0.000000
Starting Iterative Proportional Fitting (IPF)...
IPF row error: 248477.448805, col error: 0.000000
Starting Iterative Proportional Fitting (IPF)...
IPF row error: 238824.544077, col error: 0.000000
Starting Iterative Proportional Fitting (IPF)...
IPF row error: 218140.835437, col error: 0.000000
Starting Iterative Proportional Fitting (IPF)...
IPF converged at iteration 62
IPF row error: 1.302019, col error: 0.000000
IPF converged at iteration 44
IPF row error: 1.464743, col error: 0.000000
IPF row error: 130204.514870, col error: 0.000000
IPF row error: 222436.984325, col error: 0.000000
  [2019/val] 진행 750/750 (100.0%) | 누적 CPC 0.2412 | RMSE 442112.5449 | %RMSE 20712.3290 | 경과 13.1분 | 예상 남음 0.0분
  [2019/val] 완료: 750/750

Evaluating 2019 / test ...
  [2019/test] 1750개 샘플 병렬 평가 중 (threads=4)...
Starting Iterative Proportional Fitting (IPF)...
Starting Iterative Proportional Fitting (IPF)...
Starting Iterative Proportional Fitting (IPF)...Starting Iterative Proportional Fitting (IPF)...

IPF converged at iteration 31
IPF converged at iteration 31
IPF converged at iteration 31
IPF converged at iteration 31
IPF row error: 13.864388, col error: 0.000000
IPF row error: 13.864388, col error: 0.000000
IPF row error: 13.864388, col error: 0.000000
IPF row error: 13.864388, col error: 0.000000
Starting Iterative Proportional Fitting (IPF)...
Starting Iterative Proportional Fitting (IPF)...
Starting Iterative Proportional Fitting (IPF)...
Starting Iterative Proportional Fitting (IPF)...
IPF converged at iteration 31
IPF converged at iteration 31
IPF converged at iteration 31
IPF converged at iteration 31
IPF row error: 13.864388, col error: 0.000000
IPF row error: 13.864388, col error: 0.000000
IPF row error: 13.864388, col error: 0.000000
IPF row error: 13.864388, col error: 0.000000
Starting Iterative Proportional Fitting (IPF)...
Starting Iterative Proportional Fitting (IPF)...
Starting Iterative Proportional Fitting (IPF)...
Starting Iterative Proportional Fitting (IPF)...
IPF converged at iteration 31
IPF row error: 13.864388, col error: 0.000000
IPF converged at iteration 31
IPF converged at iteration 31IPF converged at iteration 31IPF row error: 13.864388, col error: 0.000000


IPF row error: 13.864388, col error: 0.000000
IPF row error: 13.864388, col error: 0.000000
Starting Iterative Proportional Fitting (IPF)...
Starting Iterative Proportional Fitting (IPF)...
Starting Iterative Proportional Fitting (IPF)...
Starting Iterative Proportional Fitting (IPF)...
IPF converged at iteration 31
IPF row error: 13.864388, col error: 0.000000
IPF converged at iteration 31
IPF converged at iteration 31
IPF row error: 13.864388, col error: 0.000000
IPF converged at iteration 31
IPF row error: 13.864388, col error: 0.000000
IPF row error: 13.864388, col error: 0.000000
Starting Iterative Proportional Fitting (IPF)...
Starting Iterative Proportional Fitting (IPF)...
Starting Iterative Proportional Fitting (IPF)...
Starting Iterative Proportional Fitting (IPF)...
IPF converged at iteration 31
IPF row error: 13.864388, col error: 0.000000
IPF converged at iteration 31
IPF converged at iteration 31
IPF row error: 13.864388, col error: 0.000000
IPF row error: 13.864388, col error: 0.000000
IPF converged at iteration 31
Starting Iterative Proportional Fitting (IPF)...
IPF row error: 13.864388, col error: 0.000000
Starting Iterative Proportional Fitting (IPF)...
Starting Iterative Proportional Fitting (IPF)...
Starting Iterative Proportional Fitting (IPF)...
IPF converged at iteration 31
IPF row error: 13.864388, col error: 0.000000
IPF converged at iteration 31
IPF converged at iteration 31
IPF row error: 13.864388, col error: 0.000000
IPF row error: 13.864388, col error: 0.000000
IPF converged at iteration 31
Starting Iterative Proportional Fitting (IPF)...
IPF row error: 13.864388, col error: 0.000000
Starting Iterative Proportional Fitting (IPF)...
Starting Iterative Proportional Fitting (IPF)...
Starting Iterative Proportional Fitting (IPF)...
IPF converged at iteration 31
IPF row error: 13.864388, col error: 0.000000
IPF converged at iteration 31
IPF row error: 13.864388, col error: 0.000000
IPF converged at iteration 31
Starting Iterative Proportional Fitting (IPF)...
IPF converged at iteration 31
IPF row error: 13.864388, col error: 0.000000
IPF row error: 13.864388, col error: 0.000000
Starting Iterative Proportional Fitting (IPF)...
Starting Iterative Proportional Fitting (IPF)...
Starting Iterative Proportional Fitting (IPF)...
IPF converged at iteration 31
IPF row error: 13.864388, col error: 0.000000
IPF converged at iteration 31
IPF row error: 13.864388, col error: 0.000000
  [2019/test] 진행 30/1750 (1.7%) | 누적 CPC 0.3255 | RMSE 310.1413 | %RMSE 24.0187 | 경과 0.3분 | 예상 남음 17.5분
IPF converged at iteration 31
Starting Iterative Proportional Fitting (IPF)...
IPF converged at iteration 31
IPF row error: 13.864388, col error: 0.000000
IPF row error: 13.864388, col error: 0.000000
Starting Iterative Proportional Fitting (IPF)...
Starting Iterative Proportional Fitting (IPF)...
Starting Iterative Proportional Fitting (IPF)...
IPF converged at iteration 31
IPF row error: 13.864388, col error: 0.000000
IPF converged at iteration 31
IPF row error: 13.864388, col error: 0.000000
Starting Iterative Proportional Fitting (IPF)...
IPF converged at iteration 31
IPF row error: 13.864388, col error: 0.000000
IPF converged at iteration 31
Starting Iterative Proportional Fitting (IPF)...IPF row error: 13.864388, col error: 0.000000

Starting Iterative Proportional Fitting (IPF)...
Starting Iterative Proportional Fitting (IPF)...
IPF converged at iteration 31
IPF row error: 13.864388, col error: 0.000000
IPF converged at iteration 31
IPF row error: 13.864388, col error: 0.000000
IPF converged at iteration 31
IPF row error: 13.864388, col error: 0.000000
Starting Iterative Proportional Fitting (IPF)...
IPF converged at iteration 31
Starting Iterative Proportional Fitting (IPF)...
IPF row error: 13.864388, col error: 0.000000
Starting Iterative Proportional Fitting (IPF)...
Starting Iterative Proportional Fitting (IPF)...
IPF converged at iteration 31
IPF row error: 13.864388, col error: 0.000000
IPF converged at iteration 31
IPF converged at iteration 31
IPF row error: 13.864388, col error: 0.000000
IPF row error: 13.864388, col error: 0.000000
Starting Iterative Proportional Fitting (IPF)...
Starting Iterative Proportional Fitting (IPF)...
IPF converged at iteration 31
Starting Iterative Proportional Fitting (IPF)...
IPF row error: 13.864388, col error: 0.000000
Starting Iterative Proportional Fitting (IPF)...
IPF converged at iteration 31
IPF row error: 13.864388, col error: 0.000000
IPF converged at iteration 31
IPF converged at iteration 31
IPF row error: 13.864388, col error: 0.000000
IPF row error: 13.864388, col error: 0.000000
Starting Iterative Proportional Fitting (IPF)...
Starting Iterative Proportional Fitting (IPF)...
IPF converged at iteration 31
Starting Iterative Proportional Fitting (IPF)...
IPF row error: 13.864388, col error: 0.000000
Starting Iterative Proportional Fitting (IPF)...
IPF converged at iteration 31
IPF row error: 13.864388, col error: 0.000000
IPF converged at iteration 31
IPF row error: 13.864388, col error: 0.000000
IPF converged at iteration 31
IPF row error: 13.831379, col error: 0.000000
Starting Iterative Proportional Fitting (IPF)...
Starting Iterative Proportional Fitting (IPF)...
Starting Iterative Proportional Fitting (IPF)...
IPF converged at iteration 31
IPF row error: 13.831379, col error: 0.000000
Starting Iterative Proportional Fitting (IPF)...
IPF converged at iteration 31
IPF row error: 13.831379, col error: 0.000000
IPF converged at iteration 31
IPF row error: 13.831379, col error: 0.000000
IPF converged at iteration 31
Starting Iterative Proportional Fitting (IPF)...
IPF row error: 13.831379, col error: 0.000000
Starting Iterative Proportional Fitting (IPF)...
Starting Iterative Proportional Fitting (IPF)...
IPF converged at iteration 31
IPF row error: 13.831379, col error: 0.000000
Starting Iterative Proportional Fitting (IPF)...
IPF converged at iteration 31
IPF row error: 13.831379, col error: 0.000000
IPF converged at iteration 31
IPF converged at iteration 31
IPF row error: 13.831379, col error: 0.000000
IPF row error: 13.831379, col error: 0.000000
Starting Iterative Proportional Fitting (IPF)...
Starting Iterative Proportional Fitting (IPF)...
Starting Iterative Proportional Fitting (IPF)...
IPF converged at iteration 31
IPF row error: 13.831379, col error: 0.000000
  [2019/test] 진행 60/1750 (3.4%) | 누적 CPC 0.3171 | RMSE 299.1156 | %RMSE 23.9944 | 경과 0.6분 | 예상 남음 16.8분
Starting Iterative Proportional Fitting (IPF)...
IPF converged at iteration 31
IPF row error: 13.831379, col error: 0.000000
IPF converged at iteration 31
IPF converged at iteration 31
IPF row error: 13.831379, col error: 0.000000
IPF row error: 13.831379, col error: 0.000000
Starting Iterative Proportional Fitting (IPF)...
Starting Iterative Proportional Fitting (IPF)...Starting Iterative Proportional Fitting (IPF)...

IPF converged at iteration 31
IPF row error: 13.831379, col error: 0.000000
Starting Iterative Proportional Fitting (IPF)...
IPF converged at iteration 31
IPF row error: 13.831379, col error: 0.000000
IPF converged at iteration 31
IPF converged at iteration 31
IPF row error: 13.831379, col error: 0.000000
Starting Iterative Proportional Fitting (IPF)...
IPF row error: 13.831379, col error: 0.000000
Starting Iterative Proportional Fitting (IPF)...
Starting Iterative Proportional Fitting (IPF)...
IPF converged at iteration 31
IPF row error: 13.831379, col error: 0.000000
Starting Iterative Proportional Fitting (IPF)...
IPF converged at iteration 31
IPF row error: 13.831379, col error: 0.000000
IPF converged at iteration 31
IPF converged at iteration 31
IPF row error: 13.831379, col error: 0.000000
IPF row error: 13.831379, col error: 0.000000
Starting Iterative Proportional Fitting (IPF)...
Starting Iterative Proportional Fitting (IPF)...
Starting Iterative Proportional Fitting (IPF)...
IPF converged at iteration 31
IPF row error: 13.831379, col error: 0.000000
Starting Iterative Proportional Fitting (IPF)...
IPF converged at iteration 31
IPF row error: 13.831379, col error: 0.000000
IPF converged at iteration 31
IPF converged at iteration 31
IPF row error: 13.831379, col error: 0.000000
IPF row error: 13.831379, col error: 0.000000
Starting Iterative Proportional Fitting (IPF)...
Starting Iterative Proportional Fitting (IPF)...
Starting Iterative Proportional Fitting (IPF)...
IPF converged at iteration 31
IPF row error: 13.831379, col error: 0.000000
Starting Iterative Proportional Fitting (IPF)...
IPF converged at iteration 31
IPF row error: 13.831379, col error: 0.000000
IPF converged at iteration 31
IPF converged at iteration 31
IPF row error: 13.831379, col error: 0.000000
Starting Iterative Proportional Fitting (IPF)...IPF row error: 13.831379, col error: 0.000000

Starting Iterative Proportional Fitting (IPF)...Starting Iterative Proportional Fitting (IPF)...

IPF converged at iteration 31
IPF row error: 13.831379, col error: 0.000000
Starting Iterative Proportional Fitting (IPF)...
IPF converged at iteration 31
IPF row error: 13.831379, col error: 0.000000
Starting Iterative Proportional Fitting (IPF)...
IPF converged at iteration 31
IPF converged at iteration 31
IPF row error: 13.831379, col error: 0.000000
IPF row error: 13.831379, col error: 0.000000
Starting Iterative Proportional Fitting (IPF)...
Starting Iterative Proportional Fitting (IPF)...
IPF converged at iteration 31
IPF row error: 13.831379, col error: 0.000000
Starting Iterative Proportional Fitting (IPF)...
IPF converged at iteration 31
IPF row error: 13.831379, col error: 0.000000
IPF converged at iteration 31
IPF row error: 13.831379, col error: 0.000000
IPF converged at iteration 31
Starting Iterative Proportional Fitting (IPF)...
IPF row error: 13.831379, col error: 0.000000
Starting Iterative Proportional Fitting (IPF)...
Starting Iterative Proportional Fitting (IPF)...
IPF converged at iteration 31
IPF row error: 13.831379, col error: 0.000000
Starting Iterative Proportional Fitting (IPF)...
IPF converged at iteration 31
IPF row error: 13.831379, col error: 0.000000
IPF converged at iteration 31
Starting Iterative Proportional Fitting (IPF)...
IPF row error: 13.831379, col error: 0.000000
  [2019/test] 진행 90/1750 (5.1%) | 누적 CPC 0.3031 | RMSE 280.7395 | %RMSE 23.9538 | 경과 0.9분 | 예상 남음 16.7분IPF converged at iteration 31

IPF row error: 13.831379, col error: 0.000000
Starting Iterative Proportional Fitting (IPF)...
Starting Iterative Proportional Fitting (IPF)...
IPF converged at iteration 31
IPF row error: 13.831379, col error: 0.000000
Starting Iterative Proportional Fitting (IPF)...
IPF converged at iteration 31
IPF row error: 13.831379, col error: 0.000000
IPF converged at iteration 31
IPF row error: 13.831379, col error: 0.000000
Starting Iterative Proportional Fitting (IPF)...
IPF converged at iteration 31
IPF row error: 13.831379, col error: 0.000000
Starting Iterative Proportional Fitting (IPF)...
Starting Iterative Proportional Fitting (IPF)...
IPF converged at iteration 31
IPF row error: 13.831379, col error: 0.000000
Starting Iterative Proportional Fitting (IPF)...
IPF converged at iteration 31
IPF row error: 13.831379, col error: 0.000000
IPF converged at iteration 31
IPF row error: 13.831379, col error: 0.000000
Starting Iterative Proportional Fitting (IPF)...
IPF converged at iteration 31
IPF row error: 13.831379, col error: 0.000000
Starting Iterative Proportional Fitting (IPF)...
Starting Iterative Proportional Fitting (IPF)...
IPF converged at iteration 31
IPF row error: 13.831379, col error: 0.000000
Starting Iterative Proportional Fitting (IPF)...
IPF converged at iteration 31
IPF row error: 13.847756, col error: 0.000000
IPF converged at iteration 31
IPF row error: 13.847756, col error: 0.000000
Starting Iterative Proportional Fitting (IPF)...
IPF converged at iteration 31
IPF row error: 13.847756, col error: 0.000000
Starting Iterative Proportional Fitting (IPF)...
Starting Iterative Proportional Fitting (IPF)...
IPF converged at iteration 31
IPF row error: 13.847756, col error: 0.000000
Starting Iterative Proportional Fitting (IPF)...
IPF converged at iteration 31
IPF row error: 13.847756, col error: 0.000000
IPF converged at iteration 31
IPF row error: 13.847756, col error: 0.000000
Starting Iterative Proportional Fitting (IPF)...
IPF converged at iteration 31
IPF row error: 13.847756, col error: 0.000000
Starting Iterative Proportional Fitting (IPF)...
Starting Iterative Proportional Fitting (IPF)...
IPF converged at iteration 31
IPF row error: 13.847756, col error: 0.000000
Starting Iterative Proportional Fitting (IPF)...
IPF converged at iteration 31
IPF row error: 13.847756, col error: 0.000000
IPF converged at iteration 31
Starting Iterative Proportional Fitting (IPF)...
IPF row error: 13.847756, col error: 0.000000
IPF converged at iteration 31
IPF row error: 13.847756, col error: 0.000000
Starting Iterative Proportional Fitting (IPF)...
Starting Iterative Proportional Fitting (IPF)...
IPF converged at iteration 31
IPF row error: 13.847756, col error: 0.000000
Starting Iterative Proportional Fitting (IPF)...
IPF converged at iteration 31
IPF row error: 13.847756, col error: 0.000000
IPF converged at iteration 31
Starting Iterative Proportional Fitting (IPF)...
IPF row error: 13.847756, col error: 0.000000
IPF converged at iteration 31
IPF row error: 13.847756, col error: 0.000000
Starting Iterative Proportional Fitting (IPF)...
Starting Iterative Proportional Fitting (IPF)...
IPF converged at iteration 31
IPF row error: 13.847756, col error: 0.000000
Starting Iterative Proportional Fitting (IPF)...
IPF converged at iteration 31
IPF row error: 13.847756, col error: 0.000000
IPF converged at iteration 31
Starting Iterative Proportional Fitting (IPF)...
IPF row error: 13.847756, col error: 0.000000
IPF converged at iteration 31
IPF row error: 13.847756, col error: 0.000000
Starting Iterative Proportional Fitting (IPF)...
Starting Iterative Proportional Fitting (IPF)...
IPF converged at iteration 31
IPF row error: 13.847756, col error: 0.000000
  [2019/test] 진행 120/1750 (6.9%) | 누적 CPC 0.3053 | RMSE 267.4350 | %RMSE 21.8633 | 경과 1.2분 | 예상 남음 16.2분
Starting Iterative Proportional Fitting (IPF)...
IPF converged at iteration 31
IPF row error: 13.847756, col error: 0.000000
Starting Iterative Proportional Fitting (IPF)...
IPF converged at iteration 31
IPF row error: 13.847756, col error: 0.000000
IPF converged at iteration 31
IPF row error: 13.847756, col error: 0.000000
Starting Iterative Proportional Fitting (IPF)...
Starting Iterative Proportional Fitting (IPF)...
IPF converged at iteration 31
IPF row error: 13.847756, col error: 0.000000
Starting Iterative Proportional Fitting (IPF)...
IPF converged at iteration 31
IPF row error: 13.847756, col error: 0.000000
Starting Iterative Proportional Fitting (IPF)...
IPF converged at iteration 31
IPF row error: 13.847756, col error: 0.000000
IPF converged at iteration 31
IPF row error: 13.847756, col error: 0.000000
Starting Iterative Proportional Fitting (IPF)...
Starting Iterative Proportional Fitting (IPF)...
IPF converged at iteration 31
IPF row error: 13.847756, col error: 0.000000
Starting Iterative Proportional Fitting (IPF)...
IPF converged at iteration 31
IPF row error: 13.847756, col error: 0.000000
Starting Iterative Proportional Fitting (IPF)...
IPF converged at iteration 31
IPF row error: 13.847756, col error: 0.000000
IPF converged at iteration 31
IPF row error: 13.847756, col error: 0.000000
Starting Iterative Proportional Fitting (IPF)...
Starting Iterative Proportional Fitting (IPF)...
IPF converged at iteration 31
IPF row error: 13.847756, col error: 0.000000
Starting Iterative Proportional Fitting (IPF)...
IPF converged at iteration 31
IPF row error: 13.847756, col error: 0.000000
Starting Iterative Proportional Fitting (IPF)...
IPF converged at iteration 31
IPF row error: 13.847756, col error: 0.000000
IPF converged at iteration 31
IPF row error: 13.847756, col error: 0.000000
Starting Iterative Proportional Fitting (IPF)...
Starting Iterative Proportional Fitting (IPF)...
IPF converged at iteration 31
IPF row error: 13.847756, col error: 0.000000
Starting Iterative Proportional Fitting (IPF)...
IPF converged at iteration 31
IPF row error: 13.847756, col error: 0.000000
Starting Iterative Proportional Fitting (IPF)...
IPF converged at iteration 31
IPF row error: 13.847756, col error: 0.000000
IPF converged at iteration 31
IPF row error: 13.847756, col error: 0.000000
Starting Iterative Proportional Fitting (IPF)...
Starting Iterative Proportional Fitting (IPF)...
IPF converged at iteration 31
IPF row error: 13.847756, col error: 0.000000
Starting Iterative Proportional Fitting (IPF)...
IPF converged at iteration 31
IPF row error: 13.847756, col error: 0.000000
Starting Iterative Proportional Fitting (IPF)...
IPF converged at iteration 31
IPF row error: 13.847756, col error: 0.000000
IPF converged at iteration 31
IPF row error: 13.847756, col error: 0.000000
Starting Iterative Proportional Fitting (IPF)...
Starting Iterative Proportional Fitting (IPF)...
IPF converged at iteration 31
IPF row error: 13.847756, col error: 0.000000
Starting Iterative Proportional Fitting (IPF)...
IPF converged at iteration 31
IPF row error: 13.847756, col error: 0.000000
Starting Iterative Proportional Fitting (IPF)...
IPF converged at iteration 31
IPF row error: 13.847756, col error: 0.000000
IPF converged at iteration 31
IPF row error: 13.847756, col error: 0.000000
Starting Iterative Proportional Fitting (IPF)...
Starting Iterative Proportional Fitting (IPF)...
IPF converged at iteration 31
IPF row error: 13.847756, col error: 0.000000
Starting Iterative Proportional Fitting (IPF)...
IPF converged at iteration 31
IPF row error: 13.847756, col error: 0.000000
Starting Iterative Proportional Fitting (IPF)...
IPF converged at iteration 31
IPF row error: 13.847756, col error: 0.000000
  [2019/test] 진행 150/1750 (8.6%) | 누적 CPC 0.3103 | RMSE 257.8057 | %RMSE 19.7809 | 경과 1.5분 | 예상 남음 16.0분
IPF converged at iteration 31
IPF row error: 13.829213, col error: 0.000000
Starting Iterative Proportional Fitting (IPF)...
Starting Iterative Proportional Fitting (IPF)...
IPF converged at iteration 31
IPF row error: 13.829213, col error: 0.000000
Starting Iterative Proportional Fitting (IPF)...
IPF converged at iteration 31
IPF row error: 13.829213, col error: 0.000000
Starting Iterative Proportional Fitting (IPF)...
IPF converged at iteration 31
IPF row error: 13.829213, col error: 0.000000
IPF converged at iteration 31
IPF row error: 13.829213, col error: 0.000000
Starting Iterative Proportional Fitting (IPF)...
Starting Iterative Proportional Fitting (IPF)...
IPF converged at iteration 31
IPF row error: 13.829213, col error: 0.000000
Starting Iterative Proportional Fitting (IPF)...
IPF converged at iteration 31
IPF row error: 13.829213, col error: 0.000000
IPF converged at iteration 31
Starting Iterative Proportional Fitting (IPF)...
IPF row error: 13.829213, col error: 0.000000
IPF converged at iteration 31
Starting Iterative Proportional Fitting (IPF)...
IPF row error: 13.829213, col error: 0.000000
Starting Iterative Proportional Fitting (IPF)...
IPF converged at iteration 31
IPF row error: 13.829213, col error: 0.000000
Starting Iterative Proportional Fitting (IPF)...
IPF converged at iteration 31
IPF row error: 13.829213, col error: 0.000000
IPF converged at iteration 31
Starting Iterative Proportional Fitting (IPF)...
IPF row error: 13.829213, col error: 0.000000
Starting Iterative Proportional Fitting (IPF)...
IPF converged at iteration 31
IPF row error: 13.829213, col error: 0.000000
Starting Iterative Proportional Fitting (IPF)...
IPF converged at iteration 31
IPF row error: 13.829213, col error: 0.000000
Starting Iterative Proportional Fitting (IPF)...
IPF converged at iteration 31
IPF row error: 13.829213, col error: 0.000000
IPF converged at iteration 31
Starting Iterative Proportional Fitting (IPF)...
IPF row error: 13.829213, col error: 0.000000
Starting Iterative Proportional Fitting (IPF)...
IPF converged at iteration 31
IPF row error: 13.829213, col error: 0.000000
Starting Iterative Proportional Fitting (IPF)...
IPF converged at iteration 31
IPF row error: 13.829213, col error: 0.000000
Starting Iterative Proportional Fitting (IPF)...
IPF converged at iteration 31
IPF row error: 13.829213, col error: 0.000000
IPF converged at iteration 31
Starting Iterative Proportional Fitting (IPF)...
IPF row error: 13.829213, col error: 0.000000
Starting Iterative Proportional Fitting (IPF)...
IPF converged at iteration 31
IPF row error: 13.829213, col error: 0.000000
Starting Iterative Proportional Fitting (IPF)...
IPF converged at iteration 31
IPF row error: 13.829213, col error: 0.000000
Starting Iterative Proportional Fitting (IPF)...
IPF converged at iteration 31
IPF row error: 13.829213, col error: 0.000000
IPF converged at iteration 31
IPF row error: 13.829213, col error: 0.000000
Starting Iterative Proportional Fitting (IPF)...
Starting Iterative Proportional Fitting (IPF)...
IPF converged at iteration 31
IPF row error: 13.829213, col error: 0.000000
Starting Iterative Proportional Fitting (IPF)...
IPF converged at iteration 31
IPF row error: 13.829213, col error: 0.000000
Starting Iterative Proportional Fitting (IPF)...
IPF converged at iteration 31
IPF row error: 13.829213, col error: 0.000000
IPF converged at iteration 31
IPF row error: 13.829213, col error: 0.000000
Starting Iterative Proportional Fitting (IPF)...
Starting Iterative Proportional Fitting (IPF)...
IPF converged at iteration 31
IPF row error: 13.829213, col error: 0.000000
Starting Iterative Proportional Fitting (IPF)...
IPF converged at iteration 31
IPF row error: 13.829213, col error: 0.000000
  [2019/test] 진행 180/1750 (10.3%) | 누적 CPC 0.3076 | RMSE 222.7488 | %RMSE 18.3095 | 경과 1.8분 | 예상 남음 15.7분
Starting Iterative Proportional Fitting (IPF)...
IPF converged at iteration 31
IPF row error: 13.829213, col error: 0.000000
IPF converged at iteration 31
IPF row error: 13.829213, col error: 0.000000
Starting Iterative Proportional Fitting (IPF)...
Starting Iterative Proportional Fitting (IPF)...
IPF converged at iteration 31
IPF row error: 13.829213, col error: 0.000000
Starting Iterative Proportional Fitting (IPF)...
IPF converged at iteration 31
IPF row error: 13.829213, col error: 0.000000
Starting Iterative Proportional Fitting (IPF)...
IPF converged at iteration 31
IPF row error: 13.829213, col error: 0.000000
IPF converged at iteration 31
IPF row error: 13.829213, col error: 0.000000
Starting Iterative Proportional Fitting (IPF)...
Starting Iterative Proportional Fitting (IPF)...
IPF converged at iteration 31
IPF row error: 13.829213, col error: 0.000000
Starting Iterative Proportional Fitting (IPF)...
IPF converged at iteration 31
IPF row error: 13.829213, col error: 0.000000
Starting Iterative Proportional Fitting (IPF)...
IPF converged at iteration 31
IPF row error: 13.829213, col error: 0.000000
IPF converged at iteration 31
IPF row error: 13.829213, col error: 0.000000
Starting Iterative Proportional Fitting (IPF)...
Starting Iterative Proportional Fitting (IPF)...
IPF converged at iteration 31
IPF row error: 13.829213, col error: 0.000000
Starting Iterative Proportional Fitting (IPF)...
IPF converged at iteration 31
IPF row error: 13.829213, col error: 0.000000
Starting Iterative Proportional Fitting (IPF)...
IPF converged at iteration 31
IPF row error: 13.829213, col error: 0.000000
IPF converged at iteration 31
IPF row error: 13.829213, col error: 0.000000
Starting Iterative Proportional Fitting (IPF)...
Starting Iterative Proportional Fitting (IPF)...
IPF converged at iteration 31
IPF row error: 13.829213, col error: 0.000000
Starting Iterative Proportional Fitting (IPF)...
IPF converged at iteration 31
IPF row error: 13.829213, col error: 0.000000
Starting Iterative Proportional Fitting (IPF)...
IPF converged at iteration 31
IPF row error: 13.829213, col error: 0.000000
IPF converged at iteration 31
Starting Iterative Proportional Fitting (IPF)...
IPF row error: 13.829213, col error: 0.000000
Starting Iterative Proportional Fitting (IPF)...
IPF converged at iteration 31
IPF row error: 13.829213, col error: 0.000000
Starting Iterative Proportional Fitting (IPF)...
IPF converged at iteration 31
IPF row error: 13.829213, col error: 0.000000
Starting Iterative Proportional Fitting (IPF)...
IPF converged at iteration 31
IPF row error: 13.664690, col error: 0.000000
Starting Iterative Proportional Fitting (IPF)...
IPF converged at iteration 31
IPF row error: 13.664690, col error: 0.000000
Starting Iterative Proportional Fitting (IPF)...
IPF converged at iteration 31
IPF row error: 13.664690, col error: 0.000000
Starting Iterative Proportional Fitting (IPF)...
IPF converged at iteration 31
IPF row error: 13.664690, col error: 0.000000
Starting Iterative Proportional Fitting (IPF)...
IPF converged at iteration 31
IPF row error: 13.664690, col error: 0.000000
Starting Iterative Proportional Fitting (IPF)...
IPF converged at iteration 31
IPF row error: 13.664690, col error: 0.000000
Starting Iterative Proportional Fitting (IPF)...
IPF converged at iteration 31
IPF row error: 13.664690, col error: 0.000000
Starting Iterative Proportional Fitting (IPF)...
IPF converged at iteration 31
IPF row error: 13.664690, col error: 0.000000
Starting Iterative Proportional Fitting (IPF)...
IPF converged at iteration 31
IPF row error: 13.664690, col error: 0.000000
Starting Iterative Proportional Fitting (IPF)...
IPF converged at iteration 31
IPF row error: 13.664690, col error: 0.000000
  [2019/test] 진행 210/1750 (12.0%) | 누적 CPC 0.3010 | RMSE 208.5704 | %RMSE 19.3924 | 경과 2.1분 | 예상 남음 15.4분
Starting Iterative Proportional Fitting (IPF)...
IPF converged at iteration 31
IPF row error: 13.664690, col error: 0.000000
Starting Iterative Proportional Fitting (IPF)...
IPF converged at iteration 31
IPF row error: 13.664690, col error: 0.000000
Starting Iterative Proportional Fitting (IPF)...
IPF converged at iteration 31
IPF row error: 13.664690, col error: 0.000000
Starting Iterative Proportional Fitting (IPF)...
IPF converged at iteration 31
IPF row error: 13.664690, col error: 0.000000
Starting Iterative Proportional Fitting (IPF)...
IPF converged at iteration 31
IPF row error: 13.664690, col error: 0.000000
Starting Iterative Proportional Fitting (IPF)...
IPF converged at iteration 31
IPF row error: 13.664690, col error: 0.000000
Starting Iterative Proportional Fitting (IPF)...
IPF converged at iteration 31
IPF row error: 13.664690, col error: 0.000000
Starting Iterative Proportional Fitting (IPF)...
IPF converged at iteration 31
IPF row error: 13.664690, col error: 0.000000
Starting Iterative Proportional Fitting (IPF)...
IPF converged at iteration 31
IPF row error: 13.664690, col error: 0.000000
Starting Iterative Proportional Fitting (IPF)...
IPF converged at iteration 31
IPF row error: 13.664690, col error: 0.000000
Starting Iterative Proportional Fitting (IPF)...
IPF converged at iteration 31
IPF row error: 13.664690, col error: 0.000000
Starting Iterative Proportional Fitting (IPF)...
IPF converged at iteration 31
IPF row error: 13.664690, col error: 0.000000
Starting Iterative Proportional Fitting (IPF)...
IPF converged at iteration 31
IPF row error: 13.664690, col error: 0.000000
Starting Iterative Proportional Fitting (IPF)...
IPF converged at iteration 31
IPF row error: 13.664690, col error: 0.000000
Starting Iterative Proportional Fitting (IPF)...
IPF converged at iteration 31
IPF row error: 13.664690, col error: 0.000000
Starting Iterative Proportional Fitting (IPF)...
IPF converged at iteration 31
IPF row error: 13.664690, col error: 0.000000
Starting Iterative Proportional Fitting (IPF)...
IPF converged at iteration 31
IPF row error: 13.664690, col error: 0.000000
Starting Iterative Proportional Fitting (IPF)...
IPF converged at iteration 31
IPF row error: 13.664690, col error: 0.000000
Starting Iterative Proportional Fitting (IPF)...
IPF converged at iteration 31
IPF row error: 13.664690, col error: 0.000000
Starting Iterative Proportional Fitting (IPF)...
IPF converged at iteration 31
IPF row error: 13.664690, col error: 0.000000
Starting Iterative Proportional Fitting (IPF)...
IPF converged at iteration 31
IPF row error: 13.664690, col error: 0.000000
Starting Iterative Proportional Fitting (IPF)...
IPF converged at iteration 31
IPF row error: 13.664690, col error: 0.000000
Starting Iterative Proportional Fitting (IPF)...
IPF converged at iteration 31
IPF row error: 13.664690, col error: 0.000000
Starting Iterative Proportional Fitting (IPF)...
IPF converged at iteration 31
IPF row error: 13.664690, col error: 0.000000
Starting Iterative Proportional Fitting (IPF)...
IPF converged at iteration 31
IPF row error: 13.664690, col error: 0.000000
Starting Iterative Proportional Fitting (IPF)...
IPF converged at iteration 31
IPF row error: 13.664690, col error: 0.000000
Starting Iterative Proportional Fitting (IPF)...
IPF converged at iteration 31
IPF row error: 13.664690, col error: 0.000000
Starting Iterative Proportional Fitting (IPF)...
IPF converged at iteration 31
IPF row error: 13.664690, col error: 0.000000
Starting Iterative Proportional Fitting (IPF)...
IPF converged at iteration 31
IPF row error: 13.664690, col error: 0.000000
Starting Iterative Proportional Fitting (IPF)...
IPF converged at iteration 31
IPF row error: 13.664690, col error: 0.000000
  [2019/test] 진행 240/1750 (13.7%) | 누적 CPC 0.2881 | RMSE 216.9457 | %RMSE 23.9390 | 경과 2.4분 | 예상 남음 15.1분
Starting Iterative Proportional Fitting (IPF)...
IPF converged at iteration 31
IPF row error: 13.664690, col error: 0.000000
Starting Iterative Proportional Fitting (IPF)...
IPF converged at iteration 31
IPF row error: 13.664690, col error: 0.000000
Starting Iterative Proportional Fitting (IPF)...
IPF converged at iteration 31
IPF row error: 13.664690, col error: 0.000000
Starting Iterative Proportional Fitting (IPF)...
IPF converged at iteration 31
IPF row error: 13.664690, col error: 0.000000
Starting Iterative Proportional Fitting (IPF)...
IPF converged at iteration 31
IPF row error: 13.664690, col error: 0.000000
Starting Iterative Proportional Fitting (IPF)...
IPF converged at iteration 31
IPF row error: 13.664690, col error: 0.000000
Starting Iterative Proportional Fitting (IPF)...
IPF converged at iteration 31
IPF row error: 13.664690, col error: 0.000000
Starting Iterative Proportional Fitting (IPF)...
IPF converged at iteration 31
IPF row error: 13.664690, col error: 0.000000
Starting Iterative Proportional Fitting (IPF)...
IPF converged at iteration 31
IPF row error: 13.664690, col error: 0.000000
Starting Iterative Proportional Fitting (IPF)...
IPF converged at iteration 31
IPF row error: 13.664690, col error: 0.000000
Starting Iterative Proportional Fitting (IPF)...
IPF converged at iteration 31
IPF row error: 13.852396, col error: 0.000000
Starting Iterative Proportional Fitting (IPF)...
IPF converged at iteration 31
IPF row error: 13.852396, col error: 0.000000
Starting Iterative Proportional Fitting (IPF)...
IPF converged at iteration 31
IPF row error: 13.852396, col error: 0.000000
Starting Iterative Proportional Fitting (IPF)...
IPF converged at iteration 31
IPF row error: 13.852396, col error: 0.000000
Starting Iterative Proportional Fitting (IPF)...
IPF converged at iteration 31
IPF row error: 13.852396, col error: 0.000000
Starting Iterative Proportional Fitting (IPF)...
IPF converged at iteration 31
IPF row error: 13.852396, col error: 0.000000
Starting Iterative Proportional Fitting (IPF)...
IPF converged at iteration 31
IPF row error: 13.852396, col error: 0.000000
Starting Iterative Proportional Fitting (IPF)...
IPF converged at iteration 31
IPF row error: 13.852396, col error: 0.000000
Starting Iterative Proportional Fitting (IPF)...
IPF converged at iteration 31
IPF row error: 13.852396, col error: 0.000000
Starting Iterative Proportional Fitting (IPF)...
IPF converged at iteration 31
IPF row error: 13.852396, col error: 0.000000
Starting Iterative Proportional Fitting (IPF)...
IPF converged at iteration 31
IPF row error: 13.852396, col error: 0.000000
Starting Iterative Proportional Fitting (IPF)...
IPF converged at iteration 31
IPF row error: 13.852396, col error: 0.000000
Starting Iterative Proportional Fitting (IPF)...
IPF converged at iteration 31
IPF row error: 13.852396, col error: 0.000000
Starting Iterative Proportional Fitting (IPF)...
IPF converged at iteration 31
IPF row error: 13.852396, col error: 0.000000
Starting Iterative Proportional Fitting (IPF)...
IPF converged at iteration 31
IPF row error: 13.852396, col error: 0.000000
IPF converged at iteration 31
Starting Iterative Proportional Fitting (IPF)...
IPF row error: 13.852396, col error: 0.000000
Starting Iterative Proportional Fitting (IPF)...
IPF converged at iteration 31
IPF row error: 13.852396, col error: 0.000000
Starting Iterative Proportional Fitting (IPF)...
IPF converged at iteration 31
IPF row error: 13.852396, col error: 0.000000
Starting Iterative Proportional Fitting (IPF)...
IPF converged at iteration 31
IPF row error: 13.852396, col error: 0.000000
Starting Iterative Proportional Fitting (IPF)...
IPF converged at iteration 31
IPF row error: 13.852396, col error: 0.000000
  [2019/test] 진행 270/1750 (15.4%) | 누적 CPC 0.2830 | RMSE 220.3266 | %RMSE 25.7645 | 경과 2.7분 | 예상 남음 14.8분
Starting Iterative Proportional Fitting (IPF)...
IPF converged at iteration 31
IPF row error: 13.852396, col error: 0.000000
Starting Iterative Proportional Fitting (IPF)...
IPF converged at iteration 31
IPF row error: 13.852396, col error: 0.000000
Starting Iterative Proportional Fitting (IPF)...
IPF converged at iteration 31
IPF row error: 13.852396, col error: 0.000000
Starting Iterative Proportional Fitting (IPF)...
IPF converged at iteration 31
IPF row error: 13.852396, col error: 0.000000
Starting Iterative Proportional Fitting (IPF)...
IPF converged at iteration 31
IPF row error: 13.852396, col error: 0.000000
Starting Iterative Proportional Fitting (IPF)...
IPF converged at iteration 31
IPF row error: 13.852396, col error: 0.000000
Starting Iterative Proportional Fitting (IPF)...
IPF converged at iteration 31
IPF row error: 13.852396, col error: 0.000000
Starting Iterative Proportional Fitting (IPF)...
IPF converged at iteration 31
IPF row error: 13.852396, col error: 0.000000
Starting Iterative Proportional Fitting (IPF)...
IPF converged at iteration 31
IPF row error: 13.852396, col error: 0.000000
Starting Iterative Proportional Fitting (IPF)...
IPF converged at iteration 31
IPF row error: 13.852396, col error: 0.000000
Starting Iterative Proportional Fitting (IPF)...
IPF converged at iteration 31
IPF row error: 13.852396, col error: 0.000000
Starting Iterative Proportional Fitting (IPF)...
IPF converged at iteration 31
IPF row error: 13.852396, col error: 0.000000
Starting Iterative Proportional Fitting (IPF)...
IPF converged at iteration 31
IPF row error: 13.852396, col error: 0.000000
Starting Iterative Proportional Fitting (IPF)...
IPF converged at iteration 31
IPF row error: 13.852396, col error: 0.000000
Starting Iterative Proportional Fitting (IPF)...
IPF converged at iteration 31
IPF row error: 13.852396, col error: 0.000000
Starting Iterative Proportional Fitting (IPF)...
IPF converged at iteration 31
IPF row error: 13.852396, col error: 0.000000
Starting Iterative Proportional Fitting (IPF)...
IPF converged at iteration 31
IPF row error: 13.852396, col error: 0.000000
Starting Iterative Proportional Fitting (IPF)...
IPF converged at iteration 31
IPF row error: 13.852396, col error: 0.000000
Starting Iterative Proportional Fitting (IPF)...
IPF converged at iteration 31
IPF row error: 13.852396, col error: 0.000000
Starting Iterative Proportional Fitting (IPF)...
IPF converged at iteration 31
IPF row error: 13.852396, col error: 0.000000
Starting Iterative Proportional Fitting (IPF)...
IPF converged at iteration 31
IPF row error: 13.852396, col error: 0.000000
Starting Iterative Proportional Fitting (IPF)...
IPF converged at iteration 31
IPF row error: 13.852396, col error: 0.000000
Starting Iterative Proportional Fitting (IPF)...
IPF converged at iteration 31
IPF row error: 13.852396, col error: 0.000000
Starting Iterative Proportional Fitting (IPF)...
IPF converged at iteration 31
IPF row error: 13.852396, col error: 0.000000
Starting Iterative Proportional Fitting (IPF)...
IPF converged at iteration 31
IPF row error: 13.852396, col error: 0.000000
Starting Iterative Proportional Fitting (IPF)...
IPF converged at iteration 31
IPF row error: 13.852396, col error: 0.000000
Starting Iterative Proportional Fitting (IPF)...
IPF converged at iteration 31
IPF row error: 13.852396, col error: 0.000000
Starting Iterative Proportional Fitting (IPF)...
IPF converged at iteration 31
IPF row error: 13.852396, col error: 0.000000
Starting Iterative Proportional Fitting (IPF)...
IPF converged at iteration 31
IPF row error: 13.852396, col error: 0.000000
Starting Iterative Proportional Fitting (IPF)...
IPF converged at iteration 31
IPF row error: 13.852396, col error: 0.000000
  [2019/test] 진행 300/1750 (17.1%) | 누적 CPC 0.2812 | RMSE 221.6214 | %RMSE 26.4551 | 경과 3.0분 | 예상 남음 14.5분
Starting Iterative Proportional Fitting (IPF)...
IPF converged at iteration 31
IPF row error: 13.550874, col error: 0.000000
Starting Iterative Proportional Fitting (IPF)...
IPF converged at iteration 31
IPF row error: 13.550874, col error: 0.000000
Starting Iterative Proportional Fitting (IPF)...
IPF converged at iteration 31
IPF row error: 13.550874, col error: 0.000000
Starting Iterative Proportional Fitting (IPF)...
IPF converged at iteration 31
IPF row error: 13.550874, col error: 0.000000
Starting Iterative Proportional Fitting (IPF)...
IPF converged at iteration 31
IPF row error: 13.550874, col error: 0.000000
Starting Iterative Proportional Fitting (IPF)...
IPF converged at iteration 31
IPF row error: 13.550874, col error: 0.000000
Starting Iterative Proportional Fitting (IPF)...
IPF converged at iteration 31
IPF row error: 13.550874, col error: 0.000000
Starting Iterative Proportional Fitting (IPF)...
IPF converged at iteration 31
IPF row error: 13.550874, col error: 0.000000
Starting Iterative Proportional Fitting (IPF)...
IPF converged at iteration 31
IPF row error: 13.550874, col error: 0.000000
Starting Iterative Proportional Fitting (IPF)...
IPF converged at iteration 31
IPF row error: 13.550874, col error: 0.000000
Starting Iterative Proportional Fitting (IPF)...
IPF converged at iteration 31
IPF row error: 13.550874, col error: 0.000000
Starting Iterative Proportional Fitting (IPF)...
IPF converged at iteration 31
IPF row error: 13.550874, col error: 0.000000
Starting Iterative Proportional Fitting (IPF)...
IPF converged at iteration 31
IPF row error: 13.550874, col error: 0.000000
Starting Iterative Proportional Fitting (IPF)...
IPF converged at iteration 31
IPF row error: 13.550874, col error: 0.000000
Starting Iterative Proportional Fitting (IPF)...
IPF converged at iteration 31
IPF row error: 13.550874, col error: 0.000000
Starting Iterative Proportional Fitting (IPF)...
IPF converged at iteration 31
IPF row error: 13.550874, col error: 0.000000
Starting Iterative Proportional Fitting (IPF)...
IPF converged at iteration 31
IPF row error: 13.550874, col error: 0.000000
Starting Iterative Proportional Fitting (IPF)...
IPF converged at iteration 31
IPF row error: 13.550874, col error: 0.000000
Starting Iterative Proportional Fitting (IPF)...
IPF converged at iteration 31
IPF row error: 13.550874, col error: 0.000000
Starting Iterative Proportional Fitting (IPF)...
IPF converged at iteration 31
IPF row error: 13.550874, col error: 0.000000
Starting Iterative Proportional Fitting (IPF)...
IPF converged at iteration 31
IPF row error: 13.550874, col error: 0.000000
Starting Iterative Proportional Fitting (IPF)...
IPF converged at iteration 31
IPF row error: 13.550874, col error: 0.000000
Starting Iterative Proportional Fitting (IPF)...
IPF converged at iteration 31
IPF row error: 13.550874, col error: 0.000000
Starting Iterative Proportional Fitting (IPF)...
IPF converged at iteration 31
IPF row error: 13.550874, col error: 0.000000
Starting Iterative Proportional Fitting (IPF)...
IPF converged at iteration 31
IPF row error: 13.550874, col error: 0.000000
Starting Iterative Proportional Fitting (IPF)...
IPF converged at iteration 31
IPF row error: 13.550874, col error: 0.000000
Starting Iterative Proportional Fitting (IPF)...
IPF converged at iteration 31
IPF row error: 13.550874, col error: 0.000000
Starting Iterative Proportional Fitting (IPF)...
IPF converged at iteration 31
IPF row error: 13.550874, col error: 0.000000
Starting Iterative Proportional Fitting (IPF)...
IPF converged at iteration 31
IPF row error: 13.550874, col error: 0.000000
Starting Iterative Proportional Fitting (IPF)...
IPF converged at iteration 31
IPF row error: 13.550874, col error: 0.000000
  [2019/test] 진행 330/1750 (18.9%) | 누적 CPC 0.2935 | RMSE 219.3364 | %RMSE 25.1966 | 경과 3.3분 | 예상 남음 14.2분
Starting Iterative Proportional Fitting (IPF)...
IPF converged at iteration 31
IPF row error: 13.550874, col error: 0.000000
Starting Iterative Proportional Fitting (IPF)...
IPF converged at iteration 31
IPF row error: 13.550874, col error: 0.000000
Starting Iterative Proportional Fitting (IPF)...
IPF converged at iteration 31
IPF row error: 13.550874, col error: 0.000000
Starting Iterative Proportional Fitting (IPF)...
IPF converged at iteration 31
IPF row error: 13.550874, col error: 0.000000
Starting Iterative Proportional Fitting (IPF)...
IPF converged at iteration 31
IPF row error: 13.550874, col error: 0.000000
Starting Iterative Proportional Fitting (IPF)...
IPF converged at iteration 31
IPF row error: 13.550874, col error: 0.000000
Starting Iterative Proportional Fitting (IPF)...
IPF converged at iteration 31
IPF row error: 13.550874, col error: 0.000000
Starting Iterative Proportional Fitting (IPF)...
IPF converged at iteration 31
IPF row error: 13.550874, col error: 0.000000
Starting Iterative Proportional Fitting (IPF)...
IPF converged at iteration 31
IPF row error: 13.550874, col error: 0.000000
Starting Iterative Proportional Fitting (IPF)...
IPF converged at iteration 31
IPF row error: 13.550874, col error: 0.000000
Starting Iterative Proportional Fitting (IPF)...
IPF converged at iteration 31
IPF row error: 13.550874, col error: 0.000000
Starting Iterative Proportional Fitting (IPF)...
IPF converged at iteration 31
IPF row error: 13.550874, col error: 0.000000
Starting Iterative Proportional Fitting (IPF)...
IPF converged at iteration 31
IPF row error: 13.550874, col error: 0.000000
Starting Iterative Proportional Fitting (IPF)...
IPF converged at iteration 31
IPF row error: 13.550874, col error: 0.000000
Starting Iterative Proportional Fitting (IPF)...
IPF converged at iteration 31
IPF row error: 13.550874, col error: 0.000000
Starting Iterative Proportional Fitting (IPF)...
IPF converged at iteration 31
IPF row error: 13.550874, col error: 0.000000
Starting Iterative Proportional Fitting (IPF)...
IPF converged at iteration 31
IPF row error: 13.550874, col error: 0.000000
Starting Iterative Proportional Fitting (IPF)...
IPF converged at iteration 31
IPF row error: 13.550874, col error: 0.000000
Starting Iterative Proportional Fitting (IPF)...
IPF converged at iteration 31
IPF row error: 13.550874, col error: 0.000000
Starting Iterative Proportional Fitting (IPF)...
IPF converged at iteration 31
IPF row error: 13.550874, col error: 0.000000
Starting Iterative Proportional Fitting (IPF)...
IPF converged at iteration 29
IPF row error: 16.105613, col error: 0.000000
Starting Iterative Proportional Fitting (IPF)...
IPF converged at iteration 29
IPF row error: 14.784563, col error: 0.000000
Starting Iterative Proportional Fitting (IPF)...
IPF converged at iteration 31
IPF row error: 13.864388, col error: 0.000000
Starting Iterative Proportional Fitting (IPF)...
IPF converged at iteration 31
IPF row error: 13.864388, col error: 0.000000
Starting Iterative Proportional Fitting (IPF)...
IPF converged at iteration 31
IPF row error: 13.864388, col error: 0.000000
Starting Iterative Proportional Fitting (IPF)...
IPF converged at iteration 29
IPF row error: 12.227408, col error: 0.000000
Starting Iterative Proportional Fitting (IPF)...
IPF converged at iteration 31
IPF row error: 13.864388, col error: 0.000000
Starting Iterative Proportional Fitting (IPF)...
IPF converged at iteration 35
IPF row error: 5.408477, col error: 0.000000
Starting Iterative Proportional Fitting (IPF)...
IPF converged at iteration 31
IPF row error: 13.864388, col error: 0.000000
Starting Iterative Proportional Fitting (IPF)...
IPF converged at iteration 60
IPF row error: 1.279502, col error: 0.000000
  [2019/test] 진행 360/1750 (20.6%) | 누적 CPC 0.3011 | RMSE 220.7581 | %RMSE 24.4756 | 경과 3.6분 | 예상 남음 14.0분
Starting Iterative Proportional Fitting (IPF)...
IPF converged at iteration 31
IPF row error: 10.194483, col error: 0.000000
Starting Iterative Proportional Fitting (IPF)...
IPF converged at iteration 31
IPF row error: 13.864388, col error: 0.000000
Starting Iterative Proportional Fitting (IPF)...
IPF converged at iteration 30
IPF row error: 13.015871, col error: 0.000000
Starting Iterative Proportional Fitting (IPF)...
IPF converged at iteration 31
IPF row error: 13.864388, col error: 0.000000
Starting Iterative Proportional Fitting (IPF)...
IPF converged at iteration 30
IPF row error: 12.095201, col error: 0.000000
Starting Iterative Proportional Fitting (IPF)...
IPF converged at iteration 31
IPF row error: 13.864388, col error: 0.000000
Starting Iterative Proportional Fitting (IPF)...
IPF converged at iteration 31
IPF row error: 13.864388, col error: 0.000000
Starting Iterative Proportional Fitting (IPF)...
IPF converged at iteration 31
IPF row error: 12.232802, col error: 0.000000
Starting Iterative Proportional Fitting (IPF)...
IPF converged at iteration 31
IPF row error: 13.864388, col error: 0.000000
Starting Iterative Proportional Fitting (IPF)...
IPF converged at iteration 31
IPF row error: 13.864388, col error: 0.000000
Starting Iterative Proportional Fitting (IPF)...
IPF converged at iteration 31
IPF row error: 13.864388, col error: 0.000000
Starting Iterative Proportional Fitting (IPF)...
IPF converged at iteration 31
IPF row error: 13.864388, col error: 0.000000
Starting Iterative Proportional Fitting (IPF)...
IPF converged at iteration 31
IPF row error: 13.864388, col error: 0.000000
Starting Iterative Proportional Fitting (IPF)...
IPF converged at iteration 31
IPF row error: 28.677691, col error: 0.000000
Starting Iterative Proportional Fitting (IPF)...
IPF converged at iteration 31
IPF row error: 13.864388, col error: 0.000000
Starting Iterative Proportional Fitting (IPF)...
IPF converged at iteration 31
IPF row error: 13.864388, col error: 0.000000
Starting Iterative Proportional Fitting (IPF)...
IPF converged at iteration 31
IPF row error: 13.864388, col error: 0.000000
Starting Iterative Proportional Fitting (IPF)...
IPF converged at iteration 31
IPF row error: 13.864388, col error: 0.000000
Starting Iterative Proportional Fitting (IPF)...
IPF converged at iteration 31
IPF row error: 13.864388, col error: 0.000000
Starting Iterative Proportional Fitting (IPF)...
IPF converged at iteration 28
IPF row error: 12.836340, col error: 0.000000
Starting Iterative Proportional Fitting (IPF)...
IPF converged at iteration 31
IPF row error: 13.864388, col error: 0.000000
Starting Iterative Proportional Fitting (IPF)...
IPF converged at iteration 31
IPF row error: 13.864388, col error: 0.000000
Starting Iterative Proportional Fitting (IPF)...
IPF converged at iteration 31
IPF row error: 13.864388, col error: 0.000000
Starting Iterative Proportional Fitting (IPF)...
IPF converged at iteration 31
IPF row error: 10.696671, col error: 0.000000
Starting Iterative Proportional Fitting (IPF)...
IPF converged at iteration 28
IPF row error: 13.473044, col error: 0.000000
Starting Iterative Proportional Fitting (IPF)...
IPF converged at iteration 29
IPF row error: 15.705032, col error: 0.000000
Starting Iterative Proportional Fitting (IPF)...
IPF converged at iteration 31
IPF row error: 13.864388, col error: 0.000000
Starting Iterative Proportional Fitting (IPF)...
IPF converged at iteration 31
IPF row error: 13.864388, col error: 0.000000
Starting Iterative Proportional Fitting (IPF)...
IPF converged at iteration 46
IPF row error: 1.408466, col error: 0.000000
Starting Iterative Proportional Fitting (IPF)...
IPF converged at iteration 31
IPF row error: 13.864388, col error: 0.000000
  [2019/test] 진행 390/1750 (22.3%) | 누적 CPC 0.3029 | RMSE 228.0939 | %RMSE 24.4686 | 경과 3.9분 | 예상 남음 13.7분
Starting Iterative Proportional Fitting (IPF)...
IPF converged at iteration 31
IPF row error: 13.864388, col error: 0.000000
Starting Iterative Proportional Fitting (IPF)...
IPF converged at iteration 30
IPF row error: 13.539773, col error: 0.000000
IPF converged at iteration 30
Starting Iterative Proportional Fitting (IPF)...
IPF row error: 9.236308, col error: 0.000000
Starting Iterative Proportional Fitting (IPF)...
IPF converged at iteration 31
IPF row error: 13.864388, col error: 0.000000
Starting Iterative Proportional Fitting (IPF)...
IPF converged at iteration 30
IPF row error: 10.599733, col error: 0.000000
Starting Iterative Proportional Fitting (IPF)...
IPF converged at iteration 31
IPF row error: 13.864388, col error: 0.000000
IPF converged at iteration 31
Starting Iterative Proportional Fitting (IPF)...
IPF row error: 13.864388, col error: 0.000000
Starting Iterative Proportional Fitting (IPF)...
IPF converged at iteration 27
IPF row error: 20.665178, col error: 0.000000
Starting Iterative Proportional Fitting (IPF)...
IPF converged at iteration 31
IPF row error: 13.864388, col error: 0.000000
Starting Iterative Proportional Fitting (IPF)...
IPF converged at iteration 31
IPF row error: 13.864388, col error: 0.000000
IPF converged at iteration 30
IPF converged at iteration 26
IPF row error: 12.810339, col error: 0.000000
IPF row error: 20.734565, col error: 0.000000
Starting Iterative Proportional Fitting (IPF)...
Starting Iterative Proportional Fitting (IPF)...
Starting Iterative Proportional Fitting (IPF)...
IPF converged at iteration 31
IPF row error: 13.831379, col error: 0.000000
Starting Iterative Proportional Fitting (IPF)...
IPF converged at iteration 31
IPF row error: 13.604415, col error: 0.000000
IPF converged at iteration 31
IPF row error: 13.831379, col error: 0.000000
Starting Iterative Proportional Fitting (IPF)...
Starting Iterative Proportional Fitting (IPF)...
IPF converged at iteration 39
IPF row error: 2.034748, col error: 0.000000
Starting Iterative Proportional Fitting (IPF)...
IPF converged at iteration 31
IPF row error: 13.831379, col error: 0.000000
Starting Iterative Proportional Fitting (IPF)...
IPF converged at iteration 31
IPF row error: 13.831379, col error: 0.000000
Starting Iterative Proportional Fitting (IPF)...
IPF converged at iteration 29
IPF row error: 10.071188, col error: 0.000000
Starting Iterative Proportional Fitting (IPF)...
IPF converged at iteration 31
IPF row error: 13.831379, col error: 0.000000
IPF converged at iteration 49
IPF row error: 1.259755, col error: 0.000000
Starting Iterative Proportional Fitting (IPF)...
Starting Iterative Proportional Fitting (IPF)...
IPF converged at iteration 31
IPF row error: 13.831379, col error: 0.000000
Starting Iterative Proportional Fitting (IPF)...
IPF converged at iteration 31
IPF row error: 13.831379, col error: 0.000000
Starting Iterative Proportional Fitting (IPF)...
IPF converged at iteration 31
IPF row error: 13.831379, col error: 0.000000
IPF converged at iteration 30
IPF row error: 12.995555, col error: 0.000000
Starting Iterative Proportional Fitting (IPF)...
Starting Iterative Proportional Fitting (IPF)...
IPF converged at iteration 31
IPF row error: 15.874971, col error: 0.000000
Starting Iterative Proportional Fitting (IPF)...
IPF converged at iteration 27
IPF row error: 20.996642, col error: 0.000000
IPF converged at iteration 31
IPF row error: 13.831379, col error: 0.000000
Starting Iterative Proportional Fitting (IPF)...
IPF converged at iteration 45
Starting Iterative Proportional Fitting (IPF)...
IPF row error: 1.419676, col error: 0.000000
Starting Iterative Proportional Fitting (IPF)...
IPF converged at iteration 28
IPF row error: 18.726888, col error: 0.000000
  [2019/test] 진행 420/1750 (24.0%) | 누적 CPC 0.3021 | RMSE 231.1154 | %RMSE 24.4515 | 경과 4.2분 | 예상 남음 13.4분
Starting Iterative Proportional Fitting (IPF)...
IPF converged at iteration 27
IPF row error: 16.368706, col error: 0.000000
Starting Iterative Proportional Fitting (IPF)...
IPF converged at iteration 31
IPF converged at iteration 35
IPF row error: 13.105427, col error: 0.000000
IPF row error: 4.949290, col error: 0.000000
Starting Iterative Proportional Fitting (IPF)...
Starting Iterative Proportional Fitting (IPF)...
IPF converged at iteration 25
IPF row error: 30.365684, col error: 0.000000
Starting Iterative Proportional Fitting (IPF)...
IPF converged at iteration 31
IPF row error: 13.831379, col error: 0.000000
Starting Iterative Proportional Fitting (IPF)...
IPF converged at iteration 31
IPF row error: 13.831379, col error: 0.000000
IPF converged at iteration 31
IPF row error: 13.675429, col error: 0.000000
Starting Iterative Proportional Fitting (IPF)...
Starting Iterative Proportional Fitting (IPF)...
IPF converged at iteration 31
IPF row error: 13.831379, col error: 0.000000
Starting Iterative Proportional Fitting (IPF)...
IPF converged at iteration 31
IPF row error: 13.831379, col error: 0.000000
Starting Iterative Proportional Fitting (IPF)...
IPF converged at iteration 31
IPF row error: 13.831379, col error: 0.000000
IPF converged at iteration 31
IPF row error: 13.831379, col error: 0.000000
Starting Iterative Proportional Fitting (IPF)...
IPF converged at iteration 30
Starting Iterative Proportional Fitting (IPF)...
IPF row error: 16.879323, col error: 0.000000
Starting Iterative Proportional Fitting (IPF)...
IPF converged at iteration 31
IPF row error: 13.398306, col error: 0.000000
Starting Iterative Proportional Fitting (IPF)...
IPF converged at iteration 31
IPF row error: 13.831379, col error: 0.000000
IPF converged at iteration 29
IPF row error: 15.060331, col error: 0.000000
Starting Iterative Proportional Fitting (IPF)...
Starting Iterative Proportional Fitting (IPF)...
IPF converged at iteration 43
IPF row error: 1.261574, col error: 0.000000
Starting Iterative Proportional Fitting (IPF)...
IPF converged at iteration 31
IPF row error: 13.831379, col error: 0.000000
Starting Iterative Proportional Fitting (IPF)...
IPF converged at iteration 31
IPF row error: 13.831379, col error: 0.000000
IPF converged at iteration 31
Starting Iterative Proportional Fitting (IPF)...
IPF row error: 12.331174, col error: 0.000000
Starting Iterative Proportional Fitting (IPF)...
IPF converged at iteration 27
IPF row error: 20.109250, col error: 0.000000
Starting Iterative Proportional Fitting (IPF)...
IPF converged at iteration 31
IPF row error: 13.831379, col error: 0.000000
Starting Iterative Proportional Fitting (IPF)...
IPF converged at iteration 31
IPF row error: 13.831379, col error: 0.000000
Starting Iterative Proportional Fitting (IPF)...
IPF converged at iteration 31
IPF row error: 13.831379, col error: 0.000000
IPF converged at iteration 44
IPF row error: 1.374742, col error: 0.000000
Starting Iterative Proportional Fitting (IPF)...
Starting Iterative Proportional Fitting (IPF)...
IPF converged at iteration 31
IPF row error: 13.831379, col error: 0.000000
Starting Iterative Proportional Fitting (IPF)...
IPF converged at iteration 31
IPF row error: 13.831379, col error: 0.000000
Starting Iterative Proportional Fitting (IPF)...
IPF converged at iteration 25
IPF row error: 18.554767, col error: 0.000000
IPF converged at iteration 31
IPF row error: 13.831379, col error: 0.000000
Starting Iterative Proportional Fitting (IPF)...
Starting Iterative Proportional Fitting (IPF)...
IPF converged at iteration 31
IPF row error: 13.831379, col error: 0.000000
Starting Iterative Proportional Fitting (IPF)...
IPF converged at iteration 29
IPF row error: 15.593882, col error: 0.000000
  [2019/test] 진행 450/1750 (25.7%) | 누적 CPC 0.3003 | RMSE 232.5956 | %RMSE 24.4678 | 경과 4.6분 | 예상 남음 13.2분
Starting Iterative Proportional Fitting (IPF)...
IPF converged at iteration 29
IPF row error: 18.820162, col error: 0.000000
IPF converged at iteration 29
Starting Iterative Proportional Fitting (IPF)...
IPF row error: 18.149378, col error: 0.000000
Starting Iterative Proportional Fitting (IPF)...
IPF converged at iteration 31
IPF row error: 13.847756, col error: 0.000000
Starting Iterative Proportional Fitting (IPF)...
IPF converged at iteration 31
IPF row error: 13.847756, col error: 0.000000
IPF converged at iteration 31
IPF row error: 13.847756, col error: 0.000000
Starting Iterative Proportional Fitting (IPF)...
IPF converged at iteration 30
Starting Iterative Proportional Fitting (IPF)...
IPF row error: 14.826438, col error: 0.000000
Starting Iterative Proportional Fitting (IPF)...
IPF converged at iteration 31
IPF row error: 13.847756, col error: 0.000000
Starting Iterative Proportional Fitting (IPF)...
IPF converged at iteration 31
IPF row error: 13.847756, col error: 0.000000
IPF converged at iteration 31
IPF row error: 13.847756, col error: 0.000000
Starting Iterative Proportional Fitting (IPF)...
IPF converged at iteration 31
Starting Iterative Proportional Fitting (IPF)...
IPF row error: 13.847756, col error: 0.000000
Starting Iterative Proportional Fitting (IPF)...
IPF converged at iteration 32
IPF row error: 10.097173, col error: 0.000000
Starting Iterative Proportional Fitting (IPF)...
IPF converged at iteration 31
IPF row error: 13.847756, col error: 0.000000
IPF converged at iteration 31
IPF row error: 13.437282, col error: 0.000000
Starting Iterative Proportional Fitting (IPF)...
Starting Iterative Proportional Fitting (IPF)...
IPF converged at iteration 31
IPF row error: 13.847756, col error: 0.000000
Starting Iterative Proportional Fitting (IPF)...
IPF converged at iteration 31
IPF row error: 13.847756, col error: 0.000000
Starting Iterative Proportional Fitting (IPF)...
IPF converged at iteration 26
IPF row error: 17.281602, col error: 0.000000
Starting Iterative Proportional Fitting (IPF)...
IPF converged at iteration 31
IPF row error: 13.847756, col error: 0.000000
Starting Iterative Proportional Fitting (IPF)...
IPF converged at iteration 31
IPF row error: 13.847756, col error: 0.000000
Starting Iterative Proportional Fitting (IPF)...
IPF converged at iteration 31
IPF row error: 13.939862, col error: 0.000000
Starting Iterative Proportional Fitting (IPF)...
IPF converged at iteration 31
IPF row error: 13.847756, col error: 0.000000
Starting Iterative Proportional Fitting (IPF)...
IPF converged at iteration 31
IPF row error: 16.226306, col error: 0.000000
Starting Iterative Proportional Fitting (IPF)...
IPF converged at iteration 31
IPF row error: 13.847756, col error: 0.000000
Starting Iterative Proportional Fitting (IPF)...
IPF converged at iteration 60
IPF converged at iteration 31
IPF row error: 1.287800, col error: 0.000000
IPF row error: 13.847756, col error: 0.000000
Starting Iterative Proportional Fitting (IPF)...
Starting Iterative Proportional Fitting (IPF)...
IPF converged at iteration 28
IPF row error: 20.874760, col error: 0.000000
Starting Iterative Proportional Fitting (IPF)...
IPF converged at iteration 31
IPF row error: 13.847756, col error: 0.000000
Starting Iterative Proportional Fitting (IPF)...
IPF converged at iteration 30
IPF converged at iteration 31
IPF row error: 13.105209, col error: 0.000000
IPF row error: 13.847756, col error: 0.000000
Starting Iterative Proportional Fitting (IPF)...
Starting Iterative Proportional Fitting (IPF)...
IPF converged at iteration 32
IPF row error: 12.773735, col error: 0.000000
Starting Iterative Proportional Fitting (IPF)...
IPF converged at iteration 29
IPF row error: 11.296338, col error: 0.000000
  [2019/test] 진행 480/1750 (27.4%) | 누적 CPC 0.3021 | RMSE 231.9262 | %RMSE 23.6590 | 경과 4.9분 | 예상 남음 12.9분
Starting Iterative Proportional Fitting (IPF)...
IPF converged at iteration 31
IPF row error: 13.847756, col error: 0.000000
IPF converged at iteration 31
IPF row error: 13.847756, col error: 0.000000
Starting Iterative Proportional Fitting (IPF)...
Starting Iterative Proportional Fitting (IPF)...
IPF converged at iteration 31
IPF row error: 13.847756, col error: 0.000000
Starting Iterative Proportional Fitting (IPF)...
IPF converged at iteration 28
IPF row error: 17.576420, col error: 0.000000
Starting Iterative Proportional Fitting (IPF)...
IPF converged at iteration 31
IPF row error: 14.262935, col error: 0.000000
Starting Iterative Proportional Fitting (IPF)...
IPF converged at iteration 31
IPF row error: 13.847756, col error: 0.000000
Starting Iterative Proportional Fitting (IPF)...
IPF converged at iteration 31
IPF row error: 13.847756, col error: 0.000000
Starting Iterative Proportional Fitting (IPF)...
IPF converged at iteration 61
IPF row error: 1.429939, col error: 0.000000
Starting Iterative Proportional Fitting (IPF)...
IPF converged at iteration 31
IPF row error: 13.847756, col error: 0.000000
Starting Iterative Proportional Fitting (IPF)...
IPF converged at iteration 31
IPF row error: 13.847756, col error: 0.000000
Starting Iterative Proportional Fitting (IPF)...
IPF converged at iteration 31
IPF row error: 13.847756, col error: 0.000000
Starting Iterative Proportional Fitting (IPF)...
IPF converged at iteration 33
IPF row error: 8.825906, col error: 0.000000
IPF converged at iteration 31
IPF row error: 13.847756, col error: 0.000000
Starting Iterative Proportional Fitting (IPF)...
Starting Iterative Proportional Fitting (IPF)...
IPF converged at iteration 31
IPF row error: 13.847756, col error: 0.000000
Starting Iterative Proportional Fitting (IPF)...
IPF converged at iteration 31
IPF row error: 13.847756, col error: 0.000000
Starting Iterative Proportional Fitting (IPF)...
IPF converged at iteration 31
IPF row error: 13.847756, col error: 0.000000
IPF converged at iteration 31
IPF row error: 13.847756, col error: 0.000000
Starting Iterative Proportional Fitting (IPF)...
Starting Iterative Proportional Fitting (IPF)...
IPF converged at iteration 31
IPF row error: 13.847756, col error: 0.000000
Starting Iterative Proportional Fitting (IPF)...
IPF converged at iteration 31
IPF row error: 13.847756, col error: 0.000000
Starting Iterative Proportional Fitting (IPF)...
IPF converged at iteration 31
IPF row error: 13.847756, col error: 0.000000
IPF converged at iteration 31
IPF row error: 13.829213, col error: 0.000000
Starting Iterative Proportional Fitting (IPF)...
Starting Iterative Proportional Fitting (IPF)...
IPF converged at iteration 31
IPF row error: 13.829213, col error: 0.000000
Starting Iterative Proportional Fitting (IPF)...
IPF converged at iteration 31
IPF row error: 13.829213, col error: 0.000000
Starting Iterative Proportional Fitting (IPF)...
IPF converged at iteration 30
IPF row error: 14.550425, col error: 0.000000
IPF converged at iteration 31
IPF row error: 13.829213, col error: 0.000000
Starting Iterative Proportional Fitting (IPF)...
Starting Iterative Proportional Fitting (IPF)...
IPF converged at iteration 36
IPF row error: 4.309439, col error: 0.000000
Starting Iterative Proportional Fitting (IPF)...
IPF converged at iteration 31
IPF row error: 13.829213, col error: 0.000000
Starting Iterative Proportional Fitting (IPF)...
IPF converged at iteration 31
IPF row error: 13.829213, col error: 0.000000
IPF converged at iteration 31
IPF row error: 13.829213, col error: 0.000000
Starting Iterative Proportional Fitting (IPF)...
Starting Iterative Proportional Fitting (IPF)...
IPF converged at iteration 31
IPF row error: 13.829213, col error: 0.000000
  [2019/test] 진행 510/1750 (29.1%) | 누적 CPC 0.3030 | RMSE 227.8493 | %RMSE 22.9354 | 경과 5.2분 | 예상 남음 12.6분
Starting Iterative Proportional Fitting (IPF)...
IPF converged at iteration 32
IPF row error: 10.373977, col error: 0.000000
IPF converged at iteration 24
IPF row error: 25.531138, col error: 0.000000
Starting Iterative Proportional Fitting (IPF)...
IPF converged at iteration 28
IPF row error: 16.859513, col error: 0.000000
Starting Iterative Proportional Fitting (IPF)...
Starting Iterative Proportional Fitting (IPF)...
IPF converged at iteration 31
IPF row error: 10.927300, col error: 0.000000
Starting Iterative Proportional Fitting (IPF)...
IPF converged at iteration 31
IPF converged at iteration 30
IPF row error: 13.829213, col error: 0.000000
IPF row error: 16.862256, col error: 0.000000
IPF converged at iteration 30
IPF row error: 10.952702, col error: 0.000000
Starting Iterative Proportional Fitting (IPF)...
Starting Iterative Proportional Fitting (IPF)...
Starting Iterative Proportional Fitting (IPF)...
IPF converged at iteration 24
IPF row error: 39.880341, col error: 0.000000
Starting Iterative Proportional Fitting (IPF)...
IPF converged at iteration 28
IPF row error: 14.166907, col error: 0.000000
IPF converged at iteration 31
Starting Iterative Proportional Fitting (IPF)...
IPF row error: 11.817266, col error: 0.000000
IPF converged at iteration 31
IPF row error: 13.829213, col error: 0.000000
Starting Iterative Proportional Fitting (IPF)...
Starting Iterative Proportional Fitting (IPF)...
IPF converged at iteration 28
IPF row error: 16.091890, col error: 0.000000
Starting Iterative Proportional Fitting (IPF)...
IPF converged at iteration 25
IPF row error: 25.041623, col error: 0.000000
Starting Iterative Proportional Fitting (IPF)...
IPF converged at iteration 28
IPF row error: 16.106203, col error: 0.000000
Starting Iterative Proportional Fitting (IPF)...
IPF converged at iteration 33
IPF row error: 7.733601, col error: 0.000000
Starting Iterative Proportional Fitting (IPF)...
IPF converged at iteration 32
IPF row error: 10.780136, col error: 0.000000
Starting Iterative Proportional Fitting (IPF)...
IPF converged at iteration 31
IPF row error: 12.583174, col error: 0.000000
Starting Iterative Proportional Fitting (IPF)...
IPF converged at iteration 29
IPF row error: 14.043304, col error: 0.000000
Starting Iterative Proportional Fitting (IPF)...
IPF converged at iteration 31
IPF row error: 13.829213, col error: 0.000000
Starting Iterative Proportional Fitting (IPF)...
IPF converged at iteration 30
IPF row error: 10.291412, col error: 0.000000
IPF converged at iteration 29
IPF row error: 11.298429, col error: 0.000000
Starting Iterative Proportional Fitting (IPF)...
Starting Iterative Proportional Fitting (IPF)...
IPF converged at iteration 32
IPF row error: 10.542831, col error: 0.000000
Starting Iterative Proportional Fitting (IPF)...
IPF converged at iteration 66
IPF row error: 1.424220, col error: 0.000000
IPF converged at iteration 29
Starting Iterative Proportional Fitting (IPF)...
IPF row error: 17.832382, col error: 0.000000
Starting Iterative Proportional Fitting (IPF)...
IPF converged at iteration 44
IPF row error: 1.356874, col error: 0.000000
Starting Iterative Proportional Fitting (IPF)...
IPF converged at iteration 27
IPF row error: 15.300882, col error: 0.000000
IPF converged at iteration 32
IPF row error: 10.903636, col error: 0.000000
Starting Iterative Proportional Fitting (IPF)...
IPF converged at iteration 48
IPF row error: 1.252313, col error: 0.000000
Starting Iterative Proportional Fitting (IPF)...
Starting Iterative Proportional Fitting (IPF)...
IPF converged at iteration 31
IPF row error: 13.829213, col error: 0.000000
Starting Iterative Proportional Fitting (IPF)...
IPF converged at iteration 31
IPF row error: 13.829213, col error: 0.000000
  [2019/test] 진행 540/1750 (30.9%) | 누적 CPC 0.3024 | RMSE 218.1315 | %RMSE 22.3304 | 경과 5.5분 | 예상 남음 12.3분
IPF converged at iteration 31
IPF row error: 13.829213, col error: 0.000000
IPF converged at iteration 29
IPF row error: 10.984618, col error: 0.000000
Starting Iterative Proportional Fitting (IPF)...
Starting Iterative Proportional Fitting (IPF)...
Starting Iterative Proportional Fitting (IPF)...
IPF converged at iteration 31
IPF row error: 13.829213, col error: 0.000000
IPF converged at iteration 31
IPF row error: 13.829213, col error: 0.000000
IPF converged at iteration 31
Starting Iterative Proportional Fitting (IPF)...
IPF row error: 13.829213, col error: 0.000000
Starting Iterative Proportional Fitting (IPF)...
Starting Iterative Proportional Fitting (IPF)...
IPF converged at iteration 70
IPF row error: 1.361332, col error: 0.000000
Starting Iterative Proportional Fitting (IPF)...
IPF converged at iteration 27
IPF row error: 18.928514, col error: 0.000000
IPF converged at iteration 31
IPF row error: 13.829213, col error: 0.000000
IPF converged at iteration 31
Starting Iterative Proportional Fitting (IPF)...
IPF row error: 13.829213, col error: 0.000000
Starting Iterative Proportional Fitting (IPF)...
Starting Iterative Proportional Fitting (IPF)...
IPF converged at iteration 31
IPF row error: 13.829213, col error: 0.000000
IPF converged at iteration 26
Starting Iterative Proportional Fitting (IPF)...
IPF row error: 15.708446, col error: 0.000000
Starting Iterative Proportional Fitting (IPF)...
IPF converged at iteration 31
IPF row error: 13.664690, col error: 0.000000
IPF converged at iteration 29
IPF row error: 16.433209, col error: 0.000000
Starting Iterative Proportional Fitting (IPF)...
Starting Iterative Proportional Fitting (IPF)...
IPF converged at iteration 31
IPF row error: 13.664690, col error: 0.000000
IPF converged at iteration 31
IPF row error: 13.664690, col error: 0.000000
Starting Iterative Proportional Fitting (IPF)...
Starting Iterative Proportional Fitting (IPF)...
IPF converged at iteration 31
IPF converged at iteration 31
IPF row error: 13.664690, col error: 0.000000
IPF row error: 13.664690, col error: 0.000000
Starting Iterative Proportional Fitting (IPF)...
Starting Iterative Proportional Fitting (IPF)...
IPF converged at iteration 31
IPF row error: 13.664690, col error: 0.000000
IPF converged at iteration 30
IPF row error: 17.221938, col error: 0.000000
Starting Iterative Proportional Fitting (IPF)...
Starting Iterative Proportional Fitting (IPF)...
IPF converged at iteration 31
IPF row error: 13.664690, col error: 0.000000
Starting Iterative Proportional Fitting (IPF)...
IPF converged at iteration 43
IPF row error: 1.315526, col error: 0.000000
Starting Iterative Proportional Fitting (IPF)...
IPF converged at iteration 31
IPF row error: 13.664690, col error: 0.000000
IPF converged at iteration 31
IPF row error: 13.664690, col error: 0.000000
Starting Iterative Proportional Fitting (IPF)...
Starting Iterative Proportional Fitting (IPF)...
IPF converged at iteration 31
IPF row error: 13.664690, col error: 0.000000
Starting Iterative Proportional Fitting (IPF)...
IPF converged at iteration 31
IPF row error: 13.664690, col error: 0.000000
IPF converged at iteration 58
IPF converged at iteration 31
IPF row error: 12.414867, col error: 0.000000IPF row error: 1.408350, col error: 0.000000

Starting Iterative Proportional Fitting (IPF)...
Starting Iterative Proportional Fitting (IPF)...Starting Iterative Proportional Fitting (IPF)...

IPF converged at iteration 26
IPF row error: 23.089046, col error: 0.000000
Starting Iterative Proportional Fitting (IPF)...
IPF converged at iteration 32
IPF converged at iteration 30
IPF row error: 11.859831, col error: 0.000000
IPF row error: 16.388334, col error: 0.000000
  [2019/test] 진행 570/1750 (32.6%) | 누적 CPC 0.2985 | RMSE 217.2484 | %RMSE 23.3085 | 경과 5.8분 | 예상 남음 12.0분
Starting Iterative Proportional Fitting (IPF)...
Starting Iterative Proportional Fitting (IPF)...
IPF converged at iteration 36
IPF row error: 3.839856, col error: 0.000000
Starting Iterative Proportional Fitting (IPF)...
IPF converged at iteration 29
IPF row error: 12.743225, col error: 0.000000
Starting Iterative Proportional Fitting (IPF)...
IPF converged at iteration 30
IPF row error: 11.145003, col error: 0.000000
Starting Iterative Proportional Fitting (IPF)...
IPF converged at iteration 31
IPF row error: 13.664690, col error: 0.000000
Starting Iterative Proportional Fitting (IPF)...
IPF converged at iteration 31
IPF row error: 8.796335, col error: 0.000000
Starting Iterative Proportional Fitting (IPF)...
IPF converged at iteration 57
IPF row error: 5.337444, col error: 0.000000
Starting Iterative Proportional Fitting (IPF)...
IPF converged at iteration 31
IPF row error: 13.664690, col error: 0.000000
Starting Iterative Proportional Fitting (IPF)...
IPF converged at iteration 31
IPF row error: 13.664690, col error: 0.000000
Starting Iterative Proportional Fitting (IPF)...
IPF converged at iteration 31
IPF row error: 13.664690, col error: 0.000000
Starting Iterative Proportional Fitting (IPF)...
IPF converged at iteration 31
IPF row error: 13.664690, col error: 0.000000
Starting Iterative Proportional Fitting (IPF)...
IPF converged at iteration 31
IPF row error: 13.664690, col error: 0.000000
Starting Iterative Proportional Fitting (IPF)...
IPF converged at iteration 30
IPF row error: 18.123203, col error: 0.000000
Starting Iterative Proportional Fitting (IPF)...
IPF converged at iteration 27
IPF row error: 15.919171, col error: 0.000000
Starting Iterative Proportional Fitting (IPF)...
IPF converged at iteration 31
IPF row error: 13.664690, col error: 0.000000
Starting Iterative Proportional Fitting (IPF)...
IPF converged at iteration 29
IPF row error: 21.640205, col error: 0.000000
Starting Iterative Proportional Fitting (IPF)...
IPF converged at iteration 31
IPF row error: 13.664690, col error: 0.000000
IPF converged at iteration 31
Starting Iterative Proportional Fitting (IPF)...
IPF row error: 13.664690, col error: 0.000000
Starting Iterative Proportional Fitting (IPF)...
IPF converged at iteration 28
IPF row error: 23.934402, col error: 0.000000
Starting Iterative Proportional Fitting (IPF)...
IPF converged at iteration 31
IPF row error: 13.664690, col error: 0.000000
Starting Iterative Proportional Fitting (IPF)...
IPF converged at iteration 31
IPF row error: 13.664690, col error: 0.000000
IPF converged at iteration 31
Starting Iterative Proportional Fitting (IPF)...
IPF row error: 13.664690, col error: 0.000000
Starting Iterative Proportional Fitting (IPF)...
IPF converged at iteration 29
IPF row error: 17.004580, col error: 0.000000
Starting Iterative Proportional Fitting (IPF)...
IPF converged at iteration 32
IPF row error: 10.913843, col error: 0.000000
IPF converged at iteration 28
IPF row error: 10.221143, col error: 0.000000
Starting Iterative Proportional Fitting (IPF)...
Starting Iterative Proportional Fitting (IPF)...
IPF converged at iteration 31
IPF row error: 13.664690, col error: 0.000000
Starting Iterative Proportional Fitting (IPF)...
IPF converged at iteration 29
IPF row error: 11.535731, col error: 0.000000
Starting Iterative Proportional Fitting (IPF)...
IPF converged at iteration 28
IPF row error: 16.428859, col error: 0.000000
Starting Iterative Proportional Fitting (IPF)...
IPF converged at iteration 31
IPF row error: 13.664690, col error: 0.000000
Starting Iterative Proportional Fitting (IPF)...
IPF converged at iteration 30
IPF row error: 12.110970, col error: 0.000000
Starting Iterative Proportional Fitting (IPF)...
IPF converged at iteration 30
IPF row error: 13.868622, col error: 0.000000
  [2019/test] 진행 600/1750 (34.3%) | 누적 CPC 0.2933 | RMSE 220.3039 | %RMSE 24.9364 | 경과 6.1분 | 예상 남음 11.7분
Starting Iterative Proportional Fitting (IPF)...
IPF converged at iteration 30
IPF row error: 15.084761, col error: 0.000000
Starting Iterative Proportional Fitting (IPF)...
IPF converged at iteration 30
IPF row error: 12.754069, col error: 0.000000
Starting Iterative Proportional Fitting (IPF)...
IPF converged at iteration 31
IPF row error: 13.852396, col error: 0.000000
Starting Iterative Proportional Fitting (IPF)...
IPF converged at iteration 31
IPF converged at iteration 36
IPF row error: 13.852396, col error: 0.000000
IPF row error: 3.728472, col error: 0.000000
Starting Iterative Proportional Fitting (IPF)...
Starting Iterative Proportional Fitting (IPF)...
IPF converged at iteration 31
IPF row error: 13.270255, col error: 0.000000
IPF converged at iteration 54
IPF row error: 1.436354, col error: 0.000000
Starting Iterative Proportional Fitting (IPF)...
Starting Iterative Proportional Fitting (IPF)...
IPF converged at iteration 27
IPF row error: 18.993984, col error: 0.000000
Starting Iterative Proportional Fitting (IPF)...
IPF converged at iteration 31
IPF row error: 13.852396, col error: 0.000000
Starting Iterative Proportional Fitting (IPF)...
IPF converged at iteration 28
IPF converged at iteration 31
IPF row error: 15.583345, col error: 0.000000
IPF row error: 13.852396, col error: 0.000000
Starting Iterative Proportional Fitting (IPF)...
Starting Iterative Proportional Fitting (IPF)...
IPF converged at iteration 35
IPF row error: 6.729682, col error: 0.000000
IPF converged at iteration 31
IPF row error: 13.852396, col error: 0.000000
IPF converged at iteration 28
Starting Iterative Proportional Fitting (IPF)...
IPF row error: 13.458451, col error: 0.000000
Starting Iterative Proportional Fitting (IPF)...
IPF converged at iteration 29
IPF row error: 22.702473, col error: 0.000000
Starting Iterative Proportional Fitting (IPF)...
Starting Iterative Proportional Fitting (IPF)...
IPF converged at iteration 31
IPF row error: 13.852396, col error: 0.000000
IPF converged at iteration 31
IPF row error: 13.852396, col error: 0.000000
IPF converged at iteration 29
Starting Iterative Proportional Fitting (IPF)...
IPF row error: 16.578152, col error: 0.000000
IPF converged at iteration 31
IPF row error: 13.852396, col error: 0.000000
Starting Iterative Proportional Fitting (IPF)...
Starting Iterative Proportional Fitting (IPF)...
Starting Iterative Proportional Fitting (IPF)...
IPF converged at iteration 31
IPF row error: 13.852396, col error: 0.000000
IPF converged at iteration 31
IPF converged at iteration 28
IPF row error: 13.574215, col error: 0.000000
IPF row error: 24.949085, col error: 0.000000
IPF converged at iteration 31
IPF row error: 13.852396, col error: 0.000000
Starting Iterative Proportional Fitting (IPF)...
Starting Iterative Proportional Fitting (IPF)...
Starting Iterative Proportional Fitting (IPF)...
Starting Iterative Proportional Fitting (IPF)...
IPF converged at iteration 29
IPF row error: 14.199750, col error: 0.000000
IPF converged at iteration 32
IPF converged at iteration 31
IPF row error: 12.422240, col error: 0.000000
IPF row error: 13.852396, col error: 0.000000
IPF converged at iteration 31
Starting Iterative Proportional Fitting (IPF)...
IPF row error: 13.852396, col error: 0.000000
Starting Iterative Proportional Fitting (IPF)...
Starting Iterative Proportional Fitting (IPF)...
Starting Iterative Proportional Fitting (IPF)...
IPF converged at iteration 31
IPF row error: 13.852396, col error: 0.000000
IPF converged at iteration 31
IPF converged at iteration 31
IPF row error: 13.852396, col error: 0.000000
IPF row error: 13.852396, col error: 0.000000
  [2019/test] 진행 630/1750 (36.0%) | 누적 CPC 0.2919 | RMSE 220.9966 | %RMSE 25.3027 | 경과 6.4분 | 예상 남음 11.4분
IPF converged at iteration 31
IPF row error: 12.811850, col error: 0.000000
Starting Iterative Proportional Fitting (IPF)...
Starting Iterative Proportional Fitting (IPF)...
Starting Iterative Proportional Fitting (IPF)...
Starting Iterative Proportional Fitting (IPF)...
IPF converged at iteration 31
IPF row error: 13.852396, col error: 0.000000
IPF converged at iteration 31
IPF converged at iteration 31
IPF row error: 13.852396, col error: 0.000000
IPF row error: 13.852396, col error: 0.000000
IPF converged at iteration 31
Starting Iterative Proportional Fitting (IPF)...
IPF row error: 13.852396, col error: 0.000000
Starting Iterative Proportional Fitting (IPF)...
Starting Iterative Proportional Fitting (IPF)...
Starting Iterative Proportional Fitting (IPF)...
IPF converged at iteration 31
IPF row error: 13.852396, col error: 0.000000
IPF converged at iteration 32
IPF converged at iteration 31
IPF converged at iteration 32
IPF row error: 6.736524, col error: 0.000000
Starting Iterative Proportional Fitting (IPF)...
IPF row error: 13.031879, col error: 0.000000IPF row error: 11.898215, col error: 0.000000

Starting Iterative Proportional Fitting (IPF)...
Starting Iterative Proportional Fitting (IPF)...Starting Iterative Proportional Fitting (IPF)...

IPF converged at iteration 31
IPF row error: 13.852396, col error: 0.000000
IPF converged at iteration 31
IPF converged at iteration 31
IPF converged at iteration 31
IPF row error: 13.852396, col error: 0.000000
IPF row error: 13.852396, col error: 0.000000
IPF row error: 13.852396, col error: 0.000000
Starting Iterative Proportional Fitting (IPF)...
Starting Iterative Proportional Fitting (IPF)...
Starting Iterative Proportional Fitting (IPF)...
Starting Iterative Proportional Fitting (IPF)...
IPF converged at iteration 29
IPF row error: 33.507363, col error: 0.000000
IPF converged at iteration 29
IPF row error: 10.821183, col error: 0.000000
IPF converged at iteration 32
IPF row error: 7.976871, col error: 0.000000
Starting Iterative Proportional Fitting (IPF)...
Starting Iterative Proportional Fitting (IPF)...
Starting Iterative Proportional Fitting (IPF)...
IPF converged at iteration 50
IPF row error: 1.278629, col error: 0.000000
Starting Iterative Proportional Fitting (IPF)...
IPF converged at iteration 29
IPF row error: 14.598047, col error: 0.000000
Starting Iterative Proportional Fitting (IPF)...
IPF converged at iteration 31
IPF row error: 13.852396, col error: 0.000000
Starting Iterative Proportional Fitting (IPF)...
IPF converged at iteration 30
IPF row error: 13.272622, col error: 0.000000
Starting Iterative Proportional Fitting (IPF)...
IPF converged at iteration 56
IPF row error: 1.276486, col error: 0.000000
Starting Iterative Proportional Fitting (IPF)...
IPF converged at iteration 31
IPF row error: 13.550874, col error: 0.000000
Starting Iterative Proportional Fitting (IPF)...
IPF converged at iteration 44
IPF row error: 1.221339, col error: 0.000000
Starting Iterative Proportional Fitting (IPF)...
IPF converged at iteration 31
IPF row error: 13.552491, col error: 0.000000
Starting Iterative Proportional Fitting (IPF)...
IPF converged at iteration 31
IPF row error: 13.550874, col error: 0.000000
Starting Iterative Proportional Fitting (IPF)...
IPF converged at iteration 31
IPF row error: 13.550874, col error: 0.000000
Starting Iterative Proportional Fitting (IPF)...
IPF converged at iteration 31
IPF row error: 13.550874, col error: 0.000000
Starting Iterative Proportional Fitting (IPF)...
IPF converged at iteration 31
IPF row error: 10.235214, col error: 0.000000
Starting Iterative Proportional Fitting (IPF)...
IPF converged at iteration 31
IPF row error: 13.550874, col error: 0.000000
Starting Iterative Proportional Fitting (IPF)...
IPF converged at iteration 31
IPF row error: 13.550874, col error: 0.000000
  [2019/test] 진행 660/1750 (37.7%) | 누적 CPC 0.2930 | RMSE 222.4724 | %RMSE 25.4233 | 경과 6.7분 | 예상 남음 11.1분
Starting Iterative Proportional Fitting (IPF)...
IPF converged at iteration 31
IPF row error: 13.550874, col error: 0.000000
Starting Iterative Proportional Fitting (IPF)...
IPF converged at iteration 31
IPF row error: 13.550874, col error: 0.000000
Starting Iterative Proportional Fitting (IPF)...
IPF converged at iteration 31
IPF row error: 12.520873, col error: 0.000000
IPF converged at iteration 43
IPF row error: 1.224924, col error: 0.000000
Starting Iterative Proportional Fitting (IPF)...
Starting Iterative Proportional Fitting (IPF)...
IPF converged at iteration 31
IPF row error: 13.550874, col error: 0.000000
Starting Iterative Proportional Fitting (IPF)...
IPF converged at iteration 31
IPF row error: 13.550874, col error: 0.000000
Starting Iterative Proportional Fitting (IPF)...
IPF converged at iteration 31
IPF row error: 13.550874, col error: 0.000000
IPF converged at iteration 31
IPF row error: 13.550874, col error: 0.000000
Starting Iterative Proportional Fitting (IPF)...
Starting Iterative Proportional Fitting (IPF)...
IPF converged at iteration 31
IPF row error: 13.550874, col error: 0.000000
Starting Iterative Proportional Fitting (IPF)...
IPF converged at iteration 31
IPF row error: 13.550874, col error: 0.000000
Starting Iterative Proportional Fitting (IPF)...
IPF converged at iteration 25
IPF row error: 30.252143, col error: 0.000000
Starting Iterative Proportional Fitting (IPF)...
IPF converged at iteration 32
IPF row error: 21.680946, col error: 0.000000
Starting Iterative Proportional Fitting (IPF)...
IPF converged at iteration 31
IPF row error: 13.550874, col error: 0.000000
Starting Iterative Proportional Fitting (IPF)...
IPF converged at iteration 31
IPF row error: 13.482285, col error: 0.000000
Starting Iterative Proportional Fitting (IPF)...
IPF converged at iteration 47
IPF row error: 1.454021, col error: 0.000000
IPF converged at iteration 31
Starting Iterative Proportional Fitting (IPF)...
IPF row error: 13.550874, col error: 0.000000
Starting Iterative Proportional Fitting (IPF)...
IPF converged at iteration 31
IPF row error: 13.550874, col error: 0.000000
Starting Iterative Proportional Fitting (IPF)...
IPF converged at iteration 29
IPF row error: 15.098202, col error: 0.000000
Starting Iterative Proportional Fitting (IPF)...
IPF converged at iteration 27
IPF row error: 18.928857, col error: 0.000000
IPF converged at iteration 33
IPF row error: 8.017010, col error: 0.000000
Starting Iterative Proportional Fitting (IPF)...
Starting Iterative Proportional Fitting (IPF)...
IPF converged at iteration 30
IPF row error: 16.186050, col error: 0.000000
Starting Iterative Proportional Fitting (IPF)...
IPF converged at iteration 29
IPF row error: 12.885200, col error: 0.000000
Starting Iterative Proportional Fitting (IPF)...
IPF converged at iteration 30
IPF row error: 12.046818, col error: 0.000000
Starting Iterative Proportional Fitting (IPF)...
IPF converged at iteration 31
IPF row error: 13.550874, col error: 0.000000
Starting Iterative Proportional Fitting (IPF)...
IPF converged at iteration 60
IPF row error: 1.412172, col error: 0.000000
Starting Iterative Proportional Fitting (IPF)...
IPF converged at iteration 28
IPF row error: 21.594923, col error: 0.000000
Starting Iterative Proportional Fitting (IPF)...
IPF converged at iteration 46
IPF row error: 1.423123, col error: 0.000000
IPF converged at iteration 31
IPF row error: 13.550874, col error: 0.000000
Starting Iterative Proportional Fitting (IPF)...
Starting Iterative Proportional Fitting (IPF)...
IPF converged at iteration 32
IPF row error: 11.073556, col error: 0.000000
IPF converged at iteration 31
Starting Iterative Proportional Fitting (IPF)...
IPF row error: 13.550874, col error: 0.000000
  [2019/test] 진행 690/1750 (39.4%) | 누적 CPC 0.2985 | RMSE 227.3510 | %RMSE 25.2473 | 경과 7.0분 | 예상 남음 10.8분
Starting Iterative Proportional Fitting (IPF)...
IPF converged at iteration 28
IPF row error: 21.851817, col error: 0.000000
Starting Iterative Proportional Fitting (IPF)...
IPF converged at iteration 31
IPF row error: 13.550874, col error: 0.000000
Starting Iterative Proportional Fitting (IPF)...
IPF converged at iteration 26
IPF row error: 29.015441, col error: 0.000000
Starting Iterative Proportional Fitting (IPF)...
IPF converged at iteration 31
IPF row error: 11.535265, col error: 0.000000
Starting Iterative Proportional Fitting (IPF)...
IPF converged at iteration 31
IPF row error: 13.550874, col error: 0.000000
Starting Iterative Proportional Fitting (IPF)...
IPF converged at iteration 31
IPF row error: 13.550874, col error: 0.000000
Starting Iterative Proportional Fitting (IPF)...
IPF converged at iteration 29
IPF converged at iteration 39
IPF row error: 13.667402, col error: 0.000000
IPF row error: 1.920611, col error: 0.000000
Starting Iterative Proportional Fitting (IPF)...
Starting Iterative Proportional Fitting (IPF)...
IPF converged at iteration 33
IPF row error: 8.428113, col error: 0.000000
IPF converged at iteration 31
IPF row error: 13.550874, col error: 0.000000
Starting Iterative Proportional Fitting (IPF)...
Starting Iterative Proportional Fitting (IPF)...
IPF converged at iteration 39
IPF row error: 1.907880, col error: 0.000000
Starting Iterative Proportional Fitting (IPF)...
IPF converged at iteration 52
IPF row error: 1.424630, col error: 0.000000
Starting Iterative Proportional Fitting (IPF)...
IPF converged at iteration 52
IPF row error: 1.418035, col error: 0.000000
IPF converged at iteration 52
IPF row error: 1.423251, col error: 0.000000
Starting Iterative Proportional Fitting (IPF)...
Starting Iterative Proportional Fitting (IPF)...
IPF converged at iteration 29
IPF row error: 14.966108, col error: 0.000000
Starting Iterative Proportional Fitting (IPF)...
IPF converged at iteration 64
IPF row error: 1.421792, col error: 0.000000
IPF converged at iteration 52
IPF row error: 1.417953, col error: 0.000000
Starting Iterative Proportional Fitting (IPF)...
Starting Iterative Proportional Fitting (IPF)...
IPF converged at iteration 31
IPF row error: 13.415963, col error: 0.000000
IPF converged at iteration 64
IPF row error: 1.411388, col error: 0.000000
Starting Iterative Proportional Fitting (IPF)...
Starting Iterative Proportional Fitting (IPF)...
IPF converged at iteration 28
IPF row error: 15.055959, col error: 0.000000
Starting Iterative Proportional Fitting (IPF)...
IPF converged at iteration 58
IPF row error: 1.465968, col error: 0.000000
Starting Iterative Proportional Fitting (IPF)...
IPF converged at iteration 40
IPF row error: 1.839118, col error: 0.000000
IPF converged at iteration 52
IPF row error: 1.424630, col error: 0.000000
Starting Iterative Proportional Fitting (IPF)...
Starting Iterative Proportional Fitting (IPF)...
IPF converged at iteration 64
IPF row error: 1.411388, col error: 0.000000
Starting Iterative Proportional Fitting (IPF)...
IPF converged at iteration 30
IPF row error: 12.276415, col error: 0.000000
Starting Iterative Proportional Fitting (IPF)...
IPF converged at iteration 37
IPF row error: 3.324861, col error: 0.000000
Starting Iterative Proportional Fitting (IPF)...
IPF converged at iteration 58
IPF row error: 1.457205, col error: 0.000000
Starting Iterative Proportional Fitting (IPF)...
IPF converged at iteration 52
IPF row error: 1.424630, col error: 0.000000
IPF converged at iteration 64
IPF row error: 1.424768, col error: 0.000000
Starting Iterative Proportional Fitting (IPF)...
Starting Iterative Proportional Fitting (IPF)...
IPF converged at iteration 64
IPF row error: 1.409636, col error: 0.000000
  [2019/test] 진행 720/1750 (41.1%) | 누적 CPC 0.2964 | RMSE 235.6622 | %RMSE 25.1496 | 경과 7.4분 | 예상 남음 10.7분
Starting Iterative Proportional Fitting (IPF)...
IPF converged at iteration 52
IPF row error: 1.395407, col error: 0.000000
Starting Iterative Proportional Fitting (IPF)...
IPF converged at iteration 52
IPF row error: 1.407687, col error: 0.000000
IPF converged at iteration 52
IPF row error: 1.411673, col error: 0.000000
Starting Iterative Proportional Fitting (IPF)...
Starting Iterative Proportional Fitting (IPF)...
IPF converged at iteration 52
IPF row error: 1.400321, col error: 0.000000
Starting Iterative Proportional Fitting (IPF)...
IPF converged at iteration 52
IPF row error: 1.420568, col error: 0.000000
Starting Iterative Proportional Fitting (IPF)...
IPF converged at iteration 52
IPF row error: 1.408445, col error: 0.000000
Starting Iterative Proportional Fitting (IPF)...
IPF converged at iteration 64
IPF row error: 1.422948, col error: 0.000000
Starting Iterative Proportional Fitting (IPF)...
IPF converged at iteration 31
IPF row error: 12.896043, col error: 0.000000
Starting Iterative Proportional Fitting (IPF)...
IPF converged at iteration 29
IPF row error: 12.636988, col error: 0.000000
Starting Iterative Proportional Fitting (IPF)...
IPF converged at iteration 64
IPF row error: 1.421792, col error: 0.000000
Starting Iterative Proportional Fitting (IPF)...
IPF converged at iteration 37
IPF row error: 3.269865, col error: 0.000000
Starting Iterative Proportional Fitting (IPF)...
IPF converged at iteration 38
IPF row error: 2.620479, col error: 0.000000
IPF converged at iteration 27
IPF row error: 16.713432, col error: 0.000000
Starting Iterative Proportional Fitting (IPF)...
Starting Iterative Proportional Fitting (IPF)...
IPF converged at iteration 29
IPF row error: 9.590227, col error: 0.000000
Starting Iterative Proportional Fitting (IPF)...
IPF converged at iteration 28
IPF row error: 14.620784, col error: 0.000000
Starting Iterative Proportional Fitting (IPF)...
IPF converged at iteration 28
IPF row error: 10.616502, col error: 0.000000
IPF converged at iteration 30
Starting Iterative Proportional Fitting (IPF)...
IPF row error: 20.496418, col error: 0.000000
Starting Iterative Proportional Fitting (IPF)...
IPF converged at iteration 30
IPF row error: 14.004633, col error: 0.000000
IPF converged at iteration 52
IPF row error: 1.418035, col error: 0.000000
Starting Iterative Proportional Fitting (IPF)...
Starting Iterative Proportional Fitting (IPF)...
IPF converged at iteration 52
IPF row error: 1.421825, col error: 0.000000
Starting Iterative Proportional Fitting (IPF)...
IPF converged at iteration 49
IPF row error: 1.358956, col error: 0.000000
Starting Iterative Proportional Fitting (IPF)...
IPF converged at iteration 29
IPF row error: 17.087443, col error: 0.000000
IPF converged at iteration 30
IPF row error: 11.368107, col error: 0.000000
Starting Iterative Proportional Fitting (IPF)...
Starting Iterative Proportional Fitting (IPF)...
IPF converged at iteration 31
IPF row error: 11.058464, col error: 0.000000
Starting Iterative Proportional Fitting (IPF)...
IPF converged at iteration 37
IPF row error: 3.875255, col error: 0.000000
Starting Iterative Proportional Fitting (IPF)...
IPF converged at iteration 29
IPF row error: 18.536286, col error: 0.000000
Starting Iterative Proportional Fitting (IPF)...
IPF converged at iteration 52
IPF row error: 1.421825, col error: 0.000000
IPF converged at iteration 29
IPF row error: 13.935117, col error: 0.000000
Starting Iterative Proportional Fitting (IPF)...
Starting Iterative Proportional Fitting (IPF)...
IPF converged at iteration 64
IPF row error: 1.424768, col error: 0.000000
Starting Iterative Proportional Fitting (IPF)...
IPF converged at iteration 52
IPF row error: 1.420568, col error: 0.000000
  [2019/test] 진행 750/1750 (42.9%) | 누적 CPC 0.2891 | RMSE 243.4419 | %RMSE 24.9317 | 경과 7.8분 | 예상 남음 10.4분
Starting Iterative Proportional Fitting (IPF)...
IPF converged at iteration 41
IPF row error: 1.373987, col error: 0.000000
Starting Iterative Proportional Fitting (IPF)...
IPF converged at iteration 53
IPF row error: 5.385214, col error: 0.000000
Starting Iterative Proportional Fitting (IPF)...
IPF converged at iteration 64
IPF row error: 1.358382, col error: 0.000000
Starting Iterative Proportional Fitting (IPF)...
IPF converged at iteration 55
IPF converged at iteration 64
IPF row error: 1.321518, col error: 0.000000
IPF row error: 1.339341, col error: 0.000000
Starting Iterative Proportional Fitting (IPF)...
Starting Iterative Proportional Fitting (IPF)...
IPF converged at iteration 55
IPF row error: 1.335733, col error: 0.000000
Starting Iterative Proportional Fitting (IPF)...
IPF converged at iteration 40
IPF row error: 1.637633, col error: 0.000000
IPF converged at iteration 32
IPF row error: 11.645153, col error: 0.000000
Starting Iterative Proportional Fitting (IPF)...
Starting Iterative Proportional Fitting (IPF)...
IPF converged at iteration 62
IPF row error: 1.356101, col error: 0.000000
Starting Iterative Proportional Fitting (IPF)...
IPF converged at iteration 55
IPF row error: 1.325695, col error: 0.000000
Starting Iterative Proportional Fitting (IPF)...
IPF converged at iteration 55
IPF row error: 1.319187, col error: 0.000000
Starting Iterative Proportional Fitting (IPF)...
IPF converged at iteration 62
IPF row error: 1.356724, col error: 0.000000
Starting Iterative Proportional Fitting (IPF)...
IPF converged at iteration 55
IPF row error: 1.323025, col error: 0.000000
IPF converged at iteration 30
IPF row error: 13.301384, col error: 0.000000
Starting Iterative Proportional Fitting (IPF)...
Starting Iterative Proportional Fitting (IPF)...
IPF converged at iteration 55
IPF row error: 1.325695, col error: 0.000000
Starting Iterative Proportional Fitting (IPF)...
IPF converged at iteration 25
IPF row error: 16.484400, col error: 0.000000
Starting Iterative Proportional Fitting (IPF)...
IPF converged at iteration 55
IPF row error: 1.331245, col error: 0.000000
IPF converged at iteration 31
IPF row error: 5.077158, col error: 0.000000
Starting Iterative Proportional Fitting (IPF)...
Starting Iterative Proportional Fitting (IPF)...
IPF converged at iteration 32
IPF row error: 9.144249, col error: 0.000000
Starting Iterative Proportional Fitting (IPF)...
IPF converged at iteration 31
IPF row error: 11.417838, col error: 0.000000
Starting Iterative Proportional Fitting (IPF)...
IPF converged at iteration 55
IPF row error: 1.335733, col error: 0.000000
Starting Iterative Proportional Fitting (IPF)...
IPF converged at iteration 55
IPF row error: 1.323025, col error: 0.000000
Starting Iterative Proportional Fitting (IPF)...
IPF converged at iteration 26
IPF row error: 17.262768, col error: 0.000000
Starting Iterative Proportional Fitting (IPF)...
IPF converged at iteration 62
IPF row error: 1.316095, col error: 0.000000
Starting Iterative Proportional Fitting (IPF)...
IPF converged at iteration 27
IPF row error: 12.947209, col error: 0.000000
Starting Iterative Proportional Fitting (IPF)...
IPF converged at iteration 32
IPF row error: 10.504241, col error: 0.000000
Starting Iterative Proportional Fitting (IPF)...
IPF converged at iteration 55
IPF row error: 1.335768, col error: 0.000000
Starting Iterative Proportional Fitting (IPF)...
IPF converged at iteration 55
IPF row error: 1.333893, col error: 0.000000
Starting Iterative Proportional Fitting (IPF)...
IPF converged at iteration 62
IPF row error: 1.316095, col error: 0.000000
Starting Iterative Proportional Fitting (IPF)...
IPF converged at iteration 55
IPF row error: 1.319187, col error: 0.000000
  [2019/test] 진행 780/1750 (44.6%) | 누적 CPC 0.2815 | RMSE 242.9321 | %RMSE 24.5751 | 경과 8.3분 | 예상 남음 10.3분
Starting Iterative Proportional Fitting (IPF)...
IPF converged at iteration 31
IPF row error: 10.362387, col error: 0.000000
IPF converged at iteration 55
IPF row error: 1.339275, col error: 0.000000
Starting Iterative Proportional Fitting (IPF)...
Starting Iterative Proportional Fitting (IPF)...
IPF converged at iteration 29
IPF row error: 14.643484, col error: 0.000000
Starting Iterative Proportional Fitting (IPF)...
IPF converged at iteration 29
IPF row error: 16.404104, col error: 0.000000
Starting Iterative Proportional Fitting (IPF)...
IPF converged at iteration 55
IPF row error: 1.331245, col error: 0.000000
Starting Iterative Proportional Fitting (IPF)...
IPF converged at iteration 55
IPF row error: 1.309724, col error: 0.000000
Starting Iterative Proportional Fitting (IPF)...
IPF converged at iteration 35
IPF row error: 6.748506, col error: 0.000000
Starting Iterative Proportional Fitting (IPF)...
IPF converged at iteration 55
IPF row error: 1.319723, col error: 0.000000
Starting Iterative Proportional Fitting (IPF)...
IPF converged at iteration 55
IPF row error: 1.316473, col error: 0.000000
Starting Iterative Proportional Fitting (IPF)...
IPF converged at iteration 55
IPF row error: 1.324443, col error: 0.000000
Starting Iterative Proportional Fitting (IPF)...
IPF converged at iteration 55
IPF row error: 1.321518, col error: 0.000000
Starting Iterative Proportional Fitting (IPF)...
IPF converged at iteration 28
IPF row error: 15.858161, col error: 0.000000
Starting Iterative Proportional Fitting (IPF)...
IPF converged at iteration 62
IPF row error: 1.356724, col error: 0.000000
Starting Iterative Proportional Fitting (IPF)...
IPF converged at iteration 55
IPF row error: 1.322224, col error: 0.000000
Starting Iterative Proportional Fitting (IPF)...
IPF converged at iteration 55
IPF row error: 1.332218, col error: 0.000000
Starting Iterative Proportional Fitting (IPF)...
IPF converged at iteration 55
IPF row error: 1.325695, col error: 0.000000
Starting Iterative Proportional Fitting (IPF)...
IPF converged at iteration 25
IPF row error: 28.542671, col error: 0.000000
Starting Iterative Proportional Fitting (IPF)...IPF converged at iteration 55

IPF row error: 1.325695, col error: 0.000000
Starting Iterative Proportional Fitting (IPF)...
IPF converged at iteration 28
IPF row error: 18.675294, col error: 0.000000
Starting Iterative Proportional Fitting (IPF)...
IPF converged at iteration 31
IPF row error: 13.847756, col error: 0.000000
Starting Iterative Proportional Fitting (IPF)...
IPF converged at iteration 34
IPF row error: 10.375106, col error: 0.000000
Starting Iterative Proportional Fitting (IPF)...
IPF converged at iteration 64
IPF row error: 1.347603, col error: 0.000000
IPF converged at iteration 29
IPF row error: 15.015209, col error: 0.000000
Starting Iterative Proportional Fitting (IPF)...
Starting Iterative Proportional Fitting (IPF)...
IPF converged at iteration 31
IPF row error: 13.847756, col error: 0.000000
Starting Iterative Proportional Fitting (IPF)...
IPF converged at iteration 31
IPF row error: 13.847756, col error: 0.000000
Starting Iterative Proportional Fitting (IPF)...
IPF converged at iteration 30
IPF row error: 14.486039, col error: 0.000000
IPF converged at iteration 28
IPF row error: 20.281351, col error: 0.000000
Starting Iterative Proportional Fitting (IPF)...
Starting Iterative Proportional Fitting (IPF)...
IPF converged at iteration 31
IPF row error: 13.847756, col error: 0.000000
Starting Iterative Proportional Fitting (IPF)...
IPF converged at iteration 30
IPF row error: 13.507780, col error: 0.000000
Starting Iterative Proportional Fitting (IPF)...
IPF converged at iteration 39
IPF row error: 1.898613, col error: 0.000000
  [2019/test] 진행 810/1750 (46.3%) | 누적 CPC 0.2774 | RMSE 242.6005 | %RMSE 24.2103 | 경과 8.7분 | 예상 남음 10.0분
Starting Iterative Proportional Fitting (IPF)...
IPF converged at iteration 45
IPF row error: 1.305693, col error: 0.000000
IPF converged at iteration 30
IPF row error: 16.713416, col error: 0.000000
Starting Iterative Proportional Fitting (IPF)...
Starting Iterative Proportional Fitting (IPF)...
IPF converged at iteration 31
IPF row error: 13.847756, col error: 0.000000
Starting Iterative Proportional Fitting (IPF)...
IPF converged at iteration 31
IPF row error: 13.847756, col error: 0.000000
IPF converged at iteration 28
IPF row error: 13.711493, col error: 0.000000
Starting Iterative Proportional Fitting (IPF)...
Starting Iterative Proportional Fitting (IPF)...
IPF converged at iteration 31
IPF row error: 13.847756, col error: 0.000000
Starting Iterative Proportional Fitting (IPF)...
IPF converged at iteration 31
IPF row error: 13.847756, col error: 0.000000
Starting Iterative Proportional Fitting (IPF)...
IPF converged at iteration 27
IPF row error: 31.925251, col error: 0.000000
IPF converged at iteration 31
IPF row error: 13.847756, col error: 0.000000
Starting Iterative Proportional Fitting (IPF)...
Starting Iterative Proportional Fitting (IPF)...
IPF converged at iteration 31
IPF row error: 13.847756, col error: 0.000000
Starting Iterative Proportional Fitting (IPF)...
IPF converged at iteration 31
IPF row error: 13.847756, col error: 0.000000
Starting Iterative Proportional Fitting (IPF)...
IPF converged at iteration 31
IPF row error: 10.162581, col error: 0.000000
Starting Iterative Proportional Fitting (IPF)...
IPF converged at iteration 34
IPF row error: 8.215337, col error: 0.000000
IPF converged at iteration 28
IPF row error: 14.027164, col error: 0.000000
Starting Iterative Proportional Fitting (IPF)...
Starting Iterative Proportional Fitting (IPF)...
IPF converged at iteration 31
IPF row error: 12.401843, col error: 0.000000
IPF converged at iteration 51
Starting Iterative Proportional Fitting (IPF)...
IPF row error: 1.461268, col error: 0.000000
IPF converged at iteration 31
IPF row error: 13.847756, col error: 0.000000
Starting Iterative Proportional Fitting (IPF)...
IPF converged at iteration 31
IPF row error: 13.847756, col error: 0.000000
Starting Iterative Proportional Fitting (IPF)...
Starting Iterative Proportional Fitting (IPF)...
IPF converged at iteration 31
IPF row error: 13.847756, col error: 0.000000
IPF converged at iteration 31
Starting Iterative Proportional Fitting (IPF)...
IPF row error: 13.847756, col error: 0.000000
IPF converged at iteration 31
IPF row error: 13.132738, col error: 0.000000
IPF converged at iteration 31
Starting Iterative Proportional Fitting (IPF)...
IPF row error: 13.847756, col error: 0.000000
Starting Iterative Proportional Fitting (IPF)...
Starting Iterative Proportional Fitting (IPF)...
IPF converged at iteration 31
IPF row error: 13.847756, col error: 0.000000
IPF converged at iteration 31
IPF row error: 13.847756, col error: 0.000000
IPF converged at iteration 29
Starting Iterative Proportional Fitting (IPF)...
IPF row error: 13.026958, col error: 0.000000
IPF converged at iteration 31
Starting Iterative Proportional Fitting (IPF)...
IPF row error: 13.847756, col error: 0.000000
Starting Iterative Proportional Fitting (IPF)...
Starting Iterative Proportional Fitting (IPF)...
IPF converged at iteration 31
IPF row error: 13.847756, col error: 0.000000
IPF converged at iteration 31
Starting Iterative Proportional Fitting (IPF)...
IPF row error: 13.847756, col error: 0.000000
IPF converged at iteration 31
IPF row error: 13.847756, col error: 0.000000
IPF converged at iteration 31
IPF row error: 13.847756, col error: 0.000000
Starting Iterative Proportional Fitting (IPF)...
  [2019/test] 진행 840/1750 (48.0%) | 누적 CPC 0.2792 | RMSE 241.9006 | %RMSE 23.7606 | 경과 8.9분 | 예상 남음 9.7분
Starting Iterative Proportional Fitting (IPF)...
Starting Iterative Proportional Fitting (IPF)...
IPF converged at iteration 31
IPF row error: 13.847756, col error: 0.000000
IPF converged at iteration 29
IPF row error: 14.647972, col error: 0.000000
Starting Iterative Proportional Fitting (IPF)...
IPF converged at iteration 33
Starting Iterative Proportional Fitting (IPF)...
IPF row error: 10.612798, col error: 0.000000
IPF converged at iteration 31
IPF row error: 13.847756, col error: 0.000000
Starting Iterative Proportional Fitting (IPF)...
Starting Iterative Proportional Fitting (IPF)...
IPF converged at iteration 30
IPF row error: 11.968721, col error: 0.000000
Starting Iterative Proportional Fitting (IPF)...
IPF converged at iteration 31
IPF row error: 10.967769, col error: 0.000000
IPF converged at iteration 31
Starting Iterative Proportional Fitting (IPF)...
IPF row error: 13.847756, col error: 0.000000
IPF converged at iteration 31
IPF row error: 13.847756, col error: 0.000000
Starting Iterative Proportional Fitting (IPF)...
Starting Iterative Proportional Fitting (IPF)...
IPF converged at iteration 31
IPF row error: 13.847756, col error: 0.000000
IPF converged at iteration 31
Starting Iterative Proportional Fitting (IPF)...
IPF row error: 13.847756, col error: 0.000000
Starting Iterative Proportional Fitting (IPF)...
IPF converged at iteration 31
IPF row error: 13.829213, col error: 0.000000
Starting Iterative Proportional Fitting (IPF)...
IPF converged at iteration 30
IPF row error: 30.322627, col error: 0.000000
IPF converged at iteration 59
Starting Iterative Proportional Fitting (IPF)...
IPF row error: 4.875896, col error: 0.000000
IPF converged at iteration 31
IPF row error: 13.829213, col error: 0.000000
Starting Iterative Proportional Fitting (IPF)...
Starting Iterative Proportional Fitting (IPF)...
IPF converged at iteration 40
IPF row error: 1.545277, col error: 0.000000
Starting Iterative Proportional Fitting (IPF)...
IPF converged at iteration 31
IPF row error: 13.829213, col error: 0.000000
IPF converged at iteration 29
Starting Iterative Proportional Fitting (IPF)...
IPF converged at iteration 31
IPF row error: 16.693794, col error: 0.000000
IPF row error: 13.829213, col error: 0.000000
Starting Iterative Proportional Fitting (IPF)...
Starting Iterative Proportional Fitting (IPF)...
IPF converged at iteration 36
IPF row error: 3.833398, col error: 0.000000
Starting Iterative Proportional Fitting (IPF)...
IPF converged at iteration 26
IPF row error: 14.575992, col error: 0.000000
IPF converged at iteration 29
IPF row error: 12.067972, col error: 0.000000
Starting Iterative Proportional Fitting (IPF)...
Starting Iterative Proportional Fitting (IPF)...
IPF converged at iteration 48
IPF row error: 1.375233, col error: 0.000000
Starting Iterative Proportional Fitting (IPF)...
IPF converged at iteration 31
IPF row error: 13.829213, col error: 0.000000
Starting Iterative Proportional Fitting (IPF)...
IPF converged at iteration 31
IPF row error: 14.482443, col error: 0.000000
IPF converged at iteration 30
IPF row error: 15.931742, col error: 0.000000
Starting Iterative Proportional Fitting (IPF)...
Starting Iterative Proportional Fitting (IPF)...
IPF converged at iteration 31
IPF row error: 13.829213, col error: 0.000000
Starting Iterative Proportional Fitting (IPF)...
IPF converged at iteration 31
IPF row error: 11.305074, col error: 0.000000
Starting Iterative Proportional Fitting (IPF)...
IPF converged at iteration 29
IPF converged at iteration 31
IPF row error: 9.778256, col error: 0.000000
IPF row error: 13.829213, col error: 0.000000
Starting Iterative Proportional Fitting (IPF)...
Starting Iterative Proportional Fitting (IPF)...
IPF converged at iteration 31
IPF row error: 13.829213, col error: 0.000000
  [2019/test] 진행 870/1750 (49.7%) | 누적 CPC 0.2801 | RMSE 237.2939 | %RMSE 23.3371 | 경과 9.3분 | 예상 남음 9.4분
Starting Iterative Proportional Fitting (IPF)...
IPF converged at iteration 31
IPF row error: 13.829213, col error: 0.000000
Starting Iterative Proportional Fitting (IPF)...
IPF converged at iteration 31
IPF converged at iteration 31
IPF row error: 13.829213, col error: 0.000000
IPF row error: 13.829213, col error: 0.000000
Starting Iterative Proportional Fitting (IPF)...
Starting Iterative Proportional Fitting (IPF)...
IPF converged at iteration 28
IPF row error: 13.869251, col error: 0.000000
Starting Iterative Proportional Fitting (IPF)...
IPF converged at iteration 31
IPF row error: 13.829213, col error: 0.000000
Starting Iterative Proportional Fitting (IPF)...
IPF converged at iteration 31
IPF row error: 13.829213, col error: 0.000000
Starting Iterative Proportional Fitting (IPF)...
IPF converged at iteration 35
IPF row error: 6.413204, col error: 0.000000
Starting Iterative Proportional Fitting (IPF)...
IPF converged at iteration 31
IPF row error: 13.829213, col error: 0.000000
Starting Iterative Proportional Fitting (IPF)...
IPF converged at iteration 31
IPF row error: 13.829213, col error: 0.000000
Starting Iterative Proportional Fitting (IPF)...
IPF converged at iteration 31
IPF row error: 11.795798, col error: 0.000000
Starting Iterative Proportional Fitting (IPF)...
IPF converged at iteration 31
IPF row error: 9.927021, col error: 0.000000
Starting Iterative Proportional Fitting (IPF)...
IPF converged at iteration 31
IPF row error: 13.829213, col error: 0.000000
Starting Iterative Proportional Fitting (IPF)...
IPF converged at iteration 29
IPF row error: 16.836376, col error: 0.000000
Starting Iterative Proportional Fitting (IPF)...
IPF converged at iteration 28
IPF row error: 12.843576, col error: 0.000000
Starting Iterative Proportional Fitting (IPF)...
IPF converged at iteration 30
IPF row error: 13.427019, col error: 0.000000
Starting Iterative Proportional Fitting (IPF)...
IPF converged at iteration 31
IPF row error: 13.829213, col error: 0.000000
Starting Iterative Proportional Fitting (IPF)...
IPF converged at iteration 32
IPF row error: 9.837959, col error: 0.000000
Starting Iterative Proportional Fitting (IPF)...
IPF converged at iteration 31
IPF row error: 13.829213, col error: 0.000000
Starting Iterative Proportional Fitting (IPF)...
IPF converged at iteration 30
IPF row error: 29.726720, col error: 0.000000
Starting Iterative Proportional Fitting (IPF)...
IPF converged at iteration 28
IPF row error: 17.831820, col error: 0.000000
Starting Iterative Proportional Fitting (IPF)...
IPF converged at iteration 26
IPF converged at iteration 31
IPF row error: 22.802066, col error: 0.000000
IPF row error: 13.829213, col error: 0.000000
IPF converged at iteration 44
IPF row error: 1.374148, col error: 0.000000
Starting Iterative Proportional Fitting (IPF)...
Starting Iterative Proportional Fitting (IPF)...
Starting Iterative Proportional Fitting (IPF)...
IPF converged at iteration 31
IPF row error: 13.829213, col error: 0.000000
Starting Iterative Proportional Fitting (IPF)...
IPF converged at iteration 29
IPF row error: 14.162127, col error: 0.000000
IPF converged at iteration 31
IPF row error: 13.829213, col error: 0.000000
Starting Iterative Proportional Fitting (IPF)...
Starting Iterative Proportional Fitting (IPF)...
IPF converged at iteration 32
IPF row error: 11.543611, col error: 0.000000
Starting Iterative Proportional Fitting (IPF)...
IPF converged at iteration 35
IPF row error: 5.561333, col error: 0.000000
Starting Iterative Proportional Fitting (IPF)...
IPF converged at iteration 31
IPF row error: 13.829213, col error: 0.000000
IPF converged at iteration 31
IPF converged at iteration 28
IPF row error: 13.829213, col error: 0.000000
  [2019/test] 진행 900/1750 (51.4%) | 누적 CPC 0.2805 | RMSE 231.0627 | %RMSE 22.9439 | 경과 9.6분 | 예상 남음 9.0분
IPF row error: 15.159299, col error: 0.000000
Starting Iterative Proportional Fitting (IPF)...
Starting Iterative Proportional Fitting (IPF)...
Starting Iterative Proportional Fitting (IPF)...
IPF converged at iteration 28
IPF row error: 13.315225, col error: 0.000000
IPF converged at iteration 29
IPF row error: 20.824627, col error: 0.000000
Starting Iterative Proportional Fitting (IPF)...
Starting Iterative Proportional Fitting (IPF)...
IPF converged at iteration 57
IPF row error: 1.313273, col error: 0.000000
Starting Iterative Proportional Fitting (IPF)...
IPF converged at iteration 24
IPF row error: 36.552168, col error: 0.000000
Starting Iterative Proportional Fitting (IPF)...
IPF converged at iteration 62
IPF row error: 1.296797, col error: 0.000000
Starting Iterative Proportional Fitting (IPF)...
IPF converged at iteration 29
IPF row error: 13.464794, col error: 0.000000
Starting Iterative Proportional Fitting (IPF)...
IPF converged at iteration 56
IPF row error: 1.444805, col error: 0.000000
Starting Iterative Proportional Fitting (IPF)...
IPF converged at iteration 31
IPF row error: 9.498243, col error: 0.000000
Starting Iterative Proportional Fitting (IPF)...
IPF converged at iteration 30
IPF row error: 14.955508, col error: 0.000000
Starting Iterative Proportional Fitting (IPF)...
IPF converged at iteration 31
IPF row error: 16.741870, col error: 0.000000
Starting Iterative Proportional Fitting (IPF)...
IPF converged at iteration 29
IPF row error: 16.893513, col error: 0.000000
Starting Iterative Proportional Fitting (IPF)...
IPF converged at iteration 30
IPF row error: 16.607168, col error: 0.000000
Starting Iterative Proportional Fitting (IPF)...
IPF converged at iteration 57
IPF row error: 1.304357, col error: 0.000000
IPF converged at iteration 56
Starting Iterative Proportional Fitting (IPF)...
IPF row error: 1.436405, col error: 0.000000
Starting Iterative Proportional Fitting (IPF)...
IPF converged at iteration 56
IPF row error: 1.448428, col error: 0.000000
Starting Iterative Proportional Fitting (IPF)...
IPF converged at iteration 62
IPF row error: 1.289199, col error: 0.000000
Starting Iterative Proportional Fitting (IPF)...
IPF converged at iteration 56
IPF row error: 1.443791, col error: 0.000000
IPF converged at iteration 62
IPF row error: 1.295386, col error: 0.000000
Starting Iterative Proportional Fitting (IPF)...
Starting Iterative Proportional Fitting (IPF)...
IPF converged at iteration 52
IPF row error: 1.410109, col error: 0.000000
Starting Iterative Proportional Fitting (IPF)...
IPF converged at iteration 32
IPF row error: 11.203280, col error: 0.000000
Starting Iterative Proportional Fitting (IPF)...
IPF converged at iteration 32
IPF row error: 14.005952, col error: 0.000000
Starting Iterative Proportional Fitting (IPF)...
IPF converged at iteration 27
IPF row error: 24.140214, col error: 0.000000
IPF converged at iteration 49
IPF row error: 1.450975, col error: 0.000000
Starting Iterative Proportional Fitting (IPF)...
Starting Iterative Proportional Fitting (IPF)...
IPF converged at iteration 29
IPF row error: 18.028510, col error: 0.000000
Starting Iterative Proportional Fitting (IPF)...
IPF converged at iteration 30
IPF row error: 15.746288, col error: 0.000000
Starting Iterative Proportional Fitting (IPF)...
IPF converged at iteration 30
IPF row error: 16.313850, col error: 0.000000
IPF converged at iteration 31
Starting Iterative Proportional Fitting (IPF)...
IPF row error: 11.577698, col error: 0.000000
IPF converged at iteration 27
IPF row error: 15.869439, col error: 0.000000
Starting Iterative Proportional Fitting (IPF)...
Starting Iterative Proportional Fitting (IPF)...
IPF converged at iteration 27
IPF row error: 17.487690, col error: 0.000000
  [2019/test] 진행 930/1750 (53.1%) | 누적 CPC 0.2761 | RMSE 229.7809 | %RMSE 23.3708 | 경과 9.9분 | 예상 남음 8.8분
Starting Iterative Proportional Fitting (IPF)...
IPF converged at iteration 28
IPF row error: 24.142714, col error: 0.000000
Starting Iterative Proportional Fitting (IPF)...
IPF converged at iteration 29
IPF row error: 14.302661, col error: 0.000000
Starting Iterative Proportional Fitting (IPF)...
IPF converged at iteration 39
IPF row error: 2.512347, col error: 0.000000
Starting Iterative Proportional Fitting (IPF)...
IPF converged at iteration 27
IPF row error: 16.074006, col error: 0.000000
Starting Iterative Proportional Fitting (IPF)...
IPF converged at iteration 52
IPF row error: 1.348356, col error: 0.000000
Starting Iterative Proportional Fitting (IPF)...
IPF converged at iteration 53
IPF row error: 1.271494, col error: 0.000000
Starting Iterative Proportional Fitting (IPF)...
IPF converged at iteration 30
IPF row error: 14.589416, col error: 0.000000
Starting Iterative Proportional Fitting (IPF)...
IPF converged at iteration 56
IPF row error: 1.438536, col error: 0.000000
Starting Iterative Proportional Fitting (IPF)...
IPF converged at iteration 57
IPF row error: 1.305152, col error: 0.000000
Starting Iterative Proportional Fitting (IPF)...
IPF converged at iteration 61
IPF row error: 1.446034, col error: 0.000000
Starting Iterative Proportional Fitting (IPF)...
IPF converged at iteration 61
IPF row error: 1.447033, col error: 0.000000
IPF converged at iteration 57
IPF row error: 1.315674, col error: 0.000000
IPF converged at iteration 30
Starting Iterative Proportional Fitting (IPF)...
IPF row error: 12.883814, col error: 0.000000
Starting Iterative Proportional Fitting (IPF)...
Starting Iterative Proportional Fitting (IPF)...
IPF converged at iteration 27
IPF row error: 20.233392, col error: 0.000000
IPF converged at iteration 41
IPF row error: 1.885489, col error: 0.000000
Starting Iterative Proportional Fitting (IPF)...
Starting Iterative Proportional Fitting (IPF)...
IPF converged at iteration 31
IPF row error: 14.714535, col error: 0.000000
Starting Iterative Proportional Fitting (IPF)...
IPF converged at iteration 52
IPF row error: 1.347615, col error: 0.000000
Starting Iterative Proportional Fitting (IPF)...
IPF converged at iteration 29
IPF row error: 17.214208, col error: 0.000000
Starting Iterative Proportional Fitting (IPF)...
IPF converged at iteration 29
IPF row error: 16.227699, col error: 0.000000
Starting Iterative Proportional Fitting (IPF)...
IPF converged at iteration 56
IPF row error: 1.434435, col error: 0.000000
Starting Iterative Proportional Fitting (IPF)...
IPF converged at iteration 29
IPF row error: 14.577084, col error: 0.000000
Starting Iterative Proportional Fitting (IPF)...
IPF converged at iteration 46
IPF row error: 1.227095, col error: 0.000000
Starting Iterative Proportional Fitting (IPF)...
IPF converged at iteration 31
IPF row error: 12.457258, col error: 0.000000
Starting Iterative Proportional Fitting (IPF)...
IPF converged at iteration 66
IPF row error: 1.462310, col error: 0.000000
Starting Iterative Proportional Fitting (IPF)...
IPF converged at iteration 28
IPF row error: 8.910117, col error: 0.000000
Starting Iterative Proportional Fitting (IPF)...
IPF converged at iteration 58
IPF row error: 1.378617, col error: 0.000000
IPF converged at iteration 26
IPF row error: 27.473843, col error: 0.000000
Starting Iterative Proportional Fitting (IPF)...
Starting Iterative Proportional Fitting (IPF)...
IPF converged at iteration 58
IPF row error: 1.398265, col error: 0.000000
Starting Iterative Proportional Fitting (IPF)...
IPF converged at iteration 29
IPF row error: 16.702579, col error: 0.000000
Starting Iterative Proportional Fitting (IPF)...
IPF converged at iteration 32
IPF row error: 11.236742, col error: 0.000000
  [2019/test] 진행 960/1750 (54.9%) | 누적 CPC 0.2721 | RMSE 228.6546 | %RMSE 23.6668 | 경과 10.3분 | 예상 남음 8.5분
IPF converged at iteration 31
IPF row error: 13.618522, col error: 0.000000
Starting Iterative Proportional Fitting (IPF)...
Starting Iterative Proportional Fitting (IPF)...
IPF converged at iteration 32
IPF row error: 11.347667, col error: 0.000000
Starting Iterative Proportional Fitting (IPF)...
IPF converged at iteration 28
IPF row error: 14.161828, col error: 0.000000
IPF converged at iteration 29
IPF row error: 12.462770, col error: 0.000000
Starting Iterative Proportional Fitting (IPF)...
Starting Iterative Proportional Fitting (IPF)...
IPF converged at iteration 30
IPF row error: 15.199365, col error: 0.000000
Starting Iterative Proportional Fitting (IPF)...
IPF converged at iteration 58
IPF row error: 1.388089, col error: 0.000000
Starting Iterative Proportional Fitting (IPF)...
IPF converged at iteration 52
IPF row error: 1.448153, col error: 0.000000
IPF converged at iteration 58
IPF row error: 1.389289, col error: 0.000000
Starting Iterative Proportional Fitting (IPF)...
Starting Iterative Proportional Fitting (IPF)...
IPF converged at iteration 57
IPF row error: 1.429000, col error: 0.000000
Starting Iterative Proportional Fitting (IPF)...
IPF converged at iteration 58
IPF row error: 1.387032, col error: 0.000000
Starting Iterative Proportional Fitting (IPF)...
IPF converged at iteration 28
IPF row error: 15.541967, col error: 0.000000
IPF converged at iteration 37
IPF row error: 4.367370, col error: 0.000000
Starting Iterative Proportional Fitting (IPF)...
Starting Iterative Proportional Fitting (IPF)...
IPF converged at iteration 58
IPF row error: 1.395829, col error: 0.000000
Starting Iterative Proportional Fitting (IPF)...
IPF converged at iteration 28
IPF row error: 16.424152, col error: 0.000000
Starting Iterative Proportional Fitting (IPF)...
IPF converged at iteration 59
IPF row error: 1.382204, col error: 0.000000
IPF converged at iteration 40
IPF row error: 1.540307, col error: 0.000000
Starting Iterative Proportional Fitting (IPF)...
Starting Iterative Proportional Fitting (IPF)...
IPF converged at iteration 31
IPF row error: 13.809067, col error: 0.000000
Starting Iterative Proportional Fitting (IPF)...
IPF converged at iteration 27
IPF row error: 15.105514, col error: 0.000000
Starting Iterative Proportional Fitting (IPF)...
IPF converged at iteration 30
IPF row error: 11.523971, col error: 0.000000
Starting Iterative Proportional Fitting (IPF)...
IPF converged at iteration 32
IPF row error: 7.963849, col error: 0.000000
Starting Iterative Proportional Fitting (IPF)...
IPF converged at iteration 58
IPF row error: 1.398265, col error: 0.000000
Starting Iterative Proportional Fitting (IPF)...
IPF converged at iteration 32
IPF row error: 17.956277, col error: 0.000000
IPF converged at iteration 58
Starting Iterative Proportional Fitting (IPF)...
IPF row error: 1.390186, col error: 0.000000
Starting Iterative Proportional Fitting (IPF)...
IPF converged at iteration 30
IPF row error: 11.874194, col error: 0.000000
Starting Iterative Proportional Fitting (IPF)...
IPF converged at iteration 30
IPF row error: 13.373428, col error: 0.000000
Starting Iterative Proportional Fitting (IPF)...
IPF converged at iteration 53
IPF row error: 1.300033, col error: 0.000000
IPF converged at iteration 49
Starting Iterative Proportional Fitting (IPF)...
IPF row error: 1.449494, col error: 0.000000
Starting Iterative Proportional Fitting (IPF)...
IPF converged at iteration 27
IPF row error: 19.233927, col error: 0.000000
Starting Iterative Proportional Fitting (IPF)...
IPF converged at iteration 27
IPF row error: 17.135863, col error: 0.000000
Starting Iterative Proportional Fitting (IPF)...
IPF converged at iteration 58
IPF row error: 1.387032, col error: 0.000000
IPF converged at iteration 64
  [2019/test] 진행 990/1750 (56.6%) | 누적 CPC 0.2689 | RMSE 226.6783 | %RMSE 23.5760 | 경과 10.7분 | 예상 남음 8.2분
IPF row error: 1.443455, col error: 0.000000
Starting Iterative Proportional Fitting (IPF)...
Starting Iterative Proportional Fitting (IPF)...
IPF converged at iteration 31
IPF row error: 13.180981, col error: 0.000000
Starting Iterative Proportional Fitting (IPF)...
IPF converged at iteration 58
IPF row error: 1.396066, col error: 0.000000
Starting Iterative Proportional Fitting (IPF)...
IPF converged at iteration 52
IPF row error: 1.429597, col error: 0.000000
Starting Iterative Proportional Fitting (IPF)...
IPF converged at iteration 58
IPF row error: 1.388089, col error: 0.000000
IPF converged at iteration 26
IPF row error: 15.311234, col error: 0.000000
Starting Iterative Proportional Fitting (IPF)...
Starting Iterative Proportional Fitting (IPF)...
IPF converged at iteration 59
IPF row error: 1.392060, col error: 0.000000
Starting Iterative Proportional Fitting (IPF)...
IPF converged at iteration 52
IPF row error: 1.426483, col error: 0.000000
Starting Iterative Proportional Fitting (IPF)...
IPF converged at iteration 43
IPF row error: 1.308857, col error: 0.000000
IPF converged at iteration 59
Starting Iterative Proportional Fitting (IPF)...
IPF converged at iteration 58
IPF row error: 1.392060, col error: 0.000000
IPF row error: 1.387032, col error: 0.000000
Starting Iterative Proportional Fitting (IPF)...
Starting Iterative Proportional Fitting (IPF)...
IPF converged at iteration 26
IPF row error: 22.966679, col error: 0.000000
Starting Iterative Proportional Fitting (IPF)...
IPF converged at iteration 55
IPF row error: 1.467770, col error: 0.000000
Starting Iterative Proportional Fitting (IPF)...
IPF converged at iteration 49
IPF row error: 1.283239, col error: 0.000000
Starting Iterative Proportional Fitting (IPF)...
IPF converged at iteration 55
IPF row error: 1.376811, col error: 0.000000
Starting Iterative Proportional Fitting (IPF)...
IPF converged at iteration 46
IPF row error: 1.278143, col error: 0.000000
Starting Iterative Proportional Fitting (IPF)...
IPF converged at iteration 31
IPF row error: 16.890966, col error: 0.000000
Starting Iterative Proportional Fitting (IPF)...
IPF converged at iteration 29
IPF row error: 13.464705, col error: 0.000000
Starting Iterative Proportional Fitting (IPF)...
IPF converged at iteration 55
IPF row error: 1.467626, col error: 0.000000
Starting Iterative Proportional Fitting (IPF)...
IPF converged at iteration 46
IPF row error: 1.282137, col error: 0.000000
Starting Iterative Proportional Fitting (IPF)...
IPF converged at iteration 57
IPF row error: 1.460779, col error: 0.000000
IPF converged at iteration 50
Starting Iterative Proportional Fitting (IPF)...
IPF row error: 1.407914, col error: 0.000000
Starting Iterative Proportional Fitting (IPF)...
IPF converged at iteration 32
IPF row error: 9.387026, col error: 0.000000
Starting Iterative Proportional Fitting (IPF)...
IPF converged at iteration 28
IPF row error: 12.464379, col error: 0.000000
Starting Iterative Proportional Fitting (IPF)...
IPF converged at iteration 55
IPF converged at iteration 49
IPF row error: 1.376811, col error: 0.000000
IPF row error: 1.285873, col error: 0.000000
Starting Iterative Proportional Fitting (IPF)...
Starting Iterative Proportional Fitting (IPF)...
IPF converged at iteration 46
IPF row error: 1.298910, col error: 0.000000
IPF converged at iteration 31
IPF row error: 7.223384, col error: 0.000000
Starting Iterative Proportional Fitting (IPF)...
Starting Iterative Proportional Fitting (IPF)...
IPF converged at iteration 27
IPF row error: 16.259190, col error: 0.000000IPF converged at iteration 46

IPF row error: 1.269259, col error: 0.000000
  [2019/test] 진행 1020/1750 (58.3%) | 누적 CPC 0.2663 | RMSE 233.4966 | %RMSE 23.5834 | 경과 11.1분 | 예상 남음 8.0분
IPF converged at iteration 47
IPF row error: 1.409859, col error: 0.000000
Starting Iterative Proportional Fitting (IPF)...
Starting Iterative Proportional Fitting (IPF)...
Starting Iterative Proportional Fitting (IPF)...
IPF converged at iteration 55
IPF row error: 1.376811, col error: 0.000000
Starting Iterative Proportional Fitting (IPF)...
IPF converged at iteration 31
IPF row error: 9.903028, col error: 0.000000
Starting Iterative Proportional Fitting (IPF)...
IPF converged at iteration 41
IPF row error: 1.373815, col error: 0.000000
Starting Iterative Proportional Fitting (IPF)...
IPF converged at iteration 53
IPF row error: 1.404634, col error: 0.000000
Starting Iterative Proportional Fitting (IPF)...
IPF converged at iteration 46
IPF row error: 1.279751, col error: 0.000000
Starting Iterative Proportional Fitting (IPF)...
IPF converged at iteration 30
IPF row error: 12.562659, col error: 0.000000
Starting Iterative Proportional Fitting (IPF)...
IPF converged at iteration 55
IPF converged at iteration 31
IPF row error: 1.403005, col error: 0.000000
IPF row error: 10.953529, col error: 0.000000
Starting Iterative Proportional Fitting (IPF)...
Starting Iterative Proportional Fitting (IPF)...
IPF converged at iteration 28
IPF row error: 13.075701, col error: 0.000000
IPF converged at iteration 50
IPF converged at iteration 46
Starting Iterative Proportional Fitting (IPF)...
IPF row error: 1.394301, col error: 0.000000
IPF row error: 1.277867, col error: 0.000000
Starting Iterative Proportional Fitting (IPF)...
Starting Iterative Proportional Fitting (IPF)...
IPF converged at iteration 50
IPF row error: 1.407577, col error: 0.000000
Starting Iterative Proportional Fitting (IPF)...
IPF converged at iteration 28
IPF row error: 16.483337, col error: 0.000000
Starting Iterative Proportional Fitting (IPF)...
IPF converged at iteration 29
IPF converged at iteration 29
IPF row error: 10.456415, col error: 0.000000
IPF row error: 13.493400, col error: 0.000000
Starting Iterative Proportional Fitting (IPF)...Starting Iterative Proportional Fitting (IPF)...

IPF converged at iteration 30
IPF row error: 12.040299, col error: 0.000000
Starting Iterative Proportional Fitting (IPF)...
IPF converged at iteration 50
IPF row error: 1.394301, col error: 0.000000
IPF converged at iteration 36
IPF row error: 4.248818, col error: 0.000000
Starting Iterative Proportional Fitting (IPF)...
Starting Iterative Proportional Fitting (IPF)...
IPF converged at iteration 55
IPF row error: 1.403005, col error: 0.000000
Starting Iterative Proportional Fitting (IPF)...
IPF converged at iteration 29
IPF row error: 11.139137, col error: 0.000000
Starting Iterative Proportional Fitting (IPF)...
IPF converged at iteration 50
IPF row error: 1.407577, col error: 0.000000
Starting Iterative Proportional Fitting (IPF)...
IPF converged at iteration 46
IPF row error: 1.283868, col error: 0.000000
IPF converged at iteration 28
IPF row error: 9.888916, col error: 0.000000
Starting Iterative Proportional Fitting (IPF)...
Starting Iterative Proportional Fitting (IPF)...
IPF converged at iteration 27
IPF row error: 16.558567, col error: 0.000000
Starting Iterative Proportional Fitting (IPF)...
IPF converged at iteration 28
IPF row error: 36.190140, col error: 0.000000
Starting Iterative Proportional Fitting (IPF)...
IPF converged at iteration 30
IPF row error: 10.807318, col error: 0.000000
Starting Iterative Proportional Fitting (IPF)...
IPF converged at iteration 58
IPF row error: 1.270341, col error: 0.000000
Starting Iterative Proportional Fitting (IPF)...
IPF converged at iteration 57
IPF row error: 1.442128, col error: 0.000000
Starting Iterative Proportional Fitting (IPF)...
IPF converged at iteration 46
IPF row error: 1.276038, col error: 0.000000
  [2019/test] 진행 1050/1750 (60.0%) | 누적 CPC 0.2643 | RMSE 244.0913 | %RMSE 23.6311 | 경과 11.5분 | 예상 남음 7.7분
Starting Iterative Proportional Fitting (IPF)...
IPF row error: 305787.775197, col error: 0.000000
Starting Iterative Proportional Fitting (IPF)...
IPF row error: 305597.551006, col error: 0.000000
Starting Iterative Proportional Fitting (IPF)...
IPF row error: 306024.649126, col error: 0.000000
Starting Iterative Proportional Fitting (IPF)...
IPF row error: 306024.649126, col error: 0.000000
Starting Iterative Proportional Fitting (IPF)...
IPF row error: 306024.649126, col error: 0.000000
Starting Iterative Proportional Fitting (IPF)...
IPF row error: 306024.649126, col error: 0.000000
Starting Iterative Proportional Fitting (IPF)...
IPF row error: 294741.424666, col error: 0.000000
Starting Iterative Proportional Fitting (IPF)...
IPF row error: 306024.649126, col error: 0.000000
Starting Iterative Proportional Fitting (IPF)...
IPF row error: 306024.649126, col error: 0.000000
Starting Iterative Proportional Fitting (IPF)...
IPF row error: 304289.698702, col error: 0.000000
Starting Iterative Proportional Fitting (IPF)...
IPF row error: 306024.649126, col error: 0.000000
Starting Iterative Proportional Fitting (IPF)...
IPF row error: 306024.649126, col error: 0.000000
Starting Iterative Proportional Fitting (IPF)...
IPF row error: 305656.113697, col error: 0.000000
Starting Iterative Proportional Fitting (IPF)...
IPF row error: 309344.949323, col error: 0.000000
Starting Iterative Proportional Fitting (IPF)...
IPF row error: 309638.986454, col error: 0.000000
Starting Iterative Proportional Fitting (IPF)...
IPF row error: 307503.845557, col error: 0.000000
Starting Iterative Proportional Fitting (IPF)...
IPF row error: 306024.649126, col error: 0.000000
Starting Iterative Proportional Fitting (IPF)...
IPF row error: 306024.649126, col error: 0.000000
Starting Iterative Proportional Fitting (IPF)...
IPF row error: 306024.649126, col error: 0.000000
Starting Iterative Proportional Fitting (IPF)...
IPF row error: 306024.649126, col error: 0.000000
Starting Iterative Proportional Fitting (IPF)...
IPF row error: 306146.827180, col error: 0.000000
Starting Iterative Proportional Fitting (IPF)...
IPF row error: 306024.649126, col error: 0.000000
Starting Iterative Proportional Fitting (IPF)...
IPF row error: 306024.649126, col error: 0.000000
Starting Iterative Proportional Fitting (IPF)...
IPF row error: 295101.762658, col error: 0.000000
Starting Iterative Proportional Fitting (IPF)...
IPF row error: 308664.407833, col error: 0.000000
Starting Iterative Proportional Fitting (IPF)...
IPF row error: 306024.649126, col error: 0.000000
Starting Iterative Proportional Fitting (IPF)...
IPF row error: 306024.649126, col error: 0.000000
Starting Iterative Proportional Fitting (IPF)...
IPF row error: 306024.649126, col error: 0.000000
Starting Iterative Proportional Fitting (IPF)...
IPF row error: 306024.649126, col error: 0.000000
Starting Iterative Proportional Fitting (IPF)...
IPF row error: 306024.649126, col error: 0.000000
  [2019/test] 진행 1080/1750 (61.7%) | 누적 CPC 0.2569 | RMSE 90625.6290 | %RMSE 4020.4288 | 경과 12.4분 | 예상 남음 7.7분
Starting Iterative Proportional Fitting (IPF)...
IPF row error: 276480.782117, col error: 0.000000
Starting Iterative Proportional Fitting (IPF)...
IPF row error: 306024.649126, col error: 0.000000
Starting Iterative Proportional Fitting (IPF)...
IPF row error: 306024.649126, col error: 0.000000
Starting Iterative Proportional Fitting (IPF)...
IPF row error: 306024.649126, col error: 0.000000
Starting Iterative Proportional Fitting (IPF)...
IPF row error: 303470.683008, col error: 0.000000
Starting Iterative Proportional Fitting (IPF)...
IPF row error: 306024.649126, col error: 0.000000
Starting Iterative Proportional Fitting (IPF)...
IPF row error: 306024.649126, col error: 0.000000
Starting Iterative Proportional Fitting (IPF)...
IPF row error: 306024.649126, col error: 0.000000
Starting Iterative Proportional Fitting (IPF)...
IPF row error: 306024.649126, col error: 0.000000
Starting Iterative Proportional Fitting (IPF)...
IPF row error: 306024.649126, col error: 0.000000
Starting Iterative Proportional Fitting (IPF)...
IPF row error: 306024.649126, col error: 0.000000
Starting Iterative Proportional Fitting (IPF)...
IPF row error: 306024.649126, col error: 0.000000
Starting Iterative Proportional Fitting (IPF)...
IPF row error: 306024.649126, col error: 0.000000
Starting Iterative Proportional Fitting (IPF)...
IPF row error: 309164.699366, col error: 0.000000
Starting Iterative Proportional Fitting (IPF)...
IPF row error: 284626.428901, col error: 0.000000
Starting Iterative Proportional Fitting (IPF)...
IPF row error: 306024.649126, col error: 0.000000
Starting Iterative Proportional Fitting (IPF)...
IPF row error: 291072.002674, col error: 0.000000
Starting Iterative Proportional Fitting (IPF)...
IPF row error: 306024.649126, col error: 0.000000
Starting Iterative Proportional Fitting (IPF)...
IPF row error: 306024.649126, col error: 0.000000
Starting Iterative Proportional Fitting (IPF)...
IPF row error: 310220.610187, col error: 0.000000
IPF row error: 307488.359142, col error: 0.000000
Starting Iterative Proportional Fitting (IPF)...
Starting Iterative Proportional Fitting (IPF)...
IPF row error: 307488.359142, col error: 0.000000
Starting Iterative Proportional Fitting (IPF)...
IPF row error: 314557.323588, col error: 0.000000
Starting Iterative Proportional Fitting (IPF)...
IPF row error: 307488.359142, col error: 0.000000
IPF row error: 289399.658851, col error: 0.000000
Starting Iterative Proportional Fitting (IPF)...
Starting Iterative Proportional Fitting (IPF)...
IPF row error: 307488.359142, col error: 0.000000
Starting Iterative Proportional Fitting (IPF)...
IPF row error: 306531.702964, col error: 0.000000
Starting Iterative Proportional Fitting (IPF)...
IPF row error: 307488.359142, col error: 0.000000
Starting Iterative Proportional Fitting (IPF)...
IPF row error: 309836.975098, col error: 0.000000
Starting Iterative Proportional Fitting (IPF)...
IPF row error: 306142.772961, col error: 0.000000
  [2019/test] 진행 1110/1750 (63.4%) | 누적 CPC 0.2500 | RMSE 175700.9804 | %RMSE 8109.1347 | 경과 13.2분 | 예상 남음 7.6분
Starting Iterative Proportional Fitting (IPF)...
IPF row error: 307488.359142, col error: 0.000000
Starting Iterative Proportional Fitting (IPF)...
IPF row error: 195419.690590, col error: 0.000000
Starting Iterative Proportional Fitting (IPF)...
IPF row error: 307488.359142, col error: 0.000000
Starting Iterative Proportional Fitting (IPF)...
IPF row error: 307488.359142, col error: 0.000000
Starting Iterative Proportional Fitting (IPF)...
IPF row error: 307071.938024, col error: 0.000000
Starting Iterative Proportional Fitting (IPF)...
IPF row error: 307488.359142, col error: 0.000000
Starting Iterative Proportional Fitting (IPF)...IPF row error: 310844.657485, col error: 0.000000

Starting Iterative Proportional Fitting (IPF)...
IPF row error: 307488.359142, col error: 0.000000
Starting Iterative Proportional Fitting (IPF)...
IPF row error: 307853.074494, col error: 0.000000
Starting Iterative Proportional Fitting (IPF)...
IPF row error: 272410.868880, col error: 0.000000
IPF row error: 307488.359142, col error: 0.000000
Starting Iterative Proportional Fitting (IPF)...
Starting Iterative Proportional Fitting (IPF)...
IPF row error: 307488.359142, col error: 0.000000
Starting Iterative Proportional Fitting (IPF)...
IPF row error: 307488.359142, col error: 0.000000
Starting Iterative Proportional Fitting (IPF)...
IPF row error: 307488.359142, col error: 0.000000
IPF row error: 293946.787416, col error: 0.000000
Starting Iterative Proportional Fitting (IPF)...
Starting Iterative Proportional Fitting (IPF)...
IPF row error: 307488.359142, col error: 0.000000
Starting Iterative Proportional Fitting (IPF)...
IPF row error: 307488.359142, col error: 0.000000
Starting Iterative Proportional Fitting (IPF)...
IPF row error: 311765.137477, col error: 0.000000
IPF row error: 292710.662998, col error: 0.000000
Starting Iterative Proportional Fitting (IPF)...
Starting Iterative Proportional Fitting (IPF)...
IPF row error: 307488.359142, col error: 0.000000
Starting Iterative Proportional Fitting (IPF)...
IPF row error: 308607.825163, col error: 0.000000
Starting Iterative Proportional Fitting (IPF)...
IPF row error: 314553.144059, col error: 0.000000
IPF row error: 307488.359142, col error: 0.000000
Starting Iterative Proportional Fitting (IPF)...
Starting Iterative Proportional Fitting (IPF)...
IPF row error: 307488.359142, col error: 0.000000
Starting Iterative Proportional Fitting (IPF)...
IPF row error: 307488.359142, col error: 0.000000
Starting Iterative Proportional Fitting (IPF)...
IPF row error: 307488.359142, col error: 0.000000
IPF row error: 309397.699408, col error: 0.000000
Starting Iterative Proportional Fitting (IPF)...
Starting Iterative Proportional Fitting (IPF)...
IPF row error: 304514.776098, col error: 0.000000
Starting Iterative Proportional Fitting (IPF)...
IPF row error: 307488.359142, col error: 0.000000
Starting Iterative Proportional Fitting (IPF)...
IPF row error: 307488.359142, col error: 0.000000
  [2019/test] 진행 1140/1750 (65.1%) | 누적 CPC 0.2434 | RMSE 255333.5197 | %RMSE 12599.0285 | 경과 14.0분 | 예상 남음 7.5분
IPF row error: 308529.862205, col error: 0.000000
Starting Iterative Proportional Fitting (IPF)...
Starting Iterative Proportional Fitting (IPF)...
IPF row error: 308336.495236, col error: 0.000000
Starting Iterative Proportional Fitting (IPF)...
IPF row error: 280541.431846, col error: 0.000000
Starting Iterative Proportional Fitting (IPF)...
IPF row error: 309768.565753, col error: 0.000000
IPF row error: 307488.359142, col error: 0.000000
Starting Iterative Proportional Fitting (IPF)...
Starting Iterative Proportional Fitting (IPF)...
IPF row error: 297065.179996, col error: 0.000000
Starting Iterative Proportional Fitting (IPF)...
IPF row error: 307488.359142, col error: 0.000000
Starting Iterative Proportional Fitting (IPF)...
IPF row error: 307488.359142, col error: 0.000000
IPF row error: 307488.359142, col error: 0.000000
Starting Iterative Proportional Fitting (IPF)...
Starting Iterative Proportional Fitting (IPF)...
IPF converged at iteration 46
IPF row error: 1.245312, col error: 0.000000
Starting Iterative Proportional Fitting (IPF)...
IPF converged at iteration 31
IPF converged at iteration 31
IPF row error: 13.847756, col error: 0.000000
IPF row error: 13.847756, col error: 0.000000
Starting Iterative Proportional Fitting (IPF)...
Starting Iterative Proportional Fitting (IPF)...
IPF row error: 308903.084222, col error: 0.000000
Starting Iterative Proportional Fitting (IPF)...
IPF converged at iteration 31
IPF row error: 13.847756, col error: 0.000000
Starting Iterative Proportional Fitting (IPF)...
IPF converged at iteration 31
IPF row error: 13.847756, col error: 0.000000
IPF converged at iteration 31
IPF row error: 13.847756, col error: 0.000000
Starting Iterative Proportional Fitting (IPF)...
IPF converged at iteration 31
IPF row error: 13.847756, col error: 0.000000
Starting Iterative Proportional Fitting (IPF)...
Starting Iterative Proportional Fitting (IPF)...
IPF converged at iteration 31
IPF row error: 13.847756, col error: 0.000000
Starting Iterative Proportional Fitting (IPF)...
IPF converged at iteration 30
IPF converged at iteration 31
IPF row error: 14.805517, col error: 0.000000
IPF row error: 13.847756, col error: 0.000000
Starting Iterative Proportional Fitting (IPF)...
Starting Iterative Proportional Fitting (IPF)...
IPF converged at iteration 31
IPF row error: 13.847756, col error: 0.000000
Starting Iterative Proportional Fitting (IPF)...
IPF converged at iteration 32
IPF row error: 12.630629, col error: 0.000000
Starting Iterative Proportional Fitting (IPF)...
IPF converged at iteration 31
IPF row error: 13.847756, col error: 0.000000
Starting Iterative Proportional Fitting (IPF)...
IPF converged at iteration 31
IPF row error: 13.847756, col error: 0.000000
Starting Iterative Proportional Fitting (IPF)...
IPF converged at iteration 41
IPF row error: 1.430618, col error: 0.000000
Starting Iterative Proportional Fitting (IPF)...
IPF converged at iteration 31
IPF row error: 13.847756, col error: 0.000000
Starting Iterative Proportional Fitting (IPF)...
IPF converged at iteration 29
IPF row error: 10.008519, col error: 0.000000
Starting Iterative Proportional Fitting (IPF)...
IPF converged at iteration 39
IPF row error: 2.891252, col error: 0.000000
IPF converged at iteration 31
IPF row error: 13.847756, col error: 0.000000
Starting Iterative Proportional Fitting (IPF)...
Starting Iterative Proportional Fitting (IPF)...
IPF converged at iteration 29
IPF row error: 12.199552, col error: 0.000000
  [2019/test] 진행 1170/1750 (66.9%) | 누적 CPC 0.2428 | RMSE 276170.8568 | %RMSE 13805.3806 | 경과 14.5분 | 예상 남음 7.2분
Starting Iterative Proportional Fitting (IPF)...
IPF converged at iteration 31
IPF row error: 13.847756, col error: 0.000000
Starting Iterative Proportional Fitting (IPF)...
IPF converged at iteration 31
IPF row error: 13.847756, col error: 0.000000
IPF converged at iteration 31
IPF row error: 13.847756, col error: 0.000000
Starting Iterative Proportional Fitting (IPF)...
Starting Iterative Proportional Fitting (IPF)...
IPF converged at iteration 31
IPF row error: 13.847756, col error: 0.000000
Starting Iterative Proportional Fitting (IPF)...
IPF converged at iteration 31
IPF row error: 13.704872, col error: 0.000000
Starting Iterative Proportional Fitting (IPF)...
IPF converged at iteration 31
IPF row error: 13.847756, col error: 0.000000
IPF converged at iteration 31
IPF row error: 13.847756, col error: 0.000000
Starting Iterative Proportional Fitting (IPF)...
Starting Iterative Proportional Fitting (IPF)...
IPF converged at iteration 31
IPF row error: 13.847756, col error: 0.000000
Starting Iterative Proportional Fitting (IPF)...
IPF converged at iteration 31
IPF row error: 13.847756, col error: 0.000000
Starting Iterative Proportional Fitting (IPF)...
IPF converged at iteration 31
IPF row error: 13.847756, col error: 0.000000
IPF converged at iteration 32
Starting Iterative Proportional Fitting (IPF)...
IPF row error: 10.108242, col error: 0.000000
Starting Iterative Proportional Fitting (IPF)...
IPF converged at iteration 29
IPF row error: 21.308759, col error: 0.000000
Starting Iterative Proportional Fitting (IPF)...
IPF converged at iteration 28
IPF row error: 16.141436, col error: 0.000000
Starting Iterative Proportional Fitting (IPF)...
IPF converged at iteration 24
IPF row error: 39.843331, col error: 0.000000
Starting Iterative Proportional Fitting (IPF)...
IPF converged at iteration 42
IPF row error: 1.217985, col error: 0.000000
Starting Iterative Proportional Fitting (IPF)...
IPF converged at iteration 31
IPF row error: 13.847756, col error: 0.000000
Starting Iterative Proportional Fitting (IPF)...
IPF converged at iteration 31
IPF row error: 13.847756, col error: 0.000000
IPF converged at iteration 30
Starting Iterative Proportional Fitting (IPF)...
IPF row error: 14.921476, col error: 0.000000
Starting Iterative Proportional Fitting (IPF)...
IPF converged at iteration 31
IPF row error: 13.847756, col error: 0.000000
Starting Iterative Proportional Fitting (IPF)...
IPF converged at iteration 34
IPF row error: 7.920875, col error: 0.000000
Starting Iterative Proportional Fitting (IPF)...
IPF converged at iteration 31
IPF row error: 13.847756, col error: 0.000000
Starting Iterative Proportional Fitting (IPF)...
IPF converged at iteration 34
IPF row error: 6.557797, col error: 0.000000
Starting Iterative Proportional Fitting (IPF)...
IPF converged at iteration 31
IPF row error: 13.847756, col error: 0.000000
Starting Iterative Proportional Fitting (IPF)...
IPF converged at iteration 31
IPF row error: 13.847756, col error: 0.000000
IPF converged at iteration 30
Starting Iterative Proportional Fitting (IPF)...
IPF row error: 12.883062, col error: 0.000000
IPF converged at iteration 27
Starting Iterative Proportional Fitting (IPF)...
IPF row error: 17.142997, col error: 0.000000
Starting Iterative Proportional Fitting (IPF)...
IPF converged at iteration 31
IPF row error: 13.847756, col error: 0.000000
Starting Iterative Proportional Fitting (IPF)...
IPF converged at iteration 31
IPF row error: 13.847756, col error: 0.000000
Starting Iterative Proportional Fitting (IPF)...
IPF converged at iteration 31
IPF row error: 13.847756, col error: 0.000000
IPF converged at iteration 37
IPF row error: 5.163307, col error: 0.000000
  [2019/test] 진행 1200/1750 (68.6%) | 누적 CPC 0.2450 | RMSE 269272.0914 | %RMSE 13460.5332 | 경과 14.8분 | 예상 남음 6.8분
Starting Iterative Proportional Fitting (IPF)...
Starting Iterative Proportional Fitting (IPF)...
IPF converged at iteration 31
IPF row error: 13.829213, col error: 0.000000
Starting Iterative Proportional Fitting (IPF)...
IPF converged at iteration 31
IPF row error: 13.829213, col error: 0.000000
Starting Iterative Proportional Fitting (IPF)...
IPF converged at iteration 31
IPF row error: 13.829213, col error: 0.000000
IPF converged at iteration 31
IPF row error: 13.829213, col error: 0.000000
Starting Iterative Proportional Fitting (IPF)...
Starting Iterative Proportional Fitting (IPF)...
IPF converged at iteration 31
IPF row error: 11.959764, col error: 0.000000
Starting Iterative Proportional Fitting (IPF)...
IPF converged at iteration 29
IPF row error: 15.037172, col error: 0.000000
Starting Iterative Proportional Fitting (IPF)...
IPF converged at iteration 30
IPF row error: 13.908461, col error: 0.000000
IPF converged at iteration 31
Starting Iterative Proportional Fitting (IPF)...
IPF row error: 13.829213, col error: 0.000000
Starting Iterative Proportional Fitting (IPF)...
IPF converged at iteration 31
IPF row error: 13.829213, col error: 0.000000
Starting Iterative Proportional Fitting (IPF)...
IPF converged at iteration 31
IPF row error: 13.829213, col error: 0.000000
Starting Iterative Proportional Fitting (IPF)...
IPF converged at iteration 31
IPF row error: 13.829213, col error: 0.000000
Starting Iterative Proportional Fitting (IPF)...
IPF converged at iteration 37
IPF row error: 3.885185, col error: 0.000000
Starting Iterative Proportional Fitting (IPF)...
IPF converged at iteration 29
IPF row error: 13.297963, col error: 0.000000
Starting Iterative Proportional Fitting (IPF)...
IPF converged at iteration 30
IPF row error: 18.087041, col error: 0.000000
IPF converged at iteration 40
IPF row error: 2.012366, col error: 0.000000
Starting Iterative Proportional Fitting (IPF)...
Starting Iterative Proportional Fitting (IPF)...
IPF converged at iteration 31
IPF row error: 13.829213, col error: 0.000000
Starting Iterative Proportional Fitting (IPF)...
IPF converged at iteration 31
IPF row error: 13.829213, col error: 0.000000
Starting Iterative Proportional Fitting (IPF)...
IPF converged at iteration 31
IPF row error: 13.829213, col error: 0.000000
IPF converged at iteration 31
IPF row error: 13.829213, col error: 0.000000
Starting Iterative Proportional Fitting (IPF)...
Starting Iterative Proportional Fitting (IPF)...
IPF converged at iteration 27
IPF row error: 14.012482, col error: 0.000000
Starting Iterative Proportional Fitting (IPF)...
IPF converged at iteration 31
IPF row error: 13.829213, col error: 0.000000
Starting Iterative Proportional Fitting (IPF)...
IPF converged at iteration 31
IPF row error: 13.829213, col error: 0.000000
Starting Iterative Proportional Fitting (IPF)...
IPF converged at iteration 33
IPF row error: 10.482681, col error: 0.000000
Starting Iterative Proportional Fitting (IPF)...
IPF converged at iteration 31
IPF row error: 13.829213, col error: 0.000000
Starting Iterative Proportional Fitting (IPF)...
IPF converged at iteration 53
IPF row error: 1.274329, col error: 0.000000
Starting Iterative Proportional Fitting (IPF)...
IPF converged at iteration 26
IPF row error: 22.988956, col error: 0.000000
Starting Iterative Proportional Fitting (IPF)...
IPF converged at iteration 31
IPF row error: 13.829213, col error: 0.000000
Starting Iterative Proportional Fitting (IPF)...
IPF converged at iteration 31
IPF row error: 9.065103, col error: 0.000000
Starting Iterative Proportional Fitting (IPF)...
IPF converged at iteration 31
IPF row error: 13.829213, col error: 0.000000
Starting Iterative Proportional Fitting (IPF)...
IPF converged at iteration 29
IPF row error: 14.455306, col error: 0.000000
  [2019/test] 진행 1230/1750 (70.3%) | 누적 CPC 0.2462 | RMSE 262705.6873 | %RMSE 13132.5045 | 경과 15.1분 | 예상 남음 6.4분
Starting Iterative Proportional Fitting (IPF)...
IPF converged at iteration 31
IPF row error: 13.829213, col error: 0.000000
Starting Iterative Proportional Fitting (IPF)...
IPF converged at iteration 31
IPF row error: 13.829213, col error: 0.000000
Starting Iterative Proportional Fitting (IPF)...
IPF converged at iteration 32
IPF row error: 13.260899, col error: 0.000000
Starting Iterative Proportional Fitting (IPF)...
IPF converged at iteration 31
IPF row error: 13.829213, col error: 0.000000
Starting Iterative Proportional Fitting (IPF)...
IPF converged at iteration 70
IPF row error: 1.451573, col error: 0.000000
IPF converged at iteration 31
IPF row error: 13.829213, col error: 0.000000
Starting Iterative Proportional Fitting (IPF)...
Starting Iterative Proportional Fitting (IPF)...
IPF converged at iteration 28
IPF row error: 12.445065, col error: 0.000000
Starting Iterative Proportional Fitting (IPF)...
IPF converged at iteration 31
IPF row error: 13.829213, col error: 0.000000
Starting Iterative Proportional Fitting (IPF)...
IPF converged at iteration 30
IPF row error: 14.258214, col error: 0.000000
Starting Iterative Proportional Fitting (IPF)...
IPF converged at iteration 31
IPF row error: 13.829213, col error: 0.000000
Starting Iterative Proportional Fitting (IPF)...
IPF converged at iteration 45
IPF row error: 1.338068, col error: 0.000000
Starting Iterative Proportional Fitting (IPF)...
IPF converged at iteration 26
IPF row error: 14.449986, col error: 0.000000
Starting Iterative Proportional Fitting (IPF)...
IPF converged at iteration 31
IPF row error: 13.829213, col error: 0.000000
Starting Iterative Proportional Fitting (IPF)...
IPF converged at iteration 31
IPF row error: 11.625034, col error: 0.000000
Starting Iterative Proportional Fitting (IPF)...
IPF converged at iteration 29
IPF row error: 13.565854, col error: 0.000000
Starting Iterative Proportional Fitting (IPF)...
IPF converged at iteration 31
IPF row error: 13.829213, col error: 0.000000
Starting Iterative Proportional Fitting (IPF)...
IPF converged at iteration 31
IPF row error: 13.829213, col error: 0.000000
Starting Iterative Proportional Fitting (IPF)...
IPF converged at iteration 28
IPF row error: 17.746719, col error: 0.000000
Starting Iterative Proportional Fitting (IPF)...
IPF converged at iteration 31
IPF row error: 13.829213, col error: 0.000000
Starting Iterative Proportional Fitting (IPF)...
IPF converged at iteration 28
IPF row error: 14.406230, col error: 0.000000
Starting Iterative Proportional Fitting (IPF)...
IPF row error: 308302.870949, col error: 0.000000
Starting Iterative Proportional Fitting (IPF)...
IPF row error: 186528.451034, col error: 0.000000
Starting Iterative Proportional Fitting (IPF)...
IPF row error: 186528.451034, col error: 0.000000
Starting Iterative Proportional Fitting (IPF)...
IPF row error: 307720.357487, col error: 0.000001
Starting Iterative Proportional Fitting (IPF)...
IPF row error: 187793.464208, col error: 0.000001
Starting Iterative Proportional Fitting (IPF)...
IPF row error: 186528.451034, col error: 0.000001
Starting Iterative Proportional Fitting (IPF)...
IPF row error: 312271.656955, col error: 0.000000
Starting Iterative Proportional Fitting (IPF)...
IPF row error: 307582.746681, col error: 0.000001
Starting Iterative Proportional Fitting (IPF)...
IPF row error: 308792.496616, col error: 0.000000
IPF row error: 187946.565939, col error: 0.000000
Starting Iterative Proportional Fitting (IPF)...
  [2019/test] 진행 1260/1750 (72.0%) | 누적 CPC 0.2449 | RMSE 275393.1883 | %RMSE 15350.1036 | 경과 15.6분 | 예상 남음 6.1분
Starting Iterative Proportional Fitting (IPF)...
IPF row error: 191032.106199, col error: 0.000000
Starting Iterative Proportional Fitting (IPF)...
IPF row error: 165314.322671, col error: 0.000000
Starting Iterative Proportional Fitting (IPF)...
IPF row error: 186757.068255, col error: 0.000001
IPF row error: 170614.248094, col error: 0.000000
Starting Iterative Proportional Fitting (IPF)...
Starting Iterative Proportional Fitting (IPF)...
IPF row error: 190418.903855, col error: 0.000000
Starting Iterative Proportional Fitting (IPF)...
IPF row error: 192855.907667, col error: 0.000001
Starting Iterative Proportional Fitting (IPF)...
IPF row error: 307582.746681, col error: 0.000001
Starting Iterative Proportional Fitting (IPF)...
IPF row error: 182954.682045, col error: 0.000000
Starting Iterative Proportional Fitting (IPF)...
IPF row error: 186718.735589, col error: 0.000000
Starting Iterative Proportional Fitting (IPF)...
IPF row error: 188500.157177, col error: 0.000001
Starting Iterative Proportional Fitting (IPF)...
IPF row error: 307582.746681, col error: 0.000001
Starting Iterative Proportional Fitting (IPF)...
IPF row error: 189072.661745, col error: 0.000000
Starting Iterative Proportional Fitting (IPF)...
IPF row error: 307905.257101, col error: 0.000000
Starting Iterative Proportional Fitting (IPF)...
IPF row error: 186718.735589, col error: 0.000000
Starting Iterative Proportional Fitting (IPF)...
IPF row error: 307992.638503, col error: 0.000001
IPF row error: 186528.451097, col error: 0.000001
Starting Iterative Proportional Fitting (IPF)...
Starting Iterative Proportional Fitting (IPF)...
IPF row error: 307582.746681, col error: 0.000000
Starting Iterative Proportional Fitting (IPF)...
IPF row error: 312835.150172, col error: 0.000001
Starting Iterative Proportional Fitting (IPF)...
IPF row error: 301483.453811, col error: 0.000001
IPF row error: 187176.725511, col error: 0.000000
Starting Iterative Proportional Fitting (IPF)...
Starting Iterative Proportional Fitting (IPF)...
IPF row error: 307582.746682, col error: 0.000001
Starting Iterative Proportional Fitting (IPF)...
IPF row error: 307322.827261, col error: 0.000000
Starting Iterative Proportional Fitting (IPF)...
IPF row error: 303002.706084, col error: 0.000000
IPF row error: 274565.134257, col error: 0.000000
Starting Iterative Proportional Fitting (IPF)...
Starting Iterative Proportional Fitting (IPF)...
IPF row error: 186620.713414, col error: 0.000000
Starting Iterative Proportional Fitting (IPF)...
IPF row error: 186612.700978, col error: 0.000001
Starting Iterative Proportional Fitting (IPF)...
IPF row error: 180045.218524, col error: 0.000001
IPF row error: 181460.568406, col error: 0.000001
Starting Iterative Proportional Fitting (IPF)...
Starting Iterative Proportional Fitting (IPF)...
IPF row error: 278712.344356, col error: 0.000000
Starting Iterative Proportional Fitting (IPF)...
IPF row error: 188305.083179, col error: 0.000000
  [2019/test] 진행 1290/1750 (73.7%) | 누적 CPC 0.2392 | RMSE 326503.9979 | %RMSE 22566.0721 | 경과 16.4분 | 예상 남음 5.8분
Starting Iterative Proportional Fitting (IPF)...
IPF row error: 186528.451034, col error: 0.000001
Starting Iterative Proportional Fitting (IPF)...
IPF row error: 307409.705827, col error: 0.000000
Starting Iterative Proportional Fitting (IPF)...
IPF row error: 173280.542056, col error: 0.000000
Starting Iterative Proportional Fitting (IPF)...
IPF row error: 186718.735589, col error: 0.000001
Starting Iterative Proportional Fitting (IPF)...
IPF row error: 308776.057746, col error: 0.000000
IPF row error: 307518.913282, col error: 0.000000
Starting Iterative Proportional Fitting (IPF)...
Starting Iterative Proportional Fitting (IPF)...
IPF row error: 175502.131116, col error: 0.000000
Starting Iterative Proportional Fitting (IPF)...
IPF row error: 166015.603790, col error: 0.000000
Starting Iterative Proportional Fitting (IPF)...
IPF row error: 127175.287356, col error: 0.000001
Starting Iterative Proportional Fitting (IPF)...
IPF row error: 154640.817801, col error: 0.000001
Starting Iterative Proportional Fitting (IPF)...
IPF row error: 305195.144235, col error: 0.000001
Starting Iterative Proportional Fitting (IPF)...
IPF row error: 179010.760498, col error: 0.000001
Starting Iterative Proportional Fitting (IPF)...
IPF row error: 308305.517999, col error: 0.000000
IPF row error: 188730.937568, col error: 0.000000
Starting Iterative Proportional Fitting (IPF)...
Starting Iterative Proportional Fitting (IPF)...
IPF row error: 308932.628094, col error: 0.000000
Starting Iterative Proportional Fitting (IPF)...
IPF row error: 313825.948339, col error: 0.000000
Starting Iterative Proportional Fitting (IPF)...
IPF row error: 309907.034189, col error: 0.000001
IPF row error: 302155.890526, col error: 0.000001
Starting Iterative Proportional Fitting (IPF)...
Starting Iterative Proportional Fitting (IPF)...
IPF row error: 308305.517999, col error: 0.000000
Starting Iterative Proportional Fitting (IPF)...
IPF row error: 308305.517998, col error: 0.000000
Starting Iterative Proportional Fitting (IPF)...
IPF row error: 310472.044424, col error: 0.000000
IPF row error: 308305.517998, col error: 0.000001
Starting Iterative Proportional Fitting (IPF)...
Starting Iterative Proportional Fitting (IPF)...
IPF row error: 308305.517998, col error: 0.000000
Starting Iterative Proportional Fitting (IPF)...
IPF row error: 171665.158318, col error: 0.000000
Starting Iterative Proportional Fitting (IPF)...
IPF row error: 317510.657805, col error: 0.000000
IPF row error: 307818.058785, col error: 0.000000
Starting Iterative Proportional Fitting (IPF)...
Starting Iterative Proportional Fitting (IPF)...
IPF row error: 309392.338442, col error: 0.000000
Starting Iterative Proportional Fitting (IPF)...
IPF row error: 313695.063140, col error: 0.000001
Starting Iterative Proportional Fitting (IPF)...
IPF row error: 308305.517998, col error: 0.000001
Starting Iterative Proportional Fitting (IPF)...
IPF row error: 186798.108523, col error: 0.000000
  [2019/test] 진행 1320/1750 (75.4%) | 누적 CPC 0.2338 | RMSE 382114.3648 | %RMSE 28070.5389 | 경과 17.3분 | 예상 남음 5.6분
Starting Iterative Proportional Fitting (IPF)...
IPF row error: 304130.155212, col error: 0.000001
Starting Iterative Proportional Fitting (IPF)...
IPF row error: 307818.058785, col error: 0.000000
Starting Iterative Proportional Fitting (IPF)...
IPF row error: 310720.314165, col error: 0.000000
IPF row error: 186798.108523, col error: 0.000000
Starting Iterative Proportional Fitting (IPF)...
Starting Iterative Proportional Fitting (IPF)...
IPF row error: 186798.108523, col error: 0.000000
Starting Iterative Proportional Fitting (IPF)...
IPF row error: 244581.661435, col error: 0.000000
Starting Iterative Proportional Fitting (IPF)...
IPF row error: 186798.108523, col error: 0.000000
IPF row error: 186798.108523, col error: 0.000000
Starting Iterative Proportional Fitting (IPF)...
Starting Iterative Proportional Fitting (IPF)...
IPF row error: 308305.517998, col error: 0.000001
Starting Iterative Proportional Fitting (IPF)...
IPF row error: 308305.517999, col error: 0.000000
Starting Iterative Proportional Fitting (IPF)...
IPF row error: 170282.105587, col error: 0.000001
IPF row error: 308305.517998, col error: 0.000000
Starting Iterative Proportional Fitting (IPF)...
Starting Iterative Proportional Fitting (IPF)...
IPF row error: 187769.835758, col error: 0.000001
Starting Iterative Proportional Fitting (IPF)...
IPF row error: 304369.253163, col error: 0.000000
Starting Iterative Proportional Fitting (IPF)...
IPF row error: 316436.494286, col error: 0.000000
IPF row error: 308305.517999, col error: 0.000000
Starting Iterative Proportional Fitting (IPF)...
Starting Iterative Proportional Fitting (IPF)...
IPF row error: 186798.108523, col error: 0.000000
Starting Iterative Proportional Fitting (IPF)...
IPF row error: 308305.517998, col error: 0.000000
Starting Iterative Proportional Fitting (IPF)...
IPF row error: 308305.517998, col error: 0.000001
IPF row error: 191249.721083, col error: 0.000001
Starting Iterative Proportional Fitting (IPF)...
Starting Iterative Proportional Fitting (IPF)...
IPF row error: 286976.918326, col error: 0.000000
Starting Iterative Proportional Fitting (IPF)...
IPF row error: 308305.517998, col error: 0.000000
Starting Iterative Proportional Fitting (IPF)...
IPF row error: 186798.108523, col error: 0.000000
IPF row error: 295180.843975, col error: 0.000000
Starting Iterative Proportional Fitting (IPF)...
Starting Iterative Proportional Fitting (IPF)...
IPF row error: 186798.108523, col error: 0.000000
Starting Iterative Proportional Fitting (IPF)...
IPF row error: 186798.108523, col error: 0.000000
Starting Iterative Proportional Fitting (IPF)...
IPF row error: 307779.513049, col error: 0.000000
IPF row error: 309299.125064, col error: 0.000000
Starting Iterative Proportional Fitting (IPF)...
Starting Iterative Proportional Fitting (IPF)...
IPF row error: 308305.517998, col error: 0.000001
Starting Iterative Proportional Fitting (IPF)...
IPF row error: 310355.859448, col error: 0.000000
  [2019/test] 진행 1350/1750 (77.1%) | 누적 CPC 0.2286 | RMSE 441950.9737 | %RMSE 32176.5804 | 경과 18.1분 | 예상 남음 5.4분
Starting Iterative Proportional Fitting (IPF)...
IPF row error: 287392.003815, col error: 0.000000
IPF row error: 265982.335689, col error: 0.000000
Starting Iterative Proportional Fitting (IPF)...
Starting Iterative Proportional Fitting (IPF)...
IPF row error: 174956.305227, col error: 0.000000
Starting Iterative Proportional Fitting (IPF)...
IPF row error: 286458.165360, col error: 0.000000
Starting Iterative Proportional Fitting (IPF)...
IPF row error: 289752.656906, col error: 0.000000
IPF row error: 286458.165360, col error: 0.000000
Starting Iterative Proportional Fitting (IPF)...
Starting Iterative Proportional Fitting (IPF)...
IPF row error: 292673.545702, col error: 0.000000
Starting Iterative Proportional Fitting (IPF)...
IPF row error: 171506.303067, col error: 0.000000
Starting Iterative Proportional Fitting (IPF)...
IPF row error: 287435.119554, col error: 0.000000
IPF row error: 178589.579162, col error: 0.000001
Starting Iterative Proportional Fitting (IPF)...
Starting Iterative Proportional Fitting (IPF)...
IPF row error: 168461.815240, col error: 0.000000
Starting Iterative Proportional Fitting (IPF)...
IPF row error: 286458.165360, col error: 0.000000
Starting Iterative Proportional Fitting (IPF)...
IPF row error: 173520.582491, col error: 0.000000
IPF row error: 251137.659391, col error: 0.000000
Starting Iterative Proportional Fitting (IPF)...
Starting Iterative Proportional Fitting (IPF)...
IPF row error: 172949.563943, col error: 0.000000
Starting Iterative Proportional Fitting (IPF)...
IPF row error: 171432.205087, col error: 0.000001
Starting Iterative Proportional Fitting (IPF)...
IPF row error: 173461.340605, col error: 0.000000
IPF row error: 286458.165360, col error: 0.000000
Starting Iterative Proportional Fitting (IPF)...
Starting Iterative Proportional Fitting (IPF)...
IPF row error: 288742.130097, col error: 0.000000
Starting Iterative Proportional Fitting (IPF)...
IPF row error: 283269.911922, col error: 0.000000
Starting Iterative Proportional Fitting (IPF)...
IPF row error: 175533.431159, col error: 0.000000
IPF row error: 283478.334759, col error: 0.000000
Starting Iterative Proportional Fitting (IPF)...
Starting Iterative Proportional Fitting (IPF)...
IPF row error: 171506.303067, col error: 0.000000
Starting Iterative Proportional Fitting (IPF)...
IPF row error: 176675.122276, col error: 0.000000
Starting Iterative Proportional Fitting (IPF)...
IPF row error: 287392.003815, col error: 0.000000
Starting Iterative Proportional Fitting (IPF)...
IPF row error: 286458.165360, col error: 0.000000
Starting Iterative Proportional Fitting (IPF)...
IPF row error: 175012.184123, col error: 0.000000
Starting Iterative Proportional Fitting (IPF)...
IPF row error: 292761.389672, col error: 0.000000
Starting Iterative Proportional Fitting (IPF)...
IPF row error: 286458.165360, col error: 0.000000
IPF row error: 289752.656906, col error: 0.000000
  [2019/test] 진행 1380/1750 (78.9%) | 누적 CPC 0.2237 | RMSE 487662.9904 | %RMSE 34041.8654 | 경과 18.9분 | 예상 남음 5.1분
Starting Iterative Proportional Fitting (IPF)...
Starting Iterative Proportional Fitting (IPF)...
IPF row error: 288104.686885, col error: 0.000000
Starting Iterative Proportional Fitting (IPF)...
IPF row error: 172949.563943, col error: 0.000000
Starting Iterative Proportional Fitting (IPF)...
IPF row error: 289752.656906, col error: 0.000000
IPF row error: 174835.241739, col error: 0.000000
Starting Iterative Proportional Fitting (IPF)...
Starting Iterative Proportional Fitting (IPF)...
IPF row error: 164128.672583, col error: 0.000000
Starting Iterative Proportional Fitting (IPF)...
IPF row error: 171506.303067, col error: 0.000000
Starting Iterative Proportional Fitting (IPF)...
IPF row error: 172949.563943, col error: 0.000000
IPF row error: 173459.934811, col error: 0.000000
Starting Iterative Proportional Fitting (IPF)...
Starting Iterative Proportional Fitting (IPF)...
IPF row error: 171506.303067, col error: 0.000000
Starting Iterative Proportional Fitting (IPF)...
IPF row error: 288705.123698, col error: 0.000000
Starting Iterative Proportional Fitting (IPF)...
IPF row error: 171506.303067, col error: 0.000000
IPF row error: 173520.582491, col error: 0.000000
Starting Iterative Proportional Fitting (IPF)...
Starting Iterative Proportional Fitting (IPF)...
IPF row error: 287392.003815, col error: 0.000000
Starting Iterative Proportional Fitting (IPF)...
IPF row error: 171865.507810, col error: 0.000001
Starting Iterative Proportional Fitting (IPF)...
IPF row error: 275782.630809, col error: 0.000000
IPF row error: 175798.874270, col error: 0.000000
Starting Iterative Proportional Fitting (IPF)...
Starting Iterative Proportional Fitting (IPF)...
IPF row error: 168601.322117, col error: 0.000000
Starting Iterative Proportional Fitting (IPF)...
IPF row error: 297424.978844, col error: 0.000001
Starting Iterative Proportional Fitting (IPF)...
IPF converged at iteration 58
IPF row error: 1.450439, col error: 0.000000
Starting Iterative Proportional Fitting (IPF)...
IPF converged at iteration 52
IPF row error: 286458.165360, col error: 0.000000
IPF row error: 1.421825, col error: 0.000000
IPF row error: 173520.582491, col error: 0.000000
Starting Iterative Proportional Fitting (IPF)...
Starting Iterative Proportional Fitting (IPF)...
Starting Iterative Proportional Fitting (IPF)...
IPF converged at iteration 64
IPF row error: 1.421792, col error: 0.000000
Starting Iterative Proportional Fitting (IPF)...
IPF converged at iteration 58
IPF row error: 1.465968, col error: 0.000000
Starting Iterative Proportional Fitting (IPF)...
IPF converged at iteration 64
IPF row error: 1.421792, col error: 0.000000
Starting Iterative Proportional Fitting (IPF)...
IPF row error: 301009.979676, col error: 0.000000
Starting Iterative Proportional Fitting (IPF)...
IPF converged at iteration 64
IPF row error: 1.421792, col error: 0.000000
Starting Iterative Proportional Fitting (IPF)...
IPF converged at iteration 52
IPF row error: 1.419642, col error: 0.000000
Starting Iterative Proportional Fitting (IPF)...
IPF converged at iteration 64
IPF row error: 1.422948, col error: 0.000000
Starting Iterative Proportional Fitting (IPF)...
IPF converged at iteration 29
IPF row error: 13.289400, col error: 0.000000
  [2019/test] 진행 1410/1750 (80.6%) | 누적 CPC 0.2200 | RMSE 518623.5167 | %RMSE 35101.9527 | 경과 19.7분 | 예상 남음 4.7분
Starting Iterative Proportional Fitting (IPF)...
IPF converged at iteration 28
IPF row error: 15.069198, col error: 0.000000
Starting Iterative Proportional Fitting (IPF)...
IPF converged at iteration 64
IPF row error: 1.422948, col error: 0.000000
Starting Iterative Proportional Fitting (IPF)...
IPF converged at iteration 31
IPF row error: 12.027794, col error: 0.000000
Starting Iterative Proportional Fitting (IPF)...
IPF converged at iteration 28
IPF row error: 12.992683, col error: 0.000000
Starting Iterative Proportional Fitting (IPF)...
IPF converged at iteration 64
IPF row error: 1.421792, col error: 0.000000
Starting Iterative Proportional Fitting (IPF)...
IPF converged at iteration 51
IPF converged at iteration 30
IPF row error: 1.299198, col error: 0.000000
IPF row error: 14.627704, col error: 0.000000
Starting Iterative Proportional Fitting (IPF)...
Starting Iterative Proportional Fitting (IPF)...
IPF converged at iteration 64
IPF row error: 1.411388, col error: 0.000000
Starting Iterative Proportional Fitting (IPF)...
IPF converged at iteration 52
IPF row error: 1.408445, col error: 0.000000
Starting Iterative Proportional Fitting (IPF)...
IPF converged at iteration 24
IPF row error: 42.228282, col error: 0.000000
Starting Iterative Proportional Fitting (IPF)...
IPF converged at iteration 52
IPF row error: 1.420713, col error: 0.000000
Starting Iterative Proportional Fitting (IPF)...
IPF converged at iteration 52
IPF row error: 1.395569, col error: 0.000000
Starting Iterative Proportional Fitting (IPF)...
IPF converged at iteration 26
IPF row error: 29.779155, col error: 0.000000
Starting Iterative Proportional Fitting (IPF)...
IPF converged at iteration 27
IPF row error: 19.419795, col error: 0.000000
Starting Iterative Proportional Fitting (IPF)...
IPF converged at iteration 64
IPF row error: 1.424768, col error: 0.000000
IPF row error: 306024.649126, col error: 0.000000
Starting Iterative Proportional Fitting (IPF)...
Starting Iterative Proportional Fitting (IPF)...
IPF converged at iteration 31
IPF row error: 11.926151, col error: 0.000000
Starting Iterative Proportional Fitting (IPF)...
IPF converged at iteration 28
IPF row error: 12.986589, col error: 0.000000
Starting Iterative Proportional Fitting (IPF)...
IPF converged at iteration 29
IPF row error: 16.987828, col error: 0.000000
Starting Iterative Proportional Fitting (IPF)...
IPF converged at iteration 31
IPF row error: 9.692285, col error: 0.000000
Starting Iterative Proportional Fitting (IPF)...
IPF converged at iteration 52
IPF row error: 1.414524, col error: 0.000000
IPF converged at iteration 29
Starting Iterative Proportional Fitting (IPF)...
IPF row error: 11.371216, col error: 0.000000
Starting Iterative Proportional Fitting (IPF)...
IPF converged at iteration 31
IPF row error: 13.561053, col error: 0.000000
Starting Iterative Proportional Fitting (IPF)...
IPF converged at iteration 29
IPF row error: 16.168888, col error: 0.000000
Starting Iterative Proportional Fitting (IPF)...
IPF converged at iteration 52
IPF row error: 1.408445, col error: 0.000000
IPF converged at iteration 64
IPF row error: 1.409636, col error: 0.000000
Starting Iterative Proportional Fitting (IPF)...
Starting Iterative Proportional Fitting (IPF)...
IPF converged at iteration 35
IPF row error: 7.008318, col error: 0.000000
Starting Iterative Proportional Fitting (IPF)...
IPF converged at iteration 27
IPF row error: 17.331436, col error: 0.000000
IPF row error: 312419.023806, col error: 0.000000
Starting Iterative Proportional Fitting (IPF)...
Starting Iterative Proportional Fitting (IPF)...
IPF converged at iteration 30
IPF row error: 14.147767, col error: 0.000000
  [2019/test] 진행 1440/1750 (82.3%) | 누적 CPC 0.2183 | RMSE 512240.8904 | %RMSE 34532.0748 | 경과 20.1분 | 예상 남음 4.3분
Starting Iterative Proportional Fitting (IPF)...
IPF converged at iteration 52
IPF row error: 1.407687, col error: 0.000000
Starting Iterative Proportional Fitting (IPF)...
IPF converged at iteration 52
IPF converged at iteration 52
IPF row error: 1.417611, col error: 0.000000
IPF row error: 1.418742, col error: 0.000000
Starting Iterative Proportional Fitting (IPF)...
Starting Iterative Proportional Fitting (IPF)...
IPF converged at iteration 52
IPF row error: 1.420713, col error: 0.000000
Starting Iterative Proportional Fitting (IPF)...
IPF converged at iteration 31
IPF row error: 12.261323, col error: 0.000000
Starting Iterative Proportional Fitting (IPF)...
IPF converged at iteration 64
IPF row error: 1.424768, col error: 0.000000
Starting Iterative Proportional Fitting (IPF)...
IPF row error: 306024.649126, col error: 0.000000
Starting Iterative Proportional Fitting (IPF)...
IPF converged at iteration 28
IPF row error: 13.200933, col error: 0.000000
IPF row error: 306551.976994, col error: 0.000000
Starting Iterative Proportional Fitting (IPF)...Starting Iterative Proportional Fitting (IPF)...

IPF converged at iteration 64
IPF row error: 1.421792, col error: 0.000000
IPF converged at iteration 29
IPF row error: 15.096832, col error: 0.000000
Starting Iterative Proportional Fitting (IPF)...
Starting Iterative Proportional Fitting (IPF)...
IPF row error: 307098.733194, col error: 0.000000
Starting Iterative Proportional Fitting (IPF)...
IPF converged at iteration 29
IPF row error: 14.253614, col error: 0.000000
Starting Iterative Proportional Fitting (IPF)...
IPF converged at iteration 64
IPF row error: 1.339341, col error: 0.000000
Starting Iterative Proportional Fitting (IPF)...
IPF row error: 307973.259813, col error: 0.000000
IPF converged at iteration 55
IPF row error: 1.316473, col error: 0.000000
Starting Iterative Proportional Fitting (IPF)...
Starting Iterative Proportional Fitting (IPF)...
IPF converged at iteration 55
IPF row error: 1.335733, col error: 0.000000
Starting Iterative Proportional Fitting (IPF)...
IPF converged at iteration 30
IPF row error: 12.535615, col error: 0.000000
Starting Iterative Proportional Fitting (IPF)...
IPF converged at iteration 26
IPF row error: 14.191219, col error: 0.000000
IPF converged at iteration 55
Starting Iterative Proportional Fitting (IPF)...
IPF row error: 1.333381, col error: 0.000000
Starting Iterative Proportional Fitting (IPF)...
IPF converged at iteration 55
IPF row error: 1.314625, col error: 0.000000
Starting Iterative Proportional Fitting (IPF)...
IPF converged at iteration 64
IPF row error: 1.339341, col error: 0.000000
Starting Iterative Proportional Fitting (IPF)...
IPF converged at iteration 55
IPF row error: 1.321518, col error: 0.000000
Starting Iterative Proportional Fitting (IPF)...
IPF converged at iteration 55
IPF row error: 1.333381, col error: 0.000000
Starting Iterative Proportional Fitting (IPF)...
IPF converged at iteration 64
IPF row error: 1.339341, col error: 0.000000
Starting Iterative Proportional Fitting (IPF)...
IPF converged at iteration 32
IPF row error: 8.387633, col error: 0.000000
Starting Iterative Proportional Fitting (IPF)...
IPF converged at iteration 30
IPF row error: 12.272355, col error: 0.000000
IPF converged at iteration 55
IPF row error: 1.316473, col error: 0.000000
Starting Iterative Proportional Fitting (IPF)...
Starting Iterative Proportional Fitting (IPF)...
IPF converged at iteration 55
IPF row error: 1.332218, col error: 0.000000
Starting Iterative Proportional Fitting (IPF)...
IPF converged at iteration 30
IPF row error: 10.263209, col error: 0.000000
  [2019/test] 진행 1470/1750 (84.0%) | 누적 CPC 0.2158 | RMSE 510308.6326 | %RMSE 34124.7688 | 경과 20.5분 | 예상 남음 3.9분
Starting Iterative Proportional Fitting (IPF)...
IPF converged at iteration 28
IPF row error: 15.733011, col error: 0.000000
Starting Iterative Proportional Fitting (IPF)...
IPF converged at iteration 55
IPF row error: 1.331871, col error: 0.000000
Starting Iterative Proportional Fitting (IPF)...
IPF converged at iteration 55
IPF row error: 1.332218, col error: 0.000000
Starting Iterative Proportional Fitting (IPF)...
IPF converged at iteration 28
IPF row error: 12.840542, col error: 0.000000
Starting Iterative Proportional Fitting (IPF)...
IPF converged at iteration 36
IPF row error: 4.043926, col error: 0.000000
Starting Iterative Proportional Fitting (IPF)...
IPF converged at iteration 55
IPF row error: 1.321518, col error: 0.000000
Starting Iterative Proportional Fitting (IPF)...
IPF converged at iteration 64
IPF row error: 1.355334, col error: 0.000000
Starting Iterative Proportional Fitting (IPF)...
IPF converged at iteration 55
IPF row error: 1.333578, col error: 0.000000
Starting Iterative Proportional Fitting (IPF)...
IPF row error: 310352.138897, col error: 0.000000
IPF converged at iteration 62
IPF row error: 1.316095, col error: 0.000000
Starting Iterative Proportional Fitting (IPF)...
Starting Iterative Proportional Fitting (IPF)...
IPF converged at iteration 43
IPF row error: 1.238314, col error: 0.000000
Starting Iterative Proportional Fitting (IPF)...
IPF converged at iteration 55
IPF row error: 1.335733, col error: 0.000000
Starting Iterative Proportional Fitting (IPF)...
IPF converged at iteration 31
IPF row error: 13.755205, col error: 0.000000
Starting Iterative Proportional Fitting (IPF)...
IPF converged at iteration 29
IPF row error: 11.614405, col error: 0.000000
Starting Iterative Proportional Fitting (IPF)...
IPF converged at iteration 55
IPF row error: 1.335733, col error: 0.000000
IPF converged at iteration 25
Starting Iterative Proportional Fitting (IPF)...
IPF row error: 21.468168, col error: 0.000000
Starting Iterative Proportional Fitting (IPF)...
IPF converged at iteration 55
IPF row error: 1.309724, col error: 0.000000
Starting Iterative Proportional Fitting (IPF)...
IPF converged at iteration 32
IPF row error: 10.482656, col error: 0.000000
IPF converged at iteration 30
IPF row error: 11.969178, col error: 0.000000
Starting Iterative Proportional Fitting (IPF)...
Starting Iterative Proportional Fitting (IPF)...
IPF converged at iteration 64
IPF row error: 1.358382, col error: 0.000000
Starting Iterative Proportional Fitting (IPF)...
IPF converged at iteration 29
IPF row error: 13.189258, col error: 0.000000
Starting Iterative Proportional Fitting (IPF)...
IPF converged at iteration 55
IPF row error: 1.331245, col error: 0.000000
Starting Iterative Proportional Fitting (IPF)...
IPF converged at iteration 64
IPF row error: 1.358382, col error: 0.000000
Starting Iterative Proportional Fitting (IPF)...
IPF converged at iteration 32
IPF row error: 10.690022, col error: 0.000000
IPF converged at iteration 55
IPF row error: 1.322224, col error: 0.000000
Starting Iterative Proportional Fitting (IPF)...
Starting Iterative Proportional Fitting (IPF)...
IPF converged at iteration 55
IPF row error: 1.316473, col error: 0.000000
Starting Iterative Proportional Fitting (IPF)...
IPF converged at iteration 27
IPF row error: 24.828701, col error: 0.000000
Starting Iterative Proportional Fitting (IPF)...
IPF converged at iteration 33
IPF row error: 8.811861, col error: 0.000000
Starting Iterative Proportional Fitting (IPF)...
IPF converged at iteration 55
IPF row error: 1.330224, col error: 0.000000
Starting Iterative Proportional Fitting (IPF)...
IPF converged at iteration 30
IPF row error: 27.942179, col error: 0.000000
  [2019/test] 진행 1500/1750 (85.7%) | 누적 CPC 0.2136 | RMSE 502179.6106 | %RMSE 33520.0228 | 경과 21.0분 | 예상 남음 3.5분
Starting Iterative Proportional Fitting (IPF)...
IPF converged at iteration 31
IPF converged at iteration 55
IPF row error: 13.847756, col error: 0.000000
IPF row error: 1.319187, col error: 0.000000
Starting Iterative Proportional Fitting (IPF)...
Starting Iterative Proportional Fitting (IPF)...
IPF converged at iteration 28
IPF row error: 13.555404, col error: 0.000000
Starting Iterative Proportional Fitting (IPF)...
IPF converged at iteration 31
IPF row error: 13.847756, col error: 0.000000
Starting Iterative Proportional Fitting (IPF)...
IPF converged at iteration 27
IPF row error: 21.565016, col error: 0.000000
Starting Iterative Proportional Fitting (IPF)...
IPF converged at iteration 31
IPF row error: 11.593364, col error: 0.000000
Starting Iterative Proportional Fitting (IPF)...
IPF converged at iteration 29
IPF row error: 11.148964, col error: 0.000000
Starting Iterative Proportional Fitting (IPF)...
IPF converged at iteration 32
IPF row error: 11.300166, col error: 0.000000
Starting Iterative Proportional Fitting (IPF)...
IPF converged at iteration 31
IPF row error: 14.139841, col error: 0.000000
Starting Iterative Proportional Fitting (IPF)...
IPF converged at iteration 31
IPF row error: 13.142437, col error: 0.000000
Starting Iterative Proportional Fitting (IPF)...
IPF converged at iteration 30
IPF row error: 11.646658, col error: 0.000000
Starting Iterative Proportional Fitting (IPF)...
IPF converged at iteration 31
IPF row error: 13.847756, col error: 0.000000
Starting Iterative Proportional Fitting (IPF)...
IPF converged at iteration 31
IPF row error: 13.847756, col error: 0.000000
Starting Iterative Proportional Fitting (IPF)...
IPF converged at iteration 31
IPF converged at iteration 27
IPF row error: 10.221183, col error: 0.000000
IPF row error: 17.332273, col error: 0.000000
Starting Iterative Proportional Fitting (IPF)...
Starting Iterative Proportional Fitting (IPF)...
IPF converged at iteration 29
IPF row error: 10.092163, col error: 0.000000
Starting Iterative Proportional Fitting (IPF)...
IPF converged at iteration 31
IPF row error: 13.847756, col error: 0.000000
Starting Iterative Proportional Fitting (IPF)...
IPF converged at iteration 31
IPF row error: 13.847756, col error: 0.000000
IPF converged at iteration 34
Starting Iterative Proportional Fitting (IPF)...
IPF row error: 6.834352, col error: 0.000000
Starting Iterative Proportional Fitting (IPF)...
IPF converged at iteration 26
IPF row error: 17.437578, col error: 0.000000
IPF converged at iteration 31
IPF row error: 13.847756, col error: 0.000000
Starting Iterative Proportional Fitting (IPF)...
Starting Iterative Proportional Fitting (IPF)...
IPF converged at iteration 31
IPF row error: 13.847756, col error: 0.000000
IPF converged at iteration 47
IPF row error: 1.392946, col error: 0.000000
Starting Iterative Proportional Fitting (IPF)...
Starting Iterative Proportional Fitting (IPF)...
IPF converged at iteration 25
IPF row error: 32.357923, col error: 0.000000
Starting Iterative Proportional Fitting (IPF)...
IPF converged at iteration 35
IPF row error: 5.667412, col error: 0.000000
Starting Iterative Proportional Fitting (IPF)...
IPF converged at iteration 31
IPF row error: 13.847756, col error: 0.000000
IPF converged at iteration 34
IPF row error: 6.854381, col error: 0.000000
Starting Iterative Proportional Fitting (IPF)...
Starting Iterative Proportional Fitting (IPF)...
IPF converged at iteration 31
IPF row error: 13.847756, col error: 0.000000
Starting Iterative Proportional Fitting (IPF)...
IPF converged at iteration 24
IPF row error: 31.408566, col error: 0.000000
IPF converged at iteration 31
IPF row error: 13.847756, col error: 0.000000
  [2019/test] 진행 1530/1750 (87.4%) | 누적 CPC 0.2156 | RMSE 492337.3668 | %RMSE 32862.9969 | 경과 21.2분 | 예상 남음 3.1분
Starting Iterative Proportional Fitting (IPF)...
Starting Iterative Proportional Fitting (IPF)...
IPF converged at iteration 30
IPF row error: 8.204894, col error: 0.000000
Starting Iterative Proportional Fitting (IPF)...
IPF converged at iteration 31
IPF row error: 13.847756, col error: 0.000000
IPF converged at iteration 31
IPF row error: 13.847756, col error: 0.000000
IPF converged at iteration 61
IPF row error: 1.317961, col error: 0.000000
Starting Iterative Proportional Fitting (IPF)...
Starting Iterative Proportional Fitting (IPF)...
Starting Iterative Proportional Fitting (IPF)...
IPF converged at iteration 31
IPF row error: 13.847756, col error: 0.000000
Starting Iterative Proportional Fitting (IPF)...
IPF converged at iteration 31
IPF row error: 13.847756, col error: 0.000000
IPF converged at iteration 31
IPF row error: 13.847756, col error: 0.000000
Starting Iterative Proportional Fitting (IPF)...
Starting Iterative Proportional Fitting (IPF)...
IPF converged at iteration 32
IPF row error: 10.069963, col error: 0.000000
Starting Iterative Proportional Fitting (IPF)...
IPF converged at iteration 59
IPF row error: 4.844031, col error: 0.000000
IPF converged at iteration 28
IPF row error: 11.303837, col error: 0.000000
Starting Iterative Proportional Fitting (IPF)...
IPF converged at iteration 28
Starting Iterative Proportional Fitting (IPF)...
IPF row error: 17.370199, col error: 0.000000
Starting Iterative Proportional Fitting (IPF)...
IPF converged at iteration 31
IPF row error: 13.847756, col error: 0.000000
Starting Iterative Proportional Fitting (IPF)...
IPF converged at iteration 31
IPF row error: 7.934394, col error: 0.000000
IPF converged at iteration 31
IPF row error: 13.847756, col error: 0.000000
Starting Iterative Proportional Fitting (IPF)...
IPF converged at iteration 31
IPF row error: 13.837410, col error: 0.000000
Starting Iterative Proportional Fitting (IPF)...
Starting Iterative Proportional Fitting (IPF)...
IPF converged at iteration 29
IPF row error: 15.107708, col error: 0.000000
IPF converged at iteration 27
IPF row error: 18.441167, col error: 0.000000
Starting Iterative Proportional Fitting (IPF)...
Starting Iterative Proportional Fitting (IPF)...
IPF converged at iteration 29
IPF row error: 13.107834, col error: 0.000000
Starting Iterative Proportional Fitting (IPF)...
IPF converged at iteration 31
IPF row error: 13.847756, col error: 0.000000
Starting Iterative Proportional Fitting (IPF)...
IPF converged at iteration 28
IPF row error: 17.156740, col error: 0.000000
IPF converged at iteration 28
Starting Iterative Proportional Fitting (IPF)...
IPF row error: 15.178698, col error: 0.000000
Starting Iterative Proportional Fitting (IPF)...
IPF converged at iteration 31
IPF row error: 13.829213, col error: 0.000000
Starting Iterative Proportional Fitting (IPF)...
IPF converged at iteration 47
IPF row error: 1.377612, col error: 0.000000
Starting Iterative Proportional Fitting (IPF)...
IPF converged at iteration 31
IPF row error: 13.829213, col error: 0.000000
Starting Iterative Proportional Fitting (IPF)...
IPF converged at iteration 39
IPF row error: 2.156098, col error: 0.000000
Starting Iterative Proportional Fitting (IPF)...
IPF converged at iteration 29
IPF row error: 13.290103, col error: 0.000000
IPF converged at iteration 42
IPF row error: 1.320960, col error: 0.000000
Starting Iterative Proportional Fitting (IPF)...
Starting Iterative Proportional Fitting (IPF)...
IPF converged at iteration 31
IPF row error: 13.829213, col error: 0.000000
Starting Iterative Proportional Fitting (IPF)...
IPF converged at iteration 31
IPF row error: 13.829213, col error: 0.000000
Starting Iterative Proportional Fitting (IPF)...
IPF converged at iteration 28
IPF converged at iteration 28
IPF row error: 7.123221, col error: 0.000000
  [2019/test] 진행 1560/1750 (89.1%) | 누적 CPC 0.2175 | RMSE 482872.4835 | %RMSE 32231.2355 | 경과 21.6분 | 예상 남음 2.6분
IPF row error: 11.299113, col error: 0.000000
Starting Iterative Proportional Fitting (IPF)...
Starting Iterative Proportional Fitting (IPF)...
IPF converged at iteration 29
IPF row error: 15.153903, col error: 0.000000
IPF converged at iteration 28
Starting Iterative Proportional Fitting (IPF)...
IPF row error: 19.813587, col error: 0.000000
Starting Iterative Proportional Fitting (IPF)...
IPF converged at iteration 31
IPF converged at iteration 31
IPF row error: 13.829213, col error: 0.000000
IPF row error: 13.829213, col error: 0.000000
Starting Iterative Proportional Fitting (IPF)...
Starting Iterative Proportional Fitting (IPF)...
IPF converged at iteration 31
IPF row error: 13.829213, col error: 0.000000
Starting Iterative Proportional Fitting (IPF)...
IPF converged at iteration 33
IPF row error: 8.432370, col error: 0.000000
Starting Iterative Proportional Fitting (IPF)...
IPF converged at iteration 27
IPF row error: 12.354423, col error: 0.000000
IPF converged at iteration 31
Starting Iterative Proportional Fitting (IPF)...
IPF row error: 13.829213, col error: 0.000000
Starting Iterative Proportional Fitting (IPF)...
IPF converged at iteration 30
IPF row error: 15.996020, col error: 0.000000
Starting Iterative Proportional Fitting (IPF)...
IPF converged at iteration 39
IPF row error: 2.349813, col error: 0.000000
Starting Iterative Proportional Fitting (IPF)...
IPF converged at iteration 25
IPF row error: 30.668132, col error: 0.000000
IPF converged at iteration 30
IPF row error: 10.608587, col error: 0.000000
Starting Iterative Proportional Fitting (IPF)...
Starting Iterative Proportional Fitting (IPF)...
IPF converged at iteration 36
IPF row error: 4.533842, col error: 0.000000
Starting Iterative Proportional Fitting (IPF)...
IPF converged at iteration 31
IPF row error: 11.915032, col error: 0.000000
IPF converged at iteration 28
IPF row error: 16.434171, col error: 0.000000
Starting Iterative Proportional Fitting (IPF)...
Starting Iterative Proportional Fitting (IPF)...
IPF converged at iteration 31
IPF row error: 13.829213, col error: 0.000000
Starting Iterative Proportional Fitting (IPF)...
IPF converged at iteration 28
IPF row error: 13.413223, col error: 0.000000
Starting Iterative Proportional Fitting (IPF)...
IPF converged at iteration 29
IPF row error: 11.784573, col error: 0.000000
Starting Iterative Proportional Fitting (IPF)...
IPF converged at iteration 31
IPF row error: 13.829213, col error: 0.000000
IPF converged at iteration 38
IPF row error: 3.345167, col error: 0.000000
Starting Iterative Proportional Fitting (IPF)...
Starting Iterative Proportional Fitting (IPF)...
IPF converged at iteration 30
IPF row error: 14.008557, col error: 0.000000
Starting Iterative Proportional Fitting (IPF)...
IPF converged at iteration 31
IPF row error: 13.829213, col error: 0.000000
Starting Iterative Proportional Fitting (IPF)...
IPF converged at iteration 31
IPF row error: 13.829213, col error: 0.000000
Starting Iterative Proportional Fitting (IPF)...
IPF converged at iteration 33
IPF row error: 9.850847, col error: 0.000000
Starting Iterative Proportional Fitting (IPF)...
IPF converged at iteration 58
IPF row error: 4.905695, col error: 0.000000
IPF converged at iteration 31
IPF row error: 13.829213, col error: 0.000000
Starting Iterative Proportional Fitting (IPF)...
Starting Iterative Proportional Fitting (IPF)...
IPF converged at iteration 27
IPF row error: 15.252447, col error: 0.000000
Starting Iterative Proportional Fitting (IPF)...
IPF converged at iteration 31
IPF row error: 13.829213, col error: 0.000000
Starting Iterative Proportional Fitting (IPF)...
IPF converged at iteration 28
IPF row error: 14.479148, col error: 0.000000
  [2019/test] 진행 1590/1750 (90.9%) | 누적 CPC 0.2189 | RMSE 473762.6209 | %RMSE 31623.3132 | 경과 21.9분 | 예상 남음 2.2분
IPF converged at iteration 31
IPF row error: 13.829213, col error: 0.000000
Starting Iterative Proportional Fitting (IPF)...
Starting Iterative Proportional Fitting (IPF)...
IPF converged at iteration 31
IPF row error: 13.829213, col error: 0.000000
Starting Iterative Proportional Fitting (IPF)...
IPF converged at iteration 31
IPF row error: 13.829213, col error: 0.000000
Starting Iterative Proportional Fitting (IPF)...
IPF converged at iteration 31
IPF converged at iteration 29
IPF row error: 13.829213, col error: 0.000000
IPF row error: 10.978567, col error: 0.000000
Starting Iterative Proportional Fitting (IPF)...
Starting Iterative Proportional Fitting (IPF)...
IPF converged at iteration 31
IPF row error: 13.829213, col error: 0.000000
Starting Iterative Proportional Fitting (IPF)...
IPF converged at iteration 31
IPF row error: 13.829213, col error: 0.000000
Starting Iterative Proportional Fitting (IPF)...
IPF converged at iteration 31
IPF converged at iteration 31
IPF row error: 13.829213, col error: 0.000000
IPF row error: 11.676361, col error: 0.000000
Starting Iterative Proportional Fitting (IPF)...Starting Iterative Proportional Fitting (IPF)...

IPF converged at iteration 30
IPF row error: 13.780875, col error: 0.000000
Starting Iterative Proportional Fitting (IPF)...
IPF converged at iteration 26
IPF row error: 35.094296, col error: 0.000000
Starting Iterative Proportional Fitting (IPF)...
IPF converged at iteration 57
IPF row error: 1.348591, col error: 0.000000
Starting Iterative Proportional Fitting (IPF)...
IPF converged at iteration 31
IPF row error: 10.929935, col error: 0.000000
IPF row error: 307582.746681, col error: 0.000001
IPF converged at iteration 57
Starting Iterative Proportional Fitting (IPF)...
IPF row error: 1.379394, col error: 0.000000
Starting Iterative Proportional Fitting (IPF)...
Starting Iterative Proportional Fitting (IPF)...
IPF row error: 307962.660174, col error: 0.000000
Starting Iterative Proportional Fitting (IPF)...
IPF converged at iteration 43
IPF row error: 1.318198, col error: 0.000000
Starting Iterative Proportional Fitting (IPF)...
IPF row error: 310865.556008, col error: 0.000000
IPF row error: 306757.291754, col error: 0.000000
Starting Iterative Proportional Fitting (IPF)...
Starting Iterative Proportional Fitting (IPF)...
IPF row error: 308135.725592, col error: 0.000000
Starting Iterative Proportional Fitting (IPF)...
IPF row error: 310211.860461, col error: 0.000000
IPF converged at iteration 42
IPF row error: 1.282127, col error: 0.000000
Starting Iterative Proportional Fitting (IPF)...
Starting Iterative Proportional Fitting (IPF)...
IPF row error: 314749.173191, col error: 0.000000
Starting Iterative Proportional Fitting (IPF)...
IPF row error: 308424.104915, col error: 0.000000
Starting Iterative Proportional Fitting (IPF)...
IPF row error: 307962.660175, col error: 0.000000
IPF row error: 187482.652515, col error: 0.000001
Starting Iterative Proportional Fitting (IPF)...
Starting Iterative Proportional Fitting (IPF)...
IPF converged at iteration 27
IPF row error: 16.770064, col error: 0.000000
Starting Iterative Proportional Fitting (IPF)...
IPF row error: 190574.750910, col error: 0.000000
Starting Iterative Proportional Fitting (IPF)...
IPF row error: 308937.890005, col error: 0.000000
Starting Iterative Proportional Fitting (IPF)...
IPF row error: 284163.231699, col error: 0.000000
  [2019/test] 진행 1620/1750 (92.6%) | 누적 CPC 0.2173 | RMSE 482384.2863 | %RMSE 33711.6137 | 경과 22.4분 | 예상 남음 1.8분
Starting Iterative Proportional Fitting (IPF)...
IPF converged at iteration 37
IPF row error: 3.595463, col error: 0.000000
Starting Iterative Proportional Fitting (IPF)...
IPF converged at iteration 27
IPF row error: 31.435908, col error: 0.000000
Starting Iterative Proportional Fitting (IPF)...
IPF row error: 308807.973897, col error: 0.000000
Starting Iterative Proportional Fitting (IPF)...
IPF converged at iteration 28
IPF row error: 13.116727, col error: 0.000000
Starting Iterative Proportional Fitting (IPF)...
IPF row error: 311052.040960, col error: 0.000001
Starting Iterative Proportional Fitting (IPF)...
IPF converged at iteration 61
IPF converged at iteration 52
IPF row error: 1.433555, col error: 0.000000
IPF row error: 1.410029, col error: 0.000000
Starting Iterative Proportional Fitting (IPF)...
Starting Iterative Proportional Fitting (IPF)...
IPF converged at iteration 29
IPF row error: 11.141085, col error: 0.000000
Starting Iterative Proportional Fitting (IPF)...
IPF row error: 307962.660174, col error: 0.000000
Starting Iterative Proportional Fitting (IPF)...
IPF row error: 307772.071804, col error: 0.000000
Starting Iterative Proportional Fitting (IPF)...
IPF converged at iteration 27
IPF row error: 17.121676, col error: 0.000000
Starting Iterative Proportional Fitting (IPF)...
IPF row error: 308075.150879, col error: 0.000000
Starting Iterative Proportional Fitting (IPF)...
IPF row error: 306414.392670, col error: 0.000000
IPF converged at iteration 62
IPF row error: 1.423132, col error: 0.000000
Starting Iterative Proportional Fitting (IPF)...
Starting Iterative Proportional Fitting (IPF)...
IPF row error: 307883.251922, col error: 0.000000
Starting Iterative Proportional Fitting (IPF)...
IPF converged at iteration 56
IPF row error: 1.443603, col error: 0.000000
Starting Iterative Proportional Fitting (IPF)...
IPF row error: 307409.705827, col error: 0.000000
Starting Iterative Proportional Fitting (IPF)...
IPF row error: 307745.609128, col error: 0.000000
IPF converged at iteration 29
IPF row error: 16.034884, col error: 0.000000
Starting Iterative Proportional Fitting (IPF)...
Starting Iterative Proportional Fitting (IPF)...
IPF row error: 308662.043686, col error: 0.000001
Starting Iterative Proportional Fitting (IPF)...
IPF row error: 289303.511258, col error: 0.000000
Starting Iterative Proportional Fitting (IPF)...
IPF row error: 307704.565634, col error: 0.000000
Starting Iterative Proportional Fitting (IPF)...
IPF row error: 308135.725593, col error: 0.000000
Starting Iterative Proportional Fitting (IPF)...
IPF row error: 306887.945826, col error: 0.000000
Starting Iterative Proportional Fitting (IPF)...
IPF converged at iteration 57
IPF row error: 1.313068, col error: 0.000000
IPF converged at iteration 56
IPF row error: 187037.662829, col error: 0.000000
Starting Iterative Proportional Fitting (IPF)...
IPF row error: 1.445662, col error: 0.000000
Starting Iterative Proportional Fitting (IPF)...
Starting Iterative Proportional Fitting (IPF)...
IPF converged at iteration 31
IPF row error: 12.026217, col error: 0.000000
Starting Iterative Proportional Fitting (IPF)...
IPF converged at iteration 59
IPF row error: 1.391162, col error: 0.000000
Starting Iterative Proportional Fitting (IPF)...
IPF converged at iteration 31
IPF row error: 15.052513, col error: 0.000000
  [2019/test] 진행 1650/1750 (94.3%) | 누적 CPC 0.2147 | RMSE 493026.3237 | %RMSE 36188.8282 | 경과 23.1분 | 예상 남음 1.4분
Starting Iterative Proportional Fitting (IPF)...
IPF row error: 308619.510405, col error: 0.000000
Starting Iterative Proportional Fitting (IPF)...
IPF converged at iteration 31
IPF row error: 15.028844, col error: 0.000000
IPF row error: 307962.660175, col error: 0.000000
Starting Iterative Proportional Fitting (IPF)...
Starting Iterative Proportional Fitting (IPF)...
IPF converged at iteration 26
IPF row error: 18.787760, col error: 0.000000
Starting Iterative Proportional Fitting (IPF)...
IPF converged at iteration 31
IPF row error: 13.007928, col error: 0.000000
IPF converged at iteration 59
IPF row error: 1.378976, col error: 0.000000
Starting Iterative Proportional Fitting (IPF)...
IPF converged at iteration 66
IPF row error: 1.459037, col error: 0.000000
Starting Iterative Proportional Fitting (IPF)...
Starting Iterative Proportional Fitting (IPF)...
IPF converged at iteration 28
IPF row error: 14.824623, col error: 0.000000
IPF converged at iteration 28
IPF row error: 17.839379, col error: 0.000000
Starting Iterative Proportional Fitting (IPF)...
Starting Iterative Proportional Fitting (IPF)...
IPF converged at iteration 57
IPF converged at iteration 28
IPF converged at iteration 30
IPF row error: 1.444770, col error: 0.000000
IPF row error: 12.009733, col error: 0.000000
IPF row error: 18.478282, col error: 0.000000
Starting Iterative Proportional Fitting (IPF)...
Starting Iterative Proportional Fitting (IPF)...
Starting Iterative Proportional Fitting (IPF)...
IPF row error: 308282.896793, col error: 0.000000
Starting Iterative Proportional Fitting (IPF)...
IPF converged at iteration 58
IPF row error: 1.398265, col error: 0.000000
Starting Iterative Proportional Fitting (IPF)...
IPF row error: 302128.556810, col error: 0.000001
IPF row error: 326206.699217, col error: 0.000000
Starting Iterative Proportional Fitting (IPF)...
Starting Iterative Proportional Fitting (IPF)...
IPF row error: 308282.896793, col error: 0.000000
IPF converged at iteration 31
IPF row error: 15.671237, col error: 0.000000
Starting Iterative Proportional Fitting (IPF)...
Starting Iterative Proportional Fitting (IPF)...
IPF converged at iteration 58
IPF row error: 1.398123, col error: 0.000000
IPF row error: 307458.635127, col error: 0.000000
Starting Iterative Proportional Fitting (IPF)...
Starting Iterative Proportional Fitting (IPF)...
IPF converged at iteration 66
IPF row error: 1.456637, col error: 0.000000
Starting Iterative Proportional Fitting (IPF)...
IPF converged at iteration 58
IPF row error: 1.378617, col error: 0.000000
Starting Iterative Proportional Fitting (IPF)...
IPF row error: 298509.137223, col error: 0.000000
Starting Iterative Proportional Fitting (IPF)...
IPF row error: 308305.517998, col error: 0.000001
Starting Iterative Proportional Fitting (IPF)...
IPF converged at iteration 66
IPF row error: 1.462310, col error: 0.000000
Starting Iterative Proportional Fitting (IPF)...
IPF converged at iteration 45
IPF row error: 1.393463, col error: 0.000000
IPF row error: 309129.859032, col error: 0.000001
Starting Iterative Proportional Fitting (IPF)...
Starting Iterative Proportional Fitting (IPF)...
IPF row error: 332215.791076, col error: 0.000001
Starting Iterative Proportional Fitting (IPF)...
IPF converged at iteration 27
IPF row error: 13.048679, col error: 0.000000
Starting Iterative Proportional Fitting (IPF)...
IPF converged at iteration 28
IPF row error: 13.886770, col error: 0.000000
IPF row error: 308187.379457, col error: 0.000000
  [2019/test] 진행 1680/1750 (96.0%) | 누적 CPC 0.2128 | RMSE 500721.5947 | %RMSE 37074.8691 | 경과 23.6분 | 예상 남음 1.0분
Starting Iterative Proportional Fitting (IPF)...
Starting Iterative Proportional Fitting (IPF)...
IPF row error: 305695.206228, col error: 0.000000
Starting Iterative Proportional Fitting (IPF)...
IPF converged at iteration 58
IPF converged at iteration 58
IPF row error: 5.273094, col error: 0.000000
IPF row error: 1.378617, col error: 0.000000
Starting Iterative Proportional Fitting (IPF)...
Starting Iterative Proportional Fitting (IPF)...
IPF row error: 307818.058785, col error: 0.000000
Starting Iterative Proportional Fitting (IPF)...
IPF converged at iteration 30
IPF row error: 12.232008, col error: 0.000000
Starting Iterative Proportional Fitting (IPF)...
IPF converged at iteration 58
IPF row error: 1.395829, col error: 0.000000
Starting Iterative Proportional Fitting (IPF)...
IPF row error: 337726.751014, col error: 0.000000
Starting Iterative Proportional Fitting (IPF)...
IPF row error: 275548.550449, col error: 0.000000
Starting Iterative Proportional Fitting (IPF)...
IPF converged at iteration 30
IPF row error: 12.976619, col error: 0.000000
Starting Iterative Proportional Fitting (IPF)...
IPF row error: 327731.262818, col error: 0.000000
Starting Iterative Proportional Fitting (IPF)...
IPF row error: 329597.487030, col error: 0.000001
Starting Iterative Proportional Fitting (IPF)...
IPF row error: 308305.517999, col error: 0.000000
IPF converged at iteration 66
Starting Iterative Proportional Fitting (IPF)...
IPF row error: 1.456637, col error: 0.000000
Starting Iterative Proportional Fitting (IPF)...
IPF row error: 304605.578614, col error: 0.000001
Starting Iterative Proportional Fitting (IPF)...
IPF converged at iteration 39
IPF row error: 2.007294, col error: 0.000000
Starting Iterative Proportional Fitting (IPF)...
IPF converged at iteration 35
IPF row error: 6.175105, col error: 0.000000
Starting Iterative Proportional Fitting (IPF)...
IPF converged at iteration 66
IPF row error: 1.456637, col error: 0.000000
Starting Iterative Proportional Fitting (IPF)...
IPF converged at iteration 31
IPF row error: 10.338415, col error: 0.000000
Starting Iterative Proportional Fitting (IPF)...
IPF converged at iteration 58
IPF row error: 1.383712, col error: 0.000000
Starting Iterative Proportional Fitting (IPF)...
IPF row error: 297464.357751, col error: 0.000001
Starting Iterative Proportional Fitting (IPF)...
IPF converged at iteration 32
IPF row error: 8.993970, col error: 0.000000
Starting Iterative Proportional Fitting (IPF)...
IPF converged at iteration 44
IPF row error: 1.462580, col error: 0.000000
Starting Iterative Proportional Fitting (IPF)...
IPF row error: 289576.484498, col error: 0.000000
Starting Iterative Proportional Fitting (IPF)...
IPF converged at iteration 50
IPF row error: 1.418955, col error: 0.000000
Starting Iterative Proportional Fitting (IPF)...
IPF row error: 286458.165360, col error: 0.000000
IPF converged at iteration 30
Starting Iterative Proportional Fitting (IPF)...
IPF row error: 13.166555, col error: 0.000000
Starting Iterative Proportional Fitting (IPF)...
IPF converged at iteration 46
IPF row error: 1.282137, col error: 0.000000
Starting Iterative Proportional Fitting (IPF)...
IPF converged at iteration 50
IPF row error: 1.407577, col error: 0.000000
Starting Iterative Proportional Fitting (IPF)...
IPF row error: 286598.701139, col error: 0.000000
  [2019/test] 진행 1710/1750 (97.7%) | 누적 CPC 0.2109 | RMSE 511195.1301 | %RMSE 38003.2412 | 경과 24.2분 | 예상 남음 0.6분
Starting Iterative Proportional Fitting (IPF)...
IPF converged at iteration 46
IPF converged at iteration 30
IPF row error: 1.266549, col error: 0.000000
IPF row error: 14.193076, col error: 0.000000
Starting Iterative Proportional Fitting (IPF)...Starting Iterative Proportional Fitting (IPF)...

IPF row error: 287415.759845, col error: 0.000000
IPF converged at iteration 46
IPF row error: 1.389516, col error: 0.000000
Starting Iterative Proportional Fitting (IPF)...
Starting Iterative Proportional Fitting (IPF)...
IPF converged at iteration 29
IPF row error: 15.966433, col error: 0.000000
Starting Iterative Proportional Fitting (IPF)...
IPF converged at iteration 55
IPF converged at iteration 46
IPF row error: 1.467770, col error: 0.000000
IPF row error: 1.276998, col error: 0.000000
Starting Iterative Proportional Fitting (IPF)...
Starting Iterative Proportional Fitting (IPF)...
IPF converged at iteration 30
IPF row error: 13.595005, col error: 0.000000
Starting Iterative Proportional Fitting (IPF)...
IPF row error: 259614.150364, col error: 0.000000
Starting Iterative Proportional Fitting (IPF)...
IPF converged at iteration 32
IPF row error: 10.940480, col error: 0.000000
Starting Iterative Proportional Fitting (IPF)...
IPF row error: 283589.702896, col error: 0.000000
Starting Iterative Proportional Fitting (IPF)...
IPF row error: 283661.386867, col error: 0.000000
Starting Iterative Proportional Fitting (IPF)...
IPF row error: 280672.000464, col error: 0.000000
IPF converged at iteration 31
IPF row error: 8.934891, col error: 0.000000
Starting Iterative Proportional Fitting (IPF)...
Starting Iterative Proportional Fitting (IPF)...
IPF converged at iteration 70
IPF row error: 1.362399, col error: 0.000000
Starting Iterative Proportional Fitting (IPF)...
IPF converged at iteration 28
IPF row error: 16.469577, col error: 0.000000
Starting Iterative Proportional Fitting (IPF)...
IPF row error: 276873.156444, col error: 0.000000
Starting Iterative Proportional Fitting (IPF)...
IPF converged at iteration 53
IPF row error: 1.433705, col error: 0.000000
Starting Iterative Proportional Fitting (IPF)...
IPF converged at iteration 46
IPF row error: 1.279751, col error: 0.000000
IPF converged at iteration 27
IPF row error: 13.938881, col error: 0.000000
Starting Iterative Proportional Fitting (IPF)...
Starting Iterative Proportional Fitting (IPF)...
IPF converged at iteration 30
IPF row error: 17.728747, col error: 0.000000
Starting Iterative Proportional Fitting (IPF)...
IPF row error: 290022.938170, col error: 0.000000
Starting Iterative Proportional Fitting (IPF)...
IPF row error: 290366.999519, col error: 0.000000
IPF row error: 293999.951760, col error: 0.000000
Starting Iterative Proportional Fitting (IPF)...
Starting Iterative Proportional Fitting (IPF)...
IPF row error: 290621.456721, col error: 0.000000
Starting Iterative Proportional Fitting (IPF)...
IPF converged at iteration 40
IPF row error: 1.613325, col error: 0.000000
Starting Iterative Proportional Fitting (IPF)...
IPF row error: 287039.493164, col error: 0.000000
Starting Iterative Proportional Fitting (IPF)...
IPF converged at iteration 27
IPF row error: 20.762740, col error: 0.000000
Starting Iterative Proportional Fitting (IPF)...
IPF row error: 290313.450427, col error: 0.000000
Starting Iterative Proportional Fitting (IPF)...
IPF row error: 286964.239525, col error: 0.000000
  [2019/test] 진행 1740/1750 (99.4%) | 누적 CPC 0.2093 | RMSE 519124.3448 | %RMSE 38041.2628 | 경과 24.8분 | 예상 남음 0.1분
Starting Iterative Proportional Fitting (IPF)...
IPF converged at iteration 31
IPF row error: 14.238396, col error: 0.000000
Starting Iterative Proportional Fitting (IPF)...
IPF row error: 286902.779250, col error: 0.000000
IPF converged at iteration 41
Starting Iterative Proportional Fitting (IPF)...
IPF row error: 1.376696, col error: 0.000000
Starting Iterative Proportional Fitting (IPF)...
IPF converged at iteration 28
IPF row error: 13.499304, col error: 0.000000
Starting Iterative Proportional Fitting (IPF)...
IPF converged at iteration 50
IPF row error: 1.415967, col error: 0.000000
Starting Iterative Proportional Fitting (IPF)...
IPF converged at iteration 30
IPF row error: 9.681316, col error: 0.000000
IPF converged at iteration 58
IPF row error: 1.270341, col error: 0.000000
Starting Iterative Proportional Fitting (IPF)...
IPF row error: 287857.202362, col error: 0.000001
IPF row error: 289773.379667, col error: 0.000000
IPF row error: 290549.895765, col error: 0.000000
  [2019/test] 진행 1750/1750 (100.0%) | 누적 CPC 0.2087 | RMSE 521246.2353 | %RMSE 38051.8282 | 경과 24.9분 | 예상 남음 0.0분
  [2019/test] 완료: 1750/1750

Evaluating 2023 / val ...
  [2023/val] 750개 샘플 병렬 평가 중 (threads=4)...
Starting Iterative Proportional Fitting (IPF)...
Starting Iterative Proportional Fitting (IPF)...Starting Iterative Proportional Fitting (IPF)...Starting Iterative Proportional Fitting (IPF)...


IPF converged at iteration 34
IPF converged at iteration 34
IPF converged at iteration 34
IPF converged at iteration 34
IPF row error: 66.639268, col error: 0.000000
IPF row error: 66.639268, col error: 0.000000
IPF row error: 66.639268, col error: 0.000000
IPF row error: 66.639268, col error: 0.000000
Starting Iterative Proportional Fitting (IPF)...
Starting Iterative Proportional Fitting (IPF)...
Starting Iterative Proportional Fitting (IPF)...
Starting Iterative Proportional Fitting (IPF)...
IPF converged at iteration 34
IPF row error: 66.639268, col error: 0.000000
IPF converged at iteration 34
IPF converged at iteration 34
IPF row error: 66.639268, col error: 0.000000
IPF converged at iteration 34
IPF row error: 66.639268, col error: 0.000000
IPF row error: 66.639268, col error: 0.000000
Starting Iterative Proportional Fitting (IPF)...
Starting Iterative Proportional Fitting (IPF)...
Starting Iterative Proportional Fitting (IPF)...
Starting Iterative Proportional Fitting (IPF)...
IPF converged at iteration 34
IPF row error: 66.639268, col error: 0.000000
IPF converged at iteration 34
IPF converged at iteration 34
IPF converged at iteration 34
IPF row error: 66.639268, col error: 0.000000
IPF row error: 66.639268, col error: 0.000000
IPF row error: 66.639268, col error: 0.000000
Starting Iterative Proportional Fitting (IPF)...
Starting Iterative Proportional Fitting (IPF)...
Starting Iterative Proportional Fitting (IPF)...
Starting Iterative Proportional Fitting (IPF)...
IPF converged at iteration 34
IPF row error: 66.639268, col error: 0.000000
IPF converged at iteration 34
IPF converged at iteration 34
IPF row error: 66.639268, col error: 0.000000
IPF row error: 66.639268, col error: 0.000000
IPF converged at iteration 34
IPF row error: 66.639268, col error: 0.000000
Starting Iterative Proportional Fitting (IPF)...
Starting Iterative Proportional Fitting (IPF)...
Starting Iterative Proportional Fitting (IPF)...
Starting Iterative Proportional Fitting (IPF)...
IPF converged at iteration 34
IPF row error: 66.639268, col error: 0.000000
IPF converged at iteration 34
IPF row error: 66.639268, col error: 0.000000
IPF converged at iteration 34
IPF row error: 66.639268, col error: 0.000000
Starting Iterative Proportional Fitting (IPF)...
IPF converged at iteration 34
IPF row error: 66.639268, col error: 0.000000
Starting Iterative Proportional Fitting (IPF)...
Starting Iterative Proportional Fitting (IPF)...
Starting Iterative Proportional Fitting (IPF)...
IPF converged at iteration 34
IPF row error: 66.639268, col error: 0.000000
IPF converged at iteration 34
IPF row error: 66.639268, col error: 0.000000
IPF converged at iteration 34
IPF row error: 66.639268, col error: 0.000000
Starting Iterative Proportional Fitting (IPF)...
IPF converged at iteration 34
Starting Iterative Proportional Fitting (IPF)...
IPF row error: 66.639268, col error: 0.000000
Starting Iterative Proportional Fitting (IPF)...
Starting Iterative Proportional Fitting (IPF)...
IPF converged at iteration 34
IPF row error: 66.639268, col error: 0.000000
IPF converged at iteration 34
IPF row error: 66.639268, col error: 0.000000
IPF converged at iteration 34
IPF row error: 66.639268, col error: 0.000000
Starting Iterative Proportional Fitting (IPF)...
Starting Iterative Proportional Fitting (IPF)...
IPF converged at iteration 34
IPF row error: 66.639268, col error: 0.000000
Starting Iterative Proportional Fitting (IPF)...
Starting Iterative Proportional Fitting (IPF)...
IPF converged at iteration 34
IPF converged at iteration 34
IPF row error: 66.639268, col error: 0.000000
IPF row error: 66.639268, col error: 0.000000
  [2023/val] 진행 30/750 (4.0%) | 누적 CPC 0.4910 | RMSE 737.1591 | %RMSE 12.3802 | 경과 0.3분 | 예상 남음 8.3분
IPF converged at iteration 34
Starting Iterative Proportional Fitting (IPF)...IPF row error: 66.639268, col error: 0.000000

Starting Iterative Proportional Fitting (IPF)...
IPF converged at iteration 34
IPF row error: 66.639268, col error: 0.000000
Starting Iterative Proportional Fitting (IPF)...
Starting Iterative Proportional Fitting (IPF)...
IPF converged at iteration 34
IPF row error: 66.639268, col error: 0.000000
IPF converged at iteration 34
IPF row error: 66.639268, col error: 0.000000
IPF converged at iteration 34
Starting Iterative Proportional Fitting (IPF)...
IPF row error: 66.639268, col error: 0.000000
Starting Iterative Proportional Fitting (IPF)...
IPF converged at iteration 34
IPF row error: 66.639268, col error: 0.000000
Starting Iterative Proportional Fitting (IPF)...
Starting Iterative Proportional Fitting (IPF)...
IPF converged at iteration 34
IPF row error: 66.639268, col error: 0.000000
IPF converged at iteration 34
IPF row error: 66.639268, col error: 0.000000
IPF converged at iteration 34
Starting Iterative Proportional Fitting (IPF)...
IPF row error: 66.639268, col error: 0.000000
Starting Iterative Proportional Fitting (IPF)...
IPF converged at iteration 34
IPF row error: 66.639268, col error: 0.000000
Starting Iterative Proportional Fitting (IPF)...
Starting Iterative Proportional Fitting (IPF)...
IPF converged at iteration 34
IPF row error: 66.639268, col error: 0.000000
IPF converged at iteration 34
IPF row error: 66.639268, col error: 0.000000
Starting Iterative Proportional Fitting (IPF)...
IPF converged at iteration 34
IPF row error: 66.639268, col error: 0.000000
Starting Iterative Proportional Fitting (IPF)...
IPF converged at iteration 34
Starting Iterative Proportional Fitting (IPF)...
IPF row error: 66.639268, col error: 0.000000
Starting Iterative Proportional Fitting (IPF)...
IPF converged at iteration 34
IPF row error: 66.639268, col error: 0.000000
IPF converged at iteration 34
IPF row error: 66.639268, col error: 0.000000
Starting Iterative Proportional Fitting (IPF)...
IPF converged at iteration 34
IPF row error: 66.639268, col error: 0.000000
Starting Iterative Proportional Fitting (IPF)...
IPF converged at iteration 34
IPF row error: 66.639268, col error: 0.000000
Starting Iterative Proportional Fitting (IPF)...
Starting Iterative Proportional Fitting (IPF)...
IPF converged at iteration 34
IPF row error: 66.639268, col error: 0.000000
IPF converged at iteration 34
IPF row error: 66.639268, col error: 0.000000Starting Iterative Proportional Fitting (IPF)...

IPF converged at iteration 34
IPF row error: 69.269980, col error: 0.000000
Starting Iterative Proportional Fitting (IPF)...
IPF converged at iteration 34
IPF row error: 69.269980, col error: 0.000000
Starting Iterative Proportional Fitting (IPF)...
Starting Iterative Proportional Fitting (IPF)...
IPF converged at iteration 34
IPF row error: 69.269980, col error: 0.000000
IPF converged at iteration 34
IPF row error: 69.269980, col error: 0.000000
Starting Iterative Proportional Fitting (IPF)...
IPF converged at iteration 34
IPF row error: 69.269980, col error: 0.000000
Starting Iterative Proportional Fitting (IPF)...
IPF converged at iteration 34
IPF row error: 69.269980, col error: 0.000000
Starting Iterative Proportional Fitting (IPF)...
Starting Iterative Proportional Fitting (IPF)...
IPF converged at iteration 34
IPF row error: 69.269980, col error: 0.000000
IPF converged at iteration 34
Starting Iterative Proportional Fitting (IPF)...
IPF row error: 69.269980, col error: 0.000000
IPF converged at iteration 34
IPF row error: 69.269980, col error: 0.000000
Starting Iterative Proportional Fitting (IPF)...
IPF converged at iteration 34
IPF row error: 69.269980, col error: 0.000000
Starting Iterative Proportional Fitting (IPF)...
  [2023/val] 진행 60/750 (8.0%) | 누적 CPC 0.5196 | RMSE 673.9385 | %RMSE 11.4878 | 경과 0.7분 | 예상 남음 7.7분
Starting Iterative Proportional Fitting (IPF)...
IPF converged at iteration 34
IPF row error: 69.269980, col error: 0.000000
IPF converged at iteration 34
Starting Iterative Proportional Fitting (IPF)...
IPF row error: 69.269980, col error: 0.000000
IPF converged at iteration 34
IPF row error: 69.269980, col error: 0.000000
Starting Iterative Proportional Fitting (IPF)...
IPF converged at iteration 34
IPF row error: 69.269980, col error: 0.000000
Starting Iterative Proportional Fitting (IPF)...
Starting Iterative Proportional Fitting (IPF)...
IPF converged at iteration 34
IPF row error: 69.269980, col error: 0.000000
IPF converged at iteration 34
Starting Iterative Proportional Fitting (IPF)...
IPF row error: 69.269980, col error: 0.000000
IPF converged at iteration 34
IPF row error: 69.269980, col error: 0.000000
Starting Iterative Proportional Fitting (IPF)...
IPF converged at iteration 34
Starting Iterative Proportional Fitting (IPF)...
IPF row error: 69.269980, col error: 0.000000
Starting Iterative Proportional Fitting (IPF)...
IPF converged at iteration 34
IPF row error: 69.269980, col error: 0.000000
Starting Iterative Proportional Fitting (IPF)...
IPF converged at iteration 34
IPF row error: 69.269980, col error: 0.000000
IPF converged at iteration 34
IPF row error: 69.269980, col error: 0.000000
Starting Iterative Proportional Fitting (IPF)...
IPF converged at iteration 34
Starting Iterative Proportional Fitting (IPF)...
IPF row error: 69.269980, col error: 0.000000
Starting Iterative Proportional Fitting (IPF)...
IPF converged at iteration 34
IPF row error: 69.269980, col error: 0.000000
Starting Iterative Proportional Fitting (IPF)...
IPF converged at iteration 34
IPF row error: 69.269980, col error: 0.000000
IPF converged at iteration 34
IPF row error: 69.269980, col error: 0.000000
Starting Iterative Proportional Fitting (IPF)...
Starting Iterative Proportional Fitting (IPF)...
IPF converged at iteration 34
IPF row error: 69.269980, col error: 0.000000
Starting Iterative Proportional Fitting (IPF)...
IPF converged at iteration 34
IPF row error: 69.269980, col error: 0.000000
Starting Iterative Proportional Fitting (IPF)...
IPF converged at iteration 34
IPF row error: 69.269980, col error: 0.000000
IPF converged at iteration 34
IPF row error: 69.269980, col error: 0.000000
Starting Iterative Proportional Fitting (IPF)...
IPF converged at iteration 34
Starting Iterative Proportional Fitting (IPF)...
IPF row error: 69.269980, col error: 0.000000
Starting Iterative Proportional Fitting (IPF)...
IPF converged at iteration 34
IPF row error: 69.269980, col error: 0.000000
Starting Iterative Proportional Fitting (IPF)...
IPF converged at iteration 34
IPF row error: 69.269980, col error: 0.000000
IPF converged at iteration 34
IPF row error: 69.269980, col error: 0.000000
Starting Iterative Proportional Fitting (IPF)...
Starting Iterative Proportional Fitting (IPF)...
IPF converged at iteration 34
IPF row error: 69.269980, col error: 0.000000
Starting Iterative Proportional Fitting (IPF)...
IPF converged at iteration 34
IPF row error: 69.269980, col error: 0.000000
IPF converged at iteration 34
Starting Iterative Proportional Fitting (IPF)...
IPF row error: 69.269980, col error: 0.000000
IPF converged at iteration 34
IPF row error: 69.269980, col error: 0.000000
Starting Iterative Proportional Fitting (IPF)...
Starting Iterative Proportional Fitting (IPF)...
IPF converged at iteration 34
IPF row error: 69.269980, col error: 0.000000
Starting Iterative Proportional Fitting (IPF)...
IPF converged at iteration 34
IPF row error: 69.269980, col error: 0.000000
IPF converged at iteration 34
Starting Iterative Proportional Fitting (IPF)...
IPF row error: 69.269980, col error: 0.000000
  [2023/val] 진행 90/750 (12.0%) | 누적 CPC 0.5672 | RMSE 568.5708 | %RMSE 10.0006 | 경과 1.0분 | 예상 남음 7.6분
IPF converged at iteration 34
IPF row error: 69.269980, col error: 0.000000
Starting Iterative Proportional Fitting (IPF)...
Starting Iterative Proportional Fitting (IPF)...
IPF converged at iteration 34
IPF row error: 69.269980, col error: 0.000000
Starting Iterative Proportional Fitting (IPF)...
IPF converged at iteration 34
IPF row error: 69.269980, col error: 0.000000
IPF converged at iteration 34
IPF row error: 69.269980, col error: 0.000000
Starting Iterative Proportional Fitting (IPF)...
IPF converged at iteration 34
Starting Iterative Proportional Fitting (IPF)...
IPF row error: 69.269980, col error: 0.000000
Starting Iterative Proportional Fitting (IPF)...
IPF converged at iteration 34
IPF row error: 69.269980, col error: 0.000000
Starting Iterative Proportional Fitting (IPF)...
IPF converged at iteration 34
IPF row error: 69.269980, col error: 0.000000
IPF converged at iteration 34
IPF row error: 69.269980, col error: 0.000000
Starting Iterative Proportional Fitting (IPF)...
Starting Iterative Proportional Fitting (IPF)...
IPF converged at iteration 34
IPF row error: 69.269980, col error: 0.000000
Starting Iterative Proportional Fitting (IPF)...
IPF converged at iteration 34
IPF row error: 69.269980, col error: 0.000000
Starting Iterative Proportional Fitting (IPF)...
IPF converged at iteration 34
IPF row error: 69.755137, col error: 0.000000
IPF converged at iteration 34
IPF row error: 69.755137, col error: 0.000000
Starting Iterative Proportional Fitting (IPF)...
Starting Iterative Proportional Fitting (IPF)...
IPF converged at iteration 34
IPF row error: 69.755137, col error: 0.000000
Starting Iterative Proportional Fitting (IPF)...
IPF converged at iteration 34
IPF row error: 69.755137, col error: 0.000000
Starting Iterative Proportional Fitting (IPF)...
IPF converged at iteration 34
IPF row error: 69.755137, col error: 0.000000
IPF converged at iteration 34
IPF row error: 69.755137, col error: 0.000000
Starting Iterative Proportional Fitting (IPF)...
Starting Iterative Proportional Fitting (IPF)...
IPF converged at iteration 34
IPF row error: 69.755137, col error: 0.000000
Starting Iterative Proportional Fitting (IPF)...
IPF converged at iteration 34
IPF row error: 69.755137, col error: 0.000000
Starting Iterative Proportional Fitting (IPF)...
IPF converged at iteration 34
IPF row error: 69.755137, col error: 0.000000
IPF converged at iteration 34
IPF row error: 69.755137, col error: 0.000000
Starting Iterative Proportional Fitting (IPF)...
IPF converged at iteration 34
Starting Iterative Proportional Fitting (IPF)...
IPF row error: 69.755137, col error: 0.000000
Starting Iterative Proportional Fitting (IPF)...
IPF converged at iteration 34
IPF row error: 69.755137, col error: 0.000000
Starting Iterative Proportional Fitting (IPF)...
IPF converged at iteration 34
IPF row error: 69.755137, col error: 0.000000
IPF converged at iteration 34
IPF row error: 69.755137, col error: 0.000000
Starting Iterative Proportional Fitting (IPF)...
Starting Iterative Proportional Fitting (IPF)...
IPF converged at iteration 34
IPF row error: 69.755137, col error: 0.000000
Starting Iterative Proportional Fitting (IPF)...
IPF converged at iteration 34
IPF row error: 69.755137, col error: 0.000000
Starting Iterative Proportional Fitting (IPF)...
IPF converged at iteration 34
IPF row error: 69.755137, col error: 0.000000
IPF converged at iteration 34
IPF row error: 69.755137, col error: 0.000000
Starting Iterative Proportional Fitting (IPF)...
IPF converged at iteration 34
Starting Iterative Proportional Fitting (IPF)...
IPF row error: 69.755137, col error: 0.000000
Starting Iterative Proportional Fitting (IPF)...
IPF converged at iteration 34
IPF row error: 69.755137, col error: 0.000000
  [2023/val] 진행 120/750 (16.0%) | 누적 CPC 0.5725 | RMSE 501.1342 | %RMSE 9.3284 | 경과 1.4분 | 예상 남음 7.1분
Starting Iterative Proportional Fitting (IPF)...
IPF converged at iteration 34
IPF row error: 69.755137, col error: 0.000000
IPF converged at iteration 34
IPF row error: 69.755137, col error: 0.000000
Starting Iterative Proportional Fitting (IPF)...
Starting Iterative Proportional Fitting (IPF)...
IPF converged at iteration 34
IPF row error: 69.755137, col error: 0.000000
Starting Iterative Proportional Fitting (IPF)...
IPF converged at iteration 34
IPF row error: 69.755137, col error: 0.000000
Starting Iterative Proportional Fitting (IPF)...
IPF converged at iteration 34
IPF row error: 69.755137, col error: 0.000000
IPF converged at iteration 34
IPF row error: 69.755137, col error: 0.000000
Starting Iterative Proportional Fitting (IPF)...
Starting Iterative Proportional Fitting (IPF)...
IPF converged at iteration 34
IPF row error: 69.755137, col error: 0.000000
Starting Iterative Proportional Fitting (IPF)...
IPF converged at iteration 34
IPF row error: 69.755137, col error: 0.000000
Starting Iterative Proportional Fitting (IPF)...
IPF converged at iteration 34
IPF row error: 69.755137, col error: 0.000000
IPF converged at iteration 34
IPF row error: 69.755137, col error: 0.000000
Starting Iterative Proportional Fitting (IPF)...
Starting Iterative Proportional Fitting (IPF)...
IPF converged at iteration 34
IPF row error: 69.755137, col error: 0.000000
Starting Iterative Proportional Fitting (IPF)...
IPF converged at iteration 34
IPF row error: 69.755137, col error: 0.000000
Starting Iterative Proportional Fitting (IPF)...
IPF converged at iteration 34
IPF row error: 69.755137, col error: 0.000000
IPF converged at iteration 34
IPF row error: 69.755137, col error: 0.000000
Starting Iterative Proportional Fitting (IPF)...
Starting Iterative Proportional Fitting (IPF)...
IPF converged at iteration 34
IPF row error: 69.755137, col error: 0.000000
Starting Iterative Proportional Fitting (IPF)...
IPF converged at iteration 34
IPF row error: 69.755137, col error: 0.000000
Starting Iterative Proportional Fitting (IPF)...
IPF converged at iteration 34
IPF row error: 69.755137, col error: 0.000000
IPF converged at iteration 34
IPF row error: 69.755137, col error: 0.000000
Starting Iterative Proportional Fitting (IPF)...
Starting Iterative Proportional Fitting (IPF)...
IPF converged at iteration 34
IPF row error: 69.755137, col error: 0.000000
Starting Iterative Proportional Fitting (IPF)...
IPF converged at iteration 34
IPF row error: 69.755137, col error: 0.000000
Starting Iterative Proportional Fitting (IPF)...
IPF converged at iteration 34
IPF converged at iteration 34
IPF row error: 69.755137, col error: 0.000000
IPF row error: 69.755137, col error: 0.000000
Starting Iterative Proportional Fitting (IPF)...
Starting Iterative Proportional Fitting (IPF)...
IPF converged at iteration 34
IPF row error: 69.755137, col error: 0.000000
Starting Iterative Proportional Fitting (IPF)...
IPF converged at iteration 34
IPF row error: 69.755137, col error: 0.000000
Starting Iterative Proportional Fitting (IPF)...
IPF converged at iteration 34
IPF row error: 69.755137, col error: 0.000000
IPF converged at iteration 34
IPF row error: 69.755137, col error: 0.000000
Starting Iterative Proportional Fitting (IPF)...
Starting Iterative Proportional Fitting (IPF)...
IPF converged at iteration 34
IPF row error: 69.755137, col error: 0.000000
Starting Iterative Proportional Fitting (IPF)...
IPF converged at iteration 34
IPF row error: 69.755137, col error: 0.000000
Starting Iterative Proportional Fitting (IPF)...
IPF converged at iteration 34
IPF row error: 69.755137, col error: 0.000000
IPF converged at iteration 34
IPF row error: 69.755137, col error: 0.000000
  [2023/val] 진행 150/750 (20.0%) | 누적 CPC 0.5682 | RMSE 454.7712 | %RMSE 8.9536 | 경과 1.7분 | 예상 남음 6.8분
Starting Iterative Proportional Fitting (IPF)...
IPF converged at iteration 31
IPF row error: 147.830717, col error: 0.000000
Starting Iterative Proportional Fitting (IPF)...
Starting Iterative Proportional Fitting (IPF)...
IPF converged at iteration 34
IPF row error: 66.639268, col error: 0.000000
Starting Iterative Proportional Fitting (IPF)...
IPF converged at iteration 28
IPF row error: 205.189745, col error: 0.000000
Starting Iterative Proportional Fitting (IPF)...
IPF converged at iteration 34
IPF row error: 66.639268, col error: 0.000000
Starting Iterative Proportional Fitting (IPF)...
IPF converged at iteration 37
IPF row error: 42.038733, col error: 0.000000
Starting Iterative Proportional Fitting (IPF)...
IPF converged at iteration 33
IPF row error: 87.433853, col error: 0.000000
IPF converged at iteration 55
Starting Iterative Proportional Fitting (IPF)...IPF row error: 1.192511, col error: 0.000000

Starting Iterative Proportional Fitting (IPF)...
IPF converged at iteration 28
IPF row error: 198.885887, col error: 0.000000
Starting Iterative Proportional Fitting (IPF)...
IPF converged at iteration 45
IPF row error: 6.410714, col error: 0.000000
Starting Iterative Proportional Fitting (IPF)...
IPF converged at iteration 34
IPF row error: 76.897975, col error: 0.000000
IPF converged at iteration 34
Starting Iterative Proportional Fitting (IPF)...
IPF row error: 66.639268, col error: 0.000000
Starting Iterative Proportional Fitting (IPF)...
IPF converged at iteration 41
IPF row error: 13.886985, col error: 0.000000
IPF converged at iteration 33
Starting Iterative Proportional Fitting (IPF)...IPF row error: 87.168553, col error: 0.000000

Starting Iterative Proportional Fitting (IPF)...
IPF converged at iteration 31
IPF row error: 168.792415, col error: 0.000000
IPF converged at iteration 31
Starting Iterative Proportional Fitting (IPF)...
IPF row error: 139.675070, col error: 0.000000
Starting Iterative Proportional Fitting (IPF)...
IPF converged at iteration 34
IPF row error: 66.639268, col error: 0.000000
IPF converged at iteration 32
IPF row error: 114.666912, col error: 0.000000
Starting Iterative Proportional Fitting (IPF)...
Starting Iterative Proportional Fitting (IPF)...
IPF converged at iteration 31
IPF row error: 115.459899, col error: 0.000000
Starting Iterative Proportional Fitting (IPF)...
IPF converged at iteration 34
IPF row error: 81.900323, col error: 0.000000
Starting Iterative Proportional Fitting (IPF)...
IPF converged at iteration 32
IPF row error: 94.271489, col error: 0.000000
IPF converged at iteration 33
IPF row error: 106.049296, col error: 0.000000
Starting Iterative Proportional Fitting (IPF)...
Starting Iterative Proportional Fitting (IPF)...
IPF converged at iteration 34
IPF row error: 66.639268, col error: 0.000000
Starting Iterative Proportional Fitting (IPF)...
IPF converged at iteration 30
IPF row error: 157.615406, col error: 0.000000
Starting Iterative Proportional Fitting (IPF)...
IPF converged at iteration 32
IPF row error: 108.378956, col error: 0.000000
Starting Iterative Proportional Fitting (IPF)...
IPF converged at iteration 42
IPF row error: 11.132267, col error: 0.000000
Starting Iterative Proportional Fitting (IPF)...
IPF converged at iteration 34
IPF row error: 78.626798, col error: 0.000000
IPF converged at iteration 33
Starting Iterative Proportional Fitting (IPF)...
IPF row error: 83.857006, col error: 0.000000
Starting Iterative Proportional Fitting (IPF)...
IPF converged at iteration 30
IPF row error: 145.566844, col error: 0.000000
Starting Iterative Proportional Fitting (IPF)...
IPF converged at iteration 32
IPF row error: 108.517479, col error: 0.000000
Starting Iterative Proportional Fitting (IPF)...
IPF converged at iteration 30
IPF row error: 153.567218, col error: 0.000000
  [2023/val] 진행 180/750 (24.0%) | 누적 CPC 0.5544 | RMSE 501.4059 | %RMSE 9.5076 | 경과 2.1분 | 예상 남음 6.5분
IPF converged at iteration 34
IPF row error: 86.829980, col error: 0.000000
Starting Iterative Proportional Fitting (IPF)...
Starting Iterative Proportional Fitting (IPF)...
IPF converged at iteration 34
IPF row error: 66.639268, col error: 0.000000
IPF converged at iteration 28
IPF row error: 207.928223, col error: 0.000000
Starting Iterative Proportional Fitting (IPF)...
Starting Iterative Proportional Fitting (IPF)...
IPF converged at iteration 33
IPF row error: 92.730552, col error: 0.000000
IPF converged at iteration 34
IPF row error: 71.640724, col error: 0.000000
Starting Iterative Proportional Fitting (IPF)...
Starting Iterative Proportional Fitting (IPF)...
IPF converged at iteration 30
IPF converged at iteration 34
IPF row error: 164.580684, col error: 0.000000
IPF row error: 66.639268, col error: 0.000000
Starting Iterative Proportional Fitting (IPF)...
Starting Iterative Proportional Fitting (IPF)...
IPF converged at iteration 34
IPF row error: 66.639268, col error: 0.000000
Starting Iterative Proportional Fitting (IPF)...
IPF converged at iteration 48
IPF converged at iteration 33
IPF row error: 2.602745, col error: 0.000000
IPF row error: 98.058616, col error: 0.000000
IPF converged at iteration 34
IPF row error: 66.639268, col error: 0.000000
Starting Iterative Proportional Fitting (IPF)...
Starting Iterative Proportional Fitting (IPF)...
Starting Iterative Proportional Fitting (IPF)...
IPF converged at iteration 29
IPF row error: 171.811244, col error: 0.000000
Starting Iterative Proportional Fitting (IPF)...
IPF converged at iteration 34
IPF converged at iteration 34
IPF row error: 66.639268, col error: 0.000000
IPF row error: 66.639268, col error: 0.000000
Starting Iterative Proportional Fitting (IPF)...
Starting Iterative Proportional Fitting (IPF)...
IPF converged at iteration 34
IPF row error: 66.639268, col error: 0.000000
Starting Iterative Proportional Fitting (IPF)...
IPF converged at iteration 59
IPF row error: 1.372501, col error: 0.000000
Starting Iterative Proportional Fitting (IPF)...
IPF converged at iteration 33
IPF row error: 93.824559, col error: 0.000000
IPF converged at iteration 34
IPF row error: 66.639268, col error: 0.000000
Starting Iterative Proportional Fitting (IPF)...
Starting Iterative Proportional Fitting (IPF)...
IPF converged at iteration 34
IPF row error: 66.639268, col error: 0.000000
Starting Iterative Proportional Fitting (IPF)...
IPF converged at iteration 34
IPF row error: 66.639268, col error: 0.000000
Starting Iterative Proportional Fitting (IPF)...
IPF converged at iteration 34
IPF converged at iteration 32
IPF row error: 69.269980, col error: 0.000000
IPF row error: 111.405803, col error: 0.000000
Starting Iterative Proportional Fitting (IPF)...
Starting Iterative Proportional Fitting (IPF)...
IPF converged at iteration 34
IPF row error: 69.269980, col error: 0.000000
IPF converged at iteration 32
Starting Iterative Proportional Fitting (IPF)...
IPF row error: 107.893599, col error: 0.000000
Starting Iterative Proportional Fitting (IPF)...
IPF converged at iteration 34
IPF converged at iteration 34
IPF row error: 69.269980, col error: 0.000000
IPF row error: 69.269980, col error: 0.000000
Starting Iterative Proportional Fitting (IPF)...
Starting Iterative Proportional Fitting (IPF)...
IPF converged at iteration 34
IPF converged at iteration 31
IPF row error: 78.076931, col error: 0.000000
IPF row error: 129.817074, col error: 0.000000
Starting Iterative Proportional Fitting (IPF)...
Starting Iterative Proportional Fitting (IPF)...
IPF converged at iteration 31
IPF row error: 121.651059, col error: 0.000000
IPF converged at iteration 34
IPF row error: 69.269980, col error: 0.000000
  [2023/val] 진행 210/750 (28.0%) | 누적 CPC 0.5527 | RMSE 516.6895 | %RMSE 9.6440 | 경과 2.4분 | 예상 남음 6.1분
Starting Iterative Proportional Fitting (IPF)...
Starting Iterative Proportional Fitting (IPF)...
IPF converged at iteration 32
IPF row error: 107.351695, col error: 0.000000
IPF converged at iteration 34
IPF row error: 69.269980, col error: 0.000000
Starting Iterative Proportional Fitting (IPF)...
Starting Iterative Proportional Fitting (IPF)...
IPF converged at iteration 32
IPF row error: 96.585490, col error: 0.000000
IPF converged at iteration 34
Starting Iterative Proportional Fitting (IPF)...
IPF row error: 69.269980, col error: 0.000000
Starting Iterative Proportional Fitting (IPF)...
IPF converged at iteration 32
IPF row error: 127.640521, col error: 0.000000
Starting Iterative Proportional Fitting (IPF)...IPF converged at iteration 34

IPF row error: 69.269980, col error: 0.000000
Starting Iterative Proportional Fitting (IPF)...
IPF converged at iteration 34
IPF row error: 69.269980, col error: 0.000000
IPF converged at iteration 34
IPF row error: 69.269980, col error: 0.000000
Starting Iterative Proportional Fitting (IPF)...
Starting Iterative Proportional Fitting (IPF)...
IPF converged at iteration 34
IPF row error: 69.269980, col error: 0.000000
Starting Iterative Proportional Fitting (IPF)...
IPF converged at iteration 34
IPF row error: 69.269980, col error: 0.000000
Starting Iterative Proportional Fitting (IPF)...
IPF converged at iteration 34
IPF row error: 84.873966, col error: 0.000000
IPF converged at iteration 34
IPF row error: 80.190461, col error: 0.000000
Starting Iterative Proportional Fitting (IPF)...
Starting Iterative Proportional Fitting (IPF)...
IPF converged at iteration 34
IPF row error: 69.269980, col error: 0.000000
IPF converged at iteration 34
Starting Iterative Proportional Fitting (IPF)...
IPF row error: 69.269980, col error: 0.000000
Starting Iterative Proportional Fitting (IPF)...
IPF converged at iteration 34
IPF row error: 69.269980, col error: 0.000000
Starting Iterative Proportional Fitting (IPF)...
IPF converged at iteration 50
IPF row error: 1.996490, col error: 0.000000
IPF converged at iteration 34
IPF row error: 69.269980, col error: 0.000000
Starting Iterative Proportional Fitting (IPF)...
IPF converged at iteration 34
Starting Iterative Proportional Fitting (IPF)...
IPF row error: 69.269980, col error: 0.000000
Starting Iterative Proportional Fitting (IPF)...
IPF converged at iteration 34
IPF row error: 75.969134, col error: 0.000000
Starting Iterative Proportional Fitting (IPF)...
IPF converged at iteration 29
IPF row error: 178.566005, col error: 0.000000
Starting Iterative Proportional Fitting (IPF)...
IPF converged at iteration 33
IPF row error: 100.695483, col error: 0.000000
Starting Iterative Proportional Fitting (IPF)...
IPF converged at iteration 34
IPF row error: 79.018065, col error: 0.000000
Starting Iterative Proportional Fitting (IPF)...
IPF converged at iteration 33
IPF row error: 102.088601, col error: 0.000000
Starting Iterative Proportional Fitting (IPF)...
IPF converged at iteration 30
IPF row error: 178.987911, col error: 0.000000
Starting Iterative Proportional Fitting (IPF)...
IPF converged at iteration 32
IPF row error: 102.845785, col error: 0.000000
Starting Iterative Proportional Fitting (IPF)...
IPF converged at iteration 31
IPF row error: 139.473816, col error: 0.000000
Starting Iterative Proportional Fitting (IPF)...
IPF converged at iteration 34
IPF row error: 69.269980, col error: 0.000000
Starting Iterative Proportional Fitting (IPF)...
IPF converged at iteration 31
IPF row error: 147.448897, col error: 0.000000
Starting Iterative Proportional Fitting (IPF)...
IPF converged at iteration 34
IPF row error: 69.269980, col error: 0.000000
Starting Iterative Proportional Fitting (IPF)...
IPF converged at iteration 34
IPF row error: 69.269980, col error: 0.000000
  [2023/val] 진행 240/750 (32.0%) | 누적 CPC 0.5659 | RMSE 496.6904 | %RMSE 9.3095 | 경과 2.7분 | 예상 남음 5.8분
Starting Iterative Proportional Fitting (IPF)...
IPF converged at iteration 34
IPF row error: 69.269980, col error: 0.000000
Starting Iterative Proportional Fitting (IPF)...
IPF converged at iteration 34
IPF row error: 69.269980, col error: 0.000000
Starting Iterative Proportional Fitting (IPF)...
IPF converged at iteration 34
IPF row error: 69.269980, col error: 0.000000
IPF converged at iteration 33
Starting Iterative Proportional Fitting (IPF)...
IPF row error: 105.787011, col error: 0.000000
Starting Iterative Proportional Fitting (IPF)...
IPF converged at iteration 32
IPF row error: 113.765901, col error: 0.000000
Starting Iterative Proportional Fitting (IPF)...
IPF converged at iteration 34
IPF row error: 69.269980, col error: 0.000000
Starting Iterative Proportional Fitting (IPF)...
IPF converged at iteration 30
IPF row error: 173.137714, col error: 0.000000
Starting Iterative Proportional Fitting (IPF)...
IPF converged at iteration 34
IPF row error: 69.269980, col error: 0.000000
Starting Iterative Proportional Fitting (IPF)...
IPF converged at iteration 34
IPF row error: 69.269980, col error: 0.000000
Starting Iterative Proportional Fitting (IPF)...
IPF converged at iteration 31
IPF row error: 147.015946, col error: 0.000000
Starting Iterative Proportional Fitting (IPF)...
IPF converged at iteration 34
IPF row error: 69.755137, col error: 0.000000
Starting Iterative Proportional Fitting (IPF)...
IPF converged at iteration 46
IPF row error: 5.463293, col error: 0.000000
IPF converged at iteration 34
IPF row error: 88.493300, col error: 0.000000
Starting Iterative Proportional Fitting (IPF)...
Starting Iterative Proportional Fitting (IPF)...
IPF converged at iteration 34
IPF row error: 76.350834, col error: 0.000000
Starting Iterative Proportional Fitting (IPF)...
IPF converged at iteration 33
IPF row error: 90.613115, col error: 0.000000
Starting Iterative Proportional Fitting (IPF)...
IPF converged at iteration 34
IPF row error: 69.755137, col error: 0.000000
IPF converged at iteration 34
IPF row error: 69.755137, col error: 0.000000
Starting Iterative Proportional Fitting (IPF)...
Starting Iterative Proportional Fitting (IPF)...
IPF converged at iteration 34
IPF row error: 69.755137, col error: 0.000000
Starting Iterative Proportional Fitting (IPF)...
IPF converged at iteration 34
IPF row error: 69.755137, col error: 0.000000
Starting Iterative Proportional Fitting (IPF)...
IPF converged at iteration 33
IPF row error: 95.076565, col error: 0.000000
Starting Iterative Proportional Fitting (IPF)...
IPF converged at iteration 35
IPF row error: 65.892179, col error: 0.000000
IPF converged at iteration 34Starting Iterative Proportional Fitting (IPF)...

IPF row error: 69.755137, col error: 0.000000
Starting Iterative Proportional Fitting (IPF)...
IPF converged at iteration 32
IPF row error: 111.895103, col error: 0.000000
Starting Iterative Proportional Fitting (IPF)...
IPF converged at iteration 31
IPF row error: 135.218248, col error: 0.000000
Starting Iterative Proportional Fitting (IPF)...
IPF converged at iteration 35
IPF row error: 28.989868, col error: 0.000000
IPF converged at iteration 34
Starting Iterative Proportional Fitting (IPF)...
IPF row error: 69.755137, col error: 0.000000
Starting Iterative Proportional Fitting (IPF)...
IPF converged at iteration 34
IPF row error: 69.755137, col error: 0.000000
Starting Iterative Proportional Fitting (IPF)...
IPF converged at iteration 30
IPF row error: 181.940729, col error: 0.000000
Starting Iterative Proportional Fitting (IPF)...
IPF converged at iteration 31
IPF row error: 155.703600, col error: 0.000000
Starting Iterative Proportional Fitting (IPF)...
IPF converged at iteration 34
IPF row error: 69.755137, col error: 0.000000
  [2023/val] 진행 270/750 (36.0%) | 누적 CPC 0.5676 | RMSE 474.4846 | %RMSE 9.0786 | 경과 3.1분 | 예상 남음 5.5분
Starting Iterative Proportional Fitting (IPF)...
IPF converged at iteration 30
IPF row error: 170.213842, col error: 0.000000
Starting Iterative Proportional Fitting (IPF)...
IPF converged at iteration 34
IPF row error: 69.755137, col error: 0.000000
Starting Iterative Proportional Fitting (IPF)...
IPF converged at iteration 34
IPF row error: 69.755137, col error: 0.000000
Starting Iterative Proportional Fitting (IPF)...
IPF converged at iteration 34
IPF row error: 69.755137, col error: 0.000000
Starting Iterative Proportional Fitting (IPF)...
IPF converged at iteration 34
IPF row error: 69.755137, col error: 0.000000
Starting Iterative Proportional Fitting (IPF)...
IPF converged at iteration 28
IPF row error: 214.050137, col error: 0.000000
Starting Iterative Proportional Fitting (IPF)...
IPF converged at iteration 34
IPF row error: 69.755137, col error: 0.000000
Starting Iterative Proportional Fitting (IPF)...
IPF converged at iteration 34
IPF row error: 69.755137, col error: 0.000000
Starting Iterative Proportional Fitting (IPF)...
IPF converged at iteration 33
IPF row error: 97.496430, col error: 0.000000
Starting Iterative Proportional Fitting (IPF)...
IPF converged at iteration 34
IPF row error: 69.755137, col error: 0.000000
Starting Iterative Proportional Fitting (IPF)...
IPF converged at iteration 33
IPF row error: 83.372891, col error: 0.000000
Starting Iterative Proportional Fitting (IPF)...
IPF converged at iteration 34
IPF row error: 69.755137, col error: 0.000000
Starting Iterative Proportional Fitting (IPF)...
IPF converged at iteration 35
IPF row error: 63.135477, col error: 0.000000
Starting Iterative Proportional Fitting (IPF)...
IPF converged at iteration 36
IPF row error: 49.338307, col error: 0.000000
Starting Iterative Proportional Fitting (IPF)...
IPF converged at iteration 33
IPF row error: 84.452774, col error: 0.000000
Starting Iterative Proportional Fitting (IPF)...
IPF converged at iteration 34
IPF row error: 69.755137, col error: 0.000000
Starting Iterative Proportional Fitting (IPF)...
IPF converged at iteration 32
IPF row error: 109.787560, col error: 0.000000
Starting Iterative Proportional Fitting (IPF)...
IPF converged at iteration 34
IPF row error: 69.755137, col error: 0.000000
Starting Iterative Proportional Fitting (IPF)...
IPF converged at iteration 34
IPF row error: 69.755137, col error: 0.000000
Starting Iterative Proportional Fitting (IPF)...
IPF converged at iteration 32
IPF row error: 123.271804, col error: 0.000000
Starting Iterative Proportional Fitting (IPF)...
IPF converged at iteration 34
IPF row error: 69.755137, col error: 0.000000
Starting Iterative Proportional Fitting (IPF)...
IPF converged at iteration 34
IPF row error: 69.755137, col error: 0.000000
Starting Iterative Proportional Fitting (IPF)...
IPF converged at iteration 34
IPF row error: 69.755137, col error: 0.000000
Starting Iterative Proportional Fitting (IPF)...
IPF converged at iteration 34
IPF row error: 69.755137, col error: 0.000000IPF converged at iteration 29

IPF row error: 43.583012, col error: 0.000000
Starting Iterative Proportional Fitting (IPF)...
Starting Iterative Proportional Fitting (IPF)...
IPF converged at iteration 33
IPF row error: 98.691315, col error: 0.000000
Starting Iterative Proportional Fitting (IPF)...
IPF converged at iteration 34
IPF row error: 69.755137, col error: 0.000000
Starting Iterative Proportional Fitting (IPF)...
IPF converged at iteration 31
IPF row error: 139.183395, col error: 0.000000
IPF converged at iteration 34
IPF row error: 69.755137, col error: 0.000000
Starting Iterative Proportional Fitting (IPF)...
Starting Iterative Proportional Fitting (IPF)...
IPF converged at iteration 34
IPF row error: 99.129099, col error: 0.000000
  [2023/val] 진행 300/750 (40.0%) | 누적 CPC 0.5652 | RMSE 453.9846 | %RMSE 8.9139 | 경과 3.4분 | 예상 남음 5.2분
Starting Iterative Proportional Fitting (IPF)...
IPF converged at iteration 37
IPF row error: 35.845879, col error: 0.000000
Starting Iterative Proportional Fitting (IPF)...
IPF converged at iteration 53
IPF row error: 1.300219, col error: 0.000000
Starting Iterative Proportional Fitting (IPF)...
IPF converged at iteration 31
IPF row error: 103.496894, col error: 0.000000
IPF converged at iteration 53
IPF row error: 1.336689, col error: 0.000000
Starting Iterative Proportional Fitting (IPF)...
Starting Iterative Proportional Fitting (IPF)...
IPF converged at iteration 31
IPF row error: 144.362789, col error: 0.000000
Starting Iterative Proportional Fitting (IPF)...
IPF converged at iteration 52
IPF row error: 1.274678, col error: 0.000000
IPF converged at iteration 49
IPF row error: 2.230873, col error: 0.000000
Starting Iterative Proportional Fitting (IPF)...
Starting Iterative Proportional Fitting (IPF)...
IPF converged at iteration 53
IPF row error: 1.249391, col error: 0.000000
Starting Iterative Proportional Fitting (IPF)...
IPF converged at iteration 44
IPF row error: 7.064155, col error: 0.000000
Starting Iterative Proportional Fitting (IPF)...
IPF converged at iteration 32
IPF row error: 119.532793, col error: 0.000000
Starting Iterative Proportional Fitting (IPF)...
IPF converged at iteration 31
IPF row error: 118.453800, col error: 0.000000
Starting Iterative Proportional Fitting (IPF)...
IPF converged at iteration 49
IPF row error: 2.087882, col error: 0.000000
Starting Iterative Proportional Fitting (IPF)...
IPF converged at iteration 47
IPF row error: 3.282204, col error: 0.000000
Starting Iterative Proportional Fitting (IPF)...
IPF converged at iteration 34
IPF row error: 58.256330, col error: 0.000000
Starting Iterative Proportional Fitting (IPF)...
IPF converged at iteration 31
IPF row error: 128.858560, col error: 0.000000
Starting Iterative Proportional Fitting (IPF)...
IPF converged at iteration 52
IPF row error: 1.283766, col error: 0.000000
Starting Iterative Proportional Fitting (IPF)...
IPF converged at iteration 34
IPF row error: 76.272187, col error: 0.000000
Starting Iterative Proportional Fitting (IPF)...
IPF converged at iteration 33
IPF row error: 79.354189, col error: 0.000000
Starting Iterative Proportional Fitting (IPF)...
IPF converged at iteration 54
IPF row error: 1.373669, col error: 0.000000
Starting Iterative Proportional Fitting (IPF)...
IPF converged at iteration 52
IPF row error: 1.366016, col error: 0.000000
Starting Iterative Proportional Fitting (IPF)...
IPF converged at iteration 52
IPF row error: 1.326887, col error: 0.000000
Starting Iterative Proportional Fitting (IPF)...
IPF converged at iteration 34
IPF row error: 133.312086, col error: 0.000000
Starting Iterative Proportional Fitting (IPF)...
IPF converged at iteration 53
IPF row error: 1.303392, col error: 0.000000
Starting Iterative Proportional Fitting (IPF)...
IPF converged at iteration 35
IPF row error: 51.571070, col error: 0.000000
Starting Iterative Proportional Fitting (IPF)...
IPF converged at iteration 35
IPF row error: 61.145851, col error: 0.000000
Starting Iterative Proportional Fitting (IPF)...
IPF converged at iteration 49
IPF row error: 2.230958, col error: 0.000000
IPF converged at iteration 30
IPF row error: 157.022403, col error: 0.000000
Starting Iterative Proportional Fitting (IPF)...
Starting Iterative Proportional Fitting (IPF)...
IPF converged at iteration 21
IPF row error: 197.916205, col error: 0.000000
Starting Iterative Proportional Fitting (IPF)...
IPF converged at iteration 31
IPF row error: 133.619693, col error: 0.000000
Starting Iterative Proportional Fitting (IPF)...
IPF converged at iteration 58
IPF row error: 1.251726, col error: 0.000000
  [2023/val] 진행 330/750 (44.0%) | 누적 CPC 0.5447 | RMSE 506.2590 | %RMSE 9.3530 | 경과 3.9분 | 예상 남음 4.9분
Starting Iterative Proportional Fitting (IPF)...
IPF converged at iteration 49
IPF row error: 2.161885, col error: 0.000000
Starting Iterative Proportional Fitting (IPF)...
IPF converged at iteration 33
IPF row error: 78.137681, col error: 0.000000
Starting Iterative Proportional Fitting (IPF)...
IPF converged at iteration 55
IPF row error: 1.248523, col error: 0.000000
IPF converged at iteration 53
IPF row error: 1.281865, col error: 0.000000
Starting Iterative Proportional Fitting (IPF)...
IPF converged at iteration 31
Starting Iterative Proportional Fitting (IPF)...
IPF row error: 130.384135, col error: 0.000000
Starting Iterative Proportional Fitting (IPF)...
IPF converged at iteration 33
IPF row error: 82.446479, col error: 0.000000
Starting Iterative Proportional Fitting (IPF)...
IPF converged at iteration 30
IPF row error: 174.819260, col error: 0.000000
Starting Iterative Proportional Fitting (IPF)...
IPF converged at iteration 47
IPF row error: 3.285264, col error: 0.000000
IPF converged at iteration 53
IPF row error: 1.304530, col error: 0.000000
Starting Iterative Proportional Fitting (IPF)...
Starting Iterative Proportional Fitting (IPF)...
IPF converged at iteration 31
IPF row error: 136.414015, col error: 0.000000
Starting Iterative Proportional Fitting (IPF)...
IPF converged at iteration 51
IPF row error: 4.722344, col error: 0.000000
IPF converged at iteration 32
IPF row error: 97.315421, col error: 0.000000
Starting Iterative Proportional Fitting (IPF)...
Starting Iterative Proportional Fitting (IPF)...
IPF converged at iteration 31
IPF row error: 117.461752, col error: 0.000000
Starting Iterative Proportional Fitting (IPF)...
IPF converged at iteration 58
IPF row error: 1.301725, col error: 0.000000
Starting Iterative Proportional Fitting (IPF)...
IPF converged at iteration 33
IPF row error: 78.879572, col error: 0.000000
IPF converged at iteration 33
IPF row error: 103.868584, col error: 0.000000
Starting Iterative Proportional Fitting (IPF)...
Starting Iterative Proportional Fitting (IPF)...
IPF converged at iteration 54
IPF row error: 1.314243, col error: 0.000000
Starting Iterative Proportional Fitting (IPF)...
IPF converged at iteration 35
IPF row error: 53.631285, col error: 0.000000
Starting Iterative Proportional Fitting (IPF)...
IPF converged at iteration 48
IPF row error: 2.788991, col error: 0.000000
IPF converged at iteration 56
IPF row error: 1.222616, col error: 0.000000
Starting Iterative Proportional Fitting (IPF)...
Starting Iterative Proportional Fitting (IPF)...
IPF converged at iteration 50
IPF row error: 1.666724, col error: 0.000000
Starting Iterative Proportional Fitting (IPF)...
IPF converged at iteration 50
IPF row error: 1.661055, col error: 0.000000
Starting Iterative Proportional Fitting (IPF)...
IPF converged at iteration 51
IPF row error: 1.386108, col error: 0.000000
IPF converged at iteration 50
IPF row error: 1.704893, col error: 0.000000
Starting Iterative Proportional Fitting (IPF)...
Starting Iterative Proportional Fitting (IPF)...
IPF converged at iteration 30
IPF row error: 139.379089, col error: 0.000000
Starting Iterative Proportional Fitting (IPF)...
IPF converged at iteration 46
IPF row error: 4.101289, col error: 0.000000
Starting Iterative Proportional Fitting (IPF)...
IPF converged at iteration 43
IPF row error: 8.117783, col error: 0.000000
Starting Iterative Proportional Fitting (IPF)...
IPF converged at iteration 48
IPF row error: 2.834535, col error: 0.000000
Starting Iterative Proportional Fitting (IPF)...
IPF converged at iteration 37
IPF row error: 37.483641, col error: 0.000000
IPF converged at iteration 46
IPF row error: 4.139216, col error: 0.000000
Starting Iterative Proportional Fitting (IPF)...
  [2023/val] 진행 360/750 (48.0%) | 누적 CPC 0.5258 | RMSE 547.8245 | %RMSE 9.7029 | 경과 4.3분 | 예상 남음 4.6분
Starting Iterative Proportional Fitting (IPF)...
IPF converged at iteration 27
IPF row error: 108.357015, col error: 0.000000
Starting Iterative Proportional Fitting (IPF)...
IPF converged at iteration 51
IPF row error: 4.789578, col error: 0.000000
IPF converged at iteration 32
IPF row error: 121.273332, col error: 0.000000
Starting Iterative Proportional Fitting (IPF)...
Starting Iterative Proportional Fitting (IPF)...
IPF converged at iteration 31
IPF row error: 136.996993, col error: 0.000000
Starting Iterative Proportional Fitting (IPF)...
IPF converged at iteration 52
IPF row error: 1.344232, col error: 0.000000
Starting Iterative Proportional Fitting (IPF)...
IPF converged at iteration 32
IPF row error: 118.560803, col error: 0.000000
Starting Iterative Proportional Fitting (IPF)...
IPF converged at iteration 51
IPF row error: 1.351057, col error: 0.000000
Starting Iterative Proportional Fitting (IPF)...
IPF converged at iteration 30
IPF row error: 184.784737, col error: 0.000000
Starting Iterative Proportional Fitting (IPF)...
IPF converged at iteration 51
IPF row error: 1.365878, col error: 0.000000
IPF converged at iteration 31
Starting Iterative Proportional Fitting (IPF)...
IPF row error: 142.114400, col error: 0.000000
Starting Iterative Proportional Fitting (IPF)...
IPF converged at iteration 32
IPF row error: 99.919264, col error: 0.000000
Starting Iterative Proportional Fitting (IPF)...
IPF converged at iteration 33
IPF row error: 101.045446, col error: 0.000000
Starting Iterative Proportional Fitting (IPF)...
IPF converged at iteration 34
IPF converged at iteration 31
IPF row error: 75.125003, col error: 0.000000
IPF row error: 159.276565, col error: 0.000000
Starting Iterative Proportional Fitting (IPF)...
Starting Iterative Proportional Fitting (IPF)...
IPF converged at iteration 50
IPF row error: 1.661055, col error: 0.000000
Starting Iterative Proportional Fitting (IPF)...
IPF converged at iteration 50
IPF row error: 1.704893, col error: 0.000000
Starting Iterative Proportional Fitting (IPF)...
IPF converged at iteration 51
IPF row error: 4.783856, col error: 0.000000
Starting Iterative Proportional Fitting (IPF)...
IPF converged at iteration 51
IPF row error: 1.357959, col error: 0.000000
Starting Iterative Proportional Fitting (IPF)...
IPF converged at iteration 51
IPF row error: 1.356288, col error: 0.000000
Starting Iterative Proportional Fitting (IPF)...
IPF converged at iteration 51
IPF row error: 1.351057, col error: 0.000000
Starting Iterative Proportional Fitting (IPF)...
IPF converged at iteration 56
IPF row error: 1.221777, col error: 0.000000
IPF converged at iteration 52
IPF row error: 1.354339, col error: 0.000000
Starting Iterative Proportional Fitting (IPF)...
Starting Iterative Proportional Fitting (IPF)...
IPF converged at iteration 33
IPF row error: 94.432994, col error: 0.000000
Starting Iterative Proportional Fitting (IPF)...
IPF converged at iteration 43
IPF row error: 8.748806, col error: 0.000000
IPF converged at iteration 33
IPF row error: 91.247749, col error: 0.000000
IPF converged at iteration 33
Starting Iterative Proportional Fitting (IPF)...
IPF row error: 93.954411, col error: 0.000000
Starting Iterative Proportional Fitting (IPF)...
Starting Iterative Proportional Fitting (IPF)...
IPF converged at iteration 34
IPF row error: 78.501735, col error: 0.000000
Starting Iterative Proportional Fitting (IPF)...
IPF converged at iteration 32
IPF row error: 102.706206, col error: 0.000000
IPF converged at iteration 32
IPF row error: 114.482117, col error: 0.000000
Starting Iterative Proportional Fitting (IPF)...
IPF converged at iteration 33
IPF row error: 93.895204, col error: 0.000000
  [2023/val] 진행 390/750 (52.0%) | 누적 CPC 0.5093 | RMSE 572.5742 | %RMSE 9.8891 | 경과 4.7분 | 예상 남음 4.4분
Starting Iterative Proportional Fitting (IPF)...
Starting Iterative Proportional Fitting (IPF)...
IPF converged at iteration 30
IPF row error: 181.469014, col error: 0.000000
Starting Iterative Proportional Fitting (IPF)...
IPF converged at iteration 33
IPF converged at iteration 31
IPF row error: 83.069447, col error: 0.000000
IPF row error: 146.930473, col error: 0.000000
IPF converged at iteration 32
Starting Iterative Proportional Fitting (IPF)...
Starting Iterative Proportional Fitting (IPF)...
IPF row error: 112.885704, col error: 0.000000
Starting Iterative Proportional Fitting (IPF)...
IPF converged at iteration 34
IPF row error: 76.927937, col error: 0.000000
Starting Iterative Proportional Fitting (IPF)...
IPF converged at iteration 34
IPF row error: 74.269536, col error: 0.000000
Starting Iterative Proportional Fitting (IPF)...
IPF converged at iteration 46
IPF row error: 4.043189, col error: 0.000000
Starting Iterative Proportional Fitting (IPF)...
IPF converged at iteration 50
IPF row error: 1.671683, col error: 0.000000
Starting Iterative Proportional Fitting (IPF)...
IPF converged at iteration 52
IPF row error: 1.363223, col error: 0.000000
Starting Iterative Proportional Fitting (IPF)...
IPF converged at iteration 51
IPF row error: 4.872071, col error: 0.000000
Starting Iterative Proportional Fitting (IPF)...
IPF converged at iteration 57
IPF row error: 1.291015, col error: 0.000000
Starting Iterative Proportional Fitting (IPF)...
IPF converged at iteration 56
IPF row error: 1.332317, col error: 0.000000
Starting Iterative Proportional Fitting (IPF)...
IPF converged at iteration 62
IPF row error: 1.288180, col error: 0.000000
Starting Iterative Proportional Fitting (IPF)...
IPF converged at iteration 50
IPF row error: 1.632953, col error: 0.000000
IPF converged at iteration 35
Starting Iterative Proportional Fitting (IPF)...
IPF row error: 66.498752, col error: 0.000000
Starting Iterative Proportional Fitting (IPF)...
IPF converged at iteration 55
IPF row error: 1.238997, col error: 0.000000
Starting Iterative Proportional Fitting (IPF)...
IPF converged at iteration 57
IPF row error: 1.259561, col error: 0.000000
Starting Iterative Proportional Fitting (IPF)...
IPF converged at iteration 57
IPF row error: 1.348541, col error: 0.000000
IPF converged at iteration 55
IPF row error: 1.248359, col error: 0.000000
Starting Iterative Proportional Fitting (IPF)...
Starting Iterative Proportional Fitting (IPF)...
IPF converged at iteration 56
IPF row error: 1.364665, col error: 0.000000
Starting Iterative Proportional Fitting (IPF)...
IPF converged at iteration 33
IPF row error: 95.453894, col error: 0.000000
Starting Iterative Proportional Fitting (IPF)...
IPF converged at iteration 62
IPF row error: 1.287316, col error: 0.000000
IPF converged at iteration 51
IPF row error: 1.313394, col error: 0.000000
Starting Iterative Proportional Fitting (IPF)...
Starting Iterative Proportional Fitting (IPF)...
IPF converged at iteration 52
IPF row error: 1.264751, col error: 0.000000
Starting Iterative Proportional Fitting (IPF)...
IPF converged at iteration 32
IPF row error: 118.635983, col error: 0.000000
IPF converged at iteration 31
IPF row error: 138.363921, col error: 0.000000
Starting Iterative Proportional Fitting (IPF)...
Starting Iterative Proportional Fitting (IPF)...
IPF converged at iteration 56
IPF row error: 1.363999, col error: 0.000000
Starting Iterative Proportional Fitting (IPF)...
IPF converged at iteration 32
IPF row error: 105.237796, col error: 0.000000
Starting Iterative Proportional Fitting (IPF)...
IPF converged at iteration 38
IPF row error: 29.646635, col error: 0.000000
Starting Iterative Proportional Fitting (IPF)...
IPF converged at iteration 55
IPF row error: 1.198804, col error: 0.000000
  [2023/val] 진행 420/750 (56.0%) | 누적 CPC 0.4984 | RMSE 572.5998 | %RMSE 9.9216 | 경과 5.2분 | 예상 남음 4.1분
Starting Iterative Proportional Fitting (IPF)...
IPF converged at iteration 56
IPF row error: 1.367805, col error: 0.000000
Starting Iterative Proportional Fitting (IPF)...
IPF converged at iteration 51
IPF row error: 1.329568, col error: 0.000000
Starting Iterative Proportional Fitting (IPF)...
IPF converged at iteration 31
IPF row error: 54.271258, col error: 0.000000
IPF converged at iteration 50
IPF row error: 1.641652, col error: 0.000000
Starting Iterative Proportional Fitting (IPF)...
Starting Iterative Proportional Fitting (IPF)...
IPF converged at iteration 32
IPF row error: 110.996030, col error: 0.000000
Starting Iterative Proportional Fitting (IPF)...
IPF converged at iteration 50
IPF row error: 1.624731, col error: 0.000000
Starting Iterative Proportional Fitting (IPF)...
IPF converged at iteration 33
IPF row error: 95.003901, col error: 0.000000
Starting Iterative Proportional Fitting (IPF)...
IPF converged at iteration 25
IPF row error: 71.019355, col error: 0.000000
IPF converged at iteration 56
IPF row error: 1.368332, col error: 0.000000
Starting Iterative Proportional Fitting (IPF)...
Starting Iterative Proportional Fitting (IPF)...
IPF converged at iteration 56
IPF row error: 1.307886, col error: 0.000000
Starting Iterative Proportional Fitting (IPF)...
IPF converged at iteration 56
IPF row error: 1.332317, col error: 0.000000
Starting Iterative Proportional Fitting (IPF)...
IPF converged at iteration 34
IPF row error: 89.970787, col error: 0.000000
Starting Iterative Proportional Fitting (IPF)...
IPF converged at iteration 55
IPF row error: 1.203586, col error: 0.000000
IPF converged at iteration 52
Starting Iterative Proportional Fitting (IPF)...
IPF row error: 1.356731, col error: 0.000000
Starting Iterative Proportional Fitting (IPF)...
IPF converged at iteration 31
IPF row error: 132.769119, col error: 0.000000
Starting Iterative Proportional Fitting (IPF)...
IPF converged at iteration 57
IPF row error: 1.261236, col error: 0.000000
Starting Iterative Proportional Fitting (IPF)...
IPF converged at iteration 56
IPF row error: 1.332317, col error: 0.000000
Starting Iterative Proportional Fitting (IPF)...
IPF converged at iteration 57
IPF row error: 1.259561, col error: 0.000000
Starting Iterative Proportional Fitting (IPF)...
IPF converged at iteration 52
IPF row error: 1.247304, col error: 0.000000
Starting Iterative Proportional Fitting (IPF)...
IPF converged at iteration 55
IPF row error: 1.230878, col error: 0.000000
IPF converged at iteration 34
IPF row error: 78.882557, col error: 0.000000
Starting Iterative Proportional Fitting (IPF)...
Starting Iterative Proportional Fitting (IPF)...
IPF converged at iteration 36
IPF row error: 52.859637, col error: 0.000000
Starting Iterative Proportional Fitting (IPF)...
IPF converged at iteration 62
IPF row error: 1.275344, col error: 0.000000
Starting Iterative Proportional Fitting (IPF)...
IPF converged at iteration 30
IPF row error: 186.857226, col error: 0.000000
Starting Iterative Proportional Fitting (IPF)...
IPF converged at iteration 56
IPF row error: 1.329076, col error: 0.000000
Starting Iterative Proportional Fitting (IPF)...
IPF converged at iteration 56
IPF row error: 1.209765, col error: 0.000000
Starting Iterative Proportional Fitting (IPF)...
IPF converged at iteration 38
IPF row error: 29.424674, col error: 0.000000
Starting Iterative Proportional Fitting (IPF)...
IPF converged at iteration 56
IPF row error: 1.251935, col error: 0.000000
Starting Iterative Proportional Fitting (IPF)...
IPF converged at iteration 57
IPF row error: 1.348541, col error: 0.000000
Starting Iterative Proportional Fitting (IPF)...
IPF converged at iteration 57
IPF row error: 1.336749, col error: 0.000000
  [2023/val] 진행 450/750 (60.0%) | 누적 CPC 0.4912 | RMSE 563.2581 | %RMSE 9.9285 | 경과 5.7분 | 예상 남음 3.8분
IPF converged at iteration 51
Starting Iterative Proportional Fitting (IPF)...
IPF row error: 1.566095, col error: 0.000000
Starting Iterative Proportional Fitting (IPF)...
IPF converged at iteration 53
IPF row error: 1.266987, col error: 0.000000
Starting Iterative Proportional Fitting (IPF)...
IPF converged at iteration 30
IPF row error: 133.810651, col error: 0.000000
Starting Iterative Proportional Fitting (IPF)...
IPF converged at iteration 53
IPF row error: 1.273102, col error: 0.000000
IPF converged at iteration 38
IPF row error: 27.415201, col error: 0.000000
Starting Iterative Proportional Fitting (IPF)...
IPF converged at iteration 53
IPF row error: 1.273102, col error: 0.000000
Starting Iterative Proportional Fitting (IPF)...
Starting Iterative Proportional Fitting (IPF)...
IPF converged at iteration 34
IPF row error: 63.798947, col error: 0.000000
Starting Iterative Proportional Fitting (IPF)...
IPF converged at iteration 29
IPF row error: 181.403167, col error: 0.000000
Starting Iterative Proportional Fitting (IPF)...
IPF converged at iteration 54
IPF converged at iteration 49
IPF row error: 1.209686, col error: 0.000000
IPF row error: 2.154282, col error: 0.000000
IPF converged at iteration 31
Starting Iterative Proportional Fitting (IPF)...
Starting Iterative Proportional Fitting (IPF)...
IPF row error: 138.625964, col error: 0.000000
Starting Iterative Proportional Fitting (IPF)...
IPF converged at iteration 33
IPF row error: 88.016438, col error: 0.000000
Starting Iterative Proportional Fitting (IPF)...
IPF converged at iteration 31
IPF row error: 158.017327, col error: 0.000000
IPF converged at iteration 32
IPF row error: 132.434920, col error: 0.000000
Starting Iterative Proportional Fitting (IPF)...
Starting Iterative Proportional Fitting (IPF)...
IPF converged at iteration 38
IPF row error: 31.150545, col error: 0.000000
Starting Iterative Proportional Fitting (IPF)...
IPF converged at iteration 32
IPF row error: 127.224907, col error: 0.000000
Starting Iterative Proportional Fitting (IPF)...
IPF converged at iteration 33
IPF converged at iteration 33
IPF row error: 88.246314, col error: 0.000000
IPF row error: 90.138882, col error: 0.000000
IPF converged at iteration 24
IPF row error: 130.385846, col error: 0.000000
Starting Iterative Proportional Fitting (IPF)...Starting Iterative Proportional Fitting (IPF)...

Starting Iterative Proportional Fitting (IPF)...
IPF converged at iteration 32
IPF row error: 130.611613, col error: 0.000000
Starting Iterative Proportional Fitting (IPF)...
IPF converged at iteration 32
IPF row error: 103.676016, col error: 0.000000
Starting Iterative Proportional Fitting (IPF)...
IPF converged at iteration 32
IPF row error: 106.830589, col error: 0.000000
IPF converged at iteration 48
IPF row error: 2.690620, col error: 0.000000
Starting Iterative Proportional Fitting (IPF)...
Starting Iterative Proportional Fitting (IPF)...
IPF converged at iteration 58
IPF row error: 1.260039, col error: 0.000000
Starting Iterative Proportional Fitting (IPF)...
IPF converged at iteration 34
IPF row error: 79.355236, col error: 0.000000
Starting Iterative Proportional Fitting (IPF)...
IPF converged at iteration 32
IPF row error: 118.017215, col error: 0.000000
IPF converged at iteration 58
IPF row error: 1.261550, col error: 0.000000
Starting Iterative Proportional Fitting (IPF)...
IPF converged at iteration 48
Starting Iterative Proportional Fitting (IPF)...
IPF row error: 2.665006, col error: 0.000000
Starting Iterative Proportional Fitting (IPF)...
IPF converged at iteration 28
IPF row error: 189.322951, col error: 0.000000
Starting Iterative Proportional Fitting (IPF)...
IPF converged at iteration 31
IPF row error: 147.336301, col error: 0.000000
  [2023/val] 진행 480/750 (64.0%) | 누적 CPC 0.4772 | RMSE 608.8686 | %RMSE 10.2422 | 경과 6.1분 | 예상 남음 3.5분
Starting Iterative Proportional Fitting (IPF)...
IPF converged at iteration 34
IPF row error: 78.053844, col error: 0.000000
IPF converged at iteration 58
IPF row error: 1.279935, col error: 0.000000
IPF converged at iteration 53
IPF row error: 1.271953, col error: 0.000000
Starting Iterative Proportional Fitting (IPF)...
Starting Iterative Proportional Fitting (IPF)...
Starting Iterative Proportional Fitting (IPF)...
IPF converged at iteration 35
IPF row error: 59.466636, col error: 0.000000
Starting Iterative Proportional Fitting (IPF)...
IPF converged at iteration 31
IPF row error: 123.877593, col error: 0.000000
Starting Iterative Proportional Fitting (IPF)...
IPF converged at iteration 34
IPF row error: 67.036335, col error: 0.000000
Starting Iterative Proportional Fitting (IPF)...
IPF converged at iteration 34
IPF row error: 79.191946, col error: 0.000000
Starting Iterative Proportional Fitting (IPF)...
IPF converged at iteration 53
IPF row error: 1.234666, col error: 0.000000
Starting Iterative Proportional Fitting (IPF)...
IPF converged at iteration 31
IPF row error: 94.750847, col error: 0.000000
Starting Iterative Proportional Fitting (IPF)...
IPF converged at iteration 53
IPF row error: 1.270179, col error: 0.000000
Starting Iterative Proportional Fitting (IPF)...
IPF converged at iteration 33
IPF row error: 89.728934, col error: 0.000000
Starting Iterative Proportional Fitting (IPF)...
IPF converged at iteration 54
IPF row error: 1.355487, col error: 0.000000
Starting Iterative Proportional Fitting (IPF)...
IPF converged at iteration 53
IPF row error: 1.232378, col error: 0.000000
Starting Iterative Proportional Fitting (IPF)...
IPF converged at iteration 33
IPF row error: 95.051182, col error: 0.000000
IPF converged at iteration 54
IPF row error: 1.200450, col error: 0.000000
IPF converged at iteration 52
IPF row error: 1.323730, col error: 0.000000
Starting Iterative Proportional Fitting (IPF)...
Starting Iterative Proportional Fitting (IPF)...
Starting Iterative Proportional Fitting (IPF)...
IPF converged at iteration 31
IPF row error: 127.633948, col error: 0.000000
Starting Iterative Proportional Fitting (IPF)...
IPF converged at iteration 60
IPF row error: 1.232435, col error: 0.000000
Starting Iterative Proportional Fitting (IPF)...
IPF converged at iteration 53
IPF row error: 1.234666, col error: 0.000000
IPF converged at iteration 53
IPF row error: 1.273102, col error: 0.000000
Starting Iterative Proportional Fitting (IPF)...
Starting Iterative Proportional Fitting (IPF)...
IPF converged at iteration 30
IPF row error: 161.226802, col error: 0.000000
Starting Iterative Proportional Fitting (IPF)...
IPF converged at iteration 33
IPF row error: 90.854724, col error: 0.000000
Starting Iterative Proportional Fitting (IPF)...
IPF converged at iteration 51
IPF converged at iteration 29
IPF row error: 1.341350, col error: 0.000000
IPF row error: 209.705724, col error: 0.000000
Starting Iterative Proportional Fitting (IPF)...
Starting Iterative Proportional Fitting (IPF)...
IPF converged at iteration 59
IPF row error: 1.251452, col error: 0.000000
Starting Iterative Proportional Fitting (IPF)...
IPF converged at iteration 59
IPF row error: 1.259736, col error: 0.000000
Starting Iterative Proportional Fitting (IPF)...
IPF converged at iteration 59
IPF converged at iteration 59
IPF row error: 1.251452, col error: 0.000000
IPF row error: 1.259736, col error: 0.000000
Starting Iterative Proportional Fitting (IPF)...
Starting Iterative Proportional Fitting (IPF)...
IPF converged at iteration 59
IPF row error: 1.259736, col error: 0.000000
Starting Iterative Proportional Fitting (IPF)...
IPF converged at iteration 31
IPF row error: 158.362111, col error: 0.000000
  [2023/val] 진행 510/750 (68.0%) | 누적 CPC 0.4617 | RMSE 658.0659 | %RMSE 10.5228 | 경과 6.6분 | 예상 남음 3.1분
Starting Iterative Proportional Fitting (IPF)...
IPF converged at iteration 51
IPF converged at iteration 51
IPF row error: 1.341350, col error: 0.000000
IPF row error: 1.491144, col error: 0.000000
Starting Iterative Proportional Fitting (IPF)...
Starting Iterative Proportional Fitting (IPF)...
IPF converged at iteration 43
IPF row error: 9.286027, col error: 0.000000
Starting Iterative Proportional Fitting (IPF)...
IPF converged at iteration 59
IPF row error: 1.251452, col error: 0.000000
Starting Iterative Proportional Fitting (IPF)...
IPF converged at iteration 32
IPF row error: 123.828475, col error: 0.000000
Starting Iterative Proportional Fitting (IPF)...
IPF converged at iteration 51
IPF row error: 1.344879, col error: 0.000000
Starting Iterative Proportional Fitting (IPF)...
IPF converged at iteration 59
IPF row error: 1.259736, col error: 0.000000
Starting Iterative Proportional Fitting (IPF)...
IPF converged at iteration 31
IPF row error: 148.865452, col error: 0.000000
Starting Iterative Proportional Fitting (IPF)...
IPF converged at iteration 56
IPF row error: 1.222772, col error: 0.000000
IPF converged at iteration 33
IPF row error: 100.672075, col error: 0.000000
Starting Iterative Proportional Fitting (IPF)...
IPF converged at iteration 51
IPF row error: 1.341350, col error: 0.000000
Starting Iterative Proportional Fitting (IPF)...
Starting Iterative Proportional Fitting (IPF)...
IPF converged at iteration 41
IPF row error: 15.437779, col error: 0.000000
Starting Iterative Proportional Fitting (IPF)...
IPF converged at iteration 29
IPF row error: 174.421555, col error: 0.000000
IPF converged at iteration 31
IPF row error: 137.393788, col error: 0.000000
IPF converged at iteration 33
Starting Iterative Proportional Fitting (IPF)...
IPF row error: 86.108848, col error: 0.000000
Starting Iterative Proportional Fitting (IPF)...
Starting Iterative Proportional Fitting (IPF)...
IPF converged at iteration 31
IPF row error: 150.024611, col error: 0.000000
Starting Iterative Proportional Fitting (IPF)...
IPF converged at iteration 32
IPF row error: 209.256545, col error: 0.000000
IPF converged at iteration 30
IPF row error: 164.349090, col error: 0.000000
Starting Iterative Proportional Fitting (IPF)...
Starting Iterative Proportional Fitting (IPF)...
IPF converged at iteration 32
IPF row error: 121.358167, col error: 0.000000
Starting Iterative Proportional Fitting (IPF)...
IPF converged at iteration 51
IPF row error: 1.341350, col error: 0.000000
Starting Iterative Proportional Fitting (IPF)...
IPF converged at iteration 34
IPF row error: 75.614466, col error: 0.000000
Starting Iterative Proportional Fitting (IPF)...
IPF converged at iteration 51
IPF row error: 1.341350, col error: 0.000000
Starting Iterative Proportional Fitting (IPF)...
IPF converged at iteration 34
IPF row error: 79.086249, col error: 0.000000
Starting Iterative Proportional Fitting (IPF)...
IPF converged at iteration 59
IPF row error: 1.259736, col error: 0.000000
Starting Iterative Proportional Fitting (IPF)...
IPF converged at iteration 40
IPF row error: 18.909686, col error: 0.000000
Starting Iterative Proportional Fitting (IPF)...
IPF converged at iteration 51
IPF row error: 1.341350, col error: 0.000000
Starting Iterative Proportional Fitting (IPF)...
IPF converged at iteration 50
IPF row error: 1.703098, col error: 0.000000
Starting Iterative Proportional Fitting (IPF)...
IPF converged at iteration 51
IPF row error: 1.344879, col error: 0.000000
Starting Iterative Proportional Fitting (IPF)...
IPF converged at iteration 31
IPF row error: 133.093209, col error: 0.000000
IPF converged at iteration 59
Starting Iterative Proportional Fitting (IPF)...
IPF row error: 1.252847, col error: 0.000000
  [2023/val] 진행 540/750 (72.0%) | 누적 CPC 0.4435 | RMSE 710.1021 | %RMSE 10.7955 | 경과 7.3분 | 예상 남음 2.9분
IPF converged at iteration 31
IPF row error: 137.515214, col error: 0.000000
Starting Iterative Proportional Fitting (IPF)...
Starting Iterative Proportional Fitting (IPF)...
IPF converged at iteration 47
IPF row error: 3.206745, col error: 0.000000
IPF converged at iteration 31
IPF row error: 127.059120, col error: 0.000000
IPF converged at iteration 33
IPF row error: 92.507384, col error: 0.000000
Starting Iterative Proportional Fitting (IPF)...
Starting Iterative Proportional Fitting (IPF)...
Starting Iterative Proportional Fitting (IPF)...
IPF converged at iteration 51
IPF row error: 1.341350, col error: 0.000000
Starting Iterative Proportional Fitting (IPF)...
IPF converged at iteration 30
IPF row error: 165.518652, col error: 0.000000
Starting Iterative Proportional Fitting (IPF)...
IPF converged at iteration 34
IPF row error: 78.381853, col error: 0.000000
IPF converged at iteration 51
IPF row error: 1.344879, col error: 0.000000
IPF converged at iteration 51
Starting Iterative Proportional Fitting (IPF)...
IPF row error: 1.341350, col error: 0.000000
Starting Iterative Proportional Fitting (IPF)...
Starting Iterative Proportional Fitting (IPF)...
IPF converged at iteration 31
IPF row error: 135.392150, col error: 0.000000
Starting Iterative Proportional Fitting (IPF)...
IPF converged at iteration 57
IPF row error: 1.344398, col error: 0.000000
IPF converged at iteration 57
IPF row error: 1.250590, col error: 0.000000
Starting Iterative Proportional Fitting (IPF)...
Starting Iterative Proportional Fitting (IPF)...
IPF converged at iteration 54
IPF row error: 1.369432, col error: 0.000000
Starting Iterative Proportional Fitting (IPF)...
IPF row error: 512795.110204, col error: 0.000000
Starting Iterative Proportional Fitting (IPF)...
IPF converged at iteration 61
IPF row error: 1.361381, col error: 0.000000
Starting Iterative Proportional Fitting (IPF)...
IPF row error: 512239.555933, col error: 0.000000
Starting Iterative Proportional Fitting (IPF)...
IPF row error: 513142.956059, col error: 0.000000
Starting Iterative Proportional Fitting (IPF)...
IPF converged at iteration 54
IPF row error: 1.342628, col error: 0.000000
Starting Iterative Proportional Fitting (IPF)...
IPF row error: 512802.202218, col error: 0.000000
Starting Iterative Proportional Fitting (IPF)...
IPF converged at iteration 32
IPF row error: 120.100376, col error: 0.000000
Starting Iterative Proportional Fitting (IPF)...
IPF converged at iteration 62
IPF row error: 1.316768, col error: 0.000000
Starting Iterative Proportional Fitting (IPF)...
IPF converged at iteration 41
IPF row error: 14.817580, col error: 0.000000
Starting Iterative Proportional Fitting (IPF)...
IPF converged at iteration 33
IPF row error: 92.469362, col error: 0.000000
Starting Iterative Proportional Fitting (IPF)...
IPF row error: 516636.750669, col error: 0.000000
Starting Iterative Proportional Fitting (IPF)...
IPF converged at iteration 31
IPF row error: 150.618362, col error: 0.000000
Starting Iterative Proportional Fitting (IPF)...
IPF converged at iteration 32
IPF row error: 117.098350, col error: 0.000000
IPF converged at iteration 24
IPF row error: 75.366177, col error: 0.000000
Starting Iterative Proportional Fitting (IPF)...
IPF row error: 517286.907411, col error: 0.000001
Starting Iterative Proportional Fitting (IPF)...
Starting Iterative Proportional Fitting (IPF)...
IPF converged at iteration 51
IPF row error: 1.369810, col error: 0.000000
Starting Iterative Proportional Fitting (IPF)...
IPF converged at iteration 33
IPF row error: 518570.390539, col error: 0.000000
  [2023/val] 진행 570/750 (76.0%) | 누적 CPC 0.4293 | RMSE 20371.3314 | %RMSE 415.4179 | 경과 8.0분 | 예상 남음 2.5분
IPF row error: 88.905488, col error: 0.000000
Starting Iterative Proportional Fitting (IPF)...
Starting Iterative Proportional Fitting (IPF)...
IPF row error: 513358.011207, col error: 0.000000
IPF row error: 513142.956059, col error: 0.000000
Starting Iterative Proportional Fitting (IPF)...
Starting Iterative Proportional Fitting (IPF)...
IPF converged at iteration 33
IPF row error: 99.367401, col error: 0.000000
Starting Iterative Proportional Fitting (IPF)...
IPF converged at iteration 34
IPF row error: 74.311922, col error: 0.000000
Starting Iterative Proportional Fitting (IPF)...
IPF converged at iteration 31
IPF row error: 143.781447, col error: 0.000000
Starting Iterative Proportional Fitting (IPF)...
IPF converged at iteration 55
IPF row error: 1.238578, col error: 0.000000
Starting Iterative Proportional Fitting (IPF)...
IPF row error: 517551.818802, col error: 0.000000
Starting Iterative Proportional Fitting (IPF)...
IPF row error: 515027.479688, col error: 0.000001
Starting Iterative Proportional Fitting (IPF)...
IPF converged at iteration 31
IPF row error: 100.216352, col error: 0.000000
Starting Iterative Proportional Fitting (IPF)...
IPF converged at iteration 34
IPF row error: 77.787426, col error: 0.000000
Starting Iterative Proportional Fitting (IPF)...
IPF converged at iteration 57
IPF row error: 1.230398, col error: 0.000000
Starting Iterative Proportional Fitting (IPF)...
IPF row error: 512572.514868, col error: 0.000000
Starting Iterative Proportional Fitting (IPF)...
IPF row error: 512802.202218, col error: 0.000000
Starting Iterative Proportional Fitting (IPF)...
IPF converged at iteration 61
IPF row error: 1.361381, col error: 0.000000
Starting Iterative Proportional Fitting (IPF)...
IPF row error: 519207.589892, col error: 0.000000
IPF converged at iteration 62
IPF row error: 1.316768, col error: 0.000000
Starting Iterative Proportional Fitting (IPF)...
IPF row error: 475778.362349, col error: 0.000000
Starting Iterative Proportional Fitting (IPF)...
IPF converged at iteration 28
Starting Iterative Proportional Fitting (IPF)...
IPF row error: 188.426538, col error: 0.000000
Starting Iterative Proportional Fitting (IPF)...
IPF converged at iteration 35
IPF row error: 68.829381, col error: 0.000000
Starting Iterative Proportional Fitting (IPF)...
IPF converged at iteration 50
IPF row error: 2.077027, col error: 0.000000
Starting Iterative Proportional Fitting (IPF)...
IPF converged at iteration 52
IPF row error: 1.386173, col error: 0.000000
Starting Iterative Proportional Fitting (IPF)...
IPF converged at iteration 34
IPF row error: 80.075131, col error: 0.000000
Starting Iterative Proportional Fitting (IPF)...
IPF row error: 512239.555933, col error: 0.000000
Starting Iterative Proportional Fitting (IPF)...
IPF converged at iteration 54
IPF row error: 1.342628, col error: 0.000000
IPF converged at iteration 61
Starting Iterative Proportional Fitting (IPF)...
IPF row error: 1.384957, col error: 0.000000
Starting Iterative Proportional Fitting (IPF)...
IPF converged at iteration 54
IPF row error: 1.356728, col error: 0.000000
Starting Iterative Proportional Fitting (IPF)...
IPF row error: 512239.555933, col error: 0.000000
Starting Iterative Proportional Fitting (IPF)...
IPF converged at iteration 33
IPF row error: 80.642744, col error: 0.000000
Starting Iterative Proportional Fitting (IPF)...
IPF converged at iteration 28
IPF row error: 197.918801, col error: 0.000000
  [2023/val] 진행 600/750 (80.0%) | 누적 CPC 0.4179 | RMSE 45974.5575 | %RMSE 935.7973 | 경과 8.6분 | 예상 남음 2.1분
Starting Iterative Proportional Fitting (IPF)...
IPF row error: 513535.600820, col error: 0.000000
Starting Iterative Proportional Fitting (IPF)...
IPF row error: 512572.514868, col error: 0.000000
Starting Iterative Proportional Fitting (IPF)...
IPF converged at iteration 35
IPF row error: 41.268369, col error: 0.000000
Starting Iterative Proportional Fitting (IPF)...
IPF converged at iteration 52
IPF row error: 1.361723, col error: 0.000000
Starting Iterative Proportional Fitting (IPF)...
IPF converged at iteration 49
IPF row error: 2.103978, col error: 0.000000
Starting Iterative Proportional Fitting (IPF)...
IPF converged at iteration 59
IPF row error: 1.292719, col error: 0.000000
Starting Iterative Proportional Fitting (IPF)...IPF converged at iteration 33

IPF row error: 96.005319, col error: 0.000000
Starting Iterative Proportional Fitting (IPF)...
IPF converged at iteration 33
IPF row error: 80.047705, col error: 0.000000
Starting Iterative Proportional Fitting (IPF)...
IPF converged at iteration 35
IPF row error: 62.618479, col error: 0.000000
Starting Iterative Proportional Fitting (IPF)...
IPF converged at iteration 54
IPF row error: 1.361857, col error: 0.000000
Starting Iterative Proportional Fitting (IPF)...
IPF converged at iteration 52
IPF row error: 1.337634, col error: 0.000000
Starting Iterative Proportional Fitting (IPF)...
IPF converged at iteration 54
IPF row error: 1.193616, col error: 0.000000
Starting Iterative Proportional Fitting (IPF)...
IPF converged at iteration 32
IPF row error: 114.068503, col error: 0.000000
Starting Iterative Proportional Fitting (IPF)...
IPF converged at iteration 47
IPF row error: 3.341894, col error: 0.000000
Starting Iterative Proportional Fitting (IPF)...
IPF converged at iteration 28
IPF row error: 208.326050, col error: 0.000000
Starting Iterative Proportional Fitting (IPF)...
IPF converged at iteration 54
IPF row error: 1.355933, col error: 0.000000
Starting Iterative Proportional Fitting (IPF)...
IPF converged at iteration 29
IPF row error: 207.382176, col error: 0.000000
Starting Iterative Proportional Fitting (IPF)...
IPF converged at iteration 49
IPF row error: 2.226519, col error: 0.000000
Starting Iterative Proportional Fitting (IPF)...
IPF converged at iteration 30
IPF row error: 185.265560, col error: 0.000000
IPF converged at iteration 29
IPF row error: 181.197206, col error: 0.000000
Starting Iterative Proportional Fitting (IPF)...
Starting Iterative Proportional Fitting (IPF)...
IPF converged at iteration 58
IPF row error: 1.302830, col error: 0.000000
Starting Iterative Proportional Fitting (IPF)...
IPF converged at iteration 28
IPF row error: 189.881179, col error: 0.000000
Starting Iterative Proportional Fitting (IPF)...
IPF converged at iteration 53
IPF row error: 1.391180, col error: 0.000000
Starting Iterative Proportional Fitting (IPF)...
IPF converged at iteration 32
IPF row error: 110.903236, col error: 0.000000
Starting Iterative Proportional Fitting (IPF)...
IPF converged at iteration 51
IPF row error: 5.034951, col error: 0.000000
Starting Iterative Proportional Fitting (IPF)...
IPF converged at iteration 31
IPF row error: 138.502768, col error: 0.000000
IPF converged at iteration 53
IPF row error: 1.294065, col error: 0.000000
Starting Iterative Proportional Fitting (IPF)...
Starting Iterative Proportional Fitting (IPF)...
IPF converged at iteration 53
IPF row error: 1.368082, col error: 0.000000
Starting Iterative Proportional Fitting (IPF)...
IPF converged at iteration 43
IPF row error: 8.908422, col error: 0.000000
Starting Iterative Proportional Fitting (IPF)...
IPF converged at iteration 31
IPF converged at iteration 34
IPF row error: 119.757809, col error: 0.000000
  [2023/val] 진행 630/750 (84.0%) | 누적 CPC 0.4122 | RMSE 48827.2754 | %RMSE 980.0410 | 경과 9.0분 | 예상 남음 1.7분
IPF row error: 71.478961, col error: 0.000000
Starting Iterative Proportional Fitting (IPF)...
Starting Iterative Proportional Fitting (IPF)...
IPF converged at iteration 33
IPF row error: 29.769129, col error: 0.000000
Starting Iterative Proportional Fitting (IPF)...
IPF converged at iteration 52
IPF row error: 1.275386, col error: 0.000000
Starting Iterative Proportional Fitting (IPF)...
IPF converged at iteration 33
IPF row error: 88.016679, col error: 0.000000
Starting Iterative Proportional Fitting (IPF)...
IPF converged at iteration 45
IPF row error: 5.403752, col error: 0.000000
Starting Iterative Proportional Fitting (IPF)...
IPF converged at iteration 35
IPF row error: 56.421872, col error: 0.000000
Starting Iterative Proportional Fitting (IPF)...
IPF converged at iteration 49
IPF row error: 2.236637, col error: 0.000000
Starting Iterative Proportional Fitting (IPF)...
IPF converged at iteration 39
IPF row error: 23.340875, col error: 0.000000
Starting Iterative Proportional Fitting (IPF)...
IPF converged at iteration 31
IPF row error: 132.724973, col error: 0.000000
Starting Iterative Proportional Fitting (IPF)...
IPF converged at iteration 33
IPF row error: 94.818678, col error: 0.000000
Starting Iterative Proportional Fitting (IPF)...
IPF converged at iteration 33
IPF row error: 82.175756, col error: 0.000000
Starting Iterative Proportional Fitting (IPF)...
IPF converged at iteration 59
IPF row error: 1.377677, col error: 0.000000
Starting Iterative Proportional Fitting (IPF)...
IPF converged at iteration 53
IPF row error: 1.291017, col error: 0.000000
Starting Iterative Proportional Fitting (IPF)...
IPF converged at iteration 54
IPF row error: 1.298184, col error: 0.000000
Starting Iterative Proportional Fitting (IPF)...
IPF converged at iteration 54
IPF row error: 1.195700, col error: 0.000000
IPF converged at iteration 32
Starting Iterative Proportional Fitting (IPF)...
IPF row error: 110.614400, col error: 0.000000
Starting Iterative Proportional Fitting (IPF)...
IPF converged at iteration 52
IPF row error: 1.350587, col error: 0.000000
Starting Iterative Proportional Fitting (IPF)...
IPF converged at iteration 33
IPF row error: 94.773872, col error: 0.000000
Starting Iterative Proportional Fitting (IPF)...
IPF converged at iteration 31
IPF row error: 136.609652, col error: 0.000000
Starting Iterative Proportional Fitting (IPF)...
IPF converged at iteration 33
IPF row error: 81.105167, col error: 0.000000
IPF converged at iteration 49
IPF row error: 2.173654, col error: 0.000000
Starting Iterative Proportional Fitting (IPF)...
Starting Iterative Proportional Fitting (IPF)...
IPF converged at iteration 33
IPF row error: 99.582673, col error: 0.000000
Starting Iterative Proportional Fitting (IPF)...
IPF converged at iteration 53
IPF row error: 1.221034, col error: 0.000000
Starting Iterative Proportional Fitting (IPF)...
IPF converged at iteration 52
IPF converged at iteration 52
IPF row error: 1.347301, col error: 0.000000
IPF row error: 1.362807, col error: 0.000000
Starting Iterative Proportional Fitting (IPF)...
Starting Iterative Proportional Fitting (IPF)...
IPF converged at iteration 57
IPF row error: 1.356990, col error: 0.000000
Starting Iterative Proportional Fitting (IPF)...
IPF converged at iteration 34
IPF row error: 73.333333, col error: 0.000000
Starting Iterative Proportional Fitting (IPF)...
IPF converged at iteration 51
IPF converged at iteration 51
IPF row error: 1.354411, col error: 0.000000
IPF row error: 1.356206, col error: 0.000000
Starting Iterative Proportional Fitting (IPF)...
Starting Iterative Proportional Fitting (IPF)...
IPF converged at iteration 56
IPF row error: 1.228394, col error: 0.000000
  [2023/val] 진행 660/750 (88.0%) | 누적 CPC 0.4058 | RMSE 46662.2510 | %RMSE 936.1336 | 경과 9.5분 | 예상 남음 1.3분
Starting Iterative Proportional Fitting (IPF)...
IPF converged at iteration 51
IPF row error: 1.365878, col error: 0.000000
Starting Iterative Proportional Fitting (IPF)...
IPF converged at iteration 50
IPF row error: 1.658300, col error: 0.000000
Starting Iterative Proportional Fitting (IPF)...
IPF converged at iteration 59
IPF row error: 1.249384, col error: 0.000000
Starting Iterative Proportional Fitting (IPF)...
IPF converged at iteration 51
IPF row error: 1.364101, col error: 0.000000
Starting Iterative Proportional Fitting (IPF)...
IPF converged at iteration 50
IPF row error: 1.658818, col error: 0.000000
Starting Iterative Proportional Fitting (IPF)...
IPF converged at iteration 32
IPF row error: 124.100467, col error: 0.000000
Starting Iterative Proportional Fitting (IPF)...
IPF converged at iteration 50
IPF row error: 1.661253, col error: 0.000000
Starting Iterative Proportional Fitting (IPF)...
IPF converged at iteration 30
IPF row error: 206.623181, col error: 0.000000
IPF converged at iteration 51
IPF row error: 5.005701, col error: 0.000000
Starting Iterative Proportional Fitting (IPF)...
Starting Iterative Proportional Fitting (IPF)...
IPF converged at iteration 45
IPF row error: 5.834040, col error: 0.000000
Starting Iterative Proportional Fitting (IPF)...
IPF converged at iteration 38
IPF row error: 30.840373, col error: 0.000000
Starting Iterative Proportional Fitting (IPF)...
IPF converged at iteration 30
IPF row error: 165.341254, col error: 0.000000
Starting Iterative Proportional Fitting (IPF)...
IPF converged at iteration 42
IPF row error: 11.700497, col error: 0.000000
Starting Iterative Proportional Fitting (IPF)...
IPF converged at iteration 51
IPF row error: 1.354411, col error: 0.000000
Starting Iterative Proportional Fitting (IPF)...
IPF converged at iteration 29
IPF row error: 178.211708, col error: 0.000000
Starting Iterative Proportional Fitting (IPF)...
IPF converged at iteration 44
IPF row error: 7.456739, col error: 0.000000
Starting Iterative Proportional Fitting (IPF)...
IPF converged at iteration 36
IPF row error: 50.460781, col error: 0.000000
Starting Iterative Proportional Fitting (IPF)...
IPF converged at iteration 31
IPF row error: 138.688248, col error: 0.000000
IPF converged at iteration 59
IPF row error: 1.258001, col error: 0.000000
Starting Iterative Proportional Fitting (IPF)...
Starting Iterative Proportional Fitting (IPF)...
IPF converged at iteration 35
IPF row error: 61.418311, col error: 0.000000
Starting Iterative Proportional Fitting (IPF)...
IPF converged at iteration 34
IPF row error: 79.145811, col error: 0.000000
Starting Iterative Proportional Fitting (IPF)...
IPF converged at iteration 31
IPF row error: 145.907801, col error: 0.000000
Starting Iterative Proportional Fitting (IPF)...
IPF converged at iteration 44
IPF row error: 6.679515, col error: 0.000000
IPF converged at iteration 33
IPF row error: 92.300886, col error: 0.000000
Starting Iterative Proportional Fitting (IPF)...
Starting Iterative Proportional Fitting (IPF)...
IPF converged at iteration 41
IPF row error: 14.220072, col error: 0.000000
IPF converged at iteration 31
IPF row error: 126.717980, col error: 0.000000
Starting Iterative Proportional Fitting (IPF)...
Starting Iterative Proportional Fitting (IPF)...
IPF converged at iteration 30
IPF row error: 178.703437, col error: 0.000000
Starting Iterative Proportional Fitting (IPF)...
IPF converged at iteration 52
IPF row error: 1.347432, col error: 0.000000
Starting Iterative Proportional Fitting (IPF)...
IPF converged at iteration 51
IPF row error: 1.352546, col error: 0.000000
Starting Iterative Proportional Fitting (IPF)...
IPF converged at iteration 57
IPF row error: 1.375709, col error: 0.000000
  [2023/val] 진행 690/750 (92.0%) | 누적 CPC 0.4013 | RMSE 44672.9870 | %RMSE 895.9529 | 경과 10.0분 | 예상 남음 0.9분
Starting Iterative Proportional Fitting (IPF)...
IPF converged at iteration 30
IPF row error: 171.391932, col error: 0.000000
Starting Iterative Proportional Fitting (IPF)...
IPF converged at iteration 59
IPF row error: 1.244463, col error: 0.000000
Starting Iterative Proportional Fitting (IPF)...
IPF converged at iteration 31
IPF row error: 45.280304, col error: 0.000000
Starting Iterative Proportional Fitting (IPF)...
IPF converged at iteration 31
IPF row error: 139.589682, col error: 0.000000
Starting Iterative Proportional Fitting (IPF)...
IPF converged at iteration 51
IPF row error: 1.346882, col error: 0.000000
Starting Iterative Proportional Fitting (IPF)...
IPF converged at iteration 51
IPF row error: 1.397826, col error: 0.000000
Starting Iterative Proportional Fitting (IPF)...
IPF converged at iteration 51
IPF row error: 1.397826, col error: 0.000000
Starting Iterative Proportional Fitting (IPF)...
IPF converged at iteration 59
IPF row error: 1.244463, col error: 0.000000
IPF converged at iteration 51
IPF row error: 1.364440, col error: 0.000000
Starting Iterative Proportional Fitting (IPF)...
Starting Iterative Proportional Fitting (IPF)...
IPF converged at iteration 59
IPF row error: 1.262512, col error: 0.000000
Starting Iterative Proportional Fitting (IPF)...
IPF converged at iteration 56
IPF row error: 1.368332, col error: 0.000000
Starting Iterative Proportional Fitting (IPF)...
IPF converged at iteration 33
IPF row error: 92.528646, col error: 0.000000
Starting Iterative Proportional Fitting (IPF)...
IPF converged at iteration 52
IPF row error: 1.250325, col error: 0.000000
Starting Iterative Proportional Fitting (IPF)...
IPF converged at iteration 32
IPF row error: 125.170471, col error: 0.000000
Starting Iterative Proportional Fitting (IPF)...
IPF converged at iteration 33
IPF row error: 91.832113, col error: 0.000000
IPF converged at iteration 57
IPF row error: 1.228585, col error: 0.000000
Starting Iterative Proportional Fitting (IPF)...
Starting Iterative Proportional Fitting (IPF)...
IPF row error: 509208.154202, col error: 0.000000
Starting Iterative Proportional Fitting (IPF)...
IPF converged at iteration 56
IPF row error: 1.332317, col error: 0.000000
IPF converged at iteration 56
IPF row error: 1.361983, col error: 0.000000
Starting Iterative Proportional Fitting (IPF)...
Starting Iterative Proportional Fitting (IPF)...
IPF row error: 510112.604287, col error: 0.000000
Starting Iterative Proportional Fitting (IPF)...
IPF converged at iteration 52
IPF row error: 1.356596, col error: 0.000000
IPF converged at iteration 31
IPF row error: 131.509551, col error: 0.000000
Starting Iterative Proportional Fitting (IPF)...
Starting Iterative Proportional Fitting (IPF)...
IPF converged at iteration 50
IPF row error: 1.616690, col error: 0.000000
Starting Iterative Proportional Fitting (IPF)...
IPF converged at iteration 55
IPF row error: 1.238578, col error: 0.000000
Starting Iterative Proportional Fitting (IPF)...
IPF row error: 512802.202218, col error: 0.000000
Starting Iterative Proportional Fitting (IPF)...
IPF converged at iteration 34
IPF row error: 71.497747, col error: 0.000000
Starting Iterative Proportional Fitting (IPF)...
IPF row error: 506797.410229, col error: 0.000000
Starting Iterative Proportional Fitting (IPF)...
IPF converged at iteration 57
IPF row error: 1.264585, col error: 0.000000
Starting Iterative Proportional Fitting (IPF)...
IPF converged at iteration 62
IPF row error: 1.220725, col error: 0.000000
Starting Iterative Proportional Fitting (IPF)...
IPF converged at iteration 55
IPF row error: 1.248359, col error: 0.000000
  [2023/val] 진행 720/750 (96.0%) | 누적 CPC 0.3966 | RMSE 51717.8162 | %RMSE 1051.6258 | 경과 10.5분 | 예상 남음 0.4분
Starting Iterative Proportional Fitting (IPF)...
IPF converged at iteration 57
IPF row error: 1.235794, col error: 0.000000
Starting Iterative Proportional Fitting (IPF)...
IPF converged at iteration 56
IPF row error: 1.363999, col error: 0.000000
Starting Iterative Proportional Fitting (IPF)...
IPF converged at iteration 57
IPF row error: 1.257425, col error: 0.000000
Starting Iterative Proportional Fitting (IPF)...
IPF converged at iteration 57
IPF row error: 1.258254, col error: 0.000000
Starting Iterative Proportional Fitting (IPF)...
IPF converged at iteration 37
IPF row error: 37.946662, col error: 0.000000
Starting Iterative Proportional Fitting (IPF)...
IPF converged at iteration 30
IPF row error: 205.780195, col error: 0.000000
Starting Iterative Proportional Fitting (IPF)...
IPF converged at iteration 31
IPF row error: 141.028386, col error: 0.000000
Starting Iterative Proportional Fitting (IPF)...
IPF converged at iteration 55
IPF row error: 1.195065, col error: 0.000000
Starting Iterative Proportional Fitting (IPF)...
IPF row error: 508726.676854, col error: 0.000000
Starting Iterative Proportional Fitting (IPF)...
IPF converged at iteration 56
IPF converged at iteration 25
IPF row error: 1.361983, col error: 0.000000
IPF row error: 71.227297, col error: 0.000000
Starting Iterative Proportional Fitting (IPF)...
Starting Iterative Proportional Fitting (IPF)...
IPF converged at iteration 55
IPF row error: 1.243513, col error: 0.000000
Starting Iterative Proportional Fitting (IPF)...
IPF converged at iteration 28
IPF row error: 199.482454, col error: 0.000000
Starting Iterative Proportional Fitting (IPF)...
IPF converged at iteration 32
IPF converged at iteration 57
IPF row error: 116.233194, col error: 0.000000
IPF row error: 1.328592, col error: 0.000000
Starting Iterative Proportional Fitting (IPF)...
Starting Iterative Proportional Fitting (IPF)...
IPF row error: 514977.306141, col error: 0.000000
Starting Iterative Proportional Fitting (IPF)...
IPF converged at iteration 62
IPF row error: 1.237682, col error: 0.000000
IPF converged at iteration 34
IPF row error: 72.019103, col error: 0.000000
Starting Iterative Proportional Fitting (IPF)...
Starting Iterative Proportional Fitting (IPF)...
IPF converged at iteration 57
IPF row error: 1.257425, col error: 0.000000
Starting Iterative Proportional Fitting (IPF)...
IPF converged at iteration 44
IPF row error: 7.468383, col error: 0.000000
Starting Iterative Proportional Fitting (IPF)...
IPF converged at iteration 50
IPF row error: 1.634693, col error: 0.000000
Starting Iterative Proportional Fitting (IPF)...
IPF converged at iteration 57
IPF row error: 1.251444, col error: 0.000000
Starting Iterative Proportional Fitting (IPF)...
IPF converged at iteration 54
IPF row error: 1.298518, col error: 0.000000
Starting Iterative Proportional Fitting (IPF)...
IPF converged at iteration 52
IPF row error: 1.257498, col error: 0.000000
Starting Iterative Proportional Fitting (IPF)...
IPF converged at iteration 57
IPF row error: 1.256633, col error: 0.000000
Starting Iterative Proportional Fitting (IPF)...
IPF row error: 513538.533735, col error: 0.000001
IPF converged at iteration 34
IPF row error: 70.954252, col error: 0.000000
Starting Iterative Proportional Fitting (IPF)...
IPF converged at iteration 32
IPF row error: 112.182289, col error: 0.000000
IPF converged at iteration 31
IPF row error: 168.327205, col error: 0.000000
IPF converged at iteration 47
IPF row error: 3.611860, col error: 0.000000
  [2023/val] 진행 750/750 (100.0%) | 누적 CPC 0.3934 | RMSE 55929.0069 | %RMSE 1131.0708 | 경과 11.0분 | 예상 남음 0.0분
  [2023/val] 완료: 750/750

Evaluating 2023 / test ...
  [2023/test] 1750개 샘플 병렬 평가 중 (threads=4)...
Starting Iterative Proportional Fitting (IPF)...Starting Iterative Proportional Fitting (IPF)...Starting Iterative Proportional Fitting (IPF)...
Starting Iterative Proportional Fitting (IPF)...


IPF converged at iteration 33
IPF converged at iteration 33
IPF converged at iteration 33
IPF converged at iteration 33
IPF row error: 89.232218, col error: 0.000000
IPF row error: 89.232218, col error: 0.000000
IPF row error: 89.232218, col error: 0.000000
IPF row error: 89.232218, col error: 0.000000
Starting Iterative Proportional Fitting (IPF)...
Starting Iterative Proportional Fitting (IPF)...Starting Iterative Proportional Fitting (IPF)...

Starting Iterative Proportional Fitting (IPF)...
IPF converged at iteration 33
IPF row error: 89.232218, col error: 0.000000
IPF converged at iteration 33
IPF converged at iteration 33
IPF converged at iteration 33
IPF row error: 89.232218, col error: 0.000000
IPF row error: 89.232218, col error: 0.000000
IPF row error: 89.232218, col error: 0.000000
Starting Iterative Proportional Fitting (IPF)...
Starting Iterative Proportional Fitting (IPF)...
Starting Iterative Proportional Fitting (IPF)...
Starting Iterative Proportional Fitting (IPF)...
IPF converged at iteration 33
IPF row error: 89.232218, col error: 0.000000
IPF converged at iteration 33
IPF converged at iteration 33
IPF row error: 89.232218, col error: 0.000000
IPF row error: 89.232218, col error: 0.000000
IPF converged at iteration 33
IPF row error: 89.232218, col error: 0.000000
Starting Iterative Proportional Fitting (IPF)...
Starting Iterative Proportional Fitting (IPF)...
Starting Iterative Proportional Fitting (IPF)...
Starting Iterative Proportional Fitting (IPF)...
IPF converged at iteration 33
IPF row error: 89.232218, col error: 0.000000
IPF converged at iteration 33
IPF converged at iteration 33
IPF row error: 89.232218, col error: 0.000000
IPF row error: 89.232218, col error: 0.000000
IPF converged at iteration 33
IPF row error: 89.232218, col error: 0.000000
Starting Iterative Proportional Fitting (IPF)...
Starting Iterative Proportional Fitting (IPF)...
Starting Iterative Proportional Fitting (IPF)...
Starting Iterative Proportional Fitting (IPF)...
IPF converged at iteration 33
IPF row error: 89.232218, col error: 0.000000
IPF converged at iteration 33
IPF converged at iteration 33
IPF row error: 89.232218, col error: 0.000000
IPF row error: 89.232218, col error: 0.000000
IPF converged at iteration 33
Starting Iterative Proportional Fitting (IPF)...
IPF row error: 89.232218, col error: 0.000000
Starting Iterative Proportional Fitting (IPF)...
Starting Iterative Proportional Fitting (IPF)...
Starting Iterative Proportional Fitting (IPF)...
IPF converged at iteration 33
IPF row error: 89.232218, col error: 0.000000
IPF converged at iteration 33
IPF converged at iteration 33IPF row error: 89.232218, col error: 0.000000

IPF row error: 89.232218, col error: 0.000000
IPF converged at iteration 33
Starting Iterative Proportional Fitting (IPF)...
IPF row error: 89.232218, col error: 0.000000
Starting Iterative Proportional Fitting (IPF)...
Starting Iterative Proportional Fitting (IPF)...
Starting Iterative Proportional Fitting (IPF)...
IPF converged at iteration 33
IPF row error: 89.232218, col error: 0.000000
IPF converged at iteration 33
IPF row error: 89.232218, col error: 0.000000
IPF converged at iteration 33
IPF row error: 89.232218, col error: 0.000000
Starting Iterative Proportional Fitting (IPF)...
IPF converged at iteration 33
IPF row error: 89.232218, col error: 0.000000
Starting Iterative Proportional Fitting (IPF)...
Starting Iterative Proportional Fitting (IPF)...
Starting Iterative Proportional Fitting (IPF)...
IPF converged at iteration 33
IPF row error: 89.232218, col error: 0.000000
IPF converged at iteration 33
IPF row error: 89.232218, col error: 0.000000
  [2023/test] 진행 30/1750 (1.7%) | 누적 CPC 0.7452 | RMSE 264.7306 | %RMSE 3.7860 | 경과 0.3분 | 예상 남음 19.8분
IPF converged at iteration 33
Starting Iterative Proportional Fitting (IPF)...
IPF row error: 89.232218, col error: 0.000000
IPF converged at iteration 33
IPF row error: 89.232218, col error: 0.000000
Starting Iterative Proportional Fitting (IPF)...
Starting Iterative Proportional Fitting (IPF)...
Starting Iterative Proportional Fitting (IPF)...
IPF converged at iteration 33
IPF row error: 89.232218, col error: 0.000000
IPF converged at iteration 33
IPF row error: 89.232218, col error: 0.000000
IPF converged at iteration 33
Starting Iterative Proportional Fitting (IPF)...
IPF row error: 89.232218, col error: 0.000000
IPF converged at iteration 33
IPF row error: 89.232218, col error: 0.000000
Starting Iterative Proportional Fitting (IPF)...
Starting Iterative Proportional Fitting (IPF)...
Starting Iterative Proportional Fitting (IPF)...
IPF converged at iteration 33
IPF row error: 89.232218, col error: 0.000000
IPF converged at iteration 33
IPF row error: 89.232218, col error: 0.000000
IPF converged at iteration 33
Starting Iterative Proportional Fitting (IPF)...
IPF row error: 89.232218, col error: 0.000000
IPF converged at iteration 33
IPF row error: 89.232218, col error: 0.000000
Starting Iterative Proportional Fitting (IPF)...
Starting Iterative Proportional Fitting (IPF)...
Starting Iterative Proportional Fitting (IPF)...
IPF converged at iteration 33
IPF row error: 89.232218, col error: 0.000000
IPF converged at iteration 33
IPF row error: 89.232218, col error: 0.000000
IPF converged at iteration 33
Starting Iterative Proportional Fitting (IPF)...
IPF row error: 89.232218, col error: 0.000000
IPF converged at iteration 33
IPF row error: 89.232218, col error: 0.000000
Starting Iterative Proportional Fitting (IPF)...
Starting Iterative Proportional Fitting (IPF)...
Starting Iterative Proportional Fitting (IPF)...
IPF converged at iteration 33
IPF row error: 89.232218, col error: 0.000000
IPF converged at iteration 33
IPF row error: 89.232218, col error: 0.000000
Starting Iterative Proportional Fitting (IPF)...
IPF converged at iteration 33
IPF row error: 89.232218, col error: 0.000000
IPF converged at iteration 33
IPF row error: 89.232218, col error: 0.000000
Starting Iterative Proportional Fitting (IPF)...
Starting Iterative Proportional Fitting (IPF)...
Starting Iterative Proportional Fitting (IPF)...
IPF converged at iteration 33
IPF row error: 89.232218, col error: 0.000000
IPF converged at iteration 33
IPF row error: 89.232218, col error: 0.000000
Starting Iterative Proportional Fitting (IPF)...
IPF converged at iteration 33
IPF row error: 88.998741, col error: 0.000000
IPF converged at iteration 33
IPF row error: 88.998741, col error: 0.000000
Starting Iterative Proportional Fitting (IPF)...
Starting Iterative Proportional Fitting (IPF)...
Starting Iterative Proportional Fitting (IPF)...
IPF converged at iteration 33
IPF row error: 88.998741, col error: 0.000000
IPF converged at iteration 33
IPF row error: 88.998741, col error: 0.000000
Starting Iterative Proportional Fitting (IPF)...
IPF converged at iteration 33
IPF row error: 88.998741, col error: 0.000000
IPF converged at iteration 33
Starting Iterative Proportional Fitting (IPF)...
IPF row error: 88.998741, col error: 0.000000
Starting Iterative Proportional Fitting (IPF)...
Starting Iterative Proportional Fitting (IPF)...
IPF converged at iteration 33
IPF row error: 88.998741, col error: 0.000000
IPF converged at iteration 33
IPF row error: 88.998741, col error: 0.000000
Starting Iterative Proportional Fitting (IPF)...
IPF converged at iteration 33
IPF row error: 88.998741, col error: 0.000000
IPF converged at iteration 33
Starting Iterative Proportional Fitting (IPF)...
IPF row error: 88.998741, col error: 0.000000
  [2023/test] 진행 60/1750 (3.4%) | 누적 CPC 0.7344 | RMSE 268.5926 | %RMSE 3.9565 | 경과 0.7분 | 예상 남음 18.5분
Starting Iterative Proportional Fitting (IPF)...
Starting Iterative Proportional Fitting (IPF)...
IPF converged at iteration 33
IPF row error: 88.998741, col error: 0.000000
IPF converged at iteration 33
IPF row error: 88.998741, col error: 0.000000
Starting Iterative Proportional Fitting (IPF)...
IPF converged at iteration 33
IPF row error: 88.998741, col error: 0.000000
IPF converged at iteration 33
Starting Iterative Proportional Fitting (IPF)...
IPF row error: 88.998741, col error: 0.000000
Starting Iterative Proportional Fitting (IPF)...
Starting Iterative Proportional Fitting (IPF)...
IPF converged at iteration 33
IPF row error: 88.998741, col error: 0.000000
IPF converged at iteration 33
IPF row error: 88.998741, col error: 0.000000
Starting Iterative Proportional Fitting (IPF)...
IPF converged at iteration 33
IPF converged at iteration 33
Starting Iterative Proportional Fitting (IPF)...
IPF row error: 88.998741, col error: 0.000000
IPF row error: 88.998741, col error: 0.000000
Starting Iterative Proportional Fitting (IPF)...
Starting Iterative Proportional Fitting (IPF)...
IPF converged at iteration 33
IPF row error: 88.998741, col error: 0.000000
IPF converged at iteration 33
IPF row error: 88.998741, col error: 0.000000
Starting Iterative Proportional Fitting (IPF)...
IPF converged at iteration 33
Starting Iterative Proportional Fitting (IPF)...
IPF converged at iteration 33
IPF row error: 88.998741, col error: 0.000000
IPF row error: 88.998741, col error: 0.000000
Starting Iterative Proportional Fitting (IPF)...
Starting Iterative Proportional Fitting (IPF)...
IPF converged at iteration 33
IPF row error: 88.998741, col error: 0.000000
IPF converged at iteration 33
IPF row error: 88.998741, col error: 0.000000
Starting Iterative Proportional Fitting (IPF)...
IPF converged at iteration 33
IPF row error: 88.998741, col error: 0.000000
Starting Iterative Proportional Fitting (IPF)...
IPF converged at iteration 33
IPF row error: 88.998741, col error: 0.000000
Starting Iterative Proportional Fitting (IPF)...
Starting Iterative Proportional Fitting (IPF)...
IPF converged at iteration 33
IPF row error: 88.998741, col error: 0.000000
IPF converged at iteration 33
IPF row error: 88.998741, col error: 0.000000
Starting Iterative Proportional Fitting (IPF)...
IPF converged at iteration 33
Starting Iterative Proportional Fitting (IPF)...
IPF converged at iteration 33IPF row error: 88.998741, col error: 0.000000

IPF row error: 88.998741, col error: 0.000000
Starting Iterative Proportional Fitting (IPF)...
Starting Iterative Proportional Fitting (IPF)...
IPF converged at iteration 33
IPF row error: 88.998741, col error: 0.000000
IPF converged at iteration 33
IPF row error: 88.998741, col error: 0.000000
Starting Iterative Proportional Fitting (IPF)...
IPF converged at iteration 33
IPF converged at iteration 33
Starting Iterative Proportional Fitting (IPF)...
IPF row error: 88.998741, col error: 0.000000
IPF row error: 88.998741, col error: 0.000000
Starting Iterative Proportional Fitting (IPF)...
Starting Iterative Proportional Fitting (IPF)...
IPF converged at iteration 33
IPF row error: 88.998741, col error: 0.000000
IPF converged at iteration 33
Starting Iterative Proportional Fitting (IPF)...
IPF row error: 88.998741, col error: 0.000000
IPF converged at iteration 33
IPF row error: 88.998741, col error: 0.000000
IPF converged at iteration 33
Starting Iterative Proportional Fitting (IPF)...
IPF row error: 88.998741, col error: 0.000000
Starting Iterative Proportional Fitting (IPF)...
Starting Iterative Proportional Fitting (IPF)...
IPF converged at iteration 33
IPF row error: 88.998741, col error: 0.000000
IPF converged at iteration 33
Starting Iterative Proportional Fitting (IPF)...
IPF row error: 88.998741, col error: 0.000000
  [2023/test] 진행 90/1750 (5.1%) | 누적 CPC 0.7164 | RMSE 275.0294 | %RMSE 4.2406 | 경과 1.0분 | 예상 남음 18.7분
IPF converged at iteration 33
Starting Iterative Proportional Fitting (IPF)...
IPF row error: 88.998741, col error: 0.000000IPF converged at iteration 33

IPF row error: 88.998741, col error: 0.000000
Starting Iterative Proportional Fitting (IPF)...
Starting Iterative Proportional Fitting (IPF)...
IPF converged at iteration 33
IPF row error: 88.998741, col error: 0.000000
Starting Iterative Proportional Fitting (IPF)...
IPF converged at iteration 33
IPF row error: 88.998741, col error: 0.000000
IPF converged at iteration 33
IPF row error: 88.998741, col error: 0.000000
Starting Iterative Proportional Fitting (IPF)...
IPF converged at iteration 33
IPF row error: 88.998741, col error: 0.000000
Starting Iterative Proportional Fitting (IPF)...
Starting Iterative Proportional Fitting (IPF)...
IPF converged at iteration 33
IPF row error: 88.998741, col error: 0.000000
Starting Iterative Proportional Fitting (IPF)...
IPF converged at iteration 33
IPF row error: 88.998741, col error: 0.000000
IPF converged at iteration 33
IPF row error: 88.998741, col error: 0.000000
IPF converged at iteration 33
Starting Iterative Proportional Fitting (IPF)...
IPF row error: 88.998741, col error: 0.000000
Starting Iterative Proportional Fitting (IPF)...
Starting Iterative Proportional Fitting (IPF)...
IPF converged at iteration 33
IPF row error: 89.122968, col error: 0.000000
Starting Iterative Proportional Fitting (IPF)...
IPF converged at iteration 33
IPF row error: 89.122968, col error: 0.000000
IPF converged at iteration 33
IPF row error: 89.122968, col error: 0.000000
IPF converged at iteration 33
Starting Iterative Proportional Fitting (IPF)...
IPF row error: 89.122968, col error: 0.000000
Starting Iterative Proportional Fitting (IPF)...
Starting Iterative Proportional Fitting (IPF)...
IPF converged at iteration 33
IPF row error: 89.122968, col error: 0.000000
Starting Iterative Proportional Fitting (IPF)...
IPF converged at iteration 33
IPF row error: 89.122968, col error: 0.000000
IPF converged at iteration 33
IPF row error: 89.122968, col error: 0.000000
Starting Iterative Proportional Fitting (IPF)...
IPF converged at iteration 33
IPF row error: 89.122968, col error: 0.000000
Starting Iterative Proportional Fitting (IPF)...
Starting Iterative Proportional Fitting (IPF)...
IPF converged at iteration 33
IPF row error: 89.122968, col error: 0.000000
IPF converged at iteration 33
Starting Iterative Proportional Fitting (IPF)...
IPF row error: 89.122968, col error: 0.000000
IPF converged at iteration 33
Starting Iterative Proportional Fitting (IPF)...
IPF row error: 89.122968, col error: 0.000000
IPF converged at iteration 33
IPF row error: 89.122968, col error: 0.000000
Starting Iterative Proportional Fitting (IPF)...
Starting Iterative Proportional Fitting (IPF)...
IPF converged at iteration 33
IPF row error: 89.122968, col error: 0.000000
Starting Iterative Proportional Fitting (IPF)...
IPF converged at iteration 33
IPF row error: 89.122968, col error: 0.000000
IPF converged at iteration 33
IPF row error: 89.122968, col error: 0.000000
Starting Iterative Proportional Fitting (IPF)...
IPF converged at iteration 33
IPF row error: 89.122968, col error: 0.000000
Starting Iterative Proportional Fitting (IPF)...
Starting Iterative Proportional Fitting (IPF)...
IPF converged at iteration 33
IPF row error: 89.122968, col error: 0.000000
Starting Iterative Proportional Fitting (IPF)...
IPF converged at iteration 33
IPF row error: 89.122968, col error: 0.000000
IPF converged at iteration 33
Starting Iterative Proportional Fitting (IPF)...
IPF row error: 89.122968, col error: 0.000000
IPF converged at iteration 33
IPF row error: 89.122968, col error: 0.000000
  [2023/test] 진행 120/1750 (6.9%) | 누적 CPC 0.7042 | RMSE 268.0298 | %RMSE 4.6160 | 경과 1.3분 | 예상 남음 18.1분
Starting Iterative Proportional Fitting (IPF)...
Starting Iterative Proportional Fitting (IPF)...
IPF converged at iteration 33
IPF row error: 89.122968, col error: 0.000000
Starting Iterative Proportional Fitting (IPF)...
IPF converged at iteration 33
IPF row error: 89.122968, col error: 0.000000
Starting Iterative Proportional Fitting (IPF)...
IPF converged at iteration 33
IPF row error: 89.122968, col error: 0.000000
IPF converged at iteration 33
IPF row error: 89.122968, col error: 0.000000
Starting Iterative Proportional Fitting (IPF)...
Starting Iterative Proportional Fitting (IPF)...
IPF converged at iteration 33
IPF row error: 89.122968, col error: 0.000000
Starting Iterative Proportional Fitting (IPF)...
IPF converged at iteration 33
IPF row error: 89.122968, col error: 0.000000
IPF converged at iteration 33
IPF row error: 89.122968, col error: 0.000000
Starting Iterative Proportional Fitting (IPF)...
IPF converged at iteration 33
IPF row error: 89.122968, col error: 0.000000
Starting Iterative Proportional Fitting (IPF)...
Starting Iterative Proportional Fitting (IPF)...
IPF converged at iteration 33
IPF row error: 89.122968, col error: 0.000000
Starting Iterative Proportional Fitting (IPF)...
IPF converged at iteration 33
IPF row error: 89.122968, col error: 0.000000
IPF converged at iteration 33
Starting Iterative Proportional Fitting (IPF)...
IPF row error: 89.122968, col error: 0.000000
IPF converged at iteration 33
IPF row error: 89.122968, col error: 0.000000
Starting Iterative Proportional Fitting (IPF)...
Starting Iterative Proportional Fitting (IPF)...
IPF converged at iteration 33
IPF row error: 89.122968, col error: 0.000000
Starting Iterative Proportional Fitting (IPF)...
IPF converged at iteration 33
IPF row error: 89.122968, col error: 0.000000
IPF converged at iteration 33
IPF row error: 89.122968, col error: 0.000000
Starting Iterative Proportional Fitting (IPF)...
IPF converged at iteration 33
IPF row error: 89.122968, col error: 0.000000
Starting Iterative Proportional Fitting (IPF)...
Starting Iterative Proportional Fitting (IPF)...
IPF converged at iteration 33
IPF row error: 89.122968, col error: 0.000000
Starting Iterative Proportional Fitting (IPF)...
IPF converged at iteration 33
IPF row error: 89.122968, col error: 0.000000
IPF converged at iteration 33
Starting Iterative Proportional Fitting (IPF)...
IPF row error: 89.122968, col error: 0.000000
IPF converged at iteration 33
IPF row error: 89.122968, col error: 0.000000
Starting Iterative Proportional Fitting (IPF)...
Starting Iterative Proportional Fitting (IPF)...
IPF converged at iteration 33
IPF row error: 89.122968, col error: 0.000000
Starting Iterative Proportional Fitting (IPF)...
IPF converged at iteration 33
IPF row error: 89.122968, col error: 0.000000
IPF converged at iteration 33
IPF row error: 89.122968, col error: 0.000000
Starting Iterative Proportional Fitting (IPF)...
IPF converged at iteration 33
IPF row error: 89.122968, col error: 0.000000
Starting Iterative Proportional Fitting (IPF)...
Starting Iterative Proportional Fitting (IPF)...
IPF converged at iteration 33
IPF row error: 89.122968, col error: 0.000000
Starting Iterative Proportional Fitting (IPF)...
IPF converged at iteration 33
IPF row error: 89.122968, col error: 0.000000
IPF converged at iteration 33
Starting Iterative Proportional Fitting (IPF)...
IPF row error: 89.122968, col error: 0.000000
IPF converged at iteration 33
IPF row error: 89.122968, col error: 0.000000
Starting Iterative Proportional Fitting (IPF)...
Starting Iterative Proportional Fitting (IPF)...
IPF converged at iteration 33
IPF row error: 89.122968, col error: 0.000000
Starting Iterative Proportional Fitting (IPF)...
IPF converged at iteration 33
IPF row error: 89.122968, col error: 0.000000
  [2023/test] 진행 150/1750 (8.6%) | 누적 CPC 0.6955 | RMSE 259.7428 | %RMSE 4.9346 | 경과 1.7분 | 예상 남음 17.9분
IPF converged at iteration 33
Starting Iterative Proportional Fitting (IPF)...
IPF row error: 88.915927, col error: 0.000000
IPF converged at iteration 33
IPF row error: 88.915927, col error: 0.000000
Starting Iterative Proportional Fitting (IPF)...
Starting Iterative Proportional Fitting (IPF)...
IPF converged at iteration 33
IPF row error: 88.915927, col error: 0.000000
Starting Iterative Proportional Fitting (IPF)...
IPF converged at iteration 33
IPF row error: 88.915927, col error: 0.000000
Starting Iterative Proportional Fitting (IPF)...
IPF converged at iteration 33
IPF row error: 88.915927, col error: 0.000000
IPF converged at iteration 33
Starting Iterative Proportional Fitting (IPF)...
IPF row error: 88.915927, col error: 0.000000
Starting Iterative Proportional Fitting (IPF)...
IPF converged at iteration 33
IPF row error: 88.915927, col error: 0.000000
Starting Iterative Proportional Fitting (IPF)...
IPF converged at iteration 33
IPF row error: 88.915927, col error: 0.000000
IPF converged at iteration 33
Starting Iterative Proportional Fitting (IPF)...
IPF row error: 88.915927, col error: 0.000000
IPF converged at iteration 33
IPF row error: 88.915927, col error: 0.000000
Starting Iterative Proportional Fitting (IPF)...
Starting Iterative Proportional Fitting (IPF)...
IPF converged at iteration 33
IPF row error: 88.915927, col error: 0.000000
Starting Iterative Proportional Fitting (IPF)...
IPF converged at iteration 33
IPF row error: 88.915927, col error: 0.000000
IPF converged at iteration 33
Starting Iterative Proportional Fitting (IPF)...
IPF row error: 88.915927, col error: 0.000000
IPF converged at iteration 33
Starting Iterative Proportional Fitting (IPF)...
IPF row error: 88.915927, col error: 0.000000
Starting Iterative Proportional Fitting (IPF)...
IPF converged at iteration 33
IPF row error: 88.915927, col error: 0.000000
Starting Iterative Proportional Fitting (IPF)...
IPF converged at iteration 33
IPF row error: 88.915927, col error: 0.000000
IPF converged at iteration 33
IPF row error: 88.915927, col error: 0.000000
Starting Iterative Proportional Fitting (IPF)...
Starting Iterative Proportional Fitting (IPF)...
IPF converged at iteration 33
IPF row error: 88.915927, col error: 0.000000
Starting Iterative Proportional Fitting (IPF)...
IPF converged at iteration 33
IPF row error: 88.915927, col error: 0.000000
Starting Iterative Proportional Fitting (IPF)...
IPF converged at iteration 33
IPF row error: 88.915927, col error: 0.000000
IPF converged at iteration 33
IPF row error: 88.915927, col error: 0.000000
Starting Iterative Proportional Fitting (IPF)...
Starting Iterative Proportional Fitting (IPF)...
IPF converged at iteration 33
IPF row error: 88.915927, col error: 0.000000
Starting Iterative Proportional Fitting (IPF)...
IPF converged at iteration 33
IPF row error: 88.915927, col error: 0.000000
Starting Iterative Proportional Fitting (IPF)...
IPF converged at iteration 33
IPF row error: 88.915927, col error: 0.000000
IPF converged at iteration 33
IPF row error: 88.915927, col error: 0.000000
Starting Iterative Proportional Fitting (IPF)...
Starting Iterative Proportional Fitting (IPF)...
IPF converged at iteration 33
IPF row error: 88.915927, col error: 0.000000
Starting Iterative Proportional Fitting (IPF)...
IPF converged at iteration 33
IPF row error: 88.915927, col error: 0.000000
Starting Iterative Proportional Fitting (IPF)...
IPF converged at iteration 33
IPF row error: 88.915927, col error: 0.000000
IPF converged at iteration 33
IPF row error: 88.915927, col error: 0.000000
Starting Iterative Proportional Fitting (IPF)...
Starting Iterative Proportional Fitting (IPF)...
IPF converged at iteration 33
IPF row error: 88.915927, col error: 0.000000
  [2023/test] 진행 180/1750 (10.3%) | 누적 CPC 0.6487 | RMSE 250.2606 | %RMSE 5.2896 | 경과 2.0분 | 예상 남음 17.5분
Starting Iterative Proportional Fitting (IPF)...
IPF converged at iteration 33
IPF row error: 88.915927, col error: 0.000000
Starting Iterative Proportional Fitting (IPF)...
IPF converged at iteration 33
IPF row error: 88.915927, col error: 0.000000
IPF converged at iteration 33
IPF row error: 88.915927, col error: 0.000000
Starting Iterative Proportional Fitting (IPF)...
Starting Iterative Proportional Fitting (IPF)...
IPF converged at iteration 33
IPF row error: 88.915927, col error: 0.000000
Starting Iterative Proportional Fitting (IPF)...
IPF converged at iteration 33
IPF row error: 88.915927, col error: 0.000000
Starting Iterative Proportional Fitting (IPF)...
IPF converged at iteration 33
IPF row error: 88.915927, col error: 0.000000
IPF converged at iteration 33
IPF row error: 88.915927, col error: 0.000000
Starting Iterative Proportional Fitting (IPF)...
Starting Iterative Proportional Fitting (IPF)...
IPF converged at iteration 33
IPF row error: 88.915927, col error: 0.000000
Starting Iterative Proportional Fitting (IPF)...
IPF converged at iteration 33
IPF row error: 88.915927, col error: 0.000000
Starting Iterative Proportional Fitting (IPF)...
IPF converged at iteration 33
IPF row error: 88.915927, col error: 0.000000
IPF converged at iteration 33
IPF row error: 88.915927, col error: 0.000000
Starting Iterative Proportional Fitting (IPF)...
Starting Iterative Proportional Fitting (IPF)...
IPF converged at iteration 33
IPF row error: 88.915927, col error: 0.000000
Starting Iterative Proportional Fitting (IPF)...
IPF converged at iteration 33
IPF row error: 88.915927, col error: 0.000000
Starting Iterative Proportional Fitting (IPF)...
IPF converged at iteration 33
IPF row error: 88.915927, col error: 0.000000
IPF converged at iteration 33
IPF row error: 88.915927, col error: 0.000000
Starting Iterative Proportional Fitting (IPF)...
Starting Iterative Proportional Fitting (IPF)...
IPF converged at iteration 33
IPF row error: 88.915927, col error: 0.000000
Starting Iterative Proportional Fitting (IPF)...
IPF converged at iteration 33
IPF row error: 88.915927, col error: 0.000000
Starting Iterative Proportional Fitting (IPF)...
IPF converged at iteration 33
IPF row error: 88.915927, col error: 0.000000
IPF converged at iteration 33
IPF row error: 88.915927, col error: 0.000000
Starting Iterative Proportional Fitting (IPF)...
Starting Iterative Proportional Fitting (IPF)...
IPF converged at iteration 33
IPF row error: 88.915927, col error: 0.000000
Starting Iterative Proportional Fitting (IPF)...
IPF converged at iteration 33
IPF row error: 88.889303, col error: 0.000000
Starting Iterative Proportional Fitting (IPF)...
IPF converged at iteration 33
IPF row error: 88.889303, col error: 0.000000
IPF converged at iteration 33
IPF row error: 88.889303, col error: 0.000000
Starting Iterative Proportional Fitting (IPF)...
Starting Iterative Proportional Fitting (IPF)...
IPF converged at iteration 33
IPF row error: 88.889303, col error: 0.000000
Starting Iterative Proportional Fitting (IPF)...
IPF converged at iteration 33
IPF row error: 88.889303, col error: 0.000000
Starting Iterative Proportional Fitting (IPF)...
IPF converged at iteration 33
IPF converged at iteration 33
IPF row error: 88.889303, col error: 0.000000
IPF row error: 88.889303, col error: 0.000000
Starting Iterative Proportional Fitting (IPF)...
Starting Iterative Proportional Fitting (IPF)...
IPF converged at iteration 33
IPF row error: 88.889303, col error: 0.000000
Starting Iterative Proportional Fitting (IPF)...
IPF converged at iteration 33
IPF row error: 88.889303, col error: 0.000000
Starting Iterative Proportional Fitting (IPF)...
IPF converged at iteration 33
IPF row error: 88.889303, col error: 0.000000
  [2023/test] 진행 210/1750 (12.0%) | 누적 CPC 0.6264 | RMSE 243.5460 | %RMSE 5.4533 | 경과 2.4분 | 예상 남음 17.7분
IPF converged at iteration 33
IPF row error: 88.889303, col error: 0.000000
Starting Iterative Proportional Fitting (IPF)...
Starting Iterative Proportional Fitting (IPF)...
IPF converged at iteration 33
IPF row error: 88.889303, col error: 0.000000
Starting Iterative Proportional Fitting (IPF)...
IPF converged at iteration 33
IPF row error: 88.889303, col error: 0.000000
Starting Iterative Proportional Fitting (IPF)...
IPF converged at iteration 33
IPF row error: 88.889303, col error: 0.000000
IPF converged at iteration 33
IPF row error: 88.889303, col error: 0.000000
Starting Iterative Proportional Fitting (IPF)...
Starting Iterative Proportional Fitting (IPF)...
IPF converged at iteration 33
IPF row error: 88.889303, col error: 0.000000
Starting Iterative Proportional Fitting (IPF)...
IPF converged at iteration 33
IPF row error: 88.889303, col error: 0.000000
Starting Iterative Proportional Fitting (IPF)...
IPF converged at iteration 33
IPF row error: 88.889303, col error: 0.000000
IPF converged at iteration 33
IPF row error: 88.889303, col error: 0.000000
Starting Iterative Proportional Fitting (IPF)...
IPF converged at iteration 33
Starting Iterative Proportional Fitting (IPF)...
IPF row error: 88.889303, col error: 0.000000
Starting Iterative Proportional Fitting (IPF)...
IPF converged at iteration 33
IPF row error: 88.889303, col error: 0.000000
Starting Iterative Proportional Fitting (IPF)...
IPF converged at iteration 33
IPF row error: 88.889303, col error: 0.000000
IPF converged at iteration 33
IPF row error: 88.889303, col error: 0.000000
Starting Iterative Proportional Fitting (IPF)...
IPF converged at iteration 33
Starting Iterative Proportional Fitting (IPF)...
IPF row error: 88.889303, col error: 0.000000
Starting Iterative Proportional Fitting (IPF)...
IPF converged at iteration 33
IPF row error: 88.889303, col error: 0.000000
Starting Iterative Proportional Fitting (IPF)...
IPF converged at iteration 33
IPF row error: 88.889303, col error: 0.000000
IPF converged at iteration 33
IPF row error: 88.889303, col error: 0.000000
Starting Iterative Proportional Fitting (IPF)...
IPF converged at iteration 33Starting Iterative Proportional Fitting (IPF)...

IPF row error: 88.889303, col error: 0.000000
Starting Iterative Proportional Fitting (IPF)...
IPF converged at iteration 33
IPF row error: 88.889303, col error: 0.000000
Starting Iterative Proportional Fitting (IPF)...
IPF converged at iteration 33
IPF row error: 88.889303, col error: 0.000000
IPF converged at iteration 33
IPF row error: 88.889303, col error: 0.000000
Starting Iterative Proportional Fitting (IPF)...
Starting Iterative Proportional Fitting (IPF)...
IPF converged at iteration 33
IPF row error: 88.889303, col error: 0.000000
Starting Iterative Proportional Fitting (IPF)...
IPF converged at iteration 33
IPF row error: 88.889303, col error: 0.000000
IPF converged at iteration 33Starting Iterative Proportional Fitting (IPF)...

IPF row error: 88.889303, col error: 0.000000
IPF converged at iteration 33
IPF row error: 88.889303, col error: 0.000000
Starting Iterative Proportional Fitting (IPF)...
Starting Iterative Proportional Fitting (IPF)...
IPF converged at iteration 33
IPF row error: 88.889303, col error: 0.000000
Starting Iterative Proportional Fitting (IPF)...
IPF converged at iteration 33
IPF row error: 88.889303, col error: 0.000000
IPF converged at iteration 33
Starting Iterative Proportional Fitting (IPF)...
IPF row error: 88.889303, col error: 0.000000
IPF converged at iteration 33
IPF row error: 88.889303, col error: 0.000000
Starting Iterative Proportional Fitting (IPF)...
Starting Iterative Proportional Fitting (IPF)...
IPF converged at iteration 33
IPF row error: 88.889303, col error: 0.000000
  [2023/test] 진행 240/1750 (13.7%) | 누적 CPC 0.6290 | RMSE 238.6120 | %RMSE 5.4188 | 경과 2.7분 | 예상 남음 17.3분
Starting Iterative Proportional Fitting (IPF)...
IPF converged at iteration 33
IPF row error: 88.889303, col error: 0.000000
Starting Iterative Proportional Fitting (IPF)...
IPF converged at iteration 33
IPF row error: 88.889303, col error: 0.000000
IPF converged at iteration 33
IPF row error: 88.889303, col error: 0.000000
Starting Iterative Proportional Fitting (IPF)...
Starting Iterative Proportional Fitting (IPF)...
IPF converged at iteration 33
IPF row error: 88.889303, col error: 0.000000
Starting Iterative Proportional Fitting (IPF)...
IPF converged at iteration 33
IPF row error: 88.889303, col error: 0.000000
IPF converged at iteration 33
Starting Iterative Proportional Fitting (IPF)...
IPF row error: 88.889303, col error: 0.000000
IPF converged at iteration 33
IPF row error: 88.889303, col error: 0.000000
Starting Iterative Proportional Fitting (IPF)...
Starting Iterative Proportional Fitting (IPF)...
IPF converged at iteration 33
IPF row error: 88.889303, col error: 0.000000
Starting Iterative Proportional Fitting (IPF)...
IPF converged at iteration 33
IPF row error: 88.889303, col error: 0.000000
IPF converged at iteration 33
IPF row error: 88.889303, col error: 0.000000
Starting Iterative Proportional Fitting (IPF)...
IPF converged at iteration 33
IPF row error: 89.023476, col error: 0.000000
Starting Iterative Proportional Fitting (IPF)...
Starting Iterative Proportional Fitting (IPF)...
IPF converged at iteration 33
IPF row error: 89.023476, col error: 0.000000
Starting Iterative Proportional Fitting (IPF)...
IPF converged at iteration 33
IPF row error: 89.023476, col error: 0.000000
IPF converged at iteration 33
IPF row error: 89.023476, col error: 0.000000
Starting Iterative Proportional Fitting (IPF)...
IPF converged at iteration 33
IPF row error: 89.023476, col error: 0.000000
Starting Iterative Proportional Fitting (IPF)...
Starting Iterative Proportional Fitting (IPF)...
IPF converged at iteration 33
IPF row error: 89.023476, col error: 0.000000
Starting Iterative Proportional Fitting (IPF)...
IPF converged at iteration 33
IPF row error: 89.023476, col error: 0.000000
IPF converged at iteration 33
Starting Iterative Proportional Fitting (IPF)...
IPF row error: 89.023476, col error: 0.000000
IPF converged at iteration 33
IPF row error: 89.023476, col error: 0.000000
Starting Iterative Proportional Fitting (IPF)...
Starting Iterative Proportional Fitting (IPF)...
IPF converged at iteration 33
IPF row error: 89.023476, col error: 0.000000
Starting Iterative Proportional Fitting (IPF)...
IPF converged at iteration 33
IPF row error: 89.023476, col error: 0.000000
IPF converged at iteration 33
Starting Iterative Proportional Fitting (IPF)...
IPF row error: 89.023476, col error: 0.000000
IPF converged at iteration 33
IPF row error: 89.023476, col error: 0.000000
Starting Iterative Proportional Fitting (IPF)...
Starting Iterative Proportional Fitting (IPF)...
IPF converged at iteration 33
IPF row error: 89.023476, col error: 0.000000
Starting Iterative Proportional Fitting (IPF)...
IPF converged at iteration 33
IPF row error: 89.023476, col error: 0.000000
Starting Iterative Proportional Fitting (IPF)...
IPF converged at iteration 33
IPF row error: 89.023476, col error: 0.000000
IPF converged at iteration 33
IPF row error: 89.023476, col error: 0.000000
Starting Iterative Proportional Fitting (IPF)...
Starting Iterative Proportional Fitting (IPF)...
IPF converged at iteration 33
IPF row error: 89.023476, col error: 0.000000
Starting Iterative Proportional Fitting (IPF)...
IPF converged at iteration 33
IPF row error: 89.023476, col error: 0.000000
Starting Iterative Proportional Fitting (IPF)...
IPF converged at iteration 33
IPF row error: 89.023476, col error: 0.000000IPF converged at iteration 33

  [2023/test] 진행 270/1750 (15.4%) | 누적 CPC 0.6260 | RMSE 250.8522 | %RMSE 5.6224 | 경과 3.1분 | 예상 남음 17.0분
IPF row error: 89.023476, col error: 0.000000
Starting Iterative Proportional Fitting (IPF)...
Starting Iterative Proportional Fitting (IPF)...
IPF converged at iteration 33
IPF row error: 89.023476, col error: 0.000000
Starting Iterative Proportional Fitting (IPF)...
IPF converged at iteration 33
IPF row error: 89.023476, col error: 0.000000
Starting Iterative Proportional Fitting (IPF)...
IPF converged at iteration 33
IPF row error: 89.023476, col error: 0.000000
IPF converged at iteration 33
IPF row error: 89.023476, col error: 0.000000
Starting Iterative Proportional Fitting (IPF)...
Starting Iterative Proportional Fitting (IPF)...
IPF converged at iteration 33
IPF row error: 89.023476, col error: 0.000000
Starting Iterative Proportional Fitting (IPF)...
IPF converged at iteration 33
IPF row error: 89.023476, col error: 0.000000
Starting Iterative Proportional Fitting (IPF)...
IPF converged at iteration 33
IPF row error: 89.023476, col error: 0.000000
IPF converged at iteration 33
IPF row error: 89.023476, col error: 0.000000
Starting Iterative Proportional Fitting (IPF)...
Starting Iterative Proportional Fitting (IPF)...
IPF converged at iteration 33
IPF row error: 89.023476, col error: 0.000000
Starting Iterative Proportional Fitting (IPF)...
IPF converged at iteration 33
IPF row error: 89.023476, col error: 0.000000
Starting Iterative Proportional Fitting (IPF)...
IPF converged at iteration 33
IPF row error: 89.023476, col error: 0.000000
IPF converged at iteration 33
IPF row error: 89.023476, col error: 0.000000
Starting Iterative Proportional Fitting (IPF)...
Starting Iterative Proportional Fitting (IPF)...
IPF converged at iteration 33
IPF row error: 89.023476, col error: 0.000000
Starting Iterative Proportional Fitting (IPF)...
IPF converged at iteration 33
IPF row error: 89.023476, col error: 0.000000
Starting Iterative Proportional Fitting (IPF)...
IPF converged at iteration 33
IPF row error: 89.023476, col error: 0.000000
IPF converged at iteration 33
IPF row error: 89.023476, col error: 0.000000
Starting Iterative Proportional Fitting (IPF)...
Starting Iterative Proportional Fitting (IPF)...
IPF converged at iteration 33
IPF row error: 89.023476, col error: 0.000000
Starting Iterative Proportional Fitting (IPF)...
IPF converged at iteration 33
IPF row error: 89.023476, col error: 0.000000
Starting Iterative Proportional Fitting (IPF)...
IPF converged at iteration 33
IPF row error: 89.023476, col error: 0.000000
IPF converged at iteration 33
IPF row error: 89.023476, col error: 0.000000
Starting Iterative Proportional Fitting (IPF)...
Starting Iterative Proportional Fitting (IPF)...
IPF converged at iteration 33
IPF row error: 89.023476, col error: 0.000000
Starting Iterative Proportional Fitting (IPF)...
IPF converged at iteration 33
IPF row error: 89.023476, col error: 0.000000
Starting Iterative Proportional Fitting (IPF)...
IPF converged at iteration 33
IPF row error: 89.023476, col error: 0.000000
IPF converged at iteration 33
IPF row error: 89.023476, col error: 0.000000
Starting Iterative Proportional Fitting (IPF)...
Starting Iterative Proportional Fitting (IPF)...
IPF converged at iteration 33
IPF row error: 89.023476, col error: 0.000000
Starting Iterative Proportional Fitting (IPF)...
IPF converged at iteration 33
IPF row error: 89.023476, col error: 0.000000
IPF converged at iteration 33
Starting Iterative Proportional Fitting (IPF)...
IPF row error: 89.023476, col error: 0.000000
IPF converged at iteration 33
IPF row error: 89.023476, col error: 0.000000
Starting Iterative Proportional Fitting (IPF)...
Starting Iterative Proportional Fitting (IPF)...
IPF converged at iteration 33
IPF row error: 89.023476, col error: 0.000000
  [2023/test] 진행 300/1750 (17.1%) | 누적 CPC 0.6214 | RMSE 267.8793 | %RMSE 5.8890 | 경과 3.4분 | 예상 남음 16.5분
Starting Iterative Proportional Fitting (IPF)...
IPF converged at iteration 34
IPF row error: 68.578172, col error: 0.000000
Starting Iterative Proportional Fitting (IPF)...
IPF converged at iteration 34
IPF row error: 68.578172, col error: 0.000000
IPF converged at iteration 34
IPF row error: 68.578172, col error: 0.000000
Starting Iterative Proportional Fitting (IPF)...
Starting Iterative Proportional Fitting (IPF)...
IPF converged at iteration 34
IPF row error: 68.578172, col error: 0.000000
Starting Iterative Proportional Fitting (IPF)...
IPF converged at iteration 34
IPF row error: 68.578172, col error: 0.000000
Starting Iterative Proportional Fitting (IPF)...
IPF converged at iteration 34
IPF row error: 68.578172, col error: 0.000000
IPF converged at iteration 34
IPF row error: 68.578172, col error: 0.000000
Starting Iterative Proportional Fitting (IPF)...
Starting Iterative Proportional Fitting (IPF)...
IPF converged at iteration 34
IPF row error: 68.578172, col error: 0.000000
Starting Iterative Proportional Fitting (IPF)...
IPF converged at iteration 34
IPF row error: 68.578172, col error: 0.000000
IPF converged at iteration 34
Starting Iterative Proportional Fitting (IPF)...
IPF row error: 68.578172, col error: 0.000000
IPF converged at iteration 34
IPF row error: 68.578172, col error: 0.000000
Starting Iterative Proportional Fitting (IPF)...
Starting Iterative Proportional Fitting (IPF)...
IPF converged at iteration 34
IPF row error: 68.578172, col error: 0.000000
Starting Iterative Proportional Fitting (IPF)...
IPF converged at iteration 34
IPF row error: 68.578172, col error: 0.000000
Starting Iterative Proportional Fitting (IPF)...
IPF converged at iteration 34
IPF row error: 68.578172, col error: 0.000000
IPF converged at iteration 34
IPF row error: 68.578172, col error: 0.000000
Starting Iterative Proportional Fitting (IPF)...
Starting Iterative Proportional Fitting (IPF)...
IPF converged at iteration 34
IPF row error: 68.578172, col error: 0.000000
Starting Iterative Proportional Fitting (IPF)...
IPF converged at iteration 34
IPF row error: 68.578172, col error: 0.000000
Starting Iterative Proportional Fitting (IPF)...
IPF converged at iteration 34
IPF row error: 68.578172, col error: 0.000000
IPF converged at iteration 34
IPF row error: 68.578172, col error: 0.000000
Starting Iterative Proportional Fitting (IPF)...
Starting Iterative Proportional Fitting (IPF)...
IPF converged at iteration 34
IPF row error: 68.578172, col error: 0.000000
Starting Iterative Proportional Fitting (IPF)...
IPF converged at iteration 34
IPF row error: 68.578172, col error: 0.000000
IPF converged at iteration 34
Starting Iterative Proportional Fitting (IPF)...
IPF row error: 68.578172, col error: 0.000000
IPF converged at iteration 34
Starting Iterative Proportional Fitting (IPF)...
IPF row error: 68.578172, col error: 0.000000
Starting Iterative Proportional Fitting (IPF)...
IPF converged at iteration 34
IPF row error: 68.578172, col error: 0.000000
Starting Iterative Proportional Fitting (IPF)...
IPF converged at iteration 34
IPF row error: 68.578172, col error: 0.000000
IPF converged at iteration 34
Starting Iterative Proportional Fitting (IPF)...
IPF row error: 68.578172, col error: 0.000000
IPF converged at iteration 34
Starting Iterative Proportional Fitting (IPF)...
IPF row error: 68.578172, col error: 0.000000
Starting Iterative Proportional Fitting (IPF)...
IPF converged at iteration 34
IPF row error: 68.578172, col error: 0.000000
Starting Iterative Proportional Fitting (IPF)...
IPF converged at iteration 34
IPF row error: 68.578172, col error: 0.000000
Starting Iterative Proportional Fitting (IPF)...
IPF converged at iteration 34
IPF row error: 68.578172, col error: 0.000000
  [2023/test] 진행 330/1750 (18.9%) | 누적 CPC 0.6176 | RMSE 352.0724 | %RMSE 6.7776 | 경과 3.8분 | 예상 남음 16.2분
Starting Iterative Proportional Fitting (IPF)...
IPF converged at iteration 34
IPF row error: 68.578172, col error: 0.000000
Starting Iterative Proportional Fitting (IPF)...
IPF converged at iteration 34
IPF row error: 68.578172, col error: 0.000000
Starting Iterative Proportional Fitting (IPF)...
IPF converged at iteration 34
IPF row error: 68.578172, col error: 0.000000
Starting Iterative Proportional Fitting (IPF)...
IPF converged at iteration 34
IPF row error: 68.578172, col error: 0.000000
Starting Iterative Proportional Fitting (IPF)...
IPF converged at iteration 34
IPF row error: 68.578172, col error: 0.000000
IPF converged at iteration 34
Starting Iterative Proportional Fitting (IPF)...
IPF row error: 68.578172, col error: 0.000000
Starting Iterative Proportional Fitting (IPF)...
IPF converged at iteration 34
IPF row error: 68.578172, col error: 0.000000
Starting Iterative Proportional Fitting (IPF)...
IPF converged at iteration 34
IPF row error: 68.578172, col error: 0.000000
Starting Iterative Proportional Fitting (IPF)...
IPF converged at iteration 34
IPF row error: 68.578172, col error: 0.000000
Starting Iterative Proportional Fitting (IPF)...
IPF converged at iteration 34
IPF row error: 68.578172, col error: 0.000000
Starting Iterative Proportional Fitting (IPF)...
IPF converged at iteration 34
IPF row error: 68.578172, col error: 0.000000
Starting Iterative Proportional Fitting (IPF)...
IPF converged at iteration 34
IPF row error: 68.578172, col error: 0.000000
Starting Iterative Proportional Fitting (IPF)...
IPF converged at iteration 34
IPF row error: 68.578172, col error: 0.000000
Starting Iterative Proportional Fitting (IPF)...
IPF converged at iteration 34
IPF row error: 68.578172, col error: 0.000000
Starting Iterative Proportional Fitting (IPF)...
IPF converged at iteration 34
IPF row error: 68.578172, col error: 0.000000
Starting Iterative Proportional Fitting (IPF)...
IPF converged at iteration 34
IPF row error: 68.578172, col error: 0.000000
Starting Iterative Proportional Fitting (IPF)...
IPF converged at iteration 34
IPF row error: 68.578172, col error: 0.000000
Starting Iterative Proportional Fitting (IPF)...
IPF converged at iteration 34
IPF row error: 68.578172, col error: 0.000000
Starting Iterative Proportional Fitting (IPF)...
IPF converged at iteration 34
IPF row error: 68.578172, col error: 0.000000
Starting Iterative Proportional Fitting (IPF)...
IPF converged at iteration 34
IPF row error: 68.578172, col error: 0.000000
IPF converged at iteration 31
IPF row error: 125.863643, col error: 0.000000
Starting Iterative Proportional Fitting (IPF)...
IPF converged at iteration 30
Starting Iterative Proportional Fitting (IPF)...
IPF row error: 156.268791, col error: 0.000000
Starting Iterative Proportional Fitting (IPF)...
IPF converged at iteration 31
IPF row error: 130.949693, col error: 0.000000
Starting Iterative Proportional Fitting (IPF)...
IPF converged at iteration 33
IPF row error: 89.232218, col error: 0.000000
IPF converged at iteration 33
IPF row error: 91.418745, col error: 0.000000
Starting Iterative Proportional Fitting (IPF)...
IPF converged at iteration 33
Starting Iterative Proportional Fitting (IPF)...
IPF row error: 89.232218, col error: 0.000000
Starting Iterative Proportional Fitting (IPF)...
IPF converged at iteration 33
IPF row error: 89.232218, col error: 0.000000
Starting Iterative Proportional Fitting (IPF)...
IPF converged at iteration 31
IPF row error: 161.161666, col error: 0.000000
Starting Iterative Proportional Fitting (IPF)...
IPF converged at iteration 35
IPF row error: 56.843643, col error: 0.000000
IPF converged at iteration 34
IPF row error: 82.945826, col error: 0.000000
  [2023/test] 진행 360/1750 (20.6%) | 누적 CPC 0.6187 | RMSE 396.0500 | %RMSE 7.1815 | 경과 4.1분 | 예상 남음 15.8분
Starting Iterative Proportional Fitting (IPF)...
Starting Iterative Proportional Fitting (IPF)...
IPF converged at iteration 33
IPF row error: 89.232218, col error: 0.000000
Starting Iterative Proportional Fitting (IPF)...
IPF converged at iteration 35
IPF converged at iteration 30
IPF row error: 50.867656, col error: 0.000000
IPF row error: 167.849770, col error: 0.000000
Starting Iterative Proportional Fitting (IPF)...
Starting Iterative Proportional Fitting (IPF)...
IPF converged at iteration 34
IPF row error: 77.064466, col error: 0.000000
Starting Iterative Proportional Fitting (IPF)...
IPF converged at iteration 34
IPF row error: 74.113729, col error: 0.000000
IPF converged at iteration 32
Starting Iterative Proportional Fitting (IPF)...
IPF row error: 88.253666, col error: 0.000000
IPF converged at iteration 34
Starting Iterative Proportional Fitting (IPF)...
IPF row error: 70.561925, col error: 0.000000
Starting Iterative Proportional Fitting (IPF)...
IPF converged at iteration 29
IPF row error: 187.384886, col error: 0.000000
Starting Iterative Proportional Fitting (IPF)...
IPF converged at iteration 58
IPF row error: 1.217381, col error: 0.000000
IPF converged at iteration 32
IPF row error: 131.230774, col error: 0.000000
Starting Iterative Proportional Fitting (IPF)...
IPF converged at iteration 31
IPF row error: 155.381078, col error: 0.000000
Starting Iterative Proportional Fitting (IPF)...
Starting Iterative Proportional Fitting (IPF)...
IPF converged at iteration 33
IPF row error: 95.599389, col error: 0.000000
Starting Iterative Proportional Fitting (IPF)...
IPF converged at iteration 33
IPF converged at iteration 34
IPF row error: 89.232218, col error: 0.000000
IPF row error: 79.709559, col error: 0.000000
IPF converged at iteration 33
Starting Iterative Proportional Fitting (IPF)...
IPF row error: 89.232218, col error: 0.000000
Starting Iterative Proportional Fitting (IPF)...
Starting Iterative Proportional Fitting (IPF)...
IPF converged at iteration 31
IPF row error: 165.078427, col error: 0.000000
Starting Iterative Proportional Fitting (IPF)...
IPF converged at iteration 33
IPF converged at iteration 33
IPF row error: 89.232218, col error: 0.000000
IPF row error: 90.440326, col error: 0.000000
IPF converged at iteration 33
IPF row error: 89.232218, col error: 0.000000
Starting Iterative Proportional Fitting (IPF)...
Starting Iterative Proportional Fitting (IPF)...
Starting Iterative Proportional Fitting (IPF)...
IPF converged at iteration 30
IPF row error: 157.286598, col error: 0.000000
Starting Iterative Proportional Fitting (IPF)...
IPF converged at iteration 32
IPF converged at iteration 33
IPF row error: 113.995804, col error: 0.000000
IPF row error: 89.232218, col error: 0.000000
Starting Iterative Proportional Fitting (IPF)...
IPF converged at iteration 33
Starting Iterative Proportional Fitting (IPF)...
IPF row error: 89.232218, col error: 0.000000
Starting Iterative Proportional Fitting (IPF)...
IPF converged at iteration 33
IPF row error: 89.232218, col error: 0.000000
Starting Iterative Proportional Fitting (IPF)...
IPF converged at iteration 33
IPF row error: 89.232218, col error: 0.000000
IPF converged at iteration 33
IPF row error: 88.277191, col error: 0.000000
IPF converged at iteration 32
IPF row error: 101.845996, col error: 0.000000
Starting Iterative Proportional Fitting (IPF)...
Starting Iterative Proportional Fitting (IPF)...
Starting Iterative Proportional Fitting (IPF)...
IPF converged at iteration 33
IPF row error: 89.232218, col error: 0.000000
Starting Iterative Proportional Fitting (IPF)...
IPF converged at iteration 33
IPF row error: 89.232218, col error: 0.000000
IPF converged at iteration 33
IPF row error: 89.232218, col error: 0.000000
  [2023/test] 진행 390/1750 (22.3%) | 누적 CPC 0.6275 | RMSE 385.8934 | %RMSE 6.9174 | 경과 4.4분 | 예상 남음 15.5분
IPF converged at iteration 33
IPF row error: 99.781739, col error: 0.000000
Starting Iterative Proportional Fitting (IPF)...
Starting Iterative Proportional Fitting (IPF)...
Starting Iterative Proportional Fitting (IPF)...
IPF converged at iteration 34
IPF row error: 83.879696, col error: 0.000000
IPF converged at iteration 28
Starting Iterative Proportional Fitting (IPF)...
IPF row error: 210.948297, col error: 0.000000
Starting Iterative Proportional Fitting (IPF)...
IPF converged at iteration 33
IPF row error: 89.232218, col error: 0.000000
IPF converged at iteration 33
IPF row error: 89.232218, col error: 0.000000
Starting Iterative Proportional Fitting (IPF)...
Starting Iterative Proportional Fitting (IPF)...
IPF converged at iteration 16
IPF row error: 38.697863, col error: 0.000000
Starting Iterative Proportional Fitting (IPF)...
IPF converged at iteration 33
IPF row error: 120.449270, col error: 0.000000
Starting Iterative Proportional Fitting (IPF)...
IPF converged at iteration 33
IPF row error: 89.232218, col error: 0.000000
IPF converged at iteration 33
IPF row error: 89.232218, col error: 0.000000
Starting Iterative Proportional Fitting (IPF)...
Starting Iterative Proportional Fitting (IPF)...
IPF converged at iteration 33
IPF row error: 89.232218, col error: 0.000000
Starting Iterative Proportional Fitting (IPF)...
IPF converged at iteration 34
IPF row error: 86.873564, col error: 0.000000
Starting Iterative Proportional Fitting (IPF)...
IPF converged at iteration 33
IPF row error: 88.998741, col error: 0.000000
IPF converged at iteration 39
Starting Iterative Proportional Fitting (IPF)...
IPF row error: 22.184634, col error: 0.000000
IPF converged at iteration 33
IPF row error: 88.998741, col error: 0.000000
Starting Iterative Proportional Fitting (IPF)...
Starting Iterative Proportional Fitting (IPF)...
IPF converged at iteration 33
IPF row error: 88.998741, col error: 0.000000
Starting Iterative Proportional Fitting (IPF)...
IPF converged at iteration 33
IPF row error: 88.998741, col error: 0.000000
IPF converged at iteration 29
IPF row error: 44.174392, col error: 0.000000
Starting Iterative Proportional Fitting (IPF)...
IPF converged at iteration 33
IPF row error: 99.587525, col error: 0.000000
Starting Iterative Proportional Fitting (IPF)...
Starting Iterative Proportional Fitting (IPF)...
IPF converged at iteration 33
IPF row error: 88.998741, col error: 0.000000
Starting Iterative Proportional Fitting (IPF)...
IPF converged at iteration 32
IPF row error: 118.334868, col error: 0.000000
Starting Iterative Proportional Fitting (IPF)...
IPF converged at iteration 33
IPF converged at iteration 34
IPF row error: 88.998741, col error: 0.000000
IPF row error: 75.998997, col error: 0.000000
Starting Iterative Proportional Fitting (IPF)...
Starting Iterative Proportional Fitting (IPF)...
IPF converged at iteration 34
IPF row error: 76.677003, col error: 0.000000
Starting Iterative Proportional Fitting (IPF)...
IPF converged at iteration 33
IPF row error: 88.998741, col error: 0.000000
Starting Iterative Proportional Fitting (IPF)...
IPF converged at iteration 32
IPF row error: 115.338466, col error: 0.000000
IPF converged at iteration 33
IPF row error: 88.998741, col error: 0.000000
Starting Iterative Proportional Fitting (IPF)...
Starting Iterative Proportional Fitting (IPF)...
IPF converged at iteration 33
IPF row error: 90.941022, col error: 0.000000
Starting Iterative Proportional Fitting (IPF)...
IPF converged at iteration 33
IPF row error: 88.998741, col error: 0.000000
Starting Iterative Proportional Fitting (IPF)...
IPF converged at iteration 33
IPF converged at iteration 34
IPF row error: 101.251900, col error: 0.000000
IPF row error: 78.704702, col error: 0.000000
  [2023/test] 진행 420/1750 (24.0%) | 누적 CPC 0.6322 | RMSE 378.0725 | %RMSE 6.7366 | 경과 4.8분 | 예상 남음 15.1분
Starting Iterative Proportional Fitting (IPF)...
Starting Iterative Proportional Fitting (IPF)...
IPF converged at iteration 33
IPF row error: 97.529078, col error: 0.000000
Starting Iterative Proportional Fitting (IPF)...
IPF converged at iteration 33
IPF row error: 88.998741, col error: 0.000000
Starting Iterative Proportional Fitting (IPF)...
IPF converged at iteration 33
IPF row error: 88.998741, col error: 0.000000
Starting Iterative Proportional Fitting (IPF)...
IPF converged at iteration 50
IPF row error: 5.362805, col error: 0.000000
Starting Iterative Proportional Fitting (IPF)...
IPF converged at iteration 32
IPF row error: 101.836987, col error: 0.000000
Starting Iterative Proportional Fitting (IPF)...
IPF converged at iteration 32
IPF row error: 123.185162, col error: 0.000000
Starting Iterative Proportional Fitting (IPF)...
IPF converged at iteration 33
IPF row error: 88.998741, col error: 0.000000
Starting Iterative Proportional Fitting (IPF)...
IPF converged at iteration 32
IPF row error: 118.022686, col error: 0.000000
Starting Iterative Proportional Fitting (IPF)...
IPF converged at iteration 33
IPF row error: 88.998741, col error: 0.000000
Starting Iterative Proportional Fitting (IPF)...
IPF converged at iteration 33
IPF converged at iteration 41
IPF row error: 88.998741, col error: 0.000000
IPF row error: 14.255716, col error: 0.000000
Starting Iterative Proportional Fitting (IPF)...
Starting Iterative Proportional Fitting (IPF)...
IPF converged at iteration 33
IPF row error: 88.998741, col error: 0.000000
Starting Iterative Proportional Fitting (IPF)...
IPF converged at iteration 33
IPF row error: 88.998741, col error: 0.000000
Starting Iterative Proportional Fitting (IPF)...
IPF converged at iteration 32
IPF row error: 127.518283, col error: 0.000000
Starting Iterative Proportional Fitting (IPF)...
IPF converged at iteration 42
IPF row error: 10.876954, col error: 0.000000
Starting Iterative Proportional Fitting (IPF)...
IPF converged at iteration 31
IPF row error: 154.202214, col error: 0.000000
Starting Iterative Proportional Fitting (IPF)...
IPF converged at iteration 33
IPF row error: 88.998741, col error: 0.000000
Starting Iterative Proportional Fitting (IPF)...
IPF converged at iteration 33
IPF row error: 88.998741, col error: 0.000000
Starting Iterative Proportional Fitting (IPF)...
IPF converged at iteration 33
IPF row error: 88.998741, col error: 0.000000
Starting Iterative Proportional Fitting (IPF)...
IPF converged at iteration 33
IPF row error: 88.998741, col error: 0.000000
Starting Iterative Proportional Fitting (IPF)...
IPF converged at iteration 33
IPF row error: 88.998741, col error: 0.000000
Starting Iterative Proportional Fitting (IPF)...
IPF converged at iteration 33
IPF row error: 88.998741, col error: 0.000000
Starting Iterative Proportional Fitting (IPF)...
IPF converged at iteration 33
IPF row error: 88.998741, col error: 0.000000
Starting Iterative Proportional Fitting (IPF)...
IPF converged at iteration 33
IPF row error: 88.998741, col error: 0.000000
Starting Iterative Proportional Fitting (IPF)...
IPF converged at iteration 31
IPF row error: 131.370124, col error: 0.000000
Starting Iterative Proportional Fitting (IPF)...
IPF converged at iteration 34
IPF row error: 75.101007, col error: 0.000000
Starting Iterative Proportional Fitting (IPF)...
IPF converged at iteration 33
IPF row error: 88.998741, col error: 0.000000
Starting Iterative Proportional Fitting (IPF)...
IPF converged at iteration 33
IPF row error: 88.998741, col error: 0.000000
Starting Iterative Proportional Fitting (IPF)...
IPF converged at iteration 31
IPF row error: 162.355860, col error: 0.000000
Starting Iterative Proportional Fitting (IPF)...
IPF converged at iteration 33
IPF row error: 88.998741, col error: 0.000000
  [2023/test] 진행 450/1750 (25.7%) | 누적 CPC 0.6353 | RMSE 371.4872 | %RMSE 6.5976 | 경과 5.1분 | 예상 남음 14.8분
Starting Iterative Proportional Fitting (IPF)...
IPF converged at iteration 33
IPF row error: 89.122968, col error: 0.000000
Starting Iterative Proportional Fitting (IPF)...
IPF converged at iteration 33
IPF row error: 89.122968, col error: 0.000000
Starting Iterative Proportional Fitting (IPF)...
IPF converged at iteration 33
IPF row error: 89.122968, col error: 0.000000
Starting Iterative Proportional Fitting (IPF)...
IPF converged at iteration 33
IPF row error: 89.122968, col error: 0.000000
IPF converged at iteration 32
IPF row error: 105.198162, col error: 0.000000
Starting Iterative Proportional Fitting (IPF)...
Starting Iterative Proportional Fitting (IPF)...
IPF converged at iteration 32
IPF converged at iteration 51
IPF row error: 123.230443, col error: 0.000000
IPF row error: 1.414420, col error: 0.000000
Starting Iterative Proportional Fitting (IPF)...
Starting Iterative Proportional Fitting (IPF)...
IPF converged at iteration 30
IPF row error: 185.758847, col error: 0.000000
Starting Iterative Proportional Fitting (IPF)...
IPF converged at iteration 32
IPF row error: 123.672224, col error: 0.000000
Starting Iterative Proportional Fitting (IPF)...
IPF converged at iteration 33
IPF row error: 89.122968, col error: 0.000000
IPF converged at iteration 33
IPF row error: 89.122968, col error: 0.000000
Starting Iterative Proportional Fitting (IPF)...
Starting Iterative Proportional Fitting (IPF)...
IPF converged at iteration 33
IPF row error: 89.122968, col error: 0.000000
Starting Iterative Proportional Fitting (IPF)...
IPF converged at iteration 33
IPF row error: 89.122968, col error: 0.000000
Starting Iterative Proportional Fitting (IPF)...
IPF converged at iteration 33
IPF row error: 89.122968, col error: 0.000000
IPF converged at iteration 33
IPF row error: 89.122968, col error: 0.000000
Starting Iterative Proportional Fitting (IPF)...
Starting Iterative Proportional Fitting (IPF)...
IPF converged at iteration 33
IPF row error: 89.122968, col error: 0.000000
Starting Iterative Proportional Fitting (IPF)...
IPF converged at iteration 28
IPF row error: 54.324810, col error: 0.000000
IPF converged at iteration 34
IPF row error: 81.223114, col error: 0.000000
Starting Iterative Proportional Fitting (IPF)...
Starting Iterative Proportional Fitting (IPF)...
IPF converged at iteration 33
IPF row error: 89.122968, col error: 0.000000
Starting Iterative Proportional Fitting (IPF)...
IPF converged at iteration 33
IPF row error: 89.122968, col error: 0.000000
IPF converged at iteration 33
IPF row error: 94.533059, col error: 0.000000
Starting Iterative Proportional Fitting (IPF)...
Starting Iterative Proportional Fitting (IPF)...
IPF converged at iteration 33
IPF row error: 89.122968, col error: 0.000000
Starting Iterative Proportional Fitting (IPF)...
IPF converged at iteration 50
IPF row error: 5.248689, col error: 0.000000
Starting Iterative Proportional Fitting (IPF)...
IPF converged at iteration 33
IPF row error: 89.122968, col error: 0.000000
IPF converged at iteration 33
IPF row error: 89.122968, col error: 0.000000
Starting Iterative Proportional Fitting (IPF)...
Starting Iterative Proportional Fitting (IPF)...
IPF converged at iteration 33
IPF row error: 89.122968, col error: 0.000000
Starting Iterative Proportional Fitting (IPF)...
IPF converged at iteration 33
IPF row error: 89.122968, col error: 0.000000
Starting Iterative Proportional Fitting (IPF)...
IPF converged at iteration 38
IPF converged at iteration 33
IPF row error: 29.914696, col error: 0.000000
IPF row error: 89.122968, col error: 0.000000
Starting Iterative Proportional Fitting (IPF)...
Starting Iterative Proportional Fitting (IPF)...
IPF converged at iteration 33
IPF row error: 93.039350, col error: 0.000000
  [2023/test] 진행 480/1750 (27.4%) | 누적 CPC 0.6367 | RMSE 362.3996 | %RMSE 6.5719 | 경과 5.5분 | 예상 남음 14.5분
Starting Iterative Proportional Fitting (IPF)...
IPF converged at iteration 51
IPF row error: 4.754005, col error: 0.000000
Starting Iterative Proportional Fitting (IPF)...
IPF converged at iteration 27
IPF row error: 213.351373, col error: 0.000000
Starting Iterative Proportional Fitting (IPF)...
IPF converged at iteration 31
IPF row error: 136.890861, col error: 0.000000
Starting Iterative Proportional Fitting (IPF)...
IPF converged at iteration 33
IPF row error: 89.122968, col error: 0.000000
Starting Iterative Proportional Fitting (IPF)...
IPF converged at iteration 31
IPF row error: 146.997554, col error: 0.000000
Starting Iterative Proportional Fitting (IPF)...
IPF converged at iteration 28
IPF row error: 207.785828, col error: 0.000000
Starting Iterative Proportional Fitting (IPF)...
IPF converged at iteration 33
IPF row error: 89.122968, col error: 0.000000
Starting Iterative Proportional Fitting (IPF)...
IPF converged at iteration 29
IPF row error: 189.542700, col error: 0.000000
Starting Iterative Proportional Fitting (IPF)...
IPF converged at iteration 33
IPF row error: 89.122968, col error: 0.000000
Starting Iterative Proportional Fitting (IPF)...
IPF converged at iteration 33
IPF row error: 98.357295, col error: 0.000000
Starting Iterative Proportional Fitting (IPF)...
IPF converged at iteration 33
IPF row error: 89.122968, col error: 0.000000
Starting Iterative Proportional Fitting (IPF)...
IPF converged at iteration 33
IPF row error: 89.122968, col error: 0.000000
Starting Iterative Proportional Fitting (IPF)...
IPF converged at iteration 33
IPF row error: 89.122968, col error: 0.000000
Starting Iterative Proportional Fitting (IPF)...
IPF converged at iteration 33
IPF row error: 89.122968, col error: 0.000000
Starting Iterative Proportional Fitting (IPF)...
IPF converged at iteration 33
IPF row error: 89.122968, col error: 0.000000
IPF converged at iteration 30
Starting Iterative Proportional Fitting (IPF)...
IPF row error: 173.259730, col error: 0.000000
Starting Iterative Proportional Fitting (IPF)...
IPF converged at iteration 35
IPF row error: 62.179611, col error: 0.000000
Starting Iterative Proportional Fitting (IPF)...
IPF converged at iteration 33
IPF row error: 89.122968, col error: 0.000000
Starting Iterative Proportional Fitting (IPF)...
IPF converged at iteration 33
IPF row error: 89.122968, col error: 0.000000
IPF converged at iteration 33
IPF row error: 89.122968, col error: 0.000000
Starting Iterative Proportional Fitting (IPF)...
Starting Iterative Proportional Fitting (IPF)...
IPF converged at iteration 33
IPF row error: 88.915927, col error: 0.000000
Starting Iterative Proportional Fitting (IPF)...
IPF converged at iteration 33
IPF row error: 88.915927, col error: 0.000000
Starting Iterative Proportional Fitting (IPF)...
IPF converged at iteration 33
IPF row error: 88.915927, col error: 0.000000
IPF converged at iteration 33
Starting Iterative Proportional Fitting (IPF)...
IPF row error: 88.915927, col error: 0.000000
Starting Iterative Proportional Fitting (IPF)...
IPF converged at iteration 33
IPF row error: 88.915927, col error: 0.000000
Starting Iterative Proportional Fitting (IPF)...
IPF converged at iteration 31
IPF row error: 151.292695, col error: 0.000000
Starting Iterative Proportional Fitting (IPF)...
IPF converged at iteration 29
IPF row error: 179.940813, col error: 0.000000
IPF converged at iteration 34
IPF row error: 61.276512, col error: 0.000000
Starting Iterative Proportional Fitting (IPF)...
Starting Iterative Proportional Fitting (IPF)...
IPF converged at iteration 32
IPF row error: 131.272775, col error: 0.000000
Starting Iterative Proportional Fitting (IPF)...
IPF converged at iteration 33
IPF row error: 88.915927, col error: 0.000000
  [2023/test] 진행 510/1750 (29.1%) | 누적 CPC 0.6330 | RMSE 354.0183 | %RMSE 6.5683 | 경과 5.8분 | 예상 남음 14.1분
Starting Iterative Proportional Fitting (IPF)...
IPF converged at iteration 33
IPF row error: 88.915927, col error: 0.000000
IPF converged at iteration 36
IPF row error: 49.903150, col error: 0.000000
Starting Iterative Proportional Fitting (IPF)...
Starting Iterative Proportional Fitting (IPF)...
IPF converged at iteration 31
IPF row error: 125.468201, col error: 0.000000
Starting Iterative Proportional Fitting (IPF)...
IPF converged at iteration 34
IPF row error: 81.405986, col error: 0.000000
Starting Iterative Proportional Fitting (IPF)...
IPF converged at iteration 33
IPF row error: 93.646542, col error: 0.000000
IPF converged at iteration 34
IPF row error: 74.288273, col error: 0.000000
Starting Iterative Proportional Fitting (IPF)...
Starting Iterative Proportional Fitting (IPF)...
IPF converged at iteration 34
IPF row error: 70.968617, col error: 0.000000
Starting Iterative Proportional Fitting (IPF)...
IPF converged at iteration 33
IPF row error: 88.915927, col error: 0.000000
Starting Iterative Proportional Fitting (IPF)...
IPF converged at iteration 32
IPF row error: 119.141861, col error: 0.000000
IPF converged at iteration 33
Starting Iterative Proportional Fitting (IPF)...
IPF row error: 88.915927, col error: 0.000000
Starting Iterative Proportional Fitting (IPF)...
IPF converged at iteration 33
IPF row error: 94.008282, col error: 0.000000
Starting Iterative Proportional Fitting (IPF)...
IPF converged at iteration 33
IPF row error: 94.330350, col error: 0.000000
Starting Iterative Proportional Fitting (IPF)...
IPF converged at iteration 33
IPF row error: 88.915927, col error: 0.000000
Starting Iterative Proportional Fitting (IPF)...
IPF converged at iteration 33
IPF row error: 89.952079, col error: 0.000000
Starting Iterative Proportional Fitting (IPF)...
IPF converged at iteration 30
IPF row error: 161.769510, col error: 0.000000
Starting Iterative Proportional Fitting (IPF)...
IPF converged at iteration 29
IPF row error: 196.515013, col error: 0.000000
Starting Iterative Proportional Fitting (IPF)...
IPF converged at iteration 33
IPF row error: 88.915927, col error: 0.000000
Starting Iterative Proportional Fitting (IPF)...
IPF converged at iteration 35
IPF row error: 61.479499, col error: 0.000000
Starting Iterative Proportional Fitting (IPF)...
IPF converged at iteration 33
IPF row error: 88.915927, col error: 0.000000
Starting Iterative Proportional Fitting (IPF)...
IPF converged at iteration 33
IPF row error: 88.915927, col error: 0.000000
IPF converged at iteration 52
Starting Iterative Proportional Fitting (IPF)...
IPF row error: 1.375666, col error: 0.000000
IPF converged at iteration 33
IPF row error: 88.915927, col error: 0.000000
Starting Iterative Proportional Fitting (IPF)...
Starting Iterative Proportional Fitting (IPF)...
IPF converged at iteration 34
IPF row error: 99.903021, col error: 0.000000
Starting Iterative Proportional Fitting (IPF)...
IPF converged at iteration 33
IPF row error: 88.915927, col error: 0.000000
Starting Iterative Proportional Fitting (IPF)...
IPF converged at iteration 35
IPF row error: 60.102174, col error: 0.000000
IPF converged at iteration 33
IPF row error: 88.915927, col error: 0.000000
Starting Iterative Proportional Fitting (IPF)...
Starting Iterative Proportional Fitting (IPF)...
IPF converged at iteration 33
IPF row error: 88.915927, col error: 0.000000
Starting Iterative Proportional Fitting (IPF)...
IPF converged at iteration 33
IPF row error: 88.915927, col error: 0.000000
IPF converged at iteration 29
IPF row error: 206.385865, col error: 0.000000
Starting Iterative Proportional Fitting (IPF)...
IPF converged at iteration 31
Starting Iterative Proportional Fitting (IPF)...
IPF row error: 131.427132, col error: 0.000000
  [2023/test] 진행 540/1750 (30.9%) | 누적 CPC 0.6206 | RMSE 345.7180 | %RMSE 6.5962 | 경과 6.1분 | 예상 남음 13.7분
IPF converged at iteration 28
IPF row error: 215.715821, col error: 0.000000
Starting Iterative Proportional Fitting (IPF)...
Starting Iterative Proportional Fitting (IPF)...
IPF converged at iteration 29
IPF row error: 168.644311, col error: 0.000000
Starting Iterative Proportional Fitting (IPF)...
IPF converged at iteration 28
IPF row error: 194.315286, col error: 0.000000
IPF converged at iteration 33
IPF row error: 88.915927, col error: 0.000000
Starting Iterative Proportional Fitting (IPF)...
Starting Iterative Proportional Fitting (IPF)...
IPF converged at iteration 33
IPF row error: 88.915927, col error: 0.000000
Starting Iterative Proportional Fitting (IPF)...
IPF converged at iteration 33
IPF row error: 88.915927, col error: 0.000000
IPF converged at iteration 33
IPF row error: 88.915927, col error: 0.000000
Starting Iterative Proportional Fitting (IPF)...
Starting Iterative Proportional Fitting (IPF)...
IPF converged at iteration 33
IPF row error: 88.915927, col error: 0.000000
Starting Iterative Proportional Fitting (IPF)...
IPF converged at iteration 51
IPF row error: 1.393748, col error: 0.000000
Starting Iterative Proportional Fitting (IPF)...
IPF converged at iteration 33
IPF row error: 88.889303, col error: 0.000000
IPF converged at iteration 33
Starting Iterative Proportional Fitting (IPF)...
IPF row error: 88.889303, col error: 0.000000
Starting Iterative Proportional Fitting (IPF)...
IPF converged at iteration 32
IPF row error: 94.644623, col error: 0.000000
Starting Iterative Proportional Fitting (IPF)...
IPF converged at iteration 60
IPF row error: 1.216295, col error: 0.000000
Starting Iterative Proportional Fitting (IPF)...
IPF converged at iteration 31
IPF row error: 144.935331, col error: 0.000000
Starting Iterative Proportional Fitting (IPF)...
IPF converged at iteration 33
IPF row error: 88.889303, col error: 0.000000
Starting Iterative Proportional Fitting (IPF)...
IPF converged at iteration 32
IPF row error: 110.506920, col error: 0.000000
Starting Iterative Proportional Fitting (IPF)...
IPF converged at iteration 33
IPF row error: 88.889303, col error: 0.000000
Starting Iterative Proportional Fitting (IPF)...
IPF converged at iteration 33
IPF row error: 88.889303, col error: 0.000000
Starting Iterative Proportional Fitting (IPF)...
IPF converged at iteration 33
IPF row error: 88.889303, col error: 0.000000
Starting Iterative Proportional Fitting (IPF)...
IPF converged at iteration 33
IPF row error: 88.889303, col error: 0.000000
Starting Iterative Proportional Fitting (IPF)...
IPF converged at iteration 33
IPF row error: 88.889303, col error: 0.000000
Starting Iterative Proportional Fitting (IPF)...
IPF converged at iteration 33
IPF row error: 88.889303, col error: 0.000000
Starting Iterative Proportional Fitting (IPF)...
IPF converged at iteration 34
IPF row error: 128.255774, col error: 0.000000
Starting Iterative Proportional Fitting (IPF)...
IPF converged at iteration 50
IPF row error: 5.013406, col error: 0.000000
Starting Iterative Proportional Fitting (IPF)...
IPF converged at iteration 33
IPF row error: 88.889303, col error: 0.000000
Starting Iterative Proportional Fitting (IPF)...
IPF converged at iteration 33
IPF row error: 109.106736, col error: 0.000000
Starting Iterative Proportional Fitting (IPF)...
IPF converged at iteration 32
IPF row error: 102.839105, col error: 0.000000
Starting Iterative Proportional Fitting (IPF)...
IPF converged at iteration 33
IPF row error: 88.889303, col error: 0.000000
Starting Iterative Proportional Fitting (IPF)...
IPF converged at iteration 33
IPF row error: 88.889303, col error: 0.000000
Starting Iterative Proportional Fitting (IPF)...
IPF converged at iteration 34
IPF row error: 73.233973, col error: 0.000000
  [2023/test] 진행 570/1750 (32.6%) | 누적 CPC 0.6178 | RMSE 338.2776 | %RMSE 6.5535 | 경과 6.5분 | 예상 남음 13.4분
Starting Iterative Proportional Fitting (IPF)...
IPF converged at iteration 33
IPF row error: 88.889303, col error: 0.000000
Starting Iterative Proportional Fitting (IPF)...
IPF converged at iteration 33
IPF row error: 88.889303, col error: 0.000000
Starting Iterative Proportional Fitting (IPF)...
IPF converged at iteration 35
IPF row error: 65.897967, col error: 0.000000
Starting Iterative Proportional Fitting (IPF)...
IPF converged at iteration 33
IPF row error: 88.889303, col error: 0.000000
Starting Iterative Proportional Fitting (IPF)...
IPF converged at iteration 33
IPF row error: 88.889303, col error: 0.000000
IPF converged at iteration 31
Starting Iterative Proportional Fitting (IPF)...
IPF row error: 129.129002, col error: 0.000000
Starting Iterative Proportional Fitting (IPF)...
IPF converged at iteration 33
IPF row error: 88.889303, col error: 0.000000
Starting Iterative Proportional Fitting (IPF)...
IPF converged at iteration 33
IPF row error: 88.889303, col error: 0.000000
Starting Iterative Proportional Fitting (IPF)...
IPF converged at iteration 32
IPF row error: 119.033595, col error: 0.000000
Starting Iterative Proportional Fitting (IPF)...
IPF converged at iteration 33
IPF row error: 88.889303, col error: 0.000000
Starting Iterative Proportional Fitting (IPF)...
IPF converged at iteration 33
IPF row error: 88.889303, col error: 0.000000
Starting Iterative Proportional Fitting (IPF)...
IPF converged at iteration 33
IPF row error: 88.889303, col error: 0.000000
Starting Iterative Proportional Fitting (IPF)...
IPF converged at iteration 33
IPF row error: 88.889303, col error: 0.000000
Starting Iterative Proportional Fitting (IPF)...
IPF converged at iteration 33
IPF row error: 88.889303, col error: 0.000000
Starting Iterative Proportional Fitting (IPF)...
IPF converged at iteration 32
IPF row error: 118.754384, col error: 0.000000
Starting Iterative Proportional Fitting (IPF)...
IPF converged at iteration 33
IPF row error: 88.889303, col error: 0.000000
IPF converged at iteration 31
IPF row error: 140.497612, col error: 0.000000
Starting Iterative Proportional Fitting (IPF)...
Starting Iterative Proportional Fitting (IPF)...
IPF converged at iteration 33
IPF row error: 88.889303, col error: 0.000000
Starting Iterative Proportional Fitting (IPF)...
IPF converged at iteration 33
IPF row error: 88.889303, col error: 0.000000
Starting Iterative Proportional Fitting (IPF)...
IPF converged at iteration 34
IPF converged at iteration 33
IPF row error: 74.450457, col error: 0.000000
IPF row error: 88.889303, col error: 0.000000
Starting Iterative Proportional Fitting (IPF)...
Starting Iterative Proportional Fitting (IPF)...
IPF converged at iteration 59
IPF converged at iteration 46
IPF row error: 1.306414, col error: 0.000000
IPF row error: 4.423872, col error: 0.000000
IPF converged at iteration 33
Starting Iterative Proportional Fitting (IPF)...
IPF converged at iteration 34
Starting Iterative Proportional Fitting (IPF)...
IPF row error: 88.889303, col error: 0.000000
IPF row error: 78.573552, col error: 0.000000
Starting Iterative Proportional Fitting (IPF)...
Starting Iterative Proportional Fitting (IPF)...
IPF converged at iteration 30
IPF converged at iteration 31
IPF row error: 156.121992, col error: 0.000000
IPF row error: 128.668209, col error: 0.000000
IPF converged at iteration 31
Starting Iterative Proportional Fitting (IPF)...
Starting Iterative Proportional Fitting (IPF)...IPF row error: 130.840713, col error: 0.000000

IPF converged at iteration 33
IPF row error: 88.889303, col error: 0.000000
Starting Iterative Proportional Fitting (IPF)...
Starting Iterative Proportional Fitting (IPF)...
IPF converged at iteration 31
IPF row error: 153.289396, col error: 0.000000
  [2023/test] 진행 600/1750 (34.3%) | 누적 CPC 0.6191 | RMSE 331.8901 | %RMSE 6.4877 | 경과 6.9분 | 예상 남음 13.2분
IPF converged at iteration 33
IPF converged at iteration 30
IPF row error: 91.138334, col error: 0.000000
IPF row error: 169.078622, col error: 0.000000
Starting Iterative Proportional Fitting (IPF)...
Starting Iterative Proportional Fitting (IPF)...
Starting Iterative Proportional Fitting (IPF)...
IPF converged at iteration 33
IPF row error: 89.023476, col error: 0.000000
Starting Iterative Proportional Fitting (IPF)...
IPF converged at iteration 34
IPF converged at iteration 33
IPF row error: 78.051563, col error: 0.000000
IPF converged at iteration 28
IPF row error: 89.023476, col error: 0.000000
IPF converged at iteration 33
IPF row error: 176.734192, col error: 0.000000
IPF row error: 94.200203, col error: 0.000000
Starting Iterative Proportional Fitting (IPF)...
Starting Iterative Proportional Fitting (IPF)...
Starting Iterative Proportional Fitting (IPF)...
Starting Iterative Proportional Fitting (IPF)...
IPF converged at iteration 32
IPF converged at iteration 33
IPF converged at iteration 33
IPF row error: 114.867555, col error: 0.000000
IPF row error: 89.023476, col error: 0.000000
IPF row error: 89.023476, col error: 0.000000
Starting Iterative Proportional Fitting (IPF)...
Starting Iterative Proportional Fitting (IPF)...
Starting Iterative Proportional Fitting (IPF)...
IPF converged at iteration 44
IPF row error: 6.704580, col error: 0.000000
Starting Iterative Proportional Fitting (IPF)...
IPF converged at iteration 33
IPF converged at iteration 32
IPF row error: 89.023476, col error: 0.000000
IPF row error: 180.478431, col error: 0.000000
IPF converged at iteration 35
Starting Iterative Proportional Fitting (IPF)...
IPF row error: 61.332712, col error: 0.000000
Starting Iterative Proportional Fitting (IPF)...
Starting Iterative Proportional Fitting (IPF)...
IPF converged at iteration 33
IPF row error: 95.267999, col error: 0.000000
Starting Iterative Proportional Fitting (IPF)...
IPF converged at iteration 33
IPF converged at iteration 33
IPF row error: 89.023476, col error: 0.000000
IPF row error: 89.023476, col error: 0.000000
IPF converged at iteration 33
Starting Iterative Proportional Fitting (IPF)...
IPF row error: 89.023476, col error: 0.000000
Starting Iterative Proportional Fitting (IPF)...
Starting Iterative Proportional Fitting (IPF)...
IPF converged at iteration 37
IPF row error: 43.340761, col error: 0.000000
Starting Iterative Proportional Fitting (IPF)...
IPF converged at iteration 33
IPF row error: 89.023476, col error: 0.000000
IPF converged at iteration 33
IPF converged at iteration 36
IPF row error: 89.023476, col error: 0.000000
Starting Iterative Proportional Fitting (IPF)...
IPF row error: 49.513982, col error: 0.000000
Starting Iterative Proportional Fitting (IPF)...
Starting Iterative Proportional Fitting (IPF)...
IPF converged at iteration 29
IPF row error: 72.977904, col error: 0.000000
Starting Iterative Proportional Fitting (IPF)...
IPF converged at iteration 33
IPF row error: 87.762275, col error: 0.000000
IPF converged at iteration 33
Starting Iterative Proportional Fitting (IPF)...
IPF row error: 89.023476, col error: 0.000000
Starting Iterative Proportional Fitting (IPF)...
IPF converged at iteration 31
IPF row error: 142.034321, col error: 0.000000
Starting Iterative Proportional Fitting (IPF)...
IPF converged at iteration 51
IPF row error: 1.227558, col error: 0.000000
Starting Iterative Proportional Fitting (IPF)...
IPF converged at iteration 30
IPF row error: 170.189079, col error: 0.000000
Starting Iterative Proportional Fitting (IPF)...
IPF converged at iteration 33
IPF row error: 89.023476, col error: 0.000000
Starting Iterative Proportional Fitting (IPF)...
IPF converged at iteration 48
IPF row error: 3.052627, col error: 0.000000
  [2023/test] 진행 630/1750 (36.0%) | 누적 CPC 0.6173 | RMSE 335.5857 | %RMSE 6.5628 | 경과 7.2분 | 예상 남음 12.8분
Starting Iterative Proportional Fitting (IPF)...
IPF converged at iteration 32
IPF row error: 106.876363, col error: 0.000000
Starting Iterative Proportional Fitting (IPF)...
IPF converged at iteration 30
IPF row error: 215.852841, col error: 0.000000
Starting Iterative Proportional Fitting (IPF)...
IPF converged at iteration 33
IPF row error: 89.023476, col error: 0.000000
Starting Iterative Proportional Fitting (IPF)...
IPF converged at iteration 31
IPF row error: 154.256496, col error: 0.000000
Starting Iterative Proportional Fitting (IPF)...
IPF converged at iteration 33
IPF row error: 89.023476, col error: 0.000000
Starting Iterative Proportional Fitting (IPF)...
IPF converged at iteration 32
IPF row error: 45.569961, col error: 0.000000
Starting Iterative Proportional Fitting (IPF)...
IPF converged at iteration 33
IPF row error: 89.023476, col error: 0.000000
IPF converged at iteration 33
Starting Iterative Proportional Fitting (IPF)...
IPF row error: 89.023476, col error: 0.000000
Starting Iterative Proportional Fitting (IPF)...
IPF converged at iteration 33
IPF row error: 89.023476, col error: 0.000000
Starting Iterative Proportional Fitting (IPF)...
IPF converged at iteration 33
IPF row error: 89.023476, col error: 0.000000
Starting Iterative Proportional Fitting (IPF)...
IPF converged at iteration 28
IPF row error: 181.522148, col error: 0.000000
IPF converged at iteration 33
IPF row error: 89.023476, col error: 0.000000
Starting Iterative Proportional Fitting (IPF)...
Starting Iterative Proportional Fitting (IPF)...
IPF converged at iteration 32
IPF row error: 100.573962, col error: 0.000000
Starting Iterative Proportional Fitting (IPF)...
IPF converged at iteration 52
IPF row error: 1.284277, col error: 0.000000
Starting Iterative Proportional Fitting (IPF)...
IPF converged at iteration 33
IPF row error: 89.023476, col error: 0.000000
Starting Iterative Proportional Fitting (IPF)...
IPF converged at iteration 37
IPF row error: 36.094845, col error: 0.000000
Starting Iterative Proportional Fitting (IPF)...
IPF converged at iteration 33
IPF row error: 89.023476, col error: 0.000000
Starting Iterative Proportional Fitting (IPF)...
IPF converged at iteration 33
IPF row error: 89.023476, col error: 0.000000
Starting Iterative Proportional Fitting (IPF)...
IPF converged at iteration 33
IPF row error: 103.291270, col error: 0.000000
Starting Iterative Proportional Fitting (IPF)...
IPF converged at iteration 33
IPF row error: 99.446125, col error: 0.000000
Starting Iterative Proportional Fitting (IPF)...
IPF converged at iteration 33
IPF row error: 94.140105, col error: 0.000000
Starting Iterative Proportional Fitting (IPF)...
IPF converged at iteration 34
IPF row error: 68.578172, col error: 0.000000
Starting Iterative Proportional Fitting (IPF)...
IPF converged at iteration 33
IPF row error: 78.158149, col error: 0.000000
Starting Iterative Proportional Fitting (IPF)...
IPF converged at iteration 34
IPF row error: 68.578172, col error: 0.000000
Starting Iterative Proportional Fitting (IPF)...
IPF converged at iteration 30
IPF row error: 136.863208, col error: 0.000000
Starting Iterative Proportional Fitting (IPF)...
IPF converged at iteration 34
IPF row error: 68.578172, col error: 0.000000
Starting Iterative Proportional Fitting (IPF)...
IPF converged at iteration 35
IPF row error: 64.998177, col error: 0.000000
Starting Iterative Proportional Fitting (IPF)...
IPF converged at iteration 34
IPF row error: 68.578172, col error: 0.000000
Starting Iterative Proportional Fitting (IPF)...
IPF converged at iteration 34
IPF row error: 68.578172, col error: 0.000000
Starting Iterative Proportional Fitting (IPF)...
IPF converged at iteration 30
IPF row error: 185.933138, col error: 0.000000
  [2023/test] 진행 660/1750 (37.7%) | 누적 CPC 0.6156 | RMSE 348.8969 | %RMSE 6.7199 | 경과 7.5분 | 예상 남음 12.5분
Starting Iterative Proportional Fitting (IPF)...
IPF converged at iteration 30
IPF row error: 147.192170, col error: 0.000000
IPF converged at iteration 45
IPF row error: 6.178486, col error: 0.000000
Starting Iterative Proportional Fitting (IPF)...
Starting Iterative Proportional Fitting (IPF)...
IPF converged at iteration 34
IPF row error: 68.578172, col error: 0.000000
Starting Iterative Proportional Fitting (IPF)...
IPF converged at iteration 30
IPF row error: 213.747621, col error: 0.000000
Starting Iterative Proportional Fitting (IPF)...
IPF converged at iteration 34
IPF converged at iteration 34
IPF row error: 68.578172, col error: 0.000000
IPF row error: 68.578172, col error: 0.000000
Starting Iterative Proportional Fitting (IPF)...
Starting Iterative Proportional Fitting (IPF)...
IPF converged at iteration 31
IPF row error: 121.337922, col error: 0.000000
Starting Iterative Proportional Fitting (IPF)...
IPF converged at iteration 33
IPF row error: 105.258594, col error: 0.000000
Starting Iterative Proportional Fitting (IPF)...
IPF converged at iteration 32
IPF row error: 112.617190, col error: 0.000000
IPF converged at iteration 34
IPF row error: 68.578172, col error: 0.000000
Starting Iterative Proportional Fitting (IPF)...
Starting Iterative Proportional Fitting (IPF)...
IPF converged at iteration 34
IPF row error: 88.007253, col error: 0.000000
Starting Iterative Proportional Fitting (IPF)...
IPF converged at iteration 33
IPF row error: 84.536212, col error: 0.000000
Starting Iterative Proportional Fitting (IPF)...
IPF converged at iteration 31
IPF row error: 131.895494, col error: 0.000000
IPF converged at iteration 34
IPF row error: 68.578172, col error: 0.000000
Starting Iterative Proportional Fitting (IPF)...
Starting Iterative Proportional Fitting (IPF)...
IPF converged at iteration 32
IPF row error: 108.697703, col error: 0.000000
Starting Iterative Proportional Fitting (IPF)...
IPF converged at iteration 34
IPF row error: 68.578172, col error: 0.000000
Starting Iterative Proportional Fitting (IPF)...
IPF converged at iteration 34
IPF converged at iteration 33
IPF row error: 68.578172, col error: 0.000000
IPF row error: 89.364258, col error: 0.000000
Starting Iterative Proportional Fitting (IPF)...
Starting Iterative Proportional Fitting (IPF)...
IPF converged at iteration 48
IPF row error: 3.113311, col error: 0.000000
Starting Iterative Proportional Fitting (IPF)...
IPF converged at iteration 34
IPF row error: 68.578172, col error: 0.000000
Starting Iterative Proportional Fitting (IPF)...
IPF converged at iteration 48
IPF row error: 2.842645, col error: 0.000000
Starting Iterative Proportional Fitting (IPF)...
IPF converged at iteration 60
IPF row error: 1.345593, col error: 0.000000
Starting Iterative Proportional Fitting (IPF)...
IPF converged at iteration 30
IPF row error: 49.927050, col error: 0.000000
Starting Iterative Proportional Fitting (IPF)...
IPF converged at iteration 30
IPF row error: 167.789902, col error: 0.000000
Starting Iterative Proportional Fitting (IPF)...
IPF converged at iteration 34
IPF row error: 77.652775, col error: 0.000000
IPF converged at iteration 43
IPF row error: 9.100812, col error: 0.000000
Starting Iterative Proportional Fitting (IPF)...
IPF converged at iteration 34
IPF row error: 78.147107, col error: 0.000000
Starting Iterative Proportional Fitting (IPF)...
Starting Iterative Proportional Fitting (IPF)...
IPF converged at iteration 38
IPF row error: 29.471913, col error: 0.000000
Starting Iterative Proportional Fitting (IPF)...
IPF converged at iteration 34
IPF row error: 68.578172, col error: 0.000000
IPF converged at iteration 34
IPF row error: 68.578172, col error: 0.000000
Starting Iterative Proportional Fitting (IPF)...
  [2023/test] 진행 690/1750 (39.4%) | 누적 CPC 0.6142 | RMSE 378.6791 | %RMSE 7.0156 | 경과 7.9분 | 예상 남음 12.1분
Starting Iterative Proportional Fitting (IPF)...
IPF converged at iteration 29
IPF row error: 212.184528, col error: 0.000000
Starting Iterative Proportional Fitting (IPF)...
IPF converged at iteration 52
IPF row error: 1.315355, col error: 0.000000
Starting Iterative Proportional Fitting (IPF)...
IPF converged at iteration 30
IPF converged at iteration 34
IPF row error: 180.185736, col error: 0.000000
IPF row error: 68.578172, col error: 0.000000
Starting Iterative Proportional Fitting (IPF)...
Starting Iterative Proportional Fitting (IPF)...
IPF converged at iteration 32
IPF row error: 125.649887, col error: 0.000000
Starting Iterative Proportional Fitting (IPF)...
IPF converged at iteration 34
IPF row error: 68.578172, col error: 0.000000
Starting Iterative Proportional Fitting (IPF)...
IPF converged at iteration 34
IPF row error: 68.578172, col error: 0.000000
IPF converged at iteration 24
Starting Iterative Proportional Fitting (IPF)...
IPF row error: 82.677339, col error: 0.000000
Starting Iterative Proportional Fitting (IPF)...
IPF converged at iteration 34
IPF row error: 68.578172, col error: 0.000000
IPF converged at iteration 59
IPF row error: 1.345054, col error: 0.000000
Starting Iterative Proportional Fitting (IPF)...
Starting Iterative Proportional Fitting (IPF)...
IPF converged at iteration 45
IPF row error: 4.986434, col error: 0.000000
IPF converged at iteration 44
IPF row error: 6.087528, col error: 0.000000
Starting Iterative Proportional Fitting (IPF)...
Starting Iterative Proportional Fitting (IPF)...
IPF converged at iteration 33
IPF row error: 94.899233, col error: 0.000000
Starting Iterative Proportional Fitting (IPF)...
IPF converged at iteration 44
IPF row error: 6.010896, col error: 0.000000
Starting Iterative Proportional Fitting (IPF)...
IPF converged at iteration 34
IPF row error: 77.297464, col error: 0.000000
Starting Iterative Proportional Fitting (IPF)...
IPF converged at iteration 48
IPF row error: 2.402127, col error: 0.000000
Starting Iterative Proportional Fitting (IPF)...
IPF converged at iteration 44
IPF row error: 6.030914, col error: 0.000000
IPF converged at iteration 39
Starting Iterative Proportional Fitting (IPF)...
IPF row error: 22.519394, col error: 0.000000
Starting Iterative Proportional Fitting (IPF)...
IPF converged at iteration 29
IPF row error: 197.053446, col error: 0.000000
Starting Iterative Proportional Fitting (IPF)...
IPF converged at iteration 48
IPF row error: 2.395377, col error: 0.000000
Starting Iterative Proportional Fitting (IPF)...
IPF converged at iteration 44
IPF row error: 6.057917, col error: 0.000000
Starting Iterative Proportional Fitting (IPF)...
IPF converged at iteration 28
IPF row error: 214.438335, col error: 0.000000
IPF converged at iteration 58
IPF row error: 1.200822, col error: 0.000000
Starting Iterative Proportional Fitting (IPF)...
Starting Iterative Proportional Fitting (IPF)...
IPF converged at iteration 44
IPF row error: 6.074468, col error: 0.000000
Starting Iterative Proportional Fitting (IPF)...
IPF converged at iteration 44
IPF row error: 6.114235, col error: 0.000000
Starting Iterative Proportional Fitting (IPF)...
IPF converged at iteration 30
IPF row error: 195.706498, col error: 0.000000
Starting Iterative Proportional Fitting (IPF)...
IPF converged at iteration 44
IPF row error: 6.087528, col error: 0.000000
Starting Iterative Proportional Fitting (IPF)...
IPF converged at iteration 44
IPF row error: 6.056246, col error: 0.000000
Starting Iterative Proportional Fitting (IPF)...
IPF converged at iteration 32
IPF row error: 132.395323, col error: 0.000000
Starting Iterative Proportional Fitting (IPF)...
IPF converged at iteration 44
IPF row error: 6.012503, col error: 0.000000
  [2023/test] 진행 720/1750 (41.1%) | 누적 CPC 0.6046 | RMSE 420.8305 | %RMSE 7.3219 | 경과 8.3분 | 예상 남음 11.9분
Starting Iterative Proportional Fitting (IPF)...
IPF converged at iteration 31
IPF row error: 49.330697, col error: 0.000000
IPF converged at iteration 44
IPF row error: 6.030914, col error: 0.000000
Starting Iterative Proportional Fitting (IPF)...
Starting Iterative Proportional Fitting (IPF)...
IPF converged at iteration 33
IPF row error: 94.688984, col error: 0.000000
Starting Iterative Proportional Fitting (IPF)...
IPF converged at iteration 30
IPF row error: 144.138497, col error: 0.000000
Starting Iterative Proportional Fitting (IPF)...
IPF converged at iteration 48
IPF row error: 2.395377, col error: 0.000000
IPF converged at iteration 31
IPF row error: 150.526374, col error: 0.000000
Starting Iterative Proportional Fitting (IPF)...
Starting Iterative Proportional Fitting (IPF)...
IPF converged at iteration 48
IPF row error: 2.394874, col error: 0.000000
Starting Iterative Proportional Fitting (IPF)...
IPF converged at iteration 30
IPF row error: 175.631814, col error: 0.000000
Starting Iterative Proportional Fitting (IPF)...
IPF converged at iteration 48
IPF row error: 2.401045, col error: 0.000000
Starting Iterative Proportional Fitting (IPF)...
IPF converged at iteration 44
IPF row error: 6.130726, col error: 0.000000
Starting Iterative Proportional Fitting (IPF)...
IPF converged at iteration 44
IPF row error: 6.049604, col error: 0.000000
Starting Iterative Proportional Fitting (IPF)...
IPF converged at iteration 44
IPF row error: 6.051554, col error: 0.000000
Starting Iterative Proportional Fitting (IPF)...
IPF converged at iteration 44
IPF row error: 6.012503, col error: 0.000000
Starting Iterative Proportional Fitting (IPF)...
IPF converged at iteration 44
IPF row error: 6.087528, col error: 0.000000
IPF converged at iteration 32
IPF row error: 119.569150, col error: 0.000000
Starting Iterative Proportional Fitting (IPF)...
Starting Iterative Proportional Fitting (IPF)...
IPF converged at iteration 31
IPF row error: 110.194677, col error: 0.000000
Starting Iterative Proportional Fitting (IPF)...
IPF converged at iteration 30
IPF row error: 160.464998, col error: 0.000000
IPF converged at iteration 44
IPF row error: 6.092177, col error: 0.000000
Starting Iterative Proportional Fitting (IPF)...
Starting Iterative Proportional Fitting (IPF)...
IPF converged at iteration 58
IPF row error: 1.218622, col error: 0.000000
Starting Iterative Proportional Fitting (IPF)...
IPF converged at iteration 44
IPF row error: 6.051554, col error: 0.000000
Starting Iterative Proportional Fitting (IPF)...
IPF converged at iteration 44
IPF row error: 5.965651, col error: 0.000000
IPF converged at iteration 44
IPF row error: 6.010896, col error: 0.000000
Starting Iterative Proportional Fitting (IPF)...
Starting Iterative Proportional Fitting (IPF)...
IPF converged at iteration 44
IPF row error: 6.092177, col error: 0.000000
Starting Iterative Proportional Fitting (IPF)...
IPF converged at iteration 32
IPF row error: 120.639973, col error: 0.000000
IPF converged at iteration 31
IPF row error: 139.555110, col error: 0.000000
Starting Iterative Proportional Fitting (IPF)...
Starting Iterative Proportional Fitting (IPF)...
IPF converged at iteration 44
IPF row error: 6.030914, col error: 0.000000
Starting Iterative Proportional Fitting (IPF)...
IPF converged at iteration 35
IPF row error: 62.140279, col error: 0.000000
Starting Iterative Proportional Fitting (IPF)...
IPF converged at iteration 48
IPF row error: 2.401045, col error: 0.000000
Starting Iterative Proportional Fitting (IPF)...
IPF converged at iteration 44
IPF row error: 6.114235, col error: 0.000000
Starting Iterative Proportional Fitting (IPF)...
IPF converged at iteration 44
IPF row error: 6.039206, col error: 0.000000
  [2023/test] 진행 750/1750 (42.9%) | 누적 CPC 0.5920 | RMSE 467.3302 | %RMSE 7.6307 | 경과 8.7분 | 예상 남음 11.6분
Starting Iterative Proportional Fitting (IPF)...
IPF converged at iteration 29
IPF row error: 188.945742, col error: 0.000000
Starting Iterative Proportional Fitting (IPF)...
IPF converged at iteration 42
IPF row error: 11.253988, col error: 0.000000
IPF converged at iteration 31
IPF row error: 143.199382, col error: 0.000000
Starting Iterative Proportional Fitting (IPF)...
Starting Iterative Proportional Fitting (IPF)...
IPF converged at iteration 48
IPF row error: 2.449831, col error: 0.000000
Starting Iterative Proportional Fitting (IPF)...
IPF converged at iteration 32
IPF row error: 115.373156, col error: 0.000000
Starting Iterative Proportional Fitting (IPF)...
IPF converged at iteration 56
IPF row error: 1.283312, col error: 0.000000
Starting Iterative Proportional Fitting (IPF)...
IPF converged at iteration 48
IPF row error: 2.446243, col error: 0.000000
Starting Iterative Proportional Fitting (IPF)...
IPF converged at iteration 48
IPF row error: 2.452314, col error: 0.000000
Starting Iterative Proportional Fitting (IPF)...
IPF converged at iteration 33
IPF row error: 96.006017, col error: 0.000000
Starting Iterative Proportional Fitting (IPF)...
IPF converged at iteration 48
IPF row error: 2.452037, col error: 0.000000
Starting Iterative Proportional Fitting (IPF)...
IPF converged at iteration 49
IPF row error: 2.326881, col error: 0.000000
IPF converged at iteration 29
Starting Iterative Proportional Fitting (IPF)...
IPF row error: 170.050694, col error: 0.000000
Starting Iterative Proportional Fitting (IPF)...
IPF converged at iteration 48
IPF row error: 2.452037, col error: 0.000000
Starting Iterative Proportional Fitting (IPF)...
IPF converged at iteration 32
IPF row error: 113.019983, col error: 0.000000
Starting Iterative Proportional Fitting (IPF)...
IPF converged at iteration 30
IPF row error: 155.860620, col error: 0.000000
Starting Iterative Proportional Fitting (IPF)...
IPF converged at iteration 33
IPF row error: 153.682705, col error: 0.000000
Starting Iterative Proportional Fitting (IPF)...
IPF converged at iteration 48
IPF row error: 2.456805, col error: 0.000000
Starting Iterative Proportional Fitting (IPF)...
IPF converged at iteration 43
IPF row error: 8.839787, col error: 0.000000
Starting Iterative Proportional Fitting (IPF)...
IPF converged at iteration 48
IPF row error: 2.449831, col error: 0.000000
Starting Iterative Proportional Fitting (IPF)...
IPF converged at iteration 48
IPF row error: 2.450636, col error: 0.000000
IPF converged at iteration 30
IPF row error: 147.802869, col error: 0.000000
Starting Iterative Proportional Fitting (IPF)...
Starting Iterative Proportional Fitting (IPF)...
IPF converged at iteration 48
IPF row error: 2.455046, col error: 0.000000
Starting Iterative Proportional Fitting (IPF)...
IPF converged at iteration 33
IPF row error: 32.575313, col error: 0.000000
IPF converged at iteration 32
IPF row error: 143.340487, col error: 0.000000
Starting Iterative Proportional Fitting (IPF)...
IPF converged at iteration 48
Starting Iterative Proportional Fitting (IPF)...
IPF row error: 2.464601, col error: 0.000000
Starting Iterative Proportional Fitting (IPF)...
IPF converged at iteration 30
IPF row error: 188.824330, col error: 0.000000
Starting Iterative Proportional Fitting (IPF)...
IPF converged at iteration 31
IPF row error: 149.358720, col error: 0.000000
Starting Iterative Proportional Fitting (IPF)...
IPF converged at iteration 48
IPF row error: 2.443439, col error: 0.000000
Starting Iterative Proportional Fitting (IPF)...
IPF converged at iteration 54
IPF row error: 1.334625, col error: 0.000000
Starting Iterative Proportional Fitting (IPF)...
IPF converged at iteration 31
IPF row error: 133.165833, col error: 0.000000
  [2023/test] 진행 780/1750 (44.6%) | 누적 CPC 0.5786 | RMSE 490.1052 | %RMSE 7.8047 | 경과 9.1분 | 예상 남음 11.3분
Starting Iterative Proportional Fitting (IPF)...
IPF converged at iteration 31
IPF row error: 143.194759, col error: 0.000000
Starting Iterative Proportional Fitting (IPF)...
IPF converged at iteration 48
IPF row error: 2.412499, col error: 0.000000
Starting Iterative Proportional Fitting (IPF)...
IPF converged at iteration 30
IPF row error: 61.260169, col error: 0.000000
IPF converged at iteration 44
IPF row error: 6.318462, col error: 0.000000
Starting Iterative Proportional Fitting (IPF)...
Starting Iterative Proportional Fitting (IPF)...
IPF converged at iteration 33
IPF row error: 95.835348, col error: 0.000000
Starting Iterative Proportional Fitting (IPF)...
IPF converged at iteration 30
IPF row error: 167.127753, col error: 0.000000
IPF converged at iteration 32
IPF row error: 106.174439, col error: 0.000000
Starting Iterative Proportional Fitting (IPF)...
Starting Iterative Proportional Fitting (IPF)...
IPF converged at iteration 48
IPF row error: 2.448741, col error: 0.000000
Starting Iterative Proportional Fitting (IPF)...
IPF converged at iteration 54
IPF row error: 1.355766, col error: 0.000000
IPF converged at iteration 30
IPF row error: 162.853714, col error: 0.000000
Starting Iterative Proportional Fitting (IPF)...
Starting Iterative Proportional Fitting (IPF)...
IPF converged at iteration 32
IPF row error: 183.431762, col error: 0.000000
Starting Iterative Proportional Fitting (IPF)...
IPF converged at iteration 48
IPF row error: 2.457183, col error: 0.000000
IPF converged at iteration 28
IPF row error: 134.503192, col error: 0.000000
Starting Iterative Proportional Fitting (IPF)...
Starting Iterative Proportional Fitting (IPF)...
IPF converged at iteration 31
IPF row error: 171.296256, col error: 0.000000
Starting Iterative Proportional Fitting (IPF)...
IPF converged at iteration 48
IPF row error: 2.455046, col error: 0.000000
Starting Iterative Proportional Fitting (IPF)...
IPF converged at iteration 48
IPF row error: 2.446243, col error: 0.000000
Starting Iterative Proportional Fitting (IPF)...
IPF converged at iteration 48
IPF row error: 2.450636, col error: 0.000000
IPF converged at iteration 56
IPF row error: 1.283312, col error: 0.000000
Starting Iterative Proportional Fitting (IPF)...
Starting Iterative Proportional Fitting (IPF)...
IPF converged at iteration 50
IPF row error: 5.082976, col error: 0.000000
Starting Iterative Proportional Fitting (IPF)...
IPF converged at iteration 28
IPF row error: 215.409927, col error: 0.000000
Starting Iterative Proportional Fitting (IPF)...
IPF converged at iteration 48
IPF row error: 2.457183, col error: 0.000000
Starting Iterative Proportional Fitting (IPF)...
IPF converged at iteration 49
IPF row error: 2.124565, col error: 0.000000
Starting Iterative Proportional Fitting (IPF)...
IPF converged at iteration 29
IPF row error: 186.044941, col error: 0.000000
Starting Iterative Proportional Fitting (IPF)...
IPF converged at iteration 54
IPF row error: 1.296214, col error: 0.000000
IPF converged at iteration 29
IPF row error: 192.939697, col error: 0.000000
Starting Iterative Proportional Fitting (IPF)...
IPF converged at iteration 53
IPF row error: 1.366422, col error: 0.000000
Starting Iterative Proportional Fitting (IPF)...
Starting Iterative Proportional Fitting (IPF)...
IPF converged at iteration 31
IPF row error: 127.576685, col error: 0.000000
Starting Iterative Proportional Fitting (IPF)...
IPF converged at iteration 53
IPF row error: 1.356880, col error: 0.000000
IPF converged at iteration 52
Starting Iterative Proportional Fitting (IPF)...
IPF row error: 1.236723, col error: 0.000000
Starting Iterative Proportional Fitting (IPF)...
IPF converged at iteration 53
IPF row error: 1.295997, col error: 0.000000
  [2023/test] 진행 810/1750 (46.3%) | 누적 CPC 0.5664 | RMSE 506.8772 | %RMSE 7.9906 | 경과 9.5분 | 예상 남음 11.0분
Starting Iterative Proportional Fitting (IPF)...
IPF converged at iteration 32
IPF row error: 168.873236, col error: 0.000000
Starting Iterative Proportional Fitting (IPF)...
IPF converged at iteration 49
IPF row error: 2.061210, col error: 0.000000
IPF converged at iteration 34
IPF row error: 66.976317, col error: 0.000000
Starting Iterative Proportional Fitting (IPF)...
IPF converged at iteration 33
IPF row error: 172.430594, col error: 0.000000
Starting Iterative Proportional Fitting (IPF)...
Starting Iterative Proportional Fitting (IPF)...
IPF converged at iteration 29
IPF row error: 191.296724, col error: 0.000000
Starting Iterative Proportional Fitting (IPF)...
IPF converged at iteration 32
IPF row error: 109.106224, col error: 0.000000
Starting Iterative Proportional Fitting (IPF)...
IPF converged at iteration 53
IPF row error: 1.305556, col error: 0.000000
Starting Iterative Proportional Fitting (IPF)...
IPF converged at iteration 53
IPF row error: 1.369593, col error: 0.000000
Starting Iterative Proportional Fitting (IPF)...
IPF converged at iteration 53
IPF row error: 1.366422, col error: 0.000000
IPF converged at iteration 31
IPF row error: 144.208002, col error: 0.000000
IPF converged at iteration 60
IPF row error: 1.216098, col error: 0.000000
Starting Iterative Proportional Fitting (IPF)...
Starting Iterative Proportional Fitting (IPF)...
Starting Iterative Proportional Fitting (IPF)...
IPF converged at iteration 49
IPF row error: 2.067293, col error: 0.000000
Starting Iterative Proportional Fitting (IPF)...
IPF converged at iteration 34
IPF row error: 81.688830, col error: 0.000000
IPF converged at iteration 33
IPF converged at iteration 34
IPF row error: 98.409301, col error: 0.000000
IPF row error: 76.545522, col error: 0.000000
Starting Iterative Proportional Fitting (IPF)...
Starting Iterative Proportional Fitting (IPF)...
Starting Iterative Proportional Fitting (IPF)...
IPF converged at iteration 53
IPF row error: 1.369593, col error: 0.000000
Starting Iterative Proportional Fitting (IPF)...
IPF converged at iteration 29
IPF row error: 171.126972, col error: 0.000000
Starting Iterative Proportional Fitting (IPF)...
IPF converged at iteration 33
IPF row error: 92.257546, col error: 0.000000
Starting Iterative Proportional Fitting (IPF)...
IPF converged at iteration 59
IPF row error: 1.377685, col error: 0.000000
Starting Iterative Proportional Fitting (IPF)...
IPF converged at iteration 49
IPF row error: 2.062313, col error: 0.000000
Starting Iterative Proportional Fitting (IPF)...
IPF converged at iteration 59
IPF row error: 1.340445, col error: 0.000000
IPF converged at iteration 33
IPF row error: 101.695593, col error: 0.000000
Starting Iterative Proportional Fitting (IPF)...
IPF converged at iteration 59
IPF row error: 1.214299, col error: 0.000000
Starting Iterative Proportional Fitting (IPF)...
Starting Iterative Proportional Fitting (IPF)...
IPF converged at iteration 29
IPF row error: 165.051747, col error: 0.000000
Starting Iterative Proportional Fitting (IPF)...
IPF converged at iteration 53
IPF row error: 1.295997, col error: 0.000000
Starting Iterative Proportional Fitting (IPF)...
IPF converged at iteration 54
IPF row error: 1.292535, col error: 0.000000
Starting Iterative Proportional Fitting (IPF)...
IPF converged at iteration 53
IPF row error: 1.366422, col error: 0.000000
Starting Iterative Proportional Fitting (IPF)...
IPF converged at iteration 30
IPF row error: 181.683258, col error: 0.000000
Starting Iterative Proportional Fitting (IPF)...
IPF converged at iteration 34
IPF row error: 90.939117, col error: 0.000000
Starting Iterative Proportional Fitting (IPF)...
IPF converged at iteration 30
IPF row error: 185.730898, col error: 0.000000
  [2023/test] 진행 840/1750 (48.0%) | 누적 CPC 0.5567 | RMSE 513.3404 | %RMSE 8.1980 | 경과 9.9분 | 예상 남음 10.7분
Starting Iterative Proportional Fitting (IPF)...
IPF converged at iteration 49
IPF row error: 2.124565, col error: 0.000000
IPF converged at iteration 31
Starting Iterative Proportional Fitting (IPF)...IPF row error: 143.864495, col error: 0.000000

Starting Iterative Proportional Fitting (IPF)...
IPF converged at iteration 53
IPF row error: 1.369593, col error: 0.000000
Starting Iterative Proportional Fitting (IPF)...
IPF converged at iteration 53
IPF row error: 1.331968, col error: 0.000000
Starting Iterative Proportional Fitting (IPF)...
IPF converged at iteration 32
IPF row error: 102.352949, col error: 0.000000
IPF converged at iteration 53
Starting Iterative Proportional Fitting (IPF)...
IPF row error: 1.370133, col error: 0.000000
Starting Iterative Proportional Fitting (IPF)...
IPF converged at iteration 60
IPF row error: 1.219103, col error: 0.000000
Starting Iterative Proportional Fitting (IPF)...
IPF converged at iteration 54
IPF row error: 1.296214, col error: 0.000000
Starting Iterative Proportional Fitting (IPF)...
IPF converged at iteration 53
IPF row error: 1.356880, col error: 0.000000
Starting Iterative Proportional Fitting (IPF)...
IPF converged at iteration 60
IPF row error: 1.219103, col error: 0.000000
Starting Iterative Proportional Fitting (IPF)...
IPF converged at iteration 56
IPF row error: 1.284272, col error: 0.000000
Starting Iterative Proportional Fitting (IPF)...
IPF converged at iteration 32
IPF row error: 110.181764, col error: 0.000000
Starting Iterative Proportional Fitting (IPF)...
IPF converged at iteration 32
IPF row error: 122.087133, col error: 0.000000
Starting Iterative Proportional Fitting (IPF)...
IPF converged at iteration 58
IPF row error: 1.265714, col error: 0.000000
Starting Iterative Proportional Fitting (IPF)...
IPF converged at iteration 51
IPF row error: 4.846453, col error: 0.000000
Starting Iterative Proportional Fitting (IPF)...
IPF converged at iteration 32
IPF row error: 112.278111, col error: 0.000000
Starting Iterative Proportional Fitting (IPF)...
IPF converged at iteration 29
IPF row error: 64.765438, col error: 0.000000
Starting Iterative Proportional Fitting (IPF)...
IPF converged at iteration 52
IPF row error: 1.281216, col error: 0.000000
Starting Iterative Proportional Fitting (IPF)...
IPF converged at iteration 34
IPF row error: 81.037260, col error: 0.000000
IPF converged at iteration 30
IPF row error: 174.304484, col error: 0.000000
Starting Iterative Proportional Fitting (IPF)...
Starting Iterative Proportional Fitting (IPF)...
IPF converged at iteration 30
IPF row error: 163.683013, col error: 0.000000
Starting Iterative Proportional Fitting (IPF)...
IPF converged at iteration 62
IPF row error: 1.284307, col error: 0.000000
Starting Iterative Proportional Fitting (IPF)...
IPF converged at iteration 36
IPF row error: 46.201745, col error: 0.000000
Starting Iterative Proportional Fitting (IPF)...
IPF converged at iteration 31
IPF row error: 159.063077, col error: 0.000000
Starting Iterative Proportional Fitting (IPF)...
IPF converged at iteration 29
IPF row error: 176.188696, col error: 0.000000
Starting Iterative Proportional Fitting (IPF)...
IPF converged at iteration 56
IPF row error: 1.269211, col error: 0.000000
Starting Iterative Proportional Fitting (IPF)...
IPF converged at iteration 33
IPF row error: 110.763314, col error: 0.000000
Starting Iterative Proportional Fitting (IPF)...
IPF converged at iteration 30
IPF row error: 142.277233, col error: 0.000000
Starting Iterative Proportional Fitting (IPF)...
IPF converged at iteration 56
IPF row error: 1.270720, col error: 0.000000
Starting Iterative Proportional Fitting (IPF)...
IPF converged at iteration 34
IPF converged at iteration 58
IPF row error: 74.947158, col error: 0.000000
IPF row error: 1.290001, col error: 0.000000
  [2023/test] 진행 870/1750 (49.7%) | 누적 CPC 0.5468 | RMSE 508.8281 | %RMSE 8.2440 | 경과 10.3분 | 예상 남음 10.4분
Starting Iterative Proportional Fitting (IPF)...
Starting Iterative Proportional Fitting (IPF)...
IPF converged at iteration 34
IPF row error: 72.688269, col error: 0.000000
Starting Iterative Proportional Fitting (IPF)...
IPF converged at iteration 34
IPF row error: 77.271604, col error: 0.000000
IPF converged at iteration 56
IPF row error: 1.266367, col error: 0.000000
Starting Iterative Proportional Fitting (IPF)...
Starting Iterative Proportional Fitting (IPF)...
IPF converged at iteration 56
IPF row error: 1.256158, col error: 0.000000
Starting Iterative Proportional Fitting (IPF)...
IPF converged at iteration 56
IPF row error: 1.268925, col error: 0.000000
Starting Iterative Proportional Fitting (IPF)...
IPF converged at iteration 32
IPF row error: 109.510814, col error: 0.000000
IPF converged at iteration 35
IPF row error: 56.554418, col error: 0.000000
Starting Iterative Proportional Fitting (IPF)...
Starting Iterative Proportional Fitting (IPF)...
IPF converged at iteration 56
IPF row error: 1.266084, col error: 0.000000
Starting Iterative Proportional Fitting (IPF)...
IPF converged at iteration 62
IPF row error: 1.307900, col error: 0.000000
Starting Iterative Proportional Fitting (IPF)...
IPF converged at iteration 56
IPF row error: 1.276840, col error: 0.000000
IPF converged at iteration 56
IPF row error: 1.262735, col error: 0.000000
Starting Iterative Proportional Fitting (IPF)...
Starting Iterative Proportional Fitting (IPF)...
IPF converged at iteration 33
IPF converged at iteration 32
IPF row error: 81.688714, col error: 0.000000
IPF row error: 102.581417, col error: 0.000000
Starting Iterative Proportional Fitting (IPF)...
Starting Iterative Proportional Fitting (IPF)...
IPF converged at iteration 54
IPF row error: 1.306514, col error: 0.000000
Starting Iterative Proportional Fitting (IPF)...
IPF converged at iteration 58
IPF row error: 1.265714, col error: 0.000000
Starting Iterative Proportional Fitting (IPF)...
IPF converged at iteration 31
IPF row error: 143.240074, col error: 0.000000
Starting Iterative Proportional Fitting (IPF)...
IPF converged at iteration 62
IPF converged at iteration 62
IPF row error: 1.307900, col error: 0.000000
IPF row error: 1.284307, col error: 0.000000
Starting Iterative Proportional Fitting (IPF)...
Starting Iterative Proportional Fitting (IPF)...
IPF converged at iteration 48
IPF row error: 2.473407, col error: 0.000000
Starting Iterative Proportional Fitting (IPF)...
IPF converged at iteration 58
IPF row error: 1.290001, col error: 0.000000
IPF converged at iteration 30
IPF row error: 172.617640, col error: 0.000000
Starting Iterative Proportional Fitting (IPF)...
Starting Iterative Proportional Fitting (IPF)...
IPF converged at iteration 42
IPF row error: 11.010055, col error: 0.000000
Starting Iterative Proportional Fitting (IPF)...
IPF converged at iteration 62
IPF row error: 1.302001, col error: 0.000000
Starting Iterative Proportional Fitting (IPF)...
IPF converged at iteration 31
IPF row error: 142.087694, col error: 0.000000
Starting Iterative Proportional Fitting (IPF)...
IPF converged at iteration 41
IPF row error: 13.459140, col error: 0.000000
Starting Iterative Proportional Fitting (IPF)...
IPF converged at iteration 58
IPF row error: 1.290001, col error: 0.000000
Starting Iterative Proportional Fitting (IPF)...
IPF converged at iteration 56
IPF row error: 1.267296, col error: 0.000000
IPF converged at iteration 48
IPF row error: 2.642213, col error: 0.000000
Starting Iterative Proportional Fitting (IPF)...
Starting Iterative Proportional Fitting (IPF)...
IPF converged at iteration 56
IPF row error: 1.267399, col error: 0.000000
  [2023/test] 진행 900/1750 (51.4%) | 누적 CPC 0.5369 | RMSE 499.8108 | %RMSE 8.2183 | 경과 10.8분 | 예상 남음 10.2분
Starting Iterative Proportional Fitting (IPF)...
IPF converged at iteration 34
IPF converged at iteration 52
IPF row error: 89.209119, col error: 0.000000
IPF row error: 1.289883, col error: 0.000000
Starting Iterative Proportional Fitting (IPF)...
Starting Iterative Proportional Fitting (IPF)...
IPF converged at iteration 52
IPF row error: 1.235907, col error: 0.000000
Starting Iterative Proportional Fitting (IPF)...
IPF converged at iteration 49
IPF row error: 1.956490, col error: 0.000000
Starting Iterative Proportional Fitting (IPF)...
IPF converged at iteration 28
IPF row error: 175.359676, col error: 0.000000
Starting Iterative Proportional Fitting (IPF)...
IPF converged at iteration 52
IPF converged at iteration 52
IPF row error: 1.342262, col error: 0.000000
IPF row error: 1.381310, col error: 0.000000
Starting Iterative Proportional Fitting (IPF)...
Starting Iterative Proportional Fitting (IPF)...
IPF converged at iteration 53
IPF row error: 1.197059, col error: 0.000000
Starting Iterative Proportional Fitting (IPF)...
IPF converged at iteration 49
IPF row error: 2.037103, col error: 0.000000
Starting Iterative Proportional Fitting (IPF)...
IPF converged at iteration 53
IPF row error: 1.248698, col error: 0.000000
IPF converged at iteration 57
Starting Iterative Proportional Fitting (IPF)...
IPF row error: 1.230444, col error: 0.000000
Starting Iterative Proportional Fitting (IPF)...
IPF converged at iteration 32
IPF row error: 112.775866, col error: 0.000000
Starting Iterative Proportional Fitting (IPF)...
IPF converged at iteration 33
IPF converged at iteration 31
IPF row error: 107.401756, col error: 0.000000
IPF row error: 150.252910, col error: 0.000000
Starting Iterative Proportional Fitting (IPF)...
Starting Iterative Proportional Fitting (IPF)...
IPF converged at iteration 57
IPF row error: 1.230444, col error: 0.000000
Starting Iterative Proportional Fitting (IPF)...
IPF converged at iteration 57
IPF row error: 1.274605, col error: 0.000000
Starting Iterative Proportional Fitting (IPF)...
IPF converged at iteration 52
IPF row error: 1.241953, col error: 0.000000
Starting Iterative Proportional Fitting (IPF)...
IPF converged at iteration 57
IPF row error: 1.272280, col error: 0.000000
Starting Iterative Proportional Fitting (IPF)...
IPF converged at iteration 52
IPF row error: 1.347636, col error: 0.000000
Starting Iterative Proportional Fitting (IPF)...
IPF converged at iteration 34
IPF row error: 75.737823, col error: 0.000000
Starting Iterative Proportional Fitting (IPF)...
IPF converged at iteration 30
IPF row error: 197.430008, col error: 0.000000
Starting Iterative Proportional Fitting (IPF)...
IPF converged at iteration 33
IPF row error: 97.316149, col error: 0.000000
IPF converged at iteration 53
IPF row error: 1.199991, col error: 0.000000
Starting Iterative Proportional Fitting (IPF)...
IPF converged at iteration 52
IPF row error: 1.289903, col error: 0.000000
Starting Iterative Proportional Fitting (IPF)...
Starting Iterative Proportional Fitting (IPF)...
IPF converged at iteration 31
IPF row error: 173.361821, col error: 0.000000
Starting Iterative Proportional Fitting (IPF)...
IPF converged at iteration 52
IPF row error: 1.348275, col error: 0.000000
Starting Iterative Proportional Fitting (IPF)...
IPF converged at iteration 56
IPF row error: 1.233013, col error: 0.000000
IPF converged at iteration 52
IPF row error: 1.322540, col error: 0.000000
Starting Iterative Proportional Fitting (IPF)...
Starting Iterative Proportional Fitting (IPF)...
IPF converged at iteration 29
IPF row error: 183.233360, col error: 0.000000
Starting Iterative Proportional Fitting (IPF)...
IPF converged at iteration 33
IPF row error: 98.312046, col error: 0.000000
  [2023/test] 진행 930/1750 (53.1%) | 누적 CPC 0.5317 | RMSE 501.6251 | %RMSE 8.3151 | 경과 11.2분 | 예상 남음 9.9분
Starting Iterative Proportional Fitting (IPF)...
IPF converged at iteration 32
IPF row error: 106.760349, col error: 0.000000
Starting Iterative Proportional Fitting (IPF)...
IPF converged at iteration 29
IPF row error: 183.129468, col error: 0.000000
Starting Iterative Proportional Fitting (IPF)...
IPF converged at iteration 52
IPF row error: 1.244003, col error: 0.000000
Starting Iterative Proportional Fitting (IPF)...
IPF converged at iteration 31
IPF row error: 152.478640, col error: 0.000000
Starting Iterative Proportional Fitting (IPF)...
IPF converged at iteration 29
IPF row error: 65.499035, col error: 0.000000
Starting Iterative Proportional Fitting (IPF)...
IPF converged at iteration 32
IPF row error: 126.983772, col error: 0.000000
Starting Iterative Proportional Fitting (IPF)...
IPF converged at iteration 60
IPF row error: 1.382842, col error: 0.000000
Starting Iterative Proportional Fitting (IPF)...
IPF converged at iteration 52
IPF row error: 1.347548, col error: 0.000000
Starting Iterative Proportional Fitting (IPF)...
IPF converged at iteration 31
IPF row error: 153.285464, col error: 0.000000
IPF converged at iteration 52
IPF row error: 1.291769, col error: 0.000000
Starting Iterative Proportional Fitting (IPF)...IPF converged at iteration 30

IPF row error: 172.363827, col error: 0.000000
Starting Iterative Proportional Fitting (IPF)...
Starting Iterative Proportional Fitting (IPF)...
IPF converged at iteration 28
IPF converged at iteration 30
IPF row error: 184.816626, col error: 0.000000
IPF row error: 184.985861, col error: 0.000000
Starting Iterative Proportional Fitting (IPF)...
Starting Iterative Proportional Fitting (IPF)...
IPF converged at iteration 52
IPF row error: 1.290660, col error: 0.000000
Starting Iterative Proportional Fitting (IPF)...
IPF converged at iteration 49
IPF row error: 2.269391, col error: 0.000000
Starting Iterative Proportional Fitting (IPF)...
IPF converged at iteration 42
IPF row error: 10.892168, col error: 0.000000
Starting Iterative Proportional Fitting (IPF)...
IPF converged at iteration 52
IPF row error: 1.291769, col error: 0.000000
IPF converged at iteration 49
IPF row error: 2.039823, col error: 0.000000
Starting Iterative Proportional Fitting (IPF)...
Starting Iterative Proportional Fitting (IPF)...
IPF converged at iteration 33
IPF row error: 101.623059, col error: 0.000000
Starting Iterative Proportional Fitting (IPF)...
IPF converged at iteration 34
IPF row error: 82.503060, col error: 0.000000
Starting Iterative Proportional Fitting (IPF)...
IPF converged at iteration 52
IPF row error: 1.381310, col error: 0.000000
Starting Iterative Proportional Fitting (IPF)...
IPF converged at iteration 54
IPF row error: 1.228298, col error: 0.000000
IPF converged at iteration 58
IPF row error: 1.345644, col error: 0.000000
Starting Iterative Proportional Fitting (IPF)...
Starting Iterative Proportional Fitting (IPF)...
IPF converged at iteration 30
IPF row error: 192.587806, col error: 0.000000
Starting Iterative Proportional Fitting (IPF)...
IPF converged at iteration 29
IPF row error: 187.599627, col error: 0.000000
Starting Iterative Proportional Fitting (IPF)...
IPF converged at iteration 37
IPF converged at iteration 53
IPF row error: 40.148374, col error: 0.000000
IPF row error: 1.295827, col error: 0.000000
Starting Iterative Proportional Fitting (IPF)...
Starting Iterative Proportional Fitting (IPF)...
IPF converged at iteration 53
IPF row error: 1.302714, col error: 0.000000
IPF converged at iteration 30
IPF row error: 98.996718, col error: 0.000000
Starting Iterative Proportional Fitting (IPF)...
Starting Iterative Proportional Fitting (IPF)...
IPF converged at iteration 32
IPF row error: 139.614151, col error: 0.000000
  [2023/test] 진행 960/1750 (54.9%) | 누적 CPC 0.5253 | RMSE 507.1552 | %RMSE 8.4333 | 경과 11.6분 | 예상 남음 9.5분
Starting Iterative Proportional Fitting (IPF)...
IPF converged at iteration 53
IPF row error: 1.297580, col error: 0.000000
IPF converged at iteration 30
IPF row error: 165.235872, col error: 0.000000
Starting Iterative Proportional Fitting (IPF)...
Starting Iterative Proportional Fitting (IPF)...
IPF converged at iteration 49
IPF row error: 2.230392, col error: 0.000000
Starting Iterative Proportional Fitting (IPF)...
IPF converged at iteration 29
IPF row error: 161.016876, col error: 0.000000
Starting Iterative Proportional Fitting (IPF)...
IPF converged at iteration 59
IPF row error: 1.285519, col error: 0.000000
Starting Iterative Proportional Fitting (IPF)...
IPF converged at iteration 49
IPF row error: 2.210978, col error: 0.000000
IPF converged at iteration 30
IPF row error: 172.036928, col error: 0.000000
Starting Iterative Proportional Fitting (IPF)...
Starting Iterative Proportional Fitting (IPF)...
IPF converged at iteration 53
IPF row error: 1.305754, col error: 0.000000
Starting Iterative Proportional Fitting (IPF)...
IPF converged at iteration 54
IPF row error: 1.231696, col error: 0.000000
Starting Iterative Proportional Fitting (IPF)...
IPF converged at iteration 46
IPF row error: 4.469301, col error: 0.000000
Starting Iterative Proportional Fitting (IPF)...
IPF converged at iteration 54
IPF row error: 1.228574, col error: 0.000000
Starting Iterative Proportional Fitting (IPF)...
IPF converged at iteration 28
IPF row error: 56.401146, col error: 0.000000
Starting Iterative Proportional Fitting (IPF)...
IPF converged at iteration 28
IPF row error: 195.319855, col error: 0.000000
Starting Iterative Proportional Fitting (IPF)...
IPF converged at iteration 53
IPF row error: 1.302821, col error: 0.000000
IPF converged at iteration 33
IPF row error: 109.126332, col error: 0.000000
Starting Iterative Proportional Fitting (IPF)...
IPF converged at iteration 53
IPF row error: 1.302714, col error: 0.000000
Starting Iterative Proportional Fitting (IPF)...
Starting Iterative Proportional Fitting (IPF)...
IPF converged at iteration 30
IPF row error: 163.678036, col error: 0.000000
Starting Iterative Proportional Fitting (IPF)...
IPF converged at iteration 34
IPF row error: 83.005802, col error: 0.000000
Starting Iterative Proportional Fitting (IPF)...
IPF converged at iteration 53
IPF row error: 1.298637, col error: 0.000000
Starting Iterative Proportional Fitting (IPF)...
IPF converged at iteration 54
IPF row error: 1.228298, col error: 0.000000
Starting Iterative Proportional Fitting (IPF)...
IPF converged at iteration 49
IPF row error: 2.206286, col error: 0.000000
Starting Iterative Proportional Fitting (IPF)...
IPF converged at iteration 31
IPF row error: 51.659795, col error: 0.000000
IPF converged at iteration 53
IPF row error: 1.305754, col error: 0.000000
Starting Iterative Proportional Fitting (IPF)...
Starting Iterative Proportional Fitting (IPF)...
IPF converged at iteration 38
IPF row error: 32.050218, col error: 0.000000
Starting Iterative Proportional Fitting (IPF)...
IPF converged at iteration 33
IPF converged at iteration 31
IPF row error: 106.360661, col error: 0.000000
IPF row error: 149.884105, col error: 0.000000
IPF converged at iteration 49
IPF row error: 2.169077, col error: 0.000000
Starting Iterative Proportional Fitting (IPF)...
Starting Iterative Proportional Fitting (IPF)...
Starting Iterative Proportional Fitting (IPF)...
IPF converged at iteration 29
IPF row error: 206.546665, col error: 0.000000
Starting Iterative Proportional Fitting (IPF)...
IPF converged at iteration 46
IPF row error: 4.349043, col error: 0.000000
Starting Iterative Proportional Fitting (IPF)...
IPF converged at iteration 53
IPF converged at iteration 53
IPF row error: 1.297580, col error: 0.000000
IPF row error: 1.293242, col error: 0.000000
  [2023/test] 진행 990/1750 (56.6%) | 누적 CPC 0.5179 | RMSE 516.4733 | %RMSE 8.5430 | 경과 12.0분 | 예상 남음 9.2분
Starting Iterative Proportional Fitting (IPF)...
Starting Iterative Proportional Fitting (IPF)...
IPF converged at iteration 53
IPF row error: 1.306236, col error: 0.000000
Starting Iterative Proportional Fitting (IPF)...
IPF converged at iteration 30
IPF row error: 173.587113, col error: 0.000000
Starting Iterative Proportional Fitting (IPF)...
IPF converged at iteration 33
IPF row error: 107.419963, col error: 0.000000
Starting Iterative Proportional Fitting (IPF)...
IPF converged at iteration 54
IPF row error: 1.218102, col error: 0.000000
Starting Iterative Proportional Fitting (IPF)...
IPF converged at iteration 53
IPF row error: 1.306236, col error: 0.000000
Starting Iterative Proportional Fitting (IPF)...
IPF converged at iteration 31
IPF row error: 155.158393, col error: 0.000000
Starting Iterative Proportional Fitting (IPF)...
IPF converged at iteration 34
IPF row error: 79.748594, col error: 0.000000
Starting Iterative Proportional Fitting (IPF)...
IPF converged at iteration 33
IPF row error: 156.615888, col error: 0.000000
Starting Iterative Proportional Fitting (IPF)...
IPF converged at iteration 29
IPF row error: 39.121391, col error: 0.000000
IPF converged at iteration 49
Starting Iterative Proportional Fitting (IPF)...
IPF row error: 2.198179, col error: 0.000000
Starting Iterative Proportional Fitting (IPF)...
IPF converged at iteration 44
IPF converged at iteration 32
IPF row error: 5.833568, col error: 0.000000
IPF row error: 111.204551, col error: 0.000000
Starting Iterative Proportional Fitting (IPF)...
Starting Iterative Proportional Fitting (IPF)...
IPF converged at iteration 33
IPF row error: 89.874408, col error: 0.000000
Starting Iterative Proportional Fitting (IPF)...
IPF converged at iteration 44
IPF row error: 5.781802, col error: 0.000000
Starting Iterative Proportional Fitting (IPF)...
IPF converged at iteration 33
IPF row error: 89.834222, col error: 0.000000
Starting Iterative Proportional Fitting (IPF)...
IPF converged at iteration 31
IPF row error: 140.313493, col error: 0.000000
Starting Iterative Proportional Fitting (IPF)...
IPF converged at iteration 44
IPF row error: 6.029035, col error: 0.000000
Starting Iterative Proportional Fitting (IPF)...
IPF converged at iteration 32
IPF row error: 109.384812, col error: 0.000000
Starting Iterative Proportional Fitting (IPF)...
IPF converged at iteration 54
IPF row error: 1.299966, col error: 0.000000
Starting Iterative Proportional Fitting (IPF)...
IPF converged at iteration 33
IPF row error: 93.898986, col error: 0.000000
Starting Iterative Proportional Fitting (IPF)...
IPF converged at iteration 44
IPF row error: 5.962552, col error: 0.000000
Starting Iterative Proportional Fitting (IPF)...
IPF converged at iteration 32
IPF row error: 120.312425, col error: 0.000000
Starting Iterative Proportional Fitting (IPF)...
IPF converged at iteration 33
IPF row error: 85.386417, col error: 0.000000
Starting Iterative Proportional Fitting (IPF)...
IPF converged at iteration 44
IPF row error: 5.810036, col error: 0.000000
Starting Iterative Proportional Fitting (IPF)...
IPF converged at iteration 50
IPF row error: 5.306380, col error: 0.000000
Starting Iterative Proportional Fitting (IPF)...
IPF converged at iteration 31
IPF row error: 122.821266, col error: 0.000000
Starting Iterative Proportional Fitting (IPF)...
IPF converged at iteration 44
IPF row error: 5.862150, col error: 0.000000
Starting Iterative Proportional Fitting (IPF)...
IPF converged at iteration 32
IPF row error: 115.062914, col error: 0.000000
Starting Iterative Proportional Fitting (IPF)...
IPF converged at iteration 31
IPF row error: 143.224618, col error: 0.000000
  [2023/test] 진행 1020/1750 (58.3%) | 누적 CPC 0.5111 | RMSE 558.7289 | %RMSE 8.8220 | 경과 12.4분 | 예상 남음 8.9분
Starting Iterative Proportional Fitting (IPF)...
IPF converged at iteration 48
IPF row error: 2.346545, col error: 0.000000
Starting Iterative Proportional Fitting (IPF)...
IPF converged at iteration 33
IPF row error: 95.776084, col error: 0.000000
Starting Iterative Proportional Fitting (IPF)...
IPF converged at iteration 49
IPF row error: 1.855811, col error: 0.000000
Starting Iterative Proportional Fitting (IPF)...
IPF converged at iteration 44
IPF row error: 5.958302, col error: 0.000000
Starting Iterative Proportional Fitting (IPF)...
IPF converged at iteration 43
IPF row error: 7.550694, col error: 0.000000
Starting Iterative Proportional Fitting (IPF)...
IPF converged at iteration 38
IPF row error: 28.090201, col error: 0.000000
Starting Iterative Proportional Fitting (IPF)...
IPF converged at iteration 56
IPF row error: 1.234809, col error: 0.000000
Starting Iterative Proportional Fitting (IPF)...
IPF converged at iteration 31
IPF row error: 155.678790, col error: 0.000000
Starting Iterative Proportional Fitting (IPF)...
IPF converged at iteration 31
IPF row error: 139.002647, col error: 0.000000
Starting Iterative Proportional Fitting (IPF)...
IPF converged at iteration 49
IPF row error: 1.911962, col error: 0.000000
Starting Iterative Proportional Fitting (IPF)...
IPF converged at iteration 44
IPF row error: 5.930246, col error: 0.000000
Starting Iterative Proportional Fitting (IPF)...
IPF converged at iteration 43
IPF row error: 7.370258, col error: 0.000000
Starting Iterative Proportional Fitting (IPF)...
IPF converged at iteration 44
IPF row error: 5.843946, col error: 0.000000
Starting Iterative Proportional Fitting (IPF)...
IPF converged at iteration 40
IPF row error: 15.264102, col error: 0.000000
Starting Iterative Proportional Fitting (IPF)...
IPF converged at iteration 48
IPF row error: 2.309577, col error: 0.000000
Starting Iterative Proportional Fitting (IPF)...
IPF converged at iteration 54
IPF row error: 1.293177, col error: 0.000000
Starting Iterative Proportional Fitting (IPF)...
IPF converged at iteration 49
IPF row error: 1.866198, col error: 0.000000
IPF converged at iteration 31
Starting Iterative Proportional Fitting (IPF)...
IPF row error: 124.513314, col error: 0.000000
Starting Iterative Proportional Fitting (IPF)...
IPF converged at iteration 33
IPF row error: 87.718001, col error: 0.000000
Starting Iterative Proportional Fitting (IPF)...
IPF converged at iteration 30
IPF row error: 196.880473, col error: 0.000000
Starting Iterative Proportional Fitting (IPF)...
IPF converged at iteration 44
IPF row error: 5.954027, col error: 0.000000
Starting Iterative Proportional Fitting (IPF)...
IPF converged at iteration 44
IPF row error: 5.881821, col error: 0.000000
Starting Iterative Proportional Fitting (IPF)...
IPF converged at iteration 44
IPF row error: 5.956595, col error: 0.000000
IPF converged at iteration 30
Starting Iterative Proportional Fitting (IPF)...
IPF row error: 177.087688, col error: 0.000000
IPF converged at iteration 28
Starting Iterative Proportional Fitting (IPF)...
IPF row error: 183.451876, col error: 0.000000
Starting Iterative Proportional Fitting (IPF)...
IPF converged at iteration 33
IPF row error: 96.378869, col error: 0.000000
Starting Iterative Proportional Fitting (IPF)...
IPF converged at iteration 29
IPF row error: 165.158051, col error: 0.000000
Starting Iterative Proportional Fitting (IPF)...
IPF converged at iteration 44
IPF row error: 5.900304, col error: 0.000000
IPF converged at iteration 43
IPF row error: 7.553824, col error: 0.000000
Starting Iterative Proportional Fitting (IPF)...
Starting Iterative Proportional Fitting (IPF)...
IPF converged at iteration 56
IPF row error: 1.252748, col error: 0.000000
  [2023/test] 진행 1050/1750 (60.0%) | 누적 CPC 0.5051 | RMSE 610.7987 | %RMSE 9.1384 | 경과 12.8분 | 예상 남음 8.5분
Starting Iterative Proportional Fitting (IPF)...
IPF converged at iteration 58
IPF row error: 1.218579, col error: 0.000000
Starting Iterative Proportional Fitting (IPF)...
IPF converged at iteration 58
IPF row error: 1.218579, col error: 0.000000
IPF converged at iteration 58
Starting Iterative Proportional Fitting (IPF)...
IPF row error: 1.218579, col error: 0.000000
Starting Iterative Proportional Fitting (IPF)...
IPF converged at iteration 58
IPF row error: 1.218579, col error: 0.000000
Starting Iterative Proportional Fitting (IPF)...
IPF converged at iteration 33
IPF row error: 95.588623, col error: 0.000000
Starting Iterative Proportional Fitting (IPF)...
IPF converged at iteration 58
IPF row error: 1.218579, col error: 0.000000
Starting Iterative Proportional Fitting (IPF)...
IPF converged at iteration 58
IPF row error: 1.218579, col error: 0.000000
Starting Iterative Proportional Fitting (IPF)...
IPF converged at iteration 32
IPF row error: 100.391513, col error: 0.000000
Starting Iterative Proportional Fitting (IPF)...
IPF converged at iteration 30
IPF row error: 172.251878, col error: 0.000000
Starting Iterative Proportional Fitting (IPF)...
IPF converged at iteration 58
IPF row error: 1.218579, col error: 0.000000
Starting Iterative Proportional Fitting (IPF)...
IPF converged at iteration 33
IPF row error: 73.867605, col error: 0.000000
Starting Iterative Proportional Fitting (IPF)...
IPF converged at iteration 37
IPF row error: 37.071520, col error: 0.000000
Starting Iterative Proportional Fitting (IPF)...
IPF converged at iteration 42
IPF row error: 10.225467, col error: 0.000000
IPF converged at iteration 58
IPF row error: 1.218579, col error: 0.000000
Starting Iterative Proportional Fitting (IPF)...
Starting Iterative Proportional Fitting (IPF)...
IPF converged at iteration 46
IPF row error: 4.554333, col error: 0.000000
Starting Iterative Proportional Fitting (IPF)...
IPF converged at iteration 34
IPF row error: 78.278730, col error: 0.000000
Starting Iterative Proportional Fitting (IPF)...
IPF converged at iteration 33
IPF row error: 98.846025, col error: 0.000000
IPF converged at iteration 32
Starting Iterative Proportional Fitting (IPF)...IPF row error: 122.256575, col error: 0.000000

IPF converged at iteration 58
IPF row error: 1.218579, col error: 0.000000
Starting Iterative Proportional Fitting (IPF)...
IPF converged at iteration 58
IPF row error: 1.218579, col error: 0.000000
Starting Iterative Proportional Fitting (IPF)...
Starting Iterative Proportional Fitting (IPF)...
IPF converged at iteration 31
IPF row error: 177.181499, col error: 0.000000
Starting Iterative Proportional Fitting (IPF)...
IPF converged at iteration 35
IPF row error: 66.255994, col error: 0.000000
Starting Iterative Proportional Fitting (IPF)...
IPF converged at iteration 58
IPF row error: 1.218579, col error: 0.000000
IPF converged at iteration 58
IPF row error: 1.218579, col error: 0.000000
Starting Iterative Proportional Fitting (IPF)...
Starting Iterative Proportional Fitting (IPF)...
IPF converged at iteration 35
IPF row error: 62.053484, col error: 0.000000
Starting Iterative Proportional Fitting (IPF)...
IPF converged at iteration 32
IPF row error: 111.798261, col error: 0.000000
Starting Iterative Proportional Fitting (IPF)...
IPF converged at iteration 58
IPF row error: 1.218579, col error: 0.000000
Starting Iterative Proportional Fitting (IPF)...
IPF converged at iteration 32
IPF row error: 107.699849, col error: 0.000000
Starting Iterative Proportional Fitting (IPF)...
IPF converged at iteration 58
IPF row error: 1.218579, col error: 0.000000
Starting Iterative Proportional Fitting (IPF)...
IPF converged at iteration 34
IPF row error: 77.414614, col error: 0.000000
  [2023/test] 진행 1080/1750 (61.7%) | 누적 CPC 0.4936 | RMSE 637.4472 | %RMSE 9.3110 | 경과 13.3분 | 예상 남음 8.2분
Starting Iterative Proportional Fitting (IPF)...
IPF converged at iteration 58
IPF row error: 1.218579, col error: 0.000000
IPF converged at iteration 31
IPF row error: 124.196191, col error: 0.000000
Starting Iterative Proportional Fitting (IPF)...
Starting Iterative Proportional Fitting (IPF)...
IPF converged at iteration 58
IPF row error: 1.218579, col error: 0.000000
Starting Iterative Proportional Fitting (IPF)...
IPF converged at iteration 30
IPF row error: 161.921977, col error: 0.000000
IPF converged at iteration 32
Starting Iterative Proportional Fitting (IPF)...
IPF row error: 104.267018, col error: 0.000000
Starting Iterative Proportional Fitting (IPF)...
IPF converged at iteration 58
IPF row error: 1.218579, col error: 0.000000
Starting Iterative Proportional Fitting (IPF)...
IPF converged at iteration 31
IPF row error: 128.879148, col error: 0.000000
IPF converged at iteration 58
IPF row error: 1.218579, col error: 0.000000
Starting Iterative Proportional Fitting (IPF)...
Starting Iterative Proportional Fitting (IPF)...
IPF converged at iteration 32
IPF row error: 128.009037, col error: 0.000000
Starting Iterative Proportional Fitting (IPF)...
IPF converged at iteration 58
IPF row error: 1.218579, col error: 0.000000
Starting Iterative Proportional Fitting (IPF)...
IPF converged at iteration 58
IPF converged at iteration 58
IPF row error: 1.218579, col error: 0.000000
IPF row error: 1.218579, col error: 0.000000
Starting Iterative Proportional Fitting (IPF)...
Starting Iterative Proportional Fitting (IPF)...
IPF converged at iteration 58
IPF row error: 1.218579, col error: 0.000000
Starting Iterative Proportional Fitting (IPF)...
IPF converged at iteration 58
IPF row error: 1.218579, col error: 0.000000
Starting Iterative Proportional Fitting (IPF)...
IPF converged at iteration 34
IPF row error: 82.576025, col error: 0.000000
Starting Iterative Proportional Fitting (IPF)...
IPF converged at iteration 34
IPF row error: 79.477160, col error: 0.000000
IPF converged at iteration 58
IPF row error: 1.218579, col error: 0.000000
Starting Iterative Proportional Fitting (IPF)...
Starting Iterative Proportional Fitting (IPF)...
IPF converged at iteration 58
IPF row error: 1.218579, col error: 0.000000
Starting Iterative Proportional Fitting (IPF)...
IPF converged at iteration 58
IPF row error: 1.218579, col error: 0.000000
Starting Iterative Proportional Fitting (IPF)...
IPF converged at iteration 58
IPF converged at iteration 56
IPF row error: 1.218579, col error: 0.000000
IPF row error: 1.264012, col error: 0.000000
Starting Iterative Proportional Fitting (IPF)...
Starting Iterative Proportional Fitting (IPF)...
IPF converged at iteration 32
IPF row error: 150.881265, col error: 0.000000
Starting Iterative Proportional Fitting (IPF)...
IPF converged at iteration 29
IPF row error: 181.515879, col error: 0.000000
Starting Iterative Proportional Fitting (IPF)...
IPF converged at iteration 31
IPF row error: 149.798547, col error: 0.000000
Starting Iterative Proportional Fitting (IPF)...
IPF converged at iteration 33
IPF row error: 83.439274, col error: 0.000000
Starting Iterative Proportional Fitting (IPF)...
IPF converged at iteration 56
IPF row error: 1.264012, col error: 0.000000
Starting Iterative Proportional Fitting (IPF)...
IPF converged at iteration 56
IPF row error: 1.264012, col error: 0.000000
Starting Iterative Proportional Fitting (IPF)...
IPF converged at iteration 56
IPF row error: 1.264012, col error: 0.000000
Starting Iterative Proportional Fitting (IPF)...
IPF converged at iteration 56
IPF row error: 1.264012, col error: 0.000000
Starting Iterative Proportional Fitting (IPF)...
IPF converged at iteration 56
IPF row error: 1.264012, col error: 0.000000
  [2023/test] 진행 1110/1750 (63.4%) | 누적 CPC 0.4828 | RMSE 660.9965 | %RMSE 9.4632 | 경과 13.7분 | 예상 남음 7.9분
Starting Iterative Proportional Fitting (IPF)...
IPF converged at iteration 56
IPF row error: 1.264012, col error: 0.000000
Starting Iterative Proportional Fitting (IPF)...
IPF converged at iteration 30
IPF row error: 51.029357, col error: 0.000000
Starting Iterative Proportional Fitting (IPF)...
IPF converged at iteration 29
IPF row error: 204.013411, col error: 0.000000
Starting Iterative Proportional Fitting (IPF)...
IPF converged at iteration 38
IPF row error: 30.049273, col error: 0.000000
Starting Iterative Proportional Fitting (IPF)...
IPF converged at iteration 56
IPF row error: 1.264012, col error: 0.000000
Starting Iterative Proportional Fitting (IPF)...
IPF converged at iteration 56
IPF row error: 1.264012, col error: 0.000000
Starting Iterative Proportional Fitting (IPF)...
IPF converged at iteration 56
IPF row error: 1.264012, col error: 0.000000
Starting Iterative Proportional Fitting (IPF)...
IPF converged at iteration 30
IPF row error: 162.036529, col error: 0.000000
Starting Iterative Proportional Fitting (IPF)...
IPF converged at iteration 56
IPF row error: 1.264012, col error: 0.000000
IPF converged at iteration 28
IPF row error: 77.478770, col error: 0.000000
Starting Iterative Proportional Fitting (IPF)...
Starting Iterative Proportional Fitting (IPF)...
IPF converged at iteration 56
IPF row error: 1.264012, col error: 0.000000
Starting Iterative Proportional Fitting (IPF)...
IPF converged at iteration 50
IPF row error: 1.715168, col error: 0.000000
Starting Iterative Proportional Fitting (IPF)...
IPF converged at iteration 56
IPF row error: 1.264012, col error: 0.000000
IPF converged at iteration 56
IPF row error: 1.264012, col error: 0.000000
Starting Iterative Proportional Fitting (IPF)...
Starting Iterative Proportional Fitting (IPF)...
IPF converged at iteration 56
IPF row error: 1.264012, col error: 0.000000
Starting Iterative Proportional Fitting (IPF)...
IPF converged at iteration 31
IPF row error: 130.839805, col error: 0.000000
Starting Iterative Proportional Fitting (IPF)...
IPF converged at iteration 32
IPF row error: 105.137815, col error: 0.000000
IPF converged at iteration 34
IPF row error: 75.463563, col error: 0.000000
Starting Iterative Proportional Fitting (IPF)...
Starting Iterative Proportional Fitting (IPF)...
IPF converged at iteration 33
IPF row error: 90.179811, col error: 0.000000
Starting Iterative Proportional Fitting (IPF)...
IPF converged at iteration 52
IPF row error: 1.292911, col error: 0.000000
IPF converged at iteration 32
IPF row error: 107.173796, col error: 0.000000
IPF converged at iteration 32
Starting Iterative Proportional Fitting (IPF)...
IPF row error: 117.284910, col error: 0.000000
IPF converged at iteration 29
Starting Iterative Proportional Fitting (IPF)...
IPF row error: 206.527473, col error: 0.000000
Starting Iterative Proportional Fitting (IPF)...
Starting Iterative Proportional Fitting (IPF)...
IPF converged at iteration 31
IPF row error: 129.776528, col error: 0.000000
IPF converged at iteration 33
IPF row error: 92.918559, col error: 0.000000
Starting Iterative Proportional Fitting (IPF)...
Starting Iterative Proportional Fitting (IPF)...
IPF converged at iteration 56
IPF row error: 1.264012, col error: 0.000000
Starting Iterative Proportional Fitting (IPF)...
IPF converged at iteration 56
IPF row error: 1.264012, col error: 0.000000
Starting Iterative Proportional Fitting (IPF)...
IPF converged at iteration 33
IPF row error: 80.701719, col error: 0.000000
Starting Iterative Proportional Fitting (IPF)...
IPF converged at iteration 31
IPF row error: 185.066889, col error: 0.000000
Starting Iterative Proportional Fitting (IPF)...
IPF converged at iteration 56
IPF row error: 1.264012, col error: 0.000000
  [2023/test] 진행 1140/1750 (65.1%) | 누적 CPC 0.4727 | RMSE 680.1202 | %RMSE 9.5837 | 경과 14.1분 | 예상 남음 7.5분
IPF converged at iteration 29
IPF row error: 184.685119, col error: 0.000000
Starting Iterative Proportional Fitting (IPF)...
Starting Iterative Proportional Fitting (IPF)...
IPF converged at iteration 56
IPF row error: 1.264012, col error: 0.000000
IPF converged at iteration 33
IPF row error: 93.816824, col error: 0.000000
Starting Iterative Proportional Fitting (IPF)...
Starting Iterative Proportional Fitting (IPF)...
IPF converged at iteration 56
IPF row error: 1.264012, col error: 0.000000
Starting Iterative Proportional Fitting (IPF)...
IPF converged at iteration 56
IPF row error: 1.264012, col error: 0.000000
Starting Iterative Proportional Fitting (IPF)...
IPF converged at iteration 34
IPF row error: 79.521652, col error: 0.000000
IPF converged at iteration 53
IPF row error: 1.350662, col error: 0.000000
Starting Iterative Proportional Fitting (IPF)...
IPF converged at iteration 56
Starting Iterative Proportional Fitting (IPF)...
IPF row error: 1.264012, col error: 0.000000
Starting Iterative Proportional Fitting (IPF)...
IPF converged at iteration 56
IPF row error: 1.264012, col error: 0.000000
Starting Iterative Proportional Fitting (IPF)...
IPF converged at iteration 33
IPF row error: 98.308692, col error: 0.000000
Starting Iterative Proportional Fitting (IPF)...
IPF converged at iteration 47
IPF row error: 3.215697, col error: 0.000000
Starting Iterative Proportional Fitting (IPF)...
IPF converged at iteration 59
IPF row error: 1.209413, col error: 0.000000
Starting Iterative Proportional Fitting (IPF)...
IPF converged at iteration 29
IPF row error: 195.361185, col error: 0.000000
Starting Iterative Proportional Fitting (IPF)...
IPF converged at iteration 53
IPF row error: 1.313308, col error: 0.000000
Starting Iterative Proportional Fitting (IPF)...
IPF converged at iteration 32
IPF row error: 126.787435, col error: 0.000000
Starting Iterative Proportional Fitting (IPF)...
IPF converged at iteration 53
IPF row error: 1.313308, col error: 0.000000
Starting Iterative Proportional Fitting (IPF)...
IPF converged at iteration 59
IPF row error: 1.209413, col error: 0.000000
Starting Iterative Proportional Fitting (IPF)...
IPF converged at iteration 53
IPF row error: 1.305678, col error: 0.000000
Starting Iterative Proportional Fitting (IPF)...
IPF converged at iteration 53
IPF row error: 1.305678, col error: 0.000000
Starting Iterative Proportional Fitting (IPF)...
IPF converged at iteration 33
IPF row error: 99.306202, col error: 0.000000
Starting Iterative Proportional Fitting (IPF)...
IPF converged at iteration 34
IPF row error: 82.615540, col error: 0.000000
Starting Iterative Proportional Fitting (IPF)...
IPF converged at iteration 59
IPF row error: 1.209296, col error: 0.000000
Starting Iterative Proportional Fitting (IPF)...
IPF converged at iteration 59
IPF row error: 1.205882, col error: 0.000000
IPF converged at iteration 53
Starting Iterative Proportional Fitting (IPF)...
IPF row error: 1.313308, col error: 0.000000
IPF converged at iteration 33
IPF row error: 98.006380, col error: 0.000000
Starting Iterative Proportional Fitting (IPF)...
Starting Iterative Proportional Fitting (IPF)...
IPF converged at iteration 34
IPF row error: 73.891432, col error: 0.000000
IPF converged at iteration 32
IPF row error: 94.227369, col error: 0.000000
Starting Iterative Proportional Fitting (IPF)...
Starting Iterative Proportional Fitting (IPF)...
IPF converged at iteration 59
IPF row error: 1.205882, col error: 0.000000
Starting Iterative Proportional Fitting (IPF)...
IPF converged at iteration 59
IPF row error: 1.205882, col error: 0.000000
Starting Iterative Proportional Fitting (IPF)...
IPF converged at iteration 30
IPF row error: 46.654956, col error: 0.000000
  [2023/test] 진행 1170/1750 (66.9%) | 누적 CPC 0.4634 | RMSE 693.5330 | %RMSE 9.6954 | 경과 14.5분 | 예상 남음 7.2분
Starting Iterative Proportional Fitting (IPF)...
IPF converged at iteration 53
IPF row error: 1.313308, col error: 0.000000
IPF converged at iteration 59
IPF row error: 1.205882, col error: 0.000000
Starting Iterative Proportional Fitting (IPF)...
Starting Iterative Proportional Fitting (IPF)...
IPF converged at iteration 59
IPF row error: 1.350204, col error: 0.000000
Starting Iterative Proportional Fitting (IPF)...
IPF converged at iteration 59
IPF row error: 1.209413, col error: 0.000000
IPF converged at iteration 29
IPF row error: 69.837570, col error: 0.000000
Starting Iterative Proportional Fitting (IPF)...
Starting Iterative Proportional Fitting (IPF)...
IPF converged at iteration 59
IPF row error: 1.205882, col error: 0.000000
Starting Iterative Proportional Fitting (IPF)...
IPF converged at iteration 53
IPF row error: 1.305678, col error: 0.000000
Starting Iterative Proportional Fitting (IPF)...
IPF converged at iteration 53
IPF row error: 1.305678, col error: 0.000000
IPF converged at iteration 30
Starting Iterative Proportional Fitting (IPF)...
IPF converged at iteration 59
IPF row error: 172.264613, col error: 0.000000
IPF row error: 1.205882, col error: 0.000000
Starting Iterative Proportional Fitting (IPF)...
Starting Iterative Proportional Fitting (IPF)...
IPF converged at iteration 28
IPF row error: 210.837388, col error: 0.000000
Starting Iterative Proportional Fitting (IPF)...
IPF converged at iteration 53
IPF converged at iteration 59
IPF row error: 1.305678, col error: 0.000000
IPF row error: 1.209296, col error: 0.000000
IPF converged at iteration 53
Starting Iterative Proportional Fitting (IPF)...
IPF row error: 1.305678, col error: 0.000000
Starting Iterative Proportional Fitting (IPF)...
Starting Iterative Proportional Fitting (IPF)...
IPF converged at iteration 28
IPF row error: 209.452821, col error: 0.000000
IPF converged at iteration 53Starting Iterative Proportional Fitting (IPF)...

IPF converged at iteration 34
IPF row error: 1.313308, col error: 0.000000
IPF row error: 83.089288, col error: 0.000000
IPF converged at iteration 31
IPF row error: 162.111550, col error: 0.000000
Starting Iterative Proportional Fitting (IPF)...
Starting Iterative Proportional Fitting (IPF)...
Starting Iterative Proportional Fitting (IPF)...
IPF converged at iteration 53
IPF row error: 1.305678, col error: 0.000000
Starting Iterative Proportional Fitting (IPF)...
IPF converged at iteration 53
IPF converged at iteration 53
IPF row error: 1.305678, col error: 0.000000
IPF row error: 1.305678, col error: 0.000000
Starting Iterative Proportional Fitting (IPF)...
Starting Iterative Proportional Fitting (IPF)...
IPF converged at iteration 59
IPF row error: 1.209413, col error: 0.000000
Starting Iterative Proportional Fitting (IPF)...
IPF converged at iteration 30
IPF row error: 168.707519, col error: 0.000000
Starting Iterative Proportional Fitting (IPF)...
IPF converged at iteration 53
IPF row error: 1.313308, col error: 0.000000
Starting Iterative Proportional Fitting (IPF)...
IPF converged at iteration 59
IPF row error: 1.350204, col error: 0.000000
Starting Iterative Proportional Fitting (IPF)...
IPF converged at iteration 31
IPF row error: 139.677366, col error: 0.000000
IPF converged at iteration 59
IPF row error: 1.350204, col error: 0.000000
Starting Iterative Proportional Fitting (IPF)...
Starting Iterative Proportional Fitting (IPF)...
IPF converged at iteration 29
IPF row error: 167.457844, col error: 0.000000
Starting Iterative Proportional Fitting (IPF)...
IPF converged at iteration 29
IPF row error: 177.180598, col error: 0.000000
Starting Iterative Proportional Fitting (IPF)...
IPF converged at iteration 33
IPF row error: 89.650189, col error: 0.000000
  [2023/test] 진행 1200/1750 (68.6%) | 누적 CPC 0.4557 | RMSE 701.1009 | %RMSE 9.7859 | 경과 15.0분 | 예상 남음 6.9분
Starting Iterative Proportional Fitting (IPF)...
IPF converged at iteration 33
IPF row error: 98.197107, col error: 0.000000
IPF converged at iteration 59
IPF row error: 1.209413, col error: 0.000000
Starting Iterative Proportional Fitting (IPF)...
Starting Iterative Proportional Fitting (IPF)...
IPF converged at iteration 29
IPF row error: 202.732503, col error: 0.000000
IPF converged at iteration 33
IPF row error: 88.597000, col error: 0.000000
Starting Iterative Proportional Fitting (IPF)...
IPF converged at iteration 58
IPF row error: 1.280911, col error: 0.000000
Starting Iterative Proportional Fitting (IPF)...
Starting Iterative Proportional Fitting (IPF)...
IPF converged at iteration 58
IPF row error: 1.280911, col error: 0.000000
Starting Iterative Proportional Fitting (IPF)...
IPF converged at iteration 32
IPF row error: 103.351936, col error: 0.000000
Starting Iterative Proportional Fitting (IPF)...
IPF converged at iteration 58
IPF row error: 1.280911, col error: 0.000000
Starting Iterative Proportional Fitting (IPF)...
IPF converged at iteration 58
IPF row error: 1.280911, col error: 0.000000
IPF converged at iteration 52
IPF row error: 1.359185, col error: 0.000000
Starting Iterative Proportional Fitting (IPF)...
Starting Iterative Proportional Fitting (IPF)...
IPF converged at iteration 30
IPF row error: 183.081859, col error: 0.000000
Starting Iterative Proportional Fitting (IPF)...
IPF converged at iteration 34
IPF row error: 85.825004, col error: 0.000000
Starting Iterative Proportional Fitting (IPF)...
IPF converged at iteration 29
IPF row error: 205.332248, col error: 0.000000
Starting Iterative Proportional Fitting (IPF)...
IPF converged at iteration 58
IPF row error: 1.280911, col error: 0.000000
IPF converged at iteration 58
IPF row error: 1.280911, col error: 0.000000
Starting Iterative Proportional Fitting (IPF)...
Starting Iterative Proportional Fitting (IPF)...
IPF converged at iteration 33
IPF row error: 82.556811, col error: 0.000000
Starting Iterative Proportional Fitting (IPF)...
IPF converged at iteration 58
IPF row error: 1.280911, col error: 0.000000
Starting Iterative Proportional Fitting (IPF)...
IPF converged at iteration 31
IPF row error: 152.458343, col error: 0.000000
IPF converged at iteration 34
IPF row error: 76.304099, col error: 0.000000
Starting Iterative Proportional Fitting (IPF)...
Starting Iterative Proportional Fitting (IPF)...
IPF converged at iteration 31
IPF row error: 137.558018, col error: 0.000000
Starting Iterative Proportional Fitting (IPF)...
IPF converged at iteration 58
IPF row error: 1.280911, col error: 0.000000
IPF converged at iteration 37
IPF row error: 36.326228, col error: 0.000000
Starting Iterative Proportional Fitting (IPF)...
Starting Iterative Proportional Fitting (IPF)...
IPF converged at iteration 58
IPF row error: 1.280911, col error: 0.000000
Starting Iterative Proportional Fitting (IPF)...
IPF converged at iteration 42
IPF row error: 10.746038, col error: 0.000000
Starting Iterative Proportional Fitting (IPF)...
IPF converged at iteration 30
IPF row error: 186.968217, col error: 0.000000
Starting Iterative Proportional Fitting (IPF)...
IPF converged at iteration 58
IPF row error: 1.280911, col error: 0.000000
IPF converged at iteration 58
IPF row error: 1.280911, col error: 0.000000
Starting Iterative Proportional Fitting (IPF)...
Starting Iterative Proportional Fitting (IPF)...
IPF converged at iteration 33
IPF row error: 87.936708, col error: 0.000000
Starting Iterative Proportional Fitting (IPF)...
IPF converged at iteration 33
IPF row error: 92.798784, col error: 0.000000
IPF converged at iteration 33
IPF converged at iteration 58
IPF row error: 81.686785, col error: 0.000000
  [2023/test] 진행 1230/1750 (70.3%) | 누적 CPC 0.4464 | RMSE 690.9570 | %RMSE 9.7324 | 경과 15.4분 | 예상 남음 6.5분
IPF row error: 1.280911, col error: 0.000000
Starting Iterative Proportional Fitting (IPF)...
Starting Iterative Proportional Fitting (IPF)...
Starting Iterative Proportional Fitting (IPF)...
IPF converged at iteration 30
IPF row error: 156.572995, col error: 0.000000
Starting Iterative Proportional Fitting (IPF)...
IPF converged at iteration 33
IPF row error: 95.517282, col error: 0.000000
Starting Iterative Proportional Fitting (IPF)...
IPF converged at iteration 58
IPF row error: 1.280911, col error: 0.000000
Starting Iterative Proportional Fitting (IPF)...
IPF converged at iteration 58
IPF row error: 1.280911, col error: 0.000000
Starting Iterative Proportional Fitting (IPF)...
IPF converged at iteration 58
IPF row error: 1.280911, col error: 0.000000
Starting Iterative Proportional Fitting (IPF)...
IPF converged at iteration 58
IPF row error: 1.280911, col error: 0.000000
Starting Iterative Proportional Fitting (IPF)...
IPF converged at iteration 58
IPF row error: 1.280911, col error: 0.000000
Starting Iterative Proportional Fitting (IPF)...
IPF converged at iteration 53
IPF row error: 1.219601, col error: 0.000000
Starting Iterative Proportional Fitting (IPF)...
IPF converged at iteration 30
IPF row error: 166.449408, col error: 0.000000
Starting Iterative Proportional Fitting (IPF)...
IPF converged at iteration 33
IPF row error: 108.274387, col error: 0.000000
Starting Iterative Proportional Fitting (IPF)...
IPF converged at iteration 58
IPF row error: 1.280911, col error: 0.000000
Starting Iterative Proportional Fitting (IPF)...
IPF converged at iteration 58
IPF row error: 1.280911, col error: 0.000000
Starting Iterative Proportional Fitting (IPF)...
IPF converged at iteration 58
IPF row error: 1.280911, col error: 0.000000
Starting Iterative Proportional Fitting (IPF)...
IPF converged at iteration 41
IPF row error: 13.169136, col error: 0.000000
Starting Iterative Proportional Fitting (IPF)...
IPF converged at iteration 58
IPF row error: 1.280911, col error: 0.000000
Starting Iterative Proportional Fitting (IPF)...
IPF converged at iteration 58
IPF row error: 1.280911, col error: 0.000000
Starting Iterative Proportional Fitting (IPF)...
IPF converged at iteration 34
IPF row error: 73.003968, col error: 0.000000
Starting Iterative Proportional Fitting (IPF)...
IPF converged at iteration 58
IPF row error: 1.280911, col error: 0.000000
Starting Iterative Proportional Fitting (IPF)...
IPF converged at iteration 30
IPF row error: 153.456693, col error: 0.000000
Starting Iterative Proportional Fitting (IPF)...
IPF converged at iteration 58
IPF row error: 1.280911, col error: 0.000000
Starting Iterative Proportional Fitting (IPF)...
IPF converged at iteration 38
IPF row error: 32.765809, col error: 0.000000
Starting Iterative Proportional Fitting (IPF)...
IPF converged at iteration 52
IPF row error: 1.283559, col error: 0.000000
IPF converged at iteration 31
Starting Iterative Proportional Fitting (IPF)...
IPF row error: 143.860948, col error: 0.000000
Starting Iterative Proportional Fitting (IPF)...
IPF converged at iteration 34
IPF row error: 73.346875, col error: 0.000000
IPF converged at iteration 56
Starting Iterative Proportional Fitting (IPF)...
IPF row error: 1.328759, col error: 0.000000
Starting Iterative Proportional Fitting (IPF)...
IPF converged at iteration 29
IPF row error: 192.319747, col error: 0.000000
Starting Iterative Proportional Fitting (IPF)...
IPF converged at iteration 33
IPF row error: 102.084140, col error: 0.000000
Starting Iterative Proportional Fitting (IPF)...
IPF converged at iteration 30
IPF row error: 182.890677, col error: 0.000000
Starting Iterative Proportional Fitting (IPF)...
IPF converged at iteration 52
IPF row error: 1.251097, col error: 0.000000
  [2023/test] 진행 1260/1750 (72.0%) | 누적 CPC 0.4385 | RMSE 686.7614 | %RMSE 9.7211 | 경과 15.9분 | 예상 남음 6.2분
Starting Iterative Proportional Fitting (IPF)...
IPF converged at iteration 52
IPF row error: 1.251097, col error: 0.000000
Starting Iterative Proportional Fitting (IPF)...
IPF converged at iteration 56
IPF row error: 1.328333, col error: 0.000000
Starting Iterative Proportional Fitting (IPF)...
IPF converged at iteration 52
IPF row error: 1.298213, col error: 0.000000
IPF converged at iteration 37
IPF row error: 39.048657, col error: 0.000000
Starting Iterative Proportional Fitting (IPF)...
Starting Iterative Proportional Fitting (IPF)...
IPF converged at iteration 34
IPF row error: 82.263529, col error: 0.000000
IPF converged at iteration 49
IPF row error: 1.999516, col error: 0.000000
Starting Iterative Proportional Fitting (IPF)...
Starting Iterative Proportional Fitting (IPF)...
IPF converged at iteration 33
IPF row error: 105.275593, col error: 0.000000
Starting Iterative Proportional Fitting (IPF)...
IPF converged at iteration 57
IPF row error: 1.218129, col error: 0.000000
IPF converged at iteration 30
IPF row error: 196.879866, col error: 0.000000
Starting Iterative Proportional Fitting (IPF)...
Starting Iterative Proportional Fitting (IPF)...
IPF converged at iteration 33
IPF row error: 91.487034, col error: 0.000000
Starting Iterative Proportional Fitting (IPF)...
IPF converged at iteration 33
IPF row error: 101.553343, col error: 0.000000
IPF converged at iteration 57
IPF row error: 1.270343, col error: 0.000000
Starting Iterative Proportional Fitting (IPF)...
Starting Iterative Proportional Fitting (IPF)...
IPF converged at iteration 35
IPF row error: 64.038162, col error: 0.000000
Starting Iterative Proportional Fitting (IPF)...
IPF converged at iteration 56
IPF row error: 1.322120, col error: 0.000000
Starting Iterative Proportional Fitting (IPF)...
IPF converged at iteration 31
IPF row error: 146.456956, col error: 0.000000
Starting Iterative Proportional Fitting (IPF)...
IPF converged at iteration 34
IPF row error: 79.100184, col error: 0.000000
Starting Iterative Proportional Fitting (IPF)...
IPF converged at iteration 57
IPF row error: 1.270343, col error: 0.000000
Starting Iterative Proportional Fitting (IPF)...
IPF converged at iteration 56
IPF row error: 1.327120, col error: 0.000000
IPF converged at iteration 35
IPF row error: 61.362114, col error: 0.000000
Starting Iterative Proportional Fitting (IPF)...
Starting Iterative Proportional Fitting (IPF)...
IPF converged at iteration 52
IPF row error: 1.284301, col error: 0.000000
IPF converged at iteration 33
Starting Iterative Proportional Fitting (IPF)...
IPF row error: 90.667773, col error: 0.000000
Starting Iterative Proportional Fitting (IPF)...
IPF converged at iteration 34
IPF row error: 74.534950, col error: 0.000000
Starting Iterative Proportional Fitting (IPF)...
IPF converged at iteration 57
IPF row error: 1.218129, col error: 0.000000
Starting Iterative Proportional Fitting (IPF)...
IPF converged at iteration 61
IPF row error: 1.215772, col error: 0.000000
Starting Iterative Proportional Fitting (IPF)...
IPF converged at iteration 56
IPF row error: 1.243000, col error: 0.000000
Starting Iterative Proportional Fitting (IPF)...
IPF converged at iteration 52
IPF row error: 1.291922, col error: 0.000000
IPF converged at iteration 34
IPF row error: 79.265708, col error: 0.000000
Starting Iterative Proportional Fitting (IPF)...
Starting Iterative Proportional Fitting (IPF)...
IPF converged at iteration 49
IPF row error: 1.938747, col error: 0.000000
Starting Iterative Proportional Fitting (IPF)...
IPF converged at iteration 57
IPF row error: 1.218129, col error: 0.000000
Starting Iterative Proportional Fitting (IPF)...
IPF converged at iteration 30
IPF row error: 186.367734, col error: 0.000000
  [2023/test] 진행 1290/1750 (73.7%) | 누적 CPC 0.4345 | RMSE 689.7318 | %RMSE 9.7823 | 경과 16.3분 | 예상 남음 5.8분
Starting Iterative Proportional Fitting (IPF)...
IPF converged at iteration 34
IPF row error: 72.841264, col error: 0.000000
Starting Iterative Proportional Fitting (IPF)...
IPF converged at iteration 61
IPF row error: 1.258415, col error: 0.000000
Starting Iterative Proportional Fitting (IPF)...
IPF converged at iteration 56
IPF row error: 1.232100, col error: 0.000000
IPF converged at iteration 52
Starting Iterative Proportional Fitting (IPF)...
IPF row error: 1.298213, col error: 0.000000
Starting Iterative Proportional Fitting (IPF)...
IPF converged at iteration 52
IPF row error: 1.283559, col error: 0.000000
Starting Iterative Proportional Fitting (IPF)...
IPF converged at iteration 49
IPF row error: 1.996201, col error: 0.000000
Starting Iterative Proportional Fitting (IPF)...
IPF converged at iteration 56
IPF row error: 1.328759, col error: 0.000000
Starting Iterative Proportional Fitting (IPF)...
IPF converged at iteration 61
IPF row error: 1.215772, col error: 0.000000
Starting Iterative Proportional Fitting (IPF)...
IPF converged at iteration 56
IPF row error: 1.329938, col error: 0.000000
Starting Iterative Proportional Fitting (IPF)...
IPF converged at iteration 56
IPF row error: 1.233803, col error: 0.000000
Starting Iterative Proportional Fitting (IPF)...
IPF converged at iteration 30
IPF row error: 170.500725, col error: 0.000000
Starting Iterative Proportional Fitting (IPF)...
IPF converged at iteration 31
IPF row error: 172.194842, col error: 0.000000
Starting Iterative Proportional Fitting (IPF)...
IPF converged at iteration 32
IPF converged at iteration 58
IPF row error: 126.721642, col error: 0.000000
IPF row error: 1.329551, col error: 0.000000
Starting Iterative Proportional Fitting (IPF)...
Starting Iterative Proportional Fitting (IPF)...
IPF converged at iteration 53
IPF row error: 1.288727, col error: 0.000000
Starting Iterative Proportional Fitting (IPF)...
IPF converged at iteration 33
IPF converged at iteration 53
IPF row error: 94.051931, col error: 0.000000
IPF row error: 1.288727, col error: 0.000000
Starting Iterative Proportional Fitting (IPF)...
Starting Iterative Proportional Fitting (IPF)...
IPF converged at iteration 53
IPF row error: 1.288727, col error: 0.000000
Starting Iterative Proportional Fitting (IPF)...
IPF converged at iteration 53
IPF row error: 1.293937, col error: 0.000000
Starting Iterative Proportional Fitting (IPF)...
IPF converged at iteration 32
IPF row error: 118.358532, col error: 0.000000
Starting Iterative Proportional Fitting (IPF)...
IPF converged at iteration 58
IPF converged at iteration 59
IPF row error: 1.334340, col error: 0.000000
IPF row error: 1.303724, col error: 0.000000
Starting Iterative Proportional Fitting (IPF)...
Starting Iterative Proportional Fitting (IPF)...
IPF converged at iteration 53
IPF row error: 1.293937, col error: 0.000000
Starting Iterative Proportional Fitting (IPF)...
IPF converged at iteration 34
IPF row error: 77.688825, col error: 0.000000
Starting Iterative Proportional Fitting (IPF)...
IPF converged at iteration 53
IPF row error: 1.288727, col error: 0.000000
Starting Iterative Proportional Fitting (IPF)...
IPF converged at iteration 58
IPF row error: 1.329551, col error: 0.000000
IPF converged at iteration 31
Starting Iterative Proportional Fitting (IPF)...
IPF row error: 135.857697, col error: 0.000000
Starting Iterative Proportional Fitting (IPF)...
IPF converged at iteration 34
IPF row error: 86.932250, col error: 0.000000
Starting Iterative Proportional Fitting (IPF)...
IPF converged at iteration 39
IPF row error: 25.284147, col error: 0.000000
Starting Iterative Proportional Fitting (IPF)...
IPF converged at iteration 53
IPF row error: 1.293937, col error: 0.000000
  [2023/test] 진행 1320/1750 (75.4%) | 누적 CPC 0.4283 | RMSE 701.6314 | %RMSE 9.8638 | 경과 16.8분 | 예상 남음 5.5분
Starting Iterative Proportional Fitting (IPF)...
IPF converged at iteration 33
IPF row error: 104.067647, col error: 0.000000
Starting Iterative Proportional Fitting (IPF)...
IPF converged at iteration 53
IPF row error: 1.288727, col error: 0.000000
Starting Iterative Proportional Fitting (IPF)...
IPF converged at iteration 31
IPF row error: 149.996998, col error: 0.000000
IPF converged at iteration 38
IPF row error: 31.202002, col error: 0.000000
Starting Iterative Proportional Fitting (IPF)...
Starting Iterative Proportional Fitting (IPF)...
IPF converged at iteration 29
IPF row error: 209.136491, col error: 0.000000
Starting Iterative Proportional Fitting (IPF)...
IPF converged at iteration 58
IPF row error: 1.329551, col error: 0.000000
Starting Iterative Proportional Fitting (IPF)...
IPF converged at iteration 33
IPF row error: 95.627134, col error: 0.000000
Starting Iterative Proportional Fitting (IPF)...
IPF converged at iteration 32
IPF row error: 136.227022, col error: 0.000000
Starting Iterative Proportional Fitting (IPF)...
IPF converged at iteration 53
IPF row error: 1.293937, col error: 0.000000
Starting Iterative Proportional Fitting (IPF)...
IPF converged at iteration 31
IPF row error: 154.461569, col error: 0.000000
Starting Iterative Proportional Fitting (IPF)...
IPF converged at iteration 33
IPF row error: 100.961037, col error: 0.000000
Starting Iterative Proportional Fitting (IPF)...
IPF converged at iteration 33
IPF row error: 107.508445, col error: 0.000000
IPF converged at iteration 58
IPF row error: 1.329551, col error: 0.000000
Starting Iterative Proportional Fitting (IPF)...
Starting Iterative Proportional Fitting (IPF)...
IPF converged at iteration 29
IPF row error: 168.646760, col error: 0.000000
IPF converged at iteration 53
IPF row error: 1.293937, col error: 0.000000
Starting Iterative Proportional Fitting (IPF)...
Starting Iterative Proportional Fitting (IPF)...
IPF converged at iteration 33
IPF row error: 99.591944, col error: 0.000000
Starting Iterative Proportional Fitting (IPF)...
IPF converged at iteration 59
IPF row error: 1.303724, col error: 0.000000
Starting Iterative Proportional Fitting (IPF)...
IPF converged at iteration 38
IPF row error: 31.307384, col error: 0.000000
IPF converged at iteration 34
IPF row error: 77.360881, col error: 0.000000
Starting Iterative Proportional Fitting (IPF)...
Starting Iterative Proportional Fitting (IPF)...
IPF converged at iteration 53
IPF row error: 1.293937, col error: 0.000000
Starting Iterative Proportional Fitting (IPF)...
IPF converged at iteration 53
IPF row error: 1.293937, col error: 0.000000
Starting Iterative Proportional Fitting (IPF)...
IPF converged at iteration 33
IPF row error: 86.285468, col error: 0.000000
Starting Iterative Proportional Fitting (IPF)...
IPF converged at iteration 31
IPF row error: 149.363953, col error: 0.000000
Starting Iterative Proportional Fitting (IPF)...
IPF converged at iteration 53
IPF row error: 1.293937, col error: 0.000000
Starting Iterative Proportional Fitting (IPF)...
IPF converged at iteration 31
IPF row error: 131.897910, col error: 0.000000
Starting Iterative Proportional Fitting (IPF)...
IPF converged at iteration 53
IPF converged at iteration 58
IPF row error: 1.293937, col error: 0.000000
IPF row error: 1.342334, col error: 0.000000
Starting Iterative Proportional Fitting (IPF)...
Starting Iterative Proportional Fitting (IPF)...
IPF converged at iteration 53
IPF row error: 1.293937, col error: 0.000000
Starting Iterative Proportional Fitting (IPF)...
IPF converged at iteration 31
IPF row error: 152.230064, col error: 0.000000
Starting Iterative Proportional Fitting (IPF)...
IPF converged at iteration 7
IPF row error: 52.785009, col error: 0.000000
  [2023/test] 진행 1350/1750 (77.1%) | 누적 CPC 0.4212 | RMSE 745.0372 | %RMSE 10.1993 | 경과 17.2분 | 예상 남음 5.1분
Starting Iterative Proportional Fitting (IPF)...
IPF converged at iteration 33
IPF row error: 96.763110, col error: 0.000000
Starting Iterative Proportional Fitting (IPF)...
IPF converged at iteration 7
IPF row error: 52.785009, col error: 0.000000
IPF converged at iteration 55
IPF row error: 1.365933, col error: 0.000000
Starting Iterative Proportional Fitting (IPF)...
IPF converged at iteration 58
IPF row error: 1.334340, col error: 0.000000
Starting Iterative Proportional Fitting (IPF)...
Starting Iterative Proportional Fitting (IPF)...
IPF converged at iteration 7
IPF row error: 66.201533, col error: 0.000000
Starting Iterative Proportional Fitting (IPF)...
IPF converged at iteration 7
IPF row error: 53.664273, col error: 0.000000
Starting Iterative Proportional Fitting (IPF)...
IPF converged at iteration 48
IPF row error: 2.919771, col error: 0.000000
IPF converged at iteration 30
IPF converged at iteration 33
Starting Iterative Proportional Fitting (IPF)...
IPF row error: 155.053268, col error: 0.000000
IPF row error: 89.988802, col error: 0.000000
Starting Iterative Proportional Fitting (IPF)...
Starting Iterative Proportional Fitting (IPF)...
IPF converged at iteration 7
IPF row error: 53.233933, col error: 0.000000
Starting Iterative Proportional Fitting (IPF)...
IPF converged at iteration 54
IPF row error: 1.277480, col error: 0.000000
IPF converged at iteration 31
IPF row error: 113.803602, col error: 0.000000
Starting Iterative Proportional Fitting (IPF)...
Starting Iterative Proportional Fitting (IPF)...
IPF converged at iteration 54
IPF converged at iteration 55IPF row error: 1.226363, col error: 0.000000

IPF row error: 1.365933, col error: 0.000000
Starting Iterative Proportional Fitting (IPF)...
Starting Iterative Proportional Fitting (IPF)...
IPF converged at iteration 33
IPF converged at iteration 32
IPF row error: 33.214132, col error: 0.000000
IPF row error: 143.850444, col error: 0.000000
Starting Iterative Proportional Fitting (IPF)...
Starting Iterative Proportional Fitting (IPF)...
IPF converged at iteration 54
IPF row error: 1.277480, col error: 0.000000
Starting Iterative Proportional Fitting (IPF)...
IPF converged at iteration 7
IPF converged at iteration 62
IPF row error: 52.736410, col error: 0.000000
IPF row error: 1.367582, col error: 0.000000
Starting Iterative Proportional Fitting (IPF)...
Starting Iterative Proportional Fitting (IPF)...
IPF converged at iteration 31
IPF row error: 143.635234, col error: 0.000000
Starting Iterative Proportional Fitting (IPF)...
IPF converged at iteration 31
IPF converged at iteration 31
IPF row error: 153.280565, col error: 0.000000
IPF row error: 134.783668, col error: 0.000000
Starting Iterative Proportional Fitting (IPF)...
Starting Iterative Proportional Fitting (IPF)...
IPF converged at iteration 7
IPF converged at iteration 54
IPF row error: 53.185017, col error: 0.000000
IPF row error: 1.261786, col error: 0.000000
Starting Iterative Proportional Fitting (IPF)...
Starting Iterative Proportional Fitting (IPF)...
IPF converged at iteration 7
IPF row error: 55.316792, col error: 0.000000
Starting Iterative Proportional Fitting (IPF)...
IPF converged at iteration 31
IPF row error: 143.425236, col error: 0.000000
IPF converged at iteration 7
IPF row error: 52.785009, col error: 0.000000
Starting Iterative Proportional Fitting (IPF)...
Starting Iterative Proportional Fitting (IPF)...
IPF converged at iteration 7
IPF converged at iteration 30
IPF row error: 56.442586, col error: 0.000000
IPF row error: 64.009117, col error: 0.000000
Starting Iterative Proportional Fitting (IPF)...
Starting Iterative Proportional Fitting (IPF)...
IPF converged at iteration 55
IPF row error: 1.365933, col error: 0.000000
  [2023/test] 진행 1380/1750 (78.9%) | 누적 CPC 0.4159 | RMSE 994.6651 | %RMSE 12.6932 | 경과 17.5분 | 예상 남음 4.7분
Starting Iterative Proportional Fitting (IPF)...
IPF converged at iteration 31
IPF row error: 126.604967, col error: 0.000000
Starting Iterative Proportional Fitting (IPF)...
IPF converged at iteration 7
IPF row error: 52.785009, col error: 0.000000
IPF converged at iteration 30
IPF row error: 161.095684, col error: 0.000000
Starting Iterative Proportional Fitting (IPF)...
Starting Iterative Proportional Fitting (IPF)...
IPF converged at iteration 32
IPF row error: 195.892010, col error: 0.000000
Starting Iterative Proportional Fitting (IPF)...
IPF converged at iteration 56
IPF row error: 1.235092, col error: 0.000000
Starting Iterative Proportional Fitting (IPF)...
IPF converged at iteration 28
IPF row error: 138.825204, col error: 0.000000
Starting Iterative Proportional Fitting (IPF)...
IPF converged at iteration 31
IPF row error: 172.050432, col error: 0.000000
Starting Iterative Proportional Fitting (IPF)...
IPF converged at iteration 63
IPF converged at iteration 54
IPF row error: 1.265771, col error: 0.000000
IPF row error: 1.226363, col error: 0.000000
Starting Iterative Proportional Fitting (IPF)...
Starting Iterative Proportional Fitting (IPF)...
IPF converged at iteration 54
IPF row error: 1.295869, col error: 0.000000
IPF converged at iteration 62
IPF row error: 1.373016, col error: 0.000000
IPF converged at iteration 9
Starting Iterative Proportional Fitting (IPF)...IPF row error: 2.085691, col error: 0.000000

Starting Iterative Proportional Fitting (IPF)...
Starting Iterative Proportional Fitting (IPF)...
IPF converged at iteration 35
IPF row error: 60.449139, col error: 0.000000
Starting Iterative Proportional Fitting (IPF)...
IPF converged at iteration 54
IPF row error: 1.277480, col error: 0.000000
Starting Iterative Proportional Fitting (IPF)...
IPF converged at iteration 63
IPF row error: 1.224154, col error: 0.000000
IPF converged at iteration 63
IPF row error: 1.224154, col error: 0.000000
Starting Iterative Proportional Fitting (IPF)...
Starting Iterative Proportional Fitting (IPF)...
IPF converged at iteration 54
IPF row error: 1.277480, col error: 0.000000
Starting Iterative Proportional Fitting (IPF)...
IPF converged at iteration 34
IPF row error: 80.271065, col error: 0.000000
Starting Iterative Proportional Fitting (IPF)...
IPF converged at iteration 62
IPF row error: 1.373016, col error: 0.000000
Starting Iterative Proportional Fitting (IPF)...
IPF converged at iteration 56
IPF row error: 1.235092, col error: 0.000000
Starting Iterative Proportional Fitting (IPF)...
IPF converged at iteration 31
IPF row error: 134.718668, col error: 0.000000
Starting Iterative Proportional Fitting (IPF)...
IPF converged at iteration 48
IPF row error: 2.394874, col error: 0.000000
Starting Iterative Proportional Fitting (IPF)...
IPF converged at iteration 58
IPF row error: 1.218579, col error: 0.000000
IPF converged at iteration 31
IPF row error: 137.350904, col error: 0.000000
IPF converged at iteration 44
Starting Iterative Proportional Fitting (IPF)...
IPF row error: 5.965651, col error: 0.000000
Starting Iterative Proportional Fitting (IPF)...
IPF converged at iteration 29
IPF row error: 210.035717, col error: 0.000000
Starting Iterative Proportional Fitting (IPF)...
Starting Iterative Proportional Fitting (IPF)...
IPF converged at iteration 34
IPF row error: 73.565674, col error: 0.000000
Starting Iterative Proportional Fitting (IPF)...
IPF converged at iteration 44
IPF row error: 6.114235, col error: 0.000000
IPF converged at iteration 44
IPF row error: 6.030914, col error: 0.000000
Starting Iterative Proportional Fitting (IPF)...
Starting Iterative Proportional Fitting (IPF)...
IPF converged at iteration 58
IPF row error: 1.235290, col error: 0.000000
  [2023/test] 진행 1410/1750 (80.6%) | 누적 CPC 0.4119 | RMSE 1061.8932 | %RMSE 13.2545 | 경과 17.9분 | 예상 남음 4.3분
Starting Iterative Proportional Fitting (IPF)...
IPF converged at iteration 31
IPF row error: 136.497921, col error: 0.000000
Starting Iterative Proportional Fitting (IPF)...
IPF converged at iteration 34
IPF row error: 80.431539, col error: 0.000000
IPF converged at iteration 44
IPF row error: 6.056246, col error: 0.000000
Starting Iterative Proportional Fitting (IPF)...
Starting Iterative Proportional Fitting (IPF)...
IPF converged at iteration 29
IPF row error: 193.523584, col error: 0.000000
Starting Iterative Proportional Fitting (IPF)...
IPF converged at iteration 30
IPF converged at iteration 32
IPF row error: 161.277046, col error: 0.000000
IPF row error: 100.307904, col error: 0.000000
Starting Iterative Proportional Fitting (IPF)...
Starting Iterative Proportional Fitting (IPF)...
IPF converged at iteration 44
IPF row error: 6.092177, col error: 0.000000
Starting Iterative Proportional Fitting (IPF)...
IPF converged at iteration 48
IPF row error: 2.400528, col error: 0.000000
Starting Iterative Proportional Fitting (IPF)...
IPF converged at iteration 31
IPF row error: 142.685513, col error: 0.000000
Starting Iterative Proportional Fitting (IPF)...
IPF converged at iteration 31
IPF row error: 160.640519, col error: 0.000000
Starting Iterative Proportional Fitting (IPF)...
IPF converged at iteration 58
IPF row error: 1.218622, col error: 0.000000
Starting Iterative Proportional Fitting (IPF)...
IPF converged at iteration 30
IPF row error: 213.404931, col error: 0.000000
Starting Iterative Proportional Fitting (IPF)...
IPF converged at iteration 44
IPF row error: 5.971228, col error: 0.000000
Starting Iterative Proportional Fitting (IPF)...
IPF converged at iteration 44
IPF row error: 6.092177, col error: 0.000000
Starting Iterative Proportional Fitting (IPF)...
IPF converged at iteration 33
IPF row error: 91.445703, col error: 0.000000
Starting Iterative Proportional Fitting (IPF)...
IPF converged at iteration 44
IPF row error: 6.080052, col error: 0.000000
Starting Iterative Proportional Fitting (IPF)...
IPF converged at iteration 44
IPF row error: 6.043868, col error: 0.000000
Starting Iterative Proportional Fitting (IPF)...
IPF converged at iteration 48
IPF row error: 2.394874, col error: 0.000000
Starting Iterative Proportional Fitting (IPF)...
IPF converged at iteration 44
IPF row error: 5.965651, col error: 0.000000
Starting Iterative Proportional Fitting (IPF)...
IPF converged at iteration 29
IPF row error: 187.645360, col error: 0.000000
Starting Iterative Proportional Fitting (IPF)...
IPF converged at iteration 44
IPF row error: 6.130726, col error: 0.000000
Starting Iterative Proportional Fitting (IPF)...
IPF converged at iteration 36
IPF row error: 42.948460, col error: 0.000000
IPF converged at iteration 43
IPF row error: 8.556202, col error: 0.000000
Starting Iterative Proportional Fitting (IPF)...
Starting Iterative Proportional Fitting (IPF)...
IPF converged at iteration 35
IPF row error: 59.302168, col error: 0.000000
IPF converged at iteration 44
Starting Iterative Proportional Fitting (IPF)...
IPF row error: 6.022677, col error: 0.000000
Starting Iterative Proportional Fitting (IPF)...
IPF converged at iteration 27
IPF row error: 105.329371, col error: 0.000000
Starting Iterative Proportional Fitting (IPF)...
IPF converged at iteration 32
IPF row error: 117.856306, col error: 0.000000
Starting Iterative Proportional Fitting (IPF)...
IPF converged at iteration 50
IPF row error: 5.384666, col error: 0.000000
Starting Iterative Proportional Fitting (IPF)...
IPF converged at iteration 31
IPF row error: 132.028877, col error: 0.000000
IPF converged at iteration 48
IPF row error: 2.401045, col error: 0.000000
  [2023/test] 진행 1440/1750 (82.3%) | 누적 CPC 0.4091 | RMSE 1073.1686 | %RMSE 13.2856 | 경과 18.3분 | 예상 남음 3.9분
Starting Iterative Proportional Fitting (IPF)...
Starting Iterative Proportional Fitting (IPF)...
IPF converged at iteration 32
IPF row error: 117.786113, col error: 0.000000
Starting Iterative Proportional Fitting (IPF)...
IPF converged at iteration 48
IPF row error: 2.402127, col error: 0.000000
IPF converged at iteration 30
IPF row error: 179.498852, col error: 0.000000
Starting Iterative Proportional Fitting (IPF)...
Starting Iterative Proportional Fitting (IPF)...
IPF converged at iteration 31
IPF row error: 138.347812, col error: 0.000000
IPF converged at iteration 58
IPF row error: 1.209573, col error: 0.000000
Starting Iterative Proportional Fitting (IPF)...
Starting Iterative Proportional Fitting (IPF)...
IPF converged at iteration 32
IPF row error: 97.059971, col error: 0.000000
Starting Iterative Proportional Fitting (IPF)...
IPF converged at iteration 33
IPF row error: 105.129680, col error: 0.000000
Starting Iterative Proportional Fitting (IPF)...
IPF converged at iteration 31
IPF converged at iteration 33
IPF row error: 160.089954, col error: 0.000000
IPF row error: 91.515095, col error: 0.000000
Starting Iterative Proportional Fitting (IPF)...
Starting Iterative Proportional Fitting (IPF)...
IPF converged at iteration 33
IPF row error: 88.649620, col error: 0.000000
Starting Iterative Proportional Fitting (IPF)...
IPF converged at iteration 44
IPF row error: 6.030914, col error: 0.000000
Starting Iterative Proportional Fitting (IPF)...
IPF converged at iteration 34
IPF row error: 73.112237, col error: 0.000000
IPF converged at iteration 48
IPF row error: 2.460483, col error: 0.000000
IPF converged at iteration 33
Starting Iterative Proportional Fitting (IPF)...
IPF row error: 94.287343, col error: 0.000000
Starting Iterative Proportional Fitting (IPF)...
IPF converged at iteration 54
IPF row error: 1.352643, col error: 0.000000
Starting Iterative Proportional Fitting (IPF)...
Starting Iterative Proportional Fitting (IPF)...
IPF converged at iteration 34
IPF row error: 84.368170, col error: 0.000000
IPF converged at iteration 31
IPF row error: 141.551198, col error: 0.000000
Starting Iterative Proportional Fitting (IPF)...
Starting Iterative Proportional Fitting (IPF)...
IPF converged at iteration 54
IPF row error: 1.355766, col error: 0.000000
Starting Iterative Proportional Fitting (IPF)...
IPF converged at iteration 56
IPF row error: 1.247756, col error: 0.000000
Starting Iterative Proportional Fitting (IPF)...
IPF converged at iteration 32
IPF row error: 105.936233, col error: 0.000000
IPF converged at iteration 33
IPF row error: 103.906791, col error: 0.000000
Starting Iterative Proportional Fitting (IPF)...
Starting Iterative Proportional Fitting (IPF)...
IPF converged at iteration 32
IPF row error: 186.460233, col error: 0.000000
Starting Iterative Proportional Fitting (IPF)...
IPF converged at iteration 30
IPF row error: 170.955041, col error: 0.000000
Starting Iterative Proportional Fitting (IPF)...
IPF converged at iteration 30
IPF row error: 44.727386, col error: 0.000000
Starting Iterative Proportional Fitting (IPF)...
IPF converged at iteration 48
IPF row error: 2.457183, col error: 0.000000
Starting Iterative Proportional Fitting (IPF)...
IPF converged at iteration 35
IPF row error: 50.737875, col error: 0.000000
IPF converged at iteration 48
IPF row error: 2.445152, col error: 0.000000
Starting Iterative Proportional Fitting (IPF)...
Starting Iterative Proportional Fitting (IPF)...
IPF converged at iteration 56
IPF converged at iteration 32
IPF row error: 1.280170, col error: 0.000000
IPF row error: 167.049907, col error: 0.000000
Starting Iterative Proportional Fitting (IPF)...
Starting Iterative Proportional Fitting (IPF)...
IPF converged at iteration 32
IPF row error: 33.235846, col error: 0.000000
  [2023/test] 진행 1470/1750 (84.0%) | 누적 CPC 0.4067 | RMSE 1075.3237 | %RMSE 13.2700 | 경과 18.7분 | 예상 남음 3.6분
IPF converged at iteration 48
IPF row error: 2.433709, col error: 0.000000
Starting Iterative Proportional Fitting (IPF)...
Starting Iterative Proportional Fitting (IPF)...
IPF converged at iteration 56
IPF row error: 1.256096, col error: 0.000000
Starting Iterative Proportional Fitting (IPF)...
IPF converged at iteration 56
IPF row error: 1.280170, col error: 0.000000
Starting Iterative Proportional Fitting (IPF)...
IPF converged at iteration 31
IPF row error: 130.835768, col error: 0.000000
Starting Iterative Proportional Fitting (IPF)...
IPF converged at iteration 54
IPF row error: 1.344406, col error: 0.000000
Starting Iterative Proportional Fitting (IPF)...
IPF converged at iteration 48
IPF converged at iteration 36
IPF row error: 2.450636, col error: 0.000000
IPF row error: 47.594024, col error: 0.000000
Starting Iterative Proportional Fitting (IPF)...
Starting Iterative Proportional Fitting (IPF)...
IPF converged at iteration 48
IPF row error: 2.455458, col error: 0.000000
Starting Iterative Proportional Fitting (IPF)...
IPF converged at iteration 35
IPF row error: 61.130508, col error: 0.000000
Starting Iterative Proportional Fitting (IPF)...
IPF converged at iteration 48
IPF row error: 2.433709, col error: 0.000000
Starting Iterative Proportional Fitting (IPF)...
IPF converged at iteration 31
IPF row error: 46.544546, col error: 0.000000
IPF converged at iteration 56
IPF row error: 1.283312, col error: 0.000000
Starting Iterative Proportional Fitting (IPF)...
Starting Iterative Proportional Fitting (IPF)...
IPF converged at iteration 29
IPF row error: 166.633778, col error: 0.000000
Starting Iterative Proportional Fitting (IPF)...
IPF converged at iteration 31
IPF row error: 129.953548, col error: 0.000000
Starting Iterative Proportional Fitting (IPF)...
IPF converged at iteration 33
IPF row error: 95.502734, col error: 0.000000
IPF converged at iteration 48
IPF row error: 2.455994, col error: 0.000000
Starting Iterative Proportional Fitting (IPF)...
Starting Iterative Proportional Fitting (IPF)...
IPF converged at iteration 28
IPF row error: 198.919065, col error: 0.000000
Starting Iterative Proportional Fitting (IPF)...
IPF converged at iteration 33
IPF row error: 101.375547, col error: 0.000000
Starting Iterative Proportional Fitting (IPF)...
IPF converged at iteration 40
IPF row error: 16.358077, col error: 0.000000
Starting Iterative Proportional Fitting (IPF)...
IPF converged at iteration 56
IPF row error: 1.280170, col error: 0.000000
IPF converged at iteration 48
Starting Iterative Proportional Fitting (IPF)...
IPF row error: 2.444629, col error: 0.000000
Starting Iterative Proportional Fitting (IPF)...
IPF converged at iteration 48
IPF row error: 2.402236, col error: 0.000000
Starting Iterative Proportional Fitting (IPF)...
IPF converged at iteration 48
IPF row error: 2.443439, col error: 0.000000
Starting Iterative Proportional Fitting (IPF)...
IPF converged at iteration 48
IPF row error: 2.402236, col error: 0.000000
IPF converged at iteration 56
IPF row error: 1.247756, col error: 0.000000
Starting Iterative Proportional Fitting (IPF)...
Starting Iterative Proportional Fitting (IPF)...
IPF converged at iteration 31
IPF row error: 130.250340, col error: 0.000000
Starting Iterative Proportional Fitting (IPF)...
IPF converged at iteration 33
IPF row error: 93.195297, col error: 0.000000
IPF converged at iteration 31
IPF row error: 158.940713, col error: 0.000000
IPF converged at iteration 48
Starting Iterative Proportional Fitting (IPF)...
IPF row error: 2.440575, col error: 0.000000
Starting Iterative Proportional Fitting (IPF)...
Starting Iterative Proportional Fitting (IPF)...
IPF converged at iteration 54
IPF converged at iteration 32
IPF row error: 1.350970, col error: 0.000000
  [2023/test] 진행 1500/1750 (85.7%) | 누적 CPC 0.4036 | RMSE 1075.7786 | %RMSE 13.2472 | 경과 19.1분 | 예상 남음 3.2분
IPF row error: 115.151906, col error: 0.000000
Starting Iterative Proportional Fitting (IPF)...
Starting Iterative Proportional Fitting (IPF)...
IPF converged at iteration 53
IPF row error: 1.364704, col error: 0.000000
IPF converged at iteration 53
IPF row error: 1.372200, col error: 0.000000
Starting Iterative Proportional Fitting (IPF)...
Starting Iterative Proportional Fitting (IPF)...
IPF converged at iteration 31
IPF row error: 137.734628, col error: 0.000000
Starting Iterative Proportional Fitting (IPF)...
IPF converged at iteration 53
IPF converged at iteration 31
IPF row error: 1.316322, col error: 0.000000
IPF row error: 142.395857, col error: 0.000000
Starting Iterative Proportional Fitting (IPF)...
Starting Iterative Proportional Fitting (IPF)...
IPF converged at iteration 53
IPF row error: 1.372200, col error: 0.000000
Starting Iterative Proportional Fitting (IPF)...
IPF converged at iteration 53
IPF row error: 1.367982, col error: 0.000000
Starting Iterative Proportional Fitting (IPF)...
IPF converged at iteration 53
IPF row error: 1.326871, col error: 0.000000
Starting Iterative Proportional Fitting (IPF)...
IPF converged at iteration 32
IPF row error: 115.549728, col error: 0.000000
IPF converged at iteration 60
IPF row error: 1.219103, col error: 0.000000
Starting Iterative Proportional Fitting (IPF)...
Starting Iterative Proportional Fitting (IPF)...
IPF converged at iteration 33
IPF row error: 96.110589, col error: 0.000000
IPF converged at iteration 54
IPF row error: 1.269875, col error: 0.000000
Starting Iterative Proportional Fitting (IPF)...
Starting Iterative Proportional Fitting (IPF)...
IPF converged at iteration 53
IPF row error: 1.323738, col error: 0.000000
Starting Iterative Proportional Fitting (IPF)...
IPF converged at iteration 59
IPF row error: 1.377685, col error: 0.000000
Starting Iterative Proportional Fitting (IPF)...
IPF converged at iteration 54
IPF row error: 1.296214, col error: 0.000000
IPF converged at iteration 53
IPF row error: 1.336626, col error: 0.000000
Starting Iterative Proportional Fitting (IPF)...
Starting Iterative Proportional Fitting (IPF)...
IPF converged at iteration 25
IPF row error: 123.105251, col error: 0.000000
Starting Iterative Proportional Fitting (IPF)...
IPF converged at iteration 33
IPF row error: 90.713453, col error: 0.000000
Starting Iterative Proportional Fitting (IPF)...
IPF converged at iteration 29
IPF converged at iteration 31
IPF row error: 211.030174, col error: 0.000000
IPF row error: 130.959139, col error: 0.000000
Starting Iterative Proportional Fitting (IPF)...
Starting Iterative Proportional Fitting (IPF)...
IPF converged at iteration 31
IPF row error: 124.756126, col error: 0.000000
Starting Iterative Proportional Fitting (IPF)...
IPF converged at iteration 53
IPF row error: 1.333288, col error: 0.000000
Starting Iterative Proportional Fitting (IPF)...
IPF converged at iteration 29
IPF row error: 164.172985, col error: 0.000000
IPF converged at iteration 33
Starting Iterative Proportional Fitting (IPF)...IPF row error: 107.979830, col error: 0.000000

Starting Iterative Proportional Fitting (IPF)...
IPF converged at iteration 32
IPF row error: 122.290782, col error: 0.000000
Starting Iterative Proportional Fitting (IPF)...
IPF converged at iteration 31
IPF row error: 133.834033, col error: 0.000000
Starting Iterative Proportional Fitting (IPF)...
IPF converged at iteration 31
IPF row error: 156.190047, col error: 0.000000
Starting Iterative Proportional Fitting (IPF)...
IPF converged at iteration 31
IPF row error: 150.735501, col error: 0.000000
Starting Iterative Proportional Fitting (IPF)...
IPF converged at iteration 53
IPF row error: 1.295997, col error: 0.000000
  [2023/test] 진행 1530/1750 (87.4%) | 누적 CPC 0.4000 | RMSE 1070.2438 | %RMSE 13.2604 | 경과 19.5분 | 예상 남음 2.8분
Starting Iterative Proportional Fitting (IPF)...
IPF converged at iteration 29
IPF row error: 175.637412, col error: 0.000000
Starting Iterative Proportional Fitting (IPF)...
IPF converged at iteration 34
IPF row error: 77.170154, col error: 0.000000
Starting Iterative Proportional Fitting (IPF)...
IPF converged at iteration 34
IPF row error: 82.076057, col error: 0.000000
Starting Iterative Proportional Fitting (IPF)...
IPF converged at iteration 25
IPF row error: 108.932275, col error: 0.000000
IPF converged at iteration 33
IPF row error: 113.216484, col error: 0.000000
Starting Iterative Proportional Fitting (IPF)...
Starting Iterative Proportional Fitting (IPF)...
IPF converged at iteration 28
IPF row error: 215.677087, col error: 0.000000
IPF converged at iteration 33
IPF row error: 104.419515, col error: 0.000000
Starting Iterative Proportional Fitting (IPF)...
Starting Iterative Proportional Fitting (IPF)...
IPF converged at iteration 45
IPF row error: 5.136855, col error: 0.000000
IPF converged at iteration 58
IPF row error: 1.384300, col error: 0.000000
Starting Iterative Proportional Fitting (IPF)...
Starting Iterative Proportional Fitting (IPF)...
IPF converged at iteration 33
IPF row error: 82.899319, col error: 0.000000
IPF converged at iteration 31
IPF row error: 142.784619, col error: 0.000000
Starting Iterative Proportional Fitting (IPF)...
Starting Iterative Proportional Fitting (IPF)...
IPF converged at iteration 33
IPF row error: 96.148725, col error: 0.000000
Starting Iterative Proportional Fitting (IPF)...
IPF converged at iteration 40
IPF row error: 18.270942, col error: 0.000000
Starting Iterative Proportional Fitting (IPF)...
IPF converged at iteration 29
IPF row error: 160.889082, col error: 0.000000
IPF converged at iteration 34
IPF row error: 73.435915, col error: 0.000000
Starting Iterative Proportional Fitting (IPF)...
Starting Iterative Proportional Fitting (IPF)...
IPF converged at iteration 30
IPF row error: 156.059380, col error: 0.000000
Starting Iterative Proportional Fitting (IPF)...
IPF converged at iteration 59
IPF row error: 1.218508, col error: 0.000000
Starting Iterative Proportional Fitting (IPF)...
IPF converged at iteration 58
IPF row error: 1.384300, col error: 0.000000
Starting Iterative Proportional Fitting (IPF)...
IPF converged at iteration 53
IPF row error: 1.328347, col error: 0.000000
Starting Iterative Proportional Fitting (IPF)...
IPF converged at iteration 48
IPF row error: 2.679252, col error: 0.000000
IPF converged at iteration 44
IPF row error: 7.420654, col error: 0.000000
Starting Iterative Proportional Fitting (IPF)...
Starting Iterative Proportional Fitting (IPF)...
IPF converged at iteration 58
IPF row error: 1.286729, col error: 0.000000
Starting Iterative Proportional Fitting (IPF)...
IPF converged at iteration 56
IPF row error: 1.267296, col error: 0.000000
Starting Iterative Proportional Fitting (IPF)...
IPF converged at iteration 46
IPF row error: 4.483825, col error: 0.000000
Starting Iterative Proportional Fitting (IPF)...
IPF converged at iteration 56
IPF row error: 1.270243, col error: 0.000000
Starting Iterative Proportional Fitting (IPF)...
IPF converged at iteration 35
IPF row error: 65.562984, col error: 0.000000
Starting Iterative Proportional Fitting (IPF)...
IPF converged at iteration 58
IPF row error: 1.290799, col error: 0.000000
Starting Iterative Proportional Fitting (IPF)...
IPF converged at iteration 32
IPF row error: 119.209846, col error: 0.000000
Starting Iterative Proportional Fitting (IPF)...
IPF converged at iteration 56
IPF row error: 1.261859, col error: 0.000000
Starting Iterative Proportional Fitting (IPF)...
IPF converged at iteration 29
IPF row error: 185.689472, col error: 0.000000
  [2023/test] 진행 1560/1750 (89.1%) | 누적 CPC 0.3973 | RMSE 1060.7561 | %RMSE 13.2329 | 경과 19.9분 | 예상 남음 2.4분
Starting Iterative Proportional Fitting (IPF)...
IPF converged at iteration 58
IPF row error: 1.283804, col error: 0.000000
Starting Iterative Proportional Fitting (IPF)...
IPF converged at iteration 58
IPF row error: 1.290799, col error: 0.000000
IPF converged at iteration 41
IPF row error: 13.174956, col error: 0.000000
Starting Iterative Proportional Fitting (IPF)...
Starting Iterative Proportional Fitting (IPF)...
IPF converged at iteration 56
IPF row error: 1.265366, col error: 0.000000
Starting Iterative Proportional Fitting (IPF)...
IPF converged at iteration 29
IPF row error: 164.981359, col error: 0.000000
IPF converged at iteration 32
IPF row error: 129.793452, col error: 0.000000
Starting Iterative Proportional Fitting (IPF)...
IPF converged at iteration 62
IPF row error: 1.296434, col error: 0.000000
Starting Iterative Proportional Fitting (IPF)...
Starting Iterative Proportional Fitting (IPF)...
IPF converged at iteration 33
IPF row error: 93.206657, col error: 0.000000
IPF converged at iteration 62
IPF row error: 1.300892, col error: 0.000000
Starting Iterative Proportional Fitting (IPF)...
Starting Iterative Proportional Fitting (IPF)...
IPF converged at iteration 56
IPF converged at iteration 56
IPF row error: 1.276088, col error: 0.000000
IPF row error: 1.266367, col error: 0.000000
Starting Iterative Proportional Fitting (IPF)...
Starting Iterative Proportional Fitting (IPF)...
IPF converged at iteration 34
IPF row error: 76.817000, col error: 0.000000
Starting Iterative Proportional Fitting (IPF)...
IPF converged at iteration 62
IPF row error: 1.300892, col error: 0.000000
Starting Iterative Proportional Fitting (IPF)...
IPF converged at iteration 58
IPF row error: 1.284745, col error: 0.000000
Starting Iterative Proportional Fitting (IPF)...
IPF converged at iteration 62
IPF row error: 1.300892, col error: 0.000000
Starting Iterative Proportional Fitting (IPF)...
IPF converged at iteration 56
IPF row error: 1.276365, col error: 0.000000
Starting Iterative Proportional Fitting (IPF)...
IPF converged at iteration 31
IPF row error: 137.935460, col error: 0.000000
IPF converged at iteration 56
Starting Iterative Proportional Fitting (IPF)...
IPF row error: 1.276365, col error: 0.000000
Starting Iterative Proportional Fitting (IPF)...
IPF converged at iteration 51
IPF row error: 1.379189, col error: 0.000000
IPF converged at iteration 56
IPF row error: 1.284272, col error: 0.000000
Starting Iterative Proportional Fitting (IPF)...
Starting Iterative Proportional Fitting (IPF)...
IPF converged at iteration 32
IPF row error: 178.808115, col error: 0.000000
Starting Iterative Proportional Fitting (IPF)...
IPF converged at iteration 58
IPF row error: 1.265714, col error: 0.000000
Starting Iterative Proportional Fitting (IPF)...
IPF converged at iteration 62
IPF row error: 1.307900, col error: 0.000000
IPF converged at iteration 29
IPF row error: 205.887305, col error: 0.000000
IPF converged at iteration 62
IPF row error: 1.296434, col error: 0.000000
Starting Iterative Proportional Fitting (IPF)...
Starting Iterative Proportional Fitting (IPF)...
Starting Iterative Proportional Fitting (IPF)...
IPF converged at iteration 58
IPF row error: 1.283804, col error: 0.000000
Starting Iterative Proportional Fitting (IPF)...
IPF converged at iteration 28
IPF row error: 168.898063, col error: 0.000000
Starting Iterative Proportional Fitting (IPF)...
IPF converged at iteration 31
IPF row error: 141.997640, col error: 0.000000
IPF converged at iteration 29
Starting Iterative Proportional Fitting (IPF)...
IPF row error: 202.155030, col error: 0.000000
Starting Iterative Proportional Fitting (IPF)...
IPF converged at iteration 56
IPF row error: 1.267826, col error: 0.000000
  [2023/test] 진행 1590/1750 (90.9%) | 누적 CPC 0.3938 | RMSE 1045.7882 | %RMSE 13.1318 | 경과 20.4분 | 예상 남음 2.0분
Starting Iterative Proportional Fitting (IPF)...
IPF converged at iteration 39
IPF row error: 22.512034, col error: 0.000000
Starting Iterative Proportional Fitting (IPF)...
IPF converged at iteration 58
IPF row error: 1.279279, col error: 0.000000
Starting Iterative Proportional Fitting (IPF)...IPF converged at iteration 56

IPF row error: 1.274026, col error: 0.000000
Starting Iterative Proportional Fitting (IPF)...
IPF converged at iteration 56
IPF row error: 1.266084, col error: 0.000000
Starting Iterative Proportional Fitting (IPF)...
IPF converged at iteration 29
IPF row error: 204.302807, col error: 0.000000
Starting Iterative Proportional Fitting (IPF)...
IPF converged at iteration 58
IPF row error: 1.266612, col error: 0.000000
Starting Iterative Proportional Fitting (IPF)...
IPF converged at iteration 62
IPF row error: 1.307900, col error: 0.000000
Starting Iterative Proportional Fitting (IPF)...
IPF converged at iteration 56
IPF row error: 1.273379, col error: 0.000000
Starting Iterative Proportional Fitting (IPF)...
IPF converged at iteration 56
IPF row error: 1.276365, col error: 0.000000
Starting Iterative Proportional Fitting (IPF)...
IPF converged at iteration 30
IPF row error: 157.956337, col error: 0.000000
Starting Iterative Proportional Fitting (IPF)...
IPF converged at iteration 56
IPF row error: 1.270243, col error: 0.000000
Starting Iterative Proportional Fitting (IPF)...
IPF converged at iteration 33
IPF row error: 98.567891, col error: 0.000000
Starting Iterative Proportional Fitting (IPF)...
IPF converged at iteration 33
IPF row error: 96.940198, col error: 0.000000
IPF converged at iteration 56
IPF row error: 1.330464, col error: 0.000000
Starting Iterative Proportional Fitting (IPF)...
Starting Iterative Proportional Fitting (IPF)...
IPF converged at iteration 57
IPF row error: 1.249929, col error: 0.000000
Starting Iterative Proportional Fitting (IPF)...
IPF converged at iteration 32
IPF row error: 123.371659, col error: 0.000000
Starting Iterative Proportional Fitting (IPF)...
IPF converged at iteration 57
IPF row error: 1.321988, col error: 0.000000
Starting Iterative Proportional Fitting (IPF)...
IPF converged at iteration 61
IPF row error: 1.378163, col error: 0.000000
Starting Iterative Proportional Fitting (IPF)...
IPF converged at iteration 32
IPF row error: 127.301716, col error: 0.000000
Starting Iterative Proportional Fitting (IPF)...
IPF converged at iteration 52
IPF row error: 1.242234, col error: 0.000000
Starting Iterative Proportional Fitting (IPF)...
IPF converged at iteration 29
IPF row error: 164.687884, col error: 0.000000
Starting Iterative Proportional Fitting (IPF)...
IPF converged at iteration 33
IPF row error: 90.572287, col error: 0.000000
IPF converged at iteration 52
IPF row error: 1.242922, col error: 0.000000
Starting Iterative Proportional Fitting (IPF)...
Starting Iterative Proportional Fitting (IPF)...
IPF converged at iteration 52
IPF row error: 1.298918, col error: 0.000000
Starting Iterative Proportional Fitting (IPF)...
IPF converged at iteration 32
IPF row error: 111.412479, col error: 0.000000
Starting Iterative Proportional Fitting (IPF)...
IPF converged at iteration 52
IPF row error: 1.383651, col error: 0.000000
Starting Iterative Proportional Fitting (IPF)...
IPF converged at iteration 52
IPF row error: 1.244003, col error: 0.000000
Starting Iterative Proportional Fitting (IPF)...
IPF converged at iteration 31
IPF row error: 150.983128, col error: 0.000000
Starting Iterative Proportional Fitting (IPF)...
IPF converged at iteration 40
IPF row error: 17.346485, col error: 0.000000
Starting Iterative Proportional Fitting (IPF)...
IPF converged at iteration 32
IPF row error: 112.280089, col error: 0.000000
  [2023/test] 진행 1620/1750 (92.6%) | 누적 CPC 0.3924 | RMSE 1034.7818 | %RMSE 13.0663 | 경과 20.8분 | 예상 남음 1.7분
Starting Iterative Proportional Fitting (IPF)...
IPF converged at iteration 32
IPF row error: 125.342037, col error: 0.000000
Starting Iterative Proportional Fitting (IPF)...
IPF converged at iteration 52
IPF row error: 1.393119, col error: 0.000000
Starting Iterative Proportional Fitting (IPF)...
IPF converged at iteration 56
IPF row error: 1.387287, col error: 0.000000
Starting Iterative Proportional Fitting (IPF)...
IPF converged at iteration 56
IPF row error: 1.233013, col error: 0.000000
Starting Iterative Proportional Fitting (IPF)...
IPF converged at iteration 56
IPF row error: 1.355307, col error: 0.000000
Starting Iterative Proportional Fitting (IPF)...
IPF converged at iteration 31
IPF row error: 110.025663, col error: 0.000000
Starting Iterative Proportional Fitting (IPF)...
IPF converged at iteration 52
IPF row error: 1.242603, col error: 0.000000
IPF converged at iteration 33
IPF row error: 94.669243, col error: 0.000000
Starting Iterative Proportional Fitting (IPF)...
Starting Iterative Proportional Fitting (IPF)...
IPF converged at iteration 52
IPF row error: 1.325226, col error: 0.000000
Starting Iterative Proportional Fitting (IPF)...
IPF converged at iteration 35
IPF row error: 64.734781, col error: 0.000000
IPF converged at iteration 52
IPF row error: 1.293928, col error: 0.000000
Starting Iterative Proportional Fitting (IPF)...
Starting Iterative Proportional Fitting (IPF)...
IPF converged at iteration 56
IPF row error: 1.226936, col error: 0.000000
Starting Iterative Proportional Fitting (IPF)...
IPF converged at iteration 61
IPF row error: 1.292953, col error: 0.000000
Starting Iterative Proportional Fitting (IPF)...
IPF converged at iteration 49
IPF row error: 1.999405, col error: 0.000000
Starting Iterative Proportional Fitting (IPF)...
IPF converged at iteration 61
IPF row error: 1.364671, col error: 0.000000
Starting Iterative Proportional Fitting (IPF)...
IPF converged at iteration 61
IPF row error: 1.259389, col error: 0.000000
IPF converged at iteration 57
IPF row error: 1.270343, col error: 0.000000
Starting Iterative Proportional Fitting (IPF)...
Starting Iterative Proportional Fitting (IPF)...
IPF converged at iteration 33
IPF row error: 92.440119, col error: 0.000000
Starting Iterative Proportional Fitting (IPF)...
IPF converged at iteration 33
IPF row error: 90.355713, col error: 0.000000
Starting Iterative Proportional Fitting (IPF)...
IPF converged at iteration 56
IPF row error: 1.232100, col error: 0.000000
Starting Iterative Proportional Fitting (IPF)...
IPF converged at iteration 53
IPF row error: 1.197940, col error: 0.000000
Starting Iterative Proportional Fitting (IPF)...
IPF converged at iteration 56
IPF row error: 1.320824, col error: 0.000000
Starting Iterative Proportional Fitting (IPF)...
IPF converged at iteration 31
IPF converged at iteration 41
IPF row error: 135.383261, col error: 0.000000
IPF row error: 14.868435, col error: 0.000000
Starting Iterative Proportional Fitting (IPF)...Starting Iterative Proportional Fitting (IPF)...

IPF converged at iteration 30
IPF row error: 186.595609, col error: 0.000000
Starting Iterative Proportional Fitting (IPF)...
IPF converged at iteration 32
IPF row error: 109.364198, col error: 0.000000
Starting Iterative Proportional Fitting (IPF)...
IPF converged at iteration 52
IPF row error: 1.339219, col error: 0.000000
Starting Iterative Proportional Fitting (IPF)...
IPF converged at iteration 49
IPF converged at iteration 57
IPF row error: 2.069905, col error: 0.000000
IPF row error: 1.249351, col error: 0.000000
Starting Iterative Proportional Fitting (IPF)...
Starting Iterative Proportional Fitting (IPF)...
IPF converged at iteration 31
IPF row error: 137.994804, col error: 0.000000
  [2023/test] 진행 1650/1750 (94.3%) | 누적 CPC 0.3915 | RMSE 1027.3290 | %RMSE 13.0373 | 경과 21.2분 | 예상 남음 1.3분
Starting Iterative Proportional Fitting (IPF)...
IPF converged at iteration 34
IPF row error: 83.542187, col error: 0.000000
Starting Iterative Proportional Fitting (IPF)...
IPF converged at iteration 47
IPF row error: 3.213661, col error: 0.000000
Starting Iterative Proportional Fitting (IPF)...
IPF converged at iteration 58
IPF row error: 1.349876, col error: 0.000000
Starting Iterative Proportional Fitting (IPF)...
IPF converged at iteration 53
IPF row error: 1.283930, col error: 0.000000
Starting Iterative Proportional Fitting (IPF)...
IPF converged at iteration 53
IPF row error: 1.300042, col error: 0.000000
Starting Iterative Proportional Fitting (IPF)...
IPF converged at iteration 34
IPF row error: 90.730769, col error: 0.000000
Starting Iterative Proportional Fitting (IPF)...
IPF converged at iteration 58
IPF row error: 1.349876, col error: 0.000000
Starting Iterative Proportional Fitting (IPF)...
IPF converged at iteration 53
IPF row error: 1.298265, col error: 0.000000
Starting Iterative Proportional Fitting (IPF)...
IPF converged at iteration 53
IPF row error: 1.295827, col error: 0.000000
Starting Iterative Proportional Fitting (IPF)...
IPF converged at iteration 33
IPF row error: 104.248048, col error: 0.000000
IPF converged at iteration 32
IPF row error: 106.441616, col error: 0.000000
Starting Iterative Proportional Fitting (IPF)...
Starting Iterative Proportional Fitting (IPF)...
IPF converged at iteration 53
IPF row error: 1.306936, col error: 0.000000
Starting Iterative Proportional Fitting (IPF)...
IPF converged at iteration 31
IPF row error: 176.042726, col error: 0.000000
Starting Iterative Proportional Fitting (IPF)...
IPF converged at iteration 39
IPF row error: 10.854726, col error: 0.000000
Starting Iterative Proportional Fitting (IPF)...
IPF converged at iteration 49
IPF row error: 2.165716, col error: 0.000000
IPF converged at iteration 30
IPF row error: 166.664651, col error: 0.000000
Starting Iterative Proportional Fitting (IPF)...
Starting Iterative Proportional Fitting (IPF)...
IPF converged at iteration 53
IPF row error: 1.302261, col error: 0.000000
Starting Iterative Proportional Fitting (IPF)...
IPF converged at iteration 32
IPF row error: 42.302123, col error: 0.000000
Starting Iterative Proportional Fitting (IPF)...
IPF converged at iteration 32
IPF row error: 151.587427, col error: 0.000000
Starting Iterative Proportional Fitting (IPF)...
IPF converged at iteration 32
IPF row error: 127.882762, col error: 0.000000
Starting Iterative Proportional Fitting (IPF)...
IPF converged at iteration 58
IPF row error: 1.334340, col error: 0.000000
Starting Iterative Proportional Fitting (IPF)...
IPF converged at iteration 28
IPF row error: 166.560118, col error: 0.000000
Starting Iterative Proportional Fitting (IPF)...
IPF converged at iteration 53
IPF row error: 1.300042, col error: 0.000000
Starting Iterative Proportional Fitting (IPF)...
IPF converged at iteration 33
IPF row error: 116.908761, col error: 0.000000
Starting Iterative Proportional Fitting (IPF)...
IPF converged at iteration 28
IPF row error: 205.737809, col error: 0.000000
Starting Iterative Proportional Fitting (IPF)...
IPF converged at iteration 34
IPF row error: 74.894093, col error: 0.000000
Starting Iterative Proportional Fitting (IPF)...
IPF converged at iteration 32
IPF row error: 181.276821, col error: 0.000000
Starting Iterative Proportional Fitting (IPF)...
IPF converged at iteration 53
IPF row error: 1.293027, col error: 0.000000
Starting Iterative Proportional Fitting (IPF)...
IPF converged at iteration 31
IPF row error: 168.216326, col error: 0.000000
IPF converged at iteration 49
IPF row error: 2.227259, col error: 0.000000
  [2023/test] 진행 1680/1750 (96.0%) | 누적 CPC 0.3889 | RMSE 1025.3159 | %RMSE 13.0245 | 경과 21.6분 | 예상 남음 0.9분
Starting Iterative Proportional Fitting (IPF)...
Starting Iterative Proportional Fitting (IPF)...
IPF converged at iteration 28
IPF row error: 204.855293, col error: 0.000000
Starting Iterative Proportional Fitting (IPF)...
IPF converged at iteration 32
IPF row error: 127.898948, col error: 0.000000
Starting Iterative Proportional Fitting (IPF)...
IPF converged at iteration 58
IPF row error: 1.334340, col error: 0.000000
Starting Iterative Proportional Fitting (IPF)...
IPF converged at iteration 49
IPF row error: 2.214514, col error: 0.000000
Starting Iterative Proportional Fitting (IPF)...
IPF converged at iteration 34
IPF row error: 78.012874, col error: 0.000000
Starting Iterative Proportional Fitting (IPF)...
IPF converged at iteration 34
IPF row error: 85.016637, col error: 0.000000
IPF converged at iteration 54
IPF row error: 1.245309, col error: 0.000000
Starting Iterative Proportional Fitting (IPF)...
Starting Iterative Proportional Fitting (IPF)...
IPF converged at iteration 53
IPF row error: 1.283930, col error: 0.000000
Starting Iterative Proportional Fitting (IPF)...
IPF converged at iteration 32
IPF converged at iteration 29
IPF row error: 122.902333, col error: 0.000000
IPF row error: 174.055654, col error: 0.000000
Starting Iterative Proportional Fitting (IPF)...
Starting Iterative Proportional Fitting (IPF)...
IPF converged at iteration 53
IPF row error: 1.284144, col error: 0.000000
Starting Iterative Proportional Fitting (IPF)...
IPF converged at iteration 33
IPF row error: 98.095744, col error: 0.000000
Starting Iterative Proportional Fitting (IPF)...
IPF converged at iteration 54
IPF row error: 1.235509, col error: 0.000000
Starting Iterative Proportional Fitting (IPF)...
IPF converged at iteration 53
IPF row error: 1.293242, col error: 0.000000
Starting Iterative Proportional Fitting (IPF)...
IPF converged at iteration 33
IPF row error: 105.281891, col error: 0.000000
IPF converged at iteration 58
IPF row error: 1.334340, col error: 0.000000
Starting Iterative Proportional Fitting (IPF)...
Starting Iterative Proportional Fitting (IPF)...
IPF converged at iteration 32
IPF row error: 127.513673, col error: 0.000000
Starting Iterative Proportional Fitting (IPF)...
IPF converged at iteration 53
IPF row error: 1.293405, col error: 0.000000
Starting Iterative Proportional Fitting (IPF)...
IPF converged at iteration 32
IPF row error: 182.539187, col error: 0.000000
IPF converged at iteration 34
IPF row error: 81.450228, col error: 0.000000
Starting Iterative Proportional Fitting (IPF)...
Starting Iterative Proportional Fitting (IPF)...
IPF converged at iteration 48
IPF row error: 2.334774, col error: 0.000000
Starting Iterative Proportional Fitting (IPF)...
IPF converged at iteration 44
IPF row error: 5.833568, col error: 0.000000
Starting Iterative Proportional Fitting (IPF)...
IPF converged at iteration 56
IPF row error: 1.225926, col error: 0.000000
Starting Iterative Proportional Fitting (IPF)...
IPF converged at iteration 56
IPF row error: 1.234809, col error: 0.000000
Starting Iterative Proportional Fitting (IPF)...
IPF converged at iteration 30
IPF row error: 40.969296, col error: 0.000000
Starting Iterative Proportional Fitting (IPF)...
IPF converged at iteration 29
IPF row error: 198.103043, col error: 0.000000
Starting Iterative Proportional Fitting (IPF)...
IPF converged at iteration 48
IPF converged at iteration 34
IPF row error: 2.322676, col error: 0.000000
IPF row error: 76.724999, col error: 0.000000
IPF converged at iteration 48
IPF row error: 2.372434, col error: 0.000000
Starting Iterative Proportional Fitting (IPF)...Starting Iterative Proportional Fitting (IPF)...

Starting Iterative Proportional Fitting (IPF)...
IPF converged at iteration 48
IPF row error: 2.329407, col error: 0.000000
  [2023/test] 진행 1710/1750 (97.7%) | 누적 CPC 0.3872 | RMSE 1031.0796 | %RMSE 13.0550 | 경과 22.0분 | 예상 남음 0.5분
Starting Iterative Proportional Fitting (IPF)...
IPF converged at iteration 30
IPF row error: 162.863952, col error: 0.000000
Starting Iterative Proportional Fitting (IPF)...
IPF converged at iteration 54
IPF row error: 1.350362, col error: 0.000000
IPF converged at iteration 56
IPF row error: 1.213281, col error: 0.000000
IPF converged at iteration 28
Starting Iterative Proportional Fitting (IPF)...
IPF row error: 65.965066, col error: 0.000000
Starting Iterative Proportional Fitting (IPF)...
Starting Iterative Proportional Fitting (IPF)...
IPF converged at iteration 44
IPF row error: 6.759903, col error: 0.000000
Starting Iterative Proportional Fitting (IPF)...
IPF converged at iteration 44
IPF row error: 5.816329, col error: 0.000000
Starting Iterative Proportional Fitting (IPF)...
IPF converged at iteration 49
IPF row error: 1.896250, col error: 0.000000
IPF converged at iteration 54
IPF row error: 1.295964, col error: 0.000000
Starting Iterative Proportional Fitting (IPF)...
IPF converged at iteration 31
IPF row error: 126.272546, col error: 0.000000
Starting Iterative Proportional Fitting (IPF)...
Starting Iterative Proportional Fitting (IPF)...
IPF converged at iteration 33
IPF row error: 91.726136, col error: 0.000000
IPF converged at iteration 31
IPF row error: 128.333004, col error: 0.000000
Starting Iterative Proportional Fitting (IPF)...
Starting Iterative Proportional Fitting (IPF)...
IPF converged at iteration 33
IPF row error: 86.451690, col error: 0.000000
Starting Iterative Proportional Fitting (IPF)...
IPF converged at iteration 42
IPF row error: 9.741698, col error: 0.000000
Starting Iterative Proportional Fitting (IPF)...
IPF converged at iteration 32
IPF row error: 102.711674, col error: 0.000000
IPF converged at iteration 32
IPF row error: 112.157637, col error: 0.000000
Starting Iterative Proportional Fitting (IPF)...
IPF converged at iteration 29
IPF row error: 200.699910, col error: 0.000000
Starting Iterative Proportional Fitting (IPF)...
Starting Iterative Proportional Fitting (IPF)...
IPF converged at iteration 32
IPF converged at iteration 31
IPF row error: 115.274004, col error: 0.000000
IPF row error: 121.456703, col error: 0.000000
IPF converged at iteration 54
IPF row error: 1.299966, col error: 0.000000
Starting Iterative Proportional Fitting (IPF)...
Starting Iterative Proportional Fitting (IPF)...
Starting Iterative Proportional Fitting (IPF)...
IPF converged at iteration 49
IPF row error: 1.921035, col error: 0.000000
Starting Iterative Proportional Fitting (IPF)...
IPF converged at iteration 32
IPF row error: 102.002695, col error: 0.000000
IPF converged at iteration 31
IPF row error: 180.536993, col error: 0.000000
Starting Iterative Proportional Fitting (IPF)...
Starting Iterative Proportional Fitting (IPF)...
IPF converged at iteration 48
IPF row error: 2.338194, col error: 0.000000
IPF converged at iteration 29
IPF row error: 175.453396, col error: 0.000000
Starting Iterative Proportional Fitting (IPF)...
Starting Iterative Proportional Fitting (IPF)...
IPF converged at iteration 44
IPF row error: 5.913372, col error: 0.000000
Starting Iterative Proportional Fitting (IPF)...
IPF converged at iteration 33
IPF row error: 85.887345, col error: 0.000000
Starting Iterative Proportional Fitting (IPF)...
IPF converged at iteration 54
IPF row error: 1.371662, col error: 0.000000
Starting Iterative Proportional Fitting (IPF)...
IPF converged at iteration 49
IPF row error: 1.911962, col error: 0.000000
Starting Iterative Proportional Fitting (IPF)...
IPF converged at iteration 34
IPF row error: 76.090913, col error: 0.000000
IPF converged at iteration 46
IPF row error: 3.933400, col error: 0.000000
  [2023/test] 진행 1740/1750 (99.4%) | 누적 CPC 0.3854 | RMSE 1054.4923 | %RMSE 13.1781 | 경과 22.4분 | 예상 남음 0.1분
Starting Iterative Proportional Fitting (IPF)...
IPF converged at iteration 44
IPF row error: 5.962805, col error: 0.000000
Starting Iterative Proportional Fitting (IPF)...
Starting Iterative Proportional Fitting (IPF)...
IPF converged at iteration 44
IPF row error: 5.855131, col error: 0.000000
Starting Iterative Proportional Fitting (IPF)...
IPF converged at iteration 33
IPF row error: 94.004652, col error: 0.000000
Starting Iterative Proportional Fitting (IPF)...
IPF converged at iteration 32
IPF row error: 110.398340, col error: 0.000000
Starting Iterative Proportional Fitting (IPF)...
IPF converged at iteration 49
IPF row error: 1.941356, col error: 0.000000
Starting Iterative Proportional Fitting (IPF)...
IPF converged at iteration 7
IPF row error: 53.353765, col error: 0.000000
IPF converged at iteration 30
Starting Iterative Proportional Fitting (IPF)...
IPF row error: 154.787644, col error: 0.000000
IPF converged at iteration 54
IPF row error: 1.299966, col error: 0.000000
IPF converged at iteration 44
IPF row error: 5.894475, col error: 0.000000
IPF converged at iteration 33
IPF row error: 90.210162, col error: 0.000000
  [2023/test] 진행 1750/1750 (100.0%) | 누적 CPC 0.3845 | RMSE 1082.2357 | %RMSE 13.3961 | 경과 22.5분 | 예상 남음 0.0분
  [2023/test] 완료: 1750/1750
1. 절대 모델의 구조와 하이퍼파라미터를 test가 좋아지는 방향으로 하지 말 것. -> val이 좋아지는 방향으로 조정
2. 모델의 성능이 좋아지는 게 목적이 아니라 기존 방식을 잘 재현하는게 목적이야.

===연도별===

=== task별 종합 성능 (모든 도시) ===
[year=2019, split=test, task=0] (n=350) CPC=0.3005±0.0627  RMSE=218.0306±77.6993  %RMSE=24.4774±14.8327
[year=2019, split=test, task=1] (n=350) CPC=0.3000±0.0642  RMSE=239.6550±98.8664  %RMSE=25.9021±14.4050
[year=2019, split=test, task=2] (n=350) CPC=0.1923±0.0864  RMSE=274.5882±182.2287  %RMSE=20.5137±9.7124
[year=2019, split=test, task=3] (n=350) CPC=0.0891±0.1406  RMSE=2079670.4340±1369870.7780  %RMSE=141090.6287±110759.7284
[year=2019, split=test, task=4] (n=350) CPC=0.1617±0.1172  RMSE=525828.4688±1003133.5876  %RMSE=49097.6189±105091.9516
[year=2019, split=val, task=0] (n=150) CPC=0.3755±0.0431  RMSE=169.6126±36.4528  %RMSE=14.1020±3.0707
[year=2019, split=val, task=1] (n=150) CPC=0.3747±0.0441  RMSE=172.8154±34.9001  %RMSE=14.3888±3.3139
[year=2019, split=val, task=2] (n=150) CPC=0.2038±0.0496  RMSE=295.2292±99.6156  %RMSE=17.6684±3.1268
[year=2019, split=val, task=3] (n=150) CPC=0.1085±0.1524  RMSE=1579263.7442±1152264.8611  %RMSE=72625.5146±60320.0326
[year=2019, split=val, task=4] (n=150) CPC=0.1433±0.1045  RMSE=630661.3232±970541.6223  %RMSE=30889.9711±51710.6593
[year=2023, split=test, task=0] (n=350) CPC=0.6154±0.0979  RMSE=400.1828±331.4633  %RMSE=7.2853±3.6883
[year=2023, split=test, task=1] (n=350) CPC=0.6118±0.0969  RMSE=376.4944±284.0406  %RMSE=6.9392±3.1290
[year=2023, split=test, task=2] (n=350) CPC=0.2880±0.0838  RMSE=1055.7191±716.0662  %RMSE=13.1907±3.9647
[year=2023, split=test, task=3] (n=350) CPC=0.1366±0.0922  RMSE=2400.5469±6431.4656  %RMSE=25.5754±64.6708
[year=2023, split=test, task=4] (n=350) CPC=0.2705±0.1111  RMSE=1178.2354±2018.9444  %RMSE=13.9901±17.4217
[year=2023, split=val, task=0] (n=150) CPC=0.5682±0.0711  RMSE=454.7712±202.9219  %RMSE=8.9536±2.4293
[year=2023, split=val, task=1] (n=150) CPC=0.5622±0.0722  RMSE=453.1981±202.8011  %RMSE=8.8742±2.4209
[year=2023, split=val, task=2] (n=150) CPC=0.3432±0.0707  RMSE=781.8049±314.8481  %RMSE=11.9577±2.4647
[year=2023, split=val, task=3] (n=150) CPC=0.1938±0.1219  RMSE=203162.2861±530228.6531  %RMSE=4083.5187±10838.2826
[year=2023, split=val, task=4] (n=150) CPC=0.2998±0.1118  RMSE=74792.9744±334075.0786  %RMSE=1542.0499±6953.0428

=== task/도시별 성능 ===
[year=2019, split=test, task=0, city=감일동] (n=50) CPC=0.2938±0.0000  RMSE=47.4643±0.0000  %RMSE=10.9523±0.0000
[year=2019, split=test, task=0, city=다산] (n=50) CPC=0.3255±0.0000  RMSE=310.1413±0.0000  %RMSE=24.0187±0.0000
[year=2019, split=test, task=0, city=랜덤1] (n=50) CPC=0.1976±0.0000  RMSE=275.5726±0.0000  %RMSE=55.7653±0.0000
[year=2019, split=test, task=0, city=랜덤2] (n=50) CPC=0.2648±0.0000  RMSE=233.2748±0.0000  %RMSE=32.6705±0.0000
[year=2019, split=test, task=0, city=랜덤3] (n=50) CPC=0.4164±0.0000  RMSE=196.4857±0.0000  %RMSE=12.6110±0.0000
[year=2019, split=test, task=0, city=미사] (n=50) CPC=0.2751±0.0000  RMSE=243.9872±0.0000  %RMSE=23.8727±0.0000
[year=2019, split=test, task=0, city=배곧] (n=50) CPC=0.3304±0.0000  RMSE=219.2885±0.0000  %RMSE=11.4512±0.0000
[year=2019, split=test, task=1, city=감일동] (n=50) CPC=0.2925±0.0031  RMSE=51.3957±9.2018  %RMSE=11.7408±1.8941
[year=2019, split=test, task=1, city=다산] (n=50) CPC=0.3239±0.0031  RMSE=316.2897±14.3209  %RMSE=24.4054±0.9782
[year=2019, split=test, task=1, city=랜덤1] (n=50) CPC=0.1957±0.0038  RMSE=277.9105±4.1001  %RMSE=55.7845±0.5010
[year=2019, split=test, task=1, city=랜덤2] (n=50) CPC=0.2633±0.0028  RMSE=234.8427±2.4294  %RMSE=32.6325±0.1874
[year=2019, split=test, task=1, city=랜덤3] (n=50) CPC=0.4202±0.0050  RMSE=325.3103±131.2180  %RMSE=20.7879±8.2996
[year=2019, split=test, task=1, city=미사] (n=50) CPC=0.2754±0.0023  RMSE=250.8560±15.9845  %RMSE=24.4631±1.4587
[year=2019, split=test, task=1, city=배곧] (n=50) CPC=0.3290±0.0040  RMSE=220.9805±4.8725  %RMSE=11.5008±0.1674
[year=2019, split=test, task=2, city=감일동] (n=50) CPC=0.2923±0.0041  RMSE=49.9641±6.2278  %RMSE=11.4516±1.3709
[year=2019, split=test, task=2, city=다산] (n=50) CPC=0.1332±0.0441  RMSE=447.8284±115.4452  %RMSE=21.3195±6.6412
[year=2019, split=test, task=2, city=랜덤1] (n=50) CPC=0.1435±0.0132  RMSE=196.3069±49.2596  %RMSE=37.0522±9.3248
[year=2019, split=test, task=2, city=랜덤2] (n=50) CPC=0.1628±0.0280  RMSE=166.3145±38.4660  %RMSE=20.9654±5.3526
[year=2019, split=test, task=2, city=랜덤3] (n=50) CPC=0.1942±0.0568  RMSE=604.1672±49.4622  %RMSE=25.2446±2.3119
[year=2019, split=test, task=2, city=미사] (n=50) CPC=0.0928±0.0341  RMSE=232.3751±36.1327  %RMSE=15.8490±3.8399
[year=2019, split=test, task=2, city=배곧] (n=50) CPC=0.3271±0.0104  RMSE=225.1609±16.1175  %RMSE=11.7134±0.7475
[year=2019, split=test, task=3, city=감일동] (n=50) CPC=0.2924±0.0046  RMSE=50.2819±6.2797  %RMSE=11.5116±1.3287
[year=2019, split=test, task=3, city=다산] (n=50) CPC=0.0006±0.0000  RMSE=3254081.0249±8987.7683  %RMSE=143836.1613±1102.7163
[year=2019, split=test, task=3, city=랜덤1] (n=50) CPC=0.0003±0.0001  RMSE=2471199.1082±349573.2976  %RMSE=326879.2316±45059.7058
[year=2019, split=test, task=3, city=랜덤2] (n=50) CPC=0.0004±0.0001  RMSE=2998896.7066±509217.8683  %RMSE=218824.1308±36759.2358
[year=2019, split=test, task=3, city=랜덤3] (n=50) CPC=0.0007±0.0002  RMSE=2630142.6657±403196.0870  %RMSE=119362.9824±15091.6859
[year=2019, split=test, task=3, city=미사] (n=50) CPC=0.0004±0.0000  RMSE=3203101.8592±10555.8423  %RMSE=178708.8368±1464.0135
[year=2019, split=test, task=3, city=배곧] (n=50) CPC=0.3292±0.0030  RMSE=221.3919±8.7185  %RMSE=11.5463±0.4366
[year=2019, split=test, task=4, city=감일동] (n=50) CPC=0.2921±0.0037  RMSE=49.4804±3.9619  %RMSE=11.2939±0.8429
[year=2019, split=test, task=4, city=다산] (n=50) CPC=0.1318±0.0658  RMSE=378364.2545±1023665.2899  %RMSE=12793.4425±35800.8575
[year=2019, split=test, task=4, city=랜덤1] (n=50) CPC=0.0570±0.0701  RMSE=1289403.5441±1068777.2432  %RMSE=200814.0779±166407.7624
[year=2019, split=test, task=4, city=랜덤2] (n=50) CPC=0.1104±0.0899  RMSE=992277.3548±1268006.3939  %RMSE=87159.4607±113556.3460
[year=2019, split=test, task=4, city=랜덤3] (n=50) CPC=0.1175±0.1106  RMSE=896276.2600±1097058.0167  %RMSE=38216.8569±47178.9449
[year=2019, split=test, task=4, city=미사] (n=50) CPC=0.0968±0.0428  RMSE=124204.9565±607274.7882  %RMSE=4676.6390±22825.0513
[year=2019, split=test, task=4, city=배곧] (n=50) CPC=0.3261±0.0100  RMSE=223.4309±13.6012  %RMSE=11.5612±0.3882
[year=2019, split=val, task=0, city=검단] (n=50) CPC=0.3701±0.0000  RMSE=124.9962±0.0000  %RMSE=13.5830±0.0000
[year=2019, split=val, task=0, city=동탄] (n=50) CPC=0.4307±0.0000  RMSE=214.2868±0.0000  %RMSE=10.6277±0.0000
[year=2019, split=val, task=0, city=위례] (n=50) CPC=0.3256±0.0000  RMSE=169.5547±0.0000  %RMSE=18.0954±0.0000
[year=2019, split=val, task=1, city=검단] (n=50) CPC=0.3694±0.0045  RMSE=130.9132±11.1761  %RMSE=14.1540±1.0404
[year=2019, split=val, task=1, city=동탄] (n=50) CPC=0.4310±0.0036  RMSE=213.8319±2.1071  %RMSE=10.5759±0.1453
[year=2019, split=val, task=1, city=위례] (n=50) CPC=0.3239±0.0030  RMSE=173.7013±9.2616  %RMSE=18.4366±0.9298
[year=2019, split=val, task=2, city=검단] (n=50) CPC=0.1984±0.0431  RMSE=252.5572±43.4899  %RMSE=20.0830±2.9709
[year=2019, split=val, task=2, city=동탄] (n=50) CPC=0.2374±0.0440  RMSE=415.8815±72.6093  %RMSE=15.0798±1.8209
[year=2019, split=val, task=2, city=위례] (n=50) CPC=0.1757±0.0404  RMSE=217.2490±12.1469  %RMSE=17.8423±2.1508
[year=2019, split=val, task=3, city=검단] (n=50) CPC=0.0005±0.0001  RMSE=2393261.4470±342463.4996  %RMSE=145148.4331±16780.6494
[year=2019, split=val, task=3, city=동탄] (n=50) CPC=0.0010±0.0002  RMSE=2344355.0494±352679.2043  %RMSE=72709.5523±10128.0779
[year=2019, split=val, task=3, city=위례] (n=50) CPC=0.3241±0.0026  RMSE=174.7361±13.6546  %RMSE=18.5585±1.3707
[year=2019, split=val, task=4, city=검단] (n=50) CPC=0.1257±0.1187  RMSE=963229.5914±1055052.8401  %RMSE=63827.1692±69957.0301
[year=2019, split=val, task=4, city=동탄] (n=50) CPC=0.1444±0.1307  RMSE=928539.2750±1056371.7444  %RMSE=28825.5784±32950.5684
[year=2019, split=val, task=4, city=위례] (n=50) CPC=0.1599±0.0313  RMSE=215.1031±12.7143  %RMSE=17.1658±1.8719
[year=2023, split=test, task=0, city=감일동] (n=50) CPC=0.4146±0.0000  RMSE=202.8496±0.0000  %RMSE=7.0645±0.0000
[year=2023, split=test, task=0, city=다산] (n=50) CPC=0.7452±0.0000  RMSE=264.7306±0.0000  %RMSE=3.7860±0.0000
[year=2023, split=test, task=0, city=랜덤1] (n=50) CPC=0.6473±0.0000  RMSE=204.0742±0.0000  %RMSE=5.1773±0.0000
[year=2023, split=test, task=0, city=랜덤2] (n=50) CPC=0.5799±0.0000  RMSE=421.1235±0.0000  %RMSE=8.2883±0.0000
[year=2023, split=test, task=0, city=랜덤3] (n=50) CPC=0.5790±0.0000  RMSE=1194.0034±0.0000  %RMSE=15.6633±0.0000
[year=2023, split=test, task=0, city=미사] (n=50) CPC=0.6804±0.0000  RMSE=287.9030±0.0000  %RMSE=4.8088±0.0000
[year=2023, split=test, task=0, city=배곧] (n=50) CPC=0.6611±0.0000  RMSE=226.5949±0.0000  %RMSE=6.2091±0.0000
[year=2023, split=test, task=1, city=감일동] (n=50) CPC=0.4098±0.0087  RMSE=204.8548±4.7626  %RMSE=7.0744±0.0795
[year=2023, split=test, task=1, city=다산] (n=50) CPC=0.7330±0.0186  RMSE=260.9774±29.3289  %RMSE=3.7019±0.4110
[year=2023, split=test, task=1, city=랜덤1] (n=50) CPC=0.6459±0.0061  RMSE=203.8918±5.2090  %RMSE=5.1507±0.1080
[year=2023, split=test, task=1, city=랜덤2] (n=50) CPC=0.5801±0.0059  RMSE=416.4740±8.8827  %RMSE=8.1561±0.2017
[year=2023, split=test, task=1, city=랜덤3] (n=50) CPC=0.5800±0.0108  RMSE=1041.3141±125.6828  %RMSE=13.6093±1.7028
[year=2023, split=test, task=1, city=미사] (n=50) CPC=0.6771±0.0064  RMSE=281.1284±16.9053  %RMSE=4.6796±0.2929
[year=2023, split=test, task=1, city=배곧] (n=50) CPC=0.6570±0.0069  RMSE=226.8204±2.4830  %RMSE=6.2025±0.0662
[year=2023, split=test, task=2, city=감일동] (n=50) CPC=0.2474±0.0502  RMSE=238.5418±18.0792  %RMSE=7.4452±0.5191
[year=2023, split=test, task=2, city=다산] (n=50) CPC=0.2891±0.0909  RMSE=1573.2129±277.6541  %RMSE=14.8887±2.0973
[year=2023, split=test, task=2, city=랜덤1] (n=50) CPC=0.3642±0.0624  RMSE=575.5815±117.7026  %RMSE=11.5191±1.9788
[year=2023, split=test, task=2, city=랜덤2] (n=50) CPC=0.2809±0.0622  RMSE=832.1166±166.2866  %RMSE=12.3026±1.8286
[year=2023, split=test, task=2, city=랜덤3] (n=50) CPC=0.2961±0.0740  RMSE=2422.4819±470.3183  %RMSE=20.1556±2.3084
[year=2023, split=test, task=2, city=미사] (n=50) CPC=0.2433±0.0788  RMSE=1054.6338±136.7962  %RMSE=12.0991±0.8913
[year=2023, split=test, task=2, city=배곧] (n=50) CPC=0.2948±0.0968  RMSE=693.4650±122.6393  %RMSE=13.9247±1.5045
[year=2023, split=test, task=3, city=감일동] (n=50) CPC=0.0720±0.0009  RMSE=269.8921±1.3577  %RMSE=7.4245±0.0430
[year=2023, split=test, task=3, city=다산] (n=50) CPC=0.0921±0.0007  RMSE=1569.9413±1.1496  %RMSE=15.3649±0.0889
[year=2023, split=test, task=3, city=랜덤1] (n=50) CPC=0.2468±0.0859  RMSE=863.1796±245.6600  %RMSE=12.4658±1.2918
[year=2023, split=test, task=3, city=랜덤2] (n=50) CPC=0.1190±0.0608  RMSE=1439.4564±317.8537  %RMSE=13.9368±0.8871
[year=2023, split=test, task=3, city=랜덤3] (n=50) CPC=0.1858±0.1378  RMSE=10222.5060±14723.2212  %RMSE=102.1408±149.6481
[year=2023, split=test, task=3, city=미사] (n=50) CPC=0.0981±0.0009  RMSE=1387.4316±2.5391  %RMSE=14.0505±0.0935
[year=2023, split=test, task=3, city=배곧] (n=50) CPC=0.1426±0.0830  RMSE=1051.4216±255.4258  %RMSE=13.6446±0.8443
[year=2023, split=test, task=4, city=감일동] (n=50) CPC=0.2056±0.0806  RMSE=264.8602±50.7393  %RMSE=7.7644±0.6481
[year=2023, split=test, task=4, city=다산] (n=50) CPC=0.2834±0.1168  RMSE=1572.0692±406.4441  %RMSE=14.5033±2.5525
[year=2023, split=test, task=4, city=랜덤1] (n=50) CPC=0.3593±0.1063  RMSE=591.5668±181.2163  %RMSE=11.0842±2.2290
[year=2023, split=test, task=4, city=랜덤2] (n=50) CPC=0.2592±0.1071  RMSE=919.4820±280.8929  %RMSE=12.2666±1.7425
[year=2023, split=test, task=4, city=랜덤3] (n=50) CPC=0.2780±0.1037  RMSE=3056.9128±4795.9183  %RMSE=26.3662±43.5774
[year=2023, split=test, task=4, city=미사] (n=50) CPC=0.2631±0.1017  RMSE=1070.6867±337.8338  %RMSE=11.9775±1.4357
[year=2023, split=test, task=4, city=배곧] (n=50) CPC=0.2452±0.0963  RMSE=772.0705±178.9473  %RMSE=13.9682±0.9851
[year=2023, split=val, task=0, city=검단] (n=50) CPC=0.5512±0.0000  RMSE=269.3191±0.0000  %RMSE=7.4545±0.0000
[year=2023, split=val, task=0, city=동탄] (n=50) CPC=0.4910±0.0000  RMSE=737.1591±0.0000  %RMSE=12.3802±0.0000
[year=2023, split=val, task=0, city=위례] (n=50) CPC=0.6626±0.0000  RMSE=357.8355±0.0000  %RMSE=7.0261±0.0000
[year=2023, split=val, task=1, city=검단] (n=50) CPC=0.5437±0.0110  RMSE=269.3345±2.1565  %RMSE=7.4239±0.0484
[year=2023, split=val, task=1, city=동탄] (n=50) CPC=0.4852±0.0086  RMSE=735.6224±4.5695  %RMSE=12.2783±0.1566
[year=2023, split=val, task=1, city=위례] (n=50) CPC=0.6577±0.0073  RMSE=354.6374±8.7052  %RMSE=6.9203±0.2140
[year=2023, split=val, task=2, city=검단] (n=50) CPC=0.3969±0.0435  RMSE=412.8325±84.5663  %RMSE=9.6934±1.4509
[year=2023, split=val, task=2, city=동탄] (n=50) CPC=0.3418±0.0406  RMSE=1030.2113±157.1409  %RMSE=13.8356±1.2909
[year=2023, split=val, task=2, city=위례] (n=50) CPC=0.2910±0.0764  RMSE=902.3709±230.5662  %RMSE=12.3440±2.3769
[year=2023, split=val, task=3, city=검단] (n=50) CPC=0.1860±0.1558  RMSE=606561.2413±774164.6593  %RMSE=12220.1399±15909.0602
[year=2023, split=val, task=3, city=동탄] (n=50) CPC=0.2658±0.0686  RMSE=1302.8675±293.4039  %RMSE=14.8428±1.9447
[year=2023, split=val, task=3, city=위례] (n=50) CPC=0.1295±0.0789  RMSE=1622.7496±375.6719  %RMSE=15.5736±1.6372
[year=2023, split=val, task=4, city=검단] (n=50) CPC=0.3021±0.1320  RMSE=222261.3412±549725.2904  %RMSE=4599.4740±11446.0751
[year=2023, split=val, task=4, city=동탄] (n=50) CPC=0.3099±0.0537  RMSE=1132.9884±191.6693  %RMSE=14.3428±1.4474
[year=2023, split=val, task=4, city=위례] (n=50) CPC=0.2873±0.1300  RMSE=984.5937±391.1317  %RMSE=12.3328±2.8510

=== 도시별 성능 (모든 task) ===
[year=2019, split=test, city=감일동] (n=250) CPC=0.2926±0.0036  RMSE=49.7173±6.1142  %RMSE=11.3901±1.2873
[year=2019, split=test, city=다산] (n=250) CPC=0.1830±0.1303  RMSE=726703.9078±1352011.9670  %RMSE=31339.8695±58693.2627
[year=2019, split=test, city=랜덤1] (n=250) CPC=0.1188±0.0845  RMSE=752270.4885±1113940.6244  %RMSE=105568.3823±155675.8410
[year=2019, split=test, city=랜덤2] (n=250) CPC=0.1603±0.1081  RMSE=798361.6987±1315920.3614  %RMSE=61213.9720±100986.4424
[year=2019, split=test, city=랜덤3] (n=250) CPC=0.2298±0.1749  RMSE=705508.9778±1148768.9840  %RMSE=31527.6966±51364.7439
[year=2019, split=test, city=미사] (n=250) CPC=0.1481±0.1121  RMSE=665606.8068±1298385.1938  %RMSE=36689.9321±71765.0214
[year=2019, split=test, city=배곧] (n=250) CPC=0.3284±0.0070  RMSE=222.0505±10.6330  %RMSE=11.5546±0.4398
[year=2019, split=val, city=검단] (n=250) CPC=0.2128±0.1537  RMSE=671399.9010±1061323.7307  %RMSE=41804.6845±65695.3484
[year=2019, split=val, city=동탄] (n=250) CPC=0.2489±0.1776  RMSE=654747.6649±1044511.1213  %RMSE=20314.2828±32380.7378
[year=2019, split=val, city=위례] (n=250) CPC=0.2618±0.0803  RMSE=190.0688±23.9613  %RMSE=18.0197±1.5559
[year=2023, split=test, city=감일동] (n=250) CPC=0.2699±0.1367  RMSE=236.1997±37.3702  %RMSE=7.3546±0.4564
[year=2023, split=test, city=다산] (n=250) CPC=0.4286±0.2716  RMSE=1048.1863±678.0834  %RMSE=10.4490±5.6802
[year=2023, split=test, city=랜덤1] (n=250) CPC=0.4527±0.1771  RMSE=487.6588±292.4231  %RMSE=9.0794±3.5402
[year=2023, split=test, city=랜덤2] (n=250) CPC=0.3638±0.1951  RMSE=805.7305±429.4995  %RMSE=10.9901±2.6296
[year=2023, split=test, city=랜덤3] (n=250) CPC=0.3838±0.1844  RMSE=3587.4436±7718.6146  %RMSE=35.5870±77.3748
[year=2023, split=test, city=미사] (n=250) CPC=0.3924±0.2474  RMSE=816.3567±478.8436  %RMSE=9.5231±4.0445
[year=2023, split=test, city=배곧] (n=250) CPC=0.4001±0.2285  RMSE=594.0745±355.7964  %RMSE=10.7898±3.8485
[year=2023, split=val, city=검단] (n=250) CPC=0.3960±0.1688  RMSE=165954.8137±486033.0811  %RMSE=3368.8371±9978.5039
[year=2023, split=val, city=동탄] (n=250) CPC=0.3787±0.1021  RMSE=987.7697±281.4596  %RMSE=13.5359±1.6083
[year=2023, split=val, city=위례] (n=250) CPC=0.4056±0.2289  RMSE=844.4374±539.0371  %RMSE=10.8394±3.8291

===연도 종합===

=== task별 종합 성능 (모든 도시) ===
[split=test, task=0] (n=700) CPC=0.4579±0.1776  RMSE=309.1067±257.3857  %RMSE=15.8814±13.8093
[split=test, task=1] (n=700) CPC=0.4559±0.1763  RMSE=308.0747±223.4012  %RMSE=16.4207±14.0906
[split=test, task=2] (n=700) CPC=0.2401±0.0976  RMSE=665.1536±652.3192  %RMSE=16.8522±8.2723
[split=test, task=3] (n=700) CPC=0.1129±0.1212  RMSE=1041035.4905±1420231.0382  %RMSE=70558.1020±105397.8089
[split=test, task=4] (n=700) CPC=0.2161±0.1265  RMSE=263503.3521±756277.0671  %RMSE=24555.8045±78258.9289
[split=val, task=0] (n=300) CPC=0.4719±0.1129  RMSE=312.1919±203.9165  %RMSE=11.5278±3.7805
[split=val, task=1] (n=300) CPC=0.4685±0.1112  RMSE=313.0068±202.0563  %RMSE=11.6315±4.0030
[split=val, task=2] (n=300) CPC=0.2735±0.0927  RMSE=538.5171±337.2170  %RMSE=14.8130±4.0098
[split=val, task=3] (n=300) CPC=0.1512±0.1444  RMSE=891213.0151±1130416.8139  %RMSE=38354.5167±55249.3317
[split=val, task=4] (n=300) CPC=0.2215±0.1335  RMSE=352727.1488±777191.0992  %RMSE=16216.0105±39705.0836

=== task/도시별 성능 ===
[split=test, task=0, city=감일동] (n=100) CPC=0.3542±0.0604  RMSE=125.1570±77.6927  %RMSE=9.0084±1.9439
[split=test, task=0, city=다산] (n=100) CPC=0.5354±0.2098  RMSE=287.4359±22.7054  %RMSE=13.9024±10.1164
[split=test, task=0, city=랜덤1] (n=100) CPC=0.4225±0.2249  RMSE=239.8234±35.7492  %RMSE=30.4713±25.2940
[split=test, task=0, city=랜덤2] (n=100) CPC=0.4224±0.1576  RMSE=327.1991±93.9244  %RMSE=20.4794±12.1911
[split=test, task=0, city=랜덤3] (n=100) CPC=0.4977±0.0813  RMSE=695.2446±498.7588  %RMSE=14.1372±1.5261
[split=test, task=0, city=미사] (n=100) CPC=0.4777±0.2026  RMSE=265.9451±21.9579  %RMSE=14.3407±9.5319
[split=test, task=0, city=배곧] (n=100) CPC=0.4957±0.1654  RMSE=222.9417±3.6532  %RMSE=8.8302±2.6211
[split=test, task=1, city=감일동] (n=100) CPC=0.3511±0.0590  RMSE=128.1252±77.0786  %RMSE=9.4076±2.6909
[split=test, task=1, city=다산] (n=100) CPC=0.5284±0.2050  RMSE=288.6336±36.0208  %RMSE=14.0536±10.3789
[split=test, task=1, city=랜덤1] (n=100) CPC=0.4208±0.2252  RMSE=240.9011±37.3050  %RMSE=30.4676±25.3195
[split=test, task=1, city=랜덤2] (n=100) CPC=0.4217±0.1585  RMSE=325.6583±91.0488  %RMSE=20.3943±12.2398
[split=test, task=1, city=랜덤3] (n=100) CPC=0.5001±0.0803  RMSE=683.3122±380.3584  %RMSE=17.1986±6.9839
[split=test, task=1, city=미사] (n=100) CPC=0.4762±0.2009  RMSE=265.9922±22.3551  %RMSE=14.5713±9.9475
[split=test, task=1, city=배곧] (n=100) CPC=0.4930±0.1641  RMSE=223.9004±4.8455  %RMSE=8.8517±2.6522
[split=test, task=2, city=감일동] (n=100) CPC=0.2698±0.0421  RMSE=144.2530±95.2534  %RMSE=9.4484±2.2555
[split=test, task=2, city=다산] (n=100) CPC=0.2112±0.1057  RMSE=1010.5207±601.5249  %RMSE=18.1041±5.8814
[split=test, task=2, city=랜덤1] (n=100) CPC=0.2538±0.1192  RMSE=385.9442±210.0060  %RMSE=24.2856±14.4367
[split=test, task=2, city=랜덤2] (n=100) CPC=0.2219±0.0762  RMSE=499.2155±354.1024  %RMSE=16.6340±5.8956
[split=test, task=2, city=랜덤3] (n=100) CPC=0.2452±0.0833  RMSE=1513.3246±968.7053  %RMSE=22.7001±3.4368
[split=test, task=2, city=미사] (n=100) CPC=0.1680±0.0967  RMSE=643.5045±423.1273  %RMSE=13.9740±3.3593
[split=test, task=2, city=배곧] (n=100) CPC=0.3110±0.0707  RMSE=459.3129±249.9546  %RMSE=12.8190±1.6228
[split=test, task=3, city=감일동] (n=100) CPC=0.1822±0.1103  RMSE=160.0870±109.8990  %RMSE=9.4680±2.2494
[split=test, task=3, city=다산] (n=100) CPC=0.0464±0.0458  RMSE=1627825.4831±1626267.9598  %RMSE=71925.7631±71914.6255
[split=test, task=3, city=랜덤1] (n=100) CPC=0.1235±0.1374  RMSE=1236031.1439±1259658.9520  %RMSE=163445.8487±166510.2375
[split=test, task=3, city=랜덤2] (n=100) CPC=0.0597±0.0732  RMSE=1500168.0815±1541375.6715  %RMSE=109419.0338±112450.4156
[split=test, task=3, city=랜덤3] (n=100) CPC=0.0932±0.1344  RMSE=1320182.5859±1340666.7519  %RMSE=59732.5616±60577.8654
[split=test, task=3, city=미사] (n=100) CPC=0.0493±0.0488  RMSE=1602244.6454±1600874.6147  %RMSE=89361.4437±89353.3901
[split=test, task=3, city=배곧] (n=100) CPC=0.2359±0.1103  RMSE=636.4067±452.6550  %RMSE=12.5954±1.2459
[split=test, task=4, city=감일동] (n=100) CPC=0.2489±0.0716  RMSE=157.1703±113.5438  %RMSE=9.5292±1.9183
[split=test, task=4, city=다산] (n=100) CPC=0.2076±0.1214  RMSE=189968.1618±747956.2041  %RMSE=6403.9729±26108.9262
[split=test, task=4, city=랜덤1] (n=100) CPC=0.2081±0.1759  RMSE=644997.5555±993177.4728  %RMSE=100412.5810±154681.0663
[split=test, task=4, city=랜덤2] (n=100) CPC=0.1848±0.1237  RMSE=496598.4184±1024508.5431  %RMSE=43585.8636±91357.4311
[split=test, task=4, city=랜덤3] (n=100) CPC=0.1977±0.1339  RMSE=449666.5864±895120.0182  %RMSE=19121.6115±38438.9876
[split=test, task=4, city=미사] (n=100) CPC=0.1800±0.1140  RMSE=62637.8216±433799.3814  %RMSE=2344.3083±16307.3987
[split=test, task=4, city=배곧] (n=100) CPC=0.2856±0.0795  RMSE=497.7507±302.2497  %RMSE=12.7647±1.4174
[split=val, task=0, city=검단] (n=100) CPC=0.4606±0.0906  RMSE=197.1576±72.1614  %RMSE=10.5187±3.0643
[split=val, task=0, city=동탄] (n=100) CPC=0.4609±0.0301  RMSE=475.7229±261.4361  %RMSE=11.5039±0.8763
[split=val, task=0, city=위례] (n=100) CPC=0.4941±0.1685  RMSE=263.6951±94.1404  %RMSE=12.5608±5.5346
[split=val, task=1, city=검단] (n=100) CPC=0.4565±0.0875  RMSE=200.1238±69.6771  %RMSE=10.7889±3.4447
[split=val, task=1, city=동탄] (n=100) CPC=0.4581±0.0279  RMSE=474.7271±260.9195  %RMSE=11.4271±0.8645
[split=val, task=1, city=위례] (n=100) CPC=0.4908±0.1670  RMSE=264.1693±90.9134  %RMSE=12.6784±5.7975
[split=val, task=2, city=검단] (n=100) CPC=0.2977±0.1083  RMSE=332.6948±104.6110  %RMSE=14.8882±5.6967
[split=val, task=2, city=동탄] (n=100) CPC=0.2896±0.0672  RMSE=723.0464±330.6554  %RMSE=14.4577±1.6965
[split=val, task=2, city=위례] (n=100) CPC=0.2333±0.0840  RMSE=559.8099±379.4761  %RMSE=15.0931±3.5631
[split=val, task=3, city=검단] (n=100) CPC=0.0933±0.1440  RMSE=1499911.3441±1075351.3335  %RMSE=78684.2865±68445.7959
[split=val, task=3, city=동탄] (n=100) CPC=0.1334±0.1410  RMSE=1172828.9584±1197774.9101  %RMSE=36362.1975±37046.1763
[split=val, task=3, city=위례] (n=100) CPC=0.2268±0.1122  RMSE=898.7429±771.2611  %RMSE=17.0660±2.1230
[split=val, task=4, city=검단] (n=100) CPC=0.2139±0.1534  RMSE=592745.4663±919198.3911  %RMSE=34213.3216±58219.2349
[split=val, task=4, city=동탄] (n=100) CPC=0.2271±0.1297  RMSE=464836.1317±879193.5252  %RMSE=14419.9606±27393.2803
[split=val, task=4, city=위례] (n=100) CPC=0.2236±0.1140  RMSE=599.8484±473.9217  %RMSE=14.7493±3.4141

=== 도시별 성능 (모든 task) ===
[split=test, city=감일동] (n=500) CPC=0.2813±0.0973  RMSE=142.9585±97.0097  %RMSE=9.3723±2.2369
[split=test, city=다산] (n=500) CPC=0.3058±0.2459  RMSE=363876.0470±1022551.9380  %RMSE=15675.1592±44360.2604
[split=test, city=랜덤1] (n=500) CPC=0.2857±0.2171  RMSE=376379.0736±872769.3027  %RMSE=52788.7308±122078.5622
[split=test, city=랜덤2] (n=500) CPC=0.2621±0.1877  RMSE=399583.7146±1012347.3572  %RMSE=30612.4810±77689.0084
[split=test, city=랜덤3] (n=500) CPC=0.3068±0.1955  RMSE=354548.2107±884894.5349  %RMSE=15781.6418±39586.7364
[split=test, city=미사] (n=500) CPC=0.2703±0.2276  RMSE=333211.5817±976416.2821  %RMSE=18349.7276±53958.0602
[split=test, city=배곧] (n=500) CPC=0.3643±0.1656  RMSE=408.0625±312.9737  %RMSE=11.1722±2.7656
[split=val, city=검단] (n=500) CPC=0.3044±0.1856  RMSE=418677.3574±863242.0244  %RMSE=22586.7608±50764.6852
[split=val, city=동탄] (n=500) CPC=0.3138±0.1587  RMSE=327867.7173±807683.2801  %RMSE=10163.9094±25045.6817
[split=val, city=위례] (n=500) CPC=0.3337±0.1860  RMSE=517.2531±502.6103  %RMSE=14.4295±4.6293

===총 종합===

=== 전체 종합 (연도/task/도시 모두 무관) ===
[split=test] (n=3500) CPC=0.2966±0.1988  RMSE=261164.2355±824762.6929  %RMSE=19032.6121±64812.6392
[split=val] (n=1500) CPC=0.3173±0.1776  RMSE=249020.7759±705760.4700  %RMSE=10921.6999±33960.5452
[LOG] saved to C:\Users\금경훈\Desktop\mobility_foundation\KTxTS_project\src\gravity(경훈)\logs\gravity_linear_regression_zero_20260727_223220.log
