[LOG] saving console output to C:\Users\금경훈\Desktop\mobility_foundation\KTxTS_project\src\gravity(경훈)\logs\gravity_linear_regression_mean_20260727_234533.log
Dataset 초기화 완료 (Imputation: mean)
Dataset 초기화 완료 (Imputation: mean)
argument='linear_regression'
Start Model Training on Combined Data...
Training Model for Origin Generation (O_i) using linear_regression...

Evaluating 2019 / val ...
  [2019/val] 750개 샘플 병렬 평가 중 (threads=4)...
Starting Iterative Proportional Fitting (IPF)...
Starting Iterative Proportional Fitting (IPF)...
Starting Iterative Proportional Fitting (IPF)...Starting Iterative Proportional Fitting (IPF)...

IPF converged at iteration 31
IPF converged at iteration 31
IPF converged at iteration 31
IPF converged at iteration 31
IPF row error: 13.566430, col error: 0.000000
IPF row error: 13.566430, col error: 0.000000IPF row error: 13.566430, col error: 0.000000

IPF row error: 13.566430, col error: 0.000000
Starting Iterative Proportional Fitting (IPF)...
Starting Iterative Proportional Fitting (IPF)...
Starting Iterative Proportional Fitting (IPF)...Starting Iterative Proportional Fitting (IPF)...

IPF converged at iteration 31
IPF converged at iteration 31
IPF row error: 13.566430, col error: 0.000000
IPF row error: 13.566430, col error: 0.000000
IPF converged at iteration 31
IPF converged at iteration 31
IPF row error: 13.566430, col error: 0.000000
IPF row error: 13.566430, col error: 0.000000
Starting Iterative Proportional Fitting (IPF)...Starting Iterative Proportional Fitting (IPF)...

Starting Iterative Proportional Fitting (IPF)...
Starting Iterative Proportional Fitting (IPF)...
IPF converged at iteration 31
IPF row error: 13.566430, col error: 0.000000
IPF converged at iteration 31
IPF converged at iteration 31
IPF row error: 13.566430, col error: 0.000000
IPF row error: 13.566430, col error: 0.000000
IPF converged at iteration 31
IPF row error: 13.566430, col error: 0.000000
Starting Iterative Proportional Fitting (IPF)...
Starting Iterative Proportional Fitting (IPF)...
Starting Iterative Proportional Fitting (IPF)...
Starting Iterative Proportional Fitting (IPF)...
IPF converged at iteration 31
IPF row error: 13.566430, col error: 0.000000
IPF converged at iteration 31
IPF converged at iteration 31
IPF row error: 13.566430, col error: 0.000000
IPF row error: 13.566430, col error: 0.000000
IPF converged at iteration 31
IPF row error: 13.566430, col error: 0.000000
Starting Iterative Proportional Fitting (IPF)...
Starting Iterative Proportional Fitting (IPF)...
Starting Iterative Proportional Fitting (IPF)...
Starting Iterative Proportional Fitting (IPF)...
IPF converged at iteration 31
IPF row error: 13.566430, col error: 0.000000
IPF converged at iteration 31
IPF converged at iteration 31
IPF row error: 13.566430, col error: 0.000000
IPF row error: 13.566430, col error: 0.000000
IPF converged at iteration 31
IPF row error: 13.566430, col error: 0.000000
Starting Iterative Proportional Fitting (IPF)...
Starting Iterative Proportional Fitting (IPF)...
Starting Iterative Proportional Fitting (IPF)...
Starting Iterative Proportional Fitting (IPF)...
IPF converged at iteration 31
IPF row error: 13.566430, col error: 0.000000
IPF converged at iteration 31
IPF converged at iteration 31
IPF row error: 13.566430, col error: 0.000000
IPF row error: 13.566430, col error: 0.000000
IPF converged at iteration 31
IPF row error: 13.566430, col error: 0.000000
Starting Iterative Proportional Fitting (IPF)...
Starting Iterative Proportional Fitting (IPF)...
Starting Iterative Proportional Fitting (IPF)...
Starting Iterative Proportional Fitting (IPF)...
IPF converged at iteration 31
IPF row error: 13.566430, col error: 0.000000
IPF converged at iteration 31
IPF converged at iteration 31
IPF row error: 13.566430, col error: 0.000000
IPF converged at iteration 31
IPF row error: 13.566430, col error: 0.000000
IPF row error: 13.566430, col error: 0.000000
Starting Iterative Proportional Fitting (IPF)...
Starting Iterative Proportional Fitting (IPF)...
Starting Iterative Proportional Fitting (IPF)...
Starting Iterative Proportional Fitting (IPF)...
IPF converged at iteration 31
IPF row error: 13.566430, col error: 0.000000
IPF converged at iteration 31
IPF converged at iteration 31
IPF row error: 13.566430, col error: 0.000000
IPF row error: 13.566430, col error: 0.000000
  [2019/val] 진행 30/750 (4.0%) | 누적 CPC 0.4300 | RMSE 237.3904 | %RMSE 11.7735 | 경과 0.2분 | 예상 남음 4.6분
IPF converged at iteration 31
Starting Iterative Proportional Fitting (IPF)...
IPF row error: 13.566430, col error: 0.000000
Starting Iterative Proportional Fitting (IPF)...
Starting Iterative Proportional Fitting (IPF)...
Starting Iterative Proportional Fitting (IPF)...
IPF converged at iteration 31
IPF row error: 13.566430, col error: 0.000000
IPF converged at iteration 31
IPF row error: 13.566430, col error: 0.000000
IPF converged at iteration 31
Starting Iterative Proportional Fitting (IPF)...
IPF converged at iteration 31
IPF row error: 13.566430, col error: 0.000000
IPF row error: 13.566430, col error: 0.000000
Starting Iterative Proportional Fitting (IPF)...
Starting Iterative Proportional Fitting (IPF)...
Starting Iterative Proportional Fitting (IPF)...
IPF converged at iteration 31
IPF row error: 13.566430, col error: 0.000000
IPF converged at iteration 31
IPF row error: 13.566430, col error: 0.000000
IPF converged at iteration 31
Starting Iterative Proportional Fitting (IPF)...
IPF row error: 13.566430, col error: 0.000000
IPF converged at iteration 31
IPF row error: 13.566430, col error: 0.000000
Starting Iterative Proportional Fitting (IPF)...
Starting Iterative Proportional Fitting (IPF)...
Starting Iterative Proportional Fitting (IPF)...
IPF converged at iteration 31
IPF row error: 13.566430, col error: 0.000000
IPF converged at iteration 31
Starting Iterative Proportional Fitting (IPF)...
IPF converged at iteration 31
IPF row error: 13.566430, col error: 0.000000
IPF row error: 13.566430, col error: 0.000000
IPF converged at iteration 31
IPF row error: 13.566430, col error: 0.000000
Starting Iterative Proportional Fitting (IPF)...Starting Iterative Proportional Fitting (IPF)...

Starting Iterative Proportional Fitting (IPF)...
IPF converged at iteration 31
IPF row error: 13.566430, col error: 0.000000
Starting Iterative Proportional Fitting (IPF)...
IPF converged at iteration 31
IPF converged at iteration 31
IPF row error: 13.566430, col error: 0.000000
IPF row error: 13.566430, col error: 0.000000
IPF converged at iteration 31
IPF row error: 13.566430, col error: 0.000000
Starting Iterative Proportional Fitting (IPF)...
Starting Iterative Proportional Fitting (IPF)...
Starting Iterative Proportional Fitting (IPF)...
IPF converged at iteration 31
IPF row error: 13.566430, col error: 0.000000
Starting Iterative Proportional Fitting (IPF)...
IPF converged at iteration 31
IPF converged at iteration 31
IPF row error: 13.566430, col error: 0.000000
IPF row error: 13.678226, col error: 0.000000
IPF converged at iteration 31
IPF row error: 13.678226, col error: 0.000000
Starting Iterative Proportional Fitting (IPF)...
Starting Iterative Proportional Fitting (IPF)...
Starting Iterative Proportional Fitting (IPF)...
IPF converged at iteration 31
IPF row error: 13.678226, col error: 0.000000
Starting Iterative Proportional Fitting (IPF)...
IPF converged at iteration 31
IPF converged at iteration 31
IPF row error: 13.678226, col error: 0.000000
IPF row error: 13.678226, col error: 0.000000
IPF converged at iteration 31
IPF row error: 13.678226, col error: 0.000000
Starting Iterative Proportional Fitting (IPF)...
Starting Iterative Proportional Fitting (IPF)...
Starting Iterative Proportional Fitting (IPF)...
IPF converged at iteration 31
IPF row error: 13.678226, col error: 0.000000
Starting Iterative Proportional Fitting (IPF)...
IPF converged at iteration 31
IPF row error: 13.678226, col error: 0.000000
IPF converged at iteration 31
IPF row error: 13.678226, col error: 0.000000
IPF converged at iteration 31
Starting Iterative Proportional Fitting (IPF)...
IPF row error: 13.678226, col error: 0.000000
  [2019/val] 진행 60/750 (8.0%) | 누적 CPC 0.4060 | RMSE 240.7418 | %RMSE 14.3914 | 경과 0.4분 | 예상 남음 4.2분
Starting Iterative Proportional Fitting (IPF)...
Starting Iterative Proportional Fitting (IPF)...
IPF converged at iteration 31
IPF row error: 13.678226, col error: 0.000000
Starting Iterative Proportional Fitting (IPF)...
IPF converged at iteration 31
IPF row error: 13.678226, col error: 0.000000IPF converged at iteration 31

IPF row error: 13.678226, col error: 0.000000
IPF converged at iteration 31
Starting Iterative Proportional Fitting (IPF)...
IPF row error: 13.678226, col error: 0.000000
Starting Iterative Proportional Fitting (IPF)...
Starting Iterative Proportional Fitting (IPF)...
IPF converged at iteration 31
IPF row error: 13.678226, col error: 0.000000
Starting Iterative Proportional Fitting (IPF)...
IPF converged at iteration 31
IPF converged at iteration 31
IPF row error: 13.678226, col error: 0.000000
IPF row error: 13.678226, col error: 0.000000
IPF converged at iteration 31
IPF row error: 13.678226, col error: 0.000000
Starting Iterative Proportional Fitting (IPF)...
Starting Iterative Proportional Fitting (IPF)...
Starting Iterative Proportional Fitting (IPF)...
IPF converged at iteration 31
IPF row error: 13.678226, col error: 0.000000
Starting Iterative Proportional Fitting (IPF)...
IPF converged at iteration 31
IPF converged at iteration 31
IPF row error: 13.678226, col error: 0.000000
IPF row error: 13.678226, col error: 0.000000
IPF converged at iteration 31
IPF row error: 13.678226, col error: 0.000000
Starting Iterative Proportional Fitting (IPF)...
Starting Iterative Proportional Fitting (IPF)...
Starting Iterative Proportional Fitting (IPF)...
IPF converged at iteration 31
IPF row error: 13.678226, col error: 0.000000
Starting Iterative Proportional Fitting (IPF)...
IPF converged at iteration 31
IPF row error: 13.678226, col error: 0.000000
IPF converged at iteration 31
IPF row error: 13.678226, col error: 0.000000
IPF converged at iteration 31
Starting Iterative Proportional Fitting (IPF)...
IPF row error: 13.678226, col error: 0.000000
Starting Iterative Proportional Fitting (IPF)...
Starting Iterative Proportional Fitting (IPF)...
IPF converged at iteration 31
IPF row error: 13.678226, col error: 0.000000
Starting Iterative Proportional Fitting (IPF)...
IPF converged at iteration 31
IPF row error: 13.678226, col error: 0.000000
IPF converged at iteration 31
IPF row error: 13.678226, col error: 0.000000
IPF converged at iteration 31
Starting Iterative Proportional Fitting (IPF)...
IPF row error: 13.678226, col error: 0.000000
Starting Iterative Proportional Fitting (IPF)...
Starting Iterative Proportional Fitting (IPF)...
IPF converged at iteration 31
IPF row error: 13.678226, col error: 0.000000
Starting Iterative Proportional Fitting (IPF)...
IPF converged at iteration 31
IPF row error: 13.678226, col error: 0.000000
IPF converged at iteration 31
IPF row error: 13.678226, col error: 0.000000
IPF converged at iteration 31
Starting Iterative Proportional Fitting (IPF)...
IPF row error: 13.678226, col error: 0.000000
Starting Iterative Proportional Fitting (IPF)...
Starting Iterative Proportional Fitting (IPF)...
IPF converged at iteration 31
IPF row error: 13.678226, col error: 0.000000
Starting Iterative Proportional Fitting (IPF)...
IPF converged at iteration 31
IPF row error: 13.678226, col error: 0.000000
IPF converged at iteration 31
IPF row error: 13.678226, col error: 0.000000
IPF converged at iteration 31
Starting Iterative Proportional Fitting (IPF)...
IPF row error: 13.678226, col error: 0.000000
Starting Iterative Proportional Fitting (IPF)...
Starting Iterative Proportional Fitting (IPF)...
IPF converged at iteration 31
IPF row error: 13.678226, col error: 0.000000
Starting Iterative Proportional Fitting (IPF)...
IPF converged at iteration 31
IPF row error: 13.678226, col error: 0.000000
  [2019/val] 진행 90/750 (12.0%) | 누적 CPC 0.3661 | RMSE 246.3275 | %RMSE 18.7546 | 경과 0.6분 | 예상 남음 4.3분
IPF converged at iteration 31
IPF row error: 13.678226, col error: 0.000000
Starting Iterative Proportional Fitting (IPF)...
IPF converged at iteration 31
IPF row error: 13.678226, col error: 0.000000
Starting Iterative Proportional Fitting (IPF)...
Starting Iterative Proportional Fitting (IPF)...
IPF converged at iteration 31
IPF row error: 13.678226, col error: 0.000000
Starting Iterative Proportional Fitting (IPF)...
IPF converged at iteration 31
IPF row error: 13.678226, col error: 0.000000
IPF converged at iteration 31
IPF row error: 13.678226, col error: 0.000000
Starting Iterative Proportional Fitting (IPF)...
IPF converged at iteration 31
IPF row error: 13.678226, col error: 0.000000
Starting Iterative Proportional Fitting (IPF)...
Starting Iterative Proportional Fitting (IPF)...
IPF converged at iteration 31
IPF row error: 13.678226, col error: 0.000000
Starting Iterative Proportional Fitting (IPF)...
IPF converged at iteration 31
IPF row error: 13.678226, col error: 0.000000
IPF converged at iteration 31
IPF row error: 13.678226, col error: 0.000000
Starting Iterative Proportional Fitting (IPF)...
IPF converged at iteration 31
IPF row error: 13.678226, col error: 0.000000
Starting Iterative Proportional Fitting (IPF)...
Starting Iterative Proportional Fitting (IPF)...
IPF converged at iteration 31
IPF row error: 13.780047, col error: 0.000000
Starting Iterative Proportional Fitting (IPF)...
IPF converged at iteration 31
IPF row error: 13.780047, col error: 0.000000
IPF converged at iteration 31
IPF row error: 13.780047, col error: 0.000000
Starting Iterative Proportional Fitting (IPF)...
IPF converged at iteration 31
IPF row error: 13.780047, col error: 0.000000
Starting Iterative Proportional Fitting (IPF)...
Starting Iterative Proportional Fitting (IPF)...
IPF converged at iteration 31
IPF row error: 13.780047, col error: 0.000000
Starting Iterative Proportional Fitting (IPF)...
IPF converged at iteration 31
IPF row error: 13.780047, col error: 0.000000
IPF converged at iteration 31
IPF row error: 13.780047, col error: 0.000000
Starting Iterative Proportional Fitting (IPF)...
IPF converged at iteration 31
IPF row error: 13.780047, col error: 0.000000
Starting Iterative Proportional Fitting (IPF)...
Starting Iterative Proportional Fitting (IPF)...
IPF converged at iteration 31
IPF row error: 13.780047, col error: 0.000000
Starting Iterative Proportional Fitting (IPF)...
IPF converged at iteration 31
IPF row error: 13.780047, col error: 0.000000
IPF converged at iteration 31
Starting Iterative Proportional Fitting (IPF)...
IPF row error: 13.780047, col error: 0.000000
IPF converged at iteration 31
Starting Iterative Proportional Fitting (IPF)...
IPF row error: 13.780047, col error: 0.000000
Starting Iterative Proportional Fitting (IPF)...
IPF converged at iteration 31
IPF row error: 13.780047, col error: 0.000000
Starting Iterative Proportional Fitting (IPF)...
IPF converged at iteration 31
IPF row error: 13.780047, col error: 0.000000
IPF converged at iteration 31
IPF row error: 13.780047, col error: 0.000000
Starting Iterative Proportional Fitting (IPF)...
Starting Iterative Proportional Fitting (IPF)...
IPF converged at iteration 31
IPF row error: 13.780047, col error: 0.000000
Starting Iterative Proportional Fitting (IPF)...
IPF converged at iteration 31
IPF row error: 13.780047, col error: 0.000000
Starting Iterative Proportional Fitting (IPF)...
IPF converged at iteration 31
IPF row error: 13.780047, col error: 0.000000
IPF converged at iteration 31
IPF row error: 13.780047, col error: 0.000000
Starting Iterative Proportional Fitting (IPF)...
Starting Iterative Proportional Fitting (IPF)...
IPF converged at iteration 31
IPF row error: 13.780047, col error: 0.000000
  [2019/val] 진행 120/750 (16.0%) | 누적 CPC 0.3550 | RMSE 236.0495 | %RMSE 19.5993 | 경과 0.8분 | 예상 남음 4.2분
Starting Iterative Proportional Fitting (IPF)...
IPF converged at iteration 31
IPF row error: 13.780047, col error: 0.000000
Starting Iterative Proportional Fitting (IPF)...
IPF converged at iteration 31
IPF row error: 13.780047, col error: 0.000000
IPF converged at iteration 31
Starting Iterative Proportional Fitting (IPF)...
IPF row error: 13.780047, col error: 0.000000
Starting Iterative Proportional Fitting (IPF)...
IPF converged at iteration 31
IPF row error: 13.780047, col error: 0.000000
Starting Iterative Proportional Fitting (IPF)...
IPF converged at iteration 31
IPF row error: 13.780047, col error: 0.000000
Starting Iterative Proportional Fitting (IPF)...
IPF converged at iteration 31
IPF row error: 13.780047, col error: 0.000000
IPF converged at iteration 31
IPF row error: 13.780047, col error: 0.000000
Starting Iterative Proportional Fitting (IPF)...
Starting Iterative Proportional Fitting (IPF)...
IPF converged at iteration 31
IPF row error: 13.780047, col error: 0.000000
Starting Iterative Proportional Fitting (IPF)...
IPF converged at iteration 31
IPF row error: 13.780047, col error: 0.000000
Starting Iterative Proportional Fitting (IPF)...
IPF converged at iteration 31
IPF row error: 13.780047, col error: 0.000000
IPF converged at iteration 31
IPF row error: 13.780047, col error: 0.000000
Starting Iterative Proportional Fitting (IPF)...
Starting Iterative Proportional Fitting (IPF)...
IPF converged at iteration 31
IPF row error: 13.780047, col error: 0.000000
Starting Iterative Proportional Fitting (IPF)...
IPF converged at iteration 31
IPF row error: 13.780047, col error: 0.000000
Starting Iterative Proportional Fitting (IPF)...
IPF converged at iteration 31
IPF row error: 13.780047, col error: 0.000000
IPF converged at iteration 31
IPF row error: 13.780047, col error: 0.000000
Starting Iterative Proportional Fitting (IPF)...
Starting Iterative Proportional Fitting (IPF)...
IPF converged at iteration 31
IPF row error: 13.780047, col error: 0.000000
Starting Iterative Proportional Fitting (IPF)...
IPF converged at iteration 31
IPF row error: 13.780047, col error: 0.000000
Starting Iterative Proportional Fitting (IPF)...
IPF converged at iteration 31
IPF row error: 13.780047, col error: 0.000000
IPF converged at iteration 31
Starting Iterative Proportional Fitting (IPF)...
IPF row error: 13.780047, col error: 0.000000
Starting Iterative Proportional Fitting (IPF)...
IPF converged at iteration 31
IPF row error: 13.780047, col error: 0.000000
Starting Iterative Proportional Fitting (IPF)...
IPF converged at iteration 31
IPF row error: 13.780047, col error: 0.000000
Starting Iterative Proportional Fitting (IPF)...
IPF converged at iteration 31
IPF row error: 13.780047, col error: 0.000000
IPF converged at iteration 31
IPF row error: 13.780047, col error: 0.000000
Starting Iterative Proportional Fitting (IPF)...
Starting Iterative Proportional Fitting (IPF)...
IPF converged at iteration 31
IPF row error: 13.780047, col error: 0.000000
Starting Iterative Proportional Fitting (IPF)...
IPF converged at iteration 31
IPF row error: 13.780047, col error: 0.000000
Starting Iterative Proportional Fitting (IPF)...
IPF converged at iteration 31
IPF row error: 13.780047, col error: 0.000000
IPF converged at iteration 31
IPF row error: 13.780047, col error: 0.000000
Starting Iterative Proportional Fitting (IPF)...
Starting Iterative Proportional Fitting (IPF)...
IPF converged at iteration 31
IPF row error: 13.780047, col error: 0.000000
Starting Iterative Proportional Fitting (IPF)...
IPF converged at iteration 31
IPF row error: 13.780047, col error: 0.000000
Starting Iterative Proportional Fitting (IPF)...
IPF converged at iteration 31
IPF row error: 13.780047, col error: 0.000000
  [2019/val] 진행 150/750 (20.0%) | 누적 CPC 0.3519 | RMSE 224.6544 | %RMSE 19.5713 | 경과 1.0분 | 예상 남음 4.1분
Starting Iterative Proportional Fitting (IPF)...
IPF converged at iteration 34
IPF row error: 7.892746, col error: 0.000000
Starting Iterative Proportional Fitting (IPF)...
IPF converged at iteration 38
IPF row error: 3.234108, col error: 0.000000
Starting Iterative Proportional Fitting (IPF)...
IPF converged at iteration 31
IPF row error: 13.566430, col error: 0.000000
Starting Iterative Proportional Fitting (IPF)...
IPF converged at iteration 31
IPF row error: 13.566430, col error: 0.000000
Starting Iterative Proportional Fitting (IPF)...
IPF converged at iteration 31
IPF row error: 13.566430, col error: 0.000000
Starting Iterative Proportional Fitting (IPF)...
IPF converged at iteration 29
IPF row error: 12.522619, col error: 0.000000
Starting Iterative Proportional Fitting (IPF)...
IPF converged at iteration 31
IPF row error: 13.566430, col error: 0.000000
Starting Iterative Proportional Fitting (IPF)...
IPF converged at iteration 31
IPF row error: 13.566430, col error: 0.000000
Starting Iterative Proportional Fitting (IPF)...
IPF converged at iteration 31
IPF row error: 13.566430, col error: 0.000000
Starting Iterative Proportional Fitting (IPF)...
IPF converged at iteration 31
IPF row error: 13.566430, col error: 0.000000
Starting Iterative Proportional Fitting (IPF)...
IPF converged at iteration 31
IPF row error: 13.566430, col error: 0.000000
Starting Iterative Proportional Fitting (IPF)...
IPF converged at iteration 31
IPF row error: 14.247252, col error: 0.000000
Starting Iterative Proportional Fitting (IPF)...
IPF converged at iteration 31
IPF row error: 13.566430, col error: 0.000000
Starting Iterative Proportional Fitting (IPF)...
IPF converged at iteration 29
IPF row error: 13.994242, col error: 0.000000
Starting Iterative Proportional Fitting (IPF)...
IPF converged at iteration 31
IPF row error: 13.566430, col error: 0.000000
Starting Iterative Proportional Fitting (IPF)...
IPF converged at iteration 31
IPF row error: 11.424271, col error: 0.000000
Starting Iterative Proportional Fitting (IPF)...
IPF converged at iteration 34
IPF row error: 7.916156, col error: 0.000000
Starting Iterative Proportional Fitting (IPF)...IPF converged at iteration 31

IPF row error: 13.566430, col error: 0.000000
Starting Iterative Proportional Fitting (IPF)...
IPF converged at iteration 32
IPF row error: 10.575604, col error: 0.000000
Starting Iterative Proportional Fitting (IPF)...
IPF converged at iteration 31
IPF row error: 13.566430, col error: 0.000000
Starting Iterative Proportional Fitting (IPF)...
IPF converged at iteration 31
IPF row error: 13.566430, col error: 0.000000
Starting Iterative Proportional Fitting (IPF)...
IPF converged at iteration 40
IPF row error: 1.537056, col error: 0.000000
Starting Iterative Proportional Fitting (IPF)...
IPF converged at iteration 29
IPF row error: 22.236009, col error: 0.000000
Starting Iterative Proportional Fitting (IPF)...
IPF converged at iteration 30
IPF row error: 13.821764, col error: 0.000000
Starting Iterative Proportional Fitting (IPF)...
IPF converged at iteration 31
IPF row error: 13.566430, col error: 0.000000
Starting Iterative Proportional Fitting (IPF)...
IPF converged at iteration 31
IPF row error: 13.566430, col error: 0.000000
Starting Iterative Proportional Fitting (IPF)...
IPF converged at iteration 31
IPF row error: 13.566430, col error: 0.000000
Starting Iterative Proportional Fitting (IPF)...
IPF converged at iteration 31
IPF row error: 12.693477, col error: 0.000000
Starting Iterative Proportional Fitting (IPF)...
IPF converged at iteration 52
IPF row error: 1.249263, col error: 0.000000
Starting Iterative Proportional Fitting (IPF)...
IPF converged at iteration 37
IPF row error: 3.643825, col error: 0.000000
  [2019/val] 진행 180/750 (24.0%) | 누적 CPC 0.3649 | RMSE 227.1238 | %RMSE 18.2814 | 경과 1.3분 | 예상 남음 4.0분
Starting Iterative Proportional Fitting (IPF)...
IPF converged at iteration 49
IPF row error: 1.395857, col error: 0.000000
Starting Iterative Proportional Fitting (IPF)...
IPF converged at iteration 31
IPF row error: 13.566430, col error: 0.000000
Starting Iterative Proportional Fitting (IPF)...
IPF converged at iteration 31
IPF row error: 13.566430, col error: 0.000000
Starting Iterative Proportional Fitting (IPF)...
IPF converged at iteration 31
IPF row error: 13.566430, col error: 0.000000
Starting Iterative Proportional Fitting (IPF)...
IPF converged at iteration 28
IPF row error: 16.250013, col error: 0.000000
Starting Iterative Proportional Fitting (IPF)...
IPF converged at iteration 31
IPF row error: 13.566430, col error: 0.000000
Starting Iterative Proportional Fitting (IPF)...
IPF converged at iteration 31
IPF row error: 9.406957, col error: 0.000000
Starting Iterative Proportional Fitting (IPF)...
IPF converged at iteration 27
IPF row error: 19.028204, col error: 0.000000
Starting Iterative Proportional Fitting (IPF)...
IPF converged at iteration 44
IPF row error: 1.226405, col error: 0.000000
IPF converged at iteration 27
IPF row error: 15.555619, col error: 0.000000
Starting Iterative Proportional Fitting (IPF)...
Starting Iterative Proportional Fitting (IPF)...
IPF converged at iteration 31
IPF row error: 13.566430, col error: 0.000000
Starting Iterative Proportional Fitting (IPF)...
IPF converged at iteration 31
IPF row error: 13.566430, col error: 0.000000
Starting Iterative Proportional Fitting (IPF)...
IPF converged at iteration 31
IPF converged at iteration 30
IPF row error: 13.566430, col error: 0.000000
IPF row error: 16.131979, col error: 0.000000
Starting Iterative Proportional Fitting (IPF)...
Starting Iterative Proportional Fitting (IPF)...
IPF converged at iteration 30
IPF row error: 13.726952, col error: 0.000000
Starting Iterative Proportional Fitting (IPF)...
IPF converged at iteration 31
IPF row error: 13.566430, col error: 0.000000
Starting Iterative Proportional Fitting (IPF)...
IPF converged at iteration 31
IPF row error: 11.296741, col error: 0.000000
Starting Iterative Proportional Fitting (IPF)...
IPF converged at iteration 44
IPF converged at iteration 28
IPF row error: 1.311801, col error: 0.000000
IPF row error: 17.195706, col error: 0.000000
Starting Iterative Proportional Fitting (IPF)...
Starting Iterative Proportional Fitting (IPF)...
IPF converged at iteration 34
IPF row error: 7.071934, col error: 0.000000
Starting Iterative Proportional Fitting (IPF)...
IPF converged at iteration 31
IPF row error: 13.678226, col error: 0.000000
Starting Iterative Proportional Fitting (IPF)...
IPF converged at iteration 31
IPF row error: 13.678226, col error: 0.000000
IPF converged at iteration 31
IPF row error: 12.865085, col error: 0.000000
Starting Iterative Proportional Fitting (IPF)...
Starting Iterative Proportional Fitting (IPF)...
IPF converged at iteration 30
IPF row error: 17.055793, col error: 0.000000
Starting Iterative Proportional Fitting (IPF)...
IPF converged at iteration 31
IPF row error: 13.678226, col error: 0.000000
Starting Iterative Proportional Fitting (IPF)...
IPF converged at iteration 29
IPF row error: 16.088243, col error: 0.000000
IPF converged at iteration 31
IPF row error: 13.678226, col error: 0.000000
Starting Iterative Proportional Fitting (IPF)...
Starting Iterative Proportional Fitting (IPF)...
IPF converged at iteration 31
IPF row error: 13.560992, col error: 0.000000
Starting Iterative Proportional Fitting (IPF)...
IPF converged at iteration 31
IPF row error: 13.678226, col error: 0.000000
Starting Iterative Proportional Fitting (IPF)...
IPF converged at iteration 33
IPF row error: 8.546812, col error: 0.000000
  [2019/val] 진행 210/750 (28.0%) | 누적 CPC 0.3672 | RMSE 229.7450 | %RMSE 18.1108 | 경과 1.5분 | 예상 남음 3.8분
IPF converged at iteration 31
IPF row error: 13.678226, col error: 0.000000
Starting Iterative Proportional Fitting (IPF)...
Starting Iterative Proportional Fitting (IPF)...
IPF converged at iteration 29
IPF row error: 14.712183, col error: 0.000000
Starting Iterative Proportional Fitting (IPF)...
IPF converged at iteration 27
IPF row error: 14.560898, col error: 0.000000
Starting Iterative Proportional Fitting (IPF)...
IPF converged at iteration 31
IPF row error: 13.678226, col error: 0.000000
Starting Iterative Proportional Fitting (IPF)...
IPF converged at iteration 63
IPF row error: 1.411513, col error: 0.000000
Starting Iterative Proportional Fitting (IPF)...
IPF converged at iteration 34
IPF row error: 8.520269, col error: 0.000000
Starting Iterative Proportional Fitting (IPF)...
IPF converged at iteration 32
IPF row error: 11.777196, col error: 0.000000
IPF converged at iteration 29
IPF row error: 10.445512, col error: 0.000000
Starting Iterative Proportional Fitting (IPF)...
Starting Iterative Proportional Fitting (IPF)...
IPF converged at iteration 31
IPF row error: 13.678226, col error: 0.000000
Starting Iterative Proportional Fitting (IPF)...
IPF converged at iteration 30
IPF row error: 14.894896, col error: 0.000000
Starting Iterative Proportional Fitting (IPF)...
IPF converged at iteration 33
IPF row error: 9.962762, col error: 0.000000
Starting Iterative Proportional Fitting (IPF)...
IPF converged at iteration 31
IPF row error: 13.678226, col error: 0.000000
Starting Iterative Proportional Fitting (IPF)...
IPF converged at iteration 46
IPF row error: 1.297409, col error: 0.000000
Starting Iterative Proportional Fitting (IPF)...
IPF converged at iteration 42
IPF row error: 1.366097, col error: 0.000000
IPF converged at iteration 31
IPF row error: 13.678226, col error: 0.000000
Starting Iterative Proportional Fitting (IPF)...
Starting Iterative Proportional Fitting (IPF)...
IPF converged at iteration 31
IPF row error: 13.678226, col error: 0.000000
IPF converged at iteration 31
Starting Iterative Proportional Fitting (IPF)...
IPF row error: 13.678226, col error: 0.000000
Starting Iterative Proportional Fitting (IPF)...
IPF converged at iteration 30
IPF row error: 10.747577, col error: 0.000000
IPF converged at iteration 30
IPF row error: 12.325687, col error: 0.000000
Starting Iterative Proportional Fitting (IPF)...
Starting Iterative Proportional Fitting (IPF)...
IPF converged at iteration 30
IPF row error: 9.858334, col error: 0.000000
Starting Iterative Proportional Fitting (IPF)...
IPF converged at iteration 31
IPF row error: 13.678226, col error: 0.000000
Starting Iterative Proportional Fitting (IPF)...
IPF converged at iteration 31
IPF row error: 13.678226, col error: 0.000000
IPF converged at iteration 31
IPF row error: 13.678226, col error: 0.000000
Starting Iterative Proportional Fitting (IPF)...
Starting Iterative Proportional Fitting (IPF)...
IPF converged at iteration 31
IPF row error: 13.678226, col error: 0.000000
Starting Iterative Proportional Fitting (IPF)...
IPF converged at iteration 31
IPF row error: 13.678226, col error: 0.000000
Starting Iterative Proportional Fitting (IPF)...
IPF converged at iteration 29
IPF row error: 9.836646, col error: 0.000000
IPF converged at iteration 28
IPF row error: 12.501420, col error: 0.000000
Starting Iterative Proportional Fitting (IPF)...
Starting Iterative Proportional Fitting (IPF)...
IPF converged at iteration 31
IPF row error: 13.678226, col error: 0.000000
IPF converged at iteration 28
IPF row error: 16.426547, col error: 0.000000
Starting Iterative Proportional Fitting (IPF)...
Starting Iterative Proportional Fitting (IPF)...
IPF converged at iteration 28
IPF row error: 17.338730, col error: 0.000000
  [2019/val] 진행 240/750 (32.0%) | 누적 CPC 0.3568 | RMSE 234.0172 | %RMSE 19.3437 | 경과 1.7분 | 예상 남음 3.6분
IPF converged at iteration 31
IPF row error: 13.678226, col error: 0.000000
Starting Iterative Proportional Fitting (IPF)...
Starting Iterative Proportional Fitting (IPF)...
IPF converged at iteration 31
IPF converged at iteration 30IPF row error: 13.678226, col error: 0.000000

IPF row error: 15.732965, col error: 0.000000
Starting Iterative Proportional Fitting (IPF)...
Starting Iterative Proportional Fitting (IPF)...
IPF converged at iteration 31
IPF row error: 13.678226, col error: 0.000000
IPF converged at iteration 31
IPF row error: 13.678226, col error: 0.000000
Starting Iterative Proportional Fitting (IPF)...
Starting Iterative Proportional Fitting (IPF)...
IPF converged at iteration 30IPF converged at iteration 31

IPF row error: 13.013410, col error: 0.000000
IPF row error: 13.678226, col error: 0.000000
Starting Iterative Proportional Fitting (IPF)...
Starting Iterative Proportional Fitting (IPF)...
IPF converged at iteration 31
IPF row error: 13.678226, col error: 0.000000
IPF converged at iteration 31
IPF row error: 13.678226, col error: 0.000000
Starting Iterative Proportional Fitting (IPF)...
Starting Iterative Proportional Fitting (IPF)...
IPF converged at iteration 31
IPF row error: 13.780047, col error: 0.000000
IPF converged at iteration 32
IPF row error: 9.888393, col error: 0.000000
Starting Iterative Proportional Fitting (IPF)...
Starting Iterative Proportional Fitting (IPF)...
IPF converged at iteration 31
IPF row error: 13.780047, col error: 0.000000
IPF converged at iteration 31
IPF row error: 11.519356, col error: 0.000000
Starting Iterative Proportional Fitting (IPF)...
Starting Iterative Proportional Fitting (IPF)...
IPF converged at iteration 31
IPF row error: 13.780047, col error: 0.000000
Starting Iterative Proportional Fitting (IPF)...
IPF converged at iteration 31
IPF converged at iteration 31
IPF row error: 13.780047, col error: 0.000000
IPF row error: 13.780047, col error: 0.000000
Starting Iterative Proportional Fitting (IPF)...
Starting Iterative Proportional Fitting (IPF)...
IPF converged at iteration 31
IPF row error: 13.780047, col error: 0.000000
Starting Iterative Proportional Fitting (IPF)...
IPF converged at iteration 70
IPF row error: 1.361775, col error: 0.000000
Starting Iterative Proportional Fitting (IPF)...
IPF converged at iteration 31
IPF row error: 13.780047, col error: 0.000000
Starting Iterative Proportional Fitting (IPF)...
IPF converged at iteration 40
IPF row error: 1.992791, col error: 0.000000
Starting Iterative Proportional Fitting (IPF)...
IPF converged at iteration 31
IPF row error: 13.780047, col error: 0.000000
Starting Iterative Proportional Fitting (IPF)...
IPF converged at iteration 31
IPF row error: 13.780047, col error: 0.000000
Starting Iterative Proportional Fitting (IPF)...
IPF converged at iteration 32
IPF row error: 11.677810, col error: 0.000000
Starting Iterative Proportional Fitting (IPF)...
IPF converged at iteration 28
IPF row error: 14.948458, col error: 0.000000
Starting Iterative Proportional Fitting (IPF)...
IPF converged at iteration 29
IPF row error: 13.186326, col error: 0.000000
Starting Iterative Proportional Fitting (IPF)...
IPF converged at iteration 31
IPF row error: 13.780047, col error: 0.000000
IPF converged at iteration 44
Starting Iterative Proportional Fitting (IPF)...
IPF row error: 1.388949, col error: 0.000000
Starting Iterative Proportional Fitting (IPF)...
IPF converged at iteration 31
IPF row error: 13.780047, col error: 0.000000
Starting Iterative Proportional Fitting (IPF)...
IPF converged at iteration 32
IPF row error: 7.322819, col error: 0.000000
Starting Iterative Proportional Fitting (IPF)...
IPF converged at iteration 33
IPF row error: 9.628308, col error: 0.000000
IPF converged at iteration 31
  [2019/val] 진행 270/750 (36.0%) | 누적 CPC 0.3529 | RMSE 231.6704 | %RMSE 19.7365 | 경과 1.9분 | 예상 남음 3.4분
IPF row error: 13.780047, col error: 0.000000
Starting Iterative Proportional Fitting (IPF)...
Starting Iterative Proportional Fitting (IPF)...
IPF converged at iteration 31
IPF row error: 12.213375, col error: 0.000000
Starting Iterative Proportional Fitting (IPF)...
IPF converged at iteration 31
IPF row error: 14.063960, col error: 0.000000
Starting Iterative Proportional Fitting (IPF)...
IPF converged at iteration 29
IPF converged at iteration 31
IPF row error: 12.164170, col error: 0.000000
IPF row error: 13.780047, col error: 0.000000
Starting Iterative Proportional Fitting (IPF)...Starting Iterative Proportional Fitting (IPF)...

IPF converged at iteration 29
IPF row error: 15.408089, col error: 0.000000
Starting Iterative Proportional Fitting (IPF)...
IPF converged at iteration 30
IPF row error: 13.820518, col error: 0.000000
Starting Iterative Proportional Fitting (IPF)...
IPF converged at iteration 31
IPF row error: 13.780047, col error: 0.000000
IPF converged at iteration 32
IPF row error: 13.368067, col error: 0.000000
Starting Iterative Proportional Fitting (IPF)...
IPF converged at iteration 30
IPF row error: 9.520608, col error: 0.000000
Starting Iterative Proportional Fitting (IPF)...
Starting Iterative Proportional Fitting (IPF)...
IPF converged at iteration 31
IPF row error: 13.780047, col error: 0.000000
Starting Iterative Proportional Fitting (IPF)...
IPF converged at iteration 29
IPF row error: 11.796715, col error: 0.000000
IPF converged at iteration 31
Starting Iterative Proportional Fitting (IPF)...
IPF row error: 13.780047, col error: 0.000000
IPF converged at iteration 31
Starting Iterative Proportional Fitting (IPF)...
IPF row error: 12.165817, col error: 0.000000
Starting Iterative Proportional Fitting (IPF)...
IPF converged at iteration 31
IPF row error: 13.780047, col error: 0.000000
Starting Iterative Proportional Fitting (IPF)...
IPF converged at iteration 31
IPF row error: 10.812806, col error: 0.000000
IPF converged at iteration 31
Starting Iterative Proportional Fitting (IPF)...
IPF row error: 13.780047, col error: 0.000000
IPF converged at iteration 30
IPF row error: 15.387431, col error: 0.000000
Starting Iterative Proportional Fitting (IPF)...
Starting Iterative Proportional Fitting (IPF)...
IPF converged at iteration 37
IPF row error: 3.442181, col error: 0.000000
Starting Iterative Proportional Fitting (IPF)...
IPF converged at iteration 31
IPF row error: 13.780047, col error: 0.000000
Starting Iterative Proportional Fitting (IPF)...
IPF converged at iteration 31
IPF row error: 13.780047, col error: 0.000000
IPF converged at iteration 30
IPF row error: 10.901888, col error: 0.000000
Starting Iterative Proportional Fitting (IPF)...
Starting Iterative Proportional Fitting (IPF)...
IPF converged at iteration 29
IPF row error: 12.230491, col error: 0.000000
Starting Iterative Proportional Fitting (IPF)...
IPF converged at iteration 31
IPF row error: 13.780047, col error: 0.000000
IPF converged at iteration 27
IPF row error: 18.306831, col error: 0.000000
Starting Iterative Proportional Fitting (IPF)...
IPF converged at iteration 31
IPF row error: 13.780047, col error: 0.000000
Starting Iterative Proportional Fitting (IPF)...
Starting Iterative Proportional Fitting (IPF)...
IPF converged at iteration 31
IPF row error: 13.780047, col error: 0.000000
Starting Iterative Proportional Fitting (IPF)...
IPF converged at iteration 31
IPF converged at iteration 27
IPF row error: 10.568800, col error: 0.000000
IPF row error: 19.598804, col error: 0.000000
IPF converged at iteration 31
Starting Iterative Proportional Fitting (IPF)...IPF row error: 13.780047, col error: 0.000000

  [2019/val] 진행 300/750 (40.0%) | 누적 CPC 0.3514 | RMSE 227.6381 | %RMSE 19.8306 | 경과 2.1분 | 예상 남음 3.2분
Starting Iterative Proportional Fitting (IPF)...
Starting Iterative Proportional Fitting (IPF)...
IPF converged at iteration 57
IPF converged at iteration 49
IPF row error: 1.314365, col error: 0.000000
IPF row error: 1.338868, col error: 0.000000
Starting Iterative Proportional Fitting (IPF)...
IPF converged at iteration 50
Starting Iterative Proportional Fitting (IPF)...
IPF row error: 1.366964, col error: 0.000000
Starting Iterative Proportional Fitting (IPF)...
IPF converged at iteration 63
IPF row error: 1.383495, col error: 0.000000
Starting Iterative Proportional Fitting (IPF)...
IPF converged at iteration 32
IPF row error: 7.338400, col error: 0.000000
Starting Iterative Proportional Fitting (IPF)...
IPF converged at iteration 57
IPF row error: 1.355289, col error: 0.000000
Starting Iterative Proportional Fitting (IPF)...
IPF converged at iteration 58
IPF row error: 1.269962, col error: 0.000000
Starting Iterative Proportional Fitting (IPF)...
IPF converged at iteration 53
IPF row error: 1.322448, col error: 0.000000
Starting Iterative Proportional Fitting (IPF)...
IPF converged at iteration 44
IPF row error: 1.267693, col error: 0.000000
Starting Iterative Proportional Fitting (IPF)...
IPF converged at iteration 25
IPF row error: 29.984288, col error: 0.000000
Starting Iterative Proportional Fitting (IPF)...
IPF converged at iteration 31
IPF row error: 12.592269, col error: 0.000000
IPF converged at iteration 55
IPF row error: 1.299877, col error: 0.000000
Starting Iterative Proportional Fitting (IPF)...
Starting Iterative Proportional Fitting (IPF)...
IPF converged at iteration 57
IPF row error: 1.317863, col error: 0.000000
Starting Iterative Proportional Fitting (IPF)...
IPF converged at iteration 31
IPF row error: 10.440123, col error: 0.000000
Starting Iterative Proportional Fitting (IPF)...
IPF converged at iteration 30
IPF row error: 10.522881, col error: 0.000000
Starting Iterative Proportional Fitting (IPF)...
IPF converged at iteration 29
IPF row error: 14.010194, col error: 0.000000
Starting Iterative Proportional Fitting (IPF)...
IPF converged at iteration 57
IPF row error: 1.467482, col error: 0.000000
Starting Iterative Proportional Fitting (IPF)...
IPF converged at iteration 56
IPF row error: 1.272666, col error: 0.000000
Starting Iterative Proportional Fitting (IPF)...
IPF converged at iteration 29
IPF row error: 17.712444, col error: 0.000000
IPF converged at iteration 58
IPF row error: 1.269962, col error: 0.000000
Starting Iterative Proportional Fitting (IPF)...
Starting Iterative Proportional Fitting (IPF)...
IPF converged at iteration 29
IPF row error: 15.346429, col error: 0.000000
Starting Iterative Proportional Fitting (IPF)...
IPF converged at iteration 50
IPF row error: 1.319343, col error: 0.000000
Starting Iterative Proportional Fitting (IPF)...
IPF converged at iteration 40
IPF row error: 1.831613, col error: 0.000000
IPF converged at iteration 34
IPF row error: 6.378458, col error: 0.000000
Starting Iterative Proportional Fitting (IPF)...
Starting Iterative Proportional Fitting (IPF)...
IPF converged at iteration 57
IPF row error: 1.299565, col error: 0.000000
Starting Iterative Proportional Fitting (IPF)...
IPF converged at iteration 49
IPF row error: 1.396427, col error: 0.000000
Starting Iterative Proportional Fitting (IPF)...
IPF converged at iteration 26
IPF row error: 23.638485, col error: 0.000000
Starting Iterative Proportional Fitting (IPF)...
IPF converged at iteration 51
IPF row error: 1.264785, col error: 0.000000
IPF converged at iteration 30
IPF row error: 12.186149, col error: 0.000000
Starting Iterative Proportional Fitting (IPF)...
IPF converged at iteration 37
IPF row error: 3.363159, col error: 0.000000
  [2019/val] 진행 330/750 (44.0%) | 누적 CPC 0.3401 | RMSE 247.9006 | %RMSE 19.5032 | 경과 2.5분 | 예상 남음 3.2분
Starting Iterative Proportional Fitting (IPF)...
Starting Iterative Proportional Fitting (IPF)...
IPF converged at iteration 40
IPF row error: 1.776986, col error: 0.000000
Starting Iterative Proportional Fitting (IPF)...
IPF converged at iteration 32
IPF row error: 4.222885, col error: 0.000000
Starting Iterative Proportional Fitting (IPF)...
IPF converged at iteration 57
IPF row error: 1.344055, col error: 0.000000
Starting Iterative Proportional Fitting (IPF)...
IPF converged at iteration 57
IPF row error: 1.297271, col error: 0.000000
Starting Iterative Proportional Fitting (IPF)...
IPF converged at iteration 47
IPF row error: 1.389782, col error: 0.000000
Starting Iterative Proportional Fitting (IPF)...
IPF converged at iteration 57
IPF row error: 1.306426, col error: 0.000000
Starting Iterative Proportional Fitting (IPF)...
IPF converged at iteration 29
IPF row error: 15.909294, col error: 0.000000
Starting Iterative Proportional Fitting (IPF)...
IPF converged at iteration 56
IPF row error: 1.302955, col error: 0.000000
IPF converged at iteration 51
IPF row error: 1.313149, col error: 0.000000
Starting Iterative Proportional Fitting (IPF)...
Starting Iterative Proportional Fitting (IPF)...
IPF converged at iteration 28
IPF row error: 19.340375, col error: 0.000000
Starting Iterative Proportional Fitting (IPF)...
IPF converged at iteration 27
IPF row error: 13.213222, col error: 0.000000
Starting Iterative Proportional Fitting (IPF)...
IPF converged at iteration 56
IPF row error: 1.309749, col error: 0.000000
Starting Iterative Proportional Fitting (IPF)...
IPF converged at iteration 47
IPF row error: 1.269287, col error: 0.000000
IPF converged at iteration 29
IPF row error: 14.246588, col error: 0.000000
Starting Iterative Proportional Fitting (IPF)...
Starting Iterative Proportional Fitting (IPF)...
IPF converged at iteration 30
IPF row error: 14.382050, col error: 0.000000
Starting Iterative Proportional Fitting (IPF)...
IPF converged at iteration 31
IPF row error: 14.151468, col error: 0.000000
Starting Iterative Proportional Fitting (IPF)...
IPF converged at iteration 31
IPF row error: 13.727496, col error: 0.000000
Starting Iterative Proportional Fitting (IPF)...
IPF converged at iteration 30
IPF row error: 9.245382, col error: 0.000000
Starting Iterative Proportional Fitting (IPF)...
IPF converged at iteration 57
IPF row error: 1.356061, col error: 0.000000
Starting Iterative Proportional Fitting (IPF)...
IPF converged at iteration 31
IPF row error: 12.503508, col error: 0.000000
Starting Iterative Proportional Fitting (IPF)...
IPF converged at iteration 49
IPF row error: 1.384123, col error: 0.000000
Starting Iterative Proportional Fitting (IPF)...
IPF converged at iteration 30
IPF row error: 16.652264, col error: 0.000000
IPF converged at iteration 53
IPF converged at iteration 29
IPF row error: 1.433296, col error: 0.000000
IPF row error: 16.084263, col error: 0.000000
Starting Iterative Proportional Fitting (IPF)...
Starting Iterative Proportional Fitting (IPF)...
Starting Iterative Proportional Fitting (IPF)...
IPF converged at iteration 53
IPF row error: 1.433296, col error: 0.000000
Starting Iterative Proportional Fitting (IPF)...
IPF converged at iteration 31
IPF row error: 13.738691, col error: 0.000000
Starting Iterative Proportional Fitting (IPF)...
IPF converged at iteration 53
IPF row error: 1.436699, col error: 0.000000
IPF converged at iteration 57
IPF row error: 1.283894, col error: 0.000000
Starting Iterative Proportional Fitting (IPF)...
Starting Iterative Proportional Fitting (IPF)...
IPF converged at iteration 64
IPF row error: 1.410821, col error: 0.000000
Starting Iterative Proportional Fitting (IPF)...
IPF converged at iteration 30
IPF row error: 11.528338, col error: 0.000000
  [2019/val] 진행 360/750 (48.0%) | 누적 CPC 0.3294 | RMSE 259.4758 | %RMSE 19.4530 | 경과 2.9분 | 예상 남음 3.1분
Starting Iterative Proportional Fitting (IPF)...
IPF converged at iteration 29
IPF row error: 13.674374, col error: 0.000000
Starting Iterative Proportional Fitting (IPF)...
IPF converged at iteration 60
IPF row error: 1.380474, col error: 0.000000
Starting Iterative Proportional Fitting (IPF)...
IPF converged at iteration 53
IPF row error: 1.430349, col error: 0.000000
Starting Iterative Proportional Fitting (IPF)...
IPF converged at iteration 53
IPF row error: 1.437859, col error: 0.000000
Starting Iterative Proportional Fitting (IPF)...
IPF converged at iteration 53
IPF row error: 1.445666, col error: 0.000000
Starting Iterative Proportional Fitting (IPF)...
IPF converged at iteration 57
IPF row error: 1.294227, col error: 0.000000
Starting Iterative Proportional Fitting (IPF)...
IPF converged at iteration 57
IPF row error: 1.282868, col error: 0.000000
IPF converged at iteration 53
Starting Iterative Proportional Fitting (IPF)...
IPF row error: 1.437098, col error: 0.000000
Starting Iterative Proportional Fitting (IPF)...
IPF converged at iteration 48
IPF row error: 1.353279, col error: 0.000000
Starting Iterative Proportional Fitting (IPF)...
IPF converged at iteration 29
IPF row error: 9.321442, col error: 0.000000
Starting Iterative Proportional Fitting (IPF)...IPF converged at iteration 30

IPF row error: 9.603103, col error: 0.000000
Starting Iterative Proportional Fitting (IPF)...
IPF converged at iteration 48
IPF row error: 1.354415, col error: 0.000000
Starting Iterative Proportional Fitting (IPF)...
IPF converged at iteration 57
IPF row error: 1.282762, col error: 0.000000
Starting Iterative Proportional Fitting (IPF)...
IPF converged at iteration 32
IPF row error: 5.843454, col error: 0.000000
Starting Iterative Proportional Fitting (IPF)...
IPF converged at iteration 57
IPF row error: 1.294227, col error: 0.000000
IPF converged at iteration 57
IPF row error: 1.295281, col error: 0.000000
Starting Iterative Proportional Fitting (IPF)...
Starting Iterative Proportional Fitting (IPF)...
IPF converged at iteration 30
IPF row error: 11.811420, col error: 0.000000
Starting Iterative Proportional Fitting (IPF)...
IPF converged at iteration 64
IPF row error: 1.405099, col error: 0.000000
IPF converged at iteration 57
IPF row error: 1.295281, col error: 0.000000
Starting Iterative Proportional Fitting (IPF)...
Starting Iterative Proportional Fitting (IPF)...
IPF converged at iteration 53
IPF row error: 1.445138, col error: 0.000000
Starting Iterative Proportional Fitting (IPF)...
IPF converged at iteration 31
IPF row error: 11.645335, col error: 0.000000
Starting Iterative Proportional Fitting (IPF)...
IPF converged at iteration 35
IPF row error: 5.466257, col error: 0.000000
Starting Iterative Proportional Fitting (IPF)...
IPF converged at iteration 53
IPF row error: 1.445666, col error: 0.000000
IPF converged at iteration 37
IPF converged at iteration 48
IPF row error: 3.077936, col error: 0.000000
IPF row error: 1.364868, col error: 0.000000
Starting Iterative Proportional Fitting (IPF)...
Starting Iterative Proportional Fitting (IPF)...
Starting Iterative Proportional Fitting (IPF)...
IPF converged at iteration 30
IPF converged at iteration 31
IPF row error: 10.332349, col error: 0.000000
IPF row error: 11.405540, col error: 0.000000
IPF converged at iteration 53
Starting Iterative Proportional Fitting (IPF)...
Starting Iterative Proportional Fitting (IPF)...
IPF row error: 1.445666, col error: 0.000000
Starting Iterative Proportional Fitting (IPF)...
IPF converged at iteration 53
IPF row error: 1.445666, col error: 0.000000
Starting Iterative Proportional Fitting (IPF)...
IPF converged at iteration 27
IPF row error: 23.856900, col error: 0.000000
  [2019/val] 진행 390/750 (52.0%) | 누적 CPC 0.3162 | RMSE 260.3015 | %RMSE 19.6606 | 경과 3.3분 | 예상 남음 3.0분
Starting Iterative Proportional Fitting (IPF)...
IPF converged at iteration 28
IPF row error: 11.350119, col error: 0.000000
Starting Iterative Proportional Fitting (IPF)...
IPF converged at iteration 30
IPF row error: 14.090678, col error: 0.000000
IPF converged at iteration 53
Starting Iterative Proportional Fitting (IPF)...
IPF row error: 1.437859, col error: 0.000000
Starting Iterative Proportional Fitting (IPF)...
IPF converged at iteration 32
IPF row error: 9.592872, col error: 0.000000
Starting Iterative Proportional Fitting (IPF)...
IPF converged at iteration 53
IPF row error: 1.437859, col error: 0.000000
Starting Iterative Proportional Fitting (IPF)...
IPF converged at iteration 64
IPF row error: 1.405099, col error: 0.000000
Starting Iterative Proportional Fitting (IPF)...
IPF converged at iteration 53
IPF row error: 1.436365, col error: 0.000000
Starting Iterative Proportional Fitting (IPF)...
IPF converged at iteration 29
IPF row error: 17.193797, col error: 0.000000
Starting Iterative Proportional Fitting (IPF)...
IPF converged at iteration 31
IPF row error: 11.481008, col error: 0.000000
Starting Iterative Proportional Fitting (IPF)...
IPF converged at iteration 60
IPF row error: 1.380474, col error: 0.000000
Starting Iterative Proportional Fitting (IPF)...
IPF converged at iteration 29
IPF row error: 13.615932, col error: 0.000000
Starting Iterative Proportional Fitting (IPF)...
IPF converged at iteration 53
IPF row error: 1.313788, col error: 0.000000
Starting Iterative Proportional Fitting (IPF)...
IPF converged at iteration 67
IPF row error: 1.415659, col error: 0.000000
Starting Iterative Proportional Fitting (IPF)...
IPF converged at iteration 52
IPF row error: 1.456251, col error: 0.000000
Starting Iterative Proportional Fitting (IPF)...
IPF converged at iteration 40
IPF row error: 2.118551, col error: 0.000000
IPF converged at iteration 53
Starting Iterative Proportional Fitting (IPF)...
IPF row error: 1.343719, col error: 0.000000
Starting Iterative Proportional Fitting (IPF)...
IPF converged at iteration 55
IPF row error: 1.339442, col error: 0.000000
IPF converged at iteration 54
Starting Iterative Proportional Fitting (IPF)...
IPF row error: 1.427843, col error: 0.000000
IPF converged at iteration 54
Starting Iterative Proportional Fitting (IPF)...
IPF row error: 1.331502, col error: 0.000000
IPF converged at iteration 54
Starting Iterative Proportional Fitting (IPF)...
IPF row error: 1.429281, col error: 0.000000
Starting Iterative Proportional Fitting (IPF)...
IPF converged at iteration 30
IPF row error: 13.182239, col error: 0.000000
Starting Iterative Proportional Fitting (IPF)...
IPF converged at iteration 30
IPF row error: 10.488787, col error: 0.000000
Starting Iterative Proportional Fitting (IPF)...
IPF converged at iteration 34
IPF converged at iteration 30
IPF row error: 7.629562, col error: 0.000000
IPF row error: 16.364743, col error: 0.000000
Starting Iterative Proportional Fitting (IPF)...
Starting Iterative Proportional Fitting (IPF)...
IPF converged at iteration 30
IPF row error: 16.014437, col error: 0.000000
Starting Iterative Proportional Fitting (IPF)...
IPF converged at iteration 30
IPF row error: 15.790987, col error: 0.000000
Starting Iterative Proportional Fitting (IPF)...
IPF converged at iteration 54
IPF row error: 1.406185, col error: 0.000000
Starting Iterative Proportional Fitting (IPF)...
IPF converged at iteration 40
IPF row error: 2.086608, col error: 0.000000
Starting Iterative Proportional Fitting (IPF)...
IPF converged at iteration 69
IPF row error: 1.353268, col error: 0.000000
Starting Iterative Proportional Fitting (IPF)...
IPF converged at iteration 31
IPF row error: 12.935300, col error: 0.000000
  [2019/val] 진행 420/750 (56.0%) | 누적 CPC 0.3055 | RMSE 263.3097 | %RMSE 19.9746 | 경과 3.7분 | 예상 남음 2.9분
Starting Iterative Proportional Fitting (IPF)...
IPF converged at iteration 61
IPF row error: 1.417320, col error: 0.000000
Starting Iterative Proportional Fitting (IPF)...
IPF converged at iteration 28
IPF row error: 16.354379, col error: 0.000000
Starting Iterative Proportional Fitting (IPF)...
IPF converged at iteration 41
IPF row error: 1.909727, col error: 0.000000
Starting Iterative Proportional Fitting (IPF)...
IPF converged at iteration 34
IPF row error: 6.941335, col error: 0.000000
Starting Iterative Proportional Fitting (IPF)...
IPF converged at iteration 29
IPF row error: 12.554015, col error: 0.000000
Starting Iterative Proportional Fitting (IPF)...
IPF converged at iteration 26
IPF row error: 27.506569, col error: 0.000000
Starting Iterative Proportional Fitting (IPF)...
IPF converged at iteration 53
IPF row error: 1.436064, col error: 0.000000
Starting Iterative Proportional Fitting (IPF)...
IPF converged at iteration 29
IPF row error: 15.872082, col error: 0.000000
Starting Iterative Proportional Fitting (IPF)...
IPF converged at iteration 58
IPF converged at iteration 28
IPF row error: 1.440447, col error: 0.000000
IPF row error: 16.895099, col error: 0.000000
Starting Iterative Proportional Fitting (IPF)...
Starting Iterative Proportional Fitting (IPF)...
IPF converged at iteration 59
IPF row error: 1.337924, col error: 0.000000
Starting Iterative Proportional Fitting (IPF)...
IPF converged at iteration 29
IPF row error: 9.126226, col error: 0.000000
Starting Iterative Proportional Fitting (IPF)...
IPF converged at iteration 61
IPF row error: 1.409765, col error: 0.000000
Starting Iterative Proportional Fitting (IPF)...
IPF converged at iteration 60
IPF row error: 1.280431, col error: 0.000000
IPF converged at iteration 29
IPF row error: 13.896845, col error: 0.000000
Starting Iterative Proportional Fitting (IPF)...
IPF converged at iteration 52
Starting Iterative Proportional Fitting (IPF)...
IPF row error: 1.451778, col error: 0.000000
Starting Iterative Proportional Fitting (IPF)...
IPF converged at iteration 31
IPF row error: 14.019720, col error: 0.000000
Starting Iterative Proportional Fitting (IPF)...
IPF converged at iteration 30
IPF row error: 15.407621, col error: 0.000000
Starting Iterative Proportional Fitting (IPF)...
IPF converged at iteration 30
IPF row error: 14.852325, col error: 0.000000
Starting Iterative Proportional Fitting (IPF)...
IPF converged at iteration 54
IPF row error: 1.423859, col error: 0.000000
IPF converged at iteration 59
IPF row error: 1.337924, col error: 0.000000
Starting Iterative Proportional Fitting (IPF)...
Starting Iterative Proportional Fitting (IPF)...
IPF converged at iteration 53
IPF row error: 1.439798, col error: 0.000000
Starting Iterative Proportional Fitting (IPF)...
IPF converged at iteration 41
IPF row error: 1.406308, col error: 0.000000
Starting Iterative Proportional Fitting (IPF)...
IPF converged at iteration 47
IPF row error: 1.397204, col error: 0.000000
Starting Iterative Proportional Fitting (IPF)...
IPF converged at iteration 59
IPF row error: 1.354770, col error: 0.000000
Starting Iterative Proportional Fitting (IPF)...
IPF converged at iteration 34
IPF row error: 8.914723, col error: 0.000000
Starting Iterative Proportional Fitting (IPF)...
IPF converged at iteration 58
IPF row error: 1.319331, col error: 0.000000
Starting Iterative Proportional Fitting (IPF)...
IPF converged at iteration 47
IPF row error: 1.348865, col error: 0.000000
Starting Iterative Proportional Fitting (IPF)...
IPF converged at iteration 29
IPF row error: 11.522117, col error: 0.000000
Starting Iterative Proportional Fitting (IPF)...
IPF converged at iteration 54
IPF row error: 1.431557, col error: 0.000000
  [2019/val] 진행 450/750 (60.0%) | 누적 CPC 0.2976 | RMSE 266.5625 | %RMSE 20.3212 | 경과 4.1분 | 예상 남음 2.8분
Starting Iterative Proportional Fitting (IPF)...
IPF row error: 141795.333594, col error: 0.000000
Starting Iterative Proportional Fitting (IPF)...
IPF row error: 141795.333594, col error: 0.000000
Starting Iterative Proportional Fitting (IPF)...
IPF row error: 143706.368345, col error: 0.000000
Starting Iterative Proportional Fitting (IPF)...
IPF row error: 141795.333594, col error: 0.000000
Starting Iterative Proportional Fitting (IPF)...
IPF row error: 235828.380617, col error: 0.000000
Starting Iterative Proportional Fitting (IPF)...
IPF row error: 154602.306396, col error: 0.000000
Starting Iterative Proportional Fitting (IPF)...
IPF row error: 234474.687189, col error: 0.000000
Starting Iterative Proportional Fitting (IPF)...
IPF row error: 204655.101131, col error: 0.000000
Starting Iterative Proportional Fitting (IPF)...
IPF row error: 141795.333594, col error: 0.000000
Starting Iterative Proportional Fitting (IPF)...
IPF row error: 240425.669644, col error: 0.000000
Starting Iterative Proportional Fitting (IPF)...
IPF row error: 235828.380617, col error: 0.000000
Starting Iterative Proportional Fitting (IPF)...
IPF row error: 230413.140159, col error: 0.000000
Starting Iterative Proportional Fitting (IPF)...
IPF row error: 141795.333594, col error: 0.000000
Starting Iterative Proportional Fitting (IPF)...
IPF row error: 141795.333594, col error: 0.000000
Starting Iterative Proportional Fitting (IPF)...
IPF row error: 240457.172711, col error: 0.000000
Starting Iterative Proportional Fitting (IPF)...
IPF row error: 141795.333594, col error: 0.000000
Starting Iterative Proportional Fitting (IPF)...
IPF row error: 141795.333594, col error: 0.000000
Starting Iterative Proportional Fitting (IPF)...
IPF row error: 237469.939825, col error: 0.000000
Starting Iterative Proportional Fitting (IPF)...
IPF row error: 143173.558392, col error: 0.000000
Starting Iterative Proportional Fitting (IPF)...
IPF row error: 239842.830196, col error: 0.000000
Starting Iterative Proportional Fitting (IPF)...
IPF row error: 141391.446859, col error: 0.000000
IPF row error: 141795.333594, col error: 0.000000
Starting Iterative Proportional Fitting (IPF)...
Starting Iterative Proportional Fitting (IPF)...
IPF row error: 240857.569332, col error: 0.000000
Starting Iterative Proportional Fitting (IPF)...
IPF row error: 237413.515796, col error: 0.000000
Starting Iterative Proportional Fitting (IPF)...
IPF row error: 245247.639848, col error: 0.000000
Starting Iterative Proportional Fitting (IPF)...
IPF row error: 237469.939825, col error: 0.000000
Starting Iterative Proportional Fitting (IPF)...
IPF row error: 235035.335322, col error: 0.000000
Starting Iterative Proportional Fitting (IPF)...
IPF row error: 141757.876553, col error: 0.000000
Starting Iterative Proportional Fitting (IPF)...
IPF row error: 141795.333594, col error: 0.000000
Starting Iterative Proportional Fitting (IPF)...
IPF row error: 141795.333594, col error: 0.000000
  [2019/val] 진행 480/750 (64.0%) | 누적 CPC 0.2791 | RMSE 149337.5767 | %RMSE 4531.8363 | 경과 5.2분 | 예상 남음 2.9분
Starting Iterative Proportional Fitting (IPF)...
IPF row error: 233160.405217, col error: 0.000000
Starting Iterative Proportional Fitting (IPF)...
IPF row error: 141795.333594, col error: 0.000000
Starting Iterative Proportional Fitting (IPF)...
IPF row error: 238555.433285, col error: 0.000000
Starting Iterative Proportional Fitting (IPF)...
IPF row error: 235828.380617, col error: 0.000000
Starting Iterative Proportional Fitting (IPF)...
IPF row error: 235828.380617, col error: 0.000000
Starting Iterative Proportional Fitting (IPF)...
IPF row error: 144248.758838, col error: 0.000000
Starting Iterative Proportional Fitting (IPF)...
IPF row error: 142756.082588, col error: 0.000000
Starting Iterative Proportional Fitting (IPF)...
IPF row error: 141506.969510, col error: 0.000000
Starting Iterative Proportional Fitting (IPF)...
IPF row error: 235828.380617, col error: 0.000000
Starting Iterative Proportional Fitting (IPF)...
IPF row error: 235917.610052, col error: 0.000000
Starting Iterative Proportional Fitting (IPF)...
IPF row error: 235828.380617, col error: 0.000000
Starting Iterative Proportional Fitting (IPF)...
IPF row error: 235828.380617, col error: 0.000000
Starting Iterative Proportional Fitting (IPF)...
IPF row error: 100539.153748, col error: 0.000000
Starting Iterative Proportional Fitting (IPF)...
IPF row error: 235828.380617, col error: 0.000000
Starting Iterative Proportional Fitting (IPF)...
IPF row error: 237469.939824, col error: 0.000000
Starting Iterative Proportional Fitting (IPF)...
IPF row error: 235806.897998, col error: 0.000000
Starting Iterative Proportional Fitting (IPF)...
IPF row error: 235828.380617, col error: 0.000000
Starting Iterative Proportional Fitting (IPF)...
IPF row error: 242170.453368, col error: 0.000000
Starting Iterative Proportional Fitting (IPF)...
IPF converged at iteration 37
IPF row error: 3.205495, col error: 0.000000
Starting Iterative Proportional Fitting (IPF)...
IPF converged at iteration 28
IPF row error: 14.885260, col error: 0.000000
Starting Iterative Proportional Fitting (IPF)...
IPF converged at iteration 31
IPF row error: 13.678226, col error: 0.000000
Starting Iterative Proportional Fitting (IPF)...
IPF row error: 243884.043324, col error: 0.000000
Starting Iterative Proportional Fitting (IPF)...
IPF row error: 140595.260335, col error: 0.000000
Starting Iterative Proportional Fitting (IPF)...
IPF converged at iteration 65
IPF row error: 1.365888, col error: 0.000000
IPF converged at iteration 28
IPF row error: 13.077644, col error: 0.000000
Starting Iterative Proportional Fitting (IPF)...
Starting Iterative Proportional Fitting (IPF)...
IPF converged at iteration 31
IPF row error: 13.678226, col error: 0.000000
Starting Iterative Proportional Fitting (IPF)...
IPF converged at iteration 31
IPF row error: 13.678226, col error: 0.000000
Starting Iterative Proportional Fitting (IPF)...
IPF converged at iteration 27IPF converged at iteration 30

IPF row error: 12.709903, col error: 0.000000
IPF row error: 23.482730, col error: 0.000000
Starting Iterative Proportional Fitting (IPF)...
Starting Iterative Proportional Fitting (IPF)...
IPF converged at iteration 34
IPF row error: 6.933135, col error: 0.000000
  [2019/val] 진행 510/750 (68.0%) | 누적 CPC 0.2683 | RMSE 230067.0864 | %RMSE 7146.4686 | 경과 6.3분 | 예상 남음 3.0분
Starting Iterative Proportional Fitting (IPF)...
IPF converged at iteration 31
IPF row error: 13.678226, col error: 0.000000
Starting Iterative Proportional Fitting (IPF)...
IPF converged at iteration 30
IPF converged at iteration 30
IPF row error: 14.896174, col error: 0.000000
IPF row error: 13.397102, col error: 0.000000
Starting Iterative Proportional Fitting (IPF)...
Starting Iterative Proportional Fitting (IPF)...
IPF converged at iteration 31
IPF row error: 10.637872, col error: 0.000000
Starting Iterative Proportional Fitting (IPF)...
IPF converged at iteration 31
IPF row error: 13.678226, col error: 0.000000
Starting Iterative Proportional Fitting (IPF)...
IPF converged at iteration 30
IPF converged at iteration 31
IPF row error: 14.828495, col error: 0.000000
IPF row error: 13.678226, col error: 0.000000
Starting Iterative Proportional Fitting (IPF)...
Starting Iterative Proportional Fitting (IPF)...
IPF converged at iteration 30
IPF row error: 14.993046, col error: 0.000000
IPF converged at iteration 31
Starting Iterative Proportional Fitting (IPF)...
IPF row error: 13.678226, col error: 0.000000
Starting Iterative Proportional Fitting (IPF)...
IPF converged at iteration 31
IPF converged at iteration 31
IPF row error: 13.678226, col error: 0.000000
IPF row error: 13.678226, col error: 0.000000
Starting Iterative Proportional Fitting (IPF)...
Starting Iterative Proportional Fitting (IPF)...
IPF converged at iteration 30
IPF row error: 8.640971, col error: 0.000000
Starting Iterative Proportional Fitting (IPF)...
IPF converged at iteration 31
IPF row error: 13.678226, col error: 0.000000
Starting Iterative Proportional Fitting (IPF)...
IPF converged at iteration 30
IPF converged at iteration 31
IPF row error: 12.638668, col error: 0.000000
IPF row error: 13.678226, col error: 0.000000
Starting Iterative Proportional Fitting (IPF)...
Starting Iterative Proportional Fitting (IPF)...
IPF converged at iteration 31
IPF row error: 13.678226, col error: 0.000000
Starting Iterative Proportional Fitting (IPF)...
IPF converged at iteration 31
IPF row error: 13.678226, col error: 0.000000
Starting Iterative Proportional Fitting (IPF)...
IPF converged at iteration 36
IPF row error: 3.855223, col error: 0.000000
Starting Iterative Proportional Fitting (IPF)...
IPF converged at iteration 68
IPF row error: 1.401147, col error: 0.000000
IPF converged at iteration 31
IPF row error: 13.678226, col error: 0.000000
Starting Iterative Proportional Fitting (IPF)...
Starting Iterative Proportional Fitting (IPF)...
IPF converged at iteration 35
IPF row error: 6.158182, col error: 0.000000
IPF converged at iteration 31
IPF row error: 13.678226, col error: 0.000000
Starting Iterative Proportional Fitting (IPF)...
Starting Iterative Proportional Fitting (IPF)...
IPF converged at iteration 30
IPF row error: 15.467201, col error: 0.000000
IPF converged at iteration 31
IPF row error: 13.678226, col error: 0.000000
Starting Iterative Proportional Fitting (IPF)...
Starting Iterative Proportional Fitting (IPF)...
IPF converged at iteration 29
IPF row error: 11.843836, col error: 0.000000
IPF converged at iteration 31
IPF row error: 13.678226, col error: 0.000000
Starting Iterative Proportional Fitting (IPF)...
Starting Iterative Proportional Fitting (IPF)...
IPF converged at iteration 29
IPF row error: 17.288041, col error: 0.000000
Starting Iterative Proportional Fitting (IPF)...
IPF converged at iteration 31
IPF row error: 13.678226, col error: 0.000000
IPF converged at iteration 37
IPF row error: 3.235747, col error: 0.000000
Starting Iterative Proportional Fitting (IPF)...
Starting Iterative Proportional Fitting (IPF)...
IPF converged at iteration 60
IPF row error: 4.908346, col error: 0.000000
  [2019/val] 진행 540/750 (72.0%) | 누적 CPC 0.2692 | RMSE 217300.3496 | %RMSE 6751.0124 | 경과 6.8분 | 예상 남음 2.6분
Starting Iterative Proportional Fitting (IPF)...
IPF converged at iteration 35
IPF row error: 5.918996, col error: 0.000000
Starting Iterative Proportional Fitting (IPF)...
IPF converged at iteration 31
IPF row error: 13.678226, col error: 0.000000
Starting Iterative Proportional Fitting (IPF)...
IPF converged at iteration 30
IPF row error: 15.904367, col error: 0.000000
Starting Iterative Proportional Fitting (IPF)...
IPF converged at iteration 44
IPF row error: 1.263452, col error: 0.000000
Starting Iterative Proportional Fitting (IPF)...
IPF converged at iteration 31
IPF row error: 13.678226, col error: 0.000000
Starting Iterative Proportional Fitting (IPF)...
IPF converged at iteration 31
IPF row error: 13.678226, col error: 0.000000
IPF converged at iteration 27
IPF row error: 18.748484, col error: 0.000000
Starting Iterative Proportional Fitting (IPF)...
Starting Iterative Proportional Fitting (IPF)...
IPF converged at iteration 30
IPF row error: 13.894711, col error: 0.000000
Starting Iterative Proportional Fitting (IPF)...
IPF converged at iteration 31
IPF row error: 13.678226, col error: 0.000000
Starting Iterative Proportional Fitting (IPF)...
IPF converged at iteration 31
IPF row error: 13.678226, col error: 0.000000
Starting Iterative Proportional Fitting (IPF)...
IPF row error: 144888.244564, col error: 0.000000
Starting Iterative Proportional Fitting (IPF)...
IPF row error: 146520.386551, col error: 0.000000
Starting Iterative Proportional Fitting (IPF)...
IPF row error: 147138.235275, col error: 0.000001
Starting Iterative Proportional Fitting (IPF)...
IPF row error: 239732.239757, col error: 0.000000
Starting Iterative Proportional Fitting (IPF)...
IPF row error: 147160.917385, col error: 0.000000
Starting Iterative Proportional Fitting (IPF)...
IPF row error: 239719.197488, col error: 0.000000
Starting Iterative Proportional Fitting (IPF)...
IPF row error: 246478.417805, col error: 0.000000
Starting Iterative Proportional Fitting (IPF)...
IPF row error: 239719.197489, col error: 0.000000
Starting Iterative Proportional Fitting (IPF)...
IPF row error: 143762.325090, col error: 0.000000
Starting Iterative Proportional Fitting (IPF)...
IPF row error: 145180.884140, col error: 0.000001
Starting Iterative Proportional Fitting (IPF)...
IPF row error: 144684.758750, col error: 0.000001
Starting Iterative Proportional Fitting (IPF)...
IPF row error: 139538.288302, col error: 0.000000
Starting Iterative Proportional Fitting (IPF)...
IPF row error: 145194.824150, col error: 0.000001
Starting Iterative Proportional Fitting (IPF)...
IPF row error: 234735.846122, col error: 0.000001
Starting Iterative Proportional Fitting (IPF)...
IPF row error: 144414.003197, col error: 0.000000
Starting Iterative Proportional Fitting (IPF)...
IPF row error: 144888.244564, col error: 0.000000
Starting Iterative Proportional Fitting (IPF)...
IPF row error: 239719.197489, col error: 0.000000
Starting Iterative Proportional Fitting (IPF)...
IPF row error: 144382.274128, col error: 0.000001
Starting Iterative Proportional Fitting (IPF)...
IPF row error: 144888.244564, col error: 0.000000
Starting Iterative Proportional Fitting (IPF)...
IPF row error: 144888.244564, col error: 0.000001
  [2019/val] 진행 570/750 (76.0%) | 누적 CPC 0.2601 | RMSE 292994.5997 | %RMSE 11487.0443 | 경과 7.7분 | 예상 남음 2.4분
Starting Iterative Proportional Fitting (IPF)...
IPF row error: 148507.131176, col error: 0.000001
Starting Iterative Proportional Fitting (IPF)...
IPF row error: 233094.351499, col error: 0.000000
Starting Iterative Proportional Fitting (IPF)...
IPF row error: 147328.912280, col error: 0.000001
Starting Iterative Proportional Fitting (IPF)...
IPF row error: 240161.202591, col error: 0.000000
Starting Iterative Proportional Fitting (IPF)...
IPF row error: 242723.124341, col error: 0.000000
Starting Iterative Proportional Fitting (IPF)...
IPF row error: 144414.003197, col error: 0.000000
Starting Iterative Proportional Fitting (IPF)...
IPF row error: 144910.157283, col error: 0.000000
Starting Iterative Proportional Fitting (IPF)...
IPF row error: 240161.202591, col error: 0.000000
Starting Iterative Proportional Fitting (IPF)...
IPF row error: 240190.322013, col error: 0.000000
Starting Iterative Proportional Fitting (IPF)...
IPF row error: 240161.202591, col error: 0.000000
Starting Iterative Proportional Fitting (IPF)...
IPF row error: 240244.600013, col error: 0.000000
Starting Iterative Proportional Fitting (IPF)...
IPF row error: 234685.410147, col error: 0.000000
Starting Iterative Proportional Fitting (IPF)...
IPF row error: 239719.197489, col error: 0.000000
Starting Iterative Proportional Fitting (IPF)...
IPF row error: 144888.244564, col error: 0.000000
Starting Iterative Proportional Fitting (IPF)...
IPF row error: 240269.625623, col error: 0.000000
Starting Iterative Proportional Fitting (IPF)...
IPF row error: 239202.451626, col error: 0.000000
Starting Iterative Proportional Fitting (IPF)...
IPF row error: 239719.197489, col error: 0.000000
Starting Iterative Proportional Fitting (IPF)...
IPF row error: 228826.825999, col error: 0.000000
Starting Iterative Proportional Fitting (IPF)...
IPF row error: 243642.294479, col error: 0.000000
Starting Iterative Proportional Fitting (IPF)...
IPF row error: 148409.240349, col error: 0.000000
Starting Iterative Proportional Fitting (IPF)...
IPF row error: 139898.398317, col error: 0.000000
Starting Iterative Proportional Fitting (IPF)...
IPF row error: 144733.240637, col error: 0.000001
Starting Iterative Proportional Fitting (IPF)...
IPF row error: 137633.455913, col error: 0.000000
Starting Iterative Proportional Fitting (IPF)...
IPF row error: 147806.772474, col error: 0.000000
Starting Iterative Proportional Fitting (IPF)...
IPF row error: 132530.633511, col error: 0.000000
Starting Iterative Proportional Fitting (IPF)...
IPF row error: 239719.197489, col error: 0.000000
Starting Iterative Proportional Fitting (IPF)...
IPF row error: 144910.157284, col error: 0.000001
Starting Iterative Proportional Fitting (IPF)...
IPF row error: 144684.758750, col error: 0.000001
Starting Iterative Proportional Fitting (IPF)...
IPF converged at iteration 56
IPF row error: 1.303783, col error: 0.000000
Starting Iterative Proportional Fitting (IPF)...
IPF row error: 239413.345544, col error: 0.000000
  [2019/val] 진행 600/750 (80.0%) | 누적 CPC 0.2476 | RMSE 391658.1276 | %RMSE 17905.7889 | 경과 8.7분 | 예상 남음 2.2분
Starting Iterative Proportional Fitting (IPF)...
IPF row error: 240190.322013, col error: 0.000000
Starting Iterative Proportional Fitting (IPF)...
IPF row error: 236728.553996, col error: 0.000000
Starting Iterative Proportional Fitting (IPF)...
IPF converged at iteration 32
IPF row error: 12.484594, col error: 0.000000
Starting Iterative Proportional Fitting (IPF)...
IPF converged at iteration 57
IPF row error: 1.306094, col error: 0.000000
Starting Iterative Proportional Fitting (IPF)...
IPF row error: 236038.898796, col error: 0.000000
IPF converged at iteration 57
IPF row error: 1.344176, col error: 0.000000
Starting Iterative Proportional Fitting (IPF)...
Starting Iterative Proportional Fitting (IPF)...
IPF converged at iteration 30
IPF row error: 9.930536, col error: 0.000000
IPF row error: 236672.073942, col error: 0.000000
Starting Iterative Proportional Fitting (IPF)...
Starting Iterative Proportional Fitting (IPF)...
IPF converged at iteration 57
IPF row error: 1.352497, col error: 0.000000
Starting Iterative Proportional Fitting (IPF)...
IPF row error: 134728.588070, col error: 0.000000
IPF row error: 237850.481065, col error: 0.000000
Starting Iterative Proportional Fitting (IPF)...
Starting Iterative Proportional Fitting (IPF)...
IPF row error: 234678.247082, col error: 0.000000
Starting Iterative Proportional Fitting (IPF)...
IPF converged at iteration 56
IPF row error: 1.321004, col error: 0.000000
Starting Iterative Proportional Fitting (IPF)...
IPF converged at iteration 30
IPF row error: 13.912124, col error: 0.000000
IPF converged at iteration 48
Starting Iterative Proportional Fitting (IPF)...
IPF row error: 1.318315, col error: 0.000000
Starting Iterative Proportional Fitting (IPF)...
IPF converged at iteration 24
IPF row error: 49.376099, col error: 0.000000
Starting Iterative Proportional Fitting (IPF)...
IPF row error: 226763.173951, col error: 0.000000
Starting Iterative Proportional Fitting (IPF)...
IPF converged at iteration 65
IPF row error: 1.434746, col error: 0.000000
Starting Iterative Proportional Fitting (IPF)...
IPF converged at iteration 28
IPF row error: 10.627910, col error: 0.000000
Starting Iterative Proportional Fitting (IPF)...
IPF row error: 235692.196603, col error: 0.000000
Starting Iterative Proportional Fitting (IPF)...
IPF row error: 236728.553996, col error: 0.000000
Starting Iterative Proportional Fitting (IPF)...
IPF converged at iteration 28
IPF row error: 39.682413, col error: 0.000000
Starting Iterative Proportional Fitting (IPF)...
IPF converged at iteration 28
IPF row error: 14.516175, col error: 0.000000
Starting Iterative Proportional Fitting (IPF)...
IPF converged at iteration 57
IPF row error: 1.306426, col error: 0.000000
Starting Iterative Proportional Fitting (IPF)...
IPF converged at iteration 57
IPF row error: 1.314177, col error: 0.000000
IPF row error: 236345.796956, col error: 0.000000
Starting Iterative Proportional Fitting (IPF)...
Starting Iterative Proportional Fitting (IPF)...
IPF converged at iteration 57
IPF row error: 1.353874, col error: 0.000000
Starting Iterative Proportional Fitting (IPF)...
IPF converged at iteration 49
IPF row error: 1.325991, col error: 0.000000
Starting Iterative Proportional Fitting (IPF)...
IPF converged at iteration 65
IPF row error: 1.433739, col error: 0.000000
Starting Iterative Proportional Fitting (IPF)...
IPF converged at iteration 56
IPF row error: 1.301197, col error: 0.000000
  [2019/val] 진행 630/750 (84.0%) | 누적 CPC 0.2434 | RMSE 409402.7278 | %RMSE 18342.5879 | 경과 9.2분 | 예상 남음 1.8분
IPF row error: 245740.250902, col error: 0.000000
Starting Iterative Proportional Fitting (IPF)...
Starting Iterative Proportional Fitting (IPF)...
IPF converged at iteration 29
IPF row error: 10.736967, col error: 0.000000
Starting Iterative Proportional Fitting (IPF)...
IPF row error: 235828.380617, col error: 0.000000
Starting Iterative Proportional Fitting (IPF)...
IPF row error: 144688.310135, col error: 0.000000
Starting Iterative Proportional Fitting (IPF)...
IPF converged at iteration 51
IPF row error: 1.297660, col error: 0.000000
Starting Iterative Proportional Fitting (IPF)...
IPF row error: 235414.930185, col error: 0.000000
Starting Iterative Proportional Fitting (IPF)...
IPF converged at iteration 63
IPF row error: 1.366203, col error: 0.000000
Starting Iterative Proportional Fitting (IPF)...
IPF row error: 234363.343984, col error: 0.000000
Starting Iterative Proportional Fitting (IPF)...
IPF row error: 236601.763128, col error: 0.000000
Starting Iterative Proportional Fitting (IPF)...
IPF row error: 220739.844066, col error: 0.000000
Starting Iterative Proportional Fitting (IPF)...
IPF row error: 234842.203930, col error: 0.000000
Starting Iterative Proportional Fitting (IPF)...
IPF converged at iteration 46
IPF row error: 1.411247, col error: 0.000000
Starting Iterative Proportional Fitting (IPF)...
IPF row error: 234429.021024, col error: 0.000000
Starting Iterative Proportional Fitting (IPF)...
IPF converged at iteration 51
IPF row error: 5.320042, col error: 0.000000
Starting Iterative Proportional Fitting (IPF)...
IPF row error: 232738.668117, col error: 0.000000
Starting Iterative Proportional Fitting (IPF)...
IPF converged at iteration 29
IPF row error: 11.270181, col error: 0.000000
Starting Iterative Proportional Fitting (IPF)...
IPF row error: 232454.105247, col error: 0.000000
Starting Iterative Proportional Fitting (IPF)...
IPF converged at iteration 27
IPF row error: 16.874689, col error: 0.000000
Starting Iterative Proportional Fitting (IPF)...
IPF converged at iteration 65
IPF row error: 1.433739, col error: 0.000000
IPF converged at iteration 31
IPF row error: 11.405158, col error: 0.000000
Starting Iterative Proportional Fitting (IPF)...
Starting Iterative Proportional Fitting (IPF)...
IPF converged at iteration 31
IPF row error: 11.964450, col error: 0.000000
Starting Iterative Proportional Fitting (IPF)...
IPF converged at iteration 29
IPF row error: 8.052453, col error: 0.000000
Starting Iterative Proportional Fitting (IPF)...
IPF converged at iteration 32
IPF row error: 10.854008, col error: 0.000000
Starting Iterative Proportional Fitting (IPF)...
IPF row error: 235606.041944, col error: 0.000000
Starting Iterative Proportional Fitting (IPF)...
IPF converged at iteration 31
IPF row error: 13.643092, col error: 0.000000
Starting Iterative Proportional Fitting (IPF)...
IPF converged at iteration 32
IPF row error: 12.190413, col error: 0.000000
Starting Iterative Proportional Fitting (IPF)...
IPF converged at iteration 27
IPF converged at iteration 57
IPF row error: 18.644946, col error: 0.000000
IPF row error: 1.294227, col error: 0.000000
Starting Iterative Proportional Fitting (IPF)...
Starting Iterative Proportional Fitting (IPF)...
IPF converged at iteration 57
IPF row error: 1.283894, col error: 0.000000
Starting Iterative Proportional Fitting (IPF)...
IPF converged at iteration 60
IPF row error: 1.380474, col error: 0.000000
  [2019/val] 진행 660/750 (88.0%) | 누적 CPC 0.2375 | RMSE 429439.6506 | %RMSE 18703.5534 | 경과 9.8분 | 예상 남음 1.3분
Starting Iterative Proportional Fitting (IPF)...
IPF converged at iteration 30
IPF converged at iteration 31
IPF row error: 11.376872, col error: 0.000000
IPF row error: 11.048058, col error: 0.000000
Starting Iterative Proportional Fitting (IPF)...
Starting Iterative Proportional Fitting (IPF)...
IPF converged at iteration 32
IPF row error: 11.513744, col error: 0.000000
Starting Iterative Proportional Fitting (IPF)...
IPF converged at iteration 28
IPF row error: 14.078255, col error: 0.000000
IPF converged at iteration 48
IPF converged at iteration 30
IPF row error: 1.353992, col error: 0.000000
IPF row error: 13.350604, col error: 0.000000
Starting Iterative Proportional Fitting (IPF)...
Starting Iterative Proportional Fitting (IPF)...
Starting Iterative Proportional Fitting (IPF)...
IPF converged at iteration 36
IPF row error: 4.355978, col error: 0.000000
Starting Iterative Proportional Fitting (IPF)...
IPF converged at iteration 53
IPF row error: 1.433596, col error: 0.000000
IPF converged at iteration 53
IPF converged at iteration 53
IPF row error: 1.437098, col error: 0.000000
IPF row error: 1.445138, col error: 0.000000
Starting Iterative Proportional Fitting (IPF)...
Starting Iterative Proportional Fitting (IPF)...
Starting Iterative Proportional Fitting (IPF)...
IPF converged at iteration 57
IPF row error: 1.283894, col error: 0.000000
Starting Iterative Proportional Fitting (IPF)...
IPF converged at iteration 29
IPF row error: 11.414007, col error: 0.000000
IPF converged at iteration 32
IPF row error: 9.623684, col error: 0.000000
IPF converged at iteration 32
IPF row error: 12.120585, col error: 0.000000
Starting Iterative Proportional Fitting (IPF)...
Starting Iterative Proportional Fitting (IPF)...
Starting Iterative Proportional Fitting (IPF)...
IPF converged at iteration 28
IPF row error: 11.709096, col error: 0.000000
IPF converged at iteration 48
IPF row error: 1.354239, col error: 0.000000
Starting Iterative Proportional Fitting (IPF)...
Starting Iterative Proportional Fitting (IPF)...
IPF converged at iteration 48
IPF row error: 1.365486, col error: 0.000000
IPF converged at iteration 48
IPF row error: 1.354310, col error: 0.000000
Starting Iterative Proportional Fitting (IPF)...
Starting Iterative Proportional Fitting (IPF)...
IPF converged at iteration 30
IPF row error: 12.078078, col error: 0.000000
Starting Iterative Proportional Fitting (IPF)...
IPF converged at iteration 53
IPF row error: 1.432213, col error: 0.000000
Starting Iterative Proportional Fitting (IPF)...
IPF converged at iteration 53
IPF row error: 1.432213, col error: 0.000000
IPF converged at iteration 53
IPF row error: 1.436699, col error: 0.000000
Starting Iterative Proportional Fitting (IPF)...
Starting Iterative Proportional Fitting (IPF)...
IPF converged at iteration 30
IPF row error: 10.109585, col error: 0.000000
Starting Iterative Proportional Fitting (IPF)...
IPF converged at iteration 57
IPF row error: 1.282782, col error: 0.000000
Starting Iterative Proportional Fitting (IPF)...
IPF converged at iteration 30
IPF row error: 8.770888, col error: 0.000000
Starting Iterative Proportional Fitting (IPF)...
IPF converged at iteration 34
IPF row error: 7.784708, col error: 0.000000
Starting Iterative Proportional Fitting (IPF)...
IPF converged at iteration 27
IPF row error: 14.337582, col error: 0.000000
Starting Iterative Proportional Fitting (IPF)...
IPF converged at iteration 48
IPF row error: 1.365304, col error: 0.000000
Starting Iterative Proportional Fitting (IPF)...
IPF converged at iteration 53
IPF row error: 1.437859, col error: 0.000000
Starting Iterative Proportional Fitting (IPF)...
IPF converged at iteration 53
IPF row error: 1.437859, col error: 0.000000
  [2019/val] 진행 690/750 (92.0%) | 누적 CPC 0.2333 | RMSE 410779.2825 | %RMSE 17891.2210 | 경과 10.1분 | 예상 남음 0.9분
Starting Iterative Proportional Fitting (IPF)...
IPF converged at iteration 32
IPF row error: 10.054515, col error: 0.000000
Starting Iterative Proportional Fitting (IPF)...
IPF converged at iteration 53
IPF row error: 1.444699, col error: 0.000000
Starting Iterative Proportional Fitting (IPF)...
IPF converged at iteration 29
IPF row error: 29.970821, col error: 0.000000
Starting Iterative Proportional Fitting (IPF)...
IPF converged at iteration 44
IPF row error: 1.243512, col error: 0.000000
IPF converged at iteration 53
Starting Iterative Proportional Fitting (IPF)...
IPF row error: 1.437454, col error: 0.000000
Starting Iterative Proportional Fitting (IPF)...
IPF converged at iteration 36
IPF row error: 5.434348, col error: 0.000000
Starting Iterative Proportional Fitting (IPF)...
IPF converged at iteration 30
IPF row error: 11.527654, col error: 0.000000
Starting Iterative Proportional Fitting (IPF)...
IPF converged at iteration 57
IPF row error: 1.282762, col error: 0.000000
IPF converged at iteration 53
IPF row error: 1.429976, col error: 0.000000
Starting Iterative Proportional Fitting (IPF)...
Starting Iterative Proportional Fitting (IPF)...
IPF converged at iteration 53
IPF row error: 1.445511, col error: 0.000000
Starting Iterative Proportional Fitting (IPF)...
IPF converged at iteration 28
IPF row error: 14.418946, col error: 0.000000
Starting Iterative Proportional Fitting (IPF)...
IPF converged at iteration 59
IPF row error: 1.328447, col error: 0.000000
Starting Iterative Proportional Fitting (IPF)...
IPF row error: 256131.634167, col error: 0.000000
Starting Iterative Proportional Fitting (IPF)...
IPF converged at iteration 27
IPF row error: 27.525121, col error: 0.000000
Starting Iterative Proportional Fitting (IPF)...
IPF row error: 244140.489108, col error: 0.000000
Starting Iterative Proportional Fitting (IPF)...
IPF row error: 240476.516729, col error: 0.000000
IPF converged at iteration 58
IPF row error: 1.439713, col error: 0.000000
Starting Iterative Proportional Fitting (IPF)...
Starting Iterative Proportional Fitting (IPF)...
IPF converged at iteration 60
IPF row error: 1.414522, col error: 0.000000
Starting Iterative Proportional Fitting (IPF)...
IPF row error: 242875.652590, col error: 0.000000
Starting Iterative Proportional Fitting (IPF)...
IPF converged at iteration 61
IPF row error: 1.432131, col error: 0.000000
Starting Iterative Proportional Fitting (IPF)...
IPF converged at iteration 26
IPF row error: 21.666721, col error: 0.000000
Starting Iterative Proportional Fitting (IPF)...
IPF row error: 245878.066958, col error: 0.000000
Starting Iterative Proportional Fitting (IPF)...
IPF row error: 235219.792206, col error: 0.000000
Starting Iterative Proportional Fitting (IPF)...
IPF converged at iteration 59
IPF row error: 1.328447, col error: 0.000000
Starting Iterative Proportional Fitting (IPF)...
IPF row error: 257230.315428, col error: 0.000000
Starting Iterative Proportional Fitting (IPF)...
IPF converged at iteration 29
IPF row error: 16.345359, col error: 0.000000
Starting Iterative Proportional Fitting (IPF)...
IPF row error: 240611.155312, col error: 0.000000
Starting Iterative Proportional Fitting (IPF)...
IPF row error: 238064.529268, col error: 0.000001
Starting Iterative Proportional Fitting (IPF)...
IPF converged at iteration 28
IPF row error: 14.004010, col error: 0.000000
Starting Iterative Proportional Fitting (IPF)...
IPF row error: 238939.519564, col error: 0.000000
  [2019/val] 진행 720/750 (96.0%) | 누적 CPC 0.2288 | RMSE 421804.4833 | %RMSE 19012.4292 | 경과 10.8분 | 예상 남음 0.5분
Starting Iterative Proportional Fitting (IPF)...
IPF converged at iteration 58
IPF row error: 1.301836, col error: 0.000000
Starting Iterative Proportional Fitting (IPF)...
IPF converged at iteration 61
IPF row error: 1.427023, col error: 0.000000
Starting Iterative Proportional Fitting (IPF)...
IPF converged at iteration 29
IPF row error: 16.758698, col error: 0.000000
Starting Iterative Proportional Fitting (IPF)...
IPF row error: 245844.225316, col error: 0.000000
Starting Iterative Proportional Fitting (IPF)...
IPF converged at iteration 29
IPF row error: 15.340475, col error: 0.000000
Starting Iterative Proportional Fitting (IPF)...
IPF row error: 145274.473570, col error: 0.000001
Starting Iterative Proportional Fitting (IPF)...
IPF converged at iteration 69
IPF row error: 1.372339, col error: 0.000000
Starting Iterative Proportional Fitting (IPF)...
IPF row error: 237255.113770, col error: 0.000000
Starting Iterative Proportional Fitting (IPF)...
IPF row error: 238654.237506, col error: 0.000000
Starting Iterative Proportional Fitting (IPF)...
IPF converged at iteration 31
IPF row error: 12.892941, col error: 0.000000
Starting Iterative Proportional Fitting (IPF)...
IPF converged at iteration 61
IPF row error: 1.424333, col error: 0.000000
Starting Iterative Proportional Fitting (IPF)...
IPF converged at iteration 30
IPF row error: 11.506489, col error: 0.000000
Starting Iterative Proportional Fitting (IPF)...
IPF row error: 210672.373887, col error: 0.000000
Starting Iterative Proportional Fitting (IPF)...
IPF converged at iteration 53
IPF row error: 1.419718, col error: 0.000000
IPF row error: 238506.792621, col error: 0.000000
Starting Iterative Proportional Fitting (IPF)...
Starting Iterative Proportional Fitting (IPF)...
IPF converged at iteration 34
IPF row error: 6.583712, col error: 0.000000
Starting Iterative Proportional Fitting (IPF)...
IPF row error: 238229.850172, col error: 0.000001
Starting Iterative Proportional Fitting (IPF)...
IPF converged at iteration 36
IPF row error: 4.805781, col error: 0.000000
Starting Iterative Proportional Fitting (IPF)...
IPF converged at iteration 67
IPF row error: 1.415659, col error: 0.000000
IPF converged at iteration 30
Starting Iterative Proportional Fitting (IPF)...
IPF row error: 16.367393, col error: 0.000000
Starting Iterative Proportional Fitting (IPF)...
IPF converged at iteration 58
IPF row error: 1.440447, col error: 0.000000
Starting Iterative Proportional Fitting (IPF)...
IPF converged at iteration 69
IPF row error: 1.353268, col error: 0.000000
Starting Iterative Proportional Fitting (IPF)...
IPF row error: 239719.197489, col error: 0.000000
IPF row error: 249823.245806, col error: 0.000000Starting Iterative Proportional Fitting (IPF)...

Starting Iterative Proportional Fitting (IPF)...
IPF row error: 240161.202590, col error: 0.000000
Starting Iterative Proportional Fitting (IPF)...
IPF row error: 219358.229749, col error: 0.000000
Starting Iterative Proportional Fitting (IPF)...
IPF converged at iteration 58
IPF row error: 1.459034, col error: 0.000000
IPF converged at iteration 42
IPF row error: 1.437791, col error: 0.000000
IPF row error: 130914.853727, col error: 0.000000
IPF row error: 223853.439326, col error: 0.000000
  [2019/val] 진행 750/750 (100.0%) | 누적 CPC 0.2243 | RMSE 442134.3626 | %RMSE 20715.3057 | 경과 11.7분 | 예상 남음 0.0분
  [2019/val] 완료: 750/750

Evaluating 2019 / test ...
  [2019/test] 1750개 샘플 병렬 평가 중 (threads=4)...
Starting Iterative Proportional Fitting (IPF)...
Starting Iterative Proportional Fitting (IPF)...
Starting Iterative Proportional Fitting (IPF)...
Starting Iterative Proportional Fitting (IPF)...
IPF converged at iteration 31
IPF converged at iteration 31
IPF converged at iteration 31
IPF converged at iteration 31
IPF row error: 13.834081, col error: 0.000000
IPF row error: 13.834081, col error: 0.000000
IPF row error: 13.834081, col error: 0.000000
IPF row error: 13.834081, col error: 0.000000
Starting Iterative Proportional Fitting (IPF)...
Starting Iterative Proportional Fitting (IPF)...
Starting Iterative Proportional Fitting (IPF)...
Starting Iterative Proportional Fitting (IPF)...
IPF converged at iteration 31
IPF row error: 13.834081, col error: 0.000000
IPF converged at iteration 31
IPF converged at iteration 31
IPF converged at iteration 31
IPF row error: 13.834081, col error: 0.000000
IPF row error: 13.834081, col error: 0.000000
IPF row error: 13.834081, col error: 0.000000
Starting Iterative Proportional Fitting (IPF)...
Starting Iterative Proportional Fitting (IPF)...
Starting Iterative Proportional Fitting (IPF)...
Starting Iterative Proportional Fitting (IPF)...
IPF converged at iteration 31
IPF row error: 13.834081, col error: 0.000000
IPF converged at iteration 31
IPF converged at iteration 31
IPF converged at iteration 31
IPF row error: 13.834081, col error: 0.000000
IPF row error: 13.834081, col error: 0.000000
IPF row error: 13.834081, col error: 0.000000
Starting Iterative Proportional Fitting (IPF)...
Starting Iterative Proportional Fitting (IPF)...
Starting Iterative Proportional Fitting (IPF)...
Starting Iterative Proportional Fitting (IPF)...
IPF converged at iteration 31
IPF row error: 13.834081, col error: 0.000000
IPF converged at iteration 31
IPF row error: 13.834081, col error: 0.000000IPF converged at iteration 31

IPF converged at iteration 31
IPF row error: 13.834081, col error: 0.000000
IPF row error: 13.834081, col error: 0.000000
Starting Iterative Proportional Fitting (IPF)...
Starting Iterative Proportional Fitting (IPF)...
Starting Iterative Proportional Fitting (IPF)...
Starting Iterative Proportional Fitting (IPF)...
IPF converged at iteration 31
IPF row error: 13.834081, col error: 0.000000
IPF converged at iteration 31
IPF converged at iteration 31
IPF row error: 13.834081, col error: 0.000000
IPF row error: 13.834081, col error: 0.000000
IPF converged at iteration 31
Starting Iterative Proportional Fitting (IPF)...
IPF row error: 13.834081, col error: 0.000000
Starting Iterative Proportional Fitting (IPF)...
Starting Iterative Proportional Fitting (IPF)...
Starting Iterative Proportional Fitting (IPF)...
IPF converged at iteration 31
IPF row error: 13.834081, col error: 0.000000
IPF converged at iteration 31
IPF converged at iteration 31
IPF row error: 13.834081, col error: 0.000000
IPF row error: 13.834081, col error: 0.000000
IPF converged at iteration 31
Starting Iterative Proportional Fitting (IPF)...
IPF row error: 13.834081, col error: 0.000000
Starting Iterative Proportional Fitting (IPF)...
Starting Iterative Proportional Fitting (IPF)...
Starting Iterative Proportional Fitting (IPF)...
IPF converged at iteration 31
IPF row error: 13.834081, col error: 0.000000
IPF converged at iteration 31
IPF converged at iteration 31
IPF row error: 13.834081, col error: 0.000000
IPF converged at iteration 31
IPF row error: 13.834081, col error: 0.000000
Starting Iterative Proportional Fitting (IPF)...
IPF row error: 13.834081, col error: 0.000000
Starting Iterative Proportional Fitting (IPF)...
Starting Iterative Proportional Fitting (IPF)...
Starting Iterative Proportional Fitting (IPF)...
IPF converged at iteration 31
IPF row error: 13.834081, col error: 0.000000
IPF converged at iteration 31
IPF row error: 13.834081, col error: 0.000000
  [2019/test] 진행 30/1750 (1.7%) | 누적 CPC 0.3095 | RMSE 445.6630 | %RMSE 34.5142 | 경과 0.3분 | 예상 남음 19.5분
IPF converged at iteration 31
Starting Iterative Proportional Fitting (IPF)...
IPF converged at iteration 31
IPF row error: 13.834081, col error: 0.000000
IPF row error: 13.834081, col error: 0.000000
Starting Iterative Proportional Fitting (IPF)...
Starting Iterative Proportional Fitting (IPF)...
Starting Iterative Proportional Fitting (IPF)...
IPF converged at iteration 31
IPF row error: 13.834081, col error: 0.000000
IPF converged at iteration 31
IPF row error: 13.834081, col error: 0.000000
IPF converged at iteration 31
Starting Iterative Proportional Fitting (IPF)...
IPF row error: 13.834081, col error: 0.000000
IPF converged at iteration 31
IPF row error: 13.834081, col error: 0.000000
Starting Iterative Proportional Fitting (IPF)...
Starting Iterative Proportional Fitting (IPF)...
Starting Iterative Proportional Fitting (IPF)...
IPF converged at iteration 31
IPF row error: 13.834081, col error: 0.000000
IPF converged at iteration 31
IPF row error: 13.834081, col error: 0.000000
IPF converged at iteration 31
Starting Iterative Proportional Fitting (IPF)...
IPF converged at iteration 31
IPF row error: 13.834081, col error: 0.000000
IPF row error: 13.834081, col error: 0.000000
Starting Iterative Proportional Fitting (IPF)...
Starting Iterative Proportional Fitting (IPF)...
Starting Iterative Proportional Fitting (IPF)...
IPF converged at iteration 31
IPF row error: 13.834081, col error: 0.000000
IPF converged at iteration 31
IPF row error: 13.834081, col error: 0.000000
IPF converged at iteration 31
Starting Iterative Proportional Fitting (IPF)...
IPF converged at iteration 31
IPF row error: 13.834081, col error: 0.000000
IPF row error: 13.834081, col error: 0.000000
Starting Iterative Proportional Fitting (IPF)...
Starting Iterative Proportional Fitting (IPF)...
Starting Iterative Proportional Fitting (IPF)...
IPF converged at iteration 31
IPF row error: 13.834081, col error: 0.000000
IPF converged at iteration 31
IPF row error: 13.834081, col error: 0.000000
Starting Iterative Proportional Fitting (IPF)...
IPF converged at iteration 31
IPF row error: 13.834081, col error: 0.000000
IPF converged at iteration 31
IPF row error: 13.834081, col error: 0.000000
Starting Iterative Proportional Fitting (IPF)...
Starting Iterative Proportional Fitting (IPF)...
Starting Iterative Proportional Fitting (IPF)...
IPF converged at iteration 31
IPF row error: 13.834081, col error: 0.000000
Starting Iterative Proportional Fitting (IPF)...
IPF converged at iteration 31
IPF row error: 13.834081, col error: 0.000000
IPF converged at iteration 31
IPF row error: 13.824373, col error: 0.000000
IPF converged at iteration 31
IPF row error: 13.824373, col error: 0.000000
Starting Iterative Proportional Fitting (IPF)...
Starting Iterative Proportional Fitting (IPF)...
Starting Iterative Proportional Fitting (IPF)...
IPF converged at iteration 31
IPF row error: 13.824373, col error: 0.000000
Starting Iterative Proportional Fitting (IPF)...
IPF converged at iteration 31
IPF row error: 13.824373, col error: 0.000000
IPF converged at iteration 31
IPF row error: 13.824373, col error: 0.000000
IPF converged at iteration 31
IPF row error: 13.824373, col error: 0.000000
Starting Iterative Proportional Fitting (IPF)...
Starting Iterative Proportional Fitting (IPF)...
Starting Iterative Proportional Fitting (IPF)...
IPF converged at iteration 31
IPF row error: 13.824373, col error: 0.000000
Starting Iterative Proportional Fitting (IPF)...
IPF converged at iteration 31
IPF row error: 13.824373, col error: 0.000000
IPF converged at iteration 31
IPF row error: 13.824373, col error: 0.000000
Starting Iterative Proportional Fitting (IPF)...
IPF converged at iteration 31
IPF row error: 13.824373, col error: 0.000000
  [2019/test] 진행 60/1750 (3.4%) | 누적 CPC 0.2995 | RMSE 430.6905 | %RMSE 34.5644 | 경과 0.6분 | 예상 남음 17.8분
Starting Iterative Proportional Fitting (IPF)...
Starting Iterative Proportional Fitting (IPF)...
IPF converged at iteration 31
IPF row error: 13.824373, col error: 0.000000
Starting Iterative Proportional Fitting (IPF)...
IPF converged at iteration 31
IPF row error: 13.824373, col error: 0.000000
IPF converged at iteration 31
IPF row error: 13.824373, col error: 0.000000
Starting Iterative Proportional Fitting (IPF)...
IPF converged at iteration 31
IPF row error: 13.824373, col error: 0.000000
Starting Iterative Proportional Fitting (IPF)...
Starting Iterative Proportional Fitting (IPF)...
IPF converged at iteration 31
IPF row error: 13.824373, col error: 0.000000
Starting Iterative Proportional Fitting (IPF)...
IPF converged at iteration 31
IPF row error: 13.824373, col error: 0.000000
IPF converged at iteration 31
IPF row error: 13.824373, col error: 0.000000
Starting Iterative Proportional Fitting (IPF)...
IPF converged at iteration 31
IPF row error: 13.824373, col error: 0.000000
Starting Iterative Proportional Fitting (IPF)...
Starting Iterative Proportional Fitting (IPF)...
IPF converged at iteration 31
IPF row error: 13.824373, col error: 0.000000
Starting Iterative Proportional Fitting (IPF)...
IPF converged at iteration 31
IPF row error: 13.824373, col error: 0.000000
IPF converged at iteration 31
Starting Iterative Proportional Fitting (IPF)...
IPF row error: 13.824373, col error: 0.000000
IPF converged at iteration 31
IPF row error: 13.824373, col error: 0.000000
Starting Iterative Proportional Fitting (IPF)...
Starting Iterative Proportional Fitting (IPF)...
IPF converged at iteration 31
IPF row error: 13.824373, col error: 0.000000
Starting Iterative Proportional Fitting (IPF)...
IPF converged at iteration 31
IPF row error: 13.824373, col error: 0.000000
Starting Iterative Proportional Fitting (IPF)...
IPF converged at iteration 31
IPF row error: 13.824373, col error: 0.000000
IPF converged at iteration 31
IPF row error: 13.824373, col error: 0.000000
Starting Iterative Proportional Fitting (IPF)...
Starting Iterative Proportional Fitting (IPF)...
IPF converged at iteration 31
IPF row error: 13.824373, col error: 0.000000
Starting Iterative Proportional Fitting (IPF)...
IPF converged at iteration 31
IPF row error: 13.824373, col error: 0.000000
Starting Iterative Proportional Fitting (IPF)...
IPF converged at iteration 31
IPF row error: 13.824373, col error: 0.000000
IPF converged at iteration 31
Starting Iterative Proportional Fitting (IPF)...
IPF row error: 13.824373, col error: 0.000000
Starting Iterative Proportional Fitting (IPF)...
IPF converged at iteration 31
IPF row error: 13.824373, col error: 0.000000
Starting Iterative Proportional Fitting (IPF)...
IPF converged at iteration 31
IPF row error: 13.824373, col error: 0.000000
Starting Iterative Proportional Fitting (IPF)...
IPF converged at iteration 31
IPF row error: 13.824373, col error: 0.000000
IPF converged at iteration 31
Starting Iterative Proportional Fitting (IPF)...
IPF row error: 13.824373, col error: 0.000000
Starting Iterative Proportional Fitting (IPF)...
IPF converged at iteration 31
IPF row error: 13.824373, col error: 0.000000
Starting Iterative Proportional Fitting (IPF)...
IPF converged at iteration 31
IPF row error: 13.824373, col error: 0.000000
Starting Iterative Proportional Fitting (IPF)...
IPF converged at iteration 31
IPF row error: 13.824373, col error: 0.000000
IPF converged at iteration 31
Starting Iterative Proportional Fitting (IPF)...
IPF row error: 13.824373, col error: 0.000000
Starting Iterative Proportional Fitting (IPF)...
IPF converged at iteration 31
IPF row error: 13.824373, col error: 0.000000
Starting Iterative Proportional Fitting (IPF)...
IPF converged at iteration 31
IPF row error: 13.824373, col error: 0.000000
  [2019/test] 진행 90/1750 (5.1%) | 누적 CPC 0.2828 | RMSE 405.7364 | %RMSE 34.6481 | 경과 1.0분 | 예상 남음 17.8분
Starting Iterative Proportional Fitting (IPF)...
IPF converged at iteration 31
IPF row error: 13.824373, col error: 0.000000
IPF converged at iteration 31
Starting Iterative Proportional Fitting (IPF)...
IPF row error: 13.824373, col error: 0.000000
Starting Iterative Proportional Fitting (IPF)...
IPF converged at iteration 31
IPF row error: 13.824373, col error: 0.000000
Starting Iterative Proportional Fitting (IPF)...
IPF converged at iteration 31
IPF row error: 13.824373, col error: 0.000000
Starting Iterative Proportional Fitting (IPF)...
IPF converged at iteration 31
IPF row error: 13.824373, col error: 0.000000
IPF converged at iteration 31
Starting Iterative Proportional Fitting (IPF)...
IPF row error: 13.824373, col error: 0.000000
Starting Iterative Proportional Fitting (IPF)...
IPF converged at iteration 31
IPF row error: 13.824373, col error: 0.000000
Starting Iterative Proportional Fitting (IPF)...
IPF converged at iteration 31
IPF row error: 13.824373, col error: 0.000000
Starting Iterative Proportional Fitting (IPF)...
IPF converged at iteration 31
IPF row error: 13.824373, col error: 0.000000
IPF converged at iteration 31
Starting Iterative Proportional Fitting (IPF)...
IPF row error: 13.824373, col error: 0.000000
Starting Iterative Proportional Fitting (IPF)...
IPF converged at iteration 31
IPF row error: 13.792451, col error: 0.000000
Starting Iterative Proportional Fitting (IPF)...
IPF converged at iteration 31
IPF row error: 13.792451, col error: 0.000000
Starting Iterative Proportional Fitting (IPF)...
IPF converged at iteration 31
IPF row error: 13.792451, col error: 0.000000
IPF converged at iteration 31
Starting Iterative Proportional Fitting (IPF)...
IPF row error: 13.792451, col error: 0.000000
Starting Iterative Proportional Fitting (IPF)...
IPF converged at iteration 31
IPF row error: 13.792451, col error: 0.000000
Starting Iterative Proportional Fitting (IPF)...
IPF converged at iteration 31
IPF row error: 13.792451, col error: 0.000000
Starting Iterative Proportional Fitting (IPF)...
IPF converged at iteration 31
IPF row error: 13.792451, col error: 0.000000
IPF converged at iteration 31
Starting Iterative Proportional Fitting (IPF)...
IPF row error: 13.792451, col error: 0.000000
Starting Iterative Proportional Fitting (IPF)...
IPF converged at iteration 31
IPF row error: 13.792451, col error: 0.000000
Starting Iterative Proportional Fitting (IPF)...
IPF converged at iteration 31
IPF row error: 13.792451, col error: 0.000000
Starting Iterative Proportional Fitting (IPF)...
IPF converged at iteration 31
IPF row error: 13.792451, col error: 0.000000
IPF converged at iteration 31
Starting Iterative Proportional Fitting (IPF)...
IPF row error: 13.792451, col error: 0.000000
Starting Iterative Proportional Fitting (IPF)...
IPF converged at iteration 31
IPF row error: 13.792451, col error: 0.000000
Starting Iterative Proportional Fitting (IPF)...
IPF converged at iteration 31
IPF row error: 13.792451, col error: 0.000000
Starting Iterative Proportional Fitting (IPF)...
IPF converged at iteration 31
IPF row error: 13.792451, col error: 0.000000
IPF converged at iteration 31
Starting Iterative Proportional Fitting (IPF)...
IPF row error: 13.792451, col error: 0.000000
Starting Iterative Proportional Fitting (IPF)...
IPF converged at iteration 31
IPF row error: 13.792451, col error: 0.000000
Starting Iterative Proportional Fitting (IPF)...
IPF converged at iteration 31
IPF row error: 13.792451, col error: 0.000000
Starting Iterative Proportional Fitting (IPF)...
IPF converged at iteration 31
IPF row error: 13.792451, col error: 0.000000
IPF converged at iteration 31
Starting Iterative Proportional Fitting (IPF)...
IPF row error: 13.792451, col error: 0.000000
  [2019/test] 진행 120/1750 (6.9%) | 누적 CPC 0.2863 | RMSE 382.7149 | %RMSE 31.4337 | 경과 1.3분 | 예상 남음 17.2분
Starting Iterative Proportional Fitting (IPF)...
IPF converged at iteration 31
IPF row error: 13.792451, col error: 0.000000
Starting Iterative Proportional Fitting (IPF)...
IPF converged at iteration 31
IPF row error: 13.792451, col error: 0.000000
Starting Iterative Proportional Fitting (IPF)...
IPF converged at iteration 31
IPF row error: 13.792451, col error: 0.000000
IPF converged at iteration 31
Starting Iterative Proportional Fitting (IPF)...
IPF row error: 13.792451, col error: 0.000000
Starting Iterative Proportional Fitting (IPF)...
IPF converged at iteration 31
IPF row error: 13.792451, col error: 0.000000
Starting Iterative Proportional Fitting (IPF)...
IPF converged at iteration 31
IPF row error: 13.792451, col error: 0.000000
Starting Iterative Proportional Fitting (IPF)...
IPF converged at iteration 31
IPF row error: 13.792451, col error: 0.000000
IPF converged at iteration 31
IPF row error: 13.792451, col error: 0.000000Starting Iterative Proportional Fitting (IPF)...

Starting Iterative Proportional Fitting (IPF)...
IPF converged at iteration 31
IPF row error: 13.792451, col error: 0.000000
Starting Iterative Proportional Fitting (IPF)...
IPF converged at iteration 31
IPF row error: 13.792451, col error: 0.000000
Starting Iterative Proportional Fitting (IPF)...
IPF converged at iteration 31
IPF row error: 13.792451, col error: 0.000000
IPF converged at iteration 31
IPF row error: 13.792451, col error: 0.000000
Starting Iterative Proportional Fitting (IPF)...
Starting Iterative Proportional Fitting (IPF)...
IPF converged at iteration 31
IPF row error: 13.792451, col error: 0.000000
Starting Iterative Proportional Fitting (IPF)...
IPF converged at iteration 31
IPF row error: 13.792451, col error: 0.000000
Starting Iterative Proportional Fitting (IPF)...
IPF converged at iteration 31
IPF row error: 13.792451, col error: 0.000000
IPF converged at iteration 31
IPF row error: 13.792451, col error: 0.000000
Starting Iterative Proportional Fitting (IPF)...
Starting Iterative Proportional Fitting (IPF)...
IPF converged at iteration 31
IPF row error: 13.792451, col error: 0.000000
Starting Iterative Proportional Fitting (IPF)...
IPF converged at iteration 31
IPF row error: 13.792451, col error: 0.000000
Starting Iterative Proportional Fitting (IPF)...
IPF converged at iteration 31
IPF row error: 13.792451, col error: 0.000000
IPF converged at iteration 31
IPF row error: 13.792451, col error: 0.000000
Starting Iterative Proportional Fitting (IPF)...
Starting Iterative Proportional Fitting (IPF)...
IPF converged at iteration 31
IPF row error: 13.792451, col error: 0.000000
Starting Iterative Proportional Fitting (IPF)...
IPF converged at iteration 31
IPF row error: 13.792451, col error: 0.000000
Starting Iterative Proportional Fitting (IPF)...
IPF converged at iteration 31
IPF row error: 13.792451, col error: 0.000000
IPF converged at iteration 31
Starting Iterative Proportional Fitting (IPF)...
IPF row error: 13.792451, col error: 0.000000
Starting Iterative Proportional Fitting (IPF)...
IPF converged at iteration 31
IPF row error: 13.792451, col error: 0.000000
Starting Iterative Proportional Fitting (IPF)...
IPF converged at iteration 31
IPF row error: 13.792451, col error: 0.000000
Starting Iterative Proportional Fitting (IPF)...
IPF converged at iteration 31
IPF row error: 13.792451, col error: 0.000000
IPF converged at iteration 31
Starting Iterative Proportional Fitting (IPF)...
IPF row error: 13.792451, col error: 0.000000
Starting Iterative Proportional Fitting (IPF)...
IPF converged at iteration 31
IPF row error: 13.792451, col error: 0.000000
Starting Iterative Proportional Fitting (IPF)...
IPF converged at iteration 31
IPF row error: 13.792451, col error: 0.000000
  [2019/test] 진행 150/1750 (8.6%) | 누적 CPC 0.2931 | RMSE 364.6843 | %RMSE 28.2025 | 경과 1.6분 | 예상 남음 16.9분
Starting Iterative Proportional Fitting (IPF)...
IPF converged at iteration 31
IPF row error: 13.826513, col error: 0.000000
IPF converged at iteration 31
IPF row error: 13.826513, col error: 0.000000
Starting Iterative Proportional Fitting (IPF)...
Starting Iterative Proportional Fitting (IPF)...
IPF converged at iteration 31
IPF row error: 13.826513, col error: 0.000000
Starting Iterative Proportional Fitting (IPF)...
IPF converged at iteration 31
IPF row error: 13.826513, col error: 0.000000
Starting Iterative Proportional Fitting (IPF)...
IPF converged at iteration 31
IPF row error: 13.826513, col error: 0.000000
IPF converged at iteration 31
Starting Iterative Proportional Fitting (IPF)...
IPF row error: 13.826513, col error: 0.000000
Starting Iterative Proportional Fitting (IPF)...
IPF converged at iteration 31
IPF row error: 13.826513, col error: 0.000000
Starting Iterative Proportional Fitting (IPF)...
IPF converged at iteration 31
IPF row error: 13.826513, col error: 0.000000
Starting Iterative Proportional Fitting (IPF)...
IPF converged at iteration 31
IPF row error: 13.826513, col error: 0.000000
IPF converged at iteration 31
Starting Iterative Proportional Fitting (IPF)...
IPF row error: 13.826513, col error: 0.000000
Starting Iterative Proportional Fitting (IPF)...
IPF converged at iteration 31
IPF row error: 13.826513, col error: 0.000000
Starting Iterative Proportional Fitting (IPF)...
IPF converged at iteration 31
IPF row error: 13.826513, col error: 0.000000
Starting Iterative Proportional Fitting (IPF)...
IPF converged at iteration 31
IPF row error: 13.826513, col error: 0.000000
Starting Iterative Proportional Fitting (IPF)...
IPF converged at iteration 31
IPF row error: 13.826513, col error: 0.000000
Starting Iterative Proportional Fitting (IPF)...
IPF converged at iteration 31
IPF row error: 13.826513, col error: 0.000000
Starting Iterative Proportional Fitting (IPF)...
IPF converged at iteration 31
IPF row error: 13.826513, col error: 0.000000
Starting Iterative Proportional Fitting (IPF)...
IPF converged at iteration 31
IPF row error: 13.826513, col error: 0.000000
Starting Iterative Proportional Fitting (IPF)...
IPF converged at iteration 31
IPF row error: 13.826513, col error: 0.000000
Starting Iterative Proportional Fitting (IPF)...
IPF converged at iteration 31
IPF row error: 13.826513, col error: 0.000000
Starting Iterative Proportional Fitting (IPF)...
IPF converged at iteration 31
IPF row error: 13.826513, col error: 0.000000
Starting Iterative Proportional Fitting (IPF)...
IPF converged at iteration 31
IPF row error: 13.826513, col error: 0.000000
Starting Iterative Proportional Fitting (IPF)...
IPF converged at iteration 31
IPF row error: 13.826513, col error: 0.000000
Starting Iterative Proportional Fitting (IPF)...
IPF converged at iteration 31
IPF row error: 13.826513, col error: 0.000000
Starting Iterative Proportional Fitting (IPF)...
IPF converged at iteration 31
IPF row error: 13.826513, col error: 0.000000
Starting Iterative Proportional Fitting (IPF)...
IPF converged at iteration 31
IPF row error: 13.826513, col error: 0.000000
Starting Iterative Proportional Fitting (IPF)...
IPF converged at iteration 31
IPF row error: 13.826513, col error: 0.000000
Starting Iterative Proportional Fitting (IPF)...
IPF converged at iteration 31
IPF row error: 13.826513, col error: 0.000000
Starting Iterative Proportional Fitting (IPF)...
IPF converged at iteration 31
IPF row error: 13.826513, col error: 0.000000
Starting Iterative Proportional Fitting (IPF)...
IPF converged at iteration 31
IPF row error: 13.826513, col error: 0.000000
Starting Iterative Proportional Fitting (IPF)...
IPF converged at iteration 31
IPF row error: 13.826513, col error: 0.000000
  [2019/test] 진행 180/1750 (10.3%) | 누적 CPC 0.2869 | RMSE 314.9099 | %RMSE 26.0417 | 경과 1.9분 | 예상 남음 16.4분
Starting Iterative Proportional Fitting (IPF)...
IPF converged at iteration 31
IPF row error: 13.826513, col error: 0.000000
Starting Iterative Proportional Fitting (IPF)...
IPF converged at iteration 31
IPF row error: 13.826513, col error: 0.000000
Starting Iterative Proportional Fitting (IPF)...
IPF converged at iteration 31
IPF row error: 13.826513, col error: 0.000000
Starting Iterative Proportional Fitting (IPF)...
IPF converged at iteration 31
IPF row error: 13.826513, col error: 0.000000
Starting Iterative Proportional Fitting (IPF)...
IPF converged at iteration 31
IPF row error: 13.826513, col error: 0.000000
Starting Iterative Proportional Fitting (IPF)...
IPF converged at iteration 31
IPF row error: 13.826513, col error: 0.000000
Starting Iterative Proportional Fitting (IPF)...
IPF converged at iteration 31
IPF row error: 13.826513, col error: 0.000000
Starting Iterative Proportional Fitting (IPF)...
IPF converged at iteration 31
IPF row error: 13.826513, col error: 0.000000
Starting Iterative Proportional Fitting (IPF)...
IPF converged at iteration 31
IPF row error: 13.826513, col error: 0.000000
Starting Iterative Proportional Fitting (IPF)...
IPF converged at iteration 31
IPF row error: 13.826513, col error: 0.000000
Starting Iterative Proportional Fitting (IPF)...
IPF converged at iteration 31
IPF row error: 13.826513, col error: 0.000000
Starting Iterative Proportional Fitting (IPF)...
IPF converged at iteration 31
IPF row error: 13.826513, col error: 0.000000
Starting Iterative Proportional Fitting (IPF)...
IPF converged at iteration 31
IPF row error: 13.826513, col error: 0.000000
Starting Iterative Proportional Fitting (IPF)...
IPF converged at iteration 31
IPF row error: 13.826513, col error: 0.000000
Starting Iterative Proportional Fitting (IPF)...
IPF converged at iteration 31
IPF row error: 13.826513, col error: 0.000000
IPF converged at iteration 31
Starting Iterative Proportional Fitting (IPF)...
IPF row error: 13.826513, col error: 0.000000
Starting Iterative Proportional Fitting (IPF)...
IPF converged at iteration 31
IPF row error: 13.826513, col error: 0.000000
Starting Iterative Proportional Fitting (IPF)...
IPF converged at iteration 31
IPF row error: 13.826513, col error: 0.000000
Starting Iterative Proportional Fitting (IPF)...
IPF converged at iteration 31
IPF row error: 13.826513, col error: 0.000000
Starting Iterative Proportional Fitting (IPF)...
IPF converged at iteration 31
IPF row error: 13.826513, col error: 0.000000
Starting Iterative Proportional Fitting (IPF)...
IPF converged at iteration 31
IPF row error: 13.843326, col error: 0.000000
Starting Iterative Proportional Fitting (IPF)...
IPF converged at iteration 31
IPF row error: 13.843326, col error: 0.000000
Starting Iterative Proportional Fitting (IPF)...
IPF converged at iteration 31
IPF row error: 13.843326, col error: 0.000000
Starting Iterative Proportional Fitting (IPF)...
IPF converged at iteration 31
IPF row error: 13.843326, col error: 0.000000
Starting Iterative Proportional Fitting (IPF)...
IPF converged at iteration 31
IPF row error: 13.843326, col error: 0.000000
Starting Iterative Proportional Fitting (IPF)...
IPF converged at iteration 31
IPF row error: 13.843326, col error: 0.000000
Starting Iterative Proportional Fitting (IPF)...
IPF converged at iteration 31
IPF row error: 13.843326, col error: 0.000000
Starting Iterative Proportional Fitting (IPF)...
IPF converged at iteration 31
IPF row error: 13.843326, col error: 0.000000
Starting Iterative Proportional Fitting (IPF)...
IPF converged at iteration 31
IPF row error: 13.843326, col error: 0.000000
Starting Iterative Proportional Fitting (IPF)...
IPF converged at iteration 31
IPF row error: 13.843326, col error: 0.000000
  [2019/test] 진행 210/1750 (12.0%) | 누적 CPC 0.2784 | RMSE 294.1038 | %RMSE 27.3933 | 경과 2.2분 | 예상 남음 16.2분
Starting Iterative Proportional Fitting (IPF)...
IPF converged at iteration 31
IPF row error: 13.843326, col error: 0.000000
Starting Iterative Proportional Fitting (IPF)...
IPF converged at iteration 31
IPF row error: 13.843326, col error: 0.000000
Starting Iterative Proportional Fitting (IPF)...
IPF converged at iteration 31
IPF row error: 13.843326, col error: 0.000000
Starting Iterative Proportional Fitting (IPF)...
IPF converged at iteration 31
IPF row error: 13.843326, col error: 0.000000
Starting Iterative Proportional Fitting (IPF)...
IPF converged at iteration 31
IPF row error: 13.843326, col error: 0.000000
Starting Iterative Proportional Fitting (IPF)...
IPF converged at iteration 31
IPF row error: 13.843326, col error: 0.000000
Starting Iterative Proportional Fitting (IPF)...
IPF converged at iteration 31
IPF row error: 13.843326, col error: 0.000000
Starting Iterative Proportional Fitting (IPF)...
IPF converged at iteration 31
IPF row error: 13.843326, col error: 0.000000
Starting Iterative Proportional Fitting (IPF)...
IPF converged at iteration 31
IPF row error: 13.843326, col error: 0.000000
Starting Iterative Proportional Fitting (IPF)...IPF converged at iteration 31

IPF row error: 13.843326, col error: 0.000000
Starting Iterative Proportional Fitting (IPF)...
IPF converged at iteration 31
IPF row error: 13.843326, col error: 0.000000
Starting Iterative Proportional Fitting (IPF)...
IPF converged at iteration 31
IPF row error: 13.843326, col error: 0.000000
Starting Iterative Proportional Fitting (IPF)...
IPF converged at iteration 31
IPF row error: 13.843326, col error: 0.000000
Starting Iterative Proportional Fitting (IPF)...
IPF converged at iteration 31
IPF row error: 13.843326, col error: 0.000000
Starting Iterative Proportional Fitting (IPF)...
IPF converged at iteration 31
IPF row error: 13.843326, col error: 0.000000
Starting Iterative Proportional Fitting (IPF)...
IPF converged at iteration 31
IPF row error: 13.843326, col error: 0.000000
Starting Iterative Proportional Fitting (IPF)...
IPF converged at iteration 31
IPF row error: 13.843326, col error: 0.000000
Starting Iterative Proportional Fitting (IPF)...
IPF converged at iteration 31
IPF row error: 13.843326, col error: 0.000000
Starting Iterative Proportional Fitting (IPF)...
IPF converged at iteration 31
IPF row error: 13.843326, col error: 0.000000
Starting Iterative Proportional Fitting (IPF)...
IPF converged at iteration 31
IPF row error: 13.843326, col error: 0.000000
Starting Iterative Proportional Fitting (IPF)...
IPF converged at iteration 31
IPF row error: 13.843326, col error: 0.000000
Starting Iterative Proportional Fitting (IPF)...
IPF converged at iteration 31
IPF row error: 13.843326, col error: 0.000000
Starting Iterative Proportional Fitting (IPF)...
IPF converged at iteration 31
IPF row error: 13.843326, col error: 0.000000
Starting Iterative Proportional Fitting (IPF)...
IPF converged at iteration 31
IPF row error: 13.843326, col error: 0.000000
Starting Iterative Proportional Fitting (IPF)...
IPF converged at iteration 31
IPF row error: 13.843326, col error: 0.000000
Starting Iterative Proportional Fitting (IPF)...
IPF converged at iteration 31
IPF row error: 13.843326, col error: 0.000000
Starting Iterative Proportional Fitting (IPF)...
IPF converged at iteration 31
IPF row error: 13.843326, col error: 0.000000
Starting Iterative Proportional Fitting (IPF)...
IPF converged at iteration 31
IPF row error: 13.843326, col error: 0.000000
Starting Iterative Proportional Fitting (IPF)...
IPF converged at iteration 31
IPF row error: 13.843326, col error: 0.000000
Starting Iterative Proportional Fitting (IPF)...
IPF converged at iteration 31
IPF row error: 13.843326, col error: 0.000000
  [2019/test] 진행 240/1750 (13.7%) | 누적 CPC 0.2651 | RMSE 304.3064 | %RMSE 33.4732 | 경과 2.5분 | 예상 남음 15.8분
Starting Iterative Proportional Fitting (IPF)...
IPF converged at iteration 31
IPF row error: 13.843326, col error: 0.000000
Starting Iterative Proportional Fitting (IPF)...
IPF converged at iteration 31
IPF row error: 13.843326, col error: 0.000000
Starting Iterative Proportional Fitting (IPF)...
IPF converged at iteration 31
IPF row error: 13.843326, col error: 0.000000
Starting Iterative Proportional Fitting (IPF)...
IPF converged at iteration 31
IPF row error: 13.843326, col error: 0.000000
Starting Iterative Proportional Fitting (IPF)...
IPF converged at iteration 31
IPF row error: 13.843326, col error: 0.000000
Starting Iterative Proportional Fitting (IPF)...
IPF converged at iteration 31
IPF row error: 13.843326, col error: 0.000000
Starting Iterative Proportional Fitting (IPF)...
IPF converged at iteration 31
IPF row error: 13.843326, col error: 0.000000
Starting Iterative Proportional Fitting (IPF)...
IPF converged at iteration 31
IPF row error: 13.843326, col error: 0.000000
Starting Iterative Proportional Fitting (IPF)...
IPF converged at iteration 31
IPF row error: 13.843326, col error: 0.000000
Starting Iterative Proportional Fitting (IPF)...
IPF converged at iteration 31
IPF row error: 13.843326, col error: 0.000000
Starting Iterative Proportional Fitting (IPF)...
IPF converged at iteration 31
IPF row error: 13.826045, col error: 0.000000
Starting Iterative Proportional Fitting (IPF)...
IPF converged at iteration 31
IPF row error: 13.826045, col error: 0.000000
Starting Iterative Proportional Fitting (IPF)...
IPF converged at iteration 31
IPF row error: 13.826045, col error: 0.000000
Starting Iterative Proportional Fitting (IPF)...
IPF converged at iteration 31
IPF row error: 13.826045, col error: 0.000000
Starting Iterative Proportional Fitting (IPF)...
IPF converged at iteration 31
IPF row error: 13.826045, col error: 0.000000
Starting Iterative Proportional Fitting (IPF)...
IPF converged at iteration 31
IPF row error: 13.826045, col error: 0.000000
Starting Iterative Proportional Fitting (IPF)...
IPF converged at iteration 31
IPF row error: 13.826045, col error: 0.000000
Starting Iterative Proportional Fitting (IPF)...
IPF converged at iteration 31
IPF row error: 13.826045, col error: 0.000000
Starting Iterative Proportional Fitting (IPF)...
IPF converged at iteration 31
IPF row error: 13.826045, col error: 0.000000
Starting Iterative Proportional Fitting (IPF)...
IPF converged at iteration 31
IPF row error: 13.826045, col error: 0.000000
Starting Iterative Proportional Fitting (IPF)...
IPF converged at iteration 31
IPF row error: 13.826045, col error: 0.000000
Starting Iterative Proportional Fitting (IPF)...
IPF converged at iteration 31
IPF row error: 13.826045, col error: 0.000000
Starting Iterative Proportional Fitting (IPF)...
IPF converged at iteration 31
IPF row error: 13.826045, col error: 0.000000
Starting Iterative Proportional Fitting (IPF)...
IPF converged at iteration 31
IPF row error: 13.826045, col error: 0.000000
Starting Iterative Proportional Fitting (IPF)...
IPF converged at iteration 31
IPF row error: 13.826045, col error: 0.000000
Starting Iterative Proportional Fitting (IPF)...
IPF converged at iteration 31
IPF row error: 13.826045, col error: 0.000000
Starting Iterative Proportional Fitting (IPF)...
IPF converged at iteration 31
IPF row error: 13.826045, col error: 0.000000
Starting Iterative Proportional Fitting (IPF)...
IPF converged at iteration 31
IPF row error: 13.826045, col error: 0.000000
Starting Iterative Proportional Fitting (IPF)...
IPF converged at iteration 31
IPF row error: 13.826045, col error: 0.000000
Starting Iterative Proportional Fitting (IPF)...
IPF converged at iteration 31
IPF row error: 13.826045, col error: 0.000000
  [2019/test] 진행 270/1750 (15.4%) | 누적 CPC 0.2593 | RMSE 308.2358 | %RMSE 35.9067 | 경과 2.8분 | 예상 남음 15.5분
Starting Iterative Proportional Fitting (IPF)...
IPF converged at iteration 31
IPF row error: 13.826045, col error: 0.000000
Starting Iterative Proportional Fitting (IPF)...
IPF converged at iteration 31
IPF row error: 13.826045, col error: 0.000000
Starting Iterative Proportional Fitting (IPF)...
IPF converged at iteration 31
IPF row error: 13.826045, col error: 0.000000
Starting Iterative Proportional Fitting (IPF)...
IPF converged at iteration 31
IPF row error: 13.826045, col error: 0.000000
Starting Iterative Proportional Fitting (IPF)...
IPF converged at iteration 31
IPF row error: 13.826045, col error: 0.000000
Starting Iterative Proportional Fitting (IPF)...
IPF converged at iteration 31
IPF row error: 13.826045, col error: 0.000000
Starting Iterative Proportional Fitting (IPF)...
IPF converged at iteration 31
IPF row error: 13.826045, col error: 0.000000
Starting Iterative Proportional Fitting (IPF)...
IPF converged at iteration 31
IPF row error: 13.826045, col error: 0.000000
Starting Iterative Proportional Fitting (IPF)...
IPF converged at iteration 31
IPF row error: 13.826045, col error: 0.000000
Starting Iterative Proportional Fitting (IPF)...
IPF converged at iteration 31
IPF row error: 13.826045, col error: 0.000000
Starting Iterative Proportional Fitting (IPF)...
IPF converged at iteration 31
IPF row error: 13.826045, col error: 0.000000
Starting Iterative Proportional Fitting (IPF)...
IPF converged at iteration 31
IPF row error: 13.826045, col error: 0.000000
Starting Iterative Proportional Fitting (IPF)...
IPF converged at iteration 31
IPF row error: 13.826045, col error: 0.000000
Starting Iterative Proportional Fitting (IPF)...
IPF converged at iteration 31
IPF row error: 13.826045, col error: 0.000000
Starting Iterative Proportional Fitting (IPF)...
IPF converged at iteration 31
IPF row error: 13.826045, col error: 0.000000
Starting Iterative Proportional Fitting (IPF)...
IPF converged at iteration 31
IPF row error: 13.826045, col error: 0.000000
Starting Iterative Proportional Fitting (IPF)...
IPF converged at iteration 31
IPF row error: 13.826045, col error: 0.000000
Starting Iterative Proportional Fitting (IPF)...
IPF converged at iteration 31
IPF row error: 13.826045, col error: 0.000000
Starting Iterative Proportional Fitting (IPF)...
IPF converged at iteration 31
IPF row error: 13.826045, col error: 0.000000
Starting Iterative Proportional Fitting (IPF)...
IPF converged at iteration 31
IPF row error: 13.826045, col error: 0.000000
Starting Iterative Proportional Fitting (IPF)...
IPF converged at iteration 31
IPF row error: 13.826045, col error: 0.000000
Starting Iterative Proportional Fitting (IPF)...
IPF converged at iteration 31
IPF row error: 13.826045, col error: 0.000000
Starting Iterative Proportional Fitting (IPF)...
IPF converged at iteration 31
IPF row error: 13.826045, col error: 0.000000
Starting Iterative Proportional Fitting (IPF)...
IPF converged at iteration 31
IPF row error: 13.826045, col error: 0.000000
Starting Iterative Proportional Fitting (IPF)...
IPF converged at iteration 31
IPF row error: 13.826045, col error: 0.000000
Starting Iterative Proportional Fitting (IPF)...
IPF converged at iteration 31
IPF row error: 13.826045, col error: 0.000000
Starting Iterative Proportional Fitting (IPF)...
IPF converged at iteration 31
IPF row error: 13.826045, col error: 0.000000
Starting Iterative Proportional Fitting (IPF)...
IPF converged at iteration 31
IPF row error: 13.826045, col error: 0.000000
Starting Iterative Proportional Fitting (IPF)...
IPF converged at iteration 31
IPF row error: 13.826045, col error: 0.000000
Starting Iterative Proportional Fitting (IPF)...
IPF converged at iteration 31
IPF row error: 13.826045, col error: 0.000000
  [2019/test] 진행 300/1750 (17.1%) | 누적 CPC 0.2567 | RMSE 309.5765 | %RMSE 36.8207 | 경과 3.1분 | 예상 남음 15.1분
Starting Iterative Proportional Fitting (IPF)...
IPF converged at iteration 31
IPF row error: 13.615534, col error: 0.000000
Starting Iterative Proportional Fitting (IPF)...
IPF converged at iteration 31
IPF row error: 13.615534, col error: 0.000000
Starting Iterative Proportional Fitting (IPF)...
IPF converged at iteration 31
IPF row error: 13.615534, col error: 0.000000
Starting Iterative Proportional Fitting (IPF)...
IPF converged at iteration 31
IPF row error: 13.615534, col error: 0.000000
Starting Iterative Proportional Fitting (IPF)...
IPF converged at iteration 31
IPF row error: 13.615534, col error: 0.000000
Starting Iterative Proportional Fitting (IPF)...
IPF converged at iteration 31
IPF row error: 13.615534, col error: 0.000000
Starting Iterative Proportional Fitting (IPF)...
IPF converged at iteration 31
IPF row error: 13.615534, col error: 0.000000
Starting Iterative Proportional Fitting (IPF)...
IPF converged at iteration 31
IPF row error: 13.615534, col error: 0.000000
Starting Iterative Proportional Fitting (IPF)...
IPF converged at iteration 31
IPF row error: 13.615534, col error: 0.000000
Starting Iterative Proportional Fitting (IPF)...
IPF converged at iteration 31
IPF row error: 13.615534, col error: 0.000000
Starting Iterative Proportional Fitting (IPF)...
IPF converged at iteration 31
IPF row error: 13.615534, col error: 0.000000
Starting Iterative Proportional Fitting (IPF)...
IPF converged at iteration 31
IPF row error: 13.615534, col error: 0.000000
Starting Iterative Proportional Fitting (IPF)...
IPF converged at iteration 31
IPF row error: 13.615534, col error: 0.000000
Starting Iterative Proportional Fitting (IPF)...
IPF converged at iteration 31
IPF row error: 13.615534, col error: 0.000000
Starting Iterative Proportional Fitting (IPF)...
IPF converged at iteration 31
IPF row error: 13.615534, col error: 0.000000
Starting Iterative Proportional Fitting (IPF)...
IPF converged at iteration 31
IPF row error: 13.615534, col error: 0.000000
Starting Iterative Proportional Fitting (IPF)...
IPF converged at iteration 31
IPF row error: 13.615534, col error: 0.000000
Starting Iterative Proportional Fitting (IPF)...
IPF converged at iteration 31
IPF row error: 13.615534, col error: 0.000000
Starting Iterative Proportional Fitting (IPF)...
IPF converged at iteration 31
IPF row error: 13.615534, col error: 0.000000
Starting Iterative Proportional Fitting (IPF)...
IPF converged at iteration 31
IPF row error: 13.615534, col error: 0.000000
Starting Iterative Proportional Fitting (IPF)...
IPF converged at iteration 31
IPF row error: 13.615534, col error: 0.000000
Starting Iterative Proportional Fitting (IPF)...
IPF converged at iteration 31
IPF row error: 13.615534, col error: 0.000000
Starting Iterative Proportional Fitting (IPF)...
IPF converged at iteration 31
IPF row error: 13.615534, col error: 0.000000
Starting Iterative Proportional Fitting (IPF)...
IPF converged at iteration 31
IPF row error: 13.615534, col error: 0.000000
Starting Iterative Proportional Fitting (IPF)...
IPF converged at iteration 31
IPF row error: 13.615534, col error: 0.000000
Starting Iterative Proportional Fitting (IPF)...
IPF converged at iteration 31
IPF row error: 13.615534, col error: 0.000000
Starting Iterative Proportional Fitting (IPF)...
IPF converged at iteration 31
IPF row error: 13.615534, col error: 0.000000
Starting Iterative Proportional Fitting (IPF)...
IPF converged at iteration 31
IPF row error: 13.615534, col error: 0.000000
Starting Iterative Proportional Fitting (IPF)...
IPF converged at iteration 31
IPF row error: 13.615534, col error: 0.000000
Starting Iterative Proportional Fitting (IPF)...
IPF converged at iteration 31
IPF row error: 13.615534, col error: 0.000000
  [2019/test] 진행 330/1750 (18.9%) | 누적 CPC 0.2666 | RMSE 314.0141 | %RMSE 35.5645 | 경과 3.4분 | 예상 남음 14.8분
Starting Iterative Proportional Fitting (IPF)...
IPF converged at iteration 31
IPF row error: 13.615534, col error: 0.000000
Starting Iterative Proportional Fitting (IPF)...
IPF converged at iteration 31
IPF row error: 13.615534, col error: 0.000000
Starting Iterative Proportional Fitting (IPF)...
IPF converged at iteration 31
IPF row error: 13.615534, col error: 0.000000
Starting Iterative Proportional Fitting (IPF)...
IPF converged at iteration 31
IPF row error: 13.615534, col error: 0.000000
Starting Iterative Proportional Fitting (IPF)...
IPF converged at iteration 31
IPF row error: 13.615534, col error: 0.000000
Starting Iterative Proportional Fitting (IPF)...
IPF converged at iteration 31
IPF row error: 13.615534, col error: 0.000000
Starting Iterative Proportional Fitting (IPF)...
IPF converged at iteration 31
IPF row error: 13.615534, col error: 0.000000
Starting Iterative Proportional Fitting (IPF)...
IPF converged at iteration 31
IPF row error: 13.615534, col error: 0.000000
Starting Iterative Proportional Fitting (IPF)...
IPF converged at iteration 31
IPF row error: 13.615534, col error: 0.000000
Starting Iterative Proportional Fitting (IPF)...
IPF converged at iteration 31
IPF row error: 13.615534, col error: 0.000000
Starting Iterative Proportional Fitting (IPF)...
IPF converged at iteration 31
IPF row error: 13.615534, col error: 0.000000
Starting Iterative Proportional Fitting (IPF)...
IPF converged at iteration 31
IPF row error: 13.615534, col error: 0.000000
Starting Iterative Proportional Fitting (IPF)...
IPF converged at iteration 31
IPF row error: 13.615534, col error: 0.000000
Starting Iterative Proportional Fitting (IPF)...
IPF converged at iteration 31
IPF row error: 13.615534, col error: 0.000000
Starting Iterative Proportional Fitting (IPF)...
IPF converged at iteration 31
IPF row error: 13.615534, col error: 0.000000
Starting Iterative Proportional Fitting (IPF)...
IPF converged at iteration 31
IPF row error: 13.615534, col error: 0.000000
Starting Iterative Proportional Fitting (IPF)...
IPF converged at iteration 31
IPF row error: 13.615534, col error: 0.000000
Starting Iterative Proportional Fitting (IPF)...
IPF converged at iteration 31
IPF row error: 13.615534, col error: 0.000000
Starting Iterative Proportional Fitting (IPF)...
IPF converged at iteration 31
IPF row error: 13.615534, col error: 0.000000
Starting Iterative Proportional Fitting (IPF)...
IPF converged at iteration 31
IPF row error: 13.615534, col error: 0.000000
Starting Iterative Proportional Fitting (IPF)...
IPF converged at iteration 29
IPF row error: 16.093811, col error: 0.000000
Starting Iterative Proportional Fitting (IPF)...
IPF converged at iteration 29
IPF row error: 14.770637, col error: 0.000000
Starting Iterative Proportional Fitting (IPF)...
IPF converged at iteration 31
IPF row error: 13.834081, col error: 0.000000
Starting Iterative Proportional Fitting (IPF)...
IPF converged at iteration 31
IPF row error: 13.834081, col error: 0.000000
Starting Iterative Proportional Fitting (IPF)...
IPF converged at iteration 31
IPF row error: 13.834081, col error: 0.000000
Starting Iterative Proportional Fitting (IPF)...
IPF converged at iteration 29
IPF row error: 12.215581, col error: 0.000000
Starting Iterative Proportional Fitting (IPF)...
IPF converged at iteration 31
IPF row error: 13.834081, col error: 0.000000
Starting Iterative Proportional Fitting (IPF)...
IPF converged at iteration 35
IPF row error: 5.394403, col error: 0.000000
IPF converged at iteration 31
IPF row error: 13.834081, col error: 0.000000
Starting Iterative Proportional Fitting (IPF)...
Starting Iterative Proportional Fitting (IPF)...
IPF converged at iteration 60
IPF row error: 1.277653, col error: 0.000000
  [2019/test] 진행 360/1750 (20.6%) | 누적 CPC 0.2732 | RMSE 320.3803 | %RMSE 34.8534 | 경과 3.7분 | 예상 남음 14.5분
Starting Iterative Proportional Fitting (IPF)...
IPF converged at iteration 31
IPF row error: 10.176095, col error: 0.000000
Starting Iterative Proportional Fitting (IPF)...
IPF converged at iteration 31
IPF row error: 13.834081, col error: 0.000000
IPF converged at iteration 30
Starting Iterative Proportional Fitting (IPF)...
IPF row error: 12.990411, col error: 0.000000
Starting Iterative Proportional Fitting (IPF)...
IPF converged at iteration 31
IPF row error: 13.834081, col error: 0.000000
Starting Iterative Proportional Fitting (IPF)...
IPF converged at iteration 30
IPF row error: 12.078190, col error: 0.000000
Starting Iterative Proportional Fitting (IPF)...
IPF converged at iteration 31
IPF row error: 13.834081, col error: 0.000000
IPF converged at iteration 31
Starting Iterative Proportional Fitting (IPF)...
IPF row error: 13.834081, col error: 0.000000
Starting Iterative Proportional Fitting (IPF)...
IPF converged at iteration 31
IPF row error: 12.210035, col error: 0.000000
Starting Iterative Proportional Fitting (IPF)...
IPF converged at iteration 31
IPF row error: 13.834081, col error: 0.000000
Starting Iterative Proportional Fitting (IPF)...
IPF converged at iteration 31
IPF row error: 13.834081, col error: 0.000000
Starting Iterative Proportional Fitting (IPF)...
IPF converged at iteration 31
IPF row error: 13.834081, col error: 0.000000
Starting Iterative Proportional Fitting (IPF)...
IPF converged at iteration 31
IPF row error: 13.834081, col error: 0.000000
Starting Iterative Proportional Fitting (IPF)...
IPF converged at iteration 31
IPF row error: 13.834081, col error: 0.000000
Starting Iterative Proportional Fitting (IPF)...
IPF converged at iteration 31
IPF row error: 28.653399, col error: 0.000000
Starting Iterative Proportional Fitting (IPF)...
IPF converged at iteration 31
IPF row error: 13.834081, col error: 0.000000
Starting Iterative Proportional Fitting (IPF)...
IPF converged at iteration 31
IPF row error: 13.834081, col error: 0.000000
Starting Iterative Proportional Fitting (IPF)...
IPF converged at iteration 31
IPF row error: 13.834081, col error: 0.000000
Starting Iterative Proportional Fitting (IPF)...
IPF converged at iteration 31
IPF row error: 13.834081, col error: 0.000000
Starting Iterative Proportional Fitting (IPF)...
IPF converged at iteration 31
IPF row error: 13.834081, col error: 0.000000
IPF converged at iteration 28
IPF row error: 12.796811, col error: 0.000000
Starting Iterative Proportional Fitting (IPF)...
Starting Iterative Proportional Fitting (IPF)...
IPF converged at iteration 31
IPF row error: 13.834081, col error: 0.000000
Starting Iterative Proportional Fitting (IPF)...
IPF converged at iteration 31
IPF row error: 13.834081, col error: 0.000000
Starting Iterative Proportional Fitting (IPF)...
IPF converged at iteration 31
IPF row error: 13.834081, col error: 0.000000
IPF converged at iteration 31
IPF row error: 10.681345, col error: 0.000000
Starting Iterative Proportional Fitting (IPF)...
Starting Iterative Proportional Fitting (IPF)...
IPF converged at iteration 28
IPF row error: 13.461800, col error: 0.000000
Starting Iterative Proportional Fitting (IPF)...
IPF converged at iteration 29
IPF row error: 15.688095, col error: 0.000000
Starting Iterative Proportional Fitting (IPF)...
IPF converged at iteration 31
IPF row error: 13.834081, col error: 0.000000
Starting Iterative Proportional Fitting (IPF)...
IPF converged at iteration 46
IPF row error: 1.407712, col error: 0.000000
IPF converged at iteration 31
IPF row error: 13.834081, col error: 0.000000
Starting Iterative Proportional Fitting (IPF)...
Starting Iterative Proportional Fitting (IPF)...
IPF converged at iteration 31
IPF row error: 13.834081, col error: 0.000000
  [2019/test] 진행 390/1750 (22.3%) | 누적 CPC 0.2759 | RMSE 330.6802 | %RMSE 34.8678 | 경과 4.1분 | 예상 남음 14.2분
Starting Iterative Proportional Fitting (IPF)...
IPF converged at iteration 31
IPF row error: 13.834081, col error: 0.000000
Starting Iterative Proportional Fitting (IPF)...
IPF converged at iteration 30
IPF converged at iteration 30
IPF row error: 9.219731, col error: 0.000000
IPF row error: 13.519257, col error: 0.000000
Starting Iterative Proportional Fitting (IPF)...
Starting Iterative Proportional Fitting (IPF)...
IPF converged at iteration 31
IPF row error: 13.834081, col error: 0.000000
Starting Iterative Proportional Fitting (IPF)...
IPF converged at iteration 30
IPF row error: 10.588712, col error: 0.000000
Starting Iterative Proportional Fitting (IPF)...
IPF converged at iteration 31
IPF converged at iteration 31
IPF row error: 13.834081, col error: 0.000000
IPF row error: 13.834081, col error: 0.000000
Starting Iterative Proportional Fitting (IPF)...
Starting Iterative Proportional Fitting (IPF)...
IPF converged at iteration 27
IPF row error: 20.650623, col error: 0.000000
Starting Iterative Proportional Fitting (IPF)...
IPF converged at iteration 31
IPF row error: 13.834081, col error: 0.000000
Starting Iterative Proportional Fitting (IPF)...
IPF converged at iteration 31
IPF converged at iteration 30
IPF row error: 13.834081, col error: 0.000000
IPF row error: 12.819328, col error: 0.000000
Starting Iterative Proportional Fitting (IPF)...
IPF converged at iteration 26
Starting Iterative Proportional Fitting (IPF)...
IPF row error: 20.662829, col error: 0.000000
Starting Iterative Proportional Fitting (IPF)...
IPF converged at iteration 31
IPF row error: 13.824373, col error: 0.000000
Starting Iterative Proportional Fitting (IPF)...
IPF converged at iteration 31
IPF converged at iteration 31
IPF row error: 13.824373, col error: 0.000000
IPF row error: 13.605632, col error: 0.000000
Starting Iterative Proportional Fitting (IPF)...
Starting Iterative Proportional Fitting (IPF)...
IPF converged at iteration 38
IPF row error: 2.619046, col error: 0.000000
Starting Iterative Proportional Fitting (IPF)...
IPF converged at iteration 31
IPF row error: 13.824373, col error: 0.000000
Starting Iterative Proportional Fitting (IPF)...
IPF converged at iteration 31
IPF row error: 13.824373, col error: 0.000000
Starting Iterative Proportional Fitting (IPF)...
IPF converged at iteration 29
IPF row error: 10.022657, col error: 0.000000
Starting Iterative Proportional Fitting (IPF)...
IPF converged at iteration 49
IPF row error: 1.259043, col error: 0.000000
IPF converged at iteration 31
IPF row error: 13.824373, col error: 0.000000
Starting Iterative Proportional Fitting (IPF)...
Starting Iterative Proportional Fitting (IPF)...
IPF converged at iteration 31
IPF row error: 13.824373, col error: 0.000000
Starting Iterative Proportional Fitting (IPF)...
IPF converged at iteration 31
IPF row error: 13.824373, col error: 0.000000
Starting Iterative Proportional Fitting (IPF)...
IPF converged at iteration 31
IPF row error: 13.824373, col error: 0.000000
IPF converged at iteration 30
IPF row error: 13.002634, col error: 0.000000
Starting Iterative Proportional Fitting (IPF)...
Starting Iterative Proportional Fitting (IPF)...
IPF converged at iteration 31
IPF row error: 15.872130, col error: 0.000000
Starting Iterative Proportional Fitting (IPF)...
IPF converged at iteration 27
IPF row error: 21.032614, col error: 0.000000
IPF converged at iteration 31
IPF row error: 13.824373, col error: 0.000000
Starting Iterative Proportional Fitting (IPF)...
Starting Iterative Proportional Fitting (IPF)...
IPF converged at iteration 45
IPF row error: 1.419142, col error: 0.000000
Starting Iterative Proportional Fitting (IPF)...
IPF converged at iteration 28
IPF row error: 18.748657, col error: 0.000000
  [2019/test] 진행 420/1750 (24.0%) | 누적 CPC 0.2754 | RMSE 335.0754 | %RMSE 34.8897 | 경과 4.4분 | 예상 남음 13.8분
Starting Iterative Proportional Fitting (IPF)...
IPF converged at iteration 27
IPF row error: 16.394984, col error: 0.000000
Starting Iterative Proportional Fitting (IPF)...
IPF converged at iteration 35
IPF converged at iteration 31
IPF row error: 4.946293, col error: 0.000000
IPF row error: 13.103840, col error: 0.000000
IPF converged at iteration 25
Starting Iterative Proportional Fitting (IPF)...
IPF row error: 30.432018, col error: 0.000000
Starting Iterative Proportional Fitting (IPF)...
Starting Iterative Proportional Fitting (IPF)...
IPF converged at iteration 31
IPF row error: 13.824373, col error: 0.000000
Starting Iterative Proportional Fitting (IPF)...
IPF converged at iteration 31
IPF row error: 13.824373, col error: 0.000000
IPF converged at iteration 31
IPF row error: 13.674718, col error: 0.000000
IPF converged at iteration 31
IPF row error: 13.824373, col error: 0.000000
Starting Iterative Proportional Fitting (IPF)...
Starting Iterative Proportional Fitting (IPF)...
Starting Iterative Proportional Fitting (IPF)...
IPF converged at iteration 31
IPF row error: 13.824373, col error: 0.000000
Starting Iterative Proportional Fitting (IPF)...
IPF converged at iteration 31
IPF converged at iteration 31
IPF row error: 13.824373, col error: 0.000000
IPF row error: 13.824373, col error: 0.000000
IPF converged at iteration 30
IPF row error: 16.882545, col error: 0.000000
Starting Iterative Proportional Fitting (IPF)...
Starting Iterative Proportional Fitting (IPF)...
Starting Iterative Proportional Fitting (IPF)...
IPF converged at iteration 31
IPF row error: 13.396217, col error: 0.000000
Starting Iterative Proportional Fitting (IPF)...
IPF converged at iteration 31
IPF converged at iteration 29
IPF row error: 13.824373, col error: 0.000000
IPF row error: 15.068977, col error: 0.000000
Starting Iterative Proportional Fitting (IPF)...
Starting Iterative Proportional Fitting (IPF)...
IPF converged at iteration 43
IPF row error: 1.261296, col error: 0.000000
Starting Iterative Proportional Fitting (IPF)...
IPF converged at iteration 31
IPF row error: 13.824373, col error: 0.000000
Starting Iterative Proportional Fitting (IPF)...
IPF converged at iteration 31
IPF converged at iteration 31
IPF row error: 13.824373, col error: 0.000000
IPF row error: 12.328613, col error: 0.000000
Starting Iterative Proportional Fitting (IPF)...
Starting Iterative Proportional Fitting (IPF)...
IPF converged at iteration 27
IPF row error: 20.137597, col error: 0.000000
Starting Iterative Proportional Fitting (IPF)...
IPF converged at iteration 31
IPF row error: 13.824373, col error: 0.000000
Starting Iterative Proportional Fitting (IPF)...
IPF converged at iteration 31
IPF row error: 13.824373, col error: 0.000000
Starting Iterative Proportional Fitting (IPF)...
IPF converged at iteration 31
IPF row error: 13.824373, col error: 0.000000
Starting Iterative Proportional Fitting (IPF)...
IPF converged at iteration 44
IPF row error: 1.374341, col error: 0.000000
Starting Iterative Proportional Fitting (IPF)...
IPF converged at iteration 31
IPF row error: 13.824373, col error: 0.000000
Starting Iterative Proportional Fitting (IPF)...
IPF converged at iteration 31
IPF row error: 13.824373, col error: 0.000000
Starting Iterative Proportional Fitting (IPF)...
IPF converged at iteration 25
IPF row error: 18.553583, col error: 0.000000
IPF converged at iteration 31
IPF row error: 13.824373, col error: 0.000000
Starting Iterative Proportional Fitting (IPF)...
Starting Iterative Proportional Fitting (IPF)...
IPF converged at iteration 31
IPF row error: 13.824373, col error: 0.000000
Starting Iterative Proportional Fitting (IPF)...
IPF converged at iteration 29
IPF row error: 15.606611, col error: 0.000000
  [2019/test] 진행 450/1750 (25.7%) | 누적 CPC 0.2737 | RMSE 337.3471 | %RMSE 34.9630 | 경과 4.7분 | 예상 남음 13.5분
Starting Iterative Proportional Fitting (IPF)...
IPF converged at iteration 29
IPF converged at iteration 28
IPF row error: 18.745725, col error: 0.000000
IPF row error: 23.842644, col error: 0.000000
Starting Iterative Proportional Fitting (IPF)...
Starting Iterative Proportional Fitting (IPF)...
IPF converged at iteration 31
IPF row error: 13.792451, col error: 0.000000
Starting Iterative Proportional Fitting (IPF)...
IPF converged at iteration 31
IPF row error: 13.792451, col error: 0.000000
Starting Iterative Proportional Fitting (IPF)...
IPF converged at iteration 30
IPF converged at iteration 31
IPF row error: 14.772064, col error: 0.000000
IPF row error: 13.792451, col error: 0.000000
Starting Iterative Proportional Fitting (IPF)...
Starting Iterative Proportional Fitting (IPF)...
IPF converged at iteration 31
IPF row error: 13.792451, col error: 0.000000
Starting Iterative Proportional Fitting (IPF)...
IPF converged at iteration 31
IPF row error: 13.792451, col error: 0.000000
Starting Iterative Proportional Fitting (IPF)...
IPF converged at iteration 31
IPF converged at iteration 31
IPF row error: 13.792451, col error: 0.000000
IPF row error: 13.792451, col error: 0.000000
Starting Iterative Proportional Fitting (IPF)...
Starting Iterative Proportional Fitting (IPF)...
IPF converged at iteration 32
IPF row error: 10.057233, col error: 0.000000
Starting Iterative Proportional Fitting (IPF)...
IPF converged at iteration 31
IPF row error: 13.792451, col error: 0.000000
Starting Iterative Proportional Fitting (IPF)...
IPF converged at iteration 31
IPF converged at iteration 31
IPF row error: 13.383795, col error: 0.000000
IPF row error: 13.792451, col error: 0.000000
Starting Iterative Proportional Fitting (IPF)...
Starting Iterative Proportional Fitting (IPF)...
IPF converged at iteration 31
IPF row error: 13.792451, col error: 0.000000
IPF converged at iteration 26
IPF row error: 17.301939, col error: 0.000000
Starting Iterative Proportional Fitting (IPF)...
Starting Iterative Proportional Fitting (IPF)...
IPF converged at iteration 31
IPF row error: 13.792451, col error: 0.000000
IPF converged at iteration 31
IPF row error: 13.792451, col error: 0.000000
Starting Iterative Proportional Fitting (IPF)...
Starting Iterative Proportional Fitting (IPF)...
IPF converged at iteration 31
IPF row error: 13.886415, col error: 0.000000
IPF converged at iteration 31
IPF row error: 13.792451, col error: 0.000000
Starting Iterative Proportional Fitting (IPF)...
Starting Iterative Proportional Fitting (IPF)...
IPF converged at iteration 31
IPF row error: 16.165292, col error: 0.000000
Starting Iterative Proportional Fitting (IPF)...
IPF converged at iteration 31
IPF row error: 13.792451, col error: 0.000000
IPF converged at iteration 31
IPF row error: 13.792451, col error: 0.000000
Starting Iterative Proportional Fitting (IPF)...
Starting Iterative Proportional Fitting (IPF)...
IPF converged at iteration 60
IPF row error: 1.286827, col error: 0.000000
IPF converged at iteration 28
IPF row error: 20.776478, col error: 0.000000
Starting Iterative Proportional Fitting (IPF)...
Starting Iterative Proportional Fitting (IPF)...
IPF converged at iteration 31
IPF row error: 13.792451, col error: 0.000000
IPF converged at iteration 31
IPF row error: 13.792451, col error: 0.000000
Starting Iterative Proportional Fitting (IPF)...
Starting Iterative Proportional Fitting (IPF)...
IPF converged at iteration 30
IPF row error: 13.055129, col error: 0.000000
Starting Iterative Proportional Fitting (IPF)...
IPF converged at iteration 32
IPF row error: 12.725718, col error: 0.000000
Starting Iterative Proportional Fitting (IPF)...
IPF converged at iteration 29
IPF row error: 11.309216, col error: 0.000000
  [2019/test] 진행 480/1750 (27.4%) | 누적 CPC 0.2765 | RMSE 334.7698 | %RMSE 33.7392 | 경과 5.1분 | 예상 남음 13.5분
IPF converged at iteration 31
IPF row error: 13.792451, col error: 0.000000
Starting Iterative Proportional Fitting (IPF)...
Starting Iterative Proportional Fitting (IPF)...
IPF converged at iteration 31
IPF row error: 13.792451, col error: 0.000000
Starting Iterative Proportional Fitting (IPF)...
IPF converged at iteration 31
IPF row error: 13.792451, col error: 0.000000
Starting Iterative Proportional Fitting (IPF)...
IPF converged at iteration 28
IPF row error: 17.503674, col error: 0.000000
Starting Iterative Proportional Fitting (IPF)...
IPF converged at iteration 31
IPF row error: 14.209510, col error: 0.000000
Starting Iterative Proportional Fitting (IPF)...
IPF converged at iteration 31
IPF row error: 13.792451, col error: 0.000000
Starting Iterative Proportional Fitting (IPF)...
IPF converged at iteration 31
IPF row error: 13.792451, col error: 0.000000
Starting Iterative Proportional Fitting (IPF)...
IPF converged at iteration 31
IPF converged at iteration 61
IPF row error: 13.792451, col error: 0.000000
IPF row error: 1.428836, col error: 0.000000
Starting Iterative Proportional Fitting (IPF)...
Starting Iterative Proportional Fitting (IPF)...
IPF converged at iteration 31
IPF row error: 13.792451, col error: 0.000000
Starting Iterative Proportional Fitting (IPF)...
IPF converged at iteration 31
IPF row error: 13.792451, col error: 0.000000
Starting Iterative Proportional Fitting (IPF)...
IPF converged at iteration 31
IPF row error: 13.792451, col error: 0.000000
IPF converged at iteration 33
IPF row error: 8.788755, col error: 0.000000
Starting Iterative Proportional Fitting (IPF)...
Starting Iterative Proportional Fitting (IPF)...
IPF converged at iteration 31
IPF row error: 13.792451, col error: 0.000000
Starting Iterative Proportional Fitting (IPF)...
IPF converged at iteration 31
IPF row error: 13.792451, col error: 0.000000
Starting Iterative Proportional Fitting (IPF)...
IPF converged at iteration 31
IPF row error: 13.792451, col error: 0.000000
IPF converged at iteration 31
IPF row error: 13.792451, col error: 0.000000
Starting Iterative Proportional Fitting (IPF)...
Starting Iterative Proportional Fitting (IPF)...
IPF converged at iteration 31
IPF row error: 13.792451, col error: 0.000000
Starting Iterative Proportional Fitting (IPF)...
IPF converged at iteration 31
IPF row error: 13.792451, col error: 0.000000
Starting Iterative Proportional Fitting (IPF)...
IPF converged at iteration 31
IPF row error: 13.792451, col error: 0.000000
IPF converged at iteration 31
IPF row error: 13.826513, col error: 0.000000
Starting Iterative Proportional Fitting (IPF)...
Starting Iterative Proportional Fitting (IPF)...
IPF converged at iteration 31
IPF row error: 13.826513, col error: 0.000000
Starting Iterative Proportional Fitting (IPF)...
IPF converged at iteration 31
IPF row error: 13.826513, col error: 0.000000
Starting Iterative Proportional Fitting (IPF)...
IPF converged at iteration 30
IPF row error: 14.551710, col error: 0.000000
IPF converged at iteration 31
IPF row error: 13.826513, col error: 0.000000
Starting Iterative Proportional Fitting (IPF)...
Starting Iterative Proportional Fitting (IPF)...
IPF converged at iteration 36
IPF row error: 4.308644, col error: 0.000000
Starting Iterative Proportional Fitting (IPF)...
IPF converged at iteration 31
IPF row error: 13.826513, col error: 0.000000
Starting Iterative Proportional Fitting (IPF)...
IPF converged at iteration 31
IPF row error: 13.826513, col error: 0.000000
IPF converged at iteration 31
IPF row error: 13.826513, col error: 0.000000
Starting Iterative Proportional Fitting (IPF)...
Starting Iterative Proportional Fitting (IPF)...
IPF converged at iteration 31
IPF row error: 13.826513, col error: 0.000000
  [2019/test] 진행 510/1750 (29.1%) | 누적 CPC 0.2777 | RMSE 327.9108 | %RMSE 32.6619 | 경과 5.6분 | 예상 남음 13.5분
Starting Iterative Proportional Fitting (IPF)...
IPF converged at iteration 32
IPF row error: 10.372987, col error: 0.000000
IPF converged at iteration 24
IPF row error: 25.524526, col error: 0.000000
IPF converged at iteration 28
Starting Iterative Proportional Fitting (IPF)...
IPF row error: 16.862903, col error: 0.000000
Starting Iterative Proportional Fitting (IPF)...
Starting Iterative Proportional Fitting (IPF)...
IPF converged at iteration 31
IPF row error: 10.927632, col error: 0.000000
Starting Iterative Proportional Fitting (IPF)...
IPF converged at iteration 31
IPF row error: 13.826513, col error: 0.000000
IPF converged at iteration 30
IPF row error: 16.861440, col error: 0.000000
IPF converged at iteration 30
IPF row error: 10.935690, col error: 0.000000
Starting Iterative Proportional Fitting (IPF)...
Starting Iterative Proportional Fitting (IPF)...
Starting Iterative Proportional Fitting (IPF)...
IPF converged at iteration 24
IPF row error: 39.889741, col error: 0.000000
Starting Iterative Proportional Fitting (IPF)...
IPF converged at iteration 28
IPF row error: 14.172073, col error: 0.000000
Starting Iterative Proportional Fitting (IPF)...
IPF converged at iteration 31
IPF row error: 11.817544, col error: 0.000000
IPF converged at iteration 31
IPF row error: 13.826513, col error: 0.000000
Starting Iterative Proportional Fitting (IPF)...
IPF converged at iteration 28
Starting Iterative Proportional Fitting (IPF)...
IPF row error: 16.096908, col error: 0.000000
Starting Iterative Proportional Fitting (IPF)...
IPF converged at iteration 25
IPF row error: 25.010135, col error: 0.000000
Starting Iterative Proportional Fitting (IPF)...
IPF converged at iteration 28
IPF row error: 16.109953, col error: 0.000000
Starting Iterative Proportional Fitting (IPF)...
IPF converged at iteration 33
IPF row error: 7.732783, col error: 0.000000
IPF converged at iteration 32
IPF row error: 10.778301, col error: 0.000000
Starting Iterative Proportional Fitting (IPF)...
Starting Iterative Proportional Fitting (IPF)...
IPF converged at iteration 31
IPF row error: 12.582603, col error: 0.000000
Starting Iterative Proportional Fitting (IPF)...
IPF converged at iteration 29
IPF row error: 14.046500, col error: 0.000000
Starting Iterative Proportional Fitting (IPF)...
IPF converged at iteration 31
IPF row error: 13.826513, col error: 0.000000
Starting Iterative Proportional Fitting (IPF)...
IPF converged at iteration 30
IPF row error: 10.293062, col error: 0.000000
Starting Iterative Proportional Fitting (IPF)...
IPF converged at iteration 29
IPF row error: 11.301341, col error: 0.000000
Starting Iterative Proportional Fitting (IPF)...
IPF converged at iteration 32
IPF converged at iteration 66
IPF row error: 10.541262, col error: 0.000000
IPF row error: 1.423783, col error: 0.000000
Starting Iterative Proportional Fitting (IPF)...
Starting Iterative Proportional Fitting (IPF)...
IPF converged at iteration 29
IPF row error: 17.833155, col error: 0.000000
Starting Iterative Proportional Fitting (IPF)...
IPF converged at iteration 32
IPF converged at iteration 44
IPF row error: 10.902336, col error: 0.000000
IPF row error: 1.356778, col error: 0.000000
Starting Iterative Proportional Fitting (IPF)...
Starting Iterative Proportional Fitting (IPF)...
IPF converged at iteration 27
IPF row error: 15.275788, col error: 0.000000
Starting Iterative Proportional Fitting (IPF)...
IPF converged at iteration 48
IPF row error: 1.252179, col error: 0.000000
Starting Iterative Proportional Fitting (IPF)...
IPF converged at iteration 31
IPF row error: 13.826513, col error: 0.000000
IPF converged at iteration 31
IPF row error: 13.826513, col error: 0.000000
  [2019/test] 진행 540/1750 (30.9%) | 누적 CPC 0.2764 | RMSE 313.9591 | %RMSE 31.8176 | 경과 6.0분 | 예상 남음 13.5분
Starting Iterative Proportional Fitting (IPF)...
Starting Iterative Proportional Fitting (IPF)...
IPF converged at iteration 31
IPF row error: 13.826513, col error: 0.000000
IPF converged at iteration 29
IPF row error: 10.987899, col error: 0.000000
Starting Iterative Proportional Fitting (IPF)...
Starting Iterative Proportional Fitting (IPF)...
IPF converged at iteration 31
IPF row error: 13.826513, col error: 0.000000
Starting Iterative Proportional Fitting (IPF)...
IPF converged at iteration 31
IPF row error: 13.826513, col error: 0.000000
IPF converged at iteration 31
IPF row error: 13.826513, col error: 0.000000
Starting Iterative Proportional Fitting (IPF)...
Starting Iterative Proportional Fitting (IPF)...
IPF converged at iteration 31
IPF row error: 13.826513, col error: 0.000000
IPF converged at iteration 70
IPF row error: 1.360826, col error: 0.000000
Starting Iterative Proportional Fitting (IPF)...
Starting Iterative Proportional Fitting (IPF)...
IPF converged at iteration 27
IPF row error: 18.934978, col error: 0.000000
Starting Iterative Proportional Fitting (IPF)...
IPF converged at iteration 31
IPF row error: 13.826513, col error: 0.000000
Starting Iterative Proportional Fitting (IPF)...
IPF converged at iteration 26
IPF row error: 16.062959, col error: 0.000000
IPF converged at iteration 31
Starting Iterative Proportional Fitting (IPF)...
IPF row error: 13.826513, col error: 0.000000
Starting Iterative Proportional Fitting (IPF)...
IPF converged at iteration 31
IPF row error: 13.843326, col error: 0.000000
IPF converged at iteration 29
Starting Iterative Proportional Fitting (IPF)...
IPF row error: 16.719018, col error: 0.000000
Starting Iterative Proportional Fitting (IPF)...
IPF converged at iteration 31
IPF row error: 13.843326, col error: 0.000000
Starting Iterative Proportional Fitting (IPF)...
IPF converged at iteration 31
IPF row error: 13.843326, col error: 0.000000
Starting Iterative Proportional Fitting (IPF)...
IPF converged at iteration 31
IPF row error: 13.843326, col error: 0.000000
Starting Iterative Proportional Fitting (IPF)...
IPF converged at iteration 31
IPF row error: 13.843326, col error: 0.000000
Starting Iterative Proportional Fitting (IPF)...
IPF converged at iteration 31
IPF row error: 13.843326, col error: 0.000000
Starting Iterative Proportional Fitting (IPF)...
IPF converged at iteration 30
IPF row error: 17.452514, col error: 0.000000
Starting Iterative Proportional Fitting (IPF)...
IPF converged at iteration 31
IPF row error: 13.843326, col error: 0.000000
Starting Iterative Proportional Fitting (IPF)...
IPF converged at iteration 43
IPF row error: 1.316109, col error: 0.000000
Starting Iterative Proportional Fitting (IPF)...
IPF converged at iteration 31
IPF row error: 13.843326, col error: 0.000000
Starting Iterative Proportional Fitting (IPF)...
IPF converged at iteration 31
IPF row error: 13.843326, col error: 0.000000
Starting Iterative Proportional Fitting (IPF)...
IPF converged at iteration 31
IPF row error: 13.843326, col error: 0.000000
Starting Iterative Proportional Fitting (IPF)...
IPF converged at iteration 31
IPF row error: 13.843326, col error: 0.000000
Starting Iterative Proportional Fitting (IPF)...
IPF converged at iteration 31
IPF row error: 12.617921, col error: 0.000000
IPF converged at iteration 58
IPF row error: 1.407612, col error: 0.000000
Starting Iterative Proportional Fitting (IPF)...
Starting Iterative Proportional Fitting (IPF)...
IPF converged at iteration 26
IPF row error: 23.373043, col error: 0.000000
Starting Iterative Proportional Fitting (IPF)...
IPF converged at iteration 32
IPF row error: 12.021845, col error: 0.000000
Starting Iterative Proportional Fitting (IPF)...
IPF converged at iteration 30
IPF row error: 16.624116, col error: 0.000000
  [2019/test] 진행 570/1750 (32.6%) | 누적 CPC 0.2724 | RMSE 311.9202 | %RMSE 33.0876 | 경과 6.5분 | 예상 남음 13.5분
IPF converged at iteration 36
IPF row error: 3.897675, col error: 0.000000
Starting Iterative Proportional Fitting (IPF)...
Starting Iterative Proportional Fitting (IPF)...
IPF converged at iteration 29
IPF row error: 13.003493, col error: 0.000000
Starting Iterative Proportional Fitting (IPF)...
IPF converged at iteration 30
IPF row error: 11.354923, col error: 0.000000
IPF converged at iteration 31
Starting Iterative Proportional Fitting (IPF)...
IPF row error: 13.843326, col error: 0.000000
Starting Iterative Proportional Fitting (IPF)...
IPF converged at iteration 31
IPF row error: 8.955747, col error: 0.000000
Starting Iterative Proportional Fitting (IPF)...
IPF converged at iteration 57
IPF row error: 5.330401, col error: 0.000000
Starting Iterative Proportional Fitting (IPF)...
IPF converged at iteration 31
IPF row error: 13.843326, col error: 0.000000
Starting Iterative Proportional Fitting (IPF)...
IPF converged at iteration 31
IPF row error: 13.843326, col error: 0.000000
Starting Iterative Proportional Fitting (IPF)...
IPF converged at iteration 31
IPF row error: 13.843326, col error: 0.000000
Starting Iterative Proportional Fitting (IPF)...
IPF converged at iteration 31
IPF row error: 13.843326, col error: 0.000000
Starting Iterative Proportional Fitting (IPF)...
IPF converged at iteration 31
IPF row error: 13.843326, col error: 0.000000
IPF converged at iteration 30
IPF row error: 18.314282, col error: 0.000000
Starting Iterative Proportional Fitting (IPF)...
Starting Iterative Proportional Fitting (IPF)...
IPF converged at iteration 27
IPF row error: 16.258295, col error: 0.000000
Starting Iterative Proportional Fitting (IPF)...
IPF converged at iteration 31
IPF row error: 13.843326, col error: 0.000000
Starting Iterative Proportional Fitting (IPF)...
IPF converged at iteration 29
IPF row error: 21.851252, col error: 0.000000
Starting Iterative Proportional Fitting (IPF)...
IPF converged at iteration 31
IPF row error: 13.843326, col error: 0.000000
Starting Iterative Proportional Fitting (IPF)...
IPF converged at iteration 31
IPF row error: 13.843326, col error: 0.000000
Starting Iterative Proportional Fitting (IPF)...
IPF converged at iteration 28
IPF row error: 24.194958, col error: 0.000000
Starting Iterative Proportional Fitting (IPF)...
IPF converged at iteration 31
IPF row error: 13.843326, col error: 0.000000
Starting Iterative Proportional Fitting (IPF)...
IPF converged at iteration 31
IPF row error: 13.843326, col error: 0.000000
Starting Iterative Proportional Fitting (IPF)...
IPF converged at iteration 31
IPF row error: 13.843326, col error: 0.000000
Starting Iterative Proportional Fitting (IPF)...
IPF converged at iteration 29
IPF row error: 17.269878, col error: 0.000000
Starting Iterative Proportional Fitting (IPF)...
IPF converged at iteration 32
IPF row error: 11.063611, col error: 0.000000
IPF converged at iteration 28
IPF row error: 10.093264, col error: 0.000000
Starting Iterative Proportional Fitting (IPF)...
Starting Iterative Proportional Fitting (IPF)...
IPF converged at iteration 31
IPF row error: 13.843326, col error: 0.000000
Starting Iterative Proportional Fitting (IPF)...
IPF converged at iteration 29
IPF row error: 11.415465, col error: 0.000000
Starting Iterative Proportional Fitting (IPF)...
IPF converged at iteration 28
IPF row error: 16.739466, col error: 0.000000
IPF converged at iteration 31
IPF row error: 13.843326, col error: 0.000000
Starting Iterative Proportional Fitting (IPF)...
Starting Iterative Proportional Fitting (IPF)...
IPF converged at iteration 30
IPF row error: 12.313502, col error: 0.000000
Starting Iterative Proportional Fitting (IPF)...
IPF converged at iteration 30
IPF row error: 14.074871, col error: 0.000000
  [2019/test] 진행 600/1750 (34.3%) | 누적 CPC 0.2672 | RMSE 315.2843 | %RMSE 35.2386 | 경과 7.0분 | 예상 남음 13.4분
Starting Iterative Proportional Fitting (IPF)...
IPF converged at iteration 30
IPF row error: 15.054950, col error: 0.000000
IPF converged at iteration 30
IPF row error: 12.725803, col error: 0.000000
Starting Iterative Proportional Fitting (IPF)...
Starting Iterative Proportional Fitting (IPF)...
IPF converged at iteration 31
IPF row error: 13.826045, col error: 0.000000
Starting Iterative Proportional Fitting (IPF)...
IPF converged at iteration 31
IPF converged at iteration 54
IPF row error: 13.826045, col error: 0.000000
IPF row error: 1.436108, col error: 0.000000
IPF converged at iteration 36
IPF row error: 3.722032, col error: 0.000000
Starting Iterative Proportional Fitting (IPF)...
Starting Iterative Proportional Fitting (IPF)...
Starting Iterative Proportional Fitting (IPF)...
IPF converged at iteration 31
IPF row error: 13.248825, col error: 0.000000
Starting Iterative Proportional Fitting (IPF)...
IPF converged at iteration 27
IPF row error: 18.993352, col error: 0.000000
IPF converged at iteration 31
Starting Iterative Proportional Fitting (IPF)...
IPF row error: 13.826045, col error: 0.000000
IPF converged at iteration 31
IPF row error: 13.826045, col error: 0.000000
Starting Iterative Proportional Fitting (IPF)...
IPF converged at iteration 28
IPF row error: 15.547557, col error: 0.000000
Starting Iterative Proportional Fitting (IPF)...
Starting Iterative Proportional Fitting (IPF)...
IPF converged at iteration 31
IPF row error: 13.826045, col error: 0.000000
IPF converged at iteration 29
IPF converged at iteration 35
IPF row error: 22.649196, col error: 0.000000
IPF row error: 6.716052, col error: 0.000000
IPF converged at iteration 28
IPF row error: 13.423966, col error: 0.000000
Starting Iterative Proportional Fitting (IPF)...
Starting Iterative Proportional Fitting (IPF)...
Starting Iterative Proportional Fitting (IPF)...
Starting Iterative Proportional Fitting (IPF)...
IPF converged at iteration 31
IPF converged at iteration 29
IPF row error: 13.826045, col error: 0.000000
IPF row error: 16.535945, col error: 0.000000
IPF converged at iteration 31
IPF converged at iteration 31
IPF row error: 13.826045, col error: 0.000000
IPF row error: 13.826045, col error: 0.000000
Starting Iterative Proportional Fitting (IPF)...
Starting Iterative Proportional Fitting (IPF)...
Starting Iterative Proportional Fitting (IPF)...
Starting Iterative Proportional Fitting (IPF)...
IPF converged at iteration 28
IPF converged at iteration 31
IPF row error: 24.888010, col error: 0.000000
IPF row error: 13.826045, col error: 0.000000
IPF converged at iteration 31
IPF converged at iteration 31
IPF row error: 13.550161, col error: 0.000000
IPF row error: 13.826045, col error: 0.000000
Starting Iterative Proportional Fitting (IPF)...
Starting Iterative Proportional Fitting (IPF)...
Starting Iterative Proportional Fitting (IPF)...
Starting Iterative Proportional Fitting (IPF)...
IPF converged at iteration 29
IPF row error: 14.170061, col error: 0.000000
IPF converged at iteration 32
IPF converged at iteration 31
IPF converged at iteration 31
IPF row error: 12.397076, col error: 0.000000
IPF row error: 13.826045, col error: 0.000000
IPF row error: 13.826045, col error: 0.000000
Starting Iterative Proportional Fitting (IPF)...
Starting Iterative Proportional Fitting (IPF)...
Starting Iterative Proportional Fitting (IPF)...
Starting Iterative Proportional Fitting (IPF)...
IPF converged at iteration 31
IPF row error: 13.826045, col error: 0.000000
IPF converged at iteration 31
IPF row error: 13.826045, col error: 0.000000
IPF converged at iteration 31
IPF converged at iteration 31
Starting Iterative Proportional Fitting (IPF)...
IPF row error: 12.782693, col error: 0.000000
IPF row error: 13.826045, col error: 0.000000
  [2019/test] 진행 630/1750 (36.0%) | 누적 CPC 0.2656 | RMSE 315.7062 | %RMSE 35.7049 | 경과 7.5분 | 예상 남음 13.3분
Starting Iterative Proportional Fitting (IPF)...
Starting Iterative Proportional Fitting (IPF)...
Starting Iterative Proportional Fitting (IPF)...
IPF converged at iteration 31
IPF row error: 13.826045, col error: 0.000000
IPF converged at iteration 31
IPF row error: 13.826045, col error: 0.000000
IPF converged at iteration 31
IPF converged at iteration 31
IPF row error: 13.826045, col error: 0.000000
Starting Iterative Proportional Fitting (IPF)...
IPF row error: 13.826045, col error: 0.000000
Starting Iterative Proportional Fitting (IPF)...
Starting Iterative Proportional Fitting (IPF)...
Starting Iterative Proportional Fitting (IPF)...
IPF converged at iteration 31
IPF row error: 13.826045, col error: 0.000000
IPF converged at iteration 32
IPF converged at iteration 31
Starting Iterative Proportional Fitting (IPF)...
IPF row error: 6.723911, col error: 0.000000
IPF row error: 13.004452, col error: 0.000000
IPF converged at iteration 32
IPF row error: 11.876184, col error: 0.000000
Starting Iterative Proportional Fitting (IPF)...
Starting Iterative Proportional Fitting (IPF)...
Starting Iterative Proportional Fitting (IPF)...
IPF converged at iteration 31
IPF row error: 13.826045, col error: 0.000000
IPF converged at iteration 31
Starting Iterative Proportional Fitting (IPF)...
IPF row error: 13.826045, col error: 0.000000
IPF converged at iteration 31
IPF row error: 13.826045, col error: 0.000000
IPF converged at iteration 31
IPF row error: 13.826045, col error: 0.000000
Starting Iterative Proportional Fitting (IPF)...
Starting Iterative Proportional Fitting (IPF)...
Starting Iterative Proportional Fitting (IPF)...
IPF converged at iteration 29
IPF converged at iteration 29IPF row error: 33.429988, col error: 0.000000

IPF row error: 10.798994, col error: 0.000000
IPF converged at iteration 32
IPF row error: 7.963359, col error: 0.000000
Starting Iterative Proportional Fitting (IPF)...
Starting Iterative Proportional Fitting (IPF)...
Starting Iterative Proportional Fitting (IPF)...
IPF converged at iteration 50
IPF row error: 1.278680, col error: 0.000000
Starting Iterative Proportional Fitting (IPF)...
IPF converged at iteration 29
IPF row error: 14.558669, col error: 0.000000
IPF converged at iteration 31
Starting Iterative Proportional Fitting (IPF)...
IPF row error: 13.826045, col error: 0.000000
Starting Iterative Proportional Fitting (IPF)...
IPF converged at iteration 30
IPF row error: 13.385350, col error: 0.000000
Starting Iterative Proportional Fitting (IPF)...
IPF converged at iteration 56
IPF row error: 1.276201, col error: 0.000000
Starting Iterative Proportional Fitting (IPF)...
IPF converged at iteration 31
IPF row error: 13.615534, col error: 0.000000
Starting Iterative Proportional Fitting (IPF)...
IPF converged at iteration 44
IPF row error: 1.220594, col error: 0.000000
IPF converged at iteration 31
IPF row error: 13.657801, col error: 0.000000
Starting Iterative Proportional Fitting (IPF)...
Starting Iterative Proportional Fitting (IPF)...
IPF converged at iteration 31
IPF row error: 13.615534, col error: 0.000000
Starting Iterative Proportional Fitting (IPF)...
IPF converged at iteration 31
IPF row error: 13.615534, col error: 0.000000
Starting Iterative Proportional Fitting (IPF)...
IPF converged at iteration 31
IPF row error: 13.615534, col error: 0.000000
IPF converged at iteration 31
IPF row error: 10.335768, col error: 0.000000
Starting Iterative Proportional Fitting (IPF)...
Starting Iterative Proportional Fitting (IPF)...
IPF converged at iteration 31
IPF row error: 13.615534, col error: 0.000000
Starting Iterative Proportional Fitting (IPF)...
IPF converged at iteration 31
IPF row error: 13.615534, col error: 0.000000
  [2019/test] 진행 660/1750 (37.7%) | 누적 CPC 0.2661 | RMSE 318.5689 | %RMSE 35.9199 | 경과 8.0분 | 예상 남음 13.1분
Starting Iterative Proportional Fitting (IPF)...
IPF converged at iteration 31
IPF row error: 13.615534, col error: 0.000000
IPF converged at iteration 31
IPF row error: 13.615534, col error: 0.000000
Starting Iterative Proportional Fitting (IPF)...
Starting Iterative Proportional Fitting (IPF)...
IPF converged at iteration 43
IPF row error: 1.224211, col error: 0.000000
IPF converged at iteration 31
IPF row error: 12.620754, col error: 0.000000
Starting Iterative Proportional Fitting (IPF)...
Starting Iterative Proportional Fitting (IPF)...
IPF converged at iteration 31
IPF row error: 13.615534, col error: 0.000000
IPF converged at iteration 31
IPF row error: 13.615534, col error: 0.000000
Starting Iterative Proportional Fitting (IPF)...
Starting Iterative Proportional Fitting (IPF)...
IPF converged at iteration 31
IPF row error: 13.615534, col error: 0.000000
IPF converged at iteration 31
IPF row error: 13.615534, col error: 0.000000
Starting Iterative Proportional Fitting (IPF)...
Starting Iterative Proportional Fitting (IPF)...
IPF converged at iteration 31
IPF row error: 13.615534, col error: 0.000000
IPF converged at iteration 31
IPF row error: 13.615534, col error: 0.000000
Starting Iterative Proportional Fitting (IPF)...
Starting Iterative Proportional Fitting (IPF)...
IPF converged at iteration 25
IPF row error: 30.043518, col error: 0.000000
Starting Iterative Proportional Fitting (IPF)...
IPF converged at iteration 32
IPF row error: 21.794748, col error: 0.000000
Starting Iterative Proportional Fitting (IPF)...
IPF converged at iteration 31
IPF row error: 13.615534, col error: 0.000000
Starting Iterative Proportional Fitting (IPF)...
IPF converged at iteration 47
IPF row error: 1.451940, col error: 0.000000
IPF converged at iteration 31
IPF row error: 13.593562, col error: 0.000000
Starting Iterative Proportional Fitting (IPF)...
Starting Iterative Proportional Fitting (IPF)...
IPF converged at iteration 31
IPF row error: 13.615534, col error: 0.000000
Starting Iterative Proportional Fitting (IPF)...
IPF converged at iteration 31
IPF row error: 13.615534, col error: 0.000000
Starting Iterative Proportional Fitting (IPF)...
IPF converged at iteration 29
IPF row error: 15.260117, col error: 0.000000
Starting Iterative Proportional Fitting (IPF)...
IPF converged at iteration 33
IPF row error: 8.072915, col error: 0.000000
Starting Iterative Proportional Fitting (IPF)...
IPF converged at iteration 27
IPF row error: 18.782845, col error: 0.000000
Starting Iterative Proportional Fitting (IPF)...
IPF converged at iteration 30
IPF row error: 16.312112, col error: 0.000000
Starting Iterative Proportional Fitting (IPF)...
IPF converged at iteration 29
IPF row error: 13.064222, col error: 0.000000
Starting Iterative Proportional Fitting (IPF)...
IPF converged at iteration 29
IPF row error: 15.974800, col error: 0.000000
Starting Iterative Proportional Fitting (IPF)...
IPF converged at iteration 31
IPF row error: 13.615534, col error: 0.000000
Starting Iterative Proportional Fitting (IPF)...
IPF converged at iteration 60
IPF row error: 1.404973, col error: 0.000000
Starting Iterative Proportional Fitting (IPF)...
IPF converged at iteration 28
IPF row error: 21.732983, col error: 0.000000
Starting Iterative Proportional Fitting (IPF)...
IPF converged at iteration 46
IPF row error: 1.421565, col error: 0.000000
Starting Iterative Proportional Fitting (IPF)...
IPF converged at iteration 31
IPF row error: 13.615534, col error: 0.000000
Starting Iterative Proportional Fitting (IPF)...
IPF converged at iteration 32
IPF row error: 11.159695, col error: 0.000000
IPF converged at iteration 31
Starting Iterative Proportional Fitting (IPF)...
IPF row error: 13.615534, col error: 0.000000
  [2019/test] 진행 690/1750 (39.4%) | 누적 CPC 0.2706 | RMSE 328.4490 | %RMSE 35.8742 | 경과 8.4분 | 예상 남음 13.0분
Starting Iterative Proportional Fitting (IPF)...
IPF converged at iteration 28
IPF row error: 22.065839, col error: 0.000000
Starting Iterative Proportional Fitting (IPF)...
IPF converged at iteration 31
IPF row error: 13.615534, col error: 0.000000
Starting Iterative Proportional Fitting (IPF)...
IPF converged at iteration 26
IPF row error: 29.251013, col error: 0.000000
Starting Iterative Proportional Fitting (IPF)...
IPF converged at iteration 31
IPF row error: 11.627488, col error: 0.000000
Starting Iterative Proportional Fitting (IPF)...
IPF converged at iteration 31
IPF row error: 13.615534, col error: 0.000000
Starting Iterative Proportional Fitting (IPF)...
IPF converged at iteration 31
IPF row error: 13.615534, col error: 0.000000
Starting Iterative Proportional Fitting (IPF)...
IPF converged at iteration 28
IPF row error: 18.253032, col error: 0.000000
IPF converged at iteration 39
IPF row error: 1.931323, col error: 0.000000
Starting Iterative Proportional Fitting (IPF)...
Starting Iterative Proportional Fitting (IPF)...
IPF converged at iteration 33
IPF row error: 8.489595, col error: 0.000000
Starting Iterative Proportional Fitting (IPF)...
IPF converged at iteration 31
IPF row error: 13.615534, col error: 0.000000
Starting Iterative Proportional Fitting (IPF)...
IPF converged at iteration 37
IPF row error: 2.976128, col error: 0.000000
Starting Iterative Proportional Fitting (IPF)...
IPF converged at iteration 49
IPF row error: 1.255709, col error: 0.000000
Starting Iterative Proportional Fitting (IPF)...
IPF converged at iteration 49
IPF row error: 1.251576, col error: 0.000000
Starting Iterative Proportional Fitting (IPF)...
IPF converged at iteration 49
IPF row error: 1.254692, col error: 0.000000
Starting Iterative Proportional Fitting (IPF)...
IPF converged at iteration 29
IPF row error: 14.662708, col error: 0.000000
Starting Iterative Proportional Fitting (IPF)...
IPF converged at iteration 62
IPF row error: 1.394560, col error: 0.000000
IPF converged at iteration 49
IPF row error: 1.251358, col error: 0.000000
Starting Iterative Proportional Fitting (IPF)...
Starting Iterative Proportional Fitting (IPF)...
IPF converged at iteration 31
IPF row error: 13.135162, col error: 0.000000
Starting Iterative Proportional Fitting (IPF)...
IPF converged at iteration 62
IPF row error: 1.383710, col error: 0.000000
Starting Iterative Proportional Fitting (IPF)...
IPF converged at iteration 28
IPF row error: 14.969121, col error: 0.000000
Starting Iterative Proportional Fitting (IPF)...
IPF converged at iteration 55
IPF row error: 1.457189, col error: 0.000000
Starting Iterative Proportional Fitting (IPF)...
IPF converged at iteration 39
IPF row error: 2.291012, col error: 0.000000
Starting Iterative Proportional Fitting (IPF)...
IPF converged at iteration 49
IPF row error: 1.255709, col error: 0.000000
Starting Iterative Proportional Fitting (IPF)...
IPF converged at iteration 62
IPF row error: 1.383710, col error: 0.000000
Starting Iterative Proportional Fitting (IPF)...
IPF converged at iteration 29
IPF row error: 15.744309, col error: 0.000000
Starting Iterative Proportional Fitting (IPF)...
IPF converged at iteration 35
IPF row error: 5.202277, col error: 0.000000
Starting Iterative Proportional Fitting (IPF)...
IPF converged at iteration 55
IPF row error: 1.448594, col error: 0.000000
Starting Iterative Proportional Fitting (IPF)...
IPF converged at iteration 49
IPF row error: 1.255709, col error: 0.000000
Starting Iterative Proportional Fitting (IPF)...
IPF converged at iteration 62
IPF row error: 1.395887, col error: 0.000000
Starting Iterative Proportional Fitting (IPF)...
IPF converged at iteration 62
IPF row error: 1.381906, col error: 0.000000
  [2019/test] 진행 720/1750 (41.1%) | 누적 CPC 0.2686 | RMSE 337.9733 | %RMSE 35.6534 | 경과 9.1분 | 예상 남음 13.0분
IPF converged at iteration 48
IPF row error: 1.468377, col error: 0.000000
Starting Iterative Proportional Fitting (IPF)...
Starting Iterative Proportional Fitting (IPF)...
IPF converged at iteration 49
IPF row error: 1.243009, col error: 0.000000
Starting Iterative Proportional Fitting (IPF)...
IPF converged at iteration 49
IPF row error: 1.243938, col error: 0.000000
Starting Iterative Proportional Fitting (IPF)...
IPF converged at iteration 49
IPF row error: 1.234043, col error: 0.000000
IPF converged at iteration 49
Starting Iterative Proportional Fitting (IPF)...
IPF row error: 1.253113, col error: 0.000000
Starting Iterative Proportional Fitting (IPF)...
IPF converged at iteration 49
IPF row error: 1.243343, col error: 0.000000
Starting Iterative Proportional Fitting (IPF)...
IPF converged at iteration 62
IPF row error: 1.395623, col error: 0.000000
IPF converged at iteration 31
Starting Iterative Proportional Fitting (IPF)...
IPF row error: 12.320901, col error: 0.000000
Starting Iterative Proportional Fitting (IPF)...
IPF converged at iteration 29
IPF row error: 12.109711, col error: 0.000000
Starting Iterative Proportional Fitting (IPF)...
IPF converged at iteration 62
IPF row error: 1.394560, col error: 0.000000
Starting Iterative Proportional Fitting (IPF)...
IPF converged at iteration 36
IPF row error: 3.974545, col error: 0.000000
Starting Iterative Proportional Fitting (IPF)...
IPF converged at iteration 36
IPF row error: 4.058183, col error: 0.000000
IPF converged at iteration 27
IPF row error: 16.104695, col error: 0.000000
Starting Iterative Proportional Fitting (IPF)...
Starting Iterative Proportional Fitting (IPF)...
IPF converged at iteration 29
IPF row error: 9.216226, col error: 0.000000
Starting Iterative Proportional Fitting (IPF)...
IPF converged at iteration 28
IPF row error: 14.276877, col error: 0.000000
Starting Iterative Proportional Fitting (IPF)...
IPF converged at iteration 28
IPF row error: 10.460434, col error: 0.000000
Starting Iterative Proportional Fitting (IPF)...
IPF converged at iteration 30
IPF row error: 19.785743, col error: 0.000000
Starting Iterative Proportional Fitting (IPF)...
IPF converged at iteration 30
IPF row error: 13.436200, col error: 0.000000
IPF converged at iteration 49
IPF row error: 1.251576, col error: 0.000000
Starting Iterative Proportional Fitting (IPF)...
Starting Iterative Proportional Fitting (IPF)...
IPF converged at iteration 49
IPF row error: 1.253995, col error: 0.000000
IPF converged at iteration 46
IPF row error: 1.289492, col error: 0.000000
Starting Iterative Proportional Fitting (IPF)...
Starting Iterative Proportional Fitting (IPF)...
IPF converged at iteration 29
IPF row error: 16.446912, col error: 0.000000
IPF converged at iteration 30
Starting Iterative Proportional Fitting (IPF)...
IPF row error: 10.872925, col error: 0.000000
Starting Iterative Proportional Fitting (IPF)...
IPF converged at iteration 30
IPF row error: 13.803698, col error: 0.000000
Starting Iterative Proportional Fitting (IPF)...
IPF converged at iteration 35
IPF row error: 6.065997, col error: 0.000000
Starting Iterative Proportional Fitting (IPF)...
IPF converged at iteration 29
IPF row error: 17.872082, col error: 0.000000
Starting Iterative Proportional Fitting (IPF)...
IPF converged at iteration 28
IPF row error: 17.724312, col error: 0.000000
IPF converged at iteration 49
IPF row error: 1.253995, col error: 0.000000
Starting Iterative Proportional Fitting (IPF)...
Starting Iterative Proportional Fitting (IPF)...
IPF converged at iteration 62
IPF row error: 1.395887, col error: 0.000000
Starting Iterative Proportional Fitting (IPF)...
IPF converged at iteration 49
IPF row error: 1.253113, col error: 0.000000
  [2019/test] 진행 750/1750 (42.9%) | 누적 CPC 0.2621 | RMSE 342.6403 | %RMSE 35.0653 | 경과 9.7분 | 예상 남음 12.9분
Starting Iterative Proportional Fitting (IPF)...
IPF converged at iteration 39
IPF row error: 1.918133, col error: 0.000000
Starting Iterative Proportional Fitting (IPF)...
IPF converged at iteration 53
IPF row error: 5.354226, col error: 0.000000
Starting Iterative Proportional Fitting (IPF)...
IPF converged at iteration 62
IPF row error: 1.326288, col error: 0.000000
Starting Iterative Proportional Fitting (IPF)...
IPF converged at iteration 51
IPF row error: 1.438756, col error: 0.000000
Starting Iterative Proportional Fitting (IPF)...
IPF converged at iteration 62
IPF row error: 1.306235, col error: 0.000000
Starting Iterative Proportional Fitting (IPF)...
IPF converged at iteration 51
IPF row error: 1.454055, col error: 0.000000
Starting Iterative Proportional Fitting (IPF)...
IPF converged at iteration 38
IPF row error: 2.569052, col error: 0.000000
Starting Iterative Proportional Fitting (IPF)...
IPF converged at iteration 32
IPF row error: 11.183463, col error: 0.000000
Starting Iterative Proportional Fitting (IPF)...
IPF converged at iteration 59
IPF row error: 1.447841, col error: 0.000000
Starting Iterative Proportional Fitting (IPF)...
IPF converged at iteration 51
IPF row error: 1.442447, col error: 0.000000
Starting Iterative Proportional Fitting (IPF)...
IPF converged at iteration 51
IPF row error: 1.437412, col error: 0.000000
Starting Iterative Proportional Fitting (IPF)...
IPF converged at iteration 59
IPF row error: 1.449062, col error: 0.000000
Starting Iterative Proportional Fitting (IPF)...
IPF converged at iteration 51
IPF row error: 1.439957, col error: 0.000000
Starting Iterative Proportional Fitting (IPF)...
IPF converged at iteration 29
IPF row error: 16.857026, col error: 0.000000
IPF converged at iteration 51
IPF row error: 1.442447, col error: 0.000000
Starting Iterative Proportional Fitting (IPF)...
Starting Iterative Proportional Fitting (IPF)...
IPF converged at iteration 25
IPF row error: 16.206152, col error: 0.000000
Starting Iterative Proportional Fitting (IPF)...
IPF converged at iteration 31
IPF row error: 4.898200, col error: 0.000000
IPF converged at iteration 32
IPF row error: 8.800557, col error: 0.000000
IPF converged at iteration 51
IPF row error: 1.449179, col error: 0.000000
Starting Iterative Proportional Fitting (IPF)...
Starting Iterative Proportional Fitting (IPF)...
Starting Iterative Proportional Fitting (IPF)...
IPF converged at iteration 31
IPF row error: 10.988846, col error: 0.000000
Starting Iterative Proportional Fitting (IPF)...
IPF converged at iteration 51
IPF row error: 1.454055, col error: 0.000000
Starting Iterative Proportional Fitting (IPF)...
IPF converged at iteration 51
IPF row error: 1.439957, col error: 0.000000
Starting Iterative Proportional Fitting (IPF)...
IPF converged at iteration 26
IPF row error: 16.844166, col error: 0.000000
IPF converged at iteration 59
IPF row error: 1.404397, col error: 0.000000
Starting Iterative Proportional Fitting (IPF)...
Starting Iterative Proportional Fitting (IPF)...
IPF converged at iteration 27
IPF row error: 12.552668, col error: 0.000000
Starting Iterative Proportional Fitting (IPF)...
IPF converged at iteration 51
IPF row error: 1.452661, col error: 0.000000
Starting Iterative Proportional Fitting (IPF)...
IPF converged at iteration 32
IPF row error: 10.116013, col error: 0.000000
Starting Iterative Proportional Fitting (IPF)...
IPF converged at iteration 51
IPF row error: 1.452643, col error: 0.000000
Starting Iterative Proportional Fitting (IPF)...
IPF converged at iteration 59
IPF row error: 1.404397, col error: 0.000000
IPF converged at iteration 51
IPF row error: 1.437412, col error: 0.000000
  [2019/test] 진행 780/1750 (44.6%) | 누적 CPC 0.2553 | RMSE 339.2006 | %RMSE 34.3858 | 경과 10.1분 | 예상 남음 12.5분
IPF converged at iteration 51
Starting Iterative Proportional Fitting (IPF)...
IPF row error: 1.456710, col error: 0.000000
Starting Iterative Proportional Fitting (IPF)...
IPF converged at iteration 31
IPF row error: 10.151448, col error: 0.000000
Starting Iterative Proportional Fitting (IPF)...
Starting Iterative Proportional Fitting (IPF)...
IPF converged at iteration 29
IPF row error: 14.380719, col error: 0.000000
Starting Iterative Proportional Fitting (IPF)...
IPF converged at iteration 29
IPF row error: 15.886177, col error: 0.000000
Starting Iterative Proportional Fitting (IPF)...
IPF converged at iteration 51
IPF row error: 1.449179, col error: 0.000000
Starting Iterative Proportional Fitting (IPF)...
IPF converged at iteration 51
IPF row error: 1.425098, col error: 0.000000
Starting Iterative Proportional Fitting (IPF)...
IPF converged at iteration 35
IPF row error: 6.596912, col error: 0.000000
Starting Iterative Proportional Fitting (IPF)...
IPF converged at iteration 51
IPF row error: 1.437919, col error: 0.000000
Starting Iterative Proportional Fitting (IPF)...
IPF converged at iteration 51
IPF row error: 1.432456, col error: 0.000000
Starting Iterative Proportional Fitting (IPF)...
IPF converged at iteration 51
IPF row error: 1.441030, col error: 0.000000
Starting Iterative Proportional Fitting (IPF)...
IPF converged at iteration 51
IPF row error: 1.439296, col error: 0.000000
Starting Iterative Proportional Fitting (IPF)...
IPF converged at iteration 28
IPF row error: 15.355579, col error: 0.000000
Starting Iterative Proportional Fitting (IPF)...
IPF converged at iteration 59
IPF row error: 1.449062, col error: 0.000000
Starting Iterative Proportional Fitting (IPF)...
IPF converged at iteration 51
IPF row error: 1.439240, col error: 0.000000
Starting Iterative Proportional Fitting (IPF)...
IPF converged at iteration 51
IPF row error: 1.451303, col error: 0.000000
Starting Iterative Proportional Fitting (IPF)...
IPF converged at iteration 51
IPF row error: 1.442447, col error: 0.000000
IPF converged at iteration 25
IPF row error: 28.118135, col error: 0.000000
Starting Iterative Proportional Fitting (IPF)...
Starting Iterative Proportional Fitting (IPF)...
IPF converged at iteration 51
IPF row error: 1.442447, col error: 0.000000
Starting Iterative Proportional Fitting (IPF)...
IPF converged at iteration 28
IPF row error: 18.382931, col error: 0.000000
Starting Iterative Proportional Fitting (IPF)...
IPF converged at iteration 31
IPF row error: 13.792451, col error: 0.000000
Starting Iterative Proportional Fitting (IPF)...
IPF converged at iteration 34
IPF row error: 10.338941, col error: 0.000000
Starting Iterative Proportional Fitting (IPF)...
IPF converged at iteration 62
IPF row error: 1.315135, col error: 0.000000
Starting Iterative Proportional Fitting (IPF)...
IPF converged at iteration 29
IPF row error: 14.958182, col error: 0.000000
Starting Iterative Proportional Fitting (IPF)...
IPF converged at iteration 31
IPF row error: 13.792451, col error: 0.000000
Starting Iterative Proportional Fitting (IPF)...
IPF converged at iteration 31
IPF row error: 13.792451, col error: 0.000000
Starting Iterative Proportional Fitting (IPF)...
IPF converged at iteration 30
IPF row error: 14.429338, col error: 0.000000
Starting Iterative Proportional Fitting (IPF)...
IPF converged at iteration 28
IPF row error: 20.212896, col error: 0.000000
Starting Iterative Proportional Fitting (IPF)...
IPF converged at iteration 31
IPF row error: 13.792451, col error: 0.000000
IPF converged at iteration 30
IPF row error: 13.455293, col error: 0.000000
Starting Iterative Proportional Fitting (IPF)...
Starting Iterative Proportional Fitting (IPF)...
IPF converged at iteration 39
IPF row error: 1.889747, col error: 0.000000
  [2019/test] 진행 810/1750 (46.3%) | 누적 CPC 0.2518 | RMSE 336.9477 | %RMSE 33.7583 | 경과 10.5분 | 예상 남음 12.2분
Starting Iterative Proportional Fitting (IPF)...
IPF converged at iteration 30
IPF row error: 16.663701, col error: 0.000000
IPF converged at iteration 31
IPF row error: 13.792451, col error: 0.000000
Starting Iterative Proportional Fitting (IPF)...
IPF converged at iteration 45
IPF row error: 1.305297, col error: 0.000000
Starting Iterative Proportional Fitting (IPF)...
Starting Iterative Proportional Fitting (IPF)...
IPF converged at iteration 31
IPF row error: 13.792451, col error: 0.000000
Starting Iterative Proportional Fitting (IPF)...
IPF converged at iteration 28
IPF row error: 13.655931, col error: 0.000000
IPF converged at iteration 31
IPF row error: 13.792451, col error: 0.000000
Starting Iterative Proportional Fitting (IPF)...
Starting Iterative Proportional Fitting (IPF)...
IPF converged at iteration 31
IPF row error: 13.792451, col error: 0.000000
Starting Iterative Proportional Fitting (IPF)...
IPF converged at iteration 31
IPF row error: 13.792451, col error: 0.000000
Starting Iterative Proportional Fitting (IPF)...
IPF converged at iteration 27
IPF row error: 31.819329, col error: 0.000000
IPF converged at iteration 31
IPF row error: 13.792451, col error: 0.000000
Starting Iterative Proportional Fitting (IPF)...
Starting Iterative Proportional Fitting (IPF)...
IPF converged at iteration 31
IPF row error: 13.792451, col error: 0.000000
Starting Iterative Proportional Fitting (IPF)...
IPF converged at iteration 31
IPF row error: 10.120450, col error: 0.000000
Starting Iterative Proportional Fitting (IPF)...
IPF converged at iteration 28
IPF row error: 13.969750, col error: 0.000000
IPF converged at iteration 34
Starting Iterative Proportional Fitting (IPF)...
IPF row error: 8.184033, col error: 0.000000
Starting Iterative Proportional Fitting (IPF)...
IPF converged at iteration 31
IPF row error: 12.349415, col error: 0.000000
Starting Iterative Proportional Fitting (IPF)...
IPF converged at iteration 51
IPF row error: 1.460523, col error: 0.000000
IPF converged at iteration 31
Starting Iterative Proportional Fitting (IPF)...
IPF row error: 13.792451, col error: 0.000000
Starting Iterative Proportional Fitting (IPF)...
IPF converged at iteration 31
IPF row error: 13.792451, col error: 0.000000
Starting Iterative Proportional Fitting (IPF)...
IPF converged at iteration 31
IPF row error: 13.792451, col error: 0.000000
Starting Iterative Proportional Fitting (IPF)...
IPF converged at iteration 31
IPF row error: 13.792451, col error: 0.000000
Starting Iterative Proportional Fitting (IPF)...
IPF converged at iteration 31
IPF row error: 13.078046, col error: 0.000000
IPF converged at iteration 31
Starting Iterative Proportional Fitting (IPF)...
IPF row error: 13.792451, col error: 0.000000
Starting Iterative Proportional Fitting (IPF)...
IPF converged at iteration 31
IPF row error: 13.792451, col error: 0.000000
Starting Iterative Proportional Fitting (IPF)...
IPF converged at iteration 31
IPF row error: 13.792451, col error: 0.000000
IPF converged at iteration 29
IPF row error: 12.973227, col error: 0.000000
Starting Iterative Proportional Fitting (IPF)...
Starting Iterative Proportional Fitting (IPF)...
IPF converged at iteration 31
IPF row error: 13.792451, col error: 0.000000
Starting Iterative Proportional Fitting (IPF)...
IPF converged at iteration 31
IPF row error: 13.792451, col error: 0.000000
Starting Iterative Proportional Fitting (IPF)...
IPF converged at iteration 31
IPF row error: 13.792451, col error: 0.000000
IPF converged at iteration 31
IPF row error: 13.792451, col error: 0.000000
Starting Iterative Proportional Fitting (IPF)...
Starting Iterative Proportional Fitting (IPF)...
IPF converged at iteration 31
IPF row error: 13.792451, col error: 0.000000
  [2019/test] 진행 840/1750 (48.0%) | 누적 CPC 0.2542 | RMSE 335.5611 | %RMSE 33.1073 | 경과 10.9분 | 예상 남음 11.8분
Starting Iterative Proportional Fitting (IPF)...
IPF converged at iteration 31
IPF row error: 13.792451, col error: 0.000000
Starting Iterative Proportional Fitting (IPF)...
IPF converged at iteration 29
IPF row error: 14.587244, col error: 0.000000
IPF converged at iteration 33
IPF row error: 10.576449, col error: 0.000000
Starting Iterative Proportional Fitting (IPF)...
Starting Iterative Proportional Fitting (IPF)...
IPF converged at iteration 31
IPF row error: 13.792451, col error: 0.000000
Starting Iterative Proportional Fitting (IPF)...
IPF converged at iteration 30
IPF row error: 11.917687, col error: 0.000000
Starting Iterative Proportional Fitting (IPF)...
IPF converged at iteration 31
IPF row error: 10.916827, col error: 0.000000
IPF converged at iteration 31
IPF row error: 13.792451, col error: 0.000000
Starting Iterative Proportional Fitting (IPF)...
Starting Iterative Proportional Fitting (IPF)...
IPF converged at iteration 31
IPF row error: 13.792451, col error: 0.000000
Starting Iterative Proportional Fitting (IPF)...
IPF converged at iteration 31
IPF row error: 13.792451, col error: 0.000000
Starting Iterative Proportional Fitting (IPF)...
IPF converged at iteration 31
IPF row error: 13.792451, col error: 0.000000
IPF converged at iteration 31
IPF row error: 13.826513, col error: 0.000000
Starting Iterative Proportional Fitting (IPF)...
Starting Iterative Proportional Fitting (IPF)...
IPF converged at iteration 30
IPF row error: 30.324045, col error: 0.000000
Starting Iterative Proportional Fitting (IPF)...
IPF converged at iteration 31
IPF row error: 13.826513, col error: 0.000000
IPF converged at iteration 59
IPF row error: 4.875772, col error: 0.000000
Starting Iterative Proportional Fitting (IPF)...
Starting Iterative Proportional Fitting (IPF)...
IPF converged at iteration 40
IPF row error: 1.544772, col error: 0.000000
Starting Iterative Proportional Fitting (IPF)...
IPF converged at iteration 31
IPF row error: 13.826513, col error: 0.000000
Starting Iterative Proportional Fitting (IPF)...
IPF converged at iteration 31
IPF converged at iteration 29
IPF row error: 13.826513, col error: 0.000000
IPF row error: 16.695948, col error: 0.000000
Starting Iterative Proportional Fitting (IPF)...
Starting Iterative Proportional Fitting (IPF)...
IPF converged at iteration 36
IPF row error: 3.832825, col error: 0.000000
Starting Iterative Proportional Fitting (IPF)...
IPF converged at iteration 26
IPF row error: 14.573253, col error: 0.000000
IPF converged at iteration 29
IPF row error: 12.070096, col error: 0.000000
Starting Iterative Proportional Fitting (IPF)...
IPF converged at iteration 48
IPF row error: 1.375076, col error: 0.000000
Starting Iterative Proportional Fitting (IPF)...
Starting Iterative Proportional Fitting (IPF)...
IPF converged at iteration 31
IPF row error: 13.826513, col error: 0.000000
Starting Iterative Proportional Fitting (IPF)...
IPF converged at iteration 31
IPF row error: 14.480988, col error: 0.000000
IPF converged at iteration 30
IPF row error: 15.932416, col error: 0.000000
Starting Iterative Proportional Fitting (IPF)...
IPF converged at iteration 31
IPF row error: 13.826513, col error: 0.000000
Starting Iterative Proportional Fitting (IPF)...
Starting Iterative Proportional Fitting (IPF)...
IPF converged at iteration 31
IPF row error: 11.304346, col error: 0.000000
Starting Iterative Proportional Fitting (IPF)...
IPF converged at iteration 29
IPF row error: 9.781859, col error: 0.000000IPF converged at iteration 31

IPF row error: 13.826513, col error: 0.000000
IPF converged at iteration 31
Starting Iterative Proportional Fitting (IPF)...
IPF row error: 13.826513, col error: 0.000000
  [2019/test] 진행 870/1750 (49.7%) | 누적 CPC 0.2549 | RMSE 329.0847 | %RMSE 32.5170 | 경과 11.2분 | 예상 남음 11.3분
Starting Iterative Proportional Fitting (IPF)...
Starting Iterative Proportional Fitting (IPF)...
IPF converged at iteration 31
IPF row error: 13.826513, col error: 0.000000
Starting Iterative Proportional Fitting (IPF)...
IPF converged at iteration 31
IPF converged at iteration 28
IPF row error: 13.826513, col error: 0.000000
IPF row error: 13.846204, col error: 0.000000
IPF converged at iteration 31
IPF row error: 13.826513, col error: 0.000000
Starting Iterative Proportional Fitting (IPF)...Starting Iterative Proportional Fitting (IPF)...

Starting Iterative Proportional Fitting (IPF)...
IPF converged at iteration 31
IPF row error: 13.826513, col error: 0.000000
Starting Iterative Proportional Fitting (IPF)...
IPF converged at iteration 31
IPF row error: 13.826513, col error: 0.000000
IPF converged at iteration 31
IPF row error: 13.826513, col error: 0.000000
IPF converged at iteration 35
Starting Iterative Proportional Fitting (IPF)...
IPF row error: 6.411457, col error: 0.000000
Starting Iterative Proportional Fitting (IPF)...
Starting Iterative Proportional Fitting (IPF)...
IPF converged at iteration 31
IPF row error: 13.826513, col error: 0.000000
Starting Iterative Proportional Fitting (IPF)...
IPF converged at iteration 31
IPF row error: 11.795886, col error: 0.000000
IPF converged at iteration 31
IPF row error: 9.927114, col error: 0.000000
IPF converged at iteration 31
Starting Iterative Proportional Fitting (IPF)...
IPF row error: 13.826513, col error: 0.000000
Starting Iterative Proportional Fitting (IPF)...
Starting Iterative Proportional Fitting (IPF)...
IPF converged at iteration 29
IPF row error: 16.838315, col error: 0.000000
Starting Iterative Proportional Fitting (IPF)...
IPF converged at iteration 28
IPF row error: 12.822747, col error: 0.000000
IPF converged at iteration 30
Starting Iterative Proportional Fitting (IPF)...
IPF row error: 13.426967, col error: 0.000000
IPF converged at iteration 31
IPF row error: 13.826513, col error: 0.000000
Starting Iterative Proportional Fitting (IPF)...
Starting Iterative Proportional Fitting (IPF)...
IPF converged at iteration 32
IPF row error: 9.836843, col error: 0.000000
Starting Iterative Proportional Fitting (IPF)...
IPF converged at iteration 31
IPF row error: 13.826513, col error: 0.000000
IPF converged at iteration 30
Starting Iterative Proportional Fitting (IPF)...
IPF converged at iteration 28
IPF row error: 29.725213, col error: 0.000000
IPF row error: 17.834544, col error: 0.000000
Starting Iterative Proportional Fitting (IPF)...
Starting Iterative Proportional Fitting (IPF)...
IPF converged at iteration 26
IPF row error: 22.805736, col error: 0.000000
IPF converged at iteration 31
IPF row error: 13.826513, col error: 0.000000
Starting Iterative Proportional Fitting (IPF)...
IPF converged at iteration 44
IPF row error: 1.374049, col error: 0.000000
IPF converged at iteration 31
Starting Iterative Proportional Fitting (IPF)...
IPF row error: 13.826513, col error: 0.000000
Starting Iterative Proportional Fitting (IPF)...
Starting Iterative Proportional Fitting (IPF)...
IPF converged at iteration 29
IPF row error: 14.165178, col error: 0.000000
IPF converged at iteration 31
IPF row error: 13.826513, col error: 0.000000
Starting Iterative Proportional Fitting (IPF)...
Starting Iterative Proportional Fitting (IPF)...
IPF converged at iteration 32
IPF row error: 11.541657, col error: 0.000000
IPF converged at iteration 35
IPF row error: 5.560040, col error: 0.000000
Starting Iterative Proportional Fitting (IPF)...
Starting Iterative Proportional Fitting (IPF)...
IPF converged at iteration 31
IPF row error: 13.826513, col error: 0.000000
IPF converged at iteration 31
IPF row error: 13.826513, col error: 0.000000
  [2019/test] 진행 900/1750 (51.4%) | 누적 CPC 0.2549 | RMSE 320.5058 | %RMSE 31.9808 | 경과 11.5분 | 예상 남음 10.9분
Starting Iterative Proportional Fitting (IPF)...IPF converged at iteration 28

IPF row error: 14.795570, col error: 0.000000
Starting Iterative Proportional Fitting (IPF)...
Starting Iterative Proportional Fitting (IPF)...
IPF converged at iteration 53
IPF converged at iteration 27
IPF row error: 1.429409, col error: 0.000000
IPF row error: 17.525230, col error: 0.000000
Starting Iterative Proportional Fitting (IPF)...
Starting Iterative Proportional Fitting (IPF)...
IPF converged at iteration 29
IPF row error: 20.857680, col error: 0.000000
Starting Iterative Proportional Fitting (IPF)...
IPF converged at iteration 24
IPF row error: 35.798961, col error: 0.000000
Starting Iterative Proportional Fitting (IPF)...
IPF converged at iteration 59
IPF row error: 1.327825, col error: 0.000000
Starting Iterative Proportional Fitting (IPF)...
IPF converged at iteration 29
IPF row error: 12.985003, col error: 0.000000
Starting Iterative Proportional Fitting (IPF)...
IPF converged at iteration 53
IPF row error: 1.341480, col error: 0.000000
Starting Iterative Proportional Fitting (IPF)...
IPF converged at iteration 31
IPF row error: 9.358969, col error: 0.000000
Starting Iterative Proportional Fitting (IPF)...
IPF converged at iteration 30
IPF row error: 14.794048, col error: 0.000000
Starting Iterative Proportional Fitting (IPF)...
IPF converged at iteration 31
IPF row error: 16.056382, col error: 0.000000
Starting Iterative Proportional Fitting (IPF)...
IPF converged at iteration 29
IPF row error: 16.494000, col error: 0.000000
Starting Iterative Proportional Fitting (IPF)...
IPF converged at iteration 30
IPF row error: 16.158752, col error: 0.000000
Starting Iterative Proportional Fitting (IPF)...
IPF converged at iteration 53
IPF row error: 1.419658, col error: 0.000000
Starting Iterative Proportional Fitting (IPF)...
IPF converged at iteration 53
IPF row error: 1.332928, col error: 0.000000
Starting Iterative Proportional Fitting (IPF)...
IPF converged at iteration 53
IPF row error: 1.344063, col error: 0.000000
Starting Iterative Proportional Fitting (IPF)...
IPF converged at iteration 59
IPF row error: 1.320319, col error: 0.000000
Starting Iterative Proportional Fitting (IPF)...
IPF converged at iteration 59
IPF row error: 1.326675, col error: 0.000000
IPF converged at iteration 53
IPF row error: 1.340385, col error: 0.000000
Starting Iterative Proportional Fitting (IPF)...
Starting Iterative Proportional Fitting (IPF)...
IPF converged at iteration 48
IPF row error: 1.450430, col error: 0.000000
Starting Iterative Proportional Fitting (IPF)...
IPF converged at iteration 32
IPF row error: 10.871117, col error: 0.000000
Starting Iterative Proportional Fitting (IPF)...
IPF converged at iteration 31
IPF row error: 17.578730, col error: 0.000000
Starting Iterative Proportional Fitting (IPF)...
IPF converged at iteration 27
IPF row error: 23.708240, col error: 0.000000
IPF converged at iteration 47
IPF row error: 1.288119, col error: 0.000000
Starting Iterative Proportional Fitting (IPF)...
Starting Iterative Proportional Fitting (IPF)...
IPF converged at iteration 29
IPF row error: 17.834064, col error: 0.000000
Starting Iterative Proportional Fitting (IPF)...
IPF converged at iteration 30
IPF row error: 15.318953, col error: 0.000000
Starting Iterative Proportional Fitting (IPF)...
IPF converged at iteration 30
IPF row error: 16.081719, col error: 0.000000
Starting Iterative Proportional Fitting (IPF)...
IPF converged at iteration 31
IPF row error: 11.239214, col error: 0.000000
Starting Iterative Proportional Fitting (IPF)...
IPF converged at iteration 27
IPF row error: 15.788368, col error: 0.000000
Starting Iterative Proportional Fitting (IPF)...
IPF converged at iteration 27
IPF row error: 17.175759, col error: 0.000000
  [2019/test] 진행 930/1750 (53.1%) | 누적 CPC 0.2507 | RMSE 318.5000 | %RMSE 32.5251 | 경과 11.9분 | 예상 남음 10.5분
Starting Iterative Proportional Fitting (IPF)...
IPF converged at iteration 28
IPF row error: 23.940375, col error: 0.000000
Starting Iterative Proportional Fitting (IPF)...
IPF converged at iteration 29
IPF row error: 13.965826, col error: 0.000000
Starting Iterative Proportional Fitting (IPF)...
IPF converged at iteration 38
IPF row error: 3.148812, col error: 0.000000
Starting Iterative Proportional Fitting (IPF)...
IPF converged at iteration 27
IPF row error: 16.016789, col error: 0.000000
IPF converged at iteration 48
IPF row error: 1.376302, col error: 0.000000
Starting Iterative Proportional Fitting (IPF)...
Starting Iterative Proportional Fitting (IPF)...
IPF converged at iteration 49
IPF row error: 1.296873, col error: 0.000000
Starting Iterative Proportional Fitting (IPF)...
IPF converged at iteration 30
IPF row error: 14.213787, col error: 0.000000
Starting Iterative Proportional Fitting (IPF)...
IPF converged at iteration 53
IPF row error: 1.334434, col error: 0.000000
Starting Iterative Proportional Fitting (IPF)...
IPF converged at iteration 53
IPF row error: 1.420497, col error: 0.000000
Starting Iterative Proportional Fitting (IPF)...
IPF converged at iteration 59
IPF row error: 1.282958, col error: 0.000000
Starting Iterative Proportional Fitting (IPF)...
IPF converged at iteration 30
IPF row error: 12.708125, col error: 0.000000
IPF converged at iteration 53
IPF converged at iteration 59
IPF row error: 1.431548, col error: 0.000000
IPF row error: 1.283653, col error: 0.000000
Starting Iterative Proportional Fitting (IPF)...
Starting Iterative Proportional Fitting (IPF)...
Starting Iterative Proportional Fitting (IPF)...
IPF converged at iteration 40
IPF row error: 2.334432, col error: 0.000000
IPF converged at iteration 27
Starting Iterative Proportional Fitting (IPF)...
IPF row error: 20.054496, col error: 0.000000
Starting Iterative Proportional Fitting (IPF)...
IPF converged at iteration 31
IPF row error: 14.060910, col error: 0.000000
Starting Iterative Proportional Fitting (IPF)...
IPF converged at iteration 48
IPF row error: 1.376209, col error: 0.000000
Starting Iterative Proportional Fitting (IPF)...
IPF converged at iteration 29
IPF row error: 17.251733, col error: 0.000000
Starting Iterative Proportional Fitting (IPF)...
IPF converged at iteration 29
IPF row error: 15.877200, col error: 0.000000
Starting Iterative Proportional Fitting (IPF)...
IPF converged at iteration 53
IPF row error: 1.331222, col error: 0.000000
Starting Iterative Proportional Fitting (IPF)...
IPF converged at iteration 29
IPF row error: 14.150605, col error: 0.000000
Starting Iterative Proportional Fitting (IPF)...
IPF converged at iteration 44
IPF row error: 1.236668, col error: 0.000000
Starting Iterative Proportional Fitting (IPF)...
IPF converged at iteration 31
IPF row error: 12.086240, col error: 0.000000
Starting Iterative Proportional Fitting (IPF)...
IPF converged at iteration 65
IPF row error: 1.304832, col error: 0.000000
Starting Iterative Proportional Fitting (IPF)...
IPF converged at iteration 28
IPF row error: 8.778482, col error: 0.000000
Starting Iterative Proportional Fitting (IPF)...
IPF converged at iteration 55
IPF row error: 1.331223, col error: 0.000000
Starting Iterative Proportional Fitting (IPF)...
IPF converged at iteration 55
IPF row error: 1.350530, col error: 0.000000
IPF converged at iteration 26
IPF row error: 26.915102, col error: 0.000000
Starting Iterative Proportional Fitting (IPF)...
Starting Iterative Proportional Fitting (IPF)...
IPF converged at iteration 29
IPF row error: 16.235642, col error: 0.000000
Starting Iterative Proportional Fitting (IPF)...
IPF converged at iteration 31
IPF row error: 14.047008, col error: 0.000000
  [2019/test] 진행 960/1750 (54.9%) | 누적 CPC 0.2470 | RMSE 316.7229 | %RMSE 32.8952 | 경과 12.4분 | 예상 남음 10.2분
Starting Iterative Proportional Fitting (IPF)...
IPF converged at iteration 31
IPF converged at iteration 31
IPF row error: 13.205536, col error: 0.000000
IPF row error: 14.178238, col error: 0.000000
Starting Iterative Proportional Fitting (IPF)...
Starting Iterative Proportional Fitting (IPF)...
IPF converged at iteration 28
IPF row error: 13.979952, col error: 0.000000
Starting Iterative Proportional Fitting (IPF)...
IPF converged at iteration 29
IPF row error: 12.132828, col error: 0.000000
IPF converged at iteration 30
IPF row error: 14.999703, col error: 0.000000
Starting Iterative Proportional Fitting (IPF)...
IPF converged at iteration 55
IPF row error: 1.339608, col error: 0.000000
Starting Iterative Proportional Fitting (IPF)...
Starting Iterative Proportional Fitting (IPF)...
IPF converged at iteration 55
IPF row error: 1.341737, col error: 0.000000
IPF converged at iteration 49
Starting Iterative Proportional Fitting (IPF)...
IPF row error: 1.263350, col error: 0.000000
Starting Iterative Proportional Fitting (IPF)...
IPF converged at iteration 54
IPF row error: 1.364352, col error: 0.000000
IPF converged at iteration 55
IPF row error: 1.340158, col error: 0.000000
Starting Iterative Proportional Fitting (IPF)...
Starting Iterative Proportional Fitting (IPF)...
IPF converged at iteration 28
IPF row error: 15.111077, col error: 0.000000
IPF converged at iteration 36
IPF row error: 5.369064, col error: 0.000000
Starting Iterative Proportional Fitting (IPF)...
Starting Iterative Proportional Fitting (IPF)...
IPF converged at iteration 55
IPF row error: 1.348730, col error: 0.000000
Starting Iterative Proportional Fitting (IPF)...
IPF converged at iteration 56
IPF row error: 1.362356, col error: 0.000000
IPF converged at iteration 28
IPF row error: 15.963831, col error: 0.000000
Starting Iterative Proportional Fitting (IPF)...
Starting Iterative Proportional Fitting (IPF)...
IPF converged at iteration 38
IPF row error: 2.433658, col error: 0.000000
Starting Iterative Proportional Fitting (IPF)...
IPF converged at iteration 31
IPF row error: 13.405191, col error: 0.000000
Starting Iterative Proportional Fitting (IPF)...
IPF converged at iteration 27
IPF row error: 14.535067, col error: 0.000000
Starting Iterative Proportional Fitting (IPF)...
IPF converged at iteration 30
IPF row error: 11.133220, col error: 0.000000
Starting Iterative Proportional Fitting (IPF)...
IPF converged at iteration 31
IPF row error: 9.870177, col error: 0.000000
Starting Iterative Proportional Fitting (IPF)...
IPF converged at iteration 55
IPF row error: 1.350530, col error: 0.000000
IPF converged at iteration 32
IPF row error: 17.446773, col error: 0.000000
Starting Iterative Proportional Fitting (IPF)...
Starting Iterative Proportional Fitting (IPF)...
IPF converged at iteration 55
IPF row error: 1.342536, col error: 0.000000
Starting Iterative Proportional Fitting (IPF)...
IPF converged at iteration 30
IPF row error: 11.512857, col error: 0.000000
Starting Iterative Proportional Fitting (IPF)...
IPF converged at iteration 30
IPF row error: 12.808101, col error: 0.000000
Starting Iterative Proportional Fitting (IPF)...
IPF converged at iteration 52
IPF converged at iteration 47
IPF row error: 1.253448, col error: 0.000000
IPF row error: 1.372560, col error: 0.000000
Starting Iterative Proportional Fitting (IPF)...
Starting Iterative Proportional Fitting (IPF)...
IPF converged at iteration 27
IPF converged at iteration 27
IPF row error: 16.934398, col error: 0.000000
IPF row error: 18.707442, col error: 0.000000
Starting Iterative Proportional Fitting (IPF)...
Starting Iterative Proportional Fitting (IPF)...
IPF converged at iteration 62
IPF converged at iteration 55
IPF row error: 1.389033, col error: 0.000000
  [2019/test] 진행 990/1750 (56.6%) | 누적 CPC 0.2440 | RMSE 313.8437 | %RMSE 32.7498 | 경과 12.8분 | 예상 남음 9.8분
IPF row error: 1.340158, col error: 0.000000
Starting Iterative Proportional Fitting (IPF)...Starting Iterative Proportional Fitting (IPF)...

IPF converged at iteration 31
IPF row error: 12.785793, col error: 0.000000
Starting Iterative Proportional Fitting (IPF)...
IPF converged at iteration 55
IPF row error: 1.348953, col error: 0.000000
Starting Iterative Proportional Fitting (IPF)...
IPF converged at iteration 49
IPF row error: 1.245383, col error: 0.000000
Starting Iterative Proportional Fitting (IPF)...
IPF converged at iteration 55
IPF row error: 1.339608, col error: 0.000000
Starting Iterative Proportional Fitting (IPF)...
IPF converged at iteration 26
IPF row error: 14.941204, col error: 0.000000
Starting Iterative Proportional Fitting (IPF)...
IPF converged at iteration 56
IPF row error: 1.371605, col error: 0.000000
Starting Iterative Proportional Fitting (IPF)...
IPF converged at iteration 49
IPF row error: 1.243425, col error: 0.000000
Starting Iterative Proportional Fitting (IPF)...
IPF converged at iteration 56
IPF converged at iteration 40
IPF row error: 1.371605, col error: 0.000000
IPF row error: 1.298014, col error: 0.000000
Starting Iterative Proportional Fitting (IPF)...
Starting Iterative Proportional Fitting (IPF)...
IPF converged at iteration 55
IPF row error: 1.340158, col error: 0.000000
Starting Iterative Proportional Fitting (IPF)...
IPF converged at iteration 26
IPF row error: 22.601736, col error: 0.000000
Starting Iterative Proportional Fitting (IPF)...
IPF converged at iteration 52
IPF row error: 1.363934, col error: 0.000000
Starting Iterative Proportional Fitting (IPF)...
IPF converged at iteration 52
IPF row error: 1.287486, col error: 0.000000
IPF converged at iteration 45
Starting Iterative Proportional Fitting (IPF)...
IPF row error: 1.282798, col error: 0.000000
Starting Iterative Proportional Fitting (IPF)...
IPF converged at iteration 42
IPF row error: 1.247062, col error: 0.000000
IPF converged at iteration 31
IPF row error: 15.944962, col error: 0.000000
Starting Iterative Proportional Fitting (IPF)...
Starting Iterative Proportional Fitting (IPF)...
IPF converged at iteration 29
IPF row error: 13.102837, col error: 0.000000
Starting Iterative Proportional Fitting (IPF)...
IPF converged at iteration 52
IPF row error: 1.364080, col error: 0.000000
Starting Iterative Proportional Fitting (IPF)...
IPF converged at iteration 42
IPF row error: 1.250379, col error: 0.000000
Starting Iterative Proportional Fitting (IPF)...
IPF converged at iteration 54
IPF row error: 1.414299, col error: 0.000000
IPF converged at iteration 46
Starting Iterative Proportional Fitting (IPF)...
IPF row error: 1.437911, col error: 0.000000
Starting Iterative Proportional Fitting (IPF)...
IPF converged at iteration 31
IPF row error: 11.440309, col error: 0.000000
Starting Iterative Proportional Fitting (IPF)...
IPF converged at iteration 28
IPF row error: 11.756284, col error: 0.000000
Starting Iterative Proportional Fitting (IPF)...
IPF converged at iteration 52
IPF row error: 1.287486, col error: 0.000000
IPF converged at iteration 45
Starting Iterative Proportional Fitting (IPF)...
IPF row error: 1.284904, col error: 0.000000
Starting Iterative Proportional Fitting (IPF)...
IPF converged at iteration 43
IPF row error: 1.262876, col error: 0.000000
Starting Iterative Proportional Fitting (IPF)...
IPF converged at iteration 30
IPF row error: 8.809361, col error: 0.000000
Starting Iterative Proportional Fitting (IPF)...
IPF converged at iteration 42
IPF row error: 1.239585, col error: 0.000000
Starting Iterative Proportional Fitting (IPF)...
IPF converged at iteration 43
IPF row error: 1.403935, col error: 0.000000
  [2019/test] 진행 1020/1750 (58.3%) | 누적 CPC 0.2416 | RMSE 320.6149 | %RMSE 32.6332 | 경과 13.2분 | 예상 남음 9.5분
Starting Iterative Proportional Fitting (IPF)...
IPF converged at iteration 27
IPF row error: 16.049896, col error: 0.000000
Starting Iterative Proportional Fitting (IPF)...
IPF converged at iteration 52
IPF row error: 1.287486, col error: 0.000000
Starting Iterative Proportional Fitting (IPF)...
IPF converged at iteration 31
IPF row error: 9.626672, col error: 0.000000
Starting Iterative Proportional Fitting (IPF)...
IPF converged at iteration 37
IPF row error: 2.508043, col error: 0.000000
Starting Iterative Proportional Fitting (IPF)...
IPF converged at iteration 50
IPF row error: 1.268908, col error: 0.000000
Starting Iterative Proportional Fitting (IPF)...
IPF converged at iteration 42
IPF row error: 1.247775, col error: 0.000000
Starting Iterative Proportional Fitting (IPF)...
IPF converged at iteration 30
IPF row error: 12.154296, col error: 0.000000
Starting Iterative Proportional Fitting (IPF)...
IPF converged at iteration 52
IPF row error: 1.310973, col error: 0.000000
Starting Iterative Proportional Fitting (IPF)...
IPF converged at iteration 31
IPF row error: 10.630018, col error: 0.000000
Starting Iterative Proportional Fitting (IPF)...
IPF converged at iteration 46
IPF row error: 1.423062, col error: 0.000000
IPF converged at iteration 28
IPF row error: 12.748636, col error: 0.000000
IPF converged at iteration 42
IPF row error: 1.246973, col error: 0.000000
Starting Iterative Proportional Fitting (IPF)...
Starting Iterative Proportional Fitting (IPF)...
Starting Iterative Proportional Fitting (IPF)...
IPF converged at iteration 46
IPF row error: 1.437352, col error: 0.000000
Starting Iterative Proportional Fitting (IPF)...
IPF converged at iteration 28
IPF row error: 16.136039, col error: 0.000000
IPF converged at iteration 28
IPF row error: 13.473059, col error: 0.000000
Starting Iterative Proportional Fitting (IPF)...
IPF converged at iteration 29
IPF row error: 12.644885, col error: 0.000000
Starting Iterative Proportional Fitting (IPF)...
Starting Iterative Proportional Fitting (IPF)...
IPF converged at iteration 29
IPF row error: 15.540274, col error: 0.000000
Starting Iterative Proportional Fitting (IPF)...
IPF converged at iteration 46
IPF converged at iteration 34
IPF row error: 1.423062, col error: 0.000000
IPF row error: 6.487797, col error: 0.000000
Starting Iterative Proportional Fitting (IPF)...
Starting Iterative Proportional Fitting (IPF)...
IPF converged at iteration 52
IPF row error: 1.310973, col error: 0.000000
Starting Iterative Proportional Fitting (IPF)...
IPF converged at iteration 29
IPF row error: 10.484091, col error: 0.000000
Starting Iterative Proportional Fitting (IPF)...
IPF converged at iteration 46
IPF row error: 1.437352, col error: 0.000000
Starting Iterative Proportional Fitting (IPF)...
IPF converged at iteration 42
IPF row error: 1.251121, col error: 0.000000
IPF converged at iteration 28
IPF row error: 9.491924, col error: 0.000000
Starting Iterative Proportional Fitting (IPF)...
Starting Iterative Proportional Fitting (IPF)...
IPF converged at iteration 27
IPF row error: 15.855186, col error: 0.000000
Starting Iterative Proportional Fitting (IPF)...
IPF converged at iteration 28
IPF row error: 35.680418, col error: 0.000000
Starting Iterative Proportional Fitting (IPF)...
IPF converged at iteration 30
IPF converged at iteration 54
IPF row error: 10.097172, col error: 0.000000
IPF row error: 1.424397, col error: 0.000000
Starting Iterative Proportional Fitting (IPF)...
Starting Iterative Proportional Fitting (IPF)...
IPF converged at iteration 54
IPF row error: 1.396453, col error: 0.000000
Starting Iterative Proportional Fitting (IPF)...
IPF converged at iteration 42
IPF row error: 1.245591, col error: 0.000000
  [2019/test] 진행 1050/1750 (60.0%) | 누적 CPC 0.2398 | RMSE 331.7272 | %RMSE 32.5610 | 경과 13.6분 | 예상 남음 9.1분
Starting Iterative Proportional Fitting (IPF)...
IPF row error: 307257.109983, col error: 0.000000
IPF row error: 307067.471355, col error: 0.000000
Starting Iterative Proportional Fitting (IPF)...
Starting Iterative Proportional Fitting (IPF)...
IPF row error: 307491.348237, col error: 0.000000
Starting Iterative Proportional Fitting (IPF)...
IPF row error: 307491.348237, col error: 0.000000
Starting Iterative Proportional Fitting (IPF)...
IPF row error: 307491.348237, col error: 0.000000
IPF row error: 307491.348237, col error: 0.000000
Starting Iterative Proportional Fitting (IPF)...
Starting Iterative Proportional Fitting (IPF)...
IPF row error: 296223.651357, col error: 0.000000
Starting Iterative Proportional Fitting (IPF)...
IPF row error: 307491.348237, col error: 0.000000
Starting Iterative Proportional Fitting (IPF)...
IPF row error: 305761.200935, col error: 0.000000
IPF row error: 307491.348237, col error: 0.000000
Starting Iterative Proportional Fitting (IPF)...
Starting Iterative Proportional Fitting (IPF)...
IPF row error: 307491.348237, col error: 0.000000
Starting Iterative Proportional Fitting (IPF)...
IPF row error: 307491.348237, col error: 0.000000
Starting Iterative Proportional Fitting (IPF)...
IPF row error: 310820.096353, col error: 0.000000
IPF row error: 307133.015627, col error: 0.000000
Starting Iterative Proportional Fitting (IPF)...
Starting Iterative Proportional Fitting (IPF)...
IPF row error: 311112.099080, col error: 0.000000
Starting Iterative Proportional Fitting (IPF)...
IPF row error: 308971.377514, col error: 0.000000
Starting Iterative Proportional Fitting (IPF)...
IPF row error: 307491.348237, col error: 0.000000
IPF row error: 307491.348237, col error: 0.000000
Starting Iterative Proportional Fitting (IPF)...
Starting Iterative Proportional Fitting (IPF)...
IPF row error: 307491.348237, col error: 0.000000
Starting Iterative Proportional Fitting (IPF)...
IPF row error: 307491.348237, col error: 0.000000
Starting Iterative Proportional Fitting (IPF)...
IPF row error: 307618.707590, col error: 0.000000
IPF row error: 307491.348237, col error: 0.000000
Starting Iterative Proportional Fitting (IPF)...
Starting Iterative Proportional Fitting (IPF)...
IPF row error: 307491.348237, col error: 0.000000
Starting Iterative Proportional Fitting (IPF)...
IPF row error: 296583.664377, col error: 0.000000
Starting Iterative Proportional Fitting (IPF)...
IPF row error: 310134.531808, col error: 0.000000
IPF row error: 307491.348237, col error: 0.000000
Starting Iterative Proportional Fitting (IPF)...
Starting Iterative Proportional Fitting (IPF)...
IPF row error: 307491.348237, col error: 0.000000
Starting Iterative Proportional Fitting (IPF)...
IPF row error: 307491.348237, col error: 0.000000
Starting Iterative Proportional Fitting (IPF)...
IPF row error: 307491.348237, col error: 0.000000
IPF row error: 307491.348237, col error: 0.000000
  [2019/test] 진행 1080/1750 (61.7%) | 누적 CPC 0.2332 | RMSE 90712.6806 | %RMSE 4029.1926 | 경과 14.5분 | 예상 남음 9.0분
Starting Iterative Proportional Fitting (IPF)...
Starting Iterative Proportional Fitting (IPF)...
IPF row error: 277967.530652, col error: 0.000000
Starting Iterative Proportional Fitting (IPF)...
IPF row error: 307491.348237, col error: 0.000000
Starting Iterative Proportional Fitting (IPF)...
IPF row error: 307491.348237, col error: 0.000000
IPF row error: 307491.348237, col error: 0.000000
Starting Iterative Proportional Fitting (IPF)...
Starting Iterative Proportional Fitting (IPF)...
IPF row error: 304945.231209, col error: 0.000000
Starting Iterative Proportional Fitting (IPF)...
IPF row error: 307491.348237, col error: 0.000000
Starting Iterative Proportional Fitting (IPF)...
IPF row error: 307491.348237, col error: 0.000000
Starting Iterative Proportional Fitting (IPF)...
IPF row error: 307491.348237, col error: 0.000000
Starting Iterative Proportional Fitting (IPF)...
IPF row error: 307491.348237, col error: 0.000000
Starting Iterative Proportional Fitting (IPF)...
IPF row error: 307491.348237, col error: 0.000000
Starting Iterative Proportional Fitting (IPF)...
IPF row error: 307491.348237, col error: 0.000000
IPF row error: 307491.348237, col error: 0.000000
Starting Iterative Proportional Fitting (IPF)...
Starting Iterative Proportional Fitting (IPF)...
IPF row error: 307491.348237, col error: 0.000000
Starting Iterative Proportional Fitting (IPF)...
IPF row error: 310632.922645, col error: 0.000000
Starting Iterative Proportional Fitting (IPF)...
IPF row error: 286113.809334, col error: 0.000000
IPF row error: 307491.348237, col error: 0.000000
Starting Iterative Proportional Fitting (IPF)...
Starting Iterative Proportional Fitting (IPF)...
IPF row error: 292551.249774, col error: 0.000000
Starting Iterative Proportional Fitting (IPF)...
IPF row error: 307491.348237, col error: 0.000000
Starting Iterative Proportional Fitting (IPF)...
IPF row error: 307491.348237, col error: 0.000000
IPF row error: 311691.342442, col error: 0.000000
Starting Iterative Proportional Fitting (IPF)...
Starting Iterative Proportional Fitting (IPF)...
IPF row error: 308078.621552, col error: 0.000000
Starting Iterative Proportional Fitting (IPF)...
IPF row error: 308078.621552, col error: 0.000000
Starting Iterative Proportional Fitting (IPF)...
IPF row error: 315151.073892, col error: 0.000000
IPF row error: 308078.621552, col error: 0.000000
Starting Iterative Proportional Fitting (IPF)...
Starting Iterative Proportional Fitting (IPF)...
IPF row error: 289998.803761, col error: 0.000000
Starting Iterative Proportional Fitting (IPF)...
IPF row error: 308078.621552, col error: 0.000000
Starting Iterative Proportional Fitting (IPF)...
IPF row error: 307125.444352, col error: 0.000000
IPF row error: 308078.621552, col error: 0.000000
Starting Iterative Proportional Fitting (IPF)...
Starting Iterative Proportional Fitting (IPF)...
IPF row error: 310428.915702, col error: 0.000000
Starting Iterative Proportional Fitting (IPF)...
IPF row error: 306737.779000, col error: 0.000000
  [2019/test] 진행 1110/1750 (63.4%) | 누적 CPC 0.2269 | RMSE 175787.3001 | %RMSE 8117.7380 | 경과 15.5분 | 예상 남음 8.9분
Starting Iterative Proportional Fitting (IPF)...
IPF row error: 308078.621552, col error: 0.000000
Starting Iterative Proportional Fitting (IPF)...
IPF row error: 196028.398909, col error: 0.000000
Starting Iterative Proportional Fitting (IPF)...
IPF row error: 308078.621552, col error: 0.000000
Starting Iterative Proportional Fitting (IPF)...
IPF row error: 308078.621552, col error: 0.000000
Starting Iterative Proportional Fitting (IPF)...
IPF row error: 307664.062261, col error: 0.000000
Starting Iterative Proportional Fitting (IPF)...
IPF row error: 308078.621552, col error: 0.000000
Starting Iterative Proportional Fitting (IPF)...
IPF row error: 311437.356960, col error: 0.000000
Starting Iterative Proportional Fitting (IPF)...
IPF row error: 308078.621552, col error: 0.000000
Starting Iterative Proportional Fitting (IPF)...
IPF row error: 308444.900950, col error: 0.000000
Starting Iterative Proportional Fitting (IPF)...
IPF row error: 273011.865257, col error: 0.000000
Starting Iterative Proportional Fitting (IPF)...
IPF row error: 308078.621552, col error: 0.000000
Starting Iterative Proportional Fitting (IPF)...
IPF row error: 308078.621552, col error: 0.000000
Starting Iterative Proportional Fitting (IPF)...
IPF row error: 308078.621552, col error: 0.000000
Starting Iterative Proportional Fitting (IPF)...
IPF row error: 308078.621552, col error: 0.000000
Starting Iterative Proportional Fitting (IPF)...
IPF row error: 294540.656030, col error: 0.000000
Starting Iterative Proportional Fitting (IPF)...
IPF row error: 308078.621552, col error: 0.000000
Starting Iterative Proportional Fitting (IPF)...
IPF row error: 308078.621552, col error: 0.000000
Starting Iterative Proportional Fitting (IPF)...
IPF row error: 312359.861219, col error: 0.000000
Starting Iterative Proportional Fitting (IPF)...
IPF row error: 293304.903807, col error: 0.000000
Starting Iterative Proportional Fitting (IPF)...
IPF row error: 308078.621552, col error: 0.000000
Starting Iterative Proportional Fitting (IPF)...
IPF row error: 309199.043991, col error: 0.000000
Starting Iterative Proportional Fitting (IPF)...
IPF row error: 315145.789188, col error: 0.000000
Starting Iterative Proportional Fitting (IPF)...
IPF row error: 308078.621552, col error: 0.000000
Starting Iterative Proportional Fitting (IPF)...
IPF row error: 308078.621552, col error: 0.000000
Starting Iterative Proportional Fitting (IPF)...
IPF row error: 308078.621552, col error: 0.000000
Starting Iterative Proportional Fitting (IPF)...
IPF row error: 308078.621552, col error: 0.000000
Starting Iterative Proportional Fitting (IPF)...
IPF row error: 309992.424577, col error: 0.000000
Starting Iterative Proportional Fitting (IPF)...
IPF row error: 305106.454901, col error: 0.000000
Starting Iterative Proportional Fitting (IPF)...
IPF row error: 308078.621552, col error: 0.000000
Starting Iterative Proportional Fitting (IPF)...
IPF row error: 308078.621552, col error: 0.000000
  [2019/test] 진행 1140/1750 (65.1%) | 누적 CPC 0.2209 | RMSE 255418.8277 | %RMSE 12607.4758 | 경과 16.4분 | 예상 남음 8.8분
Starting Iterative Proportional Fitting (IPF)...
IPF row error: 309123.796612, col error: 0.000000
Starting Iterative Proportional Fitting (IPF)...
IPF row error: 308927.283000, col error: 0.000000
Starting Iterative Proportional Fitting (IPF)...
IPF row error: 281139.329848, col error: 0.000000
Starting Iterative Proportional Fitting (IPF)...
IPF row error: 310360.521135, col error: 0.000000
Starting Iterative Proportional Fitting (IPF)...
IPF row error: 308078.621552, col error: 0.000000
Starting Iterative Proportional Fitting (IPF)...
IPF row error: 297661.271872, col error: 0.000000
Starting Iterative Proportional Fitting (IPF)...
IPF row error: 308078.621552, col error: 0.000000
Starting Iterative Proportional Fitting (IPF)...
IPF row error: 308078.621552, col error: 0.000000
Starting Iterative Proportional Fitting (IPF)...
IPF row error: 308078.621552, col error: 0.000000
Starting Iterative Proportional Fitting (IPF)...
IPF row error: 309493.506016, col error: 0.000000
IPF converged at iteration 31
IPF row error: 13.792451, col error: 0.000000
Starting Iterative Proportional Fitting (IPF)...
Starting Iterative Proportional Fitting (IPF)...
IPF converged at iteration 31
IPF row error: 13.792451, col error: 0.000000
IPF converged at iteration 46
IPF row error: 1.244889, col error: 0.000000
Starting Iterative Proportional Fitting (IPF)...
Starting Iterative Proportional Fitting (IPF)...
IPF converged at iteration 31
IPF row error: 13.792451, col error: 0.000000
IPF converged at iteration 31
Starting Iterative Proportional Fitting (IPF)...
IPF row error: 13.792451, col error: 0.000000
Starting Iterative Proportional Fitting (IPF)...
IPF converged at iteration 31
IPF row error: 13.792451, col error: 0.000000
IPF converged at iteration 31
IPF row error: 13.792451, col error: 0.000000
Starting Iterative Proportional Fitting (IPF)...
Starting Iterative Proportional Fitting (IPF)...
IPF converged at iteration 31
IPF row error: 13.792451, col error: 0.000000
IPF converged at iteration 31
IPF row error: 13.792451, col error: 0.000000
Starting Iterative Proportional Fitting (IPF)...
Starting Iterative Proportional Fitting (IPF)...
IPF converged at iteration 30
IPF row error: 14.752429, col error: 0.000000
IPF converged at iteration 31
Starting Iterative Proportional Fitting (IPF)...
IPF row error: 13.792451, col error: 0.000000
Starting Iterative Proportional Fitting (IPF)...
IPF converged at iteration 32
IPF row error: 12.580606, col error: 0.000000
Starting Iterative Proportional Fitting (IPF)...
IPF converged at iteration 31
IPF row error: 13.792451, col error: 0.000000
IPF converged at iteration 41
IPF row error: 1.424291, col error: 0.000000
IPF converged at iteration 31
Starting Iterative Proportional Fitting (IPF)...
IPF row error: 13.792451, col error: 0.000000
Starting Iterative Proportional Fitting (IPF)...
Starting Iterative Proportional Fitting (IPF)...
IPF converged at iteration 31
IPF row error: 13.792451, col error: 0.000000
Starting Iterative Proportional Fitting (IPF)...
IPF converged at iteration 29
IPF row error: 10.019334, col error: 0.000000
IPF converged at iteration 31
IPF row error: 13.792451, col error: 0.000000
Starting Iterative Proportional Fitting (IPF)...
Starting Iterative Proportional Fitting (IPF)...
IPF converged at iteration 39
IPF row error: 2.878412, col error: 0.000000
Starting Iterative Proportional Fitting (IPF)...
IPF converged at iteration 29
IPF row error: 12.146005, col error: 0.000000
  [2019/test] 진행 1170/1750 (66.9%) | 누적 CPC 0.2207 | RMSE 276255.6692 | %RMSE 13813.7010 | 경과 16.8분 | 예상 남음 8.3분
Starting Iterative Proportional Fitting (IPF)...
IPF converged at iteration 31
IPF row error: 13.792451, col error: 0.000000
IPF converged at iteration 31
Starting Iterative Proportional Fitting (IPF)...
IPF row error: 13.792451, col error: 0.000000
Starting Iterative Proportional Fitting (IPF)...
IPF converged at iteration 31
IPF row error: 13.792451, col error: 0.000000
Starting Iterative Proportional Fitting (IPF)...
IPF converged at iteration 31
IPF row error: 13.792451, col error: 0.000000
Starting Iterative Proportional Fitting (IPF)...
IPF converged at iteration 31
IPF row error: 13.653086, col error: 0.000000
IPF converged at iteration 31
Starting Iterative Proportional Fitting (IPF)...
IPF row error: 13.792451, col error: 0.000000
Starting Iterative Proportional Fitting (IPF)...
IPF converged at iteration 31
IPF row error: 13.792451, col error: 0.000000
Starting Iterative Proportional Fitting (IPF)...
IPF converged at iteration 31
IPF row error: 13.792451, col error: 0.000000
Starting Iterative Proportional Fitting (IPF)...
IPF converged at iteration 31
IPF row error: 13.792451, col error: 0.000000
IPF converged at iteration 31
Starting Iterative Proportional Fitting (IPF)...
IPF row error: 13.792451, col error: 0.000000
Starting Iterative Proportional Fitting (IPF)...
IPF converged at iteration 32
IPF row error: 10.063896, col error: 0.000000
Starting Iterative Proportional Fitting (IPF)...
IPF converged at iteration 29
IPF row error: 21.231457, col error: 0.000000
Starting Iterative Proportional Fitting (IPF)...
IPF converged at iteration 28
IPF row error: 16.068613, col error: 0.000000
Starting Iterative Proportional Fitting (IPF)...
IPF converged at iteration 24
IPF row error: 39.740405, col error: 0.000000
Starting Iterative Proportional Fitting (IPF)...
IPF converged at iteration 42
IPF row error: 1.217669, col error: 0.000000
Starting Iterative Proportional Fitting (IPF)...
IPF converged at iteration 31
IPF row error: 13.792451, col error: 0.000000
Starting Iterative Proportional Fitting (IPF)...
IPF converged at iteration 31
IPF row error: 13.792451, col error: 0.000000
Starting Iterative Proportional Fitting (IPF)...
IPF converged at iteration 30
IPF row error: 14.865177, col error: 0.000000
Starting Iterative Proportional Fitting (IPF)...
IPF converged at iteration 31
IPF row error: 13.792451, col error: 0.000000
Starting Iterative Proportional Fitting (IPF)...
IPF converged at iteration 34
IPF row error: 7.888558, col error: 0.000000
Starting Iterative Proportional Fitting (IPF)...
IPF converged at iteration 31
IPF row error: 13.792451, col error: 0.000000
Starting Iterative Proportional Fitting (IPF)...
IPF converged at iteration 34
IPF row error: 6.530298, col error: 0.000000
Starting Iterative Proportional Fitting (IPF)...
IPF converged at iteration 31
IPF row error: 13.792451, col error: 0.000000
Starting Iterative Proportional Fitting (IPF)...
IPF converged at iteration 31
IPF row error: 13.792451, col error: 0.000000
Starting Iterative Proportional Fitting (IPF)...
IPF converged at iteration 30
IPF row error: 12.828546, col error: 0.000000
Starting Iterative Proportional Fitting (IPF)...
IPF converged at iteration 27
IPF row error: 17.057636, col error: 0.000000
Starting Iterative Proportional Fitting (IPF)...
IPF converged at iteration 31
IPF row error: 13.792451, col error: 0.000000
Starting Iterative Proportional Fitting (IPF)...
IPF converged at iteration 31
IPF row error: 13.792451, col error: 0.000000
Starting Iterative Proportional Fitting (IPF)...
IPF converged at iteration 37
IPF converged at iteration 31
IPF row error: 5.146263, col error: 0.000000
IPF row error: 13.792451, col error: 0.000000
  [2019/test] 진행 1200/1750 (68.6%) | 누적 CPC 0.2232 | RMSE 269356.6256 | %RMSE 13468.7416 | 경과 17.2분 | 예상 남음 7.9분
Starting Iterative Proportional Fitting (IPF)...
Starting Iterative Proportional Fitting (IPF)...
IPF converged at iteration 31
IPF row error: 13.826513, col error: 0.000000
Starting Iterative Proportional Fitting (IPF)...
IPF converged at iteration 31
IPF row error: 13.826513, col error: 0.000000
Starting Iterative Proportional Fitting (IPF)...
IPF converged at iteration 31
IPF row error: 13.826513, col error: 0.000000
IPF converged at iteration 31
IPF row error: 13.826513, col error: 0.000000
Starting Iterative Proportional Fitting (IPF)...
Starting Iterative Proportional Fitting (IPF)...
IPF converged at iteration 31
IPF row error: 11.959524, col error: 0.000000
Starting Iterative Proportional Fitting (IPF)...
IPF converged at iteration 29
IPF row error: 15.040393, col error: 0.000000
Starting Iterative Proportional Fitting (IPF)...
IPF converged at iteration 30
IPF row error: 13.908349, col error: 0.000000
IPF converged at iteration 31
IPF row error: 13.826513, col error: 0.000000
Starting Iterative Proportional Fitting (IPF)...
Starting Iterative Proportional Fitting (IPF)...
IPF converged at iteration 31
IPF row error: 13.826513, col error: 0.000000
Starting Iterative Proportional Fitting (IPF)...
IPF converged at iteration 31
IPF row error: 13.826513, col error: 0.000000
Starting Iterative Proportional Fitting (IPF)...
IPF converged at iteration 31
IPF row error: 13.826513, col error: 0.000000
Starting Iterative Proportional Fitting (IPF)...
IPF converged at iteration 37
IPF row error: 3.883891, col error: 0.000000
IPF converged at iteration 29
Starting Iterative Proportional Fitting (IPF)...
IPF row error: 13.300322, col error: 0.000000
Starting Iterative Proportional Fitting (IPF)...
IPF converged at iteration 40
IPF row error: 2.011643, col error: 0.000000
IPF converged at iteration 30
IPF row error: 18.085851, col error: 0.000000
Starting Iterative Proportional Fitting (IPF)...
Starting Iterative Proportional Fitting (IPF)...
IPF converged at iteration 31
IPF row error: 13.826513, col error: 0.000000
IPF converged at iteration 31
Starting Iterative Proportional Fitting (IPF)...
IPF row error: 13.826513, col error: 0.000000
Starting Iterative Proportional Fitting (IPF)...
IPF converged at iteration 31
IPF row error: 13.826513, col error: 0.000000
IPF converged at iteration 31
IPF row error: 13.826513, col error: 0.000000
Starting Iterative Proportional Fitting (IPF)...
Starting Iterative Proportional Fitting (IPF)...
IPF converged at iteration 27
IPF row error: 13.988499, col error: 0.000000
Starting Iterative Proportional Fitting (IPF)...
IPF converged at iteration 31
IPF row error: 13.826513, col error: 0.000000
Starting Iterative Proportional Fitting (IPF)...
IPF converged at iteration 31
IPF row error: 13.826513, col error: 0.000000
Starting Iterative Proportional Fitting (IPF)...
IPF converged at iteration 33
IPF row error: 10.480142, col error: 0.000000
Starting Iterative Proportional Fitting (IPF)...
IPF converged at iteration 31
IPF row error: 13.826513, col error: 0.000000
Starting Iterative Proportional Fitting (IPF)...
IPF converged at iteration 53
IPF row error: 1.274155, col error: 0.000000
Starting Iterative Proportional Fitting (IPF)...
IPF converged at iteration 26
IPF row error: 22.962666, col error: 0.000000
Starting Iterative Proportional Fitting (IPF)...
IPF converged at iteration 31
IPF row error: 13.826513, col error: 0.000000
Starting Iterative Proportional Fitting (IPF)...
IPF converged at iteration 31
IPF row error: 9.065774, col error: 0.000000
Starting Iterative Proportional Fitting (IPF)...
IPF converged at iteration 31
IPF row error: 13.826513, col error: 0.000000
Starting Iterative Proportional Fitting (IPF)...
IPF converged at iteration 29
IPF row error: 14.457748, col error: 0.000000
  [2019/test] 진행 1230/1750 (70.3%) | 누적 CPC 0.2240 | RMSE 262788.6638 | %RMSE 13140.6281 | 경과 17.5분 | 예상 남음 7.4분
Starting Iterative Proportional Fitting (IPF)...
IPF converged at iteration 31
IPF row error: 13.826513, col error: 0.000000
Starting Iterative Proportional Fitting (IPF)...
IPF converged at iteration 31
IPF row error: 13.826513, col error: 0.000000
Starting Iterative Proportional Fitting (IPF)...
IPF converged at iteration 32
IPF row error: 13.258339, col error: 0.000000
Starting Iterative Proportional Fitting (IPF)...
IPF converged at iteration 31
IPF row error: 13.826513, col error: 0.000000
Starting Iterative Proportional Fitting (IPF)...
IPF converged at iteration 70
IPF row error: 1.451073, col error: 0.000000
IPF converged at iteration 31
IPF row error: 13.826513, col error: 0.000000
Starting Iterative Proportional Fitting (IPF)...
Starting Iterative Proportional Fitting (IPF)...
IPF converged at iteration 28
IPF row error: 12.450888, col error: 0.000000
Starting Iterative Proportional Fitting (IPF)...
IPF converged at iteration 31
IPF row error: 13.826513, col error: 0.000000
Starting Iterative Proportional Fitting (IPF)...
IPF converged at iteration 30
IPF row error: 14.259317, col error: 0.000000
Starting Iterative Proportional Fitting (IPF)...
IPF converged at iteration 31
IPF row error: 13.826513, col error: 0.000000
Starting Iterative Proportional Fitting (IPF)...
IPF converged at iteration 45
IPF row error: 1.337958, col error: 0.000000
Starting Iterative Proportional Fitting (IPF)...
IPF converged at iteration 26
IPF row error: 14.426131, col error: 0.000000
Starting Iterative Proportional Fitting (IPF)...
IPF converged at iteration 31
IPF row error: 13.826513, col error: 0.000000
Starting Iterative Proportional Fitting (IPF)...
IPF converged at iteration 31
IPF row error: 11.624510, col error: 0.000000
IPF converged at iteration 29
IPF row error: 13.567764, col error: 0.000000
Starting Iterative Proportional Fitting (IPF)...
Starting Iterative Proportional Fitting (IPF)...
IPF converged at iteration 31
IPF row error: 13.826513, col error: 0.000000
Starting Iterative Proportional Fitting (IPF)...
IPF converged at iteration 31
IPF row error: 13.826513, col error: 0.000000
Starting Iterative Proportional Fitting (IPF)...
IPF converged at iteration 28
IPF row error: 17.749984, col error: 0.000000
Starting Iterative Proportional Fitting (IPF)...
IPF converged at iteration 31
IPF row error: 13.826513, col error: 0.000000
Starting Iterative Proportional Fitting (IPF)...
IPF converged at iteration 28
IPF row error: 14.410711, col error: 0.000000
Starting Iterative Proportional Fitting (IPF)...
IPF row error: 308960.177310, col error: 0.000000
Starting Iterative Proportional Fitting (IPF)...
IPF row error: 186868.361429, col error: 0.000001
Starting Iterative Proportional Fitting (IPF)...
IPF row error: 186868.361429, col error: 0.000001
Starting Iterative Proportional Fitting (IPF)...
IPF row error: 308429.022606, col error: 0.000000
Starting Iterative Proportional Fitting (IPF)...
IPF row error: 188166.365271, col error: 0.000000
Starting Iterative Proportional Fitting (IPF)...
IPF row error: 186868.361429, col error: 0.000001
Starting Iterative Proportional Fitting (IPF)...
IPF row error: 312929.759115, col error: 0.000000
Starting Iterative Proportional Fitting (IPF)...
IPF row error: 308239.322245, col error: 0.000001
Starting Iterative Proportional Fitting (IPF)...
IPF row error: 309385.233271, col error: 0.000001
Starting Iterative Proportional Fitting (IPF)...
IPF row error: 188286.553817, col error: 0.000001
  [2019/test] 진행 1260/1750 (72.0%) | 누적 CPC 0.2227 | RMSE 275473.9312 | %RMSE 15358.0224 | 경과 18.0분 | 예상 남음 7.0분
Starting Iterative Proportional Fitting (IPF)...
IPF row error: 191447.160378, col error: 0.000000
Starting Iterative Proportional Fitting (IPF)...
IPF row error: 165732.271810, col error: 0.000001
Starting Iterative Proportional Fitting (IPF)...
IPF row error: 187171.209582, col error: 0.000001
Starting Iterative Proportional Fitting (IPF)...
IPF row error: 170958.034509, col error: 0.000000
Starting Iterative Proportional Fitting (IPF)...
IPF row error: 190759.647204, col error: 0.000001
Starting Iterative Proportional Fitting (IPF)...
IPF row error: 193228.667865, col error: 0.000002
Starting Iterative Proportional Fitting (IPF)...
IPF row error: 308239.322246, col error: 0.000000
Starting Iterative Proportional Fitting (IPF)...
IPF row error: 183328.655224, col error: 0.000000
Starting Iterative Proportional Fitting (IPF)...
IPF row error: 187131.456511, col error: 0.000001
Starting Iterative Proportional Fitting (IPF)...
IPF row error: 188840.369440, col error: 0.000001
Starting Iterative Proportional Fitting (IPF)...
IPF row error: 308239.322245, col error: 0.000001
Starting Iterative Proportional Fitting (IPF)...
IPF row error: 189412.644097, col error: 0.000001
Starting Iterative Proportional Fitting (IPF)...
IPF row error: 308562.578934, col error: 0.000000
Starting Iterative Proportional Fitting (IPF)...
IPF row error: 187131.456510, col error: 0.000000
Starting Iterative Proportional Fitting (IPF)...
IPF row error: 308701.390949, col error: 0.000001
Starting Iterative Proportional Fitting (IPF)...
IPF row error: 186868.361492, col error: 0.000000
Starting Iterative Proportional Fitting (IPF)...
IPF row error: 308239.322246, col error: 0.000000
Starting Iterative Proportional Fitting (IPF)...
IPF row error: 313493.000102, col error: 0.000001
Starting Iterative Proportional Fitting (IPF)...
IPF row error: 302146.791104, col error: 0.000000
Starting Iterative Proportional Fitting (IPF)...
IPF row error: 187589.464341, col error: 0.000000
IPF row error: 308239.322246, col error: 0.000001
Starting Iterative Proportional Fitting (IPF)...
Starting Iterative Proportional Fitting (IPF)...
IPF row error: 307982.378778, col error: 0.000000
Starting Iterative Proportional Fitting (IPF)...
IPF row error: 303666.616130, col error: 0.000000
Starting Iterative Proportional Fitting (IPF)...
IPF row error: 275240.664854, col error: 0.000001
IPF row error: 186992.395108, col error: 0.000000
Starting Iterative Proportional Fitting (IPF)...
Starting Iterative Proportional Fitting (IPF)...
IPF row error: 186984.409613, col error: 0.000000
Starting Iterative Proportional Fitting (IPF)...
IPF row error: 180459.617357, col error: 0.000000
Starting Iterative Proportional Fitting (IPF)...
IPF row error: 181802.468639, col error: 0.000001
Starting Iterative Proportional Fitting (IPF)...
IPF row error: 279385.317506, col error: 0.000000
Starting Iterative Proportional Fitting (IPF)...
IPF row error: 188718.015460, col error: 0.000000
  [2019/test] 진행 1290/1750 (73.7%) | 누적 CPC 0.2175 | RMSE 326581.0235 | %RMSE 22573.5620 | 경과 18.9분 | 예상 남음 6.7분
Starting Iterative Proportional Fitting (IPF)...
IPF row error: 186868.361429, col error: 0.000001
Starting Iterative Proportional Fitting (IPF)...
IPF row error: 307999.120857, col error: 0.000000
IPF row error: 173655.094055, col error: 0.000000
Starting Iterative Proportional Fitting (IPF)...
Starting Iterative Proportional Fitting (IPF)...
IPF row error: 187131.456511, col error: 0.000001
Starting Iterative Proportional Fitting (IPF)...
IPF row error: 309433.450510, col error: 0.000000
Starting Iterative Proportional Fitting (IPF)...
IPF row error: 308176.732969, col error: 0.000000
IPF row error: 175918.408972, col error: 0.000000
Starting Iterative Proportional Fitting (IPF)...
Starting Iterative Proportional Fitting (IPF)...
IPF row error: 166433.450353, col error: 0.000000
Starting Iterative Proportional Fitting (IPF)...
IPF row error: 127417.888036, col error: 0.000000
Starting Iterative Proportional Fitting (IPF)...
IPF row error: 154986.270401, col error: 0.000001
IPF row error: 305823.492342, col error: 0.000000
Starting Iterative Proportional Fitting (IPF)...
Starting Iterative Proportional Fitting (IPF)...
IPF row error: 179235.941326, col error: 0.000000
Starting Iterative Proportional Fitting (IPF)...
IPF row error: 308931.745673, col error: 0.000000
Starting Iterative Proportional Fitting (IPF)...
IPF row error: 309559.711456, col error: 0.000000
IPF row error: 188954.789240, col error: 0.000001
Starting Iterative Proportional Fitting (IPF)...
Starting Iterative Proportional Fitting (IPF)...
IPF row error: 314455.221936, col error: 0.000001
Starting Iterative Proportional Fitting (IPF)...
IPF row error: 310534.738785, col error: 0.000000
Starting Iterative Proportional Fitting (IPF)...
IPF row error: 302615.967927, col error: 0.000000
IPF row error: 308931.745673, col error: 0.000000
Starting Iterative Proportional Fitting (IPF)...
Starting Iterative Proportional Fitting (IPF)...
IPF row error: 308931.745673, col error: 0.000001
Starting Iterative Proportional Fitting (IPF)...
IPF row error: 311103.704480, col error: 0.000000
Starting Iterative Proportional Fitting (IPF)...
IPF row error: 308931.745673, col error: 0.000000
IPF row error: 308931.745673, col error: 0.000000
Starting Iterative Proportional Fitting (IPF)...
Starting Iterative Proportional Fitting (IPF)...
IPF row error: 171890.265786, col error: 0.000000
Starting Iterative Proportional Fitting (IPF)...
IPF row error: 318140.989075, col error: 0.000000
Starting Iterative Proportional Fitting (IPF)...
IPF row error: 308274.272569, col error: 0.000000
IPF row error: 310019.598609, col error: 0.000001
Starting Iterative Proportional Fitting (IPF)...
Starting Iterative Proportional Fitting (IPF)...
IPF row error: 314322.219877, col error: 0.000000
Starting Iterative Proportional Fitting (IPF)...
IPF row error: 308931.745673, col error: 0.000000
Starting Iterative Proportional Fitting (IPF)...
IPF row error: 187021.831629, col error: 0.000000
  [2019/test] 진행 1320/1750 (75.4%) | 누적 CPC 0.2126 | RMSE 382188.9997 | %RMSE 28077.7614 | 경과 19.8분 | 예상 남음 6.4분
IPF row error: 304760.284139, col error: 0.000000
Starting Iterative Proportional Fitting (IPF)...
Starting Iterative Proportional Fitting (IPF)...
IPF row error: 308274.272569, col error: 0.000000
Starting Iterative Proportional Fitting (IPF)...
IPF row error: 311348.349106, col error: 0.000000
Starting Iterative Proportional Fitting (IPF)...IPF row error: 187021.831629, col error: 0.000000

IPF row error: 187021.831629, col error: 0.000000
Starting Iterative Proportional Fitting (IPF)...
Starting Iterative Proportional Fitting (IPF)...
IPF row error: 245226.293078, col error: 0.000000
Starting Iterative Proportional Fitting (IPF)...
IPF row error: 187021.831629, col error: 0.000000
IPF row error: 187021.831629, col error: 0.000000
Starting Iterative Proportional Fitting (IPF)...
IPF row error: 308931.745673, col error: 0.000000
Starting Iterative Proportional Fitting (IPF)...
Starting Iterative Proportional Fitting (IPF)...
IPF row error: 308931.745673, col error: 0.000000
Starting Iterative Proportional Fitting (IPF)...
IPF row error: 170507.804124, col error: 0.000000
IPF row error: 308931.745673, col error: 0.000001
Starting Iterative Proportional Fitting (IPF)...
IPF row error: 187993.625531, col error: 0.000001
Starting Iterative Proportional Fitting (IPF)...
Starting Iterative Proportional Fitting (IPF)...
IPF row error: 305001.488339, col error: 0.000000
Starting Iterative Proportional Fitting (IPF)...
IPF row error: 317067.320711, col error: 0.000000
IPF row error: 308931.745673, col error: 0.000000
Starting Iterative Proportional Fitting (IPF)...
IPF row error: 187021.831629, col error: 0.000000
Starting Iterative Proportional Fitting (IPF)...
Starting Iterative Proportional Fitting (IPF)...
IPF row error: 308931.745673, col error: 0.000001
Starting Iterative Proportional Fitting (IPF)...
IPF row error: 308931.745673, col error: 0.000000
IPF row error: 191473.880934, col error: 0.000001
Starting Iterative Proportional Fitting (IPF)...
IPF row error: 287614.433393, col error: 0.000000
Starting Iterative Proportional Fitting (IPF)...
Starting Iterative Proportional Fitting (IPF)...
IPF row error: 308931.745673, col error: 0.000000
Starting Iterative Proportional Fitting (IPF)...
IPF row error: 187021.831629, col error: 0.000000
IPF row error: 295642.529180, col error: 0.000000
Starting Iterative Proportional Fitting (IPF)...
IPF row error: 187021.831629, col error: 0.000000
Starting Iterative Proportional Fitting (IPF)...
Starting Iterative Proportional Fitting (IPF)...
IPF row error: 187021.831629, col error: 0.000000
Starting Iterative Proportional Fitting (IPF)...
IPF row error: 308408.054460, col error: 0.000000
IPF row error: 309927.170159, col error: 0.000000
Starting Iterative Proportional Fitting (IPF)...
IPF row error: 308931.745673, col error: 0.000000
Starting Iterative Proportional Fitting (IPF)...
Starting Iterative Proportional Fitting (IPF)...
IPF row error: 310982.929563, col error: 0.000001
  [2019/test] 진행 1350/1750 (77.1%) | 누적 CPC 0.2078 | RMSE 442023.8196 | %RMSE 32183.6307 | 경과 20.6분 | 예상 남음 6.1분
Starting Iterative Proportional Fitting (IPF)...
IPF row error: 289819.605472, col error: 0.000000
IPF row error: 268081.770930, col error: 0.000001
Starting Iterative Proportional Fitting (IPF)...
IPF row error: 176088.272162, col error: 0.000000
Starting Iterative Proportional Fitting (IPF)...
Starting Iterative Proportional Fitting (IPF)...
IPF row error: 288530.127597, col error: 0.000000
Starting Iterative Proportional Fitting (IPF)...
IPF row error: 293064.178957, col error: 0.000000
IPF row error: 288530.127597, col error: 0.000000
Starting Iterative Proportional Fitting (IPF)...
IPF row error: 295104.450646, col error: 0.000000
Starting Iterative Proportional Fitting (IPF)...
Starting Iterative Proportional Fitting (IPF)...
IPF row error: 171878.205241, col error: 0.000000
Starting Iterative Proportional Fitting (IPF)...
IPF row error: 289519.446455, col error: 0.000000
IPF row error: 179503.883571, col error: 0.000000
Starting Iterative Proportional Fitting (IPF)...
IPF row error: 168834.625057, col error: 0.000000
Starting Iterative Proportional Fitting (IPF)...
Starting Iterative Proportional Fitting (IPF)...
IPF row error: 288530.127597, col error: 0.000000
Starting Iterative Proportional Fitting (IPF)...
IPF row error: 174648.863431, col error: 0.000000
IPF row error: 253245.792600, col error: 0.000000
Starting Iterative Proportional Fitting (IPF)...
IPF row error: 173860.917684, col error: 0.000000
Starting Iterative Proportional Fitting (IPF)...
Starting Iterative Proportional Fitting (IPF)...
IPF row error: 171804.230519, col error: 0.000000
Starting Iterative Proportional Fitting (IPF)...
IPF row error: 173833.851611, col error: 0.000000
IPF row error: 288530.127597, col error: 0.000000
IPF row error: 291170.976127, col error: 0.000000
Starting Iterative Proportional Fitting (IPF)...
Starting Iterative Proportional Fitting (IPF)...
Starting Iterative Proportional Fitting (IPF)...
IPF row error: 285362.173471, col error: 0.000000
Starting Iterative Proportional Fitting (IPF)...
IPF row error: 175906.254462, col error: 0.000000
IPF row error: 285919.895327, col error: 0.000000
IPF row error: 171878.205241, col error: 0.000000
Starting Iterative Proportional Fitting (IPF)...
Starting Iterative Proportional Fitting (IPF)...
Starting Iterative Proportional Fitting (IPF)...
IPF row error: 177047.761252, col error: 0.000000
Starting Iterative Proportional Fitting (IPF)...
IPF row error: 289819.605472, col error: 0.000000
IPF row error: 288530.127597, col error: 0.000000
IPF row error: 175385.791271, col error: 0.000000
Starting Iterative Proportional Fitting (IPF)...
Starting Iterative Proportional Fitting (IPF)...
Starting Iterative Proportional Fitting (IPF)...
IPF row error: 294849.582349, col error: 0.000000
Starting Iterative Proportional Fitting (IPF)...
IPF row error: 288530.127597, col error: 0.000000
IPF row error: 293064.178957, col error: 0.000000
  [2019/test] 진행 1380/1750 (78.9%) | 누적 CPC 0.2033 | RMSE 487730.0884 | %RMSE 34048.5533 | 경과 21.5분 | 예상 남음 5.8분
IPF row error: 290178.054459, col error: 0.000000
Starting Iterative Proportional Fitting (IPF)...
Starting Iterative Proportional Fitting (IPF)...
Starting Iterative Proportional Fitting (IPF)...
IPF row error: 173860.917684, col error: 0.000000
Starting Iterative Proportional Fitting (IPF)...
IPF row error: 293064.178957, col error: 0.000000
IPF row error: 175966.140655, col error: 0.000000
Starting Iterative Proportional Fitting (IPF)...
IPF row error: 164503.092656, col error: 0.000000
Starting Iterative Proportional Fitting (IPF)...
Starting Iterative Proportional Fitting (IPF)...
IPF row error: 171878.205241, col error: 0.000000
Starting Iterative Proportional Fitting (IPF)...
IPF row error: 174372.094610, col error: 0.000000
IPF row error: 173860.917684, col error: 0.000000
IPF row error: 171878.205241, col error: 0.000000
Starting Iterative Proportional Fitting (IPF)...
Starting Iterative Proportional Fitting (IPF)...
Starting Iterative Proportional Fitting (IPF)...
IPF row error: 291136.502538, col error: 0.000000
Starting Iterative Proportional Fitting (IPF)...
IPF row error: 171878.205241, col error: 0.000000
IPF row error: 174648.863431, col error: 0.000000
IPF row error: 289819.605472, col error: 0.000000
Starting Iterative Proportional Fitting (IPF)...
Starting Iterative Proportional Fitting (IPF)...
Starting Iterative Proportional Fitting (IPF)...
IPF row error: 172779.618740, col error: 0.000000
Starting Iterative Proportional Fitting (IPF)...
IPF row error: 278231.351342, col error: 0.000000
IPF row error: 176172.311487, col error: 0.000000
IPF row error: 168974.338890, col error: 0.000000
Starting Iterative Proportional Fitting (IPF)...
Starting Iterative Proportional Fitting (IPF)...
Starting Iterative Proportional Fitting (IPF)...
IPF row error: 299866.329073, col error: 0.000000
Starting Iterative Proportional Fitting (IPF)...
IPF converged at iteration 55
IPF row error: 1.440044, col error: 0.000000
Starting Iterative Proportional Fitting (IPF)...
IPF converged at iteration 49
IPF row error: 1.253995, col error: 0.000000
Starting Iterative Proportional Fitting (IPF)...
IPF row error: 288530.127597, col error: 0.000000
IPF row error: 174648.863431, col error: 0.000000
Starting Iterative Proportional Fitting (IPF)...
Starting Iterative Proportional Fitting (IPF)...
IPF converged at iteration 62
IPF row error: 1.394560, col error: 0.000000
Starting Iterative Proportional Fitting (IPF)...
IPF converged at iteration 55
IPF row error: 1.457189, col error: 0.000000
Starting Iterative Proportional Fitting (IPF)...
IPF converged at iteration 62
IPF row error: 1.394560, col error: 0.000000
Starting Iterative Proportional Fitting (IPF)...
IPF converged at iteration 62
IPF row error: 1.394560, col error: 0.000000
Starting Iterative Proportional Fitting (IPF)...
IPF converged at iteration 62
IPF row error: 1.395623, col error: 0.000000
Starting Iterative Proportional Fitting (IPF)...
IPF row error: 302491.894518, col error: 0.000000
Starting Iterative Proportional Fitting (IPF)...
IPF converged at iteration 49
IPF row error: 1.252764, col error: 0.000000
Starting Iterative Proportional Fitting (IPF)...
IPF converged at iteration 29
IPF row error: 12.764770, col error: 0.000000
  [2019/test] 진행 1410/1750 (80.6%) | 누적 CPC 0.2000 | RMSE 518687.4656 | %RMSE 35108.4220 | 경과 22.2분 | 예상 남음 5.4분
Starting Iterative Proportional Fitting (IPF)...
IPF converged at iteration 27
IPF row error: 19.687545, col error: 0.000000
Starting Iterative Proportional Fitting (IPF)...
IPF converged at iteration 62
IPF row error: 1.395623, col error: 0.000000
Starting Iterative Proportional Fitting (IPF)...
IPF converged at iteration 30
IPF row error: 15.208891, col error: 0.000000
Starting Iterative Proportional Fitting (IPF)...
IPF converged at iteration 28
IPF row error: 12.788470, col error: 0.000000
Starting Iterative Proportional Fitting (IPF)...
IPF converged at iteration 62
IPF row error: 1.394560, col error: 0.000000
Starting Iterative Proportional Fitting (IPF)...
IPF converged at iteration 49
IPF row error: 1.463021, col error: 0.000000
Starting Iterative Proportional Fitting (IPF)...
IPF converged at iteration 62
IPF row error: 1.383710, col error: 0.000000
IPF converged at iteration 30
IPF row error: 14.227641, col error: 0.000000
IPF converged at iteration 49
IPF row error: 1.243343, col error: 0.000000
Starting Iterative Proportional Fitting (IPF)...
Starting Iterative Proportional Fitting (IPF)...
Starting Iterative Proportional Fitting (IPF)...
IPF converged at iteration 24
IPF row error: 41.544674, col error: 0.000000
Starting Iterative Proportional Fitting (IPF)...
IPF converged at iteration 49
IPF row error: 1.253308, col error: 0.000000
IPF converged at iteration 48
IPF row error: 1.468556, col error: 0.000000
Starting Iterative Proportional Fitting (IPF)...
Starting Iterative Proportional Fitting (IPF)...
IPF converged at iteration 26
IPF row error: 29.501490, col error: 0.000000
IPF converged at iteration 27
IPF row error: 18.788849, col error: 0.000000
Starting Iterative Proportional Fitting (IPF)...
Starting Iterative Proportional Fitting (IPF)...
IPF converged at iteration 62
IPF row error: 1.395887, col error: 0.000000
IPF row error: 307491.348237, col error: 0.000000
Starting Iterative Proportional Fitting (IPF)...
Starting Iterative Proportional Fitting (IPF)...
IPF converged at iteration 28
IPF row error: 12.681099, col error: 0.000000
IPF converged at iteration 31
IPF row error: 11.414753, col error: 0.000000
Starting Iterative Proportional Fitting (IPF)...
Starting Iterative Proportional Fitting (IPF)...
IPF converged at iteration 29
IPF row error: 16.684576, col error: 0.000000
Starting Iterative Proportional Fitting (IPF)...
IPF converged at iteration 49
IPF row error: 1.247032, col error: 0.000000
IPF converged at iteration 30
IPF converged at iteration 29
IPF row error: 12.128051, col error: 0.000000
IPF row error: 10.900232, col error: 0.000000
Starting Iterative Proportional Fitting (IPF)...
Starting Iterative Proportional Fitting (IPF)...
Starting Iterative Proportional Fitting (IPF)...
IPF converged at iteration 31
IPF row error: 13.303906, col error: 0.000000
Starting Iterative Proportional Fitting (IPF)...
IPF converged at iteration 29
IPF row error: 15.582590, col error: 0.000000
Starting Iterative Proportional Fitting (IPF)...
IPF converged at iteration 49
IPF row error: 1.243343, col error: 0.000000
IPF converged at iteration 62
IPF row error: 1.381906, col error: 0.000000
Starting Iterative Proportional Fitting (IPF)...
Starting Iterative Proportional Fitting (IPF)...
IPF converged at iteration 35
IPF row error: 6.863591, col error: 0.000000
Starting Iterative Proportional Fitting (IPF)...
IPF converged at iteration 27
IPF row error: 16.969108, col error: 0.000000
Starting Iterative Proportional Fitting (IPF)...
IPF row error: 313893.621951, col error: 0.000000
IPF converged at iteration 30
IPF row error: 13.526174, col error: 0.000000
  [2019/test] 진행 1440/1750 (82.3%) | 누적 CPC 0.1985 | RMSE 512304.8070 | %RMSE 34538.4782 | 경과 22.7분 | 예상 남음 4.9분
Starting Iterative Proportional Fitting (IPF)...
Starting Iterative Proportional Fitting (IPF)...
IPF converged at iteration 49
IPF row error: 1.243009, col error: 0.000000
Starting Iterative Proportional Fitting (IPF)...
IPF converged at iteration 49
IPF row error: 1.251269, col error: 0.000000
Starting Iterative Proportional Fitting (IPF)...
IPF converged at iteration 49
IPF row error: 1.251966, col error: 0.000000
IPF converged at iteration 49
IPF row error: 1.253308, col error: 0.000000
Starting Iterative Proportional Fitting (IPF)...
Starting Iterative Proportional Fitting (IPF)...
IPF converged at iteration 31
IPF row error: 11.692572, col error: 0.000000
Starting Iterative Proportional Fitting (IPF)...
IPF converged at iteration 62
IPF row error: 1.395887, col error: 0.000000
Starting Iterative Proportional Fitting (IPF)...
IPF row error: 307491.348237, col error: 0.000000
Starting Iterative Proportional Fitting (IPF)...
IPF converged at iteration 28
IPF row error: 13.059325, col error: 0.000000
Starting Iterative Proportional Fitting (IPF)...
IPF row error: 308019.079545, col error: 0.000000
Starting Iterative Proportional Fitting (IPF)...
IPF converged at iteration 62
IPF row error: 1.394560, col error: 0.000000
Starting Iterative Proportional Fitting (IPF)...
IPF converged at iteration 29
IPF row error: 14.593104, col error: 0.000000
Starting Iterative Proportional Fitting (IPF)...
IPF row error: 308565.540304, col error: 0.000000
Starting Iterative Proportional Fitting (IPF)...
IPF converged at iteration 29
IPF row error: 13.994731, col error: 0.000000
Starting Iterative Proportional Fitting (IPF)...
IPF converged at iteration 62
IPF row error: 1.306235, col error: 0.000000
Starting Iterative Proportional Fitting (IPF)...
IPF converged at iteration 51
IPF row error: 1.432456, col error: 0.000000
Starting Iterative Proportional Fitting (IPF)...
IPF row error: 308563.662654, col error: 0.000000
Starting Iterative Proportional Fitting (IPF)...
IPF converged at iteration 51
IPF row error: 1.454055, col error: 0.000000
Starting Iterative Proportional Fitting (IPF)...
IPF converged at iteration 30
IPF row error: 12.345114, col error: 0.000000
Starting Iterative Proportional Fitting (IPF)...
IPF converged at iteration 51
IPF row error: 1.452157, col error: 0.000000
IPF converged at iteration 26
IPF row error: 13.920522, col error: 0.000000
Starting Iterative Proportional Fitting (IPF)...
IPF converged at iteration 51
IPF row error: 1.433820, col error: 0.000000
Starting Iterative Proportional Fitting (IPF)...
Starting Iterative Proportional Fitting (IPF)...
IPF converged at iteration 51
IPF row error: 1.439296, col error: 0.000000
IPF converged at iteration 51
IPF row error: 1.452157, col error: 0.000000
Starting Iterative Proportional Fitting (IPF)...
Starting Iterative Proportional Fitting (IPF)...
IPF converged at iteration 62
IPF row error: 1.306235, col error: 0.000000
Starting Iterative Proportional Fitting (IPF)...
IPF converged at iteration 62
IPF row error: 1.306235, col error: 0.000000
Starting Iterative Proportional Fitting (IPF)...
IPF converged at iteration 32
IPF row error: 8.212523, col error: 0.000000
Starting Iterative Proportional Fitting (IPF)...
IPF converged at iteration 29
IPF row error: 15.584990, col error: 0.000000
Starting Iterative Proportional Fitting (IPF)...
IPF converged at iteration 51
IPF row error: 1.432456, col error: 0.000000
IPF converged at iteration 51
IPF row error: 1.451303, col error: 0.000000
Starting Iterative Proportional Fitting (IPF)...
Starting Iterative Proportional Fitting (IPF)...
IPF converged at iteration 30
IPF row error: 9.881549, col error: 0.000000
  [2019/test] 진행 1470/1750 (84.0%) | 누적 CPC 0.1962 | RMSE 510371.8566 | %RMSE 34131.0895 | 경과 23.5분 | 예상 남음 4.5분
IPF converged at iteration 28
Starting Iterative Proportional Fitting (IPF)...
IPF row error: 15.214354, col error: 0.000000
Starting Iterative Proportional Fitting (IPF)...
IPF converged at iteration 51
IPF row error: 1.449752, col error: 0.000000
Starting Iterative Proportional Fitting (IPF)...
IPF converged at iteration 51
IPF row error: 1.451303, col error: 0.000000
Starting Iterative Proportional Fitting (IPF)...
IPF converged at iteration 28
IPF row error: 12.402173, col error: 0.000000
Starting Iterative Proportional Fitting (IPF)...
IPF converged at iteration 35
IPF row error: 5.109162, col error: 0.000000
Starting Iterative Proportional Fitting (IPF)...
IPF converged at iteration 51
IPF row error: 1.439296, col error: 0.000000
Starting Iterative Proportional Fitting (IPF)...
IPF converged at iteration 62
IPF row error: 1.323028, col error: 0.000000
Starting Iterative Proportional Fitting (IPF)...
IPF converged at iteration 51
IPF row error: 1.451063, col error: 0.000000
Starting Iterative Proportional Fitting (IPF)...
IPF converged at iteration 59
IPF row error: 1.404397, col error: 0.000000
Starting Iterative Proportional Fitting (IPF)...
IPF row error: 310946.694315, col error: 0.000000
Starting Iterative Proportional Fitting (IPF)...
IPF converged at iteration 42
IPF row error: 1.201201, col error: 0.000000
IPF converged at iteration 51
Starting Iterative Proportional Fitting (IPF)...
IPF row error: 1.454055, col error: 0.000000
Starting Iterative Proportional Fitting (IPF)...
IPF converged at iteration 31
IPF row error: 13.516021, col error: 0.000000
Starting Iterative Proportional Fitting (IPF)...
IPF converged at iteration 29
IPF row error: 11.212293, col error: 0.000000
Starting Iterative Proportional Fitting (IPF)...
IPF converged at iteration 51
IPF row error: 1.454055, col error: 0.000000
IPF converged at iteration 24
IPF row error: 28.932043, col error: 0.000000
Starting Iterative Proportional Fitting (IPF)...
Starting Iterative Proportional Fitting (IPF)...
IPF converged at iteration 51
IPF row error: 1.425098, col error: 0.000000
Starting Iterative Proportional Fitting (IPF)...
IPF converged at iteration 30
IPF converged at iteration 31
IPF row error: 11.532969, col error: 0.000000
IPF row error: 13.335197, col error: 0.000000
Starting Iterative Proportional Fitting (IPF)...
Starting Iterative Proportional Fitting (IPF)...
IPF converged at iteration 62
IPF row error: 1.326288, col error: 0.000000
Starting Iterative Proportional Fitting (IPF)...
IPF converged at iteration 51
IPF row error: 1.449179, col error: 0.000000
Starting Iterative Proportional Fitting (IPF)...
IPF converged at iteration 29
IPF row error: 12.726751, col error: 0.000000
Starting Iterative Proportional Fitting (IPF)...
IPF converged at iteration 62
IPF row error: 1.326288, col error: 0.000000
IPF converged at iteration 32
Starting Iterative Proportional Fitting (IPF)...
IPF row error: 10.494918, col error: 0.000000
IPF converged at iteration 51
IPF row error: 1.439240, col error: 0.000000
Starting Iterative Proportional Fitting (IPF)...
Starting Iterative Proportional Fitting (IPF)...
IPF converged at iteration 51
IPF row error: 1.432456, col error: 0.000000
Starting Iterative Proportional Fitting (IPF)...
IPF converged at iteration 27
IPF row error: 24.176811, col error: 0.000000
Starting Iterative Proportional Fitting (IPF)...
IPF converged at iteration 33
IPF row error: 8.618817, col error: 0.000000
Starting Iterative Proportional Fitting (IPF)...
IPF converged at iteration 51
IPF row error: 1.448432, col error: 0.000000
Starting Iterative Proportional Fitting (IPF)...
IPF converged at iteration 30
IPF row error: 27.858414, col error: 0.000000
  [2019/test] 진행 1500/1750 (85.7%) | 누적 CPC 0.1942 | RMSE 502242.4012 | %RMSE 33526.2838 | 경과 24.1분 | 예상 남음 4.0분
Starting Iterative Proportional Fitting (IPF)...
IPF converged at iteration 51
IPF row error: 1.437412, col error: 0.000000
IPF converged at iteration 31
IPF row error: 13.792451, col error: 0.000000
Starting Iterative Proportional Fitting (IPF)...
Starting Iterative Proportional Fitting (IPF)...
IPF converged at iteration 28
IPF row error: 13.482684, col error: 0.000000
Starting Iterative Proportional Fitting (IPF)...
IPF converged at iteration 31
IPF row error: 13.792451, col error: 0.000000
IPF converged at iteration 27
IPF row error: 21.575420, col error: 0.000000
Starting Iterative Proportional Fitting (IPF)...
IPF converged at iteration 31
Starting Iterative Proportional Fitting (IPF)...
IPF row error: 11.547504, col error: 0.000000
Starting Iterative Proportional Fitting (IPF)...
IPF converged at iteration 29
IPF row error: 11.097498, col error: 0.000000
Starting Iterative Proportional Fitting (IPF)...
IPF converged at iteration 32
IPF row error: 11.255316, col error: 0.000000
IPF converged at iteration 31
IPF row error: 14.085726, col error: 0.000000
Starting Iterative Proportional Fitting (IPF)...
Starting Iterative Proportional Fitting (IPF)...
IPF converged at iteration 31
IPF row error: 13.092473, col error: 0.000000
Starting Iterative Proportional Fitting (IPF)...
IPF converged at iteration 30
IPF row error: 11.596228, col error: 0.000000
Starting Iterative Proportional Fitting (IPF)...
IPF converged at iteration 31
IPF row error: 13.792451, col error: 0.000000
IPF converged at iteration 31
IPF row error: 13.792451, col error: 0.000000
Starting Iterative Proportional Fitting (IPF)...
Starting Iterative Proportional Fitting (IPF)...
IPF converged at iteration 31
IPF row error: 10.180682, col error: 0.000000
Starting Iterative Proportional Fitting (IPF)...
IPF converged at iteration 27
IPF row error: 17.342252, col error: 0.000000
Starting Iterative Proportional Fitting (IPF)...
IPF converged at iteration 29
IPF row error: 10.103905, col error: 0.000000
IPF converged at iteration 31
Starting Iterative Proportional Fitting (IPF)...
IPF row error: 13.792451, col error: 0.000000
Starting Iterative Proportional Fitting (IPF)...
IPF converged at iteration 31
IPF row error: 13.792451, col error: 0.000000
Starting Iterative Proportional Fitting (IPF)...
IPF converged at iteration 34
IPF row error: 6.805114, col error: 0.000000
Starting Iterative Proportional Fitting (IPF)...
IPF converged at iteration 31
IPF row error: 13.792451, col error: 0.000000
IPF converged at iteration 26
IPF row error: 17.459715, col error: 0.000000
Starting Iterative Proportional Fitting (IPF)...
Starting Iterative Proportional Fitting (IPF)...
IPF converged at iteration 47
IPF row error: 1.392406, col error: 0.000000
IPF converged at iteration 31
IPF row error: 13.792451, col error: 0.000000
Starting Iterative Proportional Fitting (IPF)...
Starting Iterative Proportional Fitting (IPF)...
IPF converged at iteration 25
IPF row error: 32.263714, col error: 0.000000
Starting Iterative Proportional Fitting (IPF)...
IPF converged at iteration 35
IPF row error: 5.643841, col error: 0.000000
Starting Iterative Proportional Fitting (IPF)...
IPF converged at iteration 34
IPF converged at iteration 31
IPF row error: 13.792451, col error: 0.000000
IPF row error: 6.824142, col error: 0.000000
Starting Iterative Proportional Fitting (IPF)...
Starting Iterative Proportional Fitting (IPF)...
IPF converged at iteration 31
IPF row error: 13.792451, col error: 0.000000
Starting Iterative Proportional Fitting (IPF)...
IPF converged at iteration 31
IPF row error: 13.792451, col error: 0.000000
IPF converged at iteration 24
Starting Iterative Proportional Fitting (IPF)...
IPF row error: 31.427007, col error: 0.000000
  [2019/test] 진행 1530/1750 (87.4%) | 누적 CPC 0.1964 | RMSE 492400.3406 | %RMSE 32869.2082 | 경과 24.5분 | 예상 남음 3.5분
Starting Iterative Proportional Fitting (IPF)...
IPF converged at iteration 30
IPF row error: 8.168140, col error: 0.000000
Starting Iterative Proportional Fitting (IPF)...
IPF converged at iteration 31
IPF row error: 13.792451, col error: 0.000000
IPF converged at iteration 31
Starting Iterative Proportional Fitting (IPF)...
IPF row error: 13.792451, col error: 0.000000
IPF converged at iteration 61
IPF row error: 1.316925, col error: 0.000000
Starting Iterative Proportional Fitting (IPF)...
Starting Iterative Proportional Fitting (IPF)...
IPF converged at iteration 31
IPF row error: 13.792451, col error: 0.000000
Starting Iterative Proportional Fitting (IPF)...
IPF converged at iteration 31
IPF row error: 13.792451, col error: 0.000000
IPF converged at iteration 31
Starting Iterative Proportional Fitting (IPF)...
IPF row error: 13.792451, col error: 0.000000
Starting Iterative Proportional Fitting (IPF)...
IPF converged at iteration 32
IPF row error: 10.031019, col error: 0.000000
Starting Iterative Proportional Fitting (IPF)...
IPF converged at iteration 59
IPF converged at iteration 28
IPF row error: 4.841245, col error: 0.000000
IPF row error: 11.245568, col error: 0.000000
IPF converged at iteration 28
IPF row error: 17.305020, col error: 0.000000
Starting Iterative Proportional Fitting (IPF)...Starting Iterative Proportional Fitting (IPF)...

Starting Iterative Proportional Fitting (IPF)...
IPF converged at iteration 31
IPF row error: 13.792451, col error: 0.000000
Starting Iterative Proportional Fitting (IPF)...
IPF converged at iteration 31
IPF converged at iteration 31
IPF row error: 13.792451, col error: 0.000000
IPF row error: 7.900780, col error: 0.000000
IPF converged at iteration 31
IPF row error: 13.783616, col error: 0.000000
Starting Iterative Proportional Fitting (IPF)...
Starting Iterative Proportional Fitting (IPF)...
Starting Iterative Proportional Fitting (IPF)...
IPF converged at iteration 29
IPF row error: 15.041090, col error: 0.000000
Starting Iterative Proportional Fitting (IPF)...
IPF converged at iteration 27
IPF row error: 18.361596, col error: 0.000000
IPF converged at iteration 29
IPF row error: 13.037656, col error: 0.000000
Starting Iterative Proportional Fitting (IPF)...
IPF converged at iteration 31
Starting Iterative Proportional Fitting (IPF)...
IPF row error: 13.792451, col error: 0.000000
Starting Iterative Proportional Fitting (IPF)...
IPF converged at iteration 28
IPF row error: 17.083862, col error: 0.000000
Starting Iterative Proportional Fitting (IPF)...
IPF converged at iteration 28
IPF row error: 15.181956, col error: 0.000000
Starting Iterative Proportional Fitting (IPF)...
IPF converged at iteration 31
IPF row error: 13.826513, col error: 0.000000
Starting Iterative Proportional Fitting (IPF)...
IPF converged at iteration 47
IPF row error: 1.377483, col error: 0.000000
Starting Iterative Proportional Fitting (IPF)...
IPF converged at iteration 31
IPF converged at iteration 39
IPF row error: 13.826513, col error: 0.000000
IPF row error: 2.155523, col error: 0.000000
Starting Iterative Proportional Fitting (IPF)...
Starting Iterative Proportional Fitting (IPF)...
IPF converged at iteration 29
IPF converged at iteration 42
IPF row error: 13.292688, col error: 0.000000
IPF row error: 1.320888, col error: 0.000000
Starting Iterative Proportional Fitting (IPF)...
Starting Iterative Proportional Fitting (IPF)...
IPF converged at iteration 31
IPF converged at iteration 31
IPF row error: 13.826513, col error: 0.000000
IPF row error: 13.826513, col error: 0.000000
Starting Iterative Proportional Fitting (IPF)...
Starting Iterative Proportional Fitting (IPF)...
IPF converged at iteration 28
IPF converged at iteration 28
IPF row error: 7.110921, col error: 0.000000
  [2019/test] 진행 1560/1750 (89.1%) | 누적 CPC 0.1984 | RMSE 482935.3270 | %RMSE 32237.4072 | 경과 25.1분 | 예상 남음 3.1분
IPF row error: 11.288529, col error: 0.000000
Starting Iterative Proportional Fitting (IPF)...
Starting Iterative Proportional Fitting (IPF)...
IPF converged at iteration 28
IPF converged at iteration 29
IPF row error: 19.789994, col error: 0.000000
IPF row error: 15.155970, col error: 0.000000
Starting Iterative Proportional Fitting (IPF)...
Starting Iterative Proportional Fitting (IPF)...
IPF converged at iteration 31
IPF converged at iteration 31
IPF row error: 13.826513, col error: 0.000000
IPF row error: 13.826513, col error: 0.000000
Starting Iterative Proportional Fitting (IPF)...
Starting Iterative Proportional Fitting (IPF)...
IPF converged at iteration 31
IPF row error: 13.826513, col error: 0.000000
IPF converged at iteration 33
IPF row error: 8.431094, col error: 0.000000
Starting Iterative Proportional Fitting (IPF)...
Starting Iterative Proportional Fitting (IPF)...
IPF converged at iteration 27
IPF row error: 12.360521, col error: 0.000000
Starting Iterative Proportional Fitting (IPF)...
IPF converged at iteration 31
IPF row error: 13.826513, col error: 0.000000
Starting Iterative Proportional Fitting (IPF)...
IPF converged at iteration 30
IPF row error: 15.994867, col error: 0.000000
Starting Iterative Proportional Fitting (IPF)...
IPF converged at iteration 39
IPF row error: 2.348903, col error: 0.000000
IPF converged at iteration 25
Starting Iterative Proportional Fitting (IPF)...
IPF converged at iteration 30
IPF row error: 30.633035, col error: 0.000000
IPF row error: 10.610365, col error: 0.000000
Starting Iterative Proportional Fitting (IPF)...
Starting Iterative Proportional Fitting (IPF)...
IPF converged at iteration 36
IPF row error: 4.532611, col error: 0.000000
Starting Iterative Proportional Fitting (IPF)...
IPF converged at iteration 31
IPF row error: 11.913851, col error: 0.000000
IPF converged at iteration 28
IPF row error: 16.439930, col error: 0.000000
IPF converged at iteration 31
Starting Iterative Proportional Fitting (IPF)...
IPF row error: 13.826513, col error: 0.000000
Starting Iterative Proportional Fitting (IPF)...
Starting Iterative Proportional Fitting (IPF)...
IPF converged at iteration 28
IPF row error: 13.391619, col error: 0.000000
Starting Iterative Proportional Fitting (IPF)...
IPF converged at iteration 29
IPF row error: 11.786091, col error: 0.000000
Starting Iterative Proportional Fitting (IPF)...
IPF converged at iteration 31
IPF row error: 13.826513, col error: 0.000000
Starting Iterative Proportional Fitting (IPF)...
IPF converged at iteration 38
IPF row error: 3.344299, col error: 0.000000
Starting Iterative Proportional Fitting (IPF)...
IPF converged at iteration 30
IPF row error: 14.008394, col error: 0.000000
Starting Iterative Proportional Fitting (IPF)...
IPF converged at iteration 31
IPF row error: 13.826513, col error: 0.000000
Starting Iterative Proportional Fitting (IPF)...
IPF converged at iteration 31
IPF row error: 13.826513, col error: 0.000000
Starting Iterative Proportional Fitting (IPF)...
IPF converged at iteration 33
IPF row error: 9.849052, col error: 0.000000
Starting Iterative Proportional Fitting (IPF)...
IPF converged at iteration 58
IPF row error: 4.905594, col error: 0.000000
IPF converged at iteration 31
IPF row error: 13.826513, col error: 0.000000
Starting Iterative Proportional Fitting (IPF)...
Starting Iterative Proportional Fitting (IPF)...
IPF converged at iteration 27
IPF row error: 15.259675, col error: 0.000000
Starting Iterative Proportional Fitting (IPF)...
IPF converged at iteration 31
IPF row error: 13.826513, col error: 0.000000
Starting Iterative Proportional Fitting (IPF)...
IPF converged at iteration 28
IPF converged at iteration 31
IPF row error: 14.483717, col error: 0.000000IPF row error: 13.826513, col error: 0.000000

  [2019/test] 진행 1590/1750 (90.9%) | 누적 CPC 0.1994 | RMSE 473824.6782 | %RMSE 31629.4597 | 경과 25.5분 | 예상 남음 2.6분
Starting Iterative Proportional Fitting (IPF)...
Starting Iterative Proportional Fitting (IPF)...
IPF converged at iteration 31
IPF row error: 13.826513, col error: 0.000000
Starting Iterative Proportional Fitting (IPF)...
IPF converged at iteration 31
IPF row error: 13.826513, col error: 0.000000
Starting Iterative Proportional Fitting (IPF)...
IPF converged at iteration 29
IPF row error: 10.962125, col error: 0.000000
IPF converged at iteration 31
IPF row error: 13.826513, col error: 0.000000
Starting Iterative Proportional Fitting (IPF)...
Starting Iterative Proportional Fitting (IPF)...
IPF converged at iteration 31
IPF row error: 13.826513, col error: 0.000000
Starting Iterative Proportional Fitting (IPF)...
IPF converged at iteration 31
IPF row error: 13.826513, col error: 0.000000
Starting Iterative Proportional Fitting (IPF)...
IPF converged at iteration 31
IPF row error: 13.826513, col error: 0.000000
IPF converged at iteration 31
IPF row error: 11.675714, col error: 0.000000
Starting Iterative Proportional Fitting (IPF)...
Starting Iterative Proportional Fitting (IPF)...
IPF converged at iteration 30
IPF row error: 13.780985, col error: 0.000000
Starting Iterative Proportional Fitting (IPF)...
IPF converged at iteration 26
IPF row error: 34.762803, col error: 0.000000
Starting Iterative Proportional Fitting (IPF)...
IPF converged at iteration 54
IPF row error: 1.253653, col error: 0.000000
Starting Iterative Proportional Fitting (IPF)...
IPF converged at iteration 31
IPF row error: 10.469012, col error: 0.000000
Starting Iterative Proportional Fitting (IPF)...
IPF row error: 308239.322246, col error: 0.000000
IPF converged at iteration 54
IPF row error: 1.289892, col error: 0.000000
Starting Iterative Proportional Fitting (IPF)...
Starting Iterative Proportional Fitting (IPF)...
IPF row error: 308552.050746, col error: 0.000000
Starting Iterative Proportional Fitting (IPF)...
IPF converged at iteration 40
IPF row error: 1.994584, col error: 0.000000
Starting Iterative Proportional Fitting (IPF)...
IPF row error: 311527.932457, col error: 0.000000
IPF row error: 307347.831650, col error: 0.000001
Starting Iterative Proportional Fitting (IPF)...
Starting Iterative Proportional Fitting (IPF)...
IPF row error: 308792.287272, col error: 0.000000
Starting Iterative Proportional Fitting (IPF)...
IPF row error: 310801.203722, col error: 0.000000
Starting Iterative Proportional Fitting (IPF)...
IPF converged at iteration 41
IPF row error: 1.289792, col error: 0.000000
Starting Iterative Proportional Fitting (IPF)...
IPF row error: 315340.153284, col error: 0.000001
Starting Iterative Proportional Fitting (IPF)...
IPF row error: 309136.987225, col error: 0.000000
Starting Iterative Proportional Fitting (IPF)...
IPF row error: 308552.050745, col error: 0.000000
Starting Iterative Proportional Fitting (IPF)...
IPF row error: 187822.623171, col error: 0.000001
Starting Iterative Proportional Fitting (IPF)...
IPF converged at iteration 27
IPF row error: 16.473702, col error: 0.000000
Starting Iterative Proportional Fitting (IPF)...
IPF row error: 190988.083237, col error: 0.000000
Starting Iterative Proportional Fitting (IPF)...
IPF row error: 309528.084619, col error: 0.000001
Starting Iterative Proportional Fitting (IPF)...
IPF row error: 284762.481051, col error: 0.000000
  [2019/test] 진행 1620/1750 (92.6%) | 누적 CPC 0.1978 | RMSE 482444.7981 | %RMSE 33717.6017 | 경과 26.4분 | 예상 남음 2.1분
Starting Iterative Proportional Fitting (IPF)...
IPF converged at iteration 36
IPF row error: 4.445830, col error: 0.000000
Starting Iterative Proportional Fitting (IPF)...
IPF converged at iteration 27
IPF row error: 31.102616, col error: 0.000000
Starting Iterative Proportional Fitting (IPF)...
IPF row error: 309465.080016, col error: 0.000000
IPF converged at iteration 28
IPF row error: 12.843850, col error: 0.000000
Starting Iterative Proportional Fitting (IPF)...
Starting Iterative Proportional Fitting (IPF)...
IPF row error: 311709.075707, col error: 0.000000
Starting Iterative Proportional Fitting (IPF)...
IPF converged at iteration 59
IPF row error: 1.272164, col error: 0.000000
IPF converged at iteration 48
IPF row error: 1.450471, col error: 0.000000
Starting Iterative Proportional Fitting (IPF)...
Starting Iterative Proportional Fitting (IPF)...
IPF converged at iteration 29
IPF row error: 10.876528, col error: 0.000000
Starting Iterative Proportional Fitting (IPF)...
IPF row error: 308552.050746, col error: 0.000000
Starting Iterative Proportional Fitting (IPF)...
IPF row error: 308361.521608, col error: 0.000001
Starting Iterative Proportional Fitting (IPF)...
IPF converged at iteration 27
IPF row error: 16.815751, col error: 0.000000
Starting Iterative Proportional Fitting (IPF)...
IPF row error: 308787.090122, col error: 0.000000
Starting Iterative Proportional Fitting (IPF)...
IPF row error: 307004.383203, col error: 0.000000
Starting Iterative Proportional Fitting (IPF)...
IPF converged at iteration 60
IPF row error: 1.282421, col error: 0.000000
Starting Iterative Proportional Fitting (IPF)...
IPF row error: 308592.055704, col error: 0.000000
Starting Iterative Proportional Fitting (IPF)...
IPF converged at iteration 53
IPF row error: 1.340544, col error: 0.000000
Starting Iterative Proportional Fitting (IPF)...
IPF row error: 307999.120857, col error: 0.000000
Starting Iterative Proportional Fitting (IPF)...
IPF row error: 308402.311085, col error: 0.000000
IPF converged at iteration 29
IPF row error: 15.621179, col error: 0.000000
Starting Iterative Proportional Fitting (IPF)...
Starting Iterative Proportional Fitting (IPF)...
IPF row error: 309251.435469, col error: 0.000000
Starting Iterative Proportional Fitting (IPF)...
IPF row error: 289970.314883, col error: 0.000000
Starting Iterative Proportional Fitting (IPF)...
IPF row error: 308362.129679, col error: 0.000000
IPF row error: 308792.287272, col error: 0.000000
Starting Iterative Proportional Fitting (IPF)...
Starting Iterative Proportional Fitting (IPF)...
IPF row error: 307597.392948, col error: 0.000000
Starting Iterative Proportional Fitting (IPF)...
IPF converged at iteration 53
IPF row error: 1.429061, col error: 0.000000
IPF converged at iteration 53
IPF row error: 1.341890, col error: 0.000000
Starting Iterative Proportional Fitting (IPF)...
Starting Iterative Proportional Fitting (IPF)...
IPF row error: 187450.389752, col error: 0.000000
Starting Iterative Proportional Fitting (IPF)...
IPF converged at iteration 30
IPF row error: 15.649307, col error: 0.000000
Starting Iterative Proportional Fitting (IPF)...
IPF converged at iteration 56
IPF converged at iteration 31
IPF row error: 1.369973, col error: 0.000000
IPF row error: 14.761073, col error: 0.000000
  [2019/test] 진행 1650/1750 (94.3%) | 누적 CPC 0.1954 | RMSE 493085.5909 | %RMSE 36194.6953 | 경과 27.5분 | 예상 남음 1.7분
Starting Iterative Proportional Fitting (IPF)...
Starting Iterative Proportional Fitting (IPF)...
IPF row error: 309208.843698, col error: 0.000000
Starting Iterative Proportional Fitting (IPF)...
IPF row error: 308552.050746, col error: 0.000000
IPF converged at iteration 30
IPF row error: 19.085470, col error: 0.000000
Starting Iterative Proportional Fitting (IPF)...
Starting Iterative Proportional Fitting (IPF)...
IPF converged at iteration 26
IPF row error: 18.489453, col error: 0.000000
IPF converged at iteration 30
IPF row error: 16.347660, col error: 0.000000
Starting Iterative Proportional Fitting (IPF)...
Starting Iterative Proportional Fitting (IPF)...
IPF converged at iteration 65
IPF row error: 1.301833, col error: 0.000000
Starting Iterative Proportional Fitting (IPF)...
IPF converged at iteration 56
IPF row error: 1.359582, col error: 0.000000
Starting Iterative Proportional Fitting (IPF)...
IPF converged at iteration 28
IPF row error: 14.389040, col error: 0.000000
IPF converged at iteration 28
Starting Iterative Proportional Fitting (IPF)...
IPF row error: 17.620145, col error: 0.000000
Starting Iterative Proportional Fitting (IPF)...
IPF converged at iteration 29
IPF row error: 15.299275, col error: 0.000000
IPF converged at iteration 54
IPF converged at iteration 28
IPF row error: 17.921584, col error: 0.000000
IPF row error: 1.377812, col error: 0.000000
Starting Iterative Proportional Fitting (IPF)...
Starting Iterative Proportional Fitting (IPF)...
Starting Iterative Proportional Fitting (IPF)...
IPF row error: 308909.670274, col error: 0.000001
Starting Iterative Proportional Fitting (IPF)...
IPF converged at iteration 55
IPF row error: 1.350530, col error: 0.000000
Starting Iterative Proportional Fitting (IPF)...
IPF row error: 302756.319534, col error: 0.000001
IPF row error: 326837.366588, col error: 0.000000
Starting Iterative Proportional Fitting (IPF)...
Starting Iterative Proportional Fitting (IPF)...
IPF converged at iteration 31
IPF row error: 15.179733, col error: 0.000000
IPF row error: 308909.670274, col error: 0.000001
Starting Iterative Proportional Fitting (IPF)...
Starting Iterative Proportional Fitting (IPF)...
IPF converged at iteration 55
IPF row error: 1.350682, col error: 0.000000
Starting Iterative Proportional Fitting (IPF)...
IPF row error: 308085.241377, col error: 0.000000
Starting Iterative Proportional Fitting (IPF)...
IPF converged at iteration 65
IPF row error: 1.299732, col error: 0.000000
Starting Iterative Proportional Fitting (IPF)...
IPF converged at iteration 55
IPF row error: 1.331223, col error: 0.000000
Starting Iterative Proportional Fitting (IPF)...
IPF row error: 299140.211607, col error: 0.000001
Starting Iterative Proportional Fitting (IPF)...
IPF row error: 308931.745673, col error: 0.000000
Starting Iterative Proportional Fitting (IPF)...
IPF converged at iteration 65
IPF row error: 1.304832, col error: 0.000000
Starting Iterative Proportional Fitting (IPF)...
IPF row error: 309756.253749, col error: 0.000000
IPF converged at iteration 43
IPF row error: 1.454214, col error: 0.000000
Starting Iterative Proportional Fitting (IPF)...
Starting Iterative Proportional Fitting (IPF)...
IPF row error: 332841.522648, col error: 0.000000
Starting Iterative Proportional Fitting (IPF)...
IPF converged at iteration 27
IPF row error: 12.914939, col error: 0.000000
Starting Iterative Proportional Fitting (IPF)...
IPF row error: 308643.675591, col error: 0.000000
  [2019/test] 진행 1680/1750 (96.0%) | 누적 CPC 0.1936 | RMSE 502337.4248 | %RMSE 37209.2404 | 경과 28.4분 | 예상 남음 1.2분
Starting Iterative Proportional Fitting (IPF)...
IPF converged at iteration 28
IPF row error: 13.536249, col error: 0.000000
Starting Iterative Proportional Fitting (IPF)...
IPF row error: 306153.035287, col error: 0.000000
Starting Iterative Proportional Fitting (IPF)...
IPF converged at iteration 58
IPF row error: 5.263893, col error: 0.000000
Starting Iterative Proportional Fitting (IPF)...
IPF converged at iteration 55
IPF row error: 1.331223, col error: 0.000000
Starting Iterative Proportional Fitting (IPF)...
IPF row error: 308274.272569, col error: 0.000000
Starting Iterative Proportional Fitting (IPF)...
IPF converged at iteration 30
IPF row error: 11.841671, col error: 0.000000
Starting Iterative Proportional Fitting (IPF)...
IPF converged at iteration 55
IPF row error: 1.348730, col error: 0.000000
Starting Iterative Proportional Fitting (IPF)...
IPF row error: 338354.104224, col error: 0.000000
Starting Iterative Proportional Fitting (IPF)...
IPF row error: 276186.889289, col error: 0.000001
Starting Iterative Proportional Fitting (IPF)...
IPF converged at iteration 30
IPF row error: 12.623213, col error: 0.000000
Starting Iterative Proportional Fitting (IPF)...
IPF row error: 328356.485947, col error: 0.000000
Starting Iterative Proportional Fitting (IPF)...
IPF row error: 330225.259422, col error: 0.000001
Starting Iterative Proportional Fitting (IPF)...
IPF row error: 308931.745673, col error: 0.000000
IPF converged at iteration 65
IPF row error: 1.299732, col error: 0.000000
Starting Iterative Proportional Fitting (IPF)...
Starting Iterative Proportional Fitting (IPF)...
IPF row error: 305234.844975, col error: 0.000000
Starting Iterative Proportional Fitting (IPF)...
IPF converged at iteration 37
IPF row error: 3.202974, col error: 0.000000
Starting Iterative Proportional Fitting (IPF)...
IPF converged at iteration 34
IPF row error: 7.697605, col error: 0.000000
Starting Iterative Proportional Fitting (IPF)...
IPF converged at iteration 65
IPF row error: 1.299732, col error: 0.000000
Starting Iterative Proportional Fitting (IPF)...
IPF converged at iteration 31
IPF row error: 10.216016, col error: 0.000000
Starting Iterative Proportional Fitting (IPF)...
IPF converged at iteration 55
IPF row error: 1.336956, col error: 0.000000
Starting Iterative Proportional Fitting (IPF)...
IPF row error: 298097.916754, col error: 0.000000
Starting Iterative Proportional Fitting (IPF)...
IPF converged at iteration 32
IPF row error: 8.142707, col error: 0.000000
Starting Iterative Proportional Fitting (IPF)...
IPF converged at iteration 40
IPF row error: 1.441641, col error: 0.000000
Starting Iterative Proportional Fitting (IPF)...
IPF row error: 292022.679109, col error: 0.000000
Starting Iterative Proportional Fitting (IPF)...
IPF converged at iteration 46
IPF row error: 1.447977, col error: 0.000000
Starting Iterative Proportional Fitting (IPF)...
IPF row error: 288530.127597, col error: 0.000000
Starting Iterative Proportional Fitting (IPF)...
IPF converged at iteration 30
IPF row error: 12.527637, col error: 0.000000
Starting Iterative Proportional Fitting (IPF)...
IPF converged at iteration 42
IPF row error: 1.250379, col error: 0.000000
Starting Iterative Proportional Fitting (IPF)...
IPF converged at iteration 46
IPF row error: 1.437352, col error: 0.000000
Starting Iterative Proportional Fitting (IPF)...
IPF row error: 288670.902039, col error: 0.000000
  [2019/test] 진행 1710/1750 (97.7%) | 누적 CPC 0.1919 | RMSE 511253.4221 | %RMSE 38009.0334 | 경과 29.3분 | 예상 남음 0.7분
Starting Iterative Proportional Fitting (IPF)...
IPF converged at iteration 42
IPF row error: 1.237184, col error: 0.000000
Starting Iterative Proportional Fitting (IPF)...
IPF converged at iteration 30
IPF row error: 13.796987, col error: 0.000000
Starting Iterative Proportional Fitting (IPF)...
IPF row error: 289844.984517, col error: 0.000000
IPF converged at iteration 44
IPF row error: 1.317560, col error: 0.000000
Starting Iterative Proportional Fitting (IPF)...
Starting Iterative Proportional Fitting (IPF)...
IPF converged at iteration 29
IPF row error: 15.370931, col error: 0.000000
Starting Iterative Proportional Fitting (IPF)...
IPF converged at iteration 42
IPF row error: 1.246116, col error: 0.000000
IPF converged at iteration 52
IPF row error: 1.363934, col error: 0.000000
Starting Iterative Proportional Fitting (IPF)...
Starting Iterative Proportional Fitting (IPF)...
IPF converged at iteration 30
IPF row error: 13.229913, col error: 0.000000
Starting Iterative Proportional Fitting (IPF)...
IPF row error: 262074.242305, col error: 0.000000
Starting Iterative Proportional Fitting (IPF)...
IPF converged at iteration 32
IPF row error: 10.657111, col error: 0.000000
Starting Iterative Proportional Fitting (IPF)...
IPF row error: 286041.094136, col error: 0.000000
Starting Iterative Proportional Fitting (IPF)...
IPF row error: 286977.507424, col error: 0.000000
Starting Iterative Proportional Fitting (IPF)...
IPF converged at iteration 30
IPF row error: 10.952497, col error: 0.000000
IPF row error: 282747.582877, col error: 0.000000
Starting Iterative Proportional Fitting (IPF)...
Starting Iterative Proportional Fitting (IPF)...
IPF converged at iteration 69
IPF row error: 1.383071, col error: 0.000000
Starting Iterative Proportional Fitting (IPF)...
IPF converged at iteration 28
IPF row error: 16.132325, col error: 0.000000
Starting Iterative Proportional Fitting (IPF)...
IPF row error: 279306.839026, col error: 0.000000
Starting Iterative Proportional Fitting (IPF)...
IPF converged at iteration 50
IPF row error: 1.292289, col error: 0.000000
Starting Iterative Proportional Fitting (IPF)...
IPF converged at iteration 42
IPF row error: 1.247775, col error: 0.000000
IPF converged at iteration 27
IPF row error: 13.284006, col error: 0.000000
Starting Iterative Proportional Fitting (IPF)...
Starting Iterative Proportional Fitting (IPF)...
IPF converged at iteration 30
IPF row error: 17.239740, col error: 0.000000
Starting Iterative Proportional Fitting (IPF)...
IPF row error: 293334.662303, col error: 0.000000
Starting Iterative Proportional Fitting (IPF)...
IPF row error: 292807.551151, col error: 0.000000
IPF row error: 296087.808080, col error: 0.000000
Starting Iterative Proportional Fitting (IPF)...
Starting Iterative Proportional Fitting (IPF)...
IPF row error: 293067.134429, col error: 0.000001
Starting Iterative Proportional Fitting (IPF)...
IPF converged at iteration 37
IPF row error: 3.089664, col error: 0.000000
Starting Iterative Proportional Fitting (IPF)...
IPF row error: 289111.797242, col error: 0.000000
Starting Iterative Proportional Fitting (IPF)...
IPF converged at iteration 26
IPF row error: 26.949614, col error: 0.000000
Starting Iterative Proportional Fitting (IPF)...
IPF row error: 293625.885356, col error: 0.000000
Starting Iterative Proportional Fitting (IPF)...
IPF row error: 289052.293073, col error: 0.000000
  [2019/test] 진행 1740/1750 (99.4%) | 누적 CPC 0.1904 | RMSE 519182.0390 | %RMSE 38046.9759 | 경과 30.2분 | 예상 남음 0.2분
Starting Iterative Proportional Fitting (IPF)...
IPF converged at iteration 31
IPF row error: 13.369243, col error: 0.000000
Starting Iterative Proportional Fitting (IPF)...
IPF row error: 288974.850602, col error: 0.000000
Starting Iterative Proportional Fitting (IPF)...
IPF converged at iteration 37
IPF row error: 2.458539, col error: 0.000000
Starting Iterative Proportional Fitting (IPF)...
IPF converged at iteration 28
IPF row error: 12.753692, col error: 0.000000
Starting Iterative Proportional Fitting (IPF)...
IPF converged at iteration 46
IPF row error: 1.445877, col error: 0.000000
Starting Iterative Proportional Fitting (IPF)...
IPF converged at iteration 54
IPF row error: 1.424397, col error: 0.000000
IPF converged at iteration 30
IPF row error: 9.441673, col error: 0.000000
Starting Iterative Proportional Fitting (IPF)...
IPF row error: 289935.449739, col error: 0.000000
IPF row error: 291861.176409, col error: 0.000000
IPF row error: 292986.807822, col error: 0.000000
  [2019/test] 진행 1750/1750 (100.0%) | 누적 CPC 0.1899 | RMSE 521303.4558 | %RMSE 38057.5021 | 경과 30.5분 | 예상 남음 0.0분
  [2019/test] 완료: 1750/1750

Evaluating 2023 / val ...
  [2023/val] 750개 샘플 병렬 평가 중 (threads=4)...
Starting Iterative Proportional Fitting (IPF)...
Starting Iterative Proportional Fitting (IPF)...
Starting Iterative Proportional Fitting (IPF)...Starting Iterative Proportional Fitting (IPF)...

IPF converged at iteration 34
IPF converged at iteration 34
IPF row error: 67.452184, col error: 0.000000
IPF row error: 67.452184, col error: 0.000000
IPF converged at iteration 34
IPF converged at iteration 34
IPF row error: 67.452184, col error: 0.000000
IPF row error: 67.452184, col error: 0.000000
Starting Iterative Proportional Fitting (IPF)...
Starting Iterative Proportional Fitting (IPF)...
Starting Iterative Proportional Fitting (IPF)...
Starting Iterative Proportional Fitting (IPF)...
IPF converged at iteration 34
IPF converged at iteration 34
IPF row error: 67.452184, col error: 0.000000
IPF row error: 67.452184, col error: 0.000000
IPF converged at iteration 34
IPF converged at iteration 34
IPF row error: 67.452184, col error: 0.000000
IPF row error: 67.452184, col error: 0.000000
Starting Iterative Proportional Fitting (IPF)...
Starting Iterative Proportional Fitting (IPF)...
Starting Iterative Proportional Fitting (IPF)...
Starting Iterative Proportional Fitting (IPF)...
IPF converged at iteration 34IPF converged at iteration 34

IPF row error: 67.452184, col error: 0.000000
IPF row error: 67.452184, col error: 0.000000
IPF converged at iteration 34
IPF converged at iteration 34
IPF row error: 67.452184, col error: 0.000000
IPF row error: 67.452184, col error: 0.000000
Starting Iterative Proportional Fitting (IPF)...
Starting Iterative Proportional Fitting (IPF)...
Starting Iterative Proportional Fitting (IPF)...Starting Iterative Proportional Fitting (IPF)...

IPF converged at iteration 34
IPF converged at iteration 34
IPF row error: 67.452184, col error: 0.000000
IPF row error: 67.452184, col error: 0.000000
IPF converged at iteration 34
IPF converged at iteration 34
IPF row error: 67.452184, col error: 0.000000
IPF row error: 67.452184, col error: 0.000000
Starting Iterative Proportional Fitting (IPF)...
Starting Iterative Proportional Fitting (IPF)...
Starting Iterative Proportional Fitting (IPF)...
Starting Iterative Proportional Fitting (IPF)...
IPF converged at iteration 34
IPF converged at iteration 34
IPF row error: 67.452184, col error: 0.000000
IPF row error: 67.452184, col error: 0.000000
IPF converged at iteration 34
IPF converged at iteration 34
IPF row error: 67.452184, col error: 0.000000
IPF row error: 67.452184, col error: 0.000000
Starting Iterative Proportional Fitting (IPF)...
Starting Iterative Proportional Fitting (IPF)...
Starting Iterative Proportional Fitting (IPF)...
Starting Iterative Proportional Fitting (IPF)...
IPF converged at iteration 34
IPF row error: 67.452184, col error: 0.000000
IPF converged at iteration 34
IPF converged at iteration 34
IPF row error: 67.452184, col error: 0.000000
IPF converged at iteration 34
IPF row error: 67.452184, col error: 0.000000
IPF row error: 67.452184, col error: 0.000000
Starting Iterative Proportional Fitting (IPF)...
Starting Iterative Proportional Fitting (IPF)...
Starting Iterative Proportional Fitting (IPF)...
Starting Iterative Proportional Fitting (IPF)...
IPF converged at iteration 34
IPF row error: 67.452184, col error: 0.000000
IPF converged at iteration 34
IPF row error: 67.452184, col error: 0.000000
IPF converged at iteration 34
IPF converged at iteration 34
IPF row error: 67.452184, col error: 0.000000
IPF row error: 67.452184, col error: 0.000000
Starting Iterative Proportional Fitting (IPF)...
Starting Iterative Proportional Fitting (IPF)...
Starting Iterative Proportional Fitting (IPF)...Starting Iterative Proportional Fitting (IPF)...

IPF converged at iteration 34
IPF row error: 67.452184, col error: 0.000000
IPF converged at iteration 34
IPF converged at iteration 34
IPF row error: 67.452184, col error: 0.000000
IPF converged at iteration 34
  [2023/val] 진행 30/750 (4.0%) | 누적 CPC 0.5612 | RMSE 646.3022 | %RMSE 10.8543 | 경과 0.6분 | 예상 남음 13.9분
Starting Iterative Proportional Fitting (IPF)...
IPF row error: 67.452184, col error: 0.000000
IPF row error: 67.452184, col error: 0.000000
Starting Iterative Proportional Fitting (IPF)...
Starting Iterative Proportional Fitting (IPF)...
Starting Iterative Proportional Fitting (IPF)...
IPF converged at iteration 34
IPF row error: 67.452184, col error: 0.000000
IPF converged at iteration 34
IPF converged at iteration 34
Starting Iterative Proportional Fitting (IPF)...
IPF row error: 67.452184, col error: 0.000000
IPF converged at iteration 34
IPF row error: 67.452184, col error: 0.000000
IPF row error: 67.452184, col error: 0.000000
Starting Iterative Proportional Fitting (IPF)...
Starting Iterative Proportional Fitting (IPF)...
Starting Iterative Proportional Fitting (IPF)...
IPF converged at iteration 34
IPF row error: 67.452184, col error: 0.000000
Starting Iterative Proportional Fitting (IPF)...IPF converged at iteration 34

IPF converged at iteration 34
IPF converged at iteration 34
IPF row error: 67.452184, col error: 0.000000
IPF row error: 67.452184, col error: 0.000000
IPF row error: 67.452184, col error: 0.000000
Starting Iterative Proportional Fitting (IPF)...
Starting Iterative Proportional Fitting (IPF)...
Starting Iterative Proportional Fitting (IPF)...
IPF converged at iteration 34
IPF row error: 67.452184, col error: 0.000000
Starting Iterative Proportional Fitting (IPF)...
IPF converged at iteration 34
IPF converged at iteration 34
IPF converged at iteration 34
IPF row error: 67.452184, col error: 0.000000
IPF row error: 67.452184, col error: 0.000000
IPF row error: 67.452184, col error: 0.000000
Starting Iterative Proportional Fitting (IPF)...
Starting Iterative Proportional Fitting (IPF)...
Starting Iterative Proportional Fitting (IPF)...
IPF converged at iteration 34
IPF row error: 67.452184, col error: 0.000000
Starting Iterative Proportional Fitting (IPF)...
IPF converged at iteration 34
IPF converged at iteration 34
IPF converged at iteration 34
IPF row error: 67.452184, col error: 0.000000IPF row error: 67.452184, col error: 0.000000IPF row error: 67.452184, col error: 0.000000


Starting Iterative Proportional Fitting (IPF)...
Starting Iterative Proportional Fitting (IPF)...
Starting Iterative Proportional Fitting (IPF)...
IPF converged at iteration 34
IPF row error: 67.452184, col error: 0.000000
Starting Iterative Proportional Fitting (IPF)...
IPF converged at iteration 34
IPF converged at iteration 34
IPF converged at iteration 34
IPF row error: 69.103249, col error: 0.000000
IPF row error: 67.452184, col error: 0.000000
IPF row error: 69.103249, col error: 0.000000
Starting Iterative Proportional Fitting (IPF)...
Starting Iterative Proportional Fitting (IPF)...Starting Iterative Proportional Fitting (IPF)...

IPF converged at iteration 34
IPF row error: 69.103249, col error: 0.000000
Starting Iterative Proportional Fitting (IPF)...
IPF converged at iteration 34
IPF row error: 69.103249, col error: 0.000000
IPF converged at iteration 34IPF converged at iteration 34

IPF row error: 69.103249, col error: 0.000000
IPF row error: 69.103249, col error: 0.000000
Starting Iterative Proportional Fitting (IPF)...
Starting Iterative Proportional Fitting (IPF)...
Starting Iterative Proportional Fitting (IPF)...
IPF converged at iteration 34
IPF row error: 69.103249, col error: 0.000000
Starting Iterative Proportional Fitting (IPF)...
IPF converged at iteration 34
IPF row error: 69.103249, col error: 0.000000
IPF converged at iteration 34
IPF converged at iteration 34
IPF row error: 69.103249, col error: 0.000000
IPF row error: 69.103249, col error: 0.000000
  [2023/val] 진행 60/750 (8.0%) | 누적 CPC 0.5829 | RMSE 585.0162 | %RMSE 9.9569 | 경과 1.1분 | 예상 남음 12.5분
Starting Iterative Proportional Fitting (IPF)...
Starting Iterative Proportional Fitting (IPF)...
Starting Iterative Proportional Fitting (IPF)...
IPF converged at iteration 34
IPF row error: 69.103249, col error: 0.000000
Starting Iterative Proportional Fitting (IPF)...
IPF converged at iteration 34
IPF row error: 69.103249, col error: 0.000000
IPF converged at iteration 34
IPF converged at iteration 34
IPF row error: 69.103249, col error: 0.000000
IPF row error: 69.103249, col error: 0.000000
Starting Iterative Proportional Fitting (IPF)...
Starting Iterative Proportional Fitting (IPF)...
Starting Iterative Proportional Fitting (IPF)...
IPF converged at iteration 34
IPF row error: 69.103249, col error: 0.000000
Starting Iterative Proportional Fitting (IPF)...
IPF converged at iteration 34
IPF row error: 69.103249, col error: 0.000000
IPF converged at iteration 34
IPF row error: 69.103249, col error: 0.000000
IPF converged at iteration 34
IPF row error: 69.103249, col error: 0.000000
Starting Iterative Proportional Fitting (IPF)...
Starting Iterative Proportional Fitting (IPF)...
Starting Iterative Proportional Fitting (IPF)...
IPF converged at iteration 34
IPF row error: 69.103249, col error: 0.000000
Starting Iterative Proportional Fitting (IPF)...
IPF converged at iteration 34
IPF row error: 69.103249, col error: 0.000000
IPF converged at iteration 34
IPF row error: 69.103249, col error: 0.000000
IPF converged at iteration 34
IPF row error: 69.103249, col error: 0.000000
Starting Iterative Proportional Fitting (IPF)...
Starting Iterative Proportional Fitting (IPF)...
Starting Iterative Proportional Fitting (IPF)...
IPF converged at iteration 34
IPF row error: 69.103249, col error: 0.000000
Starting Iterative Proportional Fitting (IPF)...
IPF converged at iteration 34
IPF row error: 69.103249, col error: 0.000000
IPF converged at iteration 34
IPF row error: 69.103249, col error: 0.000000
IPF converged at iteration 34
Starting Iterative Proportional Fitting (IPF)...
IPF row error: 69.103249, col error: 0.000000
Starting Iterative Proportional Fitting (IPF)...
Starting Iterative Proportional Fitting (IPF)...
IPF converged at iteration 34
IPF row error: 69.103249, col error: 0.000000
Starting Iterative Proportional Fitting (IPF)...
IPF converged at iteration 34
IPF row error: 69.103249, col error: 0.000000
IPF converged at iteration 34
IPF row error: 69.103249, col error: 0.000000
IPF converged at iteration 34
Starting Iterative Proportional Fitting (IPF)...IPF row error: 69.103249, col error: 0.000000

Starting Iterative Proportional Fitting (IPF)...
Starting Iterative Proportional Fitting (IPF)...
IPF converged at iteration 34
IPF row error: 69.103249, col error: 0.000000
Starting Iterative Proportional Fitting (IPF)...
IPF converged at iteration 34
IPF row error: 69.103249, col error: 0.000000
IPF converged at iteration 34
IPF row error: 69.103249, col error: 0.000000
IPF converged at iteration 34
Starting Iterative Proportional Fitting (IPF)...
IPF row error: 69.103249, col error: 0.000000
Starting Iterative Proportional Fitting (IPF)...
Starting Iterative Proportional Fitting (IPF)...
IPF converged at iteration 34
IPF row error: 69.103249, col error: 0.000000
Starting Iterative Proportional Fitting (IPF)...
IPF converged at iteration 34
IPF row error: 69.103249, col error: 0.000000
IPF converged at iteration 34
IPF row error: 69.103249, col error: 0.000000
Starting Iterative Proportional Fitting (IPF)...
IPF converged at iteration 34
IPF row error: 69.103249, col error: 0.000000
Starting Iterative Proportional Fitting (IPF)...
Starting Iterative Proportional Fitting (IPF)...
IPF converged at iteration 34
IPF row error: 69.103249, col error: 0.000000
Starting Iterative Proportional Fitting (IPF)...
IPF converged at iteration 34
IPF row error: 69.103249, col error: 0.000000
  [2023/val] 진행 90/750 (12.0%) | 누적 CPC 0.6190 | RMSE 482.8729 | %RMSE 8.4613 | 경과 1.7분 | 예상 남음 12.1분
IPF converged at iteration 34
IPF row error: 69.103249, col error: 0.000000
Starting Iterative Proportional Fitting (IPF)...
IPF converged at iteration 34
IPF row error: 69.103249, col error: 0.000000
Starting Iterative Proportional Fitting (IPF)...
Starting Iterative Proportional Fitting (IPF)...
IPF converged at iteration 34
IPF row error: 69.103249, col error: 0.000000
Starting Iterative Proportional Fitting (IPF)...
IPF converged at iteration 34
IPF row error: 69.103249, col error: 0.000000
IPF converged at iteration 34
Starting Iterative Proportional Fitting (IPF)...
IPF row error: 69.103249, col error: 0.000000
IPF converged at iteration 34
IPF row error: 69.103249, col error: 0.000000
Starting Iterative Proportional Fitting (IPF)...
Starting Iterative Proportional Fitting (IPF)...
IPF converged at iteration 34
IPF row error: 69.103249, col error: 0.000000
Starting Iterative Proportional Fitting (IPF)...
IPF converged at iteration 34
IPF row error: 69.103249, col error: 0.000000
IPF converged at iteration 34
Starting Iterative Proportional Fitting (IPF)...
IPF row error: 69.103249, col error: 0.000000
IPF converged at iteration 34
IPF row error: 69.103249, col error: 0.000000
Starting Iterative Proportional Fitting (IPF)...
Starting Iterative Proportional Fitting (IPF)...
IPF converged at iteration 34
IPF row error: 69.255765, col error: 0.000000
Starting Iterative Proportional Fitting (IPF)...
IPF converged at iteration 34
IPF row error: 69.255765, col error: 0.000000
Starting Iterative Proportional Fitting (IPF)...
IPF converged at iteration 34
IPF converged at iteration 34
IPF row error: 69.255765, col error: 0.000000
IPF row error: 69.255765, col error: 0.000000
Starting Iterative Proportional Fitting (IPF)...
Starting Iterative Proportional Fitting (IPF)...
IPF converged at iteration 34
IPF row error: 69.255765, col error: 0.000000
Starting Iterative Proportional Fitting (IPF)...
IPF converged at iteration 34
IPF row error: 69.255765, col error: 0.000000
Starting Iterative Proportional Fitting (IPF)...
IPF converged at iteration 34
IPF converged at iteration 34
IPF row error: 69.255765, col error: 0.000000
IPF row error: 69.255765, col error: 0.000000
Starting Iterative Proportional Fitting (IPF)...
Starting Iterative Proportional Fitting (IPF)...
IPF converged at iteration 34
IPF row error: 69.255765, col error: 0.000000
Starting Iterative Proportional Fitting (IPF)...
IPF converged at iteration 34
IPF row error: 69.255765, col error: 0.000000
IPF converged at iteration 34Starting Iterative Proportional Fitting (IPF)...

IPF converged at iteration 34
IPF row error: 69.255765, col error: 0.000000
IPF row error: 69.255765, col error: 0.000000
Starting Iterative Proportional Fitting (IPF)...Starting Iterative Proportional Fitting (IPF)...

IPF converged at iteration 34
IPF row error: 69.255765, col error: 0.000000
Starting Iterative Proportional Fitting (IPF)...
IPF converged at iteration 34
IPF row error: 69.255765, col error: 0.000000
Starting Iterative Proportional Fitting (IPF)...
IPF converged at iteration 34
IPF converged at iteration 34
IPF row error: 69.255765, col error: 0.000000
IPF row error: 69.255765, col error: 0.000000
Starting Iterative Proportional Fitting (IPF)...
Starting Iterative Proportional Fitting (IPF)...
IPF converged at iteration 34
IPF row error: 69.255765, col error: 0.000000
Starting Iterative Proportional Fitting (IPF)...
IPF converged at iteration 34
IPF row error: 69.255765, col error: 0.000000
Starting Iterative Proportional Fitting (IPF)...
IPF converged at iteration 34
IPF converged at iteration 34
IPF row error: 69.255765, col error: 0.000000
IPF row error: 69.255765, col error: 0.000000
  [2023/val] 진행 120/750 (16.0%) | 누적 CPC 0.6184 | RMSE 436.3247 | %RMSE 8.2122 | 경과 2.2분 | 예상 남음 11.4분
Starting Iterative Proportional Fitting (IPF)...
Starting Iterative Proportional Fitting (IPF)...
IPF converged at iteration 34
IPF row error: 69.255765, col error: 0.000000
Starting Iterative Proportional Fitting (IPF)...
IPF converged at iteration 34
IPF row error: 69.255765, col error: 0.000000
Starting Iterative Proportional Fitting (IPF)...
IPF converged at iteration 34
IPF converged at iteration 34
IPF row error: 69.255765, col error: 0.000000
IPF row error: 69.255765, col error: 0.000000
Starting Iterative Proportional Fitting (IPF)...
Starting Iterative Proportional Fitting (IPF)...
IPF converged at iteration 34
IPF row error: 69.255765, col error: 0.000000
IPF converged at iteration 34
Starting Iterative Proportional Fitting (IPF)...
IPF row error: 69.255765, col error: 0.000000
Starting Iterative Proportional Fitting (IPF)...
IPF converged at iteration 34
IPF converged at iteration 34
IPF row error: 69.255765, col error: 0.000000
IPF row error: 69.255765, col error: 0.000000
Starting Iterative Proportional Fitting (IPF)...
Starting Iterative Proportional Fitting (IPF)...
IPF converged at iteration 34
IPF row error: 69.255765, col error: 0.000000
Starting Iterative Proportional Fitting (IPF)...
IPF converged at iteration 34
IPF row error: 69.255765, col error: 0.000000
Starting Iterative Proportional Fitting (IPF)...
IPF converged at iteration 34
IPF converged at iteration 34
IPF row error: 69.255765, col error: 0.000000
IPF row error: 69.255765, col error: 0.000000
Starting Iterative Proportional Fitting (IPF)...
Starting Iterative Proportional Fitting (IPF)...
IPF converged at iteration 34
IPF row error: 69.255765, col error: 0.000000
IPF converged at iteration 34
IPF row error: 69.255765, col error: 0.000000Starting Iterative Proportional Fitting (IPF)...

Starting Iterative Proportional Fitting (IPF)...
IPF converged at iteration 34
IPF converged at iteration 34
IPF row error: 69.255765, col error: 0.000000
IPF row error: 69.255765, col error: 0.000000
Starting Iterative Proportional Fitting (IPF)...
Starting Iterative Proportional Fitting (IPF)...
IPF converged at iteration 34
IPF row error: 69.255765, col error: 0.000000
Starting Iterative Proportional Fitting (IPF)...
IPF converged at iteration 34
IPF row error: 69.255765, col error: 0.000000
Starting Iterative Proportional Fitting (IPF)...
IPF converged at iteration 34
IPF converged at iteration 34
IPF row error: 69.255765, col error: 0.000000
IPF row error: 69.255765, col error: 0.000000
Starting Iterative Proportional Fitting (IPF)...
Starting Iterative Proportional Fitting (IPF)...
IPF converged at iteration 34
IPF row error: 69.255765, col error: 0.000000
Starting Iterative Proportional Fitting (IPF)...
IPF converged at iteration 34
IPF row error: 69.255765, col error: 0.000000
Starting Iterative Proportional Fitting (IPF)...
IPF converged at iteration 34
IPF converged at iteration 34
IPF row error: 69.255765, col error: 0.000000
IPF row error: 69.255765, col error: 0.000000
Starting Iterative Proportional Fitting (IPF)...
Starting Iterative Proportional Fitting (IPF)...
IPF converged at iteration 34
IPF row error: 69.255765, col error: 0.000000
Starting Iterative Proportional Fitting (IPF)...
IPF converged at iteration 34
IPF row error: 69.255765, col error: 0.000000
Starting Iterative Proportional Fitting (IPF)...
IPF converged at iteration 34
IPF row error: 69.255765, col error: 0.000000
IPF converged at iteration 34
IPF row error: 69.255765, col error: 0.000000
Starting Iterative Proportional Fitting (IPF)...
Starting Iterative Proportional Fitting (IPF)...
IPF converged at iteration 34
IPF row error: 69.255765, col error: 0.000000
IPF converged at iteration 34
Starting Iterative Proportional Fitting (IPF)...
IPF row error: 69.255765, col error: 0.000000
  [2023/val] 진행 150/750 (20.0%) | 누적 CPC 0.6105 | RMSE 410.2052 | %RMSE 8.2622 | 경과 2.6분 | 예상 남음 10.5분
Starting Iterative Proportional Fitting (IPF)...
IPF converged at iteration 31
IPF row error: 149.077163, col error: 0.000000
Starting Iterative Proportional Fitting (IPF)...
IPF converged at iteration 34
IPF row error: 67.452184, col error: 0.000000
Starting Iterative Proportional Fitting (IPF)...
IPF converged at iteration 28
IPF row error: 206.789650, col error: 0.000000
Starting Iterative Proportional Fitting (IPF)...
IPF converged at iteration 34
IPF row error: 67.452184, col error: 0.000000
Starting Iterative Proportional Fitting (IPF)...
IPF converged at iteration 37
IPF row error: 42.561560, col error: 0.000000
Starting Iterative Proportional Fitting (IPF)...
IPF converged at iteration 54
IPF row error: 1.388392, col error: 0.000000
Starting Iterative Proportional Fitting (IPF)...
IPF converged at iteration 33
IPF row error: 88.371732, col error: 0.000000
Starting Iterative Proportional Fitting (IPF)...
IPF converged at iteration 28
IPF row error: 200.069971, col error: 0.000000
Starting Iterative Proportional Fitting (IPF)...
IPF converged at iteration 45
IPF row error: 6.513495, col error: 0.000000
Starting Iterative Proportional Fitting (IPF)...
IPF converged at iteration 34
IPF row error: 77.739019, col error: 0.000000
Starting Iterative Proportional Fitting (IPF)...
IPF converged at iteration 34
IPF row error: 67.452184, col error: 0.000000
Starting Iterative Proportional Fitting (IPF)...
IPF converged at iteration 41
IPF row error: 14.111913, col error: 0.000000
Starting Iterative Proportional Fitting (IPF)...
IPF converged at iteration 33
IPF row error: 88.045689, col error: 0.000000
Starting Iterative Proportional Fitting (IPF)...
IPF converged at iteration 31
IPF row error: 170.055371, col error: 0.000000
Starting Iterative Proportional Fitting (IPF)...
IPF converged at iteration 31
IPF row error: 140.848119, col error: 0.000000
Starting Iterative Proportional Fitting (IPF)...
IPF converged at iteration 34
IPF row error: 67.452184, col error: 0.000000
Starting Iterative Proportional Fitting (IPF)...
IPF converged at iteration 32
IPF row error: 115.719950, col error: 0.000000
Starting Iterative Proportional Fitting (IPF)...
IPF converged at iteration 31
IPF row error: 116.430112, col error: 0.000000
Starting Iterative Proportional Fitting (IPF)...
IPF converged at iteration 34
IPF row error: 82.708196, col error: 0.000000
Starting Iterative Proportional Fitting (IPF)...
IPF converged at iteration 32
IPF row error: 95.149731, col error: 0.000000
Starting Iterative Proportional Fitting (IPF)...
IPF converged at iteration 33
IPF row error: 107.024983, col error: 0.000000
Starting Iterative Proportional Fitting (IPF)...
IPF converged at iteration 34
IPF row error: 67.452184, col error: 0.000000
Starting Iterative Proportional Fitting (IPF)...
IPF converged at iteration 30
IPF row error: 158.868529, col error: 0.000000
Starting Iterative Proportional Fitting (IPF)...
IPF converged at iteration 32
IPF row error: 109.337761, col error: 0.000000
Starting Iterative Proportional Fitting (IPF)...
IPF converged at iteration 42
IPF row error: 11.300902, col error: 0.000000
Starting Iterative Proportional Fitting (IPF)...
IPF converged at iteration 34
IPF row error: 79.493116, col error: 0.000000
IPF converged at iteration 33
Starting Iterative Proportional Fitting (IPF)...
IPF row error: 84.671910, col error: 0.000000
Starting Iterative Proportional Fitting (IPF)...
IPF converged at iteration 30
IPF row error: 146.729337, col error: 0.000000
Starting Iterative Proportional Fitting (IPF)...
IPF converged at iteration 32
IPF row error: 109.568695, col error: 0.000000
Starting Iterative Proportional Fitting (IPF)...
IPF converged at iteration 30
IPF row error: 154.835718, col error: 0.000000
  [2023/val] 진행 180/750 (24.0%) | 누적 CPC 0.6014 | RMSE 449.1862 | %RMSE 8.6794 | 경과 2.9분 | 예상 남음 9.1분
IPF converged at iteration 34
IPF row error: 87.711626, col error: 0.000000
Starting Iterative Proportional Fitting (IPF)...
Starting Iterative Proportional Fitting (IPF)...
IPF converged at iteration 34
IPF converged at iteration 28
IPF row error: 67.452184, col error: 0.000000
IPF row error: 209.150093, col error: 0.000000
Starting Iterative Proportional Fitting (IPF)...
Starting Iterative Proportional Fitting (IPF)...
IPF converged at iteration 33
IPF row error: 93.674522, col error: 0.000000
IPF converged at iteration 34
IPF row error: 72.448907, col error: 0.000000
Starting Iterative Proportional Fitting (IPF)...
Starting Iterative Proportional Fitting (IPF)...
IPF converged at iteration 30
IPF row error: 165.989841, col error: 0.000000
Starting Iterative Proportional Fitting (IPF)...
IPF converged at iteration 34
IPF row error: 67.452184, col error: 0.000000
Starting Iterative Proportional Fitting (IPF)...
IPF converged at iteration 34
IPF row error: 67.452184, col error: 0.000000
Starting Iterative Proportional Fitting (IPF)...
IPF converged at iteration 48
IPF row error: 2.655647, col error: 0.000000
IPF converged at iteration 34
IPF row error: 67.452184, col error: 0.000000
Starting Iterative Proportional Fitting (IPF)...
Starting Iterative Proportional Fitting (IPF)...
IPF converged at iteration 33
IPF row error: 98.980520, col error: 0.000000
Starting Iterative Proportional Fitting (IPF)...
IPF converged at iteration 29
IPF row error: 172.860525, col error: 0.000000
Starting Iterative Proportional Fitting (IPF)...
IPF converged at iteration 34
IPF row error: 67.452184, col error: 0.000000
Starting Iterative Proportional Fitting (IPF)...
IPF converged at iteration 34
IPF row error: 67.452184, col error: 0.000000
Starting Iterative Proportional Fitting (IPF)...
IPF converged at iteration 34
IPF row error: 67.452184, col error: 0.000000
Starting Iterative Proportional Fitting (IPF)...
IPF converged at iteration 59
IPF row error: 1.361370, col error: 0.000000
Starting Iterative Proportional Fitting (IPF)...
IPF converged at iteration 33
IPF row error: 94.674532, col error: 0.000000
Starting Iterative Proportional Fitting (IPF)...
IPF converged at iteration 34
IPF row error: 67.452184, col error: 0.000000
Starting Iterative Proportional Fitting (IPF)...
IPF converged at iteration 34
IPF row error: 67.452184, col error: 0.000000
Starting Iterative Proportional Fitting (IPF)...
IPF converged at iteration 34
IPF row error: 67.452184, col error: 0.000000
Starting Iterative Proportional Fitting (IPF)...
IPF converged at iteration 34
IPF row error: 69.103249, col error: 0.000000
Starting Iterative Proportional Fitting (IPF)...
IPF converged at iteration 32
IPF row error: 111.202983, col error: 0.000000
Starting Iterative Proportional Fitting (IPF)...
IPF converged at iteration 34
IPF row error: 69.103249, col error: 0.000000
Starting Iterative Proportional Fitting (IPF)...
IPF converged at iteration 32
IPF row error: 107.680711, col error: 0.000000
Starting Iterative Proportional Fitting (IPF)...
IPF converged at iteration 34
IPF row error: 69.103249, col error: 0.000000
Starting Iterative Proportional Fitting (IPF)...
IPF converged at iteration 34
IPF row error: 69.103249, col error: 0.000000
Starting Iterative Proportional Fitting (IPF)...
IPF converged at iteration 34
IPF row error: 77.877016, col error: 0.000000
IPF converged at iteration 31
IPF row error: 129.619281, col error: 0.000000
Starting Iterative Proportional Fitting (IPF)...
Starting Iterative Proportional Fitting (IPF)...
IPF converged at iteration 31
IPF converged at iteration 34
IPF row error: 121.462243, col error: 0.000000
IPF row error: 69.103249, col error: 0.000000
  [2023/val] 진행 210/750 (28.0%) | 누적 CPC 0.6011 | RMSE 459.8377 | %RMSE 8.7226 | 경과 3.3분 | 예상 남음 8.4분
Starting Iterative Proportional Fitting (IPF)...
Starting Iterative Proportional Fitting (IPF)...
IPF converged at iteration 32
IPF row error: 107.157305, col error: 0.000000
IPF converged at iteration 34
Starting Iterative Proportional Fitting (IPF)...
IPF row error: 69.103249, col error: 0.000000
Starting Iterative Proportional Fitting (IPF)...
IPF converged at iteration 32
IPF row error: 96.458419, col error: 0.000000
IPF converged at iteration 34
IPF row error: 69.103249, col error: 0.000000
Starting Iterative Proportional Fitting (IPF)...
Starting Iterative Proportional Fitting (IPF)...
IPF converged at iteration 32
IPF row error: 127.413880, col error: 0.000000
Starting Iterative Proportional Fitting (IPF)...
IPF converged at iteration 34
IPF row error: 69.103249, col error: 0.000000
Starting Iterative Proportional Fitting (IPF)...
IPF converged at iteration 34
IPF row error: 69.103249, col error: 0.000000
IPF converged at iteration 34
IPF row error: 69.103249, col error: 0.000000
Starting Iterative Proportional Fitting (IPF)...
Starting Iterative Proportional Fitting (IPF)...
IPF converged at iteration 34
IPF row error: 69.103249, col error: 0.000000
Starting Iterative Proportional Fitting (IPF)...
IPF converged at iteration 34
IPF row error: 69.103249, col error: 0.000000
Starting Iterative Proportional Fitting (IPF)...
IPF converged at iteration 34
IPF row error: 84.677966, col error: 0.000000
Starting Iterative Proportional Fitting (IPF)...
IPF converged at iteration 34
IPF row error: 79.998655, col error: 0.000000
Starting Iterative Proportional Fitting (IPF)...
IPF converged at iteration 34
IPF row error: 69.103249, col error: 0.000000
Starting Iterative Proportional Fitting (IPF)...
IPF converged at iteration 34
IPF row error: 69.103249, col error: 0.000000
Starting Iterative Proportional Fitting (IPF)...
IPF converged at iteration 34
IPF row error: 69.103249, col error: 0.000000
Starting Iterative Proportional Fitting (IPF)...
IPF converged at iteration 34
IPF row error: 69.103249, col error: 0.000000
Starting Iterative Proportional Fitting (IPF)...
IPF converged at iteration 50
IPF row error: 1.988231, col error: 0.000000
IPF converged at iteration 34
IPF row error: 69.103249, col error: 0.000000
Starting Iterative Proportional Fitting (IPF)...
Starting Iterative Proportional Fitting (IPF)...
IPF converged at iteration 34
IPF row error: 75.795463, col error: 0.000000
Starting Iterative Proportional Fitting (IPF)...
IPF converged at iteration 29
IPF row error: 178.476644, col error: 0.000000
Starting Iterative Proportional Fitting (IPF)...
IPF converged at iteration 33
IPF row error: 100.478393, col error: 0.000000
IPF converged at iteration 34
IPF row error: 78.822400, col error: 0.000000
Starting Iterative Proportional Fitting (IPF)...
Starting Iterative Proportional Fitting (IPF)...
IPF converged at iteration 33
IPF row error: 101.859055, col error: 0.000000
Starting Iterative Proportional Fitting (IPF)...
IPF converged at iteration 30
IPF row error: 178.753110, col error: 0.000000
Starting Iterative Proportional Fitting (IPF)...
IPF converged at iteration 32
IPF row error: 102.644095, col error: 0.000000
IPF converged at iteration 31
IPF row error: 139.276394, col error: 0.000000
Starting Iterative Proportional Fitting (IPF)...
Starting Iterative Proportional Fitting (IPF)...
IPF converged at iteration 34
IPF row error: 69.103249, col error: 0.000000
IPF converged at iteration 31
IPF row error: 147.197824, col error: 0.000000
Starting Iterative Proportional Fitting (IPF)...
Starting Iterative Proportional Fitting (IPF)...
IPF converged at iteration 34
IPF row error: 69.103249, col error: 0.000000
IPF converged at iteration 34
IPF row error: 69.103249, col error: 0.000000
  [2023/val] 진행 240/750 (32.0%) | 누적 CPC 0.6118 | RMSE 437.3753 | %RMSE 8.3163 | 경과 3.8분 | 예상 남음 8.1분
Starting Iterative Proportional Fitting (IPF)...
Starting Iterative Proportional Fitting (IPF)...
IPF converged at iteration 34
IPF row error: 69.103249, col error: 0.000000
IPF converged at iteration 34
IPF row error: 69.103249, col error: 0.000000
Starting Iterative Proportional Fitting (IPF)...
Starting Iterative Proportional Fitting (IPF)...
IPF converged at iteration 34
IPF converged at iteration 33
IPF row error: 69.103249, col error: 0.000000
IPF row error: 105.557655, col error: 0.000000
Starting Iterative Proportional Fitting (IPF)...Starting Iterative Proportional Fitting (IPF)...

IPF converged at iteration 32
IPF row error: 113.578084, col error: 0.000000
IPF converged at iteration 34
Starting Iterative Proportional Fitting (IPF)...
IPF row error: 69.103249, col error: 0.000000
Starting Iterative Proportional Fitting (IPF)...
IPF converged at iteration 30
IPF row error: 172.889858, col error: 0.000000
IPF converged at iteration 34Starting Iterative Proportional Fitting (IPF)...

IPF row error: 69.103249, col error: 0.000000
Starting Iterative Proportional Fitting (IPF)...
IPF converged at iteration 34
IPF row error: 69.103249, col error: 0.000000
IPF converged at iteration 31
IPF row error: 146.799865, col error: 0.000000
Starting Iterative Proportional Fitting (IPF)...
Starting Iterative Proportional Fitting (IPF)...
IPF converged at iteration 34
IPF row error: 69.255765, col error: 0.000000
Starting Iterative Proportional Fitting (IPF)...
IPF converged at iteration 46
IPF row error: 5.413345, col error: 0.000000
IPF converged at iteration 33
IPF converged at iteration 34
Starting Iterative Proportional Fitting (IPF)...
IPF row error: 98.270021, col error: 0.000000
IPF row error: 87.874005, col error: 0.000000
Starting Iterative Proportional Fitting (IPF)...
Starting Iterative Proportional Fitting (IPF)...
IPF converged at iteration 33
IPF row error: 90.038454, col error: 0.000000
Starting Iterative Proportional Fitting (IPF)...
IPF converged at iteration 34
IPF row error: 69.255765, col error: 0.000000
IPF converged at iteration 34
IPF converged at iteration 34
Starting Iterative Proportional Fitting (IPF)...
IPF row error: 69.255765, col error: 0.000000
IPF row error: 69.255765, col error: 0.000000
Starting Iterative Proportional Fitting (IPF)...Starting Iterative Proportional Fitting (IPF)...

IPF converged at iteration 34
IPF row error: 69.255765, col error: 0.000000
Starting Iterative Proportional Fitting (IPF)...
IPF converged at iteration 33
IPF row error: 94.461881, col error: 0.000000
Starting Iterative Proportional Fitting (IPF)...
IPF converged at iteration 34
IPF converged at iteration 35
IPF row error: 69.255765, col error: 0.000000
IPF row error: 65.422773, col error: 0.000000
Starting Iterative Proportional Fitting (IPF)...
Starting Iterative Proportional Fitting (IPF)...
IPF converged at iteration 32
IPF row error: 111.190096, col error: 0.000000
Starting Iterative Proportional Fitting (IPF)...
IPF converged at iteration 31
IPF row error: 134.444300, col error: 0.000000
Starting Iterative Proportional Fitting (IPF)...
IPF converged at iteration 34
IPF row error: 69.255765, col error: 0.000000
IPF converged at iteration 35
IPF row error: 28.659470, col error: 0.000000
Starting Iterative Proportional Fitting (IPF)...
Starting Iterative Proportional Fitting (IPF)...
IPF converged at iteration 34
IPF row error: 69.255765, col error: 0.000000
Starting Iterative Proportional Fitting (IPF)...
IPF converged at iteration 30
IPF row error: 181.142824, col error: 0.000000
Starting Iterative Proportional Fitting (IPF)...
IPF converged at iteration 31
IPF row error: 154.835483, col error: 0.000000
IPF converged at iteration 34
Starting Iterative Proportional Fitting (IPF)...
IPF row error: 69.255765, col error: 0.000000
  [2023/val] 진행 270/750 (36.0%) | 누적 CPC 0.6112 | RMSE 422.2855 | %RMSE 8.2313 | 경과 4.3분 | 예상 남음 7.7분
Starting Iterative Proportional Fitting (IPF)...
IPF converged at iteration 30
IPF row error: 169.309746, col error: 0.000000
Starting Iterative Proportional Fitting (IPF)...
IPF converged at iteration 34
IPF row error: 69.255765, col error: 0.000000
Starting Iterative Proportional Fitting (IPF)...
IPF converged at iteration 34
IPF row error: 69.255765, col error: 0.000000
IPF converged at iteration 34
Starting Iterative Proportional Fitting (IPF)...
IPF row error: 69.255765, col error: 0.000000
Starting Iterative Proportional Fitting (IPF)...
IPF converged at iteration 34
IPF row error: 69.255765, col error: 0.000000
Starting Iterative Proportional Fitting (IPF)...
IPF converged at iteration 28
IPF row error: 213.387440, col error: 0.000000
Starting Iterative Proportional Fitting (IPF)...
IPF converged at iteration 34
IPF row error: 69.255765, col error: 0.000000
IPF converged at iteration 34
IPF row error: 69.255765, col error: 0.000000
Starting Iterative Proportional Fitting (IPF)...
Starting Iterative Proportional Fitting (IPF)...
IPF converged at iteration 33
IPF row error: 96.839219, col error: 0.000000
Starting Iterative Proportional Fitting (IPF)...
IPF converged at iteration 34
IPF row error: 69.255765, col error: 0.000000
Starting Iterative Proportional Fitting (IPF)...
IPF converged at iteration 33
IPF row error: 82.817359, col error: 0.000000
IPF converged at iteration 34
Starting Iterative Proportional Fitting (IPF)...
IPF row error: 69.255765, col error: 0.000000
Starting Iterative Proportional Fitting (IPF)...
IPF converged at iteration 35
IPF row error: 62.675933, col error: 0.000000
Starting Iterative Proportional Fitting (IPF)...
IPF converged at iteration 36
IPF row error: 48.966318, col error: 0.000000
Starting Iterative Proportional Fitting (IPF)...
IPF converged at iteration 33
IPF row error: 83.897600, col error: 0.000000
Starting Iterative Proportional Fitting (IPF)...
IPF converged at iteration 34
IPF row error: 69.255765, col error: 0.000000
Starting Iterative Proportional Fitting (IPF)...
IPF converged at iteration 32
IPF row error: 109.114459, col error: 0.000000
Starting Iterative Proportional Fitting (IPF)...
IPF converged at iteration 34
IPF row error: 69.255765, col error: 0.000000
Starting Iterative Proportional Fitting (IPF)...
IPF converged at iteration 34
IPF row error: 69.255765, col error: 0.000000
IPF converged at iteration 32
Starting Iterative Proportional Fitting (IPF)...
IPF row error: 122.502179, col error: 0.000000
Starting Iterative Proportional Fitting (IPF)...
IPF converged at iteration 34
IPF row error: 69.255765, col error: 0.000000
Starting Iterative Proportional Fitting (IPF)...
IPF converged at iteration 34
IPF row error: 69.255765, col error: 0.000000
Starting Iterative Proportional Fitting (IPF)...
IPF converged at iteration 34
IPF row error: 69.255765, col error: 0.000000
IPF converged at iteration 34
IPF row error: 69.255765, col error: 0.000000
Starting Iterative Proportional Fitting (IPF)...
Starting Iterative Proportional Fitting (IPF)...
IPF converged at iteration 29
IPF row error: 42.732981, col error: 0.000000
Starting Iterative Proportional Fitting (IPF)...
IPF converged at iteration 33
IPF row error: 98.011735, col error: 0.000000
Starting Iterative Proportional Fitting (IPF)...
IPF converged at iteration 34
IPF row error: 69.255765, col error: 0.000000
IPF converged at iteration 34
IPF row error: 69.255765, col error: 0.000000
Starting Iterative Proportional Fitting (IPF)...
Starting Iterative Proportional Fitting (IPF)...
IPF converged at iteration 31
IPF row error: 138.409009, col error: 0.000000
Starting Iterative Proportional Fitting (IPF)...
IPF converged at iteration 34
IPF row error: 98.482557, col error: 0.000000
  [2023/val] 진행 300/750 (40.0%) | 누적 CPC 0.6071 | RMSE 410.9425 | %RMSE 8.2599 | 경과 4.9분 | 예상 남음 7.3분
Starting Iterative Proportional Fitting (IPF)...
IPF converged at iteration 36
IPF row error: 45.612573, col error: 0.000000
Starting Iterative Proportional Fitting (IPF)...
IPF converged at iteration 50
IPF row error: 1.718243, col error: 0.000000
Starting Iterative Proportional Fitting (IPF)...
IPF converged at iteration 50
IPF row error: 1.781310, col error: 0.000000
IPF converged at iteration 31
IPF row error: 101.783886, col error: 0.000000
Starting Iterative Proportional Fitting (IPF)...
Starting Iterative Proportional Fitting (IPF)...
IPF converged at iteration 31
IPF row error: 142.565469, col error: 0.000000
Starting Iterative Proportional Fitting (IPF)...
IPF converged at iteration 48
IPF row error: 2.611626, col error: 0.000000
Starting Iterative Proportional Fitting (IPF)...
IPF converged at iteration 45
IPF row error: 5.377316, col error: 0.000000
Starting Iterative Proportional Fitting (IPF)...
IPF converged at iteration 49
IPF row error: 2.132335, col error: 0.000000
Starting Iterative Proportional Fitting (IPF)...
IPF converged at iteration 41
IPF row error: 14.106803, col error: 0.000000
Starting Iterative Proportional Fitting (IPF)...
IPF converged at iteration 32
IPF row error: 118.780193, col error: 0.000000
IPF converged at iteration 30
Starting Iterative Proportional Fitting (IPF)...
IPF row error: 156.025084, col error: 0.000000
IPF converged at iteration 45
IPF row error: 5.064857, col error: 0.000000
Starting Iterative Proportional Fitting (IPF)...
Starting Iterative Proportional Fitting (IPF)...
IPF converged at iteration 43
IPF row error: 8.095650, col error: 0.000000
Starting Iterative Proportional Fitting (IPF)...
IPF converged at iteration 34
IPF row error: 57.592844, col error: 0.000000
Starting Iterative Proportional Fitting (IPF)...
IPF converged at iteration 31
IPF row error: 128.227758, col error: 0.000000
Starting Iterative Proportional Fitting (IPF)...
IPF converged at iteration 48
IPF row error: 2.692695, col error: 0.000000
IPF converged at iteration 34
Starting Iterative Proportional Fitting (IPF)...
IPF row error: 75.775477, col error: 0.000000
Starting Iterative Proportional Fitting (IPF)...
IPF converged at iteration 33
IPF row error: 78.801581, col error: 0.000000
Starting Iterative Proportional Fitting (IPF)...
IPF converged at iteration 51
IPF row error: 1.423196, col error: 0.000000
Starting Iterative Proportional Fitting (IPF)...
IPF converged at iteration 49
IPF row error: 2.191795, col error: 0.000000
IPF converged at iteration 49
IPF row error: 2.144862, col error: 0.000000
Starting Iterative Proportional Fitting (IPF)...
Starting Iterative Proportional Fitting (IPF)...
IPF converged at iteration 34
IPF row error: 130.955599, col error: 0.000000
Starting Iterative Proportional Fitting (IPF)...
IPF converged at iteration 50
IPF row error: 1.774075, col error: 0.000000
Starting Iterative Proportional Fitting (IPF)...
IPF converged at iteration 34
IPF row error: 65.650003, col error: 0.000000
Starting Iterative Proportional Fitting (IPF)...
IPF converged at iteration 45
IPF row error: 5.366872, col error: 0.000000
Starting Iterative Proportional Fitting (IPF)...
IPF converged at iteration 30
IPF converged at iteration 35
IPF row error: 155.040764, col error: 0.000000
IPF row error: 59.469804, col error: 0.000000
Starting Iterative Proportional Fitting (IPF)...
Starting Iterative Proportional Fitting (IPF)...
IPF converged at iteration 21
IPF row error: 195.348730, col error: 0.000000
IPF converged at iteration 31
Starting Iterative Proportional Fitting (IPF)...
IPF row error: 133.658997, col error: 0.000000
Starting Iterative Proportional Fitting (IPF)...
IPF converged at iteration 55
IPF row error: 1.353362, col error: 0.000000
  [2023/val] 진행 330/750 (44.0%) | 누적 CPC 0.5870 | RMSE 462.7739 | %RMSE 8.6983 | 경과 5.3분 | 예상 남음 6.7분
Starting Iterative Proportional Fitting (IPF)...
IPF converged at iteration 44
IPF row error: 6.651572, col error: 0.000000
Starting Iterative Proportional Fitting (IPF)...
IPF converged at iteration 33
IPF row error: 77.606609, col error: 0.000000
Starting Iterative Proportional Fitting (IPF)...
IPF converged at iteration 49
IPF converged at iteration 52
IPF row error: 2.162754, col error: 0.000000
IPF row error: 1.213115, col error: 0.000000
IPF converged at iteration 31
IPF row error: 129.397779, col error: 0.000000
Starting Iterative Proportional Fitting (IPF)...
Starting Iterative Proportional Fitting (IPF)...
Starting Iterative Proportional Fitting (IPF)...
IPF converged at iteration 32
IPF row error: 106.199948, col error: 0.000000
Starting Iterative Proportional Fitting (IPF)...
IPF converged at iteration 30
IPF row error: 173.973280, col error: 0.000000
Starting Iterative Proportional Fitting (IPF)...
IPF converged at iteration 43
IPF row error: 8.105508, col error: 0.000000
Starting Iterative Proportional Fitting (IPF)...
IPF converged at iteration 50
IPF row error: 1.764418, col error: 0.000000
Starting Iterative Proportional Fitting (IPF)...
IPF converged at iteration 31
IPF row error: 135.590889, col error: 0.000000
Starting Iterative Proportional Fitting (IPF)...
IPF converged at iteration 32
IPF row error: 96.717541, col error: 0.000000
Starting Iterative Proportional Fitting (IPF)...
IPF converged at iteration 51
IPF row error: 4.686939, col error: 0.000000
Starting Iterative Proportional Fitting (IPF)...
IPF converged at iteration 31
IPF row error: 116.671820, col error: 0.000000
Starting Iterative Proportional Fitting (IPF)...
IPF converged at iteration 56
IPF row error: 1.212643, col error: 0.000000
Starting Iterative Proportional Fitting (IPF)...
IPF converged at iteration 33
IPF row error: 78.296631, col error: 0.000000
Starting Iterative Proportional Fitting (IPF)...
IPF converged at iteration 33
IPF row error: 103.376362, col error: 0.000000
Starting Iterative Proportional Fitting (IPF)...
IPF converged at iteration 51
IPF row error: 1.446843, col error: 0.000000
Starting Iterative Proportional Fitting (IPF)...
IPF converged at iteration 35
IPF row error: 52.564183, col error: 0.000000
IPF converged at iteration 44
IPF row error: 6.746953, col error: 0.000000
Starting Iterative Proportional Fitting (IPF)...
IPF converged at iteration 53
IPF row error: 1.377807, col error: 0.000000
Starting Iterative Proportional Fitting (IPF)...
Starting Iterative Proportional Fitting (IPF)...
IPF converged at iteration 46
IPF row error: 3.979291, col error: 0.000000
Starting Iterative Proportional Fitting (IPF)...
IPF converged at iteration 46
IPF row error: 3.967420, col error: 0.000000
IPF converged at iteration 47
Starting Iterative Proportional Fitting (IPF)...
IPF row error: 3.261591, col error: 0.000000
IPF converged at iteration 46
IPF row error: 4.063255, col error: 0.000000
Starting Iterative Proportional Fitting (IPF)...
Starting Iterative Proportional Fitting (IPF)...
IPF converged at iteration 29
IPF row error: 181.916129, col error: 0.000000
IPF converged at iteration 42
IPF row error: 10.144335, col error: 0.000000
Starting Iterative Proportional Fitting (IPF)...
Starting Iterative Proportional Fitting (IPF)...
IPF converged at iteration 41
IPF row error: 13.035663, col error: 0.000000
IPF converged at iteration 45
IPF row error: 5.415054, col error: 0.000000
Starting Iterative Proportional Fitting (IPF)...
Starting Iterative Proportional Fitting (IPF)...
IPF converged at iteration 36
IPF row error: 47.259836, col error: 0.000000
Starting Iterative Proportional Fitting (IPF)...
IPF converged at iteration 42
IPF row error: 10.234139, col error: 0.000000
  [2023/val] 진행 360/750 (48.0%) | 누적 CPC 0.5673 | RMSE 505.5059 | %RMSE 9.0683 | 경과 5.6분 | 예상 남음 6.0분
Starting Iterative Proportional Fitting (IPF)...
IPF converged at iteration 27
IPF row error: 105.958902, col error: 0.000000
Starting Iterative Proportional Fitting (IPF)...
IPF converged at iteration 51
IPF row error: 4.752750, col error: 0.000000
Starting Iterative Proportional Fitting (IPF)...
IPF converged at iteration 32
IPF row error: 119.405919, col error: 0.000000
Starting Iterative Proportional Fitting (IPF)...
IPF converged at iteration 31
IPF row error: 135.813943, col error: 0.000000
Starting Iterative Proportional Fitting (IPF)...
IPF converged at iteration 49
IPF row error: 2.032459, col error: 0.000000
Starting Iterative Proportional Fitting (IPF)...
IPF converged at iteration 32
IPF row error: 116.481042, col error: 0.000000
Starting Iterative Proportional Fitting (IPF)...
IPF converged at iteration 47
IPF row error: 3.186147, col error: 0.000000
Starting Iterative Proportional Fitting (IPF)...
IPF converged at iteration 30
IPF row error: 182.087790, col error: 0.000000
IPF converged at iteration 47
IPF row error: 3.217297, col error: 0.000000
Starting Iterative Proportional Fitting (IPF)...
Starting Iterative Proportional Fitting (IPF)...
IPF converged at iteration 31
IPF row error: 141.022932, col error: 0.000000
Starting Iterative Proportional Fitting (IPF)...
IPF converged at iteration 32
IPF row error: 98.779926, col error: 0.000000
Starting Iterative Proportional Fitting (IPF)...
IPF converged at iteration 33
IPF row error: 98.829140, col error: 0.000000
Starting Iterative Proportional Fitting (IPF)...
IPF converged at iteration 34
IPF row error: 74.212541, col error: 0.000000
Starting Iterative Proportional Fitting (IPF)...
IPF converged at iteration 31
IPF row error: 156.934675, col error: 0.000000
Starting Iterative Proportional Fitting (IPF)...
IPF converged at iteration 46
IPF row error: 3.967420, col error: 0.000000
Starting Iterative Proportional Fitting (IPF)...
IPF converged at iteration 46
IPF row error: 4.063255, col error: 0.000000
Starting Iterative Proportional Fitting (IPF)...
IPF converged at iteration 51
IPF row error: 4.744885, col error: 0.000000
Starting Iterative Proportional Fitting (IPF)...
IPF converged at iteration 47
IPF row error: 3.200889, col error: 0.000000
Starting Iterative Proportional Fitting (IPF)...
IPF converged at iteration 47
IPF row error: 3.197158, col error: 0.000000
Starting Iterative Proportional Fitting (IPF)...
IPF converged at iteration 47
IPF row error: 3.186147, col error: 0.000000
Starting Iterative Proportional Fitting (IPF)...
IPF converged at iteration 53
IPF converged at iteration 49
IPF row error: 1.230987, col error: 0.000000
IPF row error: 2.099431, col error: 0.000000
Starting Iterative Proportional Fitting (IPF)...
Starting Iterative Proportional Fitting (IPF)...
IPF converged at iteration 33
IPF row error: 92.732766, col error: 0.000000
Starting Iterative Proportional Fitting (IPF)...
IPF converged at iteration 41
IPF row error: 13.833086, col error: 0.000000
Starting Iterative Proportional Fitting (IPF)...
IPF converged at iteration 33
IPF converged at iteration 33
IPF row error: 88.562831, col error: 0.000000
IPF row error: 92.301969, col error: 0.000000
Starting Iterative Proportional Fitting (IPF)...
Starting Iterative Proportional Fitting (IPF)...
IPF converged at iteration 34
IPF row error: 76.940166, col error: 0.000000
Starting Iterative Proportional Fitting (IPF)...
IPF converged at iteration 32
IPF row error: 100.901329, col error: 0.000000
Starting Iterative Proportional Fitting (IPF)...
IPF converged at iteration 32
IPF row error: 112.264813, col error: 0.000000
IPF converged at iteration 33
IPF row error: 92.146518, col error: 0.000000
  [2023/val] 진행 390/750 (52.0%) | 누적 CPC 0.5482 | RMSE 533.6757 | %RMSE 9.3044 | 경과 6.0분 | 예상 남음 5.5분
Starting Iterative Proportional Fitting (IPF)...
Starting Iterative Proportional Fitting (IPF)...
IPF converged at iteration 30
IPF row error: 179.021313, col error: 0.000000
Starting Iterative Proportional Fitting (IPF)...
IPF converged at iteration 32
IPF row error: 105.786472, col error: 0.000000
Starting Iterative Proportional Fitting (IPF)...
IPF converged at iteration 31
IPF row error: 143.765507, col error: 0.000000
IPF converged at iteration 32
IPF row error: 110.860026, col error: 0.000000
Starting Iterative Proportional Fitting (IPF)...
Starting Iterative Proportional Fitting (IPF)...
IPF converged at iteration 34
IPF row error: 75.197271, col error: 0.000000
Starting Iterative Proportional Fitting (IPF)...
IPF converged at iteration 34
IPF row error: 72.778400, col error: 0.000000
IPF converged at iteration 46
IPF row error: 3.989384, col error: 0.000000
Starting Iterative Proportional Fitting (IPF)...
IPF converged at iteration 42
IPF row error: 10.020701, col error: 0.000000
Starting Iterative Proportional Fitting (IPF)...
Starting Iterative Proportional Fitting (IPF)...
IPF converged at iteration 49
IPF row error: 2.096242, col error: 0.000000
Starting Iterative Proportional Fitting (IPF)...
IPF converged at iteration 51
IPF row error: 4.841495, col error: 0.000000
Starting Iterative Proportional Fitting (IPF)...
IPF converged at iteration 54
IPF row error: 1.244393, col error: 0.000000
IPF converged at iteration 53
IPF row error: 1.228047, col error: 0.000000
Starting Iterative Proportional Fitting (IPF)...
Starting Iterative Proportional Fitting (IPF)...
IPF converged at iteration 60
IPF row error: 1.282231, col error: 0.000000
Starting Iterative Proportional Fitting (IPF)...
IPF converged at iteration 35
IPF row error: 65.154856, col error: 0.000000
Starting Iterative Proportional Fitting (IPF)...
IPF converged at iteration 46
IPF row error: 3.858525, col error: 0.000000
Starting Iterative Proportional Fitting (IPF)...
IPF converged at iteration 51
IPF row error: 1.296118, col error: 0.000000
Starting Iterative Proportional Fitting (IPF)...
IPF converged at iteration 53
IPF row error: 1.383414, col error: 0.000000
Starting Iterative Proportional Fitting (IPF)...
IPF converged at iteration 54
IPF row error: 1.298166, col error: 0.000000
IPF converged at iteration 51
IPF row error: 1.295502, col error: 0.000000
Starting Iterative Proportional Fitting (IPF)...
Starting Iterative Proportional Fitting (IPF)...
IPF converged at iteration 53
IPF row error: 1.268506, col error: 0.000000
Starting Iterative Proportional Fitting (IPF)...
IPF converged at iteration 33
IPF row error: 93.689339, col error: 0.000000
Starting Iterative Proportional Fitting (IPF)...
IPF converged at iteration 60
IPF row error: 1.281339, col error: 0.000000
IPF converged at iteration 46
Starting Iterative Proportional Fitting (IPF)...
IPF row error: 3.913760, col error: 0.000000
Starting Iterative Proportional Fitting (IPF)...
IPF converged at iteration 48
IPF row error: 2.414140, col error: 0.000000
Starting Iterative Proportional Fitting (IPF)...
IPF converged at iteration 32
IPF row error: 116.763853, col error: 0.000000
IPF converged at iteration 31
IPF row error: 136.168125, col error: 0.000000Starting Iterative Proportional Fitting (IPF)...

Starting Iterative Proportional Fitting (IPF)...
IPF converged at iteration 53
IPF row error: 1.267904, col error: 0.000000
Starting Iterative Proportional Fitting (IPF)...
IPF converged at iteration 32
IPF row error: 103.544303, col error: 0.000000
Starting Iterative Proportional Fitting (IPF)...
IPF converged at iteration 36
IPF row error: 47.038075, col error: 0.000000
Starting Iterative Proportional Fitting (IPF)...
IPF converged at iteration 51
IPF row error: 1.289599, col error: 0.000000
  [2023/val] 진행 420/750 (56.0%) | 누적 CPC 0.5349 | RMSE 539.0136 | %RMSE 9.4396 | 경과 6.4분 | 예상 남음 5.1분
Starting Iterative Proportional Fitting (IPF)...
IPF converged at iteration 53
IPF row error: 1.271810, col error: 0.000000
IPF converged at iteration 47
IPF row error: 3.103028, col error: 0.000000
Starting Iterative Proportional Fitting (IPF)...
Starting Iterative Proportional Fitting (IPF)...
IPF converged at iteration 31
IPF row error: 52.537548, col error: 0.000000
IPF converged at iteration 46
IPF row error: 3.877810, col error: 0.000000
Starting Iterative Proportional Fitting (IPF)...
Starting Iterative Proportional Fitting (IPF)...
IPF converged at iteration 32
IPF row error: 109.743478, col error: 0.000000
Starting Iterative Proportional Fitting (IPF)...
IPF converged at iteration 46
IPF row error: 3.846852, col error: 0.000000
Starting Iterative Proportional Fitting (IPF)...
IPF converged at iteration 33
IPF row error: 93.319422, col error: 0.000000
Starting Iterative Proportional Fitting (IPF)...
IPF converged at iteration 25
IPF row error: 68.205215, col error: 0.000000
IPF converged at iteration 53
IPF row error: 1.271010, col error: 0.000000
Starting Iterative Proportional Fitting (IPF)...
Starting Iterative Proportional Fitting (IPF)...
IPF converged at iteration 53
IPF row error: 1.208521, col error: 0.000000
Starting Iterative Proportional Fitting (IPF)...
IPF converged at iteration 53
IPF row error: 1.228047, col error: 0.000000
Starting Iterative Proportional Fitting (IPF)...
IPF converged at iteration 34
IPF row error: 87.504318, col error: 0.000000
Starting Iterative Proportional Fitting (IPF)...
IPF converged at iteration 51
IPF row error: 1.276954, col error: 0.000000
Starting Iterative Proportional Fitting (IPF)...
IPF converged at iteration 48
IPF row error: 2.469718, col error: 0.000000
Starting Iterative Proportional Fitting (IPF)...
IPF converged at iteration 31
IPF row error: 130.627987, col error: 0.000000
Starting Iterative Proportional Fitting (IPF)...
IPF converged at iteration 53
IPF row error: 1.387092, col error: 0.000000
Starting Iterative Proportional Fitting (IPF)...
IPF converged at iteration 53
IPF row error: 1.228047, col error: 0.000000
Starting Iterative Proportional Fitting (IPF)...
IPF converged at iteration 53
IPF row error: 1.383414, col error: 0.000000
IPF converged at iteration 48
IPF row error: 2.361271, col error: 0.000000
Starting Iterative Proportional Fitting (IPF)...
Starting Iterative Proportional Fitting (IPF)...
IPF converged at iteration 51
IPF row error: 1.297570, col error: 0.000000
Starting Iterative Proportional Fitting (IPF)...
IPF converged at iteration 33
IPF row error: 99.119147, col error: 0.000000
Starting Iterative Proportional Fitting (IPF)...
IPF converged at iteration 35
IPF row error: 66.124135, col error: 0.000000
Starting Iterative Proportional Fitting (IPF)...
IPF converged at iteration 60
IPF row error: 1.269011, col error: 0.000000
Starting Iterative Proportional Fitting (IPF)...
IPF converged at iteration 30
IPF row error: 185.289228, col error: 0.000000
Starting Iterative Proportional Fitting (IPF)...
IPF converged at iteration 53
IPF row error: 1.225519, col error: 0.000000
Starting Iterative Proportional Fitting (IPF)...
IPF converged at iteration 52
IPF row error: 1.272037, col error: 0.000000
Starting Iterative Proportional Fitting (IPF)...
IPF converged at iteration 37
IPF row error: 36.805021, col error: 0.000000
Starting Iterative Proportional Fitting (IPF)...
IPF converged at iteration 52
IPF row error: 1.338448, col error: 0.000000
Starting Iterative Proportional Fitting (IPF)...
IPF converged at iteration 54
IPF row error: 1.298166, col error: 0.000000
Starting Iterative Proportional Fitting (IPF)...
IPF converged at iteration 54
IPF row error: 1.285999, col error: 0.000000
  [2023/val] 진행 450/750 (60.0%) | 누적 CPC 0.5256 | RMSE 535.1642 | %RMSE 9.5558 | 경과 6.9분 | 예상 남음 4.6분
Starting Iterative Proportional Fitting (IPF)...
IPF converged at iteration 50
IPF row error: 1.925125, col error: 0.000000
IPF converged at iteration 49
Starting Iterative Proportional Fitting (IPF)...
IPF row error: 2.103988, col error: 0.000000
Starting Iterative Proportional Fitting (IPF)...
IPF converged at iteration 31
IPF row error: 100.330289, col error: 0.000000
Starting Iterative Proportional Fitting (IPF)...
IPF converged at iteration 35
IPF row error: 56.845296, col error: 0.000000
IPF converged at iteration 49
IPF row error: 2.195972, col error: 0.000000
Starting Iterative Proportional Fitting (IPF)...
IPF converged at iteration 49
Starting Iterative Proportional Fitting (IPF)...
IPF row error: 2.195972, col error: 0.000000
Starting Iterative Proportional Fitting (IPF)...
IPF converged at iteration 33
IPF row error: 83.108805, col error: 0.000000
Starting Iterative Proportional Fitting (IPF)...
IPF converged at iteration 29
IPF row error: 180.591603, col error: 0.000000
Starting Iterative Proportional Fitting (IPF)...
IPF converged at iteration 44
IPF row error: 6.599841, col error: 0.000000
IPF converged at iteration 50
IPF row error: 1.771113, col error: 0.000000
Starting Iterative Proportional Fitting (IPF)...
Starting Iterative Proportional Fitting (IPF)...
IPF converged at iteration 31
IPF row error: 137.648682, col error: 0.000000
Starting Iterative Proportional Fitting (IPF)...
IPF converged at iteration 33
IPF row error: 87.175356, col error: 0.000000
Starting Iterative Proportional Fitting (IPF)...
IPF converged at iteration 31
IPF row error: 157.146214, col error: 0.000000
Starting Iterative Proportional Fitting (IPF)...
IPF converged at iteration 32
IPF row error: 131.447427, col error: 0.000000
Starting Iterative Proportional Fitting (IPF)...
IPF converged at iteration 37
IPF row error: 40.041315, col error: 0.000000
IPF converged at iteration 32
IPF row error: 125.229297, col error: 0.000000
Starting Iterative Proportional Fitting (IPF)...
Starting Iterative Proportional Fitting (IPF)...
IPF converged at iteration 33
IPF row error: 90.206488, col error: 0.000000
Starting Iterative Proportional Fitting (IPF)...
IPF converged at iteration 33
IPF row error: 87.307969, col error: 0.000000
Starting Iterative Proportional Fitting (IPF)...
IPF converged at iteration 24
IPF row error: 130.601557, col error: 0.000000
Starting Iterative Proportional Fitting (IPF)...
IPF converged at iteration 32
IPF row error: 129.382548, col error: 0.000000
Starting Iterative Proportional Fitting (IPF)...
IPF converged at iteration 31
IPF row error: 135.562854, col error: 0.000000
IPF converged at iteration 44
IPF row error: 6.529635, col error: 0.000000
Starting Iterative Proportional Fitting (IPF)...
Starting Iterative Proportional Fitting (IPF)...
IPF converged at iteration 32
IPF row error: 105.878855, col error: 0.000000
Starting Iterative Proportional Fitting (IPF)...
IPF converged at iteration 55
IPF row error: 1.381183, col error: 0.000000
Starting Iterative Proportional Fitting (IPF)...
IPF converged at iteration 35
IPF row error: 60.671140, col error: 0.000000
Starting Iterative Proportional Fitting (IPF)...
IPF converged at iteration 32
IPF row error: 115.930632, col error: 0.000000
Starting Iterative Proportional Fitting (IPF)...
IPF converged at iteration 55
IPF converged at iteration 44
IPF row error: 1.382713, col error: 0.000000
IPF row error: 6.474989, col error: 0.000000
Starting Iterative Proportional Fitting (IPF)...Starting Iterative Proportional Fitting (IPF)...

IPF converged at iteration 28
IPF row error: 188.449064, col error: 0.000000
Starting Iterative Proportional Fitting (IPF)...
IPF converged at iteration 32
IPF row error: 110.660029, col error: 0.000000
  [2023/val] 진행 480/750 (64.0%) | 누적 CPC 0.5123 | RMSE 580.5831 | %RMSE 9.8685 | 경과 7.2분 | 예상 남음 4.1분
Starting Iterative Proportional Fitting (IPF)...
IPF converged at iteration 49
IPF converged at iteration 34
IPF row error: 2.186462, col error: 0.000000
IPF row error: 77.327947, col error: 0.000000
IPF converged at iteration 56
IPF row error: 1.194533, col error: 0.000000
Starting Iterative Proportional Fitting (IPF)...
Starting Iterative Proportional Fitting (IPF)...
Starting Iterative Proportional Fitting (IPF)...
IPF converged at iteration 35
IPF row error: 58.727520, col error: 0.000000
Starting Iterative Proportional Fitting (IPF)...
IPF converged at iteration 31
IPF row error: 122.941126, col error: 0.000000
Starting Iterative Proportional Fitting (IPF)...
IPF converged at iteration 34
IPF row error: 67.005932, col error: 0.000000
Starting Iterative Proportional Fitting (IPF)...
IPF converged at iteration 49
IPF row error: 2.165386, col error: 0.000000
Starting Iterative Proportional Fitting (IPF)...
IPF converged at iteration 33
IPF row error: 102.607335, col error: 0.000000
Starting Iterative Proportional Fitting (IPF)...
IPF converged at iteration 31
IPF row error: 94.792568, col error: 0.000000
Starting Iterative Proportional Fitting (IPF)...
IPF converged at iteration 49
IPF row error: 2.155799, col error: 0.000000
Starting Iterative Proportional Fitting (IPF)...
IPF converged at iteration 33
IPF row error: 88.763190, col error: 0.000000
Starting Iterative Proportional Fitting (IPF)...
IPF converged at iteration 51
IPF row error: 1.429394, col error: 0.000000
Starting Iterative Proportional Fitting (IPF)...
IPF converged at iteration 49
IPF row error: 2.144177, col error: 0.000000
Starting Iterative Proportional Fitting (IPF)...
IPF converged at iteration 50
IPF row error: 1.724426, col error: 0.000000
IPF converged at iteration 33
IPF row error: 94.150191, col error: 0.000000
Starting Iterative Proportional Fitting (IPF)...
Starting Iterative Proportional Fitting (IPF)...
IPF converged at iteration 49
IPF row error: 2.088376, col error: 0.000000
Starting Iterative Proportional Fitting (IPF)...
IPF converged at iteration 31
IPF row error: 126.829930, col error: 0.000000
Starting Iterative Proportional Fitting (IPF)...
IPF converged at iteration 58
IPF row error: 1.245721, col error: 0.000000
Starting Iterative Proportional Fitting (IPF)...
IPF converged at iteration 49
IPF row error: 2.165386, col error: 0.000000
Starting Iterative Proportional Fitting (IPF)...
IPF converged at iteration 49
IPF row error: 2.195972, col error: 0.000000
Starting Iterative Proportional Fitting (IPF)...
IPF converged at iteration 30
IPF row error: 159.063545, col error: 0.000000
Starting Iterative Proportional Fitting (IPF)...
IPF converged at iteration 33
IPF row error: 90.203520, col error: 0.000000
IPF converged at iteration 47
Starting Iterative Proportional Fitting (IPF)...
IPF converged at iteration 29
IPF row error: 3.169453, col error: 0.000000
IPF row error: 207.183337, col error: 0.000000
Starting Iterative Proportional Fitting (IPF)...
Starting Iterative Proportional Fitting (IPF)...
IPF converged at iteration 57
IPF row error: 1.223682, col error: 0.000000
Starting Iterative Proportional Fitting (IPF)...
IPF converged at iteration 57
IPF row error: 1.232454, col error: 0.000000
Starting Iterative Proportional Fitting (IPF)...
IPF converged at iteration 57
IPF converged at iteration 57
IPF row error: 1.223682, col error: 0.000000
IPF row error: 1.232454, col error: 0.000000
Starting Iterative Proportional Fitting (IPF)...
Starting Iterative Proportional Fitting (IPF)...
IPF converged at iteration 57
IPF row error: 1.232454, col error: 0.000000
Starting Iterative Proportional Fitting (IPF)...
IPF converged at iteration 31
IPF row error: 157.467882, col error: 0.000000
  [2023/val] 진행 510/750 (68.0%) | 누적 CPC 0.4967 | RMSE 630.2071 | %RMSE 10.1561 | 경과 7.7분 | 예상 남음 3.6분
Starting Iterative Proportional Fitting (IPF)...
IPF converged at iteration 47
IPF row error: 3.169453, col error: 0.000000
IPF converged at iteration 50
IPF row error: 1.802917, col error: 0.000000
Starting Iterative Proportional Fitting (IPF)...
Starting Iterative Proportional Fitting (IPF)...
IPF converged at iteration 42
IPF row error: 11.611732, col error: 0.000000
Starting Iterative Proportional Fitting (IPF)...
IPF converged at iteration 57
IPF row error: 1.223682, col error: 0.000000
Starting Iterative Proportional Fitting (IPF)...
IPF converged at iteration 32
IPF row error: 122.525072, col error: 0.000000
Starting Iterative Proportional Fitting (IPF)...
IPF converged at iteration 47
IPF row error: 3.176651, col error: 0.000000
Starting Iterative Proportional Fitting (IPF)...
IPF converged at iteration 57
IPF row error: 1.232454, col error: 0.000000
Starting Iterative Proportional Fitting (IPF)...
IPF converged at iteration 31
IPF row error: 147.975867, col error: 0.000000
Starting Iterative Proportional Fitting (IPF)...
IPF converged at iteration 53
IPF row error: 1.232553, col error: 0.000000
Starting Iterative Proportional Fitting (IPF)...
IPF converged at iteration 33
IPF row error: 99.893463, col error: 0.000000
IPF converged at iteration 47
IPF row error: 3.169453, col error: 0.000000
Starting Iterative Proportional Fitting (IPF)...
Starting Iterative Proportional Fitting (IPF)...
IPF converged at iteration 38
IPF row error: 31.165810, col error: 0.000000
Starting Iterative Proportional Fitting (IPF)...
IPF converged at iteration 33
IPF row error: 84.541528, col error: 0.000000
IPF converged at iteration 29
IPF converged at iteration 31
IPF row error: 172.556876, col error: 0.000000
IPF row error: 136.551934, col error: 0.000000
Starting Iterative Proportional Fitting (IPF)...
Starting Iterative Proportional Fitting (IPF)...Starting Iterative Proportional Fitting (IPF)...

IPF converged at iteration 31
IPF row error: 147.799578, col error: 0.000000
Starting Iterative Proportional Fitting (IPF)...
IPF converged at iteration 30
IPF converged at iteration 32
IPF row error: 161.977314, col error: 0.000000
IPF row error: 206.561621, col error: 0.000000
Starting Iterative Proportional Fitting (IPF)...Starting Iterative Proportional Fitting (IPF)...

IPF converged at iteration 47
IPF row error: 3.169453, col error: 0.000000
Starting Iterative Proportional Fitting (IPF)...
IPF converged at iteration 32
IPF row error: 119.398381, col error: 0.000000
Starting Iterative Proportional Fitting (IPF)...
IPF converged at iteration 34
IPF row error: 73.939297, col error: 0.000000
Starting Iterative Proportional Fitting (IPF)...
IPF converged at iteration 47
IPF row error: 3.169453, col error: 0.000000
Starting Iterative Proportional Fitting (IPF)...
IPF converged at iteration 34
IPF row error: 77.311603, col error: 0.000000
Starting Iterative Proportional Fitting (IPF)...
IPF converged at iteration 57
IPF row error: 1.232454, col error: 0.000000
IPF converged at iteration 38
IPF row error: 29.856934, col error: 0.000000
Starting Iterative Proportional Fitting (IPF)...
Starting Iterative Proportional Fitting (IPF)...
IPF converged at iteration 47
IPF row error: 3.169453, col error: 0.000000
Starting Iterative Proportional Fitting (IPF)...
IPF converged at iteration 48
IPF row error: 2.592515, col error: 0.000000
Starting Iterative Proportional Fitting (IPF)...
IPF converged at iteration 47
IPF row error: 3.176651, col error: 0.000000
Starting Iterative Proportional Fitting (IPF)...
IPF converged at iteration 31
IPF row error: 131.016462, col error: 0.000000
Starting Iterative Proportional Fitting (IPF)...
IPF converged at iteration 57
IPF row error: 1.225034, col error: 0.000000
  [2023/val] 진행 540/750 (72.0%) | 누적 CPC 0.4770 | RMSE 683.8210 | %RMSE 10.4492 | 경과 8.1분 | 예상 남음 3.1분
Starting Iterative Proportional Fitting (IPF)...
IPF converged at iteration 31
IPF row error: 135.404567, col error: 0.000000
Starting Iterative Proportional Fitting (IPF)...
IPF converged at iteration 44
IPF row error: 6.293627, col error: 0.000000
IPF converged at iteration 33
IPF row error: 91.781019, col error: 0.000000
Starting Iterative Proportional Fitting (IPF)...
Starting Iterative Proportional Fitting (IPF)...
IPF converged at iteration 31
IPF row error: 125.094900, col error: 0.000000
Starting Iterative Proportional Fitting (IPF)...
IPF converged at iteration 47
IPF row error: 3.169453, col error: 0.000000
Starting Iterative Proportional Fitting (IPF)...
IPF converged at iteration 30
IPF row error: 163.250921, col error: 0.000000
Starting Iterative Proportional Fitting (IPF)...
IPF converged at iteration 34
IPF row error: 76.764203, col error: 0.000000
Starting Iterative Proportional Fitting (IPF)...
IPF converged at iteration 47
IPF row error: 3.176651, col error: 0.000000
Starting Iterative Proportional Fitting (IPF)...
IPF converged at iteration 47
IPF row error: 3.169453, col error: 0.000000
Starting Iterative Proportional Fitting (IPF)...
IPF converged at iteration 31
IPF row error: 133.340374, col error: 0.000000
Starting Iterative Proportional Fitting (IPF)...
IPF converged at iteration 54
IPF row error: 1.298216, col error: 0.000000
Starting Iterative Proportional Fitting (IPF)...
IPF converged at iteration 53
IPF row error: 1.391215, col error: 0.000000
Starting Iterative Proportional Fitting (IPF)...
IPF converged at iteration 51
IPF row error: 1.261001, col error: 0.000000
Starting Iterative Proportional Fitting (IPF)...
IPF row error: 516406.287677, col error: 0.000000
Starting Iterative Proportional Fitting (IPF)...
IPF converged at iteration 59
IPF row error: 1.332371, col error: 0.000000
Starting Iterative Proportional Fitting (IPF)...
IPF row error: 516159.521723, col error: 0.000000
Starting Iterative Proportional Fitting (IPF)...
IPF converged at iteration 50
IPF row error: 1.589597, col error: 0.000000
Starting Iterative Proportional Fitting (IPF)...
IPF row error: 516277.826954, col error: 0.000000
Starting Iterative Proportional Fitting (IPF)...
IPF row error: 516303.609905, col error: 0.000000
IPF converged at iteration 31
Starting Iterative Proportional Fitting (IPF)...
IPF row error: 155.379833, col error: 0.000000
Starting Iterative Proportional Fitting (IPF)...
IPF converged at iteration 60
IPF row error: 1.326646, col error: 0.000000
Starting Iterative Proportional Fitting (IPF)...
IPF converged at iteration 41
IPF row error: 14.567379, col error: 0.000000
Starting Iterative Proportional Fitting (IPF)...
IPF converged at iteration 33
IPF row error: 91.444245, col error: 0.000000
Starting Iterative Proportional Fitting (IPF)...
IPF row error: 520568.674820, col error: 0.000001
Starting Iterative Proportional Fitting (IPF)...
IPF converged at iteration 31
IPF row error: 148.052207, col error: 0.000000
Starting Iterative Proportional Fitting (IPF)...
IPF converged at iteration 32
IPF row error: 115.232179, col error: 0.000000
IPF converged at iteration 24
Starting Iterative Proportional Fitting (IPF)...
IPF row error: 73.794464, col error: 0.000000
Starting Iterative Proportional Fitting (IPF)...
IPF row error: 520899.537359, col error: 0.000000
Starting Iterative Proportional Fitting (IPF)...
IPF converged at iteration 48
IPF row error: 2.534621, col error: 0.000000
Starting Iterative Proportional Fitting (IPF)...
IPF row error: 522016.611905, col error: 0.000000
  [2023/val] 진행 570/750 (76.0%) | 누적 CPC 0.4613 | RMSE 20343.7472 | %RMSE 415.0340 | 경과 8.6분 | 예상 남음 2.7분
Starting Iterative Proportional Fitting (IPF)...
IPF converged at iteration 33
IPF row error: 87.908099, col error: 0.000000
Starting Iterative Proportional Fitting (IPF)...
IPF row error: 516550.480649, col error: 0.000000
Starting Iterative Proportional Fitting (IPF)...
IPF row error: 516277.826954, col error: 0.000000
Starting Iterative Proportional Fitting (IPF)...
IPF converged at iteration 33
IPF row error: 97.431779, col error: 0.000000
Starting Iterative Proportional Fitting (IPF)...
IPF converged at iteration 34
IPF row error: 73.215629, col error: 0.000000
Starting Iterative Proportional Fitting (IPF)...
IPF converged at iteration 30
IPF row error: 186.754953, col error: 0.000000
Starting Iterative Proportional Fitting (IPF)...
IPF converged at iteration 51
IPF row error: 1.288909, col error: 0.000000
Starting Iterative Proportional Fitting (IPF)...
IPF row error: 521516.021382, col error: 0.000000
Starting Iterative Proportional Fitting (IPF)...
IPF row error: 518952.299801, col error: 0.000000
Starting Iterative Proportional Fitting (IPF)...
IPF converged at iteration 31
IPF row error: 98.731585, col error: 0.000000
Starting Iterative Proportional Fitting (IPF)...
IPF converged at iteration 34
IPF row error: 76.429683, col error: 0.000000
Starting Iterative Proportional Fitting (IPF)...
IPF converged at iteration 53
IPF row error: 1.358324, col error: 0.000000
Starting Iterative Proportional Fitting (IPF)...
IPF row error: 516011.804611, col error: 0.000000
Starting Iterative Proportional Fitting (IPF)...
IPF row error: 516303.609905, col error: 0.000000
Starting Iterative Proportional Fitting (IPF)...
IPF converged at iteration 59
IPF row error: 1.332371, col error: 0.000000
Starting Iterative Proportional Fitting (IPF)...
IPF converged at iteration 60
IPF row error: 1.326646, col error: 0.000000
Starting Iterative Proportional Fitting (IPF)...
IPF row error: 522408.369564, col error: 0.000000
Starting Iterative Proportional Fitting (IPF)...
IPF row error: 479447.151671, col error: 0.000000
IPF converged at iteration 28
IPF row error: 186.853798, col error: 0.000000
Starting Iterative Proportional Fitting (IPF)...
Starting Iterative Proportional Fitting (IPF)...
IPF converged at iteration 35
IPF row error: 67.471766, col error: 0.000000
Starting Iterative Proportional Fitting (IPF)...
IPF converged at iteration 47
IPF row error: 3.920868, col error: 0.000000
Starting Iterative Proportional Fitting (IPF)...
IPF converged at iteration 48
IPF row error: 2.460773, col error: 0.000000
Starting Iterative Proportional Fitting (IPF)...
IPF converged at iteration 34
IPF row error: 79.150651, col error: 0.000000
Starting Iterative Proportional Fitting (IPF)...
IPF converged at iteration 50
IPF row error: 1.589597, col error: 0.000000
Starting Iterative Proportional Fitting (IPF)...
IPF converged at iteration 59
IPF row error: 516159.521723, col error: 0.000000
IPF row error: 1.355905, col error: 0.000000
Starting Iterative Proportional Fitting (IPF)...Starting Iterative Proportional Fitting (IPF)...

IPF converged at iteration 51
IPF row error: 1.261451, col error: 0.000000
Starting Iterative Proportional Fitting (IPF)...
IPF row error: 516159.521723, col error: 0.000000
Starting Iterative Proportional Fitting (IPF)...
IPF converged at iteration 33
IPF row error: 80.024457, col error: 0.000000
Starting Iterative Proportional Fitting (IPF)...
IPF row error: 517043.477878, col error: 0.000000
  [2023/val] 진행 600/750 (80.0%) | 누적 CPC 0.4481 | RMSE 48521.7364 | %RMSE 974.1706 | 경과 9.2분 | 예상 남음 2.3분
IPF row error: 516011.804611, col error: 0.000000
IPF converged at iteration 28
IPF row error: 196.974800, col error: 0.000000
Starting Iterative Proportional Fitting (IPF)...
Starting Iterative Proportional Fitting (IPF)...
Starting Iterative Proportional Fitting (IPF)...
IPF converged at iteration 49
IPF row error: 2.241439, col error: 0.000000
IPF converged at iteration 35
IPF row error: 40.901297, col error: 0.000000
Starting Iterative Proportional Fitting (IPF)...
Starting Iterative Proportional Fitting (IPF)...
IPF converged at iteration 45
IPF row error: 5.088318, col error: 0.000000
Starting Iterative Proportional Fitting (IPF)...
IPF converged at iteration 57
IPF row error: 1.262462, col error: 0.000000
Starting Iterative Proportional Fitting (IPF)...
IPF converged at iteration 33
IPF row error: 95.223550, col error: 0.000000
IPF converged at iteration 32
IPF row error: 103.593113, col error: 0.000000
Starting Iterative Proportional Fitting (IPF)...
Starting Iterative Proportional Fitting (IPF)...
IPF converged at iteration 35
IPF converged at iteration 51
IPF row error: 61.939639, col error: 0.000000
IPF row error: 1.512821, col error: 0.000000
Starting Iterative Proportional Fitting (IPF)...
Starting Iterative Proportional Fitting (IPF)...
IPF converged at iteration 49
IPF row error: 2.161633, col error: 0.000000
IPF converged at iteration 50
IPF row error: 1.751538, col error: 0.000000
Starting Iterative Proportional Fitting (IPF)...
Starting Iterative Proportional Fitting (IPF)...
IPF converged at iteration 32
IPF row error: 113.446051, col error: 0.000000
Starting Iterative Proportional Fitting (IPF)...
IPF converged at iteration 43
IPF row error: 8.207998, col error: 0.000000
Starting Iterative Proportional Fitting (IPF)...
IPF converged at iteration 28
IPF row error: 207.384783, col error: 0.000000
Starting Iterative Proportional Fitting (IPF)...
IPF converged at iteration 51
IPF row error: 1.391777, col error: 0.000000
IPF converged at iteration 29
IPF row error: 206.551984, col error: 0.000000
Starting Iterative Proportional Fitting (IPF)...
Starting Iterative Proportional Fitting (IPF)...
IPF converged at iteration 45
IPF row error: 5.360478, col error: 0.000000
Starting Iterative Proportional Fitting (IPF)...
IPF converged at iteration 30
IPF row error: 184.231485, col error: 0.000000
IPF converged at iteration 29
IPF row error: 179.674860, col error: 0.000000
Starting Iterative Proportional Fitting (IPF)...
IPF converged at iteration 56
IPF row error: 1.229157, col error: 0.000000
Starting Iterative Proportional Fitting (IPF)...
Starting Iterative Proportional Fitting (IPF)...
IPF converged at iteration 50
IPF row error: 1.770297, col error: 0.000000
Starting Iterative Proportional Fitting (IPF)...
IPF converged at iteration 28
IPF row error: 190.070996, col error: 0.000000
Starting Iterative Proportional Fitting (IPF)...
IPF converged at iteration 32
IPF row error: 110.161887, col error: 0.000000
Starting Iterative Proportional Fitting (IPF)...
IPF converged at iteration 51
IPF row error: 4.999918, col error: 0.000000
Starting Iterative Proportional Fitting (IPF)...
IPF converged at iteration 31
IPF row error: 136.733623, col error: 0.000000
Starting Iterative Proportional Fitting (IPF)...
IPF converged at iteration 49
IPF row error: 2.238880, col error: 0.000000
Starting Iterative Proportional Fitting (IPF)...
IPF converged at iteration 50
IPF row error: 1.765578, col error: 0.000000
Starting Iterative Proportional Fitting (IPF)...
IPF converged at iteration 40
IPF row error: 17.615667, col error: 0.000000
Starting Iterative Proportional Fitting (IPF)...
IPF converged at iteration 34
IPF row error: 70.867666, col error: 0.000000
  [2023/val] 진행 630/750 (84.0%) | 누적 CPC 0.4437 | RMSE 48794.4703 | %RMSE 979.5538 | 경과 9.8분 | 예상 남음 1.9분
IPF converged at iteration 31
IPF row error: 119.171917, col error: 0.000000
Starting Iterative Proportional Fitting (IPF)...
Starting Iterative Proportional Fitting (IPF)...
IPF converged at iteration 33
IPF row error: 29.440388, col error: 0.000000
IPF converged at iteration 48
IPF row error: 2.656999, col error: 0.000000
Starting Iterative Proportional Fitting (IPF)...
Starting Iterative Proportional Fitting (IPF)...
IPF converged at iteration 33
IPF row error: 87.409414, col error: 0.000000
Starting Iterative Proportional Fitting (IPF)...
IPF converged at iteration 41
IPF row error: 13.579704, col error: 0.000000
Starting Iterative Proportional Fitting (IPF)...
IPF converged at iteration 35
IPF row error: 55.812084, col error: 0.000000
Starting Iterative Proportional Fitting (IPF)...
IPF converged at iteration 45
IPF row error: 5.368770, col error: 0.000000
IPF converged at iteration 37
Starting Iterative Proportional Fitting (IPF)...
IPF row error: 37.287360, col error: 0.000000
Starting Iterative Proportional Fitting (IPF)...
IPF converged at iteration 31
IPF row error: 131.795041, col error: 0.000000
Starting Iterative Proportional Fitting (IPF)...
IPF converged at iteration 33
IPF row error: 93.876633, col error: 0.000000
Starting Iterative Proportional Fitting (IPF)...
IPF converged at iteration 33
IPF row error: 80.741156, col error: 0.000000
Starting Iterative Proportional Fitting (IPF)...
IPF converged at iteration 58
IPF row error: 1.203257, col error: 0.000000
IPF converged at iteration 50
IPF row error: 1.733464, col error: 0.000000
Starting Iterative Proportional Fitting (IPF)...
Starting Iterative Proportional Fitting (IPF)...
IPF converged at iteration 51
IPF row error: 1.447417, col error: 0.000000
Starting Iterative Proportional Fitting (IPF)...
IPF converged at iteration 50
IPF row error: 1.820035, col error: 0.000000
Starting Iterative Proportional Fitting (IPF)...
IPF converged at iteration 32
IPF row error: 109.832255, col error: 0.000000
Starting Iterative Proportional Fitting (IPF)...
IPF converged at iteration 49
IPF row error: 2.112804, col error: 0.000000
Starting Iterative Proportional Fitting (IPF)...
IPF converged at iteration 33
IPF row error: 94.030404, col error: 0.000000
Starting Iterative Proportional Fitting (IPF)...
IPF converged at iteration 31
IPF row error: 134.540961, col error: 0.000000
Starting Iterative Proportional Fitting (IPF)...
IPF converged at iteration 44
IPF row error: 6.651153, col error: 0.000000
Starting Iterative Proportional Fitting (IPF)...
IPF converged at iteration 33
IPF row error: 80.292622, col error: 0.000000
Starting Iterative Proportional Fitting (IPF)...
IPF converged at iteration 33
IPF row error: 97.447927, col error: 0.000000
Starting Iterative Proportional Fitting (IPF)...
IPF converged at iteration 51
IPF row error: 1.391358, col error: 0.000000
IPF converged at iteration 49
Starting Iterative Proportional Fitting (IPF)...
IPF row error: 2.092013, col error: 0.000000
Starting Iterative Proportional Fitting (IPF)...
IPF converged at iteration 49
IPF row error: 2.056803, col error: 0.000000
Starting Iterative Proportional Fitting (IPF)...
IPF converged at iteration 55
IPF row error: 1.248631, col error: 0.000000
Starting Iterative Proportional Fitting (IPF)...
IPF converged at iteration 33
IPF row error: 93.217973, col error: 0.000000
Starting Iterative Proportional Fitting (IPF)...
IPF converged at iteration 47
IPF row error: 3.200859, col error: 0.000000
Starting Iterative Proportional Fitting (IPF)...
IPF converged at iteration 47
IPF row error: 3.193245, col error: 0.000000
Starting Iterative Proportional Fitting (IPF)...
IPF converged at iteration 53
IPF row error: 1.238326, col error: 0.000000
  [2023/val] 진행 660/750 (88.0%) | 누적 CPC 0.4373 | RMSE 46630.2736 | %RMSE 935.6556 | 경과 10.4분 | 예상 남음 1.4분
IPF converged at iteration 47
IPF row error: 3.217297, col error: 0.000000
Starting Iterative Proportional Fitting (IPF)...
Starting Iterative Proportional Fitting (IPF)...
IPF converged at iteration 46
IPF row error: 3.961300, col error: 0.000000
Starting Iterative Proportional Fitting (IPF)...
IPF converged at iteration 57
IPF row error: 1.220950, col error: 0.000000
Starting Iterative Proportional Fitting (IPF)...
IPF converged at iteration 47
IPF row error: 3.217015, col error: 0.000000
IPF converged at iteration 46
IPF converged at iteration 32
IPF row error: 3.962520, col error: 0.000000
IPF row error: 122.976177, col error: 0.000000
Starting Iterative Proportional Fitting (IPF)...
Starting Iterative Proportional Fitting (IPF)...
Starting Iterative Proportional Fitting (IPF)...
IPF converged at iteration 30
IPF row error: 204.235999, col error: 0.000000
Starting Iterative Proportional Fitting (IPF)...
IPF converged at iteration 46
IPF row error: 3.967549, col error: 0.000000
Starting Iterative Proportional Fitting (IPF)...
IPF converged at iteration 42
IPF row error: 11.481407, col error: 0.000000
Starting Iterative Proportional Fitting (IPF)...
IPF converged at iteration 51
IPF row error: 4.973396, col error: 0.000000
Starting Iterative Proportional Fitting (IPF)...
IPF converged at iteration 37
IPF row error: 39.046320, col error: 0.000000
Starting Iterative Proportional Fitting (IPF)...
IPF converged at iteration 30
IPF row error: 162.785692, col error: 0.000000
IPF converged at iteration 47
IPF row error: 3.193245, col error: 0.000000
Starting Iterative Proportional Fitting (IPF)...
IPF converged at iteration 41
IPF row error: 14.665565, col error: 0.000000
Starting Iterative Proportional Fitting (IPF)...
Starting Iterative Proportional Fitting (IPF)...
IPF converged at iteration 29
IPF row error: 176.083675, col error: 0.000000
IPF converged at iteration 43
IPF row error: 9.240391, col error: 0.000000
Starting Iterative Proportional Fitting (IPF)...
Starting Iterative Proportional Fitting (IPF)...
IPF converged at iteration 34
IPF row error: 81.995673, col error: 0.000000
Starting Iterative Proportional Fitting (IPF)...
IPF converged at iteration 57
IPF row error: 1.230126, col error: 0.000000
Starting Iterative Proportional Fitting (IPF)...
IPF converged at iteration 31
IPF row error: 136.215699, col error: 0.000000
Starting Iterative Proportional Fitting (IPF)...
IPF converged at iteration 34
IPF row error: 76.483301, col error: 0.000000
Starting Iterative Proportional Fitting (IPF)...
IPF converged at iteration 34
IPF row error: 77.405105, col error: 0.000000
Starting Iterative Proportional Fitting (IPF)...
IPF converged at iteration 30
IPF row error: 188.531203, col error: 0.000000
Starting Iterative Proportional Fitting (IPF)...
IPF converged at iteration 33
IPF row error: 91.047789, col error: 0.000000
Starting Iterative Proportional Fitting (IPF)...
IPF converged at iteration 42
IPF row error: 10.449458, col error: 0.000000
Starting Iterative Proportional Fitting (IPF)...
IPF converged at iteration 39
IPF row error: 22.708678, col error: 0.000000
Starting Iterative Proportional Fitting (IPF)...
IPF converged at iteration 31
IPF row error: 125.055876, col error: 0.000000
Starting Iterative Proportional Fitting (IPF)...
IPF converged at iteration 30
IPF row error: 177.627934, col error: 0.000000
Starting Iterative Proportional Fitting (IPF)...
IPF converged at iteration 49
IPF row error: 2.051808, col error: 0.000000
Starting Iterative Proportional Fitting (IPF)...
IPF converged at iteration 47
IPF row error: 3.189913, col error: 0.000000
Starting Iterative Proportional Fitting (IPF)...
IPF converged at iteration 55
IPF row error: 1.264722, col error: 0.000000
  [2023/val] 진행 690/750 (92.0%) | 누적 CPC 0.4319 | RMSE 44642.2248 | %RMSE 895.4918 | 경과 11.0분 | 예상 남음 1.0분
Starting Iterative Proportional Fitting (IPF)...
IPF converged at iteration 30
IPF row error: 168.948173, col error: 0.000000
IPF converged at iteration 57
IPF row error: 1.215939, col error: 0.000000
Starting Iterative Proportional Fitting (IPF)...
Starting Iterative Proportional Fitting (IPF)...
IPF converged at iteration 31
IPF row error: 43.701032, col error: 0.000000
Starting Iterative Proportional Fitting (IPF)...
IPF converged at iteration 31
IPF row error: 138.289461, col error: 0.000000
IPF converged at iteration 47
IPF row error: 3.177855, col error: 0.000000
Starting Iterative Proportional Fitting (IPF)...
Starting Iterative Proportional Fitting (IPF)...
IPF converged at iteration 47
IPF row error: 3.286101, col error: 0.000000
Starting Iterative Proportional Fitting (IPF)...
IPF converged at iteration 47
IPF row error: 3.286101, col error: 0.000000
Starting Iterative Proportional Fitting (IPF)...
IPF converged at iteration 47
IPF row error: 3.218191, col error: 0.000000
Starting Iterative Proportional Fitting (IPF)...
IPF converged at iteration 57
IPF row error: 1.215939, col error: 0.000000
Starting Iterative Proportional Fitting (IPF)...
IPF converged at iteration 57
IPF row error: 1.234610, col error: 0.000000
IPF converged at iteration 53
IPF row error: 1.271010, col error: 0.000000
Starting Iterative Proportional Fitting (IPF)...
Starting Iterative Proportional Fitting (IPF)...
IPF converged at iteration 33
IPF row error: 90.647057, col error: 0.000000
Starting Iterative Proportional Fitting (IPF)...
IPF converged at iteration 48
IPF row error: 2.384619, col error: 0.000000
Starting Iterative Proportional Fitting (IPF)...
IPF converged at iteration 31
IPF row error: 161.557880, col error: 0.000000
IPF converged at iteration 53
IPF row error: 1.353964, col error: 0.000000
Starting Iterative Proportional Fitting (IPF)...
Starting Iterative Proportional Fitting (IPF)...
IPF converged at iteration 32
IPF row error: 117.999726, col error: 0.000000
Starting Iterative Proportional Fitting (IPF)...
IPF row error: 513133.186240, col error: 0.000000
Starting Iterative Proportional Fitting (IPF)...
IPF converged at iteration 53
IPF row error: 1.228047, col error: 0.000000
Starting Iterative Proportional Fitting (IPF)...IPF converged at iteration 53

IPF row error: 1.268238, col error: 0.000000
Starting Iterative Proportional Fitting (IPF)...
IPF converged at iteration 48
IPF row error: 2.470881, col error: 0.000000
IPF converged at iteration 31
IPF row error: 129.657992, col error: 0.000000
Starting Iterative Proportional Fitting (IPF)...
Starting Iterative Proportional Fitting (IPF)...
IPF row error: 513617.560890, col error: 0.000001
Starting Iterative Proportional Fitting (IPF)...
IPF converged at iteration 46
IPF row error: 3.837596, col error: 0.000000
Starting Iterative Proportional Fitting (IPF)...
IPF converged at iteration 51
IPF row error: 1.288909, col error: 0.000000
Starting Iterative Proportional Fitting (IPF)...
IPF row error: 516303.609905, col error: 0.000000
Starting Iterative Proportional Fitting (IPF)...
IPF converged at iteration 34
IPF row error: 70.236425, col error: 0.000000
Starting Iterative Proportional Fitting (IPF)...
IPF row error: 510725.165373, col error: 0.000000
Starting Iterative Proportional Fitting (IPF)...
IPF converged at iteration 53
IPF row error: 1.390140, col error: 0.000000
Starting Iterative Proportional Fitting (IPF)...
IPF converged at iteration 59
IPF row error: 1.371432, col error: 0.000000
Starting Iterative Proportional Fitting (IPF)...
IPF converged at iteration 51
IPF row error: 1.295502, col error: 0.000000
  [2023/val] 진행 720/750 (96.0%) | 누적 CPC 0.4261 | RMSE 51687.8859 | %RMSE 1051.1751 | 경과 11.8분 | 예상 남음 0.5분
Starting Iterative Proportional Fitting (IPF)...
IPF converged at iteration 53
IPF row error: 1.360751, col error: 0.000000
Starting Iterative Proportional Fitting (IPF)...
IPF converged at iteration 53
IPF row error: 1.267904, col error: 0.000000
Starting Iterative Proportional Fitting (IPF)...
IPF converged at iteration 53
IPF row error: 1.383606, col error: 0.000000
Starting Iterative Proportional Fitting (IPF)...
IPF converged at iteration 53
IPF row error: 1.382405, col error: 0.000000
Starting Iterative Proportional Fitting (IPF)...
IPF converged at iteration 36
IPF row error: 47.705854, col error: 0.000000
Starting Iterative Proportional Fitting (IPF)...
IPF converged at iteration 30
IPF row error: 203.369450, col error: 0.000000
Starting Iterative Proportional Fitting (IPF)...
IPF converged at iteration 31
IPF row error: 138.813347, col error: 0.000000
IPF converged at iteration 51
IPF row error: 1.261070, col error: 0.000000
Starting Iterative Proportional Fitting (IPF)...
Starting Iterative Proportional Fitting (IPF)...
IPF row error: 512651.352191, col error: 0.000001
Starting Iterative Proportional Fitting (IPF)...
IPF converged at iteration 53
IPF row error: 1.268238, col error: 0.000000
Starting Iterative Proportional Fitting (IPF)...
IPF converged at iteration 25
IPF row error: 68.381122, col error: 0.000000
Starting Iterative Proportional Fitting (IPF)...
IPF converged at iteration 51
IPF row error: 1.294035, col error: 0.000000
Starting Iterative Proportional Fitting (IPF)...
IPF converged at iteration 28
IPF row error: 198.410153, col error: 0.000000
Starting Iterative Proportional Fitting (IPF)...
IPF converged at iteration 54
IPF row error: 1.280640, col error: 0.000000
IPF converged at iteration 32
IPF row error: 113.487761, col error: 0.000000
Starting Iterative Proportional Fitting (IPF)...
Starting Iterative Proportional Fitting (IPF)...
IPF row error: 518903.436198, col error: 0.000000
Starting Iterative Proportional Fitting (IPF)...
IPF converged at iteration 59
IPF row error: 1.391837, col error: 0.000000
Starting Iterative Proportional Fitting (IPF)...
IPF converged at iteration 34
IPF row error: 70.637737, col error: 0.000000
Starting Iterative Proportional Fitting (IPF)...
IPF converged at iteration 53
IPF row error: 1.383606, col error: 0.000000
Starting Iterative Proportional Fitting (IPF)...
IPF converged at iteration 42
IPF row error: 11.677587, col error: 0.000000
Starting Iterative Proportional Fitting (IPF)...
IPF converged at iteration 46
IPF row error: 3.864224, col error: 0.000000
Starting Iterative Proportional Fitting (IPF)...
IPF converged at iteration 53
IPF row error: 1.377385, col error: 0.000000
Starting Iterative Proportional Fitting (IPF)...
IPF converged at iteration 50
IPF row error: 1.577254, col error: 0.000000
Starting Iterative Proportional Fitting (IPF)...
IPF converged at iteration 48
IPF row error: 2.398721, col error: 0.000000
Starting Iterative Proportional Fitting (IPF)...
IPF converged at iteration 53
IPF row error: 1.383110, col error: 0.000000
Starting Iterative Proportional Fitting (IPF)...
IPF row error: 517462.160548, col error: 0.000000
Starting Iterative Proportional Fitting (IPF)...
IPF converged at iteration 34
IPF row error: 69.538137, col error: 0.000000
IPF converged at iteration 31
IPF row error: 145.605042, col error: 0.000000
IPF converged at iteration 31
IPF row error: 165.903073, col error: 0.000000
IPF converged at iteration 45
IPF row error: 5.553119, col error: 0.000000
  [2023/val] 진행 750/750 (100.0%) | 누적 CPC 0.4220 | RMSE 55900.1860 | %RMSE 1130.6424 | 경과 12.6분 | 예상 남음 0.0분
  [2023/val] 완료: 750/750

Evaluating 2023 / test ...
  [2023/test] 1750개 샘플 병렬 평가 중 (threads=4)...
Starting Iterative Proportional Fitting (IPF)...
Starting Iterative Proportional Fitting (IPF)...Starting Iterative Proportional Fitting (IPF)...

Starting Iterative Proportional Fitting (IPF)...
IPF converged at iteration 33
IPF row error: 89.112894, col error: 0.000000IPF converged at iteration 33

IPF converged at iteration 33
IPF converged at iteration 33
IPF row error: 89.112894, col error: 0.000000
IPF row error: 89.112894, col error: 0.000000
IPF row error: 89.112894, col error: 0.000000
Starting Iterative Proportional Fitting (IPF)...
Starting Iterative Proportional Fitting (IPF)...
Starting Iterative Proportional Fitting (IPF)...
Starting Iterative Proportional Fitting (IPF)...
IPF converged at iteration 33
IPF converged at iteration 33IPF row error: 89.112894, col error: 0.000000

IPF converged at iteration 33
IPF converged at iteration 33
IPF row error: 89.112894, col error: 0.000000
IPF row error: 89.112894, col error: 0.000000
IPF row error: 89.112894, col error: 0.000000
Starting Iterative Proportional Fitting (IPF)...
Starting Iterative Proportional Fitting (IPF)...
Starting Iterative Proportional Fitting (IPF)...Starting Iterative Proportional Fitting (IPF)...

IPF converged at iteration 33
IPF row error: 89.112894, col error: 0.000000
IPF converged at iteration 33
IPF converged at iteration 33
IPF converged at iteration 33
IPF row error: 89.112894, col error: 0.000000
IPF row error: 89.112894, col error: 0.000000IPF row error: 89.112894, col error: 0.000000

Starting Iterative Proportional Fitting (IPF)...
Starting Iterative Proportional Fitting (IPF)...
Starting Iterative Proportional Fitting (IPF)...
Starting Iterative Proportional Fitting (IPF)...
IPF converged at iteration 33
IPF row error: 89.112894, col error: 0.000000
IPF converged at iteration 33
IPF converged at iteration 33
IPF converged at iteration 33
IPF row error: 89.112894, col error: 0.000000
IPF row error: 89.112894, col error: 0.000000
IPF row error: 89.112894, col error: 0.000000
Starting Iterative Proportional Fitting (IPF)...
Starting Iterative Proportional Fitting (IPF)...
Starting Iterative Proportional Fitting (IPF)...Starting Iterative Proportional Fitting (IPF)...

IPF converged at iteration 33
IPF row error: 89.112894, col error: 0.000000
IPF converged at iteration 33
IPF row error: 89.112894, col error: 0.000000
IPF converged at iteration 33
IPF converged at iteration 33
IPF row error: 89.112894, col error: 0.000000
IPF row error: 89.112894, col error: 0.000000
Starting Iterative Proportional Fitting (IPF)...
Starting Iterative Proportional Fitting (IPF)...
Starting Iterative Proportional Fitting (IPF)...
Starting Iterative Proportional Fitting (IPF)...
IPF converged at iteration 33
IPF row error: 89.112894, col error: 0.000000
IPF converged at iteration 33
IPF converged at iteration 33
IPF row error: 89.112894, col error: 0.000000
IPF row error: 89.112894, col error: 0.000000
IPF converged at iteration 33
IPF row error: 89.112894, col error: 0.000000
Starting Iterative Proportional Fitting (IPF)...
Starting Iterative Proportional Fitting (IPF)...
Starting Iterative Proportional Fitting (IPF)...
Starting Iterative Proportional Fitting (IPF)...
IPF converged at iteration 33
IPF row error: 89.112894, col error: 0.000000
IPF converged at iteration 33
IPF converged at iteration 33
IPF row error: 89.112894, col error: 0.000000
IPF row error: 89.112894, col error: 0.000000
IPF converged at iteration 33
IPF row error: 89.112894, col error: 0.000000
Starting Iterative Proportional Fitting (IPF)...
Starting Iterative Proportional Fitting (IPF)...
Starting Iterative Proportional Fitting (IPF)...
Starting Iterative Proportional Fitting (IPF)...
IPF converged at iteration 33
IPF row error: 89.112894, col error: 0.000000
IPF converged at iteration 33
IPF converged at iteration 33
IPF row error: 89.112894, col error: 0.000000
  [2023/test] 진행 30/1750 (1.7%) | 누적 CPC 0.7503 | RMSE 346.1878 | %RMSE 4.9510 | 경과 0.6분 | 예상 남음 32.2분
IPF row error: 89.112894, col error: 0.000000IPF converged at iteration 33

IPF row error: 89.112894, col error: 0.000000
Starting Iterative Proportional Fitting (IPF)...
Starting Iterative Proportional Fitting (IPF)...
Starting Iterative Proportional Fitting (IPF)...
Starting Iterative Proportional Fitting (IPF)...
IPF converged at iteration 33
IPF row error: 89.112894, col error: 0.000000
IPF converged at iteration 33
IPF converged at iteration 33
IPF row error: 89.112894, col error: 0.000000
IPF converged at iteration 33
IPF row error: 89.112894, col error: 0.000000
IPF row error: 89.112894, col error: 0.000000
Starting Iterative Proportional Fitting (IPF)...
Starting Iterative Proportional Fitting (IPF)...
Starting Iterative Proportional Fitting (IPF)...
Starting Iterative Proportional Fitting (IPF)...
IPF converged at iteration 33
IPF row error: 89.112894, col error: 0.000000
IPF converged at iteration 33
IPF converged at iteration 33
IPF row error: 89.112894, col error: 0.000000
IPF row error: 89.112894, col error: 0.000000
IPF converged at iteration 33
Starting Iterative Proportional Fitting (IPF)...
IPF row error: 89.112894, col error: 0.000000
Starting Iterative Proportional Fitting (IPF)...
Starting Iterative Proportional Fitting (IPF)...
Starting Iterative Proportional Fitting (IPF)...
IPF converged at iteration 33
IPF row error: 89.112894, col error: 0.000000
IPF converged at iteration 33
IPF converged at iteration 33
IPF row error: 89.112894, col error: 0.000000
Starting Iterative Proportional Fitting (IPF)...
IPF row error: 89.112894, col error: 0.000000
IPF converged at iteration 33
IPF row error: 89.112894, col error: 0.000000
Starting Iterative Proportional Fitting (IPF)...
Starting Iterative Proportional Fitting (IPF)...
Starting Iterative Proportional Fitting (IPF)...
IPF converged at iteration 33
IPF row error: 89.112894, col error: 0.000000
IPF converged at iteration 33
IPF converged at iteration 33
Starting Iterative Proportional Fitting (IPF)...
IPF row error: 89.112894, col error: 0.000000
IPF row error: 89.112894, col error: 0.000000
IPF converged at iteration 33
IPF row error: 89.112894, col error: 0.000000
Starting Iterative Proportional Fitting (IPF)...
Starting Iterative Proportional Fitting (IPF)...
Starting Iterative Proportional Fitting (IPF)...
IPF converged at iteration 33
IPF row error: 89.112894, col error: 0.000000
IPF converged at iteration 33
Starting Iterative Proportional Fitting (IPF)...
IPF row error: 89.112894, col error: 0.000000
IPF converged at iteration 33
IPF row error: 88.933455, col error: 0.000000
IPF converged at iteration 33
IPF row error: 88.933455, col error: 0.000000
Starting Iterative Proportional Fitting (IPF)...
Starting Iterative Proportional Fitting (IPF)...
Starting Iterative Proportional Fitting (IPF)...
IPF converged at iteration 33
IPF row error: 88.933455, col error: 0.000000
IPF converged at iteration 33
Starting Iterative Proportional Fitting (IPF)...
IPF row error: 88.933455, col error: 0.000000
IPF converged at iteration 33
IPF converged at iteration 33
IPF row error: 88.933455, col error: 0.000000
IPF row error: 88.933455, col error: 0.000000
Starting Iterative Proportional Fitting (IPF)...
Starting Iterative Proportional Fitting (IPF)...
Starting Iterative Proportional Fitting (IPF)...
IPF converged at iteration 33
IPF row error: 88.933455, col error: 0.000000
Starting Iterative Proportional Fitting (IPF)...
IPF converged at iteration 33
IPF row error: 88.933455, col error: 0.000000
IPF converged at iteration 33
IPF converged at iteration 33
IPF row error: 88.933455, col error: 0.000000IPF row error: 88.933455, col error: 0.000000

  [2023/test] 진행 60/1750 (3.4%) | 누적 CPC 0.7443 | RMSE 326.3138 | %RMSE 4.7576 | 경과 1.1분 | 예상 남음 29.8분
Starting Iterative Proportional Fitting (IPF)...
Starting Iterative Proportional Fitting (IPF)...Starting Iterative Proportional Fitting (IPF)...

IPF converged at iteration 33
IPF row error: 88.933455, col error: 0.000000
Starting Iterative Proportional Fitting (IPF)...
IPF converged at iteration 33
IPF row error: 88.933455, col error: 0.000000
IPF converged at iteration 33
IPF converged at iteration 33
IPF row error: 88.933455, col error: 0.000000
IPF row error: 88.933455, col error: 0.000000
Starting Iterative Proportional Fitting (IPF)...
Starting Iterative Proportional Fitting (IPF)...
Starting Iterative Proportional Fitting (IPF)...
IPF converged at iteration 33
IPF row error: 88.933455, col error: 0.000000
IPF converged at iteration 33
Starting Iterative Proportional Fitting (IPF)...
IPF row error: 88.933455, col error: 0.000000
IPF converged at iteration 33
IPF converged at iteration 33
IPF row error: 88.933455, col error: 0.000000
IPF row error: 88.933455, col error: 0.000000
Starting Iterative Proportional Fitting (IPF)...
Starting Iterative Proportional Fitting (IPF)...
Starting Iterative Proportional Fitting (IPF)...
IPF converged at iteration 33
IPF row error: 88.933455, col error: 0.000000
Starting Iterative Proportional Fitting (IPF)...
IPF converged at iteration 33
IPF row error: 88.933455, col error: 0.000000
IPF converged at iteration 33
IPF row error: 88.933455, col error: 0.000000
IPF converged at iteration 33
Starting Iterative Proportional Fitting (IPF)...
IPF row error: 88.933455, col error: 0.000000
Starting Iterative Proportional Fitting (IPF)...
Starting Iterative Proportional Fitting (IPF)...
IPF converged at iteration 33
IPF row error: 88.933455, col error: 0.000000
Starting Iterative Proportional Fitting (IPF)...
IPF converged at iteration 33
IPF row error: 88.933455, col error: 0.000000
IPF converged at iteration 33
IPF row error: 88.933455, col error: 0.000000
Starting Iterative Proportional Fitting (IPF)...
IPF converged at iteration 33
IPF row error: 88.933455, col error: 0.000000
Starting Iterative Proportional Fitting (IPF)...
Starting Iterative Proportional Fitting (IPF)...
IPF converged at iteration 33
IPF row error: 88.933455, col error: 0.000000
Starting Iterative Proportional Fitting (IPF)...
IPF converged at iteration 33
IPF row error: 88.933455, col error: 0.000000
IPF converged at iteration 33
IPF row error: 88.933455, col error: 0.000000
IPF converged at iteration 33
Starting Iterative Proportional Fitting (IPF)...
IPF row error: 88.933455, col error: 0.000000
Starting Iterative Proportional Fitting (IPF)...
Starting Iterative Proportional Fitting (IPF)...
IPF converged at iteration 33
IPF row error: 88.933455, col error: 0.000000
Starting Iterative Proportional Fitting (IPF)...
IPF converged at iteration 33
IPF row error: 88.933455, col error: 0.000000
IPF converged at iteration 33
Starting Iterative Proportional Fitting (IPF)...
IPF converged at iteration 33
IPF row error: 88.933455, col error: 0.000000
IPF row error: 88.933455, col error: 0.000000
Starting Iterative Proportional Fitting (IPF)...
Starting Iterative Proportional Fitting (IPF)...
IPF converged at iteration 33
IPF row error: 88.933455, col error: 0.000000
IPF converged at iteration 33
Starting Iterative Proportional Fitting (IPF)...
IPF row error: 88.933455, col error: 0.000000
IPF converged at iteration 33
Starting Iterative Proportional Fitting (IPF)...
IPF row error: 88.933455, col error: 0.000000
IPF converged at iteration 33
IPF row error: 88.933455, col error: 0.000000
Starting Iterative Proportional Fitting (IPF)...
Starting Iterative Proportional Fitting (IPF)...
IPF converged at iteration 33
IPF row error: 88.933455, col error: 0.000000
Starting Iterative Proportional Fitting (IPF)...
IPF converged at iteration 33
IPF row error: 88.933455, col error: 0.000000
  [2023/test] 진행 90/1750 (5.1%) | 누적 CPC 0.7343 | RMSE 293.1906 | %RMSE 4.4353 | 경과 1.6분 | 예상 남음 29.7분
IPF converged at iteration 33
IPF row error: 88.933455, col error: 0.000000
Starting Iterative Proportional Fitting (IPF)...
IPF converged at iteration 33
IPF row error: 88.933455, col error: 0.000000
Starting Iterative Proportional Fitting (IPF)...
Starting Iterative Proportional Fitting (IPF)...
IPF converged at iteration 33
IPF row error: 88.933455, col error: 0.000000
Starting Iterative Proportional Fitting (IPF)...
IPF converged at iteration 33
IPF row error: 88.933455, col error: 0.000000
IPF converged at iteration 33
IPF row error: 88.933455, col error: 0.000000
Starting Iterative Proportional Fitting (IPF)...
IPF converged at iteration 33
IPF row error: 88.933455, col error: 0.000000
Starting Iterative Proportional Fitting (IPF)...
Starting Iterative Proportional Fitting (IPF)...
IPF converged at iteration 33
IPF row error: 88.933455, col error: 0.000000
Starting Iterative Proportional Fitting (IPF)...
IPF converged at iteration 33
IPF row error: 88.933455, col error: 0.000000
IPF converged at iteration 33
IPF row error: 88.933455, col error: 0.000000
Starting Iterative Proportional Fitting (IPF)...
IPF converged at iteration 33
IPF row error: 88.933455, col error: 0.000000
Starting Iterative Proportional Fitting (IPF)...
Starting Iterative Proportional Fitting (IPF)...
IPF converged at iteration 33
IPF row error: 88.837712, col error: 0.000000
Starting Iterative Proportional Fitting (IPF)...
IPF converged at iteration 33
IPF row error: 88.837712, col error: 0.000000
IPF converged at iteration 33
IPF row error: 88.837712, col error: 0.000000
Starting Iterative Proportional Fitting (IPF)...
IPF converged at iteration 33
IPF row error: 88.837712, col error: 0.000000
Starting Iterative Proportional Fitting (IPF)...
Starting Iterative Proportional Fitting (IPF)...
IPF converged at iteration 33
IPF row error: 88.837712, col error: 0.000000
Starting Iterative Proportional Fitting (IPF)...
IPF converged at iteration 33
IPF row error: 88.837712, col error: 0.000000
IPF converged at iteration 33
IPF row error: 88.837712, col error: 0.000000
Starting Iterative Proportional Fitting (IPF)...
IPF converged at iteration 33
IPF row error: 88.837712, col error: 0.000000
Starting Iterative Proportional Fitting (IPF)...
Starting Iterative Proportional Fitting (IPF)...
IPF converged at iteration 33
IPF row error: 88.837712, col error: 0.000000
Starting Iterative Proportional Fitting (IPF)...
IPF converged at iteration 33
IPF row error: 88.837712, col error: 0.000000
IPF converged at iteration 33
IPF row error: 88.837712, col error: 0.000000
Starting Iterative Proportional Fitting (IPF)...
IPF converged at iteration 33
IPF row error: 88.837712, col error: 0.000000
Starting Iterative Proportional Fitting (IPF)...
Starting Iterative Proportional Fitting (IPF)...
IPF converged at iteration 33
IPF row error: 88.837712, col error: 0.000000
Starting Iterative Proportional Fitting (IPF)...
IPF converged at iteration 33
IPF row error: 88.837712, col error: 0.000000
IPF converged at iteration 33
IPF row error: 88.837712, col error: 0.000000
Starting Iterative Proportional Fitting (IPF)...
IPF converged at iteration 33
IPF row error: 88.837712, col error: 0.000000
Starting Iterative Proportional Fitting (IPF)...
Starting Iterative Proportional Fitting (IPF)...
IPF converged at iteration 33
IPF row error: 88.837712, col error: 0.000000
Starting Iterative Proportional Fitting (IPF)...
IPF converged at iteration 33
IPF row error: 88.837712, col error: 0.000000
IPF converged at iteration 33
IPF row error: 88.837712, col error: 0.000000
Starting Iterative Proportional Fitting (IPF)...
IPF converged at iteration 33
IPF row error: 88.837712, col error: 0.000000
  [2023/test] 진행 120/1750 (6.9%) | 누적 CPC 0.7217 | RMSE 273.7767 | %RMSE 4.6006 | 경과 2.1분 | 예상 남음 28.6분
Starting Iterative Proportional Fitting (IPF)...
Starting Iterative Proportional Fitting (IPF)...
IPF converged at iteration 33
IPF row error: 88.837712, col error: 0.000000
Starting Iterative Proportional Fitting (IPF)...
IPF converged at iteration 33
IPF row error: 88.837712, col error: 0.000000
IPF converged at iteration 33
Starting Iterative Proportional Fitting (IPF)...
IPF row error: 88.837712, col error: 0.000000
IPF converged at iteration 33
IPF row error: 88.837712, col error: 0.000000
Starting Iterative Proportional Fitting (IPF)...
Starting Iterative Proportional Fitting (IPF)...
IPF converged at iteration 33
IPF row error: 88.837712, col error: 0.000000
Starting Iterative Proportional Fitting (IPF)...
IPF converged at iteration 33
IPF row error: 88.837712, col error: 0.000000
Starting Iterative Proportional Fitting (IPF)...
IPF converged at iteration 33
IPF row error: 88.837712, col error: 0.000000
IPF converged at iteration 33
IPF row error: 88.837712, col error: 0.000000
Starting Iterative Proportional Fitting (IPF)...
Starting Iterative Proportional Fitting (IPF)...
IPF converged at iteration 33
IPF row error: 88.837712, col error: 0.000000
Starting Iterative Proportional Fitting (IPF)...
IPF converged at iteration 33
IPF row error: 88.837712, col error: 0.000000
IPF converged at iteration 33
Starting Iterative Proportional Fitting (IPF)...
IPF row error: 88.837712, col error: 0.000000
IPF converged at iteration 33
IPF row error: 88.837712, col error: 0.000000
Starting Iterative Proportional Fitting (IPF)...
Starting Iterative Proportional Fitting (IPF)...
IPF converged at iteration 33
IPF row error: 88.837712, col error: 0.000000
Starting Iterative Proportional Fitting (IPF)...
IPF converged at iteration 33
IPF row error: 88.837712, col error: 0.000000
IPF converged at iteration 33
Starting Iterative Proportional Fitting (IPF)...
IPF row error: 88.837712, col error: 0.000000
IPF converged at iteration 33
IPF row error: 88.837712, col error: 0.000000
Starting Iterative Proportional Fitting (IPF)...
Starting Iterative Proportional Fitting (IPF)...
IPF converged at iteration 33
IPF row error: 88.837712, col error: 0.000000
Starting Iterative Proportional Fitting (IPF)...
IPF converged at iteration 33
IPF row error: 88.837712, col error: 0.000000
IPF converged at iteration 33
Starting Iterative Proportional Fitting (IPF)...
IPF row error: 88.837712, col error: 0.000000
IPF converged at iteration 33
IPF row error: 88.837712, col error: 0.000000
Starting Iterative Proportional Fitting (IPF)...
Starting Iterative Proportional Fitting (IPF)...
IPF converged at iteration 33
IPF row error: 88.837712, col error: 0.000000
IPF converged at iteration 33
Starting Iterative Proportional Fitting (IPF)...
IPF row error: 88.837712, col error: 0.000000
IPF converged at iteration 33
Starting Iterative Proportional Fitting (IPF)...
IPF row error: 88.837712, col error: 0.000000
IPF converged at iteration 33
Starting Iterative Proportional Fitting (IPF)...
IPF row error: 88.837712, col error: 0.000000
Starting Iterative Proportional Fitting (IPF)...
IPF converged at iteration 33
IPF row error: 88.837712, col error: 0.000000
IPF converged at iteration 33
IPF row error: 88.837712, col error: 0.000000
Starting Iterative Proportional Fitting (IPF)...
Starting Iterative Proportional Fitting (IPF)...
IPF converged at iteration 33
IPF row error: 88.837712, col error: 0.000000
Starting Iterative Proportional Fitting (IPF)...
IPF converged at iteration 33
IPF row error: 88.837712, col error: 0.000000
Starting Iterative Proportional Fitting (IPF)...
IPF converged at iteration 33
IPF row error: 88.837712, col error: 0.000000
IPF converged at iteration 33
IPF row error: 88.837712, col error: 0.000000
  [2023/test] 진행 150/1750 (8.6%) | 누적 CPC 0.7110 | RMSE 260.9874 | %RMSE 4.8304 | 경과 2.6분 | 예상 남음 28.2분
Starting Iterative Proportional Fitting (IPF)...
Starting Iterative Proportional Fitting (IPF)...
IPF converged at iteration 33
IPF row error: 88.845651, col error: 0.000000
IPF converged at iteration 33
Starting Iterative Proportional Fitting (IPF)...
IPF row error: 88.845651, col error: 0.000000
Starting Iterative Proportional Fitting (IPF)...
IPF converged at iteration 33
IPF row error: 88.845651, col error: 0.000000
IPF converged at iteration 33
IPF row error: 88.845651, col error: 0.000000
Starting Iterative Proportional Fitting (IPF)...
Starting Iterative Proportional Fitting (IPF)...
IPF converged at iteration 33
IPF row error: 88.845651, col error: 0.000000
Starting Iterative Proportional Fitting (IPF)...
IPF converged at iteration 33
IPF row error: 88.845651, col error: 0.000000
Starting Iterative Proportional Fitting (IPF)...
IPF converged at iteration 33
IPF row error: 88.845651, col error: 0.000000
IPF converged at iteration 33
IPF row error: 88.845651, col error: 0.000000
Starting Iterative Proportional Fitting (IPF)...
Starting Iterative Proportional Fitting (IPF)...
IPF converged at iteration 33
IPF row error: 88.845651, col error: 0.000000
Starting Iterative Proportional Fitting (IPF)...
IPF converged at iteration 33
IPF row error: 88.845651, col error: 0.000000
Starting Iterative Proportional Fitting (IPF)...
IPF converged at iteration 33
IPF row error: 88.845651, col error: 0.000000
IPF converged at iteration 33
IPF row error: 88.845651, col error: 0.000000
Starting Iterative Proportional Fitting (IPF)...
Starting Iterative Proportional Fitting (IPF)...
IPF converged at iteration 33
IPF row error: 88.845651, col error: 0.000000
Starting Iterative Proportional Fitting (IPF)...
IPF converged at iteration 33
IPF row error: 88.845651, col error: 0.000000
Starting Iterative Proportional Fitting (IPF)...
IPF converged at iteration 33
IPF row error: 88.845651, col error: 0.000000
IPF converged at iteration 33
IPF row error: 88.845651, col error: 0.000000
Starting Iterative Proportional Fitting (IPF)...
Starting Iterative Proportional Fitting (IPF)...
IPF converged at iteration 33
IPF row error: 88.845651, col error: 0.000000
Starting Iterative Proportional Fitting (IPF)...
IPF converged at iteration 33
IPF row error: 88.845651, col error: 0.000000
Starting Iterative Proportional Fitting (IPF)...
IPF converged at iteration 33
IPF row error: 88.845651, col error: 0.000000
IPF converged at iteration 33
IPF row error: 88.845651, col error: 0.000000
Starting Iterative Proportional Fitting (IPF)...
Starting Iterative Proportional Fitting (IPF)...
IPF converged at iteration 33
IPF row error: 88.845651, col error: 0.000000
Starting Iterative Proportional Fitting (IPF)...
IPF converged at iteration 33
IPF row error: 88.845651, col error: 0.000000
Starting Iterative Proportional Fitting (IPF)...
IPF converged at iteration 33
IPF row error: 88.845651, col error: 0.000000
IPF converged at iteration 33
IPF row error: 88.845651, col error: 0.000000
Starting Iterative Proportional Fitting (IPF)...
Starting Iterative Proportional Fitting (IPF)...
IPF converged at iteration 33
IPF row error: 88.845651, col error: 0.000000
Starting Iterative Proportional Fitting (IPF)...
IPF converged at iteration 33
IPF row error: 88.845651, col error: 0.000000
Starting Iterative Proportional Fitting (IPF)...
IPF converged at iteration 33
IPF row error: 88.845651, col error: 0.000000
IPF converged at iteration 33
IPF row error: 88.845651, col error: 0.000000
Starting Iterative Proportional Fitting (IPF)...
Starting Iterative Proportional Fitting (IPF)...
IPF converged at iteration 33
IPF row error: 88.845651, col error: 0.000000
Starting Iterative Proportional Fitting (IPF)...
IPF converged at iteration 33
IPF row error: 88.845651, col error: 0.000000
  [2023/test] 진행 180/1750 (10.3%) | 누적 CPC 0.6643 | RMSE 267.3157 | %RMSE 5.7606 | 경과 3.2분 | 예상 남음 27.5분
Starting Iterative Proportional Fitting (IPF)...
IPF converged at iteration 33
IPF row error: 88.845651, col error: 0.000000
IPF converged at iteration 33
IPF row error: 88.845651, col error: 0.000000
Starting Iterative Proportional Fitting (IPF)...
Starting Iterative Proportional Fitting (IPF)...
IPF converged at iteration 33
IPF row error: 88.845651, col error: 0.000000
Starting Iterative Proportional Fitting (IPF)...
IPF converged at iteration 33
IPF row error: 88.845651, col error: 0.000000
Starting Iterative Proportional Fitting (IPF)...
IPF converged at iteration 33
IPF row error: 88.845651, col error: 0.000000
IPF converged at iteration 33
IPF row error: 88.845651, col error: 0.000000
Starting Iterative Proportional Fitting (IPF)...
Starting Iterative Proportional Fitting (IPF)...
IPF converged at iteration 33
IPF row error: 88.845651, col error: 0.000000
Starting Iterative Proportional Fitting (IPF)...
IPF converged at iteration 33
IPF row error: 88.845651, col error: 0.000000
Starting Iterative Proportional Fitting (IPF)...
IPF converged at iteration 33
IPF row error: 88.845651, col error: 0.000000
IPF converged at iteration 33
IPF row error: 88.845651, col error: 0.000000
Starting Iterative Proportional Fitting (IPF)...
Starting Iterative Proportional Fitting (IPF)...
IPF converged at iteration 33
IPF row error: 88.845651, col error: 0.000000
Starting Iterative Proportional Fitting (IPF)...
IPF converged at iteration 33
IPF row error: 88.845651, col error: 0.000000
Starting Iterative Proportional Fitting (IPF)...
IPF converged at iteration 33
IPF row error: 88.845651, col error: 0.000000
IPF converged at iteration 33
IPF row error: 88.845651, col error: 0.000000
Starting Iterative Proportional Fitting (IPF)...
Starting Iterative Proportional Fitting (IPF)...
IPF converged at iteration 33
IPF row error: 88.845651, col error: 0.000000
Starting Iterative Proportional Fitting (IPF)...
IPF converged at iteration 33
IPF row error: 88.845651, col error: 0.000000
Starting Iterative Proportional Fitting (IPF)...
IPF converged at iteration 33
IPF row error: 88.845651, col error: 0.000000
IPF converged at iteration 33
IPF row error: 88.845651, col error: 0.000000
Starting Iterative Proportional Fitting (IPF)...
Starting Iterative Proportional Fitting (IPF)...
IPF converged at iteration 33
IPF row error: 88.845651, col error: 0.000000
Starting Iterative Proportional Fitting (IPF)...
IPF converged at iteration 33
IPF row error: 88.845651, col error: 0.000000
Starting Iterative Proportional Fitting (IPF)...
IPF converged at iteration 33
IPF row error: 88.768451, col error: 0.000000
IPF converged at iteration 33
IPF row error: 88.768451, col error: 0.000000
Starting Iterative Proportional Fitting (IPF)...
Starting Iterative Proportional Fitting (IPF)...
IPF converged at iteration 33
IPF row error: 88.768451, col error: 0.000000
Starting Iterative Proportional Fitting (IPF)...
IPF converged at iteration 33
IPF row error: 88.768451, col error: 0.000000
Starting Iterative Proportional Fitting (IPF)...
IPF converged at iteration 33
IPF row error: 88.768451, col error: 0.000000
IPF converged at iteration 33
IPF row error: 88.768451, col error: 0.000000
Starting Iterative Proportional Fitting (IPF)...
Starting Iterative Proportional Fitting (IPF)...
IPF converged at iteration 33
IPF row error: 88.768451, col error: 0.000000
Starting Iterative Proportional Fitting (IPF)...
IPF converged at iteration 33
IPF row error: 88.768451, col error: 0.000000
Starting Iterative Proportional Fitting (IPF)...
IPF converged at iteration 33
IPF row error: 88.768451, col error: 0.000000
IPF converged at iteration 33
IPF row error: 88.768451, col error: 0.000000
  [2023/test] 진행 210/1750 (12.0%) | 누적 CPC 0.6437 | RMSE 265.6549 | %RMSE 6.1336 | 경과 3.7분 | 예상 남음 27.0분
Starting Iterative Proportional Fitting (IPF)...
Starting Iterative Proportional Fitting (IPF)...
IPF converged at iteration 33
IPF row error: 88.768451, col error: 0.000000
Starting Iterative Proportional Fitting (IPF)...
IPF converged at iteration 33
IPF row error: 88.768451, col error: 0.000000
Starting Iterative Proportional Fitting (IPF)...
IPF converged at iteration 33
IPF row error: 88.768451, col error: 0.000000
IPF converged at iteration 33
Starting Iterative Proportional Fitting (IPF)...IPF row error: 88.768451, col error: 0.000000

Starting Iterative Proportional Fitting (IPF)...
IPF converged at iteration 33
IPF row error: 88.768451, col error: 0.000000
Starting Iterative Proportional Fitting (IPF)...
IPF converged at iteration 33
IPF row error: 88.768451, col error: 0.000000
Starting Iterative Proportional Fitting (IPF)...
IPF converged at iteration 33
IPF row error: 88.768451, col error: 0.000000
IPF converged at iteration 33
IPF row error: 88.768451, col error: 0.000000
Starting Iterative Proportional Fitting (IPF)...
Starting Iterative Proportional Fitting (IPF)...
IPF converged at iteration 33
IPF row error: 88.768451, col error: 0.000000
Starting Iterative Proportional Fitting (IPF)...
IPF converged at iteration 33
IPF row error: 88.768451, col error: 0.000000
Starting Iterative Proportional Fitting (IPF)...
IPF converged at iteration 33
IPF row error: 88.768451, col error: 0.000000
IPF converged at iteration 33
IPF row error: 88.768451, col error: 0.000000
Starting Iterative Proportional Fitting (IPF)...
Starting Iterative Proportional Fitting (IPF)...
IPF converged at iteration 33
IPF row error: 88.768451, col error: 0.000000
Starting Iterative Proportional Fitting (IPF)...
IPF converged at iteration 33
IPF row error: 88.768451, col error: 0.000000
Starting Iterative Proportional Fitting (IPF)...
IPF converged at iteration 33
IPF row error: 88.768451, col error: 0.000000
IPF converged at iteration 33
IPF row error: 88.768451, col error: 0.000000
Starting Iterative Proportional Fitting (IPF)...
Starting Iterative Proportional Fitting (IPF)...
IPF converged at iteration 33
IPF row error: 88.768451, col error: 0.000000
Starting Iterative Proportional Fitting (IPF)...
IPF converged at iteration 33
IPF row error: 88.768451, col error: 0.000000
Starting Iterative Proportional Fitting (IPF)...
IPF converged at iteration 33
IPF row error: 88.768451, col error: 0.000000
IPF converged at iteration 33
IPF row error: 88.768451, col error: 0.000000
Starting Iterative Proportional Fitting (IPF)...
Starting Iterative Proportional Fitting (IPF)...
IPF converged at iteration 33
IPF row error: 88.768451, col error: 0.000000
Starting Iterative Proportional Fitting (IPF)...
IPF converged at iteration 33
IPF row error: 88.768451, col error: 0.000000
Starting Iterative Proportional Fitting (IPF)...
IPF converged at iteration 33
IPF row error: 88.768451, col error: 0.000000
IPF converged at iteration 33
IPF row error: 88.768451, col error: 0.000000
Starting Iterative Proportional Fitting (IPF)...
Starting Iterative Proportional Fitting (IPF)...
IPF converged at iteration 33
IPF row error: 88.768451, col error: 0.000000
Starting Iterative Proportional Fitting (IPF)...
IPF converged at iteration 33
IPF row error: 88.768451, col error: 0.000000
Starting Iterative Proportional Fitting (IPF)...
IPF converged at iteration 33
IPF row error: 88.768451, col error: 0.000000
IPF converged at iteration 33
IPF row error: 88.768451, col error: 0.000000
Starting Iterative Proportional Fitting (IPF)...
Starting Iterative Proportional Fitting (IPF)...
IPF converged at iteration 33
IPF row error: 88.768451, col error: 0.000000
Starting Iterative Proportional Fitting (IPF)...
IPF converged at iteration 33
IPF row error: 88.768451, col error: 0.000000
  [2023/test] 진행 240/1750 (13.7%) | 누적 CPC 0.6505 | RMSE 253.5926 | %RMSE 5.9033 | 경과 4.2분 | 예상 남음 26.4분
Starting Iterative Proportional Fitting (IPF)...
IPF converged at iteration 33
IPF row error: 88.768451, col error: 0.000000
IPF converged at iteration 33
IPF row error: 88.768451, col error: 0.000000
Starting Iterative Proportional Fitting (IPF)...
Starting Iterative Proportional Fitting (IPF)...
IPF converged at iteration 33
IPF row error: 88.768451, col error: 0.000000
Starting Iterative Proportional Fitting (IPF)...
IPF converged at iteration 33
IPF row error: 88.768451, col error: 0.000000
Starting Iterative Proportional Fitting (IPF)...
IPF converged at iteration 33
IPF row error: 88.768451, col error: 0.000000
IPF converged at iteration 33
IPF row error: 88.768451, col error: 0.000000
Starting Iterative Proportional Fitting (IPF)...
Starting Iterative Proportional Fitting (IPF)...
IPF converged at iteration 33
IPF row error: 88.768451, col error: 0.000000
Starting Iterative Proportional Fitting (IPF)...
IPF converged at iteration 33
IPF row error: 88.768451, col error: 0.000000
Starting Iterative Proportional Fitting (IPF)...
IPF converged at iteration 33
IPF converged at iteration 33
IPF row error: 88.768451, col error: 0.000000
IPF row error: 88.768451, col error: 0.000000
Starting Iterative Proportional Fitting (IPF)...
Starting Iterative Proportional Fitting (IPF)...
IPF converged at iteration 33
IPF row error: 88.833099, col error: 0.000000
Starting Iterative Proportional Fitting (IPF)...
IPF converged at iteration 33
IPF row error: 88.833099, col error: 0.000000
Starting Iterative Proportional Fitting (IPF)...
IPF converged at iteration 33
IPF converged at iteration 33
IPF row error: 88.833099, col error: 0.000000IPF row error: 88.833099, col error: 0.000000

Starting Iterative Proportional Fitting (IPF)...
Starting Iterative Proportional Fitting (IPF)...
IPF converged at iteration 33
IPF row error: 88.833099, col error: 0.000000
Starting Iterative Proportional Fitting (IPF)...
IPF converged at iteration 33
IPF row error: 88.833099, col error: 0.000000
Starting Iterative Proportional Fitting (IPF)...
IPF converged at iteration 33
IPF row error: 88.833099, col error: 0.000000
IPF converged at iteration 33
IPF row error: 88.833099, col error: 0.000000
Starting Iterative Proportional Fitting (IPF)...
Starting Iterative Proportional Fitting (IPF)...
IPF converged at iteration 33
IPF row error: 88.833099, col error: 0.000000
Starting Iterative Proportional Fitting (IPF)...
IPF converged at iteration 33
IPF row error: 88.833099, col error: 0.000000
Starting Iterative Proportional Fitting (IPF)...
IPF converged at iteration 33
IPF row error: 88.833099, col error: 0.000000
IPF converged at iteration 33
IPF row error: 88.833099, col error: 0.000000
Starting Iterative Proportional Fitting (IPF)...
Starting Iterative Proportional Fitting (IPF)...
IPF converged at iteration 33
IPF row error: 88.833099, col error: 0.000000
Starting Iterative Proportional Fitting (IPF)...
IPF converged at iteration 33
IPF row error: 88.833099, col error: 0.000000
Starting Iterative Proportional Fitting (IPF)...
IPF converged at iteration 33
IPF row error: 88.833099, col error: 0.000000
IPF converged at iteration 33
IPF row error: 88.833099, col error: 0.000000
Starting Iterative Proportional Fitting (IPF)...
Starting Iterative Proportional Fitting (IPF)...
IPF converged at iteration 33
IPF row error: 88.833099, col error: 0.000000
Starting Iterative Proportional Fitting (IPF)...
IPF converged at iteration 33
IPF row error: 88.833099, col error: 0.000000
Starting Iterative Proportional Fitting (IPF)...
IPF converged at iteration 33
IPF row error: 88.833099, col error: 0.000000
IPF converged at iteration 33
IPF row error: 88.833099, col error: 0.000000
  [2023/test] 진행 270/1750 (15.4%) | 누적 CPC 0.6512 | RMSE 260.0687 | %RMSE 5.9651 | 경과 4.7분 | 예상 남음 25.9분
Starting Iterative Proportional Fitting (IPF)...
Starting Iterative Proportional Fitting (IPF)...
IPF converged at iteration 33
IPF row error: 88.833099, col error: 0.000000
Starting Iterative Proportional Fitting (IPF)...
IPF converged at iteration 33
IPF row error: 88.833099, col error: 0.000000
Starting Iterative Proportional Fitting (IPF)...
IPF converged at iteration 33
IPF row error: 88.833099, col error: 0.000000
IPF converged at iteration 33
IPF row error: 88.833099, col error: 0.000000
Starting Iterative Proportional Fitting (IPF)...
Starting Iterative Proportional Fitting (IPF)...
IPF converged at iteration 33
IPF row error: 88.833099, col error: 0.000000
Starting Iterative Proportional Fitting (IPF)...
IPF converged at iteration 33
IPF row error: 88.833099, col error: 0.000000
Starting Iterative Proportional Fitting (IPF)...
IPF converged at iteration 33
IPF row error: 88.833099, col error: 0.000000
IPF converged at iteration 33
IPF row error: 88.833099, col error: 0.000000
Starting Iterative Proportional Fitting (IPF)...
Starting Iterative Proportional Fitting (IPF)...
IPF converged at iteration 33
IPF row error: 88.833099, col error: 0.000000
Starting Iterative Proportional Fitting (IPF)...
IPF converged at iteration 33
IPF row error: 88.833099, col error: 0.000000
Starting Iterative Proportional Fitting (IPF)...
IPF converged at iteration 33
IPF row error: 88.833099, col error: 0.000000
IPF converged at iteration 33
IPF row error: 88.833099, col error: 0.000000
Starting Iterative Proportional Fitting (IPF)...
Starting Iterative Proportional Fitting (IPF)...
IPF converged at iteration 33
IPF row error: 88.833099, col error: 0.000000
Starting Iterative Proportional Fitting (IPF)...
IPF converged at iteration 33
IPF row error: 88.833099, col error: 0.000000
Starting Iterative Proportional Fitting (IPF)...
IPF converged at iteration 33
IPF row error: 88.833099, col error: 0.000000
IPF converged at iteration 33
IPF row error: 88.833099, col error: 0.000000
Starting Iterative Proportional Fitting (IPF)...
Starting Iterative Proportional Fitting (IPF)...
IPF converged at iteration 33
IPF row error: 88.833099, col error: 0.000000
Starting Iterative Proportional Fitting (IPF)...
IPF converged at iteration 33
IPF row error: 88.833099, col error: 0.000000
Starting Iterative Proportional Fitting (IPF)...
IPF converged at iteration 33
IPF row error: 88.833099, col error: 0.000000
IPF converged at iteration 33
IPF row error: 88.833099, col error: 0.000000
Starting Iterative Proportional Fitting (IPF)...
Starting Iterative Proportional Fitting (IPF)...
IPF converged at iteration 33
IPF row error: 88.833099, col error: 0.000000
Starting Iterative Proportional Fitting (IPF)...
IPF converged at iteration 33
IPF row error: 88.833099, col error: 0.000000
Starting Iterative Proportional Fitting (IPF)...
IPF converged at iteration 33
IPF row error: 88.833099, col error: 0.000000
IPF converged at iteration 33
IPF row error: 88.833099, col error: 0.000000
Starting Iterative Proportional Fitting (IPF)...
Starting Iterative Proportional Fitting (IPF)...
IPF converged at iteration 33
IPF row error: 88.833099, col error: 0.000000
Starting Iterative Proportional Fitting (IPF)...
IPF converged at iteration 33
IPF row error: 88.833099, col error: 0.000000
Starting Iterative Proportional Fitting (IPF)...
IPF converged at iteration 33
IPF row error: 88.833099, col error: 0.000000
IPF converged at iteration 33
IPF row error: 88.833099, col error: 0.000000
Starting Iterative Proportional Fitting (IPF)...
Starting Iterative Proportional Fitting (IPF)...
IPF converged at iteration 33
IPF row error: 88.833099, col error: 0.000000
Starting Iterative Proportional Fitting (IPF)...
IPF converged at iteration 33
IPF row error: 88.833099, col error: 0.000000
  [2023/test] 진행 300/1750 (17.1%) | 누적 CPC 0.6498 | RMSE 272.3857 | %RMSE 6.1228 | 경과 5.2분 | 예상 남음 25.3분
Starting Iterative Proportional Fitting (IPF)...
IPF converged at iteration 33
IPF converged at iteration 33
IPF row error: 89.058544, col error: 0.000000
IPF row error: 89.058544, col error: 0.000000
Starting Iterative Proportional Fitting (IPF)...
Starting Iterative Proportional Fitting (IPF)...
IPF converged at iteration 33
IPF row error: 89.058544, col error: 0.000000
Starting Iterative Proportional Fitting (IPF)...
IPF converged at iteration 33
IPF row error: 89.058544, col error: 0.000000
Starting Iterative Proportional Fitting (IPF)...
IPF converged at iteration 33
IPF row error: 89.058544, col error: 0.000000
IPF converged at iteration 33
IPF row error: 89.058544, col error: 0.000000
Starting Iterative Proportional Fitting (IPF)...
Starting Iterative Proportional Fitting (IPF)...
IPF converged at iteration 33
IPF row error: 89.058544, col error: 0.000000
Starting Iterative Proportional Fitting (IPF)...
IPF converged at iteration 33
IPF row error: 89.058544, col error: 0.000000
Starting Iterative Proportional Fitting (IPF)...
IPF converged at iteration 33
IPF row error: 89.058544, col error: 0.000000
IPF converged at iteration 33
IPF row error: 89.058544, col error: 0.000000
Starting Iterative Proportional Fitting (IPF)...
Starting Iterative Proportional Fitting (IPF)...
IPF converged at iteration 33
IPF row error: 89.058544, col error: 0.000000
Starting Iterative Proportional Fitting (IPF)...
IPF converged at iteration 33
IPF row error: 89.058544, col error: 0.000000
Starting Iterative Proportional Fitting (IPF)...
IPF converged at iteration 33
IPF converged at iteration 33
IPF row error: 89.058544, col error: 0.000000
IPF row error: 89.058544, col error: 0.000000
Starting Iterative Proportional Fitting (IPF)...
Starting Iterative Proportional Fitting (IPF)...
IPF converged at iteration 33
IPF row error: 89.058544, col error: 0.000000
Starting Iterative Proportional Fitting (IPF)...
IPF converged at iteration 33
IPF row error: 89.058544, col error: 0.000000
Starting Iterative Proportional Fitting (IPF)...
IPF converged at iteration 33
IPF converged at iteration 33
IPF row error: 89.058544, col error: 0.000000
IPF row error: 89.058544, col error: 0.000000
Starting Iterative Proportional Fitting (IPF)...
Starting Iterative Proportional Fitting (IPF)...
IPF converged at iteration 33
IPF row error: 89.058544, col error: 0.000000
Starting Iterative Proportional Fitting (IPF)...
IPF converged at iteration 33
IPF row error: 89.058544, col error: 0.000000
Starting Iterative Proportional Fitting (IPF)...
IPF converged at iteration 33
IPF row error: 89.058544, col error: 0.000000
IPF converged at iteration 33
IPF row error: 89.058544, col error: 0.000000
Starting Iterative Proportional Fitting (IPF)...
Starting Iterative Proportional Fitting (IPF)...
IPF converged at iteration 33
IPF row error: 89.058544, col error: 0.000000
Starting Iterative Proportional Fitting (IPF)...
IPF converged at iteration 33
IPF row error: 89.058544, col error: 0.000000
Starting Iterative Proportional Fitting (IPF)...
IPF converged at iteration 33
IPF row error: 89.058544, col error: 0.000000
IPF converged at iteration 33
IPF row error: 89.058544, col error: 0.000000
Starting Iterative Proportional Fitting (IPF)...
Starting Iterative Proportional Fitting (IPF)...
IPF converged at iteration 33
IPF row error: 89.058544, col error: 0.000000
Starting Iterative Proportional Fitting (IPF)...
IPF converged at iteration 33
IPF row error: 89.058544, col error: 0.000000
Starting Iterative Proportional Fitting (IPF)...
IPF converged at iteration 33
IPF row error: 89.058544, col error: 0.000000
IPF converged at iteration 33
IPF row error: 89.058544, col error: 0.000000
  [2023/test] 진행 330/1750 (18.9%) | 누적 CPC 0.6495 | RMSE 334.4672 | %RMSE 6.7055 | 경과 5.8분 | 예상 남음 24.8분
Starting Iterative Proportional Fitting (IPF)...
Starting Iterative Proportional Fitting (IPF)...
IPF converged at iteration 33
IPF row error: 89.058544, col error: 0.000000
Starting Iterative Proportional Fitting (IPF)...
IPF converged at iteration 33
IPF row error: 89.058544, col error: 0.000000
Starting Iterative Proportional Fitting (IPF)...
IPF converged at iteration 33
IPF converged at iteration 33
IPF row error: 89.058544, col error: 0.000000
IPF row error: 89.058544, col error: 0.000000
Starting Iterative Proportional Fitting (IPF)...
Starting Iterative Proportional Fitting (IPF)...
IPF converged at iteration 33
IPF row error: 89.058544, col error: 0.000000
Starting Iterative Proportional Fitting (IPF)...
IPF converged at iteration 33
IPF row error: 89.058544, col error: 0.000000
Starting Iterative Proportional Fitting (IPF)...
IPF converged at iteration 33
IPF converged at iteration 33
IPF row error: 89.058544, col error: 0.000000
IPF row error: 89.058544, col error: 0.000000
Starting Iterative Proportional Fitting (IPF)...
Starting Iterative Proportional Fitting (IPF)...
IPF converged at iteration 33
IPF row error: 89.058544, col error: 0.000000
Starting Iterative Proportional Fitting (IPF)...
IPF converged at iteration 33
IPF row error: 89.058544, col error: 0.000000
Starting Iterative Proportional Fitting (IPF)...
IPF converged at iteration 33
IPF row error: 89.058544, col error: 0.000000
IPF converged at iteration 33
IPF row error: 89.058544, col error: 0.000000
Starting Iterative Proportional Fitting (IPF)...
Starting Iterative Proportional Fitting (IPF)...
IPF converged at iteration 33
IPF row error: 89.058544, col error: 0.000000
Starting Iterative Proportional Fitting (IPF)...
IPF converged at iteration 33
IPF row error: 89.058544, col error: 0.000000
Starting Iterative Proportional Fitting (IPF)...
IPF converged at iteration 33
IPF row error: 89.058544, col error: 0.000000
IPF converged at iteration 33
IPF row error: 89.058544, col error: 0.000000
Starting Iterative Proportional Fitting (IPF)...
Starting Iterative Proportional Fitting (IPF)...
IPF converged at iteration 33
IPF row error: 89.058544, col error: 0.000000
Starting Iterative Proportional Fitting (IPF)...
IPF converged at iteration 33
IPF row error: 89.058544, col error: 0.000000
Starting Iterative Proportional Fitting (IPF)...
IPF converged at iteration 33
IPF row error: 89.058544, col error: 0.000000
IPF converged at iteration 33
IPF row error: 89.058544, col error: 0.000000
Starting Iterative Proportional Fitting (IPF)...
Starting Iterative Proportional Fitting (IPF)...
IPF converged at iteration 31
IPF row error: 125.792932, col error: 0.000000
Starting Iterative Proportional Fitting (IPF)...
IPF converged at iteration 30
IPF row error: 156.158808, col error: 0.000000
Starting Iterative Proportional Fitting (IPF)...
IPF converged at iteration 31
IPF row error: 130.872485, col error: 0.000000
IPF converged at iteration 33
IPF row error: 89.112894, col error: 0.000000
Starting Iterative Proportional Fitting (IPF)...
Starting Iterative Proportional Fitting (IPF)...
IPF converged at iteration 33
IPF row error: 91.315641, col error: 0.000000
Starting Iterative Proportional Fitting (IPF)...
IPF converged at iteration 33
IPF row error: 89.112894, col error: 0.000000
Starting Iterative Proportional Fitting (IPF)...
IPF converged at iteration 33
IPF row error: 89.112894, col error: 0.000000
IPF converged at iteration 31
IPF row error: 161.071283, col error: 0.000000
Starting Iterative Proportional Fitting (IPF)...
Starting Iterative Proportional Fitting (IPF)...
IPF converged at iteration 35
IPF row error: 56.764429, col error: 0.000000
Starting Iterative Proportional Fitting (IPF)...
IPF converged at iteration 34
IPF row error: 82.830694, col error: 0.000000
  [2023/test] 진행 360/1750 (20.6%) | 누적 CPC 0.6516 | RMSE 370.2086 | %RMSE 6.9913 | 경과 6.3분 | 예상 남음 24.2분
Starting Iterative Proportional Fitting (IPF)...
IPF converged at iteration 33
IPF row error: 89.112894, col error: 0.000000
IPF converged at iteration 35
IPF row error: 50.819096, col error: 0.000000
Starting Iterative Proportional Fitting (IPF)...
Starting Iterative Proportional Fitting (IPF)...
IPF converged at iteration 30
IPF row error: 167.804001, col error: 0.000000
Starting Iterative Proportional Fitting (IPF)...
IPF converged at iteration 34
IPF row error: 76.953366, col error: 0.000000
Starting Iterative Proportional Fitting (IPF)...
IPF converged at iteration 34
IPF row error: 74.009878, col error: 0.000000
IPF converged at iteration 32
IPF row error: 88.185800, col error: 0.000000
Starting Iterative Proportional Fitting (IPF)...
Starting Iterative Proportional Fitting (IPF)...
IPF converged at iteration 34
IPF row error: 70.457087, col error: 0.000000
Starting Iterative Proportional Fitting (IPF)...
IPF converged at iteration 29
IPF row error: 187.366215, col error: 0.000000
Starting Iterative Proportional Fitting (IPF)...
IPF converged at iteration 32
IPF row error: 131.124846, col error: 0.000000
Starting Iterative Proportional Fitting (IPF)...
IPF converged at iteration 58
IPF row error: 1.213407, col error: 0.000000
IPF converged at iteration 31
IPF row error: 155.315526, col error: 0.000000
Starting Iterative Proportional Fitting (IPF)...
Starting Iterative Proportional Fitting (IPF)...
IPF converged at iteration 33
IPF row error: 95.516433, col error: 0.000000
Starting Iterative Proportional Fitting (IPF)...
IPF converged at iteration 34
IPF row error: 79.587742, col error: 0.000000
Starting Iterative Proportional Fitting (IPF)...
IPF converged at iteration 33
IPF row error: 89.112894, col error: 0.000000
IPF converged at iteration 33
IPF row error: 89.112894, col error: 0.000000
Starting Iterative Proportional Fitting (IPF)...
Starting Iterative Proportional Fitting (IPF)...
IPF converged at iteration 31
IPF row error: 164.958483, col error: 0.000000
Starting Iterative Proportional Fitting (IPF)...
IPF converged at iteration 33
IPF row error: 90.336960, col error: 0.000000
Starting Iterative Proportional Fitting (IPF)...
IPF converged at iteration 33
IPF row error: 89.112894, col error: 0.000000
IPF converged at iteration 33
IPF row error: 89.112894, col error: 0.000000
Starting Iterative Proportional Fitting (IPF)...
Starting Iterative Proportional Fitting (IPF)...
IPF converged at iteration 30
IPF row error: 157.124090, col error: 0.000000
Starting Iterative Proportional Fitting (IPF)...
IPF converged at iteration 33
IPF row error: 89.112894, col error: 0.000000
Starting Iterative Proportional Fitting (IPF)...
IPF converged at iteration 32
IPF row error: 113.912620, col error: 0.000000
IPF converged at iteration 33
IPF row error: 89.112894, col error: 0.000000
Starting Iterative Proportional Fitting (IPF)...
Starting Iterative Proportional Fitting (IPF)...
IPF converged at iteration 33
IPF row error: 89.112894, col error: 0.000000
Starting Iterative Proportional Fitting (IPF)...
IPF converged at iteration 33
IPF row error: 89.112894, col error: 0.000000
Starting Iterative Proportional Fitting (IPF)...
IPF converged at iteration 32
IPF converged at iteration 33
IPF row error: 101.770122, col error: 0.000000
IPF row error: 88.181765, col error: 0.000000
Starting Iterative Proportional Fitting (IPF)...
Starting Iterative Proportional Fitting (IPF)...
IPF converged at iteration 33
IPF row error: 89.112894, col error: 0.000000
Starting Iterative Proportional Fitting (IPF)...
IPF converged at iteration 33
IPF row error: 89.112894, col error: 0.000000
Starting Iterative Proportional Fitting (IPF)...
IPF converged at iteration 33
IPF row error: 89.112894, col error: 0.000000
  [2023/test] 진행 390/1750 (22.3%) | 누적 CPC 0.6581 | RMSE 371.0967 | %RMSE 6.8699 | 경과 6.8분 | 예상 남음 23.8분
IPF converged at iteration 33
IPF row error: 99.659593, col error: 0.000000
Starting Iterative Proportional Fitting (IPF)...
Starting Iterative Proportional Fitting (IPF)...
IPF converged at iteration 34
IPF row error: 83.755428, col error: 0.000000
Starting Iterative Proportional Fitting (IPF)...
IPF converged at iteration 28
IPF row error: 211.014510, col error: 0.000000
Starting Iterative Proportional Fitting (IPF)...
IPF converged at iteration 16
IPF row error: 38.625149, col error: 0.000000
IPF converged at iteration 33
Starting Iterative Proportional Fitting (IPF)...
IPF row error: 89.112894, col error: 0.000000
IPF converged at iteration 33
IPF row error: 89.112894, col error: 0.000000
Starting Iterative Proportional Fitting (IPF)...
Starting Iterative Proportional Fitting (IPF)...
IPF converged at iteration 33
IPF row error: 120.371124, col error: 0.000000
Starting Iterative Proportional Fitting (IPF)...
IPF converged at iteration 33
IPF row error: 89.112894, col error: 0.000000
IPF converged at iteration 33
Starting Iterative Proportional Fitting (IPF)...
IPF row error: 89.112894, col error: 0.000000
IPF converged at iteration 33
IPF row error: 89.112894, col error: 0.000000
Starting Iterative Proportional Fitting (IPF)...
Starting Iterative Proportional Fitting (IPF)...
IPF converged at iteration 34
IPF row error: 86.824487, col error: 0.000000
Starting Iterative Proportional Fitting (IPF)...
IPF converged at iteration 33
IPF row error: 88.933455, col error: 0.000000
IPF converged at iteration 33
IPF converged at iteration 39
IPF row error: 88.933455, col error: 0.000000
IPF row error: 22.158244, col error: 0.000000
Starting Iterative Proportional Fitting (IPF)...
Starting Iterative Proportional Fitting (IPF)...
Starting Iterative Proportional Fitting (IPF)...
IPF converged at iteration 33
IPF row error: 88.933455, col error: 0.000000
Starting Iterative Proportional Fitting (IPF)...
IPF converged at iteration 29
IPF row error: 44.214817, col error: 0.000000
IPF converged at iteration 33
IPF row error: 88.933455, col error: 0.000000
Starting Iterative Proportional Fitting (IPF)...
IPF converged at iteration 33
IPF row error: 99.525604, col error: 0.000000
Starting Iterative Proportional Fitting (IPF)...
Starting Iterative Proportional Fitting (IPF)...
IPF converged at iteration 33
IPF row error: 88.933455, col error: 0.000000
Starting Iterative Proportional Fitting (IPF)...
IPF converged at iteration 32
IPF row error: 118.308325, col error: 0.000000
Starting Iterative Proportional Fitting (IPF)...
IPF converged at iteration 34
IPF row error: 75.938235, col error: 0.000000
IPF converged at iteration 33
IPF row error: 88.933455, col error: 0.000000
Starting Iterative Proportional Fitting (IPF)...
Starting Iterative Proportional Fitting (IPF)...
IPF converged at iteration 34
IPF row error: 76.615354, col error: 0.000000
Starting Iterative Proportional Fitting (IPF)...
IPF converged at iteration 33
IPF row error: 88.933455, col error: 0.000000
Starting Iterative Proportional Fitting (IPF)...
IPF converged at iteration 32
IPF row error: 115.293112, col error: 0.000000
IPF converged at iteration 33
IPF row error: 88.933455, col error: 0.000000
Starting Iterative Proportional Fitting (IPF)...
Starting Iterative Proportional Fitting (IPF)...
IPF converged at iteration 33
IPF row error: 90.889620, col error: 0.000000
Starting Iterative Proportional Fitting (IPF)...
IPF converged at iteration 33
IPF row error: 88.933455, col error: 0.000000
Starting Iterative Proportional Fitting (IPF)...
IPF converged at iteration 34
IPF row error: 78.666215, col error: 0.000000
IPF converged at iteration 33
IPF row error: 101.217156, col error: 0.000000
  [2023/test] 진행 420/1750 (24.0%) | 누적 CPC 0.6622 | RMSE 365.3322 | %RMSE 6.7015 | 경과 7.3분 | 예상 남음 23.2분
Starting Iterative Proportional Fitting (IPF)...
Starting Iterative Proportional Fitting (IPF)...
IPF converged at iteration 33
IPF row error: 97.454063, col error: 0.000000
Starting Iterative Proportional Fitting (IPF)...
IPF converged at iteration 33
IPF row error: 88.933455, col error: 0.000000
Starting Iterative Proportional Fitting (IPF)...
IPF converged at iteration 33
IPF row error: 88.933455, col error: 0.000000
Starting Iterative Proportional Fitting (IPF)...
IPF converged at iteration 50
IPF row error: 5.358955, col error: 0.000000
IPF converged at iteration 31
IPF row error: 133.768996, col error: 0.000000
Starting Iterative Proportional Fitting (IPF)...
Starting Iterative Proportional Fitting (IPF)...
IPF converged at iteration 32
IPF row error: 123.137688, col error: 0.000000
Starting Iterative Proportional Fitting (IPF)...
IPF converged at iteration 33
IPF row error: 88.933455, col error: 0.000000
Starting Iterative Proportional Fitting (IPF)...
IPF converged at iteration 32
IPF row error: 118.008637, col error: 0.000000
IPF converged at iteration 33
IPF row error: 88.933455, col error: 0.000000
Starting Iterative Proportional Fitting (IPF)...
Starting Iterative Proportional Fitting (IPF)...
IPF converged at iteration 41
IPF row error: 14.238292, col error: 0.000000
IPF converged at iteration 33
IPF row error: 88.933455, col error: 0.000000
Starting Iterative Proportional Fitting (IPF)...
Starting Iterative Proportional Fitting (IPF)...
IPF converged at iteration 33
IPF row error: 88.933455, col error: 0.000000
IPF converged at iteration 33
IPF row error: 88.933455, col error: 0.000000
Starting Iterative Proportional Fitting (IPF)...
Starting Iterative Proportional Fitting (IPF)...
IPF converged at iteration 32
IPF row error: 127.498073, col error: 0.000000
Starting Iterative Proportional Fitting (IPF)...
IPF converged at iteration 42
IPF row error: 10.860875, col error: 0.000000
Starting Iterative Proportional Fitting (IPF)...
IPF converged at iteration 31
IPF row error: 154.183367, col error: 0.000000
IPF converged at iteration 33
IPF row error: 88.933455, col error: 0.000000
Starting Iterative Proportional Fitting (IPF)...
Starting Iterative Proportional Fitting (IPF)...
IPF converged at iteration 33
IPF row error: 88.933455, col error: 0.000000
Starting Iterative Proportional Fitting (IPF)...
IPF converged at iteration 33
IPF row error: 88.933455, col error: 0.000000
Starting Iterative Proportional Fitting (IPF)...
IPF converged at iteration 33
IPF row error: 88.933455, col error: 0.000000
IPF converged at iteration 33
IPF row error: 88.933455, col error: 0.000000
Starting Iterative Proportional Fitting (IPF)...
Starting Iterative Proportional Fitting (IPF)...
IPF converged at iteration 33
IPF row error: 88.933455, col error: 0.000000
Starting Iterative Proportional Fitting (IPF)...
IPF converged at iteration 33
IPF row error: 88.933455, col error: 0.000000
Starting Iterative Proportional Fitting (IPF)...
IPF converged at iteration 31
IPF converged at iteration 33
IPF row error: 131.340139, col error: 0.000000
IPF row error: 88.933455, col error: 0.000000
Starting Iterative Proportional Fitting (IPF)...
Starting Iterative Proportional Fitting (IPF)...
IPF converged at iteration 34
IPF row error: 75.046379, col error: 0.000000
Starting Iterative Proportional Fitting (IPF)...
IPF converged at iteration 33
IPF row error: 88.933455, col error: 0.000000
Starting Iterative Proportional Fitting (IPF)...
IPF converged at iteration 30
IPF row error: 213.390129, col error: 0.000000
IPF converged at iteration 33
IPF row error: 88.933455, col error: 0.000000
Starting Iterative Proportional Fitting (IPF)...
Starting Iterative Proportional Fitting (IPF)...
IPF converged at iteration 33
IPF row error: 88.933455, col error: 0.000000
  [2023/test] 진행 450/1750 (25.7%) | 누적 CPC 0.6655 | RMSE 356.6289 | %RMSE 6.5154 | 경과 7.9분 | 예상 남음 22.7분
Starting Iterative Proportional Fitting (IPF)...
IPF converged at iteration 33
IPF row error: 88.837712, col error: 0.000000
Starting Iterative Proportional Fitting (IPF)...
IPF converged at iteration 33
IPF row error: 88.837712, col error: 0.000000
IPF converged at iteration 33
IPF row error: 88.837712, col error: 0.000000
Starting Iterative Proportional Fitting (IPF)...
Starting Iterative Proportional Fitting (IPF)...
IPF converged at iteration 33
IPF row error: 88.837712, col error: 0.000000
Starting Iterative Proportional Fitting (IPF)...
IPF converged at iteration 32
IPF row error: 104.910670, col error: 0.000000
IPF converged at iteration 32
IPF row error: 122.875750, col error: 0.000000
Starting Iterative Proportional Fitting (IPF)...
Starting Iterative Proportional Fitting (IPF)...
IPF converged at iteration 51
IPF row error: 1.405943, col error: 0.000000
Starting Iterative Proportional Fitting (IPF)...
IPF converged at iteration 30
IPF row error: 184.898964, col error: 0.000000
Starting Iterative Proportional Fitting (IPF)...
IPF converged at iteration 32
IPF row error: 123.321763, col error: 0.000000
IPF converged at iteration 33
Starting Iterative Proportional Fitting (IPF)...
IPF row error: 88.837712, col error: 0.000000
Starting Iterative Proportional Fitting (IPF)...
IPF converged at iteration 33
IPF row error: 88.837712, col error: 0.000000
Starting Iterative Proportional Fitting (IPF)...
IPF converged at iteration 33
IPF row error: 88.837712, col error: 0.000000
Starting Iterative Proportional Fitting (IPF)...
IPF converged at iteration 33
IPF row error: 88.837712, col error: 0.000000
IPF converged at iteration 33
Starting Iterative Proportional Fitting (IPF)...
IPF row error: 88.837712, col error: 0.000000
Starting Iterative Proportional Fitting (IPF)...
IPF converged at iteration 33
IPF row error: 88.837712, col error: 0.000000
Starting Iterative Proportional Fitting (IPF)...
IPF converged at iteration 33
IPF row error: 88.837712, col error: 0.000000
IPF converged at iteration 27
Starting Iterative Proportional Fitting (IPF)...
IPF row error: 71.166707, col error: 0.000000
IPF converged at iteration 34
IPF row error: 80.961741, col error: 0.000000
Starting Iterative Proportional Fitting (IPF)...
Starting Iterative Proportional Fitting (IPF)...
IPF converged at iteration 33
IPF row error: 88.837712, col error: 0.000000
Starting Iterative Proportional Fitting (IPF)...
IPF converged at iteration 33
IPF row error: 88.837712, col error: 0.000000
IPF converged at iteration 33
IPF row error: 94.243877, col error: 0.000000
Starting Iterative Proportional Fitting (IPF)...
Starting Iterative Proportional Fitting (IPF)...
IPF converged at iteration 33
IPF row error: 88.837712, col error: 0.000000
IPF converged at iteration 50
IPF row error: 5.237519, col error: 0.000000
Starting Iterative Proportional Fitting (IPF)...
Starting Iterative Proportional Fitting (IPF)...
IPF converged at iteration 33
IPF row error: 88.837712, col error: 0.000000
IPF converged at iteration 33
IPF row error: 88.837712, col error: 0.000000
Starting Iterative Proportional Fitting (IPF)...
Starting Iterative Proportional Fitting (IPF)...
IPF converged at iteration 33
IPF row error: 88.837712, col error: 0.000000
IPF converged at iteration 33
IPF row error: 88.837712, col error: 0.000000
Starting Iterative Proportional Fitting (IPF)...
Starting Iterative Proportional Fitting (IPF)...
IPF converged at iteration 38
IPF row error: 29.793743, col error: 0.000000
Starting Iterative Proportional Fitting (IPF)...
IPF converged at iteration 33
IPF row error: 88.837712, col error: 0.000000
IPF converged at iteration 33
IPF row error: 92.751871, col error: 0.000000
  [2023/test] 진행 480/1750 (27.4%) | 누적 CPC 0.6655 | RMSE 347.5035 | %RMSE 6.4683 | 경과 8.4분 | 예상 남음 22.2분
Starting Iterative Proportional Fitting (IPF)...
Starting Iterative Proportional Fitting (IPF)...
IPF converged at iteration 51
IPF row error: 4.744119, col error: 0.000000
Starting Iterative Proportional Fitting (IPF)...
IPF converged at iteration 27
IPF row error: 213.047800, col error: 0.000000
Starting Iterative Proportional Fitting (IPF)...
IPF converged at iteration 31
IPF row error: 136.548647, col error: 0.000000
Starting Iterative Proportional Fitting (IPF)...
IPF converged at iteration 33
IPF row error: 88.837712, col error: 0.000000
Starting Iterative Proportional Fitting (IPF)...
IPF converged at iteration 31
IPF row error: 146.622428, col error: 0.000000
Starting Iterative Proportional Fitting (IPF)...
IPF converged at iteration 28
IPF row error: 207.371003, col error: 0.000000
Starting Iterative Proportional Fitting (IPF)...
IPF converged at iteration 33
IPF converged at iteration 29
IPF row error: 88.837712, col error: 0.000000
IPF row error: 189.129045, col error: 0.000000
Starting Iterative Proportional Fitting (IPF)...
Starting Iterative Proportional Fitting (IPF)...
IPF converged at iteration 33
IPF row error: 88.837712, col error: 0.000000
Starting Iterative Proportional Fitting (IPF)...
IPF converged at iteration 33
IPF row error: 98.063950, col error: 0.000000
Starting Iterative Proportional Fitting (IPF)...
IPF converged at iteration 33
IPF converged at iteration 33
IPF row error: 88.837712, col error: 0.000000
IPF row error: 88.837712, col error: 0.000000
Starting Iterative Proportional Fitting (IPF)...
Starting Iterative Proportional Fitting (IPF)...
IPF converged at iteration 33
IPF row error: 88.837712, col error: 0.000000
Starting Iterative Proportional Fitting (IPF)...
IPF converged at iteration 33
IPF row error: 88.837712, col error: 0.000000
Starting Iterative Proportional Fitting (IPF)...
IPF converged at iteration 30
IPF row error: 172.880809, col error: 0.000000
IPF converged at iteration 33
IPF row error: 88.837712, col error: 0.000000
Starting Iterative Proportional Fitting (IPF)...
Starting Iterative Proportional Fitting (IPF)...
IPF converged at iteration 35
IPF row error: 61.966211, col error: 0.000000
Starting Iterative Proportional Fitting (IPF)...
IPF converged at iteration 33
IPF row error: 88.837712, col error: 0.000000
Starting Iterative Proportional Fitting (IPF)...
IPF converged at iteration 33
IPF row error: 88.837712, col error: 0.000000
IPF converged at iteration 33
IPF row error: 88.837712, col error: 0.000000
Starting Iterative Proportional Fitting (IPF)...
Starting Iterative Proportional Fitting (IPF)...
IPF converged at iteration 33
IPF row error: 88.845651, col error: 0.000000
Starting Iterative Proportional Fitting (IPF)...
IPF converged at iteration 33
IPF row error: 88.845651, col error: 0.000000
Starting Iterative Proportional Fitting (IPF)...
IPF converged at iteration 33
IPF row error: 88.845651, col error: 0.000000
IPF converged at iteration 33
IPF row error: 88.845651, col error: 0.000000
Starting Iterative Proportional Fitting (IPF)...
Starting Iterative Proportional Fitting (IPF)...
IPF converged at iteration 33
IPF row error: 88.845651, col error: 0.000000
Starting Iterative Proportional Fitting (IPF)...
IPF converged at iteration 31
IPF row error: 151.230668, col error: 0.000000
Starting Iterative Proportional Fitting (IPF)...
IPF converged at iteration 29
IPF row error: 179.883366, col error: 0.000000
IPF converged at iteration 34
Starting Iterative Proportional Fitting (IPF)...
IPF row error: 61.219512, col error: 0.000000
Starting Iterative Proportional Fitting (IPF)...
IPF converged at iteration 32
IPF row error: 131.237911, col error: 0.000000
Starting Iterative Proportional Fitting (IPF)...
IPF converged at iteration 33
IPF row error: 88.845651, col error: 0.000000
  [2023/test] 진행 510/1750 (29.1%) | 누적 CPC 0.6607 | RMSE 341.2327 | %RMSE 6.5185 | 경과 8.9분 | 예상 남음 21.7분
Starting Iterative Proportional Fitting (IPF)...
IPF converged at iteration 36
IPF row error: 49.856829, col error: 0.000000
IPF converged at iteration 33
IPF row error: 88.845651, col error: 0.000000
Starting Iterative Proportional Fitting (IPF)...
Starting Iterative Proportional Fitting (IPF)...
IPF converged at iteration 31
IPF row error: 125.406075, col error: 0.000000
Starting Iterative Proportional Fitting (IPF)...
IPF converged at iteration 34
IPF row error: 81.341284, col error: 0.000000
Starting Iterative Proportional Fitting (IPF)...
IPF converged at iteration 33
IPF row error: 93.580670, col error: 0.000000
IPF converged at iteration 34
IPF row error: 74.226071, col error: 0.000000
Starting Iterative Proportional Fitting (IPF)...
Starting Iterative Proportional Fitting (IPF)...
IPF converged at iteration 34
IPF row error: 70.919557, col error: 0.000000
Starting Iterative Proportional Fitting (IPF)...
IPF converged at iteration 33
IPF row error: 88.845651, col error: 0.000000
Starting Iterative Proportional Fitting (IPF)...
IPF converged at iteration 32
IPF row error: 119.075822, col error: 0.000000
IPF converged at iteration 33
IPF row error: 88.845651, col error: 0.000000
Starting Iterative Proportional Fitting (IPF)...
Starting Iterative Proportional Fitting (IPF)...
IPF converged at iteration 33
IPF row error: 93.944322, col error: 0.000000
Starting Iterative Proportional Fitting (IPF)...
IPF converged at iteration 33
IPF row error: 94.250857, col error: 0.000000
Starting Iterative Proportional Fitting (IPF)...
IPF converged at iteration 33
IPF row error: 88.845651, col error: 0.000000
IPF converged at iteration 33
IPF row error: 89.889539, col error: 0.000000
Starting Iterative Proportional Fitting (IPF)...
Starting Iterative Proportional Fitting (IPF)...
IPF converged at iteration 30
IPF row error: 161.703101, col error: 0.000000
Starting Iterative Proportional Fitting (IPF)...
IPF converged at iteration 29
IPF row error: 196.445059, col error: 0.000000
Starting Iterative Proportional Fitting (IPF)...
IPF converged at iteration 33
IPF row error: 88.845651, col error: 0.000000
Starting Iterative Proportional Fitting (IPF)...
IPF converged at iteration 35
IPF row error: 61.426451, col error: 0.000000
Starting Iterative Proportional Fitting (IPF)...
IPF converged at iteration 33
IPF row error: 88.845651, col error: 0.000000
Starting Iterative Proportional Fitting (IPF)...
IPF converged at iteration 33
IPF row error: 88.845651, col error: 0.000000
IPF converged at iteration 52
IPF row error: 1.374743, col error: 0.000000
Starting Iterative Proportional Fitting (IPF)...
Starting Iterative Proportional Fitting (IPF)...
IPF converged at iteration 33
IPF row error: 88.845651, col error: 0.000000
Starting Iterative Proportional Fitting (IPF)...
IPF converged at iteration 34
IPF row error: 99.830142, col error: 0.000000
Starting Iterative Proportional Fitting (IPF)...
IPF converged at iteration 33
IPF row error: 88.845651, col error: 0.000000
IPF converged at iteration 35
IPF row error: 60.058985, col error: 0.000000
Starting Iterative Proportional Fitting (IPF)...
Starting Iterative Proportional Fitting (IPF)...IPF converged at iteration 33

IPF row error: 88.845651, col error: 0.000000
Starting Iterative Proportional Fitting (IPF)...
IPF converged at iteration 33
IPF row error: 88.845651, col error: 0.000000
Starting Iterative Proportional Fitting (IPF)...
IPF converged at iteration 29
IPF row error: 206.342915, col error: 0.000000
IPF converged at iteration 33
IPF row error: 88.845651, col error: 0.000000
Starting Iterative Proportional Fitting (IPF)...
Starting Iterative Proportional Fitting (IPF)...
IPF converged at iteration 31
IPF row error: 131.360055, col error: 0.000000
  [2023/test] 진행 540/1750 (30.9%) | 누적 CPC 0.6477 | RMSE 339.0448 | %RMSE 6.7359 | 경과 9.4분 | 예상 남음 21.1분
Starting Iterative Proportional Fitting (IPF)...
IPF converged at iteration 28
IPF row error: 215.674162, col error: 0.000000
Starting Iterative Proportional Fitting (IPF)...
IPF converged at iteration 29
IPF row error: 168.617182, col error: 0.000000
Starting Iterative Proportional Fitting (IPF)...
IPF converged at iteration 33
IPF converged at iteration 28
IPF row error: 88.845651, col error: 0.000000
IPF row error: 194.286883, col error: 0.000000
Starting Iterative Proportional Fitting (IPF)...
Starting Iterative Proportional Fitting (IPF)...
IPF converged at iteration 33
IPF row error: 88.845651, col error: 0.000000
Starting Iterative Proportional Fitting (IPF)...
IPF converged at iteration 33
IPF converged at iteration 33
IPF row error: 88.845651, col error: 0.000000
IPF row error: 88.845651, col error: 0.000000
Starting Iterative Proportional Fitting (IPF)...
Starting Iterative Proportional Fitting (IPF)...
IPF converged at iteration 33
IPF row error: 88.845651, col error: 0.000000
IPF converged at iteration 51
IPF row error: 1.391825, col error: 0.000000
Starting Iterative Proportional Fitting (IPF)...
Starting Iterative Proportional Fitting (IPF)...
IPF converged at iteration 33
IPF row error: 88.768451, col error: 0.000000
Starting Iterative Proportional Fitting (IPF)...
IPF converged at iteration 33
IPF row error: 88.768451, col error: 0.000000
IPF converged at iteration 32
IPF row error: 94.453956, col error: 0.000000
Starting Iterative Proportional Fitting (IPF)...
Starting Iterative Proportional Fitting (IPF)...
IPF converged at iteration 60
IPF row error: 1.215139, col error: 0.000000
Starting Iterative Proportional Fitting (IPF)...
IPF converged at iteration 31
IPF row error: 144.539364, col error: 0.000000
Starting Iterative Proportional Fitting (IPF)...
IPF converged at iteration 33
IPF row error: 88.768451, col error: 0.000000
IPF converged at iteration 32
IPF row error: 110.274409, col error: 0.000000
Starting Iterative Proportional Fitting (IPF)...
Starting Iterative Proportional Fitting (IPF)...
IPF converged at iteration 33
IPF row error: 88.768451, col error: 0.000000
Starting Iterative Proportional Fitting (IPF)...
IPF converged at iteration 33
IPF row error: 88.768451, col error: 0.000000
Starting Iterative Proportional Fitting (IPF)...
IPF converged at iteration 33
IPF converged at iteration 33
IPF row error: 88.768451, col error: 0.000000
IPF row error: 88.768451, col error: 0.000000
Starting Iterative Proportional Fitting (IPF)...
Starting Iterative Proportional Fitting (IPF)...
IPF converged at iteration 33
IPF row error: 88.768451, col error: 0.000000
Starting Iterative Proportional Fitting (IPF)...
IPF converged at iteration 33
IPF row error: 88.768451, col error: 0.000000
IPF converged at iteration 34
IPF row error: 127.603875, col error: 0.000000
Starting Iterative Proportional Fitting (IPF)...
Starting Iterative Proportional Fitting (IPF)...IPF converged at iteration 50

IPF row error: 5.006687, col error: 0.000000
Starting Iterative Proportional Fitting (IPF)...
IPF converged at iteration 33
IPF row error: 88.768451, col error: 0.000000
Starting Iterative Proportional Fitting (IPF)...
IPF converged at iteration 33
IPF row error: 109.106550, col error: 0.000000
IPF converged at iteration 32
IPF row error: 102.638610, col error: 0.000000
Starting Iterative Proportional Fitting (IPF)...
IPF converged at iteration 33
Starting Iterative Proportional Fitting (IPF)...
IPF row error: 88.768451, col error: 0.000000
Starting Iterative Proportional Fitting (IPF)...
IPF converged at iteration 33
IPF row error: 88.768451, col error: 0.000000
Starting Iterative Proportional Fitting (IPF)...
IPF converged at iteration 34
IPF row error: 73.139900, col error: 0.000000
  [2023/test] 진행 570/1750 (32.6%) | 누적 CPC 0.6454 | RMSE 332.5096 | %RMSE 6.7152 | 경과 9.9분 | 예상 남음 20.4분
Starting Iterative Proportional Fitting (IPF)...
IPF converged at iteration 33
IPF row error: 88.768451, col error: 0.000000
IPF converged at iteration 33
IPF row error: 88.768451, col error: 0.000000
Starting Iterative Proportional Fitting (IPF)...
Starting Iterative Proportional Fitting (IPF)...
IPF converged at iteration 35
IPF row error: 65.818525, col error: 0.000000
Starting Iterative Proportional Fitting (IPF)...
IPF converged at iteration 33
IPF row error: 88.768451, col error: 0.000000
Starting Iterative Proportional Fitting (IPF)...
IPF converged at iteration 33
IPF converged at iteration 31
IPF row error: 88.768451, col error: 0.000000
IPF row error: 128.795553, col error: 0.000000
Starting Iterative Proportional Fitting (IPF)...
Starting Iterative Proportional Fitting (IPF)...
IPF converged at iteration 33
IPF row error: 88.768451, col error: 0.000000
Starting Iterative Proportional Fitting (IPF)...
IPF converged at iteration 33
IPF row error: 88.768451, col error: 0.000000
Starting Iterative Proportional Fitting (IPF)...
IPF converged at iteration 32
IPF row error: 118.762329, col error: 0.000000
IPF converged at iteration 33
IPF row error: 88.768451, col error: 0.000000
Starting Iterative Proportional Fitting (IPF)...
Starting Iterative Proportional Fitting (IPF)...
IPF converged at iteration 33
IPF row error: 88.768451, col error: 0.000000
Starting Iterative Proportional Fitting (IPF)...
IPF converged at iteration 33
IPF row error: 88.768451, col error: 0.000000
Starting Iterative Proportional Fitting (IPF)...
IPF converged at iteration 33
IPF row error: 88.768451, col error: 0.000000
IPF converged at iteration 33
IPF row error: 88.768451, col error: 0.000000
Starting Iterative Proportional Fitting (IPF)...
Starting Iterative Proportional Fitting (IPF)...
IPF converged at iteration 32
IPF row error: 118.480774, col error: 0.000000
Starting Iterative Proportional Fitting (IPF)...
IPF converged at iteration 33
IPF row error: 88.768451, col error: 0.000000
Starting Iterative Proportional Fitting (IPF)...
IPF converged at iteration 31
IPF row error: 140.034430, col error: 0.000000
Starting Iterative Proportional Fitting (IPF)...
IPF converged at iteration 33
IPF row error: 88.768451, col error: 0.000000
Starting Iterative Proportional Fitting (IPF)...
IPF converged at iteration 33
IPF row error: 88.768451, col error: 0.000000
Starting Iterative Proportional Fitting (IPF)...
IPF converged at iteration 34
IPF row error: 74.363679, col error: 0.000000
Starting Iterative Proportional Fitting (IPF)...
IPF converged at iteration 33
IPF row error: 88.768451, col error: 0.000000
Starting Iterative Proportional Fitting (IPF)...
IPF converged at iteration 59
IPF row error: 1.304988, col error: 0.000000
IPF converged at iteration 46
IPF converged at iteration 34
IPF row error: 4.425607, col error: 0.000000
IPF row error: 78.479407, col error: 0.000000
Starting Iterative Proportional Fitting (IPF)...
Starting Iterative Proportional Fitting (IPF)...
IPF converged at iteration 33
Starting Iterative Proportional Fitting (IPF)...
IPF row error: 88.768451, col error: 0.000000
Starting Iterative Proportional Fitting (IPF)...
IPF converged at iteration 31
IPF converged at iteration 30
IPF row error: 128.355786, col error: 0.000000
IPF row error: 155.674092, col error: 0.000000
IPF converged at iteration 31
IPF row error: 130.503781, col error: 0.000000
Starting Iterative Proportional Fitting (IPF)...
Starting Iterative Proportional Fitting (IPF)...
Starting Iterative Proportional Fitting (IPF)...
IPF converged at iteration 33
IPF row error: 88.768451, col error: 0.000000
Starting Iterative Proportional Fitting (IPF)...
IPF converged at iteration 30
IPF converged at iteration 31
IPF row error: 168.690666, col error: 0.000000
  [2023/test] 진행 600/1750 (34.3%) | 누적 CPC 0.6478 | RMSE 324.8380 | %RMSE 6.6018 | 경과 10.1분 | 예상 남음 19.4분
IPF row error: 152.808394, col error: 0.000000
IPF converged at iteration 33
IPF row error: 90.976106, col error: 0.000000
Starting Iterative Proportional Fitting (IPF)...
Starting Iterative Proportional Fitting (IPF)...
Starting Iterative Proportional Fitting (IPF)...
IPF converged at iteration 33
IPF row error: 88.833099, col error: 0.000000
Starting Iterative Proportional Fitting (IPF)...
IPF converged at iteration 33
IPF row error: 88.833099, col error: 0.000000
IPF converged at iteration 34
IPF row error: 77.872046, col error: 0.000000
IPF converged at iteration 33
Starting Iterative Proportional Fitting (IPF)...
IPF row error: 93.939727, col error: 0.000000
IPF converged at iteration 28
IPF row error: 176.327242, col error: 0.000000
Starting Iterative Proportional Fitting (IPF)...
Starting Iterative Proportional Fitting (IPF)...
Starting Iterative Proportional Fitting (IPF)...
IPF converged at iteration 33
IPF row error: 88.833099, col error: 0.000000
IPF converged at iteration 32
IPF row error: 114.540947, col error: 0.000000
IPF converged at iteration 33
IPF row error: 88.833099, col error: 0.000000
Starting Iterative Proportional Fitting (IPF)...
Starting Iterative Proportional Fitting (IPF)...
Starting Iterative Proportional Fitting (IPF)...
IPF converged at iteration 44
IPF row error: 6.689030, col error: 0.000000
Starting Iterative Proportional Fitting (IPF)...
IPF converged at iteration 33
IPF row error: 88.833099, col error: 0.000000
IPF converged at iteration 32
IPF row error: 179.997608, col error: 0.000000
Starting Iterative Proportional Fitting (IPF)...
IPF converged at iteration 35
IPF row error: 61.188232, col error: 0.000000
Starting Iterative Proportional Fitting (IPF)...
Starting Iterative Proportional Fitting (IPF)...
IPF converged at iteration 33
IPF row error: 95.050345, col error: 0.000000
Starting Iterative Proportional Fitting (IPF)...
IPF converged at iteration 33
IPF row error: 88.833099, col error: 0.000000
IPF converged at iteration 33
IPF row error: 88.833099, col error: 0.000000
Starting Iterative Proportional Fitting (IPF)...
IPF converged at iteration 33
Starting Iterative Proportional Fitting (IPF)...
IPF row error: 88.833099, col error: 0.000000
Starting Iterative Proportional Fitting (IPF)...
IPF converged at iteration 37
IPF row error: 43.257975, col error: 0.000000
Starting Iterative Proportional Fitting (IPF)...
IPF converged at iteration 33
IPF row error: 88.833099, col error: 0.000000
Starting Iterative Proportional Fitting (IPF)...
IPF converged at iteration 33
IPF converged at iteration 36
IPF row error: 88.833099, col error: 0.000000
IPF row error: 49.409787, col error: 0.000000
Starting Iterative Proportional Fitting (IPF)...
Starting Iterative Proportional Fitting (IPF)...
IPF converged at iteration 29
IPF row error: 72.821626, col error: 0.000000
Starting Iterative Proportional Fitting (IPF)...
IPF converged at iteration 33
IPF row error: 87.552412, col error: 0.000000
Starting Iterative Proportional Fitting (IPF)...
IPF converged at iteration 33
IPF row error: 88.833099, col error: 0.000000
Starting Iterative Proportional Fitting (IPF)...
IPF converged at iteration 31
IPF row error: 141.660388, col error: 0.000000
Starting Iterative Proportional Fitting (IPF)...
IPF converged at iteration 51
IPF row error: 1.224421, col error: 0.000000
Starting Iterative Proportional Fitting (IPF)...
IPF converged at iteration 30
IPF row error: 169.774441, col error: 0.000000
Starting Iterative Proportional Fitting (IPF)...
IPF converged at iteration 33
IPF row error: 88.833099, col error: 0.000000
Starting Iterative Proportional Fitting (IPF)...
IPF converged at iteration 48
IPF row error: 3.046279, col error: 0.000000
  [2023/test] 진행 630/1750 (36.0%) | 누적 CPC 0.6474 | RMSE 326.8833 | %RMSE 6.6321 | 경과 10.3분 | 예상 남음 18.3분
Starting Iterative Proportional Fitting (IPF)...
IPF converged at iteration 32
IPF row error: 106.633161, col error: 0.000000
Starting Iterative Proportional Fitting (IPF)...
IPF converged at iteration 30
IPF row error: 215.314454, col error: 0.000000
Starting Iterative Proportional Fitting (IPF)...
IPF converged at iteration 33
IPF row error: 88.833099, col error: 0.000000
Starting Iterative Proportional Fitting (IPF)...
IPF converged at iteration 31
IPF row error: 153.815463, col error: 0.000000
Starting Iterative Proportional Fitting (IPF)...
IPF converged at iteration 33
IPF row error: 88.833099, col error: 0.000000
Starting Iterative Proportional Fitting (IPF)...
IPF converged at iteration 32
IPF row error: 45.519846, col error: 0.000000
Starting Iterative Proportional Fitting (IPF)...
IPF converged at iteration 33
IPF row error: 88.833099, col error: 0.000000
Starting Iterative Proportional Fitting (IPF)...
IPF converged at iteration 33
IPF row error: 88.833099, col error: 0.000000
Starting Iterative Proportional Fitting (IPF)...
IPF converged at iteration 33
IPF row error: 88.833099, col error: 0.000000
Starting Iterative Proportional Fitting (IPF)...
IPF converged at iteration 33
IPF row error: 88.833099, col error: 0.000000
Starting Iterative Proportional Fitting (IPF)...
IPF converged at iteration 28
IPF row error: 181.036001, col error: 0.000000
IPF converged at iteration 33
IPF row error: 88.833099, col error: 0.000000
Starting Iterative Proportional Fitting (IPF)...
Starting Iterative Proportional Fitting (IPF)...
IPF converged at iteration 32
IPF row error: 100.319768, col error: 0.000000
Starting Iterative Proportional Fitting (IPF)...
IPF converged at iteration 52
IPF row error: 1.283755, col error: 0.000000
IPF converged at iteration 33
IPF row error: 88.833099, col error: 0.000000
Starting Iterative Proportional Fitting (IPF)...
Starting Iterative Proportional Fitting (IPF)...
IPF converged at iteration 37
IPF row error: 36.019764, col error: 0.000000
Starting Iterative Proportional Fitting (IPF)...
IPF converged at iteration 33
IPF row error: 88.833099, col error: 0.000000
Starting Iterative Proportional Fitting (IPF)...
IPF converged at iteration 33
IPF row error: 88.833099, col error: 0.000000
IPF converged at iteration 33
IPF row error: 103.022430, col error: 0.000000
Starting Iterative Proportional Fitting (IPF)...
Starting Iterative Proportional Fitting (IPF)...
IPF converged at iteration 33
IPF row error: 99.231137, col error: 0.000000
Starting Iterative Proportional Fitting (IPF)...
IPF converged at iteration 33
IPF row error: 94.186121, col error: 0.000000
Starting Iterative Proportional Fitting (IPF)...
IPF converged at iteration 33
IPF row error: 89.058544, col error: 0.000000
IPF converged at iteration 33
IPF row error: 78.331493, col error: 0.000000
Starting Iterative Proportional Fitting (IPF)...
Starting Iterative Proportional Fitting (IPF)...
IPF converged at iteration 33
IPF row error: 89.058544, col error: 0.000000
Starting Iterative Proportional Fitting (IPF)...
IPF converged at iteration 30
IPF row error: 137.142412, col error: 0.000000
Starting Iterative Proportional Fitting (IPF)...
IPF converged at iteration 33
IPF row error: 89.058544, col error: 0.000000
Starting Iterative Proportional Fitting (IPF)...
IPF converged at iteration 35
IPF row error: 64.971898, col error: 0.000000
IPF converged at iteration 33
Starting Iterative Proportional Fitting (IPF)...
IPF row error: 89.058544, col error: 0.000000
Starting Iterative Proportional Fitting (IPF)...
IPF converged at iteration 33
IPF row error: 89.058544, col error: 0.000000
Starting Iterative Proportional Fitting (IPF)...
IPF converged at iteration 30
IPF row error: 186.276965, col error: 0.000000
  [2023/test] 진행 660/1750 (37.7%) | 누적 CPC 0.6472 | RMSE 335.4608 | %RMSE 6.7112 | 경과 10.5분 | 예상 남음 17.4분
IPF converged at iteration 30
Starting Iterative Proportional Fitting (IPF)...
IPF row error: 147.530705, col error: 0.000000
Starting Iterative Proportional Fitting (IPF)...
IPF converged at iteration 45
IPF row error: 6.155191, col error: 0.000000
Starting Iterative Proportional Fitting (IPF)...
IPF converged at iteration 33
IPF row error: 89.058544, col error: 0.000000
Starting Iterative Proportional Fitting (IPF)...
IPF converged at iteration 30
IPF row error: 214.090112, col error: 0.000000
Starting Iterative Proportional Fitting (IPF)...
IPF converged at iteration 33
IPF row error: 89.058544, col error: 0.000000
Starting Iterative Proportional Fitting (IPF)...
IPF converged at iteration 33
IPF row error: 89.058544, col error: 0.000000
Starting Iterative Proportional Fitting (IPF)...
IPF converged at iteration 31
IPF row error: 121.541630, col error: 0.000000
Starting Iterative Proportional Fitting (IPF)...
IPF converged at iteration 33
IPF row error: 105.294941, col error: 0.000000
Starting Iterative Proportional Fitting (IPF)...
IPF converged at iteration 32
IPF row error: 112.756222, col error: 0.000000
Starting Iterative Proportional Fitting (IPF)...
IPF converged at iteration 33
IPF row error: 89.058544, col error: 0.000000
Starting Iterative Proportional Fitting (IPF)...
IPF converged at iteration 34
IPF row error: 87.958447, col error: 0.000000
Starting Iterative Proportional Fitting (IPF)...
IPF converged at iteration 33
IPF row error: 84.579293, col error: 0.000000
Starting Iterative Proportional Fitting (IPF)...
IPF converged at iteration 33
IPF row error: 89.058544, col error: 0.000000
Starting Iterative Proportional Fitting (IPF)...
IPF converged at iteration 31
IPF row error: 132.154344, col error: 0.000000
Starting Iterative Proportional Fitting (IPF)...
IPF converged at iteration 32
IPF row error: 108.826424, col error: 0.000000
Starting Iterative Proportional Fitting (IPF)...
IPF converged at iteration 33
IPF row error: 89.058544, col error: 0.000000
Starting Iterative Proportional Fitting (IPF)...
IPF converged at iteration 33
IPF row error: 89.058544, col error: 0.000000
Starting Iterative Proportional Fitting (IPF)...
IPF converged at iteration 33
IPF row error: 89.443962, col error: 0.000000
Starting Iterative Proportional Fitting (IPF)...
IPF converged at iteration 48
IPF row error: 3.099630, col error: 0.000000
Starting Iterative Proportional Fitting (IPF)...
IPF converged at iteration 33
IPF row error: 89.058544, col error: 0.000000
Starting Iterative Proportional Fitting (IPF)...
IPF converged at iteration 48
IPF row error: 2.830811, col error: 0.000000
Starting Iterative Proportional Fitting (IPF)...
IPF converged at iteration 60
IPF row error: 1.334118, col error: 0.000000
Starting Iterative Proportional Fitting (IPF)...
IPF converged at iteration 30
IPF row error: 50.404235, col error: 0.000000
Starting Iterative Proportional Fitting (IPF)...
IPF converged at iteration 30
IPF row error: 168.072296, col error: 0.000000
Starting Iterative Proportional Fitting (IPF)...
IPF converged at iteration 34
IPF row error: 77.601741, col error: 0.000000
IPF converged at iteration 43
Starting Iterative Proportional Fitting (IPF)...
IPF row error: 9.076460, col error: 0.000000
Starting Iterative Proportional Fitting (IPF)...
IPF converged at iteration 34
IPF row error: 78.148200, col error: 0.000000
Starting Iterative Proportional Fitting (IPF)...
IPF converged at iteration 38
IPF row error: 29.437283, col error: 0.000000
Starting Iterative Proportional Fitting (IPF)...
IPF converged at iteration 33
IPF row error: 89.058544, col error: 0.000000
IPF converged at iteration 33
Starting Iterative Proportional Fitting (IPF)...
IPF row error: 89.058544, col error: 0.000000
  [2023/test] 진행 690/1750 (39.4%) | 누적 CPC 0.6481 | RMSE 353.9157 | %RMSE 6.8516 | 경과 10.8분 | 예상 남음 16.5분
Starting Iterative Proportional Fitting (IPF)...
IPF converged at iteration 29
IPF row error: 212.687727, col error: 0.000000
Starting Iterative Proportional Fitting (IPF)...
IPF converged at iteration 52
IPF row error: 1.308428, col error: 0.000000
Starting Iterative Proportional Fitting (IPF)...
IPF converged at iteration 33
IPF converged at iteration 30
IPF row error: 89.058544, col error: 0.000000
IPF row error: 180.497912, col error: 0.000000
Starting Iterative Proportional Fitting (IPF)...
Starting Iterative Proportional Fitting (IPF)...
IPF converged at iteration 32
IPF row error: 125.814015, col error: 0.000000
Starting Iterative Proportional Fitting (IPF)...
IPF converged at iteration 33
IPF row error: 89.058544, col error: 0.000000
Starting Iterative Proportional Fitting (IPF)...
IPF converged at iteration 33
IPF row error: 89.058544, col error: 0.000000
Starting Iterative Proportional Fitting (IPF)...
IPF converged at iteration 24
IPF row error: 83.728848, col error: 0.000000
Starting Iterative Proportional Fitting (IPF)...
IPF converged at iteration 59
IPF row error: 1.334384, col error: 0.000000
IPF converged at iteration 33
Starting Iterative Proportional Fitting (IPF)...
IPF row error: 89.058544, col error: 0.000000
Starting Iterative Proportional Fitting (IPF)...
IPF converged at iteration 44
IPF row error: 6.226851, col error: 0.000000
Starting Iterative Proportional Fitting (IPF)...
IPF converged at iteration 40
IPF row error: 15.539081, col error: 0.000000
Starting Iterative Proportional Fitting (IPF)...
IPF converged at iteration 33
IPF row error: 91.868149, col error: 0.000000
Starting Iterative Proportional Fitting (IPF)...
IPF converged at iteration 40
IPF row error: 15.362941, col error: 0.000000
Starting Iterative Proportional Fitting (IPF)...
IPF converged at iteration 33
IPF row error: 96.746478, col error: 0.000000
Starting Iterative Proportional Fitting (IPF)...
IPF converged at iteration 44
IPF row error: 5.935418, col error: 0.000000
Starting Iterative Proportional Fitting (IPF)...
IPF converged at iteration 40
IPF row error: 15.405886, col error: 0.000000
IPF converged at iteration 36
IPF row error: 45.817073, col error: 0.000000
Starting Iterative Proportional Fitting (IPF)...
Starting Iterative Proportional Fitting (IPF)...
IPF converged at iteration 29
IPF row error: 194.057309, col error: 0.000000
Starting Iterative Proportional Fitting (IPF)...
IPF converged at iteration 44
IPF row error: 5.925271, col error: 0.000000
Starting Iterative Proportional Fitting (IPF)...
IPF converged at iteration 40
IPF row error: 15.461877, col error: 0.000000
Starting Iterative Proportional Fitting (IPF)...
IPF converged at iteration 28
IPF converged at iteration 55
IPF row error: 211.444254, col error: 0.000000
IPF row error: 1.324345, col error: 0.000000
IPF converged at iteration 40
Starting Iterative Proportional Fitting (IPF)...
IPF row error: 15.499911, col error: 0.000000
Starting Iterative Proportional Fitting (IPF)...
Starting Iterative Proportional Fitting (IPF)...
IPF converged at iteration 40
IPF row error: 15.596221, col error: 0.000000
Starting Iterative Proportional Fitting (IPF)...
IPF converged at iteration 30
IPF row error: 192.525047, col error: 0.000000
Starting Iterative Proportional Fitting (IPF)...
IPF converged at iteration 40
IPF row error: 15.539081, col error: 0.000000
IPF converged at iteration 40
IPF row error: 15.460101, col error: 0.000000
Starting Iterative Proportional Fitting (IPF)...
Starting Iterative Proportional Fitting (IPF)...
IPF converged at iteration 32
IPF row error: 128.790822, col error: 0.000000
Starting Iterative Proportional Fitting (IPF)...
IPF converged at iteration 40
IPF row error: 15.366397, col error: 0.000000
  [2023/test] 진행 720/1750 (41.1%) | 누적 CPC 0.6382 | RMSE 394.0351 | %RMSE 7.1241 | 경과 11.0분 | 예상 남음 15.8분
IPF converged at iteration 31
Starting Iterative Proportional Fitting (IPF)...
IPF row error: 47.265346, col error: 0.000000
Starting Iterative Proportional Fitting (IPF)...
IPF converged at iteration 40
IPF row error: 15.405886, col error: 0.000000
Starting Iterative Proportional Fitting (IPF)...
IPF converged at iteration 33
IPF row error: 92.343676, col error: 0.000000
Starting Iterative Proportional Fitting (IPF)...
IPF converged at iteration 30
IPF row error: 141.646246, col error: 0.000000
Starting Iterative Proportional Fitting (IPF)...
IPF converged at iteration 44
IPF row error: 5.925271, col error: 0.000000
Starting Iterative Proportional Fitting (IPF)...
IPF converged at iteration 44
IPF converged at iteration 31
IPF row error: 5.921348, col error: 0.000000
IPF row error: 147.664839, col error: 0.000000
Starting Iterative Proportional Fitting (IPF)...
Starting Iterative Proportional Fitting (IPF)...
IPF converged at iteration 44
IPF row error: 5.933800, col error: 0.000000
Starting Iterative Proportional Fitting (IPF)...
IPF converged at iteration 30
IPF row error: 171.719540, col error: 0.000000
IPF converged at iteration 40
IPF row error: 15.630921, col error: 0.000000
Starting Iterative Proportional Fitting (IPF)...
Starting Iterative Proportional Fitting (IPF)...
IPF converged at iteration 40
IPF row error: 15.446849, col error: 0.000000
Starting Iterative Proportional Fitting (IPF)...
IPF converged at iteration 40
IPF row error: 15.449543, col error: 0.000000
Starting Iterative Proportional Fitting (IPF)...
IPF converged at iteration 40
IPF row error: 15.366397, col error: 0.000000
IPF converged at iteration 40
IPF row error: 15.539081, col error: 0.000000IPF converged at iteration 32

Starting Iterative Proportional Fitting (IPF)...
IPF row error: 117.168205, col error: 0.000000
Starting Iterative Proportional Fitting (IPF)...
Starting Iterative Proportional Fitting (IPF)...
IPF converged at iteration 31
IPF row error: 109.436281, col error: 0.000000
IPF converged at iteration 30
Starting Iterative Proportional Fitting (IPF)...
IPF row error: 156.560737, col error: 0.000000
IPF converged at iteration 40
Starting Iterative Proportional Fitting (IPF)...
IPF row error: 15.549178, col error: 0.000000
Starting Iterative Proportional Fitting (IPF)...
IPF converged at iteration 55
IPF row error: 1.344508, col error: 0.000000
Starting Iterative Proportional Fitting (IPF)...
IPF converged at iteration 40
IPF row error: 15.449543, col error: 0.000000
IPF converged at iteration 40
Starting Iterative Proportional Fitting (IPF)...
IPF row error: 15.264356, col error: 0.000000
IPF converged at iteration 40
Starting Iterative Proportional Fitting (IPF)...
IPF row error: 15.362941, col error: 0.000000
Starting Iterative Proportional Fitting (IPF)...
IPF converged at iteration 40
IPF row error: 15.549178, col error: 0.000000
Starting Iterative Proportional Fitting (IPF)...
IPF converged at iteration 31
IPF row error: 155.413629, col error: 0.000000
Starting Iterative Proportional Fitting (IPF)...IPF converged at iteration 31

IPF row error: 136.900942, col error: 0.000000
IPF converged at iteration 40
IPF row error: 15.405886, col error: 0.000000
Starting Iterative Proportional Fitting (IPF)...
Starting Iterative Proportional Fitting (IPF)...
IPF converged at iteration 44
IPF row error: 5.933800, col error: 0.000000
IPF converged at iteration 34
IPF row error: 77.249090, col error: 0.000000
Starting Iterative Proportional Fitting (IPF)...
Starting Iterative Proportional Fitting (IPF)...
IPF converged at iteration 40
IPF row error: 15.596221, col error: 0.000000
IPF converged at iteration 40
Starting Iterative Proportional Fitting (IPF)...IPF row error: 15.423191, col error: 0.000000

  [2023/test] 진행 750/1750 (42.9%) | 누적 CPC 0.6243 | RMSE 442.4060 | %RMSE 7.4504 | 경과 11.3분 | 예상 남음 15.0분
Starting Iterative Proportional Fitting (IPF)...
IPF converged at iteration 29
IPF row error: 187.629959, col error: 0.000000
Starting Iterative Proportional Fitting (IPF)...
IPF converged at iteration 39
IPF row error: 22.482230, col error: 0.000000
Starting Iterative Proportional Fitting (IPF)...
IPF converged at iteration 31
IPF row error: 140.343611, col error: 0.000000
Starting Iterative Proportional Fitting (IPF)...
IPF converged at iteration 44
IPF row error: 6.044024, col error: 0.000000
Starting Iterative Proportional Fitting (IPF)...
IPF converged at iteration 32
IPF row error: 112.933475, col error: 0.000000
Starting Iterative Proportional Fitting (IPF)...
IPF converged at iteration 53
IPF row error: 1.341159, col error: 0.000000
IPF converged at iteration 44
IPF row error: 6.031249, col error: 0.000000
Starting Iterative Proportional Fitting (IPF)...
Starting Iterative Proportional Fitting (IPF)...
IPF converged at iteration 44
IPF row error: 6.046733, col error: 0.000000
Starting Iterative Proportional Fitting (IPF)...
IPF converged at iteration 32
IPF row error: 122.573136, col error: 0.000000
Starting Iterative Proportional Fitting (IPF)...
IPF converged at iteration 44
IPF row error: 6.043345, col error: 0.000000
IPF converged at iteration 46
Starting Iterative Proportional Fitting (IPF)...
IPF row error: 4.499086, col error: 0.000000
Starting Iterative Proportional Fitting (IPF)...
IPF converged at iteration 29
IPF row error: 167.493946, col error: 0.000000
IPF converged at iteration 44
IPF row error: 6.043345, col error: 0.000000
Starting Iterative Proportional Fitting (IPF)...
Starting Iterative Proportional Fitting (IPF)...
IPF converged at iteration 32
IPF row error: 110.594968, col error: 0.000000
IPF converged at iteration 30
IPF row error: 154.737265, col error: 0.000000
Starting Iterative Proportional Fitting (IPF)...
Starting Iterative Proportional Fitting (IPF)...
IPF converged at iteration 33
IPF row error: 149.967940, col error: 0.000000
Starting Iterative Proportional Fitting (IPF)...
IPF converged at iteration 44
IPF row error: 6.058546, col error: 0.000000
Starting Iterative Proportional Fitting (IPF)...
IPF converged at iteration 42
IPF row error: 11.036349, col error: 0.000000
Starting Iterative Proportional Fitting (IPF)...
IPF converged at iteration 44
IPF row error: 6.044024, col error: 0.000000
Starting Iterative Proportional Fitting (IPF)...
IPF converged at iteration 44
IPF converged at iteration 30
IPF row error: 6.042066, col error: 0.000000
IPF row error: 145.264774, col error: 0.000000
Starting Iterative Proportional Fitting (IPF)...
Starting Iterative Proportional Fitting (IPF)...
IPF converged at iteration 44
IPF row error: 6.053090, col error: 0.000000
Starting Iterative Proportional Fitting (IPF)...
IPF converged at iteration 44
IPF row error: 6.073645, col error: 0.000000
Starting Iterative Proportional Fitting (IPF)...
IPF converged at iteration 33
IPF converged at iteration 32
IPF row error: 31.250575, col error: 0.000000
IPF row error: 140.708021, col error: 0.000000
Starting Iterative Proportional Fitting (IPF)...
Starting Iterative Proportional Fitting (IPF)...
IPF converged at iteration 30
IPF row error: 185.679969, col error: 0.000000
IPF converged at iteration 31
IPF row error: 146.718247, col error: 0.000000
Starting Iterative Proportional Fitting (IPF)...
Starting Iterative Proportional Fitting (IPF)...
IPF converged at iteration 44
IPF row error: 6.025300, col error: 0.000000
Starting Iterative Proportional Fitting (IPF)...
IPF converged at iteration 51
IPF row error: 1.320192, col error: 0.000000
Starting Iterative Proportional Fitting (IPF)...
IPF converged at iteration 31
IPF row error: 130.542347, col error: 0.000000
  [2023/test] 진행 780/1750 (44.6%) | 누적 CPC 0.6096 | RMSE 466.3166 | %RMSE 7.6336 | 경과 11.5분 | 예상 남음 14.4분
IPF converged at iteration 31
IPF row error: 140.525675, col error: 0.000000
Starting Iterative Proportional Fitting (IPF)...
Starting Iterative Proportional Fitting (IPF)...
IPF converged at iteration 44
IPF row error: 5.962005, col error: 0.000000
Starting Iterative Proportional Fitting (IPF)...
IPF converged at iteration 41
IPF row error: 12.679574, col error: 0.000000
Starting Iterative Proportional Fitting (IPF)...
IPF converged at iteration 29
IPF row error: 76.520592, col error: 0.000000
Starting Iterative Proportional Fitting (IPF)...
IPF converged at iteration 33
IPF row error: 94.766477, col error: 0.000000
Starting Iterative Proportional Fitting (IPF)...
IPF converged at iteration 30
IPF row error: 164.320727, col error: 0.000000
Starting Iterative Proportional Fitting (IPF)...
IPF converged at iteration 44
IPF row error: 6.038485, col error: 0.000000
IPF converged at iteration 32
IPF row error: 103.915860, col error: 0.000000
Starting Iterative Proportional Fitting (IPF)...
Starting Iterative Proportional Fitting (IPF)...
IPF converged at iteration 51
IPF converged at iteration 30
IPF row error: 1.342892, col error: 0.000000
IPF row error: 160.109773, col error: 0.000000
Starting Iterative Proportional Fitting (IPF)...
Starting Iterative Proportional Fitting (IPF)...
IPF converged at iteration 32
IPF row error: 181.512978, col error: 0.000000
Starting Iterative Proportional Fitting (IPF)...
IPF converged at iteration 44
IPF row error: 6.054847, col error: 0.000000
Starting Iterative Proportional Fitting (IPF)...
IPF converged at iteration 28
IPF row error: 132.267841, col error: 0.000000
IPF converged at iteration 31
Starting Iterative Proportional Fitting (IPF)...
IPF row error: 168.377684, col error: 0.000000
Starting Iterative Proportional Fitting (IPF)...
IPF converged at iteration 44
IPF row error: 6.053090, col error: 0.000000
Starting Iterative Proportional Fitting (IPF)...
IPF converged at iteration 53
IPF row error: 1.341159, col error: 0.000000
IPF converged at iteration 44
IPF row error: 6.031249, col error: 0.000000
Starting Iterative Proportional Fitting (IPF)...
IPF converged at iteration 44
IPF row error: 6.042066, col error: 0.000000
Starting Iterative Proportional Fitting (IPF)...
Starting Iterative Proportional Fitting (IPF)...
IPF converged at iteration 50
IPF row error: 5.050290, col error: 0.000000
IPF converged at iteration 28
IPF row error: 213.473062, col error: 0.000000
Starting Iterative Proportional Fitting (IPF)...
Starting Iterative Proportional Fitting (IPF)...
IPF converged at iteration 44
IPF row error: 6.054847, col error: 0.000000
Starting Iterative Proportional Fitting (IPF)...
IPF converged at iteration 45
IPF row error: 5.120455, col error: 0.000000
Starting Iterative Proportional Fitting (IPF)...
IPF converged at iteration 29
IPF row error: 184.351170, col error: 0.000000
Starting Iterative Proportional Fitting (IPF)...
IPF converged at iteration 51
IPF converged at iteration 29
IPF row error: 1.345606, col error: 0.000000
IPF row error: 190.232882, col error: 0.000000
IPF converged at iteration 50
IPF row error: 1.656865, col error: 0.000000
Starting Iterative Proportional Fitting (IPF)...
Starting Iterative Proportional Fitting (IPF)...
Starting Iterative Proportional Fitting (IPF)...
IPF converged at iteration 31
IPF row error: 126.510412, col error: 0.000000
Starting Iterative Proportional Fitting (IPF)...
IPF converged at iteration 50
IPF row error: 1.587721, col error: 0.000000
Starting Iterative Proportional Fitting (IPF)...
IPF converged at iteration 49
IPF row error: 2.027473, col error: 0.000000
IPF converged at iteration 49
IPF row error: 2.214975, col error: 0.000000
  [2023/test] 진행 810/1750 (46.3%) | 누적 CPC 0.5961 | RMSE 484.3464 | %RMSE 7.8324 | 경과 11.8분 | 예상 남음 13.7분
Starting Iterative Proportional Fitting (IPF)...
Starting Iterative Proportional Fitting (IPF)...
IPF converged at iteration 32
IPF row error: 166.347552, col error: 0.000000
IPF converged at iteration 45
IPF row error: 4.980448, col error: 0.000000
Starting Iterative Proportional Fitting (IPF)...
IPF converged at iteration 33
IPF row error: 86.015562, col error: 0.000000
Starting Iterative Proportional Fitting (IPF)...
IPF converged at iteration 33
IPF row error: 170.626617, col error: 0.000000
Starting Iterative Proportional Fitting (IPF)...
Starting Iterative Proportional Fitting (IPF)...
IPF converged at iteration 29
IPF row error: 189.320665, col error: 0.000000
Starting Iterative Proportional Fitting (IPF)...
IPF converged at iteration 32
IPF row error: 107.340849, col error: 0.000000
Starting Iterative Proportional Fitting (IPF)...
IPF converged at iteration 49
IPF row error: 2.072442, col error: 0.000000
Starting Iterative Proportional Fitting (IPF)...
IPF converged at iteration 50
IPF row error: 1.643675, col error: 0.000000
Starting Iterative Proportional Fitting (IPF)...
IPF converged at iteration 50
IPF row error: 1.656865, col error: 0.000000
IPF converged at iteration 57
IPF row error: 1.370122, col error: 0.000000
IPF converged at iteration 31
IPF row error: 141.324180, col error: 0.000000
Starting Iterative Proportional Fitting (IPF)...
Starting Iterative Proportional Fitting (IPF)...
Starting Iterative Proportional Fitting (IPF)...
IPF converged at iteration 45
IPF row error: 4.995495, col error: 0.000000
Starting Iterative Proportional Fitting (IPF)...
IPF converged at iteration 34
IPF row error: 80.773278, col error: 0.000000
IPF converged at iteration 34
IPF converged at iteration 33
IPF row error: 75.030139, col error: 0.000000
IPF row error: 97.469361, col error: 0.000000
Starting Iterative Proportional Fitting (IPF)...
Starting Iterative Proportional Fitting (IPF)...
Starting Iterative Proportional Fitting (IPF)...
IPF converged at iteration 50
IPF row error: 1.643675, col error: 0.000000
Starting Iterative Proportional Fitting (IPF)...
IPF converged at iteration 29
IPF row error: 169.249534, col error: 0.000000
IPF converged at iteration 33
Starting Iterative Proportional Fitting (IPF)...
IPF row error: 90.049997, col error: 0.000000
Starting Iterative Proportional Fitting (IPF)...
IPF converged at iteration 57
IPF row error: 1.343117, col error: 0.000000
Starting Iterative Proportional Fitting (IPF)...
IPF converged at iteration 45
IPF row error: 4.983009, col error: 0.000000
Starting Iterative Proportional Fitting (IPF)...
IPF converged at iteration 57
IPF row error: 1.293285, col error: 0.000000
IPF converged at iteration 33
IPF converged at iteration 56
IPF row error: 99.916158, col error: 0.000000
IPF row error: 1.315684, col error: 0.000000
Starting Iterative Proportional Fitting (IPF)...
Starting Iterative Proportional Fitting (IPF)...
Starting Iterative Proportional Fitting (IPF)...
IPF converged at iteration 49
IPF row error: 2.027473, col error: 0.000000
Starting Iterative Proportional Fitting (IPF)...
IPF converged at iteration 29
IPF row error: 163.806782, col error: 0.000000
Starting Iterative Proportional Fitting (IPF)...
IPF converged at iteration 51
IPF row error: 1.337108, col error: 0.000000
IPF converged at iteration 50
IPF row error: 1.656865, col error: 0.000000
Starting Iterative Proportional Fitting (IPF)...
Starting Iterative Proportional Fitting (IPF)...
IPF converged at iteration 30
IPF row error: 179.624361, col error: 0.000000
Starting Iterative Proportional Fitting (IPF)...
IPF converged at iteration 34
IPF row error: 89.258867, col error: 0.000000
Starting Iterative Proportional Fitting (IPF)...
IPF converged at iteration 30
IPF row error: 183.366327, col error: 0.000000
  [2023/test] 진행 840/1750 (48.0%) | 누적 CPC 0.5850 | RMSE 492.1159 | %RMSE 8.0558 | 경과 12.1분 | 예상 남음 13.1분
Starting Iterative Proportional Fitting (IPF)...
IPF converged at iteration 45
IPF row error: 5.120455, col error: 0.000000
IPF converged at iteration 31
IPF row error: 142.650137, col error: 0.000000
Starting Iterative Proportional Fitting (IPF)...
Starting Iterative Proportional Fitting (IPF)...
IPF converged at iteration 50
IPF row error: 1.643675, col error: 0.000000
Starting Iterative Proportional Fitting (IPF)...
IPF converged at iteration 50
IPF row error: 1.635288, col error: 0.000000
Starting Iterative Proportional Fitting (IPF)...
IPF converged at iteration 32
IPF row error: 101.374509, col error: 0.000000
Starting Iterative Proportional Fitting (IPF)...
IPF converged at iteration 50
IPF row error: 1.634454, col error: 0.000000
Starting Iterative Proportional Fitting (IPF)...
IPF converged at iteration 57
IPF row error: 1.374301, col error: 0.000000
Starting Iterative Proportional Fitting (IPF)...
IPF converged at iteration 51
IPF row error: 1.345606, col error: 0.000000
Starting Iterative Proportional Fitting (IPF)...
IPF converged at iteration 50
IPF row error: 1.587721, col error: 0.000000
IPF converged at iteration 57
IPF row error: 1.374301, col error: 0.000000
Starting Iterative Proportional Fitting (IPF)...
Starting Iterative Proportional Fitting (IPF)...
IPF converged at iteration 53
IPF row error: 1.341339, col error: 0.000000
Starting Iterative Proportional Fitting (IPF)...
IPF converged at iteration 32
IPF row error: 109.071617, col error: 0.000000
IPF converged at iteration 32
IPF row error: 121.025914, col error: 0.000000
Starting Iterative Proportional Fitting (IPF)...
Starting Iterative Proportional Fitting (IPF)...
IPF converged at iteration 56
IPF row error: 1.231381, col error: 0.000000
Starting Iterative Proportional Fitting (IPF)...
IPF converged at iteration 51
IPF row error: 4.830705, col error: 0.000000
Starting Iterative Proportional Fitting (IPF)...
IPF converged at iteration 32
IPF row error: 111.946886, col error: 0.000000
Starting Iterative Proportional Fitting (IPF)...
IPF converged at iteration 29
IPF row error: 63.700390, col error: 0.000000
Starting Iterative Proportional Fitting (IPF)...
IPF converged at iteration 50
IPF row error: 1.756005, col error: 0.000000
Starting Iterative Proportional Fitting (IPF)...
IPF converged at iteration 34
IPF row error: 80.732417, col error: 0.000000
IPF converged at iteration 30
Starting Iterative Proportional Fitting (IPF)...
IPF row error: 172.977072, col error: 0.000000
Starting Iterative Proportional Fitting (IPF)...
IPF converged at iteration 30
IPF row error: 162.715905, col error: 0.000000
Starting Iterative Proportional Fitting (IPF)...
IPF converged at iteration 61
IPF row error: 1.296686, col error: 0.000000
Starting Iterative Proportional Fitting (IPF)...
IPF converged at iteration 35
IPF row error: 58.904192, col error: 0.000000
Starting Iterative Proportional Fitting (IPF)...
IPF converged at iteration 31
IPF row error: 158.109842, col error: 0.000000
Starting Iterative Proportional Fitting (IPF)...
IPF converged at iteration 29
IPF row error: 175.892837, col error: 0.000000
Starting Iterative Proportional Fitting (IPF)...
IPF converged at iteration 53
IPF row error: 1.327274, col error: 0.000000
Starting Iterative Proportional Fitting (IPF)...
IPF converged at iteration 33
IPF row error: 109.711915, col error: 0.000000
IPF converged at iteration 30
IPF row error: 141.166706, col error: 0.000000
Starting Iterative Proportional Fitting (IPF)...
Starting Iterative Proportional Fitting (IPF)...
IPF converged at iteration 53
IPF row error: 1.329588, col error: 0.000000
Starting Iterative Proportional Fitting (IPF)...
IPF converged at iteration 56
IPF row error: 1.255538, col error: 0.000000
  [2023/test] 진행 870/1750 (49.7%) | 누적 CPC 0.5740 | RMSE 488.9811 | %RMSE 8.1257 | 경과 12.4분 | 예상 남음 12.6분
Starting Iterative Proportional Fitting (IPF)...
IPF converged at iteration 34
IPF converged at iteration 33
IPF row error: 74.050008, col error: 0.000000
IPF row error: 93.756588, col error: 0.000000
Starting Iterative Proportional Fitting (IPF)...
Starting Iterative Proportional Fitting (IPF)...
IPF converged at iteration 53
IPF row error: 1.324745, col error: 0.000000
Starting Iterative Proportional Fitting (IPF)...
IPF converged at iteration 34
IPF row error: 76.323825, col error: 0.000000
Starting Iterative Proportional Fitting (IPF)...
IPF converged at iteration 53
IPF row error: 1.312272, col error: 0.000000
Starting Iterative Proportional Fitting (IPF)...
IPF converged at iteration 53
IPF row error: 1.326991, col error: 0.000000
Starting Iterative Proportional Fitting (IPF)...
IPF converged at iteration 35
IPF row error: 55.876768, col error: 0.000000
IPF converged at iteration 32
IPF row error: 109.207521, col error: 0.000000
Starting Iterative Proportional Fitting (IPF)...
Starting Iterative Proportional Fitting (IPF)...
IPF converged at iteration 53
IPF row error: 1.324341, col error: 0.000000
Starting Iterative Proportional Fitting (IPF)...
IPF converged at iteration 61
IPF row error: 1.320702, col error: 0.000000
Starting Iterative Proportional Fitting (IPF)...
IPF converged at iteration 53
IPF row error: 1.333680, col error: 0.000000
IPF converged at iteration 53
IPF row error: 1.320420, col error: 0.000000
Starting Iterative Proportional Fitting (IPF)...
Starting Iterative Proportional Fitting (IPF)...
IPF converged at iteration 52
IPF row error: 1.325523, col error: 0.000000
IPF converged at iteration 33
Starting Iterative Proportional Fitting (IPF)...
IPF row error: 81.037453, col error: 0.000000
IPF converged at iteration 32
IPF row error: 101.851875, col error: 0.000000
Starting Iterative Proportional Fitting (IPF)...
Starting Iterative Proportional Fitting (IPF)...
IPF converged at iteration 56
IPF row error: 1.231381, col error: 0.000000
Starting Iterative Proportional Fitting (IPF)...
IPF converged at iteration 31
IPF row error: 142.331289, col error: 0.000000
Starting Iterative Proportional Fitting (IPF)...
IPF converged at iteration 61
IPF row error: 1.320702, col error: 0.000000
IPF converged at iteration 46
IPF row error: 3.868376, col error: 0.000000
IPF converged at iteration 61
Starting Iterative Proportional Fitting (IPF)...
IPF row error: 1.296686, col error: 0.000000
Starting Iterative Proportional Fitting (IPF)...
Starting Iterative Proportional Fitting (IPF)...
IPF converged at iteration 56
IPF row error: 1.255538, col error: 0.000000
IPF converged at iteration 30
Starting Iterative Proportional Fitting (IPF)...
IPF row error: 171.673963, col error: 0.000000
Starting Iterative Proportional Fitting (IPF)...
IPF converged at iteration 41
IPF row error: 13.874920, col error: 0.000000
Starting Iterative Proportional Fitting (IPF)...
IPF converged at iteration 61
IPF row error: 1.314698, col error: 0.000000
Starting Iterative Proportional Fitting (IPF)...
IPF converged at iteration 31
IPF row error: 141.715225, col error: 0.000000
Starting Iterative Proportional Fitting (IPF)...
IPF converged at iteration 41
IPF row error: 13.375389, col error: 0.000000
Starting Iterative Proportional Fitting (IPF)...
IPF converged at iteration 56
IPF row error: 1.255538, col error: 0.000000
Starting Iterative Proportional Fitting (IPF)...
IPF converged at iteration 53
IPF row error: 1.325440, col error: 0.000000
IPF converged at iteration 47
Starting Iterative Proportional Fitting (IPF)...
IPF row error: 3.319507, col error: 0.000000
Starting Iterative Proportional Fitting (IPF)...
IPF converged at iteration 53
IPF row error: 1.326620, col error: 0.000000
  [2023/test] 진행 900/1750 (51.4%) | 누적 CPC 0.5634 | RMSE 481.4850 | %RMSE 8.1320 | 경과 12.8분 | 예상 남음 12.1분
Starting Iterative Proportional Fitting (IPF)...
IPF converged at iteration 34
IPF row error: 86.945665, col error: 0.000000
IPF converged at iteration 48
IPF row error: 2.460722, col error: 0.000000
Starting Iterative Proportional Fitting (IPF)...
Starting Iterative Proportional Fitting (IPF)...
IPF converged at iteration 48
IPF row error: 2.417680, col error: 0.000000
Starting Iterative Proportional Fitting (IPF)...
IPF converged at iteration 44
IPF row error: 6.127407, col error: 0.000000
Starting Iterative Proportional Fitting (IPF)...
IPF converged at iteration 28
IPF row error: 173.224412, col error: 0.000000
IPF converged at iteration 49
IPF row error: 1.925493, col error: 0.000000
Starting Iterative Proportional Fitting (IPF)...
IPF converged at iteration 49
IPF row error: 1.950554, col error: 0.000000
Starting Iterative Proportional Fitting (IPF)...
Starting Iterative Proportional Fitting (IPF)...
IPF converged at iteration 49
IPF row error: 2.251297, col error: 0.000000
Starting Iterative Proportional Fitting (IPF)...
IPF converged at iteration 45
IPF row error: 4.879940, col error: 0.000000
Starting Iterative Proportional Fitting (IPF)...
IPF converged at iteration 49
IPF row error: 2.034047, col error: 0.000000
IPF converged at iteration 54
IPF row error: 1.256903, col error: 0.000000
Starting Iterative Proportional Fitting (IPF)...
Starting Iterative Proportional Fitting (IPF)...
IPF converged at iteration 32
IPF row error: 111.517018, col error: 0.000000
Starting Iterative Proportional Fitting (IPF)...
IPF converged at iteration 33
IPF row error: 105.515762, col error: 0.000000
IPF converged at iteration 31
IPF row error: 147.880148, col error: 0.000000
Starting Iterative Proportional Fitting (IPF)...
Starting Iterative Proportional Fitting (IPF)...
IPF converged at iteration 54
IPF row error: 1.256903, col error: 0.000000
Starting Iterative Proportional Fitting (IPF)...
IPF converged at iteration 54
IPF row error: 1.311051, col error: 0.000000
Starting Iterative Proportional Fitting (IPF)...
IPF converged at iteration 48
IPF row error: 2.405354, col error: 0.000000
Starting Iterative Proportional Fitting (IPF)...
IPF converged at iteration 54
IPF row error: 1.309070, col error: 0.000000
Starting Iterative Proportional Fitting (IPF)...
IPF converged at iteration 49
IPF row error: 1.921578, col error: 0.000000
IPF converged at iteration 33
IPF row error: 95.775148, col error: 0.000000
Starting Iterative Proportional Fitting (IPF)...
Starting Iterative Proportional Fitting (IPF)...
IPF converged at iteration 30
IPF row error: 194.563341, col error: 0.000000
Starting Iterative Proportional Fitting (IPF)...
IPF converged at iteration 33
IPF row error: 96.177839, col error: 0.000000
IPF converged at iteration 49
IPF row error: 2.269047, col error: 0.000000
Starting Iterative Proportional Fitting (IPF)...
IPF converged at iteration 48
IPF row error: 2.459118, col error: 0.000000
Starting Iterative Proportional Fitting (IPF)...
Starting Iterative Proportional Fitting (IPF)...
IPF converged at iteration 31
IPF row error: 172.195618, col error: 0.000000
Starting Iterative Proportional Fitting (IPF)...
IPF converged at iteration 49
IPF row error: 1.925184, col error: 0.000000
Starting Iterative Proportional Fitting (IPF)...
IPF converged at iteration 48
IPF converged at iteration 53
IPF row error: 2.814824, col error: 0.000000
IPF row error: 1.215961, col error: 0.000000
Starting Iterative Proportional Fitting (IPF)...
Starting Iterative Proportional Fitting (IPF)...
IPF converged at iteration 29
IPF row error: 180.751829, col error: 0.000000
Starting Iterative Proportional Fitting (IPF)...
IPF converged at iteration 33
IPF row error: 97.010039, col error: 0.000000
  [2023/test] 진행 930/1750 (53.1%) | 누적 CPC 0.5578 | RMSE 483.9863 | %RMSE 8.2336 | 경과 13.3분 | 예상 남음 11.7분
Starting Iterative Proportional Fitting (IPF)...
IPF converged at iteration 32
IPF row error: 104.884940, col error: 0.000000
Starting Iterative Proportional Fitting (IPF)...
IPF converged at iteration 29
IPF row error: 180.677361, col error: 0.000000
Starting Iterative Proportional Fitting (IPF)...
IPF converged at iteration 48
IPF row error: 2.424556, col error: 0.000000
Starting Iterative Proportional Fitting (IPF)...
IPF converged at iteration 31
IPF row error: 149.820438, col error: 0.000000
Starting Iterative Proportional Fitting (IPF)...
IPF converged at iteration 29
IPF row error: 63.920982, col error: 0.000000
Starting Iterative Proportional Fitting (IPF)...
IPF converged at iteration 32
IPF converged at iteration 59
IPF row error: 124.383590, col error: 0.000000
IPF row error: 1.226279, col error: 0.000000
Starting Iterative Proportional Fitting (IPF)...
Starting Iterative Proportional Fitting (IPF)...
IPF converged at iteration 49
IPF row error: 1.922333, col error: 0.000000
Starting Iterative Proportional Fitting (IPF)...
IPF converged at iteration 48
IPF row error: 2.466134, col error: 0.000000
IPF converged at iteration 30
IPF converged at iteration 31
IPF row error: 170.731926, col error: 0.000000
IPF row error: 150.251321, col error: 0.000000
Starting Iterative Proportional Fitting (IPF)...
Starting Iterative Proportional Fitting (IPF)...
Starting Iterative Proportional Fitting (IPF)...
IPF converged at iteration 48
IPF row error: 2.461366, col error: 0.000000
Starting Iterative Proportional Fitting (IPF)...
IPF converged at iteration 28
IPF row error: 182.681608, col error: 0.000000
IPF converged at iteration 30
IPF row error: 183.178873, col error: 0.000000
Starting Iterative Proportional Fitting (IPF)...
Starting Iterative Proportional Fitting (IPF)...
IPF converged at iteration 45
IPF row error: 5.277982, col error: 0.000000
Starting Iterative Proportional Fitting (IPF)...
IPF converged at iteration 40
IPF row error: 17.367102, col error: 0.000000
Starting Iterative Proportional Fitting (IPF)...
IPF converged at iteration 48
IPF converged at iteration 45
IPF row error: 2.466134, col error: 0.000000
IPF row error: 4.891326, col error: 0.000000
Starting Iterative Proportional Fitting (IPF)...
Starting Iterative Proportional Fitting (IPF)...
IPF converged at iteration 33
IPF row error: 99.836218, col error: 0.000000
Starting Iterative Proportional Fitting (IPF)...
IPF converged at iteration 49
IPF row error: 1.950554, col error: 0.000000
IPF converged at iteration 33
IPF row error: 104.259439, col error: 0.000000
Starting Iterative Proportional Fitting (IPF)...
Starting Iterative Proportional Fitting (IPF)...
IPF converged at iteration 50
IPF row error: 1.756698, col error: 0.000000
IPF converged at iteration 56
IPF row error: 1.271821, col error: 0.000000
Starting Iterative Proportional Fitting (IPF)...
Starting Iterative Proportional Fitting (IPF)...
IPF converged at iteration 30
IPF row error: 190.151020, col error: 0.000000
Starting Iterative Proportional Fitting (IPF)...
IPF converged at iteration 50
IPF converged at iteration 29
IPF row error: 1.652062, col error: 0.000000
IPF row error: 185.767201, col error: 0.000000
Starting Iterative Proportional Fitting (IPF)...Starting Iterative Proportional Fitting (IPF)...

IPF converged at iteration 36
IPF row error: 50.569325, col error: 0.000000
Starting Iterative Proportional Fitting (IPF)...
IPF converged at iteration 50
IPF row error: 1.681307, col error: 0.000000
IPF converged at iteration 30
IPF row error: 97.347782, col error: 0.000000
Starting Iterative Proportional Fitting (IPF)...
Starting Iterative Proportional Fitting (IPF)...
IPF converged at iteration 32
IPF row error: 137.668719, col error: 0.000000
  [2023/test] 진행 960/1750 (54.9%) | 누적 CPC 0.5511 | RMSE 490.0518 | %RMSE 8.3545 | 경과 13.7분 | 예상 남음 11.2분
Starting Iterative Proportional Fitting (IPF)...
IPF converged at iteration 50
IPF row error: 1.671215, col error: 0.000000
Starting Iterative Proportional Fitting (IPF)...
IPF converged at iteration 30
IPF row error: 163.318827, col error: 0.000000
Starting Iterative Proportional Fitting (IPF)...
IPF converged at iteration 45
IPF row error: 5.457321, col error: 0.000000
IPF converged at iteration 28
IPF row error: 216.315033, col error: 0.000000
Starting Iterative Proportional Fitting (IPF)...
Starting Iterative Proportional Fitting (IPF)...
IPF converged at iteration 57
IPF row error: 1.256585, col error: 0.000000
Starting Iterative Proportional Fitting (IPF)...
IPF converged at iteration 45
IPF row error: 5.411628, col error: 0.000000
IPF converged at iteration 30
IPF row error: 169.947658, col error: 0.000000
Starting Iterative Proportional Fitting (IPF)...
Starting Iterative Proportional Fitting (IPF)...
IPF converged at iteration 50
IPF row error: 1.690466, col error: 0.000000
Starting Iterative Proportional Fitting (IPF)...
IPF converged at iteration 50
IPF row error: 1.750405, col error: 0.000000
Starting Iterative Proportional Fitting (IPF)...
IPF converged at iteration 43
IPF row error: 8.947577, col error: 0.000000
Starting Iterative Proportional Fitting (IPF)...
IPF converged at iteration 28
IPF row error: 55.728023, col error: 0.000000
IPF converged at iteration 50
IPF row error: 1.753411, col error: 0.000000
Starting Iterative Proportional Fitting (IPF)...
Starting Iterative Proportional Fitting (IPF)...
IPF converged at iteration 28
IPF row error: 193.658978, col error: 0.000000
Starting Iterative Proportional Fitting (IPF)...
IPF converged at iteration 33
IPF row error: 108.136082, col error: 0.000000
IPF converged at iteration 50
IPF row error: 1.677917, col error: 0.000000
Starting Iterative Proportional Fitting (IPF)...
Starting Iterative Proportional Fitting (IPF)...
IPF converged at iteration 50
IPF row error: 1.681307, col error: 0.000000
Starting Iterative Proportional Fitting (IPF)...
IPF converged at iteration 29
IPF row error: 216.073719, col error: 0.000000
Starting Iterative Proportional Fitting (IPF)...
IPF converged at iteration 33
IPF row error: 105.866584, col error: 0.000000
Starting Iterative Proportional Fitting (IPF)...
IPF converged at iteration 50
IPF row error: 1.664184, col error: 0.000000
Starting Iterative Proportional Fitting (IPF)...
IPF converged at iteration 50
IPF row error: 1.756698, col error: 0.000000
Starting Iterative Proportional Fitting (IPF)...
IPF converged at iteration 45
IPF row error: 5.399367, col error: 0.000000
Starting Iterative Proportional Fitting (IPF)...
IPF converged at iteration 31
IPF row error: 49.507664, col error: 0.000000
IPF converged at iteration 50
IPF row error: 1.690466, col error: 0.000000
Starting Iterative Proportional Fitting (IPF)...
Starting Iterative Proportional Fitting (IPF)...
IPF converged at iteration 37
IPF row error: 40.271285, col error: 0.000000
Starting Iterative Proportional Fitting (IPF)...
IPF converged at iteration 44
IPF row error: 6.783098, col error: 0.000000
IPF converged at iteration 33
IPF converged at iteration 31
IPF row error: 103.793642, col error: 0.000000
IPF row error: 147.771681, col error: 0.000000
Starting Iterative Proportional Fitting (IPF)...
Starting Iterative Proportional Fitting (IPF)...
Starting Iterative Proportional Fitting (IPF)...
IPF converged at iteration 29
IPF row error: 204.240443, col error: 0.000000
Starting Iterative Proportional Fitting (IPF)...
IPF converged at iteration 43
IPF row error: 8.693860, col error: 0.000000
Starting Iterative Proportional Fitting (IPF)...
IPF converged at iteration 50
IPF row error: 1.671215, col error: 0.000000
  [2023/test] 진행 990/1750 (56.6%) | 누적 CPC 0.5434 | RMSE 499.5331 | %RMSE 8.4606 | 경과 14.1분 | 예상 남음 10.8분
IPF converged at iteration 50
IPF row error: 1.728924, col error: 0.000000
Starting Iterative Proportional Fitting (IPF)...
Starting Iterative Proportional Fitting (IPF)...
IPF converged at iteration 50
IPF row error: 1.684495, col error: 0.000000
Starting Iterative Proportional Fitting (IPF)...
IPF converged at iteration 30
IPF row error: 170.903002, col error: 0.000000
Starting Iterative Proportional Fitting (IPF)...
IPF converged at iteration 33
IPF row error: 106.428295, col error: 0.000000
IPF converged at iteration 50
IPF row error: 1.663651, col error: 0.000000
Starting Iterative Proportional Fitting (IPF)...
Starting Iterative Proportional Fitting (IPF)...
IPF converged at iteration 50
IPF row error: 1.684495, col error: 0.000000
Starting Iterative Proportional Fitting (IPF)...
IPF converged at iteration 31
IPF row error: 153.179725, col error: 0.000000
Starting Iterative Proportional Fitting (IPF)...
IPF converged at iteration 33
IPF row error: 101.556236, col error: 0.000000
Starting Iterative Proportional Fitting (IPF)...
IPF converged at iteration 32
IPF row error: 195.737274, col error: 0.000000
Starting Iterative Proportional Fitting (IPF)...
IPF converged at iteration 45
IPF row error: 5.371394, col error: 0.000000
Starting Iterative Proportional Fitting (IPF)...
IPF converged at iteration 28
IPF row error: 51.081848, col error: 0.000000
Starting Iterative Proportional Fitting (IPF)...
IPF converged at iteration 32
IPF row error: 109.139923, col error: 0.000000
IPF converged at iteration 40
IPF row error: 14.901893, col error: 0.000000
Starting Iterative Proportional Fitting (IPF)...
Starting Iterative Proportional Fitting (IPF)...
IPF converged at iteration 33
IPF row error: 86.710707, col error: 0.000000
Starting Iterative Proportional Fitting (IPF)...
IPF converged at iteration 39
IPF row error: 19.097679, col error: 0.000000
Starting Iterative Proportional Fitting (IPF)...
IPF converged at iteration 33
IPF row error: 85.869487, col error: 0.000000
Starting Iterative Proportional Fitting (IPF)...
IPF converged at iteration 31
IPF row error: 136.777591, col error: 0.000000
IPF converged at iteration 40
Starting Iterative Proportional Fitting (IPF)...
IPF row error: 15.320483, col error: 0.000000
Starting Iterative Proportional Fitting (IPF)...
IPF converged at iteration 32
IPF row error: 106.208601, col error: 0.000000
IPF converged at iteration 51
IPF row error: 1.269099, col error: 0.000000
Starting Iterative Proportional Fitting (IPF)...
Starting Iterative Proportional Fitting (IPF)...
IPF converged at iteration 33
IPF row error: 91.083478, col error: 0.000000
IPF converged at iteration 40
IPF row error: 15.165566, col error: 0.000000
Starting Iterative Proportional Fitting (IPF)...
Starting Iterative Proportional Fitting (IPF)...
IPF converged at iteration 32
IPF row error: 118.118485, col error: 0.000000
IPF converged at iteration 32
IPF row error: 108.086843, col error: 0.000000
Starting Iterative Proportional Fitting (IPF)...
Starting Iterative Proportional Fitting (IPF)...
IPF converged at iteration 39
IPF row error: 19.169097, col error: 0.000000
Starting Iterative Proportional Fitting (IPF)...
IPF converged at iteration 50
IPF row error: 5.287406, col error: 0.000000
Starting Iterative Proportional Fitting (IPF)...
IPF converged at iteration 31
IPF row error: 119.543294, col error: 0.000000
Starting Iterative Proportional Fitting (IPF)...
IPF converged at iteration 40
IPF row error: 14.956082, col error: 0.000000
Starting Iterative Proportional Fitting (IPF)...
IPF converged at iteration 32
IPF row error: 112.935196, col error: 0.000000
Starting Iterative Proportional Fitting (IPF)...
IPF converged at iteration 31
IPF row error: 139.407488, col error: 0.000000
  [2023/test] 진행 1020/1750 (58.3%) | 누적 CPC 0.5365 | RMSE 541.8059 | %RMSE 8.7370 | 경과 14.4분 | 예상 남음 10.3분
Starting Iterative Proportional Fitting (IPF)...
IPF converged at iteration 43
IPF row error: 7.431882, col error: 0.000000
Starting Iterative Proportional Fitting (IPF)...
IPF converged at iteration 33
IPF row error: 91.417026, col error: 0.000000
IPF converged at iteration 45
IPF row error: 4.531392, col error: 0.000000
Starting Iterative Proportional Fitting (IPF)...
Starting Iterative Proportional Fitting (IPF)...
IPF converged at iteration 40
IPF row error: 15.166225, col error: 0.000000
Starting Iterative Proportional Fitting (IPF)...
IPF converged at iteration 39
IPF row error: 19.342428, col error: 0.000000
Starting Iterative Proportional Fitting (IPF)...
IPF converged at iteration 36
IPF row error: 45.726154, col error: 0.000000
Starting Iterative Proportional Fitting (IPF)...
IPF converged at iteration 53
IPF row error: 1.282792, col error: 0.000000
IPF converged at iteration 31
Starting Iterative Proportional Fitting (IPF)...IPF row error: 152.115168, col error: 0.000000

Starting Iterative Proportional Fitting (IPF)...
IPF converged at iteration 30
IPF row error: 177.497410, col error: 0.000000
Starting Iterative Proportional Fitting (IPF)...
IPF converged at iteration 45
IPF row error: 4.661230, col error: 0.000000
Starting Iterative Proportional Fitting (IPF)...
IPF converged at iteration 40
IPF row error: 15.110891, col error: 0.000000
IPF converged at iteration 38
IPF row error: 24.510731, col error: 0.000000
Starting Iterative Proportional Fitting (IPF)...
Starting Iterative Proportional Fitting (IPF)...
IPF converged at iteration 39
IPF row error: 19.268729, col error: 0.000000
Starting Iterative Proportional Fitting (IPF)...
IPF converged at iteration 35
IPF row error: 51.805122, col error: 0.000000
Starting Iterative Proportional Fitting (IPF)...
IPF converged at iteration 44
IPF row error: 5.713553, col error: 0.000000
Starting Iterative Proportional Fitting (IPF)...
IPF converged at iteration 51
IPF converged at iteration 45
IPF row error: 1.263358, col error: 0.000000
IPF row error: 4.560950, col error: 0.000000
Starting Iterative Proportional Fitting (IPF)...
Starting Iterative Proportional Fitting (IPF)...
IPF converged at iteration 31
IPF row error: 122.470785, col error: 0.000000
Starting Iterative Proportional Fitting (IPF)...
IPF converged at iteration 33
IPF row error: 84.871520, col error: 0.000000
Starting Iterative Proportional Fitting (IPF)...
IPF converged at iteration 30
IPF converged at iteration 39
IPF converged at iteration 40
IPF row error: 192.305210, col error: 0.000000
IPF row error: 19.365124, col error: 0.000000
IPF row error: 15.163706, col error: 0.000000
Starting Iterative Proportional Fitting (IPF)...
Starting Iterative Proportional Fitting (IPF)...
Starting Iterative Proportional Fitting (IPF)...
IPF converged at iteration 40
IPF row error: 15.169247, col error: 0.000000
IPF converged at iteration 28
IPF row error: 182.434753, col error: 0.000000
Starting Iterative Proportional Fitting (IPF)...
IPF converged at iteration 30
IPF row error: 173.351922, col error: 0.000000
Starting Iterative Proportional Fitting (IPF)...
IPF converged at iteration 33
Starting Iterative Proportional Fitting (IPF)...
IPF row error: 95.164624, col error: 0.000000
Starting Iterative Proportional Fitting (IPF)...
IPF converged at iteration 29
IPF row error: 161.949459, col error: 0.000000
Starting Iterative Proportional Fitting (IPF)...
IPF converged at iteration 40
IPF converged at iteration 39
IPF row error: 15.029410, col error: 0.000000
IPF row error: 19.347906, col error: 0.000000
Starting Iterative Proportional Fitting (IPF)...
Starting Iterative Proportional Fitting (IPF)...
IPF converged at iteration 53
IPF row error: 1.300570, col error: 0.000000
  [2023/test] 진행 1050/1750 (60.0%) | 누적 CPC 0.5306 | RMSE 593.5292 | %RMSE 9.0477 | 경과 14.8분 | 예상 남음 9.9분
Starting Iterative Proportional Fitting (IPF)...
IPF converged at iteration 55
IPF row error: 1.345883, col error: 0.000000
Starting Iterative Proportional Fitting (IPF)...
IPF converged at iteration 55
IPF converged at iteration 55
IPF row error: 1.345883, col error: 0.000000
IPF row error: 1.345883, col error: 0.000000
Starting Iterative Proportional Fitting (IPF)...
Starting Iterative Proportional Fitting (IPF)...
IPF converged at iteration 55
IPF row error: 1.345883, col error: 0.000000
Starting Iterative Proportional Fitting (IPF)...
IPF converged at iteration 33
IPF row error: 94.802880, col error: 0.000000
Starting Iterative Proportional Fitting (IPF)...
IPF converged at iteration 55
IPF row error: 1.345883, col error: 0.000000
Starting Iterative Proportional Fitting (IPF)...
IPF converged at iteration 55
IPF row error: 1.345883, col error: 0.000000
Starting Iterative Proportional Fitting (IPF)...
IPF converged at iteration 32
IPF row error: 99.582880, col error: 0.000000
IPF converged at iteration 55
IPF row error: 1.345883, col error: 0.000000
Starting Iterative Proportional Fitting (IPF)...
IPF converged at iteration 30
IPF row error: 171.301003, col error: 0.000000
Starting Iterative Proportional Fitting (IPF)...
Starting Iterative Proportional Fitting (IPF)...
IPF converged at iteration 33
IPF row error: 73.140083, col error: 0.000000
Starting Iterative Proportional Fitting (IPF)...
IPF converged at iteration 36
IPF row error: 47.073989, col error: 0.000000
Starting Iterative Proportional Fitting (IPF)...
IPF converged at iteration 41
IPF row error: 12.905680, col error: 0.000000
Starting Iterative Proportional Fitting (IPF)...
IPF converged at iteration 55
IPF row error: 1.345883, col error: 0.000000
Starting Iterative Proportional Fitting (IPF)...
IPF converged at iteration 45
IPF row error: 5.645304, col error: 0.000000
Starting Iterative Proportional Fitting (IPF)...
IPF converged at iteration 34
IPF row error: 77.521080, col error: 0.000000
Starting Iterative Proportional Fitting (IPF)...
IPF converged at iteration 33
IPF row error: 98.025377, col error: 0.000000
IPF converged at iteration 55
IPF row error: 1.345883, col error: 0.000000
Starting Iterative Proportional Fitting (IPF)...
Starting Iterative Proportional Fitting (IPF)...
IPF converged at iteration 55
IPF converged at iteration 32
IPF row error: 1.345883, col error: 0.000000
IPF row error: 121.340454, col error: 0.000000
Starting Iterative Proportional Fitting (IPF)...
Starting Iterative Proportional Fitting (IPF)...
IPF converged at iteration 31
IPF row error: 176.065195, col error: 0.000000
Starting Iterative Proportional Fitting (IPF)...
IPF converged at iteration 35
IPF row error: 65.563294, col error: 0.000000
Starting Iterative Proportional Fitting (IPF)...
IPF converged at iteration 55
IPF row error: 1.345883, col error: 0.000000
IPF converged at iteration 55
IPF row error: 1.345883, col error: 0.000000
Starting Iterative Proportional Fitting (IPF)...
Starting Iterative Proportional Fitting (IPF)...
IPF converged at iteration 35
IPF row error: 61.388562, col error: 0.000000
Starting Iterative Proportional Fitting (IPF)...
IPF converged at iteration 32
IPF row error: 110.950432, col error: 0.000000
Starting Iterative Proportional Fitting (IPF)...
IPF converged at iteration 55
IPF row error: 1.345883, col error: 0.000000
Starting Iterative Proportional Fitting (IPF)...
IPF converged at iteration 32
IPF row error: 106.851592, col error: 0.000000
IPF converged at iteration 55
IPF row error: 1.345883, col error: 0.000000
Starting Iterative Proportional Fitting (IPF)...
Starting Iterative Proportional Fitting (IPF)...
IPF converged at iteration 55
IPF row error: 1.345883, col error: 0.000000
  [2023/test] 진행 1080/1750 (61.7%) | 누적 CPC 0.5186 | RMSE 620.6638 | %RMSE 9.2229 | 경과 15.3분 | 예상 남음 9.5분
IPF converged at iteration 31
IPF row error: 123.357158, col error: 0.000000
Starting Iterative Proportional Fitting (IPF)...
IPF converged at iteration 34
IPF row error: 76.661721, col error: 0.000000
Starting Iterative Proportional Fitting (IPF)...
Starting Iterative Proportional Fitting (IPF)...
IPF converged at iteration 55
IPF row error: 1.345883, col error: 0.000000
Starting Iterative Proportional Fitting (IPF)...
IPF converged at iteration 30
IPF row error: 160.876472, col error: 0.000000
IPF converged at iteration 31
Starting Iterative Proportional Fitting (IPF)...
IPF row error: 135.909819, col error: 0.000000
Starting Iterative Proportional Fitting (IPF)...
IPF converged at iteration 55
IPF row error: 1.345883, col error: 0.000000
Starting Iterative Proportional Fitting (IPF)...
IPF converged at iteration 31
IPF row error: 128.141356, col error: 0.000000
IPF converged at iteration 55
IPF row error: 1.345883, col error: 0.000000
Starting Iterative Proportional Fitting (IPF)...
Starting Iterative Proportional Fitting (IPF)...
IPF converged at iteration 32
IPF row error: 127.077614, col error: 0.000000
IPF converged at iteration 55
Starting Iterative Proportional Fitting (IPF)...
IPF row error: 1.345883, col error: 0.000000
Starting Iterative Proportional Fitting (IPF)...
IPF converged at iteration 55
IPF row error: 1.345883, col error: 0.000000
IPF converged at iteration 55
IPF row error: 1.345883, col error: 0.000000
Starting Iterative Proportional Fitting (IPF)...
Starting Iterative Proportional Fitting (IPF)...
IPF converged at iteration 55
IPF row error: 1.345883, col error: 0.000000
IPF converged at iteration 55
Starting Iterative Proportional Fitting (IPF)...
IPF row error: 1.345883, col error: 0.000000
Starting Iterative Proportional Fitting (IPF)...
IPF converged at iteration 33
IPF row error: 106.078855, col error: 0.000000
Starting Iterative Proportional Fitting (IPF)...
IPF converged at iteration 55
IPF converged at iteration 33IPF row error: 1.345883, col error: 0.000000

IPF row error: 102.100892, col error: 0.000000
Starting Iterative Proportional Fitting (IPF)...
Starting Iterative Proportional Fitting (IPF)...
IPF converged at iteration 55
IPF row error: 1.345883, col error: 0.000000
Starting Iterative Proportional Fitting (IPF)...
IPF converged at iteration 55
IPF row error: 1.345883, col error: 0.000000
Starting Iterative Proportional Fitting (IPF)...
IPF converged at iteration 53
IPF row error: 1.322102, col error: 0.000000
IPF converged at iteration 55
IPF row error: 1.345883, col error: 0.000000
Starting Iterative Proportional Fitting (IPF)...
IPF converged at iteration 32
IPF row error: 149.590428, col error: 0.000000
Starting Iterative Proportional Fitting (IPF)...
Starting Iterative Proportional Fitting (IPF)...
IPF converged at iteration 29
IPF row error: 180.386549, col error: 0.000000
Starting Iterative Proportional Fitting (IPF)...
IPF converged at iteration 31
IPF row error: 148.563800, col error: 0.000000
Starting Iterative Proportional Fitting (IPF)...
IPF converged at iteration 33
IPF row error: 82.549004, col error: 0.000000
Starting Iterative Proportional Fitting (IPF)...
IPF converged at iteration 53
IPF row error: 1.322102, col error: 0.000000
Starting Iterative Proportional Fitting (IPF)...
IPF converged at iteration 53
IPF row error: 1.322102, col error: 0.000000
Starting Iterative Proportional Fitting (IPF)...
IPF converged at iteration 53
IPF row error: 1.322102, col error: 0.000000
Starting Iterative Proportional Fitting (IPF)...
IPF converged at iteration 53
IPF row error: 1.322102, col error: 0.000000
Starting Iterative Proportional Fitting (IPF)...
IPF converged at iteration 53
IPF row error: 1.322102, col error: 0.000000
  [2023/test] 진행 1110/1750 (63.4%) | 누적 CPC 0.5073 | RMSE 644.6748 | %RMSE 9.3775 | 경과 15.8분 | 예상 남음 9.1분
Starting Iterative Proportional Fitting (IPF)...
IPF converged at iteration 53
IPF row error: 1.322102, col error: 0.000000
Starting Iterative Proportional Fitting (IPF)...
IPF converged at iteration 30
IPF row error: 50.170964, col error: 0.000000
Starting Iterative Proportional Fitting (IPF)...
IPF converged at iteration 29
IPF row error: 202.740190, col error: 0.000000
Starting Iterative Proportional Fitting (IPF)...
IPF converged at iteration 37
IPF row error: 38.151163, col error: 0.000000
IPF converged at iteration 53
IPF row error: 1.322102, col error: 0.000000
Starting Iterative Proportional Fitting (IPF)...
Starting Iterative Proportional Fitting (IPF)...
IPF converged at iteration 53
IPF row error: 1.322102, col error: 0.000000
Starting Iterative Proportional Fitting (IPF)...
IPF converged at iteration 53
IPF row error: 1.322102, col error: 0.000000
Starting Iterative Proportional Fitting (IPF)...
IPF converged at iteration 30
IPF row error: 160.807063, col error: 0.000000
Starting Iterative Proportional Fitting (IPF)...
IPF converged at iteration 53
IPF row error: 1.322102, col error: 0.000000
IPF converged at iteration 53
IPF row error: 1.322102, col error: 0.000000
Starting Iterative Proportional Fitting (IPF)...
IPF converged at iteration 28
Starting Iterative Proportional Fitting (IPF)...IPF row error: 76.390596, col error: 0.000000

Starting Iterative Proportional Fitting (IPF)...
IPF converged at iteration 48
IPF row error: 2.631364, col error: 0.000000
Starting Iterative Proportional Fitting (IPF)...
IPF converged at iteration 53
IPF row error: 1.322102, col error: 0.000000
IPF converged at iteration 53
IPF row error: 1.322102, col error: 0.000000
Starting Iterative Proportional Fitting (IPF)...
IPF converged at iteration 53
IPF row error: 1.322102, col error: 0.000000
Starting Iterative Proportional Fitting (IPF)...
Starting Iterative Proportional Fitting (IPF)...
IPF converged at iteration 31
IPF row error: 129.726186, col error: 0.000000
Starting Iterative Proportional Fitting (IPF)...
IPF converged at iteration 31
IPF row error: 136.934983, col error: 0.000000
IPF converged at iteration 34
IPF row error: 74.563504, col error: 0.000000
Starting Iterative Proportional Fitting (IPF)...
IPF converged at iteration 33
IPF row error: 89.200606, col error: 0.000000
Starting Iterative Proportional Fitting (IPF)...
Starting Iterative Proportional Fitting (IPF)...
IPF converged at iteration 50
IPF row error: 1.605348, col error: 0.000000
IPF converged at iteration 32
Starting Iterative Proportional Fitting (IPF)...
IPF row error: 106.234843, col error: 0.000000
IPF converged at iteration 29
IPF converged at iteration 32
IPF row error: 205.098932, col error: 0.000000
IPF row error: 116.165651, col error: 0.000000
Starting Iterative Proportional Fitting (IPF)...
Starting Iterative Proportional Fitting (IPF)...
Starting Iterative Proportional Fitting (IPF)...
IPF converged at iteration 32
IPF row error: 119.882917, col error: 0.000000
IPF converged at iteration 31
IPF row error: 128.698693, col error: 0.000000
Starting Iterative Proportional Fitting (IPF)...
Starting Iterative Proportional Fitting (IPF)...
IPF converged at iteration 53
IPF row error: 1.322102, col error: 0.000000
Starting Iterative Proportional Fitting (IPF)...
IPF converged at iteration 53
IPF row error: 1.322102, col error: 0.000000
Starting Iterative Proportional Fitting (IPF)...
IPF converged at iteration 33
IPF row error: 79.872167, col error: 0.000000
Starting Iterative Proportional Fitting (IPF)...
IPF converged at iteration 31
IPF row error: 183.638596, col error: 0.000000
Starting Iterative Proportional Fitting (IPF)...
IPF converged at iteration 29
IPF row error: 183.577183, col error: 0.000000
  [2023/test] 진행 1140/1750 (65.1%) | 누적 CPC 0.4967 | RMSE 664.2391 | %RMSE 9.5003 | 경과 16.4분 | 예상 남음 8.8분
IPF converged at iteration 53
IPF row error: 1.322102, col error: 0.000000
Starting Iterative Proportional Fitting (IPF)...
Starting Iterative Proportional Fitting (IPF)...
IPF converged at iteration 33
IPF row error: 92.864437, col error: 0.000000
IPF converged at iteration 53
IPF row error: 1.322102, col error: 0.000000
Starting Iterative Proportional Fitting (IPF)...
Starting Iterative Proportional Fitting (IPF)...
IPF converged at iteration 53
IPF row error: 1.322102, col error: 0.000000
Starting Iterative Proportional Fitting (IPF)...
IPF converged at iteration 53
IPF row error: 1.322102, col error: 0.000000
Starting Iterative Proportional Fitting (IPF)...
IPF converged at iteration 34
IPF row error: 78.533637, col error: 0.000000
IPF converged at iteration 51
IPF row error: 1.334550, col error: 0.000000
Starting Iterative Proportional Fitting (IPF)...
IPF converged at iteration 53
Starting Iterative Proportional Fitting (IPF)...
IPF row error: 1.322102, col error: 0.000000
Starting Iterative Proportional Fitting (IPF)...
IPF converged at iteration 53
IPF row error: 1.322102, col error: 0.000000
Starting Iterative Proportional Fitting (IPF)...
IPF converged at iteration 33
IPF row error: 97.230593, col error: 0.000000
Starting Iterative Proportional Fitting (IPF)...
IPF converged at iteration 46
IPF row error: 3.982918, col error: 0.000000
Starting Iterative Proportional Fitting (IPF)...
IPF converged at iteration 56
IPF row error: 1.312387, col error: 0.000000
Starting Iterative Proportional Fitting (IPF)...
IPF converged at iteration 29
IPF row error: 193.302549, col error: 0.000000
Starting Iterative Proportional Fitting (IPF)...
IPF converged at iteration 50
IPF row error: 1.577189, col error: 0.000000
Starting Iterative Proportional Fitting (IPF)...
IPF converged at iteration 32
IPF row error: 125.659642, col error: 0.000000
Starting Iterative Proportional Fitting (IPF)...
IPF converged at iteration 50
IPF row error: 1.577189, col error: 0.000000
Starting Iterative Proportional Fitting (IPF)...
IPF converged at iteration 56
IPF row error: 1.312387, col error: 0.000000
IPF converged at iteration 49
IPF row error: 1.993725, col error: 0.000000
Starting Iterative Proportional Fitting (IPF)...
Starting Iterative Proportional Fitting (IPF)...
IPF converged at iteration 49
IPF row error: 1.993725, col error: 0.000000
Starting Iterative Proportional Fitting (IPF)...
IPF converged at iteration 33
IPF row error: 97.729224, col error: 0.000000
Starting Iterative Proportional Fitting (IPF)...
IPF converged at iteration 34
IPF row error: 81.141854, col error: 0.000000
Starting Iterative Proportional Fitting (IPF)...
IPF converged at iteration 56
IPF row error: 1.311888, col error: 0.000000
Starting Iterative Proportional Fitting (IPF)...
IPF converged at iteration 33
IPF row error: 97.166743, col error: 0.000000
Starting Iterative Proportional Fitting (IPF)...
IPF converged at iteration 56
IPF row error: 1.309048, col error: 0.000000
IPF converged at iteration 50
IPF row error: 1.577189, col error: 0.000000
Starting Iterative Proportional Fitting (IPF)...
Starting Iterative Proportional Fitting (IPF)...
IPF converged at iteration 34
IPF row error: 72.460336, col error: 0.000000
IPF converged at iteration 32
IPF converged at iteration 56
IPF row error: 93.580606, col error: 0.000000
IPF row error: 1.309048, col error: 0.000000
Starting Iterative Proportional Fitting (IPF)...
Starting Iterative Proportional Fitting (IPF)...
Starting Iterative Proportional Fitting (IPF)...
IPF converged at iteration 56
IPF row error: 1.309048, col error: 0.000000
Starting Iterative Proportional Fitting (IPF)...
IPF converged at iteration 30
IPF row error: 45.332967, col error: 0.000000
  [2023/test] 진행 1170/1750 (66.9%) | 누적 CPC 0.4870 | RMSE 678.1387 | %RMSE 9.6156 | 경과 16.9분 | 예상 남음 8.4분
Starting Iterative Proportional Fitting (IPF)...
IPF converged at iteration 50
IPF row error: 1.577189, col error: 0.000000
Starting Iterative Proportional Fitting (IPF)...
IPF converged at iteration 56
IPF row error: 1.309048, col error: 0.000000
Starting Iterative Proportional Fitting (IPF)...
IPF converged at iteration 57
IPF row error: 1.304332, col error: 0.000000
IPF converged at iteration 56
IPF row error: 1.312387, col error: 0.000000
Starting Iterative Proportional Fitting (IPF)...
IPF converged at iteration 29
IPF row error: 68.956347, col error: 0.000000
Starting Iterative Proportional Fitting (IPF)...
Starting Iterative Proportional Fitting (IPF)...
IPF converged at iteration 56
IPF row error: 1.309048, col error: 0.000000
Starting Iterative Proportional Fitting (IPF)...
IPF converged at iteration 49
IPF row error: 1.993725, col error: 0.000000
Starting Iterative Proportional Fitting (IPF)...
IPF converged at iteration 49
IPF row error: 1.993725, col error: 0.000000
IPF converged at iteration 30
IPF row error: 171.012813, col error: 0.000000
Starting Iterative Proportional Fitting (IPF)...
IPF converged at iteration 56
IPF row error: 1.309048, col error: 0.000000
Starting Iterative Proportional Fitting (IPF)...
Starting Iterative Proportional Fitting (IPF)...
IPF converged at iteration 28
IPF row error: 209.203903, col error: 0.000000
Starting Iterative Proportional Fitting (IPF)...
IPF converged at iteration 49
IPF row error: 1.993725, col error: 0.000000
IPF converged at iteration 49
IPF converged at iteration 56
IPF row error: 1.993725, col error: 0.000000
IPF row error: 1.311888, col error: 0.000000
Starting Iterative Proportional Fitting (IPF)...
Starting Iterative Proportional Fitting (IPF)...
Starting Iterative Proportional Fitting (IPF)...
IPF converged at iteration 28
IPF row error: 208.522404, col error: 0.000000
Starting Iterative Proportional Fitting (IPF)...
IPF converged at iteration 31
IPF converged at iteration 34
IPF converged at iteration 50
IPF row error: 161.077291, col error: 0.000000
IPF row error: 82.283664, col error: 0.000000
IPF row error: 1.577189, col error: 0.000000
Starting Iterative Proportional Fitting (IPF)...
Starting Iterative Proportional Fitting (IPF)...Starting Iterative Proportional Fitting (IPF)...

IPF converged at iteration 49
IPF row error: 1.993725, col error: 0.000000
Starting Iterative Proportional Fitting (IPF)...
IPF converged at iteration 49
IPF row error: 1.993725, col error: 0.000000
IPF converged at iteration 49
IPF row error: 1.993725, col error: 0.000000
Starting Iterative Proportional Fitting (IPF)...
Starting Iterative Proportional Fitting (IPF)...
IPF converged at iteration 56
IPF row error: 1.312387, col error: 0.000000
Starting Iterative Proportional Fitting (IPF)...
IPF converged at iteration 30
IPF row error: 167.680568, col error: 0.000000
Starting Iterative Proportional Fitting (IPF)...
IPF converged at iteration 50
IPF row error: 1.577189, col error: 0.000000
Starting Iterative Proportional Fitting (IPF)...
IPF converged at iteration 57
IPF row error: 1.304332, col error: 0.000000
Starting Iterative Proportional Fitting (IPF)...
IPF converged at iteration 57
IPF row error: 1.304332, col error: 0.000000
IPF converged at iteration 31
IPF row error: 138.775815, col error: 0.000000
Starting Iterative Proportional Fitting (IPF)...
Starting Iterative Proportional Fitting (IPF)...
IPF converged at iteration 29
IPF row error: 165.664228, col error: 0.000000
Starting Iterative Proportional Fitting (IPF)...
IPF converged at iteration 29
IPF row error: 176.255547, col error: 0.000000
Starting Iterative Proportional Fitting (IPF)...
IPF converged at iteration 33
IPF row error: 88.946446, col error: 0.000000
  [2023/test] 진행 1200/1750 (68.6%) | 누적 CPC 0.4787 | RMSE 686.3137 | %RMSE 9.7121 | 경과 17.3분 | 예상 남음 7.9분
Starting Iterative Proportional Fitting (IPF)...
IPF converged at iteration 33
IPF row error: 97.409003, col error: 0.000000
IPF converged at iteration 56
IPF row error: 1.312387, col error: 0.000000
Starting Iterative Proportional Fitting (IPF)...
Starting Iterative Proportional Fitting (IPF)...
IPF converged at iteration 29
IPF row error: 201.738345, col error: 0.000000
IPF converged at iteration 33
IPF row error: 87.919900, col error: 0.000000
Starting Iterative Proportional Fitting (IPF)...
Starting Iterative Proportional Fitting (IPF)...
IPF converged at iteration 56
IPF row error: 1.246870, col error: 0.000000
Starting Iterative Proportional Fitting (IPF)...
IPF converged at iteration 56
IPF row error: 1.246870, col error: 0.000000
Starting Iterative Proportional Fitting (IPF)...
IPF converged at iteration 32
IPF row error: 102.641772, col error: 0.000000
Starting Iterative Proportional Fitting (IPF)...
IPF converged at iteration 56
IPF row error: 1.246870, col error: 0.000000
Starting Iterative Proportional Fitting (IPF)...
IPF converged at iteration 56
IPF row error: 1.246870, col error: 0.000000
IPF converged at iteration 51
IPF row error: 1.278777, col error: 0.000000
Starting Iterative Proportional Fitting (IPF)...
IPF converged at iteration 30
IPF row error: 182.076894, col error: 0.000000
Starting Iterative Proportional Fitting (IPF)...
Starting Iterative Proportional Fitting (IPF)...
IPF converged at iteration 34
IPF row error: 85.101850, col error: 0.000000
Starting Iterative Proportional Fitting (IPF)...
IPF converged at iteration 29
IPF row error: 204.484304, col error: 0.000000
Starting Iterative Proportional Fitting (IPF)...
IPF converged at iteration 56
IPF row error: 1.246870, col error: 0.000000
IPF converged at iteration 56
IPF row error: 1.246870, col error: 0.000000
Starting Iterative Proportional Fitting (IPF)...
Starting Iterative Proportional Fitting (IPF)...
IPF converged at iteration 33
IPF row error: 81.966357, col error: 0.000000
Starting Iterative Proportional Fitting (IPF)...
IPF converged at iteration 56
IPF row error: 1.246870, col error: 0.000000
Starting Iterative Proportional Fitting (IPF)...
IPF converged at iteration 34
IPF converged at iteration 31
IPF row error: 75.647754, col error: 0.000000
IPF row error: 151.567139, col error: 0.000000
Starting Iterative Proportional Fitting (IPF)...Starting Iterative Proportional Fitting (IPF)...

IPF converged at iteration 31
IPF row error: 136.661793, col error: 0.000000
IPF converged at iteration 56
Starting Iterative Proportional Fitting (IPF)...
IPF row error: 1.246870, col error: 0.000000
IPF converged at iteration 37
Starting Iterative Proportional Fitting (IPF)...
IPF row error: 35.926102, col error: 0.000000
Starting Iterative Proportional Fitting (IPF)...
IPF converged at iteration 56
IPF row error: 1.246870, col error: 0.000000
Starting Iterative Proportional Fitting (IPF)...
IPF converged at iteration 41
IPF row error: 13.574820, col error: 0.000000
Starting Iterative Proportional Fitting (IPF)...
IPF converged at iteration 30
IPF row error: 186.011294, col error: 0.000000
Starting Iterative Proportional Fitting (IPF)...
IPF converged at iteration 56
IPF row error: 1.246870, col error: 0.000000
IPF converged at iteration 56
Starting Iterative Proportional Fitting (IPF)...
IPF row error: 1.246870, col error: 0.000000
Starting Iterative Proportional Fitting (IPF)...
IPF converged at iteration 33
IPF row error: 87.329018, col error: 0.000000
Starting Iterative Proportional Fitting (IPF)...
IPF converged at iteration 33
IPF row error: 92.058487, col error: 0.000000
IPF converged at iteration 33
Starting Iterative Proportional Fitting (IPF)...
IPF row error: 81.035885, col error: 0.000000
  [2023/test] 진행 1230/1750 (70.3%) | 누적 CPC 0.4689 | RMSE 676.5942 | %RMSE 9.6620 | 경과 17.8분 | 예상 남음 7.5분
IPF converged at iteration 56
IPF row error: 1.246870, col error: 0.000000
Starting Iterative Proportional Fitting (IPF)...
Starting Iterative Proportional Fitting (IPF)...
IPF converged at iteration 30
IPF row error: 155.645371, col error: 0.000000
Starting Iterative Proportional Fitting (IPF)...
IPF converged at iteration 33
IPF row error: 94.779263, col error: 0.000000
Starting Iterative Proportional Fitting (IPF)...
IPF converged at iteration 56
IPF row error: 1.246870, col error: 0.000000
Starting Iterative Proportional Fitting (IPF)...
IPF converged at iteration 56
IPF row error: 1.246870, col error: 0.000000
Starting Iterative Proportional Fitting (IPF)...
IPF converged at iteration 56
IPF row error: 1.246870, col error: 0.000000
Starting Iterative Proportional Fitting (IPF)...
IPF converged at iteration 56
IPF row error: 1.246870, col error: 0.000000
Starting Iterative Proportional Fitting (IPF)...
IPF converged at iteration 56
IPF row error: 1.246870, col error: 0.000000
Starting Iterative Proportional Fitting (IPF)...
IPF converged at iteration 51
IPF row error: 1.557958, col error: 0.000000
Starting Iterative Proportional Fitting (IPF)...
IPF converged at iteration 30
IPF row error: 165.504028, col error: 0.000000
Starting Iterative Proportional Fitting (IPF)...
IPF converged at iteration 33
IPF row error: 107.509076, col error: 0.000000
IPF converged at iteration 56
IPF row error: 1.246870, col error: 0.000000
Starting Iterative Proportional Fitting (IPF)...
Starting Iterative Proportional Fitting (IPF)...
IPF converged at iteration 56
IPF row error: 1.246870, col error: 0.000000
Starting Iterative Proportional Fitting (IPF)...
IPF converged at iteration 56
IPF row error: 1.246870, col error: 0.000000
Starting Iterative Proportional Fitting (IPF)...
IPF converged at iteration 40
IPF row error: 16.687730, col error: 0.000000
Starting Iterative Proportional Fitting (IPF)...
IPF converged at iteration 56
IPF row error: 1.246870, col error: 0.000000
Starting Iterative Proportional Fitting (IPF)...
IPF converged at iteration 56
IPF row error: 1.246870, col error: 0.000000
Starting Iterative Proportional Fitting (IPF)...
IPF converged at iteration 34
IPF row error: 72.408923, col error: 0.000000
Starting Iterative Proportional Fitting (IPF)...
IPF converged at iteration 56
IPF row error: 1.246870, col error: 0.000000
Starting Iterative Proportional Fitting (IPF)...
IPF converged at iteration 30
IPF row error: 152.125706, col error: 0.000000
Starting Iterative Proportional Fitting (IPF)...
IPF converged at iteration 56
IPF row error: 1.246870, col error: 0.000000
Starting Iterative Proportional Fitting (IPF)...
IPF converged at iteration 36
IPF row error: 52.355878, col error: 0.000000
Starting Iterative Proportional Fitting (IPF)...
IPF converged at iteration 48
IPF row error: 2.402030, col error: 0.000000
Starting Iterative Proportional Fitting (IPF)...
IPF converged at iteration 31
IPF row error: 142.890895, col error: 0.000000
Starting Iterative Proportional Fitting (IPF)...
IPF converged at iteration 33
IPF row error: 93.497671, col error: 0.000000
IPF converged at iteration 53
Starting Iterative Proportional Fitting (IPF)...
IPF row error: 1.336365, col error: 0.000000
Starting Iterative Proportional Fitting (IPF)...
IPF converged at iteration 29
IPF row error: 189.099840, col error: 0.000000
Starting Iterative Proportional Fitting (IPF)...
IPF converged at iteration 33
IPF row error: 100.650042, col error: 0.000000
Starting Iterative Proportional Fitting (IPF)...
IPF converged at iteration 30
IPF row error: 180.378010, col error: 0.000000
Starting Iterative Proportional Fitting (IPF)...
IPF converged at iteration 48
IPF row error: 2.438957, col error: 0.000000
  [2023/test] 진행 1260/1750 (72.0%) | 누적 CPC 0.4605 | RMSE 672.7986 | %RMSE 9.6537 | 경과 18.2분 | 예상 남음 7.1분
Starting Iterative Proportional Fitting (IPF)...
IPF converged at iteration 48
IPF row error: 2.438957, col error: 0.000000
Starting Iterative Proportional Fitting (IPF)...
IPF converged at iteration 53
IPF row error: 1.336005, col error: 0.000000
IPF converged at iteration 48
IPF row error: 2.498296, col error: 0.000000
Starting Iterative Proportional Fitting (IPF)...
IPF converged at iteration 36
IPF row error: 49.250797, col error: 0.000000
Starting Iterative Proportional Fitting (IPF)...
Starting Iterative Proportional Fitting (IPF)...
IPF converged at iteration 44
IPF row error: 6.161663, col error: 0.000000
Starting Iterative Proportional Fitting (IPF)...
IPF converged at iteration 34
IPF row error: 80.683676, col error: 0.000000
Starting Iterative Proportional Fitting (IPF)...
IPF converged at iteration 33
IPF row error: 104.050306, col error: 0.000000
Starting Iterative Proportional Fitting (IPF)...
IPF converged at iteration 54
IPF converged at iteration 30
IPF row error: 1.239352, col error: 0.000000
IPF row error: 194.878711, col error: 0.000000
Starting Iterative Proportional Fitting (IPF)...
Starting Iterative Proportional Fitting (IPF)...
IPF converged at iteration 33
IPF row error: 89.976350, col error: 0.000000
Starting Iterative Proportional Fitting (IPF)...
IPF converged at iteration 33
IPF row error: 100.375131, col error: 0.000000
IPF converged at iteration 54
IPF row error: 1.307541, col error: 0.000000
Starting Iterative Proportional Fitting (IPF)...
Starting Iterative Proportional Fitting (IPF)...
IPF converged at iteration 35
IPF row error: 62.710722, col error: 0.000000
IPF converged at iteration 53
Starting Iterative Proportional Fitting (IPF)...
IPF row error: 1.329633, col error: 0.000000
Starting Iterative Proportional Fitting (IPF)...
IPF converged at iteration 31
IPF row error: 145.603543, col error: 0.000000
Starting Iterative Proportional Fitting (IPF)...
IPF converged at iteration 34
IPF row error: 77.449714, col error: 0.000000
IPF converged at iteration 54
Starting Iterative Proportional Fitting (IPF)...
IPF row error: 1.307541, col error: 0.000000
Starting Iterative Proportional Fitting (IPF)...
IPF converged at iteration 53
IPF row error: 1.334949, col error: 0.000000
Starting Iterative Proportional Fitting (IPF)...
IPF converged at iteration 48
IPF row error: 2.403416, col error: 0.000000
IPF converged at iteration 35
IPF row error: 60.857686, col error: 0.000000
Starting Iterative Proportional Fitting (IPF)...
IPF converged at iteration 33
IPF row error: 88.988433, col error: 0.000000
Starting Iterative Proportional Fitting (IPF)...
Starting Iterative Proportional Fitting (IPF)...
IPF converged at iteration 34
IPF row error: 73.000581, col error: 0.000000
IPF converged at iteration 54
Starting Iterative Proportional Fitting (IPF)...
IPF row error: 1.239352, col error: 0.000000
Starting Iterative Proportional Fitting (IPF)...
IPF converged at iteration 53
IPF converged at iteration 59
IPF row error: 1.226098, col error: 0.000000
IPF row error: 1.243888, col error: 0.000000
Starting Iterative Proportional Fitting (IPF)...Starting Iterative Proportional Fitting (IPF)...

IPF converged at iteration 48
IPF converged at iteration 45
IPF row error: 2.460982, col error: 0.000000
IPF row error: 4.735882, col error: 0.000000
Starting Iterative Proportional Fitting (IPF)...
Starting Iterative Proportional Fitting (IPF)...
IPF converged at iteration 34
IPF row error: 78.713318, col error: 0.000000
Starting Iterative Proportional Fitting (IPF)...
IPF converged at iteration 54
IPF row error: 1.239352, col error: 0.000000
Starting Iterative Proportional Fitting (IPF)...
IPF converged at iteration 30
IPF row error: 183.778819, col error: 0.000000
  [2023/test] 진행 1290/1750 (73.7%) | 누적 CPC 0.4564 | RMSE 676.1615 | %RMSE 9.7177 | 경과 18.7분 | 예상 남음 6.7분
Starting Iterative Proportional Fitting (IPF)...
IPF converged at iteration 34
IPF row error: 71.264905, col error: 0.000000
Starting Iterative Proportional Fitting (IPF)...
IPF converged at iteration 59
IPF row error: 1.305455, col error: 0.000000
Starting Iterative Proportional Fitting (IPF)...
IPF converged at iteration 53
IPF row error: 1.215204, col error: 0.000000
IPF converged at iteration 48
IPF row error: 2.498296, col error: 0.000000
Starting Iterative Proportional Fitting (IPF)...
Starting Iterative Proportional Fitting (IPF)...
IPF converged at iteration 48
IPF row error: 2.402030, col error: 0.000000
Starting Iterative Proportional Fitting (IPF)...
IPF converged at iteration 45
IPF row error: 4.833439, col error: 0.000000
Starting Iterative Proportional Fitting (IPF)...
IPF converged at iteration 53
IPF row error: 1.336365, col error: 0.000000
Starting Iterative Proportional Fitting (IPF)...
IPF converged at iteration 59
IPF row error: 1.243888, col error: 0.000000
Starting Iterative Proportional Fitting (IPF)...
IPF converged at iteration 53
IPF row error: 1.337574, col error: 0.000000
Starting Iterative Proportional Fitting (IPF)...
IPF converged at iteration 53
IPF row error: 1.216937, col error: 0.000000
Starting Iterative Proportional Fitting (IPF)...
IPF converged at iteration 30
IPF row error: 168.695861, col error: 0.000000
Starting Iterative Proportional Fitting (IPF)...
IPF converged at iteration 31
IPF row error: 170.160651, col error: 0.000000
Starting Iterative Proportional Fitting (IPF)...
IPF converged at iteration 56
IPF row error: 1.257901, col error: 0.000000
Starting Iterative Proportional Fitting (IPF)...
IPF converged at iteration 32
IPF row error: 125.737774, col error: 0.000000
Starting Iterative Proportional Fitting (IPF)...
IPF converged at iteration 50
IPF row error: 1.635125, col error: 0.000000
Starting Iterative Proportional Fitting (IPF)...
IPF converged at iteration 50
IPF row error: 1.635125, col error: 0.000000
Starting Iterative Proportional Fitting (IPF)...
IPF converged at iteration 32
IPF row error: 120.715192, col error: 0.000000
Starting Iterative Proportional Fitting (IPF)...
IPF converged at iteration 50
IPF row error: 1.635125, col error: 0.000000
Starting Iterative Proportional Fitting (IPF)...
IPF converged at iteration 50
IPF row error: 1.654428, col error: 0.000000
Starting Iterative Proportional Fitting (IPF)...
IPF converged at iteration 32
IPF row error: 116.744566, col error: 0.000000
IPF converged at iteration 57
Starting Iterative Proportional Fitting (IPF)...
IPF row error: 1.278466, col error: 0.000000
Starting Iterative Proportional Fitting (IPF)...
IPF converged at iteration 56
IPF row error: 1.262333, col error: 0.000000
Starting Iterative Proportional Fitting (IPF)...
IPF converged at iteration 50
IPF row error: 1.654428, col error: 0.000000
Starting Iterative Proportional Fitting (IPF)...
IPF converged at iteration 34
IPF row error: 76.906817, col error: 0.000000
Starting Iterative Proportional Fitting (IPF)...
IPF converged at iteration 50
IPF row error: 1.635125, col error: 0.000000
Starting Iterative Proportional Fitting (IPF)...
IPF converged at iteration 56
IPF row error: 1.257901, col error: 0.000000
Starting Iterative Proportional Fitting (IPF)...
IPF converged at iteration 31
IPF row error: 134.156586, col error: 0.000000
Starting Iterative Proportional Fitting (IPF)...
IPF converged at iteration 34
IPF row error: 86.105523, col error: 0.000000
Starting Iterative Proportional Fitting (IPF)...
IPF converged at iteration 38
IPF row error: 31.655682, col error: 0.000000
IPF converged at iteration 50
IPF row error: 1.654428, col error: 0.000000
  [2023/test] 진행 1320/1750 (75.4%) | 누적 CPC 0.4501 | RMSE 688.3955 | %RMSE 9.8010 | 경과 19.1분 | 예상 남음 6.2분
Starting Iterative Proportional Fitting (IPF)...
Starting Iterative Proportional Fitting (IPF)...
IPF converged at iteration 50
IPF row error: 1.635125, col error: 0.000000
IPF converged at iteration 33
IPF row error: 102.323430, col error: 0.000000
Starting Iterative Proportional Fitting (IPF)...
Starting Iterative Proportional Fitting (IPF)...
IPF converged at iteration 31
IPF row error: 148.970573, col error: 0.000000
IPF converged at iteration 37
Starting Iterative Proportional Fitting (IPF)...
IPF row error: 39.183303, col error: 0.000000
Starting Iterative Proportional Fitting (IPF)...
IPF converged at iteration 29
IPF row error: 207.266787, col error: 0.000000
Starting Iterative Proportional Fitting (IPF)...
IPF converged at iteration 56
IPF converged at iteration 33
IPF row error: 1.257901, col error: 0.000000
IPF row error: 94.860080, col error: 0.000000
Starting Iterative Proportional Fitting (IPF)...
Starting Iterative Proportional Fitting (IPF)...
IPF converged at iteration 32
IPF row error: 134.532692, col error: 0.000000
IPF converged at iteration 50
Starting Iterative Proportional Fitting (IPF)...
IPF row error: 1.654428, col error: 0.000000
Starting Iterative Proportional Fitting (IPF)...
IPF converged at iteration 31
IPF row error: 152.462013, col error: 0.000000
Starting Iterative Proportional Fitting (IPF)...
IPF converged at iteration 33
IPF row error: 100.108930, col error: 0.000000
Starting Iterative Proportional Fitting (IPF)...
IPF converged at iteration 33
IPF row error: 105.795459, col error: 0.000000
Starting Iterative Proportional Fitting (IPF)...
IPF converged at iteration 56
IPF row error: 1.257901, col error: 0.000000
Starting Iterative Proportional Fitting (IPF)...
IPF converged at iteration 29
IPF row error: 167.093633, col error: 0.000000
Starting Iterative Proportional Fitting (IPF)...
IPF converged at iteration 50
IPF row error: 1.654428, col error: 0.000000
Starting Iterative Proportional Fitting (IPF)...
IPF converged at iteration 33
IPF row error: 98.029201, col error: 0.000000
Starting Iterative Proportional Fitting (IPF)...
IPF converged at iteration 57
IPF row error: 1.278466, col error: 0.000000
Starting Iterative Proportional Fitting (IPF)...
IPF converged at iteration 37
IPF row error: 39.714289, col error: 0.000000
Starting Iterative Proportional Fitting (IPF)...
IPF converged at iteration 33
IPF row error: 98.684491, col error: 0.000000
Starting Iterative Proportional Fitting (IPF)...
IPF converged at iteration 50
IPF row error: 1.654428, col error: 0.000000
Starting Iterative Proportional Fitting (IPF)...
IPF converged at iteration 50
IPF row error: 1.654428, col error: 0.000000
Starting Iterative Proportional Fitting (IPF)...
IPF converged at iteration 32
IPF row error: 111.085132, col error: 0.000000
Starting Iterative Proportional Fitting (IPF)...
IPF converged at iteration 50
IPF converged at iteration 31
IPF row error: 1.654428, col error: 0.000000
IPF row error: 148.394533, col error: 0.000000
Starting Iterative Proportional Fitting (IPF)...
Starting Iterative Proportional Fitting (IPF)...
IPF converged at iteration 31
IPF row error: 130.885271, col error: 0.000000
Starting Iterative Proportional Fitting (IPF)...
IPF converged at iteration 56
IPF row error: 1.269978, col error: 0.000000
IPF converged at iteration 50
IPF row error: 1.654428, col error: 0.000000
Starting Iterative Proportional Fitting (IPF)...
Starting Iterative Proportional Fitting (IPF)...
IPF converged at iteration 50
IPF row error: 1.654428, col error: 0.000000
Starting Iterative Proportional Fitting (IPF)...
IPF converged at iteration 31
IPF row error: 150.223115, col error: 0.000000
Starting Iterative Proportional Fitting (IPF)...
IPF converged at iteration 7
IPF row error: 53.047516, col error: 0.000000
  [2023/test] 진행 1350/1750 (77.1%) | 누적 CPC 0.4426 | RMSE 732.0672 | %RMSE 10.1375 | 경과 19.5분 | 예상 남음 5.8분
Starting Iterative Proportional Fitting (IPF)...
IPF converged at iteration 33
IPF row error: 95.760273, col error: 0.000000
Starting Iterative Proportional Fitting (IPF)...
IPF converged at iteration 53
IPF row error: 1.191233, col error: 0.000000
IPF converged at iteration 7
IPF row error: 53.047516, col error: 0.000000
IPF converged at iteration 56
IPF row error: 1.262333, col error: 0.000000
Starting Iterative Proportional Fitting (IPF)...
Starting Iterative Proportional Fitting (IPF)...
Starting Iterative Proportional Fitting (IPF)...
IPF converged at iteration 7
IPF row error: 66.555326, col error: 0.000000
Starting Iterative Proportional Fitting (IPF)...
IPF converged at iteration 7
IPF row error: 53.877967, col error: 0.000000
Starting Iterative Proportional Fitting (IPF)...
IPF converged at iteration 46
IPF row error: 4.460221, col error: 0.000000
Starting Iterative Proportional Fitting (IPF)...
IPF converged at iteration 30
IPF row error: 154.986517, col error: 0.000000
IPF converged at iteration 33
IPF row error: 89.895557, col error: 0.000000
IPF converged at iteration 7
Starting Iterative Proportional Fitting (IPF)...
IPF row error: 53.487127, col error: 0.000000
Starting Iterative Proportional Fitting (IPF)...
Starting Iterative Proportional Fitting (IPF)...
IPF converged at iteration 31
IPF row error: 113.742772, col error: 0.000000
IPF converged at iteration 51
IPF row error: 1.236549, col error: 0.000000
Starting Iterative Proportional Fitting (IPF)...
Starting Iterative Proportional Fitting (IPF)...
IPF converged at iteration 51
IPF row error: 1.212801, col error: 0.000000
IPF converged at iteration 53
IPF row error: 1.191233, col error: 0.000000
Starting Iterative Proportional Fitting (IPF)...
Starting Iterative Proportional Fitting (IPF)...
IPF converged at iteration 33
IPF row error: 32.481143, col error: 0.000000
IPF converged at iteration 32
IPF row error: 142.272600, col error: 0.000000
IPF converged at iteration 51
IPF row error: 1.236549, col error: 0.000000
Starting Iterative Proportional Fitting (IPF)...
Starting Iterative Proportional Fitting (IPF)...
Starting Iterative Proportional Fitting (IPF)...
IPF converged at iteration 62
IPF converged at iteration 7
IPF row error: 1.214500, col error: 0.000000
IPF row error: 52.988875, col error: 0.000000
Starting Iterative Proportional Fitting (IPF)...
Starting Iterative Proportional Fitting (IPF)...
IPF converged at iteration 31
IPF row error: 142.303901, col error: 0.000000
Starting Iterative Proportional Fitting (IPF)...
IPF converged at iteration 31
IPF converged at iteration 31
IPF row error: 133.628019, col error: 0.000000
IPF row error: 153.120057, col error: 0.000000
Starting Iterative Proportional Fitting (IPF)...
Starting Iterative Proportional Fitting (IPF)...
IPF converged at iteration 51
IPF row error: 1.212685, col error: 0.000000
IPF converged at iteration 7
Starting Iterative Proportional Fitting (IPF)...IPF row error: 53.446510, col error: 0.000000

Starting Iterative Proportional Fitting (IPF)...
IPF converged at iteration 7
IPF row error: 55.591899, col error: 0.000000
IPF converged at iteration 31
IPF row error: 141.917638, col error: 0.000000Starting Iterative Proportional Fitting (IPF)...

Starting Iterative Proportional Fitting (IPF)...
IPF converged at iteration 7
IPF row error: 53.047516, col error: 0.000000
Starting Iterative Proportional Fitting (IPF)...
IPF converged at iteration 30
IPF row error: 63.916614, col error: 0.000000
IPF converged at iteration 7
IPF row error: 56.848753, col error: 0.000000
Starting Iterative Proportional Fitting (IPF)...
Starting Iterative Proportional Fitting (IPF)...
IPF converged at iteration 53
IPF row error: 1.191233, col error: 0.000000
  [2023/test] 진행 1380/1750 (78.9%) | 누적 CPC 0.4376 | RMSE 981.2116 | %RMSE 12.6246 | 경과 19.8분 | 예상 남음 5.3분
Starting Iterative Proportional Fitting (IPF)...
IPF converged at iteration 31
IPF row error: 125.348463, col error: 0.000000
Starting Iterative Proportional Fitting (IPF)...
IPF converged at iteration 7
IPF row error: 53.047516, col error: 0.000000
Starting Iterative Proportional Fitting (IPF)...
IPF converged at iteration 30
IPF row error: 161.046487, col error: 0.000000
Starting Iterative Proportional Fitting (IPF)...
IPF converged at iteration 32
IPF row error: 196.070624, col error: 0.000000
Starting Iterative Proportional Fitting (IPF)...
IPF converged at iteration 53
IPF row error: 1.259602, col error: 0.000000
Starting Iterative Proportional Fitting (IPF)...
IPF converged at iteration 28
IPF row error: 137.918318, col error: 0.000000
Starting Iterative Proportional Fitting (IPF)...
IPF converged at iteration 31
IPF row error: 170.308254, col error: 0.000000
Starting Iterative Proportional Fitting (IPF)...
IPF converged at iteration 51
IPF row error: 1.212801, col error: 0.000000
Starting Iterative Proportional Fitting (IPF)...
IPF converged at iteration 62
IPF row error: 1.293700, col error: 0.000000
Starting Iterative Proportional Fitting (IPF)...
IPF converged at iteration 9
IPF row error: 2.097311, col error: 0.000000
IPF converged at iteration 51
IPF row error: 1.244865, col error: 0.000000
IPF converged at iteration 62
IPF row error: 1.220664, col error: 0.000000
Starting Iterative Proportional Fitting (IPF)...
Starting Iterative Proportional Fitting (IPF)...
Starting Iterative Proportional Fitting (IPF)...
IPF converged at iteration 35
IPF row error: 59.449840, col error: 0.000000
Starting Iterative Proportional Fitting (IPF)...
IPF converged at iteration 51
IPF row error: 1.236549, col error: 0.000000
Starting Iterative Proportional Fitting (IPF)...
IPF converged at iteration 62
IPF converged at iteration 62
IPF row error: 1.250047, col error: 0.000000
IPF row error: 1.250047, col error: 0.000000
Starting Iterative Proportional Fitting (IPF)...
Starting Iterative Proportional Fitting (IPF)...
IPF converged at iteration 51
IPF row error: 1.236549, col error: 0.000000
Starting Iterative Proportional Fitting (IPF)...
IPF converged at iteration 33
IPF row error: 103.723089, col error: 0.000000
Starting Iterative Proportional Fitting (IPF)...
IPF converged at iteration 62
IPF row error: 1.220664, col error: 0.000000
Starting Iterative Proportional Fitting (IPF)...
IPF converged at iteration 53
IPF row error: 1.259602, col error: 0.000000
Starting Iterative Proportional Fitting (IPF)...
IPF converged at iteration 31
IPF row error: 131.225952, col error: 0.000000
IPF converged at iteration 44
IPF row error: 5.921348, col error: 0.000000
Starting Iterative Proportional Fitting (IPF)...
Starting Iterative Proportional Fitting (IPF)...
IPF converged at iteration 40
IPF converged at iteration 55
IPF row error: 15.264356, col error: 0.000000
IPF row error: 1.345883, col error: 0.000000
Starting Iterative Proportional Fitting (IPF)...
Starting Iterative Proportional Fitting (IPF)...
IPF converged at iteration 31
IPF converged at iteration 29
IPF row error: 136.316263, col error: 0.000000
IPF row error: 205.893816, col error: 0.000000
Starting Iterative Proportional Fitting (IPF)...
Starting Iterative Proportional Fitting (IPF)...
IPF converged at iteration 40
IPF row error: 15.596221, col error: 0.000000
Starting Iterative Proportional Fitting (IPF)...
IPF converged at iteration 34
IPF row error: 72.824099, col error: 0.000000
Starting Iterative Proportional Fitting (IPF)...
IPF converged at iteration 55
IPF row error: 1.363835, col error: 0.000000
IPF converged at iteration 40
IPF row error: 15.405886, col error: 0.000000
  [2023/test] 진행 1410/1750 (80.6%) | 누적 CPC 0.4336 | RMSE 1048.6577 | %RMSE 13.1874 | 경과 20.4분 | 예상 남음 4.9분
Starting Iterative Proportional Fitting (IPF)...
Starting Iterative Proportional Fitting (IPF)...
IPF converged at iteration 40
IPF row error: 15.460101, col error: 0.000000
Starting Iterative Proportional Fitting (IPF)...
IPF converged at iteration 34
IPF row error: 77.556475, col error: 0.000000
IPF converged at iteration 31
IPF row error: 133.162929, col error: 0.000000
Starting Iterative Proportional Fitting (IPF)...
IPF converged at iteration 29
Starting Iterative Proportional Fitting (IPF)...
IPF row error: 192.498997, col error: 0.000000
Starting Iterative Proportional Fitting (IPF)...
IPF converged at iteration 40
IPF row error: 15.549178, col error: 0.000000
IPF converged at iteration 32
IPF row error: 97.446761, col error: 0.000000
IPF converged at iteration 30
IPF row error: 158.537730, col error: 0.000000
Starting Iterative Proportional Fitting (IPF)...
Starting Iterative Proportional Fitting (IPF)...
Starting Iterative Proportional Fitting (IPF)...
IPF converged at iteration 44
IPF row error: 5.936118, col error: 0.000000
Starting Iterative Proportional Fitting (IPF)...
IPF converged at iteration 31
IPF row error: 141.713844, col error: 0.000000
Starting Iterative Proportional Fitting (IPF)...
IPF converged at iteration 31
IPF row error: 157.022082, col error: 0.000000
Starting Iterative Proportional Fitting (IPF)...
IPF converged at iteration 55
IPF row error: 1.344508, col error: 0.000000
IPF converged at iteration 40Starting Iterative Proportional Fitting (IPF)...

IPF row error: 15.272839, col error: 0.000000
Starting Iterative Proportional Fitting (IPF)...
IPF converged at iteration 30
IPF row error: 208.972072, col error: 0.000000
Starting Iterative Proportional Fitting (IPF)...
IPF converged at iteration 40
IPF row error: 15.549178, col error: 0.000000
Starting Iterative Proportional Fitting (IPF)...
IPF converged at iteration 33
IPF row error: 89.425481, col error: 0.000000
Starting Iterative Proportional Fitting (IPF)...
IPF converged at iteration 40
IPF row error: 15.510152, col error: 0.000000
Starting Iterative Proportional Fitting (IPF)...
IPF converged at iteration 40
IPF row error: 15.434149, col error: 0.000000
Starting Iterative Proportional Fitting (IPF)...
IPF converged at iteration 44
IPF row error: 5.921348, col error: 0.000000
Starting Iterative Proportional Fitting (IPF)...
IPF converged at iteration 40
IPF row error: 15.264356, col error: 0.000000
Starting Iterative Proportional Fitting (IPF)...
IPF converged at iteration 29
IPF row error: 183.407496, col error: 0.000000
Starting Iterative Proportional Fitting (IPF)...
IPF converged at iteration 40
IPF row error: 15.630921, col error: 0.000000
Starting Iterative Proportional Fitting (IPF)...
IPF converged at iteration 39
IPF row error: 21.745201, col error: 0.000000
Starting Iterative Proportional Fitting (IPF)...
IPF converged at iteration 33
IPF row error: 90.462788, col error: 0.000000
Starting Iterative Proportional Fitting (IPF)...
IPF converged at iteration 34
IPF row error: 74.879260, col error: 0.000000
IPF converged at iteration 40
IPF row error: 15.388833, col error: 0.000000
Starting Iterative Proportional Fitting (IPF)...
Starting Iterative Proportional Fitting (IPF)...
IPF converged at iteration 26
IPF row error: 138.225682, col error: 0.000000
Starting Iterative Proportional Fitting (IPF)...
IPF converged at iteration 32
IPF converged at iteration 50
IPF row error: 114.614160, col error: 0.000000
IPF row error: 5.324869, col error: 0.000000
Starting Iterative Proportional Fitting (IPF)...
Starting Iterative Proportional Fitting (IPF)...
IPF converged at iteration 44
IPF row error: 5.933800, col error: 0.000000
Starting Iterative Proportional Fitting (IPF)...
IPF converged at iteration 31
IPF row error: 128.639034, col error: 0.000000
  [2023/test] 진행 1440/1750 (82.3%) | 누적 CPC 0.4304 | RMSE 1060.8184 | %RMSE 13.2273 | 경과 21.1분 | 예상 남음 4.5분
Starting Iterative Proportional Fitting (IPF)...
IPF converged at iteration 32
IPF row error: 114.726855, col error: 0.000000
Starting Iterative Proportional Fitting (IPF)...
IPF converged at iteration 44
IPF row error: 5.935418, col error: 0.000000
Starting Iterative Proportional Fitting (IPF)...
IPF converged at iteration 30
IPF row error: 175.653904, col error: 0.000000
Starting Iterative Proportional Fitting (IPF)...
IPF converged at iteration 30
IPF row error: 178.854637, col error: 0.000000
IPF converged at iteration 55
IPF row error: 1.334548, col error: 0.000000
Starting Iterative Proportional Fitting (IPF)...
Starting Iterative Proportional Fitting (IPF)...
IPF converged at iteration 31
IPF row error: 124.401199, col error: 0.000000
Starting Iterative Proportional Fitting (IPF)...
IPF converged at iteration 33
IPF row error: 104.123783, col error: 0.000000
Starting Iterative Proportional Fitting (IPF)...
IPF converged at iteration 33
IPF converged at iteration 31
IPF row error: 88.477807, col error: 0.000000
IPF row error: 157.276941, col error: 0.000000
Starting Iterative Proportional Fitting (IPF)...
Starting Iterative Proportional Fitting (IPF)...
IPF converged at iteration 40
IPF row error: 15.405886, col error: 0.000000
IPF converged at iteration 33
IPF row error: 86.595958, col error: 0.000000
Starting Iterative Proportional Fitting (IPF)...
Starting Iterative Proportional Fitting (IPF)...
IPF converged at iteration 44
IPF row error: 6.067018, col error: 0.000000
Starting Iterative Proportional Fitting (IPF)...
IPF converged at iteration 51
IPF converged at iteration 33
IPF row error: 1.339433, col error: 0.000000
IPF row error: 92.443297, col error: 0.000000
IPF converged at iteration 33
Starting Iterative Proportional Fitting (IPF)...
IPF row error: 93.048527, col error: 0.000000
Starting Iterative Proportional Fitting (IPF)...
Starting Iterative Proportional Fitting (IPF)...
IPF converged at iteration 34
IPF row error: 83.112482, col error: 0.000000
Starting Iterative Proportional Fitting (IPF)...
IPF converged at iteration 31
IPF row error: 139.111849, col error: 0.000000
Starting Iterative Proportional Fitting (IPF)...
IPF converged at iteration 51
IPF row error: 1.342892, col error: 0.000000
Starting Iterative Proportional Fitting (IPF)...
IPF converged at iteration 53
IPF row error: 1.303592, col error: 0.000000
Starting Iterative Proportional Fitting (IPF)...
IPF converged at iteration 32
IPF row error: 103.716753, col error: 0.000000
Starting Iterative Proportional Fitting (IPF)...
IPF converged at iteration 33
IPF row error: 102.664533, col error: 0.000000
Starting Iterative Proportional Fitting (IPF)...
IPF converged at iteration 31
IPF row error: 234.572684, col error: 0.000000
Starting Iterative Proportional Fitting (IPF)...
IPF converged at iteration 30
IPF row error: 168.099257, col error: 0.000000
Starting Iterative Proportional Fitting (IPF)...
IPF converged at iteration 30
IPF row error: 43.766176, col error: 0.000000
Starting Iterative Proportional Fitting (IPF)...
IPF converged at iteration 44
IPF row error: 6.054847, col error: 0.000000
Starting Iterative Proportional Fitting (IPF)...
IPF converged at iteration 44
IPF row error: 6.031393, col error: 0.000000
Starting Iterative Proportional Fitting (IPF)...
IPF converged at iteration 35
IPF row error: 50.088314, col error: 0.000000
IPF converged at iteration 32
IPF row error: 164.272985, col error: 0.000000
Starting Iterative Proportional Fitting (IPF)...
IPF converged at iteration 53
Starting Iterative Proportional Fitting (IPF)...
IPF row error: 1.337398, col error: 0.000000
Starting Iterative Proportional Fitting (IPF)...
IPF converged at iteration 44
IPF row error: 6.007125, col error: 0.000000
  [2023/test] 진행 1470/1750 (84.0%) | 누적 CPC 0.4275 | RMSE 1063.6490 | %RMSE 13.2182 | 경과 21.6분 | 예상 남음 4.1분
IPF converged at iteration 31
IPF row error: 40.750190, col error: 0.000000
Starting Iterative Proportional Fitting (IPF)...
Starting Iterative Proportional Fitting (IPF)...
IPF converged at iteration 53
IPF row error: 1.313114, col error: 0.000000
IPF converged at iteration 53
IPF row error: 1.337398, col error: 0.000000
Starting Iterative Proportional Fitting (IPF)...
Starting Iterative Proportional Fitting (IPF)...
IPF converged at iteration 31
IPF row error: 128.295455, col error: 0.000000
Starting Iterative Proportional Fitting (IPF)...
IPF converged at iteration 51
IPF row error: 1.330920, col error: 0.000000
Starting Iterative Proportional Fitting (IPF)...
IPF converged at iteration 35
IPF row error: 59.470458, col error: 0.000000
Starting Iterative Proportional Fitting (IPF)...
IPF converged at iteration 44
IPF row error: 6.042066, col error: 0.000000
Starting Iterative Proportional Fitting (IPF)...
IPF converged at iteration 44
IPF row error: 6.052637, col error: 0.000000
Starting Iterative Proportional Fitting (IPF)...
IPF converged at iteration 34
IPF converged at iteration 44
IPF row error: 76.973783, col error: 0.000000
IPF row error: 6.007125, col error: 0.000000
Starting Iterative Proportional Fitting (IPF)...
Starting Iterative Proportional Fitting (IPF)...
IPF converged at iteration 53
IPF row error: 1.341159, col error: 0.000000
IPF converged at iteration 30
IPF row error: 58.542729, col error: 0.000000
Starting Iterative Proportional Fitting (IPF)...
Starting Iterative Proportional Fitting (IPF)...
IPF converged at iteration 29
IPF row error: 164.361709, col error: 0.000000
Starting Iterative Proportional Fitting (IPF)...
IPF converged at iteration 44
IPF converged at iteration 31
IPF row error: 6.052630, col error: 0.000000
IPF row error: 127.535339, col error: 0.000000
Starting Iterative Proportional Fitting (IPF)...
IPF converged at iteration 33
Starting Iterative Proportional Fitting (IPF)...
IPF row error: 94.431906, col error: 0.000000
Starting Iterative Proportional Fitting (IPF)...
IPF converged at iteration 28
IPF row error: 196.199458, col error: 0.000000
Starting Iterative Proportional Fitting (IPF)...
IPF converged at iteration 33
IPF row error: 100.064283, col error: 0.000000
Starting Iterative Proportional Fitting (IPF)...
IPF converged at iteration 39
IPF row error: 20.608436, col error: 0.000000
Starting Iterative Proportional Fitting (IPF)...
IPF converged at iteration 53
IPF row error: 1.337398, col error: 0.000000
Starting Iterative Proportional Fitting (IPF)...
IPF converged at iteration 44
IPF row error: 6.030633, col error: 0.000000
Starting Iterative Proportional Fitting (IPF)...
IPF converged at iteration 44
IPF row error: 5.940982, col error: 0.000000
Starting Iterative Proportional Fitting (IPF)...
IPF converged at iteration 44
IPF row error: 6.025300, col error: 0.000000
Starting Iterative Proportional Fitting (IPF)...
IPF converged at iteration 44
IPF row error: 5.940982, col error: 0.000000
IPF converged at iteration 53
IPF row error: 1.303592, col error: 0.000000
Starting Iterative Proportional Fitting (IPF)...
Starting Iterative Proportional Fitting (IPF)...
IPF converged at iteration 31
IPF row error: 127.798807, col error: 0.000000
Starting Iterative Proportional Fitting (IPF)...
IPF converged at iteration 44
IPF row error: 6.021187, col error: 0.000000
Starting Iterative Proportional Fitting (IPF)...
IPF converged at iteration 33
IPF converged at iteration 31
IPF row error: 91.018500, col error: 0.000000
IPF row error: 156.158591, col error: 0.000000
Starting Iterative Proportional Fitting (IPF)...
Starting Iterative Proportional Fitting (IPF)...
IPF converged at iteration 51
IPF row error: 1.338050, col error: 0.000000
  [2023/test] 진행 1500/1750 (85.7%) | 누적 CPC 0.4240 | RMSE 1064.6397 | %RMSE 13.2001 | 경과 22.0분 | 예상 남음 3.7분
IPF converged at iteration 32
Starting Iterative Proportional Fitting (IPF)...
IPF row error: 113.421226, col error: 0.000000
Starting Iterative Proportional Fitting (IPF)...
IPF converged at iteration 50
IPF converged at iteration 50
IPF row error: 1.641585, col error: 0.000000
IPF row error: 1.652757, col error: 0.000000
Starting Iterative Proportional Fitting (IPF)...
Starting Iterative Proportional Fitting (IPF)...
IPF converged at iteration 31
IPF row error: 135.859798, col error: 0.000000
Starting Iterative Proportional Fitting (IPF)...
IPF converged at iteration 50
IPF row error: 1.623403, col error: 0.000000
Starting Iterative Proportional Fitting (IPF)...
IPF converged at iteration 31
IPF row error: 140.550392, col error: 0.000000
Starting Iterative Proportional Fitting (IPF)...
IPF converged at iteration 50
IPF row error: 1.652757, col error: 0.000000
Starting Iterative Proportional Fitting (IPF)...
IPF converged at iteration 50
IPF row error: 1.628553, col error: 0.000000
Starting Iterative Proportional Fitting (IPF)...
IPF converged at iteration 57
IPF row error: 1.374301, col error: 0.000000
IPF converged at iteration 50
IPF row error: 1.608325, col error: 0.000000
Starting Iterative Proportional Fitting (IPF)...
IPF converged at iteration 32
IPF row error: 113.865678, col error: 0.000000
Starting Iterative Proportional Fitting (IPF)...
Starting Iterative Proportional Fitting (IPF)...
IPF converged at iteration 50
IPF row error: 1.672906, col error: 0.000000
Starting Iterative Proportional Fitting (IPF)...
IPF converged at iteration 33
IPF row error: 94.352240, col error: 0.000000
Starting Iterative Proportional Fitting (IPF)...
IPF converged at iteration 50
IPF row error: 1.622034, col error: 0.000000
Starting Iterative Proportional Fitting (IPF)...
IPF converged at iteration 57
IPF row error: 1.343117, col error: 0.000000
Starting Iterative Proportional Fitting (IPF)...
IPF converged at iteration 51
IPF row error: 1.345606, col error: 0.000000
Starting Iterative Proportional Fitting (IPF)...
IPF converged at iteration 50
IPF row error: 1.620236, col error: 0.000000
IPF converged at iteration 25
IPF row error: 120.834937, col error: 0.000000
Starting Iterative Proportional Fitting (IPF)...
IPF converged at iteration 33
Starting Iterative Proportional Fitting (IPF)...
IPF row error: 89.185891, col error: 0.000000
Starting Iterative Proportional Fitting (IPF)...
IPF converged at iteration 30
IPF row error: 171.703544, col error: 0.000000
Starting Iterative Proportional Fitting (IPF)...
IPF converged at iteration 29
IPF row error: 208.879383, col error: 0.000000
Starting Iterative Proportional Fitting (IPF)...
IPF converged at iteration 31
IPF row error: 123.018816, col error: 0.000000
Starting Iterative Proportional Fitting (IPF)...
IPF converged at iteration 50
IPF row error: 1.604334, col error: 0.000000
Starting Iterative Proportional Fitting (IPF)...
IPF converged at iteration 33
IPF row error: 106.185521, col error: 0.000000
IPF converged at iteration 29
IPF row error: 163.202497, col error: 0.000000
Starting Iterative Proportional Fitting (IPF)...
Starting Iterative Proportional Fitting (IPF)...
IPF converged at iteration 31
IPF row error: 157.507792, col error: 0.000000
Starting Iterative Proportional Fitting (IPF)...
IPF converged at iteration 31
IPF row error: 131.894539, col error: 0.000000
Starting Iterative Proportional Fitting (IPF)...
IPF converged at iteration 31
IPF row error: 154.140342, col error: 0.000000
Starting Iterative Proportional Fitting (IPF)...
IPF converged at iteration 31
IPF row error: 149.608409, col error: 0.000000
Starting Iterative Proportional Fitting (IPF)...
IPF converged at iteration 49
IPF row error: 2.027473, col error: 0.000000
  [2023/test] 진행 1530/1750 (87.4%) | 누적 CPC 0.4198 | RMSE 1059.5289 | %RMSE 13.2185 | 경과 22.4분 | 예상 남음 3.2분
Starting Iterative Proportional Fitting (IPF)...
IPF converged at iteration 29
IPF row error: 173.703423, col error: 0.000000
Starting Iterative Proportional Fitting (IPF)...
IPF converged at iteration 34
IPF row error: 75.693841, col error: 0.000000
Starting Iterative Proportional Fitting (IPF)...
IPF converged at iteration 33
IPF row error: 105.294000, col error: 0.000000
Starting Iterative Proportional Fitting (IPF)...
IPF converged at iteration 25
IPF row error: 107.133195, col error: 0.000000
IPF converged at iteration 33
IPF row error: 111.373199, col error: 0.000000
Starting Iterative Proportional Fitting (IPF)...
Starting Iterative Proportional Fitting (IPF)...
IPF converged at iteration 28
IPF row error: 213.749897, col error: 0.000000
IPF converged at iteration 33
IPF row error: 103.494388, col error: 0.000000
Starting Iterative Proportional Fitting (IPF)...
IPF converged at iteration 43
Starting Iterative Proportional Fitting (IPF)...
IPF row error: 8.031426, col error: 0.000000
Starting Iterative Proportional Fitting (IPF)...
IPF converged at iteration 56
IPF row error: 1.294132, col error: 0.000000
Starting Iterative Proportional Fitting (IPF)...
IPF converged at iteration 32
IPF row error: 106.785601, col error: 0.000000
IPF converged at iteration 31
IPF row error: 140.623663, col error: 0.000000
Starting Iterative Proportional Fitting (IPF)...
Starting Iterative Proportional Fitting (IPF)...
IPF converged at iteration 33
IPF row error: 94.427792, col error: 0.000000
Starting Iterative Proportional Fitting (IPF)...
IPF converged at iteration 38
IPF row error: 29.318089, col error: 0.000000
Starting Iterative Proportional Fitting (IPF)...
IPF converged at iteration 28
IPF row error: 215.173942, col error: 0.000000
IPF converged at iteration 34
Starting Iterative Proportional Fitting (IPF)...
IPF row error: 72.677039, col error: 0.000000
Starting Iterative Proportional Fitting (IPF)...
IPF converged at iteration 56
IPF row error: 1.320774, col error: 0.000000
Starting Iterative Proportional Fitting (IPF)...
IPF converged at iteration 30
IPF row error: 154.036902, col error: 0.000000
Starting Iterative Proportional Fitting (IPF)...
IPF converged at iteration 56
IPF row error: 1.294132, col error: 0.000000
Starting Iterative Proportional Fitting (IPF)...
IPF converged at iteration 50
IPF row error: 1.619243, col error: 0.000000
Starting Iterative Proportional Fitting (IPF)...
IPF converged at iteration 45
IPF row error: 5.226274, col error: 0.000000
IPF converged at iteration 43
IPF row error: 9.216437, col error: 0.000000
Starting Iterative Proportional Fitting (IPF)...
Starting Iterative Proportional Fitting (IPF)...
IPF converged at iteration 56
IPF row error: 1.252031, col error: 0.000000
Starting Iterative Proportional Fitting (IPF)...
IPF converged at iteration 53
IPF row error: 1.325440, col error: 0.000000
Starting Iterative Proportional Fitting (IPF)...
IPF converged at iteration 45
IPF row error: 5.564206, col error: 0.000000
Starting Iterative Proportional Fitting (IPF)...
IPF converged at iteration 53
IPF row error: 1.328272, col error: 0.000000
Starting Iterative Proportional Fitting (IPF)...
IPF converged at iteration 35
IPF row error: 64.747466, col error: 0.000000
Starting Iterative Proportional Fitting (IPF)...
IPF converged at iteration 56
IPF row error: 1.256544, col error: 0.000000
Starting Iterative Proportional Fitting (IPF)...
IPF converged at iteration 32
IPF row error: 118.396276, col error: 0.000000
Starting Iterative Proportional Fitting (IPF)...
IPF converged at iteration 53
IPF row error: 1.319597, col error: 0.000000
Starting Iterative Proportional Fitting (IPF)...
IPF converged at iteration 29
IPF row error: 184.348805, col error: 0.000000
  [2023/test] 진행 1560/1750 (89.1%) | 누적 CPC 0.4167 | RMSE 1050.5045 | %RMSE 13.1971 | 경과 22.8분 | 예상 남음 2.8분
Starting Iterative Proportional Fitting (IPF)...
IPF converged at iteration 56
IPF row error: 1.249684, col error: 0.000000
Starting Iterative Proportional Fitting (IPF)...
IPF converged at iteration 56
IPF row error: 1.256544, col error: 0.000000
IPF converged at iteration 41
Starting Iterative Proportional Fitting (IPF)...
IPF row error: 13.094490, col error: 0.000000
Starting Iterative Proportional Fitting (IPF)...
IPF converged at iteration 53
IPF row error: 1.322845, col error: 0.000000
Starting Iterative Proportional Fitting (IPF)...
IPF converged at iteration 32
IPF converged at iteration 61
IPF row error: 128.961067, col error: 0.000000
IPF row error: 1.309023, col error: 0.000000
IPF converged at iteration 29
IPF row error: 163.882020, col error: 0.000000
Starting Iterative Proportional Fitting (IPF)...
Starting Iterative Proportional Fitting (IPF)...
Starting Iterative Proportional Fitting (IPF)...
IPF converged at iteration 61
IPF converged at iteration 33
IPF row error: 1.313617, col error: 0.000000
IPF row error: 92.901810, col error: 0.000000
Starting Iterative Proportional Fitting (IPF)...
Starting Iterative Proportional Fitting (IPF)...
IPF converged at iteration 53
IPF row error: 1.334409, col error: 0.000000
IPF converged at iteration 53
IPF row error: 1.324745, col error: 0.000000
Starting Iterative Proportional Fitting (IPF)...
Starting Iterative Proportional Fitting (IPF)...
IPF converged at iteration 34
IPF row error: 75.882910, col error: 0.000000
Starting Iterative Proportional Fitting (IPF)...
IPF converged at iteration 61
IPF row error: 1.313617, col error: 0.000000
Starting Iterative Proportional Fitting (IPF)...
IPF converged at iteration 56
IPF row error: 1.250520, col error: 0.000000
IPF converged at iteration 61
IPF row error: 1.313617, col error: 0.000000
Starting Iterative Proportional Fitting (IPF)...
Starting Iterative Proportional Fitting (IPF)...
IPF converged at iteration 53
IPF row error: 1.334849, col error: 0.000000
Starting Iterative Proportional Fitting (IPF)...
IPF converged at iteration 31
IPF row error: 136.774959, col error: 0.000000
Starting Iterative Proportional Fitting (IPF)...
IPF converged at iteration 53
IPF row error: 1.334849, col error: 0.000000
Starting Iterative Proportional Fitting (IPF)...
IPF converged at iteration 53
IPF row error: 1.341339, col error: 0.000000
Starting Iterative Proportional Fitting (IPF)...
IPF converged at iteration 49
IPF row error: 2.086614, col error: 0.000000
Starting Iterative Proportional Fitting (IPF)...
IPF converged at iteration 32
IPF row error: 177.583598, col error: 0.000000
Starting Iterative Proportional Fitting (IPF)...
IPF converged at iteration 56
IPF row error: 1.231381, col error: 0.000000
Starting Iterative Proportional Fitting (IPF)...
IPF converged at iteration 61
IPF row error: 1.320702, col error: 0.000000
Starting Iterative Proportional Fitting (IPF)...
IPF converged at iteration 29
IPF row error: 204.449078, col error: 0.000000
IPF converged at iteration 61
IPF row error: 1.309023, col error: 0.000000
Starting Iterative Proportional Fitting (IPF)...
IPF converged at iteration 56
IPF row error: 1.249684, col error: 0.000000
Starting Iterative Proportional Fitting (IPF)...
Starting Iterative Proportional Fitting (IPF)...
IPF converged at iteration 28
IPF row error: 168.100868, col error: 0.000000
Starting Iterative Proportional Fitting (IPF)...
IPF converged at iteration 31
IPF row error: 141.625268, col error: 0.000000
IPF converged at iteration 29
IPF row error: 201.230366, col error: 0.000000
Starting Iterative Proportional Fitting (IPF)...
Starting Iterative Proportional Fitting (IPF)...
IPF converged at iteration 53
IPF row error: 1.325958, col error: 0.000000
  [2023/test] 진행 1590/1750 (90.9%) | 누적 CPC 0.4127 | RMSE 1036.2796 | %RMSE 13.1146 | 경과 23.2분 | 예상 남음 2.3분
Starting Iterative Proportional Fitting (IPF)...
IPF converged at iteration 38
IPF row error: 28.428160, col error: 0.000000
Starting Iterative Proportional Fitting (IPF)...
IPF converged at iteration 56
IPF row error: 1.244694, col error: 0.000000
IPF converged at iteration 53
Starting Iterative Proportional Fitting (IPF)...
IPF row error: 1.332454, col error: 0.000000
Starting Iterative Proportional Fitting (IPF)...
IPF converged at iteration 53
IPF row error: 1.324341, col error: 0.000000
Starting Iterative Proportional Fitting (IPF)...
IPF converged at iteration 29
IPF row error: 203.252613, col error: 0.000000
Starting Iterative Proportional Fitting (IPF)...
IPF converged at iteration 56
IPF row error: 1.232488, col error: 0.000000
Starting Iterative Proportional Fitting (IPF)...
IPF converged at iteration 61
IPF row error: 1.320702, col error: 0.000000
Starting Iterative Proportional Fitting (IPF)...
IPF converged at iteration 53
IPF row error: 1.331868, col error: 0.000000
Starting Iterative Proportional Fitting (IPF)...
IPF converged at iteration 53
IPF row error: 1.334849, col error: 0.000000
Starting Iterative Proportional Fitting (IPF)...
IPF converged at iteration 29
IPF row error: 208.307386, col error: 0.000000
Starting Iterative Proportional Fitting (IPF)...
IPF converged at iteration 53
IPF row error: 1.328272, col error: 0.000000
Starting Iterative Proportional Fitting (IPF)...
IPF converged at iteration 33
IPF row error: 97.931719, col error: 0.000000
IPF converged at iteration 53
Starting Iterative Proportional Fitting (IPF)...
IPF row error: 1.337777, col error: 0.000000
Starting Iterative Proportional Fitting (IPF)...
IPF converged at iteration 33
IPF row error: 95.822449, col error: 0.000000
Starting Iterative Proportional Fitting (IPF)...
IPF converged at iteration 54
IPF row error: 1.270093, col error: 0.000000
IPF converged at iteration 31
IPF row error: 159.217877, col error: 0.000000
Starting Iterative Proportional Fitting (IPF)...
Starting Iterative Proportional Fitting (IPF)...
IPF converged at iteration 54
IPF row error: 1.378713, col error: 0.000000
Starting Iterative Proportional Fitting (IPF)...
IPF converged at iteration 32
IPF row error: 125.036452, col error: 0.000000
IPF converged at iteration 60
IPF row error: 1.266819, col error: 0.000000
Starting Iterative Proportional Fitting (IPF)...
Starting Iterative Proportional Fitting (IPF)...
IPF converged at iteration 48
IPF row error: 2.413798, col error: 0.000000
Starting Iterative Proportional Fitting (IPF)...
IPF converged at iteration 29
IPF row error: 163.473639, col error: 0.000000
IPF converged at iteration 33
Starting Iterative Proportional Fitting (IPF)...
IPF converged at iteration 48
IPF row error: 89.533712, col error: 0.000000
IPF row error: 2.419783, col error: 0.000000
Starting Iterative Proportional Fitting (IPF)...
Starting Iterative Proportional Fitting (IPF)...
IPF converged at iteration 48
IPF row error: 2.496353, col error: 0.000000
Starting Iterative Proportional Fitting (IPF)...
IPF converged at iteration 31
IPF row error: 144.064431, col error: 0.000000
Starting Iterative Proportional Fitting (IPF)...
IPF converged at iteration 49
IPF row error: 1.972665, col error: 0.000000
IPF converged at iteration 48
IPF row error: 2.424556, col error: 0.000000
Starting Iterative Proportional Fitting (IPF)...
Starting Iterative Proportional Fitting (IPF)...
IPF converged at iteration 31
IPF row error: 148.439155, col error: 0.000000
IPF converged at iteration 40
IPF row error: 17.168794, col error: 0.000000
Starting Iterative Proportional Fitting (IPF)...
Starting Iterative Proportional Fitting (IPF)...
IPF converged at iteration 32
IPF row error: 110.977847, col error: 0.000000
  [2023/test] 진행 1620/1750 (92.6%) | 누적 CPC 0.4112 | RMSE 1025.5336 | %RMSE 13.0518 | 경과 23.7분 | 예상 남음 1.9분
IPF converged at iteration 32
IPF row error: 122.754176, col error: 0.000000
Starting Iterative Proportional Fitting (IPF)...
Starting Iterative Proportional Fitting (IPF)...
IPF converged at iteration 49
IPF row error: 1.951678, col error: 0.000000
Starting Iterative Proportional Fitting (IPF)...
IPF converged at iteration 54
IPF row error: 1.201664, col error: 0.000000
Starting Iterative Proportional Fitting (IPF)...
IPF converged at iteration 53
IPF row error: 1.215961, col error: 0.000000
IPF converged at iteration 53
IPF row error: 1.361624, col error: 0.000000
Starting Iterative Proportional Fitting (IPF)...
Starting Iterative Proportional Fitting (IPF)...
IPF converged at iteration 48
IPF row error: 2.416803, col error: 0.000000
IPF converged at iteration 31
IPF row error: 108.868869, col error: 0.000000
Starting Iterative Proportional Fitting (IPF)...
IPF converged at iteration 33
IPF row error: 92.922838, col error: 0.000000
Starting Iterative Proportional Fitting (IPF)...
IPF converged at iteration 48
IPF row error: 2.833087, col error: 0.000000
Starting Iterative Proportional Fitting (IPF)...
Starting Iterative Proportional Fitting (IPF)...
IPF converged at iteration 35
IPF row error: 63.715617, col error: 0.000000
Starting Iterative Proportional Fitting (IPF)...
IPF converged at iteration 48
IPF row error: 2.480167, col error: 0.000000
Starting Iterative Proportional Fitting (IPF)...
IPF converged at iteration 53
IPF row error: 1.209926, col error: 0.000000
Starting Iterative Proportional Fitting (IPF)...
IPF converged at iteration 59
IPF row error: 1.339993, col error: 0.000000
Starting Iterative Proportional Fitting (IPF)...
IPF converged at iteration 45
IPF row error: 4.842303, col error: 0.000000
Starting Iterative Proportional Fitting (IPF)...
IPF converged at iteration 60
IPF row error: 1.254622, col error: 0.000000
Starting Iterative Proportional Fitting (IPF)...
IPF converged at iteration 59
IPF row error: 1.306058, col error: 0.000000
Starting Iterative Proportional Fitting (IPF)...
IPF converged at iteration 54
IPF row error: 1.307541, col error: 0.000000
Starting Iterative Proportional Fitting (IPF)...
IPF converged at iteration 33
IPF row error: 90.240100, col error: 0.000000
Starting Iterative Proportional Fitting (IPF)...
IPF converged at iteration 32
IPF row error: 116.341923, col error: 0.000000
Starting Iterative Proportional Fitting (IPF)...
IPF converged at iteration 53
IPF row error: 1.215204, col error: 0.000000
Starting Iterative Proportional Fitting (IPF)...
IPF converged at iteration 49
IPF row error: 2.255312, col error: 0.000000
Starting Iterative Proportional Fitting (IPF)...
IPF converged at iteration 53
IPF row error: 1.328001, col error: 0.000000
Starting Iterative Proportional Fitting (IPF)...
IPF converged at iteration 39
IPF row error: 23.731974, col error: 0.000000
IPF converged at iteration 31
IPF row error: 133.993508, col error: 0.000000
Starting Iterative Proportional Fitting (IPF)...
Starting Iterative Proportional Fitting (IPF)...
IPF converged at iteration 30
IPF row error: 184.447372, col error: 0.000000
Starting Iterative Proportional Fitting (IPF)...
IPF converged at iteration 32
IPF row error: 107.020440, col error: 0.000000
Starting Iterative Proportional Fitting (IPF)...
IPF converged at iteration 49
IPF row error: 1.915366, col error: 0.000000
Starting Iterative Proportional Fitting (IPF)...
IPF converged at iteration 54
IPF converged at iteration 45
IPF row error: 1.269895, col error: 0.000000
IPF row error: 4.937696, col error: 0.000000
Starting Iterative Proportional Fitting (IPF)...
Starting Iterative Proportional Fitting (IPF)...
IPF converged at iteration 31
IPF row error: 135.871244, col error: 0.000000
  [2023/test] 진행 1650/1750 (94.3%) | 누적 CPC 0.4103 | RMSE 1018.2417 | %RMSE 13.0229 | 경과 24.1분 | 예상 남음 1.5분
Starting Iterative Proportional Fitting (IPF)...
IPF converged at iteration 34
IPF row error: 82.707347, col error: 0.000000
Starting Iterative Proportional Fitting (IPF)...
IPF converged at iteration 44
IPF row error: 6.421875, col error: 0.000000
Starting Iterative Proportional Fitting (IPF)...
IPF converged at iteration 56
IPF row error: 1.276751, col error: 0.000000
Starting Iterative Proportional Fitting (IPF)...
IPF converged at iteration 49
IPF row error: 2.188313, col error: 0.000000
Starting Iterative Proportional Fitting (IPF)...
IPF converged at iteration 50
IPF row error: 1.723514, col error: 0.000000
Starting Iterative Proportional Fitting (IPF)...
IPF converged at iteration 33
IPF row error: 114.975766, col error: 0.000000
Starting Iterative Proportional Fitting (IPF)...
IPF converged at iteration 56
IPF row error: 1.276751, col error: 0.000000
Starting Iterative Proportional Fitting (IPF)...
IPF converged at iteration 50
IPF row error: 1.722249, col error: 0.000000
Starting Iterative Proportional Fitting (IPF)...
IPF converged at iteration 50
IPF row error: 1.652062, col error: 0.000000
Starting Iterative Proportional Fitting (IPF)...
IPF converged at iteration 33
IPF row error: 103.365767, col error: 0.000000
Starting Iterative Proportional Fitting (IPF)...
IPF converged at iteration 32
IPF row error: 105.546275, col error: 0.000000
Starting Iterative Proportional Fitting (IPF)...
IPF converged at iteration 50
IPF row error: 1.671158, col error: 0.000000
Starting Iterative Proportional Fitting (IPF)...
IPF converged at iteration 31
IPF row error: 173.665997, col error: 0.000000
Starting Iterative Proportional Fitting (IPF)...
IPF converged at iteration 37
IPF row error: 16.665443, col error: 0.000000
Starting Iterative Proportional Fitting (IPF)...
IPF converged at iteration 44
IPF row error: 6.772115, col error: 0.000000
IPF converged at iteration 30
IPF row error: 164.714311, col error: 0.000000
Starting Iterative Proportional Fitting (IPF)...
Starting Iterative Proportional Fitting (IPF)...
IPF converged at iteration 50
IPF row error: 1.731119, col error: 0.000000
Starting Iterative Proportional Fitting (IPF)...
IPF converged at iteration 32
IPF row error: 41.684719, col error: 0.000000
Starting Iterative Proportional Fitting (IPF)...
IPF converged at iteration 32
IPF row error: 149.440557, col error: 0.000000
Starting Iterative Proportional Fitting (IPF)...
IPF converged at iteration 32
IPF row error: 125.944730, col error: 0.000000
Starting Iterative Proportional Fitting (IPF)...
IPF converged at iteration 56
IPF row error: 1.262333, col error: 0.000000
Starting Iterative Proportional Fitting (IPF)...
IPF converged at iteration 28
IPF row error: 165.693075, col error: 0.000000
Starting Iterative Proportional Fitting (IPF)...
IPF converged at iteration 50
IPF row error: 1.723514, col error: 0.000000
Starting Iterative Proportional Fitting (IPF)...
IPF converged at iteration 33
IPF row error: 115.033068, col error: 0.000000
Starting Iterative Proportional Fitting (IPF)...
IPF converged at iteration 28
IPF row error: 204.488848, col error: 0.000000
Starting Iterative Proportional Fitting (IPF)...
IPF converged at iteration 34
IPF row error: 73.685691, col error: 0.000000
Starting Iterative Proportional Fitting (IPF)...
IPF converged at iteration 32
IPF row error: 179.945331, col error: 0.000000
Starting Iterative Proportional Fitting (IPF)...
IPF converged at iteration 50
IPF row error: 1.636410, col error: 0.000000
Starting Iterative Proportional Fitting (IPF)...
IPF converged at iteration 45
IPF row error: 5.438811, col error: 0.000000
IPF converged at iteration 31
IPF row error: 166.158365, col error: 0.000000
  [2023/test] 진행 1680/1750 (96.0%) | 누적 CPC 0.4077 | RMSE 1016.2252 | %RMSE 13.0077 | 경과 24.5분 | 예상 남음 1.0분
Starting Iterative Proportional Fitting (IPF)...
Starting Iterative Proportional Fitting (IPF)...
IPF converged at iteration 28
IPF row error: 203.710504, col error: 0.000000
Starting Iterative Proportional Fitting (IPF)...
IPF converged at iteration 56
IPF converged at iteration 32
IPF row error: 1.262333, col error: 0.000000
IPF row error: 126.164324, col error: 0.000000
Starting Iterative Proportional Fitting (IPF)...
Starting Iterative Proportional Fitting (IPF)...
IPF converged at iteration 45
IPF row error: 5.408779, col error: 0.000000
Starting Iterative Proportional Fitting (IPF)...
IPF converged at iteration 50
IPF row error: 1.776869, col error: 0.000000
IPF converged at iteration 34
IPF row error: 77.164270, col error: 0.000000
IPF converged at iteration 34
IPF row error: 84.122243, col error: 0.000000
Starting Iterative Proportional Fitting (IPF)...
Starting Iterative Proportional Fitting (IPF)...
Starting Iterative Proportional Fitting (IPF)...
IPF converged at iteration 49
IPF row error: 2.188313, col error: 0.000000
Starting Iterative Proportional Fitting (IPF)...
IPF converged at iteration 29
IPF row error: 172.831056, col error: 0.000000
IPF converged at iteration 32
IPF row error: 121.169142, col error: 0.000000
Starting Iterative Proportional Fitting (IPF)...
Starting Iterative Proportional Fitting (IPF)...
IPF converged at iteration 49
IPF row error: 2.183407, col error: 0.000000
Starting Iterative Proportional Fitting (IPF)...
IPF converged at iteration 32
IPF row error: 126.843829, col error: 0.000000
Starting Iterative Proportional Fitting (IPF)...
IPF converged at iteration 50
IPF row error: 1.766380, col error: 0.000000
Starting Iterative Proportional Fitting (IPF)...
IPF converged at iteration 50
IPF row error: 1.728924, col error: 0.000000
Starting Iterative Proportional Fitting (IPF)...
IPF converged at iteration 32
IPF row error: 135.140095, col error: 0.000000
IPF converged at iteration 56
Starting Iterative Proportional Fitting (IPF)...
IPF row error: 1.262333, col error: 0.000000
Starting Iterative Proportional Fitting (IPF)...
IPF converged at iteration 32
IPF row error: 125.672180, col error: 0.000000
Starting Iterative Proportional Fitting (IPF)...
IPF converged at iteration 50
IPF row error: 1.746961, col error: 0.000000
Starting Iterative Proportional Fitting (IPF)...
IPF converged at iteration 34
IPF row error: 79.928741, col error: 0.000000
IPF converged at iteration 32
IPF row error: 180.313658, col error: 0.000000
Starting Iterative Proportional Fitting (IPF)...
Starting Iterative Proportional Fitting (IPF)...
IPF converged at iteration 44
IPF row error: 5.768431, col error: 0.000000
Starting Iterative Proportional Fitting (IPF)...
IPF converged at iteration 53
IPF row error: 1.273878, col error: 0.000000
IPF converged at iteration 40
IPF row error: 14.901893, col error: 0.000000
Starting Iterative Proportional Fitting (IPF)...
Starting Iterative Proportional Fitting (IPF)...
IPF converged at iteration 53
IPF row error: 1.282792, col error: 0.000000
IPF converged at iteration 29
IPF row error: 51.804054, col error: 0.000000
Starting Iterative Proportional Fitting (IPF)...
Starting Iterative Proportional Fitting (IPF)...
IPF converged at iteration 29
IPF row error: 195.848500, col error: 0.000000
Starting Iterative Proportional Fitting (IPF)...
IPF converged at iteration 44
IPF row error: 5.738917, col error: 0.000000
IPF converged at iteration 33
IPF row error: 96.009003, col error: 0.000000
Starting Iterative Proportional Fitting (IPF)...
Starting Iterative Proportional Fitting (IPF)...
IPF converged at iteration 44
IPF row error: 5.847756, col error: 0.000000
Starting Iterative Proportional Fitting (IPF)...
IPF converged at iteration 44
IPF row error: 5.749450, col error: 0.000000
  [2023/test] 진행 1710/1750 (97.7%) | 누적 CPC 0.4061 | RMSE 1021.8150 | %RMSE 13.0345 | 경과 25.0분 | 예상 남음 0.6분
Starting Iterative Proportional Fitting (IPF)...
IPF converged at iteration 30
IPF row error: 160.590572, col error: 0.000000
Starting Iterative Proportional Fitting (IPF)...
IPF converged at iteration 51
IPF row error: 1.315739, col error: 0.000000
Starting Iterative Proportional Fitting (IPF)...
IPF converged at iteration 53
IPF row error: 1.235560, col error: 0.000000
IPF converged at iteration 28
IPF row error: 63.336013, col error: 0.000000
Starting Iterative Proportional Fitting (IPF)...
Starting Iterative Proportional Fitting (IPF)...
IPF converged at iteration 41
IPF row error: 13.412162, col error: 0.000000
Starting Iterative Proportional Fitting (IPF)...
IPF converged at iteration 39
IPF row error: 19.178268, col error: 0.000000
IPF converged at iteration 45
IPF row error: 4.623287, col error: 0.000000
Starting Iterative Proportional Fitting (IPF)...
IPF converged at iteration 51
IPF row error: 1.264705, col error: 0.000000
Starting Iterative Proportional Fitting (IPF)...
Starting Iterative Proportional Fitting (IPF)...
IPF converged at iteration 31
IPF row error: 124.069404, col error: 0.000000
Starting Iterative Proportional Fitting (IPF)...
IPF converged at iteration 33
IPF row error: 88.675599, col error: 0.000000
IPF converged at iteration 31
IPF row error: 126.210157, col error: 0.000000
IPF converged at iteration 33
Starting Iterative Proportional Fitting (IPF)...
IPF row error: 84.571128, col error: 0.000000
Starting Iterative Proportional Fitting (IPF)...
Starting Iterative Proportional Fitting (IPF)...
IPF converged at iteration 38
IPF row error: 25.301936, col error: 0.000000
Starting Iterative Proportional Fitting (IPF)...
IPF converged at iteration 32
IPF row error: 101.001098, col error: 0.000000
IPF converged at iteration 29
IPF converged at iteration 32
IPF row error: 198.137623, col error: 0.000000
IPF row error: 110.103368, col error: 0.000000
Starting Iterative Proportional Fitting (IPF)...
Starting Iterative Proportional Fitting (IPF)...Starting Iterative Proportional Fitting (IPF)...

IPF converged at iteration 31
IPF converged at iteration 32
IPF row error: 118.275503, col error: 0.000000
IPF row error: 112.789016, col error: 0.000000
Starting Iterative Proportional Fitting (IPF)...
Starting Iterative Proportional Fitting (IPF)...
IPF converged at iteration 51
IPF row error: 1.269099, col error: 0.000000
Starting Iterative Proportional Fitting (IPF)...
IPF converged at iteration 45
IPF row error: 4.677116, col error: 0.000000
Starting Iterative Proportional Fitting (IPF)...
IPF converged at iteration 32
IPF row error: 99.780776, col error: 0.000000
Starting Iterative Proportional Fitting (IPF)...
IPF converged at iteration 31
IPF row error: 179.145785, col error: 0.000000
Starting Iterative Proportional Fitting (IPF)...
IPF converged at iteration 44
IPF row error: 5.775345, col error: 0.000000
IPF converged at iteration 29
IPF row error: 172.249738, col error: 0.000000
Starting Iterative Proportional Fitting (IPF)...
Starting Iterative Proportional Fitting (IPF)...
IPF converged at iteration 40
IPF row error: 15.074028, col error: 0.000000
Starting Iterative Proportional Fitting (IPF)...
IPF converged at iteration 33
IPF row error: 84.129736, col error: 0.000000
Starting Iterative Proportional Fitting (IPF)...
IPF converged at iteration 45
IPF row error: 4.661230, col error: 0.000000
IPF converged at iteration 51
IPF row error: 1.338100, col error: 0.000000
Starting Iterative Proportional Fitting (IPF)...
Starting Iterative Proportional Fitting (IPF)...
IPF converged at iteration 42
IPF row error: 9.902310, col error: 0.000000
IPF converged at iteration 40
IPF row error: 15.170639, col error: 0.000000
Starting Iterative Proportional Fitting (IPF)...
  [2023/test] 진행 1740/1750 (99.4%) | 누적 CPC 0.4046 | RMSE 1045.1197 | %RMSE 13.1541 | 경과 25.3분 | 예상 남음 0.1분
Starting Iterative Proportional Fitting (IPF)...
IPF converged at iteration 34
IPF row error: 73.966125, col error: 0.000000
Starting Iterative Proportional Fitting (IPF)...
IPF converged at iteration 39
IPF row error: 19.279404, col error: 0.000000
Starting Iterative Proportional Fitting (IPF)...
IPF converged at iteration 33
IPF row error: 91.788956, col error: 0.000000
Starting Iterative Proportional Fitting (IPF)...
IPF converged at iteration 32
IPF row error: 109.219737, col error: 0.000000
Starting Iterative Proportional Fitting (IPF)...
IPF converged at iteration 45
IPF row error: 4.717081, col error: 0.000000
Starting Iterative Proportional Fitting (IPF)...
IPF converged at iteration 7
IPF row error: 53.904108, col error: 0.000000
Starting Iterative Proportional Fitting (IPF)...
IPF converged at iteration 51
IPF row error: 1.269099, col error: 0.000000
IPF converged at iteration 30
IPF row error: 153.559877, col error: 0.000000
IPF converged at iteration 39
IPF row error: 19.386431, col error: 0.000000
IPF converged at iteration 33
IPF row error: 88.346882, col error: 0.000000
  [2023/test] 진행 1750/1750 (100.0%) | 누적 CPC 0.4036 | RMSE 1072.6195 | %RMSE 13.3707 | 경과 25.4분 | 예상 남음 0.0분
  [2023/test] 완료: 1750/1750
1. 절대 모델의 구조와 하이퍼파라미터를 test가 좋아지는 방향으로 하지 말 것. -> val이 좋아지는 방향으로 조정
2. 모델의 성능이 좋아지는 게 목적이 아니라 기존 방식을 잘 재현하는게 목적이야.

===연도별===

=== task별 종합 성능 (모든 도시) ===
[year=2019, split=test, task=0] (n=350) CPC=0.2723±0.0595  RMSE=316.5499±111.3701  %RMSE=34.8467±19.6692
[year=2019, split=test, task=1] (n=350) CPC=0.2719±0.0609  RMSE=346.5334±150.4976  %RMSE=36.8727±19.3396
[year=2019, split=test, task=2] (n=350) CPC=0.1753±0.0811  RMSE=332.0983±211.3697  %RMSE=25.9636±13.5756
[year=2019, split=test, task=3] (n=350) CPC=0.0823±0.1306  RMSE=2079662.9341±1369852.7116  %RMSE=141089.7774±110755.5878
[year=2019, split=test, task=4] (n=350) CPC=0.1478±0.1086  RMSE=525859.1632±1003080.2759  %RMSE=49100.0500±105086.3672
[year=2019, split=val, task=0] (n=150) CPC=0.3519±0.0593  RMSE=224.6544±33.2592  %RMSE=19.5713±6.4131
[year=2019, split=val, task=1] (n=150) CPC=0.3509±0.0598  RMSE=230.6219±33.2541  %RMSE=20.0898±6.7102
[year=2019, split=val, task=2] (n=150) CPC=0.1901±0.0487  RMSE=344.4114±94.2240  %RMSE=21.3025±5.4994
[year=2019, split=val, task=3] (n=150) CPC=0.0955±0.1339  RMSE=1579217.5503±1152178.2479  %RMSE=72625.0554±60313.2629
[year=2019, split=val, task=4] (n=150) CPC=0.1332±0.0981  RMSE=630654.5750±970460.8525  %RMSE=30890.5095±51705.8404
[year=2023, split=test, task=0] (n=350) CPC=0.6492±0.0964  RMSE=369.9423±249.2278  %RMSE=7.0384±3.0688
[year=2023, split=test, task=1] (n=350) CPC=0.6471±0.0960  RMSE=350.3503±198.3449  %RMSE=6.7640±2.5866
[year=2023, split=test, task=2] (n=350) CPC=0.2953±0.0889  RMSE=1060.2952±706.9081  %RMSE=13.3406±3.8040
[year=2023, split=test, task=3] (n=350) CPC=0.1476±0.1032  RMSE=2396.8234±6432.2698  %RMSE=25.5511±64.6786
[year=2023, split=test, task=4] (n=350) CPC=0.2787±0.1160  RMSE=1185.6863±2015.1305  %RMSE=14.1591±17.3783
[year=2023, split=val, task=0] (n=150) CPC=0.6105±0.0576  RMSE=410.2052±167.3131  %RMSE=8.2622±2.2026
[year=2023, split=val, task=1] (n=150) CPC=0.6036±0.0597  RMSE=411.6799±165.8314  %RMSE=8.2575±2.1847
[year=2023, split=val, task=2] (n=150) CPC=0.3628±0.0773  RMSE=783.6076±291.3101  %RMSE=12.1476±2.1623
[year=2023, split=val, task=3] (n=150) CPC=0.2129±0.1352  RMSE=203118.8754±530120.9191  %RMSE=4082.7094±10835.9000
[year=2023, split=val, task=4] (n=150) CPC=0.3200±0.1194  RMSE=74776.5622±334003.8090  %RMSE=1541.8353±6951.5563

=== task/도시별 성능 ===
[year=2019, split=test, task=0, city=감일동] (n=50) CPC=0.2555±0.0000  RMSE=66.0377±0.0000  %RMSE=15.2381±0.0000
[year=2019, split=test, task=0, city=다산] (n=50) CPC=0.3095±0.0000  RMSE=445.6630±0.0000  %RMSE=34.5142±0.0000
[year=2019, split=test, task=0, city=랜덤1] (n=50) CPC=0.1720±0.0000  RMSE=375.7252±0.0000  %RMSE=76.0323±0.0000
[year=2019, split=test, task=0, city=랜덤2] (n=50) CPC=0.2333±0.0000  RMSE=321.6430±0.0000  %RMSE=45.0466±0.0000
[year=2019, split=test, task=0, city=랜덤3] (n=50) CPC=0.3657±0.0000  RMSE=358.3906±0.0000  %RMSE=23.0025±0.0000
[year=2019, split=test, task=0, city=미사] (n=50) CPC=0.2495±0.0000  RMSE=355.8281±0.0000  %RMSE=34.8156±0.0000
[year=2019, split=test, task=0, city=배곧] (n=50) CPC=0.3204±0.0000  RMSE=292.5619±0.0000  %RMSE=15.2776±0.0000
[year=2019, split=test, task=1, city=감일동] (n=50) CPC=0.2547±0.0023  RMSE=73.7783±16.1113  %RMSE=16.8462±3.3777
[year=2019, split=test, task=1, city=다산] (n=50) CPC=0.3076±0.0036  RMSE=454.5134±20.5358  %RMSE=35.0710±1.4025
[year=2019, split=test, task=1, city=랜덤1] (n=50) CPC=0.1703±0.0033  RMSE=378.6240±4.9892  %RMSE=76.0027±0.7472
[year=2019, split=test, task=1, city=랜덤2] (n=50) CPC=0.2320±0.0025  RMSE=324.1043±3.8131  %RMSE=45.0352±0.2590
[year=2019, split=test, task=1, city=랜덤3] (n=50) CPC=0.3702±0.0051  RMSE=534.0675±177.4650  %RMSE=34.1375±11.2081
[year=2019, split=test, task=1, city=미사] (n=50) CPC=0.2494±0.0020  RMSE=365.7610±22.2230  %RMSE=35.6687±2.0223
[year=2019, split=test, task=1, city=배곧] (n=50) CPC=0.3191±0.0041  RMSE=294.8856±6.6455  %RMSE=15.3476±0.2656
[year=2019, split=test, task=2, city=감일동] (n=50) CPC=0.2543±0.0036  RMSE=71.0970±11.6723  %RMSE=16.2910±2.5801
[year=2019, split=test, task=2, city=다산] (n=50) CPC=0.1227±0.0376  RMSE=498.0207±181.3853  %RMSE=23.9431±10.3059
[year=2019, split=test, task=2, city=랜덤1] (n=50) CPC=0.1258±0.0112  RMSE=265.1886±67.7615  %RMSE=50.0584±12.8382
[year=2019, split=test, task=2, city=랜덤2] (n=50) CPC=0.1453±0.0239  RMSE=223.5210±59.7164  %RMSE=28.2092±8.1954
[year=2019, split=test, task=2, city=랜덤3] (n=50) CPC=0.1767±0.0492  RMSE=708.4577±75.1788  %RMSE=29.8586±5.1207
[year=2019, split=test, task=2, city=미사] (n=50) CPC=0.0853±0.0290  RMSE=257.3032±72.3801  %RMSE=17.7207±6.7353
[year=2019, split=test, task=2, city=배곧] (n=50) CPC=0.3172±0.0108  RMSE=301.1002±23.1403  %RMSE=15.6643±1.0973
[year=2019, split=test, task=3, city=감일동] (n=50) CPC=0.2545±0.0038  RMSE=71.6930±12.2389  %RMSE=16.4066±2.6321
[year=2019, split=test, task=3, city=다산] (n=50) CPC=0.0006±0.0000  RMSE=3254147.6322±8985.2206  %RMSE=143839.1063±1102.8039
[year=2019, split=test, task=3, city=랜덤1] (n=50) CPC=0.0003±0.0001  RMSE=2471122.6794±349590.5653  %RMSE=326868.5751±45058.6316
[year=2019, split=test, task=3, city=랜덤2] (n=50) CPC=0.0004±0.0001  RMSE=2998889.7436±509195.6058  %RMSE=218823.2487±36754.5744
[year=2019, split=test, task=3, city=랜덤3] (n=50) CPC=0.0007±0.0002  RMSE=2629963.6806±403281.2931  %RMSE=119354.1929±15091.4320
[year=2019, split=test, task=3, city=미사] (n=50) CPC=0.0005±0.0000  RMSE=3203149.4032±10553.5290  %RMSE=178711.4901±1464.0548
[year=2019, split=test, task=3, city=배곧] (n=50) CPC=0.3193±0.0029  RMSE=295.7068±13.2081  %RMSE=15.4220±0.6650
[year=2019, split=test, task=4, city=감일동] (n=50) CPC=0.2542±0.0031  RMSE=70.3735±8.5812  %RMSE=16.0600±1.8712
[year=2019, split=test, task=4, city=다산] (n=50) CPC=0.1209±0.0589  RMSE=378422.0230±1023631.2362  %RMSE=12796.6117±35799.7280
[year=2019, split=test, task=4, city=랜덤1] (n=50) CPC=0.0500±0.0614  RMSE=1289377.2838±1068698.9845  %RMSE=200810.7021±166393.8882
[year=2019, split=test, task=4, city=랜덤2] (n=50) CPC=0.0982±0.0797  RMSE=992313.6293±1267972.1941  %RMSE=87164.3014±113552.2841
[year=2019, split=test, task=4, city=랜덤3] (n=50) CPC=0.1067±0.0992  RMSE=896291.5599±1096939.7242  %RMSE=38217.6127±47173.3227
[year=2019, split=test, task=4, city=미사] (n=50) CPC=0.0886±0.0372  RMSE=124241.6397±607255.0037  %RMSE=4679.6579±22823.9742
[year=2019, split=test, task=4, city=배곧] (n=50) CPC=0.3160±0.0103  RMSE=297.6333±14.9671  %RMSE=15.4044±0.3920
[year=2019, split=val, task=0, city=검단] (n=50) CPC=0.3394±0.0000  RMSE=179.0740±0.0000  %RMSE=19.4595±0.0000
[year=2019, split=val, task=0, city=동탄] (n=50) CPC=0.4300±0.0000  RMSE=237.3904±0.0000  %RMSE=11.7735±0.0000
[year=2019, split=val, task=0, city=위례] (n=50) CPC=0.2863±0.0000  RMSE=257.4988±0.0000  %RMSE=27.4810±0.0000
[year=2019, split=val, task=1, city=검단] (n=50) CPC=0.3386±0.0036  RMSE=189.7065±17.7107  %RMSE=20.5094±1.6786
[year=2019, split=val, task=1, city=동탄] (n=50) CPC=0.4295±0.0024  RMSE=238.8480±4.1639  %RMSE=11.8118±0.1487
[year=2019, split=val, task=1, city=위례] (n=50) CPC=0.2847±0.0026  RMSE=263.3111±13.2727  %RMSE=27.9482±1.3353
[year=2019, split=val, task=2, city=검단] (n=50) CPC=0.1816±0.0384  RMSE=318.2195±54.5599  %RMSE=25.3674±4.1003
[year=2019, split=val, task=2, city=동탄] (n=50) CPC=0.2296±0.0434  RMSE=443.6338±77.4347  %RMSE=16.0944±1.9887
[year=2019, split=val, task=2, city=위례] (n=50) CPC=0.1591±0.0342  RMSE=271.3808±42.3908  %RMSE=22.4458±5.0007
[year=2019, split=val, task=3, city=검단] (n=50) CPC=0.0006±0.0001  RMSE=2393154.6886±342490.1293  %RMSE=145141.4769±16779.1700
[year=2019, split=val, task=3, city=동탄] (n=50) CPC=0.0011±0.0002  RMSE=2344233.1079±352718.8280  %RMSE=72705.5590±10128.0349
[year=2019, split=val, task=3, city=위례] (n=50) CPC=0.2849±0.0023  RMSE=264.8545±19.4626  %RMSE=28.1303±1.9484
[year=2019, split=val, task=4, city=검단] (n=50) CPC=0.1144±0.1078  RMSE=963207.0517±1054953.1282  %RMSE=63826.3093±69949.5186
[year=2019, split=val, task=4, city=동탄] (n=50) CPC=0.1396±0.1265  RMSE=928496.7178±1056294.5736  %RMSE=28824.3619±32948.0702
[year=2019, split=val, task=4, city=위례] (n=50) CPC=0.1457±0.0264  RMSE=259.9556±40.1182  %RMSE=20.8574±4.2842
[year=2023, split=test, task=0, city=감일동] (n=50) CPC=0.4308±0.0000  RMSE=298.9569±0.0000  %RMSE=10.4116±0.0000
[year=2023, split=test, task=0, city=다산] (n=50) CPC=0.7503±0.0000  RMSE=346.1878±0.0000  %RMSE=4.9510±0.0000
[year=2023, split=test, task=0, city=랜덤1] (n=50) CPC=0.6981±0.0000  RMSE=169.1563±0.0000  %RMSE=4.2914±0.0000
[year=2023, split=test, task=0, city=랜덤2] (n=50) CPC=0.6371±0.0000  RMSE=383.2388±0.0000  %RMSE=7.5427±0.0000
[year=2023, split=test, task=0, city=랜덤3] (n=50) CPC=0.6457±0.0000  RMSE=955.2817±0.0000  %RMSE=12.5317±0.0000
[year=2023, split=test, task=0, city=미사] (n=50) CPC=0.7144±0.0000  RMSE=226.9442±0.0000  %RMSE=3.7906±0.0000
[year=2023, split=test, task=0, city=배곧] (n=50) CPC=0.6683±0.0000  RMSE=209.8303±0.0000  %RMSE=5.7497±0.0000
[year=2023, split=test, task=1, city=감일동] (n=50) CPC=0.4259±0.0088  RMSE=301.8844±5.7272  %RMSE=10.4258±0.1026
[year=2023, split=test, task=1, city=다산] (n=50) CPC=0.7355±0.0193  RMSE=382.2650±80.9720  %RMSE=5.4135±1.0808
[year=2023, split=test, task=1, city=랜덤1] (n=50) CPC=0.6956±0.0079  RMSE=171.4442±9.1956  %RMSE=4.3296±0.1873
[year=2023, split=test, task=1, city=랜덤2] (n=50) CPC=0.6370±0.0065  RMSE=376.0554±13.7705  %RMSE=7.3648±0.2923
[year=2023, split=test, task=1, city=랜덤3] (n=50) CPC=0.6626±0.0166  RMSE=772.2322±147.2384  %RMSE=10.0949±1.9656
[year=2023, split=test, task=1, city=미사] (n=50) CPC=0.7089±0.0095  RMSE=237.7994±25.8206  %RMSE=3.9561±0.4105
[year=2023, split=test, task=1, city=배곧] (n=50) CPC=0.6644±0.0062  RMSE=210.7715±2.3919  %RMSE=5.7635±0.0463
[year=2023, split=test, task=2, city=감일동] (n=50) CPC=0.2513±0.0524  RMSE=262.0702±47.0086  %RMSE=8.2114±1.6662
[year=2023, split=test, task=2, city=다산] (n=50) CPC=0.2898±0.0848  RMSE=1594.0426±212.3740  %RMSE=15.1389±1.3186
[year=2023, split=test, task=2, city=랜덤1] (n=50) CPC=0.3777±0.0664  RMSE=578.5743±112.4470  %RMSE=11.5814±1.8511
[year=2023, split=test, task=2, city=랜덤2] (n=50) CPC=0.2982±0.0717  RMSE=822.6978±180.6634  %RMSE=12.1483±2.0624
[year=2023, split=test, task=2, city=랜덤3] (n=50) CPC=0.3238±0.0915  RMSE=2396.1123±505.6828  %RMSE=19.8953±2.6649
[year=2023, split=test, task=2, city=미사] (n=50) CPC=0.2421±0.0787  RMSE=1060.0135±129.6794  %RMSE=12.1679±0.8114
[year=2023, split=test, task=2, city=배곧] (n=50) CPC=0.2840±0.0936  RMSE=708.5554±119.2489  %RMSE=14.2410±1.4594
[year=2023, split=test, task=3, city=감일동] (n=50) CPC=0.0722±0.0009  RMSE=272.0163±1.3262  %RMSE=7.4829±0.0451
[year=2023, split=test, task=3, city=다산] (n=50) CPC=0.1006±0.0009  RMSE=1570.1719±1.1442  %RMSE=15.3672±0.0891
[year=2023, split=test, task=3, city=랜덤1] (n=50) CPC=0.2633±0.0907  RMSE=866.3052±243.4147  %RMSE=12.5203±1.2453
[year=2023, split=test, task=3, city=랜덤2] (n=50) CPC=0.1284±0.0673  RMSE=1438.6493±320.5806  %RMSE=13.9225±0.9535
[year=2023, split=test, task=3, city=랜덤3] (n=50) CPC=0.2193±0.1632  RMSE=10183.9287±14747.5487  %RMSE=101.7336±149.9017
[year=2023, split=test, task=3, city=미사] (n=50) CPC=0.1043±0.0010  RMSE=1387.8604±2.5385  %RMSE=14.0549±0.0937
[year=2023, split=test, task=3, city=배곧] (n=50) CPC=0.1454±0.0806  RMSE=1058.8320±245.8876  %RMSE=13.7766±0.7105
[year=2023, split=test, task=4, city=감일동] (n=50) CPC=0.2071±0.0811  RMSE=284.6693±57.6174  %RMSE=8.4097±1.5286
[year=2023, split=test, task=4, city=다산] (n=50) CPC=0.2819±0.1082  RMSE=1617.0482±317.8492  %RMSE=15.0413±1.3738
[year=2023, split=test, task=4, city=랜덤1] (n=50) CPC=0.3764±0.1128  RMSE=591.9407±182.5593  %RMSE=11.0854±2.2658
[year=2023, split=test, task=4, city=랜덤2] (n=50) CPC=0.2773±0.1166  RMSE=910.3912±292.3264  %RMSE=12.1152±1.9885
[year=2023, split=test, task=4, city=랜덤3] (n=50) CPC=0.3085±0.1190  RMSE=3029.3167±4802.7702  %RMSE=26.1027±43.6309
[year=2023, split=test, task=4, city=미사] (n=50) CPC=0.2621±0.1003  RMSE=1080.2663±331.4090  %RMSE=12.1033±1.3483
[year=2023, split=test, task=4, city=배곧] (n=50) CPC=0.2373±0.0882  RMSE=786.1721±172.5334  %RMSE=14.2563±0.9497
[year=2023, split=val, task=0, city=검단] (n=50) CPC=0.5789±0.0000  RMSE=305.7270±0.0000  %RMSE=8.4622±0.0000
[year=2023, split=val, task=0, city=동탄] (n=50) CPC=0.5612±0.0000  RMSE=646.3022±0.0000  %RMSE=10.8543±0.0000
[year=2023, split=val, task=0, city=위례] (n=50) CPC=0.6913±0.0000  RMSE=278.5863±0.0000  %RMSE=5.4701±0.0000
[year=2023, split=val, task=1, city=검단] (n=50) CPC=0.5688±0.0143  RMSE=310.0987±7.9709  %RMSE=8.5464±0.1660
[year=2023, split=val, task=1, city=동탄] (n=50) CPC=0.5557±0.0085  RMSE=645.3145±5.2033  %RMSE=10.7707±0.1266
[year=2023, split=val, task=1, city=위례] (n=50) CPC=0.6865±0.0073  RMSE=279.6264±8.2179  %RMSE=5.4555±0.1568
[year=2023, split=val, task=2, city=검단] (n=50) CPC=0.4022±0.0438  RMSE=462.9308±84.3011  %RMSE=10.8956±1.4806
[year=2023, split=val, task=2, city=동탄] (n=50) CPC=0.3888±0.0479  RMSE=983.0045±173.3290  %RMSE=13.1826±1.5264
[year=2023, split=val, task=2, city=위례] (n=50) CPC=0.2974±0.0847  RMSE=904.8874±245.2216  %RMSE=12.3646±2.6112
[year=2023, split=val, task=3, city=검단] (n=50) CPC=0.1901±0.1586  RMSE=606461.7228±773987.1368  %RMSE=12218.0932±15905.1399
[year=2023, split=val, task=3, city=동탄] (n=50) CPC=0.3119±0.0812  RMSE=1271.1101±309.7048  %RMSE=14.4505±2.1495
[year=2023, split=val, task=3, city=위례] (n=50) CPC=0.1367±0.0834  RMSE=1623.7933±376.2029  %RMSE=15.5846±1.6882
[year=2023, split=val, task=4, city=검단] (n=50) CPC=0.3065±0.1336  RMSE=222254.8393±549591.3524  %RMSE=4599.4360±11443.2953
[year=2023, split=val, task=4, city=동탄] (n=50) CPC=0.3564±0.0617  RMSE=1094.0091±210.2083  %RMSE=13.8223±1.6819
[year=2023, split=val, task=4, city=위례] (n=50) CPC=0.2972±0.1380  RMSE=980.8382±405.8600  %RMSE=12.2476±3.1562

=== 도시별 성능 (모든 task) ===
[year=2019, split=test, city=감일동] (n=250) CPC=0.2546±0.0030  RMSE=70.5959±11.4162  %RMSE=16.1684±2.4455
[year=2019, split=test, city=다산] (n=250) CPC=0.1722±0.1238  RMSE=726793.5705±1351993.9273  %RMSE=31345.8492±58691.5160
[year=2019, split=test, city=랜덤1] (n=250) CPC=0.1037±0.0736  RMSE=752303.9002±1113864.1504  %RMSE=105576.2741±155662.1185
[year=2019, split=test, city=랜덤2] (n=250) CPC=0.1418±0.0952  RMSE=798414.5282±1315882.3010  %RMSE=61221.1682±100981.2827
[year=2019, split=test, city=랜덤3] (n=250) CPC=0.2040±0.1534  RMSE=705571.2313±1148634.6001  %RMSE=31531.7609±51357.2312
[year=2019, split=test, city=미사] (n=250) CPC=0.1346±0.1012  RMSE=665673.9870±1298373.0703  %RMSE=36695.8706±71763.2794
[year=2019, split=test, city=배곧] (n=250) CPC=0.3184±0.0072  RMSE=296.3775±14.2774  %RMSE=15.4232±0.6254
[year=2019, split=val, city=검단] (n=250) CPC=0.1949±0.1408  RMSE=671409.7481±1061247.1628  %RMSE=41806.6245±65689.1985
[year=2019, split=val, city=동탄] (n=250) CPC=0.2459±0.1772  RMSE=654729.9396±1044446.9986  %RMSE=20313.9201±32378.4445
[year=2019, split=val, city=위례] (n=250) CPC=0.2321±0.0681  RMSE=263.4002±28.5444  %RMSE=25.3726±4.3950
[year=2023, split=test, city=감일동] (n=250) CPC=0.2775±0.1433  RMSE=283.9194±36.6951  %RMSE=8.9883±1.5762
[year=2023, split=test, city=다산] (n=250) CPC=0.4316±0.2703  RMSE=1101.9431±627.4591  %RMSE=11.1824±4.9994
[year=2023, split=test, city=랜덤1] (n=250) CPC=0.4822±0.1937  RMSE=475.4841±306.1095  %RMSE=8.7616±3.9307
[year=2023, split=test, city=랜덤2] (n=250) CPC=0.3956±0.2167  RMSE=786.2065±445.8918  %RMSE=10.6187±2.9915
[year=2023, split=test, city=랜덤3] (n=250) CPC=0.4320±0.2100  RMSE=3467.3743±7757.0637  %RMSE=34.0716±77.8031
[year=2023, split=test, city=미사] (n=250) CPC=0.4064±0.2615  RMSE=798.5768±502.6948  %RMSE=9.2146±4.4771
[year=2023, split=test, city=배곧] (n=250) CPC=0.3999±0.2323  RMSE=594.8323±364.6980  %RMSE=10.7574±4.1725
[year=2023, split=val, city=검단] (n=250) CPC=0.4093±0.1778  RMSE=165959.0637±485919.3625  %RMSE=3369.0867±9976.0276
[year=2023, split=val, city=동탄] (n=250) CPC=0.4348±0.1155  RMSE=927.9481±309.1111  %RMSE=12.6161±2.0710
[year=2023, split=val, city=위례] (n=250) CPC=0.4218±0.2401  RMSE=813.5463±571.0577  %RMSE=10.2245±4.5256

===연도 종합===

=== task별 종합 성능 (모든 도시) ===
[split=test, task=0] (n=700) CPC=0.4608±0.2048  RMSE=343.2461±194.8630  %RMSE=20.9425±19.7857
[split=test, task=1] (n=700) CPC=0.4595±0.2041  RMSE=348.4419±176.0646  %RMSE=21.8184±20.4203
[split=test, task=2] (n=700) CPC=0.2353±0.1041  RMSE=696.1967±636.2121  %RMSE=19.6521±11.7991
[split=test, task=3] (n=700) CPC=0.1150±0.1221  RMSE=1041029.8788±1420220.9464  %RMSE=70557.6643±105395.3566
[split=test, task=4] (n=700) CPC=0.2132±0.1300  RMSE=263522.4248±756245.7369  %RMSE=24557.1046±78255.5340
[split=val, task=0] (n=300) CPC=0.4812±0.1419  RMSE=317.4298±152.1749  %RMSE=13.9168±7.4138
[split=val, task=1] (n=300) CPC=0.4773±0.1398  RMSE=321.1509±149.9948  %RMSE=14.1737±7.7395
[split=val, task=2] (n=300) CPC=0.2764±0.1078  RMSE=564.0095±308.3719  %RMSE=16.7251±6.1978
[split=val, task=3] (n=300) CPC=0.1542±0.1468  RMSE=891168.2129±1130346.5587  %RMSE=38353.8824±55245.5111
[split=val, task=4] (n=300) CPC=0.2266±0.1437  RMSE=352715.5686±777127.0788  %RMSE=16216.1724±39701.9547

=== task/도시별 성능 ===
[split=test, task=0, city=감일동] (n=100) CPC=0.3431±0.0877  RMSE=182.4973±116.4596  %RMSE=12.8248±2.4132
[split=test, task=0, city=다산] (n=100) CPC=0.5299±0.2204  RMSE=395.9254±49.7376  %RMSE=19.7326±14.7816
[split=test, task=0, city=랜덤1] (n=100) CPC=0.4351±0.2631  RMSE=272.4408±103.2844  %RMSE=40.1619±35.8704
[split=test, task=0, city=랜덤2] (n=100) CPC=0.4352±0.2019  RMSE=352.4409±30.7979  %RMSE=26.2947±18.7520
[split=test, task=0, city=랜덤3] (n=100) CPC=0.5057±0.1400  RMSE=656.8362±298.4455  %RMSE=17.7671±5.2354
[split=test, task=0, city=미사] (n=100) CPC=0.4819±0.2324  RMSE=291.3862±64.4419  %RMSE=19.3031±15.5125
[split=test, task=0, city=배곧] (n=100) CPC=0.4944±0.1739  RMSE=251.1961±41.3658  %RMSE=10.5136±4.7639
[split=test, task=1, city=감일동] (n=100) CPC=0.3403±0.0859  RMSE=187.8314±114.6922  %RMSE=13.6360±4.0018
[split=test, task=1, city=다산] (n=100) CPC=0.5216±0.2144  RMSE=418.3892±69.2391  %RMSE=20.2422±14.8815
[split=test, task=1, city=랜덤1] (n=100) CPC=0.4330±0.2627  RMSE=275.0341±103.8537  %RMSE=40.1662±35.8407
[split=test, task=1, city=랜덤2] (n=100) CPC=0.4345±0.2026  RMSE=350.0798±27.8714  %RMSE=26.2000±18.8372
[split=test, task=1, city=랜덤3] (n=100) CPC=0.5164±0.1467  RMSE=653.1498±201.9086  %RMSE=22.1162±14.4656
[split=test, task=1, city=미사] (n=100) CPC=0.4792±0.2298  RMSE=301.7802±68.3654  %RMSE=19.8124±15.9233
[split=test, task=1, city=배곧] (n=100) CPC=0.4918±0.1728  RMSE=252.8285±42.3525  %RMSE=10.5555±4.7959
[split=test, task=2, city=감일동] (n=100) CPC=0.2528±0.0372  RMSE=166.5836±101.4432  %RMSE=12.2512±4.5866
[split=test, task=2, city=다산] (n=100) CPC=0.2062±0.1063  RMSE=1046.0317±582.5098  %RMSE=19.5410±8.5647
[split=test, task=2, city=랜덤1] (n=100) CPC=0.2517±0.1347  RMSE=421.8814±182.1280  %RMSE=30.8199±21.3130
[split=test, task=2, city=랜덤2] (n=100) CPC=0.2218±0.0932  RMSE=523.1094±328.4142  %RMSE=20.1788±10.0098
[split=test, task=2, city=랜덤3] (n=100) CPC=0.2502±0.1040  RMSE=1552.2850±918.0022  %RMSE=24.8770±6.4404
[split=test, task=2, city=미사] (n=100) CPC=0.1637±0.0983  RMSE=658.6583±414.8660  %RMSE=14.9443±5.5426
[split=test, task=2, city=배곧] (n=100) CPC=0.3006±0.0687  RMSE=504.8278±221.0946  %RMSE=14.9526±1.4742
[split=test, task=3, city=감일동] (n=100) CPC=0.1634±0.0912  RMSE=171.8547±100.5392  %RMSE=11.9448±4.8346
[split=test, task=3, city=다산] (n=100) CPC=0.0506±0.0500  RMSE=1627858.9021±1626301.1409  %RMSE=71927.2367±71916.0974
[split=test, task=3, city=랜덤1] (n=100) CPC=0.1318±0.1463  RMSE=1235994.4923±1259622.3441  %RMSE=163440.5477±166504.8356
[split=test, task=3, city=랜덤2] (n=100) CPC=0.0644±0.0797  RMSE=1500164.1964±1541369.0017  %RMSE=109418.5856±112449.2315
[split=test, task=3, city=랜덤3] (n=100) CPC=0.1100±0.1590  RMSE=1320073.8047±1340611.1043  %RMSE=59727.9632±60573.7085
[split=test, task=3, city=미사] (n=100) CPC=0.0524±0.0519  RMSE=1602268.6318±1600898.1644  %RMSE=89362.7725±89354.7148
[split=test, task=3, city=배곧] (n=100) CPC=0.2323±0.1040  RMSE=677.2694±419.4134  %RMSE=14.5993±1.0725
[split=test, task=4, city=감일동] (n=100) CPC=0.2307±0.0621  RMSE=177.5214±114.7927  %RMSE=12.2348±4.1894
[split=test, task=4, city=다산] (n=100) CPC=0.2014±0.1186  RMSE=190019.5356±747934.4902  %RMSE=6405.8265±26108.4737
[split=test, task=4, city=랜덤1] (n=100) CPC=0.2132±0.1868  RMSE=644984.6122±993126.7248  %RMSE=100410.8938±154672.5074
[split=test, task=4, city=랜덤2] (n=100) CPC=0.1878±0.1342  RMSE=496612.0103±1024498.3555  %RMSE=43588.2083±91356.0973
[split=test, task=4, city=랜덤3] (n=100) CPC=0.2076±0.1489  RMSE=449660.4383±895058.2502  %RMSE=19121.8577±38435.7906
[split=test, task=4, city=미사] (n=100) CPC=0.1753±0.1151  RMSE=62660.9530±433787.4545  %RMSE=2345.8806±16306.8518
[split=test, task=4, city=배곧] (n=100) CPC=0.2766±0.0741  RMSE=541.9027±273.2461  %RMSE=14.8303±0.9259
[split=val, task=0, city=검단] (n=100) CPC=0.4592±0.1198  RMSE=242.4005±63.3265  %RMSE=13.9608±5.4986
[split=val, task=0, city=동탄] (n=100) CPC=0.4956±0.0656  RMSE=441.8463±204.4559  %RMSE=11.3139±0.4596
[split=val, task=0, city=위례] (n=100) CPC=0.4888±0.2025  RMSE=268.0426±10.5437  %RMSE=16.4756±11.0055
[split=val, task=1, city=검단] (n=100) CPC=0.4537±0.1156  RMSE=249.9026±61.7428  %RMSE=14.5279±6.0993
[split=val, task=1, city=동탄] (n=100) CPC=0.4926±0.0634  RMSE=442.0813±203.2879  %RMSE=11.2912±0.5386
[split=val, task=1, city=위례] (n=100) CPC=0.4856±0.2009  RMSE=271.4688±13.7257  %RMSE=16.7019±11.2865
[split=val, task=2, city=검단] (n=100) CPC=0.2919±0.1177  RMSE=390.5751±101.3759  %RMSE=18.1315±7.8651
[split=val, task=2, city=동탄] (n=100) CPC=0.3092±0.0918  RMSE=713.3192±301.2470  %RMSE=14.6385±2.2939
[split=val, task=2, city=위례] (n=100) CPC=0.2282±0.0946  RMSE=588.1341±362.3506  %RMSE=17.4052±6.4281
[split=val, task=3, city=검단] (n=100) CPC=0.0954±0.1468  RMSE=1499808.2057±1075288.6714  %RMSE=78679.7850±68442.7753
[split=val, task=3, city=동탄] (n=100) CPC=0.1565±0.1657  RMSE=1172752.1090±1197736.6424  %RMSE=36360.0047±37044.4039
[split=val, task=3, city=위례] (n=100) CPC=0.2108±0.0947  RMSE=944.3239±729.8167  %RMSE=21.8574±6.5324
[split=val, task=4, city=검단] (n=100) CPC=0.2104±0.1548  RMSE=592730.9455±919097.8859  %RMSE=34212.8727±58214.2398
[split=val, task=4, city=동탄] (n=100) CPC=0.2480±0.1472  RMSE=464795.3634±879146.2229  %RMSE=14419.0921±27391.5948
[split=val, task=4, city=위례] (n=100) CPC=0.2215±0.1249  RMSE=620.3969±461.6100  %RMSE=16.5525±5.7175

=== 도시별 성능 (모든 task) ===
[split=test, city=감일동] (n=500) CPC=0.2660±0.1020  RMSE=177.2577±110.0689  %RMSE=12.5783±4.1377
[split=test, city=다산] (n=500) CPC=0.3019±0.2470  RMSE=363947.7568±1022546.3663  %RMSE=15678.5158±44360.0313
[split=test, city=랜덤1] (n=500) CPC=0.2929±0.2394  RMSE=376389.6922±872730.3200  %RMSE=52792.5179±122071.5876
[split=test, city=랜덤2] (n=500) CPC=0.2687±0.2100  RMSE=399600.3674±1012336.8754  %RMSE=30615.8935±77687.1455
[split=test, city=랜덤3] (n=500) CPC=0.3180±0.2163  RMSE=354519.3028±884843.6386  %RMSE=15782.9163±39582.9728
[split=test, city=미사] (n=500) CPC=0.2705±0.2403  RMSE=333236.2819±976422.6897  %RMSE=18352.5426±53957.9636
[split=test, city=배곧] (n=500) CPC=0.3591±0.1693  RMSE=445.6049±298.1158  %RMSE=13.0903±3.7872
[split=val, city=검단] (n=500) CPC=0.3021±0.1929  RMSE=418684.4059±863163.7633  %RMSE=22587.8556±50760.7825
[split=val, city=동탄] (n=500) CPC=0.3404±0.1769  RMSE=327828.9438±807650.3422  %RMSE=10163.2681±25044.3122
[split=val, city=위례] (n=500) CPC=0.3270±0.2003  RMSE=538.4732±489.0052  %RMSE=17.7985±8.7900

===총 종합===

=== 전체 종합 (연도/task/도시 모두 무관) ===
[split=test] (n=3500) CPC=0.2968±0.2114  RMSE=261188.0377±824745.7391  %RMSE=19035.4364±64810.1971
[split=val] (n=1500) CPC=0.3231±0.1909  RMSE=249017.2743±705712.6247  %RMSE=10922.9741±33958.0337
[LOG] saved to C:\Users\금경훈\Desktop\mobility_foundation\KTxTS_project\src\gravity(경훈)\logs\gravity_linear_regression_mean_20260727_234533.log
