dong_code,dong_name,station_count_지하철,행정동전체면적_m2,주거지역비율_pct,상업업무지역비율_pct,공공시설지역비율_pct,station_count_고속철도,pop_0_19,pop_20_59,pop_60_plus,worker_count,business_count,station_count_준고속철도,station_count_일반철도,아파트비율_퍼센트,worker_density,business_density,station_density_지하철,기타지역비율_pct
11010720,청운효자동,1,2568560.06,11.7,2.03,2.99,0,2159.0,7625.0,2950.0,5615.0,987.0,0,0,5.92,0.0021860497200046547,0.00038426198996341837,3.8932319145229826e-07,83.28
11010530,사직동,6,1157671.3,13.77,11.5,4.4,0,1386.0,5706.0,2443.0,47503.0,3555.0,0,0,43.36,0.04103323629046489,0.0030708198432225896,5.182818300797619e-06,70.33
11010540,삼청동,1,1476086.24,7.05,4.24,2.77,0,316.0,1565.0,877.0,4600.0,724.0,0,0,0.0,0.0031163490826720507,0.0004904862469249054,6.774671918852284e-07,85.94
11010550,부암동,0,2273044.41,11.39,2.05,2.25,0,1554.0,6005.0,2541.0,3419.0,564.0,0,0,3.9,0.0015041501102853324,0.0002481253764846234,0.0,84.31
11010560,평창동,0,8940655.33,6.34,0.88,0.56,0,2937.0,11054.0,4668.0,3418.0,732.0,0,0,15.75,0.000382298598238903,8.187319306930281e-05,0.0,92.22
11010570,무악동,1,369245.48,10.53,3.51,1.82,0,1779.0,4941.0,1975.0,1226.0,229.0,0,0,94.4,0.0033202843809131996,0.0006201836241673105,2.708225433045024e-06,84.14
11010580,교남동,2,346667.13,30.87,16.22,5.42,0,1768.0,6573.0,2221.0,4557.0,389.0,0,0,63.78,0.013145174738281497,0.0011221138848346505,5.769223058275838e-06,47.489999999999995
11010600,가회동,1,539599.85,26.89,9.94,5.0,0,574.0,2585.0,1224.0,12789.0,744.0,0,0,0.0,0.02370089613583657,0.001378799493710408,1.8532251259548495e-06,58.17
11010610,종로1·2·3·4가동,15,2415326.73,3.2,25.41,1.99,0,449.0,4113.0,2665.0,108741.0,15466.0,0,0,33.17,0.04502123818235961,0.006403274475389906,6.210339915352941e-06,69.4
11010630,종로5·6가동,8,602712.83,14.14,35.72,3.24,0,394.0,3429.0,1520.0,24522.0,7223.0,0,0,9.99,0.04068604280349091,0.01198414840427432,1.3273319567242775e-05,46.9
11010640,이화동,3,781806.22,17.04,14.8,7.22,0,736.0,5230.0,1881.0,17222.0,1169.0,0,0,6.96,0.022028476570293488,0.0014952554355285733,3.837268012477091e-06,60.94
11010730,혜화동,2,1131570.13,26.5,9.45,8.2,0,2204.0,11182.0,3539.0,8684.0,1632.0,0,0,17.28,0.007674292356871648,0.001442243796224612,1.767455632628201e-06,55.85
11010670,창신1동,8,304915.08,19.08,33.28,4.73,0,440.0,3016.0,1787.0,5881.0,2152.0,0,0,49.69,0.019287337313087717,0.0070577027542534886,2.6236813212838246e-05,42.91
11010680,창신2동,5,257320.96,50.39,11.15,2.14,0,851.0,5262.0,2437.0,2171.0,820.0,0,0,13.64,0.008436934169356553,0.003186681722189025,1.943098611090869e-05,36.32
11010690,창신3동,3,216671.89,25.92,2.88,6.18,0,992.0,4330.0,1784.0,854.0,240.0,0,0,80.62,0.003941443442250794,0.0011076656043796144,1.3845820054745181e-05,65.02
11010700,숭인1동,5,239215.32,36.41,7.8,2.89,0,732.0,3810.0,1647.0,1509.0,457.0,0,0,36.58,0.006308124412503843,0.0019104127611095137,2.090167134693122e-05,52.900000000000006
11010710,숭인2동,6,351640.31,28.19,28.39,3.13,0,688.0,6313.0,2433.0,6852.0,1713.0,0,0,29.03,0.019485820609716622,0.0048714551524291555,1.7062890201152908e-05,40.29
11020520,소공동,8,943090.05,1.44,22.29,4.79,0,287.0,1369.0,394.0,64145.0,3849.0,0,0,60.44,0.06801577431478557,0.004081264562126583,8.482753051964839e-06,71.48
11020540,회현동,10,897156.11,3.72,29.06,1.1,3,430.0,2795.0,2020.0,45209.0,8559.0,1,4,67.11,0.05039145305435872,0.009540145694270086,1.1146332158277936e-05,66.12
11020550,명동,15,968876.26,2.45,33.91,3.26,0,234.0,1680.0,1022.0,110383.0,6959.0,0,0,32.63,0.11392889325088915,0.007182547748592968,1.5481853172710807e-05,60.38
11020570,필동,8,1463586.72,3.78,12.45,4.64,0,386.0,2433.0,1176.0,22422.0,2884.0,0,0,29.45,0.01531989850239062,0.001970501618093593,5.466023905946168e-06,79.13
11020580,장충동,13,1017158.94,9.2,8.44,1.61,0,512.0,3100.0,1096.0,9166.0,804.0,0,0,9.09,0.009011374367815012,0.000790436939965445,1.2780696790486051e-05,80.75
11020590,광희동,16,736648.89,6.3,42.32,1.57,0,343.0,2947.0,1615.0,36390.0,8432.0,0,0,42.79,0.04939938211202084,0.011446430062340196,2.1719981142960523e-05,49.81
11020600,을지로동,16,611191.82,0.86,55.93,3.57,0,88.0,1027.0,687.0,35329.0,8807.0,0,0,27.37,0.05780345685814638,0.014409551488853214,2.6178360829073627e-05,39.64
11020690,신당동,11,534537.95,17.15,29.39,6.69,0,586.0,5059.0,1881.0,29863.0,11433.0,0,0,23.44,0.05586694078398238,0.021388565582268045,2.0578520196356902e-05,46.77
11020700,다산동,9,523575.88,41.88,16.92,4.03,0,1554.0,9270.0,3702.0,9642.0,1324.0,0,0,10.32,0.01841566880394842,0.0025287643120128307,1.7189485504618937e-05,37.169999999999995
11020710,약수동,5,485866.14,18.95,8.26,2.07,0,2315.0,10127.0,5083.0,4027.0,736.0,0,0,80.83,0.008288291091692697,0.0015148205223456234,1.0290900287674071e-05,70.72
11020720,청구동,5,342312.11,27.45,7.17,4.9,0,1838.0,8739.0,3720.0,4328.0,790.0,0,0,76.19,0.012643432333940993,0.0023078353844300796,1.460655306601316e-05,60.480000000000004
11020650,신당5동,5,319464.44,25.5,18.64,5.12,0,1265.0,6866.0,2423.0,4006.0,1142.0,0,0,63.03,0.012539736816637878,0.0035747327620071034,1.565119422945317e-05,50.739999999999995
11020730,동화동,5,326798.38,17.48,14.75,3.36,0,1709.0,6577.0,2544.0,3987.0,947.0,0,0,81.45,0.012200182876910215,0.0028978111824514608,1.5299953444833478e-05,64.41
11020670,황학동,8,328391.19,15.29,41.12,2.11,0,1294.0,8647.0,2709.0,5602.0,1906.0,0,0,50.88,0.017058922926127863,0.005804053391145966,2.436118946965778e-05,41.480000000000004
11020680,중림동,9,484023.16,14.45,10.45,2.92,3,1856.0,7946.0,2820.0,7478.0,964.0,1,4,73.12,0.015449673936770925,0.0019916402346947274,1.8594151568726708e-05,72.18
11030510,후암동,5,865244.08,33.72,6.75,3.57,3,2419.0,11243.0,4234.0,3551.0,821.0,1,4,11.19,0.004104044259926008,0.0009488652034354415,5.778716220678694e-06,55.96
11030520,용산2가동,2,1965379.65,8.74,1.76,1.23,0,1099.0,6406.0,2897.0,2003.0,534.0,0,0,9.69,0.0010191415180216242,0.0002717032304660746,1.0176150953785564e-06,88.27
11030530,남영동,8,1176908.8,7.66,12.76,1.35,3,502.0,4888.0,2381.0,20308.0,1605.0,1,4,16.52,0.017255372718623097,0.0013637420333558238,6.797468079032143e-06,78.23
11030710,청파동,8,885524.09,35.33,13.13,8.18,3,2039.0,13135.0,4657.0,8433.0,1576.0,1,4,1.21,0.00952317401088972,0.001779737014249045,9.034198041873326e-06,43.36
11030720,원효로1동,9,588618.24,18.57,26.31,2.8,3,2262.0,10897.0,2832.0,10019.0,1710.0,0,4,54.34,0.017021219049939376,0.002905108750912899,1.529004605743631e-05,52.32
11030570,원효로2동,5,708448.69,16.03,10.99,4.49,3,2400.0,8800.0,3362.0,6759.0,870.0,0,4,68.46,0.009540563904359249,0.001228035300605496,7.057674141410896e-06,68.49
11030580,효창동,6,445853.9,22.87,7.03,3.07,0,1596.0,6560.0,2022.0,2115.0,351.0,0,0,46.22,0.004743706402372084,0.0007872534029468565,1.345732312729669e-05,67.03
11030590,용문동,6,277325.0,34.27,14.8,1.8,0,1779.0,7776.0,2889.0,1715.0,556.0,0,0,54.22,0.006184080050259296,0.0020048679346613228,2.163526548195672e-05,49.129999999999995
11030730,한강로동,10,2867675.94,4.84,11.67,1.4,3,1827.0,11866.0,4297.0,41402.0,4875.0,0,4,46.24,0.014437475107405486,0.0016999828788126599,3.4871443667951994e-06,82.09
11030630,이촌1동,6,2870622.46,4.11,0.83,0.73,0,5873.0,16365.0,6104.0,3590.0,790.0,0,0,99.47,0.0012505998437661126,0.00027520163692903315,2.0901390146508847e-06,94.33
11030640,이촌2동,1,1204647.71,2.98,1.6,0.5,0,1125.0,5253.0,2522.0,767.0,281.0,0,0,84.08,0.0006367006666153319,0.00023326321684342667,8.301182094072123e-07,94.92
11030650,이태원1동,2,582461.1,30.08,17.64,2.41,0,581.0,4144.0,2136.0,6984.0,1519.0,0,0,32.21,0.011990500309600239,0.002607899480281037,3.4337057014891866e-06,49.870000000000005
11030660,이태원2동,3,873587.44,27.68,5.32,1.76,0,973.0,5735.0,2546.0,2155.0,664.0,0,0,23.12,0.0024668394957410695,0.0007600841880148817,3.4341153072961524e-06,65.24000000000001
11030740,한남동,6,3029614.72,15.37,6.85,1.59,0,2331.0,13240.0,5063.0,17852.0,2020.0,0,0,40.07,0.0058924984362173525,0.0006667514475217932,1.9804498441241383e-06,76.19
11030690,서빙고동,5,2819832.47,5.8,1.43,0.92,0,2380.0,8101.0,2848.0,4641.0,372.0,0,0,61.55,0.0016458424567270626,0.0001319227308559507,1.7731549846229936e-06,91.85
11030700,보광동,2,714558.47,37.96,7.77,2.81,0,1337.0,9079.0,3869.0,1988.0,752.0,0,0,15.62,0.0027821376184543425,0.001052398133338866,2.7989312056884735e-06,51.46
11040520,왕십리2동,7,372143.46,26.67,10.9,2.52,0,2554.0,11102.0,3674.0,2650.0,717.0,0,0,77.84,0.007120909769390521,0.0019266763413784919,1.8809950334239114e-05,59.91
11040710,왕십리도선동,10,709747.34,16.93,14.42,3.9,0,4169.0,17872.0,5229.0,9902.0,2063.0,0,0,76.64,0.013951443621980305,0.0029066681672536222,1.4089520927065547e-05,64.75
11040540,마장동,7,1034489.29,15.55,18.95,4.02,0,3124.0,14864.0,5316.0,11518.0,2669.0,0,0,60.38,0.01113399637021729,0.0025800170439407833,6.766623944393212e-06,61.480000000000004
11040550,사근동,9,1168326.71,10.79,6.75,9.0,0,1262.0,8458.0,1982.0,10779.0,1009.0,0,0,38.93,0.00922601521273766,0.0008636282910893681,7.703324697526574e-06,73.46000000000001
11040560,행당1동,9,573130.4,18.81,17.05,4.6,0,2202.0,10321.0,3470.0,8551.0,1288.0,0,0,66.39,0.014919815804310507,0.002247307070044665,1.570323263229968e-05,59.540000000000006
11040570,행당2동,8,457322.18,16.47,3.77,4.23,0,4282.0,15152.0,5120.0,1937.0,514.0,0,0,95.72,0.004235526035403847,0.0011239341157447485,1.749313798824511e-05,75.53
11040580,응봉동,2,553164.58,13.8,3.25,2.36,0,3079.0,9652.0,3389.0,927.0,268.0,0,0,73.49,0.001675812287155555,0.0004844851056717247,3.6155604900874974e-06,80.59
11040590,금호1가동,3,445096.95,13.9,4.63,3.32,0,2516.0,9804.0,3533.0,2006.0,464.0,0,0,84.13,0.004506883275553632,0.0010424695113942597,6.740104599531852e-06,78.15
11040720,금호2·3가동,2,630718.95,28.83,6.23,2.75,0,3480.0,15018.0,5466.0,2535.0,878.0,0,0,67.59,0.004019222824936223,0.0013920621855203169,3.170984477267237e-06,62.19
11040620,금호4가동,4,831211.83,10.74,3.24,2.66,0,2486.0,9354.0,3238.0,1939.0,579.0,0,0,84.08,0.0023327386954738994,0.0006965733391848313,4.812251047909024e-06,83.36
11040730,옥수동,4,1920719.09,5.76,1.9,1.35,0,4425.0,16910.0,5611.0,4126.0,805.0,0,0,94.32,0.0021481537937848676,0.00041911386427455604,2.082553362854937e-06,90.99
11040650,성수1가1동,4,1884441.5,6.08,4.48,3.08,0,2345.0,11134.0,3352.0,10606.0,1682.0,0,0,63.27,0.005628192756285465,0.0008925721493562279,2.122644826055239e-06,86.36
11040660,성수1가2동,4,929378.45,13.61,13.66,2.91,0,1898.0,9442.0,2998.0,21371.0,2736.0,0,0,51.99,0.02299493817590676,0.002943902992339193,4.303951743185955e-06,69.82
11040670,성수2가1동,1,1184060.91,13.18,15.01,3.04,0,1919.0,10917.0,4236.0,18235.0,2367.0,0,0,43.25,0.015400390170676266,0.001999052565615066,8.445511472813966e-07,68.77
11040680,성수2가3동,3,1053696.73,5.51,34.24,1.5,0,1208.0,7495.0,2639.0,52912.0,5468.0,0,0,50.65,0.05021558717326364,0.005189348931497686,2.8471190187441587e-06,58.75
11040690,송정동,1,681394.47,18.28,7.27,1.83,0,1255.0,7121.0,2584.0,2591.0,593.0,0,0,32.36,0.003802496371832861,0.0008702741599756413,1.4675786846132232e-06,72.62
11040700,용답동,5,2375334.16,6.52,9.84,14.71,0,1214.0,7948.0,3070.0,13189.0,1774.0,0,0,13.97,0.005552481929508593,0.0007468422884940666,2.10496699124596e-06,68.93
11050530,화양동,4,1135446.81,19.88,12.92,9.96,0,1277.0,17629.0,3151.0,14945.0,2369.0,0,0,18.53,0.013162219373242483,0.00208640332520652,3.5228422544643648e-06,57.239999999999995
11050540,군자동,3,737460.14,34.13,14.26,7.41,0,2101.0,13600.0,4165.0,9904.0,1476.0,0,0,16.45,0.013429878392974163,0.0020014641062227247,4.068016476062448e-06,44.199999999999996
11050550,중곡1동,3,614033.6,28.94,18.88,3.5,0,1667.0,10580.0,3585.0,6146.0,1446.0,0,0,3.86,0.010009224250757464,0.0023549199913106564,4.885726123051154e-06,48.68
11050560,중곡2동,4,545123.04,45.07,19.9,3.38,0,2852.0,14724.0,4649.0,6790.0,1505.0,0,0,5.67,0.012455903533036213,0.002760844597528645,7.337792950242247e-06,31.650000000000006
11050570,중곡3동,2,601404.25,31.3,16.15,3.96,0,1943.0,11071.0,4048.0,4369.0,1127.0,0,0,11.71,0.00726466432508143,0.001873947515304823,3.3255501602570063e-06,48.59
11050580,중곡4동,3,2311686.98,15.82,4.48,1.53,0,3867.0,19080.0,7168.0,4453.0,1226.0,0,0,4.27,0.0019262988624786635,0.0005303486201210063,1.2977535565766877e-06,78.17
11050590,능동,4,1091266.62,16.51,4.6,1.3,0,1191.0,8134.0,2270.0,5658.0,737.0,0,0,0.79,0.005184800759275631,0.0006753619935641816,3.665465365341556e-06,77.59
11050630,광장동,1,2391913.44,6.25,3.95,3.28,0,9176.0,21488.0,5229.0,16050.0,1334.0,0,0,84.64,0.006710109041376053,0.0005577124897941218,4.18075329680751e-07,86.52
11050640,자양1동,1,568431.37,45.56,9.3,2.96,0,2773.0,15415.0,4857.0,8826.0,1619.0,0,0,14.84,0.015526940393604124,0.0028481890434222837,1.7592273276233995e-06,42.17999999999999
11050650,자양2동,2,1656250.45,13.36,4.78,3.53,0,3863.0,16833.0,5764.0,5878.0,1216.0,0,0,38.95,0.0035489801678028282,0.0007341884797632254,1.2075468417158314e-06,78.33
11050660,자양3동,4,1195503.4,10.33,5.43,2.57,0,5320.0,18011.0,5859.0,6010.0,1149.0,0,0,81.08,0.005027170980818397,0.0009611014071481428,3.3458708690971027e-06,81.67
11050670,자양4동,4,1179121.32,19.47,11.0,1.62,0,1756.0,11554.0,5144.0,6012.0,1658.0,0,0,28.81,0.005098711979823257,0.0014061318134642317,3.3923566066688336e-06,67.91
11050600,구의1동,1,594547.34,42.44,9.86,2.9,0,2304.0,15655.0,4360.0,6875.0,1646.0,0,0,4.26,0.0115634189867612,0.002768492749412209,1.6819518526198108e-06,44.800000000000004
11050610,구의2동,2,1386971.89,20.76,5.33,5.66,0,4395.0,16991.0,6058.0,5643.0,1040.0,0,0,17.94,0.004068575607512359,0.0007498349515883135,1.4419902915159874e-06,68.25
11050620,구의3동,2,1026770.22,15.52,9.55,2.03,0,4745.0,19289.0,5759.0,16460.0,2611.0,0,0,62.49,0.016030850602425626,0.002542925329461319,1.947855480246127e-06,72.9
11060810,용신동,9,1617172.39,19.66,23.64,2.59,0,2945.0,19927.0,7736.0,28388.0,5015.0,1,3,39.9,0.017554096381663095,0.0031010917765971688,5.565269389705786e-06,54.11
11060820,제기동,7,1180807.75,23.79,27.69,2.78,0,2558.0,14786.0,7590.0,13355.0,4487.0,1,3,37.6,0.011310054494380562,0.003799941184296936,5.9281453733181526e-06,45.739999999999995
11060830,전농1동,6,1125837.19,26.35,18.89,2.54,0,4086.0,18683.0,7769.0,7608.0,2068.0,1,3,46.55,0.006757637842761637,0.001836855291644462,5.3293673838814175e-06,52.22
11060840,전농2동,3,976821.14,12.11,4.35,10.21,0,3182.0,11360.0,4958.0,4681.0,748.0,0,0,83.93,0.004792074831582862,0.0007657491933398806,3.071186604304334e-06,73.33
11060910,답십리1동,6,787641.35,21.89,12.79,3.46,0,4882.0,18738.0,5732.0,7660.0,1590.0,1,3,75.82,0.009725238523730056,0.002018685281035351,7.617680305793777e-06,61.86
11060860,답십리2동,2,875076.27,16.72,15.5,1.73,0,4211.0,18345.0,7602.0,7259.0,1902.0,0,0,80.87,0.008295276936165859,0.0021735248288452217,2.285515067134828e-06,66.05
11060870,장안1동,2,1341140.8,16.48,21.12,2.37,0,5419.0,24172.0,8912.0,20112.0,4020.0,0,0,51.36,0.01499618831956349,0.002997448142633514,1.4912677326534896e-06,60.03
11060880,장안2동,0,995877.08,20.16,20.13,3.25,0,5876.0,19742.0,7106.0,11143.0,2711.0,0,0,57.35,0.011189131895562964,0.0027222235097254955,0.0,56.46
11060800,청량리동,4,1203482.1,17.07,9.35,6.65,0,2211.0,11614.0,7332.0,8132.0,1476.0,1,3,58.3,0.006757059369584664,0.001226441174312219,3.3236888192743064e-06,66.93
11060710,회기동,3,766332.52,16.49,10.71,6.45,0,1254.0,7030.0,2037.0,10776.0,992.0,0,0,45.89,0.014061780909231651,0.0012944772329211022,3.914749696333979e-06,66.35
11060720,휘경1동,4,521397.63,26.06,13.15,1.7,0,1628.0,9494.0,3420.0,3477.0,849.0,0,0,51.11,0.006668614891734958,0.0016283158018645324,7.67168811243596e-06,59.09
11060730,휘경2동,3,1112757.51,18.49,6.16,4.26,0,3553.0,15372.0,5405.0,4334.0,625.0,0,0,60.44,0.003894828802333629,0.0005616677437606179,2.696005170050966e-06,71.09
11060890,이문1동,5,1038808.8,40.8,8.49,5.76,0,2198.0,12155.0,4492.0,6099.0,1070.0,0,0,34.04,0.005871147799230512,0.0010300259296895633,4.813205278923194e-06,44.95
11060900,이문2동,2,723336.14,18.88,12.85,1.91,0,3339.0,12139.0,5204.0,2126.0,521.0,0,0,74.86,0.0029391591023927113,0.0007202737028911583,2.764966229908477e-06,66.36
11070520,면목2동,6,762536.38,30.79,15.26,2.79,0,3222.0,16080.0,6295.0,5974.0,1730.0,1,0,36.94,0.007834380308414475,0.002268744213852869,7.868477042264286e-06,51.16
11070540,면목4동,2,842818.46,18.77,6.72,3.12,0,2529.0,12082.0,5144.0,3561.0,894.0,0,0,52.8,0.004225109165214238,0.0010607266480487302,2.372990264091119e-06,71.39
11070550,면목5동,2,704395.21,14.87,8.95,1.87,0,1206.0,6040.0,2454.0,2889.0,669.0,0,0,8.85,0.004101390751874912,0.0009497509217737335,2.839315162253314e-06,74.31
11070710,면목본동,5,848365.78,46.52,16.02,3.37,0,4031.0,22829.0,8481.0,7328.0,2219.0,1,0,9.17,0.008637783574808525,0.002615617051378291,5.893684207702323e-06,34.09
11070570,면목7동,2,1234524.02,15.81,6.36,1.3,0,2565.0,13453.0,5854.0,4105.0,1247.0,0,0,46.12,0.003325168189086145,0.001010105902994013,1.6200575829895956e-06,76.53
11070720,면목3·8동,2,1613531.43,16.35,6.81,2.3,0,2969.0,16185.0,6987.0,7338.0,1790.0,0,0,30.6,0.004547788697214607,0.0011093679160553483,1.2395172246428474e-06,74.53999999999999
11070590,상봉1동,7,853561.84,18.05,6.89,4.09,0,4147.0,15797.0,5390.0,6369.0,904.0,1,0,67.87,0.0074616737785810384,0.001059091395169926,8.200928944899869e-06,70.97
11070600,상봉2동,8,676924.95,25.36,22.27,1.32,0,1752.0,13573.0,4186.0,9150.0,2003.0,1,0,24.67,0.013517008052170083,0.002958969085081604,1.181814911665144e-05,51.05
11070610,중화1동,6,641000.91,28.5,6.55,5.2,0,2885.0,12847.0,4994.0,3345.0,844.0,1,0,37.41,0.005218401327929185,0.0013166907984371397,9.360361126330378e-06,59.75
11070620,중화2동,7,1016175.92,31.79,11.88,2.3,0,2565.0,16914.0,7241.0,6462.0,1802.0,1,0,13.23,0.006359135138664188,0.0017733149984328176,6.888571026098625e-06,54.03
11070640,묵1동,6,1237485.18,21.66,4.83,3.36,0,5938.0,21926.0,7972.0,5386.0,1205.0,0,0,58.91,0.004352375355280195,0.0009737490351118892,4.848542913420195e-06,70.15
11070650,묵2동,6,668690.76,27.5,9.8,3.48,0,2532.0,12237.0,4895.0,4087.0,1210.0,0,0,31.2,0.0061119432844247475,0.0018095060861644102,8.972757452054927e-06,59.22
11070730,망우본동,5,2945831.54,9.54,7.3,2.17,0,3640.0,18715.0,8356.0,10522.0,2347.0,0,1,41.24,0.0035718267854394285,0.0007967190140112468,1.6973136216686127e-06,80.99000000000001
11070680,망우3동,0,961818.53,22.1,6.0,2.39,0,2198.0,10715.0,4661.0,3515.0,901.0,0,0,1.67,0.0036545355390101026,0.000936767146699318,0.0,69.50999999999999
11070690,신내1동,7,2604936.63,6.98,3.58,1.63,0,7630.0,23648.0,9439.0,10867.0,1366.0,0,1,87.56,0.00417169457207037,0.0005243889560548566,2.687205484907757e-06,87.81
11070700,신내2동,3,910579.92,6.3,2.94,3.49,0,3435.0,12908.0,5473.0,6176.0,826.0,0,0,95.74,0.006782490876728509,0.0009071142267127182,3.294603728980817e-06,87.27
11080810,성북동,3,2877749.92,19.01,2.53,2.22,0,2159.0,10745.0,4150.0,5246.0,1103.0,0,0,10.54,0.0018229520096665558,0.00038328556360316644,1.042481134006799e-06,76.24
11080820,삼선동,7,925528.35,35.39,7.84,6.02,0,3453.0,16247.0,5637.0,8778.0,1693.0,0,0,39.47,0.009484312392921468,0.0018292254364566012,7.563247522265923e-06,50.75
11080830,동선동,5,724236.31,30.77,13.21,7.61,0,1649.0,10756.0,3020.0,9907.0,1981.0,0,0,21.19,0.0136792368223891,0.002735295058559888,6.903823974154184e-06,48.41
11080580,돈암1동,1,488925.35,14.43,2.29,3.33,0,2419.0,9417.0,3982.0,2012.0,282.0,0,0,91.94,0.004115147639529937,0.0005767751661766613,2.045302007718657e-06,79.95
11080590,돈암2동,4,518117.17,17.43,1.61,3.46,0,5225.0,14889.0,4814.0,2376.0,320.0,0,0,94.67,0.004585835285007331,0.0006176209138057011,7.720261422571264e-06,77.5
11080600,안암동,9,1378526.39,15.61,6.49,9.52,0,1463.0,10947.0,2996.0,13244.0,1330.0,0,0,27.73,0.009607360509002608,0.0009647983597835599,6.528710705302285e-06,68.38
11080610,보문동,10,552588.39,32.72,9.65,3.93,0,2092.0,10753.0,3436.0,5199.0,1032.0,0,0,51.48,0.009408449569318522,0.0018675745250118707,1.8096652374146035e-05,53.7
11080620,정릉1동,3,411654.23,32.16,5.35,1.97,0,3421.0,11365.0,4155.0,1833.0,614.0,0,0,77.18,0.0044527660992466234,0.0014915430359724096,7.287669556868451e-06,60.52
11080630,정릉2동,2,1094064.49,26.51,3.41,2.54,0,3617.0,13875.0,6057.0,2722.0,665.0,0,0,39.29,0.0024879703389103875,0.0006078252297484966,1.8280458037548768e-06,67.53999999999999
11080640,정릉3동,1,3324627.61,9.53,1.23,2.75,0,1804.0,9449.0,4382.0,4611.0,564.0,0,0,14.39,0.0013869222484096892,0.00016964305966234324,3.007855667772043e-07,86.49
11080650,정릉4동,2,3568232.31,6.79,1.07,1.4,0,4235.0,15549.0,6607.0,3910.0,708.0,0,0,57.81,0.0010957806724162088,0.0001984175744426281,5.605016227192884e-07,90.74
11080660,길음1동,2,796710.28,15.83,3.95,5.01,0,9206.0,21510.0,6165.0,3751.0,843.0,0,0,96.13,0.004708110456354246,0.0010581010703030202,2.510322823969206e-06,75.21000000000001
11080680,길음2동,2,587556.54,21.58,12.78,1.26,0,2784.0,10162.0,3540.0,4743.0,921.0,0,0,85.93,0.008072414613782148,0.0015675087200702844,3.4039277308800966e-06,64.38
11080840,종암동,3,1403462.33,21.32,8.69,3.34,0,6795.0,24326.0,9069.0,8428.0,1776.0,0,0,65.28,0.006005148709577369,0.001265441873304391,2.137570731933093e-06,66.65
11080710,월곡1동,2,801148.51,19.63,9.62,4.32,0,5014.0,15870.0,6441.0,5131.0,1087.0,0,0,74.26,0.006404555380045523,0.0013568021239737835,2.496416051469703e-06,66.43
11080720,월곡2동,3,1363862.64,14.2,6.06,5.48,0,2761.0,12319.0,4867.0,8819.0,1422.0,0,0,58.2,0.006466193692302722,0.0010426269906400353,2.1996350013502853e-06,74.26
11080760,장위1동,0,708007.19,49.44,9.21,2.67,0,2705.0,12415.0,5268.0,2068.0,716.0,0,0,1.58,0.0029208742922099303,0.001011289165001117,0.0,38.68
11080770,장위2동,2,679375.79,45.22,16.92,3.1,0,1561.0,7938.0,4233.0,3048.0,938.0,0,0,5.85,0.004486471323853232,0.0013806791672487965,2.943878821426005e-06,34.75999999999999
11080780,장위3동,3,652103.78,26.55,10.0,2.36,0,3206.0,10592.0,3568.0,2188.0,454.0,0,0,70.39,0.0033552941526676125,0.0006962082016961134,4.6004947248641855e-06,61.09
11080850,석관동,7,1703758.66,20.56,8.79,4.25,0,4527.0,21569.0,9474.0,9602.0,1779.0,0,0,45.77,0.005635774728765659,0.0010441619706804944,4.108563122407791e-06,66.4
11090690,삼양동,4,923394.32,38.13,5.91,3.34,0,3601.0,14911.0,6833.0,3262.0,812.0,0,0,33.14,0.003532618654146231,0.0008793643001737399,4.331843843220393e-06,52.62
11090700,미아동,4,840567.73,30.42,12.11,4.48,0,2368.0,13823.0,6098.0,6657.0,1573.0,0,0,16.42,0.007919647355390153,0.0018713542571772135,4.758688511575877e-06,52.989999999999995
11090710,송중동,2,1074979.98,32.45,11.58,3.6,0,3807.0,18577.0,8165.0,8372.0,1878.0,0,0,33.4,0.007788052015556717,0.0017470092791705106,1.8604997648248248e-06,52.37
11090720,송천동,4,929209.31,45.24,12.93,3.96,0,3078.0,16659.0,8404.0,7758.0,1826.0,0,0,17.36,0.008349033868285833,0.0019651116065338915,4.304735173130102e-06,37.87
11090730,삼각산동,2,621441.32,14.14,2.7,3.38,0,7425.0,19333.0,6009.0,2070.0,605.0,0,0,99.12,0.0033309661481259255,0.0009735432461913937,3.2183247807979955e-06,79.78
1130559000,Unknown,0,,,,,0,,,,,,0,0,,,,,
1130560000,Unknown,0,,,,,0,,,,,,0,0,,,,,
1130560600,Unknown,0,,,,,0,,,,,,0,0,,,,,
1130561000,Unknown,0,,,,,0,,,,,,0,0,,,,,
1130562000,Unknown,0,,,,,0,,,,,,0,0,,,,,
1130563000,Unknown,0,,,,,0,,,,,,0,0,,,,,
11090740,우이동,4,10579790.16,3.01,1.02,0.42,0,2699.0,12213.0,6335.0,4032.0,794.0,0,0,12.81,0.00038110396699930283,7.504874746960477e-05,3.780793323405782e-07,95.55
11090750,인수동,3,2995754.95,14.6,3.84,2.24,0,4117.0,18659.0,9454.0,5377.0,1178.0,0,0,6.7,0.0017948731086906995,0.0003932230838827681,1.001417021772754e-06,79.32
11100590,창1동,4,1121318.04,12.45,4.23,2.58,0,4105.0,15748.0,6248.0,3255.0,835.0,0,0,78.29,0.002902833882857152,0.000744659383159976,3.567230578011861e-06,80.74000000000001
11100600,창2동,1,653945.32,33.44,12.67,2.88,0,4491.0,18646.0,7080.0,4097.0,1079.0,0,0,30.13,0.006265049805597432,0.0016499850476542905,1.5291798402727438e-06,51.010000000000005
11100610,창3동,0,654987.26,25.96,8.84,3.22,0,2021.0,8743.0,3914.0,1954.0,699.0,0,0,28.77,0.00298326413245071,0.001067196329878734,0.0,61.98
11100620,창4동,3,1139307.14,5.97,6.16,3.02,0,4806.0,16995.0,5973.0,7302.0,1091.0,0,0,97.16,0.006409158464447005,0.0009575995459753057,2.6331793198221053e-06,84.85
11100630,창5동,3,700942.91,13.81,12.66,3.7,0,3847.0,15686.0,6151.0,6455.0,1253.0,0,0,76.09,0.009209023884567019,0.0017875920878950386,4.279949133028823e-06,69.83
11100640,도봉1동,4,8445069.22,3.19,1.41,0.72,0,2282.0,12381.0,7478.0,5483.0,1343.0,0,0,16.27,0.0006492545954517951,0.00015902770776796658,4.736491668442787e-07,94.68
11100650,도봉2동,5,1118179.21,11.33,6.73,4.77,0,3696.0,16014.0,8854.0,5950.0,1057.0,0,0,82.89,0.005321150623026508,0.0009452867577376502,4.471555145400427e-06,77.17
11100510,쌍문1동,3,1174885.56,21.98,4.11,5.45,0,3065.0,12983.0,6064.0,3540.0,622.0,0,0,27.29,0.0030130594165868113,0.0005294132647223154,2.5534401835481453e-06,68.46000000000001
11100520,쌍문2동,1,540781.8,29.0,10.59,3.14,0,2675.0,11783.0,5367.0,5325.0,1033.0,0,0,45.01,0.009846855053002026,0.0019101974215495012,1.849174657840756e-06,57.269999999999996
11100530,쌍문3동,1,504422.93,33.88,12.5,3.74,0,2044.0,10451.0,4591.0,4050.0,834.0,0,0,37.49,0.008028976795166133,0.001653374480782359,1.98246340621386e-06,49.879999999999995
11100540,쌍문4동,1,554447.02,12.57,1.61,3.34,0,3476.0,11880.0,4410.0,1907.0,425.0,0,0,89.4,0.0034394629805488096,0.000766529505366148,1.803598836155642e-06,82.48
11100550,방학1동,1,1040065.54,18.82,12.24,5.04,0,4117.0,17689.0,7955.0,13315.0,2012.0,0,0,51.85,0.01280207783816391,0.0019344934743061048,9.614778699334518e-07,63.9
11100560,방학2동,1,1091985.61,22.68,6.13,2.16,0,2664.0,12329.0,5957.0,2620.0,930.0,0,0,4.07,0.002399299016381733,0.00085165957451718,9.157629833518064e-07,69.03
11100570,방학3동,2,1949549.81,4.87,1.51,1.21,0,5107.0,16596.0,7000.0,2797.0,526.0,0,0,95.26,0.001434690196494981,0.00026980587892612087,1.0258778666392428e-06,92.41
11110510,월계1동,6,1140714.92,14.69,7.34,4.09,0,3214.0,14152.0,5834.0,6586.0,1249.0,0,0,57.07,0.005773572243573587,0.0010949273811453704,5.259859316951339e-06,73.88
11110520,월계2동,2,2003257.45,4.83,1.14,3.17,0,4094.0,15382.0,7664.0,2794.0,469.0,0,0,94.29,0.0013947283710269256,0.00023411868504353187,9.983739234265751e-07,90.86
11110530,월계3동,9,1133291.0,6.96,5.8,2.14,0,4823.0,18380.0,8193.0,3634.0,569.0,0,0,99.44,0.003206590363788236,0.0005020775775992037,7.941473107896017e-06,85.1
11110790,공릉1동,6,1262293.21,17.82,11.85,3.13,0,5283.0,24040.0,9000.0,11480.0,2373.0,0,0,64.83,0.009094558941586206,0.0018799118787790998,4.753253802222756e-06,67.2
11110560,공릉2동,4,6978055.84,3.36,1.53,3.0,0,7899.0,25116.0,7428.0,11043.0,1436.0,0,0,83.73,0.0015825324779837496,0.00020578797775827804,5.732255647862898e-07,92.11
11110580,하계1동,1,1525890.48,7.09,3.93,6.77,0,4900.0,17697.0,6090.0,7861.0,950.0,0,0,88.11,0.0051517458841138335,0.0006225872776883529,6.553550291456346e-07,82.21000000000001
11110590,하계2동,2,499641.43,11.27,1.13,3.78,0,4628.0,14192.0,4438.0,1037.0,231.0,0,0,100.0,0.00207548841572094,0.000462331556443141,4.002870618555334e-06,83.82
11110600,중계본동,0,2181556.34,9.54,2.22,1.74,0,6315.0,15496.0,3993.0,5404.0,1007.0,0,0,76.49,0.0024771306158314615,0.0004615970633127834,0.0,86.5
11110610,중계1동,0,622972.96,10.41,4.64,4.55,0,7956.0,16545.0,3478.0,4036.0,881.0,0,0,97.79,0.006478611848474473,0.001414186580402877,0.0,80.4
11110640,중계4동,1,1518104.8,4.17,2.19,2.27,0,3789.0,12166.0,5304.0,3711.0,847.0,0,0,94.0,0.0024444952680312683,0.000557932495829287,6.587160517465018e-07,91.37
11110780,중계2·3동,3,918380.5,9.89,2.78,5.51,0,5869.0,21097.0,9643.0,4833.0,1062.0,0,0,95.01,0.005262524628895512,0.001156383438006835,3.2666198813752405e-06,81.82
11110650,상계1동,3,5398483.7,3.18,1.96,1.41,0,6163.0,23913.0,9879.0,7919.0,1584.0,0,0,78.61,0.0014668933797068484,0.0002934157233811905,5.557115973128608e-07,93.45
11110660,상계2동,3,622648.95,17.34,20.59,5.19,0,3115.0,13147.0,4782.0,10394.0,2518.0,0,0,62.42,0.016693194455452098,0.004044012280048911,4.818124241519751e-06,56.879999999999995
11110760,상계3·4동,3,5207882.55,5.8,1.62,0.76,0,3344.0,14362.0,7991.0,3470.0,879.0,0,0,52.31,0.0006662976683284337,0.00016878260820192887,5.760498573444671e-07,91.82
11110690,상계5동,3,906196.88,19.42,8.97,2.69,0,3472.0,14980.0,6883.0,4741.0,1372.0,0,0,56.06,0.005231754936021941,0.001514019778996436,3.3105388753566386e-06,68.92
11110770,상계6·7동,5,1449188.09,7.11,4.54,6.26,0,6130.0,21484.0,6878.0,15493.0,1650.0,0,0,99.01,0.01069081377828125,0.0011385685621999654,3.4502077642423194e-06,82.09
11110720,상계8동,2,665840.22,8.4,1.48,4.66,0,5091.0,14886.0,3927.0,1605.0,392.0,0,0,99.86,0.0024104882098829887,0.0005887298307003934,3.0037236260224155e-06,85.46
11110730,상계9동,1,718895.62,7.33,1.77,3.25,0,3944.0,13145.0,4736.0,2269.0,447.0,0,0,100.0,0.0031562301074646104,0.0006217870683281979,1.3910225242241563e-06,87.65
11110740,상계10동,3,808596.89,4.76,4.6,2.85,0,2584.0,10591.0,3380.0,1985.0,312.0,0,0,98.81,0.002454869694064061,0.00038585357407959047,3.710130519996062e-06,87.79
11120510,녹번동,4,1792888.49,21.08,4.9,3.38,0,5246.0,23319.0,9394.0,9117.0,1540.0,0,0,40.88,0.005085090372770004,0.000858949125158035,2.231036688722169e-06,70.64
11120520,불광1동,5,3122614.02,13.31,1.99,1.48,0,5564.0,24497.0,10549.0,6746.0,1357.0,0,0,53.15,0.0021603694714655754,0.0004345718014792152,1.601222555192392e-06,83.22
11120720,불광2동,3,1395058.32,30.2,3.9,3.09,0,3362.0,17861.0,8026.0,3712.0,1056.0,0,0,10.03,0.0026608206601523234,0.0007569576015950576,2.1504477318041407e-06,62.81
11120550,갈현1동,2,960364.39,36.81,8.42,1.71,0,3023.0,15006.0,6259.0,4731.0,1317.0,0,0,12.71,0.004926255126921915,0.0013713544709693854,2.082542856445536e-06,53.06
11120560,갈현2동,3,984441.11,33.18,10.98,4.64,0,4451.0,18445.0,6875.0,5759.0,1353.0,0,0,14.74,0.005850019814736811,0.0013743838877129544,3.047414385172848e-06,51.2
11120570,구산동,1,1388754.76,23.75,4.49,3.73,0,5083.0,20025.0,8462.0,5114.0,820.0,0,0,25.47,0.003682435623092428,0.000590457022083651,7.200695391264036e-07,68.03
11120580,대조동,6,851064.69,45.5,16.48,3.33,0,3232.0,17435.0,6855.0,7682.0,2228.0,0,0,18.64,0.0090263408765199,0.0026178973539294896,7.049992874136866e-06,34.69
11120590,응암1동,3,1109043.83,18.99,8.7,2.95,0,4143.0,15412.0,5783.0,7617.0,1447.0,0,0,30.81,0.006868078423853923,0.0013047275146798774,2.7050328569727937e-06,69.36
11120600,응암2동,2,754690.32,17.53,4.17,1.08,0,5047.0,15325.0,4869.0,1942.0,547.0,0,0,76.95,0.0025732409022740186,0.0007248006042965438,2.650093617172007e-06,77.22
11120730,응암3동,3,752218.74,30.81,13.25,3.7,0,2937.0,15240.0,7523.0,4919.0,1545.0,0,0,12.4,0.00653932126170455,0.0020539238360100694,3.988201623320523e-06,52.24
11120740,역촌동,3,1156690.82,45.97,12.58,2.96,0,7041.0,29660.0,11370.0,7240.0,2027.0,0,0,11.73,0.006259235289804934,0.001752412974093177,2.593605783068343e-06,38.49
11120650,신사1동,2,807720.03,30.33,6.87,2.16,0,4087.0,17374.0,6859.0,3768.0,1029.0,0,0,31.65,0.004664982741548888,0.0012739562741650228,2.476105489144845e-06,60.64
11120660,신사2동,1,1045454.26,20.7,3.38,2.31,0,3172.0,13103.0,5452.0,2596.0,586.0,0,0,36.58,0.002483131112761613,0.0005605218921719203,9.565220002933794e-07,73.61
11120670,증산동,6,807136.37,24.01,7.5,2.14,0,2191.0,9459.0,4377.0,3422.0,746.0,0,0,37.77,0.00423968009266836,0.0009242552159937453,7.433688064292857e-06,66.35
11120680,수색동,4,1288994.08,13.73,5.81,1.35,0,1061.0,5233.0,2584.0,2245.0,428.0,0,0,69.56,0.001741668200665889,0.00033204186631848574,3.1031950123222968e-06,79.11
11120710,진관동,2,11556755.59,3.06,1.03,0.94,0,12750.0,33921.0,11090.0,12063.0,1630.0,0,0,81.14,0.001043805063285029,0.00014104304510939212,1.7305895105446885e-07,94.97
11130520,천연동,2,982085.8,10.4,3.85,2.93,0,2999.0,10936.0,4458.0,3001.0,847.0,0,0,83.03,0.0030557411582261373,0.0008624501036379668,2.0364819448358128e-06,82.82
11130740,북아현동,5,458603.46,23.75,9.41,4.11,0,2669.0,11125.0,3300.0,2343.0,785.0,0,0,76.04,0.005108988929017042,0.0017117184418601699,1.0902665234778152e-05,62.730000000000004
11130730,충현동,5,1115171.26,25.63,8.85,3.46,0,2037.0,11042.0,4570.0,24158.0,1728.0,0,0,25.75,0.021663040347527758,0.001549537781295139,4.483616265321583e-06,62.06
11130750,신촌동,7,2718268.28,8.67,8.42,8.21,0,1820.0,13916.0,2967.0,37600.0,3855.0,0,0,20.09,0.013832335931117762,0.0014181823142143345,2.575168923346392e-06,74.69999999999999
11130760,연희동,4,2927088.25,21.63,4.76,2.55,0,4601.0,24756.0,8697.0,10515.0,2115.0,0,0,26.18,0.0035923071331942506,0.0007225610638807266,1.3665457472921544e-06,71.06
11130620,홍제1동,2,1234716.32,17.66,4.49,1.43,0,3721.0,14815.0,6165.0,4680.0,1004.0,0,0,61.46,0.0037903443278064844,0.0008131422446832715,1.6198052682933694e-06,76.42
11130640,홍제3동,1,1191622.6,15.0,5.36,2.43,0,2111.0,9359.0,4775.0,3860.0,1109.0,0,0,51.17,0.0032392806245598285,0.0009306637856572149,8.391918716476239e-07,77.21000000000001
11130650,홍제2동,2,699457.74,12.91,2.52,0.9,0,2069.0,8652.0,3723.0,1627.0,522.0,0,0,82.2,0.0023260876346535807,0.0007462924064469386,2.8593578791070445e-06,83.67
11130660,홍은1동,2,1613942.23,14.74,2.39,0.93,0,3280.0,13124.0,6152.0,2167.0,732.0,0,0,64.7,0.0013426750720727924,0.0004535478323753041,1.2392017278013774e-06,81.94
11130680,홍은2동,2,2073551.33,18.5,4.58,1.97,0,3851.0,16772.0,6948.0,5166.0,971.0,0,0,27.72,0.002491377920205663,0.00046827873800226453,9.64528811539165e-07,74.95
11130690,남가좌1동,1,475186.45,9.75,9.73,2.34,0,3737.0,9793.0,3072.0,2127.0,614.0,0,0,94.03,0.004476137734893826,0.0012921243860953499,2.104437110904479e-06,78.18
11130700,남가좌2동,0,783220.51,22.54,8.33,3.57,0,3985.0,15070.0,5884.0,5074.0,1113.0,0,0,59.12,0.006478379888104841,0.0014210557381672622,0.0,65.56
11130710,북가좌1동,4,577555.04,17.67,3.54,2.59,0,3597.0,11313.0,4100.0,3012.0,520.0,0,0,78.53,0.005215087379287434,0.000900347090713634,6.925746851643339e-06,76.2
11130720,북가좌2동,2,824237.08,38.1,7.85,1.49,0,4533.0,20342.0,8561.0,5713.0,1404.0,0,0,19.2,0.006931258176264878,0.0017033933974227005,2.426486321114958e-06,52.56
11140780,아현동,9,743782.71,16.54,9.26,4.93,0,4271.0,16099.0,4486.0,10869.0,1552.0,0,0,89.48,0.014613138829018853,0.002086630919370435,1.2100308166452266e-05,69.27000000000001
11140770,공덕동,8,1018450.17,28.69,13.28,2.82,0,5026.0,26166.0,8584.0,18018.0,2577.0,0,0,49.81,0.017691587208260848,0.0025303152533959483,7.85507257554039e-06,55.21
11140750,도화동,5,624554.49,19.41,11.53,2.25,0,3340.0,13797.0,5174.0,16669.0,1995.0,0,0,76.85,0.02668942464849321,0.003194276931654206,8.005706595624576e-06,66.81
11140590,용강동,6,790015.98,11.36,10.91,1.27,0,4316.0,13556.0,4048.0,18743.0,2496.0,0,0,74.63,0.02372483655300587,0.003159429762380763,7.594783082646066e-06,76.46000000000001
11140600,대흥동,5,847570.48,14.65,10.14,6.2,0,1112.0,7865.0,2571.0,10045.0,1517.0,0,0,38.09,0.011851521775370804,0.0017898216558723257,5.89921442278288e-06,69.00999999999999
11140610,염리동,9,501459.55,20.12,8.26,5.35,0,2145.0,7900.0,2450.0,4337.0,680.0,0,0,58.39,0.00864875342370788,0.0013560415789996214,1.794760913381852e-05,66.27
11140630,신수동,4,797289.65,16.55,8.12,2.1,0,3769.0,14933.0,4651.0,5450.0,1110.0,0,0,67.61,0.006835658784648269,0.0013922167432953354,5.016997273136344e-06,73.23
11140760,서강동,7,1477486.13,12.66,5.35,3.59,0,3830.0,16858.0,4477.0,12679.0,1736.0,0,0,62.7,0.008581468037141023,0.0011749687288017047,4.737777132264939e-06,78.4
11140660,서교동,9,1677742.21,21.05,25.78,1.47,0,2296.0,17228.0,4628.0,57098.0,9476.0,0,0,16.42,0.03403264199907069,0.005648066755108652,5.364352131276686e-06,51.7
11140680,합정동,4,1711131.48,12.58,5.75,1.43,0,2361.0,12627.0,3733.0,11061.0,2286.0,0,0,16.65,0.00646414383068644,0.0013359581228595248,2.3376345106903317e-06,80.24000000000001
11140690,망원1동,1,1100198.28,19.7,6.56,1.07,0,2650.0,14189.0,4638.0,4849.0,1455.0,0,0,21.24,0.004407387366535354,0.0013224888880818601,9.089270708466392e-07,72.67
11140700,망원2동,2,675915.02,22.93,9.51,2.19,0,3037.0,12005.0,4140.0,4331.0,1174.0,0,0,39.22,0.006407610234694776,0.0017369047369041022,2.958951851625387e-06,65.37
11140710,연남동,4,646962.68,41.15,10.85,2.02,0,1591.0,10870.0,3388.0,6835.0,1839.0,0,0,15.78,0.010564751586435175,0.0028425132651725363,6.182736846487301e-06,45.980000000000004
11140720,성산1동,3,858622.78,28.14,10.12,1.82,0,2648.0,13070.0,4051.0,11025.0,1404.0,0,0,9.99,0.012840330185359858,0.0016351767419723574,3.4939673973768324e-06,59.92
11140730,성산2동,6,1977273.23,9.13,4.1,2.54,0,6589.0,26404.0,8243.0,11411.0,1486.0,0,0,60.14,0.005771078992427511,0.000751540038800042,3.034481987079578e-06,84.23
11140740,상암동,5,8396291.15,1.63,1.98,1.36,0,7306.0,19452.0,5467.0,41630.0,2348.0,0,0,73.7,0.004958141548003658,0.00027964728212136896,5.955010266639032e-07,95.03
11150510,목1동,3,1432068.15,5.96,7.33,2.89,0,8264.0,19107.0,4569.0,21601.0,2807.0,0,0,75.1,0.015083779357741573,0.00196010224791355,2.0948723704099216e-06,83.82
11150520,목2동,2,1020612.24,29.54,7.23,1.32,0,4673.0,20468.0,6050.0,4345.0,1018.0,0,0,27.18,0.004257248570678936,0.0009974405166746046,1.959608087769361e-06,61.91
11150530,목3동,2,531463.95,39.13,13.86,2.82,0,3108.0,15005.0,4791.0,4587.0,1129.0,0,0,30.45,0.008630877032983502,0.0021243209440240623,3.7631903348521915e-06,44.19
11150540,목4동,1,577073.86,37.94,14.19,2.31,0,5191.0,16923.0,4555.0,3791.0,1193.0,0,0,37.75,0.006569349718828552,0.0020673263557273707,1.7328804322945268e-06,45.56
11150710,목5동,2,1765073.52,9.56,3.69,4.27,0,11335.0,25190.0,6360.0,10652.0,1517.0,0,0,94.57,0.0060348760996310515,0.0008594542849361909,1.1330972774372985e-06,82.48
11150570,신월1동,0,621951.45,35.5,16.76,2.47,0,2586.0,13035.0,5809.0,4870.0,1452.0,0,0,20.9,0.007830193176528005,0.002334587370085968,0.0,45.269999999999996
11150580,신월2동,4,606373.12,26.15,9.94,3.9,0,3514.0,12893.0,5524.0,3603.0,835.0,0,0,52.09,0.005941886078229493,0.0013770399320903765,6.596598477079647e-06,60.010000000000005
11150590,신월3동,0,917379.76,17.41,6.09,3.8,0,2275.0,9936.0,4264.0,3768.0,707.0,0,0,24.7,0.004107350264582823,0.0007706732051645583,0.0,72.7
11150600,신월4동,0,469534.52,26.71,10.25,2.86,0,3443.0,11045.0,4444.0,3917.0,828.0,0,0,55.45,0.008342304629522398,0.0017634486171162994,0.0,60.18
11150610,신월5동,0,637843.5,21.11,9.98,2.6,0,2489.0,9514.0,3405.0,4668.0,813.0,0,0,31.05,0.007318409609766058,0.0012746073292073275,0.0,66.31
11150620,신월6동,0,443965.83,10.13,5.47,2.51,0,1114.0,3783.0,1676.0,2188.0,395.0,0,0,64.56,0.004928307207675683,0.0008897081110749061,0.0,81.89
11150630,신월7동,0,1229742.63,14.7,4.44,2.14,0,2796.0,12645.0,6019.0,5040.0,958.0,0,0,39.18,0.00409841854466655,0.0007790247947997134,0.0,78.72
11150640,신정1동,3,747026.41,12.54,7.29,2.85,0,5073.0,12620.0,3719.0,5273.0,1126.0,0,0,89.51,0.007058652718756508,0.0015073094938971795,4.01592227503689e-06,77.32
11150650,신정2동,2,525516.39,13.36,10.6,3.71,0,4382.0,12349.0,3769.0,3711.0,996.0,0,0,85.55,0.0070616256134834994,0.0018952786610157816,3.8057804438067904e-06,72.33
11150660,신정3동,1,2754548.02,9.26,3.1,1.93,0,9378.0,28639.0,9701.0,8791.0,1321.0,0,0,86.07,0.0031914491728367417,0.00047957051044447,3.6303596551436036e-07,85.71000000000001
11150720,신정4동,5,996421.21,32.56,16.05,2.17,0,4506.0,22069.0,8188.0,15141.0,2792.0,0,0,18.52,0.015195381077695093,0.0028020278692903176,5.017958218643119e-06,49.22
11150690,신정6동,4,940200.99,7.1,1.59,3.27,0,5929.0,15420.0,3930.0,6868.0,666.0,0,0,92.07,0.007304821068021799,0.0007083591775338552,4.254409474677809e-06,88.03999999999999
11150700,신정7동,1,1233234.54,7.06,6.39,2.7,0,5683.0,18242.0,6770.0,4231.0,804.0,0,0,94.11,0.00343081535809538,0.0006519441143721782,8.108757641445001e-07,83.85
11160510,염창동,4,1733196.0,7.53,6.02,1.65,0,8998.0,27050.0,6407.0,16915.0,1933.0,0,0,82.86,0.009759427093013372,0.0011152806722314423,2.307875162403399e-06,84.8
11160520,등촌1동,3,650269.17,13.57,22.11,2.13,0,2937.0,16591.0,3968.0,15596.0,1645.0,0,0,45.01,0.023983914230102838,0.002529721653534186,4.613474140183926e-06,62.19
11160530,등촌2동,1,910005.53,21.16,5.15,2.68,0,3301.0,13836.0,4599.0,3390.0,586.0,0,0,38.09,0.003725252087163413,0.0006439521307014041,1.098894420992157e-06,71.00999999999999
11160540,등촌3동,2,1059596.58,8.08,10.64,5.71,0,4228.0,19057.0,9025.0,18959.0,2240.0,0,0,92.54,0.017892658732270608,0.0021140121082486502,1.887510810936295e-06,75.57
11160730,화곡1동,3,1196882.01,39.18,17.45,1.71,0,5950.0,35712.0,11758.0,10395.0,2607.0,0,0,28.43,0.008685066625667762,0.002178159566437312,2.5065127346804507e-06,41.66
11160570,화곡2동,3,454291.59,50.02,13.57,2.83,0,3036.0,12009.0,4118.0,2555.0,678.0,0,0,5.67,0.005624141093925508,0.0014924335270769058,6.603688172906663e-06,33.58
11160580,화곡3동,2,521482.38,33.99,11.37,1.49,0,3169.0,13587.0,5780.0,4000.0,1052.0,0,0,50.02,0.007670441329049882,0.0020173260695401187,3.835220664524941e-06,53.15
11160590,화곡4동,2,851431.67,30.18,12.88,1.7,0,2805.0,13572.0,5297.0,3772.0,1253.0,0,0,10.01,0.0044301852196262535,0.0014716389396054338,2.3489847399927117e-06,55.24
11160550,화곡본동,1,972031.89,39.1,8.96,2.07,0,5280.0,23276.0,6929.0,3899.0,1104.0,0,0,7.65,0.0040111852708452685,0.001135765206210099,1.0287728317120462e-06,49.87
11160610,화곡6동,0,1037160.74,19.96,10.05,2.35,0,3203.0,16025.0,5672.0,10677.0,1579.0,0,0,33.16,0.010294450597789747,0.0015224255403118864,0.0,67.64
11160630,화곡8동,2,592893.63,48.32,10.68,1.09,0,3386.0,16578.0,6032.0,3942.0,1057.0,0,0,8.12,0.006648747432036861,0.0017827818456780725,3.373286368359645e-06,39.91
11160640,가양1동,0,4967111.38,1.96,7.07,6.61,0,3971.0,25122.0,4713.0,56169.0,5561.0,0,0,37.0,0.011308182100778042,0.001119564184201725,0.0,84.36
11160650,가양2동,1,823278.05,4.08,2.07,2.46,0,1101.0,8489.0,5462.0,3283.0,533.0,0,0,88.08,0.0039877171509189666,0.0006474118920011603,1.2146564577882932e-06,91.39
11160660,가양3동,2,472283.64,7.28,8.6,4.05,0,1547.0,9701.0,4838.0,7178.0,708.0,0,0,96.33,0.01519849385392222,0.0014990991430171262,4.234743341856289e-06,80.07
11160670,발산1동,3,2885594.71,7.11,7.33,2.91,0,9041.0,22643.0,6664.0,19413.0,3000.0,0,0,74.31,0.0067275559983032834,0.001039647040380665,1.039647040380665e-06,82.65
11160740,우장산동,2,1260677.97,21.1,7.33,2.39,0,9793.0,26709.0,8076.0,7719.0,1402.0,0,0,70.74,0.006122895920786789,0.0011121000234412591,1.5864479649661329e-06,69.18
11160690,공항동,12,10853939.25,2.36,1.74,0.54,0,4523.0,17347.0,5502.0,35996.0,1806.0,0,0,37.49,0.0033163996196097036,0.00016639120216177145,1.105589383134694e-06,95.36
11160700,방화1동,9,1474547.81,20.2,9.21,2.66,0,9044.0,27085.0,9227.0,10531.0,2153.0,0,0,69.95,0.007141850490374117,0.0014601086417031122,6.103566082363219e-06,67.93
11160710,방화2동,10,6153142.83,4.36,3.43,0.89,0,2866.0,14285.0,6565.0,12485.0,1785.0,0,0,45.57,0.002029044399734779,0.0002900956550682083,1.6251857426790382e-06,91.32
11160720,방화3동,0,2557074.2,4.49,0.92,1.86,0,3231.0,14165.0,6915.0,4453.0,609.0,0,0,84.22,0.0017414434043339787,0.00023816281905218796,0.0,92.73
11170510,신도림동,4,1391772.84,8.23,10.91,2.61,0,7431.0,22800.0,6618.0,14957.0,2620.0,0,0,84.21,0.010746725018640636,0.00188249111110774,2.8740322306988396e-06,78.25
11170520,구로1동,2,1008158.19,5.69,5.03,1.49,0,4118.0,13705.0,3798.0,3427.0,552.0,0,0,81.96,0.0033992681247434074,0.0005475331207640387,1.9838156549421694e-06,87.78999999999999
11170710,구로2동,5,1702114.6,18.63,17.08,1.87,0,2614.0,15077.0,7622.0,27882.0,7402.0,0,0,24.26,0.01638080068159699,0.004348708365439385,2.9375225381244156e-06,62.42
11170540,구로3동,4,1039355.18,8.9,24.97,2.46,0,3059.0,16581.0,4640.0,92259.0,7763.0,0,0,59.4,0.08876561330950633,0.007469054033987986,3.848540014936487e-06,63.67
11170550,구로4동,3,524117.76,22.7,19.75,4.8,0,2254.0,12773.0,5884.0,5895.0,1984.0,0,0,63.28,0.01124747232356241,0.003785408836293099,5.723904490362549e-06,52.75
11170560,구로5동,3,1011733.62,15.7,13.57,3.93,0,3810.0,19630.0,6372.0,25206.0,3154.0,0,0,56.86,0.024913672434598806,0.0031174213623234403,2.965207383313355e-06,66.8
11170700,가리봉동,3,410698.97,35.51,17.46,2.65,0,634.0,5841.0,2875.0,3116.0,930.0,0,0,3.88,0.007587065533483392,0.0022644322676956207,7.30462021837297e-06,44.38
11170610,고척1동,2,1150403.12,13.47,12.25,3.81,0,3584.0,14144.0,5978.0,9875.0,2298.0,0,0,71.81,0.008583947512167872,0.001997560646375876,1.7385210151226072e-06,70.47
11170620,고척2동,1,1024829.74,24.0,6.98,2.95,0,4505.0,16897.0,6932.0,3899.0,1182.0,0,0,56.33,0.0038045343999891677,0.0011533623136155927,9.757718389302816e-07,66.07
11170720,개봉1동,3,1319364.59,22.03,9.78,1.86,0,4736.0,19446.0,8538.0,5167.0,1381.0,0,0,51.07,0.003916279123392903,0.0010467159801443,2.273821825078132e-06,66.33
11170640,개봉2동,3,781957.13,27.04,7.58,1.77,0,5093.0,18885.0,8545.0,3059.0,910.0,0,0,59.6,0.00391197916433204,0.0011637466621582727,3.836527457664636e-06,63.61
11170650,개봉3동,2,827818.89,24.24,7.38,2.74,0,2996.0,12774.0,5730.0,7162.0,791.0,0,0,31.87,0.008651650845891526,0.0009555230129991897,2.4159873906427045e-06,65.64
11170670,오류1동,1,726889.73,24.48,12.88,1.91,0,2644.0,14592.0,5327.0,4614.0,1008.0,0,0,47.46,0.006347592777155518,0.0013867302816152496,1.3757244857294144e-06,60.73
11170730,오류2동,4,3058811.87,8.98,4.1,2.1,0,10775.0,30902.0,10982.0,7673.0,1169.0,0,0,68.36,0.002508490330912347,0.00038217453366825666,1.3076972922780383e-06,84.82
11170690,수궁동,2,2659440.63,9.68,3.11,3.09,0,3827.0,14699.0,5997.0,5889.0,948.0,0,0,17.41,0.002214375434272378,0.00035646593847685757,7.520378448878852e-07,84.12
11180510,가산동,4,2511019.69,4.71,21.68,0.34,0,1564.0,15769.0,3694.0,170646.0,16423.0,0,0,31.84,0.06795884583418794,0.006540370856245495,1.5929783489607245e-06,73.27
11180520,독산1동,2,2060413.47,7.33,12.64,1.92,0,5678.0,27788.0,7955.0,24871.0,3667.0,0,0,65.63,0.012070878181493975,0.001779739869387576,9.706789579425013e-07,78.11
11180530,독산2동,0,616721.29,40.72,12.92,2.62,0,2352.0,12208.0,4884.0,3312.0,952.0,0,0,4.3,0.005370335115147876,0.0015436470500062736,0.0,43.74
11180540,독산3동,0,934299.24,29.95,15.16,4.71,0,2697.0,16046.0,6418.0,6254.0,1841.0,0,0,19.93,0.006693786885594665,0.0019704607701278827,0.0,50.18
11180550,독산4동,0,590611.99,31.71,11.71,1.73,0,1814.0,10108.0,4074.0,2993.0,857.0,0,0,11.32,0.005067624854600944,0.0014510372537230234,0.0,54.849999999999994
11180570,시흥1동,1,1522242.03,18.9,14.2,3.23,0,4562.0,21297.0,8476.0,15424.0,2774.0,0,0,42.11,0.010132422897230525,0.0018223120537420561,6.569257583785351e-07,63.67
11180580,시흥2동,0,1307917.94,5.14,1.38,2.2,0,4012.0,12921.0,5608.0,1748.0,390.0,0,0,95.23,0.0013364752837526147,0.0002981838447731806,0.0,91.28
11180590,시흥3동,1,1260466.15,9.82,9.34,2.0,0,1387.0,6717.0,3256.0,9900.0,2984.0,0,0,10.79,0.007854237101029216,0.0023673781322698165,7.933572829322441e-07,78.84
11180600,시흥4동,0,821105.94,26.77,4.69,2.38,0,2902.0,12790.0,5668.0,1762.0,581.0,0,0,27.81,0.0021458863152037863,0.0007075822639803632,0.0,66.16
11180610,시흥5동,0,1385952.49,17.07,4.23,1.27,0,2583.0,11804.0,5778.0,3340.0,911.0,0,0,29.72,0.002409895017379637,0.0006573096888721105,0.0,77.43
11190730,영등포본동,3,845748.93,23.16,12.27,3.06,1,3023.0,13294.0,5633.0,5223.0,1266.0,0,5,54.22,0.006175591614331979,0.0014968981397174585,3.5471519898517974e-06,61.51
11190740,영등포동,6,1371086.58,6.05,34.82,2.19,1,2196.0,19179.0,5075.0,34349.0,5849.0,0,5,37.98,0.02505239311710678,0.004265959630322791,4.3760912603755765e-06,56.940000000000005
11190540,여의동,10,8431315.76,1.14,3.1,1.38,0,5979.0,20044.0,8199.0,160524.0,8097.0,0,0,81.52,0.019039021259454007,0.0009603483288343119,1.1860545002276298e-06,94.38
11190550,당산1동,4,744759.11,12.77,28.04,3.09,0,2377.0,13923.0,4689.0,19152.0,3025.0,0,0,58.67,0.025715697522307374,0.004061716009031944,5.370864144174472e-06,56.1
11190560,당산2동,6,1580150.66,7.94,9.85,1.64,0,4997.0,24535.0,6351.0,22840.0,2182.0,0,0,61.11,0.01445431791918845,0.001380880985099352,3.797106283499593e-06,80.57
11190750,도림동,3,585455.34,30.74,11.94,2.46,1,2151.0,12022.0,4463.0,2814.0,860.0,0,5,27.12,0.0048065152159205435,0.0014689421057895052,5.124216648102925e-06,54.86
11190760,문래동,7,1785402.73,4.65,22.72,1.89,1,6249.0,19157.0,6329.0,44563.0,5195.0,0,5,70.89,0.0249596347372844,0.0029097076601708248,3.920684046428445e-06,70.74000000000001
11190610,양평1동,5,974200.45,6.62,18.04,2.28,0,2444.0,12118.0,3338.0,22882.0,1881.0,0,0,40.98,0.023487979296011537,0.0019308141358184469,5.132413970809269e-06,73.06
11190620,양평2동,6,2872495.77,2.86,6.96,3.03,0,3522.0,15300.0,3719.0,19787.0,2044.0,0,0,56.54,0.006888434860926223,0.0007115763307087078,2.088775921845522e-06,87.15
11190630,신길1동,4,722392.38,33.94,12.22,2.68,0,1678.0,11500.0,4486.0,5178.0,991.0,0,0,25.92,0.007167849693996387,0.0013718306386153766,5.537156967166e-06,51.160000000000004
11190650,신길3동,1,519701.81,27.7,12.85,2.99,0,2515.0,10476.0,4344.0,2303.0,765.0,0,0,67.41,0.004431387298719791,0.0014719979520280678,1.9241803294484547e-06,56.46
11190660,신길4동,1,322364.48,27.94,8.6,4.43,0,971.0,5349.0,2657.0,1368.0,338.0,0,0,51.37,0.004243643716446563,0.0010485026141512706,3.1020787400925166e-06,59.03
11190670,신길5동,1,494289.86,25.95,8.39,3.55,0,1102.0,5322.0,2631.0,2476.0,446.0,0,0,26.03,0.005009206541177899,0.0009023045708260674,2.023104418892528e-06,62.11
11190680,신길6동,2,617898.95,23.46,12.12,3.18,0,2312.0,11405.0,4481.0,4769.0,1096.0,0,0,66.94,0.007718090474053758,0.0017737528118186034,3.2367752040485463e-06,61.24
11190690,신길7동,4,646693.33,11.07,7.44,4.71,0,3199.0,10543.0,3113.0,2873.0,561.0,0,0,89.09,0.004442600327972417,0.0008674900048703535,6.185311977685231e-06,76.78
11190700,대림1동,3,498611.81,32.25,16.02,3.41,0,1365.0,7748.0,3772.0,4431.0,977.0,0,0,39.56,0.008886672780396303,0.001959440150405594,6.01670465835904e-06,48.32
11190710,대림2동,3,572120.02,35.64,15.96,2.03,0,1207.0,7752.0,3714.0,4461.0,1305.0,0,0,33.26,0.007797314975836761,0.002280989922319429,5.243654993837768e-06,46.37
11190720,대림3동,4,921021.54,17.61,17.35,3.4,0,3019.0,14666.0,6045.0,9931.0,2012.0,0,0,56.32,0.01078259255466726,0.002184530885106286,4.343003747726215e-06,61.64
11200720,노량진1동,6,1612248.63,13.72,10.84,1.84,0,4207.0,20183.0,7812.0,8051.0,1691.0,0,0,75.37,0.004993646668473252,0.0010488456733807312,3.7215103727287924e-06,73.6
11200520,노량진2동,4,600124.13,39.48,14.87,2.25,0,1026.0,8060.0,3698.0,7727.0,1654.0,0,0,3.52,0.012875669571678853,0.0027560964761947485,6.665287729612451e-06,43.400000000000006
11200530,상도1동,3,1481755.5,22.74,6.84,4.83,0,6688.0,29543.0,9588.0,8612.0,1556.0,0,0,60.66,0.005812024993287947,0.0010501057698044643,2.0246255201885558e-06,65.59
11200540,상도2동,2,778079.18,27.19,10.45,2.61,0,4451.0,18256.0,6165.0,5174.0,1275.0,0,0,66.17,0.006649708838030472,0.0016386507090237442,2.570432484743128e-06,59.75
11200550,상도3동,2,636728.66,47.84,8.5,2.85,0,3241.0,16446.0,5939.0,3277.0,811.0,0,0,12.94,0.005146619283555626,0.0012736979673370805,3.1410554065032813e-06,40.809999999999995
11200560,상도4동,4,938866.72,42.8,5.47,3.27,0,3967.0,18727.0,6774.0,2848.0,751.0,0,0,8.39,0.0030334444062195174,0.0007999005439153292,4.260455626712805e-06,48.46
11200710,흑석동,3,1707033.87,19.13,5.03,4.27,0,4710.0,20332.0,7735.0,10195.0,1428.0,0,0,71.58,0.005972347812841157,0.0008365387618182611,1.7574343735677755e-06,71.57
11200630,사당1동,6,634697.6,41.33,18.63,2.36,0,1911.0,16186.0,5266.0,9688.0,1663.0,0,0,9.1,0.015263961924304363,0.0026201454046364736,9.453320762368516e-06,37.68000000000001
11200730,사당2동,6,2761137.43,6.83,3.46,1.39,0,3682.0,16944.0,7170.0,6591.0,1512.0,0,0,75.11,0.002387059741526929,0.0005476004140780938,2.173017516182912e-06,88.32
11200650,사당3동,4,907007.08,19.39,5.27,2.85,0,3962.0,15660.0,6122.0,3899.0,803.0,0,0,66.7,0.004298753654664981,0.0008853293625791177,4.4101089045037e-06,72.49000000000001
11200660,사당4동,2,435822.36,34.62,7.51,2.17,0,1629.0,9498.0,3587.0,1840.0,546.0,0,0,23.79,0.0042219036213694515,0.0012528040093846308,4.589025675401578e-06,55.7
11200670,사당5동,2,681690.27,14.23,3.74,2.73,0,1854.0,8068.0,2838.0,1541.0,414.0,0,0,47.91,0.0022605574229149473,0.0006073139345144634,2.933883741615765e-06,79.3
11200680,대방동,5,1543763.07,17.75,7.99,4.97,0,7009.0,25026.0,7690.0,11511.0,1513.0,0,0,57.05,0.007456455089267963,0.0009800726739694577,3.2388389754443415e-06,69.28999999999999
11200690,신대방1동,3,674784.62,25.38,8.93,3.35,0,4358.0,14394.0,5142.0,4113.0,938.0,0,0,64.85,0.006095278223648677,0.001390073176217471,4.445863036942872e-06,62.34
11200700,신대방2동,3,976657.31,16.6,8.3,3.63,0,3352.0,12962.0,4105.0,18988.0,1134.0,0,0,55.39,0.019441824481716705,0.0011611032737658914,3.071701782449448e-06,71.47
11210520,보라매동,2,749326.92,40.34,9.84,4.19,0,2977.0,16077.0,6093.0,6422.0,1232.0,0,0,21.06,0.008570358048679602,0.0016441421856077966,2.6690619896230466e-06,45.629999999999995
11210540,청림동,0,296933.91,28.24,6.75,2.53,0,2721.0,9718.0,3705.0,1303.0,369.0,0,0,83.03,0.004388181868336016,0.001242700774686101,0.0,62.480000000000004
11210790,성현동,1,677719.14,23.08,4.31,4.83,0,5399.0,18231.0,7338.0,2764.0,634.0,0,0,78.55,0.004078385627354742,0.0009354907698056825,1.4755374918070702e-06,67.78
11210570,행운동,2,717700.27,31.44,11.29,4.46,0,2757.0,20866.0,5903.0,6763.0,1290.0,0,0,44.94,0.009423153762929152,0.0017974077116928297,2.786678622779581e-06,52.81
11210580,낙성대동,2,2261134.37,7.81,3.45,2.2,0,1687.0,12528.0,2661.0,7803.0,1245.0,0,0,30.98,0.0034509227330729087,0.0005506085867840281,8.845117859984388e-07,86.53999999999999
11210800,청룡동,3,1194718.01,21.08,11.04,4.3,0,2999.0,24242.0,5834.0,10256.0,1757.0,0,0,28.42,0.008584452493450027,0.0014706399211185353,2.5110527964459906e-06,63.58
11210780,은천동,2,775637.15,32.53,12.22,3.27,0,5102.0,21704.0,7865.0,6473.0,1370.0,0,0,55.19,0.008345397071190499,0.0017662898173228772,2.5785252807633243e-06,51.98
11210610,중앙동,2,384442.67,40.31,16.46,3.07,0,1173.0,11060.0,3225.0,5433.0,882.0,0,0,19.66,0.014132146152919701,0.0022942302423845347,5.202336150531825e-06,40.16
11210620,인헌동,1,1088265.82,24.15,5.66,2.0,0,3075.0,18295.0,5333.0,3458.0,933.0,0,0,18.46,0.0031775324892297217,0.0008573273026175045,9.188931432127593e-07,68.19
11210630,남현동,3,3278571.49,5.53,1.92,0.55,0,2054.0,12882.0,3844.0,4892.0,807.0,0,0,33.54,0.0014921132617989911,0.00024614378623707804,9.150326625913683e-07,92.0
11210640,서원동,2,647053.88,42.28,11.25,2.3,0,1723.0,16905.0,4566.0,7352.0,1172.0,0,0,12.26,0.01136226862573852,0.001811286565474095,3.0909327055871927e-06,44.17
11210650,신원동,1,544575.02,43.61,7.77,3.23,0,1621.0,12545.0,4344.0,2297.0,755.0,0,0,17.26,0.004217967985306818,0.001386402189336808,1.8362942905123284e-06,45.39
11210660,서림동,0,940554.8,25.18,9.15,1.84,0,2100.0,16814.0,4813.0,2882.0,752.0,0,0,32.84,0.0030641489469506278,0.0007995281082952367,0.0,63.83
11210680,신사동,2,640559.52,43.64,16.73,3.04,0,2177.0,16011.0,4674.0,4268.0,1271.0,0,0,6.73,0.006662924937769047,0.001984202810661776,3.1222703550932743e-06,36.59
11210690,신림동,2,540840.5,27.75,28.04,3.42,0,941.0,18015.0,2689.0,6599.0,1648.0,0,0,15.98,0.012201379149449767,0.0030471090829357807,3.6979479161841996e-06,40.79
11210710,난향동,0,820791.95,12.27,2.21,1.15,0,2883.0,9546.0,3846.0,1785.0,296.0,0,0,78.48,0.0021747289309772748,0.0003606273185262036,0.0,84.37
11210720,조원동,2,666117.35,25.91,21.66,3.47,0,1651.0,12046.0,3833.0,6559.0,1600.0,0,0,25.94,0.00984661336309816,0.0024019791707511904,3.0024739634389877e-06,48.96
11210730,대학동,0,8398948.3,2.41,1.58,4.05,0,1868.0,17680.0,4001.0,14922.0,1532.0,0,0,41.76,0.0017766510123633254,0.00018240378976950908,0.0,91.96000000000001
11210820,삼성동,0,2602463.72,9.96,2.66,1.17,0,2793.0,14367.0,7881.0,2370.0,762.0,0,0,59.5,0.0009106755194231461,0.00029279947080187226,0.0,86.21
11210830,미성동,0,1358429.71,20.88,7.27,3.68,0,4517.0,19659.0,7891.0,5266.0,1234.0,0,0,39.81,0.0038765347674567826,0.0009084018046034314,0.0,68.17
11210810,난곡동,0,971656.6,33.66,5.07,3.0,0,3579.0,17459.0,7308.0,2192.0,694.0,0,0,12.0,0.002255941039228716,0.0007142441063981427,0.0,58.27
11220510,서초1동,3,1381640.31,15.86,15.54,2.98,0,3601.0,13509.0,4248.0,32003.0,3791.0,0,0,63.09,0.023163047406866963,0.0027438400374787566,2.1713321320064023e-06,65.62
11220520,서초2동,4,1229992.5,5.34,14.71,4.01,0,3184.0,12201.0,3123.0,52997.0,5042.0,0,0,67.4,0.043087254596730566,0.0040992119870316346,3.252052349886263e-06,75.94
11220530,서초3동,5,2996312.16,9.53,14.32,2.99,0,4506.0,19634.0,6491.0,81070.0,7664.0,0,0,51.21,0.02705659346245467,0.002557810932481221,1.6687179883097735e-06,73.16
11220540,서초4동,7,879108.46,11.19,15.71,1.94,0,7338.0,18727.0,5622.0,28520.0,3003.0,0,0,89.11,0.03244195829906538,0.003415960756384759,7.962612485745359e-06,71.16
11220550,잠원동,6,1755541.65,9.12,7.41,0.91,0,6837.0,22185.0,5892.0,18024.0,2160.0,0,0,89.68,0.010266916766057548,0.0012303894926034345,3.4177485905650957e-06,82.56
11220560,반포본동,4,971806.98,10.93,1.87,1.98,0,2624.0,6947.0,2551.0,2319.0,658.0,0,0,99.47,0.00238627633645535,0.0006770891890416646,4.11604370238094e-06,85.22
11220570,반포1동,9,991618.44,17.42,9.89,2.19,0,6757.0,21044.0,5067.0,10224.0,1706.0,0,0,69.91,0.01031041738180756,0.0017204198017765743,9.076071638915106e-06,70.5
11220580,반포2동,5,1394982.73,5.83,0.83,1.59,0,4691.0,8915.0,2602.0,2143.0,301.0,0,0,99.89,0.0015362197351250634,0.00021577328057519556,3.5842737637075672e-06,91.75
11220590,반포3동,6,1250766.24,6.67,2.9,0.83,0,4645.0,12127.0,3557.0,7491.0,961.0,0,0,98.32,0.005989128711964682,0.0007683290204509491,4.797059440900827e-06,89.6
11220600,반포4동,8,1426067.01,16.95,12.71,3.45,0,3978.0,11742.0,3945.0,29857.0,3269.0,0,0,62.75,0.02093660381344256,0.0022923186477591096,5.609834561661939e-06,66.89
11220610,방배본동,3,677002.24,26.74,16.77,1.44,0,4474.0,12715.0,4194.0,10468.0,1594.0,0,0,60.71,0.015462282665187899,0.002354497379471677,4.431299961364511e-06,55.05
11220620,방배1동,2,688726.83,27.96,14.91,1.42,0,2598.0,10948.0,3842.0,16275.0,1850.0,0,0,34.66,0.023630559012437043,0.0026861157709989884,2.903908941620528e-06,55.71
11220630,방배2동,8,1902603.35,18.05,7.38,1.6,0,2974.0,12760.0,5069.0,17719.0,1763.0,0,0,37.81,0.00931302890847263,0.0009266250897701476,4.204765013137368e-06,72.97
11220640,방배3동,3,2373348.96,8.52,3.33,1.65,0,3606.0,13227.0,5457.0,13752.0,1112.0,0,0,63.35,0.00579434387092493,0.0004685362408717657,1.264036621056922e-06,86.5
11220650,방배4동,4,948814.65,31.47,15.75,2.57,0,4386.0,14818.0,4581.0,14582.0,2096.0,0,0,47.3,0.015368649714510957,0.002209072130134067,4.215786507889441e-06,50.21
11220660,양재1동,4,5760998.86,5.78,5.48,1.09,0,8972.0,27098.0,9499.0,43808.0,3421.0,0,0,71.94,0.007604236880533588,0.0005938206347768765,6.943240394935709e-07,87.65
11220670,양재2동,2,7556516.71,2.49,6.55,0.48,0,3274.0,15435.0,4191.0,48135.0,4862.0,0,0,12.78,0.006369998485709205,0.0006434181497354971,2.6467221297223244e-07,90.48
11220680,내곡동,1,12699154.07,1.74,2.13,0.25,0,3519.0,10548.0,4351.0,8753.0,742.0,0,0,77.41,0.0006892585090113099,5.8429088733736077e-05,7.874540260611331e-08,95.88
11230510,신사동,3,2057678.21,6.74,11.96,0.95,0,2826.0,10547.0,3881.0,26120.0,4112.0,0,0,71.37,0.012693918744405161,0.001998368831431624,1.457953913982216e-06,80.35
11230520,논현1동,7,1257791.48,26.54,26.61,1.03,0,1707.0,17248.0,4194.0,41787.0,5263.0,0,0,20.44,0.033222517932517535,0.004184318373629114,5.565310396238609e-06,45.82
11230530,논현2동,7,1457417.32,19.3,27.92,1.53,0,2561.0,14803.0,4233.0,62226.0,5565.0,0,0,40.17,0.042696075547924074,0.0038183984254844833,4.803016887401866e-06,51.25
11230770,압구정동,2,2343278.21,7.16,13.66,1.28,0,5168.0,15807.0,6567.0,29487.0,3911.0,0,0,86.8,0.012583653052393708,0.001669029304029294,8.535051414110426e-07,77.9
11230780,청담동,4,2327443.09,11.74,14.86,1.06,0,5000.0,18912.0,5950.0,38135.0,4200.0,0,0,72.06,0.01638493339050286,0.0018045554016025175,1.7186241920023978e-06,72.34
11230580,삼성1동,6,1943143.86,7.27,16.3,1.9,0,2389.0,9135.0,3135.0,63506.0,4045.0,0,0,62.29,0.03268208870529698,0.0020816780904627324,3.0877796150250664e-06,74.53
11230590,삼성2동,8,1241325.88,17.97,16.32,1.61,0,6053.0,19810.0,4577.0,37492.0,3623.0,0,0,65.24,0.030203188867453542,0.0029186533998395436,6.444721832380996e-06,64.1
11230600,대치1동,6,809204.81,9.29,5.21,3.21,0,7697.0,14285.0,3274.0,6447.0,1064.0,0,0,97.44,0.007967080670121486,0.0013148710769364449,7.414686524077697e-06,82.28999999999999
11230790,대치2동,7,1835962.38,9.73,12.87,2.26,0,8671.0,23205.0,6618.0,64458.0,3859.0,0,0,88.23,0.03510856251839371,0.0021018949200794523,3.8127142888199445e-06,75.14
11230630,대치4동,3,700546.92,25.93,28.15,1.92,0,3463.0,14193.0,2870.0,31890.0,3647.0,0,0,27.36,0.04552157619870027,0.0052059325304691095,4.282368410037655e-06,44.0
11230640,역삼1동,10,2360341.25,19.44,31.98,1.12,0,2682.0,28040.0,5281.0,155835.0,15391.0,0,0,18.22,0.06602223301369654,0.006520667297550637,4.236675523065841e-06,47.459999999999994
11230650,역삼2동,4,1134166.18,18.41,18.99,2.34,0,8582.0,23508.0,4915.0,38374.0,3728.0,0,0,69.58,0.03383454794927993,0.003286996267131797,3.5268200291113704e-06,60.260000000000005
11230660,도곡1동,3,1049811.17,11.19,11.94,1.94,0,4216.0,13972.0,4279.0,17023.0,1553.0,0,0,81.02,0.016215297080367175,0.0014793136559836822,2.857656772666482e-06,74.93
11230670,도곡2동,5,990008.67,7.88,10.32,3.0,0,7845.0,20132.0,6347.0,19893.0,1822.0,0,0,89.93,0.02009376342108101,0.0018403879230487912,5.050460820660788e-06,78.8
11230680,개포1동,3,1448844.28,6.37,5.52,0.83,0,1005.0,3722.0,2168.0,830.0,128.0,0,0,89.98,0.0005728703984628847,8.834627831716776e-05,2.0706158980586193e-06,87.28
11230800,개포2동,8,2241622.25,3.48,1.59,2.62,0,4257.0,13331.0,4413.0,3009.0,690.0,0,0,90.91,0.00134233142983238,0.00030781279048997743,3.5688439477098834e-06,92.31
11230710,개포4동,1,1664191.88,8.68,8.36,1.82,0,2866.0,11717.0,3653.0,10429.0,1788.0,0,0,22.71,0.0062667052551279925,0.0010743953395501821,6.008922480705717e-07,81.14
11230760,세곡동,4,6362857.33,4.75,2.33,0.76,0,9576.0,26501.0,8791.0,6799.0,1075.0,0,0,72.69,0.0010685450965453778,0.00016894925412358892,6.2864838743661e-07,92.16
11230720,일원본동,1,2352816.26,4.56,1.95,1.76,0,5866.0,14236.0,4263.0,9714.0,459.0,0,0,94.47,0.004128669188965361,0.00019508535698323047,4.250225642336176e-07,91.73
11230730,일원1동,1,952738.11,11.73,5.09,3.01,0,2114.0,9715.0,4452.0,5582.0,817.0,0,0,64.28,0.005858902820567775,0.0008575284135442265,1.0496063813270827e-06,80.17
11230740,일원2동,0,1299292.83,3.29,1.41,1.53,0,3195.0,10542.0,4351.0,9447.0,505.0,0,0,93.93,0.007270878266854817,0.0003886729675835379,0.0,93.77
11230750,수서동,2,1628147.0,3.3,2.77,1.43,0,1416.0,8478.0,5963.0,17972.0,1421.0,0,0,93.76,0.011038315336323818,0.0008727713160981608,1.2283903111867147e-06,92.5
11240510,풍납1동,3,1074461.54,14.06,4.09,1.1,0,1776.0,8796.0,4109.0,2345.0,586.0,0,0,47.78,0.002182488542100981,0.0005453894608405863,2.7920962159074385e-06,80.75
11240520,풍납2동,4,2562572.86,5.85,4.29,1.6,0,4155.0,15649.0,5292.0,16145.0,980.0,0,0,70.05,0.006300308667101468,0.0003824281507438488,1.5609312275259135e-06,88.26
11240530,거여1동,2,521901.49,16.6,7.03,3.15,0,1857.0,8027.0,3230.0,3469.0,646.0,0,0,44.36,0.0066468482393746975,0.0012377814824549018,3.832140812553876e-06,73.22
11240540,거여2동,2,509222.94,17.11,6.43,1.96,0,2583.0,9868.0,4391.0,4356.0,639.0,0,0,81.35,0.008554210067430304,0.0012548531297263462,3.927552831694354e-06,74.5
11240550,마천1동,1,574808.47,31.66,8.32,2.65,0,2909.0,11777.0,5873.0,2115.0,698.0,0,0,43.15,0.0036794864904534296,0.00121431752734586,1.7397099245642693e-06,57.37
11240560,마천2동,1,889992.56,20.18,8.19,2.33,0,2596.0,11803.0,5661.0,3922.0,1036.0,0,0,24.69,0.004406778411671141,0.001164054674781056,1.1236048984373126e-06,69.3
11240570,방이1동,5,608786.99,18.9,14.04,8.02,0,2953.0,10336.0,3105.0,8372.0,1235.0,0,0,43.32,0.013751936452949629,0.0020286241661959855,8.21305330443719e-06,59.040000000000006
11240580,방이2동,4,769245.32,30.93,23.27,1.86,0,2716.0,17758.0,5031.0,19629.0,2956.0,0,0,11.5,0.02551721731598553,0.0038427273109202316,5.199901638593006e-06,43.94
11240590,오륜동,7,3082692.3,2.22,1.03,2.1,0,4341.0,10804.0,3708.0,5717.0,489.0,0,0,99.89,0.0018545477276410152,0.00015862757369537457,2.270742363737468e-06,94.65
11240600,오금동,5,1647585.93,14.28,8.84,3.5,0,6612.0,25263.0,8983.0,16323.0,2046.0,0,0,56.38,0.009907222259357924,0.001241816868384875,3.0347430801194405e-06,73.38
11240610,송파1동,5,686394.29,35.56,18.15,2.73,0,2908.0,17691.0,4964.0,14149.0,1977.0,0,0,13.88,0.0206135164670351,0.0028802687154801322,7.284442881841508e-06,43.56
11240620,송파2동,7,630534.11,16.53,6.92,5.11,0,3701.0,12701.0,4289.0,4084.0,771.0,0,0,72.06,0.006477048481858071,0.0012227728647190433,1.1101699160873284e-05,71.44
11240630,석촌동,4,946183.86,33.67,18.61,3.39,0,4006.0,23175.0,6393.0,15110.0,2459.0,0,0,8.69,0.015969412118105996,0.0025988606484727097,4.227508171570085e-06,44.33
11240640,삼전동,2,952604.67,33.02,12.05,3.7,0,4039.0,22388.0,5774.0,11201.0,1811.0,0,0,4.33,0.011758287936886156,0.0019011034241318478,2.099506818478021e-06,51.23
11240650,가락본동,8,1013951.7,14.0,17.94,2.79,0,3787.0,18211.0,5513.0,25302.0,3343.0,0,0,55.26,0.024953851351844927,0.003297001227935246,7.889922172743634e-06,65.27
11240660,가락1동,3,1392151.44,4.13,18.46,1.17,0,5436.0,17588.0,4600.0,11354.0,2959.0,0,0,99.95,0.008155721909046362,0.0021254871524456743,2.1549379713879768e-06,76.24
11240670,가락2동,5,931587.04,16.88,10.0,2.92,0,6516.0,21011.0,6174.0,9595.0,1720.0,0,0,61.66,0.01029962804108675,0.0018463116446763117,5.367185013593929e-06,70.2
11240680,문정1동,5,612070.76,20.29,13.73,2.16,0,3091.0,13619.0,4385.0,6080.0,1181.0,0,0,47.3,0.009933492003278617,0.001929515469715797,8.168990134275178e-06,63.82
11240690,문정2동,6,2240295.84,3.13,11.73,2.57,0,3359.0,21092.0,5337.0,59054.0,6330.0,0,0,38.25,0.026359911465860867,0.002825519686708763,2.6782177125201544e-06,82.57
11240810,장지동,4,1277361.59,12.84,5.68,3.79,0,5919.0,20433.0,6481.0,8925.0,1033.0,0,0,71.18,0.0069870583786147255,0.0008086981854463879,3.1314547355136025e-06,77.69
11240820,위례동,5,2638595.7,3.27,1.17,0.61,0,8254.0,16799.0,3185.0,3782.0,588.0,0,0,99.72,0.0014333381957628698,0.00022284581150411618,1.8949473767356818e-06,94.95
11240710,잠실본동,3,1028207.02,24.24,18.62,2.62,0,3406.0,20236.0,5401.0,19077.0,2927.0,0,0,11.52,0.018553656636009414,0.0028467029917492036,2.917700367354838e-06,54.519999999999996
11240790,잠실2동,2,2684789.48,3.02,0.59,1.05,0,10470.0,21428.0,4812.0,4541.0,735.0,0,0,100.0,0.0016913802865404128,0.0002737644815254797,7.44937364695183e-07,95.34
11240800,잠실3동,6,1541455.1,6.93,3.09,1.19,0,7496.0,20675.0,7672.0,9473.0,1480.0,0,0,97.48,0.0061454920094257326,0.0009601317612108186,3.892426058962778e-06,88.79
11240750,잠실4동,5,779600.62,9.66,1.86,2.24,0,5418.0,12861.0,3878.0,1660.0,337.0,0,0,99.3,0.0021292953820107366,0.00043227261670940857,6.413540307261255e-06,86.24
11240770,잠실6동,7,1506838.65,3.78,3.6,1.39,0,3224.0,10033.0,3992.0,48702.0,2051.0,0,0,95.25,0.032320646938328,0.0013611278155006104,4.645487424916759e-06,91.23
11240780,잠실7동,2,722932.2,6.2,1.16,2.07,0,1779.0,5614.0,2785.0,1278.0,190.0,0,0,100.0,0.0017678006319020265,0.00026281856029842333,2.766511161036035e-06,90.57
11250750,강일동,1,2270383.5,4.19,0.94,1.52,0,7284.0,17958.0,6731.0,3409.0,433.0,0,0,91.93,0.0015015084455929956,0.00019071667848101116,4.404542228198872e-07,93.35
1174052000,Unknown,0,,,,,0,,,,,,0,0,,,,,
11250530,명일1동,3,634446.91,16.14,13.39,3.84,0,4957.0,16115.0,5594.0,6441.0,1537.0,0,0,82.32,0.010152149688771404,0.002422582529365261,4.728528033894459e-06,66.63
11250540,명일2동,3,913614.16,7.18,6.17,2.18,0,3839.0,10248.0,3648.0,3928.0,971.0,0,0,83.76,0.004299407968848694,0.0010628118986130556,3.2836618906685547e-06,84.47
11250550,고덕1동,2,1517309.4,9.12,1.72,3.1,0,6799.0,15881.0,4285.0,2503.0,565.0,0,0,90.89,0.001649630589505017,0.00037236966962458435,1.3181227243348118e-06,86.06
11250560,고덕2동,2,2473375.27,3.98,3.71,1.97,0,3759.0,11587.0,3899.0,3149.0,538.0,0,0,69.8,0.0012731590059066405,0.00021751652752549142,8.086116264888157e-07,90.34
11250720,암사1동,2,734907.6,41.91,14.63,2.93,0,5302.0,22560.0,8506.0,5241.0,1513.0,0,0,28.12,0.00713150877733294,0.002058762217154119,2.721430558035848e-06,40.53
11250580,암사2동,1,2172643.04,3.14,1.8,0.73,0,2309.0,9256.0,3162.0,3532.0,659.0,0,0,74.28,0.0016256697188433416,0.00030331719839121236,4.6026888981974565e-07,94.33
11250590,암사3동,1,1797967.11,4.65,1.16,1.31,0,4105.0,10817.0,3714.0,2063.0,454.0,0,0,85.43,0.001147406973417064,0.00025250739986977565,5.561837001536909e-07,92.88
11250610,천호1동,3,668477.57,37.34,11.32,5.34,0,3582.0,17221.0,7283.0,4994.0,1196.0,0,0,33.29,0.007470706907825335,0.0017891400604243292,4.487809516114538e-06,46.0
11250730,천호2동,3,1849418.51,17.26,11.13,1.73,0,3989.0,22619.0,8493.0,13879.0,3110.0,0,0,25.75,0.007504520975041476,0.0016816096427969588,1.6221314882285775e-06,69.88
11250630,천호3동,5,561435.18,36.96,13.84,3.13,0,3036.0,17533.0,6883.0,7233.0,1589.0,0,0,48.93,0.01288305446030505,0.00283024658335749,8.9057475876573e-06,46.07
11250650,성내1동,2,663160.24,19.56,17.68,5.73,0,3492.0,12652.0,4290.0,17603.0,1874.0,0,0,49.51,0.026544112475341646,0.0028258630221433987,3.015862350206402e-06,57.03
11250660,성내2동,5,624661.87,36.67,19.45,2.39,0,2522.0,15896.0,5988.0,6594.0,1660.0,0,0,27.06,0.010556110940298692,0.002657437695009983,8.004330406656575e-06,41.489999999999995
11250670,성내3동,4,646853.12,30.01,21.76,2.94,0,3412.0,14980.0,5249.0,8914.0,2236.0,0,0,39.85,0.0137805627340287,0.0034567352785829226,6.183784040398789e-06,45.28999999999999
11250740,길동,3,1630343.88,19.0,13.61,2.91,0,5985.0,29029.0,11036.0,19549.0,3349.0,0,0,54.21,0.011990721859170038,0.002054167860573966,1.840102592332606e-06,64.48
11250700,둔촌1동,3,911467.32,9.44,0.85,1.82,0,15.0,134.0,119.0,283.0,17.0,0,0,0.0,0.00031048836725917407,1.8651244676346148e-05,3.2913961193552024e-06,87.89
11250710,둔촌2동,3,1549245.62,11.01,7.94,2.51,0,4391.0,16887.0,6346.0,9229.0,1319.0,0,0,61.93,0.00595709284622049,0.0008513821068550034,1.936426323400311e-06,78.53999999999999
23010520,연안동,0,5698090.12,0.53,14.16,0.86,0,676.0,3684.0,2211.0,12702.0,2009.0,0,0,84.19,0.0022291679725096572,0.00035257427623775004,0.0,84.45
23010530,신포동,4,1588044.21,4.8,17.82,3.85,0,620.0,2836.0,1816.0,9234.0,1567.0,0,0,26.81,0.00581469957939134,0.0009867483475098798,2.5188215635223478e-06,73.53
23010540,신흥동,1,3537977.36,3.05,16.87,1.89,0,2124.0,7685.0,3616.0,15073.0,1800.0,0,0,61.98,0.004260343825365066,0.0005087652680725216,2.826473711514009e-07,78.19
23010560,도원동,2,232792.84,23.73,9.29,6.28,0,486.0,2237.0,1445.0,1043.0,247.0,0,0,10.25,0.004480378348213786,0.0010610291965568602,8.591329526776196e-06,60.7
23010570,율목동,2,182903.33,30.66,12.26,5.35,0,358.0,1943.0,1241.0,735.0,158.0,0,0,0.0,0.004018516229091154,0.0008638443050291188,1.0934738038343277e-05,51.730000000000004
23010580,동인천동,4,625879.03,16.17,21.73,4.86,0,541.0,3308.0,2226.0,3884.0,1264.0,0,0,8.21,0.006205672044864554,0.0020195595944152408,6.391011374731775e-06,57.239999999999995
2811060000,Unknown,0,,,,,0,,,,,,0,0,,,,,
2811061000,Unknown,0,,,,,0,,,,,,0,0,,,,,
23010650,영종동,1,36071554.06,1.17,0.67,0.94,0,2190.0,9529.0,3548.0,3576.0,942.0,0,0,32.8,9.913628877898721e-05,2.611476063473321e-05,2.7722675833050116e-08,97.22
23010640,운서동,12,52798107.18,0.57,1.13,1.64,0,5133.0,20387.0,3127.0,47190.0,2324.0,0,0,53.72,0.0008937820410703418,4.401672946487549e-05,2.2728087503378047e-07,96.66
23010630,용유동,4,39118641.6,0.63,0.61,2.08,0,220.0,2135.0,1876.0,2449.0,742.0,0,0,0.0,6.26044233601244e-05,1.8967938804904983e-05,1.0225303937954168e-07,96.68
23020510,만석동,0,1133537.44,5.19,6.8,0.72,0,1190.0,4176.0,1939.0,3182.0,469.0,0,0,58.71,0.002807141509125564,0.0004137490156442142,0.0,87.28999999999999
23020520,화수1·화평동,1,286759.69,33.19,15.44,2.84,0,847.0,3470.0,2183.0,1194.0,375.0,0,0,31.96,0.004163765137137518,0.0013077151812617835,3.487240483364756e-06,48.53
23020530,화수2동,1,592632.73,11.25,2.88,1.97,0,1125.0,4363.0,2674.0,3621.0,234.0,0,0,67.87,0.006110023656538342,0.0003948482561806054,1.6873857101735274e-06,83.9
23020550,송현1·2동,1,333197.64,12.43,15.03,2.14,0,1905.0,6256.0,2744.0,1577.0,641.0,0,0,85.86,0.004732926679650764,0.0019237831335803042,3.0012217372547648e-06,70.4
23020570,송현3동,0,2234804.81,1.59,2.22,0.26,0,398.0,2109.0,1377.0,8583.0,1463.0,0,0,86.35,0.0038406038690965557,0.000654643301932688,0.0,95.93
23020580,송림1동,1,196111.37,33.25,8.7,4.56,0,238.0,907.0,602.0,455.0,96.0,0,0,53.27,0.002320110251520852,0.0004895177673538501,5.0991434099359395e-06,53.49
23020590,송림2동,0,198130.58,38.98,18.26,5.77,0,289.0,1448.0,1349.0,1985.0,327.0,0,0,3.74,0.010018645278784395,0.0016504267033564217,0.0,36.99
23020600,송림3·5동,1,519703.88,23.86,9.87,7.22,0,1349.0,4667.0,2436.0,2074.0,412.0,0,0,53.51,0.0039907341079695085,0.0007927591381308764,1.924172665366205e-06,59.05
23020610,송림4동,0,799350.08,5.06,19.55,0.27,0,800.0,2519.0,903.0,7271.0,2116.0,0,0,71.61,0.00909613970378165,0.0026471505450697255,0.0,75.12
23020630,송림6동,0,558277.82,13.53,15.43,1.01,0,1226.0,3887.0,1852.0,3171.0,807.0,0,0,59.34,0.005679967726361045,0.0014455168575128866,0.0,70.03
23020640,금창동,2,289178.29,29.42,15.01,6.55,0,360.0,1523.0,1316.0,1564.0,374.0,0,0,0.0,0.005408428135963857,0.001293319771643531,6.916148511462733e-06,49.019999999999996
2817052000,Unknown,0,,,,,0,,,,,,0,0,,,,,
2817053500,Unknown,0,,,,,0,,,,,,0,0,,,,,
2817054000,Unknown,0,,,,,0,,,,,,0,0,,,,,
2817055500,Unknown,0,,,,,0,,,,,,0,0,,,,,
2817056000,Unknown,0,,,,,0,,,,,,0,0,,,,,
2817057000,Unknown,0,,,,,0,,,,,,0,0,,,,,
2817059000,Unknown,0,,,,,0,,,,,,0,0,,,,,
2817060000,Unknown,0,,,,,0,,,,,,0,0,,,,,
2817061000,Unknown,0,,,,,0,,,,,,0,0,,,,,
2817063000,Unknown,0,,,,,0,,,,,,0,0,,,,,
2817064500,Unknown,0,,,,,0,,,,,,0,0,,,,,
2817066000,Unknown,0,,,,,0,,,,,,0,0,,,,,
2817067000,Unknown,0,,,,,0,,,,,,0,0,,,,,
2817068000,Unknown,0,,,,,0,,,,,,0,0,,,,,
2817069000,Unknown,0,,,,,0,,,,,,0,0,,,,,
2817070000,Unknown,0,,,,,0,,,,,,0,0,,,,,
2817071000,Unknown,0,,,,,0,,,,,,0,0,,,,,
2817072000,Unknown,0,,,,,0,,,,,,0,0,,,,,
2817073000,Unknown,0,,,,,0,,,,,,0,0,,,,,
2817073500,Unknown,0,,,,,0,,,,,,0,0,,,,,
2817074000,Unknown,0,,,,,0,,,,,,0,0,,,,,
23040510,옥련1동,0,2166690.58,7.4,6.66,1.55,0,3598.0,12636.0,4157.0,6828.0,1901.0,0,0,63.3,0.0031513498341643625,0.0008773749318609334,0.0,84.39
23040600,옥련2동,0,1992795.95,4.84,2.79,2.4,0,4048.0,13452.0,4021.0,3358.0,765.0,0,0,80.49,0.001685069663044603,0.0003838827552796668,0.0,89.97
23040520,선학동,4,2434373.37,4.66,3.17,0.92,0,2185.0,11285.0,4480.0,3838.0,940.0,0,0,78.24,0.001576586421492211,0.00038613633043321473,1.6431333209924032e-06,91.25
23040530,연수1동,2,1637775.21,10.65,7.82,1.45,0,2899.0,13999.0,4102.0,3877.0,1326.0,0,0,74.32,0.0023672357331482184,0.000809634919307335,1.2211688074017118e-06,80.08
23040540,연수2동,6,970401.07,4.97,13.39,2.14,0,3447.0,14299.0,4435.0,6356.0,1560.0,0,0,86.11,0.006549869117451099,0.0016075827286380921,6.1830104947618935e-06,79.5
23040550,연수3동,6,863711.79,5.77,2.46,5.43,0,2608.0,10573.0,4189.0,2589.0,259.0,0,0,100.0,0.0029975276822029077,0.0002998685475822917,6.946761720053089e-06,86.34
23040560,청학동,2,2387927.82,9.15,4.94,1.92,0,3376.0,16407.0,6157.0,6975.0,1470.0,0,0,54.66,0.0029209425601360054,0.0006155964965447926,8.375462538024389e-07,83.99
23040570,동춘1동,2,3820176.3,4.08,2.61,1.0,0,5195.0,16828.0,3985.0,4072.0,807.0,0,0,95.36,0.0010659193922514364,0.00021124679507537062,5.235360472747722e-07,92.31
23040580,동춘2동,2,1279195.17,6.93,3.07,1.68,0,3742.0,12383.0,3136.0,4648.0,867.0,0,0,99.48,0.0036335346700563796,0.0006777699137131845,1.5634830766163424e-06,88.32
23040590,동춘3동,1,707320.1,7.98,7.21,2.82,0,4646.0,11534.0,3097.0,4197.0,645.0,0,0,100.0,0.005933664263097661,0.0009118926494395977,1.413787053394725e-06,81.99000000000001
23040640,송도1동,4,5835537.74,2.17,5.47,4.07,0,8752.0,22760.0,4756.0,29935.0,2156.0,0,0,87.01,0.005129775752242621,0.00036946038155453786,6.854552533479366e-07,88.29
23040660,송도2동,4,3602732.23,3.1,2.96,1.75,0,11196.0,22263.0,3193.0,8633.0,1603.0,0,0,92.74,0.002396236924878549,0.00044494008925985337,1.110268469768817e-06,92.19
23040650,송도3동,2,22050487.96,0.37,1.18,2.62,0,13090.0,31172.0,3843.0,26155.0,3090.0,0,0,85.64,0.0011861415514900985,0.0001401329533207572,9.070094066068428e-08,95.83
23050510,구월1동,2,1677118.48,9.89,10.81,2.71,0,6677.0,20459.0,5549.0,15856.0,2482.0,0,0,61.86,0.009454311182538193,0.0014799192958539224,1.1925215921465934e-06,76.59
23050520,구월2동,0,814005.07,22.23,6.23,5.05,0,8569.0,22199.0,6238.0,3776.0,808.0,0,0,83.1,0.004638791746043563,0.0009926228100644065,0.0,66.49
23050530,구월3동,6,1837133.81,12.3,20.93,3.56,0,3488.0,20688.0,4603.0,33045.0,4358.0,0,0,23.46,0.017987258097340295,0.0023721734237618095,3.2659569854453554e-06,63.21
23050540,구월4동,1,1041376.91,14.5,11.67,2.98,0,2013.0,9801.0,4014.0,5486.0,1499.0,0,0,8.39,0.0052680253876066065,0.0014394404039413603,9.602671140369316e-07,70.85
23050550,간석1동,5,946362.09,24.24,11.66,3.24,0,3226.0,14742.0,5749.0,5732.0,1257.0,0,0,41.73,0.006056878292683334,0.001328244245272671,5.2833899971068855e-06,60.86
23050560,간석2동,0,594520.74,20.39,20.66,3.82,0,3975.0,13838.0,4906.0,4603.0,1193.0,0,0,66.61,0.007742370770652302,0.0020066583379074942,0.0,55.129999999999995
23050570,간석3동,4,1649515.81,12.59,6.28,2.3,0,4111.0,18383.0,6621.0,7465.0,1839.0,0,0,34.24,0.004525570446005452,0.0011148726122175519,2.4249540233116953e-06,78.83
23050580,간석4동,4,1064968.45,16.83,16.18,2.64,0,4425.0,18666.0,6258.0,6658.0,1485.0,0,0,53.1,0.006251828399176972,0.0013944075056740468,3.755979813263426e-06,64.35
23050590,만수1동,2,756337.34,14.72,9.01,5.66,0,1995.0,9592.0,4593.0,6497.0,1031.0,0,0,57.33,0.00859008230363729,0.0013631483538633286,2.644322703905584e-06,70.61
23050600,만수2동,1,851791.57,15.48,7.23,3.63,0,4595.0,15539.0,5287.0,3248.0,948.0,0,0,75.68,0.003813139404469416,0.0011129483237182901,1.173996122065707e-06,73.66
23050610,만수3동,0,1267308.49,9.05,2.7,1.54,0,3204.0,11321.0,3857.0,1642.0,517.0,0,0,45.38,0.0012956592754989303,0.0004079511847947302,0.0,86.71
23050620,만수4동,2,968085.91,11.72,1.62,2.72,0,3796.0,13536.0,4852.0,1449.0,301.0,0,0,90.82,0.0014967679882718593,0.00031092281881975824,2.065932350961849e-06,83.94
23050630,만수5동,2,543834.57,33.48,15.4,3.32,0,1901.0,9837.0,4459.0,4066.0,1139.0,0,0,23.92,0.007476538315549222,0.00209438690147825,3.6775889402603155e-06,47.800000000000004
23050640,만수6동,2,1720844.0,4.95,5.73,2.87,0,4218.0,15721.0,5623.0,10633.0,1465.0,0,0,86.42,0.006178944750330774,0.0008513264421362348,1.1622203988207982e-06,86.45
23050750,장수서창동,3,11426856.63,1.35,1.79,0.24,0,4138.0,12266.0,4398.0,4352.0,870.0,0,0,61.95,0.00038085714566248047,7.613642388013742e-05,2.62539392690129e-07,96.62
23050670,남촌도림동,3,9842225.4,1.8,1.95,0.41,0,3579.0,13570.0,4820.0,18893.0,2349.0,0,0,47.3,0.0019195861943967268,0.00023866553594653636,3.04809113597109e-07,95.84
23050720,논현1동,2,3814666.73,3.9,3.62,0.96,0,6804.0,20248.0,5256.0,6807.0,1937.0,0,0,88.89,0.0017844284918651743,0.0005077769926168418,5.242921968165635e-07,91.52
23050730,논현2동,6,3262346.01,4.06,3.28,1.76,0,6333.0,20961.0,6093.0,19585.0,2526.0,0,0,80.38,0.0060033484921300445,0.0007742894200214701,1.839167268459549e-06,90.9
23050740,논현고잔동,8,10973645.46,1.3,1.85,1.67,0,10654.0,25865.0,5280.0,66722.0,7273.0,0,0,80.8,0.00608020372474647,0.0006627697264782392,7.290193609000293e-07,95.18
23060510,부평1동,6,1095934.25,14.63,15.49,2.87,0,5714.0,24583.0,7608.0,14325.0,2925.0,0,0,60.6,0.013071039617449029,0.002668955733405823,5.474780991601687e-06,67.00999999999999
23060520,부평2동,5,2340698.16,9.27,1.68,1.52,0,2636.0,12231.0,4629.0,1715.0,508.0,0,0,5.41,0.0007326873790479132,0.00021702926446433814,2.1361148077198634e-06,87.53
23060530,부평3동,3,975076.57,20.81,7.62,2.99,0,1634.0,8080.0,3734.0,3590.0,878.0,0,0,16.99,0.003681762140960051,0.0009004421057835445,3.076681454841268e-06,68.58
23060540,부평4동,6,1052968.37,23.58,21.95,4.17,0,5433.0,24837.0,7183.0,13716.0,3034.0,0,0,31.0,0.0130260323013024,0.0028813780987278713,5.698176859712336e-06,50.300000000000004
23060550,부평5동,3,808586.68,28.09,27.44,2.56,0,5341.0,22933.0,6013.0,11844.0,2443.0,0,0,26.28,0.014647780247695303,0.0030213211031002722,3.7101773677039774e-06,41.91
23060560,부평6동,3,705636.09,20.61,10.91,4.34,0,1948.0,9485.0,3648.0,4606.0,837.0,0,0,28.91,0.006527443912250472,0.0011861638199204612,4.251483225521367e-06,64.14
23060570,산곡1동,1,2296474.42,11.68,2.86,2.1,0,1703.0,8003.0,3862.0,2398.0,626.0,0,0,57.94,0.0010442093232588927,0.0002725917582819294,4.354500931021237e-07,83.36
23060580,산곡2동,1,813066.47,14.18,7.32,4.95,0,6863.0,20200.0,5762.0,3921.0,884.0,0,0,90.8,0.0048224839476553195,0.0010872419815677896,1.2299117438549654e-06,73.55
23060590,산곡3동,1,1638378.27,9.36,3.24,1.7,0,3599.0,13326.0,6286.0,2442.0,612.0,0,0,73.63,0.0014904982840043984,0.00037354011048758876,6.103596576594588e-07,85.7
23060600,산곡4동,0,691381.25,8.1,5.13,2.74,0,3311.0,11487.0,3783.0,2083.0,533.0,0,0,93.99,0.003012809502672906,0.000770920530448708,0.0,84.03
23060610,청천1동,1,2085520.82,9.58,4.99,0.69,0,962.0,4715.0,1910.0,7351.0,1311.0,0,0,13.83,0.0035247790045868505,0.0006286199530694274,4.794965317081826e-07,84.74
23060620,청천2동,4,2817946.36,6.14,7.93,1.17,0,6073.0,22313.0,6846.0,29207.0,2853.0,0,0,67.6,0.010364640155853198,0.0010124394276936754,1.4194734352522612e-06,84.76
23060630,갈산1동,3,1100270.76,13.15,8.94,5.04,0,2433.0,10961.0,3697.0,5589.0,1015.0,0,0,35.74,0.005079658755949493,0.0009225002034869807,2.7266015866610265e-06,72.87
23060640,갈산2동,4,673671.3,8.7,7.11,4.51,0,2986.0,12187.0,4856.0,2752.0,768.0,0,0,95.75,0.004085078286634965,0.0011400218474330133,5.937613788713611e-06,79.68
23060650,삼산1동,0,1967936.73,7.61,4.91,1.99,0,6767.0,22212.0,6810.0,5312.0,1255.0,0,0,83.61,0.0026992737718620693,0.0006377237544591298,0.0,85.49
23060720,삼산2동,2,1351600.35,5.54,4.76,3.4,0,7268.0,18554.0,4419.0,11723.0,1515.0,0,0,95.26,0.00867342184390028,0.0011208934652826856,1.479727346907836e-06,86.3
23060660,부개1동,1,927861.07,19.7,9.32,1.15,0,2244.0,10293.0,4825.0,3378.0,1015.0,0,0,31.58,0.003640631242308284,0.0010939137687812045,1.0777475554494625e-06,69.83
23060670,부개2동,1,722207.64,20.57,10.43,4.31,0,2938.0,11204.0,3888.0,2953.0,718.0,0,0,57.7,0.004088851787775482,0.00099417391927626,1.38464334161039e-06,64.69
23060680,부개3동,2,869757.61,12.8,6.01,5.91,0,5892.0,21607.0,5773.0,3965.0,1005.0,0,0,91.42,0.004558741371581,0.0011554943451296104,2.299491234088777e-06,75.28
23060690,일신동,2,4327179.89,2.18,3.25,0.4,0,2321.0,8006.0,3041.0,6616.0,1067.0,0,0,60.14,0.0015289403648954174,0.00024658092039652515,4.6219478987164973e-07,94.17
23060700,십정1동,3,1739827.56,8.48,4.95,1.42,0,1869.0,7919.0,3456.0,5990.0,1067.0,0,0,44.1,0.0034428699358950094,0.000613279168881465,1.7243088159741284e-06,85.15
23060710,십정2동,5,1089932.37,25.9,14.37,3.12,0,3022.0,15285.0,6170.0,6094.0,1833.0,0,0,29.2,0.005591172597198932,0.0016817557221308899,4.58744059501061e-06,56.61
23070510,효성1동,1,2081340.3,15.36,5.03,2.73,0,4006.0,16256.0,5823.0,4264.0,1083.0,0,0,63.37,0.002048679881891257,0.0005203377842608422,4.80459634589882e-07,76.88
23070520,효성2동,1,2908541.48,5.94,3.26,0.98,0,5154.0,19520.0,6105.0,7186.0,1327.0,0,0,65.19,0.0024706541231707974,0.0004562424187931601,3.438149350362924e-07,89.82
23070530,계산1동,2,1456386.38,13.4,10.84,3.7,0,2408.0,13536.0,4750.0,7724.0,2022.0,0,0,33.67,0.005303537650459877,0.0013883678313347837,1.3732619498860373e-06,72.06
23070540,계산2동,2,1582885.06,10.57,4.39,3.15,0,1750.0,10259.0,3823.0,4757.0,969.0,0,0,42.21,0.0030052719051943968,0.000612173318506069,1.2635156212715563e-06,81.89
23070550,계산3동,3,521934.63,15.45,6.61,5.52,0,2920.0,14129.0,3538.0,2632.0,571.0,0,0,89.87,0.005042777100169751,0.001094006734117374,5.747846238795309e-06,72.42
23070620,계산4동,1,850271.05,6.41,13.22,6.06,0,4436.0,16457.0,3221.0,16300.0,2319.0,0,0,80.42,0.01917035749930366,0.0027273655853303795,1.176095552104519e-06,74.31
23070560,작전1동,1,831423.86,14.87,8.62,4.99,0,5121.0,18978.0,5361.0,5056.0,910.0,0,0,78.19,0.006081134116044239,0.0010945079204114432,1.2027559564960916e-06,71.52000000000001
23070570,작전2동,2,967317.64,22.14,16.07,3.17,0,2590.0,12977.0,4792.0,8161.0,1681.0,0,0,50.82,0.008436732322916838,0.0017377952499477028,2.0675731706694857e-06,58.62
23070580,작전서운동,0,3276346.73,4.03,6.09,1.31,0,5885.0,20639.0,4709.0,12894.0,1861.0,0,0,75.9,0.0039354809067966515,0.000568010700135611,0.0,88.57
23070630,계양1동,3,17059703.83,1.42,0.87,0.49,0,3619.0,13816.0,4504.0,3610.0,821.0,0,0,53.39,0.00021160976978097307,4.8125102767362576e-05,1.7585299427781694e-07,97.22
23070610,계양2동,3,4156051.5,6.05,3.17,1.33,0,5206.0,23130.0,7209.0,6108.0,1648.0,0,0,50.93,0.0014696641752358706,0.0003965302162391478,7.218389858722351e-07,89.45
23070640,계양3동,4,9811156.76,1.72,1.54,1.09,0,6156.0,16538.0,4150.0,4241.0,828.0,0,0,49.76,0.0004322629944397787,8.439371832023975e-05,4.076991223199988e-07,95.65
23080510,검암경서동,5,14995076.19,2.94,1.59,0.79,0,9624.0,30771.0,5985.0,16658.0,2226.0,0,0,40.69,0.0011108979900414158,0.00014844872888895375,3.334427872618009e-07,94.68
23080530,연희동,0,9447146.79,2.93,3.0,1.66,0,6555.0,27736.0,8199.0,15938.0,2519.0,0,0,41.75,0.0016870702185821684,0.0002666413527800528,0.0,92.41
23080740,청라1동,0,2468432.76,2.91,6.0,1.54,0,8509.0,20232.0,2644.0,8613.0,1763.0,0,0,79.71,0.003489258504236149,0.0007142183609623046,0.0,89.55
23080780,청라2동,0,4919153.61,2.7,3.38,0.74,0,13373.0,30674.0,4723.0,6461.0,1438.0,0,0,82.37,0.0013134373333763135,0.000292326711870475,0.0,93.18
23080790,청라3동,1,13193758.12,0.59,1.07,1.33,0,7738.0,16685.0,2396.0,5970.0,673.0,0,0,86.68,0.0004524866945185043,5.1008969080561704e-05,7.579341616725365e-08,97.01
23080540,가정1동,0,2434775.88,6.68,3.92,0.68,0,5573.0,17780.0,4826.0,5184.0,1245.0,0,0,71.45,0.0021291487411887406,0.0005113406988387311,0.0,88.72
23080550,가정2동,2,1282108.11,2.27,0.18,0.71,0,853.0,4573.0,1358.0,197.0,69.0,0,0,99.78,0.00015365318919826772,5.381761449076382e-05,1.5599308548047484e-06,96.84
23080560,가정3동,1,588929.45,17.43,1.57,2.22,0,1389.0,6668.0,2076.0,540.0,141.0,0,0,30.9,0.0009169179771716814,0.00023941747181705015,1.6979962540216322e-06,78.78
23080580,석남1동,3,1146365.03,19.04,11.78,2.34,0,3010.0,14750.0,5247.0,4575.0,1455.0,0,0,41.6,0.003990875402017533,0.001269229226215412,2.6169674767328083e-06,66.84
23080590,석남2동,3,2721862.56,6.57,5.91,2.22,0,1821.0,8419.0,3623.0,14472.0,2651.0,0,0,41.98,0.005316947377367515,0.0009739654157961085,1.1021864380944268e-06,85.3
23080600,석남3동,4,1449821.49,11.88,1.96,2.62,0,2122.0,9698.0,3403.0,1605.0,422.0,0,0,36.84,0.001107032838911037,0.0002910703165236496,2.758960346195731e-06,83.53999999999999
23080730,신현원창동,2,10077340.66,1.91,2.82,2.49,0,6144.0,20656.0,6038.0,14831.0,2253.0,0,0,64.35,0.0014717176386478614,0.00022357088799633415,1.9846505814144177e-07,92.78
23080620,가좌1동,2,4342249.09,3.12,10.67,0.25,0,1510.0,7644.0,2812.0,26027.0,3599.0,0,0,21.43,0.0059938984292446625,0.0008288331519903001,4.6059080410686303e-07,85.96000000000001
23080630,가좌2동,2,723919.45,9.9,4.25,3.38,0,3650.0,13169.0,4216.0,2592.0,733.0,0,0,87.05,0.0035805088535253407,0.0010125435916798129,2.7627383129053557e-06,82.47
23080640,가좌3동,4,1940273.52,7.6,4.76,1.26,0,2163.0,10128.0,4435.0,12284.0,1332.0,0,0,52.05,0.006331066147795847,0.0006865011485561762,2.061565010679208e-06,86.38
23080650,가좌4동,1,1898898.02,5.74,4.33,1.74,0,1635.0,6978.0,2456.0,6850.0,911.0,0,0,70.76,0.0036073553860274847,0.0004797519352804436,5.26621224237589e-07,88.19
2826063000,Unknown,0,,,,,0,,,,,,0,0,,,,,
2826064000,Unknown,0,,,,,0,,,,,,0,0,,,,,
2826065000,Unknown,0,,,,,0,,,,,,0,0,,,,,
2826066000,Unknown,0,,,,,0,,,,,,0,0,,,,,
2826067000,Unknown,0,,,,,0,,,,,,0,0,,,,,
23510110,강화읍,0,3951207.12,10.96,7.68,2.6,0,3788.58,13422.64,4148.13,8292.54,1364.75,0,0,58.17,0.0020987358415113944,0.00034540077463632074,0.0,78.75999999999999
23510310,선원면,0,3951207.12,10.96,7.68,2.6,0,3788.58,13422.64,4148.13,8292.54,1364.75,0,0,58.17,0.0020987358415113944,0.00034540077463632074,0.0,78.75999999999999
23510320,불은면,0,3951207.12,10.96,7.68,2.6,0,3788.58,13422.64,4148.13,8292.54,1364.75,0,0,58.17,0.0020987358415113944,0.00034540077463632074,0.0,78.75999999999999
23510330,길상면,0,3951207.12,10.96,7.68,2.6,0,3788.58,13422.64,4148.13,8292.54,1364.75,0,0,58.17,0.0020987358415113944,0.00034540077463632074,0.0,78.75999999999999
23510340,화도면,0,3951207.12,10.96,7.68,2.6,0,3788.58,13422.64,4148.13,8292.54,1364.75,0,0,58.17,0.0020987358415113944,0.00034540077463632074,0.0,78.75999999999999
23510350,양도면,0,3951207.12,10.96,7.68,2.6,0,3788.58,13422.64,4148.13,8292.54,1364.75,0,0,58.17,0.0020987358415113944,0.00034540077463632074,0.0,78.75999999999999
23510360,내가면,0,3951207.12,10.96,7.68,2.6,0,3788.58,13422.64,4148.13,8292.54,1364.75,0,0,58.17,0.0020987358415113944,0.00034540077463632074,0.0,78.75999999999999
23510370,하점면,0,3951207.12,10.96,7.68,2.6,0,3788.58,13422.64,4148.13,8292.54,1364.75,0,0,58.17,0.0020987358415113944,0.00034540077463632074,0.0,78.75999999999999
23510380,양사면,0,3951207.12,10.96,7.68,2.6,0,3788.58,13422.64,4148.13,8292.54,1364.75,0,0,58.17,0.0020987358415113944,0.00034540077463632074,0.0,78.75999999999999
23510390,송해면,0,3951207.12,10.96,7.68,2.6,0,3788.58,13422.64,4148.13,8292.54,1364.75,0,0,58.17,0.0020987358415113944,0.00034540077463632074,0.0,78.75999999999999
23510400,교동면,0,3951207.12,10.96,7.68,2.6,0,3788.58,13422.64,4148.13,8292.54,1364.75,0,0,58.17,0.0020987358415113944,0.00034540077463632074,0.0,78.75999999999999
23510410,삼산면,0,3951207.12,10.96,7.68,2.6,0,3788.58,13422.64,4148.13,8292.54,1364.75,0,0,58.17,0.0020987358415113944,0.00034540077463632074,0.0,78.75999999999999
23510420,서도면,0,3951207.12,10.96,7.68,2.6,0,3788.58,13422.64,4148.13,8292.54,1364.75,0,0,58.17,0.0020987358415113944,0.00034540077463632074,0.0,78.75999999999999
23520310,북도면,0,3951207.12,10.96,7.68,2.6,0,3788.58,13422.64,4148.13,8292.54,1364.75,0,0,58.17,0.0020987358415113944,0.00034540077463632074,0.0,78.75999999999999
23520330,백령면,0,3951207.12,10.96,7.68,2.6,0,3788.58,13422.64,4148.13,8292.54,1364.75,0,0,58.17,0.0020987358415113944,0.00034540077463632074,0.0,78.75999999999999
23520340,대청면,0,3951207.12,10.96,7.68,2.6,0,3788.58,13422.64,4148.13,8292.54,1364.75,0,0,58.17,0.0020987358415113944,0.00034540077463632074,0.0,78.75999999999999
23520350,덕적면,0,3951207.12,10.96,7.68,2.6,0,3788.58,13422.64,4148.13,8292.54,1364.75,0,0,58.17,0.0020987358415113944,0.00034540077463632074,0.0,78.75999999999999
23520370,영흥면,0,3951207.12,10.96,7.68,2.6,0,3788.58,13422.64,4148.13,8292.54,1364.75,0,0,58.17,0.0020987358415113944,0.00034540077463632074,0.0,78.75999999999999
23520360,자월면,0,3951207.12,10.96,7.68,2.6,0,3788.58,13422.64,4148.13,8292.54,1364.75,0,0,58.17,0.0020987358415113944,0.00034540077463632074,0.0,78.75999999999999
23520320,연평면,0,3951207.12,10.96,7.68,2.6,0,3788.58,13422.64,4148.13,8292.54,1364.75,0,0,58.17,0.0020987358415113944,0.00034540077463632074,0.0,78.75999999999999
31011540,파장동,0,8638370.88,2.91,2.02,1.19,0,3562.0,14868.0,5557.0,13859.0,1499.0,0,0,47.9,0.0016043534356774405,0.00017352809005559443,0.0,93.88
31011550,율천동,1,2996941.75,9.23,4.1,4.1,0,8028.0,29783.0,6173.0,9533.0,1773.0,0,0,71.44,0.00318090933865104,0.0005916030900480745,3.3367348564471207e-07,82.57
31011560,정자1동,0,1147008.19,13.09,6.14,1.48,0,6521.0,19056.0,5098.0,4235.0,824.0,0,0,90.01,0.003692214263930476,0.0007183906855911953,0.0,79.28999999999999
31011570,정자2동,1,1215190.4,20.13,10.61,2.89,0,5535.0,18870.0,6011.0,6726.0,1335.0,0,0,65.67,0.0055349351014825745,0.0010985932739338742,8.22916310062827e-07,66.37
31011620,정자3동,1,1907339.22,6.31,4.93,4.3,0,11304.0,27580.0,4581.0,9205.0,1596.0,0,0,96.98,0.004826094856871731,0.0008367677774652126,5.242905873842184e-07,84.46000000000001
31011580,영화동,0,1281458.57,24.85,17.54,4.01,0,2301.0,12629.0,5712.0,8385.0,2048.0,0,0,13.04,0.006543325079900605,0.001598178862687709,0.0,53.6
31011590,송죽동,0,1675128.5,10.95,7.49,2.26,0,3089.0,12718.0,4100.0,7991.0,1336.0,0,0,41.19,0.004770380302139386,0.0007975507550567162,0.0,79.3
31011600,조원1동,0,1634290.39,19.0,6.62,3.32,0,4727.0,18137.0,6453.0,6568.0,1259.0,0,0,45.8,0.004018869620814335,0.0007703649288375834,0.0,71.06
31011630,조원2동,0,1255613.15,3.57,2.91,3.44,0,3737.0,12120.0,3604.0,4002.0,592.0,0,0,98.26,0.003187287422059993,0.00047148279706634577,0.0,90.08
31011610,연무동,0,11566580.69,2.71,0.96,0.38,0,1894.0,9705.0,4924.0,5521.0,949.0,0,0,21.17,0.00047732343273829066,8.204671937486649e-05,0.0,95.95
31012520,세류1동,3,786327.9,13.3,3.33,1.7,1,1582.0,6701.0,2298.0,1448.0,300.0,0,5,71.29,0.001841470969021429,0.0003815202283884176,3.8152022838841764e-06,81.67
31012530,세류2동,1,4152129.65,8.67,4.16,0.48,0,2958.0,15535.0,5572.0,5409.0,1448.0,0,0,20.44,0.0013027049865812772,0.0003487367018986299,2.4084026374214775e-07,86.69
31012540,세류3동,1,876174.14,37.73,13.53,1.92,0,2778.0,12548.0,4831.0,5607.0,1224.0,0,0,26.43,0.006399412792456995,0.0013969825678557806,1.141325627333154e-06,46.82000000000001
31012550,평동,4,10857218.63,3.53,3.33,0.92,1,7030.0,26150.0,7790.0,33690.0,3486.0,0,5,76.94,0.0031030046596721215,0.0003210767065484421,3.6841848140957215e-07,92.22
31012560,서둔동,3,5441480.29,8.61,5.23,3.69,1,6083.0,24807.0,8013.0,12922.0,2252.0,0,5,31.51,0.002374721456535176,0.00041385797245915623,5.513205672191247e-07,82.47
31012570,구운동,0,1941000.11,9.06,9.85,1.33,0,3791.0,16329.0,5166.0,6302.0,1491.0,0,0,64.76,0.003246779826286322,0.0007681606983486046,0.0,79.75999999999999
31012650,금곡동,0,4095864.76,3.21,2.88,1.2,0,10381.0,28830.0,6589.0,7131.0,1691.0,0,0,90.03,0.0017410242812759742,0.0004128554283603523,0.0,92.71
31012660,호매실동,0,4748119.36,2.82,1.83,1.07,0,11624.0,28647.0,5509.0,4407.0,937.0,0,0,92.63,0.0009281569534913121,0.00019734129008880405,0.0,94.28
31012600,권선1동,3,1219242.03,15.03,23.28,2.12,0,3305.0,17453.0,4076.0,12749.0,2590.0,0,0,40.53,0.010456496484045447,0.0021242706011199083,2.4605450978222873e-06,59.57
31012640,권선2동,2,2457543.25,8.07,4.37,1.86,0,11708.0,32495.0,6131.0,7022.0,1458.0,0,0,97.61,0.0028573250948773442,0.0005932754184464779,8.138208757839203e-07,85.7
31012610,곡선동,1,3596028.84,3.36,5.23,0.97,0,4329.0,20531.0,3003.0,7363.0,1703.0,0,0,77.55,0.0020475364151916883,0.0004735779594012556,2.7808453282516477e-07,90.44
31012620,입북동,0,6947168.78,1.07,1.36,0.5,0,3890.0,10561.0,2730.0,2328.0,593.0,0,0,88.89,0.0003351005386105862,8.535851348628763e-05,0.0,97.07
31013670,매교동,1,723059.43,24.89,18.25,3.18,0,573.0,3778.0,1595.0,3655.0,761.0,0,0,27.85,0.00505490952514021,0.001052472270487469,1.3830121819809056e-06,53.68
31013680,매산동,2,831471.87,16.41,25.14,3.1,1,1000.0,6999.0,2660.0,15328.0,2740.0,0,5,37.81,0.018434778797526433,0.003295361032438832,2.4053730163787095e-06,55.349999999999994
31013690,고등동,2,1013302.87,18.42,6.87,1.7,1,1047.0,5481.0,2735.0,1937.0,557.0,0,5,6.53,0.0019115706244677707,0.0005496875776089563,1.973743546172195e-06,73.00999999999999
31013700,화서1동,0,954281.78,31.19,10.99,2.66,0,3923.0,14278.0,5393.0,4034.0,1275.0,0,0,42.15,0.004227262936904996,0.0013360833526410189,0.0,55.16
31013710,화서2동,1,1952811.11,4.89,3.48,2.88,0,5418.0,17652.0,4201.0,4775.0,892.0,0,0,94.0,0.0024451929710577833,0.000456777409462522,5.120822976037242e-07,88.75
31013530,지동,0,792689.99,39.66,13.45,2.4,0,1281.0,6733.0,3822.0,5819.0,872.0,0,0,13.43,0.007340826897443971,0.0011000517364789728,0.0,44.49
31013540,우만1동,0,1304417.93,16.53,10.04,2.87,0,2649.0,13430.0,5023.0,5528.0,1259.0,0,0,45.63,0.0042379055614159035,0.0009651814583615454,0.0,70.56
31013550,우만2동,0,806373.91,10.06,8.57,2.71,0,3274.0,11373.0,2768.0,5120.0,768.0,0,0,85.41,0.006349411775904935,0.0009524117663857401,0.0,78.66
31013560,인계동,2,2919529.82,12.11,18.67,1.77,0,5290.0,26301.0,6262.0,43808.0,5715.0,0,0,50.58,0.015005155864395298,0.001957506979661686,6.850418126550081e-07,67.45
31013720,행궁동,0,1560870.46,16.48,18.42,4.52,0,793.0,6543.0,3591.0,7995.0,2524.0,0,0,1.23,0.00512214191044962,0.0016170464267635826,0.0,60.58
31014510,매탄1동,0,600865.91,19.62,7.88,2.16,0,3422.0,12407.0,3132.0,2006.0,621.0,0,0,83.05,0.0033385152437198757,0.0010335084578016165,0.0,70.34
31014520,매탄2동,0,607867.99,20.35,14.54,4.1,0,2684.0,9883.0,2821.0,4166.0,897.0,0,0,62.38,0.0068534617194293546,0.001475649342853608,0.0,61.01
31014530,매탄3동,2,3182368.19,5.05,7.57,1.43,0,7766.0,24647.0,4155.0,52113.0,1865.0,0,0,89.66,0.016375540757223396,0.0005860415541654027,6.284627926706732e-07,85.95
31014540,매탄4동,0,744992.86,15.88,8.02,2.05,0,4098.0,14826.0,3588.0,2327.0,697.0,0,0,88.91,0.0031235198683229864,0.0009355794362789521,0.0,74.05
31014600,원천동,1,3236457.81,4.8,8.41,3.8,0,8226.0,25860.0,4459.0,20221.0,2137.0,0,0,81.22,0.006247879993200814,0.000660289775256918,3.089797731665503e-07,82.99
31014640,영통1동,1,1687406.71,7.67,2.33,2.74,0,9078.0,23687.0,3744.0,3368.0,710.0,0,0,96.29,0.0019959621945441004,0.000420764001818976,5.926253546746141e-07,87.26
31014650,영통2동,3,1368287.52,5.91,12.0,1.39,0,5058.0,19633.0,1940.0,14823.0,1959.0,0,0,93.13,0.010833249432759326,0.0014317166321780694,2.1925216419265992e-06,80.7
4111759000,Unknown,0,,,,,0,,,,,,0,0,,,,,
31014620,광교1동,2,7966171.85,2.5,2.9,1.7,0,12955.0,34797.0,4379.0,24835.0,3182.0,0,0,58.63,0.0031175576509774676,0.0003994390354503846,2.510616187620268e-07,92.9
31014630,광교2동,2,4142007.1,1.44,2.06,0.66,0,6528.0,17519.0,3932.0,5295.0,882.0,0,0,86.38,0.001278365746883248,0.0002129402433901841,4.828576947623222e-07,95.84
31021510,신흥1동,2,322595.94,41.01,22.06,2.13,0,1351.0,8653.0,3667.0,4111.0,1154.0,0,0,7.53,0.012743495779496062,0.0035772303890874374,6.199706046945299e-06,34.80000000000001
31021520,신흥2동,3,1140282.73,13.26,4.78,1.98,0,1707.0,5956.0,2262.0,3096.0,654.0,0,0,72.1,0.002715116101050525,0.0005735419670823784,2.630926454506323e-06,79.98
31021530,신흥3동,3,321158.54,31.02,24.3,4.23,0,1123.0,7141.0,2854.0,4026.0,1166.0,0,0,7.38,0.012535864685007727,0.0036306056191552434,9.3411808383068e-06,40.45
31021540,태평1동,2,1341075.29,11.82,5.03,1.49,0,1486.0,10159.0,4252.0,4761.0,965.0,0,0,15.64,0.003550136249221696,0.0007195718295523916,1.4913405793831951e-06,81.66
31021550,태평2동,0,482254.41,35.47,11.55,3.07,0,2104.0,10060.0,3971.0,3006.0,715.0,0,0,16.43,0.006233224492312403,0.0014826199308061773,0.0,49.91
31021560,태평3동,2,371118.38,36.5,14.35,4.9,0,1737.0,8555.0,3530.0,2254.0,795.0,0,0,17.02,0.006073533733196574,0.002142173610422039,5.389116001061733e-06,44.25
31021570,태평4동,0,404262.65,34.65,7.88,4.23,0,2145.0,8514.0,3292.0,2083.0,488.0,0,0,24.65,0.0051525907722330365,0.0012071360042485463,0.0,53.24
31021580,수진1동,4,333161.69,44.53,16.44,2.21,0,1198.0,7733.0,3870.0,2370.0,804.0,0,0,2.96,0.007113663038294899,0.0024132426509658645,1.2006182343113753e-05,36.81999999999999
31021590,수진2동,3,923875.45,14.85,8.36,3.49,0,2098.0,10227.0,4375.0,5744.0,1066.0,0,0,43.36,0.006217288271852908,0.0011538351841565459,3.2471909497839003e-06,73.3
31021600,단대동,3,802478.63,10.62,4.46,3.86,0,2581.0,9939.0,3763.0,3701.0,634.0,0,0,56.21,0.00461196081938516,0.0007900521911618999,3.7384173083370655e-06,81.06
31021610,산성동,2,584530.43,22.11,5.07,6.61,0,1809.0,8048.0,3334.0,1939.0,521.0,0,0,1.49,0.003317192571081078,0.0008913137336427239,3.4215498412388633e-06,66.21000000000001
31021620,양지동,1,1259358.89,6.99,1.78,1.67,0,1688.0,6103.0,2380.0,1764.0,416.0,0,0,21.08,0.0014007127070711296,0.00033032680620271535,7.940548226026812e-07,89.56
31021670,복정동,5,3556491.41,2.55,3.77,2.8,0,1331.0,8551.0,1697.0,9455.0,1244.0,0,0,0.0,0.002658519003697921,0.0003497829339608899,1.4058799596498788e-06,90.88
31021680,위례동,4,3163805.1,5.16,3.85,1.28,0,9304.0,28445.0,7713.0,9584.0,2010.0,0,0,88.21,0.003029263717910344,0.0006353109425083254,1.2643003831011452e-06,89.71000000000001
31021640,신촌동,0,4979344.64,1.93,0.8,0.35,0,1033.0,2973.0,789.0,994.0,210.0,0,0,57.53,0.00019962466385897801,4.217422475893902e-05,0.0,96.92
31021650,고등동,0,12312881.27,0.4,1.16,0.31,0,846.0,3748.0,1242.0,1028.0,227.0,0,0,83.14,8.348980043394547e-05,1.8435977333176674e-05,0.0,98.13
31021660,시흥동,0,12939262.7,0.79,3.63,0.29,0,392.0,1928.0,1021.0,7007.0,718.0,0,0,0.0,0.0005415300826989613,5.5490024172663646e-05,0.0,95.29
31022510,성남동,4,1999238.55,11.91,12.77,2.78,0,3751.0,21864.0,7787.0,13009.0,3309.0,0,0,29.92,0.0065069773689262495,0.0016551301494178614,2.000761740003459e-06,72.53999999999999
31022620,중앙동,3,678680.84,19.29,14.05,1.48,0,1901.0,8683.0,3870.0,3203.0,1195.0,0,0,46.92,0.004719449572132913,0.0017607687289100315,4.4203399052134685e-06,65.18
31022530,금광1동,1,605703.16,24.6,9.73,3.45,0,927.0,4584.0,1699.0,2074.0,504.0,0,0,56.65,0.003424119497685564,0.0008320907554645729,1.650973721159867e-06,62.22
31022540,금광2동,2,1093936.19,18.0,7.87,3.81,0,3535.0,15932.0,5892.0,5409.0,1443.0,0,0,32.56,0.004944529716994329,0.0013190897359258305,1.8282602022534032e-06,70.32
31022550,은행1동,1,272917.98,19.26,2.27,2.01,0,1911.0,6874.0,2287.0,543.0,140.0,0,0,33.48,0.001989608746115239,0.000512974630674279,3.6641045048162785e-06,76.46000000000001
31022560,은행2동,1,2405438.6,8.33,1.77,0.75,0,3726.0,15484.0,6140.0,2709.0,854.0,0,0,27.37,0.0011261979416097912,0.00035502880846613574,4.157246000774423e-07,89.15
31022570,상대원1동,0,6785851.56,2.73,3.52,0.67,0,3776.0,16869.0,5916.0,42407.0,4215.0,0,0,50.36,0.006249326208358367,0.0006211453290313042,0.0,93.08
31022580,상대원2동,0,513822.14,31.74,12.65,1.87,0,1697.0,8887.0,3835.0,5931.0,1131.0,0,0,3.62,0.011542904709953858,0.0022011507717008623,0.0,53.74
31022590,상대원3동,0,305658.13,44.26,17.05,1.89,0,1649.0,8150.0,3178.0,1952.0,771.0,0,0,1.56,0.006386219793781169,0.002522425953383853,0.0,36.8
31022600,하대원동,2,2337584.17,5.16,3.99,1.57,0,3420.0,13489.0,4579.0,6205.0,1163.0,0,0,63.74,0.0026544498716268494,0.0004975221918939607,8.55584164907929e-07,89.28
31022610,도촌동,0,9391862.55,1.23,1.49,0.62,0,5782.0,17071.0,4896.0,9120.0,1129.0,0,0,84.92,0.0009710533934496612,0.00012021044750051179,0.0,96.66
31023510,분당동,0,3383924.96,6.78,1.13,0.55,0,5256.0,16670.0,4930.0,3024.0,411.0,0,0,69.54,0.0008936368376180137,0.00012145659400165464,0.0,91.53999999999999
31023530,수내1동,2,1021721.97,4.07,10.01,1.57,0,3580.0,11510.0,3033.0,19868.0,2680.0,0,0,60.44,0.019445603190665996,0.002623022777883273,1.957479684987517e-06,84.35
31023540,수내2동,2,822699.86,3.91,1.36,1.24,0,3199.0,6095.0,1540.0,1925.0,554.0,0,0,100.0,0.0023398569679793087,0.0006733926027327464,2.4310202264720087e-06,93.49
31023520,수내3동,0,1049032.41,8.7,2.85,1.41,0,3609.0,8942.0,1768.0,2304.0,529.0,0,0,87.53,0.002196309644978497,0.0005042742197020941,0.0,87.04
31023780,정자동,3,973853.45,8.53,12.16,1.52,0,3591.0,13111.0,3400.0,4948.0,1198.0,0,0,83.34,0.005080846609876663,0.0012301645591415201,3.080545640588114e-06,77.78999999999999
31023770,정자1동,3,1455773.35,1.75,7.18,2.74,0,5470.0,20581.0,4981.0,28251.0,2709.0,0,0,47.4,0.019406180227029116,0.0018608665971123809,2.0607603511765014e-06,88.33
31023550,정자2동,0,501934.48,7.65,1.47,1.51,0,2493.0,10415.0,3473.0,1028.0,242.0,0,0,100.0,0.0020480760755457947,0.0004821346403522202,0.0,89.37
31023560,정자3동,0,1968712.91,3.91,2.54,1.81,0,3237.0,9914.0,2721.0,4364.0,384.0,0,0,88.85,0.0022166766814049254,0.00019505129368915932,0.0,91.74
31023580,서현1동,1,7484774.9,1.61,2.89,0.49,0,7040.0,20334.0,5218.0,32737.0,3806.0,0,0,72.46,0.004373812230472858,0.0005084989262662949,1.3360455235583155e-07,95.01
31023590,서현2동,0,780059.37,9.83,6.08,2.57,0,3862.0,12092.0,3093.0,3232.0,808.0,0,0,88.98,0.004143274376613882,0.0010358185941534705,0.0,81.52
31023600,이매1동,3,2882911.09,4.24,1.59,1.03,0,5644.0,16126.0,4579.0,4605.0,797.0,0,0,89.33,0.001597343746034161,0.00027645667005194927,1.0406148182632972e-06,93.14
31023610,이매2동,2,635513.41,7.72,2.19,2.18,0,2999.0,8192.0,2912.0,2791.0,452.0,0,0,99.73,0.004391724794534363,0.000711235975324089,3.147061837717208e-06,87.91
31023620,야탑1동,1,1151192.63,4.65,13.57,1.78,0,2774.0,11350.0,3726.0,23160.0,2648.0,0,0,74.67,0.020118266392826732,0.0023002232041539374,8.686643520218796e-07,80.0
31023640,야탑2동,1,622753.12,8.46,4.62,1.78,0,3149.0,9957.0,3996.0,2858.0,534.0,0,0,92.1,0.004589298564982071,0.0008574826569980496,1.6057727659139506e-06,85.14
31023630,야탑3동,3,5104612.58,2.88,2.53,1.39,0,4730.0,19205.0,6001.0,12383.0,1667.0,0,0,61.54,0.0024258452146775343,0.00032656738858656624,5.877037587040784e-07,93.2
31023750,판교동,0,4572927.34,4.57,2.23,1.4,0,6522.0,14181.0,3240.0,5692.0,864.0,0,0,76.99,0.0012447169125559632,0.00018893805559528325,0.0,91.8
31023740,삼평동,2,2794522.04,2.94,9.37,1.85,0,5997.0,15247.0,3643.0,87620.0,3068.0,0,0,88.83,0.03135419894547922,0.0010978621589218245,7.156858923871085e-07,85.84
31023760,백현동,2,1931244.92,5.02,4.93,1.27,0,6523.0,17567.0,4179.0,12686.0,1519.0,0,0,88.56,0.006568819867722584,0.0007865392857536343,1.0356014295637054e-06,88.78
31023710,금곡동,4,5758613.12,2.28,1.83,0.56,0,4507.0,18121.0,6462.0,13145.0,1817.0,0,0,66.97,0.0022826676712008696,0.0003155273608651183,6.946116915027371e-07,95.33
31023720,구미1동,4,3544160.82,2.9,2.38,1.08,0,3244.0,11665.0,3195.0,9234.0,1641.0,0,0,61.07,0.002605412245365871,0.0004630151066325963,1.1286169570569074e-06,93.64
31023670,구미동,2,3755051.87,5.56,4.85,1.15,0,5255.0,19776.0,6878.0,20061.0,1782.0,0,0,73.9,0.005342402900002171,0.00047456068829090616,5.326158117743055e-07,88.44
31023680,운중동,0,17571575.01,1.46,0.56,0.7,0,4575.0,13002.0,3728.0,6677.0,1033.0,0,0,67.15,0.0003799887031297031,5.878812795162248e-05,0.0,97.28
31030690,의정부1동,10,1942528.55,21.55,25.49,2.56,0,2002.0,13070.0,5383.0,19333.0,5417.0,0,0,43.08,0.009952492075290463,0.002788633402568067,5.1479294860034465e-06,50.400000000000006
31030520,의정부2동,7,2318580.95,13.58,10.24,2.31,0,4337.0,20975.0,6881.0,17907.0,2918.0,0,0,33.07,0.007723258487016709,0.0012585284115214585,3.0190880331220733e-06,73.87
4115053000,Unknown,0,,,,,0,,,,,,0,0,,,,,
31030550,호원1동,7,6222574.51,3.88,2.12,1.11,0,5487.0,21390.0,9643.0,6693.0,1291.0,0,0,64.81,0.0010755998163193138,0.000207470396364595,1.124936308715852e-06,92.89
31030650,호원2동,4,4492905.41,3.43,2.35,0.76,0,6474.0,20939.0,8586.0,5159.0,1245.0,0,0,85.79,0.0011482547548198924,0.0002771035413356786,8.902925022833048e-07,93.46
31030560,장암동,7,8956291.1,0.74,1.53,0.93,0,3475.0,11062.0,5069.0,3112.0,583.0,0,0,97.36,0.00034746525824696844,6.509390924099698e-05,7.815735243344406e-07,96.8
31030570,신곡1동,3,2955287.48,8.75,3.57,1.35,0,7638.0,27967.0,9723.0,4874.0,1254.0,0,0,82.2,0.001649247334808696,0.00042432420144647204,1.0151296685322298e-06,86.33
31030580,신곡2동,6,2434329.37,6.43,4.25,2.82,0,8432.0,27211.0,9030.0,8893.0,1660.0,0,0,90.62,0.0036531621848540025,0.0006819126534192785,2.4647445304311273e-06,86.5
31030590,송산1동,0,16084116.05,1.65,1.2,0.67,0,4897.0,17585.0,6542.0,11545.0,1615.0,0,0,74.65,0.0007177889020511525,0.00010040962120507678,0.0,96.48
31030700,송산2동,3,1448551.73,7.61,5.92,4.27,0,19793.0,49680.0,11305.0,5229.0,1176.0,0,0,95.14,0.0036098124020492533,0.0008118453594970209,2.071034080349543e-06,82.2
31030600,자금동,7,11844592.49,2.18,1.49,0.64,0,4932.0,17058.0,6203.0,11529.0,1646.0,0,0,67.97,0.0009733555637075587,0.0001389663681032736,5.909869846433264e-07,95.69
4115059000,Unknown,0,,,,,0,,,,,,0,0,,,,,
4115060000,Unknown,0,,,,,0,,,,,,0,0,,,,,
4115061000,Unknown,0,,,,,0,,,,,,0,0,,,,,
31030640,녹양동,1,3824332.49,4.24,2.98,0.77,0,4051.0,13734.0,4899.0,4821.0,978.0,0,0,75.67,0.0012606121493341689,0.0002557309027274045,2.6148354062106797e-07,92.01
31041510,안양1동,1,606235.31,8.04,25.13,2.47,0,2445.0,9507.0,2910.0,7964.0,2103.0,0,2,89.92,0.013136813162315854,0.00346895003520219,1.649524505564522e-06,64.36
31041520,안양2동,1,1707895.1,13.48,8.37,2.37,0,2865.0,13599.0,5212.0,6456.0,1459.0,0,2,40.29,0.0037800916461217075,0.0008542679231244689,5.855160542319869e-07,75.78
31041530,안양3동,1,727658.74,19.35,9.29,7.04,0,2311.0,10361.0,4127.0,4566.0,999.0,0,2,38.95,0.006274919476590429,0.0013728963112382476,1.3742705818200677e-06,64.32
31041540,안양4동,1,309922.41,15.89,27.6,5.68,0,834.0,4426.0,2013.0,5313.0,1584.0,0,2,46.43,0.017143000403967466,0.0051109566421766355,3.226614041778179e-06,50.83
31041550,안양5동,0,643676.97,20.05,11.4,5.39,0,1583.0,7876.0,3756.0,5763.0,895.0,0,0,32.88,0.008953248707826952,0.0013904490011287737,0.0,63.16
31041560,안양6동,1,1439898.6,10.96,9.89,2.18,0,2367.0,12542.0,4709.0,9762.0,1724.0,0,0,40.74,0.006779644066555938,0.0011973065325489077,6.944933483462342e-07,76.97
31041570,안양7동,1,1053472.71,4.21,7.79,1.11,0,3215.0,10343.0,2568.0,13518.0,1607.0,0,0,92.29,0.012831846398633032,0.0015254310669184261,9.492414853257162e-07,86.89
31041580,안양8동,1,1168551.15,11.13,5.4,2.83,0,1300.0,6980.0,2905.0,5006.0,752.0,0,0,11.43,0.004283937421102329,0.0006435319497940374,8.557605715346243e-07,80.64
31041590,안양9동,0,6524845.64,2.16,0.58,0.42,0,2471.0,10648.0,4567.0,1254.0,390.0,0,0,60.74,0.00019218845459125349,5.977152893986352e-05,0.0,96.84
31041600,석수1동,2,10361544.64,1.24,0.85,0.77,0,3211.0,12228.0,4750.0,4964.0,791.0,0,0,77.51,0.00047907915011358854,7.633996932712501e-05,1.9302141422787612e-07,97.14
31041610,석수2동,3,3310775.95,7.54,4.19,1.05,2,5068.0,20123.0,7252.0,9599.0,1362.0,0,0,60.25,0.0028993203239775275,0.0004113839234563384,9.061319899919348e-07,87.22
31041620,석수3동,0,788396.06,14.17,3.64,3.18,0,2528.0,8604.0,2975.0,1728.0,418.0,0,0,38.65,0.002191791775288783,0.0005301903715686987,0.0,79.00999999999999
31041630,박달1동,0,450832.84,33.53,15.89,3.16,0,2072.0,9577.0,4015.0,4031.0,1048.0,0,0,42.1,0.008941229746951414,0.002324586647185582,0.0,47.42
31041640,박달2동,1,7421677.84,1.51,0.86,0.81,2,4638.0,14713.0,4041.0,7816.0,692.0,0,0,84.87,0.0010531311340225822,9.324037164068922e-05,1.347404214460827e-07,96.82
31042510,비산1동,1,2096925.76,3.16,1.34,2.89,0,4372.0,13631.0,4212.0,2555.0,456.0,0,2,95.2,0.0012184503851904683,0.00021746120377567652,4.768886047712204e-07,92.61
31042520,비산2동,0,476533.64,7.59,8.54,2.25,0,2032.0,7039.0,2192.0,2122.0,420.0,0,0,98.15,0.0044529909786756505,0.0008813648496907507,0.0,81.62
31042530,비산3동,0,5331645.43,3.73,1.38,0.41,0,3352.0,14670.0,5336.0,6079.0,1012.0,0,0,44.72,0.0011401733441956585,0.00018981007144694954,0.0,94.48
31042540,부흥동,1,483248.13,7.89,4.04,4.43,0,3965.0,10721.0,3276.0,5358.0,902.0,0,0,99.44,0.01108747177125988,0.001866535934616725,2.0693303044531318e-06,83.64
31042550,달안동,1,433439.22,5.56,5.96,4.1,0,1686.0,7569.0,2074.0,6586.0,771.0,0,0,96.72,0.015194748642838672,0.0017787961135178585,2.3071285519038373e-06,84.38
31042560,관양1동,0,3237305.16,9.14,5.49,1.1,0,5660.0,23778.0,8224.0,9885.0,2187.0,0,0,45.86,0.00305346561767117,0.0006755618923466716,0.0,84.27
31042570,관양2동,0,1659422.43,7.54,21.1,1.74,0,2870.0,12695.0,3855.0,53502.0,5492.0,0,0,57.23,0.032241338330998445,0.0033095852512774002,0.0,69.62
31042580,부림동,2,947004.68,4.49,10.09,5.65,0,5102.0,18738.0,3592.0,16282.0,2565.0,0,0,64.78,0.017193156848842678,0.002708539940872219,2.1119219811869153e-06,79.77
31042590,평촌동,0,532978.62,9.27,17.96,3.78,0,3334.0,10023.0,2345.0,8447.0,1211.0,0,0,93.59,0.0158486657491843,0.0022721361693219116,0.0,68.99
31042600,평안동,2,830754.91,6.3,2.65,2.45,0,6403.0,14888.0,3047.0,3712.0,425.0,0,0,100.0,0.004468225171194375,0.0005115828927148733,2.4074489068935213e-06,88.6
31042610,귀인동,0,714894.26,6.43,14.23,2.41,0,4893.0,10022.0,2116.0,5351.0,1279.0,0,0,94.12,0.0074850230297347055,0.0017890757718240866,0.0,76.93
31042620,호계1동,2,1005344.39,6.38,23.05,0.98,0,1708.0,5247.0,1153.0,16812.0,3266.0,0,0,80.26,0.016722627755283714,0.003248638011465418,1.9893680413137893e-06,69.59
31042630,호계2동,4,1660282.34,7.14,6.73,2.66,0,3794.0,15600.0,4814.0,9824.0,1260.0,0,0,75.17,0.005917065888890217,0.0007589070663682484,2.4092287821214236e-06,83.47
31042640,호계3동,0,849204.57,9.25,10.92,1.45,0,3875.0,14153.0,4234.0,4341.0,996.0,0,0,89.61,0.005111842485667361,0.0011728622703811773,0.0,78.38
31042650,범계동,1,572320.7,7.01,11.18,2.98,0,3616.0,9742.0,2449.0,14017.0,2201.0,0,0,94.57,0.024491513236818252,0.003845745925250551,1.747272115061586e-06,78.83
31042660,신촌동,0,399996.32,9.24,10.23,2.52,0,2654.0,8456.0,2293.0,3071.0,710.0,0,0,96.23,0.0076775706334578885,0.0017750163301058614,0.0,78.00999999999999
31042670,갈산동,0,729279.92,8.15,4.39,3.43,0,2315.0,6714.0,2280.0,1818.0,409.0,0,0,89.54,0.002492869953110832,0.0005608271786701486,0.0,84.03
4119051000,Unknown,0,,,,,0,,,,,,0,0,,,,,
4119052000,Unknown,0,,,,,0,,,,,,0,0,,,,,
4119053000,Unknown,0,,,,,0,,,,,,0,0,,,,,
4119054000,Unknown,0,,,,,0,,,,,,0,0,,,,,
4119055000,Unknown,0,,,,,0,,,,,,0,0,,,,,
4119056000,Unknown,0,,,,,0,,,,,,0,0,,,,,
4119057000,Unknown,0,,,,,0,,,,,,0,0,,,,,
4119058000,Unknown,0,,,,,0,,,,,,0,0,,,,,
4119059000,Unknown,0,,,,,0,,,,,,0,0,,,,,
4119060000,Unknown,0,,,,,0,,,,,,0,0,,,,,
31050890,중동,0,1547389.32,19.5,11.57,4.54,0,6942.0,26493.0,8801.0,18383.0,3160.0,0,0,51.0,0.011880009615085878,0.002042149289216742,0.0,64.39
4119062000,Unknown,0,,,,,0,,,,,,0,0,,,,,
4119063000,Unknown,0,,,,,0,,,,,,0,0,,,,,
4119064000,Unknown,0,,,,,0,,,,,,0,0,,,,,
4119065000,Unknown,0,,,,,0,,,,,,0,0,,,,,
4119066000,Unknown,0,,,,,0,,,,,,0,0,,,,,
4119067000,Unknown,0,,,,,0,,,,,,0,0,,,,,
4119068000,Unknown,0,,,,,0,,,,,,0,0,,,,,
4119069000,Unknown,0,,,,,0,,,,,,0,0,,,,,
4119070000,Unknown,0,,,,,0,,,,,,0,0,,,,,
4119071000,Unknown,0,,,,,0,,,,,,0,0,,,,,
4119072000,Unknown,0,,,,,0,,,,,,0,0,,,,,
4119073000,Unknown,0,,,,,0,,,,,,0,0,,,,,
4119074000,Unknown,0,,,,,0,,,,,,0,0,,,,,
31050930,소사본동,0,3004492.35,15.48,7.15,2.46,0,8603.0,34961.0,13700.0,10544.0,2523.0,0,0,51.0,0.0035094114984066793,0.000839742527549322,0.0,74.91
4119076000,Unknown,0,,,,,0,,,,,,0,0,,,,,
4119077000,Unknown,0,,,,,0,,,,,,0,0,,,,,
4119078000,Unknown,0,,,,,0,,,,,,0,0,,,,,
4119079000,Unknown,0,,,,,0,,,,,,0,0,,,,,
31050950,성곡동,0,8127988.36,9.66,2.71,1.47,0,13011.0,54470.0,19016.0,13825.0,3426.0,0,0,30.84,0.001700912868923325,0.000421506509145122,0.0,86.16
4119081000,Unknown,0,,,,,0,,,,,,0,0,,,,,
4119082000,Unknown,0,,,,,0,,,,,,0,0,,,,,
31050960,오정동,0,11934979.99,5.74,6.8,2.36,0,13123.0,55637.0,17726.0,53772.0,9529.0,0,0,36.08,0.004505411826832476,0.0007984093821670509,0.0,85.1
4119084000,Unknown,0,,,,,0,,,,,,0,0,,,,,
4119085000,Unknown,0,,,,,0,,,,,,0,0,,,,,
4119086000,Unknown,0,,,,,0,,,,,,0,0,,,,,
31060510,광명1동,0,308356.8,57.3,8.52,1.73,0,999.0,4569.0,1899.0,474.0,168.0,0,0,0.67,0.0015371803053625807,0.0005448233993690159,0.0,32.45
31060520,광명2동,1,258032.08,46.5,19.02,1.41,0,1120.0,5723.0,2707.0,1383.0,480.0,0,0,1.12,0.005359798672887503,0.0018602338127158365,3.875487109824659e-06,33.06999999999999
31060530,광명3동,1,318956.62,37.58,21.28,4.91,0,1055.0,6016.0,2861.0,4102.0,1222.0,0,0,0.0,0.012860683060509586,0.003831242003886571,3.1352225891052135e-06,36.230000000000004
31060540,광명4동,1,288854.7,40.29,18.99,1.85,0,1720.0,8545.0,4006.0,3162.0,906.0,0,0,34.5,0.010946680112494389,0.0031365250417204034,3.4619481696693195e-06,38.870000000000005
31060550,광명5동,1,394350.21,35.71,9.12,3.46,0,2376.0,8827.0,3650.0,1853.0,525.0,0,0,31.26,0.004698869058426547,0.0013313039696027725,2.535817084957662e-06,51.71
31060560,광명6동,0,2434452.01,4.93,5.79,1.3,0,2189.0,6703.0,2482.0,4791.0,962.0,0,0,53.99,0.001967999360965148,0.00039516079842380974,0.0,87.98
31060570,광명7동,1,2319457.1,7.01,4.11,1.42,0,2684.0,10377.0,4316.0,3416.0,721.0,0,0,40.96,0.0014727584312662098,0.00031084860332053195,4.311353721505298e-07,87.46000000000001
31060580,철산1동,1,567950.85,9.98,7.64,2.42,0,2801.0,8215.0,2145.0,1775.0,299.0,0,0,82.62,0.0031252704348778554,0.0005264540056498471,1.760715737959355e-06,79.96000000000001
31060590,철산2동,1,616325.98,23.66,5.95,3.3,0,1657.0,9085.0,3061.0,2115.0,542.0,0,0,71.59,0.00343162558223764,0.000879404759136076,1.622518005786118e-06,67.09
31060600,철산3동,1,1331751.12,7.69,6.79,3.24,0,7564.0,20270.0,5662.0,13879.0,1848.0,0,0,91.96,0.0104216169158512,0.0013876466647808213,7.508910523705743e-07,82.28
31060610,철산4동,1,334733.05,22.75,3.66,6.02,0,2472.0,8788.0,2541.0,899.0,303.0,0,0,76.36,0.0026857222493361283,0.0009051989338696851,2.9874552272926902e-06,67.57
31060620,하안1동,0,3901667.49,3.0,3.04,0.78,0,5946.0,16169.0,4702.0,5610.0,956.0,0,0,91.33,0.001437846770480593,0.00024502344252753065,0.0,93.18
31060630,하안2동,0,441226.46,7.43,2.15,2.31,0,2429.0,9270.0,2869.0,2096.0,407.0,0,0,100.0,0.004750395069127305,0.0009224288135185176,0.0,88.11
31060640,하안3동,1,575990.43,9.49,6.21,1.85,0,3838.0,12686.0,4752.0,4777.0,1156.0,0,0,99.78,0.008293540571354743,0.002006977789509333,1.7361399563229524e-06,82.45
31060650,하안4동,1,430501.05,7.08,1.73,2.84,0,2812.0,8368.0,1867.0,1232.0,238.0,0,0,99.85,0.002861781637864489,0.0005528441800420035,2.3228747060588385e-06,88.35
31060660,소하1동,2,3752034.84,4.66,3.45,1.32,0,7652.0,19133.0,5640.0,21310.0,2084.0,0,0,83.88,0.005679584787635715,0.0005554319426294148,5.330440908151774e-07,90.57
31060690,소하2동,0,3896418.12,5.73,2.15,1.15,0,9300.0,29848.0,7901.0,4756.0,1076.0,0,0,56.94,0.001220608223633811,0.0002761510615285914,0.0,90.97
31060680,학온동,0,12903436.67,0.68,3.05,0.25,0,173.0,1168.0,944.0,7678.0,1517.0,0,0,0.0,0.0005950352759776864,0.00011756557875203834,0.0,96.02
31070110,팽성읍,0,56797989.76,2.23,1.11,0.44,0,3322.0,15210.0,8949.0,10330.0,1843.0,0,0,30.45,0.00018187263393735614,3.244833149530952e-05,0.0,96.22
31070120,안중읍,0,28530525.94,1.78,1.64,0.53,0,10408.0,26949.0,6389.0,12860.0,2836.0,0,0,72.81,0.00045074528338665085,9.94023035524527e-05,0.0,96.05
31070130,포승읍,0,61863195.11,1.15,1.67,0.5,0,4240.0,15538.0,4326.0,28471.0,2570.0,0,0,55.85,0.0004602251783046548,4.154327941564971e-05,0.0,96.68
31070140,청북읍,0,52444802.15,1.02,1.01,0.46,0,7127.0,14853.0,3651.0,20088.0,1963.0,0,0,68.9,0.00038303128578007553,3.742982944973558e-05,0.0,97.51
31070310,진위면,1,33941669.8,1.15,1.14,0.36,0,1412.0,6839.0,3213.0,21935.0,1197.0,0,0,42.87,0.0006462557714232886,3.5266385155854866e-05,2.9462310071725035e-08,97.35
31070320,서탄면,0,28532791.44,1.04,0.68,0.15,0,341.0,1933.0,1413.0,11133.0,1168.0,0,0,0.0,0.0003901826438330458,4.0935356866702374e-05,0.0,98.13
31070330,고덕면,0,22166968.64,1.51,0.8,0.39,0,2801.0,9144.0,2893.0,3519.0,610.0,0,0,47.24,0.00015874971707445935,2.7518422112935547e-05,0.0,97.3
31070340,오성면,0,32484469.63,1.22,0.85,0.67,0,871.0,3663.0,2299.0,4021.0,541.0,0,0,4.72,0.00012378222719343078,1.6654112139180815e-05,0.0,97.26
31070370,현덕면,0,46364926.56,0.96,0.5,0.61,0,494.0,2629.0,2413.0,1406.0,384.0,0,0,13.96,3.032464632894906e-05,8.282122468219373e-06,0.0,97.93
31070510,중앙동,1,5337704.39,5.42,5.55,1.89,0,8664.0,28180.0,7268.0,10531.0,2398.0,0,2,80.81,0.001972945526865393,0.0004492568011986718,1.8734645587934603e-07,87.14
31070520,서정동,1,1671222.35,25.81,12.96,2.23,0,4119.0,16518.0,5893.0,7801.0,1982.0,0,0,26.82,0.004667840877040282,0.0011859582897441147,5.983644246943061e-07,59.0
31070530,송탄동,0,19538256.78,1.58,1.94,0.44,0,3806.0,11305.0,2531.0,17489.0,1110.0,0,0,76.85,0.00089511567981302,5.681161899436516e-05,0.0,96.04
31070550,지산동,1,697791.1,18.61,13.11,1.72,0,1751.0,8122.0,2069.0,2441.0,618.0,0,0,49.44,0.0034981816190619492,0.0008856518806146188,1.4330936579524577e-06,66.56
31070560,송북동,1,7126161.8,3.52,2.46,1.02,0,4034.0,13550.0,4491.0,4335.0,1273.0,0,0,65.0,0.0006083218598816991,0.0001786375380921345,1.4032799535910017e-07,93.0
31070570,신장1동,0,1587158.17,9.94,3.6,0.46,0,1027.0,4101.0,1584.0,1339.0,315.0,0,0,21.46,0.0008436462258777671,0.0001984679321519766,0.0,86.0
31070580,신장2동,1,631884.77,24.77,14.2,3.31,0,505.0,3129.0,2105.0,1812.0,729.0,0,0,14.24,0.00286761144752915,0.0011536913605125552,1.5825670240227097e-06,57.72
31070590,신평동,1,6412777.24,4.01,6.48,1.28,0,3074.0,14639.0,5128.0,16623.0,3630.0,0,4,56.26,0.0025921686311333775,0.0005660573982442496,1.559386772022726e-07,88.23
31070600,원평동,1,5237884.4,3.9,2.11,1.4,0,1422.0,6768.0,2738.0,3224.0,696.0,0,4,57.74,0.000615515684155581,0.00013287807573582021,1.9091677548250032e-07,92.59
31070610,통복동,1,608438.44,10.87,23.41,1.74,0,370.0,2410.0,1348.0,3272.0,1065.0,0,4,40.15,0.005377700988034588,0.001750382503745977,1.6435516467098375e-06,63.980000000000004
31070670,비전1동,0,12995108.4,3.39,2.58,0.68,0,18078.0,48167.0,7796.0,14106.0,2424.0,0,0,84.9,0.0010854853661697154,0.00018653172604532752,0.0,93.35
31070650,비전2동,0,4762760.54,6.55,4.14,2.03,0,11852.0,32808.0,7485.0,10457.0,2064.0,0,0,85.95,0.0021955754256706857,0.0004333621190192498,0.0,87.28
31070640,세교동,1,7078127.03,3.27,3.53,0.73,0,5027.0,16828.0,4359.0,10648.0,1302.0,0,0,82.04,0.001504352769433831,0.00018394696711146206,1.4128031268161448e-07,92.47
31080510,생연1동,2,1972691.74,7.65,1.7,2.39,0,1067.0,3849.0,2064.0,1968.0,241.0,0,0,45.55,0.000997621655773762,0.0001221680991064414,1.0138431461115468e-06,88.26
31080520,생연2동,2,750818.08,15.46,14.62,2.32,0,2072.0,6352.0,3221.0,2458.0,865.0,0,0,68.93,0.0032737624005634795,0.0011520766787987836,2.6637611070492104e-06,67.6
31080530,중앙동,2,647989.83,25.87,21.15,1.54,0,407.0,2720.0,2131.0,2892.0,1029.0,0,0,2.64,0.004463033007717683,0.001587987885526105,3.086468193442381e-06,51.44
31080550,보산동,2,13718082.8,0.77,0.35,0.22,0,372.0,1650.0,1104.0,833.0,302.0,0,0,16.47,6.072277096908853e-05,2.2014738094435458e-05,1.457929675128176e-07,98.66
31080560,불현동,2,33787800.49,0.99,0.57,0.17,0,5073.0,16104.0,6897.0,4490.0,1013.0,0,0,61.31,0.00013288820032329577,2.9981235395879424e-05,5.919296228209166e-08,98.27
31080610,송내동,1,5515096.37,2.49,2.64,0.46,0,5572.0,15271.0,5129.0,7252.0,1517.0,0,0,87.01,0.0013149362247657063,0.00027506318987445896,1.8132049431407974e-07,94.41
31080580,소요동,2,31381321.95,1.07,0.77,0.34,0,899.0,4508.0,3268.0,6094.0,572.0,0,0,19.18,0.00019419194671619174,1.8227402940869984e-05,6.373217811493001e-08,97.82
31080600,상패동,1,8073517.43,2.55,1.4,0.57,0,465.0,2636.0,1937.0,2665.0,409.0,0,0,30.77,0.000330091564563167,5.065945587479749e-05,1.2386175030512834e-07,95.48
31091510,일동,1,2451566.35,13.03,4.94,2.92,0,4733.0,16870.0,4470.0,4949.0,906.0,0,0,0.35,0.0020187093855239986,0.0003695596490775395,4.0790248242554024e-07,79.11
31091740,이동,5,2367990.25,10.4,11.63,2.04,0,3183.0,17618.0,4408.0,10806.0,2551.0,0,0,9.76,0.004563363383761553,0.0010772848410120046,2.111495180344972e-06,75.93
4127152000,Unknown,0,,,,,0,,,,,,0,0,,,,,
4127153000,Unknown,0,,,,,0,,,,,,0,0,,,,,
4127153500,Unknown,0,,,,,0,,,,,,0,0,,,,,
31091540,본오1동,1,6480080.74,6.4,4.29,1.14,0,7520.0,26043.0,6131.0,8500.0,1954.0,0,0,1.53,0.0013117120512894848,0.00030153945273172394,1.5431906485758646e-07,88.17
31091550,본오2동,1,833758.1,22.71,14.01,3.29,0,5071.0,18075.0,4762.0,4168.0,1118.0,0,0,55.14,0.0049990518832141,0.0013409165080214404,1.1993886476041506e-06,59.989999999999995
31091560,본오3동,1,1079246.05,13.64,9.47,2.25,0,3158.0,14096.0,3776.0,5847.0,1449.0,0,0,59.56,0.005417670974979081,0.001342603940951717,9.265727680826204e-07,74.64
31091570,부곡동,0,5696645.88,4.8,2.92,0.62,0,4033.0,14842.0,3822.0,3806.0,966.0,0,0,0.26,0.0006681124437373873,0.0001695734683789585,0.0,91.66
31091580,월피동,0,6068362.11,5.92,3.43,0.98,0,6938.0,26883.0,6394.0,7075.0,1830.0,0,0,39.48,0.001165882963432507,0.0003015640739337792,0.0,89.67
31091620,성포동,2,1702889.09,4.89,3.64,1.15,0,4904.0,18272.0,4785.0,4607.0,848.0,0,0,95.64,0.0027054022643206587,0.0004979772346741737,1.1744746100805985e-06,90.32
31091710,반월동,1,13249490.77,1.23,1.14,0.35,0,2713.0,10906.0,4930.0,8122.0,1087.0,0,0,60.05,0.000613004691348894,8.204088888158678e-05,7.547459878710835e-08,97.28
31091730,안산동,0,8368012.05,1.37,2.18,0.39,0,1383.0,5562.0,2356.0,3947.0,898.0,0,0,21.18,0.00047167714104753036,0.00010731342099333222,0.0,96.06
31092590,와동,0,3218874.09,13.22,6.22,1.89,0,7181.0,26612.0,5985.0,4599.0,1625.0,0,0,0.4,0.0014287604520702804,0.0005048349064175268,0.0,78.67
4127352000,Unknown,0,,,,,0,,,,,,0,0,,,,,
4127353000,Unknown,0,,,,,0,,,,,,0,0,,,,,
31092730,호수동,4,2643358.91,4.97,10.16,3.96,0,9558.0,30852.0,5670.0,26771.0,4958.0,0,0,89.47,0.010127644754793712,0.0018756438942985774,1.5132262156503247e-06,80.91
4127354000,Unknown,0,,,,,0,,,,,,0,0,,,,,
4127355000,Unknown,0,,,,,0,,,,,,0,0,,,,,
4127356000,Unknown,0,,,,,0,,,,,,0,0,,,,,
31092660,초지동,10,25841583.71,0.6,1.34,1.3,0,9575.0,31628.0,6741.0,123256.0,9805.0,0,0,84.26,0.0047696767111164145,0.0003794272096489943,3.8697318679142713e-07,96.76
31092680,선부1동,1,842892.58,7.17,3.44,1.34,0,1660.0,7382.0,2345.0,3349.0,415.0,0,0,78.55,0.003973222780013401,0.0004923521808616188,1.1863907972569129e-06,88.05
31092690,선부2동,2,3088152.51,7.0,5.6,1.64,0,2983.0,12259.0,3145.0,5532.0,1289.0,0,0,30.03,0.0017913623054782637,0.000417401665177419,6.476364083435516e-07,85.76
31092700,선부3동,2,4809990.12,4.54,2.93,0.49,0,6836.0,24800.0,5077.0,5895.0,1353.0,0,0,74.05,0.00122557424296492,0.0002812895590723557,4.1580126987783546e-07,92.04
31092720,대부동,0,60841170.13,0.93,0.46,0.89,0,714.0,4279.0,3557.0,3804.0,1170.0,0,0,0.0,6.252345232465657e-05,1.923039937430289e-05,0.0,97.72
31101510,주교동,0,5516699.25,2.85,1.89,0.73,0,2030.0,9508.0,4210.0,4898.0,924.0,0,0,38.16,0.0008878497409462953,0.00016749145786736972,0.0,94.53
31101520,원신동,0,12891863.97,1.14,0.9,0.55,0,5207.0,14359.0,4376.0,4226.0,916.0,0,0,94.68,0.0003278036449834431,7.105256479054281e-05,0.0,97.41
31101530,흥도동,0,11187182.63,2.11,2.63,0.57,0,9443.0,27391.0,7731.0,7120.0,1285.0,0,0,91.42,0.0006364426357803756,0.00011486359367665488,0.0,94.69
31101540,성사1동,1,2307299.46,6.07,6.32,1.48,0,3409.0,13513.0,5140.0,6395.0,1644.0,0,0,66.88,0.0027716384937620034,0.0007125212953471046,4.3340711395809275e-07,86.13
31101550,성사2동,1,992869.04,4.25,2.04,1.06,0,1869.0,6873.0,2987.0,1748.0,363.0,0,0,96.45,0.0017605544432953558,0.0003656071298147678,1.0071821757982586e-06,92.65
31101560,효자동,1,25754622.17,0.29,0.58,0.08,0,744.0,3319.0,978.0,1559.0,204.0,0,0,58.89,6.053282357274801e-05,7.920908280205642e-06,3.882798176571393e-08,99.05
4128157000,Unknown,0,,,,,0,,,,,,0,0,,,,,
31101580,창릉동,2,11293678.5,1.61,2.59,0.77,0,3898.0,12619.0,3335.0,10659.0,1973.0,0,0,31.57,0.0009438023226879145,0.00017469950114112534,1.7709021909896133e-07,95.03
31101590,고양동,0,23881391.3,1.31,1.3,0.51,0,5922.0,17791.0,7455.0,7104.0,1414.0,0,0,56.93,0.0002974701059396412,5.9209280658594125e-05,0.0,96.88
31101600,관산동,0,16395973.58,2.84,1.45,0.54,0,5262.0,21610.0,9739.0,7622.0,1670.0,0,0,20.77,0.00046487022943808326,0.00010185427488344254,0.0,95.17
31101610,능곡동,7,12502541.86,1.56,1.29,0.73,0,2318.0,9705.0,3974.0,4127.0,881.0,0,0,64.24,0.00033009287600951084,7.046567089032689e-05,5.598861478232556e-07,96.42
31101620,화정1동,3,2265709.54,5.92,4.84,2.05,0,6223.0,24617.0,7843.0,11945.0,1912.0,0,0,89.77,0.005272079138593943,0.0008438857524480217,1.3240885237155151e-06,87.19
31101630,화정2동,2,1981279.74,3.35,4.64,2.18,0,6961.0,21435.0,5528.0,9657.0,1973.0,0,0,88.72,0.004874122419457667,0.0009958210141441418,1.0094485698369405e-06,89.83
31101640,행주동,3,6388128.94,3.26,2.99,2.29,3,2245.0,12665.0,5040.0,6613.0,1329.0,1,0,28.03,0.001035201396543766,0.0002080421376087502,4.696210781235896e-07,91.46000000000001
31101650,행신1동,0,667293.89,11.61,6.35,2.49,0,3882.0,14121.0,4633.0,3138.0,745.0,0,0,90.95,0.004702575652165756,0.0011164496051190211,0.0,79.55
31101660,행신2동,4,4308221.87,2.8,3.41,0.88,3,5676.0,21394.0,5988.0,8534.0,1727.0,1,0,91.01,0.001980863627151169,0.0004008614347422157,9.284572895013682e-07,92.91
31101690,행신3동,0,1958709.42,9.7,3.92,1.95,0,8438.0,29822.0,8933.0,6997.0,1351.0,0,0,86.41,0.00357225014007656,0.000689739879840422,0.0,84.43
31101670,화전동,1,7269567.72,2.46,1.61,0.39,0,3955.0,12058.0,3369.0,2696.0,549.0,0,0,81.8,0.00037086111634658406,7.552030892962709e-05,1.3755976125615134e-07,95.54
31101680,대덕동,1,10760792.63,1.05,1.46,2.27,0,307.0,1606.0,824.0,3173.0,478.0,0,0,24.97,0.00029486675462465917,4.442051960623608e-05,9.292995733522193e-08,95.22
31103510,식사동,0,6845061.58,2.64,4.48,0.9,0,8119.0,21406.0,4672.0,11239.0,1774.0,0,0,80.88,0.001641913643672959,0.0002591649438451668,0.0,91.98
31103520,중산동,0,2833388.34,7.73,3.79,2.07,0,8434.0,29709.0,9521.0,8384.0,1682.0,0,0,89.49,0.002959001377118115,0.0005936355339113394,0.0,86.41
31103530,정발산동,3,1546361.97,25.91,12.81,2.83,0,3743.0,15656.0,4950.0,6072.0,1715.0,0,0,0.0,0.0039266356246207565,0.0011090546930541169,1.9400373639430617e-06,58.45
31103540,풍산동,6,5680856.43,3.71,4.13,1.91,0,8311.0,24408.0,6948.0,8073.0,1438.0,0,0,82.32,0.0014210885452681278,0.00025313084703277195,1.0561787776054462e-06,90.25
31103550,백석1동,5,1755655.65,6.53,10.31,4.5,0,5224.0,20850.0,5282.0,14863.0,2248.0,0,0,75.42,0.00846578313914539,0.001280433324147133,2.847938888227609e-06,78.66
31103610,백석2동,1,788834.55,8.14,11.64,4.05,0,2438.0,14534.0,3919.0,10019.0,2083.0,0,0,30.47,0.012701015694448209,0.002640604420754129,1.2676929528344355e-06,76.17
31103560,마두1동,5,2211077.06,10.05,5.38,2.46,0,4963.0,15579.0,4396.0,9516.0,1387.0,0,0,72.51,0.004303784871232377,0.0006272960925177918,2.261341357309992e-06,82.11
31103570,마두2동,0,622195.06,8.56,6.02,2.67,0,3601.0,10028.0,3061.0,4662.0,1127.0,0,0,98.08,0.007492827088542091,0.0018113290709538688,0.0,82.75
31103580,장항1동,0,10223704.88,0.9,3.27,0.23,0,1962.0,5842.0,1605.0,11401.0,2039.0,0,0,53.94,0.0011151534726214483,0.00019943846422902666,0.0,95.6
31103590,장항2동,1,2407266.86,1.24,12.5,1.75,0,2850.0,18987.0,4232.0,35812.0,6685.0,0,0,26.25,0.01487662236161521,0.0027770082789958027,4.1540886746384483e-07,84.51
31103600,고봉동,0,25027231.67,2.41,4.44,0.42,0,3084.0,13734.0,5623.0,24456.0,3958.0,0,0,19.02,0.0009771755950661334,0.00015814773492279013,0.0,92.73
31104510,일산1동,2,644100.39,14.69,6.15,3.93,0,5150.0,17503.0,5635.0,2815.0,754.0,0,0,94.24,0.004370436726418216,0.001170624970415394,3.105106022322e-06,75.23
31104520,일산2동,2,814880.7,14.27,14.32,2.83,0,2763.0,12050.0,4405.0,3535.0,1215.0,0,0,77.74,0.004338058319403834,0.0014910158014358299,2.4543469982482793e-06,68.58
31104530,일산3동,2,1141579.78,8.77,3.39,2.11,0,8796.0,22660.0,5193.0,4205.0,1084.0,0,0,99.93,0.003683492011362679,0.0009495613175546122,1.7519581504697642e-06,85.73
31104540,탄현동,0,2179312.42,5.9,4.43,2.78,0,11005.0,34084.0,7843.0,7559.0,1397.0,0,0,95.46,0.0034685251782143813,0.0006410278706132413,0.0,86.89
31104550,주엽1동,1,934560.82,8.73,5.42,2.49,0,5561.0,16983.0,5845.0,5308.0,1328.0,0,0,97.38,0.005679673153795602,0.0014209883097664956,1.0700213175952529e-06,83.36
31104560,주엽2동,1,996999.44,8.59,5.13,1.83,0,5568.0,17667.0,6415.0,6664.0,1584.0,0,0,98.57,0.00668405591073668,0.0015887671912675422,1.0030095904466807e-06,84.45
31104570,대화동,1,3768359.85,6.66,6.52,2.22,0,5381.0,23174.0,6236.0,17611.0,2852.0,0,0,46.61,0.004673385955949315,0.0007568279340393756,2.6536743830272637e-07,84.6
31104580,송포동,0,12749789.06,0.7,1.13,0.55,0,4110.0,13708.0,3728.0,5187.0,930.0,0,0,59.76,0.00040683026013890234,7.294238325220343e-05,0.0,97.62
31104590,송산동,0,18063314.99,0.47,1.12,0.16,0,11330.0,31324.0,8406.0,16823.0,3528.0,0,0,70.22,0.0009313351402720952,0.0001953129866777597,0.0,98.25
31110510,중앙동,2,6983400.04,1.06,0.28,1.37,0,1079.0,3965.0,1692.0,8872.0,428.0,0,0,73.66,0.0012704413250235764,6.12881973748975e-05,2.8639344567709115e-07,97.29
31110520,갈현동,0,4370952.97,1.26,1.08,0.59,0,2712.0,6393.0,1778.0,1872.0,311.0,0,0,93.09,0.00042828189020659206,7.115153197342421e-05,0.0,97.07
31110530,별양동,2,649557.98,10.4,4.74,3.68,0,1893.0,6570.0,2327.0,9684.0,999.0,0,0,86.04,0.014908599844852826,0.0015379689431028474,3.079016903108803e-06,81.18
31110540,부림동,2,405785.08,18.01,1.55,1.32,0,2255.0,7398.0,2206.0,660.0,145.0,0,0,84.87,0.0016264767546005762,0.0003573320142683084,4.928717438183565e-06,79.12
31110550,과천동,4,10769909.6,1.41,8.43,0.29,0,1349.0,6185.0,2321.0,10947.0,1310.0,0,0,7.04,0.0010164430720931803,0.00012163518995542763,3.714051601692447e-07,89.87
31110560,문원동,2,12641479.39,0.84,0.64,0.19,0,1585.0,4805.0,1776.0,2554.0,259.0,0,0,0.0,0.00020203331597552678,2.0488108393759372e-05,1.5820933122594108e-07,98.33
31120510,갈매동,2,3971435.31,2.96,5.5,0.62,0,6994.0,19474.0,4870.0,5994.0,1425.0,0,0,90.25,0.001509278014649295,0.00035881234082002755,5.035962678175825e-07,90.92
31120520,동구동,3,7304144.48,2.39,5.37,0.74,0,7465.0,24688.0,6859.0,15415.0,2962.0,0,0,91.04,0.0021104456575561734,0.0004055231941408619,4.1072571992659884e-07,91.5
31120530,인창동,1,2212655.11,6.94,4.63,1.04,0,4318.0,14806.0,4546.0,7167.0,1257.0,0,0,73.31,0.003239094953197477,0.0005680957661740239,4.519457169244422e-07,87.39
31120540,교문1동,1,10023777.97,2.65,1.84,0.58,0,1985.0,10270.0,4262.0,10665.0,1545.0,0,0,17.73,0.0010639700950987204,0.00015413350182161493,9.976278435055982e-08,94.93
31120550,교문2동,0,1169033.2,7.41,3.94,1.73,0,4709.0,13727.0,4208.0,2112.0,628.0,0,0,93.51,0.0018066210608748611,0.0005371960351465022,0.0,86.92
31120560,수택1동,1,1191295.37,12.92,15.93,4.22,0,2424.0,12368.0,4791.0,9338.0,2381.0,0,0,50.23,0.007838526225382387,0.0019986646972194756,8.39422384384492e-07,66.93
31120570,수택2동,0,629838.73,30.18,14.93,2.27,0,3343.0,15082.0,5753.0,4646.0,1510.0,0,0,41.92,0.0073764914392073595,0.002397439103143158,0.0,52.620000000000005
31120580,수택3동,0,6667483.2,1.43,2.82,1.89,0,4223.0,14176.0,3924.0,9368.0,1441.0,0,0,92.26,0.0014050279121792088,0.00021612352918982066,0.0,93.86
31130110,와부읍,3,50052291.79,1.2,1.69,0.36,0,12523.0,37583.0,14232.0,13498.0,2980.0,1,3,79.13,0.0002696779611337214,5.9537733307044735e-05,5.993731540977657e-08,96.75
31130120,진접읍,0,66123833.82,1.23,1.73,0.33,0,20852.0,54686.0,18355.0,28193.0,5587.0,0,0,74.54,0.0004263666876415808,8.449298350134828e-05,0.0,96.71
31130130,화도읍,0,71537880.13,1.6,1.84,0.34,0,20837.0,60675.0,19711.0,27352.0,6098.0,0,0,56.55,0.0003823428923290934,8.524155299147453e-05,0.0,96.22
31130140,진건읍,2,31214818.81,1.24,4.0,0.33,0,3345.0,14945.0,6662.0,15123.0,3218.0,0,0,51.74,0.00048448142826157755,0.00010309206084412859,6.407213228348576e-08,94.43
31130150,오남읍,0,25287998.71,1.37,1.6,0.36,0,11437.0,31903.0,10308.0,11113.0,2523.0,0,0,84.43,0.00043945747259157485,9.977064729132938e-05,0.0,96.67
31130310,별내면,0,22274364.77,0.68,1.1,0.22,0,3465.0,11546.0,5104.0,3526.0,935.0,0,0,81.43,0.00015829856592576656,4.197650571202262e-05,0.0,98.0
31130340,수동면,0,72845402.62,0.76,0.46,0.12,0,999.0,4587.0,3492.0,7106.0,1163.0,0,0,0.0,9.754905243736059e-05,1.5965317757479644e-05,0.0,98.66
31130350,조안면,1,50941816.96,0.54,0.24,0.09,0,468.0,2238.0,1569.0,1038.0,302.0,0,0,0.0,2.03761872258079e-05,5.92833192889594e-06,1.963023817515212e-08,99.13
4136037000,Unknown,0,,,,,0,,,,,,0,0,,,,,
31130510,호평동,1,9208547.77,2.29,1.68,0.65,0,12620.0,29979.0,8110.0,9430.0,1910.0,0,0,87.44,0.0010240485509247414,0.0002074159843336433,1.0859475619562476e-07,95.38
31130520,평내동,1,7334524.27,2.44,2.61,0.74,0,8359.0,20604.0,5622.0,7301.0,1597.0,0,0,91.15,0.0009954292509267335,0.00021773736662511893,1.3634149444277955e-07,94.21000000000001
31130530,금곡동,1,6984659.77,3.13,3.0,0.77,0,2229.0,11511.0,5768.0,8137.0,1412.0,0,0,46.28,0.0011649815836324339,0.00020215730565183686,1.4317089635399211e-07,93.1
31130540,양정동,2,12408121.86,1.45,5.08,1.63,0,393.0,2546.0,1723.0,6736.0,1347.0,1,3,22.46,0.0005428702325780165,0.0001085579280407643,1.6118474839014743e-07,91.84
4136055000,Unknown,0,,,,,0,,,,,,0,0,,,,,
4136056000,Unknown,0,,,,,0,,,,,,0,0,,,,,
31130570,별내동,1,18687403.09,1.86,2.02,0.55,0,15004.0,43490.0,12078.0,13721.0,2840.0,0,0,90.72,0.000734237921337237,0.00015197403225696035,5.3511983189070546e-08,95.57
31140510,중앙동,1,3678489.27,5.63,6.56,1.81,0,8485.0,22074.0,5086.0,9479.0,1947.0,0,2,80.49,0.002576873086807789,0.0005292933748301262,2.718507318079744e-07,86.0
31140530,남촌동,1,5770153.26,3.9,5.34,1.12,0,2257.0,14877.0,2676.0,16303.0,1733.0,0,2,41.63,0.002825401556140252,0.0003003386429976726,1.7330562204135753e-07,89.64
31140540,신장동,0,6939521.15,3.97,2.82,0.94,0,14265.0,36201.0,8950.0,10193.0,2045.0,0,0,82.91,0.0014688333358542055,0.0002946889210067546,0.0,92.27
31140550,세마동,2,13717010.1,1.61,1.44,0.77,0,7406.0,19995.0,3763.0,11662.0,1426.0,0,0,83.35,0.0008501852747043977,0.00010395851498271918,1.4580436883971835e-07,96.18
31140560,초평동,1,6477042.21,1.47,1.43,0.24,0,3629.0,10226.0,2405.0,4249.0,578.0,0,2,94.37,0.0006560093113849632,8.923826358684602e-05,1.5439145949281319e-07,96.86
31140520,대원동,0,6047955.92,5.5,7.24,1.36,0,14203.0,41375.0,8506.0,18219.0,3537.0,0,0,80.49,0.0030124227492666442,0.0005848256909905111,0.0,85.9
31150510,대야동,3,9381360.13,2.09,4.49,0.61,0,5149.0,21173.0,6598.0,16017.0,3383.0,0,0,63.77,0.001707321729262186,0.0003606086913962649,3.1978305474099753e-07,92.81
31150520,신천동,1,3439565.84,8.39,8.13,1.86,0,5762.0,24361.0,7456.0,11292.0,3138.0,0,0,39.0,0.0032829724811917456,0.0009123244461547731,2.9073436779948155e-07,81.62
31150530,신현동,1,12757822.62,0.66,1.25,0.32,0,1388.0,6363.0,2610.0,7238.0,1697.0,0,0,68.73,0.0005673381905034142,0.00013301642847254682,7.838328136272648e-08,97.77
31150540,은행동,0,6407948.84,2.75,1.68,0.73,0,11118.0,30759.0,6381.0,8477.0,1819.0,0,0,87.34,0.001322888214567389,0.00028386618642185687,0.0,94.84
31150550,매화동,1,11173052.42,1.09,1.45,0.36,0,2123.0,7638.0,2798.0,4834.0,1032.0,0,0,49.79,0.0004326481088858682,9.236509068477782e-05,8.950105686509479e-08,97.1
31150560,목감동,0,17614454.37,1.0,1.81,0.27,0,9985.0,26604.0,6603.0,8292.0,1921.0,0,0,86.7,0.0004707497505070486,0.0001090581609652726,0.0,96.92
31150680,군자동,3,8145644.82,2.1,1.68,0.59,0,4223.0,14358.0,4487.0,4205.0,1146.0,0,0,43.99,0.0005162267804349021,0.00014068867785455358,3.682949682056377e-07,95.63
31150690,월곶동,2,8548915.7,0.84,2.71,0.3,0,2985.0,9575.0,2707.0,4660.0,1011.0,0,0,90.46,0.0005450983684392337,0.00011826061169357623,2.33947797613405e-07,96.15
31150640,정왕본동,5,8277897.14,2.75,4.04,0.68,0,2437.0,15774.0,2482.0,8704.0,2387.0,0,0,37.65,0.00105147477104185,0.00028835825809706987,6.040181359385628e-07,92.53
31150650,정왕1동,2,6655329.1,3.85,4.78,1.4,0,3646.0,16240.0,2979.0,42747.0,6422.0,0,0,62.28,0.0064229731329042425,0.0009649410124572729,3.005110596254354e-07,89.97
31150610,정왕2동,0,11678653.82,1.61,1.93,2.53,0,6563.0,21769.0,3652.0,33374.0,4473.0,0,0,81.59,0.0028576923774226077,0.0003830064722302189,0.0,93.93
31150620,정왕3동,0,6094967.92,2.47,3.18,1.85,0,4143.0,15745.0,3281.0,23236.0,3349.0,0,0,61.24,0.0038123252336924322,0.000549469668085555,0.0,92.5
31150720,정왕4동,2,1028042.13,10.34,2.83,2.43,0,4756.0,14450.0,2511.0,2302.0,647.0,0,0,99.58,0.002239207842559534,0.0006293516395030488,1.9454455626060245e-06,84.4
31150590,과림동,0,7624906.9,0.55,6.49,0.28,0,111.0,1032.0,851.0,7783.0,2134.0,0,0,4.12,0.001020733774466124,0.0002798722696531811,0.0,92.68
31150700,연성동,1,9248500.33,0.9,1.74,0.67,0,5277.0,15726.0,3461.0,7478.0,1320.0,0,0,93.0,0.0008085635219944804,0.00014272584234189812,1.081256381378016e-07,96.69
31150710,장곡동,0,4111005.13,1.08,1.35,0.79,0,4679.0,11187.0,1641.0,2932.0,661.0,0,0,97.23,0.0007132075751004641,0.00016078792876582766,0.0,96.78
31150670,능곡동,1,4331445.12,2.06,1.58,0.76,0,3805.0,10815.0,2698.0,3456.0,684.0,0,0,95.52,0.0007978861336680219,0.00015791496395512933,2.3086983034375635e-07,95.6
31160510,군포1동,2,3302647.51,7.61,22.7,1.44,0,4976.0,21209.0,6730.0,36957.0,4948.0,0,0,46.93,0.011190113352389853,0.0014981919762866302,6.055747681029225e-07,68.25
31160520,군포2동,2,3277973.37,5.33,3.18,1.36,0,11539.0,33719.0,8832.0,7922.0,1463.0,0,0,81.77,0.0024167371438944397,0.0004463123506081249,6.101330835381065e-07,90.13
31160540,산본1동,2,689156.77,19.8,18.94,2.72,0,1814.0,10252.0,4436.0,8379.0,1813.0,0,0,48.49,0.012158336629092995,0.0026307512004470224,2.9020972977904274e-06,58.54
31160550,산본2동,0,1404890.24,5.86,2.93,1.63,0,5448.0,17192.0,5277.0,5122.0,642.0,0,0,95.25,0.0036458364177713565,0.0004569752011341685,0.0,89.58
31160560,금정동,2,1189880.71,12.22,22.28,1.66,0,2199.0,11361.0,4016.0,12910.0,1947.0,0,0,25.45,0.010849827122494911,0.001636298482377815,1.6808407625863534e-06,63.839999999999996
31160570,재궁동,0,852421.76,10.8,3.46,5.09,0,2982.0,12455.0,4311.0,5317.0,770.0,0,0,81.85,0.006237522608453385,0.0009033087095183574,0.0,80.65
31160580,오금동,2,1087914.72,4.31,0.59,1.93,0,4547.0,14263.0,3930.0,1359.0,256.0,0,0,100.0,0.0012491787959147277,0.00023531256199718197,1.8383793906029842e-06,93.17
31160590,수리동,2,2991276.86,1.34,0.58,0.78,0,3005.0,10427.0,3941.0,1735.0,248.0,0,0,100.0,0.0005800198648259526,8.290773860336382e-05,6.68610795188418e-07,97.3
31160600,궁내동,0,1688826.88,2.91,0.58,1.74,0,5296.0,12777.0,3329.0,1894.0,360.0,0,0,99.86,0.0011214885447517185,0.0002131657212833256,0.0,94.77
31160630,대야동,1,12849888.28,0.72,0.46,0.21,0,4001.0,12668.0,3229.0,2205.0,431.0,0,0,57.72,0.0001715968226299851,3.3541147643321346e-05,7.782168826756693e-08,98.61
31160610,광정동,2,1488958.51,5.05,5.66,2.92,0,4864.0,15844.0,4983.0,13734.0,2583.0,0,0,83.96,0.009223897044591095,0.0017347696276524536,1.3432207724757675e-06,86.37
31170510,고천동,0,8873287.37,1.14,2.45,0.77,0,1843.0,6906.0,3202.0,10863.0,1279.0,0,0,70.83,0.0012242362437978561,0.00014414049119188603,0.0,95.64
31170520,부곡동,2,11208847.83,2.42,2.82,0.74,0,4656.0,17192.0,6384.0,12709.0,1584.0,0,0,59.8,0.001133836429287011,0.0001413169331962094,1.7843047120733512e-07,94.02
31170530,오전동,0,6738431.61,2.38,3.42,0.55,0,7200.0,23349.0,7992.0,9535.0,1615.0,0,0,88.44,0.0014150177002369027,0.00023967001425092795,0.0,93.65
31170540,내손1동,0,1994722.68,3.87,3.01,1.71,0,3821.0,13557.0,3932.0,4443.0,936.0,0,0,87.73,0.002227377291352463,0.000469238159960816,0.0,91.41
31170550,내손2동,0,1409711.58,16.23,6.17,3.55,0,5206.0,18947.0,5657.0,2726.0,803.0,0,0,68.86,0.0019337288837342618,0.0005696200636972165,0.0,74.05
31170560,청계동,0,23638158.14,0.68,0.92,0.24,0,5537.0,19518.0,6254.0,13557.0,1745.0,0,0,79.27,0.0005735218420869007,7.382131846585835e-05,0.0,98.16
31180510,천현동,1,34509633.49,0.52,1.74,0.23,0,828.0,4555.0,2352.0,12216.0,1873.0,0,0,0.0,0.00035398811185683387,5.427469986148083e-05,2.897741583634855e-08,97.51
31180520,신장1동,0,207611.9,22.93,34.46,1.7,0,719.0,4033.0,1617.0,2370.0,851.0,0,0,34.25,0.011415530612098077,0.004098994325272348,0.0,40.91
31180530,신장2동,0,4336345.14,3.8,4.46,1.85,0,8108.0,26766.0,10890.0,11424.0,2129.0,0,0,90.72,0.0026344766459188386,0.0004909664547585091,0.0,89.89
31180540,덕풍1동,0,937983.68,10.08,6.44,2.39,0,2223.0,10018.0,4221.0,1604.0,472.0,0,0,77.89,0.0017100510746443898,0.0005032070493966035,0.0,81.09
31180550,덕풍2동,0,486010.36,31.08,10.06,3.07,0,2501.0,11878.0,5209.0,2464.0,728.0,0,0,65.25,0.005069850774270124,0.0014979104560343547,0.0,55.79
31180560,덕풍3동,0,2167794.39,9.88,7.01,1.78,0,4918.0,15100.0,5544.0,9413.0,1565.0,0,0,72.23,0.004342201476015711,0.0007219319356171877,0.0,81.33
31180610,풍산동,0,2676723.12,2.07,5.34,1.56,0,7330.0,17216.0,3650.0,10156.0,1533.0,0,0,94.02,0.0037941914589814047,0.000572715193641049,0.0,91.03
31180660,감북동,1,4506469.43,1.41,4.91,0.4,0,1045.0,3813.0,1425.0,5630.0,877.0,0,0,0.0,0.0012493150319645035,0.00019460910888683295,2.219032028356134e-07,93.28
31180650,위례동,0,4774159.2,1.2,0.84,0.4,0,4342.0,12336.0,2543.0,1554.0,288.0,0,0,74.48,0.00032550234185670747,6.032475833637822e-05,0.0,97.56
31180590,춘궁동,0,14492956.25,0.83,4.13,0.22,0,361.0,2351.0,1379.0,6777.0,1220.0,0,0,0.0,0.00046760646227682665,8.41788230747718e-05,0.0,94.82
31180600,초이동,0,6148395.41,1.16,6.91,0.78,0,386.0,2215.0,1137.0,6679.0,1222.0,0,0,22.04,0.001086299685463648,0.00019875104291609193,0.0,91.15
31180620,미사1동,1,6648267.67,1.38,2.45,1.95,0,8331.0,27688.0,5157.0,6412.0,1446.0,1,3,65.66,0.0009644617693304091,0.00021750026800557883,1.5041512310206004e-07,94.22
31180630,미사2동,1,5142285.23,2.6,1.71,1.19,0,12187.0,28615.0,7468.0,4651.0,927.0,1,3,98.01,0.0009044616920230532,0.00018027004698029892,1.9446607009740985e-07,94.5
31191110,포곡읍,3,41755866.0,1.39,1.45,0.44,0,6350.0,20411.0,6189.0,13068.0,2125.0,0,0,36.56,0.00031296201592362783,5.089105324745249e-05,7.184619281993294e-08,96.72
4146131000,Unknown,0,,,,,0,,,,,,0,0,,,,,
4146132000,Unknown,0,,,,,0,,,,,,0,0,,,,,
4146133000,Unknown,0,,,,,0,,,,,,0,0,,,,,
31191340,원삼면,0,59940611.92,1.21,0.75,0.21,0,930.0,4294.0,2999.0,5568.0,827.0,0,0,1.69,9.28919445705764e-05,1.3796989612045022e-05,0.0,97.83
31191350,백암면,0,65662069.23,0.96,0.87,0.22,0,785.0,4359.0,3323.0,6775.0,979.0,0,0,7.25,0.00010317981262923061,1.4909673293581811e-05,0.0,97.95
31191360,양지면,0,57646834.31,1.35,0.96,0.21,0,3363.0,10873.0,4209.0,11336.0,1678.0,0,0,4.6,0.00019664566381976637,2.9108276631048692e-05,0.0,97.48
31191510,중앙동,5,7981369.66,3.95,3.91,1.44,0,3932.0,15470.0,4863.0,14177.0,2733.0,0,0,55.63,0.0017762615445607913,0.00034242243078822334,6.264588927702586e-07,90.7
4146152000,Unknown,0,,,,,0,,,,,,0,0,,,,,
31191530,유림동,5,13648710.17,2.72,1.99,0.55,0,7961.0,22185.0,5562.0,7706.0,1141.0,0,0,55.66,0.0005645954748846685,8.359764298512934e-05,3.663349824063512e-07,94.74
31191540,동부동,2,23542090.9,1.37,0.88,0.35,0,2041.0,8087.0,3153.0,6143.0,1122.0,0,0,44.56,0.0002609368906989222,4.76593181449114e-05,8.495422129217719e-08,97.4
31192610,신갈동,3,4846720.2,4.26,5.03,1.13,0,7466.0,24360.0,7127.0,10067.0,1605.0,0,0,81.49,0.002077074719514287,0.00033115177558561945,6.189752814684476e-07,89.58
4146351500,Unknown,0,,,,,0,,,,,,0,0,,,,,
31192520,구갈동,5,4242986.59,4.65,3.4,1.43,0,8106.0,28194.0,5798.0,12715.0,2572.0,0,0,76.63,0.0029967099188899474,0.0006061767920869009,1.1784152256743796e-06,90.52
31192650,상갈동,4,2005161.3,3.81,3.95,2.27,0,10189.0,27918.0,8726.0,3325.0,583.0,0,0,80.98,0.0016582207127094552,0.0002907496768449962,1.9948519852143823e-06,89.97
31192540,기흥동,0,11733247.38,1.86,2.87,0.9,0,4216.0,12420.0,4412.0,12131.0,1248.0,0,0,75.7,0.0010338996193558188,0.00010636441554332389,0.0,94.37
31192550,서농동,0,4232600.77,3.76,3.59,1.83,0,5803.0,16835.0,2727.0,24574.0,940.0,0,0,88.27,0.005805886577850324,0.00022208567523314496,0.0,90.82
31192560,구성동,0,6907461.01,3.46,1.6,1.32,0,8705.0,22266.0,8590.0,7501.0,1248.0,0,0,90.03,0.0010859272298649053,0.00018067420115603277,0.0,93.62
31192570,마북동,2,5376911.94,2.77,3.45,1.42,0,6058.0,18650.0,7611.0,10000.0,944.0,0,0,88.77,0.0018598035659816668,0.00017556545662866934,3.7196071319633334e-07,92.36
4146358500,Unknown,0,,,,,0,,,,,,0,0,,,,,
31192600,상하동,4,5514446.81,2.45,2.56,0.8,0,5169.0,15045.0,4660.0,4755.0,630.0,0,0,85.61,0.0008622805086030701,0.00011424536707043832,7.25367409971037e-07,94.19
31192590,보정동,4,6803372.98,3.52,4.26,0.59,0,8073.0,20590.0,7375.0,14571.0,2115.0,0,0,85.86,0.0021417317619970592,0.0003108752094313211,5.879436584989525e-07,91.63
31193510,풍덕천1동,2,1904963.24,7.36,8.18,1.94,0,6863.0,23134.0,6010.0,9123.0,2020.0,0,0,88.05,0.00478906879061462,0.001060387915931331,1.0498890256745853e-06,82.52
31193520,풍덕천2동,2,1484198.0,9.13,4.13,4.46,0,10835.0,26103.0,5132.0,7327.0,1225.0,0,0,94.68,0.004936672869759044,0.0008253615757410712,1.3475291032507283e-06,82.28
31193530,신봉동,0,6658876.25,3.44,1.41,0.8,0,9036.0,21748.0,7131.0,5147.0,1056.0,0,0,87.19,0.000772953244174236,0.00015858531685408845,0.0,94.35
31193600,죽전1동,1,2351347.89,5.25,3.05,1.16,0,12940.0,34597.0,9619.0,8086.0,1156.0,0,0,94.81,0.003438878625470266,0.0004916329076235009,4.252879823732706e-07,90.53999999999999
31193550,죽전2동,3,1106248.39,8.2,10.17,1.74,0,3329.0,12122.0,3234.0,6396.0,1296.0,0,0,94.38,0.005781703329703542,0.0011715271287204177,2.7118683535194854e-06,79.89
31193560,동천동,2,16607758.04,2.52,1.53,0.42,0,10386.0,27994.0,7562.0,13021.0,1983.0,0,0,77.73,0.0007840311719758268,0.00011940202857138965,1.2042564656721094e-07,95.53
31193620,상현1동,1,672032.9,11.28,2.23,3.15,0,11303.0,29610.0,7996.0,1791.0,302.0,0,0,99.09,0.002665048095075925,0.0004493827608670739,1.488022386977066e-06,83.34
31193580,상현2동,1,1565368.03,7.58,2.41,1.3,0,7796.0,19886.0,6459.0,3610.0,891.0,0,0,97.47,0.0023061669401648237,0.0005691952198578554,6.388274072478736e-07,88.71000000000001
31193590,성복동,1,4973966.24,4.24,1.3,0.61,0,10630.0,26859.0,10720.0,7196.0,1279.0,0,0,93.87,0.0014467327787865188,0.0002571388582640297,2.0104680083192313e-07,93.85
31200110,문산읍,3,47799684.03,0.0,0.0,0.0,0,10144.0,28277.0,10358.0,13393.0,2493.0,0,0,74.29,0.0002801901366459137,5.21551564741479e-05,6.276192114819242e-08,100.0
31200120,파주읍,2,32119020.86,0.15,0.21,0.02,0,1371.0,7166.0,4679.0,8214.0,1129.0,0,0,14.91,0.00025573631387458936,3.515051112301088e-05,6.226839880072787e-08,99.62
31200130,법원읍,0,71569150.42,0.35,0.33,0.03,0,1246.0,5967.0,3911.0,6097.0,993.0,0,0,13.29,8.519033639800398e-05,1.3874693134856151e-05,0.0,99.29
31200150,조리읍,0,27396206.72,1.78,1.73,0.38,0,4886.0,17731.0,7903.0,12731.0,2417.0,0,0,63.16,0.00046469936988398347,8.822389262505601e-05,0.0,96.11
31200310,월롱면,1,27158558.26,0.01,0.04,0.0,0,500.0,7055.0,1992.0,29970.0,1476.0,0,0,0.0,0.0011035195503779648,5.4347509387983854e-05,3.6820805818417246e-08,99.95
31200320,탄현면,0,61697503.61,0.0,0.0,0.0,0,1840.0,7912.0,3829.0,16092.0,2521.0,0,0,22.77,0.00026082092561990113,4.086064836488757e-05,0.0,100.0
31200350,광탄면,0,65677077.74,0.91,0.86,0.22,0,1226.0,6260.0,4151.0,13655.0,2177.0,0,0,8.21,0.00020791119930845328,3.3147028992640265e-05,0.0,98.01
31200360,파평면,0,42091800.55,0.0,0.0,0.0,0,340.0,1853.0,1753.0,1987.0,369.0,0,0,0.93,4.720634361172578e-05,8.76655299080363e-06,0.0,100.0
31200370,적성면,0,88939658.55,0.0,0.0,0.0,0,1126.0,3952.0,2489.0,2893.0,685.0,0,0,6.26,3.2527671537813376e-05,7.701851020878728e-06,0.0,100.0
4148038000,Unknown,0,,,,,0,,,,,,0,0,,,,,
31200390,장단면,1,144426763.17,0.0,0.0,0.0,0,0.0,0.0,0.0,198.0,38.0,0,0,0.0,1.3709370455593953e-06,2.6310912995584354e-07,6.923924472522199e-09,100.0
4148040000,Unknown,0,,,,,0,,,,,,0,0,,,,,
4148041000,Unknown,0,,,,,0,,,,,,0,0,,,,,
31200530,금촌1동,1,4507337.55,0.0,0.0,0.0,0,2872.0,14112.0,5596.0,12878.0,2968.0,0,0,44.09,0.0028571190546781726,0.0006584818569874838,2.2186046394457e-07,100.0
31200520,금촌2동,1,2756472.0,0.04,0.01,0.09,0,8246.0,20612.0,5138.0,7907.0,1359.0,0,0,97.05,0.002868521791613089,0.0004930215144558224,3.6278257134350434e-07,99.86
31200540,금촌3동,1,16959650.09,0.0,0.0,0.0,0,5422.0,16763.0,5421.0,5450.0,1037.0,0,0,79.8,0.00032135096957043336,6.114512943936503e-05,5.896348065512538e-08,100.0
31200550,교하동,0,36931341.64,0.0,0.0,0.0,0,9842.0,24571.0,6827.0,31733.0,4358.0,0,0,70.75,0.0008592430870591955,0.00011800275339249279,0.0,100.0
31200560,운정1동,0,9692443.53,1.1,1.34,0.23,0,11305.0,27348.0,6474.0,11629.0,2479.0,0,0,63.07,0.0011998006451101812,0.00025576625670548965,0.0,97.33
31200570,운정2동,0,3187423.06,0.01,0.0,0.0,0,16128.0,36958.0,7218.0,6001.0,1434.0,0,0,97.4,0.0018827121116395426,0.00044989321247977074,0.0,99.99
31200580,운정3동,0,5861651.27,4.96,2.99,0.64,0,17400.0,44962.0,10176.0,9135.0,1745.0,0,0,87.28,0.0015584345740145707,0.00029769768272090046,0.0,91.41
31210110,장호원읍,0,60421749.99,1.39,0.59,0.34,0,2516.0,7873.0,4500.0,4204.0,1152.0,0,0,34.82,6.95775941725468e-05,1.9065982037767347e-05,0.0,97.68
31210120,부발읍,1,41927821.03,1.87,1.25,0.4,0,8329.0,22151.0,5531.0,39543.0,2027.0,1,0,62.31,0.0009431207973268381,4.8344987891194416e-05,2.3850512033149686e-08,96.48
31210310,신둔면,1,36431345.07,1.64,1.12,0.25,0,2077.0,7857.0,3341.0,6325.0,1121.0,0,0,19.06,0.00017361423213568613,3.077020620143939e-05,2.744889045623496e-08,96.99
31210320,백사면,0,32531668.95,1.66,0.78,0.22,0,1672.0,6339.0,3032.0,4508.0,658.0,0,0,24.73,0.00013857266305418415,2.022644460728775e-05,0.0,97.34
31210330,호법면,0,37936513.74,0.98,1.32,0.33,0,644.0,3155.0,1895.0,7392.0,873.0,0,0,13.23,0.0001948518530368798,2.30121303708328e-05,0.0,97.37
31210340,마장면,0,51444305.16,1.1,1.78,0.27,0,2361.0,7497.0,2657.0,16707.0,1427.0,0,0,30.78,0.0003247589786281556,2.77387360090009e-05,0.0,96.85
31210350,대월면,0,31383807.13,1.46,0.99,0.24,0,2597.0,9043.0,2755.0,5673.0,721.0,0,0,49.11,0.0001807620081432164,2.2973630860436985e-05,0.0,97.31
31210360,모가면,0,41067977.06,1.08,0.83,0.22,0,427.0,2216.0,1839.0,4195.0,456.0,0,0,0.0,0.00010214771460182019,1.1103541801771157e-05,0.0,97.87
31210370,설성면,0,51753283.87,0.93,0.48,0.27,0,460.0,2328.0,2098.0,2092.0,335.0,0,0,6.47,4.042255570205996e-05,6.473019197031589e-06,0.0,98.32
31210380,율면,0,36770354.88,0.91,0.41,0.16,0,208.0,1102.0,1411.0,873.0,158.0,0,0,0.0,2.3741951984113202e-05,4.29693976344775e-06,0.0,98.52
31210510,창전동,0,1133956.13,19.82,18.33,2.21,0,2691.0,10912.0,3862.0,8331.0,2275.0,0,0,33.46,0.007346845067036705,0.0020062504534279803,0.0,59.64
31210540,증포동,0,8929579.5,3.44,2.33,1.45,0,15242.0,33057.0,5306.0,8462.0,1658.0,0,0,87.35,0.0009476370079901885,0.0001856750365454659,0.0,92.78
31210520,중리동,1,22011566.87,1.63,1.38,0.37,0,1985.0,9470.0,3091.0,11133.0,1834.0,0,0,31.96,0.0005057795324497471,8.331982956191827e-05,4.543065952122043e-08,96.62
31210530,관고동,0,7757836.1,2.02,1.81,0.45,0,1466.0,6431.0,2410.0,5399.0,887.0,0,0,39.62,0.0006959414881158731,0.0001143360066602666,0.0,95.72
31220110,공도읍,0,31907036.19,2.2,1.67,0.67,0,13941.0,34840.0,8742.0,14926.0,2637.0,0,0,79.83,0.00046779650454257133,8.264634747948282e-05,0.0,95.46
31220310,보개면,0,53011028.1,0.77,0.77,0.32,0,515.0,2674.0,2327.0,3949.0,517.0,0,0,8.63,7.449393346135188e-05,9.752687667642169e-06,0.0,98.14
31220320,금광면,0,71388246.02,0.54,0.26,0.18,0,1200.0,3969.0,2471.0,1527.0,327.0,0,0,49.98,2.1390075889691768e-05,4.580585996024367e-06,0.0,99.02
31220330,서운면,0,36334081.27,0.84,0.64,0.11,0,264.0,1672.0,1520.0,4792.0,488.0,0,0,0.0,0.00013188719330452142,1.3430916179592331e-05,0.0,98.41
31220340,미양면,0,33575947.1,1.21,1.46,0.2,0,530.0,2879.0,2273.0,11475.0,816.0,0,0,20.92,0.00034176251129477693,2.430311191429525e-05,0.0,97.13
31220350,대덕면,0,31033049.18,1.5,1.41,0.35,0,2643.0,9785.0,3059.0,8337.0,1166.0,0,0,52.27,0.00026864907639724604,3.757284671694721e-05,0.0,96.74
31220360,양성면,0,53118291.49,0.81,0.76,0.18,0,433.0,2539.0,2251.0,5696.0,706.0,0,0,0.0,0.00010723236460026677,1.32910901347943e-05,0.0,98.25
31220380,원곡면,0,38084662.38,0.76,1.34,0.1,0,773.0,3693.0,1627.0,10294.0,1140.0,0,0,38.16,0.0002702925365935014,2.993330986172446e-05,0.0,97.8
31220390,일죽면,0,55412334.6,1.12,1.31,0.18,0,771.0,3670.0,3191.0,4749.0,812.0,0,0,15.21,8.57029402258598e-05,1.4653777103263458e-05,0.0,97.39
31220400,죽산면,0,57191281.01,0.86,0.63,0.19,0,676.0,3555.0,2670.0,4996.0,783.0,0,0,15.33,8.735597300444394e-05,1.3690898090968695e-05,0.0,98.32
31220410,삼죽면,0,39199112.81,0.83,0.62,0.25,0,354.0,1728.0,1498.0,2695.0,385.0,0,0,0.0,6.875155601255844e-05,9.82165085893692e-06,0.0,98.3
31220420,고삼면,0,27751075.68,0.6,0.49,0.12,0,138.0,900.0,882.0,1723.0,191.0,0,0,0.0,6.208768337009484e-05,6.882616090358743e-06,0.0,98.79
31220510,안성1동,0,6531805.81,4.19,2.81,1.04,0,1905.0,7230.0,3546.0,5708.0,1121.0,0,0,45.25,0.0008738777860254945,0.0001716217586080202,0.0,91.96
31220520,안성2동,0,10121451.68,2.66,2.87,0.83,0,4674.0,13454.0,4041.0,9152.0,1999.0,0,0,79.06,0.0009042181190347745,0.00019750131336871877,0.0,93.64
31220530,안성3동,0,8237833.87,2.87,2.76,0.73,0,4388.0,13244.0,4270.0,9555.0,1460.0,0,0,73.95,0.0011598922909558992,0.00017723105649352307,0.0,93.64
31230110,통진읍,0,29391739.49,0.0,0.0,0.0,0,4189.0,15631.0,6817.0,20008.0,3670.0,0,0,46.79,0.0006807354837504786,0.00012486501526210797,0.0,100.0
31230120,고촌읍,1,24931944.63,1.27,2.35,0.67,0,5340.0,15518.0,6207.0,13224.0,2471.0,0,0,72.87,0.0005304038732735906,9.910979815933472e-05,4.010918581923704e-08,95.71
31230130,양촌읍,2,36346070.76,0.46,0.7,0.18,0,4325.0,14995.0,6696.0,30970.0,4734.0,0,0,60.68,0.000852086603927348,0.00013024791679018614,5.502658081545676e-08,98.66
31230340,대곶면,0,43210782.24,0.66,0.52,0.18,0,918.0,5441.0,3441.0,29134.0,4871.0,0,0,0.0,0.0006742298678644161,0.00011272649434913059,0.0,98.64
31230350,월곶면,0,51950885.22,0.0,0.0,0.0,0,423.0,2800.0,2336.0,9780.0,1279.0,0,0,0.0,0.00018825473249554992,2.4619407245583677e-05,0.0,100.0
31230360,하성면,0,56226262.85,0.0,0.0,0.0,0,756.0,4236.0,3228.0,10364.0,1912.0,0,0,0.34,0.00018432667359819302,3.400546120414368e-05,0.0,100.0
4157051000,Unknown,0,,,,,0,,,,,,0,0,,,,,
4157052000,Unknown,0,,,,,0,,,,,,0,0,,,,,
31230530,사우동,2,3294231.34,5.99,6.41,1.35,0,4001.0,14585.0,4576.0,10775.0,2083.0,0,0,65.95,0.003270869252299473,0.0006323174619526499,6.071219029790205e-07,86.25
31230540,풍무동,1,4423828.46,4.79,4.23,1.55,0,14502.0,37044.0,9966.0,9535.0,2039.0,0,0,92.8,0.00215537290520945,0.0004609129893782977,2.2604854800308862e-07,89.43
31230560,장기동,1,3688192.73,4.69,4.21,1.01,0,11382.0,24762.0,5450.0,6320.0,1439.0,0,0,93.57,0.0017135763943612742,0.00039016399232371415,2.711355054369105e-07,90.09
31230630,구래동,2,2118932.3,3.65,4.88,1.1,0,10016.0,25037.0,4218.0,7355.0,1795.0,0,0,91.72,0.003471087773764782,0.0008471247524007864,9.438715904187035e-07,90.37
31230600,운양동,1,7932758.97,1.03,0.68,0.19,0,13041.0,30094.0,6042.0,6869.0,1484.0,0,0,80.31,0.0008659030264210008,0.00018707236733276537,1.260595467201923e-07,98.1
31240120,봉담읍,0,42759959.71,1.28,1.65,0.68,0,18275.0,47715.0,12002.0,28761.0,5287.0,0,0,82.23,0.0006726152268395876,0.00012364370864368065,0.0,96.39
31240130,우정읍,0,91273926.43,0.87,0.51,0.92,0,2512.0,9829.0,5090.0,27369.0,1866.0,0,0,23.26,0.0002998556221966291,2.0443954511268586e-05,0.0,97.7
31240140,향남읍,0,49966088.56,1.78,1.43,0.4,0,20777.0,52389.0,9946.0,43294.0,6480.0,0,0,78.48,0.0008664676633233613,0.0001296879581081762,0.0,96.39
31240150,남양읍,0,74344481.72,1.04,0.87,1.01,0,7519.0,24688.0,6960.0,38166.0,3856.0,0,0,64.4,0.0005133669522875634,5.186666058850402e-05,0.0,97.08
31240310,매송면,2,27488618.78,0.8,0.76,0.23,0,891.0,4155.0,2339.0,2493.0,629.0,0,0,28.78,9.06920795093908e-05,2.288219735716278e-05,7.275738428350645e-08,98.21
31240330,비봉면,1,38708786.88,0.81,0.56,0.29,0,590.0,3093.0,2166.0,7929.0,1232.0,0,0,16.27,0.00020483721240292072,3.1827398875066005e-05,2.5833927658332795e-08,98.34
31240350,마도면,0,32194627.28,1.15,0.92,0.29,0,709.0,3915.0,2192.0,17528.0,1981.0,0,0,3.95,0.000544438668214784,6.153200603226194e-05,0.0,97.64
31240360,송산면,0,108619262.62,0.6,0.36,0.45,0,1323.0,5606.0,4019.0,7067.0,1532.0,0,0,10.3,6.506212461341187e-05,1.4104312283535725e-05,0.0,98.59
31240370,서신면,0,47534348.43,0.98,0.78,0.48,0,513.0,3599.0,2979.0,7429.0,1408.0,0,0,0.0,0.00015628698499861688,2.9620685809402687e-05,0.0,97.76
31240380,팔탄면,0,50883744.06,0.85,1.11,0.19,0,813.0,5924.0,3145.0,36388.0,5166.0,0,0,11.38,0.0007151203330691552,0.00010152554800030933,0.0,97.85
31240390,장안면,0,68045875.91,0.93,0.71,0.35,0,1091.0,5505.0,3669.0,22025.0,2636.0,0,0,9.92,0.0003236786903754145,3.873857107058309e-05,0.0,98.01
31240420,양감면,0,31042737.17,0.91,1.25,0.18,0,289.0,2275.0,1494.0,15935.0,1734.0,0,0,1.97,0.0005133245793606952,5.5858476348380635e-05,0.0,97.66
31240430,정남면,0,40612366.71,1.22,1.19,0.27,0,1284.0,6596.0,3448.0,29325.0,4687.0,0,0,21.49,0.0007220706985483827,0.00011540819655912257,0.0,97.32
4159042000,Unknown,0,,,,,0,,,,,,0,0,,,,,
31240520,진안동,2,6982087.67,3.48,3.88,1.08,0,8804.0,29305.0,5180.0,15508.0,3143.0,0,0,76.93,0.0022211121849144283,0.0004501518956142667,2.8644727687831164e-07,91.56
31240530,병점1동,1,1510402.75,6.98,4.39,1.67,0,6209.0,18312.0,3750.0,5294.0,1236.0,0,0,79.38,0.0035050253980039095,0.0008183247812491183,6.620750657355325e-07,86.96000000000001
31240540,병점2동,0,995095.63,6.97,4.28,3.7,0,6813.0,14844.0,2965.0,4189.0,912.0,0,0,97.69,0.004209645659842666,0.000916494829738962,0.0,85.05
31240550,반월동,0,3967704.53,2.69,5.17,0.92,0,8425.0,20076.0,3141.0,56867.0,1689.0,0,0,96.97,0.014332468451186983,0.0004256869399485609,0.0,91.22
31240560,기배동,0,4245985.62,2.67,2.28,0.71,0,3470.0,8256.0,2153.0,5462.0,907.0,0,0,84.89,0.0012863915445825594,0.00021361353550647773,0.0,94.34
31240570,화산동,0,11598504.05,2.33,2.31,0.57,0,4378.0,14547.0,4630.0,10497.0,1555.0,0,0,64.32,0.0009050305069291198,0.00013406901383964764,0.0,94.79
31240610,동탄1동,0,4856516.49,2.34,5.29,1.76,0,13742.0,33208.0,3451.0,31469.0,4132.0,0,0,76.11,0.006479747379573956,0.0008508156017795159,0.0,90.61
31240600,동탄2동,0,2384234.56,6.13,2.42,2.01,0,11185.0,21384.0,3191.0,5115.0,932.0,0,0,84.94,0.002145342612590326,0.00039090113683952764,0.0,89.44
31240620,동탄3동,1,1867731.41,5.67,4.48,2.12,0,11751.0,26739.0,3408.0,8240.0,1349.0,0,0,76.92,0.004411769248960632,0.0007222665918504724,5.354088894369699e-07,87.73
31240640,동탄4동,0,4242156.61,3.15,1.05,1.06,0,18512.0,32338.0,2840.0,5249.0,1045.0,0,0,99.07,0.0012373423431879444,0.00024633696868573096,0.0,94.74
31250110,오포읍,0,46776670.84,3.08,2.8,0.31,0,20014.0,68721.0,19292.0,29842.0,5815.0,0,0,31.53,0.0006379675907690916,0.00012431410563374664,0.0,93.81
31250120,초월읍,2,55776945.9,1.32,1.53,0.28,0,8448.0,26327.0,8740.0,25360.0,4329.0,0,0,42.07,0.000454668135567377,7.761271131195485e-05,3.5857108483231624e-08,96.87
31250140,곤지암읍,1,76152628.52,0.85,1.1,0.19,0,3402.0,13875.0,5622.0,19986.0,3090.0,0,0,35.57,0.00026244662053586824,4.057640635724171e-05,1.3131523092958483e-08,97.86
31250340,도척면,0,52128742.93,0.85,1.38,0.14,0,1153.0,5101.0,2865.0,11480.0,1759.0,0,0,11.11,0.00022022399457077792,3.3743380352787317e-05,0.0,97.63
31250350,퇴촌면,0,60218497.92,0.96,0.31,0.1,0,2231.0,7417.0,4743.0,2355.0,732.0,0,0,0.0,3.9107584568585815e-05,1.2155733292655973e-05,0.0,98.63
31250360,남종면,1,48341779.07,0.32,0.07,0.03,0,117.0,640.0,747.0,388.0,98.0,0,0,0.0,8.026183716534033e-06,2.0272319696400393e-06,2.0686040506531013e-08,99.58
31250380,남한산성면,0,33587833.17,0.41,0.34,0.21,0,391.0,1366.0,967.0,1279.0,322.0,0,0,0.0,3.807926499831484e-05,9.586804792382626e-06,0.0,99.04
31250540,경안동,1,3190224.36,9.58,7.96,2.03,0,8342.0,27303.0,7870.0,10928.0,2524.0,0,0,42.87,0.0034254644083921877,0.0007911669259500258,3.1345757763471705e-07,80.43
31250550,송정동,0,5083702.13,5.04,3.1,1.04,0,11013.0,38106.0,11653.0,7745.0,1387.0,0,0,38.34,0.0015234960274875047,0.00027283266496128713,0.0,90.82
4161053000,Unknown,0,,,,,0,,,,,,0,0,,,,,
31260110,백석읍,0,41108469.2,1.12,1.31,0.21,0,4270.0,15266.0,7226.0,9921.0,1979.0,0,0,62.2,0.00024133713059783764,4.814093150419521e-05,0.0,97.36
31260310,은현면,0,34576470.84,1.09,1.42,0.34,0,547.0,3373.0,2301.0,11329.0,1750.0,0,0,6.65,0.0003276505590296017,5.061245284683582e-05,0.0,97.15
31260320,남면,0,36438624.18,1.02,0.98,0.23,0,882.0,3913.0,2455.0,9247.0,1313.0,0,0,14.14,0.00025376918607900804,3.603319361108874e-05,0.0,97.77
31260330,광적면,0,48417051.22,0.72,1.19,0.1,0,1672.0,7024.0,3579.0,13328.0,2258.0,0,0,34.86,0.0002752749220401045,4.663646263254472e-05,0.0,97.99
31260340,장흥면,0,63881310.77,0.53,0.72,0.27,0,1110.0,5216.0,3995.0,5884.0,1150.0,0,0,37.92,9.210831664340752e-05,1.800213530590052e-05,0.0,98.48
31260510,양주1동,1,23657375.12,0.91,0.72,0.16,0,541.0,2915.0,2113.0,4695.0,866.0,0,0,29.22,0.00019845819648980632,3.660592080088866e-05,4.2270116398254806e-08,98.21
31260520,양주2동,0,19084782.97,1.53,2.46,0.42,0,12972.0,29115.0,9210.0,11677.0,2619.0,0,0,92.71,0.0006118487183401218,0.00013722975022118514,0.0,95.59
31260530,회천1동,1,10544542.36,1.61,2.15,0.64,0,1470.0,6132.0,2358.0,6377.0,1231.0,0,0,57.93,0.0006047678298666299,0.00011674285691795851,9.483578953530343e-08,95.6
31260540,회천2동,2,11170678.4,2.25,2.97,0.4,0,4951.0,16601.0,5911.0,8525.0,1604.0,0,0,63.31,0.0007631586636665117,0.0001435902048705085,1.790401556988884e-07,94.38
31260550,회천3동,1,3567698.4,3.02,2.52,1.38,0,6512.0,17079.0,4771.0,4077.0,985.0,0,0,92.95,0.001142753546653095,0.0002760883599345839,2.8029275120262326e-07,93.08
31260560,회천4동,0,17814533.75,0.82,1.43,0.34,0,8819.0,22652.0,5363.0,6246.0,1400.0,0,0,95.55,0.00035061260023134166,7.858751846363727e-05,0.0,97.41
31270110,소흘읍,0,46074496.01,1.44,2.42,0.26,0,8513.0,27170.0,9085.0,19865.0,4454.0,0,0,62.18,0.00043114958860720245,9.6669532728743e-05,0.0,95.88
31270310,군내면,0,36159274.91,0.96,1.18,0.19,0,1228.0,5003.0,2514.0,8212.0,1073.0,0,0,34.66,0.00022710632390824482,2.9674267602721223e-05,0.0,97.67
31270320,내촌면,0,52660735.22,0.45,0.69,0.09,0,361.0,2529.0,1772.0,8279.0,1402.0,0,0,1.2,0.0001572139083400824,2.6623251539170856e-05,0.0,98.77
31270330,가산면,0,35747574.3,0.9,2.01,0.17,0,681.0,4413.0,2681.0,16278.0,2821.0,0,0,0.85,0.00045535956827133436,7.891444539215101e-05,0.0,96.92
31270340,신북면,0,95574185.0,0.56,0.48,0.14,0,1790.0,7069.0,3734.0,7923.0,1041.0,0,0,34.82,8.289895435675618e-05,1.0892062537597271e-05,0.0,98.82
31270350,창수면,0,71451601.14,0.26,0.31,0.13,0,154.0,961.0,1088.0,1473.0,199.0,0,0,2.87,2.0615353281078255e-05,2.7851020386521203e-06,0.0,99.3
31270360,영중면,0,61127861.02,0.61,0.57,0.15,0,504.0,2373.0,2069.0,3422.0,571.0,0,0,1.63,5.5981019831199716e-05,9.341076073528649e-06,0.0,98.67
31270370,일동면,0,83219570.75,0.75,0.42,0.16,0,1278.0,4711.0,3501.0,3486.0,924.0,0,0,12.0,4.188918506287274e-05,1.1103157486544581e-05,0.0,98.67
31270380,이동면,0,112694214.18,0.33,0.25,0.09,0,926.0,3184.0,1993.0,1925.0,511.0,0,0,19.5,1.7081622282091048e-05,4.534394278518715e-06,0.0,99.33
31270390,영북면,0,81783769.89,0.58,0.43,0.09,0,1143.0,4325.0,3139.0,2723.0,853.0,0,0,21.72,3.3295114711172275e-05,1.0429942287414598e-05,0.0,98.9
31270400,관인면,0,70004903.26,0.39,0.26,0.09,0,224.0,1213.0,1398.0,648.0,183.0,0,0,1.51,9.256494471440362e-06,2.6141026053604728e-06,0.0,99.26
31270410,화현면,0,43455300.95,0.48,0.45,0.12,0,372.0,1388.0,998.0,2391.0,290.0,0,0,21.37,5.5022055945500236e-05,6.6735241422815015e-06,0.0,98.95
31270510,포천동,0,11332308.02,2.96,2.42,0.6,0,3261.0,10826.0,4387.0,7657.0,1751.0,0,0,42.71,0.0006756787749220783,0.0001545139786977353,0.0,94.02
31270520,선단동,0,23872168.09,1.21,1.85,0.42,0,2038.0,8986.0,3396.0,11639.0,1733.0,0,0,8.62,0.0004875552130881098,7.25949982199239e-05,0.0,96.52
31280110,가남읍,0,75084134.92,1.15,0.74,0.19,0,2432.0,8615.0,4484.0,8665.0,1162.0,0,0,38.76,0.00011540387339124512,1.547597240399617e-05,0.0,97.92
31280310,점동면,0,71684320.31,0.67,0.27,0.14,0,474.0,2089.0,2044.0,2593.0,357.0,0,0,0.0,3.6172484983970944e-05,4.980168584372398e-06,0.0,98.92
31280330,흥천면,0,44058936.83,1.09,0.57,0.19,0,478.0,2346.0,2212.0,1347.0,296.0,0,0,0.0,3.057268506494042e-05,6.7182737781903225e-06,0.0,98.15
31280340,금사면,0,41666524.3,0.7,0.26,0.1,0,236.0,1327.0,1408.0,697.0,203.0,0,0,0.0,1.672805715642168e-05,4.87201664670531e-06,0.0,98.94
4167034000,Unknown,0,,,,,0,,,,,,0,0,,,,,
31280360,대신면,0,75751818.47,0.89,0.51,0.49,0,714.0,3255.0,3207.0,1745.0,404.0,0,0,3.08,2.30357506294168e-05,5.333205303314835e-06,0.0,98.11
31280370,북내면,0,65595505.67,0.72,0.29,0.22,0,546.0,2376.0,2031.0,2369.0,321.0,0,0,0.0,3.6115279176559456e-05,4.89362795089725e-06,0.0,98.77
31280380,강천면,0,74215231.08,0.54,0.15,0.42,0,400.0,2013.0,1724.0,1943.0,239.0,0,0,0.0,2.6180609717502456e-05,3.2203632128065296e-06,0.0,98.89
31280350,산북면,0,32597466.85,0.78,0.28,0.12,0,286.0,1170.0,1130.0,901.0,186.0,0,0,0.0,2.7640184562369564e-05,5.7059648486134726e-06,0.0,98.82
31280510,여흥동,1,38700475.82,1.72,1.26,0.36,0,3814.0,13008.0,5256.0,12386.0,2315.0,0,0,46.19,0.00032004774457051625,5.981838597454748e-05,2.5839475582957876e-08,96.66
31280520,중앙동,1,17769836.58,1.86,2.06,0.89,0,3833.0,10967.0,3858.0,7723.0,1655.0,0,0,51.9,0.0004346128882630194,9.313535285190951e-05,5.6275137674869795e-08,95.19
31280530,오학동,0,16812255.61,1.82,1.26,0.39,0,3713.0,10209.0,2963.0,3885.0,1022.0,0,0,56.02,0.00023108142596207467,6.078898773056379e-05,0.0,96.53
31550110,연천읍,0,15719304.26,6.52,4.73,1.38,0,4554.34,14802.17,4576.59,9644.0,1551.37,0,0,54.87,0.0006135131581194971,9.869202697136501e-05,0.0,87.37
31550120,전곡읍,0,15719304.26,6.52,4.73,1.38,0,4554.34,14802.17,4576.59,9644.0,1551.37,0,0,54.87,0.0006135131581194971,9.869202697136501e-05,0.0,87.37
31550310,군남면,0,15719304.26,6.52,4.73,1.38,0,4554.34,14802.17,4576.59,9644.0,1551.37,0,0,54.87,0.0006135131581194971,9.869202697136501e-05,0.0,87.37
31550320,청산면,0,15719304.26,6.52,4.73,1.38,0,4554.34,14802.17,4576.59,9644.0,1551.37,0,0,54.87,0.0006135131581194971,9.869202697136501e-05,0.0,87.37
31550330,백학면,0,15719304.26,6.52,4.73,1.38,0,4554.34,14802.17,4576.59,9644.0,1551.37,0,0,54.87,0.0006135131581194971,9.869202697136501e-05,0.0,87.37
31550340,미산면,0,15719304.26,6.52,4.73,1.38,0,4554.34,14802.17,4576.59,9644.0,1551.37,0,0,54.87,0.0006135131581194971,9.869202697136501e-05,0.0,87.37
31550350,왕징면,0,15719304.26,6.52,4.73,1.38,0,4554.34,14802.17,4576.59,9644.0,1551.37,0,0,54.87,0.0006135131581194971,9.869202697136501e-05,0.0,87.37
31550360,신서면,0,15719304.26,6.52,4.73,1.38,0,4554.34,14802.17,4576.59,9644.0,1551.37,0,0,54.87,0.0006135131581194971,9.869202697136501e-05,0.0,87.37
31550370,중면,0,15719304.26,6.52,4.73,1.38,0,4554.34,14802.17,4576.59,9644.0,1551.37,0,0,54.87,0.0006135131581194971,9.869202697136501e-05,0.0,87.37
31550380,장남면,0,15719304.26,6.52,4.73,1.38,0,4554.34,14802.17,4576.59,9644.0,1551.37,0,0,54.87,0.0006135131581194971,9.869202697136501e-05,0.0,87.37
31570110,가평읍,1,15719304.26,6.52,4.73,1.38,0,4554.34,14802.17,4576.59,9644.0,1551.37,0,0,54.87,0.0006135131581194971,9.869202697136501e-05,6.361604708829294e-08,87.37
31570310,설악면,0,15719304.26,6.52,4.73,1.38,0,4554.34,14802.17,4576.59,9644.0,1551.37,0,0,54.87,0.0006135131581194971,9.869202697136501e-05,0.0,87.37
31570320,청평면,3,15719304.26,6.52,4.73,1.38,0,4554.34,14802.17,4576.59,9644.0,1551.37,0,0,54.87,0.0006135131581194971,9.869202697136501e-05,1.9084814126487882e-07,87.37
31570330,상면,0,15719304.26,6.52,4.73,1.38,0,4554.34,14802.17,4576.59,9644.0,1551.37,0,0,54.87,0.0006135131581194971,9.869202697136501e-05,0.0,87.37
31570360,조종면,0,15719304.26,6.52,4.73,1.38,0,4554.34,14802.17,4576.59,9644.0,1551.37,0,0,54.87,0.0006135131581194971,9.869202697136501e-05,0.0,87.37
31570350,북면,0,15719304.26,6.52,4.73,1.38,0,4554.34,14802.17,4576.59,9644.0,1551.37,0,0,54.87,0.0006135131581194971,9.869202697136501e-05,0.0,87.37
31580110,양평읍,3,15719304.26,6.52,4.73,1.38,0,4554.34,14802.17,4576.59,9644.0,1551.37,1,3,54.87,0.0006135131581194971,9.869202697136501e-05,1.9084814126487882e-07,87.37
31580310,강상면,0,15719304.26,6.52,4.73,1.38,0,4554.34,14802.17,4576.59,9644.0,1551.37,0,0,54.87,0.0006135131581194971,9.869202697136501e-05,0.0,87.37
31580320,강하면,0,15719304.26,6.52,4.73,1.38,0,4554.34,14802.17,4576.59,9644.0,1551.37,0,0,54.87,0.0006135131581194971,9.869202697136501e-05,0.0,87.37
31580330,양서면,3,15719304.26,6.52,4.73,1.38,0,4554.34,14802.17,4576.59,9644.0,1551.37,0,0,54.87,0.0006135131581194971,9.869202697136501e-05,1.9084814126487882e-07,87.37
31580340,옥천면,1,15719304.26,6.52,4.73,1.38,0,4554.34,14802.17,4576.59,9644.0,1551.37,0,0,54.87,0.0006135131581194971,9.869202697136501e-05,6.361604708829294e-08,87.37
31580350,서종면,0,15719304.26,6.52,4.73,1.38,0,4554.34,14802.17,4576.59,9644.0,1551.37,0,0,54.87,0.0006135131581194971,9.869202697136501e-05,0.0,87.37
31580360,단월면,0,15719304.26,6.52,4.73,1.38,0,4554.34,14802.17,4576.59,9644.0,1551.37,0,0,54.87,0.0006135131581194971,9.869202697136501e-05,0.0,87.37
31580370,청운면,0,15719304.26,6.52,4.73,1.38,0,4554.34,14802.17,4576.59,9644.0,1551.37,0,0,54.87,0.0006135131581194971,9.869202697136501e-05,0.0,87.37
31580380,양동면,0,15719304.26,6.52,4.73,1.38,0,4554.34,14802.17,4576.59,9644.0,1551.37,0,0,54.87,0.0006135131581194971,9.869202697136501e-05,0.0,87.37
31580390,지평면,1,15719304.26,6.52,4.73,1.38,0,4554.34,14802.17,4576.59,9644.0,1551.37,0,2,54.87,0.0006135131581194971,9.869202697136501e-05,6.361604708829294e-08,87.37
31580400,용문면,1,15719304.26,6.52,4.73,1.38,0,4554.34,14802.17,4576.59,9644.0,1551.37,0,3,54.87,0.0006135131581194971,9.869202697136501e-05,6.361604708829294e-08,87.37
31580410,개군면,1,15719304.26,6.52,4.73,1.38,0,4554.34,14802.17,4576.59,9644.0,1551.37,0,0,54.87,0.0006135131581194971,9.869202697136501e-05,6.361604708829294e-08,87.37
