dong_code,dong_name,station_count_준고속철도,station_count_2023_준고속철도,행정동전체면적_m2_x,상업업무지역비율_pct_x,공공시설지역비율_pct_x,주거지역비율_pct_x,행정동전체면적_m2_y,상업업무지역비율_pct_y,공공시설지역비율_pct_y,주거지역비율_pct_y,station_count_고속철도,station_count_2023_고속철도,pop_0_19_x,pop_20_59_x,pop_60_plus_x,worker_count_x,business_count_x,아파트비율_퍼센트_x,아파트비율_퍼센트_y,station_count_2023_일반철도,station_count_지하철,station_count_2023_지하철,pop_0_19_y,pop_20_59_y,pop_60_plus_y,worker_count_y,business_count_y,station_count_일반철도
11010530,사직동,0,0,1158554.800976358,16.682972835546497,21.767235045305416,31.30832825401626,1158554.800976358,16.682972835546497,21.767235045305416,31.30832825401626,0,0,1123,5344,2531,57319,4855,59.92,59.92,0,6,6,1123,5344,2531,57319,4855,0
11010540,삼청동,0,0,1477215.8756095318,0.7373116375292966,9.147707558070946,22.157067508660703,1477215.8756095318,0.7373116375292966,9.147707558070946,22.157067508660703,0,0,249,1188,811,5068,992,0.0,0.0,0,1,1,249,1188,811,5068,992,0
11010550,부암동,0,0,2274776.334630955,0.45529283219307,0.0,33.642853176845186,2274776.334630955,0.45529283219307,0.0,33.642853176845186,0,0,1196,5294,2595,3959,894,4.06,4.06,0,0,0,1196,5294,2595,3959,894,0
11010560,평창동,0,0,8947475.944916083,1.1583238780192229,0.1210380606471992,16.12271239391781,8947475.944916083,1.1583238780192229,0.1210380606471992,16.12271239391781,0,0,2534,9706,5147,4246,1300,17.64,17.64,0,0,0,2534,9706,5147,4246,1300,0
11010570,무악동,0,0,369526.4515600449,0.0,0.0044918897419888,50.31261033585815,369526.4515600449,0.0,0.0044918897419888,50.31261033585815,0,0,1471,4371,2119,1424,362,95.16,95.16,0,1,1,1471,4371,2119,1424,362,0
11010580,교남동,0,0,346931.2833146141,11.07290870018735,5.999084409702162,60.02060914861778,346931.2833146141,11.07290870018735,5.999084409702162,60.02060914861778,0,0,1527,5870,2318,7053,566,65.34,65.34,0,2,2,1527,5870,2318,7053,566,0
11010600,가회동,0,0,540013.3441710233,5.92719465558772,9.452727725814484,53.61008028137546,540013.3441710233,5.92719465558772,9.452727725814484,53.61008028137546,0,0,462,2232,1166,8964,959,0.0,0.0,0,1,1,462,2232,1166,8964,959,0
11010610,종로1·2·3·4가동,0,0,2417179.0435193316,34.39623010243377,1.598425945302508,11.625526789138966,2417179.0435193316,34.39623010243377,1.598425945302508,11.625526789138966,0,0,374,3886,2423,111951,16483,60.86,60.86,0,15,15,374,3886,2423,111951,16483,0
11010630,종로5·6가동,0,0,603176.7254881964,54.97624786244153,2.536490283085538,20.004936425728697,603176.7254881964,54.97624786244153,2.536490283085538,20.004936425728697,0,0,359,3497,1528,20911,7290,32.33,32.33,0,8,8,359,3497,1528,20911,7290,0
11010640,이화동,0,0,782407.7643301545,9.853481271150354,26.3961481185314,40.088461849644915,782407.7643301545,9.853481271150354,26.3961481185314,40.088461849644915,0,0,487,4510,1902,18513,1761,7.4,7.4,0,3,3,487,4510,1902,18513,1761,0
11010670,창신1동,0,0,305150.31326511275,39.449131827698906,0.0,38.09613508415773,305150.31326511275,39.449131827698906,0.0,38.09613508415773,0,0,280,2483,1758,5212,2331,51.94,51.94,0,8,8,280,2483,1758,5212,2331,0
11010680,창신2동,0,0,257519.3012519697,0.0,0.5134120672630001,92.7494719283576,257519.3012519697,0.0,0.5134120672630001,92.7494719283576,0,0,495,4317,2698,1921,1011,13.61,13.61,0,5,5,495,4317,2698,1921,1011,0
11010690,창신3동,0,0,216839.02271625292,0.0,0.0,91.14262813205367,216839.02271625292,0.0,0.0,91.14262813205367,0,0,708,3708,1929,1152,382,80.14,80.14,0,3,3,708,3708,1929,1152,382,0
11010700,숭인1동,0,0,239400.01273849377,0.5332425615424993,0.0,71.08689656085035,239400.01273849377,0.5332425615424993,0.0,71.08689656085035,0,0,533,3426,1823,1892,689,40.6,40.6,0,5,5,533,3426,1823,1892,689,0
11010710,숭인2동,0,0,351912.03285201045,41.59908356947392,0.0,38.75549018737657,351912.03285201045,41.59908356947392,0.0,38.75549018737657,0,0,487,6829,2505,5611,2239,52.75,52.75,0,6,6,487,6829,2505,5611,2239,0
11010720,청운효자동,0,0,2570520.16850812,2.21127230575232,0.0,24.805265033914026,2570520.16850812,2.21127230575232,0.0,24.805265033914026,0,0,1680,6719,2950,5330,1462,5.93,5.93,0,1,1,1680,6719,2950,5330,1462,0
11010730,혜화동,0,0,1132439.6073214295,2.6899751153836795,0.581464964834818,51.66676177310262,1132439.6073214295,2.6899751153836795,0.581464964834818,51.66676177310262,0,0,1693,10547,3629,8696,2246,17.4,17.4,0,2,2,1693,10547,3629,8696,2246,0
11020520,소공동,0,0,943810.4760997704,37.378983954393206,23.784820150202567,1.1141098998446044,943810.4760997704,37.378983954393206,23.784820150202567,1.1141098998446044,0,0,289,1501,395,68391,4702,96.49,96.49,0,8,8,289,1501,395,68391,4702,0
11020540,회현동,1,1,897841.8955781834,37.78877322421309,10.82646226470141,16.115547209658583,897841.8955781834,37.78877322421309,10.82646226470141,16.115547209658583,3,3,365,2274,1755,48793,8489,67.66,67.66,4,10,10,365,2274,1755,48793,8489,4
11020550,명동,0,0,969618.2272092276,57.97999882059185,7.307662470944071,10.403102052890112,969618.2272092276,57.97999882059185,7.307662470944071,10.403102052890112,0,0,170,1481,944,140423,8437,46.02,46.02,0,15,15,170,1481,944,140423,8437,0
11020570,필동,0,0,1464710.152084539,5.867950769577224,8.679950020518042,17.99261641603558,1464710.152084539,5.867950769577224,8.679950020518042,17.99261641603558,0,0,336,2488,1188,26509,3505,46.24,46.24,0,8,8,336,2488,1188,26509,3505,0
11020580,장충동,0,0,1017941.3323766872,7.717093353901861,24.93483969022728,20.025563876040444,1017941.3323766872,7.717093353901861,24.93483969022728,20.025563876040444,0,0,390,3009,1149,7456,950,8.01,8.01,0,13,13,390,3009,1149,7456,950,0
11020590,광희동,0,0,737215.7623067346,42.4070972697937,15.60932912440924,18.517912091305355,737215.7623067346,42.4070972697937,15.60932912440924,18.517912091305355,0,0,307,3911,1572,33150,8662,75.61,75.61,0,16,16,307,3911,1572,33150,8662,0
11020600,을지로동,0,0,611661.3136258341,64.7378289900747,3.580499664417385,10.476908743678196,611661.3136258341,64.7378289900747,3.580499664417385,10.476908743678196,0,0,205,2115,708,31160,8714,90.3,90.3,0,16,16,205,2115,708,31160,8714,0
11020650,신당5동,0,0,319711.38182085287,12.776357234533716,3.647234713256111,57.45213333748267,319711.38182085287,12.776357234533716,3.647234713256111,57.45213333748267,0,0,966,6445,2750,4180,1574,67.33,67.33,0,5,5,966,6445,2750,4180,1574,0
11020670,황학동,0,0,328644.97288564825,5.328649513860011,0.0,63.93175243337601,328644.97288564825,5.328649513860011,0.0,63.93175243337601,0,0,1106,8648,2943,5479,2417,72.45,72.45,0,8,8,1106,8648,2943,5479,2417,0
11020680,중림동,1,1,484392.1287286732,13.207238605865395,11.645429576075106,45.86881955468192,484392.1287286732,13.207238605865395,11.645429576075106,45.86881955468192,3,3,1648,7373,3127,7672,1248,81.33,81.33,4,9,9,1648,7373,3127,7672,1248,4
11020690,신당동,0,0,534950.3122325494,35.103594260237394,3.0433346238877874,29.394183190903583,534950.3122325494,35.103594260237394,3.0433346238877874,29.394183190903583,0,0,464,4781,2172,22759,11624,34.32,34.32,0,11,11,464,4781,2172,22759,11624,0
11020700,다산동,0,0,523979.23172739433,3.4182573973109003,0.0,71.06918481961887,523979.23172739433,3.4182573973109003,0.0,71.06918481961887,0,0,1128,8160,4032,8772,2049,11.2,11.2,0,9,9,1128,8160,4032,8772,2049,0
11020710,약수동,0,0,486240.6142702844,0.5460865905646617,0.0,63.815548868705704,486240.6142702844,0.5460865905646617,0.0,63.815548868705704,0,0,1715,8907,5486,4279,1215,81.68,81.68,0,5,5,1715,8907,5486,4279,1215,0
11020720,청구동,0,0,342576.2664663504,1.1934537379849084,0.0,70.68559919203362,342576.2664663504,1.1934537379849084,0.0,70.68559919203362,0,0,1364,7513,4094,4672,1235,78.35,78.35,0,5,5,1364,7513,4094,4672,1235,0
11020730,동화동,0,0,327050.78999521595,8.918007487317151,0.0,61.99371645670155,327050.78999521595,8.918007487317151,0.0,61.99371645670155,0,0,1333,5632,2973,4177,1255,82.66,82.66,0,5,5,1333,5632,2973,4177,1255,0
11030510,후암동,1,1,865906.0371970655,2.964512171407678,5.626617565305347,53.30950747702919,865906.0371970655,2.964512171407678,5.626617565305347,53.30950747702919,3,3,1794,9892,4312,4775,1277,11.09,11.09,4,5,5,1794,9892,4312,4775,1277,4
11030520,용산2가동,0,0,1966884.868783935,0.0,0.8816204291546406,14.13112107973008,1966884.868783935,0.0,0.8816204291546406,14.13112107973008,0,0,696,5431,2785,2067,734,10.37,10.37,0,2,2,696,5431,2785,2067,734,0
11030530,남영동,1,1,1177807.8694614836,11.209789760637364,14.526811430515629,17.77988884539646,1177807.8694614836,11.209789760637364,14.526811430515629,17.77988884539646,3,3,353,4071,2405,18878,1919,25.21,25.21,4,8,8,353,4071,2405,18878,1919,4
11030570,원효로2동,0,0,708986.8392685908,9.089065537449,6.380348821940244,47.70306956913794,708986.8392685908,9.089065537449,6.380348821940244,47.70306956913794,3,3,1710,8428,3498,5282,1262,64.98,64.98,4,5,5,1710,8428,3498,5282,1262,4
11030580,효창동,0,0,446193.3163355488,0.0,29.55774616525133,56.70361875473529,446193.3163355488,0.0,29.55774616525133,56.70361875473529,0,0,1428,6916,2341,2158,703,49.68,49.68,0,6,6,1428,6916,2341,2158,703,0
11030590,용문동,0,0,277535.98660255445,0.0,0.1333922457198611,87.03683775107413,277535.98660255445,0.0,0.1333922457198611,87.03683775107413,0,0,1266,6995,3146,2096,850,52.39,52.39,0,6,6,1266,6995,3146,2096,850,0
11030630,이촌1동,0,0,2872813.4483326273,0.0,9.567766903215498,18.999178061714044,2872813.4483326273,0.0,9.567766903215498,18.999178061714044,0,0,4807,14024,6102,4075,1469,99.75,99.75,0,6,6,4807,14024,6102,4075,1469,0
11030640,이촌2동,0,0,1205563.1389303654,0.2488654900398092,12.02954839251943,12.150064851240876,1205563.1389303654,0.2488654900398092,12.02954839251943,12.150064851240876,0,0,868,4529,2471,1085,478,84.42,84.42,0,1,1,868,4529,2471,1085,478,0
11030650,이태원1동,0,0,582908.090571484,11.66396271552186,0.0,64.0376342851022,582908.090571484,11.66396271552186,0.0,64.0376342851022,0,0,443,3682,1895,7749,1838,32.25,32.25,0,2,2,443,3682,1895,7749,1838,0
11030660,이태원2동,0,0,874257.6690967019,2.155041956651764,0.2095876483195731,50.93705941605896,874257.6690967019,2.155041956651764,0.2095876483195731,50.93705941605896,0,0,767,5431,2465,3032,1064,23.37,23.37,0,3,3,767,5431,2465,3032,1064,0
11030690,서빙고동,0,0,2821993.993369319,3.0568610564971825,16.657262183027115,15.84996784988487,2821993.993369319,3.0568610564971825,16.657262183027115,15.84996784988487,0,0,2031,7294,3107,4650,721,61.78,61.78,0,5,5,2031,7294,3107,4650,721,0
11030700,보광동,0,0,715107.8695625416,0.0,0.0,59.15729715228251,715107.8695625416,0.0,0.0,59.15729715228251,0,0,801,6762,3584,1821,882,22.14,22.14,0,2,2,801,6762,3584,1821,882,0
11030710,청파동,1,1,886199.2192255587,2.276801483172248,2.541005102832958,66.89574700852134,886199.2192255587,2.276801483172248,2.541005102832958,66.89574700852134,3,3,1459,12679,4705,10412,2255,1.19,1.19,4,8,8,1459,12679,4705,10412,2255,4
11030720,원효로1동,0,0,589066.9613354369,17.119470705298166,0.0,60.34564970075341,589066.9613354369,17.119470705298166,0.0,60.34564970075341,3,3,2038,11901,3068,9884,2212,66.05,66.05,4,9,9,2038,11901,3068,9884,2212,4
11030730,한강로동,0,0,2869863.0777262957,11.585743673550535,5.023447757404803,19.202372547879115,2869863.0777262957,11.585743673550535,5.023447757404803,19.202372547879115,3,3,2208,14078,4730,53052,6011,81.55,81.55,4,10,10,2208,14078,4730,53052,6011,4
11030740,한남동,0,0,3031946.649751249,5.829631320729805,3.78569295766162,36.65030388455984,3031946.649751249,5.829631320729805,3.78569295766162,36.65030388455984,0,0,2040,11005,4710,21222,3387,54.34,54.34,0,6,6,2040,11005,4710,21222,3387,0
11040520,왕십리2동,0,0,372431.5358679683,1.194970306261132,0.0,84.1646399771685,372431.5358679683,1.194970306261132,0.0,84.1646399771685,0,0,2113,9953,4029,2409,1117,81.3,81.3,0,7,7,2113,9953,4029,2409,1117,0
11040540,마장동,0,0,1035292.6513797712,10.840065453998395,5.946171831599051,55.881473721156596,1035292.6513797712,10.840065453998395,5.946171831599051,55.881473721156596,0,0,2387,13279,5907,12105,3557,63.24,63.24,0,7,7,2387,13279,5907,12105,3557,0
11040550,사근동,0,0,1169235.0445080935,0.1230107074498198,1.242500228524188,32.287057828996836,1169235.0445080935,0.1230107074498198,1.242500228524188,32.287057828996836,0,0,987,8867,2093,11029,1205,40.19,40.19,0,9,9,987,8867,2093,11029,1205,0
11040560,행당1동,0,0,573574.9809678432,3.703094730475192,2.7252252920134805,74.10796089437045,573574.9809678432,3.703094730475192,2.7252252920134805,74.10796089437045,0,0,1828,8626,3231,9568,1543,80.32,80.32,0,9,9,1828,8626,3231,9568,1543,0
11040570,행당2동,0,0,457676.35029529734,0.0,0.0,75.42636971151879,457676.35029529734,0.0,0.0,75.42636971151879,0,0,3435,13558,5858,2131,930,95.74,95.74,0,8,8,3435,13558,5858,2131,930,0
11040580,응봉동,0,0,553593.405067209,0.0,0.0,51.47865903649945,553593.405067209,0.0,0.0,51.47865903649945,0,0,2460,8812,3669,1006,553,73.28,73.28,0,2,2,2460,8812,3669,1006,553,0
11040590,금호1가동,0,0,445441.2552072105,0.0,0.0,70.22701717941048,445441.2552072105,0.0,0.0,70.22701717941048,0,0,2104,8632,4009,2109,870,85.05,85.05,0,3,3,2104,8632,4009,2109,870,0
11040620,금호4가동,0,0,831854.6633286197,0.0,0.0,37.31073318248049,831854.6633286197,0.0,0.0,37.31073318248049,0,0,2115,8371,3668,2271,943,85.6,85.6,0,4,4,2115,8371,3668,2271,943,0
11040650,성수1가1동,0,0,1885905.3680388096,4.1677328360237215e-05,23.910607334506825,26.46737762875801,1885905.3680388096,4.1677328360237215e-05,23.910607334506825,26.46737762875801,0,0,1721,9794,3877,15977,2863,69.16,69.16,0,4,4,1721,9794,3877,15977,2863,0
11040660,성수1가2동,0,0,930100.6755726802,1.1666219840497394,0.5123515145200652,42.426479980155264,930100.6755726802,1.1666219840497394,0.5123515145200652,42.426479980155264,0,0,1339,7648,2956,28072,4557,66.72,66.72,0,4,4,1339,7648,2956,28072,4557,0
11040670,성수2가1동,0,0,1184983.6531807447,3.017425574101958,5.776485141061469,31.332805468557396,1184983.6531807447,3.017425574101958,5.776485141061469,31.332805468557396,0,0,1299,8743,4563,17452,3164,46.49,46.49,0,1,1,1299,8743,4563,17452,3164,0
11040680,성수2가3동,0,0,1054518.4597514926,26.096559543855207,0.0,24.714436647141476,1054518.4597514926,26.096559543855207,0.0,24.714436647141476,0,0,944,6387,2716,62482,7704,67.17,67.17,0,3,3,944,6387,2716,62482,7704,0
11040690,송정동,0,0,681926.675219386,0.0,0.0,39.68629022510803,681926.675219386,0.0,0.0,39.68629022510803,0,0,857,6009,2854,2756,913,34.92,34.92,0,1,1,857,6009,2854,2756,913,0
11040700,용답동,0,0,2377186.3966083,6.573120432328906,8.213054275182623,11.89447194815815,2377186.3966083,6.573120432328906,8.213054275182623,11.89447194815815,0,0,821,8046,3172,11442,2317,24.56,24.56,0,5,5,821,8046,3172,11442,2317,0
11040710,왕십리도선동,0,0,710297.0156139513,5.862489156908189,2.3726571532101803,74.78516747361468,710297.0156139513,5.862489156908189,2.3726571532101803,74.78516747361468,0,0,3606,16714,5949,10293,3148,86.54,86.54,0,10,10,3606,16714,5949,10293,3148,0
11040720,금호2·3가동,0,0,631206.2289360657,0.0,2.30141529567724,77.36548764526684,631206.2289360657,0.0,2.30141529567724,77.36548764526684,0,0,2832,13347,5774,2969,1422,68.77,68.77,0,2,2,2832,13347,5774,2969,1422,0
11040730,옥수동,0,0,1922203.1721744211,0.0,0.0,29.32651114069723,1922203.1721744211,0.0,0.0,29.32651114069723,0,0,3896,15232,6274,4729,1361,95.95,95.95,0,4,4,3896,15232,6274,4729,1361,0
11050530,화양동,0,0,1136335.576785331,4.5183502888975,0.0,41.214152658693926,1136335.576785331,4.5183502888975,0.0,41.214152658693926,0,0,916,19028,3249,16150,2999,28.52,28.52,0,4,4,916,19028,3249,16150,2999,0
11050540,군자동,0,0,738037.4710945713,0.4542484943248158,0.0,67.45856005273303,738037.4710945713,0.4542484943248158,0.0,67.45856005273303,0,0,1578,12833,4659,9773,2286,16.8,16.8,0,3,3,1578,12833,4659,9773,2286,0
11050550,중곡1동,0,0,614514.7898448854,2.7791605722469965,2.7373854995822073,56.75565000324606,614514.7898448854,2.7791605722469965,2.7373854995822073,56.75565000324606,0,0,1235,10124,3880,6454,1977,10.82,10.82,0,3,3,1235,10124,3880,6454,1977,0
11050560,중곡2동,0,0,545550.9442046662,0.0,0.0006951495341933,75.64041063834169,545550.9442046662,0.0,0.0006951495341933,75.64041063834169,0,0,2070,13139,5312,7667,2133,5.88,5.88,0,4,4,2070,13139,5312,7667,2133,0
11050570,중곡3동,0,0,601876.0500341719,0.8518824847258214,6.81880251803018,62.26534015573462,601876.0500341719,0.8518824847258214,6.81880251803018,62.26534015573462,0,0,1442,9782,4503,5696,1537,11.74,11.74,0,2,2,1442,9782,4503,5696,1537,0
11050580,중곡4동,0,0,2313505.9769072123,0.335727016810377,0.0,25.052258345582533,2313505.9769072123,0.335727016810377,0.0,25.052258345582533,0,0,2677,16666,8251,4421,1692,4.16,4.16,0,3,3,2677,16666,8251,4421,1692,0
11050590,능동,0,0,1092122.6180825029,0.0,0.0,13.399897950824782,1092122.6180825029,0.0,0.0,13.399897950824782,0,0,924,7760,2413,6811,1146,1.39,1.39,0,4,4,924,7760,2413,6811,1146,0
11050600,구의1동,0,0,595014.1374442762,1.2509222943796905,0.0,77.30239869111102,595014.1374442762,1.2509222943796905,0.0,77.30239869111102,0,0,2022,16006,5099,6825,2280,16.86,16.86,0,1,1,2022,16006,5099,6825,2280,0
11050610,구의2동,0,0,1388063.3041620322,0.7361176986208269,7.558800486768867,42.559011215033,1388063.3041620322,0.7361176986208269,7.558800486768867,42.559011215033,0,0,3452,15328,6830,5372,1652,20.31,20.31,0,2,2,3452,15328,6830,5372,1652,0
11050620,구의3동,0,0,1027578.0276492558,7.289499355232401,4.402275027722058,47.725321369732654,1027578.0276492558,7.289499355232401,4.402275027722058,47.725321369732654,0,0,3858,17322,6660,15629,3261,66.32,66.32,0,2,2,3858,17322,6660,15629,3261,0
11050630,광장동,0,0,2393800.147748933,8.197287843195358,0.1284919328048131,22.118008842833785,2393800.147748933,8.197287843195358,0.1284919328048131,22.118008842833785,0,0,7792,20057,6122,12054,2088,87.85,87.85,0,1,1,7792,20057,6122,12054,2088,0
11050640,자양1동,0,0,568877.0831126112,2.017567518662972,2.795829929196106,83.03102664982424,568877.0831126112,2.017567518662972,2.795829929196106,83.03102664982424,0,0,2101,14218,5514,10177,2067,16.51,16.51,0,1,1,2101,14218,5514,10177,2067,0
11050650,자양2동,0,0,1657549.845081507,0.280935056874246,19.56747136004779,28.521711911379683,1657549.845081507,0.280935056874246,19.56747136004779,28.521711911379683,0,0,2885,14363,6380,5573,1871,38.85,38.85,0,2,2,2885,14363,6380,5573,1871,0
11050660,자양3동,0,0,1196438.6389968407,0.0,15.381690455277116,34.089116201397204,1196438.6389968407,0.0,15.381690455277116,34.089116201397204,0,0,4368,16089,6764,7030,1809,82.56,82.56,0,4,4,4368,16089,6764,7030,1809,0
11050670,자양4동,0,0,1180042.0616848983,2.806360379747071,6.220232072995292,41.39618837159269,1180042.0616848983,2.806360379747071,6.220232072995292,41.39618837159269,0,0,1692,12336,5855,5834,2084,41.86,41.86,0,4,4,1692,12336,5855,5834,2084,0
11060710,회기동,0,0,766929.290029277,3.3479342498450757,4.973878849747091,36.50737488321012,766929.290029277,3.3479342498450757,4.973878849747091,36.50737488321012,0,0,1011,7323,2060,11644,1318,52.14,52.14,0,3,3,1011,7323,2060,11644,1318,0
11060720,휘경1동,0,0,521804.7611203385,9.05699750583583,0.0,65.00842517203125,521804.7611203385,9.05699750583583,0.0,65.00842517203125,0,0,1425,9274,3013,4043,1326,70.63,70.63,0,4,4,1425,9274,3013,4043,1326,0
11060730,휘경2동,0,0,1113627.0713122557,1.2460641050732577,6.924109990352406,43.74729996786697,1113627.0713122557,1.2460641050732577,6.924109990352406,43.74729996786697,0,0,2811,15554,5799,5215,1197,64.92,64.92,0,3,3,2811,15554,5799,5215,1197,0
11060800,청량리동,1,1,1204417.8325787669,1.761729550468676,20.32693195653999,43.236717471321846,1204417.8325787669,1.761729550468676,20.32693195653999,43.236717471321846,0,0,1544,9619,7579,7852,1796,63.34,63.34,3,4,4,1544,9619,7579,7852,1796,3
11060810,용신동,1,1,1618425.7646379196,10.800239182214511,1.869379515230555,57.49757586441344,1618425.7646379196,10.800239182214511,1.869379515230555,57.49757586441344,0,0,3883,25161,9366,28958,6720,65.02,65.02,3,9,9,3883,25161,9366,28958,6720,3
11060820,제기동,1,1,1181724.0284117644,5.866159275997195,0.5867288921354061,68.65119616815188,1181724.0284117644,5.866159275997195,0.5867288921354061,68.65119616815188,0,0,1962,13427,7625,11403,4980,40.15,40.15,3,7,7,1962,13427,7625,11403,4980,3
11060830,전농1동,1,1,1126713.7593756025,6.515586205332085,0.0,67.1178666051989,1126713.7593756025,6.515586205332085,0.0,67.1178666051989,0,0,4034,19379,8744,7609,2708,55.62,55.62,3,6,6,4034,19379,8744,7609,2708,3
11060840,전농2동,0,0,977583.5824758912,1.297235989625142,0.0,38.28646994907651,977583.5824758912,1.297235989625142,0.0,38.28646994907651,0,0,2542,9914,5502,4972,1234,85.04,85.04,0,3,3,2542,9914,5502,4972,1234,0
11060860,답십리2동,0,0,875759.2572025063,7.858221021807232,0.0,66.39820497207245,875759.2572025063,7.858221021807232,0.0,66.39820497207245,0,0,3298,15810,8405,8740,2603,84.26,84.26,0,2,2,3298,15810,8405,8740,2603,0
11060870,장안1동,0,0,1342189.4548280044,12.597011765452852,1.5158481745488923,52.31476374318365,1342189.4548280044,12.597011765452852,1.5158481745488923,52.31476374318365,0,0,4601,22705,10080,22014,5980,58.19,58.19,0,2,2,4601,22705,10080,22014,5980,0
11060880,장안2동,0,0,996656.4705691908,13.383766436147477,2.0982932251531703,60.709199812824025,996656.4705691908,13.383766436147477,2.0982932251531703,60.709199812824025,0,0,5336,19287,8069,11387,3477,61.59,61.59,0,0,0,5336,19287,8069,11387,3477,0
11060890,이문1동,0,0,1039619.5395760516,0.0,0.0,69.44068222691745,1039619.5395760516,0.0,0.0,69.44068222691745,0,0,1697,11662,4405,6706,1503,46.15,46.15,0,5,5,1697,11662,4405,6706,1503,0
11060900,이문2동,0,0,723901.6618488082,1.50105969811553,16.871690677099004,43.1267402805504,723901.6618488082,1.50105969811553,16.871690677099004,43.1267402805504,0,0,2578,11081,5741,2188,916,77.4,77.4,0,2,2,2578,11081,5741,2188,916,0
11060910,답십리1동,1,1,788254.717877253,6.541668836167054,6.723796324711892,64.5304351196569,788254.717877253,6.541668836167054,6.723796324711892,64.5304351196569,0,0,4187,17373,6283,9453,3471,81.92,81.92,3,6,6,4187,17373,6283,9453,3471,3
11070520,면목2동,1,1,763134.0168369715,6.9033586419269835,0.0,60.271590869434455,763134.0168369715,6.9033586419269835,0.0,60.271590869434455,0,0,2281,14007,7315,5735,2198,35.5,35.5,0,6,6,2281,14007,7315,5735,2198,0
11070540,면목4동,0,0,843480.1969283302,0.0,0.0,40.00632124636023,843480.1969283302,0.0,0.0,40.00632124636023,0,0,1945,10529,5681,5016,2463,52.11,52.11,0,2,2,1945,10529,5681,5016,2463,0
11070550,면목5동,0,0,704947.4097589744,13.278681166957448,0.0,39.78888395264069,704947.4097589744,13.278681166957448,0.0,39.78888395264069,0,0,2168,8723,3707,3117,1067,48.79,48.79,0,2,2,2168,8723,3707,3117,1067,0
11070570,면목7동,0,0,1235495.0687614398,1.3178094641474358,0.0,35.36057400166503,1235495.0687614398,1.3178094641474358,0.0,35.36057400166503,0,0,2096,12443,6686,4536,1767,49.43,49.43,0,2,2,2096,12443,6686,4536,1767,0
11070590,상봉1동,1,1,854232.7401767678,6.447591046476385,6.31303419093029,47.78554489788435,854232.7401767678,6.447591046476385,6.31303419093029,47.78554489788435,0,0,3235,13510,6449,6508,1750,66.99,66.99,0,7,7,3235,13510,6449,6508,1750,0
11070600,상봉2동,1,1,677456.2969585361,23.37028718006725,4.286411024647351,44.34835434187534,677456.2969585361,23.37028718006725,4.286411024647351,44.34835434187534,0,0,1389,14225,4690,9495,3249,39.73,39.73,0,8,8,1389,14225,4690,9495,3249,0
11070610,중화1동,1,1,641503.963037711,6.755965185873201,0.0,51.54129801406076,641503.963037711,6.755965185873201,0.0,51.54129801406076,0,0,2064,10888,5754,3586,1391,36.93,36.93,0,6,6,2064,10888,5754,3586,1391,0
11070620,중화2동,1,1,1016971.8298149866,13.254296033403868,0.5548701482740427,48.3341003709812,1016971.8298149866,13.254296033403868,0.5548701482740427,48.3341003709812,0,0,1853,14167,7833,6025,2237,13.51,13.51,0,7,7,1853,14167,7833,6025,2237,0
11070640,묵1동,0,0,1238456.2552937698,9.099186072212053,0.0004728763019137,45.24395101729207,1238456.2552937698,9.099186072212053,0.0004728763019137,45.24395101729207,0,0,4659,19911,9130,6227,2120,60.58,60.58,0,6,6,4659,19911,9130,6227,2120,0
11070650,묵2동,0,0,669214.4731845842,6.921182902633402,0.0830824293298832,50.31746748993778,669214.4731845842,6.921182902633402,0.0830824293298832,50.31746748993778,0,0,1816,10723,5522,4536,1788,30.57,30.57,0,6,6,1816,10723,5522,4536,1788,0
11070680,망우3동,0,0,962576.9602481752,0.4178542096998975,0.0,35.83875817442456,962576.9602481752,0.4178542096998975,0.0,35.83875817442456,0,0,1424,8925,5310,3717,1309,1.55,1.55,0,0,0,1424,8925,5310,3717,1309,0
11070690,신내1동,0,0,2606991.464700331,0.5031469574421892,3.233565916393874,24.425818647719503,2606991.464700331,0.5031469574421892,3.233565916393874,24.425818647719503,0,0,6093,20597,11076,15285,3047,87.59,87.59,1,7,7,6093,20597,11076,15285,3047,1
11070700,신내2동,0,0,911296.0387229904,1.5544822835297547,1.4865297792254926,33.64086367419604,911296.0387229904,1.5544822835297547,1.4865297792254926,33.64086367419604,0,0,2438,10939,6310,6553,1594,99.85,99.85,0,3,3,2438,10939,6310,6553,1594,0
11070710,면목본동,1,1,849032.5624465856,9.75612705483615,0.0,73.14350344315577,849032.5624465856,9.75612705483615,0.0,73.14350344315577,0,0,2819,20438,9534,7104,3015,12.3,12.3,0,5,5,2819,20438,9534,7104,3015,0
11070720,면목3·8동,0,0,1614802.3466951388,2.245223776962959,0.6391864193857608,32.20203272012424,1614802.3466951388,2.245223776962959,0.6391864193857608,32.20203272012424,0,0,2142,14415,7835,7438,2413,32.44,32.44,0,2,2,2142,14415,7835,7438,2413,0
11070730,망우본동,0,0,2948157.1126981364,1.8312640875707675,0.5638057815306824,25.489649738334,2948157.1126981364,1.8312640875707675,0.5638057815306824,25.489649738334,0,0,4652,21288,10521,12164,3913,60.39,60.39,1,5,5,4652,21288,10521,12164,3913,1
11080580,돈암1동,0,0,489303.5680115503,0.0664070702777336,1.6756123910362182,51.48531898256654,489303.5680115503,0.0664070702777336,1.6756123910362182,51.48531898256654,0,0,1739,8136,4390,2164,625,92.68,92.68,0,1,1,1739,8136,4390,2164,625,0
11080590,돈암2동,0,0,518516.70312956907,0.0,2.1370085872354365,76.52861469212183,518516.70312956907,0.0,2.1370085872354365,76.52861469212183,0,0,4249,13659,5518,2852,940,94.46,94.46,0,4,4,4249,13659,5518,2852,940,0
11080600,안암동,0,0,1379593.4729490285,0.1085418878359757,2.461399794149711,30.59758296011324,1379593.4729490285,0.1085418878359757,2.461399794149711,30.59758296011324,0,0,1093,10841,2981,14041,1839,35.17,35.17,0,9,9,1093,10841,2981,14041,1839,0
11080610,보문동,0,0,553015.2708159051,6.270546683590557,0.0,67.75590543772867,553015.2708159051,6.270546683590557,0.0,67.75590543772867,0,0,1935,10426,3809,5597,1587,60.1,60.1,0,10,10,1935,10426,3809,5597,1587,0
11080620,정릉1동,0,0,411972.0994256949,0.0,0.2173124047573147,82.84372300607006,411972.0994256949,0.0,0.2173124047573147,82.84372300607006,0,0,2847,10338,4592,2333,1084,78.01,78.01,0,3,3,2847,10338,4592,2333,1084,0
11080630,정릉2동,0,0,1094907.5154601943,8.034499388492162e-05,3.2240334628589144e-05,51.36679744549916,1094907.5154601943,8.034499388492162e-05,3.2240334628589144e-05,51.36679744549916,0,0,2836,13028,6685,3403,1332,38.21,38.21,0,2,2,2836,13028,6685,3403,1332,0
11080640,정릉3동,0,0,3327180.6493069315,1.5869316053325606,0.0,20.26243461771448,3327180.6493069315,1.5869316053325606,0.0,20.26243461771448,0,0,1345,9013,4577,5881,896,13.49,13.49,0,1,1,1345,9013,4577,5881,896,0
11080650,정릉4동,0,0,3570972.7601634436,1.0920877972330036,0.0,17.276427796497966,3570972.7601634436,1.0920877972330036,0.0,17.276427796497966,0,0,3161,13748,7118,5112,1474,56.91,56.91,0,2,2,3161,13748,7118,5112,1474,0
11080660,길음1동,0,0,797325.9038741692,2.434098146780481,2.978111219511786,77.24967790176387,797325.9038741692,2.434098146780481,2.978111219511786,77.24967790176387,0,0,7905,20125,6722,4178,1576,96.76,96.76,0,2,2,7905,20125,6722,4178,1576,0
11080680,길음2동,0,0,588011.386444117,20.893997684791003,0.0,63.98918526385235,588011.386444117,20.893997684791003,0.0,63.98918526385235,0,0,4068,12929,4682,5598,1539,93.36,93.36,0,2,2,4068,12929,4682,5598,1539,0
11080710,월곡1동,0,0,801770.1407160012,4.913377581611917,3.7770169044901714,67.33984438922276,801770.1407160012,4.913377581611917,3.7770169044901714,67.33984438922276,0,0,4028,14516,7035,5543,1668,74.75,74.75,0,2,2,4028,14516,7035,5543,1668,0
11080720,월곡2동,0,0,1364923.1794613984,1.8054314060167247,11.775541526331612,36.060371417617745,1364923.1794613984,1.8054314060167247,11.775541526331612,36.060371417617745,0,0,2134,11495,5280,10384,1938,59.32,59.32,0,3,3,2134,11495,5280,10384,1938,0
11080760,장위1동,0,0,708557.6613553825,0.0,0.0,85.63378594786914,708557.6613553825,0.0,0.0,85.63378594786914,0,0,3197,13789,6385,3227,1481,23.16,23.16,0,0,0,3197,13789,6385,3227,1481,0
11080770,장위2동,0,0,679904.9326949937,4.03016681926146,0.0,79.43363267772523,679904.9326949937,4.03016681926146,0.0,79.43363267772523,0,0,1255,7448,4416,3532,1360,8.98,8.98,0,2,2,1255,7448,4416,3532,1360,0
11080780,장위3동,0,0,652611.8868210473,2.055258419416298,0.0,77.47434810696983,652611.8868210473,2.055258419416298,0.0,77.47434810696983,0,0,2783,9344,3400,2000,754,85.19,85.19,0,3,3,2783,9344,3400,2000,754,0
11080810,성북동,0,0,2879959.41153266,1.0555248931033585,0.684421391400076,42.764460405802765,2879959.41153266,1.0555248931033585,0.684421391400076,42.764460405802765,0,0,1678,9981,4266,7480,1764,10.83,10.83,0,3,3,1678,9981,4266,7480,1764,0
11080820,삼선동,0,0,926242.036127248,6.927541325417005,1.7030713072038426,61.546262002289694,926242.036127248,6.927541325417005,1.7030713072038426,61.546262002289694,0,0,2474,14047,5677,10727,2472,44.49,44.49,0,7,7,2474,14047,5677,10727,2472,0
11080830,동선동,0,0,724795.7371458238,4.623846931270767,0.1009139485748342,54.77704510581224,724795.7371458238,4.623846931270767,0.1009139485748342,54.77704510581224,0,0,1238,10766,3002,10928,2601,26.28,26.28,0,5,5,1238,10766,3002,10928,2601,0
11080840,종암동,0,0,1404550.5378679812,4.902801704828416,0.8041227906605624,54.40183614312632,1404550.5378679812,4.902801704828416,0.8041227906605624,54.40183614312632,0,0,5501,22123,10059,8511,2698,65.65,65.65,0,3,3,5501,22123,10059,8511,2698,0
11080850,석관동,0,0,1705088.7158956714,0.6084231191777547,6.1995262822599,46.14838670750082,1705088.7158956714,0.6084231191777547,6.1995262822599,46.14838670750082,0,0,3633,19439,10718,9303,2576,45.55,45.55,0,7,7,3633,19439,10718,9303,2576,0
11090600,번1동,0,0,627046.1560334766,6.775494949242786,0.0,72.23806614794107,627046.1560334766,6.775494949242786,0.0,72.23806614794107,0,0,1341,10779,5254,9154,2252,24.88,24.88,0,2,2,1341,10779,5254,9154,2252,0
11090610,번2동,0,0,974313.6392701464,3.525944286497563,0.0,42.44513893486585,974313.6392701464,3.525944286497563,0.0,42.44513893486585,0,0,1331,7875,5669,3306,717,39.8,39.8,0,1,1,1331,7875,5669,3306,717,0
11090620,번3동,0,0,1081194.3306957716,3.806553362475583,0.0,24.01183516600415,1081194.3306957716,3.806553362475583,0.0,24.01183516600415,0,0,1794,8200,6360,2933,832,94.81,94.81,0,0,0,1794,8200,6360,2933,832,0
11090630,수유1동,0,0,1649989.8198120133,3.760648408589877,0.0,32.37517488749103,1649989.8198120133,3.760648408589877,0.0,32.37517488749103,0,0,1918,11372,6570,5823,1753,10.14,10.14,0,3,3,1918,11372,6570,5823,1753,0
11090640,수유2동,0,0,581626.1328821033,9.465018852359917,0.0,78.78500071035283,581626.1328821033,9.465018852359917,0.0,78.78500071035283,0,0,2065,11202,7255,4118,1659,36.42,36.42,0,2,2,2065,11202,7255,4118,1659,0
11090650,수유3동,0,0,745657.282130043,11.082935906288585,0.0,71.74400349558508,745657.282130043,11.082935906288585,0.0,71.74400349558508,0,0,1594,14392,7009,8885,2992,15.97,15.97,0,3,3,1594,14392,7009,8885,2992,0
11090690,삼양동,0,0,924107.0320083672,2.7064966063545546,0.0,69.59394664047355,924107.0320083672,2.7064966063545546,0.0,69.59394664047355,0,0,2574,12641,7193,3522,1301,39.32,39.32,0,4,4,2574,12641,7193,3522,1301,0
11090700,미아동,0,0,841218.3662060638,8.056514703773372,0.7345296853565789,54.92922123805998,841218.3662060638,8.056514703773372,0.7345296853565789,54.92922123805998,0,0,1701,12396,6756,6790,2088,17.62,17.62,0,4,4,1701,12396,6756,6790,2088,0
11090710,송중동,0,0,1075813.3802050424,3.9935215986817303,2.640110632024975,67.25752210915005,1075813.3802050424,3.9935215986817303,2.640110632024975,67.25752210915005,0,0,3127,16570,8926,8670,2670,35.53,35.53,0,2,2,3127,16570,8926,8670,2670,0
11090720,송천동,0,0,929928.2600113568,5.936968143040299,0.8351415462849102,73.54842150071286,929928.2600113568,5.936968143040299,0.8351415462849102,73.54842150071286,0,0,2087,13633,9035,6849,2304,18.23,18.23,0,4,4,2087,13633,9035,6849,2304,0
11090730,삼각산동,0,0,621921.1454554003,0.0028517239990924,0.0,92.23618513726274,621921.1454554003,0.0028517239990924,0.0,92.23618513726274,0,0,6041,17641,6924,3210,1465,99.29,99.29,0,2,2,6041,17641,6924,3210,1465,0
11090740,우이동,0,0,10587928.054076124,0.5383335918150353,0.8408343284475539,6.874319006699259,10587928.054076124,0.5383335918150353,0.8408343284475539,6.874319006699259,0,0,2069,10840,6906,5267,1385,12.72,12.72,0,4,4,2069,10840,6906,5267,1385,0
11090750,인수동,0,0,2998060.8020883044,2.1398508850372067,2.793550724243582,29.95621238384259,2998060.8020883044,2.1398508850372067,2.793550724243582,29.95621238384259,0,0,3074,15778,10221,6251,1932,7.74,7.74,0,3,3,3074,15778,10221,6251,1932,0
11100510,쌍문1동,0,0,1175793.51193257,2.8009460421192385,0.8755515399194875,50.76758648145601,1175793.51193257,2.8009460421192385,0.8755515399194875,50.76758648145601,0,0,2289,11569,6785,4217,1118,28.13,28.13,0,3,3,2289,11569,6785,4217,1118,0
11100520,쌍문2동,0,0,541201.5221578416,13.362274854575425,0.0,72.08766098882417,541201.5221578416,13.362274854575425,0.0,72.08766098882417,0,0,1922,10071,5917,4733,1370,44.36,44.36,0,1,1,1922,10071,5917,4733,1370,0
11100530,쌍문3동,0,0,504813.8052246518,9.249867003780508,5.376358702773999,65.93432331983762,504813.8052246518,9.249867003780508,5.376358702773999,65.93432331983762,0,0,1590,9766,5096,4645,1227,37.04,37.04,0,1,1,1590,9766,5096,4645,1227,0
11100540,쌍문4동,0,0,554876.6520248223,0.0015179485540952,0.0,52.741359018689025,554876.6520248223,0.0015179485540952,0.0,52.741359018689025,0,0,2733,10152,5174,1992,796,88.59,88.59,0,1,1,2733,10152,5174,1992,796,0
11100550,방학1동,0,0,1040874.0911103452,6.215203044490384,0.0,43.812485987753874,1040874.0911103452,6.215203044490384,0.0,43.812485987753874,0,0,3236,15430,9089,13212,2545,54.32,54.32,0,1,1,3236,15430,9089,13212,2545,0
11100560,방학2동,0,0,1092832.290049602,0.0,0.0,47.54448266531572,1092832.290049602,0.0,0.0,47.54448266531572,0,0,1901,9974,6670,3233,1292,4.49,4.49,0,1,1,1901,9974,6670,3233,1292,0
11100570,방학3동,0,0,1951057.9849420784,0.9700036977918948,0.0,28.0351730209517,1951057.9849420784,0.9700036977918948,0.0,28.0351730209517,0,0,4026,13778,8278,2995,1125,95.51,95.51,0,2,2,4026,13778,8278,2995,1125,0
11100590,창1동,0,0,1122189.70950916,3.5780362990101295,2.3763399427057017,43.08167461224856,1122189.70950916,3.5780362990101295,2.3763399427057017,43.08167461224856,0,0,3064,13906,7072,3287,1383,80.91,80.91,0,4,4,3064,13906,7072,3287,1383,0
11100600,창2동,0,0,654452.8207008939,4.214248801076817,0.0,62.360293518299734,654452.8207008939,4.214248801076817,0.0,62.360293518299734,0,0,3397,16574,8212,4298,1667,33.77,33.77,0,1,1,3397,16574,8212,4298,1667,0
11100610,창3동,0,0,655496.1780469948,0.0,0.0,54.037458437500355,655496.1780469948,0.0,0.0,54.037458437500355,0,0,1413,7335,4445,2107,1028,28.69,28.69,0,0,0,1413,7335,4445,2107,1028,0
11100620,창4동,0,0,1140194.420503419,11.179999395089672,8.235854220243139,36.18816613035903,1140194.420503419,11.179999395089672,8.235854220243139,36.18816613035903,0,0,3711,15405,7057,8554,1779,99.16,99.16,0,3,3,3711,15405,7057,8554,1779,0
11100630,창5동,0,0,701487.7162294338,10.619893764541816,0.0,49.20784067401982,701487.7162294338,10.619893764541816,0.0,49.20784067401982,0,0,2882,14012,6987,7116,1847,79.97,79.97,0,3,3,2882,14012,6987,7116,1847,0
11100640,도봉1동,0,0,8451608.098955708,0.958621281315888,0.3883858280657563,8.827954958407885,8451608.098955708,0.958621281315888,0.3883858280657563,8.827954958407885,0,0,1629,10215,8202,7132,1767,15.78,15.78,0,4,4,1629,10215,8202,7132,1767,0
11100650,도봉2동,0,0,1119049.445452147,4.215069391410333,9.1243021758297,41.173041069937234,1119049.445452147,4.215069391410333,9.1243021758297,41.173041069937234,0,0,2821,13636,9527,7747,1681,90.28,90.28,0,5,5,2821,13636,9527,7747,1681,0
11110510,월계1동,0,0,1141604.8094480457,5.493892056782349,0.0,42.88363277057341,1141604.8094480457,5.493892056782349,0.0,42.88363277057341,0,0,2382,12130,6039,6394,1588,61.21,61.21,0,6,6,2382,12130,6039,6394,1588,0
11110520,월계2동,0,0,2004817.6052196836,2.606577561666578,0.0,27.84191350543148,2004817.6052196836,2.606577561666578,0.0,27.84191350543148,0,0,3246,13638,8607,3696,988,94.61,94.61,0,2,2,3246,13638,8607,3696,988,0
11110530,월계3동,0,0,1134176.5210755498,0.0003515946428952,0.0129321848572794,44.05919925199552,1134176.5210755498,0.0003515946428952,0.0129321848572794,44.05919925199552,0,0,3605,16109,9004,4438,1148,99.35,99.35,0,9,9,3605,16109,9004,4438,1148,0
11110560,공릉2동,0,0,6983547.661896055,1.7849176236757334,20.164088175240764,10.98151156722052,6983547.661896055,1.7849176236757334,20.164088175240764,10.98151156722052,0,0,7058,25309,9099,12302,2402,84.94,84.94,0,4,4,7058,25309,9099,12302,2402,0
11110580,하계1동,0,0,1527085.795220666,3.508142117950692,4.170077272845312,31.80791639571464,1527085.795220666,3.508142117950692,4.170077272845312,31.80791639571464,0,0,3724,15333,7083,8724,1468,88.61,88.61,0,1,1,3724,15333,7083,8724,1468,0
11110590,하계2동,0,0,500031.86029877455,0.0,0.0,61.10219329698673,500031.86029877455,0.0,0.0,61.10219329698673,0,0,3682,12345,5283,1545,719,100.0,100.0,0,2,2,3682,12345,5283,1545,719,0
11110600,중계본동,0,0,2183269.8944540583,1.3333345260677611,0.7636642699263325,29.37209556597743,2183269.8944540583,1.3333345260677611,0.7636642699263325,29.37209556597743,0,0,5337,13457,4272,6001,1547,81.99,81.99,0,0,0,5337,13457,4272,6001,1547,0
11110610,중계1동,0,0,623460.8273056211,8.017539540698843,2.339853950896386,55.686215028582986,623460.8273056211,8.017539540698843,2.339853950896386,55.686215028582986,0,0,6898,15285,4143,4220,1273,99.93,99.93,0,0,0,6898,15285,4143,4220,1273,0
11110640,중계4동,0,0,1519296.2566046962,4.119413030484885,0.0,16.812333276053415,1519296.2566046962,4.119413030484885,0.0,16.812333276053415,0,0,2801,10573,5745,4143,1279,94.99,94.99,0,1,1,2801,10573,5745,4143,1279,0
11110650,상계1동,0,0,5402703.051756742,0.7079495036855027,0.4957276578673183,13.81255510216979,5402703.051756742,0.7079495036855027,0.4957276578673183,13.81255510216979,0,0,4727,20735,11382,9184,2603,80.94,80.94,0,3,3,4727,20735,11382,9184,2603,0
11110660,상계2동,0,0,623135.7878830926,22.889160375507,0.0030860077723663,55.955738034912,623135.7878830926,22.889160375507,0.0030860077723663,55.955738034912,0,0,2262,11292,5548,10794,3198,64.89,64.89,0,3,3,2262,11292,5548,10794,3198,0
11110690,상계5동,0,0,906905.9404916682,3.0370007265539476,0.0960891048444442,45.93848619653749,906905.9404916682,3.0370007265539476,0.0960891048444442,45.93848619653749,0,0,2537,12852,7623,5867,2527,55.68,55.68,0,3,3,2537,12852,7623,5867,2527,0
11110720,상계8동,0,0,666359.1254915161,1.9583279697952032,4.821261519649557,57.3810855743705,666359.1254915161,1.9583279697952032,4.821261519649557,57.3810855743705,0,0,3642,13791,4410,2054,733,100.0,100.0,0,2,2,3642,13791,4410,2054,733,0
11110730,상계9동,0,0,719457.0571090353,2.7314140842186694,0.1828573683827591,48.842862440559145,719457.0571090353,2.7314140842186694,0.1828573683827591,48.842862440559145,0,0,2761,11547,5357,2626,841,100.0,100.0,0,1,1,2761,11547,5357,2626,841,0
11110740,상계10동,0,0,809227.7815418701,13.312151508044115,2.519708147072332,35.19016647100508,809227.7815418701,13.312151508044115,2.519708147072332,35.19016647100508,0,0,2697,11122,4366,2382,665,100.0,100.0,0,3,3,2697,11122,4366,2382,665,0
11110760,상계3·4동,0,0,5211971.799210906,2.0165489252247095,0.0,14.246635115764846,5211971.799210906,2.0165489252247095,0.0,14.246635115764846,0,0,3585,14837,9069,5383,1713,63.24,63.24,0,3,3,3585,14837,9069,5383,1713,0
11110770,상계6·7동,0,0,1450319.2204915695,8.129887847037752,12.374926103452498,36.23804369577819,1450319.2204915695,8.129887847037752,12.374926103452498,36.23804369577819,0,0,4529,19015,7856,15738,2525,100.0,100.0,0,5,5,4529,19015,7856,15738,2525,0
11110780,중계2·3동,0,0,919098.3199967808,4.255463032590074,3.5757800808636926,48.51448185666289,919098.3199967808,4.255463032590074,3.5757800808636926,48.51448185666289,0,0,4195,17844,10461,5458,1758,99.58,99.58,0,3,3,4195,17844,10461,5458,1758,0
11110790,공릉1동,0,0,1263281.378516158,13.158510285548372,1.0715710025378549,45.631359264430685,1263281.378516158,13.158510285548372,1.0715710025378549,45.631359264430685,0,0,3929,21951,10104,13451,3539,67.48,67.48,0,6,6,3929,21951,10104,13451,3539,0
11120510,녹번동,0,0,1794244.692122188,1.231702289150719,5.39520790937538,44.00748343951191,1794244.692122188,1.231702289150719,5.39520790937538,44.00748343951191,0,0,4215,21361,10535,10719,2606,40.8,40.8,0,4,4,4215,21361,10535,10719,2606,0
11120520,불광1동,0,0,3124978.635382913,0.7596511379198306,2.209428642977389,29.38010689204571,3124978.635382913,0.7596511379198306,2.209428642977389,29.38010689204571,0,0,4221,21613,11605,6853,2257,55.51,55.51,0,5,5,4221,21613,11605,6853,2257,0
11120550,갈현1동,0,0,961087.2753337967,7.225115624997025,0.0,58.06149219275953,961087.2753337967,7.225115624997025,0.0,58.06149219275953,0,0,1417,8626,4439,4635,1574,19.98,19.98,0,2,2,1417,8626,4439,4635,1574,0
11120560,갈현2동,0,0,985181.6623465776,5.470266495992455,0.8413350075793011,58.05226087289523,985181.6623465776,5.470266495992455,0.8413350075793011,58.05226087289523,0,0,3291,16408,7742,6370,2117,16.3,16.3,0,3,3,3291,16408,7742,6370,2117,0
11120570,구산동,0,0,1389798.063530017,2.709230234730354,0.1367373513042375,49.42181907235941,1389798.063530017,2.709230234730354,0.1367373513042375,49.42181907235941,0,0,3817,18214,9422,6221,1733,27.3,27.3,0,1,1,3817,18214,9422,6221,1733,0
11120580,대조동,0,0,851706.632563371,8.225598252735788,0.0,72.23438057519465,851706.632563371,8.225598252735788,0.0,72.23438057519465,0,0,2348,17650,7371,7897,3175,32.57,32.57,0,6,6,2348,17650,7371,7897,3175,0
11120590,응암1동,0,0,1109881.134490039,5.6783575990419175,3.535894216999231,49.971603551644115,1109881.134490039,5.6783575990419175,3.535894216999231,49.971603551644115,0,0,4868,19951,7839,8179,2515,58.12,58.12,0,3,3,4868,19951,7839,8179,2515,0
11120600,응암2동,0,0,755259.4754178862,0.0,2.113684736119091,74.89098511567992,755259.4754178862,0.0,2.113684736119091,74.89098511567992,0,0,5323,16139,5882,2969,1257,81.77,81.77,0,2,2,5323,16139,5882,2969,1257,0
11120650,신사1동,0,0,808326.974077485,0.0,0.0,67.8039973173578,808326.974077485,0.0,0.0,67.8039973173578,0,0,2997,15674,7801,5376,1735,31.87,31.87,0,2,2,2997,15674,7801,5376,1735,0
11120660,신사2동,0,0,1046239.366044872,0.0,0.0,57.53394580444443,1046239.366044872,0.0,0.0,57.53394580444443,0,0,2189,10978,5767,3442,1146,37.29,37.29,0,1,1,2189,10978,5767,3442,1146,0
11120670,증산동,0,0,807742.4435976727,3.3020502650825247,0.0,60.54458607060368,807742.4435976727,3.3020502650825247,0.0,60.54458607060368,0,0,2404,10657,5197,4121,1234,56.01,56.01,0,6,6,2404,10657,5197,4121,1234,0
11120680,수색동,0,0,1289959.1712761582,6.681471500868261,0.0,38.82777407479,1289959.1712761582,6.681471500868261,0.0,38.82777407479,0,0,3210,12695,4536,2820,755,90.07,90.07,0,4,4,3210,12695,4536,2820,755,0
11120710,진관동,0,0,11565506.044967972,1.0222587306553412,0.5198561923380789,13.536160586614445,11565506.044967972,1.0222587306553412,0.5198561923380789,13.536160586614445,0,0,10417,31126,12839,13796,3028,96.92,96.92,0,2,2,10417,31126,12839,13796,3028,0
11120720,불광2동,0,0,1396112.1128792728,1.239159494456589,0.8604047367819893,49.70675854395412,1396112.1128792728,1.239159494456589,0.8604047367819893,49.70675854395412,0,0,2246,15607,8885,4616,1734,10.49,10.49,0,3,3,2246,15607,8885,4616,1734,0
11120730,응암3동,0,0,752785.2544175392,4.284945935725267,0.0,72.51612512222931,752785.2544175392,4.284945935725267,0.0,72.51612512222931,0,0,1975,13444,8025,5664,2203,14.83,14.83,0,3,3,1975,13444,8025,5664,2203,0
11120740,역촌동,0,0,1157561.3723002549,2.6323613537842525,0.9983850739556006,78.50926963317326,1157561.3723002549,2.6323613537842525,0.9983850739556006,78.50926963317326,0,0,4875,26083,12846,8363,3172,12.82,12.82,0,3,3,4875,26083,12846,8363,3172,0
11130520,천연동,0,0,982832.7190838822,2.667491162686571,12.235572894981042,35.10846760206508,982832.7190838822,2.667491162686571,12.235572894981042,35.10846760206508,0,0,2274,9566,4746,3110,1068,85.34,85.34,0,2,2,2274,9566,4746,3110,1068,0
11130620,홍제1동,0,0,1235652.5110054675,0.0,0.0,45.27584906721119,1235652.5110054675,0.0,0.0,45.27584906721119,0,0,3208,14494,7000,4828,1478,65.87,65.87,0,2,2,3208,14494,7000,4828,1478,0
11130640,홍제3동,0,0,1192527.8430022737,0.8739505170591553,0.0,41.37278898755296,1192527.8430022737,0.8739505170591553,0.0,41.37278898755296,0,0,2105,10072,5513,4003,1415,59.17,59.17,0,1,1,2105,10072,5513,4003,1415,0
11130650,홍제2동,0,0,699989.1822077524,0.0,0.0,37.20291214483736,699989.1822077524,0.0,0.0,37.20291214483736,0,0,1524,7519,4140,1994,760,82.34,82.34,0,2,2,1524,7519,4140,1994,760,0
11130660,홍은1동,0,0,1615166.8484947863,1.3664765792198763,0.0,36.683200644628286,1615166.8484947863,1.3664765792198763,0.0,36.683200644628286,0,0,2754,12700,6722,2738,1227,72.92,72.92,0,2,2,2754,12700,6722,2738,1227,0
11130680,홍은2동,0,0,2075118.7395978388,2.814960615763338,2.15438267203284,36.4644390370308,2075118.7395978388,2.814960615763338,2.15438267203284,36.4644390370308,0,0,3667,16974,7883,6424,1941,35.24,35.24,0,2,2,3667,16974,7883,6424,1941,0
11130690,남가좌1동,0,0,475544.1770146135,7.540130392899528,0.0,69.6882687585696,475544.1770146135,7.540130392899528,0.0,69.6882687585696,0,0,3809,9586,3299,2825,926,97.58,97.58,0,1,1,3809,9586,3299,2825,926,0
11130700,남가좌2동,0,0,783810.9084883771,1.6976607630612404,0.0,75.95157590354168,783810.9084883771,1.6976607630612404,0.0,75.95157590354168,0,0,4682,17371,7028,5530,1785,67.39,67.39,0,0,0,4682,17371,7028,5530,1785,0
11130710,북가좌1동,0,0,577988.9423273741,2.306214289081461,0.0,71.40576297886166,577988.9423273741,2.306214289081461,0.0,71.40576297886166,0,0,3067,9973,4528,3269,877,79.09,79.09,0,4,4,3067,9973,4528,3269,877,0
11130720,북가좌2동,0,0,824857.1469982953,2.5257668283310006,0.0,78.31054873659178,824857.1469982953,2.5257668283310006,0.0,78.31054873659178,0,0,3322,17908,9444,4951,2042,18.77,18.77,0,2,2,3322,17908,9444,4951,2042,0
11130730,충현동,0,0,1116019.722350614,16.622294495272662,1.7261392889563505,47.93557261085743,1116019.722350614,16.622294495272662,1.7261392889563505,47.93557261085743,0,0,2308,12313,5061,23250,2540,48.4,48.4,0,5,5,2308,12313,5061,23250,2540,0
11130740,북아현동,0,0,458952.0885451575,8.898666350354437,0.0,63.99337368869453,458952.0885451575,8.898666350354437,0.0,63.99337368869453,0,0,2248,9743,3450,2760,1017,79.37,79.37,0,5,5,2248,9743,3450,2760,1017,0
11130750,신촌동,0,0,2720327.7357311533,5.939007425844731,0.0,20.72960460813223,2720327.7357311533,5.939007425844731,0.0,20.72960460813223,0,0,1345,15940,2955,36521,4969,28.93,28.93,0,7,7,1345,15940,2955,36521,4969,0
11130760,연희동,0,0,2929301.0699980822,2.696569053929723,0.1808603254975677,46.57354633903812,2929301.0699980822,2.696569053929723,0.1808603254975677,46.57354633903812,0,0,3333,22326,8331,12974,3139,29.98,29.98,0,4,4,3333,22326,8331,12974,3139,0
11140590,용강동,0,0,790614.5593206272,12.49158062926805,2.230289460622715,45.90405621821464,790614.5593206272,12.49158062926805,2.230289460622715,45.90405621821464,0,0,4036,12837,4373,18811,3282,83.56,83.56,0,6,6,4036,12837,4373,18811,3282,0
11140600,대흥동,0,0,848212.579055086,6.625045773329981,0.0,40.46070295171674,848212.579055086,6.625045773329981,0.0,40.46070295171674,0,0,1412,10124,2875,9443,1910,57.2,57.2,0,5,5,1412,10124,2875,9443,1910,0
11140610,염리동,0,0,501840.0220050944,5.583299843208052,2.5190478767175866,65.87756297746074,501840.0220050944,5.583299843208052,2.5190478767175866,65.87756297746074,0,0,2971,10779,3091,5196,1025,72.82,72.82,0,9,9,2971,10779,3091,5196,1025,0
11140630,신수동,0,0,797892.6144117479,0.0,2.7562415370316664,64.73642563267265,797892.6144117479,0.0,2.7562415370316664,64.73642563267265,0,0,3232,13945,4915,6817,2068,69.9,69.9,0,4,4,3232,13945,4915,6817,2068,0
11140660,서교동,0,0,1679006.6469228405,12.817542307200158,0.0,62.65896526870485,1679006.6469228405,12.817542307200158,0.0,62.65896526870485,0,0,1637,17804,4620,65165,12668,29.96,29.96,0,9,9,1637,17804,4620,65165,12668,0
11140680,합정동,0,0,1712417.1153940752,1.433778737626725,7.567538266116013,29.04500867628545,1712417.1153940752,1.433778737626725,7.567538266116013,29.04500867628545,0,0,1359,11255,3724,14003,3760,17.75,17.75,0,4,4,1359,11255,3724,14003,3760,0
11140690,망원1동,0,0,1101022.9889607695,1.141372784764767,6.8423668122057855,37.17001585974844,1101022.9889607695,1.141372784764767,6.8423668122057855,37.17001585974844,0,0,1832,12535,4792,6576,2715,21.63,21.63,0,1,1,1832,12535,4792,6576,2715,0
11140700,망원2동,0,0,676421.7561049914,4.516881838031827,2.978834887493112,49.34273852631858,676421.7561049914,4.516881838031827,2.978834887493112,49.34273852631858,0,0,2215,11184,4523,4873,1851,42.84,42.84,0,2,2,2215,11184,4523,4873,1851,0
11140710,연남동,0,0,647450.3623782796,1.525863291156577,0.0,74.40070804063934,647450.3623782796,1.525863291156577,0.0,74.40070804063934,0,0,1136,9860,3231,9158,3042,15.54,15.54,0,4,4,1136,9860,3231,9158,3042,0
11140720,성산1동,0,0,859268.4107732989,10.297556679913884,2.2390015749193406,48.29141211542466,859268.4107732989,10.297556679913884,2.2390015749193406,48.29141211542466,0,0,1967,12229,4370,13021,2510,10.37,10.37,0,3,3,1967,12229,4370,13021,2510,0
11140730,성산2동,0,0,1978756.329558343,6.6987434061467805,10.742097767411485,37.157162176724064,1978756.329558343,6.6987434061467805,10.742097767411485,37.157162176724064,0,0,4754,24915,9029,12736,3261,75.67,75.67,0,6,6,4754,24915,9029,12736,3261,0
11140740,상암동,0,0,8402553.649212899,0.0,1.2739856652568238,7.317003582612264,8402553.649212899,0.0,1.2739856652568238,7.317003582612264,0,0,5608,17893,6160,48844,3648,90.72,90.72,0,5,5,5608,17893,6160,48844,3648,0
11140750,도화동,0,0,625028.5229986617,8.37246957129875,0.69509776757353,66.65093005498022,625028.5229986617,8.37246957129875,0.69509776757353,66.65093005498022,0,0,2723,12367,5550,20594,2893,83.36,83.36,0,5,5,2723,12367,5550,20594,2893,0
11140760,서강동,0,0,1478601.042361779,1.161410418226768,2.827722449382772,43.70975883729907,1478601.042361779,1.161410418226768,2.827722449382772,43.70975883729907,0,0,3263,16280,5029,10953,2581,70.13,70.13,0,7,7,3263,16280,5029,10953,2581,0
11140770,공덕동,0,0,1019224.9155019666,3.701391501150306,1.339636115813861,72.55367094646245,1019224.9155019666,3.701391501150306,1.339636115813861,72.55367094646245,0,0,4001,23384,9096,20775,3352,63.75,63.75,0,8,8,4001,23384,9096,20775,3352,0
11140780,아현동,0,0,744347.7781928156,5.760626212995149,3.8792457473665576,66.37992757402091,744347.7781928156,5.760626212995149,3.8792457473665576,66.37992757402091,0,0,4957,18284,5541,14420,2322,96.64,96.64,0,9,9,4957,18284,5541,14420,2322,0
11150510,목1동,0,0,1433134.5581721163,15.158537533189644,19.420077983872066,24.14616792221519,1433134.5581721163,15.158537533189644,19.420077983872066,24.14616792221519,0,0,7465,17363,5445,22047,3688,95.24,95.24,0,3,3,7465,17363,5445,22047,3688,0
11150520,목2동,0,0,1021372.283455482,2.6122005249384133,17.589614129981687,60.49174833240178,1021372.283455482,2.6122005249384133,17.589614129981687,60.49174833240178,0,0,3551,18391,6930,5053,1886,27.35,27.35,0,2,2,3551,18391,6930,5053,1886,0
11150530,목3동,0,0,531858.841567519,8.89282461876711,0.0,72.76253405047773,531858.841567519,8.89282461876711,0.0,72.76253405047773,0,0,2381,13250,5593,4993,1798,30.91,30.91,0,2,2,2381,13250,5593,4993,1798,0
11150540,목4동,0,0,577502.7766633187,8.940943885731016,0.0,69.08096439918906,577502.7766633187,8.940943885731016,0.0,69.08096439918906,0,0,3984,15199,5275,4587,1895,37.65,37.65,0,1,1,3984,15199,5275,4587,1895,0
11150570,신월1동,0,0,622409.8476765241,16.253530150214125,0.0,58.53472543219153,622409.8476765241,16.253530150214125,0.0,58.53472543219153,0,0,1841,10919,6672,4824,1865,21.49,21.49,0,0,0,1841,10919,6672,4824,1865,0
11150580,신월2동,0,0,606821.3920198567,15.595044510948243,0.0,56.17966296997475,606821.3920198567,15.595044510948243,0.0,56.17966296997475,0,0,2991,11662,6120,4424,1286,55.23,55.23,0,4,4,2991,11662,6120,4424,1286,0
11150590,신월3동,0,0,918054.6671921492,5.044288701416331,2.5380054616185412,39.20460390114337,918054.6671921492,5.044288701416331,2.5380054616185412,39.20460390114337,0,0,1565,8011,4710,5029,1183,25.16,25.16,0,0,0,1565,8011,4710,5029,1183,0
11150600,신월4동,0,0,469881.04502909514,7.472615748073877,0.0,61.06045121824788,469881.04502909514,7.472615748073877,0.0,61.06045121824788,0,0,2650,9602,5192,3339,1225,55.56,55.56,0,0,0,2650,9602,5192,3339,1225,0
11150610,신월5동,0,0,638313.0211277405,12.340818515786587,0.0,43.915710532545994,638313.0211277405,12.340818515786587,0.0,43.915710532545994,0,0,1823,8154,4010,3740,1112,30.91,30.91,0,0,0,1823,8154,4010,3740,1112,0
11150620,신월6동,0,0,444293.6712249703,6.923490719475218,0.0,50.29183206746752,444293.6712249703,6.923490719475218,0.0,50.29183206746752,0,0,2650,8066,3156,2854,994,86.89,86.89,0,0,0,2650,8066,3156,2854,994,0
11150630,신월7동,0,0,1230648.0127421624,6.480539437907021,2.0203221236098363,32.132233949298275,1230648.0127421624,6.480539437907021,2.0203221236098363,32.132233949298275,0,0,1856,10315,6493,5395,1338,39.71,39.71,0,0,0,1856,10315,6493,5395,1338,0
11150640,신정1동,0,0,747580.5593865034,10.67509038763436,3.956363027186248,62.19597511111486,747580.5593865034,10.67509038763436,3.956363027186248,62.19597511111486,0,0,4413,11056,4248,5868,1503,89.97,89.97,0,3,3,4413,11056,4248,5868,1503,0
11150650,신정2동,0,0,525907.7417553421,17.328938039258233,8.621015606617819,43.16215264448308,525907.7417553421,17.328938039258233,8.621015606617819,43.16215264448308,0,0,3950,10557,4267,4036,1456,87.37,87.37,0,2,2,3950,10557,4267,4036,1456,0
11150660,신정3동,0,0,2756581.471824586,6.222046505901481,0.8169953637867411,20.262854146452483,2756581.471824586,6.222046505901481,0.8169953637867411,20.262854146452483,0,0,8456,28788,12317,8930,2582,89.65,89.65,0,1,1,8456,28788,12317,8930,2582,0
11150690,신정6동,0,0,940900.234995892,7.337060468077553,5.099083352892293,53.17543660015228,940900.234995892,7.337060468077553,5.099083352892293,53.17543660015228,0,0,5301,13802,4858,6671,995,100.0,100.0,0,4,4,5301,13802,4858,6671,995,0
11150700,신정7동,0,0,1234150.6627275948,2.5190997851854227,5.195122619956822,40.28984627343843,1234150.6627275948,2.5190997851854227,5.195122619956822,40.28984627343843,0,0,4860,15501,7912,7130,1448,98.16,98.16,0,1,1,4860,15501,7912,7130,1448,0
11150710,목5동,0,0,1766389.795422691,3.359525250529104,13.60110391384185,51.95975823322896,1766389.795422691,3.359525250529104,13.60110391384185,51.95975823322896,0,0,10213,22727,7765,10499,2284,100.0,100.0,0,2,2,10213,22727,7765,10499,2284,0
11150720,신정4동,0,0,997159.98999726,29.744197038623632,0.0,42.18211819940737,997159.98999726,29.744197038623632,0.0,42.18211819940737,0,0,3163,19589,9000,16820,4149,19.01,19.01,0,5,5,3163,19589,9000,16820,4149,0
11160510,염창동,0,0,1734485.9428017028,15.40534552378006,0.0,25.675910476428403,1734485.9428017028,15.40534552378006,0.0,25.675910476428403,0,0,7798,26080,7481,16080,2956,90.07,90.07,0,4,4,7798,26080,7481,16080,2956,0
11160520,등촌1동,0,0,650751.6212734216,34.42892519600335,0.5175334397798717,28.446700361309563,650751.6212734216,34.42892519600335,0.5175334397798717,28.446700361309563,0,0,2378,17903,4653,19441,2881,72.36,72.36,0,3,3,2378,17903,4653,19441,2881,0
11160530,등촌2동,0,0,910680.7252830284,6.412750317279336,14.225918305202596,32.24410802311063,910680.7252830284,6.412750317279336,14.225918305202596,32.24410802311063,0,0,2376,11804,5170,3858,1108,39.91,39.91,0,1,1,2376,11804,5170,3858,1108,0
11160540,등촌3동,0,0,1060380.0294818825,20.8371195790569,5.228308258228025,35.59106373644776,1060380.0294818825,20.8371195790569,5.228308258228025,35.59106373644776,0,0,3052,15918,10437,22632,3186,97.97,97.97,0,2,2,3052,15918,10437,22632,3186,0
11160550,화곡본동,0,0,972750.8844603136,0.1149568114369235,3.214449792454452,65.98644274717604,972750.8844603136,0.1149568114369235,3.214449792454452,65.98644274717604,0,0,3602,21542,7809,4602,1851,9.27,9.27,0,1,1,3602,21542,7809,4602,1851,0
11160570,화곡2동,0,0,454628.1438107317,6.836180602420814,0.0,71.0199138663966,454628.1438107317,6.836180602420814,0.0,71.0199138663966,0,0,2092,10475,4486,2582,1132,5.6,5.6,0,3,3,2092,10475,4486,2582,1132,0
11160580,화곡3동,0,0,521866.7370442434,9.15663415734266,0.0,77.24333206613119,521866.7370442434,9.15663415734266,0.0,77.24333206613119,0,0,2563,12315,6230,4628,1554,54.84,54.84,0,2,2,2563,12315,6230,4628,1554,0
11160590,화곡4동,0,0,852063.1389301922,7.194107314272588,0.0,46.34567561343586,852063.1389301922,7.194107314272588,0.0,46.34567561343586,0,0,2041,11751,5929,4053,1752,10.51,10.51,0,2,2,2041,11751,5929,4053,1752,0
11160610,화곡6동,0,0,1037928.567049287,6.835537791554612,13.329347079692438,40.844432507909815,1037928.567049287,6.835537791554612,13.329347079692438,40.844432507909815,0,0,2819,16721,6411,13049,2190,41.61,41.61,0,0,0,2819,16721,6411,13049,2190,0
11160630,화곡8동,0,0,593332.2401867143,9.198203042615685,0.0130617567977242,68.54671883939962,593332.2401867143,9.198203042615685,0.0130617567977242,68.54671883939962,0,0,2350,14516,6624,3613,1581,8.3,8.3,0,2,2,2350,14516,6624,3613,1581,0
11160640,가양1동,0,0,4970773.27512977,5.8011780431175985,0.4611292839002801,7.722027932497386,4970773.27512977,5.8011780431175985,0.4611292839002801,7.722027932497386,0,0,3023,25252,5598,77654,9365,85.29,85.29,0,0,0,3023,25252,5598,77654,9365,0
11160650,가양2동,0,0,823888.0708498085,3.426893372891876,4.851461291443078,24.02032674037244,823888.0708498085,3.426893372891876,4.851461291443078,24.02032674037244,0,0,815,6515,6128,3368,766,100.0,100.0,0,1,1,815,6515,6128,3368,766,0
11160660,가양3동,0,0,472634.1872806426,2.269838701623179,7.573341045417196,46.35524598156966,472634.1872806426,2.269838701623179,7.573341045417196,46.35524598156966,0,0,1026,7837,5253,7209,1006,100.0,100.0,0,2,2,1026,7837,5253,7209,1006,0
11160670,발산1동,0,0,2887716.603527172,11.582162246629853,2.4105325183623534,15.682646671858135,2887716.603527172,11.582162246629853,2.4105325183623534,15.682646671858135,0,0,7198,20542,7913,35989,6432,76.14,76.14,0,3,3,7198,20542,7913,35989,6432,0
11160690,공항동,0,0,10861857.223280232,0.5057152617060292,4.812201963048027,8.668798727130481,10861857.223280232,0.5057152617060292,4.812201963048027,8.668798727130481,0,0,5075,17823,6563,34783,2480,49.33,49.33,0,12,12,5075,17823,6563,34783,2480,0
11160700,방화1동,0,0,1475630.0404498796,3.692329321095196,1.4810478982480704,45.19266984418221,1475630.0404498796,3.692329321095196,1.4810478982480704,45.19266984418221,0,0,7404,23936,10659,12672,3289,74.17,74.17,0,9,9,7404,23936,10659,12672,3289,0
11160710,방화2동,0,0,6157643.302226637,1.254322447577522,1.9841105625181636,10.567225887715743,6157643.302226637,1.254322447577522,1.9841105625181636,10.567225887715743,0,0,2252,13265,7181,11494,2292,54.1,54.1,0,10,10,2252,13265,7181,11494,2292,0
11160720,방화3동,0,0,2558951.096683657,2.100057074369696,2.9456413996222426,15.478803027303858,2558951.096683657,2.100057074369696,2.9456413996222426,15.478803027303858,0,0,2420,11828,7744,4612,1042,91.68,91.68,0,0,0,2420,11828,7744,4612,1042,0
11160730,화곡1동,0,0,1197765.6349612733,8.730797436293566,0.0,69.08813677817263,1197765.6349612733,8.730797436293566,0.0,69.08813677817263,0,0,4174,33650,12950,10246,3869,32.51,32.51,0,3,3,4174,33650,12950,10246,3869,0
11160740,우장산동,0,0,1261608.8212406707,6.349299323845238,3.202727024225114,58.04940331022232,1261608.8212406707,6.349299323845238,3.202727024225114,58.04940331022232,0,0,8548,25758,9402,7141,2370,72.11,72.11,0,2,2,8548,25758,9402,7141,2370,0
11170510,신도림동,0,0,1392811.2053147987,3.8312382749977134,2.0147236480816573,28.24196653648523,1392811.2053147987,3.8312382749977134,2.0147236480816573,28.24196653648523,0,0,6565,21914,7519,17291,3437,95.21,95.21,0,4,4,6565,21914,7519,17291,3437,0
11170520,구로1동,0,0,1008908.9779790372,0.0,0.0,28.616781626431383,1008908.9779790372,0.0,0.0,28.616781626431383,0,0,3467,12505,4538,2888,1023,98.44,98.44,0,2,2,3467,12505,4538,2888,1023,0
11170540,구로3동,0,0,1040133.0563558808,5.693899337022718,3.184185080708377,30.00483690810894,1040133.0563558808,5.693899337022718,3.184185080708377,30.00483690810894,0,0,2277,15891,5126,90351,9883,74.77,74.77,0,4,4,2277,15891,5126,90351,9883,0
11170550,구로4동,0,0,524509.5685509316,5.297603028933543,0.0,71.27866921702875,524509.5685509316,5.297603028933543,0.0,71.27866921702875,0,0,1481,10727,6445,6628,2347,72.3,72.3,0,3,3,1481,10727,6445,6628,2347,0
11170560,구로5동,0,0,1012489.653816002,17.179598253855083,7.775767244610258,44.38832907900433,1012489.653816002,17.179598253855083,7.775767244610258,44.38832907900433,0,0,2923,18850,7348,24272,4204,77.52,77.52,0,3,3,2923,18850,7348,24272,4204,0
11170610,고척1동,0,0,1151257.297165733,13.892138700026075,0.0001756733196299,35.15696128382887,1151257.297165733,13.892138700026075,0.0001756733196299,35.15696128382887,0,0,3506,16085,6793,10524,2934,82.52,82.52,0,2,2,3506,16085,6793,10524,2934,0
11170620,고척2동,0,0,1025588.6955039868,1.6044476613350571,8.98734159496366,53.60696995252505,1025588.6955039868,1.6044476613350571,8.98734159496366,53.60696995252505,0,0,3307,14473,8023,4489,1990,54.46,54.46,0,1,1,3307,14473,8023,4489,1990,0
11170640,개봉2동,0,0,782536.6278120531,0.0,6.024139239190035,62.67738158340074,782536.6278120531,0.0,6.024139239190035,62.67738158340074,0,0,3680,16319,9731,3818,1495,59.67,59.67,0,3,3,3680,16319,9731,3818,1495,0
11170650,개봉3동,0,0,828431.6825387753,0.0,0.0004821368901723,45.85385619480662,828431.6825387753,0.0,0.0004821368901723,45.85385619480662,0,0,2153,10904,6520,8404,1216,29.02,29.02,0,2,2,2153,10904,6520,8404,1216,0
11170670,오류1동,0,0,727426.365194894,7.214162979522515,0.0,51.155448367903745,727426.365194894,7.214162979522515,0.0,51.155448367903745,0,0,2052,14667,5937,5032,1707,59.88,59.88,0,1,1,2052,14667,5937,5032,1707,0
11170690,수궁동,0,0,2661396.053903932,0.5293860625970606,3.7908370294248295,23.634151662936905,2661396.053903932,0.5293860625970606,3.7908370294248295,23.634151662936905,0,0,2939,12713,7068,5938,1494,17.77,17.77,0,2,2,2939,12713,7068,5938,1494,0
11170700,가리봉동,0,0,411005.8069986949,0.0,0.0,82.63026059252738,411005.8069986949,0.0,0.0,82.63026059252738,0,0,401,5517,2848,3895,1056,4.38,4.38,0,3,3,401,5517,2848,3895,1056,0
11170710,구로2동,0,0,1703383.6930640044,14.89099902554434,6.4565531329552535,42.78608331423738,1703383.6930640044,14.89099902554434,6.4565531329552535,42.78608331423738,0,0,1786,12515,8138,29446,8862,26.29,26.29,0,5,5,1786,12515,8138,29446,8862,0
11170720,개봉1동,0,0,1320340.533352408,2.6657120955480074,0.1471007013769803,47.33808953508791,1320340.533352408,2.6657120955480074,0.1471007013769803,47.33808953508791,0,0,4130,19034,9967,5687,2226,54.92,54.92,0,3,3,4130,19034,9967,5687,2226,0
11170730,오류2동,0,0,3061068.0749830743,1.7873865679748733,2.8799885817451463,26.91379042861032,3061068.0749830743,1.7873865679748733,2.8799885817451463,26.91379042861032,0,0,6046,20649,10593,7863,2059,70.55,70.55,0,4,4,6046,20649,10593,7863,2059,0
11170740,항동,0,0,1446965.102774495,0.0,0.0,13.94305534232168,1446965.102774495,0.0,0.0,13.94305534232168,0,0,3939,9531,2865,3866,1123,88.11,88.11,0,2,2,3939,9531,2865,3866,1123,0
11180510,가산동,0,0,2512893.573405291,6.159608389129012,0.0,14.36638307717625,2512893.573405291,6.159608389129012,0.0,14.36638307717625,0,0,1187,19105,4403,183549,25031,50.3,50.3,0,4,4,1187,19105,4403,183549,25031,0
11180520,독산1동,0,0,2061954.428017948,7.577344151649504,8.33568683673591,18.34891060834495,2061954.428017948,7.577344151649504,8.33568683673591,18.34891060834495,0,0,5298,31385,9654,24359,5105,78.67,78.67,0,2,2,5298,31385,9654,24359,5105,0
11180530,독산2동,0,0,617183.7360351736,8.344719441362468,0.1962374312881075,63.465953877792835,617183.7360351736,8.344719441362468,0.1962374312881075,63.465953877792835,0,0,1697,10437,5682,3556,1343,4.67,4.67,0,0,0,1697,10437,5682,3556,1343,0
11180540,독산3동,0,0,935000.1938821484,12.948524224219634,0.0,51.97869872723879,935000.1938821484,12.948524224219634,0.0,51.97869872723879,0,0,1840,14330,7423,6229,2320,22.77,22.77,0,0,0,1840,14330,7423,6229,2320,0
11180550,독산4동,0,0,591055.0283972009,9.67231758108333,8.700219385501937,53.16839528929157,591055.0283972009,9.67231758108333,8.700219385501937,53.16839528929157,0,0,1273,8539,4719,2856,1220,10.86,10.86,0,0,0,1273,8539,4719,2856,1220,0
11180570,시흥1동,0,0,1523382.6598159892,13.92993313092325,0.1526266394748958,41.44185950474505,1523382.6598159892,13.92993313092325,0.1526266394748958,41.44185950474505,0,0,3415,19055,9650,15999,3850,47.54,47.54,0,1,1,3415,19055,9650,15999,3850,0
11180580,시흥2동,0,0,1308902.9094964885,0.0,1.8575755105383636,25.19096282767225,1308902.9094964885,0.0,1.8575755105383636,25.19096282767225,0,0,3157,10996,6417,2379,823,95.21,95.21,0,0,0,3157,10996,6417,2379,823,0
11180590,시흥3동,0,0,1261411.9901715547,13.628530595352414,3.3307595836609423,21.323340006608237,1261411.9901715547,13.628530595352414,3.3307595836609423,21.323340006608237,0,0,1026,5590,3615,8821,3463,11.65,11.65,0,1,1,1026,5590,3615,8821,3463,0
11180600,시흥4동,0,0,821722.6666660153,4.244640150041663,3.004792119299033,45.81953036438766,821722.6666660153,4.244640150041663,3.004792119299033,45.81953036438766,0,0,2039,10711,6646,1940,905,26.03,26.03,0,0,0,2039,10711,6646,1940,905,0
11180610,시흥5동,0,0,1386994.2152729786,2.2279777974864,0.0,31.359530664113628,1386994.2152729786,2.2279777974864,0.0,31.359530664113628,0,0,1879,9838,6475,3650,1259,25.48,25.48,0,0,0,1879,9838,6475,3650,1259,0
11190540,여의동,0,0,8437681.441971965,7.5089724968561296,17.750423658738118,6.258987414753199,8437681.441971965,7.5089724968561296,17.750423658738118,6.258987414753199,0,0,5270,19159,8921,185171,17285,100.0,100.0,0,12,12,5270,19159,8921,185171,17285,0
11190550,당산1동,0,0,745316.8817555531,32.73262929528223,6.69823582721108,40.13986595370246,745316.8817555531,32.73262929528223,6.69823582721108,40.13986595370246,0,0,1867,14205,4944,27681,5679,70.62,70.62,0,4,4,1867,14205,4944,27681,5679,0
11190560,당산2동,0,0,1581335.817405512,6.450009205976122,10.224391448055757,34.953556128528184,1581335.817405512,6.450009205976122,10.224391448055757,34.953556128528184,0,0,4696,24849,7142,28858,4050,84.1,84.1,0,6,6,4696,24849,7142,28858,4050,0
11190610,양평1동,0,0,974928.178597524,12.673710754713731,1.5336159559297802,26.427233995657605,974928.178597524,12.673710754713731,1.5336159559297802,26.427233995657605,0,0,2154,12583,3409,24405,2903,78.54,78.54,0,5,5,2154,12583,3409,24405,2903,0
11190620,양평2동,0,0,2874643.8452634625,11.055931812284072,16.512656822535618,11.165761647016549,2874643.8452634625,11.055931812284072,16.512656822535618,11.165761647016549,0,0,2860,15521,4152,22988,3153,63.08,63.08,0,6,6,2860,15521,4152,22988,3153,0
11190630,신길1동,0,0,722936.5076651262,9.435143683899746,1.99405781814769,58.39834730813149,722936.5076651262,9.435143683899746,1.99405781814769,58.39834730813149,0,0,1594,12561,5167,4321,1342,41.5,41.5,0,7,7,1594,12561,5167,4321,1342,0
11190650,신길3동,0,0,520091.8909809202,13.140741219997803,0.0,66.75328382701137,520091.8909809202,13.140741219997803,0.0,66.75328382701137,0,0,2044,9244,4710,2808,1155,67.08,67.08,0,1,1,2044,9244,4710,2808,1155,0
11190660,신길4동,0,0,322606.87568529934,4.451306175810337,0.004530105477015,77.24100143420168,322606.87568529934,4.451306175810337,0.004530105477015,77.24100143420168,0,0,1571,7011,3604,1371,545,71.63,71.63,0,1,1,1571,7011,3604,1371,545,0
11190670,신길5동,0,0,494660.8354668362,2.0627751821851272,7.542693644785678,70.70904172773015,494660.8354668362,2.0627751821851272,7.542693644785678,70.70904172773015,0,0,1380,5513,3051,1939,611,53.99,53.99,0,1,1,1380,5513,3051,1939,611,0
11190680,신길6동,0,0,618363.6414538965,6.201900076659041,0.0,69.8578081446213,618363.6414538965,6.201900076659041,0.0,69.8578081446213,0,0,2026,10840,4856,4565,1465,71.62,71.62,0,4,4,2026,10840,4856,4565,1465,0
11190690,신길7동,0,0,647180.4316647771,11.24064252994,11.556924554180824,50.59636071306252,647180.4316647771,11.24064252994,11.556924554180824,50.59636071306252,0,0,3668,12049,4085,3141,850,91.29,91.29,0,8,8,3668,12049,4085,3141,850,0
11190700,대림1동,0,0,498985.98638006113,7.345929526934282,0.0,75.78176232097161,498985.98638006113,7.345929526934282,0.0,75.78176232097161,0,0,1441,7767,4523,5072,1257,51.89,51.89,0,3,3,1441,7767,4523,5072,1257,0
11190710,대림2동,0,0,572548.8344834695,11.094057436569464,0.0,61.74979883924666,572548.8344834695,11.094057436569464,0.0,61.74979883924666,0,0,831,7002,3923,4649,1920,38.24,38.24,0,3,3,831,7002,3923,4649,1920,0
11190720,대림3동,0,0,921711.298189866,13.484739471471888,1.5995788995685983e-06,52.19565042779812,921711.298189866,13.484739471471888,1.5995788995685983e-06,52.19565042779812,0,0,2129,12431,6999,8768,2685,55.44,55.44,0,4,4,2129,12431,6999,8768,2685,0
11190730,영등포본동,0,0,846384.3645196548,2.7259860386490313,6.596794097406132,58.65861445230847,846384.3645196548,2.7259860386490313,6.596794097406132,58.65861445230847,1,1,2251,12350,6191,4961,1571,57.39,57.39,5,3,3,2251,12350,6191,4961,1571,5
11190740,영등포동,0,0,1372116.247718644,38.08455680614253,2.824366096737561,22.463374370174257,1372116.247718644,38.08455680614253,2.824366096737561,22.463374370174257,1,1,1911,23525,5121,45833,14591,69.31,69.31,5,6,6,1911,23525,5121,45833,14591,5
11190750,도림동,0,0,585894.1943435005,11.316820088692722,0.0,60.52589018152224,585894.1943435005,11.316820088692722,0.0,60.52589018152224,1,1,1606,11125,4848,3140,1422,39.72,39.72,5,3,3,1606,11125,4848,3140,1422,5
11190760,문래동,0,0,1786737.8583434294,18.049344919770206,11.12708308930902,22.697707032625956,1786737.8583434294,18.049344919770206,11.12708308930902,22.697707032625956,1,1,5831,19534,6749,50398,7117,96.02,96.02,5,7,7,5831,19534,6749,50398,7117,5
11200520,노량진2동,0,0,600578.2586440317,21.1475870586711,0.0,57.60691523004753,600578.2586440317,21.1475870586711,0.0,57.60691523004753,0,0,556,6460,3170,6801,1843,15.46,15.46,0,5,5,556,6460,3170,6801,1843,0
11200530,상도1동,0,0,1482881.137870706,3.150314323691799,0.6196621354429057,61.59293256552702,1482881.137870706,3.150314323691799,0.6196621354429057,61.59293256552702,0,0,5209,28371,10614,9253,2518,60.42,60.42,0,3,3,5209,28371,10614,9253,2518,0
11200540,상도2동,0,0,778668.5661219177,9.857419960481312,0.0,78.62640813270333,778668.5661219177,9.857419960481312,0.0,78.62640813270333,0,0,4169,16985,6339,5159,1649,75.82,75.82,0,2,2,4169,16985,6339,5159,1649,0
11200550,상도3동,0,0,637209.8714662027,6.10522764214668,0.0,74.8053064051357,637209.8714662027,6.10522764214668,0.0,74.8053064051357,0,0,2285,14928,6717,3441,1368,12.88,12.88,0,3,3,2285,14928,6717,3441,1368,0
11200560,상도4동,0,0,939577.660193645,1.9848002808325689,0.0,72.26918003587566,939577.660193645,1.9848002808325689,0.0,72.26918003587566,0,0,2929,16992,7767,3282,1362,15.94,15.94,0,4,4,2929,16992,7767,3282,1362,0
11200630,사당1동,0,0,635182.6549302198,3.3615892427583884,0.0,75.8741561655731,635182.6549302198,3.3615892427583884,0.0,75.8741561655731,0,0,1391,15547,5581,10847,2455,11.39,11.39,0,6,6,1391,15547,5581,10847,2455,0
11200650,사당3동,0,0,907699.1400302476,3.200664433027437,0.0,49.99420067887841,907699.1400302476,3.200664433027437,0.0,49.99420067887841,0,0,3300,13717,6678,4734,1304,68.73,68.73,0,4,4,3300,13717,6678,4734,1304,0
11200660,사당4동,0,0,436154.8714182475,0.0,0.0,67.91476227660547,436154.8714182475,0.0,0.0,67.91476227660547,0,0,1228,8616,3980,1880,871,23.35,23.35,0,2,2,1228,8616,3980,1880,871,0
11200670,사당5동,0,0,682209.6161497799,0.0,0.0,38.998551879446666,682209.6161497799,0.0,0.0,38.998551879446666,0,0,1743,8829,3577,1930,797,59.49,59.49,0,2,2,1743,8829,3577,1930,797,0
11200680,대방동,0,0,1544928.377728226,10.276482272107474,6.68694522602494,42.09688407926818,1544928.377728226,10.276482272107474,6.68694522602494,42.09688407926818,0,0,5174,22343,8121,12000,2222,61.08,61.08,0,10,10,5174,22343,8121,12000,2222,0
11200690,신대방1동,0,0,675291.6992149056,6.879886277887397,2.4359762049609923,57.01528883445254,675291.6992149056,6.879886277887397,2.4359762049609923,57.01528883445254,0,0,3512,13914,5871,4189,1347,71.82,71.82,0,4,4,3512,13914,5871,4189,1347,0
11200700,신대방2동,0,0,977393.3092370136,13.6331843945677,38.582542267888854,32.56890785486975,977393.3092370136,13.6331843945677,38.582542267888854,32.56890785486975,0,0,3211,13934,4878,17213,1749,62.53,62.53,0,7,7,3211,13934,4878,17213,1749,0
11200710,흑석동,0,0,1708333.586888482,0.0,2.0136334269851375,53.95953783174144,1708333.586888482,0.0,2.0136334269851375,53.95953783174144,0,0,4509,18182,7270,10586,1696,83.46,83.46,0,3,3,4509,18182,7270,10586,1696,0
11200720,노량진1동,0,0,1613472.1214905106,9.759692679198734,3.5630082282979543,43.74974223754108,1613472.1214905106,9.759692679198734,3.5630082282979543,43.74974223754108,0,0,3389,20147,8486,7175,2169,78.08,78.08,0,6,6,3389,20147,8486,7175,2169,0
11200730,사당2동,0,0,2763246.319930862,1.9519260055507688,1.890920931410207,20.14301311668339,2763246.319930862,1.9519260055507688,1.890920931410207,20.14301311668339,0,0,3460,16558,8132,6229,2118,78.39,78.39,0,6,6,3460,16558,8132,6229,2118,0
11210520,보라매동,0,0,749893.1701908559,6.635878263745831,0.0,64.30392173158363,749893.1701908559,6.635878263745831,0.0,64.30392173158363,0,0,2229,15014,6585,7212,1827,22.46,22.46,0,5,5,2229,15014,6585,7212,1827,0
11210540,청림동,0,0,297159.8212044256,0.0,0.0,62.31035770378851,297159.8212044256,0.0,0.0,62.31035770378851,0,0,2129,8570,4025,1493,695,82.79,82.79,0,0,0,2129,8570,4025,1493,695,0
11210570,행운동,0,0,718246.4274779836,3.066670902540365,0.0,68.281991563881,718246.4274779836,3.066670902540365,0.0,68.281991563881,0,0,2080,20486,6299,6632,1960,49.39,49.39,0,2,2,2080,20486,6299,6632,1960,0
11210580,낙성대동,0,0,2262854.666174596,2.053242147828378,2.4558825045510044,13.967265577328003,2262854.666174596,2.053242147828378,2.4558825045510044,13.967265577328003,0,0,1294,13159,2825,8617,1832,42.69,42.69,0,2,2,1294,13159,2825,8617,1832,0
11210610,중앙동,0,0,384734.5044859808,11.14717555453604,0.0,65.24298145167941,384734.5044859808,11.14717555453604,0.0,65.24298145167941,0,0,859,10978,3344,5124,1576,28.15,28.15,0,2,2,859,10978,3344,5124,1576,0
11210620,인헌동,0,0,1089095.3988644893,1.3317957513294538,0.0,40.32895090314019,1089095.3988644893,1.3317957513294538,0.0,40.32895090314019,0,0,2134,17464,5856,4469,1449,18.72,18.72,0,1,1,2134,17464,5856,4469,1449,0
11210630,남현동,0,0,3281077.0891743945,1.042475126928673,1.4994756247378205,13.447124801165558,3281077.0891743945,1.042475126928673,1.4994756247378205,13.447124801165558,0,0,1420,11976,4291,6669,1453,39.88,39.88,0,3,3,1420,11976,4291,6669,1453,0
11210640,서원동,0,0,647542.904671958,11.55466165749734,0.0,61.5724018752713,647542.904671958,11.55466165749734,0.0,61.5724018752713,0,0,1249,16816,4859,8251,1794,18.81,18.81,0,5,5,1249,16816,4859,8251,1794,0
11210650,신원동,0,0,544985.8931349382,2.9430006539310476,0.0,65.32086943703791,544985.8931349382,2.9430006539310476,0.0,65.32086943703791,0,0,1079,11945,4544,2624,1110,17.11,17.11,0,4,4,1079,11945,4544,2624,1110,0
11210660,서림동,0,0,941267.0889877628,3.27234137554688,0.0,47.53099490278186,941267.0889877628,3.27234137554688,0.0,47.53099490278186,0,0,1538,16476,5335,2893,1233,33.58,33.58,0,3,3,1538,16476,5335,2893,1233,0
11210680,신사동,0,0,641041.842988776,9.633307018164494,0.0177993071079064,63.63849039057534,641041.842988776,9.633307018164494,0.0177993071079064,63.63849039057534,0,0,1440,15640,5205,4368,1787,6.57,6.57,0,3,3,1440,15640,5205,4368,1787,0
11210690,신림동,0,0,541248.6290235299,23.402028052896775,3.107923738707469,47.841487213956405,541248.6290235299,23.402028052896775,3.107923738707469,47.841487213956405,0,0,685,19377,2778,5851,2181,30.52,30.52,0,5,5,685,19377,2778,5851,2181,0
11210710,난향동,0,0,821409.8935243171,2.0836502889235757,0.0,36.13665669493642,821409.8935243171,2.0836502889235757,0.0,36.13665669493642,0,0,2213,8387,4130,1917,617,78.61,78.61,0,0,0,2213,8387,4130,1917,617,0
11210720,조원동,0,0,666617.4717171628,16.336219131715975,2.9752047225688725,51.13428929816537,666617.4717171628,16.336219131715975,2.9752047225688725,51.13428929816537,0,0,1502,13678,4463,6434,2053,44.74,44.74,0,2,2,1502,13678,4463,6434,2053,0
11210730,대학동,0,0,8405319.648705227,0.3626554211777201,0.2797376915180213,5.835557931471934,8405319.648705227,0.3626554211777201,0.2797376915180213,5.835557931471934,0,0,1463,18122,4696,16255,2076,49.59,49.59,0,2,2,1463,18122,4696,16255,2076,0
11210780,은천동,0,0,776224.673639559,11.353350834991891,0.0,66.33352569286734,776224.673639559,11.353350834991891,0.0,66.33352569286734,0,0,4078,19660,8657,7517,2181,56.91,56.91,0,3,3,4078,19660,8657,7517,2181,0
11210790,성현동,0,0,678233.6594675132,0.0,4.988553767967648,73.2255755977357,678233.6594675132,0.0,4.988553767967648,73.2255755977357,0,0,4165,16281,7821,2976,1180,82.98,82.98,0,1,1,4165,16281,7821,2976,1180,0
11210800,청룡동,0,0,1195623.7918733344,12.051003627148654,1.8958259491041,42.82294765564802,1195623.7918733344,12.051003627148654,1.8958259491041,42.82294765564802,0,0,2502,26674,6607,12886,2594,55.0,55.0,0,6,6,2502,26674,6607,12886,2594,0
11210810,난곡동,0,0,972388.6435223812,2.343655939367352,0.0,53.339548566277614,972388.6435223812,2.343655939367352,0.0,53.339548566277614,0,0,2434,14759,8141,2790,1181,11.66,11.66,0,0,0,2434,14759,8141,2790,1181,0
11210820,삼성동,0,0,2604428.7897035293,0.674051987561247,0.4766885313029876,23.69457439906774,2604428.7897035293,0.674051987561247,0.4766885313029876,23.69457439906774,0,0,1728,10478,7776,2516,1014,67.27,67.27,0,2,2,1728,10478,7776,2516,1014,0
11210830,미성동,0,0,1359451.701393907,5.382577264603175,0.749361381471236,43.110251192418666,1359451.701393907,5.382577264603175,0.749361381471236,43.110251192418666,0,0,3338,17390,8830,5347,1848,41.47,41.47,0,0,0,3338,17390,8830,5347,1848,0
11220510,서초1동,0,0,1382707.5141713049,13.675732265281818,7.433381317607826,41.65793062137417,1382707.5141713049,13.675732265281818,7.433381317607826,41.65793062137417,0,0,2982,12668,4515,38516,5279,67.21,67.21,0,3,3,2982,12668,4515,38516,5279,0
11220520,서초2동,0,0,1230944.4123687933,21.603454057800043,8.310230213912842,33.03917380536765,1230944.4123687933,21.603454057800043,8.310230213912842,33.03917380536765,0,0,4295,15981,4404,76349,8269,92.47,92.47,0,4,4,4295,15981,4404,76349,8269,0
11220530,서초3동,0,0,2998620.4399686917,19.519984953876605,22.63318290524017,20.637829671397743,2998620.4399686917,19.519984953876605,22.63318290524017,20.637829671397743,0,0,4237,20577,7202,93255,11147,63.11,63.11,0,5,5,4237,20577,7202,93255,11147,0
11220540,서초4동,0,0,879787.4817313282,21.338906303890116,0.6307062063533818,53.430205015280066,879787.4817313282,21.338906303890116,0.6307062063533818,53.430205015280066,0,0,6586,17588,6110,29297,4180,99.14,99.14,0,7,7,6586,17588,6110,29297,4180,0
11220550,잠원동,0,0,1756895.3444830882,3.363707529684829,9.21112508993456,42.59811551889089,1756895.3444830882,3.363707529684829,9.21112508993456,42.59811551889089,0,0,5122,16422,5268,17138,3235,88.25,88.25,0,7,7,5122,16422,5268,17138,3235,0
11220560,반포본동,0,0,972551.610144596,1.6363336129418349,12.836403958812948,42.57758765663357,972551.610144596,1.6363336129418349,12.836403958812948,42.57758765663357,0,0,44,137,49,949,229,100.0,100.0,0,4,4,44,137,49,949,229,0
11220570,반포1동,0,0,992383.801911496,5.215046063862937,0.0,65.66432927427547,992383.801911496,5.215046063862937,0.0,65.66432927427547,0,0,6966,20891,5951,11439,2510,72.77,72.77,0,9,9,6966,20891,5951,11439,2510,0
11220580,반포2동,0,0,1396053.8718681936,2.102867660881672,9.166835558091424,29.1632646159878,1396053.8718681936,2.102867660881672,9.166835558091424,29.1632646159878,0,0,5942,12842,4521,2617,569,100.0,100.0,0,5,5,5942,12842,4521,2617,569,0
11220590,반포3동,0,0,1251728.5827657883,5.501674752586074,12.183284514788811,33.1788550832174,1251728.5827657883,5.501674752586074,12.183284514788811,33.1788550832174,0,0,5158,13886,4728,7367,1410,99.91,99.91,0,6,6,5158,13886,4728,7367,1410,0
11220600,반포4동,0,0,1427164.0110060154,20.127028297715984,23.738010979475035,35.547108152056765,1427164.0110060154,20.127028297715984,23.738010979475035,35.547108152056765,0,0,3522,10729,4222,28826,4063,61.9,61.9,0,8,8,3522,10729,4222,28826,4063,0
11220610,방배본동,0,0,677520.9856747629,7.2829756853745025,0.087430118966449,67.67846578317214,677520.9856747629,7.2829756853745025,0.087430118966449,67.67846578317214,0,0,3931,11863,4620,9270,2240,60.21,60.21,0,3,3,3931,11863,4620,9270,2240,0
11220620,방배1동,0,0,689255.663967906,7.448655765069061,14.93119180820526,58.183079513187266,689255.663967906,7.448655765069061,14.93119180820526,58.183079513187266,0,0,2232,10050,4230,23145,2676,35.19,35.19,0,2,2,2232,10050,4230,23145,2676,0
11220630,방배2동,0,0,1904061.322949754,2.6675555791088543,4.899500194376576,37.44095939577283,1904061.322949754,2.6675555791088543,4.899500194376576,37.44095939577283,0,0,2442,10560,5047,16664,2634,41.25,41.25,0,8,8,2442,10560,5047,16664,2634,0
11220640,방배3동,0,0,2375171.9988673576,3.096019333719791,1.1338899293544515,25.62992810551267,2375171.9988673576,3.096019333719791,1.1338899293544515,25.62992810551267,0,0,2689,8847,4346,12585,1906,83.33,83.33,0,3,3,2689,8847,4346,12585,1906,0
11220650,방배4동,0,0,949542.2496726236,4.878005050956733,11.0073570727048,62.43694597597561,949542.2496726236,4.878005050956733,11.0073570727048,62.43694597597561,0,0,3885,13756,5141,13760,3228,47.9,47.9,0,4,4,3885,13756,5141,13760,3228,0
11220660,양재1동,0,0,5765451.0973090995,3.898134115659419,2.926937551535184,11.766835285556798,5765451.0973090995,3.898134115659419,2.926937551535184,11.766835285556798,0,0,7160,24082,10746,49549,5382,74.04,74.04,0,4,4,7160,24082,10746,49549,5382,0
11220670,양재2동,0,0,7562389.876505507,10.956356495451924,6.650295171286265,4.941374685305841,7562389.876505507,10.956356495451924,6.650295171286265,4.941374685305841,0,0,2440,14082,4774,51197,7134,12.42,12.42,0,2,2,2440,14082,4774,51197,7134,0
11220680,내곡동,0,0,12709085.00540035,1.522291996770738,4.554224986672514,4.815453015535693,12709085.00540035,1.522291996770738,4.554224986672514,4.815453015535693,0,0,2991,9352,4853,10233,1325,87.19,87.19,0,1,1,2991,9352,4853,10233,1325,0
11230510,신사동,0,0,2059267.8580080527,6.397837507522926,10.337965366415949,28.891742367867874,2059267.8580080527,6.397837507522926,10.337965366415949,28.891742367867874,0,0,2347,8997,4098,27934,5847,76.84,76.84,0,4,4,2347,8997,4098,27934,5847,0
11230520,논현1동,0,0,1258764.6507890488,11.128107085957986,0.0,63.40289278855378,1258764.6507890488,11.128107085957986,0.0,63.40289278855378,0,0,1369,15495,4176,49670,8020,31.87,31.87,0,8,8,1369,15495,4176,49670,8020,0
11230530,논현2동,0,0,1458547.669432969,24.727162759802766,4.743987759199902,47.9832707368464,1458547.669432969,24.727162759802766,4.743987759199902,47.9832707368464,0,0,2080,13911,4416,68183,8291,51.1,51.1,0,7,7,2080,13911,4416,68183,8291,0
11230580,삼성1동,0,0,1944660.0929147715,12.409589296825915,23.752878159289725,20.1674107870534,1944660.0929147715,12.409589296825915,23.752878159289725,20.1674107870534,0,0,1776,7241,3133,71426,7462,70.17,70.17,0,6,6,1776,7241,3133,71426,7462,0
11230590,삼성2동,0,0,1242291.612116843,15.318721401147394,21.992186257657917,44.08433760707669,1242291.612116843,15.318721401147394,21.992186257657917,44.08433760707669,0,0,5524,19649,5420,48075,5954,72.92,72.92,0,8,8,5524,19649,5420,48075,5954,0
11230600,대치1동,0,0,809835.9157511075,9.690681226110309,4.804830372818572,47.27677794895753,809835.9157511075,9.690681226110309,4.804830372818572,47.27677794895753,0,0,6873,13070,3946,7798,1377,99.19,99.19,0,6,6,6873,13070,3946,7798,1377,0
11230630,대치4동,0,0,701092.7189487013,31.83473949068325,0.0,46.96055879598504,701092.7189487013,31.83473949068325,0.0,46.96055879598504,0,0,2807,12811,3020,32608,5484,31.33,31.33,0,3,3,2807,12811,3020,32608,5484,0
11230640,역삼1동,0,0,2362171.475435159,32.99469621936802,4.24778787837648,40.37536824985603,2362171.475435159,32.99469621936802,4.24778787837648,40.37536824985603,0,0,2143,26570,5418,171515,19243,29.24,29.24,0,10,10,2143,26570,5418,171515,19243,0
11230650,역삼2동,0,0,1135047.6533913848,22.173759308520044,1.7595484727294466,51.57735969946341,1135047.6533913848,22.173759308520044,1.7595484727294466,51.57735969946341,0,0,7985,23169,5244,42557,5600,76.7,76.7,0,4,4,7985,23169,5244,42557,5600,0
11230660,도곡1동,0,0,1050626.2764697203,9.245213581681847,34.533097854927384,30.677079598959317,1050626.2764697203,9.245213581681847,34.533097854927384,30.677079598959317,0,0,3805,12242,4519,19183,2286,86.7,86.7,0,3,3,3805,12242,4519,19183,2286,0
11230670,도곡2동,0,0,990779.0022442362,8.54962049092855,8.441096588411149,43.37118353000261,990779.0022442362,8.54962049092855,8.441096588411149,43.37118353000261,0,0,7205,18218,7226,21716,2793,95.26,95.26,0,5,5,7205,18218,7226,21716,2793,0
11230680,개포1동,0,0,1449975.081151793,1.954753796235682,1.030636714404451,38.15940636979653,1449975.081151793,1.954753796235682,1.030636714404451,38.15940636979653,0,0,2228,6320,3338,1116,254,98.72,98.72,0,3,3,2228,6320,3338,1116,254,0
11230710,개포4동,0,0,1665487.9013797638,11.949891857744143,6.999836453535055,23.986734376828423,1665487.9013797638,11.949891857744143,6.999836453535055,23.986734376828423,0,0,3689,14201,5313,10653,2827,46.27,46.27,0,1,1,3689,14201,5313,10653,2827,0
11230720,일원본동,0,0,2354662.636919847,0.0043873846133139,6.8889860635064375,17.25039920332069,2354662.636919847,0.0043873846133139,6.8889860635064375,17.25039920332069,0,0,5025,12730,5050,10089,707,94.78,94.78,0,1,1,5025,12730,5050,10089,707,0
11230730,일원1동,0,0,953486.664653117,5.074914610117386,10.097411969137216,27.597473300344692,953486.664653117,5.074914610117386,10.097411969137216,27.597473300344692,0,0,1575,8215,4768,5804,1234,58.11,58.11,0,1,1,1575,8215,4768,5804,1234,0
11230740,일원2동,0,0,1300311.078114773,1.954339844342678,11.641038080086918,29.467161530733655,1300311.078114773,1.954339844342678,11.641038080086918,29.467161530733655,0,0,2624,9388,4820,9337,749,100.0,100.0,0,0,0,2624,9388,4820,9337,749,0
11230750,수서동,0,0,1629429.578736132,2.08002287033847,6.835310651202498,15.210338358539142,1629429.578736132,2.08002287033847,6.835310651202498,15.210338358539142,0,0,1013,6456,6558,17682,1812,99.21,99.21,0,2,2,1013,6456,6558,17682,1812,0
11230760,세곡동,0,0,6367874.507025168,1.1765432338113728,0.2366478506034145,6.271794934234294,6367874.507025168,1.1765432338113728,0.2366478506034145,6.271794934234294,0,0,8709,26701,10121,9536,2437,92.54,92.54,0,4,4,8709,26701,10121,9536,2437,0
11230770,압구정동,0,0,2345094.8771129805,4.495932912096156,3.4142906554197867,41.99222960489833,2345094.8771129805,4.495932912096156,3.4142906554197867,41.99222960489833,0,0,4479,14073,7028,38685,5746,90.71,90.71,0,2,2,4479,14073,7028,38685,5746,0
11230780,청담동,0,0,2329254.634192426,10.7272140122474,3.4194765741121307,37.38586910880733,2329254.634192426,10.7272140122474,3.4194765741121307,37.38586910880733,0,0,3864,15262,5503,43007,6336,74.56,74.56,0,4,4,3864,15262,5503,43007,6336,0
11230790,대치2동,0,0,1837396.610507752,15.994168798608394,6.36443343102181,35.41302246570946,1837396.610507752,15.994168798608394,6.36443343102181,35.41302246570946,0,0,8923,21347,7965,58795,5599,92.44,92.44,0,7,7,8923,21347,7965,58795,5599,0
11230800,개포2동,0,0,2243374.709892442,1.1428906523574394,7.306176789755696,30.797265528289465,2243374.709892442,1.1428906523574394,7.306176789755696,30.797265528289465,0,0,8770,25034,7880,4240,1294,97.43,97.43,0,8,8,8770,25034,7880,4240,1294,0
11240510,풍납1동,0,0,1075311.079421083,1.2628576055696423,9.62870230316958,30.922773589582448,1075311.079421083,1.2628576055696423,9.62870230316958,30.922773589582448,0,0,1231,6493,4064,2105,724,51.85,51.85,0,3,3,1231,6493,4064,2105,724,0
11240520,풍납2동,0,0,2564595.7671117433,2.2612000024982395,8.318409679425145,18.52562711908376,2564595.7671117433,2.2612000024982395,8.318409679425145,18.52562711908376,0,0,3440,14382,5886,16221,1621,74.07,74.07,0,4,4,3440,14382,5886,16221,1621,0
11240530,거여1동,0,0,522316.8036907272,4.210247247381855,9.179958640272426,46.987046328863194,522316.8036907272,4.210247247381855,9.179958640272426,46.987046328863194,0,0,1339,7002,3686,3457,1081,44.52,44.52,0,2,2,1339,7002,3686,3457,1081,0
11240540,거여2동,0,0,509628.6730070843,8.188186858428766,0.0,76.86685212080722,509628.6730070843,8.188186858428766,0.0,76.86685212080722,0,0,3522,13578,6461,4829,1257,89.14,89.14,0,2,2,3522,13578,6461,4829,1257,0
11240550,마천1동,0,0,575267.4399562683,0.0,0.0,60.67430406012815,575267.4399562683,0.0,0.0,60.67430406012815,0,0,2021,9699,6262,2867,1167,44.6,44.6,0,1,1,2021,9699,6262,2867,1167,0
11240560,마천2동,0,0,890702.2959561547,4.430636917538797,0.0,41.0002260700862,890702.2959561547,4.430636917538797,0.0,41.0002260700862,0,0,1633,9590,6361,4307,1411,25.26,25.26,0,1,1,1633,9590,6361,4307,1411,0
11240570,방이1동,0,0,609269.1981193487,17.30342571484376,6.498882476288028,45.35690669329679,609269.1981193487,17.30342571484376,6.498882476288028,45.35690669329679,0,0,2338,9168,3618,7796,1771,43.14,43.14,0,5,5,2338,9168,3618,7796,1771,0
11240580,방이2동,0,0,769853.3722061955,33.6368183863245,1.3722053096584237,47.13601304467992,769853.3722061955,33.6368183863245,1.3722053096584237,47.13601304467992,0,0,2027,18675,5538,22550,4894,16.55,16.55,0,4,4,2027,18675,5538,22550,4894,0
11240590,오륜동,0,0,3085137.8850550973,0.7150972947039967,0.0,11.117672553453543,3085137.8850550973,0.7150972947039967,0.0,11.117672553453543,0,0,3619,9576,4601,5009,780,100.0,100.0,0,7,7,3619,9576,4601,5009,780,0
11240600,오금동,0,0,1648894.585289176,11.12686548205937,1.419694187555263,35.57369153997586,1648894.585289176,11.12686548205937,1.419694187555263,35.57369153997586,0,0,5217,21655,10541,18895,3230,55.63,55.63,0,5,5,5217,21655,10541,18895,3230,0
11240610,송파1동,0,0,686936.3788711982,15.78202797150513,0.0,67.04318082655575,686936.3788711982,15.78202797150513,0.0,67.04318082655575,0,0,2097,15935,5334,13205,2926,14.47,14.47,0,5,5,2097,15935,5334,13205,2926,0
11240620,송파2동,0,0,631032.8769514296,3.7030513153122766,0.0,46.31504478212849,631032.8769514296,3.7030513153122766,0.0,46.31504478212849,0,0,2983,10881,4684,3904,1186,69.79,69.79,0,7,7,2983,10881,4684,3904,1186,0
11240630,석촌동,0,0,946929.6934909874,26.144712974029765,6.820405537384644,44.93090683069481,946929.6934909874,26.144712974029765,6.820405537384644,44.93090683069481,0,0,2813,20809,7144,14722,3546,9.21,9.21,0,4,4,2813,20809,7144,14722,3546,0
11240640,삼전동,0,0,953353.615874517,7.393965688727874,1.3633342322909394,54.94977042379451,953353.615874517,7.393965688727874,1.3633342322909394,54.94977042379451,0,0,2820,19893,6362,10704,2555,3.96,3.96,0,2,2,2820,19893,6362,10704,2555,0
11240650,가락본동,0,0,1014754.6496118576,23.754674119865232,4.018401572793612,31.063637724498783,1014754.6496118576,23.754674119865232,4.018401572793612,31.063637724498783,0,0,2967,15709,6511,27038,4737,58.59,58.59,0,8,8,2967,15709,6511,27038,4737,0
11240660,가락1동,0,0,1393250.3076976822,34.00060031089553,1.1717779091183498,29.13266415753531,1393250.3076976822,34.00060031089553,1.1717779091183498,29.13266415753531,0,0,5719,15857,5892,12851,3808,100.0,100.0,0,3,3,5719,15857,5892,12851,3808,0
11240670,가락2동,0,0,932326.3930574816,9.055449623153017,8.542672962288798,55.079899556640264,932326.3930574816,9.055449623153017,8.542672962288798,55.079899556640264,0,0,5255,18817,7139,11767,3166,61.24,61.24,0,5,5,5255,18817,7139,11767,3166,0
11240680,문정1동,0,0,612556.066276383,11.939736915256857,0.0,56.586308580255974,612556.066276383,11.939736915256857,0.0,56.586308580255974,0,0,2439,11969,5113,7514,1783,50.47,50.47,0,5,5,2439,11969,5113,7514,1783,0
11240690,문정2동,0,0,2242068.763393828,2.615791057699034,1.5907973344974495,15.036264293501734,2242068.763393828,2.615791057699034,1.5907973344974495,15.036264293501734,0,0,2902,19918,5969,97117,11426,100.0,100.0,0,6,6,2902,19918,5969,97117,11426,0
11240710,잠실본동,0,0,1029013.5915766852,20.68148478718565,1.5575989356410418,44.575363387297806,1029013.5915766852,20.68148478718565,1.5575989356410418,44.575363387297806,0,0,2449,19326,5975,22363,4282,17.5,17.5,0,3,3,2449,19326,5975,22363,4282,0
11240750,잠실4동,0,0,780216.1616542632,0.0,0.0255917412954593,63.20364816129519,780216.1616542632,0.0,0.0255917412954593,63.20364816129519,0,0,4931,11834,4444,1645,582,100.0,100.0,0,5,5,4931,11834,4444,1645,582,0
11240770,잠실6동,0,0,1508025.5931951718,7.284858903312139,11.844982602188017,15.301558738904966,1508025.5931951718,7.284858903312139,11.844982602188017,15.301558738904966,0,0,2947,9127,4432,63129,3034,100.0,100.0,0,7,7,2947,9127,4432,63129,3034,0
11240780,잠실7동,0,0,723498.097451855,0.0,19.256352457867585,34.07733923120613,723498.097451855,0.0,19.256352457867585,34.07733923120613,0,0,1435,4931,3053,1213,339,100.0,100.0,0,2,2,1435,4931,3053,1213,339,0
11240790,잠실2동,0,0,2686893.9481151667,4.375227463160052e-05,27.73093610134821,17.11630014650074,2686893.9481151667,4.375227463160052e-05,27.73093610134821,17.11630014650074,0,0,9111,20260,5533,3929,1188,100.0,100.0,0,2,2,9111,20260,5533,3929,1188,0
11240800,잠실3동,0,0,1542667.7495205824,10.692868057561022,2.5062292010554756,36.25195097558976,1542667.7495205824,10.692868057561022,2.5062292010554756,36.25195097558976,0,0,6580,18570,8662,8305,1842,100.0,100.0,0,6,6,6580,18570,8662,8305,1842,0
11240810,장지동,0,0,1278375.4975083026,14.801222216695187,0.0,31.974299892189535,1278375.4975083026,14.801222216695187,0.0,31.974299892189535,0,0,4332,16948,7221,10313,1654,78.18,78.18,0,4,4,4332,16948,7221,10313,1654,0
11240820,위례동,0,0,2640695.0039777635,0.4551697243314829,0.0,2.644521067127558,2640695.0039777635,0.4551697243314829,0.0,2.644521067127558,0,0,12600,26303,6008,6902,1648,99.37,99.37,0,5,5,12600,26303,6008,6902,1648,0
11250530,명일1동,0,0,634952.3557059799,8.419895253004013,0.0,73.85699232682002,634952.3557059799,8.419895253004013,0.0,73.85699232682002,0,0,4367,14515,6396,7309,2558,81.9,81.9,0,3,3,4367,14515,6396,7309,2558,0
11250540,명일2동,0,0,914343.4648566868,7.726324446478324,0.0,40.32311160188204,914343.4648566868,7.726324446478324,0.0,40.32311160188204,0,0,3313,9526,4197,5589,1474,90.0,90.0,0,3,3,3313,9526,4197,5589,1474,0
11250550,고덕1동,0,0,1518519.7017928208,3.3285903738149263,0.0,31.0277018666072,1518519.7017928208,3.3285903738149263,0.0,31.0277018666072,0,0,6081,13144,4760,2811,999,87.16,87.16,0,2,2,6081,13144,4760,2811,999,0
11250560,고덕2동,0,0,2475353.801416625,1.381471960914472,7.9655607631545085,17.241929618536304,2475353.801416625,1.381471960914472,7.9655607631545085,17.241929618536304,0,0,4758,13124,4891,5860,1320,82.98,82.98,0,3,3,4758,13124,4891,5860,1320,0
11250580,암사2동,0,0,2174364.728126114,1.6153527496744713,0.0,10.493262445745556,2174364.728126114,1.6153527496744713,0.0,10.493262445745556,0,0,2127,8986,3761,3514,1052,78.54,78.54,0,1,1,2127,8986,3761,3514,1052,0
11250590,암사3동,0,0,1799397.0474352178,0.9319850142194444,0.0,17.265856215084145,1799397.0474352178,0.9319850142194444,0.0,17.265856215084145,0,0,3442,9535,4195,2782,1210,85.25,85.25,0,1,1,3442,9535,4195,2782,1210,0
11250610,천호1동,0,0,669009.1815196237,4.025278567751276,0.0,73.05701369595229,669009.1815196237,4.025278567751276,0.0,73.05701369595229,0,0,2646,15157,8168,5465,2066,31.85,31.85,0,3,3,2646,15157,8168,5465,2066,0
11250630,천호3동,0,0,561881.0869638725,13.484516156152091,0.0,74.40434718951387,561881.0869638725,13.484516156152091,0.0,74.40434718951387,0,0,2198,16672,7184,9135,2299,55.65,55.65,0,5,5,2198,16672,7184,9135,2299,0
11250650,성내1동,0,0,663685.9419805313,17.992974850604718,2.62708607296569,49.909650955221935,663685.9419805313,17.992974850604718,2.62708607296569,49.909650955221935,0,0,2900,11664,4827,19343,2788,49.81,49.81,0,2,2,2900,11664,4827,19343,2788,0
11250660,성내2동,0,0,625157.3203783951,1.908785387935327,0.0,79.2810569471552,625157.3203783951,1.908785387935327,0.0,79.2810569471552,0,0,1878,14862,6765,6560,2361,38.88,38.88,0,5,5,1878,14862,6765,6560,2361,0
11250670,성내3동,0,0,647366.910593564,21.03520401554076,0.0,54.6853800444506,647366.910593564,21.03520401554076,0.0,54.6853800444506,0,0,2471,13741,6225,9030,2951,40.58,40.58,0,4,4,2471,13741,6225,9030,2951,0
11250700,둔촌1동,0,0,912192.4417152164,4.15684397457861,0.0,53.00092820493706,912192.4417152164,4.15684397457861,0.0,53.00092820493706,0,0,5,34,13,205,22,0.0,0.0,0,3,3,5,34,13,205,22,0
11250710,둔촌2동,0,0,1550480.183998424,3.7905784242460134,2.7039428193066284,33.028518697872606,1550480.183998424,3.7905784242460134,2.7039428193066284,33.028518697872606,0,0,3369,14256,6672,9432,1830,61.34,61.34,0,3,3,3369,14256,6672,9432,1830,0
11250720,암사1동,0,0,735491.4921592422,3.10529608343203,0.0,76.5238087493955,735491.4921592422,3.10529608343203,0.0,76.5238087493955,0,0,4032,20083,9614,6285,2332,26.89,26.89,0,2,2,4032,20083,9614,6285,2332,0
11250730,천호2동,0,0,1850883.410607988,9.572703788331827,0.0,32.185682876390395,1850883.410607988,9.572703788331827,0.0,32.185682876390395,0,0,3076,20476,9234,14701,4229,34.94,34.94,0,3,3,3076,20476,9234,14701,4229,0
11250740,길동,0,0,1631642.7039356472,13.916830326892828,0.3033481066695226,42.19271507668711,1631642.7039356472,13.916830326892828,0.3033481066695226,42.19271507668711,0,0,4622,27129,12924,19527,5177,63.79,63.79,0,3,3,4622,27129,12924,19527,5177,0
11250750,강일동,0,0,2272204.272035799,0.0,0.0324378733980252,12.154549705951938,2272204.272035799,0.0,0.0324378733980252,12.154549705951938,0,0,6789,18514,8796,4894,1330,99.77,99.77,0,2,2,6789,18514,8796,4894,1330,0
11250760,상일1동,0,0,1804074.5399574884,5.238988236934811,0.0,42.409250541862306,1804074.5399574884,5.238988236934811,0.0,42.409250541862306,0,0,9335,22059,7923,7003,1638,87.88,87.88,0,3,3,9335,22059,7923,7003,1638,0
11250770,상일2동,0,0,1116420.4438503054,5.007217365760286,0.0,2.35808805960997,1116420.4438503054,5.007217365760286,0.0,2.35808805960997,0,0,2344,6733,2659,17923,468,98.73,98.73,0,2,2,2344,6733,2659,17923,468,0
23010520,연안동,0,0,5702041.92286055,0.0,0.8221191554142823,0.0,5702041.92286055,0.0,0.8221191554142823,0.0,0,0,422,2674,2337,12289,2357,93.83,93.83,0,0,0,422,2674,2337,12289,2357,0
23010530,신포동,0,0,1589150.2502595815,8.434869334795374,3.629600186828795,6.6590700802322,1589150.2502595815,8.434869334795374,3.629600186828795,6.6590700802322,0,0,510,2401,1750,10357,1858,38.82,38.82,0,4,4,510,2401,1750,10357,1858,0
23010540,신흥동,0,0,3540442.82224234,12.313948101687808,0.362795894324544,5.934859498372742,3540442.82224234,12.313948101687808,0.362795894324544,5.934859498372742,0,0,1901,7967,4242,14790,2369,73.39,73.39,0,1,1,1901,7967,4242,14790,2369,0
23010560,도원동,0,0,232955.67309891025,7.253606134760923,17.792400490736025,48.82044833141126,232955.67309891025,7.253606134760923,17.792400490736025,48.82044833141126,0,0,289,1730,1650,952,338,10.17,10.17,0,2,2,289,1730,1650,952,338,0
23010570,율목동,0,0,183031.09657891077,8.930061605621322,14.840949820945012,52.80320141173861,183031.09657891077,8.930061605621322,14.840949820945012,52.80320141173861,0,0,198,1448,1305,856,218,0.0,0.0,0,2,2,198,1448,1305,856,218,0
23010580,동인천동,0,0,626315.5148541661,26.56623232841298,0.0,35.33805998178421,626315.5148541661,26.56623232841298,0.0,35.33805998178421,0,0,375,2634,2373,3822,1395,14.32,14.32,0,4,4,375,2634,2373,3822,1395,0
23010630,용유동,0,0,39144255.640349574,0.0,0.0,0.0,39144255.640349574,0.0,0.0,0.0,0,0,148,1511,1958,2774,982,0.0,0.0,0,4,4,148,1511,1958,2774,982,0
23010640,운서동,0,0,52833221.33201188,0.0,0.0,0.0,52833221.33201188,0.0,0.0,0.0,0,0,5014,26575,5031,54243,3786,79.07,79.07,0,12,12,5014,26575,5031,54243,3786,0
23010650,영종동,0,0,36096066.12550242,0.0,0.0,0.0,36096066.12550242,0.0,0.0,0.0,0,0,3301,14328,5295,4991,1949,56.03,56.03,0,1,1,3301,14328,5295,4991,1949,0
23010660,영종1동,0,0,5666940.4323436655,0.0,0.0,0.0,5666940.4323436655,0.0,0.0,0.0,0,0,13868,32264,6528,7659,3298,99.69,99.69,0,0,0,13868,32264,6528,7659,3298,0
23010670,개항동,0,0,2875179.713638618,0.0,0.0,2.0127422575565967,2875179.713638618,0.0,0.0,2.0127422575565967,0,0,546,3564,2821,4042,865,24.14,24.14,0,2,2,546,3564,2821,4042,865,0
23020510,만석동,0,0,1134326.2865829926,0.0014723161640926,0.0,8.04250232905448,1134326.2865829926,0.0014723161640926,0.0,8.04250232905448,0,0,806,3345,2277,3267,653,59.02,59.02,0,0,0,806,3345,2277,3267,653,0
23020520,화수1·화평동,0,0,286959.7613707612,1.7847517850356276,0.0,78.38021360346083,286959.7613707612,1.7847517850356276,0.0,78.38021360346083,0,0,570,2660,2347,1215,436,33.41,33.41,0,1,1,570,2660,2347,1215,436,0
23020530,화수2동,0,0,593046.3647101104,0.0,0.0,29.926443048218346,593046.3647101104,0.0,0.0,29.926443048218346,0,0,672,3357,3039,3832,331,69.03,69.03,0,1,1,672,3357,3039,3832,331,0
23020550,송현1·2동,0,0,333430.46412176744,0.0,0.0,85.871121635872,333430.46412176744,0.0,0.0,85.871121635872,0,0,1374,5364,3134,1690,785,89.97,89.97,0,1,1,1374,5364,3134,1690,785,0
23020570,송현3동,0,0,2236368.6352660833,2.982525979759321,0.753317826544257,8.265953066361318,2236368.6352660833,2.982525979759321,0.753317826544257,8.265953066361318,0,0,200,1391,1302,7186,1663,98.42,98.42,0,0,0,200,1391,1302,7186,1663,0
23020580,송림1동,0,0,196248.50661430493,0.0,0.0,83.19937906786068,196248.50661430493,0.0,0.0,83.19937906786068,0,0,916,4083,1494,794,190,98.8,98.8,0,1,1,916,4083,1494,794,190,0
23020590,송림2동,0,0,198269.2962923132,2.335171146363904,0.0,77.6842192805434,198269.2962923132,2.335171146363904,0.0,77.6842192805434,0,0,84,584,759,1661,305,7.88,7.88,0,0,0,84,584,759,1661,305,0
23020600,송림3·5동,0,0,520068.2562644932,5.365579834769006,0.0,50.08324871327826,520068.2562644932,5.365579834769006,0.0,50.08324871327826,0,0,755,3035,1830,1711,382,75.15,75.15,0,1,1,755,3035,1830,1711,382,0
23020610,송림4동,0,0,799912.2156446229,0.5679428100767256,12.369224783137794,21.01681777216608,799912.2156446229,0.5679428100767256,12.369224783137794,21.01681777216608,0,0,1018,3703,1333,7589,3300,92.49,92.49,0,0,0,1018,3703,1333,7589,3300,0
23020630,송림6동,0,0,558669.2498306101,7.174476886313455,5.286304584946622e-07,31.25453355699242,558669.2498306101,7.174476886313455,5.286304584946622e-07,31.25453355699242,0,0,909,2950,1917,4314,874,69.69,69.69,0,0,0,909,2950,1917,4314,874,0
23020640,금창동,0,0,289380.6013767826,0.0,0.0,68.6942187007476,289380.6013767826,0.0,0.0,68.6942187007476,0,0,179,999,1096,1583,425,0.0,0.0,0,2,2,179,999,1096,1583,425,0
23040510,옥련1동,0,0,2168209.6862854604,9.34830741891283,3.25116739367241,24.95804585108541,2168209.6862854604,9.34830741891283,3.25116739367241,24.95804585108541,0,0,2574,10126,5146,6831,2451,65.47,65.47,0,0,0,2574,10126,5146,6831,2451,0
23040520,선학동,0,0,2436102.6270411243,2.4629279350591595,0.0,20.192502017655027,2436102.6270411243,2.4629279350591595,0.0,20.192502017655027,0,0,2010,10180,5675,3789,1194,81.11,81.11,0,4,4,2010,10180,5675,3789,1194,0
23040530,연수1동,0,0,1638933.0498444785,2.528162409370036,0.0,40.5418109071629,1638933.0498444785,2.528162409370036,0.0,40.5418109071629,0,0,1783,10670,4929,4128,1800,75.39,75.39,0,2,2,1783,10670,4929,4128,1800,0
23040540,연수2동,0,0,971087.7925051224,11.70819651194417,1.1702094439455646,32.2540174266897,971087.7925051224,11.70819651194417,1.1702094439455646,32.2540174266897,0,0,2511,11930,5428,10438,2023,94.72,94.72,0,6,6,2511,11930,5428,10438,2023,0
23040550,연수3동,0,0,864323.7707477435,2.6278486416548894,7.771847538323239,43.74707442187887,864323.7707477435,2.6278486416548894,7.771847538323239,43.74707442187887,0,0,1720,8391,5049,2718,476,100.0,100.0,0,6,6,1720,8391,5049,2718,476,0
23040560,청학동,0,0,2389609.792614859,5.840256310101527,0.8669791980704873,27.8734331323934,2389609.792614859,5.840256310101527,0.8669791980704873,27.8734331323934,0,0,2379,13209,7561,7416,2048,54.2,54.2,0,2,2,2379,13209,7561,7416,2048,0
23040570,동춘1동,0,0,3822861.77396701,23.83118226532997,2.6215580163815466,18.74912903751264,3822861.77396701,23.83118226532997,2.6215580163815466,18.74912903751264,0,0,4486,14498,5339,4682,1436,96.35,96.35,0,2,2,4486,14498,5339,4682,1436,0
23040580,동춘2동,0,0,1280097.1536108977,3.3846268459603377,4.032892354528221,40.608874775898514,1280097.1536108977,3.3846268459603377,4.032892354528221,40.608874775898514,0,0,2728,10462,4201,4624,1222,100.0,100.0,0,2,2,2728,10462,4201,4624,1222,0
23040590,동춘3동,0,0,707819.8370604598,0.0,3.0623923652698384,54.49175410318905,707819.8370604598,0.0,3.0623923652698384,54.49175410318905,0,0,3767,10229,3924,4628,905,100.0,100.0,0,1,1,3767,10229,3924,4628,905,0
23040600,옥련2동,0,0,1994192.012801806,0.6487444820422698,1.089281358593139,26.05779512046036,1994192.012801806,0.6487444820422698,1.089281358593139,26.05779512046036,0,0,3093,11102,5042,3571,1262,82.61,82.61,0,0,0,3093,11102,5042,3571,1262,0
23040640,송도1동,0,0,5839624.809553623,0.0,0.0,0.0,5839624.809553623,0.0,0.0,0.0,0,0,7937,23486,6420,37096,4312,100.0,100.0,0,4,4,7937,23486,6420,37096,4312,0
23040650,송도3동,0,0,22065947.16186084,0.0,0.0,0.0,22065947.16186084,0.0,0.0,0.0,0,0,12085,30874,5599,36076,5890,100.0,100.0,0,2,2,12085,30874,5599,36076,5890,0
23040660,송도2동,0,0,3605251.246259151,0.0,0.0,0.0,3605251.246259151,0.0,0.0,0.0,0,0,10730,21702,4244,13970,3932,100.0,100.0,0,4,4,10730,21702,4244,13970,3932,0
23040680,송도4동,0,0,6961280.548832694,0.0,0.0,0.0,6961280.548832694,0.0,0.0,0.0,0,0,8915,20589,3509,11017,2640,99.94,99.94,0,4,4,8915,20589,3509,11017,2640,0
23040690,송도5동,0,0,6446776.380039312,0.0,0.0,0.0,6446776.380039312,0.0,0.0,0.0,0,0,11724,29426,5034,3943,1601,100.0,100.0,0,1,1,11724,29426,5034,3943,1601,0
23050510,구월1동,0,0,1678314.707739028,9.150721421427276,1.089221787912178,17.383487227079154,1678314.707739028,9.150721421427276,1.089221787912178,17.383487227079154,0,0,5327,18571,7313,16141,3742,68.75,68.75,0,2,2,5327,18571,7313,16141,3742,0
23050520,구월2동,0,0,814586.2022315029,6.035573333469208,0.4095344270359427,65.87811674757862,814586.2022315029,6.035573333469208,0.4095344270359427,65.87811674757862,0,0,7343,20479,7829,4678,1334,84.83,84.83,0,0,0,7343,20479,7829,4678,1334,0
23050530,구월3동,0,0,1838440.4372004033,28.716215923657508,9.229752675610042,24.93803637628389,1838440.4372004033,28.716215923657508,9.229752675610042,24.93803637628389,0,0,2800,20484,5605,37329,6312,40.23,40.23,0,6,6,2800,20484,5605,37329,6312,0
23050540,구월4동,0,0,1042121.7525555636,10.892381402807176,0.0,26.104952149900956,1042121.7525555636,10.892381402807176,0.0,26.104952149900956,0,0,1154,7693,4659,5322,1860,8.65,8.65,0,1,1,1154,7693,4659,5322,1860,0
23050550,간석1동,0,0,947035.2744596124,6.563952316998554,1.4660489030822208,53.48494542272868,947035.2744596124,6.563952316998554,1.4660489030822208,53.48494542272868,0,0,1822,9907,5167,6065,1831,61.41,61.41,0,5,5,1822,9907,5167,6065,1831,0
23050560,간석2동,0,0,594944.7205267227,12.43429441097787,0.0,69.00870401422881,594944.7205267227,12.43429441097787,0.0,69.00870401422881,0,0,3142,11821,5835,4747,1554,73.23,73.23,0,0,0,3142,11821,5835,4747,1554,0
23050570,간석3동,0,0,1650693.5050423827,4.185483309028306,0.6296129074492479,29.75344348088445,1650693.5050423827,4.185483309028306,0.6296129074492479,29.75344348088445,0,0,2946,15152,7793,8331,2644,41.46,41.46,0,4,4,2946,15152,7793,8331,2644,0
23050580,간석4동,0,0,1065724.925827661,16.10411217459618,0.0,44.17757535603244,1065724.925827661,16.10411217459618,0.0,44.17757535603244,0,0,3551,16823,7845,7474,2245,63.47,63.47,0,4,4,3551,16823,7845,7474,2245,0
23050590,만수1동,0,0,756880.1598201429,8.974724911028037,0.8828399533670941,38.26123167512876,756880.1598201429,8.974724911028037,0.8828399533670941,38.26123167512876,0,0,1468,8800,5678,7327,1404,61.57,61.57,0,2,2,1468,8800,5678,7327,1404,0
23050600,만수2동,0,0,852403.0312662981,2.6062977706750576,0.0,54.91773193612139,852403.0312662981,2.6062977706750576,0.0,54.91773193612139,0,0,3474,13121,6383,3450,1508,79.94,79.94,0,1,1,3474,13121,6383,3450,1508,0
23050610,만수3동,0,0,1268216.6897296598,0.1409679996658649,1.2860942441528844,22.269907081485837,1268216.6897296598,0.1409679996658649,1.2860942441528844,22.269907081485837,0,0,2439,9472,4665,2011,907,49.87,49.87,0,0,0,2439,9472,4665,2011,907,0
23050620,만수4동,0,0,968781.1838426816,0.0,0.0,52.96747255058646,968781.1838426816,0.0,0.0,52.96747255058646,0,0,2550,10836,5897,1701,655,91.33,91.33,0,2,2,2550,10836,5897,1701,655,0
23050630,만수5동,0,0,544223.9524563336,10.674529876495898,0.0,65.87710677412268,544223.9524563336,10.674529876495898,0.0,65.87710677412268,0,0,1311,8009,5261,4056,1539,23.97,23.97,0,2,2,1311,8009,5261,4056,1539,0
23050640,만수6동,0,0,1722080.5485416914,4.856868368952465,3.0557627664090323,25.21843920130288,1722080.5485416914,4.856868368952465,3.0557627664090323,25.21843920130288,0,0,2829,12652,7214,8863,2032,89.02,89.02,0,2,2,2829,12652,7214,8863,2032,0
23050670,남촌도림동,0,0,9849260.78987234,0.3364888503073298,0.7504719660392528,6.2555354991345,9849260.78987234,0.3364888503073298,0.7504719660392528,6.2555354991345,0,0,2507,11372,6191,19596,3241,48.94,48.94,0,3,3,2507,11372,6191,19596,3241,0
23050720,논현1동,0,0,3817406.285954091,1.3530273405805582,0.0,9.031782515290791,3817406.285954091,1.3530273405805582,0.0,9.031782515290791,0,0,5529,18305,6988,7435,2762,92.45,92.45,0,2,2,5529,18305,6988,7435,2762,0
23050730,논현2동,0,0,3264669.769945383,0.708723363477894,3.11665443276064,17.98417495977947,3264669.769945383,0.708723363477894,3.11665443276064,17.98417495977947,0,0,4638,18931,7844,22643,4264,96.69,96.69,0,6,6,4638,18931,7844,22643,4264,0
23050740,논현고잔동,0,0,10981448.555219475,0.7407441658627015,0.4336216329799222,2.458955738411092,10981448.555219475,0.7407441658627015,0.4336216329799222,2.458955738411092,0,0,8876,24104,7008,66665,9579,94.28,94.28,0,8,8,8876,24104,7008,66665,9579,0
23050750,장수서창동,0,0,11435113.247263238,0.2606425603798325,3.799576554371356,8.11807309652049,11435113.247263238,0.2606425603798325,3.799576554371356,8.11807309652049,0,0,3203,10336,5439,5349,1468,63.21,63.21,0,3,3,3203,10336,5439,5349,1468,0
23050760,서창2동,0,0,2513830.0095642298,0.0,0.0,1.3017460675842396,2513830.0095642298,0.0,0.0,1.3017460675842396,0,0,8820,21759,7445,7149,2060,98.72,98.72,0,0,0,8820,21759,7445,7149,2060,0
23060510,부평1동,0,0,1096717.862804056,12.362038942845547,0.0,50.3206216245258,1096717.862804056,12.362038942845547,0.0,50.3206216245258,0,0,4134,21882,9025,15012,4446,83.03,83.03,0,6,6,4134,21882,9025,15012,4446,0
23060520,부평2동,0,0,2342372.0423262403,1.1645089702400735,1.3962142289541188,18.279798874043077,2342372.0423262403,1.1645089702400735,1.3962142289541188,18.279798874043077,0,0,1724,8603,4318,1868,767,15.84,15.84,0,5,5,1724,8603,4318,1868,767,0
23060530,부평3동,0,0,975771.5671488864,1.922127450335073,1.5060144381622822,42.39525004046175,975771.5671488864,1.922127450335073,1.5060144381622822,42.39525004046175,0,0,1788,8670,4521,3537,1184,43.61,43.61,0,3,3,1788,8670,4521,3537,1184,0
23060540,부평4동,0,0,1053722.4460246034,18.847376682774,0.0,51.45659620955758,1053722.4460246034,18.847376682774,0.0,51.45659620955758,0,0,3990,21971,8555,20261,4458,45.2,45.2,0,6,6,3990,21971,8555,20261,4458,0
23060550,부평5동,0,0,809166.4045453122,16.81042987570037,0.0,55.51082525270756,809166.4045453122,16.81042987570037,0.0,55.51082525270756,0,0,4843,21592,7091,12255,3770,55.38,55.38,0,3,3,4843,21592,7091,12255,3770,0
23060560,부평6동,0,0,706141.5096537697,0.818691093919258,0.0,60.849384962644834,706141.5096537697,0.818691093919258,0.0,60.849384962644834,0,0,1755,8765,4192,5430,1221,51.52,51.52,0,3,3,1755,8765,4192,5430,1221,0
23060570,산곡1동,0,0,2298105.9599411194,0.0056122780763026,0.0,25.59829053767539,2298105.9599411194,0.0056122780763026,0.0,25.59829053767539,0,0,2276,8938,3577,2216,606,91.99,91.99,0,1,1,2276,8938,3577,2216,606,0
23060580,산곡2동,0,0,813645.5327624355,1.0441316655666202,0.0,52.20339690915187,813645.5327624355,1.0441316655666202,0.0,52.20339690915187,0,0,5401,16917,7286,4413,1469,91.43,91.43,0,1,1,5401,16917,7286,4413,1469,0
23060590,산곡3동,0,0,1639545.0023215867,0.6347424642362133,0.0,36.42852168202688,1639545.0023215867,0.6347424642362133,0.0,36.42852168202688,0,0,2540,10829,7217,2573,1062,73.66,73.66,0,1,1,2540,10829,7217,2573,1062,0
23060600,산곡4동,0,0,691874.5210101181,6.657823919104529,0.0,39.48548515813366,691874.5210101181,6.657823919104529,0.0,39.48548515813366,0,0,2422,9573,4650,2354,948,94.12,94.12,0,0,0,2422,9573,4650,2354,948,0
23060610,청천1동,0,0,2087001.7920908325,5.672543387296187,0.0,27.899294141938107,2087001.7920908325,5.672543387296187,0.0,27.899294141938107,0,0,2993,10829,3333,6127,1567,57.19,57.19,0,1,1,2993,10829,3333,6127,1567,0
23060620,청천2동,0,0,2819957.7391432733,3.255540128338879,0.0,20.22598051472859,2819957.7391432733,3.255540128338879,0.0,20.22598051472859,0,0,4869,19889,8695,33854,4465,73.01,73.01,0,4,4,4869,19889,8695,33854,4465,0
23060630,갈산1동,0,0,1101058.9452114848,0.7976826071116393,0.0,41.38682005008198,1101058.9452114848,0.7976826071116393,0.0,41.38682005008198,0,0,1660,9333,4397,9002,2414,40.73,40.73,0,3,3,1660,9333,4397,9002,2414,0
23060640,갈산2동,0,0,674153.8785221719,5.223027541900816,2.5072723881756693,49.588478580412314,674153.8785221719,5.223027541900816,2.5072723881756693,49.588478580412314,0,0,2071,9722,5843,2813,1185,96.03,96.03,0,4,4,2071,9722,5843,2813,1185,0
23060650,삼산1동,0,0,1969354.1300608476,6.341406524795571,0.0,31.49820012167411,1969354.1300608476,6.341406524795571,0.0,31.49820012167411,0,0,4960,19194,8522,5536,2041,85.75,85.75,0,0,0,4960,19194,8522,5536,2041,0
23060660,부개1동,0,0,928527.1828421428,0.0,0.0,52.40709073703203,928527.1828421428,0.0,0.0,52.40709073703203,0,0,1648,8627,5573,3771,1321,35.01,35.01,0,1,1,1648,8627,5573,3771,1321,0
23060670,부개2동,0,0,722726.4526567719,1.5880774973944305,0.0,53.813184669671635,722726.4526567719,1.5880774973944305,0.0,53.813184669671635,0,0,2775,11326,5010,3402,1250,67.12,67.12,0,1,1,2775,11326,5010,3402,1250,0
23060680,부개3동,0,0,870382.504208157,0.0006121891947201,0.0,66.65647804419446,870382.504208157,0.0006121891947201,0.0,66.65647804419446,0,0,3884,17465,7265,4417,1682,91.69,91.69,0,2,2,3884,17465,7265,4417,1682,0
23060690,일신동,0,0,4330297.016862393,2.621047731934455,2.2303418579627,10.58452429081034,4330297.016862393,2.621047731934455,2.2303418579627,10.58452429081034,0,0,1647,6458,3634,6281,1313,59.99,59.99,0,2,2,1647,6458,3634,6281,1313,0
23060700,십정1동,0,0,1741062.935089444,13.03788147976698,0.0,29.274797630317384,1741062.935089444,13.03788147976698,0.0,29.274797630317384,0,0,3340,15366,5840,6628,1539,78.26,78.26,0,3,3,3340,15366,5840,6628,1539,0
23060710,십정2동,0,0,1090707.9069343037,5.918261001702165,0.4154225449612894,57.610444407680795,1090707.9069343037,5.918261001702165,0.4154225449612894,57.610444407680795,0,0,2059,11968,7201,5855,2275,31.46,31.46,0,5,5,2059,11968,7201,5855,2275,0
23060720,삼산2동,0,0,1352571.6827273716,0.0,0.0,4.2801849726148005,1352571.6827273716,0.0,0.0,4.2801849726148005,0,0,5434,16572,5691,10976,2530,98.61,98.61,0,2,2,5434,16572,5691,10976,2530,0
23070510,효성1동,0,0,2082824.0167213625,0.5663892193150731,0.0,43.885602663950955,2082824.0167213625,0.5663892193150731,0.0,43.885602663950955,0,0,3565,15463,7595,4903,1557,71.03,71.03,0,1,1,3565,15463,7595,4903,1557,0
23070520,효성2동,0,0,2910609.1522291903,3.230275978140132,1.8487748830442976,15.717961824491097,2910609.1522291903,3.230275978140132,1.8487748830442976,15.717961824491097,0,0,3633,15680,8014,7523,1966,66.87,66.87,0,1,1,3633,15680,8014,7523,1966,0
23070530,계산1동,0,0,1457427.378024995,13.065193898955815,3.6142751909452744,24.317639190694145,1457427.378024995,13.065193898955815,3.6142751909452744,24.317639190694145,0,0,1565,10530,5829,8566,2692,36.83,36.83,0,2,2,1565,10530,5829,8566,2692,0
23070540,계산2동,0,0,1584017.1899555922,4.740243763200886,8.355229722550003,21.492517305667093,1584017.1899555922,4.740243763200886,8.355229722550003,21.492517305667093,0,0,1210,8551,4947,5361,1334,46.62,46.62,0,2,2,1210,8551,4947,5361,1334,0
23070550,계산3동,0,0,522309.0665178518,9.499509460875604,0.0,59.41647961296265,522309.0665178518,9.499509460875604,0.0,59.41647961296265,0,0,1851,11158,4984,8130,998,90.17,90.17,0,3,3,1851,11158,4984,8130,998,0
23070560,작전1동,0,0,832019.9958089094,18.801922349469123,0.0,40.65177622064092,832019.9958089094,18.801922349469123,0.0,40.65177622064092,0,0,3572,15663,6873,4671,1611,84.6,84.6,0,1,1,3572,15663,6873,4671,1611,0
23070570,작전2동,0,0,968009.871971431,23.65613375402979,0.0,41.63680778435507,968009.871971431,23.65613375402979,0.0,41.63680778435507,0,0,1876,10599,5836,7843,2094,68.79,68.79,0,2,2,1876,10599,5836,7843,2094,0
23070580,작전서운동,0,0,3278707.233058714,8.109028438686362,0.7388549442824707,13.774562463708342,3278707.233058714,8.109028438686362,0.7388549442824707,13.774562463708342,0,0,5258,20863,7098,17010,3092,81.28,81.28,0,0,0,5258,20863,7098,17010,3092,0
23070610,계양2동,0,0,4159040.575067496,2.9099693291398476,0.7981670023497183,14.305218887326172,4159040.575067496,2.9099693291398476,0.7981670023497183,14.305218887326172,0,0,3515,19351,9306,6386,2350,54.28,54.28,0,3,3,3515,19351,9306,6386,2350,0
23070620,계산4동,0,0,850882.3637893016,12.394726114704197,8.002965256765872,28.610517879923307,850882.3637893016,12.394726114704197,8.002965256765872,28.610517879923307,0,0,3465,14066,4972,17698,4207,98.45,98.45,0,1,1,3465,14066,4972,17698,4207,0
23070630,계양1동,0,0,17071926.696029577,0.0678375643019324,0.454201662336578,5.773775827030843,17071926.696029577,0.0678375643019324,0.454201662336578,5.773775827030843,0,0,2475,11169,5726,4482,1351,54.94,54.94,0,3,3,2475,11169,5726,4482,1351,0
23070640,계양3동,0,0,9818259.344396394,0.0,2.462379168479962,7.491979402053409,9818259.344396394,0.0,2.462379168479962,7.491979402053409,0,0,4633,14095,5280,4523,1606,49.86,49.86,0,4,4,4633,14095,5280,4523,1606,0
23080510,검암경서동,0,0,15005648.170442738,0.8939103145618963,0.4325746886286281,2.806750461312995,15005648.170442738,0.8939103145618963,0.4325746886286281,2.806750461312995,0,0,9826,35429,8859,20557,4855,58.11,58.11,0,5,5,9826,35429,8859,20557,4855,0
23080530,연희동,0,0,9453836.127130251,3.914078642067291,7.337192783720932,5.441365075159677,9453836.127130251,3.914078642067291,7.337192783720932,5.441365075159677,0,0,4365,23056,10387,19078,3946,43.0,43.0,0,0,0,4365,23056,10387,19078,3946,0
23080540,가정1동,0,0,2436494.263095594,6.692395119487743,0.0,19.913404425474603,2436494.263095594,6.692395119487743,0.0,19.913404425474603,0,0,8565,25205,7456,8056,2774,82.55,82.55,0,0,0,8565,25205,7456,8056,2774,0
23080550,가정2동,0,0,1283015.455031893,3.1176340388668913,0.1037052043902553,23.70188080800964,1283015.455031893,3.1176340388668913,0.1037052043902553,23.70188080800964,0,0,3140,11099,2671,944,372,99.91,99.91,0,2,2,3140,11099,2671,944,372,0
23080560,가정3동,0,0,589346.240604292,0.0,4.372058846693739,31.8967400907235,589346.240604292,0.0,4.372058846693739,31.8967400907235,0,0,894,5363,2565,777,304,30.75,30.75,0,1,1,894,5363,2565,777,304,0
23080580,석남1동,0,0,1147173.3873225262,12.754048643988144,0.0,40.153810100052326,1147173.3873225262,12.754048643988144,0.0,40.153810100052326,0,0,2169,11980,6544,5201,2015,44.9,44.9,0,3,3,2169,11980,6544,5201,2015,0
23080590,석남2동,0,0,2723776.2809980195,16.046396550594626,0.0,15.671883000375086,2723776.2809980195,16.046396550594626,0.0,15.671883000375086,0,0,1238,6677,4154,14365,3433,44.04,44.04,0,3,3,1238,6677,4154,14365,3433,0
23080600,석남3동,0,0,1450847.4257502735,0.404485092356557,0.0,21.792498352230048,1450847.4257502735,0.404485092356557,0.0,21.792498352230048,0,0,1321,7336,3985,1596,644,33.91,33.91,0,4,4,1321,7336,3985,1596,644,0
23080620,가좌1동,0,0,4345305.470944167,1.7999372396942652,0.3854687372646939,5.852743728848521,4345305.470944167,1.7999372396942652,0.3854687372646939,5.852743728848521,0,0,1310,7608,3649,25358,4349,23.98,23.98,0,2,2,1310,7608,3649,25358,4349,0
23080630,가좌2동,0,0,724432.2740699069,5.822647556089137,0.0,45.67799671040337,724432.2740699069,5.822647556089137,0.0,45.67799671040337,0,0,2603,10617,5325,2778,1055,88.25,88.25,0,2,2,2603,10617,5325,2778,1055,0
23080640,가좌3동,0,0,1941645.9123614533,5.5257408567822415,0.7080935129557853,18.02335310465587,1941645.9123614533,5.5257408567822415,0.7080935129557853,18.02335310465587,0,0,1534,8690,5353,13756,2194,53.42,53.42,0,4,4,1534,8690,5353,13756,2194,0
23080650,가좌4동,0,0,1900243.9740896092,7.919857254482945,0.6428003833482363,18.470276306092916,1900243.9740896092,7.919857254482945,0.6428003833482363,18.470276306092916,0,0,1547,6833,3473,6817,1212,79.47,79.47,0,1,1,1547,6833,3473,6817,1212,0
23080730,신현원창동,0,0,10084374.510418642,0.1882980970250158,0.0777021616178368,6.294884607380855,10084374.510418642,0.1882980970250158,0.0777021616178368,6.294884607380855,0,0,4814,17224,7700,19682,3809,65.54,65.54,0,2,2,4814,17224,7700,19682,3809,0
23080740,청라1동,0,0,2470167.5089808116,0.0,0.1178654931122209,0.122853666148172,2470167.5089808116,0.0,0.1178654931122209,0.122853666148172,0,0,7372,19431,3505,13310,3836,96.7,96.7,0,0,0,7372,19431,3505,13310,3836,0
23080780,청라2동,0,0,4922596.976420634,0.0435858237473772,0.0,0.0,4922596.976420634,0.0435858237473772,0.0,0.0,0,0,11924,29224,6390,8636,3277,96.74,96.74,0,0,0,11924,29224,6390,8636,3277,0
23080790,청라3동,0,0,13202934.974822955,0.0,0.0,0.0,13202934.974822955,0.0,0.0,0.0,0,0,9088,22384,3916,9978,2255,83.05,83.05,0,1,1,9088,22384,3916,9978,2255,0
23080800,검단동,0,0,8029081.317453091,2.023553626520129,0.0,6.828427114161961,8029081.317453091,2.023553626520129,0.0,6.828427114161961,0,0,5288,20169,6976,8992,2886,74.61,74.61,0,2,2,5288,20169,6976,8992,2886,0
23080810,불로대곡동,0,0,10786442.48991288,0.1527278096128906,0.1433968509586563,5.093576602693255,10786442.48991288,0.1527278096128906,0.1433968509586563,5.093576602693255,0,0,4077,13987,5149,4268,1578,89.08,89.08,0,0,0,4077,13987,5149,4268,1578,0
23080840,오류왕길동,0,0,30022641.708278608,0.3632466611783433,0.1915060593556855,2.51320284392058,30022641.708278608,0.3632466611783433,0.1915060593556855,2.51320284392058,0,0,4291,14342,5632,33111,5699,81.69,81.69,0,5,5,4291,14342,5632,33111,5699,0
23080850,당하동,0,0,2339405.8143606936,2.9547444357764765,0.0,7.521912635456061,2339405.8143606936,2.9547444357764765,0.0,7.521912635456061,0,0,5283,18037,5361,5570,1499,76.91,76.91,0,3,3,5283,18037,5361,5570,1499,0
23080860,마전동,0,0,1213302.167715064,8.283889685810205,0.0,19.28102520998267,1213302.167715064,8.283889685810205,0.0,19.28102520998267,0,0,4307,13213,4140,4629,1545,85.19,85.19,0,2,2,4307,13213,4140,4629,1545,0
23080870,원당동,0,0,2619018.119607729,0.0,0.8293111925187389,6.910138930415864,2619018.119607729,0.0,0.8293111925187389,6.910138930415864,0,0,4683,14214,3859,4904,1744,80.34,80.34,0,0,0,4683,14214,3859,4904,1744,0
23080880,아라동,0,0,3962497.882572072,0.0,0.0,8.099319868149813,3962497.882572072,0.0,0.0,8.099319868149813,0,0,18118,41419,6015,6574,2295,99.95,99.95,0,1,1,18118,41419,6015,6574,2295,0
23090520,숭의2동,0,0,531845.9773658522,6.525367056810305,2.518108149719451,61.783341729269694,531845.9773658522,6.525367056810305,2.518108149719451,61.783341729269694,0,0,1746,7804,4250,6864,1747,30.57,30.57,0,1,1,1746,7804,4250,6864,1747,0
23090540,숭의4동,0,0,793241.0424500292,0.1959020870052226,0.0,67.15634564540724,793241.0424500292,0.1959020870052226,0.0,67.15634564540724,0,0,1977,8363,4695,2025,870,17.61,17.61,0,1,1,1977,8363,4695,2025,870,0
23090560,용현2동,0,0,665530.7932292275,5.892074108553214,0.0,68.41401407833845,665530.7932292275,5.892074108553214,0.0,68.41401407833845,0,0,2971,11472,5061,3339,1311,85.07,85.07,0,2,2,2971,11472,5061,3339,1311,0
23090570,용현3동,0,0,431861.75213495304,6.710870100612054,0.0,71.0958470459761,431861.75213495304,6.710870100612054,0.0,71.0958470459761,0,0,523,3744,2886,2080,852,7.98,7.98,0,1,1,523,3744,2886,2080,852,0
23090590,용현5동,0,0,1959270.1520233692,1.6453091454689537,0.0027121087017233,34.187142087562144,1959270.1520233692,1.6453091454689537,0.0027121087017233,34.187142087562144,0,0,7909,27283,10706,8584,3075,78.64,78.64,0,2,2,7909,27283,10706,8584,3075,0
23090600,학익1동,0,0,5113685.628621184,1.5095115805378023,1.449345174816655,13.369854041532095,5113685.628621184,1.5095115805378023,1.449345174816655,13.369854041532095,0,0,4908,16793,7694,8761,2116,86.67,86.67,0,1,1,4908,16793,7694,8761,2116,0
23090610,학익2동,0,0,836601.316350757,3.4906733287063076,14.318169245284052,56.14698234733094,836601.316350757,3.4906733287063076,14.318169245284052,56.14698234733094,0,0,2271,9835,5714,7511,1642,74.35,74.35,0,0,0,2271,9835,5714,7511,1642,0
23090620,도화1동,0,0,1003874.582676282,11.532424668521648,0.0,59.4389555804544,1003874.582676282,11.532424668521648,0.0,59.4389555804544,0,0,2699,12361,6051,4951,1640,45.75,45.75,0,5,5,2699,12361,6051,4951,1640,0
23090650,주안1동,0,0,647972.021700805,26.82667517518188,0.0,52.55944511469093,647972.021700805,26.82667517518188,0.0,52.55944511469093,0,0,1855,13944,4057,11401,2970,61.69,61.69,0,4,4,1855,13944,4057,11401,2970,0
23090660,주안2동,0,0,1009098.9884474168,4.44110342127732,0.0,70.34810834098056,1009098.9884474168,4.44110342127732,0.0,70.34810834098056,0,0,2795,12547,6527,3324,1288,38.5,38.5,0,1,1,2795,12547,6527,3324,1288,0
23090670,주안3동,0,0,459499.22190645785,5.447314697542191,1.4853990368704382,73.06025893316735,459499.22190645785,5.447314697542191,1.4853990368704382,73.06025893316735,0,0,1650,7124,3457,2391,625,45.92,45.92,0,0,0,1650,7124,3457,2391,625,0
23090680,주안4동,0,0,981119.4144599804,4.600549009097773,1.3061935184573166,69.09586127893661,981119.4144599804,4.600549009097773,1.3061935184573166,69.09586127893661,0,0,2291,9879,5532,5832,1525,50.93,50.93,0,2,2,2291,9879,5532,5832,1525,0
23090690,주안5동,0,0,1164464.9094704206,5.123416916321974,1.2642791835345826,42.17445678318904,1164464.9094704206,5.123416916321974,1.2642791835345826,42.17445678318904,0,0,2062,11800,5957,10355,2186,54.71,54.71,0,5,5,2062,11800,5957,10355,2186,0
23090700,주안6동,0,0,658912.1746032542,23.840198937678274,2.727260717765458,47.06504440943354,658912.1746032542,23.840198937678274,2.727260717765458,47.06504440943354,0,0,3150,12261,5619,8499,2192,63.6,63.6,0,4,4,3150,12261,5619,8499,2192,0
23090710,주안7동,0,0,484014.0118372638,5.061778492114063,0.0,73.3137871247206,484014.0118372638,5.061778492114063,0.0,73.3137871247206,0,0,1135,6024,4449,2939,1275,42.82,42.82,0,0,0,1135,6024,4449,2939,1275,0
23090720,주안8동,0,0,776966.4175468818,8.849558851308048,0.0,58.10615134329255,776966.4175468818,8.849558851308048,0.0,58.10615134329255,0,0,2432,10917,6123,4815,1315,60.52,60.52,0,0,0,2432,10917,6123,4815,1315,0
23090730,관교동,0,0,899767.1970288666,9.39833962932169,0.0072853596501406,40.099109411598086,899767.1970288666,9.39833962932169,0.0072853596501406,40.099109411598086,0,0,1867,7785,4670,5471,1443,82.04,82.04,0,2,2,1867,7785,4670,5471,1443,0
23090740,문학동,0,0,1713864.6988173344,1.188622304335893,16.826666560824684,32.5261248210774,1713864.6988173344,1.188622304335893,16.826666560824684,32.5261248210774,0,0,1740,9054,3274,3239,1008,5.85,5.85,0,2,2,1740,9054,3274,3239,1008,0
23090750,숭의1·3동,0,0,717130.9146787341,24.782712520113986,10.227672475841723,41.17873037072839,717130.9146787341,24.782712520113986,10.227672475841723,41.17873037072839,0,0,2130,9689,3914,7742,3196,70.04,70.04,0,3,3,2130,9689,3914,7742,3196,0
23090760,용현1·4동,0,0,1259509.9680253258,0.8070277733440132,2.9581764254247735,50.44821213274382,1259509.9680253258,0.8070277733440132,2.9581764254247735,50.44821213274382,0,0,1380,10307,5566,7329,1681,8.55,8.55,0,1,1,1380,10307,5566,7329,1681,0
23090770,도화2·3동,0,0,2875410.763108517,2.993545656826127,0.0874355303338609,24.24786305667827,2875410.763108517,2.993545656826127,0.0874355303338609,24.24786305667827,0,0,5204,18277,7835,17181,3298,60.41,60.41,0,2,2,5204,18277,7835,17181,3298,0
23310110,강화읍,0,0,25018609.542862695,0.0,0.0,0.0,25018609.542862695,0.0,0.0,0.0,0,0,3342,10644,8313,10028,2922,12.89,12.89,0,0,0,3342,10644,8313,10028,2922,0
23310310,선원면,0,0,21417078.73584523,0.0,0.0,0.0,21417078.73584523,0.0,0.0,0.0,0,0,1070,3586,3275,2441,824,41.53,41.53,0,0,0,1070,3586,3275,2441,824,0
23310320,불은면,0,0,31632031.28131362,0.0,0.0,0.0,31632031.28131362,0.0,0.0,0.0,0,0,371,1768,2928,2398,545,0.0,0.0,0,0,0,371,1768,2928,2398,545,0
23310330,길상면,0,0,35389541.239987046,0.0,0.0,0.0,35389541.239987046,0.0,0.0,0.0,0,0,656,2937,3639,3052,1248,2.45,2.45,0,0,0,656,2937,3639,3052,1248,0
23310340,화도면,0,0,42431956.99225333,0.0,0.0,0.0,42431956.99225333,0.0,0.0,0.0,0,0,320,1614,2618,1699,826,0.0,0.0,0,0,0,320,1614,2618,1699,826,0
23310350,양도면,0,0,35640101.54129426,0.0,0.0,0.0,35640101.54129426,0.0,0.0,0.0,0,0,320,1453,2442,1064,389,0.0,0.0,0,0,0,320,1453,2442,1064,389,0
23310360,내가면,0,0,29883953.737547517,0.0,0.0,0.0,29883953.737547517,0.0,0.0,0.0,0,0,184,995,1850,956,407,0.0,0.0,0,0,0,184,995,1850,956,407,0
23310370,하점면,0,0,36393361.26838349,0.0,0.0,0.0,36393361.26838349,0.0,0.0,0.0,0,0,237,1310,2462,915,342,0.73,0.73,0,0,0,237,1310,2462,915,342,0
23310380,양사면,0,0,27303213.38472046,0.0,0.0,0.0,27303213.38472046,0.0,0.0,0.0,0,0,141,583,1189,426,171,0.0,0.0,0,0,0,141,583,1189,426,171,0
23310390,송해면,0,0,22309485.592322618,0.0,0.0,0.0,22309485.592322618,0.0,0.0,0.0,0,0,267,1141,1844,697,267,0.0,0.0,0,0,0,267,1141,1844,697,267,0
23310400,교동면,0,0,47056587.78851396,0.0,0.0,0.0,47056587.78851396,0.0,0.0,0.0,0,0,141,869,1745,697,292,0.0,0.0,0,0,0,141,869,1745,697,292,0
23310410,삼산면,0,0,45623778.95253512,0.0,0.0,0.0,45623778.95253512,0.0,0.0,0.0,0,0,111,677,1312,840,406,0.0,0.0,0,0,0,111,677,1312,840,406,0
23310420,서도면,0,0,13141759.752947954,0.0,0.0,0.0,13141759.752947954,0.0,0.0,0.0,0,0,24,112,242,118,47,0.0,0.0,0,0,0,24,112,242,118,47,0
23320310,북도면,0,0,19231663.532897405,0.0,0.0,0.0,19231663.532897405,0.0,0.0,0.0,0,0,71,412,679,625,276,0.0,0.0,0,0,0,71,412,679,625,276,0
23320320,연평면,0,0,7294644.653436765,0.0,0.0,0.0,7294644.653436765,0.0,0.0,0.0,0,0,177,1279,629,475,176,20.18,20.18,0,0,0,177,1279,629,475,176,0
23320330,백령면,0,0,51369920.20059129,0.0,0.0,0.0,51369920.20059129,0.0,0.0,0.0,0,0,516,2706,1653,1396,517,10.06,10.06,0,0,0,516,2706,1653,1396,517,0
23320340,대청면,0,0,15844398.62980252,0.0,0.0,0.0,15844398.62980252,0.0,0.0,0.0,0,0,85,589,527,407,141,0.0,0.0,0,0,0,85,589,527,407,141,0
23320350,덕적면,0,0,41528404.02526731,0.0,0.0,0.0,41528404.02526731,0.0,0.0,0.0,0,0,134,659,1147,553,191,0.0,0.0,0,0,0,134,659,1147,553,191,0
23320360,자월면,0,0,20195000.041869577,0.0,0.0,0.0,20195000.041869577,0.0,0.0,0.0,0,0,30,358,590,387,211,0.0,0.0,0,0,0,30,358,590,387,211,0
23320370,영흥면,0,0,29865381.982438505,0.0,0.0,0.0,29865381.982438505,0.0,0.0,0.0,0,0,631,3087,2858,3805,1101,3.03,3.03,0,0,0,631,3087,2858,3805,1101,0
31011540,파장동,0,0,8644987.939061835,1.735557370099201,5.937909042168513,9.549201683874095,8644987.939061835,1.735557370099201,5.937909042168513,9.549201683874095,0,0,3303,14757,6798,12695,2275,55.54,55.54,0,0,0,3303,14757,6798,12695,2275,0
31011550,율천동,0,0,2999227.063540237,0.4851794676332909,0.7329940230024599,25.639009544685955,2999227.063540237,0.4851794676332909,0.7329940230024599,25.639009544685955,0,0,5788,27153,7451,11720,2832,69.38,69.38,0,1,1,5788,27153,7451,11720,2832,0
31011560,정자1동,0,0,1147886.7380358945,3.49922925742313,0.0303928130240039,43.08066304220294,1147886.7380358945,3.49922925742313,0.0303928130240039,43.08066304220294,0,0,4825,16609,6127,4087,1372,93.35,93.35,0,0,0,4825,16609,6127,4087,1372,0
31011570,정자2동,0,0,1216123.241963435,9.899252563056692,23.010329186562352,44.11479677693146,1216123.241963435,9.899252563056692,23.010329186562352,44.11479677693146,0,0,6874,23020,7831,9611,2525,75.1,75.1,0,1,1,6874,23020,7831,9611,2525,0
31011580,영화동,0,0,1282446.0313816653,18.902648348725943,6.311963829124598,40.66976586293287,1282446.0313816653,18.902648348725943,6.311963829124598,40.66976586293287,0,0,1615,10376,6633,8050,2651,14.3,14.3,0,0,0,1615,10376,6633,8050,2651,0
31011590,송죽동,0,0,1676416.562206345,8.497279452280832,2.041228040343142,21.936187952396132,1676416.562206345,8.497279452280832,2.041228040343142,21.936187952396132,0,0,2389,11137,4980,8761,2562,41.03,41.03,0,0,0,2389,11137,4980,8761,2562,0
31011600,조원1동,0,0,1635550.707108813,5.612563391867941,16.668002722026174,36.065375969834086,1635550.707108813,5.612563391867941,16.668002722026174,36.065375969834086,0,0,3776,16862,7944,5877,1913,49.53,49.53,0,0,0,3776,16862,7944,5877,1913,0
31011610,연무동,0,0,11575515.699556986,0.8149040042648168,0.770695592979981,5.3111340185721065,11575515.699556986,0.8149040042648168,0.770695592979981,5.3111340185721065,0,0,1662,9933,5654,6925,1389,36.19,36.19,0,0,0,1662,9933,5654,6925,1389,0
31011620,정자3동,0,0,1908798.395425507,0.6239767949588327,7.556428178367207,33.834939738743905,1908798.395425507,0.6239767949588327,7.556428178367207,33.834939738743905,0,0,8369,25119,6153,10069,2454,97.79,97.79,0,1,1,8369,25119,6153,10069,2454,0
31011630,조원2동,0,0,1256580.6848539305,5.069443013106977,3.626216136258413,20.727344588233603,1256580.6848539305,5.069443013106977,3.626216136258413,20.727344588233603,0,0,2781,10230,4700,3613,894,99.56,99.56,0,0,0,2781,10230,4700,3613,894,0
31012520,세류1동,0,0,786932.5161008512,0.0,0.0,41.59351776007252,786932.5161008512,0.0,0.0,41.59351776007252,1,1,1238,5973,2475,1990,642,69.11,69.11,5,3,3,1238,5973,2475,1990,642,5
31012530,세류2동,0,0,4155323.629184698,0.8348937959359931,0.087181689641579,21.42490810784028,4155323.629184698,0.8348937959359931,0.087181689641579,21.42490810784028,0,0,2285,14187,6424,5728,1998,18.77,18.77,0,1,1,2285,14187,6424,5728,1998,0
31012540,세류3동,0,0,876849.4925703958,4.817947872108537,0.0,70.12749171191328,876849.4925703958,4.817947872108537,0.0,70.12749171191328,0,0,1902,10549,5351,5303,1987,26.46,26.46,0,1,1,1902,10549,5351,5303,1987,0
31012550,평동,0,0,10865513.364586992,2.436875420018365,10.676548754661788,11.906054084874356,10865513.364586992,2.436875420018365,10.676548754661788,11.906054084874356,1,1,6131,24853,9978,40776,5560,78.73,78.73,5,4,4,6131,24853,9978,40776,5560,5
31012560,서둔동,0,0,5445639.815033663,0.6699756739194419,23.385484240009763,16.98028187440445,5445639.815033663,0.6699756739194419,23.385484240009763,16.98028187440445,1,1,4594,23322,9698,12768,3656,32.97,32.97,5,3,3,4594,23322,9698,12768,3656,5
31012570,구운동,0,0,1942479.6172707265,0.2600809426817522,0.0,26.479661976854235,1942479.6172707265,0.2600809426817522,0.0,26.479661976854235,0,0,2708,14048,6394,6290,1978,63.79,63.79,0,0,0,2708,14048,6394,6290,1978,0
31012600,권선1동,0,0,1220184.5845269333,25.197985903027543,0.0,43.031499116999825,1220184.5845269333,25.197985903027543,0.0,43.031499116999825,0,0,2290,16749,5138,14568,3339,49.29,49.29,0,3,3,2290,16749,5138,14568,3339,0
31012610,곡선동,0,0,3598806.3606316443,0.0,0.3030374923559638,5.098263321188364,3598806.3606316443,0.0,0.3030374923559638,5.098263321188364,0,0,4967,24871,5211,9459,3028,86.72,86.72,0,1,1,4967,24871,5211,9459,3028,0
31012620,입북동,0,0,6952434.819640608,0.0,5.220124788973822,7.666292983869575,6952434.819640608,0.0,5.220124788973822,7.666292983869575,0,0,3441,12470,3737,2641,1102,93.24,93.24,0,0,0,3441,12470,3737,2641,1102,0
31012640,권선2동,0,0,2459441.904832303,2.866029338261951,0.4991208646108753,20.870794606490588,2459441.904832303,2.866029338261951,0.4991208646108753,20.870794606490588,0,0,9276,28768,8461,7667,2292,97.45,97.45,0,2,2,9276,28768,8461,7667,2292,0
31012650,금곡동,0,0,4098966.063197633,0.0,1.5297611477121316,10.07574374432946,4098966.063197633,0.0,1.5297611477121316,10.07574374432946,0,0,8585,26795,8647,9852,3107,96.39,96.39,0,0,0,8585,26795,8647,9852,3107,0
31012660,호매실동,0,0,4751722.353246556,0.0,0.0219256548954924,6.0481029931308985,4751722.353246556,0.0,0.0219256548954924,6.0481029931308985,0,0,10417,26791,7443,8028,2921,92.66,92.66,0,0,0,10417,26791,7443,8028,2921,0
31013530,지동,0,0,793302.5386234247,3.653307225809065,6.121085452552184,73.18939680245364,793302.5386234247,3.653307225809065,6.121085452552184,73.18939680245364,0,0,800,5217,3824,5181,1014,13.76,13.76,0,0,0,800,5217,3824,5181,1014,0
31013540,우만1동,0,0,1305428.0034422388,4.638052361641939,32.14224074439122,35.064325179478026,1305428.0034422388,4.638052361641939,32.14224074439122,35.064325179478026,0,0,1662,11456,5620,5754,1746,43.79,43.79,0,0,0,1662,11456,5620,5754,1746,0
31013550,우만2동,0,0,806999.1440456162,11.372098679630373,33.129674721133526,28.348885440978105,806999.1440456162,11.372098679630373,33.129674721133526,28.348885440978105,0,0,2400,10986,3416,4981,1168,87.0,87.0,0,0,0,2400,10986,3416,4981,1168,0
31013560,인계동,0,0,2921788.536921608,24.861658427912374,9.711609528352511,29.039319550404237,2921788.536921608,24.861658427912374,9.711609528352511,29.039319550404237,0,0,5719,31613,8276,47946,9130,71.39,71.39,0,2,2,5719,31613,8276,47946,9130,0
31013670,매교동,0,0,723616.7300375939,12.996241842918868,0.9067886198525617,57.5301999603502,723616.7300375939,12.996241842918868,0.9067886198525617,57.5301999603502,0,0,4121,13911,3422,3702,1292,84.11,84.11,0,1,1,4121,13911,3422,3702,1292,0
31013680,매산동,0,0,832111.2667864502,22.28740593977851,7.1735809153566015,33.133382648709144,832111.2667864502,22.28740593977851,7.1735809153566015,33.133382648709144,1,1,777,6129,2972,11681,3091,45.54,45.54,5,2,2,777,6129,2972,11681,3091,5
31013690,고등동,0,0,1014081.5719823078,2.0735753368082652,0.5935774160360799,66.87803315406474,1014081.5719823078,2.0735753368082652,0.5935774160360799,66.87803315406474,1,1,2968,12266,4669,2968,1260,65.4,65.4,5,2,2,2968,12266,4669,2968,1260,5
31013700,화서1동,0,0,955014.8678646624,9.862448004744516,3.639443874021477,61.523735143549565,955014.8678646624,9.862448004744516,3.639443874021477,61.523735143549565,0,0,2943,12087,6184,4875,1915,41.75,41.75,0,0,0,2943,12087,6184,4875,1915,0
31013710,화서2동,0,0,1954307.2522873275,2.251161396553036,7.638670989603328,23.35861846105801,1954307.2522873275,2.251161396553036,7.638670989603328,23.35861846105801,0,0,3861,15143,5338,5476,1367,94.23,94.23,0,1,1,3861,15143,5338,5476,1367,0
31013720,행궁동,0,0,1562074.034898955,22.62591989891544,0.7487105501216187,33.928389526879904,1562074.034898955,22.62591989891544,0.7487105501216187,33.928389526879904,0,0,565,5274,3594,8073,3009,1.49,1.49,0,0,0,565,5274,3594,8073,3009,0
31014510,매탄1동,0,0,601331.9799682606,3.751735697008343,0.0,75.41809826893902,601331.9799682606,3.751735697008343,0.0,75.41809826893902,0,0,1829,7355,2520,1827,771,73.29,73.29,0,0,0,1829,7355,2520,1827,771,0
31014520,매탄2동,0,0,608340.7960805249,10.30042332349178,1.7881921482311824,50.24082983241683,608340.7960805249,10.30042332349178,1.7881921482311824,50.24082983241683,0,0,1905,8553,3472,4052,1136,62.91,62.91,0,0,0,1905,8553,3472,4052,1136,0
31014530,매탄3동,0,0,3184842.5151843256,0.6622690321244468,0.0,11.396399858634034,3184842.5151843256,0.6622690321244468,0.0,11.396399858634034,0,0,5950,23103,5459,45811,2546,89.87,89.87,0,2,2,5950,23103,5459,45811,2546,0
31014540,매탄4동,0,0,745572.0116981259,0.2423907518846678,0.0,52.64262137763767,745572.0116981259,0.2423907518846678,0.0,52.64262137763767,0,0,2622,13116,4555,2401,1113,89.29,89.29,0,0,0,2622,13116,4555,2401,1113,0
31014600,원천동,0,0,3238978.581179879,3.1998915534082126,4.57837762069967,15.916282136998367,3238978.581179879,3.1998915534082126,4.57837762069967,15.916282136998367,0,0,9262,29818,6367,24527,4348,90.39,90.39,0,1,1,9262,29818,6367,24527,4348,0
31014620,광교1동,0,0,7972362.975359087,0.0530285063295687,1.8412417593187145,3.245607337660745,7972362.975359087,0.0530285063295687,1.8412417593187145,3.245607337660745,0,0,11212,35845,6015,32061,5300,87.6,87.6,0,2,2,11212,35845,6015,32061,5300,0
31014630,광교2동,0,0,4145245.9216759335,0.0,1.680273065001579,2.6759369034404386,4145245.9216759335,0.0,1.680273065001579,2.6759369034404386,0,0,5848,17790,5074,13110,3411,98.42,98.42,0,2,2,5848,17790,5074,13110,3411,0
31014640,영통1동,0,0,1688727.5261376677,2.38562076878454,3.1369535877238737,32.15786119413504,1688727.5261376677,2.38562076878454,3.1369535877238737,32.15786119413504,0,0,6636,21431,5128,3750,1331,98.78,98.78,0,1,1,6636,21431,5128,3750,1331,0
31014650,영통2동,0,0,1369352.4425494557,3.779707856191303,0.2787819412318782,25.10442893760212,1369352.4425494557,3.779707856191303,0.2787819412318782,25.10442893760212,0,0,3767,19084,2542,16848,3206,95.53,95.53,0,3,3,3767,19084,2542,16848,3206,0
31014660,영통3동,0,0,1699302.9127793724,14.37064623855178,4.2449556413873495,32.322044267711895,1699302.9127793724,14.37064623855178,4.2449556413873495,32.322044267711895,0,0,5712,21478,4434,16347,4225,94.42,94.42,0,2,2,5712,21478,4434,16347,4225,0
31014670,망포1동,0,0,1027429.7183889756,0.0516898200107175,0.0,34.96810948577591,1027429.7183889756,0.0516898200107175,0.0,34.96810948577591,0,0,7042,20244,4398,3837,1370,93.61,93.61,0,1,1,7042,20244,4398,3837,1370,0
31014680,망포2동,0,0,1420101.381350298,1.2259925176097295,6.343817807914312,2.5919540951994997,1420101.381350298,1.2259925176097295,6.343817807914312,2.5919540951994997,0,0,9202,21052,3208,4411,1376,96.39,96.39,0,1,1,9202,21052,3208,4411,1376,0
31021510,신흥1동,0,0,322852.5331408005,24.033882897638502,0.0,62.804470845383634,322852.5331408005,24.033882897638502,0.0,62.804470845383634,0,0,958,7502,4205,4156,1366,8.04,8.04,0,2,2,958,7502,4205,4156,1366,0
31021520,신흥2동,0,0,1141191.3739257006,9.942760227820042,7.535498394083021,38.08841525296916,1141191.3739257006,9.942760227820042,7.535498394083021,38.08841525296916,0,0,4822,17673,6400,3537,1233,95.33,95.33,0,3,3,4822,17673,6400,3537,1233,0
31021530,신흥3동,0,0,321414.3661013776,33.58769230272631,0.0,50.56033931250913,321414.3661013776,33.58769230272631,0.0,50.56033931250913,0,0,846,6536,3445,4380,1487,8.53,8.53,0,3,3,846,6536,3445,4380,1487,0
31021540,태평1동,0,0,1342137.6152378148,4.0934033050153955,1.782118766567814,20.365341623449655,1342137.6152378148,4.0934033050153955,1.782118766567814,20.365341623449655,0,0,1017,8722,4637,4917,1654,17.19,17.19,0,2,2,1017,8722,4637,4917,1654,0
31021550,태평2동,0,0,482637.617122291,5.905727307362096,9.77455799680162,60.89822419518293,482637.617122291,5.905727307362096,9.77455799680162,60.89822419518293,0,0,1405,8674,4351,4028,1088,16.38,16.38,0,0,0,1405,8674,4351,4028,1088,0
31021560,태평3동,0,0,371412.9683359223,7.048065867835376,0.0040900799439823,64.20924236126953,371412.9683359223,7.048065867835376,0.0040900799439823,64.20924236126953,0,0,1168,7212,4062,2617,1165,17.87,17.87,0,2,2,1168,7212,4062,2617,1165,0
31021570,태평4동,0,0,404584.2281383324,6.579371697826216,4.718419124308991,57.792783301875616,404584.2281383324,6.579371697826216,4.718419124308991,57.792783301875616,0,0,1319,7075,3514,2193,731,25.36,25.36,0,0,0,1319,7075,3514,2193,731,0
31021580,수진1동,0,0,333426.37717924896,12.077722791664554,0.0,73.10610369585892,333426.37717924896,12.077722791664554,0.0,73.10610369585892,0,0,764,6513,4287,2831,1400,3.1,3.1,0,4,4,764,6513,4287,2831,1400,0
31021590,수진2동,0,0,924607.7040958029,13.853738632348406,0.0,20.54738325328964,924607.7040958029,13.853738632348406,0.0,20.54738325328964,0,0,1449,8456,5110,5155,1390,46.13,46.13,0,3,3,1449,8456,5110,5155,1390,0
31021600,단대동,0,0,803119.5178335841,6.874114742179069,5.689148270128535,30.967482706028647,803119.5178335841,6.874114742179069,5.689148270128535,30.967482706028647,0,0,1897,8442,4235,3604,1008,57.08,57.08,0,3,3,1897,8442,4235,3604,1008,0
31021610,산성동,0,0,584996.7628623806,5.529925325435635,7.670685654217492,36.924345626700536,584996.7628623806,5.529925325435635,7.670685654217492,36.924345626700536,0,0,599,2653,1471,971,301,0.0,0.0,0,2,2,599,2653,1471,971,301,0
31021620,양지동,0,0,1260366.8614658222,3.849656740287952,3.5278649775836453,11.115656037553393,1260366.8614658222,3.849656740287952,3.5278649775836453,11.115656037553393,0,0,1139,5374,2818,1976,588,21.13,21.13,0,1,1,1139,5374,2818,1976,588,0
31021640,신촌동,0,0,4983271.312586157,0.0,0.0,6.878554199654319,4983271.312586157,0.0,0.0,6.878554199654319,0,0,879,2864,832,1239,300,61.48,61.48,0,0,0,879,2864,832,1239,300,0
31021650,고등동,0,0,12322533.772624344,0.0,0.0,3.5484809441926286,12322533.772624344,0.0,0.0,3.5484809441926286,0,0,2111,7466,2299,5291,1340,88.68,88.68,0,0,0,2111,7466,2299,5291,1340,0
31021660,시흥동,0,0,12949411.369059494,0.1058062861663131,3.934611712752434,2.950423897181921,12949411.369059494,0.1058062861663131,3.934611712752434,2.950423897181921,0,0,263,2228,906,16814,1438,21.84,21.84,0,0,0,263,2228,906,16814,1438,0
31021670,복정동,0,0,3559313.6906606755,1.1792748433535971,0.92482610438987,4.221881323363382,3559313.6906606755,1.1792748433535971,0.92482610438987,4.221881323363382,0,0,936,7589,1832,9923,1484,0.0,0.0,0,5,5,936,7589,1832,9923,1484,0
31021680,위례동,0,0,3166325.649728645,0.0,0.6123937277025784,7.306173241374197,3166325.649728645,0.0,0.6123937277025784,7.306173241374197,0,0,9186,26773,9028,17883,4511,95.74,95.74,0,4,4,9186,26773,9028,17883,4511,0
31022510,성남동,0,0,2000825.669565819,16.887765186317218,5.906671315629231,19.447663844653448,2000825.669565819,16.887765186317218,5.906671315629231,19.447663844653448,0,0,2856,20378,9196,14022,4578,41.06,41.06,0,4,4,2856,20378,9196,14022,4578,0
31022530,금광1동,0,0,606187.9180644603,7.908729111881689,1.7868098902379597,53.38822017238951,606187.9180644603,7.908729111881689,1.7868098902379597,53.38822017238951,0,0,3348,12311,3908,2528,893,90.22,90.22,0,1,1,3348,12311,3908,2528,893,0
31022540,금광2동,0,0,1094812.0604009866,5.471106673723028,1.0093155437066037,37.41925630013957,1094812.0604009866,5.471106673723028,1.0093155437066037,37.41925630013957,0,0,2811,14776,7104,5112,2030,41.36,41.36,0,2,2,2811,14776,7104,5112,2030,0
31022550,은행1동,0,0,273136.4610257772,0.0,0.0,46.49272935158706,273136.4610257772,0.0,0.0,46.49272935158706,0,0,1274,5893,2509,707,331,33.4,33.4,0,1,1,1274,5893,2509,707,331,0
31022560,은행2동,0,0,2407367.882200602,0.8836894147874441,1.4066031600589772,17.52243717079444,2407367.882200602,0.8836894147874441,1.4066031600589772,17.52243717079444,0,0,2383,12916,6876,2649,1284,27.17,27.17,0,1,1,2383,12916,6876,2649,1284,0
31022570,상대원1동,0,0,6791300.500372477,1.0844721507847843,0.2896946921361679,7.051352891096384,6791300.500372477,1.0844721507847843,0.2896946921361679,7.051352891096384,0,0,2737,14443,7156,46392,6318,54.1,54.1,0,0,0,2737,14443,7156,46392,6318,0
31022580,상대원2동,0,0,514232.538373406,8.371292150040368,0.0,48.745347976428015,514232.538373406,8.371292150040368,0.0,48.745347976428015,0,0,316,1819,1034,4436,852,9.99,9.99,0,0,0,316,1819,1034,4436,852,0
31022590,상대원3동,0,0,305902.58438084874,8.652314766516191,0.0,73.66249326614755,305902.58438084874,8.652314766516191,0.0,73.66249326614755,0,0,1071,6654,4033,1828,1010,1.58,1.58,0,0,0,1071,6654,4033,1828,1010,0
31022600,하대원동,0,0,2339445.7954968666,6.88719776052564,0.605312049856347,11.570223621632085,2339445.7954968666,6.88719776052564,0.605312049856347,11.570223621632085,0,0,2587,11299,5707,5958,1802,65.09,65.09,0,2,2,2587,11299,5707,5958,1802,0
31022610,도촌동,0,0,9399368.91832518,0.2958095328470739,0.5982476939513934,2.5618124644084284,9399368.91832518,0.2958095328470739,0.5982476939513934,2.5618124644084284,0,0,4956,15474,6098,9026,2051,93.03,93.03,0,0,0,4956,15474,6098,9026,2051,0
31022620,중앙동,0,0,679222.1738122248,17.378459457159863,0.0,44.74036677354177,679222.1738122248,17.378459457159863,0.0,44.74036677354177,0,0,2573,10037,4315,1729,932,74.48,74.48,0,3,3,2573,10037,4315,1729,932,0
31023510,분당동,0,0,3386618.5904599978,1.2522330273467817,1.358252871704791,19.378586342672193,3386618.5904599978,1.2522330273467817,1.358252871704791,19.378586342672193,0,0,4293,14913,5682,3475,893,70.02,70.02,0,0,0,4293,14913,5682,3475,893,0
31023520,수내3동,0,0,1049864.3687678084,1.521500831459972,1.517101244105992,24.422505994908615,1049864.3687678084,1.521500831459972,1.517101244105992,24.422505994908615,0,0,3118,8204,2114,2333,734,87.85,87.85,0,0,0,3118,8204,2114,2333,734,0
31023530,수내1동,0,0,1022529.6649232466,12.954269185915852,7.132389445687319,25.345648886188265,1022529.6649232466,12.954269185915852,7.132389445687319,25.345648886188265,0,0,3311,11123,3404,23859,3498,100.0,100.0,0,2,2,3311,11123,3404,23859,3498,0
31023540,수내2동,0,0,823351.3245856259,1.124045461961369,4.874756425538334,23.195630105719232,823351.3245856259,1.124045461961369,4.874756425538334,23.195630105719232,0,0,2982,5750,1623,1889,695,100.0,100.0,0,2,2,2982,5750,1623,1889,695,0
31023550,정자2동,0,0,502331.51460231195,0.0,0.0,70.21580742580838,502331.51460231195,0.0,0.0,70.21580742580838,0,0,1907,8973,3734,1381,537,100.0,100.0,0,0,0,1907,8973,3734,1381,537,0
31023560,정자3동,0,0,1970271.7906634505,3.388943168470895,5.478260106625065,15.383449869011804,1970271.7906634505,3.388943168470895,5.478260106625065,15.383449869011804,0,0,3295,10260,3342,7681,670,93.45,93.45,0,0,0,3295,10260,3342,7681,670,0
31023580,서현1동,0,0,7490739.683692083,4.723227143107653,1.9591377772862104,7.512936316395516,7490739.683692083,4.723227143107653,1.9591377772862104,7.512936316395516,0,0,6061,19059,5901,37303,5423,90.68,90.68,0,1,1,6061,19059,5901,37303,5423,0
31023590,서현2동,0,0,780679.2261756653,6.383137602422001,0.0,49.52765833722744,780679.2261756653,6.383137602422001,0.0,49.52765833722744,0,0,3268,10708,3783,3221,1190,89.11,89.11,0,0,0,3268,10708,3783,3221,1190,0
31023600,이매1동,0,0,2885199.9100732766,3.768151864292693,0.8832269528717192,16.41344273858264,2885199.9100732766,3.768151864292693,0.8832269528717192,16.41344273858264,0,0,4818,14769,5258,5363,1299,88.45,88.45,0,3,3,4818,14769,5258,5363,1299,0
31023610,이매2동,0,0,636016.5727077175,0.0,0.0,49.862900270014215,636016.5727077175,0.0,0.0,49.862900270014215,0,0,2549,7368,3229,2299,740,100.0,100.0,0,2,2,2549,7368,3229,2299,740,0
31023620,야탑1동,0,0,1152104.9726359178,10.12734934934439,16.854611515682656,28.57613219269912,1152104.9726359178,10.12734934934439,16.854611515682656,28.57613219269912,0,0,2286,10132,4390,25254,3727,96.27,96.27,0,1,1,2286,10132,4390,25254,3727,0
31023630,야탑3동,0,0,5108682.386182084,1.9990866948071504,1.09778322394224,13.051999130186845,5108682.386182084,1.9990866948071504,1.09778322394224,13.051999130186845,0,0,3487,16195,7156,13664,2619,68.13,68.13,0,3,3,3487,16195,7156,13664,2619,0
31023640,야탑2동,0,0,623246.8307025399,2.98899807946046,0.0,58.50222708537369,623246.8307025399,2.98899807946046,0.0,58.50222708537369,0,0,2697,8709,4468,8635,891,97.72,97.72,0,1,1,2697,8709,4468,8635,891,0
31023670,구미동,0,0,3758023.763078015,5.510992494844402,2.719534161920385,20.842770711073904,3758023.763078015,5.510992494844402,2.719534161920385,20.842770711073904,0,0,4070,16732,7871,23169,2632,86.16,86.16,0,2,2,4070,16732,7871,23169,2632,0
31023680,운중동,0,0,17585271.7201601,1.1550939720839954,0.8726973540253466,1.7121940904211783,17585271.7201601,1.1550939720839954,0.8726973540253466,1.7121940904211783,0,0,7517,20947,6092,8594,2206,79.48,79.48,0,0,0,7517,20947,6092,8594,2206,0
31023710,금곡동,0,0,5763143.055682535,1.194116987641715,0.1782108070330058,8.92473320340099,5763143.055682535,1.194116987641715,0.1782108070330058,8.92473320340099,0,0,3797,16026,7260,14262,2668,85.23,85.23,0,4,4,3797,16026,7260,14262,2668,0
31023720,구미1동,0,0,3546946.845562242,1.0838327174948248,0.0,14.550636193167,3546946.845562242,1.0838327174948248,0.0,14.550636193167,0,0,2480,10294,3721,10208,2271,75.48,75.48,0,4,4,2480,10294,3721,10208,2271,0
31023740,삼평동,0,0,2796727.2106607584,0.7848075248929406,0.5473197972847849,4.678814045384283,2796727.2106607584,0.7848075248929406,0.5473197972847849,4.678814045384283,0,0,5053,14477,4409,96004,4677,100.0,100.0,0,2,2,5053,14477,4409,96004,4677,0
31023750,판교동,0,0,4576521.944312127,2.3892251750853,2.5296215807265545,5.187172091853498,4576521.944312127,2.3892251750853,2.5296215807265545,5.187172091853498,0,0,6499,15721,4292,6261,1474,81.81,81.81,0,0,0,6499,15721,4292,6261,1474,0
31023760,백현동,0,0,1932769.414060656,0.0,0.0,4.969911172415233,1932769.414060656,0.0,0.0,4.969911172415233,0,0,5002,16272,5574,26195,2420,97.02,97.02,0,2,2,5002,16272,5574,26195,2420,0
31023770,정자1동,0,0,1456921.5614923106,3.465702092999348,0.3203249696724008,4.703271514491134,1456921.5614923106,3.465702092999348,0.3203249696724008,4.703271514491134,0,0,5048,19526,5674,34858,4184,100.0,100.0,0,3,3,5048,19526,5674,34858,4184,0
31023780,정자동,0,0,974622.4641769328,15.346570641209398,0.0,35.33615167304403,974622.4641769328,15.346570641209398,0.0,35.33615167304403,0,0,2171,8988,3125,4832,1646,76.93,76.93,0,3,3,2171,8988,3125,4832,1646,0
31030520,의정부2동,0,0,2320381.049761438,8.406069994778067,2.002745019175822,29.05949766268852,2320381.049761438,8.406069994778067,2.002745019175822,29.05949766268852,0,0,3171,18630,7773,20008,4664,41.04,41.04,0,7,7,3171,18630,7773,20008,4664,0
31030550,호원1동,0,0,6227405.204741096,1.1511246248345497,0.4227307905057624,12.539325189899763,6227405.204741096,1.1511246248345497,0.4227307905057624,12.539325189899763,0,0,4352,19051,11080,7528,2065,67.67,67.67,0,7,7,4352,19051,11080,7528,2065,0
31030560,장암동,0,0,8963288.564734362,1.1200951571469746,0.0,6.045433692491329,8963288.564734362,1.1200951571469746,0.0,6.045433692491329,0,0,2920,10239,5848,3460,932,98.14,98.14,0,7,7,2920,10239,5848,3460,932,0
31030570,신곡1동,0,0,2957597.223185631,2.524613296900331,0.646900996640405,29.04532588875514,2957597.223185631,2.524613296900331,0.646900996640405,29.04532588875514,0,0,5135,22868,11416,5211,1932,85.23,85.23,0,3,3,5135,22868,11416,5211,1932,0
31030580,신곡2동,0,0,2436233.747528805,0.6330547012769794,0.5473929251818196,22.73899508936217,2436233.747528805,0.6330547012769794,0.5473929251818196,22.73899508936217,0,0,7161,26244,11996,10920,3679,92.8,92.8,0,6,6,7161,26244,11996,10920,3679,0
31030590,송산1동,0,0,16096788.510314316,0.063563643415225,0.1591233557773785,7.630201338978333,16096788.510314316,0.063563643415225,0.1591233557773785,7.630201338978333,0,0,10706,35009,11578,15262,3703,91.04,91.04,0,0,0,10706,35009,11578,15262,3703,0
31030600,자금동,0,0,11853900.158963976,0.7718861573990748,1.399985798973534,6.687952940450434,11853900.158963976,0.7718861573990748,1.399985798973534,6.687952940450434,0,0,3601,14913,7288,13391,2350,69.58,69.58,0,7,7,3601,14913,7288,13391,2350,0
31030640,녹양동,0,0,3827297.2842138344,0.4189294145688024,6.919197084059602,15.69554621387753,3827297.2842138344,0.4189294145688024,6.919197084059602,15.69554621387753,0,0,2884,11393,5875,5173,1411,78.86,78.86,0,1,1,2884,11393,5875,5173,1411,0
31030650,호원2동,0,0,4496387.804472654,0.8338322767155592,0.0,12.514873351697522,4496387.804472654,0.8338322767155592,0.0,12.514873351697522,0,0,4742,18372,9906,6004,1995,85.69,85.69,0,4,4,4742,18372,9906,6004,1995,0
31030670,흥선동,0,0,6633189.77701797,0.0326843188895906,0.0,10.843483856547596,6633189.77701797,0.0326843188895906,0.0,10.843483856547596,0,0,2610,11038,5720,5153,1406,38.2,38.2,0,4,4,2610,11038,5720,5153,1406,0
31030680,가능동,0,0,3310318.108510639,1.7662903119079614,8.7169192534533,21.921364840771684,3310318.108510639,1.7662903119079614,8.7169192534533,21.921364840771684,0,0,2956,13883,7421,6449,2125,37.57,37.57,0,3,3,2956,13883,7421,6449,2125,0
31030690,의정부1동,0,0,1944041.1435459757,13.773966250697484,2.2645077979663553,47.262704077579826,1944041.1435459757,13.773966250697484,2.2645077979663553,47.262704077579826,0,0,3973,25474,9519,19314,6524,68.81,68.81,0,10,10,3973,25474,9519,19314,6524,0
31030700,송산2동,0,0,1449692.0473893925,2.604860933603677,0.9053673932775246,40.366117408687224,1449692.0473893925,2.604860933603677,0.9053673932775246,40.366117408687224,0,0,5804,19339,6869,5786,1941,95.22,95.22,0,3,3,5804,19339,6869,5786,1941,0
31030710,송산3동,0,0,9306172.38147,0.0,0.0,2.4269508346913957,9306172.38147,0.0,0.0,2.4269508346913957,0,0,10624,27092,7740,12952,3703,98.13,98.13,0,2,2,10624,27092,7740,12952,3703,0
31041510,안양1동,0,0,606692.3575616822,31.52683613568344,0.0,25.686377680072376,606692.3575616822,31.52683613568344,0.0,25.686377680072376,0,0,1636,7319,2928,7022,2230,95.5,95.5,2,1,1,1636,7319,2928,7022,2230,2
31041520,안양2동,0,0,1709180.9247462344,8.665519518631292,3.955756839559886,26.909767819066776,1709180.9247462344,8.665519518631292,3.955756839559886,26.909767819066776,0,0,2717,13779,6487,6827,2038,56.51,56.51,2,1,1,2717,13779,6487,6827,2038,2
31041530,안양3동,0,0,728205.5990294788,3.322061412330806,0.0,43.88636165706129,728205.5990294788,3.322061412330806,0.0,43.88636165706129,0,0,1716,8886,5085,4954,1346,37.91,37.91,2,1,1,1716,8886,5085,4954,1346,2
31041540,안양4동,0,0,310155.67853813164,24.89286028212599,0.0,44.95790290428753,310155.67853813164,24.89286028212599,0.0,44.95790290428753,0,0,603,3855,2280,5280,1708,57.3,57.3,2,1,1,603,3855,2280,5280,1708,2
31041550,안양5동,0,0,644161.8725074483,6.182721149432989,0.0,52.15933091021928,644161.8725074483,6.182721149432989,0.0,52.15933091021928,0,0,1049,5563,3400,4870,978,43.99,43.99,0,0,0,1049,5563,3400,4870,978,0
31041560,안양6동,0,0,1440984.1170621174,10.586391236768142,7.57667131145028,20.468141105932993,1440984.1170621174,10.586391236768142,7.57667131145028,20.468141105932993,0,0,3396,16803,6358,10395,2729,64.3,64.3,0,1,1,3396,16803,6358,10395,2729,0
31041570,안양7동,0,0,1054269.2361587386,10.658991616737646,0.0,23.58158549288876,1054269.2361587386,10.658991616737646,0.0,23.58158549288876,0,0,2741,9157,3108,20688,3650,94.4,94.4,0,1,1,2741,9157,3108,20688,3650,0
31041580,안양8동,0,0,1169433.1691022962,2.077544382062336,4.152945686266985,23.71150856868737,1169433.1691022962,2.077544382062336,4.152945686266985,23.71150856868737,0,0,757,4764,2818,4543,872,14.57,14.57,0,1,1,757,4764,2818,4543,872,0
31041590,안양9동,0,0,6529738.056990287,0.0261830740387926,0.0,6.397984169378888,6529738.056990287,0.0261830740387926,0.0,6.397984169378888,0,0,1812,8987,5725,2086,794,59.62,59.62,0,0,0,1812,8987,5725,2086,794,0
31041600,석수1동,0,0,10369360.637145195,0.5728418324889334,0.3455281439011118,4.902021500377765,10369360.637145195,0.5728418324889334,0.3455281439011118,4.902021500377765,0,0,2498,10695,5671,6013,1279,76.71,76.71,0,2,2,2498,10695,5671,6013,1279,0
31041610,석수2동,0,0,3313257.1346386974,2.3969791680131416,0.9881110214583684,18.383143722492107,3313257.1346386974,2.3969791680131416,0.9881110214583684,18.383143722492107,2,2,3888,17515,8694,9633,2044,62.37,62.37,0,3,3,3888,17515,8694,9633,2044,0
31041620,석수3동,0,0,788986.5561575763,1.300873629581789,9.037504805623149,33.351691028804474,788986.5561575763,1.300873629581789,9.037504805623149,33.351691028804474,0,0,1755,7161,3619,1674,678,39.08,39.08,0,0,0,1755,7161,3619,1674,678,0
31041630,박달1동,0,0,451171.36178091547,7.2092168198821,4.972502015355643,64.5604626165038,451171.36178091547,7.2092168198821,4.972502015355643,64.5604626165038,0,0,1401,7980,4799,3309,1397,41.68,41.68,0,0,0,1401,7980,4799,3309,1397,0
31041640,박달2동,0,0,7427220.977638658,0.3890929445482385,0.6575311219316162,5.4040618943513845,7427220.977638658,0.3890929445482385,0.6575311219316162,5.4040618943513845,2,2,3885,12457,4917,5879,1206,85.06,85.06,0,1,1,3885,12457,4917,5879,1206,0
31042510,비산1동,0,0,2098510.499942882,1.283273638646548,0.8688199582750155,20.250398789307685,2098510.499942882,1.283273638646548,0.8688199582750155,20.250398789307685,0,0,5081,17303,6416,3276,995,99.39,99.39,2,1,1,5081,17303,6416,3276,995,2
31042520,비산2동,0,0,476894.19088859495,6.520978289136946,0.0,47.4519450935629,476894.19088859495,6.520978289136946,0.0,47.4519450935629,0,0,2537,8663,3347,2489,700,98.78,98.78,0,0,0,2537,8663,3347,2489,700,0
31042530,비산3동,0,0,5335692.501103672,1.3192843091208446,3.030110809731908,8.371143510985862,5335692.501103672,1.3192843091208446,3.030110809731908,8.371143510985862,0,0,1279,6515,3644,5538,1284,54.28,54.28,0,0,0,1279,6515,3644,5538,1284,0
31042540,부흥동,0,0,483614.3817169659,0.8743887402579362,12.64130019933438,52.324207791669586,483614.3817169659,0.8743887402579362,12.64130019933438,52.324207791669586,0,0,3146,9469,3902,5364,1354,100.0,100.0,0,1,1,3146,9469,3902,5364,1354,0
31042550,달안동,0,0,433768.1124514287,5.117090044853766,18.40965467671279,38.24318179187916,433768.1124514287,5.117090044853766,18.40965467671279,38.24318179187916,0,0,1023,6440,2489,5628,1062,100.0,100.0,0,1,1,1023,6440,2489,5628,1062,0
31042560,관양1동,0,0,3239770.219645963,1.7500921178357818,0.0346412669390158,18.489185493187954,3239770.219645963,1.7500921178357818,0.0346412669390158,18.489185493187954,0,0,3800,19767,10249,10085,3095,47.99,47.99,0,0,0,3800,19767,10249,10085,3095,0
31042570,관양2동,0,0,1660688.246877218,4.28423196128444,1.0503972544395797,19.264358197098208,1660688.246877218,4.28423196128444,1.0503972544395797,19.264358197098208,0,0,2295,11479,4601,57742,8060,61.69,61.69,0,0,0,2295,11479,4601,57742,8060,0
31042580,부림동,0,0,947724.6008426484,4.736686317954498,18.501667883696,29.164159008244095,947724.6008426484,4.736686317954498,18.501667883696,29.164159008244095,0,0,3842,17213,4792,16927,3615,100.0,100.0,0,2,2,3842,17213,4792,16927,3615,0
31042590,평촌동,0,0,533385.5993308165,0.0,0.8617872753780398,49.11869265819273,533385.5993308165,0.0,0.8617872753780398,49.11869265819273,0,0,2562,8541,2944,11654,1833,95.29,95.29,0,0,0,2562,8541,2944,11654,1833,0
31042600,평안동,0,0,831387.37361086,0.0,17.81691453367388,41.60465307498064,831387.37361086,0.0,17.81691453367388,41.60465307498064,0,0,5568,13808,3569,4418,831,100.0,100.0,0,2,2,5568,13808,3569,4418,831,0
31042610,귀인동,0,0,715438.9764813253,13.592061440132172,1.5349777844106347,47.53292198623508,715438.9764813253,13.592061440132172,1.5349777844106347,47.53292198623508,0,0,4485,9244,2499,5106,1600,94.63,94.63,0,0,0,4485,9244,2499,5106,1600,0
31042620,호계1동,0,0,1006107.8580257448,0.0,0.0,40.62699935214347,1006107.8580257448,0.0,0.0,40.62699935214347,0,0,4812,13347,3091,22980,5301,96.84,96.84,0,2,2,4812,13347,3091,22980,5301,0
31042630,호계2동,0,0,1661540.893575183,6.564419817878413,0.2741731405838403,21.846052870793923,1661540.893575183,6.564419817878413,0.2741731405838403,21.846052870793923,0,0,2590,11432,4825,9983,2051,88.87,88.87,0,4,4,2590,11432,4825,9983,2051,0
31042640,호계3동,0,0,849850.4502457086,1.7213361605032462,0.0,47.97506833540054,849850.4502457086,1.7213361605032462,0.0,47.97506833540054,0,0,3626,13958,5576,5220,1499,93.38,93.38,0,0,0,3626,13958,5576,5220,1499,0
31042650,범계동,0,0,572755.3161361807,10.374419123832922,5.316669901106581,47.59715944481432,572755.3161361807,10.374419123832922,5.316669901106581,47.59715944481432,0,0,3110,9254,2962,12289,2649,100.0,100.0,0,1,1,3110,9254,2962,12289,2649,0
31042660,신촌동,0,0,400300.3214272032,4.3744275641774,0.0,60.84313166434656,400300.3214272032,4.3744275641774,0.0,60.84313166434656,0,0,2241,7276,2869,3139,988,96.42,96.42,0,0,0,2241,7276,2869,3139,988,0
31042670,갈산동,0,0,729835.2548982614,0.0,9.61832378319262,41.671239114008195,729835.2548982614,0.0,9.61832378319262,41.671239114008195,0,0,2032,5830,2653,1846,679,89.7,89.7,0,0,0,2032,5830,2653,1846,679,0
31050870,심곡동,0,0,,,,,,,,,0,0,5750,36110,17333,24149,7173,26.0,26.0,0,0,0,5750,36110,17333,24149,7173,0
31050880,부천동,0,0,,,,,,,,,0,0,10676,49845,24479,60159,13002,37.91,37.91,0,0,0,10676,49845,24479,60159,13002,0
31050890,중동,0,0,,,,,,,,,0,0,5622,23311,10989,20977,4502,58.76,58.76,0,0,0,5622,23311,10989,20977,4502,0
31050900,신중동,0,0,,,,,,,,,0,0,18824,78534,30332,53817,12687,93.21,93.21,0,0,0,18824,78534,30332,53817,12687,0
31050910,상동,0,0,,,,,,,,,0,0,15384,50940,16167,31197,8652,96.4,96.4,0,0,0,15384,50940,16167,31197,8652,0
31050920,대산동,0,0,,,,,,,,,0,0,9196,44098,23073,19428,6492,52.59,52.59,0,0,0,9196,44098,23073,19428,6492,0
31050930,소사본동,0,0,,,,,,,,,0,0,6834,30212,16684,11862,3844,58.92,58.92,0,0,0,6834,30212,16684,11862,3844,0
31050940,범안동,0,0,,,,,,,,,0,0,19019,58049,22895,20049,7127,81.15,81.15,0,0,0,19019,58049,22895,20049,7127,0
31050950,성곡동,0,0,,,,,,,,,0,0,9012,45499,23047,14144,5163,34.35,34.35,0,0,0,9012,45499,23047,14144,5163,0
31050960,오정동,0,0,,,,,,,,,0,0,9564,46762,21728,52553,12390,39.38,39.38,0,0,0,9564,46762,21728,52553,12390,0
31060510,광명1동,0,0,308585.6213347971,2.540617030724045,0.0,70.56291783118853,308585.6213347971,2.540617030724045,0.0,70.56291783118853,0,0,4,32,14,56,30,,,0,0,0,4,32,14,56,30,0
31060520,광명2동,0,0,258223.35765371565,4.8260194031842945,0.0,74.10025417822582,258223.35765371565,4.8260194031842945,0.0,74.10025417822582,0,0,242,1542,1137,777,291,3.85,3.85,0,1,1,242,1542,1137,777,291,0
31060530,광명3동,0,0,319192.974851939,2.52561675576114,0.0,69.3496788615869,319192.974851939,2.52561675576114,0.0,69.3496788615869,0,0,850,5155,3723,3680,1448,0.0,0.0,0,1,1,850,5155,3723,3680,1448,0
31060540,광명4동,0,0,289068.65681864636,0.0,0.0,82.89575758515878,289068.65681864636,0.0,0.0,82.89575758515878,0,0,790,4044,2858,2231,843,61.57,61.57,0,1,1,790,4044,2858,2231,843,0
31060550,광명5동,0,0,394641.84443441493,0.0,0.0,69.96619936532574,394641.84443441493,0.0,0.0,69.96619936532574,0,0,1632,6684,3687,1942,667,37.9,37.9,0,1,1,1632,6684,3687,1942,667,0
31060560,광명6동,0,0,2436247.680261526,0.7062590778188024,0.0,19.97309248636451,2436247.680261526,0.7062590778188024,0.0,19.97309248636451,0,0,2496,7840,3408,4771,1265,73.24,73.24,0,0,0,2496,7840,3408,4771,1265,0
31060570,광명7동,0,0,2321173.4571164264,0.5162732502069735,0.0,18.24386203440472,2321173.4571164264,0.5162732502069735,0.0,18.24386203440472,0,0,3456,12990,5603,3750,1177,68.44,68.44,0,1,1,3456,12990,5603,3750,1177,0
31060580,철산1동,0,0,568373.1667887825,2.267830512271307,0.1032848518126008,31.86565406200305,568373.1667887825,2.267830512271307,0.1032848518126008,31.86565406200305,0,0,1932,6426,2174,2139,457,99.68,99.68,0,1,1,1932,6426,2174,2139,457,0
31060590,철산2동,0,0,616783.9174592419,0.0,0.0,65.98962071705505,616783.9174592419,0.0,0.0,65.98962071705505,0,0,452,3097,1828,1820,556,2.19,2.19,0,1,1,452,3097,1828,1820,556,0
31060600,철산3동,0,0,1332741.6859004025,6.2131199156948895,6.264626364821592,46.869568899398175,1332741.6859004025,6.2131199156948895,6.264626364821592,46.869568899398175,0,0,7584,21509,7679,14209,2295,99.29,99.29,0,1,1,7584,21509,7679,14209,2295,0
31060610,철산4동,0,0,334981.5264609303,0.0,0.0,64.51058874561085,334981.5264609303,0.0,0.0,64.51058874561085,0,0,1612,5960,1817,743,386,99.51,99.51,0,1,1,1612,5960,1817,743,386,0
31060620,하안1동,0,0,3904565.9332712903,1.6892414794824464,4.3021370128677034,17.033074594051627,3904565.9332712903,1.6892414794824464,4.3021370128677034,17.033074594051627,0,0,4855,14586,5877,7667,1702,92.92,92.92,0,0,0,4855,14586,5877,7667,1702,0
31060630,하안2동,0,0,441554.9080447803,6.276914726804934,0.0,55.27237469303712,441554.9080447803,6.276914726804934,0.0,55.27237469303712,0,0,1557,8149,3496,2065,669,100.0,100.0,0,0,0,1557,8149,3496,2065,669,0
31060640,하안3동,0,0,576420.0696853575,7.685670968081598,0.0021867905809118,60.52240090971943,576420.0696853575,7.685670968081598,0.0021867905809118,60.52240090971943,0,0,2637,11039,5413,4943,1533,100.0,100.0,0,1,1,2637,11039,5413,4943,1533,0
31060650,하안4동,0,0,430821.96096324327,0.0,2.705639152256797,44.57715287557528,430821.96096324327,0.0,2.705639152256797,44.57715287557528,0,0,1889,7530,2416,1250,456,100.0,100.0,0,1,1,1889,7530,2416,1250,456,0
31060660,소하1동,0,0,3754836.938532936,0.3697968673222934,0.0001720717338042,9.6376943363856,3754836.938532936,0.3697968673222934,0.0001720717338042,9.6376943363856,0,0,6261,17372,6578,23983,3052,94.4,94.4,0,2,2,6261,17372,6578,23983,3052,0
31060680,학온동,0,0,12912992.762903228,0.6585924151086032,0.0,4.893933697141098,12912992.762903228,0.6585924151086032,0.0,4.893933697141098,0,0,126,851,927,6326,1744,0.0,0.0,0,0,0,126,851,927,6326,1744,0
31060690,소하2동,0,0,3899319.9038504446,2.013825594880237,0.4002027388055089,11.436294618670924,3899319.9038504446,2.013825594880237,0.4002027388055089,11.436294618670924,0,0,3959,15055,7623,4432,1414,61.21,61.21,0,0,0,3959,15055,7623,4432,1414,0
31060700,일직동,0,0,3449914.184013159,0.0,0.2939638845799136,4.584426236829531,3449914.184013159,0.0,0.2939638845799136,4.584426236829531,2,2,4470,14781,2493,20617,3835,97.23,97.23,0,1,1,4470,14781,2493,20617,3835,0
31070110,팽성읍,0,0,56841957.484253354,0.3091118058322954,0.3498085790705968,5.933757462992919,56841957.484253354,0.3091118058322954,0.3498085790705968,5.933757462992919,0,0,3277,15314,9749,11356,2857,33.65,33.65,0,0,0,3277,15314,9749,11356,2857,0
31070120,안중읍,0,0,28552058.997973815,1.059109121942697,0.5173428568163347,6.370567944757391,28552058.997973815,1.059109121942697,0.5173428568163347,6.370567944757391,0,0,8181,26407,8150,13694,3913,75.15,75.15,0,0,0,8181,26407,8150,13694,3913,0
31070130,포승읍,0,0,61908938.41224864,0.896991563690982,0.0410683823726718,3.85756540634393,61908938.41224864,0.896991563690982,0.0410683823726718,3.85756540634393,0,0,3058,15267,5314,28233,3380,61.64,61.64,0,0,0,3058,15267,5314,28233,3380,0
31070140,청북읍,0,0,52484366.58124488,0.1144642120373213,0.1818995302195644,3.0871379164404007,52484366.58124488,0.1144642120373213,0.1818995302195644,3.0871379164404007,0,0,6609,15494,4532,23651,3240,76.07,76.07,0,0,0,6609,15494,4532,23651,3240,0
31070310,진위면,0,0,33968295.127694786,0.2801192642866718,0.1934112414327105,4.24506757581802,33968295.127694786,0.2801192642866718,0.1934112414327105,4.24506757581802,0,0,1059,6318,3755,25097,2074,44.31,44.31,0,1,1,1059,6318,3755,25097,2074,0
31070320,서탄면,0,0,28554805.46676413,0.0991745708510337,0.2320046981246012,3.8162166435941858,28554805.46676413,0.0991745708510337,0.2320046981246012,3.8162166435941858,0,0,289,1684,1593,12814,1679,0.0,0.0,0,0,0,289,1684,1593,12814,1679,0
31070330,고덕면,0,0,22184075.20483836,0.1413124007222921,0.1274068081612952,6.8119613104703545,22184075.20483836,0.1413124007222921,0.1274068081612952,6.8119613104703545,0,0,1692,7839,3233,8226,1549,65.59,65.59,0,0,0,1692,7839,3233,8226,1549,0
31070340,오성면,0,0,32509332.39844798,0.2160375048284318,0.1463767982583005,5.2911521671211625,32509332.39844798,0.2160375048284318,0.1463767982583005,5.2911521671211625,0,0,643,3164,2651,4696,898,5.41,5.41,0,0,0,643,3164,2651,4696,898,0
31070370,현덕면,0,0,46399871.3821107,0.2035247842060104,0.0975185834619598,3.927339756284599,46399871.3821107,0.2035247842060104,0.0975185834619598,3.927339756284599,0,0,526,2695,2585,1466,573,34.43,34.43,0,0,0,526,2695,2585,1466,573,0
31070510,중앙동,0,0,5341866.8496956155,1.7711025057727363,1.0593465279431034,15.44262430854564,5341866.8496956155,1.7711025057727363,1.0593465279431034,15.44262430854564,0,0,6272,27767,9236,12654,3162,83.24,83.24,2,1,1,6272,27767,9236,12654,3162,2
31070520,서정동,0,0,1672522.5989198072,2.4493411177063997,2.4010715110530443,59.25779306558563,1672522.5989198072,2.4493411177063997,2.4010715110530443,59.25779306558563,0,0,2827,14561,6487,7262,2512,36.54,36.54,0,1,1,2827,14561,6487,7262,2512,0
31070530,송탄동,0,0,19553607.389568664,0.2203814689698041,0.1313612477649756,5.0237414011408665,19553607.389568664,0.2203814689698041,0.1313612477649756,5.0237414011408665,0,0,4356,14067,3480,18953,2600,87.35,87.35,0,0,0,4356,14067,3480,18953,2600,0
31070550,지산동,0,0,698334.5330614491,2.374901492121896,0.0,56.25021402425252,698334.5330614491,2.374901492121896,0.0,56.25021402425252,0,0,1326,8876,2495,2428,833,56.17,56.17,0,1,1,1326,8876,2495,2428,833,0
31070560,송북동,0,0,7131737.129522078,0.6437792149442622,0.0,11.587784697715954,7131737.129522078,0.6437792149442622,0.0,11.587784697715954,0,0,3161,12607,5607,5219,1719,64.47,64.47,0,1,1,3161,12607,5607,5219,1719,0
31070570,신장1동,0,0,1588391.5009112947,0.0,0.0,22.019044132263723,1588391.5009112947,0.0,0.0,22.019044132263723,0,0,1011,4438,1609,1773,569,30.02,30.02,0,0,0,1011,4438,1609,1773,569,0
31070580,신장2동,0,0,632375.7738095301,0.0,0.0,55.208713729725325,632375.7738095301,0.0,0.0,55.208713729725325,0,0,376,2879,1853,2471,868,18.23,18.23,0,1,1,376,2879,1853,2471,868,0
31070590,신평동,0,0,6417828.226960294,2.737191228443693,1.6032816401894383,14.24359690011056,6417828.226960294,2.737191228443693,1.6032816401894383,14.24359690011056,0,0,2103,12974,5486,16647,5063,56.36,56.36,4,1,1,2103,12974,5486,16647,5063,4
31070600,원평동,0,0,5241974.932253721,0.247218190996346,0.1948737771931277,11.561982877656398,5241974.932253721,0.247218190996346,0.1948737771931277,11.561982877656398,0,0,1473,8441,3382,4076,1052,69.02,69.02,4,1,1,1473,8441,3382,4076,1052,4
31070610,통복동,0,0,608915.4380915723,11.787879378230096,0.6757041238626001,37.90294125512617,608915.4380915723,11.787879378230096,0.6757041238626001,37.90294125512617,0,0,253,2081,1484,2828,1248,61.71,61.71,4,1,1,253,2081,1484,2828,1248,4
31070640,세교동,0,0,7083657.026035983,1.7723525862212512,0.1677817535531822,13.503586418964591,7083657.026035983,1.7723525862212512,0.1677817535531822,13.503586418964591,0,0,7248,23901,6483,12931,2514,89.45,89.45,0,1,1,7248,23901,6483,12931,2514,0
31070650,비전2동,0,0,4766524.530981063,2.9160079783842434,2.099675425727007,23.83568067463802,4766524.530981063,2.9160079783842434,2.099675425727007,23.83568067463802,0,0,12029,35254,10374,11871,3257,86.93,86.93,0,0,0,12029,35254,10374,11871,3257,0
31070660,용이동,0,0,2625417.799606587,2.967832758339247,0.7658574704953741,6.355174559836197,2625417.799606587,2.967832758339247,0.7658574704953741,6.355174559836197,0,0,6198,16871,2813,4150,1311,72.18,72.18,0,0,0,6198,16871,2813,4150,1311,0
31070670,비전1동,0,0,13005389.090830876,0.8646431030011574,0.2641329879489713,6.743906517996982,13005389.090830876,0.8646431030011574,0.2641329879489713,6.743906517996982,0,0,11019,32050,8534,17666,5424,84.98,84.98,0,0,0,11019,32050,8534,17666,5424,0
31070680,동삭동,0,0,3027451.5719872653,0.0,0.8996225225204361,14.075400902494636,3027451.5719872653,0.0,0.8996225225204361,14.075400902494636,0,0,9894,27701,3949,6150,1979,94.25,94.25,0,0,0,9894,27701,3949,6150,1979,0
31070690,고덕동,0,0,16609179.771785324,0.0761785327382232,0.2056348363933895,6.759699641932679,16609179.771785324,0.0761785327382232,0.2056348363933895,6.759699641932679,0,0,9759,29939,2960,25947,3034,93.44,93.44,2,1,1,9759,29939,2960,25947,3034,2
31080510,생연1동,0,0,1974235.422148335,0.0,0.0,0.0,1974235.422148335,0.0,0.0,0.0,0,0,822,3201,2367,1978,375,45.59,45.59,0,2,2,822,3201,2367,1978,375,0
31080520,생연2동,0,0,751403.3826322043,0.0,0.0,0.0,751403.3826322043,0.0,0.0,0.0,0,0,1643,5575,3775,2675,1075,75.44,75.44,0,2,2,1643,5575,3775,2675,1075,0
31080530,중앙동,0,0,648495.3793721586,0.0,0.0,0.0,648495.3793721586,0.0,0.0,0.0,0,0,274,2020,2229,3017,1146,8.86,8.86,0,2,2,274,2020,2229,3017,1146,0
31080550,보산동,0,0,13728874.49759515,0.0,0.0,0.0,13728874.49759515,0.0,0.0,0.0,0,0,264,1323,1120,779,384,17.56,17.56,0,2,2,264,1323,1120,779,384,0
31080560,불현동,0,0,33814506.09365925,0.0677547313172104,0.0218764783085643,0.2598103580358925,33814506.09365925,0.0677547313172104,0.0218764783085643,0.2598103580358925,0,0,3667,13687,8031,5692,1687,59.77,59.77,0,2,2,3667,13687,8031,5692,1687,0
31080580,소요동,0,0,31405818.786947995,0.0,0.0,0.0,31405818.786947995,0.0,0.0,0.0,0,0,829,4131,3579,5431,868,18.5,18.5,0,2,2,829,4131,3579,5431,868,0
31080600,상패동,0,0,8079781.100079704,0.0,0.0,0.0,8079781.100079704,0.0,0.0,0.0,0,0,449,2485,2052,2717,629,37.42,37.42,0,1,1,449,2485,2052,2717,629,0
31080610,송내동,0,0,5519409.762364772,0.5272731356547364,0.0,0.0,5519409.762364772,0.5272731356547364,0.0,0.0,0,0,4361,14367,6375,7970,2326,88.58,88.58,0,1,1,4361,14367,6375,7970,2326,0
31091510,일동,0,0,2453387.947283387,1.6107138332425857,7.0413437225879,20.78287962656559,2453387.947283387,1.6107138332425857,7.0413437225879,20.78287962656559,0,0,3382,14588,5474,5012,1537,0.11,0.11,0,1,1,3382,14588,5474,5012,1537,0
31091540,본오1동,0,0,6484897.085839733,0.5985694319615833,1.13737356311036,13.34240517877424,6484897.085839733,0.5985694319615833,1.13737356311036,13.34240517877424,0,0,5288,22723,7578,10390,4547,1.43,1.43,0,1,1,5288,22723,7578,10390,4547,0
31091550,본오2동,0,0,834377.5278814367,2.594953540392871,5.758076104838048,55.19664784517816,834377.5278814367,2.594953540392871,5.758076104838048,55.19664784517816,0,0,3459,15442,6027,5082,2028,53.36,53.36,0,1,1,3459,15442,6027,5082,2028,0
31091560,본오3동,0,0,1080047.3560604758,8.077186690981295,9.919102663028443,33.88871333032097,1080047.3560604758,8.077186690981295,9.919102663028443,33.88871333032097,0,0,2019,11849,4759,5376,1977,62.24,62.24,0,1,1,2019,11849,4759,5376,1977,0
31091570,부곡동,0,0,5700877.984597563,0.4625591079347066,3.1338119508171567,11.050882207890853,5700877.984597563,0.4625591079347066,3.1338119508171567,11.050882207890853,0,0,3021,12899,4888,4374,1612,0.24,0.24,0,0,0,3021,12899,4888,4374,1612,0
31091580,월피동,0,0,6072845.604134316,0.9992099349863862,1.1051174017055327,15.4512504741711,6072845.604134316,0.9992099349863862,1.1051174017055327,15.4512504741711,0,0,4789,23301,8374,8389,2907,38.79,38.79,0,0,0,4789,23301,8374,8389,2907,0
31091620,성포동,0,0,1704147.4879324764,3.432248419593497,9.184652752476548,28.25170521563802,1704147.4879324764,3.432248419593497,9.184652752476548,28.25170521563802,0,0,3457,15174,6465,4151,1108,96.36,96.36,0,2,2,3457,15174,6465,4151,1108,0
31091710,반월동,0,0,13259427.323123757,0.0,0.0724264209605504,6.362701311864234,13259427.323123757,0.0,0.0724264209605504,6.362701311864234,0,0,1996,9030,5805,9199,1740,62.45,62.45,0,1,1,1996,9030,5805,9199,1740,0
31091730,안산동,0,0,8374241.706672075,0.0661856170880181,0.0,7.01590538304042,8374241.706672075,0.0661856170880181,0.0,7.01590538304042,0,0,1041,4651,2982,4720,1340,22.73,22.73,0,0,0,1041,4651,2982,4720,1340,0
31091740,이동,0,0,2369742.9615003434,4.367140776292146,5.567665483346175,16.433609071822573,2369742.9615003434,4.367140776292146,5.567665483346175,16.433609071822573,0,0,2143,15255,5407,11987,3929,10.04,10.04,0,5,5,2143,15255,5407,11987,3929,0
31091760,사동,0,0,2244415.214772141,1.704838681281444,0.1559160199034229,31.87381321773291,2244415.214772141,1.704838681281444,0.1559160199034229,31.87381321773291,0,0,3593,19768,6738,7351,2283,31.27,31.27,0,3,3,3593,19768,6738,7351,2283,0
31091770,사이동,0,0,3011739.724825286,1.0543101396929728,13.525180960418147,23.001459526230207,3011739.724825286,1.0543101396929728,13.525180960418147,23.001459526230207,0,0,4998,19455,6658,5545,1867,55.71,55.71,0,1,1,4998,19455,6658,5545,1867,0
31091780,해양동,0,0,4806224.336353988,0.0,5.247940632659074,3.6027566283217607,4806224.336353988,0.0,5.247940632659074,3.6027566283217607,0,0,8751,25809,5831,9531,1869,90.3,90.3,0,0,0,8751,25809,5831,9531,1869,0
31092590,와동,0,0,3221239.334470704,1.6340687360176145,2.281020716582995,24.840873531030866,3221239.334470704,1.6340687360176145,2.281020716582995,24.840873531030866,0,0,5506,23482,7709,5241,2348,4.44,4.44,0,0,0,5506,23482,7709,5241,2348,0
31092660,초지동,0,0,25860308.011119746,0.3754654605175209,1.943840661805748,1.233103965151175,25860308.011119746,0.3754654605175209,1.943840661805748,1.233103965151175,0,0,7381,29423,9034,114603,12691,96.71,96.71,0,10,10,7381,29423,9034,114603,12691,0
31092680,선부1동,0,0,843508.8420417133,4.7286976451187845,5.1352269817530365,40.86672077566994,843508.8420417133,4.7286976451187845,5.1352269817530365,40.86672077566994,0,0,2356,10772,3944,3653,1075,88.75,88.75,0,1,1,2356,10772,3944,3653,1075,0
31092690,선부2동,0,0,3090406.4402411757,2.9314759838816697,1.0686359573927062,16.880737868353236,3090406.4402411757,2.9314759838816697,1.0686359573927062,16.880737868353236,0,0,1879,9271,3584,6012,2253,45.41,45.41,0,2,2,1879,9271,3584,6012,2253,0
31092700,선부3동,0,0,4813520.947696867,1.182812703876304,0.8605257544338312,13.588523399142838,4813520.947696867,1.182812703876304,0.8605257544338312,13.588523399142838,0,0,4857,21433,6832,6037,2153,74.96,74.96,0,2,2,4857,21433,6832,6037,2153,0
31092720,대부동,0,0,60883058.17744252,0.0914092524247593,0.3352052415061091,0.2163782661279076,60883058.17744252,0.0914092524247593,0.3352052415061091,0.2163782661279076,0,0,628,4066,4511,4827,1970,0.0,0.0,0,0,0,628,4066,4511,4827,1970,0
31092730,호수동,0,0,2645303.1690055677,0.0,0.7556099493053114,10.786438589198706,2645303.1690055677,0.0,0.7556099493053114,10.786438589198706,0,0,7647,27019,8106,28720,9278,96.88,96.88,0,4,4,7647,27019,8106,28720,9278,0
31092740,고잔동,0,0,1459729.3500911563,5.100243373564236,10.372472919716245,31.80470468687927,1459729.3500911563,5.100243373564236,10.372472919716245,31.80470468687927,0,0,2386,13349,4661,9280,1475,15.15,15.15,0,2,2,2386,13349,4661,9280,1475,0
31092750,중앙동,0,0,1998724.024669557,11.371895346462086,4.7696573260040935,25.212837252899533,1998724.024669557,11.371895346462086,4.7696573260040935,25.212837252899533,0,0,2997,15961,4591,19681,5482,91.83,91.83,0,2,2,2997,15961,4591,19681,5482,0
31092760,원곡동,0,0,1320370.9024419754,5.2085227558786595,5.788420746274838,33.33689375780293,1320370.9024419754,5.2085227558786595,5.788420746274838,33.33689375780293,0,0,517,2990,2106,13552,4980,0.0,0.0,0,2,2,517,2990,2106,13552,4980,0
31092770,신길동,0,0,6841270.417447045,1.4541659338052466,0.2667616047642283,5.916367742271103,6841270.417447045,1.4541659338052466,0.2667616047642283,5.916367742271103,0,0,3404,12826,4992,17726,3270,87.05,87.05,0,5,5,3404,12826,4992,17726,3270,0
31092780,백운동,0,0,1465715.271212133,2.7058433174619605,1.5751372950687828,30.415966183070783,1465715.271212133,2.7058433174619605,1.5751372950687828,30.415966183070783,0,0,3774,15125,5322,3437,1449,86.94,86.94,0,7,7,3774,15125,5322,3437,1449,0
31101510,주교동,0,0,5520761.037604406,0.0,0.0,0.0,5520761.037604406,0.0,0.0,0.0,0,0,1097,6190,3674,4833,1149,36.44,36.44,0,0,0,1097,6190,3674,4833,1149,0
31101520,원신동,0,0,12901447.008465236,0.3721703896353643,0.0,2.2342096153336226,12901447.008465236,0.3721703896353643,0.0,2.2342096153336226,0,0,4715,12689,5486,5618,1671,94.25,94.25,0,0,0,4715,12689,5486,5618,1671,0
31101530,흥도동,0,0,11195493.579305775,0.1940138141627836,0.0268446552062293,2.748274411885857,11195493.579305775,0.1940138141627836,0.0268446552062293,2.748274411885857,0,0,6158,17754,5669,14397,2946,92.47,92.47,0,0,0,6158,17754,5669,14397,2946,0
31101540,성사1동,0,0,2309005.9415986347,0.0,0.0,0.0,2309005.9415986347,0.0,0.0,0.0,0,0,2570,12305,6329,7556,2326,75.65,75.65,0,1,1,2570,12305,6329,7556,2326,0
31101550,성사2동,0,0,993602.403393606,0.0,0.0,0.0,993602.403393606,0.0,0.0,0.0,0,0,1308,5874,3558,2040,648,96.79,96.79,0,1,1,1308,5874,3558,2040,648,0
31101560,효자동,0,0,25774227.64423159,1.236764484753562,0.1125088962907793,3.089529435746299,25774227.64423159,1.236764484753562,0.1125088962907793,3.089529435746299,0,0,5329,14763,3842,4868,1329,91.82,91.82,0,1,1,5329,14763,3842,4868,1329,0
31101580,창릉동,0,0,11302131.133050485,2.5841297450162872,0.9696919759891454,8.254711617612625,11302131.133050485,2.5841297450162872,0.9696919759891454,8.254711617612625,0,0,4237,14869,4207,12293,3023,51.32,51.32,0,2,2,4237,14869,4207,12293,3023,0
31101590,고양동,0,0,23899326.381957088,1.0058330605563606,0.3621008051311714,4.603103474004613,23899326.381957088,1.0058330605563606,0.3621008051311714,4.603103474004613,0,0,4295,15613,8522,8150,2278,57.9,57.9,0,0,0,4295,15613,8522,8150,2278,0
31101600,관산동,0,0,16408160.701033805,0.0,0.0,0.7547362331631102,16408160.701033805,0.0,0.0,0.7547362331631102,0,0,4013,18967,12072,8355,2870,19.87,19.87,0,0,0,4013,18967,12072,8355,2870,0
31101610,능곡동,0,0,12511678.649456646,0.4469957900956826,0.0012085370301756,3.450677957786556,12511678.649456646,0.4469957900956826,0.0012085370301756,3.450677957786556,0,0,2461,10756,4985,4688,1464,72.13,72.13,0,7,7,2461,10756,4985,4688,1464,0
31101620,화정1동,0,0,2267379.7882902506,0.0,0.0,0.0,2267379.7882902506,0.0,0.0,0.0,0,0,4569,21582,9848,12168,2939,95.33,95.33,0,3,3,4569,21582,9848,12168,2939,0
31101630,화정2동,0,0,1982741.5685294664,0.922967934262542,0.0,4.823623891678618,1982741.5685294664,0.922967934262542,0.0,4.823623891678618,0,0,5139,19353,6957,10245,2860,99.92,99.92,0,2,2,5139,19353,6957,10245,2860,0
31101640,행주동,1,1,6392821.170084076,3.635118924012129,8.610539989317664,10.019042768379917,6392821.170084076,3.635118924012129,8.610539989317664,10.019042768379917,3,3,1346,9578,5398,6344,1823,35.01,35.01,0,3,3,1346,9578,5398,6344,1823,0
31101650,행신1동,0,0,667785.8583775073,5.62886272796181,0.0,52.26697211850512,667785.8583775073,5.62886272796181,0.0,52.26697211850512,0,0,2741,12210,5755,3738,1302,93.28,93.28,0,0,0,2741,12210,5755,3738,1302,0
31101660,행신2동,1,1,4311403.807494253,1.5156517532927851,15.578376160656804,12.626443174743526,4311403.807494253,1.5156517532927851,15.578376160656804,12.626443174743526,3,3,4049,18948,7382,8454,2587,96.55,96.55,0,4,4,4049,18948,7382,8454,2587,0
31101670,화전동,0,0,7274995.901716369,0.6098266342371859,0.0,16.073203039219866,7274995.901716369,0.6098266342371859,0.0,16.073203039219866,0,0,5807,17160,4980,7777,2634,86.89,86.89,0,1,1,5807,17160,4980,7777,2634,0
31101680,대덕동,0,0,10768770.676516172,0.9595603203376142,1.1618839272234764,7.422787545222224,10768770.676516172,0.9595603203376142,1.1618839272234764,7.422787545222224,0,0,4014,10015,1985,5934,1308,88.57,88.57,0,1,1,4014,10015,1985,5934,1308,0
31101690,행신3동,0,0,1960157.9355320272,3.6860394432229873,0.3036488152576623,24.4569675259835,1960157.9355320272,3.6860394432229873,0.3036488152576623,24.4569675259835,0,0,3270,14046,5648,7525,2291,86.67,86.67,0,0,0,3270,14046,5648,7525,2291,0
31101700,삼송동,0,0,6816244.15557622,0.4972219572311053,0.1999224490638858,12.314272786415277,6816244.15557622,0.4972219572311053,0.1999224490638858,12.314272786415277,0,0,7637,32091,10767,11953,3823,75.47,75.47,0,0,0,7637,32091,10767,11953,3823,0
31103510,식사동,0,0,6850086.616534832,0.0,0.0,0.0,6850086.616534832,0.0,0.0,0.0,0,0,9044,24847,6929,13657,3881,82.58,82.58,0,0,0,9044,24847,6929,13657,3881,0
31103520,중산동,0,0,2835451.5416565104,0.0,0.0,0.0,2835451.5416565104,0.0,0.0,0.0,0,0,6525,25772,12265,10424,3539,90.63,90.63,0,0,0,6525,25772,12265,10424,3539,0
31103530,정발산동,0,0,1547485.8802917637,0.0,0.0,0.0,1547485.8802917637,0.0,0.0,0.0,0,0,2755,13174,5988,6873,2594,0.0,0.0,0,3,3,2755,13174,5988,6873,2594,0
31103540,풍산동,0,0,5685010.512740809,0.0,0.0,0.0,5685010.512740809,0.0,0.0,0.0,0,0,6485,21737,8940,9790,2991,81.28,81.28,0,6,6,6485,21737,8940,9790,2991,0
31103550,백석1동,0,0,1756936.330779071,0.0,0.0,0.0,1756936.330779071,0.0,0.0,0.0,0,0,4029,18282,6737,14788,3370,86.47,86.47,0,5,5,4029,18282,6737,14788,3370,0
31103560,마두1동,0,0,2212686.4386290037,0.0,0.0,0.0,2212686.4386290037,0.0,0.0,0.0,0,0,4082,13600,5344,10058,1944,72.71,72.71,0,5,5,4082,13600,5344,10058,1944,0
31103570,마두2동,0,0,622647.7268072952,0.0,0.0,0.0,622647.7268072952,0.0,0.0,0.0,0,0,3017,8928,3612,4228,1513,100.0,100.0,0,0,0,3017,8928,3612,4228,1513,0
31103580,장항1동,0,0,10231101.360393375,0.0,0.0,0.0,10231101.360393375,0.0,0.0,0.0,0,0,2174,6636,2053,11193,2611,93.1,93.1,0,0,0,2174,6636,2053,11193,2611,0
31103590,장항2동,0,0,2409012.1349257906,0.0,0.0,0.0,2409012.1349257906,0.0,0.0,0.0,0,0,2110,18727,5694,38978,10057,100.0,100.0,0,1,1,2110,18727,5694,38978,10057,0
31103600,고봉동,0,0,25045596.173138853,0.0,0.0,0.0,25045596.173138853,0.0,0.0,0.0,0,0,2433,12426,7155,27113,6157,20.56,20.56,0,0,0,2433,12426,7155,27113,6157,0
31103610,백석2동,0,0,789408.7547759614,0.0,0.0,0.0,789408.7547759614,0.0,0.0,0.0,0,0,1778,13420,4899,11170,3121,87.61,87.61,0,1,1,1778,13420,4899,11170,3121,0
31104510,일산1동,0,0,644567.3342349296,0.0,0.0,0.0,644567.3342349296,0.0,0.0,0.0,0,0,3727,14928,6995,3208,1328,94.1,94.1,0,2,2,3727,14928,6995,3208,1328,0
31104520,일산2동,0,0,815472.5002313553,0.0,0.0,0.0,815472.5002313553,0.0,0.0,0.0,0,0,2217,11154,5774,4163,1726,81.55,81.55,0,2,2,2217,11154,5774,4163,1726,0
31104530,일산3동,0,0,1142407.319166966,0.0,0.0,0.0,1142407.319166966,0.0,0.0,0.0,0,0,7422,20079,6435,4465,1737,100.0,100.0,0,2,2,7422,20079,6435,4465,1737,0
31104540,탄현동,0,0,2180892.8001849265,0.0,0.0,0.0,2180892.8001849265,0.0,0.0,0.0,0,0,8562,30419,10329,9336,3488,98.34,98.34,0,0,0,8562,30419,10329,9336,3488,0
31104550,주엽1동,0,0,935237.8700463502,0.0,0.0,0.0,935237.8700463502,0.0,0.0,0.0,0,0,4201,15539,7100,5365,1894,100.0,100.0,0,1,1,4201,15539,7100,5365,1894,0
31104560,주엽2동,0,0,997720.3481686064,0.0,0.0,0.0,997720.3481686064,0.0,0.0,0.0,0,0,4463,15275,7547,7712,2466,100.0,100.0,0,1,1,4463,15275,7547,7712,2466,0
31104570,대화동,0,0,3771077.618804433,0.0,0.0,0.0,3771077.618804433,0.0,0.0,0.0,0,0,4449,22031,8096,20149,4308,59.6,59.6,0,1,1,4449,22031,8096,20149,4308,0
31104580,송포동,0,0,12758921.385668736,0.0,0.0,0.0,12758921.385668736,0.0,0.0,0.0,0,0,3269,12490,4811,5873,1660,80.84,80.84,0,0,0,3269,12490,4811,5873,1660,0
31104590,송산동,0,0,18076219.47030062,0.0,0.0,0.0,18076219.47030062,0.0,0.0,0.0,0,0,9188,29376,10996,19923,5818,72.47,72.47,0,0,0,9188,29376,10996,19923,5818,0
31110510,중앙동,0,0,6988738.405795376,0.1880068352409309,8.045197580036556,4.549245202547253,6988738.405795376,0.1880068352409309,8.045197580036556,4.549245202547253,0,0,1797,6396,3150,12774,872,86.88,86.88,0,2,2,1797,6396,3150,12774,872,0
31110520,갈현동,0,0,4374294.817767904,0.0,0.6550240672337849,10.856410554510411,4374294.817767904,0.0,0.6550240672337849,10.856410554510411,0,0,3405,6999,1006,12950,1207,97.65,97.65,0,0,0,3405,6999,1006,12950,1207,0
31110530,별양동,0,0,650056.5385410188,12.097170251758875,9.528985704942862,49.30591698176249,650056.5385410188,12.097170251758875,9.528985704942862,49.30591698176249,0,0,2732,8508,3418,8023,1214,85.18,85.18,0,2,2,2732,8508,3418,8023,1214,0
31110540,부림동,0,0,406096.7987287517,0.0,0.1522162253699902,67.49076153105892,406096.7987287517,0.0,0.1522162253699902,67.49076153105892,0,0,2599,8703,3357,1081,431,86.18,86.18,0,2,2,2599,8703,3357,1081,431,0
31110550,과천동,0,0,10778203.538109109,1.2562907032113708,8.220991305372186,5.742625014801432,10778203.538109109,1.2562907032113708,8.220991305372186,5.742625014801432,0,0,812,3777,2078,10784,2099,0.0,0.0,0,4,4,812,3777,2078,10784,2099,0
31110560,문원동,0,0,12651238.39145194,0.1168158468417179,1.7793973768654918,1.6222656369128845,12651238.39145194,0.1168158468417179,1.7793973768654918,1.6222656369128845,0,0,992,3967,1890,2448,482,0.0,0.0,0,2,2,992,3967,1890,2448,482,0
31120510,갈매동,0,0,3974578.9284245274,5.191018510777938,0.0,12.021653200987704,3974578.9284245274,5.191018510777938,0.0,12.021653200987704,0,0,6446,17777,5982,8577,3676,97.36,97.36,0,2,2,6446,17777,5982,8577,3676,0
31120520,동구동,0,0,7309951.881227867,5.992816822598023,0.0,9.93093313830714,7309951.881227867,5.992816822598023,0.0,9.93093313830714,0,0,5472,21628,8774,15004,4070,92.24,92.24,0,3,3,5472,21628,8774,15004,4070,0
31120530,인창동,0,0,2214410.6071622707,6.127630822378831,0.0,33.51035915372405,2214410.6071622707,6.127630822378831,0.0,33.51035915372405,0,0,3838,14425,5540,8812,1860,81.09,81.09,0,1,1,3838,14425,5540,8812,1860,0
31120540,교문1동,0,0,10031711.161690729,1.3030620673777948,4.2564623322341735,6.873497248819025,10031711.161690729,1.3030620673777948,4.2564623322341735,6.873497248819025,0,0,1456,8717,4862,10642,2566,19.2,19.2,0,1,1,1456,8717,4862,10642,2566,0
31120550,교문2동,0,0,1169961.9357027211,1.1375622611181475,0.0,36.235577149288474,1169961.9357027211,1.1375622611181475,0.0,36.235577149288474,0,0,3749,12306,5142,2524,1089,93.72,93.72,0,0,0,3749,12306,5142,2524,1089,0
31120560,수택1동,0,0,1192245.4071345476,7.817408310261661,0.2118623300943731,37.62003630967589,1192245.4071345476,7.817408310261661,0.2118623300943731,37.62003630967589,0,0,1631,9133,4379,6497,2491,72.85,72.85,0,1,1,1631,9133,4379,6497,2491,0
31120570,수택2동,0,0,630340.2765060407,6.720766889269091,0.0,71.02724984783931,630340.2765060407,6.720766889269091,0.0,71.02724984783931,0,0,2813,14401,7412,4326,2101,49.65,49.65,0,0,0,2813,14401,7412,4326,2101,0
31120580,수택3동,0,0,6672799.146573226,0.6895869820034491,3.3492682500397684,9.844365544233073,6672799.146573226,0.6895869820034491,3.3492682500397684,9.844365544233073,0,0,3156,12923,5131,9107,2071,93.61,93.61,0,0,0,3156,12923,5131,9107,2071,0
31130110,와부읍,1,1,50093139.91496821,1.586339341907428,0.1311927529628935,3.7011885814804617,50093139.91496821,1.586339341907428,0.1311927529628935,3.7011885814804617,0,0,9516,32276,15794,14360,4784,86.3,86.3,3,3,3,9516,32276,15794,14360,4784,3
31130120,진접읍,0,0,66177141.05992435,0.514356629189792,0.1404471752804104,3.643728737687349,66177141.05992435,0.514356629189792,0.1404471752804104,3.643728737687349,0,0,18001,54356,23653,33698,9325,77.07,77.07,0,2,2,18001,54356,23653,33698,9325,0
31130130,화도읍,0,0,71597209.885965,1.5805422581443511,0.2391030959024439,4.800488631347162,71597209.885965,1.5805422581443511,0.2391030959024439,4.800488631347162,0,0,10474,37325,16914,31030,9081,57.85,57.85,0,0,0,10474,37325,16914,31030,9081,0
31130140,진건읍,0,0,31239928.071810365,0.8656831263806795,0.8610313328241738,4.1819944904881226,31239928.071810365,0.8656831263806795,0.8610313328241738,4.1819944904881226,0,0,2181,11383,7415,15421,4346,57.51,57.51,0,2,2,2181,11383,7415,15421,4346,0
31130150,오남읍,0,0,25308565.590346415,0.668401468342591,0.1080753802595245,4.510573736978261,25308565.590346415,0.668401468342591,0.1080753802595245,4.510573736978261,0,0,8576,30520,12633,13388,4458,83.92,83.92,0,1,1,8576,30520,12633,13388,4458,0
31130160,퇴계원읍,0,0,3287087.7953486256,4.668987029605051,0.4130557394667875,15.37376566166242,3287087.7953486256,4.668987029605051,0.4130557394667875,15.37376566166242,0,0,3490,15148,8823,4106,1618,68.88,68.88,0,2,2,3490,15148,8823,4106,1618,0
31130310,별내면,0,0,22292034.91387656,0.5814629055886119,0.0930977251748521,3.420434058935763,22292034.91387656,0.5814629055886119,0.0930977251748521,3.420434058935763,0,0,2522,10128,5855,4594,1509,86.75,86.75,0,0,0,2522,10128,5855,4594,1509,0
31130340,수동면,0,0,72905660.17559712,0.2516959923386308,0.3792238019201529,1.9050219548864016,72905660.17559712,0.2516959923386308,0.3792238019201529,1.9050219548864016,0,0,787,3974,4046,7342,1815,0.0,0.0,0,0,0,787,3974,4046,7342,1815,0
31130350,조안면,0,0,50983894.54667915,0.4745019369021242,0.4339498494910773,1.5717633973765806,50983894.54667915,0.4745019369021242,0.4339498494910773,1.5717633973765806,0,0,354,1808,1712,1153,393,0.0,0.0,0,1,1,354,1808,1712,1153,393,0
31130510,호평동,0,0,9216068.32333057,0.3956278395603739,0.8674835097263196,5.45445816601256,9216068.32333057,0.3956278395603739,0.8674835097263196,5.45445816601256,0,0,11997,33179,11165,10781,3575,88.84,88.84,0,1,1,11997,33179,11165,10781,3575,0
31130520,평내동,0,0,7340493.9585592365,0.14731544581401,0.0,7.44775077384729,7340493.9585592365,0.14731544581401,0.0,7.44775077384729,0,0,7588,22827,7454,8402,2736,93.18,93.18,0,1,1,7588,22827,7454,8402,2736,0
31130530,금곡동,0,0,6990313.900610386,3.685527103117748,1.2914125536210768,9.302497627369926,6990313.900610386,3.685527103117748,1.2914125536210768,9.302497627369926,0,0,1401,9301,7001,7533,1990,50.75,50.75,0,1,1,1401,9301,7001,7533,1990,0
31130540,양정동,1,1,12418117.057503352,1.3907120155983483,0.4995801228376433,5.636201597639754,12418117.057503352,1.3907120155983483,0.4995801228376433,5.636201597639754,0,0,178,1485,1248,6315,1753,20.14,20.14,3,2,2,178,1485,1248,6315,1753,3
31130570,별내동,0,0,18702183.897217188,0.7012268336856351,0.4641711260946374,4.51906692356482,18702183.897217188,0.7012268336856351,0.4641711260946374,4.51906692356482,0,0,15061,48163,17167,23651,7796,93.87,93.87,0,2,2,15061,48163,17167,23651,7796,0
31130580,다산1동,0,0,5589878.132549845,2.3868109033479303,0.0,15.419802478530912,5589878.132549845,2.3868109033479303,0.0,15.419802478530912,0,0,23705,60630,17456,21438,7012,94.81,94.81,0,1,1,23705,60630,17456,21438,7012,0
31130590,다산2동,0,0,5557033.460967606,1.8849229234622535,0.929056778452591,8.23205170910024,5557033.460967606,1.8849229234622535,0.929056778452591,8.23205170910024,0,0,8091,21724,6369,12268,3185,93.66,93.66,0,1,1,8091,21724,6369,12268,3185,0
31140510,중앙동,0,0,3681372.3867959534,5.49468374870704,6.834596577418947,17.789750857559895,3681372.3867959534,5.49468374870704,6.834596577418947,17.789750857559895,0,0,7129,20974,6584,10491,2805,83.8,83.8,2,1,1,7129,20974,6584,10491,2805,2
31140520,대원동,0,0,6052691.831882681,7.408114598914817,0.6087918429268224,13.803961395106873,6052691.831882681,7.408114598914817,0.6087918429268224,13.803961395106873,0,0,11618,40821,11257,19894,5358,83.33,83.33,0,0,0,11618,40821,11257,19894,5358,0
31140530,남촌동,0,0,5774636.921479041,0.4237551302359686,2.121528836440651,7.001997817196788,5774636.921479041,0.4237551302359686,2.121528836440651,7.001997817196788,0,0,2647,17235,3558,14972,3169,64.2,64.2,2,1,1,2647,17235,3558,14972,3169,2
31140540,신장동,0,0,6944926.2384184515,1.392748432947218,5.886398987031227,10.551256376941824,6944926.2384184515,1.392748432947218,5.886398987031227,10.551256376941824,0,0,12680,35544,11342,12602,3753,83.97,83.97,0,0,0,12680,35544,11342,12602,3753,0
31140550,세마동,0,0,13727618.417336397,0.1381831867940317,0.127560616617136,3.8108591015984064,13727618.417336397,0.1381831867940317,0.127560616617136,3.8108591015984064,0,0,6729,19844,5190,15543,2888,84.33,84.33,0,2,2,6729,19844,5190,15543,2888,0
31140560,초평동,0,0,6482070.523640928,1.0109469575151928,1.2257860890739758,7.088423237598743,6482070.523640928,1.0109469575151928,1.2257860890739758,7.088423237598743,0,0,2818,10341,3345,5578,1117,96.53,96.53,2,1,1,2818,10341,3345,5578,1117,2
31150510,대야동,0,0,9388209.105463527,1.684997811548793,1.4839991731641275,13.338576144644492,9388209.105463527,1.684997811548793,1.4839991731641275,13.338576144644492,0,0,6228,26075,10174,17353,5420,75.86,75.86,0,3,3,6228,26075,10174,17353,5420,0
31150520,신천동,0,0,3442063.747325457,4.882931259037459,0.2098446769213122,28.66576050466155,3442063.747325457,4.882931259037459,0.2098446769213122,28.66576050466155,0,0,3617,20413,9815,12344,4425,41.08,41.08,0,1,1,3617,20413,9815,12344,4425,0
31150530,신현동,0,0,12767073.546520542,0.0,0.2588364160321124,6.758345115751578,12767073.546520542,0.0,0.2588364160321124,6.758345115751578,0,0,908,5136,3219,7938,2463,73.09,73.09,0,1,1,908,5136,3219,7938,2463,0
31150540,은행동,0,0,6412636.5561136715,1.0380832793603074,0.0,11.44686317490882,6412636.5561136715,1.0380832793603074,0.0,11.44686317490882,0,0,12224,33297,9626,12280,3899,89.82,89.82,0,0,0,12224,33297,9626,12280,3899,0
31150550,매화동,0,0,11181259.01103606,0.1138990308464274,0.1399475250019246,6.0110902817047585,11181259.01103606,0.1138990308464274,0.1399475250019246,6.0110902817047585,0,0,1485,6578,3486,7160,1969,51.19,51.19,0,1,1,1485,6578,3486,7160,1969,0
31150560,목감동,0,0,17627489.274728518,2.7792443113401495,0.3960233395238866,5.116217605378478,17627489.274728518,2.7792443113401495,0.3960233395238866,5.116217605378478,0,0,8633,24270,8383,10688,3666,89.6,89.6,0,0,0,8633,24270,8383,10688,3666,0
31150590,과림동,0,0,7630524.353586076,0.1520750057569394,0.0,8.238949226032341,7630524.353586076,0.1520750057569394,0.0,8.238949226032341,0,0,85,757,964,7920,2618,6.49,6.49,0,0,0,85,757,964,7920,2618,0
31150610,정왕2동,0,0,11686960.929194251,0.7214189806889946,3.1883500381966403,6.385426212350937,11686960.929194251,0.7214189806889946,3.1883500381966403,6.385426212350937,0,0,4792,17864,5038,36830,6809,80.95,80.95,0,0,0,4792,17864,5038,36830,6809,0
31150620,정왕3동,0,0,6099305.301254582,1.110512655204642,5.259678131442139,9.661809631479958,6099305.301254582,1.110512655204642,5.259678131442139,9.661809631479958,0,0,3184,14211,4526,23004,4683,70.66,70.66,0,0,0,3184,14211,4526,23004,4683,0
31150640,정왕본동,0,0,8283861.51673285,0.3287559080386431,0.9336380115955852,8.511625758419207,8283861.51673285,0.3287559080386431,0.9336380115955852,8.511625758419207,0,0,1911,13406,3320,9321,3537,38.11,38.11,0,5,5,1911,13406,3320,9321,3537,0
31150650,정왕1동,0,0,6660101.261174868,3.11097337436803,5.808793847553999,11.48205385116156,6660101.261174868,3.11097337436803,5.808793847553999,11.48205385116156,0,0,2990,15192,3747,42727,8312,80.56,80.56,0,2,2,2990,15192,3747,42727,8312,0
31150670,능곡동,0,0,4334613.294939808,0.2362014971889942,0.2252431523826153,7.232627426088197,4334613.294939808,0.2362014971889942,0.2252431523826153,7.232627426088197,0,0,4977,15573,4548,5651,1846,96.9,96.9,0,1,1,4977,15573,4548,5651,1846,0
31150680,군자동,0,0,8151557.247585496,0.2518990001092636,0.0416757487888278,8.87673241412758,8151557.247585496,0.2518990001092636,0.0416757487888278,8.87673241412758,0,0,3254,12808,5554,4736,1559,50.81,50.81,0,3,3,3254,12808,5554,4736,1559,0
31150690,월곶동,0,0,8555086.339490782,0.8376424952035305,0.0,4.146470080173584,8555086.339490782,0.8376424952035305,0.0,4.146470080173584,0,0,2759,10750,3792,5704,1790,95.25,95.25,0,2,2,2759,10750,3792,5704,1790,0
31150700,연성동,0,0,9255261.313941795,0.4975771238422504,0.4953406678095339,4.453302660819388,9255261.313941795,0.4975771238422504,0.4953406678095339,4.453302660819388,0,0,4136,15285,4735,8710,2346,94.83,94.83,0,1,1,4136,15285,4735,8710,2346,0
31150710,장곡동,0,0,4113993.719824813,1.285144567255727,0.5172332774223799,6.350346305486101,4113993.719824813,1.285144567255727,0.5172332774223799,6.350346305486101,0,0,10576,28157,6120,6578,1964,98.86,98.86,0,0,0,10576,28157,6120,6578,1964,0
31150720,정왕4동,0,0,1028778.7433360114,3.658566362671496,1.2704430651061218,49.1957419297789,1028778.7433360114,3.658566362671496,1.2704430651061218,49.1957419297789,0,0,3555,12983,3464,2803,1105,100.0,100.0,0,2,2,3555,12983,3464,2803,1105,0
31150740,배곧1동,0,0,2590182.55159673,0.0,0.0,0.0,2590182.55159673,0.0,0.0,0.0,0,0,9849,21785,3651,5511,2035,98.87,98.87,0,1,1,9849,21785,3651,5511,2035,0
31150750,배곧2동,0,0,2429678.2992042303,0.0,0.0,0.0,2429678.2992042303,0.0,0.0,0.0,0,0,8305,24163,2984,12002,4186,100.0,100.0,0,0,0,8305,24163,2984,12002,4186,0
31160510,군포1동,0,0,3305154.0784527673,0.7947528034955834,0.1410745964108601,24.06769321757159,3305154.0784527673,0.7947528034955834,0.1410745964108601,24.06769321757159,0,0,3881,19789,8528,38642,7009,51.33,51.33,0,2,2,3881,19789,8528,38642,7009,0
31160520,군포2동,0,0,3280452.73309307,0.6274606012675972,0.0,17.233431815736157,3280452.73309307,0.6274606012675972,0.0,17.233431815736157,0,0,7273,24932,9811,8251,2485,83.95,83.95,0,2,2,7273,24932,9811,8251,2485,0
31160540,산본1동,0,0,689678.2457245509,0.0,0.0,62.9838246006606,689678.2457245509,0.0,0.0,62.9838246006606,0,0,1125,8715,5154,7691,2173,50.07,50.07,0,2,2,1125,8715,5154,7691,2173,0
31160550,산본2동,0,0,1405950.5480303878,0.0,3.0137741977742305,34.59590036719026,1405950.5480303878,0.0,3.0137741977742305,34.59590036719026,0,0,4230,14633,6694,5373,1467,96.5,96.5,0,0,0,4230,14633,6694,5373,1467,0
31160560,금정동,0,0,1190782.2659019816,1.526674866789347,0.8715304386050138,41.55206284707572,1190782.2659019816,1.526674866789347,0.8715304386050138,41.55206284707572,0,0,2099,12216,5183,10857,2670,37.37,37.37,0,2,2,2099,12216,5183,10857,2670,0
31160570,재궁동,0,0,853066.3002336932,0.0,17.284811814129604,38.84279312694386,853066.3002336932,0.0,17.284811814129604,38.84279312694386,0,0,1959,10493,5099,5762,1220,83.53,83.53,0,0,0,1959,10493,5099,5762,1220,0
31160580,오금동,0,0,1088735.6136840065,0.0,0.363379290644637,31.602940339734236,1088735.6136840065,0.0,0.363379290644637,31.602940339734236,0,0,3156,12590,4744,1829,660,100.0,100.0,0,2,2,3156,12590,4744,1829,660,0
31160590,수리동,0,0,2993526.663229952,0.7794224613595412,0.8028168362485002,9.496471910267124,2993526.663229952,0.7794224613595412,0.8028168362485002,9.496471910267124,0,0,2058,8805,4607,1593,556,100.0,100.0,0,2,2,2058,8805,4607,1593,556,0
31160600,궁내동,0,0,1690097.2550194669,0.942246906365976,0.6568524336114492,20.949183231820616,1690097.2550194669,0.942246906365976,0.6568524336114492,20.949183231820616,0,0,4168,11644,4086,2003,720,100.0,100.0,0,0,0,4168,11644,4086,2003,720,0
31160610,광정동,0,0,1490081.0671966702,7.440582159639551,2.7967573521619897,27.94164762978365,1490081.0671966702,7.440582159639551,2.7967573521619897,27.94164762978365,0,0,3646,14268,5870,13012,3456,97.68,97.68,0,2,2,3646,14268,5870,13012,3456,0
31160630,대야동,0,0,12859511.19524846,0.1352068708989882,0.0,4.735642168119492,12859511.19524846,0.1352068708989882,0.0,4.735642168119492,0,0,1380,5236,2683,2494,778,63.19,63.19,0,1,1,1380,5236,2683,2494,778,0
31160640,송부동,0,0,5557320.791435781,5.395483647780595,0.4989863261580781,5.117579306162903,5557320.791435781,5.395483647780595,0.4989863261580781,5.117579306162903,0,0,4371,12133,3970,14020,1878,94.74,94.74,0,2,2,4371,12133,3970,14020,1878,0
31170510,고천동,0,0,8880079.702196015,0.5395182262627143,0.9934115585427654,5.846089689762078,8880079.702196015,0.5395182262627143,0.9934115585427654,5.846089689762078,0,0,1894,8297,3350,10239,1584,90.57,90.57,0,0,0,1894,8297,3350,10239,1584,0
31170520,부곡동,0,0,11217354.69351731,0.4368098601564603,3.5791886199517537,9.01963176226487,11217354.69351731,0.4368098601564603,3.5791886199517537,9.01963176226487,0,0,4373,17034,7557,16683,2660,68.47,68.47,0,2,2,4373,17034,7557,16683,2660,0
31170530,오전동,0,0,6743586.888777918,0.7125334590056285,0.1212455123419571,12.589471533152013,6743586.888777918,0.7125334590056285,0.1212455123419571,12.589471533152013,0,0,5936,21261,9993,9780,2408,95.28,95.28,0,0,0,5936,21261,9993,9780,2408,0
31170540,내손1동,0,0,1996246.307278804,0.0,0.0,7.608767592629964,1996246.307278804,0.0,0.0,7.608767592629964,0,0,3017,11787,5330,4562,1481,95.23,95.23,0,0,0,3017,11787,5330,4562,1481,0
31170550,내손2동,0,0,1410789.8850890873,0.4090989211790337,7.33879064801139,41.67178635640813,1410789.8850890873,0.4090989211790337,7.33879064801139,41.67178635640813,0,0,3972,12887,4843,2810,1080,90.74,90.74,0,0,0,3972,12887,4843,2810,1080,0
31170560,청계동,0,0,23656370.718526207,0.215649024556575,0.7469681571298109,2.5103550833736032,23656370.718526207,0.215649024556575,0.7469681571298109,2.5103550833736032,0,0,5830,22085,9424,17565,3434,81.87,81.87,0,0,0,5830,22085,9424,17565,3434,0
31180510,천현동,0,0,34537733.76248499,0.8201409452335144,0.5095536133327956,2.948506879704352,34537733.76248499,0.8201409452335144,0.5095536133327956,2.948506879704352,0,0,555,3434,2418,11390,2282,0.0,0.0,0,2,2,555,3434,2418,11390,2282,0
31180520,신장1동,0,0,207779.72824979975,11.94716930119072,0.0,63.589073663489806,207779.72824979975,11.94716930119072,0.0,63.589073663489806,0,0,585,4296,2038,2555,1052,41.88,41.88,0,1,1,585,4296,2038,2555,1052,0
31180530,신장2동,0,0,4339862.567426403,4.7515568657259655,2.0928473925374123,14.450863793833104,4339862.567426403,4.7515568657259655,2.0928473925374123,14.450863793833104,0,0,7306,25223,13244,12697,3340,94.22,94.22,0,2,2,7306,25223,13244,12697,3340,0
31180540,덕풍1동,0,0,938740.2735808823,1.318209738677006,0.0,26.294613054538942,938740.2735808823,1.318209738677006,0.0,26.294613054538942,0,0,1611,7974,4883,1784,818,81.42,81.42,0,1,1,1611,7974,4883,1784,818,0
31180550,덕풍2동,0,0,486402.4964889138,4.798763643293997,0.0,60.77726294637655,486402.4964889138,4.798763643293997,0.0,60.77726294637655,0,0,1897,10042,6084,2533,1169,66.0,66.0,0,1,1,1897,10042,6084,2533,1169,0
31180560,덕풍3동,0,0,2169545.7881541513,7.705251108196122,9.388779911981905,12.006976397297771,2169545.7881541513,7.705251108196122,9.388779911981905,12.006976397297771,0,0,3968,14348,6794,15718,3714,81.35,81.35,0,2,2,3968,14348,6794,15718,3714,0
31180590,춘궁동,0,0,14504635.00814995,1.493731622176218,0.0,6.525688117993994,14504635.00814995,1.493731622176218,0.0,6.525688117993994,0,0,115,971,767,5529,1514,0.0,0.0,0,0,0,115,971,767,5529,1514,0
31180600,초이동,0,0,6153325.951952702,1.383006639051085,0.0,8.115281651748282,6153325.951952702,1.383006639051085,0.0,8.115281651748282,0,0,275,1750,1184,7897,1724,27.85,27.85,0,0,0,275,1750,1184,7897,1724,0
31180610,풍산동,0,0,2678878.1909574727,6.017263462006799,0.0,13.662009997264631,2678878.1909574727,6.017263462006799,0.0,13.662009997264631,0,0,7152,17884,4813,19249,5008,98.22,98.22,0,0,0,7152,17884,4813,19249,5008,0
31180620,미사1동,1,1,6653638.848816789,3.716824141689872,10.351532228403013,2.806768205990225,6653638.848816789,3.716824141689872,10.351532228403013,2.806768205990225,0,0,8986,37372,7571,15839,5077,98.15,98.15,3,2,2,8986,37372,7571,15839,5077,3
31180630,미사2동,1,1,5146423.440700799,0.8864443062637349,1.3947666201333688,3.307298691913755,5146423.440700799,0.8864443062637349,1.3947666201333688,3.307298691913755,0,0,10906,26908,9087,10371,3842,97.86,97.86,3,1,1,10906,26908,9087,10371,3842,3
31180650,위례동,0,0,4777976.49803534,0.0,0.0011049050774818,2.3196595838269216,4777976.49803534,0.0,0.0011049050774818,2.3196595838269216,0,0,8714,21267,5112,3479,1251,99.38,99.38,0,0,0,8714,21267,5112,3479,1251,0
31180660,감북동,0,0,4510073.929900149,5.567707369975838,1.251805800905064,13.638612743376347,4510073.929900149,5.567707369975838,1.251805800905064,13.638612743376347,0,0,213,1641,958,6234,1206,0.0,0.0,0,1,1,213,1641,958,6234,1206,0
31180670,감일동,0,0,5731516.777212668,1.3755149414068568,0.4021623739422764,10.884679281351897,5731516.777212668,1.3755149414068568,0.4021623739422764,10.884679281351897,0,0,10175,23800,5540,5333,1768,97.78,97.78,0,1,1,10175,23800,5540,5333,1768,0
31191110,포곡읍,0,0,41789682.78709996,0.1641832606137332,0.2119271350830211,3.7843273657788674,41789682.78709996,0.1641832606137332,0.2119271350830211,3.7843273657788674,0,0,5181,19921,7778,15327,3962,35.88,35.88,0,3,3,5181,19921,7778,15327,3962,0
31191120,모현읍,0,0,50289567.340035304,0.7507012752711693,0.2033716526301852,3.729541137906208,50289567.340035304,0.7507012752711693,0.2033716526301852,3.729541137906208,0,0,3816,15072,7399,17413,4605,16.42,16.42,0,0,0,3816,15072,7399,17413,4605,0
31191130,이동읍,0,0,75915739.37123531,0.296437724263636,0.2674548626960074,2.164691421278766,75915739.37123531,0.296437724263636,0.2674548626960074,2.164691421278766,0,0,2861,11054,6151,16470,3561,45.84,45.84,0,0,0,2861,11054,6151,16470,3561,0
31191140,남사읍,0,0,58785863.919417426,0.4736375764276572,0.3170719287301735,2.8227917760565013,58785863.919417426,0.4736375764276572,0.3170719287301735,2.8227917760565013,0,0,5236,12888,5757,16550,2706,75.21,75.21,0,0,0,5236,12888,5757,16550,2706,0
31191340,원삼면,0,0,59990250.48554316,0.278220974823997,0.7566550381199373,3.2628074768525432,59990250.48554316,0.278220974823997,0.7566550381199373,3.2628074768525432,0,0,845,3641,3428,6514,1502,1.35,1.35,0,0,0,845,3641,3428,6514,1502,0
31191350,백암면,0,0,65717288.20575411,0.5449752445333667,0.3558126538452213,3.0147956814461176,65717288.20575411,0.5449752445333667,0.3558126538452213,3.0147956814461176,0,0,566,3720,3759,8196,1465,7.77,7.77,0,0,0,566,3720,3759,8196,1465,0
31191360,양지면,0,0,57694305.64852851,0.8865067768823703,0.5048402913007753,3.3261373843902797,57694305.64852851,0.8865067768823703,0.5048402913007753,3.3261373843902797,0,0,2790,11523,5533,13259,2772,9.43,9.43,0,0,0,2790,11523,5533,13259,2772,0
31191510,중앙동,0,0,7987806.451232175,4.266176402959234,1.354420608079745,9.715188480185532,7987806.451232175,4.266176402959234,1.354420608079745,9.715188480185532,0,0,3317,15302,6229,15070,3673,62.18,62.18,0,5,5,3317,15302,6229,15070,3673,0
31191530,유림동,0,0,13659749.199892184,0.5398621543662429,0.3734138817906303,6.727542621958486,13659749.199892184,0.5398621543662429,0.3734138817906303,6.727542621958486,0,0,6973,22741,7419,10230,2337,69.69,69.69,0,5,5,6973,22741,7419,10230,2337,0
31191540,동부동,0,0,23561306.83518242,0.7290094310545171,2.103761273765856,3.9347718720619502,23561306.83518242,0.7290094310545171,2.103761273765856,3.9347718720619502,0,0,1523,7272,3971,8043,2462,44.25,44.25,0,2,2,1523,7272,3971,8043,2462,0
31191550,역북동,0,0,6045810.587842504,1.7314505756019998,0.984124435987462,9.938522486931824,6045810.587842504,1.7314505756019998,0.984124435987462,9.938522486931824,0,0,6856,22876,5731,8463,2656,77.07,77.07,0,4,4,6856,22876,5731,8463,2656,0
31191560,삼가동,0,0,6441692.868407967,1.901038075573344,0.3871092833732952,3.7426383390040625,6441692.868407967,1.901038075573344,0.3871092833732952,3.7426383390040625,0,0,2057,7541,2761,7168,957,76.15,76.15,0,3,3,2057,7541,2761,7168,957,0
31192520,구갈동,0,0,4246345.470665719,1.7107627924256008,1.304602487822429,7.862119409449091,4246345.470665719,1.7107627924256008,1.304602487822429,7.862119409449091,0,0,6730,27008,7277,21693,8416,87.06,87.06,0,5,5,6730,27008,7277,21693,8416,0
31192540,기흥동,0,0,11742514.279098768,2.1725175290817496,4.074520050204417,4.3962197339571825,11742514.279098768,2.1725175290817496,4.074520050204417,4.3962197339571825,0,0,3378,12288,5627,16165,3552,71.34,71.34,0,0,0,3378,12288,5627,16165,3552,0
31192550,서농동,0,0,4235915.140949024,1.970210309440892,1.735138072991501,4.515997304541502,4235915.140949024,1.970210309440892,1.735138072991501,4.515997304541502,0,0,5147,16363,3730,25559,2098,86.4,86.4,0,0,0,5147,16363,3730,25559,2098,0
31192560,구성동,0,0,6912953.714433545,0.5299609937139943,11.068764818394328,8.839848207949654,6912953.714433545,0.5299609937139943,11.068764818394328,8.839848207949654,0,0,7236,21773,10294,9102,2462,90.5,90.5,0,0,0,7236,21773,10294,9102,2462,0
31192570,마북동,0,0,5381173.487006029,3.566463182983847,8.959942989792022,11.8355449677718,5381173.487006029,3.566463182983847,8.959942989792022,11.8355449677718,0,0,5023,17895,8531,12425,1802,91.16,91.16,0,2,2,5023,17895,8531,12425,1802,0
31192590,보정동,0,0,6808738.399034976,2.9744304438579237,1.5174450712431418,7.012718968588408,6808738.399034976,2.9744304438579237,1.5174450712431418,7.012718968588408,0,0,6994,20194,8138,15584,3658,88.48,88.48,0,4,4,6994,20194,8138,15584,3658,0
31192600,상하동,0,0,5518833.782265965,2.2059948076297475,3.0311901635368876,6.788582841612143,5518833.782265965,2.2059948076297475,3.0311901635368876,6.788582841612143,0,0,3879,13823,5918,5883,1559,86.5,86.5,0,4,4,3879,13823,5918,5883,1559,0
31192610,신갈동,0,0,4850536.863340964,2.323503648108689,1.4717420407067503,15.39500147684864,4850536.863340964,2.323503648108689,1.4717420407067503,15.39500147684864,0,0,5989,22731,8521,9949,2497,82.68,82.68,0,3,3,5989,22731,8521,9949,2497,0
31192630,영덕1동,0,0,3620111.782646525,1.5632663811533134,3.5477890065624877,7.116472563524963,3620111.782646525,1.5632663811533134,3.5477890065624877,7.116472563524963,0,0,6302,19575,5476,18607,3411,90.8,90.8,0,0,0,6302,19575,5476,18607,3411,0
31192640,영덕2동,0,0,5913849.947467959,1.1929897741965858,2.079177642182965,4.504551442799089,5913849.947467959,1.1929897741965858,2.079177642182965,4.504551442799089,0,0,3358,11932,3909,10563,1653,89.02,89.02,0,1,1,3358,11932,3909,10563,1653,0
31192650,상갈동,0,0,2006743.8792769995,3.06602432231086,7.162325631444959,14.358047440260274,2006743.8792769995,3.06602432231086,7.162325631444959,14.358047440260274,0,0,1790,8099,3007,3761,909,84.96,84.96,0,4,4,1790,8099,3007,3761,909,0
31192660,보라동,0,0,10157352.694815485,0.6506433395728382,0.9955738515059696,3.2407446420799277,10157352.694815485,0.6506433395728382,0.9955738515059696,3.2407446420799277,0,0,6418,19013,7475,9953,2349,85.21,85.21,0,2,2,6418,19013,7475,9953,2349,0
31192670,동백1동,0,0,4014744.7386533543,0.0,0.730774213800662,6.716723745167832,4014744.7386533543,0.0,0.730774213800662,6.716723745167832,0,0,7756,19079,5188,3766,1425,88.24,88.24,0,0,0,7756,19079,5188,3766,1425,0
31192680,동백2동,0,0,4664885.169222139,0.4174330129186153,1.7292485618345057,5.431680922059208,4664885.169222139,0.4174330129186153,1.7292485618345057,5.431680922059208,0,0,6330,15959,4605,14005,4182,81.63,81.63,0,3,3,6330,15959,4605,14005,4182,0
31192690,동백3동,0,0,1687577.9274599922,12.72024503979602,1.664185643993788,2.232414458890232,1687577.9274599922,12.72024503979602,1.664185643993788,2.232414458890232,0,0,6336,15110,5452,5312,1294,91.65,91.65,0,2,2,6336,15110,5452,5312,1294,0
31193510,풍덕천1동,0,0,1906460.5662897837,11.42963924882737,7.308701418932846,24.70505037475381,1906460.5662897837,11.42963924882737,7.308701418932846,24.70505037475381,0,0,5591,21890,7708,9006,3170,90.33,90.33,0,2,2,5591,21890,7708,9006,3170,0
31193520,풍덕천2동,0,0,1485363.9192675292,6.7924796829653635,5.187452915904771,39.48589299906917,1485363.9192675292,6.7924796829653635,5.187452915904771,39.48589299906917,0,0,9692,25886,5872,7794,2091,98.56,98.56,0,2,2,9692,25886,5872,7794,2091,0
31193530,신봉동,0,0,6664064.665962586,0.3035338860578012,0.3633780749763832,7.755487356534116,6664064.665962586,0.3035338860578012,0.3633780749763832,7.755487356534116,0,0,8927,23852,8538,6187,2203,87.51,87.51,0,0,0,8927,23852,8538,6187,2203,0
31193550,죽전2동,0,0,1107120.979622605,7.7117733553098,1.0846141904105675,23.51485370145903,1107120.979622605,7.7117733553098,1.0846141904105675,23.51485370145903,0,0,2656,11496,3851,6260,1613,94.6,94.6,0,3,3,2656,11496,3851,6260,1613,0
31193560,동천동,0,0,16620698.658888884,3.4114104360872637,0.487358796175971,3.776127602199957,16620698.658888884,3.4114104360872637,0.487358796175971,3.776127602199957,0,0,10740,30408,9645,15519,3902,81.35,81.35,0,2,2,10740,30408,9645,15519,3902,0
31193580,상현2동,0,0,1566596.6181503828,0.2509868221225421,0.0,18.53712805988525,1566596.6181503828,0.2509868221225421,0.0,18.53712805988525,0,0,6953,19071,7086,4621,1768,97.1,97.1,0,1,1,6953,19071,7086,4621,1768,0
31193590,성복동,0,0,4977844.57902057,0.7755148961843128,0.4332096122663947,11.511419393399922,4977844.57902057,0.7755148961843128,0.4332096122663947,11.511419393399922,0,0,11836,30131,12729,8828,2833,94.1,94.1,0,1,1,11836,30131,12729,8828,2833,0
31193600,죽전1동,0,0,2353212.4860377726,1.118839265736186,0.0,16.29690263413991,2353212.4860377726,1.118839265736186,0.0,16.29690263413991,0,0,5365,16608,6460,11067,2548,96.52,96.52,0,1,1,5365,16608,6460,11067,2548,0
31193610,죽전3동,0,0,2083139.8318751345,3.2145541996442017,0.0,7.2721447321969155,2083139.8318751345,3.2145541996442017,0.0,7.2721447321969155,0,0,5049,16308,5227,7393,2414,91.4,91.4,0,1,1,5049,16308,5227,7393,2414,0
31193620,상현1동,0,0,672559.3344351884,1.749477614481948,0.0,40.25314882293346,672559.3344351884,1.749477614481948,0.0,40.25314882293346,0,0,4451,11587,4050,2220,779,99.2,99.2,0,1,1,4451,11587,4050,2220,779,0
31193630,상현3동,0,0,2702945.3230059426,1.179594591174266,0.0,8.854218597829925,2702945.3230059426,1.179594591174266,0.0,8.854218597829925,0,0,5631,17285,4843,13144,2545,100.0,100.0,0,1,1,5631,17285,4843,13144,2545,0
31200110,문산읍,0,0,,,,,,,,,0,0,8699,26207,11993,14332,4128,78.57,78.57,0,3,3,8699,26207,11993,14332,4128,0
31200120,파주읍,0,0,,,,,,,,,0,0,1392,7467,5252,9210,1818,20.78,20.78,0,2,2,1392,7467,5252,9210,1818,0
31200130,법원읍,0,0,,,,,,,,,0,0,768,4712,4376,6699,1466,16.88,16.88,0,0,0,768,4712,4376,6699,1466,0
31200150,조리읍,0,0,,,,,,,,,0,0,3750,15240,9386,14664,4201,65.52,65.52,0,0,0,3750,15240,9386,14664,4201,0
31200310,월롱면,0,0,,,,,,,,,0,0,336,6015,2404,33378,2723,0.0,0.0,0,1,1,336,6015,2404,33378,2723,0
31200320,탄현면,0,0,,,,,,,,,0,0,1379,7149,4535,19419,4128,25.63,25.63,0,0,0,1379,7149,4535,19419,4128,0
31200350,광탄면,0,0,,,,,,,,,0,0,928,5088,4670,14586,3266,8.88,8.88,0,0,0,928,5088,4670,14586,3266,0
31200360,파평면,0,0,,,,,,,,,0,0,221,1538,1899,2289,579,2.25,2.25,0,0,0,221,1538,1899,2289,579,0
31200370,적성면,0,0,,,,,,,,,0,0,861,3372,2745,3189,1039,23.54,23.54,0,0,0,861,3372,2745,3189,1039,0
31200390,장단면,0,0,,,,,,,,,0,0,67,324,328,214,68,0.0,0.0,0,1,1,67,324,328,214,68,0
31200520,금촌2동,0,0,,,,,,,,,0,0,6255,18448,6803,8816,2916,98.47,98.47,0,1,1,6255,18448,6803,8816,2916,0
31200530,금촌1동,0,0,,,,,,,,,0,0,2116,12946,6532,15301,4409,52.22,52.22,0,1,1,2116,12946,6532,15301,4409,0
31200540,금촌3동,0,0,,,,,,,,,0,0,4184,15085,6452,7349,1903,82.91,82.91,0,1,1,4184,15085,6452,7349,1903,0
31200550,교하동,0,0,,,,,,,,,0,0,700,4000,2715,41469,9604,89.13,89.13,0,0,0,700,4000,2715,41469,9604,0
31200560,운정1동,0,0,,,,,,,,,0,0,10088,29115,8395,18284,6442,64.73,64.73,0,0,0,10088,29115,8395,18284,6442,0
31200570,운정2동,0,0,,,,,,,,,0,0,16387,38950,9523,8588,3516,96.13,96.13,0,0,0,16387,38950,9523,8588,3516,0
31200580,운정3동,0,0,,,,,,,,,0,0,15944,42181,11331,13743,5115,90.94,90.94,0,0,0,15944,42181,11331,13743,5115,0
31210110,장호원읍,0,0,60475093.588790275,0.1864897119744308,0.1775674337606983,3.4490955112754498,60475093.588790275,0.1864897119744308,0.1775674337606983,3.4490955112754498,0,0,1980,6874,5268,4665,1669,38.02,38.02,0,0,0,1980,6874,5268,4665,1669,0
31210120,부발읍,1,1,41964114.36329862,0.3967719688029894,0.3333938213577283,5.657727374358281,41964114.36329862,0.3967719688029894,0.3333938213577283,5.657727374358281,0,0,6765,22717,7013,45107,3453,65.52,65.52,0,1,1,6765,22717,7013,45107,3453,0
31210310,신둔면,0,0,36462204.001165256,0.4833669171352571,0.0,5.222652904780327,36462204.001165256,0.4833669171352571,0.0,5.222652904780327,0,0,1892,7774,4345,8045,1987,18.22,18.22,0,1,1,1892,7774,4345,8045,1987,0
31210320,백사면,0,0,32559676.84646689,0.2851629598101409,0.0572427765112284,5.654874358340211,32559676.84646689,0.2851629598101409,0.0572427765112284,5.654874358340211,0,0,1448,6140,3844,6073,1261,22.37,22.37,0,0,0,1448,6140,3844,6073,1261,0
31210330,호법면,0,0,37968655.35670857,0.2200091327752207,0.3326661187059505,2.7937713307766137,37968655.35670857,0.2200091327752207,0.3326661187059505,2.7937713307766137,0,0,709,2976,2239,8547,1471,13.63,13.63,0,0,0,709,2976,2239,8547,1471,0
31210340,마장면,0,0,51487484.63224647,0.7334811690013083,0.6292364591396233,3.1661847673523167,51487484.63224647,0.7334811690013083,0.6292364591396233,3.1661847673523167,0,0,2893,9415,3392,14102,2225,53.62,53.62,0,0,0,2893,9415,3392,14102,2225,0
31210350,대월면,0,0,31410916.595103275,0.2469251224724543,1.3105024682388546,3.959784717852732,31410916.595103275,0.2469251224724543,1.3105024682388546,3.959784717852732,0,0,2032,9106,3196,8102,1236,50.2,50.2,0,0,0,2032,9106,3196,8102,1236,0
31210360,모가면,0,0,41103125.44014222,0.1870483580248717,0.1119024916170461,3.1796997770446556,41103125.44014222,0.1870483580248717,0.1119024916170461,3.1796997770446556,0,0,279,1795,2078,4677,758,0.0,0.0,0,0,0,279,1795,2078,4677,758,0
31210370,설성면,0,0,51798240.54936975,0.0886997486401503,0.5766998133175607,2.576963207944752,51798240.54936975,0.0886997486401503,0.5766998133175607,2.576963207944752,0,0,306,1824,2371,3229,922,4.54,4.54,0,0,0,306,1824,2371,3229,922,0
31210380,율면,0,0,36802465.10868541,0.0764000671339869,0.0,3.072313616759371,36802465.10868541,0.0764000671339869,0.0,3.072313616759371,0,0,140,902,1540,1175,406,0.0,0.0,0,0,0,140,902,1540,1175,406,0
31210510,창전동,0,0,1134924.2233340796,12.214666553085385,3.3885511789519054,44.72244569100836,1134924.2233340796,12.214666553085385,3.3885511789519054,44.72244569100836,0,0,1986,9434,4598,9109,3037,34.57,34.57,0,0,0,1986,9434,4598,9109,3037,0
31210520,중리동,0,0,22030381.16434769,0.9453843480638422,0.1848797160891477,4.5824244633722095,22030381.16434769,0.9453843480638422,0.1848797160891477,4.5824244633722095,0,0,1730,9942,3972,13571,2563,47.27,47.27,0,1,1,1730,9942,3972,13571,2563,0
31210530,관고동,0,0,7764423.968018218,1.9780397470431417,0.2076958679281738,6.544195767353453,7764423.968018218,1.9780397470431417,0.2076958679281738,6.544195767353453,0,0,1136,5630,2843,5958,1447,37.7,37.7,0,0,0,1136,5630,2843,5958,1447,0
31210540,증포동,0,0,8937218.94313639,1.5477849279151032,0.0,11.482401093227235,8937218.94313639,1.5477849279151032,0.0,11.482401093227235,0,0,14086,35601,7887,10838,3635,87.38,87.38,0,0,0,14086,35601,7887,10838,3635,0
31220110,공도읍,0,0,31932585.718712755,0.3397433310150665,1.2456614927894925,7.385773216534962,31932585.718712755,0.3397433310150665,1.2456614927894925,7.385773216534962,0,0,12237,37121,11992,17826,4786,85.09,85.09,0,0,0,12237,37121,11992,17826,4786,0
31220310,보개면,0,0,53054924.31527641,0.26444667702523,0.3722963021112496,2.6400787591960637,53054924.31527641,0.26444667702523,0.3722963021112496,2.6400787591960637,0,0,402,2176,2532,4774,864,9.81,9.81,0,0,0,402,2176,2532,4774,864,0
31220320,금광면,0,0,71447774.44133654,0.0485208780414368,0.0674046525053957,1.757149137936857,71447774.44133654,0.0485208780414368,0.0674046525053957,1.757149137936857,0,0,851,3503,2987,2052,627,52.41,52.41,0,0,0,851,3503,2987,2052,627,0
31220330,서운면,0,0,36363832.369113944,0.0498653576347504,0.0,3.2610249760901633,36363832.369113944,0.0498653576347504,0.0,3.2610249760901633,0,0,163,1253,1665,5331,763,0.0,0.0,0,0,0,163,1253,1665,5331,763,0
31220340,미양면,0,0,33603155.70471645,0.1844366734014627,0.2006236174435378,4.3370570394186245,33603155.70471645,0.1844366734014627,0.2006236174435378,4.3370570394186245,0,0,396,2599,2538,11665,1345,31.51,31.51,0,0,0,396,2599,2538,11665,1345,0
31220350,대덕면,0,0,31058292.05518709,0.419925720096668,0.0773237443557062,5.553738975953371,31058292.05518709,0.419925720096668,0.0773237443557062,5.553738975953371,0,0,2090,9320,3797,9889,1939,56.93,56.93,0,0,0,2090,9320,3797,9889,1939,0
31220360,양성면,0,0,53161313.15855526,0.2230168223767822,0.5701209780427376,2.6431369190454643,53161313.15855526,0.2230168223767822,0.5701209780427376,2.6431369190454643,0,0,362,2197,2572,6835,1294,0.0,0.0,0,0,0,362,2197,2572,6835,1294,0
31220380,원곡면,0,0,38114968.19338453,0.2349177475518935,0.2308038378354232,2.8597460609067107,38114968.19338453,0.2349177475518935,0.2308038378354232,2.8597460609067107,0,0,666,3746,2083,12315,1783,44.4,44.4,0,0,0,666,3746,2083,12315,1783,0
31220390,일죽면,0,0,55459885.53991204,0.1620668356283671,0.2340294845300341,3.920304364910015,55459885.53991204,0.1620668356283671,0.2340294845300341,3.920304364910015,0,0,638,3082,3559,5301,1489,16.87,16.87,0,0,0,638,3082,3559,5301,1489,0
31220400,죽산면,0,0,57239836.236199886,0.172530522195817,0.0654188416882938,3.0223638246861406,57239836.236199886,0.172530522195817,0.0654188416882938,3.0223638246861406,0,0,557,3165,3112,6089,1194,17.01,17.01,0,0,0,557,3165,3112,6089,1194,0
31220410,삼죽면,0,0,39231973.823847845,0.3121295139261111,0.207238442080568,2.710199002855264,39231973.823847845,0.3121295139261111,0.207238442080568,2.710199002855264,0,0,276,1729,1734,3244,731,0.0,0.0,0,0,0,276,1729,1734,3244,731,0
31220420,고삼면,0,0,27773829.45974142,0.0449643036013634,0.0781502326910267,2.6061447790801124,27773829.45974142,0.0449643036013634,0.0781502326910267,2.6061447790801124,0,0,123,802,962,1794,354,0.0,0.0,0,0,0,123,802,962,1794,354,0
31220510,안성1동,0,0,6537175.1029396895,0.8858246886174707,1.7395031150403868,13.751279980542003,6537175.1029396895,0.8858246886174707,1.7395031150403868,13.751279980542003,0,0,1464,6223,4115,7483,1548,46.88,46.88,0,0,0,1464,6223,4115,7483,1548,0
31220520,안성2동,0,0,10129740.123502988,3.4190290819126488,0.507448209167112,7.485788651567664,10129740.123502988,3.4190290819126488,0.507448209167112,7.485788651567664,0,0,4561,15987,5617,11118,2920,84.79,84.79,0,0,0,4561,15987,5617,11118,2920,0
31220530,안성3동,0,0,8244575.316074918,1.4032522060600956,0.0,10.938935865999092,8244575.316074918,1.4032522060600956,0.0,10.938935865999092,0,0,3842,12858,5380,11102,2341,79.62,79.62,0,0,0,3842,12858,5380,11102,2341,0
31230110,통진읍,0,0,29412106.02972889,0.0,0.0,0.0,29412106.02972889,0.0,0.0,0.0,0,0,4781,19365,10443,23607,5755,65.47,65.47,0,0,0,4781,19365,10443,23607,5755,0
31230120,고촌읍,0,0,24949986.571258385,0.2727346169331718,0.0689206581369837,5.343202785599823,24949986.571258385,0.2727346169331718,0.0689206581369837,5.343202785599823,0,0,11172,27927,9298,18396,5416,88.95,88.95,0,1,1,11172,27927,9298,18396,5416,0
31230130,양촌읍,0,0,36371421.52177542,0.0,0.0378530066298291,0.134228830068486,36371421.52177542,0.0,0.0378530066298291,0.134228830068486,0,0,4471,16783,8971,37925,7880,76.02,76.02,0,2,2,4471,16783,8971,37925,7880,0
31230340,대곶면,0,0,43240481.68441501,0.0,0.0,0.0,43240481.68441501,0.0,0.0,0.0,0,0,721,4722,4143,32338,7391,0.0,0.0,0,0,0,721,4722,4143,32338,7391,0
31230350,월곶면,0,0,51986446.41941323,0.0,0.0,0.0,51986446.41941323,0.0,0.0,0.0,0,0,294,2281,2629,10626,1968,0.0,0.0,0,0,0,294,2281,2629,10626,1968,0
31230360,하성면,0,0,56265681.651864715,0.0,0.0,0.0,56265681.651864715,0.0,0.0,0.0,0,0,614,3503,3801,11427,3005,2.66,2.66,0,0,0,614,3503,3801,11427,3005,0
31230530,사우동,0,0,3296592.251611179,6.5281311928472325,2.5577369906392815,13.904520270081166,3296592.251611179,6.5281311928472325,2.5577369906392815,13.904520270081166,0,0,3122,12543,5748,10906,3213,68.14,68.14,0,2,2,3122,12543,5748,10906,3213,0
31230540,풍무동,0,0,4426995.522762258,2.5907934136007413,0.0,10.009909297387686,4426995.522762258,2.5907934136007413,0.0,10.009909297387686,0,0,12180,36031,12053,11452,4349,95.24,95.24,0,1,1,12180,36031,12053,11452,4349,0
31230560,장기동,0,0,3690802.961639784,0.0,0.0,0.1954160212550694,3690802.961639784,0.0,0.0,0.1954160212550694,0,0,10016,23903,6851,11456,4407,90.05,90.05,0,1,1,10016,23903,6851,11456,4407,0
31230600,운양동,0,0,7938383.91163089,0.0,0.0,0.0,7938383.91163089,0.0,0.0,0.0,0,0,12387,29258,7662,9736,3600,85.73,85.73,0,1,1,12387,29258,7662,9736,3600,0
31230610,김포본동,0,0,11759603.73025839,2.2634428255655337,0.4009490529657262,6.479434825936748,11759603.73025839,2.2634428255655337,0.4009490529657262,6.479434825936748,0,0,10804,34199,13561,12840,4188,92.13,92.13,0,2,2,10804,34199,13561,12840,4188,0
31230620,장기본동,0,0,2530700.894660012,0.0,0.0,0.0,2530700.894660012,0.0,0.0,0.0,0,0,9768,22910,6576,8092,2492,96.4,96.4,0,1,1,9768,22910,6576,8092,2492,0
31230630,구래동,0,0,2120411.262707806,0.0,0.0,0.0,2120411.262707806,0.0,0.0,0.0,0,0,10045,29164,5991,15116,6330,99.4,99.4,0,2,2,10045,29164,5991,15116,6330,0
31230640,마산동,0,0,3034927.358097118,0.0,0.0,0.0,3034927.358097118,0.0,0.0,0.0,0,0,8547,20789,6145,3976,1782,93.73,93.73,0,2,2,8547,20789,6145,3976,1782,0
31240120,봉담읍,0,0,42792284.3402975,0.5204312978567118,0.6211351645318205,3.868339048300821,42792284.3402975,0.5204312978567118,0.6211351645318205,3.868339048300821,0,0,19612,57940,17233,34557,10022,89.4,89.4,0,0,0,19612,57940,17233,34557,10022,0
31240130,우정읍,0,0,91339995.37258762,0.1954777940624839,0.2635712136078281,3.133967746854364,91339995.37258762,0.1954777940624839,0.2635712136078281,3.133967746854364,0,0,1980,9365,6066,28374,3067,23.46,23.46,0,0,0,1980,9365,6066,28374,3067,0
31240140,향남읍,0,0,50003727.79990773,0.3782796130858588,0.0601009842111227,3.407980551582878,50003727.79990773,0.3782796130858588,0.0601009842111227,3.407980551582878,0,0,18815,53241,13212,50522,10879,83.55,83.55,0,0,0,18815,53241,13212,50522,10879,0
31240150,남양읍,0,0,74398934.61305189,0.397012485509692,0.3156637708879224,2.771816040156615,74398934.61305189,0.397012485509692,0.3156637708879224,2.771816040156615,0,0,9779,35993,11544,46657,6683,79.99,79.99,0,0,0,9779,35993,11544,46657,6683,0
31240310,매송면,0,0,27509230.808278836,0.1259493084029657,0.1017284944376446,3.7681996374019535,27509230.808278836,0.1259493084029657,0.1017284944376446,3.7681996374019535,0,0,557,3332,2780,3865,908,28.35,28.35,0,2,2,557,3332,2780,3865,908,0
31240330,비봉면,0,0,38737547.77466814,0.1794528023672743,0.282458054779784,3.160731643145681,38737547.77466814,0.1794528023672743,0.282458054779784,3.160731643145681,0,0,547,3890,3059,8345,1946,55.13,55.13,0,1,1,547,3890,3059,8345,1946,0
31240350,마도면,0,0,32217868.06395638,0.2152624843846431,0.2790322842639524,2.5202577077275365,32217868.06395638,0.2152624843846431,0.2790322842639524,2.5202577077275365,0,0,488,3588,2729,19965,2951,4.22,4.22,0,0,0,488,3588,2729,19965,2951,0
31240360,송산면,0,0,108696793.1651523,0.1367679174434256,0.125929859947218,1.8118822951016735,108696793.1651523,0.1367679174434256,0.125929859947218,1.8118822951016735,0,0,1003,5066,4686,9943,2525,13.22,13.22,0,0,0,1003,5066,4686,9943,2525,0
31240370,서신면,0,0,47568020.06099237,0.4338674189652746,0.1678239699766218,2.4093103037666217,47568020.06099237,0.4338674189652746,0.1678239699766218,2.4093103037666217,0,0,414,3144,3589,9733,2100,0.0,0.0,0,0,0,414,3144,3589,9733,2100,0
31240380,팔탄면,0,0,50921639.22003507,0.5126911090952415,0.0687014018296396,3.0451321689810467,50921639.22003507,0.5126911090952415,0.0687014018296396,3.0451321689810467,0,0,667,5223,3917,38340,7455,17.3,17.3,0,0,0,667,5223,3917,38340,7455,0
31240390,장안면,0,0,68095987.72532186,0.0390234509205939,0.0046513123503111,3.457026568438863,68095987.72532186,0.0390234509205939,0.0046513123503111,3.457026568438863,0,0,810,4880,4260,24354,3951,13.1,13.1,0,0,0,810,4880,4260,24354,3951,0
31240420,양감면,0,0,31066316.2764455,0.0,0.219954321078649,2.475633255339553,31066316.2764455,0.0,0.219954321078649,2.475633255339553,0,0,214,2011,1734,17823,2710,2.11,2.11,0,0,0,214,2011,1734,17823,2710,0
31240430,정남면,0,0,40643430.33794983,0.3757599486549864,0.2627136253086382,3.4057494853439723,40643430.33794983,0.3757599486549864,0.2627136253086382,3.4057494853439723,0,0,895,5903,4170,31890,6417,27.79,27.79,0,0,0,895,5903,4170,31890,6417,0
31240520,진안동,0,0,6987499.62445419,1.815861616362112,0.4073047639345751,9.109837067503298,6987499.62445419,1.815861616362112,0.4073047639345751,9.109837067503298,0,0,9416,33838,7116,16369,4691,79.88,79.88,0,2,2,9416,33838,7116,16369,4691,0
31240530,병점1동,0,0,1511572.4803454045,5.369036998440205,2.8817884187197764,23.984674121250077,1511572.4803454045,5.369036998440205,2.8817884187197764,23.984674121250077,0,0,6850,24042,5684,7911,2283,91.29,91.29,0,1,1,6850,24042,5684,7911,2283,0
31240540,병점2동,0,0,995868.417261736,0.0,0.0,7.722937181024955,995868.417261736,0.0,0.0,7.722937181024955,0,0,5120,14048,3756,4601,1599,98.75,98.75,0,0,0,5120,14048,3756,4601,1599,0
31240550,반월동,0,0,3970797.2096585776,2.86031881533254,0.0123369432867095,7.753523899538213,3970797.2096585776,2.86031881533254,0.0123369432867095,7.753523899538213,0,0,9280,23261,4724,67487,2728,98.46,98.46,0,0,0,9280,23261,4724,67487,2728,0
31240560,기배동,0,0,4249236.273417321,0.6035089952228356,0.0,13.503208197732208,4249236.273417321,0.6035089952228356,0.0,13.503208197732208,0,0,3140,9783,3126,5993,1488,88.53,88.53,0,0,0,3140,9783,3126,5993,1488,0
31240570,화산동,0,0,11607420.041823976,0.5723435452415426,0.7301287977399555,7.318661413473391,11607420.041823976,0.5723435452415426,0.7301287977399555,7.318661413473391,0,0,4146,16834,6224,13082,2712,75.49,75.49,0,0,0,4146,16834,6224,13082,2712,0
31240600,동탄2동,0,0,2386099.2512398595,0.0,0.0,1.7089277434071304,2386099.2512398595,0.0,0.0,1.7089277434071304,0,0,9427,20820,4162,5213,1591,86.6,86.6,0,0,0,9427,20820,4162,5213,1591,0
31240610,동탄1동,0,0,4860314.233988508,0.0,0.0,4.602380821502495,4860314.233988508,0.0,0.0,4.602380821502495,0,0,11543,34118,4714,34768,6279,93.08,93.08,0,0,0,11543,34118,4714,34768,6279,0
31240620,동탄3동,0,0,1869185.7058565803,0.0,0.0,2.3919867012451355,1869185.7058565803,0.0,0.0,2.3919867012451355,0,0,9569,26871,4456,7241,2331,96.6,96.6,0,1,1,9569,26871,4456,7241,2331,0
31240640,동탄4동,0,0,4245504.835542068,0.0,0.0,0.8945466016389557,4245504.835542068,0.0,0.0,0.8945466016389557,0,0,17108,32527,3805,6247,2134,99.83,99.83,0,0,0,17108,32527,3805,6247,2134,0
31240650,동탄5동,0,0,11401013.053518644,0.3543658659278034,0.3039774126852937,2.231345978189057,11401013.053518644,0.3543658659278034,0.3039774126852937,2.231345978189057,0,0,10548,30820,5529,44753,10334,95.57,95.57,0,0,0,10548,30820,5529,44753,10334,0
31240670,새솔동,0,0,3130129.7998781516,0.0,0.0,0.0,3130129.7998781516,0.0,0.0,0.0,0,0,7318,15873,2564,3830,1593,90.77,90.77,0,0,0,7318,15873,2564,3830,1593,0
31240690,동탄7동,0,0,14743041.734488348,0.0,1.0609602526642268,2.480095041050244,14743041.734488348,0.0,1.0609602526642268,2.480095041050244,0,0,14957,36234,5689,20803,5136,96.88,96.88,0,0,0,14957,36234,5689,20803,5136,0
31240700,동탄6동,0,0,9501636.426156713,1.3092101803920886,0.1154355625856642,4.964479544806843,9501636.426156713,1.3092101803920886,0.1154355625856642,4.964479544806843,0,0,10179,29388,3773,30607,4585,90.75,90.75,0,0,0,10179,29388,3773,30607,4585,0
31240710,동탄8동,0,0,6547891.050654527,1.159599202529852,0.0,2.9953196148710517,6547891.050654527,1.159599202529852,0.0,2.9953196148710517,0,0,9379,21164,3114,5295,1673,94.2,94.2,0,0,0,9379,21164,3114,5295,1673,0
31250110,오포읍,0,0,46814511.491763994,1.3967156384084471,0.561106614227244,5.603687981931733,46814511.491763994,1.3967156384084471,0.561106614227244,5.603687981931733,0,0,19356,69676,25686,35575,11663,39.4,39.4,0,0,0,19356,69676,25686,35575,11663,0
31250120,초월읍,0,0,55823132.28217228,1.38781651118261,0.049931312720161,3.643035412814475,55823132.28217228,1.38781651118261,0.049931312720161,3.643035412814475,0,0,8436,29989,11981,27951,7181,53.33,53.33,0,2,2,8436,29989,11981,27951,7181,0
31250140,곤지암읍,0,0,76216727.86513944,0.5471867182063064,0.2124868488011847,3.887752621657106,76216727.86513944,0.5471867182063064,0.2124868488011847,3.887752621657106,0,0,2671,12550,6975,20820,4732,37.97,37.97,0,1,1,2671,12550,6975,20820,4732,0
31250340,도척면,0,0,52171945.10380302,0.8386857903478838,0.272494074386411,3.5174175211020566,52171945.10380302,0.8386857903478838,0.272494074386411,3.5174175211020566,0,0,905,4895,3525,13862,2798,11.8,11.8,0,0,0,905,4895,3525,13862,2798,0
31250350,퇴촌면,0,0,60268701.21436416,1.0738537714593002,0.2460231833644781,2.4673364581067165,60268701.21436416,1.0738537714593002,0.2460231833644781,2.4673364581067165,0,0,2104,7568,6106,3291,1560,0.0,0.0,0,0,0,2104,7568,6106,3291,1560,0
31250360,남종면,0,0,48381904.69614069,0.2504721209532451,0.10027787776174,1.2651459296492675,48381904.69614069,0.2504721209532451,0.10027787776174,1.2651459296492675,0,0,65,537,821,538,183,0.0,0.0,0,1,1,65,537,821,538,183,0
31250380,남한산성면,0,0,33615152.84559872,0.5412822038493762,0.3878133539771686,1.983123330457468,33615152.84559872,0.5412822038493762,0.3878133539771686,1.983123330457468,0,0,251,1002,1063,1439,477,0.0,0.0,0,0,0,251,1002,1063,1439,477,0
31250540,경안동,0,0,3192830.273881496,5.605985479595778,2.595126556393494,21.81518740951092,3192830.273881496,5.605985479595778,2.595126556393494,21.81518740951092,0,0,5199,17392,6464,12962,3987,55.64,55.64,0,1,1,5199,17392,6464,12962,3987,0
31250550,송정동,0,0,5087864.537165708,4.150875075531166,2.443902334500141,9.647765216542943,5087864.537165708,4.150875075531166,2.443902334500141,9.647765216542943,0,0,3053,12387,5762,9247,2220,44.44,44.44,0,0,0,3053,12387,5762,9247,2220,0
31250560,쌍령동,0,0,3327638.38041452,1.1787221413334992,1.739882175622191,4.556220281998236,3327638.38041452,1.1787221413334992,1.739882175622191,4.556220281998236,0,0,3156,10743,3965,2573,985,60.15,60.15,0,0,0,3156,10743,3965,2573,985,0
31250570,탄벌동,0,0,16723454.150955375,2.0813649495034423,0.1978905843848296,5.0507247729073255,16723454.150955375,2.0813649495034423,0.1978905843848296,5.0507247729073255,0,0,6270,24299,10219,8362,3008,34.21,34.21,0,0,0,6270,24299,10219,8362,3008,0
31250580,광남1동,0,0,26079667.73690987,1.49941832919479,0.1388716437270772,4.032811801804811,26079667.73690987,1.49941832919479,0.1388716437270772,4.032811801804811,0,0,4596,19635,8410,18531,4750,26.66,26.66,0,1,1,4596,19635,8410,18531,4750,0
31250590,광남2동,0,0,2299717.607832915,0.0,0.0,7.960946801747201,2299717.607832915,0.0,0.0,7.960946801747201,0,0,8811,19722,5132,4169,1758,93.38,93.38,0,0,0,8811,19722,5132,4169,1758,0
31260110,백석읍,0,0,41139927.19872146,0.0575750704068728,0.9116164543472036,1.213122390615803,41139927.19872146,0.0575750704068728,0.9116164543472036,1.213122390615803,0,0,3148,13139,8857,11000,2882,64.26,64.26,0,0,0,3148,13139,8857,11000,2882,0
31260310,은현면,0,0,34603242.85967817,0.122151487144595,0.0354802496395686,2.876176819812227,34603242.85967817,0.122151487144595,0.0354802496395686,2.876176819812227,0,0,355,2566,2534,12237,2655,7.89,7.89,0,0,0,355,2566,2534,12237,2655,0
31260320,남면,0,0,36466535.97603553,0.0,0.0,0.2912934864229862,36466535.97603553,0.0,0.0,0.2912934864229862,0,0,584,3128,2731,8122,1628,15.52,15.52,0,0,0,584,3128,2731,8122,1628,0
31260330,광적면,0,0,48453881.72729364,0.0,0.0,0.1319782633926206,48453881.72729364,0.0,0.0,0.1319782633926206,0,0,1192,5723,4209,13110,3252,40.24,40.24,0,0,0,1192,5723,4209,13110,3252,0
31260340,장흥면,0,0,63930008.83778872,0.9469754615334016,0.1905463355387606,2.0722226394761565,63930008.83778872,0.9469754615334016,0.1905463355387606,2.0722226394761565,0,0,954,5599,5254,6124,1593,47.48,47.48,0,0,0,954,5599,5254,6124,1593,0
31260510,양주1동,0,0,23675734.594472747,0.3198210431353454,1.862894856848456,5.05805684826532,23675734.594472747,0.3198210431353454,1.862894856848456,5.05805684826532,0,0,404,2129,2247,5292,1106,31.48,31.48,0,1,1,404,2129,2247,5292,1106,0
31260520,양주2동,0,0,19099784.09647332,0.4076959894241946,0.4863462567472218,6.760611020950521,19099784.09647332,0.4076959894241946,0.4863462567472218,6.760611020950521,0,0,10210,28607,11801,14078,4510,93.77,93.77,0,0,0,10210,28607,11801,14078,4510,0
31260530,회천1동,0,0,10552808.500022076,0.93452010975219,0.0,8.674434946470132,10552808.500022076,0.93452010975219,0.0,8.674434946470132,0,0,1170,5173,2701,6339,1659,62.98,62.98,0,1,1,1170,5173,2701,6339,1659,0
31260540,회천2동,0,0,11179375.979494398,0.830536238936284,0.8983372487356183,8.982519392187582,11179375.979494398,0.830536238936284,0.8983372487356183,8.982519392187582,0,0,5883,21668,9040,8798,2479,79.95,79.95,0,2,2,5883,21668,9040,8798,2479,0
31260550,회천3동,0,0,3570491.820479672,0.0,0.3156628082818196,17.329922198622864,3570491.820479672,0.0,0.3156628082818196,17.329922198622864,0,0,4394,15200,5875,4490,1582,93.03,93.03,0,1,1,4394,15200,5875,4490,1582,0
31260560,회천4동,0,0,17828575.079528045,0.2200831136250188,0.0,7.0561124611874675,17828575.079528045,0.2200831136250188,0.0,7.0561124611874675,0,0,20192,50206,11153,14632,5221,95.99,95.99,0,0,0,20192,50206,11153,14632,5221,0
31270110,소흘읍,0,0,46111255.87804762,1.137742348475073,0.2664886753035015,6.68275066797243,46111255.87804762,1.137742348475073,0.2664886753035015,6.68275066797243,0,0,6559,24685,12161,22919,6457,67.35,67.35,0,0,0,6559,24685,12161,22919,6457,0
31270310,군내면,0,0,36188682.84240312,0.2368876857810154,0.2972968903525224,4.609393399807434,36188682.84240312,0.2368876857810154,0.2972968903525224,4.609393399807434,0,0,1021,4544,3051,10733,2254,53.25,53.25,0,0,0,1021,4544,3051,10733,2254,0
31270320,내촌면,0,0,52703613.876380906,0.8477987357717802,0.7180261348635604,2.915080717336758,52703613.876380906,0.8477987357717802,0.7180261348635604,2.915080717336758,0,0,207,2045,2073,8139,1791,2.16,2.16,0,0,0,207,2045,2073,8139,1791,0
31270330,가산면,0,0,35776451.114754096,0.1189494437653829,0.0427928294254028,6.1976333316352505,35776451.114754096,0.1189494437653829,0.0427928294254028,6.1976333316352505,0,0,485,3556,3196,16409,3793,1.42,1.42,0,0,0,485,3556,3196,16409,3793,0
31270340,신북면,0,0,95650871.46750651,0.1437640011431727,0.0371976991470299,2.733805734754766,95650871.46750651,0.1437640011431727,0.0371976991470299,2.733805734754766,0,0,1231,5951,4539,8058,1572,37.44,37.44,0,0,0,1231,5951,4539,8058,1572,0
31270350,창수면,0,0,71509021.88599114,0.0,0.0244215002378873,0.5275072060657945,71509021.88599114,0.0,0.0244215002378873,0.5275072060657945,0,0,99,764,1200,1687,398,2.55,2.55,0,0,0,99,764,1200,1687,398,0
31270360,영중면,0,0,61177848.64336604,0.1019111001990209,0.0026111872768081,1.680577795598822,61177848.64336604,0.1019111001990209,0.0026111872768081,1.680577795598822,0,0,342,1874,2414,3810,915,3.16,3.16,0,0,0,342,1874,2414,3810,915,0
31270370,일동면,0,0,83288757.17853285,0.8114466172556204,0.1148682428348839,2.5997326273783288,83288757.17853285,0.8114466172556204,0.1148682428348839,2.5997326273783288,0,0,1016,4154,3933,3430,1134,15.21,15.21,0,0,0,1016,4154,3933,3430,1134,0
31270380,이동면,0,0,112789217.19679238,0.0147831630224981,0.0,0.0076056968150038,112789217.19679238,0.0147831630224981,0.0,0.0076056968150038,0,0,659,2764,2291,1944,645,21.09,21.09,0,0,0,659,2764,2291,1944,645,0
31270390,영북면,0,0,81851166.75149864,0.0,0.0,0.0,81851166.75149864,0.0,0.0,0.0,0,0,882,3608,3263,2994,1072,21.97,21.97,0,0,0,882,3608,3263,2994,1072,0
31270400,관인면,0,0,70061812.04048082,0.0,0.0,0.0,70061812.04048082,0.0,0.0,0.0,0,0,123,935,1506,710,270,1.77,1.77,0,0,0,123,935,1506,710,270,0
31270410,화현면,0,0,43491103.11838064,0.3108448456044341,0.0696181269938954,2.66943173187582,43491103.11838064,0.3108448456044341,0.0696181269938954,2.66943173187582,0,0,296,1163,1116,2472,441,19.14,19.14,0,0,0,296,1163,1116,2472,441,0
31270510,포천동,0,0,11341422.678200714,1.8000212936269442,0.1991607921765812,9.656376057697956,11341422.678200714,1.8000212936269442,0.1991607921765812,9.656376057697956,0,0,2689,10761,5792,8928,2505,49.76,49.76,0,0,0,2689,10761,5792,8928,2505,0
31270520,선단동,0,0,23891207.75986946,0.3457531223301764,0.2545754656498367,5.682095824079234,23891207.75986946,0.3457531223301764,0.2545754656498367,5.682095824079234,0,0,1536,8330,4509,11649,2413,8.3,8.3,0,0,0,1536,8330,4509,11649,2413,0
31280110,가남읍,0,0,75150187.92343599,0.216726229139646,0.5958611067768839,2.931138066501795,75150187.92343599,0.216726229139646,0.5958611067768839,2.931138066501795,0,0,1786,7473,5209,9518,1813,39.28,39.28,0,0,0,1786,7473,5209,9518,1813,0
31280310,점동면,0,0,71748818.97135837,0.1084212603987958,0.1103401210271494,2.362644806602363,71748818.97135837,0.1084212603987958,0.1103401210271494,2.362644806602363,0,0,431,1883,2422,2712,587,0.0,0.0,0,0,0,431,1883,2422,2712,587,0
31280330,흥천면,0,0,44097300.49514002,0.1596035014836163,0.0,4.25382684103906,44097300.49514002,0.1596035014836163,0.0,4.25382684103906,0,0,379,1972,2668,2073,613,0.0,0.0,0,0,0,379,1972,2668,2073,613,0
31280340,금사면,0,0,41702519.40606491,0.0788430591683105,0.0456902269248212,2.4402241878381634,41702519.40606491,0.0788430591683105,0.0456902269248212,2.4402241878381634,0,0,189,1081,1648,961,338,0.0,0.0,0,0,0,189,1081,1648,961,338,0
31280350,산북면,0,0,32625279.408458572,0.2030424388666709,0.0506182169146995,2.2445210340852615,32625279.408458572,0.2030424388666709,0.0506182169146995,2.2445210340852615,0,0,254,953,1270,1459,363,0.0,0.0,0,0,0,254,953,1270,1459,363,0
31280360,대신면,0,0,75818785.15792616,0.2174148540584488,0.0026919512645917,3.607044528786178,75818785.15792616,0.2174148540584488,0.0026919512645917,3.607044528786178,0,0,489,2524,3650,3171,1020,2.38,2.38,0,0,0,489,2524,3650,3171,1020,0
31280370,북내면,0,0,65654587.279010184,0.0350923288910344,0.1870083573981983,2.426387657864149,65654587.279010184,0.0350923288910344,0.1870083573981983,2.426387657864149,0,0,394,2032,2303,3034,799,0.0,0.0,0,0,0,394,2032,2303,3034,799,0
31280380,강천면,0,0,74282612.07629892,0.092112725357215,0.2253639624008487,1.5751117630976923,74282612.07629892,0.092112725357215,0.2253639624008487,1.5751117630976923,0,0,333,1868,2110,2514,568,0.0,0.0,0,0,0,333,1868,2110,2514,568,0
31280390,세종대왕면,0,0,52980210.93184048,0.0309266047865969,0.0313397913257862,3.2638401189544877,52980210.93184048,0.0309266047865969,0.0313397913257862,3.2638401189544877,0,0,537,2411,2967,3017,667,2.83,2.83,0,1,1,537,2411,2967,3017,667,0
31280510,여흥동,0,0,38735045.881922565,0.6137012535543717,0.598732119384226,4.138011886544079,38735045.881922565,0.6137012535543717,0.598732119384226,4.138011886544079,0,0,2766,11615,6536,14511,3768,45.24,45.24,0,1,1,2766,11615,6536,14511,3768,0
31280520,중앙동,0,0,17785599.08352051,0.7918597939626494,0.9505359375794172,5.554727310648168,17785599.08352051,0.7918597939626494,0.9505359375794172,5.554727310648168,0,0,4564,14171,5520,8986,2291,69.13,69.13,0,1,1,4564,14171,5520,8986,2291,0
31280530,오학동,0,0,16827268.829107482,1.310896728935807,0.3950019848861201,4.6962102507334675,16827268.829107482,1.310896728935807,0.3950019848861201,4.6962102507334675,0,0,3394,10396,4214,5118,1688,60.6,60.6,0,0,0,3394,10396,4214,5118,1688,0
31350110,연천읍,0,0,,,,,,,,,0,0,1061,3947,2819,3858,1035,46.55,46.55,0,0,0,1061,3947,2819,3858,1035,0
31350120,전곡읍,0,0,,,,,,,,,0,0,2855,9293,5907,7264,2407,48.71,48.71,0,0,0,2855,9293,5907,7264,2407,0
31350310,군남면,0,0,,,,,,,,,0,0,189,1157,1628,1181,429,2.44,2.44,0,0,0,189,1157,1628,1181,429,0
31350320,청산면,0,0,,,,,,,,,0,0,278,1888,2010,1952,470,16.15,16.15,0,0,0,278,1888,2010,1952,470,0
31350330,백학면,0,0,,,,,,,,,0,0,187,972,1349,1590,390,0.0,0.0,0,0,0,187,972,1349,1590,390,0
31350340,미산면,0,0,,,,,,,,,0,0,100,619,986,488,263,0.0,0.0,0,0,0,100,619,986,488,263,0
31350350,왕징면,0,0,,,,,,,,,0,0,53,317,616,232,112,0.0,0.0,0,0,0,53,317,616,232,112,0
31350360,신서면,0,0,,,,,,,,,0,0,126,878,1471,577,352,11.33,11.33,0,0,0,126,878,1471,577,352,0
31350370,중면,0,0,,,,,,,,,0,0,12,70,82,43,33,0.0,0.0,0,0,0,12,70,82,43,33,0
31350380,장남면,0,0,,,,,,,,,0,0,42,254,418,277,92,0.0,0.0,0,0,0,42,254,418,277,92,0
31370110,가평읍,0,0,145122903.68808037,0.3684874829953696,0.2120357707931758,1.6621592299011383,145122903.68808037,0.3684874829953696,0.2120357707931758,1.6621592299011383,0,0,2837,10512,7307,10408,2905,45.35,45.35,0,0,0,2837,10512,7307,10408,2905,0
31370310,설악면,0,0,141036128.38737786,0.3511582213811781,0.0609987399212391,0.9897949411697894,141036128.38737786,0.3511582213811781,0.0609987399212391,0.9897949411697894,0,0,1164,4238,4243,5890,1619,6.64,6.64,0,0,0,1164,4238,4243,5890,1619,0
31370320,청평면,0,0,112109327.8080708,1.059357865862171,0.3644889940376455,1.307073490549443,112109327.8080708,1.059357865862171,0.3644889940376455,1.307073490549443,0,0,1289,6381,5827,6540,2123,31.01,31.01,0,0,0,1289,6381,5827,6540,2123,0
31370330,상면,0,0,99940676.27961792,0.4744395966196679,0.2037460449840174,1.116347424107992,99940676.27961792,0.4744395966196679,0.2037460449840174,1.116347424107992,0,0,332,2306,2852,3452,1034,1.32,1.32,0,0,0,332,2306,2852,3452,1034,0
31370350,북면,0,0,229866156.4265092,0.0729868195293161,0.0550449452920898,0.6410921554154698,229866156.4265092,0.0729868195293161,0.0550449452920898,0.6410921554154698,0,0,263,1365,2033,1940,836,2.95,2.95,0,0,0,263,1365,2033,1940,836,0
31370360,조종면,0,0,112713723.3823453,0.2327210694302092,0.1594908005923964,1.227091747049002,112713723.3823453,0.2327210694302092,0.1594908005923964,1.227091747049002,0,0,1227,4639,3487,3565,1145,9.91,9.91,0,0,0,1227,4639,3487,3565,1145,0
31380110,양평읍,0,0,42337493.13591667,1.4279209335746357,0.1800793207222832,6.893093606278347,42337493.13591667,1.4279209335746357,0.1800793207222832,6.893093606278347,0,0,5908,19100,10605,15813,5060,53.52,53.52,0,0,0,5908,19100,10605,15813,5060,0
31380310,강상면,0,0,37907777.1762309,0.543778444701956,0.4101769620443304,2.7970023390421086,37907777.1762309,0.543778444701956,0.4101769620443304,2.7970023390421086,0,0,1621,4735,3676,2434,927,32.6,32.6,0,0,0,1621,4735,3676,2434,927,0
31380320,강하면,0,0,41165018.46990207,0.5868618682307482,0.0,3.0629419687434987,41165018.46990207,0.5868618682307482,0.0,3.0629419687434987,0,0,360,1923,2597,1398,610,0.0,0.0,0,0,0,360,1923,2597,1398,610,0
31380330,양서면,0,0,59645476.644995034,0.4421215655959003,0.2620842564825748,3.1111675350417567,59645476.644995034,0.4421215655959003,0.2620842564825748,3.1111675350417567,0,0,1648,6372,5880,3638,1361,13.74,13.74,0,0,0,1648,6372,5880,3638,1361,0
31380340,옥천면,0,0,66325395.4849509,0.5247287745828277,0.1324357562121864,1.494339300192264,66325395.4849509,0.5247287745828277,0.1324357562121864,1.494339300192264,0,0,968,3676,3461,2169,930,2.8,2.8,0,0,0,968,3676,3461,2169,930,0
31380350,서종면,0,0,92810418.61821784,0.2771965321676697,0.1322104168657571,1.646039814650886,92810418.61821784,0.2771965321676697,0.1322104168657571,1.646039814650886,0,0,1404,4555,4072,2612,1267,0.0,0.0,0,0,0,1404,4555,4072,2612,1267,0
31380360,단월면,0,0,107702041.17301609,0.0360697955924457,0.0,0.8561091570568246,107702041.17301609,0.0360697955924457,0.0,0.8561091570568246,0,0,328,1487,2113,1111,420,0.0,0.0,0,0,0,328,1487,2113,1111,420,0
31380370,청운면,0,0,96461356.04442824,0.0888546367837933,0.0326336850225304,1.2230593026358003,96461356.04442824,0.0888546367837933,0.0326336850225304,1.2230593026358003,0,0,223,1328,2230,1178,372,0.0,0.0,0,0,0,223,1328,2230,1178,372,0
31380380,양동면,0,0,120187710.67607768,0.0246416908540025,0.0323285054116078,1.3616743283628705,120187710.67607768,0.0246416908540025,0.0323285054116078,1.3616743283628705,0,0,306,1644,2622,1277,421,1.0,1.0,0,0,0,306,1644,2622,1277,421,0
31380390,지평면,0,0,77691210.41861908,0.0,0.0907800188335071,2.3669125762041476,77691210.41861908,0.0,0.0907800188335071,2.3669125762041476,0,0,542,2518,3773,1669,606,0.0,0.0,0,0,0,542,2518,3773,1669,606,0
31380400,용문면,0,0,102338955.80567557,0.1797519126531936,0.1160428074561911,2.7925184351441845,102338955.80567557,0.1797519126531936,0.1160428074561911,2.7925184351441845,0,0,2706,8525,7218,5205,1973,25.68,25.68,0,0,0,2706,8525,7218,5205,1973,0
31380410,개군면,0,0,32286919.34455944,0.1579587098473192,0.1320487773857003,3.886483053999421,32286919.34455944,0.1579587098473192,0.1320487773857003,3.886483053999421,0,0,464,2072,2578,1338,493,1.08,1.08,0,0,0,464,2072,2578,1338,493,0
