dong_code,dong_name,station_count_준고속철도,행정동전체면적_m2,주거지역비율_pct,상업업무지역비율_pct,공공시설지역비율_pct,station_count_고속철도,아파트비율_퍼센트,station_count_일반철도,station_count_지하철,pop_0_19,pop_20_59,pop_60_plus,worker_count,business_count,worker_density,business_density,station_density_지하철,기타지역비율_pct
11010530,사직동,0,1157671.2996191066,9.168483713512767,12.58037655219366,2.5210998310166377,0,59.92,0,6,1123,5344,2531,57319,4855,0.0495123270468601,0.0041937638097752,5.182818302502854e-06,75.73003990327693
11010540,삼청동,0,1476086.244918536,4.139636608127883,4.268350745238117,1.6338256690173247,0,0.0,0,1,249,1188,811,5068,992,0.0034334037170337,0.0006720474521107,6.774671896278083e-07,89.95818697761668
11010550,부암동,0,2273044.4091353468,8.225045558757389,2.190655582872993,2.096652083970634,0,4.06,0,0,1196,5294,2595,3959,894,0.0017417169607735,0.0003933051181943,0.0,87.48764677439898
11010560,평창동,0,8940655.329911664,4.803285419579791,0.7657532388125766,0.4736663363121697,0,17.64,0,0,2534,9706,5147,4246,1300,0.0004749092592564,0.0001454032117365,0.0,93.95729500529546
11010570,무악동,0,369245.4822686503,7.147563369387297,2.919003591673484,2.3624504108347524,0,95.16,0,1,1471,4371,2119,1424,362,0.0038565129929616,0.0009803776007388,2.7082254164056424e-06,87.57098262810447
11010580,교남동,0,346667.13479939464,15.764483741761255,8.100110599266191,4.165433365674306,0,65.34,0,2,1527,5870,2318,7053,566,0.0203451648333433,0.0016326901028884,5.769222978404471e-06,71.96997229329824
11010600,가회동,0,539599.8544892247,17.414913365347747,10.203017028739463,4.109892871629805,0,0.0,0,1,462,2232,1166,8964,959,0.0166123098908524,0.0017772428810048,1.8532251105368613e-06,68.272176734283
11010610,종로1·2·3·4가동,0,2415326.730085671,1.7796112622854712,21.688719150253,0.964531899910496,0,60.86,0,15,374,3886,2423,111951,16483,0.0463502509226011,0.0068243355214087,6.210339915132662e-06,75.56713768755102
11010630,종로5·6가동,0,602712.8344987278,7.392420472680321,29.245416769560663,2.8533965377225687,0,32.33,0,8,359,3497,1528,20911,7290,0.0346947979248601,0.0120953123653689,1.3273319468168972e-05,60.50876622003645
11010640,이화동,0,781806.2194507818,10.220077539615966,12.475704684534762,8.861895893515202,0,7.4,0,3,487,4510,1902,18513,1761,0.0236797809216311,0.0022524763249064,3.837268015172769e-06,68.44232188233407
11010670,창신1동,0,304915.0810513392,13.191554794111369,25.071075724852204,4.157565328375156,0,51.94,0,8,280,2483,1758,5212,2331,0.0170932837492269,0.0076447514235318,2.62368131223744e-05,57.57980415266127
11010680,창신2동,0,257320.96135152745,29.63861056374473,12.139633095179487,1.9318738562078053,0,13.61,0,5,495,4317,2698,1921,1011,0.0074653848246006,0.0039289453709897,1.943098600885128e-05,56.28988248486797
11010690,창신3동,0,216671.8870710232,18.350931419050863,5.653647351246437,3.41286993391121,0,80.14,0,3,708,3708,1929,1152,382,0.0053167949728947,0.0017630344441369,1.3845820241913376e-05,72.58255129579149
11010700,숭인1동,0,239215.32115701263,23.797794170604167,8.524258820719417,1.8382555795117188,0,40.6,0,5,533,3426,1823,1892,689,0.0079091923994243,0.0028802502976762,2.090167124583612e-05,65.8396914291647
11010710,숭인2동,0,351640.31189976155,17.280618215788074,23.250955474580408,2.838765385107826,0,52.75,0,6,487,6829,2505,5611,2239,0.0159566460669045,0.0063673018256637,1.7062890108969442e-05,56.62966092452369
11010720,청운효자동,0,2568560.056117465,7.364078428646762,3.5276484279119296,2.3233599087552728,0,5.93,0,1,1680,6719,2950,5330,1462,0.0020750926135773,0.0005691905067636,3.8932319204078403e-07,86.78491323468603
11010730,혜화동,0,1131570.126434548,17.061551562988214,7.627284755204207,7.489593086260005,0,17.4,0,2,1693,10547,3629,8696,2246,0.0076848971148816,0.0019848526816955,1.7674556381972573e-06,67.82157059554757
11020520,소공동,0,943090.0451435072,1.3303807375355354,22.0534761542169,2.686253699842476,0,96.49,0,8,289,1501,395,68391,4702,0.0725179958705512,0.0049857381319666,8.48275309564723e-06,73.92988940840509
11020540,회현동,1,897156.106999932,3.901961735745703,18.862476376128164,1.085226930987087,3,67.66,4,10,365,2274,1755,48793,8489,0.0543862986817519,0.0094621214008032,1.1146332195550998e-05,76.15033495713905
11020550,명동,0,968876.2596072336,2.163342593720772,31.892053672161108,3.2905623581199923,0,46.02,0,15,170,1481,944,140423,8437,0.1449338845968584,0.0087080263514074,1.5481853178986894e-05,62.654041375998126
11020570,필동,0,1463586.7173389706,2.87302168383506,10.308809679348435,4.028769853909783,0,46.24,0,8,336,2488,1188,26509,3505,0.0181123534982719,0.0023948017281467,5.466023915884253e-06,82.78939878290672
11020580,장충동,0,1017158.9421082004,5.424994692459099,11.498358873218011,1.063478068700618,0,8.01,0,13,390,3009,1149,7456,950,0.007330221159412,0.000933973994292,1.2780696763996315e-05,82.01316836562228
11020590,광희동,0,736648.8912997656,3.118857407219069,36.46787409137971,0.8711701171110047,0,75.61,0,16,307,3911,1572,33150,8662,0.04500108585117,0.0117586547705229,2.171998110463713e-05,59.54209838429021
11020600,을지로동,0,611191.8241216319,0.9361734867777648,43.31118257793366,1.05837301429628,0,90.3,0,16,205,2115,708,31160,8714,0.0509823573708163,0.0142573896703881,2.6178360652537283e-05,54.6942709209923
11020650,신당5동,0,319464.4409896149,16.753696092781446,14.13217977131634,3.685916396476245,0,67.33,0,5,966,6445,2750,4180,1574,0.0130843983352909,0.0049269959281693,1.565119418096998e-05,65.42820773942597
11020670,황학동,0,328391.1913211211,9.607153395094713,32.33959212343392,0.6194955383758399,0,72.45,0,8,1106,8648,2943,5479,2417,0.0166843695709104,0.0073601243389105,2.4361189371652463e-05,57.43375894309553
11020680,중림동,1,484023.16386115225,11.073081642976067,12.844267641974568,3.557092142840245,3,81.33,4,9,1648,7373,3127,7672,1248,0.0158504810774764,0.0025783889969617,1.859415142039734e-05,72.52555857220912
11020690,신당동,0,534537.9543277827,10.832981593187816,25.71174523792672,4.860491431027436,0,34.32,0,11,464,4781,2172,22759,11624,0.0425769579415463,0.021745883347798,2.057852002974691e-05,58.59478173785803
11020700,다산동,0,523575.8824797477,27.184819259856045,11.22872161993293,3.807369441082177,0,11.2,0,9,1128,8160,4032,8772,2049,0.0167540184591519,0.0039134728480166,1.7189485423206505e-05,57.779089679128845
11020710,약수동,0,485866.1432877514,13.083303490519585,7.5551310241491185,1.2283623437038715,0,81.68,0,5,1715,8907,5486,4279,1215,0.0088069524065967,0.0025006887529831,1.0290900218037768e-05,78.13320314162743
11020720,청구동,0,342312.10888944694,17.27114835846222,9.175480867404524,4.407018364340472,0,78.35,0,5,1364,7513,4094,4672,1235,0.0136483632291616,0.0036078186190099,1.4606553113400767e-05,69.14635240979278
11020730,동화동,0,326798.3838419116,11.9401815470339,11.627744586832828,3.2114715166112897,0,82.66,0,5,1333,5632,2973,4177,1255,0.0127815809575508,0.0038402882695059,1.5299953264963958e-05,73.22060234952198
11030510,후암동,1,865244.0803748902,21.674043482147063,5.142871992061927,2.6631241073752383,3,11.09,4,5,1794,9892,4312,4775,1277,0.005518673988357,0.0014758841221218,5.778716218174909e-06,70.51996041841576
11030520,용산2가동,0,1965379.646328625,5.5045553182518,1.5281863414429178,1.118336797542414,0,10.37,0,2,696,5431,2785,2067,734,0.0010517052030383,0.0003734647407015,1.0176150972794851e-06,91.84892154276288
11030530,남영동,1,1176908.797605099,4.99666053379922,8.091336818180633,0.7140750291200192,3,25.21,4,8,353,4071,2405,18878,1919,0.0160403253321366,0.0016305426587758,6.797468092864365e-06,86.19792761890012
11030570,원효로2동,0,708448.6920712206,10.752539765678089,10.044050640106985,2.7773084579362712,3,64.98,4,5,1710,8428,3498,5282,1262,0.0074557269411889,0.0017813569480841,7.057674120777079e-06,76.42610113627865
11030580,효창동,0,445853.9028966531,14.505998568654013,4.180895137123014,2.54423373134956,0,49.68,0,6,1428,6916,2341,2158,703,0.0048401505200052,0.0015767496828376,1.3457323039866263e-05,78.76887256287341
11030590,용문동,0,277325.00179992145,22.71204192644746,10.5042447291685,1.1841375259347453,0,52.39,0,6,1266,6995,3146,2096,850,0.0075579193593104,0.0030649959233844,2.1635265341537437e-05,65.5995758184493
11030630,이촌1동,0,2870622.4573845994,3.4900636969925256,1.0277952709423646,0.720134828807773,0,99.75,0,6,4807,14024,6102,4075,1469,0.0014195527487437,0.0005117357025532,2.090139016555193e-06,94.76200620325734
11030640,이촌2동,0,1204647.7115449945,2.540333986136832,1.491506473293843,0.461217691498073,0,84.42,0,1,868,4529,2471,1085,478,0.0009006782560516,0.0003967965035877,8.301182083425624e-07,95.50694184907124
11030650,이태원1동,0,582461.1004865179,17.763118593409388,15.732821156712696,1.1817058136193554,0,32.25,0,2,443,3682,1895,7749,1838,0.0133038927293073,0.0031555755370327,3.433705698621082e-06,65.32235443625856
11030660,이태원2동,0,873587.4397270826,16.52568383593838,5.709252225392434,0.8073884941925232,0,23.37,0,3,767,5431,2465,3032,1064,0.0034707458716582,0.0012179662293682,3.434115308369004e-06,76.95767544447666
11030690,서빙고동,0,2819832.46527736,4.139163315817066,1.424736725758356,0.4832627414830167,0,61.78,0,5,2031,7294,3107,4650,721,0.0016490341384611,0.0002556889492108,1.773154987592664e-06,93.95283721694156
11030700,보광동,0,714558.4725689037,23.03973597851204,5.280245257731391,2.5702886384884427,0,22.14,0,2,801,6762,3584,1821,882,0.0025484268536175,0.001234328657271,2.798931195626057e-06,69.10973012526813
11030710,청파동,1,885524.0864885414,21.66788829467936,9.776848328028825,6.83161531149293,3,1.19,4,8,1459,12679,4705,10412,2255,0.0117580087981233,0.0025465145831509,9.034198077697548e-06,61.72364806579888
11030720,원효로1동,0,588618.2441152311,14.075691936292452,16.844882381299257,1.772897209254835,3,66.05,4,9,2038,11901,3068,9884,2212,0.0167918682416801,0.0037579535158434,1.529004595053838e-05,67.30652847315346
11030730,한강로동,0,2867675.943997137,4.20622464578896,9.161125534946189,1.044720458827025,3,81.55,4,10,2208,14078,4730,53052,6011,0.0184999982689355,0.0020961224759588,3.487144361934611e-06,85.58792936043783
11030740,한남동,0,3029614.718166791,10.832671709203098,6.485232545027392,0.8975517873874316,0,54.34,0,6,2040,11005,4710,21222,3387,0.0070048511029056,0.0011179639376845,1.980449845322501e-06,81.78454395838207
11040520,왕십리2동,0,372143.4604807907,18.89710578576536,7.61601119464618,2.1634625093688724,0,81.3,0,7,2113,9953,4029,2409,1117,0.006473310042377,0.0030015306423143,1.88099503099376e-05,71.32342051021959
11040540,마장동,0,1034489.291812161,10.772673246722434,14.35645056461348,3.311861812378301,0,63.24,0,7,2387,13279,5907,12105,3557,0.0117014261004849,0.003438411618292,6.766623932539816e-06,71.55901437628579
11040550,사근동,0,1168326.7093078103,6.948837170303144,4.61531577278212,10.839002997433274,0,40.19,0,9,987,8867,2093,11029,1205,0.0094399964599284,0.0010313895851132,7.703324702090504e-06,77.59684405948147
11040560,행당1동,0,573130.4000000659,9.285650151307252,10.32370892183263,2.354463464333024,0,80.32,0,9,1828,8626,3231,9568,1543,0.0166942810917584,0.0026922319946261,1.5703232632297874e-05,78.03617746252709
11040570,행당2동,0,457322.1761841619,14.596370472755924,3.5772771629744247,3.487846531107789,0,95.74,0,8,3435,13558,5858,2131,930,0.004659734670499,0.0020335773081014,1.749313813420563e-05,78.33850583316186
11040580,응봉동,0,553164.5845739627,10.960089650509843,2.020367004050708,1.7058094186609374,0,73.28,0,2,2460,8812,3669,1006,553,0.0018186269114762,0.0009997024672429,3.615560460191442e-06,85.31373392677851
11040590,금호1가동,0,445096.9507123839,10.66698426135301,4.487869518463097,3.0570107681802674,0,85.05,0,3,2104,8632,4009,2109,870,0.0047382935258871,0.0019546303307358,6.74010458874422e-06,81.78813545200363
11040620,금호4가동,0,831211.830733361,8.234000317662446,2.732980245180653,1.6312700550777406,0,85.6,0,4,2115,8371,3668,2271,943,0.0027321555300398,0.0011344881835436,4.812251043663275e-06,87.40174938207916
11040650,성수1가1동,0,1884441.4977924544,4.847735368141818,5.0097376007869165,12.658301420871132,0,69.16,0,4,1721,9794,3877,15977,2863,0.0084783741064032,0.0015192830360288,2.12264482854183e-06,77.48422561020013
11040660,성수1가2동,0,929378.449226402,7.900587053409004,10.89543295143871,2.5768628032107133,0,66.72,0,4,1339,7648,2956,28072,4557,0.0302051333588212,0.0049032770275059,4.303951746768488e-06,78.62711719194158
11040670,성수2가1동,0,1184060.9126513745,9.729921737301414,13.140093642042585,2.027222320471044,0,46.49,0,1,1299,8743,4563,17452,3164,0.0147391065893508,0.0026721598240147,8.445511453902596e-07,75.10276230018496
11040680,성수2가3동,0,1053696.7254850871,3.994258319388027,31.27483400130433,1.3640148320016106,0,67.17,0,3,944,6387,2716,62482,7704,0.059297897097139,0.0073114016714631,2.847119030943584e-06,63.36689284730603
11040690,송정동,0,681394.466015134,11.644212448897015,5.268690232653111,1.2458779318877198,0,34.92,0,1,857,6009,2854,2756,913,0.0040446468784475,0.0013398993468877,1.4675786931957765e-06,81.84121938656216
11040700,용답동,0,2375334.161802022,3.344467538709492,7.409071885235546,4.778252896566284,0,24.56,0,5,821,8046,3172,11442,2317,0.0048170064591128,0.0009754417030033,2.1049669896490493e-06,84.46820767948867
11040710,왕십리도선동,0,709747.3358944025,14.0738241282594,10.844767830017725,3.031861029755316,0,86.54,0,10,3606,16714,5949,10293,3148,0.0145023439741186,0.004435381213497,1.4089521008567652e-05,72.04954701196756
11040720,금호2·3가동,0,630718.9454332939,19.81756488931824,5.692012064322785,2.2443790402441897,0,68.77,0,2,2832,13347,5774,2969,1422,0.0047073264905865,0.0022545699796611,3.170984500226677e-06,72.24604400611479
11040730,옥수동,0,1920719.090109008,5.0244149957843165,1.428347638789639,1.2417565153020649,0,95.95,0,4,3896,15232,6274,4729,1361,0.0024620987130955,0.0007085887816711,2.0825533627367444e-06,92.30548085012398
11050530,화양동,0,1135446.812010598,12.825389829593837,9.780902410952068,9.00394415271564,0,28.52,0,4,916,19028,3249,16150,2999,0.0142234755772135,0.0026412509756076,3.522842248226275e-06,68.38976360673846
11050540,군자동,0,737460.1372972513,21.25785257265508,9.960494410457173,7.066679977656516,0,16.8,0,3,1578,12833,4659,9773,2286,0.0132522417220881,0.0030998285661202,4.068016490971494e-06,61.71497303923123
11050550,중곡1동,0,614033.6009455529,18.721074883459373,13.680945837036065,1.7721843792660823,0,10.82,0,3,1235,10124,3880,6454,1977,0.0105108254498717,0.0032196935101326,4.885726115527604e-06,65.82579490023848
11050560,중곡2동,0,545123.0428054762,28.165672426898748,12.794681114292796,2.391655357313434,0,5.88,0,4,2070,13139,5312,7667,2133,0.0140647145649927,0.003912878070579,7.337792912478289e-06,56.64799110149502
11050570,중곡3동,0,601404.2505817785,20.226503815679457,10.93161069073599,3.319578774913954,0,11.74,0,2,1442,9782,4503,5696,1537,0.0094711668472498,0.0025556852956852,3.3255501570399794e-06,65.52230671867059
11050580,중곡4동,0,2311686.975970048,9.807160700476192,2.5456921971902444,1.2099480749063165,0,4.16,0,3,2677,16666,8251,4421,1692,0.0019124561612091,0.0007319330071852,1.2977535588390547e-06,86.43719902742725
11050590,능동,0,1091266.620928269,9.917742423334545,3.769733653742507,0.833175545740582,0,1.39,0,4,924,7760,2413,6811,1146,0.0062413711455262,0.001050155826277,3.6654653622235847e-06,85.47934837718236
11050600,구의1동,0,594547.3377039409,26.466262533475053,12.128180938713715,2.295850031810833,0,16.86,0,1,2022,16006,5099,6825,2280,0.0114793214384617,0.0038348502387828,1.6819518591152747e-06,59.1097064960004
11050610,구의2동,0,1386971.8853216723,14.1277567350382,4.207775349455798,10.580601849865989,0,20.31,0,2,3452,15328,6830,5372,1652,0.0038731859360763,0.0011910839848097,1.441990296379895e-06,71.08386606564001
11050620,구의3동,0,1026770.2186114228,11.56886983972397,9.610457784507553,1.3650412649682115,0,66.32,0,2,3858,17322,6660,15629,3261,0.0152215166709685,0.0031759783648364,1.947855482880356e-06,77.45563111080027
11050630,광장동,0,2391913.4431120986,5.046589923701295,3.946926433433705,4.13399752059441,0,87.85,0,1,7792,20057,6122,12054,2088,0.0050394800174149,0.0008729412872376,4.1807532913679677e-07,86.87248612227059
11050640,자양1동,0,568431.369456211,26.602618117228456,11.964727977823951,2.1803766541652783,0,16.51,0,1,2101,14218,5514,10177,2067,0.0179036565303508,0.0036363228896762,1.7592273293063616e-06,59.25227725078231
11050650,자양2동,0,1656250.4546226012,9.201955730066771,4.64349379730419,2.143534142657677,0,38.85,0,2,2885,14363,6380,5573,1871,0.0033648292650499,0.0011296600672722,1.2075468383455636e-06,84.01101632997137
11050660,자양3동,0,1195503.3965950874,8.4265051515704,4.798802959918649,2.6633565212141144,0,82.56,0,4,4368,16089,6764,7030,1809,0.005880368069186,0.0015131701048588,3.345870878626476e-06,84.11133536729683
11050670,자양4동,0,1179121.316773601,12.86938379989771,7.444330326940854,1.2691951140545084,0,41.86,0,4,1692,12336,5855,5834,2084,0.0049477521243648,0.0017674177969106,3.392356615951251e-06,78.41709075910693
11060710,회기동,0,766332.5189408528,10.432773563016054,9.118081565755949,6.589171432681212,0,52.14,0,3,1011,7323,2060,11644,1318,0.0151944485090378,0.0017198800356331,3.914749701744549e-06,73.85997343854679
11060720,휘경1동,0,521397.6276853318,12.161444699682647,8.90504085307405,0.8920171420897349,0,70.63,0,4,1425,9274,3013,4043,1326,0.007754158794068,0.0025431646205625,7.671688146493293e-06,78.04149730515357
11060730,휘경2동,0,1112757.5054327354,12.753344167961348,5.470974992440477,4.2304582059190015,0,64.92,0,3,2811,15554,5799,5215,1197,0.0046865556731743,0.0010757060672655,2.696005181116602e-06,77.54522263367917
11060800,청량리동,1,1203482.1013895755,11.058870257106197,9.263556146864104,3.676542233735689,0,63.34,3,4,1544,9619,7579,7852,1796,0.0065244011447022,0.001492336278131,3.3236888154366783e-06,76.00103136229401
11060810,용신동,1,1617172.3870440316,12.473569435125157,17.07720731802596,2.0543778494513054,0,65.02,3,9,3883,25161,9366,28958,6720,0.0179065634757418,0.0041554011519091,5.565269399878331e-06,68.39484539739757
11060820,제기동,1,1180807.747504301,16.291278346343184,20.08403459641699,2.5260551597108187,0,40.15,3,7,1962,13427,7625,11403,4980,0.0096569488335457,0.0042174520030744,5.928145385847599e-06,61.098631897529
11060830,전농1동,1,1125837.1944873373,17.11187425463476,11.029820250974808,5.220013153769673,0,55.62,3,6,4034,19379,8744,7609,2708,0.0067585260437209,0.002405321136338,5.329367362639741e-06,66.63829234062075
11060840,전농2동,0,976821.1385074372,8.213191488406455,3.441000452713137,9.160002231763368,0,85.04,0,3,2542,9914,5502,4972,1234,0.0050899799399777,0.0012632814251674,3.071186608997044e-06,79.18580582711704
11060860,답십리2동,0,875076.2664751676,12.012774532152031,11.213332448168616,1.5852601019521264,0,84.26,0,2,3298,15810,8405,8740,2603,0.0099877008836099,0.0029745978718577,2.285515076340949e-06,75.18863291772723
11060870,장안1동,0,1341140.8014898573,13.73337334075092,15.014979600709005,2.1076318145367745,0,58.19,0,2,4601,22705,10080,22014,5980,0.0164143839150824,0.0044588905156806,1.491267730996858e-06,69.1440152440033
11060880,장안2동,0,995877.0812284732,15.068528193789785,13.732742071719668,2.7975726544396387,0,61.59,0,0,5336,19287,8069,11387,3477,0.0114341420387334,0.0034913947368645,0.0,68.40115708005091
11060890,이문1동,0,1038808.7971404,12.902719055634632,4.799357347384299,5.128466524405822,0,46.15,0,5,1697,11662,4405,6706,1503,0.0064554709378622,0.0014468495108271,4.813205292172833e-06,77.16945707257526
11060900,이문2동,0,723336.1432560202,12.810572717159996,9.808290950172363,1.8687649470673893,0,77.4,0,2,2578,11081,5741,2188,916,0.0030248730419037,0.0012663545275977,2.764966217462278e-06,75.51237138560026
11060910,답십리1동,1,787641.347694006,15.618002836738762,9.664233705745866,2.7545946956395206,0,81.92,3,6,4187,17373,6283,9453,3471,0.0120016553569155,0.0044068280698036,7.617680328096218e-06,71.96316876187585
11070520,면목2동,1,762536.3752363183,20.531257321978973,10.511117899938478,2.382616928719004,0,35.5,0,6,2281,14007,7315,5735,2198,0.0075209526865488,0.0028824854411568,7.86847709141987e-06,66.57500784936354
11070540,면목4동,0,842818.455418721,13.20220338212795,4.798591453437553,2.351213400798057,0,52.11,0,2,1945,10529,5681,5016,2463,0.0059514596146906,0.002922337526113,2.3729902769899e-06,79.64799176363644
11070550,면목5동,0,704395.2091784383,11.325138269279442,7.111440923769301,0.786586958924024,0,48.79,0,2,2168,8723,3707,3117,1067,0.0044250726855329,0.0015147746408288,2.83931516556491e-06,80.77683384802722
11070570,면목7동,0,1234524.0150640404,10.494277361467429,4.233787383149711,0.9216208719962158,0,49.43,0,2,2096,12443,6686,4536,1767,0.0036742906129112,0.0014313208802941,1.6200575894670224e-06,84.35031438338665
11070590,상봉1동,1,853561.8367980008,13.752896306231769,4.604280096686042,2.786321236882116,0,66.99,0,7,3235,13510,6449,6508,1750,0.0076245208248033,0.002050232243916,8.200928975664327e-06,78.85650236020007
11070600,상봉2동,1,676924.9459255502,16.403348216646506,16.850363440992666,1.1665640178487329,0,39.73,0,8,1389,14225,4690,9495,3249,0.0140266658172529,0.0047996458388894,1.1818149187785551e-05,65.5797243245121
11070610,중화1동,1,641000.9120395957,19.233904005591093,4.881041743746703,4.231912227367291,0,36.93,0,6,2064,10888,5754,3586,1391,0.0055943758153694,0.002170043714216,9.36036109654672e-06,71.65314202329492
11070620,중화2동,1,1016175.9160013152,18.85209003457373,6.835906747200449,1.989803581403592,0,13.51,0,7,1853,14167,7833,6025,2237,0.0059290915136517,0.0022013904922886,6.888571053205373e-06,72.32219963682223
11070640,묵1동,0,1237485.180428794,15.292632975855172,4.255150894234272,2.705577335444342,0,60.58,0,6,4659,19911,9130,6227,2120,0.0050319794519009,0.0017131518288148,4.848542911740154e-06,77.74663879446621
11070650,묵2동,0,668690.7559510663,18.065597264589265,6.678577498735981,2.7570175710215543,0,30.57,0,6,1816,10723,5522,4536,1788,0.0067834046748271,0.0026738817369027,8.972757506385124e-06,72.4988076656532
11070680,망우3동,0,961818.5318018144,13.850505926389442,4.196412052345498,1.9561631797850447,0,1.55,0,0,1424,8925,5310,3717,1309,0.0038645543593323,0.0013609635879381,0.0,79.99691884148001
11070690,신내1동,0,2604936.6339994743,5.4754667071178975,4.726381142466036,1.0360404105210614,0,87.59,1,7,6093,20597,11076,15285,3047,0.005867705110536,0.0011697021571346,2.6872054807819718e-06,88.762111739895
11070700,신내2동,0,910579.9236387472,5.458857541427184,3.363263301734019,2.6769944869773203,0,99.85,0,3,2438,10939,6310,6553,1594,0.0071965127165792,0.0017505327743365,3.294603715815328e-06,88.50088466986148
11070710,면목본동,1,848365.78313685,29.141772010141327,9.723761636063758,2.7087237581089245,0,12.3,0,5,2819,20438,9534,7104,3015,0.0083737464913413,0.0035538915641039,5.893684185910304e-06,58.42574259568599
11070720,면목3·8동,0,1613531.430220525,10.423584819508529,4.688036661220445,2.319361571354545,0,32.44,0,2,2142,14415,7835,7438,2413,0.0046097645578167,0.0014954775313272,1.2395172244734395e-06,82.56901694791648
11070730,망우본동,0,2945831.542387538,7.051761116404236,5.864877128926129,2.1533005013327235,0,60.39,1,5,4652,21288,10521,12164,3913,0.0041292245754487,0.0013283176392412,1.6973136202929736e-06,84.93006125333692
11080580,돈암1동,0,488925.34809077566,11.095543156974486,2.5897272934811384,2.756512531128955,0,92.68,0,1,1739,8136,4390,2164,625,0.0044260335619865,0.0012783137598158,2.045302015705439e-06,83.55821701841542
11080590,돈암2동,0,518117.1719194885,14.23838528624071,2.2456980900704786,3.774425044516599,0,94.46,0,4,4249,13659,5518,2852,940,0.0055045463739004,0.0018142614275828,7.720261393969716e-06,79.74149157917222
11080600,안암동,0,1378526.3863605345,9.069868282236484,7.088490873680119,11.048804608578838,0,35.17,0,9,1093,10841,2981,14041,1839,0.010185514139463,0.0013340332243054,6.528710722538819e-06,72.79283623550455
11080610,보문동,0,552588.386634134,17.816342342219734,9.907636515233277,2.972274605870041,0,60.1,0,10,1935,10426,3809,5597,1587,0.0101286963955043,0.0028719387492702,1.8096652484374383e-05,69.30374653667695
11080620,정릉1동,0,411654.233031389,20.7431554513967,7.683109851090101,1.4061200720597384,0,78.01,0,3,2847,10338,4592,2333,1084,0.0056673776503239,0.0026332779138238,7.287669503202632e-06,70.16761462545347
11080630,정릉2동,0,1094064.485333524,17.476598295985575,3.7810712093957872,1.7309923790768278,0,38.21,0,2,2836,13028,6685,3403,1332,0.0031104199483556,0.0012174785104936,1.8280458115519783e-06,77.0113381155418
11080640,정릉3동,0,3324627.606889553,6.5328668957861895,1.496834792007424,2.7671799828442345,0,13.49,0,1,1345,9013,4577,5881,896,0.0017689199198717,0.0002695038680845,3.007855670586126e-07,89.20311832936216
11080650,정릉4동,0,3568232.306668583,4.734637027611602,1.2228144538744998,1.2252755088807177,0,56.91,0,2,3161,13748,7118,5112,1474,0.001432642149008,0.0004130896963297,5.605016232425909e-07,92.81727300963318
11080660,길음1동,0,796710.2780428466,12.685117447656571,3.667915796555283,4.779751925757304,0,96.76,0,2,7905,20125,6722,4178,1576,0.0052440643921539,0.0019781343901471,2.5103228301359237e-06,78.86721483003083
11080680,길음2동,0,587556.5427815143,14.920478480439613,11.57629747976935,1.143726313068348,0,93.36,0,2,4068,12929,4682,5598,1539,0.0095275936736294,0.0026193223765122,3.4039277147657776e-06,72.3594977267227
11080710,월곡1동,0,801148.5144281337,14.062696187922905,7.718590675677441,3.731568603070587,0,74.75,0,2,4028,14516,7035,5543,1668,0.0069188170484063,0.0020820109754179,2.4964160376714324e-06,74.48714453332906
11080720,월곡2동,0,1363862.6449986238,8.434293912037965,5.190249343374352,2.389881074890389,0,59.32,0,3,2134,11495,5280,10384,1938,0.0076136699234359,0.0014209642056643,2.1996349932885145e-06,83.9855756696973
11080760,장위1동,0,708007.1947546556,29.782624200128176,5.592245426672425,2.0847118216708087,0,23.16,0,0,3197,13789,6385,3227,1481,0.004557863287071,0.0020917866526657,0.0,62.54041855152859
11080770,장위2동,0,679375.7924119356,21.05747467356701,7.510795696867621,2.2705957329307083,0,8.98,0,2,1255,7448,4416,3532,1360,0.0051988899801811,0.0020018375914627,2.943878810974578e-06,69.16113389663465
11080780,장위3동,0,652103.7834481776,16.41035999613815,5.360369064914216,2.1313858741037475,0,85.19,0,3,2783,9344,3400,2000,754,0.0030669964670252,0.0011562576680685,4.600494700537808e-06,76.0978850648439
11080810,성북동,0,2877749.923628326,12.906276932941852,2.7480695366612307,1.7314031083797987,0,10.83,0,3,1678,9981,4266,7480,1764,0.002599252957513,0.0006129789060231,1.0424811326924174e-06,82.61425042201712
11080820,삼선동,0,925528.3519526154,18.977874640417348,9.001543057943548,4.815646035421562,0,44.49,0,7,2474,14047,5677,10727,2472,0.0115901365714545,0.0026709068336567,7.563247506309508e-06,67.20493626621754
11080830,동선동,0,724236.3137330249,16.838221963636055,13.1039976209446,6.483988068399032,0,26.28,0,5,1238,10766,3002,10928,2601,0.0150889976001362,0.0035913692128435,6.903823938568912e-06,63.57379234702032
11080840,종암동,0,1403462.327063302,14.907868664561944,6.677419290018386,3.195755167643329,0,65.65,0,3,5501,22123,10059,8511,2698,0.0060642881791835,0.0019223886156076,2.1375707364058883e-06,75.21895687777635
11080850,석관동,0,1703758.6633156778,13.71530794316904,5.474183108551004,3.9774585244295655,0,45.55,0,7,3633,19439,10718,9303,2576,0.0054602803790537,0.0015119512261036,4.108563114412133e-06,76.83305042385038
11090600,번1동,0,626560.6523036485,24.744013379880386,13.145114506012831,2.7149723763940754,0,24.88,0,2,1341,10779,5254,9154,2252,0.0146099183952866,0.0035942250629435,3.1920293631825843e-06,59.39589973771271
11090610,번2동,0,973558.5116256434,10.863768256883942,3.424302833868357,1.790709140469602,0,39.8,0,1,1331,7875,5669,3306,717,0.0033957897347594,0.0007364734542717,1.0271596293888214e-06,83.9212197687781
11090620,번3동,0,1080354.8515131683,4.45323175630265,2.87732423310334,1.523617762583542,0,94.81,0,0,1794,8200,6360,2933,832,0.0027148487331406,0.0007701173358244,0.0,91.14582624801048
11090630,수유1동,0,1648718.7929156155,11.052829216892258,4.011218461993173,2.4153985717772035,0,10.14,0,3,1918,11372,6570,5823,1753,0.003531833339309,0.0010632498443772,1.819594713708919e-06,82.52055374933737
11090640,수유2동,0,581177.02928687,24.75881480604317,9.462752879794497,2.642537786163321,0,36.42,0,2,2065,11202,7255,4118,1659,0.0070856207186683,0.0028545519116733,3.4412922383041805e-06,63.13589452799901
11090650,수유3동,0,745080.9524737196,25.915099930871584,14.725169038155986,2.121055223671195,0,15.97,0,3,1594,14392,7009,8885,2992,0.0119248787267771,0.0040156710355112,4.026408123841485e-06,57.238675807301234
11090690,삼양동,0,923394.3216598168,21.18397065433228,5.185458181705592,2.9992743621079043,0,39.32,0,4,2574,12641,7193,3522,1301,0.0038141884970994,0.0014089322074748,4.331843835433831e-06,70.63129680185422
11090700,미아동,0,840567.7338097914,20.65726805736381,9.352659596012938,4.010190990332415,0,17.62,0,4,1701,12396,6756,6790,2088,0.0080778737117878,0.0024840353917839,4.758688490007585e-06,65.97988135629083
11090710,송중동,0,1074979.9840741851,22.830877074568555,9.786968420833384,2.6987730537599184,0,35.53,0,2,3127,16570,8926,8670,2670,0.0080652664499481,0.0024837671766276,1.860499757773512e-06,64.68338145083814
11090720,송천동,0,929209.3075045171,27.45931710550702,11.40052905439012,3.314460148234624,0,18.23,0,4,2087,13633,9035,6849,2304,0.0073707828199869,0.0024795274663819,4.304735184690891e-06,57.82569369186824
11090730,삼각산동,0,621441.3168800542,11.72598313451065,3.7695898868235695,2.998527726975925,0,99.29,0,2,6041,17641,6924,3210,1465,0.0051654112991137,0.0023574229137699,3.2183247969555933e-06,81.50589925168985
11090740,우이동,0,10579790.15684463,2.085497872162538,1.015975491510574,0.2451849561195684,0,12.72,0,4,2069,10840,6906,5267,1385,0.0004978359610079,0.0001309099688619,3.780793324533385e-07,96.65334168020732
11090750,인수동,0,2995754.95050948,9.53974910005094,3.123227378393476,1.8644041230998936,0,7.74,0,3,3074,15778,10221,6251,1932,0.0020866192673456,0.0006449125619119,1.0014170216024457e-06,85.47261939845569
11100510,쌍문1동,0,1174885.560468361,15.842038545104051,3.1520086175567315,5.296168327509238,0,28.13,0,3,2289,11569,6785,4217,1118,0.0035892857499099,0.0009515820413562,2.553440182530232e-06,75.70978450982997
11100520,쌍문2동,0,540781.8048788009,23.112380261386235,8.887883653262193,3.709125712192167,0,44.36,0,1,1922,10071,5917,4733,1370,0.0087521435766006,0.0025333692583863,1.849174641157956e-06,64.29061037315941
11100530,쌍문3동,0,504422.9298473836,24.23466598121623,10.505956122026683,2.6246276061508977,0,37.04,0,1,1590,9766,5096,4645,1227,0.0092085425246494,0.0024324826001603,1.9824634068136667e-06,62.63475029060619
11100540,쌍문4동,0,554447.0182321169,11.768072372339232,2.334799615933359,3.826085693104292,0,88.59,0,1,2733,10152,5174,1992,796,0.0035927688930777,0.0014356646781575,1.8035988419065109e-06,82.07104231862311
11100550,방학1동,0,1040065.5393087548,14.962419150449357,9.835101892975256,4.301884209538561,0,54.32,0,1,3236,15430,9089,13212,2545,0.0127030456260034,0.0024469611806069,9.614778705724662e-07,70.90059474703682
11100560,방학2동,0,1091985.6081384963,15.977851667125382,4.10904289078741,1.8934767490512607,0,4.49,0,1,1901,9974,6670,3233,1292,0.0029606617302234,0.0011831657765074,9.157629849129042e-07,78.01962869303594
11100570,방학3동,0,1949549.809847569,4.63884471028735,1.5535135734975096,1.2917363062146132,0,95.51,0,2,4026,13778,8278,2995,1125,0.0015362521054123,0.0005770563000296,1.025877866719454e-06,92.51590541000051
11100590,창1동,0,1121318.0350163437,9.809905644202004,3.6002266453782608,2.305456213512074,0,80.91,0,4,3064,13906,7072,3287,1383,0.0029313717405096,0.0012333699778292,3.567230593866285e-06,84.28441149690767
11100600,창2동,0,653945.3199284887,25.29214716209066,10.40687181000013,2.0633379664853977,0,33.77,0,1,3397,16574,8212,4298,1667,0.0065724149542109,0.0025491427940134,1.529179840439965e-06,62.23764306142381
11100610,창3동,0,654987.2585619986,17.428023223730584,5.918990029053468,2.912755238143709,0,28.69,0,0,1413,7335,4445,2107,1028,0.0032168564692291,0.0015694961795764,0.0,73.74023150907223
11100620,창4동,0,1139307.1425799911,5.769063779887103,6.335551144423275,2.6961255247785787,0,99.16,0,3,3711,15405,7057,8554,1779,0.0075080719502505,0.0015614753331185,2.633179313859201e-06,85.19925955091104
11100630,창5동,0,700942.9110056368,12.591791728634409,11.013933855967643,3.097632535486685,0,79.97,0,3,2882,14012,6987,7116,1847,0.0101520393289793,0.0026350220124543,4.279949126888417e-06,73.29664187991126
11100640,도봉1동,0,8445069.216864066,2.251522123305125,1.1259367353086132,0.6594454183692203,0,15.78,0,4,1629,10215,8202,7132,1767,0.0008445164647969,0.0002092345195311,4.736491670201604e-07,95.96309572301703
11100650,도봉2동,0,1118179.2149436572,9.053288898208129,5.886224031775676,3.466968762667557,0,90.28,0,5,2821,13636,9527,7747,1681,0.0069282275116525,0.0015033368332371,4.471555125630934e-06,81.59351830734863
11110510,월계1동,0,1140714.9239171862,10.679102675973663,5.787521174299962,3.888570717088587,0,61.21,0,6,2382,12130,6039,6394,1588,0.0056052567261828,0.0013921094277726,5.259859298889115e-06,79.64480543263778
11110520,월계2동,0,2003257.4518270672,4.444101614958358,1.4412630219019094,2.929174496483354,0,94.61,0,2,3246,13638,8607,3696,988,0.0018449950088095,0.0004931967177229,9.9837392251601e-07,91.18546086665636
11110530,월계3동,0,1133290.9990217355,6.44587974130955,6.73367727432963,2.0948729467462126,0,99.35,0,9,3605,16109,9004,4438,1148,0.0039160286314739,0.0010129790150815,7.94147311475115e-06,84.7255700376146
11110560,공릉2동,0,6978055.84259063,2.4771496082790145,1.1944903358407308,2.909648252509953,0,84.94,0,4,7058,25309,9099,12302,2402,0.0017629552238457,0.0003442219515263,5.732255645734776e-07,93.4187118033703
11110580,하계1동,0,1525890.4777610328,6.078836690444744,3.336446477733096,6.695748297924537,0,88.61,0,1,3724,15333,7083,8724,1468,0.0057173172826556,0.0009620611841974,6.553550301072491e-07,83.88896853389762
11110590,하계2동,0,499641.4303040422,11.02973854146162,1.958281559446084,3.456255115580125,0,100.0,0,2,3682,12345,5283,1545,719,0.0030922175509523,0.0014390319864949,4.002870616119503e-06,83.55572478351218
11110600,중계본동,0,2181556.3382772817,6.521974014626096,1.761908988370026,1.561156304519286,0,81.99,0,0,5337,13457,4272,6001,1547,0.002750788459908,0.0007091267701179,0.0,90.1549606924846
11110610,중계1동,0,622972.9598422882,9.45892893670072,5.020124691710212,4.067624412785388,0,99.93,0,0,6898,15285,4143,4220,1273,0.0067739697739057,0.0020434273749246,0.0,81.45332195880368
11110640,중계4동,0,1518104.798449378,3.624250555943992,2.2080976423586587,2.177078512191866,0,94.99,0,1,2801,10573,5745,4143,1279,0.0027290606051732,0.0008424978310443,6.587160524193273e-07,91.99057328950548
11110650,상계1동,0,5398483.701445269,2.723548759999715,1.8222964270719144,1.4316589784451583,0,80.94,0,3,4727,20735,11382,9184,2603,0.0017012184361183,0.0004821724291393,5.557115971640871e-07,94.0224958344832
11110660,상계2동,0,622648.9470855747,13.75778334254137,14.761341324190516,4.134994295682208,0,64.89,0,3,2262,11292,5548,10794,3198,0.0173356111021306,0.0051361204655006,4.818124264071886e-06,67.34588103758591
11110690,상계5동,0,906196.8807098538,13.400286033058324,5.434379384180177,2.1207948878417686,0,55.68,0,3,2537,12852,7623,5867,2527,0.0064743105221675,0.0027885772438243,3.3105388727633845e-06,79.04453969491973
11110720,상계8동,0,665840.2223766204,8.097118866907255,1.9803423651498115,4.483360360108374,0,100.0,0,2,3642,13791,4410,2054,733,0.0030848241529141,0.0011008647050078,3.0037236153010583e-06,85.43917840783456
11110730,상계9동,0,718895.6152777761,7.040533131555675,2.0979945261141784,3.3978782574749107,0,100.0,0,1,2761,11547,5357,2626,841,0.003652825172607,0.0011698499505569,1.3910225333613934e-06,87.46359408485523
11110740,상계10동,0,808596.8881865293,5.452732241118033,1.7253132875095305,2.6233019228358976,0,100.0,0,3,2697,11122,4366,2382,665,0.0029458436394836,0.0008224122671102,3.710130528316912e-06,90.19865254853654
11110760,상계3·4동,0,5207882.552876804,3.892329847352189,0.945027047554705,0.7130987538191891,0,63.24,0,3,3585,14837,9069,5383,1713,0.0010336254601241,0.0003289244683619,5.760498570262605e-07,94.44954435127391
11110770,상계6·7동,0,1449188.0867129304,6.971445655540194,5.559904828290225,4.455133758359127,0,100.0,0,5,4529,19015,7856,15738,2525,0.0108598739833616,0.0017423549248944,3.4502077720681318e-06,83.01351575781045
11110780,중계2·3동,0,918380.4956780896,8.844448896923508,4.561262497058807,4.7747499534071824,0,99.58,0,3,4195,17844,10461,5458,1758,0.0059430704654835,0.0019142392594943,3.266619896747996e-06,81.8195386526105
11110790,공릉1동,0,1262293.2058036237,12.802901590812471,8.732059068582519,2.539966490413067,0,67.48,0,6,3929,21951,10104,13451,3539,0.0106560028510412,0.0028036275436647,4.753253818024505e-06,75.92507285019194
11120510,녹번동,0,1792888.489674982,13.402160208540051,5.478039127273439,1.6930304203935704,0,40.8,0,4,4215,21361,10535,10719,2606,0.005978620567687,0.0014535204029659,2.2310366891266152e-06,79.42677024379293
11120520,불광1동,0,3122614.023352136,8.327404471204444,2.506389857078788,0.9248388348989202,0,55.51,0,5,4221,21613,11605,6853,2257,0.0021946356317907,0.0007227918606379,1.6012225534734749e-06,88.24136683681785
11120550,갈현1동,0,960364.3933502928,23.794549794955323,6.441881779671876,1.312582568520579,0,19.98,0,2,1417,8626,4439,4635,1574,0.0048262930529756,0.001638961222305,2.0825428491804518e-06,68.45098585685221
11120560,갈현2동,0,984441.1117190326,22.665915148721176,6.851330399545678,3.885986250781986,0,16.3,0,3,3291,16408,7742,6370,2117,0.0064706765332179,0.0021504587473818,3.047414379851448e-06,66.59676820095116
11120570,구산동,0,1388754.7637064273,16.216243957773973,2.574465528977586,3.7738106773822007,0,27.3,0,1,3817,18214,9422,6221,1733,0.0044795525909499,0.0012478805079756,7.200695372046205e-07,77.43547983586623
11120580,대조동,0,851064.6931701804,22.643960438433155,10.658308938264751,2.5878534840094183,0,32.57,0,6,2348,17650,7371,7897,3175,0.0092789655866127,0.0037306212153343,7.0499928478759365e-06,64.10987713929268
11120590,응암1동,0,1109043.8321867322,15.444328566311308,6.10480792198246,2.541785069437016,0,58.12,0,3,4868,19951,7839,8179,2515,0.0073748212311856,0.0022677192072908,2.705032851639206e-06,75.90907844226922
11120600,응암2동,0,754690.319204595,16.409028929852813,3.979994380156816,1.0399235321870428,0,81.77,0,2,5323,16139,5882,2969,1257,0.0039340639788381,0.001665583840148,2.6500936199650696e-06,78.57105315780333
11120650,신사1동,0,807720.0252850907,22.38585563172346,5.181863617649981,1.803489928995396,0,31.87,0,2,2997,15674,7801,5376,1735,0.0066557715936731,0.0021480215243718,2.476105503598632e-06,70.62879082163116
11120660,신사2동,0,1045454.2596176866,14.620552294167949,2.6018113505809946,2.781744231929399,0,37.29,0,1,2189,10978,5767,3442,1146,0.0032923487262137,0.001096174212737,9.56522000643171e-07,79.99589212332165
11120670,증산동,0,807136.3723603964,17.95512441301311,5.739482703385292,1.9796655594826296,0,56.01,0,6,2404,10657,5197,4121,1234,0.0051057047372273,0.0015288618407518,7.433688042553717e-06,74.32572732411897
11120680,수색동,0,1288994.080472962,5.077715289340566,3.912991480768203,0.951664293692391,0,90.07,0,4,3210,12695,4536,2820,755,0.0021877524828844,0.0005857280583609,3.103195011183662e-06,90.05762893619884
11120710,진관동,0,11556755.591425097,2.804914416100408,1.2649376268277388,0.7771772584382051,0,96.92,0,2,10417,31126,12839,13796,3028,0.0011937606442265,0.0002620112518641,1.7305895103312849e-07,95.15297069863364
11120720,불광2동,0,1395058.3164333142,18.9030373231552,3.6555730809897815,2.73486379394214,0,10.49,0,3,2246,15607,8885,4616,1734,0.0033088222517954,0.0012429587921606,2.1504477373020986e-06,74.70652580191287
11120730,응암3동,0,752218.7382589733,24.47994969087337,11.1045655099249,3.223450398836161,0,14.83,0,3,1975,13444,8025,5664,2203,0.0075297246822568,0.0029286693988368,3.988201632551302e-06,61.19203440036557
11120740,역촌동,0,1156690.8217913862,29.63868614429097,7.841630218642185,2.177990085928293,0,12.82,0,3,4875,26083,12846,8363,3172,0.0072301083767361,0.0027423058437172,2.5936057790515825e-06,60.34169355113856
11130520,천연동,0,982085.8037135936,7.820380860198512,4.310538707990881,3.191697446628298,0,85.34,0,2,2274,9566,4746,3110,1068,0.0031667294122452,0.0010874813544301,2.036481937135196e-06,84.6773829851823
11130620,홍제1동,0,1234716.3205751714,12.12305157700129,3.1834141910063103,1.517110295664139,0,65.87,0,2,3208,14494,7000,4828,1478,0.0039102099158386,0.0011970360927111,1.619805267538811e-06,83.17642393632826
11130640,홍제3동,0,1191622.6020923266,10.51749038850068,3.8945099924366207,1.9916590354530608,0,59.17,0,1,2105,10072,5513,4003,1415,0.0033592850563069,0.0011874564962963,8.391918701741177e-07,83.59634058360965
11130650,홍제2동,0,699457.7423128673,9.249663885213591,2.811000522216038,0.912807222305684,0,82.34,0,2,1524,7519,4140,1994,760,0.0028507797960431,0.0010865559904678,2.859357869652127e-06,87.02652837026469
11130660,홍은1동,0,1613942.233830091,9.50665278792919,1.908503410848263,1.008438758618675,0,72.92,0,2,2754,12700,6722,2738,1227,0.0016964671613341,0.0007602502582019,1.2392017248605931e-06,87.57640504260388
11130680,홍은2동,0,2073551.3296412888,12.337773061028908,3.1181906153161703,1.8925013714524703,0,35.24,0,2,3667,16974,7883,6424,1941,0.0030980665431997,0.0009360752117606,9.64528811706022e-07,82.65153495220245
11130690,남가좌1동,0,475186.4455984536,9.77503041859725,5.237623615571773,2.379760028676766,0,97.58,0,1,3809,9586,3299,2825,926,0.0059450348933726,0.001948708782748,2.104437130397412e-06,82.60758593715421
11130700,남가좌2동,0,783220.5066193886,19.95098967435463,6.9793591294272845,4.3041981712264334,0,67.39,0,0,4682,17371,7028,5530,1785,0.0070605914339481,0.0022790516653883,0.0,68.76545302499164
11130710,북가좌1동,0,577555.0412676766,15.583876083629544,3.740830543373488,2.822681543123582,0,79.09,0,4,3067,9973,4528,3269,877,0.0056600666020822,0.0015184699938899,6.925746836442004e-06,77.85261182987338
11130720,북가좌2동,0,824237.078308568,30.71267035271274,6.479789247230864,1.5582948179838,0,18.77,0,2,3322,17908,9444,4951,2042,0.0060067669002466,0.0024774425389423,2.4264863260943948e-06,61.2492455820726
11130730,충현동,0,1115171.262562828,16.504758364591293,8.152002656547126,4.319782901985068,0,48.4,0,5,2308,12313,5061,23250,2540,0.0208488155858317,0.0022776770575489,4.483616255017572e-06,71.02345607687651
11130740,북아현동,0,458603.463849287,18.79075154450988,7.68392203441204,4.338740864420019,0,79.37,0,5,2248,9743,3450,2760,1017,0.0060182711590831,0.0022176020901404,1.090266514326666e-05,69.18658555665806
11130750,신촌동,0,2718268.2848514514,5.778155438266022,8.521381640335173,8.025158135190761,0,28.93,0,7,1345,15940,2955,36521,4969,0.0134353920116687,0.0018280020510386,2.5751689187503382e-06,77.67530478620805
11130760,연희동,0,2927088.2460902976,15.777386245725324,4.10925786787364,2.162543991898369,0,29.98,0,4,3333,22326,8331,12974,3139,0.0044323911372624,0.0010723967766199,1.3665457491174451e-06,77.95081189450266
11140590,용강동,0,790015.9806621224,9.325521875123632,9.36949365733262,1.7455952360680045,0,83.56,0,6,4036,12837,4373,18811,3282,0.0238109107413196,0.0041543463427255,7.594783076280782e-06,79.55938923147573
11140600,대흥동,0,847570.4840706903,10.427699642597087,9.6535946210724,6.605879716931326,0,57.2,0,5,1412,10124,2875,9443,1910,0.0111412563053587,0.00225349989868,5.89921439445028e-06,73.31282601939918
11140610,염리동,0,501459.5502321295,15.285165619826564,7.432469941528638,5.147768405271659,0,72.82,0,9,2971,10779,3091,5196,1025,0.0103617530017946,0.0020440332615164,1.794760912551043e-05,72.13459603337314
11140630,신수동,0,797289.6461760341,13.26051045589424,6.139744708327815,2.6714882507545705,0,69.9,0,4,3232,13945,4915,6817,2068,0.0085502176437512,0.0025937876026518,5.0169972971989e-06,77.92825658502338
11140660,서교동,0,1677742.208858603,13.804856736156385,22.718522638795623,1.2704933207403564,0,29.96,0,9,1637,17804,4620,65165,12668,0.0388408896524958,0.0075506236494716,5.364352134926147e-06,62.20612730430764
11140680,합정동,0,1711131.480088621,8.680374885084182,5.296643421630511,1.2463557627814392,0,17.75,0,4,1359,11255,3724,14003,3760,0.0081834740128753,0.0021973764399351,2.337634510569264e-06,84.77662593050387
11140690,망원1동,0,1100198.2831516492,14.02065092255898,5.65209044086113,0.6566479950021352,0,21.63,0,1,1832,12535,4792,6576,2715,0.0059771044007653,0.0024677369902794,9.089270682429092e-07,79.67061064157775
11140700,망원2동,0,675915.0220603489,17.125268917923396,7.899173134870033,1.519135471402987,0,42.84,0,2,2215,11184,4523,4873,1851,0.007209486164509,0.0027385099303316,2.9589518426058017e-06,73.45642247580358
11140710,연남동,0,646962.683424097,26.5412372921656,10.275834803539537,1.8560508031309373,0,15.54,0,4,1136,9860,3231,9158,3042,0.0141553759351143,0.004701971346868,6.182736813764717e-06,61.32687710116392
11140720,성산1동,0,858622.7767544005,20.289526550386245,7.503786902534869,3.1383977065127104,0,10.37,0,3,1967,12229,4370,13021,2510,0.0151649832177383,0.0029232860668553,3.4939674105840517e-06,69.06828884056617
11140730,성산2동,0,1977273.225923417,7.500124820674767,4.633447974110359,1.9532858793273755,0,75.67,0,6,4754,24915,9029,12736,3261,0.0064411937778541,0.001649240963378,3.034481993335829e-06,85.9131413258875
11140740,상암동,0,8396291.145079477,1.2732965452355325,2.9088370424747425,0.7507074622815395,0,90.72,0,5,5608,17893,6160,48844,3648,0.0058173304326834,0.0004344775493086,5.955010270128879e-07,95.06715895000818
11140750,도화동,0,624554.4931728917,14.210631404437429,10.810126601123038,1.7820226291793404,0,83.36,0,5,2723,12367,5550,20594,2893,0.0329739041585428,0.0046321018126961,8.005706554953602e-06,73.1972193652602
11140760,서강동,0,1477486.1303479704,9.551228836794202,5.264766966521655,2.896138191672708,0,70.13,0,7,3263,16280,5029,10953,2581,0.0074132675596394,0.0017468861107851,4.73777713114912e-06,82.28786600501144
11140770,공덕동,0,1018450.1657506932,17.638950167251284,10.216825422994733,2.090039276518605,0,63.75,0,8,4001,23384,9096,20775,3352,0.0203986416797162,0.0032912754228837,7.855072608314321e-06,70.05418513323538
11140780,아현동,0,743782.7088935665,10.428381756468823,8.019669931746416,3.411484387273086,0,96.64,0,9,4957,18284,5541,14420,2322,0.019387382668867,0.0031218795115887,1.2100308184452395e-05,78.14046392451168
11150510,목1동,0,1432068.1548850827,5.675076424947573,8.55874345837938,2.09863382624081,0,95.24,0,3,7465,17363,5445,22047,3688,0.0153952169976262,0.002575296425239,2.094872363263876e-06,83.66754629043223
11150520,목2동,0,1020612.2424162788,20.858571656998883,4.86330787818454,1.264922774620913,0,27.35,0,2,3551,18391,6930,5053,1886,0.004950949822028,0.0018479104223916,1.9596080831300285e-06,73.01319769019567
11150530,목3동,0,531463.9500147799,26.821875329979296,9.636515975415108,2.832884042924223,0,30.91,0,2,2381,13250,5593,4993,1798,0.0093948046706972,0.003383108110938,3.7631903347475376e-06,60.70872465168137
11150540,목4동,0,577073.8617576781,26.42238347951704,8.963230121053783,3.3571235875481285,0,37.65,0,1,3984,15199,5275,4587,1895,0.0079487225187244,0.0032838084091961,1.73288042701644e-06,61.25726281188105
11150570,신월1동,0,621951.4510105938,25.952080841795016,11.314724130376584,2.151300655771537,0,21.49,0,0,1841,10919,6672,4824,1865,0.0077562324070215,0.0029986263348041,0.0,60.58189437205687
11150580,신월2동,0,606373.1224224624,19.91689144315244,6.750168444074396,3.805453949456857,0,55.23,0,4,2991,11662,6120,4424,1286,0.0072958378865031,0.0021208064019084,6.596598450726217e-06,69.5274861633163
11150590,신월3동,0,917379.760310372,13.328234306470128,5.717070599616338,4.14416448307835,0,25.16,0,0,1565,8011,4710,5029,1183,0.0054819173231418,0.0012895422933539,0.0,76.81053061083519
11150600,신월4동,0,469534.5188639525,20.205466360428847,7.097239821509098,3.5146855624149653,0,55.56,0,0,2650,9602,5192,3339,1225,0.0071112982449249,0.0026089668613456,0.0,69.1826082556471
11150610,신월5동,0,637843.5041681058,16.735883907335104,7.960281569710935,3.327503734257363,0,30.91,0,0,1823,8154,4010,3740,1112,0.005863507232576,0.0017433743429477,0.0,71.9763307886966
11150620,신월6동,0,443965.829853491,11.51922462554634,6.084179036573543,2.698432388562028,0,86.89,0,0,2650,8066,3156,2854,994,0.0064284226578372,0.0022389110448108,0.0,79.69816394931809
11150630,신월7동,0,1229742.6291137673,9.397942310592509,3.154548114276648,2.124571691066626,0,39.71,0,0,1856,10315,6493,5395,1338,0.0043870968381767,0.0010880325429991,0.0,85.32293788406422
11150640,신정1동,0,747026.4143278865,10.537520797715215,7.512120918022777,2.156715346638224,0,89.97,0,3,4413,11056,4248,5868,1503,0.0078551439244634,0.0020119770481371,4.015922251770704e-06,79.79364293762379
11150650,신정2동,0,525516.3905447104,11.534518827759358,8.686610565681455,3.5723946463456584,0,87.37,0,2,3950,10557,4267,4036,1456,0.0076800649276415,0.0027706081602195,3.805780439862007e-06,76.20647596021352
11150660,신정3동,0,2754548.01680671,7.79254419481831,3.132133638592103,1.8954275919803567,0,89.65,0,1,8456,28788,12317,8930,2582,0.0032419111758015,0.0009373588640447,3.630359659352204e-07,87.17989457460924
11150690,신정6동,0,940200.9858627926,6.512262518430322,3.640849603836463,2.030341544159327,0,100.0,0,4,5301,13802,4858,6671,995,0.0070952914326156,0.0010582843614829,4.254409493398673e-06,87.81654633357388
11150700,신정7동,0,1233234.5357700682,6.423179857743184,5.684702605820409,2.640516607721555,0,98.16,0,1,4860,15501,7912,7130,1448,0.0057815442181806,0.0011741481105085,8.108757669257629e-07,85.25160092871485
11150710,목5동,0,1765073.5205782815,8.696450952902467,4.080019968092743,3.4111339818272857,0,100.0,0,2,10213,22727,7765,10499,2284,0.0059481941559583,0.0012939970904094,1.133097277066068e-06,83.8123950971775
11150720,신정4동,0,996421.2101886552,24.34687090562661,12.477886658387504,2.9021483195427327,0,19.01,0,5,3163,19589,9000,16820,4149,0.0168804114443194,0.0041639017290416,5.017958217693055e-06,60.273094116443154
11160510,염창동,0,1733196.0007027274,7.521611093702941,6.08455981230645,1.520461677337235,0,90.07,0,4,7798,26080,7481,16080,2956,0.0092776581491,0.0017055197443246,2.3078751614676668e-06,84.87336741665337
11160520,등촌1동,0,650269.1672525492,13.82598839442981,17.4685995134094,1.8718474390484408,0,72.36,0,3,2378,17903,4653,19441,2881,0.0298968503794223,0.0044304730180091,4.613474159676306e-06,66.83356465311235
11160530,등촌2동,0,910005.5269936752,15.382481732618976,4.143125676715425,3.291373679437831,0,39.91,0,1,2376,11804,5170,3858,1108,0.0042395346901936,0.0012175750224817,1.0988944246225015e-06,77.18301891122778
11160540,등촌3동,0,1059596.5790403178,6.883329996528127,10.735555184259155,5.419110141433933,0,97.97,0,2,3052,15918,10437,22632,3186,0.0213590723559001,0.0030068047245447,1.8875108126458236e-06,76.9620046777788
11160550,화곡본동,0,972031.8907713532,26.267240233114432,6.097427372553939,2.3729533445071933,0,9.27,0,1,3602,21542,7809,4602,1851,0.0047344125677818,0.0019042585099878,1.0287728308956663e-06,65.26237904982443
11160570,화곡2동,0,454291.5865664552,31.860610938309,9.180794342095975,3.254711469823984,0,5.6,0,3,2092,10475,4486,2582,1132,0.0056835743304382,0.0024917916894097,6.60368822281747e-06,55.70388324977104
11160580,화곡3동,0,521482.3815115427,25.659235693947167,8.260902888765164,2.3176477609339097,0,54.84,0,2,2563,12315,6230,4628,1554,0.0088747005919869,0.0029799664476982,3.835220653408363e-06,63.76221365635376
11160590,화곡4동,0,851431.6652886255,19.81866593627939,7.728098901255518,2.2919202930768634,0,10.51,0,2,2041,11751,5929,4053,1752,0.0047602176019357,0.0020577106436199,2.3489847529907563e-06,70.16131486938824
11160610,화곡6동,0,1037160.7448248954,15.027018811328617,8.490758341427512,2.0158531763571763,0,41.61,0,0,2819,16721,6411,13049,2190,0.0125814634471894,0.0021115338301283,0.0,74.46636967088669
11160630,화곡8동,0,592893.632388941,32.04391052701339,7.335406805483662,1.8625704585905083,0,8.3,0,2,2350,14516,6624,3613,1581,0.0060938417998878,0.0026665828634438,3.373286354767693e-06,58.75811220891244
11160640,가양1동,0,4967111.377800222,1.731368712113658,9.566450360974926,3.9300408340906094,0,85.29,0,0,3023,25252,5598,77654,9365,0.0156336337346705,0.0018854016525251,0.0,84.7721400928208
11160650,가양2동,0,823278.047801683,3.961692665797388,2.5714505583590936,3.1022718732929326,0,100.0,0,1,815,6515,6128,3368,766,0.0040909629607546,0.0009304268491502,1.214656461031669e-06,90.3645849025506
11160660,가양3동,0,472283.6424196507,8.0815649932082,8.896850087394158,3.634530848589216,0,100.0,0,2,1026,7837,5253,7209,1006,0.0152641322975182,0.0021300758900406,4.23474332016043e-06,79.38705407080843
11160670,발산1동,0,2885594.7091239244,5.943144663234111,9.923912934405204,2.1165760192563834,0,76.14,0,3,7198,20542,7913,35989,6432,0.0124719524492064,0.0022290032552528,1.039647040696305e-06,82.0163663831043
11160690,공항동,0,10853939.253527034,1.7326555109487516,1.404666525108981,0.544443821464104,0,49.33,0,12,5075,17823,6563,34783,2480,0.0032046429584231,0.0002284884724402,1.105589382775428e-06,96.31823414247816
11160700,방화1동,0,1474547.8069130369,15.85445130295826,7.292504444356247,2.994306818120494,0,74.17,0,9,7404,23936,10659,12672,3289,0.0085938210619585,0.0022305143207687,6.103566095141023e-06,73.858737434565
11160710,방화2동,0,6153142.828359423,3.157410689404537,3.0571654774924246,0.9671557863585936,0,54.1,0,10,2252,13265,7181,11494,2292,0.0018679884931333,0.0003724925723213,1.625185743112352e-06,92.81826804674444
11160720,방화3동,0,2557074.204477931,3.0967045352251104,1.6715605981502284,1.5175655299904447,0,91.68,0,0,2420,11828,7744,4612,1042,0.0018036238416176,0.0004074969737566,0.0,93.7141693366342
11160730,화곡1동,0,1196882.0128629426,27.86893254600568,11.597887796159842,2.1871955233861207,0,32.51,0,3,4174,33650,12950,10246,3869,0.0085605764727017,0.0032325659157605,2.5065127286848707e-06,58.34598413444836
11160740,우장산동,0,1260677.9668300026,15.2675991189809,4.993604473051118,2.487057120202942,0,72.11,0,2,8548,25758,9402,7141,2370,0.0056644124731548,0.001879940843212,1.5864479689552847e-06,77.25173928776505
11170510,신도림동,0,1391772.8367334749,7.529319290193635,8.408680239807174,2.3133324406842446,0,95.21,0,4,6565,21914,7519,17291,3437,0.0124237228544121,0.0024695122000239,2.8740322374442644e-06,81.74866802931496
11170520,구로1동,0,1008158.1865774865,5.366033408301248,4.601231588398115,1.7390396352633526,0,98.44,0,2,3467,12505,4538,2888,1023,0.0028646298154613,0.0010147217109477,1.9838156616768623e-06,88.29369536803728
11170540,구로3동,0,1039355.177661106,7.889234897065438,22.044340787980307,2.7043057683666096,0,74.77,0,4,2277,15891,5126,90351,9883,0.0869298599180026,0.0095087802633022,3.848540023596978e-06,67.36211854658765
11170550,구로4동,0,524117.755468053,18.66090649205403,17.018598465494232,3.538765215394281,0,72.3,0,3,1481,10727,6445,6628,2347,0.012646013096722,0.0044780013183473,5.723904539856067e-06,60.78172982705746
11170560,구로5동,0,1011733.617569924,12.750024574035663,12.00028375004071,2.649506509996684,0,77.52,0,3,2923,18850,7348,24272,4204,0.0239905045935498,0.0041552439564635,2.965207390435466e-06,72.60018516592694
11170610,고척1동,0,1150403.1187430983,10.472050317937516,8.906773377302915,3.5587078829631698,0,82.52,0,2,3506,16085,6793,10524,2934,0.0091480975915701,0.0025504103319713,1.7385210170220718e-06,77.0624684217964
11170620,고척2동,0,1024829.7435687426,17.792178439902795,5.199514452680865,3.5763516252907586,0,54.46,0,1,3307,14473,8023,4489,1990,0.0043802397697048,0.0019417859527094,9.75771835532372e-07,73.43195548212557
11170640,개봉2동,0,781957.1267328948,18.36664268298924,5.043213336654707,1.60179834659571,0,59.67,0,3,3680,16319,9731,3818,1495,0.0048826206315213,0.0019118695243908,3.8365274736940805e-06,74.98834563376035
11170650,개봉3동,0,827818.8890789909,15.876119492892595,4.694753424778607,2.618801855176049,0,29.02,0,2,2153,10904,6520,8404,1216,0.0101519790267754,0.001468920335145,2.4159873933306674e-06,76.81032522715275
11170670,오류1동,0,726889.7278929004,16.717699101195276,8.458110356389257,1.8639909158322383,0,59.88,0,1,2052,14667,5937,5032,1707,0.0069226456322576,0.0023483617039475,1.3757244897173488e-06,72.96019962658323
11170690,수궁동,0,2659440.627180626,7.128008194226136,2.258457664590034,2.70738935043467,0,17.77,0,2,2939,12713,7068,5938,1494,0.0022328003638392,0.0005617722707268,7.52037845685149e-07,87.90614479074915
11170700,가리봉동,0,410698.9724840274,25.80450710977702,12.590746009455264,3.842632273867234,0,4.38,0,3,401,5517,2848,3895,1056,0.0094838318594932,0.0025712263013157,7.3046201741924925e-06,57.76211460690048
11170710,구로2동,0,1702114.6044065831,14.558069646353369,15.538363992571004,1.5803700163482883,0,26.29,0,5,1786,12515,8138,29446,8862,0.0172996576867354,0.0052064649330927,2.937522530519501e-06,68.32319634472734
11170720,개봉1동,0,1319364.5862149764,15.274610614215328,6.669322608080311,2.0444814904965805,0,54.92,0,3,4130,19034,9967,5687,2226,0.0043104082521055,0.0016871757990481,2.2738218316013246e-06,76.01158528720778
11170730,오류2동,0,3058811.871726517,7.195597514606579,4.060191883642379,1.8842318980185409,0,70.55,0,4,6046,20649,10593,7863,2059,0.0025706059508445,0.0006731371808201,1.307697291539921e-06,86.85997870373251
11170740,항동,0,1445902.4570771274,5.883314312278014,2.243275267992275,1.564953185660254,0,88.11,0,2,3939,9531,2865,3866,1123,0.0026737626601647,0.000776677565278,1.383219172356302e-06,90.30845723406946
11180510,가산동,0,2511019.6922600977,4.3972332931471,20.50240003478851,0.4214874017666217,0,50.3,0,4,1187,19105,4403,183549,25031,0.0730973956775551,0.0099684602542366,1.5929783475269298e-06,74.67887927029777
11180520,독산1동,0,2060413.4735964928,7.606261974312141,11.352768821126428,1.821847069596852,0,78.67,0,2,5298,31385,9654,24359,5105,0.0118223843476244,0.0024776580358234,9.706789562481618e-07,79.21912213496458
11180530,독산2동,0,616721.2892122008,27.74186266150428,8.351592738805024,3.064265803894377,0,4.67,0,0,1697,10437,5682,3556,1343,0.0057659757529771,0.0021776449483262,0.0,60.84227879579632
11180540,독산3동,0,934299.236753367,21.019996416037017,10.301243120761386,3.8508126100825657,0,22.77,0,0,1840,14330,7423,6229,2320,0.0066670288863541,0.0024831444880946,0.0,64.82794785311903
11180550,독산4동,0,590611.9944669963,22.624959288759293,8.669346418954683,1.7605513991186146,0,10.86,0,0,1273,8539,4719,2856,1220,0.0048356620365102,0.0020656539511703,0.0,66.9451428931674
11180570,시흥1동,0,1522242.0314234912,13.56169944475325,11.080871448570049,2.510108892914243,0,47.54,0,1,3415,19055,9650,15999,3850,0.0105101551984698,0.0025291641673922,6.569257577642254e-07,72.84732021376246
11180580,시흥2동,0,1307917.9447543644,4.346851964246213,1.1906496192098213,2.215728809436423,0,95.21,0,0,3157,10996,6417,2379,823,0.0018189214465045,0.0006292443675801,0.0,92.24676960710754
11180590,시흥3동,0,1260466.14764501,7.816022236784802,9.371685305267563,1.874852636904936,0,11.65,0,1,1026,5590,3615,8821,3463,0.0069982046058204,0.0027473962759274,7.933572844145119e-07,80.9374398210427
11180600,시흥4동,0,821105.9386114429,18.62110382666717,3.371254844424059,2.1194385722866302,0,26.03,0,0,2039,10711,6646,1940,905,0.0023626671160813,0.0011021720309554,0.0,75.88820275662215
11180610,시흥5동,0,1385952.4856133447,11.335289327935175,3.0939949246114185,1.2010616566200736,0,25.48,0,0,1879,9838,6475,3650,1259,0.0026335679165497,0.0009084005498455,0.0,84.36965409083334
11190540,여의동,0,8431315.760253912,1.2272782173346637,5.004587009668249,0.8527955366052131,0,100.0,0,12,5270,19159,8921,185171,17285,0.0219622897855036,0.0020500952035817,1.4232654002302937e-06,92.91533923639189
11190550,당산1동,0,744759.1147104842,10.428958730123052,23.020001655846244,1.5132208015943396,0,70.62,0,4,1867,14205,4944,27681,5679,0.0371677223586433,0.0076252843204629,5.370864110204602e-06,65.03781881243637
11190560,당산2동,0,1580150.6576499194,6.930689112220796,7.795221052754969,1.4508514866444042,0,84.1,0,6,4696,24849,7142,28858,4050,0.0182628155486999,0.0025630467451741,3.7971062891468423e-06,83.82323834837983
11190610,양평1동,0,974200.448288198,5.5214132945734695,14.084292857975052,1.4478851750672876,0,78.54,0,5,2154,12583,3409,24405,2903,0.0250513126355385,0.0029798795566879,5.132413979827614e-06,78.9464086723842
11190620,양평2동,0,2872495.765241954,2.735130220525561,5.389906038331203,1.4043916909007006,0,63.08,0,6,2860,15521,4152,22988,3153,0.0080027968284867,0.0010976517487479,2.0887759253054024e-06,90.47057205024254
11190630,신길1동,0,722392.3817793673,20.577474339233813,8.416063411176316,2.1761402912109857,0,41.5,0,7,1594,12561,5167,4321,1342,0.0059815137990476,0.0018577161579083,9.690024668672428e-06,68.83032195837889
11190650,신길3동,0,519701.8126124086,19.60660654292557,8.767446590054659,2.802798308324398,0,67.08,0,1,2044,9244,4710,2808,1155,0.0054030983379312,0.0022224282693413,1.9241803197760906e-06,68.82314855869538
11190660,신길4동,0,322364.478602302,21.63788156133014,6.821349881233256,3.648305703590513,0,71.63,0,1,1571,7011,3604,1371,545,0.0042529499711066,0.0016906329206806,3.102078753542414e-06,67.8924628538461
11190670,신길5동,0,494289.8647848298,17.284616729538822,5.005192495388746,4.228032834703507,0,53.99,0,1,1380,5513,3051,1939,611,0.003922799430259,0.0012361167879774,2.023104399308452e-06,73.48215794036892
11190680,신길6동,0,617898.9496416408,16.91249835701324,9.08235631955092,3.422963529111743,0,71.62,0,4,2026,10840,4856,4565,1465,0.0073879394075255,0.0023709378383406,6.47355041185152e-06,70.5821817943241
11190690,신길7동,0,646693.3288146224,10.235362962930155,7.734628763552546,3.94575664415442,0,91.29,0,8,3668,12049,4085,3141,850,0.0048570162393801,0.0013143787976673,1.23706239780456e-05,78.08425162936288
11190700,대림1동,0,498611.8130900599,22.614953088118305,11.107123189426272,3.190049107581594,0,51.89,0,3,1441,7767,4523,5072,1257,0.0101722419460249,0.0025209992362289,6.016704621071561e-06,63.08787461487383
11190710,대림2동,0,572120.0235324813,24.626695422009,11.493274135862675,1.925339647196865,0,38.24,0,3,831,7002,3923,4649,1920,0.0081259173052781,0.0033559391753353,5.243654961461496e-06,61.95469079493146
11190720,대림3동,0,921021.5398362548,13.74200805469599,12.956270398864472,2.957372853189423,0,55.44,0,4,2129,12431,6999,8768,2685,0.0095198642167083,0.0029152412661795,4.343003748498343e-06,70.34434869325011
11190730,영등포본동,0,845748.9302889162,16.123761954898427,6.7716872405706745,2.2540661759741525,1,57.39,5,3,2251,12350,6191,4961,1571,0.0058658070052144,0.0018575252580511,3.547151988640056e-06,74.85048462855674
11190740,영등포동,0,1371086.5816971257,4.707968960907282,28.05306962434478,1.5231495274506326,1,69.31,5,6,1911,23525,5121,45833,14591,0.0334282317480882,0.0106419245835174,4.376091254958868e-06,65.7158118872973
11190750,도림동,0,585455.3412494983,21.51231418348606,9.257311824498844,2.079083971777019,1,39.72,5,3,1606,11125,4848,3140,1422,0.005363346746901,0.0024288786860169,5.12421663716665e-06,67.15129002023808
11190760,문래동,0,1785402.7320093953,4.96205412061979,15.74634493482521,1.7377441942799432,1,96.02,5,7,5831,19534,6749,50398,7117,0.0282278049070737,0.0039862154752895,3.920684042015881e-06,77.55385675027506
11200520,노량진2동,0,600124.1255213493,25.85310318229366,12.393908803440636,1.4229541852954648,0,15.46,0,5,556,6460,3170,6801,1843,0.0113326555468477,0.0030710313443376,8.331609724193317e-06,60.33003382897024
11200530,상도1동,0,1481755.498568926,16.71578052819955,5.488743947486633,4.174641692316094,0,60.42,0,3,5209,28371,10614,9253,2518,0.0062446199854659,0.0016993356882528,2.024625522143932e-06,73.62083383199773
11200540,상도2동,0,778079.182985511,20.584724988747308,6.631323435091921,1.9948924467345923,0,75.82,0,2,4169,16985,6339,5159,1649,0.0066304305689537,0.0021193215755388,2.570432474880309e-06,70.78905912942618
11200550,상도3동,0,636728.6622762942,31.27302175450303,5.9349445492601545,1.972974128299175,0,12.88,0,3,2285,14928,6717,3441,1368,0.005404185807569,0.0021484818903674,4.711583092911092e-06,60.81905956793764
11200560,상도4동,0,938866.7184147204,26.427219902765227,3.66987382667527,2.3651769850036,0,15.94,0,4,2929,16992,7767,3282,1362,0.0034957038476203,0.0014506851433451,4.2604556339065984e-06,67.53772928555591
11200630,사당1동,0,634697.5965846108,27.85278993726565,12.594523101265468,2.1999620481615043,0,11.39,0,6,1391,15547,5581,10847,2455,0.0170900284768655,0.0038679837660832,9.453320813238048e-06,57.35272491330738
11200650,사당3동,0,907007.0835460091,13.71967451184771,3.526897788423204,2.7295198058931143,0,68.73,0,4,3300,13717,6678,4734,1304,0.0052193638680746,0.0014376954972474,4.410108887262063e-06,80.02390789383597
11200660,사당4동,0,435822.36383206456,23.986564881059103,5.300295251837742,1.5725136781165734,0,23.35,0,2,1228,8616,3980,1880,871,0.0043136840969484,0.0019985206640649,4.589025635051554e-06,69.14062618898657
11200670,사당5동,0,681690.2713847598,11.34605821930513,2.8626390872386,3.196506937978413,0,59.49,0,2,1743,8829,3577,1930,797,0.002831197804908,0.0011691526686589,2.933883735655985e-06,82.59479575547786
11200680,대방동,0,1543763.0700794023,12.603446216219607,6.986014960452403,4.5495051891238605,0,61.08,0,10,5174,22343,8121,12000,2222,0.0077732135406666,0.0014393400406134,6.4776779505555084e-06,75.86103363420412
11200690,신대방1동,0,674784.6244719744,17.94632127741421,6.508624124102476,3.722769953837396,0,71.82,0,4,3512,13914,5871,4189,1347,0.0062079067127764,0.001996192490358,5.927817343305297e-06,71.82228464464592
11200700,신대방2동,0,976657.310568742,11.591797656796471,8.518429074480334,3.236909417211949,0,62.53,0,7,3211,13934,4878,17213,1749,0.0176244009168374,0.0017908021381251,7.167304154874938e-06,76.65286385151124
11200710,흑석동,0,1707033.866053747,12.175566104563906,4.599364219772284,4.291586313829017,0,83.46,0,3,4509,18182,7270,10586,1696,0.0062014001071989,0.0009935362348204,1.7574343776305423e-06,78.93348336183479
11200720,노량진1동,0,1612248.6330196003,9.631226500729944,7.254597602429523,1.6974305108158516,0,78.08,0,6,3389,20147,8486,7175,2169,0.0044503061457198,0.0013453259972217,3.72151036575873e-06,81.41674538602467
11200730,사당2동,0,2761137.42801799,5.223833566235895,3.20055555935919,0.8703474564333666,0,78.39,0,6,3460,16558,8132,6229,2118,0.0022559543530032,0.0007670751837631,2.173017517742756e-06,90.70526341797157
11210520,보라매동,0,749326.924434749,24.699465207900985,6.850088285487402,3.4826181867278887,0,22.46,0,5,2229,15014,6585,7212,1827,0.0096246374776191,0.0024381881130907,6.672654934566777e-06,64.96782831988372
11210540,청림동,0,296933.9104723308,21.721157064364803,5.83958361352305,1.972219557658421,0,82.79,0,0,2129,8570,4025,1493,695,0.005028054887954,0.0023405881762411,0.0,70.46703976445373
11210570,행운동,0,717700.2657625523,22.12139075302648,8.003077256437248,4.306828146772016,0,49.39,0,2,2080,20486,6299,6632,1960,0.0092406263676956,0.002730945066448,2.786678639232696e-06,65.56870384376425
11210580,낙성대동,0,2261134.373164907,4.724162479818669,3.066244155191339,2.6594526881864207,0,42.69,0,2,1294,13159,2825,8617,1832,0.0038109190246401,0.0008102127948405,8.845117847603887e-07,89.55014067680358
11210610,중앙동,0,384442.6728190986,25.30610868945152,12.795993715370155,2.292826518656857,0,28.15,0,2,859,10978,3344,5124,1576,0.0133283851199261,0.004099440856558,5.202336112383358e-06,59.60507107652147
11210620,인헌동,0,1088265.8195931085,16.085055247411066,3.740345045718521,1.548350210490884,0,18.72,0,1,2134,17464,5856,4469,1449,0.0041065334585532,0.0013314761650131,9.188931435563242e-07,78.62624949637953
11210630,남현동,0,3278571.494441279,3.929692881641668,1.4267310440700234,0.4458852120359223,0,39.88,0,3,1420,11976,4291,6669,1453,0.0020341176061851,0.0004431808189814,9.150326613518298e-07,94.1976908622524
11210640,서원동,0,647053.8801459006,26.53715217783752,7.450951959578127,2.1908134899994223,0,18.81,0,5,1249,16816,4859,8251,1794,0.0127516428740246,0.0027725666362865,7.727331762225589e-06,63.82108237258493
11210650,신원동,0,544575.0226685876,26.536531591013024,5.995299401738011,2.335628973653921,0,17.11,0,4,1079,11945,4544,2624,1110,0.0048184361946925,0.0020382866524804,7.345177126055653e-06,65.13254003359505
11210660,서림동,0,940554.7989477152,16.413246004938895,6.380301004973848,1.6865011009193274,0,33.58,0,3,1538,16476,5335,2893,1233,0.0030758441753802,0.0013109284024347,3.1896068185760987e-06,75.51995188916793
11210680,신사동,0,640559.5204267779,27.19391328823176,10.15880855942307,2.314494248997608,0,6.57,0,3,1440,15640,5205,4368,1787,0.0068190384509804,0.0027897485604171,4.683405529519556e-06,60.33278390334756
11210690,신림동,0,540840.5042011158,17.416278899367175,17.934192366063012,2.880342896013819,0,30.52,0,5,685,19377,2778,5851,2181,0.0108183465447626,0.0040326121712745,9.244869718648628e-06,61.769185838556
11210710,난향동,0,820791.9469069774,9.482306425309377,1.7206401832869171,1.4578718954480083,0,78.61,0,0,2213,8387,4130,1917,617,0.0023355492304725,0.0007517130282741,0.0,87.3391814959557
11210720,조원동,0,666117.3511987159,17.3132807092058,14.53271191337966,2.207153337407388,0,44.74,0,2,1502,13678,4463,6434,2053,0.0096589587230013,0.0030820395179238,3.002473958035866e-06,65.94685404000715
11210730,대학동,0,8398948.30479121,1.8130888189968977,1.1721977005664197,3.3925561695239623,0,49.59,0,2,1463,18122,4696,16255,2076,0.0019353613583629,0.0002471738037503,2.381250517825799e-07,93.62215731091273
11210780,은천동,0,775637.1496100364,20.980833293668766,8.685850468616312,2.867652771059954,0,56.91,0,3,4078,19660,8657,7517,2181,0.0096913872726214,0.0028118818200861,3.867787923089577e-06,67.46566346665497
11210790,성현동,0,677719.138262707,14.66751482488034,3.945274688885685,3.424109943588709,0,82.98,0,1,4165,16281,7821,2976,1180,0.0043911995868744,0.0017411342447956,1.4755374955895231e-06,77.96310054264526
11210800,청룡동,0,1194718.0123688118,14.18087979488516,8.828540134549618,3.102940578164099,0,55.0,0,6,2502,26674,6607,12886,2594,0.0107858087569489,0.002171223647022,5.022105582934466e-06,73.88763949240112
11210810,난곡동,0,971656.5980450248,22.176339652334345,3.6181020452293646,2.724493213696658,0,11.66,0,0,2434,14759,8141,2790,1181,0.0028713848139196,0.0012154499875408,0.0,71.48106508873963
11210820,삼성동,0,2602463.717896752,6.468167701774048,2.0306233124450603,1.1333515636618563,0,67.27,0,2,1728,10478,7776,2516,1014,0.0009667762062111,0.0003896307921693,7.685025486574953e-07,90.36785742211904
11210830,미성동,0,1358429.7106797148,14.045841250374504,5.179962913080465,2.940274914749549,0,41.47,0,0,3338,17390,8830,5347,1848,0.003936162436616,0.0013603942739604,0.0,77.83392092179548
11220510,서초1동,0,1381640.311498347,10.583168242176209,11.821674118561498,3.004139768004632,0,67.21,0,3,2982,12668,4515,38516,5279,0.027877009435221,0.0038208207708103,2.1713321296516583e-06,74.59101787125766
11220520,서초2동,0,1229992.4989059705,5.912752618356936,14.340232731818189,1.9230400832190075,0,92.47,0,4,4295,15981,4404,76349,8269,0.0620727362705778,0.006722805226282,3.252052352778834e-06,77.82397456660587
11220530,서초3동,0,2996312.161498385,6.935587703176373,12.11235430521302,1.883810307984144,0,63.11,0,5,4237,20577,7202,93255,11147,0.0311232591844015,0.0037202398812774,1.6687179874752873e-06,79.06824768362647
11220540,서초4동,0,879108.4600329077,9.727118261072317,12.53332253389669,1.6973773780980168,0,99.14,0,7,6586,17588,6110,29297,4180,0.0333258082837356,0.0047548171698813,7.962612485447294e-06,76.04218182693297
11220550,잠원동,0,1755541.6450200342,5.367549521905001,6.284752525372153,0.8801499895069463,0,88.25,0,7,5122,16422,5268,17138,3235,0.0097622292518767,0.0018427361203069,3.987373366970308e-06,87.4675479632159
11220560,반포본동,0,971806.9766001288,7.994391272003589,2.1304876961886947,2.2528568195796463,0,100.0,0,4,44,137,49,949,229,0.0009765313718062,0.0002356435027857,4.116043716780937e-06,87.62226421222807
11220570,반포1동,0,991618.4379388732,14.26554562565622,7.415364073507337,2.334086778975045,0,72.77,0,9,6966,20891,5951,11439,2510,0.0115356870770385,0.0025312155401142,9.076071657780156e-06,75.9850035218614
11220580,반포2동,0,1394982.7278886442,2.7015782868408853,1.7231254093082244,1.7217956145740998,0,100.0,0,5,5942,12842,4521,2617,569,0.0018760088907639,0.0004078903549272,3.5842737691324926e-06,93.8535006892768
11220590,반포3동,0,1250766.2395342449,5.11664974575917,3.012319071673629,1.0536373854857084,0,99.91,0,6,5158,13886,4728,7367,1410,0.0058899894857126,0.0011273089690314,4.797059442687135e-06,90.8173937970815
11220600,반포4동,0,1426067.0123753326,11.560737014341296,12.07311896482933,2.794272541225992,0,61.9,0,8,3522,10729,4222,28826,4063,0.0202136363506394,0.0028490947232584,5.609834552317902e-06,73.57187147960337
11220610,방배본동,0,677002.2395720058,19.676141514817505,11.100729497100266,1.6721563336124297,0,60.21,0,3,3931,11863,4620,9270,2240,0.0136927168892727,0.0033087039732438,4.431299964165935e-06,67.5509726544698
11220620,방배1동,0,688726.8297166858,18.862212418701898,10.588627358074778,1.4373320445397426,0,35.19,0,2,2232,10050,4230,23145,2676,0.0336054862407274,0.0038854301654865,2.9039089428150777e-06,69.11182817868358
11220630,방배2동,0,1902603.3492622387,8.273212775425451,4.785349763996936,1.3260667289740695,0,41.25,0,8,2442,10560,5047,16664,2634,0.0087585255257613,0.0013844188811123,4.2047650147678255e-06,85.61537073160355
11220640,방배3동,0,2373348.9591862126,6.43831158127148,2.784928900375232,1.6493896411001048,0,83.33,0,3,2689,8847,4346,12585,1906,0.0053026336271519,0.0008030846001868,1.264036621490342e-06,89.12736987725319
11220650,방배4동,0,948814.6546252748,18.855425993445944,9.326706503792105,2.162165874806149,0,47.9,0,4,3885,13756,5141,13760,3228,0.0145023055164439,0.003402139695282,4.215786487338355e-06,69.6557016279558
11220660,양재1동,0,5760998.857359762,4.392470873199889,4.078991544707934,1.0826427221725323,0,74.04,0,4,7160,24082,10746,49549,5382,0.0086007654621584,0.0009342129955667,6.943240398117763e-07,90.44589485991963
11220670,양재2동,0,7556516.713944547,1.885820618960346,4.69418907439278,0.3671775753166457,0,12.42,0,2,2440,14082,4774,51197,7134,0.0067752116402329,0.0009440857831791,2.64672212834072e-07,93.05281273133023
11220680,내곡동,0,12699154.071999604,1.2771870027259975,1.052434067447056,0.2598275129604702,0,87.19,0,1,2991,9352,4853,10233,1325,0.0008058017047414,0.0001043376584366,7.87454025937141e-08,97.41055141686648
11230510,신사동,0,2057678.206892152,4.518558294617091,9.322796240237466,0.9809682585994458,0,76.84,0,4,2347,8997,4098,27934,5847,0.0135754948982303,0.0028415521826431,1.943938554912348e-06,85.177677206546
11230520,논현1동,0,1257791.475688569,18.09183667797381,19.49502253017484,1.1305772416394144,0,31.87,0,8,1369,15495,4176,49670,8020,0.039489852618387,0.0063762556472612,6.360354760360299e-06,61.28256355021193
11230530,논현2동,0,1457417.316169823,12.825801439129506,21.24508342138155,1.050931790775962,0,51.1,0,7,2080,13911,4416,68183,8291,0.0467834430420526,0.0056888304454432,4.803016900024472e-06,64.87818334871298
11230580,삼성1동,0,1943143.862840983,5.573507256677171,14.846512761072846,1.8681554645359428,0,70.17,0,6,1776,7241,3133,71426,7462,0.0367579577433879,0.0038401685756049,3.0877796105105638e-06,77.71182451771404
11230590,삼성2동,0,1241325.8824145892,12.595662038509875,12.72537080548089,1.1063945601817944,0,72.92,0,8,5524,19649,5420,48075,5954,0.0387287501861305,0.0047964842144195,6.44472181984492e-06,73.57257259582744
11230600,대치1동,0,809204.8117973416,8.237975680215087,5.509603743761423,2.824962604599751,0,99.19,0,6,6873,13070,3946,7798,1377,0.0096366208977222,0.0017016705534962,7.414686507608783e-06,83.42745797142373
11230630,대치4동,0,700546.9238886284,19.107072858368728,20.54549655191812,2.056965742474027,0,31.33,0,3,2807,12811,3020,32608,5484,0.0465464894464635,0.0078281694100958,4.282368386266886e-06,58.29046484723912
11230640,역삼1동,0,2360341.2453272543,13.84351070733572,23.229574973983063,1.601631162568238,0,29.24,0,10,2143,26570,5418,171515,19243,0.0726653403777186,0.0081526347251752,4.236675531453149e-06,61.325283156112974
11230650,역삼2동,0,1134166.177711371,14.55904291941894,13.795118511448468,2.6990764373422467,0,76.7,0,4,7985,23169,5244,42557,5600,0.03752272007044,0.0049375480507193,3.5268200362281247e-06,68.94676213179034
11230660,도곡1동,0,1049811.171380735,9.260368566313687,9.454334486741043,1.9032805283028569,0,86.7,0,3,3805,12242,4519,19183,2286,0.0182728099326542,0.0021775344579079,2.857656768908028e-06,79.38201641864242
11230670,도곡2동,0,990008.6658603408,8.330388232520631,8.256555099265777,3.365156407976328,0,95.26,0,5,7205,18218,7226,21716,2793,0.0219351615280144,0.0028211874262177,5.050460841778974e-06,80.04790026023727
11230680,개포1동,0,1448844.283505292,1.5845415240011758,1.572749740495193,0.6081347400794531,0,98.72,0,3,2228,6320,3338,1116,254,0.0007702691122142,0.0001753121456114,2.070615893049031e-06,96.23457399542416
11230710,개포4동,0,1664191.8829674898,7.714438681080937,5.624659999087365,1.5925681581945943,0,46.27,0,1,3689,14201,5313,10653,2827,0.0064013051072813,0.0016987223822664,6.008922469990957e-07,85.0683331616371
11230720,일원본동,0,2352816.255382805,4.484270304016577,2.7219509423182275,1.7443130271034823,0,94.78,0,1,5025,12730,5050,10089,707,0.0042880526589678,0.0003004909535028,4.250225650676869e-07,91.04946572656172
11230730,일원1동,0,952738.114469984,9.687027247003968,4.577930763222897,2.8935949318994494,0,58.11,0,1,1575,8215,4768,5804,1234,0.0060919154086408,0.0012952142684808,1.0496063764026197e-06,82.8414470578737
11230740,일원2동,0,1299292.829807386,3.4096821055609507,3.089998645762662,1.1073118039094751,0,100.0,0,0,2624,9388,4820,9337,749,0.0071862168294365,0.0005764674312143,0.0,92.39300744476692
11230750,수서동,0,1628146.9985285865,2.901515860921186,3.1471549347938903,1.2019939697503796,0,99.21,0,2,1013,6456,6558,17682,1812,0.0108601987510164,0.0011129216229409,1.228390312296854e-06,92.74933523453454
11230760,세곡동,0,6362857.325298201,4.16048502905108,2.0979677332083035,0.8237731708133075,0,92.54,0,4,8709,26701,10121,9536,2437,0.0014986977567563,0.0003830040303287,6.286483879011463e-07,92.91777406692732
11230770,압구정동,0,2343278.206528037,5.75448911884852,10.391950681751018,1.192345415529453,0,90.71,0,2,4479,14073,7028,38685,5746,0.0165089232222038,0.0024521202749071,8.53505142675655e-07,82.661214783871
11230780,청담동,0,2327443.094732763,7.965236662272132,11.526591639812665,1.2181268021771263,0,74.56,0,4,3864,15262,5503,43007,6336,0.018478217618787,0.0027223007145961,1.7186241885076438e-06,79.29004489573808
11230790,대치2동,0,1835962.384347916,7.0530989973331,10.663381329977264,1.8343231832217304,0,92.44,0,7,8923,21347,7965,58795,5599,0.0320240765828991,0.003049626750364,3.8127142797906953e-06,80.44919648946791
11230800,개포2동,0,2241622.2462875303,5.617054506771939,1.5863028394936678,2.393621015104875,0,97.43,0,8,8770,25034,7880,4240,1294,0.0018914872954188,0.0005772605094981,3.568843953620436e-06,90.40302163862953
11240510,풍납1동,0,1074461.5398369725,7.824256627258655,2.647119897239305,0.8361580377028851,0,51.85,0,3,1231,6493,4064,2105,724,0.0019591208451256,0.0006738258868745,2.7920962163310816e-06,88.69246543779916
11240520,풍납2동,0,2562572.8603888704,4.162471933012721,4.137310953744762,1.4089188975778129,0,74.07,0,4,3440,14382,5886,16221,1621,0.0063299663594638,0.0006325673798588,1.5609312272890422e-06,90.29129821566472
11240530,거여1동,0,521901.4918714052,13.048053944197676,5.876688637904489,3.9115520598225775,0,44.52,0,2,1339,7002,3686,3457,1081,0.0066238553707479,0.0020712721017583,3.832140798812799e-06,77.16370535807526
11240540,거여2동,0,509222.9393000823,18.14323539292562,5.650990852487267,2.6868753029404338,0,89.14,0,2,3522,13578,6461,4829,1257,0.0094830763251603,0.0024684669581127,3.927552837092705e-06,73.51889845164668
11240550,마천1동,0,574808.4673787202,23.189935047403104,6.60647361693274,2.3400601841426405,0,44.6,0,1,2021,9699,6262,2867,1167,0.0049877483764712,0.0020302414912249,1.73970993249781e-06,67.86353115152151
11240560,마천2동,0,889992.5591763463,14.256420585689856,5.871313662831429,2.4651391022946227,0,25.26,0,1,1633,9590,6361,4307,1411,0.0048393663020481,0.0015854065131622,1.1236048994771656e-06,77.4071266491841
11240570,방이1동,0,608786.9865979014,14.255944505788994,10.30046154424734,3.9560994888154033,0,43.14,0,5,2338,9168,3618,7796,1771,0.0128057927838413,0.0029090634966884,8.213053350334386e-06,71.48749446114826
11240580,방이2동,0,769245.3185692355,21.26325276800388,16.595090495903612,1.6489643501708804,0,16.55,0,4,2027,18675,5538,22550,4894,0.0293144455420917,0.0063620796666517,5.199901648264608e-06,60.49269238592163
11240590,오륜동,0,3082692.303196935,2.173308058427476,2.207428533565042,2.187207148363504,0,100.0,0,7,3619,9576,4601,5009,780,0.0016248783554521,0.0002530255774112,2.2707423613825734e-06,93.43205625964396
11240600,오금동,0,1647585.9291789583,11.251417481684031,6.445769102723157,3.244005814459023,0,55.63,0,5,5217,21655,10541,18895,3230,0.0114682941054863,0.0019604440307341,3.034743081631744e-06,79.0588076011338
11240610,송파1동,0,686394.2890659347,24.83029147299498,12.18367216719982,2.2523144972581464,0,14.47,0,5,2097,15935,5334,13205,2926,0.0192382136771233,0.0042628559802546,7.284442891754389e-06,60.73372186254706
11240620,송파2동,0,630534.1082963527,13.538622224752649,5.040179538290468,5.199283268968074,0,69.79,0,7,2983,10881,4684,3904,1186,0.0061915762344504,0.0018809450343386,1.1101699190869093e-05,76.22191496798881
11240630,석촌동,0,946183.8649987913,23.80606128292241,12.709485210852842,2.458069938833661,0,9.21,0,4,2813,20809,7144,14722,3546,0.015559343743262,0.0037476859742974,4.227508149235704e-06,61.026383567391086
11240640,삼전동,0,952604.6672405044,22.815953514452705,8.337165060878192,3.3943064103227982,0,3.96,0,2,2820,19893,6362,10704,2555,0.0112365605250443,0.0026821199683752,2.0995068245598512e-06,65.45257501434631
11240650,가락본동,0,1013951.7007396684,10.805578051013148,13.662036571307434,2.632956656080734,0,58.59,0,8,2967,15709,6511,27038,4737,0.0266659644438777,0.0046718201631277,7.889922166988008e-06,72.89942872159868
11240660,가락1동,0,1392151.4367168166,3.9405485663221,20.24495395389888,1.507000928011573,0,100.0,0,3,5719,15857,5892,12851,3808,0.0092310359785389,0.0027353346047993,2.154937976470079e-06,74.30749655176746
11240670,가락2동,0,931587.0443693649,14.588333552078648,7.725302492553224,3.336516779964301,0,61.24,0,5,5255,18817,7139,11767,3166,0.0126311331517489,0.0033985015346678,5.367184988420555e-06,74.34984717540382
11240680,문정1동,0,612070.7633651552,16.59168471809542,10.27409841923686,2.697709520647199,0,50.47,0,5,2439,11969,5113,7514,1783,0.0122763583062935,0.0029130618658665,8.168990089362201e-06,70.43650734202052
11240690,문정2동,0,2240295.8369222027,2.820516457259035,13.7071312094463,1.9149802655838937,0,100.0,0,6,2902,19918,5969,97117,11426,0.0433500783240258,0.0051002192708827,2.678217716199584e-06,81.55737206771077
11240710,잠실본동,0,1028207.016197756,17.038909738962335,12.846549110093196,1.8563262733042671,0,17.5,0,3,2449,19326,5975,22363,4282,0.0217495111854803,0.0041645310064046,2.917700378144308e-06,68.2582148776402
11240750,잠실4동,0,779600.6155107062,4.682920728532774,1.9604702677167307,2.1415338768417613,0,100.0,0,5,4931,11834,4444,1645,582,0.0021100547732396,0.0007465360960641,6.413540344193328e-06,91.21507512690872
11240770,잠실6동,0,1506838.6477410188,3.328295570247388,6.396433778981907,1.0545151827368762,0,100.0,0,7,2947,9127,4432,63129,3034,0.0418949965838884,0.0020134869811895,4.645487431881054e-06,89.22075546803383
11240780,잠실7동,0,722932.201466048,5.102681800514938,0.9460063588095092,2.6767048486336096,0,100.0,0,2,1435,4931,3053,1213,339,0.0016778890157657,0.0004689236408446,2.7665111554257743e-06,91.27460699204194
11240790,잠실2동,0,2684789.4768274776,2.612075775313336,0.8249088101543739,0.963999051995246,0,100.0,0,2,9111,20260,5533,3929,1188,0.0014634294546729,0.0004424927951518,7.449373655754496e-07,95.59901636253704
11240800,잠실3동,0,1541455.1008072468,5.112979759920918,3.241387622523304,0.9921587575945132,0,100.0,0,6,6580,18570,8662,8305,1842,0.0053877664004594,0.0011949747994757,3.892426056924348e-06,90.65347385996128
11240810,장지동,0,1277361.5867775297,9.16631670187212,5.200121219550004,3.181344156268381,0,78.18,0,4,4332,16948,7221,10313,1654,0.0080736731922058,0.0012948565364014,3.131454743413496e-06,82.4522179223095
11240820,위례동,0,2638595.697643987,5.293743716400128,1.860825372338804,0.981627984307476,0,99.37,0,5,12600,26303,6008,6902,1648,0.0026157853611815,0.0006245746559297,1.8949473784276883e-06,91.8638029269536
11250530,명일1동,0,634446.9055101952,13.740778793093902,9.630189105213928,2.89327506180072,0,81.9,0,3,4367,14515,6396,7309,2558,0.0115202705481039,0.004031858265433,4.7285280673569405e-06,73.73575703989145
11250540,명일2동,0,913614.1562303422,5.576157072905129,5.502368283215727,1.6871261841908052,0,90.0,0,3,3313,9526,4197,5589,1474,0.0061174621275567,0.0016133725489387,3.283661904217252e-06,87.23434845968833
11250550,고덕1동,0,1517309.4039229369,6.640541897921995,2.090889929511873,2.916859110715427,0,87.16,0,2,6081,13144,4760,2811,999,0.0018526214842627,0.0006584022991029,1.3181227209268632e-06,88.3517090618507
11250560,고덕2동,0,2473375.273047397,3.7430577183957583,1.92262871737981,1.5204160324325404,0,82.98,0,3,4758,13124,4891,5860,1320,0.0023692320626931,0.000533683672825,1.212917438238812e-06,92.8138975317919
11250580,암사2동,0,2172643.04444782,2.471163420241459,1.3221524977720758,0.48835531861435,0,78.54,0,1,2127,8986,3761,3514,1052,0.0016173848755154,0.0004842028710991,4.602688888774863e-07,95.71832876337211
11250590,암사3동,0,1797967.1122820256,4.009253104217589,1.421218380413774,8.184817609523027,0,85.25,0,1,3442,9535,4195,2782,1210,0.0015473030518636,0.0006729822763317,5.561836994477683e-07,86.38471090584561
11250610,천호1동,0,668477.5722608304,26.071257190845635,7.615990787632362,4.245055103975218,0,31.85,0,3,2646,15157,8168,5465,2066,0.0081752929742059,0.0030906048096449,4.487809500936502e-06,62.06769691754678
11250630,천호3동,0,561435.1753777919,23.15926303715545,11.30734665477313,2.180756937824155,0,55.65,0,5,2198,16672,7184,9135,2299,0.0162708009766048,0.0040948627745171,8.905747660976931e-06,63.35263337024726
11250650,성내1동,0,663160.2397709946,14.989443737084985,13.2820936424232,3.343607680520892,0,49.81,0,2,2900,11664,4827,19343,2788,0.0291679127300936,0.0042041121176395,3.0158623512478525e-06,68.38485493997092
11250660,성내2동,0,624661.8694407982,23.74647188392652,12.269187396237202,1.7750118588931985,0,38.88,0,5,1878,14862,6765,6560,2361,0.0105016815029346,0.0037796448214068,8.00433041382211e-06,62.209328860943074
11250670,성내3동,0,646853.1167711924,20.65836022791003,15.16372808933718,1.9779870969268472,0,40.58,0,4,2471,13741,6225,9030,2951,0.0139598925408819,0.0045620866985761,6.183784071265532e-06,62.19992458582594
11250700,둔촌1동,0,911467.3177781738,0.1100326055225094,1.2084929308115748,1.5540033495597116,0,0.0,0,3,5,34,13,205,22,0.0002249120687041,2.4136904934108487e-05,3.29139612737843e-06,97.1274711141062
11250710,둔촌2동,0,1549245.6166016578,8.158218900149942,6.069468481287178,2.1692156268568814,0,61.34,0,3,3369,14256,6672,9432,1830,0.0060881243741251,0.0011812200598652,1.9364263276479524e-06,83.603096991706
11250720,암사1동,0,734907.5996205076,28.64591739781892,9.426133907343862,2.3992543092662264,0,26.89,0,2,4032,20083,9614,6285,2332,0.0085520955330437,0.0031731880323083,2.7214305594411435e-06,59.528694385570994
11250730,천호2동,0,1849418.510686828,12.388139504362352,7.467967861569813,1.0850879098485338,0,34.94,0,3,3076,20476,9234,14701,4229,0.007948984999864,0.002286664687057,1.6221314876261584e-06,79.0588047242193
11250740,길동,0,1630343.8778385457,14.02173799635319,9.407553442798203,2.2213352554234795,0,63.79,0,3,4622,27129,12924,19527,5177,0.0119772277893719,0.0031754037110451,1.840102594772151e-06,74.34937330542513
11250750,강일동,0,2270383.504523997,5.3435911498779065,1.7008861411548684,1.6089841681123622,0,99.77,0,2,6789,18514,8796,4894,1330,0.0021555829621852,0.0005858041151831,8.809084438844642e-07,91.34653854085488
11250760,상일1동,0,1802631.9229180743,7.278729256953058,3.410953973427645,2.166443975967048,0,87.88,0,3,9335,22059,7923,7003,1638,0.0038848751710913,0.0009086713594527,1.664233259070993e-06,87.14387279365225
11250770,상일2동,0,1115524.997319787,3.8525096740467655,3.3787500247308087,1.1165423955978886,0,98.73,0,2,2344,6733,2659,17923,468,0.0160668743801366,0.0004195334045586,1.7928777972590174e-06,91.65219790562452
23010520,연안동,0,5698090.115403967,0.5019756404082387,11.747157487361577,1.6717556053504063,0,93.83,0,0,422,2674,2337,12289,2357,0.0021566875481236,0.0004136473717086,0.0,86.07911126687978
23010530,신포동,0,1588044.2088715592,3.387703792013498,11.607982925242617,2.108668973730886,0,38.82,0,4,510,2401,1750,10357,1858,0.0065218587379845,0.0011699926170875,2.518821565312185e-06,82.895644309013
23010540,신흥동,0,3537977.359700358,2.1449439585300025,16.016906137390855,1.6721560540375582,0,73.39,0,1,1901,7967,4242,14790,2369,0.0041803546196832,0.0006695916223143,2.826473711753392e-07,80.16599385004159
23010560,도원동,0,232792.8422332781,15.778542661532931,7.216192608008871,6.166701002044568,0,10.17,0,2,289,1730,1650,952,338,0.0040894728155134,0.0014519346760961,8.591329444356015e-06,70.83856372841363
23010570,율목동,0,182903.3319367831,20.44626601745754,8.413240649186909,5.3025965879805055,0,0.0,0,2,198,1448,1305,856,218,0.0046800678308531,0.0011918864335584,1.0934737922554156e-05,65.83789674537505
23010580,동인천동,0,625879.0301520402,11.144194758437832,16.200173637233874,6.302132972853347,0,14.32,0,4,375,2634,2373,3822,1395,0.0061066113670727,0.0022288652163962,6.391011373179254e-06,66.35349863147495
23010630,용유동,0,39118641.5994845,0.374025400012574,0.9711010240996518,1.9968366792618983,0,0.0,0,4,148,1511,1958,2774,982,7.091248281064663e-05,2.5103121168008288e-05,1.0225303938088917e-07,96.65803689662587
23010640,운서동,0,52798107.177146405,0.5682278320471693,1.4948466218351608,1.4740384646893212,0,79.07,0,12,5014,26575,5031,54243,3786,0.0010273663754269,7.170711607703332e-05,2.272808750460644e-07,96.46288708142836
23010650,영종동,0,36071554.059427045,1.0475160210100678,0.9727121976034654,1.0797437254348832,0,56.03,0,1,3301,14328,5295,4991,1949,0.0001383638750849,5.40314951994729e-05,2.7722675833490464e-08,96.90002805595158
23010660,영종1동,0,5663059.356636861,2.115668997344318,2.2397052780665727,1.783528337515664,0,99.625,0,0,13868,32264,6528,7659,3298,0.0013524491829686,0.000582370727958,0.0,93.86109738707344
23010670,개항동,0,2873187.2803907464,3.353825714238982,4.511504994355953,1.1868810941248231,0,24.14,0,2,546,3564,2821,4042,865,0.0014068000466145,0.0003010593865219,6.96091067102679e-07,90.94778819728025
23020510,만석동,0,1133537.4401429596,4.145841197290625,6.83454381543048,0.4653118275802201,0,59.02,0,0,806,3345,2277,3267,653,0.0028821280041346,0.0005760727232017,0.0,88.55430315969868
23020520,화수1·화평동,0,286759.69380430743,21.840729894391785,11.104005882413242,2.9220192031034373,0,33.41,0,1,570,2660,2347,1215,436,0.0042369971310779,0.0015204368305761,3.487240437101159e-06,64.13324502009154
23020530,화수2동,0,592632.7255822535,8.245699256006898,2.4749993242685298,2.349547442367607,0,69.03,0,1,672,3357,3039,3832,331,0.0064660620895858,0.0005585246742309,1.687385722752047e-06,86.92975397735697
23020550,송현1·2동,0,333197.6428421549,9.373494906276148,11.001624655097634,2.744213751275111,0,89.97,0,1,1374,5364,3134,1690,785,0.0050720646926961,0.0023559590436488,3.0012217116545327e-06,76.88066668735111
23020570,송현3동,0,2234804.8119994327,1.2303715364501209,3.609869643159864,0.1879889026101278,0,98.42,0,0,200,1391,1302,7186,1663,0.0032154933448253,0.0007441365756254,0.0,94.97176991777988
23020580,송림1동,0,196111.37048963632,12.830924772711697,4.949037783858896,3.5447935258840886,0,98.8,0,1,916,4083,1494,794,190,0.0040487198573805,0.0009688372454689,5.099143397204776e-06,78.67524391754532
23020590,송림2동,0,198130.5825075146,23.28365112974865,16.210729710871753,5.206563914483363,0,7.88,0,0,84,584,759,1661,305,0.0083833599987178,0.0015393888016911,0.0,55.29905524489624
23020600,송림3·5동,0,519703.88010948943,15.839247137987488,7.887115738455066,6.60248420725492,0,75.15,0,1,755,3035,1830,1711,382,0.0032922594297479,0.000735033958015,1.924172664960827e-06,69.67115291630253
23020610,송림4동,0,799350.0774285874,3.899264302454602,18.062300720841133,0.521335321477704,0,92.49,0,0,1018,3703,1333,7589,3300,0.0094939629258784,0.0041283538879165,0.0,77.51709965522656
23020630,송림6동,0,558277.8169435218,8.994108427500528,17.159491559440944,0.8744971719817418,0,69.69,0,0,909,2950,1917,4314,874,0.0077273355110922,0.001565528798492,0.0,72.97190284107678
23020640,금창동,0,289178.2917787917,18.56037069252901,11.775503587962902,6.466738744056675,0,0.0,0,2,179,999,1096,1583,425,0.0054741315131503,0.0014696815496455,6.916148468920163e-06,63.19738697545141
23040510,옥련1동,0,2166690.579468958,5.97476274018181,6.742139176252559,1.6576521038998555,0,65.47,0,0,2574,10126,5146,6831,2451,0.0031527344350399,0.0011312182843336,0.0,85.62544597966578
23040520,선학동,0,2434373.368987671,3.841181986291829,2.3207622625700406,0.9360799141532228,0,81.11,0,4,2010,10180,5675,3789,1194,0.0015564580389573,0.0004904752965201,1.6431333216756969e-06,92.9019758369849
23040530,연수1동,0,1637775.205098864,7.988018690523742,5.120950692854988,1.8514137584813355,0,75.39,0,2,1783,10670,4929,4128,1800,0.0025204924260198,0.0010990519299505,1.2211688110561294e-06,85.03961685813994
23040540,연수2동,0,970401.0710977404,4.50739684192836,9.001329673274224,2.3768906509532624,0,94.72,0,6,2511,11930,5428,10438,2023,0.0107563772452195,0.0020847050361256,6.183010487767527e-06,84.11438283384416
23040550,연수3동,0,863711.7870426993,5.77053647345241,2.860302400616602,5.198770365478636,0,100.0,0,6,1720,8391,5049,2718,476,0.0031468830699588,0.0005511097650111,6.946761743838412e-06,86.17039076045235
23040560,청학동,0,2387927.8221725584,7.158285775429264,4.0678750312130605,1.837830529104036,0,54.2,0,2,2379,13209,7561,7416,2048,0.0031056215062739,0.0008576473631134,8.375462530404316e-07,86.93600866425363
23040570,동춘1동,0,3820176.295370271,3.380632553899779,3.3835992896708618,1.2620137006882592,0,96.35,0,2,4486,14498,5339,4682,1436,0.0012255978881555,0.0003758988823988,5.235360479092535e-07,91.9737544557411
23040580,동춘2동,0,1279195.168934035,6.898465141391581,3.1946740684153423,1.895856753451399,0,100.0,0,2,2728,10462,4201,4624,1222,0.0036147728761492,0.0009552881606086,1.563483077919207e-06,88.01100403674168
23040590,동춘3동,0,707320.0973082,7.966846434827192,8.314656359435944,2.523185969692112,0,100.0,0,1,3767,10229,3924,4628,905,0.006543006508011,0.0012794772881914,1.4137870587750783e-06,81.19531123604474
23040600,옥련2동,0,1992795.9507442869,3.701340556379086,2.2194161362579785,2.251472140610915,0,82.61,0,0,3093,11102,5042,3571,1262,0.0017919546648257,0.0006332810940941,0.0,91.82777116675202
23040640,송도1동,0,5835537.738022011,2.2945661219036606,6.791274112012922,3.9873624012203353,0,100.0,0,4,7937,23486,6420,37096,4312,0.0063569120217034,0.0007389207633595,6.854552535802756e-07,86.92679736486308
23040650,송도3동,0,22050487.95766972,0.4764649144898213,2.091994734538165,2.409155149519879,0,100.0,0,2,12085,30874,5599,36076,5890,0.0016360635678103,0.0002671142702739,9.070094067026949e-08,95.02238520145214
23040660,송도2동,0,3602732.2341179075,3.479398885965184,3.721430041814704,2.026801748405008,0,100.0,0,4,10730,21702,4244,13970,3932,0.0038776126262354,0.0010913939045352,1.1102684684997848e-06,90.7723693238151
23040680,송도4동,0,6956440.124734939,0.6981677802928503,1.4817324978027235,1.4063255321158412,0,99.94,0,4,8915,20589,3509,11017,2640,0.0015837123302206,0.000379504452372,5.750067460181959e-07,96.41377418978858
23040690,송도5동,0,6442297.419701075,1.275692019663751,1.458711388712346,1.477341407247707,0,100.0,0,1,11724,29426,5034,3943,1601,0.0006120487371377,0.0002485138291041,1.5522412811000708e-07,95.7882551843762
23050510,구월1동,0,1677118.483588371,7.73617817336108,8.608470886819081,2.741471246695403,0,68.75,0,2,5327,18571,7313,16141,3742,0.009624245488827,0.0022312078941323,1.1925215895950685e-06,80.91387969312444
23050520,구월2동,0,814005.0698888053,15.908404107071004,4.765053387120731,3.964142329172175,0,84.83,0,0,7343,20479,7829,4678,1334,0.0057468929531133,0.0016388104316915,0.0,75.36240017663609
23050530,구월3동,0,1837133.8089600943,8.931769455084307,17.948609734275813,1.9454780700962253,0,40.23,0,6,2800,20484,5605,37329,6312,0.0203191513964498,0.0034357867506333,3.2659569872940438e-06,71.17414274054366
23050540,구월4동,0,1041376.9139981732,10.340064407819332,8.771024105316929,2.3048340201438573,0,8.65,0,1,1154,7693,4659,5322,1860,0.0051105415612835,0.0017860968252513,9.602671103501643e-07,78.58407746671989
23050550,간석1동,0,946362.0933608314,15.680660588038233,8.473309205388539,2.9702976583315865,0,61.41,0,5,1822,9907,5167,6065,1831,0.0064087520437311,0.0019347774100695,5.283389978343895e-06,72.87573254824164
23050560,간석2동,0,594520.7376861617,16.02000580127594,14.700213648224686,4.149882541696777,0,73.23,0,0,3142,11821,5835,4747,1554,0.007984582705046,0.0026138701334825,0.0,65.1298980088026
23050570,간석3동,0,1649515.8052685305,8.416549608056838,7.104833555892469,1.947299794608752,0,41.46,0,4,2946,15152,7793,8331,2644,0.0050505730065394,0.0016028946140067,2.424954030267431e-06,82.53131704144194
23050580,간석4동,0,1064968.446689233,13.74031287746341,13.555194803091414,2.686909049745502,0,63.47,0,4,3551,16823,7845,7474,2245,0.0070180483029003,0.0021080436767475,3.755979824939992e-06,70.01758326969967
23050590,만수1동,0,756337.3383250276,11.273623485551967,7.0212417699542495,5.727944880256886,0,61.57,0,2,1468,8800,5678,7327,1404,0.0096874762472118,0.0018563145422526,2.644322709761658e-06,75.97718986423689
23050600,만수2동,0,851791.5745541562,11.962032145119895,6.177962814301341,3.631860046028107,0,79.94,0,1,3474,13121,6383,3450,1508,0.0040502865994715,0.0017703861426096,1.173996115788864e-06,78.22814499455066
23050610,만수3동,0,1267308.4882980315,6.325250280093532,1.9993993420187688,1.697049547627234,0,49.87,0,0,2439,9472,4665,2011,907,0.0015868275313809,0.0007156899905333,0.0,89.97830083026047
23050620,만수4동,0,968085.9056776034,9.9784814412232,1.831423311960445,2.4996531656778096,0,91.33,0,2,2550,10836,5897,1701,655,0.0017570754723382,0.0006765928479609,2.0659323601860085e-06,85.69044208113854
23050630,만수5동,0,543834.570694839,20.75873458607628,11.081701767817066,4.0681449341672975,0,23.97,0,2,1311,8009,5261,4056,1539,0.0074581503613188,0.0028299046859146,3.677588935561585e-06,64.09141871193935
23050640,만수6동,0,1720844.001208112,4.471951575856539,5.347753471187442,2.258734055779988,0,89.02,0,2,2829,12652,7214,8863,2032,0.0051503796937585,0.0011808159243729,1.1622203980048655e-06,87.92156089717604
23050670,남촌도림동,0,9842225.403807843,1.3713606360866488,2.541633369493967,0.3951503157954143,0,48.94,0,3,2507,11372,6191,19596,3241,0.001991013129246,0.0003292954455953,3.048091134791819e-07,95.69185567862397
23050720,논현1동,0,3814666.731441589,3.155128576762397,3.4118335922004057,0.986395776922547,0,92.45,0,2,5529,18305,6988,7435,2762,0.001949056240929,0.00072404752353,5.242921966184299e-07,92.44664205411463
23050730,논현2동,0,3262346.0117779886,3.425651141480935,4.403834000284821,1.1726295167010037,0,96.69,0,6,4638,18931,7844,22643,4264,0.0069407107395055,0.0013070348714062,1.839167267457197e-06,90.99788534153323
23050740,논현고잔동,0,10973645.463893823,1.09955877825202,3.6252502329419984,1.6040977471991709,0,94.28,0,8,8876,24104,7008,66665,9579,0.0060750094596444,0.0008729095569479,7.290193606413485e-07,93.6710932416068
23050750,장수서창동,0,11426856.629676295,1.1719009194916858,1.4346033377671137,0.2106516904596384,0,63.21,0,3,3203,10336,5439,5349,1468,0.0004681077371797,0.00012846927616,2.625393926975664e-07,97.18284405228157
23050760,서창2동,0,2512021.179023965,5.012051536460225,3.313585940646352,2.0288794367717577,0,98.72,0,0,8820,21759,7445,7149,2060,0.0028459154961222,0.0008200567802506,0.0,89.64548308612166
23060510,부평1동,0,1095934.247552803,11.085598054772312,13.438310165572108,2.6704081239605384,0,83.03,0,6,4134,21882,9025,15012,4446,0.0136979020715745,0.0040568127238356,5.474781003826753e-06,72.80568365569505
23060520,부평2동,0,2340698.1616515056,4.349557710553161,1.850357973318258,1.0767113313860397,0,15.84,0,5,1724,8603,4318,1868,767,0.000798052491601,0.000327680011273,2.1361148062127043e-06,92.72337298474254
23060530,부평3동,0,975076.5696862468,11.873452292848826,5.690194607374142,2.831550418630324,0,43.61,0,3,1788,8670,4521,3537,1184,0.003627407436425,0.001214263614568,3.0766814558312606e-06,79.60480268114671
23060540,부평4동,0,1052968.3716851927,18.11537165158954,17.057352147847357,3.4526241470645465,0,45.2,0,6,3990,21971,8555,20261,4458,0.0192417935283103,0.0042337453999904,5.698176850592855e-06,61.37465205349855
23060550,부평5동,0,808586.6766168202,20.87819757557596,19.05316473666929,2.508168307501626,0,55.38,0,3,4843,21592,7091,12255,3770,0.0151560746104847,0.0046624562449226,3.710177383227604e-06,57.56046938025312
23060560,부평6동,0,705636.0939341272,12.895866971261928,8.264257386854824,3.7596737825656064,0,51.52,0,3,1755,8765,4192,5430,1221,0.0076951845952907,0.0017303536631399,4.251483201818106e-06,75.08020185931764
23060570,산곡1동,0,2296474.418341861,7.19840221522953,1.8900318324461705,1.8354475298801551,0,91.99,0,1,2276,8938,3577,2216,606,0.000964957407011,0.0002638827566104,4.3545009341653466e-07,89.07611842244414
23060580,산곡2동,0,813066.4694772119,12.64074023529395,8.518884010383877,2.942241420447856,0,91.43,0,1,5401,16917,7286,4413,1469,0.0054276005291218,0.0018067403528846,1.229911744645778e-06,75.89813433387431
23060590,산곡3동,0,1638378.2652149687,7.231730306573852,2.71118762000905,1.6811764311063675,0,73.66,0,1,2540,10829,7217,2573,1062,0.0015704554037444,0.0006482019583274,6.103596594420691e-07,88.37590564231073
23060600,산곡4동,0,691381.2548464547,7.535085459351596,3.9698443646353776,2.601227289646302,0,94.12,0,0,2422,9573,4650,2354,948,0.0034047784539497,0.0013711682134003,0.0,85.89384288636673
23060610,청천1동,0,2085520.817996633,2.439666282313618,5.550396259311117,0.4288778880891666,0,57.19,0,1,2993,10829,3333,6127,1567,0.0029378752525981,0.0007513710659084,4.794965321687906e-07,91.5810595702861
23060620,청천2동,0,2817946.364087336,5.309236768922236,7.497444026107136,1.0233593912962804,0,73.01,0,4,4869,19889,8695,33854,4465,0.012013713401832,0.001584487219802,1.4194734331933628e-06,86.16995981367435
23060630,갈산1동,0,1100270.7575942655,9.5762359443671,7.347321493482157,2.2080775201361496,0,40.73,0,3,1660,9333,4397,9002,2414,0.0081816225122632,0.0021940054148637,2.7266015926227227e-06,80.8683650420146
23060640,갈산2동,0,673671.2985539924,7.741325360529723,6.083477882294202,3.684287265690105,0,96.03,0,4,2071,9722,5843,2813,1185,0.0041756269058756,0.001759018088682,5.937613801458454e-06,82.49090949148598
23060650,삼산1동,0,1967936.7251757188,5.784004882310358,4.885296780712648,1.7933268139610068,0,85.75,0,0,4960,19194,8522,5536,2041,0.0028130985763668,0.0010371268414676,0.0,87.53737152301599
23060660,부개1동,0,927861.0711410766,14.625441609462412,6.039938695404098,1.9302334304774689,0,35.01,0,1,1648,8627,5573,3771,1321,0.0040641860266018,0.0014237045189978,1.0777475541240569e-06,77.40438626465603
23060670,부개2동,0,722207.6394129527,12.749214438367648,5.802689009630424,4.419483337152251,0,67.12,0,1,2775,11326,5010,3402,1250,0.0047105566519875,0.0017308041784198,1.384643342735899e-06,77.02861321484968
23060680,부개3동,0,869757.6074790589,11.139435437503362,5.313164301094797,5.674447130476599,0,91.69,0,2,3884,17465,7265,4417,1682,0.0050784264052045,0.0019338721334738,2.2994912407537168e-06,77.87295313092524
23060690,일신동,0,4327179.893256089,1.7514143290749236,2.6573448854812134,0.8705911967709782,0,59.99,0,2,1647,6458,3634,6281,1313,0.0014515227364996,0.0003034308793224,4.621947895238604e-07,94.72064958867288
23060700,십정1동,0,1739827.5583999243,7.266486424132151,5.592608943039498,1.560123302505238,0,78.26,0,3,3340,15366,5840,6628,1539,0.0038095729475957,0.0008845704234082,1.7243088175599318e-06,85.5807813303231
23060710,십정2동,0,1089932.3724940124,17.75567292160354,10.165824361369914,3.084487025134073,0,31.46,0,5,2059,11968,7201,5855,2275,0.0053718929244653,0.0020872854659536,4.587440584513507e-06,68.99401569189247
23060720,삼산2동,0,1351600.3472381204,5.859606619055368,6.036247922456757,2.9434521247344008,0,98.61,0,2,5434,16572,5691,10976,2530,0.0081207436964242,0.0018718550976633,1.4797273499315323e-06,85.16069333375347
23070510,효성1동,0,2081340.301196318,6.455033128121264,3.135378956873411,2.04307908898014,0,71.03,0,1,3565,15463,7595,4903,1557,0.0023556935870401,0.0007480756506264,4.804596343137223e-07,88.36650882602518
23070520,효성2동,0,2908541.4803740107,4.549717076800225,3.627866555951373,0.8864905679681404,0,66.87,0,1,3633,15680,8014,7523,1966,0.0025865197559454,0.0006759401621944,3.438149349920811e-07,90.93592579928026
23070530,계산1동,0,1456386.3806299174,9.563262350406186,8.667229855918691,3.3022142562668644,0,36.83,0,2,1565,10530,5829,8566,2692,0.0058816809288179,0.0018484105837471,1.373261949292073e-06,78.46729353740827
23070540,계산2동,0,1582885.061048987,7.884848305810179,3.9644065871506498,2.653815218832112,0,46.62,0,2,1210,8551,4947,5361,1334,0.0033868536205739,0.0008427649188296,1.2635156204342172e-06,85.49692988820706
23070550,계산3동,0,521934.6267364881,14.000149617528828,6.050495340179643,4.382814552985522,0,90.17,0,3,1851,11158,4984,8130,998,0.0155766634045318,0.0019121168607285,5.747846274734992e-06,75.566540489306
23070560,작전1동,0,831423.8624097704,13.03227074446434,6.756502386554901,4.657997107246448,0,84.6,0,1,3572,15663,6873,4671,1611,0.00561807305651,0.0019376398402992,1.202755953010065e-06,75.55322976173431
23070570,작전2동,0,967317.6369148648,12.571591437350712,12.187763004823324,1.945274170226979,0,68.79,0,2,1876,10599,5836,7843,2094,0.0081079882146397,0.0021647491165951,2.067573177263745e-06,73.29537138759898
23070580,작전서운동,0,3276346.7321984195,3.36216325120023,7.196983276159384,1.3817694897720274,0,81.28,0,0,5258,20863,7098,17010,3092,0.0051917581960363,0.000943734058915,0.0,88.05908398286836
23070610,계양2동,0,4156051.4950590273,4.458343017798576,2.418621280218064,1.0909224931567831,0,54.28,0,3,3515,19351,9306,6386,2350,0.0015365545897534,0.0005654405396054,7.218389867304022e-07,92.03211320882656
23070620,계산4동,0,850271.049002766,5.667193465240687,13.024846403085837,4.141562217938253,0,98.45,0,1,3465,14066,4972,17698,4207,0.0208145391055579,0.0049478339935067,1.1760955534838935e-06,77.16639791373522
23070630,계양1동,0,17059703.82925015,1.0208119667261215,0.9095886526081796,0.4141093763460812,0,54.94,0,3,2475,11169,5726,4482,1351,0.0002627243734626,7.919246509325775e-05,1.7585299428554646e-07,97.65549000431962
23070640,계양3동,0,9811156.760748075,1.5046497529247809,1.7119438539062928,1.0301431172788822,0,49.86,0,4,4633,14095,5280,4523,1606,0.0004610057825281,0.0001636911975989,4.0769912228891285e-07,95.75326327589003
23080510,검암경서동,0,14995076.185170509,2.161549932151198,1.7294636991879615,0.677932746053389,0,58.11,0,5,9826,35429,8859,20557,4855,0.0013709166759897,0.0003237729465354,3.334427873691934e-07,95.43105362260744
23080530,연희동,0,9447146.793453284,2.204983937724892,2.2962039624439803,0.9417996889971012,0,43.0,0,0,4365,23056,10387,19078,3946,0.0020194457032466,0.0004176922499743,0.0,94.55701241083403
23080540,가정1동,0,2434775.880984493,6.523588450811947,3.871848649028108,0.6815339428011427,0,82.55,0,0,8565,25205,7456,8056,2774,0.0033087234282563,0.0011393245767109,0.0,88.92302895735881
23080550,가정2동,0,1282108.1081720043,3.879721450860443,0.3982161289894491,0.3409715085874917,0,99.91,0,2,3140,11099,2671,944,372,0.0007362873645176,0.0002901471394073,1.5599308570288564e-06,95.3810909115626
23080560,가정3동,0,588929.4525350941,11.365255231719129,1.1721810670045592,2.2828568420738904,0,30.75,0,1,894,5363,2565,777,304,0.0013193430836955,0.0005161908590005,1.697996246712471e-06,85.17970685920243
23080580,석남1동,0,1146365.032019579,14.17206422711594,9.326131723495944,1.8205021631570832,0,44.9,0,3,2169,11980,6544,5201,2015,0.0045369492741695,0.0017577298187755,2.6169674721224334e-06,74.68130188623104
23080590,석남2동,0,2721862.5582637764,4.550980697007253,7.921830020944204,0.92562835719419,0,44.04,0,3,1238,6677,4154,14365,3433,0.0052776360644419,0.0012612686814639,1.1021864387974904e-06,86.60156092485435
23080600,석남3동,0,1449821.494738116,7.87766287317652,1.4996722905663218,2.370333854438611,0,33.91,0,4,1321,7336,3985,1596,644,0.0011008251745345,0.0004441926142858,2.7589603371792595e-06,88.25233098181855
23080620,가좌1동,0,4342249.085896852,2.370527572966081,8.190681307160013,0.3299593654121487,0,23.98,0,2,1310,7608,3649,25358,4349,0.0058398308107891,0.0010015547044767,4.6059080454209196e-07,89.10883175446176
23080630,가좌2동,0,723919.4464038014,8.455768689585916,3.512009710502257,3.925313258333539,0,88.25,0,2,2603,10617,5325,2778,1055,0.0038374435356887,0.0014573444672971,2.762738326629749e-06,84.10690834157829
23080640,가좌3동,0,1940273.52476485,5.898869490110061,5.928569176793902,1.4231459857774555,0,53.42,0,4,1534,8690,5353,13756,2194,0.0070897220543151,0.0011307684055806,2.0615650056164946e-06,86.74941534731857
23080650,가좌4동,0,1898898.0198047769,3.532466510951799,4.69976978289807,1.6593217651560273,0,79.47,0,1,1547,6833,3473,6817,1212,0.0035899768859967,0.0006382649238415,5.266212242917302e-07,90.1084419409941
23080730,신현원창동,0,10077340.6571345,1.5709132996162274,6.283770916802621,0.9415164070636324,0,65.54,0,2,4814,17224,7700,19682,3809,0.0019530946377252,0.0003779767033378,1.984650581978755e-07,91.20379937651752
23080740,청라1동,0,2468432.7649937603,3.0362705712570204,6.2319176249474815,1.5589619416154372,0,96.7,0,0,7372,19431,3505,13310,3836,0.0053920852893798,0.0015540224770894,0.0,89.17284986218006
23080780,청라2동,0,4919153.608087285,2.83925897751992,3.420732366058523,0.8215822516632195,0,96.74,0,0,11924,29224,6390,8636,3277,0.0017555865679381,0.000666171512637,0.0,92.91842640475834
23080790,청라3동,0,13193758.12190356,1.4131118928003488,1.5260057422976168,1.1635805339688536,0,83.05,0,1,9088,22384,3916,9978,2255,0.0007562667064077,0.0001709141534324,7.579341615631839e-08,95.89730183093316
23080800,검단동,0,8023444.208917703,2.950542591353853,2.3794992151056755,0.6578789365817959,0,74.61,0,2,5288,20169,6976,8992,2886,0.0011207157133335,0.000359695901766,2.492695091933956e-07,94.01207925695869
23080810,불로대곡동,0,10778818.16820961,1.043312417239309,1.0839253173583057,0.2486604726474496,0,89.08,0,0,4077,13987,5149,4268,1578,0.0003959617773851,0.000146398239155,0.0,97.62410179275494
23080840,오류왕길동,0,30001742.756051823,0.5173816626256773,2.5759962890431205,1.197905429435128,0,81.69,0,5,4291,14342,5632,33111,5699,0.0011036358877288,0.000189955631789,1.6665698525095697e-07,95.70871661889608
23080850,당하동,0,2337751.830600193,5.6326358516359445,3.026864852884988,1.1483529874314522,0,76.91,0,3,5283,18037,5361,5570,1499,0.0023826310077345,0.0006412143412197,1.283284205243013e-06,90.1921463080476
23080860,마전동,0,1212445.5446917498,7.535659489244429,4.389950237517867,2.021855048515038,0,85.19,0,2,4307,13213,4140,4629,1545,0.0038179034268616,0.0012742840342409,1.6495586203766214e-06,86.05253522472266
23080870,원당동,0,2617157.2762236046,5.403155618941293,1.9110778781572089,1.2532387502039342,0,80.34,0,0,4683,14214,3859,4904,1744,0.0018737888030395,0.0006663718744904,0.0,91.43252775269757
23080880,아라동,0,3959671.7114068153,3.8711659110068304,1.7633786620463965,0.8321284750728235,0,99.95,0,1,18118,41419,6015,6574,2295,0.0016602386458062,0.0005795935035177,2.525461888966014e-07,93.53332695187396
23090520,숭의2동,0,531473.4413861771,23.91874821351213,13.100945350714454,2.306354501020087,0,30.57,0,1,1746,7804,4250,6864,1747,0.0129150385802314,0.0032870880535641,1.8815615647190327e-06,60.673951934753326
23090540,숭의4동,0,792683.9645430506,22.727117224666127,4.792341054412573,2.901438193080928,0,17.61,0,1,1977,8363,4695,2025,870,0.0025546120403,0.0010975370247215,1.2615368100247154e-06,69.57910352784037
23090560,용현2동,0,665065.2343473,11.77982755513183,5.934871973644295,1.375048132028562,0,85.07,0,2,2971,11472,5061,3339,1311,0.0050205601308068,0.001971235199607,3.0072237980274866e-06,80.91025233919531
23090570,용현3동,0,431558.8466091296,27.65983339912177,12.072822176743715,1.7289022135699863,0,7.98,0,1,523,3744,2886,2080,852,0.0048197366739087,0.001974238291428,2.3171810932253827e-06,58.538442210564526
23090590,용현5동,0,1957900.9924714027,9.203252683831074,7.034739842921317,2.166511680230466,0,78.64,0,2,7909,27283,10706,8584,3075,0.0043842870671007,0.0015705594980585,1.02150211255843e-06,81.59549579301714
23090600,학익1동,0,5110100.169570089,3.382920689618159,3.82426348687878,2.0706504473652174,0,86.67,0,1,4908,16793,7694,8761,2116,0.0017144478012688,0.0004140819024637,1.956908801813513e-07,90.72216537613784
23090610,학익2동,0,836011.7468903657,11.961760210545036,7.299450566680794,3.5593054661207533,0,74.35,0,0,2271,9835,5714,7511,1642,0.0089843235191946,0.001964087234525,0.0,77.17948375665341
23090620,도화1동,0,1003167.2694083796,19.64456702692753,8.885447253608644,2.1560689619390327,0,45.75,0,5,2699,12361,6051,4951,1640,0.0049353683587289,0.0016348220780277,4.984213652523692e-06,69.3139167575248
23090650,주안1동,0,647514.0515765405,16.489918515569947,23.169721993604742,2.3523502181467943,0,61.69,0,4,1855,13944,4057,11401,2970,0.0176073399056981,0.0045867730479715,6.177472118480195e-06,57.98800927267852
23090660,주안2동,0,1008387.524117816,23.00779635441738,5.831440338226258,2.935213333858349,0,38.5,0,1,2795,12547,6527,3324,1288,0.0032963517699953,0.0012772867267611,9.91682241274186e-07,68.225549973498
23090670,주안3동,0,459175.30140411615,20.946116075762365,6.881948217298016,2.986735561762979,0,45.92,0,0,1650,7124,3457,2391,625,0.0052071616061152,0.0013611359279891,0.0,69.18520014517664
23090680,주안4동,0,980424.8298038936,22.84192387006112,9.974840178951888,2.0783963104030336,0,50.93,0,2,2291,9879,5532,5832,1525,0.00594844175979,0.0015554481624965,2.0399320163889e-06,65.10483964058396
23090690,주안5동,0,1163641.8821710022,12.15538922490422,7.842862477920197,3.2449546205108564,0,54.71,0,5,2062,11800,5957,10355,2186,0.008898785922514,0.0018785848408127,4.296854622169967e-06,76.75679367666473
23090700,주안6동,0,658445.183844534,15.532207994683066,16.671159429915757,3.075933747068012,0,63.6,0,4,3150,12261,5619,8499,2192,0.0129076804089399,0.0033290546483581,6.074917241529546e-06,64.72069882833317
23090710,주안7동,0,483672.2261900338,21.753006178461685,13.25844615070496,2.856505287008103,0,42.82,0,0,1135,6024,4449,2939,1275,0.0060764291203781,0.0026360827249003,0.0,62.13204238382525
23090720,주안8동,0,776416.6453795775,17.36187726675736,7.824369356111872,3.048372872914117,0,60.52,0,0,2432,10917,6123,4815,1315,0.0062015671979623,0.0016936782690177,0.0,71.76538050421665
23090730,관교동,0,899128.9866761123,8.06256076727985,7.288592875354382,4.165305466557736,0,82.04,0,2,1867,7785,4670,5471,1443,0.0060847776915348,0.0016048865305949,2.224374955779514e-06,80.48354089080803
23090740,문학동,0,1712652.002670394,7.39371060719258,2.639006537499178,1.2962069267955152,0,5.85,0,2,1740,9054,3274,3239,1008,0.0018912189954122,0.0005885608976151,1.167779558760268e-06,88.67107592851272
23090750,숭의1·3동,0,716628.8402033298,15.676129249756832,13.373042505213007,0.9179131112357494,0,70.04,0,3,2130,9689,3914,7742,3196,0.0108033609109219,0.0044597702752914,4.186267467420017e-06,70.0329151337944
23090760,용현1·4동,0,1258625.0061182696,20.85793688509752,6.847209393601446,5.312568640832665,0,8.55,0,1,1380,10307,5566,7329,1681,0.0058230211256847,0.0013355844606734,7.945178231252204e-07,66.98228508046837
23090770,도화2·3동,0,2873388.406609047,7.498406783906315,6.496450527942353,3.393312233904279,0,60.41,0,2,5204,18277,7835,17181,3298,0.0059793517508535,0.0011477738242427,6.960423433855523e-07,82.61183045424706
23310110,강화읍,0,25001807.38348573,0.0,0.0,0.0,0,12.89,0,0,3342,10644,8313,10028,2922,0.0004010910029896,0.0001168715507315,0.0,100.0
23310310,선원면,0,21402707.9287831,0.0,0.0,0.0,0,41.53,0,0,1070,3586,3275,2441,824,0.0001140509886936,3.849980118130152e-05,0.0,100.0
23310320,불은면,0,31610837.52908328,0.0565469628077831,0.0292541365705853,0.0065271960149446,0,0.0,0,0,371,1768,2928,2398,545,7.586005900011292e-05,1.7240922500025663e-05,0.0,99.90767170460668
23310330,길상면,0,35365733.26261098,1.016683768277865,0.8451420381158129,0.4298868134991374,0,2.45,0,0,656,2937,3639,3052,1248,8.62982248193831e-05,3.528839599429558e-05,0.0,97.70828738010718
23310340,화도면,0,42404012.36930039,0.7381563082418019,0.7307464454644421,0.356929265533875,0,0.0,0,0,320,1614,2618,1699,826,4.00669631261036e-05,1.947928872405037e-05,0.0,98.17416798075988
23310350,양도면,0,35616561.03078054,0.1013302559014881,0.0569179720148263,0.092710776259704,0,0.0,0,0,320,1453,2442,1064,389,2.9873743258934275e-05,1.0921885458388564e-05,0.0,99.74904099582398
23310360,내가면,0,29864424.76334425,0.0,0.0,0.0,0,0.0,0,0,184,995,1850,956,407,3.201133146127359e-05,1.3628255130479449e-05,0.0,100.0
23310370,하점면,0,36369521.83549997,0.0,0.0,0.0,0,0.73,0,0,237,1310,2462,915,342,2.5158428096423997e-05,9.40347804259782e-06,0.0,100.0
23310380,양사면,0,27285312.176475137,0.0,0.0,0.0,0,0.0,0,0,141,583,1189,426,171,1.561279553059806e-05,6.267108065099222e-06,0.0,100.0
23310390,송해면,0,22294620.57216245,0.0,0.0,0.0,0,0.0,0,0,267,1141,1844,697,267,3.126314698847025e-05,1.1975983136185878e-05,0.0,100.0
23310400,교동면,0,47026965.10923379,0.0,0.0,0.0,0,0.0,0,0,141,869,1745,697,292,1.482128388214861e-05,6.209203577600278e-06,0.0,100.0
23310410,삼산면,0,45594610.00837289,0.0,0.0,0.0,0,0.0,0,0,111,677,1312,840,406,1.8423230286333408e-05,8.904561305061148e-06,0.0,100.0
23310420,서도면,0,13133662.466184698,0.0,0.0,0.0,0,0.0,0,0,24,112,242,118,47,8.984546412984596e-06,3.578590520426068e-06,0.0,100.0
23320310,북도면,0,19219096.668513216,0.5622687206468321,0.4492591488798695,0.4161833000158341,0,0.0,0,0,71,412,679,625,276,3.251973861100438e-05,1.4360716570619534e-05,0.0,98.57228883045748
23320320,연평면,0,7290845.820422568,0.0,0.0,0.0,0,20.18,0,0,177,1279,629,475,176,6.515019130823124e-05,2.4139860358418315e-05,0.0,100.0
23320330,백령면,0,51352952.29440467,0.0,0.0,0.0,0,10.06,0,0,516,2706,1653,1396,517,2.7184415649493905e-05,1.0067580867326896e-05,0.0,100.0
23320340,대청면,0,15839095.692613175,0.0,0.0,0.0,0,0.0,0,0,85,589,527,407,141,2.56959114269102e-05,8.902023369027859e-06,0.0,100.0
23320350,덕적면,0,41503866.91762053,0.2406141417897914,0.1517664036245346,0.1827415620387336,0,0.0,0,0,134,659,1147,553,191,1.3324059685751589e-05,4.601980831787619e-06,0.0,99.42487789254696
23320360,자월면,0,20182449.54706636,0.3165209391998101,0.3684314546164235,0.096479054516425,0,0.0,0,0,30,358,590,387,211,1.917507580520924e-05,1.0454627893796253e-05,0.0,99.21856855166736
23320370,영흥면,0,29845537.197176337,0.9051473996625816,0.9572840909415508,0.6745635167492249,0,3.03,0,0,631,3087,2858,3805,1101,0.0001274897474574,3.688993743774181e-05,0.0,97.46300499264665
31011540,파장동,0,8638370.87660329,2.21447286658335,1.9415024142216044,0.8426509771773024,0,55.54,0,0,3303,14757,6798,12695,2275,0.001469605806619,0.0002633598432499,0.0,95.00137374201776
31011550,율천동,0,2996941.749676557,7.49823710431863,2.945141039602194,3.8062948764704174,0,69.38,0,1,5788,27153,7451,11720,2832,0.003910653252178,0.0009449633114478,3.336734856807236e-07,85.75032697960876
31011560,정자1동,0,1147008.1895737827,7.640074270708157,4.236912328764117,1.6020059810625609,0,93.35,0,0,4825,16609,6127,4087,1372,0.0035631829285221,0.001196155365288,0.0,86.52100741946516
31011570,정자2동,0,1215190.39647067,15.557769835560556,8.034163519096102,3.207329470179443,0,75.1,0,1,6874,23020,7831,9611,2525,0.0079090486789844,0.0020778636889434,8.229163124528585e-07,73.2007371751639
31011580,영화동,0,1281458.5679208382,17.893252911247714,12.236386501175788,3.489834790923452,0,14.3,0,0,1615,10376,6633,8050,2651,0.006281904231206,0.0020687364120406,0.0,66.38052579665305
31011590,송죽동,0,1675128.4984900448,8.711601353225289,5.691111385758325,2.4980418386342707,0,41.03,0,0,2389,11137,4980,8761,2562,0.0052300465354418,0.001529434907408,0.0,83.09924542238211
31011600,조원1동,0,1634290.3934578649,13.28613493929537,5.748231819125402,2.228496696470498,0,49.53,0,0,3776,16862,7944,5877,1913,0.0035960561375688,0.0011705386066308,0.0,78.73713654510874
31011610,연무동,0,11566580.688624931,1.8019641889534983,0.8232197860020453,0.3553885636320363,0,36.19,0,0,1662,9933,5654,6925,1389,0.0005987076203777,0.0001200873479717,0.0,97.01942746141242
31011620,정자3동,0,1907339.2233128096,6.090543748944839,4.354312709689975,4.579326652562997,0,97.79,0,1,8369,25119,6153,10069,2454,0.0052790819152025,0.0012866090992061,5.242905864735913e-07,84.97581688880219
31011630,조원2동,0,1255613.1540954723,3.585815907454547,3.840714967548839,3.1035301815906213,0,99.56,0,0,2781,10230,4700,3613,894,0.0028774786152777,0.0007120027351393,0.0,89.46993894340599
31012520,세류1동,0,786327.9041242163,9.478706087926412,3.800938690774451,2.1463084857828005,1,69.11,5,3,1238,5973,2475,1990,642,0.0025307508350362,0.0008164532844689,3.815202263873797e-06,84.57404673551633
31012530,세류2동,0,4152129.6459888727,6.315645313870383,3.044671827329722,0.5102436490741438,0,18.77,0,1,2285,14187,6424,5728,1998,0.0013795330320477,0.0004811988474216,2.408402639748093e-07,90.12943920972576
31012540,세류3동,0,876174.141686351,21.669922642299262,8.22598107880736,2.448988301268911,0,26.46,0,1,1902,10549,5351,5303,1987,0.0060524497900987,0.0022678140171461,1.1413256251364723e-06,67.65510797762447
31012550,평동,0,10857218.625844011,2.422393191442214,4.655922895412161,0.6568467409317917,1,78.73,5,4,6131,24853,9978,40776,5560,0.0037556580009267,0.0005121016893553,3.684184815505975e-07,92.26483717221384
31012560,서둔동,0,5441480.286954768,6.385386950936238,5.37600888600078,1.685880388778605,1,32.97,5,3,4594,23322,9698,12768,3656,0.0023464203353977,0.0006718759982937,5.513205675276619e-07,86.55272377428437
31012570,구운동,0,1941000.114314264,7.213047040827564,7.990615800770401,1.3824296260557103,0,63.79,0,0,2708,14048,6394,6290,1978,0.0032405974392174,0.001019062278978,0.0,83.41390753234633
31012600,권선1동,0,1219242.0335503058,12.245783281397804,18.9131200275999,2.300444983574756,0,49.29,0,3,2290,16749,5138,14568,3339,0.0119484069602325,0.0027385866859017,2.4605450906574363e-06,66.54065170742754
31012610,곡선동,0,3596028.8383278945,4.9108005187481805,3.8194704121850354,1.0329397842679051,0,86.72,0,1,4967,24871,5211,9459,3028,0.0026304015972163,0.0008420399657861,2.780845329544704e-07,90.23678928479887
31012620,입북동,0,6947168.782964286,0.9713828038757476,1.1758998304266892,0.3490508491435522,0,93.24,0,0,3441,12470,3737,2641,1102,0.0003801548634419,0.000158625770357,0.0,97.503666516554
31012640,권선2동,0,2457543.2492936,7.830036632670106,4.656166417483129,1.872560255817296,0,97.45,0,2,9276,28768,8461,7667,2292,0.0031197823282144,0.0009326387239164,8.138208760178461e-07,85.64123669402947
31012650,금곡동,0,4095864.759618282,3.2518558841375493,2.8469519228860025,1.5745390490965054,0,96.39,0,0,8585,26795,8647,9852,3107,0.0024053528566441,0.000758569968087,0.0,92.32665314387994
31012660,호매실동,0,4748119.36203412,2.9781895568658494,2.277553272994792,1.149592160811923,0,92.66,0,0,10417,26791,7443,8028,2921,0.001690774681061,0.0006151909371424,0.0,93.59466500932744
31013530,지동,0,792689.9859670645,25.74715209209145,9.962529938259063,2.4021236358787506,0,13.76,0,0,800,5217,3824,5181,1014,0.0065359725638692,0.001279188608331,0.0,61.888194333770734
31013540,우만1동,0,1304417.9340975764,12.27508024533438,6.6755948458809335,2.6397733000576538,0,43.79,0,0,1662,11456,5620,5754,1746,0.0044111629022768,0.0013385280548097,0.0,78.40955160872704
31013550,우만2동,0,806373.9123451172,9.16957457668188,7.109493357817192,2.889522560724353,0,87.0,0,0,2400,10986,3416,4981,1168,0.0061770351491808,0.0014484595571658,0.0,80.83140950477657
31013560,인계동,0,2919529.8222320825,8.126476962069713,15.58156387238284,1.3097042640140224,0,71.39,0,2,5719,31613,8276,47946,9130,0.0164225073622229,0.0031272158723792,6.850418121312697e-07,74.98225490153342
31013670,매교동,0,723059.4262438224,9.02902283522757,11.437529447782197,3.247210859392847,0,84.11,0,1,4121,13911,3422,3702,1292,0.0051199111242904,0.0017868517484017,1.383012189165432e-06,76.28623685759739
31013680,매산동,0,831471.8674998013,10.776205535947572,22.4478474217757,1.411106094317935,1,45.54,5,2,777,6129,2972,11681,3091,0.0140485811444033,0.0037175040079916,2.4053730236115586e-06,65.3648409479588
31013690,고등동,0,1013302.870482598,16.905178626541257,5.461899308946148,2.171350370699329,1,65.4,5,2,2968,12266,4669,2968,1260,0.0029290354211245,0.0012434584334962,1.9737435452321757e-06,75.46157169381327
31013700,화서1동,0,954281.7774610998,21.91419856559977,8.20502394340708,2.561201212327397,0,41.75,0,0,2943,12087,6184,4875,1915,0.0051085540089836,0.0020067448055802,0.0,67.31957627866575
31013710,화서2동,0,1952811.108734876,4.416492146857219,2.567375456693868,3.2910200079281395,0,94.23,0,1,3861,15143,5338,5476,1367,0.0028041626634946,0.0007000165012777,5.120822979354756e-07,89.72511238852077
31013720,행궁동,0,1560870.4584030416,10.882434630096933,13.332444298074073,3.697673392980056,0,1.49,0,0,565,5274,3594,8073,3009,0.0051721140319408,0.0019277704845918,0.0,72.08744767884895
31014510,매탄1동,0,600865.9147399903,16.255599009926193,6.508583780152505,2.08943983267816,0,73.29,0,0,1829,7355,2520,1827,771,0.003040611815633,0.001283148171786,0.0,75.14637737724314
31014520,매탄2동,0,607867.9924610977,15.589261942474286,10.744016768863393,3.93198638524161,0,62.91,0,0,1905,8553,3472,4052,1136,0.0066659209732821,0.0018688268079093,0.0,69.73473490342072
31014530,매탄3동,0,3182368.1889605806,4.433271080314852,4.932850732574615,2.024820273610085,0,89.87,0,2,5950,23103,5459,45811,2546,0.0143952545022198,0.000800033135331,6.284627928759405e-07,88.60905791350045
31014540,매탄4동,0,744992.8615347812,13.59330564231444,7.182077146010281,2.110159723876152,0,89.29,0,0,2622,13116,4555,2401,1113,0.0032228496727088,0.0014939740465326,0.0,77.11445748779913
31014600,원천동,0,3236457.808396089,4.596698351288513,7.775233715667736,3.5419126654845443,0,90.39,0,1,9262,29818,6367,24527,4348,0.0075783469002116,0.0013434440543939,3.089797733196733e-07,84.0861552675592
31014620,광교1동,0,7966171.854025573,2.303172303806557,3.956666509428095,1.7082661341997492,0,87.6,0,2,11212,35845,6015,32061,5300,0.0040246432775308,0.0006653132893831,2.5106161863515694e-07,92.0318950525656
31014630,광교2동,0,4142007.101563594,1.5266209482912352,3.691679198935849,0.6485502371482922,0,98.42,0,2,5848,17790,5074,13110,3411,0.0031651321879721,0.0008235137981062,4.82857694580045e-07,94.13314961562462
31014640,영통1동,0,1687406.7071286,4.962287591431244,2.6916344190091985,2.684115146477354,0,98.78,0,1,6636,21431,5128,3750,1331,0.0022223450838114,0.0007887843484141,5.926253556830636e-07,89.66196284308221
31014650,영통2동,0,1368287.5199494923,7.253707152031708,10.062245268119948,1.5530716167440497,0,95.53,0,3,3767,19084,2542,16848,3206,0.0123132015415143,0.0023430747947587,2.192521642007532e-06,81.13097596310429
31014660,영통3동,0,1697975.628317635,5.754811829335556,11.329556404059296,2.118968352810746,0,94.42,0,2,5712,21478,4434,16347,4225,0.0096273466634503,0.0024882571513474,1.1778732077384608e-06,80.7966634137944
31014670,망포1동,0,1026629.8954054178,9.916661422390971,4.923522050156428,1.5914783728210549,0,93.61,0,1,7042,20244,4398,3837,1370,0.0037374715241926,0.0013344633797612,9.74060861139601e-07,83.56833815463155
31014680,망포2동,0,1418998.8999447024,5.998636066245002,3.365895720607711,1.746807028456837,0,96.39,0,1,9202,21052,3208,4411,1376,0.003108529541595,0.0009696977214315,7.047221812729539e-07,88.88866118469045
31021510,신흥1동,0,322595.9436582764,32.00575108803555,19.43923853829032,1.6762304242351058,0,8.04,0,2,958,7502,4205,4156,1366,0.0128829890194577,0.004234399182045,6.199705976639894e-06,46.87877994943902
31021520,신흥2동,0,1140282.7340541172,5.421370684284288,2.00965227787644,1.512663527266261,0,95.33,0,3,4822,17673,6400,3537,1233,0.0031018622788347,0.0010813107689576,2.6309264451524284e-06,91.056313510573
31021530,신흥3동,0,321158.54014481086,23.63686370017432,22.526643392860617,1.6036226470071977,0,8.53,0,3,846,6536,3445,4380,1487,0.0136381240177784,0.0046301119667663,9.341180834094848e-06,52.23287025995786
31021540,태평1동,0,1341075.285343589,8.545841457698575,4.278052454518695,1.5448778780487529,0,17.19,0,2,1017,8722,4637,4917,1654,0.003666460827144,0.0012333386634322,1.4913405845613491e-06,85.63122820973398
31021550,태평2동,0,482254.4131303171,24.550485897406137,12.47448756437834,2.679610689020281,0,16.38,0,0,1405,8674,4351,4028,1088,0.0083524378217105,0.0022560705933518,0.0,60.29541584919525
31021560,태평3동,0,371118.3766184005,26.23255976735706,12.408806573454804,4.964203669084688,0,17.87,0,2,1168,7212,4062,2617,1165,0.0070516583516433,0.0031391600992222,5.3891160501669055e-06,56.39442999010345
31021570,태평4동,0,404262.6538805044,25.02028079144665,6.536426518858534,3.219470251551277,0,25.36,0,0,1319,7075,3514,2193,731,0.0054246910489881,0.0018082303496627,0.0,65.22382243814354
31021580,수진1동,0,333161.68894740375,33.944195753303546,15.668751694919584,1.7220532983650436,0,3.1,0,4,764,6513,4287,2831,1400,0.0084973755801855,0.0042021638333661,1.2006182381046272e-05,48.66499925341183
31021590,수진2동,0,923875.4457980378,12.059186488925745,7.530524950183032,3.280268774162552,0,46.13,0,3,1449,8456,5110,5155,1390,0.0055797564740898,0.0015045318135761,3.2471909645527456e-06,77.13001978672867
31021600,단대동,0,802478.6311713601,8.806612778433061,4.554472123910382,3.4280536407873266,0,57.08,0,3,1897,8442,4235,3604,1008,0.00449108531986,0.0012561082137677,3.738417302880181e-06,83.21086145686922
31021610,산성동,0,584530.4312580619,16.98122826185163,4.902330411476251,6.298982693067622,0,0.0,0,2,599,2653,1471,971,301,0.0016611624443462,0.0005149432499981,3.421549833874796e-06,71.8174586336045
31021620,양지동,0,1259358.8899351556,5.173904143992727,1.724110662272281,1.7214381420907927,0,21.13,0,1,1139,5374,2818,1976,588,0.0015690523295436,0.0004669042357144,7.94054822643567e-07,91.3805470516442
31021640,신촌동,0,4979344.64251297,1.5585276325236057,0.6073188704102689,0.3589821833731205,0,61.48,0,0,879,2864,832,1239,300,0.0002488279259521,6.024889248236368e-05,0.0,97.475171313693
31021650,고등동,0,12312881.271767534,0.6733273204840754,0.588224412680332,0.36481493206108,0,88.68,0,0,2111,7466,2299,5291,1340,0.0004297125817437,0.0001088291172815,0.0,98.37363333477452
31021660,시흥동,0,12939262.702320512,0.6460605495596891,1.2366909267021708,0.5877438538197216,0,21.84,0,0,263,2228,906,16814,1438,0.001299455802607,0.0001111346166378,0.0,97.52950466991842
31021670,복정동,0,3556491.412175281,1.6620282391490655,2.7075302989313466,2.7796243850284617,0,0.0,0,5,936,7589,1832,9923,1484,0.0027901093662146,0.0004172651717688,1.405879958789991e-06,92.85081707689112
31021680,위례동,0,3163805.103331231,5.497511011398777,3.561621950536856,1.5099444154129291,0,95.74,0,4,9186,26773,9028,17883,4511,0.0056523709317979,0.001425814755541,1.264300381769939e-06,89.43092262265144
31022510,성남동,0,1999238.5482690777,8.66841743498913,9.446316673893412,2.4915984962742805,0,41.06,0,4,2856,20378,9196,14022,4578,0.0070136702856544,0.0022898718134165,2.0007617417357e-06,79.39366739484318
31022530,금광1동,0,605703.1643668589,10.169945886290368,4.932456339670067,3.75816561708078,0,90.22,0,1,3348,12311,3908,2528,893,0.0041736615370018,0.0014743195223665,1.6509737092570575e-06,81.13943215695878
31022540,금광2동,0,1093936.1946973717,13.830986327570502,6.1690769058119255,4.197201531809227,0,41.36,0,2,2811,14776,7104,5112,2030,0.0046730330568936,0.0018556840973188,1.8282601944028376e-06,75.80273523480835
31022550,은행1동,0,272917.98311842635,17.195128016347418,2.2571248236540025,2.421996809273633,0,33.4,0,1,1274,5893,2509,707,331,0.0025905218553051,0.0012128185772362,3.664104462949341e-06,78.12575035072494
31022560,은행2동,0,2405438.6022241386,5.086418080807379,1.642151520571581,0.8029549348408235,0,27.17,0,1,2383,12916,6876,2649,1284,0.0011012544645868,0.0005337903860058,4.157245996930512e-07,92.46847546378022
31022570,상대원1동,0,6785851.562659184,2.145266178432538,4.052092606286602,0.4950584561111492,0,54.1,0,0,2737,14443,7156,46392,6318,0.0068365774835416,0.0009310548487027,0.0,93.3075827591697
31022580,상대원2동,0,513822.1354737034,23.258285057483057,10.345287857872547,2.2164576269229657,0,9.99,0,0,316,1819,1034,4436,852,0.0086333376739871,0.0016581613386467,0.0,64.17996945772143
31022590,상대원3동,0,305658.1345080642,32.57625216872351,12.516666924768186,3.4206876081430964,0,1.58,0,0,1071,6654,4033,1828,1010,0.0059805377104791,0.003304345233908,0.0,51.486393298365215
31022600,하대원동,0,2337584.1676375675,4.305485129868071,3.1104441744869296,1.3788205040817991,0,65.09,0,2,2587,11299,5707,5958,1802,0.0025487852298365,0.0007708813333611,8.555841657726078e-07,91.2052501915632
31022610,도촌동,0,9391862.55162816,1.3051748982854785,1.4152204687888537,0.649316315388914,0,93.03,0,0,4956,15474,6098,9026,2051,0.0009610447289207,0.0002183805383355,0.0,96.63028831753677
31022620,중앙동,0,678680.8426891365,12.459727086020925,9.923286868375648,1.2994449572277145,0,74.48,0,3,2573,10037,4315,1729,932,0.0025475892219437,0.001373252258445,4.420339887698759e-06,76.31754108837572
31023510,분당동,0,3383924.964477343,5.182116873859317,0.9201699893366408,0.7352931802495567,0,70.02,0,0,4293,14913,5682,3475,893,0.0010269140233511,0.0002638947403892,0.0,93.16241995655449
31023520,수내3동,0,1049032.4147462875,5.7524394609087,2.672269238006286,1.5142817972165297,0,87.85,0,0,3118,8204,2114,2333,734,0.0022239541573574,0.0006996923924133,0.0,90.06100950386849
31023530,수내1동,0,1021721.971303848,4.034625037975151,10.499920136044004,1.6941980943996495,0,100.0,0,2,3311,11123,3404,23859,3498,0.0233517538722587,0.0034236319646741,1.9574796824895225e-06,83.77125673158119
31023540,수내2동,0,822699.8582144559,3.3063150315137344,1.4214154303926307,1.093852023499,0,100.0,0,2,2982,5750,1623,1889,695,0.0022960986088861,0.0008447795305324,2.431020231748166e-06,94.17841751459464
31023550,정자2동,0,501934.4775881498,7.250887717639936,1.935541388814842,1.9012913530033253,0,100.0,0,0,1907,8973,3734,1381,537,0.0027513551302718,0.0010698607566661,0.0,88.9122795405419
31023560,정자3동,0,1968712.9082825368,3.0834649351956545,2.9491041345880102,1.5107939963032762,0,93.45,0,0,3295,10260,3342,7681,670,0.0039015338232641,0.0003403238720982,0.0,92.45663693391306
31023580,서현1동,0,7484774.903812579,1.458506215580468,3.151819060578956,0.3273237132619549,0,90.68,0,1,6061,19059,5901,37303,5423,0.0049838506139909,0.0007245374870566,1.3360455228777637e-07,95.06235101057862
31023590,서현2동,0,780059.3665657,8.17674236023738,3.703272153239021,3.8016775119985593,0,89.11,0,0,3268,10708,3783,3221,1190,0.004129172904031,0.0015255249164225,0.0,84.31830797452504
31023600,이매1동,0,2882911.0894002933,3.888415558928988,1.5404302770752625,1.183315861505126,0,88.45,0,3,4818,14769,5258,5363,1299,0.0018602724238356,0.0004505862164017,1.040614818479767e-06,93.38783830249062
31023610,이매2동,0,635513.413085204,7.358684224328295,2.434268378434307,2.274945657899828,0,100.0,0,2,2549,7368,3229,2299,740,0.0036175475648939,0.0011644128743025,3.1470618224392807e-06,87.93210173933757
31023620,야탑1동,0,1151192.631858954,4.2082989441114655,12.307890071984204,1.4115904471294505,0,96.27,0,1,2286,10132,4390,25254,3727,0.0219372495105361,0.0032375120347575,8.686643506191542e-07,82.07222053677488
31023630,야탑3동,0,5104612.582942959,2.7324734163375366,2.55520124303245,1.195098917540906,0,68.13,0,3,3487,16195,7156,13664,2619,0.0026767947181009,0.0005130653810528,5.8770375836525e-07,93.51722642308911
31023640,야탑2동,0,622753.1162588327,8.090620961043339,4.309806474591685,2.233337599394526,0,97.72,0,1,2697,8709,4468,8635,891,0.0138658479169655,0.0014307435430244,1.6057727755605734e-06,85.36623496497045
31023670,구미동,0,3755051.8651012057,4.728915180692362,4.963153522090392,0.8930156407175708,0,86.16,0,2,4070,16732,7871,23169,2632,0.0061700878795488,0.0007009224092094,5.326158124691495e-07,89.41491565649967
31023680,운중동,0,17571575.008125495,1.539102360619795,0.5904684458662169,2.1484924522033726,0,79.48,0,0,7517,20947,6092,8594,2206,0.0004890853549565,0.0001255436691917,0.0,95.7219367413106
31023710,금곡동,0,5758613.115250431,2.192709601033014,2.229226296621687,0.4236175387062747,0,85.23,0,4,3797,16026,7260,14262,2668,0.0024766379880956,0.0004633059986144,6.946116920756365e-07,95.15444656363904
31023720,구미1동,0,3544160.8244720898,2.3651871166061897,2.16351831182285,1.1130239739444705,0,75.48,0,4,2480,10294,3721,10208,2271,0.0028802304707748,0.0006407722765605,1.128616955632797e-06,94.35827059762649
31023740,삼평동,0,2794522.036088597,2.952436119390948,10.396011894015414,1.689003323372703,0,100.0,0,2,5053,14477,4409,96004,4677,0.0343543542544506,0.0016736314616897,7.156858933888312e-07,84.96254866322093
31023750,판교동,0,4572927.3405391015,4.14309557536321,1.744513088925213,1.6733653029571167,0,81.81,0,0,6499,15721,4292,6261,1474,0.0013691448679891,0.0003223318216604,0.0,92.43902603275446
31023760,백현동,0,1931244.924967585,4.333584386514902,6.27909640720437,1.3391902370647957,0,97.02,0,2,5002,16272,5574,26195,2420,0.0135637896888215,0.0012530777265488,1.0356014268999117e-06,88.04812896921594
31023770,정자1동,0,1455773.3504959438,6.359144452656558,11.185308438863135,1.2004758878547148,0,100.0,0,3,5048,19526,5674,34858,4184,0.0239446614322795,0.002874073768795,2.0607603504744547e-06,81.2550712206256
31023780,정자동,0,973853.451224718,6.993071643844304,8.279205866002911,2.3138503857356216,0,76.93,0,3,2171,8988,3125,4832,1646,0.0049617321722007,0.0016901927060104,3.08054563671402e-06,82.41387210441717
31030520,의정부2동,0,2318580.949201283,9.16881995236343,8.465704888999364,1.2278601801597246,0,41.04,0,7,3171,18630,7773,20008,4664,0.0086294161982164,0.0020115752273331,3.0190880341621048e-06,81.13761497847747
31030550,호원1동,0,6222574.511163914,2.86244992989656,1.7832808128752622,1.152284499643431,0,67.67,0,7,4352,19051,11080,7528,2065,0.0012097886472041,0.0003318562110091,1.124936308505436e-06,94.20198475758474
31030560,장암동,0,8956291.095410803,0.7049006228725888,0.7826624017271435,0.531242721798958,0,98.14,0,7,2920,10239,5848,3460,932,0.0003863206279404,0.0001040609321504,7.815735247349182e-07,97.98119425360132
31030570,신곡1동,0,2955287.483939297,6.815787952439642,2.626381167009411,1.3297078439154433,0,85.23,0,3,5135,22868,11416,5211,1932,0.00176328023189,0.0006537435056633,1.0151296671790966e-06,89.22812303663551
31030580,신곡2동,0,2434329.366097703,6.116518463370533,3.9379542445244913,2.3766001182300664,0,92.8,0,6,7161,26244,11996,10920,3679,0.0044858350525755,0.001511299190332,2.4647445343821807e-06,87.56892717387491
31030590,송산1동,0,16084116.053745732,1.4649001944530962,1.5855327929501375,0.7034130870887182,0,91.275,0,0,10706,35009,11578,15262,3703,0.000948886463452,0.0002302271376073,0.0,96.24615392550804
31030600,자금동,0,11844592.492936922,1.621187530926619,1.618220705266741,0.5795281457004189,0,69.58,0,7,3601,14913,7288,13391,2350,0.0011305581013423,0.0001984027733667,5.909869844967885e-07,96.18106361810622
31030640,녹양동,0,3824332.491088906,3.6769231172640513,2.379606780063255,1.178588051257938,0,78.86,0,1,2884,11393,5875,5173,1411,0.0013526543552476,0.0003689532757112,2.614835405466155e-07,92.76488205141476
31030650,호원2동,0,4492905.412638145,2.6801857950590726,1.94726023645692,0.680226576417468,0,85.69,0,4,4742,18372,9906,6004,1995,0.0013363290451425,0.000444033385253,8.902925017605427e-07,94.69232739206656
31030670,흥선동,0,6628067.555966498,2.8627522332134743,1.200702636047044,0.9384673764419732,0,38.2,0,4,2610,11038,5720,5153,1406,0.0007774513395467,0.0002121281939457,6.034941506281448e-07,94.99807775429753
31030680,가능동,0,3307758.7089761966,6.639658940057484,3.827044997567445,1.5034396746771694,0,37.57,0,3,2956,13883,7421,6449,2125,0.0019496585353943,0.0006424289638258,9.069585371659342e-07,88.0298563876979
31030690,의정부1동,0,1942528.5463804388,12.67388186918185,16.900148467659818,1.741802446598442,0,68.81,0,10,3973,25474,9519,19314,6524,0.0099427110277935,0.0033585092029266,5.14792949559571e-06,68.6841672165599
31030700,송산2동,0,1448551.7300953765,7.778146812703957,3.939341054981117,4.224528010944427,0,95.22,0,3,5804,19339,6869,5786,1941,0.0039943343960378,0.0013399590498979,2.0710340802131805e-06,84.0579841213705
31030710,송산3동,0,9298812.27386127,1.760632881670102,1.7214343212666336,0.6074215293912265,0,98.13,0,2,10624,27092,7740,12952,3703,0.0013928660584313,0.0003982229010478,2.150812319998974e-07,95.91051126767204
31041510,안양1동,0,606235.3065838999,4.143371685519012,18.752921552355257,1.523737750296443,0,95.5,2,1,1636,7319,2928,7022,2230,0.0115829611433433,0.0036784396681366,1.6495245148594952e-06,75.57996901182929
31041520,안양2동,0,1707895.1018713666,9.362940836207516,5.085103917311729,2.087571551749956,0,56.51,2,1,2717,13779,6487,6827,2038,0.0039973180978618,0.0011932817172172,5.855160535904282e-07,83.4643836947308
31041530,안양3동,0,727658.7357754287,14.056532909348826,6.16002331866844,7.05231944399184,0,37.91,2,1,1716,8886,5085,4954,1346,0.0068081365018626,0.001849768213869,1.374270589798676e-06,72.7311243279909
31041540,안양4동,0,309922.4087719449,12.358257284542429,22.81939172859412,3.094195710392631,0,57.3,2,1,603,3855,2280,5280,1708,0.0170365222080953,0.0055110568051944,3.2266140545635074e-06,61.728155276470815
31041550,안양5동,0,643676.972246775,10.22824928575952,8.792019343197516,4.758298242066443,0,43.99,0,0,1049,5563,3400,4870,978,0.007565906828895,0.001519395662969,0.0,76.22143312897651
31041560,안양6동,0,1439898.6015935575,9.037312103702783,8.114231164794866,2.357464723841392,0,64.3,0,1,3396,16803,6358,10395,2729,0.0072192583480694,0.0018952723455393,6.94493347577628e-07,80.49099200766096
31041570,안양7동,0,1053472.7085000111,4.045150934101894,11.737138884801803,1.1472720730944028,0,94.4,0,1,2741,9157,3108,20688,3650,0.0196379078763798,0.0034647314263721,9.492414866772952e-07,83.0704381080019
31041580,안양8동,0,1168551.1458183138,8.225264733240687,3.738158302942376,2.676801423089444,0,14.57,0,1,757,4764,2818,4543,872,0.003887720290394,0.0007462232210485,8.557605745969823e-07,85.3597755407275
31041590,안양9동,0,6524845.63726193,1.6808930619912177,0.5610558649094273,0.37320460658792,0,59.62,0,0,1812,8987,5725,2086,794,0.0003197010497971,0.0001216887025594,0.0,97.38484646651143
31041600,석수1동,0,10361544.636829369,0.9521719769776918,0.702846633900844,0.6829989818406407,0,76.71,0,2,2498,10695,5671,6013,1279,0.0005803188820536,0.0001234371944364,1.9302141428694065e-07,97.66198240728082
31041610,석수2동,0,3310775.949978688,5.517796411320719,3.3358311100934444,1.7376884714946923,2,62.37,0,3,3888,17515,8694,9633,2044,0.0029095898198828,0.0006173779291851,9.06131989997768e-07,89.40868400709114
31041620,석수3동,0,788396.0647614873,9.360195369827942,2.827176248172605,2.864043533954966,0,39.08,0,0,1755,7161,3619,1674,678,0.0021232982694874,0.0008599738510827,0.0,84.94858484804449
31041630,박달1동,0,450832.8374302368,23.11232449133041,11.079691391144276,1.866113047493736,0,41.68,0,0,1401,7980,4799,3309,1397,0.0073397492933035,0.0030987095082336,0.0,63.94187107003158
31041640,박달2동,0,7421677.838494126,1.1386203043469427,0.7833834305863787,0.8137779235168582,2,85.06,0,1,3885,12457,4917,5879,1206,0.0007921389378422,0.0001624969482969,1.347404214734218e-07,97.26421834154982
31042510,비산1동,0,2096925.7574221413,2.967299984107581,0.9358248976059096,2.31143629027756,0,99.39,2,1,5081,17303,6416,3276,995,0.0015622870711511,0.0004745041623306,4.768886053574841e-07,93.78543882800896
31042520,비산2동,0,476533.6440440459,7.708540599829234,7.513405231905709,2.12628285290248,0,98.78,0,0,2537,8663,3347,2489,700,0.0052231359339608,0.0014689414036852,0.0,82.65177131536258
31042530,비산3동,0,5331645.434964789,1.935549838227502,1.1388682379101478,0.3092983550061273,0,54.28,0,0,1279,6515,3644,5538,1284,0.0010387037299351,0.000240826216908,0.0,96.61628356885622
31042540,부흥동,0,483248.1295732203,7.848235568416767,5.277246576196548,3.0050187944464435,0,100.0,0,1,3146,9469,3902,5364,1354,0.0110998877628894,0.002801873234704,2.069330306280657e-06,83.86949906094024
31042550,달안동,0,433439.2231034867,5.30455065818519,7.361328421464236,2.613514884669111,0,100.0,0,1,1023,6440,2489,5628,1062,0.0129845193971437,0.0024501705045783,2.307128535384468e-06,84.72060603568147
31042560,관양1동,0,3237305.156229086,6.5231334569077,4.113134674895249,1.1311959190896912,0,47.99,0,0,3800,19767,10249,10085,3095,0.0031152454011212,0.0009560420938493,0.0,88.23253594910736
31042570,관양2동,0,1659422.4341558293,5.395619081197723,19.421778753209924,1.51093438789413,0,61.69,0,0,2295,11479,4601,57742,8060,0.0347964441188395,0.0048571116275474,0.0,73.67166777769822
31042580,부림동,0,947004.679160144,5.219827092398345,11.294030884903677,3.214139008777023,0,100.0,0,2,3842,17213,4792,16927,3615,0.0178742517036273,0.0038172989843807,2.1119219830598847e-06,80.27200301392095
31042590,평촌동,0,532978.6172584533,6.774134505974053,11.287234042850486,4.006857427787764,0,95.29,0,0,2562,8541,2944,11654,1833,0.0218657927774428,0.0034391623615112,0.0,77.9317740233877
31042600,평안동,0,830754.9086658291,6.011018922397686,2.784838065738323,2.44956527630218,0,100.0,0,2,5568,13808,3569,4418,831,0.0053180546438684,0.0010002950224207,2.407448910759822e-06,88.75457773556181
31042610,귀인동,0,714894.2610288577,5.760526306271947,12.527217827819184,2.1613833729501963,0,94.63,0,0,4485,9244,2499,5106,1600,0.0071423149943603,0.0022380932218912,0.0,79.55087249295867
31042620,호계1동,0,1005344.3914934322,4.348412858848091,16.796935652674456,2.138862018143636,0,96.84,0,2,4812,13347,3091,22980,5301,0.0228578387607402,0.0052728199856694,1.9893680383585968e-06,76.71578947033382
31042630,호계2동,0,1660282.343669018,4.2340794705885925,6.091171801012976,1.766099984277756,0,88.87,0,4,2590,11432,4825,9983,2051,0.0060128327196919,0.0012353320553028,2.409228776797327e-06,87.90864874412068
31042640,호계3동,0,849204.5748954281,7.782818242878761,7.053832306056491,2.2964160976149195,0,93.38,0,0,3626,13958,5576,5220,1499,0.0061469287310202,0.0017651812581991,0.0,82.86693335344982
31042650,범계동,0,572320.697661908,6.774185650807013,10.645645471786388,2.6520805800477465,0,100.0,0,1,3110,9254,2962,12289,2649,0.0214722271097119,0.0046285238517069,1.7472721221996868e-06,79.92808829735885
31042660,신촌동,0,399996.3210393138,8.194573288130611,8.223040221047064,2.43162499847437,0,96.42,0,0,2241,7276,2869,3139,988,0.0078475721770776,0.0024700227177294,0.0,81.15076149234795
31042670,갈산동,0,729279.9237565736,5.699438091265024,3.4817619846635366,3.2987983870578894,0,89.7,0,0,2032,5830,2653,1846,679,0.0025312639767536,0.0009310553847322,0.0,87.52000153701354
31050870,심곡동,0,2414685.7687038905,21.08226861971012,13.872773376201922,3.172795063149329,0,22.45,0,0,5750,36110,17333,24149,7173,0.0100008872015103,0.0029705728558712,0.0,61.87216294093863
31050880,부천동,0,8290427.23719149,7.283738051630129,9.461619348276914,1.7376869424306565,0,38.05,0,0,10676,49845,24479,60159,13002,0.0072564414690294,0.0015683148320337,0.0,81.5169556576623
31050890,중동,0,1547389.317271524,15.000842771804129,9.493248830454384,3.76489531523176,0,58.24,0,0,5622,23311,10989,20977,4502,0.0135563815555174,0.0029094164924888,0.0,71.74101308250972
31050900,신중동,0,4513084.830732864,8.705546695444557,8.13409561999989,3.010770213883697,0,91.51,0,0,18824,78534,30332,53817,12687,0.0119246595218866,0.0028111592127798,0.0,80.14958747067186
31050910,상동,0,3843843.412491541,6.41882648319093,8.353038756821153,2.336395806493199,0,96.31666666666666,0,0,15384,50940,16167,31197,8652,0.0081160954420089,0.0022508721275847,0.0,82.89173895349472
31050920,대산동,0,4103605.344254728,12.654434644837432,7.535011331131293,2.776711746142247,0,48.81,0,0,9196,44098,23073,19428,6492,0.0047343734034153,0.0015820234782258,0.0,77.03384227788902
31050930,소사본동,0,3004492.353152009,11.531233733577425,5.7252139594505325,2.2250567640834262,0,57.82000000000001,0,0,6834,30212,16684,11862,3844,0.0039480879315655,0.0012794174682969,0.0,80.51849554288862
31050940,범안동,0,5771928.666759537,7.35112390057385,4.191048578244637,1.9173603906732288,0,79.89999999999999,0,0,19019,58049,22895,20049,7127,0.003473535651164,0.0012347692446429,0.0,86.54046713050829
31050950,성곡동,0,8127988.359296896,8.018814852124668,2.666617377575036,1.3410897820786445,0,31.58,0,0,9012,45499,23047,14144,5163,0.0017401599725231,0.0006352125239067,0.0,87.97347798822165
31050960,오정동,0,11934979.98501722,5.058388511566608,8.275196024658058,1.527310232786934,0,38.3325,0,0,9564,46762,21728,52553,12390,0.004403275084326,0.0010381249080889,0.0,85.1391052309884
31060510,광명1동,0,308356.7989895262,0.0,0.2518442173533211,0.6352118293491681,0,0.0,0,0,4,32,14,56,30,0.0001816078003847,9.728989306328247e-05,0.0,99.11294395329752
31060520,광명2동,0,258032.07931314115,6.829898823692279,6.701928617551001,0.5585773433117013,0,3.85,0,1,242,1542,1137,777,291,0.0030112534923494,0.0011277667519609,3.875487120140867e-06,85.90959521544502
31060530,광명3동,0,318956.623788273,24.79685122232204,16.292059738054636,3.07591262703324,0,0.0,0,1,850,5155,3723,3680,1448,0.0115376189908739,0.0045398022551047,3.135222551867927e-06,55.83517641259009
31060540,광명4동,0,288854.7005857609,27.643162153586548,13.376651300721868,2.339948316369369,0,61.57,0,1,790,4044,2858,2231,843,0.0077236063508697,0.002918422301113,3.4619481626489258e-06,56.640238229322215
31060550,광명5동,0,394350.21402113343,24.4393239199616,7.220094555295861,2.636583939037207,0,37.9,0,1,1632,6684,3687,1942,667,0.0049245567287727,0.0016913899784198,2.535817059100293e-06,65.70399758570534
31060560,광명6동,0,2434452.0110425763,2.302085299442295,4.466274758090273,0.9937924965558506,0,73.24,0,0,2496,7840,3408,4771,1265,0.0019597839589112,0.0005196241266029,0.0,92.23784744591158
31060570,광명7동,0,2319457.103179876,4.346924132678668,2.96615654870794,1.1846536911826997,0,68.44,0,1,3456,12990,5603,3750,1177,0.0016167576433479,0.0005074463323254,4.311353715594617e-07,91.50226562743067
31060580,철산1동,0,567950.8496320697,4.249616161224282,6.800152488181367,2.4123992538889176,0,99.68,0,1,1932,6426,2174,2139,457,0.0037661709659348,0.0008046470927686,1.760715739099983e-06,86.53783209670543
31060590,철산2동,0,616325.9769709153,6.79501833355896,3.877092219904952,2.8810654057690224,0,2.19,0,1,452,3097,1828,1820,556,0.0029529827850438,0.0009021200156507,1.6225180137603795e-06,86.44682404076707
31060600,철산3동,0,1331751.1236274985,6.684159205876836,6.935699831600796,2.481350140678836,0,99.29,0,1,7584,21509,7679,14209,2295,0.0106694109340715,0.0017232949604964,7.508910503252552e-07,83.89879082184353
31060610,철산4동,0,334733.0474534434,17.128788341228574,3.317655846351061,1.5480478082250544,0,99.51,0,1,1612,5960,1817,743,386,0.0022196792507651,0.0011531577265078,2.9874552500204244e-06,78.0055080041953
31060620,하안1동,0,3901667.494165787,2.3783453165211315,2.51924442268098,0.9464759579785664,0,92.92,0,0,4855,14586,5877,7667,1702,0.001965057250892,0.0004362237434483,0.0,94.15593430281932
31060630,하안2동,0,441226.4608370776,6.897464598674858,3.676147243169563,1.6354384452062751,0,100.0,0,0,1557,8149,3496,2065,669,0.0046801363545503,0.0015162281942829,0.0,87.7909497129493
31060640,하안3동,0,575990.42698209,9.50141198340358,4.772415579526119,2.5661667300689506,0,100.0,0,1,2637,11039,5413,4943,1533,0.0085817398490685,0.002661502566988,1.7361399654194825e-06,83.16000570700135
31060650,하안4동,0,430501.0519822368,6.190037151157149,1.9927943978781395,3.4909547286352893,0,100.0,0,1,1889,7530,2416,1250,456,0.0029035933692039,0.0010592308610856,2.3228746953631904e-06,88.32621372232943
31060660,소하1동,0,3752034.835242617,3.8118112725222977,3.808978738740641,1.4097733799314691,0,94.4,0,2,6261,17372,6578,23983,3052,0.0063919982231149,0.0008134252836153,5.330440914910493e-07,90.9694366088056
31060680,학온동,0,12903436.666816885,0.3873356460961143,2.26974714220792,0.3125604982684394,0,0.0,0,0,126,851,927,6326,1744,0.0004902569883776,0.0001351577912947,0.0,97.03035671342752
31060690,소하2동,0,3896418.116031254,4.517533066027255,1.852936726843905,1.1952624381607757,0,61.21,0,0,3959,15055,7623,4432,1414,0.0011374549311722,0.0003628973990698,0.0,92.43426776896808
31060700,일직동,0,3447343.056049382,1.1851195408993174,6.724642625777309,0.3988681788846313,2,97.23,0,1,4470,14781,2493,20617,3835,0.0059805478203747,0.0011124509332656,2.900784702126769e-07,91.69136965443874
31070110,팽성읍,0,56797989.7559421,1.9216673486596847,0.9357046731766148,0.3420584720717082,0,33.65,0,0,3277,15314,9749,11356,2857,0.0001999366535469,5.030107601124392e-05,0.0,96.800569506092
31070120,안중읍,0,28530525.93872324,1.6428508433653717,1.5696766201942096,0.4943852277550726,0,75.15,0,0,8181,26407,8150,13694,3913,0.0004799771314909,0.0001371513447877,0.0,96.29308730868534
31070130,포승읍,0,61863195.10628928,0.9603811523504138,2.0590359519393218,0.5827343740006933,0,61.64,0,0,3058,15267,5314,28233,3380,0.0004563779796935,5.46366865499294e-05,0.0,96.39784852170958
31070140,청북읍,0,52444802.14521099,0.8201493985070595,1.1925930088404415,0.5162363985077505,0,76.07,0,0,6609,15494,4532,23651,3240,0.0004509693817608,6.177923964758905e-05,0.0,97.47102119414475
31070310,진위면,0,33941669.80238631,0.9005377475152785,1.5939456082061725,0.3707214769769335,0,44.31,0,1,1059,6318,3755,25097,2074,0.000739415595818,6.110483108446167e-05,2.9462310069653652e-08,97.13479516730162
31070320,서탄면,0,28532791.44279113,0.7439127238478779,1.4182487995069115,0.153287190816602,0,0.0,0,0,289,1684,1593,12814,1679,0.0004490973140741,5.884457549012838e-05,0.0,97.6845512858286
31070330,고덕면,0,22166968.635808773,1.3612144250784488,1.547906625132842,0.474521193390125,0,65.59,0,0,1692,7839,3233,8226,1549,0.0003710926890882,6.987874731310934e-05,0.0,96.6163577563986
31070340,오성면,0,32484469.62688517,0.9672078242453256,0.9249588118939278,0.575856210547437,0,5.41,0,0,643,3164,2651,4696,898,0.0001445613874548,2.764397911722439e-05,0.0,97.5319771533133
31070370,현덕면,0,46364926.56278703,0.716220063696577,0.4472839649677309,0.6173795111294388,0,34.43,0,0,526,2695,2585,1466,573,3.161872796270771e-05,1.2358479619803218e-05,0.0,98.21911646020624
31070510,중앙동,0,5337704.38682919,4.4122641151589255,5.23132191255738,1.7764907632997389,0,83.24,2,1,6272,27767,9236,12654,3162,0.0023706820541055,0.0005923894938423,1.873464559906373e-07,88.57992320898396
31070520,서정동,0,1671222.3475269992,16.835175847713863,10.18354401415365,2.241052036306077,0,36.54,0,1,2827,14561,6487,7262,2512,0.00434532245856,0.0015030914370563,5.983644255797393e-07,70.7402281018264
31070530,송탄동,0,19538256.779246148,1.1610220220425769,2.1385779609851228,0.4810726486489936,0,87.35,0,0,4356,14067,3480,18953,2600,0.0009700455989565,0.0001330722607126,0.0,96.2193273683233
31070550,지산동,0,697791.0964309606,14.908193955802664,10.196253454436752,1.5849181696508736,0,56.17,0,1,1326,8876,2495,2428,833,0.0034795514193056,0.0011937670231802,1.4330936652823988e-06,73.31063442010971
31070560,송북동,0,7126161.7971124975,3.411547795512213,2.5594814221293025,0.8995166669642144,0,64.47,0,1,3161,12607,5607,5219,1719,0.0007323718080758,0.00024122382412,1.403279954159607e-07,93.12945411539428
31070570,신장1동,0,1587158.1716914338,9.382625544298536,3.7472598468176472,0.363883703811853,0,30.02,0,0,1011,4438,1609,1773,569,0.0011170909312077,0.0003585023913464,0.0,86.50623090507196
31070580,신장2동,0,631884.7695876426,14.505595427766483,10.423119811882934,2.815478325659145,0,18.23,0,1,376,2879,1853,2471,868,0.003910523118912,0.0013736681777481,1.5825670250554665e-06,72.25580643469144
31070590,신평동,0,6412777.236376514,3.344688132102066,5.614430191282638,1.3469883427592249,0,56.36,4,1,2103,12974,5486,16647,5063,0.002595911160853,0.0007895175231212,1.5593867729038446e-07,89.69389333385607
31070600,원평동,0,5237884.397213382,2.9054925555351745,2.2678146503973364,1.2403459251403248,0,69.02,4,1,1473,8441,3382,4076,1052,0.0007781767772806,0.0002008444479144,1.9091677558407042e-07,93.58634686892717
31070610,통복동,0,608438.4366349566,7.310143696739975,15.756885114821404,1.6896960145025393,0,61.71,4,1,253,2081,1484,2828,1248,0.0046479640826015,0.002051152466438,1.6435516557997013e-06,75.24327517393608
31070640,세교동,0,7078127.026437909,3.0170006572200267,4.017618974058751,0.8435840065856228,0,89.45,0,1,7248,23901,6483,12931,2514,0.0018268957242053,0.0003551787062603,1.412803127527143e-07,92.1217963621356
31070650,비전2동,0,4762760.535869962,6.08497312527276,4.041697016442647,1.9410625846916547,0,86.93,0,0,12029,35254,10374,11871,3257,0.0024924620733229,0.0006838471041035,0.0,87.93226727359294
31070660,용이동,0,2623334.096596649,6.971410614843794,3.310243100293498,1.5015112746271075,0,72.18,0,0,6198,16871,2813,4150,1311,0.001581956337688,0.0004997457249901,0.0,88.2168350102356
31070670,비전1동,0,12995108.404032234,2.980823900758657,3.1071424453667658,0.7639774355636673,0,84.98,0,0,11019,32050,8534,17666,5424,0.0013594346003689,0.0004173878225065,0.0,93.14805621831093
31070680,동삭동,0,3025073.301162406,6.140295927212186,2.9009138044578746,0.8383490475996005,0,94.25,0,0,9894,27701,3949,6150,1979,0.0020330085877973,0.000654199023618,0.0,90.12044122073034
31070690,고덕동,0,16596320.658826916,1.2104864249515974,1.6236884418960305,0.7128993059483545,0,93.44,2,1,9759,29939,2960,25947,3034,0.0015634188163377,0.0001828116039915,6.02543190479715e-08,96.452925827204
31080510,생연1동,0,1972691.7404053167,5.28225285654522,1.7474692502038565,1.6780999354370174,0,45.59,0,2,822,3201,2367,1978,375,0.0010026908712983,0.0001900955898568,1.0138431459032387e-06,91.2921779578139
31080520,생연2동,0,750818.0804053679,12.070178931166284,12.033337820864338,1.95887923614994,0,75.44,0,2,1643,5575,3775,2675,1075,0.0035627804787547,0.0014317715942659,2.663761105611041e-06,73.93760401181945
31080530,중앙동,0,647989.828711127,15.579340530914084,16.247881112445107,1.9114053378648688,0,8.86,0,2,274,2020,2229,3017,1146,0.0046559372790686,0.0017685462783601,3.086468199581467e-06,66.26137301877594
31080550,보산동,0,13718082.798416955,0.5490072631606842,0.2664686716550484,0.0407772176903104,0,17.56,0,2,264,1323,1120,779,384,5.678636085279552e-05,2.799224976569124e-05,1.457929675296419e-07,99.14374684749396
31080560,불현동,0,33787800.487222806,0.8616207886806256,0.6544699155446928,0.1803695225020309,0,59.77,0,2,3667,13687,8031,5692,1687,0.0001684631706686,4.992926368904826e-05,5.919296228695704e-08,98.30353977327265
31080580,소요동,0,31381321.95058916,0.7924769695293417,0.5329045807880471,0.3123274203593914,0,18.5,0,2,829,4131,3579,5431,868,0.0001730647296678,2.7659765301360333e-05,6.373217811373348e-08,98.36229102932322
31080600,상패동,0,8073517.429096348,1.622870374244444,1.7702985741879618,0.5307078773226079,0,37.42,0,1,449,2485,2052,2717,629,0.0003365323756167,7.790904095064593e-05,1.2386175031899194e-07,96.07612317424498
31080610,송내동,0,5515096.370530403,2.798733267032111,2.57991287680378,0.5159938247131108,0,88.58,0,1,4361,14367,6375,7970,2326,0.0014451243395442,0.0004217514697339,1.813204942966416e-07,94.105360031451
31091510,일동,0,2451566.34823851,8.663825081385525,3.3786374459712136,2.4869412929376185,0,0.11,0,1,3382,14588,5474,5012,1537,0.0020444072433857,0.0006269461159385,4.079024827186248e-07,85.47059617970564
31091540,본오1동,0,6480080.741650555,4.549596853859501,2.690391645779772,0.9235721751079432,0,1.43,0,1,5288,22723,7578,10390,4547,0.0016033750834619,0.0007016887877287,1.5431906481827953e-07,91.83643932525278
31091550,본오2동,0,833758.0973854952,17.445419539917257,9.800133711049556,2.8124226138049218,0,53.36,0,1,3459,15442,6027,5082,2028,0.0060952931262379,0.0024323601849686,1.1993886513652024e-06,69.94202413522827
31091560,본오3동,0,1079246.0526396604,10.628423225720576,7.494139485381616,2.1073281100317445,0,62.24,0,1,2019,11849,4759,5376,1977,0.0049812551890288,0.0018318343580189,9.26572765816374e-07,79.77010917886606
31091570,부곡동,0,5696645.879550396,3.362106135348654,1.9550875413756648,0.4752850538096991,0,0.24,0,0,3021,12899,4888,4374,1612,0.0007678202388696,0.000282973531106,0.0,94.207521269466
31091580,월피동,0,6068362.114442612,4.414683105279357,2.6667998476955,0.8145584633746986,0,38.79,0,0,4789,23301,8374,8389,2907,0.0013824158548515,0.0004790419466031,0.0,92.10395858365044
31091620,성포동,0,1702889.0893406998,4.815073705551564,3.782333997646698,1.2250366063399707,0,96.36,0,2,3457,15174,6465,4151,1108,0.002437622054166,0.0006506589342365,1.1744746105353146e-06,90.17755569046176
31091710,반월동,0,13249490.769170202,0.932635400896775,1.341467112543526,0.2741994586734819,0,62.45,0,1,1996,9030,5805,9199,1740,0.000694290834286,0.0001313258018977,7.547459879183521e-08,97.45169802788622
31091730,안산동,0,8368012.046855886,1.0702382155098755,2.167666804898578,0.2482725242944634,0,22.73,0,0,1041,4651,2982,4720,1340,0.0005640527252548,0.0001601336126782,0.0,96.51382245529707
31091740,이동,0,2367990.25163991,7.745907333771328,8.472119716437392,1.5918073337021394,0,10.04,0,5,2143,15255,5407,11987,3929,0.0050620985418533,0.001659212911566,2.1114951788826927e-06,82.19016561608913
31091760,사동,0,2242757.232016328,9.907671751275885,6.924522115954443,2.11182627063986,0,31.27,0,3,3593,19768,6738,7351,2283,0.0032776619310501,0.0010179434347146,1.3376392046184618e-06,81.05597986212982
31091770,사이동,0,3009518.4726089,6.108778433385771,5.388380640585663,2.08903394658736,0,55.71,0,1,4998,19455,6658,5545,1867,0.0018424874445693,0.0006203650241679,3.322790702559783e-07,86.4138069794412
31091780,해양동,0,4802691.5838426445,2.332496973150726,1.562730237471789,3.481819875463844,0,90.3,0,0,8751,25809,5831,9531,1869,0.0019845121914645,0.0003891567816438,0.0,92.62295291391364
31092590,와동,0,3218874.0851568715,9.714068695922832,3.3829533891605417,1.5927341079019866,0,4.44,0,0,5506,23482,7709,5241,2348,0.0016282090760093,0.0007294476074165,0.0,85.31024380701464
31092660,초지동,0,25841583.711265445,0.5965659642389547,2.730508580839712,1.2660053007812122,0,96.71,0,10,7381,29423,9034,114603,12691,0.0044348288123686,0.0004911076713329,3.869731867724773e-07,95.40692015414012
31092680,선부1동,0,842892.5791978077,8.937836679257492,3.4882506332461825,1.6545360288629178,0,88.75,0,1,2356,10772,3944,3653,1075,0.0043338855865041,0.0012753701082649,1.186390798386017e-06,85.91937665863341
31092690,선부2동,0,3088152.508239043,4.628184343213731,3.456250805437297,1.4290853797603589,0,45.41,0,2,1879,9271,3584,6012,2253,0.0019467950445908,0.000729562414415,6.476364087128532e-07,90.4864794715886
31092700,선부3동,0,4809990.115192764,3.5618429896048727,2.331300121309538,0.4917493785098187,0,74.96,0,2,4857,21433,6832,6037,2153,0.0012550961343806,0.0004476100674708,4.158012702933986e-07,93.61510751057575
31092720,대부동,0,60841170.12847084,0.7986077516377921,0.7022961792333463,0.8982283044274094,0,0.0,0,0,628,4066,4511,4827,1970,7.933772460007957e-05,3.2379390400281075e-05,0.0,97.60086776470143
31092730,호수동,0,2643358.912006483,4.965281822870792,9.471908040457604,3.2928126537329647,0,96.88,0,4,7647,27019,8106,28720,9278,0.0108649642201221,0.0035099282045366,1.5132262145016868e-06,82.26999748293863
31092740,고잔동,0,1458657.919291807,10.940841714305906,5.678574415060584,1.7811165139824152,0,15.15,0,2,2386,13349,4661,9280,1475,0.0063620125577091,0.0010112035045927,1.3711233960580068e-06,81.5994673566511
31092750,중앙동,0,1997253.028427801,4.172476357538613,8.01607269792748,2.482324915782148,0,91.83,0,2,2997,15961,4591,19681,5482,0.009854034376102,0.0027447699024333,1.0013753748388844e-06,85.32912602875176
31092760,원곡동,0,1319410.0762492467,9.359748878892454,15.304935622243592,1.8235193420991875,0,0.0,0,2,517,2990,2106,13552,4980,0.010271257013909,0.0037744141033992,1.5158289571884596e-06,73.51179615676477
31092770,신길동,0,6836323.076745618,1.7847614757905563,2.5779705681676988,0.749552039086443,0,87.05,0,5,3404,12826,4992,17726,3270,0.002592914319727,0.0004783273059634,7.313873179868644e-07,94.8877159169553
31092780,백운동,0,1464646.8808238264,5.606647273724144,3.1982371584796714,2.429147570854281,0,86.94,0,7,3774,15125,5322,3437,1449,0.0023466407124994,0.0009893169602594,4.779308986760608e-06,88.7659679969419
31101510,주교동,0,5516699.25004629,2.2309081204496524,1.7018902942954928,0.3944946163613573,0,36.44,0,0,1097,6190,3674,4833,1149,0.0008760673331885,0.0002082767154631,0.0,95.6727069688935
31101520,원신동,0,12891863.970162855,0.8425510140944465,0.9166469175681649,0.4284527502278582,0,94.25,0,0,4715,12689,5486,5618,1671,0.0004357787216028,0.0001296166329295,0.0,97.81234931810953
31101530,흥도동,0,11187182.629569177,1.8331200349187464,3.144567811126268,0.4694443855872273,0,92.47,0,0,6158,17754,5669,14397,2946,0.0012869191892813,0.0002633370793653,0.0,94.55286776836776
31101540,성사1동,0,2307299.4587504547,4.601289577995516,4.143196075107817,0.9328954499842966,0,75.65,0,1,2570,12305,6329,7556,2326,0.0032748241548408,0.0010081049476124,4.334071141928095e-07,90.32261889691236
31101550,성사2동,0,992869.0401328844,3.614738015031422,2.498437079483004,0.9091685110992894,0,96.79,0,1,1308,5874,3558,2040,648,0.0020546516383534,0.0006526540498299,1.0071821756634586e-06,92.97765639438629
31101560,효자동,0,25754622.17111166,0.4845174849366107,0.5256247917738326,0.1274763040192588,0,91.82,0,1,5329,14763,3842,4868,1329,0.0001890146152273,5.160238776440648e-05,3.882798176403799e-08,98.86238141927028
31101580,창릉동,0,11293678.501337515,1.435839580765052,2.710268869396815,0.3373259412144471,0,51.32,0,2,4237,14869,4207,12293,3023,0.0010884850315628,0.0002676718661363,1.770902190779885e-07,95.51656560862368
31101590,고양동,0,23881391.302259468,1.1056327470303495,1.1149844107776683,0.4326024249292103,0,57.9,0,0,4295,15613,8522,8150,2278,0.0003412698990961,9.5388077317904e-05,0.0,97.34678041726278
31101600,관산동,0,16395973.584354255,2.4317481947663,1.5311768766136125,0.429745456838242,0,19.87,0,0,4013,18967,12072,8355,2870,0.0005095763272006,0.000175042975352,0.0,95.60732947178184
31101610,능곡동,0,12502541.856006294,1.1517985790108032,1.2305250628215394,0.4905944085893943,0,72.13,0,7,2461,10756,4985,4688,1464,0.0003749637516905,0.0001170961886678,5.598861480021008e-07,97.12708194957828
31101620,화정1동,0,2265709.5384957483,5.169906751462952,4.555139900107051,1.7279388567950902,0,95.33,0,3,4569,21582,9848,12168,2939,0.0053705030557557,0.0012971653912611,1.324088524594605e-06,88.54701449163491
31101630,화정2동,0,1981279.7373723043,3.596123192472347,5.132590610149959,1.6080057832295789,0,99.92,0,2,5139,19353,6957,10245,2860,0.0051709003058476,0.0014435114567812,1.0094485711757336e-06,89.66328041414812
31101640,행주동,1,6388128.941087868,2.5625693473433286,4.308323938129223,0.4827052116829899,3,35.01,0,3,1346,9578,5398,6344,1823,0.0009930920397028,0.0002853730750911,4.696210780436154e-07,92.64640150284444
31101650,행신1동,0,667293.8919663568,10.173796840505808,5.066535274096105,3.4204107376582784,0,93.28,0,0,2741,12210,5755,3738,1302,0.0056017296800499,0.0019511642705791,0.0,81.3392571477398
31101660,행신2동,1,4308221.873790417,2.419421844046452,3.381162928866868,1.0061535861949369,3,96.55,0,4,4049,18948,7382,8454,2587,0.0019622944796346,0.0006004797514567,9.28457288684502e-07,93.19326164089176
31101670,화전동,0,7269567.719382455,2.4446154959292485,2.1854819853183054,0.5932762659066224,0,86.89,0,1,5807,17160,4980,7777,2634,0.0010698022633799,0.0003623324111794,1.3755976126783698e-07,94.77662625284584
31101680,대덕동,0,10760792.633057412,0.6946275687422134,1.73031359974477,0.9965562354388476,0,88.57,0,1,4014,10015,1985,5934,1308,0.0005514463666705,0.0001215523841599,9.29299573088182e-08,96.57850259607416
31101690,행신3동,0,1958709.42104043,9.072783892848978,3.8392998234094176,2.133178598065605,0,84.87,0,0,3270,14046,5648,7525,2291,0.0038418153908528,0.0011696477156736,0.0,84.954737685676
31101700,삼송동,0,6811129.538707413,3.71143590821493,1.7921510025038414,0.5841156009857325,0,66.445,0,0,7637,32091,10767,11953,3823,0.0017549218425598,0.0005612872253079,0.0,93.9122974882955
31103510,식사동,0,6845061.577791738,2.572632469132455,4.889504282333261,0.9775444607915732,0,82.58,0,0,9044,24847,6929,13657,3881,0.001995161014225,0.0005669780988656,0.0,91.56031878774272
31103520,중산동,0,2833388.34247244,6.8187367861145525,4.040039813815979,2.183193983838111,0,91.17,0,0,6525,25772,12265,10424,3539,0.0036789873960119,0.0012490345735309,0.0,86.95802941623135
31103530,정발산동,0,1546361.9668160642,17.330822743115565,9.04292263459437,1.946493116277734,0,0.0,0,3,2755,13174,5988,6873,2594,0.0044446256099449,0.0016774856441433,1.940037367937569e-06,71.67976150601233
31103540,풍산동,0,5680856.430007671,3.3623899601245952,3.3940387072355973,1.420087185180289,0,81.28,0,6,6485,21737,8940,9790,2991,0.0017233317054572,0.0005265051206356,1.05617877760402e-06,91.82348414745952
31103550,백석1동,0,1755655.648362261,6.114183886004044,10.151285917857694,2.107431583910514,0,86.47,0,5,4029,18282,6737,14788,3370,0.0084230640636793,0.0019195108124559,2.847938890884269e-06,81.62709861222774
31103560,마두1동,0,2211077.059167193,7.729980316548511,5.061029006290327,1.626294016687889,0,72.71,0,5,4082,13600,5344,10058,1944,0.0045489142760781,0.0008792095200532,2.2613413581617318e-06,85.58269666047327
31103570,마두2동,0,622195.0623871656,8.256760160639034,6.295803810517063,2.545623068897873,0,100.0,0,0,3017,8928,3612,4228,1513,0.0067952966127865,0.0024317132864583,0.0,82.90181295994603
31103580,장항1동,0,10223704.87705315,0.5258968328578199,3.097574025001137,0.1032135278553645,0,93.1,0,0,2174,6636,2053,11193,2611,0.0010948085977238,0.0002553868711388,0.0,96.27331561428568
31103590,장항2동,0,2407266.8632306256,1.847351657217058,12.191366690850222,1.5611996332958864,0,100.0,0,1,2110,18727,5694,38978,10057,0.0161918068142758,0.0041777669744771,4.154088669063534e-07,84.40008201863684
31103600,고봉동,0,25027231.668295603,1.879761603304074,5.623919671053098,0.5282976191065093,0,20.56,0,0,2433,12426,7155,27113,6157,0.0010833399538286,0.0002460120272829,0.0,91.96802110653633
31103610,백석2동,0,788834.5545114302,6.645669201831109,16.355259199314208,1.960735952087032,0,87.61,0,1,1778,13420,4899,11170,3121,0.0141601302021773,0.0039564696831687,1.2676929455843622e-06,75.03833564676765
31104510,일산1동,0,644100.387355673,13.299606785727963,5.986150571520535,3.944086892939316,0,94.1,0,2,3727,14928,6995,3208,1328,0.004980590080252,0.0020617904072864,3.105106035069882e-06,76.77015574981219
31104520,일산2동,0,814880.7026241097,11.333545967030364,11.342693939997412,2.22659796462778,0,81.55,0,2,2217,11154,5774,4163,1726,0.0051087232604024,0.0021181014526674,2.4543469903446983e-06,75.09716212834445
31104530,일산3동,0,1141579.7849185208,8.407853797334143,3.815801547362549,1.916113763281253,0,100.0,0,2,7422,20079,6435,4465,1737,0.003911246554072,0.0015215756471272,1.751958142921415e-06,85.86023089202206
31104540,탄현동,0,2179312.421755307,5.8901563981717,4.830541852038655,3.095613733500336,0,98.4,0,0,8562,30419,10329,9336,3488,0.0042839199679491,0.0016005048037924,0.0,86.18368801628931
31104550,주엽1동,0,934560.818515886,8.745330094037277,5.6339032148977095,3.3061368316339927,0,100.0,0,1,4201,15539,7100,5365,1894,0.0057406643780148,0.0020266203787437,1.0700213192944823e-06,82.31462985943102
31104560,주엽2동,0,996999.4394281284,8.891612846520319,5.486300985890305,2.256457075670053,0,100.0,0,1,4463,15275,7547,7712,2466,0.0077352099659616,0.0024734216514602,1.0030095910219997e-06,83.36562909191932
31104570,대화동,0,3768359.8539777,4.891450408589894,5.899143671342463,2.085937584808466,0,59.6,0,1,4449,22031,8096,20149,4308,0.0053468885087177,0.0011432029230014,2.653674380226173e-07,87.12346833525918
31104580,송포동,0,12749789.06251876,0.6602000529557914,1.068830205228062,0.4547699439545054,0,80.84,0,0,3269,12490,4811,5873,1660,0.0004606350717801,0.0001301982324459,0.0,97.81619979786164
31104590,송산동,0,18063314.993837405,0.4174367945895075,1.001083045691119,0.1548966578331086,0,74.46,0,0,9188,29376,10996,19923,5818,0.0011029536940913,0.0003220892733134,0.0,98.42658350188628
31110510,중앙동,0,6983400.036643137,1.0905772627290695,0.7408659736194577,1.029196732856036,0,86.88,0,2,1797,6396,3150,12774,872,0.0018291949384188,0.0001248675423752,2.863934458147581e-07,97.13936003079544
31110520,갈현동,0,4370952.972979629,1.654655976540808,1.2726292093324492,0.5837479873203001,0,97.655,0,0,3405,6999,1006,12950,1207,0.0029627406380312,0.0002761411544481,0.0,96.48896682680645
31110530,별양동,0,649557.9839413852,10.97182758408321,4.99794065060613,3.4620895270102,0,85.18,0,2,2732,8508,3418,8023,1214,0.0123514762318747,0.0018689632488465,3.079016884425957e-06,80.56814223830045
31110540,부림동,0,405785.0824893809,17.25641563414829,1.9727182453695176,1.6796897306062546,0,86.18,0,2,2599,8703,3357,1081,431,0.0026639717589954,0.0010621386014126,4.928717407947226e-06,79.09117638987594
31110550,과천동,0,10769909.597997682,1.0252465992754165,1.8633894192842737,0.1873891299117075,0,0.0,0,4,812,3777,2078,10784,2099,0.0010013083120024,0.000194894857835,3.714051602382955e-07,96.9239748515286
31110560,문원동,0,12641479.392425992,0.6610794287851395,0.3803865534512736,0.1209870560752808,0,0.0,0,2,992,3967,1890,2448,482,0.0001936482213833,3.812844881813468e-05,1.5820933119557958e-07,98.8375469616883
31120510,갈매동,0,3971435.3114339816,2.881828579152966,4.840174910961834,0.9700980114237604,0,97.36,0,2,6446,17777,5982,8577,3676,0.0021596725937559,0.0009256099399145,5.035962676357471e-07,91.30789849846144
31120520,동구동,0,7304144.475657723,1.7722875661699458,5.101509458950787,0.6047886573782745,0,92.24,0,3,5472,21628,8774,15004,4070,0.0020541762351474,0.0005572178936983,4.107257201707732e-07,92.521414317501
31120530,인창동,0,2212655.1128936154,4.72227235025235,3.6492244694130886,0.8170984989710669,0,81.09,0,1,3838,14425,5540,8812,1860,0.0039825456523299,0.0008406190323801,4.51945716333407e-07,90.8114046813635
31120540,교문1동,0,10023777.969848042,2.048918135071449,1.7737200730353786,0.5177412632249243,0,19.2,0,1,1456,8717,4862,10642,2566,0.0010616755510747,0.0002559913046474,9.97627843520722e-08,95.65962052866824
31120550,교문2동,0,1169033.2033285357,6.439037834304395,3.945026164788916,1.7492165528328305,0,93.72,0,0,3749,12306,5142,2524,1089,0.0021590490268299,0.0009315389818612,0.0,87.86671944807387
31120560,수택1동,0,1191295.3724487612,8.732848463164531,11.72618385629043,4.310027627710737,0,72.85,0,1,1631,9133,4379,6497,2491,0.0054537272201356,0.0020910011552036,8.394223826590216e-07,75.2309400528343
31120570,수택2동,0,629838.727452768,24.84189179497818,12.038175783200252,1.7674546271805258,0,49.65,0,0,2813,14401,7412,4326,2101,0.0068684249020805,0.0033357745536919,0.0,61.35247779464104
31120580,수택3동,0,6667483.202102998,1.257981301282903,3.153635622851399,1.8607596872832888,0,93.61,0,0,3156,12923,5131,9107,2071,0.0013658827062532,0.0003106119561491,0.0,93.7276233885824
31130110,와부읍,1,50052291.79388465,0.7943152824359611,1.5788943116372969,0.3237557586405408,0,86.3,3,3,9516,32276,15794,14360,4784,0.0002868999497391,9.558003896603892e-05,5.993731540512475e-08,97.3030346472862
31130120,진접읍,0,63479918.510429,1.275166,1.64595,0.329631,0,77.07,0,2,18001,54356,23653,33698,9325,0.00053085,0.0001469,3e-08,96.749253
31130130,화도읍,0,71537880.12995307,1.3701010702561025,2.1015409822656115,0.3185125651509086,0,57.85,0,0,10474,37325,16914,31030,9081,0.0004337562134022,0.000126939741344,0.0,96.20984538232736
31130140,진건읍,0,21864449.064693,1.267254,3.273842,0.204457,0,57.51,0,2,2181,11383,7415,15421,4346,0.0007053,0.00019877,9e-08,95.254447
31130150,오남읍,0,25287998.713085897,1.2289516542800103,1.991870611827002,0.3381713455433514,0,83.92,0,1,8576,30520,12633,13388,4458,0.000529421096224,0.0001762891579748,3.954444997192008e-08,96.44100638834963
31130160,퇴계원읍,0,3284472.055399278,4.992432931823343,2.808131176973188,1.2761315534770037,0,68.88,0,2,3490,15148,8823,4106,1618,0.0012501248087155,0.0004926210278864,6.089258688336686e-07,90.92330433772646
31130310,별내면,0,22274364.76527045,0.5002261254098154,1.1053013806246332,0.1550354201016324,0,86.75,0,0,2522,10128,5855,4594,1509,0.0002062460612641,6.774603971432273e-05,0.0,98.23943707386393
31130340,수동면,0,72845402.61633646,0.6530030464112266,0.6709972750901917,0.1091161894737942,0,0.0,0,0,787,3974,4046,7342,1815,0.0001007887901816,2.4915779648566526e-05,0.0,98.5668834890248
31130350,조안면,0,50941816.95653141,0.4117224447393973,0.2657448940510713,0.1769771072981306,0,0.0,0,1,354,1808,1712,1153,393,2.2633664617491502e-05,7.71468360336007e-06,1.9630238176488732e-08,99.1455555539114
31130510,호평동,0,9208547.765184514,2.4733565612652595,1.4211474317577977,0.7492903451325373,0,88.84,0,1,11997,33179,11165,10781,3575,0.0011707600671572,0.0003882262536023,1.0859475625241294e-07,95.3562056618444
31130520,평내동,0,7334524.270252626,1.883470970125066,2.0692849194506606,0.879776356679358,0,93.18,0,1,7588,22827,7454,8402,2736,0.0011455412362687,0.0003730303287825,1.3634149443808346e-07,95.16746775374492
31130530,금곡동,0,6984659.768390747,2.2663091682559253,2.905132351207941,0.7256288841077205,0,50.75,0,1,1401,9301,7001,7533,1990,0.0010785063624831,0.00028491008381,1.4317089638697846e-07,94.1029295964284
31130540,양정동,1,10017007.443862,1.23992,4.475341,1.977778,0,20.14,3,2,178,1485,1248,6315,1753,0.00063043,0.000175,2e-07,92.306962
31130570,별내동,0,18687403.08888513,1.8823792788770144,2.3745208403981266,0.5516213104220847,0,93.87,0,2,15061,48163,17167,23651,7796,0.0012656119144802,0.0004171794209668,1.0702396638452605e-07,95.19147857030278
31130580,다산1동,0,5585029.49634,4.845238,3.491911,1.50599,0,94.81,0,1,23705,60630,17456,21438,7012,0.00383848,0.0012555,1.8e-07,90.156861
31130590,다산2동,0,5552584.705423176,2.9394819561682044,3.96304574062532,1.999841993013956,0,93.66,0,1,8091,21724,6369,12268,3185,0.0022094214948212,0.0005736067379365,1.800963070444482e-07,91.09763031019251
31140510,중앙동,0,3678489.271312928,4.613224641443292,7.240603860978037,1.0799813748631757,0,83.8,2,1,7129,20974,6584,10491,2805,0.0028519860263795,0.0007625413024492,2.718507317109453e-07,87.0661901227155
31140520,대원동,0,6047955.915547781,5.191153347939532,7.437786345407342,1.4009386848204295,0,84.785,0,0,11618,40821,11257,19894,5358,0.0032893758284223,0.0008859191559609,0.0,85.9701216218327
31140530,남촌동,0,5770153.261223569,3.507495659135328,5.613864049408531,1.2332483089966295,0,64.2,2,1,2647,17235,3558,14972,3169,0.0025947317726529,0.0005492055161326,1.7330562200460784e-07,89.64539198245951
31140540,신장동,0,6939521.1494193375,4.36649835841612,3.43193854278852,1.005978683419671,0,82.47999999999999,0,0,12680,35544,11342,12602,3753,0.0018159754439304,0.0005408154135114,0.0,91.19558441537568
31140550,세마동,0,13717010.100566063,1.5798826485127355,2.3486146342875687,0.745426628587197,0,84.33,0,2,6729,19844,5190,15543,2888,0.0011331186523911,0.0002105415085958,1.458043688337014e-07,95.3260760886125
31140560,초평동,0,6477042.213960169,1.3250923014750535,2.129208172685271,0.274899561321306,0,96.53,2,1,2818,10341,3345,5578,1117,0.0008611955605243,0.000172455260148,1.5439145939841573e-07,96.27079996451836
31150510,대야동,0,9381360.13270634,2.138473727659796,3.797568054567211,0.6226614928214764,0,75.86,0,3,6228,26075,10174,17353,5420,0.0018497317824398,0.0005777413853987,3.197830546487464e-07,93.44129672495151
31150520,신천동,0,3439565.8405913743,6.40030123891899,6.388895240202204,1.4237659076861369,0,41.08,0,1,3617,20413,9815,12344,4425,0.0035888250354997,0.0012864995772915,2.907343677494948e-07,85.78703761319267
31150530,신현동,0,12757822.62265514,0.5372790119269244,1.7200289512710818,0.2041183594881095,0,73.09,0,1,908,5136,3219,7938,2463,0.0006222064873278,0.0001930580219562,7.838328134641344e-08,97.53857367731388
31150540,은행동,0,6407948.842261272,2.831682796661267,3.084237334510892,0.8648559211576223,0,89.82,0,0,12224,33297,9626,12280,3899,0.0019163698559814,0.0006084630348918,0.0,93.21922394767022
31150550,매화동,0,11173052.41986564,0.746369241871158,1.7102479241965132,0.2613762707917057,0,51.19,0,1,1485,6578,3486,7160,1969,0.0006408275671617,0.0001762275809694,8.950105686617108e-08,97.28200656314064
31150560,목감동,0,17614454.373798065,0.9018259061358448,2.022709194982132,0.3118456166835024,0,89.6,0,0,8633,24270,8383,10688,3666,0.0006067744009086,0.0002081245278565,0.0,96.76361928219852
31150590,과림동,0,7624906.903240635,0.4451795271932438,3.882134819117934,0.2278606569849243,0,6.49,0,0,85,757,964,7920,2618,0.0010387012065188,0.000343348454377,0.0,95.4448249967039
31150610,정왕2동,0,11678653.81957262,1.6306937620712132,3.5636057294271835,2.704079971764325,0,74.015,0,0,4792,17864,5038,36830,6809,0.0031536168953174,0.0005830295259358,0.0,92.10162053673729
31150620,정왕3동,0,6094967.920780696,2.228141575044684,5.02227702496178,0.6363956129196732,0,70.66,0,0,3184,14211,4526,23004,4683,0.0037742610459901,0.0007683387444953,0.0,92.11318578707386
31150640,정왕본동,0,8277897.139132119,2.1893504313971817,3.086293948451857,0.6006371306573783,0,38.11,0,5,1911,13406,3320,9321,3537,0.0011260106091347,0.0004272824294077,6.040181360018899e-07,94.12371848949358
31150650,정왕1동,0,6655329.097356514,3.0154860316825367,4.7762852973901495,1.24251966476229,0,80.56,0,2,2990,15192,3747,42727,8312,0.0064199680248579,0.0012489239642993,3.005110597447979e-07,90.96570900616504
31150670,능곡동,0,4331445.1214245455,2.5161284817312493,2.022766061503977,0.9119377543914586,0,96.9,0,1,4977,15573,4548,5651,1846,0.0013046454108434,0.0004261857066744,2.3086983026782686e-07,94.54916770237332
31150680,군자동,0,8145644.823762882,1.5983311972936578,1.593562236508075,0.4498993006840411,0,50.81,0,3,3254,12808,5554,4736,1559,0.0005814149895387,0.0001913906183891,3.682949680355038e-07,96.35820726551422
31150690,월곶동,0,8548915.704632135,0.6426962120275777,2.3978194567480573,0.4275242490023987,0,95.25,0,2,2759,10750,3792,5704,1790,0.0006672191184319,0.0002093832787505,2.3394779748664298e-07,96.53196008222196
31150700,연성동,0,9248500.327866564,0.7778829412555308,1.5024052230949332,0.9662391607544116,0,94.83,0,1,4136,15285,4735,8710,2346,0.0009417743083974,0.0002536627471297,1.0812563816274393e-07,96.75347267489512
31150710,장곡동,0,4111005.132079381,2.588350246049322,1.7454002996295737,1.098560282142094,0,98.86,0,0,10576,28157,6120,6578,1964,0.0016000953024003,0.0004777420452894,0.0,94.56768917217902
31150720,정왕4동,0,1028042.1268792076,10.249005182180785,2.517695139533596,2.96833085968052,0,100.0,0,2,3555,12983,3464,2803,1105,0.0027265419642692,0.0010748586766027,1.945445568511747e-06,84.2649688186051
31150740,배곧1동,0,2588328.185516085,3.2826216190206043,3.5745570469624086,3.283795859495412,0,98.87,0,1,9849,21785,3651,5511,2035,0.0021291735842531,0.0007862217826084,3.863497703235601e-07,89.85902547452157
31150750,배곧2동,0,2427945.5857183835,2.7064730735680462,6.526819906438752,5.4715092347982335,0,100.0,0,0,8305,24163,2984,12002,4186,0.0049432738816506,0.0017240913571562,0.0,85.29519778519497
31160510,군포1동,0,3302647.5062295035,6.156255404313034,12.000956166698735,1.378901301469553,0,51.33,0,2,3881,19789,8528,38642,7009,0.0117003101078743,0.0021222367772395,6.055747687942822e-07,80.46388712751867
31160520,군포2동,0,3277973.365860605,4.665475383430239,3.256091748986108,1.410648782671292,0,83.95,0,2,7273,24932,9811,8251,2485,0.002517104039315,0.0007580903572534,6.10133084308577e-07,90.66778408491236
31160540,산본1동,0,689156.7705761178,15.25232553542956,14.705395179058083,1.8962196147233183,0,50.07,0,2,1125,8715,5154,7691,2173,0.0111600151493235,0.0031531287114133,2.9020972953643467e-06,68.14605967078904
31160550,산본2동,0,1404890.240411012,4.881258643198586,2.8183383983664987,1.9621044119102105,0,96.5,0,0,4230,14633,6694,5373,1467,0.0038244980607095,0.0010442096882674,0.0,90.3382985465247
31160560,금정동,0,1189880.7143153383,9.91488247643701,11.866513986037871,2.287571586163781,0,37.37,0,2,2099,12216,5183,10857,2670,0.0091244440466084,0.0022439224099147,1.680840756490451e-06,75.93103195136135
31160570,재궁동,0,852421.7628292328,8.282871378009677,4.802952642992983,2.719291897058566,0,83.53,0,0,1959,10493,5099,5762,1220,0.0067595646324279,0.0014312163921489,0.0,84.19488408193877
31160580,오금동,0,1087914.7205396448,4.112885344808028,0.9712601971593522,1.7370612032685824,0,100.0,0,2,3156,12590,4744,1829,660,0.0016811979518724,0.000606665198598,1.8383793896910816e-06,93.17879325476405
31160590,수리동,0,2991276.860139703,1.2095805575019971,0.5212686408774769,1.051168199096271,0,100.0,0,2,2058,8805,4607,1593,556,0.0005325484983427,0.0001858738010536,6.686107951571914e-07,97.21798260252426
31160600,궁내동,0,1688826.8821707182,2.822420400239968,0.8970852127012316,1.8179713909950184,0,100.0,0,0,4168,11644,4086,2003,720,0.0011860303866158,0.0004263314420186,0.0,94.46252299606378
31160610,광정동,0,1488958.514004805,4.330913871260668,4.712831050020453,3.1932842560130217,0,97.68,0,2,3646,14268,5870,13012,3456,0.0087389943222223,0.0023210854885951,1.3432207688629488e-06,87.76297082270585
31160630,대야동,0,12849888.277737863,0.5380107562829368,0.5528361044956327,0.1661405498286112,0,63.19,0,1,1380,5236,2683,2494,778,0.0001940872905734,6.054527348282566e-05,7.782168828126691e-08,98.74301258939282
31160640,송부동,0,5553131.341210722,1.2440659366040496,5.923764487842361,0.5300182289774181,0,94.74,0,2,4371,12133,3970,14020,1878,0.0025247016752386,0.0003381875710483,3.601571576659933e-07,92.30215134657615
31170510,고천동,0,8873287.37462324,0.8764238141967475,1.8351431546723311,0.675486049493209,0,90.57,0,0,1894,8297,3350,10239,1584,0.0011539128135611,0.0001785133212892,0.0,96.61294698163772
31170520,부곡동,0,11208847.828714851,1.9803918225833184,3.0005057747389983,0.9581516615661588,0,68.47,0,2,4373,17034,7557,16683,2660,0.0014883777757466,0.0002373125267329,1.7843047122779305e-07,94.06095074111153
31170530,오전동,0,6738431.608879212,2.057907926941254,2.3356051009074696,0.9281851596338418,0,95.28,0,0,5936,21261,9993,9780,2408,0.0014513763094513,0.0003573531853945,0.0,94.67830181251745
31170540,내손1동,0,1994722.677601508,3.359359798948685,2.563744828527012,3.447827132287371,0,95.23,0,0,3017,11787,5330,4562,1481,0.0022870347097384,0.0007424590980102,0.0,90.62906824023692
31170550,내손2동,0,1409711.5794499232,6.141353836536522,3.858434589908814,2.732113941503917,0,90.74,0,0,3972,12887,4843,2810,1080,0.0019933155412375,0.000766114158198,0.0,87.26809763205074
31170560,청계동,0,23638158.13714876,0.8963473564058552,1.1544472991952646,0.2994044619165715,0,81.87,0,0,5830,22085,9424,17565,3434,0.0007430782000052,0.0001452735860414,0.0,97.64980088248232
31180510,천현동,0,34509633.489702605,0.3558245231396977,1.7827376576496785,0.599991707982212,0,0.0,0,2,555,3434,2418,11390,2282,0.0003300527663788,6.612646293911725e-05,5.795483167319654e-08,97.2614461112284
31180520,신장1동,0,207611.89902107976,16.349731884168463,25.276116539542915,1.6944778406146217,0,41.88,0,1,585,4296,2038,2555,1052,0.0123066163930108,0.0050671469453805,4.816679605875089e-06,56.679673735674
31180530,신장2동,0,4336345.137991096,3.300244712815651,4.452451632517927,1.543236429245754,0,94.22,0,2,7306,25223,13244,12697,3340,0.0029280418407499,0.0007702338936839,4.612179004095441e-07,90.70406722542069
31180540,덕풍1동,0,937983.6764991533,7.592829370448663,5.039439880878035,1.977339612351675,0,81.42,0,1,1611,7974,4883,1784,818,0.001901952075157,0.0008720834066583,1.0661166340566286e-06,85.39039113632163
31180550,덕풍2동,0,486010.3568148008,21.9505856510828,8.572617797858273,2.098945381053116,0,66.0,0,1,1897,10042,6084,2533,1169,0.0052118230906612,0.0024052985365112,2.0575693212243303e-06,67.37785117000581
31180560,덕풍3동,0,2167794.388933908,7.219582057425285,8.1054101510373,1.5978556892391431,0,81.35,0,2,3968,14348,6794,15718,3714,0.007250687648314,0.0017132621151443,9.225967232871872e-07,83.07715210229827
31180590,춘궁동,0,14492956.246925466,0.5993684263219937,4.351988821088265,0.2226344170595271,0,0.0,0,0,115,971,767,5529,1514,0.0003814956662943,0.0001044645394772,0.0,94.82600833553022
31180600,초이동,0,6148395.408656247,0.7409989825030685,6.913278882984127,0.7220785975471752,0,27.85,0,0,275,1750,1184,7897,1724,0.0012844001524152,0.000280398361753,0.0,91.62364353696564
31180610,풍산동,0,2676723.1204991126,2.465574305087203,7.876299412279426,1.6590006175459058,0,98.22,0,0,7152,17884,4813,19249,5008,0.0071912555514291,0.0018709443504367,0.0,87.99912566508746
31180620,미사1동,1,6648267.66985813,1.65638971710737,4.0084664858354095,2.020325918746225,0,98.15,3,2,8986,37372,7571,15839,5077,0.0023824251348643,0.0007636575800054,3.0083024621053964e-07,92.314817878311
31180630,미사2동,1,5142285.232921716,2.241338604469599,2.5197284828967272,1.2493540445607791,0,97.86,3,1,10906,26908,9087,10371,3842,0.0020168076118343,0.0007471386408897,1.944660699869192e-07,93.9895788680729
31180650,위례동,0,4774159.197031717,2.221486512852483,0.9220597670946686,0.6976948165731536,0,99.38,0,0,8714,21267,5112,3479,1251,0.0007287147027178,0.0002620356691865,0.0,96.1587589034797
31180660,감북동,0,4506469.426701163,0.9297086335663648,6.002357908581367,0.3298291176189842,0,0.0,0,1,213,1641,958,6234,1206,0.0013833445674898,0.0002676152628156,2.2190320299805158e-07,92.73810434023328
31180670,감일동,0,5726937.36428339,1.618762377167794,2.0952792560997886,0.6884365262122222,0,97.78,0,1,10175,23800,5540,5333,1768,0.0009312132577615,0.0003087164897285,1.7461339916773888e-07,95.5975218405202
31191110,포곡읍,0,41755865.99520572,1.0566061614891482,1.7478794772311148,0.2334458096774085,0,35.88,0,3,5181,19921,7778,15327,3962,0.0003670621991591,9.48848719950858e-05,7.18461928281821e-08,96.96206855160231
31191120,모현읍,0,50248863.02394304,0.9861010345780346,1.7755021813611165,0.2758280585875983,0,16.42,0,0,3816,15072,7399,17413,4605,0.0003465352040244,9.164386461450584e-05,0.0,96.96256872547325
31191130,이동읍,0,75854419.87225857,0.5882026714346659,0.7476944348532286,0.2096521998074624,0,45.84,0,0,2861,11054,6151,16470,3561,0.0002171264380867,4.694518797976935e-05,0.0,98.45445069390465
31191140,남사읍,0,58739003.53951234,0.684364039436613,1.1323939351953394,0.3262268324819392,0,75.21,0,0,5236,12888,5757,16550,2706,0.0002817548647869,4.606819722740575e-05,0.0,97.85701519288612
31191340,원삼면,0,59940611.91746452,0.8484918203272861,0.9683650031859312,0.247684495371057,0,1.35,0,0,845,3641,3428,6514,1502,0.0001086742325715,2.5058135910723346e-05,0.0,97.93545868111572
31191350,백암면,0,65662069.23332119,0.7014486364633088,1.1426376039932222,0.2403116139166908,0,7.77,0,0,566,3720,3759,8196,1465,0.0001248209216629,2.231120671500771e-05,0.0,97.91560214562678
31191360,양지면,0,57646834.31175304,1.0328829014903718,1.3103950616310769,0.2162603421401169,0,9.43,0,0,2790,11523,5533,13259,2772,0.000230003956996,4.808590156067536e-05,0.0,97.44046169473845
31191510,중앙동,0,7981369.663017593,3.1207269288137804,3.3264095258629127,1.421900409964937,0,62.18,0,5,3317,15302,6229,15070,3673,0.0018881471020956,0.000460196702455,6.264588925334073e-07,92.13096313535836
31191530,유림동,0,13648710.17328235,2.2098349380857982,1.8778508212982887,0.6253493803104301,0,69.69,0,5,6973,22741,7419,10230,2337,0.0007495213738231,0.0001712249707355,3.663349823182521e-07,95.28696486030547
31191540,동부동,0,23542090.90171641,0.9343146143484276,0.7699895433722469,0.3497704370349561,0,44.25,0,2,1523,7272,3971,8043,2462,0.0003416434009015,0.000104578646403,8.495422128598334e-08,97.94592540524437
31191550,역북동,0,6040955.100098998,3.063787691295444,2.397565319452005,0.742715013676683,0,77.07,0,4,6856,22876,5731,8463,2656,0.0014009374113453,0.0004396655753908,6.62146950889906e-07,93.79593197557588
31191560,삼가동,0,6436545.280696667,1.3416343519675924,1.590687458332974,0.9046362398895724,0,76.15,0,3,2057,7541,2761,7168,957,0.0011136408876802,0.0001486822446302,4.660885411607997e-07,96.16304194980988
31192520,구갈동,0,4242986.590265271,4.108254201018801,3.0762766978128204,1.5007907521146957,0,87.06,0,5,6730,27008,7277,21693,8416,0.0051126722977912,0.0019835085077311,1.178415225600705e-06,91.31467834905368
31192540,기흥동,0,11733247.378768804,1.5629231035994329,4.199056645012194,0.8173042866349779,0,71.34,0,0,3378,12288,5627,16165,3552,0.0013777089562806,0.0003027294904243,0.0,93.4207159647534
31192550,서농동,0,4232600.771490539,3.3747716111702264,3.228069187278955,2.103794623835689,0,86.4,0,0,5147,16363,3730,25559,2098,0.0060386040120053,0.0004956763260372,0.0,91.29336457771512
31192560,구성동,0,6907461.005244673,2.9426405721209177,2.0463085418153595,1.1671625153948335,0,90.5,0,0,7236,21773,10294,9102,2462,0.0013177055929922,0.0003564261887438,0.0,93.84388837066888
31192570,마북동,0,5376911.936709468,2.596373840115449,2.805931387870684,2.5210005103548467,0,91.16,0,2,5023,17895,8531,12425,1802,0.0023108059321463,0.0003351366027949,3.719607134239638e-07,92.076694261659
31192590,보정동,0,6803372.9756962,3.312663772093512,3.860507907885314,0.8440206137763325,0,88.48,0,4,6994,20194,8138,15584,3658,0.0022906284949609,0.0005376744760374,5.879436588708845e-07,91.98280770624484
31192600,상하동,0,5514446.80534509,2.1757918783436576,2.7138183565851337,0.7958812040330718,0,86.5,0,4,3879,13823,5918,5883,1559,0.0010668341191154,0.0002827119482748,7.253674105833412e-07,94.31450856103814
31192610,신갈동,0,4846720.197604426,3.878305398216989,5.172789575305823,1.2495719005038828,0,82.68,0,3,5989,22731,8521,9949,2497,0.0020527283594577,0.0005151937595302,6.189752817743866e-07,89.69933312597331
31192630,영덕1동,0,3617278.079594159,5.782286276551772,4.523460954028472,1.1547140108028728,0,90.8,0,0,6302,19575,5476,18607,3411,0.0051439230245843,0.0009429742267349,0.0,88.53953875861689
31192640,영덕2동,0,5909208.583644731,1.8809921528050515,2.867848370021084,1.5531980438093511,0,89.02,0,1,3358,11932,3909,10563,1653,0.0017875490178529,0.0002797328908937,1.692273992097804e-07,93.69796143336453
31192650,상갈동,0,2005161.300450495,3.227489267763954,3.279190711927745,2.19911822293582,0,84.96,0,4,1790,8099,3007,3761,909,0.0018756595786764,0.0004533301135381,1.994851984766203e-06,91.29420179737248
31192660,보라동,0,10149303.402139,1.98993721540692,1.9990702929896595,0.6179150143002818,0,85.21,0,2,6418,19013,7475,9953,2349,0.0009806584359171,0.0002314444555379,1.9705785912129918e-07,95.39307747730314
31192670,동백1동,0,4011537.127583181,4.006449603406943,1.6235253884114385,0.9849859179909862,0,88.24,0,0,7756,19079,5188,3766,1425,0.0009387922584825,0.0003552254297232,0.0,93.38503909019065
31192680,동백2동,0,4661160.567013601,4.826233122268505,2.3139103174792623,0.8534738683063234,0,81.63,0,3,6330,15959,4605,14005,4182,0.0030046165109782,0.0008972014458344,6.43616532162431e-07,92.0063826919459
31192690,동백3동,0,1686235.1944846672,5.505870366212518,5.271675928000511,1.2918781387371767,0,91.65,0,2,6336,15110,5452,5312,1294,0.0031502129817613,0.0007673899846384,1.186074164819791e-06,87.9305755670498
31193510,풍덕천1동,0,1904963.2366430787,6.974285854479373,7.154244189492065,1.5204839140352149,0,90.33,0,2,5591,21890,7708,9006,3170,0.0047276502909437,0.0016640741086266,1.0498890275246969e-06,84.35098604199335
31193520,풍덕천2동,0,1484197.9987261407,8.157516725873206,5.09300640989736,3.5123812624190176,0,98.56,0,2,9692,25886,5872,7794,2091,0.0052513209198751,0.0014088416786578,1.3475291044072877e-06,83.23709560181041
31193530,신봉동,0,6658876.25306837,3.3637124366069027,1.537535406110291,0.902682033995537,0,87.51,0,0,8927,23852,8538,6187,2203,0.000929135752769,0.0003308366030952,0.0,94.19607012328729
31193550,죽전2동,0,1106248.387983261,6.748768411260185,8.228657850114333,2.0958939657594766,0,94.6,0,3,2656,11496,3851,6260,1613,0.0056587653079935,0.0014580812207337,2.7118683584633398e-06,82.92667977286601
31193560,동천동,0,16607758.037398234,2.4340832846071225,1.5922046755474026,0.3788861462053747,0,81.35,0,2,10740,30408,9645,15519,3902,0.0009344428046846,0.0002349504364894,1.2042564658607677e-07,95.5948258936401
31193580,상현2동,0,1565368.033152674,6.907498112244904,2.3978298958156548,1.474037816953766,0,97.1,0,1,6953,19071,7086,4621,1768,0.002952021442947,0.0011294468537395,6.38827405961266e-07,89.22063417498568
31193590,성복동,0,4973966.243602308,4.904665482902624,2.321326516241949,0.7540081171602455,0,94.1,0,1,11836,30131,12729,8828,2833,0.0017748411564588,0.0005695655863443,2.010468006863185e-07,92.01999988369518
31193600,죽전1동,0,2351347.889596552,4.550872222160171,2.886052643670374,1.362925821999848,0,96.52,0,1,5365,16608,6460,11067,2548,0.0047066621017325,0.001083633779273,4.252879824462422e-07,91.2001493121696
31193610,죽전3동,0,2081491.0049192389,4.53948915432344,2.7069385891357984,3.181185754359407,0,91.4,0,1,5049,16308,5227,7393,2414,0.003551780902484,0.0011597455834703,4.804248481650274e-07,89.57238650218136
31193620,상현1동,0,672032.8992040915,9.96421276848736,3.1118706051588534,3.69563052934136,0,99.2,0,1,4451,11587,4050,2220,779,0.0033034097030014,0.0011591694408279,1.488022388739375e-06,83.22828609701243
31193630,상현3동,0,2700834.9963586945,2.822698366604231,2.92198379870704,1.3494883238683677,0,100.0,0,1,5631,17285,4843,13144,2545,0.0048666431002531,0.0009423011784954,3.7025586581354e-07,92.90582951082035
31200110,문산읍,0,47799684.03299502,0.0,0.0,0.0,0,78.57,0,3,8699,26207,11993,14332,4128,0.0002998346179465,8.636040349450161e-05,6.27619211442599e-08,100.0
31200120,파주읍,0,32119020.85675943,0.1044445113254141,0.2841842160081133,0.0527322611480188,0,20.78,0,2,1392,7467,5252,9210,1818,0.0002867459765062,5.660197451557235e-05,6.226839880701028e-08,99.55863901151844
31200130,법원읍,0,71569150.41941084,0.2612095007482319,0.3137412315772005,0.044277363825015,0,16.88,0,0,768,4712,4376,6699,1466,9.360178178365208e-05,2.048368593742856e-05,0.0,99.38077190384956
31200150,조리읍,0,27396206.715742268,1.3151290041900523,2.0861036573255114,0.3505350045016818,0,65.52,0,0,3750,15240,9386,14664,4201,0.000535256583225,0.0001533423967627,0.0,96.24823233398276
31200310,월롱면,0,27158558.26363144,0.0099097463428942,0.1199507374792039,0.0027520741908071,0,0.0,0,1,336,6015,2404,33378,2723,0.0012290048564427,0.0001002630542301,3.6820805813493854e-08,99.86738744198708
31200320,탄현면,0,61697503.60622701,0.0,0.0,0.0,0,25.63,0,0,1379,7149,4535,19419,4128,0.0003147453116407,6.690708308630334e-05,0.0,100.0
31200350,광탄면,0,65677077.74454588,0.6938186403380076,1.2188174938238492,0.2139644714700305,0,8.88,0,0,928,5088,4670,14586,3266,0.0002220866168365,4.9728156491717936e-05,0.0,97.8733993943681
31200360,파평면,0,42091800.54973947,0.0,0.0,0.0,0,2.25,0,0,221,1538,1899,2289,579,5.438113765873634e-05,1.3755648188907096e-05,0.0,100.0
31200370,적성면,0,88939658.54823273,0.0028636649362229,0.0042511544256096,0.00038947279088,0,23.54,0,0,861,3372,2745,3189,1039,3.5855770665796067e-05,1.168207768007592e-05,0.0,99.99249570784728
31200390,장단면,0,144426763.16790932,0.0,0.0,0.0,0,0.0,0,1,67,324,328,214,68,1.4817198371411991e-06,4.70826864138325e-07,6.923924472622426e-09,100.0
31200520,금촌2동,0,2756472.00054026,0.0063584591069994,0.0420983721190933,0.0634291983575292,0,98.47,0,1,6255,18448,6803,8816,2916,0.0031982911483374,0.0010578739778303,3.627825712724001e-07,99.88811397041638
31200530,금촌1동,0,4507337.554079176,0.0,0.0,0.0,0,52.22,0,1,2116,12946,6532,15301,4409,0.0033946869557436,0.0009781827846463,2.2186046374378454e-07,100.0
31200540,금촌3동,0,16959650.093190353,0.0,0.0,0.0,0,82.91,0,1,4184,15085,6452,7349,1903,0.000433322619253,0.0001122075036655,5.896348064403351e-08,100.0
31200550,교하동,0,36931341.640256986,0.0,0.0,0.0,0,67.32666666666667,0,0,700,4000,2715,41469,9604,0.0011228674117483,0.00026005012473,0.0,100.0
31200560,운정1동,0,9692443.526183516,1.0994590518693832,2.7656004860750585,0.1302433608128799,0,47.97,0,0,10088,29115,8395,18284,6442,0.0018864180070369,0.0006646414789614,0.0,96.00469710124268
31200570,운정2동,0,3187423.0586534487,0.0114602640469987,0.0,0.0,0,96.13,0,0,16387,38950,9523,8588,3516,0.0026943395470073,0.0011030854503118,0.0,99.988539735953
31200580,운정3동,0,5861651.273156567,5.686245459439803,3.364794475195799,0.8276664753775429,0,90.94,0,0,15944,42181,11331,13743,5115,0.0023445611756046,0.0008726210007434,0.0,90.12129358998686
31210110,장호원읍,0,60421749.99044691,0.8797513992725418,0.6019534150449604,0.5181653406402922,0,38.02,0,0,1980,6874,5268,4665,1669,7.720729705340868e-05,2.762250349027633e-05,0.0,98.0001298450422
31210120,부발읍,1,41927821.03279995,1.2913977023900105,1.6384805778836824,0.3451845758165401,0,65.52,0,1,6765,22717,7013,45107,3453,0.0010758250462074,8.235581804496612e-05,2.3850512031556943e-08,96.72493714390976
31210310,신둔면,0,36431345.06992825,1.2239252238408749,1.252444192926547,0.1746029050082715,0,18.22,0,1,1892,7774,4345,8045,1987,0.0002208263237208,5.454094533664628e-05,2.7448890456289017e-08,97.3490276782243
31210320,백사면,0,32531668.95217036,1.3465241763158478,1.2046750790773186,0.2500680290979306,0,22.37,0,0,1448,6140,3844,6073,1261,0.0001866796323584,3.876222894846237e-05,0.0,97.1987327155089
31210330,호법면,0,37936513.73536746,0.7164184943146448,1.6332626020233216,0.3771416405480314,0,13.63,0,0,709,2976,2239,8547,1471,0.0002252974551014,3.877530788044522e-05,0.0,97.273177263114
31210340,마장면,0,51444305.15880255,0.8390630106427054,2.1799410667240324,0.2713429756510921,0,53.62,0,0,2893,9415,3392,14102,2225,0.0002741216925073,4.325065705778809e-05,0.0,96.70965294698216
31210350,대월면,0,31383807.1282714,1.0528298043441175,1.556450859967757,0.3852340662053743,0,50.2,0,0,2032,9106,3196,8102,1236,0.0002581586092115,3.938336719148976e-05,0.0,97.00548526948276
31210360,모가면,0,41067977.05867023,0.7233650449018876,0.7981401634164803,0.2869657749042907,0,0.0,0,0,279,1795,2078,4677,758,0.0001138843530889,1.845720325880496e-05,0.0,98.19152901677734
31210370,설성면,0,51753283.86745597,0.5874295869991134,0.6276460657806615,0.5418896370552108,0,4.54,0,0,306,1824,2371,3229,922,6.239217608430581e-05,1.781529462673582e-05,0.0,98.24303471016502
31210380,율면,0,36770354.881481096,0.6277318293393815,0.2905003790604667,0.5208656813174368,0,0.0,0,0,140,902,1540,1175,406,3.195509001169455e-05,1.1041503442338712e-05,0.0,98.56090211028273
31210510,창전동,0,1133956.134643103,15.358765326980532,14.236530527733889,2.06106921549196,0,34.57,0,0,1986,9434,4598,9109,3037,0.0080329385958008,0.0026782341108186,0.0,68.34363492979362
31210520,중리동,0,22011566.870611835,1.1986293984024947,1.364601906401936,0.2891036538981798,0,47.27,0,1,1730,9942,3972,13571,2563,0.0006165394803453,0.0001164387803496,4.5430659519957645e-08,97.1476650412974
31210530,관고동,0,7757836.099715007,1.640788424949727,1.8717296893364297,0.4061334008280488,0,37.7,0,0,1136,5630,2843,5958,1447,0.0007679976637056,0.0001865210841527,0.0,96.0813484848858
31210540,증포동,0,8929579.49987252,3.462441635156861,2.6430341835880395,1.315090578091731,0,87.38,0,0,14086,35601,7887,10838,3635,0.0012137189662897,0.0004070740397179,0.0,92.57943360316337
31220110,공도읍,0,31907036.193342377,1.870782665984146,2.128575224895274,0.659703267097973,0,85.09,0,0,12237,37121,11992,17826,4786,0.0005586855479768,0.0001499982627968,0.0,95.3409388420226
31220310,보개면,0,53011028.09773208,0.6181041917239856,0.6297306947408869,0.4263196445091466,0,9.81,0,0,402,2176,2532,4774,864,9.005673293484645e-05,1.629849544526756e-05,0.0,98.32584546902598
31220320,금광면,0,71388246.01541582,0.4270321679220443,0.2815582853241499,0.2200481763861511,0,52.41,0,0,851,3503,2987,2052,627,2.874422772001706e-05,8.782958470005212e-06,0.0,99.07136137036764
31220330,서운면,0,36334081.27170009,0.6640975492355875,0.5857693663191571,0.1981207787290723,0,0.0,0,0,163,1253,1665,5331,763,0.0001467217503074,2.099956771424068e-05,0.0,98.5520123057162
31220340,미양면,0,33575947.09699911,0.8359383321149152,1.3464834338022944,0.3625515495106521,0,31.51,0,0,396,2599,2538,11665,1345,0.000347421324149,4.00584381466282e-05,0.0,97.45502668457212
31220350,대덕면,0,31033049.184960887,1.1648186042992577,1.360847417158651,0.5575157094543715,0,56.93,0,0,2090,9320,3797,9889,1939,0.0003186602754069,6.248177510507236e-05,0.0,96.91681826908771
31220360,양성면,0,53118291.48539022,0.6579697978831254,0.8780217146019578,0.1974211754864518,0,0.0,0,0,362,2197,2572,6835,1294,0.0001286750723501,2.436072328033482e-05,0.0,98.26658731202846
31220380,원곡면,0,38084662.38264991,0.6484046441627412,1.7568259171146554,0.1614777016583848,0,44.4,0,0,666,3746,2083,12315,1783,0.0003233585183521,4.681674691205367e-05,0.0,97.43329173706422
31220390,일죽면,0,55412334.599525385,0.8182182838776343,1.3713282330053012,0.5408690525439347,0,16.87,0,0,638,3082,3559,5301,1489,9.566462121313415e-05,2.687127353072189e-05,0.0,97.26958443057312
31220400,죽산면,0,57191281.01059364,0.598939653074045,0.6773731769035853,0.2240924025948027,0,17.01,0,0,557,3165,3112,6089,1194,0.0001064672777459,2.0877308199804524e-05,0.0,98.49959476742757
31220410,삼죽면,0,39199112.81029733,0.6490000299553979,0.6326675430991864,0.4665532228589752,0,0.0,0,0,276,1729,1734,3244,731,8.275697502896026e-05,1.8648381241112808e-05,0.0,98.25177920408645
31220420,고삼면,0,27751075.68435294,0.4918830278388726,0.4285481976730059,0.1398723893693867,0,0.0,0,0,123,802,962,1794,354,6.464614274432885e-05,1.2756262280653518e-05,0.0,98.93969638511874
31220510,안성1동,0,6531805.811059074,3.226564377059144,2.54734643921695,0.8773363820731723,0,46.88,0,0,1464,6223,4115,7483,1548,0.001145624995054,0.0002369941858003,0.0,93.34875280165072
31220520,안성2동,0,10121451.683984298,2.184734561779539,2.7564472059949487,0.8758456986180225,0,84.79,0,0,4561,15987,5617,11118,2920,0.0010984590300995,0.0002884961654875,0.0,94.18297253360748
31220530,안성3동,0,8237833.871643173,2.3078529428366483,2.539266209988486,0.7488994364541437,0,79.62,0,0,3842,12858,5380,11102,2341,0.0013476843758894,0.0002841766460058,0.0,94.40398141072072
31230110,통진읍,0,29391739.486798048,0.0,0.0,0.0,0,65.47,0,0,4781,19365,10443,23607,5755,0.0008031848543906,0.0001958033141448,0.0,100.0
31230120,고촌읍,0,24931944.62972297,1.2209315818709594,2.886133231357592,0.6420909049533711,0,88.95,0,1,11172,27927,9298,18396,5416,0.0007378485823388,0.0002172313503994,4.010918581968271e-08,95.25084428181808
31230130,양촌읍,0,36346070.76273342,0.3720216154641503,1.3390318335812166,0.1984742581295202,0,76.02,0,2,4471,16783,8971,37925,7880,0.0010434415386346,0.0002168047283965,5.5026580811318464e-08,98.09047229282513
31230340,대곶면,0,43210782.23574104,0.4738297630457545,0.8229741501177267,0.1372295416383503,0,0.0,0,0,721,4722,4143,32338,7391,0.0007483780280479,0.0001710452719804,0.0,98.56596654519817
31230350,월곶면,0,51950885.21737623,0.0,0.0,0.0,0,0.0,0,0,294,2281,2629,10626,1968,0.0002045393443352,3.788193390285823e-05,0.0,100.0
31230360,하성면,0,56226262.849546544,0.0,0.0,0.0,0,2.66,0,0,614,3503,3801,11427,3005,0.0002032324294889,5.344477558539533e-05,0.0,100.0
31230530,사우동,0,3294231.3390382547,4.320361586426012,5.303813920991225,1.1750070131506962,0,68.14,0,2,3122,12543,5748,10906,3213,0.0033106357379111,0.0009753413374205,6.071219031562687e-07,89.20081747943206
31230540,풍무동,0,4423828.458886347,4.496428378100803,4.730051493338396,1.6628847232628283,0,95.24,0,1,12180,36031,12053,11452,4349,0.002588707972383,0.0009830851355129,2.26048548059994e-07,89.11063540529797
31230560,장기동,0,3688192.728419128,5.433080294407346,4.221281455081565,0.9953142268190892,0,90.05,0,1,10016,23903,6851,11456,4407,0.0031061283516166,0.0011948941729726,2.711355055531274e-07,89.350324023692
31230600,운양동,0,7932758.967544997,1.2371733239569722,0.6969473782638458,0.1606572122379836,0,85.73,0,1,12387,29258,7662,9736,3600,0.0012273157472476,0.0004538143683331,1.2605954675920476e-07,97.9052220855412
31230610,김포본동,0,11751214.622364266,2.413491906108984,2.9904504047953524,0.983907108241087,0,92.13,0,2,10804,34199,13561,12840,4188,0.0010926530075923,0.0003563886912614,1.7019517252216702e-07,93.61215058085456
31230620,장기본동,0,2528918.42993254,3.99793338163166,2.024630192934607,1.0287224846839595,0,96.4,0,1,9768,22910,6576,8092,2492,0.00319978687497,0.0009854014943679,3.9542596082180523e-07,92.94871394074976
31230630,구래동,0,2118932.2965271124,4.546285049311641,7.931772033124964,1.913840698701015,0,99.4,0,2,10045,29164,5991,15116,6330,0.0071337814920766,0.0029873535885714,9.4387159196569e-07,85.60810221886238
31230640,마산동,0,3032802.478590331,5.1576411912519005,1.9860422284679515,1.1055178763193407,0,93.73,0,2,8547,20789,6145,3976,1782,0.0013109986647844,0.0005875753573053,6.594560688050546e-07,91.7507987039608
31240120,봉담읍,0,42759959.70879833,1.302301142988191,1.7426622304188448,0.7618237363849748,0,89.4,0,0,19612,57940,17233,34557,10022,0.0008081625949914,0.0002343781441387,0.0,96.193212890208
31240130,우정읍,0,91273926.43156806,0.7524572738945863,0.6705976423480612,1.042932861808609,0,23.46,0,0,1980,9365,6066,28374,3067,0.0003108664337045,3.360214816987329e-05,0.0,97.53401222194874
31240140,향남읍,0,49966088.56104591,1.5536352123719066,1.7999017528497758,0.3953913125100351,0,83.55,0,0,18815,53241,13212,50522,10879,0.0010111257745994,0.0002177276691711,0.0,96.25107172226828
31240150,남양읍,0,74344481.71977885,0.9743833043327002,1.3374952714184691,0.5338838076370342,0,79.99,0,0,9779,35993,11544,46657,6683,0.0006275785225842,8.989234769554031e-05,0.0,97.1542376166118
31240310,매송면,0,27488618.78498768,0.585378134765135,0.7557969063613519,0.1700616195101614,0,28.35,0,2,557,3332,2780,3865,908,0.0001406036451023,3.303185245871846e-05,7.275738427030498e-08,98.48876333936336
31240330,비봉면,0,38708786.88427781,0.6324536481193984,0.6768944478217066,0.140304007741475,0,55.13,0,1,547,3890,3059,8345,1946,0.0002155841262849,5.027282321755984e-05,2.583392765547782e-08,98.55034789631742
31240350,마도면,0,32194627.280707043,0.9264032185690012,1.059350593649186,0.2038107493943673,0,4.22,0,0,488,3588,2729,19965,2951,0.0006201345282216,9.166125683857504e-05,0.0,97.81043543838744
31240360,송산면,0,108619262.61807492,0.488067597516649,0.4565941522718453,0.5050790819833197,0,13.22,0,0,1003,5066,4686,9943,2525,9.153993279222013e-05,2.3246337151800843e-05,0.0,98.55025916822818
31240370,서신면,0,47534348.43311581,0.9002231071867545,0.9103709591560476,0.5713031428165167,0,0.0,0,0,414,3144,3589,9733,2100,0.0002047571981278,4.41785796844235e-05,0.0,97.61810279084068
31240380,팔탄면,0,50883744.05840203,0.6877469609118084,1.614501566184288,0.2797129501696363,0,17.3,0,0,667,5223,3917,38340,7455,0.0007534822900608,0.0001465104452896,0.0,97.41803852273426
31240390,장안면,0,68045875.90997118,0.7339189636461024,1.0180314153757437,0.4813696314294236,0,13.1,0,0,810,4880,4260,24354,3951,0.0003579055993373,5.806376870255638e-05,0.0,97.76667998954872
31240420,양감면,0,31042737.174984105,0.6418657985213977,1.8308021897560165,0.1833866490448948,0,2.11,0,0,214,2011,1734,17823,2710,0.0005741439583606,8.729900281419094e-05,0.0,97.34394536267769
31240430,정남면,0,40612366.71149052,0.9689472621757064,2.3469613638447493,0.2747117997194566,0,27.79,0,0,895,5903,4170,31890,6417,0.0007852288005409,0.0001580060587353,0.0,96.40937957426009
31240520,진안동,0,6982087.673292674,3.4632097337381302,5.138687495392126,1.119340010098587,0,79.88,0,2,9416,33838,7116,16369,4691,0.0023444277365049,0.0006718620876012,2.864472767432263e-07,90.27876276077116
31240530,병점1동,0,1510402.7468653468,8.71558779191527,5.1552335920936585,1.592288569502064,0,91.29,0,1,6850,24042,5684,7911,2283,0.0052376758559039,0.0015115173782111,6.620750671095871e-07,84.536890046489
31240540,병점2동,0,995095.6259670424,6.934794806701433,4.145081253244489,3.2503958906034214,0,98.75,0,0,5120,14048,3756,4601,1599,0.0046236762376304,0.0016068807441797,0.0,85.66972804945065
31240550,반월동,0,3967704.527482923,2.633356986304144,6.255490271899252,1.1016514051134516,0,98.46,0,0,9280,23261,4724,67487,2728,0.0170090790612987,0.0006875511977006,0.0,90.00950133668314
31240560,기배동,0,4245985.61697042,2.328856216009678,2.453979643289904,0.8541415103196972,0,88.53,0,0,3140,9783,3126,5993,1488,0.0014114508480747,0.0003504486671008,0.0,94.36302263038073
31240570,화산동,0,11598504.046685126,1.906388409583784,2.75552237437092,0.8445691539079265,0,75.49,0,0,4146,16834,6224,13082,2712,0.001127904076882,0.0002338232576443,0.0,94.49352006213736
31240600,동탄2동,0,2384234.5617707144,7.542354907103338,3.7902570357817216,1.8948167825108264,0,86.6,0,0,9427,20820,4162,5213,1591,0.0021864459493895,0.0006673001161478,0.0,86.77257127460412
31240610,동탄1동,0,4856516.49437475,3.459077466000565,5.757925945347163,1.7195969002870275,0,93.08,0,0,11543,34118,4714,34768,6279,0.0071590408557656,0.0012929020229335,0.0,89.06339968836525
31240620,동탄3동,0,1867731.413527176,5.936393853480122,7.637835713701559,2.087474066365208,0,96.6,0,1,9569,26871,4456,7241,2331,0.0038768957610916,0.0012480381189206,5.354088884258602e-07,84.33829636645311
31240640,동탄4동,0,4242156.614721621,3.252672279345049,1.3580473422021873,1.0319280417123404,0,99.83,0,0,17108,32527,3805,6247,2134,0.0014726000398726,0.0005030460197035,0.0,94.35735233674042
31240650,동탄5동,0,11391996.081340097,1.5477740570420897,3.1184150201763563,0.7171895290244777,0,95.57,0,0,10548,30820,5529,44753,10334,0.0039284599187376,0.000907128121025,0.0,94.61662139375709
31240670,새솔동,0,3127836.661510595,2.844548747249924,2.115935578383961,0.853305068694288,0,90.77,0,0,7318,15873,2564,3830,1593,0.001224488492995,0.0005092976943449,0.0,94.18621060567185
31240690,동탄7동,0,14731362.747332282,1.837178358980441,2.290715404720961,0.8254550614423181,0,96.95,0,0,14957,36234,5689,20803,5136,0.0014121572020723,0.0003486439162545,0.0,95.04665117485628
31240700,동탄6동,0,9494185.934319016,1.5976703755181374,4.103567669008915,0.6114894453490543,0,90.75,0,0,10179,29388,3773,30607,4585,0.0032237624385816,0.0004829271336915,0.0,93.68727251012388
31240710,동탄8동,0,6542727.842816354,2.162845325817823,1.738809300140234,0.524107028317661,0,94.2,0,0,9379,21164,3114,5295,1673,0.0008092954692904,0.0002557037431771,0.0,95.57423834572428
31250110,오포읍,0,46776670.83624439,2.7419780101450395,3.0214705957130694,0.2847355034354068,0,38.3275,0,0,19356,69676,25686,35575,11663,0.0007605286858599,0.0002493336911647,0.0,93.95181589070648
31250120,초월읍,0,55776945.89500146,1.114686505200465,2.1387153815349245,0.2559875397893884,0,53.33,0,2,8436,29989,11981,27951,7181,0.0005011210196523,0.0001287449480205,3.5857108486445016e-08,96.49061057347522
31250140,곤지암읍,0,76152628.51920323,0.6913032713862194,1.378315174665222,0.226992351918582,0,37.97,0,1,2671,12550,6975,20820,4732,0.0002733983107982,6.213836727652967e-05,1.3131523093095874e-08,97.70338920202998
31250340,도척면,0,52128742.93137072,0.6913931636480918,1.4202309415016512,0.1257153586912648,0,11.8,0,0,905,4895,3525,13862,2798,0.0002659185551097,5.367480285651865e-05,0.0,97.762660536159
31250350,퇴촌면,0,60218497.92393492,0.7409550325008081,0.2986900333988933,0.0792428020028196,0,0.0,0,0,2104,7568,6106,3291,1560,5.46509812343125e-05,2.5905661113803557e-05,0.0,98.88111213209748
31250360,남종면,0,48341779.07163794,0.2125269893321465,0.0957955315048739,0.0210508474029691,0,0.0,0,1,65,537,821,538,183,1.1129089792136605e-05,3.785545412566912e-06,2.068604050583012e-08,99.67062663176002
31250380,남한산성면,0,33587833.17142107,0.2913998711218056,0.4106911910997876,0.1865261297999588,0,0.0,0,0,251,1002,1063,1439,477,4.284289470700288e-05,1.4201571073829308e-05,0.0,99.11138280797844
31250540,경안동,0,3190224.36132478,6.64845336913358,6.133540850514826,1.7776225370917826,0,55.64,0,1,5199,17392,6464,12962,3987,0.0040630371196139,0.0012497553615106,3.134575775045499e-07,85.44038324325982
31250550,송정동,0,5083702.133135453,3.7264489379234544,2.3331464496117125,0.89476390056145,0,44.44,0,0,3053,12387,5762,9247,2220,0.0018189500009668,0.000436689629301,0.0,93.0456407119034
31250560,쌍령동,0,3324910.7710484536,3.572121510299834,1.9490460005148424,0.5174740014783348,0,60.15,0,0,3156,10743,3965,2573,985,0.0007738553534719,0.0002962485515623,0.0,93.961358487707
31250570,탄벌동,0,16709886.624188678,2.531002319262869,1.2548518459335487,0.2731459634334701,0,34.21,0,0,6270,24299,10219,8362,3008,0.0005004223061508,0.0001800131902537,0.0,95.94099987137012
31250580,광남1동,0,26058620.7519572,1.5100829227365409,2.488145813812689,0.2134847036842882,0,26.66,0,1,4596,19635,8410,18531,4750,0.0007111274298199,0.0001822813281336,3.83750164491921e-08,95.78828655976648
31250590,광남2동,0,2297851.575231949,4.793047033595794,1.5265447822406648,1.0074160634315583,0,93.38,0,0,8811,19722,5132,4169,1758,0.0018143034323533,0.0007650624691957,0.0,92.67299212073198
31260110,백석읍,0,41108469.20294999,0.9149102994167552,1.4592483323534884,0.2024171254302514,0,64.26,0,0,3148,13139,8857,11000,2882,0.0002675847632683,7.01072079763185e-05,0.0,97.4234242427995
31260310,은현면,0,34576470.83642273,0.7991596618735007,1.871909021835117,0.3873600555650695,0,7.89,0,0,355,2566,2534,12237,2655,0.0003539111917433,7.678632132700093e-05,0.0,96.9415712607263
31260320,남면,0,36438624.18264695,0.7865775243621809,1.3091410831774617,0.2208490616264369,0,15.52,0,0,584,3128,2731,8122,1628,0.0002228953529992,4.467786686564446e-05,0.0,97.68343233083392
31260330,광적면,0,48417051.22427618,0.6069103181863666,1.2575658089755153,0.1008332809814703,0,40.24,0,0,1192,5723,4209,13110,3252,0.0002707723760224,6.716642004767081e-05,0.0,98.03469059185664
31260340,장흥면,0,63881310.76560409,0.4243229031607913,0.6742932779738156,0.261759348411628,0,47.48,0,0,954,5599,5254,6124,1593,9.58652840181923e-05,2.493687090806341e-05,0.0,98.63962447045375
31260510,양주1동,0,23657375.11723606,0.6507349283388972,0.9873926335035512,0.127062311920413,0,31.48,0,1,404,2129,2247,5292,1106,0.0002236934560056,4.675074874193181e-05,4.2270116403193325e-08,98.23481012623714
31260520,양주2동,0,19084782.972793147,1.5579892500756671,2.951627341245658,0.4821565537684247,0,93.77,0,0,10210,28607,11801,14078,4510,0.0007376557553765,0.0002363139264631,0.0,95.00822685491023
31260530,회천1동,0,10544542.357231855,1.221890080554773,2.537633769722812,0.7258942502689296,0,62.98,0,1,1170,5173,2701,6339,1659,0.0006011640700221,0.0001573325748803,9.483578956019964e-08,95.51458189945347
31260540,회천2동,0,11170678.395072106,2.091944739302408,2.425865579472653,0.4163288175078822,0,79.95,0,2,5883,21668,9040,8798,2479,0.0007875976452668,0.0002219202730866,1.7904015577787117e-07,95.06586086371706
31260550,회천3동,0,3567698.4039103044,2.842865702495132,3.816715429915675,1.5897933322116726,0,93.03,0,1,4394,15200,5875,4490,1582,0.0012585144515204,0.0004434231319165,2.80292750895414e-07,91.75062553537752
31260560,회천4동,0,17814533.74866533,1.5489524707328677,1.9817658037928223,0.6004024652042301,0,96.06,0,0,20192,50206,11153,14632,5221,0.00082135183589,0.0002930753099495,0.0,95.86887926027008
31270110,소흘읍,0,46074496.0069859,1.2174495820863716,2.5034916185143463,0.3125781467772909,0,67.35,0,0,6559,24685,12161,22919,6457,0.0004974335475426,0.0001401426072901,0.0,95.966480652622
31270310,군내면,0,36159274.90583915,0.7980205007208205,1.6842487054588142,0.207245763665968,0,53.25,0,0,1021,4544,3051,10733,2254,0.0002968256423267,6.233532076815487e-05,0.0,97.3104850301544
31270320,내촌면,0,52660735.22120598,0.3368053594411382,1.040727722784762,0.0996684796918504,0,2.16,0,0,207,2045,2073,8139,1791,0.0001545553810787,3.4010159419089184e-05,0.0,98.52279843808223
31270330,가산면,0,35747574.29975138,0.6560175899311415,2.672625263267892,0.1698703210766555,0,1.42,0,0,485,3556,3196,16409,3793,0.0004590241525873,0.0001061051015152,0.0,96.50148682572431
31270340,신북면,0,95574184.99914709,0.4257004648304161,0.4916577742795487,0.1362247943469811,0,37.44,0,0,1231,5951,4539,8058,1572,8.431146967218257e-05,1.6447956108795113e-05,0.0,98.94641696654304
31270350,창수면,0,71451601.13740869,0.2100703764819606,0.2608364496809848,0.2798718630044198,0,2.55,0,0,99,764,1200,1687,398,2.3610387635057912e-05,5.570204077506253e-06,0.0,99.24922131083264
31270360,영중면,0,61127861.02468781,0.4428607495833826,0.5224050872964947,0.219152476640869,0,3.16,0,0,342,1874,2414,3810,915,6.232837099372128e-05,1.496862452998818e-05,0.0,98.81558168647923
31270370,일동면,0,83219570.7492473,0.4902990811959768,0.431365212831401,0.1805313206772045,0,15.21,0,0,1016,4154,3933,3430,1134,4.1216266427697375e-05,1.3626602369973418e-05,0.0,98.89780438529542
31270380,이동면,0,112694214.1778765,0.2345618095322099,0.2616054109424093,0.0833823726476864,0,21.09,0,0,659,2764,2291,1944,645,1.725022011273284e-05,5.723452660860433e-06,0.0,99.42045040687768
31270390,영북면,0,81783769.88924664,0.3839997183527026,0.4341941607619083,0.1360312603155103,0,21.97,0,0,882,3608,3263,2994,1072,3.660873060821449e-05,1.3107735207750813e-05,0.0,99.04577486056988
31270400,관인면,0,70004903.25559357,0.2694741435356348,0.2331614128874762,0.1866194339553023,0,1.77,0,0,123,935,1506,710,270,1.0142146720889407e-05,3.856872696676254e-06,0.0,99.31074500962158
31270410,화현면,0,43455300.94997643,0.3412974086539933,0.4544226347195155,0.1060016126948041,0,19.14,0,0,296,1163,1116,2472,441,5.6886040274926966e-05,1.014835912671634e-05,0.0,99.09827834393168
31270510,포천동,0,11332308.01571159,2.4463767027098395,2.546593654543358,0.5892795802171024,0,49.76,0,0,2689,10761,5792,8928,2505,0.000787835980774,0.0002210494099282,0.0,94.4177500625297
31270520,선단동,0,23872168.08500635,1.201557885812249,2.2078171869693883,0.5465181729522037,0,8.3,0,0,1536,8330,4509,11649,2413,0.0004879741110448,0.0001010800523608,0.0,96.04410675426617
31280110,가남읍,0,75084134.9240513,0.7468001761327373,0.7361895333287173,0.3026248221322805,0,39.28,0,0,1786,7473,5209,9518,1813,0.000126764462421,2.414624609890804e-05,0.0,98.21438546840626
31280310,점동면,0,71684320.30807908,0.4970246411274555,0.2520424897461137,0.1886285968065352,0,0.0,0,0,431,1883,2422,2712,587,3.783254117977554e-05,8.188680557716903e-06,0.0,99.06230427231988
31280330,흥천면,0,44058936.82933983,0.8529045708988585,0.5815439525054785,0.2043257666314777,0,0.0,0,0,379,1972,2668,2073,613,4.705061331890951e-05,1.3913181844906672e-05,0.0,98.3612257099642
31280340,금사면,0,41666524.29606764,0.5191726129905663,0.2694842162840136,0.1091229459136951,0,0.0,0,0,189,1081,1648,961,338,2.3064078807515646e-05,8.112027717939946e-06,0.0,99.10222022481172
31280350,산북면,0,32597466.84717549,0.588995368761604,0.3632493826205388,0.1325435510138613,0,0.0,0,0,254,953,1270,1459,363,4.4758079112088185e-05,1.113583462487184e-05,0.0,98.915211697604
31280360,대신면,0,75751818.46525638,0.6404524206578014,0.5679022341477845,0.7935219673468644,0,2.38,0,0,489,2524,3650,3171,1020,4.186038123235237e-05,1.3465023291390544e-05,0.0,97.99812337784756
31280370,북내면,0,65595505.67386849,0.4885472624360108,0.285509903461452,0.4833030547925475,0,0.0,0,0,394,2032,2303,3034,799,4.625316885403938e-05,1.2180712562418413e-05,0.0,98.74263977931
31280380,강천면,0,74215231.08394997,0.4048988741751165,0.1905864299413984,0.5050942184800584,0,0.0,0,0,333,1868,2110,2514,568,3.3874448186463265e-05,7.65341550115797e-06,0.0,98.89942047740342
31280390,세종대왕면,0,52933667.48191298,0.7476436577162653,0.5215404399292,1.0968223011835403,0,2.83,0,1,537,2411,2967,3017,667,5.699586186863616e-05,1.2600676124090265e-05,1.8891568401934427e-08,97.633993601171
31280510,여흥동,0,38700475.81773424,1.3062448521296086,1.4142521454131198,0.3575469421626919,0,45.24,0,1,2766,11615,6536,14511,3768,0.0003749566302062,9.73631440022855e-05,2.5839475584470677e-08,96.92195606029458
31280520,중앙동,0,17769836.58037476,1.4672199482930035,1.9429070816131977,0.7501306249537579,0,69.13,0,1,4564,14171,5520,8986,2291,0.0005056883871357,0.0001289263404104,5.6275137673682976e-08,95.83974234514004
31280530,오학동,0,16812255.61051394,1.4479362088453105,1.5085955079839015,0.4115969150963888,0,60.6,0,0,3394,10396,4214,5118,1688,0.0003044207819916,0.0001004029464638,0.0,96.6318713680744
31350110,연천읍,0,87721770.99344125,0.0395528709413383,0.0525594035911102,0.0580996404063985,0,46.55,0,0,1061,3947,2819,3858,1035,4.397996023459232e-05,1.1798667403525933e-05,0.0,99.84978808506116
31350120,전곡읍,0,55113426.51886343,0.3067297910933366,0.3771442784560835,0.0942723224062018,0,48.71,0,0,2855,9293,5907,7264,2407,0.0001318009142021,4.367356834864422e-05,0.0,99.22185360804438
31350310,군남면,0,45523460.997264855,0.0,0.0054607264838219,0.0036045034692265,0,2.44,0,0,189,1157,1628,1181,429,2.59426672341696e-05,9.423712314529007e-06,0.0,99.99093477004696
31350320,청산면,0,43664948.74003079,0.4698494923919406,0.477111385836043,0.2284426766719787,0,16.15,0,0,278,1888,2010,1952,470,4.470404881547507e-05,1.0763782245529348e-05,0.0,98.82459644510004
31350330,백학면,0,68985443.00602137,0.0,0.0,0.0,0,0.0,0,0,187,972,1349,1590,390,2.3048340790693872e-05,5.653366609038119e-06,0.0,100.0
31350340,미산면,0,41453107.53143159,0.0,0.0,0.0,0,0.0,0,0,100,619,986,488,263,1.1772338168612784e-05,6.344518316281071e-06,0.0,100.0
31350350,왕징면,0,84932051.29074292,0.0,0.0,0.0,0,0.0,0,0,53,317,616,232,112,2.731595392719065e-06,1.318701224071273e-06,0.0,100.0
31350360,신서면,0,149605619.70684728,0.0,0.0001074294618119,0.0014095205190791,0,11.33,0,0,126,878,1471,577,352,3.856806991145085e-06,2.3528527918250773e-06,0.0,99.9984830500191
31350370,중면,0,83428424.969106,0.0,0.0,0.0,0,0.0,0,0,12,70,82,43,33,5.154118637133324e-07,3.955486395939528e-07,0.0,100.0
31350380,장남면,0,35953528.30034178,0.0,0.0,0.0,0,0.0,0,0,42,254,418,277,92,7.704389891472482e-06,2.558858736517936e-06,0.0,100.0
31370110,가평읍,0,144997889.77140915,0.3953160265258905,0.3837695135405804,0.141865043562816,0,45.35,0,0,2837,10512,7307,10408,2905,7.178035498590782e-05,2.0034774330713127e-05,0.0,99.07904941637072
31370310,설악면,0,140914336.17954838,0.4106058232865984,0.3327109581102507,0.1032769112620149,0,6.64,0,0,1164,4238,4243,5890,1619,4.179844407381474e-05,1.148924973777692e-05,0.0,99.15340630734111
31370320,청평면,0,112013999.19042546,0.3699506807939907,0.4169566021435367,0.2165833981328825,0,31.01,0,0,1289,6381,5827,6540,2123,5.83855593699616e-05,1.895298815633463e-05,0.0,98.9965093189296
31370330,상면,0,99857425.6204852,0.4298284102979502,0.3780391996631648,0.1209387185233787,0,1.32,0,0,332,2306,2852,3452,1034,3.456928694636301e-05,1.035476323943782e-05,0.0,99.0711936715155
31370350,북면,0,229667839.92966127,0.1237282166784808,0.1479229386762062,0.0508470854184672,0,2.95,0,0,263,1365,2033,1940,836,8.446981521636052e-06,3.640039459839041e-06,0.0,99.67750175922684
31370360,조종면,0,112619096.41471532,0.3185038245458677,0.2660704398945234,0.1629581701015512,0,9.91,0,0,1227,4639,3487,3565,1145,3.1655377404838285e-05,1.0167014622311314e-05,0.0,99.25246756545806
31380110,양평읍,0,42300814.91700124,1.8533163758860407,1.2789701010859993,0.2924247203288941,0,53.52,0,0,5908,19100,10605,15813,5060,0.0003738225854755,0.0001196194449191,0.0,96.57528880269906
31380310,강상면,0,37875273.72880264,1.1564211878021582,0.3766772658814126,0.0932025793050057,0,32.6,0,0,1621,4735,3676,2434,927,6.426356195937924e-05,2.447507063941847e-05,0.0,98.37369896701142
31380320,강하면,0,41130162.65789634,0.9869869245070244,0.3569650083919697,0.0946899053289662,0,0.0,0,0,360,1923,2597,1398,610,3.39896540557752e-05,1.4830964931346834e-05,0.0,98.56135816177203
31380330,양서면,0,59595327.50033295,1.001207261175525,0.3401437311905673,0.1572919030199584,0,13.74,0,0,1648,6372,5880,3638,1361,6.104505424488295e-05,2.2837360865114265e-05,0.0,98.50135710461394
31380340,옥천면,0,66268283.32538516,0.7147478901074374,0.2690038659896914,0.0737967734219334,0,2.8,0,0,968,3676,3461,2169,930,3.273058982605034e-05,1.4033862857642606e-05,0.0,98.94245147048092
31380350,서종면,0,92731916.32775109,0.725079933692683,0.2816459613365504,0.0782520577280813,0,0.0,0,0,1404,4555,4072,2612,1267,2.816721689183994e-05,1.3663041271807506e-05,0.0,98.91502204724269
31380360,단월면,0,107606229.15607291,0.2877874675701578,0.1860693751930914,0.0871002750802261,0,0.0,0,0,328,1487,2113,1111,420,1.0324681096189084e-05,3.903119766336108e-06,0.0,99.43904288215651
31380370,청운면,0,96373398.9395313,0.3188437770943304,0.1729764048704672,0.1366124931587893,0,0.0,0,0,223,1328,2230,1178,372,1.2223289963436948e-05,3.8599863042432464e-06,0.0,99.3715673248764
31380380,양동면,0,120078338.66148064,0.3382568207257334,0.1596871120523039,0.1133912961236649,0,1.0,0,0,306,1644,2622,1277,421,1.063472408291685e-05,3.5060445097165187e-06,0.0,99.38866477109828
31380390,지평면,0,77621861.9340839,0.6878125799155854,0.3380001953137343,0.1485235561760709,0,0.0,0,0,542,2518,3773,1669,606,2.150167437901827e-05,7.807078893759779e-06,0.0,98.8256636685946
31380400,용문면,0,102248843.60855743,0.7579047222527413,0.4116353003981647,0.141348942078285,0,25.68,0,0,2706,8525,7218,5205,1973,5.090522118691104e-05,1.9296061748660035e-05,0.0,98.6891110352708
31380410,개군면,0,32258729.86476684,1.0839733423654458,0.505624050783295,0.4424020701517198,0,1.08,0,0,464,2072,2578,1338,493,4.1477144500377744e-05,1.5282684782276704e-05,0.0,97.96800053669952
50000005,왕숙1동,0,2835645.316,33.78015767,6.672097113,22.79451815,0,87.468799,0,0,2735,9011,4060,0,0,0.0,0.0,0.0,36.753227
50000006,왕숙2동,0,2798565.831,39.70307257,4.350320088,35.43657401,0,85.953886,0,0,3474,10550,4673,0,0,0.0,0.0,0.0,20.510033
50000007,왕숙3동,0,5906782.137,16.83586644,25.57284233,27.11907316,0,53.509767,0,1,1109,6441,3974,0,0,0.0,0.0,1.6929691612223418e-07,30.472218
50000008,왕숙4동,0,453291.762,0.0,49.78783294,27.38999534,0,0.0,0,0,0,0,0,0,0,0.0,0.0,0.0,22.822172
50000009,왕숙2지구,0,2391501.004,26.71161217,6.614916916,29.53093008,0,73.84519,0,1,1910,6709,3350,0,0,0.0,0.0,4.181474305582186e-07,37.142541
